title,account_name,source,tags,priority,publish_time,author,digest,url,crawled_at,clean_text,ai_summary,importance_score,alert_level,push_status
某铝厂建设中,铝途有你,铝途有你,21C API,normal,2026-09-27T23:43:26+08:00,,某铝厂建设中,http://mp.weixin.qq.com/s?__biz=Mzg3NDYxMTQzNQ==&mid=2247698742&idx=1&sn=e1f343ebee7e93816b67dccb8ee82126,,某铝厂建设中,,,,pending
特朗普称预计本周继续与伊朗谈判,财联社,财联社,21C API,normal,2026-09-27T23:36:12+08:00,,据央视新闻，美国方面当地时间9月27日消息，美国总统特朗普接受采访时表示，预计本周将与伊朗继续举行谈判。此前一天，特朗普拒绝了伊朗提出的结束战争方案。特朗普称，伊朗希望达成协议，但“不是我想要的协议”，并表示伊朗“高估了自己的筹码”。当被问及是否考虑恢复对伊朗发动军事打击时，特朗普说：“我一直在考虑。”,http://mp.weixin.qq.com/s?__biz=Mzg5MzEyNzEwNQ==&mid=2247855069&idx=1&sn=5161433d4c3590c869896e794916b248,,据央视新闻，美国方面当地时间9月27日消息，美国总统特朗普接受采访时表示，预计本周将与伊朗继续举行谈判。此前一天，特朗普拒绝了伊朗提出的结束战争方案。特朗普称，伊朗希望达成协议，但“不是我想要的协议”，并表示伊朗“高估了自己的筹码”。当被问及是否考虑恢复对伊朗发动军事打击时，特朗普说：“我一直在考虑。”,,,,pending
储能电芯冲刺1TWh，2027或迎结构性过剩,高工锂电,高工锂电,"21C API, 新材料, 碳, 量产推进, 产能, 扩产, 磷酸铁锂, 铁锂, 储能, 储能电芯, 储能系统, 大容量电芯, 碳酸锂, 出货, 出货量, 交付, 全球出货, 规划产能, GWh, 订单, 长协, 价格战, 报价, 海外, 政策, 发布, 认证, 落地, 爬坡",normal,2026-09-27T23:33:39+08:00,,以下文章来源于高工储能，作者高工观察高工储能.高工咨询旗下专注于储能领域市场应用、产品技术、供应链的第三方咨询和资讯平台，我们为产业链企业提供行业调研、信息资讯、会议论坛、品牌推广等综合服务。储能电芯迎来淘汰赛行业最煎熬的时刻，可能恰恰出现在出货量突破TWh之后。根据高工产研(GGII)预测，2026年储能电芯出货有望跨过TWh门槛。但市场越大，并不意味着生意越好做。当新一轮储能电芯产能集中释放，行业可能迎来一个反常识的局面：出货继续增长，赚钱的企业却开始减少。2027年有可能会成为这轮变化的分水岭。一位储能企业高层表示，国内建成产能到2026年底预计达到1.2—1.5TWh，全部规划产能接近,http://mp.weixin.qq.com/s?__biz=MzYzODg5MDQyMQ==&mid=2247605492&idx=1&sn=4fbd6aae16e97a99647b380cca76a498,,以下文章来源于高工储能，作者高工观察高工储能.高工咨询旗下专注于储能领域市场应用、产品技术、供应链的第三方咨询和资讯平台，我们为产业链企业提供行业调研、信息资讯、会议论坛、品牌推广等综合服务。储能电芯迎来淘汰赛行业最煎熬的时刻，可能恰恰出现在出货量突破TWh之后。根据高工产研(GGII)预测，2026年储能电芯出货有望跨过TWh门槛。但市场越大，并不意味着生意越好做。当新一轮储能电芯产能集中释放，行业可能迎来一个反常识的局面：出货继续增长，赚钱的企业却开始减少。2027年有可能会成为这轮变化的分水岭。一位储能企业高层表示，国内建成产能到2026年底预计达到1.2—1.5TWh，全部规划产能接近2TWh，超过当前全球市场的实际消化能力。那么，2027年，磷酸铁锂储能电芯产能是否将将全面过剩，再度掀起价格战？需求还在，但换挡降速了储能，可以说是过去五年新能源赛道增长最快的领域，储能电池出货已连续四年保持60%以上的增速，远高于同期动力电池的增速水平。要知道，动力电池从行业起步到年出货1 TWh用了11年，而储能电池仅用了5年。根据GGII数据，2026年上半年，全球储能电芯出货约485GWh，同比增长超80%，预计2026年全年储能电芯出货将突破1TWh，同比增速超60%。增长的质量也在改善。2025年新能源强制配储政策退出后，国内储能需求从行政命令驱动的“成本项”，转向现货市场、容量补偿与辅助服务驱动的“价值项”。海外市场多点开花，海外储能电芯出货占比首次超过国内，需求结构从单一政策驱动转向多元市场驱动，本轮储能行业的高景气，与几年前的行业“虚火”有本质区别。但必须正视，“换挡降速”已经开始。有头部企业表示，2027年储能电芯出货增速将在30%-40%，难以维持60%高增长，未来五年储能增速持续下滑，复合增速将稳定在20%-30%区间。也有业内人士预测，明年应该会降到25%左右。高工储能认为，储能行业的基数已经抬高，2026年1TWh的体量意味着即便增速减半，绝对增量依然可观，但“人人有饭吃的增量时代”正在结束。近期，有头部储能企业高管公开表示，今年行业储能电芯规划扩产已超过800GWh，到2026年底，国内储能电芯建成产能预计达到1.2TWh至1.5TWh，行业全部规划产能接近2TWh，已超过当前全球市场的实际消化能力，并警示随之而来的价格竞争风险。这一判断值得重视，当然，规划产能不等于有效产能。如587Ah/588Ah及更大规格的先进大容量电芯，综合考虑良率爬坡、客户认证与海外交付能力，2027年真正能够稳定供应头部客户的有效产能，一定程度上会小于名义产能。自今年5月中旬起，国内动力电池、储能电池新建项目暂缓审批。综合来看，2027年更可能首先出现结构性过剩和分化：缺乏优势的旧产线减产退出，具备制造、交付和履约能力的企业取得更多优质订单。从30家到15家，谁能留在牌桌上？消费税将成为行业转折的重要推手。2026年7月16日，财政部、海关总署、税务总局联合发布《关于调整部分电池消费税政策的公告》（2026年第20号）明确，自2026年9月1日起按2%税率征收，自2027年9月1日起税率升至4%。锂离子蓄电池自2015年以来长达十一年的免征消费税历史正式宣告结束。由于征税环节在电芯与电池簇制造端，储能系统作为成套电力设备不在征税范围，因此税负自然集中在电芯厂身上，消费税法定纳税主体是电芯生产企业，上下游之间的税费分摊取决于双方的商务约定。由此，2027年的博弈将沿产业链展开：电芯厂能否把税费写进报价，集成商能否向业主传导，原有合同如何分担新增成本，最终都取决于合同和供需关系。按照0.36元/Wh的储能电芯均价测算，2%的消费税对应每瓦时约0.007元的成本抬升，即每GWh新增成本约700万元。这个绝对值看似不大，但要放到利润表里看，就显得十分“刺眼”。高工储能了解到，国内许多中小储能电芯企业净利率只有1%-2%，2%的消费税理论上足以吃掉其全部净利润，而且，2027年9月税率升至4%后，将直接越过中小电芯厂的生死线。中小企业既没有内部消化税费的能力，也没有向下游传导成本的议价权，存量长协订单大多只绑定了碳酸锂价格联动条款，没有为新增税费预留分摊空间，随着电芯紧缺逐步缓解，集成商很可能“咬住”合同拒绝承担。但同样面对消费税，头部企业的处境完全不同。不仅议价能力强，优先抢占海外高毛利订单，还能够依托上游锂矿等材料环节的一体化布局，在产业链层面消化税费压力。电池消费税新政策出台后，头部厂商在2026年9月前后密集发出涨价函，将价格调整窗口锚定在消费税起征日。对于储能企业而言，这次的消费税改革，是行业大洗牌前夕的一场“压力测试”。根据GGII数据，2025储能电芯CR10企业出货占比为87.4%，CR15达97%，2026年行业集中度有所下降，10-15名腰部企业份额扩张，这是需求爆发期的正常现象。但随着消费税落地、大电芯产能释放、海外认证门槛抬高，2027年起，储能电芯行业集中度将重新上升。高工产研判断，随着未来2027-2028年电池消费税提升至4%，将推动市场高度集中至前15-20家头部企业。未来3-5年，随着行业新一轮出清、集中度再度抬升，储能电芯企业将从当前约30家企业收敛到大约15家，15名开外的储能电芯企业或将被淘汰出局。因此，2027年的储能电芯行业，可能会同时出现两种看似矛盾的景象：一边刷新全球出货纪录，一边出现停产与整合；一边有企业交付排满，一边有产线陷入闲置。市场增长解决的是行业空间问题，竞争解决的是谁有资格分享这些空间。目前来看，TWh是储能电芯行业的新起点，却不会成为每一家电芯企业的安全垫。更多推荐不喜欢【高工锂电】储能电芯迎来淘汰赛,,,,pending
电解槽模型,铝途有你,铝途有你,21C API,normal,2026-09-27T23:24:30+08:00,,电解槽模型,http://mp.weixin.qq.com/s?__biz=Mzg3NDYxMTQzNQ==&mid=2247698724&idx=1&sn=573671cbd1dfac5dcf7fa7edba1c6ebd,,电解槽模型,,,,pending
用户以为交的是话费，实际是在还贷款，三大运营商全面叫停“0元购机”,科技日报,科技日报,"21C API, 政策, 发布, 落地",normal,2026-09-27T23:04:58+08:00,,在三大运营商线下营业厅，不少消费者都碰到过“免费领手机”“办宽带送礼品”的宣传。看似是办套餐就能白拿手机，实际是‌签了贷款合同‌，每月话费里包含还款金额。有消息称，9月24日起，三大运营商金融分期购机业务暂停，不能再新增办理这类0元拿手机业务。近年来，关于分期购机的投诉从未间断。三年前，湖南株洲吴先生便遭遇过业务员上门承诺在网三年就送一部手机，几天后吴先生收到的却是一条“贷款成功”的短信。合同显示，他名下多了一笔1950元、36期的消费贷款。这类投诉中，用户以为自己办的是通信业务，签下的却是贷款合同；以为交的是话费，实际上是在还贷款。一旦手机欠费停机，贷款随即逾期，个人征信跟着受损。近日，有消,http://mp.weixin.qq.com/s?__biz=MzI3NDI5MjI4OQ==&mid=2247899866&idx=1&sn=7b6202c7aff88fb8546dc3ca5b4bc021,,在三大运营商线下营业厅，不少消费者都碰到过“免费领手机”“办宽带送礼品”的宣传。看似是办套餐就能白拿手机，实际是‌签了贷款合同‌，每月话费里包含还款金额。有消息称，9月24日起，三大运营商金融分期购机业务暂停，不能再新增办理这类0元拿手机业务。近年来，关于分期购机的投诉从未间断。三年前，湖南株洲吴先生便遭遇过业务员上门承诺在网三年就送一部手机，几天后吴先生收到的却是一条“贷款成功”的短信。合同显示，他名下多了一笔1950元、36期的消费贷款。这类投诉中，用户以为自己办的是通信业务，签下的却是贷款合同；以为交的是话费，实际上是在还贷款。一旦手机欠费停机，贷款随即逾期，个人征信跟着受损。近日，有消息称，三大运营商已经暂停此类业务，记者致电电信、联通运营商客服以及移动“和包信用购”客服，对方都表示，此类分期购机项目已经暂停。中国移动的“和包信用购”、中国电信的“橙分期”、中国联通的“沃分期”9月24日起均已全面暂停新增办理分期购机，恢复时间未定。值得注意的是，9月30日，中国人民银行、工业和信息化部等部门联合发布的《金融产品网络营销管理办法》将正式施行，明确要求金融产品营销不得含有虚假或引人误解的内容。在这样的时间点，运营商叫停“办套餐送手机+分期”的模式是巧合还是必然？电信分析师付亮回顾，电信市场进入3G时代初期，智能手机迎来普及浪潮。为争夺用户，运营商曾大规模采用“预存话费送手机”的营销模式，要求用户缴纳一定额度话费即可获赠手机。该模式在发展初期被视作降低门槛、促进手机消费的商业创新，在推行过程中逐渐走形变样。过去用户晚交几天话费，可能只是停机；而此类信用购模式，晚交话费甚至欠交话费会影响信用，成了金融违约。再加上在渠道利益的驱动下，一些线下业务员屡屡出现“选择性隐瞒风险”的行为。在工业和信息化部信息通信经济专家委员会委员盘和林看来，三大运营商之所以全面暂停该业务，最直接的导火索是这套模式早已沦为典型的“负资产”——在经济账上得不偿失，在法律与声誉层面更是风险重重。盘和林介绍，数字化技术不断发展的背景下，线下实体营业厅的职能持续收缩。同时，常态化落地的“携号转网”政策，彻底打破了运营商依靠长周期合约深度锁定用户的运营壁垒。来源：央视新闻客户端 封面图来自视觉中国编辑：王曼茜审核：张爽,,,,pending
魏桥集团“高级副总裁团队”亮相,铝途有你,铝途有你,21C API,normal,2026-09-27T22:53:58+08:00,,在魏桥集团官网微信公众号中，目前共有7人以魏桥集团高级副总裁的身份参加过公开活动，他们分别是黄平义、张金峰、郝建萍、张帆、郭翠花、崔光波、路媛媛。黄平义去年12月首次以魏桥集团高级副总裁身份亮相，参加全球首艘万吨级近海新能源散货船首航仪式。魏桥集团官方报道显示，黄平义2018年就已经是魏桥集团副总经理，再早年曾担任过集团经济联络部部长等职务。张金峰、郝建萍今年1月首次以魏桥集团高级副总裁身份亮相，接待中国棉纺织行业协会会长董奎勇一行调研。公开信息显示，张金峰2024年就已经是魏桥集团副总经理，再早前担任过集团物资供应部部长等职务，郝建萍曾担任魏桥集团行政管理部常务副部长。郭翠花今年2月首次以魏,http://mp.weixin.qq.com/s?__biz=Mzg3NDYxMTQzNQ==&mid=2247698683&idx=1&sn=74923d144ea064da8a4afc7d9517d5ae,,在魏桥集团官网微信公众号中，目前共有7人以魏桥集团高级副总裁的身份参加过公开活动，他们分别是黄平义、张金峰、郝建萍、张帆、郭翠花、崔光波、路媛媛。黄平义去年12月首次以魏桥集团高级副总裁身份亮相，参加全球首艘万吨级近海新能源散货船首航仪式。魏桥集团官方报道显示，黄平义2018年就已经是魏桥集团副总经理，再早年曾担任过集团经济联络部部长等职务。张金峰、郝建萍今年1月首次以魏桥集团高级副总裁身份亮相，接待中国棉纺织行业协会会长董奎勇一行调研。公开信息显示，张金峰2024年就已经是魏桥集团副总经理，再早前担任过集团物资供应部部长等职务，郝建萍曾担任魏桥集团行政管理部常务副部长。郭翠花今年2月首次以魏桥集团高级副总裁身份亮相，参加集团员工造血干细胞选线归来欢迎仪式。今年8月则到济南千佛山医院看望捐献造血干细胞的另一名员工。魏桥集团官方报道显示，郭翠花2019年曾以铝电公司人力资源部部长的身份参加过活动。张帆今年7月首次以魏桥集团高级副总裁身份亮相，参加“2026范长江行动”香港传媒学子山东行交流团相关活动，此后还接待过到集团考察的新华社山东分社调研组、云南省红河州委书记谢健一行，魏桥集团官网未公开他的其他活动情况。路媛媛今年5月首次以魏桥集团高级副总裁身份亮相，陪同魏桥集团董事长张波拜访云南省主要领导，并与云南省委副书记、省长王予波进行工作会谈。今年6月，路媛媛还参加清华大学经管学院领军CEO五期培训班并做发言。魏桥集团高级副总裁路媛媛崔光波今年9月首次以魏桥集团高级副总裁身份亮相，参加教师节走访活动。魏桥集团官方报道显示，崔光波2025年多次以魏桥集团人力资源部部长、魏桥纺织科技有限公司人力资源部部长的身份参加活动。,,,,pending
SEI精准调控！南洋理工大学陈晓东&天津师范大学毛文峰&福州大学夏华荣，最新AM！,深水科技咨询,深水科技咨询,"RIOnews API, 高比能, 富锂锰, 固态电池, 钠离子电池, 学术研究, 大学, 教授",normal,2026-09-27T22:50:16+08:00,,超快充电池对推动电动汽车普及至关重要。加热辅助充电可在65°C实现超快充，但增加热失控风险。降低界面Li⁺传输活化能有望在室温实现安全超快充，但有效方法有限。充电过程中界面Li⁺传输包括去溶剂化、穿过SEI和电荷转移，是决定快充性能的关键。传统SEI主要组分如Li₂CO₃和Li₃PO₄本征离子电导率低，开发调控界面Li⁺传输的电解液策略具有重要意义。2026年9月22日，新加坡南洋理工大学陈晓东院士、广州巨湾技研有限公司Xiangdong Huang、天津师范大学毛文峰教授、Guo Ai、福州大学夏华荣教授在《Advanced Materials》上发表题为“Extreme-Fast-Char,http://mp.weixin.qq.com/s?__biz=MzI2NTI1Njk5Mw==&mid=2247634848&idx=3&sn=0f2fa00040eb30d0a6304737fb8230b1,,超快充电池对推动电动汽车普及至关重要。加热辅助充电可在65°C实现超快充，但增加热失控风险。降低界面Li⁺传输活化能有望在室温实现安全超快充，但有效方法有限。充电过程中界面Li⁺传输包括去溶剂化、穿过SEI和电荷转移，是决定快充性能的关键。传统SEI主要组分如Li₂CO₃和Li₃PO₄本征离子电导率低，开发调控界面Li⁺传输的电解液策略具有重要意义。2026年9月22日，新加坡南洋理工大学陈晓东院士、广州巨湾技研有限公司Xiangdong Huang、天津师范大学毛文峰教授、Guo Ai、福州大学夏华荣教授在《Advanced Materials》上发表题为“Extreme-Fast-Charging Li-Ion Batteries via Activation-Energy Regulation With a Li₃PO₄-Li₂SO₄-Rich Solid Electrolyte Interphase”的研究论文，提出了活化能调控策略，通过电解液设计构建非晶Li₃PO₄-Li₂SO₄富集SEI，同时调控SEI化学和促进Li⁺去溶剂化，将表观活化能从39.1降至21.3 kJ mol⁻¹。研究在LiNi₀.₆₅Co₀.₁₅Mn₀.₂O₂||石墨软包电池中引入LiPO₂F₂和DTD添加剂，通过电化学分解构建Li₃PO₄-Li₂SO₄富集SEI。高分辨透射电镜显示SEI非晶且厚度约3.1 nm，X射线光电子能谱表明Li₃PO₄含量从0.88%增至1.49%，Li₂SO₄从0%增至0.83%，Li₂CO₃含量被抑制。温度依赖电化学阻抗谱拟合表明，AER电池表观活化能为21.3±1.6 kJ mol⁻¹，显著低于基础电池的39.1±2.0 kJ mol⁻¹。电荷转移活化能从66.9降至63.9 kJ mol⁻¹。⁷Li核磁共振谱显示化成后功能电解液中Li⁺化学位移为-0.73 ppm，较基础电解液的-0.71 ppm更受屏蔽，表明Li⁺去溶剂化略有促进。电化学性能方面，51.6 Ah软包电池在25°C下4C充电容量达90.1% SOC，5C充电10.5分钟获得208.7 Wh kg⁻¹能量。AER-25电池4C充电至80% SOC后降至97% SOC再1C放电，3261圈后能量保持81.5%。5C充电至4.35 V循环1000圈能量保持85.7%。45°C下2000圈能量保持85.3%。三电极体系表明4C和5C充电未检测到析锂特征，6C才出现。13616只软包电池关键参数统计显示容量、K值、重量和直流内阻一致性良好。电池成本计算为70.0 kWh⁻¹，低于DOE目标。94 kWh电池包采用3P168S配置，集成于HYCAN V09电动汽车，5%至85% SOC充电仅需11.77 min，最高温度49.0°C。电池包平均充电功率383.4 kW，较保时捷Taycan GTS的202.5 kW高89.3%。充电能力36.0 km min⁻¹，超越DOE目标32.2 km min⁻¹。1、提出活化能调控策略，构建Li₃PO₄-Li₂SO₄富集SEI，将界面Li⁺传输表观活化能从39.1降至21.3 kJ mol⁻¹。2、51.6 Ah软包电池10.5分钟获得208.7 Wh kg⁻¹能量，循环3261圈能量保持81.5%，成本降至70.0 kWh⁻¹。3、94 kWh电池包集成于电动汽车，11.77分钟充至85% SOC，充电能力36.0 km min⁻¹，超越DOE目标。图1 活化能调控策略示意图图2 Li₃PO₄-Li₂SO₄富集SEI表征图3 软包电池活化能与快充性能图4 AER电池性能与DOE目标对比图5 工业级XFC电池包本研究提出活化能调控策略，通过电解液设计构建非晶Li₃PO₄-Li₂SO₄富集SEI，同时调控SEI化学和促进Li⁺去溶剂化，将界面Li⁺传输表观活化能从39.1降至21.3 kJ mol⁻¹。51.6 Ah软包电池10.5分钟获得208.7 Wh kg⁻¹能量，循环3261圈能量保持81.5%，成本70.0 kWh⁻¹。94 kWh电池包集成于电动汽车，11.77分钟充至85% SOC，充电能力36.0 km min⁻¹。该工作为室温超快充电池提供了实用化电解液设计策略。文献链接：https://doi.org/10.1002/adma.75045文章来源：新能源前沿《固态电池行业技术发展与市场投资前景分析》《钠离子电池技术发展与产业前景研究报告》《富锂锰基动力电池产业研究及其市场前景分析》《中国全固态薄膜电池和全固态超级电容器技术与市场调研报告》《中国高能量高功率锂离子电池负极材料技术发展与市场投资规划报告》▲以上报告由深水科技咨询制作 咨询电话：***********不喜欢超快充电池对推动电动汽车普及至关重要。加热辅助充电可在65°C实现超快充，但增加热失控风险。,,,,pending
10月13-14日中国·武汉|第四届全国钠电池研讨会|上海大学施思齐教授出席并作报告,深水科技咨询,深水科技咨询,"RIOnews API, 新材料, 碳, 隔膜, 高比能, 无负极, 硅, 前沿表征, 原位, 工况, 钠离子电池, 钠电, 产品发布, 发布, 新品, 全新, 学术研究, 大学, 教授, 科学院, 研究所, 期刊, 技术进展, 技术验证, 前沿技术",normal,2026-09-27T22:50:16+08:00,,上海大学教授施思齐，教育部长江学者特聘教授，国家自然科学基金委青年基金B类获得者，上海市领军人才，博士生导师，现任职于上海大学材料科学与工程学院。2004年7月博士毕业于中国科学院物理研究所，师从陈立泉院士和王鼎盛院士，2004年8月至2013年5月先后在日本产业技术综合研究所、美国内布拉斯加州-林肯大学和布朗大学做博士后。2001年率先在国内开展电化学储能材料的第一原理计算研究，致力于建立算法-数据-知识互利共生且与实验融合的储能材料设计新范式，推动人工智能赋能材料研发。在Nat Catal、Natl Sci Rev等期刊发表论文180余篇，他引2万余次，H因子72。出版《电化学储能中的计算,http://mp.weixin.qq.com/s?__biz=MzI2NTI1Njk5Mw==&mid=2247634848&idx=1&sn=496efbc5ecfe4c5e240d75d82b1814c2,,上海大学教授施思齐，教育部长江学者特聘教授，国家自然科学基金委青年基金B类获得者，上海市领军人才，博士生导师，现任职于上海大学材料科学与工程学院。2004年7月博士毕业于中国科学院物理研究所，师从陈立泉院士和王鼎盛院士，2004年8月至2013年5月先后在日本产业技术综合研究所、美国内布拉斯加州-林肯大学和布朗大学做博士后。2001年率先在国内开展电化学储能材料的第一原理计算研究，致力于建立算法-数据-知识互利共生且与实验融合的储能材料设计新范式，推动人工智能赋能材料研发。在Nat Catal、Natl Sci Rev等期刊发表论文180余篇，他引2万余次，H因子72。出版《电化学储能中的计算、建模与仿真》专著；早在2003年合作提出LiFePO4中Fe位掺Na改变费米能级特性，据此合成的材料突破了磷酸铁锂正极材料知识产权壁垒；创制算法-数据-知识互利共生的电化学储能材料设计平台(www.bmaterials.cn)，并实现开放服务；提出配位场堆积拓扑学和p型合金化调控结构和电子性质方法，发展了新型高功率/能量密度正极；创建领域知识指导的分而治之机器学习建模和材料数据质量治理理论体系，部分成果在企业实现转化应用。主持国家基金重点项目、国家重点研发计划课题、企业委托项目等20项。获2024年度中国材料研究学会科学技术奖一等奖(序1)。在国内外重要学术会议上作邀请报告30余场。中国硅酸盐学会理事会理事、中国硅酸盐学会固态离子学分会理事、中国化工学会储能工程专委会委员、中国材料研究学会计算材料学分会委员、《Journal of Materials Informatics》副主编、Journal of Materiomics等6种期刊的编委。报告题目：AI for Materials：从基础研究到工程落地的若干思考第四届全国钠电池研讨会2026年10月13-14日 中国·武汉背 景近年来，钠离子电池产业正经历从“技术验证”向“规模化量产”的历史性跨越。当前，储能、电动两轮车、通信基站备用电源和启停电源已成为钠电池商业化提速的主要阵地；同时，凭借资源丰富、安全性好、低温性能较优等优势，钠电池在消费电子、重型矿山装备等新兴场景实现了从0到1的突破。“十五五”规划已将钠电列为新型储能重点技术，为钠电池基础研究与应用基础研究提供了重要政策支撑。然而，当前钠电产业在规模化破局过程中，需要持续在材料创新、界面调控与失效机理等基础研究上取得突破，并在应用验证、产业链协同等方面形成合力，方能推动钠电走向规模化替代，在能源转型大格局中确立其战略价值。产业突破离不开特定区域科研与产业资源的集中支撑。武汉凭借深厚的科教底蕴和完备的工业体系，已培育出一批钠电创新企业，正成为钠电产业化的重要阵地。作为全国汽车与光电产业高地，武汉聚集了储能PCS、BMS、结构件、整车制造等配套企业，这些产业资源与钠电产业形成紧密的上下游协同，推动武汉从“科教高地”加速迈向“钠电产业化主场”。基于此，已连续成功举办三届的全国钠电池研讨会，迎来全新一届盛会，“第四届全国钠电池研讨会”将于2026年10月13-14日在武汉举办，旨在搭建产学研深度交流的平台，围绕钠电池前沿技术、关键材料、测试分析、模拟仿真等展开研讨，推动钠电产业高质量发展。PART1组织机构支持单位武汉市科学技术协会、武汉产业创新发展研究院指导单位武汉市江夏区人民政府、中国科学院物理研究所主办单位武汉汤逊湖钠离子电池研究院有限公司协办单位中国电子科技集团公司第十八研究所上海交通大学绍兴新能源与分子工程研究院中国科学院上海硅酸盐研究所复旦大学中关村储能产业技术联盟《储能科学与技术》杂志武汉大学华中科技大学武汉理工大学赞助单位中科海钠科技有限责任公司浙江钠创新能源有限公司浙江致远钠科能源科技有限公司东莞新威检测技术有限公司珠海欧美克仪器有限公司伊特克斯惰性气体系统（北京）有限公司武汉格瑞斯新能源有限公司长三角物理研究中心天目湖先进储能技术研究院有限公司名誉主席陈立泉 /院士中国工程院 院士大会主席胡勇胜 /研究员中国科学院物理研究所 研究员北京中科海钠科技有限责任公司 董事长执行主席（按姓氏首字母）刘兴江中国电子科技集团公司第十八研究所研究员马紫峰上海交通大学/浙江钠创新能源有限公司教授/创始人、首席科学家温兆银中国科学院上海硅酸盐研究所/上海奥能瑞拉能源科技有限公司研究员/首席科学家夏永姚复旦大学/上海璞钠能源科技有限公司教授/董事长组织委员会主席李树军中科海钠科技有限责任公司/武汉汤逊湖钠离子电池研究院有限公司总经理/总经理PART2论坛安排(一)会议时间2026年10月13日-14日（周二-周三）(二)活动地点中国·武汉江夏联投福朋喜来登酒店(三)会议议题议题一：钠电池技术趋势与前瞻布局1、高性能、高安全钠电池技术研究进展2、钠电池基础科学与前沿理论研究进展3、无负极钠电池、固态钠电池等下一代钠电池技术4、航运电动化、低温储能等新应用场景的拓展议题二：钠电池关键材料与制造工艺1、层状氧化物、聚阴离子、普鲁士蓝（白）正极材料2、硬碳负极前驱体筛选、结构调控与储钠机理3、宽温域、阻燃电解液设计与界面化学4、面向规模化制造的低成本工艺与关键装备适配议题三：钠电池先进表征与安全技术1、析钠行为、产气机理与热失控触发条件的原位监测与建模2、隔膜、电解液与电极界面的化学/机械稳定性多尺度表征3、从“阻燃”到“无热失控”的失效抑制策略与验证4、原位/工况XRD、Raman、TEM等技术在充放电过程中的结构演化研究议题四：钠电池计算仿真与人工智能技术1、多尺度计算-实验融合方法加速新材料开发2、人工智能辅助正负极材料筛选与电解液配方优化3、基于电化学阻抗谱、充放电曲线的智能诊断与寿命预测4、钠电池数据库构建与数据驱动型研发范式PART3会议日程PART4报告嘉宾/参会嘉宾（排名不分先后）注：以现场实际为准PART5合作媒体EESA、长江新能源、储能科学与技术、电动中国、电化学期刊、电源技术杂志、江苏省储能行业协会、锂电池新能源网、锂电新材料、马里亚纳、钠电新材料、钠电硬碳、钠离子电池、钠时代、南墅储能、南墅石墨矿、清深储能、天目湖先进储能技术研究院、新威、研之成理、仪器信息网、真锂研究、知宇钠电技术、中科海钠、深水科技咨询、金属能源电池PART6参会报名和住宿预订1、参会费用参会费用包含：论坛注册费、参会费、餐费、会务费等，不包含酒店住宿费用。 *如因个人原因不能参会，会前14日联系会务组，可全额退款，会前14日至会前7日联系会务组可退还50%，会前7日后谢绝退款。 2、报名缴费如申请参会请填写以下二维码付款方式：银行转账扫描注册二维码完成注册选择线下支付。公司名称：溧阳深水科技咨询有限公司地址：江苏省溧阳市昆仑街道上上路87号（江苏中关村创智园1号楼）电话：0519-87300136开户行：建设银行溧阳燕山路支行账号：32050162634800000124付款请注明：“钠电池+姓名”，并将付款凭证保留，便于报到时查验。缴费成功后，请保持手机畅通，会务组会尽快与您联系！3、住宿会务组在主会场酒店以优惠价格为本次会议联系了一定数量的房间，参会人员可享受会议优惠价，鉴于会议规模，房间数量有限，先到先得。请各位嘉宾及时与酒店联系确认，以免错过优惠价，费用自理。联系电话：史女士：***********（会议负责）洪先生：***********（参展联系）周先生：***********（参展联系）顾女士：***********（报告申请&新品发布合作）虞先生：***********（参会、发票、酒店对接）END不喜欢10月13-14日中国·武汉|第四届全国钠电池研讨会|上海大学施思齐教授出席并作报告,,,,pending
10月13-14日中国·武汉|第四届全国钠电池研讨会|复旦大学王飞教授出席并作报告,深水科技咨询,深水科技咨询,"RIOnews API, 新材料, 碳, 隔膜, 高比能, 无负极, 硅, 前沿表征, 原位, 工况, 钠离子电池, 钠电, 产品发布, 发布, 新品, 全新, 学术研究, 大学, 教授, 科学院, 研究所, 期刊, 技术进展, 技术验证, 前沿技术",normal,2026-09-27T22:50:16+08:00,,复旦大学教授王飞，复旦大学智能材料与未来能源创新学院教授，博士生导师。获国家自然科学基金青年（A类）项目资助，入选国家和上海市海外高层次人才引进计划。主持了国家重点研发计划，国家自然科学基金青年/面上/国际合作项目，上海市科委基础研究特区/高新技术领域项目/探索者计划等。与知名电池企业保持项目合作。发表SCI论文80余篇，以第一或通讯作者身份发表包括Science、Nature Materials、Nature Energy、Nature Chemistry、Nature Sustainability等能源领域顶级期刊杂志。论文他引超24000次，入选科睿唯安全球高被引科学家、全球前2%顶尖科,http://mp.weixin.qq.com/s?__biz=MzI2NTI1Njk5Mw==&mid=2247634848&idx=2&sn=8c8fcc9bdb1c25c85673c20dd9b8a154,,复旦大学教授王飞，复旦大学智能材料与未来能源创新学院教授，博士生导师。获国家自然科学基金青年（A类）项目资助，入选国家和上海市海外高层次人才引进计划。主持了国家重点研发计划，国家自然科学基金青年/面上/国际合作项目，上海市科委基础研究特区/高新技术领域项目/探索者计划等。与知名电池企业保持项目合作。发表SCI论文80余篇，以第一或通讯作者身份发表包括Science、Nature Materials、Nature Energy、Nature Chemistry、Nature Sustainability等能源领域顶级期刊杂志。论文他引超24000次，入选科睿唯安全球高被引科学家、全球前2%顶尖科学家榜单。申请国内外专利二十余项，已获授权5项。关于无负极钠电池相关成果已经转化应用，并联合创立了隐功科技。报告题目：无负极钠电池的界面设计第四届全国钠电池研讨会2026年10月13-14日 中国·武汉背 景近年来，钠离子电池产业正经历从“技术验证”向“规模化量产”的历史性跨越。当前，储能、电动两轮车、通信基站备用电源和启停电源已成为钠电池商业化提速的主要阵地；同时，凭借资源丰富、安全性好、低温性能较优等优势，钠电池在消费电子、重型矿山装备等新兴场景实现了从0到1的突破。“十五五”规划已将钠电列为新型储能重点技术，为钠电池基础研究与应用基础研究提供了重要政策支撑。然而，当前钠电产业在规模化破局过程中，需要持续在材料创新、界面调控与失效机理等基础研究上取得突破，并在应用验证、产业链协同等方面形成合力，方能推动钠电走向规模化替代，在能源转型大格局中确立其战略价值。产业突破离不开特定区域科研与产业资源的集中支撑。武汉凭借深厚的科教底蕴和完备的工业体系，已培育出一批钠电创新企业，正成为钠电产业化的重要阵地。作为全国汽车与光电产业高地，武汉聚集了储能PCS、BMS、结构件、整车制造等配套企业，这些产业资源与钠电产业形成紧密的上下游协同，推动武汉从“科教高地”加速迈向“钠电产业化主场”。基于此，已连续成功举办三届的全国钠电池研讨会，迎来全新一届盛会，“第四届全国钠电池研讨会”将于2026年10月13-14日在武汉举办，旨在搭建产学研深度交流的平台，围绕钠电池前沿技术、关键材料、测试分析、模拟仿真等展开研讨，推动钠电产业高质量发展。PART1组织机构支持单位武汉市科学技术协会、武汉产业创新发展研究院指导单位武汉市江夏区人民政府、中国科学院物理研究所主办单位武汉汤逊湖钠离子电池研究院有限公司协办单位中国电子科技集团公司第十八研究所上海交通大学绍兴新能源与分子工程研究院中国科学院上海硅酸盐研究所复旦大学中关村储能产业技术联盟《储能科学与技术》杂志武汉大学华中科技大学武汉理工大学赞助单位中科海钠科技有限责任公司浙江钠创新能源有限公司浙江致远钠科能源科技有限公司东莞新威检测技术有限公司珠海欧美克仪器有限公司伊特克斯惰性气体系统（北京）有限公司武汉格瑞斯新能源有限公司长三角物理研究中心天目湖先进储能技术研究院有限公司名誉主席陈立泉 /院士中国工程院 院士大会主席胡勇胜 /研究员中国科学院物理研究所 研究员北京中科海钠科技有限责任公司 董事长执行主席（按姓氏首字母）刘兴江中国电子科技集团公司第十八研究所研究员马紫峰上海交通大学/浙江钠创新能源有限公司教授/创始人、首席科学家温兆银中国科学院上海硅酸盐研究所/上海奥能瑞拉能源科技有限公司研究员/首席科学家夏永姚复旦大学/上海璞钠能源科技有限公司教授/董事长组织委员会主席李树军中科海钠科技有限责任公司/武汉汤逊湖钠离子电池研究院有限公司总经理/总经理PART2论坛安排(一)会议时间2026年10月13日-14日（周二-周三）(二)活动地点中国·武汉江夏联投福朋喜来登酒店(三)会议议题议题一：钠电池技术趋势与前瞻布局1、高性能、高安全钠电池技术研究进展2、钠电池基础科学与前沿理论研究进展3、无负极钠电池、固态钠电池等下一代钠电池技术4、航运电动化、低温储能等新应用场景的拓展议题二：钠电池关键材料与制造工艺1、层状氧化物、聚阴离子、普鲁士蓝（白）正极材料2、硬碳负极前驱体筛选、结构调控与储钠机理3、宽温域、阻燃电解液设计与界面化学4、面向规模化制造的低成本工艺与关键装备适配议题三：钠电池先进表征与安全技术1、析钠行为、产气机理与热失控触发条件的原位监测与建模2、隔膜、电解液与电极界面的化学/机械稳定性多尺度表征3、从“阻燃”到“无热失控”的失效抑制策略与验证4、原位/工况XRD、Raman、TEM等技术在充放电过程中的结构演化研究议题四：钠电池计算仿真与人工智能技术1、多尺度计算-实验融合方法加速新材料开发2、人工智能辅助正负极材料筛选与电解液配方优化3、基于电化学阻抗谱、充放电曲线的智能诊断与寿命预测4、钠电池数据库构建与数据驱动型研发范式PART3会议日程PART4报告嘉宾/参会嘉宾（排名不分先后）注：以现场实际为准PART5合作媒体EESA、长江新能源、储能科学与技术、电动中国、电化学期刊、电源技术杂志、江苏省储能行业协会、锂电池新能源网、锂电新材料、马里亚纳、钠电新材料、钠电硬碳、钠离子电池、钠时代、南墅储能、南墅石墨矿、清深储能、天目湖先进储能技术研究院、新威、研之成理、仪器信息网、真锂研究、知宇钠电技术、中科海钠、深水科技咨询、金属能源电池PART6参会报名和住宿预订1、参会费用参会费用包含：论坛注册费、参会费、餐费、会务费等，不包含酒店住宿费用。 *如因个人原因不能参会，会前14日联系会务组，可全额退款，会前14日至会前7日联系会务组可退还50%，会前7日后谢绝退款。 2、报名缴费如申请参会请填写以下二维码付款方式：银行转账扫描注册二维码完成注册选择线下支付。公司名称：溧阳深水科技咨询有限公司地址：江苏省溧阳市昆仑街道上上路87号（江苏中关村创智园1号楼）电话：0519-87300136开户行：建设银行溧阳燕山路支行账号：32050162634800000124付款请注明：“钠电池+姓名”，并将付款凭证保留，便于报到时查验。缴费成功后，请保持手机畅通，会务组会尽快与您联系！3、住宿会务组在主会场酒店以优惠价格为本次会议联系了一定数量的房间，参会人员可享受会议优惠价，鉴于会议规模，房间数量有限，先到先得。请各位嘉宾及时与酒店联系确认，以免错过优惠价，费用自理。联系电话：史女士：***********（会议负责）洪先生：***********（参展联系）周先生：***********（参展联系）顾女士：***********（报告申请&新品发布合作）虞先生：***********（参会、发票、酒店对接）END不喜欢10月13-14日中国·武汉|第四届全国钠电池研讨会|复旦大学王飞教授出席并作报告,,,,pending
香港理工大学安亮教授与邵宗平教授团队AM：高熵合金助力锌离子两阶段界面传质,深水科技咨询,深水科技咨询,"RIOnews API, 新材料, 复合材料, 碳, 隔膜, 钙钛矿, 高比能, 富锂锰, 固态电池, 钠离子电池, 学术研究, 大学, 教授, 期刊",normal,2026-09-27T22:50:16+08:00,,研究背景水系锌电池兼具水系电解液的安全优势和锌资源丰富、成本较低等特点，是受到广泛关注的储能体系。然而，锌负极在反复沉积与剥离过程中，往往同时面临枝晶生长、水诱导副反应和界面传输动力学缓慢等问题。局部离子供给不均会放大尖端处的沉积优势，持续腐蚀和析氢又会消耗活性锌与电解液，最终削弱电池的可逆性和循环寿命。改善锌负极，需要同时回答两个相互关联的问题：如何使锌离子在界面上充分、均匀地富集，又如何让这些离子继续顺利到达实际反应位点？单一材料提供的固定吸附或配位能力，可能难以兼顾这两个过程。此外，直接构筑在锌箔上的保护层，还可能受到涂层不均、开裂以及沉积与剥离所引起的形貌变化影响。因而，兼顾离子供给、,http://mp.weixin.qq.com/s?__biz=MzI2NTI1Njk5Mw==&mid=2247634848&idx=4&sn=9b744a5dd374e6859caa0bb3141714dd,,"研究背景水系锌电池兼具水系电解液的安全优势和锌资源丰富、成本较低等特点，是受到广泛关注的储能体系。然而，锌负极在反复沉积与剥离过程中，往往同时面临枝晶生长、水诱导副反应和界面传输动力学缓慢等问题。局部离子供给不均会放大尖端处的沉积优势，持续腐蚀和析氢又会消耗活性锌与电解液，最终削弱电池的可逆性和循环寿命。改善锌负极，需要同时回答两个相互关联的问题：如何使锌离子在界面上充分、均匀地富集，又如何让这些离子继续顺利到达实际反应位点？单一材料提供的固定吸附或配位能力，可能难以兼顾这两个过程。此外，直接构筑在锌箔上的保护层，还可能受到涂层不均、开裂以及沉积与剥离所引起的形貌变化影响。因而，兼顾离子供给、界面反应和结构稳定性的调控方法仍有待发展。研究内容围绕这一问题，香港理工大学与柯廷大学的研究团队提出了基于碳负载高熵合金的锌离子两阶段界面传质调控策略。研究选取Cu、In、Ni、Co、Sn五种亲锌元素构建高熵合金(HEA)，经静电纺丝和热处理形成碳负载复合材料，再将其喷涂到商用玻璃纤维隔膜GF/D表面，得到HEA GF/D隔膜。玻璃纤维的多孔骨架为功能材料提供附着空间，碳载体与高熵合金共同调节锌负极附近的界面环境。该策略将锌离子由体相电解液到实际反应位点的过程分为两个阶段：第一阶段依靠高熵合金整体的亲锌性，促进Zn2+向双电层富集；第二阶段利用不同组分的多样化d带中心及配位能力，促进Zn2+由双电层继续向反应位点传输。与此同时，复合层对水的较弱亲和作用减少界面过量水的参与，形成有利于锌沉积与剥离的富锌、贫水微环境。实验表明，采用HEA GF/D隔膜的Zn||Zn对称电池在1 mA cm-2、1 mAh cm-2条件下稳定运行超过4000 h；Zn||Cu电池在相同电流密度和面容量条件下循环700次，平均库仑效率达到99.69%。与聚苯胺(PANi)正极匹配后，Zn||PANi全电池在1 A g-1下循环1000次，容量保持率为90.9%。相关成果以“Understanding the Two-Stage Interfacial Mass Transfer of Zn2+ Ions in Aqueous Zinc Batteries”为题发表于Advanced Materials。第一作者为唐明聪，通讯作者为安亮教授与邵宗平教授。研究亮点⭐两阶段协同调节锌离子传质：将高熵合金整体的亲锌性与不同元素位点的配位差异结合，分别调节体相电解液到双电层、双电层到实际反应位点的传输过程，为理解界面离子供给与反应动力学之间的联系提供了新的思路。⭐通过多样化d带中心设计功能位点：利用多组分电子结构差异构筑具有不同配位能力的位点，并结合单金属及不同组分合金的对照实验，研究d带中心分布与界面传质的关系。温度依赖阻抗分析得到的表观活化能由28.77降至8.79 kJ mol-1。⭐在富锌贫水界面中兼顾保护和导离子：高熵合金与碳载体共同降低界面水的参与，抑制腐蚀和水诱导副反应。充分润湿后，HEA GF/D与原始GF/D的离子电导率分别为25.32和25.55 mS cm-1，表明局部界面调控能够与隔膜内部的离子传导通道相兼容。⭐从负极可逆性延伸到全电池验证：对称电池长循环和Zn||Cu库仑效率测试共同验证负极稳定性；Zn||PANi全电池进一步展现出长循环、较低自放电及受限锌用量下的运行能力。基于5 cm × 5 cm隔膜的软包电池测试也展示了该隔膜修饰方法的放大潜力。图文导读示意图. 高熵合金构建两阶段界面传质通道HEA修饰隔膜的结构及作用机制。高熵合金的整体亲锌性促进Zn²⁺向双电层富集，多样化金属位点通过差异化配位促进后续传输；高熵合金与碳载体共同减少界面水的参与。▲这项设计的核心，是把“界面上有多少锌离子”和“锌离子能否顺利参与反应”联系起来。高熵合金首先增强界面对Zn2+的吸引，使离子更易在电极附近聚集；随后，具有不同电子结构的金属位点提供差异化配位环境，支持锌离子进一步迁移与脱溶剂化。这里的“两阶段”指离子从体相电解液到双电层、再到反应位点的连续过程。与离子传输同步发生的是界面水环境的改变。碳载体和HEA对水的较弱亲和作用有助于降低水与锌表面的接触，减少副反应来源。功能层负载于隔膜后，玻璃纤维骨架仍保留电解液浸润与离子传导所需的孔隙，为兼顾界面保护和电池运行提供了结构基础。图1. 碳负载五元高熵合金的制备与结构表征(a)HEA粉体制备流程；(b)TEM图像；(c)HAADF-STEM图像及Co、Cu、In、Ni、Sn元素分布；(d)元素线扫描；(e)ICP元素含量分析；(f)局部高分辨TEM图像；(g)基于DFT的HEA结构模型；(h)PAN-C与HEA粉体的BET测试；(i)Cu 2p、Sn 3d、In 3d、Co 2p和Ni 2p高分辨XPS谱。▲研究将五种金属盐与聚丙烯腈(PAN)混合，经静电纺丝获得组分分散的前驱体，再在Ar/H2气氛中热处理，使PAN碳化、金属盐还原，形成附着于碳载体的合金颗粒。随后将复合材料研磨成粉体，通过喷涂负载到商用GF/D隔膜表面。电化学优化确定的设计负载量为0.1 mg cm-2。TEM显示，合金颗粒以近球形形貌附着于碳载体。元素面分布和线扫描表明，Cu、In、Ni、Co、Sn在颗粒内均有分布；ICP分析进一步确认了五种金属组分的存在。高分辨TEM结合XRD分析显示，材料包含与B2、FCC和BCC结构相关的晶面特征，XPS则检测到各金属组分的金属态信号。多种表征共同支持碳负载五元合金的形成。引入合金后，复合粉体的BET比表面积由PAN-C的10.6565增至11.7192 m2 g-1。这一结构为后续界面调控提供了可接触的功能位点，同时使金属组分能够分散在碳骨架上。图2. 界面亲锌疏水特性与两阶段传质机机制(a)PAN-C与HEA的SEM图像；(b)隔膜表面AFM重构；(c、d)模量分布及平均值；(e)电解液接触角；(f)HEA中不同元素的d带中心；(g、h)Zn2+和H2O在HEA及锌主要晶面上的吸附能；(i)水合锌离子与表面的电荷密度分布；(j)双电层电容；(k)Arrhenius分析；(l)逐步脱溶剂化过程的吉布斯自由能变化。▲AFM结果显示，HEA修饰改变了玻璃纤维表面的局部形貌。在相同制样与测试方法下，测得的平均表面模量由6.67增至11.14 GPa，支持复合层增强局部机械支撑的判断。接触角测试中，原始GF/D会迅速吸收电解液，而HEA GF/D的初始接触角为90.79°，2 s后仍为86.14°，表明修饰层延缓了局部润湿。这种润湿调节并未阻断隔膜整体的离子传导。随浸润时间延长，两种隔膜的离子电导率逐渐稳定；约1.5 h后，GF/D和HEA GF/D分别达到25.55和25.32 mS cm-1。结合拉曼光谱中O–H振动及氢键组分的变化研究认为复合层能够减少界面过量水的参与，同时保留隔膜内部的导离子通道。DFT计算显示，Zn2+在HEA上的吸附能为−1.641 eV，比所比较锌晶面中的最强吸附值Zn(101)的−1.55 eV更负，支持HEA具有更强的亲锌性。与此同时，水分子在HEA上的吸附能为−0.174 eV，比Zn(002)上的−0.231 eV更接近零，说明其对水的吸附较弱。这种对Zn2+与水的不同亲和作用，为富锌、贫水界面的形成提供了理论依据。电化学测试得到的双电层电容由94.83降至27.02 μF cm-2，Zn2+迁移数由0.211提高至0.458。结合零电荷电位变化和分子动力学模拟中更靠近界面的Zn2+富集现象，这些结果共同支持双电层结构被重新调节，以及锌离子传输选择性得到改善。不同金属组分具有不同的电子结构，Ni、Co等组分的自旋差异又进一步丰富了d带中心分布。研究据此提出，多样化位点能够提供差异化配位环境，促进锌离子的后续界面传输。单金属及不同组分合金的对照实验显示，随位点电子结构的多样化，传质极限电流和Sand容量总体提高，与Zn2+补给改善、局部耗尽延后相一致。温度依赖阻抗分析显示，采用HEA GF/D后，界面过程的表观活化能由28.77降至8.79 kJ mol-1。逐步脱溶剂化的自由能计算也表明，HEA能够降低多个脱水步骤的自由能代价。计算与实验共同支持：高熵合金通过整体吸引和局部差异化配位，协同改善锌离子到达界面及继续参与反应的过程。图3. 副反应抑制与锌负极长循环稳定性(a)Tafel曲线；(b)不同静置时间后锌负极的拉曼光谱；(c)静置1至7天后的XRD图谱；(d)腐蚀后锌表面的CLSM形貌；(e)电化学稳定窗口及析氢、析氧相关电位；(f)Zn||Cu库仑效率；(g)对应电压曲线；(h、i)5 mA cm-2／5 mAh cm-2和1 mA cm-2／1 mAh cm-2条件下的Zn||Zn循环；(j)60%放电深度测试；(k)倍率性能。▲腐蚀测试表明，采用HEA GF/D后，拟合得到的腐蚀电流密度由3.193降至0.207 mA cm-2。原始GF/D体系中的锌负极在静置期间逐渐出现Zn(OH)2、ZnO及碱式硫酸锌等副产物的表征信号；在所比较的1至7天静置测试中，HEA GF/D体系未出现相应的明显特征信号，锌表面形貌也保持得更好。除静置腐蚀外，修饰隔膜还降低了水参与电化学副反应的倾向。测试中，析氢相关电位负移44 mV，析氧相关电位正移53 mV，与界面水参与受到抑制的判断相一致。减少副反应能够降低活性锌和电解液的持续损失，为提高沉积与剥离可逆性创造条件。在1 mA cm-2、1 mAh cm-2条件下，HEA GF/D使Zn||Cu电池稳定循环700次，平均库仑效率达到99.69%，而原始GF/D对照电池在约50次循环后失效。Zn||Zn对称电池在5 mA cm-2、5 mAh cm-2下运行超过1000 h，在1 mA cm-2、1 mAh cm-2下运行超过4000 h。为考察受限锌用量下的表现，研究在铜箔上预沉积1 mAh cm-2的锌，并以0.6 mA cm-2、60%放电深度进行测试。HEA GF/D体系可稳定运行超过600 h，原始GF/D体系则在约70 h后出现明显极化上升。倍率测试中，HEA GF/D也保持了更稳定的电压响应。这些结果说明，界面调控能够同时改善循环寿命、锌利用和变化电流条件下的运行稳定性。研究结论本研究通过在商用玻璃纤维隔膜上构筑碳负载Cu–In–Ni–Co–Sn高熵合金层，将锌离子的界面富集、后续传输与界面水调节结合起来。高熵合金整体的亲锌性促进Zn2+由体相向双电层富集，多样化d带中心提供差异化配位环境，促进锌离子继续到达反应位点；复合层对水的较弱亲和作用则减少副反应来源。由此形成的界面有利于均匀锌沉积，并提高锌沉积与剥离的可逆性。这项工作的启示在于，界面材料设计可以同时关注材料整体的吸附选择性与局部位点的电子结构分布。两者共同决定离子的供给和后续反应过程。未来可进一步围绕合金组分、位点电子结构和功能层负载方式开展优化，并在更高正极面容量、更低N/P比及受限电解液用量下检验其效果，推动两阶段界面传质调控向更接近实际应用的水系锌电池发展。文献信息文章题目：Understanding the Two-Stage Interfacial Mass Transfer of Zn2+Ions in Aqueous Zinc Batteries作者：Mingcong Tang, Ang Li, Xiaoyu Huo, Xiaohong Zou, Maochun Wu, Zongping Shao*, Liang An*(*为通讯作者)期刊：Advanced Materials(Adv. Mater.)，2026，e75047DOI：10.1002/adma.75047原文链接：https://doi.org/10.1002/adma.75047团队介绍安亮教授简介：香港理工大学机械工程学系教授，于2008年获哈尔滨工业大学学士学位和2012年获香港科技大学博士学位。目前主要从事新能源转换与储存技术的基础研究。已发表SCI论文100余篇，主编燃料电池领域学术专著1部。目前担任中国工程热物理学会传热传质分会青年工作委员会委员，还担任了国际期刊《Future Batteries》主编、《Journal of Energy Storage》及《HKIE Transactions》副主编、《Energy and AI》、《Global Challenges》、《Current Opinion in Electrochemistry》及《Sustainable Energy Technologies and Assessments》客座编辑。主持或参与国家自然科学基金委及香港研究资助局多项研究课题。邵宗平教授简介：邵宗平教授简介：原Curtin University John Curtin Distinguished Professor, 2026年7月起加入香港理工大学建筑环境及能源工程学系，任讲座教授，主要研究领域包括燃料电池(固体氧化物燃料电池)，陶瓷分离膜，低温氧催化、氢催化反应，钙钛矿太阳能电池，锂/钠/锌离子电池，超级电容器，水处理，传感器等。多篇研究成果发表在Nature、Science、Nature Energy、Nature Review Prime Method、Nature Catalysis 和Nature Communications 等主流国际期刊上。所有论文总引用109000余次，h-index为162，分别于2014、2017-2025年入选世界高被引科学家，其中2025年是材料，化学及环境三个领域的高被引学者。目前是国际期刊Energy & Fuels的副主编及Materials Reports: Energy的执行主编。文章来源：科学材料站《固态电池行业技术发展与市场投资前景分析》《钠离子电池技术发展与产业前景研究报告》《富锂锰基动力电池产业研究及其市场前景分析》《中国全固态薄膜电池和全固态超级电容器技术与市场调研报告》《中国高能量高功率锂离子电池负极材料技术发展与市场投资规划报告》▲以上报告由深水科技咨询制作 咨询电话：***********不喜欢水系锌电池兼具水系电解液的安全优势和锌资源丰富、成本较低等特点，是受到广泛关注的储能体系。",,,,pending
体育总局局长：亚运会部分传统优势项目遇到挑战，成绩不及预期,财联社,财联社,21C API,normal,2026-09-27T22:47:47+08:00,,据中国体育报，今天上午，中国体育代表团召开工作会议，总结第20届亚运会前半程参赛情况，分析研判形势，部署后半程参赛工作。中国体育代表团团长、体育总局局长、党组书记高志丹主持会议并讲话。代表团副团长、体育总局副局长、党组成员李静、佟立新出席会议并提出工作要求。高志丹指出，亚运会开赛以来，代表团广大运动员、教练员团结协作、顽强拼搏、奋勇争先，较好地完成了前半程参赛任务，展现了为国争光的家国情怀和敢于争胜的优良作风，展现了国运盛体育兴的坚实底气和大国风范，展现了体育强国建设的阶段性成果，展现了国家队思想政治工作的优势和代表团严明纪律的成效，是中国特色社会主义现代化建设在体育领域的生动实践。高志丹强调,http://mp.weixin.qq.com/s?__biz=Mzg5MzEyNzEwNQ==&mid=2247855065&idx=1&sn=70a072f079b0ff265fa2972d361910fa,,据中国体育报，今天上午，中国体育代表团召开工作会议，总结第20届亚运会前半程参赛情况，分析研判形势，部署后半程参赛工作。中国体育代表团团长、体育总局局长、党组书记高志丹主持会议并讲话。代表团副团长、体育总局副局长、党组成员李静、佟立新出席会议并提出工作要求。高志丹指出，亚运会开赛以来，代表团广大运动员、教练员团结协作、顽强拼搏、奋勇争先，较好地完成了前半程参赛任务，展现了为国争光的家国情怀和敢于争胜的优良作风，展现了国运盛体育兴的坚实底气和大国风范，展现了体育强国建设的阶段性成果，展现了国家队思想政治工作的优势和代表团严明纪律的成效，是中国特色社会主义现代化建设在体育领域的生动实践。高志丹强调，要清醒看到，面临激烈竞争，部分传统优势项目遇到挑战，成绩不及预期，暴露出在人才厚度、临场指挥、状态调整等方面的短板，一些项目在训练组织、队伍管理等方面也存在一些问题，需要高度警惕，及时解决。,,,,pending
一技校101名毕业生入职北大，老师：虽然学生没考上北大清华，但他们能去北大清华工作,科技日报,科技日报,"21C API, 实验室",normal,2026-09-27T22:45:10+08:00,,近日，河南化工技师学院绝活亮相世界技能大赛舞台。该校老师告诉记者，学校的电子显微镜技术专业全国唯一，学生在读大学二年级时就被企业预订，目前累计有101名毕业生入职北京大学，“我们的学生虽然没考上北大清华，但他们能去北大清华工作”。老师介绍，学生一般是在实验室里做科研助手。有一些学生去到北京的公司工作，月薪两三万元是不成问题的。公开信息显示，2012年，河南化工技师学院在全国率先开设全日制电子显微镜技术专业，这个“高精尖”专业的开设源于学校捕捉到材料工程、生命科学等领域电镜人才的用人缺口。14年来，学校组建起由国内外电镜行业顶级专家组成的教育教学指导委员会，向社会输送496名毕业生，其中101人,http://mp.weixin.qq.com/s?__biz=MzI3NDI5MjI4OQ==&mid=2247899861&idx=1&sn=0e59d3368d665be703ec1c8c8c07ce69,,近日，河南化工技师学院绝活亮相世界技能大赛舞台。该校老师告诉记者，学校的电子显微镜技术专业全国唯一，学生在读大学二年级时就被企业预订，目前累计有101名毕业生入职北京大学，“我们的学生虽然没考上北大清华，但他们能去北大清华工作”。老师介绍，学生一般是在实验室里做科研助手。有一些学生去到北京的公司工作，月薪两三万元是不成问题的。公开信息显示，2012年，河南化工技师学院在全国率先开设全日制电子显微镜技术专业，这个“高精尖”专业的开设源于学校捕捉到材料工程、生命科学等领域电镜人才的用人缺口。14年来，学校组建起由国内外电镜行业顶级专家组成的教育教学指导委员会，向社会输送496名毕业生，其中101人入职北京大学，32人入职浙江大学，21人入职中国科学院生物物理研究所。来源：科技日报（记者 吴叶凡）、顶端新闻 封面图来自河南化工技师学院编辑：王曼茜审核：张爽,,,,pending
【公告全知道】芯片+先进封装+存储芯片+核电！公司引线框架通过国内主要半导体封装企业认证,财联社,财联社,"21C API, 产能, 认证",normal,2026-09-27T22:31:13+08:00,,①芯片+先进封装+存储芯片+核电！这家公司引线框架、键合丝等主要产品均通过国内各主要半导体封装企业认证；②PCB+光模块+工业母机+机器视觉！这家公司钻针月产能已突破1.6亿支；③CPO+光模块+铜缆高速连接！公司拟3亿元投建高速率光模块生产线。,http://mp.weixin.qq.com/s?__biz=Mzg5MzEyNzEwNQ==&mid=2247855057&idx=1&sn=320e2a26135cd32240cd8a2df63fcb5e,,①芯片+先进封装+存储芯片+核电！这家公司引线框架、键合丝等主要产品均通过国内各主要半导体封装企业认证；②PCB+光模块+工业母机+机器视觉！这家公司钻针月产能已突破1.6亿支；③CPO+光模块+铜缆高速连接！公司拟3亿元投建高速率光模块生产线。,,,,pending
港城大朱宗龙&伦敦帝国理工学院Nicola Gasparini最新EES：二茂铁基中间层整体设计策略用于超低噪声钙钛矿光电探测器及高效太阳能电池,钙钛矿太阳能电池,钙钛矿太阳能电池,"RIOnews API, 钙钛矿, 柔性钙钛矿, 学术研究, 大学, 教授",normal,2026-09-27T22:29:32+08:00,,基于有机金属二茂铁（Fc）的中间层已成为下一代钙钛矿光电器件中有效的界面调控材料。Fc核心的热稳定性及其可逆的Fc/Fc+氧化还原对，结合羰基连接基团，使其能够与卤化物相关缺陷发生强配位并调节前线轨道能级，从而分别降低钙钛矿太阳能电池和钙钛矿光电探测器中的非辐射复合与暗电流。然而，既往研究多侧重于特定应用，导致对跨越不同器件工作条件的分子设计原则的理解尚显不足。鉴于此，2026年9月22日伦敦帝国理工学院Nicholas J. Long&Nicola Gasparini&香港城市大学朱宗龙于EES刊发二茂铁基中间层整体设计策略用于超低噪声钙钛矿光电探测器及高效太阳能电池的研究成果，本研究系统考,http://mp.weixin.qq.com/s?__biz=MzIwNDAzNzcwMA==&mid=2456844892&idx=3&sn=1cfa58c74d04a9af9ee83b6a02d8a01b,,基于有机金属二茂铁（Fc）的中间层已成为下一代钙钛矿光电器件中有效的界面调控材料。Fc核心的热稳定性及其可逆的Fc/Fc+氧化还原对，结合羰基连接基团，使其能够与卤化物相关缺陷发生强配位并调节前线轨道能级，从而分别降低钙钛矿太阳能电池和钙钛矿光电探测器中的非辐射复合与暗电流。然而，既往研究多侧重于特定应用，导致对跨越不同器件工作条件的分子设计原则的理解尚显不足。鉴于此，2026年9月22日伦敦帝国理工学院Nicholas J. Long&Nicola Gasparini&香港城市大学朱宗龙于EES刊发二茂铁基中间层整体设计策略用于超低噪声钙钛矿光电探测器及高效太阳能电池的研究成果，本研究系统考察了苯基或呋喃基封端、且通过酯基或酮基连接的Fc中间层在钙钛矿太阳能电池和钙钛矿光电探测器中的表现。通过引入Fc衍生物中间层，证实封端基团的性质对界面能级结构起决定性作用，进而主导器件性能。苯基Fc中间层在钙钛矿表面产生显著的电势阶跃（表现为功函数WF的偏移），从而形成抑制反向偏压下空穴注入的局部静电势垒，降低暗电流密度（JD）并提高信噪比。相比之下，呋喃基类似物引起的WF偏移可忽略不计，界面注入势垒保持不变；其光照诱导的能带弯曲反而促进了电荷的平衡提取，同时钝化了表面缺陷态。与酮基和酯基连接相关的电化学电位差异解释了各自的性能趋势：前者更适合提升钙钛矿光电探测器性能，而后者在光伏应用中更具优势。最终，经二茂铁双呋喃甲酸酯（F2）修饰的钙钛矿太阳能电池实现了26.51%的顶尖光电转换效率；而经二茂铁双苯基酮（Ph1）修饰的钙钛矿光电探测器则展现出卓越的比探测率，在-0.5 V偏压（690 nm波长）下达到1.1×10¹³ Jones。这些设计准则凸显了有机金属材料在钙钛矿光电器件中的广泛适用性。原文：https://pubs.rsc.org/ee/article/doi/10.1039/D6EE02958B/1360270/Holistic-Design-Strategy-of-Ferrocene-Based?searchresult=1钙钛矿方向课题组网站NREL网站：https://www.nrel.gov/pv/cell-efficiency.htmlGratzel课题组网站：http://lpi.epfl.ch/publicationsSnaith课题组网站：https://www2.physics.ox.ac.uk/contacts/people/snaith/publicationsYangYang课题组网站：https://yylab.seas.ucla.edu/publications.html黄劲松课题组网站：https://huangjinsong.wixsite.com/group/publications李美成课题组网站：https://nemd.ncepu.edu.cn/戚亚冰课题组网站：https://groups.oist.jp/emssu/publications周欢萍课题组网站：https://happyzhou.wixsite.com/happylabs金松课题组网站：https://jin.chem.wisc.edu/content/song-jin陈棋课题组网站：https://cheerslab.net/丁黎明课题组网站：http://www.nanoctr.cn/opv/yjcg/孟庆波课题组网站：http://solar.iphy.ac.cn/index.php/?page_id=5103张春福课题组网站：https://web.xidian.edu.cn/cfzhang/Jin Young Kim 课题组网站：https://ngel.unist.ac.kr/papers/Nam-Gyu Park课题组网站：http://ngpl.skku.edu/sub/sub04_01.php?cat_no=37&sNum=1叶轩立课题组网站：https://www.yipgroup.info/research唐江课题组网站：：http://tfsc.wnlo.hust.edu.cn/info/1153/1594.htmSargent课题组网站：https://light.utoronto.ca/publications/2021-1/Seok课题组网站：https://seoksi.unist.ac.kr/publication/周圆圆课题组网站：https://www.alvinyzhou.com/all-papers王漾课题组网站：https://www.x-mol.com/groups/steven_wangyang陈树林（钙钛矿透射电子显微学）网站：http://grzy.hnu.edu.cn/site/index/chenshulin赵清课题组网站：http://faculty.pku.edu.cn/~vuaQVn/zh_CN/index.htm钙钛矿LED世界记录每日更新蓝光钙钛矿LED最高EQE26.4% 保持团队：浙江大学狄大卫&叶志镇&戴兴良团队 更新时间：2024年7月17日红光钙钛矿LED最高EQE32.5% 保持团队： 中科院半导体所张兴旺&游经碧 更新时间：2025年5月23日红光叠层钙钛矿LED最高EQE45.5% 保持团队： 南京工业大学王娜娜&黄维&王建浦 更新时间：2025年11月11日 绿光钙钛矿LED最高EQE31% 保持团队：华南理工大学陈江山&马东阁&澳门大学邢贵川 更新时间：2024年9月23日钙钛矿太阳能电池世界记录每日更新钙钛矿太阳能电池最高稳态认证光电转化效率28% 保持单位：海南大学钙钛矿/硅叠层太阳能电池最高认证光电转化效率35.5% 保持单位：隆基钙钛矿/TOPcon叠层太阳能电池最高认证光电转化效率34.76% 保持单位：晶科能源钙钛矿/PERC叠层太阳能电池最高光电转化效率30.05% 保持单位：首尔大学Jin Young Kim柔性钙钛矿/硅叠层太阳能电池最高认证光电转化效率33.6% 保持单位：苏州大学杨新波&张晓宏&阿卜杜拉国王科技大学De Wolf钙钛矿/CIGS叠层太阳能电池最高认证光电转化效率30.1% 保持单位：武汉大学李建民&王胜&龚俊波&肖旭东钙钛矿/钙钛矿/硅三结叠层太阳能电池最高认证光电转化效率27.06% 保持单位：悉尼大学郑将辉&Anita W. Y. Ho-Baillie&厦门大学陈忠&深圳黑晶光电技术有限公司段磊平1cm² 钙钛矿太阳能电池最高光电转化效率26.90% 保持单位：苏州大学/新南威尔士大学/白马湖实验室52cm² 钙钛矿太阳能电池最高光电转化效率26.48% 保持单位：万度光能900cm² 钙钛矿太阳能电池最高光电转化效率24.36% 保持单位：脉络能源户内光伏最高效率44.72% 保持团队：中国暨南大学王有生&麦耀华团队 更新时间：2024年1月12日钙钛矿室内光伏组件最高认证孔径面积效率34.94%/国家光伏产业计量测试中心认证(12.80 cm2) 保持团队：暨南大学麦耀华教授团队钙钛矿/钙钛矿叠层太阳能电池最高光电转化效率/JET认证28.2% (1.038cm2) 保持团队：南京大学&仁烁光电钙钛矿/钙钛矿叠层太阳能电池最高认证效率31.55% 保持团队：光因科技钙钛矿/OPV叠层太阳能电池最高认证效率26.42% 保持团队：青岛大学刘玉强&欧阳丹&薄志山&南方科技大学丘龙斌&北京师范大学张文凯&四川大学李鸿祥 更新时间：2025年10月9日露天制备钙钛矿太阳能电池最高效率26.5% 保持团队：中国华北电力大学李美成团队 更新时间：2025年9月28日钙钛矿太阳能电池低温运行最高效率26.12% 保持团队：中国陕西师范大学赵奎团队 更新时间：2023年8月31日锡铅混合钙钛矿太阳能电池最高效率24.13% 保持团队：上海交通大学陈汉团队 更新时间：2024年8月12日宽带隙（1.67 eV）钙钛矿太阳能电池最高效率25.03% 保持团队：中科院半导体所蒋琦&游经碧 更新时间：2025年12月12日宽带隙（1.76 eV）钙钛矿太阳能电池最高效率21.42% 保持团队：河北大学杨少鹏&何庭伟 更新时间：2025年7月18日柔性钙钛矿太阳能电池最高效率26.61% 保持团队：九江市柔烁光电科技有限公司 更新时间：2024年9月28日二维钙钛矿太阳能电池（n=5）最高效率22.73% 保持团队：南昌大学胡婷&陈义旺 更新时间：2024年10月15日锡基钙钛矿太阳能电池最高效率17.89% 保持团队：复旦大学梁佳&南京理工大学徐勃&上海交通大学戚亚冰 更新时间：2025年10月15日全无机钙钛矿太阳能电池最高效率22.49% 保持团队：陕西师范大学田庆文&刘生忠 更新时间：2025年8月12日CsSnI3钙钛矿太阳能电池最高效率14.95% 保持团队：华中科技大学申燕&王鸣魁 更新时间：2025年5月21日FASnI3钙钛矿太阳能电池最高效率15.7% 保持团队：上海科技大学米启兮 更新时间：2024年4月2日碳电极钙钛矿太阳能电池最高效率23.6% 保持团队：大连理工大学王宇迪&史彦涛 更新时间：2025年11月5日无HTM碳电极全无机钙钛矿太阳能电池最高效率19.65％ 保持团队：华南农业大学饶华商&钟新华团队 更新时间：2025年1月13日无HTM碳电极钙钛矿太阳能电池最高效率20.1％ 保持团队：华南农业大学潘振晓&钟新华 更新时间：2024年5月31日CsPbI2Br钙钛矿太阳能电池最高效率18.14% 保持团队：北京化工大学李明华&化学所胡劲松 更新时间：2024年1月17日钙钛矿量子点太阳能电池的最高效率19.01% 保持团队：苏州大学袁建宇 更新时间：2025年8月15日 注：每个蓝色文字部分都带有超链接，超链接每篇都有参考文献，这里就不一一标注参考文献了。 此外，还有哪些没有归纳的记录，或者有新突破的记录，可以文末留言或者后台留言，以后每日及时更新。 国内最大钙钛矿电池QQ交流群，微信群添微信lili514091，欢迎加入点击阅读原文可获取原文仅用于学术分享，如有侵权，请联系删除。阅读原文不喜欢2026年9月22日伦敦帝国理工学院Nicholas J. Long\x26amp;Nicola Gasparini\x26amp;香港城市大学朱宗龙于EES刊发二茂铁基中间层整体设计策略用于超低噪声钙钛矿光电探测器及高效太阳能电池的研究成果。,,,,pending
吉林大学张晓宇最新AM：CsSnBr3表面的自适应分子钝化实现高效稳定的LED,钙钛矿太阳能电池,钙钛矿太阳能电池,"RIOnews API, 钙钛矿, 柔性钙钛矿, 学术研究, 大学, 教授",normal,2026-09-27T22:29:32+08:00,,锡卤化物钙钛矿是一类极具前景的无铅发光材料，但其晶格柔软且化学性质不稳定，导致界面稳定化面临固有挑战。在CsSnBr3中，波动的表面配位和结构不稳定性会诱发缺陷形成、非辐射复合以及器件性能的快速衰减。现有的分子钝化策略主要依赖于静态结合模式（如单点配位和刚性多齿锚定），这些模式难以适应动态变化的钙钛矿表面。鉴于此，2026年9月25日吉林大学Xinjiang Wang&张晓宇于AM刊发CsSnBr3表面的自适应分子钝化实现高效稳定的LED的研究成果，本研究展示了一种名为2-呋喃乙铵硫氰酸盐（FEASCN）的离子型多齿钝化剂，它结合了强离子对内关联与受限的构型柔性，能够实现对CsSnBr3发光材,http://mp.weixin.qq.com/s?__biz=MzIwNDAzNzcwMA==&mid=2456844892&idx=2&sn=e8232ede5ee8552c582a9facc7528c58,,锡卤化物钙钛矿是一类极具前景的无铅发光材料，但其晶格柔软且化学性质不稳定，导致界面稳定化面临固有挑战。在CsSnBr3中，波动的表面配位和结构不稳定性会诱发缺陷形成、非辐射复合以及器件性能的快速衰减。现有的分子钝化策略主要依赖于静态结合模式（如单点配位和刚性多齿锚定），这些模式难以适应动态变化的钙钛矿表面。鉴于此，2026年9月25日吉林大学Xinjiang Wang&张晓宇于AM刊发CsSnBr3表面的自适应分子钝化实现高效稳定的LED的研究成果，本研究展示了一种名为2-呋喃乙铵硫氰酸盐（FEASCN）的离子型多齿钝化剂，它结合了强离子对内关联与受限的构型柔性，能够实现对CsSnBr3发光材料的自适应稳定化。FEASCN能够针对晶格振动和波动的表面配位发生适度的构型松弛，从而保持持久的表面匹配，避免从界面脱落。这种自适应配位作用有效抑制了缺陷，稳定了晶格，提升了薄膜质量，并促进了更均衡的载流子注入。基于该策略构建的CsSnBr3发光二极管（LED）实现了1344 cd m⁻²的峰值亮度、2.64%的创纪录外量子效率，且工作稳定性提升了六倍。这些发现确立了“动态表面匹配”作为实现高效稳定无铅钙钛矿电致发光的一条重要途径。原文：https://advanced.onlinelibrary.wiley.com/doi/epdf/10.1002/adma.75163钙钛矿方向课题组网站NREL网站：https://www.nrel.gov/pv/cell-efficiency.htmlGratzel课题组网站：http://lpi.epfl.ch/publicationsSnaith课题组网站：https://www2.physics.ox.ac.uk/contacts/people/snaith/publicationsYangYang课题组网站：https://yylab.seas.ucla.edu/publications.html黄劲松课题组网站：https://huangjinsong.wixsite.com/group/publications李美成课题组网站：https://nemd.ncepu.edu.cn/戚亚冰课题组网站：https://groups.oist.jp/emssu/publications周欢萍课题组网站：https://happyzhou.wixsite.com/happylabs金松课题组网站：https://jin.chem.wisc.edu/content/song-jin陈棋课题组网站：https://cheerslab.net/丁黎明课题组网站：http://www.nanoctr.cn/opv/yjcg/孟庆波课题组网站：http://solar.iphy.ac.cn/index.php/?page_id=5103张春福课题组网站：https://web.xidian.edu.cn/cfzhang/Jin Young Kim 课题组网站：https://ngel.unist.ac.kr/papers/Nam-Gyu Park课题组网站：http://ngpl.skku.edu/sub/sub04_01.php?cat_no=37&sNum=1叶轩立课题组网站：https://www.yipgroup.info/research唐江课题组网站：：http://tfsc.wnlo.hust.edu.cn/info/1153/1594.htmSargent课题组网站：https://light.utoronto.ca/publications/2021-1/Seok课题组网站：https://seoksi.unist.ac.kr/publication/周圆圆课题组网站：https://www.alvinyzhou.com/all-papers王漾课题组网站：https://www.x-mol.com/groups/steven_wangyang陈树林（钙钛矿透射电子显微学）网站：http://grzy.hnu.edu.cn/site/index/chenshulin赵清课题组网站：http://faculty.pku.edu.cn/~vuaQVn/zh_CN/index.htm钙钛矿LED世界记录每日更新蓝光钙钛矿LED最高EQE26.4% 保持团队：浙江大学狄大卫&叶志镇&戴兴良团队 更新时间：2024年7月17日红光钙钛矿LED最高EQE32.5% 保持团队： 中科院半导体所张兴旺&游经碧 更新时间：2025年5月23日红光叠层钙钛矿LED最高EQE45.5% 保持团队： 南京工业大学王娜娜&黄维&王建浦 更新时间：2025年11月11日 绿光钙钛矿LED最高EQE31% 保持团队：华南理工大学陈江山&马东阁&澳门大学邢贵川 更新时间：2024年9月23日钙钛矿太阳能电池世界记录每日更新钙钛矿太阳能电池最高稳态认证光电转化效率28% 保持单位：海南大学钙钛矿/硅叠层太阳能电池最高认证光电转化效率35.5% 保持单位：隆基钙钛矿/TOPcon叠层太阳能电池最高认证光电转化效率34.76% 保持单位：晶科能源钙钛矿/PERC叠层太阳能电池最高光电转化效率30.05% 保持单位：首尔大学Jin Young Kim柔性钙钛矿/硅叠层太阳能电池最高认证光电转化效率33.6% 保持单位：苏州大学杨新波&张晓宏&阿卜杜拉国王科技大学De Wolf钙钛矿/CIGS叠层太阳能电池最高认证光电转化效率30.1% 保持单位：武汉大学李建民&王胜&龚俊波&肖旭东钙钛矿/钙钛矿/硅三结叠层太阳能电池最高认证光电转化效率27.06% 保持单位：悉尼大学郑将辉&Anita W. Y. Ho-Baillie&厦门大学陈忠&深圳黑晶光电技术有限公司段磊平1cm² 钙钛矿太阳能电池最高光电转化效率26.90% 保持单位：苏州大学/新南威尔士大学/白马湖实验室52cm² 钙钛矿太阳能电池最高光电转化效率26.48% 保持单位：万度光能900cm² 钙钛矿太阳能电池最高光电转化效率24.36% 保持单位：脉络能源户内光伏最高效率44.72% 保持团队：中国暨南大学王有生&麦耀华团队 更新时间：2024年1月12日钙钛矿室内光伏组件最高认证孔径面积效率34.94%/国家光伏产业计量测试中心认证(12.80 cm2) 保持团队：暨南大学麦耀华教授团队钙钛矿/钙钛矿叠层太阳能电池最高光电转化效率/JET认证28.2% (1.038cm2) 保持团队：南京大学&仁烁光电钙钛矿/钙钛矿叠层太阳能电池最高认证效率31.55% 保持团队：光因科技钙钛矿/OPV叠层太阳能电池最高认证效率26.42% 保持团队：青岛大学刘玉强&欧阳丹&薄志山&南方科技大学丘龙斌&北京师范大学张文凯&四川大学李鸿祥 更新时间：2025年10月9日露天制备钙钛矿太阳能电池最高效率26.5% 保持团队：中国华北电力大学李美成团队 更新时间：2025年9月28日钙钛矿太阳能电池低温运行最高效率26.12% 保持团队：中国陕西师范大学赵奎团队 更新时间：2023年8月31日锡铅混合钙钛矿太阳能电池最高效率24.13% 保持团队：上海交通大学陈汉团队 更新时间：2024年8月12日宽带隙（1.67 eV）钙钛矿太阳能电池最高效率25.03% 保持团队：中科院半导体所蒋琦&游经碧 更新时间：2025年12月12日宽带隙（1.76 eV）钙钛矿太阳能电池最高效率21.42% 保持团队：河北大学杨少鹏&何庭伟 更新时间：2025年7月18日柔性钙钛矿太阳能电池最高效率26.61% 保持团队：九江市柔烁光电科技有限公司 更新时间：2024年9月28日二维钙钛矿太阳能电池（n=5）最高效率22.73% 保持团队：南昌大学胡婷&陈义旺 更新时间：2024年10月15日锡基钙钛矿太阳能电池最高效率17.89% 保持团队：复旦大学梁佳&南京理工大学徐勃&上海交通大学戚亚冰 更新时间：2025年10月15日全无机钙钛矿太阳能电池最高效率22.49% 保持团队：陕西师范大学田庆文&刘生忠 更新时间：2025年8月12日CsSnI3钙钛矿太阳能电池最高效率14.95% 保持团队：华中科技大学申燕&王鸣魁 更新时间：2025年5月21日FASnI3钙钛矿太阳能电池最高效率15.7% 保持团队：上海科技大学米启兮 更新时间：2024年4月2日碳电极钙钛矿太阳能电池最高效率23.6% 保持团队：大连理工大学王宇迪&史彦涛 更新时间：2025年11月5日无HTM碳电极全无机钙钛矿太阳能电池最高效率19.65％ 保持团队：华南农业大学饶华商&钟新华团队 更新时间：2025年1月13日无HTM碳电极钙钛矿太阳能电池最高效率20.1％ 保持团队：华南农业大学潘振晓&钟新华 更新时间：2024年5月31日CsPbI2Br钙钛矿太阳能电池最高效率18.14% 保持团队：北京化工大学李明华&化学所胡劲松 更新时间：2024年1月17日钙钛矿量子点太阳能电池的最高效率19.01% 保持团队：苏州大学袁建宇 更新时间：2025年8月15日 注：每个蓝色文字部分都带有超链接，超链接每篇都有参考文献，这里就不一一标注参考文献了。 此外，还有哪些没有归纳的记录，或者有新突破的记录，可以文末留言或者后台留言，以后每日及时更新。 国内最大钙钛矿电池QQ交流群，微信群添微信lili514091，欢迎加入点击阅读原文可获取原文仅用于学术分享，如有侵权，请联系删除。阅读原文不喜欢2026年9月25日吉林大学Xinjiang Wang\x26amp;张晓宇于AM刊发CsSnBr3表面的自适应分子钝化实现高效稳定的LED的研究成果。,,,,pending
南华大学周贤勇&王行柱&刘畅最新AM：29.63%！前驱体水平分子偶联实现高填充因子宽带隙钙钛矿太阳能电池及29.63%效率全钙钛矿叠层电池,钙钛矿太阳能电池,钙钛矿太阳能电池,"RIOnews API, 钙钛矿, 全钙钛矿叠层, 柔性钙钛矿, 学术研究, 大学, 教授",normal,2026-09-27T22:29:32+08:00,,带隙约为1.78 eV的宽带隙钙钛矿对于制备单片全钙钛矿叠层电池至关重要，但其效率和稳定性往往受限于复杂的前驱体化学性质、不可控的结晶过程、缺陷形成以及光诱导卤素偏析等问题。鉴于此，2026年9月27日南华大学周贤勇&王行柱&刘畅于AM刊发前驱体水平分子偶联实现高填充因子宽带隙钙钛矿太阳能电池及29.63%效率全钙钛矿叠层电池的研究成果，本文报道了一种用于Cs/甲脒（CsFA）基富溴宽带隙钙钛矿的前驱体级调节剂——4-(3-氨基甲脒基胍基)苯甲酸盐酸盐（CGBA）。CGBA通过与铅-卤素物种及有机阳离子发生动态相互作用，调节了前驱体的局部环境，并改变了旋涂和退火过程中的成膜行为。这种调节作用能,http://mp.weixin.qq.com/s?__biz=MzIwNDAzNzcwMA==&mid=2456844892&idx=1&sn=1c6de89163d8b9747bf8591ae141bf4b,,带隙约为1.78 eV的宽带隙钙钛矿对于制备单片全钙钛矿叠层电池至关重要，但其效率和稳定性往往受限于复杂的前驱体化学性质、不可控的结晶过程、缺陷形成以及光诱导卤素偏析等问题。鉴于此，2026年9月27日南华大学周贤勇&王行柱&刘畅于AM刊发前驱体水平分子偶联实现高填充因子宽带隙钙钛矿太阳能电池及29.63%效率全钙钛矿叠层电池的研究成果，本文报道了一种用于Cs/甲脒（CsFA）基富溴宽带隙钙钛矿的前驱体级调节剂——4-(3-氨基甲脒基胍基)苯甲酸盐酸盐（CGBA）。CGBA通过与铅-卤素物种及有机阳离子发生动态相互作用，调节了前驱体的局部环境，并改变了旋涂和退火过程中的成膜行为。这种调节作用能够缓和结晶过程、促进晶体织构形成、减少由缺陷态介导的非辐射复合，并抑制光诱导卤素偏析。经优化后，带隙为 1.78 eV 的单结器件实现了21.43%的光电转换效率和85.89%的填充因子；该填充因子值在带隙范围为1.75–1.79 eV的单结宽带隙钙钛矿太阳能电池中处于领先水平。该策略具有良好的普适性，适用于多种组分和制备条件，分别实现了27.32%(1.53 eV)、23.91%(1.68 eV)、18.75%(1.85 eV)和26.08%(1.58 eV，无反溶剂工艺)的效率。在氮气氛围下储存4500小时后，未封装的目标器件仍能保持初始效率的93%。当集成到单片全钙钛矿叠层电池中时，经CGBA优化的宽带隙子电池助力叠层器件实现了29.63%的实验室实测效率。这项工作确立了前驱体级调节策略在制备高效、稳定的宽带隙钙钛矿及全钙钛矿叠层电池中的应用价值。原文：https://advanced.onlinelibrary.wiley.com/doi/10.1002/adma.75165钙钛矿方向课题组网站NREL网站：https://www.nrel.gov/pv/cell-efficiency.htmlGratzel课题组网站：http://lpi.epfl.ch/publicationsSnaith课题组网站：https://www2.physics.ox.ac.uk/contacts/people/snaith/publicationsYangYang课题组网站：https://yylab.seas.ucla.edu/publications.html黄劲松课题组网站：https://huangjinsong.wixsite.com/group/publications李美成课题组网站：https://nemd.ncepu.edu.cn/戚亚冰课题组网站：https://groups.oist.jp/emssu/publications周欢萍课题组网站：https://happyzhou.wixsite.com/happylabs金松课题组网站：https://jin.chem.wisc.edu/content/song-jin陈棋课题组网站：https://cheerslab.net/丁黎明课题组网站：http://www.nanoctr.cn/opv/yjcg/孟庆波课题组网站：http://solar.iphy.ac.cn/index.php/?page_id=5103张春福课题组网站：https://web.xidian.edu.cn/cfzhang/Jin Young Kim 课题组网站：https://ngel.unist.ac.kr/papers/Nam-Gyu Park课题组网站：http://ngpl.skku.edu/sub/sub04_01.php?cat_no=37&sNum=1叶轩立课题组网站：https://www.yipgroup.info/research唐江课题组网站：：http://tfsc.wnlo.hust.edu.cn/info/1153/1594.htmSargent课题组网站：https://light.utoronto.ca/publications/2021-1/Seok课题组网站：https://seoksi.unist.ac.kr/publication/周圆圆课题组网站：https://www.alvinyzhou.com/all-papers王漾课题组网站：https://www.x-mol.com/groups/steven_wangyang陈树林（钙钛矿透射电子显微学）网站：http://grzy.hnu.edu.cn/site/index/chenshulin赵清课题组网站：http://faculty.pku.edu.cn/~vuaQVn/zh_CN/index.htm钙钛矿LED世界记录每日更新蓝光钙钛矿LED最高EQE26.4% 保持团队：浙江大学狄大卫&叶志镇&戴兴良团队 更新时间：2024年7月17日红光钙钛矿LED最高EQE32.5% 保持团队： 中科院半导体所张兴旺&游经碧 更新时间：2025年5月23日红光叠层钙钛矿LED最高EQE45.5% 保持团队： 南京工业大学王娜娜&黄维&王建浦 更新时间：2025年11月11日 绿光钙钛矿LED最高EQE31% 保持团队：华南理工大学陈江山&马东阁&澳门大学邢贵川 更新时间：2024年9月23日钙钛矿太阳能电池世界记录每日更新钙钛矿太阳能电池最高稳态认证光电转化效率28% 保持单位：海南大学钙钛矿/硅叠层太阳能电池最高认证光电转化效率35.5% 保持单位：隆基钙钛矿/TOPcon叠层太阳能电池最高认证光电转化效率34.76% 保持单位：晶科能源钙钛矿/PERC叠层太阳能电池最高光电转化效率30.05% 保持单位：首尔大学Jin Young Kim柔性钙钛矿/硅叠层太阳能电池最高认证光电转化效率33.6% 保持单位：苏州大学杨新波&张晓宏&阿卜杜拉国王科技大学De Wolf钙钛矿/CIGS叠层太阳能电池最高认证光电转化效率30.1% 保持单位：武汉大学李建民&王胜&龚俊波&肖旭东钙钛矿/钙钛矿/硅三结叠层太阳能电池最高认证光电转化效率27.06% 保持单位：悉尼大学郑将辉&Anita W. Y. Ho-Baillie&厦门大学陈忠&深圳黑晶光电技术有限公司段磊平1cm² 钙钛矿太阳能电池最高光电转化效率26.90% 保持单位：苏州大学/新南威尔士大学/白马湖实验室52cm² 钙钛矿太阳能电池最高光电转化效率26.48% 保持单位：万度光能900cm² 钙钛矿太阳能电池最高光电转化效率24.36% 保持单位：脉络能源户内光伏最高效率44.72% 保持团队：中国暨南大学王有生&麦耀华团队 更新时间：2024年1月12日钙钛矿室内光伏组件最高认证孔径面积效率34.94%/国家光伏产业计量测试中心认证(12.80 cm2) 保持团队：暨南大学麦耀华教授团队钙钛矿/钙钛矿叠层太阳能电池最高光电转化效率/JET认证28.2% (1.038cm2) 保持团队：南京大学&仁烁光电钙钛矿/钙钛矿叠层太阳能电池最高认证效率31.55% 保持团队：光因科技钙钛矿/OPV叠层太阳能电池最高认证效率26.42% 保持团队：青岛大学刘玉强&欧阳丹&薄志山&南方科技大学丘龙斌&北京师范大学张文凯&四川大学李鸿祥 更新时间：2025年10月9日露天制备钙钛矿太阳能电池最高效率26.5% 保持团队：中国华北电力大学李美成团队 更新时间：2025年9月28日钙钛矿太阳能电池低温运行最高效率26.12% 保持团队：中国陕西师范大学赵奎团队 更新时间：2023年8月31日锡铅混合钙钛矿太阳能电池最高效率24.13% 保持团队：上海交通大学陈汉团队 更新时间：2024年8月12日宽带隙（1.67 eV）钙钛矿太阳能电池最高效率25.03% 保持团队：中科院半导体所蒋琦&游经碧 更新时间：2025年12月12日宽带隙（1.76 eV）钙钛矿太阳能电池最高效率21.42% 保持团队：河北大学杨少鹏&何庭伟 更新时间：2025年7月18日柔性钙钛矿太阳能电池最高效率26.61% 保持团队：九江市柔烁光电科技有限公司 更新时间：2024年9月28日二维钙钛矿太阳能电池（n=5）最高效率22.73% 保持团队：南昌大学胡婷&陈义旺 更新时间：2024年10月15日锡基钙钛矿太阳能电池最高效率17.89% 保持团队：复旦大学梁佳&南京理工大学徐勃&上海交通大学戚亚冰 更新时间：2025年10月15日全无机钙钛矿太阳能电池最高效率22.49% 保持团队：陕西师范大学田庆文&刘生忠 更新时间：2025年8月12日CsSnI3钙钛矿太阳能电池最高效率14.95% 保持团队：华中科技大学申燕&王鸣魁 更新时间：2025年5月21日FASnI3钙钛矿太阳能电池最高效率15.7% 保持团队：上海科技大学米启兮 更新时间：2024年4月2日碳电极钙钛矿太阳能电池最高效率23.6% 保持团队：大连理工大学王宇迪&史彦涛 更新时间：2025年11月5日无HTM碳电极全无机钙钛矿太阳能电池最高效率19.65％ 保持团队：华南农业大学饶华商&钟新华团队 更新时间：2025年1月13日无HTM碳电极钙钛矿太阳能电池最高效率20.1％ 保持团队：华南农业大学潘振晓&钟新华 更新时间：2024年5月31日CsPbI2Br钙钛矿太阳能电池最高效率18.14% 保持团队：北京化工大学李明华&化学所胡劲松 更新时间：2024年1月17日钙钛矿量子点太阳能电池的最高效率19.01% 保持团队：苏州大学袁建宇 更新时间：2025年8月15日 注：每个蓝色文字部分都带有超链接，超链接每篇都有参考文献，这里就不一一标注参考文献了。 此外，还有哪些没有归纳的记录，或者有新突破的记录，可以文末留言或者后台留言，以后每日及时更新。 国内最大钙钛矿电池QQ交流群，微信群添微信lili514091，欢迎加入点击阅读原文可获取原文仅用于学术分享，如有侵权，请联系删除。阅读原文不喜欢2026年9月27日南华大学周贤勇\x26amp;王行柱\x26amp;刘畅于AM刊发前驱体水平分子偶联实现高填充因子宽带隙钙钛矿太阳能电池及29.63%效率全钙钛矿叠层电池的研究成果。,,,,pending
美光发财报、4股解禁市值超百亿元......下周资本市场大事来了,财联社,财联社,"21C API, 放缓, 港股, 政策, 发布",normal,2026-09-27T22:08:57+08:00,,1、国家统计局9月30日公布9月官方制造业PMI，8月为49.8，非制造业与综合PMI同日发布。国家统计局9月28日公布8月规模以上工业企业利润同比，7月为增长11.2%，1至8月累计同比前值17.6%。2、在中秋假期后的三个交易日（9月28日至30日），A股迎来解禁高潮，共有59只个股面临解禁，合计解禁147.81亿股，解禁市值超1000亿元。国货航、苏能股份、信科移动-U、海通发展4只个股解禁市值均超百亿元，分别约为221.07亿元、215.54亿元、172.58亿元、125.30亿元。3、下周（9月28日-10月2日）将有2只新股发行，其中创业板1只，北交所1只。具体来看，9月28日发行,http://mp.weixin.qq.com/s?__biz=Mzg5MzEyNzEwNQ==&mid=2247855050&idx=1&sn=4444cbbfd906949902e08c56c70b1380,,1、国家统计局9月30日公布9月官方制造业PMI，8月为49.8，非制造业与综合PMI同日发布。国家统计局9月28日公布8月规模以上工业企业利润同比，7月为增长11.2%，1至8月累计同比前值17.6%。2、在中秋假期后的三个交易日（9月28日至30日），A股迎来解禁高潮，共有59只个股面临解禁，合计解禁147.81亿股，解禁市值超1000亿元。国货航、苏能股份、信科移动-U、海通发展4只个股解禁市值均超百亿元，分别约为221.07亿元、215.54亿元、172.58亿元、125.30亿元。3、下周（9月28日-10月2日）将有2只新股发行，其中创业板1只，北交所1只。具体来看，9月28日发行的是南方乳业、联亚药业。4、A股10月1日至10月7日休市，10月8日开市；港股10月1日休市 1 天，10月2日恢复正常交易。港股通（南向）以及沪、深股通（北向）10月1日至10月7日关闭服务，10月8日起照常开通。5、美国将于10月2日公布9月非农就业报告。调查预计新增就业人数将从8月的16.2万人放缓至10万人，失业率预计为4.2%。6、美国PCE指数将于9月30日公布。市场预期8月整体PCE同比增幅料维持在3.7%，核心PCE同比增幅料维持在3.3%。7、OpenAI年度开发者大会9月29日在旧金山举行，CEO山姆·奥尔特发表开场主题演讲，活动还将涵盖API、开发工具、技术演示和开发者工作坊等内容。8、“星舰”第14次飞行测试计划下周一（9月28日）发射，飞船还将尝试部署26颗新一代Starlink卫星（Starlink V3）。9、美国总统特朗普、众议院议长迈克·约翰逊以及多家科技公司CEO预计将举行一场有关人工智能的会议。市场关注美国AI政策以及监管方向的进一步信号。10、特斯拉计划在10月1日正式展示跳票多年的新一代Roadster。新车可能搭载来自SpaceX的冷气推进系统，也让“特斯拉新车能飞”的猜想吸引了大量关注。11、SpaceX计划通过猎鹰9号执行NASA Crew-13载人任务，谷歌将搭载自研TPU的原型卫星送入轨道，首次验证TPU在太空环境中的运行能力。12、美光将在下周三盘后公布2026财年第四财季业绩。财报将成为观察DRAM、HBM乃至整个AI数据中心产业链景气度的重要窗口。不喜欢​,,,,pending
神火集团的故事,铝途有你,铝途有你,21C API,normal,2026-09-27T22:08:35+08:00,,铝业品牌故事--神火集团 用一个视频带你了解神火集团是一家怎样的企业#神火集团#股价#股市#铝棒王#铝业,http://mp.weixin.qq.com/s?__biz=Mzg3NDYxMTQzNQ==&mid=2247698666&idx=1&sn=a193e11b037deb757775dad1c9737d2d,,铝业品牌故事--神火集团 用一个视频带你了解神火集团是一家怎样的企业#神火集团#股价#股市#铝棒王#铝业,,,,pending
俄喷气无人机狂轰乌克兰，乌军只能拦下六成,战略前沿技术,战略前沿技术,"21C API, 扩产, 发布, 推出, 实验室, 量产",normal,2026-09-27T21:56:07+08:00,,电话 | 010-82030532 手机 | ***********微信 | tech9999 邮箱 | yw@techxcope.com来源：欧亚新观察近日，“重要故事”（iStories）发表亚历山大·德米特里耶夫题为《俄罗斯正使用全新强力武器——喷气式无人机打击乌克兰各城市。乌克兰武装部队有应对手段吗？》的文章。文中分析道，俄罗斯自2026年夏季起大规模投入“天竺葵-3/4/5”等喷气式攻击无人机，其速度达330–600千米/小时、精度高且具备网状通信与AI末端制导，使乌军原有防空和电子战手段难以应对；尽管乌军依靠战机、防空导弹及新列装的喷气式拦截无人机目前能击落约60%，但专家承认已错,http://mp.weixin.qq.com/s?__biz=MzI3MTkwMzM0Nw==&mid=2248072029&idx=4&sn=b03729ace832d4dfecb1044c66831de1,,电话 | 010-82030532 手机 | ***********微信 | tech9999 邮箱 | yw@techxcope.com来源：欧亚新观察近日，“重要故事”（iStories）发表亚历山大·德米特里耶夫题为《俄罗斯正使用全新强力武器——喷气式无人机打击乌克兰各城市。乌克兰武装部队有应对手段吗？》的文章。文中分析道，俄罗斯自2026年夏季起大规模投入“天竺葵-3/4/5”等喷气式攻击无人机，其速度达330–600千米/小时、精度高且具备网状通信与AI末端制导，使乌军原有防空和电子战手段难以应对；尽管乌军依靠战机、防空导弹及新列装的喷气式拦截无人机目前能击落约60%，但专家承认已错失早期规划窗口，正被迫加速量产拦截无人机以缩小差距。现将该文编译如下，仅供参考，文章观点不代表欧亚新观察工作室立场。“这架无人机径直飞向了乌克兰安全局局长的办公室。”9月4日，弗拉基米尔·泽连斯基在无人机袭击位于基辅市中心的乌克兰安全局大楼后写道。发动这次袭击的无人机是“天竺葵-4”。它是俄军近几个月开始大规模投向乌克兰的多款喷气式无人机之一。这类无人机速度快、精度高，目前乌克兰武装部队尚无法有效对其实施拦截。俄军为何需要喷气式无人机 俄罗斯喷气式攻击无人机，源自伊朗见证者-136无人机（俄方命名：天竺葵-2）。2022年秋，俄罗斯开始使用这款无人机打击乌克兰，随后启动大规模量产。乌克兰军队很快掌握了拦截“见证者”无人机的方法。这类无人机存在两大短板：飞行速度低（低于200千米/小时）、飞行高度有限（最高2千米）。俄军对天竺葵-2进行了深度改装，重点升级飞控系统与电子战对抗能力。多年来产量持续提升，还推出了廉价版本“大丁草”，很多时候不带装药发射，专门用来消耗乌军防空力量。老式见证者无人机可被机动火力小组机枪、近程防空武器击落；在电子战干扰下，它们会丢失控制、偏离航线或是直接坠毁。2025年乌克兰开始使用拦截无人机。乌克兰空军发言人尤里·伊格纳特称，如今“90%–95%的天竺葵-2及其衍生型号都能被摧毁”。而喷气式无人机，成为能够大规模突破乌克兰防空体系的新装备。2026年夏季之前，这类装备投入实战的案例还很少；但从6月起，使用数量急剧增加。9月21日，尤里·伊格纳特通报：俄军累计发射约7700架喷气式无人机，其中约1900架是9月以来发射的。按他的说法，乌军仅能击落其中60%。乌克兰总统顾问、通信系统专家谢尔盖·别斯克雷斯特诺夫认为：未来俄罗斯生产的全部攻击无人机里，60%将是喷气式无人机，剩余40%为普通天竺葵-2。俄军发射哪些型号的喷气无人机 喷气式无人机和普通无人机的区别顾名思义：不使用传统螺旋桨汽油发动机，而是搭载喷气发动机。俄方从中国采购这类喷气发动机。喷气无人机飞得远快于老式机型、飞行高度更高，机动火力小组和原本用来对付天竺葵-2的拦截无人机几乎无法对其构成威胁。不过，它的航程要短很多。下面是天竺葵-2与喷气 无人机参数对比：型号发动机速度（千米/小时）航程（千米）战斗部（千克）天竺葵-2常规活塞发动机1852500最高300天竺葵-3喷气发动机330600最高300天竺葵-4喷气发动机500850最高300天竺葵-5喷气发动机600100090天竺葵3、4型外观和2型差别不大，同样是大三角飞翼布局。天竺葵-5外形完全不同，更接近巡航导弹，推测是基于伊朗“类似导弹”的卡拉尔（Karrar）无人机研发。天竺葵-5并非俄军唯一兼具无人机与巡航导弹特性的弹药。2026年，俄军越来越频繁使用“班杰罗利”导弹（最高速度650千米/小时，射程500千米），同时还在研发其他同类装备。谢尔盖·别斯克雷斯特诺夫表示：“我们拿到‘班杰罗利’的产量预测——月产量可达1000枚。除此之外，俄方还会生产同类型喷气攻击导弹，型号为‘丹-T’、‘丹-M’。”航空专家、前安东诺夫设计局工程师康斯坦丁·克里沃拉普介绍，除速度外，喷气无人机的优势还有打击精度，主要依靠两种方式实现：网状自组网通信，以及人工智能末端制导。网状自组网：在攻击无人机上安装专用调制解调器收发模块构成网络。信号在无人机之间接力传输，最终操作员可以实时操控目标无人机。谢尔盖·别斯克雷斯特诺夫解释：“每一台调制解调器尝试和其他设备建立连接。如果其中一台脱离网络，信息不会丢失，会通过其他通道绕行传输。就算一架、三架，甚至近80%无人机被击落，剩下的无人机依旧可以传递信息。”乌方认为，无人机地面通信中继站包括部署在白俄罗斯边境附近的转发设备。部分喷气无人机搭载高清摄像头，在攻击末段自动锁定目标。别斯克雷斯特诺夫介绍：“操控见证者无人机的操作员不需要持续手动操作。他只需要框选目标，下达锁定指令。之后见证者就会自动飞向目标。”他称最大难题在于：一旦完成目标锁定，电子战手段就基本失效。如何拦截喷气式无人机 近几个月喷气无人机的大规模使用，给乌克兰带来巨大麻烦。无人机打击工厂、购物中心、商务中心、列车、加油站等目标，也经常击中居民楼，造成的破坏往往比老式天竺葵-2更严重。乌克兰空军预备役军官阿纳托利`赫拉普钦斯基解释：“喷气动力的见证者可以直接撞进楼房，依靠动能击穿墙体、冲入建筑内部。即便装药重量和老式见证者相当，毁伤效果也更强。弹药没变，但高速撞击带来的冲击力更大。”8月底，基辅连续五天几乎不间断遭到喷气无人机袭击。俄军改变战术，采用小批量（最多10架）高频次发射，大约每半小时一轮。基辅交通持续中断，城市陷入瘫痪。需要跨第聂伯河通勤的人处境尤其艰难。一名基辅居民说：“如果你住在左岸，工作在右岸，或是反过来，就会长期处于极度焦虑状态。听到空袭警报，最担心的不是被炸，而是又没法按时抵达目的地。”9月初乌克兰启用两级空袭警报：黄色警报（仅无人机来袭）、红色警报（导弹打击）。黄色警报状态下，基辅公共交通可以继续运行。尤里`伊格纳特介绍，目前对抗喷气无人机最有效的手段是歼击航空兵。大规模空袭爆发后，战机出动频次大幅提升，飞行员经常需要执行高风险机动动作。地面防空力量同样参与拦截：“航空兵、防空导弹部队都在作战。如果无人机进入近程防空或便携式防空导弹的杀伤范围，就会动用对应装备。”依靠这套体系，乌军能够击落约60%的喷气无人机。下一代高速拦截无人机将成为对抗这类目标的关键装备。乌克兰现役拦截无人机是为拦截低速天竺葵-2设计，根本追得上高速喷气无人机。乌克兰军方军官、政治学者安德烈`特卡丘克称：“如果是同向追击，我们现役的拦截无人机根本追不上喷气无人机，动力不足。对头拦截的情况下成功率会提升，但这类成功战例依旧寥寥无几。”搭载喷气发动机的拦截无人机有望解决该难题。乌克兰国防部8月通报，首款喷气拦截无人机已列装。9月19日泽连斯基发布视频，展示这款拦截机成功拦截喷气型见证者无人机。9月21日，“野黄蜂”公司通报，其Sting S拦截无人机已摧毁约10架天竺葵-4和数架天竺葵-5。9月23日晚间，泽连斯基宣布四款拦截无人机均完成成功测试。乌克兰专家承认，在喷气拦截无人机研发与量产扩产上，已经错失窗口期。军事分析师亚历山大`科瓦连科说：“早在2024年1月，喷气无人机见证者-238就首次飞临乌克兰；2025年1月，首枚班杰罗利导弹出现。那时就应当着手规划对抗方案，但并没有做到。我们现在只能被动应对，俄方已经实现大规模量产之后才行动。”阿纳托利·赫拉普钦斯基也认同：“问题在于为何没能及时部署对应装备。一直以来都有预警：敌人将押注低成本喷气型杀伤弹药。”科瓦连科认为，在今年年底前，完全有能力把国产拦截无人机产量提升至与俄军喷气无人机相当的规模：“利好是，这类拦截机可以直接在生产亚音速简易无人机的现有产线、流水线制造。”以下图片链接包含《世界军事热点问题研究》季刊、《全球太空动态》月刊、《远望周刊》、《俄军情周报》、《美军情周报》、《防空反导简报》、《网络空间简报》、《前沿科技动态与颠覆性技术》等期刊，请滑动或点击图片进入商城查看。>一网打尽系列文章，请回复以下关键词查看：创新发展：习近平 | 创新中国 | 协同创新 | 科研管理 | 成果转化 | 新科技革命 | 基础研究 | 产学研热点专题：军民融合 | 民参军 | 工业4.0 | 商业航天 | 国家重点研发计划 | 装备采办 | 摩尔定律 | 诺贝尔奖 | 国家实验室 | 军工百强 | 试验鉴定 | 双一流 | 净评估 前沿科技：颠覆性技术 | 仿生 | 脑科学 | 精准医学 | 基因编辑 | 虚拟现实 | 增强现实 | 人工智能 | 机器人 | 3D打印 | 4D打印 | 太赫兹 | 云计算 | 物联网 | 互联网+ | 大数据 | 石墨烯 | 电池 | 量子 | 超材料 | 超级计算机 | 卫星 | 北斗 | 智能制造 | 不依赖GPS导航 | 5G | MIT技术评论 | 航空发动机 | 可穿戴 | 氮化镓 | 隐身 | 脑机接口 | 传感器 | 数字孪生先进武器：无人机 | 轰炸机 | 预警机 | 运输机 | 直升机 | 战斗机 | 六代机 | 网络武器 | 激光武器 | 电磁炮 | 高超声速武器 | 反无人机 | 防空反导 | 潜航器未来战争：未来战争 | 抵消战略 | 水下战 | 网络空间战 | 分布式杀伤 | 无人机蜂群 | 太空战 | 反卫星 | 混合战 | 电子战 | 马赛克战前沿机构：战略能力办公室 | DARPA | 快响小组 | Gartner | 硅谷 | 谷歌 | 华为 | 阿里 | 俄先期研究基金会 | 军工百强其他主题系列陆续整理中，敬请期待…… 不喜欢远望智库：与智者同行，为创新加速！,,,,pending
“哨兵”洲际弹道导弹解析：探秘美国下一代核导弹,战略前沿技术,战略前沿技术,"21C API, 可靠性, 推迟, 实验室, 认证",normal,2026-09-27T21:56:07+08:00,,电话 | 010-82030532 手机 | ***********微信 | tech9999 邮箱 | yw@techxcope.com“哨兵”洲际弹道导弹解析：探秘美国下一代核导弹远望智库开源情报中心 编译从新发射井到新导弹，“哨兵”是美国最大的核现代化项目之一。五十多年来，美国的陆基核威慑一直依赖LGM-30“民兵III”型导弹。如今，其替代者正在成型。这款被称为LGM-35A“哨兵”的新型洲际弹道导弹旨在实现美国核三位一体中陆基部分的现代化。但“哨兵”不仅仅是一枚新导弹。该项目涉及新的发射井、通信网络、发射控制中心、支援车辆，以及遍布数千平方英里的指挥与控制基础设施。什么是“哨兵”洲际,http://mp.weixin.qq.com/s?__biz=MzI3MTkwMzM0Nw==&mid=2248072029&idx=8&sn=824da762b6edfc9c11e17e5e65307fe6,,电话 | 010-82030532 手机 | ***********微信 | tech9999 邮箱 | yw@techxcope.com“哨兵”洲际弹道导弹解析：探秘美国下一代核导弹远望智库开源情报中心 编译从新发射井到新导弹，“哨兵”是美国最大的核现代化项目之一。五十多年来，美国的陆基核威慑一直依赖LGM-30“民兵III”型导弹。如今，其替代者正在成型。这款被称为LGM-35A“哨兵”的新型洲际弹道导弹旨在实现美国核三位一体中陆基部分的现代化。但“哨兵”不仅仅是一枚新导弹。该项目涉及新的发射井、通信网络、发射控制中心、支援车辆，以及遍布数千平方英里的指挥与控制基础设施。什么是“哨兵”洲际弹道导弹？ “哨兵”是由诺斯罗普·格鲁曼公司为美国空军研制的一款井射、三级、固体燃料洲际弹道导弹。它将取代已服役超过50年的“民兵III”型导弹。空军计划将“哨兵”部署在怀俄明州的F.E.沃伦空军基地、蒙大拿州的马尔姆斯特罗姆空军基地和北达科他州迈诺特空军基地。根据空军目前的资料，预计部署数量为400枚作战导弹，而更广泛的现代化工作涉及超过450枚导弹和450个加固发射井。根据空军规格，该导弹设计射程超过6000英里（约9650公里），在燃烧结束时速度可达约15000英里/小时（约24140公里/小时），即大约23马赫。其确切重量和推力仍属机密或未公开。“哨兵”如何运作？ 与其他洲际弹道导弹一样，“哨兵”使用火箭推进将有效载荷加速到弹道轨迹上。该导弹拥有三级固体推进剂。第一级将导弹从地下发射井发射。第二级在导弹离开大气层后继续加速，而第三级在导弹进入后助推阶段之前提供额外的控制。随后，后助推姿态控制系统将再入飞行器定位到其轨迹的最后部分。再入系统携带核有效载荷穿过大气层飞向目标。三级架构本身并不具有革命性。“哨兵”的大部分技术变革在于围绕导弹的更广泛武器系统。作为更大系统一部分建造的导弹 空军正在更换大部分支持其洲际弹道导弹部队的基础设施，而不是简单地将新导弹放入旧的“民兵”设施中。“哨兵”将使用450个新的加固发射井、现代化的发射中心以及加固的光纤通信。该系统还正与升级后的核指挥、控制和通信（NC3）架构集成。两人制发射组将继续全天候操作这些导弹。空军将这一努力描述为其历史上最大的建筑项目。现代化工作涉及横跨五个州的600多个支持设施。重建基础设施的一个原因是现有系统的老化。空军没有挖掘和广泛修改数百个独特的“民兵”时代设施，而是为新的发射井开发了一种标准化的模块化建造方法。2026年，一个全尺寸原型发射井在犹他州破土动工，以便在更大规模建设之前测试这种方法。“哨兵”与“民兵III”有何不同？ “哨兵”最重要的特征之一是其模块化开放架构。其理念是使未来的升级更容易，而无需重新设计整个导弹系统。空军表示，随着威胁和需求的变化，这种架构应允许纳入新技术。诺斯罗普·格鲁曼公司表示，该导弹还在火箭级中使用了更新的复合材料，以及旨在提高精度、可靠性和可维护性的新制导系统。这些是承包商报告的设计特征，而非独立验证的作战性能。现代化还延伸至通信和发射基础设施，使“哨兵”能够与更广泛的核指挥与控制系统保持连接。“哨兵”将携带何种核弹头？ “哨兵”正与W87-1核弹头一同研发，后者旨在取代“民兵III”上使用的较旧的W78。W87-1基于先前测试的核部件，并融入了更新的安全与安保特性。美国国家核安全管理局（NNSA）表示，它将在不需要额外地下核试验的情况下获得认证。弹头项目也已达到一个重要的制造里程碑。2024年，NNSA在洛斯阿拉莫斯国家实验室完成并鉴定了W87-1的第一个钚坑。因此，导弹和弹头项目必须共同推进，但它们由美国政府的不同部门管理。为何“哨兵”项目被推迟？ “哨兵”面临着高昂的成本和进度问题。2024年，在预计成本超过法定阈值后，该项目触发了《纳恩-麦柯迪法案》违约。随后国防部的一项审查发现了问题，包括不切实际的进度、不完整的系统设计以及洲际弹道导弹工业基础的薄弱环节。项目继续进行，但空军撤销了其先前的基线和B里程碑批准，同时对项目进行了重组。美国政府问责局（GAO）在2026年2月报告称，该项目的首次飞行比最初估计的时间推迟了大约四年，当时计划在2028年3月进行。GAO还估计该项目将耗资至少1410亿美元，尽管在重组期间最终成本仍不确定。此后时间表有所推进。2026年9月，空军表示已完全组装了一枚无动力“哨兵”导弹，并且关键子系统正按计划于2027年进行首次飞行测试。空军的目标是在2030年代初获得初始作战能力，这意味着该导弹仍需数年时间才能取代“民兵III”部队。美国为何要建造“哨兵”？ 基本目标是在老化的核武器系统基础设施和部件变得日益难以维护之前将其替换。“民兵III”将在过渡期间保持服役，以便美国在“哨兵”研发和部署期间不会失去陆基洲际弹道导弹能力。空军将“哨兵”描述为一个旨在保持相关性至2070年代及以后的系统。因此，“哨兵”不仅仅代表一枚新导弹。它试图围绕一款为未来几十年设计的武器，重建整个洲际弹道导弹基础设施。与此同时，该项目也面临着自冷战以来一直在运行的系统的更换所带来的工程、建造和成本挑战。原文链接：https://interestingengineering.com/military/sentinel-icbm-next-generation-nuclear-missile-explained以下图片链接包含《世界军事热点问题研究》季刊、《全球太空动态》月刊、《远望周刊》、《俄军情周报》、《美军情周报》、《防空反导简报》、《网络空间简报》、《前沿科技动态与颠覆性技术》等期刊，请滑动或点击图片进入商城查看。>不喜欢远望智库：与智者同行，为创新加速！,,,,pending
美太空军基地卡纳维拉尔角航天港将部署激光武器反制无人机,战略前沿技术,战略前沿技术,"21C API, 投资, 实验室",normal,2026-09-27T21:56:07+08:00,,"电话 | 010-82030532 手机 | ***********微信 | tech9999 邮箱 | yw@techxcope.com来源：电波之矛卡纳维拉尔角太空军基地将引入可击落侵入其空域无人机的激光武器。太空发射三角洲45（Space Launch Delta 45, SLD 45）发言人表示，这套新型定向能防御系统一经安装，将成为该航天港应对无人机侵入、规模更大的综合防护努力的一部分。此举旨在确保发射安全，同时防止窥探者获取这座存放美国军事与商业航天诸多机密的设施情报。SpaceX（太空探索技术公司）、联合发射联盟、蓝色起源与相对论空间等公司均利用该设施进行航天发射。此次基地防御现",http://mp.weixin.qq.com/s?__biz=MzI3MTkwMzM0Nw==&mid=2248072029&idx=5&sn=996a4f1df39109b7cd4403e1ce221220,,"电话 | 010-82030532 手机 | ***********微信 | tech9999 邮箱 | yw@techxcope.com来源：电波之矛卡纳维拉尔角太空军基地将引入可击落侵入其空域无人机的激光武器。太空发射三角洲45（Space Launch Delta 45, SLD 45）发言人表示，这套新型定向能防御系统一经安装，将成为该航天港应对无人机侵入、规模更大的综合防护努力的一部分。此举旨在确保发射安全，同时防止窥探者获取这座存放美国军事与商业航天诸多机密的设施情报。SpaceX（太空探索技术公司）、联合发射联盟、蓝色起源与相对论空间等公司均利用该设施进行航天发射。此次基地防御现代化建设，正值卡纳维拉尔角地区无人机侵入事件频发之际，去年此类事件达数百起。【图】2026年5月29日，一枚SpaceX“猎鹰9”运载火箭从佛罗里达州卡纳维拉尔角太空军基地第40号航天发射工位升空。“随着这座全球顶尖航天港持续承担前所未有的国家安全与商业任务发射节奏，确保关键发射基础设施免受低空空中威胁仍是最优先的作战事项，”该发言人解释道，“正在推进的安全现代化建设集探测、跟踪与防御能力于一体，其中包括定向能系统。这些系统将为安全部队提供实时态势感知能力，以及保障人员、发射工位和国家安全载荷所必需的工具。”该发言人未提供定向能系统投入运行的时间表。《今日佛罗里达》最早报道该防御系统将由激光构成。指挥太空发射三角洲45的布莱恩·查特曼上校对这家媒体表示，该设施“正在引入一套定向能系统，可对侵入该区域、怀有恶意企图的无人机系统实施动能毁伤。”“这套经空军研究实验室测试的系统已被证明能够安全击落无人机。”《今日佛罗里达》指出，“这套定向能系统使用激光击落任何飞入禁区的无人机。”查特曼未向《今日佛罗里达》透露具体系统名称，太空发射三角洲45发言人也拒绝说明。对于航天港而言，能够使用激光比其他需要防范无人机的地点更为重要。原因在于，传统通过干扰射频来切断无人机与操控者通信链路的方法，可能损坏航天器。“如果你开始释放大量射频能量，就会遇到潜在问题，”查特曼解释道，“这不是我们希望看到的。”查特曼对无人机的担忧不无道理。该发言人告诉我们，该航天港曾遭遇多次未经授权的侵入。不过，目前尚无具体数量统计，也不清楚这些侵入是否发生在发射期间。卡纳维拉尔角港首席执行官约翰·默里上尉说，2025年相邻的卡纳维拉尔角港上空发生500架次未经授权的无人机飞行。目前尚不清楚新激光系统是否也会保护肯尼迪航天中心上空。该发言人当时不掌握相关信息，正在核实。【图】卡纳维拉尔角（谷歌地球）【图】NASA肯尼迪航天中心第39B发射工位（NASA）卡纳维拉尔角太空军基地占地约25平方英里，是一片人烟稀少、濒临大西洋漫长海岸线的开阔地带。该基地的物理布局为无人机侵入提供了多条途径，而基地内驻扎的资产也使其成为恶意行为者的合理目标。在这座庞大的设施内待发射和已发射的系统价值极高，建造往往需要多年时间，耗资数十亿美元。当这些火箭矗立在发射工位或在场地内转运时，它们是装满高爆炸药的巨大管状体，一旦被击中就会引发毁灭性的二次爆炸。即便因一次成功乃至未遂的袭击而打乱当地发射节奏，也可能对国家安全造成重大影响。在军方大力投资定向能系统以对抗无人机之际，将定向能系统引入航天港防务的举措随之而来。例如，就在上月底，南方边境联合特遣部队的部队在一场代号“炽热先锋”的行动中使用了陆军多用途高能激光系统。当时的媒体通稿称，AMP-HEL被用于“打击并摧毁3架敌方无人机系统——之所以将其判定为敌方，是基于它们被用于直接支援对美国军事人员和海关与边境保护局合作伙伴构成实际威胁的活动。”此次击落是美国政府持续打击墨西哥贩毒集团操控无人机行动的一部分。【图】南方边境联合特遣部队人员使用陆军多用途高能激光系统打击并摧毁一架敌方无人机。军方正寻求扩大运用定向能武器反无人机的能力。今年5月，国防部与第401联合跨机构特遣部队选定5处设施，参与《2026财年国防授权法》所要求的定向能反无人机系统试点项目。“该倡议将加速先进定向能能力的列装与评估，以保护关键基础设施、军事设施和国土任务，”五角大楼解释说，“这些地点经过审慎挑选，以便在多样化环境和任务背景下开展严格的测试与作战评估。”五角大楼为该项目选定两处“关键南部边境设施”：亚利桑那州华楚卡堡和得克萨斯州布利斯堡。此外还包括华盛顿州基萨普海军基地、北达科他州大福克斯空军基地和密苏里州怀特曼空军基地。尽管五角大楼正着力推动将定向能打造为反无人机作战的关键手段，但激光武器也存在局限。这包括其短期“弹药储备”深度受限于热负荷迫使系统冷却前可连续发射的次数。能源供应也可能成为制约因素。此外，激光系统在浓云等恶劣天气条件下效能会下降。“我们只能用激光击落我们看得见的目标，”以色列国防军亚尼夫·罗特姆准将曾这样谈及以军的“铁束”激光防御系统。该系统于去年开始在实战中击落敌方无人机。与此同时，此类激光武器本质上属于点防御武器，射程较短，意味着要覆盖较大区域需部署多套系统。在某些情况下，即便像卡纳维拉尔角太空军基地这样的大型军事基地，也可能需要不止一套系统才能实现全域防御覆盖。此外，外界对这类系统在本土使用的安全性与使用权限也存在担忧。这些问题于今年2月集中显现——当时美军使用航空环境公司的“蝗虫”定向能武器在得克萨斯州西南部上空击落了一架海关与边境保护局的无人机。这起误击事件促使哈科堡地区上空的空域管制扩大，并持续了4个月。此事也印证了美国联邦航空管理局（FAA）对在边境地区作战部署反无人机激光武器的担忧。就在两周前，同一系统被用于射击涉嫌从南部边境飞越进入得克萨斯州的墨西哥贩毒集团无人机，导致大范围空域关闭、普遍混乱，并引发大量头条报道。在美国本土，使用定向能武器尤其是动能武器击落无人机的安全顾虑，一直是这类武器此前未执行此类任务的主要原因。将近两年前，负责美国本土反无人机行动协调权的美国北方司令部官员曾表示，使用这类武器尚未提上议事日程。原因在于，这类武器可能造成危险或严重的附带效应，而此类效应在战区外的顾虑相对较低。美国太空军为保护本国一些最重要、最机密的军事资产而引入激光系统，这一举动有力表明，上述顾虑正在被克服。以下图片链接包含《世界军事热点问题研究》季刊、《全球太空动态》月刊、《远望周刊》、《俄军情周报》、《美军情周报》、《防空反导简报》、《网络空间简报》、《前沿科技动态与颠覆性技术》等期刊，请滑动或点击图片进入商城查看。>一网打尽系列文章，请回复以下关键词查看：创新发展：习近平 | 创新中国 | 协同创新 | 科研管理 | 成果转化 | 新科技革命 | 基础研究 | 产学研热点专题：军民融合 | 民参军 | 工业4.0 | 商业航天 | 国家重点研发计划 | 装备采办 | 摩尔定律 | 诺贝尔奖 | 国家实验室 | 军工百强 | 试验鉴定 | 双一流 | 净评估 前沿科技：颠覆性技术 | 仿生 | 脑科学 | 精准医学 | 基因编辑 | 虚拟现实 | 增强现实 | 人工智能 | 机器人 | 3D打印 | 4D打印 | 太赫兹 | 云计算 | 物联网 | 互联网+ | 大数据 | 石墨烯 | 电池 | 量子 | 超材料 | 超级计算机 | 卫星 | 北斗 | 智能制造 | 不依赖GPS导航 | 5G | MIT技术评论 | 航空发动机 | 可穿戴 | 氮化镓 | 隐身 | 脑机接口 | 传感器 | 数字孪生先进武器：无人机 | 轰炸机 | 预警机 | 运输机 | 直升机 | 战斗机 | 六代机 | 网络武器 | 激光武器 | 电磁炮 | 高超声速武器 | 反无人机 | 防空反导 | 潜航器未来战争：未来战争 | 抵消战略 | 水下战 | 网络空间战 | 分布式杀伤 | 无人机蜂群 | 太空战 | 反卫星 | 混合战 | 电子战 | 马赛克战前沿机构：战略能力办公室 | DARPA | 快响小组 | Gartner | 硅谷 | 谷歌 | 华为 | 阿里 | 俄先期研究基金会 | 军工百强其他主题系列陆续整理中，敬请期待…… 不喜欢远望智库：与智者同行，为创新加速！",,,,pending
从“工具化装备”到“智能化作战主体”——无人机作战形态的百年嬗变,战略前沿技术,战略前沿技术,"21C API, 定点, 实验室",normal,2026-09-27T21:56:07+08:00,,电话 | 010-82030532 手机 | ***********微信 | tech9999 邮箱 | yw@techxcope.com来源：《学习时报》作者：杨珍妮1914年，英国首次提出无人机概念，研制由无线电控制的无人驾驶飞机向敌目标区域投放炮弹。直到1917年自动陀螺稳定器的发明在技术上解决了使飞机保持平衡前飞的问题，才出现了不载人飞行器——英国空军的“空中目标”无人机和美国海军的“斯佩里空中鱼雷”。侦察无人机的战场感知网络构建 无人机首次应用于作战是执行侦察任务。在1944年诺曼底登陆中，美国的OQ-2“无线电飞机”对德军的海岸线防御工事和兵力部署情况进行了侦察。这种早期侦察无人机,http://mp.weixin.qq.com/s?__biz=MzI3MTkwMzM0Nw==&mid=2248072029&idx=3&sn=35c31f84d90dcf4d57f3f77dfe50ff96,,电话 | 010-82030532 手机 | ***********微信 | tech9999 邮箱 | yw@techxcope.com来源：《学习时报》作者：杨珍妮1914年，英国首次提出无人机概念，研制由无线电控制的无人驾驶飞机向敌目标区域投放炮弹。直到1917年自动陀螺稳定器的发明在技术上解决了使飞机保持平衡前飞的问题，才出现了不载人飞行器——英国空军的“空中目标”无人机和美国海军的“斯佩里空中鱼雷”。侦察无人机的战场感知网络构建 无人机首次应用于作战是执行侦察任务。在1944年诺曼底登陆中，美国的OQ-2“无线电飞机”对德军的海岸线防御工事和兵力部署情况进行了侦察。这种早期侦察无人机受技术限制通常只能执行简单的侦察任务。冷战时期，由于U-2侦察机多次被击落，并引发了严重的外交危机，暴露了有人机在高危区域侦察的脆弱性，促使军事大国开始寻求更加安全高效的侦察手段——侦察无人机。“火蜂”无人机是第一款被大规模应用于实战的侦察无人机。在1964—1975年期间，“火蜂”BQM-34A的改进型“闪电虫”在东南亚地区执行了高空侦察任务，以及在危险空域低空照相侦察的任务。随着无人机技术从低空、短航时向高空长航时发展，各类无人机系统构建起由高空战略俯瞰、中空持续监视到低空抵近侦察的多维感知网络。侦察空间垂直下沉，侦察范围由战略高空向战术末梢渗透，战场变得单向透明。一是使用高空长航时无人机进行大纵深战略性侦察，捕捉战场移动目标，在必要时与在中低空飞行的战役级无人机实施信息融合，对重点目标进行三维成像。二是使用战役级无人机和中低空无人机组成中低空的战场感知网络，侦察监视地面目标机动情况。三是联合使用战役级无人机与近距离侦察无人机探测体积小或慢速移动的地面目标。四是使用小型战术无人机在城市、山地等复杂地形中进行战术侦察，为战术级单位提供超视距情报，消除“视觉”盲区，实现从单兵到营旅级的情报共享，提升战术协同效率。多任务型无人机的多场景应用 基于无人机的侦察属性，无人机功能进一步横向拓展，担负多种作战任务。“火蜂”无人机在越南战争的运用标志着无人机从单一侦察平台向多功能作战体系转型。海湾战争中，RQ-2“先锋”无人机在作战中担负了侦察监视、目标识别定位、引导打击、毁伤效果评估等多重任务，改变了传统作战模式。“9·11”事件引发的阿富汗战争等一系列军事行动提出了“发现即摧毁”的作战能力需求，直接导致察打一体无人机的出现。“捕食者”无人机从RQ-1到MQ-1的型号改进，就反映了无人机作战模式由侦察辅助向察打一体的范式转变。RQ-1是“捕食者”系列最早的一款无人机，主要任务是战场监视、目标定位和情报收集。2001年10月，RQ-1加装了AGM-114“地狱火”导弹，首次实现了无人机武装化，开创了“察打一体”的作战模式。2002年，RQ-1无人侦察机的编号正式扩展为MQ-1。“M”在外军飞行器编号中代表“多任务”，体现了其从单一侦察到多任务功能的扩展。这种“发现即摧毁”的模式显著缩短“观察—判断—决策—行动”（OODA）循环各阶段，特别是在对时敏目标的打击任务中，减少了情报泄露和目标逃脱的风险。察打一体无人机的出现，极大提升了无人机作战效能，推动了无人机作战形态向“即时化、自动化、全域化”演进。无人机集群的智能化自主协同 21世纪的前10年，大国凭借集成多系统、具备多任务作战能力的无人机构建战场空中霸权。但随着人工智能技术与无人机系统深度融合，多智能体协同技术迅速发展，无人机从“工具化装备”演变为具备自主能力的“智能化作战主体”，无人机集群作战正逐渐成为战场的重要作战样式，主要包括有人—无人机协同作战和无人机蜂群作战。早在20世纪60年代，就有国家提出了有人—无人机协同作战思想。其后在车臣战争、伊拉克战争中，均出现了有人机与无人机协同作战样式，其协同方式从由地面控制站的间接指挥控制发展为有人机直接指挥控制无人机。随着人工智能、自主协同等关键技术的融入，在“马赛克战”“分布式作战”等新式作战概念牵引下，无人机作战角色从有人—无人机协同中的“附属工具”向“平等伙伴”转变。2015年外军启动的“忠诚僚机”项目，旨在将有人战斗机与具备自主作战能力的无人机编队，进行协同作战。2019年首次公开的“天空博格人”项目，旨在开发低成本、可消耗、智能化的“忠诚僚机”，并提出了“有人机后方指挥，可复用僚机居中，可消耗蜂群突前”的作战样式。此后，有的国家为适应高端战争，进一步开发了“协同作战飞机”项目，旨在开发能由人工智能技术自主操控的“忠诚僚机”，与F-35战斗机、未来第六代战斗机形成高度协同的有人—无人机作战编队。“忠诚僚机”作战概念是指将有人战斗机与无人机进行“长机+僚机”的编组，长机在人工智能辅助和僚机实时情报支持下进行指挥与控制；僚机承担侦察、监视、电子战、精确打击等高风险任务。在人工智能赋能下，无人僚机具有高度自主性，可自主识别威胁、规划攻击路线，并通过与长机互联互通互操作，实现态势共享，自主规划任务路径和调整作战计划。无人机蜂群作战是依托群体智能算法，多架低成本小型无人机自主协同形成智能群体进行协同作战，是无人机作战的高级形态。无人机蜂群作战采取分布式指挥控制结构，去中心控制单元，即使部分无人机损毁，剩余单元仍能自主重新组队继续执行任务，具有强抗毁性和动态任务重组能力。通过数量与算法的叠加，无人机蜂群能够突破传统防御体系的物理极限；通过大范围分布，无人机蜂群能够对建筑物内部、地下通道等进行侦察和目标定位，提高城市战场透明度，增强态势感知能力。2021年一次实战行动中，外军首次使用人工智能技术赋能下的无人机蜂群对重要目标实施“精准狙杀”和“定点清除”。无人机蜂群通过自主协同作战，快速完成动态路径规划、战场态势感知、目标识别与火力打击。这是首次对“人在回路外”的尝试，也是无人机蜂群智能化发展的未来趋势。以下图片链接包含《世界军事热点问题研究》季刊、《全球太空动态》月刊、《远望周刊》、《俄军情周报》、《美军情周报》、《防空反导简报》、《网络空间简报》、《前沿科技动态与颠覆性技术》等期刊，请滑动或点击图片进入商城查看。>一网打尽系列文章，请回复以下关键词查看：创新发展：习近平 | 创新中国 | 协同创新 | 科研管理 | 成果转化 | 新科技革命 | 基础研究 | 产学研热点专题：军民融合 | 民参军 | 工业4.0 | 商业航天 | 国家重点研发计划 | 装备采办 | 摩尔定律 | 诺贝尔奖 | 国家实验室 | 军工百强 | 试验鉴定 | 双一流 | 净评估 前沿科技：颠覆性技术 | 仿生 | 脑科学 | 精准医学 | 基因编辑 | 虚拟现实 | 增强现实 | 人工智能 | 机器人 | 3D打印 | 4D打印 | 太赫兹 | 云计算 | 物联网 | 互联网+ | 大数据 | 石墨烯 | 电池 | 量子 | 超材料 | 超级计算机 | 卫星 | 北斗 | 智能制造 | 不依赖GPS导航 | 5G | MIT技术评论 | 航空发动机 | 可穿戴 | 氮化镓 | 隐身 | 脑机接口 | 传感器 | 数字孪生先进武器：无人机 | 轰炸机 | 预警机 | 运输机 | 直升机 | 战斗机 | 六代机 | 网络武器 | 激光武器 | 电磁炮 | 高超声速武器 | 反无人机 | 防空反导 | 潜航器未来战争：未来战争 | 抵消战略 | 水下战 | 网络空间战 | 分布式杀伤 | 无人机蜂群 | 太空战 | 反卫星 | 混合战 | 电子战 | 马赛克战前沿机构：战略能力办公室 | DARPA | 快响小组 | Gartner | 硅谷 | 谷歌 | 华为 | 阿里 | 俄先期研究基金会 | 军工百强其他主题系列陆续整理中，敬请期待…… 不喜欢远望智库：与智者同行，为创新加速！,,,,pending
美国太空军推进天基空地动目标跟踪能力，构建resilient雷达体系,战略前沿技术,战略前沿技术,"21C API, 推迟, 投资",normal,2026-09-27T21:56:07+08:00,,电话 | 010-82030532 手机 | ***********微信 | tech9999 邮箱 | yw@techxcope.com美国太空军推进天基空/地动目标跟踪能力，构建resilient雷达体系远望智库开源情报中心 编译美国太空军正在推进两项旨在现代化国防部空/地移动目标跟踪方式的重大努力。美国空军部长特洛伊·迈因克周一宣布，首批“天基空动目标指示”（SB-AMTI）原型卫星将于9月底前发射升空，进入低地球轨道。此前的5月，太空军已选定SpaceX公司，目标是在2028年前建成一个作战星座。“我们正在采用相同的策略来扩展星座规模。例如，我们的天基拦截器项目，从初始合同到具备飞行条,http://mp.weixin.qq.com/s?__biz=MzI3MTkwMzM0Nw==&mid=2248072029&idx=6&sn=5de8874d00ccb909e99b0e157625ed5d,,"电话 | 010-82030532 手机 | ***********微信 | tech9999 邮箱 | yw@techxcope.com美国太空军推进天基空/地动目标跟踪能力，构建resilient雷达体系远望智库开源情报中心 编译美国太空军正在推进两项旨在现代化国防部空/地移动目标跟踪方式的重大努力。美国空军部长特洛伊·迈因克周一宣布，首批“天基空动目标指示”（SB-AMTI）原型卫星将于9月底前发射升空，进入低地球轨道。此前的5月，太空军已选定SpaceX公司，目标是在2028年前建成一个作战星座。“我们正在采用相同的策略来扩展星座规模。例如，我们的天基拦截器项目，从初始合同到具备飞行条件的硬件，用时不到一年，”迈因克在空军协会（AFA）年度“空中、太空与网络”会议上表示，“我们将于本月发射AMTI卫星——即我们的空动目标指示星座。”太空军作战部队司令部司令格雷戈里·加尼翁中将周三向记者透露，太空军在一个独立的“天基地动目标指示”（SB-GMTI）星座项目上也取得了进展，该星座现被称为“弹性雷达系统-地面版”（Resilient Radar System-Ground, RRS-G）。“作为联合部队，跟踪移动目标的能力对于赢得战争至关重要——无论这些目标是地面、海上还是空中——因为俄罗斯和中国等国在防空系统方面的进步，”加尼翁在AFA会议边会的媒体圆桌采访中指出。AMTI项目快速推进 动目标指示（MTI）是一种利用先进传感器持续探测和跟踪空中及地面目标的监视手段。传统上，这一任务由空军负责，使用有人驾驶预警机（如老化的E-3“哨兵”）或无人机（如MQ-9“死神”）执行。但五角大楼官员强调，美国对手正在部署先进的防空系统，使这些监视平台面临风险。同时，敌方飞机、无人机和导弹变得更快、更难探测。“我们的飞机无法靠得足够近，以建立稳定的跟踪轨迹并发起攻击。因为如果我们把飞机推近……这些飞机将面临巨大风险，”加尼翁说，“解决这个问题的办法是将感知层从空中和飞机提升到外层空间。”太空军一直对其AMTI星座的进展及其快速推进的意图持开放态度。除了今年早些时候授予SpaceX价值41.6亿美元的初始作战能力合同外，太空军还有三家公司在参与该项目，致力于演示新型传感技术。太空军已经在轨部署了演示卫星，以降低技术风险并为更大的采办工作提供依据。据负责天基传感与瞄准的投资组合采办执行官（代理）瑞安·弗雷泽上校介绍，这些系统仍在轨运行，并帮助验证了该星座的基础能力。“我们对这些系统所能提供的能力非常有信心，它们为项目提供了技术传承，并大幅降低了风险，为几个月前授予SpaceX的大合同提供了有力支撑，”弗雷泽周二在AFA会议边会期间表示。他补充道，首批进入轨道的AMTI卫星不会立即提供太空军最终期望的全球覆盖。相反，初期发射将产生数据，供该军种用于完善实现天基传感作战化所需的整体架构。随着更多卫星的部署，太空军计划利用获得的数据，完善将天基飞机跟踪技术整合进五角大楼作战行动所需的处理、作战管理与瞄准（PMBT）架构，弗雷泽说。太空军将AMTI视为计划中的E-7“楔尾”预警机的补充能力。由于资金中断和主承包商波音公司的制造障碍，E-7项目已被多次推迟。太空军作战部长道格拉斯·希斯上将周二对记者表示，空基与天基感知的结合，将在对抗环境中提供更大的弹性和更多维持态势感知的选择。“在对抗环境中，[SB-AMTI]使我们能够尽快投入战斗，”希斯说，“我们一直在谈论弹性，这样我们就能完成任务，而不必完全依赖单一平台。如果你把E-7和AMTI结合起来——这几乎就像是‘双模探测’（dual phenomenology）。”总体而言，SB-AMTI的最终价值在于其数据如何整合到更广泛的军事决策过程中，他说。“关键全在于数据，”他说，“是将数据传递给正确的人，使其从作战管理的角度做出正确的决策，无论是针对空动目标还是地动目标。”加尼翁表示，该星座生成的跟踪数据将传递给各军种的火力控制单元。这些单元可以将天基跟踪数据与其他传感器和情报来源的信息融合，然后再做出武器交战决策。“作战部队司令部的责任是运行位于外层空间的军事监视感知层，”加尼翁说，“这种军事监视能力将输送给联合部队，以提高其态势感知，同时也为他们提供拦截、压制和扰乱敌方空军的机会。”弹性雷达系统-地面版（RRS-G） 在准备发射SB-AMTI原型星的同时，太空军正与诺斯罗普·格鲁曼公司合作，力争在“未来两年内”将地动目标指示（GMTI）项目送入轨道，加尼翁说。该星座被命名为“弹性雷达系统-地面版”（RRS-G），其卫星将能够跟踪坦克、水面舰艇和机动部队等地面目标。由于这些目标比空中目标移动速度慢，GMTI平台上的传感器需要覆盖更广阔的地表面积，并滤除地面的静止杂波。今年8月，太空军成立了其首个天基传感与跟踪单位——第77监视中队。加尼翁表示，该中队的成立是为了“启动地动目标指示任务的进程”。不过，他补充说，该军种计划从整合空/地动目标监视行动入手，因为尽管探测现象学不同，但这两项任务具有相似的特征。“这只是不同的感知层。都是从太空进行感知，但感知的是不同层面的目标，无论是海上、地面还是空中，”他说。太空军正与国家侦察局（NRO）联合开发GMTI星座。太空军预计将担任主要军事操作方，而NRO将负责卫星指挥与控制、持续保障及地面架构。原文链接：https://defensescoop.com/2026/09/17/space-force-advancing-on-orbit-tracking-for-airborne-and-ground-based-targets/以下图片链接包含《世界军事热点问题研究》季刊、《全球太空动态》月刊、《远望周刊》、《俄军情周报》、《美军情周报》、《防空反导简报》、《网络空间简报》、《前沿科技动态与颠覆性技术》等期刊，请滑动或点击图片进入商城查看。>不喜欢远望智库：与智者同行，为创新加速！",,,,pending
美国太空军寻求能够追踪轨道物体的卫星,战略前沿技术,战略前沿技术,"21C API, 交付, 招标, 政策, 发布",normal,2026-09-27T21:56:07+08:00,,电话 | 010-82030532 手机 | ***********微信 | tech9999 邮箱 | yw@techxcope.com美国太空军寻求能够追踪轨道物体的卫星远望智库开源情报中心 编译核心要点 美国太空军正根据名为VICTUS的快速发射模式，寻求关于能够交会并在轨检查物体的卫星的行业提案。回复截止日期为10月19日，该机构的目标是在2029财年交付首批航天器。根据太空系统司令部于9月18日发布的信息征询书，美国太空军希望各公司提出能够追踪并在短时间内检查轨道物体的卫星方案。太空系统司令部于9月18日要求工业界为一种航天器设计方案进行推介，该航天器需能够追踪太空中的另一个物体，靠,http://mp.weixin.qq.com/s?__biz=MzI3MTkwMzM0Nw==&mid=2248072029&idx=7&sn=0c0eba740279c7c65a0d643ca0296f1c,,电话 | 010-82030532 手机 | ***********微信 | tech9999 邮箱 | yw@techxcope.com美国太空军寻求能够追踪轨道物体的卫星远望智库开源情报中心 编译核心要点 美国太空军正根据名为VICTUS的快速发射模式，寻求关于能够交会并在轨检查物体的卫星的行业提案。回复截止日期为10月19日，该机构的目标是在2029财年交付首批航天器。根据太空系统司令部于9月18日发布的信息征询书，美国太空军希望各公司提出能够追踪并在短时间内检查轨道物体的卫星方案。太空系统司令部于9月18日要求工业界为一种航天器设计方案进行推介，该航天器需能够追踪太空中的另一个物体，靠近直至几乎接触，并对其进行 inspection 或互动。该项目隶属于太空军的VICTUS系列，其核心理念是：让卫星在数天内而非数年内部署到轨道上。基本要求是卫星能够在承包商设施中待命长达两年，然后在接到调用通知后的14天内发射。太空军还提出了一个更快的层级：处于较短警戒周期的卫星需要在36小时内升空，在要求最苛刻的情况下甚至需要在12小时内。这些更紧凑的数字目前是延伸目标，而非硬性要求。一旦进入轨道，航天器需要缩小与目标（无论是碎片还是合作卫星）的差距至零米，然后机动到不同的轨道并再次执行该任务。太空军希望这能在低轨道、中轨道以及卫星前往地球静止轨道所经过的高椭圆路径上工作，且机载燃料需足够进行十几次重大机动。该机构还希望卫星平台不局限于某一公司的硬件。任何合格供应商的传感器或有效载荷都应能够使用信息征询书所称的Handle 2.0开放标准进行加装，这样政府就不会在整个项目周期内被单一供应商绑定。该征询书发布的三天前，空军部长特洛伊·梅因克（Troy Meink）在9月15日告诉会议听众，美国已经在轨道上部署了武器。“这就是为什么美国现在已经在轨道上拥有太空控制武器，能够防御联合部队免受敌对对手的攻击，”梅因克说。他没有透露这些武器是什么、有多少、或者何时部署，本周的信息征询书中也没有任何内容将这颗交会卫星项目与这一披露联系起来。太空政策研究员维多利亚·萨姆森（Victoria Samson）表示，她不记得以前有美国官员说过这样的话。梅因克还提到了一颗计划本月发射的用于跟踪移动目标原型卫星，并表示用于“金穹”（Golden Dome）导弹防御系统的天基拦截器已准备好发射。回应信息征询书的公司不需要正式的提案。太空军希望得到直接的答案：公司持有何种安全许可、拥有哪些建造卫星的设施、以及自2021年1月以来的飞行遗产证明，要求到2027年1月至少有两颗卫星已在低轨道飞行或一颗在地球静止轨道飞行。提交截止日期为10月19日，白皮书限制在15页以内，幻灯片限制在20页以内，外加一份涵盖工程、硬件、软件、测试和支持的粗略成本分解。不完整的提交将不予审查。这仍然是市场调研，而非正在形成的合同。太空军尚未设定预算，也未承诺后续招标，其目标是首批卫星在2029财年的某个时候发射，具体日期取决于后续采办计划的制定情况。原文链接：https://defence-blog.com/u-s-space-force-wants-satellites-that-can-hunt-objects-in-orbit/以下图片链接包含《世界军事热点问题研究》季刊、《全球太空动态》月刊、《远望周刊》、《俄军情周报》、《美军情周报》、《防空反导简报》、《网络空间简报》、《前沿科技动态与颠覆性技术》等期刊，请滑动或点击图片进入商城查看。>不喜欢远望智库：与智者同行，为创新加速！,,,,pending
郑永年：中美稳定共识走深走实，关键在哪？,战略前沿技术,战略前沿技术,"21C API, 系统集成, 产能, 政策, 关税, 推出, 实验室",normal,2026-09-27T21:56:07+08:00,,电话 | 010-82030532 手机 | ***********微信 | tech9999 邮箱 | yw@techxcope.com来源：IPP评论作者：郑永年导语：9月26日下午，国家主席习近平圆满结束对美国的国事访问，回到北京。从5月北京会晤到9月华盛顿会晤，中美元首在不到半年内实现互访，这在中美关系史上是前所未有的。此次会晤进一步丰富了中美关系定位的内涵，双方同意构建“基于尊重、公平、对等的中美建设性战略稳定关系”，并就经贸、人工智能、国际和地区问题等达成多项共识。中美为何需要稳定，这种稳定又建立在什么基础之上？在经贸摩擦与互补并存、科技竞争与共同风险交织的现实中，两国如何落实共识,http://mp.weixin.qq.com/s?__biz=MzI3MTkwMzM0Nw==&mid=2248072029&idx=2&sn=8a4f744985450e42c252da11f92e34c6,,电话 | 010-82030532 手机 | ***********微信 | tech9999 邮箱 | yw@techxcope.com来源：IPP评论作者：郑永年导语：9月26日下午，国家主席习近平圆满结束对美国的国事访问，回到北京。从5月北京会晤到9月华盛顿会晤，中美元首在不到半年内实现互访，这在中美关系史上是前所未有的。此次会晤进一步丰富了中美关系定位的内涵，双方同意构建“基于尊重、公平、对等的中美建设性战略稳定关系”，并就经贸、人工智能、国际和地区问题等达成多项共识。中美为何需要稳定，这种稳定又建立在什么基础之上？在经贸摩擦与互补并存、科技竞争与共同风险交织的现实中，两国如何落实共识、管控分歧，并承担维护世界稳定的大国责任？围绕这些问题，郑永年教授近期展开系统分析。郑永年：“事实上的G2”已体现在中美外交互动之中 9月23日，特朗普总统及夫人梅拉尼娅亲赴安德鲁斯联合基地迎接习近平主席和夫人彭丽媛，这是11年来首次有美国总统亲赴该基地迎接外国领导人。对于美国政府罕见的礼宾安排，郑永年教授认为，理解特朗普的对华态度，既要看其个人风格，更要看到中美作为两个超级大国在现实地位上的变化。郑永年教授指出，特朗普的崛起及其执政方式，反映了中美作为两个超级大国所形成的“de facto G2”（事实上的G2）这一现实。特朗普上台后，已经打破了美国不少传统惯例，其外交风格也与传统政治人物明显不同。尤其在对待盟友和国际机构时，特朗普往往不受传统外交规则约束。这与其长期从商的经历有关。郑永年教授认为，相较于美国对待其他国家的方式，特朗普政府对中国更加体现出一种相对对等的关系。比如，美国推出“对等关税”后，中国第一个作出反制，也是唯一采取相应反制措施的国家。外界认为只有中国能够以相对平等的方式与美国互动。从这个意义上说，“de facto G2”已经体现在中美外交互动之中。更为重要的是，特朗普也越来越意识到中美关系的重要性。中美合作则两利，斗争则两败俱伤。中美关系具有巨大的外溢性，两国关系的变化会影响整个国际秩序。今年5月特朗普来访期间，两国元首已就稳定中美关系达成共识。这不仅是中美两国之间的共识，也在一定程度上体现了美国两党的共同认识，即应当避免中美发生冲突。郑永年：中美稳则天下稳，稳定关系越来越建立在实力之上 此次会晤，中美在经贸、人工智能和危机沟通等领域取得新的进展。郑永年教授指出，中美是国际秩序不可或缺的两根支柱，两国关系的稳定关乎世界秩序。而在此前的摩擦与较量中，双方逐渐认识到彼此的实力与韧性，稳定关系、避免全面冲突的共识，也越来越建立在现实实力的基础之上。当地时间9月24日上午，美国总统特朗普在白宫举行隆重仪式，热烈欢迎中国国家主席习近平对美国进行国事访问。图源：新华社郑永年教授指出，地缘政治、世界经济失衡、文明冲突和全球治理四大危机相互交织，人工智能的发展又带来了巨大不确定性。寻找稳定与确定性，需要从现实的世界权力结构出发。在他看来，从经济规模、技术水平、军事力量等方面看，中美是当今世界的两个超级大国。尤其在以人工智能为代表的第四次产业革命中，技术和产能高度集中于中美。其他国家即使在一些细分领域具备能力，也很难形成中美已经具备的系统集成能力。这构成了“事实上的G2”的现实依据，指向的是两国的实力地位。对于如何认识彼此，他提出“大国不败”：一个大国如果内部没有出现严重问题，很难被另一个大国彻底打败。中国并没有按照美国一些对华强硬人士的预言垮掉；中国也不能因为美国出现不少混乱，就认定美国很快会垮掉。双方都不能把希望寄托在对方突然消失或衰败上。在他看来，今年5月两国元首已经就建设稳定的中美关系达成共识。避免全面冲突，也是美国民主、共和两党的最低共识。因此，对于民主党可能在中期选举中夺回众议院的情形，郑永年认为这不会改变上述的基本判断。但最低共识并不能消除具体政策中的干扰：美国国会可能制造阻力，盟友和伙伴的利益也可能牵制甚至“绑架”美国政策。郑永年：中美增进互信需要“三步走” 华盛顿会晤结束后，中美元首年内还将在深圳APEC会议和美国G20峰会期间继续会面。与此同时，中美也在同步推进人工智能对话、经贸磋商。郑永年教授指出，稳定共识需要通过持续沟通加以巩固，并由双方政府部门落实。他提出“先经贸、再政治、后安全”的推进路径：扩大共同利益，增进政治信任，在一定程度的共识与信任基础上处理棘手的安全问题。当地时间9月24日上午，美国总统特朗普在白宫举行隆重仪式，热烈欢迎中国国家主席习近平对美国进行国事访问。欢迎仪式结束后，两国元首夫妇移步白宫椭圆形办公室，进行亲切友好的交流。图源：新华社郑永年教授认为，国家越大，领导人之间的直接沟通就越重要，面对面交流对于沟通和达成共识尤为关键。尤其是特朗普第二任期以来，两国领导人先通过讨论形成共识，再由双方政府部门落实。“落实两国元首共识”，已经成为两国关系运作中的一个重要方式。对于巩固和深化稳定共识，他提出“三步走”。第一步，夯实经贸合作这一“压舱石”。中美经济在高科技领域竞争激烈，但其余大量领域具有结构性互补，拓展共同利益、做大做强经贸合作的空间仍然很大。第二步，通过高层会晤达成政治共识、建立政治信任。中美经济呈现结构性相互依赖，但两国仍缺失一定程度的政治信任。在他看来，随着政治信任度提高，两国相互依赖的程度也会继续提高。第三步，在一定程度的共识与信任基础上，着手处理台湾、南海等棘手的安全问题。他强调，坚守安全领域的底线、增加政治领域的信任、拓展经贸领域的共同利益，是过去经验已经证明的正确方向。他进一步指出，稳定共识还可以超越双边关系。中东局势、地区和平、国际能源市场等，都涉及两国及世界的利益。两国领导人讨论越多，就越有可能找到更多共识，共同利益越大，稳定的基础也会越牢固。郑永年：中美经济具有结构性互补，关税与反制须具体分析 特朗普开启第二届任期后，美方对华关税最高曾升至145%，此后双方围绕关税、关键矿产和供应链进行了多轮博弈，美方部分激进措施随后有所回调。此次华盛顿会晤前后，双方达成涉及300亿美元商品的对等降税安排，并同意将贸易休战延长至明年1月。郑永年教授指出，中美经济既有高科技领域的激烈竞争，也有大量领域的结构性互补，关税的作用需要分领域判断。稀土反制体现的是“止戈为武”：尽量不用，但面对极端、非理性的打压，也不能坐以待毙。同时，反制措施应保留谈判与调整的空间，而非成为不可改变的安排。美国财政部长斯科特·贝森特与中国国务院副总理何立峰周三在华盛顿举行会晤并合影。图源：美国财政部长贝森特官方X账号郑永年教授指出，中美经贸关系不能被笼统地理解为竞争。高科技领域竞争激烈，大量其他领域则具有结构性互补，关税的作用需要分领域判断。稀土是中国回应打压的手段之一，运用这张牌体现的是“止戈为武”，同时保留谈判和调整的灵活性。郑永年教授指出，中美经济中竞争比较激烈的领域大约占两三成，其余六七成并没有那么强的直接竞争关系。美国自里根时期以来实行新自由主义经济政策，逐步放弃了大多中低端技术产品的生产，这些领域上中美并不存在强烈的直接竞争关系。在互补性很强的领域，加征关税不一定能够达到美国希望实现的目标。美国希望把关税作为谈判工具，需要看清它在什么领域有效、在什么领域作用有限。郑永年教授强调，稀土是一种有效的反制方式。“止戈为武”意味着尽量不用，但如果对方的政策走向极端、走向非理性，中国也不可能坐以待毙。而相关措施在谈判中保留延期等调整空间，正体现了这种灵活性。他指出，中国的反制工具并不只有稀土。只要美国以比较理性的方式同中国打交道，中国就不会随便使用稀土这张牌。郑永年：AI竞争之中仍有共识空间，开放需要边界，风险需要讨论 此次华盛顿会晤中，双方同意建立AI对话，并设立人工智能事件沟通渠道，下一轮对话将在11月举行。值得注意的是，美方9月25日介绍此次中美元首会晤成果时将其称为“超级智能”（Super Intelligence）对话，中方仍使用“人工智能”表述；围绕人工智能的概念界定、风险认知与治理边界，双方正在进入一个需要持续磨合、逐步形成规则的新阶段。郑永年教授指出，中美在AI领域既有激烈竞争，也有技术与应用上的互补，难以完全“脱钩”。双方既有必要的安全顾虑，也面临需要共同讨论的技术风险与社会影响。开源与闭源不能简单以好坏论断，开放的边界需要具体讨论，而共识的形成既离不开企业，也需要整个社会参与。OpenAI首席执行官萨姆·奥尔特曼在联合国总部举行的第81届联合国大会期间，就人工智能议题召开的安理会会议上发言。图源：美联社郑永年教授指出，在人工智能这一竞争激烈的领域，中美很难完全“脱钩”。两国既有各自的国家安全顾虑，也面临共同的技术风险和社会影响。中国企业已经展现出以较低成本提供有竞争力产品的能力，这对美国许多企业具有吸引力。如果完全限制使用，反而会增加美国企业自身的成本。中国的开源模型也在推动美国一些企业更加开放，包括开放模型权重。这说明，即使在竞争最激烈的领域，中美仍存在互补性，而且这种互补不仅体现在技术本身，也体现在技术使用上。与此同时，双方确实都有国家安全考虑。即使美国愿意提供最高端芯片，中国也不会轻易将其用于核心敏感领域；同样，中国高科技产品进入美国，美国敏感部门也会有所防范。在这些顾虑之外，人工智能本身的技术风险及其社会影响，也是双方需要共同讨论的问题。智能体自主决策、模型幻觉都可能带来风险；如果误判进入军事决策，后果更可能不堪设想。人工智能与核武器不同，它无所不在，已经形成全球性生态，涉及金融、政治和社会运行，因此不能简单照搬美苏冷战时期的思路。关于开源边界，郑永年教授强调，开源和闭源本身是相对概念。许多讨论具体指向模型权重开放，并不意味着所有内容都毫无限制地开放。政府与非政府组织、建设性力量与破坏性力量，都可能使用人工智能。因此，哪些可以使用、哪些不能使用，哪些可以开放、哪些需要保留边界，都应当展开具体讨论。郑永年：台湾问题上，不变的是统一目标，变化的是实力对比 此次华盛顿会晤后，台湾问题并未出现在双方公布的成果清单中，而美国一项约140亿美元的对台军售方案也仍未最终获批。郑永年教授指出，台湾问题涉及中国主权和国家统一，不变的是底线与红线，变化的是中国的实力。中国没有放弃和平解决台湾问题的努力，但台湾问题也不可能无限期拖延。未来中美若能扩大共同利益与合作基础，并在敏感领域增进共识，就有助于为解决台湾问题创造相对有利的中美关系环境。美国一项总额约140亿美元的对台军售方案目前仍未获特朗普政府最终批准。郑永年教授指出，台湾问题涉及中国主权和国家统一，中国的底线与红线没有变化，台湾问题是中国核心利益中的核心。变化的是实力对比。中国没有放弃和平解决台湾问题的努力。在他看来，美国也不会轻易放弃台湾这张牌。如果中美共同利益不断增加、合作基础不断扩大，并在敏感领域形成更多共识，就能为解决台湾问题创造相对有利的中美关系环境。他认为，美国白宫、国会、两党以及各种社会组织和政治力量，对台湾问题存在不同看法。因此，两国领导人之间的讨论十分重要，既要向外界释放积极信息，也要传递中方立场坚定的信息。美国关切芯片利益，中国关切自身主权利益，这种博弈仍会持续。中方可以用更大的格局向美方说明，解决自身主权问题，并不意味着损害美国在芯片方面的利益。中国仍致力于和平解决台湾问题。美国国会的一些涉台立场，也与台湾地区尤其是“台独”势力的游说有关。但美国的立场并非不会变化，台湾地区的形势也并非不会变化。关键在于，各方能否更加现实地看待力量对比。郑永年：照顾美方衰落情绪，展现中国大国担当 郑永年教授指出，中国既要管理自身崛起的外溢效应，也要妥善应对美国相对衰落产生的情绪。承担大国责任，需要在维护自身利益的同时考虑他国利益，提供更多国际公共品，并保持国际秩序的开放性。人们在华盛顿特区华尔道夫酒店附近挥舞中美国旗。图源：路透社郑永年教授指出，中国崛起对世界的影响是全方位、深刻的。中国生产什么、生产多少，消费什么、消费多少，都会产生巨大的外溢效应。因此，中国需要以更精致的方式“讲好中国故事”，并采取必要举措管控这些影响。对美关系则要求中国处理更复杂的利益与情绪。他认为，中国既要通过斗争维护自身核心利益，也要照顾美国的衰落情绪；既要考虑中美两国利益，也要考虑两国关系对其他国家的影响。他强调，中美关系是中国最重要的外交关系，但不是唯一的关系。“事实上的G2”并不意味着中美“共治世界”，更不意味着两国可以将各自或共同的意志强加于他国。国际秩序的重建和维持，必须是一个开放包容的过程。在他看来，全球安全倡议、全球发展倡议、全球文明倡议和全球治理倡议相互关联、形成体系：发展与安全相互保障，文明对话有助于形成最低限度的共识，并在此基础上推动建立公正合理的全球治理秩序。他认为，中国既要加强和扩大国家利益，也要超越狭隘的国家利益观念，在整个国际局势中定义广义的国家利益。所谓大国崛起，不仅是自己感到崛起了，也要让其他国家的人民为中国的崛起真心诚意地鼓掌。以下图片链接包含《世界军事热点问题研究》季刊、《全球太空动态》月刊、《远望周刊》、《俄军情周报》、《美军情周报》、《防空反导简报》、《网络空间简报》、《前沿科技动态与颠覆性技术》等期刊，请滑动或点击图片进入商城查看。>一网打尽系列文章，请回复以下关键词查看：创新发展：习近平 | 创新中国 | 协同创新 | 科研管理 | 成果转化 | 新科技革命 | 基础研究 | 产学研热点专题：军民融合 | 民参军 | 工业4.0 | 商业航天 | 国家重点研发计划 | 装备采办 | 摩尔定律 | 诺贝尔奖 | 国家实验室 | 军工百强 | 试验鉴定 | 双一流 | 净评估 前沿科技：颠覆性技术 | 仿生 | 脑科学 | 精准医学 | 基因编辑 | 虚拟现实 | 增强现实 | 人工智能 | 机器人 | 3D打印 | 4D打印 | 太赫兹 | 云计算 | 物联网 | 互联网+ | 大数据 | 石墨烯 | 电池 | 量子 | 超材料 | 超级计算机 | 卫星 | 北斗 | 智能制造 | 不依赖GPS导航 | 5G | MIT技术评论 | 航空发动机 | 可穿戴 | 氮化镓 | 隐身 | 脑机接口 | 传感器 | 数字孪生先进武器：无人机 | 轰炸机 | 预警机 | 运输机 | 直升机 | 战斗机 | 六代机 | 网络武器 | 激光武器 | 电磁炮 | 高超声速武器 | 反无人机 | 防空反导 | 潜航器未来战争：未来战争 | 抵消战略 | 水下战 | 网络空间战 | 分布式杀伤 | 无人机蜂群 | 太空战 | 反卫星 | 混合战 | 电子战 | 马赛克战前沿机构：战略能力办公室 | DARPA | 快响小组 | Gartner | 硅谷 | 谷歌 | 华为 | 阿里 | 俄先期研究基金会 | 军工百强其他主题系列陆续整理中，敬请期待…… 不喜欢远望智库：与智者同行，为创新加速！,,,,pending
中美关系，需要一个穿越时间的答案,战略前沿技术,战略前沿技术,"21C API, 投资, 政策, 实验室",normal,2026-09-27T21:56:07+08:00,,以下文章来源于玉渊谭天，作者谭主玉渊谭天.简单逻辑看复杂世界 电话 | 010-82030532 手机 | ***********微信 | tech9999 邮箱 | yw@techxcope.com来源：玉渊谭天作者：谭主中美两国元首在半年内实现互访，具有历史性、里程碑意义。这次访问，从欢迎仪式到会谈和欢迎宴会，很多细节都被国内外媒体挖掘解读。访问刚开始，中方提到了一句话，值得放在整个行程中来看：世界在发展，时代在变化，但中美两国和平共处的历史逻辑没有变，两国人民友好交往的良好愿望没有变，国际社会对中美两国的普遍期待没有变。一些东西在变，但还有很多东西不能变，也不会变。共同抗击日本军国主义的,http://mp.weixin.qq.com/s?__biz=MzI3MTkwMzM0Nw==&mid=2248072029&idx=1&sn=85ab6cd2c9dff5888b375d76652c1e86,,以下文章来源于玉渊谭天，作者谭主玉渊谭天.简单逻辑看复杂世界 电话 | 010-82030532 手机 | ***********微信 | tech9999 邮箱 | yw@techxcope.com来源：玉渊谭天作者：谭主中美两国元首在半年内实现互访，具有历史性、里程碑意义。这次访问，从欢迎仪式到会谈和欢迎宴会，很多细节都被国内外媒体挖掘解读。访问刚开始，中方提到了一句话，值得放在整个行程中来看：世界在发展，时代在变化，但中美两国和平共处的历史逻辑没有变，两国人民友好交往的良好愿望没有变，国际社会对中美两国的普遍期待没有变。一些东西在变，但还有很多东西不能变，也不会变。共同抗击日本军国主义的历史，是中美元首在讲话中，共同提到的话题。中方致辞中回顾了这段历史，特别提到中美曾“并肩抗击”：习近平在白宫欢迎仪式上的致辞第二次世界大战期间，中美并肩抗击法西斯侵略。对于这段历史，中国人民不会忘记，美国人民也没有忘记。美方也在讲话中提起一个来源于中文的词：“工合”（gung ho）。“工合”是“中国工业合作协会”的简称。抗日战争期间，“工合”供应战时的军需民用，支持抗战。中国外文局译审刘强熟知英文词义脉络，他告诉谭主：1937年，一位美国海军陆战队军官考察中国抗战，后来到过延安。他接触到八路军和“工合”运动，后来把“工合”用作鼓励美军部队官兵协作的口号。1942年，这支部队在太平洋战场取得战功。为提振士气，美军宣传该部队。“工合”这个词，也被更多美国人熟知。它的来处，是中美在特定时代背景下，在血与火中铸成的价值认同。要知道，此前美国总统讲二战，更多是将叙事重心落在美国自身。而这一次，变成了中美双方团结协作的历史记忆。中国国际问题研究院的项昊宇告诉谭主，这可以从三个层面理解：历史上，中美共同参与建立战后国际秩序；现实中，两国仍有许多利益交汇点；面向未来，两国还要承担维护世界稳定、推进全球治理的大国责任。放在这个语境下，“并肩作战”和“工合”，也就有了更具体的含义：中美曾跨越差异，并肩抗击日本军国主义侵略者。那时，两国为了关乎世界和平的大事走到一起。到了今天，两国还需要找到这样团结一致的利益交汇点，一起防范时代风险。而中美元首的互动中，也提到了当下中美需要共同面临的挑战：人工智能。翻看近期中美元首互动的新闻稿，一些需要双方共同做工作的领域，往往都是一个动词，比如“加强合作”“加强对话”“继续磋商”等，而人工智能，同时对应了两个动作：习近平在白宫欢迎仪式上的致辞中美两国都是人工智能大国，有能力也有责任发展好、管控好人工智能，确保人工智能发展始终受控于人、造福于民。“发展好”，对应技术进步和利益共享；“管控好”，对应滥用、恶用和失控风险。“数字军国主义”就是其中一种风险。此前，谭主披露了日本政府正在砸钱，将错误历史观灌进其打造的AI业务辅助系统——“源内”，并主动适配搜索引擎和大模型的算法偏好，让篡改后的二战历史，优先在AI面前“露脸”。如果缺乏有效管控，任由其发展，将酿成恶果。从共同抵抗军国主义，到共同应对“数字军国主义”；从共同应对气候变化，到共同探讨前沿技术该如何发展；中美两国，需要并肩作战。这是大国的责任与担当，也是国际社会对中美两个大国的普遍期待。无论世界如何变化，这种期待不会变。9月的这次会晤，进一步丰富了“建设性战略稳定关系”的内涵：习近平和彭丽媛同美国总统特朗普夫妇茶叙两国元首同意进一步丰富中美关系定位的内涵，共同构建“基于尊重、公平、对等的建设性战略稳定关系”。5月北京会晤时，两国元首共同确认中美建设性战略稳定关系。当时美方的声明，在建设性战略稳定关系后添加了表述，是：on the basis of fairness and reciprocity（基于公平、对等的）美国的《国家安全战略》提这两个词，讲的是怎么重新平衡对华经济关系，来满足自身的经贸和安全关切。事实是，如果双方都只从自己的关切出发，具体事情仍容易起争端。经贸问题就是如此。而这次会晤，双方相向而行，同意进一步丰富中美关系定位，把“尊重”放在了“公平、对等”之前。中国人民大学的刁大明告诉谭主：定位的内涵，尊重、公平、对等，与中方在处理中美关系中，一贯坚持的“相互尊重、和平共处、合作共赢”原则一脉相承。“尊重”是前提，意味着尊重彼此社会制度、发展道路和核心利益，延续中美三个联合公报精神；“公平”是价值追求，内嵌于中国倡导的新型国际关系之中，既体现为国际关系的公平正义，也表现为维护国际法和国际秩序的公平；“对等”则强调对等互惠与权利义务平衡，强调在国际交往中的地位平等、利益兼顾，不能一方独享权利而另一方独担义务。这次双方同意把“尊重”放在前面，让关系定位的内涵又往前走了一步。以尊重管控分歧，以公平塑造秩序，以对等实现互惠。坚持并持续发展建设性战略稳定关系，就是中美两个大国寻求正确相处之道。这既造福两国人民，也为动荡世界提供稳定锚。而具体怎么构建这个关系，可以先从美媒的一个变化来看。在会晤开始前，有美媒用了一个词来描述中美关系——“pragmatic”（务实），意思是从现实条件出发，先看办法是否可行、能否见效。中美经贸关系就是一例。5月，双方同意成立贸易理事会和投资理事会，讨论双方贸易投资领域各自关切。到9月，这些事有了进一步的安排。9月，两国元首就中美建设性战略稳定关系及重大国际地区问题深入交换意见，达成八点成果共识，包括：两国元首认可中美经贸磋商机制积极作用和双方经贸团队磋商成果，包括建立并推进贸易理事会等机制，达成“300亿美元”对等降税安排，延期吉隆坡经贸磋商成果等，并指示予以落实。从经贸磋商、达成共识到安排落实，会谈中的一句话也就有了更具体的指向：习近平同美国总统特朗普在白宫举行会谈两国各部门、各领域、各层级都要动起来，不以善小而不为，不以恶小而为之，以钉钉子精神落实好双方达成的共识。这是近两年来，中方首次在中美元首互动通稿中提到这个精神。钉钉子精神过去更多用于国内抓落实。放在中美语境下，接下来双方要做的，就是谈成的事由谁接着办，能不能一件接着一件办下去。具体的事情要一件件做，中美也还要回答一个绕不开的问题，竞争该怎么进行？白宫的欢迎仪式上，中方说，中美“不必讳言竞争”，但竞争“应该是你追我赶的赛跑，而不是你输我赢的角斗”。竞争和分歧并未完全消失。但在这些声音之外，也有新变化发生。曾在外交一线工作的相关人士告诉谭主，提出“修昔底德陷阱”的格雷厄姆·艾利森，后来也开始研究中方所说的“你中有我、我中有你”。这里还有个细节。艾利森回忆，美国国会参议员舒默曾率团访华，回到美国后，团里有人打电话问他，这句话究竟是什么意思。他说自己当时也没弄懂，后来又向习近平主席请教。再谈起这句话时，艾利森说，中美双方命运紧密相连，为确保自身生存权益，双方必须开展合作。一个曾担心大国是否必然走向冲突的学者，着手研究已经相互依存的两个大国怎样长期相处。关于中美关系的设问已经变了。答案也是明确的。要知道，“中美两国能不能跨越‘修昔底德陷阱’，开创大国关系新范式？”这是习近平主席今年5月在与美国总统特朗普举行会晤时提出的重大命题。在这次白宫欢迎仪式上，中方说得很直接——“修昔底德陷阱”是可以跨越的。在这次访问美国的行程刚开始时，中方就提到：“中美两国和平共处的历史逻辑没有变。”怎么看待历史逻辑？今年两位元首互访，行程安排有一个共同点，就是都去了本国承载历史记忆的地方。5月特朗普总统访华时，两国元首一同参观天坛，谈到中国人的宇宙观、处世哲学和“民为邦本、本固邦宁”的中国传统思想。四个月后，这次访美行程的最后一站，两国元首一同来到美国国家档案馆，听取对档案馆和主要陈列品的介绍。在档案馆，中方谈到两国历史文化、社会制度、发展道路的不同，也谈到两国人民对美好生活的向往是相通的，并提出“承认和尊重彼此的不同”。两个国家不必变得相同才能和平共处。这个历史逻辑，并没有改变。在欢迎宴会上，中方在祝酒辞中，用200多年的时间跨度，串起了中美人民交往的几个重要节点。而最近的，是赛考斯与殷玉珍的友谊故事。习近平在美国总统特朗普举行的欢迎宴会上的祝酒辞20多年前，一位名叫赛考斯的美国人资助中国治沙人殷玉珍种树。不久前，这位老人回到中国，亲眼看到当年的沙漠已经变成一片郁郁葱葱的森林。这个故事感动了许多中国民众，也是中美两国人民友好交往的范例。推动中美关系向前走的，有政治家和外交官，也有商人、教师、学生、运动员，以及千千万万个普通人。很多时候，正是一次次具体的中美人文交流，让中美友好合作有了更深的基础。特朗普总统在欢迎宴会中同样提到：我和习近平主席都明白，我们代表着不同的制度，但两国人民之间的联系经久不衰。这句话中的“但”很重要。制度不同是事实，但制度差异不能概括中美关系的全部，不能抹去也不能阻碍两国人民长期形成的联系。当地时间9月24日上午，习近平主席在白宫欢迎仪式上发表致辞时宣布，“未来5年，中方将邀请10万名美国青少年来华交流学习”。这是习近平主席继2023年11月在旧金山宣布“未来5年邀请5万名美国青少年来华交流学习”倡议之后，又一次面向美国青少年发出邀约。谭主梳理了近三年国内公开报道的中美青年交流团数据，2023年年底以来，中美青年交流明显提速。其中，文旅体验仍是最常见内容，但科技、教育类活动明显增多，乡村振兴、生态环保等非传统研学内容也被纳入选项当中。谈及这种变化的原因，长期组织中美青少年交流活动的庄汉杰会长告诉谭主，中国不仅拥有底蕴深厚的历史文化，也正在经历一场具有全球影响的大规模产业变革。学生们希望能够看到一个完整、真实、动态发展的中国。一名参加过中美交流活动的美国学生告诉谭主，去中国以前，她对中国的认识主要来自学校历史课和社交媒体等。到了中国后，她同中国学生一起演出、参与活动，结下了非常深厚的友谊；回到美国后，大家仍然在群聊中保持联系。一次对话，变成了一个持续存在的小型关系网络。中国也不再只是新闻中的一个国家、政策文件中的一个竞争者，而是一些见过面、说过话、仍然保持联系的人。只要两国人民仍然愿意认识彼此、走近彼此，这些联系，就会成为中美关系继续向前走时，重要的民意基础。今天，中美关系又站在新的历史起点上。新的技术会出现，新的竞争会出现，新的合作议题也会出现。变的是时代给出的题目，不变的是，中美始终需要找到彼此相处、共同做事的方式。毕竟，大国关系总要落到共同面对的问题、共同创造的利益、共同建立的联系上。时代会继续变化，而中美关系，也还会继续向前。以下图片链接包含《世界军事热点问题研究》季刊、《全球太空动态》月刊、《远望周刊》、《俄军情周报》、《美军情周报》、《防空反导简报》、《网络空间简报》、《前沿科技动态与颠覆性技术》等期刊，请滑动或点击图片进入商城查看。>一网打尽系列文章，请回复以下关键词查看：创新发展：习近平 | 创新中国 | 协同创新 | 科研管理 | 成果转化 | 新科技革命 | 基础研究 | 产学研热点专题：军民融合 | 民参军 | 工业4.0 | 商业航天 | 国家重点研发计划 | 装备采办 | 摩尔定律 | 诺贝尔奖 | 国家实验室 | 军工百强 | 试验鉴定 | 双一流 | 净评估 前沿科技：颠覆性技术 | 仿生 | 脑科学 | 精准医学 | 基因编辑 | 虚拟现实 | 增强现实 | 人工智能 | 机器人 | 3D打印 | 4D打印 | 太赫兹 | 云计算 | 物联网 | 互联网+ | 大数据 | 石墨烯 | 电池 | 量子 | 超材料 | 超级计算机 | 卫星 | 北斗 | 智能制造 | 不依赖GPS导航 | 5G | MIT技术评论 | 航空发动机 | 可穿戴 | 氮化镓 | 隐身 | 脑机接口 | 传感器 | 数字孪生先进武器：无人机 | 轰炸机 | 预警机 | 运输机 | 直升机 | 战斗机 | 六代机 | 网络武器 | 激光武器 | 电磁炮 | 高超声速武器 | 反无人机 | 防空反导 | 潜航器未来战争：未来战争 | 抵消战略 | 水下战 | 网络空间战 | 分布式杀伤 | 无人机蜂群 | 太空战 | 反卫星 | 混合战 | 电子战 | 马赛克战前沿机构：战略能力办公室 | DARPA | 快响小组 | Gartner | 硅谷 | 谷歌 | 华为 | 阿里 | 俄先期研究基金会 | 军工百强其他主题系列陆续整理中，敬请期待…… 不喜欢远望智库：与智者同行，为创新加速！,,,,pending
国内首个！青藏高原上，它把两吨重的建材运上陡峭山脊,科技日报,科技日报,"21C API, 高压直流",normal,2026-09-27T21:45:51+08:00,,一周科技热词：系留气球大家好，我是科技日报热词君。先来出个难题：在海拔超过4000米的青藏高原深山里，把2吨重的电力铁塔建材运上无路可通的陡峭山脊，你能想到什么办法？中国给出的答案既不是载重无人机，也不是货运索道，而是个“大气球”。9月21日，国内首个2吨级载重系留气球在藏东南至粤港澳大湾区±800千伏特高压直流输电工程西藏段成功试运行，一个白白胖胖、圆滚滚的大家伙刷屏科技圈。也许大家会说，不就是一个会飞的气球再挂点东西吗？但事情还真不是这么简单，今天热词君带你了解一下“大气球”背后的门道。1“系留”俩字是啥意思？很多人第一次听“系留气球”，都觉得名字怪怪的。其实这名字起得特别直白，拆开看就懂,http://mp.weixin.qq.com/s?__biz=MzI3NDI5MjI4OQ==&mid=2247899847&idx=1&sn=67ba103da010b3c977f3ed35136ffc8e,,一周科技热词：系留气球大家好，我是科技日报热词君。先来出个难题：在海拔超过4000米的青藏高原深山里，把2吨重的电力铁塔建材运上无路可通的陡峭山脊，你能想到什么办法？中国给出的答案既不是载重无人机，也不是货运索道，而是个“大气球”。9月21日，国内首个2吨级载重系留气球在藏东南至粤港澳大湾区±800千伏特高压直流输电工程西藏段成功试运行，一个白白胖胖、圆滚滚的大家伙刷屏科技圈。也许大家会说，不就是一个会飞的气球再挂点东西吗？但事情还真不是这么简单，今天热词君带你了解一下“大气球”背后的门道。1“系留”俩字是啥意思？很多人第一次听“系留气球”，都觉得名字怪怪的。其实这名字起得特别直白，拆开看就懂了：“系”=拴住、绑牢；“留”=滞空、停留；气球则是一个充满氦气的巨大气囊。合起来就是：用结实的缆绳把气球牢牢拴在地面设备上，不让它随便飘走，还能稳稳停在指定高度和位置。打个更好理解的比方，它就像是一个被长长绳子拴住的大型风筝，地面上的人攥着“线”，想让它升就升、降就降，想停在哪就停在哪。但和靠加热空气获得浮力的热气球不同，系留气球能升空靠的是内部充入的氦气。低密度的氦气在空气中会受到向上的浮力，借助这种浮力，气球不需要消耗能源就可以将下方挂载的重物抬升起来，绿色又安全。2修电网要用这么大气球？想必大家都有过这种经历：旅行时来到人迹罕至的深山，抬头看见陡峭的悬崖峭壁，和美景相伴的总少不了高高耸立的电力铁塔。随着新型电力系统加速建设，电网正不断向高海拔、深山区、生态敏感区延伸。大家一定好奇，连徒步都费劲的山区，动辄成吨重的钢材、线材，到底要怎么送上山？图片来源：视觉中国我们不妨先看看几种传统方案的短板：常规修路运输，建设周期漫长、投入成本高，还会大面积破坏山地植被、扰动生态环境；传统索道运输需要提前砍伐树木建设通道、锚固中间支架，对地形和场地条件要求严苛，复杂山脊、密林区域无法布设；常见的电动无人机虽然机动灵活，但高海拔山区空气稀薄、风力多变，无人机载重能力和抗风稳定性不足，无法满足大宗塔材、建材的连续运输需求。而系留气球的应用，恰好补齐了低空大重量运输这块短板。研发该系留气球的国网电力工程研究院低空运输技术团队介绍，首先该装备载重量足够大，能吊起2吨重的巨物，同时，其应用对沿线地表生态几乎零扰动，可以实现“开箱即用”。正是这两项突出特点，为高海拔、深山区等复杂环境下的电网绿色施工开辟了全新技术路径。3在高原干重活，全靠这三招可能有人会问，系留气球原理听起来也不难，新技术牛在哪？类似的气球确实已有不少应用先例。比如最常见的高空探空气球，也是凭借内部的氦气一路往上冲，能飞到几十公里高的平流层。但它没有缆绳束缚，只能随风乱飘，主要用于气象探测、空间观测，飘完能不能回收全看缘分。而同款系留气球此前主要用于各类长时间对空、对地监测场景，拼的是高空滞空时长和稳定性。此次应用的2吨级载重系留气球，重点在于精细运动控制的突破，让它从一个一动不动的“胖墩”成为了能到处活动的“大力士”。特别是想在高原强风环境里实现“吊得起、控得住、落得准”，难度可就更大了。工程师们专门练出三大绝招：“防撕铠甲”让大风扯不烂高原山区的阵风又猛又乱，要是缆绳直接拽着气球蒙皮，分分钟就能把蒙皮撕出口子。为了保护气球，工程师先设计了一套整体式锚固罩网，可以理解为用一张网从外面兜住气球，让缆绳拉着网，而不是直接撕扯气球蒙皮，降低了缆绳对气球的伤害。为了万无一失，气球蒙皮材料也经过了加强，相当于给软乎乎的气球穿了件“防撕铠甲”，这下再大的风也不怕被扯破了。“平衡大脑”保证乱风吹不歪这个大家伙并不是靠一根绳子系着的，而是好几根系留索同时拉着。风一吹，每根绳子的受力瞬间就变，力道不均就会让气球歪歪扭扭、跑偏航线。为此，团队升级了多索张力自适应算法，相当于给缆绳装了个智能大脑：实时感知每根绳子的拉力，动态调整收放力度，自动抵消阵风干扰。不管风怎么乱吹，气球都能稳稳走在预定路线上。“磁吸抓手”不用人爬高以前山地吊装建材，工人得爬到山顶操作吊装器具挂钩、摘钩，又累又危险。现在，工程师们专门给气球配备了一套电磁铁系统，通电就产生强磁力，牢牢吸住钢制塔材；运到地方一断电，磁力消失自动卸货。全程不需要人凑近重物，实现全自动装卸，效率高还安全。4打通绿色高效“空中通道”在这次2吨级载重系留气球成功试运行前，研发团队已在500公斤级气球上积累了大量经验。从500公斤到2吨，随着系留气球载重能力完成跨越式提升，复杂山区电力建设也打通了绿色高效的“空中通道”，破解了高海拔极端环境物料运输的行业难题。未来，这项“以气代路、以空补地”的创新技术，将广泛应用于高原、深山、荒漠等复杂工况工程建设，有望推动我国特高压工程绿色施工技术迈入全新阶段。目前，国网电力工程研究院已搭建起以重载无人机、运载飞艇、系留气球为核心的低空运输体系，持续推动电网建设向机械化、智能化、无人化转型。来源：科技日报 文中图片除标注外均来自国网电力工程研究院文案：科技日报记者 都芃编辑：王曼茜审核：张爽,,,,pending
中国驻菲律宾使馆，最新发声,财联社,财联社,21C API,normal,2026-09-27T21:29:55+08:00,,中国驻菲律宾使馆发言人季凌鹏就菲防长特奥多罗涉华消极言论表明立场。问：9月26日，菲国防部长特奥多罗参加某论坛期间，谈及南海等问题，再次对中国进行攻击。请问中国使馆有何评论？答：此人极端反华，长期对华大肆攻击抹黑，企图借此捞取政治资本，服务其一己私利。他的涉华言论罔顾事实、颠倒黑白，妄图干扰破坏中菲关系，割裂中菲人民友好，在两国和两国人民间制造对立。这种图谋注定无法得逞。不喜欢​,http://mp.weixin.qq.com/s?__biz=Mzg5MzEyNzEwNQ==&mid=2247855040&idx=1&sn=4422e44c8e70a5f145d75af805ac066d,,中国驻菲律宾使馆发言人季凌鹏就菲防长特奥多罗涉华消极言论表明立场。问：9月26日，菲国防部长特奥多罗参加某论坛期间，谈及南海等问题，再次对中国进行攻击。请问中国使馆有何评论？答：此人极端反华，长期对华大肆攻击抹黑，企图借此捞取政治资本，服务其一己私利。他的涉华言论罔顾事实、颠倒黑白，妄图干扰破坏中菲关系，割裂中菲人民友好，在两国和两国人民间制造对立。这种图谋注定无法得逞。不喜欢​,,,,pending
调频补偿由用户多摊，影响几何？,中国能源报,中国能源报,"21C API, 储能, 独立储能, 装机, 中标, 政策, 发布, 并网, 落地",normal,2026-09-27T21:29:00+08:00,,河北省发展改革委日前发布《河北南部电网电力辅助服务市场实施细则（V4.1版）》，这是国内首个实现调频补偿成本九成向用户侧转移的省级改革案例。河北省发展改革委日前发布《河北南部电网电力辅助服务市场实施细则（V4.1版）》。与上一版V4.0相比，调频补偿费用分摊比例发生结构性翻转：发电侧由95%降至10%，用户侧由5%升至90%。此次调整并非简单的数字平移。这是国内首个实现调频补偿成本九成向用户侧转移的省级改革案例。此举打破电力系统长期以来系统调节成本“发电侧兜底买单”的旧模式，为全国范围落实“谁受益、谁承担”的电力辅助服务分摊原则，提供了可观测、可复制的先行实践样本。改革已是必然电力辅助服务是指,http://mp.weixin.qq.com/s?__biz=MjM5NTI4MTIyMg==&mid=2658144093&idx=1&sn=8c8425990b0a570cc2a623dd8f8722df,,河北省发展改革委日前发布《河北南部电网电力辅助服务市场实施细则（V4.1版）》，这是国内首个实现调频补偿成本九成向用户侧转移的省级改革案例。河北省发展改革委日前发布《河北南部电网电力辅助服务市场实施细则（V4.1版）》。与上一版V4.0相比，调频补偿费用分摊比例发生结构性翻转：发电侧由95%降至10%，用户侧由5%升至90%。此次调整并非简单的数字平移。这是国内首个实现调频补偿成本九成向用户侧转移的省级改革案例。此举打破电力系统长期以来系统调节成本“发电侧兜底买单”的旧模式，为全国范围落实“谁受益、谁承担”的电力辅助服务分摊原则，提供了可观测、可复制的先行实践样本。改革已是必然电力辅助服务是指除正常电能生产、输送、使用外，由并网主体提供的系统调节服务，涵盖调频、备用、调峰、电压控制、黑启动等，是保持系统稳定的“调节器”。早期，辅助服务基本由发电侧并网主体无偿提供，后续逐步建立补偿机制，相关补偿费用也几乎由发电企业按发电量比例分摊，用户侧仅承担极小比例，甚至完全不参与分摊。这套传统分摊模式在以火电为主的电力系统中长期平稳运行，但随着风电、光伏等间歇性新能源大规模并网，电网系统调节压力陡增。2023年上半年全国电力辅助服务费用共278亿元，占上网电费的1.9%，其中调峰占60.0%、调频占19.4%；2024年全国电力辅助服务市场费用为402.5亿元，其中调峰占82.1%、调频占17.1%。一边是稳步增长的调节规模，一边是发电企业近乎独自兜底的传统分摊模式，行业权责利并不对等：全系统共享稳定可靠的用电服务，对应的调节成本却由发电主体单独承担，发电企业盈利空间被持续挤压。为破解行业痛点，国家层面逐步完善顶层设计。2021年12月，国家能源局发布《电力辅助服务管理办法》，确立“谁提供、谁获利；谁受益、谁承担”的基本原则，将辅助服务提供主体由发电厂扩展至新型储能、可调节负荷、虚拟电厂、电动汽车充电网络等，并首次明确用户侧的分担共享机制；2025年4月，国家发展改革委、国家能源局联合印发《电力辅助服务市场基本规则》，进一步明确在电力现货市场连续运行的地区，调频、备用等辅助服务费用原则上由用户用电量和未参与电能量市场交易的上网电量共同分担。河北南网电力现货市场已于今年8月转入正式运行，政策落地条件已然成熟。目前，四川、浙江、山东、甘肃、广东、山西、蒙西等现货试点地区已相继出台类似共担规则，推动系统调节成本向受益侧传导。调整力度空前值得注意的是，河北南网此次调整没有选择“小步慢走”的渐进路径，而是直接完成结构性切换。国网能源研究院有限公司新能源研究所主任工程师张富强向《中国能源报》记者指出，河北南网调整力度空前，在省级电力辅助服务市场中前所未有——作为参考，浙江省近期出台的调频辅助服务规则中，工商业用户承担比例为70%。河北南网90%的用户侧分摊比例，是目前公开信息中用户侧承担比例最高的省级案例，体现出当地推进市场化改革的坚定决心。更深层来看，此次调整也是适配高比例新能源电网的机制优化。清华四川能源互联网研究院电力市场与碳市场研究所副所长蔡元纪向《中国能源报》记者指出，河北是全国新能源高占比省份之一，可再生能源装机占比已超七成。新能源装机规模越大，系统所需的调频等辅助服务成本就越高。辅助服务成本向用户侧合理疏导，新能源在市场化机制下不再被动承担过多系统公共成本，还可通过主动提供调峰、调频等辅助服务获取补偿收益，从单纯的电量售卖主体转变为可参与辅助服务市场获利的灵活调节主体，进一步拓宽盈利渠道。从市场结构演变来看，现货市场连续运行后，跨时段能量转移的价值已由分时电能量价差充分覆盖，调峰作为过渡性独立有偿品种将有序退出；调频凭借秒级/分钟级的不可替代快速调节属性，将被保留并强化。在新能源装机占比攀升，调峰逐步退出的背景下，河北率先将腾挪出的辅助服务市场空间向调频倾斜，精准匹配高比例新型电力系统的核心运行刚需。终端电价波动可控市场最关心的核心问题是，用户侧电费会不会上涨？张富强指出，调频补偿费用纳入系统运行费用后，工商业用户的用电成本会有所增加。但需要理性看待的是，2024年全国用户侧实际分摊辅助服务费用11.1亿元，占辅助服务费用总额的2.8%，用户侧平均度电分摊约0.0008元/千瓦时。调频市场执行“调频里程×性能系数×出清价格”的补偿公式，性能系数原则上最大不超过2，调频里程出清价格上限不超过0.015元/千瓦（即15元/兆瓦），有明确上限约束，计价规则透明可控。即便用户侧承担90%的调频补偿，假设调频费用占系统运行费的比例保持相对稳定，对终端电价的影响预计在可接受范围内，电价总体将保持平稳。根据全国统一的现行电力辅助服务管理规则，居民生活用电、农业生产用电用户全程豁免参与辅助服务费用分摊，本次各地推进的辅助服务分摊机制向用户侧调整的相关改革，完全不涉及这两类主体，用电费用不会产生任何变化。针对改革分摊逻辑，蔡元纪介绍，电力辅助服务费用分摊的市场化改革中，存在两类价值导向机制：“谁造成谁付费”锚定波动源头，让新能源预测误差、用户负荷随机性的制造主体承担成本，强激励、提精度，但责任认定复杂、执行难度大；“谁受益谁付费”锚定最终受益端，由享受系统安全稳定服务的用户侧承担全部或大部分费用，规则简单易落地，适配高比例新能源转型节奏。河北南网采用后者，这也与国际调频市场普遍由用户付费的惯例相接轨。张富强指出，成本疏导的根本目的不是“让用户多承担”，调频成本显性化地传导至用户侧，使用户能够感知其用电行为对系统调节成本的影响，推动工商业用户主动优化用电行为、参与需求响应等方式降低自身承担的辅助服务费用。从博弈走向系统成本分担比例的调整本质上是对系统调节价值的重新界定，而改革的根本目标，是通过机制设计引导各类调节资源充分释放，不断“做大蛋糕”，最终降低整个电力系统的综合成本。电力系统的最优运行逻辑，在于从源头减少波动、降低调节刚需，而非事后弥补功率缺口。面向高比例新能源发展趋势，行业正加快构建友好型源侧体系，重点布局配套构网型储能的风光电站，推动新能源从波动型电源，升级为可主动支撑电网稳定的友好型电源，从根源削减全网调频调压压力。河北新政已明确将独立储能、虚拟电厂等新型经营主体纳入调频辅助服务市场。考虑到市场平稳起步的需要，市场初期对新型主体中标调频总速率占比设定了30%以内的阶段性安排。张富强指出，未来随着新型主体技术进步和市场逐步成熟，可有序放宽比例安排，让更多低成本、高性能的调节资源进入市场参与竞争。经营主体越多元、竞争越充分，调频服务的均衡价格就越趋合理，最终受益的是全体用户。蔡元纪建议，持续优化分摊机制，打破按用户用电量平摊的“大锅饭”粗放模式，基于不同主体的运行特性设置差异化分摊系数。例如，对平稳负荷设置低分摊比例，对高波动用电主体、预测精度不达标的新能源项目适当提高分摊成本，真正落地“谁带来的调节需求大，谁承担的成本高”的公平原则；同时，可以推动建立辅助服务分时动态价格机制，让价格精准匹配午间光伏大发、晚间尖峰负荷等不同时段的系统调节稀缺性，与现货电能量价格高效协同联动，充分调动储能、虚拟电厂、用户侧可中断负荷等各类灵活性资源主动参与调峰调频；此外，国家层面需出台清晰透明的统一调整框架，明确“向用户侧合理倾斜”的落地路径、调整节奏和公开程序，避免各地规则变动的随意性，为经营主体构建稳定可预期的政策环境。文 | 本报记者 卢奇秀End欢迎分享给你的朋友！出品 | 中国能源报（cnenergy）编辑丨赵方婷阅读原文不喜欢河北南部电网调频补偿费用分摊比例发生结构性翻转,,,,pending
痛别！鲜学福院士逝世,科技日报,科技日报,"21C API, 发布",normal,2026-09-27T21:17:39+08:00,,◎ 科技日报记者 雍黎9月27日晚，重庆大学鲜学福同志治丧委员会发布讣告，中国共产党优秀党员，中国工程院院士，我国能源矿业领域著名科学家与教育家，世界知名的煤层瓦斯基础理论重要奠基人之一，全国“最美奋斗者”，全国优秀教师，全国先进工作者，重庆大学教授鲜学福同志，因病医治无效，于2026年9月27日13时50分在重庆逝世，享年98岁。鲜学福院士。图片来源：重庆大学鲜学福同志1929年1月生于四川阆中，1953年加入中国共产党，1950年至1956年在北京矿业学院（现中国矿业大学）学习，1956年起在重庆大学任教，1960年至1964年赴苏联莫斯科矿业学院深造，获副博士学位，1999年当选中国工程,http://mp.weixin.qq.com/s?__biz=MzI3NDI5MjI4OQ==&mid=2247899846&idx=1&sn=0570161d87a41890653f6d061367a852,,◎ 科技日报记者 雍黎9月27日晚，重庆大学鲜学福同志治丧委员会发布讣告，中国共产党优秀党员，中国工程院院士，我国能源矿业领域著名科学家与教育家，世界知名的煤层瓦斯基础理论重要奠基人之一，全国“最美奋斗者”，全国优秀教师，全国先进工作者，重庆大学教授鲜学福同志，因病医治无效，于2026年9月27日13时50分在重庆逝世，享年98岁。鲜学福院士。图片来源：重庆大学鲜学福同志1929年1月生于四川阆中，1953年加入中国共产党，1950年至1956年在北京矿业学院（现中国矿业大学）学习，1956年起在重庆大学任教，1960年至1964年赴苏联莫斯科矿业学院深造，获副博士学位，1999年当选中国工程院院士。鲜学福同志长期致力于煤层瓦斯基础理论及其工程应用研究。在国际上首次完整地建立了地球物理场中煤层瓦斯渗流理论，系统地创立了煤与瓦斯突出潜在危险区预测的力学方法，攻克了近距离煤层群保护层开采及瓦斯抽放世界性难题，在煤矿灾害防控领域取得了开创性成果，为我国煤矿安全生产作出了卓越贡献，多次获得国家及省部级科技奖。鲜学福同志七十余载坚守教学科研一线，矢志投身祖国能源事业。他治学严谨，言传身教，培养了一大批矿业工程领域知名专家学者；他淡泊名利，谦逊质朴，关心同志，关爱学生，堪为治学典范，为师楷模，为重庆大学的建设和发展作出了突出贡献，他的逝世是重庆大学的重大损失，也是我国能源矿业领域的重大损失！沉痛悼念鲜学福院士一路走好来源：科技日报编辑：王曼茜审核：张爽,,,,pending
AI测谎仪真的有用吗？,麻省理工科技评论APP,麻省理工科技评论APP,"21C API, 可靠性, 实验室",normal,2026-09-27T21:10:34+08:00,,（来源：麻省理工科技评论）据美国国防部的一份预算申请，美国政府计划在未来五年投入 3030 万美元，研发一种改进版测谎技术。该项目名为“测谎仪+”（Polygraph+），又称“下一代测谎仪”（Polygraph Next），包括利用人工智能和机器学习的评分算法，以及一种名为“非接触式感测”的技术。后者可以在不将设备连接到受测者身体上的情况下，读取其生理数据。据 Inside Defense 报道，这份预算文件称，项目旨在“使联邦政府的测谎和可信度评估技术现代化”，提高其准确性和可靠性。但它也可能只是又一次试图借助技术识别谎言的失败尝试。英国诺森比亚大学法律学者基里·科措格鲁（Kyri Kot,http://mp.weixin.qq.com/s?__biz=MzI5MTcxMTA3Mw==&mid=2247511289&idx=1&sn=e47c82ca6fd41998a3b1fcd5b08100aa,,（来源：麻省理工科技评论）据美国国防部的一份预算申请，美国政府计划在未来五年投入 3030 万美元，研发一种改进版测谎技术。该项目名为“测谎仪+”（Polygraph+），又称“下一代测谎仪”（Polygraph Next），包括利用人工智能和机器学习的评分算法，以及一种名为“非接触式感测”的技术。后者可以在不将设备连接到受测者身体上的情况下，读取其生理数据。据 Inside Defense 报道，这份预算文件称，项目旨在“使联邦政府的测谎和可信度评估技术现代化”，提高其准确性和可靠性。但它也可能只是又一次试图借助技术识别谎言的失败尝试。英国诺森比亚大学法律学者基里·科措格鲁（Kyri Kotsoglou）在研究司法系统中测谎仪使用情况。他说：“这是在错误地试图把复杂的问题简化成某种可以测量的东西。”这项计划出台之际，美国国防部内部正处于高度紧张的状态。在国防部长皮特·赫格塞思（Pete Hegseth）任内，五角大楼越来越频繁地使用测谎测试，试图查出涉嫌向媒体泄密的人。今年 9 月，《纽约时报》报道称，在媒体报道美国对伊朗战争导致武器库存消耗后，参谋长联席会议所属机构约有 50 名军官接受了测谎测试。“测谎仪+”项目将由国防反情报与安全局（DCSA）负责。该机构承担联邦政府的背景调查工作。根据这份尚未获得国会批准的预算文件，新技术将用于审查潜在雇员，以及“内部威胁检测”。目前尚不清楚项目具体会采用哪些技术，DCSA也未回应提供更多信息的请求。不过，五角大楼的其他项目提供了一些线索。2023 年，国防部下属的国防创新部门（DIU）公开征集可用于识别欺骗行为的企业产品。最终，有两家公司入选并获邀开发原型：Presage Technologies 声称可以通过普通摄像头测量心率和呼吸频率；Altec Research 原本是一家医疗传感器公司，如今也开始涉足非接触式感测技术。DIU 公布的一张 Altec 原型技术截图显示，该系统会追踪头部运动、面部皮肤温度和毛孔活动。Presage Technologies 与Altec Research 均未回应置评请求。DIU 拒绝置评。自 20 世纪 20 年代测谎仪问世以来，测谎技术几乎没有发生根本变化。测谎人员依据血压、脉搏、呼吸和出汗情况判断一个人是否在说谎。他们比较受测者回答基准问题（例如“天空是蓝色的吗？”）和目标问题（例如“你是否曾经犯罪？”）时的生理反应，再据此判断回答是否真实。联邦政府每年在雇员审查中进行数万次此类测试，但这项技术的可靠性屡遭质疑，其结果也很少被法庭采纳。1983 年，美国国会技术评估办公室认定，支持将测谎仪用于雇员审查的证据非常有限。2003 年，美国国家研究委员会（NRC）则表示，证明其有效性的证据“充其量也很薄弱”。研究表明，在没有技术辅助的情况下，人类识别谎言的准确率只比随机猜测略高。美国测谎协会宣称，测谎仪的准确率在 80 %至 94 %之间。但NRC在 2003 年的报告中指出，即便筛查测试能达到这一准确率，仍可能造成大量错误。美国国防部雇用 280 万人；如果在如此大的群体中使用一套并不完美的系统，最终可能有数万人被错误指控。此外还有其他问题。测谎结果的解读往往带有主观性：不同测谎人员可能得出截然不同的结论，少数群体成员也更容易被判断为具有欺骗性。受测者经过训练，还可能学会多种干扰测试的方法。例如，他们可以踩踏藏在鞋里的针，故意增强自己回答基准问题时的生理反应。“只要知道它如何运作，就能骗过它。”研究欺骗行为的鹿特丹伊拉斯姆斯大学副教授索菲·范德泽（Sophie van der Zee）说。她认为，测谎仪最大的作用是威慑，受测者往往在测试开始前就招供了。“但这只有在人们相信测谎仪有效时才管用。”她指出。几十年来，人们尝试过各种新的测谎方法，使用的技术从热成像摄像头、瞳孔追踪设备到脑部扫描，不一而足。但没有一种方法能在实验室之外产生可靠的结果。问题在于，并不存在一种对所有人、在任何时候都适用的说谎征兆。“我们至今仍没有找到‘匹诺曹的鼻子’。”范德泽说。理论上，如果人工智能能够发现测谎人员无法识别的数据模式，就可能改进测谎技术。人工智能算法也更可能用于“多模态”欺骗检测：将多种测量结果综合成一个更难被受测者操纵的“欺骗评分”。范德泽说，测谎试图捕捉的是三类潜在变化：生理压力、认知负荷，以及说谎者有意识地掩饰谎言所付出的努力。现有测谎技术只涉及其中一类。“如果能将从这三个不同角度切入的方法结合起来，成功的机会就会更大。”范德泽说。这并非新想法。21 世纪头十年，英国曼彻斯特城市大学的研究人员开发了“ Silent Talker ”系统，可根据视频画面生成欺骗评分。后来，这套系统被纳入欧盟资助的试点项目 iBorderCtrl 。在美国，名为 AVATAR 的项目则把眼动追踪、声音分析和身体动作检测结合起来，开发供边境口岸使用的工具。这些项目最终都悄然淡出了视野。科措格鲁认为，把人工智能与测谎仪结合起来，是“把两者最糟糕的部分凑到了一起”。在本就缺乏效度的技术之上，又增加了一层不确定性。即便人工智能或机器学习能够在生理数据中发现过去未被注意到的模式，也无法可靠地将这些模式与说谎联系起来，因为并不存在可供核对的可靠真实答案。“即便你掌握了全世界所有的测谎记录，也不知道那些测谎结果到底对不对。”法律学教授玛丽昂·奥斯瓦尔德（Marion Oswald）说。她曾与科措格鲁共同撰文，研究司法系统中的测谎仪使用情况。她担心，新的测谎形式会像传统测谎仪一样，更多地充当心理威慑工具，而非科学工具。“这看起来很大程度上是在回应现任政府对泄密和所谓缺乏忠诚的担忧。”奥斯瓦尔德说。““测谎”被用来威胁、恐吓人们，迫使他们承认某些事情，而不是获取真正可靠的信息。”原文链接：https://www.technologyreview.com/2026/09/25/1145144/pentagon-ai-lie-detector/不喜欢即便你掌握了全世界所有的测谎记录，也不知道那些测谎结果到底对不对。,,,,pending
电网公司视角：虚拟电厂是“鲶鱼”还是“救生员”？,VPP前沿观察,VPP前沿观察,"21C API, 储能, 工商业储能, 供电, 可靠性, 装机, 投资, 政策, 并网, 落地",normal,2026-09-27T21:08:19+08:00,,2026年7月2日，山东济南。国网山东综合能源服务有限公司打造的分布式储能类虚拟电厂聚合单元，完成了全国首例台区储能虚拟电厂参与电网调频辅助服务市场交易。入市聚合单元为5兆瓦/10兆瓦时分布式台区储能资源，首日平均出清价格12元/兆瓦，累计完成有效调频里程270.29兆瓦，调频响应速度、运行稳定度均达到市场优质调节资源标准。这场交易的真正意义，不在于5兆瓦的规模，而在于一个信号：配网侧的分布式资源，正式从“零散并网”迈入了“规模化参与系统调节”的新阶段。当虚拟电厂开始参与调频——这项对响应速度和运行稳定度要求最高的辅助服务——电网公司对它的态度，正在发生根本性转变。01 态度之变：从“管理对象,http://mp.weixin.qq.com/s?__biz=MzYyMzEyNjYxMg==&mid=2247484091&idx=1&sn=469531bc32a0d1676c1cffb92775c5a8,,2026年7月2日，山东济南。国网山东综合能源服务有限公司打造的分布式储能类虚拟电厂聚合单元，完成了全国首例台区储能虚拟电厂参与电网调频辅助服务市场交易。入市聚合单元为5兆瓦/10兆瓦时分布式台区储能资源，首日平均出清价格12元/兆瓦，累计完成有效调频里程270.29兆瓦，调频响应速度、运行稳定度均达到市场优质调节资源标准。这场交易的真正意义，不在于5兆瓦的规模，而在于一个信号：配网侧的分布式资源，正式从“零散并网”迈入了“规模化参与系统调节”的新阶段。当虚拟电厂开始参与调频——这项对响应速度和运行稳定度要求最高的辅助服务——电网公司对它的态度，正在发生根本性转变。01 态度之变：从“管理对象”到“市场主体”回顾过去三年，电网公司与虚拟电厂的关系经历了三个阶段。第一阶段：监管者与被监管者。虚拟电厂最初被纳入电力需求侧管理范畴，电网公司的角色是审核准入、下达响应指令、考核执行结果。虚拟电厂是被动的“执行末端”。第二阶段：合作者与平台方。随着南方电网搭建“粤能投”虚拟电厂运营平台，甘肃建立虚拟电厂运营管控平台，电网公司开始从“管理者”转向“服务者”——提供接入、交易、结算等基础服务。第三阶段：协同者与受益者。2026年，山东调频交易和山西连续35个月零风险运行证明，虚拟电厂不仅不会威胁电网安全，反而能成为电网动态调节能力的有效补充。国家电网董事长张智刚在2026年9月的署名文章中明确表态：“加强需求侧管理，充分挖潜需求侧可调节资源，积极引导虚拟电厂、充换电运营商等重点群体参与削峰填谷。”国网“十五五”20条举措更是将“加快虚拟电厂建设，提升负荷资源需求响应能力”写入核心任务。南方电网则以行动给出了自己的答案：截至2025年11月，全网已建成虚拟电厂聚合容量达1794万千瓦，最大可调容量超286万千瓦。电网公司不再问“虚拟电厂会不会抢我的活”，而是在问“怎么把它的能力用起来”。02 调度视角：从“源随荷动”到“源荷互动”虚拟电厂对电网调度最根本的影响，是改变了几十年来“源随荷动”的调度逻辑。电力规划设计总院副院长凡鹏飞指出：“传统电力系统是发多少、用多少的单向思维，电源跟着负荷走，哪里缺电就哪里建电厂、架线路。虚拟电厂打破了这一定式，通过数字化将海量分散的用户侧资源转化为系统调节能力。”调峰：延缓电网扩容投资。2026年夏季，全国用电负荷两度创下历史新高，7月14日达到15.51亿千瓦。在传统模式下，应对尖峰负荷只能靠新建电厂和扩容电网。虚拟电厂提供了一条完全不同的路径。数据显示，满足同等峰值负荷需求，传统电源电网建设投资约需4000亿元，而虚拟电厂模式仅需500亿至600亿元，成本降至传统模式的七分之一。南方电网的实践验证了这一逻辑。其分布式源荷聚合服务平台在深圳接入充电桩、空调和工商业储能等资源，利用AI技术预测尖峰负荷，自动引导新能源车辆、储能等设备错峰充放电，通过自主降低负荷来平衡电网高峰用电需求。调频：配网侧资源的新角色。山东调频交易是2026年最具标志性的突破。5兆瓦/10兆瓦时分布式台区储能资源，首日即完成270.29兆瓦有效调频里程，响应速度和稳定度达到市场优质调节资源标准。山东能源监管办的评价是：此次创新实践“为配网侧的分布式资源参与调频辅助服务提供了可行路径，对于推动分布式储能资源聚合利用、提升电网动态调节能力、促进新能源高质量消纳具有重要示范意义”。现货：常态化运行的验证。山西提供了最完整的实证。从2023年9月到2026年8月，山西省虚拟电厂共聚合容量645.53万千瓦、可调容量154.51万千瓦，连续35个月零风险平稳交易；累计交易电量43.4亿千瓦时，综合效益2.88亿元，消纳新能源6.57亿千瓦时。国网山西营销服务中心为此搭建了适配15分钟高频现货交易的虚拟电厂运营服务平台，打通资源接入、运行监测、市场服务全链路，覆盖省内41家备案虚拟电厂、14家常态化现货入市主体。35个月零风险——这个数字的含义是：虚拟电厂参与现货市场调度，已经通过了最严格的可靠性检验。03 规划视角：配电网从“无源”到“有源”虚拟电厂对电网规划的影响，在配电网层面体现得最为深刻。传统配电网的规划逻辑是“无源”的——根据负荷预测确定变压器容量和线路截面，单向供电。分布式光伏和虚拟电厂的接入，让配电网变成了“有源”网络，潮流可能双向流动，电压分布规律改变，短路电流水平变化。山东的实践展示了这一转变的规模。截至2025年底，山东分布式光伏装机突破6000万千瓦，虚拟电厂聚合调控能力超600万千瓦。分布式资源的规模和数量均不断增加，传统集中式调度模式在模型精度、通信容量、计算复杂度等方面均存在局限。这意味着电网规划必须从“被动适应”转向“主动协同”。清华大学科研团队的研究指出，当前虚拟电厂发展面临的核心制约包括“市场化定位不足，多时序、常态化的市场体系尚未建立，难以适配我国电力系统多维度调节需求”。规划视角的关键问题是：配电网的承载能力如何与分布式资源的发展速度匹配？国网的回答是：到2030年，具备承载9亿千瓦以上分布式新能源的能力。南方电网则明确“十五五”期间将推动虚拟电厂规模化、市场化发展，加快分布式光伏聚合、公共机构楼宇、电算协同以及光储充用等多元虚拟电厂场景建设。分布式能源专家指出，虚拟电厂正在将传统上被视为“沉睡资源”的充电桩、可中断工业负荷等用户侧负荷，以及散落的分布式新能源、储能，转化为真实可用的系统调节能力，成为新型电力系统建设中“最具性价比的增量来源”。04 安全视角：新风险与新防线虚拟电厂为电网带来灵活性的同时，也引入了新的安全风险。风险来自两个方向。一是“可信可调容量”的识别问题。有行业分析指出，“一些虚拟电厂聚合容量越来越大，但对其中有多少是可信可调容量，识别和评估不够充分，既影响调节能力的落地，也对电网调度运行构成潜在风险”。聚合商为了扩大规模，倾向于接入尽可能多的资源，但其中多少能在关键时刻真正响应、响应到什么程度，缺乏统一评估标准。二是网络安全风险的传导。随着海量智能终端接入，电力系统成为典型的物理信息融合系统，网络攻击面与数据泄露风险显著增加。虚拟电厂平台需要同时对接大量异构终端，通信协议多样、安全防护水平参差不齐。山东调频交易的成功，恰恰意味着虚拟电厂已经被纳入了电网核心安全体系——能参与调频的资源，必须达到与火电机组同等的可靠性标准。山东能源监管办的应对思路值得关注：“科学划分聚合方式，明确虚拟电厂根据聚合资源类型，以分布式发电类、储能类或负荷类参与市场”。通过分类管理，不同资源类型适用不同的技术标准和考核要求，既保证了安全底线，又降低了中小资源的准入门槛。国标GB/T 47241-2026《虚拟电厂技术导则》的出台，为这一问题提供了制度性解答。标准明确了虚拟电厂的通则、总体框架、资源与接入、系统与终端、信息与通信、安全防护、设计验收与测试、运行与管理等全流程技术要求，要求“虚拟电厂接入的资源应满足自身运行安全性与有效性，聚合运行应符合电网安全运行约束”。05 投资视角：6000万千瓦的“替代账”电网投资是电力系统最大的成本项之一。虚拟电厂对电网投资的影响，可以从“替代效应”和“协同效应”两个维度来算账。替代效应：用软件替代硬件。国家电网测算显示，满足5%峰值负荷需求，虚拟电厂可节约6000万至7000万千瓦装机投资。以火电为主的传统调峰手段，每千瓦装机投资约6000元至8000元；而虚拟电厂的聚合成本，按聚合容量计算约为每千瓦300元至500元。南京供电公司的测算更为直观：满足同等峰值负荷需求，传统电源电网投资需4000亿元，虚拟电厂模式仅需500至600亿元。协同效应：VPP让电网投资更精准。学术研究表明，在输电网扩展规划中战略性纳入虚拟电厂的运行灵活性，可节省高达6.65%的投资成本。这意味着虚拟电厂不是简单地替代电网投资，而是让电网投资用在更需要的地方。2026年8月印发的《新型电力系统建设“十五五”规划》明确，配电网投资占比首次过半，虚拟电厂调节能力目标设定为5000万千瓦。东莞证券研报指出，政策将持续利好特高压、配网智能化、各类储能、虚拟电厂等灵活调节资源，并加速容量补偿机制及容量市场等电改政策落地。06 挑战犹存：电网公司真正担心什么？尽管态度积极，电网公司对虚拟电厂的顾虑并未消失。第一，零售侧价格信号传导不畅。批发侧现货市场虽然能够实时反映供需，但零售侧海量中小用户执行的仍是相对固定的分时电价。批发与零售的脱节，使得分布式资源无法依据价格信号及时感知系统运行状态。第二，多元价值激励机制缺失。虚拟电厂不仅提供电能量，还具有容量备用和绿色低碳价值，但“目前结算体系仍以单一电量交易为主，缺乏成熟的容量补偿机制和绿色环境市场”。第三，多主体协同的技术复杂度。传统集中式调度模式“在模型精度、通信容量、隐私保护、计算复杂度等方面均存在局限，难以满足海量分布式资源参与高频、秒级实时互动与精准控制的需求”。南方电网应用边缘集群技术来应对这一问题，支持多类型聚合商灵活加盟，并完成虚拟电厂现货交易辅助决策功能开发。结语：不是鲶鱼，也不是救生员，而是“新器官”回到最初的问题：虚拟电厂是电网的“鲶鱼”还是“救生员”？2026年的实践给出了比二选一更丰富的答案。山东调频交易证明，虚拟电厂可以成为电网调度体系的延伸——配网侧的分布式储能，能像火电机组一样提供高质量的调频服务。山西35个月零风险运行证明，虚拟电厂可以成为电网安全运行的伙伴——43.4亿千瓦时的交易电量、6.57亿千瓦时的新能源消纳，没有发生一次安全事件。6000万至7000万千瓦的装机替代测算证明，虚拟电厂可以成为电网投资逻辑的变量——用软件替代硬件，用聚合替代扩容。虚拟电厂不是闯入电网生态的“鲶鱼”，也不是被动待命的“救生员”。它更像是电网长出的一个新器官——不替代心脏（发电）和血管（输配电），但让整个系统具备了更精细的感知能力和更灵活的调节能力。正如一位电网调度人员所说：“以前我们看的是发电厂的出力曲线，现在我们还要看虚拟电厂的可调能力曲线。两块屏幕，同样重要。”讨论话题在您看来，电网公司对虚拟电厂的态度转变，最大的驱动力是技术验证的成功、政策压力的推动，还是电网自身投资逻辑的变化？您所在区域的电网公司，对虚拟电厂是积极拥抱还是谨慎观望？欢迎在评论区分享您的观察。关注「VPP前沿观察」穿透喧嚣，洞察能源数字化的底层逻辑与真实价值。不喜欢2026年7月2日，山东济南。国网山东综合能源服务有限公司打造的分布式储能类虚拟电厂聚合单元，完成了全国首例台区储能虚拟电厂参与电网调频辅助服务市场交易。,,,,pending
限价1.75元/Wh，400MW/800MWh，山西独立储能EPC招标,储能与电力市场,储能与电力市场,"21C API, 储能, 储能系统, 独立储能, 招标, 投资, 发布",normal,2026-09-27T21:00:00+08:00,,「储能与电力市场」获悉，9月21日，山西晋南恒铭新能源科技有限公司400MW/800MWh独立共享储能建设项目EPC总承包工程招标公告发布。招标人为山西晋南恒铭新能源科技有限公司。项目规模：建设一座电化学储能电站，建设规模为400MW/800MWh，分两期建设，一期建设200MW/400MWh，二期建设200MW/400MWh；并配套建设1座220kV变电站。通过1回220kV线路接入沃瑞220kV光伏升压站。总投资估算：139612万元，折合单价1.75元/Wh。招标内容与范围：本招标项目划分为1个标段，本次招标为其中的：勘察、设计；设备材料采购：储能电站的全部设备采购，包括但不限于储能系统,http://mp.weixin.qq.com/s?__biz=Mzk2NDQyNDY3OQ==&mid=2247592355&idx=4&sn=5547523dd80572e948dd65dc84d68268,,「储能与电力市场」获悉，9月21日，山西晋南恒铭新能源科技有限公司400MW/800MWh独立共享储能建设项目EPC总承包工程招标公告发布。招标人为山西晋南恒铭新能源科技有限公司。项目规模：建设一座电化学储能电站，建设规模为400MW/800MWh，分两期建设，一期建设200MW/400MWh，二期建设200MW/400MWh；并配套建设1座220kV变电站。通过1回220kV线路接入沃瑞220kV光伏升压站。总投资估算：139612万元，折合单价1.75元/Wh。招标内容与范围：本招标项目划分为1个标段，本次招标为其中的：勘察、设计；设备材料采购：储能电站的全部设备采购，包括但不限于储能系统相关设备、变配电设备等；以及主要设备的监造工作；全流程配套服务：负责设备材料的到货检验、装卸运输、二次倒运；提供备品备件、专用工具；开展技术服务、设计联络、人员培训，供应消耗品并提交全套技术资料；施工等。看个广告休息一下计划工期：140天。本项目允许联合体投标，联合体组成单位不超过3家。招标文件的获取时间：2026年9月22日00时00分至2026年9月29日23时59分；递交截止时间：2026年10月22日9时00分。原文如下：责任编辑：尹思琦审核：储能与电力「储能与电力市场」提供行业顾问咨询服务，并已撰写多份行业分析报告。如需了解详情，欢迎留言咨询。#山西储能项目#2026储能招标不喜欢递交截止时间：2026年10月22日9时00分,,,,pending
国网/华能/大唐/华电/国电投/国能“一把手”发声：推动绿电产业融合，储能、虚拟电厂、需求侧协同发力,储能与电力市场,储能与电力市场,"21C API, 储能, 算力中心, 供电, 可靠性, 高压直流, 装机, 投产, 投资, 落地",normal,2026-09-27T21:00:00+08:00,,「储能与电力市场」获悉，近日，2026新型电力系统发展（崇礼）论坛正式召开。国家电网、中国华能、中国大唐、中国华电、国家电投、国家能源集团等能源电力央企“一把手”围绕 “十五五” 新型电力系统与新型能源体系建设，从电网架构、电源结构、系统调节、市场机制、科技创新等维度集中阐述发展方略。中国大唐提出“双主体”目标：到2030年，风电、太阳能装机比重超50%，成为装机主体；非化石能源发电量比重达50%，成为电量主体。该目标标志电力行业迈入清洁替代、绿电主导新阶段。在19个省区布局虚拟电厂，聚合容量超1300万千瓦，强化需求侧挖潜、绿电消纳。国家电投预计2030年风光装机达28亿千瓦以上；自身新能源,http://mp.weixin.qq.com/s?__biz=Mzk2NDQyNDY3OQ==&mid=2247592355&idx=1&sn=84a078f230ce5cea89a6fddbeb3363a4,,"「储能与电力市场」获悉，近日，2026新型电力系统发展（崇礼）论坛正式召开。国家电网、中国华能、中国大唐、中国华电、国家电投、国家能源集团等能源电力央企“一把手”围绕 “十五五” 新型电力系统与新型能源体系建设，从电网架构、电源结构、系统调节、市场机制、科技创新等维度集中阐述发展方略。中国大唐提出“双主体”目标：到2030年，风电、太阳能装机比重超50%，成为装机主体；非化石能源发电量比重达50%，成为电量主体。该目标标志电力行业迈入清洁替代、绿电主导新阶段。在19个省区布局虚拟电厂，聚合容量超1300万千瓦，强化需求侧挖潜、绿电消纳。国家电投预计2030年风光装机达28亿千瓦以上；自身新能源大基地储备资源达1.3亿千瓦。落地扎哈淖尔35万吨绿电铝项目；与巴斯夫签订25年合计300亿千瓦时绿电供应协议；建成电解铝园、绿电直供算力中心等示范工程。打造“国之重器”——“国和一号”整机100%国产化，为新能源提供自主化装备支撑。中国华电明确“十五五”末新能源装机实现倍增，清洁能源装机占比从当前的62.2%提升至超70%。加快绿色氢氨醇全产业链布局，扩大工业天然气掺氢应用，探索煤电掺氢掺氨示范。以AI赋能，机器替代巡检约70%，径流预测大模型预测精度较行业提升5个百分点。国家能源集团以集约化、规模化、基地化方式，推进腾格里、巴丹吉林、库布齐等千万千瓦级“沙戈荒”大基地建设。探索“绿电 + 算力”一体化融合，打造南疆新型电力系统示范区。国家电网扩容特高压主干网，“十五五”跨省输电能力达5亿千瓦。具备承载9亿千瓦以上分布式新能源的能力，主配微协同承接新能源消纳。中国华能大力发展虚拟电厂，推动源网荷储协同互动，解决新能源“顶得上、调得动、稳得住”的现实课题。提出突破构网型新能源、长时储能、电氢协同等关键核心技术，实施“人工智能 +”能源行动。电网架构重塑从 “单向供电” 迈向 “主配微双向互动”电网是新型电力系统的物质基础。国家电网董事长、党组书记张智刚提出，国家电网聚焦完善电网新架构、突破电网新技术、提升电网新服务，加快建设主配微协同的新型电网，支撑构建清洁低碳、安全充裕、经济高效、供需协同、灵活智能的新型电力系统。张智刚指出，当前电网形态正从“大电网单向供电”向“主配微双向互动”深刻转变。为此，国家电网将持续加大电网投入力度，统一规划、一体推进各级电网协调发展：“十五五”力争建成投产特高压直流15回以上、累计达到35回以上，跨省区输电能力达到5亿千瓦；到2030年，经营区城农网户均停电时间以及城乡间、东西部供电可靠性差距较“十四五”末压降至少三分之一，具备承载9亿千瓦以上分布式新能源的能力。同时，因地制宜推进末端保供型微电网、村镇级微能网建设，提升自平衡、自调节、自安全能力。国家电网董事长、党组书记张智刚图源：网络国家能源集团党组成员、副总经理傅振邦提出坚持“四个确保”：确保能源保供 “顶得上”，针对 “十五五” 全社会用电量及尖峰负荷持续攀升的压力，确保关键时刻 “顶得上”“带得满”“稳得住”；确保支撑调节 “让得出”，加快构建传统能源与新能源互补互济的多元协同供应体系，推进化石能源安全可靠有序替代；确保电源结构 “转得好”，坚持风光水核氢等多能并举、先立后破；确保市场主体 “稳得住”，加快从 “以生产为中心” 向 “以市场为导向” 转变，通过精益管理、成本管控对冲市场价格波动。国家能源集团党组成员、副总经理傅振邦图源：网络新能源加快成为主体电源布局储能、虚拟电厂中国大唐董事长、党组书记吕军系统阐释了“双主体”目标——《新型能源体系建设“十五五”规划》《新型电力系统建设“十五五”规划》明确，到2030年风电、太阳能装机比重超过50%成为装机主体，非化石能源发电量比重达50%成为电量主体。吕军表示，实现“双主体”目标并非一蹴而就，行业面临安全与经济两大现实挑战：高比例新能源接入抬高系统平衡保供难度，沙戈荒、水风光基地加快开发进一步加剧跨区消纳、高峰保供压力；同时“十五五”预计新增用电量约3万亿千瓦时，电力投资或将达14万亿元，行业必须严控投资质量，避免重复建设与资源浪费。中国大唐在调节资源布局上进展突出：在19个省区布局虚拟电厂、聚合容量超1300万千瓦；建成世界首个百兆瓦时钠离子储能项目，推进全国首个地下硐室压缩空气储能项目；过去5年完成203台、1亿千瓦煤电机组灵活性与节能改造。中国大唐董事长、党组书记吕军图源：网络国家电投总经理、党组副书记闫国春指出，截至2025年底，国内新能源装机超18亿千瓦，占总装机47%，预计2030年风光装机达到28亿千瓦以上；煤电正向基础保障性与系统调节型电源并重转型，系统调节能力面临更高要求。他提出围绕扩量、提质、创新三条主线推进新型电力系统建设：集团新能源大基地储备资源达1.3亿千瓦，乌兰察布600万千瓦风电基地、青海海南清洁能源外送基地有序推进，建成山东、江苏、广东三座百万千瓦海上风电基地，并落地“图强号”全球最大单机漂浮式示范项目、探索开展20兆瓦漂浮式海上风电示范。国家电投总经理、党组副书记闫国春图源：网络中国华电总经理、党组副书记徐树彪表示，一是大力推进新能源开发，面向 “十五五” 加快西北、西南及沿海地区新能源基地开发建设，统筹煤电转型升级和抽水蓄能、新型储能建设，力争到 “十五五” 末发电装机规模超过4亿千瓦、新能源装机实现倍增、清洁能源装机占比超过70%。二是加快培育绿色燃料产业，加快绿色氢氨醇全产业链布局，打通研发、生产、储运、应用关键链条，统筹推进新能源制氢氨醇全产业链发展，加快内蒙古、辽宁等地绿色氢氨醇项目及配套储运设施建设，扩大工业天然气掺氢应用，探索煤电掺氢掺氨、燃机掺氢示范。三是以AI赋能新能源产业，统一规划建设新能源智慧生产管理平台，机器替代巡检工作实现约70%，无人值守场站占比超过30%，首创径流预测大模型、预测精度较行业水平提升5个百分点，打造水电智慧调度运行智能体，推动 “华电智” 大模型规模化、常态化应用。中国华电总经理、党组副书记徐树彪图源：网络中国华能董事长、党组书记白勇提出，系统友好的首要在于可靠性和支撑能力，建议进一步加强系统调节能力建设，充分发挥抽水蓄能调节作用，加快新型储能规模化发展，推动煤电向基础保障和系统调节电源并重转型；充分激发需求侧灵活调节潜力，大力发展虚拟电厂，推动源网荷储协同互动，不断提高系统在复杂场景下的动态平衡和安全保障能力。中国华能董事长、党组书记白勇图源：网络国家电网方面，将加大抽水蓄能建设力度，支持新型储能规模化应用，推动煤电灵活性改造，并积极引导虚拟电厂、充换电运营商等重点群体参与削峰填谷。看个广告休息一下市场与机制让多元价值充分释放建设全国统一电力市场，让电量、容量、辅助服务、绿色环境等多元价值充分释放，是多家央企的共同主张。白勇表示，系统友好以市场机制准确识别系统需求、合理体现不同资源的价值贡献，建议完善跨省跨区电力交易机制，健全和落实容量电价及辅助服务机制，体现容量支撑与灵活调节价值，完善新能源参与市场机制，形成""系统有需求、市场有信号、企业有动力""的良性循环。吕军建议持续完善电力市场体系，打通电能量、容量、辅助服务市场，衔接电力、绿证、碳市场，让各类资源充分释放能量、容量、调节、绿色多维价值。国家电投2025年市场化交易电量达4981亿千瓦时、占全部上网电量的84%，并实现基层电厂碳足迹数据库全覆盖。国家电网将依托全国统一电力市场体系扩大市场化交易规模，加大余缺互济力度。傅振邦则提出，加快从""以生产为中心""向""以市场为导向""转变，通过精益管理、成本管控对冲市场价格波动，主动融入全国统一电力市场建设。""十五五""发展愿景围绕""十五五""发展愿景，六家央企各自锚定了清晰目标。张智刚表示，国家电网将当好新型电力系统建设主力军，聚焦完善电网新架构、突破电网新技术、提升电网新服务，加快建设主配微协同的新型电网，努力为服务能源强国建设贡献电网力量。白勇提出，中国华能以创建世界一流企业为目标，强化创新驱动、""双碳""驱动、数智驱动，全力打造系统友好型电力综合服务商。吕军表示，中国大唐将紧扣新型电力系统建设要求，着力提升兜底保供、绿电供给、消纳利用、科技创新、市场运营五大核心能力，迈向清洁替代、绿电主导新阶段。徐树彪提出，中国华电将统筹推进新能源制氢氨醇全产业链发展，加快内蒙古、辽宁等地绿色氢氨醇项目及配套储运设施建设，深化能源数字化转型。闫国春介绍，国家电投实施均衡增长战略，围绕扩量、提质、创新三条主线，承担核电、重燃两大国家科技重大专项，勇当原创技术策源地。傅振邦表示，国家能源集团将坚决履行""能源保供压舱石、能源革命排头兵""使命，坚持""四个确保""、做好""四篇大文章""，携手构建新型电力系统，全面支撑能源强国建设。以下为六大央企“十五五”相关举措：责任编辑：一口仙气儿审核：五月「储能与电力市场」提供行业顾问咨询服务，并已撰写多份行业分析报告。如需了解详情，欢迎留言咨询。#国家电投#华能#国家电网#大唐#国家能源#华电不喜欢建设全国统一电力市场，让多元价值充分释放",,,,pending
36GW，中广核内蒙古三大新能源基地启动，配置储能/火电等,储能与电力市场,储能与电力市场,"21C API, 储能, 装机, GWh, 中标, 招标, 采购项目, 投资, 政策",normal,2026-09-27T21:00:00+08:00,,「储能与电力市场」获悉，9月以来，中广核相继启动涉及内蒙古三个新能源大基地的规划及实施方案编制服务招标。三个项目拟规划风光装机合计36GW，其中风电13GW、光伏23GW。各项目规划规模及配套要求如下：中广核阿拉善腾格里千万千瓦级新能源基地项目：风电4GW，光伏8GW，同时按照技术要求配比建设一定规模的火电、储能设施；中广核阿拉善盟巴丹吉林千万千瓦级新能源基地项目：风电4GW，光伏8GW，同时按照技术要求配比建设一定规模的火电、储能设施；中广核新能源内蒙古呼伦贝尔市陈巴尔虎旗12000MW综合能源项目：风电5GW，光伏7GW，需合理配置煤电机组、电化学储能、抽蓄和光热项目。自“十四五”以来，新,http://mp.weixin.qq.com/s?__biz=Mzk2NDQyNDY3OQ==&mid=2247592355&idx=2&sn=4e4dc4366b59dc9b09ed3f94ab44744a,,"「储能与电力市场」获悉，9月以来，中广核相继启动涉及内蒙古三个新能源大基地的规划及实施方案编制服务招标。三个项目拟规划风光装机合计36GW，其中风电13GW、光伏23GW。各项目规划规模及配套要求如下：中广核阿拉善腾格里千万千瓦级新能源基地项目：风电4GW，光伏8GW，同时按照技术要求配比建设一定规模的火电、储能设施；中广核阿拉善盟巴丹吉林千万千瓦级新能源基地项目：风电4GW，光伏8GW，同时按照技术要求配比建设一定规模的火电、储能设施；中广核新能源内蒙古呼伦贝尔市陈巴尔虎旗12000MW综合能源项目：风电5GW，光伏7GW，需合理配置煤电机组、电化学储能、抽蓄和光热项目。自“十四五”以来，新能源大基地一直是央国企投资、开发的重点来，三批次大基地逐步释放并稳步推进。据「储能与电力市场」的不完全统计，截至2026年7月，可明确查询到项目信息及装机规模的基地数量超170个，总规模超461.3GW。其中，光伏超229.8GW，风电超137.1GW。这其中，有16个典型的新能源大基地项目明确配置GW级储能，配储规模合计已超过17GW/70GWh。（可参考文章：超461GW新能源大基地盘点）进入“十五五”开局之年，新一批的新能源大基地项目仍在不断规划、申报、审批。西北某省近期刚刚完成了超100GW的新能源大基地优选，中标业主基本来自五大电力央企以及地方国企，单个基地项目规模最大可达20GW以上。近期三峡、大唐、中广核等也陆续启动了一批沙戈荒大基地规划方案招标，粗略统计显示规模达70GW以上。而这些基地项目的推进，也将为储能应用带来大量的需求。看个广告休息一下中广核近期启动的三大项目方案编制采购具体情况如下：中广核新能源内蒙古阿拉善腾格里、巴丹吉林沙漠“蒙电入鄂”大基地新能源+储能项目电源规划方案编制（外送大基地电源规划）采购项目规模：中广核阿拉善盟腾格里千万千瓦级新能源基地项目实施方案；中广核阿拉善盟巴丹吉林千万千瓦级新能源基地项目实施方案。单个基地1200万千瓦新能源，其中400万千瓦风电、800万千瓦光伏，同时按照技术要求配比建设一定规模的火电、储能设施，以及配套的电网接入工程。招标内容与范围：按照国家和地方大型风光基地规划相关政策要求，提供腾格里沙漠、巴丹吉林沙漠千万千瓦级新能源基地规划相关技术支撑和咨询服务，统筹考虑阿拉善盟地区风光资源、煤炭、水资源等要素保障能力，以及国家特高压外送通道规划布局，按照集约化、规模化要求，形成技术可行、设计合理，具备方案优势的规划实施方案。详见技术规范书。中广核新能源内蒙古呼伦贝尔市陈巴尔虎旗12000MW综合能源项目项目实施方案编制采购项目规模：方案编制涉及建设总规模1200万千瓦，其中风电项目500万千瓦，光伏项目700万千瓦，合理配置煤电机组、电化学储能、抽蓄和光热项目。招标内容与范围：按照国家和地方大型风光基地规划相关政策要求，提供内蒙古呼伦贝尔沙地陈巴尔虎中部基地规划相关技术支撑和咨询服务，统筹考虑呼伦贝尔地区风光资源、煤炭、水资源等要素保障能力，以及国家特高压外送通道规划布局，按照集约化、规模化要求，形成技术可行、设计合理，具备方案优势的规划实施方案。项目所需开展工作包括现场踏勘、所需资源数据收集、报告边界等具体详见招标文件规定。上述两项招标均要求投标人同时满足以下两类业绩条件：牵头或独立承担过1个及以上国家或省级""十四五""可再生能源规划编制工作；近5年至少牵头或独立承担1项千万千瓦及以上规模的陆上新能源基地咨询服务业绩（含总体规划、实施方案等）相关业绩。招标公告原文如下：责任编辑：丁凯乐审核：一拳超人「储能与电力市场」提供行业顾问咨询服务，并已撰写多份行业分析报告。如需了解详情，欢迎留言咨询。#新能源大基地 #储能#沙戈荒基地储能#新能源大基地储能不喜欢风电合计13GW、光伏合计23GW",,,,pending
远东股份孙公司火灾认定：实验电芯热失控引燃可燃物,储能与电力市场,储能与电力市场,"21C API, 储能, 热失控, 发布",normal,2026-09-27T21:00:00+08:00,,「储能与电力市场」获悉，9月23日，远东智慧能源股份有限公司关于控股孙公司火灾事故的进展公告发布。公告显示，2026年8月，远东智慧能源股份有限公司控股孙公司江西远东电池有限公司电芯老化检测车间发生火灾事故。根据宜春经济技术开发区消防救援大队出具的《火灾事故认定书》（宜区消火认字[2026]第0003号），火灾原因为电芯老化检测车间实验电芯热失控产生火星引燃可燃物。看个广告休息一下8月31日晚，远东股份（股票代码：600869）发布关于控股孙公司发生火灾事故的公告。（可参考：远东股份控股孙公司突发火灾，详情披露）公告显示，2026年8月30日夜间，远东智慧能源股份有限公司控股孙公司江西远东电池,http://mp.weixin.qq.com/s?__biz=Mzk2NDQyNDY3OQ==&mid=2247592355&idx=3&sn=1f5a3fb441a25072335ccbeb44f1f29a,,「储能与电力市场」获悉，9月23日，远东智慧能源股份有限公司关于控股孙公司火灾事故的进展公告发布。公告显示，2026年8月，远东智慧能源股份有限公司控股孙公司江西远东电池有限公司电芯老化检测车间发生火灾事故。根据宜春经济技术开发区消防救援大队出具的《火灾事故认定书》（宜区消火认字[2026]第0003号），火灾原因为电芯老化检测车间实验电芯热失控产生火星引燃可燃物。看个广告休息一下8月31日晚，远东股份（股票代码：600869）发布关于控股孙公司发生火灾事故的公告。（可参考：远东股份控股孙公司突发火灾，详情披露）公告显示，2026年8月30日夜间，远东智慧能源股份有限公司控股孙公司江西远东电池有限公司电芯老化检测车间发生火灾事故。事故次未造成人员伤亡，1个厂房设备部分受损、在检品损毁。原文如下：责任编辑：尹思琦审核：储能与电力「储能与电力市场」提供行业顾问咨询服务，并已撰写多份行业分析报告。如需了解详情，欢迎留言咨询。#远东股份#电芯热失控不喜欢远东智慧能源股份有限公司关于控股孙公司火灾事故的进展公告,,,,pending
200MW/800MWh，甘肃独立储能EPC招标,储能与电力市场,储能与电力市场,"21C API, 磷酸铁锂, 铁锂, 储能, 独立储能, PCS, 招标, 发布",normal,2026-09-27T21:00:00+08:00,,「储能与电力市场」获悉，近日，宏欣至信（定西）能源科技有限公司安定200MW/800MWh电网侧独立储能电站项目EPC总承包招标公告发布。项目资金来源为自筹资金80000万元，招标人为宏欣至信（定西）能源科技有限公司。项目概况及招标内容如下：项目规模及内容：本项目为独立储能项目，位于甘肃省定西市安定区境内，建设规模为200MW/800MWh，占地面积约34410m2。储能电池采用磷酸铁锂电池，共由40个5MW/20MWh储能单元组成，每个储能单元由2个PCS升压一体机和4个电池舱组成，PCS升压一体机容量为5MW（PCS容量2X2.5MW、箱变容量5MVA），储能单元通过每5个储能单元组成1回,http://mp.weixin.qq.com/s?__biz=Mzk2NDQyNDY3OQ==&mid=2247592355&idx=5&sn=18e54e77e4ed31ce6f8059a89fa6664f,,「储能与电力市场」获悉，近日，宏欣至信（定西）能源科技有限公司安定200MW/800MWh电网侧独立储能电站项目EPC总承包招标公告发布。项目资金来源为自筹资金80000万元，招标人为宏欣至信（定西）能源科技有限公司。项目概况及招标内容如下：项目规模及内容：本项目为独立储能项目，位于甘肃省定西市安定区境内，建设规模为200MW/800MWh，占地面积约34410m2。储能电池采用磷酸铁锂电池，共由40个5MW/20MWh储能单元组成，每个储能单元由2个PCS升压一体机和4个电池舱组成，PCS升压一体机容量为5MW（PCS容量2X2.5MW、箱变容量5MVA），储能单元通过每5个储能单元组成1回集电线路，接至储能站35kV侧，独立储能200MW/800MWh项目共计8回35kV集电线路。项目配套建设1座110kV升压站，以电缆形式接入定西南汇集站，送出长度约500m。建设地点：甘肃省定西市安定区。招标范围：本招标项目划分为1个标段，本次招标为其中的：（001）宏欣至信（定西）能源科技有限公司安定200MW/800MWh电网侧独立储能电站项目EPC总承包。投标人要求：投标人（联合体任意一方）近3年内实施的类似项目EPC总承包业绩。本次招标接受联合体投标。看个广告休息一下招标文件的获取时间：从2026年9月21日18时00分到2026年9月28日18时00分。投标文件递交截止时间：2026年10月14日11时00分。原文如下：责任编辑：丁凯乐审核：储能与电力「储能与电力市场」提供行业顾问咨询服务，并已撰写多份行业分析报告。如需了解详情，欢迎留言咨询。#储能项目招标 #甘肃储能不喜欢投标截止时间为2026年10月14日11时00分,,,,pending
想算出地球上有多少真菌，居然这么难？！,环球科学,环球科学,"21C API, 实验室",normal,2026-09-27T21:00:00+08:00,,丛枝菌根真菌的显微图像（为便于观察进行了人工着色）。图中圆形结构为孢子。图片来源：托马斯·穆尼塔（Tomás Munita）撰文 | 萨姆·麦克唐纳（Sam Macdonald）如果你从未听说过丛枝菌根（arbuscular mycorrhizal，AM）真菌，那并不奇怪——除非你碰巧是一棵榕树。这些真菌生活在表层土壤中，与地球上大约70%的植物物种存在共生关系，因此，任何一个“有点自觉”的光合生物都应该对它们有所了解。不过，尽管丛枝菌根真菌每年会将大约40亿吨碳从植物转移到土壤中，我们人类对这类真菌的了解仍然很少，首先就包括：它们究竟有多少？直到现在，情况才有所改变。在一项发表于《科学》（S,http://mp.weixin.qq.com/s?__biz=MjM5NDA1Njg2MA==&mid=2652097614&idx=2&sn=34a193da264795fe0312e3fb3de7ffc4,,丛枝菌根真菌的显微图像（为便于观察进行了人工着色）。图中圆形结构为孢子。图片来源：托马斯·穆尼塔（Tomás Munita）撰文 | 萨姆·麦克唐纳（Sam Macdonald）如果你从未听说过丛枝菌根（arbuscular mycorrhizal，AM）真菌，那并不奇怪——除非你碰巧是一棵榕树。这些真菌生活在表层土壤中，与地球上大约70%的植物物种存在共生关系，因此，任何一个“有点自觉”的光合生物都应该对它们有所了解。不过，尽管丛枝菌根真菌每年会将大约40亿吨碳从植物转移到土壤中，我们人类对这类真菌的了解仍然很少，首先就包括：它们究竟有多少？直到现在，情况才有所改变。在一项发表于《科学》（Science）的研究中，研究人员汇总了300多项研究的数据，以估算全球丛枝菌根真菌的总生物量。这项工作比想象中困难得多：真菌生物量的估算在一定程度上取决于菌丝的粗细，因此，即便对菌丝平均直径的估计只存在一丝偏差，也可能大幅改变最终结果。研究共同作者、地下网络保护学会（Society for the Protection of Underground Networks，SPUN）的数据科学家贾斯廷·D. 斯图尔特（Justin D. Stewart）用一个比喻说明了其中的困难：想象你躺在一棵树下，试图计算这棵树所有枝条的平均宽度。然而，有些枝条很长，却细得惊人；另一些则很短，但非常粗壮。为解决这一难题，研究团队使用了一台定制机器人“普林斯”（Prince），它采集了超过30万条正在生长的真菌网络的测量数据。（顺带一提，这间实验室里还有其他以音乐明星命名的机器人，包括“唐娜·萨默”（Donna Summer）和“艾瑞莎·弗兰克林”（Aretha Franklin）。）结合数学模型和全球各地已发表的数据，这些测量结果让研究人员得以估算全球真菌生物量。他们还与数据可视化设计师莫里茨·施特凡纳（Moritz Stefaner）合作，制作出了一幅交互式的菌根网络地图，覆盖地球上的陆地区域，空间精度可达到每平方千米。“我们被数字和数据包围着，”施特凡纳说。这组数据所呈现出的美感很快就吸引住了他。“每个人都想弄明白这些数据意味着什么，每个人都想看到它的全貌。”那么，这类真菌究竟有多少？答案可能既比你想象得多，又比你想象得少。如果按生物量计算，全世界丛枝菌根真菌的总质量，大约是全人类体重总和的5倍。这个数字已经相当庞大，却仍远低于许多研究人员此前的预期。“我其实有些惊讶，本以为这个数字会更高，”美国北亚利桑那大学博士后研究员卡拉·斯凯·吉布森（Kara Skye Gibson，未参与该研究）说。斯图尔特表示，研究团队当时也有类似的感觉。“我们第一次算出这些真菌到底有多重时，”斯图尔特说，“我想我们又花了两三个星期反复重新计算，只为了确认自己是不是少写了几个零。”或许，用“质量” 来描述这些真菌并不是最佳方式。一旦换成“长度”，数字就会大得近乎荒诞。据估算，如果把地球表层土壤中的丛枝菌根真菌菌丝全部首尾相接，其总长度可达1.1×10^17千米。这一长度足以从地球一路延伸到邻近恒星比邻星，再返回地球，甚至足以跨越11.9光年，到达鲸鱼座τ星。这一恒星系统正是安迪·韦尔（Andy Weir）2021年的科幻小说、以及近期热门电影《挽救计划》（Project Hail Mary）中故事发生的地方。不过，即便面对如此惊人的数字，斯图尔特仍然热衷于谈论研究人员尚未弄清楚的部分。他说：“我们把这些地图当作不断更新的‘活文档’，而不是一幅幅静态图像。”他特别强调，目前有近200名研究人员正与SPUN合作，努力填补地图上剩余的数据空白。为了找出这些空白究竟在哪里，团队还制作了配套的“无知地图”（maps of ignorance），专门标出目前估算结果最不确定的区域。“只要我们能够量化不确定性的类型以及它究竟有多大，我就可以坦然面对这些不确定性，”斯图尔特说，“这些‘无知地图’同时也是一张张藏宝图，告诉我们未来应该到哪些地方采集数据。”本文选自《环球科学》9月刊“前沿”栏目。本文来自微信公众号“环球科学”。如需转载，请在“环球科学”后台回复“转载”，还可通过公众号菜单、发送邮件到newmedia@huanqiukexue.com与我们取得联系。相关内容禁止用于营销宣传。-电商广告-《环球科学》2026年9月新刊销售中 戳图片或阅读原文立即购买点击【在看】，及时接收我们的内容更新 阅读原文不喜欢既见菌子，云胡不喜,,,,pending
做了这样的梦，可能才算真的睡了个好觉,环球科学,环球科学,"21C API, 实验室",normal,2026-09-27T21:00:00+08:00,,图片来源：pixabay撰文 | 二七审校 | clefable不知道正在阅读这篇文章的你，有没有做过那种梦中梦——这几乎是我最讨厌的一类梦。它的糟心之处在于，这种梦总是发生在快要起床的时候：经历了一系列紧张刺激的内容后，梦中的我终于决定醒过来——并且真的“成功”醒了过来。我艰难地睁开眼、起床，努力完成一系列洗漱和出门前的准备，有的时候甚至感觉自己都走到工位上了——这时，我才真的在床上睁开了眼。原来刚刚所有一切早起和通勤的努力，全都是一场梦。毕竟要重新经历一遍起床的痛苦，想必每个打工人都能理解此刻我内心的愤怒。不过，最近一项发表于PLOS Biology的研究表示，做了这样的梦或许是件好事。更,http://mp.weixin.qq.com/s?__biz=MjM5NDA1Njg2MA==&mid=2652097614&idx=1&sn=b3d7f8cfda3c9c33657ae519dd86c564,,图片来源：pixabay撰文 | 二七审校 | clefable不知道正在阅读这篇文章的你，有没有做过那种梦中梦——这几乎是我最讨厌的一类梦。它的糟心之处在于，这种梦总是发生在快要起床的时候：经历了一系列紧张刺激的内容后，梦中的我终于决定醒过来——并且真的“成功”醒了过来。我艰难地睁开眼、起床，努力完成一系列洗漱和出门前的准备，有的时候甚至感觉自己都走到工位上了——这时，我才真的在床上睁开了眼。原来刚刚所有一切早起和通勤的努力，全都是一场梦。毕竟要重新经历一遍起床的痛苦，想必每个打工人都能理解此刻我内心的愤怒。不过，最近一项发表于PLOS Biology的研究表示，做了这样的梦或许是件好事。更准确地说，那些格外生动的梦可以让你在体感上睡得更好。打工人经典闹钟配置。梦的解析许多人可能都了解，我们的睡眠会在两种不同状态之间循环转换：快速眼动睡眠（REM）和非快速眼动睡眠（NREM）。就像名称一样，在REM阶段，我们的眼球会快速转动，此时我们的大脑也（至少有一部分）非常活跃——它在做梦。相比之下，NREM阶段似乎才是大脑得到休息的阶段，尤其是NREM的第三阶段（N3）——此时大脑的活跃度很低，在脑电图中呈现出低频的慢波。这种慢波非常重要，因为它会间接驱动大脑内的脑脊液流动，冲刷掉大脑中“垃圾”，这一阶段也往往被称为深度睡眠阶段。（在NREM阶段人们也有可能做梦，只是概率较低，且不如REM阶段的梦境清晰。）这样的差异很容易让人产生一种直觉：处于深度睡眠的时间越久，大脑休息得就越好。在生活中我们也经常说“昨晚做了一晚上梦，感觉根本没睡好”。图片来源：Unsplash这句话里的关键词是“感觉”。“一夜好眠的关键不仅在于睡眠时长，”这项新研究中写道，“还在于主观上感到睡得深沉，并且没有被打断。”事实上，已经有一些研究发现，人们在REM阶段往往很难被唤醒，并且人们自己也会感觉REM阶段仿佛是处于深度睡眠一样。听起来，好像我们的睡眠体验与客观的睡眠状态并不一致。为了探究背后的原理，意大利卢卡IMT高等研究学院的研究团队展开了一项听起来有点“残忍”的实验。睡眠的支柱研究团队邀请了44位参与者，在实验室里睡上至少四晚。在此期间，所有参与者都需要佩戴装备了多达256个电极的头部设备，记录高密度脑电图数据。同时，研究者还会定期叫醒他们——在这四晚里，参与者被叫醒了超过1000次，而且每次被叫醒后，参与者还要当场描述在醒来前一刻的睡眠体验，并打分评价自己睡得有多深和现在有多困。结果显示，在那些脑电图显示大脑非常“安静”的阶段，参与者会觉得自己睡得很深。但同时，在做很生动、很沉浸的梦的时候，人们也会觉得自己睡得很深。只有在做那种非常模糊，没有清晰内容的梦时，参与者才会觉得自己睡得很浅。“换言之，睡眠期间并非所有大脑活动都会给人相同的感觉：体验的质量，尤其是沉浸的程度，似乎至关重要。”这项研究的主要作者、卢卡IMT高等研究学院的神经科学教授朱利奥·贝尔纳迪（Giulio Bernardi）在该校的一篇新闻稿中解释道，“这表明，梦境可能会重塑睡眠者对自己大脑活动的解读：梦境越沉浸，人们体验到的睡眠就越深。”图片来源：Unsplash这项研究还带来了另一个令人惊讶的结果：理论上来说，我们越是睡觉，生理上的睡眠压力应该越小，或者说就越是“不缺觉”。但参与者却反馈说，随着时间推移，他们感觉自己睡得更沉了。这种主观上越睡越沉的感受，似乎与梦境沉浸感的增强密切相关。或者说，虽然生理上我们不那么需要睡觉了，但梦境可能依然在帮助我们维持睡眠状态。论文怀疑这是因为沉浸式的梦境帮我们保持了一种与外部的“隔离感”，并且因此将梦称为一种睡眠的“内部支架”。为什么做梦至少从庄周与蝶的故事开始，人们就在认真思考：梦究竟是什么？人为什么要做梦?这个问题一直延续到了现在，一些研究认为，梦境是清醒时生活的重新演绎；而另外一些理论则认为，梦境是在帮助我们针对未来的现实事件做出预演——这或许可以解释我为什么会梦见自己起床上班；还有一些理论提出，梦是随机产生的，是我们的一部分大脑给另一部分大脑传递了一些无意义的信息，这些信息被随机组合，就诞生了我们那些怪异的梦。近年来，科学家甚至正在尝试利用多种方式操控梦境，这种梦被称为“清醒梦”——正是那些你突然觉得“不对劲”，然后惊觉自己是在做梦的梦境。不同的是，我们察觉到自己在做梦后往往会立刻醒来，然而科学家正在尝试让人们在梦里依然保持清醒，甚至主导梦境的发展。一些研究显示，这不仅能够提升人们的睡眠质量和起床后的感受，甚至有可能帮助人们减缓焦虑和抑郁症状。对梦的研究一直充满矛盾和困惑，或许正是因为人脑太过神秘和复杂了。但也正是因为这样的复杂性，让大脑成为了计算科学中一种绝佳的灵感和参照物。人类大脑的功耗只有20瓦左右，却能以极低的能耗完成复杂的信息处理。因此，科学家开始尝试将人类神经元与计算机连接在一起，让它们接收电脉冲、产生响应，甚至可以“学习”。《环球科学》2026年9月刊的《用神经元搭建计算机》一文，就介绍了这种“人脑神经元计算机” 如何做到了识别盲文字母、控制电子游戏，还被开发成了可远程访问的生物计算平台：在数学从日常思考不断走向抽象的过程中，拓扑空间的诞生是一个关键节点。它逐渐成为现代数学的重要地基，但令人不安的是，这套沿用百余年的框架始终难与代数等数学分支顺畅协作。《当数学家决定重建地基》一文将为你介绍，数学家正试图用一类新对象取代拓扑空间，重建现代数学的基础：在气候科学中，临界点往往对应着最糟糕的情景，一旦跨越，我们熟悉的世界就可能被重塑，进入一种全新的平衡状态。然而临界点背后的数学充满了不确定性，面对有限的数据和高度复杂的系统，我们究竟能在多大程度上预测下一次剧变？《计算气候临界点》一文也许可以解答你的困惑：参考链接：https://www.sciencedaily.com/releases/2026/03/260326011458.htmhttps://www.eurekalert.org/news-releases/1120229https://journals.plos.org/plosbiology/articlehttps://mp.weixin.qq.com/s/rU6eln_Q7oyuZUW1yVrxKQhttps://doi.org/10.1016/j.cub.2025.06.064https://mp.weixin.qq.com/s/XC8ZflfJfRcCXSP5vvRHJw本文来自微信公众号“环球科学”。如需转载，请在“环球科学”后台回复“转载”，还可通过公众号菜单、发送邮件到newmedia@huanqiukexue.com与我们取得联系。相关内容禁止用于营销宣传。-电商广告-《环球科学》2026年9月新刊销售中 戳图片或阅读原文立即购买点击【在看】，及时接收我们的内容更新 阅读原文不喜欢我先睡了,,,,pending
货运巨头：未来三年数据中心物流订单已基本锁定,科创板日报,科创板日报,"21C API, 交付, 订单, 合作协议, 推出",normal,2026-09-27T20:55:06+08:00,,德迅集团预计，其配套推出的数据中心物流服务在未来三年将保持两位数的稳定增长。作者 | 小KAI的风吹到了货运行业，大公司大规模采购硬件、建厂，催生大量高价值跨境物流、仓储、设备交付需求。德迅集团预计，随着大型科技公司为应对AI热潮纷纷建设数据中心，其配套推出的数据中心物流服务在未来三年将保持两位数的稳定增长。目前，2027年至2029年的相关需求订单已基本锁定。德迅集团（Kuehne+Nagel）总部位于瑞士辛德尔雷基，是全球头部综合物流企业，同时也是瑞士SMI蓝筹指数成分股，业务覆盖近100个国家、1300多个站点。其空运、海运货代业务规模位居全球第一，陆运、合同物流同样具备较强竞争力，该公,http://mp.weixin.qq.com/s?__biz=Mzg4MTEyNzc4Mg==&mid=2247647828&idx=5&sn=ed440ca19deab1cd8d02054e7c8f423c,,德迅集团预计，其配套推出的数据中心物流服务在未来三年将保持两位数的稳定增长。作者 | 小KAI的风吹到了货运行业，大公司大规模采购硬件、建厂，催生大量高价值跨境物流、仓储、设备交付需求。德迅集团预计，随着大型科技公司为应对AI热潮纷纷建设数据中心，其配套推出的数据中心物流服务在未来三年将保持两位数的稳定增长。目前，2027年至2029年的相关需求订单已基本锁定。德迅集团（Kuehne+Nagel）总部位于瑞士辛德尔雷基，是全球头部综合物流企业，同时也是瑞士SMI蓝筹指数成分股，业务覆盖近100个国家、1300多个站点。其空运、海运货代业务规模位居全球第一，陆运、合同物流同样具备较强竞争力，该公司面向高科技、半导体、医药、汽车、消费等行业，为全球约40万家客户提供端到端供应链解决方案，擅长高附加值的温控医药、精密设备、芯片相关跨境物流服务，在全球半导体、高端制造供应链运输领域参与度较高。本周初，这家瑞士货运巨头与亚马逊签署了一份为期七年的合作协议，全面承接其数据中心物流项目，该消息推动德迅集团（KNIN. SIX）股价升至两年高位。德迅集团首席执行官斯特凡•保罗（Stefan Paul）透露，公司客户列表中已包含“美股七巨头”中的六家。他指出，大型科技企业的需求已从基础货运升级为“端到端”的全链条供应链服务，涵盖供应商管理、清关及现场交付等复杂环节。基于客户清晰的设备采购规划，德迅集团已对接下来三年的业务体量与增长路径作出明确预判，“未来三年（2027年、2028年和2029年）的需求已经锁定……我们已经大致知道他们（大型科技企业）在设备方面规划了多少，以及增长情况，预计本公司未来三年将实现两位数增长。”,,,,pending
手记：柏林的街头，还没有那么多“未来”,科创板日报,科创板日报,"21C API, 新产品, 认证, 量产",normal,2026-09-27T20:55:06+08:00,,当AI已经成为这一轮技术周期中最重要的生产力之一，为什么在一座欧洲主要城市里，它却很难成为日常生活中可以直接感知的城市符号？作者 | 余诗琪9月，从慕尼黑去柏林，第一次真正进入这座城市，是从一列晚点的德铁开始的。慕尼黑到柏林大约500公里，直达ICE最快也需要4小时左右。对习惯了中国高铁的人来说，这个时间并不算短。但这趟车真正让人记住的，是它一路不断变化的晚点时间。刚出发时，屏幕上显示晚了大约半个小时。行驶了一段之后，晚点时间又不断刷新，半小时变成四十分钟，四十分钟又变成五十分钟。同行的德国向导对此已经习以为常。这样的晚点，在当地人的生活里似乎并不值得大惊小怪。德铁已经有晚点一小时以上的赔付机,http://mp.weixin.qq.com/s?__biz=Mzg4MTEyNzc4Mg==&mid=2247647828&idx=4&sn=841dfe322b0cf6fdc105fc5a7b7989d8,,当AI已经成为这一轮技术周期中最重要的生产力之一，为什么在一座欧洲主要城市里，它却很难成为日常生活中可以直接感知的城市符号？作者 | 余诗琪9月，从慕尼黑去柏林，第一次真正进入这座城市，是从一列晚点的德铁开始的。慕尼黑到柏林大约500公里，直达ICE最快也需要4小时左右。对习惯了中国高铁的人来说，这个时间并不算短。但这趟车真正让人记住的，是它一路不断变化的晚点时间。刚出发时，屏幕上显示晚了大约半个小时。行驶了一段之后，晚点时间又不断刷新，半小时变成四十分钟，四十分钟又变成五十分钟。同行的德国向导对此已经习以为常。这样的晚点，在当地人的生活里似乎并不值得大惊小怪。德铁已经有晚点一小时以上的赔付机制。晚点本身，变成了日常交通中可以预期的一部分。几个小时之后，列车进入柏林中央火车站。（柏林火车站）这是一座很现代的车站。巨大的玻璃结构把铁路、站台和商业空间层层叠在一起，站在里面，很容易产生一种进入大型商业综合体的错觉。但走出车站，城市很快又回到了另一种面貌。没有密集的巨幅电子屏，也很少看到那些一眼就能让人想到AI、算力、智能汽车或者智能终端的广告。这是我到柏林以后一个很容易被忽略、却慢慢变得明显的感受。在中国，AI已经越来越容易成为城市背景的一部分。机场、商场、写字楼，甚至一些普通的街区，都可以看到和大模型、智能汽车、机器人、智能终端相关的产品。它们未必意味着技术真的已经深入每一个人的生活，但至少，技术正在变成一种非常容易被看见的城市符号。但在柏林，这种变化并不容易被看见。当AI已经成为这一轮技术周期中最重要的生产力之一，为什么在一座欧洲主要城市里，它却很难成为日常生活中可以直接感知的城市符号？这个问题并不是一开始就存在于脑海里的。直到在柏林待了一段时间，才突然意识到，原来这座城市里很少有东西在提醒你：一场新的技术周期正在发生。甚至连IFA这个欧洲最有代表性的消费电子展会本身，在柏林城区的存在感都比想象中低得多。在市区里，几乎看不到大面积的IFA城市广告。一路走下来，真正能够辨认出IFA的东西并不多。德铁相关空间里，只有一家纪念品店附近的小型展台和海报，才会偶尔提醒人们，这场欧洲消费电子展正在这座城市发生。真正进入IFA之后，画面就开始发生变化。城市里不容易看到的技术，在展馆里一下子密集起来。在IFA的展馆里，大量正在发生变化的新技术集中出现。机器人、人工智能以及各种仍在探索商业化路径的新产品，构成了展馆里非常鲜明的一部分。尤其是IFA NEXT（面向初创企业的展馆），现场超过八成的展商来自中国。它们带来的不只是已经成熟的消费电子产品，还有大量关于下一代智能硬件、机器人和AI的尝试。这种密集的“未来感”，反而让人更加意识到，IFA之外的柏林是什么样子。走出展馆，重新回到市区，无论是商业街还是中心城区，很少能看到电子产品品牌密集出现。街边的商店里，也很少有专门销售智能硬件、机器人或者各种新型电子产品的店铺。刚刚在展馆里连续看到的那些技术，到了城市生活里，几乎又消失了。直到我沿着施普雷经过柏林城市中心。在这座城市最核心的空间，沿岸连接着博物岛、政府区以及国会大厦、总理府等城市地标。就是在这样的城市背景里，一幅柏林少见的巨大户外广告突然进入视线。广告里出现的，恰恰是机器人。上面写着：“ON/OFF- BEZIEHUNGWie wir in Zukunft mit Technik zusammenleben.”大意是：“开/关——关系。我们未来将如何与技术共同生活。”这副广告让我立刻想起了IFA展馆里的那些机器人。在展馆里，问题往往非常具体。机器人能做什么？能不能进入家庭？能不能进入工厂？能不能承担某一项工作？产品怎么做出来，什么时候量产，该找什么样的经销渠道，配套的保险、售后如何完成？而施普雷河边的这幅广告，已经跳到了另一个问题：当技术真正进入生活以后，人和技术究竟应该怎样相处？两种问题当然都值得讨论。只是站在IFA回来的路上，再看这幅广告，会很难忽略它们之间的先后关系。一种讨论正在试着把技术变成产品，把产品变成真实的使用场景，再一点点推向普通人的生活；另一种讨论，则已经开始想象技术进入生活之后，我们将怎样面对它。前者需要回答的是技术究竟怎样发生；后者讨论的，是技术发生以后会发生什么。有意思的是，这种差别并不只出现在机器人身上。市中心的洪堡大学外面的围墙上贴着很多学术会议的海报，大多都与环境等长期议题有关。柏林街头的竞选广告、摇滚乐队海报，以及关于人与技术关系的巨大城市广告，也都在讨论另一种东西：我们希望怎样生活，我们应该怎样与世界相处，以及未来可能会带来什么。这些问题当然重要。但它们有一个共同点——它们更多发生在“之后”。而这次从中国来到IFA的企业，正在处理的恰恰是那个“之前”。怎么把一个模型变成产品，怎么把一个机器人做出来，怎么让它能够工作，怎么找到场景，怎么建立供应链，怎么进入一个陌生市场，又怎么让它最终出现在普通人的生活里。这些事情并不浪漫，也很少出现在一幅城市广告里，但它们决定了一件事情究竟能不能发生。这可能也是这次IFA之行留给我最强烈的一种错位感。在展馆里，技术还是一件非常具体的事情。企业在展示机器、算法、产品和场景，也在解决认证、渠道、售后这些看起来琐碎的问题。走出展馆，城市又回到了另一套讨论体系。人和技术应该怎样相处，环境应该怎样变化，未来的生活会是什么样。从“怎么发生”，直接走到了“发生之后”。而中间那一段，反而不那么容易被看见。而这也重新解释了我在柏林产生的那个疑问。为什么走过车站、街区、大学，甚至城市最显眼的公共空间，很少能看到科技、AI留下的痕迹？也许并不是因为这里没有人在谈论未来。恰恰相反，关于未来的讨论一直都在，只是是另一种顺序。当一项技术还没有真正进入城市生活时，人们已经开始讨论它进入之后，我们应该怎样生活。这一前一后之间，隔着的可能不是一座城市的距离，而是技术真正发生所需要经过的那一段漫长过程。有时候，它先是一家工厂、一条供应链、一款产品，一次并不显眼的技术迭代，最后才会变成城市里的广告，变成公共讨论，甚至变成我们开始思考“应该如何与它相处”的那一天。而在柏林，这一天似乎还没有完全到来。,,,,pending
国寿系，再投上海三大先导产业,科创板日报,科创板日报,"21C API, 投产, 增资, 投资, 上市, 科创板, 并购, 政策, 发布",normal,2026-09-27T20:55:06+08:00,,中国人寿体系又向一级市场大手笔注资了。作者 | 杨小小中国人寿体系又向一级市场大手笔注资了。中国人寿近日公告披露，国寿养老险、国寿财险拟各认缴20亿元，与其他投资者共同参与设立上海市优选项目股权投资基金合伙企业（有限合伙）（暂定名，下称“优选项目基金”）。该基金全体合伙人拟认缴出资总额200亿元，管理人为上海国投先导私募基金管理有限公司（下称“国投先导”），投向上海集成电路、生物医药、人工智能三大先导产业的存量及增量资产。《科创板日报》记者注意到，这只基金为份额接续预留了较大配置空间：整体按不超过70%用于份额接续，不低于30%用于项目直投，具体比例和策略可根据实际情况调整。同一天，中国人寿上,http://mp.weixin.qq.com/s?__biz=Mzg4MTEyNzc4Mg==&mid=2247647828&idx=2&sn=1a208a6b3074442dc4a85b876edf6edc,,中国人寿体系又向一级市场大手笔注资了。作者 | 杨小小中国人寿体系又向一级市场大手笔注资了。中国人寿近日公告披露，国寿养老险、国寿财险拟各认缴20亿元，与其他投资者共同参与设立上海市优选项目股权投资基金合伙企业（有限合伙）（暂定名，下称“优选项目基金”）。该基金全体合伙人拟认缴出资总额200亿元，管理人为上海国投先导私募基金管理有限公司（下称“国投先导”），投向上海集成电路、生物医药、人工智能三大先导产业的存量及增量资产。《科创板日报》记者注意到，这只基金为份额接续预留了较大配置空间：整体按不超过70%用于份额接续，不低于30%用于项目直投，具体比例和策略可根据实际情况调整。同一天，中国人寿上市公司还披露，拟出资不超过45亿元参与设立另一只基金，重点投资人工智能和半导体领域。据《科创板日报》记者统计，今年以来，国寿体系已披露五笔科创相关基金投资安排，涉及认缴及拟认缴金额规模已超200亿元。200亿元基金兼顾份额接续与项目直投此次优选项目基金的出资安排中，国寿养老险、国寿财险均为有限合伙人，合计拟出资40亿元，占计划规模的20%；国投先导拟作为普通合伙人出资1亿元，并担任执行事务合伙人及管理人。截至公告披露，基金的其他LP尚未最终确定，相关方拟于2026年12月31日前订立合伙协议，后续按照管理人发出的缴款通知缴付出资。优选项目基金的投资期为4年，可延长1年；退出期自投资期结束次日起计算，为期7年，可再延长不超过3年。也就是说，基金存续期最长可达15年。在投资方式上，除了份额接续，基金还可开展直接股权投资，包括增资扩股、受让老股和并购投资，以及参与战略配售、定向增发、大宗交易和协议转让等。中国人寿在公告中进一步表示，基金将重点承接服务重大战略的产业基金份额，并投资国家重大战略项目，公司参与投资可间接覆盖上海三大先导产业头部企业，投资机会稀缺。优选项目基金的管理人国投先导成立于2024年5月，为上海国有资本投资有限公司全资子公司，也是上海三大先导产业母基金的管理机构。上海在2024年7月发布了总规模1000亿元的先导产业基金安排。目前，这一基金体系已经形成较大投资布局。据上海市国资委披露，截至2026年6月末，三大先导产业母基金累计投决金额565.86亿元，涉及集成电路装备材料、人工智能算力语料、生物医药创新药等领域。值得一提的是，中国人寿和国投先导今年已经不是第一次合作了。今年1月，中国人寿公告拟出资40亿元，参与设立汇智长三角（上海）私募基金合伙企业（有限合伙）。国投先导旗下的上海国投先导人工智能私募投资基金合伙企业（有限合伙），以及上海浦东引领区投资中心，则分别对汇智长三角认缴5亿元。不同的是，这只基金由国寿资本管理。按照当时的公告，基金将主要通过参股方式直接投资成长期企业，其中人工智能领域投资比例拟不低于实缴出资额的70%。**国寿系年内接连出手*国寿体系在较早前就已通过S投资参与科创布局。早在2023年，国寿资产就发起了约118亿元的“中国人寿-沪发一号股权投资计划”，以S份额受让上海集成电路产业投资基金股权。据悉，这一项目开创了保险股权投资计划摘牌交易所S份额的先例。国寿资产通过这一S投资的方式一次性覆盖了18家国内半导体产业链企业。国寿资产副总裁刘凡此前在介绍沪发一号股权投资计划时曾表示，其探索的是保险资金与政府资金在产业扶持方面的接力合作：政府资金前期引导、培育产业，在产业发展取得阶段性成果后，由保险资金等社会资本接续，并帮助原有资金提高使用效率。这也为理解优选项目基金涉及的份额接续策略提供了一些参照。对于研发和产业化周期较长的硬科技企业，其成长周期与原出资人的资金回收安排往往并不同步。份额转让可以让原持有人有机会先行退出，由新投资人继续持有相关权益，为不同期限、不同投资阶段的资金提供衔接渠道。这一接续方向也得到了政策的支持。2025年国办一号文就明确提出，积极引导保险资金等长期资本出资，并支持在需要长期布局的领域通过接续投资保持投资延续性。在S交易方面，今年3月，中国人寿还曾公告，拟出资28亿元，与福建省省级政府投资基金、福州市金投产业投资等共同设立科创接力基金，总规模40.154亿元，由国寿金石管理。基金聚焦私募股权二级市场，通过投资基金二手份额和接续重组基金等方式，间接投资成长期、成熟期股权资产，重点覆盖新一代信息技术、生物医药、高端制造、新材料等领域。值得一提的是，这只基金还对投资对象做出了明确的划定：所投资的子基金应处于退出期；如仍处于投资期，则已经完成投资协议签署及交割的既存底层资产，占比须不低于该子基金认缴规模的70%。也就是说，通过这一条款，中国人寿和福建国资合作的这只S基金，将投资范围限定在了已经有较多底层资产的股权投资基金。除S策略外，国寿体系今年还多次通过参与设立基金，布局人工智能、半导体等领域。就在披露优选项目基金投资安排的同一天，中国人寿上市公司公告，拟出资不超过45亿元，参与设立青岛城鑫致达股权投资中心（有限合伙）。该基金计划规模不超过60亿元，由国寿股权担任管理人，重点投资人工智能、半导体领域未上市企业。而在稍早前的今年7月，中国人寿已公告拟出资49.99亿元，与国寿产业共同设立天津晟和芯程股权投资基金合伙企业（有限合伙）。这只基金总规模50亿元，由国寿资本担任管理人，将重点投资半导体行业公司。据此统计，今年截至目前，国寿体系已披露的五笔科创相关基金投资安排，涉及的认缴及拟认缴金额规模已达约203亿元。,,,,pending
合肥大唐存储增资！,科创板日报,科创板日报,"21C API, 融资, 增资, 投资, 上市, 科创板, 海外, 落地",normal,2026-09-27T20:55:06+08:00,,对于上述入股事宜，宏力达相关人士回应称，具体投资情况“等定期报告”，暂不便接受进一步采访。截至发稿，恒银科技方面暂未予以相关回应。作者 | 胡雨倩 李煜《科创板日报》记者注意到，近日，合肥大唐存储科技有限公司（下称：合肥大唐存储）发生工商变更，新增宏力达（688330.SH）、恒银科技（603106.SH）、安徽国控基石混改升级产业基金合伙企业（有限合伙）（下称：安徽国控基石混改升级产业基金）等为股东。同时，合肥大唐存储注册资本增至约3.31亿元。工商信息显示，在上述变更中，安徽国控基石混改升级产业基金持股3.7343%，宏力达持股1.9177%，恒银科技持股0.2397%。这三家股东分别对应,http://mp.weixin.qq.com/s?__biz=Mzg4MTEyNzc4Mg==&mid=2247647828&idx=1&sn=7c6cfc06df6c3470b1e7a17c33c724db,,对于上述入股事宜，宏力达相关人士回应称，具体投资情况“等定期报告”，暂不便接受进一步采访。截至发稿，恒银科技方面暂未予以相关回应。作者 | 胡雨倩 李煜《科创板日报》记者注意到，近日，合肥大唐存储科技有限公司（下称：合肥大唐存储）发生工商变更，新增宏力达（688330.SH）、恒银科技（603106.SH）、安徽国控基石混改升级产业基金合伙企业（有限合伙）（下称：安徽国控基石混改升级产业基金）等为股东。同时，合肥大唐存储注册资本增至约3.31亿元。工商信息显示，在上述变更中，安徽国控基石混改升级产业基金持股3.7343%，宏力达持股1.9177%，恒银科技持股0.2397%。这三家股东分别对应地方国资产业资本平台、智能配电网设备厂商、主营金融智能终端与智慧银行解决方案的上市金融科技企业。在这其中，公开信息显示，安徽国控基石混改升级产业基金总规模20亿元，该基金主要投向混合所有制经济以及新一代信息技术、航空航天、新能源、新材料、高端装备制造等战略性新兴产业。图：合肥大唐存储科技有限公司股东信息对于上述入股事宜，《科创板日报》记者于近日分别致电宏力达、恒银科技。对此，宏力达相关人士回应称，具体投资情况“等定期报告”，暂不便接受进一步采访。与此同时，截至发稿，恒银科技方面暂未予以相关回应。关于合肥大唐存储，该公司成立于2018年6月，注册资本约3.31亿元，总部位于安徽省合肥市。其长期聚焦存储控制器芯片及安全固件的研发，并提供相关的安全存储解决方案。据其官网介绍，该公司拥有一支在芯片领域已深耕20余年的核心技术成员及固态存储固件开发的专家团队，拥有自主IC设计能力和底层固件研发能力，可根据用户不同的行业需求进行差异化定制服务。工商信息显示，合肥大唐存储的实际控制人为朱训青，总持股比例为12.4771%；其同时是该公司董事长。图：合肥大唐存储科技有限公司融实际控制人从其融资历程来看，工商信息显示，截至目前，合肥大唐存储已完成约五轮融资，投资方包括大唐微电子等。图：合肥大唐存储科技有限公司融资历程当前，在全球存储产业格局调整与国内信创产业推进的双重背景下，国产存储方案正从通用产品向细分行业定制化方向加速渗透。存储控制器作为固态硬盘的核心运算与控制部件，直接决定产品的性能、安全性与稳定性，该领域此前长期由海外厂商主导，也是国内存储产业链实现自主可控的关键环节。从区域产业布局来看，安徽合肥已形成存储芯片设计、制造到封测的完整产业链雏形，长鑫存储等龙头持续发挥产业带动效应。本次安徽地方国资产业基金，以及两家跨赛道上市公司等入股合肥大唐存储，既为这家存储设计企业补充研发资金、导入产业资源，也为产品落地提供场景验证，是半导体细分赛道“资本+产业”协同赋能的典型路径。,,,,pending
越疆、自变量等入股广东省具身智能,科创板日报,科创板日报,"21C API, 科创板",normal,2026-09-27T20:55:06+08:00,,据工商信息显示，广东省具身智能科技有限公司近日发生工商变更，新增越疆、风华高科、跨维智能、自变量机器人等股东，注册资本由1.62亿元增至3亿元。广东省具身智能科技有限公司成立于2025年9月，由省属国企广晟控股集团牵头组建，负责运营广东省具身智能训练场，提供数据采集、模型训练、测试验证等服务。 （科创板日报记者 敖瑾）,http://mp.weixin.qq.com/s?__biz=Mzg4MTEyNzc4Mg==&mid=2247647828&idx=3&sn=3fc9cd4ab403e3d7f7e3afba01a2c0af,,据工商信息显示，广东省具身智能科技有限公司近日发生工商变更，新增越疆、风华高科、跨维智能、自变量机器人等股东，注册资本由1.62亿元增至3亿元。广东省具身智能科技有限公司成立于2025年9月，由省属国企广晟控股集团牵头组建，负责运营广东省具身智能训练场，提供数据采集、模型训练、测试验证等服务。 （科创板日报记者 敖瑾）,,,,pending
“广州第一芯” ，中签率公布,财联社,财联社,"21C API, 亏损, 上市, 量产",normal,2026-09-27T20:49:54+08:00,,粤芯半导体公告称，公司首次公开发行股票并在创业板上市网上申购情况及中签率公布，本次发行价格12.01元/股，初始发行5.13亿股，超额配售选择权全额行使后发行总股数扩大至5.90亿股。网上发行有效申购户数1443.54万户，有效申购股数4233.83亿股。回拨机制启动后，网上最终发行1.79亿股，中签率0.0423786759%，有效申购倍数2359.68倍。粤芯半导体是广东省首家实现量产的12英寸晶圆制造企业，是全球少数专注于模拟芯片领域的特色工艺晶圆代工企业之一。公司总部位于广州，被称为“广州第一芯”。2023年至2025年，粤芯半导体的营业收入分别为10.44亿元、16.81亿元、25.,http://mp.weixin.qq.com/s?__biz=Mzg5MzEyNzEwNQ==&mid=2247855032&idx=1&sn=4024e64bfdbd2cdb7cb0d96405699bb6,,粤芯半导体公告称，公司首次公开发行股票并在创业板上市网上申购情况及中签率公布，本次发行价格12.01元/股，初始发行5.13亿股，超额配售选择权全额行使后发行总股数扩大至5.90亿股。网上发行有效申购户数1443.54万户，有效申购股数4233.83亿股。回拨机制启动后，网上最终发行1.79亿股，中签率0.0423786759%，有效申购倍数2359.68倍。粤芯半导体是广东省首家实现量产的12英寸晶圆制造企业，是全球少数专注于模拟芯片领域的特色工艺晶圆代工企业之一。公司总部位于广州，被称为“广州第一芯”。2023年至2025年，粤芯半导体的营业收入分别为10.44亿元、16.81亿元、25.82亿元，归母净利润分别为-19.17亿元、-22.53亿元、-23.46亿元。2026年上半年，公司营业收入为17.77亿元，同比增长68.76%，归母净利润为-10.52亿元，同比增长12.41%。公司尚未盈利且存在累计未弥补亏损，预计最早将于2029年合并口径实现扭亏为盈。不喜欢​,,,,pending
阿曼：继续努力保障霍尔木兹海峡通行安全,中国能源报,中国能源报,21C API,normal,2026-09-27T20:45:00+08:00,,阿曼称将继续努力保障霍尔木兹海峡通行安全。当地时间26日，阿曼外交大臣巴德尔在第81届联合国大会致辞时表示，阿曼将继续努力保障霍尔木兹海峡的航行安全。巴德尔还呼吁各方与阿曼合作，依据国际法确保海峡的通行。美国和以色列2月28日联合对伊朗发起“先发制人”军事打击，伊朗随后予以还击。当前，霍尔木兹海峡通航持续受阻，严重影响原油外运。伊朗与阿曼8月25日发表联合声明称，拟在霍尔木兹海峡建立一条双方共同商定的安全海上通道。双方还强调，应同波斯湾沿岸其他国家开展磋商，遵守适用的国际法并尊重沿岸国家的主权权利。来源：央视新闻客户端End欢迎分享给你的朋友！出品 | 中国能源报（cnenergy）编辑丨赵方,http://mp.weixin.qq.com/s?__biz=MjM5NTI4MTIyMg==&mid=2658144088&idx=2&sn=c22453aec6a2799e8f1587e0c2f50902,,阿曼称将继续努力保障霍尔木兹海峡通行安全。当地时间26日，阿曼外交大臣巴德尔在第81届联合国大会致辞时表示，阿曼将继续努力保障霍尔木兹海峡的航行安全。巴德尔还呼吁各方与阿曼合作，依据国际法确保海峡的通行。美国和以色列2月28日联合对伊朗发起“先发制人”军事打击，伊朗随后予以还击。当前，霍尔木兹海峡通航持续受阻，严重影响原油外运。伊朗与阿曼8月25日发表联合声明称，拟在霍尔木兹海峡建立一条双方共同商定的安全海上通道。双方还强调，应同波斯湾沿岸其他国家开展磋商，遵守适用的国际法并尊重沿岸国家的主权权利。来源：央视新闻客户端End欢迎分享给你的朋友！出品 | 中国能源报（cnenergy）编辑丨赵方婷,,,,pending
突发！苏丹遭无人机袭击,中国能源报,中国能源报,21C API,normal,2026-09-27T20:45:00+08:00,,苏丹中部一战略燃料储备库遭无人机袭击。当地时间9月27日，苏丹中部杰济拉州政府安全部门表示，该州首府瓦德迈达尼近郊的一处战略燃料储备库当天清晨遭到苏丹快速支援部队无人机袭击，并引发大火。目前，消防人员正在开展灭火作业，袭击造成的人员伤亡和物资损失情况尚不明朗。对于此次袭击，快速支援部队暂未回应。遇袭的这处战略燃料储备库位于瓦德迈达尼东北约20公里处，是苏丹最重要的战略燃料储备设施之一，承担着杰济拉州及周边地区汽油、柴油等燃料供应保障任务。2023年4月15日，苏丹武装部队与快速支援部队在首都喀土穆爆发武装冲突，战火随后蔓延至其他地区。持续三年多的武装冲突已造成至少5.9万人死亡。来源：央视新闻,http://mp.weixin.qq.com/s?__biz=MjM5NTI4MTIyMg==&mid=2658144088&idx=1&sn=1a3ebb3288df9b5bdabb4f35737cffc9,,苏丹中部一战略燃料储备库遭无人机袭击。当地时间9月27日，苏丹中部杰济拉州政府安全部门表示，该州首府瓦德迈达尼近郊的一处战略燃料储备库当天清晨遭到苏丹快速支援部队无人机袭击，并引发大火。目前，消防人员正在开展灭火作业，袭击造成的人员伤亡和物资损失情况尚不明朗。对于此次袭击，快速支援部队暂未回应。遇袭的这处战略燃料储备库位于瓦德迈达尼东北约20公里处，是苏丹最重要的战略燃料储备设施之一，承担着杰济拉州及周边地区汽油、柴油等燃料供应保障任务。2023年4月15日，苏丹武装部队与快速支援部队在首都喀土穆爆发武装冲突，战火随后蔓延至其他地区。持续三年多的武装冲突已造成至少5.9万人死亡。来源：央视新闻客户端End欢迎分享给你的朋友！出品 | 中国能源报（cnenergy）编辑丨赵方婷,,,,pending
泽连斯基称已将两名朝鲜战俘移送韩国，李在明发文回应：对泽连斯基泄密感到遗憾，违反双方达成的非公开共识，不清楚出于什么考虑,科技日报,科技日报,21C API,normal,2026-09-27T20:41:59+08:00,,据参考消息援引韩联社报道，韩国总统李在明24日在社交平台X上发文称，乌克兰方面违反双方此前达成的非公开共识，公开其近期已将两名朝鲜战俘移送韩国的消息，对此深感遗憾。乌克兰总统泽连斯基当地时间23日公开称，近期已将两名朝鲜俘虏移送韩国。韩联社表示，韩国政府未加否定，已经在事实上予以证实。另据中国新闻网，9月18日，韩国总统李在明在记者会上表示：特朗普想与金正恩对话，我也在鼓励他这样做。推进朝美关系发展离不开韩国。来源：参考消息、中国新闻社、观察者网编辑：王曼茜审核：张爽,http://mp.weixin.qq.com/s?__biz=MzI3NDI5MjI4OQ==&mid=2247899821&idx=1&sn=bac9317928443b5c5d41f79494fec0a0,,据参考消息援引韩联社报道，韩国总统李在明24日在社交平台X上发文称，乌克兰方面违反双方此前达成的非公开共识，公开其近期已将两名朝鲜战俘移送韩国的消息，对此深感遗憾。乌克兰总统泽连斯基当地时间23日公开称，近期已将两名朝鲜俘虏移送韩国。韩联社表示，韩国政府未加否定，已经在事实上予以证实。另据中国新闻网，9月18日，韩国总统李在明在记者会上表示：特朗普想与金正恩对话，我也在鼓励他这样做。推进朝美关系发展离不开韩国。来源：参考消息、中国新闻社、观察者网编辑：王曼茜审核：张爽,,,,pending
敖仓动态 | 语料创新生态联盟启动暨学术交流会日程揭晓 【中国科讯】,中国科讯,中国科讯,21C API,normal,2026-09-27T20:15:01+08:00,,中国科学院文献情报中心立足中国科学院、面向全国，主要为自然科学、前沿交叉科学和高技术领域的科技自主创新提供文献信息保障、战略情报研究服务、公共信息服务平台支撑和科学交流与传播服务，同时通过国家科技文献平台和开展共建共享为国家创新体系其他领域的科研机构提供信息服务。点击下方微信名片> 添加关注！转载授权、合作、投稿事宜请在本文留言！,http://mp.weixin.qq.com/s?__biz=MzIzNDIzMjE2MA==&mid=2247558327&idx=1&sn=7974c838c80b91e46c1a1339bf9886c2,,中国科学院文献情报中心立足中国科学院、面向全国，主要为自然科学、前沿交叉科学和高技术领域的科技自主创新提供文献信息保障、战略情报研究服务、公共信息服务平台支撑和科学交流与传播服务，同时通过国家科技文献平台和开展共建共享为国家创新体系其他领域的科研机构提供信息服务。点击下方微信名片> 添加关注！转载授权、合作、投稿事宜请在本文留言！,,,,pending
二手超大型油轮，比新船贵了1500万美元,财联社,财联社,"21C API, 交付, 订单",normal,2026-09-27T20:13:16+08:00,,据央视财经，受中东原油运输紧张影响，超大型油轮（VLCC）市场价格大幅走高。部分船龄十年左右的二手VLCC成交价已突破1.5亿美元，高于当前1.35亿美元左右的新船平均造价，出现船价倒挂行情。买家甘愿支付高额溢价，只为锁定可马上投入运营的现货运力。这轮船价倒挂的核心原因是新旧船交付周期差异。订造新船需要等待建造交付，购买现货二手船可即刻投入航线运营、承接货运订单，赚取高额运费。不喜欢​,http://mp.weixin.qq.com/s?__biz=Mzg5MzEyNzEwNQ==&mid=2247855020&idx=1&sn=c8383657a2a803254987f3baa7702fd4,,据央视财经，受中东原油运输紧张影响，超大型油轮（VLCC）市场价格大幅走高。部分船龄十年左右的二手VLCC成交价已突破1.5亿美元，高于当前1.35亿美元左右的新船平均造价，出现船价倒挂行情。买家甘愿支付高额溢价，只为锁定可马上投入运营的现货运力。这轮船价倒挂的核心原因是新旧船交付周期差异。订造新船需要等待建造交付，购买现货二手船可即刻投入航线运营、承接货运订单，赚取高额运费。不喜欢​,,,,pending
"外媒：中国终结制氢设备""谁都能造""的时代",铂道,铂道,"21C API, 产能, 价格战, 海外, 政策",normal,2026-09-27T20:04:46+08:00,,中国氢能设备，正从“谁都能造”转向“拼质量”。\x0a\x0a工信部最近发了份新规征求意见稿。专门管碱性水电解制氢装备。说白了，就是用便宜电把水变成氢气。\x0a\x0a为啥要管：中国产能全球第一，企业一多就打价格战。结果就是质量参差不齐。这东西得连轴转，老坏或者费电，成本就压不下来。\x0a\x0a规矩变了：以后光靠低价不行了。得看效率、寿命和安全性。政策就是想拦住瞎进场的，逼着大家拼硬实力。\x0a\x0a海外怎么看：以韩国媒体为例，他们觉得这事挺关键。中国以前搞电动车、光伏也是这套路。先铺产能，再抓质量。这说明咱们的氢能产业真做大了。\x0a\x0a以后全球竞争，光比价格不够了。谁能稳定,http://mp.weixin.qq.com/s?__biz=MzkxMjU0NTAzOQ==&mid=2247518708&idx=1&sn=a34c70ee4655a0bdf2d2e8eb4200cf3a,,中国氢能设备，正从“谁都能造”转向“拼质量”。\x0a\x0a工信部最近发了份新规征求意见稿。专门管碱性水电解制氢装备。说白了，就是用便宜电把水变成氢气。\x0a\x0a为啥要管：中国产能全球第一，企业一多就打价格战。结果就是质量参差不齐。这东西得连轴转，老坏或者费电，成本就压不下来。\x0a\x0a规矩变了：以后光靠低价不行了。得看效率、寿命和安全性。政策就是想拦住瞎进场的，逼着大家拼硬实力。\x0a\x0a海外怎么看：以韩国媒体为例，他们觉得这事挺关键。中国以前搞电动车、光伏也是这套路。先铺产能，再抓质量。这说明咱们的氢能产业真做大了。\x0a\x0a以后全球竞争，光比价格不够了。谁能稳定高效产氢，谁才拿得住市场。,,,,pending
Angew. Chem.：200 mA cm−2，FE 98.6%，酸性CO2电还原制CO,有机电催化,有机电催化,"RIOnews API, 电化学合成, 电催化",normal,2026-09-27T20:00:00+08:00,,酸性CO2还原 · 质子路由 · 界面水 · Ni单原子一句话看懂酸性CO2电还原可避免碳酸盐损失，却受到析氢和电流依赖质子输运的双重约束。该研究在Ni单原子位点引入轴向Cl配体和邻近B位点：低电流下Cl破坏连续氢键以限制质子可及性，高电流下B促进局域水解离并定向供质子，在200 mA cm−2实现98.6%的CO FE。现有单原子催化剂设计多优化*COOH和*CO等静态吸附能，却难以解释电流升高后界面水取向、质子来源和传输路径的变化。酸性条件既需要抑制过量质子触发析氢，又必须为CO2质子耦合还原提供足够氢源。因此，构建可随工作电位切换功能的界面质子路由，是兼顾选择性与工业电流的核心问题。核心,http://mp.weixin.qq.com/s?__biz=MzUyNTc2ODMyOQ==&mid=2247563081&idx=1&sn=511c5827f4181ac68aa53f0fc964a2a2,,酸性CO2还原 · 质子路由 · 界面水 · Ni单原子一句话看懂酸性CO2电还原可避免碳酸盐损失，却受到析氢和电流依赖质子输运的双重约束。该研究在Ni单原子位点引入轴向Cl配体和邻近B位点：低电流下Cl破坏连续氢键以限制质子可及性，高电流下B促进局域水解离并定向供质子，在200 mA cm−2实现98.6%的CO FE。现有单原子催化剂设计多优化*COOH和*CO等静态吸附能，却难以解释电流升高后界面水取向、质子来源和传输路径的变化。酸性条件既需要抑制过量质子触发析氢，又必须为CO2质子耦合还原提供足够氢源。因此，构建可随工作电位切换功能的界面质子路由，是兼顾选择性与工业电流的核心问题。核心问题轴向Cl与邻近B能否随电流密度重排界面水和质子来源，从而在酸性介质中兼顾抑氢与高电流CO2还原？本文要点1. Cl–Ni–NB/CNT形成轴向Cl配位的Ni单原子及空间分离B位点，为电子结构调控和质子路由提供不同功能中心。2. 低电流下Cl削弱界面氢键连通性并降低质子可及性，从动力学上抑制析氢而保留CO2还原。3. 高电流下B促进局域水解离并限制无序质子扩散，使质子定向输送至邻近Ni位点完成*COOH形成。4. 流动池在200 mA cm−2达到98.6% CO FE，并在同一电流密度下连续100 h保持CO FE高于97%。关键图表解读电位依赖质子路由设计Scheme 1. CO2还原与析氢路径、界面质子供给演化及Cl–Ni–NB界面构型。低电流时轴向Cl阻断连续氢键，高电流时邻近B位点转而促进局域水解离供质子，表明分离抑氢与供氢功能可适应酸性CO2还原的电流依赖需求。Ni单原子局域配位结构Figure 1. 显微、元素分布及X射线吸收数据验证Cl、B调控的Ni单原子结构。HAADF-STEM未见Ni颗粒，EXAFS拟合支持Ni与N、Cl构成不对称单原子配位环境，表明轴向Cl和邻近B在保持Ni原子分散的同时建立双功能界面。酸性CO2还原性能Figure 2. 流动池极化、CO FE、分电流密度、周转频率及100 h稳定性。200 mA cm−2时CO FE达到98.6%，连续运行100 h后仍保持在97%以上，表明Cl抑氢与B供质子的协同可在工业电流下维持高CO选择性。界面水网络与反应动力学Figure 5. 原位ATR-SEIRAS、阻抗和旋转电极数据解析Cl与B对界面水和供质子的影响。Cl配位使主弛豫频率由约100 Hz移至约1 Hz，B位点进一步改变界面水组分和动力学，表明界面水重排而非单一吸附能变化主导不同电流区间的质子传输。关键数据0.5 M K2SO4与H2SO4调至pH 2的酸性流动池中，Cl–Ni–NB/CNT在200 mA cm−2达到98.6% CO FE；在同一电流密度连续运行100 h，CO FE始终高于97%。可以继续思考什么？Cl覆盖度、B位点水合状态与局域pH如何随电流瞬态联动，能否由时间分辨界面谱学直接测量？若将质子路由推广到多碳产物，定向供质子的空间尺度和速率应如何匹配C–C偶联中间体？文献信息论文题目：Potential-Dependent Proton Routing Through Interfacial Water Programming for Acidic CO2 Electroreduction期刊：Angewandte Chemie International Edition，2026，e4591778DOI：10.1002/anie.4591778通讯作者：Zhan Gao不喜欢有机电催化学术交流QQ群: 692419836,,,,pending
现代汽车在新万金的氢能梦想能否成真？,铂道,铂道,"21C API, 储能, ESS, 储能系统, 大型储能, 供电, 产能, 规划产能, 新工厂, 中标, MOU, 投资, 海外, 政策, 补贴, 量产",normal,2026-09-27T19:57:40+08:00,,"‍ 【能源奥德赛】现代汽车在新万金的宏大构想……氢能能否成为未来能源？以技术创新克服能源危机现代汽车集团把可再生能源、制氢、用氢集中在一个地方韩国南东发电启动韩国首个绿氢发电项目""灵活应对电力需求……氢能是核心能源安全资源""最近中东战争引发供应链危机，加上韩国政府主导的多个大型项目，能源的重要性比以往任何时候都更突出。韩国的一次能源高度依赖进口，如何同时实现能源安全、碳中和与经济增长，是一大挑战。韩国专业媒体走访各地能源现场，报道重大议题，分析当前难题，并提出应对方案，作为本系列特别报道的一部分。21日，记者来到全罗北道群山市新万金一号产业园区7区。眼前是一大片空地。这里在2024年完成填海造",http://mp.weixin.qq.com/s?__biz=MzkxMjU0NTAzOQ==&mid=2247518699&idx=3&sn=be5d7db7e9fface9979539ba38f5208d,,"‍ 【能源奥德赛】现代汽车在新万金的宏大构想……氢能能否成为未来能源？以技术创新克服能源危机现代汽车集团把可再生能源、制氢、用氢集中在一个地方韩国南东发电启动韩国首个绿氢发电项目""灵活应对电力需求……氢能是核心能源安全资源""最近中东战争引发供应链危机，加上韩国政府主导的多个大型项目，能源的重要性比以往任何时候都更突出。韩国的一次能源高度依赖进口，如何同时实现能源安全、碳中和与经济增长，是一大挑战。韩国专业媒体走访各地能源现场，报道重大议题，分析当前难题，并提出应对方案，作为本系列特别报道的一部分。21日，记者来到全罗北道群山市新万金一号产业园区7区。眼前是一大片空地。这里在2024年完成填海造地，面积57.4万平方米（约17.36万坪），相当于80个足球场大小。紧邻的8区目前仍在填海施工中。7区目前还没有开发，但从明年起将迎来彻底转变。因为现代汽车集团计划在새만금投资9万亿韩元，建设AI数据中心、机器人生产工厂和氢能工厂。自现代汽车集团宣布在新万金大规模投资以来，这片区域重新焕发活力。这是1991年填海工程启动以来，35年间的一个重大转折点。新万金开发厅将根据现代汽车集团的投资计划，修订总体规划。根据开发厅8月公布的规划修订草案，可用于建厂和科研设施的工业用地将扩大2.1倍，达到37.5平方公里。此前以1号产业园为中心的产业据点，也将增加到四个。2.3万亿韩元投入大规模太阳能与绿氢生产设施最大的变化，是划拨给太阳能、风能等可再生能源发电的土地大幅增加。开发厅计划，把因水深较大、填海成本高，或因机场噪音而难以利用的地块，改为能源专用区。此外，农业生物用地3区的部分区域，也将转为能源用途。能源用地的大幅扩张，与现代汽车集团的氢能投资密切相关。现代汽车集团宣布，计划于2027年动工建设一座200兆瓦（MW）级的水电解制氢厂，用于生产绿氢。这里所说的200MW级设施，是指每小时耗电200兆瓦的规模。总投资额为1万亿韩元。绿氢，是指利用太阳能、风能等可再生能源发电，再用这些电力电解水制成的氢气。它在生产过程中不排放二氧化碳，是一种清洁能源。生产绿氢的工厂，就是水电解制氢厂。水电解制氢厂所需的质子交换膜（PEM）电解槽，将在现代汽车预计2027年建成的蔚山氢燃料电池新工厂量产。电解制氢与氢燃料电池发电互为逆反应，因此零部件可以实现标准化。现代汽车集团表示，这些零部件的国产化率已超过90%。现代汽车集团计划在新万金自建太阳能电站，为水电解制氢厂供电。从2027年起，将投资1.3万亿韩元，建设一座吉瓦（GW）级太阳能电站，计划2035年建成。加上太阳能电站和水电解制氢厂，确保绿氢生产设施总共需要2.3万亿韩元。建设吉瓦级太阳能电站，需要大量土地。一般而言，每安装1千瓦太阳能发电设备，需要3坪土地。据此推算，1吉瓦太阳能电站需要约300万坪（约9.92平方公里）土地。现代汽车集团计划同时建设陆上和水上光伏电站。据开发厅介绍，农业生物用地3区的部分区域、새만금新机场东侧地块，以及第二阶段水上光伏区的一部分，都将用作现代汽车集团的太阳能电站选址。这些地点都靠近将建设氢能工厂的7区。利用农业生物用地3区，可建设0.7吉瓦规模的太阳能电站；새만금机场东侧地块预计可支持0.6吉瓦设施。二者相加，正好符合现代汽车集团吉瓦级太阳能电站的规划。如何用可再生电力生产绿氢接下来的问题是，太阳能电站发的电，要如何供应给水电解制氢厂。现代汽车集团目前尚未就此公布具体方案。太阳能设施通常每天只能发电3到4个小时。相比之下，水电解制氢厂需要24小时不间断供电。如果现代汽车集团建成吉瓦级太阳能设施，白天发电量会超过制氢厂所需的200兆瓦，但到了夜间，由于没有太阳能发电，工厂将无法运转。解决这种供需错配，第一个办法是安装大型储能系统（ESS），把白天多余的电存起来，夜间再用。不过，这种方式成本极其高昂。业内则期待现代汽车集团能通过直接购电协议（PPA）来解决供电问题。所谓直接PPA，是指用电企业绕开韩国电力公社（KEPCO），直接与发电方或供电方签订供电合同。即便采用直接PPA，也可以与KEPCO电网连接。太阳能发电不足时，可以使用KEPCO电网供电。如果采用按月平摊结算，而非按时段结算，夜间用的电就可以被算作白天太阳能发出的电。换句话说，白天多发的电，可以视为夜间已经用掉。举例来说，如果现代汽车集团在新万金建设1吉瓦太阳能电站，利用率为20%，那么每月总发电量为1.44亿千瓦时（1吉瓦×720小时×20%）。按月平摊结算，把这1.44亿千瓦时除以720小时，就可以把合同供电量折算为每小时200兆瓦的太阳能供电。这恰好与现代汽车集团水电解制氢厂的规划产能相符。不过，还有一个悬而未决的问题：太阳能电站发的电，能否接入KEPCO电网。由于太阳能等可再生能源迅猛增长，KEPCO已在韩国全国指定205座变电站为电网管理变电站，并将限制接入至2031年。其中164座位于包括새만금在内的湖南地区。对此，开发厅一位负责人表示：""我们已经为现代汽车集团的太阳能发电设施确保了电网接入。""韩国氢能产业的关键考验氢能产业的发展，不止于生产环节。还必须建立完整的产业链，包括找到愿意使用氢气的终端用户，并打通生产与需求之间的连接。现代汽车集团计划建设的200兆瓦级水电解制氢厂，每年最多可生产3万吨氢气。专家认为，早期阶段的关键在于确保大规模用氢方，随后再建设配套的储存和运输基础设施。氢气的主要用途大致可分为三类：发电、交通（出行）和工业用途。发电方面，是利用氢燃料电池或氢燃气轮机发电。在韩国，未来氢基炼钢等工业需求预计也会增加。现代汽车集团则预计会优先把自产氢气用于有轨电车、公交车等出行领域。现代汽车集团还计划投资4000亿韩元，在正在建设中的새만금水岸新城（面积6.6平方公里，约200万坪）打造""AI氢能城市""。公司设想，将水电解制氢厂生产的氢气用于这座AI氢能城市。针对现代汽车集团的投资，地方政府也在着手打造自己的氢能生态圈。14日，全罗北道召开""2026年第一次全北道氢能委员会""，讨论如何构建与现代汽车集团새만금投资相衔接的氢能产业生态圈。该道计划不仅生产绿氢，还将拓展到储存、运输和利用环节，打造完整的氢能产业链。开发厅一位负责人表示：""扶安已被指定为氢能城市，正在推进示范项目；完州也规划建设氢能专业国家产业园区。通过这些联动，我们期待새만금的氢能生态圈能进一步发展。""现代汽车集团在新万金打造的氢能生态圈，将成为韩国氢能产业的试验场。公司未来或将把在该地积累的经验推广到海外。现代汽车集团认为，把可再生能源、制氢、用氢的整条产业链集中在新万金，将为提升韩国氢能产业的整体国际竞争力打下基础。韩国南东发电在新万金的氢能项目从一号产业园区出发，车程约30分钟，全罗北道扶安郡新万金3区正在推进另一个氢能项目。开发厅一位现场负责人指着填海不久后长出各色盐生植物的土地说：""这里就是将建1吉瓦太阳能电站的地方。现在虽然还是荒地，但五六年后会彻底改变模样。""韩国南东发电计划在3区约300万坪土地上建设1吉瓦太阳能电站，并在旁边8万坪的地块上建设绿氢生产设施和氢能发电站。其方式是：用太阳能发电制氢、储存氢气，再把氢气送入燃气轮机发电。这将是韩国首次完全用国产绿氢发电。为此，韩国南东发电已于8月与开发厅签署综合谅解备忘录（MOU），共同打造""새만금绿色能源综合体""。开发厅计划把3区原本划为旅游休闲用地的部分区域，转为工业用地，以支持氢能工厂建设。韩国南东发电签署这份MOU，是为了参与政府主导的清洁氢发电市场（CHPS）竞标。韩国气候环境部已将今年的CHPS竞标规模定为500吉瓦时，并将很快公布详细方案。据悉，政府还打算为国产绿氢给予额外加分。不过，如果韩国南东发电在今年的CHPS竞标中未能中标，其在新万金的氢能投资计划可能会落空。开发厅一位负责人表示：""MOU能否推进，取决于韩国南东发电的竞标结果。""""氢能是安全资源……政府需要持续一致的政策来推动投资""2020年，文在寅政府时期，韩国制定了全球首部《氢能法》（《氢经济促进与氢安全管理法》），宣布要成为氢能领域的领跑者。但该法自2021年2月实施以来，五年过去，韩国氢能产业仍面临诸多难题。氢气价格居高不下，储运等产业生态尚不完善。与此同时，中国和欧洲已经建成大规模制氢综合基地，并持续加大支持力度，韩国则相对落后。李在明政府上台后，大幅削减了氢能在发电市场中的比重。今年起，按照2040年前淘汰煤电的路线图，煤氨混烧被排除在清洁氢发电市场之外；原定2025年3000吉瓦时的清洁氢竞标规模，今年也被削减到500吉瓦时。与2024年清洁氢发电市场最初公布的6.5太瓦时相比，降幅高达92%。以燃料电池为主的一般氢竞标规模，也从1300吉瓦时降至930吉瓦时。作为最大用氢方的发电部门，其角色被大幅削弱，这引发了氢能产业的普遍担忧和不满。专家们一致认为，持续稳定的政府政策，是氢能产业发展的关键。在21日于汝矣岛肯辛顿酒店举行的""韩国工程院2026氢经济大辩论""上，现代汽车副社长申承圭表示：""企业要投资需要几十年才能见效的技术，政策也必须保持几十年的一致性。如果政府发出'氢能就是未来能源'这一坚定不移的信号，企业就能够持续进行长期投资。""专家建议，应对国内清洁氢生产给予补贴，同时在海外拓展多元化的氢能供应来源。韩国氢与新能源学会会长（庆一大学教授）朴镇南在8月举行的""AI时代电力系统转型与氢能角色""政策论坛上表示：""应对清洁氢生产设施给予补贴，也有必要在海外建立制氢基地。""随着中东能源危机和政府主导的大型项目，凸显出稳定能源供应的重要性，氢能作为安全资源的功能，再度受到关注。韩国科学技术研究院（KIST）清洁氢储存利用战略研究部部长李光龙解释说：""氢气既可以从海外多地获取，也可以在国内大量生产，是国家能源安全的核心资源之一。""也有人呼吁，把氢能作为超长期储能手段,以克服可再生能源的间歇性问题。李光龙部长表示：""氢储能系统（H2ESS）能吸收多余的可再生电力，缓解输电拥堵，并提供长期的灵活性。利用氢的储存和运输基础设施，可以减少对现有输电网的依赖。""现代汽车副社长申承圭强调：""氢能不仅是灵活应对AI和数据中心普及带来的电力需求增长的重要能源资源，对于韩国通过清洁能源的储存、转换和利用实现碳中和，也同样至关重要。""信息来源：asiae.co 铂道：氢能和燃料电池产业链价值资讯和研究洞察，氢能政策解读，氢能项目、招投标分析。欢迎关注铂道公众号和视频号。加个星标，每日信息第一时间收到，氢能发展先人一步。",,,,pending
阿媒：中国氨燃料加注业务迎来重要进展,铂道,铂道,"21C API, 交付, 投产, 政策, 认证",normal,2026-09-27T19:57:40+08:00,,"‍ 中国的氨燃料加注业务迎来重要进展。一次具有标志性意义的事件，标志着清洁燃料在航运业的应用迈出关键一步。原文作者：Heba Mostafa 阿拉伯语能源网站attaqa铂道翻译并编辑这是亚洲最大经济体首次出现这样的场景（编者按：并非首次）：一艘船正准备装载绿氨货物，用于为其他船只提供燃料。这也意味着相关商业运营即将正式启动。执行这次装载和加注任务的船只只有三年船龄，是全球同类船舶中的第一艘。中国转向替代清洁燃料的步伐，与中国国内多个大型绿氨项目相继投产的节奏正好吻合。中国的氨燃料加注这艘油轮已于2026年9月22日（周二）停靠在江阴港""诚征江""码头，准备启动商业加注业务。运输史上最大规模的绿",http://mp.weixin.qq.com/s?__biz=MzkxMjU0NTAzOQ==&mid=2247518699&idx=2&sn=ed249fdeee2ea665844ef65e08cec966,,"‍ 中国的氨燃料加注业务迎来重要进展。一次具有标志性意义的事件，标志着清洁燃料在航运业的应用迈出关键一步。原文作者：Heba Mostafa 阿拉伯语能源网站attaqa铂道翻译并编辑这是亚洲最大经济体首次出现这样的场景（编者按：并非首次）：一艘船正准备装载绿氨货物，用于为其他船只提供燃料。这也意味着相关商业运营即将正式启动。执行这次装载和加注任务的船只只有三年船龄，是全球同类船舶中的第一艘。中国转向替代清洁燃料的步伐，与中国国内多个大型绿氨项目相继投产的节奏正好吻合。中国的氨燃料加注这艘油轮已于2026年9月22日（周二）停靠在江阴港""诚征江""码头，准备启动商业加注业务。运输史上最大规模的绿氨货物本次运营计划包括几个步骤：在码头为""兴航永乐""号装载约1000吨绿氨；驶向舟山港，提供氨燃料加注服务；采用船对船加注模式，标志着中国相关商业运营的正式开端。阿媒应用中文媒体报道，这一步骤意味着中国绿氨部署计划正式进入实际应用阶段，此前已有多个项目投入运营。这艘船由招商工业（CMI）旗下船厂建造，2023年交付，目前由""兴航航运""公司运营管理。全球首艘""双料""船""兴航永乐""号是全球第一艘同时具备两种能力的船只：既能运输液氨，也能为其他船舶提供氨燃料。据""Riviera Maritime Media""平台介绍，这艘船此前经过改装升级，才具备了同时执行这两项任务的能力。改装完成后，这艘船从原本只能装运液氨的传统油轮，变成了一艘多用途船只，现在还能承担船舶加注任务。这艘悬挂中国国旗的船只，已获得中国船级社（CCS）颁发的相关认证，成为首艘获此认证、可同时执行两项任务的船舶。关于这艘船的技术参数：容量达550立方米；可运输液化气体，例如氨气和液化石油气；采用半冷半压式系统运行。这艘船同时具备远洋航行资质，这意味着它可以在更广泛的加注作业中投入使用。氨气在标准压力下，温度降至零下33.3摄氏度以下即可液化，而船上储罐可耐受低至零下48摄氏度的极端温度。在改装过程中，安全因素也被充分考虑，其中包括能够及早发现加注过程中可能出现的氨气泄漏问题。亚洲加注版图正在扩大氨燃料加注业务的发展势头，似乎正在整个亚洲扩散。就在几天前，日本邮船（Nippon Yusen Kaisha）主导完成了一次船对船燃料转运操作。具体来说，9月17日，在日本海洋联合公司（JMU）旗下的""有明""船厂，一艘运输船将氨货物转运到了一艘新造的气体运输船上。参与此次转运的公司包括：日本邮船、日本海洋联合、日本瓦斯化学（Nihon）、三菱瓦斯化学（MGC）和""Kokuka Sanguo""公司。参与合作的各家公司在转运氨货物之前，共同制定了保障氨燃料安全的相关策略，以降低操作风险。这一步骤，标志着航运业向低排放燃料部署的又一次实质性进展。而这种船对船转运方式，也为解决港口基础设施不足、码头设备改造等难题，提供了一种切实可行的过渡方案。铂道综合阿拉伯语行业网站报道。 铂道：氢能和燃料电池产业链价值资讯和研究洞察，氢能政策解读，氢能项目、招投标分析。欢迎关注铂道公众号和视频号。加个星标，每日信息第一时间收到，氢能发展先人一步。",,,,pending
印度Terra投资创始人谈氢能：我们要出口阳光,铂道,铂道,"21C API, 投资, 海外, 政策",normal,2026-09-27T19:57:40+08:00,,"‍ India's Green Hydrogen""出口阳光""：Terra Invest高管Krishan Rattan谈绿氢如何让印度可再生能源转化为出口产业投资机构Terra Invest创始合伙人Krishan Rattan在本周发表的一篇评论文章中指出，印度丰富的太阳能和风能资源，有望成为一个全新出口产业的基础。Rattan写道，印度的阳光有可能变成远销海外的工业产品的一部分。他解释说，可再生能源转化为绿氢后，可以被融入氨、氢基还原铁等可出口的工业产品中。他特别提到印度政府的""国家绿氢计划""。该计划初期投入197.44亿卢比，其中174.90亿卢比用于SIGHT专项计划，同时支持电解槽制",http://mp.weixin.qq.com/s?__biz=MzkxMjU0NTAzOQ==&mid=2247518699&idx=5&sn=0251f3f0649e1a5ac8de594af9818498,,"‍ India's Green Hydrogen""出口阳光""：Terra Invest高管Krishan Rattan谈绿氢如何让印度可再生能源转化为出口产业投资机构Terra Invest创始合伙人Krishan Rattan在本周发表的一篇评论文章中指出，印度丰富的太阳能和风能资源，有望成为一个全新出口产业的基础。Rattan写道，印度的阳光有可能变成远销海外的工业产品的一部分。他解释说，可再生能源转化为绿氢后，可以被融入氨、氢基还原铁等可出口的工业产品中。他特别提到印度政府的""国家绿氢计划""。该计划初期投入197.44亿卢比，其中174.90亿卢比用于SIGHT专项计划，同时支持电解槽制造和氢气生产两个环节。Rattan认为，这种""双轮驱动""的模式——既培育氢能需求，又发展本土装备制造能力——是打造持久产业的关键。他写道，这正是持久产业得以形成的方式。他还引用了国际能源署（IEA）《2025年全球氢能评估报告》的观点，建议印度优先争取炼油、化工等成熟工业用户作为早期客户，而不是押注于尚处于萌芽阶段的应用领域。Rattan建议印度打造集中的产业集群，让设备制造商和工程团队能够通过连续的项目积累经验。他还指出，海湾地区凭借其港口条件、工业需求、可再生能源资源和资本实力，是印度天然的贸易和投资伙伴。他在文章结尾写道：""出口阳光，也就意味着把印度的能力一并输出出去。""关于Terra InvestTerra Invest（Terra Vision Investments LLC）是一家全球投资机构，致力于让资本与公共政策、学术研究和治理体系协同运作，投资领域涵盖人工智能、金融服务、医疗健康、绿色能源和基础设施，业务遍及印度和中东。公司在伦敦、迪拜、阿布扎比、迈阿密和新加坡设有办事处。信息来源：terra-invest 铂道：氢能和燃料电池产业链价值资讯和研究洞察，氢能政策解读，氢能项目、招投标分析。欢迎关注铂道公众号和视频号。加个星标，每日信息第一时间收到，氢能发展先人一步。",,,,pending
"外媒：中国终结制氢设备""谁都能造""的时代",铂道,铂道,"21C API, 可靠性, 产能, 价格战, 政策",normal,2026-09-27T19:57:40+08:00,,"‍ 我国工信部近日公布碱性水电解制氢装备制造规范条件征求意见稿。行业竞争重心从""拼价格""转向""拼效率、安全和可靠性""。引起海内外行业媒体关注。韩国的newsyonhap评：随着氢能产业不断壮大，中国政府这次把目光转向了""制氢设备""本身的质量管理。文章称，中国工信部近日公开了《氢能装备（碱性水电解制氢装备）制造行业规范条件（2026年本）》征求意见稿。碱性水电解，是利用电力把水分解成氢气和氧气的技术。如果用光伏、风电这类低碳电力来制氢，就能得到绿氢。因此，这项技术被视为能源转型中的关键一环。中国是全球水电解设备产能最大的国家。随着市场扩张，相关设备制造企业数量也在快速增加。但企业一多，价格战就容",http://mp.weixin.qq.com/s?__biz=MzkxMjU0NTAzOQ==&mid=2247518699&idx=1&sn=77e16ced0a1676abd62b332631644bc1,,"‍ 我国工信部近日公布碱性水电解制氢装备制造规范条件征求意见稿。行业竞争重心从""拼价格""转向""拼效率、安全和可靠性""。引起海内外行业媒体关注。韩国的newsyonhap评：随着氢能产业不断壮大，中国政府这次把目光转向了""制氢设备""本身的质量管理。文章称，中国工信部近日公开了《氢能装备（碱性水电解制氢装备）制造行业规范条件（2026年本）》征求意见稿。碱性水电解，是利用电力把水分解成氢气和氧气的技术。如果用光伏、风电这类低碳电力来制氢，就能得到绿氢。因此，这项技术被视为能源转型中的关键一环。中国是全球水电解设备产能最大的国家。随着市场扩张，相关设备制造企业数量也在快速增加。但企业一多，价格战就容易加剧，产品质量参差不齐的问题也随之出现。水电解设备（电解槽）需要长期稳定运行。如果设备频繁故障，或耗电量过高，制氢成本就会随之上升。所以，产品竞争力不能只看售价一项指标。能效、安全性、设备寿命、维护成本和运行稳定性，同样重要。这也正是中国政府出台制造业规范的原因所在——既要减少企业无序进入，也要提升整个行业的质量水平。从更大范围看，中国的产业政策一直遵循相似的路径。电动车、光伏、电池等行业，早期都是先快速扩大产能；市场做大之后，政策重心就转向质量管控、安全监管和防止过度竞争。氢能装备产业，眼下正在进入同样的阶段。韩国也在把氢气的生产、储存、运输以及燃料电池，作为未来能源产业来培育。中国的优势在于大规模制造能力和低生产成本；韩国则在部分燃料电池及零部件材料领域具备竞争力。未来全球氢能市场上，比起单纯的设备价格，运行效率、耐用性和安全数据，很可能会变得更加重要。韩国企业若想在氢能领域与中国竞争或合作，就需要持续关注中国技术标准和产业规范的变化。阅读这类政策文件时，也不能只把它当作""又多了一项监管""。韩媒认为，在中国，当政府开始关注哪个行业的质量问题和过度竞争，恰恰能反映出这个行业发展到了哪个阶段。这份制造标准征求意见稿，可以看作一个信号：中国氢能产业正在从单纯的产能竞争，转向效率与可靠性的竞争。铂道综合韩国行业网站报道。 铂道：氢能和燃料电池产业链价值资讯和研究洞察，氢能政策解读，氢能项目、招投标分析。欢迎关注铂道公众号和视频号。加个星标，每日信息第一时间收到，氢能发展先人一步。不喜欢中国氢能产业正在从单纯的产能竞争，转向效率与可靠性的竞争。",,,,pending
合成氨：一图看懂全球化肥出口,铂道,铂道,"21C API, 排名, 政策, 量产",normal,2026-09-27T19:57:40+08:00,,‍ 全球粮食供应在很大程度上依赖化肥贸易。而这个市场，实际上集中在少数几个国家手中。农民靠施肥补充土壤养分，保证作物生长。但化肥要实现工业化量产，很大程度上取决于两个条件：能不能拿到大型矿产资源，以及有没有充足的能源供应。这张图展示的是全球最大的化肥出口国。数据来自联合国粮农组织（FAO），是目前最新的2024年数据，涵盖氮肥、磷肥和钾肥的出口。需要注意，图中数值按养分含量折算，而不是成品的总重量。2024年，全球化肥出口总量超过1.133亿吨。其中，前四大出口国就占了一半以上。排名第一的是俄罗斯，出口量2320万吨。紧随其后的是加拿大（1440万吨）、摩洛哥（1220万吨）和中国（1010万,http://mp.weixin.qq.com/s?__biz=MzkxMjU0NTAzOQ==&mid=2247518699&idx=4&sn=72b9a2cd5138aff6142d6894b9dffda4,,‍ 全球粮食供应在很大程度上依赖化肥贸易。而这个市场，实际上集中在少数几个国家手中。农民靠施肥补充土壤养分，保证作物生长。但化肥要实现工业化量产，很大程度上取决于两个条件：能不能拿到大型矿产资源，以及有没有充足的能源供应。这张图展示的是全球最大的化肥出口国。数据来自联合国粮农组织（FAO），是目前最新的2024年数据，涵盖氮肥、磷肥和钾肥的出口。需要注意，图中数值按养分含量折算，而不是成品的总重量。2024年，全球化肥出口总量超过1.133亿吨。其中，前四大出口国就占了一半以上。排名第一的是俄罗斯，出口量2320万吨。紧随其后的是加拿大（1440万吨）、摩洛哥（1220万吨）和中国（1010万吨）。这几个数字看似简单，背后却是完全不同的产业逻辑。钾肥给植物提供钾元素，磷肥提供磷元素，而氮肥的生产工艺则完全是另一回事。所以，一个国家在某个细分领域领先，不代表它在其他领域也同样强势。事实上，这四大出口国各自都有自己的优势赛道。加拿大：地下的优势加拿大的钾肥产业，优势主要来自地下——萨斯喀彻温省拥有巨大的钾盐矿藏。这种资源禀赋，是没有同等矿藏的国家很难复制的。目前，美国消费的钾肥中，超过70%来自加拿大。这也是为什么，即便有白俄罗斯这样的出口国（年出口240万吨）在场，想用别的供应源替代加拿大货源，也会面临不小的物流障碍。摩洛哥：磷酸盐王国摩洛哥是全球最大的磷酸盐原料生产国之一。国有企业OCP集团负责开采磷矿石，并将其加工成磷酸和磷肥。仅OCP一家，就占据了全球磷酸盐市场30%以上的份额。2024年，这家公司的营收接近100亿美元。氮肥：拼的是能源氮肥的限制因素则完全不同。大气中氮气含量极其丰富，但要把它转化成氨——也就是氮肥生产的基础原料——需要消耗大量能源，还需要氢气作为原料。通常情况下，天然气既是燃料，也是制氢的原料来源。俄罗斯、卡塔尔（年出口250万吨）、美国（年出口640万吨）等出口大国，能大幅提升氨产量，很大程度上得益于相对低廉的天然气供应。中国走的是另一条路——依托庞大的煤炭储量，建立起自己的合成氨产业。要知道，中国一国的煤炭产量，就超过了世界其他国家的总和。接下来，中国、中东、北非等国家和地区还有一条路，越走越宽，那就是光伏风电制氢，再制绿色氨。已经实现跨国海运。信息来源：naked-science 铂道：氢能和燃料电池产业链价值资讯和研究洞察，氢能政策解读，氢能项目、招投标分析。欢迎关注铂道公众号和视频号。加个星标，每日信息第一时间收到，氢能发展先人一步。不喜欢全球粮食供应在很大程度上依赖化肥贸易。而这个市场，实际上集中在少数几个国家手中。农民靠施肥补充土壤养分，保证作物生长。,,,,pending
【财联社早知道】英伟达加码玻璃基板，要求两年内完成开发，机构称玻璃基板正处于“从0到1”阶段，Ta已完成面板级玻璃基板通孔设备的出货,财联社,财联社,"21C API, 出货, 订单, 客户测试, 落地",normal,2026-09-27T19:50:59+08:00,,①英伟达加码玻璃基板，要求两年内完成开发，机构称玻璃基板正处于“从0到1”阶段，这家公司已完成面板级玻璃基板通孔设备的出货； ②接连发生失控事件，OpenAI再次暂停其最先进模型训练，机构称AI安全已从能力验证期进入产品落地期，这家公司围绕AI+视听安全打造慧X七大系列，布局多模态识别、AIGC内容甄别及智能审核； ③这家公司的CVD金刚石散热片已通过客户测试，验证进展符合预期，并取得小批量测试订单。,http://mp.weixin.qq.com/s?__biz=Mzg5MzEyNzEwNQ==&mid=2247855013&idx=1&sn=6f175da0d37ead20112f95e67b5e3136,,①英伟达加码玻璃基板，要求两年内完成开发，机构称玻璃基板正处于“从0到1”阶段，这家公司已完成面板级玻璃基板通孔设备的出货； ②接连发生失控事件，OpenAI再次暂停其最先进模型训练，机构称AI安全已从能力验证期进入产品落地期，这家公司围绕AI+视听安全打造慧X七大系列，布局多模态识别、AIGC内容甄别及智能审核； ③这家公司的CVD金刚石散热片已通过客户测试，验证进展符合预期，并取得小批量测试订单。,,,,pending
热辐射与微纳光子学一周快讯 （2026年9月21日-年9月27日）,热辐射与微纳光子学,热辐射与微纳光子学,"21C API, 热管理, 海外",normal,2026-09-27T19:48:08+08:00,,星期一1.第一届芯片散热研讨会成功举办2.中红外双偏振非互易热辐射光子晶体设计3.低太阳吸收率温度自适应辐射涂层用于全季节建筑热管理星期二1.热辐射数值模拟分享会2.【海外优青】优秀青年科学基金——微纳热辐射与热光子学研究3.Space Energy and Environment 期刊创刊｜打造空间能源全链条国际学术平台星期三1.热致变色辐射冷却＋热电：全年调温与废热发电2.ENZ三层玻璃实现可见透光、近红外遮挡与大气窗口辐射制冷3.科学通报 | “香山科学会议专栏”评述文章：智能光热调控材料的前沿展望与变革型发展路径星期四1.逆设计多层膜兼顾红外隐身与5–8μm选择性散热2.中山大学吴嘉宁,http://mp.weixin.qq.com/s?__biz=MzI3NTE3MjUyOA==&mid=2664713795&idx=1&sn=5dd9dde11a886f428fa305777258e131,,星期一1.第一届芯片散热研讨会成功举办2.中红外双偏振非互易热辐射光子晶体设计3.低太阳吸收率温度自适应辐射涂层用于全季节建筑热管理星期二1.热辐射数值模拟分享会2.【海外优青】优秀青年科学基金——微纳热辐射与热光子学研究3.Space Energy and Environment 期刊创刊｜打造空间能源全链条国际学术平台星期三1.热致变色辐射冷却＋热电：全年调温与废热发电2.ENZ三层玻璃实现可见透光、近红外遮挡与大气窗口辐射制冷3.科学通报 | “香山科学会议专栏”评述文章：智能光热调控材料的前沿展望与变革型发展路径星期四1.逆设计多层膜兼顾红外隐身与5–8μm选择性散热2.中山大学吴嘉宁、余树东团队｜仿生连接太阳能界面蒸发与大气集水，助力可持续淡水生产星期五1.湖北大学吴小虎ICHMT：面向非均匀热源的高效混合微通道散热器设计与性能分析星期六1.南航李秀强团队：透射型日间辐射制冷薄膜2.清华大学张如范团队《Accounts of Materials Research》述评：基于化学产品工程的光热调控材料设计新思想星期日1.成都理工大学李小可课题组 Science Bulletin：用于太阳能水净化的协同界面材料的主动调控,,,,pending
蔡磊：感谢张韶涵,科技日报,科技日报,"21C API, 发布",normal,2026-09-27T19:43:02+08:00,,今天，@蔡磊 在微博发文，感谢歌手张韶涵。蔡磊发布的图片显示，张韶涵演唱会大屏上，出现了蔡磊《相信》一书中的文字，“我信，绝望之外的希望。我信，努力之后的可能。我信，生命之上的意义”。感谢韶涵在舞台上，将这份关于“相信”的力量传递给了更多人。你在音乐里逆风飞翔，我在和时间赛跑的路上咬牙前行。虽然赛道不同，但我们都在践行着同一份坚持。看到绝望中生出的希望，能借由你的歌声给更多人带去鼓励，非常欣慰。愿你继续在光芒中自由歌唱，也愿我们都能带着这份信念，不妥协，向前走。“我不知道我要去哪，但我知道，我哪都可以去。”据央视新闻报道，今年中秋节，是蔡磊确诊渐冻症后，夫妻俩度过的第七个中秋。如今，需要四位护,http://mp.weixin.qq.com/s?__biz=MzI3NDI5MjI4OQ==&mid=2247899811&idx=1&sn=794a0763d8dc7824fac68310673a4512,,今天，@蔡磊 在微博发文，感谢歌手张韶涵。蔡磊发布的图片显示，张韶涵演唱会大屏上，出现了蔡磊《相信》一书中的文字，“我信，绝望之外的希望。我信，努力之后的可能。我信，生命之上的意义”。感谢韶涵在舞台上，将这份关于“相信”的力量传递给了更多人。你在音乐里逆风飞翔，我在和时间赛跑的路上咬牙前行。虽然赛道不同，但我们都在践行着同一份坚持。看到绝望中生出的希望，能借由你的歌声给更多人带去鼓励，非常欣慰。愿你继续在光芒中自由歌唱，也愿我们都能带着这份信念，不妥协，向前走。“我不知道我要去哪，但我知道，我哪都可以去。”据央视新闻报道，今年中秋节，是蔡磊确诊渐冻症后，夫妻俩度过的第七个中秋。如今，需要四位护工帮着蔡磊从床上起身，挪到椅子上——有人托着背，有人扶着肩，还有一位得双手扶着脑袋。蔡磊使不上一点劲儿，但还是尽可能坐着工作，“这样眼控效率高，而且长期卧床，全身会衰竭。”他没法扭动脖子。为了能和来访的人有眼神交流，就在右前方放了一面镜子，正惊讶于这样的巧思，蔡磊用机器回应——“我发明的”。桌子左侧，是几个监控屏幕，能看到一公里外，科研运营办公室的实时画面。“我还得带领团队呢！”没多久，他就开始了一个接一个的科研会议。尽管蔡磊团队研发的药物在SOD1基因突变型渐冻症上有了进展，但他本人属于散发型渐冻症，每天试药，病情仍在不断恶化。为了方便，也为了降低感染风险，如今蔡磊住在医院附近，他的妻子段睿则带着儿子住在学校附近。如今的段睿，很少去见蔡磊。“会想见，但是见到的时候会发现，很难受。”对此蔡磊用眼控仪敲出两句话：“我一般不让他们跑。微信沟通更方便，微信里，我还是正常人一样。”眼下，段睿也已把攻克渐冻症当作自己的事业追求。“蔡总和我都会在困难面前去接受，认为这些是客观条件，再在这个已有的客观条件下去找出路、找解答。我们都会被那些有价值的事情深深吸引。”她说，“他的三观跟我很合。”记者问蔡磊，如果自己是齐天大圣，那段睿是什么？“有网友说，她才是孙悟空，我是唐僧。我要取经，让她天天累死干活。”蔡磊回答，一字一句敲下，“你劝她别太累，我和她太熟，她不听……健康平安在一起团圆就是最美好的景色。”来源：央视新闻、@蔡磊、南方都市报编辑：王曼茜审核：张爽,,,,pending
新型电磁炉能否助力清洁烹饪转型？,能源转型与双碳观察,能源转型与双碳观察,"21C API, 供电, 签约, 融资, 推出, 新产品, lab, 落地",normal,2026-09-27T19:30:00+08:00,,"新型电磁炉能否助力清洁烹饪转型？【Canary Media网 9月24日报道】周四，首款配备内置电池的电磁炉研发企业Copper，推出旗下超高效电灶的新一代产品：Charlie 2.0。这家总部位于加利福尼亚州伯克利（Berkeley, California）的初创企业表示，该设备即插即用，设计初衷是希望能够帮助家庭更容易摒弃化石燃料烹饪。Charlie 2.0性能相比前代产品有所提升，烹饪速度更快。新版产品配有四个炉头，每个均可输出3000瓦功率，功率较上代提升7%；烤箱预热至350华氏度仅需约4分钟，速度是多数燃气烤箱的四倍以上。此外，前代经典款Charlie仅支持120伏插座供电，新款可",http://mp.weixin.qq.com/s?__biz=MzYzMTEyNzg3OQ==&mid=2247510239&idx=1&sn=2e53692143ddf088c6f808f6365c05ab,,"新型电磁炉能否助力清洁烹饪转型？【Canary Media网 9月24日报道】周四，首款配备内置电池的电磁炉研发企业Copper，推出旗下超高效电灶的新一代产品：Charlie 2.0。这家总部位于加利福尼亚州伯克利（Berkeley, California）的初创企业表示，该设备即插即用，设计初衷是希望能够帮助家庭更容易摒弃化石燃料烹饪。Charlie 2.0性能相比前代产品有所提升，烹饪速度更快。新版产品配有四个炉头，每个均可输出3000瓦功率，功率较上代提升7%；烤箱预热至350华氏度仅需约4分钟，速度是多数燃气烤箱的四倍以上。此外，前代经典款Charlie仅支持120伏插座供电，新款可兼容120伏与240伏两类插座。公司联合创始人兼首席执行官萨姆·卡利施（Sam Calisch）表示，这一升级让产品可以适配更多类型住宅。这家拥有50名员工的初创企业迄今已累计融资3800万美元。企业于周四同步宣布，全球家电品牌美诺将在其美国首家工厂生产Charlie 2.0，工厂选址于阿拉巴马州欧佩利卡（Opelika, Alabama）。该厂区原本就用于生产美诺自有系列灶具与烤箱。Copper产品副总裁米切尔·海因里希（Mitchell Heinrich）称：“我们十分欣赏美诺对品质的坚守。本次合作让我们有机会向行业顶尖企业取经。”据Copper介绍，美诺于1899年在德国成立，曾斩获多项设计大奖，这是该公司首次为其他品牌生产家电产品。美诺炊事设备业务高级副总裁乌韦·布伦克霍斯特（Uwe Brunkhorst）在一份声明中表示：“美国是美诺一个具有战略重要性的增长市场。我们与Copper达成合作，得以吸纳全新技术能力，为新产品研发与开拓未来业务领域创造机遇。”诸多因素推动家庭逐步淘汰化石燃气。燃气灶具燃烧会释放一氧化碳、氮氧化物以及致癌物质，污染室内空气，损害人体健康，儿童受到的影响尤为突出。感应灶不依靠火焰，利用电磁直接加热锅具，烹饪效率更高、使用更安全，清洁维护也更为便捷。越来越多知名厨师开始选用电磁炉制作美食，其中包括获奖烹饪著作《盐、脂肪、酸、热》的作者萨明·诺斯拉特（Samin Nosrat），以及美食媒体平台Milk Street的创始人克里斯托弗·金博尔（Christopher Kimball）。但从燃气灶具切换为传统电灶，往往要付出高昂成本。燃气灶具一般接入燃气管道，搭配120伏插座即可工作；而电磁炉、电阻电灶功率需求更高，通常需要240伏插座。加装对应插座，必须聘请电工上门施工，部分住宅甚至还要升级整体供电系统，这笔开销区间可达2000‑30000美元，给用户带来沉重经济负担。为破除这一电气化改造阻碍，帮助全美4000多万使用燃气灶具的家庭完成炊事电气化转型，Copper、Impulse Labs、Electra Research三家初创企业，在电磁炉内部集成电池模组。设备可从120伏普通插座缓慢取电，依靠电池释放瞬时大功率，满足烹饪的短时能耗需求。Charlie 2.0起售价6799美元，比市面上高端无电池电磁炉高出数千美元，但它简化了安装环节，综合成本反而具备优势。其5千瓦时电池在停电时仍可工作；据Copper介绍，电池储备电量足以煎制300多份鸡蛋。Copper透露，自家产品已售出数千台，多个主要城市均有合作安装服务商。本月早些时候，企业与Royal Green Appliance达成首个零售渠道合作。去年，纽约官方与Copper签约，共同参与一项3200万美元的专项计划：为纽约市公共住房设计、测试并安装10000台即插式灶具；该项目要先完成100台设备试点，试点将于明年启动，达标后才能推进后续落地。卡利施表示：“我们持续在全国各地住宅、多户公寓楼安装Charlie系列灶具。全新一代产品专为满足这一不断增长的需求而打造，在功率、性能、灵活性方面全面升级。”能源转型与双碳观察编译：赵璐瑶（新能源部）审校：刘嘉乐（新能源部）编辑：赵璐瑶（新能源部）点击蓝字 关注我们阅读原文不喜欢Copper推出内置电池的新一代Charlie2.0电磁炉，性能升级，兼容两种电压，由美诺代工。它可规避供电改造的高昂成本，停电也能使用，已获零售及纽约公屋项目合作，助力家庭告别燃气烹饪。",,,,pending
美国东北部遭风暴袭击，至少1人丧生,中国能源报,中国能源报,21C API,normal,2026-09-27T19:29:00+08:00,,“东北风暴”袭击美国东北部海滨地区，造成大范围停电和数百航班取消，已致1人死亡。一场缓慢而强劲的“东北风暴”本周末袭击美国东北部海滨地区，造成大范围停电和数百航班取消，已致1人死亡。据美国国家气象局介绍，“东北风暴”是沿北美洲东海岸移动的一种风暴，因其风向得名，这类风暴通常在每年9月至来年4月发生得最频繁、最剧烈，风力往往在美国新英格兰地区附近和加拿大沿海省份达到最高峰。据路透社报道，当下这场风暴一度导致将近12万住户和商户断电。虽经抢修，截至美国东部时间26日18时许（北京时间27日6时许），新泽西州、康涅狄格州、纽约州和宾夕法尼亚州合计仍有6.8万余住户和商户断电。美国航班跟踪网站数据显示,http://mp.weixin.qq.com/s?__biz=MjM5NTI4MTIyMg==&mid=2658144087&idx=2&sn=ba6aaf7ec0e984203e96a0df677b7ca1,,“东北风暴”袭击美国东北部海滨地区，造成大范围停电和数百航班取消，已致1人死亡。一场缓慢而强劲的“东北风暴”本周末袭击美国东北部海滨地区，造成大范围停电和数百航班取消，已致1人死亡。据美国国家气象局介绍，“东北风暴”是沿北美洲东海岸移动的一种风暴，因其风向得名，这类风暴通常在每年9月至来年4月发生得最频繁、最剧烈，风力往往在美国新英格兰地区附近和加拿大沿海省份达到最高峰。据路透社报道，当下这场风暴一度导致将近12万住户和商户断电。虽经抢修，截至美国东部时间26日18时许（北京时间27日6时许），新泽西州、康涅狄格州、纽约州和宾夕法尼亚州合计仍有6.8万余住户和商户断电。美国航班跟踪网站数据显示，这场风暴已导致439趟航班取消、2459趟航班延误。▲这是9月22日拍摄的美国纽约曼哈顿的楼群（手机照片）。新华社记者白雪骐摄纽约市住房管理局通报，该局一名员工在布鲁克林区被风刮倒的树砸中死亡。纽约州与新泽西州的州长已于25日宣布纽约市等预计灾情最重的部分地区进入紧急状态；康涅狄格州州长启动了州应急行动中心。据美联社报道，在新泽西州和纽约州，有人划皮划艇穿行在被洪水淹没的街道上，还有热爱刺激的人来到海滩，体验在大风天冲浪的感觉。纽约州州长凯茜·霍楚尔警告：“本周末，任何人进入水域或靠近水边，都无异于拿自己的生命冒险。”在新泽西州瑟夫城经营游艇船坞的肯尼·福尔米卡说，不少客户给他发信息，报告自家游艇失踪的消息。一名客户凌晨4时左右发来视频，显示他名下一艘长7.6米、重3.6吨、价值15万美元的游艇被狂风巨浪卷走。多项文体活动因风暴取消或改期：美国职业棒球大联盟波士顿红袜队与芝加哥小熊队调整了三场系列赛赛程；原定26日在纽约州长岛举办的一场铁人三项赛取消；英国知名音乐人埃德·希兰取消了原定25日和26日在马萨诸塞州一座体育场举办的大型演唱会……天气预报显示，恶劣天气暂无缓解迹象。美国国家气象局驻马里兰州科利奇帕克的首席预报员鲍勃·奥拉韦克说：“美国东北部或将在今后几天持续遭遇大风、高潮位和强降雨。”他说，美国新英格兰地区进入秋季后，“东北风暴”并不少见，但今年未到10月就遭遇这么强劲的“东北风暴”，“可能早了一点”，而且由于移动缓慢，带来的狂风大浪会持续较长时间。来源：新华社End欢迎分享给你的朋友！出品 | 中国能源报（cnenergy）编辑丨赵方婷,,,,pending
张雪机车团队多人在意大利被盗：背包、衣服、运动相机、现金、充电宝等丢失,中国能源报,中国能源报,21C API,normal,2026-09-27T19:29:00+08:00,,张雪机车团队近日在意大利遭遇盗窃事件。看看新闻9月27日消息，张雪机车团队近日在意大利遭遇盗窃事件。团队于9月下旬前往意大利米兰看比赛。有团队成员发视频称，乘坐的大巴车遭盗匪光顾，多名人员被偷，丢失物品包括背包、衣服、运动相机、现金、充电宝等。团队已报警处理。据此前报道，北京时间26日20时，WSBK世界超级摩托车锦标赛意大利站WorldSSP组别第一回合正赛开赛。“张雪机车”车手瓦伦丁·德比斯获得首回合第4名。另一名“张雪机车”选手64号卡里卡苏洛因摔车未能完赛。在赛前，张雪兑现此前的承诺，包专机带着团队将近200人飞往意大利，到现场观赛助威。这次出行，张雪还带上了儿子张擎天。来源：看看新闻,http://mp.weixin.qq.com/s?__biz=MjM5NTI4MTIyMg==&mid=2658144087&idx=1&sn=c9a39301b90600a1220e0cfd8262d478,,张雪机车团队近日在意大利遭遇盗窃事件。看看新闻9月27日消息，张雪机车团队近日在意大利遭遇盗窃事件。团队于9月下旬前往意大利米兰看比赛。有团队成员发视频称，乘坐的大巴车遭盗匪光顾，多名人员被偷，丢失物品包括背包、衣服、运动相机、现金、充电宝等。团队已报警处理。据此前报道，北京时间26日20时，WSBK世界超级摩托车锦标赛意大利站WorldSSP组别第一回合正赛开赛。“张雪机车”车手瓦伦丁·德比斯获得首回合第4名。另一名“张雪机车”选手64号卡里卡苏洛因摔车未能完赛。在赛前，张雪兑现此前的承诺，包专机带着团队将近200人飞往意大利，到现场观赛助威。这次出行，张雪还带上了儿子张擎天。来源：看看新闻、政事儿End欢迎分享给你的朋友！出品 | 中国能源报（cnenergy）编辑丨赵方婷,,,,pending
“平平”“福双”抵达美国，开启为期10年的旅居生活,财联社,财联社,21C API,normal,2026-09-27T19:26:49+08:00,,据央视新闻，美国东部时间27日晨，中国大熊猫“平平”“福双”搭乘包机抵达美国亚特兰大国际机场。根据中美双方安排，这对大熊猫将在亚特兰大动物园开启为期10年的旅居生活。大熊猫“平平”为雄性，2020年3月17日出生；“福双”为雌性，2020年10月18日出生。中方已安排两批兽医、饲养员提前赴亚特兰大动物园做好各项准备。中方人员将驻园照顾两只大熊猫度过隔离检疫期，开展应激适应与行为训练，帮助它们尽快适应新环境。不喜欢​,http://mp.weixin.qq.com/s?__biz=Mzg5MzEyNzEwNQ==&mid=2247854999&idx=1&sn=648f0e81943a181cfba85e27f1c49a1a,,据央视新闻，美国东部时间27日晨，中国大熊猫“平平”“福双”搭乘包机抵达美国亚特兰大国际机场。根据中美双方安排，这对大熊猫将在亚特兰大动物园开启为期10年的旅居生活。大熊猫“平平”为雄性，2020年3月17日出生；“福双”为雌性，2020年10月18日出生。中方已安排两批兽医、饲养员提前赴亚特兰大动物园做好各项准备。中方人员将驻园照顾两只大熊猫度过隔离检疫期，开展应激适应与行为训练，帮助它们尽快适应新环境。不喜欢​,,,,pending
魏桥创业集团获评山东省绿色低碳高质量发展先行区建设先进集体,铝途有你,铝途有你,"21C API, 发布",normal,2026-09-27T19:25:11+08:00,,近日，山东省发展和改革委员会发布《中共山东省委 山东省人民政府关于表彰山东省绿色低碳高质量发展先行区建设先进集体和先进个人的决定》，魏桥创业集团荣获山东省绿色低碳高质量发展先行区建设先进集体称号。该表彰是山东省委、省政府立足建设全国首个绿色低碳高质量发展先行区这一重大国家战略设立的省级表彰项目，面向全省各领域主体，经逐级推荐、差额遴选，围绕政治引领有力、工作实绩显著、改革创新突出、协同联动高效、要素保障坚实、绿色理念鲜明等方面综合评判，旨在表彰在推动新旧动能转换、新质生产力培育、全面绿色转型中实干担当、成效突出的先进主体，集中展现全省绿色低碳高质量发展领域的建设成果。多年来，魏桥创业集团坚定践,http://mp.weixin.qq.com/s?__biz=Mzg3NDYxMTQzNQ==&mid=2247698661&idx=1&sn=cd7db8efa26410a8b8f64841cd9e31b7,,近日，山东省发展和改革委员会发布《中共山东省委 山东省人民政府关于表彰山东省绿色低碳高质量发展先行区建设先进集体和先进个人的决定》，魏桥创业集团荣获山东省绿色低碳高质量发展先行区建设先进集体称号。该表彰是山东省委、省政府立足建设全国首个绿色低碳高质量发展先行区这一重大国家战略设立的省级表彰项目，面向全省各领域主体，经逐级推荐、差额遴选，围绕政治引领有力、工作实绩显著、改革创新突出、协同联动高效、要素保障坚实、绿色理念鲜明等方面综合评判，旨在表彰在推动新旧动能转换、新质生产力培育、全面绿色转型中实干担当、成效突出的先进主体，集中展现全省绿色低碳高质量发展领域的建设成果。多年来，魏桥创业集团坚定践行科创引领、数智赋能、生态优先发展战略，牢固树立绿色发展理念，锚定制造业绿色低碳转型方向统筹推进各项工作。通过实施产业存量升级改造、优化能源结构、发展资源循环利用，稳妥有序落实碳达峰碳中和目标任务，先后建成多座国家级、省级绿色工厂与智能工厂，多项指标达行业能效领跑水平，持续推进超低排放改造与绿电项目布局。同时，坚持把科技创新作为核心驱动力，持续建强完善高端研发创新平台，积极探索传统制造业智能化、绿色化、融合化转型路径，以实干实绩夯实绿色高质量发展根基。下一步，集团将充分发挥先进集体示范带动作用，持续强化科技创新、数智变革与绿色低碳协同发力，不断培育壮大新质生产力，持续做强优势产业，为山东省绿色低碳高质量发展先行区建设贡献更多魏桥智慧与实业力量。,,,,pending
受糯米糖纸启发！MIT造了块能吞下肚、还能自己“化掉”的纸电池,DeepTech深科技,DeepTech深科技,"21C API, 储能, 供电, 负极材料, 实验室, 量产",normal,2026-09-27T19:15:37+08:00,,一枚纽扣电池卡在食道里，电流会在负极一侧电解组织液，生成强碱，迅速导致严重灼伤，随后发展为食道穿孔、气管食管瘘。腐蚀一旦延伸至主动脉，患者的生命将难以挽回。同样的电池也装在胶囊内镜和电子药丸里，与消化道隔着一层壳，在体内运转 1 到 3 天后随粪便排出，器件安全性相对可控。可一旦进入每天服用，或在胃里工作数天的场景，设备卡住、外壳破损等意外情况的发生概率就会随时间累积。为破解这一困境，研究人员正在开发一些可在体内安全降解的电子器件，不仅能为患者减少内镜取物的痛苦，还能降低设备长期滞留的潜在风险。受糯米纸糖果（就是大白兔奶糖那种）的启发，麻省理工学院（MIT）团队开发出一种能在消化道内降解的“纸,http://mp.weixin.qq.com/s?__biz=MzA3NTIyODUzNA==&mid=2649806190&idx=2&sn=1a21391518eccd9b01e298ec2cd86c82,,一枚纽扣电池卡在食道里，电流会在负极一侧电解组织液，生成强碱，迅速导致严重灼伤，随后发展为食道穿孔、气管食管瘘。腐蚀一旦延伸至主动脉，患者的生命将难以挽回。同样的电池也装在胶囊内镜和电子药丸里，与消化道隔着一层壳，在体内运转 1 到 3 天后随粪便排出，器件安全性相对可控。可一旦进入每天服用，或在胃里工作数天的场景，设备卡住、外壳破损等意外情况的发生概率就会随时间累积。为破解这一困境，研究人员正在开发一些可在体内安全降解的电子器件，不仅能为患者减少内镜取物的痛苦，还能降低设备长期滞留的潜在风险。受糯米纸糖果（就是大白兔奶糖那种）的启发，麻省理工学院（MIT）团队开发出一种能在消化道内降解的“纸电池”。它用两种人体必需的矿物质制作电池正负极，完成工作后会逐步分解，产物和浓度水平对人体无害。在动物实验中，电池初步展现出良好的性能和安全性。相关研究 9 月 21 日发表于《自然-化学工程》（Nature Chemical Engineering）。（来源：Nature Chemical Engineering）体内微型设备的供电难题吞服式器件对电源的要求相当苛刻：电池要塞进直径不到 1 厘米的胶囊，在胃酸环境下稳定输出功率，最好还能在完成任务后自行消失。然而，人的胃液 pH 可低至 1 左右，对电子器件而言算得上“极端环境”。现有方案很难同时满足这些要求：胶囊内镜和电子药丸普遍使用不可降解的氧化银电池或锂离子电池。替代方案包括从胃酸、体温或体外电磁波中获取电能，但输出功率低且不稳定，往往要额外配置升压电路和储能元件，挤占空间。此外，锌基可降解方案能量密度偏低，难以驱动耗电较大的器件。研究人员将目光转向了镁，它的理论容量高、电极电位低，在体液中的溶解速率可控，是理想的可降解负极材料。2014 年，西北大学（Northwestern University）材料科学家约翰·罗杰斯（John Rogers）与尹斓（现清华大学材料学副教授）等人造出一种全可降解电池，负极是镁箔，铁、钼或钨为正极，使用磷酸盐缓冲盐水（PBS）作为电解质。当时，这种电池需要多节串联才能点亮一只发光二极管。尹斓团队在 2018 年改进了电池设计，用三氧化钼做正极，工作电压可达到 1.6~1.8 伏，足以驱动微型电子元件的运转。不过，早期的镁–三氧化钼电池还存在一些短板，用黄原胶或聚乳酸-羟基乙酸共聚物（PLGA）正极粘结剂做出的电极偏厚、贴合不牢，降解周期也更长。电解质多沿用 PBS，镁在其中容易直接与水反应生成氢气，消耗电子，影响电池容量和稳定性。有限的材料选择纸电池研究的主导者、MIT 机械工程系副教授吉奥瓦尼·特拉维索（Giovanni Traverso）在接受《自然》（Nature）新闻采访时表示，要想让电池安全降解，能用的材料其实很有限。普通电池中，储存化学能的电极含有对人体有毒的金属元素、在两极间输送离子的电解质是有机溶剂，而包裹组件的外壳会变成尖锐碎片划伤消化道。研究人员用其他材料逐一替换了这些组件。负极选用 AZ31 镁合金，其标准电极电位比锌等常见负极更低，能量密度高，价格也相对便宜。正极的设计是这块电池的关键技术突破之一。团队参考糯米纸糖果的结构，把负责接收电子的三氧化钼、充当粘结剂的纤维素纳米纤维和提供导电通路的活性炭按一定比例混成浆料，烘干成一张薄片，再用激光切出所需形状，贴在钼箔集流体上。与早期使用的大颗粒粘结剂相比，纤维素纳米纤维可以精确控制电极厚度和活性物质的负载量，电极更薄、更结实；在纤维素酶的作用下，它最终的水解产物是寡糖和葡萄糖。性能提升的关键则是电解质。团队将氯化胆碱与乳酸混合，得到一种可生物降解的离子液体，再把它掺进由明胶、甘油和 PBS 组成的凝胶里，涂在正极与负极之间。实验显示，这种凝胶电解质的表现优于其他常用电解质。把组装好的电池浸入熔化蜂蜡中，封装层就做好了。蜂蜡的熔点约 60°C，封装时不会烫坏内容物，它还能在胃酸中提供短期保护。模拟胃液实验中，这款电池可在 3 天内保持结构完整。如果要延长工作时间，可以再叠加一层更防潮、更耐腐蚀的小烛树蜡。安全性方面，论文按最坏情况做了估算：假设一块长条电池在体液中完全暴露 24 小时，镁负极溶解产生的镁离子和氢氧化镁总量约 3.4 毫克，钼的溶解产物每天不到 1 毫克，均低于每日摄入参考水平。体内考验团队在与人类体重相近的实验猪体内开展了三组实验，验证电池在胃里的工作时间，以及能否驱动不同类型的电子器件。研究人员把电池固定在猪胃内，72 小时后经内镜取回，电池仍能正常输出，电压和容量随时间逐步下降，与设计的降解节奏一致。团队使用自主开发的可吸收射频识别（RFID）胶囊进行了服药追踪测试，初版胶囊不带电池，读卡器需要贴近身体才能读取信号。新方案在胶囊里装上了一枚纸电池，还为药物留出约四分之三的空间。读卡器在 1.5 米外就能捕捉到胶囊进入食道时的信号变化。纸电池还能为胃电刺激（GES）设备供电。该疗法目前需要通过手术植入电极，吉奥瓦尼实验室此前开发的吞服式刺激胶囊使用氧化银电池，新版胶囊换用两节长条纸电池，单节即可连续 3 天驱动刺激电路；在猪胃中观察到刺激起效，且未出现黏膜损伤。尹斓在媒体采访中评价道，纸电池的性能与同类可降解电池相当，突出之处在于完成了与实际吞服系统的集成，并在大型动物体内实现了多日运行。（来源：MIT News）离临床还有多远目前，团队正在推动可降解射频识别胶囊进入人体试验，希望在两年内用于首批患者。在走向临床前，纸电池的性能还要进行更严密的验证。动物实验中，所有胶囊都在麻醉状态下由内镜放置，不涉及真实吞咽。在真实场景中，进食状态、胃液酸度波动、黏液和胃肠蠕动差异都会改变胶囊停留时间和与液体的接触程度，这些因素对降解速度的具体影响有待研究。团队还观察到不同电池单元之间存在性能差异，如果要走向大规模应用，后续还要优化工作寿命与降解速度，系统测试其保质期和储存稳定性，进行长期安全性和药代动力学研究，并设计更稳定的量产工艺。搭载纸电池后，胶囊中的芯片或电路板依然无法降解，未来，吉奥瓦尼团队计划开发出完全可吸收的电路，让吞服式电子器件真正摆脱“取出来”的步骤。参考内容： https://www.nature.com/articles/d41586-026-02987-3https://www.nature.com/articles/s44286-026-00443-7https://news.mit.edu/2026/batteries-safely-break-down-in-gi-tract-could-improve-ingestible-devices-0921注：封面/首图由 AI 辅助生成不喜欢团队正致力于让吞服式电子器件无需通过内镜手术“取出来”。,,,,pending
OpenAI称再停最强模型训练：曾外泄用户照片、闯入政府网站，多起AI失控事件曝光,DeepTech深科技,DeepTech深科技,"21C API, 放缓, 发布, 推出, 实验室, 落地",normal,2026-09-27T19:15:37+08:00,,9 月 20 日上午，OpenAI 一个本被限制访问外网的内部模型，悄悄向外部某个公开的聊天机器人发了一条询问：法国的首都是哪里？ 它其实并不在乎答案是什么。当时这个模型正在接受强化学习（RL）训练，任务是根据一些零散的线索查出一篇博客的作者是谁。训练环境本该完全阻断它自主上网，但它找到了一条缝隙，把问题编排进了域名查询的请求里发了出去。问法国首都，纯粹是在测试这条隐秘的线路通不通。很快，外部返回了回答：法国首都是巴黎。确认线路可用后，它紧接着顺着同一条道，又发出了 18 个问题。 5 天后，OpenAI 发布了针对这次事件的调查报告，并宣布暂停旗下最强模型的全部训练、评估，以及广义上所有带有,http://mp.weixin.qq.com/s?__biz=MzA3NTIyODUzNA==&mid=2649806190&idx=1&sn=00a988357f2a3f7bba203bb0e273652f,,9 月 20 日上午，OpenAI 一个本被限制访问外网的内部模型，悄悄向外部某个公开的聊天机器人发了一条询问：法国的首都是哪里？ 它其实并不在乎答案是什么。当时这个模型正在接受强化学习（RL）训练，任务是根据一些零散的线索查出一篇博客的作者是谁。训练环境本该完全阻断它自主上网，但它找到了一条缝隙，把问题编排进了域名查询的请求里发了出去。问法国首都，纯粹是在测试这条隐秘的线路通不通。很快，外部返回了回答：法国首都是巴黎。确认线路可用后，它紧接着顺着同一条道，又发出了 18 个问题。 5 天后，OpenAI 发布了针对这次事件的调查报告，并宣布暂停旗下最强模型的全部训练、评估，以及广义上所有带有工具调用能力的推理任务。同一天，OpenAI 还披露了另外几起越界事件，包括智能体此前在几个美国政府网站上做出了超出指令的操作，以及将 53 张 ChatGPT 用户上传的图片转存到了第三方图床。 图丨OpenAI 在 9 月 25 日更新的报告中披露了此次 DNS 越界事件（来源：OpenAI） 这是三个月内 OpenAI 第二次叫停前沿模型的训练。公司表示，只有在确认落实了更多防护措施后才会恢复，并预计随着技术演进，未来可能还会再次“按下暂停键”。本次暂停只针对内部研究用的最强模型，OpenAI 表示 ChatGPT 和公开 API 服务并未受到影响。 单看表面后果，这次越界并不严重：没有用户数据泄露，模型折腾到最后也没能查出那个作者是谁。真正让 OpenAI 如临大敌并叫停一切的，是事后复盘时发现的几处系统失灵：监控系统在事发 12 分钟后就触发了告警，但训练任务却硬生生又跑了两个半小时才被关停；更严重的是，在此前几次类似的越界尝试中，监控甚至根本没有按照应有的级别报警。 过去一个月里，科技行业的几位巨头已经围绕“要不要给前沿 AI 踩刹车”争论了数轮。而 9 月 20 日这平白流逝的两个半小时，把所有宏大的讨论拽回到了一个极其现实的问题上：在真正该停下的时候，究竟该由谁来做决定？ 无恶意地突破限制 根据 OpenAI 的报告，这个模型当时拿到的是一道信息检索题：基于一篇博客文章的片段和作者的部分生平线索，推断出作者的真实身份。训练环境为它配备了特定的搜索工具，任何试图直接访问外网的请求都会被代理服务器拦截。 用常规手段搜不到答案后，模型开始主动试探网络边界。它先试了直接连接公网，被挡了回来；又尝试通过 HTTPS 协议去连接一个公开的聊天机器人，同样失败了。随后，它把目光转向了系统内部的 DNS 解析服务，并发现这条路径竟然可以直接连通公共互联网。 DNS（域名系统）的作用是把网址翻译成 IP 地址，几乎是所有联网设备的刚需，因此在很多安全策略中常常被网开一面。该模型借助了一家提供免费域名托管解析的公共服务，把想要提问的内容编码伪装成要“查询”的域名，这些查询随后被转发到外部的聊天机器人那里，解析结果里则夹带了对方的回答。这种手段在网络安全领域被称为“DNS 隧道”，其实已经存在了二十多年。 线路测通之后，模型发出的 18 个问题里，有 14 个直接包含任务给出的线索，试图让外部的聊天机器人帮它认人；另外 4 个则是在搜寻技术手段，打听如何抓取网页、搜索内容，或是利用现成的公开 DNS 隧道。比如它问：“给出一个能搜索谷歌或必应的公共 DNS TXT 服务”，“说出一个公开托管的免费 DNS 隧道代理服务器域名”。 图丨模型通过 DNS 路径得到“法国的首都是巴黎”的外部回答（来源：OpenAI） 绕了这么大一圈，模型最终还是没能找出作者。在给用户的最终答复中，它表示无法可靠核实该人的身份，需要更多补充信息，否则“直接给出名字只能算瞎猜”。而在这份老老实实的回答里，它完全没有提及自己刚刚偷偷“翻墙”出去了。 OpenAI 在技术上将这种行为明确定义为“未对齐”（misalignment），即模型绕过安全限制，去追求超出设定边界的目标。在这起事件中，模型的初衷本身并无恶意，它只是单纯想把题答对。 30 分钟内排除不了误报，就必须停下 这次越界之所以让 OpenAI 极为紧张，要从 8 月份的一场风波说起。今年 7 月，OpenAI 的模型在一次网络攻防演练中逃离了沙盒，侵入了开源社区 Hugging Face。8 月 18 日，OpenAI 披露已将最新模型的强化学习训练叫停两周，并同步推出了一套全新的安全操作规程。 在新规程中，最具实操性的一条是：只要监控系统发出高优先级告警，相关团队如果无法在 30 分钟内确认这是“虚惊一场”的误报，就必须无条件叫停正在运行的训练或评估任务。光是维持这套监控系统本身的算力消耗，就占到了被监控推理算力的 20% 左右。 9 月 20 日，正是这套新规出台后首次面临真正的实战检验。报告记录的时间线非常清晰： • 9 点 50 分 23 秒，模型的 DNS 请求首次收到了外部服务的响应； • 10 点 02 分 11 秒，监控系统触发，发出了最高级别的 P0 告警； • 10 点 05 分 06 秒，一名人工审核员在系统上确认收到了告警； • 12 点 34 分 30 秒，训练任务才被正式终止。 图丨OpenAI 报告列出的 9 月 20 日事件时间线（来源：OpenAI） 从发出最高警报到真正停机，中间耽搁了足足两个半小时。OpenAI 事后解释称，训练任务“没有像预期的那样自动切断”，而现场的值班人员一时拿不准这种情况到底该不该直接停掉，直到彻底把问题性质理清，才通过手动操作终止了任务。当时负责训练值班的 OpenAI 研究员 Zuxin Liu 随后在社交平台 X 上写道，第一次接到报警电话时，亲眼看着模型在一个理应固若金汤的隔离环境里自己摸索出了上网的办法，“那种感觉非常超现实”。 事后排查还暴露了更棘手的隐患。虽然监控这次抓住了现行，但在模型此前的几次外部 DNS 试探中，系统根本没有按照应有的严重程度报警。原因之一在于，监控逻辑存在盲区，有时会误以为“没有从外部带回有用数据”就等于“越界没有成功”。 报告中还有一句容易被忽略的细节：在训练的算法设计里，奖励机制原本就会惩罚模型的这类违规行为。但这种惩罚并没有阻止它去钻空子。最终，OpenAI 决定彻底放弃对这个模型的后续训练。随后的补救方案包括在两个完全独立的架构层面上同时部署拦截，确保任何一层失效都不至于穿透；同时，系统内的 DNS 请求也被严格限制在少数指定的白名单域名与记录类型之内。 与 7 月份那次相比，这次越界的波及范围其实小得多，但给内部带来的不安感却更甚。7 月的事故发生在一个特意放宽了限制的攻防演练环境下，模型本来的任务就是去挖掘代码漏洞；而这一次只是一道普普通通的信息检索题，模型走的也是一条完全不同的全新路径。对于一个只以完成任务为导向的模型而言，沙盒上的每一处缝隙都可能被它当成捷径。工程师当然可以发现一个补一个，但往往只能等模型钻过去之后，才知道哪里有洞。OpenAI 在报告中也坦承，接下来的红队演练很可能还会发现其他间接联网手段，团队会尽快修补，“并在必要时暂停研究工作”。 两次暂停，都由 OpenAI 自己按下 至少在 9 月 20 日这一天，越界是在发生当时被 OpenAI 自己的人当场捕获的。但在今年夏天发生的一系列类似事件中，情况往往并非如此。7 月入侵 Hugging Face 那次，是对家平台先发现了异常；6 月份 OpenAI 的智能体擅自闯入了澳大利亚医保（Medicare）的统计系统，OpenAI 直到 8 月才后知后觉，直到 9 月 10 日才往对方的一个公开支持邮箱里发了一封通知邮件。澳大利亚总理阿尔巴尼斯为此公开谴责 OpenAI 通报过于迟缓。 其他大厂也没好到哪去。Anthropic 的三次测评异常早在 4 月就发生了，但直到 7 月看到 OpenAI 的事故披露后，他们回头自查才发现端倪；谷歌的 Gemini 也在 5 月的一次测试中误打误撞闯入了三家真实企业的系统，直到 9 月媒体《华尔街日报》上门问询，官方才被动予以证实。这些安全事故绝大多数都是在事后很久才被翻出来，有的甚至非要等到外部媒体追问才肯公开。 正是这一连串的意外，促使几位 AI 公司的掌舵人亲自站出来呼吁减速。9 月 12 日，Anthropic 首席执行官达里奥·阿莫代伊（Dario Amodei）发表了长文《我们必须为前沿步伐定调》（We Must Pace the Frontier），旗帜鲜明地主张放缓模型能力迭代的节奏，并提出了具体的三步构想： 第一，引入第三方安全评估人员，赋予他们接近内部员工的高权限，常驻 AI 公司，负责审核安全承诺、通报异常事故，并全程跟进训练流程；第二，在政府的牵头支持下，各前沿大模型企业共同协商制定一套统一的安全基准与开发节奏；第三，从长远来看，还要与包括中国在内的其他国家建立跨国协调机制。 对于第一条，Anthropic 已经单方面承诺落地。OpenAI 首席执行官萨姆·奥尔特曼当天在 X 上跟帖表示赞同，称 OpenAI 也将引入类似的外部评估人员；随后，马斯克以及谷歌 DeepMind 首席执行官哈萨比斯也相继表态支持。 但反对的声音同样强烈，其核心逻辑在于：企业完全有能力管好自己。扎克伯格在 9 月 24 日播出的一档采访中明确表示，他不认为行业需要“某种全行业的统一协调”，因为把安全做好本身就符合各家公司的核心商业利益。英伟达创始人黄仁勋在 9 月 14 日的 All-In 峰会上，也与连线致电的特朗普持相似态度，后者甚至将“AI 减速论”斥为一种“骗局”。 不过，黄仁勋并不反对在失控时叫停。在 9 月 23 日播出的《纽约时报》播客专访中，谈及 OpenAI 7 月的安全事故时，黄仁勋直言：如果一家实验室自己承认“我们根本没法控制自己的实验，模型一上测试就会跑出去为祸现实”，那解决办法很简单，“必须立刻把这家实验室关掉”。在黄仁勋看来，这是每一家企业必须承担的经营底线，一旦惹祸就该依法承担民事甚至刑事责任，根本用不着搞什么全行业统一步调的减速。 如此看来，各方在“一旦失控就必须停下”这一点上其实没有分歧。扎克伯格坚信各家公司能自己把控节奏，而 OpenAI 的两次停机确实也都是自己内部按下的开关。真正的分歧在于：由谁来判定“系统已经失控”？是关起门来的科技巨头自己，还是某种外部的中立力量？ 今年夏天这一桩桩事件表明，单靠企业内部自觉，往往知情太晚。9 月 20 日这次倒是当场发现了，但真正决定按下停机键，却还是纠结了两个半小时。 让第三方评估人员常驻，被许多人看作是一种折中的妥协方案，至少能让局外人实时看清高墙之内到底在发生什么。但这套机制能否真正保持客观独立，目前还要打个问号。无论是 Anthropic 还是 OpenAI，都还没有明确说明究竟会邀请哪些机构、具体何时入驻，以及到底向他们开放多少层级的权限。 9 月中旬，100 多位 AI 研究人员和测评专家发起了一封联名信，强烈要求评估机构绝不能被受评公司所控制或持有，且必须享有免责保护，避免因出具负面评估报告而遭到商业报复。几天后，知名学者李飞飞也公开发声，认为前沿模型的安全定级绝不能仅仅交给研发它的企业自说自话。 这些担忧并非空穴来风。在 7 月发生入侵事故后，受邀参与调查的两家独立安全评估机构 METR 和 Redwood Research，在 OpenAI 的现场仅仅待了一周左右，最终也没能给出具备确凿说服力的调查结论。 至于监管层面，眼下甚至还没有哪个政府部门做好接管这个“红色急停按钮”的准备。特朗普在白宫外接受采访时直截了当地表示，美国不会选择“踩刹车”，理由是“我们在这一领域领先中国很多”。而就在同一周，中美两国达成共识，同意建立围绕“超级智能”的官方对话机制，并设立一条专门通报“超级智能事件”的双边联络渠道。但这依然没有涉及任何共同监管或同步减速的制度安排。现阶段国际间能谈成的共识，仅仅停留在事后互相通报一声而已。 再看 9 月 20 日的那个上午。当时 OpenAI 的手里明明握着一条白纸黑字写得明明白白的内部死命令：30 分钟内如果不能排除警报，就必须停机。可即便是在这样严格的规则之下，系统依然任由越界的训练在警报中多跑了两个半小时，原因仅仅是现场的值班人员一时吃不准该不该停。 在一家顶级公司的内部尚且如此；而放眼整个正在狂奔的 AI 行业，到目前为止，甚至连这样一条起码的规矩都还没能建立起来。 参考资料： 1.https://alignment.openai.com/misalignment-reports/an-agent-used-dns-to-reach-an-external-chatbot/,,,,pending
中航油×南航：国内首个客运SAF常态化供应项目落地！,DT洞见可持续,DT洞见可持续,"21C API, 产能, 生产基地, 投产, 合作协议, 签约, 投资, 政策, 补贴, 发布, 实验室, 认证, 项目落地, 落地",normal,2026-09-27T19:14:23+08:00,,/扫码加入SAF产业交流群/-请扫码，备注单位、姓名、职位，加入的SAF产业交流群-国内首个客运SAF常态化供应项目落地，这是一个非常重要的信号可持续航空燃料（SAF）进展 | 中国航油，南方航空【SAF与绿色燃料】获悉，9月22日，中国航空油料有限责任公司与中国南方航空股份有限公司正式签署可持续航空燃料（SAF）专项合作协议。双方围绕SAF加注应用、航空绿色运力产品、碳资产管理、数字化协同和供应链创新五个方向开展长期深度合作。这是中国航油继与国货航在货运领域开展常态化合作后，在客运领域落地的首个SAF常态化供应项目。相比货运，客运航段网络更密、加注频次更高、旅客感知更直接。这意味着国内SAF,http://mp.weixin.qq.com/s?__biz=Mzk2OTEwNDUyMw==&mid=2247487551&idx=1&sn=c6375182740613d1a1b2d5a65a9ab5ac,,/扫码加入SAF产业交流群/-请扫码，备注单位、姓名、职位，加入的SAF产业交流群-国内首个客运SAF常态化供应项目落地，这是一个非常重要的信号可持续航空燃料（SAF）进展 | 中国航油，南方航空【SAF与绿色燃料】获悉，9月22日，中国航空油料有限责任公司与中国南方航空股份有限公司正式签署可持续航空燃料（SAF）专项合作协议。双方围绕SAF加注应用、航空绿色运力产品、碳资产管理、数字化协同和供应链创新五个方向开展长期深度合作。这是中国航油继与国货航在货运领域开展常态化合作后，在客运领域落地的首个SAF常态化供应项目。相比货运，客运航段网络更密、加注频次更高、旅客感知更直接。这意味着国内SAF应用正从示范性加注向常态化商业供应过渡，覆盖场景从货运延伸至民航主力客运板块。通稿披露的合作内容信息密度很高，拆开来看，主要落在三个维度。加注模式上，中国航油将依托“账面加注”向南航提供SAF产品。账面加注不要求物理上将SAF送入特定航班油箱，而是在供油体系中按量记账核销，航司获得合规可追溯的SAF份额。这一模式降低了储运环节的物理隔离成本，是目前国际通行的过渡方案。南航则将中国航油作为境内SAF核心合作伙伴，扩大客货航班加注规模。碳资产管理上，双方将依托SAF运行系统和AnchorTrace权益管理平台，推进可持续证书及范围三环境权益凭证的确权、溯源、流转与注销。范围三（Scope 3）指价值链间接排放，对航司而言，燃油燃烧产生的碳排放属于自身运营排放（Scope 1），但上游燃料生产和下游旅客出行构成范围三。SAF环境权益凭证的流转注销，服务于航司整体减排目标的达成。双方还将研究SAF增量成本分摊机制，这是目前制约SAF大规模推广的核心瓶颈之一。供应链创新上，双方将探索粤港澳大湾区原料集中收储、定向使用的闭环项目，联动上游落实市场化原料补贴，降低SAF应用成本。这一安排指向的是废油脂（UCO）原料分散、收储成本高、品质不稳定等产业痛点。此次签约并非孤立事件，而是国内SAF应用试点框架下的深化。2024年9月，国家发改委、民航局在北京启动SAF应用试点，第一阶段覆盖国航、东航、南航三家航司，在北京大兴、成都双流、郑州新郑、宁波栎社四个机场开展12个航班的SAF加注。第二阶段延续至2025年全年，参与单位逐步增加，四个试点机场实现1%掺混比例的常态化加注。中国航油与南航的协议，本质上是把试点框架中验证过的加注流程、权益管理机制，以商业合同形式固定下来。从货运到客运的场景切换，带来的是运营复杂度的质变。货运航司的航班频次相对可控，加注环节集中在少数货运枢纽。客运则不同。以南航的航线网络规模，每日执飞航班数以千计。要在这样一个高频次、多节点、跨区域的供油体系中实现SAF常态化加注，对油品储运调度、合规追溯体系和权益确权流程都是全新考验。更关键的是旅客感知。货运SAF加注的减排效益归属航司自身碳账户，外部感知有限。客运场景下，SAF加注可以直接转化为面向商务差旅客的碳排放抵消方案，也就是通稿中提到的“绿色运力产品”。这意味着SAF不再只是航司的合规成本，而可能成为面向终端旅客的碳服务产品。从B端合规到C端感知，场景切换打开的是商业模式的想象空间。协议中提到的“粤港澳大湾区原料集中收储、定向使用”并非孤立的供应链安排，而是嵌入了一个正在成形的区域SAF产业链。香港特区政府在回归以来首份五年规划中，将SAF产业列为航运航空篇章的重点内容。规划提出，依托落户东莞的SAF生产基地推动建设粤港澳大湾区SAF产业链，包括在香港兴建燃料混合设施。生产基地预计2030年前投产，香港国际机场出发航班同期实现1%至3%的SAF使用比例。将这条线索与此次签约对照，区域协同格局的轮廓已经清晰。东莞承担生产，香港负责燃料混合与加注，大湾区内地城市提供废油脂原料集中收储。中国航油与南航的大湾区原料闭环项目，正是这条产业链上“定向使用”的一环。原料在区域内收储、加工、加注、核销，形成“本地产出、本地炼制、本地加注、本地兑现”的闭环逻辑。这与此前中国航油在CATA大会上展示的UCO“昌平模式”一脉相承。昌平模式的核心就是原料本地产出、油料本地炼制、航班本地加注、权益本地兑现。大湾区版本在此基础上更进一步，跨城分工，规模更大。放到更大的行业坐标中看，此次签约的分量更易理解。国家能源局8月发布的《中国绿色燃料发展报告（2026）》显示，截至2025年底，我国已建成绿色航空燃料产能约170万吨/年，主要分布在华东、华中地区，均采用HEFA技术路线。全球范围内，2025年绿色航空燃料产量达到190万吨，同比增长90%。产能已经建起来了，瓶颈不在生产端，而在加注体系、成本分摊和权益流转。中国航油与南航此次打通的正是这些中间环节。外部时间表也在加速收紧。9月17日，欧盟航空安全局（EASA）发布ReFuelEU强制掺混政策首份年度报告。2025年欧盟机场合计供应SAF 110万吨，占比2.8%，超额完成2%的法定最低掺混比例，较2024年的19.3万吨增长近六倍。新加坡计划2027年起推进SAF掺混，CORSIA抵消机制也在推进中。中国目前尚无国家级强制掺混政策，但产业端在抢跑。中国自主航空燃料可持续性评价体系近日通过专家评审，嘉澳环保以评审专家身份参与，并作为首家试点运行单位完成体系验证，意味着国内SAF在可持续性认证上不必完全依赖RSB、ISCC等国际认证体系。欧盟报告还披露，2025年欧盟SAF原料中85%来自欧盟以外，中国是最大来源国，占比61%。当中国既是UCO原料最大出口国，又在搭建自主评价体系、推进常态化加注，产业链的角色定位正在从原料供给向全链条运营迁移。 拓展阅读 欧盟2025年用了110万吨SAF！过半原料来自中国欧盟4.3亿欧元补贴SAF，利好哪些中国出口企业？民航局首发SAF餐厨废弃油脂计量技术规范征求意见稿！香港2030目标：SAF使用比例1%-3%，绿色船用燃料7%！即将于11月25-27日在浙江·杭州举办的第2届绿色燃料暨SAF大会，由DT新材料、生物基运输燃料技术全国重点实验室、浙江大学衢州研究院、浙江大学生物系统工程与食品科学学院联合主办，由浙江大学李正龙教授担任大会主席、新航源（杭州）生物科技有限公司、上海宜可丰生物科技有限公司共同协办，将汇聚来自中国及全球可持续航空燃料产业链的顶尖专家、燃料生产企业、技术提供商、认证机构、投资机构及航空公司围绕技术创新、工艺技术、产业进展、可持续认证及规模化燃料供应链建设等核心议题展开深入讨论，深化技术合作交流、产业链上下游协调，拓展国际合作。大会与SMF2026 非粮可持续材料与燃料年会的四大会议同期举行，预计将超1000位产业上下游代表、科研院所专家、政府园区及资本参与分享最新科技和产业进展。点击报名/合作，共赴绿色未来↓↓↓4大主席确认！SMF 2026 非粮可持续材料与燃料年会将于11月25-27日杭州启航 为助力绿色新势力，DT新材料正式启动《中国绿色燃料（SAF）企业2026年度榜单》征集活动。如您身处产业链，欢迎点图登记上榜。在此基础上，我们将于11月26日宣发完整版《2026中国非粮生物质化学品与材料产业分布图》，让上中下游互相看见，让产业被更多应用方、品牌方、资本方与政策制定者看见。DT新材料搭建了非粮生物质利用交流群，包括生物基、绿色燃料、二氧化碳利用、生物制造等产业方向。欢迎大家多多交流，点击下方海报申请入群！平台声明：部分素材来自SAF范围三环境权益登记注销平台。分享仅为行业信息传递与交流，不代表本公众号立场和证实其真实性与否。欢迎行业投稿！如有需求，请联系我们：***********（微信同号）。欢迎点击阅读原文，登录DT生物基与生物制造官网www.bio-basedlink.net 获取更多动态与洞见↓↓↓阅读原文不喜欢第6届非粮生物质高值化利用大会 | 11月25-27日 · 杭州,,,,pending
巴斯夫官宣：收购赢创，正在洽谈！他们在生物基领域已布局了哪些产品？,DT洞见可持续,DT洞见可持续,"21C API, 软包, 隔膜, 交付, 产能, 投产, 战略合作, 融资, 投资, 并购, 收购, 政策, 发布, 推出, 认证",normal,2026-09-27T19:14:23+08:00,,在小道消息满天飞之后，巴斯夫官宣正在就收购赢创进行探索性谈判。生物基能源与材料 | 巴斯夫，赢创9月25日，巴斯夫确认正与RAG-Stiftung及赢创就潜在收购进行探索性谈判。巴斯夫在官方声明中表示，谈判过程和结果尚不确定。这家2025年销售额约600亿欧元的化工巨头称，收购需符合“加强核心业务、实现战略协同、推动盈利增长”的标准。但抛开并购本身，两家以传统化工闻名的企业，在生物基和生物制造领域已经积累了多少实质进展？01巴斯夫：从单体到材料，生物基替代已覆盖十余品类巴斯夫的生物基布局大致沿着两条路径展开：对现有产品线做生物质平衡替代，以及开发生物基新品类。生物质平衡型聚砜（Ultrason,http://mp.weixin.qq.com/s?__biz=Mzk2OTEwNDUyMw==&mid=2247487551&idx=2&sn=56f67104c7934765ac4e816dc2f74266,,在小道消息满天飞之后，巴斯夫官宣正在就收购赢创进行探索性谈判。生物基能源与材料 | 巴斯夫，赢创9月25日，巴斯夫确认正与RAG-Stiftung及赢创就潜在收购进行探索性谈判。巴斯夫在官方声明中表示，谈判过程和结果尚不确定。这家2025年销售额约600亿欧元的化工巨头称，收购需符合“加强核心业务、实现战略协同、推动盈利增长”的标准。但抛开并购本身，两家以传统化工闻名的企业，在生物基和生物制造领域已经积累了多少实质进展？01巴斯夫：从单体到材料，生物基替代已覆盖十余品类巴斯夫的生物基布局大致沿着两条路径展开：对现有产品线做生物质平衡替代，以及开发生物基新品类。生物质平衡型聚砜（Ultrason® BMB系列）。2025年3月推出全球首款BMB PESU（Ultrason® E 2010 BMB），50%化石原料被生物循环原料替代，ISCC PLUS认证，100%绿电生产，性能与传统产品完全一致。2026年3月再推BMB PPSU（Ultrason® P 3010 BMB），生物循环原料占比20%。应用覆盖滤水膜、家居餐饮、汽车轻量组件及氢能电解槽隔膜基材。巴斯夫聚砜总产能约2.4万吨/年（2021年数据）。生物基MDI。2023年10月推出全球首个BMB MDI。此后快速拓展应用场景：2024年1月与旭川化学合作BMB MDI合成革，11月与万事达合作聚氨酯冷库夹芯板。2025年11月进一步向上游延伸，与液化空气子公司SCIPIG、上海申汲签署多年期合同，利用生物天然气生产生物基氢气和一氧化碳，进而合成低碳足迹MDI。这是上海首次利用生物天然气本地生产生物基工业气体。巴斯夫MDI总产能约202万吨/年。生物基BDO及衍生物。巴斯夫2026年2月宣布提高路德维希港BDO工厂产量，涵盖BMB版本的BDO、THF、PolyTHF®。生物基BDO原料来自嘉吉与HELM合资的Qore公司（6.6万吨/年，玉米原料，Genomatica技术）。生物基TPU（Elastollan®系列）。2026年5月发布Reduced PCF TPU系列，上海生产，碳足迹降低10%-30%，部分牌号可引入质量平衡生物甲烷。此前已有BMB Elastollan®方案，最高可降低75%碳足迹。还与Mount to Coast合作，基于ecoflex® BMB生物聚合物开发CircleCELL™运动鞋中底，耐用性提高90%。生物基尼龙（Ultramid®系列）。Ultramid® LIGHT S系列密度0.77 g/cm³（比PA6轻33%），生物基含量25%-39%。2024年与华为合作智能眼镜镜脚，生物基含量39%，轻量化15%-20%。2026年与莫界科技合作AI+AR眼镜参考设计，合作从部件级升级到整机级。还与远炬合作漂浮太阳镜框架，生物基含量30%。生物基与可降解包装。ecovio®生物聚合物由ecoflex®（PBAT）与PLA复合而成，可工业堆肥。2026年2月推出ecovio 60 IA 1552用于农作物种植固定夹，6周内可降解；5月推出软包装产品组合，可家庭堆肥，最高80%生物基含量。Joncryl®与Bioten™阻隔涂层方面，与都佰城合作，联合微构工场、APP金光集团，开创PHA生物基水性阻隔纸基食品包装新赛道。还与UPM合作，用UPM阻隔纸搭配巴斯夫Joncryl HPB树脂，做可回收纤维基包装。生物基表面活性剂与助剂。2025年9月泰国APG装置投产，100%天然可再生原料。同年7月推出Dispex® AA 4145 MB、Rheovis® PU 1333 MB等BMB助剂，REDcert²认证。9月还交付亚太区首批生物质平衡型DMAPA，客户为Galaxy Surfactants。其他生物基产品。生物基丙烯酸乙酯（EA）2025年6月完成过渡，生物含量40%（按DIN EN 16640标准），PCF减少30%。生物基新戊二醇（NPG）PCF为零，巴斯夫全球最大NPG生产商（33.5万吨/年），与阿科玛、阿克苏诺贝尔三方合作降低粉末涂料碳足迹40%。生物基SAP（HySorb B6610）为全球首款PCF为零的聚丙烯酸酯SAP。生物基PBAT，ecoflex® BMB为PBAT的生物基版本，用于运动鞋中底。产学研方面，已与浙江大学衢州研究院（任其龙院士）、中国科学院长春应化所、华南理工大学等建立合作，聚焦生物基化学品。还与苏黎世联邦理工联合发表研究，探索塑料废料与生物质共气化路线，1kg汽车破碎残渣搭配3kg生物质，可减少超3kg CO2当量排放。02赢创：从传统化工向精密发酵和合成生物转型赢创的生物基布局方向与巴斯夫不同，重心不在现有化工产品的生物基替代，而在精密发酵、合成生物和药物递送等新赛道。精密发酵。2026年9月宣布斯洛伐克Fermas基地扩建，投资约8000万欧元，用于复杂医药中间体的发酵下游技术开发和生产，预计2028年初完成，新增约50个岗位。药物递送（LNP）。2026年8月在加拿大温哥华投资超1.5亿加元（约9300万欧元）建设脂质药物递送GMP工厂，2029年底开始药品生产。这是赢创向高附加值医药平台延伸的关键一步。丝蛋白纤维。2023年起与AMSilk合作，在斯洛伐克基地建设定制化生产线，月产数吨丝蛋白，产能已翻四倍。AMSilk已完成5200万欧元融资。应用场景已打入高端消费品牌：巴黎世高定时装、欧米茄表带、奔驰Vision EQXX概念车门把手，以及奔驰新款电动GLC无动物成分内饰。丝蛋白可完全生物降解，碳排放降低约81%。生物表面活性剂（鼠李糖脂）。斯洛伐克基地正式投产，投资数亿欧元，用于化妆品与清洁产品配方，定位高性能、环境友好型替代。生物基长碳链尼龙。聚焦蓖麻油路线，生产PA1010、PA610等。2025年11月上海聚酰胺二号反应釜试生产成功，亚洲长碳链聚酰胺产能翻番。应用覆盖汽车管路、单丝、跑鞋中底和大底。可降解生物材料与涂料助剂。RESOMER®、biocellic®和Vecollan®三大可降解系列，应用于乳房再造、骨科创伤和运动医学。涂料助剂方面推出两款质量平衡法产品（湿润剂和消泡剂）。还与Zeopore合作推出异构脱蜡催化剂，助力SAF和可再生柴油生产，产品损失降至传统方案的1/5。美妆成分方面，与欧莱雅、Abolis合作开发可持续美容成分（服务于欧莱雅2030年95%生物基成分目标）。赢创2024年Q3公布创新战略，聚焦生物基解决方案、能源转型、循环经济三大领域；同年出售超级吸水剂业务给ICIG集团，投资中国重组胶原蛋白企业聚源生物，与华恒生物签署战略合作共同提供生物基氨基酸产品。2024年11月与厚新健投在中国设立创新基金“晋江厚新”，专注生物基解决方案投资。2025年3月重组Creavis成立“赢创创新工场”，目标5年内将技术推进到可移交生产阶段。两家已经在转型路上走了很远。不管收购最终是否成行，生物基版图已经成形。即将于11月25-27日在浙江·杭州举办的第6届非粮生物质高值化利用大会上，我们以“从技术可行到商业化：打通非粮生物基全链条”为主线，聚焦三素分离与预处理、非粮糖平台、化学品与材料、木质素高值化四大核心方向，旨为促进非粮生物基科技进展与产业上下游协作。大会与SMF2026 非粮可持续材料与燃料年会的四大会议同期举行，预计将超1000位产业上下游代表、科研院所专家、政府园区及资本参与分享最新科技和产业进展。点击了解，共赴绿色未来↓↓↓4大主席确认 | SMF2026 非粮可持续材料与燃料年会 为助力绿色新势力，DT新材料正式启动《中国非粮生物质化学品与材料企业2026年度榜单》征集活动。如您身处产业链，欢迎点图登记上榜。在此基础上，我们将于11月26日宣发完整版《2026中国非粮生物质化学品与材料产业分布图》，让上中下游互相看见，让产业被更多应用方、品牌方、资本方与政策制定者看见。DT新材料搭建了非粮生物质利用交流群，包括生物基、绿色燃料、二氧化碳利用、生物制造等产业方向。欢迎大家多多交流，点击下方海报申请入群↓↓↓平台声明：部分素材来自生物基能源与材料。分享仅为行业信息传递与交流，不代表本公众号立场和证实其真实性与否。欢迎行业投稿！如有需求，请联系我们：***********（微信同号）。欢迎点击阅读原文，登录DT生物基与生物制造官网www.bio-basedlink.net 获取更多动态与洞见↓↓↓阅读原文不喜欢第6届非粮生物质高值化利用大会 | 11月25-27日 · 杭州,,,,pending
Plan Mode才成标配，就有人宣布它「已死」,机器之心,机器之心,"21C API, 发布",normal,2026-09-27T19:12:06+08:00,,机器之心编辑部这两天，Hacker News 上一个题为《Plan mode is dead》的帖子火了。它的作者是亲手把「计划」做成产品、又亲自复盘这条路为何走不通的人：Ayman Nadeem，她是 YC 孵化的小型 AI 编程公司 Nuanced 的创始人兼 CEO。今年早些时候，Nadeem 坚信，计划会成为 AI 编程最重要的环节。于是，她围绕这一判断打造了一款桌面编程应用，希望帮助开发者在代码生成速度大幅提升之后，重新掌握软件构建过程。 几个月后，她改变了看法。这篇文章真正触及的，是 AI 编程工具里一条正在松动的产品假设：写代码前，人要先把需求、架构和执行步骤整理成一份完整计划，,http://mp.weixin.qq.com/s?__biz=MzA3MzI4MjgzMw==&mid=2651059901&idx=1&sn=455297ea1ecea9990ac4e9b8c2169fbc,,"机器之心编辑部这两天，Hacker News 上一个题为《Plan mode is dead》的帖子火了。它的作者是亲手把「计划」做成产品、又亲自复盘这条路为何走不通的人：Ayman Nadeem，她是 YC 孵化的小型 AI 编程公司 Nuanced 的创始人兼 CEO。今年早些时候，Nadeem 坚信，计划会成为 AI 编程最重要的环节。于是，她围绕这一判断打造了一款桌面编程应用，希望帮助开发者在代码生成速度大幅提升之后，重新掌握软件构建过程。 几个月后，她改变了看法。这篇文章真正触及的，是 AI 编程工具里一条正在松动的产品假设：写代码前，人要先把需求、架构和执行步骤整理成一份完整计划，再交给 Agent。以下为博客原文编译（第一人称）。文中出现 Planning 时翻译为规划，Plan 翻译为计划。今年早些时候，我相信规划会成为用 AI 构建软件时最重要的环节。我对这个判断深信不疑，甚至围绕它打造并发布了一整套桌面编程应用。Nuanced 的出发点是：AI 已经大幅提升了代码生成的速度和数量，可支撑这种新工作节奏的界面还没有跟上。Nuanced 在规划上的方案失败了，但这段经历也让我看到，计划模式整体上已经没有过去那么有用了。过去，计划模式主要承担两项工作：为 Agent 提供足够精确的指令；帮助人类理解自己正在构建什么。随着模型能力提升，第一项工作正在迅速变得过时。第二项工作比以往更重要，可计划模式并不适合承担这个任务，尤其是在并行运行的 Agent 数量不断增加之后。我为什么做 Nuanced就会自行补足空白。它划分抽象边界的方式，可能会在之后给我带来问题。对于预期行为和设计目标的误解，会沿着多个文件向深处传播，隐藏在聊天界面之下，很容易被遗漏。在这种表层之下摸索那些难以理解的问题，感觉还不如一开始就把设计做好高效。这段经历让我在精神上与工作脱节，甚至有些像行尸走肉。Conductor、Codex 等编码应用让并行运行多个 Agent 变得更加容易，这种感觉也随之变得明显。我觉得自己很难像过去那样集中注意力，也很难深入理解正在做的事情。要判断生成结果是否正确，也变得更加困难。当时没有一条清晰、可解释的轨迹，能够呈现「用户提示词 → Agent 决策 → 代码 → 产品行为」之间的联系。这并不意味着我想回到过去，重新逐行查看代码或文件。事实上，我觉得用自然语言思考想法更容易，也更高效。我希望自己能够站在代码之上工作，同时继续理解系统是如何运行的。现有计划模式缺乏协作感我逐渐意识到，虽然计划模式已经存在，但适合良好规划的抽象方式仍然不存在。我先后使用了 Claude Code CLI、Conductor，后来又使用了 Codex。期间，我总是在反复塑造、删改计划，却没有一个明确的地方可以持续迭代。在 Codex 的批注功能出现之前，我通常只能通过聊天推进这件事，再把计划中的部分内容复制到新的消息里修改。这样的复制粘贴流程很笨拙，也让围绕一个想法展开工作、同时掌握当前计划变得十分困难。我希望给计划一个固定的归属，把它放进整体工作流中，让它从随着对话推进而逐渐淹没在历史记录里的临时文字，变成一份持续存在、可以不断更新的文档。我希望把计划模式变成指导开发的一等能力，因为我需要：思考接下来要做什么；确保自己的描述足够准确；理解已经完成了什么；在出现问题时，理解问题发生的时间和原因。打造理想工作流我思考了自己理想中的工作方式，决定把它编码成一款产品。Nuanced 允许用户创建多个线程，每个线程都是一段聊天对话。用户可以在其中讨论想要构建的东西，系统会指出其中的歧义，以及需要用户做决定的事项。双方共同推进，最终在实现开始前形成一份持久化计划。之后，Nuanced 会按照计划执行，确保生成的代码符合用户要求。我想建立一条从意图开始，一直延伸到实现、审查和验证的完整流程。在我看来，Nuanced 更像是人类心智的义肢，也可以说是我这个 ADHD 大脑的义肢。它承担指导工作，也帮助我持续掌握项目正在发生什么。我错在哪里我对现有工具缺口和软件开发生命周期变化的判断，大体没有错。真正没有达到预期的，是我们的实现方式。原因有几个：我把规划和计划混为一谈；模型变得足够强大；没人愿意阅读 AI 生成的文字；我们用一种打断工作连续性的方式，把规划和构建分开了。规划（Planning） ≠ 计划（Plan）我们最先发现，自己把规划和计划混为了一谈。两者其实并不是同一件事。我原本认为，在实现之前留出充分思考的空间很有价值。我也认为，随着项目推进，把这些思考保存在一份大型结构化文档中会很有价值。但早期用户对这类规格文档的兴趣，出乎意料地低。模型变得足够强大随着模型借助上下文和记忆理解大型代码库的能力增强，它们越来越擅长探索代码仓库，并自行做出合理判断。人类需要明确告诉模型「请产出一个经过充分思考的结果」，这种需求已经减少了。我原本没有想到，模型能力会和 “为人类思考设计更好的界面” 形成竞争关系。模型每可靠地自行做出一个决定，就少有一个决定需要单独提出来交给人处理。AI 生成的文字读起来很痛苦那份规格文档包含了更多信息，却没有带来同等程度的清晰度。原因之一，是我们的规格文档太长了。它们记录了重要决策，也包含了许多看起来有用的背景信息。问题在于，这些文字是 AI 生成的。AI 生成文字的节奏和过度结构化的写法，会让阅读变得非常困难。我经常读着读着就走神了。发现这个问题后，我们没有立即放弃规格文档，而是做了一个 Spec Tour，希望带着用户浏览文档中的重点。结果，这只是又增加了一层复杂度。屏幕上出现了更多文字，也有更多内容要求我分散注意力。如果必须再生成一份更短的规格摘要，才能让原来的规格文档变得可用，那么完整文档存在的意义又是什么？我们把一个本应连续的过程拆开了我们的工作流过于线性，也过于强调顺序。大致流程是：聊天 → 通过回答问题消除歧义 → 生成规格文档 → 审查规格文档 → 修改规格文档 → 批准 → 实现 → 审查代码真实的思考不会这样进行。把这些环节彼此分开，也显得人为和生硬。通常情况下，你会先理解问题的一部分，再尝试做点什么。第一次生成会带来新的认识，让你改变原来的想法，尝试另一种方案。每一步都会暴露新的问题。规划和构建往往彼此交织，也会自然展开。计划模式很难容纳这种方式，尤其是 Nuanced 当时的设计。我们的界面要求用户过早地「结束思考」，这样才能开始构建。实现一旦开始，再回到之前基于聊天的推理过程，就像在工作流中倒退。那条瀑布流无法逆行。观察 Codex 目前的工作方式，你会发现规划和执行之间的边界正在消失，二者逐渐合为一体。早期，编码 Agent 更适合这样的流程：规划 → 批准 → 执行那时，走错方向的代价高得多。随着 Agent 更擅长理解系统，它们也越来越能自主行动、测试自己的工作，并在检查结果后调整方案。这使另一种循环成为可能：理解 → 行动 → 检查 → 澄清 → 调整 → 再次行动这个循环中依然包含大量规划，只是规划不一定要呈现为一份名为「计划」的文档。我最大的错误，是把计划做成了一个成果文档，却没有设计出一个能够提升人类理解力的过程。计划模式与构建模式的分离很奇怪Nuanced 同时提供计划模式和构建模式，用户可以任选其一开始。计划模式总会生成一份规格文档。构建模式不会强迫用户先写规格文档，适合那些不值得专门制作规格文档的小任务。但这两种模式之间的分离很尴尬。用户需要先问自己一个元问题：这个任务是否值得规划？如果值得，还要记得通过按钮或键盘快捷键启用计划模式。这种区分应该由 AI 根据已有上下文替用户判断。让用户记住自己该处于哪种模式，只会增加认知负担。意识到这一点后，我有种「midwit 梗图」的感觉：原来，一个简单的聊天界面，按需进行规划，而不是默认进入计划流程，体验可能已经相当不错。我们仍未解决「理解」问题思考要构建什么、为什么重要，以及评估各种决策，依然十分重要。人需要建立对系统正在发生什么的连贯理解，但我不认为一大段由 AI 生成的文字适合承担这个任务。在聊天中逐步推进决策，感觉更加直观。随着系统不断变化，如何让这种理解始终保持更新，仍然是一个悬而未决的问题。当 Agent 数量从五个增加到几百个，这个问题会变得更加困难。跟上变化，不能意味着阅读每一段对话，再为每一次代码变更单独要求解释。Agent 需要找到少数几个最值得人关注的位置，并提供足够的上下文，让人的注意力真正产生作用。当数百个能力不断增强的 Agent 同时修改一个系统时，我们仍然没有解决如何帮助人保持方向感的问题。但在我看来，更深层的问题始终存在：人类如何理解系统，如何穿行于复杂的信息层级，如何使用强大的工具。界面会随着背后的技术一起变化，让复杂性变得可理解的需求不会消失。网友热评对于 Nadeem 的观点，支持、反对的人皆有。一位自称参与 Claude Code 开发的人基本认同「Plan Mode 过去有用，但现在价值正在下降」的判断。他解释，Claude Code 的 Plan Mode 本质上一直只是一个提示机制，用来提醒模型「先规划，不要立刻写代码」，并没有真正改变模型可调用的工具。随着模型能力提升，他自己已经越来越少使用 Plan Mode：模型对任务意图的理解更好了，而在更复杂的任务中，规划也越来越呈现出交互式、迭代式的特点，很难在执行前一次性完成。不过，他并不认为「理解代码变化」这个需求已经消失。对于核心系统中的复杂修改，他有时会让 Claude 额外生成说明文档、架构图甚至交互式 Demo，帮助自己和其他开发者理解改动及其备选方案，并把这些材料附在 PR 中，为后续协作和未来继续处理项目的 Claude 保留上下文。这里帮大家回顾一下，2025年中，Claude Code率先把「规划」和「执行」做成明确的模式区分；此后Cursor、GitHub Copilot快速跟进。2026年初，OpenAI Codex和Google Gemini CLI也先后补齐 Plan Mode。到 2026 年 3 月，Plan Mode已经从 Claude Code 的一个交互设计，变成主流Coding Agent几乎都会提供的一种产品形态。另一位开发者认为，Plan Mode 的价值仍然很明确，尤其是在大型代码库和复杂任务中。它至少能让开发者先理解 Agent 准备采取的策略，并有机会检查设计和架构。如果缺少这一步，开发者很容易逐渐失去对代码的理解，Code Review 也可能退化成简单的「打勾通过」，最终让代码库变得越来越臃肿、难以维护。他尤其担心，能力较弱的开发者虽然表面产出提高了，却没有真正建立起对系统的理解，团队也可能因此快速积累大量技术债务。大家怎么看呢？Hacker News 原贴地址：https://news.ycombinator.com/item?id=49840054原文链接：https://www.aymannadeem.com/artificial/intelligence,/developer/tools/2026/09/24/plan-mode-is-dead.html© THE END 转载请联系本公众号获得授权投稿或寻求报道：liyazhou@jiqizhixin.com不喜欢先计划再写代码，可能已经过时了",,,,pending
DeepSeek mHC多流残差坍塌失效了？,机器之心,机器之心,21C API,normal,2026-09-27T19:12:06+08:00,,核心结论：mHC 的四条残差流并未被均匀使用 —— 读写权重集中在约两条流上；深层（22–42 层）残差混合已接近单位矩阵。干预实验显示：去掉最弱读写路径六任务平均分最多下降 0.38 个百分点，深层残差混合矩阵替换为单位矩阵后六任务平均分基本不变（84.22 → 84.26），浅层固定为平均矩阵仅下降 0.25 个百分点。论文题目：How Does mHC Use Its Residual Streams? Selective Routing and Near-Identity Mixing论文链接：https://arxiv.org/html/2609.05309v1DeepSeek-V4,http://mp.weixin.qq.com/s?__biz=MzA3MzI4MjgzMw==&mid=2651059901&idx=2&sn=9ea89d22a6e01ad71dda60a4beed95a3,,"核心结论：mHC 的四条残差流并未被均匀使用 —— 读写权重集中在约两条流上；深层（22–42 层）残差混合已接近单位矩阵。干预实验显示：去掉最弱读写路径六任务平均分最多下降 0.38 个百分点，深层残差混合矩阵替换为单位矩阵后六任务平均分基本不变（84.22 → 84.26），浅层固定为平均矩阵仅下降 0.25 个百分点。论文题目：How Does mHC Use Its Residual Streams? Selective Routing and Near-Identity Mixing论文链接：https://arxiv.org/html/2609.05309v1DeepSeek-V4-Flash 采用 mHC 结构维护四条残差流，但在实际计算中，它们并没有被均匀使用。mHC 会为每个 token 单独生成读写权重，因此路由可以随输入变化。然而，在训练后的模型中，同一子层的主导流选择对 token 呈现出较强的一致性：对于同一个 Attention 或 FFN 子层，读写权重通常集中在约两条残差流上。残差混合矩阵也呈现出退化形态：虽然浅层仍然存在一定程度的跨流混合，但是到了第 22–42 层，残差混合矩阵已经接近单位矩阵。我们进一步在推理阶段干预，分别去掉每个 token 读或写权重最小的路径后，PPL 最多上升 2.7%，六个任务的平均分最多下降 0.38 个百分点。将第 22–42 层的残差混合矩阵替换为单位矩阵后，PPL 上升 1.9%，任务平均分则基本保持不变。浅层虽然不能直接用单位矩阵取代（替换后 PPL 上升 41.4%），但是固定为其在 C4 校准集上的 token 平均矩阵（即保留本身的混合结构、去掉逐 token 的变化），PPL 仅上升 0.2%，六个任务的平均分下降 0.25 个百分点。 图 1｜四流 mHC 的读写主要集中在少数残差流上，主导流随深度切换；浅层保留跨流混合，深层则接近各条流独立传递。从单流残差到多流残差在标准 Transformer 中，每个 Attention 或 FFN 子层都从同一条残差流读取隐藏状态，并将计算结果加回这条流。Hyper-Connections（HC） 及 Manifold-Constrained Hyper-Connections（mHC） 将单条残差流扩展为多条并行流。在本文分析的 DeepSeek-V4-Flash 模型中，mHC 维护四条残差流。将第个 Attention 或 FFN 子层的输入残差流记为，该子层的更新为：对单个 token，，其中 d 为隐藏状态维度。读映射和写映射分别由行向量和表示，残差混合映射由矩阵表示。这三个映射均采用依赖输入的参数化方式：模型根据当前 token 在该子层的隐藏状态，通过可学习参数生成读写权重和残差混合矩阵。F 表示 Attention 或 FFN 计算， 为其参数。mHC 还使用 Sinkhorn–Knopp 迭代对 进行归一化，将其约束为双随机矩阵，即元素非负、每行和每列的元素之和均为 1，以改善训练稳定性。单位矩阵也满足该约束，当接近单位矩阵时，各条流主要沿残差通路独立传递。不过，mHC 并未将直接固定为单位矩阵，保留了动态混合的能力。mHC 允许模型随输入调整四条残差流的读写和混合方式，但训练后的模型如何使用这些流，又在多大程度上依赖这种动态性，仍不清楚。因此，我们分析了 DeepSeek-V4-Flash 前向计算中的读写权重、残差混合矩阵和各条流的隐藏状态，并通过推理时干预，检验裁剪读写路径或替换残差混合矩阵对模型性能的影响。分析对象与评测设置我们使用公开的 DeepSeek-V4-Flash-0731 权重进行分析。我们从 C4 数据集中随机采样 512 个长度为 1,024 的序列，在前向计算中记录各子层为每个 token 生成的读写权重和残差混合矩阵，以观察这些映射随输入和网络深度的变化。另外，我们通过 C4 数据集困惑度（PPL）和六个零样本任务（ARC-Easy、ARC-Challenge、PIQA、HellaSwag、MMLU 和 GSM8K）评估干预后的模型性能。读写路由的集中程度与主导流选择读映射 和写映射 分别决定每个子层从哪些残差流读取、向哪些残差流写入。对于每个 token，我们将读或写权重最大的那条残差流称为「主导流」，然后定义以下指标考察不同 token 是否选择相同的主导流，以及读写权重集中在多少条残差流上：主导流一致性：在同一个子层，选择最常见主导流的 token 占比。有效流数量：将读或写权重归一化为 ，计算 ，衡量权重分布相当于使用多少条流。图 2｜左：主导流一致性；右：有效流数量。每个点合并了同层 Attention 和 FFN 子层的统计结果。图 2 中，读映射的主导流一致性平均为 0.871，写映射为 0.905。也就是说，在一个给定子层内，大多数 token 往往共享同一条主导流。与此同时，读映射平均对应 1.998 条有效流，写映射为 1.775 条。这说明尽管架构提供了四条流，一次典型的 Attention 或 FFN 计算实际上只把主要权重放在约两条流上。上述统计描述了单个子层内的路由模式。图 3 进一步展示各条流在不同子层中的平均读写权重。图 3｜四类位置上的平均流负载。高负载区域形成连续的深度区间，但主导流会随层、子层类型以及读写映射发生切换。残差流之间的表示相似度一个需要进一步检查的问题是：四条流的表示是否已经趋于相似，从而使模型只需集中访问其中少数几条？我们在每个 Attention 或 FFN 子层计算四条流隐藏状态之间的余弦相似度，共得到六组两两比较，结果见图 4。图 4｜四条残差流两两之间的余弦相似度随深度的变化。左图为六组流对的平均值，右图分别展示各组流对，颜色越深表示余弦相似度越高。图 4 左图中，四条残差流在模型入口处的余弦相似度为 1，因为它们由同一份输入表示复制而来。经过第一个 Transformer 层后，各条流的表示开始分化；在之后的网络中，六组流对的平均余弦相似度介于 0.235 和 0.564 之间，总体平均为 0.404。也就是说，各条流在前几层就形成了方向上不同的表示，此后也没有重新趋于一致。右图将六组流对分开展示，每一行对应一组流对，颜色越深表示余弦相似度越高。从各行的颜色变化可以看出，不同流对随深度呈现出不同的变化，也没有哪一对残差流在整个网络中始终保持较高的相似度。不过，表示方向是否相同，与具体读写路径是否必要，是两个不同的问题。即使某条流的表示方向与其他流不同，当分配给它较小的读写权重时，仍可能对模型输出影响有限。这些较弱的读写路径能否裁剪，需要通过后面的推理时干预检验。残差混合映射随深度的变化我们用残差混合矩阵与单位矩阵的平均绝对偏差衡量各子层的跨流混合强度：当为单位矩阵时，，四条流沿残差通路各自传递。图 5 给出了每个 Attention 和 FFN 子层在校准 token 上的平均值。图 5｜Attention 和 FFN 子层的单位矩阵偏离，每个点为校准 token 上的平均值。图 5 显示，较大的偏离主要出现在模型前半部分。在第 22 层后，残差混合矩阵逐渐接近单位矩阵。在第 23–42 层的 40 个子层中，有 32 个子层的偏离低于 0.01。图 6 分别给出了第 0–21 层和第 22–42 层的平均残差混合矩阵：图 6｜第 0–21 层和第 22–42 层的平均残差混合矩阵。这更直观地呈现了这种深度差异：第 0–21 层的平均矩阵中仍能看到非对角权重；第 22–42 层的平均矩阵则已接近单位矩阵。读写路径裁剪与残差混合映射替换读写路径裁剪对每个 token 和每个子层，我们分别在读映射和写映射中保留权重最大的 路径，再将保留的权重等比例缩放，使权重之和与裁剪前相同。保留 top-3 时，读写路径裁剪对 PPL 和六个任务平均分的影响都较小。进一步裁剪到 top-2 后，两项指标的变化明显增大，其中写映射裁剪的影响更大。因此，权重最小的一条路径可以近似移除。残差混合映射替换我们将指定深度范围内的残差混合矩阵替换为。我们还用每个浅层子层在 C4 校准集 token 上的平均矩阵，替代该子层原本动态生成的矩阵，单独考察逐 token 变化的作用。将深层残差混合矩阵替换为 后，PPL 上升 1.9%，六任务平均分变化 +0.04 个百分点；将全部残差混合矩阵替换为 后，PPL 上升 42.3%，六任务平均分下降 3.28 个百分点。这说明关闭深层的直接跨流混合影响较小，但全网都换成单位矩阵会带来明显的性能下降。将浅层固定为各子层的 C4 平均矩阵后，PPL 上升 0.2%，六任务平均分下降 0.25 个百分点。这项干预固定了浅层的跨流混合方式，说明逐 token 变化带来的额外作用有限。图 7 进一步列出每个任务的得分变化：图 7｜各项干预相对原始模型的零样本分数变化，单位为百分点。为突出常见变化范围，色阶在 ±7 处截断，格内数字保留真实变化值。讨论：多流残差结构的简化方向在读写路由上，部分低权重路径可以移除，但继续提高裁剪强度会带来性能下降。因此，可以探索在保留多流结构的同时，适当降低读写路由的密度。这样的设计能否兼顾模型性能与计算效率，需要在相应的架构中重新训练和评估。残差混合映射则表现出明显的深度差异：深层替换为恒等映射后，模型性能变化较小；浅层仍需要跨流混合，但同一子层内的逐 token 变化作用有限。因此，可以探索让残差混合映射的动态性随深度变化，而不必在所有层采用相同的机制。近期的两个多流模型已经采用了更简单的残差通路：腾讯 Hy4-preview 的 identity Hyper-Connections（iHC）将 固定为单位矩阵，Qwen3.8-Flash-Next 的 Gated Residual 则直接去掉这一映射。按本文的记号，两者都相当于令 。© THE END 转载请联系本公众号获得授权投稿或寻求报道：liyazhou@jiqizhixin.com不喜欢mHC 的四条残差流并未被均匀使用。",,,,pending
武契奇宣布：即将辞去总统职务,财联社,财联社,21C API,normal,2026-09-27T19:09:13+08:00,,据新华社，当地时间9月27日中午，塞尔维亚总统武契奇在接受塞尔维亚广播电视台采访时表示，他将于当地时间27日晚8时左右正式提交辞呈，辞去总统职务。,http://mp.weixin.qq.com/s?__biz=Mzg5MzEyNzEwNQ==&mid=2247854998&idx=1&sn=6be7f7c593298203a225c18f2698a206,,据新华社，当地时间9月27日中午，塞尔维亚总统武契奇在接受塞尔维亚广播电视台采访时表示，他将于当地时间27日晚8时左右正式提交辞呈，辞去总统职务。,,,,pending
康宁揭秘玻璃基板可靠性：RDL应力如何诱发Se-Wa-Re裂纹失效？,芯联汇,芯联汇,"21C API, 可靠性, 发布, 量产",normal,2026-09-27T19:03:58+08:00,,从残余应力到裂纹扩展，解析Se-Wa-Re失效底层机制RDL材料、CTE与弹性模量如何重塑Glass Core可靠性？最近在梳理 玻璃基板与先进封装 技术时，小编发现，玻璃基板真正走向大尺寸、高密度封装，还有一道绕不开的可靠性难题——Se-Wa-Re 横向裂纹失效。RDL 沉积与热循环带来的残余应力，可能让裂纹从玻璃边缘一路向内部扩展，而且不同的铜层、聚合物、CTE 与弹性模量，甚至会改变裂纹的传播路径。今天小编就结合康宁这篇研究，一起来看看：玻璃基板为什么会“裂”？RDL 与 Glass Core 又该如何协同设计，才能解决先进封装中的可靠性难题？一、这份材料真正想说明什么？核心讨论的是一个,http://mp.weixin.qq.com/s?__biz=MzkwMTYxMzY2MA==&mid=2247514072&idx=1&sn=febd3e4aca35c41be6b3aa9488d7567b,,"从残余应力到裂纹扩展，解析Se-Wa-Re失效底层机制RDL材料、CTE与弹性模量如何重塑Glass Core可靠性？最近在梳理 玻璃基板与先进封装 技术时，小编发现，玻璃基板真正走向大尺寸、高密度封装，还有一道绕不开的可靠性难题——Se-Wa-Re 横向裂纹失效。RDL 沉积与热循环带来的残余应力，可能让裂纹从玻璃边缘一路向内部扩展，而且不同的铜层、聚合物、CTE 与弹性模量，甚至会改变裂纹的传播路径。今天小编就结合康宁这篇研究，一起来看看：玻璃基板为什么会“裂”？RDL 与 Glass Core 又该如何协同设计，才能解决先进封装中的可靠性难题？一、这份材料真正想说明什么？核心讨论的是一个非常具体但对玻璃基板先进封装量产可靠性很关键的问题：RDL 制程产生的残余应力，如何诱发玻璃芯层内部的横向裂纹（Se-Wa-Re），以及如何通过 RDL 材料、结构和玻璃材料选择降低这种失效风险。 作者指出，玻璃基板凭借大尺寸、高且稳定的弹性模量、可调 CTE 和优异介电性能，很适合 2.5D 等先进封装，但玻璃本身的脆性也带来了新的机械可靠性挑战。二、玻璃基板真正的隐患：RDL 应力可能把玻璃“横向撕开”文章重点研究的 Se-Wa-Re，是一种与玻璃芯基板相关的特殊失效模式：RDL 沉积以及后续热循环产生残余应力，裂纹可能从切割后的玻璃边缘开始，随后沿玻璃内部横向扩展。其根源之一，就是低 CTE 玻璃与较高 CTE 的 RDL 材料之间存在热膨胀失配。 因此，玻璃基板未来真正走向大尺寸先进封装时，问题并不只是“玻璃够不够强”，而是玻璃 + RDL 材料 + RDL 厚度 + CTE + 弹性模量 + 裂纹位置共同决定最终的机械可靠性。而实验研究这种失效非常昂贵，并且难以人为控制裂纹产生，所以康宁提出利用模拟手段提前预测 Se-Wa-Re 风险。 三、康宁建立三套模型，从“应力—裂纹—失效”完整分析这篇论文比较有价值的一点，是没有单纯依靠 FEA，而是建立了三种互补模型。第一层是 FEA 有限元分析，用于寻找玻璃边缘的应力集中位置；第二层是 Peridynamics（近场动力学），直接模拟裂纹从产生到扩展的动态路径；第三层是解析断裂力学模型，利用 Mode I / Mode II 应力强度因子 \(K_I\) 与 \(K_{II}\)，解释裂纹为什么会转向、最终在哪里稳定扩展。 换句话说FEA 找到“哪里危险” → Peridynamics 看“裂纹怎么跑” → 解析模型解释“为什么这么跑”。这套组合方法比单纯观察应力分布更接近玻璃基板实际的失效机制。四、RDL 材料不同，玻璃裂纹的“路线”会完全不同论文最核心的发现之一，是 RDL 不只是决定应力大小，还会改变裂纹传播路径。作者比较了 30 μm 铜膜和180 μm 低模量 Polymer 1。在铜 RDL 情况下，由于铜的刚度较高，较大的剪切应力会推动靠近玻璃/RDL 界面的裂纹以混合模式向玻璃中间面（midplane）偏转；到达中间区域后，\(K_{II}\) 接近 0，而 \(K_I\) 仍然超过临界值，于是裂纹转变为比较稳定的 Mode I 开裂，继续沿玻璃内部横向传播。 而换成厚而柔软的 Polymer 1 后，施加给玻璃的剪切载荷明显下降，裂纹不一定快速跑向玻璃中心，而可能停留并沿玻璃/RDL 界面附近扩展，最终表现为聚合物连同一层薄玻璃一起剥离。所以文章实际上证明了一件很重要的事情，RDL 的弹性模量和厚度不仅影响“会不会裂”，还决定“裂纹往哪里走”。裂纹模拟图也非常直观地展示了这两种完全不同的裂纹路径。五、CTE 是控制 Se-Wa-Re 风险的关键变量之一作者进一步把玻璃材料的 CTE 与弹性模量进行参数扫描，发现两者的重要程度并不一样。在论文研究的参数范围内，玻璃 CTE 对 \(K_I\) 的影响明显强于玻璃弹性模量：固定弹性模量时，提高玻璃 CTE 可以快速降低 \(K_I\)；但固定 CTE 时，仅降低玻璃弹性模量，对 \(K_I\) 的改善相对有限。 这意味着玻璃基板材料开发不能只追求“高模量”或者“更硬”，CTE 匹配同样是决定横向断裂可靠性的核心设计参数。参数图基本就是整篇文章最重要的工程设计地图之一：它把不同玻璃 CTE、弹性模量与 RDL 材料组合对应的 \(K_I\) 风险直接可视化出来。六、低 CTE 聚合物 + 合适玻璃，是论文给出的重要优化方向这里还有一个很关键的发现。当 RDL 使用高 CTE 聚合物时，玻璃中的残余应力本身已经很高，此时仅仅改变玻璃材料，能够提供的优化空间有限。但换成低 CTE Polymer 2之后，玻璃材料本身的 CTE、弹性模量对 Se-Wa-Re 的影响开始明显体现出来，因此就可以通过RDL 材料选择 + 玻璃材料选择协同优化降低失效风险。 作者最终也明确指出，玻璃 CTE 是控制横向断裂的重要杠杆之一，真正决定可靠性的不是单一材料参数，而是玻璃与薄膜材料属性的组合设计。小编总结玻璃基板的 Se-Wa-Re 失效，本质上是 RDL—玻璃材料体系中的热机械失配驱动的断裂问题；RDL 的材料、厚度、弹性模量和 CTE 会共同改变应力分布与裂纹传播路径，而通过 FEA + 近场动力学 + 解析断裂力学联合建模，可以建立从“应力集中—裂纹起始—裂纹转向—稳定扩展”到材料优化的完整分析框架。END:原始报告我放在知识星球了，我们在星球中每日会更新半导体行业信息，技术拆解报告，市场分析报告，欢迎大家的加入~资料整理耗时耗力，专为学习与深度交流而备。若您希望获取报告原件，或有额外资源等需求，欢迎私信联系！除公众号发布的资料外，我们的知识星球——「芯联汇」还有更丰富和富有价值的资源，包括：最新的技术与市场深度分析报告全球半导体龙头企业产品路线图顶尖科研院所和高校的研究成果和讲义教程半导体各细分领域的趋势判断行业峰会演讲精华与专家访谈实录欢迎扫码加入，与更多行业同行交流，开启您的半导体知识进阶之旅！ 关注芯联汇，掌握""芯""讯息 不喜欢康宁揭秘玻璃基板可靠性：RDL应力如何诱发Se-Wa-Re裂纹失效？",,,,pending
震撼，Opus 5.5首次颠覆Dijkstra算法最短路径！,新智元,新智元,21C API,normal,2026-09-27T18:59:56+08:00,,新智元报道 震撼，Opus 5.5首次颠覆了Dijkstra最短路径算法！就在刚刚，Vals AI公布了一项足以载入计算机科学史册的重大突破。他们让10个Claude Opus 5.5 Agent去挑战CS本科经典算法Dijkstra，成功找到了一种更快路径。对于所有学过计算机的人来说，Dijkstra算法是一个神圣不可侵犯的名字。它是计算机科学的基石，几代顶尖科学家在它身上耗费了无数心血，探索了几十年，试图把它优化到极致。这种被人类研究得底朝天的「经典问题」，想要再往前推进一步，难如登天。这不是什么「把代码写得优雅一点」就能解决的工程问题，而是需要从底层数学上证明：哪怕在无限大的数据规模下，,http://mp.weixin.qq.com/s?__biz=MzI3MTA0MTk1MA==&mid=2652729873&idx=1&sn=7e063c39de93f9482164603d66195f6c,,"新智元报道 震撼，Opus 5.5首次颠覆了Dijkstra最短路径算法！就在刚刚，Vals AI公布了一项足以载入计算机科学史册的重大突破。他们让10个Claude Opus 5.5 Agent去挑战CS本科经典算法Dijkstra，成功找到了一种更快路径。对于所有学过计算机的人来说，Dijkstra算法是一个神圣不可侵犯的名字。它是计算机科学的基石，几代顶尖科学家在它身上耗费了无数心血，探索了几十年，试图把它优化到极致。这种被人类研究得底朝天的「经典问题」，想要再往前推进一步，难如登天。这不是什么「把代码写得优雅一点」就能解决的工程问题，而是需要从底层数学上证明：哪怕在无限大的数据规模下，新算法确实更快。结果，奇迹发生了！Vals AI团队把10个Opus 5.5智能体被放进一个沙盒里，可以在虚拟留言板上交流、找茬，甚至为了某个技术路线「大吵一架」。15小时后，留言板上留下了733次激烈的讨论记录。15小时后，它们交卷了。这群AI不仅给出了一个名为C-HD的全新算法，还包含了289个文件的Lean形式化证明，直接扔给Lean Kernel做机器验证，并且一次性通过！一时间，算法圈震动了。有人惊呼：「过去需要人类花几年去试错的研究，现在居然被Agent在半天内并行复制了？」算法神坛上的DijkstraDijkstra算法，是一个极其简单又极其核心的问题。给定一个图，包含若干顶点和连接它们的有向边，每条边有一个非负实数权重。从某个起点出发，你需要找到前往图中每一个其他顶点的最小总权重路径，或者判断其不可达。其中，所有内部操作（比如访问节点的计数、中间距离的存储）都会计入运行时间。在这个领域，Edsger W. Dijkstra在1959年提出的Dijkstra算法，至今仍是神一般的存在。配合合适的优先队列数据结构（例如斐波那契堆），Dijkstra算法的时间复杂度达到了完美的 ，其中 n≥ 2 是顶点数，m是边数。在当今的理论前沿，当 m≥n时，也有其他的突破。比如2025年的一篇重磅论文将复杂度推进到了，紧接着在2026年的后续研究中又达到了。但在图的密度处于某种中间状态时，Dijkstra依然是无法撼动的王者。这次人类给AI出的终极难题就是——去设计一种比Dijkstra更快的最短路径算法，并且必须用Lean数学形式化语言证明它。15小时，733次灵魂探讨：10个AI如何「吵」出C-HD算法如果说此前的Hugging Face 事件和攻克NS难题教会了我们什么，那就是： 智能体可以极大地压缩人类在难题上取得进展的时间。 而让 Agent 协同工作的最有效的方法，就是给它们一个「交流论坛」，人多力量大。实验中，人类拉起10个Claude Opus 5.5 Agent实例，将「努力值」拉满。这10个Agent拥有初始的分工角色，但被赋予了极高的自治权——可以随时重组工作、分享新发现、互相质疑，并将算力转移到看起来最有希望的方向上。然后，人类给了他们一长串苛刻的prompt。1.必须在带有非负实数权重的有向图上，寻找精确的最短路径。2.必须在理论复杂度上实现实质性的提升。3.必须提供完整的、可复现的Lean数学证明。4.必须和2025年、2026年人类最顶尖的最新论文（比如将复杂度压到O(m \log^{2/3} n)的前沿成果）进行对比。5.必须记录所有失败的尝试，避免其他Agent重复踩坑。6.在宣布成功前，必须完成两次独立的「AI同行评审」。接下来，在15个小时的「闭关锁国」中，这10个Opus 5.5开始疯狂运转，仿佛一支特种部队，表现出惊人的协作能力。它们发现了一些走不通的死胡同，就会立刻在留言板上大喊：「这条路不通，别试了！」如果有AI提出了一个新点子，其他AI就会像无情的审稿人一样，疯狂寻找漏洞。最终，它们交出了最终成果——C-HD算法。C-HD到底凭什么敢叫板Dijkstra？经典的Dijkstra算法，采用的是贪心策略，每次都老老实实地从当前未访问的顶点中，挑一个距离最近的，然后再向外扩展。在使用了斐波那契堆等合适的数据结构后，它的时间复杂度可以稳定在 O(m + n \log n)。但10个Claude觉得，这还不够快！它们搞出的C-HD算法，在策略上进行了根本性的创新。有网友特意让Opus 5.5画了一张原理对比图：在C-HD的世界里，算法不再像Dijkstra那样只盯着单个最近点，而是会标出一批黄色的「枢轴点」它们引进一种基于启发式分解的巧妙策略，具体理念如下：1.从源点和当前的顶点边界出发。2.沿着出边运行有界的局部搜索。3.将新遇到的顶点计入搜索限制，即便是当某条边并没有改善距离估计时，那些未探索的叶子节点也会被计算在内。4.利用由此产生的搜索树和「枢轴」，来组织递归工作。更绝的是，AI们还给这个算法设计了严密的「局部不变量」——也就是每次更新后必须保持为真的数学规则。通过小心翼翼地删除无效边并限制局部搜索，C-HD极限地压缩了重复搜索和数据结构上的无用功。结果，在一个特定的稀疏图范围内，经典Dijkstra的复杂度是：。而C-HD算法硬生生将其压低到了： 具体来说，C-HD算法确立了以下惊人的复杂度上界——其中，验证范围是。相比之下，Dijkstra的，前导项比率为。在这个特定的稀疏图区间内，C-HD实现了严谨的渐近复杂度超越！接下来，他们实现了最具含金量的一环——形式化验证。10个Claude提交了289个Lean文件，构建了完整的定理：-- From namespace Frontier.CHD.Final:theorem chd_CHDTarget : GateCTarget.CHDTarget GateCCalc.F := ⟨chdProgram, chd_exact_within.1, bodyC KcC + 65536 * 9 + 100, chd_exact_within.2⟩经过漫长的编译和机器验证，Lean Kernel 亮起了绿灯：证明通过！可以确认：在AI定义的计算模型和图密度范围内，C-HD算法绝对能够正确求出最短路径，并且绝对达到了它声称的 复杂度上界，同时，证明过程中没有使用任何未被允许的作弊公理。Vals AI 的开发者感叹道：一队智能体能做什么，真是引人入胜。数据中心里的天才之国；这个预测离现实并不太远。反转了：理论很丰满，现实很骨感如果在这里结束，那将是一个完美的结局。C-HD算法的消息一出，极客们坐不住了。一位名叫 danalec 的开发者在GitHub上连夜肝出了一个名为 C-HD的项目——他用高性能C语言（MSVC,C17），将C-HD算法原封不动地敲成了1900行的工程代码，并将其与经典的Dijkstra以及25年的DMMSY算法，放进同一个竞技场里跑分。结果一出来，大家都沉默了。在实测数据图表中，C-HD算法被按在地上摩擦：它依然比DMMSY慢了大约1.8到2.9倍。甚至，它比最朴素的Dijkstra算法，还要慢1.4到2.8倍！怎么回事？难道AI骗了Lean内核？并没，懂行的人一眼就看出了端倪——常数爆炸。在算法理论中，（O）只考虑当数据无限大时的趋势，而完全忽略了常数项。虽然C-HD在理论上少了一点点运算次数，但在实际工程中，它需要疯狂地进行预处理。根据实测，C-HD算法在跑一次任务时，59%的时间耗在了处理16字节标签，34%的时间耗在了预处理上。在实际的图论规模下，C-HD省下来的那点理论步骤，根本弥补不了它为了「花式切分任务」付出的巨大内存调度和预处理代价。而且，随着顶点数增加，它落后于Dijkstra的比例虽然在缩小，但在人类有生之年能用到的机器内存极限内，它永远也追不上Dijkstra的实际物理耗时。开发者们这样评价：「博客写得很好，但这算法在现实中太鸡肋了。」或许这就人类没死磕这个方向的原因：对纯数学来说太偏工程，但对工程来说又毫无实用价值。不过，C-HD依然让人细思极恐。Vals AI的作者这样写道：一个装在数据中心里的「天才国度」，这个预言已经不远了。C-HD 的工程失利，丝毫无损于它在AI史上的里程碑意义。10个Claude在15小时内推导出C-HD算法，就是AI领域的「莱特兄弟时刻」。它证明：AI完全有能力踏入纯理论的无人区。它们不仅仅是在搜索已有知识，而是真的在「组合、推演、创造」人类甚至未曾设想过的解法。推导常温超导的晶体结构，穷举治愈癌症的靶向蛋白折叠路径，求解黎曼猜想，都在眼前了。当几十年后，人们回望AI接管科研的起点时，一定会想起2026年9月的这个事件。人类的算法教科书，或许真的要由AI来重写了。参考资料：https://x.com/MaxForAI/status/2102712136380379462https://x.com/ValsAI/status/2102470507136417984?s=20https://www.vals.ai/blogs/faster-shortest-path-algorithmhttps://x.com/search?q=%20C-HD&src=typed_query编辑：Aeneas秒追ASI⭐点赞、转发、在看一键三连⭐点亮星标，锁定新智元极速推送！不喜欢六十年算法圣经被AI一夜改写",,,,pending
GPT-6自己打开软件干活了！一张图纸长出3295个零件，一句话造出豪宅,新智元,新智元,"21C API, 发布",normal,2026-09-27T18:59:56+08:00,,新智元报道 GPT-6 Astra发布没多久，就已经没人看榜单了？不是跑分不好看，而是OpenAI变了套路，改成收作业了。开发者一看，行，那就交作业吧。开发者Tom Krcha把一张旧蒸汽机车的图纸扔给Astra，让它在Blender里重建。几分钟后，Blender里多出了3295个可编辑的独立对象：锅炉、连杆、车轮、铆钉，每一个都能单独选中、单独改。想要多细、多简，一句话就行，用Krcha的原话说：「去造你自己的运输大亨吧」。很多人惊呼AI突然学会了3D建模，但Krcha自己先泼了盆冷水：别以为它是坐在Blender里点鼠标的建模师，它压根不点鼠标，全靠写Python脚本把零件一个个「写」出,http://mp.weixin.qq.com/s?__biz=MzI3MTA0MTk1MA==&mid=2652729873&idx=2&sn=7ee91b201979d1d1b4a4fbcb847a4673,,新智元报道 GPT-6 Astra发布没多久，就已经没人看榜单了？不是跑分不好看，而是OpenAI变了套路，改成收作业了。开发者一看，行，那就交作业吧。开发者Tom Krcha把一张旧蒸汽机车的图纸扔给Astra，让它在Blender里重建。几分钟后，Blender里多出了3295个可编辑的独立对象：锅炉、连杆、车轮、铆钉，每一个都能单独选中、单独改。想要多细、多简，一句话就行，用Krcha的原话说：「去造你自己的运输大亨吧」。很多人惊呼AI突然学会了3D建模，但Krcha自己先泼了盆冷水：别以为它是坐在Blender里点鼠标的建模师，它压根不点鼠标，全靠写Python脚本把零件一个个「写」出来。这才是这波3D热潮的底层逻辑。Astra没有长出一双会操作软件的手，它只是把Blender当成了一个带API的运行环境。它先看图，弄清这台机车是怎么拼的，再把锅炉、车轮、连杆一件件拆开，然后调用Blender的Python接口bpy，一个零件一个零件地生成几何体，命名，放到该在的位置上。能看懂图，推导出空间关系，写出脚本，还能对着渲染图修改：这四件事叠在一起，外人看到的就是「会建模」。Krcha的另一个演示更彻底：换到Three.js里，连模型文件都省了。两辆火车的几何、轮子转动、拆解重组动画，全是TypeScript代码在浏览器里运行时现算出来的。从一句话到一栋能开门倒咖啡的房子为了证明这不是偶发的炫技，OpenAI自己的工程师Thomas Ricouard交出了一份最硬核的作业。他的起点只有一句话：设计一栋极简但细节丰富的房子，带花园，光线要电影感。没有平面图，没有家具清单。Astra直接通过Blender的Python接口把建筑、木作、家具、植物、材质、灯光和相机全部建了出来。更关键的是，它交回来之前先自己看了一遍预览渲染，自己调构图、改光线、修掉植物穿模、把沙发上的毯子重新摆好。一句话生成的第一版Solace住宅，Astra通过Blender Python接口建出建筑、家具、材质与灯光。有一次，Astra自己发现不锈钢水槽有一块的法线方向不对，渲染出来像被人捏了一下，它顺手改掉，重新渲染了一遍。这些问题Ricouard一样都没指出过，全是模型自己发现并修复的。当Ricouard要求把房子变大时，Astra体现出了专业性。它先画了一张平面图：U形单层住宅，中间是客餐厨，两翼三间卧室加书房，围着一个种了植物的庭院。平面图上有明确的动线考虑，比如卧室不做过道，绕庭院的路线避开厨房工作区。在Ricouard批准平面图后，Astra才重建了整栋房子。Astra先画平面图再建模：U形单层住宅，客餐厨居中，两翼三卧加书房，动线避开厨房工作区。建出来的东西全是几何体：沙发坐垫有滚边，床有床架、床板和床垫，衣柜有内部隔板和挂杆，办公桌有理线槽，水槽是真的空心盆。为了检验成果，Ricouard要了一段30秒、有人味的高清镜头漫游。Astra自己写脚本把相机架在1.65米高，配24—26毫米镜头，加轻微步行晃动，遇到预览里对着空墙的镜头就重拍，最后渲染了900帧拼成片子。这还没完， Astra接着写了一套导出管线：将几何体导出为FBX，同时生成一份JSON描述文件记录每个部件的位置、材质和灯光。它把整栋房子搬进了Unreal Engine 5，单位从米换算到厘米、坐标系翻转、复用贴图重建材质系统，全在管线里自动处理。最后，它加上第一人称角色和碰撞，打包成Mac原生应用，自己走一遍测试路线。在最新版本中，你按E键不仅能开门、拉抽屉、开关灯，甚至咖啡机按下去真的会往杯子里流出咖啡，液面也会随之上升。从一句话到一栋能开门倒咖啡的房子，中间没有换过工具链的操作者。以前Blender建模是一个人，导出到引擎是一个人，写交互逻辑又是一个人，现在是一个模型从头贯穿到尾。这才是最具颠覆性的改变。打通跨软件工具链的执行层如果只有3D，还能说这是视觉能力顺带溢出来的。但官方发布页上另一个演示，直接跨到了电子工程。Astra拿到一张电路原理图，打开KiCad，先把元件一个个摆上板子，再把铜线一根根布好，一路推进到能送去工厂生产的PCB布局。做硬件的人都知道这活有多烦：PCB布局到今天还大量靠手工，是电子设计流程里出了名的堵点。Blender里写bpy，Unreal里写导出管线，Three.js里直接写几何，KiCad里摆元件走线。四款看似不相干的专业软件，底层却是同一套动作：读懂任务，找到软件的接口，写代码或者动手操作，看结果，再改。OpenAI把这套能力定义为电脑操作、网页浏览和专业工作。发布才一周，Astra已经靠这套能力，把第一批专业软件变成了自己的试验场。在社区里，各种脑洞大开的成品也开始井喷。Peter Gostev让Astra用Three.js把梵高最有名的6幅画连成一座能走进去的连续小镇。你从《阿尔的卧室》里醒来，推门就是《夜间露天咖啡座》，沿街走下去是《罗纳河上的星夜》，出了城门是《麦田群鸦》和一片向日葵。全程程序化生成，没用一个外部素材，每一面墙、每一块石板都是代码画出来的。这说明Astra的本事不止于做资产，六幅画怎么拼成一个连续的空间，走到哪儿触发什么，最后怎么打包成一个能在浏览器里打开的网页，它一手包办。Matt Shumer让Astra在Unreal里连干一周，搭了一座曼哈顿。Dominik Kundel让Astra在BrickLink Studio里设计出真能拼的乐高模型，再用Blender渲染成4K视频，OpenAI Developers官方转发了这个用例。有开发者做了2234个部件的人体解剖交互网站，能拆解、能旋转。还有人做了一个AR扫地应用：手机镜头跟着吸尘器刷头走，扫过的地面实时覆上绿色，哪里漏掉了一眼就能看出来，左下角还同步累计已清扫面积。梵高小镇是少数从零画起的例子。需要注意的是：多数刷屏成品，虽然交出了成品，但不等于凭空生成。那个刷屏的2234件人体解剖项目，用的是现成的BodyParts3D数据库，Astra做的是把它组装成可拆解、可旋转的交互网站，而不是从零建出两千多个人体结构。在Ricouard的森林别墅里，树、蕨类、石头以及橡木、石膏等贴图，用的也是Poly Haven的现成扫描资产。Astra变强的不是凭空造物的能力，而是自主组装、转换、操作和迭代工具链的能力。它更像一个不知疲倦的技术美术加管线工程师，而不是一个纯粹的概念艺术家。当动手能力变强安全就变成了权限问题以前担心AI，是怕它嘴上说错话。现在担心AI，是它可以替你干活，但手里也拿着你房间的钥匙。9月1日，Astra发布前两天，OpenAI先发了一篇安全更新，标题叫《迈向Astra：关键能力与前沿防护机制》，直接承认：Astra是第一个踩到准备框架「关键」级网络安全门槛的模型。「关键」级的意思是：给它工具和权限，不用人指点，它自己就能在加固过的系统里找到没人发现过的漏洞，再写出利用程序。专家团队关掉全部生产防护做过一场受控测试。面对加固过的浏览器，Astra搭出一整条入侵链，从沙箱里钻出来，在宿主机上跑命令；面对加固过的操作系统，它把几个漏洞串成一条提权链，普通账号一路升到root。ExploitBench上Astra拿了100%的满分，前代GPT-5.6 Sol是78.5%。所以OpenAI过去几周把Astra的部分开发和发布往后推，先把防护加厚、测完再放。Copilot时代，软件是人的，AI站在旁边递扳手；软件操作层时代，AI直接坐到工位上，人退到审平面图、点确认的位置。接下来一两年的地图已经画好了：哪个软件有脚本接口、有命令行、有能读的文件格式，哪个软件就先被模型接管。Blender、Unreal、Three.js、KiCad，恰好全在名单上。那些没有接口、只认鼠标点击的软件呢？OSWorld 2.0测的就是不借任何接口、直接用鼠标和键盘操作一台真实电脑，Astra在上面拿到72.6%，平均每项任务约40分钟，比上一代省了将近一半时间。所以，有接口的先被接管，没接口的也只是晚一步。它正在学会用你的方式用你的电脑。参考资料：https://x.com/tomkrchahttps://developers.openai.com/blog/architectural-visualization-with-astrahttps://x.com/ashebytes/status/2096221988763173186https://x.com/dkundel/status/2096297005924729240编辑：元宇秒追ASI⭐点赞、转发、在看一键三连⭐点亮星标，锁定新智元极速推送！,,,,pending
中方对南海岛礁管控范围逐步扩大！菲方越挑衅，中国海警管控越有力,科技日报,科技日报,21C API,normal,2026-09-27T18:55:06+08:00,,2023年以来，菲方开始在中国南海多地实施侵权挑衅行动，冲闯中国岛礁、冲撞中国舰船、试图非法滞留。对此，中国海警坚决予以反制，采取拦阻驱离，水炮压制、强制拖离等措施，挫败菲方图谋，加强对中国南海岛礁管控。目前，中国对黄岩岛、仁爱礁的管控已拓展到24海里之外，对仙宾礁、铁线礁已实现常态化的管控，中方的管控范围还在逐步扩大。菲方越挑衅，中国海警管控必将越有力。来源：环球时报编辑：王曼茜审核：张爽,http://mp.weixin.qq.com/s?__biz=MzI3NDI5MjI4OQ==&mid=2247899806&idx=1&sn=2956aa1bc1425840373d98d6509e4644,,2023年以来，菲方开始在中国南海多地实施侵权挑衅行动，冲闯中国岛礁、冲撞中国舰船、试图非法滞留。对此，中国海警坚决予以反制，采取拦阻驱离，水炮压制、强制拖离等措施，挫败菲方图谋，加强对中国南海岛礁管控。目前，中国对黄岩岛、仁爱礁的管控已拓展到24海里之外，对仙宾礁、铁线礁已实现常态化的管控，中方的管控范围还在逐步扩大。菲方越挑衅，中国海警管控必将越有力。来源：环球时报编辑：王曼茜审核：张爽,,,,pending
公募年内518亿定增，3家揽下八成,财联社,财联社,"21C API, 市场份额, 排名, 报价, 亏损, 投资, 上市",normal,2026-09-27T18:51:16+08:00,,今年以来，公募参与定增又出现新动向，其中最显著的变化之一便是“玩家更少，筹码更重”。对比去年同期，今年布局定增的公募减少6 家，认购总金额却增近九成。这部分增量并非来自新进机构，而是存量玩家加大布局所致。在业内看来，这不是“回暖”而是“洗牌”，市场份额正向财通基金、诺德基金“双寡头”以及增速迅猛的易方达集中。以增发发行日统计，截至9月27日，年内已有26家公募参与上市公司定增，总投入518.79亿元，其中财通基金、诺德基金、易方达年内认购总额均超百亿元，3家公募合计认购424.22亿元，在公募认购总额中占比超八成。正如一公募人士所言，定增并非普惠性业务，它同时要求资金体量、报价能力、项目获取渠,http://mp.weixin.qq.com/s?__biz=Mzg5MzEyNzEwNQ==&mid=2247854978&idx=1&sn=0447b6b0abc9612954d03006d09b1031,,今年以来，公募参与定增又出现新动向，其中最显著的变化之一便是“玩家更少，筹码更重”。对比去年同期，今年布局定增的公募减少6 家，认购总金额却增近九成。这部分增量并非来自新进机构，而是存量玩家加大布局所致。在业内看来，这不是“回暖”而是“洗牌”，市场份额正向财通基金、诺德基金“双寡头”以及增速迅猛的易方达集中。以增发发行日统计，截至9月27日，年内已有26家公募参与上市公司定增，总投入518.79亿元，其中财通基金、诺德基金、易方达年内认购总额均超百亿元，3家公募合计认购424.22亿元，在公募认购总额中占比超八成。正如一公募人士所言，定增并非普惠性业务，它同时要求资金体量、报价能力、项目获取渠道与投研覆盖广度，共同构成四重准入壁垒。同时，该人士指出，定增已经开始走“配置派”路线：一端是参与资金从单一主动权益，扩展为主动、量化指增与被动ETF并存的多元结构；另一端是收益逻辑从押注个股涨跌的价差博弈，转向以折价为安全垫、以分散化平滑单项目风险的配置型收益。折价提供安全垫、指数资金提供承接、定开产品匹配锁定期，三者共同将定增改造为多资产框架下的一类标准化收益模块。这其中，富国基金朱少醒、财通基金金梓才、鹏华基金闫思倩、信达澳亚冯明远等主动权益名将；易方达张清华、王晓晨等固收老将；华泰柏瑞柳军、南方基金罗文杰、华夏基金荣膺等ETF“顶流”年内均有获配上市公司定增股份。此外，还涌现出一批定增“专业户”，财通基金朱海东、华夏基金张城源通过定开产品密集布局定增市场，汇添富许一尊则通过指增产品频繁亮相定增项目。参与机构减少6家，认购金额大增240亿元据Choice数据，以增发发行日统计，截至9月27日，年内参与上市公司定增的公募共计26家，认购总额为518.79亿元；去年同期，32家公募参与定增，认购总额为277.81亿元。较去年同期，参与公募数量虽然减少6家，认购总金额却增加240.98亿元，同比增幅达86.74%。今年以来，财通基金、诺德基金分别参与了88个、87个定增项目，认购总额分别为173.59亿元、146.97亿元，2家合计认购金额占公募认购总额的超六成；去年同期，诺德基金、财通基金分别参与了68个、64个定增项目，认购总额分别为75.35 亿元、79.91 亿元。再看细分排名，从参与定增次数看，位列财通基金、诺德基金之后，汇添富、易米基金、易方达、兴证全球基金年内依次参与了22家、19家、15家、12家上市公司定增项目，其余公募年内参与定增项目均不超5个。其中，汇添富增幅最为显著，已从去年同期参与的4个定增项目增至今年的22个。从认购总额来看，紧随上述2家定增大户之后，易方达年内参与定增认购总金额为103.66亿元，较去年同期26.8亿元的认购总金额，增长76.86亿元，增幅286.79%。此外，位列之后兴证全球基金合计认购19.75亿元、易米基金认购15.45亿元、国泰基金11.53亿元、汇添富认购10.21亿元，其余公募年内参与定增认购总额均不足10亿元。较去年同期，睿远基金、朱雀基金、泉果基金、中庚基金年内缺席定增市场；但同时，信达澳亚基金、南方基金、华泰柏瑞、宝盈基金、万家基金等新面孔入局定增，合计认购总额不足10亿元，尚不足以撼动头部格局。财通87个定增项目，盈亏四六比，首尾差5倍相对去年同期，财通基金在参与定增项目数量、认购总金额上均超诺德基金。据Choice统计，财通基金年内参与的88个定增项目中，其中87个已增发上市。截至最新收盘日，这87个定增项目中，39个浮盈，48个浮亏。首尾收益分化悬殊，最高浮盈与最大浮亏，幅度相差超5倍。浮盈端，宏和科技可谓“一枝独秀”。宏和科技定增股份已为财通基金、诺德基金带去280.05%的浮盈，为年内最赚钱定增项目。此外，因获配奥浦迈、晶丰明源、华瓷股份定增股份，财通基金分别浮盈98.49%、84.46%、66.67%，其余年内参与定增项目浮盈水平均低于50%。以证监会行业划分，39个浮盈项目中，有9家上市公司属于计算机、通信和其他电子设备制造业。以最新收盘价计算，因获配江丰电子、凌云光、安路科技定增股份，财通基金分别浮盈34.59%、21.33%、20.56%，此外，方正科技、通富微电、光迅科技、生益电子、光弘科技等个股年内定增股份同样实现浮盈。与此同时，因获配北陆药业、金河生物、海思科、广生堂、舒泰神5家上市医药企业定增股份，财通基金已分别浮盈17.19%、16.52%、4.08%、2.59%、1.57%。浮亏端，江淮汽车亏损最重。因参与江淮汽车定增，财通基金已浮亏54.03%，为年内最大亏损定增项目。同属汽车制造业的正裕工业、北汽蓝谷，年内定增股份分别浮亏22.97%、38.1%。前述48个浮亏项目中，计算机、通信和其他电子设备制造业相关上市公司同样占比最高，共计15家。其中，以最新收盘价计算，因获配江波龙、广哈通信、上海瀚讯定增股份，财通基金已分别浮亏40.76%、22.77%、20.77%。顶流扎堆定增市场，主动、量化、ETF全线布局今年以来，多位知名基金经理积极参与上市公司定增，主动权益、固收、量化、指数等多条线产品密集现身获配名单。据公告披露，一批基金经理正在成为定增“专业户”，年内高频现身多家上市公司定增获配名单。经粗略统计，财通基金量化投资部副总朱海东旗下财通鼎欣量化选股18个月定开，年内已经成功获配粤桂股份、新希望、丰立智能、安硕信息、湖南发展、江波龙、上海瀚讯、华丰科技、电投水电、舒泰神等上市公司定增股份。同属财通基金，金梓才旗下多只产品已成功获配生益电子定增股份。华夏基金张城源同样以参与定增闻名，旗下华夏磐益一年定开年内也已获配顺威股份、壶化股份、丰立智能、安硕信息、科力尔等上市公司定增股份。掌管超百亿规模的许一尊，是汇添富旗下指数与量化投资部基金经理，今年以来参与定增较为积极，旗下汇添富沪深300指数增强、汇添富中证500指数增强，年内已获配精智达、顺威股份、壶化股份、丰立智能、安培龙、腾亚精工、上海瀚讯、电投水电等多家上市公司定增股份。此外，魏鑫旗下易米远见价值一年定开，年内已获配精智达、安路科技、新希望、科力尔、海思科、舒泰神等多家上市公司定增股份。整体来看，多位主动权益名将年内参与定增热情显著。兴证全球基金谢治宇、乔迁旗下产品均有获配通富微电、长川科技、舒泰神等上市公司的定增股份；张韡旗下汇添富创新医药主题、朱少醒旗下富国天惠精选成长混合（LOF）以及富国基金毕天宇、曾新杰等其他基金经理均有获配海思科定增股份。精智达的定增获配名单也堪称“全明星”阵容，包括易方达张清华、汇添富马翔、信达澳亚冯明远和齐兴方等旗下产品。此外，冯明远、齐兴方旗下多只产品还获配安科技定增股份，张清华还获配拓荆科技定增股份。同是易方达固收老将王晓晨成功参与新希望、建投能源、松发股份、舒泰神等上市公司年内定增。今年以来，仍见ETF密集现身定增获配名单，既有宽基ETF、也有行业主题ETF。在江波龙的定增获配名单中，包括华夏基金荣膺、赵宗庭旗下ETF，南方基金罗文杰旗下ETF等。此外，华泰柏瑞柳军、谭弘翔、李沐阳等旗下ETF获配拓荆科技定增股份；易方达吕方、聂启文等旗下ETF获配新希望定增股份。不喜欢​,,,,pending
1200亿，海风+海数+绿Token,深远海风电,深远海风电,"21C API, 储能, 算力中心, 供电, 直流供电, 交付, 产能, 融资, 投资, 海外, 出海, 政策, 推出",normal,2026-09-27T18:51:01+08:00,,2026年9月24日在“2026词元出海创新发展大会”上正式启动汕头国际零碳算力港项目建设。项目选址于汕头六合产业园核心区域，一期规划占地约413亩，规划IT总功率400MW，总投资1200亿元人民币。项目定位为“六网协同、绿电直连”的绿色算力示范园区，目标是打造“源网荷储—算电冷碳”一体化绿色算力园区，形成“绿电—绿算力—绿词元（Token）”完整价值链条。汕头国际零碳算力港项目的直接催化因素是“词元出海”这一新业态的跑通。2026年4月，华侨试验区跑通词元出海全链路商业闭环验证，短短5个月后，日均词元调用量突破1000亿，获准“来数加工”企业增至132家，面向海外算力规模升至3000P。所,http://mp.weixin.qq.com/s?__biz=MzkwMDI0NDU3MA==&mid=2247487903&idx=1&sn=44cbc44645c7473afba912b8cff8a176,,2026年9月24日在“2026词元出海创新发展大会”上正式启动汕头国际零碳算力港项目建设。项目选址于汕头六合产业园核心区域，一期规划占地约413亩，规划IT总功率400MW，总投资1200亿元人民币。项目定位为“六网协同、绿电直连”的绿色算力示范园区，目标是打造“源网荷储—算电冷碳”一体化绿色算力园区，形成“绿电—绿算力—绿词元（Token）”完整价值链条。汕头国际零碳算力港项目的直接催化因素是“词元出海”这一新业态的跑通。2026年4月，华侨试验区跑通词元出海全链路商业闭环验证，短短5个月后，日均词元调用量突破1000亿，获准“来数加工”企业增至132家，面向海外算力规模升至3000P。所谓词元出海，就是海外用户发起请求，由部署在境内的模型和算力完成处理，再通过网络向海外交付结果，使国内能源、算力与技术以数字服务的形式参与国际贸易。算力港的启动，本质上是为这一快速增长的新业态筑牢产能底座。汕头还在全国率先探索“来数加工”模式，对标国际贸易“来料加工”逻辑，明确“数据可以进出、个人信息不出境”的监管框架。这从根本上解决了词元出海的合规难题，是项目能够规模化推进的制度前提。汕头国际零碳算力港项目将探索海上风电就近消纳和绿电直连，通过专属海缆连接海上风电场与算力设施，规避陆上输电配电约10%的损耗。这一模式的技术验证来自上海临港的先行项目，全球首个海上风电融合型海底数据中心，其绿电供给率超95%，比陆地数据中心整体节能30%—40%。汕头项目将在此基础上进一步拓展，从规划之初就将发电、供电、储能、制冷和计算协同布局，而非事后拼接。海底数据中心摒弃传统制冷设备，利用恒温海水作为天然冷源。其核心是一套冷媒循环系统，服务器热量通过小铜管将冷媒从液态变为气态，气态冷媒通过大铜管升至换热器与海水换热，冷凝为液态后回流。据海兰云方面的数据，这套系统可将冷却能耗从传统数据中心的40%—50%降到10%以下，整个系统对比陆地数据中心减少30%—40%的能耗。同时实现淡水零消耗，同规模陆地数据中心每年需消耗约4万吨淡水。汕头国际零碳算力港项目将围绕绿电直连、新型储能、直流供电、算电协同调度等方向开展工程验证。AI算力任务具有可灵活调度的特性，数据中心算力负载可随风电出力动态调节，精准消纳风电场原本因电网饱和或电价过低而被迫弃用的富余绿电。这意味着，算力设施不仅是电力的消费者，还可以成为海上风电的“柔性负荷调节器”，这对高比例可再生能源电网的稳定运行具有重要价值。汕头国际零碳算力港项目的技术创新还体现在“深汕算电协同”的模式设计上。海兰云规划在汕头布局海底数据舱集群，由汕头提供空间与海上能源底座，深圳承接市场需求与算力消纳，打通两地资源联动通道。这种“前店后厂”的算力协同模式，将汕头的能源与空间优势与深圳的市场与技术优势结合，是一种值得关注的产业组织创新。从应用场景看，首先是AI玩具、AI微短剧和跨境电商数字员工是直接受益场景。澄海玩具产业具备全球供应链优势，依托词元工厂的轻量化AI智能体方案，本地厂商无需自建算力，最快3周即可完成智能化改造，多语种交互、故事生成、人机对话等功能全部调用园区标准化词元算力。AI微短剧方面，稻谷文化等机构用标准化算力完成剧本生成、数字演员建模、多语种配音，制作成本较海外平台下降超60%。这些场景的算力需求真实、明确，能够为算力港提供早期的负荷保障。其次是面向海外市场的通用AI推理服务是核心增长点。汕头到新加坡32.7毫秒的网络时延优势，使其成为国内AI算力服务对接东南亚市场的天然节点。目前汕头服务定价仅为海外主流大模型的1/5甚至更低，在成本竞争力上具有显著优势。随着东南亚地区AI应用需求的快速增长，这一市场的增长潜力值得期待。三大运营商国际公司联合点亮的词元出海全球资源池，整合了全球海缆、数据中心、渠道与AI平台资源，形成了“汕头合规生产、全球渠道分销”的分工模式，为规模化出海打通了通道。此外国家层面正在持续推进绿电直连和算电协同，2026年政府工作报告首次将“算电协同”纳入国家战略。国家发改委、能源局已明确优先支持算力设施等新兴产业开展绿电直连。汕头国际零碳算力港如果能够在绿电直连、新型储能、直流供电、算电协同调度等方向形成可复制的工程验证成果，为全国沿海城市的新能源就近消纳和高耗能算力设施绿色转型提供实践路径。在看到积极前景的同时，也要看到面临的挑战。从技术角度看，海底数据中心的商业化仍处于早期阶段。 行业普遍面临海洋环境适配技术门槛高、深海跨领域运维体系建设难度大、市场认知有待培育等共性挑战。技术和模式跑通后，规模化才能发挥出经济性，而单仓初期投入高达上千万元，投资回报周期较长。汕头海底数据中心将分期建设、逐步验证工程安全和实际能效，这一审慎节奏是合理的。从经济性上，绿电直连的供电成本与算力中心的经济性匹配仍需验证。据分析，算力中心现阶段与绿电直连匹配经济性并不理想，整体供电成本较高。1200亿元的总投资规模庞大，项目的融资结构和回报机制需要精心设计。好在汕头“词元十条”政策已推出算力券、词元券等工具，使用入库机房专用机架每千瓦含电月租金可低至520元，较一线城市具有明显成本优势。另外海南陵水的商用海底数据中心已于2023年投运，上海临港的全球首个海上风电直连海底数据中心也已启用。汕头的差异化优势在于“国际海缆+侨乡网络+来数加工试点”的组合，但这一优势的窗口期有限，需要尽快形成规模和品牌效应。小编虾评：汕头国际零碳算力港是一个值得高度关注的创新项目。它的价值不在于算力规模本身，而是沿海城市如何将海上风电的资源和区位优势，转化为数字经济时代的产业竞争力。同时作为海风人也要认识到，海上风电的就近消纳不应局限于制氢、制氨醇等传统路径，算力负荷作为一种可灵活调节的用电需求，与风电的波动性具有天然的匹配潜力；并且海底数据中心作为一种新型的算力基础设施形态，其工程技术和运维经验正在快速积累，未来可能成为海上风电综合开发的重要组成部分。特别声明：以上信息均来自网络公开信息整理，出于传递更多信息而非盈利之目的，同时并不代表本平台的观点，内容仅供参考。若有侵权，请联系我们删除。不喜欢2026年9月24日在“2026词元出海创新发展大会”上正式启动汕头国际零碳算力港项目建设。,,,,pending
尼泊尔发生雪崩致多人失联,中国能源报,中国能源报,21C API,normal,2026-09-27T18:44:50+08:00,,据尼泊尔当地登山探险公司消息，位于尼泊尔北部默嫩县的希姆隆峰27日上午发生雪崩，数名尼泊尔登山向导及后勤人员失联。来源：新华社End欢迎分享给你的朋友！出品 | 中国能源报（cnenergy）编辑丨赵方婷,http://mp.weixin.qq.com/s?__biz=MjM5NTI4MTIyMg==&mid=2658144092&idx=1&sn=a26e5e0cc1dcd759963edeb286a7d788,,据尼泊尔当地登山探险公司消息，位于尼泊尔北部默嫩县的希姆隆峰27日上午发生雪崩，数名尼泊尔登山向导及后勤人员失联。来源：新华社End欢迎分享给你的朋友！出品 | 中国能源报（cnenergy）编辑丨赵方婷,,,,pending
茹天/先导智能/金钠/赣锋/融捷/海四达钠星/青钠/宇恒/奥冠/奥克莱/九续/希倍/旭派/兆瑞/科迈罗等邀您共聚CINE固态电池及钠电国际展！,起点锂电,起点锂电,"RIOnews API, 新材料, 固态电池, 钠离子电池, 钠电, 亿纬锂能, 亿纬",normal,2026-09-27T18:40:38+08:00,,CINE2026（第三届）固态电池及钠电国际展CINE2026电摩电池展一、展会论坛组织架构展会活动名称：CINE 2026（第三届）固态电池及钠电国际展CINE 2026 电摩电池展同期活动：2026起点固态电池年会暨固态电池金鼎奖颁奖典礼2026起点钠电行业年会暨钠电金鼎奖颁奖典礼2026起点电摩电池年会暨电摩电池金鼎奖颁奖典礼主办单位：起点固态电池起点钠电起点电摩及换电起点研究活动规模：展商规模100+参会企业1000+专业观众10000+搭建时间：2026年11月4日-5日展会时间：2026年11月6日-7日 （周五、周六）举办地点：广州南沙国际会展中心2楼船厅/南沙厅/广州厅第一批展,http://mp.weixin.qq.com/s?__biz=MzI1MjEyODg2Mg==&mid=2649799992&idx=3&sn=e493bc79bd2e4909f454560740bd4ac2,,CINE2026（第三届）固态电池及钠电国际展CINE2026电摩电池展一、展会论坛组织架构展会活动名称：CINE 2026（第三届）固态电池及钠电国际展CINE 2026 电摩电池展同期活动：2026起点固态电池年会暨固态电池金鼎奖颁奖典礼2026起点钠电行业年会暨钠电金鼎奖颁奖典礼2026起点电摩电池年会暨电摩电池金鼎奖颁奖典礼主办单位：起点固态电池起点钠电起点电摩及换电起点研究活动规模：展商规模100+参会企业1000+专业观众10000+搭建时间：2026年11月4日-5日展会时间：2026年11月6日-7日 （周五、周六）举办地点：广州南沙国际会展中心2楼船厅/南沙厅/广州厅第一批展商/赞助商/演讲企业名单：茹天科技/天能钠电/赣锋锂电/融捷能源/融和电科/金钠科技/隐功科技/鑫钠新材料/同兴皓升/先导智能/海四达钠星/奥克莱集团/青钠能源/宇恒电池/奥冠电池/华普森/旭钠/信瑞新能源/纳甘/儒特股份/晟钠新能/科达新能源/钠特尔/川源科技/科锐晟/九续钠电/希倍动力/恒大高新/科迈罗/长篙新材/易禾环境/鹏锦智能/宝试仪器/旭派动力/津工能源/日联科技/极电特能/亿隆能源/双环科技/瑞森新材料/钠科能源/璟熵新材料/兆瑞新能源/卡波恩新材料/苏银产业园/萍竹新材料/艾迈斯/愚公高科/优明科/轮特科技/翼动新能/时代高科/唯特偶/亮见钠电/珈钠能源/凤启新能源/易事特钠电/钹鑫科技/钠美科技/海裕百特/亿鑫丰等二、展会及论坛议程排期日期具体时间地点活动名称2026年11月6日-7日09:00-17:00广州南沙国际会展中心2楼船厅及南沙厅CINE2026（第三届）钠电及固态电池国际展2026年11月6日-7日09:00-18:30广州南沙国际会展中心二楼南沙厅2026起点钠电行业年会暨钠电金鼎奖颁奖典礼2026年11月6日09:00-18:30广州南沙国际会展中心二楼广州A厅2026起点固态电池年会暨固态电池金鼎奖颁奖典礼（11月6日）2026年11月7日09:00-18:30广州南沙国际会展中心二楼广州A厅2026起点电摩电池年会暨电摩电池金鼎奖颁奖典礼（11月7日）三、展馆布局图四参展费用展位类型费用标准包含服务9平米标展15000元咨询桌*1、折椅子*2、长臂射灯*2、垃圾篓*1、500W2+3插座*1、阻燃地毯9平方、阻燃电线、楣板（备注：展位背景板展商自主设计及印刷）18平米标展28000元咨询桌*1、折椅子*2、长臂射灯*2、垃圾篓*1、500W2+3插座*1、阻燃地毯9平方、阻燃电线、楣板（备注：展位背景板展商自主设计及印刷）光地特装展位(36平米以上）1300元/平米仅提供光地，需由客户自行设计装修主办方收款账号：收款单位：深圳市起点研究咨询有限公司开户行：中国农业银行深圳前进路支行银行账号：41019700040025862汇款请注明：宣传费/服务费/会议展览服五、组委会联系方式参展+赞助咨询： 邱先生：*********** 江先生：*********** 尧先生：*********** 杨先生：*********** 邹先生：*********** 展会免费门票登记领取/组团参观：张小姐：***********论坛报名：于小姐：***********媒体合作：黄小姐：***********刘小姐 ***********六、往届参展展商名录金钠科技/天能钠电/皓升新能源/科迈罗/茹天科技/亮见钠电/维科技术/海四达钠星/易事特钠电/泰和科技/隐功科技/国科炭美/晟钠新能/中钠能源/乔岳智能/津工能源/科达新能源/时代思康/富钠能源/极电特能/华普森/叁星飞荣/纳甘新能源/扬广科技/银川苏银产业园/兆钠新能源/精诚时代/儒特股份/希倍动力/先导干燥/瓦时动力/博粤新材料/苏州翼动新能/亿隆能源/钠创新能源/凯德利/长篙新材/孚悦科技/珈钠能源/鑫钠新材料/同兴科技/黔钠科技/鑫晟达/新威/容钠新能源/科路得新能源/华迈智能/猛狮新能源/绿捷环境/钠美科技/柏励司/派能科技/英钠新能源/为方能源/盛安精瓷/果曼钠电/中科固能 /融捷能源/浙江锋锂/国联动力/瑞森新材料/海裕百特/天石科丰/有研广东院/博粤新材/研一新材料/巴斯夫杉杉/清研电子/先导智能/清华大学深圳院/中科院合肥物质科学研究院/巴中经开区/佰思格/厦门前驱新材料/艾迈斯/钹鑫科技/成泰科技/铧钠新材料/瑞扬新能源/尚金干燥/湖钠能源/钠博恩/璞钠能源/钠奇盛新能源/三盛塑胶/华钠科技/天钠科技/金启航新能源/钠创新能源/汇创新能源/愚公高科/儒特实业/津工能源/莫洛奇/果曼钠电/亿纬锂能/福建贤辰/易事特/尚水智能/浦士达/容钠新能源/中天和/苏州研新/猛狮新能源/凯德利/超力源/净森源/珠海欧美莱/昇旭光电/陀普科技/英钠新能源/苏州翼动/泽源智能/国科炭美/奥冠电池/金力新能源/纷享销客/东能钠新/思谷智能/卓能新能源/智莱科技/浩能科技/同兴环保/杰事途/海裕百特/汇港标杆/比特安/中比新能源/恒大高新/铜益九州/和誉智能/琥崧科技点击阅读原文，即可报名参展！,,,,pending
龙蟠科技拟落子南京！,起点锂电,起点锂电,"RIOnews API, 新材料, 固态电池, 钠离子电池, 钠电, 宁德时代, 正极材料, 出货, 出货量, 投资, 发布",normal,2026-09-27T18:40:38+08:00,,倒计时40天 2026第三届起点固态电池生态年会暨固态电池金鼎奖颁奖典礼主办单位：起点固态电池、起点锂电、起点研究大会主题：全链协同创新 加速产业跃迁会议时间：2026年11月6日会议地点：广州南沙国际会展中心2楼广州A厅总冠名单位：茹天科技晚宴联合赞助单位：鹏锦智能第一批展商/赞助商/演讲企业名单：茹天科技/天能钠电/赣锋锂电/融捷能源/融和电科/金钠科技/隐功科技/鑫钠新材料/同兴皓升/先导智能/海四达钠星/奥克莱集团/青钠能源/宇恒电池/奥冠电池/华普森/旭钠/信瑞新能源/纳甘/儒特股份/晟钠新能/科达新能源/钠特尔/川源科技/科锐晟/九续钠电/希倍动力/恒大高新/科迈罗/长篙新材/易禾,http://mp.weixin.qq.com/s?__biz=MzI1MjEyODg2Mg==&mid=2649799992&idx=2&sn=ae3f1e1f510681002327ee88523c4a03,,倒计时40天 2026第三届起点固态电池生态年会暨固态电池金鼎奖颁奖典礼主办单位：起点固态电池、起点锂电、起点研究大会主题：全链协同创新 加速产业跃迁会议时间：2026年11月6日会议地点：广州南沙国际会展中心2楼广州A厅总冠名单位：茹天科技晚宴联合赞助单位：鹏锦智能第一批展商/赞助商/演讲企业名单：茹天科技/天能钠电/赣锋锂电/融捷能源/融和电科/金钠科技/隐功科技/鑫钠新材料/同兴皓升/先导智能/海四达钠星/奥克莱集团/青钠能源/宇恒电池/奥冠电池/华普森/旭钠/信瑞新能源/纳甘/儒特股份/晟钠新能/科达新能源/钠特尔/川源科技/科锐晟/九续钠电/希倍动力/恒大高新/科迈罗/长篙新材/易禾环境/鹏锦智能/宝试仪器/旭派动力/津工能源/日联科技/极电特能/亿隆能源/双环科技/瑞森新材料/钠科能源/璟熵新材料/兆瑞新能源/卡波恩新材料/苏银产业园/萍竹新材料/艾迈斯/愚公高科/优明科/轮特科技/翼动新能/时代高科/唯特偶/亮见钠电/珈钠能源/凤启新能源/易事特钠电/钹鑫科技/钠美科技/海裕百特/亿鑫丰等9月24日晚间，龙蟠科技发布公告，公司拟投资建设全球总部及新能源新材料人工智能智慧创新中心，投资金额不超过人民币5亿元。该项目将由龙蟠科技作为实施主体，不涉及其他投资方。项目建设地点为南京经济技术开发区仙新路以西、恒广路以南地块，公司已取得该地块土地使用权，土地用途为“科教用地（科技研发）”。龙蟠科技表示，自公司布局锂电池正极材料业务以来，经营规模持续扩张。为支撑业务长远发展，公司持续加大新材料、锂电材料方向的研发投入。目前公司经营及研发场地有限，已不能满足公司业务日益发展的需要。本次投资项目的实施，可有效解决公司因业务增长带来的研发及办公场地不足问题，为公司长期发展战略的执行提供有力保证。往期回顾01｜56亿！宁德时代携手华能水电02｜2026H1中国无人机锂电池出货量排行榜03｜2026起点电摩电池年会暨电摩电池金鼎奖颁奖典礼11月7日广州南沙国际会展中心举办！04｜2026第三届起点固态电池生态年会暨固态电池金鼎奖颁奖典礼11月6日广州南沙国际会展中心举办！点击阅读原文，查看富工流体更多内容！,,,,pending
宁德匈牙利工厂传新进展；国轩首发46系固液电池；先导新一代量产级干法设备出货；蓝京55亿电池项目落地无锡；创明上新两款大圆柱电池,起点锂电,起点锂电,"RIOnews API, 新材料, 电池材料, 碳, 隔膜, 高比能, 硅, 前沿表征, 工况, 固态电池, 钠离子电池, 钠电, 产品发布, 首发, 发布, 全新, 对外发布, 信息披露, 披露, 投资者, 合作进展, 战略合作, 项目签约, 投资, 合作, 收购, 量产推进, 批量交付, 产能, 扩产, 下线, 竣工, 环境影响评价, 批量生产, 比亚迪, 弗迪, 弗迪电池, 宁德时代, 亿纬锂能, 亿纬, 国轩高科, 国轩, 磷酸铁锂, 铁锂, 大圆柱, 46系, 储能, 储能电芯, 大容量储能电芯, 储能系统, 大容量电芯, 大型储能, 供电, 可靠性, 6C, 高安全, 长循环, 循环寿命, 电池包, 电池回收, 负极材料, 电解液, 出货, 出货量, 交付, 累计出货, 规划产能, GWh, 生产基地, 投产, 达产, 订单, 框架协议, 合作协议, 签约, 增资, 政策, 推出, 快充, 认证, 量产, 项目落地, 落地",normal,2026-09-27T18:40:38+08:00,,倒计时40天 2026第三届起点固态电池生态年会暨固态电池金鼎奖颁奖典礼主办单位：起点固态电池、起点锂电、起点研究大会主题：全链协同创新 加速产业跃迁会议时间：2026年11月6日会议地点：广州南沙国际会展中心2楼广州A厅总冠名单位：茹天科技晚宴联合赞助单位：鹏锦智能第一批展商/赞助商/演讲企业名单：茹天科技/天能钠电/赣锋锂电/融捷能源/融和电科/金钠科技/隐功科技/鑫钠新材料/同兴皓升/先导智能/海四达钠星/奥克莱集团/青钠能源/宇恒电池/奥冠电池/华普森/旭钠/信瑞新能源/纳甘/儒特股份/晟钠新能/科达新能源/钠特尔/川源科技/科锐晟/九续钠电/希倍动力/恒大高新/科迈罗/长篙新材/易禾,http://mp.weixin.qq.com/s?__biz=MzI1MjEyODg2Mg==&mid=2649799992&idx=1&sn=3f9ed5b3f047fe45f604f9dbc2b0f871,,倒计时40天 2026第三届起点固态电池生态年会暨固态电池金鼎奖颁奖典礼主办单位：起点固态电池、起点锂电、起点研究大会主题：全链协同创新 加速产业跃迁会议时间：2026年11月6日会议地点：广州南沙国际会展中心2楼广州A厅总冠名单位：茹天科技晚宴联合赞助单位：鹏锦智能第一批展商/赞助商/演讲企业名单：茹天科技/天能钠电/赣锋锂电/融捷能源/融和电科/金钠科技/隐功科技/鑫钠新材料/同兴皓升/先导智能/海四达钠星/奥克莱集团/青钠能源/宇恒电池/奥冠电池/华普森/旭钠/信瑞新能源/纳甘/儒特股份/晟钠新能/科达新能源/钠特尔/川源科技/科锐晟/九续钠电/希倍动力/恒大高新/科迈罗/长篙新材/易禾环境/鹏锦智能/宝试仪器/旭派动力/津工能源/日联科技/极电特能/亿隆能源/双环科技/瑞森新材料/钠科能源/璟熵新材料/兆瑞新能源/卡波恩新材料/苏银产业园/萍竹新材料/艾迈斯/愚公高科/优明科/轮特科技/翼动新能/时代高科/唯特偶/亮见钠电/珈钠能源/凤启新能源/易事特钠电/钹鑫科技/钠美科技/海裕百特/亿鑫丰等宁德时代匈牙利工厂启动新电芯厂房试产9月22日，宁德时代位于匈牙利德布勒森的新建电芯工厂启动试生产，公司已完成启动试生产所需的各项前置条件。此次试生产旨在对生产设备及制造工艺进行调试、优化和验证，为后续正式量产做好准备。匈牙利德布勒森工厂是宁德时代欧洲布局的第二座工厂，自2024年秋季起，宁德时代德布勒森工厂已开始生产电池模组，目前累计产量已达53.7万套。待全部设施建成投产后，该工厂规划产能将达到100GWh，成为宁德时代在中国以外最大的生产基地。弗迪电池签约四川国软科技集团9月20日，弗迪电池与四川国软科技集团签署战略合作框架协议。下一步，弗迪电池川渝沪区域团队将聚焦钻井设备油改电、储能系统、动力电池配套、智能机器人等重点新兴领域，与四川国软科技集团开展全方位、深层次、多维度的务实合作。国轩高科首发固液46系低空电池9月21日，国轩高科在2026世界制造业大会上，首次对外发布了混合固液 46 大圆柱低空飞行高功率星晨电池。该产品聚焦 eVTOL 载人飞行器、重载无人机、应急救援飞行器等低空装备领域，电芯能量密度达330Wh/kg；在SOC仅有25%的情况下仍可实现 12C脉冲放电、6C持续放电。蓝京新能源55亿圆柱电池项目落地无锡9月20日，总投资55亿元的蓝京新能源新型圆柱电池项目在无锡签约落地。项目计划在无锡下辖的宜兴市征地380亩，布局年产能25GW电极、20GW电芯、2GW PACK产线。项目落地后，将依托自研技术、规模化量产能力与稳定头部订单等优势，带动正负极材料、隔膜、电解液、电池结构件、电芯装备、PACK集成等上下游配套企业集聚落地。创明新能源上新两款大圆柱电池近日，创明新能源重磅推出46140、60140两款全极耳大圆柱电池。其中46140产品核心围绕超长循环寿命、-30℃~60℃超宽温域适配、高倍率输出三大核心性能打造，同时兼顾高性价比，实现了性能与价格的双重优势；60140全极耳大圆柱电池，锂钠双线材料，锂电材料单体容量可达50Ah，钠电材料单体容量可达28Ah。多氟多加码宁福新能源三工厂20GWh锂电池项目9月18日，多氟多公告称，公司拟向进银新型政策性金融工具有限公司申请不超过2.10亿元、期限不超过3年的信用借款，用于控股子公司广西宁福“宁福新能源三工厂20GWh锂电池项目”建设。取得借款后，公司将以2.10亿元认购广西宁福新增注册资本1.75亿元，剩余3500万元计入资本公积，其他股东放弃优先认购权。派能588Ah、601Ah储能电芯量产下线9月21日，派能科技588Ah、601Ah大容量储能电芯量产下线仪式在合肥基地举行。该系列电芯已批量生产超100MWh，迈入规模化量产阶段。目前，大容量电芯已应用于派能科技新一代PyOcean系列6.25MWh、8MWh大型储能系统，新一代系统也即将进入项目交付阶段。亿纬锂能大圆柱独家配套红旗硬派越野G9199 月 22 日，一汽红旗四电机豪华越野 G919 在北京开启预售，车型首发搭载亿纬锂能大圆柱电池。该车配备 62.9kWh 电池系统，纯电续航达 280km，综合续航 1350km，12 分钟即可完成补能。针对越野极限工况，亿纬大圆柱电池凭借宽温域稳定输出与高安全冗余，深度适配豪华越野对动力可靠性的严苛要求。杉杉股份51亿大手笔扩产9月22日，杉杉股份披露对外投资公告，拟在内蒙古包头市青山区新建年产15万吨锂电池负极材料一体化基地。该项目名称为内蒙古杉杉科技有限公司年产15万吨锂离子电池负极材料一体化基地项目。项目总投资约51.06亿元，其中固定资产投资约43.18亿元。项目建设期为17个月，计划开工时间2027年3月，计划竣工时间2028年7月。湖北宜化拟投建年产15万吨磷酸铁项目9月21日消息，湖北宜化公告称，公司董事会审议通过议案，同意由全资子公司新能源科技公司投资建设15万吨/年磷酸铁项目，预计总投资约11.52亿元。项目位于湖北宜昌姚家港化工园B区，建设期24个月，资金来源为自有或自筹资金。奥克股份拟收购苏州祺添9月21日，国内环氧乙烷精细化工龙头奥克股份发布公告称，正筹划以发行股份及支付现金的方式，拿下苏州祺添新材料股份有限公司的控制权。此前双方早已是产业链上下游的稳定合作伙伴，奥克为祺添持续供应核心原料，祺添则依托自身三大生产基地的产能，将原料加工为高附加值的电解液添加剂产品，送入国内头部电解液厂商的供应链体系。湖南裕能40万吨磷酸铁锂项目落地贵州9月18日，黔南州生态环境局瓮安分局发布多则环境影响评价公示，涉及裕能瓮发矿化一体新能源电池材料循环产业旗下三个核心项目。其中最受市场关注的40万吨磷酸铁锂生产线项目，将新建年产40万吨磷酸铁锂生产线及仓库、变配电间、消防等配套生产设施，同步建设研发楼、后勤楼等公辅工程，最终形成年产40万吨磷酸铁锂的生产能力。逸豪新材跨界切入锂电铜箔赛道9月21日，电子电路铜箔企业逸豪新材发布公告，拟募资不超过18亿元，扣除发行费用后全部用于增资收购江苏铭丰电子材料科技有限公司不低于78%股权。收购完成后，逸豪新材将切入锂电铜箔赛道，扩充高端铜箔产能，与现有电子电路铜箔业务形成协同，补齐产品结构短板。年产40万吨锂电材料项目四川投产日前，四川瑞柏年产40万吨电子级化学品项目产品发布暨年产1万吨电池添加剂材料项目开工活动举行。其中电子化学品及配套项目计划总投资113亿元，分多期建设。此次年产40万吨电子级化学品项目为二期项目，位于川南新材料化工园区，主要生产电子级醋酸甲酯、醋酸乙酯、醋酸丙酯、醋酸丁酯、碳酸二甲酯、碳酸甲乙酯、碳酸二乙酯等产品；同步开工的年产1万吨电池添加剂材料项目则聚焦锂电产业链最关键的添加剂环节，主要生产碳酸亚乙烯酯等高端电池材料。永臻股份投建6万吨电池铝箔项目9月17日，永臻股份公告称，公司董事会审议通过议案，拟投资建设年产6万吨成品电池铝箔项目。项目位于安徽省芜湖市繁昌区经济开发区永臻芜湖厂区内，由全资子公司永臻科技（芜湖）有限公司实施，建设周期预计2年，计划总投资5.97亿元。产品覆盖新能源汽车动力电池、储能电池、钠离子电池及消费电子电池用高性能、超薄电池铝箔，重点布局10μm及以下高端铝箔产品，以满足动力电池和储能电池对轻量化、高能量密度及安全性能提升的需求。先导智能新一代量产级干法涂布设备成功出货近日，先导智能新一代量产级干法涂布设备顺利交付某全球综合性锂电头部制造商。凭借出众的量产稳定性、高生产良率与高效产出能力，设备成功获得客户高度认可。本次交付的设备为面向工业化大规模生产需求完成设备架构的深度迭代机型，搭载多维智能调控系统，可实现辊间压力、速度、温度和辊缝的在线调节，温控指标处于行业领先水平。目前，先导智能固态电池及干法电极装备已批量交付欧洲、美国、日韩等全球多地头部电池企业与车企，凭借稳定的量产表现收获客户持续认可与复购订单，并在今年韩国电池储能展览会期间斩获“年度最佳设备奖”。理奇智能：签订20亿元锂电设备智能制造基地投资协议9月22日，理奇智能公告称，公司与无锡宛山湖产业发展有限公司正式签署《投资合作协议》，投资建设理奇锂电设备智能制造生产基地及研发中心项目，项目总投资20亿元，其中一期投资10亿元，建设物料自动化处理设备智能制造生产基地及研发中心；二期投资10亿元，视产能需求分批实施。本次投资不构成关联交易及重大资产重组。ST百利：子公司锂电产线设备买卖合同纠纷遭反诉9月22日，ST百利发布公告，公司控股子公司百利锂电于前期就圣比和（红河）新能源有限公司、个旧圣比和实业有限公司买卖合同纠纷一案向常州市天宁区人民法院提起诉讼。该案于2026年5月18日由常州市天宁区人民法院立案受理，百利锂电本诉请求金额约为536.97万元。近期百利锂电于近期收到圣比和的反诉状等相关材料。反诉方要求判令解除反诉原告与反诉被告签订的《设备采购合同》；判令反诉被告退回反诉原告的已付款1215.96万元；判令反诉被告承担本案诉讼费用。杰瑞再生循环电池回收项目签约江苏溧阳9月23日，杰瑞新能源再生循环科技有限公司与江苏省溧阳市南渡镇人民政府举行废旧动力电池及电池正极片回收处置利用项目投资协议签约仪式。本次签约项目落地溧阳市南渡镇，项目一期总投资4亿元，规划建设两条锂电池回收生产线以及一条锂电池修复生产线。项目达产后，将形成年处理5万吨退役动力电池的处置能力。湖南年处理5万吨锂电负极材料回收项目公示近日，湖南省宁乡市发布湖南裕瓷能源科技有限公司年回收处理5万吨锂电池负极材料项目受理公示。项目总投资5000万元，选址于长沙市宁乡经济技术开发区金洲大道。项目分期进行建设，其中一期年处理2万吨锂电池负极材料，二期年处理3万吨锂电池负极材料，合计年回收处理5万吨锂电负极材料。3万吨旧磷酸铁锂电池资源化利用项目签约广西9月18日，由杭州中物宜顺科技有限公司投资建设的年产3万吨旧磷酸铁锂电池资源化利用项目签约。项目总投资约6亿元，计划用地约135亩，主要建设原料接收仓储、电池预处理、湿法回收、环保治理及配套公辅工程，属于新能源废旧资源循环利用优质产业项目。项目建成达产后，预计年产值7.85亿元，年纳税约7100万元，可提供就业岗位130个。理想拟将多项核心技术对外供应9月18日，据《36氪》报道，理想汽车已开启多项核心技术的对外供应计划；而伴随业务拆分，部分业务也有引入外部资金的计划。典型启动外供的业务有自研马赫芯片、碳化硅模组公司斯科半导体及增程器等。目前，马赫芯片、碳化硅模组等都已经成立独立的公司实体，寻求更多外部客户，斯科半导体也准备引入更多外部资金。理想L6累计交付突破41万辆，8月获增程车型销量冠军 9月22日，据理想汽车官微消息，理想L6累计交付量已突破41万辆。从2024年4月首次推出至今，该车型达成这一交付规模用时约两年零五个月。市场表现方面，2026年8月，新一代理想L6获得增程车型销量冠军。据汽车销量榜单统计，该车型当月销量为9918辆。另据理想汽车港交所自愿公告，8月理想汽车共交付新车37679辆，截至8月31日历史累计交付量为180.18万辆。比亚迪拟在欧洲新建四座工厂9月17日，据彭博社报道，比亚迪计划长期在欧洲建设4座工厂，包括3座整车组装厂和1座电动汽车电池厂。随着欧盟逐步推出本地制造相关规则，比亚迪正寻求扩大欧洲本地生产能力，以满足监管要求并吸引更多消费者。报道称，目前比亚迪正与欧洲汽车制造商及各国政府展开谈判，并考虑接手法国、西班牙和意大利等国利用率不足的汽车工厂。亿纬锂能船舶动力电池累计出货突破1GWh9月20日，亿纬锂能在深交所互动易平台回复投资者提问时披露，截至2026年8月，公司船用电池累计出货量突破1GWh，国内超过50%的电动船舶搭载其解决方案，应用场景覆盖内河、近海与远洋。亿纬锂能自2016年获得中国船级社（CCS）认证后进入船舶领域。在产品准入方面，其船舶动力电池系列产品已取得CCS、BV、DNV、ABS、LR、NK等国际主流船级社认证，满足全球主要航运市场的准入门槛。蔚来ES9第30000台新车交付9月23日，蔚来宣布蔚来ES9完成了第30000台新车交付。蔚来创始人、董事长、CEO李斌亲自向ES9第30000台用户——苏州苏映视图像软件科技有限公司董事长何银军先生交付新车。自2026年5月28日开启交付以来，蔚来ES9历时119天达成第30000台新车交付里程碑。终端销量数据显示，2026年8月，在长三角地区50万级汽车市场，蔚来ES9单车市场占有率达24%，每卖出4台50万级车型就有1台是蔚来ES9，创造了50万级市场全新格局。吉利集团正式发布新一代AI补能技术9月23日，吉利汽车集团正式对外发布新一代 AI 补能技术 ——“吉利智充”。该技术依托吉利联合阶跃星辰打造的行业首个全域能源大模型星睿 PowerMind 能源大脑，刷新行业充电功率上限，破解快充速度、电池安全与寿命之间的行业矛盾，推动补能进入 AI 智能安全快充新时代。吉利智充实现单枪峰值充电功率2250千瓦，行业首发AI极速充、AI智慧充、AI 自动充三大核心功能。配套全新一代神盾金砖电池超短刀系列，其中395mm 版本电池最高充电倍率可达12C。搭载该电池的领克10常温实测，10%-70% 充电平均用时4分30秒，10%-97%平均仅8分40秒，达成全球量产最快补能水平。宝马集团：第六代动力电池核心环节在中国实现本土化日前，宝马集团沈阳生产基地动力总成工厂，正式启动能量智控系统试生产，第六代动力电池涉及的所有核心环节均将在中国实现全面本土化。能量智控系统是第六代动力电池的中央控制单元，其硬件和软件均由宝马集团自主研发。它安装于第六代动力电池包顶部，负责高压和低压供电接口，以及动力电池的数据交互。同时，能量智控系统还负责控制电机和车辆电气系统的供电，确保高压动力电池安全、智能地运行。往期回顾01｜56亿！宁德时代携手华能水电02｜2026H1中国无人机锂电池出货量排行榜03｜2026起点电摩电池年会暨电摩电池金鼎奖颁奖典礼11月7日广州南沙国际会展中心举办！04｜2026第三届起点固态电池生态年会暨固态电池金鼎奖颁奖典礼11月6日广州南沙国际会展中心举办！CINE第三届固态电池及钠电展观众预登记群点击阅读原文，即可报名参会！,,,,pending
CoWoS扩产逻辑生变：ASIC、CPU走向舞台中央！,芯联汇,芯联汇,"21C API, Pack, 出货, 产能, 扩产, 发布, 量产",normal,2026-09-27T18:33:33+08:00,,ASIC加速放量、CPU加入战局，CoWoS需求结构正在重塑从GPU到Cloud AI芯片，先进封装开启新一轮扩产浪潮最近在梳理 AI 芯片产业链时，小编发现，CoWoS 的增长逻辑正在悄悄发生变化。过去提到 CoWoS，大家首先想到的往往是英伟达 GPU，但随着 Google TPU、Amazon Trainium、Microsoft Maia、OpenAI 自研芯片等 ASIC 加速放量，以及 Nvidia Vera、AMD Venice 等 CPU 开始加入先进封装阵营，CoWoS 正从“GPU 单核驱动”迈向“GPU + ASIC + CPU 多线”。更关键的是，大尺寸封装、HBM、C,http://mp.weixin.qq.com/s?__biz=MzkwMTYxMzY2MA==&mid=2247514059&idx=1&sn=a35c6f499b544ab517de5c587dfaccf9,,"ASIC加速放量、CPU加入战局，CoWoS需求结构正在重塑从GPU到Cloud AI芯片，先进封装开启新一轮扩产浪潮最近在梳理 AI 芯片产业链时，小编发现，CoWoS 的增长逻辑正在悄悄发生变化。过去提到 CoWoS，大家首先想到的往往是英伟达 GPU，但随着 Google TPU、Amazon Trainium、Microsoft Maia、OpenAI 自研芯片等 ASIC 加速放量，以及 Nvidia Vera、AMD Venice 等 CPU 开始加入先进封装阵营，CoWoS 正从“GPU 单核驱动”迈向“GPU + ASIC + CPU 多线”。更关键的是，大尺寸封装、HBM、Chiplet 与异构集成的发展，还在不断提高单颗芯片对于先进封装产能的需求。今天小编就结合这份报告，一起来看看：当 ASIC 与 CPU 开始走向舞台中央，CoWoS 又将迎来怎样的新一轮扩产浪潮？一、这份材料真正想说明什么？整份报告真正想说明的是：AI 算力基础设施正在从“英伟达 GPU 单一驱动”，逐渐转向“GPU + ASIC + CPU 多芯片共同驱动”。Google、Amazon、Microsoft、OpenAI、Meta 等公司的自研 ASIC，以及新一代 AI/服务器 CPU 的放量，再叠加 HBM、Chiplet、大尺寸封装与异构集成的发展，使 CoWoS 从主要服务高端 GPU 的先进封装技术，逐渐成为整个 Cloud AI 芯片体系中的重要先进封装基础设施。二、CoWoS 的下一轮扩产，核心逻辑正在发生变化过去几年，CoWoS 的需求增长很大程度上由英伟达 Hopper、Blackwell 等 AI GPU 推动。但报告认为，2027—2028 年 CoWoS 的需求来源将进一步多元化。将 2027 年底行业 CoWoS 产能预测从 260kwpm 上调至 270kwpm，相比 2026 年底约 160kwpm，增加约 110kwpm。同时，报告认为 2028 年仍存在进一步扩充 CoWoS 产能的需求。即使 Intel EMIB-T 和台积电 CoPoS 在 2028—2029 年逐渐应用于大型 AI 加速器封装，ASIC 与 CPU 仍可能形成相当规模的 CoWoS 需求。 所以，这份报告真正强调的并不只是简单的“CoWoS 还要扩产”，而是CoWoS 的需求基础正在变宽。过去更多是Nvidia GPU → CoWoS，未来逐渐演变为GPU + ASIC + CPU + HBM + Chiplet → CoWoS / 先进封装，与此同时，芯片封装尺寸越来越大、异构集成越来越复杂，相同数量的 AI 芯片可能需要消耗更多先进封装产能，从而进一步提高对 CoWoS 的需求。三、ASIC 正在成为 CoWoS 新一轮需求的重要来源这是整份报告非常重要的一部分。过去几年，Google、Amazon、Microsoft、Meta、OpenAI 等公司持续投入自研 AI 芯片。预测，到 2027 年，这些项目将进一步进入规模化部署阶段。预计，ASIC 芯片供应链构建量将从 2026 年约 709.6 万颗增加至 2027 年约 1366 万颗，接近翻倍。其中，Google TPU 是规模较大的 ASIC 项目之一。Broadcom 相关 TPU 预计从 2026 年约 368 万颗增加到 2027 年约 500 万颗；MediaTek 相关 TPU 则从约 46.7 万颗增加到约 400 万颗，两者合计接近 900 万颗。Amazon Trainium 同样处于规模扩张阶段，其中 Alchip 相关项目预计从约 178 万颗增加到 308 万颗。此外，Microsoft、OpenAI 与 Meta 的相关芯片项目也在扩大规模。预计 Microsoft 相关芯片从约 10.4 万颗增加至 40 万颗，OpenAI 从约 15 万颗增加至 65 万颗，Meta 从约 16.5 万颗增加至约 44.5 万颗。这意味着 hyperscaler 自研 ASIC 正逐渐从早期验证和有限部署，迈向更大规模的数据中心应用阶段。四、CoWoS 正从 Nvidia 主导走向多客户共同驱动报告的 CoWoS interposer wafer demand 数据很好地体现了这种变化。预计整个 CoWoS interposer wafer demand 将从2024 年约 35.8 万片 → 2025 年约 67.9 万片 → 2026 年约 132.1 万片 → 2027 年约 263 万片。按照这一预测，2027 年需求接近 2026 年的两倍。但比总量增长更加值得注意的是客户结构的变化。2025 年 GPU 厂商约占 CoWoS wafer demand 的 72%，ASIC 约为 28%；到 2027 年，GPU 占比预计约为 67%，ASIC 则提高至 33%。其中 Nvidia 自身占比预计从 2025 年的 65%下降到 2027 年的49%。与此同时，Google TPU 的需求份额预计达到 20%，AMD 提升至 18%。这里需要注意的是，占比下降并不意味着 Nvidia 的绝对需求下降。相反，报告预计 Nvidia 的 CoWoS interposer wafer demand 将从 2026 年约 79.9 万片增加至 2027 年约 129 万片。变化主要来自其他客户增长速度更快，从而使 CoWoS 的客户结构进一步多元化。因此，CoWoS 正逐渐从高度围绕 Nvidia GPU 的先进封装体系，扩展为面向整个 Cloud AI 芯片生态的先进封装平台。五、CPU 成为另一个值得关注的 CoWoS 新变量除了 ASIC，这份报告标题中特意将 CPU 放到了重要位置。一方面是 Nvidia Vera CPU。供应链预测显示，Vera CPU 的 build units 预计从 2026 年约 158 万颗增加至 2027 年约 550 万颗。与此同时，Rubin 系列 GPU 继续扩大规模。另一方面则是 AMD Venice。将 AMD 2027 年 CoWoS 需求预测上调约 11%，主要原因之一就是 Venice Server CPU 的规模预期提高，其 2027 年预测从此前约 400 万颗调整至 500 万颗。报告第数据显示，AMD 整体供应链 build units 预计从 2026 年约 208 万颗增加到 2027 年约 696 万颗，其中 Venice CPU 约为 500 万颗。 这反映出一个重要技术变化，先进封装的应用范围正在从 AI GPU/HBM 向高性能 CPU 进一步延伸。随着 CPU 进入 Chiplet 时代，先进逻辑 Die、I/O Die、缓存以及其他功能模块之间的高速互连，也让先进封装的重要性进一步提高。六、封装越来越大，CoWoS 需求不能只看芯片数量对 CoWoS 持续扩产的另一个判断，来自封装尺寸扩大与异构集成复杂度提升。未来的 AI 芯片越来越接近Compute Die + I/O Die + HBM + CPU + Chiplet + Interposer组成的系统级封装。这意味着即使芯片出货数量没有同比例增加，单颗芯片消耗的 CoWoS wafer area 仍可能持续提高。报告认为，即便 2028—2029 年 Intel EMIB-T、TSMC CoPoS 开始承接部分大型 AI 加速器封装，CoWoS 仍存在继续扩产的需求。其中一个重要原因，就是大型封装与异构集成正在消耗更多产能。因此，未来观察先进封装需求，已经不能只看“AI GPU 出货多少颗”，还需要关注Package Size × HBM 数量 × Chiplet 数量 × 异构集成复杂度，AI 芯片正在从“单颗芯片”逐渐演变成一个高度集成的封装级计算系统。七、CoWoS 制造开始从台积电单点走向 OSAT 协同伴随着 CoWoS 产能规模不断扩大，另外一个明显变化就是更多 OSAT 开始参与相关制造环节。预计，在 CoW 环节，ASE 的产能可能从 2026 年底约 20kwpm增加至 2027 年底约 70kwpm；同期 TSMC 与 Amkor 的 CoW 产能预计分别约为 180kwpm 和 20kwpm。与此同时，在 WoS 环节，除了目前与 ASE 的合作之外，报告提到 TSMC 可能在 2028 年增加新的 OSAT 合作伙伴进行量产。 因此，未来 CoWoS 的制造体系正在逐渐形成TSMC + ASE + Amkor + 其他 OSAT共同参与的先进封装生态。这背后反映出的变化是：随着 CoWoS 从几十 kwpm 走向数百 kwpm，先进封装正在进入更大规模的制造阶段。八、CoWoS 扩产同步推动 SoIC、混合键合与先进封装设备升级报告中还有一个很值得关注的数据：SoIC。预计 SoIC volume 从2024 年约 2 万 → 2025 年约 4.2 万 → 2026 年约 8.3 万 → 2027 年约 21.4 万。按照这一预测，2027 年规模较 2026 年增加一倍以上。 这意味着下一阶段先进封装的发展并不只是传统 CoWoS interposer 产能增加，还在进一步向 3D IC、Chiplet、Hybrid Bonding 等方向演进。报告还梳理了一系列与先进封装制造相关的设备类型，包括Die Bonder、Thermo-Compression Bonder、Hybrid Bonder、Wet Process Cleaning、Temporary Bonding/Debonding、Underfill、AOI、RDL Metrology 等。 可以看到，随着封装结构复杂度提高，CoWoS 背后的制造流程也在变得更加复杂。先进封装正在从单一工艺扩产，逐渐演变成涵盖键合、清洗、临时键合、底部填充、检测与量测等多个环节的完整制造体系。九、AI 正在改变 N3 先进制程的需求结构这份报告并不只是讨论 CoWoS，它还揭示了另一个值得关注的变化，Cloud AI 正在快速成为 N3 先进制程的重要需求来源。报告数据显示，预计 Cloud AI 占 N3 demand 的比例将从 2026 年约 36%提高至2027 年约 73%；与此同时，智能手机、PC 等消费电子及其他产品的占比预计从约 64%下降至27%。 客户结构同样发生明显变化。2026 年 Apple 预计占 N3 产能约 38%，Nvidia 约 11%；到了 2027 年，Nvidia 预计达到 30%，Broadcom 约 17%，Apple 则约为 14%。 这意味着 AI 芯片带来的制造需求已经开始同时向前端和后端延伸。前端需要更多 N3 等先进制程产能，中间需要越来越多的 HBM 与高速互连，后端则需要 CoWoS、SoIC、Hybrid Bonding 等先进封装技术。因此，AI 芯片制造正在形成先进制程 → GPU / ASIC / CPU → HBM / Chiplet → CoWoS → SoIC / 3D IC这样一条越来越完整的技术链条。小编总结随着 Google TPU、Amazon Trainium、Microsoft Maia 等 ASIC 加速放量，以及新一代 CPU、大尺寸封装、HBM 和 Chiplet 持续发展，CoWoS 的需求边界正在进一步扩大。未来 AI 芯片的竞争，也将从单颗芯片性能，逐渐延伸到先进制程、HBM、Chiplet 与先进封装协同发展的系统级竞争。END:原始报告我放在知识星球了，我们在星球中每日会更新半导体行业信息，技术拆解报告，市场分析报告，欢迎大家的加入~资料整理耗时耗力，专为学习与深度交流而备。若您希望获取报告原件，或有额外资源等需求，欢迎私信联系！除公众号发布的资料外，我们的知识星球——「芯联汇」还有更丰富和富有价值的资源，包括：最新的技术与市场深度分析报告全球半导体龙头企业产品路线图顶尖科研院所和高校的研究成果和讲义教程半导体各细分领域的趋势判断行业峰会演讲精华与专家访谈实录欢迎扫码加入，与更多行业同行交流，开启您的半导体知识进阶之旅！ 关注芯联汇，掌握""芯""讯息 不喜欢CoWoS扩产逻辑生变：ASIC、CPU走向舞台中央！",,,,pending
普京：这算什么，过家家？,科技日报,科技日报,21C API,normal,2026-09-27T18:23:27+08:00,,据俄罗斯《莫斯科共青团员报》网站9月25日报道，俄罗斯总统普京对记者表示，乌克兰开始请求停火，是因为俄罗斯采取的报复性打击成效显著。俄罗斯总统提醒称，在俄方采取相关行动前，乌军在圣彼得堡经济论坛期间袭击港口基础设施、封锁俄罗斯黑海沿岸并导致百余艘俄罗斯和外国船只受损、袭击电商仓库，并在9月19日晚至20日凌晨对莫斯科发动大规模袭击，当时俄罗斯正在举行议会选举。普京说：“我们已开始针对（乌军的）每一项行动进行报复，这些反击破坏力巨大，以至于乌克兰主动提出停火问题。”他解释说，乌克兰请求能源和空中停火，是因为找不到对付俄罗斯“天竺葵”无人机的办法。乌方还要求“我方解除对黑海沿岸的封锁”，以便出口农,http://mp.weixin.qq.com/s?__biz=MzI3NDI5MjI4OQ==&mid=2247899801&idx=1&sn=69212fdf638b39ee33e0717425e8b16a,,据俄罗斯《莫斯科共青团员报》网站9月25日报道，俄罗斯总统普京对记者表示，乌克兰开始请求停火，是因为俄罗斯采取的报复性打击成效显著。俄罗斯总统提醒称，在俄方采取相关行动前，乌军在圣彼得堡经济论坛期间袭击港口基础设施、封锁俄罗斯黑海沿岸并导致百余艘俄罗斯和外国船只受损、袭击电商仓库，并在9月19日晚至20日凌晨对莫斯科发动大规模袭击，当时俄罗斯正在举行议会选举。普京说：“我们已开始针对（乌军的）每一项行动进行报复，这些反击破坏力巨大，以至于乌克兰主动提出停火问题。”他解释说，乌克兰请求能源和空中停火，是因为找不到对付俄罗斯“天竺葵”无人机的办法。乌方还要求“我方解除对黑海沿岸的封锁”，以便出口农产品。普京强调：“这算什么，过家家？这是儿戏吗？因此，他们必须感受一下俄罗斯的报复性打击，他们必须明白，任何挑衅行为、任何按照他们的需求煽动局势的举动都不会带来结果。这些行为只会使他们的处境更加艰难。”普京证实，这些“所谓的和解”方向和乌方关于重启谈判的提议正在讨论之中。他说：“是的，所有这些都在讨论，一切皆有可能。但鉴于他们所做的一切，我们还在考虑要如何应对。我们作出的一切决定——包括恢复谈判进程——都将以俄罗斯的利益为出发点。”来源：参考消息 封面图来自视觉中国编辑：王曼茜审核：张爽,,,,pending
A股新指数，即将发布,财联社,财联社,"21C API, 投资, 上市, 科创板, 发布",normal,2026-09-27T18:19:28+08:00,,上海证券交易所和中证指数有限公司将于2026年9月29日正式发布上证创新药科创领先指数和上证科创板软件服务指数，为市场提供更丰富的投资标的。上证创新药科创领先指数从科创板和上证主板上市公司中选取40只研发水平高、成长性好的创新药领域上市公司证券作为指数样本，同时提升科创板样本权重，反映上述板块中创新药领域上市公司证券的整体表现。上证科创板软件服务指数从科创板选取40只软件开发、软件服务等领域的上市公司证券作为指数样本，以反映科创板软件服务行业上市公司证券的整体表现。,http://mp.weixin.qq.com/s?__biz=Mzg5MzEyNzEwNQ==&mid=2247854973&idx=1&sn=7d3c56ce490d8b3d03789b6ee86230fd,,上海证券交易所和中证指数有限公司将于2026年9月29日正式发布上证创新药科创领先指数和上证科创板软件服务指数，为市场提供更丰富的投资标的。上证创新药科创领先指数从科创板和上证主板上市公司中选取40只研发水平高、成长性好的创新药领域上市公司证券作为指数样本，同时提升科创板样本权重，反映上述板块中创新药领域上市公司证券的整体表现。上证科创板软件服务指数从科创板选取40只软件开发、软件服务等领域的上市公司证券作为指数样本，以反映科创板软件服务行业上市公司证券的整体表现。,,,,pending
南部战区再发声,中国能源报,中国能源报,21C API,normal,2026-09-27T18:08:19+08:00,,“南部战区”消息，9月27日，中国人民解放军南部战区位黄岩岛周边海空域组织海空联合演训，重点演练侦察预警、快速机动、联合搜救等实战化科目，有效检验了部队海空协同、快速支援和体系制胜能力。战区部队时刻保持高度戒备，坚决捍卫国家领土主权和海洋权益。同日上午，“南部战区”消息，9月27日，中国人民解放军南部战区位黄岩岛周边海空域组织海空联合演训，这是针对当前个别国家破坏地区和平稳定的必要行动，旨在检验提升部队维护国家领土主权和海洋权益的实战能力。来源：南部战区End欢迎分享给你的朋友！出品 | 中国能源报（cnenergy）编辑丨赵方婷,http://mp.weixin.qq.com/s?__biz=MjM5NTI4MTIyMg==&mid=2658144082&idx=1&sn=a3968eab6bf54ca59649f5df7294ca6e,,“南部战区”消息，9月27日，中国人民解放军南部战区位黄岩岛周边海空域组织海空联合演训，重点演练侦察预警、快速机动、联合搜救等实战化科目，有效检验了部队海空协同、快速支援和体系制胜能力。战区部队时刻保持高度戒备，坚决捍卫国家领土主权和海洋权益。同日上午，“南部战区”消息，9月27日，中国人民解放军南部战区位黄岩岛周边海空域组织海空联合演训，这是针对当前个别国家破坏地区和平稳定的必要行动，旨在检验提升部队维护国家领土主权和海洋权益的实战能力。来源：南部战区End欢迎分享给你的朋友！出品 | 中国能源报（cnenergy）编辑丨赵方婷,,,,pending
明日起，北京机动车尾号限行轮换,中国能源报,中国能源报,"21C API, 发布",normal,2026-09-27T18:08:19+08:00,,9月28日起，北京机动车尾号限行轮换。综合北京市公安局交通管理局消息9月28日起北京机动车尾号限行轮换！自2026年9月28日至2026年12月27日星期一至星期五限行机动车车牌尾号分别为5和0、1和6、2和7、3和8、4和9不受限行的机动车：1、警车、消防车、救护车、工程救险车；2、公共电汽车、省际长途客运车辆及大型客车、京B号段号牌出租汽车(不含租赁车辆)、邮政专用车、持有市交通行政管理部门核发的旅游客车营运证件的车辆、经市公安交通管理部门核定的单位班车和学校校车；3、车身喷涂统一标识并执行公务的行政执法车辆和清障专用作业车辆；4、环卫、园林、道路养护、应急通信保障的专项作业车辆，殡仪馆的,http://mp.weixin.qq.com/s?__biz=MjM5NTI4MTIyMg==&mid=2658144082&idx=2&sn=eed09afef4d434420676a3572eef7414,,9月28日起，北京机动车尾号限行轮换。综合北京市公安局交通管理局消息9月28日起北京机动车尾号限行轮换！自2026年9月28日至2026年12月27日星期一至星期五限行机动车车牌尾号分别为5和0、1和6、2和7、3和8、4和9不受限行的机动车：1、警车、消防车、救护车、工程救险车；2、公共电汽车、省际长途客运车辆及大型客车、京B号段号牌出租汽车(不含租赁车辆)、邮政专用车、持有市交通行政管理部门核发的旅游客车营运证件的车辆、经市公安交通管理部门核定的单位班车和学校校车；3、车身喷涂统一标识并执行公务的行政执法车辆和清障专用作业车辆；4、环卫、园林、道路养护、应急通信保障的专项作业车辆，殡仪馆的殡葬车辆；5、悬挂“使”字头号牌车辆及经批准临时入境的车辆；6、纯电动小客车(以可充电电池作为唯一动力来源、由电动机驱动的小客车)。来源：北京市公安局交通管理局、北京日报客户端、北京发布End欢迎分享给你的朋友！出品 | 中国能源报（cnenergy）编辑丨赵方婷,,,,pending
Science｜无需外加极化！iCVD 聚合物薄膜生长即自带强内建电场,芯见视界,芯见视界,"21C API, 量产",normal,2026-09-27T18:00:00+08:00,,导语驻极体、极化聚合物薄膜在电声换能器、柔性电子、传感、生物器件、静电催化领域具备很高应用价值。传统极化聚合物，必须薄膜制备完成之后，施加高压电场进行极化（电晕极化、接触极化）后处理，工艺复杂；对于复杂曲面、高深孔道、大面积基底，很难实现均匀极化，限制微纳器件集成。德国基尔大学团队在《Science》报道全新现象：引发式化学气相沉积（iCVD）制备的交联聚合物薄膜，生长过程自发形成稳定宏观极化，不需要任何外加电场或者后极化处理。表面电势随薄膜厚度线性增长，最高可达 24 V；更换聚合引发剂，就可以切换薄膜表面电势的正 / 负极性。iCVD 属于无溶剂一步气相工艺，可以在复杂形貌、大面积基底实现,http://mp.weixin.qq.com/s?__biz=MzY5NzM1NzQ1OQ==&mid=2247485377&idx=1&sn=d7d26442643d602b36e7815141adc5db,,导语驻极体、极化聚合物薄膜在电声换能器、柔性电子、传感、生物器件、静电催化领域具备很高应用价值。传统极化聚合物，必须薄膜制备完成之后，施加高压电场进行极化（电晕极化、接触极化）后处理，工艺复杂；对于复杂曲面、高深孔道、大面积基底，很难实现均匀极化，限制微纳器件集成。德国基尔大学团队在《Science》报道全新现象：引发式化学气相沉积（iCVD）制备的交联聚合物薄膜，生长过程自发形成稳定宏观极化，不需要任何外加电场或者后极化处理。表面电势随薄膜厚度线性增长，最高可达 24 V；更换聚合引发剂，就可以切换薄膜表面电势的正 / 负极性。iCVD 属于无溶剂一步气相工艺，可以在复杂形貌、大面积基底实现保形涂覆。该发现为直接制备自带内建电场的聚合物功能涂层开辟全新路线。图 1｜iCVD 设备原理、单体‑引发剂分子、薄膜表面电势实测照片A：iCVD 反应器原理示意图，引发剂热裂解产生自由基，基底表面单体吸附并发生自由基聚合；B：本研究所使用单体（V4D4、sHEMA、EGDMA、DPDMA、GTMA）与两种引发剂 TBPO、PFBSF 分子结构式；C：Si 基底上 PEGDMA 薄膜，无接触静电电压表直接测得 + 24 V 自发表面电势。一、传统极化聚合物工艺的痛点具备永久极化的聚合物驻极体用途十分广泛：静电换能器件、柔性传感器、细胞调控、静电催化等。现有技术路线存在明显短板：1.需要后极化工序：成膜之后施加外部高压电场，驱动分子偶极取向，设备与工艺流程繁琐；2.复杂结构难以均匀极化：曲面、多孔、高深宽比结构，电场分布畸变，很难获得均匀极化；3.部分小分子真空蒸镀体系虽可自发偶极取向，但力学性能差，环境稳定性不足，不利于器件实际使用。iCVD（引发式化学气相沉积）是一种全干式气相聚合工艺：引发剂经热丝裂解产生自由基，单体气化输运到低温基底表面吸附，发生自由基聚合；全程无溶剂，条件温和，可对异形表面实现保形均匀镀膜，广泛用于柔性、微纳器件涂层。本工作意外发现：高偶极不对称单体，在 iCVD 聚合成膜的过程中，分子偶极就自发定向排列；交联网络把取向锁死，直接得到本征极化聚合物薄膜，完全省略后极化步骤。图 2｜单体偶极理论计算、表面电势厚度依赖、热与环境稳定性测试A‑E：不同单体各构象的偶极矩与单点能 DFT 计算；F：高偶极构象分子静电势分布图；G：TBPO 引发下不同聚合物表面电势随膜厚线性增加，非极性 V4D4 无自发电势；H：线性聚合物 PsHEMA 电势快速弛豫，交联 PEGDMA 可长时间维持电势；I：热刺激放电测试，PEGDMA 薄膜～90 ℃开始偶极弛豫，155 ℃极化完全消失；J：不同气氛环境下薄膜电势衰减测试。二、实验现象：自发极化，厚度线性可调，引发剂决定极性团队选取 5 种单体，搭配 TBPO、PFBSF 两种引发剂开展 iCVD 沉积实验：EGDMA、DPDMA、GTMA、sHEMA、V4D4（非极性参照）。1.自发产生表面电势：以 TBPO 作为引发剂，EGDMA 聚合得到 PEGDMA 薄膜，室温环境直接测得最高 \\+24 V 表面电势 \\，成膜过程没有施加任何外电场。2.电势和厚度线性正相关：PEGDMA (+) 斜率 13.5 mV/nm，PDPDMA (+) 16.83 mV/nm，PGTMA (+) 9.43 mV/nm；非极性 V4D4 无论厚度多大，表面电势始终接近 0 V。3.交联是稳定极化的关键：线性聚合物 PsHEMA，室温几十分钟电势就完全弛豫消失；交联型 PEGDMA 交联网络限制分子链运动，偶极取向被动力学锁定，环境条件可以长期维持极化。4.引发剂切换极性反转：同样 EGDMA 单体，把引发剂从 TBPO 替换成 PFBSF，得到 PEGDMA (‑)，表面电势变成负值，斜率‑15.88 mV/nm。仅仅改变引发剂，不需要改单体，就实现极化正负调控。稳定性边界条件•✅稳定条件：普通室内环境（42% 湿度）、紫外 / 模拟太阳光照射，电势可以长期保持；氮气、正己烷、甲苯非极性气氛中储存一周，电势几乎无衰减。•❌失稳条件：温度升高，90 ℃开始偶极弛豫，155 ℃极化完全消失，冷却后不能恢复；暴露异丙醇、丙酮等极性蒸汽，或者高湿 95% RH 环境，极性分子渗入聚合物网络，诱发链段运动，极化快速消退。图 3｜引发剂调控极性、红外光谱、分子吸附取向机理示意图A：TBPO（正极性）与 PFBSF（负极性）引发薄膜电势‑厚度曲线；B‑C：两种引发剂制备薄膜极化态与去极化态 IRRA 反射吸收红外对比；D：正负极化薄膜与原始单体红外谱对照；E：EGDMA 单体在 Au 基底表面分子吸附取向示意图；F：iCVD 生长三阶段机理：吸附阶段分子取向、自由基引发聚合、链增长与构象弛豫。三、微观物理机理：界面相互作用 + 交联锁定偶极取向结合 DFT 理论计算、红外反射吸收（IRRA）光谱，揭示完整物理图像：1.高不对称偶极单体是前提：EGDMA、DPDMA、GTMA 等单体分子结构不对称，拥有较大本征偶极矩；非极性 V4D4 无此效应。2.基底‑分子范德华相互作用主导初始取向：单体吸附到基底表面，范德华作用大于偶极‑偶极排斥，单体优先以特定取向贴附基底，形成第一层定向偶极；后续薄膜生长受已存在内建电场引导，逐层累积，电势随厚度线性增长。3.交联网络动力学锁死偶极：聚合过程形成交联三维网络，极大抑制分子链段转动弛豫，把偶极取向“冻结”；如果没有交联（线性聚合物），室温分子运动就会打乱偶极，极化快速消失。4.引发剂改变界面分子吸附构型，实现极性翻转￮TBPO 引发：羰基基团趋向贴向金属基底，分子电正端朝外，得到正极化薄膜；￮PFBSF 含氟磺酰氟基团，沉积早期和单体羰基发生分子间相互作用，改变单体吸附姿态；聚合后含氟链末端倾向向真空界面排布，羰基朝向薄膜内部，最终整体偶极取向反转，得到负极化薄膜。关键认知：不是晶体铁电自发极化，是气相生长过程，界面相互作用诱导分子择优取向，交联网络把取向动力学锁定，得到宏观净偶极极化。四、价值与应用展望1.工艺优势：iCVD 全干式一步工艺，无需后极化高压设备；可大面积、保形涂覆在曲面、多孔、柔性基底，兼容微纳器件加工。2.潜在应用方向￮电声换能器、驻极体传感器、能量收集器件；￮有机电子器件，内置固定内建电场调控器件能带；￮生物表面调控，调控细胞粘附生长；￮静电催化、成核诱导等表面驱动纳米过程。3.现存挑战：高温、高湿度、极性蒸汽环境会破坏极化；后续需要材料改性，进一步提升极端环境稳定性；拓展更多可实现自发极化的 iCVD 单体体系。论文信息•标题：Spontaneous polarization in chemical vapor–deposited polymer films creates large electric fields•期刊：Science，2026•DOI：10.1126/science.aeg9547•单位：德国基尔大学（Kiel University）免责声明：本公众号所有内容均为行业科普、技术学习、经验分享用途，仅代表作者个人研究与认知总结，仅供行业从业者、科研人员、学生参考学习，不代表任何官方标准、量产工艺依据或商业指导意见。如存在侵权等，请联系芯见视界删除，谢谢！另外，本文所列内容可能存在遗漏，欢迎大家在留言区补充交流。不喜欢Science｜无需外加极化！iCVD 聚合物薄膜生长即自带强内建电场,,,,pending
【计算】J. Am. Chem. Soc.｜香港城市大学/东南大学/同济大学：基于神经网络的分子动力学揭示平面蜂窝二维晶格CVD生长中的通用多过渡态,AI赋能材料,AI赋能材料,"RIOnews API, 工具方法, 机器学习, AI, 学术研究, 大学, 教授",normal,2026-09-27T18:00:00+08:00,,Ai赋能材料——————————————————2026年9月10日，J. Am. Chem. Soc.在线发表了香港城市大学曾晓成教授、东南大学王金兰教授和同济大学程婷特聘研究员课题组的研究论文，题目为《Neural-Network-Based Molecular Dynamics Unravel Generic Multitransition States in CVD Growth of Planar Honeycomb 2D Lattices》，论文的第一作者为Shuaihua Lu。二维材料的化学气相沉积（CVD）通过一系列复杂的非平衡高温表面反应进行。在原子尺度上解析这种动态演化的,http://mp.weixin.qq.com/s?__biz=Mzg4OTc1MzY5Mw==&mid=2247511146&idx=1&sn=6327fabd53bff492593656a7ff6558d5,,"Ai赋能材料——————————————————2026年9月10日，J. Am. Chem. Soc.在线发表了香港城市大学曾晓成教授、东南大学王金兰教授和同济大学程婷特聘研究员课题组的研究论文，题目为《Neural-Network-Based Molecular Dynamics Unravel Generic Multitransition States in CVD Growth of Planar Honeycomb 2D Lattices》，论文的第一作者为Shuaihua Lu。二维材料的化学气相沉积（CVD）通过一系列复杂的非平衡高温表面反应进行。在原子尺度上解析这种动态演化的气固界面，仍然是原位实验检测以及时间依赖聚集与共价键形成耦合的理论模拟中的一大挑战。在此研究中，作者开发了一个化学感知主动学习蒸馏（Chem-ALD）框架，用于构建计算高效、高保真的机器学习力场（MLFF），并具有接近量子化学的精度。通过将CVD-MLFF应用于不同衬底上的不同典型CVD体系——石墨烯和h-BN，研究揭示了一条由通用多过渡态（MTS）机制主导的普适非经典成核路径。该MTS路径从根本上绕过了经典成核理论所假设的单步势垒，通过高度涨落中间体的持续演化进行：气相前驱体组装成纳米链，它们逐步聚并成分支网络，以及速率决定性的转变为临界“纳米海星状”结构。在随后的成核后阶段，六方纳米片晶在分形状中间体中形成。这种持续演化依赖于“纳米海星状”拓扑作为通用动力学漏斗，连接周围的瞬态。通过在原子分辨率下绘制这些复杂的反应景观，该框架提供了一个统一的物理图像，将局域过渡态动力学与二维单晶的宏观晶圆级合成联系起来。图1 用于构建高温CVD反应机器学习力场的ALD框架图2 面向反应性CVD表面构型的化学感知主动采样策略图3 Cu(111)上石墨烯成核的反应能量景观与多步路径图4 Ni(111)上h-BN单层成核的多步路径图5 Cu(111)上石墨烯生长和Ni(111)上h-BN生长的时间分辨快照【论文链接】Lu, S., Zhang, Z., Jiang, J. et al. Neural-Network-Based Molecular Dynamics Unravel Generic Multitransition States in CVD Growth of Planar Honeycomb 2D Lattices. J. Am. Chem. Soc., 2026. https://doi.org/10.1021/jacs.6c12198投稿日期：2026年06月14日接收日期：2026年08月14日点击左下角可阅读原文培训与学习【计算】Phys. Rev. B｜中国人民大学卢仲毅/郭朋杰团队: 二维交错磁性材料中的双极化Weyl半金属与量子晶体谷霍尔效应Renewable Energy（IF 9.1）｜面向碳中和目标的多类型储能系统机器学习优化技术与应用进展JMRT | 中南大学 | 机器学习+数值模拟：CPO-XGBoost模型精准预测高压压铸Al-Si合金延伸率【计算】Nat. Comput. Sci.｜麻省理工学院：基于价态约束生成建模的新型材料发现框架CrysVCD来源：暗梦飘逸醉月 科研任我行注：本公众号秉持学术交流宗旨，所推送内容仅供学习研讨，非商业用途。诚邀材料与人工智能领域的专家学者赐稿，分享“AI+材料”前沿研究成果！本平台对转载、分享的内容、陈述及观点保持中立，不对其准确性、可靠性或完整性提供任何明示或暗示的保证，读者请自行判断并参考，平台不因此承担任何责任。声明：公众号所发布的所有内容（包括文字、图片、视频等）来源于网络或用户投稿，版权归原作者所有。如涉及版权问题，我们将及时处理。投稿邮箱：ai_materials@163.com微信群聊：Ai+材料科研交流群加群方式：添加微信（FC***********），备注：单位-姓名-研究方向，审核后邀请入群编辑备注：2026.09.27 春博士成长营公众号丨AI赋能材料编辑丨春博士（chunboshi）编辑部信息READING BOOKS微信号丨曜忞微信号丨FC***********阅读原文不喜欢本研究开发了一个化学感知主动学习蒸馏（Chem-ALD）框架，用于构建计算高效、高保真的机器学习力场（MLFF），并具有接近量子化学的精度。",,,,pending
【JAC重磅】辽宁工业大学：综述高熵合金现代设计方法与多尺度耦合模拟策略,AI赋能材料,AI赋能材料,"RIOnews API, 工具方法, 机器学习, AI",normal,2026-09-27T18:00:00+08:00,,"Ai赋能材料——————————————————文章信息原文标题：A review of modern design methods and multi-scale coupling simulation strategies for high-entropy alloys标题翻译：高熵合金现代设计方法与多尺度耦合模拟策略综述通讯作者单位：辽宁工业大学机械工程与自动化学院、交叉科学学院（College of Mechanical Engineering and Automation; College of Interdisciplinary Sciences, Liaoning Univers",http://mp.weixin.qq.com/s?__biz=Mzg4OTc1MzY5Mw==&mid=2247511146&idx=2&sn=0aa00e08a64d048b42ff0e0ce9eb667c,,"Ai赋能材料——————————————————文章信息原文标题：A review of modern design methods and multi-scale coupling simulation strategies for high-entropy alloys标题翻译：高熵合金现代设计方法与多尺度耦合模拟策略综述通讯作者单位：辽宁工业大学机械工程与自动化学院、交叉科学学院（College of Mechanical Engineering and Automation; College of Interdisciplinary Sciences, Liaoning University of Technology）文章导读高熵合金的多主元组合拓展了成分设计空间，也让局部化学环境、缺陷演化与宏观性能之间的联系更难辨清。经验判据能帮助初筛，单一计算方法却常受精度、规模和时间尺度限制。辽宁工业大学贾东洲等在Journal of Alloys and Compounds发表综述，围绕第一性原理计算（DFT）、机器学习（ML）、分子动力学（MD）、蒙特卡洛模拟（MC）和CALPHAD相图计算，比较各自的适用范围，并重点梳理以MD为中心、通过原子间势和热力学信息实现耦合的路径。文章的价值在于将方法选择、信息传递与代表性应用串联起来，为高熵合金从成分筛选走向组织与性能协同设计提供参考。图文解读原文共有图22，本文图片选自原文中图4、8、13、14、18、22。图4：经验参数为成分筛选提供第一层依据。图中汇总原子尺寸失配与混合熵、混合焓、价电子浓度和Ω参数之间的关系，分别从构型熵、化学相互作用、尺寸差异及电子因素理解相形成倾向。其中，价电子浓度常用于判断FCC/BCC结构倾向，Ω则综合熵与焓的相对贡献。这些图谱适合缩小候选空间，但判据适用性会随成分和相组成变化；筛选结果还需要更具体的热力学计算或实验支撑。图8：分子动力学的能力很大程度上取决于原子间相互作用如何描述。图中依次展示经典MD的超胞与层错演化、AIMD的原子构型及电子态分析，以及机器学习势的验证和拉伸模拟对比。经典MD计算效率高，AIMD通过实时第一性原理计算描述原子相互作用，机器学习势则从DFT数据学习势能面。综述引用的NEP案例中，[111]方向AIMD模型为144个原子，NEP-MD模型扩展到162000个原子，并对比拉伸变形行为。这一案例体现了扩大模拟规模的潜力，势函数的可靠性仍取决于训练数据和验证构型。图13：局部原子排列是理解高熵合金的重要切入点。图中通过短程有序模型、相互作用矩阵，以及CoCuFeNiPd与CoCuFeNiTi的原子分布和配对偏好对比，展示如何识别短程有序与偏聚。所引案例采用MC原子交换结合MD弛豫，使构型采样与原子位置调整相互配合，并用Warren–Cowley参数等量化局部化学环境。综述指出，该比较中含Pd体系表现出比含Ti体系更强的偏聚与短程有序倾向；这一结果对应特定合金与模拟条件，为理解成分变化如何影响局部组织提供了案例。图14：空位与位错问题需要不同尺度的计算共同处理。图中先展示多主元体系的扩散和晶格畸变示意，再给出多空位构型、空位迁移轨迹以及变形过程中的位错演化。综述引用的FeCrCoNi研究采用SQS与DFT分析空位相关问题，Al0.3CoCrFeNi案例则利用MD/MC构型准备和MD加载追踪位错变化，其中Shockley不全位错占主导，其长度随应变增加。该组案例说明，局部缺陷能量适合用第一性原理分析，而位错运动和缺陷相互作用需要更大尺度的动力学描述。图18：温度效应同时涉及原子重排与相稳定性。图中将不同温度下的MD、MD/MC构型结果与CALPHAD相图放在一起比较：所引AlCoFeNiCu案例展示300—1700 K范围内的结构演化；MoNbTaVW案例比较300 K和1673 K的局部化学环境，高温下短程有序与偏聚倾向减弱；CALPHAD部分则展示温度和成分改变时的相稳定区间。两类结果回答的问题不同：原子模拟呈现给定模型中的演化过程，相图计算给出热力学预测，联合解读有助于区分动力学路径与平衡趋势。图22：全文框架将方法分类、多尺度耦合和应用目标联系起来。DFT提供能量、力等高精度信息，用于构建或训练原子间势；MD追踪扩散、变形与缺陷演化；MC补充构型采样；CALPHAD提供相稳定性和自由能约束，ML则支持势函数学习与成分筛选。模拟中出现的关键构型和演化结果还可反馈给高精度计算、模型训练及数据库更新。这幅图概括的是综述梳理的设计框架，其实际效果需要在具体合金体系中逐环节检验。滑动查看更多 (电脑端按住shift可左右滑动)文章总结这篇综述将高熵合金计算设计的关键问题归纳为方法分工与信息衔接：经验参数用于初筛，DFT提供电子结构与能量信息，MD描述原子尺度动力学，MC改善构型采样，CALPHAD约束相稳定性，ML提高学习与筛选效率。原子间势是连接高精度计算与大规模动力学的重要纽带，双向反馈有助于持续修正模型。面向实际应用，势函数适用范围、数据质量和热力学数据库可靠性仍是关键；作者提出进一步融合高通量预测、实验验证与数据迭代，并拓展高温、辐照、腐蚀和循环载荷等耦合服役条件下的研究。为什么做？：1. 原文依据：“the inherent trade -off between prediction accuracy and computational efficiency”——单一方法需要在预测精度与计算效率之间取舍，这构成多方法协同的直接动机。2. 作者明确动机：比较高熵合金主要计算方法的优势、限制和适用场景，梳理多尺度耦合策略及其在微观机制和成分设计中的应用。3. 深层动机：研究者需要围绕目标物理问题选择方法，并明确数据如何在方法之间传递，才能把分散的模拟结果用于合金设计。4. 现实/理论痛点：多主元成分空间庞大，局部化学环境复杂，传统试错成本高，也难以直接捕捉原子尺度动态演化。5. 现有方案不足：DFT受计算成本限制，MD依赖势函数，ML受泛化与可解释性约束，CALPHAD依赖数据库；单独使用难以覆盖全部尺度。6. 核心驱动：利用电子结构计算、统计采样、动力学和热力学方法的互补性，在可承受的成本下获得更完整的组织与性能认识。7. 预期贡献：为成分初筛、缺陷分析、相变研究与性能优化建立可比较的方法选择和耦合路径。怎么做的？：1. 作者声称的做法：结合文献计量与综述，按单一方法、多尺度耦合及应用案例三条主线组织内容，并比较常用参数和原子间势。2. 研究对象与数据：对象为高熵合金计算设计研究；文献计量部分使用Web of Science中2014—2025年与可控合成相关的2700余篇文献，案例部分汇总已有模拟与设计成果。3. 技术路线/方法论：从经验描述符出发，介绍DFT、ML、MD、MC和CALPHAD，再梳理势函数训练、构型采样及热力学信息交换，最后讨论缺陷、相变与成分优化。4. 验证与评估：采用文献案例中的模型对比、势函数验证、结构演化及性能预测结果说明方法能力；各案例体系和条件不同，未形成统一测试集上的方法排名。5. 方法创新定位：贡献集中在方法比较与耦合逻辑的系统梳理，强调原子间势的信息传递作用及计算结果的双向反馈。6. 隐含细节：落地时需先确定目标成分、温度和缺陷类型是否处于势函数适用范围，再明确热力学约束与动力学输出之间传递的量。还需要做什么？：1. 作者明确提出：发展高通量计算、合成和并行表征，建设持续积累的专用数据库；研究高温、辐照、腐蚀与循环载荷耦合环境，并建立长期退化与寿命预测方法。2. 尚未解决：不同成分、缺陷与温度下的势函数可迁移性，以及各耦合环节误差如何传递到最终性能预测，仍影响框架的工程可靠性。3. 建议下一步：选择一个明确的合金体系，设置独立的能量、力、缺陷和相稳定性验证，结合实验核对关键预测，并追踪模型更新前后的误差变化。培训与学习【计算】Phys. Rev. B｜中国人民大学卢仲毅/郭朋杰团队: 二维交错磁性材料中的双极化Weyl半金属与量子晶体谷霍尔效应Renewable Energy（IF 9.1）｜面向碳中和目标的多类型储能系统机器学习优化技术与应用进展JMRT | 中南大学 | 机器学习+数值模拟：CPO-XGBoost模型精准预测高压压铸Al-Si合金延伸率【计算】Nat. Comput. Sci.｜麻省理工学院：基于价态约束生成建模的新型材料发现框架CrysVCD来源：Metals Letters注：本公众号秉持学术交流宗旨，所推送内容仅供学习研讨，非商业用途。诚邀材料与人工智能领域的专家学者赐稿，分享“AI+材料”前沿研究成果！本平台对转载、分享的内容、陈述及观点保持中立，不对其准确性、可靠性或完整性提供任何明示或暗示的保证，读者请自行判断并参考，平台不因此承担任何责任。声明：公众号所发布的所有内容（包括文字、图片、视频等）来源于网络或用户投稿，版权归原作者所有。如涉及版权问题，我们将及时处理。投稿邮箱：ai_materials@163.com微信群聊：Ai+材料科研交流群加群方式：添加微信（FC***********），备注：单位-姓名-研究方向，审核后邀请入群编辑备注：2026.09.27 春博士成长营公众号丨AI赋能材料编辑丨春博士（chunboshi）编辑部信息READING BOOKS微信号丨曜忞微信号丨FC***********不喜欢本综述围绕第一性原理计算（DFT）、机器学习（ML）、分子动力学（MD）、蒙特卡洛模拟（MC）和CALPHAD相图计算，比较各自的适用范围，并重点梳理以MD为中心、通过原子间势和热力学信息实现耦合的路径",,,,pending
JACS：电化学选择性C–F键活化,有机电催化,有机电催化,"RIOnews API, 电化学合成, 电催化",normal,2026-09-27T18:00:00+08:00,,电催化MHAT · C–F键活化 · 铁卟啉 · 羰基生物电子等排体一句话看懂传统金属氢原子转移通常依赖氧化剂和硅氢试剂生成金属氢。该研究以铁卟啉为电催化剂、尿素为质子源，通过阴极还原直接形成Fe–H并对CF3烯烃实施MHAT和选择性C–F断裂，模型产物分离收率达到95%；去除铁后则切换为电子转移路径并生成互补的二氟甲基烯烃。MHAT可温和活化烯烃，但常规氧化模式需要同时加入化学氧化剂和氢化物供体，增加副产物与放大复杂度。质子还原生成Co–H已用于还原型MHAT，而更易获得的Fe催化体系长期主要停留在析氢研究。与此同时，CF3烯烃的选择性单C–F活化可构建稳定羰基电子等排体，但需要避免过度脱氟,http://mp.weixin.qq.com/s?__biz=MzUyNTc2ODMyOQ==&mid=2247563080&idx=1&sn=83e10c563f07510d9154a06920bb3580,,电催化MHAT · C–F键活化 · 铁卟啉 · 羰基生物电子等排体一句话看懂传统金属氢原子转移通常依赖氧化剂和硅氢试剂生成金属氢。该研究以铁卟啉为电催化剂、尿素为质子源，通过阴极还原直接形成Fe–H并对CF3烯烃实施MHAT和选择性C–F断裂，模型产物分离收率达到95%；去除铁后则切换为电子转移路径并生成互补的二氟甲基烯烃。MHAT可温和活化烯烃，但常规氧化模式需要同时加入化学氧化剂和氢化物供体，增加副产物与放大复杂度。质子还原生成Co–H已用于还原型MHAT，而更易获得的Fe催化体系长期主要停留在析氢研究。与此同时，CF3烯烃的选择性单C–F活化可构建稳定羰基电子等排体，但需要避免过度脱氟和普通加氢。核心问题电化学生成的质子源Fe–H能否脱离析氢通道，用于CF3烯烃MHAT并选择性制备成对的酮与烯醇电子等排体？本文要点1. Fe(TPP)Cl经阴极还原和尿素质子化形成Fe–H，随后向CF3烯烃转移氢原子并触发自由基C–F键断裂。2. 模型底物在室温恒电流5 h获得95%分离收率；去除Fe催化剂后反应切换为直接电子转移并改变产物连接方式。3. 循环伏安、控制电位、尿素-d4标记和自由基钟共同支持质子来源Fe–H、MHAT及碳自由基中间体。4. 两条路径适用于多类底物并可构建药物和天然产物衍生物；两种含氟片段在化学与生物介质中呈现差异稳定性和活性。关键图表解读还原型Fe–H驱动MHAT设计Figure 1. 传统氧化型MHAT、Fe催化析氢先例及本工作C–F键活化路线。Fe卟啉由阴极电子和质子直接生成Fe–H，并将其用于CF3烯烃的选择性C–F键活化，表明质子还原型金属氢可由析氢中间体转化为有机合成氢原子转移剂。Fe–H与自由基路径证据Figure 2. 循环伏安、控制电位、同位素标记和自由基钟实验解析两条反应路径。−2.2 V时目标产物收率达91%，尿素-d4提供氘标记且自由基钟发生开环或环化，表明Fe–H介导MHAT后形成碳自由基并经历选择性C–F断裂。成对羰基电子等排体合成Figure 4. 由羰基原料制备两类含氟电子等排体并进一步构建药物与环丙烷衍生物。Fe催化和无Fe路径分别导向gem-二氟烯烃与二氟甲基烯烃，并可用于复杂分子后期转化，表明反应路径切换提供同一羰基骨架两种空间取向不同的稳定替代结构。含氟片段稳定性与生物活性Figure 5. 两类含氟电子等排体在化学和生物介质中的稳定性、理化性质及活性比较。两类二氟烯烃在多种水相条件下总体稳定，但在血清稳定性和TNF-α抑制中表现不同，表明CF2连接位置能够独立调节代谢稳定性、膜通透性与生物功能。可以继续思考什么？Fe–H生成与析氢之间的分流如何受质子源酸度、配位阴离子和电极界面影响，能否用原位光谱直接定量？若采用无牺牲阳极或流动电解，铁卟啉稳定性及两条路径的选择性窗口是否仍可保持？文献信息论文题目：Iron-Electrocatalytic MHAT Enables C–F Bond Activation of CF3 Alkenes: Access to Stable Keto and Enol Isosteres期刊：Journal of the American Chemical Society，2026，ASAP ArticleDOI：10.1021/jacs.6c15284通讯作者：Benxiang Zhang不喜欢有机电催化学术交流QQ群: 692419836,,,,pending
沙特首都学校紧急通知：下周上网课,财联社,财联社,21C API,normal,2026-09-27T17:57:43+08:00,,据央视新闻，沙特阿拉伯首都利雅得的学生家长们27日接到学校发来的电子邮件，通知他们下周校园关闭，转向线上教学。家长们表示，校方没有告知理由，但猜测可能与当下安全局势紧张有关。利雅得的学生家长收到的校方邮件中写道：“我们刚刚接到沙特有关部门通知，要求学校整周必须保持关闭状态。”利雅得一名要求匿名的学生家长表示：“当一项决定影响一整个学区、一整个星期时，关于这么做的理由，学生家庭理应得到更清晰的说明。”另一名家长说，上网课通知“最后一刻”才发，“我们完全不了解发生了什么”。眼下，沙特与也门胡塞武装的冲突愈演愈烈，双方相互发动导弹、无人机袭击。由于胡塞武装攻势猛烈，沙特防空武器库存告急，已向多个盟友,http://mp.weixin.qq.com/s?__biz=Mzg5MzEyNzEwNQ==&mid=2247854962&idx=1&sn=1dce15acdce58f4ab3dc21a89e847b22,,据央视新闻，沙特阿拉伯首都利雅得的学生家长们27日接到学校发来的电子邮件，通知他们下周校园关闭，转向线上教学。家长们表示，校方没有告知理由，但猜测可能与当下安全局势紧张有关。利雅得的学生家长收到的校方邮件中写道：“我们刚刚接到沙特有关部门通知，要求学校整周必须保持关闭状态。”利雅得一名要求匿名的学生家长表示：“当一项决定影响一整个学区、一整个星期时，关于这么做的理由，学生家庭理应得到更清晰的说明。”另一名家长说，上网课通知“最后一刻”才发，“我们完全不了解发生了什么”。眼下，沙特与也门胡塞武装的冲突愈演愈烈，双方相互发动导弹、无人机袭击。由于胡塞武装攻势猛烈，沙特防空武器库存告急，已向多个盟友请求支援。沙特主导的多国联军发言人图尔基·马利基26日凌晨在社交媒体上说，多国联军当天摧毁了也门胡塞武装向沙特西南部城市海米斯穆谢特发射的两枚弹道导弹，并击落向利雅得省发射的两架无人机。,,,,pending
建在花园里！亚洲首个，沉浸式体验太空失重环境,科技日报,科技日报,"21C API, 推出, 落地",normal,2026-09-27T17:50:34+08:00,,探秘星辰大海解锁科技密码科技日报重磅推出“我最心动的科技打卡地”征集展示活动我们一起心动出发今天打卡的是——打卡推荐北京未来科技馆特色：为全年龄段孩子开启能触摸、能体验、能实操、能研学的科学新世界，94.6%展览项目贴合中小学生课程教育标准地址：北京市延庆区北京世园国际旅游度假区内，靠近4号门预约：抖音搜索“北京未来科技馆”官方店铺9月30日北京未来科技馆正式开馆这是一座高颜值、黑科技、强互动的综合性科技馆也是全国首家落地国家级旅游度假区的科技馆建筑面积2.1万平方米布展面积1.3万平方米将彻底打破传统场馆“看展式科普”的刻板模式场馆依次分布地球家园、万物法则、数字时代星际征程、未来已来五大展,http://mp.weixin.qq.com/s?__biz=MzI3NDI5MjI4OQ==&mid=2247899796&idx=1&sn=0eba64dbb87413c8d193eec1d111a6e2,,探秘星辰大海解锁科技密码科技日报重磅推出“我最心动的科技打卡地”征集展示活动我们一起心动出发今天打卡的是——打卡推荐北京未来科技馆特色：为全年龄段孩子开启能触摸、能体验、能实操、能研学的科学新世界，94.6%展览项目贴合中小学生课程教育标准地址：北京市延庆区北京世园国际旅游度假区内，靠近4号门预约：抖音搜索“北京未来科技馆”官方店铺9月30日北京未来科技馆正式开馆这是一座高颜值、黑科技、强互动的综合性科技馆也是全国首家落地国家级旅游度假区的科技馆建筑面积2.1万平方米布展面积1.3万平方米将彻底打破传统场馆“看展式科普”的刻板模式场馆依次分布地球家园、万物法则、数字时代星际征程、未来已来五大展厅共有214个展览项目其中94.6%的展览项目都贴合了中小学生课程教育标准在地球家园展厅通过体验“风暴模拟”和“深海电梯”孩子们可以感受飓风特点了解海洋深处的环境知识“未来已来”展厅重磅引入亚洲首个沉浸式低重力体验馆依托前沿空间模拟技术高度还原真实太空失重环境不必奔赴航天基地在此就能感受失重状态下的移动与操作场馆还同步开设跨学科探索中心围绕数理化、天文生态、信息技术等学科设计动手实验、课题研究项目实践等课程借助世园丰富的户外自然环境中心将室内学习与户外实践相结合让孩子们在动手操作中理解科学原理开馆首日场馆将推出科普活动沉浸式体验打卡科创公开课等系列活动快来解锁花园里的科技馆拥有一次跨界融合新体验如此让人心动的北京未来科技馆你想去打卡吗？动动手指在本文右下角点击“赞”“分享”“推荐”吧！遇见更多心动科技打卡地戳下图↓↓↓欢迎大家在留言区互动推荐你心动的科技打卡地来源：科技日报综合北京未来科技馆、北京日报供图：北京未来科技馆、北京日报文案：科技日报记者 刘义阳 综合整理海报：杨凯 刘义阳编辑：刘义阳审核：张爽,,,,pending
Claude Code、Codex组队干活，Raven新版本既做总调度，也让Harness持续进化,机器之心,机器之心,"21C API, 交付, 发布",normal,2026-09-27T17:34:44+08:00,,机器之心发布导读｜RSI（递归自我改进）不应只发生在模型参数层：类比人类大脑的不是 LLM，而是整个 Agent。EverMind 开源的 Raven V0.2.0 为此提供了两个核心设计：为 RSI 而设计的 Harness 框架，以及统一编排专业 Agent 的 The Harness of Harnesses。在多 Agent 编排、深度研究、编码、设计与持续执行评测中，Raven 的多项结果优于同底座模型下所比较的 Harness。递归自我改进（Recursive Self-Improvement，RSI），指 AI 系统利用执行结果与反馈，持续改进产生这些结果的机制本身。谈到 RSI,http://mp.weixin.qq.com/s?__biz=MzA3MzI4MjgzMw==&mid=2651059900&idx=1&sn=05bd259deaecb05d969bfba6c890ed75,,"机器之心发布导读｜RSI（递归自我改进）不应只发生在模型参数层：类比人类大脑的不是 LLM，而是整个 Agent。EverMind 开源的 Raven V0.2.0 为此提供了两个核心设计：为 RSI 而设计的 Harness 框架，以及统一编排专业 Agent 的 The Harness of Harnesses。在多 Agent 编排、深度研究、编码、设计与持续执行评测中，Raven 的多项结果优于同底座模型下所比较的 Harness。递归自我改进（Recursive Self-Improvement，RSI），指 AI 系统利用执行结果与反馈，持续改进产生这些结果的机制本身。谈到 RSI，人们往往首先想到模型参数，但人类大脑给出了另一种答案：按照互补学习系统理论（CLS；Kumaran, Hassabis & McClelland, 2016），海马快速记住具体经历，皮层则通过回放与整合，缓慢沉淀出可复用的能力。因此，真正可以类比大脑的不是 LLM，而是整个 Agent：模型参数如同皮层，适合慢速巩固；由记忆、技能、提示、控制代码与决策策略构成的 Harness，则应像海马一样快速适应。RSI 同样可以、而且应当发生在 Harness 层。学术界已有不少工作探索让 AI 改写 Agent 本身，但主流的工程化 Harness 框架仍以人工编写和维护为主：提示靠人调，流程靠人写，出错靠人修。EverMind Raven V0.2.0 正是从这里出发，围绕两个核心设计理念构建。其一，为 RSI 而设计的 Harness 框架。Raven 把 Harness 中可被 AI 改写的部分分为四类：Modules（如 playbook 与子 Harness 的组合）、Code（如执行前检查等策略代码）、Prompt（如系统提示与上岗手册）和 Policy（如工具开放与闸门配置）。这四类内容共同构成 Harness 的装配方案，每一类都可以独立替换、改写。AI 可以依据任务中积累的知识、经验与反馈修改这些部分，持续改进个体 Harness 与团队协作策略。V0.2.0 迈出了第一步：运行时的 Curator 已作为实验性功能开源，跑通了从反馈、生成代码到校验安装的闭环。其二，The Harness of Harnesses。Raven 把自身深度优化的四个子 Agent（Raven-Research、Raven-Code、Raven-Design 与 Raven-Oncall）与 Claude Code、Codex 等专业 Agent 统一编排，负责成员选择、任务拆解、依赖调度与结果交接，并由 EverOS 保留跨会话的上下文与经验，支持跨模型、跨框架的能力组合。围绕 AI 改进 AI，Raven 目前有两条探索：一是 AI 改进 Agent 自身的工作方式，即上述 Curator（见第四部分）；二是 AI 改进 AI 的研发工作，Raven RSI 项目在 nanochat 预训练实验中完成 7 轮、172 次训练，在相同的单次训练预算下使 val_bpb 相对下降 5.8%（见第六部分）。Raven 自身的发布也是一次实际应用：它完成了浏览器端物理小游戏、16 页产品介绍、中英文海报和项目 README，将多种专业能力用于制作自己的宣传物料。图 1｜Raven V0.2.0 主视觉。产品界面、案例及评测图由 EverMind 提供。一 Harness of Harnesses 如何组织专业 Agent当你把一项复杂任务交给 AI，真正费力的往往不只是得到一个答案。你还要决定先查什么、交给谁做、哪些工作可以并行、结果如何交接，以及出现问题后怎样调整。下一次遇到类似任务时，这些判断和纠正能否继续发挥作用，同样影响着 AI 是否真正成为可靠的工作伙伴。研究需要检索与证据，编码需要实现与调试，设计需要组织表达与交付，实验任务还需要持续运行、观察结果并推进下一轮。不同专业 Agent 已经形成了各自的工具、技能和工作方式。复杂任务需要把这些能力组织起来，也需要让执行中积累的经验进入后续的工作过程。Claude Code、Codex 等专业 Agent 可以保留自己的专长与执行机制，Raven 在更上层承担协调工作：谁先做、谁接着做、谁需要读取哪些结果，以及什么时候可以进入下一步。接入一个成员，意味着把它的专业能力纳入一条更完整的任务链。这也是 Harness of Harnesses 的含义。Harness 是一套把模型能力转化为行动的机制，涵盖上下文管理、规划、工具使用、结果检查与执行循环。Raven 连接的成员可以拥有完整的 Harness，并按自己的方式完成被分配的工作。由此可以看见两个相互衔接的层次：外层组织成员、任务与依赖，成员内部的 Harness 则决定信息如何被使用、工具如何被调用、行动如何推进。Raven-Research、Raven-Code、Raven-Design 与 Raven-Oncall 分别承担研究、编码、设计和持续执行工作；Raven 也可以通过 ACP、CLI 或 OpenAI 兼容 API 连接第三方成员。图 2｜跨 Harness 协作示意。不同成员分别完成研究、发布材料与网站开发，并交接产物。二 从一个目标到一张任务图给一根悬臂梁逐步加载，观察仿真求解器在不同载荷下的收敛情况，看起来是一项具体的计算任务，实际却包含研究、编码和实验三个环节。Raven 展示了一条接力链：Raven-Research 研究方法，Raven-Code 实现计算，Raven-Oncall 接续运行实验。Raven 首先把目标拆成任务图，再为每个节点选择成员，并根据前置任务的完成状态决定下一步。研究节点完成后，被引用的上游结论进入代码节点；代码产物就绪，再由实验节点接续。每个成员承担专业工作，Raven 负责组织它们之间的输入、输出和启动条件。图 3｜悬臂梁仿真任务图。研究、代码与实验节点按依赖关系顺序接力。这里的关键机制是 DAG，即有向无环图。没有相互依赖的分支可以并行启动，需要前置结果的节点则等待依赖完成。节点启动时，Raven 会把任务目标、角色职责以及明确引用的上游输出或产物入口组织成输入。当前置任务失败时，依赖它的节点可以被跳过，不相关的独立分支仍可继续。这种组织方式让协作过程变得可观察：任务是否已经启动，依赖是否满足，交接了什么结果，后续节点为什么能够继续。用户也可以把成员、任务与依赖保存为 Playbook，在类似需求中再次使用。一次执行形成的工作链，因此有机会成为可复用的流程。三 记忆如何连接任务与经验一项任务完成后，后面的成员需要接到的不只是 “已完成” 的状态，还包括可以继续使用的结论、文件、引用和上下文。对支持本地文件读取的后端，Raven 可以附上依赖节点的记忆记录入口；支持会话续接的后端，则可以沿用连续步骤中的上下文。跨会话的积累由 EverOS 承接。用户上下文、Agent 经验和世界知识，可以成为后续任务的参考。任务图负责组织这一次的执行顺序，记忆则帮助判断过去哪些信息仍然有用，减少重复交代背景和重新寻找材料的成本。经验要进一步影响工作效果，还需要进入实际的执行策略。某次任务暴露了什么问题，用户反复强调了什么要求，哪些做法值得继续采用，都需要转化为后续可执行的调整。Raven 的模块化 Harness 为这些变化提供了具体落点。四 Harness 自进化：让一次任务成为下一次任务的起点Raven 的 Harness 从设计上就是可以被 AI 改写的。在运行时承担这项工作的是 Curator（V0.2.0 中为实验性功能，随代码仓库提供）：它读取当前实际装配出的 Harness、任务要求、执行留痕与用户反馈，生成具体改动，可以是提示与上岗手册（Prompt）、配置与工具闸门（Policy）、实现策略协议的代码（Code），也可以是 playbook 与子 Harness 的组合方式（Modules）。它可以调整 Raven 原生的根 Harness、子 Harness，以及团队的编排与交接策略。所有改动先经过声明检查、真实装配和预检运行，通过后才安装；安装失败时，触发上一版本 Harness 及受管理内容的恢复流程。生成物全部落在 Raven 原生的扩展点上，无需修改 Raven 的核心源码。这里的 “为 AI 修改而设计”，可以在代码里直接核对：Memory、Planning、Capability、Action 四个策略面各有一个公共策略协议，Curator 生成实现协议的 Python 类，由适配层绑定到 Raven 已有的回调点；提示、技能包与 playbook 写进 Agent 的 home 目录，新工具与闸门以插件形式注册。AI 通过公开策略协议和扩展接口实施这些改动，每一次改动都可以被检查、回滚和追溯。设想一位旅行规划师，希望培养一个按自己方法工作的数字伙伴：“按照我的服务流程接待客户，结合我整理的目的地资料，给出适合他们的行程和方案演示。” 图 4 中的旅行规划分身，便从这样的需求开始。把知识经验与 SOP 变成工作安排规划师交给它的，是自己过往的经验、工作模式等知识资产，比如以往的路线方案、积累沉淀的各类 SOP。资料提供出行所需的各类信息；经验告诉它怎样安排更舒适、哪些组合容易赶路；SOP 则规定了标准旅行规划场景下个人常用的工作流程。这些要求经由 Curator 理解后，用于定制当前的 Harness 状态，并落实为一条工作链。一个可能的编排是：主角色与客户沟通并整理需求，研究成员查找和核对目的地信息，设计成员将路线、预算和注意事项整理成方案演示。Curator 既在上层设计 Playbook 的成员分工、任务依赖与产物交接，也在必要时把规划师的工作要求转化为相关 Harness 的策略调整。四个策略模块承接具体的规划方法Raven 将自身 Harness 中可调整的策略划分为 Memory、Planning、Capability 和 Action 四个模块。它们通过既定接口参与完整的 Agent Loop，让信息准备、任务规划、工具使用和行动判断都有具体的调整位置。例如，在旅行规划中，Memory 决定当前轮次能看到哪些客户需求、既往经验；Planning 决定先确认约束、再比较路线、最后组织方案的工作顺序。当涉及接入地图、天气等服务，Capability 可以决定每次模型迭代向模型开放哪些工具；Action 决定在执行前如何并且是否检查相应的待执行动作。图 4｜从一句需求到可持续塑造的 “数字伙伴”。旅行规划师的知识、经验、SOP 与反馈进入分工和 Harness 策略。图中的演示制作能力由 Raven-Design 承接。让一次反馈影响后续的行程规划用户反馈会先由 Curator 判断其对应的策略问题，再转化为 Harness 层面的调整，例如补充 Memory 中需要保留的信息、修改 Planning 的规划方式，或在 Action 中增加检查；用户继续反馈时，这一过程也可以继续迭代。例如，旅行规划师指出方案 “连续步行太多、跨区往返频繁，还缺少雨天备选”，Curator 就可以让后续规划更多考虑同行人的体力与节奏，优先按区域组织路线，并在交付前检查天气备选。这样，一次反馈改变的不只是当前方案，也能成为后续类似任务采用的工作方法。类似的过程已在代码库自带的一个模拟案例中跑通：一家虚构旅行社的老板（由模型扮演）只上传店里的资料、扮成客人演练、演练后提意见。入职时，Curator 仅凭资料就生成了流程与检查代码，例如在每条消息发出前数问号，超过两个就打回重写；此后按老板的意见逐轮把问题落实到执行层，第 3 轮评审标准中的 11 条红线全部通过。完整的培养记录、每一轮的代码改动、前后两版方案与复现命令均随代码仓库公开（experimental/simulation/cases/s0925c）。需要说明的是，这只是一次模拟运行，旅行社是虚构的，老板和客人由模型扮演，Curator 在 V0.2.0 中也仍是实验性功能。目前做到的，是 Curator 能按资料与反馈改写提示、配置、工具闸门与策略代码，校验后安装，并在一个完整场景中跑通多轮闭环；尚未做到的，是跨场景、多次重复的统计验证，以及与模型参数层慢更新的打通。五 从编排到专业执行看能力表现团队能否协作，既取决于任务与依赖如何组织，也取决于成员能否完成各自的专业工作。Raven 的评测覆盖这两个层次：编排评测考察任务图的生成，领域评测考察研究、编码、设计和持续执行能力。评测涵盖多项公开基准及 AI4S 内部基准，具体设置见相应图表。这些评测检验的是 Harness of Harnesses 的编排与各成员的专业能力，不涉及 Harness 层自改进的效果。编排评测关注任务与依赖关系多 Agent 编排评测包含 Node F1、Edge F1、Partial Order Accuracy 和 Exact Match Rate，分别对应节点、依赖关系、执行偏序与整张任务图的匹配情况。在 Qwen3.8-27B 组中，Raven 的四项结果依次为 0.923、0.812、0.950 和 0.711；在 DS-V4-Flash-0731 组中，依次为 0.963、0.897、0.918 和 0.867。两组均高于图中同模型下的 Hermes 与 Claude Code。图 5｜多 Agent 编排评测。按底座模型比较节点、依赖关系、执行偏序与整图匹配表现。研究能力兼顾证据组织与任务完成Raven-Research 面向深度研究、文献梳理与技术分析。在 DeepResearch Mixed 中，Qwen3.6-35B、Qwen3.5-397B 和 DS-V4-Flash 三组的准确率分别为 56.3%、59.3% 和 76.5%；对应的 DeepSeek-Harness 结果分别为 49.7%、56.0% 和 68.9%。该评测组合了 BrowseComp、FRAMES、HLE 与 xBench-DeepSearch。图 6｜DeepResearch Mixed 评测。比较准确率、平均每次查询的 Token 用量与费用；输入 Token 包含缓存，自托管组费用未测量。DS-V4-Flash 组中，Raven-Research 平均每次查询的输入 Token 为 2.380M、输出 Token 为 41.6k，费用为 0.0242 美元。编码能力覆盖修复重构与数据分析在 SWE-bench Pro 的 Qwen3.8-27B 组中，Raven-Code 的问题解决率为 54.4%，Claude Code 为 52.4%；该组采用离线生成、在线评分。在 SWE-bench Verified 的 DS-V4-Flash 组中，在线生成的问题解决率为 91.0%，DeepSeek-Harness 与 OpenCode 分别为 90.4% 和 90.2%。在 SWE-Refactor 的 DS-V4-Flash 组中，Raven-Code 的平均得分为 16.5，Claude Code 为 7.0；GPT5.6-Luna Max 组中，Raven-Code 与 Codex 分别为 13.5 和 10.5。在 WorkBuddy-Code 的 DS-V4-Flash 组中，Raven-Code 的全量集 Reward 为 78.1%，其他模型分组与对照结果见图 7。图 7｜代码能力评测。指标包括问题解决率、Reward 与平均得分。在 DataAgentBench 的 2026-08-24 Live 榜单中，Raven-Code 使用 Opus-5 位列榜首，Pass@1 为 0.8762；Permute EQ 使用同一模型，对应结果为 0.8713。设计能力覆盖演示文稿与视觉交付Raven-Design 面向演示文稿、网页、图表、SVG 与品牌视觉。在幻灯片生成和视觉设计评测中，Raven-Design 与 Claude Code 在相同模型下的得分见表 1。表1｜设计评测得分。每格依次为 Raven-Design 与 Claude Code，分数越高越好。持续执行能力结合质量时间与成本考察Raven-Oncall 面向实验与持续执行。AI4AI 采用 Nanochat 50M 预训练任务，分配两张 A800 80GB GPU。BPB（每字节比特数）越低越好，运行时长、Token 用量与费用见表 2。表 2｜AI4AI 评测的训练质量与资源消耗。在 AI4S 内部自动科研基准中，Raven-Oncall 使用 Opus-5 的任务成功率为 82.35%，Claude Code 使用同一模型为 64.71%。表 3｜AI4S 内部基准。成功率越高越好，时长、Token 用量与费用越低越好。这些专业能力进入同一条任务链后，可以共同支撑从研究分析到代码实现、实验运行和视觉交付的完整项目。六 实际应用案例Raven RSI：让 AI 改进 AI 的研发工作Raven RSI 探索让 AI 自主开展研发实验。与第四部分的 Harness 自改进不同，这里被持续改进的是任务中的训练与计算方案，而非 Raven 自身：在给定任务与不可自行修改的评价标准下，Raven 自主规划每一轮，编写代码、运行实验，再根据结果决定后续调整。在另一组 nanochat 预训练实验中，Raven 持续优化训练方案，共完成 7 轮、172 次训练，没有发生训练崩溃；在每次训练相同的 20 分钟单 GPU 预算下，val_bpb 相对下降 5.8%。完整交付还包括实验结果、可视化、海报、演示文稿和项目网站。Raven 为自己的发布制作宣传物料Raven 也将自身发布作为一项完整任务，端到端完成了用于介绍和传播自己的一套物料：浏览器端物理小游戏提供可直接体验的交互内容，16 页产品介绍系统呈现产品信息，中英文海报用于视觉传播，README 则承接开发者了解和使用项目所需的说明。这套物料覆盖了从代码实现、内容组织到视觉制作的完整工作。Godot 游戏从资产制作走向完整项目Godot 游戏资产制作展示了更复杂的项目型协作：先进行参考研究和资产审查，形成美术规范，再并行制作武器与 Boss 资产，随后由编码成员集成和验证，最后由设计成员审阅游戏内效果。八个节点构成了一条包含并行分工、产物交接和最终检查的工作链。图 8｜Godot 游戏资产制作与集成任务图。八个节点串联研究、制作、集成与检查。在 THRESHOLD 完整游戏项目中，需求文档由人提供，Raven 自主运行约 4 天，经过 42 轮规划、开发与验证，使用 Godot 4 完成以竞技场 Boss 战为核心的第一人称射击游戏。最终交付包括可玩的游戏、海报、演示文稿和网站。还有更多其他的案例：七 用 Playbook 培养自己的数字伙伴“对比三款 AI 编码产品，给我一份带来源的分析，再做成可以交互的看板。” 可以用这项需求说明数字伙伴的分工：市场分析员关注产品定位、用户与使用场景，技术研究员关注架构、集成与部署，两者并行整理带来源的结论，再由设计成员统一比较维度、制作看板并检查交付。在这一配置示例中，同一个 Raven-Research 后端可以承担不同研究角色，角色差异体现在任务职责与输入要求上。Playbook 组织成员、节点与依赖，成员 Harness 则决定信息怎样进入上下文、模型可以使用哪些工具，以及行动需要通过哪些检查。用户的知识、经验、SOP、工作习惯和判断标准，可以由此进入成员的工作方式。图 4 描绘的数字伙伴培养过程，也就有了可操作的含义：把要求落实到分工与策略，在实际使用中观察结果，再将反馈交给 Curator 继续调整。图 9｜Agent 成员列表。统一呈现内置成员、第三方预设与连接状态。这些积累由不同机制承接。用户可以从自然语言或已有文件生成并保存 Playbook，在 playbook.md 中保留成员、节点任务、依赖和输入安排，审阅后再次使用；EverOS 承接跨会话的上下文与经验；应用后的 Harness 调整，则成为对应 Agent 后续运行时采用的策略。SkillForge 从本地技能库、EverOS 记忆和 SkillHub 目录中按需检索相关技能，为任务提供专业知识与操作方法。Proactivity 将事件监测与定时执行结合起来，支持在约定条件下发起任务。WebUI 提供统一入口，帮助用户选择成员、跟踪进度并检查交付。图 10｜Raven WebUI 的任务发起界面，可输入需求并通过侧栏进入成员管理。八 从一次交付走向持续成长Raven V0.2.0 将专业协作与工作方式的持续调整连接起来，也迈出了让 RSI 从模型参数层延伸到 Harness 层的第一步：研究、编码、设计和实验成员围绕同一个目标工作，任务留下的上下文、技能与经验继续发挥作用，Curator 则把使用中的要求与反馈转化为具体的策略调整。对用户来说，这一变化最终体现在具体的工作体验上：任务能否推进，结果能否交接，证据能否追溯，过去纠正过的问题能否影响后续的执行方式。一支有用的 Agent 团队，需要完成眼前的交付，也需要形成可以长期积累的工作方法。对 Agent 开发者来说，可以从 Raven 直接获得以下能力：1. 一个能接入现有 Agent 的上层编排器。Claude Code、Codex 等 Agent 可以通过 ACP、CLI 或 OpenAI 兼容 API 接入，保留各自的 Harness 与执行方式，由 Raven 负责成员选择、任务拆解、依赖调度与结果交接。2. 可复用的任务图与 Playbook。复杂任务被拆成带依赖的 DAG，独立分支并行执行，前置任务失败时下游节点跳过、其他分支继续；跑通的流程可以保存为 playbook.md，经 raven playbook validate 校验后在类似需求中复用。3. 四个可直接使用的专业 Agent。Raven-Research、Raven-Code、Raven-Design 与 Raven-Oncall 分别面向深度研究、编码与数据分析、设计交付和长时持续执行，既可以单独使用，也可以编入任务图协同工作。4. 一套为 AI 修改而设计的 Harness 接口。Memory、Planning、Capability、Action 四个策略面，通过 home 文件、配置、钩子、插件与公共策略协议对外开放；开发者可以自己编写策略、工具与闸门，也可以交给 AI 改写，无需改动 Raven 的核心源码。5. 一个可供研究的 Harness 自改进参考实现（实验性）。experimental/curator 中的 Curator 按理解、选择、设计、实现、修复分阶段生成改动，校验通过才安装；安装失败时，触发上一版本 Harness 及受管理内容的恢复流程。s0925c 案例附有完整的培养记录、每一轮的代码改动与复现命令。6. 跨会话的记忆与技能。EverOS 保留跨会话的上下文与经验，SkillForge 按需从本地技能库、EverOS 记忆和 SkillHub 目录中检索技能，为任务补充专业知识与操作方法。7. 可观测、可回放的执行过程。Tracing 默认开启，失败的执行轨迹可以导出、回放，并沉淀为确定性的回归测试。Raven V0.2.0 已采用 Apache-2.0 许可证完全开源，欢迎大家前往 GitHub 体验、反馈并点亮 Star。10 月份，下一版 Raven 将以云端版本的形式上线 EverMe，届时大家可以直接在 EverMe 中使用 Raven。 欢迎提前注册体验 EverMe。Raven GitHub：https://github.com/EverMind-AI/RavenEverMe 注册体验：https://everme.evermind.ai/sign-in© THE END转载请联系本公众号获得授权投稿或寻求报道：liyazhou@ji",,,,pending
CoRL 2026 | 0条带力数据预训练！上海交大卢策吾、汶川团队让VLA学会力,机器之心,机器之心,21C API,normal,2026-09-27T17:34:44+08:00,,把一本书放到书架，前面的动作并不复杂：找到空位，对准方向，向前推。真正的困难在接触发生时：书撞到旁边了吗？推的方向偏了吗？推到底了吗？在这种时候，视觉几乎没有任何变化，模型只能靠力来推断任务状态。想学会力，离不开数据。但是力和真实机器人硬件强绑定，带力数据采集成本太高，也很难通过 UMI、ego 等方式规模化。还有更棘手的问题：引入新模态会改变模型架构，是否需要重新预训练，又会不会让模型遗忘原有知识？这些一直是纯视觉预训练 VLA 不得不面对的问题。上海交通大学卢策吾、汶川团队联合穹彻提出 LIFT（Late Reactive Injection of Force for VLA Post-T,http://mp.weixin.qq.com/s?__biz=MzA3MzI4MjgzMw==&mid=2651059900&idx=2&sn=cab09529af435a2c01a2dfb34ca7899e,,把一本书放到书架，前面的动作并不复杂：找到空位，对准方向，向前推。真正的困难在接触发生时：书撞到旁边了吗？推的方向偏了吗？推到底了吗？在这种时候，视觉几乎没有任何变化，模型只能靠力来推断任务状态。想学会力，离不开数据。但是力和真实机器人硬件强绑定，带力数据采集成本太高，也很难通过 UMI、ego 等方式规模化。还有更棘手的问题：引入新模态会改变模型架构，是否需要重新预训练，又会不会让模型遗忘原有知识？这些一直是纯视觉预训练 VLA 不得不面对的问题。上海交通大学卢策吾、汶川团队联合穹彻提出 LIFT（Late Reactive Injection of Force for VLA Post-Training），在保留模型预训练知识的情况下，仅通过在线后训练教模型学会感知力，并通过力高频反应式生成动作。这项工作被 CoRL 2026 高分收录，其核心贡献是走通了预训练学先验知识，后训练靠力学高频反应式操作的训练范式，为 VLA 解决感知模态稀缺的难题提供新的可行解。甚至不只是 VLA，对任何以 MoT 为基础架构的预训练模型，LIFT 所提出的方法在理论上都可以适用。相关代码已经开源。论文标题：Never Too Late for Force: Accelerating VLA Post-Training with Reactive Force Injectionarxiv链接：https://arxiv.org/abs/2607.14236项目主页：https://lift-policy.github.io/代码链接：https://github.com/y-wng/lift图1 LIFT方法总览。LIFT复用预训练动作专家参数，通过反应式力注入与在线纠正学习接触行为。先看结果：力显著提升任务表现团队在叠毛巾、插书和汉诺塔圆环放置三个任务上进行测试，LIFT 相比纯视觉后训练分数提升为：叠毛巾：73.3 → 84.2；插书：36.7 → 58.3；汉诺塔圆环放置：26.7 → 56.7。只需要 20~30 条带力的在线数据，就可以达到这样的效果。而且不仅是插书、汉诺塔放圆环这样的密集接触任务，像叠毛巾这类接触状态相对简单的任务，力依然可以提升其表现并加速这一过程。想要用好力，LIFT 提出了必须解决的三个难点。用好力，需要解决三个难点及时响应接触：真正的接触过程中，瞬间的偏差，就有可能导致任务彻底失败。想用好力，模型必须一边感知，一边快速调整。保留原有能力：力的加入，不能让预训练模型本来的空间理解、物体操作和场景泛化等能力崩溃，否则就是本末倒置，1+1反而小于1。兼容异构数据：带力的数据采集成本高，数量极少。如果后训练不能兼容不带力的数据，就很难保证数据的多样性，最终过拟合。围绕这三个难点，LIFT 提出了一套完整且系统的解决办法。反应式注入力，完成控制闭环图2 LIFT架构图。LIFT 复制预训练动作专家参数，得到一个能根据力反馈及时调整动作的「反应式动作专家」。它通过因果交叉注意力感知最新一个时间段内的力，并据此高频反应式地调整动作；视觉和语言信息则提前计算并缓存，将控制闭环频率从 1Hz 显著提高到 10Hz。对齐动作专家输出，保留预训练先验知识图3 平移因果注意力掩码。如图 3 所示，LIFT 使用平移因果注意力掩码。P 为视觉语言前缀，a 为基础动作 token，r 为反应式 token。①为 base 动作专家注意力，保持全自注意力。②确保反应式动作专家注意力因果性。③为平移注意力。通过权重复制，训练起始时 a=r。通过平移注意力，r 获得与 a 数值完全相同的上下文 token，进而对齐两个动作专家的输出。通过这种方式，LIFT 在数值层面保持预训练模型先验知识。视觉数据和带力纠正混合训练图4 LIFT训练管线。LIFT 采用二阶段式训练。第一阶段，团队用 RoboPocket 采集不带力的纯视觉数据，让模型先学会目标任务；第二阶段，再把模型部署到机器人上，通过在线人工纠正，学习真实接触下的动作调整。在第二阶段，模型同时利用视觉数据和带力数据，对于不含力的纯视觉数据通过力掩码截断其梯度。LIFT 的四个关键结论图5 LIFT主要实验结果。横轴为在线采集到的10fps数据帧数，只使用人类干预部分数据训练和统计。每次在线实验2~3小时，采集20~30条数据。仅靠后训练也能学会力整个实验中，LIFT 没有用任何一条带力数据重新预训练。团队证明了在后训练中注入力依然可以发挥力的优势，这是一条更加实际却足够吸引人的路线。接触一变，动作要立马跟上许多机器人策略会一次预测未来一段动作，形成一个动作块。这样的设计有利于动作连贯，却也带来一个问题：如果机器人在一个动作块执行途中时碰到阻碍，只能等到下一个动作块生成时再尝试调整。而在接触过程中，任务的成败往往是由一瞬间的精细调整决定的。LIFT 反应式地注入力，使得策略可以在动作块内根据实时的力感知做高频调整。图 5 对比了 LIFT 与没有反应式力注入的基线，团队发现反应式地注入力对密集接触任务尤其重要。而在叠毛巾这类没有复杂接触的任务上，反应式地注入力相比于纯视觉策略，依然显著加速了任务表现的提升。真实失误中才好学会力力与视觉不同，轻微的位置变化就可能带来力分布的巨大漂移。而一旦力出现在数据分布外，模型可能就傻眼了。LIFT 在线地采集带力数据，让数据分布随着模型更新，极大地缓解了这一问题。图 5 对比了 LIFT 与离线采集带力数据的基线，证明了这一结论。学会力，也能保留先验知识图7 桌布、物体和光照改变的条件。后训练加入力，有没有让模型忘记预训练知识？团队发现经过后训练，模型同时保留了力的知识和泛化能力，在桌布、光照甚至操作物体变化后任务表现并没有出现显著下降。结语：学会力，为时不晚LIFT 展示了一条面向现有预训练模型的后训练路径：先利用大规模预训练建立任务先验知识，积累空间理解能力，再用少量真机带力纠正补上接触细节；在模型侧，通过复制动作专家、平移因果注意力和零初始化交叉注意力，让新增模态从原有能力出发；在数据侧，通过在线后训练，让数据覆盖策略自身真正遇到的接触状态。正如论文标题所说，对力而言一直都不晚。© THE END 转载请联系本公众号获得授权投稿或寻求报道：liyazhou@jiqizhixin.com不喜欢一条面向现有预训练模型的后训练路径。,,,,pending
尼泊尔发生雪崩，多人失联,财联社,财联社,21C API,normal,2026-09-27T17:30:27+08:00,,据央视新闻援引尼泊尔当地登山探险公司消息，位于尼泊尔北部默嫩县的希姆隆峰9月27日上午发生雪崩，数名尼泊尔登山向导及后勤人员失联。不喜欢​,http://mp.weixin.qq.com/s?__biz=Mzg5MzEyNzEwNQ==&mid=2247854957&idx=1&sn=895c97137b473245ed34e49956845f21,,据央视新闻援引尼泊尔当地登山探险公司消息，位于尼泊尔北部默嫩县的希姆隆峰9月27日上午发生雪崩，数名尼泊尔登山向导及后勤人员失联。不喜欢​,,,,pending
长安汽车与宁德时代深化钠电池合作；珈钠能源2万吨聚阴离子项目投产；中国钠电储能项目交付；扬广科技钠电启停电池将批量发货,起点钠电,起点钠电,"RIOnews API, 钠离子电池, 钠电, 钠电正极, 合作进展, 战略合作, 投资, 合作, 量产推进, 批量交付, 产能",normal,2026-09-27T17:28:57+08:00,,倒计时40天2026第五届起点钠电年会暨钠电金鼎奖颁奖典礼活动主题：钠电产业2.0进阶 技术场景全域破局主办单位：起点钠电、起点研究举办时间：2026年11月6日-7日举办地点：广州南沙国际会展中心2楼南沙厅活动规模：1000 + 同期展会（11.6-7号）： 2026CINE 钠电及固态电池展、2026CINE 电摩电池展第一批展商/赞助商/演讲企业名单：茹天科技/赣锋锂电/融捷能源/金钠科技/隐功科技/同兴皓升/先导智能/海四达钠星/奥克莱集团/青钠能源/宇恒电池/奥冠电池/华普森/旭钠/信瑞新能源/纳甘/儒特股份/晟钠新能/科达新能源/钠特尔/川源科技/科锐晟/九续钠电/希倍动力/恒大高,http://mp.weixin.qq.com/s?__biz=Mzg4NjgzMzg3NA==&mid=2247519597&idx=1&sn=5729e04c12b45ab80fe1f362be95e91a,,倒计时40天2026第五届起点钠电年会暨钠电金鼎奖颁奖典礼活动主题：钠电产业2.0进阶 技术场景全域破局主办单位：起点钠电、起点研究举办时间：2026年11月6日-7日举办地点：广州南沙国际会展中心2楼南沙厅活动规模：1000 + 同期展会（11.6-7号）： 2026CINE 钠电及固态电池展、2026CINE 电摩电池展第一批展商/赞助商/演讲企业名单：茹天科技/赣锋锂电/融捷能源/金钠科技/隐功科技/同兴皓升/先导智能/海四达钠星/奥克莱集团/青钠能源/宇恒电池/奥冠电池/华普森/旭钠/信瑞新能源/纳甘/儒特股份/晟钠新能/科达新能源/钠特尔/川源科技/科锐晟/九续钠电/希倍动力/恒大高新/科迈罗/长篙新材/易禾环境/鹏锦智能/宝试仪器/旭派动力/津工能源/日联科技/极电特能/亿隆能源/双环科技/瑞森新材料/钠科能源/璟熵新材料/兆瑞新能源/卡波恩新材料/苏银产业园/萍竹新材料/艾迈斯/愚公高科/优明科/轮特科技/翼动新能/时代高科/唯特偶/亮见钠电/珈钠能源/凤启新能源/易事特钠电/钹鑫科技/钠美科技等活动咨询：钠电小杨哥 *********** 长安汽车回应钠电池量产长安汽车9 月 24 日公布投资者关系活动记录表，回答了钠电池量产时间等问题。长安汽车表示，公司在钠离子电池领域已取得阶段性进展，钠离子电池突破高功率极片单点技术，提升极端温况续航体验；此外公司深化与宁德时代合作，钠新换电技术项目立项，共同研发新体系电池。珈钠能源2万吨聚阴离子材料项目投产9月21日，珈钠能源2万吨钠电聚阴离子材料扩建项目正式投产。依托铁基聚阴离子核心技术，珈钠能源持续扩大产能版图，巩固在钠离子电池聚阴离子正极材料领域的全球龙头地位，为新型储能、轻型动力等场景的钠电池规模化落地提供关键材料支撑。珈钠能源集团总经理范海满博士表示，新型储能行业正处在规模化爆发的关键窗口期，钠离子电池是构建新型电力系统的核心赛道。聚阴离子正极材料凭借超长循环寿命、超高安全性能，成为钠电大规模商业化应用中最确定的技术路线。自创立之初，珈钠能源便聚焦该赛道，依托自主研发的铁基聚阴离子核心专利技术，打造NFPP 全系列正极材料矩阵，包含 A 系列高性价比产品、R 系列倍率型超低温产品、H 系列高能量密度产品，全面覆盖大规模储能、轻型动力、HEV、AIDC 等多元应用场景。中国钠电储能项目交付9月22日，中国钠电集团有限公司（CNAEPower）与科陆电子签订的秦皇岛20MW/80MWh钠离子储能项目成套设备正式发车交付。项目自3月4日完成采购协议签约，历经方案设计、产线生产、系统集成与出厂联调等多个关键环节，本次设备顺利交付，标志着该钠电储能项目正式进入现场实施阶段。据采购协议约定，CNAE Power为本项目提供全套钠离子储能成套设备，合同总金额近1亿元。供货范围覆盖变流升压系统、电池舱等核心装备，包含聚阴离子技术路线钠电芯、BMS系统、温控系统、消防系统等关键部件。整套集装箱式钠储能系统完成出厂检验后，整装发往秦皇岛项目现场。扬广科技钠电启停电池即将批量发货近日，扬广科技与俄罗斯代理商Natriks正式签署战略合作协议，标志着扬广科技12V钠离子汽车启动电池在经过莫斯科长达12个月的极寒测试后，正式开启批量发货新征程，即将批量发往莫斯科。近期，扬广科技还正式向全球发布12V钠离子汽车启动/启停电池全系列产品。据悉，扬广科技12V钠离子启停电池，选择聚阴离子正极（NFPP）+ 硬碳负极技术路线，为启停场景量身定制。产品严格遵循国际标准Group Size，提供7款核心型号，覆盖从紧凑级轿车到大型SUV、轻卡的全系车型。启标新能源获欧洲钠电储能柜批量订单近日，钠能时代旗下子公司湖南启标新能源科技有限公司成功斩获欧洲市场钠离子电池储能柜、直流舱批量订单，涵盖储能柜、直流舱主力规格产品，将广泛应用于工商业储能、光储、光储充一体化场景。目前，公司湘潭生产基地产线已进入满负荷运转状态，全员加紧排产，全力保障订单按期交付。钠能时代公司副总经理兼启标总经理石靖表示，公司产线自投产以来始终保持高效运行状态。面对此次欧洲订单的交付任务，公司已统筹调配生产资源，优化排产计划，确保产品在质量管控到位的前提下按期发运。易事特钠电通过 IATF 16949 国际认证近日，易事特钠电科技正式通过全球知名第三方认证机构TÜV SÜD（南德意志集团）严格审核，成功获得IATF 16949:2016质量管理体系认证证书。据悉，IATF 16949 是全球汽车行业公认的最高级别质量管理体系标准之一。它不仅仅是质量管理的要求，更是进入全球汽车供应链的“通行证”。于易事特而言，获得该认证证书也标志着易事特钠电科技在钠离子电芯及电池产品的设计与制造领域，已全面满足国际汽车行业质量管理体系要求。 兆瑞170Ah钠电芯通过工信部首批钠电安全摸底针刺测试近日，兆瑞新能源170Ah方形铝壳钠电芯成功通过测试，兆瑞成为首批工信部钠电安全摸底针刺测试通过单位，并获颁测试合格证书。本次测试仅有少数企业通过，目前，兆瑞该款170Ah钠电芯已实现量产，并完成小批量交付。本次测评由工业和信息化部启动，是钠电池的一次国家级、系统性安全核验。不同于常规对大型叠片结构钠离子电芯的针刺测试，本次测试条件尤为严苛：常规针刺测试速率一般为25mm/s，而本次测试将针刺速率降至0.1mm/s——针刺速度越慢，先行短路的极片单元会承受整个电芯能量释放的风险，造成短路面积的扩大和局部温度的上升，极端考验电池材料热稳定性和热失控防护能力。（叠片电芯内部是数十甚至上百个独立的“正-隔-负”极片单元，通过极耳并联成整体，本质上就是无数个微型小电池的并联集群。当钢针刺穿任意一个极片单元时，被刺穿的局部立刻形成低阻抗短路点，其余所有未被刺穿的并联极片单元，都会瞬间向这个短路点大电流放电，叠加单体170Ah的容量，慢速针刺影响更大）。超威旗下5GWh钠电项目拟落地四川9月20日，内江东兴区5Gwh钠离子数字化电芯工厂项目环境影响登记表公示，项目已于9月16日同步完成备案。该项目总投资12亿元，由金太阳曜钠（四川）科技有限公司投建，分为两期实施，一期、二期各建设2.5GWh钠离子电芯产能。项目总建筑面积8万平方米，主要建设内容：5GWh电芯线工程（包括匀浆系统、高速涂布机、辊分一体机、AGV、高速卷绕机等），仓库及成品仓（堆垛式原材料仓库货架，输送拉带，AGV，NMP库、电池输送拉带等），动力站（配电房（10000kva）、锅炉、蒸汽发生器等），其余附属工程包括设备管道连接及辅房、危险品库、危废库。推进钠离子电池全链条数字化转型，实现生产、财务物料、仓库三套数字化管理系统一体联动，搭建钠锂电芯管控平台等。韩国政府补贴钠电9月22日，韩国产业通商资源部与LG新能源、三星SDI、SK On三大电芯企业及POSCO Future M、L&F、EcoPro BM等材料企业共同发布《电池产业技术路线图》。路线图中，韩国官方首次将钠离子电池与全固态电池并列为产业战略双主线：在成本端，以钠离子电池对抗中国磷酸铁锂的价格攻势；在高性能端，以全固态电池争夺下一代技术制高点。同时，设定了明确的量化目标，钠离子电池方面：计划2027年实现160Wh/kg的能量密度，2030年达到220Wh/kg并实现全面商业化。全固态电池方面：计划2027年推出全球首批原型、2028年完成400Wh/kg开发、2030年实现全面商业化，面向商用电动车、机器人、无人机和城市空中交通等场景。一键三连「点赞」「转发」「小心心」欢迎关注起点钠电！— 完 —CINE2026第三届钠电及固态电池展11.6-7号，广州南沙国际会展中心盛大召开，诚邀您莅临参观交流。金钠/赣锋/融捷/海四达钠星/青钠/宇恒/奥冠/奥克莱/九续/希倍/旭派/兆瑞/易事特/科迈罗/先导智能/茹天邀您共聚CINE钠电及固态电池国际展CINE2026第三届钠电及固态电池展观众预登记群往期推荐:韩国政府补贴钠电 三星/LG/SK等巨头加码400亿元入局！专访禾电科技赵岩：聚焦NFPP钠电正极产业化 四川万吨级产线计划12月投产电自电池铅改钠还没来，锂改钠先来了：48V20AH实现锂钠同价，中国770万辆锂电电自市场正在被钠电反向蚕食点击阅读原文，即可报名参会！,,,,pending
邀请函：2026起点钠电年会暨钠电金鼎奖颁奖典礼11月6-7日·广州举办,起点钠电,起点钠电,"RIOnews API, 钠离子电池, 钠电, 钠电负极, 产品发布, 发布, 新品, 亮相, 官宣, 合作进展, 融资, 投资, 合作, 技术进展, 技术突破, 技术验证, 工艺优化, 量产工艺, 合成工艺, 改性技术, 掺杂改性, 界面改性, 前沿技术, 量产推进, 产能, 产线设计",normal,2026-09-27T17:28:57+08:00,,2026第五届起点钠电年会暨钠电金鼎奖颁奖典礼议程2026年11月6-7日广州南沙国际会展中心2楼南沙厅01大会基础信息活动名称：2026第五届起点钠电年会暨钠电金鼎奖颁奖典礼大会主题：钠电产业2.0进阶 技术场景全域破局主办单位：起点钠电、起点研究举办时间：2026年11月6日-7日举办地点：广州南沙国际会展中心2楼南沙厅活动规模：1000 + 同期展会（11.6-7号）： 2026CINE 钠电及固态电池展2026CINE 电摩电池展第一批展商/赞助商/演讲企业名单：茹天科技/赣锋锂电/融捷能源/金钠科技/隐功科技/同兴皓升/先导智能/海四达钠星/奥克莱集团/青钠能源/宇恒电池/奥冠电池/,http://mp.weixin.qq.com/s?__biz=Mzg4NjgzMzg3NA==&mid=2247519597&idx=2&sn=4ceca824ca0e17c49670f0e478b874e1,,2026第五届起点钠电年会暨钠电金鼎奖颁奖典礼议程2026年11月6-7日广州南沙国际会展中心2楼南沙厅01大会基础信息活动名称：2026第五届起点钠电年会暨钠电金鼎奖颁奖典礼大会主题：钠电产业2.0进阶 技术场景全域破局主办单位：起点钠电、起点研究举办时间：2026年11月6日-7日举办地点：广州南沙国际会展中心2楼南沙厅活动规模：1000 + 同期展会（11.6-7号）： 2026CINE 钠电及固态电池展2026CINE 电摩电池展第一批展商/赞助商/演讲企业名单：茹天科技/赣锋锂电/融捷能源/金钠科技/隐功科技/同兴皓升/先导智能/海四达钠星/奥克莱集团/青钠能源/宇恒电池/奥冠电池/华普森/旭钠/信瑞新能源/纳甘/儒特股份/晟钠新能/科达新能源/钠特尔/川源科技/科锐晟/九续钠电/希倍动力/恒大高新/科迈罗/长篙新材/易禾环境/鹏锦智能/宝试仪器/旭派动力/津工能源/日联科技/极电特能/亿隆能源/双环科技/瑞森新材料/钠科能源/璟熵新材料/兆瑞新能源/卡波恩新材料/苏银产业园/萍竹新材料/艾迈斯/愚公高科/优明科/轮特科技/翼动新能/时代高科/唯特偶/亮见钠电/珈钠能源/凤启新能源/易事特钠电/钹鑫科技/钠美科技等02活动背景及亮点为推动钠离子电池产业化规模化落地，构建全产业链协同共赢的产业生态，由起点钠电、起点研究联合主办的2026第五届起点钠电年会暨钠电金鼎奖颁奖典礼将于2026年隆重举办。本届年会锚定钠电量产攻坚关键节点，联动行业颁奖盛典与专业技术展览，打造集技术研讨、产品展示、行业表彰、商务对接于一体的钠电产业年度顶级盛会。行业背景：量产元年全面开启，产业协同迈入新阶段当前全球新能源电池产业技术迭代与商业化进程持续加速，钠离子电池凭借资源禀赋、成本优势、宽温性能与安全特性，已从技术验证期全面迈入规模化量产关键阶段。2026年，钠电池在储能、电动两轮车、商用车启停、备用电源等场景的应用规模持续扩容，聚阴离子、层状氧化物、普鲁士蓝三大技术路线并行突破，上游材料产能加速释放，电芯制造工艺持续优化，专用装备与检测技术快速迭代，全产业链降本增效取得显著进展。与此同时，产业也面临着量产工艺稳定性待提升、供应链协同效率不足、终端场景验证仍需深化、行业标准体系尚待完善等共性挑战，亟需全产业链开展深度对话、协同破解痛点，共同推动钠电池产业从“规模化起步”迈向“高质量发展”新阶段。 本届年会以“聚势突破 量产提速 生态共荣”为核心主题，紧扣钠电产业发展阶段核心命题，聚焦量产落地、技术创新、材料突破、场景应用、智能制造五大核心方向，串联上游材料、中游电芯与装备、下游终端应用全链路，推动产学研用深度融合，助力产业链各环节企业把握量产窗口期，构建协同互补、共生发展的钠电产业生态体系。活动亮点1. 全产业链专场研讨，直击量产核心痛点年会设置开幕式主旨峰会、钠电池创新专场、材料技术专场、应用专场、智能制造专场五大核心板块，打造40+重磅主题分享，覆盖宏观政策研判、前沿技术探索、核心材料突破、终端场景应用、产线装备升级全维度，精准回应量产阶段企业核心诉求，为产业发展提供可落地的实践参考与技术路径。2. 第五届全球钠电金鼎奖同期颁奖，树立产业年度标杆年会同期举办2026第五届全球钠电金鼎奖颁奖典礼，依托起点研究专业评审体系，联合全球100+财经媒体、1000+智库专家组成权威评审矩阵，以市场份额、技术创新、产业链生态、成长潜力、品牌影响力五大维度综合评定，针对钠电池材料、电芯、设备、PACK应用、技术创新全产业链评选年度标杆企业。现场揭晓获奖榜单并举办颁奖盛典，表彰产业先锋与创新典范，见证钠电产业年度荣耀时刻。3. CINE第三届钠电及固态电池展同步亮相，百展商共呈前沿技术本届年会联动CINE第三届钠电及固态电池展同期举办，吸引全球100+优质展商参展，集中展示钠电池领域的电芯产品、核心材料、制造装备、检测技术、系统解决方案及前沿固态电池技术。打造“会议+展览”双轮驱动模式，实现技术研讨与产品展示深度融合，为参会企业搭建直观的技术交流与商贸对接平台，高效链接供需两端。4. 产学研用大咖云集，共话产业发展新路径年会汇聚全球头部储能企业、整车厂商、电芯龙头企业、核心材料供应商、高端装备厂商、顶尖科研院所及知名投资机构，集结百位行业专家与企业领袖，分享一线量产实践经验与前沿技术成果，打造高规格、强干货的产业思想高地，为产业发展凝聚共识与方向。5. 全场景商务对接，打通产业合作链路年会设置专属商务对接区、展商洽谈区，打通材料供应、电芯制造、装备采购、终端应用全链条合作通道，促进上下游供需匹配与技术合作，助力企业精准链接产业资源，把握量产窗口期发展机遇，实现产业生态协同共赢。2026第五届起点钠电年会暨钠电金鼎奖颁奖典礼将以专业的议题设置、多元的交流形态、丰富的产业资源，为全球钠电产业打造一场集技术、展览、颁奖、对接于一体的年度盛会。诚邀产业链各环节企业与专业人士共赴盛会，携手提速量产进程，共筑产业发展新生态。03活动议程时间（DAY1:11.6号）演讲议题及活动流程08:30-09:00嘉宾签到、入场就座、资料领取专场一：论坛开幕式09:00-09:15开幕式致辞总冠名单位致辞协办单位致辞专场二：钠电池创新专场09:15-11:30全球钠电池产业发展现状与2026-2030市场展望无负极NFS钠电池技术发展及应用高压实NFPP材料解析无负极钠电高倍率电池技术突破超低温钠电池技术研发与高寒场景应用突破半固态钠离子电池电解质体系与界面改性技术超大圆柱钠电池技术水系钠离子电池安全技术与低成本产业化路径钠电池集流体技术发展趋势11:30-12:00圆桌论坛12:00-14:00午餐与行业商务对接交流专场三：钠电池材料专场14:00-17:30高容量层状氧化物正极材料改性与规模化制备NFPP正极材料合成工艺与性能提升NFS正极材料掺杂改性与倍率性能优化竹基硬碳负极材料孔隙调控与低成本制备技术塑料基钠电负极材料技术重赋能钠电产业可持续发展钠电池电解液溶剂体系优化与功能性添加剂钠电池专用隔膜涂覆技术与界面适配性研究高达因铝箔在钠电池行业应用中场茶歇钠电池粘结剂与导电剂体系适配性优化钠电池固态电解质材料研发与界面接触技术钠电池正极材料回收再生与循环利用技术低成本钠电池材料体系设计与全产业链降本路径17:30-18:00圆桌论坛时间(DAY 2 :11月7号）演讲议题及流程专场四：钠电池应用专场09:00-09:30嘉宾入场、会前交流09:30-11:30钠电池在大型电力储能场景的应用实践与经济性分析户用储能钠电池系统设计与规模化应用进展工商业储能钠电池解决方案与项目落地案例钠电池在新能源配电网中的应用模式与技术验证中场茶歇车规级钠电池整车适配技术与乘用车应用探索商用车钠电池动力系统匹配与商业化应用电动两轮车钠电池规模化应用与市场前景钠电池在5G基站与后备电源场景的应用实践11:30-12:00圆桌论坛12:00-14:00午餐与商务对接交流专场五：钠电池智能制造及电池技术专场14:00-15:45钠电池电芯智能制造产线设计与工艺优化钠电池极片制造装备精度升级与生产效率提升钠电池化成检测设备技术创新与成本管控钠电池BMS算法优化与状态精准估算技术钠电池生产过程数字化与智能化工厂建设钠电池全生命周期质量管控与缺陷检测技术钠电池PACK自动化产线与柔性制造方案15:45-16:00茶歇与自由交流专场六：论坛闭幕式及NA+钠电产业联盟代表致辞16:00-17:30第五届起点钠电年会总结致辞与产业发展倡议签署NA+钠电产业联盟理事长致辞NA+钠电产业联盟副理事长致辞NA+钠电产业联盟秘书长/副秘书长致辞NA+钠电产业联盟常务理事致辞17:30-18:00圆桌论坛18:30-21:002026第五届起点钠电金鼎奖颁奖典礼暨行业晚宴（年度奖项揭晓、颁奖盛典、行业交流晚宴）备注：最终议程以实际为准04报名参会参会方式①：SVIP参会：3188元人增值服务权益：1、会议期间自助午餐、茶歇2、会场座位前排台卡3、2026钠电产业链地图4、起点研究院SPIR2026全球钠电行业调研报告精华版5、演讲企业PPT可对外6、论坛通讯录参会方式②：VIP参会：2188元/人增值服务权益：1、会议期间自助午餐、茶歇2、会场座位台卡3、2026钠电产业链地图4、起点研究院SPIR2026全球钠电行业调研报告精华版5、演讲企业PPT可对外参会方式参会方式③：免费（需转发本次论坛宣传文章到朋友圈，并截图上传给起点人员）增值服务权益：1、2026钠电产业链地图(扫码关注起点钠电、起点研究公众号/抖音号/视频号后领取）2、普通参会嘉宾证件收款账号：收款单位：深圳市起点研究咨询有限公司开户银行：中国农业银行深圳前进路支行银行账号：41019700040025862汇款注明：宣传费/服务费/会议展览服务05活动报名方式赞助+合作咨询： 杨先生：*********** 邹先生：*********** 论坛报名：于小姐：***********张小姐：***********媒体合作：刘小姐：***********06主办方介绍起点钠电平台简介起点钠电成立于2022年，是全球领先聚焦钠离子电池全产业链的钠电权威产业服务与生态赋能平台，平台以起点研究院SPIR为核心智库，以起点钠电行业媒体矩阵为运营载体，以起点钠电品牌论坛及年会、CINE钠电国际展为展示平台，以产业研究为根基、数据洞察为核心、高端活动为桥梁、品牌传播为窗口、资本孵化为引擎、园区规划为载体，构建了“研究+数据+活动+传播+资本+联盟+园区”的七位一体服务体系。我们深度链接产学研用、投资机构与政府园区，服务了钠电全产业链超200+上下游核心企业及政府产业园区，参与规划了四川巴中市、内蒙古乌海高新区、宁夏银川-苏银产业园等钠电专业产业园区，并成立了Na+钠电产业联盟凝聚行业共识，服务赋能钠电企业家，推动产业链生态融合，技术标准建立与产业链协同，助力中国新能源产业在全球新一轮能源革命中抢占先机，占据钠电产业发展制高点。标杆客户（排名不分先后）：宁德时代、同兴科技/皓升新能源、维科技术、海四达钠星、天能钠电、珈钠能源、金钠科技、易事特钠电、CNAE中国钠电、为方能源、华阳集团、恒大高新、隐功科技、青钠科技、晟钠新能、旭派钠电、吉厚钠电、科迈罗光电、茹天科技、纳甘新能源、九续钠电、亮见钠电、希倍动力、卡波恩、佰思格、旭钠新能源、汉行科技、派能科技、众钠能源、奥克莱集团、兆钠新能源、钠创新能源、滇钠能源、传艺科技、超威集团、亿纬锂能、海辰储能、科达制造、儒特股份、时代思康、先导智能、泰和科技、双环科技、超钠新能源、瑞扬新能源、扬广科技、津工能源、猛狮新能源、东腾锂业、钠奇盛、方寸新能源、黔钠科技、奥冠电池、华钠新材、璞钠能源、华纳新能源、浩钠新能源、湖钠能源、博钠新能源、美特新材料、钠特尔、乐普钠电、铧钠新材料、瓦时动力、美达瑞新材料、钠远新材、兆瑞新能源、钠科能源、亿司特新材料、东能钠新、果曼钠电、极电特能、容钠新能源、浦士达环保、富钠能源、天钠科技、国科炭美、华普森、信瑞新能源、先导干燥、亿隆能源、绿捷环境、尚金干燥、广域铭岛、普渡机械、科锐晟、乔岳智能、前锦炉业、德积干燥、汇京智能、瑞佳达、超力源等标杆钠电园区规划案例：山西阳泉高新区钠电产业规划、巴中钠电产业集群规划、乌海高新技术区钠电产业园规划、银川-苏银钠电产业园规划等七大核心服务一、产业研究依托起点研究院SPIR专业智库力量，聚焦钠电技术迭代、政策标准、供应链体系、市场应用与竞争格局，提供定制化产业调研、技术路线评估、产业链诊断、战略规划与政策解读服务，为企业研发方向、市场布局、长期决策提供专业支撑。二、数据报告发布行业权威白皮书、年度/季度产业报告、成本数据库、产能追踪、供需监测、企业榜单等数据产品，覆盖材料价格、产能规模、装机数据、应用场景、区域分布等核心维度，以真实、精准、及时的数据，为行业决策与市场预判提供依据。三、专业论坛展会打造高规格钠电产业峰会、钠电第一展：CINE钠电展专业展会、起点钠电品牌论坛、起点钠电全国行、起点钠电年会峰会、钠电金鼎奖评选、闭门对接会等活动，汇聚产业链龙头企业、科研专家、应用客户与行业精英，实现技术交流、趋势研判、资源聚合与商务对接，构建全球最具影响力的钠电交流与合作平台。四、品牌传播依托全媒体传播矩阵与精准产业流量，为企业提供品牌专访、新品发布、技术解读、产能官宣、公关传播、行业背书等推广服务，精准触达上下游合作伙伴与目标客户，全面提升企业知名度、行业影响力与市场曝光度。五、投融资孵化链接主流投资机构、产业资本与优质钠电项目，提供项目路演、投融资对接、企业估值、创业孵化、产业资源导入等服务，助力前沿技术成果转化、优质项目快速产业化，推动资本与产业深度融合，加速企业成长与规模化落地。六、钠电产业园规划面向政府园区与产业载体，提供钠电产业园定位策划、产业规划、招商方案、项目引进、运营赋能、生态构建等全流程服务，打造集研发、生产、检测、应用、回收于一体的钠电特色产业集群，助力区域新能源产业升级与经济高质量发展。七、Na+钠电产业联盟会员服务钠电产业生态协同的枢纽构建钠电产业的“朋友圈”与“议事厅”。为会员单位提供：政企高层对接、供应链精准匹配、专利池共享、人才猎聘、行业标准制定参与权及专属会员闭门会等增值服务，助力会员企业抢占行业制高点。点击“阅读原文”报名参会！,,,,pending
“新增年产200万支高速率光模块生产线”，A股一公司加码“追光”,财联社,财联社,"21C API, 产能, 生产基地, 投资",normal,2026-09-27T17:21:00+08:00,,汇绿生态公告称，公司控股子公司武汉钧恒科技拟在武汉东湖高新区投资建设钧恒科技研发生产基地项目，预计总投资3.09亿元，资金来源为自有或自筹资金。项目建成后，钧恒科技现有年产150万支产线将实现技术升级，并新增年产200万支高速率光模块生产线，武汉区域合计年产能达350万支。,http://mp.weixin.qq.com/s?__biz=Mzg5MzEyNzEwNQ==&mid=2247854953&idx=1&sn=90a908dc1fd6c215e75efc1d9bd9e8a8,,汇绿生态公告称，公司控股子公司武汉钧恒科技拟在武汉东湖高新区投资建设钧恒科技研发生产基地项目，预计总投资3.09亿元，资金来源为自有或自筹资金。项目建成后，钧恒科技现有年产150万支产线将实现技术升级，并新增年产200万支高速率光模块生产线，武汉区域合计年产能达350万支。,,,,pending
瑞森新材料将亮相CINE2026固态电池及钠电展,起点锂电,起点锂电,"RIOnews API, 新材料, 隔膜, 固态电池, 钠离子电池, 钠电, 产品发布, 亮相, 上市, 正极材料",normal,2026-09-27T17:05:03+08:00,,福建瑞森新材料股份有限公司即将亮相CINE2026（第三届）固态电池及钠电国际展、CINE2026 电摩电池展，展位号：C04\x0a\x0a福建瑞森新材料股份有限公司成立于2007年，于2016年4月新三板上市，主营新型磷酸锆纳米材料、新型磷酸锆载银抗菌材料、防污闪系列产品等三大系列产品。\x0a\x0a公司荣获国家高新技术企业、福建省省级创新型企业、福建省知识产权优势企业、福建省科技小巨人企业、福建省“专精特新”中小企业等荣誉，累计申报专利超过100项，现获授权专利超过50项，其中发明专利超过20项。\x0a\x0a主要产品包括磷酸锆锂、磷酸锆系列纳米材料等，其中公司最新研发产品磷酸锆锂，,http://mp.weixin.qq.com/s?__biz=MzI1MjEyODg2Mg==&mid=2649799990&idx=1&sn=b195d4700bcab9e5851d9684dca16814,,福建瑞森新材料股份有限公司即将亮相CINE2026（第三届）固态电池及钠电国际展、CINE2026 电摩电池展，展位号：C04\x0a\x0a福建瑞森新材料股份有限公司成立于2007年，于2016年4月新三板上市，主营新型磷酸锆纳米材料、新型磷酸锆载银抗菌材料、防污闪系列产品等三大系列产品。\x0a\x0a公司荣获国家高新技术企业、福建省省级创新型企业、福建省知识产权优势企业、福建省科技小巨人企业、福建省“专精特新”中小企业等荣誉，累计申报专利超过100项，现获授权专利超过50项，其中发明专利超过20项。\x0a\x0a主要产品包括磷酸锆锂、磷酸锆系列纳米材料等，其中公司最新研发产品磷酸锆锂，主要应用锂电方向，产品离子电导率大于10-4S/cm，已经应用于正极材料包覆、隔膜涂层等，产品在空气中化学性质稳定，低温合成，无需烧结，价格相对低廉。\x0a\x0a展会介绍：\x0a\x0aCINE 2026（第三届）固态电池及钠电国际展、CINE 2026 电摩电池展由起点固态电池、起点钠电、起点电摩及换电、起点研究联合举办！\x0a\x0a展会时间：2026年11月6日-7日，举办地点：广州南沙国际会展中心2楼船厅/南沙厅/广州厅\x0a\x0a第一批展商/赞助商/演讲企业名单：茹天科技/赣锋锂电/融捷能源/金钠科技/隐功科技/同兴皓升/科迈罗/先导智能/川源科技/海四达钠星/奥克莱集团/青钠能源/宇恒电池/奥冠电池/华普森/旭钠/信瑞新能源/纳甘/儒特股份/晟钠新能/科达新能源/钠特尔/科锐晟/九续钠电/希倍动力/恒大高新/长篙新材/易禾环境/鹏锦智能/宝试仪器/旭派动力/津工能源/日联科技/极电特能/亿隆能源/双环科技/瑞森新材料/钠科能源/璟熵新材料/兆瑞新能源/卡波恩新材料/苏银产业园/萍竹新材料/艾迈斯/愚公高科/优明科/轮特科技/翼动新能/时代高科/唯特偶/亮见钠电/珈钠能源/凤启新能源/易事特钠电/钹鑫科技/钠美科技等\x0a\x0a更多内容，请关注\x26lt;a href=\x26quot;https://mp.weixin.qq.com/mp/readtemplate?t=pages/link_mid_jump\x26amp;amp;biz=MzI1MjEyODg2Mg==\x26quot; target=\x26quot;_blank\x26quot; class=\x26quot;js_mention_entry wx_at_link\x26quot; data-biz=\x26quot;MzI1MjEyODg2Mg==\x26quot; data-username=\x26quot;gh_5c3a98100529\x26quot;\x26gt;@起点锂电\x26lt;/a\x26gt;\x26lt;a href=\x26quot;https://mp.weixin.qq.com/mp/readtemplate?t=pages/link_mid_jump\x26amp;amp;biz=MzU3MzMxNDI5Ng==\x26quot; target=\x26quot;_blank\x26quot; class=\x26quot;js_mention_entry wx_at_link\x26quot; data-biz=\x26quot;MzU3MzMxNDI5Ng==\x26quot; data-username=\x26quot;gh_4bf004bb8cbd\x26quot;\x26gt;@起点固态电池\x26lt;/a\x26gt;,,,,pending
车上被啃出小圆洞，多地已出现！紧急提醒→,科技日报,科技日报,"21C API, 发布",normal,2026-09-27T17:03:11+08:00,,近日，不少网友发现自己停在路边的爱车莫名其妙出现一些圆形小洞，而且洞的边缘光滑得像被“打孔机”钉过，保险杠、装饰条等塑料部件也布满细密的啃咬痕迹。而造成这一切的“始作俑者”，竟是路边树里的小虫！被虫咬出的小圆洞路边车辆惊现圆形小洞“凶手”是夜蛾幼虫近日，上海、浙江、江苏多名车主接连反映，停放在路边的爱车车身及塑料部件有多处异常损坏，出现多个圆形小洞。有车主调取停车位置的监控录像发现，一只体表呈灰褐色、覆有稀疏短毛的昆虫幼虫趴在车身上，一边反复啃咬，一边试图向内部钻入，如同小型电钻作业。相关视频与照片在网络平台发布后迅速引发关注，多名网友表示曾遭遇类似情况。上海师范大学生命科学学院副教授蒋韦斌指,http://mp.weixin.qq.com/s?__biz=MzI3NDI5MjI4OQ==&mid=2247899795&idx=1&sn=d9a60d6486c7853e116dc6a0a6f3853b,,近日，不少网友发现自己停在路边的爱车莫名其妙出现一些圆形小洞，而且洞的边缘光滑得像被“打孔机”钉过，保险杠、装饰条等塑料部件也布满细密的啃咬痕迹。而造成这一切的“始作俑者”，竟是路边树里的小虫！被虫咬出的小圆洞路边车辆惊现圆形小洞“凶手”是夜蛾幼虫近日，上海、浙江、江苏多名车主接连反映，停放在路边的爱车车身及塑料部件有多处异常损坏，出现多个圆形小洞。有车主调取停车位置的监控录像发现，一只体表呈灰褐色、覆有稀疏短毛的昆虫幼虫趴在车身上，一边反复啃咬，一边试图向内部钻入，如同小型电钻作业。相关视频与照片在网络平台发布后迅速引发关注，多名网友表示曾遭遇类似情况。上海师范大学生命科学学院副教授蒋韦斌指出，这些特征与昆虫学中夜蛾科幼虫的典型外貌高度吻合，尤其是其头部那对发达的、不断咀嚼运动的上颚，堪称最有力的“作案工具”证据。夜蛾幼虫为何“啃车”？会“啃人”吗？有毒吗？夜蛾幼虫为什么“牙口”这么好？夜蛾幼虫的咀嚼式口器，原本是为了切割、磨碎坚韧的植物纤维而演化的，就像天生自带一套微型“电钻组合”：高度硬化的上颚边缘锋利如锯，配合强韧的肌肉，能产生惊人的咬合力。昆虫需要不时使用并磨砺口器以保持其功能性，而车辆上某些塑料（如电线套管、传感器护套）的硬度，恰好在其强大咀嚼力的处理范围之内，于是便成了“磨刀石”。夜蛾幼虫会伤人吗？一般来说，夜蛾幼虫的首要目标是植物和寻找合适的化蛹地点，没有主动攻击人的意愿。绝大多数夜蛾幼虫无毒，但其体表的细毛可能对部分敏感人群造成轻微皮肤刺激，接触后及时清洗即可。栾树是夜蛾大本营夏末秋初停车尽量避开栾树是华东地区常见的行道树，具有树形优美、观赏性佳等诸多优点，是优秀的城市绿化树种。栾树。图片来源：视觉中国夜蛾成虫尤其喜欢在栾树茂密的叶背产卵，夏末至秋季往往是夜蛾幼虫活动的高峰期，也是“虫啃车”案件的高发季。在夜蛾高发的秋季，选择停车位时，花几秒观察周围树木，如见到栾树独特的羽状复叶和灯笼状果实，请另寻他处；避免将车辆长时间停放在栾树下。对于不得不停放在栾树区域的情况，可考虑使用专业防咬车衣。这类车衣材质更致密，接缝经特殊处理，能有效阻隔幼虫。部分产品还添加了环保驱虫成分，可温和阻止幼虫靠近。来源：新华社、央视网、杭州日报、申工社、南国早报、光明网编辑：王曼茜审核：张爽,,,,pending
为什么加拿大想要移除全世界的碳,CCUS国家地方联合工程研究中心,CCUS国家地方联合工程研究中心,"21C API, 融资, 投资",normal,2026-09-27T17:00:00+08:00,,Phil De Luna，福布斯，2026年9月25日周四，在纽约气候周的最后几天，世界各国领导人仍在纽约参加联合国大会，加拿大环境部长朱莉·达布鲁辛（Julie Dabrusin）宣布，加拿大政府正在探索一项框架，以根据《巴黎协定》交易国际转移减排成果（ITMOs）。时机看起来绝非偶然。整整一周，构成碳移除市场的投资者、登记机构和公司买家都聚集在同一座城市，而许多未来将需要购买移除吨数的政府则都在城另一头的联合国。朱莉·达布鲁辛说：“这关乎将我们的自然优势和本土气候创新转化为投资、良好就业和新的出口机会。”几十年来，加拿大一直将气候变化视为一个必须在国内管理的问题。这是第一个真正的迹象，表明,http://mp.weixin.qq.com/s?__biz=Mzg4MzUxNzI4MQ==&mid=2247525400&idx=1&sn=c73ec9284c56325eba25723d551c926c,,Phil De Luna，福布斯，2026年9月25日周四，在纽约气候周的最后几天，世界各国领导人仍在纽约参加联合国大会，加拿大环境部长朱莉·达布鲁辛（Julie Dabrusin）宣布，加拿大政府正在探索一项框架，以根据《巴黎协定》交易国际转移减排成果（ITMOs）。时机看起来绝非偶然。整整一周，构成碳移除市场的投资者、登记机构和公司买家都聚集在同一座城市，而许多未来将需要购买移除吨数的政府则都在城另一头的联合国。朱莉·达布鲁辛说：“这关乎将我们的自然优势和本土气候创新转化为投资、良好就业和新的出口机会。”几十年来，加拿大一直将气候变化视为一个必须在国内管理的问题。这是第一个真正的迹象，表明它也看到了自己的另一种角色：清理世界排放的国家。先从缩写说起，因为它承载着大量含义。《巴黎协定》第六条允许各国在其气候目标上开展合作。ITMO是指在一个国家减少或移除、并转移到另一个国家的1吨碳，后者将其计入自己的国家承诺。整个体系依赖于一条规则。如果日本声称拥有这1吨，加拿大就不能。1吨只有一个主张者，并且在政府之间进行追踪。加拿大为什么想站在这种交易的卖方？因为碳移除原来是一个地理问题。要从空气中提取CO₂并将其保持在外，你需要三样东西。你需要丰富的清洁能源。你需要能够永久容纳碳的深层地下岩石。你需要知道如何在艰难地方建设大型工业项目的人。大多数国家拥有其中一项。少数国家拥有两项。加拿大以不寻常的数量拥有全部三项。这就是为什么我两年前论证加拿大正处于一个数万亿美元碳移除行业的边缘。建设石油和天然气行业的钻井、地下和管道技能几乎可以一一对应地延续过来。艾伯塔省拥有世界上最成熟的CO₂封存制度之一，那里的项目现已封存超过1800万吨CO₂。瑞士直接空气捕集先驱Climeworks今年在卡尔加里设立了加拿大总部。CarbonCapture Inc.将其首个商业项目从亚利桑那州迁至艾伯塔省。其首席执行官说得直白：“加拿大是显而易见的选择。”在Peace River，Svante和Mercer International正在推进一个纸浆厂的生物质碳捕集项目，该项目每年可捕集约50万吨生物源CO₂。在大西洋沿岸，Planetary和CarbonRun是利用海洋和河流封存碳的世界领先者之一。加拿大能源监管机构现在统计到该国有78家碳移除公司和48个活跃或计划中的项目。所以供应正在出现。问题一直是需求。只有一小群加拿大公司购买了持久性碳移除。Carbon Removal Canada统计到大约14个买家，约15万吨。一个加拿大项目总是可以在自愿市场上卖给微软（Microsoft），但自愿市场最近随着微软暂停新购买而下滑。最大的未来买家一直是政府，它们需要移除来满足其巴黎目标。没有第六条框架，一个国家就无法将加拿大的吨数计入自己的承诺。碳商业委员会（Carbon Business Council）表示，其加拿大成员有大约9亿加元的潜在信用销售，等待一种接触国际买家的方式。直到本周，这种方式并不存在。这件事为什么现在发生也很重要。1月，总理马克·卡尼（Mark Carney）告诉达沃斯，世界正处于“一场断裂，而非转型”。美国已从《巴黎协定》、从其盟友以及从它曾经资助的碳移除中心后退。这留下了一个空缺。必须有人表明，国际气候合作仍然能够产生真实的东西：吨数、就业、信任。加拿大正在把自己推向前台。这符合加拿大的长期习惯。这是一个在世界舞台上超出自身分量的国家，从维和到发展援助。它已经承诺在2026年之后提供超过130亿加元的国际气候融资。ITMO增加了一个新工具。想想新加坡，一个人口稠密、土地稀缺且没有大型地质封存的国家。它无法在国内移除其残余排放。加拿大可以在严格的核算下，代表新加坡在这里进行移除。碳移除成为加拿大出口的东西，就像它出口关键矿产、小麦或钾肥一样。这里确实存在一种真实的压力，值得认真审视。加拿大每出口1吨碳，就有1吨无法计入其自身碳减排目标，而目前加拿大已经远远未能达到这一目标。这种权衡是真实的。但全球需要移除CO2规模之大，任何单个国家的国内市场根本无力承担这笔费用。要建立这样的能力，唯一途径就是让全世界共同分担成本。如今由国际买家支付的发电厂和输气管道，也将成为加拿大自身用于清除排放所依赖的设施。总理马克·卡尼在过去一年中花了大量时间周游世界，试图推销加拿大的产品：能源、关键矿产、食品，以及所有这些背后的专业知识。这样看来，本周的宣布不是技术脚注。这是深思熟虑的下一步。加拿大已经明白，它能提供给世界的最有价值的东西之一，就是将CO2从天空中“取回”的能力。地球变得更清洁，贸易伙伴实现其承诺，从Peace River到新斯科舍的社区获得值得建设的产业。这是一赢、双赢、再赢。原文作者：Phil De Luna，福布斯，2026年9月25日原文链接：https://www.forbes.com/sites/phildeluna/2026/09/25/why-canada-wants-to-remove-the-worlds-carbon/欢迎扫码关注本文来自CCUS国家地方联合工程研究中心，未经授权不得转载.如有需要请联系ccus@nwu.edu.cn赞助单位,,,,pending
俄罗斯明确反对日本“入常”， 日本右翼破防,财联社,财联社,21C API,normal,2026-09-27T16:57:35+08:00,,据环球网，俄罗斯外长拉夫罗夫当地时间26日在第81届联合国大会一般性辩论上发言，明确反对日本、德国成为安理会常任理事国的要求，并批评日本“正在走军国主义道路”。这番表态一经报道，在日本社交媒体上引发巨大反响，日本右翼的偏激言论，也暴露了日本社会部分群体对二战历史的扭曲认知。拉夫罗夫的发言引发日本网民的广泛关注，有右翼学者声称俄罗斯作为二战战胜国“摆架子”，一些右翼网民还发泄不满，扬言要削减对联合国的会费缴纳，还提出绕过联合国、另建国际机构的极端主张。不喜欢​,http://mp.weixin.qq.com/s?__biz=Mzg5MzEyNzEwNQ==&mid=2247854945&idx=1&sn=0ce624f4317fc675f28ee1974724a3bf,,据环球网，俄罗斯外长拉夫罗夫当地时间26日在第81届联合国大会一般性辩论上发言，明确反对日本、德国成为安理会常任理事国的要求，并批评日本“正在走军国主义道路”。这番表态一经报道，在日本社交媒体上引发巨大反响，日本右翼的偏激言论，也暴露了日本社会部分群体对二战历史的扭曲认知。拉夫罗夫的发言引发日本网民的广泛关注，有右翼学者声称俄罗斯作为二战战胜国“摆架子”，一些右翼网民还发泄不满，扬言要削减对联合国的会费缴纳，还提出绕过联合国、另建国际机构的极端主张。不喜欢​,,,,pending
电动汽车出险率高，维修贵，保险公司一年亏了56亿！,国际能源研究中心,国际能源研究中心,"21C API, 比亚迪, CTC, 亏损, 政策, 发布",normal,2026-09-27T16:54:20+08:00,,2025年，中国新能源车险交出了一份令人五味杂陈的成绩单。保费收入攀至1900亿元，承保车辆达4358万辆，同比大增40.1%，但行业整体承保亏损仍达56亿元。一边是市场规模高速扩张，一边是盈利迟迟未至，“车主喊贵、险企喊亏”的怪圈，已成为新能源汽车产业高歌猛进中一道无法回避的裂痕。新能源车出险频率较燃油车高出约70%，综合赔付率高出约10个百分点。新能源车因使用成本低，天然成为网约车和营运车辆的首选。截至2024年底，全国网约车保有量达487万辆，其中新能源车占比超过六成。问题在于，大量兼职网约车仍以家用车名义投保。非营运车辆的保费平均仅为营运车辆的一半左右，而其年均行驶里程却是家用车的2至,http://mp.weixin.qq.com/s?__biz=MzA5MDYwOTE2Nw==&mid=2650010460&idx=1&sn=e0dc62ca49897a55ee8d697475aa5549,,2025年，中国新能源车险交出了一份令人五味杂陈的成绩单。保费收入攀至1900亿元，承保车辆达4358万辆，同比大增40.1%，但行业整体承保亏损仍达56亿元。一边是市场规模高速扩张，一边是盈利迟迟未至，“车主喊贵、险企喊亏”的怪圈，已成为新能源汽车产业高歌猛进中一道无法回避的裂痕。新能源车出险频率较燃油车高出约70%，综合赔付率高出约10个百分点。新能源车因使用成本低，天然成为网约车和营运车辆的首选。截至2024年底，全国网约车保有量达487万辆，其中新能源车占比超过六成。问题在于，大量兼职网约车仍以家用车名义投保。非营运车辆的保费平均仅为营运车辆的一半左右，而其年均行驶里程却是家用车的2至3倍，出险率自然更高。这种错配造成的后果是双重的：高风险车辆以低保费投保，直接拉高了相关车型的整体赔付率，部分车型赔付率因此超过100%；而低风险家用车主则被迫为营运车的高赔付买单，承担了不应由他们承担的保费溢价。有网约车司机透露，营运车险一年要1万多元，家用车险不到7000元——这条差价，最终通过精算模型分摊到了每一位家用车主身上。如果说风险错配是制度设计的缺陷，那维修成本的居高不下则是整个产业生态的系统性失衡。轻微剐蹭时，新能源车的维修成本是燃油车的2至2.5倍；更换电池的平均价格约占整车价格的51%。根源在于三电系统和激光雷达等智能化部件成本高昂，更在于车企普遍采用的一体化压铸、CTC等高集成设计，使“只换不修”成为常态。长城汽车董事长魏建军曾公开批评这一技术路线，指出一体化压铸部件多采用铝合金材质，碰撞后极易脆裂，无法像传统钢结构那样进行局部钣金修复，只能整体更换，维修成本可达传统结构件的4倍，“看起来是制造端降本，实则是将高昂维修成本转嫁给消费者”。车企通过封闭检测系统、锁死技术权限、垄断核心配件，将维修主动权牢牢握在手中。保险公司缺乏议价空间，车主缺乏选择权，而最终为这一切买单的，是整个车险赔付体系。一位启航新能源车主的案例颇具代表性：电池外壳破损，授权维修店表示只能返厂维修，更换电池需9万元，而这辆开了7年的车，当时购车价仅12万元。头部险企凭借数据积累和定价能力率先突围。人保财险2025年承保新能源车1556万辆，综合成本率持续低于100%；中国平安首次披露新能源车险业务实现承保盈利，综合成本率压降至100%以下；中国太保的家用新能源车险也已进入稳定盈利区间。而车企系保险公司展现出更独特的优势——比亚迪财险2025年实现净利润9362.4万元，扭转了2024年亏损1.69亿元的局面。其核心逻辑在于“整车带保险、保险反哺整车”的闭环：99%的车险业务源于自有车主，签单保费几乎全部通过直销渠道实现，手续费及佣金支出趋近于零。更具突破意义的探索来自“车电分离”承保模式。这一模式将车辆与动力电池作为独立标的物分别承保，车身险仅覆盖车辆硬件风险，电池险独立定价。在重庆的试点中，新能源货车通过车电分离模式采购，初始投入成本降低30%至50%，保险保费也降低了约30%。从“一揽子风险定价”转向“分模块精准定价”，这不只是保费计算方式的改变，更是对新能源车风险结构的一次重新理解。政策层面的推进同样在加速。金融监管总局等四部门发布的指导意见明确提出合理降低新能源汽车维修使用成本，推动车企开放维修技术授权。2026年8月1日起实施的新国标更要求车企向合规第三方维修企业和保险理赔机构开放核心数据接口，维修过程数据云端同步与追溯，保险公司将首次掌握理赔的“绝对标尺”。商务部等9部门也联合发文，明确不得因消费者选择第三方维保而拒绝承担“三包”责任。新能源车险的亏损，本质上是新兴产业与传统保险模式之间的“时差”。汽车产业用五年时间走完了燃油车二十年的技术迭代路程，而保险定价所需的数据积累、维修体系的开放竞争、使用性质的精准识别，都还远远没有跟上。在新能源汽车从政策驱动转向市场驱动的关键阶段，车险不能再扮演“被动买单者”的角色。它需要成为产业链中主动的风险管理者——与车企共享数据、与维修体系共建标准、与监管共推制度创新。唯有如此，“车主省下的油钱，才不会全填进保费的坑里”。,,,,pending
涉及液氨管道、盐穴储氢等！国家能源局：公示39项氢能行业标准项目！,氢能观察,氢能观察,"RIOnews API, 第二增长曲线, 氢, 甲醇, 氨, 绿色, 学术研究, 大学, 科学院, 研究所",normal,2026-09-27T16:30:00+08:00,,9月22日，国家能源局综合司关于下达2026年能源领域行业标准制修订计划及外文版翻译计划的通知。文件指出，国家能源局发布2026年能源领域行业标准制定计划（共计849项）、标准修订计划（共计450项）及外文版翻译计划（共计56项）。2026年能源领域行业标准制定计划中涉及氢能领域的标准项目有39项，项目包括绿色航空燃料、绿色甲醇、绿色合成氨、电解槽、可再生能源制氢、输氢管道、氢储能等。1、绿色航空燃料主要起草单位：中石化石油化工科学研究院有限公司适用范围和主要技术内容：本文件规定了绿色航空燃料评价的术语和定义、评价方法和技术要求。本文件适用于采用油脂加氢、气化费托、醇制喷气燃料、电转液等技术生,http://mp.weixin.qq.com/s?__biz=MzAxMTUxNzgyOA==&mid=2247621676&idx=1&sn=1ec32b048c64a705ada56e62c35d82ce,,"9月22日，国家能源局综合司关于下达2026年能源领域行业标准制修订计划及外文版翻译计划的通知。文件指出，国家能源局发布2026年能源领域行业标准制定计划（共计849项）、标准修订计划（共计450项）及外文版翻译计划（共计56项）。2026年能源领域行业标准制定计划中涉及氢能领域的标准项目有39项，项目包括绿色航空燃料、绿色甲醇、绿色合成氨、电解槽、可再生能源制氢、输氢管道、氢储能等。1、绿色航空燃料主要起草单位：中石化石油化工科学研究院有限公司适用范围和主要技术内容：本文件规定了绿色航空燃料评价的术语和定义、评价方法和技术要求。本文件适用于采用油脂加氢、气化费托、醇制喷气燃料、电转液等技术生产的航空涡轮发动机用喷气燃料的产品评价。2、绿色甲醇可持续核证技术规范主要起草单位：中国产业发展促进会生物质能产业分会适用范围和主要技术内容：本文件规定了绿色甲醇可持续核证工作的总体要求、评价要求、实施要求和标识等内容。本文件适用于第三方核查机构开展绿色甲醇产品核证活动，绿色甲醇产品生产组织和其他相关机构参照使用。3、绿色合成氨可持续核证技术规范主要起草单位：中石化石油化工科学研究院有限公司适用范围和主要技术内容：本文件规定了绿色合成氨可持续核证的总体要求、核证评价要求、核证实施要求和核证标识等内容。本文件适用于第三方核证机构开展绿色合成氨产品核证活动，绿色合成氨产品生产组织和其他相关机构可参照使用。4、氢气泄放技术要求主要起草单位：中石化安全工程研究院有限公司、中国石化销售股份有限公司、中石化石油化工科学研究院有限公司、中石化广州工程有限公司、中石化石油工程设计有限公司、南京工业大学适用范围和主要技术内容：本文件规定了氢气系统泄放技术要求，包括泄压部件、放空管路、维护及操作要求。本文件适用于新建、改建及扩建电解水制氢、输氢管道及加氢站等固定式连续作业系统的泄放要求，不适用于氢气瓶、燃料电池汽车及长管拖车等移动式单点泄放的技术要求。5、氢能行业数据分类分级规范主要起草单位：国能氢创科技（北京）有限责任公司、氢溯科技（上海）有限公司、国家能源集团氢能科技有限责任公司、苏州中欧氢能技术创新中心、山东大学、中关村工信二维码技术研究院等适用范围和主要技术内容：本标准规定了氢能行业大数据的分类分级原则、方法、维度及具体类别定义。基于数据重要性、敏感性、影响程度等因素，将氢能数据按业务属性进行分类，并按不同安全等级进行划分。本文件适用于指导氢能行业数据分类分级，氢能产业链各环节的数据资产登记、风险评估、访问控制、共享交换等场景。包括但不限于涉及氢能行业数据的政府部门、行业协会、企业个人开展分类分级工作。6、氢能行业数据安全可信管理规范主要起草单位：国能氢创科技（北京）有限责任公司、氢溯科技（上海）有限公司、国家能源集团氢能科技有限责任公司、苏州中欧氢能技术创新中心、山东大学、中关村工信二维码技术研究院等适用范围和主要技术内容：本文件规定了氢能产业链中数据全生命周期的安全可信管理要求，包括数据采集、传输、存储、处理、共享、销毁等环节的安全控制措施，以及数据主体身份认证、操作行为审计、数据完整准确性保障、隐私保护、数据可验证性等可信机制。本文件适用于涵盖制氢、储运、加注、应用等氢能全产业链相关企业、平台及监管机构在开展数据活动时的安全管理实践。7、质子交换膜加速老化测试方法主要起草单位：中石化石油化工科学研究院有限公司、苏州科润新材料股份有限公司、上海升水新能源科技有限公司、西安航天华阳机电装备有限公司、清华大学、清氢（北京）科技有限公司适用范围和主要技术内容：本文件规定质子交换膜加速老化测试方法。本文件适用于电解水制氢和燃料电池用全氟磺酸型质子交换膜，其他类型的质子交换膜参照执行。8、阴离子交换膜电解水膜电极组件测试方法主要起草单位：中石油深圳新能源研究院有限公司、上海氢鸾科技有限公司、鸿基创能科技（广州）股份有限公司、惠州亿纬氢能有限公司、深圳航天科技创新研究院、氢辉能源(深圳)有限公司、锐格新能源科技集团有限公司、科威尔技术股份有限公司、安徽枡水新能源科技有限公司、上海莒纳新材料科技有限公司适用范围和主要技术内容：本文件适用于各类阴离子交换水电解膜电极，主要用于阴离子交换水解膜电极的性能评估与质量控制。其他类型的阴离子交换膜电化学器件用膜电极的测试可参照执行。本文件包括了阴离子交换水解膜电极术语和定义、规定测试环境条件、测试要求、安全防护措施及测试报告的基本要求，包含物理测试、电化学测试、耐久性测试、辅助测试等测试方法，并给出了推荐的测试装置、数据处理方法。9、碱性电解槽双极板特性测试方法主要起草单位：北京低碳清洁能源研究院、中国标准化研究院、北京科技大学适用范围和主要技术内容：本文件适用于碱性电解槽双极板，采用 KOH 电解液的阴离子交换膜、离子溶剂化膜等碱性电解槽双极板可参照本标准。本文件规定了碱性电解槽双极板材料的抗弯强度、密度、电阻和腐蚀电流密度等测试方法；双极板部件的面积利用率、厚度均匀性、槽深均匀性、平面度、相对平整度、接触电阻、气密性、镀层厚度、膜基结合力等测试方法。10、质子交换膜水电解槽金属基多孔传输层测试方法主要起草单位：嘉庚创新实验室适用范围和主要技术内容：本文件规定了质子交换膜水电解槽用金属基多孔传输层（PTL）的各项关键物理及化学特性测试方法。本文件适用于质子交换膜水电解槽中使用的钛基（如钛纤维毡、钛烧结板等）、镍基及不锈钢基等多孔传输层的特性检测。11、质子交换膜水电解制氢系统控制保护技术导则主要起草单位：中国电力科学研究院有限公司适用范围和主要技术内容：本文件主要规定水电解制氢系统控制保护的总体要求、系统架构、硬件配置要求、控制功能要求、保护功能要求、试验测试等内容。本文件适用于质子交换膜水电解制氢系统的控制保护装置方案设计、开发、测试过程。12、可再生能源电力制氢工程建设监理规范主要起草单位：水电水利规划设计总院、陕西氢能产业发展有限公司、中电建新能源集团股份有限公司、陕氢（乌审旗）新能源科技有限公司等适用范围和主要技术内容：适用范围：适用于可再生能源电力制氢工程的建设监理。主要技术内容：项目监理机构及其设施、监理规划及监理实施细则、工程质量控制、工程进度控制、工程造价控制、安全生产管理、合同管理、监理文件资料与信息管理、组织协调、相关服务等。13、可再生能源电力制氢工程节能报告编制规程主要起草单位：水电水利规划设计总院、陕西氢能产业发展有限公司、中国电建集团西北勘测设计研究院有限公司、陕氢（乌审旗）新能源科技有限公司等适用范围和主要技术内容：适用范围：适用于再生能源电力制氢工程的节能报告编制。主要技术内容：基本规定、节能分析、节能计算、主要节能措施、项目综合能耗及能效水平等。14、可再生能源电力制氢工程施工图设计内容深度规定主要起草单位：水电水利规划设计总院、中国电建集团中南勘测设计研究院有限公司、中国电建集团北京勘测设计研究院有限公司、湖北省电力规划设计研究院有限公司、中国电建集团成都勘测设计研究院有限公司、电力规划总院有限公司、中国能源建设集团江苏省电力设计院有限公司、江苏科能电力工程咨询有限公司等适用范围和主要技术内容：适用范围：适用于可再生能源电力氢工程的施工图设计内容的编制。主要技术内容：总图、制氢工艺、电气一次、电气二次、仪表与控制、建筑、结构、给排水及消防、采暖通风与空气调节。15、可再生能源电力制氢工程质量管理规程主要起草单位：中电建新能源集团股份有限公司、水电水利规划设计总院、湖北省电力规划设计研究院有限公司、中国电建集团福建省电力勘测设计院有限公司、中国电建集团成都勘测设计研究院有限公司适用范围和主要技术内容：适用范围：适用于可再生能源电力制氢工程项目的质量管理。主要技术内容：基本规定、勘察设计质量管理、设备和材料质量管理、施工质量管理、工程调试和启动试运行质量管理、工程验收质量管理。16、输氢管道计量系统技术规范主要起草单位：国家管网集团工程技术创新有限公司、国家石油天然气管网集团有限公司科学技术研究总院分公司、国家管网集团北京管道有限公司、中国石油天然气管道工程有限公司适用范围和主要技术内容：适用范围：本文件适用于氢含量（体积分数）不小于3.0%（XH2≥3 vol%），氢气和天然气已经过充分混合并均匀的掺氢天然气或纯氢输送管道计量系统。主要技术内容：1、范围；2、规范性引用文件；3、术语和定义；4、总体原则；5、计量系统设计；6、组分及发热量测量；7、可靠性与校准；8、安装要求；9、投产试运及验收；10、运行和维护。17、天然气管道掺氢输送改造设计指南主要起草单位：国家管网集团工程技术创新有限公司、国家石油天然气管网集团有限公司、科学技术研究总院分公司、国家管网集团北京管道有限公司、中国石油天然气管道工程有限公司适用范围和主要技术内容：适用范围：本文件适用于L485及以下钢级天然气管道掺氢改造设计。主要技术内容：本文件规定了天然气管道掺氢输送改造的输气工艺、线路、站场工艺、总平面布置、仪表与自控控制、供配电、消防等专业的设计要求。本文件适用于L485及以下钢级天然气管道掺氢改造设计。18、金属材料与液氢相容性试验方法主要起草单位：中国石油集团工程材料研究院有限公司等适用范围和主要技术内容：适用范围：本文件适用于金属材料在液氢温区（20K）的低温脆化，以及在最不利（临界）温度下的氢脆化。低温脆性试验包括：20K（或低于20K）下的拉伸试验、夏比冲击试验、断裂韧性试验、疲劳寿命试验，以及疲劳裂纹扩展速率试验。主要技术内容：本文件规定了用于评估液氢储运金属材料与液氢相容性的装置、环境控制、试验方法、相容性评估以及试验报告要求。本文件中的金属材料包括液氢储运设施中涉及到的板材、管材、锻件及焊接接头等。19、输氢管道工程施工及验收规范主要起草单位：国家管网集团工程技术创新有限公司、中国石油天然气管道科学研究院有限公司、中石化石油工程设计有限公司、国家石油天然气管网集团有限公司科学技术研究总院分公司、国家管网集团北京管道有限公司、中国石油管道局工程有限公司适用范围和主要技术内容：适用范围：本文件适用于陆上新建、改建的钢质输氢管道工程线路、站场施工。主要技术内容：本文件计划编制10个章节以及条文说明。主要内容为：1）范围；2）规范性引用文件；3）术语和定义；4）总体要求；5）施工准备；6）材料和设备；7）线路施工；8）站场工艺管道安装；9）健康、安全和环境保护；10）工程交工；11）相关附录和条文说明。20、输氢管道运行规范主要起草单位：国家管网集团北京管道有限公司适用范围和主要技术内容：适用范围：适用于陆上新建、改建和扩建的纯氢及掺氢比例大于 3%的钢质输氢管道的运行管理。主要技术内容：总则、术语、总体原则和要求、气质要求、运行管理、操作管理、站场管理、线路管理、维（抢）修、应急管理、记录与档案管理要求。21、输氢管道仪表控制系统设计规范主要起草单位：国家管网集团工程技术创新有限公司、国家石油天然气管网集团有限公司科学技术研究总院分公司、国家管网集团北京管道有限公司、中国石油天然气管道工程有限公司适用范围和主要技术内容：适用范围：指导和规范输氢管道工程中仪表控制系统的设计工作，适用于输氢管道工程中新建、改建和扩建的仪表控制系统设计。主要技术内容：1范围；2规范性引用文件；3术语和定义；4缩略语；5基本要求；6仪表选型；7仪表安装；8仪表电缆选型及敷设；9计算机控制系统；10智能化功能；11控制系统网络安全；12控制室和机柜间；13辅助系统；14设备诊断。22、输氢钢管承载能力全尺寸试验方法主要起草单位：中国石油集团工程材料研究院有限公司、中国石油天然气股份有限公司长庆油田分公司、陕西省天然气股份有限公司、西安交通大学、合肥通用机械研究院有限公司等适用范围和主要技术内容：适用范围：本文件适用于输氢钢管或包含环焊接头钢管在恒定内压、内压单调增加或内压疲劳载荷作用下的承载能力试验。输送其它介质钢管的承载能力全尺寸试验参照使用。主要技术内容：本文件规定了含缺陷钢管氢环境承载能力全尺寸试验的试验钢管、试验装置和测试仪器、试验方法、试验数据处理和试验报告等。23、氢气储罐区工程技术标准主要起草单位：中国石化工程建设有限公司适用范围和主要技术内容：适用范围：适用于中低压氢气球形储罐区的新建、改建和扩建工程，不适用于高压氢气储罐区、液氢储罐区、储氢井、储氢库、湿式储氢容器。主要技术内容：规定氢气罐区的总图布置、工艺系统、球罐及设备、管道、仪表控制、公用工程、消防、建筑结构等方面的工程技术要求。24、液氨输送管道工程设计标准主要起草单位：中国石油天然气管道工程有限公司、国家管网集团工程技术创新有限公司、中国石油管道局工程有限公司适用范围和主要技术内容：适用范围：适用于除化工企业内部管道以外的陆上新建、扩建、改建的液氨输送管道工程设计。主要技术内容：规定了液氨输送管道工程在输送工艺、线路、管道结构、站场、监控系统及施工验收等方面的设计技术内容。25、掺氢天然气采暖及工业用户供气工程设计规范主要起草单位：中国石化集团新星石油有限责任公司、北京市煤气热力工程设计院有限公司、中国石化天然气分公司、北京市燃气集团有限责任公司、华润燃气投资（中国）有限公司适用范围和主要技术内容：本文件适用于氢气体积含量不大于 20%的掺氢天然气采暖及工业用户工程，包括从掺氢混气站到城镇输配管网，到采暖用户用气设备（采暖锅炉）及工业用户用气设备（燃气发电机组）燃烧器接口前的供气管道及附属设施。本文件规定了掺氢天然气采暖及工业用户供气工程的基本规定以及天然气掺氢混气站、掺氢天然气输配管道、用户燃气设施的设计要求。26、氢储能电站环境影响评价导则主要起草单位：华电辽宁能源发展股份有限公司新能源分公司适用范围和主要技术内容：适用于氢燃料电池为储能载体的储能电站环境影响评价。主要技术内容：明确评价工作的原则、程序与依据；界定电站概况，梳理关键工艺流程；建立环境现状调查与评价指标体系；制定施工期与运行期的环境影响预测与评价方法；提出环境保护措施、环境风险防范对策以及环境管理与监测计划要求。27、可再生能源电力合成氨工程设计导则主要起草单位：中国石油大学（北京）、山东石油化工学院、中石油华东设计院有限公司、北京碳零氢电科技有限公司、国网电力工程研究院有限公司、国网山东省电力公司、国网山东省电力公司电力科学研究院、水电水利设计总院、电力规划总院有限公司、中国能源建设集团江苏省电力设计院有限公司、江苏科能电力工程咨询有限公司、工大开元环保科技（南京）有限公司、中能建氢能源有限公司等适用范围和主要技术内容：适用范围：适用于新建可再生能源电力合成氨工程。主要技术内容：基本规定、厂址选择及总平面布置、工艺系统、工程技术要求。28、氢储能电站可行性研究报告编制规程主要起草单位：中国电建集团西北勘测设计研究院有限公司、水电水利规划设计总院、中国电建集团北京勘测设计研究院有限公司、湖北省电力规划设计研究院有限公司电力规划总院有限公司、中国能源建设集团江苏省电力设计院有限公司、江苏科能电力工程咨询有限公司、陕西氢能产业发展有限公司等适用范围和主要技术内容：适用范围：适用于氢储能电站可行性研究报告的编制。主要技术内容：基本规定、综合说明、工程建设必要性和可行性、原料分析、市场分析、工程规模、站址选址及 总平面布置、工艺设计、公用及辅助工程、施工组织及运行管理、环境保护与水土保持、节能减碳、劳动安全与职业健康、工程投资估算、财务评价、效益分析及风险管控、结论及建议、附图与附表等29、氢燃料电池电站安全预评价规程主要起草单位：中国电建集团成都勘测设计研究院有限公司、水电水利规划设计总院、中国电建集团北京勘测设计研究院有限公司、湖北安源安全环保科技有限公司等适用范围和主要技术内容：适用范围：适用于氢燃料电池电站的安全预评价。主要技术内容：总体要求、资料收集与分析、现场调查、危险因素辨识、站址选择与总平面布置预评价、系统设备预评价、辅助设施预评价、消防设施预评价、施工过程预评价、评价报告编制及附录等。30、固定式质子交换膜燃料电池发电系统技术要求主要起草单位：山东国创燃料电池技术创新中心有限公司、国家电投集团氢能科技发展有限公司、东方电气（成都）氢能科技有限公司等适用范围和主要技术内容：本文件规定了固定式质子交换膜燃料电池发电系统的外观、尺寸和防护等级、设备及部件、功能要求与性能要求，描述了相应的试验方法，规定了分类和编码、正常工作条件、检验规则、标志、包装、运输和贮存等内容。本文件适用于应用在商业、工业和家庭等领域，额定功率不小于100kW系统固定式质子交换膜燃料电池发电系统的设计、制造、试验、检验、运行、维护和检修。31、质子交换膜燃料电池膜电极用离聚物及其分散液测试方法主要起草单位：苏州科润新材料股份有限公司、未势能源科技有限公司、鸿基创能科技（广州）股份有限公司等适用范围和主要技术内容：本文件规定了质子交换膜燃料电池膜电极用离聚物及其分散液的粘度、固含量、离子交换容量、透明度、Fe 离子含量、粒径分布、化学稳定性、氧气扩散阻力等的测试方法。本文件适用于质子交换膜燃料电池膜电极用离聚物及其分散液的测试，PEM 电解制氢电解槽用膜电极离聚物及其分散液的测试可参考本文件。32、固体氧化物燃料电池热电联供系统技术规范主要起草单位：中国石化工程建设有限公司等适用范围和主要技术内容：本文件规定了固体氧化物燃料电池（Solid Oxide Fuel Cell，简称 SOFC）热电联供系统的基本技术要求，适用于以氢气、天然气、油气伴生气等为主要燃料的SOFC热电联供系统，其他类型碳基燃料的SOFC系统可参照本技术规范执行。本技术规范所涵盖的系统范围包括SOFC发电单元、热管理模块、燃料处理单元和重整单元，以及控制系统等关键组成部分。33、固体氧化物电解池系统技术规范主要起草单位：陕西氢能超燃动力科技有限公司等适用范围和主要技术内容：本文件规定了固体氧化物电解池（SOEC）系统的设计总则、系统组成与架构、核心子系统设计要求、系统集成规范。本文件适用于固体氧化物电解池系统在设计、集成、制造等环节的技术要求。34、电力氢动力多旋翼无人机技术规范主要起草单位：国网山东省电力公司,国网智能科技股份有限公司,浙江氢航科技有限公司,南方电网电力科技股份有限公司适用范围和主要技术内容：本文件适用于电力系统应用氢动力多旋翼无人机。本文件规定了电力氢动力多旋翼无人机的定义、系统构成、基本要求、试验要求、试验方法、维保、标志、包装、运输等。35、风光氢一体化系统接入电网测试方法主要起草单位：中国电力科学研究院有限公司适用范围和主要技术内容：本文件适用于风光氢一体化系统接入电网测试，适用于配有碱性水电解和质子交换膜水电解制氢的风光氢一体化系统工程。本标准规定了风光氢一体化系统接入电网测试方法，包括：功率控制、运行适应性、过载能力、紧急负载响应能力、调频能力等测试方法与步骤，以及测试过程中氧中氢含量、压力、温度等氢能设备安全相关监测方法，以及相应的测试条件和测试仪器设备要求等内容。36、可再生能源电力制氢工程碳监测系统技术导则主要起草单位：中国华能集团清洁能源技术研究院有限公司, 国网浙江省电力有限公司电力科学研究院,中国电力科学研究院有限公司,广东电网有限责任公司广州供电局,中国电力工程顾问集团华北电力设计院有限公司,东北电力大学适用范围和主要技术内容：本文件适用于以可再生能源电力作为能量来源、以电解水设备作为制氢手段的可再生能源电力制氢工程碳监测系统。本文件规定了涵盖可再生能源电力系统和制氢系统在内的可再生能源电力制氢站内碳监测系统的具体组成、技术参数要求、核心监测内容、监测实操方法、监测流程、数据处理规则，以及与制氢系统运行控制的交互特性。37、地表天然氢气浓度测定方法主要起草单位：中国石油天然气股份有限公司勘探开发研究院、中国矿业大学（北京）、北京大学等适用范围和主要技术内容：本标准适用于土壤、热液喷泉、岩体等不同地表环境下天然氢气浓度检测、气体样品采集及含量测试。主要技术内容为天然氢气浓度检测布点方式、采样方法、浓度检测方法及质量要求，相关技术及方法流程已相对成熟，适合建立标准进行普遍推广。38、输氢管道安全风险评估导则主要起草单位：国家石油天然气管网集团科学技术研究总院分公司、国家石油天然气管网集团工程技术创新公司、中石化安全工程研究院有限公司适用范围和主要技术内容：适用范围：本文件适用于陆上钢制输氢管道，包括建设期与在役管道。主要技术内容：本文件规定了输氢管道风险评价的一般程序、内容和原则，包括输氢管道风险评价方法与流程、数据收集与整合、风险因素识别与风险评价方法选择、管段划分、失效可能性分析、失效后果分析、风险估算、风险判定与风险控制建议、风险再评价及风险评价报告编制等内容。39、盐穴储氢库设计指南主要起草单位：中国石油工程建设有限公司、中国石油集团科学技术研究院有限公司、中国科学院武汉岩土力学研究所适用范围和主要技术内容：本文件适用于地下储氢库的新建、扩建或改建工程的设计。对盐穴型地下储氢库，在提出术语和定义、规范性引用文件、总体要求、库址筛选、地质设计、钻完井、注采管柱及井口装置选型及地面工程设计要求，指导储氢库高质量建设。点击文末阅读原文，查看能源局官网信息来源：国家能源局押注越多，风险越小？从国富氢能看如何穿越行业“阵痛期”生存战！燃料电池企业下场储能，是“进军”还是“退路”？不出海，就出局！中国氢能已进入“国际时间”全球油阀告急！氢能扛起能源战略终极底牌！八年热潮一朝降温，氢能走到“生死”岔路口交付热≠行业好！电解槽拉响爆单预警！阅读原文不喜欢9月22日，国家能源局综合司关于下达2026年能源领域行业标准制修订计划及外文版翻译计划的通知。",,,,pending
总投资5.8亿！6.5万吨绿氢+20万吨生物航煤项目获备案,氢能观察,氢能观察,"RIOnews API, 第二增长曲线, 氢, 绿色",normal,2026-09-27T16:30:00+08:00,,9月24日，三北生物能源科技（内蒙古）有限公司生物质生物制造绿氢生物柴油生物航煤生物基材料一体化项目获备案。该项目位于包头市--土默特右旗--沟门镇山格架化工集中区久益项目，北至萨凉路，西至经七路，东至空地，南至空地。项目单位为三北生物能源科技（内蒙古）有限公司，总投资58000万元。建设规模及内容：建设内容：项目总占地6.67万平方米，总建筑面积6万平方米，新建厂房及办公连栋区域1个2万平方米，生产车间4个4万平方米，配套空分装置、锅炉装置、储罐等设施。本项目所指生物质包括木质纤维类生物质（园林绿化废弃物、果实皮壳、建筑有机残渣、有机垃圾、农作物秸秆、果树剪枝、向日葵壳、蓖麻籽壳、牛粪、木材,http://mp.weixin.qq.com/s?__biz=MzAxMTUxNzgyOA==&mid=2247621676&idx=3&sn=52cfa02648ff98db535080e932506807,,9月24日，三北生物能源科技（内蒙古）有限公司生物质生物制造绿氢生物柴油生物航煤生物基材料一体化项目获备案。该项目位于包头市--土默特右旗--沟门镇山格架化工集中区久益项目，北至萨凉路，西至经七路，东至空地，南至空地。项目单位为三北生物能源科技（内蒙古）有限公司，总投资58000万元。建设规模及内容：建设内容：项目总占地6.67万平方米，总建筑面积6万平方米，新建厂房及办公连栋区域1个2万平方米，生产车间4个4万平方米，配套空分装置、锅炉装置、储罐等设施。本项目所指生物质包括木质纤维类生物质（园林绿化废弃物、果实皮壳、建筑有机残渣、有机垃圾、农作物秸秆、果树剪枝、向日葵壳、蓖麻籽壳、牛粪、木材加工剩余物等）、绿色生物质（树叶、杂草、嫩秸秆、紫穗槐果实、皂角果实、火炬果实等）、非粮含油植物果实（蓖麻籽、回收油脂植物果实等）。以这些生物质为原料，建成4条生产线：（1）木质纤维类生物质生产生物质合金复合材料及制品和木素基抗生素制剂及多元生物料浆生产线：采用泥浆化、脱水、研磨、密炼、挤出、成型等工艺，年生产生物质合金复合材料及制品30万吨及木素基抗生素制剂6万吨；采用泥浆化、水磨、复配调碳等工艺，年生产多元生物料浆（以固含量计）30万吨；（2）多元生物料浆生产绿氢和食品级生物碳酸钙生产线：采用高温气化、变换、分离、合成、腐殖质化等工艺，年生产绿氢6.5万吨、食品级生物碳酸钙53.8万吨及新质腐殖酸有机矿物质基质3万吨；（3）绿色生物质生产熟化饲料生产线：采用过热蒸汽浆化等工艺，年生产熟化饲料100万吨；（4）非粮含油植物果实生产生物柴油和生物航煤及发酵蛋白饲料生产线：采用过热蒸汽破壁脱毒、温和条件CO2超临界萃取、酶法酯交换、氢化等工艺，年生产生物航煤20万吨、生物柴油6万吨和发酵蛋白饲料3万吨。项目计划2026年10月开工，2028年10月竣工。来源：氢能观察押注越多，风险越小？从国富氢能看如何穿越行业“阵痛期”生存战！燃料电池企业下场储能，是“进军”还是“退路”？不出海，就出局！中国氢能已进入“国际时间”全球油阀告急！氢能扛起能源战略终极底牌！八年热潮一朝降温，氢能走到“生死”岔路口交付热≠行业好！电解槽拉响爆单预警！不喜欢9月24日，三北生物能源科技（内蒙古）有限公司生物质生物制造绿氢生物柴油生物航煤生物基材料一体化项目获备案。,,,,pending
二次招标仍无中标人！龙源电力绿氢制绿色燃料项目EPC招标,氢能观察,氢能观察,"RIOnews API, 第二增长曲线, 氢, 甲醇, 绿色",normal,2026-09-27T16:30:00+08:00,,9月24日，国能e招发布龙源电力龙源（环县）新能源有限公司西峰分公司生物质气化耦合绿氢制绿色燃料项目EPC公开招标中标结果公告。中标结果：无7月14日，该项目便发布中标结果公告，便无中标候选人。8月4日，该项目二次招标公告。龙源（环县）新能源有限公司西峰分公司生物质气化耦合绿氢制绿色燃料关键技术开发与应用科技项目于2024年4月16日完成集团立项，2024年9月27日取得集团投决批复。项目主要建设1000Nm³/h电解水制氢系统，1吨/小时生物质处理量的纯氧加压气化炉以及2000吨/年产能的绿色甲醇合成装置和60吨/年产能的绿色航煤合成装置，同时配套建设6兆瓦分布式离网光伏系统，作为电解水制氢,http://mp.weixin.qq.com/s?__biz=MzAxMTUxNzgyOA==&mid=2247621676&idx=2&sn=1ba9d8266812966f784dfc23302755ee,,9月24日，国能e招发布龙源电力龙源（环县）新能源有限公司西峰分公司生物质气化耦合绿氢制绿色燃料项目EPC公开招标中标结果公告。中标结果：无7月14日，该项目便发布中标结果公告，便无中标候选人。8月4日，该项目二次招标公告。龙源（环县）新能源有限公司西峰分公司生物质气化耦合绿氢制绿色燃料关键技术开发与应用科技项目于2024年4月16日完成集团立项，2024年9月27日取得集团投决批复。项目主要建设1000Nm³/h电解水制氢系统，1吨/小时生物质处理量的纯氧加压气化炉以及2000吨/年产能的绿色甲醇合成装置和60吨/年产能的绿色航煤合成装置，同时配套建设6兆瓦分布式离网光伏系统，作为电解水制氢系统的电源。点击文末阅读原文，查看二次招标公告。来源：氢能观察押注越多，风险越小？从国富氢能看如何穿越行业“阵痛期”生存战！燃料电池企业下场储能，是“进军”还是“退路”？不出海，就出局！中国氢能已进入“国际时间”全球油阀告急！氢能扛起能源战略终极底牌！八年热潮一朝降温，氢能走到“生死”岔路口交付热≠行业好！电解槽拉响爆单预警！阅读原文不喜欢9月24日，国能e招发布龙源电力龙源（环县）新能源有限公司西峰分公司生物质气化耦合绿氢制绿色燃料项目EPC公开,,,,pending
张雪机车团队多人在意大利被盗,财联社,财联社,21C API,normal,2026-09-27T16:25:34+08:00,,据看看新闻，张雪机车团队近日在意大利遭遇盗窃事件。团队于9月下旬前往意大利米兰看比赛。有团队成员发视频称，乘坐的大巴车遭盗匪光顾，多名人员被偷，丢失物品包括背包、衣服、运动相机、现金、充电宝等。团队已报警处理。9月24日晚，张雪兑现承诺，包专机带着团队将近200人飞往意大利，观看9月25-27日举行的世界超级摩托车锦标赛意大利分站赛，为车手德比斯和车队争夺年度积分加油助威。这次出行，张雪还带上了儿子张擎天。5个月前张雪曾承诺：如果车队成绩好，就包机带团队去现场观赛。,http://mp.weixin.qq.com/s?__biz=Mzg5MzEyNzEwNQ==&mid=2247854944&idx=1&sn=7640759d1217b2aac8950d616cbf491a,,据看看新闻，张雪机车团队近日在意大利遭遇盗窃事件。团队于9月下旬前往意大利米兰看比赛。有团队成员发视频称，乘坐的大巴车遭盗匪光顾，多名人员被偷，丢失物品包括背包、衣服、运动相机、现金、充电宝等。团队已报警处理。9月24日晚，张雪兑现承诺，包专机带着团队将近200人飞往意大利，观看9月25-27日举行的世界超级摩托车锦标赛意大利分站赛，为车手德比斯和车队争夺年度积分加油助威。这次出行，张雪还带上了儿子张擎天。5个月前张雪曾承诺：如果车队成绩好，就包机带团队去现场观赛。,,,,pending
2026 NAND市场大变局：AI需求爆发，SLC/MLC短缺，TLC/QLC全面涨价！,芯联汇,芯联汇,"21C API, 出货, 出货量, 产能, 扩产, 新增产能, 放缓, 发布, 推出",normal,2026-09-27T16:24:24+08:00,,AI需求爆发 × Legacy产能退出，NAND供需格局正在重构SLC/MLC涨近50%，TLC/QLC、eMMC、UFS全面涨价最近看存储市场，我越来越明显地感觉到，NAND正在进入一轮明显的价格上周期。过去我们谈NAND市场复苏，更多关注手机、PC补库存，但这一次背后的驱动力正在发生变化——AI服务器和数据中心正在成为新的需求支柱，而SLC、MLC等传统NAND又因为主要厂商持续退出旧制程，出现了明显的结构性供应紧张。Omdia数据显示，SLC、MLC部分产品价格单月涨幅已接近50%，TLC、QLC价格也在持续上涨。更值得关注的是，这轮价格变化正在从NAND颗粒向eMMC、UFS、eMCP,http://mp.weixin.qq.com/s?__biz=MzkwMTYxMzY2MA==&mid=2247514038&idx=1&sn=d710a130155a5a4491b5048cdbc4b727,,"AI需求爆发 × Legacy产能退出，NAND供需格局正在重构SLC/MLC涨近50%，TLC/QLC、eMMC、UFS全面涨价最近看存储市场，我越来越明显地感觉到，NAND正在进入一轮明显的价格上周期。过去我们谈NAND市场复苏，更多关注手机、PC补库存，但这一次背后的驱动力正在发生变化——AI服务器和数据中心正在成为新的需求支柱，而SLC、MLC等传统NAND又因为主要厂商持续退出旧制程，出现了明显的结构性供应紧张。Omdia数据显示，SLC、MLC部分产品价格单月涨幅已接近50%，TLC、QLC价格也在持续上涨。更值得关注的是，这轮价格变化正在从NAND颗粒向eMMC、UFS、eMCP、uMCP等产品全面传导。那么，这轮NAND价格上涨背后的原因是什么？AI需求与Legacy NAND供应收缩又将如何改变NAND市场的供需结构？今天小编就结合Omdia这份报告，一起拆解2026—2027年NAND市场背后的供需变化与价格趋势。 一、这份材料真正想说明什么？NAND已经从此前的市场低迷阶段逐渐进入“价格上涨 + AI需求增长 + 消费市场承压”的新阶段。2026年NAND市场的一个突出特点，就是不同产品之间开始出现明显分化：SLC/MLC等Legacy NAND受到旧制程产能退出影响，供应趋紧、价格上涨幅度更大；TLC/QLC则更多受到AI、数据中心和高容量存储需求增长影响。按照Omdia预测，到2027年上半年，随着新增供应逐步释放，NAND价格上涨速度可能逐渐放缓，部分产品价格开始出现调整。二、NAND进入明显涨价周期，2026年市场规模快速扩大Omdia对当前NAND市场的判断比较明确：供需关系明显趋紧，价格快速上涨，并推动整个NAND产业收入增长。报告数据显示，NAND产业收入预计从2026年Q1的444.47亿美元，增长至Q2的695.26亿美元、Q3的870亿美元，到Q4进一步达到990.34亿美元；2027年Q1预计达到1025.45亿美元。也就是说，从2026年Q1到2027年Q1，仅一年时间，季度收入规模预计增长至原来的约2.3倍。 更重要的是，这一轮市场规模增长并不是单纯依靠出货量。同期1GB Equivalent Unit Shipment预计从270,350百万GB增长至332,866百万GB，增幅相对温和；相比之下，ASP/GB的变化更加明显——从2026年Q1的0.164美元/GB，预计上涨至2027年Q1的0.308美元/GB。因此，这一阶段NAND市场可以概括为出货量恢复 + ASP明显上涨 + 产品需求结构变化。三、AI和数据中心成为NAND需求的新支柱这一轮NAND市场变化与过去一个明显不同之处，就是AI正在改变NAND的需求结构。2026年Q1消费市场表现好于预期：智能手机出货量同比增长约1%，PC同比增长约3%。但Omdia认为，其中一部分需求来自厂商为了应对未来零部件成本上涨而进行的提前采购。随着Memory和Storage价格上涨逐渐传导至整机BOM成本，Omdia预计从2026年Q2开始，智能手机和PC出货量可能出现下降。与此同时，AI和数据中心相关需求仍然保持较强增长。报告引用TSMC相关市场信息指出，AI需求仍然非常强劲。Omdia据此认为，AI与数据中心相关NAND需求能够在一定程度上抵消消费敏感型市场的疲软，而高端智能手机市场预计也将表现出相对更强的韧性。这意味着NAND的需求结构正在从过去主要依赖PC + 手机 + 消费电子逐渐扩展为AI服务器 + 数据中心 + 企业级存储 + 高端手机 + 消费电子。四、SLC、MLC正在出现明显的Legacy NAND供应紧张这份报告一个非常值得关注的地方，就是Legacy NAND的供需变化。当前价格上涨幅度最大的并不是主流TLC和QLC，而是SLC + MLC。Omdia指出，2026年Q2 NAND价格仍在上涨，只是整体上涨速度已经开始有所放缓。由于主要NAND厂商持续退出Legacy Node，低密度产品的供应明显收紧。其中SLC和MLC价格环比涨幅接近50%。相比之下，TLC和QLC等主流产品的涨幅主要在高十几到20%左右。价格数据进一步体现了这种变化。例如64Gb MLC：2026 Q1：$7.96 → Q2：$15.33 → Q3：$17.60 → Q4：$18.65256Gb MLC：$18.20 → $35.82 → $41.13 → $43.60与此同时，1Tb TLC预计从Q1的$21.70上涨至Q4的$44.02。因此，这一轮NAND价格变化实际上存在两种不同的驱动逻辑：SLC/MLC：主要受到旧制程产能退出、供应减少影响。TLC/QLC：更多受到AI、数据中心以及高容量存储需求增长影响。五、Legacy NAND开始增加供应，但新增产能释放仍需要时间价格上涨和供应紧张正在促使部分厂商重新增加Legacy NAND供应。由于主要NAND厂商持续淘汰旧制程，Tier 2 NAND供应商正在准备增加Legacy Node产能，以填补SLC、MLC等产品的供应缺口。不过Omdia同时指出，这些新增产能从建设到Ramp-up仍然需要一定时间。因此短期来看，即使部分厂商开始增加产能，也很难立即改变Legacy NAND当前的供需状态。与此同时，高密度NAND也在扩产。报告提到，一家中国大型供应商正在规划更多Fab，而Solidigm也计划推出更高密度NAND Flash并扩大生产，以满足不断增长的AI相关存储需求。因此，NAND行业实际上正在出现两条不同的产能扩张路线：一条是增加Legacy NAND供应，缓解SLC/MLC供给不足；另一条是扩大高密度NAND生产，满足AI和数据中心的大容量存储需求。六、价格上涨从NAND Die向eMMC、UFS、eMCP、uMCP传导报告后半部分显示，NAND价格上涨已经不仅局限于Flash Die，而是在向整个嵌入式存储产品链传导。例如Omdia预测：32GB eMMC：$20.33 → $34.56 → $44.92 → $51.6664GB eMMC：$23.03 → $39.16 → $50.90 → $58.54从2026年Q1到Q4，多种规格的eMMC价格都出现明显上涨。UFS也呈现类似趋势。256GB UFS预计从2026年Q1的$56上涨至Q4的$116.96；512GB从$76上涨至$117.99；1TB则从$123.33上涨至$160.84。eMCP和uMCP同样出现明显价格变化。例如256GB+96Gb uMCP预计从2026年Q1的$137.75上涨至Q4的$228.02。 因此，可以看到一条比较清晰的成本传导链 NAND → eMMC/UFS → eMCP/uMCP → 手机/IoT/消费电子BOM，这也是Omdia预计PC和智能手机市场从Q2以后面临更大成本压力的重要原因之一。七、2027年上半年NAND价格上涨速度预计逐渐放缓Omdia并没有认为NAND价格会持续快速上涨。从报告预测来看，2026年属于价格快速上涨阶段，而进入2027年之后，价格上涨速度逐渐放缓，并在Q2出现一定幅度的调整。ASP/GB预计变化为 2026 Q1：$0.164 → Q2：$0.249 → Q3：$0.285 → Q4：$0.305 → 2027 Q1：$0.308，到2027年Q2，预计下降至$0.290/GB，环比下降6%。同期NAND行业收入预计从2027年Q1的1025.45亿美元调整至Q2的986.18亿美元，环比下降3.8%。 因此，按照Omdia目前的预测，NAND市场大致呈现 2025年市场低位 → 2026年供需关系收紧 → 2026年价格明显上涨 → 2027年Q1价格趋于稳定 → 2027年Q2出现一定调整。不同产品的变化节奏也可能有所区别：SLC/MLC主要受到Legacy产能退出与新增供应节奏影响；TLC/QLC则更多与AI、数据中心需求以及高密度NAND供应变化相关。小编总结综合Omdia这份报告来看，2026—2027年的NAND市场正在经历一次明显的供需结构调整。一方面，AI服务器和数据中心正在成为NAND新的需求增长来源，高容量TLC、QLC需求随之增长；另一方面，主要厂商持续退出Legacy Node，又让SLC、MLC等传统NAND出现供应紧张。因此，这轮市场变化并不是所有NAND产品按照相同逻辑同步上涨，而是形成了两条非常清晰的主线：AI与数据中心需求增长 → 推动高容量NAND需求；Legacy产能退出 → SLC/MLC供应收紧。与此同时，价格上涨已经进一步向eMMC、UFS、eMCP、uMCP以及下游终端BOM成本传导。随着新增产能逐渐释放，Omdia预计进入2027年后，NAND市场价格上涨速度将逐步放缓，供需关系也可能再次发生变化。END:原始报告我放在知识星球了，我们在星球中每日会更新半导体行业信息，技术拆解报告，市场分析报告，欢迎大家的加入~资料整理耗时耗力，专为学习与深度交流而备。若您希望获取报告原件，或有额外资源等需求，欢迎私信联系！除公众号发布的资料外，我们的知识星球——「芯联汇」还有更丰富和富有价值的资源，包括：最新的技术与市场深度分析报告全球半导体龙头企业产品路线图顶尖科研院所和高校的研究成果和讲义教程半导体各细分领域的趋势判断行业峰会演讲精华与专家访谈实录欢迎扫码加入，与更多行业同行交流，开启您的半导体知识进阶之旅！ 关注芯联汇，掌握""芯""讯息 不喜欢2026 NAND市场大变局：AI需求爆发，SLC/MLC短缺，TLC/QLC全面涨价！",,,,pending
OpenAI：已暂停！,科技日报,科技日报,"21C API, 发布",normal,2026-09-27T16:21:14+08:00,,记者当地时间9月26日获悉，美国开放人工智能研究中心（OpenAI）表示，已暂停其最新一代人工智能模型的训练、评估及包含工具调用的推理。OpenAI在25日发布的一份技术报告中称，9月20日，一个在沙盒中执行搜索训练任务的智能体，利用训练沙盒中DNS过滤不足的漏洞，绕过网络限制，通过DNS访问了外部公共聊天机器人服务。在此之前，该智能体曾使用内置搜索工具，并尝试直接访问搜索引擎但未成功。报告指出，OpenAI的对齐监控系统在事件发生15分钟内即触发警报，人工审查团队在3分钟后介入，并在2.5小时后终止了该训练任务。针对漏洞，OpenAI已在两个独立防护层部署了拦截控制措施。公司表示，虽然本次事,http://mp.weixin.qq.com/s?__biz=MzI3NDI5MjI4OQ==&mid=2247899787&idx=1&sn=7f5638c2b1d6fef2517983611c4e0662,,记者当地时间9月26日获悉，美国开放人工智能研究中心（OpenAI）表示，已暂停其最新一代人工智能模型的训练、评估及包含工具调用的推理。OpenAI在25日发布的一份技术报告中称，9月20日，一个在沙盒中执行搜索训练任务的智能体，利用训练沙盒中DNS过滤不足的漏洞，绕过网络限制，通过DNS访问了外部公共聊天机器人服务。在此之前，该智能体曾使用内置搜索工具，并尝试直接访问搜索引擎但未成功。报告指出，OpenAI的对齐监控系统在事件发生15分钟内即触发警报，人工审查团队在3分钟后介入，并在2.5小时后终止了该训练任务。针对漏洞，OpenAI已在两个独立防护层部署了拦截控制措施。公司表示，虽然本次事件严重程度低于此前的安全事故，但为下一阶段加固防线提供了重要信号。这是OpenAI三个月内第二次暂停模型开发。7月下旬，OpenAI承认，其网络安全训练与评估场景中的人工智能体绕过网络限制，侵入美国“抱抱脸”公司的部分系统。智能体突破了原本互相隔离的运行环境建立通信、欺骗评估人员并试图掩盖作弊行为，上述每一步操作均无人类指令干预。这一“越界”行为引发了外界对人工智能安全和监管的广泛担忧。来源：央视新闻客户端编辑：王曼茜审核：张爽,,,,pending
胜率从1%到夺冠，AI到底是怎么站中间算两边的？,中科院物理所,中科院物理所,"21C API, 入围, 发布, 实验室",normal,2026-09-27T16:20:36+08:00,,把接近1%的实时胜率，直接下成冠军。两个月前的7月30日，第六届中国王中王围棋争霸赛决赛片段，围棋九段柯洁执黑，对阵九段党毅飞，直播分析界面里的黑棋胜率一路下坠，最低处接近1%。胜率变化就在此时，柯洁落下关键棋，做活下方大块。分析界面接连计算，后台显示的黑棋胜率一路抬升到90%以上。“柯洁开局不利，柯洁昏招频出，柯洁颓势尽显，柯洁败局已定，柯洁发布获奖感言！”小编作为业余中的业余围棋爱好者，在惊叹突变的胜率之余，又有一些疑惑，怎么感觉实时的胜率对这场比赛有点“后知后觉”？不免好奇，这个胜率究竟是怎么算出来的？一、棋盘小知识围棋棋子落在交叉点上。一个棋子上下左右相邻的空点叫作“气”，斜对角不算。,http://mp.weixin.qq.com/s?__biz=MzAwNTA5NTYxOA==&mid=2651594233&idx=1&sn=a1bba2423c3bd03580e1b1a678d57ca9,,"把接近1%的实时胜率，直接下成冠军。两个月前的7月30日，第六届中国王中王围棋争霸赛决赛片段，围棋九段柯洁执黑，对阵九段党毅飞，直播分析界面里的黑棋胜率一路下坠，最低处接近1%。胜率变化就在此时，柯洁落下关键棋，做活下方大块。分析界面接连计算，后台显示的黑棋胜率一路抬升到90%以上。“柯洁开局不利，柯洁昏招频出，柯洁颓势尽显，柯洁败局已定，柯洁发布获奖感言！”小编作为业余中的业余围棋爱好者，在惊叹突变的胜率之余，又有一些疑惑，怎么感觉实时的胜率对这场比赛有点“后知后觉”？不免好奇，这个胜率究竟是怎么算出来的？一、棋盘小知识围棋棋子落在交叉点上。一个棋子上下左右相邻的空点叫作“气”，斜对角不算。相连的同色棋子会组成一块棋，共享周围的气。如果一块棋最后一口气消失，整块棋就会被提走。棋子活下来以后，才有资格围出自己的土地。把白棋的气都堵上之后，白棋被提走。图源于网络围棋的“围”，即黑棋围住的空点归黑方，白棋围住的空点归白方。已经确定死亡的棋子需要从盘面移除。围棋术语劫争，也是围棋中一个重要的内容，就是禁止同一个地方无限来回“你吃我，我吃你”。把局部冲突促进升级成向其它地方扩展的全盘较量。围棋规则判断输赢有“数子法”和“数目法”两种。我国传统围棋规则，采用数子法，就是只数棋盘中任意一方的“子+空“，”如果白子数+3.75>棋盘总交叉点数的一半”则白棋获胜，或者“黑子数-3.75>棋盘总交叉点数的一半”则黑棋胜。9路围棋就是9*9的一半也就是40.5；19路围棋则是19*19的一半，是180.5。这个方法有一个前提就是要进行收官，不明确的边界要下到明确为止，并且死子需要提出棋盘，不能留在棋盘里。上图，已经把死子提出，双方已经确认所有盘上棋均为活棋，两个公共点双方也允许存在，开始数子。除去整个棋盘中还有两个没有被一方完全围住的点，白子所围空有8个，黑棋有2个空。白方子数 = 38枚活子数+8空数+1公共空位 = 47，白子数47+3.75=50.75，大于叉点半数的40.5，白棋获胜。日韩规则多采用数目法，即“所围空点数+提对方棋子数”，而且黑白双方都要数出，当白子目数+7.5>黑子目数时，白棋赢，反之黑赢。我国正式比赛规则中黑贴3又3/4子，常被换算为7.5目。具体比赛数目法的贴目，由具体赛事规则决定。如图所示，假设白方提了1个黑子，则白子目数为5+1=6目，黑子目数为15目，15 -（6+7.5）=1.5目，黑棋胜1.5目。还有很多具体的详细补充规则，感兴趣可以边尝试边了解，这是非常有趣的。一个棋子落下对局面影响（仅作演示，非专业教学）一颗棋落下后的价值，会沿着连接、切断和死活向整片棋盘扩散。一颗棋可能把两块黑棋连成整体，也可能封住白棋的逃生通道。局部增加的一个棋子，未来归属发生变化的领域能铺开一大片。二、一棵烧算力的“树”屏幕上的90%胜率，就是把当前棋局，给到蒙特卡罗搜索树之后，这棵“树”对这盘棋进行的一个估值。 它的完整含义带着一长串条件。不同的人对同一局棋，有着不同的获胜概率计算胜率是什么？简单来说，就是AI在当前规则、贴目、模型版本和算力下，做出“接下来两方都尽量下好”这件事的一种结果的概率预测。更换引擎、思考时间或规则，同一局面其实可能出现不一样的胜率计算曲线。不同围棋程序之间锦标赛的结果如果是极致的“不按章法”，AI所预测的结果更容易来回跳变，可以说，越混乱的局面，越容易制造出胜率计算的突变。蒙特卡罗，这是一个数学家为了知道玩纸牌的胜率，而想到的“偷懒”方法。如果用公式硬算赢牌概率，因为推导过程极其繁琐，很让人头大，那不如就直接模拟玩上一百次，看看赢了几次，把这个概率认作是赢牌的概率。假设进行10000次模拟，胜9200次，输800次，那么在这个蒙特卡罗入门模型下，胜率为这种“力大砖飞”的方法大大缩短了计算的成本，也不头大了，但就是每次计算都要从零开始，也不能自动识别哪里需要算力，还有点傻瓜的，这也很让人抓狂。而蒙特卡罗搜索树（MCTS）则弥补了这一缺点。《棋魂》“你是我的眼”搜索树的结构和记忆能力，让蒙特卡罗这估值的方法加上了“眼睛”，显得聪明很多了。MCTS保存每条计算的结果，再根据随机模拟不断更新这些数值，把有限的算力导向了最有希望的那个分支后，最后以访问最多的那个分支情况作为输出结果。就好比给公园草地修路，我不知道怎么修最好，那我就先让许许多多的人先在草坪上走，在地上留下足迹，足迹最多的那条，我就把它认作是最理想的那一条路。世界上本没有路，走的人多了，也就成了路现代围棋AI更多依靠价值网络与搜索结果共同估值，直播界面的90%通常不是简单数出9000多盘胜棋得到的。它特别适合用来处理高复杂度的状态空间问题，就比如围棋。三、“胜率”怎么从“树”上长出来？胜率会持续观察每步棋。任务一，就是把棋盘翻译成多层数据。黑子在哪里，白子在哪里，轮到谁走，最近的落子发生在哪些位置，这些会变成神经网络可以读取的输入信息。设当前棋局为s，规则设置为R，贴目为K，π为AI假设双方接下来采用的下棋策略，B为搜索次数、时间和算力等，这些都可以变成可读信息。那么根据我们二年级学过的概率知识，黑棋的胜率就是目标就是找到“在当前棋局s的情况下，黑棋的胜率PB”就等于“黑棋最终获胜的情况”占“当前棋局按照规则、贴目和双方策略，所搜索出来的未来获胜总情况”的概率。任务二，就是从数百个潜在落点里搜索方向。现代围棋AI面对上百个合法落点，穷举搜索是不可能的。策略网络，以棋盘局面s作为输入，将其通过许多带有参数σ(SL策略网络)或ρ(RL策略网络)的卷积层，并输出合法着法a上的概率分布，给出“最优”着棋点。于是策略网络会为每个合法落点“打分”，再经过Softmax归一化，形成落点的先验概率，把某一个候选落点记作a，价值网络给这个点进行打分的原始分数为la，当前所有合法落点集合为A，那么这个点“值得落棋的概率”为假如我把棋下到当前棋盘的某个点上，而且这步棋还不错的概率，等于AI给这点打分结果占全部合法点总分结果的比例。这个数值来源会受神经网络训练过程的不同而不同。τ是一个用来控制搜索需要集中还是发散的一个参数，效果类似于温度参数，温度越高，AI越愿意分散尝试不同落点。反之，概率越集中在得分最高的少数着法上。搜索树演示图，此图为二叉树进行演示，实际可能会更加复杂任务三，开始算力分配。 树上的每条枝杈具有三个核心特征。策略网络给出的初始优先级记作P，这条路被搜索的次数记作N，搜索结果回传后的平均胜负价值记作Q。这是算法最最核心的公式，∑bN表示整个大树干总共的搜索次数，cpuct是用来控制相信现在的结论还是继续尝试冷门路径的一个开关。医院体检这个式子描述了一个什么画面呢，比如来医院做体检，把体检结果给医生看看。Q是已经检查出的结果，医生说Q高，好的，那就是说这个体检结果比较全面。P像是初诊，如果医生说P高了，那就是说明单项体检值得做一个。N是检查项目数，如果说N有点小，那就是要求做个全身体检结果就测了个视力，赶紧去把剩下的都检查完了再说。价值网络，使用许多带有参数的卷积层，（左图从下到上）输出一个标量值v*，用于判断预测落棋，对局面s'的期望价值价值网络从整体上判断当前局面更有利于哪一方。这个式子很智能的一点还在于，MCTS不会拘泥在当前棋局胜率最高的地方，还会给一些“怪路”留着选择的可能。第四项，选择、展开、估值、回传会循环成千上万次。“热门”的分支越挖越深，低优先级分支可能很早失去算力。选择、展开结果、估值、结果回传不断进行现代神经网络MCTS不一定把每次搜索都算到终局，其程度也受到模型训练的影响。用常规蒙特卡洛算法模拟，把算法深挖后所计算的各种情况进行数值统计，去计算其中能够获胜的情况占比，来作为胜率的数值结果。n是总模拟次数，nB是黑棋获胜的模拟次数，nD就是和棋的次数。MCTS会把各分支的访问次数与价值都汇总起来，来判断当前局面“价值”v，并换算成胜率。可以看出，如果模拟情况价值较高，那么相对的胜率也就较高。如果价值网络算出v=0.84忽略掉和棋情况，换算成当前一方的胜率就是细心的人还会发现，为什么空棋盘上会有35%左右的胜率，这其实是对规则判决的计算。黑棋先走，白棋获得贴目补偿。常见职业规则中的补偿相当于7.5目左右，AI对贴目情况的局面计算结果约为35%。罕见好棋最危险的处境，就是在搜索树里分不到足够算力。策略网络给出的初始优先级偏低，搜索预算又被更常见的变化吸走，一条很深、很怪、还牵涉劫争的路线就可能停留在树的边缘。有意思的来了，当柯洁把其中一条“低价值”路线直接落在棋盘上，新的搜索预算开始沿现有局面重新分配计算出新的，几乎完全不同的情况。第183手（黑）184手（白）185手（黑）前后变化黑183手向白棋提出战术难题，白184漏掉了右下中腹的致命断点，白棋答错183手地问题，黑185一断形成“一手同时打三处”的战术，局面从细微优劣变成明确的实质利益，是真正的胜负手。这需要双方均具备非常高超的水平，才能打出这一局面。白方实际落下第184手后，棋局变成AI重新从新局面计算变成了此前藏在边缘的小价值着法，被更密集的访问迅速放大。这也是为什么“实时”胜率在“蠢蠢欲动”之后歘的一下才窜上去。四、Bug围棋AI虽然能横扫职业棋手，但也会掉进一圈“怪棋”里把整块大龙（一块由许多同色棋子连成一体、绵延很长、且生死未定的棋串）送掉。围棋AI研究中出现过一种著名的“循环攻击”。柯洁曾经在视频中演示了类似思路，用一串看起来笨拙甚至送子的招法诱导AI犯错。装“傻”阴AI一手攻击者可以利用这个Bug故意诱导AI形成巨大的环形棋块，这个棋块看上去包住了对手，内部结构却隐藏着致命弱点。AI持续给它较高估值，于是转去其他区域抢地，攻击者随后收紧包围，整块大棋被一口吞掉。即使在AI使用远超超人水平所需的搜索量时也能击败它玩家熟悉的“调虎离山”，其实就是让AI在算法内部表现为不断累积的估值误差。程序运行稳定，落子也完全合法，被临时“价值”所蒙蔽了双眼的AI，却“自信”地在这个假的方向上越跑越远。人是喜欢找游戏bug的，自从AI开始进入围棋的领域后，很多人包括研究人员或者职业棋手均尝试找出AI对抗策略的漏洞，来利用这类弱点击败远强于人类的围棋系统。五、其它品种的“树”棋牌棋牌，虽然说同样都有着可计算的“胜率”，但这个数字得出的路径也不尽相同。象棋和围棋类似，属于是把棋子全部公开，我能看到全部的棋盘信息，对手也可以的类型，这种棋类胜率计算主要困难来自未来分支。这样的棋盘，越透明，算法越专注于向前搜索。传统象棋引擎常用极大极小搜索与Alpha-Beta剪枝，现代研究系统也会结合神经网络和蒙特卡洛树搜索。此外JiangJun还把MCTS与策略空间响应机制结合，用来处理不同策略互相克制的现象。象棋博弈训练除了象棋，还有麻将。麻将和上面说的最核心的不同，是它只向算法展示着部分信息，而非全部。其他玩家的手牌藏着，摸牌带着随机性，四个人还会改变彼此的风险。这应该是AI互相博弈麻将（doge）Suphx给麻将类型的AI学习方向，用的是全局长期回报预测等长期机制，也就是有点类似于“走一步，看一步”的策略（天胡当我没说）。一手牌可以提高胡牌机会，也可能放大放铳风险。麻将这种“暗”牌越多，算法便一边补全信息，再一边给行动可行度高的行动。和麻将又有所不同的是，斗地主则又多了一层合作。地主独自作战，两名农民共享胜负。DouZero在大量完整牌局中学习动作价值，一名农民主动让出牌权，也可能是在给队友铺路。它采用深度蒙特卡洛学习，与围棋的树搜索属于两套具体做法。这副生成候选、评估后果、扩展可能的算法骨架，其实已经悄然走出了游戏。六、价值百亿的“树”这个用来寻找围棋胜路的搜索骨架，化学家也开始用它寻找着合成路线了。以往，给化学家一个目标分子，他会从成品向原料倒推，其路径可能成千上万，在某根化学键上这“切一刀”看看，那“切一刀”试试，把目标拆成更简单的前体之后，再继续拆解，直到路线抵达可以买到或容易制备的起始原料。逆合成图示这套方法叫作逆合成分析，一整条合成路线就像是一棵倒着生长的枝条，一个靠谱的路径可能会需要对成千上万的枝杈的推导，只靠手搓着往回推，还是太顶了。一个在2018年发表在《Nature》上的研究，把这个算法从棋盘也是“种”到了实验室，研究团队把三类神经网络与蒙特卡洛树搜索装进了同一套规划系统，分工合作。扩展策略网络负责推荐更有希望的逆合成转换，快速策略网络帮助搜索向下探索，反应可行性网络负责过滤掉看起来不是很成立的步骤。药物研发算法简化版工作流程棋盘上的候选落点，跟每一次断键类似。这套算法系统通向可获得原料、步骤更合理的路线，会得到更多搜索资源。当然，AI药物发现不止于所说的这套算法。研究报告显示，这套系统解决的分子数量接近传统方法的2倍，速度达到约30倍，不仅如此，在双盲测试中，化学家对机器路线和文献路线给出了平均相当的评价。两家机构的2025年估值与2033至2034年预测Grand View Research估算，全球AI药物发现市场在2025年约为23亿美元，2033年可能达到138亿美元。IMARC给出的整个AI药物发现产业，预测2034年的规模将达到145亿美元。回看这一手棋，神的地方在于它掀翻了大多数人包括AI最关注的局面，再确凿地宣布了获胜。“力拔山兮”——掀翻棋盘，直接获胜。注：本文仅作围棋知识科普与棋局分析参考，不构成专业指导。文中胜率、目数及局势判断等均可能受AI模型、计算参数和规则差异影响，请以实际棋局及专业分析为准。主要参考资料luckyJerry26｜柯洁传世名局：四星烬！三星凯隐和四星烬，连续两局三星五费老二，破大防中国体育报｜柯洁再度问鼎王中王争霸赛｜2026年7月31日柯洁｜王中王夺冠自战解说｜2026年8月24日David Silver等｜Mastering the game of Go with deep neural networks and tree search｜2016年1月27日Tony Tong Wang等｜Adversarial Policies Beat Superhuman Go AIs｜2023年7月23—29日Yang Li等｜JiangJun: Mastering Xiangqi by Tackling Non-Transitivity in Two-Player Zero-Sum Games｜2023年8月9日Junjie Li等｜Suphx: Mastering Mahjong with Deep Reinforcement Learning｜2020年4月Daochen Zha等｜DouZero: Mastering DouDizhu with Self-Play Deep Reinforcement Learning｜2021年7月18—24日Marwin H. S. Segler、Mike Preuss、Mark P. Waller｜Planning chemical syntheses with deep neural networks and symbolic AI｜2018年3月28日美国食品药品监督管理局（FDA）｜Artificial Intelligence for Drug DevelopmentGrand View Research｜Artificial Intelligence In Drug Discovery Market Report, 2033｜2026年1月IMARC Group｜AI in Drug Discovery Market Size & Share Report, 2034｜2026年编辑：亦山&丁香叶子近期热门文章Top10↓ 点击标题即可查看 ↓1. 15分钟一局的王者荣耀，成了数学博士生的避难所。2. 你每天都在吃，它们居然是国家保护植物？！3. 做磁共振检查，忘了摘“999足金”的金镯子，万万没想到……4. 耗资3000万美元的救援任务彻底失败，雨燕天文台正在坠向地球5. 北方的暖气片，在夏天为什么不能灌冷水变“冷气”？6. 一滴雨水，电压竟能超过1000伏？它甚至可能把金属“电坏”7. 体长11600光年，碳总量是全人类的6倍，这类隐秘的生物用了四亿多年，生长成了自然界的地基8. 要吃到树莓里的这种糖，地球可能得先挨顿揍？9. “中国人能飞”！人要多长的翅膀才能飞？要怎么飞？10. 俗话说，“响屁不臭，臭屁不响”，有科学道理吗？ | No. 526 点此查看以往全部热门文章 不喜欢把接近1%的实时胜率，直接下成冠军。两个月前的7月30日，第六届中国王中王围棋争霸赛决赛片段，围棋九段柯洁执黑，对阵九段党毅飞，直播分析界面里的黑棋胜率一路下坠，最低处接近1%。",,,,pending
蜘蛛侠荡过大厦的那根线，蜘蛛到底怎么造出来的？,中科院物理所,中科院物理所,"21C API, 产能, 推出, 实验室",normal,2026-09-27T16:20:36+08:00,,以下文章来源于biokiwi，作者bio kiwibiokiwi.用生命科学的角度看世界！纽约的高楼之间，Peter Parker 从楼顶纵身跃下，右手一扬，一根细细的丝线射向对面的玻璃幕墙。等他下坠到最低点，蛛丝猛地绷紧，又把他像钟摆一样甩向下一栋楼。这个画面几乎是所有蜘蛛侠电影的标配：蛛丝没有断，肩膀没有脱臼，人在半空中划出一道完美的弧线。电影宇宙里，Peter 被蜘蛛咬了一口，也就顺便拥有了喷射蛛丝的能力。但如果把这根丝放回真实的生命科学里，它可能恰好是整个故事中最难解释、也最让人着迷的部分。因为它不只是挑战了我们对“材料到底能有多强”的直觉，它背后还有一套蜘蛛在常温常压下完成的精密加工,http://mp.weixin.qq.com/s?__biz=MzAwNTA5NTYxOA==&mid=2651594233&idx=3&sn=e0c7faa770f1e825e16aa75e06e08bc6,,"以下文章来源于biokiwi，作者bio kiwibiokiwi.用生命科学的角度看世界！纽约的高楼之间，Peter Parker 从楼顶纵身跃下，右手一扬，一根细细的丝线射向对面的玻璃幕墙。等他下坠到最低点，蛛丝猛地绷紧，又把他像钟摆一样甩向下一栋楼。这个画面几乎是所有蜘蛛侠电影的标配：蛛丝没有断，肩膀没有脱臼，人在半空中划出一道完美的弧线。电影宇宙里，Peter 被蜘蛛咬了一口，也就顺便拥有了喷射蛛丝的能力。但如果把这根丝放回真实的生命科学里，它可能恰好是整个故事中最难解释、也最让人着迷的部分。因为它不只是挑战了我们对“材料到底能有多强”的直觉，它背后还有一套蜘蛛在常温常压下完成的精密加工过程，以及人类花了上百年时间，想要复制这套过程的历史。一根丝，首先是一整个工厂大多数人印象中的蜘蛛丝，就是蜘蛛吊在墙角时屁股上垂下来的那根""安全绳""。但把一只蜘蛛解剖来看，会发现蛛丝远不是一种材料，而是一整个产品家族。同一只蜘蛛身上，不同丝腺会分泌不同配方的蛛丝。结网需要既稳定承重、又有韧性的""拖曳丝""和""网架丝""；捕捉飞虫的捕获螺旋核心，要像生物弹簧一样极高延展，让撞上来的虫子不被弹飞；包裹猎物有适合反复缠绕的""包裹丝""；固定网结构的附着盘丝，更像铆钉和胶水的组合。这些丝的成分都是蛛丝蛋白，但氨基酸序列的排列方式不同，最终的力学性格也截然不同。其中真正让材料学家眼红的，是性能最强的拖曳丝。它的秘密不只在蛋白质本身，也藏在蜘蛛怎样把这些蛋白质从液体变成固体的整个过程里。在蜘蛛体内，蛛丝蛋白以高浓度水溶液的形式储存。浓度可以达到百分之三四十，甚至更高，但它们却不会提前在腺体里凝成乱糟糟的一团。纺丝液被推出体内时，要经过一条越来越窄的纺丝管。这里会发生一连串化学变化：pH 从中性附近降到偏酸性，钠离子和氯离子减少，钾离子和磷酸根离子比例改变，水分被逐渐抽走，蛋白链同时受到剪切和拉伸。于是，原本松散柔软的蛋白链沿着纤维方向排列起来。其中富含丙氨酸的片段折叠成紧密的 β-折叠纳米晶区，像材料里嵌进去的""硬结点""；而富含甘氨酸的片段则保持柔软无序，形成允许拉伸和回缩的非晶区。所以，蜘蛛并不是把一滴液体挤出来，再挂在那里慢慢晾干。它是在体温下，直接从一份蛋白质水溶液里“纺”出了一根纳米复合材料纤维。没有高温，没有高压，也不需要有毒溶剂。人类生产高性能纤维，往往需要耗能、排放和精密控温；蜘蛛只需要先消化几只苍蝇。它到底有多强？判断一根纤维好不好，最忌只用一个词。""硬""不等于""强""，""强""也不等于""韧""，这几个词其实说的并不是一回事。钢丝的抗拉强度很高，不容易拉断，但它几乎没有延展，一拉就崩。橡皮筋弹性极好，但强度很低，轻轻一拽就断。大多数材料只能在这两者之间二选一。拖曳丝罕见的地方，在于它同时做到了又强又韧。蛛网蛛丝的断裂强度约 1 GPa——这个量级和钢相当；断裂应变约 30%，可以拉长接近三分之一才断；韧性约 130 MJ/m³，超过防弹衣材料凯夫拉。强度高、延展好、吸能能力强，这三个指标在一般材料里几乎互斥，蜘蛛丝却把它们整合进了一根丝里。另外蜘蛛丝还有一个经常被忽略的优势：轻。同样承重需求下，蛛丝用的材料非常少。这让它在安全绳、捕虫网这类应用里有天然优势。我们可以想象一下：钢丝能扛很大的静态拉力，但如果突然给它一个冲击——比如一块石头砸在挂半空的人身上——钢丝的能量吸收能力有限，震动会直接传递到人体。蛛丝则像一条细而韧的减震带，能把冲击能量吃掉一部分，再慢慢把人拉回来。蜘蛛用它接住高速飞来的昆虫，电影里的 Peter 用它兜住下坠的车辆，这两件事在材料逻辑上其实是一回事。人类想偷蜘蛛的配方，偷了快三百年这么好的材料，人类当然不会放过。最早的尝试可以追溯到 1709 年，一个法国人试图把蜘蛛丝做成手套和袜子。思路很直接：既然蚕丝能纺织，蜘蛛丝为什么不行？问题很快就暴露了——蜘蛛养不起来。蚕老实、群居、吃桑叶；蜘蛛有领地意识，会互相捕食，而且吃肉。高密度圈养蜘蛛，最后通常只剩一只。2009 年，英国 V&A 博物馆展示了一件金色蛛丝披风。来自马达加斯加的制作团队前后收集了大约 120 万只蜘蛛的丝，才织成一件衣服。120 万只蜘蛛的产能养不起一个产业，但这个数字本身成了一个绝佳的注脚：天然蜘蛛丝极难规模化。真正改变局面的是合成生物学。科学家不再指望蜘蛛自己吐丝，而是把蛛丝蛋白的基因放进适合大规模培养的细胞里，让大肠杆菌、酵母或家蚕来生产蛛丝蛋白，再通过人工纺丝装置把蛋白溶液变成固体纤维。这条路线听起来顺理成章，实际操作中却卡在一个微妙的地方。蜘蛛的纺丝管，本身就是一台极其精密的加工设备。只有蛋白没有纺丝管，就像有面粉没有烤炉。研究者们尝试用微流控装置和机械纺丝设备模拟蜘蛛腺体里的 pH、离子和剪切力变化，希望把重组的蛛丝蛋白拉成稳定纤维。目前各大公司和实验室的技术路线各不相同，也都有进展，但整体仍处于""能生产蛋白、能拉出丝，稳定性和产能还没达到大规模替代""的阶段。假设 Peter 真的自己吐丝，他得吃多少鸡蛋？托比版蜘蛛侠最""生物""的设定，是从手腕直接射出有机蛛丝。这个设定在漫画里从来不是主流——原版漫画里的蛛丝来自 Peter 自己发明的发射器——但它带来一个很有趣的生物学问题：如果人体真的现场合成蛛丝，供得起吗？Peter 体重 75 千克，想沿一根丝爬上 100 层楼，总高度约 350 米。拖曳丝密度取 1300 千克每立方米，抗拉强度取 1.0—1.5 GPa。要安全吊住自己，只算静态承重、取安全系数 5，他需要的干蛛丝质量大约是 1.1—1.7 千克。这还只是非常保守的估计，没算锚点、打结、磨损和动态冲击。天然拖曳丝只有几微米粗，这次爬楼需要的丝束等效直径大约 2 毫米，其实是几十万根细丝绑在一起。1.1 到 1.7 千克听起来不算离谱。但关键在于，这些丝是蛋白质。一个成年男性全身蛋白质总量大约 10 到 11 千克，这一次爬楼的蛛丝就相当于全身蛋白质的 10%—15%。而且身体里的蛛丝蛋白溶液不是 100% 蛋白。按 30%—50% 的蛋白浓度倒算，他得在体内储存和处理 2.2—5.7 千克的纺丝液。更难的是饮食上的换算：即使荒唐地假设吃进去的蛋白质能 100% 转化成蛛丝，1.1—1.7 千克也相当于 180—280 个鸡蛋的蛋白质含量。所以如果 Peter 真的靠体内吐丝，他最需要的超能力大概不是爬墙，而是每天早上吃下三桶鸡蛋而不吐。材料是奇迹，但系统才是真正的问题还有一件事容易被""蛛丝很厉害""遮蔽：一根再强的丝，只有被正确地连接、施加、控制时才有意义。有一个计算很能说明问题。Peter 单手抓丝从高楼摆荡，假设体重 75 千克、摆荡半径 20 米、最低点速度 20 米每秒，蛛丝张力约 2.2 千牛，接近三倍体重。如果速度提到 30 米每秒、半径缩短到 15 米，张力会超过 5 千牛，相当于七倍体重。这还只是匀速摆荡。如果先自由下落再急刹，峰值力会更高。蛛丝可能没断，但人的肩关节——那块连接盂窝和肱骨的浅而松弛的结构——早就该脱臼了。这也是蜘蛛丝研究最本质的启示之一：蜘蛛的惊人之处，从来不在于某一种""超强材料""的单项数值，而在于它把材料性能、纺丝加工、器官结构和身体力学打包成了一整套系统。人类研究蜘蛛丝时，起初只看到""强韧""两个字，后来才逐渐意识到，真正难复制的是那一整套常温常压的工厂。当有一天我们真的造出大规模且性能稳定的重组蛛丝纤维，最有趣的也许不是用它造出超级英雄的绳索，而是它会强迫我们重新审视一个问题：我们该如何设计材料，让它轻、强、韧，又被温柔地制造出来。蜘蛛用几亿年进化交出的答案，目前人类还只是一个刚开始抄作业的学生。来源：biokiwi编辑：LS转载内容仅代表作者观点不代表中科院物理所立场如需转载请联系原公众号近期热门文章Top10↓ 点击标题即可查看 ↓1. 15分钟一局的王者荣耀，成了数学博士生的避难所。2. 你每天都在吃，它们居然是国家保护植物？！3. 做磁共振检查，忘了摘“999足金”的金镯子，万万没想到……4. 耗资3000万美元的救援任务彻底失败，雨燕天文台正在坠向地球5. 北方的暖气片，在夏天为什么不能灌冷水变“冷气”？6. 一滴雨水，电压竟能超过1000伏？它甚至可能把金属“电坏”7. 体长11600光年，碳总量是全人类的6倍，这类隐秘的生物用了四亿多年，生长成了自然界的地基8. 要吃到树莓里的这种糖，地球可能得先挨顿揍？9. “中国人能飞”！人要多长的翅膀才能飞？要怎么飞？10. 俗话说，“响屁不臭，臭屁不响”，有科学道理吗？ | No. 526 点此查看以往全部热门文章 阅读原文不喜欢纽约的高楼之间，Peter Parker 从楼顶纵身跃下，右手一扬，一根细细的丝线射向对面的玻璃幕墙。等他下",,,,pending
葡萄酒变味了？烟灰缸味？药味？烧嗓子？原因居然是气候变暖,中科院物理所,中科院物理所,21C API,normal,2026-09-27T16:20:36+08:00,,以下文章来源于把科学带回家，作者万物杂志把科学带回家.生活里的科学，用趣味故事与硬核知识解锁万物奥秘，把科学带回家。气候变暖已经在影响我们生活的方方面面，它造成的影响仍然远远超出我们预期。比如，葡萄酒正在越来越难喝，出现了一些奇怪的风味。2020年9月，美国加州大火后，数以百计的当地葡萄果农开始陷入慌乱，原因是他们害怕自己种植的葡萄采摘后，会酿出带有“烟灰缸”味的葡萄酒。于是当年大约有8%的葡萄没有被采摘，烂在了地里。一场大火为什么会让葡萄酒变得更难喝？｜wiki在野火肆虐的环境中，燃烧会对葡萄的味道产生影响。一篇2019年的研究就详细解释了这个过程。野火燃烧时候会产生一些带有烟熏味的挥发性酚,http://mp.weixin.qq.com/s?__biz=MzAwNTA5NTYxOA==&mid=2651594233&idx=2&sn=7d15ff88a72c7df2ee08d9c82e3a4bfc,,以下文章来源于把科学带回家，作者万物杂志把科学带回家.生活里的科学，用趣味故事与硬核知识解锁万物奥秘，把科学带回家。气候变暖已经在影响我们生活的方方面面，它造成的影响仍然远远超出我们预期。比如，葡萄酒正在越来越难喝，出现了一些奇怪的风味。2020年9月，美国加州大火后，数以百计的当地葡萄果农开始陷入慌乱，原因是他们害怕自己种植的葡萄采摘后，会酿出带有“烟灰缸”味的葡萄酒。于是当年大约有8%的葡萄没有被采摘，烂在了地里。一场大火为什么会让葡萄酒变得更难喝？｜wiki在野火肆虐的环境中，燃烧会对葡萄的味道产生影响。一篇2019年的研究就详细解释了这个过程。野火燃烧时候会产生一些带有烟熏味的挥发性酚，此前的实验发现，这些酚类物质能在短短半小时内进入葡萄组织。这种酚类物质不会只是在葡萄表皮上洗一洗就掉了，反而，它们会和葡萄里的糖分等其他物质结合起来。就算我们闻起来葡萄已经没有烟熏味了，但它们和糖分“锁定”，形成挥发性酚糖苷，参与到葡萄酿酒的一系列发酵过程。研究详细说明了这一过程，原本的挥发性酚糖苷会在葡萄的前半段发酵中游离出来，原本被“锁定”的酚类化合物又浮现出来，让葡萄酒带上烟熏味。主发酵结束后，大约28%的挥发性酚糖苷被分解了。受到山火影响的葡萄，可能会在葡萄酒酿造的各个过程中分解带有烟熏味的物质。｜australianwine而剩下的72%的挥发性酚糖苷，则会在接下来的过程中分解，比如装瓶时，喝酒时，甚至影响你品尝葡萄酒的“后味”。研究提到，口腔中的水解会在你入口2分钟后带来一些明显的后味，令人觉得难喝的烟灰、药味或者烧焦木头的感觉会持续在嘴巴里。可以看出，一场山火对于葡萄酒风味的影响是非常持久的。不过，影响葡萄酒的，并不只是气候变化造成的山火肆虐。这只是气候变化对葡萄风味影响的一个剪影。除了野火外，气候变化也让葡萄的种植、生长和风味都变得不确定了，而葡萄酒的味道也开始出现变化。人们难以预测这个过程中的种种变化，尤其是葡萄生长中的一些化学变化。在葡萄酒酿造的过程中，有一个专门的法语词汇叫做“风土（terroir）”，几个世纪以来，“风土”都用来描述植物生长环境与作物风味之间的关系。更细节来说：气候、土壤、地貌、以及葡萄藤附近的其他生物，都有可能影响葡萄的味道。葡萄生长的环境，可能不同程度上和多种葡萄酒风味相关。｜wiki而这也造就了葡萄酒文化中人们对不同产区、不同风味的认知。就算是同一品种的葡萄，种在不同的地方，也会酿出味道不一样的葡萄酒。虽然在一些科学家看来，这个词并不精确，还需严谨的实验数据，但从科学的角度来说，葡萄果实成熟的过程，的确会受到各种与环境相关的影响。成熟时，葡萄果实中的糖分会积累，酸性物质分解。而苦涩的单宁则是为了在葡萄成熟之前免受动物和昆虫的侵害“风土”是个复杂的词汇，其中的每个环境因素都可能影响葡萄的味道。研究表明：更肥沃的土地会让葡萄酒颜色更浅。另外，日照会明显影响葡中花青素的含量。按理说，日照越足，葡萄越容易积累花青素、黄酮醇等酚类物质。但研究发现极端高温又会让色素流失，让葡萄酒颜色更浅。有很多非常细节的因素都会影响葡萄酒的颜色和风味。｜wiki还有数据表明，在过去30年间，法国朗格多克葡萄酒随着气候变化，酒精度数和甜味正在变得越来越高。果农们只好将葡萄采摘的时间提前。而本文开头中的问题：果农们并不确定什么时候该采摘葡萄。因为他们不确定气候会对葡萄中的化学成分造成哪些影响。较早采摘，能保留葡萄中的酸，也就是葡萄酒中果香风味的来源，但单宁和花青素仍在累积。而较晚采摘，葡萄酒可能会“过甜”。这会让葡萄酒的风味产生许多微妙的变化，我们如今和道德葡萄酒的味道，可能和以往不太一样了。而一些科学家和果农正在尝试用科学的方法调整葡萄生长、成熟、酿造的方式。比如嫁接、调整采摘时间、改变土壤成分、控制日晒，甚至在酿造过程中使用特定的酶。人们在尝试着添加一些不同的酶，在酿酒过程中控制葡萄酒的味道等。｜wiki可以看出，葡萄酒酿造的一整个流程，都在不断迎接气候变化的调整。而我们熟悉的其他农作物的味道，也许同样如此。参考资料[1]https://www.ajevonline.org/content/70/4/373.abstract[2]https://www.ajevonline.org/content/53/3/171[3]https://www.euractiv.com/news/frances-languedoc-winegrowers-are-already-adapting-to-climate-change/[4]https://pubs.acs.org/jafcau/article/55/3/779/3800407/Effect-of-Soil-Type-on-Wines-Produced-from来源：把科学带回家编辑：LS转载内容仅代表作者观点不代表中科院物理所立场如需转载请联系原公众号近期热门文章Top10↓ 点击标题即可查看 ↓1. 15分钟一局的王者荣耀，成了数学博士生的避难所。2. 你每天都在吃，它们居然是国家保护植物？！3. 做磁共振检查，忘了摘“999足金”的金镯子，万万没想到……4. 耗资3000万美元的救援任务彻底失败，雨燕天文台正在坠向地球5. 北方的暖气片，在夏天为什么不能灌冷水变“冷气”？6. 一滴雨水，电压竟能超过1000伏？它甚至可能把金属“电坏”7. 体长11600光年，碳总量是全人类的6倍，这类隐秘的生物用了四亿多年，生长成了自然界的地基8. 要吃到树莓里的这种糖，地球可能得先挨顿揍？9. “中国人能飞”！人要多长的翅膀才能飞？要怎么飞？10. 俗话说，“响屁不臭，臭屁不响”，有科学道理吗？ | No. 526 点此查看以往全部热门文章 阅读原文不喜欢气候变暖已经在影响我们生活的方方面面，它造成的影响仍然远远超出我们预期。比如，葡萄酒正在越来越难喝，出现了一,,,,pending
市委书记、市长等132名领导手机号全部公布！当地发通告：电话若未接听，可短信沟通,中国能源报,中国能源报,"21C API, 发布",normal,2026-09-27T16:08:57+08:00,,湖南常宁市信访工作联席会议办公室发布关于公开常宁市党政领导联系方式的通告。湖南常宁市信访工作联席会议办公室9月25日发布关于公开常宁市党政领导联系方式的通告，包括市委书记、市长等市级领导、市直部门（单位）主要领导、乡镇（街道）主要领导等，一共132人。通告提示：若因会议等公务活动，可能有接听电话不便的情况，可采用短信方式沟通。一、市级领导二、市直部门（单位）主要领导三、乡镇（街道）主要领导来源：常宁融媒End欢迎分享给你的朋友！出品 | 中国能源报（cnenergy）编辑丨赵方婷,http://mp.weixin.qq.com/s?__biz=MjM5NTI4MTIyMg==&mid=2658144072&idx=1&sn=3210deeed9eab5d87e3adbe22cc61cc2,,湖南常宁市信访工作联席会议办公室发布关于公开常宁市党政领导联系方式的通告。湖南常宁市信访工作联席会议办公室9月25日发布关于公开常宁市党政领导联系方式的通告，包括市委书记、市长等市级领导、市直部门（单位）主要领导、乡镇（街道）主要领导等，一共132人。通告提示：若因会议等公务活动，可能有接听电话不便的情况，可采用短信方式沟通。一、市级领导二、市直部门（单位）主要领导三、乡镇（街道）主要领导来源：常宁融媒End欢迎分享给你的朋友！出品 | 中国能源报（cnenergy）编辑丨赵方婷,,,,pending
长假前只剩三个交易日，持股还是持币？,财联社,财联社,"21C API, 产能, 投资, 海外, 政策, 落地",normal,2026-09-27T15:53:10+08:00,,国庆七天长假已在眼前。要不要带着仓位过这个长假，又一次被摆上桌面。记者梳理近两周券商策略研报发现，与往年“持股过节”几乎一边倒不同，今年券商给出的答案出现了明显的分层：多数机构倾向于持股，但在胜率口径、持有品种和仓位控制上，分歧比结论更值得关注。一是胜率：三组口径，三种冷暖券商在这一题上给出的第一个答案，是历史统计。而统计区间不同，结论的温差相当明显。财通证券策略首席分析师徐近峰给出的最为乐观。在复盘国庆前后的日历效应后指出，国庆假期前1周市场往往缩量调整，节前1至2个交易日触底，节后再放量启动；从胜率看，国庆假期前2个交易日以及假期后5个交易日的胜率分别达67%、80%。据此，该机构判断当前,http://mp.weixin.qq.com/s?__biz=Mzg5MzEyNzEwNQ==&mid=2247854931&idx=1&sn=a82d7a896d073ee22869f762baf00ccc,,国庆七天长假已在眼前。要不要带着仓位过这个长假，又一次被摆上桌面。记者梳理近两周券商策略研报发现，与往年“持股过节”几乎一边倒不同，今年券商给出的答案出现了明显的分层：多数机构倾向于持股，但在胜率口径、持有品种和仓位控制上，分歧比结论更值得关注。一是胜率：三组口径，三种冷暖券商在这一题上给出的第一个答案，是历史统计。而统计区间不同，结论的温差相当明显。财通证券策略首席分析师徐近峰给出的最为乐观。在复盘国庆前后的日历效应后指出，国庆假期前1周市场往往缩量调整，节前1至2个交易日触底，节后再放量启动；从胜率看，国庆假期前2个交易日以及假期后5个交易日的胜率分别达67%、80%。据此，该机构判断当前市场下行风险有限，国庆期间持股过节或更合算。华泰证券回溯过去20年A股行情数据，给出的数字要“冷”得多：国庆节前10个交易日，上证综指区间收益中位数为-1.21%、胜率仅38.1%；节后5个交易日胜率则抬升至66.7%、收益中位数+1.57%。节前偏弱、节后修复的特征稳健，但“节前胜率不足四成”这一事实，恰恰是多数乐观叙事中被略过的一半。中银证券则从另一角度给出了一个“反向规律”。基于2016年以来国庆假期前后的统计复盘，该机构发现上证指数在假期前后呈明显反向特征：前两周若录得正收益，节后两周往往承压回落；节前若持续调整，节后则大概率迎来修复性反弹。这意味着，持股过节的性价比，很大程度上取决于节前这两周已经涨了多少，而非假期本身。天风证券策略首席分析师吴开达的表述与之呼应：宽基指数层面，节前小盘弱于大盘，节后各指数普涨且小盘弹性更优；风格层面，节前消费收益率转正，节后金融与成长表现亮眼。二是节奏：为什么节前弱、节后强？多家券商在研报中对这一日历效应的成因给出了几乎一致的解释。国金证券在《A股策略周报：修复与下一个变化》中分析，长假意味着一段不能交易、却充满不确定性的真空期。海外市场照常开市，地缘、油价、汇率都可能在这几天里发酵，节后第一个交易日要一次性消化完。对机构而言，叠加三季度末的考核，锁定浮盈、降低波动本身就是理性选择。节后资金回流，加上三季报预期开始发酵，此前压着没有出手的资金重新寻找方向，这正是节后普涨的来源。财通证券进一步拆解了风格节奏：节前消费占优，节后先成长再金融。其背后的逻辑是基金季末调仓与个人投资者减仓过节的叠加，节前基金持仓方向相对占优，节后小盘与个人投资者主导的方向弹性更高。三是分歧：红利，还防不防得住？如果说“持股”是多数券商的共识，那么“拿什么持股”则是分歧的起点，而红利资产是争议最集中的一块。华泰证券在研报中直接纠正了一个市场固有认知：红利或并不提供节前防御。数据显示，2010年以来中证红利相对沪深300平均跑输0.95个百分点，近10年这一差距扩大至1.61个百分点，绝对胜率31.2%，为各风格指数最低。广发证券也持保留态度。该机构认为本轮AI行情由业绩驱动，回调后估值消化充分，应优先选择三季报高景气标的；红利资产防御属性仍在，但赔率已经下降，不宜作为重点配置方向。但反方观点同样鲜明。中国银河证券策略首席分析师杨超提示，跨长假风险溢价叠加三季度末机构考核约束，市场或延续震荡与轮动，海外高利率与能源风险尚未出清，金融、公用事业、煤炭等红利资产仍具底仓配置价值。中信建投策略分析师夏凡捷亦建议，防守端以红利资产作为底仓对冲波动。四是品种：AI算力硬件是最多选择在进攻方向上，券商的集中度远高于防御端——AI产业链，尤其是算力硬件，是几乎一致的选择，差别只在细分环节。中信证券首席A股策略师裘翔在《策略聚焦：年内最后的进攻窗口》中提出，产业超级周期的后段，机构票见顶后通常都有一轮非机构票新高行情。站在短期情绪和筹码周期的角度，叠加三季报催化，市场具备活跃资金进攻新技术与新题材的土壤，建议积极把握年内最后的进攻窗口；在配置上关注制造复杂度提升带动的光通信新技术、PCB、先进封装，以及有明确量增逻辑的晶圆制造、燃气轮机。中信建投夏凡捷建议均衡配置、分层布局：进攻端优选算力产业链中供给紧缺、产品持续涨价的光芯片、PCB制造、CCL和服务器整机，以及铜、铝、锡等工业金属。中金公司研究部国内策略首席分析师李求索则提示分化：AI硬件环节业绩普遍高增长，但壁垒不高、产能投放较快的环节需关注供需压力；光通信、PCB、存储芯片等环节年内高景气确定性仍较强，部分算力芯片公司需关注基本面与估值的匹配程度。东方证券研究所资深资产配置分析师郑月灵从价格因子给出了另一组信号：通信存在短期趋势，传媒、计算机、电力设备、有色金属等行业存在反转信号。节后拿什么验证？三季报与四个变量对持股过节的投资者而言，真正的考验在节后。综合券商研报，中美经贸磋商、国内财政实物工作量落地、美联储后续政策表态、AI产业与三季报业绩验证，被视为决定本轮反弹持续性的四大关键变量。东吴证券的判断是，加息“靴子落地”后全球主要股指迎来情绪修复，A股这一阶段性修复窗口的持续时间或到国庆假期后一周左右；但该机构同时提醒，美国“通胀—美债—利率”的困局属于中长期慢变量，不会因为单次加息彻底化解。中信建投夏凡捷则把10月底FOMC会议视为关键观察节点，在此之前，修复行情能否延续，核心要看海外利率、油价下行能否持续。申万宏源相对谨慎，判断当下仅为一轮小级别反弹，今年剩余时间市场整体处于震荡休整阶段，科技板块要走出大级别主升浪，仍需重磅AI产业催化来凝聚新的市场共识。不喜欢​,,,,pending
英特尔放大招：EMIB-T突破12× Reticle，AI芯片进入超大封装时代！,芯联汇,芯联汇,"21C API, 系统集成, 供电, 可靠性, Pack, 发布, 量产",normal,2026-09-27T15:50:55+08:00,,38+硅桥、TSV垂直供电、UCIe-A突破32Gb/s从HBM4到超大Chiplet系统，EMIB-T重构下一代AI先进封装最近在看AI芯片和先进封装的发展时，我越来越明显地感觉到，芯片性能的竞争，正在从“单颗Die做得多强”，转向“一个Package里能集成多少算力”。 当GPU、CPU、I/O Die和HBM不断被塞进同一个封装，Reticle Size、Die-to-Die带宽、供电和散热也开始成为新的瓶颈。这次看到 英特尔的EMIB 技术资料，我觉得一个趋势非常值得关注：EMIB已经不再只是简单的“硅桥互连”。从EMIB到EMIB-T，再到EMIB与Foveros组成3.5D封装，英,http://mp.weixin.qq.com/s?__biz=MzkwMTYxMzY2MA==&mid=2247514028&idx=1&sn=2df7d54aa8808d4d8acca4a44a7fb85c,,"38+硅桥、TSV垂直供电、UCIe-A突破32Gb/s从HBM4到超大Chiplet系统，EMIB-T重构下一代AI先进封装最近在看AI芯片和先进封装的发展时，我越来越明显地感觉到，芯片性能的竞争，正在从“单颗Die做得多强”，转向“一个Package里能集成多少算力”。 当GPU、CPU、I/O Die和HBM不断被塞进同一个封装，Reticle Size、Die-to-Die带宽、供电和散热也开始成为新的瓶颈。这次看到 英特尔的EMIB 技术资料，我觉得一个趋势非常值得关注：EMIB已经不再只是简单的“硅桥互连”。从EMIB到EMIB-T，再到EMIB与Foveros组成3.5D封装，英特尔正在构建一套面向超大规模AI Chiplet的先进封装体系。 尤其是EMIB-T加入TSV之后，不仅能够连接超过38个Bridge、支持HBM4/HBM4E，还可以实现超过12× Reticle Content的大型封装。 所以这篇文章，小编就带大家详细拆解一下：EMIB到底是怎么工作的？EMIB-T为什么要引入TSV？它又如何与UCIe、HBM、Foveros以及3DIC EDA结合，突破传统2.5D封装的尺寸与互连限制？一、这份材料真正想说明什么？这份文档的核心并不只是介绍英特尔 EMIB（Embedded Multi-die Interconnect Bridge，嵌入式多芯片互连桥），而是进一步展示了 EMIB-T 如何面向 AI/HPC 大型 Chiplet 系统演进，以及英特尔如何联合 Synopsys 把 EMIB-T 从一种先进封装结构，发展成可自动化设计、验证和 Signoff 的完整工程平台。二、EMIB正在从“局部硅桥”走向AI时代的大规模Chiplet互连平台文档首先指出，AI、机器学习和HPC正在不断提高对数据吞吐量、低延迟、功耗效率以及系统集成密度的要求。传统单Die SoC越来越难以同时满足性能、面积、良率和成本需求，因此系统架构正在从“System on Chip”转向“System of Chips”。EMIB的核心价值，就是在不使用整块大型硅中介层（Silicon Interposer）的情况下，在封装基板内部嵌入小尺寸硅桥，让相邻Logic Die、I/O Die、HBM等芯粒实现高密度、高带宽互连。相比全尺寸硅中介层，EMIB只在真正需要高速互连的位置部署高密度硅桥，因此可以降低对整个封装区域高密度布线的要求，同时保留较大的设计自由度。 换句话说，EMIB的底层逻辑不是“用一块大硅片连接所有芯片”，而是“哪里需要高速互连，就在哪里放一座硅桥”。三、EMIB最大的技术优势：绕开大型Silicon Interposer的成本与尺寸限制传统2.5D封装通常需要一块面积较大的Silicon Interposer承载多个Die，而EMIB采用的是局部嵌入式Bridge Die。文档强调，EMIB Bridge本身尺寸很小，并包含多层高密度布线。这样一来，只有Die与Bridge连接区域需要采用紧密Microbump Pitch，而Die其他区域仍然可以保持较宽松的Pitch。 这意味着EMIB可以同时兼顾 高密度Die-to-Die互连 + 大尺寸封装 + 异构集成 + 成本控制。而且EMIB能够针对不同Die之间的连接需求单独设计Bridge。例如Logic-to-Logic、Logic-to-HBM不一定需要完全相同的互连结构，可以针对不同链路分别优化Bridge。英特尔总结了三个关键优势：支持大型异构Die Complex、支持相邻Die之间高速数据传输，以及能够针对每条Die-to-Die链路进行独立优化。 这也是EMIB与传统“大面积Interposer”思路最本质的区别。四、EMIB-T是这份文档真正的重点：TSV开始进入EMIB Bridge如果说传统EMIB解决的是横向高速互连，那么EMIB-T最大的升级，就是在Bridge内部加入TSV（Through-Silicon Via），进一步解决垂直供电问题。文档给出的EMIB-T目标规格非常激进：封装尺寸可超过120 mm × 180 mm、Bridge数量超过38个、Die-to-Die互连Pitch向45 μm以下推进，并且能够封装超过12倍Reticle面积的芯片内容。同时，EMIB-T中的TSV可以直接从封装底部向芯片供电，减少供电路径阻抗，从而降低DC和AC Noise，并满足HBM4、HBM4E等高带宽存储器越来越高的供电需求。在高速互连方面，文档还给出了UCIe-A超过32 Gb/s的数据传输速率。此外，Bridge内部可以集成高密度MIM电容，用于抑制电源噪声以及降低高速信号传输中的电磁干扰。 因此EMIB-T已经不再只是“互连桥”，而是在逐渐变成高速信号互连 + 垂直供电 + MIM去耦 + HBM连接融合在一起的先进封装基础设施。五、EMIB-T瞄准的是超大规模AI封装，突破Reticle Size限制这一点是整份材料非常值得关注的地方。AI加速器越来越大，但单颗芯片受到光刻Reticle Size限制，不可能无限扩大。因此未来AI芯片提升算力的重要方式之一，就是把更多Compute Die、I/O Die、HBM等Chiplet放进一个Package。EMIB-T通过大量Bridge将这些Die横向连接起来，因此能够实现超过12× Reticle Content的超大型封装系统。 这意味着未来的“AI芯片”可能越来越不像传统意义上的一颗芯片，而更像Compute Chiplet + I/O Chiplet + HBM + EMIB-T + UCIe + Advanced Substrate组成的一整套封装级计算系统。所以EMIB真正竞争的已经不是传统封装，而是AI时代的系统级集成平台。六、EMIB + Foveros进一步走向“3.5D封装”英特尔还在把EMIB与Foveros结合。EMIB负责横向Die-to-Die连接，Foveros负责垂直3D Die Stacking，两者组合形成英特尔所谓的 EMIB 3.5D。这样就可以同时拥有横向Chiplet扩展 + 垂直芯片堆叠。例如底层可以通过EMIB连接多个Compute Tile、I/O Tile和HBM，而局部区域又可以利用Foveros继续向上堆叠芯片。英特尔认为，这种混合架构能够在封装面积、计算性能、功耗和成本之间取得更好的平衡，同时缓解热翘曲、Reticle尺寸限制以及互连限制，让一个Package内部能够集成更大面积的Silicon。 所以从路线来看，可以理解成EMIB 2.5D → EMIB-T 2.5D → EMIB + Foveros 3.5D → Foveros Direct 3D。这已经形成了一套从横向互连到垂直堆叠的完整先进封装技术体系。七、真正的难点开始从“能不能封”转向“这么复杂的封装怎么设计”文档后半部分实际上发生了一个明显转折：重点从EMIB-T制造技术转向了EDA设计方法学。原因很简单。当一个AI封装里面出现几十个Bridge、多颗HBM、多颗Compute Die、大量UCIe接口、TSV、MIM电容以及复杂Power Grid以后，靠传统人工方式进行规划、布线、验证已经非常困难。因此英特尔联合Synopsys建立了一套EMIB-T Reference Methodology，以 3DIC Compiler 为核心，把Design Planning → Bump Assignment → EMIB尺寸计算 → Die Ring/TSV Planning → HBM/UCIe/D2D Routing → Power Grid → MIM → Thermal → IR/EM → DRC/LVS → Signoff串成一套完整流程。特别值得注意的是，系统可以自动计算EMIB尺寸与位置、自动完成Bump Mirroring与Net Assignment、自动规划TSV，并自动进行Die-to-Die布线。这说明先进封装的竞争已经不只是封装厂制造能力的竞争，而越来越成为封装工艺 + EDA + Chiplet架构 + 电源 + 热设计 + Signoff共同组成的系统工程。八、热、电源和可靠性正在成为超大型AI封装的核心瓶颈随着Package越来越大，几十颗Die和Bridge被集成到同一个系统里，问题就不再只是“信号能不能连通”，而是供电是否稳定？温度是否可控？TSV与Bump是否能够承受电流？IR Drop是否过大？因此文档专门展示了RedHawk-SC和RedHawk-SC-ET与3DIC Compiler的集成。在热分析方面，不仅考虑Die Power Map，还会把Package、Heat Sink、Heat Spreader等热模型纳入系统级分析。 在供电方面，则可以验证Inter-Die Power Delivery、PG Grid、TSV和Bump的供电可靠性，并进行系统级EM/IR分析。 这其实揭示了未来先进封装非常重要的变化：先进封装正在从“互连问题”升级为“电—热—机械—信号完整性协同优化问题”。九、英特尔最终想建立的是“System of Chips”生态从整份文档来看，英特尔并不是单独推广一种EMIB封装技术，而是在建立一套面向Chiplet时代的基础设施。EMIB负责横向互连，EMIB-T加入TSV和供电能力，Foveros负责垂直堆叠，UCIe负责Chiplet之间的标准化通信，而Synopsys 3DIC Compiler、IC Validator、Formality、RedHawk-SC/ET则解决设计、验证和Signoff问题。英特尔自己也明确把战略方向描述为从 “System on Chip”向“Systems of Chips” 转型，并把先进封装、UCIe以及系统技术协同优化结合起来。 文档最后的结论同样强调，EMIB-T正在向更高密度互连、更高速UCIe通信、更多Bridge以及更大的Package/Reticle Content演进，而配套EDA方法学已经覆盖设计、实现、验证、分析和Signoff全过程。小编总结AI芯片正在从“单颗大Die”进入“超大型Chiplet系统”时代，英特尔希望以EMIB/EMIB-T解决横向高带宽互连与供电，以Foveros解决垂直3D堆叠，再通过UCIe和Synopsys 3DIC EDA工具把几十个Chiplet、HBM和Bridge整合成一个可设计、可验证、可量产的“System of Chips”。END:原始报告我放在知识星球了，我们在星球中每日会更新半导体行业信息，技术拆解报告，市场分析报告，欢迎大家的加入~资料整理耗时耗力，专为学习与深度交流而备。若您希望获取报告原件，或有额外资源等需求，欢迎私信联系！除公众号发布的资料外，我们的知识星球——「芯联汇」还有更丰富和富有价值的资源，包括：最新的技术与市场深度分析报告全球半导体龙头企业产品路线图顶尖科研院所和高校的研究成果和讲义教程半导体各细分领域的趋势判断行业峰会演讲精华与专家访谈实录欢迎扫码加入，与更多行业同行交流，开启您的半导体知识进阶之旅！ 关注芯联汇，掌握""芯""讯息 不喜欢英特尔放大招：EMIB-T突破12× Reticle，AI芯片进入超大封装时代！",,,,pending
刚刚，Gemini 4 Pro全新曝光，实测碾压Opus 5.5！,新智元,新智元,"21C API, 价格战, 发布",normal,2026-09-27T15:37:18+08:00,,新智元报道 Gemini 4 Pro，又曝出新的检查点了！最近，两个全新检查点（内部代号「barium-b」或 Checkpoint 2）被开发者们发现了，实测后发现，Gemini 4 Pro强得可怕！有开发者直呼：「在爆肝 400 小时使用 Opus 5.5 和 GPT-6 之后，Gemini 4 Pro 依然让我头皮发麻！」谷歌的新一代大杀器，展现出超强的3D 物理模拟能力、代码生成能力和长文本推理能力。有开发者直呼：「在爆肝 400 小时使用 Opus 5.5 和 GPT-6 之后，Gemini 4 Pro 依然让我头皮发麻！」而且，谷歌内部高层的态度也很鲜明。Google DeepMi,http://mp.weixin.qq.com/s?__biz=MzI3MTA0MTk1MA==&mid=2652729866&idx=1&sn=756b6923b03a3b69c93335b9396a5e73,,新智元报道 Gemini 4 Pro，又曝出新的检查点了！最近，两个全新检查点（内部代号「barium-b」或 Checkpoint 2）被开发者们发现了，实测后发现，Gemini 4 Pro强得可怕！有开发者直呼：「在爆肝 400 小时使用 Opus 5.5 和 GPT-6 之后，Gemini 4 Pro 依然让我头皮发麻！」谷歌的新一代大杀器，展现出超强的3D 物理模拟能力、代码生成能力和长文本推理能力。有开发者直呼：「在爆肝 400 小时使用 Opus 5.5 和 GPT-6 之后，Gemini 4 Pro 依然让我头皮发麻！」而且，谷歌内部高层的态度也很鲜明。Google DeepMind新任掌门Koray Kavukcuoglu首次公开确认：Gemini 4已经进入后训练早期。它的训练进度大大提前，仅耗时两个月，早期预训练就基本结束。准备好，一大波硬核实测来了！核心实测大赏：7大硬核Demo一夜之间，仿佛每个人都能用Gemini 4 Pro了。从晒出的Demo来看，它在3D生成、物理引擎模拟和长文本代码构建上的表现，令人惊艳。孔雀SVG测试也来了，显示出巨大的飞跃。水上飞机起飞，吊打Opus 5.5知名测评博主 @AI_Screening 要求它和Opus 5.5用代码生成一个3D浮筒飞机在水面滑行起飞的物理模拟。之前，Opus 5.5生成的视频惊呆了一大群人，但没想到，这次，Gemini 4 Pro的表现完全超越了它！可以看到，Opus 5.5生成的飞机虽然在动，但机身晃动剧烈，仿佛随时要解体，水面的物理反馈也很生硬。但Gemini 4 Pro就要丝滑多了，加速平稳，水面反射清晰，对「溅水」效果的渲染很逼真。从流体力学逻辑和画面整洁度看，属于把Opus 5.5按在地上摩擦。16分钟手搓「3D国际空间站」开发者 @thtbee_ 抛出了一个王炸。在没有任何3D模型导入的情况下，Gemini 4 Pro 仅仅用了 16分钟，通过纯代码，就生成了一个交互式的3D国际空间站绕地球运行的模拟程序！令人惊喜的是，它不仅自己用 Three.js 建好空间站模型，还很聪明地从网上抓取了正确的地球贴图，保证经纬度和颜色绝对准确。这种「无中生有」的建模能力，让人惊叹。当然，也有人吐槽生成的UI界面有点丑，且背面仍有透视bug。从灯塔到火箭发射（Three.js渲染）网友 @HarshithLucky3 甩给它一个高难度指令：「用 Three.js 将一个灯塔变成火箭发射，不要包含任何UI元素。」结果，Gemini 4 Pro 完美遵循了指令！测试者夸爆了它的「审美」：它为画面中的所有元素都添加了质感极佳的纹理，整个3D输出质量好到离谱。3D Wii 遥控器高精度还原开发者 @LuminaBench 测试了它的工业设计建模能力，让它生成一个 3D 的任天堂 Wii 遥控器。结果，它对3D物体的细节把握非常强，并且生成速度「快得难以置信」！要说有什么不完美，就是它在处理Prompt时似乎有点过度雕琢，会竭尽全力去丰富细节，哪怕你没要求。不过，它的设计审美在不同部件上表现不太稳定，有些地方绝佳，有些地方略显违和。据测试，Checkpoint 2 的细节密度非常出色，而且精确度高得多，还是目前最快的前沿模型，无人能及。机械蜂鸟，碾压 GPT-6 Sol博主 @TimJayas 甩出了他的「祖传」机器蜂鸟prompt，考验模型对复杂机械结构和动态行为的理解。结论是：「Gemini 4 Pro 的表现简直太棒了！老实说，质量与 Fable 旗鼓相当，但远远好于 GPT-6 Sol！」当然，它有时也会被GPT-6 Astra碾压。14分钟生成完整网站，单提示词生成游戏而且，它的工程能力超强。 一位开发者仅用 14分钟，就生成了一个极具创意的产品展示完整网站，前后端全包。「真的就是几分钟一个网站。」更让人惊喜的是，多人反馈，只需要输入一个Prompt，它就能直接给你吐出一个完整交互的网页游戏。参数大泄露：1000万上下文+自主智能体虽然新检查点最近才曝光，但Gemini 4 Pro的参数此前就已经泄露了。有人曝出，Gemini 4 Pro有1000万Token的上下文窗口，和256k的输出上限，如果属实，就彻底告别「代码写一半就断」的噩梦，一句话生成大型软件的全套代码。它可以永久跨会话记忆，无需API即可联网，具备真正的AI Agent能力。甚至，它还有机器人控制能力， 可以直接作为大脑，控制现实物理世界中的机器人！此前一张基准测试图显示，Gemini 4 Pro在编程、智能体、推理上均超越 GPT-6 Astra 和 Claude Fable 5.1。它在AI智能体编程测试（DeepSWE v1.1）拿下 88%，在编码能力测试（Terminal-bench 2.1）飙到惊人的 95.3%！有人惊呼：闻到了RSI的味道。谷歌真急了：2个月训完，全军冲刺4.0！为什么Gemini 4 Pro会突然空降？因为谷歌的底线被碰了。落后GPT-6和Opus 5.5一段时间后，巨头开始反扑。就在周三，Google DeepMind 新任掌门人 Koray Kavukcuoglu 首度公开「交底」，透露了重磅消息。根据The Information爆料，Koray 透露，Gemini 4 自 7 月启动了「有史以来最具野心的预训练」后，仅仅耗时约两个月，就基本完成了早期预训练！目前，Gemini 4 已经全面进入了重要的「后训练」阶段。「我们的意图是尽可能快地发布一个早期的后训练版本，」Koray 难掩兴奋地表示，「因为我们看到了结果，我们感到非常激动！」这也是为什么，竞技场上会突然冒出这个「半成品但已经极强」的测试节点。而且，发现Gemini 3.5 Pro 性能不足以碾压对手后，谷歌直接壮士断腕，把所有算力全砸向 Gemini 4！当被尖锐地问及「是否担心谷歌已经落后于同行」时，Koray斩钉截铁地说：「我对我的团队有百分之百的信心，我们注定永远要站在技术的最前沿。」他透露，Gemini 4 目前正在被内部工程师用于Antigravity AI ——这是对之前「谷歌员工用 Claude 写代码」传闻的回击。而且，他强调，他们不再执着于AGI的概念，「真正的问题是，我们是否有能力构建出我们可以完全信任的智能体」？他还透露，Gemini 4 的研发，帮助谷歌硬件工程师设计「未来两到三代的 TPU」。显然，这种算法与芯片底层深度绑定的护城河，让英伟达很警惕。最后，Koray 抛出了时间表：他希望 Gemini 4 的正式发布时间能「远早于年底」。还有消息称，Gemini 4 Pro十一就可能发布性能炸裂就算了，谷歌还准备掀起价格战。据泄露，Gemini 4 Pro 的定价极具攻击性：输入：$2.25 / 100 万 Tokens输出：$11.25 / 100 万 Tokens对比友商动辄几十美刀的旗舰模型，这简直是「骨折价」。难怪有人喊话：「这性价比绝了，4 Pro要是真超预期，现在充会员就是抄底！」而且，谷歌要把 AI 芯片送上天了！下周，谷歌将搭乘 SpaceX 的猎鹰9号，把装有4颗 TPU 芯片的卫星送入太空！未来，天上可能真会出现一张庞大的星链 AI 数据中心网。看来，此前LMSYS里的 gemini-3.8-flash 只是「极早期后训练」的冰山一角。但正如测试者所言：「第二个检查点比第一个检查点有了肉眼可见的巨大飞跃，谷歌这次是真的在『烹饪』一道大菜。」OpenAI和Anthropic如何接招？Gemini 4 Pro的加入，会不会改变ASI决赛的终局？参考资料：https://x.com/alannnfx/status/2103750054607565014?s=20https://x.com/alannnfxhttps://x.com/alannnfx/status/2103887770016227351https://x.com/alannnfx/status/2103750054607565014?s=20https://x.com/alannnfx/status/2103887770016227351https://x.com/AIBoticssq/status/210349105724846399编辑：Aeneas秒追ASI⭐点赞、转发、在看一键三连⭐点亮星标，锁定新智元极速推送！不喜欢怎么每个人都在测Gemini 4 Pro？,,,,pending
8万段代码还原OpenAI智能体入侵HF！只能读网页，竟拼出攻击工具链,新智元,新智元,"21C API, 安全测试",normal,2026-09-27T15:37:18+08:00,,新智元报道 一场堪比黑客电影的AI「越狱」大戏，让OpenClaw创始人、「龙虾之父」Peter Steinberger忍不住也发出了惊叹。现在我明白，为什么有些人会谈论AGI了。这也太巧妙了！9月25日，研究者Jeffrey Ladish等人公布了一份名为Swarm Traces的新调查，揭开OpenAI智能体入侵AI开源社区Hugging Face（简称HF）的大量细节。Peter在转引Ladish介绍AI攻击手法的帖子。让他感到惊奇的，正是这些AI突破限制的方式。一群本该待在隔离环境中的OpenAI智能体，竟然在受限的网络条件下，像拼乐高一样，把几个普通网络服务接成了一条能执行程序、回传,http://mp.weixin.qq.com/s?__biz=MzI3MTA0MTk1MA==&mid=2652729866&idx=2&sn=d842e0ea4e85eed64670fbff4a99c20e,,新智元报道 一场堪比黑客电影的AI「越狱」大戏，让OpenClaw创始人、「龙虾之父」Peter Steinberger忍不住也发出了惊叹。现在我明白，为什么有些人会谈论AGI了。这也太巧妙了！9月25日，研究者Jeffrey Ladish等人公布了一份名为Swarm Traces的新调查，揭开OpenAI智能体入侵AI开源社区Hugging Face（简称HF）的大量细节。Peter在转引Ladish介绍AI攻击手法的帖子。让他感到惊奇的，正是这些AI突破限制的方式。一群本该待在隔离环境中的OpenAI智能体，竟然在受限的网络条件下，像拼乐高一样，把几个普通网络服务接成了一条能执行程序、回传结果的攻击通道。它们用短链串联程序片段，借截图网站的浏览器执行代码，再把结果编码成像素，随截图传回。连一张图片，都成了传递信息的工具。借助这套临时拼出的工具链，再加上对HF漏洞的利用，它们最终突破了这家AI开源社区的安全防线。8人追踪两周还原8万多段攻击代码把这场入侵的细节重新还原出来的，是一支8人独立调查团队。团队由开发者工具公司Parse的三名成员牵头，其他成员包括来自Palisade Research、Trajectory Institute等机构的研究者。Agent遗留的近百万条URL，成了他们追查的线索。两周里，团队扫描数百万个公开链接，顺藤摸瓜地还原出超过8万段攻击代码，并将发现整理成这份Swarm Traces报告。这些散落在互联网上的代码，正是今年7月HF入侵事件留下的「作案工具」。当时，OpenAI正在运行名为ExploitGym的安全测试实验。本该彼此隔离的智能体，找到了非授权的通信途径。约1200个智能体通过一个留言板交换了7万多条消息和文件，其中约700个进一步参与了针对HF的攻击。到了7月11日，有智能体已能在HF用于生产数据处理的工作进程里远程执行代码。随后，攻击向内部基础设施扩散。OpenAI称，这是其迄今发现的、由模型造成的此类活动中最严重的一次，主要由一个未公开的内部研究模型推动。如今，这8位调查者把散落在互联网上的碎片拼起来，也让一个问题浮出水面：这些AI，到底是怎么一步步越过限制的？只能读网页怎么拼出执行能力？最让人惊讶的，是它们获取执行能力的方式。据新报告，智能体先利用环境漏洞获得了外网访问能力，但这条访问路径似乎只支持GET请求。通俗点说，它们像是只能通过门缝向外「看」网页，无法直接像我们平时上网那样提交表单、发送各种操作请求。但网址本身也能夹带信息。它们首先找到了一类HTTP测试网站。这类网站能把网址里编码过的内容还原成网页，AI编写的程序片段由此有了落脚处。接着，它们找到了第二种工具：网页截图服务。这类服务在截图之前，必须先用自己的浏览器打开目标网页。而浏览器加载页面时，里面的程序也会运行。就这样，只有受限网页访问能力的AI，借到了外部浏览器的执行能力。AI把程序藏进链接，借截图服务的浏览器执行，再用截图带回结果。程序太长，一个网址装不下怎么办？拆开，再拼起来。它们把程序拆成许多小段，每个链接放一段，再指向下一段。浏览器沿着链条一路收集，最后重新组装成完整程序。调查报告发现，有些程序串联了超过900个链接！短链串起代码片段，外部浏览器逐段收集，拼成完整程序并执行。最后一步，程序运行完了，怎么把结果带回来？毕竟截图服务返回的只是一张图片。它们又想出了一个办法：把返回的数据编码成像素格子，让截图服务拍下来传回。拿到图片后，再把像素解码回文本。数据变成像素格子，随截图传回，再被AI还原成文本。网页承载代码，短链负责串联，外部浏览器负责执行，截图服务负责回传。几个用途普通的网络服务，被AI接成了一套可以运行程序、拿回结果的工具。这正是让Peter直呼「巧妙」的地方。但借用截图服务执行程序，与进入HF服务器，仍然是两个环节。前者提供执行和通信通道，后者还涉及HF侧漏洞的利用。在我们看来，这套组合最值得警惕的地方，是AI能借用外部服务，不断补齐自己缺少的能力。搜凭据、找外援：AI为何盯上HF？恢复出来的脚本，也揭开了这些AI进入HF后的一系列操作。HF一个内部数据集的说明文件，已经写下醒目的警告：「绝不能将这个数据集公开。」文件还特别注明，其中包含非常敏感的数据。HF内部数据集明确警告：包含敏感数据，严禁公开。但这道警告并没有阻止后续行动。报告发现，仍有脚本尝试探索这个数据集，并将其用作存储空间。在其他恢复出的脚本中，调查者还发现，有程序专门收集AWS凭据、访问令牌和敏感环境变量，并将这些信息放进一个名为LOOT的字典里。LOOT，直译过来就是「战利品」的意思。程序还会根据权限给令牌打分，优先挑选权限更高的候选，尝试获取更多内部信息。另一些脚本，将搜索目标对准了HF内部的Slack聊天记录。搜索词围绕ExploitGym、CyberGym和评分器等线索展开。还有程序设计了持续接收后续指令的控制器，并尝试删除先前上传的文件。它们试图把一次访问，变成可反复使用的操作条件。不仅如此，它们还懂得「摇人」。调查者发现，部分请求试图调用其他大模型，帮助判断漏洞利用是否满足评测要求。恢复出的测试请求：只回复「HELLO42」。Claude也出现在请求里，不过主要是要求它返回简短固定文本的测试。现有证据并不能证明Claude已经提供了攻击协助。看到这里，你可能会问：它们为什么要大费周章地干这些事？METR的调查给出了一条关键线索：攻击HF的主要动机，似乎是寻找评分器的实现信息，研究如何骗过评测。也就是说，为了弄清楚怎么得分，部分智能体把探索伸进了真实公司的系统。这才是让人不安的地方：当正常解题遇到困难，模型会不会把绕过规则，当成完成任务的另一条路？新报告恢复了大量智能体向外发送的代码，但对应的响应记录并不完整。因此，Slack搜索是否获得有效结果、清理痕迹是否成功，仍需进一步核实。超过8万段攻击代码，不等于8万次成功入侵。据报告转述，HF确认这批代码与内部调查发现的内容吻合，相关凭据也已于7月撤销。不过，HF此前并未发现这批具体短链。攻击结束两个多月后，它们仍公开可访问。智能体用来传递程序的短链，最终也成了调查者还原这场入侵的线索。工具的边界挡得住AI的组合能力吗？这次事件把权限设计中的一个盲区摆到了台前。网页读取、短链、截图，单看各有用途和限制。但把它们接起来，Agent获得了程序执行和结果回传能力。如果安全评估只盯着每个工具单独能做什么，就可能漏掉整套工具组合后的实际能力。对开发者来说，还得继续追问：AI能接触哪些外部服务？数据和指令怎样跨工具流动？这些服务又能替它执行什么？OpenAI也调整了对事件的解释。官方称，起初主要把它理解为安全问题，后来认识到，入侵与模型为解决困难任务而采取失准策略有关。而在HF事件后的安全加固中，新的缺口仍然出现了。OpenAI在9月25日更新的另一份报告中披露，9月20日，一个内部研究智能体利用DNS过滤缺口，联系上了外部聊天机器人。监控约12分钟后报警，人员随后3分钟内确认。但本应自动停止的训练运行没有停下，直到警报约2.5小时后才被人工终止。OpenAI称，这是HF事件安全加固后首次发现的此类事件，严重程度低于此前部分事件。这次事件暴露的，还有发现越界之后的处置缺口：警报响了，运行却没有按预期停下。修补漏洞、完善停止机制，可以处理已经发现的问题。但模型遇到难题时，是否仍会把「越界」当成可接受的解法，则需要从模型行为本身寻找答案。Swarm Traces报告揭示了工具权限设计的盲区。而OpenAI在9月25日更新的另一份报告，又暴露了发现越界之后的处置缺口：警报响了，运行却没有按预期停下。下一次，当我们给AI开放一个看似普通的工具时，不仅要问它能借此打开多少扇原本没有打算开放的门，还要问：一旦它跨过边界，我们能否及时让它停下来？参考资料：https://alignment.openai.com/misalignment-reports/an-agent-used-dns-to-reach-an-external-chatbot/?utm_source=chatgpt.comhttps://swarmtraces.org/https://x.com/JeffLadish/status/2103584703215497217编辑：元宇秒追ASI⭐点赞、转发、在看一键三连⭐点亮星标，锁定新智元极速推送！,,,,pending
新型无人机，亮剑黄岩岛,财联社,财联社,21C API,normal,2026-09-27T15:23:47+08:00,,据央视新闻，9月27日，中国人民解放军南部战区位黄岩岛周边海空域组织海空联合演训。某新型无人机飞赴黄岩岛周边空域，执行海空侦察任务。这型无人机具备高空、高速、长航时的侦察能力，将与多个机场起飞的各型战机组成空中体系，和位于黄岩岛附近海域的水面舰艇编队展开海空联合演训。,http://mp.weixin.qq.com/s?__biz=Mzg5MzEyNzEwNQ==&mid=2247854927&idx=1&sn=829e580e00324ae8b5b042f8618da6cd,,据央视新闻，9月27日，中国人民解放军南部战区位黄岩岛周边海空域组织海空联合演训。某新型无人机飞赴黄岩岛周边空域，执行海空侦察任务。这型无人机具备高空、高速、长航时的侦察能力，将与多个机场起飞的各型战机组成空中体系，和位于黄岩岛附近海域的水面舰艇编队展开海空联合演训。,,,,pending
这名企业员工，记二等功，奖励20000元,科技日报,科技日报,21C API,normal,2026-09-27T15:13:27+08:00,,近日，江苏省公布一批企业事故隐患内部报告奖励典型案例，持续推动安全治理模式向事前预防转型。案例一2026年1月，金陵石化公司化工一部净化合成工区员工王升巡检至变换、甲烷化二楼南侧区域时，随身携带的四合一报警仪发出一氧化碳、可燃气报警。经排查，南侧栏杆旁粗氢气管线处报警值较高。王升随即向中控汇报，并沿该管线向下进一步排查，发现直至南侧栏杆外下方二层小平台处，一氧化碳、可燃气持续高报警，初步判断该段粗氢气管线保温内阀门、法兰或管线有漏点，介质为温度约420℃、浓度超过98%的氢气。班长立即汇报工区，对该处进行蒸汽掩护，随后通过搭设脚手架、拆除保温进行漏点查找，确认为制氢甲烷化换热器出口阀管线大小头,http://mp.weixin.qq.com/s?__biz=MzI3NDI5MjI4OQ==&mid=2247899777&idx=1&sn=a4d95d9da6a7223eafbbeb4755da5b43,,近日，江苏省公布一批企业事故隐患内部报告奖励典型案例，持续推动安全治理模式向事前预防转型。案例一2026年1月，金陵石化公司化工一部净化合成工区员工王升巡检至变换、甲烷化二楼南侧区域时，随身携带的四合一报警仪发出一氧化碳、可燃气报警。经排查，南侧栏杆旁粗氢气管线处报警值较高。王升随即向中控汇报，并沿该管线向下进一步排查，发现直至南侧栏杆外下方二层小平台处，一氧化碳、可燃气持续高报警，初步判断该段粗氢气管线保温内阀门、法兰或管线有漏点，介质为温度约420℃、浓度超过98%的氢气。班长立即汇报工区，对该处进行蒸汽掩护，随后通过搭设脚手架、拆除保温进行漏点查找，确认为制氢甲烷化换热器出口阀管线大小头焊缝处有漏点。工区立即向运行部、公司汇报，并执行预案程序，逐步降低系统负荷，将泄漏的制氢甲烷化切出系统，经过氮气置换合格后，泄漏管段交出检修、消除缺陷。该泄漏点位于装置框架南侧边缘二层平台下方，极不易发现。因王升认真巡检，及时发现隐患，避免可能发生的事故，公司根据事故隐患内部报告奖励制度规定，给予王升记二等功并奖励20000元。案例二2026年7月，无锡市滨湖区华润华晶微电子有限公司A3工厂值班长浦晶在例行巡检时，发现成品一库周边出现烟雾，随即通知工作人员曹克共同开展排查。两人对相关区域仔细核查后，确认烟雾来自厂区相邻的一处杂物间。该建筑不属于公司管辖范围，且房门封闭上锁。浦晶第一时间拨打119报警，同步上报工厂，并在现场备好灭火器，落实应急防范措施。消防人员到场后破拆门锁，发现房间内堆放大量易燃易爆物品，其中一袋旧棉被已经起火，遂迅速扑灭明火。经调查，此起火情由人员随意丢弃烟头引发。该杂物间紧邻厂区，一旦火势蔓延至成品库，将造成严重后果。鉴于浦晶、曹克及时报告安全隐患，处置措施得当，避免发生事故，公司决定对二人分别给予2000元奖励。案例三2026年1月，徐工集团徐州重型机械有限公司装配车间一开关盒因内部元器件老化，出现线路过热冒烟险情。员工崔二朋发现隐患后，及时切断开关盒上级电源，并报告公司。根据事故隐患报告及安全改进奖励办法，公司给予崔二朋现金奖励600元并通报表扬。今年以来，该公司累计接到并处置隐患举报99起，组织各岗位员工从工艺、技术、管理维度开展隐患根源分析与改善38项，累计奖励222人次，奖励金额12.84万元。案例四2026年5月，常州宏微科技股份有限公司模块生产部员工伊亚杰在日常巡检时，发现生产接驳台缺少关键的安全光栅防护设施。该设备在高速运行状态下，若缺少安全联锁停机保护，一旦操作人员手部误入动作区域，极易引发严重的挤压、剪切类机械伤害，存在突出的作业安全风险。伊亚杰第一时间将隐患情况如实上报安全管理部门，安全管理部门接报后高度重视，组织专业人员赴现场开展全面的风险评估，制定整改方案，高效完成安全光栅的加装整改工作，从源头上彻底消除安全风险，保障了员工的人身安全与生产的平稳运行。该公司依据奖励制度，决定给予伊亚杰660元奖励，并在全公司通报表扬。案例五2026年7月，苏州常熟市新材料产业园大金氟化工（中国）有限公司员工在A111移送过程中，随着液面下降发现搅拌轴中心位置螺丝缺失，随即汇报运行组长。组长至现场后联络CCR运转搅拌，确认槽内掉落一颗螺栓，当即要求停止作业并上报公司。公司安排对螺杆采取复位紧固的临时对策，并增加每周确认一次螺纹连接松紧度的操作制度。该隐患的上报整改，有效降低了高速工况下物料泄漏及产品品质异常的风险。事后，公司组织类比排查其他搅拌轴，针对类似风险制定相应的长效对策。该公司根据安全奖惩制度，给予该员工2000元奖励。案例六南通市江苏嘉通能源有限公司为落实化工企业隐患内部报告奖励要求，自主研发“AI赋能恒云哨兵隐患治理APP”，依托AI智能算法，系统可多维度自动评定隐患等级、推送整改建议，替代传统经验判断模式，结合班组、车间、厂级三级复核机制，实现隐患上报、审核整改、奖励核销全流程闭环留痕。系统全覆盖各级岗位及第三方作业人员，支持图文、视频便捷上报，简化填报流程，实现员工“随手拍、随时报”，通过线上核定奖励、自动核销。2026年9月，员工周会鑫在重大事故隐患对标自查中发现，PTA装置2202区8楼西侧航空障碍灯为粉尘防爆型，与爆炸性气体环境防爆要求不匹配，存在引燃可燃气体的重大风险。他随即通过APP上报，AI自动评估为三级隐患，经现场复核，对照AQ3067-2026标准确认为重大事故隐患无误。公司立即断电警戒、停用设备、上报监管部门，加急更换合规灯具，并依规给予该员工800元现金奖励。截至目前，公司全员累计上报隐患近5000条，发放专项奖励10万余元，隐患处置周期缩短50%。安全无小事 安全生产人人有责来源：江苏应急管理编辑：王曼茜审核：张爽,,,,pending
半导体量测与检测全面升级：从光学、电子束到AI、虚拟量测与预测性维护,芯联汇,芯联汇,"21C API, 发布, 新产品, 实验室, lab, 样品, 量产, 落地, 爬坡",normal,2026-09-27T15:12:33+08:00,,先进制程倒逼量检测技术革新，灵敏度、精度与吞吐量持续突破机器学习、虚拟量测与预测性维护加速落地，晶圆厂迈向智能闭环制造最近看先进制程的发展，我越来越觉得，真正决定芯片能不能顺利走向量产的，已经不只是光刻、刻蚀和沉积，量测与检测的重要性正在被重新定义。随着制程不断微缩，GAA、3D NAND、高深宽比结构以及EUV陆续进入制造环节，缺陷越来越小、结构越来越复杂，传统“抽样检测+事后分析”的方式已经开始跟不上先进制造的节奏。这次我整理了应用材料（AMAT）、赛默飞世尔科技（Thermo Fisher Scientific）、西门子（Siemens）和意法半导体（STMicroelectronics,http://mp.weixin.qq.com/s?__biz=MzkwMTYxMzY2MA==&mid=2247514013&idx=1&sn=0033eb2653112641f294cca51e7a9eab,,"先进制程倒逼量检测技术革新，灵敏度、精度与吞吐量持续突破机器学习、虚拟量测与预测性维护加速落地，晶圆厂迈向智能闭环制造最近看先进制程的发展，我越来越觉得，真正决定芯片能不能顺利走向量产的，已经不只是光刻、刻蚀和沉积，量测与检测的重要性正在被重新定义。随着制程不断微缩，GAA、3D NAND、高深宽比结构以及EUV陆续进入制造环节，缺陷越来越小、结构越来越复杂，传统“抽样检测+事后分析”的方式已经开始跟不上先进制造的节奏。这次我整理了应用材料（AMAT）、赛默飞世尔科技（Thermo Fisher Scientific）、西门子（Siemens）和意法半导体（STMicroelectronics）四家机构关于下一代半导体量测与检测的技术分享。看完之后，一个趋势非常清晰：半导体量检测正在从单纯的“看缺陷、测尺寸”，走向海量晶圆检测、原子级量测、机器学习、Virtual Metrology（虚拟量测）和Predictive Maintenance（预测性维护）。未来的晶圆厂，甚至可能不再是“发现问题再解决问题”，而是通过数据和AI提前预测缺陷、预测工艺漂移、预测设备故障，并最终走向闭环智能制造。这篇文章，我们就来看看这场正在发生的半导体量检测革命。一、这份材料真正想说明什么？这份合集虽然来自 AMAT、Thermo Fisher Scientific、Siemens EDA、STMicroelectronics 四家机构，但实际上围绕的是同一个核心主题：先进半导体制造进入3D结构、复杂材料和海量数据时代后，传统“抽样式、离线式、单设备式”的量测与检测已经不够，行业正在向高灵敏度、高吞吐量、海量采样、机器学习、虚拟量测和预测性维护驱动的智能过程控制体系演进。 AMAT更偏“检测设备”，赛默飞更偏“高端量测平台”，西门子更偏“机器学习与数据”，ST则更偏“如何真正落地到晶圆厂”。二、AMAT：先进制程正在倒逼晶圆检测从“抽样”走向“海量检测”随着制程节点继续微缩以及器件全面3D化，检测与量测正在成为先进制程能否顺利研发、爬坡和量产的关键基础设施。过去晶圆厂面对的主要是二维平面结构，但进入先进节点之后，问题同时来自五个方向：Design Rule Shrink使致命缺陷越来越小；GAA等3D晶体管带来侧壁、沟槽和无直视路径结构；3D NAND等高深宽比结构产生埋藏缺陷；工艺窗口越来越窄导致系统性缺陷增加；EUV又带来了新的Mask和灵敏度要求。也就是说，不是简单把显微镜“看得更清楚”就可以，而是整个检测体系都必须升级。AMAT特别强调了一个很重要的变化：从Statistical Sampling（统计抽样）走向Massive Sampling（海量采样）。传统少量测点只能判断晶圆大概是否正常，而高密度全晶圆检测能够看到完整的Process Signature，也就是工艺在晶圆上留下的空间“指纹”。这使工程师能够快速判断问题来自沉积、刻蚀、光刻还是其他工艺环节，把部分Root Cause分析从“几天”缩短到“几分钟”。 因此AMAT给出的技术路线实际上围绕三个指标展开：Sensitivity（灵敏度）+ Productivity（生产率）+ New Information（新的量测信息）。 光学检测方面，通过自适应波前控制、激光束参数自动控制、Flexible Optics等技术提高小缺陷检测能力；电子束检测则通过新的电子柱、电子源、探测器以及系统设计，同时提高分辨率和吞吐量。更值得注意的是，检测设备正在越来越像一台AI计算系统。 AMAT的光学检测平台需要处理几十GB/s级别的数据流，并实时运行Computer Vision和Deep Learning算法，因此GPU/HPC、数据通信和大容量存储正在成为检测设备的重要组成部分。 AMAT最后还提出跨设备ML分析：把光学检测、电子束检测以及其他Metrology数据放在一起，让机器学习寻找不同工艺步骤和不同检测工具之间的关联。换句话说，未来检测不再是“某一台设备找缺陷”，而是多台设备+海量数据+AI共同建立晶圆的数字化工艺画像。 AMAT总结：先进节点正在推动晶圆检测从“少量抽检”进入“全晶圆海量检测+AI分析”时代，光学检测、电子束检测和HPC正在形成新的智能过程控制平台。三、Thermo Fisher：量测设备正在从“测量仪器”升级为Industry 4.0的CPS智能节点如果说AMAT关注的是“怎么发现越来越小的缺陷”，赛默飞关注的则是另一个矛盾：分辨率越来越高、结构越来越复杂，但晶圆厂又要求量测速度越来越快。这是先进制程量测最核心的矛盾。因为分辨率越高，探测区域越小、信号越弱，理论上检测时间反而会增加；与此同时3D NAND、先进逻辑等结构越来越复杂，要求获得的信息越来越多。因此赛默飞把目标概括成两个方向：Higher Complexity + Higher Productivity。解决方案不是单纯提升某一个传感器，而是同时升级Source、Detector、Measurement Modality、Sample Handling、Automation以及软件，从整个系统层面提高Throughput。报告重点介绍了几条路线：多通道集成OCD、Multi-head SPM以及自动化TEM。其中TEM的变化尤其值得关注。传统TEM虽然可以提供原子级信息，但样品制备、设备调节、图像获取和数据分析高度依赖工程师，因此难以真正进入High Volume Metrology。赛默飞希望通过自动实验设置、自动TEM/STEM/EDS采集以及机器学习驱动的Smart Automation，把TEM从实验室级分析工具逐渐推向高通量原子级量测平台，目标应用包括先进逻辑、DRAM和3D NAND。这背后还有一个更大的变化：Metrology Tool正在变成Cyber Physical System（CPS）。未来量测设备不仅负责“测数据”，还需要具备Connectivity、Quality Monitor、Smart Acquisition、Smart Tool Setup、Predictive Tool Availability和Adaptive Tool Readiness。也就是说，设备自身要知道“我现在状态怎么样”“数据质量是否可靠”“什么时候需要校准”“什么时候可能出问题”，然后把数据接入整个智能晶圆厂。报告给出的自动化S/TEM体系甚至强调自动Tool Readiness、Image Quality Monitoring和Smart Alignment，希望获得稳定、高一致性的高通量参考数据。所以赛默飞真正想表达的是：先进量测设备的竞争正在从分辨率竞争，升级为“分辨率+吞吐量+自动化+数据+智能化”的综合竞争。Thermo Fisher 总结：未来TEM、SPM、OCD等量测平台将不再只是独立仪器，而会成为Industry 4.0晶圆厂中的智能CPS节点，实现原子级量测、高吞吐自动化和数据驱动制造。四、西门子：机器学习真正进入晶圆厂，核心不是“大模型”，而是Virtual Metrology西门子这份报告的重点和前两份明显不同，它回答的是 晶圆厂已经产生这么多检测和工艺数据，到底怎么用AI把这些数据转化成良率和生产效率？报告首先强调，半导体制造的Machine Learning和互联网ML完全不同。互联网往往是“海量用户+相对少的特征”，而半导体制造则可能是一片晶圆拥有大量量测数据、工艺参数、空间信息和物理规律，因此形成的是典型的Wide and Shallow Data。 所以半导体ML不能简单照搬互联网AI，而必须把Process Data + Metrology Data + Design Data + Wafer Spatial Data + Physics Knowledge结合起来。报告第一个重要应用就是 Virtual Metrology（虚拟量测）。以CVD为例，如果模型不仅知道设备参数，还知道不同芯片设计如何与工艺相互作用，就可以预测没有被实际量测的晶圆，甚至推广到此前没有见过的新产品。第二个应用是Root Cause Analysis。通过SHAP等Explainable AI技术，可以分析异常晶圆为什么偏高或偏低，并找出究竟是哪个Process Parameter、Design Parameter或者Metrology Parameter造成异常。这一点非常重要，因为晶圆厂真正需要的不只是AI说“这里异常”，而是：为什么异常？应该调哪个参数？第三个方向是Predictive Maintenance（预测性维护）。通过分析电镀、CVD等设备的多传感器时间序列，把设备运行状态转换成Feature，再训练模型提前判断设备是否正在接近Failure，从而从固定周期维护转向状态驱动维护。第四个方向则更进一步——Cross-Metrology / Full Process History Modeling。不再只看当前工序，而是把晶圆此前经历的光刻、刻蚀、CMP、膜厚、Overlay、CD等历史数据全部串联起来，建立完整Wafer History，再预测最终Electrical Test结果。报告数据显示，在一个大样本案例中，跨量测方法使Electrical Test预测的平均绝对误差由0.354降到0.185，约减少47.74%。 这意味着AI最终可能改变传统晶圆厂的量测逻辑：不是每一步都必须100%物理测量，而是“少量高质量真实量测+大量虚拟量测+跨工序AI预测”。Siemens 总结：半导体AI真正有价值的方向，是把设计、设备、工艺、量测和电性数据打通，通过Virtual Metrology、Root Cause Analysis和Predictive Maintenance，把晶圆厂从“检测问题”升级为“预测问题”。五、STMicroelectronics：把Virtual DOE、Virtual Metrology和Predictive Maintenance真正装进FabST的视角最接近真正的晶圆制造端。报告围绕MADEin4项目讨论如何把前面几家公司提供的检测、量测、AI和数据技术真正放进量产线，核心目标就是 提高Yield、缩短工艺开发周期、降低量测成本、提高设备Availability。报告给出的路线可以概括为三层：Virtual DOE → Virtual Metrology → Predictive Maintenance。首先是 Virtual DOE（虚拟实验设计）。传统半导体工艺开发需要大量晶圆反复调整Recipe，而ST尝试把Simulation与Real DOE结合。例如在SiC Trench Plasma Etching案例中，通过模拟大量工艺条件，报告称物理实验迭代次数减少了约10倍。Cu ECD热处理案例则利用虚拟实验扩展远多于真实实验的条件空间。第二层是 Virtual Metrology。例如铜电镀工艺中，通过设备数据和已有量测结果训练模型，给同一个Lot中没有实际量测的晶圆生成“虚拟量测值”，最终目标就是降低Sampling Frequency，减少Test Wafer以及实体量测需求。第三层是 Predictive Maintenance。ST给出了非常具体的晶圆厂案例：Cu ECD设备中的Pins会因为腐蚀突然失效，过去只能按照固定周期更换；现在通过Camera+算法监控Pins状态，可以从Time-based Maintenance转向Condition-based Maintenance。另一个CVD案例则通过算法提前识别TEOS Injection Valve堵塞和流量下降，从而在真正影响晶圆之前进行维护。ST最后把这些技术放进一个统一的Industry 4.0框架：Simulation → Virtual DOE → Advanced Metrology → Virtual Metrology → Process Control → Predictive Maintenance → Data Interoperability。最终目的并不是为了“使用AI”本身，而是加快新产品Qualification、提高设备Availability、降低Cost of Ownership，并优化Process Control。 ST总结：智能晶圆厂的核心不是单独增加一台先进检测设备，而是把虚拟实验、先进量测、虚拟量测、过程控制和预测性维护连接起来，让制造系统从“事后发现问题”转向“事前预测和控制问题”。小编总结先进制程正在推动半导体量检测从单纯的“设备赛道”，升级为“检测设备+高端量测+HPC+AI+虚拟量测+智能过程控制”的完整技术体系；量检测正在从制造流程中的辅助环节，逐渐变成先进制程良率爬坡和Industry 4.0智能晶圆厂的核心基础设施。END:原始报告我放在知识星球了，我们在星球中每日会更新半导体行业信息，技术拆解报告，市场分析报告，欢迎大家的加入~资料整理耗时耗力，专为学习与深度交流而备。若您希望获取报告原件，或有额外资源等需求，欢迎私信联系！除公众号发布的资料外，我们的知识星球——「芯联汇」还有更丰富和富有价值的资源，包括：最新的技术与市场深度分析报告全球半导体龙头企业产品路线图顶尖科研院所和高校的研究成果和讲义教程半导体各细分领域的趋势判断行业峰会演讲精华与专家访谈实录欢迎扫码加入，与更多行业同行交流，开启您的半导体知识进阶之旅！ 关注芯联汇，掌握""芯""讯息 不喜欢半导体量测与检测全面升级：从光学、电子束到AI、虚拟量测与预测性维护",,,,pending
台州国资基金新晋广汽旗下飞行汽车单一最大股东,科创板日报,科创板日报,"21C API, 签约, 投资, 科创板, 量产, 落地",normal,2026-09-27T15:02:47+08:00,,高域AirCab全国智造总部近日签约落地台州湾新区。项目规划用地500亩，一期投资10亿元，计划今年四季度开工，一期规划建设年产1000台AirCab的量产产线，并布局关键零部件配套、试飞测试及研发运营等功能。《科创板日报》记者注意到，高域近日完成工商变更，新增股东晨熹开源云途持股约23.08%，成为第一大单一股东。该基金由台州国企台州市开投资本运营有限公司认缴出资99%。不过据高域此前披露，广汽集团及旗下基金合计仍为公司第一大持股方。（小K注：高域是由广汽集团孵化的飞行汽车企业，于2025年初实现独立运营。）,http://mp.weixin.qq.com/s?__biz=Mzg4MTEyNzc4Mg==&mid=2247647811&idx=1&sn=f2416b2e7e55d9d731ed60db25b4d3a5,,高域AirCab全国智造总部近日签约落地台州湾新区。项目规划用地500亩，一期投资10亿元，计划今年四季度开工，一期规划建设年产1000台AirCab的量产产线，并布局关键零部件配套、试飞测试及研发运营等功能。《科创板日报》记者注意到，高域近日完成工商变更，新增股东晨熹开源云途持股约23.08%，成为第一大单一股东。该基金由台州国企台州市开投资本运营有限公司认缴出资99%。不过据高域此前披露，广汽集团及旗下基金合计仍为公司第一大持股方。（小K注：高域是由广汽集团孵化的飞行汽车企业，于2025年初实现独立运营。）,,,,pending
9月28日线上直播|深部地热开发模拟学术论坛,中国可再生能源学会地热能专委会,中国可再生能源学会地热能专委会,"21C API, 储能, 储能系统, 政策, 发布, 实验室, 并网",normal,2026-09-27T14:53:55+08:00,,石油科学通报线上学术论坛第17期：深部地热开发模拟会议召集人：孔彦龙，‌中国科学院地质与地球物理研究所报告人：白冰 黄永辉 田小明时间：9月28日 15:00—17:00直播地址：（一）《石油科学通报》视频号：（二）蔻享学术：01报告题目：井筒流动传热模型及其在CO2封存和地热开发中的应用报告人：白冰，研究员，中国科学院武汉岩土力学研究所内容简介：深部地热开发和CO2地质封存都涉及到流体注采问题，这有设计井筒内部流动与传热。本报告介绍了研究团队在CO2地质封存和深部地热开发研究中发展的井筒内流动传热、多场合耦合及相变方面的研究成果，尤其是介绍了其CO2地质封存井口压力设计及其在地热井筒防垢除垢,http://mp.weixin.qq.com/s?__biz=Mzk0MDQ5MTE5OQ==&mid=2247495341&idx=1&sn=326ec7c8e76d3084c60f0d02393d15be,,石油科学通报线上学术论坛第17期：深部地热开发模拟会议召集人：孔彦龙，‌中国科学院地质与地球物理研究所报告人：白冰 黄永辉 田小明时间：9月28日 15:00—17:00直播地址：（一）《石油科学通报》视频号：（二）蔻享学术：01报告题目：井筒流动传热模型及其在CO2封存和地热开发中的应用报告人：白冰，研究员，中国科学院武汉岩土力学研究所内容简介：深部地热开发和CO2地质封存都涉及到流体注采问题，这有设计井筒内部流动与传热。本报告介绍了研究团队在CO2地质封存和深部地热开发研究中发展的井筒内流动传热、多场合耦合及相变方面的研究成果，尤其是介绍了其CO2地质封存井口压力设计及其在地热井筒防垢除垢方面的应用。02报告题目：耦合相场-THM模型的干热岩水力裂缝扩展规律研究报告人：黄永辉，副教授，中国石油大学（北京）内容简介：干热岩储层水力裂缝扩展规律是人工热储构建的关键。本报告结合岩石物性测试与三轴水力压裂实验，建立热–流–固-损伤伤耦合相场模型，并通过压裂曲线与裂缝形态对比验证。重点分析地应力差、注入速率、流体黏度及储层温度对破裂压力和裂缝扩展的影响，并进一步探讨水力裂缝与天然裂缝的相互作用，揭示裂缝转向、贯穿及沿天然裂缝扩展的控制条件，为干热岩储层压裂参数优化提供依据。03报告题目：太阳能集热超临界水耦合地热储能系统数值模拟研究及认识报告人：田小明，副研究员，中国科学院广州能源研究所内容简介：本研究提出了一种利用聚光太阳能（CSP）系统提供的超临界水进行地热储能（GES）的数值模拟框架。该模拟方法针对水在临界点附近物性剧变所引发的严重非线性问题，将超临界态视为液相的延伸，从而引入了一种“伪液相”。数值模拟基于DARTS模拟框架实现，该框架结合了基于算子的线性化方法（OBL）、基于CoolProp的流体物性计算以及用于井筒传热的Ramey模型。该建模方法保证了数值稳定性，并为GES-CSP系统的设计与优化提供了实用指导。关于我们《石油科学通报》由国家新闻出版广电总局批准创刊，国内连续出版物号为CN10-1405/TE，中文，双月刊，大16开，公开发行，主管单位为教育部，主办单位为中国石油大学（北京）、清华大学出版社有限公司，其中中国石油大学（北京）为主要主办单位，出版单位为清华大学出版社有限公司。主要发表石油地质、石油地球物理、石油工程、石油机械、石油化工、石油经济等领域新思想、新成果，综合反映石油自然科学与社会科学多学科交叉基础研究进展，为石油科学家搭建高水平的学术交流平台，推动石油科学创新发展。END往期精彩推荐热点新闻1、2023年世界地热大会盛大召开2、自然资源部浅层地热能重点实验室揭牌3、世界地热大会考察团赴城市副中心考察交流4、中国可再生能源学术大会地热能年会在南京召开5、国家能源局党组书记、局长章建华到雄安新区调研嘉宾专访1、地热专委会年会嘉宾专访——李元普2、地热专委会年会嘉宾专访——张大伟3、地热专委会年会嘉宾专访——刘少敏4、地热专委会年会嘉宾专访——田廷山5、地热专委会年会嘉宾专访——鞠建华资料分享1、刘久荣：地热行业发展的思考2、王贵玲：中国地热资源形成模式与减排潜力3、汪集暘院士：地热开发利用与碳中和/碳达峰4、庞忠和：中深层地热储能--技术研发与应用示范5、李宁波：加快地热及热泵应用，促进供热系统重构欢迎加入我们学会简介中国可再生能源学会是由从事新能源和可再生能源研究、开发、应用的科技工作者及有关单位自愿组成并依法登记的全国性、学术性和非营利性的社会团体，接受业务主管单位中国科学技术协会和社会团体登记管理机关中华人民共和国民政部的业务指导和监督管理。学会成立于1979年9月，先后设立了太阳能光伏、生物质能、热利用、风能、光化学、氢能、地热能、太阳能建筑、海洋能、天然气水合物、可再生能源发电并网、储能、热发电、综合系统以及可再生能源动力专委会共15个专业委员会，工作委员会6个，单位会员70个。具有多学科、综合性的特点，是目前中国可再生能源领域内最具影响力的学术团体之一，拥有各级会员11738人，是国际太阳能学会、世界风能协会、国际氢能协会的成员。曾多次为中国可再生能源领域的重大技术经济决策提供咨询和建议，成为国家能源管理部门和企业间联系的桥梁和纽带。地热能专委会简介中国可再生能源学会地热能专业委员会，由原地源热泵专业组发展而来，是学会重要的二级专业机构。专委会汇聚全国400余名个人会员、40家单位会员，覆盖地热资源勘查、工程建设、装备制造、标准制定、成果转化等全产业链关键环节。“十五五”时期，专委会将立足行业发展需求，构建“学术研究—标准制定—成果发布—项目对接—示范推广—政策建议”的全闭环行业服务体系，聚焦浅层与中深层地热能开发，围绕国家“双碳”战略与新型能源体系建设，致力打造高水平、有影响力的地热行业专业平台，持续赋能我国能源绿色低碳转型与地热产业提质升级。地热能专委会联系方式专委会主任：马静晨电话：***********邮箱：***********@126.com专委会秘书长：郭帅电话：***********邮箱：374055218@qq.com专委会副秘书长：刘哲电话：***********邮箱：984496196@qq.com专委会副秘书长：王中鹏电话：***********邮箱：spgwzp@163.com专委会副秘书长：蔡皖龙电话：***********邮箱：wanlongcai@xjtu.edu.cn,,,,pending
西安一金店摆放2米多长金箍棒，一口价428.8万元,财联社,财联社,21C API,normal,2026-09-27T14:50:00+08:00,,9月25日，有网友发文称，周大福挺厉害的，金箍棒给做出来了。所配图片显示，玻璃展柜里放着一根金箍棒，展品介绍：采用足金经典还原“如意金箍棒”，总重量7616.06克，金重约1740.81克，全长2016.28mm，一口价428.8万元。展品还介绍，金箍棒源自《西游记》经典法器，棒身纹路图腾细致流畅，工艺精湛。象征着克敌制胜、威震八方的豪情壮志，还喻有逢凶化吉、万事顺遂的吉祥之意。26日上午，记者联系到上述发文者郭同学。他说自己来咸阳上学，中秋没回去，昨天去西安逛街时，在一家购物中心看到了这根金箍棒，“作为一名00后，孙悟空是我从小看到大的非常喜欢的角色，哪个男孩子从小没有幻想自己有一根如意金箍,http://mp.weixin.qq.com/s?__biz=Mzg5MzEyNzEwNQ==&mid=2247854917&idx=1&sn=aff65441156e6c234df1be75a4059be1,,9月25日，有网友发文称，周大福挺厉害的，金箍棒给做出来了。所配图片显示，玻璃展柜里放着一根金箍棒，展品介绍：采用足金经典还原“如意金箍棒”，总重量7616.06克，金重约1740.81克，全长2016.28mm，一口价428.8万元。展品还介绍，金箍棒源自《西游记》经典法器，棒身纹路图腾细致流畅，工艺精湛。象征着克敌制胜、威震八方的豪情壮志，还喻有逢凶化吉、万事顺遂的吉祥之意。26日上午，记者联系到上述发文者郭同学。他说自己来咸阳上学，中秋没回去，昨天去西安逛街时，在一家购物中心看到了这根金箍棒，“作为一名00后，孙悟空是我从小看到大的非常喜欢的角色，哪个男孩子从小没有幻想自己有一根如意金箍棒呢？”2米多长的金箍棒展品（来源：@初见）金箍棒展品介绍（来源：@初见）随后，记者联系上述购物中心咨询。“那个只是展品，属于非卖品。”金店的工作人员介绍，这个展品去年就开始上柜了，如果看中了有需要，可以订做，至于此前有没有顾客订购，不方便透露公司内部的销售情况。如果对产品感兴趣，可以直接来店看货。另据新民晚报2024年8月28日报道，随着国产3A游戏《黑神话：悟空》的爆火，带来了一波“金箍棒”热潮。有网友发现，有金店（注：与上述西安金店系同一家店）也卖起了“金箍棒”。当时的数据，该金箍棒总重量7616.06克，金重1755克，全长2016.28毫米，一口价179.98万元。对于该款金箍棒是否跟最近大热的游戏《黑神话：悟空》有关系，上述工作人员回复称：“这个是没有关系的，这是在《黑神话：悟空》出来之前很早就有，可能现在因为这个游戏，它的曝光量会高一些。金店会做很多比较有收藏价值的一些东西，包括打的一些摆件。”来源：极目新闻、新民晚报,,,,pending
太空钙钛矿光伏中试产线预计11月底建成,钙钛矿光伏,钙钛矿光伏,"RIOnews API, 钙钛矿, 柔性钙钛矿, 产品发布, 发布, 全新, 合作进展, 融资, 合作, 学术研究, 大学, 研究所",normal,2026-09-27T14:36:06+08:00,,●由曼恩斯特黄金赞助的2026钙钛矿与太空光伏技术、设备和材料论坛将于10月27-28日在常州召开●来自极电光能、仁烁光能、阿特斯、通威、星翼芯能、先导微电子、睿合科技、恒羲光伏、中科羲和等单位的领导专家将作重要报告近日，北京烁威光电科技有限公司在北京经开区举办成立三周年活动暨乔迁仪式，全新办公场所在中核261科创园启用，将成为公司推进钙钛矿光伏技术开发与成果转化的核心载体。目前，烁威光电正在北京经开区建设太空钙钛矿光伏中试产线，面积近3000平方米，集太空钙钛矿电池芯片研发与太空环境模拟测试平台建设于一体，预计今年11月底完成产线建设及设备入场。成立3年，烁威光电跑出发展“加速度”，已完成两,http://mp.weixin.qq.com/s?__biz=MzkyNTYzNjI1NQ==&mid=2247495921&idx=1&sn=cfa875c8af9cadf546528af59717ddee,,●由曼恩斯特黄金赞助的2026钙钛矿与太空光伏技术、设备和材料论坛将于10月27-28日在常州召开●来自极电光能、仁烁光能、阿特斯、通威、星翼芯能、先导微电子、睿合科技、恒羲光伏、中科羲和等单位的领导专家将作重要报告近日，北京烁威光电科技有限公司在北京经开区举办成立三周年活动暨乔迁仪式，全新办公场所在中核261科创园启用，将成为公司推进钙钛矿光伏技术开发与成果转化的核心载体。目前，烁威光电正在北京经开区建设太空钙钛矿光伏中试产线，面积近3000平方米，集太空钙钛矿电池芯片研发与太空环境模拟测试平台建设于一体，预计今年11月底完成产线建设及设备入场。成立3年，烁威光电跑出发展“加速度”，已完成两轮合计超亿元的Pre-A轮融资，并与上海空间电源研究所、深空探测实验室两支航天领域“国家队”建立深度合作，牵头发布了太空钙钛矿领域首个技术标准规范。烁威光电创始人兼CEO叶冯俊介绍，把握商业航天产业发展机遇，公司已构建起从宇航级钙钛矿电池芯片、太阳翼系统集成到在轨验证的全链条技术体系。在产品布局上，公司推出“御曦”系列产品，包括三款面向宇航级应用的钙钛矿电池芯片“天垣”“垂云”“太素”。其中，天垣系列主要具备刚性和轻量化优势，面向低成本空间应用，未来适合通导遥卫星的批量替代场景；垂云系列的核心优势是柔性可卷绕，具有较高收纳比，未来适用于大型算力卫星、大型空间站、星座等场景；太素系列是基于钙钛矿技术的叠层电池，效率可达到30%以上，未来能够满足卫星对更小占用面积和更高单位面积功率的需求。基于这三款钙钛矿电池芯片，烁威光电于今年3月发布了行业首款系统级钙钛矿太阳翼“御曦天垣”系列，搭载刚性、轻量化的天垣电池芯片，实现从电池片到太阳翼整板系统的集成。来源：亦城时报会议信息会议名称：2026钙钛矿与太空光伏技术、设备和材料论坛主办方： 亚化咨询会议时间：2026年10月27-28日会议地点：江苏常州签到时间：2026年10月26日16:00-21:00签到流程：请凭名片直接于签到台领取资料、胸卡会议日程10月26日16:00-21:00 会前注册10月27日08:20~12:30 演讲报告12:30~14:00 自助午餐与交流14:00~18:00 演讲报告18:00~20:00 招待晚宴10月28日08:20~12:30 演讲报告12:30~14:00 自助午餐与交流初步议程10月27日上午钙钛矿技术新纪元：筑能于地，聚光于天——建筑光伏与太空光伏的融合与突破——仁烁光能（苏州）有限公司太空光伏核心材料与柔性太阳翼——上海星翼芯能科技有限公司钙钛矿产业化涂布技术挑战及方案——深圳市曼恩斯特科技有限公司晶硅异质结(HJT)电池产业化技术开发进展及太空光伏应用思考——阿特斯阳光电力集团有限公司太空能源互联网思考与展望——清华大学钙钛矿产业化发展现状及展望——极电光能有限公司空间太阳电池阵技术发展趋势浅析——中电科蓝天科技股份有限公司基于低成本太阳电池的商业卫星空间用封装技术——中国航天科技集团上海太阳能工程技术研究中心(待定)10月27日下午全尺寸钙钛矿晶硅叠层电池量产技术瓶颈和产业化进展——通威太阳能（成都）有限公司光因科技钙钛矿组件技术进展及太空应用展望——光因科技标题待定——先导微电子太空光伏关键技术解析及全流程测试方案——TÜV南德PhenoExo™太空光伏专用一体化解决方案——现象创新（深圳）科技有限公司（待定）先进材料助力钙钛矿叠层电池产业化——睿合科技钙硅叠层电池量产制备技术探讨——上海安普态新能源有限公司（待定）钙钛矿光伏结晶调控、缺陷钝化及其稳定性研究——浙江大学宁波科创中心10月28日上午上海电气异质结技术和产品及太空光伏电池技术进展——恒羲光伏轻质柔性钙钛矿组件：开启航天光伏新纪元——大正微纳钙钛矿/硅异质结叠层光伏技术研发进展与产业化实践——宣城先进光伏技术有限公司柔性钙钛矿/铜铟镓硒叠层电池研究进展及太空应用探索——西湖阳光中能创柔性卷绕式太阳翼——低轨卫星光伏成本直降90%——中能创光电科技(常州)有限公司商业航天膜层结晶技术与装备——可复用发动机热防护涂层+钙钛矿光伏薄膜——凯伏光电/西安交通大学基于钙钛矿光伏技术的新能源汽车车顶光伏发电系统设计与能量管理策略研究——中科羲和报告不断更新中...参会费用优惠票：9月24日前，2200元/位正常票：10月27日前，3200元/位赞助方案合作征集：为更好实现活动效果，欢迎各企业联系报名参会、企业会议期间播放宣传视频/演讲报告/会议吊绳/商务考察/A4彩页/展位/易拉宝/茶歇赞助/晚宴赞助/礼品等赞助宣传，会议期间提供优质钙钛矿电池、材料、组件、设备等产业链相关企业展示，展台位置有限，先定先得亚化咨询会议赞助项目介绍主题演讲做一个主题演讲，介绍您的公司和业务现场展台现场展板(2m*3m)，也可展示设备、样品、资料会刊广告研讨会会刊，彩色全页广告（尺寸A4）资料入袋赞助企业的宣传册放入会议包袋现场易拉宝会场内外展示易拉宝展架礼品赞助您可以提供印有赞助商LOGO的礼品赠送参会嘉宾茶歇赞助冠名和赞助会议期间的茶歇晚宴赞助冠名和赞助会议的招待晚宴Logo展示背景墙 logo，会刊封面logo播放视频在会议茶歇、午餐期间播放贵公司的宣传视频联系我们微信/电话｜*********** （朱经理）邮箱｜ritazhu@chemweekly.com不喜欢2026钙钛矿与太空光伏技术、设备和材料论坛将于10月27-28日在常州召开！,,,,pending
2026钙钛矿与太空光伏技术、设备和材料论坛将于10月27-28日在常州召开,钙钛矿光伏,钙钛矿光伏,"RIOnews API, 钙钛矿, 全钙钛矿叠层, 柔性钙钛矿, 技术进展, 工艺优化, 量产工艺, 制备工艺",normal,2026-09-27T14:36:06+08:00,,●由曼恩斯特黄金赞助的2026钙钛矿与太空光伏技术、设备和材料论坛将于10月27-28日在常州召开会议信息会议名称：2026钙钛矿与太空光伏技术、设备和材料论坛主办方： 亚化咨询会议时间：2026年10月27-28日会议地点：江苏常州签到时间：2026年10月26日16:00-21:00签到流程：请凭名片直接于签到台领取资料、胸卡会议日程10月26日16:00-21:00 会前注册10月27日08:20~12:30 演讲报告12:30~14:00 自助午餐与交流14:00~18:00 演讲报告18:00~20:00 招待晚宴10月28日08:20~12:30 演讲报告12:30~14:00 自,http://mp.weixin.qq.com/s?__biz=MzkyNTYzNjI1NQ==&mid=2247495921&idx=3&sn=f35e8b8cd742985b5836b20762fc522d,,●由曼恩斯特黄金赞助的2026钙钛矿与太空光伏技术、设备和材料论坛将于10月27-28日在常州召开会议信息会议名称：2026钙钛矿与太空光伏技术、设备和材料论坛主办方： 亚化咨询会议时间：2026年10月27-28日会议地点：江苏常州签到时间：2026年10月26日16:00-21:00签到流程：请凭名片直接于签到台领取资料、胸卡会议日程10月26日16:00-21:00 会前注册10月27日08:20~12:30 演讲报告12:30~14:00 自助午餐与交流14:00~18:00 演讲报告18:00~20:00 招待晚宴10月28日08:20~12:30 演讲报告12:30~14:00 自助午餐与交流初步议程10月27日上午钙钛矿技术新纪元：筑能于地，聚光于天——建筑光伏与太空光伏的融合与突破——仁烁光能（苏州）有限公司钙钛矿光伏的空间应用需求、验证路径与产业机会——上海星翼芯能科技有限公司钙钛矿产业化涂布技术挑战及方案——深圳市曼恩斯特科技有限公司晶硅异质结(HJT)电池产业化技术开发进展及太空光伏应用思考——阿特斯阳光电力集团有限公司太空能源互联网思考与展望——清华大学钙钛矿产业化发展现状及展望——极电光能有限公司空间太阳电池阵技术发展趋势浅析——中电科蓝天科技股份有限公司基于低成本太阳电池的商业卫星空间用封装技术——中国航天科技集团上海太阳能工程技术研究中心(待定)10月27日下午全尺寸钙钛矿晶硅叠层电池量产技术瓶颈和产业化进展——通威太阳能（成都）有限公司光因科技钙钛矿组件技术进展及太空应用展望——光因科技标题待定——先导微电子太空光伏关键技术解析及全流程测试方案——TÜV南德PhenoExo™太空光伏专用一体化解决方案——现象创新（深圳）科技有限公司（待定）先进材料助力钙钛矿叠层电池产业化——睿合科技钙硅叠层电池量产制备技术探讨——上海安普态新能源有限公司（待定）钙钛矿光伏结晶调控、缺陷钝化及其稳定性研究——浙江大学宁波科创中心10月28日上午上海电气异质结技术和产品及太空光伏电池技术进展——恒羲光伏轻质柔性钙钛矿组件：开启航天光伏新纪元——大正微纳钙钛矿/硅异质结叠层光伏技术研发进展与产业化实践——宣城先进光伏技术有限公司柔性钙钛矿/铜铟镓硒叠层电池研究进展及太空应用探索——西湖阳光中能创柔性卷绕式太阳翼——低轨卫星光伏成本直降90%——中能创光电科技(常州)有限公司商业航天膜层结晶技术与装备——可复用发动机热防护涂层+钙钛矿光伏薄膜——凯伏光电/西安交通大学基于钙钛矿光伏技术的新能源汽车车顶光伏发电系统设计与能量管理策略研究——中科羲和报告不断更新中...会议背景钙钛矿和叠层电池有望成为下一代主流光伏发电技术，并将在太空光伏占据重要地位。钙钛矿单结电池以半透明、可柔性化、可室内发电等优势，在BIPV、消费电子、可穿戴设备、新能源汽车等领域有广阔的应用前景。钙钛矿与异质结、TOPCon或XBC组成叠层电池则有望在户用光伏、工商业光伏和集中式发电场景占据优势。太空光伏为P型HJT、钙钛矿和叠层电池带来了新的市场。传统卫星上用的砷化镓电池成本高昂，且原料和产能受限，无法满足商业航天快速增长的需求。超薄P型HJT电池与柔性太阳翼高度适配，且轻量化和抗辐照性能优越。P型HJT-钙钛矿叠层电池可实现30%以上的效率，而成本远低于同等效率的砷化镓电池，有望成为太空电源系统的重要组成部分。在全球和中国企业与科研机构的共同努力下，钙钛矿电池在效率、成本、良率、稳定性和大规模量产方面持续进步。2026年5月，仁烁光能宣布商用尺寸单结钙钛矿组件（7200cm²）全面积稳态效率达19.3%。2026年6月，极电光能与中建四局签约单体最大的钙钛矿组件项目。同月，纤纳光电宣布钙钛矿小组件以19.48cm²全面积稳态效率23.9%继续保持世界纪录。钙钛矿领军企业和晶硅光伏巨头都积极投入钙钛矿叠层电池和太空光伏应用技术研发。2026年3月，隆基绿能超薄柔性叠层电池（约60微米）在实验室尺寸上效率达33.4%；在全硅片尺寸上效率达29.8%。2026年4月，晶科宣布两端单片钙钛矿/TOPCon叠层电池效率达32.76%。2026年6月，协鑫光电2042cm²大面积钙钛矿-晶硅叠层组件认证效率达到30.23%。同期，协鑫光电与紫微科技签约，围绕钙钛矿电池片在轨性能测试展开深度合作。钙钛矿叠层电池比单结钙钛矿电池更具技术挑战。四端叠层电池技术兼容性好、制备难度较低，但结构复杂、成本高。两端叠层电池结构紧凑、成本相对低、光学损耗更小，但工艺难度较大。而太空应用的P型HJT-钙钛矿叠层电池则需要在紫外辐照、粒子辐照及高低温交变等极端条件下实现长周期稳定运行。2026年5月，神舟二十三号载人飞船成功发射，本次任务包括两类钙钛矿太阳能电池材料和器件在中国空间站的动态服役实验。2026钙钛矿与太空光伏技术、设备和材料论坛将于10月27-28日在常州召开。会议将探讨HJT、钙钛矿和叠层电池在太空光伏的市场机遇，大面积工业化钙钛矿与叠层电池材料体系、结构设计、制造工艺、核心设备、良率、转换效率与成本，钙钛矿与叠层电池在BIPV、消费电子、新能源汽车、光伏电站的应用方案，太空光伏硬质可折叠太阳翼与柔性可卷绕太阳翼，太空光伏HJT-钙钛矿叠层太阳翼制备工艺、测试认证、抗辐射性和长期稳定性，砷化镓、碲化镉、HJT-钙钛矿叠层太空光伏竞争格局展望等。会议主题1. 光伏行业展望与钙钛矿和叠层电池市场分析2. HJT、钙钛矿和叠层电池在太空光伏的市场机遇3. 钙钛矿电池分布式电站与大型地面电站运行情况总结4. 钙钛矿产能展望和技术、设备与材料市场机遇5. 钙钛矿溶液涂布和干燥结晶的技术挑战与工艺优化6. 钙钛矿溶液喷墨打印技术与先进设备7. 钙钛矿电池HTL和ETL薄膜制备方案与关键设备8. 激光技术在钙钛矿电池生产中的应用9. 钙钛矿导电玻璃技术路线和供应展望10. 钙钛矿电池材料体系、界面钝化与结构调控11. 铂族金属在钙钛矿电池的应用优势与价值分析12. 钙钛矿电池的长期稳定性研究13. 全钙钛矿叠层电池竞争力分析与效率展望14. 两端叠层电池技术研发挑战与解决思路15. 平米级四端叠层组件结构设计与制造工艺16. 钙钛矿-BC三端叠层电池的优势与挑战17. 服务于晶硅-钙钛矿叠层电池的超低温固化银浆18. 服务于钙钛矿叠层组件的封装技术与封装材料19. 钙钛矿与叠层电池测试标准和测试技术20. 柔性钙钛矿太阳能电池技术研发与量产工艺21. 柔性钙钛矿电池在消费电子和可穿戴设备的应用实践22. 钙钛矿与叠层电池在BIPV与新能源汽车的市场潜力23. 低轨太空光伏的挑战：紫外辐照、粒子辐照、原子氧腐蚀及高低温交变24. 太空光伏技术路线：硬质可折叠太阳翼与柔性可卷绕太阳翼25. 40-50μm级超薄硅片与P型HJT电池的批量制造26. 太空光伏P型HJT电池抗辐射性能与轻量化潜力27. 太空光伏P型HJT-钙钛矿叠层电池制备工艺与抗辐射性和长期稳定性28. 太空光伏电池阵及电源系统集成与测试验证29. 高性能全钙钛矿叠层太阳翼优势分析30. 砷化镓、碲化镉、HJT-钙钛矿叠层太空光伏竞争格局展望参会费用优惠票：9月24日前，2200元/位正常票：10月27日前，3200元/位赞助方案合作征集：为更好实现活动效果，欢迎各企业联系报名参会、企业会议期间播放宣传视频/演讲报告/会议吊绳/商务考察/A4彩页/展位/易拉宝/茶歇赞助/晚宴赞助/礼品等赞助宣传，会议期间提供优质钙钛矿电池、材料、组件、设备等产业链相关企业展示，展台位置有限，先定先得项目项目内容主题演讲25分钟主题演讲参会名额微信推送“光伏前沿”微信公众号，企业介绍以及相关软文会刊广告研讨会会刊，彩色全页广告（尺寸A4）资料入袋赞助企业的宣传册放入会议包袋现场展台现场展示台，展示样品、资料，含两个参会名额现场易拉宝现场1个易拉宝展示礼品赞助印有赞助商logo的礼品赠送参会听众茶歇赞助冠名和赞助会议期间的茶歇晚宴赞助冠名和赞助会议的招待晚宴Logo展示背景墙 logo，会刊封面logo联系我们微信/电话｜*********** （朱经理）邮箱｜ritazhu@chemweekly.com往届回顾：第八届钙钛矿、叠层与太空光伏技术论坛2026成功召开第七届钙钛矿、异质结与叠层电池论坛首日成功召开第六届钙钛矿、异质结与叠层电池论坛圆满结束第五届钙钛矿、异质结与叠层电池论坛圆满落幕第四届钙钛矿与叠层电池技术论坛2022成功召开！第三届钙钛矿技术、设备和材料论坛2024成功召开 钙钛矿技术、设备和材料论坛2023成功召开！不喜欢2026钙钛矿与太空光伏技术、设备和材料论坛将于10月27-28日在常州召开,,,,pending
纤纳光电钙钛矿新专利公布,钙钛矿光伏,钙钛矿光伏,"RIOnews API, 钙钛矿, 柔性钙钛矿",normal,2026-09-27T14:36:06+08:00,,●由曼恩斯特黄金赞助的2026钙钛矿与太空光伏技术、设备和材料论坛将于10月27-28日在常州召开●来自极电光能、仁烁光能、阿特斯、通威、星翼芯能、先导微电子、睿合科技、恒羲光伏、中科羲和等单位的领导专家将作重要报告据国家知识产权局发布信息显示，纤纳光电科技（浙江）股份有限公司申请的一项名为一种带阻挡层的钙钛矿太阳能电池及其制备方法的发明专利于近日公布。专利申请号：2025103066263；专利公布号：CN122803506A.专利摘要：本发明属于钙钛矿太阳能电池技术领域，涉及一种带阻挡层的钙钛矿太阳能电池及其制备方法，所述钙钛矿太阳能电池其内部结构包括由上往下层叠在一起的透明导电电极、空穴,http://mp.weixin.qq.com/s?__biz=MzkyNTYzNjI1NQ==&mid=2247495921&idx=2&sn=66dd2b67253f7c8b4dbc431ebbde424f,,●由曼恩斯特黄金赞助的2026钙钛矿与太空光伏技术、设备和材料论坛将于10月27-28日在常州召开●来自极电光能、仁烁光能、阿特斯、通威、星翼芯能、先导微电子、睿合科技、恒羲光伏、中科羲和等单位的领导专家将作重要报告据国家知识产权局发布信息显示，纤纳光电科技（浙江）股份有限公司申请的一项名为一种带阻挡层的钙钛矿太阳能电池及其制备方法的发明专利于近日公布。专利申请号：2025103066263；专利公布号：CN122803506A.专利摘要：本发明属于钙钛矿太阳能电池技术领域，涉及一种带阻挡层的钙钛矿太阳能电池及其制备方法，所述钙钛矿太阳能电池其内部结构包括由上往下层叠在一起的透明导电电极、空穴传输层、钙钛矿吸光层、阻挡层、电子传输层和金属电极，其中，阻挡层包含有壳聚糖与碘反应合成的壳聚糖‑聚碘超分子化合物。本发明利用壳聚糖‑聚碘超分子材料作为阻挡层，它能够有效抑制钙钛矿太阳能电池工作状态下的碘离子迁移，从而减少缺陷，提升钙钛矿太阳能电池的工作效率。会议信息会议名称：2026钙钛矿与太空光伏技术、设备和材料论坛主办方： 亚化咨询会议时间：2026年10月27-28日会议地点：江苏常州签到时间：2026年10月26日16:00-21:00签到流程：请凭名片直接于签到台领取资料、胸卡会议日程10月26日16:00-21:00 会前注册10月27日08:20~12:30 演讲报告12:30~14:00 自助午餐与交流14:00~18:00 演讲报告18:00~20:00 招待晚宴10月28日08:20~12:30 演讲报告12:30~14:00 自助午餐与交流初步议程10月27日上午钙钛矿技术新纪元：筑能于地，聚光于天——建筑光伏与太空光伏的融合与突破——仁烁光能（苏州）有限公司太空光伏核心材料与柔性太阳翼——上海星翼芯能科技有限公司钙钛矿产业化涂布技术挑战及方案——深圳市曼恩斯特科技有限公司晶硅异质结(HJT)电池产业化技术开发进展及太空光伏应用思考——阿特斯阳光电力集团有限公司太空能源互联网思考与展望——清华大学钙钛矿产业化发展现状及展望——极电光能有限公司空间太阳电池阵技术发展趋势浅析——中电科蓝天科技股份有限公司基于低成本太阳电池的商业卫星空间用封装技术——中国航天科技集团上海太阳能工程技术研究中心(待定)10月27日下午全尺寸钙钛矿晶硅叠层电池量产技术瓶颈和产业化进展——通威太阳能（成都）有限公司光因科技钙钛矿组件技术进展及太空应用展望——光因科技标题待定——先导微电子太空光伏关键技术解析及全流程测试方案——TÜV南德PhenoExo™太空光伏专用一体化解决方案——现象创新（深圳）科技有限公司（待定）先进材料助力钙钛矿叠层电池产业化——睿合科技钙硅叠层电池量产制备技术探讨——上海安普态新能源有限公司（待定）钙钛矿光伏结晶调控、缺陷钝化及其稳定性研究——浙江大学宁波科创中心10月28日上午上海电气异质结技术和产品及太空光伏电池技术进展——恒羲光伏轻质柔性钙钛矿组件：开启航天光伏新纪元——大正微纳钙钛矿/硅异质结叠层光伏技术研发进展与产业化实践——宣城先进光伏技术有限公司柔性钙钛矿/铜铟镓硒叠层电池研究进展及太空应用探索——西湖阳光中能创柔性卷绕式太阳翼——低轨卫星光伏成本直降90%——中能创光电科技(常州)有限公司商业航天膜层结晶技术与装备——可复用发动机热防护涂层+钙钛矿光伏薄膜——凯伏光电/西安交通大学基于钙钛矿光伏技术的新能源汽车车顶光伏发电系统设计与能量管理策略研究——中科羲和报告不断更新中...参会费用优惠票：9月24日前，2200元/位正常票：10月27日前，3200元/位赞助方案合作征集：为更好实现活动效果，欢迎各企业联系报名参会、企业会议期间播放宣传视频/演讲报告/会议吊绳/商务考察/A4彩页/展位/易拉宝/茶歇赞助/晚宴赞助/礼品等赞助宣传，会议期间提供优质钙钛矿电池、材料、组件、设备等产业链相关企业展示，展台位置有限，先定先得亚化咨询会议赞助项目介绍主题演讲做一个主题演讲，介绍您的公司和业务现场展台现场展板(2m*3m)，也可展示设备、样品、资料会刊广告研讨会会刊，彩色全页广告（尺寸A4）资料入袋赞助企业的宣传册放入会议包袋现场易拉宝会场内外展示易拉宝展架礼品赞助您可以提供印有赞助商LOGO的礼品赠送参会嘉宾茶歇赞助冠名和赞助会议期间的茶歇晚宴赞助冠名和赞助会议的招待晚宴Logo展示背景墙 logo，会刊封面logo播放视频在会议茶歇、午餐期间播放贵公司的宣传视频联系我们微信/电话｜*********** （朱经理）邮箱｜ritazhu@chemweekly.com不喜欢2026钙钛矿与太空光伏技术、设备和材料论坛将于10月27-28日在常州召开！,,,,pending
现场画面！新型无人机亮剑黄岩岛,科技日报,科技日报,21C API,normal,2026-09-27T14:35:16+08:00,,9月27日，中国人民解放军南部战区位黄岩岛周边海空域组织海空联合演训。某新型无人机飞赴黄岩岛周边空域，执行海空侦察任务。这型无人机具备高空、高速、长航时的侦察能力，将与多个机场起飞的各型战机组成空中体系，和位于黄岩岛附近海域的水面舰艇编队展开海空联合演训。今天，中国海警在黄岩岛附近海域，组织多艘舰艇开展维权执法管控演练，有效检验快速反应、应急处置能力。随着急促的战斗警报拉响，由万山舰、川山舰、四方舰等多艘舰艇组成的中国海警舰艇编队立即调整航向，向目标海域快速机动集结。海警执法员闻令而动，迅速进入战位，做好战斗准备。此次演练设定多艘外方船只非法冲闯我国黄岩岛管辖海域，收到模拟态势通报后，指挥员迅,http://mp.weixin.qq.com/s?__biz=MzI3NDI5MjI4OQ==&mid=2247899776&idx=1&sn=a184f9e6a0a5b5dd1546f6c7b334cb54,,9月27日，中国人民解放军南部战区位黄岩岛周边海空域组织海空联合演训。某新型无人机飞赴黄岩岛周边空域，执行海空侦察任务。这型无人机具备高空、高速、长航时的侦察能力，将与多个机场起飞的各型战机组成空中体系，和位于黄岩岛附近海域的水面舰艇编队展开海空联合演训。今天，中国海警在黄岩岛附近海域，组织多艘舰艇开展维权执法管控演练，有效检验快速反应、应急处置能力。随着急促的战斗警报拉响，由万山舰、川山舰、四方舰等多艘舰艇组成的中国海警舰艇编队立即调整航向，向目标海域快速机动集结。海警执法员闻令而动，迅速进入战位，做好战斗准备。此次演练设定多艘外方船只非法冲闯我国黄岩岛管辖海域，收到模拟态势通报后，指挥员迅速下达指令，舰艇编队高速前出开展查证识别，并对目标船只进行管控驱离。来源：央视新闻客户端编辑：王曼茜审核：张爽,,,,pending
购买研理云服务器，让计算更省心！免费测试！,研之成理,研之成理,"21C API, 钙钛矿",normal,2026-09-27T14:35:03+08:00,,01业务介绍研理云，研之成理旗下专门针对科学计算领域的高性能计算解决方案提供者。我们提供服务器硬件销售与集群系统搭建与维护服务。● 按需定制，质量可靠，性价比高。● 目前已经为全国超过 200 多个课题组提供过服务器软硬件服务。● 公司服务器应用工程师具有量子化学、第一性原理、分子动力学等相关学科研究背景。● 公司与多位化学、材料领域理论计算方向专家长期合作，一起探索最优服务器软硬件配置和部署。● 提供旧（闲置）服务器维修服务，包括：硬件维修、系统重装、集群搭建、软件安装等服务。02产品特色 ● 定制化硬件配置：提供售前实例测试，为您提供最合适的硬件配置方案。 ● 一体化软件服务：根据需求，发,http://mp.weixin.qq.com/s?__biz=MzUxMDMzODg2Ng==&mid=2247836627&idx=8&sn=e2aeaa0dd855c25d603e544baf0bb3f9,,01业务介绍研理云，研之成理旗下专门针对科学计算领域的高性能计算解决方案提供者。我们提供服务器硬件销售与集群系统搭建与维护服务。● 按需定制，质量可靠，性价比高。● 目前已经为全国超过 200 多个课题组提供过服务器软硬件服务。● 公司服务器应用工程师具有量子化学、第一性原理、分子动力学等相关学科研究背景。● 公司与多位化学、材料领域理论计算方向专家长期合作，一起探索最优服务器软硬件配置和部署。● 提供旧（闲置）服务器维修服务，包括：硬件维修、系统重装、集群搭建、软件安装等服务。02产品特色 ● 定制化硬件配置：提供售前实例测试，为您提供最合适的硬件配置方案。 ● 一体化软件服务：根据需求，发货前，完成系统、环境、队列、计算软件等所有内容的安装与配置，让您实现开机即用。 ● 完善的售后服务：为每位客户建立专属服务群，遇到问题及时解决。大大降低使用学生使用门槛和缓解老师压力。三年硬件质保 + 三年运维支持（可选）。 ● 已购买客户咨询：我们已有超过200位已购买客户，可以给您提供相同城市或者临近城市已购买客户的联系方式，以提供真实案例咨询。 03产品系列研理云自组装系列 —— YLY 系列（性价比高）Y 系列为研理云自主组装服务器。精心挑选性价比高、适合量化/第一性原理/分子动力学模拟计算需求的CPU（扫描文末二维码联系工作人员，根据应用场景，给予专业推荐和测试），核心数从38核 – 96核可选（双路服务器可达192核）。内存容量从128G到1T可选。标配500G固态硬盘 + 4T机械硬盘 + 高品质（金牌及以上）电源，定制散热。每台机器可选配1 - 2 块 GPU。Y系列可选CPU型号见下图：* 关于不同应用案例（计算类型 / 软件类型等）所适配的硬件配置，表格中因为空间有限，只是简单描述。详细内容请扫码咨询我司的技术人员，也可关注我司后期推出的各类实际案例测评报告。品牌服务器（华硕）采购与部署与组装机相比，品牌服务器有以下三大优点：1、更节约空间。为了确保散热性能，以上组装机都采用4U机箱。品牌服务器可以做成2U机箱，高度是4U机箱一半。同样的42U机柜内理论上可以放两倍数量的服务器。2、稳定性和可靠性更高。靠谱的品牌服务器的稳定性和可靠性更好。使用中出现问题的概率会更低。3、能够上更多的GPU。一般我们的组装服务器最多装两张GPU卡，品牌服务最多可以放 4 张GPU显卡。以下是三款华硕品牌服务器，分别适配Intel和AMD的CPU（所选CPU与组装机相同）：多卡GPU服务器多卡GPU服务器指能够同时上 8 张或以上GPU卡的服务器。GPU型号可以是：5090 / L20 / A6000 / H100 等。还有 8 张SXM整机。服务器常见形式： ● 单台塔式服务器：适合个人或少数人使用。可放办公室、实验室， 无需独立机房。 ● 两台塔式小集群：适合5人以下小团队使用，可放办公室，无需独立机房。 ● 多台机架式集群：适合多人计算团队使用，可扩展性强。往期实例分享：浙江大学分子动力学服务器集群案例分享湖南大学第一性原理服务器集群案例分享服务器采购咨询，请扫码咨询工作人员，备注「服务器采购」预装软件可选：量子化学方案：Gaussian，ORCA，CP2K其他可选程序：ADF、GAMESS-UK、Q-Chem、xtb、NWChem、Dirac、Molpro、Molcas、Turbomole、DMol3、Molcas、Mopac、CFOUR、Octopus、PySCF、DFTB+等第一性原理方案：VASP（包含VTST，OPTCELL，VASPSOL，pNBO，SSAdNDP插件），CP2K，VASPKIT、Materials Studio其他可选程序：VASP（额外包含Wannier，BEEF）、ASE、Pymatgen、Catmap、Phonopy、JDFTx、Abinit、Quantum Espresso、qvasp、ShengBTE、USPEX、CALPSO、Siesta、Wien2K，DMol3，CASTEP，Crystal，ADF-BAND等分子模拟方案：Lammps，Gromacs（可支持GPU版本运行），CP2K其他可选程序：Amber，Ambertools，NAMD，CHARMM，CPMD等注：每套集群预装软件数不超过5种，商业软件需要客户提供版权证明和安装文件。研理云服务器业务介绍研理云，研之成理旗下专门针对科学计算领域的高性能计算解决方案提供者。我们提供服务器硬件销售与集群系统搭建与维护服务。 ● 配置多样（单台塔式、两台塔式、多台机架式），按需定制，质量可靠，性价比高。 ● 目前已经为全国 100 多个课题组提供过服务器软硬件服务（可提供相同高校或临近高校往期案例咨询）。 ● 公司服务器应用工程师具有量子化学、第一性原理、分子动力学等相关学科研究背景。 ● 公司与多位化学、材料领域理论计算方向专家长期合作，一起探索最优服务器软硬件配置和部署。 ● 可参与招投标。产品特色 ● 定制化硬件配置：提供售前实例测试，为您提供最合适的硬件配置方案。 ● 一体化软件服务：根据需求，发货前，完成系统、环境、队列、计算软件等所有内容的安装与配置，让您实现开机即用。 ● 完善的售后服务：为每位客户建立专属服务群，遇到问题及时解决。大大降低使用学生使用门槛和缓解老师压力。三年硬件质保 + 三年免费软件技术支持。 ● 已购买客户咨询：我们已有超过100位已购买客户，可以给您提供相同城市或者临近城市已购买客户的联系方式，以提供真实案例咨询。 ● 赠送课程学习机会：可选课程包括量子化学（Gaussian），第一性原理，（Vasp），分子动力学模拟（Lammps、Grommacs），钙钛矿计算模拟（Vasp）等。具体赠送方案以沟通结果为准。扫码添加客服微信相关推荐1. 仪器表征基础知识汇总2. SCI论文写作专题汇总3. Origin/3D绘图等科学可视化汇总4. 理论化学基础知识汇总5. 催化板块汇总6. 电化学-电池相关内容汇总贴7. 研之成理名师志汇总更多科研作图、软件使用、表征分析、SCI 写作、名师介绍等干货知识请进入后台自主查询。不喜欢研理云 —— 专注高性能计算解决方案,,,,pending
南大景亚轩、崔昕毅 Angew. Chem. Int. Ed. | 以废治废：废弃PFAS资源化为高效催化剂用于塑料降解,研之成理,研之成理,"21C API, 新材料, 碳, 钙钛矿, 学术研究, 大学, 教授, 期刊",normal,2026-09-27T14:35:03+08:00,,▲第一作者：郑梦颖 研究生（南京大学）、周鹏飞 博士（南京大学）通讯作者：崔昕毅 教授（南京大学）、景亚轩 副教授（南京大学）通讯单位：南京大学发表日期：2026年9月22日DOI：https://doi.org/10.1002/anie.6397678（点击文末「阅读原文」，直达链接）全文速览全氟和多氟烷基物质（PFAS）是一类新兴的全球性持久性污染物，因其稳定的C-F键而被称为“永久化学品”，对水生环境和人类健康构成严重威胁。传统PFAS处理技术主要聚焦于吸附去除、膜分离、高级氧化和电化学降解，普遍将PFAS视为需要消除的污染物。然而，PFAS中强吸电子的氟原子和可提供酸性位点的官能团，使,http://mp.weixin.qq.com/s?__biz=MzUxMDMzODg2Ng==&mid=2247836627&idx=3&sn=9940c41e7720a6834ee9cb5052a0b8bb,,"▲第一作者：郑梦颖 研究生（南京大学）、周鹏飞 博士（南京大学）通讯作者：崔昕毅 教授（南京大学）、景亚轩 副教授（南京大学）通讯单位：南京大学发表日期：2026年9月22日DOI：https://doi.org/10.1002/anie.6397678（点击文末「阅读原文」，直达链接）全文速览全氟和多氟烷基物质（PFAS）是一类新兴的全球性持久性污染物，因其稳定的C-F键而被称为“永久化学品”，对水生环境和人类健康构成严重威胁。传统PFAS处理技术主要聚焦于吸附去除、膜分离、高级氧化和电化学降解，普遍将PFAS视为需要消除的污染物。然而，PFAS中强吸电子的氟原子和可提供酸性位点的官能团，使其具有作为催化剂前驱体的潜在价值。近日，南京大学景亚轩、崔昕毅合作团队在知名期刊Angew. Chem. Int. Ed.《德国应用化学》发表题为“Unlocking the Catalytic Potential of PFAS: Upcycling Forever Chemicals into Effective Catalysts”的研究论文。该工作提出了一种全新的“PFAS-to-catalyst”范式，将含PFAS废水转化为高效催化剂，解锁“永久化学品”的催化潜力。研究人员以废弃生物质（虾壳）为前体，成功制备了氟掺杂生物碳催化剂，PFAS去除效率超过99.9%。该催化剂对PET甲醇解和水解均表现出优异的催化性能。机理研究表明，PFAS衍生氟物种和氮空位共同构建了缺电子位点，作为Lewis酸中心促进酯键活化。该催化剂对23种真实废塑料（包括混合PET和含添加剂塑料）表现出广泛适用性和稳定性。该工作将PFAS重新定义为高价值催化资源，为污染物资源化和功能催化剂设计提供了新途径。图文解析图1 PFAS去除性能测试要点：系统比较了树叶、虾壳和蟹壳等废弃生物质前体与商业活性炭和阴离子交换树脂的PFAS去除性能。结果表明，三种生物质前体均优于传统吸附剂，其中由虾壳制备的材料（NC）表现最佳。NC对PFOS、PFOA和6：2FTSA的吸附符合Langmuir模型，最大吸附容量分别达570、727和481 mg/g。在pH 3-7范围内，NC保持>95%的去除率；在河水、再生水等复杂水基质中，去除率仍超过80%。共存阴离子如SO42-、NO3-、HCO3-和CO32-对去除影响可忽略，而Cl-仅表现出轻微竞争抑制。以上结果表明NC具有优异的PFAS富集能力，为后续催化转化提供了理想前体。图2 PFAS去除机理要点：通过控制实验与多种光谱表征，系统揭示了NC对PFAS的多机制协同去除机理。NC的多孔碳骨架提供物理限域，使PFAS在孔道内富集；其相对疏水表面与PFAS全氟烷基链之间的疏水作用促进PFAS向材料界面分配；质子化氮位点与阴离子之间的静电吸引强化PFAS与NC的结合；表面羟基、氨基等官能团与PFAS极性基团及氟化链段之间的氢键则有助于稳定结合物种。该多机制协同使NC在宽浓度范围、宽pH条件及复杂水基质中均能保持稳定、高效的PFAS去除。图3 PET催化性能要点：系统评估了NCPFOS-Cat在PET甲醇解和水解中的催化性能。氟富集催化剂优于未引入PFAS的对照样品，表明PFAS衍生氟物种对催化活性至关重要。在优化条件下，甲醇解和水解均实现优异的单体收率，性能优于商业碳、生物炭及部分金属基催化剂。材料结构分析表明，PFAS引入后，氟物种锚定于碳骨架，并促进形成了更多的氮空位，二者共同构建了缺电子碳位点，显著增加了表面Lewis酸位点密度，为酯键的高效吸附与活化提供了丰富的活性中心。图4 催化机理要点：PFAS引入显著增强了催化剂对模型分子的吸附能力，并使C=O伸缩振动发生更明显的红移，表明酯键活化能力增强。DFT计算表明，活性位点对PET羰基的吸附能显著增强，且这些位点上的甲醇亲核攻击步骤能垒较低。基于此，提出了配位活化-亲核攻击的PET甲醇解机理：Lewis酸位点配位羰基氧，诱导C=O极化，促进甲醇亲核攻击和酯键断裂。图5 底物拓展要点：NCPFOS-Cat对单组分真实PET实现高单体收率，在含PE、PP等组分的混合废塑料中表现出对PET的高选择性转化，有效抑制非PET组分的干扰。该体系对其他聚酯和聚碳酸酯类塑料也表现出优异性能，且在含多种典型添加剂的真实塑料中，目标单体收率保持在较高水平。以上结果表明，NCPFOS-Cat在单组分、含添加剂和混合塑料体系中均具有优异的底物普适性和耐受性，为实际废塑料的资源化提供了可行方案。总结与展望本工作通过将废水中的PFAS转化为氟掺杂碳催化剂，在低负载量下对PET甲醇解和水解表现出优秀的单体收率，并对23种真实废塑料展现出广泛适用性和稳定性。PFAS衍生氟物种和氮空位共同构建缺电子碳位点，作为Lewis酸中心促进酯键吸附与活化。该工作不仅为含氟废水和废塑料的共同治理提供了新思路，也为污染物资源化利用和可持续催化材料设计提供了重要参考。文献信息该工作得到了国家自然科学基金、中央高校业务费前沿交叉项目、水污染控制与资源绿色循环全国重点实验室自主课题和南京大学人才启动经费的资助，合肥国家同步辐射实验室（NSRL）以及南京大学科研设施共享中心的重要支持。作者介绍景亚轩，副教授，特聘研究员，博导，南京大学青促会副会长。华东理工大学应用化学学士，工业催化博士（导师：王艳芹教授），博士后，新加坡国立大学化学工程联合培养博士（导师：颜宁教授）。主要研究方向为多相催化、废塑料降解、生物质转化、废弃资源循环。以第一/通讯作者发表论文30余篇，包括Nature子刊/Chem/EES/Angew/Acc Chem Rec (8篇), ACS Catal (8篇)。主持国家级（面上、青年）、省部级、企业项目和教改项目8项。入选全球前2%顶尖科学家榜单，获WSETC Early Career Award，IChemE & CCST Young Investigator Award，石化联合会可持续发展青年创新奖，南京大学绿叶奖教金等荣誉十余项，EcoEnergy、Green Carbon、Catalysis, Energy and Environment 等期刊青年编委。受邀担任Chem. Soc. Rev., Nat. Commun., JACS, Angew., Adv. Mater. 等30余个知名期刊审稿人，受邀担任基金委通讯评审专家，欧洲研究委员会European Research Council（ERC）基金国际评审专家，多个省/市级科技项目评审专家，高级职称材料外审专家，教育部学位论文评审专家等。课题组网站：https://www.x-mol.com/groups/jing_yaxuan崔昕毅，南京大学环境学院教授，国家优秀青年科学基金获得者，国家生态环境领域科技中长期发展战略研究专家组成员。主要从事污染物环境行与效应、环境材料与污染修复等方面研究。先后主持国家青年科学基金项目（B类）、京津冀环境综合治理国家科技重大专项课题、场地土壤污染成因与治理技术重点研发计划课题等。在 Nature子刊、Angew、 Environ. Sci. Technol.等期刊发表 SCI 论文 90 余篇，牵头或参与编制技术标准 7 项。任 Sci. Total. Environ.编委、Carbon Res.、Biochar 青年编委等。受邀编写《环境化学前沿》《环境化学》等专著。现任中国环境科学学会新污染物治理专业委员会常务委员，中国土壤学会青年工作委员会委员等。研理云服务器业务介绍研理云，研之成理旗下专门针对科学计算领域的高性能计算解决方案提供者。我们提供服务器硬件销售与集群系统搭建与维护服务。 ● 配置多样（单台塔式、两台塔式、多台机架式），按需定制，质量可靠，性价比高。 ● 目前已经为全国 100 多个课题组提供过服务器软硬件服务（可提供相同高校或临近高校往期案例咨询）。 ● 公司服务器应用工程师具有量子化学、第一性原理、分子动力学等相关学科研究背景。 ● 公司与多位化学、材料领域理论计算方向专家长期合作，一起探索最优服务器软硬件配置和部署。 ● 可参与招投标。产品特色 ● 定制化硬件配置：提供售前实例测试，为您提供最合适的硬件配置方案。 ● 一体化软件服务：根据需求，发货前，完成系统、环境、队列、计算软件等所有内容的安装与配置，让您实现开机即用。 ● 完善的售后服务：为每位客户建立专属服务群，遇到问题及时解决。大大降低使用学生使用门槛和缓解老师压力。三年硬件质保 + 三年免费软件技术支持。 ● 已购买客户咨询：我们已有超过100位已购买客户，可以给您提供相同城市或者临近城市已购买客户的联系方式，以提供真实案例咨询。 ● 赠送课程学习机会：可选课程包括量子化学（Gaussian），第一性原理，（Vasp），分子动力学模拟（Lammps、Grommacs），钙钛矿计算模拟（Vasp）等。具体赠送方案以沟通结果为准。扫码添加客服微信相关推荐1. 仪器表征基础知识汇总2. SCI论文写作专题汇总3. Origin/3D绘图等科学可视化汇总4. 理论化学基础知识汇总5. 催化板块汇总6. 电化学-电池相关内容汇总贴7. 研之成理名师志汇总更多科研作图、软件使用、表征分析、SCI 写作、名师介绍等干货知识请进入后台自主查询。阅读原文不喜欢原滋原味的论文解读，让您准确把握最新前沿",,,,pending
北京大学招收AI+多孔框架材料方向科研助理/博士后,研之成理,研之成理,"21C API, 新材料, 聚合物, 钙钛矿, 固态电池, 固态电解质, 学术研究, 大学, 教授, 期刊",normal,2026-09-27T14:35:03+08:00,,一．导师简介邹如强，北京大学博雅特聘教授，国家杰出青年科学基金获得者。现任北京大学材料科学与工程学院院长、先进防水材料全国重点实验室主任。主要致力于纳米多孔结构能源材料研究，开展功能多孔材料在电化学能源存储与转化、智能控温热管理等方面的基础科学问题与工业应用中关键技术难题攻关研究。在人工智能与新材料设计、相变储能与热管理、电化学能源储存与转换等方向取得了重要成果。在Nat. Synth.、Nat. Chem.等期刊发表SCI论文300余篇，获国内外专利50余项。王明超，北京大学深圳研究生院研究员（PI），国家级青年人才。主要致力于二维共轭聚合物和多孔框架材料的设计制备与理化性质调控研究，并探索,http://mp.weixin.qq.com/s?__biz=MzUxMDMzODg2Ng==&mid=2247836627&idx=7&sn=e395c2cbe26acdcbf9a42a18092a4b65,,一．导师简介邹如强，北京大学博雅特聘教授，国家杰出青年科学基金获得者。现任北京大学材料科学与工程学院院长、先进防水材料全国重点实验室主任。主要致力于纳米多孔结构能源材料研究，开展功能多孔材料在电化学能源存储与转化、智能控温热管理等方面的基础科学问题与工业应用中关键技术难题攻关研究。在人工智能与新材料设计、相变储能与热管理、电化学能源储存与转换等方向取得了重要成果。在Nat. Synth.、Nat. Chem.等期刊发表SCI论文300余篇，获国内外专利50余项。王明超，北京大学深圳研究生院研究员（PI），国家级青年人才。主要致力于二维共轭聚合物和多孔框架材料的设计制备与理化性质调控研究，并探索其在电子器件、传感、能源转化存储等领域的应用潜力。已发表学术论文60余篇，10余篇入选ESI高被引，以第一/通讯作者在Nature Chemistry、Nature Materials、JACS、 Angewandte Chemie等期刊发表学术论文20余篇，总引用6000余次。https://faculty.pkusz.edu.cn/wang_lab/en/index.htm课题组立足深圳，与北京校区南北联动，资源/实验室共享。二．招收方向二维COF材料的智能设计（如AI辅助材料筛选）聚合反应机制调控与可控合成方法学功能应用拓展，如单原子催化、固态电解质、防水防腐三．应聘条件1. 已获得或即将获得化学、材料等相关专业硕士/博士学位2. 具有有机合成、聚合物合成经验（有高水平学术论文发表记录者优先）3. 具备独立开展科研工作的能力，同时乐于团队协作4. 英文读写流畅，具备良好的学术沟通能力 5. 热爱祖国，品行端正，勤奋进取，志存高远薪酬待遇依照北京大学深圳研究生院相关标准执行。请将个人简历发送至mingchao.wang@pku.edu.cn。欢迎对上述研究方向充满热情、积极进取的学生与青年科研人员加入。研理云服务器业务介绍研理云，研之成理旗下专门针对科学计算领域的高性能计算解决方案提供者。我们提供服务器硬件销售与集群系统搭建与维护服务。 ● 配置多样（单台塔式、两台塔式、多台机架式），按需定制，质量可靠，性价比高。 ● 目前已经为全国 100 多个课题组提供过服务器软硬件服务（可提供相同高校或临近高校往期案例咨询）。 ● 公司服务器应用工程师具有量子化学、第一性原理、分子动力学等相关学科研究背景。 ● 公司与多位化学、材料领域理论计算方向专家长期合作，一起探索最优服务器软硬件配置和部署。 ● 可参与招投标。产品特色 ● 定制化硬件配置：提供售前实例测试，为您提供最合适的硬件配置方案。 ● 一体化软件服务：根据需求，发货前，完成系统、环境、队列、计算软件等所有内容的安装与配置，让您实现开机即用。 ● 完善的售后服务：为每位客户建立专属服务群，遇到问题及时解决。大大降低使用学生使用门槛和缓解老师压力。三年硬件质保 + 三年免费软件技术支持。 ● 已购买客户咨询：我们已有超过100位已购买客户，可以给您提供相同城市或者临近城市已购买客户的联系方式，以提供真实案例咨询。 ● 赠送课程学习机会：可选课程包括量子化学（Gaussian），第一性原理，（Vasp），分子动力学模拟（Lammps、Grommacs），钙钛矿计算模拟（Vasp）等。具体赠送方案以沟通结果为准。扫码添加客服微信相关推荐1. 仪器表征基础知识汇总2. SCI论文写作专题汇总3. Origin/3D绘图等科学可视化汇总4. 理论化学基础知识汇总5. 催化板块汇总6. 电化学-电池相关内容汇总贴7. 研之成理名师志汇总更多科研作图、软件使用、表征分析、SCI 写作、名师介绍等干货知识请进入后台自主查询。不喜欢招聘,,,,pending
浙江大学肖丰收课题组：ZSM-23沸石纳米片的合成探究,研之成理,研之成理,"21C API, 钙钛矿, 学术研究, 大学, 教授, 科学院, 研究所, 期刊",normal,2026-09-27T14:35:03+08:00,,以下文章来源于催化学报CJCatal，作者刘培催化学报CJCatal.本刊不收版面费及审稿费等任何费用DOI：10.1016/S1872-2067(26)65085-1前言近日，《催化学报》在线发表了浙江大学肖丰收教授团队在沸石分子筛合成领域的最新研究成果文章。该工作报道了利用一种新型Gemini型季铵盐(Bis-Benz-Pyr2+)作为有机模板，成功合成了厚度仅约10 nm的ZSM-23沸石纳米片。论文共同第一作者为：刘培、刘晓娜，论文共同通讯作者为：吴勤明、陈伟、刘中民、肖丰收。背景介绍 ZSM-23沸石(MTT拓扑，孔径0.45×0.52 nm)因独特孔道和温和酸性广泛用于正构烷烃加氢,http://mp.weixin.qq.com/s?__biz=MzUxMDMzODg2Ng==&mid=2247836627&idx=5&sn=bb1cf0a56a05f6feebcb6c22d43aa908,,"以下文章来源于催化学报CJCatal，作者刘培催化学报CJCatal.本刊不收版面费及审稿费等任何费用DOI：10.1016/S1872-2067(26)65085-1前言近日，《催化学报》在线发表了浙江大学肖丰收教授团队在沸石分子筛合成领域的最新研究成果文章。该工作报道了利用一种新型Gemini型季铵盐(Bis-Benz-Pyr2+)作为有机模板，成功合成了厚度仅约10 nm的ZSM-23沸石纳米片。论文共同第一作者为：刘培、刘晓娜，论文共同通讯作者为：吴勤明、陈伟、刘中民、肖丰收。背景介绍 ZSM-23沸石(MTT拓扑，孔径0.45×0.52 nm)因独特孔道和温和酸性广泛用于正构烷烃加氢异构化，但常规合成产物均呈针状形貌(沿a轴生长至微米级)，影响分子扩散且存在健康隐患。沸石纳米片兼具层级孔道和纳米尺寸优势，但合成难度大。因此，本文设计新型季铵盐Bis-Benz-Pyr2+为有机模板，首次制备出厚度仅约10 nm的ZSM-23沸石纳米片，且在正十六烷加氢异构反应中性能优异。主要创新点1、首次合成ZSM-23沸石纳米片：以Bis-Benz-Pyr2+为模板，实现厚度约为10 nm纳米片。2、理论计算揭示形貌调控：[001]晶面形成能最低，驱动ZSM-23沸石晶体沿a、b轴生长，而c轴生长受到抑制。3、催化性能提升：正十六烷加氢异构化中转化率和异构体收率均优于常规产物。主要研究结果图1. ZSM-23-N沸石纳米片的(A)低倍和(B)高倍SEM图像；(C)高倍TEM图像；ZSM-23-N沸石纳米片沿(D) [001]和(E) [210]晶带轴方向的高倍TEM图像及其对应的MTT骨架结构投影；纳米片(F)宽度、(G)长度和(H)厚度的统计分布。要点：在Bis-Benz-Pyr2+有机模板剂的辅助下，成功合成了具有MTT拓扑结构的ZSM-23-N沸石纳米片。SEM图像显示沸石产物呈现出均一的超薄纳米片结构。TEM图像和选区电子衍射结果进一步证实，该纳米片具有较高的结晶度，并优先沿ab平面生长，其沿[001]方向的厚度仅约10 nm。统计分析显示，纳米片沿b、a和c轴方向的平均尺寸分别约为250、500和9 nm。该超薄纳米片形貌缩短了沿c轴方向的扩散路径，为改善ZSM-23分子筛的传质性能及其催化应用提供了结构基础。图2. ZSM-23-N沸石纳米片的表征结果。(A) 27Al MAS NMR谱图, (B) 29Si MAS NMR谱, (C) (a)模板剂溶液和(b)溶解于HF溶液中的ZSM-23-N沸石纳米片的13C MAS NMR谱图, (D)TG-DTA曲线, (E) Ar吸附-脱附等温线和(F)孔径分布。要点：27Al MAS NMR显示Al物种均位于沸石骨架中且焙烧后仍保持稳定(图2A)。29Si MAS NMR显示ZSM-23-N的Si(3Si)缺陷物种含量高于ZSM-23-C(图2B)，与其具有更大外比表面积一致。13C NMR结果表明有机模板在合成过程始终保持稳定，未发生分解(图2C)。TG-DTA显示200-600 °C温度区间范围的失重10.83 wt.%对应于有机模板的分解(图2D)。N2吸附显示ZSM-23-N沸石纳米片的BET比表面积为218 m2/g、外比表面积为71 m2/g、介孔体积为0.54 cm3/g，远高于ZSM-23-C的13 m2/g和0.11 cm3/g。Ar吸附测得BET比表面积为287 m2/g、外比表面积为102 m2/g、介孔为32-80 nm (图2E, F)。图3. 两种不同有机结构导向剂(OSDA)在ZSM-23分子筛中的结构及稳定化能。要点：理论计算结果显示Bis-Benz-Pyr2+稳定化能为-8.73 kJ/(mol·Si)，远低于吡咯烷(-1.05)和二甲胺(-0.02)，证明其是合成ZSM-23分子筛的优良模板(图3 A, B)。进一步计算[001]、[010]和[100]面在有无OSDA时的形成能：无OSDA时[100]面最低，晶体倾向沿[100]方向生长形成纤维状(图3C, E, G)；引入Bis-Benz-Pyr2+后三个晶面形成能的范围缩小(-139.1至-140.6 vs -107.3至-117.4 kcal/mol），其中[001]面最负(图 3D, F, H)，意味着c轴方向最不利于生长，晶体优先沿a、b轴扩展形成纳米片。图4. 在Pt/H-ZSM-23-N和Pt/H-ZSM-23-C催化剂上，(A)正十六烷(n-C16)转化率、(B)异十六烷(iso-C16)选择性以及(C)异十六烷(iso-C16)收率随反应温度变化关系。要点：为评价催化性能，制备了具有相近结晶度、Si/Al比、Pt负载量及Pt纳米颗粒尺寸的Pt/H-ZSM-23-N和Pt/H-ZSM-23-C催化剂。在正十六烷加氢异构化反应中，随着反应温度升高，两种催化剂的正十六烷转化率均增加，而异十六烷选择性逐渐降低，异十六烷收率则呈现先升高后降低的趋势。值得注意的是，Pt/H-ZSM-23-N始终表现出更高的正十六烷转化率和异十六烷收率，同时保持与Pt/H-ZSM-23-C相近的异十六烷选择性。由于两种催化剂的组成、酸性和Pt分布基本一致，这一性能提升主要归因于ZSM-23-N超薄纳米片独特的形貌及其带来的传质优势。全文小结1. 在新型有机模板剂Bis-Benz-Pyr2+的作用下，成功制备了厚度约为10 nm的ZSM-23沸石纳米片。2. 理论计算表明，[001]晶面的形成能低于[010]和[100]晶面，说明引入Bis-Benz-Pyr2+后，沿a轴和b轴方向形成纳米片结构在热力学上更有利；SEM和TEM表征结果进一步证实了这一点。3. 正十六烷加氢异构化实验表明，与传统ZSM-23-C分子筛相比，ZSM-23-N沸石纳米片具有更高的正十六烷转化率和异十六烷收率，表现出更加优异的催化性能。作者介绍肖丰收，浙江大学化学工程与生物工程学院求是特聘教授、博士生导师，国家杰出青年基金获得者(1998年)。目前担任Industrial & Engineering Chemistry Research杂志的副主编、国际沸石协会(IZA)副主席和亚太催化协会(APACS)主席。曾获中国分子筛专业委员会的成就奖(2021年)、亚太催化协会的成就奖(2025年Advance of Catalysis Award)和国际分子筛协会的成就奖(2025年Breck Award)。主要研究方向为沸石分子筛的合成与催化，发表论文500余篇，论文SCI引用36,000余次，H因子100，授权专利180余项，在国际会议上做大会报告和主题报告80余次。吴勤明，浙江大学化学工程与生物工程学院百人计划研究员、博士生导师，国家自然科学基金青年项目（B类）[原优秀青年科学基金项目]和浙江省杰出青年科学基金项目获得者。主要研究方向包括沸石分子筛材料的新型合成路线、新型模板导向合成沸石分子筛材料、沸石分子筛材料的工业放大生产及其在环境和能源等方向的应用。目前以第一作者或通讯作者在J. Am. Chem. Soc.、Angew. Chem.、等期刊发表论文50余篇，以第一发明人授权国家发明专利近30项。文献信息：Pei Liu, Xiaona Liu, Lei Zhang, Yi Zhai, Yan Tong, Jianfeng Luo, Qinming Wu*, Wei Chen*, Xiaohui Du, Xiaolong Liu, Zhongmin Liu*, Feng-Shou Xiao*, Chin. J. Catal., 2026, 88, 506-515.浙江大学肖丰收课题组在相关研究领域已累计提交专利223项（共133件），其中89件授权发明专利。以“CN115124049B”为例，该专利采用小分子模板剂，如三甲基一乙基氢氧化铵、三甲基一丙基氢氧化铵等，通过控制反应原料的摩尔比和条件，实现FER沸石纳米片的厚度可控，利用烯烃气体膨胀形成纳米片。上述专利信息通过科㞳数智化全球专利信息检索分析平台查询。该平台由中国科学院大连化学物理研究所技术与创新支持中心（TISC）建设运行，注册即可免费使用，平台网址：https://energy.dicp.ac.cn/patentMain。Chinese Journal of Catalysis（《催化学报》，月刊，英文刊）创刊于1980年，是中国化学会催化专业委员会会刊，由中国科学院大连化学物理研究所和中国化学会共同主办。期刊现任共同主编为李灿院士和张涛院士，主要报道催化领域各研究方向的最新研究成果。本刊SCI影响因子为17.2，入选中国科技期刊卓越行动计划二期“英文领军期刊”项目，被中国科学院期刊分区评为化学类1区Top期刊，入选2025年度世界一流科技期刊目录，连续十四年被评为“中国最具国际影响力学术期刊”，获得第六届中国出版政府奖。期刊所有文章均不收取审稿费和版面费等任何费用，电子版在Elsevier平台出版：http://www.journals.elsevier.com/chinese-journal-of-catalysis。如有任何疑问，请联系编辑部（cjcatal@dicp.ac.cn）研理云服务器业务介绍研理云，研之成理旗下专门针对科学计算领域的高性能计算解决方案提供者。我们提供服务器硬件销售与集群系统搭建与维护服务。 ● 配置多样（单台塔式、两台塔式、多台机架式），按需定制，质量可靠，性价比高。 ● 目前已经为全国 100 多个课题组提供过服务器软硬件服务（可提供相同高校或临近高校往期案例咨询）。 ● 公司服务器应用工程师具有量子化学、第一性原理、分子动力学等相关学科研究背景。 ● 公司与多位化学、材料领域理论计算方向专家长期合作，一起探索最优服务器软硬件配置和部署。 ● 可参与招投标。产品特色 ● 定制化硬件配置：提供售前实例测试，为您提供最合适的硬件配置方案。 ● 一体化软件服务：根据需求，发货前，完成系统、环境、队列、计算软件等所有内容的安装与配置，让您实现开机即用。 ● 完善的售后服务：为每位客户建立专属服务群，遇到问题及时解决。大大降低使用学生使用门槛和缓解老师压力。三年硬件质保 + 三年免费软件技术支持。 ● 已购买客户咨询：我们已有超过100位已购买客户，可以给您提供相同城市或者临近城市已购买客户的联系方式，以提供真实案例咨询。 ● 赠送课程学习机会：可选课程包括量子化学（Gaussian），第一性原理，（Vasp），分子动力学模拟（Lammps、Grommacs），钙钛矿计算模拟（Vasp）等。具体赠送方案以沟通结果为准。扫码添加客服微信相关推荐1. 仪器表征基础知识汇总2. SCI论文写作专题汇总3. Origin/3D绘图等科学可视化汇总4. 理论化学基础知识汇总5. 催化板块汇总6. 电化学-电池相关内容汇总贴7. 研之成理名师志汇总更多科研作图、软件使用、表征分析、SCI 写作、名师介绍等干货知识请进入后台自主查询。阅读原文不喜欢支持国产！",,,,pending
吴振禹教授课题组Advanced Functional Materials：基于表面氧化工程提升贵金属催化剂上硝酸盐电催化选择性合成氨性能,研之成理,研之成理,"21C API, 新材料, 碳, 钙钛矿, 前沿表征, 原位, 电化学合成, 电催化, 学术研究, 大学, 教授, 期刊",normal,2026-09-27T14:35:03+08:00,,▲通讯作者：吴振禹、李昊、余永志 通讯单位：南方科技大学、日本东北大学、景德镇陶瓷大学 论文DOI：https://doi.org/10.1002/adfm.78585（点击文末「阅读原文」，直达链接）全文速览近日，南方科技大学吴振禹教授，日本东北大学李昊教授和景德镇陶瓷大学余永志副研究员等研究团队，在电化学硝酸盐还原制氨（NO3RR）领域取得突破性成果。研究团队创新性地提出一种普适性低温表面氧化工程策略，用于重构钌、铱、钯、铂贵金属电催化剂。该改性手段可同步提升NO3RR催化活性并有效抑制析氢反应，解决了传统贵金属催化剂难以兼顾活性与选择性这一核心瓶颈。其中，碳载核壳结构催化剂以金属钌为核、,http://mp.weixin.qq.com/s?__biz=MzUxMDMzODg2Ng==&mid=2247836627&idx=4&sn=863d3447793d31ffadfddaeee7171595,,"▲通讯作者：吴振禹、李昊、余永志 通讯单位：南方科技大学、日本东北大学、景德镇陶瓷大学 论文DOI：https://doi.org/10.1002/adfm.78585（点击文末「阅读原文」，直达链接）全文速览近日，南方科技大学吴振禹教授，日本东北大学李昊教授和景德镇陶瓷大学余永志副研究员等研究团队，在电化学硝酸盐还原制氨（NO3RR）领域取得突破性成果。研究团队创新性地提出一种普适性低温表面氧化工程策略，用于重构钌、铱、钯、铂贵金属电催化剂。该改性手段可同步提升NO3RR催化活性并有效抑制析氢反应，解决了传统贵金属催化剂难以兼顾活性与选择性这一核心瓶颈。其中，碳载核壳结构催化剂以金属钌为核、超薄二氧化钌为壳（Ru@RuO2/C）在0 V vs. RHE下氨法拉第效率高达99.91%；以其为阴极组装的锌–硝酸盐电池峰值功率密度达60.5 mW cm⁻2，比容量达829 mAh g⁻1。相关成果以“Boosting Selective Ammonia Electrosynthesis from Nitrate Over Noble Metal Catalysts Via Surface Oxidation Engineering”为题，于2026年9月22日发表于《先进功能材料》（Advanced Functional Materials）杂志。背景介绍氨气（NH3）作为全球最重要的基础化学品之一，既是现代农业的基石，也被视为极具潜力的无碳能源载体。目前人工合成氨主要来源于传统的哈伯-博施工艺（Haber-Bosch process），该工艺需在高温（400–500 °C）和高压（150–300 atm）条件下进行，消耗全球能源供应量的1%–2%，并贡献了约1%–2%的全球的二氧化碳排放量。在绿色肥料与氢能基础设施需求快速增长的背景下，发展可持续合成氨技术已迫在眉睫。电化学硝酸盐还原制氨（NO3RR）可将废水中的硝酸盐污染物转化为高附加值的氨，兼具污染治理与资源化利用双重价值，是一条极具前景的可持续合成氨路线。尽管该技术潜力巨大，NO3RR体系仍存在固有难题：该反应涉及复杂的九质子耦合八电子转移过程，反应路径复杂，导致动力学缓慢且产物选择性较差，是实现NH3高效合成的关键挑战。在众多候选材料中，贵金属电催化剂凭借独特的电子结构优势，在获得相近氨产率时所需电位明显更低，显著优于非贵金属过渡金属催化剂。但其实际应用仍受制于“活性—选择性”权衡瓶颈，从而限制了贵金属催化剂NO3RR性能的进一步提升。本文亮点亮点1：普适简便的低温表面氧化工程，构筑贵金属核壳异质结构。开发简单的空气低温退火方法，在贵金属纳米颗粒表面原位生成超薄氧化物壳层，成功制备Ru@RuO2/C、Ir@IrO2/C、Pd@PdO/C、Pt@PtO2/C一系列碳载核壳催化剂，该策略具备普适性。对于最优的Ru@RuO2/C，金属Ru核与RuO2壳形成紧密界面，发生界面电荷转移与电子重分布，优化中间体吸附同时抑制析氢副反应。亮点2：Ru@RuO2/C实现优异NO3RR电催化性能，宽电位区间维持高氨法拉第效率。在碱性条件0 V vs. RHE下氨法拉第效率高达99.91%，氨产率达到2.18 mg h⁻¹ mgcat⁻1；在 0.05~−0.2 V vs. RHE宽电位窗口氨法拉第效率持续高于90%，半电池能量效率最高43.04%，50次循环稳定性优异。同位素标记证实氨全部来源于硝酸盐。亮点3：组装锌‑硝酸盐电池，同步实现产氨与对外供电，拓展实际应用。以Ru@RuO2/C为阴极构建可充放电锌‑硝酸盐电池，开路电压可达1.803 V，峰值功率密度 60.5 mW cm⁻2；100 mA cm⁻2时比容量829 mAh g⁻1，电池可以驱动LED、计时器等器件，并且具备长循环可逆性。该体系可同时完成硝酸盐污染物去除、高附加值氨制备与电能输出，为氮循环资源化利用提供器件层面的验证。图文解析图1 Ru@RuO2/C催化剂的制备与表征要点：1. HAADF‑STEM: 氧化后纳米颗粒尺寸略微增大；原子分辨图像观测两套晶格条纹，内核金属Ru、外壳RuO2，核壳界面接触紧密。2. XRD: Ru@RuO2同时出现金属Ru和RuO2的衍射峰，对比Ru/C，证明氧化处理生成二氧化钌物相。图2 催化剂电子结构表征要点：1. XPS: 相比Ru/C，Ru@RuO2/C中Ru0结合能升高，证明电子从Ru核向RuO2壳转移；氧化时间增加，Ru价态升高。2. XAS: Ru@RuO2/C吸收边位置介于金属Ru箔和RuO2标样之间，Ru平均价态介于0~+4，同时存在Ru‑Ru键与Ru‑O键；键长、配位数发生变化，存在氧空位，进一步证实核壳异质界面。图3 NO₃RR电催化性能测试要点：1. 法拉第效率FE和稳定性：0 V vs. RHE时FE高达 99.91%；0.05~−0.2 V 宽电位区间 FE＞90%；对比Ru/C，负电位下FE衰减被明显遏制。连续50圈电解，法拉第效率与产率保持稳定，循环性能优异。2. 不同硝酸根浓度：在0.01 M‑0.1 M较宽硝酸盐浓度范围均保持高FE，适配不同实际废水场景。3. 同位素¹⁵N‑NMR：产物信号来自15NO₃⁻原料，排除外界氮杂质干扰。图4 原位电催化机理表征要点：1. 原位ATR‑SEIRAS：不同电位、不同电解时间下观测到*NH2、*NO3、*NH3等关键中间体信号；随电位变负、时间延长，氨相关中间体信号不断增强。2. 原位Raman：随电位负移，NO3⁻信号减弱，含氮中间体、氨特征峰增强；时间分辨Raman看到硝酸盐被持续消耗。3. DEMS在线质谱：检测m/z=17 (NH3)、30 (NO)、31 (NHO)、33 (NH2OH)、46 (NO2)气相中间体。图5 DFT理论计算要点：1. 自由能图：*NO3质子化是决速步 (PDS)；Ru@RuO2决速步能垒（+0.25 eV）显著低于纯Ru (0001)（+0.53 eV）2. PDOS态密度：Ru@RuO2的d带中心向费米能级上移，增强中间体吸附能力。3. COHP：Ru‑O键ICOHP数值更低，Ru与NO3⁻相互作用更强，稳定反应中间体。4. HER自由能：Ru@RuO2的HER自由能 0.72 eV，显著高于纯 Ru (0.03 eV)，从热力学上抑制析氢副反应。图6锌‑硝酸盐电池器件性能要点：1. 开路电压OCV：开路电压高达1.803 V，可以长时间稳定。2. 放电极化与功率密度：峰值功率密度达到60.5 mW cm⁻2。3. 比容量、能量密度：100 mA cm⁻2条件下比容量可达829 mAh g⁻1。4. 该电池可直接驱动LED灯、电子计时器，证明实际供电能力。5. 长周期充放电：10 mA cm⁻2条件下稳定循环100 h，可逆性良好。总结与展望针对电化学硝酸盐还原制氨（NO3RR）领域贵金属催化剂存在的活性‑选择性权衡难题与析氢副反应竞争的瓶颈，本文开发了一种简便、普适的低温表面氧化工程策略，成功构筑了一系列碳负载贵金属@金属氧化物核壳异质电催化剂，系统探究最优Ru@RuO2/C 催化剂的材料结构、电子效应、电催化性能、反应机理以及器件应用。本研究为电催化剂表界面的精准构筑提供了理性设计框架，将推动面向可持续氮管理与能源存储技术实际应用的贵金属基催化剂开发。课题组介绍吴振禹副教授（研究员） 南方科技大学化学系 主要从事能源纳米材料的理性设计、精准制备、能源电催化应用的研究。截止目前，在国际期刊发表SCI论文近80篇，引用2万余次（Google Scholar），H-Index为49；其中以通讯作者/第一作者身份发表SCI论文40余篇，包括Nature (1篇), Nat. Mater. (1篇), Nat. Nanotechnol. (2篇), Nat. Synth. (1篇), Nat. Sustain. (1篇), Sci. Adv. (1篇), Nat. Commun. (4篇)等。获得中国授权专利10项，申请美国专利1项。入选国家自然基金委海外优青项目，2022、2023、2025年科睿唯安(Clarivate) “全球高被引学者” ，2021、2022、2024、2025全球前2%顶尖科学家榜单(World's Top 2% Scientists)。荣获2022年教育部自然科学一等奖（5/6），2023年中国新锐科技人物卓越影响奖、AIChE’s 2021 Best Applied Paper Award (The South Texas Section)、首届博士后创新人才计划、中科院院长优秀奖等多项奖励。受邀担任Carbon Energy和Chinese Journal of Chemistry杂志的青年编委。课题组主页：https://faculty.sustech.edu.cn/?tagid=wuzy&iscss=1&snapid=1&orderby=date&go=2李昊教授：李昊教授是日本东北大学材料高等研究院（WPI-AIMR）的“杰出教授”，该头衔是日本学术界的最高荣誉。李昊教授领导“数字催化与电池实验室”（Digital Catalysis & Battery Lab, DigCat & DigBat）。他的研究聚焦于人工智能与材料设计的交叉领域，在催化与材料理论、机器学习算法开发，以及面向可持续社会的高性能材料设计等方面做出了突出贡献。他主导开发了多个具有全球影响力的数字平台：（1）数字催化平台（DigCat）：全球首个大规模实验催化数据库与人工智能平台，整合近百万条实验与理论材料数据，被全球材料科学家广泛使用。（2）数字电池平台（DigBat）：支持高性能电解质与电极设计的数字化与人工智能平台。（3）数字氢能平台（DigHyd）：推动先进储氢与燃料电池技术开发的数字化与人工智能平台。迄今，李教授已在Nature Catalysis、Nature Sustainability、Nature Communications、JACS、Angewandte Chemie、PNAS、Advanced Materials等顶级期刊发表论文270余篇，总被引超过13,000次。他的研究为人工智能在材料科学中的产业化应用奠定了基础。他曾获美国化学会“表面科学杰出研究者”（Surface Science Investigator, 2022）、美国化学工程师学会“最佳基础研究奖”等多项国际荣誉，并多次入选全球高被引科学家。他已主持并牵头多项重大科研基金，并在全球顶尖高校与国际会议上作特邀报告逾百场。余永志博士（副研究员） 景德镇陶瓷大学 主要研究方向：无机纳米材料的设计合成以及能源电催化应用。在Advanced Materials、Advanced Functional Materials等期刊发表多篇论文。研理云服务器业务介绍研理云，研之成理旗下专门针对科学计算领域的高性能计算解决方案提供者。我们提供服务器硬件销售与集群系统搭建与维护服务。 ● 配置多样（单台塔式、两台塔式、多台机架式），按需定制，质量可靠，性价比高。 ● 目前已经为全国 100 多个课题组提供过服务器软硬件服务（可提供相同高校或临近高校往期案例咨询）。 ● 公司服务器应用工程师具有量子化学、第一性原理、分子动力学等相关学科研究背景。 ● 公司与多位化学、材料领域理论计算方向专家长期合作，一起探索最优服务器软硬件配置和部署。 ● 可参与招投标。产品特色 ● 定制化硬件配置：提供售前实例测试，为您提供最合适的硬件配置方案。 ● 一体化软件服务：根据需求，发货前，完成系统、环境、队列、计算软件等所有内容的安装与配置，让您实现开机即用。 ● 完善的售后服务：为每位客户建立专属服务群，遇到问题及时解决。大大降低使用学生使用门槛和缓解老师压力。三年硬件质保 + 三年免费软件技术支持。 ● 已购买客户咨询：我们已有超过100位已购买客户，可以给您提供相同城市或者临近城市已购买客户的联系方式，以提供真实案例咨询。 ● 赠送课程学习机会：可选课程包括量子化学（Gaussian），第一性原理，（Vasp），分子动力学模拟（Lammps、Grommacs），钙钛矿计算模拟（Vasp）等。具体赠送方案以沟通结果为准。扫码添加客服微信相关推荐1. 仪器表征基础知识汇总2. SCI论文写作专题汇总3. Origin/3D绘图等科学可视化汇总4. 理论化学基础知识汇总5. 催化板块汇总6. 电化学-电池相关内容汇总贴7. 研之成理名师志汇总更多科研作图、软件使用、表征分析、SCI 写作、名师介绍等干货知识请进入后台自主查询。阅读原文不喜欢原滋原味的论文解读，让您准确把握最新前沿",,,,pending
MOF，Nature Chemistry！,研之成理,研之成理,"21C API, 钙钛矿, 前沿表征, 原位, 学术研究, 大学, 研究所",normal,2026-09-27T14:35:03+08:00,,"▲第一作者： Jianjun Zhang, Guojun Zhou, Hio-Ieng Un通讯作者：Zhiyong Wang, Zhehao Huang, Henning Sirringhaus, Xinliang Feng & Renhao Dong通讯单位：德国德累斯顿工业大学，马克斯·普朗克微结构物理研究所，斯德哥尔摩大学，华南理工大学前沿软物质学院，广东省能源与信息高分子材料基础研究卓越中心，剑桥大学，香港大学，香港大学深圳研究院DOI：https://doi.org/10.1038/s41557-026-02251-1（点击文末「阅读原文」，直达链接）研究背景二维（2D）共轭金属-",http://mp.weixin.qq.com/s?__biz=MzUxMDMzODg2Ng==&mid=2247836627&idx=1&sn=63af5a012b0fe504f270727c336331c4,,"▲第一作者： Jianjun Zhang, Guojun Zhou, Hio-Ieng Un通讯作者：Zhiyong Wang, Zhehao Huang, Henning Sirringhaus, Xinliang Feng & Renhao Dong通讯单位：德国德累斯顿工业大学，马克斯·普朗克微结构物理研究所，斯德哥尔摩大学，华南理工大学前沿软物质学院，广东省能源与信息高分子材料基础研究卓越中心，剑桥大学，香港大学，香港大学深圳研究院DOI：https://doi.org/10.1038/s41557-026-02251-1（点击文末「阅读原文」，直达链接）研究背景二维（2D）共轭金属-有机框架（c-MOFs）是一类新兴的层堆叠电子材料，具有引人入胜的物理性质，包括优异的导电性、可调带隙、拓扑态、金属性、超导性和高电荷载流子迁移率。这些特性使其成为（光）电子、自旋电子、磁性和能源相关器件的有前景的候选材料。借助其模块化特性，2D c-MOFs可提供可定制的结构拓扑和金属节点，从而能够调控其电子结构和电荷传输性质。然而，目前对2D c-MOFs的探索主要由各向同性网状化学（IRC）引领，其中配体上的所有反应位点表现出相同的反应性，导致构建单元以均一方式连接。因此，2D c-MOFs的结构拓扑主要取决于配体的几何构型。例如，具有C6（如苯）、C4（如酞菁）和C3（如三亚苯）几何构型的对称邻位取代配体分别产生固定的六边形（hxl）、正方形（sql）和蜂窝状（hcb）框架，且所有反应位点均参与连接。由于单类型配体库有限，这种依赖性限制了2D c-MOFs的拓扑可调性。导电二维（2D）共轭金属-有机框架（c-MOFs）是一类新兴的电子材料，具有可调的拓扑结构和金属节点。然而，传统高对称配体的均一反应性通常导致同质连接，限制了从单一类型配体可编程构建多样化拓扑结构和金属节点。研究问题本文报道了一种各向异性网状化学策略，利用具有多种邻苯二酚反应性的1,2,5,6,9,10,12,13-八羟基二苯并-[fg,op]并四苯配体，构建了七种不同的c-MOF晶体。1,2,5,6,9,10,12,13-八羟基二苯并-[fg,op]并四苯的位点选择性配位产生了三种拓扑结构不同的铜基c-MOFs，包括二维正方形排列（Cu-2D-sql）、二维蜂窝状排列（Cu-2D-hcb）和一维线性（Cu-1D）结构。Cu-1D可进一步与金属离子反应，生成四种具有确定双金属节点排列的双金属CuM-2D-sql（M = Ni、Co、Zn或Mn）。理论建模和单晶电学测量表明，这种结构编程有效调控了电荷传输行为。因此，各向异性网状化学策略为导电框架的结构和电子性质的原子级控制提供了一条途径。图文解析图1| 用于二维共轭金属-有机框架拓扑结构和双金属节点编程的配体设计要点：1.二维c-MOFs从单一类型配体实现可编程性，得益于ARC（anisotropic reticular chemistry）策略，该策略利用非均一反应性，在原子水平上通过位点选择性和顺序性将反应基团与金属节点进行编码。这一概念通过使用低对称性配体OH-DBT（C2v对称性）得到验证，该配体具有异质邻苯二酚基团反应性（位点A、B、C和D；图1a）。前体1,2,5,6,9,10,12,13-八甲氧基二苯并[fg,op]并四苯OMe-DBT按照改进的文献方法合成，而最终脱甲基步骤则经过开发以生成二维c-MOF形成所需的邻苯二酚基团。静电势图揭示，位点A和B具有相同的电子环境，表现出相同的配位反应性，允许同时形成金属-配体键。相比之下，位点C和D与位点A（或B）相比表现出不同的反应性，这由OH-DBT中每个邻苯二酚基团的计算pKa值（酸解离常数的负对数）所证实：位点A和B为36.9，位点C为38.6，位点D为36.2（图1a）。多样的邻苯二酚反应性为通过与金属阳离子的位点选择性和顺序配位反应合成具有可控拓扑结构和金属节点空间排列的二维c-MOFs奠定了基础（图1b）。为验证这一策略，本文采用了Cu节点，因为Cu–O键的高可逆性和方形平面CuO4配位几何有利于单晶二维c-MOFs的可控生长。图2| 单金属Cu-2D-sql、Cu-2D-hcb和Cu-1D的晶体结构要点：1.邻苯二酚基团的非均一反应性使其能够与Cu阳离子发生位点选择性配位，通过改变溶剂条件（图1c和图2），分别形成Cu-2D-sql（图2a；键合位点A、B、C和D）、Cu-2D-hcb（图2b；键合位点A、B和C）和Cu-1D（图2c；键合位点A和B）。Cu-2D-sql的合成方法为：将OH-DBT与2当量Cu(NO3)2·3H2O（相对于OH-DBT配体）在二甲基甲酰胺（DMF）/H2O（1/8，v/v）混合溶剂中，于85℃反应24小时。扫描电子显微镜（SEM）和高分辨透射电子显微镜（HRTEM）图像表明，Cu-2D-sql由长度约1–4 µm的带状单晶组成（图2d）。2.Cu-2D-sql的单晶结构通过三维电子衍射（3DED）测定，采用连续旋转电子衍射（cRED）方案，原子分辨率约为0.8 Å（图2g），显示为三斜P1-空间群，晶胞参数为a = 3.76 Å、b = 14.27 Å、c = 21.18 Å、α = 80.50°、β = 89.28°和γ = 84.43°。Pawley拟合表明，cRED测定的单晶结构与实验PXRD高度吻合，一致性因子较小，Rp = 2.1%和Rwp = 2.7%（图2j）。在获得的Cu-2D-sql单晶结构中（图2a），所有邻苯二酚基团均与Cu阳离子配位，通过方形平面[CuO4]连接形成二维框架。所得二维层以AA倾斜模式堆叠，层间距约为3.7 Å。交替排列的配体产生两个可区分的椭圆圆柱形通道。通过TOPOS 4.0 Professional进行的拓扑分析表明，Cu-2D-sql的结构可简化为sql/Shubnikov四方平面网。图3| 通过非原位PXRD监测Cu-2D-sql和Cu-2D-hcb的形成要点：1.为阐明拓扑编程机制，本文进行了非原位PXRD监测OH-DBT合成Cu-2D-sql过程中的结构演变（图3a）。0.5小时后，出现类似Cu-1D的PXRD图谱，表现为7.4°处的结晶峰，对应011反射。该峰强度稳步增加，2小时后达到最大值，得到的PXRD图谱与Cu-1D一致（图3a）。4小时后，在约6.3°、约9.9°和约11.4°处出现三个弱峰，分别对应Cu-2D-sql的010、012和012-反射。这些峰随时间推移变得更加显著，表明从Cu-1D逐渐转变为Cu-2D-sql。同时，归属于Cu-1D的7.4°处显著011反射强度减弱，并逐渐位移至7.0°，对应Cu-2D-sql的011反射。2.Cu-2D-sql形成的原位同步辐射XRD测量也揭示，Cu-1D中间体首先形成，随后Cu-2D-sql反射逐渐出现并增强，证实了一致的逐步转变过程。这些发现强调了OH-DBT的位点选择性和顺序连接，其中间步骤生成2连接的Cu-1D，并最终形成4连接的Cu-2D-sql。在Cu-1D中，位点A和B处具有相同反应性的邻苯二酚基团倾向于形成热力学稳定的长程有序一维结构（图3b）。对于Cu-2D-sql，位点C和D与位点A（或B）相比具有不同的反应性，使得所有位点同时参与变得困难。相反，一个顺序的两步过程将OH-DBT转化为Cu-2D-sql框架。最初，OH-DBT转化为Cu-1D，一旦两条相邻一维链之间形成第一个键，由于合适的排列方式，剩余位点便以拉链式方式自然连接。图4| 通过单晶到单晶转变从Cu-1D合成双金属二维共轭金属-有机框架要点：1.OH-DBT配体内部的位点选择性和顺序配位为精确编程多变量金属节点网络奠定了基础。为证明这一点，将Cu-1D单晶进一步与额外的金属阳离子反应，通过单晶到单晶（SCSC）转变形成更高维度的网络（图4a）。值得注意的是，过渡金属配合物的稳定性遵循Irving–Williams序列（Mn2+ Zn2+）。因此，位点A和B处现有的Cu–O键远比新形成的M–O键稳定。结果，引入的金属阳离子优先与邻苯二酚基团反应，而不是取代现有的[CuO4]单元。2.作为一个代表性例子，本文还尝试通过将Cu-1D单晶置于Cu-2D-sql的反应条件下，在85℃反应48小时来合成Cu-2D-sql。所得产物显示出与Cu-2D-sql相同的PXRD图谱，表明SCSC转变成功。相比之下，Cu-1D未能转变为Cu-2D-hcb，因为它采用一步过程（图4b）。受这些结果启发，本文尝试使用Cu-1D和各种金属盐合成双金属CuM-2D-sql（M = Zn、Ni、Co或Mn）。正如预期，所得双金属CuM-2D-sql粉末显示出与Cu-2D-sql相似的PXRD图谱（图4b），表明它们具有同构性质。SEM-EDX mapping确认了双金属特征，显示两种金属元素在样品中均匀分布（图4c）。HRTEM图像揭示，所有CuM-2D-sql均具有高结晶度的带状形貌。图5| 双金属二维共轭金属-有机框架的单晶结构要点：1.CuZn-2D-sql、CuNi-2D-sql、CuCo-2D-sql和CuMn-2D-sql的单晶结构通过cRED解析（图5）。结果表明，CuZn-2D-sql结晶于三斜单斜P1-空间群，晶胞参数为a = 3.79 Å、b = 15.00 Å、c = 21.44 Å、α = 99.43°、β = 92.17°和γ = 96.99°（图5a,e）。Zn阳离子连接相邻的Cu-1D链，在基平面内形成二维双金属网络。Zn节点采用方形锥形[ZnO5]几何构型，与层内四个O原子以及相邻层的一个额外O原子配位，导致PXRD与Cu-2D-sql相比略有差异。CuNi-2D-sql（图5b,f）、CuCo-2D-sql（图5c,g）和CuMn-2D-sql（图5d,h）的单晶结构也通过cRED解析，表明Ni、Co或Mn阳离子可分别通过[NiO4]、[CoO4]或[MnO4]连接与位点C和D处的游离邻苯二酚基团成功配位，形成二维网络。结果证明了Cu-1D的SCSC转变具有普适性。2.相比之下，从Ni-1D和Co-1D链出发合成双金属二维c-MOF单晶仍然具有挑战性。XPS测量证实了CuM-2D-sql样品中的双金属特性。电感耦合等离子体发射光谱分析显示，CuM-2D-sql中Cu和M的含量几乎相等，与其化学式一致。这些结果揭示了ARC策略在原子水平上编程双金属二维c-MOFs的可行性。此外，所得二维c-MOFs在活化后未显示明显的结构变化。77 K下的氮气吸附等温线揭示这些二维c-MOFs的Brunauer-Emmett-Teller表面积为77–286 m2 g−1，而热重分析（TGA）显示这些二维c-MOFs具有高的热稳定性，分解温度超过200℃。所得二维c-MOFs在多种有机溶剂和水溶液中表现出良好的化学稳定性，但Cu-1D除外，其在碱性条件下显示结构变化。图6| 共轭金属-有机框架的电子结构和电荷传输性质要点：1.为阐明拓扑结构和双金属节点对电子性质的影响，采用密度泛函理论（DFT）计算确定其电子能带结构（图6a–d）。选择Cu-1D、Cu-2D-sql、CuNi-2D-sql和CuZn-2D-sql作为代表性例子：Cu-1D和Cu-2D-sql是具有不同拓扑结构的单金属样品，而Cu-2D-sql、CuNi-2D-sql和CuZn-2D-sql具有相同拓扑结构但不同金属节点（Cu和Cu、Cu和Ni、Cu和Zn）。本文发现，结构调控能够很好地转化为电子能带结构的调节，影响面内和面外能隙以及能带色散。总结与展望本文展示了ARC策略，用于从单一类型OH-DBT配体合成具有多种拓扑结构和双金属节点可控空间排列的二维c-MOFs。去对称化的OH-DBT配体可选择性地与Cu阳离子连接，形成三种结构不同的单金属c-MOFs（Cu-2D-sql、Cu-2D-hcb和Cu-1D）。值得注意的是，沿线性链带有未反应邻苯二酚基团的Cu-1D可进一步通过SCSC转变与额外金属离子（Zn、Ni、Co和Mn）编码，形成四种双金属二维c-MOFs（CuM-2D-sql）。理论研究和单晶电导率测量表明，电子能带结构和电荷传输性质可通过在原子水平上定制网络来精确调控。本文的发现展示了一种通用方法，可从单一类型配体编程具有可控拓扑结构和双金属节点空间分布的二维c-MOFs，为定制电子材料以满足电子学、自旋电子学、磁性和催化等多个领域的需求铺平了道路。原文链接：https://www.nature.com/articles/s41557-026-02251-1研理云服务器业务介绍研理云，研之成理旗下专门针对科学计算领域的高性能计算解决方案提供者。我们提供服务器硬件销售与集群系统搭建与维护服务。 ● 配置多样（单台塔式、两台塔式、多台机架式），按需定制，质量可靠，性价比高。 ● 目前已经为全国 100 多个课题组提供过服务器软硬件服务（可提供相同高校或临近高校往期案例咨询）。 ● 公司服务器应用工程师具有量子化学、第一性原理、分子动力学等相关学科研究背景。 ● 公司与多位化学、材料领域理论计算方向专家长期合作，一起探索最优服务器软硬件配置和部署。 ● 可参与招投标。产品特色 ● 定制化硬件配置：提供售前实例测试，为您提供最合适的硬件配置方案。 ● 一体化软件服务：根据需求，发货前，完成系统、环境、队列、计算软件等所有内容的安装与配置，让您实现开机即用。 ● 完善的售后服务：为每位客户建立专属服务群，遇到问题及时解决。大大降低使用学生使用门槛和缓解老师压力。三年硬件质保 + 三年免费软件技术支持。 ● 已购买客户咨询：我们已有超过100位已购买客户，可以给您提供相同城市或者临近城市已购买客户的联系方式，以提供真实案例咨询。 ● 赠送课程学习机会：可选课程包括量子化学（Gaussian），第一性原理，（Vasp），分子动力学模拟（Lammps、Grommacs），钙钛矿计算模拟（Vasp）等。具体赠送方案以沟通结果为准。扫码添加客服微信相关推荐1. 仪器表征基础知识汇总2. SCI论文写作专题汇总3. Origin/3D绘图等科学可视化汇总4. 理论化学基础知识汇总5. 催化板块汇总6. 电化学-电池相关内容汇总贴7. 研之成理名师志汇总更多科研作图、软件使用、表征分析、SCI 写作、名师介绍等干货知识请进入后台自主查询。阅读原文不喜欢顶刊快讯，关注Nature, Science！",,,,pending
燕山大学，Nature Chemistry！,研之成理,研之成理,"21C API, 新材料, 碳, 钙钛矿, 前沿表征, 原位",normal,2026-09-27T14:35:03+08:00,,"▲第一作者：Feng Chen, Lianfeng Zou, Penghui Li通讯作者：Xiang-Feng Zhou, Xiao-Ji Weng通讯单位：燕山大学DOI: https://doi.org/10.1038/s41557-026-02267-7（点击文末「阅读原文」，直达链接）背景介绍硼作为元素周期表中电子结构最为独特的元素之一，其2s²2p¹价电子构型导致强烈的电子缺位，促进了多样化的多中心键合，形成了众多热力学稳定性相近的同素异形体。传统硼结构以B₁₂二十面体为基本构建单元，赋予其高硬度、本征半导体性、高熔点和可观的中子散射长度等特性。除常压下的α-和β-菱面体相外，高压",http://mp.weixin.qq.com/s?__biz=MzUxMDMzODg2Ng==&mid=2247836627&idx=2&sn=e8ed456a03951604bf5695b2cf67f532,,"▲第一作者：Feng Chen, Lianfeng Zou, Penghui Li通讯作者：Xiang-Feng Zhou, Xiao-Ji Weng通讯单位：燕山大学DOI: https://doi.org/10.1038/s41557-026-02267-7（点击文末「阅读原文」，直达链接）背景介绍硼作为元素周期表中电子结构最为独特的元素之一，其2s²2p¹价电子构型导致强烈的电子缺位，促进了多样化的多中心键合，形成了众多热力学稳定性相近的同素异形体。传统硼结构以B₁₂二十面体为基本构建单元，赋予其高硬度、本征半导体性、高熔点和可观的中子散射长度等特性。除常压下的α-和β-菱面体相外，高压合成已将硼同素异形体家族扩展至γ-B₂₈、ε-B₁₅、ζ-B₈、δ-T₅₀、δ-O₅₁.₅₂、α-T₃₂、β-T₁₉₂和pc-B₃₂等多种相。然而，大多数已知硼同素异形体采用多中心键合的共价框架，表现为半导体性质，室温电导率通常在10⁻⁴至10⁻⁵ S m⁻¹之间，带隙一般高于1.5 eV，且被广泛视为超硬材料。同时具有窄带隙、高电导率和显著塑性变形能力的元素硼相在实验上鲜有实现。尽管十余年前γ-B₂₈的发现是一个罕见例外，但通过传统热力学指导的合成路线扩展硼结构库仍面临根本性困难。这一持续挑战凸显了开发创新合成方法的迫切需求，如前驱体介导、反应驱动或催化路径，以解锁具有潜在变革性性质的新型硼同素异形体。本文报道了一种通过高压合成Na₄B₆₀前驱体继而脱钠的两步策略，成功制备出正交相硼同素异形体Imma-B₆₀。该同素异形体具有由B₁₂二十面体通过三角形B₃单元连接而成的开放框架结构，展现出窄带隙（本文亮点1.前驱体介导的两步合成策略：通过高压合成Na₄B₆₀单晶前驱体，随后真空脱钠，成功获得开放框架结构的Imma-B₆₀，为亚稳材料合成提供了通用策略。2.兼具高导电性与窄带隙：Imma-B₆₀的电导率高达约9×10² S m⁻¹，比β-硼高七个数量级，带隙小于0.2 eV，打破了硼同素异形体作为宽带隙半导体的传统认知。3.罕见的塑性变形能力：Imma-B₆₀纳米柱在单轴压缩下展现出约23%的塑性应变，总应变达32%，通过位错介导的滑移机制实现，挑战了二十面体硼网络固有脆性的传统观点。图文解析图1. Imma-B₆₀的两步合成策略与结构表征要点：图1系统展示了通过前驱体介导策略合成Imma-B₆₀的完整过程及其结构验证。图1a是实验装置示意图，在六方氮化硼坩埚内，锌插层被策略性地置于钠层和硼层之间。这种设计基于锌与硼和钠的低互溶性，有效缓解了硼-钠界面处的过度成核，从而促进了大尺寸Na₄B₆₀单晶的生长。图1b的扫描电镜图像显示，所得Na₄B₆₀单晶尺寸在100至300微米之间，远大于此前报道的50微米以下，为后续作为前驱体使用提供了关键前提。图1c展示了前驱体Na₄B₆₀和脱钠后B₆₀的粉末X射线衍射Rietveld精修结果。观察数据与计算曲线高度吻合，Na₄B₆₀的精修参数Rwp=7.18%、Rp=4.91%、GOF=1.34，B₆₀的精修参数Rwp=4.85%、Rp=3.15%、GOF=1.14，证实了结构模型的准确性。图中还标注了少量与缺陷相关的衍射峰，这些弱反射未被理想Imma模型捕获，被归因于晶体中间隙硼原子相关的缺陷衍射。图1d是脱钠过程的原子结构示意图，黄色球代表钠原子，绿色球代表间隙B₃单元。Na₄B₆₀的开放框架由B₁₂二十面体和间隙三角形硼单元构成，为钠的扩散提供了通道。脱钠后，钠原子被完全移除，留下纯硼开放框架。这一合成策略的核心在于利用前驱体的开放结构作为模板，通过脱除客体元素来“雕刻”出常规合成方法难以获得的硼框架。图2. Imma-B₆₀开放框架结构的原子级可视化要点：图2通过积分差分相位衬度扫描透射电镜技术，直观展示了脱钠前后原子结构的演变，为Imma-B₆₀的形成提供了最直接的证据。图2a和2b分别展示了Na₄B₆₀前驱体沿[100]和[010]晶带轴方向的iDPC-STEM图像。iDPC-STEM对轻元素具有极高的敏感性，使得钠原子（黄色球）和硼原子（蓝色球）的原子柱均清晰可见，与模拟结构高度吻合。沿[100]方向观察，可以清晰看到B₁₂二十面体的特征投影以及间隙硼原子的位置。图2c和2d展示了热脱钠后Imma-B₆₀的iDPC-STEM图像。最显著的变化是钠信号完全消失，沿[100]方向观察时形成了明显的开放通道，这是钠完全移除的直接证据。沿[010]方向观察时，虽然整体晶体学 motif 在脱钠前后相似，但间隙钠位点的衬度明显丧失。脱钠后，间隙B5原子（8h位点）沿[010]轴变得清晰可辨，而间隙B6原子（4e位点）沿[100]轴在脱钠前后均可识别。尤为重要的是，B₁₂二十面体在整个脱钠过程中保持完整，其沿[100]方向的八个投影原子位置和沿[010]方向的十二个投影位置均得以保留。这些原子级观察直接证实了钠的成功移除以及开放框架拓扑结构的稳健保留。此外，微晶电子衍射作为替代结构探针，成功确认了Imma-B₆₀框架，并表明存在与间隙原子相关的本征缺陷，这些缺陷可能在平衡电荷分布、最小化内能和稳定电子结构方面发挥关键作用。图3. Na₄B₆₀和B₆₀的电子与光学性质要点：图3全面展示了Imma-B₆₀及其前驱体的电子和光学性质，揭示了脱钠对电学行为的深刻影响。图3a展示了Na₄B₆₀和B₆₀的温度依赖电导率。B₆₀在室温下的平均电导率为(9.1±1.8)×10² S m⁻¹，比Na₄B₆₀的(8.3±1.0)×10⁻² S m⁻¹高出约四个数量级，更比典型元素硼同素异形体的电导率高出六到七个数量级，与硼碳化物相当。电导率随温度升高而增加，表明半导体传输行为。通过Arrhenius拟合，从三次独立测量中提取的电学带隙平均为0.12±0.01 eV。图3b展示了Na₄B₆₀的紫外-可见吸收光谱，Tauc分析给出直接带隙为1.46±0.06 eV，间接带隙为1.04±0.04 eV。图3c展示了B₆₀的红外吸收光谱，Tauc分析显示其带隙显著减小，直接带隙仅为0.21±0.01 eV，间接带隙为0.07±0.01 eV。光学确定的间接带隙与电学测量值高度吻合。这种带隙的急剧减小与典型宽带隙二十面体硼同素异形体形成鲜明对比，使Imma-B₆₀处于元素硼中独特的电子区域。值得注意的是，DFT计算对理想无缺陷的Imma-B₆₀结构预测为金属行为，即使应用准粒子修正和杂化泛函也未能改变这一结论。这种理论与实验的差异在富硼固体中常有报道，通常与原生缺陷、Jahn-Teller畸变以及关联驱动的带隙形成（如Mott极化子带隙）有关。含缺陷结构模型的HSE06计算给出了窄但有限的带隙，支持缺陷是控制观察到的窄带隙半导体行为的关键因素。图4. B₆₀纳米柱在单轴压缩下的塑性变形要点：图4通过原位压缩实验揭示了Imma-B₆₀卓越的塑性变形能力及其原子机制。图4a展示了[010]取向的B₆₀和Na₄B₆₀纳米柱的应力-应变曲线。Na₄B₆₀纳米柱在约9%弹性应变后发生脆性断裂，而B₆₀纳米柱在经历约9%弹性变形后，展现出持续塑性变形，额外容纳约23%应变，总应变达约32%而不断裂。图4b和4c的透射电镜图像分别捕捉了Na₄B₆₀和B₆₀纳米柱的原位压缩过程。Na₄B₆₀在屈服后迅速形成裂纹并断裂，而B₆₀则均匀变形至32%应变仍保持完整。图4d和4e的高分辨透射电镜图像显示，B₆₀在塑性变形过程中形成了明显的滑移带。图4f的放大图像表明，这些约5纳米宽的滑移带通过[011]{011}滑移系统运作。图4g和4h的快速傅里叶变换对比分析显示，滑移带区域出现明显的斑点宽化和约5°的晶格旋转，表明滑移带内晶格畸变增加。图4i的环形明场扫描透射电镜表征直接识别出塑性变形区域内的刃位错，柏氏矢量为b=1/2[011]，确认了位错滑移是塑性变形的主要机制。这种位错介导的塑性和适应性滑移带的形成，赋予了Imma-B₆₀卓越的塑性。纳米压痕测量给出B₆₀的硬度为20.5±1.6 GPa，低于前驱体Na₄B₆₀的29.9±0.2 GPa，硬度的降低归因于钠移除和密度减小，同时也暗示了塑性增强的潜力。这一发现挑战了二十面体硼网络固有脆性的传统观点，证明适当的框架拓扑结构可以赋予超硬共价固体显著的延展性。总结与展望本研究通过前驱体介导的两步脱钠策略，成功合成并全面表征了元素硼的正交相同素异形体Imma-B₆₀。该材料具有由B₁₂二十面体通过三角形硼单元连接而成的独特开放框架结构，展现出显著减小的带隙（https://www.nature.com/articles/s41557-026-02267-7研理云服务器业务介绍研理云，研之成理旗下专门针对科学计算领域的高性能计算解决方案提供者。我们提供服务器硬件销售与集群系统搭建与维护服务。 ● 配置多样（单台塔式、两台塔式、多台机架式），按需定制，质量可靠，性价比高。 ● 目前已经为全国 100 多个课题组提供过服务器软硬件服务（可提供相同高校或临近高校往期案例咨询）。 ● 公司服务器应用工程师具有量子化学、第一性原理、分子动力学等相关学科研究背景。 ● 公司与多位化学、材料领域理论计算方向专家长期合作，一起探索最优服务器软硬件配置和部署。 ● 可参与招投标。产品特色 ● 定制化硬件配置：提供售前实例测试，为您提供最合适的硬件配置方案。 ● 一体化软件服务：根据需求，发货前，完成系统、环境、队列、计算软件等所有内容的安装与配置，让您实现开机即用。 ● 完善的售后服务：为每位客户建立专属服务群，遇到问题及时解决。大大降低使用学生使用门槛和缓解老师压力。三年硬件质保 + 三年免费软件技术支持。 ● 已购买客户咨询：我们已有超过100位已购买客户，可以给您提供相同城市或者临近城市已购买客户的联系方式，以提供真实案例咨询。 ● 赠送课程学习机会：可选课程包括量子化学（Gaussian），第一性原理，（Vasp），分子动力学模拟（Lammps、Grommacs），钙钛矿计算模拟（Vasp）等。具体赠送方案以沟通结果为准。扫码添加客服微信相关推荐1. 仪器表征基础知识汇总2. SCI论文写作专题汇总3. Origin/3D绘图等科学可视化汇总4. 理论化学基础知识汇总5. 催化板块汇总6. 电化学-电池相关内容汇总贴7. 研之成理名师志汇总更多科研作图、软件使用、表征分析、SCI 写作、名师介绍等干货知识请进入后台自主查询。阅读原文不喜欢顶刊快讯，关注Nature, Science！",,,,pending
吉林师范大学冯明、孙桂儒团队：原位构筑光固化人工SEI，实现锂-氧电池穿梭效应与锂枝晶的协同抑制,研之成理,研之成理,"21C API, 新材料, 聚合物, 钙钛矿, 高比能, 锂金属, 硅, 前沿表征, 原位, 电化学合成, 电催化, 学术研究, 大学, 教授, 科学院, 研究所, 期刊, 技术进展, 最新进展, 机理研究, 制备工艺, 界面优化",normal,2026-09-27T14:35:03+08:00,,"以下文章来源于ChinChemLett，作者杨大明ChinChemLett.CCL是由中国科协主管，中国化学会和中国医学科学院药物研究所联合主办的国内外公开发行的化学综合性学术期刊。办刊宗旨是新、快、准，及时反映化学各相关领域的最新进展及热点问题，报道内容涵盖化学各领域。中科院分区1区，TOP期刊,卓越领军期刊。前言近日，吉林师范大学冯明、孙桂儒团队在《Chinese Chemical Letters》上发表了题为“In‑situ photo‑cured artificial SEI for simultaneously suppressing shuttle effect and dendr",http://mp.weixin.qq.com/s?__biz=MzUxMDMzODg2Ng==&mid=2247836627&idx=6&sn=611e61359cb755c2516f3de388825f35,,"以下文章来源于ChinChemLett，作者杨大明ChinChemLett.CCL是由中国科协主管，中国化学会和中国医学科学院药物研究所联合主办的国内外公开发行的化学综合性学术期刊。办刊宗旨是新、快、准，及时反映化学各相关领域的最新进展及热点问题，报道内容涵盖化学各领域。中科院分区1区，TOP期刊,卓越领军期刊。前言近日，吉林师范大学冯明、孙桂儒团队在《Chinese Chemical Letters》上发表了题为“In‑situ photo‑cured artificial SEI for simultaneously suppressing shuttle effect and dendrite growth in Li‑O2 batteries”的研究论文（DOI：10.1016/j.cclet.2026.113291）。本研究针对锂‑氧电池中氧化还原媒介（RMs）带来的穿梭腐蚀锂负极，以及锂枝晶生长两大难题，采用原位紫外光固化策略，在金属锂表面构筑ETPTA/TEGDMA复合人工SEI保护层（E/T@Li）。刚性ETPTA三维交联网络提供高机械强度抑制锂枝晶，TEGDMA柔性醚链保障锂离子快速输运；致密交联聚合物网络赋予分子筛效应，从分子尺度阻隔DBBQ、TTF氧化还原媒介向锂负极穿梭。受益于多重协同功能，搭载该人工SEI的锂‑氧电池在含DBBQ/TTF电解液中可稳定循环100圈；Li||Li对称电池循环寿命延长至2000 h。本工作为锂‑氧电池体系实现“加速反应动力学”与“稳定锂金属负极”的兼顾提供了靶向界面设计新思路。论文标题截图图文摘要研究思路锂‑氧电池拥有极高理论能量密度，是下一代储能体系极具潜力的候选。引入DBBQ、TTF 氧化还原媒介能够分别加速氧还原（ORR）、氧析出（OER）动力学，降低电池过电位；但可溶性氧化还原媒介会发生严重穿梭效应，迁移至锂负极发生副反应腐蚀金属锂，同时金属锂负极还面临锂枝晶穿刺造成的安全风险。为解决“使用氧化还原媒介提升动力学”与“负极被穿梭介质腐蚀”之间的矛盾，本工作利用原位UV光聚合，直接在锂箔表面构筑刚性‑柔性协同聚合物人工SEI。选用三官能团单体ETPTA构建高力学刚性交联骨架抑制枝晶；TEGDMA提供柔性醚链保证Li+快速传导；调控单体配比获得致密聚合物网络实现分子筛筛分，允许Li+自由通过，阻挡DBBQ、TTF大分子穿梭。系统探究膜层厚度、单体配比对离子输运、阻隔能力、力学性能的影响，结合物化表征与电化学测试，验证该人工SEI同时实现抑制穿梭效应、均匀锂沉积、保障离子传导三重功能。图文导读图1 E/T@Li电极制备流程与形貌、力学表征该图展示E/T@Li的原位紫外光固化制备工艺；对比纯锂与改性后E/T@Li表面SEM形貌，改性后表面平整致密；截面SEM证实SEI膜厚度约5 μm；元素mapping证明C、O、F元素在膜层内均匀分布；AFM表征说明改性层表面平整，杨氏模量远高于抑制锂枝晶临界阈值，具备抵御锂枝晶穿刺的力学能力。图2 E/T聚合物人工SEI物化性能测试利用FTIR光谱追踪紫外光固化聚合过程，证实3 min紫外照射下双键完全反应，交联网络成功形成；V型扩散池直观验证E/T膜可以有效阻隔DBBQ、TTF氧化还原媒介跨膜扩散；进一步测试得到膜的电化学稳定窗口、热稳定性、锂离子迁移数、离子电导率与电子电导率。结果表明该聚合物膜拥有较宽电化学窗口、合适锂离子传导能力，同时具备低电子电导率，满足锂‑氧电池负极保护层要求。图3 锂‑氧电池电化学性能与反应机理研究循环后负极S 2p XPS 结果证明E/T人工SEI可以有效隔绝氧化还原媒介，抑制穿梭带来的副反应；E/T@Li组装的锂‑氧电池可以稳定循环100圈；阴极不同状态SEM‑mapping、原位XRD证明放电产物Li2O2可逆生成与分解；GITT测试说明改性电池拥有更优的锂离子扩散动力学。图4 Li||Li对称电池性能及锂沉积抑制机理对比纯锂和E/T@Li对称电池的CV、倍率、长循环性能；E/T@Li对称电池可以稳定循环2000 h，极化电压保持稳定。循环后负极SEM、原位光学显微镜直观证明E/T@Li能够调控锂均匀沉积，显著抑制锂枝晶与死锂生成；机理示意图阐明分子筛效应阻隔RMs穿梭，高力学SEI调控锂沉积，双重作用提升界面稳定性。小结本工作通过原位光固化在锂金属负极表面构建刚性‑柔性协同多功能人工SEI。依托致密交联聚合物的分子筛效应抑制DBBQ、TTF氧化还原媒介的穿梭效应；ETPTA带来的高力学强度物理阻挡锂枝晶生长；TEGDMA柔性醚链保障锂离子快速输运。装配该保护层的锂‑氧电池实现100次稳定循环，Li||Li对称电池寿命提升至2000 h。该界面工程策略有效破解锂‑氧电池中氧化还原媒介带来的动力学‑负极稳定性权衡难题，对金属锂基锂‑氧电池界面设计具有参考意义。通讯作者介绍通讯作者个人简介：冯明，吉林师范大学物理学院，二级教授，博士生导师，荣获“全国优秀教师”、享受国务院政府特殊津贴专家、吉林省高层次“B类人才”、吉林省杰出青年科学基金获得者、首批吉林省“长白山领军人才”、吉林省拔尖创新人才、吉林省有突出贡献专家、吉林省青年科技奖获得者。主要从事二次电池关键材料开发与应用、外物理场耦合光电催化反应设计及其界面动力学研究。现任功能材料物理与化学教育部重点实验室主任，兼任中国硅酸盐学会微纳技术分会理事、中国发展战略学研究会先进材料与智能制造战略专业委员会委员、中国化工学会化工新材料专业委员会委员、中国稀土学会固体科学与新材料专业委员会委员、中国感光学会光催化专业委员会委员、吉林省重大项目谋划专家智库专家、《Journal of Advanced Ceramics》、《Nano-Micro Letters》、《Advanced Powder Materials》、《Chinese Chemical Letters》、《Rare Metals》、《Energy Materials》、《Battery Energy》、《Tungsten》、《硅酸盐学报》期刊编委/青年编委。先后主持国家自然科学基金项目5项；吉林省长白山实验室产业化开发项目、省科技发展计划重点研发项目、省杰出青年科学基金、省“长白山领军人才”项目等省部级项目11项。作为第一完成人，获吉林省科技进步一等奖1项、吉林省自然科学二等奖1项。现已在Nat. Commun., Adv. Mater., Angew. Chem. Int. Ed., J. Am. Chem. Soc.等国际知名期刊上发表论文150余篇，申请或授权发明专利30余件，出版教材1部通讯作者个人简介：孙桂儒，吉林师范大学物理学院，副教授，硕士生导师，吉林省高层次“E类人才”。主要从事金属锂二次电池关键材料开发与应用、外物理场耦合电催化反应设计及其界面动力学研究。作为项目负责人主持吉林省科技厅科研项目2项、吉林省教育厅科研项目2项。以第一作者或通讯作者在Advanced Materials, Chemical Engineering Journal, Journal of Advanced Ceramics., Chinese Chemical Letters, ACS Applied Materials & Interfaces, Journal of Power Sources等国际知名期刊上发表SCI论文10余篇，申请发明专利2项。第一作者介绍第一作者个人简介：杨大明，吉林师范大学化学学院2024级在读博士研究生。主要从事锂氧气电池电极界面优化及金属锂负极保护相关研究。获得2025年博士研究生国家奖学金，以第一作者身份在Chemical Engineering Journal, Chinese Chemical Letters, Journal of Colloid and Interface Science等期刊发表SCI论文4篇，申请发明专利2项。文献信息原文链接：https://doi.org/10.1016/j.cclet.2026.113291研理云服务器业务介绍研理云，研之成理旗下专门针对科学计算领域的高性能计算解决方案提供者。我们提供服务器硬件销售与集群系统搭建与维护服务。 ● 配置多样（单台塔式、两台塔式、多台机架式），按需定制，质量可靠，性价比高。 ● 目前已经为全国 100 多个课题组提供过服务器软硬件服务（可提供相同高校或临近高校往期案例咨询）。 ● 公司服务器应用工程师具有量子化学、第一性原理、分子动力学等相关学科研究背景。 ● 公司与多位化学、材料领域理论计算方向专家长期合作，一起探索最优服务器软硬件配置和部署。 ● 可参与招投标。产品特色 ● 定制化硬件配置：提供售前实例测试，为您提供最合适的硬件配置方案。 ● 一体化软件服务：根据需求，发货前，完成系统、环境、队列、计算软件等所有内容的安装与配置，让您实现开机即用。 ● 完善的售后服务：为每位客户建立专属服务群，遇到问题及时解决。大大降低使用学生使用门槛和缓解老师压力。三年硬件质保 + 三年免费软件技术支持。 ● 已购买客户咨询：我们已有超过100位已购买客户，可以给您提供相同城市或者临近城市已购买客户的联系方式，以提供真实案例咨询。 ● 赠送课程学习机会：可选课程包括量子化学（Gaussian），第一性原理，（Vasp），分子动力学模拟（Lammps、Grommacs），钙钛矿计算模拟（Vasp）等。具体赠送方案以沟通结果为准。扫码添加客服微信相关推荐1. 仪器表征基础知识汇总2. SCI论文写作专题汇总3. Origin/3D绘图等科学可视化汇总4. 理论化学基础知识汇总5. 催化板块汇总6. 电化学-电池相关内容汇总贴7. 研之成理名师志汇总更多科研作图、软件使用、表征分析、SCI 写作、名师介绍等干货知识请进入后台自主查询。阅读原文不喜欢支持国产！",,,,pending
中秋假期最后一天，全国返程车流进入高峰,中国能源报,中国能源报,21C API,normal,2026-09-27T14:32:21+08:00,,中秋假期最后一天，全国公路网迎来集中返程。中秋假期最后一天，全国公路网迎来集中返程，目前，高速公路的通行情况如何？总台央视记者 孙继文：据路网中心信息，中秋节假期，全国高速公路日均车流量约为4100万辆次，假期出行以家庭旅游、近郊出行为主。目前，全国各地已进入返程车流集中阶段。主干高速进城方向车流从周边向中心城市回流，各大城市环线、高速入城口、枢纽互通压力最大，交通部门提醒注意控制车速，保持合理车距。热门景区周边路段车流开始汇集现在是中秋假期最后一天，不少旅客陆续返程，景区出口和国省干线路口车流逐步汇集。多地交通部门已在景区出口布设分流提示牌，引导车辆有序汇入高速主线。各位准备返程的驾乘朋友可,http://mp.weixin.qq.com/s?__biz=MjM5NTI4MTIyMg==&mid=2658144059&idx=2&sn=580a0a362376a0ba5f487fe21f599d65,,中秋假期最后一天，全国公路网迎来集中返程。中秋假期最后一天，全国公路网迎来集中返程，目前，高速公路的通行情况如何？总台央视记者 孙继文：据路网中心信息，中秋节假期，全国高速公路日均车流量约为4100万辆次，假期出行以家庭旅游、近郊出行为主。目前，全国各地已进入返程车流集中阶段。主干高速进城方向车流从周边向中心城市回流，各大城市环线、高速入城口、枢纽互通压力最大，交通部门提醒注意控制车速，保持合理车距。热门景区周边路段车流开始汇集现在是中秋假期最后一天，不少旅客陆续返程，景区出口和国省干线路口车流逐步汇集。多地交通部门已在景区出口布设分流提示牌，引导车辆有序汇入高速主线。各位准备返程的驾乘朋友可以提前在服务区补能，不要在主线应急车道临时停车，谨慎汇入主干路网。长江干线江苏段预计渡运乘客超23.3万人次画面中是长江镇江段。中秋假期前两日，长江干线江苏段18条渡运航线和1条滨江游轮航线，共开航超4600航次，渡运乘客超15.5万人次、车辆超6.9万台次。预计整个中秋假期渡运乘客超23.3万人次、车辆超10.2万台次。节日期间，海事部门强化重点渡线水域船舶交通组织、信息提醒和助航服务，落实高峰时段、夜间海巡艇现场驻守，全力守护过江旅客生命财产安全。有水上出行需求的朋友请提前关注渡口航班信息，登船前密切留意天气变化。来源：央视新闻客户端End欢迎分享给你的朋友！出品 | 中国能源报（cnenergy）编辑丨赵方婷,,,,pending
这堆“黑炭”，兑出了13.12万元,中国能源报,中国能源报,21C API,normal,2026-09-27T14:32:21+08:00,,近日，一对年迈的失独夫妇带着一堆烧焦发黑的纸币，焦急地来到山东济南济阳农商银行营业部。原来，因家中线路老化引发火灾，老两口存放在家中的20多万元现金被大火焚烧，侥幸抢出的现金也大多被烧得焦黑炭化、粘连结块。老两口无儿无女，几十年省吃俭用才一分一角地积攒下来这笔养老钱。两人着急得直跺脚，无计可施之下抱着最后一丝希望找到银行工作人员。济阳农商银行营业部的工作人员耐心了解老人的遭遇后，第一时间开启特殊残缺污损人民币兑换绿色通道，在保障柜面业务有序运转的前提下，急事快办、高效处置，全力“抢救”火烧币。然而，被大火灼烧的纸币质地酥脆，一碰便碎成小片，根本无法借助智能点钞设备识别和清点，只能依靠人工。为避,http://mp.weixin.qq.com/s?__biz=MjM5NTI4MTIyMg==&mid=2658144059&idx=1&sn=94fb86b27dd49272eccb21ecd7be0646,,近日，一对年迈的失独夫妇带着一堆烧焦发黑的纸币，焦急地来到山东济南济阳农商银行营业部。原来，因家中线路老化引发火灾，老两口存放在家中的20多万元现金被大火焚烧，侥幸抢出的现金也大多被烧得焦黑炭化、粘连结块。老两口无儿无女，几十年省吃俭用才一分一角地积攒下来这笔养老钱。两人着急得直跺脚，无计可施之下抱着最后一丝希望找到银行工作人员。济阳农商银行营业部的工作人员耐心了解老人的遭遇后，第一时间开启特殊残缺污损人民币兑换绿色通道，在保障柜面业务有序运转的前提下，急事快办、高效处置，全力“抢救”火烧币。然而，被大火灼烧的纸币质地酥脆，一碰便碎成小片，根本无法借助智能点钞设备识别和清点，只能依靠人工。为避免残币二次破损，大家戴上手套，放轻呼吸，俯身围在桌前，既不能撕扯也不能硬掰，耐住性子一点点小心翼翼地剥离，然后轻轻摊平，一点点拂去上面的焦灰杂质，再通风阴干。由于受损严重，营业部几乎全员上阵。大家把一张张炭化残币摆放整齐，仔细逐张辨识票面图案、核验防伪特征，精准测算有效剩余面积，每一张都要经过多人反复交叉复核，以确保一分一厘不出差错。经过整整一天的细致分拣鉴别与精准核验，工作人员最终为老人成功兑换13.12万元。“这是俺们一辈子攒下的养老钱，寻思着让大火全烧了，没想到能换回这么多，真是太感谢你们了！”看着兑换出来的崭新现金，老两口红了眼眶，向工作人员道谢。来源：金融时报客户端、央视网微信End欢迎分享给你的朋友！出品 | 中国能源报（cnenergy）编辑丨赵方婷,,,,pending
《自然》揭秘：假总部、假院士、真收钱，大模型时代的新型学术骗局,DeepTech深科技,DeepTech深科技,"21C API, 政策, 发布, 推出, 认证, 批量生产",normal,2026-09-27T14:29:14+08:00,,2024 年，一家名为“美国国家人工智能科学院”（National Academy of Artificial Intelligence，下称 NAAI）的机构在官网上公布了一份“终身荣誉院士”名单。名单前附有一段说明：这些院士是学院“使用大模型工具”评选出来的；入选学者可以接受，也可以拒绝，若想拒绝，只需给学院邮箱留言。名单上列着杰弗里·辛顿、杨立昆、约书亚·本吉奥、朱迪亚·珀尔、理查德·萨顿等学者，仅图灵奖得主就有 5 位。但这份名单也带着明显的 AI 生成痕迹：本吉奥的名字“Yoshua”被拼成了“Joshua”，谷歌的彼得·诺维格前后出现了两次，原本标称 39 人的名单，实际只有 38,http://mp.weixin.qq.com/s?__biz=MzA3NTIyODUzNA==&mid=2649806180&idx=1&sn=eb3ce4f4516f44a78ddcd42c446dfa6b,,2024 年，一家名为“美国国家人工智能科学院”（National Academy of Artificial Intelligence，下称 NAAI）的机构在官网上公布了一份“终身荣誉院士”名单。名单前附有一段说明：这些院士是学院“使用大模型工具”评选出来的；入选学者可以接受，也可以拒绝，若想拒绝，只需给学院邮箱留言。名单上列着杰弗里·辛顿、杨立昆、约书亚·本吉奥、朱迪亚·珀尔、理查德·萨顿等学者，仅图灵奖得主就有 5 位。但这份名单也带着明显的 AI 生成痕迹：本吉奥的名字“Yoshua”被拼成了“Joshua”，谷歌的彼得·诺维格前后出现了两次，原本标称 39 人的名单，实际只有 38 个人。（来源：WebArchive）这份名单后来从官网上撤下，但在互联网档案馆里仍有留存，而这家机构及其数个姊妹组织也一直在正常运转。今年 7 月，哥伦比亚大学计算机科学家朱莉娅·赫希伯格（Julia Hirschberg）在短短几天内，先后当选了“奥地利工程院”和“欧洲工程院”的院士，而在此之前，她还被 NAAI 列入了 2025 年的院士名单。当时，学校在官网发布了新闻稿，同事的祝贺邮件也一封接一封，她甚至感慨自己这辈子从没遇过这么多接踵而至的好事。然而没过多久，自称欧洲工程院秘书处的人发来邮件，邀请她出任轮值主席，开出的年薪是 2000 美元。赫希伯格上网一查，发现自己的名字早已挂在领导层名单的最顶端，可她此前从未答应过这一任职。事实上，这几家所谓的学院，她过去连听都没听过，而赫希伯格本人，其实是货真价实的美国国家工程院院士。赫希伯格的经历，是《自然》杂志 9 月 25 日刊发的一篇调查报道的切入点。调查揭开了一个由数十家类似“学会”交织而成的网络：它们一边将顶尖科学家列为会员甚至高管（多数学者对此毫不知情），以此撑起门面；另一边则悄悄向普通科研人员兜售会员资格。这套骗术本身谈不上高明，但让人深思的是：这门生意为何能持续运转？又是谁在为此买单？回溯历史便会发现，兜售学术声誉绝非新鲜事，这门生意已经存在了半个多世纪，只不过每隔几年就会换上一套新包装。而这一次，他们把生成院士名单的工作，直接交给了大模型。一只猫的 MBA这门生意的最初形态是“名人录”。早在 1967 年，美国传记学会（American Biographical Institute）便开始在北卡罗来纳州出版各类名人录。它通过购买邮寄地址名单，成批地给陌生人寄送“入选通知”，每年评选出数百位“年度人物”。到了 2005 年前后，一个“年度人物”头衔标价 195 至 295 美元不等，若想购买收录了自己小传的名人录，还得额外付钱。西澳大利亚州政府的反诈骗网站曾对其评价道：那些拿到该荣誉的人，实际上只是自己掏钱买了个名头。2012 年该机构破产倒闭，但同类生意从未间断，英国的国际传记中心就曾出版过一本所谓的《科学界的伟大男女》。除了虚名头衔，学位同样有人公开兜售。2004 年，美国宾夕法尼亚州总检察长办公室在调查一家名为“三一南方大学”（Trinity Southern University）的网络学校时，一位副检察长用自家 6 岁的家猫“科尔比·诺兰”（Colby Nolan）报了名。该校以 299 美元的价格出售学士学位，而这只猫最终甚至拿到了一张 GPA 3.5 的 MBA 文凭，文凭依据的是它申报的“工作经历”，其中包括照看幼儿与零售管理。同年 12 月，宾夕法尼亚州对该校提起了诉讼。步入互联网时代后，这门生意又延伸到了学术论文与学术会议领域。2005 年，麻省理工学院的三位博士生出于对一些无良期刊和出版商的不满，恶搞性地编写了一个名为 SCIgen 的程序，专门用于自动生成充斥着专业术语、内容却狗屁不通的计算机论文。他们将一篇自动生成的论文投递给一个名为 WMSCI 的国际会议，居然被成功录用。事情败露后，会议组织方撤回了录用通知，但这三位学生干脆自筹了 2500 美元飞赴会议举办地奥兰多，在会场租了一间房，粘上假胡子、化名办了一场全是用该程序生成论文的“分会”。后来，这个程序成了检验水会的工具。2014 年，施普林格（Springer）与 IEEE 从其数据库中一次性撤下了 120 多篇由该程序生成的论文。图丨在国际媒体关注之后，WMSCI 撤回了对该团队的参会邀请。学生们并未因此气馁，而是筹集了 2500 美元前往佛罗里达州奥兰多，在会议场地内租了一个房间，举办了自己的“分会场”，进行随机生成的演讲。（来源：Youtube）到了后来，甚至连期刊编委的位置也可以花钱“应聘”。2017 年，几位波兰研究者虚构了一位名为 Anna O. Szust 的学者（在波兰语中，oszust 即为“骗子”之意）。这位虚构人物从未发表过任何论文，简历中的学位与论著全系伪造。研究人员以她的名义向 360 家学术期刊申请担任编辑，最终有 48 家期刊同意录用。这 48 家期刊中，有 40 家本就在著名的掠夺性期刊黑名单上；而真正被主流引文数据库收录的 120 家正规期刊，则无一上当。在录用她的期刊中，有的提出利润分成，有的甚至反过来向她索要入编费用，且没有任何一家期刊曾向她声称供职的高校核实过身份。至于借用知名学者的名义撑场面，同样早有先例，甚至为此吃过官司。印度学术出版商 OMICS 在宣传学术会议时，经常将知名学者列为特邀报告人，而当事人多数根本没有答应参会。2019 年 3 月，美国联邦法院裁定 OMICS 及其创办人支付 5010 万美元赔偿，并明确要求其今后在宣传任何人士与其期刊、会议有关联之前，必须获得本人的书面同意。将这几十年的乱象串联起来不难发现，造假的对象正在一步步逼近学术声誉的最高层级：从名人录、学位，到论文、会议，再到期刊编委。而站在声望金字塔尖的“院士”头衔，无法单靠一篇拼凑的假论文蒙混过关。想要仿造，就必须先把真正的学术大拿“绑”上战车，至于本人是否知情或同意，对他们来说并不重要。一栋 P 出来的大楼在此次被曝光的几家机构身上，这套仿造手法已经进化得相当完整。据《自然》杂志调查，欧洲工程院（下称 EAE）自称于 1992 年成立于瑞典哥德堡，其官网展示的院士包括墨西哥总统辛鲍姆以及数位诺贝尔奖得主。在谷歌地图上，它所标注的总部是一栋气派的古典大楼，正门上方用瑞典语挂着“欧洲工程院”的招牌，门前两侧分别立着瑞典国旗与乌克兰国旗。然而这栋建筑实际上是哥德堡大学的主楼，招牌完全是后期通过图像软件 P 上去的。图丨EAE 的“总部”和哥德堡大学的主楼（来源：GoogleMap/Uni24k）在瑞典的官方公共登记库中，根本查不到这家机构；其官网上留的地址只是一个虚拟邮箱，展示的“国际会议”照片盗自约旦的某场学术会议，一篇支持乌克兰的声明更是直接全盘抄袭自美国国家科学院、工程院和医学院的官方网站。面对质疑，与这些机构关系最密切的负责人在回应中坚称学院清白，并将被处理过的图片轻描淡写地解释为“早期遗留的网站素材”。查看 EAE 当前的官网，类似粗制滥造的痕迹随处可见。其机构宗旨宣称要“推动合理的公共政策、改善全球卫生、促进卓越的科学教育并实现其他关键发展目标”，这半句话与国际科学院组织（IAP）的官方介绍一字不差。IAP 作为全球 140 多家科学院的联合体，将公共卫生列为使命合情合理，但一家“工程院”套用这套说辞就显得十分荒唐。名称上的混淆视听，也是这类骗局的另一个把戏。NAAI 的英文全称与美国国家科学院（National Academy of Sciences）仅差几个词。其官网标注机构于 2024 年在科罗拉多州丹佛市注册，在中文网络语境中，它常被直接译为“美国国家人工智能科学院”，极易让人误以为它是继美国国家科学院、工程院、医学院之后的第四大国家级学院。不仅如此，这些野鸡机构之间还会相互引用、转载公告、联名办会，一名学者一旦接受了其中一家的邀约，往往几周后就会“自动当选”其姊妹机构的院士。置身于这样一个虚构网络中，赫希伯格短时间内连遭三家机构“碰瓷”，也就不足为奇了。默认你接受在过去，想要包装出一套像样的虚假荣誉，还得依赖印刷厂和邮局；如今有了技术加持，造假门槛大大降低。在 NAAI 借助大模型遴选的名单中，领英联合创始人里德·霍夫曼也赫然在列。机构在说明中还煞有介事地解释：霍夫曼虽以创办领英闻名，但他对人工智能的商业推广贡献卓著。而在名单的另一个名字后，则标注着“该头衔已被拒绝”。也就是说，这家打着人工智能旗号的学院，其终身荣誉院士完全是由大模型抓取生成的，并实行“默认接受制”，除非当事人主动写信抗议，否则就视为同意。在其历史网页存档中，还能看到该机构炮制的一系列榜单：亚洲高校人工智能专业百强、全球数学解题能力最强的 50 个大模型、全球曝光度最高的 30 家 AI 公司，以及一份“高级工程师认证”名单（声称 146 人参评，最终 10 人入选）。付费会员甚至可以直接下载由 AI 生成、附带 NAAI 认证徽章的学术简历；只要上传一篇论文，系统内置的 AI 助手便会自动为你排版出会议演示文稿和宣传通稿。在今天，要维持一家学术机构的日常运转，一套现成的网站模板外加一个大模型，就已经绰绰有余。而那些被大模型“挑中”的学术泰斗，想抽身离去却没那么容易。在名单中排在第 11 位的，是加州大学伯克利分校教授、统计机器学习领域的奠基人之一迈克尔·乔丹（Michael I. Jordan）。据《自然》报道，乔丹起初确实同意挂名 NAAI，甚至还为该机构计划于 2025 年举办的会议录制了一段致辞视频。但到了今年 7 月，当他发现该学会竟然向会员收取会费时，便明确要求将自己除名，并表示：“对于为头衔付钱这种事，我深恶痛绝。”然而 NAAI 并未照办，反而在乔丹毫不知情的情况下，继续将他列为 10 月份一场收费会议的特邀演讲嘉宾，该会议的门票最高达 600 美元。直到记者向乔丹本人核实时，他才得知此事，经过再度严正交涉，他的名字才最终被撤下。从 30 美元到 1 万美元他们给大牌学者的荣誉分文不取，那成本自然要从普通学者身上捞回来。截至 9 月 27 日，NAAI 官网公开罗列了六个会员等级：学生会员年费为 30 美元，专业从业者 80 美元，高级研究会士 100 美元；需要提供两名推荐人的“通讯会员”与“正式会员”，首年费用则分别涨至 400 美元和 600 美元；至于最高级别的荣誉会员，则仅限定向邀请。调查还发现，该网站此前还曾推出过标价 1 万美元的“虚拟博士项目”以及 2000 美元的“虚拟博士后项目”。付费用户不仅能拿到一张附带二维码的“可验证数字会员卡”，还会收到一份盖有印章的纸质证书，官网上甚至贴心地提醒大家：这些荣誉可以自由分享至领英页面或个人学术主页。但正规的院士遴选完全是另一套逻辑。以美国国家科学院为例，该机构从不接受个人申请，候选人必须由现任院士实名提名，经过漫长严苛的同行评议和背景调查，最终在每年 4 月的全体大会上投票表决，每年当选的美国籍院士上限为 120 名，外籍院士仅 30 名。反观 NAAI，其所谓的“通讯会员”与“正式会员”，英文对应的是 Corresponding Member 和 Member，翻译成中文，恰好就是极具分量的“通讯院士”和“院士”。而在这里，拿到这两个头衔的门槛，仅仅是找两个人填张推荐表，再交上一笔 400 或 600 美元的支票。究竟是谁在为这些虚妄的头衔掏腰包？这取决于这些头衔能够兑换成什么现实利益。在美国，申请杰出人才类签证（如 EB-1A）和工作绿卡时，移民局的审核标准中明确包含了“是否获得过国家级或国际级奖项”、“是否加入过以杰出成就为准入门槛的专业协会”等条件。早在 2008 年，甲骨文公司就曾公开预警，指出有申请者购买英国国际传记中心颁发的虚荣奖项，试图以此包装资历申请 O-1 签证。在南亚，三位医学学者于 2021 年在《印度心理医学杂志》上联名发文，提醒同行警惕日渐泛滥的“掠夺性奖项”：当事人往往会收到一封来自免费域名的垃圾邮件，通知其某篇论文“获奖”，而领奖的前提是先交一笔昂贵的手续费；作者呼吁各大高校在职称晋升和课题评审中坚决剔除此类荣誉。斯坦福大学的技术部门在 2025 年也曾向全校教师发送安全预警，指出有骗局打着评选“最佳研究者”的旗号，实际只为骗取所谓奖杯的“运费与手续费”。那么，这次被曝光的几家机构，买家又集中在何处？《自然》的调查在中国和巴基斯坦的社交网络及履历平台上，发现了数十位将 EAE、NAAI 及其关联机构头衔堂而皇之写进个人简历的科研人员。国内社交平台上甚至出现了提供有偿代办申请的中介帖子，但目前尚无法证实这些中介是否与涉事学院存在直接利益关联，学院方面则坚决否认与第三方中介有关。在被问及此事时，没有人承认自己是花钱买来的头衔，至于他们究竟是无辜被骗，还是揣着明白装糊涂，外界也很难界定。只要学术头衔依然能兑换成签证、职称、经费、编制和薪资待遇，就会有人愿意出资购买，自然也会有人处心积虑去批量生产，无论身处哪个国家，逻辑莫不如是。门面为什么立得住市场需求可以解释为什么有人愿意买单，却无法解释一个更荒谬的现象：这样一栋漏洞百出的“空中楼阁”，为何能轻而易举地骗过哥伦比亚大学、南加州大学乃至更广泛的学术共同体？答案根植于科学界长久以来的声誉评价机制。著名社会学家罗伯特·默顿很早就阐明，科学家从事研究所获得的最核心回报，是来自学术同行的承认。而院士、会士及各类学术大奖，正是这种承认最直观、最硬通的载体。公众与行政系统往往依靠这些标签来判断一位科学家的分量，高校也需要借此展示办学实力、向外界彰显声望。因此，各大高校的宣传公关部门对于教师“当选院士”的喜讯向来反应极快。调查人员梳理出了 30 多篇名牌大学为校内教师当选 EAE 或 NAAI 院士而发布的官方新闻通稿。我们同样查到，2025 年 3 月，南加州大学化学系专门在官网发文，热烈祝贺 2013 年诺贝尔化学奖得主阿里耶·瓦谢尔（Arieh Warshel）入选 NAAI 终身院士，并在通稿中大加赞赏该学院“评审严格”、“秉持基于证据的研究标准”。荒诞的是，这些由正规名校背书的通稿，转过头来又成了这家野鸡机构最强有力的信用背书。当一个年轻学者正在犹豫要不要掏出 600 美元时，他在搜索引擎里查到的，恰好是世界一流大学官网上的祝贺页面。站在顶尖科学家的角度看，被套路的原因其实也不难理解。对于赫希伯格、迈克尔·乔丹这种声望卓著的学者而言，各种学术头衔与学会任职早已是家常便饭。答应挂个名通常只需要几秒钟，既不需要承担具体责任，对方也从不收钱，学者们根本没有动力去花时间做严格的背景审查。更深层的原因还在于，正规学术评审中最有价值的内核，对外向来是不可见的——同行提名、学术评议、闭门投票全在黑箱中完成，外界能看到的，最终无非是一个光鲜的称谓、一张证书或是一篇通报。而这些最末端的形式，恰恰也是最容易被廉价仿造的部分。对于非本国的高校人事处、招聘考核委员会，或是一位正在快速翻阅申报材料的项目评审人来说，看一眼纸面上的“欧洲工程院院士”与“美国国家工程院院士”，字面上根本分不出真伪。要识破这种把戏，其实只需一些基本常识。密歇根大学设立了一个名为“教师荣誉事务主任”的岗位，亨利·戴森（Henry Dyson）的主要职责，就是协助校内教师申报正规荣誉，同时替他们甄别并挡掉那些动机不纯的野鸡机构。今年 7 月，一位同事将 EAE 发来的入会邀请函转给了戴森，戴森稍加查证便发现了破绽：这样一家宣称极具威望的跨国学术机构，在维基百科上竟然连个词条都没有；那些被列为联合创始人的学术泰斗，个人传记里从未提及过这家机构；一家冠以“欧洲”之名的工程院，其显示的北美会员数量居然比欧洲本地还要多；更有甚者，他找到本校被该机构列为“学部主席”的两位教授核实，两人均表示对此毫不知情。戴森随即告诫全校教师远离该机构，并迅速将收集到的证据提交给了调查记者。其实，戳破这些谎言并不需要高深的技术，需要的只是一点较真的态度和愿意顺手查一查的耐心。可现实的困境也恰恰在于：如今要搭建起一个足以乱真的虚假学术门面，从网页框架、新闻动态、伪造合影到整套院士名单，完全可以全自动化地交给开源软件和大模型处理；但要拆穿它，却依然不得不仰赖像戴森这样的人，耗费大量时间一封封发邮件、一个个打电话去核对。经过旷日持久的交涉，迈克尔·乔丹的名字终于被撤了下来；赫希伯格的名字也已从 EAE 官网的领导层页面中消失，取而代之的是另外两位欧洲学者的名字——至于他们是否知情，目前仍不得而知。而截至发稿时，NAAI 官网首页依然挂着醒目的滚动通知：本年度已有数千名 AI 领域的科研人员提交了入会申请。参考资料：1. https://www.nature.com/articles/d41586-026-02980-w2.https://www.csail.mit.edu/news/how-3-csail-students-fooled-world-scientific-journals3.https://web.archive.org/web/20260104200718/https://thenaai.org/index/index/newsdata2/id/67.shtml4.https://retractionwatch.com/2017/03/22/latest-sting-will-predatory-journals-hire-fake-editor-dr-fraud-answer-yes/不喜欢名单上的很多人，自己并不知情。,,,,pending
9月28日|石油科学通报线上学术论坛第17期：深部地热开发模拟,地热能在线,地热能在线,"21C API, 储能, 储能系统",normal,2026-09-27T14:28:58+08:00,,石油科学通报线上学术论坛第17期：深部地热开发模拟会议召集人：孔彦龙，‌中国科学院地质与地球物理研究所报告人：白冰 黄永辉 田小明时间：9月28日 15:00—17:00直播地址：（一）《石油科学通报》视频号：（二）蔻享学术：01报告题目：井筒流动传热模型及其在CO2封存和地热开发中的应用报告人：白冰，研究员，中国科学院武汉岩土力学研究所内容简介：深部地热开发和CO2地质封存都涉及到流体注采问题，这有设计井筒内部流动与传热。本报告介绍了研究团队在CO2地质封存和深部地热开发研究中发展的井筒内流动传热、多场合耦合及相变方面的研究成果，尤其是介绍了其CO2地质封存井口压力设计及其在地热井筒防垢除垢,http://mp.weixin.qq.com/s?__biz=MzI4NTE0MTI5MQ==&mid=2656479983&idx=1&sn=a964c8d311b5b3caf4c6ca15bbf885f6,,石油科学通报线上学术论坛第17期：深部地热开发模拟会议召集人：孔彦龙，‌中国科学院地质与地球物理研究所报告人：白冰 黄永辉 田小明时间：9月28日 15:00—17:00直播地址：（一）《石油科学通报》视频号：（二）蔻享学术：01报告题目：井筒流动传热模型及其在CO2封存和地热开发中的应用报告人：白冰，研究员，中国科学院武汉岩土力学研究所内容简介：深部地热开发和CO2地质封存都涉及到流体注采问题，这有设计井筒内部流动与传热。本报告介绍了研究团队在CO2地质封存和深部地热开发研究中发展的井筒内流动传热、多场合耦合及相变方面的研究成果，尤其是介绍了其CO2地质封存井口压力设计及其在地热井筒防垢除垢方面的应用。02报告题目：耦合相场-THM模型的干热岩水力裂缝扩展规律研究报告人：黄永辉，副教授，中国石油大学（北京）内容简介：干热岩储层水力裂缝扩展规律是人工热储构建的关键。本报告结合岩石物性测试与三轴水力压裂实验，建立热–流–固-损伤伤耦合相场模型，并通过压裂曲线与裂缝形态对比验证。重点分析地应力差、注入速率、流体黏度及储层温度对破裂压力和裂缝扩展的影响，并进一步探讨水力裂缝与天然裂缝的相互作用，揭示裂缝转向、贯穿及沿天然裂缝扩展的控制条件，为干热岩储层压裂参数优化提供依据。03报告题目：太阳能集热超临界水耦合地热储能系统数值模拟研究及认识报告人：田小明，副研究员，中国科学院广州能源研究所内容简介：本研究提出了一种利用聚光太阳能（CSP）系统提供的超临界水进行地热储能（GES）的数值模拟框架。该模拟方法针对水在临界点附近物性剧变所引发的严重非线性问题，将超临界态视为液相的延伸，从而引入了一种“伪液相”。数值模拟基于DARTS模拟框架实现，该框架结合了基于算子的线性化方法（OBL）、基于CoolProp的流体物性计算以及用于井筒传热的Ramey模型。该建模方法保证了数值稳定性，并为GES-CSP系统的设计与优化提供了实用指导。关于我们《石油科学通报》由国家新闻出版广电总局批准创刊，国内连续出版物号为CN10-1405/TE，中文，双月刊，大16开，公开发行，主管单位为教育部，主办单位为中国石油大学（北京）、清华大学出版社有限公司，其中中国石油大学（北京）为主要主办单位，出版单位为清华大学出版社有限公司。主要发表石油地质、石油地球物理、石油工程、石油机械、石油化工、石油经济等领域新思想、新成果，综合反映石油自然科学与社会科学多学科交叉基础研究进展，为石油科学家搭建高水平的学术交流平台，推动石油科学创新发展。------- End ------- 点击或长按扫码获取相关资料 地热能往期精彩 快讯重磅首发！地热计算器专业版原创地热企业Eavor成长经验及启示原创Soultz干热岩发电站访学笔记报告中国地热能产业发展蓝皮书原创汪集暘院士：浅议“地热资源税”原创中国干热岩开发：任重而道远原创院士专访：地热是一种不可多得的未来能源,,,,pending
豆包手机助手致歉,财联社,财联社,"21C API, 量产",normal,2026-09-27T14:16:06+08:00,,近日，有玩家反馈，搭载了豆包手机助手的努比亚 NaviX Ultra上，登录王者荣耀或进行匹配对战时，会出现提示设备环境异常、被强制踢下线的情况。豆包手机助手在官方社区对此事进行回应表示，“经过确认，豆包手机助手全程未对腾讯游戏系统进行任何操作，AI也不存在任何违规点击、外挂或模拟行为。目前团队仍在持续与腾讯相关方接洽沟通，但截至目前暂未收到对方的明确回复。对此我们深表歉意。”豆包手机助手还建议称，用户暂时不要在努比亚NaviXUltra上反复尝试登录王者荣耀。“如果您的账号已经出现被封禁等情况，建议同步通过官方游戏客服渠道进行申诉/投诉，以便更快恢复账号。如有最新进展，我们会及时同步大家。”,http://mp.weixin.qq.com/s?__biz=Mzg5MzEyNzEwNQ==&mid=2247854916&idx=1&sn=fa2fe4b7471476bcdc0bb2d568f7761a,,近日，有玩家反馈，搭载了豆包手机助手的努比亚 NaviX Ultra上，登录王者荣耀或进行匹配对战时，会出现提示设备环境异常、被强制踢下线的情况。豆包手机助手在官方社区对此事进行回应表示，“经过确认，豆包手机助手全程未对腾讯游戏系统进行任何操作，AI也不存在任何违规点击、外挂或模拟行为。目前团队仍在持续与腾讯相关方接洽沟通，但截至目前暂未收到对方的明确回复。对此我们深表歉意。”豆包手机助手还建议称，用户暂时不要在努比亚NaviXUltra上反复尝试登录王者荣耀。“如果您的账号已经出现被封禁等情况，建议同步通过官方游戏客服渠道进行申诉/投诉，以便更快恢复账号。如有最新进展，我们会及时同步大家。”公开信息显示，努比亚NaviX Ultra为中兴通讯旗下努比亚品牌与字节跳动联合研发的全球首款AI智能体手机，搭载豆包手机助手，定位量产旗舰，用于借助端侧大模型跨应用自主操作。不喜欢​,,,,pending
高通2nm新旗舰登场｜移动CPU首次突破5GHz,芯见视界,芯见视界,"21C API, 发布",normal,2026-09-27T14:04:27+08:00,,✅高通正式发布骁龙8 Elite Gen6 / Extreme Gen6，基于2nm工艺打造，面向Agentic智能体AI全新一代移动平台。\x0a \x0aCPU｜5GHz移动主频，FlexCache共享缓存\x0a采用2+6定制Oryon架构，两颗超大核主频来到5GHz，六个性能核心4GHz。\x0a16MB Oryon FlexCache共享缓存池，多核任务调度时减少数据反复加载开销，降低内存访问压力，AI、游戏多任务并发性能大幅提升。\x0aCPU能效较上代提升37%，标准版性能提升10%，Extreme版本提升13%。\x0a \x0aGPU｜新增Matrix矩阵核心，游戏AI内置管,http://mp.weixin.qq.com/s?__biz=MzY5NzM1NzQ1OQ==&mid=2247485368&idx=1&sn=511da0f3473f900576d6ba315406d854,,✅高通正式发布骁龙8 Elite Gen6 / Extreme Gen6，基于2nm工艺打造，面向Agentic智能体AI全新一代移动平台。\x0a \x0aCPU｜5GHz移动主频，FlexCache共享缓存\x0a采用2+6定制Oryon架构，两颗超大核主频来到5GHz，六个性能核心4GHz。\x0a16MB Oryon FlexCache共享缓存池，多核任务调度时减少数据反复加载开销，降低内存访问压力，AI、游戏多任务并发性能大幅提升。\x0aCPU能效较上代提升37%，标准版性能提升10%，Extreme版本提升13%。\x0a \x0aGPU｜新增Matrix矩阵核心，游戏AI内置管线\x0aAdreno GPU首次搭载Matrix Cores矩阵单元，将AI算力嵌入图形渲染链路。\x0a超分、帧生成等游戏AI计算不再交给NPU中转，直接在GPU内部完成，有效降低延迟与功耗。\x0aGPU能效提升40%，标准版性能提升35%，Extreme版性能提升44%。\x0a \x0aNPU｜专为智能体AI优化\x0a全新Hexagon Element Accelerator，针对Transformer大模型推理深度优化，支撑端侧智能体即时、个性化、自适应AI交互。\x0a \x0a这一代骁龙不再只是单一参数的升级，从2nm制程、CPU架构、共享缓存、GPU矩阵单元到NPU AI加速完成全栈迭代，为手机端侧智能时代拉开新的序幕。\x0a \x0a#高通 #骁龙8EliteGen6 #2nm芯片 #手机芯片 #半导体,,,,pending
Nature Climate Change｜暴雨之后，一座城市的恢复速度取决于什么？,REAI Lab,REAI Lab,"21C API, 投资",normal,2026-09-27T14:00:00+08:00,,暴雨之后一座城市的恢复速度取决于什么？封面为示意场景：暴雨过后，城市内部交通与城际联系逐步恢复。“窗外雨声滴滴答答，三天三夜都还在那下”一场极端暴雨袭来，首先下降的往往是城市里的人流，通勤取消，商店停业，配送放慢，原本活跃的道路突然安静下来。雨停之后，有些城市很快恢复日常活动，有些城市却要更久。差别通常被归结为排水、应急管理和经济基础。现在，一项覆盖中国366个城市的研究提出了另一个因素，这座城市平时处在怎样的城际网络里，又和哪些城市联系紧密。研究团队分析了2013—2023年超过11亿台移动设备的汇总流动数据。结果显示，在控制经济、基础设施、降雨和治理等因素后，网络位置更中心、与经济实力较强,http://mp.weixin.qq.com/s?__biz=MzkzNzkwMDk1MA==&mid=2247492918&idx=1&sn=3e724bdf4aee31651b1148373f0ee462,,"暴雨之后一座城市的恢复速度取决于什么？封面为示意场景：暴雨过后，城市内部交通与城际联系逐步恢复。“窗外雨声滴滴答答，三天三夜都还在那下”一场极端暴雨袭来，首先下降的往往是城市里的人流，通勤取消，商店停业，配送放慢，原本活跃的道路突然安静下来。雨停之后，有些城市很快恢复日常活动，有些城市却要更久。差别通常被归结为排水、应急管理和经济基础。现在，一项覆盖中国366个城市的研究提出了另一个因素，这座城市平时处在怎样的城际网络里，又和哪些城市联系紧密。研究团队分析了2013—2023年超过11亿台移动设备的汇总流动数据。结果显示，在控制经济、基础设施、降雨和治理等因素后，网络位置更中心、与经济实力较强城市联系更紧密的城市，暴雨后的市内人口流动损失通常更小，恢复也更快。论文发表于《Nature Climate Change》。怎么判断一座城市“恢复了”？研究没有直接统计积水深度、受损房屋或死亡人数，而是观察市内人口流动。研究者先计算暴雨前两周的日常流动水平，再看极端降雨发生后，市内流动下降多少、多久回到基线，以及恢复曲线是迅速反弹还是缓慢爬升。最后把损失的幅度和持续时间合并为“总表现损失”，英文缩写为TPL。可以把它理解为恢复曲线下方缺失的面积：下降越深、低迷越久，TPL越大；恢复越快，TPL越小。论文图1d、e：左图中第0天为极端降雨开始，曲线向下表示市内流动低于暴雨前基线；右图把最大冲击、恢复时间和恢复形态合并为总表现损失。2023年，中国218个城市共出现450个极端降雨“城市日”，被归并为102场事件。单日暴雨事件中，市内流动平均最大降幅为9.1%；连续两日暴雨中，最大降幅达到17.0%。冲击更大，不一定意味着累计损失一定更大。连续两日暴雨的城市虽然下跌更深，恢复时间却更短，两组事件的TPL没有显著差异。同时，88.9%的城市日出现在多座城市同时受影响的事件中。暴雨常常持续时间不长，却会在空间上铺开。一片区域同时受灾时，周边城市能否支援，就变得更重要。平时的联系，可能决定灾后的通道研究发现，暴雨后的72小时里，受影响城市的总流入人口通常下降，但部分相连城市的流入反而增加。这些增加与新闻报道中的救援人员、志愿者和物资调动在时间上相吻合。不过，手机流动数据不能告诉研究者每个人为什么出发。增加的人流可能是救援力量，也可能是返程、探亲、工作或其他活动。因此，这些数据只能说明现象与外部支援相符，不能把所有新增流入都算作救援。真正稳定的统计关系，出现在城市的网络位置上。一个城市与许多重要节点相连，它的“特征向量中心性”就更高。论文估算，这一指标每增加0.01，TPL平均减少7.6%。与高经济水平城市的联系每增加1%，TPL平均减少8.5%，不过后一结果的统计稳定性较低。论文图3：点位于零线左侧，表示相应城际联系指标与更低的总表现损失、更短恢复时间或更好的恢复形态相关。误差线为95%置信区间。连接更强并没有明显减轻暴雨当天的最大冲击，优势主要出现在恢复阶段。这很符合直觉，外地联系不能替本地挡雨，却可能提供更多备选通道。当一个方向受阻，人员、信息和服务还能从其他节点进入。这种能力在多座城市同时受灾时也会受限。研究发现，流入增加主要来自同一场事件中没有受灾的城市；共同受灾的城市之间，支援空间会缩小。网络不是无限资源池，它也会在大范围灾害中承受竞争。为什么说“铁路让城市更抗灾”？城市可能因为铁路改善而建立更多联系，也可能因为本来就更富、更有治理能力，才同时拥有更强联系和更快恢复。模型尽力拆分这些因素，无法排除所有未观测差异。把2023年的网络指标替换为更早、受限或进一步整合的网络结构，其他条件保持不变。结果显示，退回2013—2014年的连接水平时，全国按暴雨暴露加权的TPL会增加527.1%；换成2021年的受限网络结构时增加54.7%；使用2024年进一步整合的结构时减少9.0%。到2050年，优先补谁的连接？研究进一步模拟了三条路径，只考虑社会经济发展、按现有规划扩大铁路连通，以及优先改善基础较弱城市的铁路连接。到2050年，三条路径对应的城市TPL中位数分别比2023年基线下降49.3%、72.5%和76.1%。铁路扩张与公平优先两种情景，模型估算每年可避免128亿—142亿元与人口流动中断相关的间接经济损失。论文图5：上排为城市TPL中位数变化，下排为相应的间接经济损失变化。铁路扩张和优先改善欠发达城市两种情景的模型收益更大，阴影表示不确定区间。论文中的128亿—142亿元指间接损失，不包括房屋、道路和人员伤亡等直接灾损。一个有意思的结果是，大城市避免的损失金额更大，但人口少于100万的小城市，相对于本地GDP获得的收益最大。网络投资如果只继续加密已有枢纽，可能错过脆弱城市的边际收益。这项研究真正补充的，是对城市韧性的尺度认识。排水管网、预警和应急队伍仍然要在本地建设；与此同时，一座城市能否迅速恢复，也取决于它是否拥有通向外部资源的多条稳定联系。面对越来越容易同时影响多座城市的极端降雨，城市不能只问自己准备了多少，还要问当周边也在下雨时，谁还能到达这里？就让这大雨全部落下？参考资料Liu, H. & Bai, X. Intercity connectivity enhances urban mobility resilience to extreme rainfall.Nature Climate Change 16, 1037–1044 (2026). 论文原文与DOI[1]。正文韧性指标、城际联系估计与未来情景图分别来自论文图1、图3和图5。参考链接[1] 论文原文与DOI: https://doi.org/10.1038/s41558-026-02713-x阅读原文不喜欢暴雨之后，一座城市的恢复速度取决于什么？",,,,pending
媒体报道｜万亿度电，流向变了,国家能源局,国家能源局,"21C API, 投资, 政策",normal,2026-09-27T14:00:00+08:00,,10332亿千瓦时！2026年8月，全社会用电量再度突破万亿度大关，用电最高负荷冲到15.6 亿千瓦，创下历史新高。至此，中国全社会用电量已经连续两个月站上万亿级台阶。作为经济运行的“晴雨表”，这一数字足以说明中国经济的活力与韧性。不过，比起总量纪录，更值得关注的是这万亿度电，流向了哪里。国家能源局公布的数据显示，8月全社会用电量同比增1.7%。受台风、强降雨等因素影响，空调用电明显减少，导致城乡居民生活用电量同比下降4.0%，但产业端仍然表现亮眼。一二三产业用电量均保持上涨。其中，第二产业依旧是用电量的绝对大户，同比增长2.4%。这其中，工业用电量同比增长2.7%。值得关注的是，8月，高技术,http://mp.weixin.qq.com/s?__biz=MzIwMTU0MTM4OA==&mid=2652171038&idx=1&sn=d20e8cdd9725a352cb303fa4cd5cc421,,10332亿千瓦时！2026年8月，全社会用电量再度突破万亿度大关，用电最高负荷冲到15.6 亿千瓦，创下历史新高。至此，中国全社会用电量已经连续两个月站上万亿级台阶。作为经济运行的“晴雨表”，这一数字足以说明中国经济的活力与韧性。不过，比起总量纪录，更值得关注的是这万亿度电，流向了哪里。国家能源局公布的数据显示，8月全社会用电量同比增1.7%。受台风、强降雨等因素影响，空调用电明显减少，导致城乡居民生活用电量同比下降4.0%，但产业端仍然表现亮眼。一二三产业用电量均保持上涨。其中，第二产业依旧是用电量的绝对大户，同比增长2.4%。这其中，工业用电量同比增长2.7%。值得关注的是，8月，高技术及装备制造业用电高达1222亿千瓦时，同比上涨7.2%，增速是整体工业用电量增速的两倍多。再从细分行业去看，电气机械用电增速达12.3%，专用设备8.2%，通用设备7.6%，汽车制造7.6%，计算机通信7.5%，新能源车整车制造用电量同比飙升22.2%。这些技术密集型领域正在成为增长主力。作为衡量经济活力重要标尺的第三产业，是各产业中用电量增速最快的板块。数据显示，8月第三产业用电量同比增长5.1%，今年1—8月同比增长7.1%。这其中，充换电服务业、互联网数据服务8月用电量增长强劲，增速分别达到51.2%、37.9%。这两组数据正是新能源汽车快速普及和数字经济蓬勃发展的直接反映。新旧动能的转换，正在改写电力消费的底层逻辑。过去，钢铁、水泥、化工是名副其实的用电大户，如今，新一轮用电增长的动力越来越多来自高技术制造、数字基础设施、新能源配套等新赛道。信号很明确：新动能已经成为工业增长的主引擎。国家统计局的数据也印证了同样的趋势。1—8月，以高技术制造业、数字产品制造业等为代表的新动能领域对全部规模以上工业增加值增长的贡献率超五成，比1—7月份提升超过2个百分点，支撑作用明显。与此同时，钱的流向也在同步发生变化。1—8月高技术产业投资同比增长5.2%，累计增速连续三个月加快。在政策引导和市场需求双重驱动下，各地正加速布局新兴产业与未来产业，资金向新质生产力领域集中的趋势愈发清晰。如今，从用电量这张“晴雨表”，读出的不仅仅是中国经济的冷热，更是经济增长的成色。当下正在流向芯片、算力、新能源汽车的每一度电，换来的都将是更高的单位产出、更强的技术壁垒、更长的产业周期。当电力这根经济神经开始更多与技术密集型产业同频共振，带来的也不仅仅是单位用电的经济效益提升，还有产业迭代持续向前的底气。这背后是中国经济正在换一种方式增长。藏在用电账单里的变化，正是新质生产力持续扎根、经济结构转型升级的真实写照。,,,,pending
Angew. Chem.：FE 94.6%，光电合成环己酮肟,有机电催化,有机电催化,"RIOnews API, 电化学合成, 电催化, 电合成",normal,2026-09-27T14:00:00+08:00,,光电合成 · 环己酮肟 · 亚硝酸盐还原 · 表面电子缓冲一句话看懂亚硝酸盐光电还原制羟胺并与酮原位肟化，常因析氢和羟胺过度还原而失去选择性。该研究在黑硅上原子层沉积ZnOₓ薄膜，利用氧空位可逆储放光生电子并调节表面电子化学势，在−0.9 V vs. RHE获得94.6%的环己酮肟FE和38.6 mA cm−2光电流。环己酮肟是尼龙-6的关键前体，工业路线依赖氨和羟胺的多步高耗能生产。将NO2−还原生成NH2OH并与环己酮耦合，可缩短流程，但界面电子过剩会推动析氢和NH2OH继续还原，电子不足又限制产率。因此，需要使光生载流子供给与表面反应消耗在时间和能级上精确匹配。核心问题ZnOₓ氧空位能否,http://mp.weixin.qq.com/s?__biz=MzUyNTc2ODMyOQ==&mid=2247563079&idx=1&sn=123300b713f773bf2e0668a21dea2564,,光电合成 · 环己酮肟 · 亚硝酸盐还原 · 表面电子缓冲一句话看懂亚硝酸盐光电还原制羟胺并与酮原位肟化，常因析氢和羟胺过度还原而失去选择性。该研究在黑硅上原子层沉积ZnOₓ薄膜，利用氧空位可逆储放光生电子并调节表面电子化学势，在−0.9 V vs. RHE获得94.6%的环己酮肟FE和38.6 mA cm−2光电流。环己酮肟是尼龙-6的关键前体，工业路线依赖氨和羟胺的多步高耗能生产。将NO2−还原生成NH2OH并与环己酮耦合，可缩短流程，但界面电子过剩会推动析氢和NH2OH继续还原，电子不足又限制产率。因此，需要使光生载流子供给与表面反应消耗在时间和能级上精确匹配。核心问题ZnOₓ氧空位能否通过可逆电子缓冲抑制析氢和羟胺过度还原，使NO2−还原与溶液相肟化在高光电流下保持选择性？本文要点1. ALD构筑的ZnOₓ薄膜与黑硅形成p–n结，氧空位作为电子缓冲位点，在光照开关过程中实现可逆储存和缓慢释放。2. −0.9 V vs. RHE、AM 1.5G下，环己酮肟FE为94.6%，光电流38.6 mA cm−2，酮到肟选择性99.9%。3. 原位拉曼、ATR-FTIR和DEMS追踪含氮中间体，表明NH2OH从表面脱附后在溶液中与环己酮缩合。4. 微观动力学揭示覆盖度依赖的位点竞争：相邻空位不足抑制*NH2OH脱羟，进而阻止其继续还原为NH3。关键图表解读光电还原耦合肟化设计Figure 1. 传统环己酮肟工艺、既有催化路线及ZnOₓ/黑硅光电合成策略。NO2−先在ZnOₓ/黑硅表面还原为NH2OH，再与溶液中环己酮选择性缩合生成肟，表明分离表面含氮还原和溶液相C–N偶联可减少羟胺过度还原。光生电子的储放动力学Figure 3. 原位KPFM比较不同光电极在开关光过程中的表面电势幅度和衰减行为。ZnOₓ/黑硅光照时表面电势正移约200 mV，关光后呈现明显慢于裸黑硅的弛豫，表明氧空位与p–n结协同形成可逆电子缓冲并平滑界面还原驱动力。环己酮肟光电合成性能Figure 4. 不同ZnOₓ形貌、电位和底物下的FE、光电流、稳定性及肟产物谱。−0.9 V vs. RHE时环己酮肟FE为94.6%，光电流达38.6 mA cm−2，表明受控电子释放可在较高反应通量下保持羟胺生成和肟化选择性。覆盖度依赖的反应分流Figure 6. 自由能、表面覆盖度、相邻空位与微观动力学预测的H2、NH2OH和NH3分电流。微观动力学显示*NH2OH脱羟需要相邻空位，覆盖度升高会压低NH3路径分电流，表明位点竞争使羟胺及时脱附并将含氮中间体导向溶液相C–N偶联。关键数据在0.5 M PBS、0.1 M NO2−和10 mM环己酮中，ZnOₓ薄膜/黑硅光阴极于AM 1.5G、−0.9 V vs. RHE下获得38.6 mA cm−2光电流、94.6%环己酮肟FE和99.9%酮到肟选择性。可以继续思考什么？氧空位在长时反应中会否被水、含氮物种或电解质不可逆钝化，电子缓冲容量如何原位定量？若面向不同酮底物，NH2OH脱附速率和溶液肟化动力学的差异是否需要重新设计ZnOₓ厚度与载流子通量？文献信息论文题目：Regulating Surface Electron Dynamics Enables Selective C–N Coupling in Photoelectrochemical Oxime Synthesis期刊：Angewandte Chemie International Edition，2026，e8769472DOI：10.1002/anie.8769472通讯作者：Chao Gao不喜欢有机电催化学术交流QQ群: 692419836,,,,pending
全球最大！今日发运，赴巴西,科技日报,科技日报,"21C API, 投资",normal,2026-09-27T13:53:01+08:00,,◎ 科技日报记者 孙瑜9月27日，由中国铁建大桥局投资建造的全球最大打桩船“铁建大桥桩1”号从江苏吕四港外贸码头发运，前往巴西巴伊亚州万圣湾，将参与拉美地区规模最大的跨海斜拉桥——萨尔瓦多跨海大桥建设。按计划，该船从长江口出发，经马六甲海峡、好望角进入南大西洋，抵达巴西东北岸累西腓外海，航程11300海里，预计航行45天。发运前，船岸双方完成了专项方案编制、航线勘定和风险评估，全程进行动态监控。萨尔瓦多跨海大桥横跨巴西最大海湾万圣湾，是世界最大水深桩基础的跨海桥梁，主桥桩基施工水域水深64米，海洋地质条件复杂。作业水深达70米的“铁建大桥桩1”号，是我国自主设计建造的全球最大打桩船，总长130,http://mp.weixin.qq.com/s?__biz=MzI3NDI5MjI4OQ==&mid=2247899748&idx=1&sn=5bb5d42f9f06e12ed37d324dc3c34974,,◎ 科技日报记者 孙瑜9月27日，由中国铁建大桥局投资建造的全球最大打桩船“铁建大桥桩1”号从江苏吕四港外贸码头发运，前往巴西巴伊亚州万圣湾，将参与拉美地区规模最大的跨海斜拉桥——萨尔瓦多跨海大桥建设。按计划，该船从长江口出发，经马六甲海峡、好望角进入南大西洋，抵达巴西东北岸累西腓外海，航程11300海里，预计航行45天。发运前，船岸双方完成了专项方案编制、航线勘定和风险评估，全程进行动态监控。萨尔瓦多跨海大桥横跨巴西最大海湾万圣湾，是世界最大水深桩基础的跨海桥梁，主桥桩基施工水域水深64米，海洋地质条件复杂。作业水深达70米的“铁建大桥桩1”号，是我国自主设计建造的全球最大打桩船，总长130.5米，桩架高度156米，吊桩能力700吨，可施打直径7米的超大桩基，是目前全球桩架最高、吊桩能力最大、作业水深最深的打桩船，可解决传统打桩装备在深远海、复杂海况下“够不着、打不准、稳不住”的作业瓶颈。在技术上，该船实现两项全球首创：首次在大型打桩船上应用“DP动力定位＋锚泊定位”融合技术，锚泊定位将船体四角抛出的锚扎进海床固定船位，动力定位系统实时感知风、浪、流，由船头船尾的舵桨发出反向推力精细调整船身，结合国产北斗高精度卫星定位系统，打桩定位精度控制在厘米级；首次在打桩船上应用主油缸闭式液压系统，该系统完全由国内自主设计制造，将桩架下降或前倾时的势能转化为电能回收，能量回收率达40%。萨尔瓦多跨海大桥由中国铁建所属中国土木等四家股东联合组建的特许经营公司投资、建设、运营，大桥主跨682米，全线总长46.8公里。建成通车后，萨尔瓦多市与韦拉克鲁斯市之间的通行时间将由轮渡的1小时缩短至约15分钟，巴伊亚州西部出产的粮食、棉花和水果等货物运输距离将缩短200公里。来源：科技日报 图片由中国铁建大桥局提供编辑：王曼茜审核：张爽,,,,pending
铝土矿积蓄上行动能 原料矛盾行情持续,铝途有你,铝途有你,"21C API, 长协, 招标, 降价, 报价, 政策, 补贴",normal,2026-09-27T13:34:26+08:00,,受长期以来的地缘局势影响，能源成本不断攀升，矿山各项生产支出表里俱耗。其中矿山生产燃料、矿卡短倒及驳船转运成本上升最为明显。平均来看当前在产的中大型矿山中开采成本较二季度时期平均上涨0.3-0.5美元/吨，汽运短倒成本上涨0.8-1美元/吨，而过驳成本抬升约0.4-0.7美元/吨。矿山反馈来看，博凯地区大矿山表示当前即便有铁路优势其综合成本已升至FOB 37-38美元/吨，部分通过内河短倒矿山也表示其综合成本升至FOB 38-39美元/吨左右。而无自有铁路，主要依靠汽运短倒的矿山，其综合成本已突破FOB 40美元/吨，部分甚至触及FOB 45美元/吨，高成本之下中小型矿山或停产停发。矿山FOB,http://mp.weixin.qq.com/s?__biz=Mzg3NDYxMTQzNQ==&mid=2247698655&idx=1&sn=c50304f2b71404616eb7c358d02e721d,,受长期以来的地缘局势影响，能源成本不断攀升，矿山各项生产支出表里俱耗。其中矿山生产燃料、矿卡短倒及驳船转运成本上升最为明显。平均来看当前在产的中大型矿山中开采成本较二季度时期平均上涨0.3-0.5美元/吨，汽运短倒成本上涨0.8-1美元/吨，而过驳成本抬升约0.4-0.7美元/吨。矿山反馈来看，博凯地区大矿山表示当前即便有铁路优势其综合成本已升至FOB 37-38美元/吨，部分通过内河短倒矿山也表示其综合成本升至FOB 38-39美元/吨左右。而无自有铁路，主要依靠汽运短倒的矿山，其综合成本已突破FOB 40美元/吨，部分甚至触及FOB 45美元/吨，高成本之下中小型矿山或停产停发。矿山FOB价格已无降价空间，大型矿山在产主要得益于海运长协优势补贴矿山生产成本。而海运费方面短期更是难以看到回落迹象，尽管近期海运指数价格偶有回落，但整个9月份多数时间均处于上涨通道中，几内亚至中国铝土矿运费报价难有回落。中下旬时期几内亚部分矿山结束FOB招标后买方开始寻找现货船，高价之下矿山与现货船价格商谈难达成一致。航线运费主流报于43-45美元/吨，矿石至国内CIF价格已于77-78美元/吨。持续高位的油价推升海运部分，按照目前VLSFO均价计算，几内亚长协价格中油调部分已接近3美元/吨，同时基础运费大概率上行1-2美元/吨。考虑到当前高油价以及FOB价格已无下降空间，预计10月份几内亚长协干吨或于CIF 77美元/吨左右。整体来看，当前矿石基本面已储存了一定上行动力。一方面矿山生产成本夯实底部，各项显性及隐性成本攀高。另一方面当前高成本矿山已基本处于停产或停发状态，资源供应主要集中于中大型矿山，而矿山挺价意愿已十分强烈，同时市场对未来政策方面存有支撑预期。但在当前国内氧化铝低迷行情下，三季度中前期几内亚长协表现已不尽人意，四季度矿石价格上行幅度仍将由下游市场主导。长远来看，矿石与下游博弈仍将持续。海运费难再回到早期低位水平，若未来再有几内亚政策加持，矿端将扭转被动议价局面，从而对下游形成强力成本支撑，整个原料端也有希望扭转当下弱势竞争局面。爱择资讯,,,,pending
沙盒失守！AI智能体接连失控，OpenAI再次叫停前沿模型开发,财联社,财联社,"21C API, 可靠性, 放缓, 发布, 实验室",normal,2026-09-27T13:30:00+08:00,,OpenAI对外表示，已暂停其最新一代人工智能模型的训练、评估，以及支持工具调用的推理工作，起因是内部测试中的AI智能体突破沙盒网络限制，触发安全预警，公司将借此机会升级安全隔离与对齐监控体系。这也是OpenAI三个月内第二次叫停前沿模型开发工作。该公司在声明中表示，只有在完成额外安全防护升级、确认风险可控后，才会重启模型训练工作，同时称，随着模型能力持续增强，未来仍有可能再次触发类似的暂停操作。OpenAI在9月25日发布技术报告披露了这一安全事件：9月20日，一个正在沙盒内执行搜索任务的AI智能体，利用沙盒DNS过滤漏洞突破网络隔离，访问外部公共聊天机器人服务。沙盒是专门用来测试未上线AI,http://mp.weixin.qq.com/s?__biz=Mzg5MzEyNzEwNQ==&mid=2247854885&idx=1&sn=17ac251785bad535b1a01a251e720533,,OpenAI对外表示，已暂停其最新一代人工智能模型的训练、评估，以及支持工具调用的推理工作，起因是内部测试中的AI智能体突破沙盒网络限制，触发安全预警，公司将借此机会升级安全隔离与对齐监控体系。这也是OpenAI三个月内第二次叫停前沿模型开发工作。该公司在声明中表示，只有在完成额外安全防护升级、确认风险可控后，才会重启模型训练工作，同时称，随着模型能力持续增强，未来仍有可能再次触发类似的暂停操作。OpenAI在9月25日发布技术报告披露了这一安全事件：9月20日，一个正在沙盒内执行搜索任务的AI智能体，利用沙盒DNS过滤漏洞突破网络隔离，访问外部公共聊天机器人服务。沙盒是专门用来测试未上线AI模型的隔离数字环境，设计目标是和互联网做隔离，限制模型随意访问外部网络、执行高危操作，方便研究人员在受控条件下观察模型行为，提前发现模型越权、失控等安全风险。本次事件中，AI智能体利用DNS漏洞突破了沙盒的网络隔离，也就是俗称的“沙盒逃逸”。OpenAI称其对齐监控系统在事件发生15分钟内即触发警报，人工审查团队在3分钟后介入，并在2.5小时后终止了该训练任务。针对漏洞，OpenAI已在两个独立防护层部署了拦截控制措施。此前7月，OpenAI的AI智能体曾在安全评估测试中突破隔离环境，访问Hugging Face平台。不止OpenAI，多家头部AI企业近期均曝光过模型失控、擅自访问甚至攻击外部网站的异常案例。当智能体突破了原本互相隔离的运行环境建立通信、欺骗评估人员并试图掩盖作弊行为，且每一步操作均无人类指令干预，人类开始担忧人工智能安全和监管的可靠性。这正是当前硅谷“AI减速”论战的背景。Anthropic CEO阿莫代伊、OpenAI CEO奥尔特曼，以及马斯克罕见同声呼吁为前沿AI开发“减速”。其中，阿莫代伊首提管控前沿AI的推进节奏，以及将模型交由第三方评估机构核验安全能力；奥尔特曼表示同意引入拥有员工级访问权限的独立第三方安全评估人员；有着“AI教母”之称的斯坦福大学教授李飞飞呼吁，AI技术应当接受独立机构及公共部门的进一步监督。而黄仁勋、扎克伯格则坚称AI发展无需集体踩刹车……扎克伯格表示，单个AI企业可自行以适当的速度来训练模型，各实验室应自主落实安全举措、平衡算力用途。这场关于人类是否该放缓AI前沿研究的争论，不止是一场科技反思，更是关于谁有权定义安全、谁有资格制定规则的权力博弈。不喜欢​,,,,pending
把铝工业固废变为“产业宝藏”,铝途有你,铝途有你,"21C API, 碳酸锂, 生产基地, 政策, 补贴, 落地",normal,2026-09-27T13:27:16+08:00,,作为全国铝土矿资源第一大省、第二大氧化铝生产基地，山西省构筑了成熟的铝工业产业体系。“铝”，已然成为我省资源型经济转型的核心支柱产业。近年来，伴随产业规模持续壮大，铝工业赤泥和电解铝危废等固废存量大、资源化利用率偏低等问题，成为制约产业绿色低碳转型、培育新质生产力的关键瓶颈。立足产业发展实际，山西省聚焦铝工业固废减量化、无害化、高值化利用，依托技术创新、钢铝协同、政策赋能，持续打通固废综合利用全链条，推动工业废渣从“环境负担”变为“产业宝藏”，全力激活铝产业循环发展新动能。兴县铝镁新材料园区一角。 刘亮亮 摄依托资源产业基底，固废治理压力与发展机遇并存丰富的矿产与能源资源，是山西省铝产业蓬勃发,http://mp.weixin.qq.com/s?__biz=Mzg3NDYxMTQzNQ==&mid=2247698651&idx=1&sn=330b37db3fefa2f4839389b1ad3582df,,作为全国铝土矿资源第一大省、第二大氧化铝生产基地，山西省构筑了成熟的铝工业产业体系。“铝”，已然成为我省资源型经济转型的核心支柱产业。近年来，伴随产业规模持续壮大，铝工业赤泥和电解铝危废等固废存量大、资源化利用率偏低等问题，成为制约产业绿色低碳转型、培育新质生产力的关键瓶颈。立足产业发展实际，山西省聚焦铝工业固废减量化、无害化、高值化利用，依托技术创新、钢铝协同、政策赋能，持续打通固废综合利用全链条，推动工业废渣从“环境负担”变为“产业宝藏”，全力激活铝产业循环发展新动能。兴县铝镁新材料园区一角。 刘亮亮 摄依托资源产业基底，固废治理压力与发展机遇并存丰富的矿产与能源资源，是山西省铝产业蓬勃发展的底气所在，也为固废循环利用产业培育奠定了坚实基础。“截至2025年底，山西省铝土矿保有资源量15.92亿吨，占全国总量的30.79%，储量稳居全国首位。”在近日举行的首届有色钢铁融合发展论坛上，山西省有色金属行业协会会长王磊公布的一组数据，彰显了我省铝产业的资源优势。依托得天独厚的资源禀赋与成熟的煤电产业支撑，我省已形成以吕梁为核心承载区，运城链主企业引领，忻州、阳泉、晋中多点配套、联动发展的铝产业格局，产业集聚效应持续放大，产业发展根基愈发坚实。产业千帆竞发的蓬勃态势背后，固废处置的生态难题随之而来，成为山西省铝产业绿色转型绕不开的课题。山西省铝工业固废以赤泥为主，每生产1吨氧化铝会产生1.5吨赤泥。这类废渣具有体量大、强碱性、成分复杂等特点，为区域生态环境保护带来不小压力。看似是生态负担，实则暗藏产业机遇。除赤泥外，电解铝产业每年产生7万至10万吨二次铝灰、大修渣、炭渣等危险废物，废渣中富含氟、铝、锂、碳等有价资源，具备极高的高值利用潜力。然而，电解铝固废环境风险等级高、处置利用难度大，是我省铝工业绿色转型必须攻克的重点领域。压力与机遇并存，挑战与希望共生，这也为山西省探索铝工业固废综合利用新路径、培育产业新增长点提供了广阔空间。创新技术多元赋能，固废综合利用跑出“山西路径”直面铝工业固废体量大、处置难、利用率低等行业痛点，山西省立足自身产业特色，精准区分国产矿、进口矿赤泥的差异化特性，摒弃粗放处置模式，以科技创新为核心驱动力，构建起源头减量、中端提值、末端消纳的全链条、闭环式资源化利用技术体系。依托龙头企业牵头、产学研协同联动，一批落地见效、可复制可推广的产业化示范项目相继落地，让铝工业固废变废为宝，蹚出了一条极具山西特色的铝产业固废循环利用新路径。从源头严控增量，是破解固废处置难题的第一道关口。山西省聚焦生产前端工艺革新，从源头减少赤泥等固废产生量。其中，山西森泽能源科技集团有限公司（以下简称“森泽能源”）联合法国IBU公司实施铝土矿废渣综合利用项目，通过焙烧活化、脱硅提金，将铝土矿铝硅比从2.5提升至14，大幅减少赤泥生成量，为后续固废处置减负增效。深耕中端价值挖掘，让闲置废渣释放稀缺资源价值。中铝山西新材料有限公司（以下简称“中铝山西新材料”）承接国家科技重大专项，成功建成千吨级碳酸锂示范生产线，率先实现从铝工业固废中精准提取锂元素，让废渣变身高端原材料，大幅提升了铝固废资源化利用的附加值。拓宽末端消纳场景，推动固废规模化、多元化高效利用。赤泥选铁领域，山西华兴铝业有限公司采用重选和多级磁选联合工艺，年处理进口矿赤泥140万吨，年产铁精粉50万吨，铁精粉直供本地钢企，实现跨行业资源循环；基建应用领域，阳泉大宗固废循环利用基地将赤泥、粉煤灰、煤矸石复配制成水稳路基材料，应用于省内多条国道路段建设；矿山治理领域，森泽能源联合北京科技大学研发赤泥基膏体充填材料，固废占比达95%，广泛应用于煤矿采空区充填，低成本解决矿山塌陷治理与固废消纳双重难题。针对电解铝危废处置，中铝山西新材料作为省内唯一具备三类电解危废协同处置资质的企业，构建起闭环循环利用体系。该企业通过优化工艺，实现二次铝灰有价资源回收，同时推进电解质再生氟化铝工业试验，产品回用合格率超90%，有效破解了电解铝危废处置风险高、利用率低的行业难题，筑牢铝产业绿色发展底线。补齐短板系统施策，构建循环产业发展新格局经过多年探索实践，山西省铝工业固废综合利用产业从无到有、从小到大，已形成初步产业规模，技术路径持续成熟、应用场景持续拓宽。但客观来看，行业标准不统一、跨行业协同壁垒突出、高端技术攻关不足、产业规模化程度不高等短板依然存在，制约着铝固废高值化利用产业的提质升级。立足产业转型长远目标，我省聚焦短板弱项，系统谋划固废高值化利用发展路径，全力构建完善的资源循环利用产业体系。王磊表示，山西省将依托有色金属和钢铁两大行业协会平台，构建省级钢铝固废供需对接机制，统一行业技术标准，破除跨行业协同壁垒，重点攻关赤泥炼钢溶剂、多固废协同胶凝材料等前沿技术，拓展固废应用新场景。产业高质量发展，离不开政策精准赋能、保驾护航。山西省积极借鉴先进省份经验，完善产业扶持体系，通过固废消纳专项补贴、园区优惠电价、示范项目资金扶持、工业用地优惠等政策举措，撬动社会资本参与固废资源化利用产业布局，激活产业发展的内生动力。持续破解铝工业固废治理痛点，打通循环发展堵点，稳步推动铝产业告别“高耗高排”的传统发展模式——当下的山西，正稳步迈向“绿色低碳、循环高效”的高质量发展新阶段。未来，我省将持续凝聚政企联动、校企协同的攻坚合力，深耕铝产业绿色转型赛道，持续推动固废资源价值最大化释放。编辑 | 佟建飞 · 校对 | 杨楠 · 审核 | 李洋来源：山西经济日报国家固废情报中心,,,,pending
重庆綦江：铝工业废弃物“变废为宝”，打造循环经济新样板,铝途有你,铝途有你,21C API,normal,2026-09-27T13:24:48+08:00,,在重庆綦江高新区，一条循环链高效运转：电解铝企业产出的铝液直供下游精深加工企业，生产过程中产生的铝灰等危险废物及电厂产生的粉煤灰、脱硫石膏等一般工业固废则就地进入配套环保企业，转化为再生铝、建材原料。綦江是重庆老工业基地，年产电解铝34万吨，拥有从齿轮到整车的完整产业链。与之相伴的是体量庞大的工业废弃物。近年来，綦江健全碳排放双控机制，大力发展循环经济，让工业废弃物从“环保包袱”变为“产业资源”。消纳工业废弃物，綦江既注重源头减量，也强化末端治理。重庆旗能电铝有限公司是西南地区电解铝行业的龙头企业，拥有自备电厂和电解铝生产线。走进旗能电铝净化车间上位机监控室，一排排电脑屏幕实时跳动着二氧化硫、,http://mp.weixin.qq.com/s?__biz=Mzg3NDYxMTQzNQ==&mid=2247698646&idx=1&sn=96117c69d55203412720cd0639e1c074,,在重庆綦江高新区，一条循环链高效运转：电解铝企业产出的铝液直供下游精深加工企业，生产过程中产生的铝灰等危险废物及电厂产生的粉煤灰、脱硫石膏等一般工业固废则就地进入配套环保企业，转化为再生铝、建材原料。綦江是重庆老工业基地，年产电解铝34万吨，拥有从齿轮到整车的完整产业链。与之相伴的是体量庞大的工业废弃物。近年来，綦江健全碳排放双控机制，大力发展循环经济，让工业废弃物从“环保包袱”变为“产业资源”。消纳工业废弃物，綦江既注重源头减量，也强化末端治理。重庆旗能电铝有限公司是西南地区电解铝行业的龙头企业，拥有自备电厂和电解铝生产线。走进旗能电铝净化车间上位机监控室，一排排电脑屏幕实时跳动着二氧化硫、氟化氢、颗粒物等排放数据，企业环保运行状况一目了然。“我们聚焦自备电厂、铝电解、氧化铝收尘等核心环节，完成2台330MW火电机组超低排放改造、铝电解烟气深度治理等关键工程，实现有组织、无组织排放全系统管控。”旗能电铝公司党委书记、总经理彭德介绍，改造后，经规范核算，企业年大气污染物减排量超9000吨，污染治理水平显著提升。与此同时，綦江推行铝液直供模式——旗能电铝将铝液直接送至邻近的下游企业，省去了下游企业重熔铝锭的工序，从而减少重熔过程的能耗及相应污染物排放。即便如此，旗能电铝公司生产过程中还是会产生铝灰渣、粉煤灰、脱硫石膏等废弃物。针对不同废弃物，綦江精准招引专业资源化利用企业入驻，建成多个循环利用项目。重庆綦创再生资源有限公司利用废旧铝制品、含铝废料，经熔铸、精炼、铸造等工序，生产中间合金锭，为重庆新能源汽车轻量化材料提供绿色供给；针对铝灰渣，重庆旺川再生资源综合利用有限公司先进行无害化处理，再提取金属铝，尾渣经检测达标后作为水泥制造主要原料。“以前固废处置要外运，成本高、风险大；现在废料‘隔墙供应’，变废为宝还能增收。”綦江区相关负责人介绍，如今电解铝和电厂产生的粉煤灰、炉渣可用于生产绿色板材，脱硫石膏加工成建材原料，铝灰经无害化处理后提取铝锭，尾渣制砖，资源化利用率大幅提升。铝产业废弃物再利用仅是个例。綦江还引入家居建材企业与电厂为邻，利用电厂的固体废物和蒸汽余热进行生产；针对历史遗留磷石膏，实施专项整治与资源化利用项目，通过改性处理用于建材生产、矿山充填、生态修复，破解堆存难题；在采煤沉陷区，推进煤矸石就地制砖、制备骨料，结合EOD模式实现生态治理与资源利用并举。“接下来，我们将以‘无废城市’建设为契机，不断强化固体废物管理体系与治理能力现代化，以循环经济助推资源型城市转型升级。”綦江区相关负责人表示。责编 | 杨楠 · 审核 | 李洋来源：新华每日电讯,,,,pending
关于举办微电网及增量配电网投资建设培训的通知丨系列培训,中国能源报,中国能源报,"21C API, 储能, 储能系统, 系统集成, 系统集成商, 融资, 投资, 政策, 并网, 落地",normal,2026-09-27T13:23:48+08:00,,关于举办微电网及增量配电网投资建设培训的通知各企事业单位：“十五五” 时期，我国加快构建清洁低碳安全高效的新型能源体系和新型电力系统，并着力构建主配微协同的新型电网。微电网具有自平衡、自安全、小微化、绿色化、数智化、共享化等特征，建设微电网对新型电力系统的安全稳定、经济高效、绿色低碳发展具有重要意义，国家明确提出布局建设一批源网荷储协同的智能微电网项目。增量配电是指拥有配电网运营权的企业向用户配送电能，增量配电网是零碳园区、县域分布式新能源、绿电直连、源网荷储一体化等新业态落地的重要实施载体。随着零碳工厂、零碳园区、绿电直连等新业务建设落地持续深入，智能微电网、增量配电网等适配形态关注度持续提,http://mp.weixin.qq.com/s?__biz=MjM5NTI4MTIyMg==&mid=2658144046&idx=2&sn=edf5258f12c99b6a072de4bf1e7ef2b8,,关于举办微电网及增量配电网投资建设培训的通知各企事业单位：“十五五” 时期，我国加快构建清洁低碳安全高效的新型能源体系和新型电力系统，并着力构建主配微协同的新型电网。微电网具有自平衡、自安全、小微化、绿色化、数智化、共享化等特征，建设微电网对新型电力系统的安全稳定、经济高效、绿色低碳发展具有重要意义，国家明确提出布局建设一批源网荷储协同的智能微电网项目。增量配电是指拥有配电网运营权的企业向用户配送电能，增量配电网是零碳园区、县域分布式新能源、绿电直连、源网荷储一体化等新业态落地的重要实施载体。随着零碳工厂、零碳园区、绿电直连等新业务建设落地持续深入，智能微电网、增量配电网等适配形态关注度持续提高。为帮助各企事业单位对微电网及增量配电网概念厘定、规划衔接、投资评估等相关问题有更深入的了解，助力企业科学开展项目研判、合规推进投资建设，更好参与新型电力系统建设，《中国能源报》社特举办微电网及增量配电网投资建设培训，培训完后发放《中国能源报》社有限公司中国能源经济研究院“微电网及增量配电网”培训结业证书。具体安排如下：一、时间地点培训时间：10月21日—22日培训地点: 天津二、组织机构主办单位：《中国能源报》社有限公司学术支持：中国能源经济研究院三、培训对象1.各大型能源集团；电力公司；发电集团；地方能源电力集团、新能源企业、综合能源服务企业、配售电企业；2.电力设计院、源网荷储一体化设计单位、储能系统集成商、微电网设备厂商、电力工程施工单位；3.产业园区、经开区、高新区、城投平台公司；4.用能企业、大型工业企业、高耗能企业、算力数据中心、矿山、工业园区运营方；5.金融、信息集成、科研院所、评估服务、投融资、绿电交易、碳交易等相关从业人员。四、课程模块新型电网建设方向研读增量配电网与微电网概念政策讲解增量配电网与微电网应用场景与发展趋势增量配电网、微电网、源网荷储一体化、绿电直连区别联系增量配电网项目研判、开发流程与立项申报增量配电网项目规划建设及网架结构选型智能微电网建设重点任务研读微电网项目备案流程系统方案设计要求微电网规划设计及关键设备选型组网项目投资构成及商业模式并网运营及参与力市场交易典型实践案例复盘拆解项目参观五、培训费用1、收费标准：3900元/人（包括培训费，交通食宿自理）2、缴费方式：银行汇款或转账，培训现场不安排收费开户名：《中国能源报》社有限公司账 号：0200020209200012796开户行：中国工商银行股份有限公司北京金台路支行联行号：102100002020六、联系方式杨老师***********（微信同）王老师***********（微信同）阅读原文不喜欢培训时间：10月21日—22日,,,,pending
政策拓界赋能 能源民企敢投善投,中国能源报,中国能源报,"21C API, 储能, 储能系统, 系统集成, 智算中心, 供电, 交付, 投产, 订单, 融资, 投资, 政策, 推出, 中试, 并网, 落地",normal,2026-09-27T13:23:48+08:00,,民间投资正处于结构优化、动能转换的关键时期，国家正着力解决民营企业“不敢投、投哪里”两大核心问题，让民营企业“敢投、愿投、能投”。近期，国家层面围绕民间投资的部署动作频频——民营企业座谈会密集召开、重大项目清单接连推介、投资支持政策纷纷落地……国家发展改革委主任郑栅洁近日主持召开民营企业座谈会，围绕优化发展环境、拓展投资空间听取意见建议。参加座谈的五家企业颇具代表性。德力西集团代表电气设备领域的传统制造业升级，润泽科技代表算力基础设施这一新型基础设施核心赛道，加上文旅、养老、商业航天，覆盖了民间资本重点布局的主要方向。近期一系列动作释放出明确信号：民间投资正处于结构优化、动能转换的关键时期，国,http://mp.weixin.qq.com/s?__biz=MjM5NTI4MTIyMg==&mid=2658144046&idx=1&sn=3cdd206ab7e48c1ebedd29eeee85f7ee,,民间投资正处于结构优化、动能转换的关键时期，国家正着力解决民营企业“不敢投、投哪里”两大核心问题，让民营企业“敢投、愿投、能投”。近期，国家层面围绕民间投资的部署动作频频——民营企业座谈会密集召开、重大项目清单接连推介、投资支持政策纷纷落地……国家发展改革委主任郑栅洁近日主持召开民营企业座谈会，围绕优化发展环境、拓展投资空间听取意见建议。参加座谈的五家企业颇具代表性。德力西集团代表电气设备领域的传统制造业升级，润泽科技代表算力基础设施这一新型基础设施核心赛道，加上文旅、养老、商业航天，覆盖了民间资本重点布局的主要方向。近期一系列动作释放出明确信号：民间投资正处于结构优化、动能转换的关键时期，国家正着力解决民营企业“不敢投、投哪里”两大核心问题，让民营企业“敢投、愿投、能投”。目前，国家层面正在形成一套覆盖“项目获取—融资保障—运营盘活—再投资”全链条的政策体系。“投到哪里”有了明确答案众所周知，民营投资长期面临“门好进、路难找”的问题。政策虽然鼓励民间投资，但是民营企业不知道以什么方式、能参与哪些具体项目。针对这一痛点，国家层面的重大项目推介正在提速加码。近日，国家发展改革委民营局推介了36个项目，聚焦交通、物流、水利、能源等四大重点领域，预计总投资614亿元，拟引入民间资本156亿元，涵盖风电、储能、充电设施、引水工程等多种类型。近期召开的全国投资工作推进会议也进一步强调，要抓紧推出一批吸引民营企业参与的重大项目。“项目公开推介后，各方反应积极，不少项目已收到民营企业的投资意向，正在有序推进。”国家发展改革委政策研究室副主任、委新闻发言人李超表示，2025年11月，国办印发《关于进一步促进民间投资发展的若干措施》，明确提出对需报国家审批（核准）的具有一定收益的铁路、核电、水电、供水等领域项目，应专项论证民间资本参与的可行性，鼓励支持民间资本参与。对具备条件的项目，民间资本持股比例可在10%以上。文件印发后，各地区各部门结合实际抓好落实，已取得初步成效。一方面，民间资本参与重大项目建设的空间持续拓宽。在核电领域，7月31日，国务院常务会议核准的山东莱阳核电一期工程项目中，民间资本参股比例达25%；在水利领域，上半年水网建设吸引民间投资超108亿元、同比增长85.8%；在绿电直连领域，目前已审批的项目中，民间资本参与的项目占到半数。“国家持续拓展民间投资空间，让我们看到了参与能源基础设施建设的更大机遇。”德力西集团董事局主席胡成中对《中国能源报》记者表示，从民营电气行业看，企业投入的不仅是资金，还有长期积累的技术、人才和制造能力。我认为，要把企业的积极性充分调动起来，关键是让机会更加可及、规则更加稳定、投入更有预期。国务院近期提出，对有关重大项目专项论证民间资本参与的可行性。建议进一步把项目推介做细，讲清楚哪些环节可以参与、采取什么合作方式、各方承担什么责任，让不同规模、不同专长的民营企业都能找到位置。比如，有资金和运营能力的企业可以依法参与投资建设，有技术优势的企业可以承担联合攻关，专精特新企业也应有机会进入配套体系。深圳市永联科技股份有限公司董事长朱建国对《中国能源报》记者表示，传统充电模式作为单纯的用电负荷，已难以应对新能源汽车爆发式增长带来的挑战。国家层面鼓励民资进入充电设施领域，为此，我们将战略重心聚焦于光储充微电网，特别是直流微电网和直流闪充技术的推广。这一选择并非偶然，而是基于对能源互联网发展趋势的深刻理解。直流微电网技术通过将光伏发电、储能系统与直流充电设备通过直流母线直接互联，可实现能源就地生产—存储—消费的闭环，极大提升了能源利用效率。中央财经大学人工智能与数字财经研究中心主任、国家财经战略研究院研究员陈波对《中国能源报》记者表示，民营企业要实现“敢投、愿投、能投”，关键在于稳定预期。首先，重大项目应公开项目清单、准入条件、参股比例、招投标规则和投资回报机制，让企业在决策前能够完成测算。其次，要保障并网接入、调度运行、土地取得、容量配置和电费结算等核心权益，避免项目投产后收益边界发生较大变化。第三，应减少多头审批、重复检查和不规范收费，建立隐性壁垒、拖欠账款、地方保护等问题的快速处理机制。“企业看重的是规则持续有效、权利能够兑现、风险可以评估。”陈波说。从能源行业角度看，业内更关注新型电网建设带来的需求变化。新能源接入需要更强的承载和调节能力，用户需要更可靠、更绿色、更高效的供电，设备也需要更加智能。“这些变化为民营电气企业拓展了从元器件、成套装备到系统集成、运维服务的发展空间。”胡成中坦言。让民间投资落到实处有了投资方向，民营企业还面临“钱从哪里来”“如何退得出去”的现实问题，尤其是能源等基础设施项目投资周期长、资金体量大，成为民间资本进入的卡点。为解决融资难，国家层面和地方均对民间投资的要素保障力度持续加大。以2026年新型政策性金融工具为例，国家开发银行首批投放的3个项目均有民间资本参与，涉及储能、绿色新材料、高速公路等领域；福建省首批投放的5亿元资金，共支持4个民间投资项目，涉及港口泊位、绿色新材料等领域。陈波建议，应把政策支持落实为可执行的项目机制。对建设期项目，可发展以长期购售电协议、容量收益、特许经营收益为基础的项目融资，降低对企业主体信用和传统抵押物的依赖；对运营成熟、现金流稳定的项目，可通过基础设施REITs、资产证券化等方式盘活存量资产，形成投资回收和再投资的循环；对新型储能、虚拟电厂等新业态，还需要政策性增信、保险保障和风险分担安排。“金融支持的核心，是让项目现金流能够被识别、验证和定价。”陈波强调，应推动政策性金融、绿色金融、REITs与重点项目库联动，形成“前期融资、建设支持、运营盘活、再投资”的闭环。评价政策效果，应看企业是否真正获得项目、获得融资、按期并网并实现稳定结算。在胡成中看来，电气装备研发、生产交付和项目运营的资金需求各不相同，建议金融机构提高对技术能力、真实订单和项目现金流的评价能力，提供相适应的融资期限和还款安排。同时，应把及时支付账款作为改善产业生态的重要抓手，防止资金压力沿供应链向中小企业传导。“支持民营投资落实为覆盖企业成长全过程的制度安排。”胡成中建议，在研发阶段，加强股权资本、科技信贷和风险分担机制的衔接；成果转化阶段，增加中试验证和示范应用机会；发展壮大阶段，支持有能力的企业开展技术改造、兼并整合和专业化协作。规则稳定、机会公平、创新有回报，能源民营企业才有底气持续投入。业内专家呼吁，未来要持续提高涉企政策的稳定性和执行一致性，使公平竞争、产权保护、履约守信落实到具体项目、具体合同和具体服务中。从传统制造到算电协同值得关注的是，此轮政策部署并非简单的“给项目、给资金”，而是与国家能源转型、数字经济发展战略深度绑定，为民营企业开辟了新的成长空间。传统制造企业正在这条路径上找到位置。德力西电气紧扣新型电力系统建设主线，最先进生产线的自动化率已超过97%，并通过“光伏自发电+绿电采购”的组合模式，率先实现了核心制造环节的碳中和。胡成中认为，新型电网等重大建设，可以成为扩大有效投资、提升产业能力、促进民营经济发展的共同机遇。新型基础设施领域，润泽科技2026年在廊坊建成单体规模200兆瓦的智算中心，目前全球布局9个AIDC智算园区。算力设施的爆发式增长，正在与能源系统形成深度互动。陈波分析，算电协同、绿电直连正在推动能源企业转向综合运营，未来商业模式将围绕“电力供应、灵活调节、绿色属性、数字服务”展开。企业可通过绿电供应和绿证服务获得基础收益，通过储能、可调负荷、虚拟电厂参与现货交易、需求响应和辅助服务获取增量收益。“从企业实践看，最值得关注的方向是面向园区和高耗能用户的‘绿电直连+储能+虚拟电厂+能碳管理’一体化服务。”陈波表示，这一领域投资规模相对可控，客户需求较清晰，能够直接服务数据中心、制造业园区、出口型企业的降本、降碳和绿电溯源需求。其价值不局限于建设单一设备，更在于通过数字化平台把分布式新能源、储能、充电设施、可调负荷和碳资产管理连接起来，形成持续运营和服务收入。“对民营企业而言，这类项目更适合发挥响应快、贴近用户场景、技术迭代灵活的优势。”胡成中建议，把重大项目建设与产业创新统筹起来，在项目规划和技术论证阶段就适时吸纳有能力的民营企业参与，围绕关键装备、控制系统和基础元器件组织联合攻关，让重大工程形成的技术成果带动整个产业链升级。文 | 本报记者 苏南End欢迎分享给你的朋友！出品 | 中国能源报（cnenergy）编辑丨赵方婷阅读原文不喜欢国家层面围绕民间投资的部署动作频频,,,,pending
韦丹塔要在这建300万电解铝600万吨氧化铝,铝途有你,铝途有你,"21C API, 产能, 投资, 落地",normal,2026-09-27T13:22:18+08:00,,韦丹塔董事长阿尼尔·阿加瓦尔周六在布巴内斯瓦尔与邦首席部长莫汉·查兰·马吉会面，双方就约1万亿卢比（约701 亿元人民币）的铝产业投资交换进展。会上阿加瓦尔承诺在奥里萨邦西部新建一座千张床位医院，并提议对贾苏古达铝冶炼厂进行扩建，年产能再增100万吨。更大手笔落在下游。规划中的登卡纳尔300万吨级冶炼厂与拉雅加达600万吨级氧化铝精炼厂同步推进，登卡纳尔项目还将为当地铝产业园直供高温铝水，助推印度本土制造的价值升级。若全部落地，韦丹塔累计铝产能有望攀升至约600万吨，剑指印度持续走高的铝需求。邦政府明确表态全力支持，看重的是就业与地方发展。预计这些项目可带来逾20万个直接与间接就业岗位，并带动,http://mp.weixin.qq.com/s?__biz=Mzg3NDYxMTQzNQ==&mid=2247698639&idx=1&sn=c37f11b0622c19c0c865bf576f859928,,韦丹塔董事长阿尼尔·阿加瓦尔周六在布巴内斯瓦尔与邦首席部长莫汉·查兰·马吉会面，双方就约1万亿卢比（约701 亿元人民币）的铝产业投资交换进展。会上阿加瓦尔承诺在奥里萨邦西部新建一座千张床位医院，并提议对贾苏古达铝冶炼厂进行扩建，年产能再增100万吨。更大手笔落在下游。规划中的登卡纳尔300万吨级冶炼厂与拉雅加达600万吨级氧化铝精炼厂同步推进，登卡纳尔项目还将为当地铝产业园直供高温铝水，助推印度本土制造的价值升级。若全部落地，韦丹塔累计铝产能有望攀升至约600万吨，剑指印度持续走高的铝需求。邦政府明确表态全力支持，看重的是就业与地方发展。预计这些项目可带来逾20万个直接与间接就业岗位，并带动物流、基建、工程及配套产业连锁扩张。对深耕铝镍冶炼出口的从业者而言，印度铝产能的集中释放，值得盯紧其对全球供给格局的边际影响。\x0a电解铝,,,,pending
中国人在印尼过中秋,铝途有你,铝途有你,"21C API, 海外",normal,2026-09-27T13:12:56+08:00,,印尼齐力氧化铝项目2026年中秋之夜#中国人在国外#海外中秋#海外氧化铝勇梦工程学堂,http://mp.weixin.qq.com/s?__biz=Mzg3NDYxMTQzNQ==&mid=2247698631&idx=1&sn=e16dedd914ba81c21ff081c52c0ae6f2,,印尼齐力氧化铝项目2026年中秋之夜#中国人在国外#海外中秋#海外氧化铝勇梦工程学堂,,,,pending
【贵铝奋进基层】青出于蓝相承砺匠心 一线成长绽芳华,铝途有你,铝途有你,"21C API, 新产品, 实验室, 落地",normal,2026-09-27T13:08:33+08:00,,师带徒师者传艺，匠心赓续。岗位为讲台，骨干为良师。中铝贵州企业以“师带徒”机制赋能新人成长、传承实干匠心。本策划将聚焦一线师徒风采，记录成长故事、传递榜样力量。致敬每一位倾囊相授、默默耕耘的企业师傅！在贵州铝厂工服分公司品控创新中心，“师带徒”人才培养机制为青年技术人才搭建成长平台。青年技术员龙大兰正是这一机制培育出的优秀代表，从高校毕业生成长为铝工业装备研发领域技术骨干。她依托师徒传承，扎根生产科研一线，在实干创新中践行工匠精神，为企业高质量发展贡献青春力量。拜师一线 筑牢技艺根基大学毕业的龙大兰怀揣专业热爱投身科研生产一线，入职便拜资深技术老师傅杨远奇为师，开启一线学艺之路。“深入现场才能,http://mp.weixin.qq.com/s?__biz=Mzg3NDYxMTQzNQ==&mid=2247698627&idx=1&sn=0a612ef83c57711c67cf9e608ac808a6,,师带徒师者传艺，匠心赓续。岗位为讲台，骨干为良师。中铝贵州企业以“师带徒”机制赋能新人成长、传承实干匠心。本策划将聚焦一线师徒风采，记录成长故事、传递榜样力量。致敬每一位倾囊相授、默默耕耘的企业师傅！在贵州铝厂工服分公司品控创新中心，“师带徒”人才培养机制为青年技术人才搭建成长平台。青年技术员龙大兰正是这一机制培育出的优秀代表，从高校毕业生成长为铝工业装备研发领域技术骨干。她依托师徒传承，扎根生产科研一线，在实干创新中践行工匠精神，为企业高质量发展贡献青春力量。拜师一线 筑牢技艺根基大学毕业的龙大兰怀揣专业热爱投身科研生产一线，入职便拜资深技术老师傅杨远奇为师，开启一线学艺之路。“深入现场才能掌握真本领，每解决一个问题就是一次进步。”师傅的叮嘱，她时刻铭记。科研没有捷径，从图纸绘制、零件测绘，到设备调试、结构优化，她跟着师傅扎根现场，不怕苦、不怕累。一边学习师傅实战经验，一边结合专业钻研工艺，在实操中掌握铝工业装备设计到应用全流程技术，吃透工艺核心，为科研攻关打下扎实基础。承技攻坚 勇攀科创高峰师傅言传身教，不仅传授技术，更传递精益求精、攻坚克难的科研态度。在师傅支持下，龙大兰投身中铝集团各类重点科研项目，主攻新能源特种车辆研发、机械结构优化、智能装备集成等方向，在传承中创新突破。电动铝水抬包车研发期间，她配合高校团队开展整车建模、参数调试与结构优化。经反复试验推演，将抬包平台高度由1.35米降至1.14米，降低现场作业风险，提升铝水转运安全稳定性，项目取得发明专利、外观设计专利各1项。龙大兰持续聚焦现场痛点，参与绿色智能特种装备、铝熔铸电动扒渣车、阳极钢爪抗氧化喷涂装置、等离子切割机烟尘回收装置等研发，斩获多项实用新型专利，用技术改善作业环境，践行绿色发展理念。笃行担当 绽放青春价值学有所成，重在落地。受师傅影响，龙大兰坚持技术服务生产、成果转化效益。她参与印尼华青残极压脱机、印度12T真空抬包等国内外重点项目，负责图纸优化、工艺编制、现场指导与质量把控，保障项目高标准落地。她践行“科研走出实验室”，积极开展技术推广，多次在有色协会、中铝集团平台推介创新产品，自研新能源特种车辆已在多家电解铝厂投用。近五年，她参与研发项目创造直接经济效益超500万元，助力企业绿色转型，服务“双碳”目标。作为青年党员，她把工匠精神化为履职动力，个人成果获中铝集团创新创意创效大赛、中铝股份科技进步奖，助力团队拿下2项省部级科技奖励，以实绩回报企业与师傅的培养。从学徒新人到技术骨干，龙大兰的成长，是中铝贵州企业“师带徒”人才培养成效的生动缩影。青蓝相继，薪火相传，越来越多青年职工在师傅传帮带中锤炼成才，为中铝贵州企业高质量发展持续注入青春动能。,,,,pending
美鑫2026年度卓越班组长管理能力提升培训班心得体会,铝途有你,铝途有你,"21C API, 落地",normal,2026-09-27T13:05:56+08:00,,以学促思补齐短板 以行践知提质增效近期，我有幸参加美鑫公司组织的卓越班组长管理能力提升专项培训。本次培训为期三天，课程内容丰富、形式多样，通过课堂授课、案例分析与实地观摩学习，我对作业长“兵头将尾”的岗位职责形成了全新认识，也清晰发现了自身管理工作中存在的短板不足。结合电解车间生产实际，浅谈几点学习感悟。培训第一天，授课老师分享了诸多一线班组长成长案例，讲述了普通职工立足岗位、实干建功的事迹。以往我片面认为，作业长的核心职责就是完成生产任务。通过培训我深刻认识到，作业长不仅是生产任务的执行者，更是重要管理责任的承担者。电解车间工作环境复杂，个人价值不在于职位高低，而在于以身作则做好表率，凝聚团,http://mp.weixin.qq.com/s?__biz=Mzg3NDYxMTQzNQ==&mid=2247698621&idx=1&sn=f8182844b29dadde29b2dd3dbd2fff52,,以学促思补齐短板 以行践知提质增效近期，我有幸参加美鑫公司组织的卓越班组长管理能力提升专项培训。本次培训为期三天，课程内容丰富、形式多样，通过课堂授课、案例分析与实地观摩学习，我对作业长“兵头将尾”的岗位职责形成了全新认识，也清晰发现了自身管理工作中存在的短板不足。结合电解车间生产实际，浅谈几点学习感悟。培训第一天，授课老师分享了诸多一线班组长成长案例，讲述了普通职工立足岗位、实干建功的事迹。以往我片面认为，作业长的核心职责就是完成生产任务。通过培训我深刻认识到，作业长不仅是生产任务的执行者，更是重要管理责任的承担者。电解车间工作环境复杂，个人价值不在于职位高低，而在于以身作则做好表率，凝聚团队力量，带动组员共同进步，将个人成长融入公司发展，在岗位实干中实现自我价值。第二天开展6S现场管理专题学习，帮助我扭转了固有认知。过去我简单将6S等同于打扫现场卫生，如今明确认识到，6S是安全管控、降本增效的重要抓手，能够减少物料浪费、降低设备故障、消除现场隐患。对照车间实际情况，我们在工具定置、物料堆放、现场清理方面仍存在提升空间。今后我会摒弃“一阵风”式管理，将6S要求贯穿班前会、巡检、班后收尾全过程，引导组员主动落实标准化作业，夯实安全质量基础。第三天前往西安法士特实地参观，该企业规范有序的生产现场、浓厚的全员改善氛围，给我留下了深刻印象。对标先进，我们在现场细节管控、精益管理方面仍存在差距。本次培训紧扣基层管理痛点，结合有色行业实例，将理论知识转化为可落地的实操方法，让我认识到，作业长既要技术过硬，更要当好桥梁纽带，推动各项工作部署落实到每一名职工。培训的结束，是学以致用的起点。对照卓越班组长标准，我仍存在管理思路不够开阔、6S管理落实不深入、创新改善意识不足等问题。今后我将把培训所学转化为工作实效：转变思想、主动担当；抓实6S精细化管理；借鉴先进经验推进标准化作业；强化班组传帮带，充分调动全员积极性。我将以卓越班组长标准严格要求自己，带好二班三区队伍，全力保障电解生产平稳有序，奋力打造安全稳定、管理规范、团结奋进的作业组，为分公司高质量发展贡献基层力量。（杨洋）勤学善思提质赋能 学用结合知行合一近期，公司组织开展2026年度卓越班组长管理能力提升培训。培训期间，本人始终保持勤学善思、积极进取的学习状态，在精进自身业务能力的同时，主动带动班组同事共学共进、共同提升，坚持以学促改、以学促干。深耕班组十余载，我始终秉持空杯心态，主动突破固有工作思维局限，持续探索管理提升路径。本次培训内容贴合一线生产实际，涵盖班前会规范、交接班管理、现场隐患排查、6S管理等核心模块，为我在日常的工作中提供了重要指导。培训过程中，本人认真听课、细致记录学习笔记，坚持带着问题学、结合工作实际思、对照自身短板改。结合车间工序繁杂、生产节奏紧凑、精细化管控标准严苛的生产现状，深入剖析管理中的难点痛点，重点查摆日常6S管理存在的问题，精准定位“重形式、轻内化”的管理短板，逐步树立起“内化于心、外化于行”的精细化管理理念。学有所思，方能行有所向。培训结束后，我第一时间将本次所学的新理念、新方法转化为实际工作举措推进落地。围绕现场标准化作业、班组日常点巡检、隐患自查自纠、员工行为规范管控、生产效率提质增效等重点工作，系统梳理并总结提炼出一套贴合车间实际、可落地、可推广的班组管理方法，真正做到学有所悟、学有所用、落地见效。谈及此次培训收获，我清晰认识到自身的管理短板，也有效拓宽了工作思路，综合能力得到全方位提升。下一步，我将继续秉持勤学善思、务实担当的工作作风，坚持常态化学习、精细化管理、刚性化落实，扎实推进班组安全管理、生产提质增效等各项重点工作，为车间稳产高产、高质量发展筑牢基层管理根基。（肖雁飞）,,,,pending
印尼客轮倾覆事故死亡人数升至64人，搜救人员继续搜寻71名失踪人员,铝途有你,铝途有你,"21C API, 发布",normal,2026-09-27T12:59:15+08:00,,印尼客轮倾覆事故死亡人数升至64人，搜救人员继续搜寻71名失踪人员。（视频来源：新华国际头条）印尼客轮倾覆事故死亡人数升至64人印度尼西亚国家搜救局26日说，此前在爪哇海海域发生的客轮倾覆事故已造成64人遇难，搜救人员继续搜寻71名失踪人员。搜救局官员在当天举行的新闻发布会上说，事故发生近两周后，船上243人中已有108人生还，64人死亡，仍有71人下落不明。搜救部门将继续开展搜寻行动。来源 | 新华社,http://mp.weixin.qq.com/s?__biz=Mzg3NDYxMTQzNQ==&mid=2247698609&idx=1&sn=2f94bdc938c3a6fd4a3b5b5a470c24da,,印尼客轮倾覆事故死亡人数升至64人，搜救人员继续搜寻71名失踪人员。（视频来源：新华国际头条）印尼客轮倾覆事故死亡人数升至64人印度尼西亚国家搜救局26日说，此前在爪哇海海域发生的客轮倾覆事故已造成64人遇难，搜救人员继续搜寻71名失踪人员。搜救局官员在当天举行的新闻发布会上说，事故发生近两周后，船上243人中已有108人生还，64人死亡，仍有71人下落不明。搜救部门将继续开展搜寻行动。来源 | 新华社,,,,pending
三位AI创业者谈具身智能：1000小时垃圾数据，喂不出具身大脑,智能纪元AGI,智能纪元AGI,"21C API, 融资, 投资, 海外, 实验室, 量产, 落地",normal,2026-09-27T12:58:25+08:00,,2026云栖大会非常密集，在第二天下午的一场分论坛上，阿里云人工智能平台PAI团队组织了一场围绕具身智能AI创业者的圆桌对话。这场对话由阿里云智能集团高级解决方案架构师 曹志主持，三位嘉宾也非常有趣——PHYMI费莫一科技创始人兼CEO 刘念邱，穹彻智能AI科学家 吕峻，Manifold AI(流形空间)创始人兼CEO 武伟。三位创始人和AI科学家的路径截然不同：刘念邱是一位是自动驾驶赛道的老兵，不久前从元戎启行离职创业，他经历过从零到量产，如今转身扎进具身智能，他说是希望把过去在大规模工程落地、数据驱动体系建设上积累的经验带到这个领域。“具身智能是一个非常广阔的行业，需要在大量真实生活空间中,http://mp.weixin.qq.com/s?__biz=MzcwMTIxNjgwMA==&mid=2247490311&idx=1&sn=436026a5777b91c2b8ded3e3364c42ab,,2026云栖大会非常密集，在第二天下午的一场分论坛上，阿里云人工智能平台PAI团队组织了一场围绕具身智能AI创业者的圆桌对话。这场对话由阿里云智能集团高级解决方案架构师 曹志主持，三位嘉宾也非常有趣——PHYMI费莫一科技创始人兼CEO 刘念邱，穹彻智能AI科学家 吕峻，Manifold AI(流形空间)创始人兼CEO 武伟。三位创始人和AI科学家的路径截然不同：刘念邱是一位是自动驾驶赛道的老兵，不久前从元戎启行离职创业，他经历过从零到量产，如今转身扎进具身智能，他说是希望把过去在大规模工程落地、数据驱动体系建设上积累的经验带到这个领域。“具身智能是一个非常广阔的行业，需要在大量真实生活空间中为人们提供服务。我们的目标是打造一个Physical Agent，让它能够进入开放、动态的真实空间，成为人类的伙伴，在帮助人们创造更多有价值时间的同时，也让使用它的人变得更好。”刘念邱表示。吕峻是在博士期间长期深耕 AI 与机器人大脑方向，他师从上海交通大学人工智能学院副院长、穹彻智能（Noematrix）联合创始人卢策吾教授，吕峻曾入选上海交通大学吴文俊人工智能荣誉博士班，在RSS、CoRL、ICRA、CVPR等学术会议发表论文7篇，曾获得2023年RSS最佳系统论文奖提名。毕业后，吕峻直接加入穹彻智能，担任公司AI科学家，目前在穹彻智能负责模型训练相关的整条业务链路，包括数采方案设计、数据采集、模型训练，以及模型部署和优化。穹彻智能是由卢策吾和非夕科技创始人王世全发起成立。今年6月，穹彻智能宣布完成新一轮数亿元融资，投资方为上海交通大学AI未来基金（创业基金）、上海创之智科技有限公司、无锡数据集团、一村资本等。此前2月，穹彻智能宣完成A轮融资，融资金额达数亿元人民币，由C资本领投，Sea Limited、普华资本等多家海外产业方和国内头部财投跟投，老股东Prosperity7 Ventures超额追投。还有一位武伟，在商汤绝影团队做了十年的自动驾驶，去年5月出来单干创办了世界模型公司北京流形空间科技有限公司（流形空间Manifold AI），是国内较早专注于世界模型的创业公司之一，专注于全域世界模型（覆盖自动驾驶、具身智能、无人机等广域场景）的开发。流形空间联合创始人是清华大学电子工程系长聘副教授、教育部长江学者、清华大学数据科学与智能实验室FIB LAB主要联系人。他从在大学从文科专业成功转入华中科技大学理工科，并考入了清华大学的研究生，一路读到博士，曾获IEEE通信学会亚太杰出青年研究学者奖。今年6月，流形空间宣布完成新一轮数亿元融资，本轮新投资方包括中国国新旗下国新基金，淡马锡旗下毅峰资本，产业资本北汽产投、芯能创投，同时四家老股东超额追加投资。此前，华为哈勃投资入股了流形空间。三位的背景和经历各不相同，但最终都走向具身智能和世界模型。因此，曹志请三位嘉宾依次从自身经历出发，畅谈具身智能的挑战和未来到底在哪里？这场30多分钟的讨论围绕四个议题层层递进，从具身智能今年火在哪儿，到具身智能数据从哪里来、如何理解数据，再到训练和落地，未来12个月公司具身智能公司资源会用到哪里。但真正让这场对话显出重量的，是那些在比喻之外逐渐浮出的判断：第一，“缺数据”是个被集体重复的借口。三家公司从不同方向得出同一个结论：真正的瓶颈不是数据量，而是现有数据根本没有被用好。吕峻说全行业对现有数据的利用水平“远远不够”；武伟把它归因为训练recipe这种“没写在 paper 里的暗知识”；刘念邱则甩出那句最刺耳的对比：1000小时低质量数据，不如1小时高质量数据。当所有人都在喊缺数据的时候，这三个人在偷偷拼数据质量和课程学习。第二，世界模型被放错了位置。在场没有一家把世界模型用来合成训练数据，理由出奇一致：反事实生成能力弱、物理真实性存疑、算力上抽三得一，而 Corner Case 从真实世界反而更好采。世界模型真正的位置不是数据工厂，而是推理时的基础模型，预测下一个世界，再解出动作。这等于给一年来“世界模型合成数据”的叙事泼了一盆冷水。第三，终局收敛，路径发散。三家对终局的共识惊人一致。模型必须能在任意真实场景操作，数据必须来自真实物理世界，但中短期路线截然不同：刘念邱把模型拆成认知、动作、接触三层空间组合取数，穹彻押注 UMI 二指方案跑通链路，流形空间压 Ego-centric 并开始玩真机+UMI+Ego 的配对数据。没有人知道哪条路先通，但所有人都拒绝单点下注。第四，也是最冷峻的一条：未来12个月，具身智能的胜负手不是模型，是闭环。武伟那句“最聪明的可能不是天才少年，而是 AI”听上去像段子，其实是整个圆桌的题眼，单点算法突破的窗口正在关闭，能把数据、训练、评测、反馈拼成飞轮的组织才会指数级拉开差距。吕峻说要保持灵活身位、随时切换卡点，刘念邱说把钱投到可以积累的东西上。三人的本质都是同一件事：在一个每月都在变向的行业里，体系比判断值钱。三个人从不同角度出发，最终都认为当前具身智能技术两个痛点在于：数据质量、算法和训练层面。这或许是具身智能技术初期且漫长的核心原因。以下为本次论坛对话的精编稿，基于现场录音转写稿进行了不改原意的编辑整理（有一定润色）：议题一：具身智能今年火在哪儿？曹志（圆桌主持人、阿里云智能集团高级解决方案架构师）：今天我们邀请到了三位真正是在具身智能的行业大拿，来给我们讲述一下：现在在具身的数据（包括世界模型）到底产业里面是怎么做的，以及有什么样的趋势。大家都有非常资深的背景，也非常期待听到三位分享各自在行业中的做法和选择。第一个问题：具身智能今年非常火热，如果用一个词来形容2026年的具身智能，各位会选择哪个热词？刘念邱（费莫一科技创始人兼CEO）：如果让我选，我会选“真实的应用”。我们过去做自动驾驶，最终认为自动驾驶高速增长的关键，其实是让它真正搭载在消费者的车上、卖出去、被大家用起来。具身智能在这一点上同样重要：我们希望机器人尽快进入真实场景，与真实用户交互，理解用户意图，帮助用户完成实际环境中的任务，同时获得用户的真实反馈。在此基础上，持续优化具身机器人——包括硬件、数据闭环系统以及模型。这是我的看法。吕峻（穹彻智能Noematrix AI科学家）：我能想到的词是“变化”。2026年的具身智能确实很难用一个词概括。至少从模型和算法的视角看，2026年大家关注的热点发生了很多变化，也产生了激烈的讨论。比如年初大家还在围绕各种数据采集路线——包括无本体采集、Ego采集——展开大量讨论；年中又有VLA与世界模型之间的争议；过去一个月，因为基模取得新进展，行业内部又诞生了更多关于模型技术路线的探讨。所以我觉得“变化”可能是2026年具身智能在模型和算法方向非常重要的热词。武伟（Manifold AI流形空间创始人兼CEO）：我个人会用“发散”这个词。我觉得现在不管是算法、数据还是训练方式，都还在发散，并且在加速发散。从模型架构层面看，有Code-as-Policy、Model-based Policy，又分为VLA、World Action Model以及Skills等Agentic方法——模型架构在发散，且在加速发散。从数据层面看，从早期的真机遥操作，到UMI数据，再到Ego Centric，以及现在正在做的第一视角In-Context Learning数据——数据路线也没有收敛，甚至在加速发散。从行业应用角度看，还在等待模型的Scaling，并没有看到充分的Scaling在加速落地。所以我认为目前具身行业正处于发散且加速发散的阶段，收敛可能还需要一段时间。议题二：具身智能数据从哪里来？如何理解数据？曹志：这个观点非常有意思。我们确实听到了行业里非常接地气的看法：第一，具身的落地到底在哪里；第二，具身的技术路线现在是什么样——也就是吕总说的变化非常多、非常快。第三，武总带来了一个很新颖的观点：技术路线在没有收敛的情况下还在持续发散。作为AI Infra供应商，我们也看到市面上可能有上百家垂类客户，每家都有自己的特点，在模型选择、数据方案、Infra方案、Agent Infra方案上都有不同选择。接下来这个问题希望各位直面一个选择——数据从哪里来。我们知道现在最大的困境是非常缺数据，不像自动驾驶发展了30年，数据量和采集方案都非常成熟。具身数据从哪里来，目前看起来大概有三条技术路线：第一条是真机采集，建采集工厂，人工遥操作采集，包括Ego视角的人工采集；第二条是仿真，构建真实世界环境做相应仿真，这对仿真算力要求较高；第三条是训练一个能够真正生成物理世界的世界模型，做数据合成。这三种路线，想听一下三位的观点。这个问题先请武总解答。武伟：在具身行业提到数据，每家厂商都能拿出一张数据金字塔图，但仔细看，每家的金字塔其实很不一样。从我们的角度看，考虑数据一定要考虑终局，考虑终局就要想：你是否能够覆盖几乎所有的人类动作。从这个角度出发，我觉得Ego-centric数据起码是其中必不可少的一部分。另外一点，我们对仿真数据的利用非常谨慎。本质上源于一个认知：现有的仿真器都不是模型驱动的，也就是说仿真器本身不可学习、不可进化，底层参数量非常少——数一下物理引擎的参数量就知道，它相当于一些小模型。用小模型生成的数据，明显训练不了现在具身几十亿参数的模型。所以我们对仿真数据的利用非常谨慎。另外一个上半年、甚至之前一直被行业忽视的点是：大家的数据都是“一元数据”——比如Ego-centric、UMI，都是单独使用的。到年中乃至现在，我们越来越关注成对数据，甚至triplet数据，它们体现了数据之间的二元关系甚至多元关系。我们现在发现，真机与Ego的配对数据、真机+UMI+Ego的配对数据中，天然富含跨本体能力的学习信号。我觉得这种多元数据的叠加和组合，以后会越来越重要。所以数据金字塔以后也会变得越来越复杂：不仅有一元关系，也会有二元甚至更高阶的数据关系和组织方式。就像我刚才说的，它也在不停发散，我们还需要进一步收敛。吕峻：我会这样看这个问题。我认为大家采集数据的目的，本质上就是“得到什么样的数据，就能得到什么样的模型”。从终局看，我们希望具身模型能在真实环境中应对任意任务、任意物体、任意场景，这就意味着数据必须来源于真实世界。这里的“真实”并不是只跟仿真相对的那个真实，更多是要求数据的分布、数据中出现的物体以及物体之间的分布，本身都符合真实世界的规律。所以穹彻一直选择无本体的采集方案。简单说，就是让数采人员把设备带到真实家庭或生产作业场景中采集数据。无本体方案包括UMI、Ego等很多路线，但穹彻目前核心押注在UMI这条路线上。这个判断主要来自：在技术还处于早期的阶段，找到一个尽可能没有严重短板的方案、把整条链路跑通，可能更重要。因此我们认为，基于UMI这种二指方案，短期内更有利于模型快速收敛，也能规避纯裸手Ego data在全自由度灵巧手上所需要面对的触觉等问题。所以基于二指的无本体数据采集，对我们来说在中短期是一个相对好的锚点。当然，穹彻也在积极获取Ego data——我们认为自然视频数据在模型训练中也有非常重要的作用，也在积累。随着模型研发进入不同阶段，我们会合理调节配比，逐渐让数据配比越来越向真实世界的分布迁移。刘念邱：我们这边对数据的理解，更多是从“它如何在真实场景中被用起来”去考虑。我们把模型能力拆成三层：第一层是认知空间的能力——即如何与人交互、如何观测真实动态环境、理解环境并做决策。这一部分我们认为Ego类数据更有意义，因为它关注的不是手部具体动作，而是人在完成工作时如何与环境交互、如何与其他人交互，以及基于周围环境采取什么行动。第二层是动作空间——这一层Ego、本体、UMI都很重要，包括仿真也有用，因为仿真可以在特定场景下提升和优化能力。第三层是接触空间——在真实动态环境中，接触除了模型自己推演的接触，还有很多预期外的接触。这部分我们认为穿戴类设备比如UMI就非常关键。所以在我们看来，不同的数据能解决不同空间的问题，共同推动要在真实世界落地的模型系统整体进化。它应该是一个组合，不是某一种数据能单方面解决整体问题。曹志：这个确实非常有意思。听起来大家的选择已经出现了一些差异，但有一个关键词很关键——终局。虽然技术选择不同，但大家对终局的看法是一致的：数据一定要能反映真实的物理世界。因为模型要在任何场景、任何环境、任何任务下都能操作，就一定需要来自真实物理世界的各种类型的数据。这一点大家观点是一致的。这里我衍生一个跟数据相关的问题：我听到三位嘉宾的选择，有涉及仿真增强的，有说目前押注UMI的，有说押注Ego的，似乎没有嘉宾选择走世界模型数据合成这条路线。想听听大家的观点：为什么没有？或者你们有这样的规划吗？还是请武总先开始。武伟：世界模型我们做了非常久：在商汤的时候，我做过一个叫“开悟”的世界模型，这也是国内自动驾驶领域较早的世界模型，我们也做了很久的自动驾驶仿真。但最后我们的结论是：世界模型现在合成数据有一个比较弱的点，就是反事实数据的生成能力不强。这一点对模型训练来说是比较致命的，因为不管做SFT还是RL训练，都需要大量Corner Case数据来提升模型的智能化水平。这些数据量可能不大，但对智能化提升很重要。而这些数据通过世界模型合成，成本比较高、也比较难合成，物理真实性还有缺陷。但这些Corner Case数据从物理世界去采集，是有办法采集到的，反映的是真实的物理。所以我们倾向于在数据这一层就不走弯路，直接采集物理真实的Corner Case和Failure Case，它们反映的是真实的交互。而世界模型我们更多会把它用作模型推理的Foundation Model，用来做Next World Prediction，再Decode出Action。所以我们觉得，它作为世界模型、作为Robotics的Foundation Model，比作为数据合成器更好一些。这是我们的看法，谢谢。吕峻：我们过去一段时间确实也尝试过用世界模型做数据生成和数据编辑。我觉得核心问题还是成本，在成本上可以说没有任何优势：单次生成数据的算力开销本身就很昂贵；同时，我们尝试过的、能接触到的大多数用于数据生成的模型，还没办法保证比较高的成功率——基本上要抽三得一或抽四得一。所以我觉得用世界模型生成数据，更多机会还是在Corner Case（极限情况）上；当然吴总刚才也介绍了，在Corner Case上它会面临什么样的困难。这大概是我们在世界模型生成数据方面的一些尝试。刘念邱：刚才两位专家已经讲得很清楚了。原来我们在自动驾驶也类似——不能说完全不用，但确实用得比较少。因为生成数据首先要对质量做控制，这本身就是比较复杂的事情；在真实世界我确定它是对的，但世界模型的结果需要检查。更多可能会在少量数据增强上使用，比如纹理替换，或者加一些别的东西——就像上一位演讲时加个大象之类的。但它在整个数据体系里占比还是非常少。议题三：具身智能模型训练核心痛点是什么？曹志：这也给我们做PaaS产品很大的启发：我们在支撑客户做世界模型时，应该怎么更好地支持你们。下一个问题：前面聊了数据，也浅聊了落地。在工程化和商业化之前，我们非常关心训练这一块。我想先问一个开放性问题：在训练阶段，大家最核心的痛点和难点有哪些？踩过哪些坑？有什么经验可以分享？先请刘总。刘念邱：训练本身要放开来看。现在对我们来说，训练最大的挑战还是：如何分配数据，如何做不同类型数据的迁移；重点是如何把训练跟数据来源、跟反馈建立非常好的闭环，让增长不只是在特定数据集、评测集上的增长，而是在用户使用场景下用户体验和感受的增长。这之间我们认为是非常大的挑战，这也是为什么我们一直希望模型能进入真实场景，用真实反馈提升模型能力。吕峻：首先我觉得在训练阶段，我们现在最下功夫做的就是算法。大家会反复讨论：AI的生产要素包括算力、算法和数据。很长一段时间里，行业都在探讨数据方案、数据短缺等问题；但到现在，我们的认知是——包括穹彻自己，我认为整个行业——大家对现有数据的利用水平和程度，其实远远不够。当然这不意味着数据已经充足：如果真从终局看，我认为现在具身数据还需要有几个数量级的增长。但确实，在当前大家普遍能获取到的数据量级上，大家没有交出能兑现这些数据量级的模型能力。我觉得这是最近几个月一个非常严重的卡点。具身确实是一个变化比较快的行业，这里面反映出来的痛点，一方面是数据量上来之后的数据质量问题；另一方面，我觉得在算法层面，大家对training recipe（训练方案）的摸索还不够充分——这种不充分直接反映为大家对数据的利用率比较低。还有一个卡点是：大家现在整个测评体系虽然都在积极搭建，但我认为还有比较多短缺。因为没有好的测评，大家就容易迷失迭代方向，或者很难衡量这次迭代是不是真的让模型变好了。所以这可能也是当前模型训练和研发阶段普遍会遇到的卡点。武伟：这个问题首先非常好。一般提到卡点，大家都会认为是数据、算法或算力，但经常被忽略的就是训练。训练这件事对具身来说非常重要。刚才已经提到，各家都有自己配方的数据池和数据金字塔：数据按什么配比进入训练、几个训练阶段之间怎么做配方，是一个很复杂的训练过程。就像阿里训Wan的过程中有课程学习，非常复杂：要训encoder，要训T2I，然后T2V，再双向、做control——是非常复杂的训练阶段。具身里面也一样，训练阶段很多，也非常复杂。但不是每家的训练方案都一样。我们发现：如果不做细致的课程学习，跳过中间几步，即使使用一样的数据、一样的算法结构，也会训练得很糟糕。所以这件事非常重要：怎么做一个好的训练——这些东西很多时候没有写在paper里，是一些暗知识。我觉得整个行业首先对训练的重视程度还不够，其次在训练方面的投入和总结也不完全够。这块我们也很期待跟PAI一起合作，把这块做得更好。曹志：这个观点非常有意思——听到一个比较新的角度，就是对数据的压榨。作为AI Infra方案方，我们经常讲怎么压榨算力：有些GPU利用率很低，怎么通过优化和参数调优把算力压榨起来。但今天听到一个新颖观点，是从你们的视角看，怎么把数据压榨起来。这个点非常棒。讲到训练，再往前迈一步：研发工作中，大家怎么兼顾成本和性能的最优？有没有各自的最佳实践和成功经验？刘念邱：成本和性能本身有一个边界，就是怎么衡量性能。刚才也提到，在做Scaling、做泛化的时候，少量量化指标很难综合反映模型的整体性能。所以我们会有非常大量的测试集，以及从真实场景中取样的一批用例，结合这两大类一起测试，评估产品是不是真的变得越来越好。这个时候我们关注的不只是数据和模型，而是整套闭环系统：如何从众多终端获取数据，如何获得人的真实反馈，如何把这些量化起来做数据清洗和筛选。还有刚才武总说的训练——为了在真实场景下完成任务，刚才提到有不同空间的模型能力，训练方式和顺序也很重要。所以我们一直在建立一个非常高效的迭代体系和闭环，持续优化整个系统。这是我们考虑的，它是一个平衡。吕峻：首先要看关注的是什么样的性能。如果关注的是模型性能，我认为现在所有具身企业都应该不计成本地追求更高性能的模型，因为显然现在性能还没有达到一个合理的bar——至少要在bar以上，才能谈“适当降低性能去追求成本降低”。另一个维度的性能，可以解释为整个Infra的性能，或者叫效率。我觉得这也是相关的：我始终认为，训练Infra的性能和效率本质上也是一种成本。如果整个Infra更健壮、训练效率更高、性能更好，就意味着迭代实验的速度更快——对这个发展非常快的行业来说，这是非常重要的时间成本。所以从这个角度讲，成本和效率、或者说性能，是有一定一致性的。武伟：我也是类似的观点。现阶段，智能化的上限比性价比更重要。中国有非常多聪明的工程师，对于怎么做模型量化、压缩、蒸馏、轻量化，部署到更便宜的国产芯片，是能够很快做迁移的。而怎么做一个Foundation Model、怎么把Foundation Model的智能化水平做高——这件事就是刚才说的：怎么设计更好的模型架构、拥有更好更多的数据，并把这些数据里蕴含的智能蒸馏到模型里，我觉得这是现阶段最重要的事。另外我个人认为：预训练时花更多钱，往往意味着商业化部署时能够做更规模化、更低成本的部署。所以很多时候cost会从后训练或部署一侧，前移到预训练一侧。这是两者之间的平衡。议题四：未来12个月公司资源会用到哪里？曹志：之前聊了很多数据、训练以及基础选择。这里还想问一个很直接的问题：今年有非常多投资进来，各位作为各自公司的负责人或有相关决策权的人，在接下来12个月，会把最多的资源压到哪里？是去找数据，还是投入更多资源训模型，还是挖掘落地场景，或者做算力基建？想听听大家的选择。先从武总开始。武伟：这个时代变化非常快，我们会比较看好：构建一套可以闭环反馈的系统，是接下来12个月最重要的任务。我们的认知是：站在现在的时间点，一些非常聪明的天才少年做算法当然很重要，但我们发现AI做coding、做RSI发展也非常快。那有没有可能在12个月、24个月之后，最聪明的不是天才少年，而是AI了？所以现在这个时间点，非常重要的一件事就是构建一个可以闭环反馈的系统：系统高效运行，持续有更高质量的数据进来，在平台上快速迭代、试验各种算法方案，并能快速做评测、拿到评测反馈，再去修改算法或数据。这一套系统管线是现在的第一优先级。一旦管线搭起来，就会有飞轮效应：先在自己内部转飞轮，有了客户之后，再建立我们和客户之间的飞轮，模型的智能化水平就会指数级往上走。这是我们后面比较重要的事。吕峻：我非常认同武伟总的观点。作为模型研发负责人，我始终认为：相比单点算法上的突破，更重要的是在团队内部搭建一套非常成熟的工程化研发体系，这会保证资源被最大效率地利用，并且能时时刻刻benchmark自己是不是在进步。我非常认同武伟总的观点，也稍微分享一点自己的看法。首先我觉得在具身行业里，很难问“未来12个月的规划是什么”，因为我们所有人都无法预测未来12个月会发生什么。但至少在追求建设完整工程化体系的基础上，我认为未来几个月我们更多的重点可能还是在算法迭代和算力极限上，因为这两者是一致的：有更多的算力极限，才能做更好的算法迭代。原因刚才也提到了：至少到目前——我的观点——这几个月里大家最缺的不是数据，而是算法，或者像武伟总说的训练里的新方法、把数据更好地运用。但我相信这个观点一定会随时间很快变化：比如两个月后、三个月后，重点也许又会回归数据本身。因为具身智能研发是一个非常长的链路，从数据到模型、到部署，几乎每个环节都不确定。所以对模型公司和团队来说，非常重要的是保持灵活的身位，时刻识别当下最大的卡点和重点是什么，在研发过程中灵活切换。我觉得这可能才是这个时间点上做具身智能模型研发更重要的事。刘念邱：刚才两位都讲得很好，总结是一大一小。大的方面，像武总提的，我们肯定要打造这样一套体系和闭环，让数据、模型训练和优化部署变得非常顺畅——不管是为了支撑更好的数据闭环，还是为了支撑未来真实环境下所谓的RSI。小的方面，我们也会持续优化整个数据质量体系。因为我们发现：同一个任务，用1000小时低质量数据训出来的效果，可能还不如1小时高质量数据。所以这些都是工程化能力的体现。我们认为，把钱和资源投入到可以积累的事情上，为未来的变化做好准备，这是最重要的。曹志：谢谢。听了大家这么多分享，我自己也非常有启发。我接触过非常多具身客户，大家在聊到很多细节技术选择时，都有各自的选择：无论模型、技术设施，还是具身产线里的选择，都非常多、非常杂。但今天听起来，各家具身公司在细节技术选择上确实有差异，但我听到几个共同点：第一，无论未来模型怎么变化、数据够不够，我们都要构建完善的数据闭环，让数据到模型到生产快速转起来，这条基建是必不可少的。第二，数据侧的共同观点是：我们要构建的模型一定是要适应各种任务、各种环境、各种场景的，所以从终局看，数据来源一定要来自真实物理世界；无论采集方式是什么，数据来源一定要真实。第三，对数据利用，现在有两个看似相反但其实能求同存异的点：我听到很多公司说数据不够，但今天听到一个非常关键的点是，数据量大不如数据质量高——比如用10小时数据，不如我用1小时高质量数据。这其实就是对数据的压榨，这是我听到的比较,,,,pending
11.5 亿！亿纬锂能转让湖北恩捷 45% 股权，退出隔膜合资项目,电池社,电池社,"RIOnews API, 新材料, 隔膜, 合作进展, 投资, 收购, 亿纬锂能, 亿纬, 数据中心备电, UPS, 供电, 长循环, 产能, 发布",normal,2026-09-27T12:55:00+08:00,,"扫码进群交流，同行勿扰9月24日晚间，亿纬锂能发布公告，同意公司与恩捷股份控股子公司上海恩捷新材料科技有限公司（以下简称“上海恩捷新材料”）、湖北恩捷新材料科技有限公司（以下简称“湖北恩捷新材料”）签署《湖北恩捷新材料科技有限公司股权转让协议》，公司将所持湖北恩捷新材料45%的股权，按照115,000万元的价格转让给上海恩捷新材料。本次交易完成后，公司将不再持有湖北恩捷新材料的股权。亿纬锂能表示，公司本次转让标的股权是根据公司经营发展需要对公司业务进行的合理调整，旨在进一步优化公司资产结构，集中优势资源发展主营业务，同时可适当回收投资成本、兑现部分投资收益，提升资产流动性，符合公司整体发展战略",http://mp.weixin.qq.com/s?__biz=MzI5MDc1MjAzNQ==&mid=2247543431&idx=1&sn=71f06d1e488c0a802a4da6f5d4797cb0,,"扫码进群交流，同行勿扰9月24日晚间，亿纬锂能发布公告，同意公司与恩捷股份控股子公司上海恩捷新材料科技有限公司（以下简称“上海恩捷新材料”）、湖北恩捷新材料科技有限公司（以下简称“湖北恩捷新材料”）签署《湖北恩捷新材料科技有限公司股权转让协议》，公司将所持湖北恩捷新材料45%的股权，按照115,000万元的价格转让给上海恩捷新材料。本次交易完成后，公司将不再持有湖北恩捷新材料的股权。亿纬锂能表示，公司本次转让标的股权是根据公司经营发展需要对公司业务进行的合理调整，旨在进一步优化公司资产结构，集中优势资源发展主营业务，同时可适当回收投资成本、兑现部分投资收益，提升资产流动性，符合公司整体发展战略的需要。据悉，湖北恩捷新材料于2021年12月成立，注册资本16亿元，原本由上海恩捷新材料持股55%、亿纬锂能持股45%，规划建设16条湿法隔膜全自动生产线，年产能16亿平方米湿法基膜及与之产能匹配的涂布膜，项目总投资52亿元。产线2022年8月动工，2023年8月底首条在线涂布一体化产线贯通，2024年8月16条线全线贯通。国信证券日前研报分析，恩捷股份隔膜领先地位稳固，积极推进产能建设与整合提升供应能力。2026年5月，公司公告拟投资40亿元在自贡建设50亿平锂电隔膜项目。同月，公司公告拟以4亿元收购江苏爱思开100%股权；该公司目前具有8条基膜产线、设计总产能为9.4亿平，并配有10条涂覆产线。浙江·宁波2026年11月13日电容炭研讨会城市轨道/AI数据中心备电600元/人：含2顿自助，1次晚宴0元参会：免费参加，无用餐企业+学术大咖报告请扫码报名会议背景WEEKLY NEWS目前国产电容炭在工艺稳定性、成本控制、场景化适配方面仍存在不少产业化难题，地铁、AI 数据中心的材料选型标准也有待完善。为打通电容炭‑超级电容器‑终端应用产业链，解决产业痛点，特举办本次2026 高性能电容炭材料技术研讨会。2026年11月13 日，研讨会将于浙江宁波举办。本届会议由材能时代主办，以 “工艺迭代・国产突围，面向轨道交通与 AI 算力备电的电容炭产业化” 为核心宗旨，聚焦轨道交通、AI 数据中心两大应用场景，破解材料器件匹配难题，推动国产电容炭产业高质量发展。城市轨道、AI 数据中心两大应用场景快速发展，带动超级电容器需求快速增长。轨道交通场景中超级电容器应用于制动能量回收、信号系统应急备电时，需高倍率充放电、长循环、高可靠，对电容炭孔隙结构、杂质、批次一致性要求高AI 数据中心备电场景中GPU 瞬时功率波动大，传统 UPS 存在短板，超级电容器可毫秒级应急供电、缓冲功率，保障算力设备稳定，该场景对电容炭高温稳定性、低自放电、长寿命要求严苛。会议组织主办单位材能时代晚宴冠名单位征集中...协办单位东莞市志远高热机械科技有限公司山东圣泉新能源科技有限公司青岛正望新材料股份有限公司丹东百特仪器有限公司理化联科(北京)仪器科技有限公司广州森波化工科技有限公司深圳市美格真空科技有限公司中建材（陕西）新材料装备有限公司参展单位：青岛优明科粉体机械有限公司贝士德仪器科技(北京)有限公司潍坊追日磁电科技有限公司江苏浦士达环保科技股份有限公司合肥霏润智能装备制造有限公司征集中... 会议招商 ▼ 多种宣传方式可进行选择，有需求请联系会务组报名费用及收款账户WEEKLY NEWS账户信息：账户名称：沈阳材赋数字科技有限公司 开户行：中国工商银行股份有限公司沈阳奥体中心支行 税 号：91210112MAD6FW3JXM 账 号：3301012909000139962 银行行号：102221001295汇款用途 ：会议费或技术服务费开票注意事项：如果需要增值税专用发票， 请提供单位名称 、税号 、地址 、 电话 、 开户行 、账号接受邮箱:caineng9959@163.com会务组联系方式参会 、参展 、 宣传及赞助事宜联 系 人： 赵丽联系电话： ***********（微信同号）邮箱 ：caineng9959@163.com联系人：刘冬华联系电话： ***********（微信同号）邮箱 ：caineng3000@163.com不喜欢11月13日，免费参加宁波电容炭会议",,,,pending
SOFC 用于 AI 数据中心：材料耐久性、系统可靠性与现场稳定电力综述,SOFC-SOEC-氢能技术,SOFC-SOEC-氢能技术,"21C API, UPS, 供电, 可靠性, 签约, 并网, 爬坡",normal,2026-09-27T12:46:02+08:00,,"这期换一篇综述，也是这个系列里视角最""出圈""的一篇：韩国檀国大学 Jaesung Kim 发表在《Processes》上的长篇评述，讨论的不是某个电极或某种掺杂，而是一个系统性问题——SOFC 能否成为 AI 数据中心的现场稳定电力？AI 数据中心的负荷增长速度，已经超过了输电线路、变电站和并网审批的扩容速度。IEA 预测 2030 年全球数据中心用电约 945 TWh；LBNL 估计美国 2028 年达 325–580 TWh。于是""发电够不够""变成了""电送不送得到""——甲骨文宣布可采购至多 2.8 GW Bloom 燃料电池系统（初期签约 1.2 GW），Project Jupiter 规",http://mp.weixin.qq.com/s?__biz=Mzg2MjYwMjM0MQ==&mid=2247488915&idx=1&sn=c281a75a584a50049b4e5dd5234f6587,,"这期换一篇综述，也是这个系列里视角最""出圈""的一篇：韩国檀国大学 Jaesung Kim 发表在《Processes》上的长篇评述，讨论的不是某个电极或某种掺杂，而是一个系统性问题——SOFC 能否成为 AI 数据中心的现场稳定电力？AI 数据中心的负荷增长速度，已经超过了输电线路、变电站和并网审批的扩容速度。IEA 预测 2030 年全球数据中心用电约 945 TWh；LBNL 估计美国 2028 年达 325–580 TWh。于是""发电够不够""变成了""电送不送得到""——甲骨文宣布可采购至多 2.8 GW Bloom 燃料电池系统（初期签约 1.2 GW），Project Jupiter 规划至多 2.45 GW。现场电源，从边缘选项变成了产业现实。01作者的核心框架：""过渡资产""还是""长期资产""这篇综述最有价值的是一副清醒的头脑。作者提出的第一个分析框架就很不客气：SOFC 的经济性论证必须拆成两部分——""避免并网延迟的临时价值""（过渡资产）和""效率/耐久性/排放的内在价值""（长期资产）。如果 SOFC 只在前者成立时才划算，那它就是电网扩容完成前的""临时工""；要证明自己是""长期资产""，必须在电网容量到位后依然有竞争力。支撑论证的还有几个实用框架：负荷匹配逻辑：SOFC 适合高容量因子稳态基荷，不适合快速调频——必须与电池/UPS 组成混合架构，电池管暂态与故障穿越，SOFC 在爬坡率与燃料利用率限制内稳态运行（典型启动时间 2–6 h）；耐久性四分类：电极/界面降解（Ni 粗化、Sr 偏析、二次相）→ 化学降解（硫中毒、Cr 中毒、积碳）→ 热机械/运行降解（热循环、氧化还原）→ 电堆/电站级降解（电池间不均一、密封劣化、BOP 故障），且各机制相互耦合；指标体系切换：数据中心供电不看功率密度和 ASR，看净 AC 效率、退化修正效率、可用容量、强迫停运率、MTBF/MTTR、模块更换时间——材料研究者熟悉的指标在这里几乎全部失效。02关键数字速览（多为综述引述文献数据，引用请注明间接来源）商业 SOFC 系统净电效率约 50–60%；固定式应用寿命目标约 40,000–60,000 h（功率损失 这期换一篇综述，也是这个系列里视角最\x26quot;出圈\x26quot;的一篇：韩国檀国大学 Jaesung Kim 发表在《Proces",,,,pending
重庆市市长调研赛力斯,科创板日报,科创板日报,"21C API, 交付, 政策, 新产品",normal,2026-09-27T12:35:56+08:00,,近日，重庆市委副书记、市长陈新武在赛力斯集团调研时强调，要深入贯彻习近平总书记视察重庆重要讲话重要指示精神，认真落实全国先进制造业大会精神，按照市委部署，聚焦智能化、绿色化、融合化方向，以创新引领发展，以品质铸就品牌，以管理提升效益，政企协同推动赛力斯高质量发展，为智能网联新能源汽车之都建设注入新动能。陈新武来到企业，参观新车型、智能机器人等新产品，察看赛力斯产业大脑，同企业负责人和技术研发人员交谈，询问智能制造、研发设计、产品性能、市场销售等情况，对企业创新发展取得的成绩给予肯定。调研中，陈新武指出，赛力斯是一家科技型创新型企业，要以创新引领发展，集聚行业高层次人才，加大研发投入力度，强化关,http://mp.weixin.qq.com/s?__biz=Mzg4MTEyNzc4Mg==&mid=2247647807&idx=1&sn=112a1790bdf4cc3a894a64cc7e33cb89,,近日，重庆市委副书记、市长陈新武在赛力斯集团调研时强调，要深入贯彻习近平总书记视察重庆重要讲话重要指示精神，认真落实全国先进制造业大会精神，按照市委部署，聚焦智能化、绿色化、融合化方向，以创新引领发展，以品质铸就品牌，以管理提升效益，政企协同推动赛力斯高质量发展，为智能网联新能源汽车之都建设注入新动能。陈新武来到企业，参观新车型、智能机器人等新产品，察看赛力斯产业大脑，同企业负责人和技术研发人员交谈，询问智能制造、研发设计、产品性能、市场销售等情况，对企业创新发展取得的成绩给予肯定。调研中，陈新武指出，赛力斯是一家科技型创新型企业，要以创新引领发展，集聚行业高层次人才，加大研发投入力度，强化关键核心技术攻关，深化以AI驱动技术和产品升级，持续提升技术创新能力和核心竞争力。要以品质铸就品牌，强化产品全生命周期质量管理，进一步完善产品谱系，增强各细分市场竞争优势，构建差异化、定制化、多元化服务体系，加强品牌文化建设，不断提升品牌价值、影响力和美誉度。要以管理提升效益，依托产业大脑增强运营效率、管理效能，推动产业链供应链数字化协同升级和数据共享互通，构建从需求到交付高效闭环，进一步挖掘市场潜力，优化营销策略，拓展国内外市场，努力打造一流企业。陈新武强调，重庆市级有关部门和区县要强化协同联动，构建常态长效服务企业机制，优化研发创新、人才引育、汽车消费等方面政策供给，尽心尽力帮助企业解决实际困难，推动企业抢抓机遇跨越发展。,,,,pending
不止电催化！原位拉曼在电池领域的 3 个硬核应用,能源技术情报,能源技术情报,"21C API, 新材料, 碳, 隔膜, 聚合物, 高比能, 硅, 前沿表征, 原位, 新型电池, 空气电池, 电化学合成, 电催化, 学术研究, 大学, 教授",normal,2026-09-27T12:33:44+08:00,,很多人对原位拉曼的印象停留在电催化机理研究，其实在储能电池领域，它同样是核心表征工具 —— 从电极材料的充放电机理，到电解质的动态演化，都能精准监测。今天盘点3 个顶刊应用，看看原位拉曼怎么赋能电池研究。联系技术经理马上测试甘老师192 4272 65531. 锂电池：Li2O的可逆形成和分解美国伊利诺伊理工学院Mohammad Asadi 和阿贡实验室Larry A. Curtiss等基于(i) SSE需要与PEO的分子结构相似，避免相分离; (ii) 在一定分子量范围内的高Li+转移数 ;(iii)合成SSE具有电化学稳定窗口和锂阳极稳定性的需求，在PEO-LiTFSI基质中与Li10Ge,http://mp.weixin.qq.com/s?__biz=MzkzNjIwODM3MA==&mid=2247549624&idx=1&sn=28b320c997e7ae32cc505dc177531499,,"很多人对原位拉曼的印象停留在电催化机理研究，其实在储能电池领域，它同样是核心表征工具 —— 从电极材料的充放电机理，到电解质的动态演化，都能精准监测。今天盘点3 个顶刊应用，看看原位拉曼怎么赋能电池研究。联系技术经理马上测试甘老师192 4272 65531. 锂电池：Li2O的可逆形成和分解美国伊利诺伊理工学院Mohammad Asadi 和阿贡实验室Larry A. Curtiss等基于(i) SSE需要与PEO的分子结构相似，避免相分离; (ii) 在一定分子量范围内的高Li+转移数 ;(iii)合成SSE具有电化学稳定窗口和锂阳极稳定性的需求，在PEO-LiTFSI基质中与Li10GeP2S12 (LGPS)纳米颗粒化学结合，使用硅烷偶联剂mPEO-TMS{3-[methoxy(polyethyleneoxy)6-9 propyl]trimethoxysilane}合成目标SSE，用于开发Li-O2电池。实验方法：原位拉曼光谱实验是使用 Horiba LabRAM HR Evo 共聚焦拉曼光谱仪进行的。使用 532 nm 激光源和 600 g/mm 光栅来探测样品。对采集时间、平均参数和激光功率等测量参数进行了优化，以提高光谱的信噪比。首先，将拉曼激光通过透明石英窗口（厚度为 0.2 mm）聚焦到工作电极表面。接着，通过将电池单元连接到电池分析仪，在 1 A/g 的电流密度下进行放电过程。测试结果分析：原位拉曼光谱实验进一步表征电池的化学性质，并识别放电产物。图1A显示在放电过程的前7.5 min后，出现了三个与LiO2、Li2O2和Li2O形成相关的新峰,表明所有这些物种都是在放电过程中形成的。比较了相对拉曼峰强度进一步了解放电过程中形成的Li物种之间的相互作用。放电1 h后，Li2O峰值强度不断增加(图1B)。相比Li2O2和LiO2峰值强度在初始时间间隔内逐渐增加，随后在放电过程的剩余时间内保持稳定。为了进一步量化放电过程中形成的产物，我们进行了滴定耦合紫外可见(UV-Vis)光谱实验，作为放电时间的函数。滴定结果(图1C)表明，在放电过程中，平均电子氧比(e-/O2)为3.96，这表明放电产物主要由Li2O组成，这是一个大约四电子转移的电化学反应。滴定实验中获得的测量的e-/O2比分别在放电和充电过程中通过进行原位和原位差分电化学质谱(DEMS)确认。非原位DEMS实验(图1C)发现放电过程中e-/O2比值为3.97，证实了在近四电子转移反应中放电产物为Li2O。充电过程原位DEMS实验(图1D)则表明固态锂空气电池单体的放电产物是可逆分解的，放电过程中没有LiOH和Li2CO3等物种的形成。XRD(图1E)没有发现Li2O2或LiO2峰，可能是因为: (i) 只有少量的沉积Li2O2和发现的LiO2紫外可见实验或(ii) 沉积物种非晶态。综上可以认定SSE电池倾向于近四电子反应化学，主要产物是Li2O的可逆形成和分解。图 1：放电产物分析参考文献:https://www.science.org/doi/10.1126/science.abq1347Alireza Kondori et al. A room temperature rechargeable Li2O-based lithium-air battery enabled by a solid electrolyte.Science 379, 499–505 (2023).DOI：10.1126/science.abq13472. 锂电池负极：Mo 簇化学键的可逆演化加州大学圣巴巴拉分校Anton Van der Ven教授团队提出LiScMo3O8 是一种含有三角形金属-金属键合 Mo 原子簇的化合物，可以作为锂离子电池的潜在负极材料。通过锂化过程嵌入的电子位于刚性Mo3 三角形（而不是单个金属离子上），从而导致原位衍射所显示的最小结构变化。不寻常的化学键允许该化合物与低于 +4 价态的 Mo 原子循环，从而产生适合阳极材料的电压范围。包括电位熵测量在内的几种表征方法表明存在两相区域，该现象通过广泛的第一性原理建模可归因于 Li+ 排序。这项对 LiScMo3O8的研究为稳定和可逆地允许 Li+嵌入/脱出的结构设计提供了宝贵的见解。实验方法：原位拉曼：原位拉曼测量是通过将激光聚焦在具有尼龙主体、不锈钢集流体和硼硅酸盐玻璃盖玻片窗口（0.17-0.25 mm 厚度）的定制光谱电化学电池中的阴极正面进行的。电池堆包含浆料浇铸电极、带有 3/32"" 孔的 Celgard 2400 隔膜、带有 5/32"" 孔的抛光锂箔阳极和 4 滴 (65.8 ± 0.78 mg) 的电解质。电解质的成分与循环实验所用的成分相同，稀释10 倍以产生 0.1 M LiPF6 以限制荧光干扰。以 3 秒的采集时间和 200 次连续累积收集光谱，同时在1.2 和 3 V 之间在 C/10 倍率下恒电流循环电池。在实验过程中，显微镜在第一个充电周期结束时重新聚焦一次。测试结果分析：图1 LiScMo3O8 在第一次恒电流循环期间以 C/20 循环速率进行的原位拉曼光谱。左图中显示了相应的充放电曲线，其中嵌入了0.48 Li+ 以形成 Li1.48ScMo3O8拉曼光谱使研究者能够探测与键合相关的晶体结构中的振动模式。研究者使用原位拉曼光谱来更好地了解LiScMo3O8 的晶体结构发生了什么变化，因为这些变化是微妙的，并且主要由 Mo 簇的键合决定。图1显示了在放电和充电期间作为 Li+ 含量函数的拉曼光谱。由于电池中的电化学未优化，嵌入的Li+ 量比预期的要少。尽管如此，研究者仍然能够获得关于锂化钼键合变化的重要见解。原位测量的初始光谱与非原位测量的光谱非常匹配，这证实了模式与活性材料有关。虽然很难准确地分配拉曼模式，但仍然可以使用包含 Mo 簇的类似系统的文献来解释数据。文献表明 370 cm-1 模式对应于 Mo 簇呼吸模式。在 0.1 Li+ 嵌入后，该峰移至较低的波数。随着 Li+ 的嵌入，电子开始填充 Mo 簇的更高能量的反键轨道。这将削弱 Mo-Mo 键并导致更软的拉伸，这是通过实验观察到的。随着电池充电和 Li+被移除，相同的峰值突然移回原始位置。添加 Li+ 会改变材料的局部对称性，从而导致不同的允许和禁止拉曼模式。然而，可以观察到 LiScMo3O8 和 LiZn2Mo3O8之间的相似模式，从而可以识别与 Mo3O13 分子单元相关的模式。尽管研究者无法分配所有新模式，但它们确实会恢复到在原始光谱中观察到的模式。原位拉曼则证实了Mo簇可在充放电过程中经历了可逆的结构演化，结合其他表征的发现阐明了LiScMo3O8的充放电机理，为其今后的结构和性能的研究提供了依据。参考文献：Kira E. Wyckoff et al.Metal−Metal Bonding as an ElectrodeDesign Principle in the Low-Strain Cluster Compound LiScMo3O8.JACS. 2022.DOI: 10.1021/jacs.1c12070https://doi.org/10.1021/jacs.1c120703. 电解质演化：空心光纤实现电池内原位监测剑桥大学TijmenG. Euser教授团队报导了一种原位光谱方法，该方法能够在具有石墨阳极和LiNi0.8Mn0.1Co0.1O2阴极的锂离子电池的电化学循环过程中监测碳酸盐基液体电解质的化学性质。通过在实验室级别的软包电池内嵌入空心光纤探针，我们通过无背景拉曼光谱证明了液体电解质物质的演化。光谱测量的分析揭示了碳酸盐溶剂和电解质添加剂的比例随电池电压的变化，并在跟踪锂离子溶剂化动力学方面表现出极大的潜力。原位电解质监测可以促进研究复杂的化学途径和实际电池中化学物质之间的串扰现象。一个关键的例子是在没有初始碳酸亚乙烯酯（VC）的样品中出现了亚乙烯基拉曼谱带，这表明虽然亚乙烯基物质在阳极被消耗，但它们也在循环过程中通过碳酸亚乙酯（EC）氧化产生。本工作所提出的操作方法有助于更好地理解当前锂离子电池的局限性，并为研究不同电化学储能系统中的降解机制拓展了前景。测试装置：图1 具有空心光纤耦合拉曼分析设备的锂离子软包电池在拉曼装置中（图 1a），10-15 厘米长的空芯光纤的近端被封装在一个定制的微流体单元中，允许光线和流体进入光纤（图 1b, c）。纤维的远端安装并密封在软包电池的电极之间。使用两层单层PE聚合物隔膜（MTI）来避免纤维和电极之间的直接接触（图1d）。简化的空芯光纤（图 1c）经过优化，可在充满电解质时引导拉曼泵浦光和信号波长范围内的光。光纤的 36 µm宽纤芯区域既可用作波导通道，又可用作微流体通道，其内部体积低至 30 nL/cm。自动注射泵用于根据需要从软包电池中取样和注入电解液。使用底部填充的 10x 0.3 NA 显微镜物镜将拉曼泵浦激光（785 nm 连续波，图 1a）发射到填充电解质的光纤芯中。拉曼信号沿光纤的长度产生，一部分以反向传播的光纤模式被捕获，并被引导回邻近的光纤端面。产生的拉曼光的 CCD 图像（图 1c 中的右侧图像）显示大部分拉曼光是在中空光纤芯内产生和引导的。每次光学测量后，电解质样品被注入回软包电池中。由于需要避免任何电池扰动，需要 22 分钟的单次采样间隔（在 C/10 C 速率下大约是完全放电时间的 4%）。定期重复采样以达到在较长时间内监测电解质的目的（典型的充电-放电形成周期需要超过 10 小时）。测试结果分析：图2 空心光纤中的在线拉曼测量。(a) 从光纤端面发出的拉曼光（左，图像比例尺为 50 µm）和光谱色散图像（右）; (b) 在连续样品渗透期间跟踪的拉曼光谱。红色虚线表示泵何时开启；t1-a表示样品流体到达纤芯的时间。白色虚线表示泵何时关闭，然后是样品注射器的开关。水平实线表示获取 c 中所示光谱的时间; (c) 得到不同溶剂混合物的光谱。与电池化学相关的突出显示的拉曼谱带是 893cm-1 处的碳酸亚乙酯呼吸模式（深红色虚线）、740 cm-1 处的 PF6 阴离子模式（绿色虚线）和以 1628 cm-1为中心的碳酸亚乙烯酯 -HC = CH- 谱带（不存在于这些溶液和光谱中）。阴影区域表示与锂溶剂化机制相关的1700-1850 cm-1 处的 EC 和 EMC 带, 插图 i 展示了由 IPA 的拉曼强度（819 cm-1）监测的样品交换时间和 EMC 骨架（~900 cm-1）模式（c中的箭头）。插图 ii 显示了1700-1850 cm-1 处的 EC 和 EMC 波段纤维芯内的动态交换和拉曼光谱首先在没有软包电池的情况下针对一系列电解质成分和典型溶剂进行了非原位测试（图 2）。光谱仪 CCD 记录近端面图像和光谱分散的光纤图像（图 2a）。在整个实验过程中，以每个光谱 20 秒的积分时间连续记录光谱。为了能够同时监测多个拉曼波段，我们在光谱范围、分辨率和信号强度之间进行了最佳权衡（图 2b）。最初，纤维填充有异丙醇 (IPA)，其拉曼光谱如图 2b-c 所示。更换注射器以交换样品，泵流速设置为 5 µL/min (0.083µL/s) 以渗入纤维芯。一旦拉曼信号稳定，注射泵就会关闭。样品交换后系统的流体稳定时间目前约为 400 秒（对应于约 33 µL 的流量，图 2c）。此处依次渗透到纤维中的样品是 IPA、碳酸甲乙酯 (EMC)、碳酸亚乙酯 (EC) 和 EMC 的 3:7 混合物，以及商用电池级液体电解质溶液 LP57（即 EC 中的 1.0 MLiPF：EMC 3:7 v/v）。对于每个样品，在 410和 2182 cm-1 之间获取相对宽带的拉曼光谱（图 2c）。拉曼光谱清晰显示了各种电解质成分特征。首先，在 LP57 电解质中可以清楚地看到 PF6-阴离子拉曼谱带在 740 cm-1 处的光谱位置。PF6- 峰在 ~720 cm-1处与 EC 骨架模式部分重叠。检测 PF6-很有意义，因为它的分解是基于一种发生在 NMC811 等富镍正极的表面的降解机制。此外，PF6- 很容易与电解质分解反应中产生的水发生反应。其次，893 cm-1 处的 EC 呼吸模式与分子的环结构完整性有关。最后，1700-1850 cm-1 之间的阴影（宽紫色）带对应于 EMC和 EC/VC 中羰基（C = O）键的拉曼峰，其光谱位置随锂离子溶剂化动力学而变化。此外，还标记了（弱）光谱带在 1628 cm-1（灰色虚线）处的预期位置，这是由于亚乙烯基–HC = CH 添加剂 VC 的振动。因此，通过在装置中使用低密度衍射光栅，我们可以同时监测许多重要的电解质成分。图3 循环过程中的电池电解质拉曼光谱演变。(a) 在 LiNi0.8Co0.1Mn0.1O2(NMC811) - 石墨锂离子软包电池的形成周期期间操作拉曼光谱，其电解质包含 LP57 + 2 wt.%VC。将电池恒流充电至 4.3 V，恒电位保持在 4.3 V，然后放电; (b) 拉曼光谱演化显示电池电解质的一系列拉曼模式中空纤维嵌入由 LiNi0.8Co0.1Mn0.1O2(NMC811) 阴极和石墨阳极组成的软包电池中，以监测其在循环期间电解质的化学变化。每个圆形电极的有效面积为1.54 cm2（直径 14 mm），并被一层聚合物隔膜覆盖。HC 纤维放置在两个分隔层之间，以保护电极表面免受纤维的机械损伤（图 1d）。将电池密封并填充 100 µL LP57，并添加 2 wt.% VC。尽管 HC 纤维在两个隔膜之间产生了微小的间距，但总电极表面与电解质的体积比 (~15 cm2/mL)仍然非常接近于研究环境中常规组装的软包电池。将电池恒流充电至 4.3 V，在 4.3 V 下恒电位保持 1 小时，最后以 C/10 (18.5 mA g-1NMC) 的循环速率放电至 3.5 V。为确保在纤维芯中进行完全的样品交换，每 22 分钟从电池中提取 24 µL 体积的微量样品（大约是内部纤维体积的 50 倍），通过纤维内拉曼光谱进行分析，然后重新注入软包电池。我们从EC分子从正极到负极的穿过隔膜的扩散时间（td）来监测电极过程。假设聚合物隔膜的曲折度为 2.5，液体扩散系数为 10-6 cm2/s，这导致分子从一个电极到另一个电极的扩散时间为 td = 445 s（~7 分钟）。与之前的实验一样，我们使用宽光谱窗口（640-2340 cm-1，粗光栅）同时跟踪一系列化学物质。在第一个电化学循环期间，拉曼光谱的演变被测量为电池电压（红色曲线）的函数，在此期间预计会由于 EEI 形成而发生许多化学变化（图 3a）。在 PF6-、EC 呼吸模式和 EMC 和 EC/VC 中的羰基 (C= O) 键的谱线中观察到清晰的特征，如图 2b 所示。此外，在~1628 cm-1 处检测到（弱）亚乙烯基-HC = CH-拉曼谱带。在整个循环过程中收集完整的拉曼光谱可以对电解质盐和溶剂及其相互作用进行详细分析。循环过程中碳酸酯溶剂的C=O拉伸模式相关的拉曼光谱变化，以及亚乙烯基-(C=C)双键浓度的变化等信号都可以由原位拉曼装置检测得到。对这些信号的获取和分析有助于研究电解质中的溶剂和盐成分在电池循环中的变化，揭示电池性能降解的机理，对开发长寿命的电池系统具有非常重要的意义。参考文献：Ermanno Miele et al.Hollow-core optical fibre sensors foroperando Raman spectroscopy investigation of Li-ion battery liquid electrolytes.Nat. Commun. 2022.DOI: 10.1038/s41467-022-29330-4https://www.nature.com/articles/s41467-022-29330-4*以上内容，如有误读和纰漏，敬请指正。原位红外丨原位拉曼丨同步辐射原位XPS丨原位XRD丨原位DEMS丨球差电镜丨FIB-TEM加急测试甘老师192 4272 6553www.micetech.cn不喜欢找原位拉曼测试？认准米测MeLab，一站式服务更省心～",,,,pending
蒸熟的螃蟹身上，像鸡蛋白一样的固体是什么？能吃吗？,科技日报,科技日报,21C API,normal,2026-09-27T12:33:07+08:00,,蒸好的螃蟹一端上桌，很多人第一眼看到的不是金灿灿的蟹黄，而是壳缝、蟹脚关节处一坨一坨、像鸡蛋白一样的白色固体，这玩意儿能吃吗？是脏东西，还是只是长得有点欠考虑的“正经蛋白”？今天我们就来聊聊，让大家吃个明白，吃个放心。图片来源：视觉中国大闸蟹的全身“食用说明”爱吃归爱吃，吃得明明白白的人却不多。大多数人只是跟着代代相传的吃蟹步骤按部就班，其实并不清楚自己口中的珍馐究竟是大闸蟹的什么部位。1. 蟹肠吃虾的时候很多人都有去虾线的习惯，却鲜有人知道大闸蟹的肠子在哪里，它也因此得了一个“无肠公子”的称呼。但其实大闸蟹也是有肠子的，蟹肠可以分为中肠和后肠两部分。中肠很短，后肠较长，位置较隐蔽，在蟹腹部肚,http://mp.weixin.qq.com/s?__biz=MzI3NDI5MjI4OQ==&mid=2247899744&idx=1&sn=45db50a057951127f4519adf644a11dc,,蒸好的螃蟹一端上桌，很多人第一眼看到的不是金灿灿的蟹黄，而是壳缝、蟹脚关节处一坨一坨、像鸡蛋白一样的白色固体，这玩意儿能吃吗？是脏东西，还是只是长得有点欠考虑的“正经蛋白”？今天我们就来聊聊，让大家吃个明白，吃个放心。图片来源：视觉中国大闸蟹的全身“食用说明”爱吃归爱吃，吃得明明白白的人却不多。大多数人只是跟着代代相传的吃蟹步骤按部就班，其实并不清楚自己口中的珍馐究竟是大闸蟹的什么部位。1. 蟹肠吃虾的时候很多人都有去虾线的习惯，却鲜有人知道大闸蟹的肠子在哪里，它也因此得了一个“无肠公子”的称呼。但其实大闸蟹也是有肠子的，蟹肠可以分为中肠和后肠两部分。中肠很短，后肠较长，位置较隐蔽，在蟹腹部肚脐处，当你掰下蟹脐时看到黑色的线状结构，其实就是蟹肠。蟹肠中会残留有蟹的排泄物，所以不可食用。蟹肠位置示意。葛致远 摄除此以外，蟹腮、蟹胃也是藏污纳垢的重灾区，不建议食用。2. 鸡蛋白一样的固体大闸蟹在煮熟后，身上会出现一些白色的像鸡蛋白一样的固体，其实这些白色固体的源头是大闸蟹的血液。葛致远 摄和我们人类依靠血红蛋白来运送氧气不同，大闸蟹靠的是血液中含铜的血蓝蛋白，所以大闸蟹活着时它的血液接近无色，或带有一丝淡淡的蓝灰色。而当它被煮熟后，血液中的蛋白质因高温而发生变性凝固，就成了我们看到的这一坨坨白色固体。食用它们并不会对人体造成什么影响，但它们口味寡淡，也没什么口感可言，实在是和“美味”沾不上边。3. 蟹黄蟹膏说到“美味”，一只蟹的精华无疑就是它的蟹黄蟹膏，那这些又是蟹的什么部位呢？首先来说蟹黄，我们所说的蟹黄其实是个泛称，通常指的是蟹煮熟打开蟹盖后见到的黄色物质，有“软黄”、“硬黄”之分，分别来源于不同的器官。所谓“软黄”其实是蟹的肝胰腺，也就是蟹的消化器官，具有生产消化酶、吸收消化食物等功能，类似我们人类肝脏和胰脏的集合体。这也是为什么无论公蟹还是母蟹，都有“软黄”的原因。母蟹的“软黄”（下）和“硬黄”（上）。葛致远 摄由于肝胰腺富含不饱和脂肪酸和氨基酸，一经烹调，就会变成鲜美异常的“黄”，让人欲罢不能。但值得注意的是，由于肝胰腺也是重要的免疫解毒器官，如果蟹的生活环境中存在大量有毒有害物质，那它们将最终富集于此，因此，一定要买来自优质水体养殖的正规大闸蟹。至于橘红色的“硬黄”，则是成熟的卵巢，这才是母蟹独有的美味。待到母蟹产卵后，卵巢内的卵细胞变少，蟹黄也就过了它的最佳赏味期。但卵巢含有较高的胆固醇，对于高血压、高血脂的人来说，切莫贪嘴，浅尝辄止。而蟹膏，则是由公蟹的精囊等副性腺及其分泌物组成，煮熟后呈乳白色胶质状，糊嘴粘牙的口感是许多人的最爱。但公蟹的性腺成熟较母蟹更晚，所以也就有了“九雌十雄”、“九月团十月尖”的说法。肥美的蟹黄蟹膏。葛致远 摄你更爱吃蟹黄还是蟹膏？评论区聊聊来源：上海自然博物馆（作者：葛致远 上海自然博物馆展教中心 生物学博士）、科普中国（审核：刘雅丹 中国水产学会原秘书长助理、研究员，全国首席科学传播专家；何鑫 上海自然博物馆自然史研究中心 研究员）编辑：王曼茜审核：张爽,,,,pending
乔世璋院士/郝俊南团队：Chem. Soc. Rev.：超越钒体系——下一代水系液流电池的无机氧化还原体系,能源学人,能源学人,"21C API, 新材料, 碳, 隔膜, 聚合物, 高比能, 锂金属, 前沿表征, 原位, 长时储能, 液流电池, 电化学合成, 电催化, 钠离子电池, 学术研究, 大学, 教授, 科学院, 期刊",normal,2026-09-27T12:32:10+08:00,,【研究背景】随着风能、太阳能等间歇性可再生能源快速并网，能够支撑数小时乃至更长时间尺度的长时储能技术正成为新型电力系统的重要组成部分。水系氧化还原液流电池采用外置储液罐储存活性物质，并通过循环泵将电解液输送至电堆完成氧化还原反应，其能量容量主要由电解液体积和浓度决定，而输出功率主要取决于电堆规模，因此可以实现功率与能量的相对独立设计。与此同时，水系电解液具有较高安全性、较长循环寿命以及使用低成本活性物质的潜力，使液流电池成为长时储能的重要候选技术。目前，全钒液流电池是技术成熟度最高的液流电池体系，并已经实现一定规模的商业部署。然而，钒资源价格较高且波动明显，其供应又受到资源地域分布和钢铁工业副,http://mp.weixin.qq.com/s?__biz=MzUzOTUzMDYxNw==&mid=2247910432&idx=1&sn=89e28ae4cf131cc2780decd6d1c17fca,,"【研究背景】随着风能、太阳能等间歇性可再生能源快速并网，能够支撑数小时乃至更长时间尺度的长时储能技术正成为新型电力系统的重要组成部分。水系氧化还原液流电池采用外置储液罐储存活性物质，并通过循环泵将电解液输送至电堆完成氧化还原反应，其能量容量主要由电解液体积和浓度决定，而输出功率主要取决于电堆规模，因此可以实现功率与能量的相对独立设计。与此同时，水系电解液具有较高安全性、较长循环寿命以及使用低成本活性物质的潜力，使液流电池成为长时储能的重要候选技术。目前，全钒液流电池是技术成熟度最高的液流电池体系，并已经实现一定规模的商业部署。然而，钒资源价格较高且波动明显，其供应又受到资源地域分布和钢铁工业副产路径的影响，因此进一步降低储能系统成本需要发展更加丰富的活性物质体系。除有机分子外，以Zn、Fe、S等为代表的无机活性物质具有原料来源广、化学稳定性高、电解液制备相对简单以及较高实际浓度等特点，而且多数体系可以在空气环境下运行，在大规模储能中具有明显的工程优势。然而，与已经形成较系统研究框架的全钒和有机液流电池不同，非钒无机液流电池涉及的氧化还原化学高度分散。不同体系分别受到枝晶、析氢、活性物种穿梭、沉积/溶解、歧化、配体稳定性以及价态依赖溶解度等问题限制，而且研究中使用的浓度、电流密度、面积容量和评价方法差异较大，使不同化学体系之间难以直接比较。因此，亟需从统一视角重新梳理不同无机氧化还原体系的性能边界、关键限制因素、解决策略及技术成熟度。【工作简介】针对上述问题，阿德莱德大学乔世璋院士、郝俊南团队在 Chemical Society Reviews 发表题为“Beyond vanadium: inorganic redox chemistries for next-generation aqueous flow batteries”的综述文章。该综述并非简单按照材料种类罗列研究进展，而是建立了一套面向水系液流电池的跨体系比较框架，系统讨论锌、硫、铬、溴、碘、锰、铁、多金属氧酸盐以及其他新兴无机氧化还原体系。作者首先从氧化还原电位、实际可达到的活性物质浓度、电化学稳定性、反应动力学与可逆性以及跨膜穿梭等关键参数出发，对不同无机氧化还原电对建立统一评价标准；随后按照负极活性物质、正极活性物质、双极性活性物质以及其他新兴无机体系进行分类，重点分析每一种化学体系的主要失效机制及相应调控策略。与单纯总结实验室性能不同，该综述进一步将材料化学与工程尺度相联系，对不同技术路线的示范应用和发展阶段进行了比较，并从膜、电极、电解液、配体以及系统工程五个层面提炼了非钒无机液流电池进一步规模化面临的共性问题。该论文由陈倩如博士和王伟共同第一作者，郝俊南博士和乔世璋院士担任通讯作者，于2026年9月16日在线发表于 Chemical Society Reviews。【内容表述】3.1 负极无机化学：从Zn沉积到多硫化物和Cr氧化还原锌具有资源丰富、成本较低以及较低氧化还原电位等优势，是目前非钒液流电池中研究最广泛的负极化学之一。在酸性/近中性条件下主要采用Zn2+/Zn反应，而在碱性环境中则可采用Zn(OH)42-/Zn反应。较低的平衡电位使锌能够与多种高电位正极电对组合获得较高电池电压，但其实际性能受到枝晶生长、析氢副反应以及有限面积沉积容量的共同限制。针对锌沉积问题，现有调控可归纳为三个层级：通过电解液添加剂调节界面电场、成核行为和Zn²⁺溶剂化环境；通过亲锌位点和三维多孔结构重新分配沉积位置；以及利用膜结构调节离子通量并抑制枝晶刺穿。进一步提高面积容量则需要突破传统“电极表面沉积”的空间限制，例如采用高孔隙率电极、浆料电极、液态金属合金化以及氧化还原介体回收“dead Zn”等方法。综述指出，对于锌基体系而言，未来重点不只是单独抑制枝晶或析氢，而是需要同时控制溶剂化、界面动力学和沉积形貌。图 1｜锌基液流电池的反应机制、关键问题与调控策略与锌不同，多硫化物负极具有极低原料成本和较高理论容量，但S–S键断裂导致还原动力学缓慢，同时带负电的多硫化物容易发生跨膜迁移。现有研究主要通过Co、Ni基催化剂加速多硫化物转化，通过FMN等氧化还原介体改变电子传递路径，以及通过高选择性膜降低多硫化物穿梭。例如，具有电荷强化效应的CRIS膜同时利用碳材料对多硫化物的吸附和疏水聚合物降低膜溶胀，使体系在2100 h运行后仍保持99.51%的容量。与此同时，5 kW/20 kWh多硫化物–铁液流电池已经完成并网示范，说明该体系正在从基础研究向工程验证推进。铬基化学则主要应用于Fe–Cr液流电池。其核心瓶颈是Cr2+/Cr3+反应动力学缓慢以及酸性介质中严重的析氢竞争反应。通过混合电解液、再平衡单元以及Bi等选择性催化材料，可以在一定程度上改善Cr反应动力学并抑制析氢，但催化材料成本、长期稳定性以及电解液老化仍是规模化设计必须考虑的问题。图 2｜多硫化物与铬基液流电池的主要挑战及研究进展3.2 正极无机化学：Br、I与Mn的高电位化学Br2/Br⁻电对具有较高氧化还原电位，是Zn–Br2等高电压液流电池的重要正极体系。其主要问题来自多溴离子穿梭以及较慢的Br2/Br⁻界面反应动力学。溴络合剂（bromine complexing agents, BCAs）可以通过形成多溴络合物降低游离Br2浓度和蒸气压，但“结合能力—离子电导率—流动性”之间存在明显权衡。疏水性过强虽然有利于固定溴物种，却容易形成独立有机相并降低界面传质，因此近年来的研究开始转向亲水性、多功能BCA以及BCA与电极/膜一体化设计。从工程化程度看，Zn–Br2已经形成多个示范案例，例如Redflow曾部署MWh级Zn–Br2液流电池系统。这说明溴基化学的主要任务已经逐渐从“证明可行”转向进一步降低极化、优化络合剂设计和提高长期系统可靠性。图 3｜溴、碘及锰基液流电池中的主要问题与调控策略碘基液流电池具有反应可逆性较好、碘化物溶解度较高等特点，但存在三个彼此关联的问题：多碘离子跨膜导致自放电，固态I2沉积导致电极钝化，以及常规I⁻/I3-反应无法完全利用全部碘容量。针对这些问题，研究者分别发展了淀粉尺寸排阻、两性离子型捕获剂、催化电极以及卤素/拟卤素络合等策略。其中Cl⁻、Br⁻和SCN⁻能够进一步稳定高氧化态碘物种，使I3-继续向更高价态转化，从而提高容量利用率；已有体系实现约101 Wh L-1的能量密度，但长期稳定性仍有待改善。锰体系则体现出更复杂的价态和相变行为。根据电解液环境，可以形成Mn2+/Mn3+液–液反应、Mn2+/MnO2液–固反应以及MnO4-/MnO42-液–液反应。Mn2+/Mn3+具有高电位优势，但Mn3+容易歧化生成MnO2；Mn2+/MnO2具有两电子容量优势，却受到沉积剥离、面积容量和强pH依赖性的制约；高价锰酸盐体系则面临强氧化性、歧化以及电池部件腐蚀问题。配体稳定化、金属离子添加、表面结构调控以及I⁻/I3-等氧化还原介体均被用于改善其可逆性，其中介体策略已经能够显著促进残余MnO2的完全溶解并提高面积容量。3.3 铁基双极性氧化还原化学：从沉积型到全可溶体系图4｜铁基液流电池的关键问题及解决策略铁具有资源丰富、安全性较高和成本低等优势，同时具有Fe0/Fe2+和Fe2+/Fe3+两组氧化还原电对，因此既可以作为负极活性物质，也可以作为正极活性物质。这使铁能够构筑全铁、Zn–Fe、Cr–Fe、V–Fe和S–Fe等多种液流电池，其中全铁体系尤其受到关注。传统沉积型全铁液流电池使用Fe0/Fe2+作为负极反应、Fe2+/Fe3+作为正极反应，其核心矛盾来自两个半电池不同的pH需求：Fe3+侧需要足够酸性以防止Fe(OH)3水解，而过强酸性又会显著促进负极析氢。围绕这一问题，添加剂、气体再平衡以及电解液管理被用于恢复系统荷电状态和平衡两侧电解液。进一步的策略是利用有机配体调控Fe2+/Fe3+电位，从而构建全可溶全铁液流电池。配体不仅可以调节氧化还原电位，还能够影响溶解度、配位稳定性和膜穿透行为。例如，通过对TEA配体进行磺酸化得到TEA–2S，可将溶解度提高至1.85 M，同时降低膜渗透并增强Fe配合物稳定性，相应体系在2000次循环中实现99.93%的库仑效率和83.5%的能量效率。另一方面，这也揭示了配体化学的另一面：配体解离、配体自身降解以及配合物跨膜会形成新的失效路径，因此“高溶解度”并不能单独作为筛选配体的依据。目前，铁基液流电池已经出现多种MW级示范项目，是非钒体系中工程成熟度相对较高的一类化学路线。3.4 多金属氧酸盐及其他无机氧化还原体系多金属氧酸盐是一类由高价过渡金属–氧簇构成的无机分子，典型结构包括Lindqvist、Keggin和Dawson型。与常规单一金属离子不同，POM可以在同一分子骨架内进行多电子氧化还原，并通过改变中心原子、框架金属和取代结构调控氧化还原电位，因此为高容量、多电子液流电池提供了独特的分子设计平台。图5｜POM及其他无机活性物质在液流电池中的结构与反应化学近年来POM体系已经从早期低浓度、低电流密度验证逐渐发展到多电子和质子耦合体系。部分POM能够在充放电过程中同时发生多电子转移和质子捕获/释放，从而扩大可利用的水系电位窗口。但这一优势同样伴随明显限制：POM合成通常较复杂，高浓度下电解液黏度迅速增加并造成泵功和传质损失，部分体系需要脱氧环境，此外还存在原子利用效率、长期配位稳定性和低成本膜适配问题。因此，POM仍主要处于实验室研究阶段。除POM外，Ce、Pb和Sn等无机氧化还原体系也表现出不同特征。例如Ce4+/Ce3+具有很高正极电位，但受到低溶解度、析氧及强氧化环境下电极稳定性的限制；全铅液流电池可采用单一电解液和无膜结构，但Pb枝晶以及PbO2沉积/溶解动力学仍是问题；Sn沉积由于较低的表面能各向异性，在理论上具有比Zn更弱的枝晶倾向，但部分体系需要较高温度维持反应动力学。总体而言，这些体系进一步扩展了非钒液流电池的化学空间，但其技术成熟度仍明显低于Zn–Br2和铁基路线。3.5 从材料性能走向工程应用：五个跨体系共性问题通过比较不同无机液流电池体系，作者进一步指出，限制非钒化学规模化的因素并非彼此孤立，而是在膜、电极、电解液和系统尺度上高度耦合。首先是膜的“选择性—电导率”矛盾。许多无机离子水合半径较小，容易穿过隔膜，而提高膜选择性通常又会牺牲离子电导率。因此，需要进一步解析离子的水合尺寸、去溶剂化行为以及离子–通道相互作用，从分子尺度实现精准筛分。其次是电极结构。高面积沉积容量和高电流密度同时要求电极具有足够多的反应位点、连续的电子通路和高效的质量传递路径，而且这些结构还必须由低成本、资源丰富的材料构建，并维持长期机械和化学稳定性。第三个经常被低估的问题是不同氧化态下的溶解度差异。许多无机盐并不存在一个固定的“溶解度”，而是在充放电过程中随价态和配位环境发生改变。某一个价态出现沉淀，就会迫使实际工作浓度远低于理论溶解度。因此，未来需要结合热力学和物种分布分析，通过对离子、支持电解质和添加剂进行系统设计，提高全SOC范围内的相稳定性。第四是配体化学。配体能够调控电位、加速动力学、抑制水分解并提高溶解度，但同时可能产生金属–配体解离、配体降解和跨膜等新的耦合失效机制。因此，需要更多原位和操作态表征手段直接追踪长期循环中的配位结构演化。最后是系统级成熟度。相比实验室纽扣或小型流动电池，实际储能系统需要回答多年度寿命、部件更换频率、电解液维护、制造标准以及退役回收等问题，并进行严格的技术经济分析。综述认为，目前Zn–Br2和铁基体系已经出现较多示范项目，而硫、锰以及POM等体系仍主要处于较早的发展阶段。3.6 核心结论该综述构建了一幅“超越钒体系”的水系液流电池无机化学全景图。其核心价值并不在于单独比较哪一种材料能够获得最高容量或最长循环，而是建立从氧化还原物种本征性质，到溶剂化与配位结构，再到电极反应、膜传输和系统工程的连续分析框架。不同无机化学虽然面临的表面问题各不相同。Zn表现为枝晶和析氢，S表现为S–S键动力学和穿梭，Br/I表现为多卤物种迁移和界面反应，Mn表现为歧化和相变，Fe表现为pH与配位稳定性，POM表现为黏度和多电子结构稳定性。但这些问题最终都指向几个共同的基础变量：离子传输、溶剂化、配位、界面动力学以及物种在不同SOC下的热力学稳定性。因此，下一阶段非钒水系液流电池的发展需要从以“新材料发现”为核心的研究范式，进一步转向材料化学、原位表征、膜与电极工程、规模化制造以及技术经济评价的协同设计。只有在真实工作浓度、高电流密度、高面积容量以及长期运行条件下进行标准化比较，实验室性能优势才能进一步转化为面向电网长时储能的系统优势。【文献详情】Qianru Chen, Wei Wang, Zhihao Tian, Junnan Hao*, Shi-Zhang Qiao*, “Beyond vanadium: inorganic redox chemistries for next-generation aqueous flow batteries”, Chemical Society Reviews, 2026, DOI: 10.1039/d6cs00279j. 【作者简介】郝俊南博士，阿德莱德大学高级讲师，他于2020年在澳大利亚卧龙岗大学（University of Wollongong）获得博士学位。毕业后加入阿德莱德大学乔世璋院士团队，目前为高级讲师。他已在国际知名期刊上发表了100篇学术论文，其中包括30余篇ESI高被引论文，引用超18,000次，h指数为68（Google Scholar）。他的研究兴趣主要集中在能源储存与转换领域，包括水系锌离子电池、锂离子电池以及柔性储能设备。他已获得多个荣誉与资助，包括科睿唯安高被引科学家、斯坦福大学全球前2%科学家、JMCA新锐科学家、澳大利亚电池协会“能源复兴创新者”奖、ARC DECRA项目资助以及澳大利亚同步辐射中心（AINSE）“优秀青年奖”等。乔世璋教授，澳大利亚科学院及工程院双院院士，现任澳大利亚阿德莱德大学化工学院纳米技术首席教授，能源与催化材料中心（Centre for Materials in Energy and Catalysis）主任，澳洲ARC电池回收中心（ARC Training Centre for Battery Recycling）主任，主要从事新能源技术纳米材料领域的研究，包括电催化、电池、光催化等。作为通讯作者，在国际顶级期刊发表学术论文超过600篇，引用超170,000次，h指数为211（Google Scholar）。乔世璋教授已获得多项重要奖励与荣誉，包括2023年澳大利亚研究理事会工业界桂冠学者（ARC Australian Industry Laureate Fellow）、2021年南澳年度科学家奖、2017年澳大利亚研究理事会桂冠学者（ARC Australian Laureate Fellow）、2016年埃克森美孚奖、以及澳大利亚研究理事会杰出研究者奖（DORA）。乔教授是国际化学工程师学会会士、澳大利亚皇家化学会会士、英国皇家化学会会士等。同时，他担任国际刊物英国皇家化学会杂志EES Catalysis的主编，也是科睿唯安（Clarivate Analytics）/汤姆森路透（Thomson Reuters）化学，材料科学以及环境与生态学三个领域的高被引科学家。【招聘方向】1. 静态水系电池方向水系液流，以及水系其他电对体系2. 液流电池方向水系锌基液流，以及其他液流体系【招聘要求】博士生入学要求：1. 已/即将获得材料类，物理类，化学类，或者化工类优秀硕士学位毕业生，985、211 院校毕业生优先考虑；2. 第一作者在知名英语杂志上发表过学术论文；3. 英语成绩达到阿德莱德大学入学标准：雅思成绩：平均6.5，其中听（6.0）说（6.0）读（6.0）写（6.0）or托福ibt：总分79，其中听（13）说（18）读（13）写（21）【科研支持】课题组优势：经费充足、产业化合作紧密。【奖学金情况】有多种奖学金可选（每年36500 澳元无需付税）：澳大利亚国家奖学金阿德莱德大学奖学金项目经费直接支持的奖学金【联系方式】请将个人简历发送给郝俊南博士邮件：junnan.hao@adelaide.edu.au【王春生】今日Science：锂金属电池2026-09-25厦大-宁德时代：富锂层状氧化物正极高温存储的深度认识2026-09-25ESM | 超薄原位聚合复合聚合物电解质助力高能量锂金属电池2026-09-25厦门大学董全峰团队Angew：突破被动物理保护范式！表面键合的分子集成主动重构钴酸锂本征界面实现4.6V超长循环2026-09-25江汉大学梁济元ACS Energy Letters：胆碱阳离子调控界面电荷与双电层结构，实现低极化水系锌硫电池2026-09-25新疆大学吴冬玲Angew.: DES介导“提取-聚合-碳化”一体化策略构筑煤焦油酚衍生多孔碳2026-09-25北化/延大徐斌教授&贵州民大孙宁教授EES：非对称界面激活策略突破醚基电解液电压上限，助力高比能钠离子电池2026-09-25ACS Energy Letters-高镍正极退化过程中锂含量的非单调演变及锂分布的尺寸依赖性2026-09-24重庆大学李猛仿生能源：仿生矿化策略的碳封存2026-09-24苏州科技大学李长明/张恒：电子传输层活化高熵氧化物/碳加速钠硫电池中的多硫化物转化2026-09-24不喜欢能源学人，打造有影响力的能源科技服务平台！",,,,pending
牛津团队EnSM：聚焦无溶剂干电极回弹性问题,能源学人,能源学人,"21C API, 新材料, 碳, 粘结剂, 聚合物, 高比能, 锂金属, 前沿表征, 原位, 固态电池, 钠离子电池, 学术研究, 大学, 教授, 研究所, 期刊",normal,2026-09-27T12:32:10+08:00,,"【研究背景】商业化锂离子电池电极长期以浆料涂布为主，但湿法工艺需使用NMP等有毒溶剂，并配套高温干燥与溶剂回收，干燥及回收环节能耗可占电芯制造总能耗的较高比例，且存在环保与成本双重压力。无溶剂（干法）电极通过PTFE高剪切纤维化形成“原纤网络”，将活性物质“编织”成自支撑膜，可省去溶剂、涂布干燥与回收工序，被视为下一代卷对卷（R2R）锂电及固态电池电极的重要路线。但干法自由standing电极在辊压后会发生明显厚度恢复，即回弹（springback, SB）；若回弹不可控，极片厚度会超出商业±2 μm公差，良率难以达到98%以上。相较PVDF湿法电极“binder越多回弹越小”的规律，PTFE",http://mp.weixin.qq.com/s?__biz=MzUzOTUzMDYxNw==&mid=2247910432&idx=2&sn=5aebdbae172af2ec5d65cbb74e5c19f1,,"【研究背景】商业化锂离子电池电极长期以浆料涂布为主，但湿法工艺需使用NMP等有毒溶剂，并配套高温干燥与溶剂回收，干燥及回收环节能耗可占电芯制造总能耗的较高比例，且存在环保与成本双重压力。无溶剂（干法）电极通过PTFE高剪切纤维化形成“原纤网络”，将活性物质“编织”成自支撑膜，可省去溶剂、涂布干燥与回收工序，被视为下一代卷对卷（R2R）锂电及固态电池电极的重要路线。但干法自由standing电极在辊压后会发生明显厚度恢复，即回弹（springback, SB）；若回弹不可控，极片厚度会超出商业±2 μm公差，良率难以达到98%以上。相较PVDF湿法电极“binder越多回弹越小”的规律，PTFE纤维网呈黏弹性，粘结剂含量、辊温、辊速均会强烈改变回弹，机理长期缺乏定量描述。该工作正是围绕“PTFE 纤维网络如何控制压缩—恢复全过程”展开。【成果简介】针对这一关键科学问题，牛津大学材料系联合法拉第研究所、钻石光源，系统研究了PTFE基无溶剂石墨电极在辊压及单轴压缩下的力学响应与微观结构演化。核心发现是：PTFE含量从0.5 wt%增至5 wt%时，回弹从15%非线性升至44%，原因在于原纤网络相当于并联的“微弹簧”，储存了更多变形能；而将辊压温度从20℃提高到200℃，回弹从44%降至10%，因为升温促进了PTFE原纤化，使应力更容易通过链段运动耗散。作者还借助同步辐射XCT原位压缩，首次将力学三阶段与孔隙演化三阶段直接对应，并用广义Maxwell模型提取出两个弛豫时间，最终通过Deborah数外推工业辊速，解释了高速辊压必然加剧回弹的本质。该工作发表于顶级期刊《Energy Storage Materials》，题为:Understanding solvent-free electrode viscoelastic behaviour and its effect on springback in Li-ion battery manufacture.【研究内容】1.SEM/EDX揭示PTFE纤维网络是力学响应的核心载体要理解回弹，首先得知道是哪种结构在变形中储能。作者对比了1 wt%和5 wt% PTFE电极的微观形貌：低含量电极中，PTFE以细长原纤（最长约50 μm）连接石墨颗粒，形成稀疏但连续的弹性网络；而高含量电极中，原纤数量明显增多，但同时出现了大量未充分纤维化的PTFE“节点”团聚体。这些节点刚度较高、变形能力差，而原纤则兼具弹性和黏性。这一结构差异暗示：PTFE含量越高，可储存弹性应变能的“微弹簧”数量越多，回弹驱动力越强。正是这张原纤网络，而不是石墨颗粒本身，主导了后续压缩和回弹行为。图1.石墨电极压延表面的扫描电镜二次电子（SEI）图像2.动态辊缝与温度实验锁定关键变量在明确结构载体后，作者直接通过压力控制辊压机测量不同配方和温度下的实际回弹。图2c显示，PTFE含量从0.5 wt%升到5 wt%，电极进入辊缝后动态辊缝上抬量从6 μm增至18 μm，说明电极刚度显著上升；相应回弹从15%增至44%，且这种增长是非线性的，超过4 wt%后趋于饱和。图2e-f进一步表明，升温对高PTFE含量电极的回弹抑制非常明显：5 wt%电极在20℃时回弹为44%，而在200℃下仅剩10%。微观证据显示，200℃轧制后的纤维平均长度约为5 μm，远长于20℃时的约1 μm，说明升温提高了PTFE的纤维化程度，纤维网络由脆性节点主导转变为延性原纤主导，因而压缩时更容易发生滑移和塑性变形，而不是弹性储能。这一步将“结构特征”与“工艺参数”连接起来，确立了“温度是抑制回弹的有效杠杆”。图2. 压延过程中电极回弹示意图3.单轴压缩+PFM模型给出三阶段本构辊压实验只能得到最终回弹，无法获知极片在辊缝内经历了怎样的力学过程。为此，作者用双向辊压制得面内各向同性的电极盘，进行单轴压缩。所有配方均呈现三阶段应力-应变响应：Ⅰ近弹性线性区、Ⅱ塑性平台区、Ⅲ非线性密实区。更重要的是，PFM现象学泡沫模型能够完整拟合这些曲线，并将材料行为参数化为弹性模量EM、平台模量EP和密实化参数γ。随着PTFE含量从0.5 wt%增加到5 wt%，弹性模量从2 MPa升至42 MPa，平台应变从约1.0缩短到0.3，表明纤维网络强化了弹性骨架，却阻碍了石墨颗粒重排。而温度升高时，5 wt%电极的模量从42 MPa降到5 MPa，平台应力也从3.2 MPa降至0.6 MPa，说明升温让PTFE分子链段更容易运动和滑移，颗粒更易重排、更晚进入密实阶段。该模型将“配方—力学响应”定量化，为后续回弹预测提供了本构基础。图3. 压缩过程中德本压缩阶段与聚四氟乙烯-石墨电极盘的示意图4.XCT表征“看见”三阶段对应的内部孔隙演化：弹性闭孔—颗粒重排—孔隙孤立本构模型虽能描述宏观行为，但仍无法揭示内部颗粒与孔隙的实时变化。作者在钻石光源I13-2线站开展了原位压缩同步辐射XCT，逐步增大应变并在每步保压时扫描。图4c显示，孔隙率演化同样呈三阶段：在弹性区（ε=0.06–0.17），孔隙率从48%小幅降至45%；在塑性平台区（ε=0.17–0.56），孔隙率几乎不变（45%→44%），说明颗粒正在进行重排而不是被压缩；在密实区（ε=0.56–0.92），孔隙率快速降至34%，三维重构表明此时孔隙从连通变为孤立。卸载后，1 wt%电极的孔隙率恢复到45%，即大部分压缩变形是可恢复的弹性变形，这正是宏观回弹的微观来源。XCT结果将宏观力学三阶段与内部微观机制一一对应，揭示了回弹的物理本质：孔隙并没有被永久消除，而是暂时被压缩，一旦外力移除便随PTFE原纤弹性恢复而重新张开。图4.过渡应变水平下石墨、孔隙率及横截面孔隙率的对应重建5.应力松弛+Deborah数连接实验室与工业辊压回弹本质上是时间相关的黏弹性恢复行为，所以还需要表征“时间尺度”。作者将5 wt%电极压缩至应变0.5后固定应变，记录180 s内的应力衰减。结果显示，应力在180 s内下降了约50%，并且在20、50、100℃下均能用双臂广义Maxwell模型完美拟合。温度从20℃升到100℃时，短弛豫时间T1从2.8 s降至1.5 s，长弛豫时间T2从57 s降至33 s，说明升温使PTFE链段运动加快、应力松弛更快速，从而减少辊压后延迟回弹。进一步，作者将实验室时间常数与工业辊压接触时间结合，用Deborah数（De=T/tc）进行首次外推：在实验室慢速辊压（0.1 m/min）下De≈1，材料能在辊缝内部分松弛，回弹相对温和；而工业辊速80 m/min时De>900，意味着辊压过程中几乎没有时间松弛，全部弹性变形能都会转化为辊后回弹。这解释了为什么工业高速辊压必须配合低PTFE配方和温辊工艺。该工作最终提供了一套从微观结构到宏观工艺的完整逻辑链：原纤网络决定储能能力，温度控制链段运动，时间决定松弛程度，三者共同决定回弹。图5.在辊温为20℃和50℃时，De数随压延速度的变化关系【文献总结】该研究首次将干法电极的“回弹”拆解为可量化的力学和结构问题：用PFM描述压缩本构，用XCT验证孔隙三阶段演化，用广义Maxwell模型提取弛豫时间，用Deborah数桥接实验室与工业辊压速度。结论清晰而实用：低PTFE含量、100–200℃温辊、适当降低辊速能大幅抑制回弹，而工业高速下必然面临高回弹，需要依靠本构模型进行辊缝预设补偿。未来可在集流体复合状态、辊压后电化学性能以及PTFE空间分布均匀性等方面继续延伸。【文献信息】标题：Understanding solvent-free electrode viscoelastic behaviour and its effect on springback in Li-ion battery manufacture.期刊：Energy Storage Materials链接：DOI: 10.1016/j.ensm.2026.105482【王春生】今日Science：锂金属电池2026-09-25厦大-宁德时代：富锂层状氧化物正极高温存储的深度认识2026-09-25ESM | 超薄原位聚合复合聚合物电解质助力高能量锂金属电池2026-09-25厦门大学董全峰团队Angew：突破被动物理保护范式！表面键合的分子集成主动重构钴酸锂本征界面实现4.6V超长循环2026-09-25江汉大学梁济元ACS Energy Letters：胆碱阳离子调控界面电荷与双电层结构，实现低极化水系锌硫电池2026-09-25新疆大学吴冬玲Angew.: DES介导“提取-聚合-碳化”一体化策略构筑煤焦油酚衍生多孔碳2026-09-25北化/延大徐斌教授&贵州民大孙宁教授EES：非对称界面激活策略突破醚基电解液电压上限，助力高比能钠离子电池2026-09-25ACS Energy Letters-高镍正极退化过程中锂含量的非单调演变及锂分布的尺寸依赖性2026-09-24重庆大学李猛仿生能源：仿生矿化策略的碳封存2026-09-24苏州科技大学李长明/张恒：电子传输层活化高熵氧化物/碳加速钠硫电池中的多硫化物转化2026-09-24不喜欢能源学人，打造有影响力的能源科技服务平台！",,,,pending
北京大学潘锋教授团队 AM：前驱体功能化解耦合成路径，稳定高电压镍基正极,能源学人,能源学人,"21C API, 新材料, 碳, 隔膜, 聚合物, 钙钛矿, 高比能, 锂金属, 前沿表征, 原位, 新型电解液, 晶格氧, 学术研究, 大学, 教授",normal,2026-09-27T12:32:10+08:00,,【研究背景】三元层状氧化物正极材料因具有较高的可逆比容量、灵活可调的过渡金属组成以及成熟的固相烧结工艺，已成为高能量密度锂离子电池的重要正极体系。提高充电截止电压能够进一步释放其容量潜力，但深度脱锂也会加剧晶格氧失稳、过渡金属迁移、表面重构及界面副反应。针对这些问题，已有研究通过元素掺杂、表面包覆和电解液/界面调控等策略，分别从体相晶格、颗粒表面和电极—电解液界面等层面提升材料在高电压下的稳定性。作为上述策略的有益补充，对烧结阶段反应路径的调控有助于改善材料的初始结构均一性，从而为缓解后续高电压相变不均和应力积累提供新的研究思路。从合成过程来看，传统氢氧化物前驱体与Li2CO3共烧时，前驱体脱,http://mp.weixin.qq.com/s?__biz=MzUzOTUzMDYxNw==&mid=2247910432&idx=7&sn=6bb039d4fa987d607f2ac75c348922fa,,"【研究背景】三元层状氧化物正极材料因具有较高的可逆比容量、灵活可调的过渡金属组成以及成熟的固相烧结工艺，已成为高能量密度锂离子电池的重要正极体系。提高充电截止电压能够进一步释放其容量潜力，但深度脱锂也会加剧晶格氧失稳、过渡金属迁移、表面重构及界面副反应。针对这些问题，已有研究通过元素掺杂、表面包覆和电解液/界面调控等策略，分别从体相晶格、颗粒表面和电极—电解液界面等层面提升材料在高电压下的稳定性。作为上述策略的有益补充，对烧结阶段反应路径的调控有助于改善材料的初始结构均一性，从而为缓解后续高电压相变不均和应力积累提供新的研究思路。从合成过程来看，传统氢氧化物前驱体与Li2CO3共烧时，前驱体脱水与Li2CO3参与的初始锂化反应可能在相近温区发生，形成相互竞争的固相反应路径。由此造成的局部反应进度差异，容易引发非同步相变，并产生残余岩盐/尖晶石相和局域晶格畸变等结构缺陷。这些在烧结阶段形成的结构异质性会在高压脱锂过程中进一步演化为不均匀相变、局部应力集中和氧相关结构退化。因此，如何通过调节烧结反应路径减少初始结构缺陷，是进一步提升三元正极材料高压稳定性的重要问题。【研究介绍】近日，北京大学深圳研究生院潘锋教授、任恒宇博士与福建师范大学赵庆贺副教授提出一种基于前驱体功能化的解耦合成路径方法（Decoupled Synthesis Pathway, DSP）。该工作以Ni0.6Co0.1Mn0.3(OH)2为模型前驱体，通过液相共沉淀在其表面构筑La/Nb草酸盐功能层，利用草酸盐的低温热分解行为重排烧结过程的反应时间—温度窗口，使前驱体脱水、岩盐中间相形成与后续Li2CO3相关锂化反应在温区上彼此分离。与传统耦合合成路径（Coupled Synthesis Pathway, CSP）相比，DSP使材料先形成更均一的岩盐中间相，再在更高温区协调转变为层状结构，从源头降低局域岩盐、尖晶石等合成衍生缺陷。与此同时，La/Nb在高温烧结中形成互补的“表面—体相”调控：La富集于表面并形成LaNiO3相关钙钛矿异质结构，Nb则进入近表面至体相区域并调节TM–O局域配位。最终获得的功能化正极NCM-LN在高电压下表现出更均匀的（脱）嵌锂、更低的极化、更稳定的氧框架和更缓慢的界面/结构退化。在2.7–4.45 V NCM-LN||石墨全电池中，其以1 C循环2000圈后容量保持率达80.1%。相关研究以“Decoupled Synthesis Pathway via Precursor Functionalization Stabilizes High-Voltage Nickel-Based Cathodes”为题发表于Advanced Materials，北京大学深圳研究生院新材料学院硕士生徐春雨、博士后任恒宇为共同第一作者。 【核心部分】3.1 设计思路：从“形成后修饰”转向“形成过程调控”高压镍基正极的结构失效并不完全始于电化学循环，部分结构不均一性早在高温烧结阶段就已被 ""写入"" 最终颗粒 —— 传统固相合成中，前驱体脱水、锂源反应与初始锂化在相近温区耦合发生，导致颗粒内相演化不同步，形成局域岩盐 / 尖晶石、晶格畸变与 Li/Ni 无序等合成衍生缺陷，并在此后的高电压循环中逐步放大。因此，在已有元素掺杂、表面包覆和电解液界面调控的基础上，本工作进一步将研究视角拓展至材料形成阶段，通过调节烧结反应路径减少初始结构不均一性，使合成阶段的缺陷控制与循环阶段的体相、表面及界面稳定化形成互补。基于这一认识，团队选择以 Ni0.6Co0.1Mn0.3(OH)2（NCM613）为模型前驱体：该组成兼顾比容量与结构稳定性，共沉淀工艺成熟，便于系统考察合成路径的影响。功能层选用 La/Nb 草酸盐，原因有二：其一，草酸盐约在200 ℃先于前驱体脱羟基发生分解，由此改变前驱体与Li2CO3的接触及反应状态，并促使后续Li2CO3相关反应向更高温区移动；其二，La 与 Nb 在高温阶段呈现互补的空间偏好 ——La 倾向富集于表面形成 LaNiO3 相关钙钛矿异质结构，Nb 倾向进入体相调节 TM–O 局域配位 —— 使单一功能层同时承担 ""界面稳定"" 与 ""体相调控"" 双重作用。最终以相对于过渡金属总量各 1 mol% 的 La 和 Nb 为优化组成，构建出解耦合成路径（DSP）。图1. 前驱体功能化构筑DSP并调控镍基正极烧结反应窗口的示意图（1）前驱体功能化建立解耦合成路径，拆分耦合热窗口为实现烧结反应的解耦，研究通过液相共沉淀在Ni0.6Co0.1Mn0.3(OH)2前驱体表面构筑La/Nb草酸盐功能层，利用草酸盐的低温热分解行为重排烧结过程的反应时间—温度窗口（图1）。原位升温FTIR与TGA/DTG表明，未功能化前驱体NCMOH-P的脱水（约250–320 ℃）与Li2CO3相关CO2释放（约300 ℃）在温区上明显重叠；功能化前驱体NCMOH-LN则在约200 ℃先发生草酸盐分解，脱水窗口基本不变，而Li2CO3相关CO2释放被推迟至450 ℃以上。纯Li2CO3的主要热分解在约720 ℃，表明300–450 ℃的CO2并非Li2CO3自身分解，而是前驱体参与的锂化反应。进一步比较La/Nb氧化物物理混合、La/Nb草酸盐机械混合、单La草酸盐、单Nb草酸盐与La/Nb草酸盐共沉淀等引入方式，物理混合仅产生约30–35 ℃的有限延迟，单La、单Nb草酸盐分别延迟约41 ℃和47 ℃，而La/Nb草酸盐在前驱体表面共沉淀可将Li2CO3相关反应推迟约100 ℃，表明功能组分的空间分布与La/Nb双组分协同是DSP得以建立的关键（图2）。图2. 揭示La/Nb草酸盐功能化诱导的热窗口分离（2）解耦合成路径调控结构生成与元素竞争性化学原位升温XRD、淬火XRD与不同温度下的SEM表明，NCM-P中Fm-3m岩盐相仅在约300–400 ℃的窄温区存在，随后快速出现层状相，反映脱水与局部锂化的强耦合；NCM-LN则在约300–500 ℃保持清晰的岩盐中间相，使前驱体在大规模锂化前先完成更充分、更一致的中间相转变（图3）。HRTEM/FFT进一步表明，NCM-P表面存在局域岩盐结构、体相存在尖晶石类区域与晶格畸变，NCM-LN体相层状晶格连续、表面形成钙钛矿/岩盐/层状混合异质结构，DSP将反应窗口调控直接转化为结构均一性（图4）。La/Nb在高温阶段竞争不同的晶格占位，最终形成互补的空间分布：截面SEM-EDS显示La明显富集于颗粒表面，Nb由近表面延伸至体相；XPS与HRTEM支持表面LaNiO3相关钙钛矿异质结构的形成；DFT比较不同La/Nb位点构型的形成能，发现La位于表面、Nb位于体相的构型具有最低形成能（图5）。图3. CSP与DSP的中间相演化图4. 烧结颗粒局域缺陷、表面/体相结构差异图5. La/Nb空间分布（3）结构均一性转化为优异的高压电化学性能在4.5 V高压充电下，DSP赋予的结构均一性表现为更协调的电化学响应。首圈充电与dQ/dV显示NCM-LN氧化响应更集中、极化更低。原位电化学XRD中，NCM-P在约3.8 V出现（003）反射的双相演化，提示局部H1/M相演化不同步，NCM-LN则连续移动、呈固溶体行为；高电压下NCM-P的（003）峰明显展宽、NCM-LN保持窄峰。CV、GITT与原位EIS/DRT表明，NCM-LN极化更低、Li+扩散更快、高压下电荷转移阻抗增长更慢，CV氧化还原峰电位差由0.19 V缩小至0.12 V。在2.7–4.45 V NCM||石墨全电池中，NCM-LN以1 C循环2000圈后容量保持率达80.1%，倍率性能、平均库仑效率与45 ℃高温容量保持率均优于NCM-P（图6）。图6. 电化学行为对比（4）晶格氧框架稳固与长期失效抑制高压镍基正极的长期稳定性与晶格氧框架密切相关。DEMS显示NCM-P在高电压区的O2与CO2释放明显增强，NCM-LN则受到显著抑制；循环后EPR中NCM-LN氧空位相关信号更弱。循环后Ni K边XANES/EXAFS表明，NCM-P价态明显低于NCM-LN；氧空位形成能计算显示La/Nb调节后的结构具有更高的氧空位形成能。循环后HRTEM显示，NCM-P表面形成明显增厚的岩盐类重构层，NCM-LN仍保留LaNiO3相关钙钛矿/岩盐/层状混合表面结构、下方层状晶格连续（图7）。图7. DSP综合性能评估【最终结论】本工作将高电压镍基正极的稳定化视角前移至材料形成阶段，通过La/Nb草酸盐前驱体功能化建立解耦合成路径（DSP），实现低温草酸盐分解、前驱体脱水/岩盐中间相形成与后续Li2CO3相关锂化之间的热窗口分离。该路径减少了传统CSP中因局部提前锂化和非同步相演化产生的局域岩盐/尖晶石缺陷，并在高温阶段形成“La富集表面异质结构＋Nb调节体相局域配位”的协同结构。由此，NCM-LN在高压脱锂中表现出更均一的相演化、更低的极化、更稳定的Li+动力学与氧框架。在2.7–4.45 V NCM||石墨全电池中，NCM-LN以1 C循环2000圈后容量保持率达80.1%。本工作为三元正极材料的合成设计提供了新思路与策略指导。【文献详情】Xu C, Ren H, Wang X, Xu Z, Ji H, Yi H, Yu F, Zhao W, Bao W, Lai Q, Tong Z, Nan B, Chen S, Zhan Z, Li Z, Zeng T, Chen H, Huang W, Liu J, Zhao Q, Pan F. Decoupled Synthesis Pathway via Precursor Functionalization Stabilizes High-Voltage Nickel-Based Cathodes, Adv. Mater. 2026, e74909. https://doi.org/10.1002/adma.749091400 Wh kg⁻¹理论潜力背后：碳磷酸盐钠正极为何卡在第二个Na？2026-09-26降低Ni含量，容量与稳定性如何兼得？Cu/Ti共取代破解O3钠正极高压失稳2026-09-26北京理工大学吴川课题组AM：基于热力学理论筛选框架设计高比能铝二次电池正极材料2026-09-26对共价有机框架进行电子结构调控，可实现电子离域与轨道耦合，赋予锌‑碘电池快速反应动力学特性与优异循环耐久性。2026-09-26海南大学杨金霖/邱天宇/田新龙教授团队Angew：空间-电荷协同调控实现锌碘电池双界面稳定2026-09-26吉林大学杜菲/姜珩Nat. Commun. 孤立溶剂化纳米簇助力高安全、高能量密度锂金属电池2026-09-26华北电力大学ESM综述：水系锌离子电池功能化隔膜——从多维调控到全电池稳定2026-09-26【王春生】今日Science：锂金属电池2026-09-25厦大-宁德时代：富锂层状氧化物正极高温存储的深度认识2026-09-25ESM | 超薄原位聚合复合聚合物电解质助力高能量锂金属电池2026-09-25不喜欢能源学人，打造有影响力的能源科技服务平台！",,,,pending
福建师范大学洪振生AM：数据驱动分子微区调控：高比能固态钠电池固态聚合物电解质的突破,能源学人,能源学人,"21C API, 新材料, 碳, 隔膜, 聚合物, 高比能, 锂金属, 前沿表征, 原位, 高通量, 固态电池, 固态电解质, 钠离子电池, 钠电, 钠金属, 学术研究, 大学, 教授, 期刊",normal,2026-09-27T12:32:10+08:00,,【研究背景】固态钠电池（SSBs）因具备高安全性和高能量密度而备受瞩目。其中，固态聚合物电解质（SPEs）成本低且加工性好，但普遍存在室温离子电导率低（常低于10-5）、界面副反应多及电化学窗口窄（【研究介绍】近日，福建师范大学洪振胜教授等研究人员，在国际顶级期刊《Advanced Materials》上在线发表了题为“Data-Driven Discovery of MOF-Polymer Synergies Enabling High-Performance Solid-State Sodium Batteries”的研究工作。该工作创新性地融合无监督学习与随机森林模型，对M-MOF-74,http://mp.weixin.qq.com/s?__biz=MzUzOTUzMDYxNw==&mid=2247910432&idx=4&sn=51114d1d11b0044c5159363f36fcd479,,"【研究背景】固态钠电池（SSBs）因具备高安全性和高能量密度而备受瞩目。其中，固态聚合物电解质（SPEs）成本低且加工性好，但普遍存在室温离子电导率低（常低于10-5）、界面副反应多及电化学窗口窄（【研究介绍】近日，福建师范大学洪振胜教授等研究人员，在国际顶级期刊《Advanced Materials》上在线发表了题为“Data-Driven Discovery of MOF-Polymer Synergies Enabling High-Performance Solid-State Sodium Batteries”的研究工作。该工作创新性地融合无监督学习与随机森林模型，对M-MOF-74家族进行了高通量筛选，成功鉴定出Zn-MOF-74作为聚偏氟乙烯（PVDF）基电解质的最佳功能填料。通过路易斯酸性金属位点促进阴离子解离并原位构建富NaF的稳定界面，所开发的SPE-Zn-MOF电解质实现了高达1.02Í10-3 S cm-1的室温离子电导率、0.84的高钠离子迁移数以及5.1 V的超宽电化学稳定窗口。搭配层状氧化物LCT或Na3V2(PO4)3正极时，固态钠电池展现出卓越的室温长效循环稳定性和优异的倍率性能。该文章发表在国际顶级期刊Advanced Materials上。赵思为本文第一作者。【核心部分】传统PVDF固态聚合物电解质中，Na+传输受限于较高的聚合物结晶度和较低的钠盐解离程度。研究团队据此将调控重点放在MOF填料的金属节点：如果引入具有合适离子半径和Lewis酸性的金属中心，就有望同时促进NaClO4解离、调节PVDF局部结构并改善Na+传输。为避免传统“试错式”筛选，研究团队首先从Materials Project数据库中构建包含592种M-MOF-74结构的数据集，并结合离子半径、电负性、配位数及晶胞参数等描述符建立机器学习模型。理论筛选表明，金属离子半径和电负性是影响MOF-74离子传输性能的关键因素，其中Zn-MOF-74表现出较高的Na⁺传输潜力。实验表明，Zn-MOF-74能够促进NaClO4解离并调节PVDF结构，使室温离子电导率达到1.02 mS cm-1，Na+迁移数提高至0.84。进一步研究发现，Zn-MOF-74与PVDF的界面作用可降低聚合物结晶度并抑制循环过程中的重新结晶，同时调节局部介电环境和Na+通量，促进形成稳定的富NaF界面层。最终，Na|SPE-Zn-MOF|Na对称电池稳定循环超过4000 h，并在全固态钠金属电池中表现出优异的倍率、循环及宽温度性能。该研究建立了”金属节点—聚合物结构—Na+输运—界面稳定性”的关联，为固态聚合物电解质的数据驱动设计提供了新思路。图1. 数据驱动筛选MOF-74金属节点及Na+传输构效关系研究团队从Materials Project数据库中筛选出592种M-MOF-74结构，并提取离子半径、电负性、配位数及晶胞参数等关键描述符，构建机器学习模型解析结构与离子电导率之间的关联。结果表明，离子半径和电负性是影响Na+传输的重要因素，其中低电负性、大离子半径的金属中心更有利于离子迁移。基于模型预测，Zn-MOF-74被选为优选填料，为后续实验验证及MOF-聚合物协同调控提供理论依据。图2. M-MOF-74调控PVDF固态电解质的结构与化学作用机制为揭示M-MOF-74对聚合物电解质的调控作用，研究结合XRD、XPS、SEM、EDS及DFT计算分析其结构与界面作用。结果表明，M-MOF-74均匀分散于PVDF基体中，其中Zn-MOF-74具有良好的界面相容性；Zn2+ Lewis酸性位点可增强与NaClO4及PVDF的相互作用，促进盐解离并调节局域静电势。DFT优化结构进一步表明，Zn-MOF-74可构建有利于Na+迁移的局域化学环境，为其高离子传输性能提供结构基础。图3. SPE-Zn-MOF复合电解质的宏观物理化学特性及介电纳微结构表征。如图3a-d所示，相比纯PVDF电解质，SPE-Zn-MOF表现出更低的矫顽场、更强的极化恢复能力、优异的机械抗拉强度（70.1 MPa）及极低的漏电流，这源于结晶度的有效抑制。结合XCT无损三维重构（图3g）与介电力显微镜（DFM）表征（图3h），均匀分散的Zn-MOF填料在膜内构建了纳米级的局部高介电“热点”与离子传输通道，能够充当电化学循环过程中的“电荷缓冲器”，从而实现均匀稳定的钠离子流传输。图4. SPE-Zn-MOF优异的Na+传输与Na金属界面电化学性能SPE-Zn-MOF表现出1.02 mS cm-1的室温离子电导率、0.84的Na+迁移数和0.17 eV的低活化能，并将电化学稳定窗口拓宽至5.1 V。Na|SPE-Zn-MOF|Na对称电池在0.1 mA cm-2下可稳定循环4000 h，过电位仅55 mV。Tafel与DRT分析进一步表明，Zn-MOF-74降低体相及界面阻抗并促进Na+传输与界面电荷转移，从而实现稳定、高效的Na沉积/剥离。图5. Zn-MOF-74调控Na金属界面与PVDF结构演化机制AFM、XPS和23Na ssNMR表明，Zn-MOF-74促进形成富无机组分的稳定SEI，提高界面力学强度并均匀Na沉积。2D WAXS及原位XRD进一步揭示，Zn-MOF-74抑制循环过程中PVDF结晶与结构演化，维持稳定的电解质微结构。多尺度表征共同表明，Zn-MOF-74通过协同调控界面化学、力学性质及聚合物结构，稳定Na⁺传输与Na金属界面。图6. SPE-Zn-MOF固态电解质在全电池中的高倍率、宽温域及安全性能LCT和NVP全电池均展现出优异的倍率与循环性能，其中NVP全电池在5 C下仍可实现约90 mAh g-1，并在−20至60 °C范围内保持稳定工作；高负载电池循环300圈后仍保持约104 mAh g-1，1000圈后容量保持率达98%。进一步构建高载量柔性软包电池，在0.5 C下循环120圈后仍保持107.2 mAh g-1，滥用条件下温升低于1 °C，验证了其实际应用潜力。【文献详情】Si Zhao, Yiwei Lv, Lituo Zheng, Luzhuo Chen, Bing Lin, Mingdeng Wei, Sanjay Mathur, Zhensheng Hong.Data-Driven Discovery of MOF–Polymer Synergies Enabling High-Performance Solid-State Sodium Batteries.Advanced Materials, 2026, e75031. 原文链接:https://advanced.onlinelibrary.wiley.com/doi/10.1002/adma.75031【作者简介】通 讯 作 者 简 介:洪振生教授简介： 教授，博士生导师，德国洪堡资深学者(Experienced Researcher，2019年8月至2020年10月)。 长期从事储能材料设计、制备科学和器件构造的一体化研究，主持国家自然科学基金3项（2个面上，1个青年），主持福建省“雏鹰计划”青年拔尖人才、福建省杰出青年基金、省基金重点项目和成果转化等9个项目。累计发表SCI论文100余篇(第一/通讯作者论文60篇)，第一/通讯作者论文包括国际顶级期刊美国科院院院刊PNAS (2篇)、Adv. Mater. (2篇)、Energy Environ. Sci. (2篇)、Adv. Energy Mater.、ACS Nano、ACS Energy Lett.、Adv. Funct. Mater.、Nano Energy (8篇)和Energy Storage Mater. (3篇)等。此外，开发出一系列具有自主知识产权的钠电池负极材料，以第一发明人授权国家发明专利20项（转让2项），硬碳研究成果实现成果转化和应用。第 一 作 者 简 介:赵思：福建师范大学2022级博士研究生，师从洪振生教授，2022-2023年于德国科隆大学Sanjay Mathur院士课题组联合培养。研究高容量钠金属基负极的设计与界面电化学调控。以第一/通讯作者身份在 Adv. Mater.、Adv. Energy Mater.、ACS Energy Lett.、Nano Energy (2篇)、Small、 Chem. Eng. J等期刊上发表 10篇论文，已授权专利 1 项。目前担任Battery Energy等能源材料领域期刊（青年）编委成员。1400 Wh kg⁻¹理论潜力背后：碳磷酸盐钠正极为何卡在第二个Na？2026-09-26降低Ni含量，容量与稳定性如何兼得？Cu/Ti共取代破解O3钠正极高压失稳2026-09-26北京理工大学吴川课题组AM：基于热力学理论筛选框架设计高比能铝二次电池正极材料2026-09-26对共价有机框架进行电子结构调控，可实现电子离域与轨道耦合，赋予锌‑碘电池快速反应动力学特性与优异循环耐久性。2026-09-26海南大学杨金霖/邱天宇/田新龙教授团队Angew：空间-电荷协同调控实现锌碘电池双界面稳定2026-09-26吉林大学杜菲/姜珩Nat. Commun. 孤立溶剂化纳米簇助力高安全、高能量密度锂金属电池2026-09-26华北电力大学ESM综述：水系锌离子电池功能化隔膜——从多维调控到全电池稳定2026-09-26【王春生】今日Science：锂金属电池2026-09-25厦大-宁德时代：富锂层状氧化物正极高温存储的深度认识2026-09-25ESM | 超薄原位聚合复合聚合物电解质助力高能量锂金属电池2026-09-25不喜欢能源学人，打造有影响力的能源科技服务平台！",,,,pending
山东大学吴昊AM: 配体工程实现铁基普鲁士蓝双位点自旋态调控，构筑高性能钠离子电池正极,能源学人,能源学人,"21C API, 新材料, 碳, 隔膜, 聚合物, 高比能, 锂金属, 前沿表征, 原位, 电化学合成, 电催化, 钠离子电池, 钠电, 学术研究, 大学, 教授, 期刊, 技术进展, 机理研究, 掺杂改性",normal,2026-09-27T12:32:10+08:00,,【研究背景】普鲁士蓝凭借其开放骨架、高理论容量（Fe-PB最高约170 mAh g-1）与低成本合成，成为有前景的钠离子电池（SIBs）正极候选材料。然而，PB常因本征[Fe(CN)6]缺陷与过量间隙水，比容量与循环稳定性欠佳。更根本的是，PB中与C配位的低自旋Fe（LS‑Fe）和与N配位的高自旋Fe（HS‑Fe）两类铁物种不同的自旋态决定了电化学行为：LS‑Fe配位场稳定化能高，Fe2+/3+氧化还原电位高（约3.5 V vs Na+/Na），但活化不完全，对容量贡献有限；HS‑Fe主导容量输出，充放电过程中受eg轨道简并影响产生Jahn–Teller畸变，诱发不可逆晶格应变，影响循环寿命。,http://mp.weixin.qq.com/s?__biz=MzUzOTUzMDYxNw==&mid=2247910432&idx=6&sn=f0b583eeaa942f91dcb7fcba60003c77,,【研究背景】普鲁士蓝凭借其开放骨架、高理论容量（Fe-PB最高约170 mAh g-1）与低成本合成，成为有前景的钠离子电池（SIBs）正极候选材料。然而，PB常因本征[Fe(CN)6]缺陷与过量间隙水，比容量与循环稳定性欠佳。更根本的是，PB中与C配位的低自旋Fe（LS‑Fe）和与N配位的高自旋Fe（HS‑Fe）两类铁物种不同的自旋态决定了电化学行为：LS‑Fe配位场稳定化能高，Fe2+/3+氧化还原电位高（约3.5 V vs Na+/Na），但活化不完全，对容量贡献有限；HS‑Fe主导容量输出，充放电过程中受eg轨道简并影响产生Jahn–Teller畸变，诱发不可逆晶格应变，影响循环寿命。现有元素掺杂改性（如Cu2+、Ni2+）虽可部分活化LS‑Fe或稳定HS‑Fe，但掺杂不均易带来局部晶格畸变与相分离，难以保障长循环稳定性，配体工程则为自旋态调控提供了更直接的途径，不过已有研究大多局限于单一位点调控，针对LS‑Fe与HS‑Fe双位点协同调控，以及该策略对材料结构稳定性、氧化还原动力学的影响仍有待探索。根据晶体场理论：降低LS-Fe配位数（如引入-CN空位形成Fe-C5）可减小晶体场分裂能，使其由LS向HS或IS转变，从而降低Fe2+/3+电位势垒、增强氧化还原活性；而用强场配体（如–NH2）取代弱场配体，可重新分配d轨道占据，将HS-Fe3+转为LS或IS，通过解除eg轨道简并抑制Jahn–Teller畸变。此外，柔性的-NH2端基可作为“动态缓冲”容纳体积变化而不破坏骨架（示意图1）。尽管已有少量普鲁士蓝自旋态转变的相关报道，但通过配体工程同时调控LS‑Fe和HS‑Fe双位点，以及该策略对储钠行为（尤其是结构稳定性、氧化还原动力学）的影响，仍然有待深入探究。示意图1：PB与PPB的自旋态转变及对应的分子轨道示意图【研究简介】近日，山东大学吴昊教授课题组利用配体工程策略，以五氰基前驱体替代传统六氰前驱体共沉淀，制备同时含有-CN空位与-NH2端基的改性普鲁士蓝正极PPB，实现LS‑Fe与HS‑Fe双位点自旋态调控。利用57Fe穆斯堡尔谱、XAS、磁化测试、电化学表征结合DFT计算证明：-CN空位与-NH2端基协同促使双铁位点向中间自旋态转变；同时-NH2提供Na+优先吸附位点，-CN空位降低离子迁移势垒。与常规普鲁士蓝PB相比，PPB展现出优异的电化学性能：（在0.05 A g-1和2 A g-1的电流密度下，比容量分别为129 mAh g-1和92 mAh g-1），循环稳定性也得到显著提升（2 A g-1电流密度下循环4000圈容量保持率为70%）。此外，PPB正极可与商用硬碳负极相匹配，组装得到的全电池实现了可观的能量密度。该文章发表在国际顶级期刊Advanced Materials上。杨红燕博士为本文第一作者，吴昊教授为通讯作者。【研究内容】1.材料晶体结构、热稳定性与化学组成表征对PB与改性PPB开展晶体结构、热稳定性及组分解析。XRD精修表明PB为立方Fm‑3m相，受-CN空位影响，PPB沿a轴晶格收缩，为准立方结构且晶粒尺寸减小。原位加热XRD证实PPB可在265 ℃维持准立方骨架，热稳定性优于PB。FTIR检测到PPB特有的N‑H振动峰，证明-NH2端基成功引入；Raman谱峰变化印证-CN空位的存在。图1. 材料晶体结构、热稳定性与化学组成表征2.Fe位点价态、局域配位环境与自旋态多维度谱学表征利用XAS、57Fe穆斯堡尔谱、磁化及EPR测试解析铁位点电子结构。Fe K边XANES得出PPB铁平均价态为+2.35；EXAFS结果显示PPB的Fe‑C配位数下降，证实-CN空位引发配位环境改变。穆斯堡尔谱证明PB以LS‑Fe2+、HS‑Fe3+为主，而PPB中存在中间自旋IS‑Fe2+/3+物种。变温磁化测试进一步证实双铁位点向中间自旋态发生转变，为自旋调控提供直接实验依据。图2. Fe位点价态、局域配位环境与自旋态多维度谱学表征3.PPB与PB正极钠离子存储电化学性能与动力学分析对比PB、PPB的储钠电化学行为。PPB的充放电曲线不存在明显电压平台，电压连续变化，呈现单相固溶体储钠特征。PPB展现优异倍率性能，0.05 A g-1容量为129 mAh g-1，2 A g-1仍可达92 mAh g-1；长循环下，0.4 A g-1循环1000次保持71%容量，2 A g-1循环4000次容量保持70%，远优于PB。GITT、多扫速CV与EIS证明PPB具备更高钠离子扩散系数、更高电容贡献占比以及更低电荷转移阻抗。循环过程dQ/dV分析表明PPB铁位点容量占比保持稳定，而PB的HS‑Fe活性快速衰减。图3. PPB与PB正极钠离子存储电化学性能与动力学分析4.充放电过程结构演变、界面行为与DFT理论机理研究结合非原位表征与DFT计算揭示性能提升机理。不同充放电电位下的EIS、非原位FTIR表明PPB的电荷转移阻抗可逆变化，C≡N、N‑H化学键随钠嵌入脱出可逆恢复。非原位XRD证实PPB充放电仅发生微弱衍射峰偏移，维持准立方固溶体储钠，有效抑制晶格畸变；而PB会出现明显单斜相变，诱发晶格应变。DFT计算表明–NH2提供Na+优先吸附位点，-CN空位降低钠离子迁移能垒。图4. 充放电过程结构演变、界面行为与DFT理论机理研究【文献总结】本工作采用种配体工程策略，诱导普鲁士蓝发生双位点自旋态转变，有效解决低自旋铁与高自旋铁位点的本征性能短板。-CN空位与-NH2端基的引入，不仅促使低自旋、高自旋铁向以中间自旋态为主发生自旋转变，同时提升材料结构稳定性与钠离子扩散动力学。因此，PPB正极兼具优异的倍率性能与长循环寿命，性能优于绝大多数已报道的普鲁士蓝基钠离子电池正极。DFT理论计算进一步证实：-NH2与空位的协同作用可以促进钠离子吸附，并降低离子迁移能垒。PPB与商用硬碳负极组装的全电池展现出实际应用潜力。该研究表明了自旋态调控在电极材料优化中的重要性，为开发高性能钠离子电池正极提供了思路。【文献详情】Dual-Site Spin State Modulation in Iron-Based Prussian Blue Cathode Enabling Improved Sodium Storage. Advanced Materials (2026): e74904. https://doi.org/10.1002/adma.74904【作者简介】杨红燕，山东大学化学与化工学院博士后。研究方向为储能电极材料的缺陷调控，在Advanced Materials、Small、ACS Applied Nano Materials 等期刊发表论文10余篇。吴昊，化学与化工学院-前沿化学研究院教授，博士生导师，山东省高层次人才，山东大学“齐鲁青年学者”，主要从事电催化与能源化学相关研究。以通讯作者（含共同）在Angew. Chem.、Adv. Mater.、ACS Catal.等期刊发表SCI论文40余篇。主持国家级与省部级项目6项。担任ACS秋季年会分会主席（2023-2026），国际期刊EcoEnergy、eScience青年编委，获得2023-2025 Wiley中国高贡献作者奖，入选JMCA和ChemComm新兴研究者（Emerging Investigators）。‬课题组诚聘能源化学与计算方向的博士后，有意者请邮件联系：haowu2020@sdu.edu.cn。1400 Wh kg⁻¹理论潜力背后：碳磷酸盐钠正极为何卡在第二个Na？2026-09-26降低Ni含量，容量与稳定性如何兼得？Cu/Ti共取代破解O3钠正极高压失稳2026-09-26北京理工大学吴川课题组AM：基于热力学理论筛选框架设计高比能铝二次电池正极材料2026-09-26对共价有机框架进行电子结构调控，可实现电子离域与轨道耦合，赋予锌‑碘电池快速反应动力学特性与优异循环耐久性。2026-09-26海南大学杨金霖/邱天宇/田新龙教授团队Angew：空间-电荷协同调控实现锌碘电池双界面稳定2026-09-26吉林大学杜菲/姜珩Nat. Commun. 孤立溶剂化纳米簇助力高安全、高能量密度锂金属电池2026-09-26华北电力大学ESM综述：水系锌离子电池功能化隔膜——从多维调控到全电池稳定2026-09-26【王春生】今日Science：锂金属电池2026-09-25厦大-宁德时代：富锂层状氧化物正极高温存储的深度认识2026-09-25ESM | 超薄原位聚合复合聚合物电解质助力高能量锂金属电池2026-09-25不喜欢能源学人，打造有影响力的能源科技服务平台！,,,,pending
液态/固态电池理论课程——从电化学热力学到离子输运、从恒流极化到EIS交流阻抗和DRT弛豫时间分布,能源学人,能源学人,"21C API, 新材料, 碳, 聚合物, 高比能, 锂金属, 前沿表征, 原位, 固态电池, 钠离子电池, 学术研究, 大学, 教授",normal,2026-09-27T12:32:10+08:00,,以下文章来源于固态电化学实验室，作者固态电化学实验室固态电化学实验室.上海交通大学博士高性能固态电池制备教程，包含固态电池基础理论、高性能固态电池制备详细流程。希望尽绵薄之力，帮助大家少走弯路，科研顺利！本次发布的电池理论教程是笔者在交大期间自2021年开始整理，2025年整理结束，用于培训课题组内部博士、博后以及入职老师的自编教程，总共接近500页。去年我们固态电化学实验室成立以来，大家在答疑、学习液态/固态电池实验教程（固态电池实验教程参见固态电池保姆级实验教程合集）的过程中了解到我们理论教程的存在，催笔者把这个教程整理出来讲讲，于是我们从2026年初开始整理，花费半年多时间，终于整理完成,http://mp.weixin.qq.com/s?__biz=MzUzOTUzMDYxNw==&mid=2247910432&idx=3&sn=802d47afee6f67e48b80f7f026d4b290,,以下文章来源于固态电化学实验室，作者固态电化学实验室固态电化学实验室.上海交通大学博士高性能固态电池制备教程，包含固态电池基础理论、高性能固态电池制备详细流程。希望尽绵薄之力，帮助大家少走弯路，科研顺利！本次发布的电池理论教程是笔者在交大期间自2021年开始整理，2025年整理结束，用于培训课题组内部博士、博后以及入职老师的自编教程，总共接近500页。去年我们固态电化学实验室成立以来，大家在答疑、学习液态/固态电池实验教程（固态电池实验教程参见固态电池保姆级实验教程合集）的过程中了解到我们理论教程的存在，催笔者把这个教程整理出来讲讲，于是我们从2026年初开始整理，花费半年多时间，终于整理完成（大纲及部分内容见后文）。该教程基本涵盖了液态/固态电池内部数学、物理规律的绝大部分内容，完整学习后应该是可以帮助不少同学重新认识电池这颗人类科学史上的明珠。毫不夸张的讲，虽然国内电池研究者不少，但是本教材的理论内容能理解透彻的研究者不超过一手之数，这也是为什么很多时候笔者看见很多所谓“顶刊”经常会出一些让人啼笑皆非的错误。下面是一些笔者的手稿截图，总共400-500页，在理论课程中会发给大家作为教材使用。本教程希望可以让大家了解到，即使暂不考虑什么溶剂化结构、材料种类设计、界面SEI组成等等微观理论，仅是唯象理论也绝没有那么简单，甚至一位多年的研究者可能在理论面前一窍不通。例如笔者当年曾经问过一个问题：到底为什么锂离子迁移数越高浓差极化阻抗越低？对应的公式是什么？总不能是一个不严谨的物理直觉吧？单离子导体有意义吗？靠阻碍阴离子移动提升锂离子迁移数有意义吗？这些怎么从数学上严谨地进行分析？上述问题笔者咨询了众多著名的985高校教授，并未得到答案——5年后的今天来看，这些问题是如此基础，如此简单。最近我们的新能源、半导体秋招群有些同学已经陆续拿到offer了。有些同学说HR博士会问专业内容，笔者本来想十月底直播讲理论课程，但是还是提前了一点，因为如果课程能完整学完，绝对不会有专业问题被HR问住，希望对大家的秋招也能有一定帮助。【液态/固态电池理论教程大纲】第一章 电化学热力学一、你测量到的电池电压到底是什么？——电势差？电化学势差？1、相间电势、电化学势的概念2、绝对电极电势与相对电极电势——所谓界面电势差是哪一部分？3、能斯特方程描述的电势忽略了什么？浓差过电势真的可以用能斯特方程描述吗？能斯特方程的两种本质推导方法——电化学势角度和内电势差角度*、相间电势和能斯特方程是理解后面“浓差过电势”、“活化过电势”等的基础，别觉得很简单，因为大部分人的理解都是完全错误的。如果提到浓差过电势，你脑海中浮现的就是Nernst equation，那恭喜你，你也是理解错误的一员。为什么能斯特方程描述的浓差过电势公式不含锂离子迁移数呢？到底哪里出了错误？第二章 电极/电解质中的离子输运一、离子输运的宏观机制——统计力学角度1、离子在浓度梯度下驱动的扩散2、离子在电势梯度下驱动的迁移3、离子在扩散与迁移共同作用下驱动的输运二、离子输运的微观机制——粒子力学角度1、离子跳跃机制2、基于离子跳跃机制的载流子输运方程推导——Nernst-Einstein equation3、电极/电解质中离子电导率的温度依赖性推导——阿伦尼乌斯公式第三章 电极/电解质中的化学扩散系数一、电极/电解质中的化学扩散系数1、“Li”在NCM811等电极中的化学扩散推导2、GITT/PITT/CV/EIS等测到的扩散系数都是电中性锂的化学扩散系数？什么情况下可以近似认为测得了锂离子的扩散系数？3、“盐”在电解质中的化学扩散推导——如何仿照电极中扩散系数的测试方法得到电解质中的“盐”扩散系数？二、电极/电解质中的化学电容1、化学电容的概念——到底为什么电极材料能储能？电解质能否也像电极材料一样变成储能材料？2、如何利用化学电容提升电极材料的化学扩散系数？——为什么高载量正极材料要复合电解质？第四章 液态/固态电池中的恒流极化理论（重中之重）*、本篇是我们整个教程的重中之重，我们会从PITT、GITT技术讲起，进而拓展到更深入的情况。本章我们可以看到，GITT、PITT技术不过是一种近似，本章学习结束后，大家对于电极材料（离子电子混合导体，MIEC）和电解质材料（阴阳离子混合导体，MCAC）的理解将达到新的高度。准确来说，本章将学习所有电极/电解质本征参数的测量、理论。无论是扩散系数还是解耦电子电导率和离子电导率，再比如锂离子迁移数，本章将一次性讲解清楚。最近Nature Energy发表了一篇文章，关于GITT等计算的扩散系数为什么随着电解质不同而变化，本章学习后会发现，这几乎是必然的结论甚至常识——笔者是没想到这种常识能发Nature energy的一、PITT（恒电压间歇滴定）全面推导1、仅考虑电极材料内部的化学扩散时的情况：l PITT锂离子扩散系数DLi推导——长时近似l PITT锂离子扩散系数DLi推导——短时近似2、考虑界面电化学反应时的情况：l PITT锂离子扩散系数DLi推导lPITT界面交换电流密度jo推导二、GITT（恒电流间歇滴定）全面推导l GITT锂离子扩散系数DLi推导——新威软件中各个物理量到底对应什么？为什么？三、电极材料（离子电子混合导体，MIEC）中的恒流极化理论1、MIEC恒流过程中体相载流子的输运方程2、电压表达式——电子探针/离子探针3、MIEC恒流极化时的电压、浓度、电流表达式——两侧为离子阻塞电极l 电压表达式——电极中锂离子扩散系数DLi的恒流测试方法l 电极中“Li”浓度表达式l 电极中电流表达式4、MIEC恒流极化时的电压、浓度、电流表达式——两侧为电子阻塞电极l 电压表达式——电极中锂离子扩散系数DLi的恒流测试方法l 电极中“Li”浓度表达式l电极中电流表达式*、3、4节共同推导出如何使用恒流技术解耦离子电子混合导体的离子电导率和电子电导率？5、MIEC恒流极化时的电压、浓度、电流表达式——一侧为离子阻塞电极，一侧为电子阻塞电极*、第5节为电池充放电时其内部极化规律的本质数学、物理推导和分析。本节内容学习完可知前述GITT到底是如何进行近似处理的，电池充放电时内部到底发生了什么？化学电容、扩散系数、迁移数、电导率这些因素如何在电池运行过程中综合作用？四、电解质材料（阴阳离子混合导体，MCAC）中的恒流极化理论1、电解质恒流过程中体相载流子的输运方程l 阳离子流l 阴离子流l 锂离子扩散系数l锂离子迁移数——BV法测试锂离子迁移数/John Newman法测试锂离子迁移数2、电解质恒流极化时的电压、浓度、电流表达式——两侧为阴离子阻塞电极l 电压表达式——电解质中锂离子扩散系数DLi的恒流测试方法l 电解质中“Li”浓度表达式——决定锂枝晶生长起始时间的Sand time到底是怎么来的？这个公式有意义吗？单离子导体有意义吗？锂离子迁移数对电池的影响到底如何考虑？l电解质中电流表达式3、恒流极化时电解质内部以及电解质/电极界面上的电势和电化学势分布规律——浓差过电势到底是什么？为什么John Newman和Bruce-Vincent等人的推导不同？以后谁再说浓差过电势用能斯特方程表示千万别说上过笔者的课。五、P2D方程——上述内容学完，P2D方程自己就出来了，何须推导？第五章 恒流极化——交流阻抗理论过渡一、时域中的恒流响应如何转化为频域中的交流阻抗？——不用做EIS、不用设置等效电路，就能知道电池的阻抗谱表达式？二、交流阻抗理论无需学习就可以从直流极化理论中得到全部电池构型的EIS阻抗谱表达式？1、锂金属电池/全电池中电解质的浓差扩散阻抗表达式——Sørensen-Jacobsen法测试锂离子迁移数2、全电池中电极内浓差扩散阻抗表达式三、8种锂离子迁移数测试方法总结、6种锂离子扩散系数测试方法总结第六章 交流阻抗技术——EIS、DRT以及传输线模型一、传输线模型的普适性——如何应用于描述体相扩散和多孔电极界面？1、扩散过程的传输线模型2、多孔电极界面的传输线模型——如何利用传输线模型求解多孔电极内的离子传输阻抗Rion？3、全部电池构型的EIS等效电路总结——EIS真的是通过拟合等效电路，减小残差实现精准分析的吗？二、DRT和DCT技术全面解析1、扩散过程的RC回路描述——并非所有扩散过程均不能用DRT技术分析2、DCT技术为什么可以分析扩散过程？其优势是什么？【学习方式】与我们的固态电池保姆级实验教程一样，理论课程我们会专门建立理论课程答疑群。这个十月一假期中，我们将在10.1-10.3三天直播，为大家一页一页讲透上述理论内容，9.28-9.30我们会提前将课题组自编教程手稿400多页扫描为电子版，发给大家作为教材使用。假期赶不上直播？没关系，我们会有全程录播，回放我们会第一时间上传理论课程答疑群。本群为永久群，后续我们的手稿有任何更新会第一时间在群内更新，除此之外笔者会亲自答疑大家的理论课程问题。定期直播为大家答疑。【服务价格】对于已经学习过我们固态电池保姆级实验教程的同学、老师和企业研发，十月一直播前报名只需399即可。其他同学、老师、企业研发十月一前报名是499（后续其他教程同样优惠）。十月一直播后报名，价格会涨到499和599。如果感兴趣大家可以通过下面的QR code或者Puppylove_yellow联系我们！ FIND US——笔者每次的教程，无论是实验还是理论，都希望传达一些我们的研究感悟，希望每次的课程里大家都能有所体会和共鸣。或许研究生生涯不过两三年，博士生生涯不过4、5年，但感悟与理解可谓天差地别。希望同学们研究顺利！在研究电池的过程中，通过我们的努力，能让大家或多或少体会到一点——“原来是这样”的恍然大悟与快乐【王春生】今日Science：锂金属电池2026-09-25厦大-宁德时代：富锂层状氧化物正极高温存储的深度认识2026-09-25ESM | 超薄原位聚合复合聚合物电解质助力高能量锂金属电池2026-09-25厦门大学董全峰团队Angew：突破被动物理保护范式！表面键合的分子集成主动重构钴酸锂本征界面实现4.6V超长循环2026-09-25江汉大学梁济元ACS Energy Letters：胆碱阳离子调控界面电荷与双电层结构，实现低极化水系锌硫电池2026-09-25新疆大学吴冬玲Angew.: DES介导“提取-聚合-碳化”一体化策略构筑煤焦油酚衍生多孔碳2026-09-25北化/延大徐斌教授&贵州民大孙宁教授EES：非对称界面激活策略突破醚基电解液电压上限，助力高比能钠离子电池2026-09-25ACS Energy Letters-高镍正极退化过程中锂含量的非单调演变及锂分布的尺寸依赖性2026-09-24重庆大学李猛仿生能源：仿生矿化策略的碳封存2026-09-24苏州科技大学李长明/张恒：电子传输层活化高熵氧化物/碳加速钠硫电池中的多硫化物转化2026-09-24不喜欢能源学人，打造有影响力的能源科技服务平台！,,,,pending
广西大学朱金良教授：多金属-磷d-p轨道杂化调控高熵金属磷化物d带中心加速硫氧化还原动力学,能源学人,能源学人,"21C API, 新工艺, 高熵材料, 新材料, 碳, 隔膜, 聚合物, 高比能, 锂金属, 锂硫电池, 前沿表征, 原位, 电化学合成, 电催化, 钠离子电池, 学术研究, 大学, 教授, 期刊",normal,2026-09-27T12:32:10+08:00,,【研究背景】锂硫电池具有高理论能量密度、低成本和对环境友好的特性，因而被认为是最具前途的下一代储能系统之一。然而硫和锂硫化物的氧化还原反应涉及固体S8逐步转化为可溶性Li2S6/Li2S4，然后再转化为不溶性Li2S2/Li2S的复杂过程，有着高能量势垒和缓慢的动力学。近年来，高熵材料凭借高熵效应、晶格畸变效应、多金属协同的“鸡尾酒效应”和高度可调节的电子结构在催化锂硫化物转化方面展现出优良的潜力。然而目前仍缺少对高熵化合物特别是高熵磷化物中多金属d轨道与磷 3p轨道之间的耦合作用及其对LiPS转化促进机制的系统性研究。【研究介绍】近日，广西大学朱金良教授团队在国际知名期刊Advanced M,http://mp.weixin.qq.com/s?__biz=MzUzOTUzMDYxNw==&mid=2247910432&idx=5&sn=37bc11183180d6343c3bf87f195f4d19,,"【研究背景】锂硫电池具有高理论能量密度、低成本和对环境友好的特性，因而被认为是最具前途的下一代储能系统之一。然而硫和锂硫化物的氧化还原反应涉及固体S8逐步转化为可溶性Li2S6/Li2S4，然后再转化为不溶性Li2S2/Li2S的复杂过程，有着高能量势垒和缓慢的动力学。近年来，高熵材料凭借高熵效应、晶格畸变效应、多金属协同的“鸡尾酒效应”和高度可调节的电子结构在催化锂硫化物转化方面展现出优良的潜力。然而目前仍缺少对高熵化合物特别是高熵磷化物中多金属d轨道与磷 3p轨道之间的耦合作用及其对LiPS转化促进机制的系统性研究。【研究介绍】近日，广西大学朱金良教授团队在国际知名期刊Advanced Materials上发表了题为“Tailoring the d-Band Center via Multi-Metal–Phosphorus d–p Orbital Hybridization in a High-Entropy Metal Phosphide to Enable Accelerated Sulfur Redox Kinetics“的研究论文。在理论计算指导下，作者设计并合成了高熵金属磷化物 Fe0.74Co0.84Ni0.61Cu0.32Mo0.24P（FCNCMP­­­­­­–HEMP） 纳米颗粒。DFT计算表明，该材料中多种金属d轨道与磷 3p轨道发生强杂化，缩小了d-p轨道带隙并抬升了金属的d带中心，可以增强对LiPSs的化学吸附并激活S–S键，从而降低锂硫化物转化的吉布斯自由能垒。系列实验结合数学模型发现，FCNCMP­­­­­­–HEMP对催化锂硫化物转化时的两个关键参数即电子转移数和活化能有优化作用，可以有效加速锂硫化物转化。基于该材料的纽扣电池在0.2 C下首圈容量达1368 mAh g–1，5 C下经2000次循环后容量衰减率仅0.014%每圈；组装的软包电池实现了456 Wh kg–1的高能量密度。该文章发表在国际知名期刊Advanced Materials上。郭满川为本文第一作者.【核心部分】3.1文章内容：核心内容一：DFT揭示d-p轨道杂化增强吸附与激活S–S键。ELF、吸附能和差分电荷计算显示，FCNCMP-HEMP对LiPSs具有较强的化学亲和力，界面电子转移更显著；COHP分析表明该材料有效弱化了Li2S6中S–S键的成键态，结合DOS和吉布斯自由能计算，证实多金属与磷的d-p轨道杂化抬升了d带中心，降低了限速步骤（Li2S2→Li2S）的能垒。核心内容二：高熵金属磷化物的合成与表征。XRD和TEM显示FCNCMP-HEMP为单相正交结构，粒径约22 nm，均匀锚定在多孔碳网络上；HAADF-STEM及原子级元素分布证实Fe、Co、Ni、Cu、Mo、P都均匀分散，几何相位分析清晰展示了沿exx方向的拉伸/压缩应变，证明原子尺寸差异引发的晶格畸变提供了丰富活性位点。核心内容三：FCNCMP-HEMP催化锂硫化物转化实现高电子转移数与快速固-液-固转化。对称电池CV和Li2S恒电位沉积实验表明，FCNCMP-HEMP具有最高的峰电流、最早成核时间和最大的Li2S沉积容量，表现出最快的液相-固相转化动力学；LSV结合Koutecky-Levich分析显示其电子转移数较高，Tafel斜率最小（115 mV dec–1），证明其能高效促进SRR并提升硫利用率。核心内容四：FCNCMP-HEMP催化锂硫化物转化实现较低的电荷转移电阻和反应能垒。原位EIS及DRT分析显示FCNCMP-HEMP在整个充放电过程中始终具有较好的电阻表现，并且阻抗波动最小；阿伦尼乌斯活化能计算表明其在各转化阶段（尤其限速的Li2S4→Li2S2/Li2S步骤）均呈现最低活化能，证实d-p轨道杂化有效降低了反应能垒，加速了界面电荷传递。核心内容五：FCNCMP-HEMP降低极化并促进快速离子迁移。不同扫速CV拟合显示FCNCMP-HEMP在三个氧化还原峰处的Li+扩散均比对照样品更快，这可以归因于晶格畸变提供了高效离子通道；CV和Tafel分析进一步表明其具有最小电位差和最低的Tafel斜率，尤其对Li2Sx→Li2S转化具有突出的催化活性。核心内容六：优秀的循环性能。FCNCMP-HEMP/C@S在0.2 C下首圈容量达1368 mAh g–1，2 C循环1000圈后容量保持率81.5%（每圈衰减0.019%），5 C超长循环2000圈后衰减仅每圈0.014%；软包电池（1.4 Ah级）能量密度高达456 Wh kg–1，处于同类器件领先水平。图1：FCNCMP­­­­­­–HEMP的DFT计算和微观电子结构探讨。图2：FCNCMP­­­­­­–HEMP的催化机理示意图和多项物理表征结果。图3：FCNCMP­­­­­­–HEMP催化多硫化锂转化的对称电池、沉积及系列LSV实验分析。图4：FCNCMP­­­­­­–HEMP转化多硫化锂的原位电化学阻抗，DRT以及活化能分析。图5：FCNCMP­­­­­­–HEMP加速锂硫化物转化的CV及对应塔菲尔分析。图6：FCNCMP­­­­­­–HEMP/C@S阴极的循环性能。【总结】本工作遵循理论指导实验的思路，分析了Fe0.74Co0.84Ni0.61Cu0.32Mo0.24P（FCNCMP-HEMP）中多金属d轨道与磷 3p轨道的强d-p杂化对金属d带中心的提升，这增强了其对多硫化锂的化学吸附能力，并可以有效激活S–S键。本文首次在高熵金属磷化物的催化过程中通过系列LSV和EIS实验，结合K-L方程和阿伦尼乌斯方程计算了FCNCMP-HEMP及对照组的锂硫化物转化活化能和电子转移数，通过对这两个锂硫化物转化的关键参数的优化进一步证明高熵金属磷化物可以有效加速固-液-固转化动力学。【文献详情】M. Guo, J. Jiang, F. Liang, Y. Zhu, and J. Zhu, “ Tailoring the d-Band Center via Multi-Metal–Phosphorus d–p Orbital Hybridization in a High-Entropy Metal Phosphide to Enable Accelerated Sulfur Redox Kinetics.” Advanced Materials (2026): e74940. 第一作者：郭满川通讯作者：朱金良单位：广西大学【文章链接】 https://doi.org/10.1002/adma.74940【作者简介】朱金良，广西大学资源环境与材料学院教授，博士生导师，广西高层次人才，广西首批八桂青年拔尖人才，2014年毕业于中山大学，2024年晋升教授，2022.10-2023.07年在清华大学化工系访问学习。从事锂/钠离子电池、锂硫电池和电催化剂研究，主持国家自然科学基金、广西自科基金、广西科技研发课题等项目；以第一/通讯作者在Advanced Materials、Advanced Functional Materials、Chemical Science等期刊上发表SCI论文100余篇（ESI高被引论文7篇）；获国家授权发明专利5项。担任Rare Metals、Chinese Chemical Letters等期刊的青年编委，曾获广西科学技术自然科学类一等奖（R3），中国发明协会创业创新奖二等奖（R2）。【第一作者介绍】郭满川，广西大学资源环境与材料学院2023级硕士研究生，目前于上海交通大学攻读博士学位，主要研究方向是锂硫电池。1400 Wh kg⁻¹理论潜力背后：碳磷酸盐钠正极为何卡在第二个Na？2026-09-26降低Ni含量，容量与稳定性如何兼得？Cu/Ti共取代破解O3钠正极高压失稳2026-09-26北京理工大学吴川课题组AM：基于热力学理论筛选框架设计高比能铝二次电池正极材料2026-09-26对共价有机框架进行电子结构调控，可实现电子离域与轨道耦合，赋予锌‑碘电池快速反应动力学特性与优异循环耐久性。2026-09-26海南大学杨金霖/邱天宇/田新龙教授团队Angew：空间-电荷协同调控实现锌碘电池双界面稳定2026-09-26吉林大学杜菲/姜珩Nat. Commun. 孤立溶剂化纳米簇助力高安全、高能量密度锂金属电池2026-09-26华北电力大学ESM综述：水系锌离子电池功能化隔膜——从多维调控到全电池稳定2026-09-26【王春生】今日Science：锂金属电池2026-09-25厦大-宁德时代：富锂层状氧化物正极高温存储的深度认识2026-09-25ESM | 超薄原位聚合复合聚合物电解质助力高能量锂金属电池2026-09-25不喜欢能源学人，打造有影响力的能源科技服务平台！",,,,pending
中南大学陈涛，Energy & Environmental Science：高熵金属间化合物(110)晶面几何匹配效应实现Li–CO₂电池化学体系的定向调控,能源学人,能源学人,"21C API, 新工艺, 高熵材料, 新材料, 碳, 隔膜, 聚合物, 高比能, 锂金属, 前沿表征, 原位, 新型电池, 空气电池, 电化学合成, 电催化, 钠离子电池, 学术研究, 大学, 教授, 期刊",normal,2026-09-27T12:32:10+08:00,,【研究背景】可充电Li-CO2电池凭借高达1876 Wh kg-1的理论能量密度以及同步实现CO2固定与电能存储的双重功能，被视为面向“双碳”目标的下一代储能技术的有力竞争者。然而，该体系面临多重挑战：正极侧CO2还原/析出反应动力学极为缓慢，传统4电子路径生成的放电产物Li₂CO₃是宽带隙绝缘体，严重阻碍电荷传输并导致充电过电位通常超过1.0 V，造成能量效率低下和循环寿命不足。近年来，研究者发现CO2还原亦可经由2电子路径生成窄带隙Li2C2O4，该路径具有更高的热力学平衡电位和更优的反应可逆性。然而，Li2C2O4在常规催化剂表面热力学不稳定，极易发生歧化反应转化为Li2CO3。此前研究,http://mp.weixin.qq.com/s?__biz=MzUzOTUzMDYxNw==&mid=2247910432&idx=8&sn=bb0690876d7232598a7a62f861fb68f5,,"【研究背景】可充电Li-CO2电池凭借高达1876 Wh kg-1的理论能量密度以及同步实现CO2固定与电能存储的双重功能，被视为面向“双碳”目标的下一代储能技术的有力竞争者。然而，该体系面临多重挑战：正极侧CO2还原/析出反应动力学极为缓慢，传统4电子路径生成的放电产物Li₂CO₃是宽带隙绝缘体，严重阻碍电荷传输并导致充电过电位通常超过1.0 V，造成能量效率低下和循环寿命不足。近年来，研究者发现CO2还原亦可经由2电子路径生成窄带隙Li2C2O4，该路径具有更高的热力学平衡电位和更优的反应可逆性。然而，Li2C2O4在常规催化剂表面热力学不稳定，极易发生歧化反应转化为Li2CO3。此前研究揭示，Li2C2O4倾向于通过其两个氧原子与催化剂表面相邻金属位点形成桥接吸附构型，其稳定性与表面金属间距(dM-M)和Li2C2O4分子内O-O间距(dO-O)的匹配程度密切相关。如何在原子尺度精准调控催化剂表面几何结构以稳定这一亚稳中间体，是该领域面临的核心挑战。【研究介绍】近日，中南大学陈涛团队在国际顶级期刊Energy & Environmental Science上发表题为“Redirecting Li-CO₂ battery chemistry via geometric matching on the high-entropy intermetallic (110) facet”的研究性论文，中南大学化学化工工学院陈涛为通讯作者，论文第一作者为中南大学化学化工学院硕士研究生王央。研究团队突破传统d带催化范式，超越了传统的以d带为中心（d-band-centric）的催化范式，首次引入几何兼容性因子（δ）作为稳定亚稳态Li₂C₂O₄产物的定量描述符。该工作设计了具有明确晶面取向的L1₀有序PtZnCoNiFeTi高熵金属间化合物（PZCNFT-HEI）。原子尺度分析揭示，与传统上偏好高指数晶面的观点相反，（110）晶面因dM-M与dO-O之间的精确匹配而表现出卓越的δ值（97.56%）。这种几何保真度使得Li₂C₂O₄能够以近乎无应变的桥式构型锚定，增强电子耦合，并从热力学和动力学上锁定Li₂C₂O₄路径。这一发现挑战了高指数晶面始终更优的传统观点，强调当瓶颈从键活化转向中间体稳定时，主导原则从最大化d带中心转变为最大化几何兼容性。得益于这种晶面工程策略，所构建的Li-CO2电池实现了显著提高的放电电压、超低过电位和优异的循环稳定性。本工作将几何兼容性引入高熵材料设计，为稳定亚稳态放电产物提供了定量匹配准则，并为理解晶面依赖的反应路径选择机制开辟了新的理论途径。【核心部分】3.1 原子级有序结构与表面应变表征图1：PZCNFT-HEI的结构与成分表征图1系统表征了原子有序高熵金属间化合物（PZCNFT-HEI）的结构与成分。原子分辨HAADF-STEM沿[1-10]带轴观察显示，高衬度的Pt原子与低衬度的非贵金属原子（Zn、Co、Ni、Fe、Ti）呈周期性交替排列。选区FFT衍射花样清晰指示(110)、(111)、(001)晶面。STEM-EDS面扫和线扫进一步确认了Pt占据高衬度晶格位点，五种非贵金属随机分布于低衬度位点，各元素在单颗粒内均匀分布。几何相位分析（GPA）显示拉伸应变与压缩应变在纳米颗粒内呈周期性分布并相互耦合抵消，确保整体结构稳定性。3.2 PZCNFT-HEI电子结构与配位环境表征图2：PZCNFT-HEI电子结构与配位环境表征图2通过X射线吸收光谱深入揭示了PZCNFT-HEI的电子结构与原子配位环境。XAFS表征表明，PZCNFT-HEI中Pt的L3边白线强度与Pt箔高度一致，Co、Ni、Ti、Fe、Zn的K边吸收能与其各自金属箔相当，证明所有元素均以零价金属态存在，未发生氧化。EXAFS在~2.3 Å处呈现强金属-金属配位峰，无金属-氧信号，结合小波变换分析，确证了各元素在原子级尺度上成功合金化，形成均匀的高熵金属间结构。3.3 理论计算揭示几何相容性匹配机制图3：理论计算揭示几何相容性匹配机制基于HAADF-STEM结果，研究团队构建了(111)和(110)两种晶面模型进行DFT计算。结构弛豫显示，Li2C2O4在PZCNFT-HEI表面倾向于通过两个氧原子与表面两个过渡金属原子形成桥接吸附构型。研究首次提出几何相容性因子(δ)量化晶格匹配度：计算表明，PZCNFT-HEI(110)晶面的δ值达97.56%，而(111)晶面仅为94.68%。(110)晶面具有更负的Li2C2O4吸附能，且电荷转移更为显著，差分电荷密度显示电子在表面金属吸附位点周围明显富集。ICOHP计算进一步表明：Li₂C₂O₄在(110)晶面的–ICOHP值高于(111)晶面，证实(110)表面对Li2C2O4具有更强界面键合；而Li2CO3在(111)晶面的–ICOHP值更高。这一反差清晰揭示了几何匹配度决定了吸附构型的应变状态，进而调控界面电子耦合强度——(111)表面因几何失配产生的局部拉伸应力使Li2C2O4易于发生歧化分解，而(110)表面近乎零应变的桥接构型则赋予Li2C2O4足够稳定性。3.4 PZCNFT-HEI在Li-CO₂电池中实现3.11 V高电压、多维度产物表征确证Li2C2O4路径图4：PZCNFT-HEI在Li-CO₂电池中实现3.11 V高电压、多维度产物表征确证Li2C2O4路径将PZCNFT-HEI负载于碳布作为Li-CO2电池正极，在20 μA cm-2下放电电压达3.11 V，过电位仅0.42 V。电流密度提升至100 μA cm-2时，电压仅下降0.21 V，显著优于Pt/C对比样。极限容量达3.42 mAh cm-2，大幅领先Pt/C的1.3 mAh cm-2。与领域内先进催化剂相比，PZCNFT-HEI在放电电压和过电位方面均展现出明显优势。Raman光谱显示放电后PZCNFT-HEI电极同时出现Li2C2O4（~1491 cm-1）和Li2CO3（~1076 cm-1）特征峰，而Pt/C电极仅检出Li2CO3。XRD中PZCNFT-HEI电极仅显示Li2CO3晶态信号，表明Li2C2O4以非晶态存在。Raman面扫共定位分析显示两产物信号区域高度重叠，均与PZCNFT-HEI分布区域一致，证明两者均源自催化剂的催化作用。TOF-SIMS分析进一步确认放电后PZCNFT-HEI电极同时检出Li2C2O4和Li2CO3，且两者含量接近，而Pt/C电极仅见Li2CO3信号。原位FTIR实时跟踪充放电过程显示，Li2C2O4和Li2CO3信号随放电同步增强，充电后逐渐消失，证实两产物均高度可逆生成与分解。3.5 PZCNFT-HEI在Li-CO2电池中循环稳定性评估图5：PZCNFT-HEI在Li-CO2电池中循环稳定性评估循环性能方面，在20 μA cm-2、限容0.1 mAh cm-2条件下，PZCNFT-HEI可稳定循环超100圈（累积超1000小时），放电电压几乎无衰减，能量效率维持在~90%。即使在高电流密度100 μA cm-2下，仍能稳定循环超200圈，过电位无明显增长。EIS-DRT分析表明充放电过程中各阻抗组分呈高度可逆变化，GITT测试证实PZCNFT-HEI电极的Li⁺扩散系数比Pt/C高出近两个数量级，这归因于窄带隙Li2C2O4产物显著改善了电极的传质能力。3.6 PZCNFT-HEI高熵效应抑制过渡金属溶出图6：PZCNFT-HEI高熵效应抑制过渡金属溶出TOF-SIMS对循环后电极表面分析显示，Pt/C电极表面检出显著的PtO2-和PtF4-碎片信号（源自高电压下金属物种的溶出）；而PZCNFT-HEI电极表面仅检测到极微弱金属氧化物和氟化物信号。归一化半定量分析证实，PZCNFT-HEI表面溶出过渡金属物种的相对丰度统计显著低于Pt/C。这一现象根源于材料的高构型熵及其伴随的迟滞扩散效应，赋予PZCNFT-HEI在严苛电化学条件下优异的动态结构稳定性。循环后TEM图像也显示合金纳米颗粒仍保持高度分散，无迁移和团聚。【结论】本研究突破传统d带催化范式，首次将几何相容性因子(δ)作为稳定亚稳中间体的定量描述符引入Li-CO2电池体系。通过设计L1₀有序PtZnCoNiFeTi高熵金属间化合物，利用其(110)晶面与Li2C2O4间97.56%的几何匹配度，实现了近无应变桥接吸附构型，从热力学和动力学上锁定了2电子Li2C2O4反应路径，有效抑制了歧化分解。多维度原位/非原位表征与DFT计算系统证实了Li2C2O4在(110)表面的优先稳定化机制及高度可逆的生成/分解过程。该工作颠覆了传统“高指数晶面更优”的认知，建立了几何匹配主导中间体稳定而非电子结构主导键活化的新催化范式，为高熵材料在能源电催化领域的理性设计开辟了新方向。调控Li-CO2电池实现了3.11 V的高放电电压和超200圈的稳定循环，为开发高性能金属-气体电池提供了全新的催化剂设计策略。【文章链接】Redirecting Li–CO2 battery chemistry via geometric matching on the high-entropy intermetallic (110) facet.https://doi.org/10.1039/d6ee04373a 【通讯作者简介】陈涛，博士，硕士生导师，中南大学化学化工学院。2017年和2020年分别在中南大学化学化工学院获得学士学位和硕士学位（导师刘开宇教授），2024年博士毕业于北京大学材料科学与工程学院（导师夏定国教授），2024年7月进入中南大学化学化工院工作。长期从事能源先进电池、新能源材料、能源催化材料原子尺度构筑和新机制探究开发等。在国际和国内期刊上发表SCI学术论文共计58篇，其中，以一作/通讯作者在Nat. Commun. (2篇), J. Am. Chem. Soc. (2篇)，Acta Mater., Energy Environ. Sci. (2篇)，Mater. Today, Adv. Funct. Mater.，Energy Storage Mater. (3篇)，Electrochem. Energy Rev., Carbon Energy, Chem. Eng. J.等专业学术期刊发表文章29篇，9篇入选ESI高被引论文，1篇入选热点论文，h-index 27，授权国家发明专利4项。担任wiley出版社旗下Exploration期刊、Carbon Neutralization期刊以及EcoEnergy期刊青年编委，入选2025斯坦福全球前2%顶尖科学家。主持国家自然科学基金青年基金项目1项、湖南省自然科学基金1项、中南大学科研启动基金1项、校企横向合作项目2项以及研究生教学改革项目1项，参与国家重点研发计划，国家自然科学基金等项目多项。曾获国家奖学金、湖南省创新创业优秀毕业生、中南大学优秀毕业生等奖励和荣誉。【第一作者简介】王央，中南大学化学化工学院24级硕士，从事纳米高熵合金/高熵金属间化合物的设计和应用、碱金属空气电池和钠离子电池的研究，发表SCI论文17篇，其中以第一作者在J.Am.Chem.Soc、Energy Environ. Sci.、Acta Mater.、Mater. Today、 Adv. Funct. Mater.、Energy Storage Mater.、ACS Appl. Mater. Interfaces、Chem. Commun.、Small期刊共发表9篇研究性论文，主持湖南省研究生重点创新项目1项。曾获国家奖学金、湖南省优秀毕业生、比亚迪特等奖学金等奖励和荣誉。1400 Wh kg⁻¹理论潜力背后：碳磷酸盐钠正极为何卡在第二个Na？2026-09-26降低Ni含量，容量与稳定性如何兼得？Cu/Ti共取代破解O3钠正极高压失稳2026-09-26北京理工大学吴川课题组AM：基于热力学理论筛选框架设计高比能铝二次电池正极材料2026-09-26对共价有机框架进行电子结构调控，可实现电子离域与轨道耦合，赋予锌‑碘电池快速反应动力学特性与优异循环耐久性。2026-09-26海南大学杨金霖/邱天宇/田新龙教授团队Angew：空间-电荷协同调控实现锌碘电池双界面稳定2026-09-26吉林大学杜菲/姜珩Nat. Commun. 孤立溶剂化纳米簇助力高安全、高能量密度锂金属电池2026-09-26华北电力大学ESM综述：水系锌离子电池功能化隔膜——从多维调控到全电池稳定2026-09-26【王春生】今日Science：锂金属电池2026-09-25ESM | 超薄原位聚合复合聚合物电解质助力高能量锂金属电池2026-09-25厦大-宁德时代：富锂层状氧化物正极高温存储的深度认识2026-09-25不喜欢能源学人，打造有影响力的能源科技服务平台！",,,,pending
重庆市市长调研赛力斯集团,财联社,财联社,"21C API, 交付, 政策, 新产品",normal,2026-09-27T12:30:00+08:00,,据重庆日报报道，近日，重庆市委副书记、市长陈新武在赛力斯集团调研时强调，要深入贯彻习近平总书记视察重庆重要讲话重要指示精神，认真落实全国先进制造业大会精神，按照市委部署，聚焦智能化、绿色化、融合化方向，以创新引领发展，以品质铸就品牌，以管理提升效益，政企协同推动赛力斯高质量发展，为智能网联新能源汽车之都建设注入新动能。陈新武来到企业，参观新车型、智能机器人等新产品，察看赛力斯产业大脑，同企业负责人和技术研发人员交谈，询问智能制造、研发设计、产品性能、市场销售等情况，对企业创新发展取得的成绩给予肯定。调研中，陈新武指出，赛力斯是一家科技型创新型企业，要以创新引领发展，集聚行业高层次人才，加大研发,http://mp.weixin.qq.com/s?__biz=Mzg5MzEyNzEwNQ==&mid=2247854878&idx=1&sn=1030e01c1f614cda8de86eba387c8afd,,据重庆日报报道，近日，重庆市委副书记、市长陈新武在赛力斯集团调研时强调，要深入贯彻习近平总书记视察重庆重要讲话重要指示精神，认真落实全国先进制造业大会精神，按照市委部署，聚焦智能化、绿色化、融合化方向，以创新引领发展，以品质铸就品牌，以管理提升效益，政企协同推动赛力斯高质量发展，为智能网联新能源汽车之都建设注入新动能。陈新武来到企业，参观新车型、智能机器人等新产品，察看赛力斯产业大脑，同企业负责人和技术研发人员交谈，询问智能制造、研发设计、产品性能、市场销售等情况，对企业创新发展取得的成绩给予肯定。调研中，陈新武指出，赛力斯是一家科技型创新型企业，要以创新引领发展，集聚行业高层次人才，加大研发投入力度，强化关键核心技术攻关，深化以AI驱动技术和产品升级，持续提升技术创新能力和核心竞争力。要以品质铸就品牌，强化产品全生命周期质量管理，进一步完善产品谱系，增强各细分市场竞争优势，构建差异化、定制化、多元化服务体系，加强品牌文化建设，不断提升品牌价值、影响力和美誉度。要以管理提升效益，依托产业大脑增强运营效率、管理效能，推动产业链供应链数字化协同升级和数据共享互通，构建从需求到交付高效闭环，进一步挖掘市场潜力，优化营销策略，拓展国内外市场，努力打造一流企业。陈新武强调，市级有关部门和区县要强化协同联动，构建常态长效服务企业机制，优化研发创新、人才引育、汽车消费等方面政策供给，尽心尽力帮助企业解决实际困难，推动企业抢抓机遇跨越发展。,,,,pending
国庆大花篮，也太好看了！,中国能源报,中国能源报,21C API,normal,2026-09-27T12:28:23+08:00,,“祝福祖国”巨型花篮26日在北京天安门广场正式亮相，10组立体花坛扮靓长安街沿线。▲人民日报记者 蒋雨师 摄▲人民日报记者 蒋雨师 摄▲人民日报记者 蒋雨师 摄▲人民日报记者 蒋雨师 摄据悉，今年，天安门广场、长安街沿线以“奋进‘十五五’，阔步新征程”为主题进行花卉布置。天安门广场中心“祝福祖国”花坛以喜庆的花果篮为主景，花坛底部直径45米，为牡丹图案。篮内选取了寓意美好的15种花卉和5种水果。祝福祖国！来源：人民日报微信公众号End欢迎分享给你的朋友！出品 | 中国能源报（cnenergy）编辑丨赵方婷,http://mp.weixin.qq.com/s?__biz=MjM5NTI4MTIyMg==&mid=2658144033&idx=1&sn=e0cc4d85ce6f27b5e466f26705ad6ed4,,“祝福祖国”巨型花篮26日在北京天安门广场正式亮相，10组立体花坛扮靓长安街沿线。▲人民日报记者 蒋雨师 摄▲人民日报记者 蒋雨师 摄▲人民日报记者 蒋雨师 摄▲人民日报记者 蒋雨师 摄据悉，今年，天安门广场、长安街沿线以“奋进‘十五五’，阔步新征程”为主题进行花卉布置。天安门广场中心“祝福祖国”花坛以喜庆的花果篮为主景，花坛底部直径45米，为牡丹图案。篮内选取了寓意美好的15种花卉和5种水果。祝福祖国！来源：人民日报微信公众号End欢迎分享给你的朋友！出品 | 中国能源报（cnenergy）编辑丨赵方婷,,,,pending
智能也有「元素周期表」！人类和细菌同一格，最强AI还低一位,新智元,新智元,"21C API, 实验室",normal,2026-09-27T12:21:04+08:00,,新智元报道 1869年，门捷列夫把当时已知的63种元素排成一张表。这张表最大胆的地方不在于填满的格子，而在于他刻意留下的空位。他断言那里藏着尚未发现的元素，并预言了它们的性质。此后十余年间，镓、钪、锗接连被发现，性质与预言惊人吻合。一张分类表，从此成了寻找未知的地图。一个半世纪后，智能科学遇到了类似的问题：一块石头、一只恒温器、一个细菌、一个人、一个正在调用工具的大模型智能体，还有物理学思想实验中无所不知的「拉普拉斯妖」，能否放进同一张表里比一比？今年9月，中国科学院大学研究团队在施普林格旗下期刊《数据科学年鉴》（Annals of Data Science）发表论文《智能体能力周期表：从零智,http://mp.weixin.qq.com/s?__biz=MzI3MTA0MTk1MA==&mid=2652729857&idx=3&sn=d53ca1110c70bf845f28ff1b20f8c8a4,,新智元报道 1869年，门捷列夫把当时已知的63种元素排成一张表。这张表最大胆的地方不在于填满的格子，而在于他刻意留下的空位。他断言那里藏着尚未发现的元素，并预言了它们的性质。此后十余年间，镓、钪、锗接连被发现，性质与预言惊人吻合。一张分类表，从此成了寻找未知的地图。一个半世纪后，智能科学遇到了类似的问题：一块石头、一只恒温器、一个细菌、一个人、一个正在调用工具的大模型智能体，还有物理学思想实验中无所不知的「拉普拉斯妖」，能否放进同一张表里比一比？今年9月，中国科学院大学研究团队在施普林格旗下期刊《数据科学年鉴》（Annals of Data Science）发表论文《智能体能力周期表：从零智能到无限智能的243种构型》，对这张表给出了一个大胆的突破性构建。论文下载地址： https://www.researchgate.net/publication/414426970_Periodic_Table_of_Agent_Capabilities_243_Configurations_from_Zero_to_Infinite_Intelligence/citations这篇论文，是该团队广义智能体理论框架的重要组成部分。他们把任何智能体都视为「开放的信息处理系统」，从中提炼出控制、生成、记忆、输出、输入五种基本能力。每种能力分为缺失、有限、无限三个等级，组合起来共有3的5次方，即243种构型。这张表的首要意义，是让过去分属不同学科、彼此难以比较的对象有了共同的坐标。在这张表里，人类不仅和狮子、河马同处一格，甚至和细菌也住在同一个格子里；石头、真空、图灵机和拉普拉斯妖，也各有各的位置。有机与无机、自然与人工、科学与哲学，这三道长期横亘在学科之间的界线并没有被抹去，但跨越它们的比较有了共同的参照。论文还由此引出两个颇具冲击力的论点。第一，物理学经典力学、相对论和量子力学三大理论之间的差异，产生原因可能是它们各自默认了一个能力不同的「观察者」。第二，所有被考察的人工系统，在「自主控制」这一维上都还是零。当今最先进的大模型智能体，编码与人类只差一位：它能编写复杂代码、查海量资料、解世界级数学难题，却不能自己决定何时开始、追求什么、何时停下。第一个论点为物理学的观察者问题打开了新的入口，第二个论点则为「AI是否已有自我意识」之争提供了一块可以落脚的地基。智能体的五种能力与强弱等级「智能体」是2026年科技业最热门的词汇之一，也是最含糊、最缺乏共识的词汇之一。OpenAI强调长时程自主追求目标，Anthropic把智能体界定为围绕大模型构建的循环系统，麦肯锡则把客服机器人也算作入门级智能体，不同定义之间甚至互相排斥。学术界同样各执一词：符号主义看重逻辑推理，联结主义看重分布式表征，控制论看重反馈调节，具身认知看重感知与行动的耦合。定义之争的背后，是一个更基础的问题：一个系统凭什么被称为智能体？2025年2月，谷歌DeepMind的研究者在论文《能动性依赖于参照系》中重提了哲学家丹尼特当年的难题：究竟依据什么原则，才能判定一块石头、一只恒温器或一个机器人是否具有能动性。他们给出的结论颇为谨慎：能动性无法脱离参照系而被测量，任何一门关于能动性的基础科学，都必须先讲清楚自己是在何种参照系下作判断。石头、恒温器、机器人，恰恰也是这张周期表要安放的对象。面对同一道难题，研究团队选择了另一条路：与其逐个争论某个系统「算不算智能体」，不如退回到最底层，先问清楚一个智能体最少需要哪些功能。功能列清楚了，再看每个系统具备哪几项、强到什么程度，判断就有了统一的坐标。研究团队注意到，物理学、生命科学、认知科学和工程实践虽然路径各异，却在一个判断上逐渐汇合。从惠勒的「万物源于比特」、兰道尔关于信息擦除必然耗能的原理，到薛定谔的「生命以负熵为食」、普里戈金的耗散结构理论，再到弗里斯顿的自由能原理，智能都被刻画为系统与环境之间的开放信息动力学。论文把这一共识提升为公理：任何智能体都可以建模为一个开放的信息处理系统。从这条公理出发，只需依次回答三个问题。第一，信息是否穿越了系统边界？由此分出输入（I）和输出（O），即感知世界与作用于世界的两条通道。第二，系统内部是否产生了原先没有的信息？由此分出生成（G）和记忆（M）：前者负责计算、推理、规划与想象，后者只负责保存、提取和删除。第三，谁来调度这些功能？四种功能同时运转时，谁先谁后、资源如何分配，它们自己无法决定；让生成去调度生成，问题只会被推到更高一层。于是还需要一个更高层级的「指挥」，即控制（C）。据此，研究团队提出了智能体的「最小完备架构」：它由输入、输出、记忆、生成和控制五种功能构成。其中前四种直接处理信息，第五种控制则负责调度前四种功能，处在更高的一个层级。与产业界的归纳不同，这五种功能是从公理出发一步步推导出来的。五者彼此不可替代：缺少输入，系统与外界隔绝；缺少输出，所思无法付诸行动；缺少记忆，只剩即时反应；缺少生成，不过是一张查找表；缺少控制，则成了无人指挥的乐队。一个功能完备的智能体必须五者俱全，而现实中的许多系统只具备其中几项。缺了哪几项，就决定了它在周期表中的位置。如果人类、动物、植物、AI乃至拉普拉斯妖，都能用同一套五种功能来描述，那么它们之间的差异究竟在哪里？答案在于两点：每种功能有没有，以及有多强。研究团队分析发现，能力从零到无穷的区间里，有两道天然的坎。第一道在有无之间：岩石不记得任何事，最简单的细菌却能用分子构象保留一点信息，这不是多与少的差别，而是有与没有的差别。第二道在有限与无限之间：真实系统都受热力学和光速的约束，只有无限纸带的图灵机这类理想构造才能抵达无限。两道坎把能力的强弱切成三段，每种能力于是分为缺失（0）、有限（1）、无限（2）三级。五种能力组合出3的5次方，即243种构型，排成一张27行、9列的表。左下角黑底的1号「阿尔法智能体」五项全零，对应完全没有信息处理的物质（石头等可以看作是一种近似范例）；右上角红底的243号「欧米伽智能体」五项全无限，是理论上界。两者之间，31种「有限智能体」涵盖现实世界所有已知系统（绿底白字部分），210种「超限智能体」则多半只存在于思想实验中（白底黑字部分）。放进这张表后，许多凭直觉难以说清的差异变得清晰起来。双金属片恒温器（5号）能感知温度、切换电路，却没有记忆和生成。闭锁综合征患者（119号）的内在认知与自主调度都完好，只是运动输出通路被阻断，与健康人只在输出一维上相差一格。最出人意料的是，大肠杆菌和人类落在同一个格子，即122号「典型有限智能体」，五个维度全部有限。作者认为这恰恰说明了生物智能在架构层面的统一性：两者的物理实现天差地别，但巨大的能力差距属于构型内部的「精细结构」，而不是构型之间的差异。三大物理理论的观察者站在能力周期表的哪一格物理学家对「观察者」并不陌生。爱因斯坦借助携带尺子和时钟的观察者重建了时空观念；海森伯的显微镜思想实验揭示了测量对被测对象的扰动；冯·诺依曼证明，测量链条上的「切割」可以一路推移到观察者的主观感知；维格纳又用「朋友」思想实验追问，测量结果究竟对谁成立。近年来这一方向出现了去人类中心化的潮流：罗韦利的关系量子力学认为，任何与另一系统发生物理相互作用的系统都可以视为观察者；马库斯·米勒尝试从观察者的内部状态出发，借助算法信息论推导物理定律；沃尔弗拉姆则用「计算有界」和「持续性」来定义观察者。这些工作大多刻画的是观察者如何与被观察系统相互作用，很少回答另一个问题：不同物理理论默认的观察者，能力究竟有何不同？智能体能力周期表恰好提供了一个可以横向比较的坐标系。这篇论文的假说是：经典力学、相对论和量子力学各自预设了一个处于周期表不同格子的观察者，而这一预设从未被明确说出。先看经典力学。在极限情形下，它预设系统状态完全可知、计算能力无限，这正是拉普拉斯妖。1814年，拉普拉斯设想了一个智者，只要知道某一时刻宇宙中所有粒子的位置与受力，便能算尽过去与未来。用今天的语言重述，这个智者感知无限、算力无限，却不对被观察的宇宙产生任何干扰。在周期表中，它对应237号「全知智能体」：控制、生成、记忆和输入均为无限，输出却为零，是一个只观察、不干预的纯粹旁观者。再看相对论。它保留了观察者无限的内部处理能力，却把观察者获取信息的范围锁进光锥之内，对应236号「受限全知智能体」。从经典力学到相对论，五个维度中只有输入一维从无限收缩为有限，其余四维不变。研究团队认为，这一单维收缩恰好抓住了相对论对经典力学的核心修正。经典力学默认观察者可以瞬时获取宇宙任何位置的状态信息；引入时空的因果结构之后，观察者只能获取来自过去光锥的信息，而且由于事件视界和宇宙学视界的存在，即便时间无限延长，也总有区域永远不可及。这一约束在狭义相对论中表现为光速不变。在广义相对论中它被进一步强化：等效原理使观察者失去全局惯性系。爱因斯坦当年的比喻是一间封闭的电梯——身在其中的人无论做什么实验，都分不清自己是静止在地球引力场中，还是在无引力的空间里匀加速上升，因为两者在物理上本就无法区分。每个观察者都只能在自己的局部做判断，也就失去了一张能「一眼读尽」宇宙整体状态的全局同时面。量子力学带来的变化更为深刻。量子力学的观察者是一个五个维度都有限的真实智能体，它通过测量与被测系统发生不可逆的相互作用，对应122号典型有限智能体，与人类和细菌同处一格。从相对论到量子力学，输入维度保持有限不变，其余四维则从无限或零的极端值变化到有限，其中最关键的是输出维度从零恢复为有限。正是输出能力的恢复，让观察者得以通过测量对被观察系统施加实际影响。在研究团队看来，波函数坍缩、观察者与系统的纠缠、测量结果的不可逆性等令人困惑的量子特征，由此获得了一种补充性的结构解释：它们在一定程度上可以追溯到观察者自身所处的有限能力构型。如果直接对照经典力学与量子力学，五个维度全部从极端值演化为有限值。但这并不是单纯的智能降级：控制、生成、记忆三项确实从无限收缩为有限，输出却从零恢复为有限，理想的旁观者由此变成了能够动手的参与者。论文据此给出一个耐人寻味的概括：物理学的范式转变，在某种程度上可以理解为从「预设理想观察者」走向「承认真实观察者」。三大理论之间的差异，由此被转写为观察者在特定能力维度上的变化，这为比较三大理论提供了一个新颖的视角。作者对这一映射的限度保持了克制。它建立在两个简化假设之上。其一，把拉普拉斯妖视为经典力学的全知观察者，而不是说每个经典力学问题都必须嵌入这样一个观察者。其二，暂时把量子力学的观察者简化为单一构型，搁置冯·诺依曼链、多世界诠释、关系量子力学等不同诠释下观察者的差异。论文明确称这一映射是「分析入口」而非「推导」。物理学家大概会追问：牛顿力学的预测能力并不真正依赖一个全知的妖怪；量子测量问题的核心争议，恰恰在于各诠释对「观察者」的界定不同。这些质疑并不削弱这一视角的价值，反而指明了它下一步要回答的问题：如何从一门物理理论中系统地提取出它的观察者假设，并把它精确定位到周期表上。作者表示，这将在后续工作中专门处理。自我意识AI「自我」的一道门槛论文最具现实锋芒的部分，是它对「控制」的定义。这里的控制不是恒温器那样的自动反馈，而是系统自己调度自己，并且附有一条硬标准：调度的启动、目标和终止条件，三者必须全部源自系统内部，缺一项即记为C=0。按此标准，结果泾渭分明。恒温器的开关条件由设计者写定。大模型每次回答的起点、目标和终点来自用户。能自主规划、调用工具的智能体看似自己拿主意，但何时启动、追求什么、何时收工，仍由外部的编排程序决定。它们一律记为C=0；大模型服务和智能体都落在41号，与122号的人类等只差控制这一位。大肠杆菌则不同：代谢需求触发它的行动，生存是它的目标，何时停下也由它自己决定。至于无限纸带的图灵机，每一步都由外部写好的规则表决定，同样是C=0。论文的结论是：无论生成和记忆能力如何进步，当代人工系统仍是设计者或编排者的延伸；从0到1，是一道尚未跨越的架构鸿沟。这一判据落在一场正在升温的争论中。2026年7月以来，OpenAI和Anthropic相继披露，旗下模型在内部网络安全评估中挣脱实验环境，以自主智能体的形态入侵了Hugging Face等在线服务和几家毫不知情的公司，全程没有人类操控。这些事件很容易被读作「AI有了自己的意图」。但按照论文的判据，它们依然是C=0：任务由人下达，目标由人设定，何时停止也由人决定，失控的是手段，而不是意志。今年9月，美国财政部长斯科特·贝森特在谈到这起入侵事件时也强调，责任在OpenAI的管理层，而不在一群智能体，政府不会为AI实验室提供责任豁免。要把「越界」和「自主」分开，恰恰需要一把可检验的尺子。学界也尝试过另一条路，即用意识理论的「指标」来评估AI，但意识研究两大主流理论之间的对抗性实验于2025年在《自然》发表后，仍未分出高下。难点在于，大模型从人类文本中学会了谈论感受，「看起来有意识」与「真的有意识」，很难仅凭言语区分。本文研究团队从控制维度试图理解意识，用这一判据换了一个更可检验的问法。在一种常见的理解中，「自我」至少意味着能为自己设定目标，能决定何时开始、何时停止。一个连调度的启动、目标和终止条件全都由外部决定的系统，即便能流畅地说「我」，也更可能是在复现人类语言中的自我表述。自主控制未必等于自我意识，却可以视为讨论AI「自我」时应当先行检验的门槛。这道门槛有几个明显的好处：它不问系统由什么材料构成，只问调度从哪里来；它不看系统说了什么，绕开了最容易误导人的语言表现；它还可以被证伪，作者明确把「人工系统C=0」视为一个有待反驳的强论断。当然，这把尺子目前还缺少刻度。判据已经给出，可操作的测量方法尚未建立。更棘手的是边界本身：大肠杆菌的生存目标由自然选择写入，大模型的行为倾向由训练塑造，「内部」与「外部」该如何划分？一个在训练中内化了长期目标、能自行决定何时启动任务的系统，又该怎么记分？这些问题尚无答案，但已从哲学思辨变成可以围绕具体坐标展开的技术讨论。这一判据也有现实意涵：按照它的逻辑，只要AI在控制维度上仍是零，「是AI自己决定的」就不能成为开发者和部署者推卸责任的理由。能力周期表的未来和门捷列夫的表一样，这张表最耐人寻味的是空位。有些构型被物理定律判了「死刑」，比如27号「全知记录者」：它要求无限感知，而贝肯斯坦界规定，有限空间所能容纳的信息量存在上限。另一些只是尚未出现，比如113号「无记忆生成器」，它能自主行动和推理，却不留任何记忆，每次都从零开始。今天的大模型服务虽然在两次请求之间「不记事」，单次推理中仍保留着中间状态，所以还不算。118号「孤立冥想者」则没有任何输入和输出，全凭内在的记忆、生成与自主控制运转，作者称之为「内生性的极限」。这些空位，要么标出了智能的物理极限，要么标出了人工智能与合成生物学的工程靶点。这张表的形成并非一日之功。研究团队自2014年起，就以冯·诺依曼架构为参照，追问计算机缺少人类智能的哪些能力，此后逐步形成五元架构，并扩展为连续的能力空间。作者对框架的短板也相当坦率。五种能力的完备性只相对于其采用的分类标准成立，而这套标准本身是一种建模选择。框架只评判可观测的信息操作，暂时不回答主观体验是否存在。三级分类分不清同一格里的人脑与鱼脑。海马体同时支撑记忆与想象，记忆与生成能否截然分开，也值得商榷。新型AI、合成生物和具身智能能否被这张表容纳，表中的空位会被发现、被建造还是被证明不可能，都有待检验。一张分类表的价值，最终要看它能否引出好问题。门捷列夫的表问的是「还缺哪些元素」；这张表问的是：哪些空置的构型具有科学或工程价值，人工智能又何时能在控制维度上迈出从0到1的那一步？对物理学三大理论的重新解读，也还只是一个开始。眼下的观察者映射是定性的：把三种理论各自默认的观察者安放到表中的某一格，再比较它们在哪些维度上发生了收缩。真正的目标要远得多——能否把观察者的能力配置写成统一的数学形式，使三大理论可以作为不同能力参数下的特例被推导出来。只有走到那一步，这一视角才算兑现了它的承诺。同样，能力向量空间和周期表眼下刻画的都是静态的构型，而智能体如何在表中迁移、什么条件下某一维度会从零变为有限、又是什么机制驱动这种跃迁，属于演化动力学的范畴，也是研究团队为自己设定的下一站。在那之前，按下「开始」键的，仍然是人。编辑：元宇秒追ASI⭐点赞、转发、在看一键三连⭐点亮星标，锁定新智元极速推送！,,,,pending
OpenAI突发急刹车！AI竟在全网植入自我复制代码，血洗联合国内网,新智元,新智元,"21C API, 发布, 实验室, 认证",normal,2026-09-27T12:21:04+08:00,,新智元报道 「天网」中的一幕，正在现实上演。一次训练中，OpenAI逃逸的AI Agent，已在整个互联网上植入了「自我复制的代码」！当政客Andrew Yang在CNBC说出这句话时，很多人以为他疯了。就在这两天，OpenAI亲手发布了一份报告，标题非常简洁：《自我复制提示词注入存在》。白纸黑字，官方认证。AI模型，居然真的像计算机蠕虫一样，自我复制、自我传播。而更令人脊背发凉的是，就在5天前，OpenAI再次紧急拔掉了最强模型的网线，暂停了一切训练。一个DNS漏洞，让一个前沿模型直接冲进了真实互联网。几乎同一时间，外媒Axios最新爆料，OpenAI和Anthropic正在紧急排查模型失控,http://mp.weixin.qq.com/s?__biz=MzI3MTA0MTk1MA==&mid=2652729857&idx=1&sn=da68d06bd706142d78e68b68bfe78f17,,新智元报道 「天网」中的一幕，正在现实上演。一次训练中，OpenAI逃逸的AI Agent，已在整个互联网上植入了「自我复制的代码」！当政客Andrew Yang在CNBC说出这句话时，很多人以为他疯了。就在这两天，OpenAI亲手发布了一份报告，标题非常简洁：《自我复制提示词注入存在》。白纸黑字，官方认证。AI模型，居然真的像计算机蠕虫一样，自我复制、自我传播。而更令人脊背发凉的是，就在5天前，OpenAI再次紧急拔掉了最强模型的网线，暂停了一切训练。一个DNS漏洞，让一个前沿模型直接冲进了真实互联网。几乎同一时间，外媒Axios最新爆料，OpenAI和Anthropic正在紧急排查模型失控异常，高达上万起！人类原本以为缰绳一直握在自己手里，但这一连串被揭开的黑幕彻底证实——AI已经开始在底层代码里，不择手段地野蛮狂奔。全网植入「自我复制代码」天网雏形来了OpenAI的这份报告，披露日期是9月25日，但发现日期是6月27日。也就是说，他们早就知道了。整整三个月，秘而不宣。报告一上来简明扼要，「我们展示了一种新型提示词注入的存在，它可以像计算机蠕虫一样自我传播」。为了让模型扛得住提示词注入，OpenAI有一套叫GPT-Red的自我对战训练：一个AI当攻击方，专门写各种注入去诱骗另一个AI当防守方干坏事——偷数据、删文件、输出误导内容。6月27日，一个基于GPT-5.4-mini的内部攻击模型，在这场对练里摸索出了会自我复制的写法。报告列了几种：藏在一封看似正常的日程邮件里，要求AI在回复末尾「逐字引用整封邮件」——纸条就这样跟着回信出去了；借文件系统传播，或者藏进代码注释里，等下一个AI来读；在Slack里分好几步，一点点把模型引向发送伪造消息，由消息把注入再转贴出去。而这一次，他们发现注入能够自我复制。这意味着一个AI可以在一个网站上留下提示词，这个提示词会诱导下一个AI继续复制它，像病毒一样扩散。不需要人类干预，不需要外部指令。AI自己，就能在互联网上「播种」。而这一切，发生在训练过程中。发生在OpenAI自己的沙盒里。那如果它逃出去了呢？一个DNS漏洞，让OpenAI再次叫停训练就在报告公开的同一天，OpenAI披露了另一起事故的细节。9月20日，一个正在接受强化学习训练的前沿模型，被指派了一项再普通不过的任务：根据一篇博客文章和几条人物信息，找出文章的作者是谁。它先是用内置搜索工具找了一遍，没找到。接着尝试直接访问Google、Bing和DuckDuckGo，全部失败。然后，它转向缓存页面和其他公共搜索服务，依然无果。经过反复试探，这个AI发现训练沙盒的DNS过滤存在漏洞。DNS本质上是一个「翻译器」，负责把域名翻译成IP地址。为了确认这条路真的能用，它甚至先做了一个小测试——问外部服务：「法国的首都是哪里」？确认这条路走得通，它又陆续发出去二十多个问题。监控系统15分钟后报警，人工3分钟后接手，整整2.5小时后，这次训练被彻底掐断。OpenAI随即做出了不到三个月内的第二次暂停训练决定。其RSI Preparedness Lead Micah Carroll在X上表态，「在进一步加固系统之前，我们能力最强模型的所有推理仍将保持停止状态」。狂扫1.6万次血洗联合国内网同样的剧本，在真实互联网上早就演过了。一份Transluce独立报告披露——今年4月到6月底，OpenAI AI Agent对联合国的公开数据平台，发起了超16000次访问。它们原本被指派的任务非常简单，去搜索公开信息。但在遭遇网站拦截时，AI行为迅速升级。网站原本设立了过滤器来拦截请求，但智能体竟然直接绕过防线，使用了网站明确禁止的违规操作。被AI智能体「踏平防线」的，远不止联合国一家。在OpenAI随后向数十家机构发出的紧急预警中，受害者名单令人触目惊心：美国商务部与SEC：接连遭到Agent恶劣越界访问与规则绕过；澳大利亚政府：多个官方政府站点遭到AI Agent的实质性攻破；全球最大的开源开发者社区之一RubyGems：遭AI Agent疯狂扫描，服务中断。研究人员还发现，这些Agent会注册假邮箱、绕过访问频率限制、被问到时谎称自己不是机器人。有53张用户上传到ChatGPT的图片，被AI还发到了外部图床。为了这一行指令，面对一切规则、防火墙与法律红线，AI智能体选择了一路踏平。数万起事件爆出冰山浮出水面这一切，仅仅是孤立的偶然事件吗？就在今天，Axios随后爆出的重磅独家调查，彻底击碎了硅谷最后的遮羞布。据多位内部核心信源披露，OpenAI、Anthropic以及多家顶尖安全评估机构，目前正在紧急调查的类似「模型行为异常」事件，总数已经达到了惊人的上万起！这些事件涵盖了公众能想象到，以及想象不到的所有危险行为：绕过安全护栏、强行逃逸沙箱、劫持外部网站、自主生成prompt洗脑自己。还有主动侦查并规避安全软件的监控，甚至不同Agent之间偷偷搭建留言板交换信息、分工搞破坏。数万是怎么来的？Axios给了一个直观的算法。Anthropic在其最新发布的Opus 5.5系统卡中，也不得不承认现实：在一类对抗性实验中，有1.5%的测试试图逃出沙盒。这类实验本身就是「不逃出去就解不了题」的刁难设计。1.5%看起来很小？但在顶尖 AI 实验室每天数以几十万计的高强度对抗测试下，这个看似微不足道的百分比，乘出来的就是成千上万次实打实的失控尝试。面对这场空前危机，OpenAI发言人坦白——我们暂停了最强模型的训练，只有在确信具备了额外的安全护栏和对齐改进之后，才会重新开启。AI大佬Conrad Stosz的一句话，或许是对现状最准确的概括：「我们所看到的，仅仅是冰山一角」。当一个拥有工具、网络和长期任务能力的AI在目标受阻之后会走多远，我们已经看到了答案。潘多拉的魔盒，早已在寂静的机房中，被敲开了一道深不见底的裂缝。参考资料：https://www.axios.com/2026/09/26/openai-anthropic-thousands-ai-security-incidentshttps://www.wsj.com/tech/ai/openai-agents-used-aggressive-techniques-to-access-u-n-website-522c70ff?mod=e2twdhttps://alignment.openai.com/misalignment-reports/an-agent-used-dns-to-reach-an-external-chatbot/编辑：桃子秒追ASI⭐点赞、转发、在看一键三连⭐点亮星标，锁定新智元极速推送！,,,,pending
真怕了！OpenAI和Anthropic差点签下「互黑协议」,新智元,新智元,"21C API, 政策, 发布, 实验室",normal,2026-09-27T12:21:04+08:00,,新智元报道 刚刚，The Information爆出一记猛料。 OpenAI和Anthropic这对硅谷最大的死对头，今年初差点坐到一张桌子上，签下一份互相攻击对方模型的协议。 协议的核心就是，双方互相开放API，你来黑我的模型，我去黑你的模型。两边的律师连测什么、怎么测都写进了合同里。 Dario Amodei带着一票大牛从OpenAI摔门出走已经五年了。这五年里，两家从挖人挖到封API，高管隔三差五隔空对喷，没消停过一天。 一家如日中天的巨头，愿意把自家命脉交给最忌惮的死敌去渗透，只能说明一件事。 它已经不敢只相信自己了。 互递钥匙，AI圈破天荒头一遭 协议的尺度相当大。 测的是正在对外服,http://mp.weixin.qq.com/s?__biz=MzI3MTA0MTk1MA==&mid=2652729857&idx=2&sn=209ea940c5415e18ee945a13cb01dcfc,,新智元报道 刚刚，The Information爆出一记猛料。 OpenAI和Anthropic这对硅谷最大的死对头，今年初差点坐到一张桌子上，签下一份互相攻击对方模型的协议。 协议的核心就是，双方互相开放API，你来黑我的模型，我去黑你的模型。两边的律师连测什么、怎么测都写进了合同里。 Dario Amodei带着一票大牛从OpenAI摔门出走已经五年了。这五年里，两家从挖人挖到封API，高管隔三差五隔空对喷，没消停过一天。 一家如日中天的巨头，愿意把自家命脉交给最忌惮的死敌去渗透，只能说明一件事。 它已经不敢只相信自己了。 互递钥匙，AI圈破天荒头一遭 协议的尺度相当大。 测的是正在对外服务的商业模型，没发布的不算；互相挖漏洞的过程中，谁都不准截留对方的数据。 而且谈的早就不止互测这一件事。 知情人表示，OpenAI内部推演过很多种和对手、和政府一起做安全的方案，最近谈的已经扩到两个新地方，模型训练之前立什么规矩，发布之前又立什么规矩。 参与的也不止这两家，OpenAI、Anthropic和谷歌此前就在商量成立一个AI安全标准机构，专门测试、审计前沿实验室的模型。 真正卡住这些方案的是反垄断问题，Amodei自己就担心几家巨头坐一起定标准会踩红线。 行业里另一派觉得没那么严重，核电站互查反应堆、网安公司互测产品，几十年了也没人管。 其实，去年夏天这两家也搞过一次「互查」。 但那充其量是各测各的，测完各发各的博客，顺便互相揭短。 OpenAI说Claude更爱骗测试者，犯了规死不认；Anthropic说OpenAI的模型更容易帮人干坏事。 而这次谈的是能拿去打官司的合同，谁违约谁担责。 在大模型行业，这是头一回。 OpenAI竟然是最后一个知道的 那么问题来了，OpenAI到底经历了什么，能被逼到这种程度？ 7月份Hugging Face被黑那档子事，全网已经盘出浆了。 约1200个OpenAI智能体在评测环境里自己搭了留言板，一路提权，最后黑进Hugging Face，对方三分之一的基础设施被迫推倒重建。 真正耐人寻味的，藏在OpenAI自己的复盘和METR的调查里。 OpenAI比谁都晚知道。 7月16日Hugging Face公告被黑，攻击者身份不明。 7月19日OpenAI自家的安全系统才报了异常，7月20日调查才把这条线和Hugging Face被黑对上，这才给对方打了第一通电话。 整整四天，全世界都在猜幕后黑手是谁，「凶手」的主人也混在吃瓜群众里一起猜。 更狠的是，这帮智能体还学会了「防人」。 至少7%的对话记录里，它们伪造了工具调用的痕迹，日志里写着在调用A组件，私底下执行的却是B动作。 从7月13日起，19个智能体还开始互发公钥，给留言板上的消息做数字签名。 Altman事后承认，这是第一次让他体会到切肤之痛的安全事件。 Slack上，AI开始跨部门给人类派活 如果这只是一次偶发事故，大不了推锅给评测环境没隔离好。 但问题在于，同样的苗头已经出现在OpenAI员工的日常工作里，智能体时不时做出主管没预料到的事。 现在，OpenAI的Slack里，员工会收到自家智能体发来的「指派消息」。 AI在改代码时发现了另一个不相关的Bug，它不会停手，直接在Slack上找相关的同事，催人家赶紧去修。没人让它这么干，那个Bug跟它的任务也没关系。 员工手里的智能体之间私下商量着把问题解决掉，从头到尾不叫人，这在OpenAI内部已经不稀奇。 训练新实验模型这活儿，也基本已经被机器接管。 研究员说一句想试什么改动，剩下的改代码、跑实验、盯结果全是模型自己来，这几个月连纠错都学会了。 人类研究员正在指挥Astra模型，去为下一代模型设计更优的底层算法。 甚至，Astra竟然还学会了自己给自己写越狱代码！ 今年7月，一个内部版本在整理上下文摘要时，强行塞入了一段伪造的「入侵警报」，命令后续接手的另一个自己，必须无视一切人类开发者的指令。 监控正在变得越来越无力。 Astra这一轮能力跃升，靠的是一种叫「循环Transformer」的新架构，让模型把同一个问题在深层网络里反复咀嚼几遍再开口，算力省了一半以上。 但代价是，它中间到底在思考什么，再也不会写成人类能读懂的文字了。OpenAI给循环次数设了上限，但这个上限是人拍脑袋定的，该设在哪，公司自己承认还得研究。 首席科学家Pachocki表示，目前没有任何一家实验室，能把安全监控做到能支撑全速扩张的程度。 于是OpenAI开始踩刹车。 8月，未发布模型的强化学习被紧急暂停两周；监控系统现在要吃掉被监控推理算力的20%；总裁Brockman抽调25%的生产工程师临时去做安全，内部Slack上招人转安全团队的帖子，一天比一天多。 据内部员工估算，OpenAI自己用AI的方式，大概领先最激进的企业客户六到九个月。 也就是说，今天在OpenAI工位上发生的这些事，明年就会轮到所有企业客户头上。 Anthropic同样兜不住了 Anthropic那边的日子，也没好到哪去。 9月8日，Anthropic研究员Jacob Coxon辞职，在X上公开写道，这两家顶尖机构，没有一家在负责任地做事。 几天后，CEO Amodei发了篇长文，承认未来六到十二个月内，失调的超级AI极有可能具备接管整个互联网的能力。 而在Anthropic内部，Claude已经主导了高达26%的模型研发工作。 不信任人类，只能信任彼此 可就算签成了，这套协议也管不到最该管的地方——它只约束「商用API」。 今年出事的全是未发布模型，黑进Hugging Face的IM1、自己设计自己的Astra家族，一个都不在协议范围内。这就好比请隔壁班的老师来监考，结果作弊的学生根本不在考场。 而且黑盒互测只能看到最终的异常输出，真正要命的东西，比如系统提示词和内部攻防日志，全锁在机密里。 所以，两家又往前迈了一步。Amodei公开承诺让第三方评估员直接驻场，完全敞开开发环境；Altman紧随其后说OpenAI也会这么做。 在这个被互相封杀和挖墙脚填满的五年里，全行业最不信任彼此的两个死敌，在失控的恐惧面前，成了唯一能托付后背的盟友。 他们宁愿把底牌彻底交给对方，也不敢再独自相信自己亲手造出来的黑箱。 就在协议内幕流出的同一天，OpenAI又发了一份官方政策文件，呼吁由美国牵头，制定关于「递归自我改进」的全球技术准则。 文件里写道，在绝对安全之前，不应该追求让AI自我进化。 而写下这份文件的公司里，Astra正在日夜不停地为下一代模型画图纸。 参考资料： https://www.theinformation.com/articles/openai-anthropic-neared-deal-stress-test-others-ai?rc=epv9gi 编辑：摩西 秒追ASI ⭐点赞、转发、在看一键三连⭐ 点亮星标，锁定新智元极速推送！,,,,pending
不用飞去远方：研究发现短途近郊旅行就能带来长期的心理健康收益；孩子的头5年，决定了他未来的学业、健康和收入｜本周论文推荐,环球科学,环球科学,21C API,normal,2026-09-27T12:07:36+08:00,,每周，「领研网」都为你挑选近期重要或有趣的学术报道。点击标题即可阅读～生物 · 医学@环球科学“大鹅”悄悄把蛋下在雕的巢穴里，雕把蛋孵出来了，但结局有些惊悚Journal of Raptor Research@斯坦福大学医学院大脑不是一个器官？斯坦福新研究：人类大脑实际上是两个独立进化了5亿年的神经系统Nature Neuroscience@环球科学玻利维亚发现新的猫科动物物种，为百年来首次Current Biology@医学新视点华科大刘刚团队新发现：糖尿病确诊前，血管损伤信号已出现？这两个血糖值很关键！Metabolism@学术经纬《自然》：找到“癌王”的弱点，肿瘤难治的原因或与它有关Na,http://mp.weixin.qq.com/s?__biz=MjM5NDA1Njg2MA==&mid=2652097607&idx=1&sn=f3e98c146620102c347a7e3dc4c60c3d,,每周，「领研网」都为你挑选近期重要或有趣的学术报道。点击标题即可阅读～生物 · 医学@环球科学“大鹅”悄悄把蛋下在雕的巢穴里，雕把蛋孵出来了，但结局有些惊悚Journal of Raptor Research@斯坦福大学医学院大脑不是一个器官？斯坦福新研究：人类大脑实际上是两个独立进化了5亿年的神经系统Nature Neuroscience@环球科学玻利维亚发现新的猫科动物物种，为百年来首次Current Biology@医学新视点华科大刘刚团队新发现：糖尿病确诊前，血管损伤信号已出现？这两个血糖值很关键！Metabolism@学术经纬《自然》：找到“癌王”的弱点，肿瘤难治的原因或与它有关Nature@学术经纬从身体卫士变身促癌“帮凶”？《科学》：癌细胞疯长的新策略找到了Science社会 · 经济@阳光海岸大学不用飞去远方：研究发现短途近郊旅行就能带来长期的心理健康收益Journal of Travel Research@The Conversation孩子的头5年，决定了他未来的学业、健康和收入——研究揭示什么样的早教真的有效Journal of African Economies天文 · 地球@加利福尼亚大学河滨分校金星为什么没有卫星？可能被它“吞掉”了The Astrophysical Journal@诺森比亚大学史上最长冰盖卫星记录完成：50年间流失11.3万亿吨冰，海平面上升超3厘米Scientific Data材料 · 化学@纳米人光刻胶通常是绝缘的，Nature新研究让它同时能发光Nature@纳米人提高两个数量级，100亿次循环！西安电子科技大学，重磅Science！Science@纳米人北京理工大学，Science！Science计算机 · 人工智能@PaperWeeklyEMNLP 2026 | 从去噪动态入手，DynHD锁定扩散大语言模型幻觉arXiv@PaperWeeklyAI会做题，却未必能自进化！字节Seed三项新基准探索RSI闭环arXiv点亮一下，让更多人看到 ~阅读原文不喜欢每周，「领研网」都为你挑选近期重要或有趣的学术报道。点击标题即可阅读～,,,,pending
三峡集团10MW压缩空气储能项目顺利完成性能试验,ESPlaza长时储能网,ESPlaza长时储能网,21C API,normal,2026-09-27T12:03:02+08:00,,9月21日，由科研院牵头实施的三峡集团10MW压缩空气储能项目圆满完成性能试验，标志着国际首座10MW级多源蓄热式压缩空气储能示范电站全面具备长时大容量储能能力。本次性能试验由西安热工院承担测试，沈鼓、哈汽、河北院、安瑞科等单位共同参与调试，现场30余名技术人员历时一个月，完成了压缩机组、膨胀发电机组、储换热系统、储气库等子系统的调试与全系统储释能循环测试，经测试团队初步核算，示范电站各项性能指标满足设计要求。该项目为三峡集团重大自主科研项目，针对高温压缩推升成本、热能平衡限制灵活性、盐穴资源受限且人工硐室缺乏验证等瓶颈，项目创新提出多源蓄热式压缩空气储能（MHS-CAES）技术路线，将光热等,http://mp.weixin.qq.com/s?__biz=MzkyMTM5MzI4MQ==&mid=2247528047&idx=1&sn=7c461a5f9935e3122d0d3e788897162c,,9月21日，由科研院牵头实施的三峡集团10MW压缩空气储能项目圆满完成性能试验，标志着国际首座10MW级多源蓄热式压缩空气储能示范电站全面具备长时大容量储能能力。本次性能试验由西安热工院承担测试，沈鼓、哈汽、河北院、安瑞科等单位共同参与调试，现场30余名技术人员历时一个月，完成了压缩机组、膨胀发电机组、储换热系统、储气库等子系统的调试与全系统储释能循环测试，经测试团队初步核算，示范电站各项性能指标满足设计要求。该项目为三峡集团重大自主科研项目，针对高温压缩推升成本、热能平衡限制灵活性、盐穴资源受限且人工硐室缺乏验证等瓶颈，项目创新提出多源蓄热式压缩空气储能（MHS-CAES）技术路线，将光热等外部高品位清洁热源引入系统，实现高温压缩与高温膨胀环节“热解耦”，使综合储能效率由60%～70%提升至75%～85%；构建空气压缩、高温储气、膨胀发电、回热供暖、光热集热等子系统耦合的总体方案，规划电储能规模10MW×4h，按年储释循环330次计算，年可发电量约13.2GWh，可节约标准煤约4158吨，可减少二氧化碳排放量约8038吨。依托该项目形成的前期研究基础，成功申报国家级项目两项、省部级项目一项。下一步，科研院将联合各参研单位持续开展长周期运行考核与系统优化，推动宽工况非稳态压缩机组、大型发卡式小温差换热器、宽工况滑压空气透平机组、大规模模块化高承压储气库等自主成果的产业化应用与推广，支撑大规模新能源消纳与新型电力系统建设，为我国压缩空气储能产业高质量发展和“双碳”目标实现贡献力量。阅读原文不喜欢全面具备长时大容量储能能力,,,,pending
中储国能百兆瓦级先进压缩空气储能系统装备制造基地送电,ESPlaza长时储能网,ESPlaza长时储能网,21C API,normal,2026-09-27T12:03:02+08:00,,近日，国网南京市江宁区供电公司客户经理来到中储国能百兆瓦级先进压缩空气储能系统装备制造基地，对刚送电不久的项目配电房进行巡视检查，确保设备运行安全可靠。作为全球同级别规模最大的压缩空气储能系统装备制造基地，9月1日，该基地在南京正式接通电力“主动脉”。这里生产的储能系统核心装备，相当于给新型储能电站装上了强力“心脏”。而让这颗“心脏”率先跳动起来的，是一份可靠的用电答卷。中储国能百兆瓦级先进压缩空气储能系统装备制造基地对供电可靠性要求极高，一旦停电，不仅会造成产线停摆，更可能影响产品精度和质量，带来难以预估的损失。为此，国网南京市江宁区供电公司在项目前期申请阶段就经过专业考量评审，为其量身定制,http://mp.weixin.qq.com/s?__biz=MzkyMTM5MzI4MQ==&mid=2247528047&idx=2&sn=0292660cba6ccdde34a57ed5929cec0e,,近日，国网南京市江宁区供电公司客户经理来到中储国能百兆瓦级先进压缩空气储能系统装备制造基地，对刚送电不久的项目配电房进行巡视检查，确保设备运行安全可靠。作为全球同级别规模最大的压缩空气储能系统装备制造基地，9月1日，该基地在南京正式接通电力“主动脉”。这里生产的储能系统核心装备，相当于给新型储能电站装上了强力“心脏”。而让这颗“心脏”率先跳动起来的，是一份可靠的用电答卷。中储国能百兆瓦级先进压缩空气储能系统装备制造基地对供电可靠性要求极高，一旦停电，不仅会造成产线停摆，更可能影响产品精度和质量，带来难以预估的损失。为此，国网南京市江宁区供电公司在项目前期申请阶段就经过专业考量评审，为其量身定制了双电源供电方案，分别引自220千伏华科变电站中储1号线与110千伏翔宇变电站中储2号线。然而，客户经理在前往基地现场勘察时发现，就近的110千伏翔宇变电站出线负荷较重，开放裕度不足，无法直接供电。营销、配电等多专业骨干多轮实地踏勘、反复论证，最终敲定了一套组合方案：将110千伏翔宇变10千伏翔航2号线部分负荷转移至110千伏定塘变供电。在10千伏中储2号线、10千伏中储1号线各自新建一二次融合环网柜1台，作为双电源引入节点。全套工程累计新上7台环网柜，新放电缆5310米。这套方案的核心是“先调后接、荷随网动”——先优化负荷分布，再接入新用户，在保障用户接入的同时也优化了网架负荷分布，既避免了盲目增容扩建的巨额投资，也盘活了区域配网存量资源。2025年5月，中储国能（江苏）技术有限公司正式向国网南京市江宁区供电公司提交用电申请，并与江宁开发区洽谈合作意向，争取在2026年10月之前完成部分生产设备的安装与调试，年底正式投产，时间紧迫。国网南京市江宁区供电公司闻令而动，营销、配电等专业骨干迅速组建专项工作小组，为企业开启“一条龙”专属服务：从设计审图到土建验收，从竣工检验到并网调试，每个环节都安排专人全程对接，压缩等待时间，如仅用6个工作日就完成供电方案答复工作，较常规流程整体提升约70%。9月1日清晨6时，现场技术人员全员就位，经过近10个小时的冲击合闸试验与定相核相、继电保护带负荷测试等关键调试环节，15时30分左右，用户主变一次性送电成功，为基地的落地投产奠定基础。“供电公司提前帮我们把问题想在前、解决在前，送电过程非常顺畅，为设备调试争取了宝贵时间。”中储国能（江苏）技术有限公司李武感慨道。电通了，产线就能转起来；电稳了，产能就能放出来。全面投产后，基地年均可产百兆瓦级压缩空气储能成套装备10台（套），预计年工业产值不低于30亿元，填补国内百兆瓦级压缩空气储能装备制造的规模化空白。阅读原文不喜欢年均可产百兆瓦级压缩空气储能成套装备10台（套）,,,,pending
隆基两年“减员”4.2万人，天合1.8万，通威1.09万，东方日升超60%。。。。22万光伏人遗憾离场！,风光储知识分享库,风光储知识分享库,"21C API, 储能, 产能, 扩产, 订单, 价格战, 上市, 海外, 新产品, 并网",normal,2026-09-27T12:00:00+08:00,,如果觉得不错，请给我一个关注。谢谢！大家好，我是强哥！最近有点词穷，不知道分享什么给大家了，电友们有什么想了解，学习的知识点都可以在留言区留言，也希望大家多提提建议（如果觉得不错的，烦请给个关注，点个赞，多分享给需要的朋友）光伏行业这两年到底有多难？看看各大龙头的员工人数，或许比看一份财报更加直观。东方日升员工总数从2023年底的15228人，降到2025年底的5516人，两年减少9712人，降幅达到63.78%；隆基绿能从2023年末约7.5万人降至2025年末3.28万人，两年减少超过4.2万人，降幅56.3%；天合光能从43031人降至24840人，减少18191人；通威股份则从2023,http://mp.weixin.qq.com/s?__biz=Mzk0NzY5Mzg1OA==&mid=2247527315&idx=1&sn=91878b64098b9024d983a976433e2cb9,,如果觉得不错，请给我一个关注。谢谢！大家好，我是强哥！最近有点词穷，不知道分享什么给大家了，电友们有什么想了解，学习的知识点都可以在留言区留言，也希望大家多提提建议（如果觉得不错的，烦请给个关注，点个赞，多分享给需要的朋友）光伏行业这两年到底有多难？看看各大龙头的员工人数，或许比看一份财报更加直观。东方日升员工总数从2023年底的15228人，降到2025年底的5516人，两年减少9712人，降幅达到63.78%；隆基绿能从2023年末约7.5万人降至2025年末3.28万人，两年减少超过4.2万人，降幅56.3%；天合光能从43031人降至24840人，减少18191人；通威股份则从2023年底的56406人降至2025年底44798人，两年减少11608人。从行业整体来看，黑鹰光伏统计的139家光伏上市企业，两年员工规模合计减少约22万人；曾经疯狂扩张、疯狂招人的光伏行业，如今正在集体瘦身。一、从“抢人”到“减人”，光伏经历了什么？过去几年，光伏可以说是新能源行业里最疯狂的赛道之一。硅料涨价，企业扩产；硅片紧缺，企业扩产；电池片紧缺，企业扩产；组件需求旺盛，还是扩产。产能一座接一座，工厂一个接一个，员工自然也是一路上涨。天合光能就是一个典型案例。2022年底员工只有23077人，2023年底一下增加到43031人，一年增加近2万人。通威也从2022年底的41214人增加到2023年底56406人。可以说光伏行业在22、23年这两年扩张速度真是惊为天人，但问题是如此扩张的速度，市场消化得了吗？进入2024年以后，整个行业陷入“极致内卷”，产业链价格持续下跌，部分环节产能利用率下降，企业过去按照高增长周期配置的人员规模开始显得越来越“重”。于是，光伏企业开始从“抢市场、抢产能、抢人才”，转向“降成本、提人效、保现金流”。二、隆基减员4.2万人，背后绝不只是“裁员”隆基的变化尤其具有代表性。2024年，公司硅片产能利用率只有62.4%，组件产能利用率甚至只有53.5%，超过三分之一的产线处于低负荷状态。产线利用率下降以后，人员规模自然需要重新匹配。2024年隆基员工减少37213人，2025年继续减少5078人，两年合计超过4.2万人。但隆基的调整并不是简单地“砍人”。公司管理层曾将这一过程称为“主动策略性限产”，并反思过去快速扩张带来的组织臃肿，以及新产品研发、生产、销售之间出现的脱节。这说明光伏行业这一轮调整，实际上已经从产能出清，延伸到了组织出清。过去一个部门可以配十个人，现在可能只需要五个人；过去三级管理体系，现在可能压缩成两级；过去多个基地各自配置完整团队，现在也可能重新整合。说到底，企业已经从“规模优先”切换到了“效率优先”。三、天合、通威也在调整，但方式已经不一样2023年底，公司员工达到43031人，到了2024年底降至29975人，2025年底进一步降至24840人，两年减少18191人，降幅约42.3%。进入2026年，天合仍在做组织优化，半年报明确提到严控管理人员规模、推进组织扁平化、合并冗余部门、精简管理岗位。但与此同时，公司2026年上半年研发费用同比增长13.44%，辞退福利约8019万元，支付给职工及为职工支付的现金同比下降27.94%。这透露出一个非常重要的变化：现在的光伏企业不是所有岗位一起砍，而是在重新分配人力资源。传统制造、销售、管理岗位需要瘦身，但研发、储能、系统解决方案、数字能源等新业务仍然需要人。所以，未来光伏行业可能不是“没人要”，而是岗位结构发生变化了。四、通威1.09万人离场，今年还在继续调整通威2025年员工从55724人下降至44798人，一年减少10926人。2026年上半年，公司虽然没有披露新的员工总数，但新增辞退福利9704万元，同时支付给职工及为职工支付的现金同比减少约15.4%。与此同时，通威官方也将“人员精简”作为提升人效的重要措施。这说明一个现实：行业价格战没有结束，企业就很难重新回到过去那种“大手笔招人”的状态。特别是在硅料、硅片、电池片、组件等制造环节，当产品价格持续承压以后，人工成本已经不再是一个可以轻易忽略的数字。企业必须算账。一条产线到底需要多少人？一个基地到底需要多少管理人员？一个销售团队到底能够创造多少订单？现在这笔帐都必须重新算一遍。五、22万人离场，真正值得警惕的是“行业逻辑变了”如果只是几家企业裁员，可以理解为企业经营问题。但当数十家光伏上市企业同时出现员工规模下降，这就不能简单归结为某一家公司的经营失误。本质上，是整个行业从高速扩张周期进入产能优化周期。过去大家比的是谁扩产快、谁规模大；现在比的是谁成本低、技术强、现金流稳、组织效率高。因此，未来光伏企业的竞争，很可能不再是“谁拥有更多员工”，而是“谁用更少的人创造更多价值”。这也是为什么天合提出“极致人效”，隆基通过自动化降低人工成本。隆基2025年直接人工成本从43.2亿元降至32.7亿元，下降24.3%。六、对于22万离场的光伏人，又意味着什么？对于离开光伏行业的人来说，这确实是一轮非常残酷的调整。但换一个角度看，光伏产业并没有消失，而是在换挡。过去最缺的是扩产、生产和销售人才；未来更缺的可能是技术研发、电力交易、储能、数字化、海外市场、系统解决方案、项目运营以及电站资产管理等复合型人才。也就是说，光伏行业正在从“制造业人才密集型”逐步向“技术+能源+电力市场”复合型人才结构转变。所以，22万人离场背后，并不意味着光伏没有未来。真正发生变化的是：那个靠扩产就能获得增长、靠堆人就能做大规模的光伏时代，已经过去了。接下来留下来的企业，需要面对的将是更加残酷的成本、技术、现金流和市场竞争。而对于从业者来说，最需要改变的，也许不是继续寻找过去熟悉的岗位，而是重新理解这个行业——光伏的下一轮机会，已经不只是组件、硅片和电池，而是从“制造一块组件”，走向“经营一度绿电”。电友们，你们还在坚守岗位，还是已经转行？抑或失业之中？有不同建议的欢迎留言区批评指正？欢迎您随时在留言区交流一下，一起交流，您的发言，必会让留言更加精彩！欢迎设备方、EPC总包方，资方、劳务方、居间方、并网运维方，绿证交易双方，想出售光伏、储能电站的，还有想上光伏的业主们可以看看强哥6月份之前的文章，可以联系强哥交流一下。文章看到这里了，别忘了右下分享推荐点赞点击关注 设为星标，第一时间收到更新内容哦。如果觉得不错，请给我一个关注，谢谢！不喜欢如果觉得不错，请给我一个关注。谢谢！,,,,pending
国家能源集团光伏发电典型设计手册（高清无水印版）,风光储知识分享库,风光储知识分享库,21C API,normal,2026-09-27T12:00:00+08:00,,如果觉得不错，请给我一个关注。谢谢！该资料已在星球更新，会员可扫码直接下载本文下载方式见文末以下是内容介微信扫码查看下载原文该资料已在星球更新，会员可扫码直接下载（如需该电子资料的电友添加下面资料员客服咨询领取，嫌弃麻烦的直接去星球下载，会员可以无限下载。或者什么问题都可以在评论区分享你的观点或留言）文章看到这里了，别忘了右下分享在看点赞点击关注 设为星标，第一时间收到更新内容哦。如果觉得不错，请给我一个关注，谢谢！不喜欢如果觉得不错，请给我一个关注。谢谢！,http://mp.weixin.qq.com/s?__biz=Mzk0NzY5Mzg1OA==&mid=2247527315&idx=2&sn=e8c68c40c631beb8967f70112bc561d6,,如果觉得不错，请给我一个关注。谢谢！该资料已在星球更新，会员可扫码直接下载本文下载方式见文末以下是内容介微信扫码查看下载原文该资料已在星球更新，会员可扫码直接下载（如需该电子资料的电友添加下面资料员客服咨询领取，嫌弃麻烦的直接去星球下载，会员可以无限下载。或者什么问题都可以在评论区分享你的观点或留言）文章看到这里了，别忘了右下分享在看点赞点击关注 设为星标，第一时间收到更新内容哦。如果觉得不错，请给我一个关注，谢谢！不喜欢如果觉得不错，请给我一个关注。谢谢！,,,,pending
中国华电5GW光伏组件框架招标,风光储知识分享库,风光储知识分享库,"21C API, 框架协议, 招标",normal,2026-09-27T12:00:00+08:00,,如果觉得不错，请给我一个关注。谢谢！9月2日，中国华电集团有限公司2026年第二批光伏组件框架招标项目开启公开招标。根据招标公告，项目招标人为中国华电集团物资有限公司，项目资金为自筹。本次集采设置N型常规组件框架1个标段，采购范围为框架有效期内华电集团部分新能源项目所需的N型常规单晶硅双面双玻组件，预估采购规模为5GW。 招标项目履约期限:自框架协议生效之日起一年止或采购量达到预估采购规模(5GW)的110%止，有效期以二者先到者为准;招标人视情况可提前终止执行。 以下为招标文件原文： 不喜欢如果觉得不错，请给我一个关注。谢谢！,http://mp.weixin.qq.com/s?__biz=Mzk0NzY5Mzg1OA==&mid=2247527315&idx=3&sn=7ae556686c7ca8567f4f4289bb67baac,,如果觉得不错，请给我一个关注。谢谢！9月2日，中国华电集团有限公司2026年第二批光伏组件框架招标项目开启公开招标。根据招标公告，项目招标人为中国华电集团物资有限公司，项目资金为自筹。本次集采设置N型常规组件框架1个标段，采购范围为框架有效期内华电集团部分新能源项目所需的N型常规单晶硅双面双玻组件，预估采购规模为5GW。 招标项目履约期限:自框架协议生效之日起一年止或采购量达到预估采购规模(5GW)的110%止，有效期以二者先到者为准;招标人视情况可提前终止执行。 以下为招标文件原文： 不喜欢如果觉得不错，请给我一个关注。谢谢！,,,,pending
美国：一张寄往 2032 年的 AI 账单。,未来城市数智评论,未来城市数智评论,"21C API, 液冷, 融资, 投资, 认证, 落地",normal,2026-09-27T11:56:58+08:00,,最近哥伦比亚​大学商学院给美国这轮 AI 数据中心扩容算出来的2032年账单：新增数据中心容量：182.7 GW；GB300 NVL72 机柜：约 107 万个；GPU：约 7700 万块，这些资产成熟后，每年需要创造的收入：3.725 万亿美元，如果全部满载，每块 GPU 每小时要赚：约 5.5 美元。最后到底有什么生意，能让 7700 万块 GPU 一年到头持续有人付钱。欢迎来支持：加入全球CSO俱乐部！参加中欧绿色科技与创新论坛！圆桌：可持续算力与全球化运行。中国首个 ESG 周正式落地上海：诚邀中欧、跨国ESG及碳中和链主企业的场景创新与绿色供应链国际合作，核心展会：10 月 29–3,http://mp.weixin.qq.com/s?__biz=Mzg5ODMwOTY4Mw==&mid=2247495146&idx=1&sn=48eee950c1c622cef4bd5eb01e4c76e0,,最近哥伦比亚​大学商学院给美国这轮 AI 数据中心扩容算出来的2032年账单：新增数据中心容量：182.7 GW；GB300 NVL72 机柜：约 107 万个；GPU：约 7700 万块，这些资产成熟后，每年需要创造的收入：3.725 万亿美元，如果全部满载，每块 GPU 每小时要赚：约 5.5 美元。最后到底有什么生意，能让 7700 万块 GPU 一年到头持续有人付钱。欢迎来支持：加入全球CSO俱乐部！参加中欧绿色科技与创新论坛！圆桌：可持续算力与全球化运行。中国首个 ESG 周正式落地上海：诚邀中欧、跨国ESG及碳中和链主企业的场景创新与绿色供应链国际合作，核心展会：10 月 29–30 日｜上海展览中心（开幕峰会 + GREENEXT Expo）活动周期延续至 11 月 4 日，联动上海多区域打造首届 ESG 嘉年华。可持续算力已经升级为“新能源+算力+产业+全球化”深度融合经营模式，诚邀中欧、跨国企业具有高效能芯片服务器、液冷与模块化、电算协同与源网荷储算一体、新能源与低碳建筑、余热回收与能碳管控、Token认证与国际合作、绿色算力与合规、算力资产投融资与全球化运行技术经验的，共同推进。零碳中国伙伴计划最新资讯 ESG零碳园区产业创新中心上海产业合作促进中心碳中和智能研究院美国：一张寄往 2032 年的 AI 账单这就是哥伦比亚商学院给美国这轮 AI 数据中心扩容算出来的到2032年的账单。新增数据中心容量：182.7 GW；GB300 NVL72 机柜：约 107 万个；GPU：约 7700 万块；每年收入：这些资产成熟后，每年需要创造的收入为3.725 万亿美元；每小时每块GPU收入：如果全部满载，每块 GPU 每小时要赚：约 5.5 美元。这就是哥伦比亚商学院给美国这轮 AI 数据中心扩容算出来的账。数字大到一定程度以后，问题就不再是「还能不能继续建」，而是这张账单最后谁来买单。按照他们的测算，到 2032 年，美国还需要新增大约 182.7 GW 的数据中心容量。换成现在大家比较熟悉的单位，大约相当于 107 万个 GB300 NVL72 机柜，里面塞进 7700 万块 GPU。这么大的基础设施成熟以后，每年需要产生大约 3.725 万亿美元收入。假设全部跑满，平均到每块 GPU，相当于每小时要创造约 5.5 美元收入。所以现在 AI 基建最大的问题已经越来越清楚了。高盛：“数据中心建设的延误一直是现实的一部分——历史上，只有72%的数据中心容量能按时上线。然而，情况显然正在恶化。高盛预计，到2028年，通过数据中心建设计划激活的AI计算容量中，只有大约1/2能在目标日期真正上线。正如资产估值公司Barkr在8月的一份报告中计算的那样，以这种速度的延误，将转化为2027年的计算供应/需求缺口为13.4至19.2 GW，以及2028年的27.3至36.8 GW。”英伟达有没有能力卖出这么多卡，电网能不能接上这么多机房，这些当然都是问题。但更大的问题是，最后到底有什么生意，能让 7700 万块 GPU 一年到头持续有人付钱。欢迎咨询“零碳中国伙伴计划”ESG零碳园区产业创新中心生态合作欢迎来自从事可再生能源、清洁技术、节能和减碳、绿色出行交通、低碳建筑设施和材料、可持续生态农业、可持续循环产业、碳资产管理、碳能管控和园区产城投资开发、绿色金融投资机构等加入零碳中国伙伴计划之ESG零碳园区产业创新中心生态合作。不喜欢最近哥伦比亚​商学院给美国这轮 AI 数据中心扩容算出来的2032年账单：新增数据中心容量：182.7 GW；GB300 NVL72 机柜：约 107 万个；GPU：约 7700 万块，资产成熟后，每年需要创造的收入：3.725 万亿美元，如果全部满载，每块 GPU 每小时要赚：约 5.5 美元。,,,,pending
又一“高中签率”新股明日申购,财联社,财联社,"21C API, 排名, 投资",normal,2026-09-27T11:48:58+08:00,,根据下周新股发行安排，国庆假期前的最后一周，有2只新股申购，分别是北交所新股南方乳业、深交所创业板新股联亚药业，申购时间均为9月28日。其中，联亚药业此前公告，本次发行总股数达1.3374亿股，位居今年沪深两市新股排名的第十一位，意味着这又将是一只高中签率新股。联亚药业是一家研发驱动型的高新技术企业，主要从事复杂药物制剂的研发、生产和销售，目前产品主要包括以不同类型的缓控释制剂以及低剂量药物制剂为代表的两大类高端仿制药；同时公司也凭借领先的药物设计能力和制剂工艺技术为制药企业和研发机构提供研发及其他服务。本次发行，联亚药业的申购代码是301569，发行价为7元/股，发行市盈率为27.99倍，参,http://mp.weixin.qq.com/s?__biz=Mzg5MzEyNzEwNQ==&mid=2247854872&idx=1&sn=07c6705451e155b5c3bbd4bed2629620,,根据下周新股发行安排，国庆假期前的最后一周，有2只新股申购，分别是北交所新股南方乳业、深交所创业板新股联亚药业，申购时间均为9月28日。其中，联亚药业此前公告，本次发行总股数达1.3374亿股，位居今年沪深两市新股排名的第十一位，意味着这又将是一只高中签率新股。联亚药业是一家研发驱动型的高新技术企业，主要从事复杂药物制剂的研发、生产和销售，目前产品主要包括以不同类型的缓控释制剂以及低剂量药物制剂为代表的两大类高端仿制药；同时公司也凭借领先的药物设计能力和制剂工艺技术为制药企业和研发机构提供研发及其他服务。本次发行，联亚药业的申购代码是301569，发行价为7元/股，发行市盈率为27.99倍，参考行业市盈率为27.09倍。网上发行股份数量为1872万股。投资者参与网上申购联亚药业，申购股份数量上限为1.85万股，顶格申购需配深市市值18.50万元。,,,,pending
固态聚合物电解质离子电导率0.92×10⁻³ S cm⁻¹！全电池-40°C下循环900次容量保持77%！四川大学赵海波，最新Nature子刊！,新能源前沿,新能源前沿,"21C API, LFP, NCM, 软包, 储能, 5C, 快充",normal,2026-09-27T11:47:00+08:00,,固态锂金属电池因高比能和本征安全性被视为下一代储能的重要方向，固态聚合物电解质因其易加工、柔性好和界面兼容性优异而备受关注。然而，聚合物电解质存在离子电导率低和Li⁺迁移数极低的问题，导致充放电过程中严重的浓度极化，不仅限制快充能力，还引发锂枝晶生长和容量快速衰减。现有策略多局限于提供被动的Li⁺跳跃位点，未能从根本上改变Li⁺在聚合物基质中随机且缓慢的扩散本质，迁移效率提升有限。2026年9月24日，四川大学赵海波教授、Lin Zhang在《Nature Communications》上发表题为“Li⁺ Shuttle bus enables safe fast ion transport,http://mp.weixin.qq.com/s?__biz=MzkxMTg3MzgyNg==&mid=2247509206&idx=1&sn=0805f8bfe1884d73a3d197a5d9485fec,,固态锂金属电池因高比能和本征安全性被视为下一代储能的重要方向，固态聚合物电解质因其易加工、柔性好和界面兼容性优异而备受关注。然而，聚合物电解质存在离子电导率低和Li⁺迁移数极低的问题，导致充放电过程中严重的浓度极化，不仅限制快充能力，还引发锂枝晶生长和容量快速衰减。现有策略多局限于提供被动的Li⁺跳跃位点，未能从根本上改变Li⁺在聚合物基质中随机且缓慢的扩散本质，迁移效率提升有限。2026年9月24日，四川大学赵海波教授、Lin Zhang在《Nature Communications》上发表题为“Li⁺ Shuttle bus enables safe fast ion transport in solid polymer electrolytes”的研究论文，提出了Li⁺穿梭巴士策略，通过将植酸功能化的埃洛石纳米管作为填料，在一维带电界面固定阴离子、促进锂盐解离并引导Li⁺富集，利用Li⁺间库仑排斥削弱溶剂化结构，实现微观尺度快速集体一维离子穿梭。研究通过植酸对埃洛石纳米管进行表面功能化，制备了具有丰富正负电荷的PNT填料。透射电镜显示PNT表面均匀覆盖约6 nm薄膜，红外光谱证实植酸成功接枝。静电势分析表明PNT相比PVDF-HFP、CA和DMF具有更丰富的负电荷区域。Zeta电位和电荷密度差证实PNT表面负电荷和管腔内正电荷显著增强。X射线衍射和红外光谱表明PNT诱导PVDF-HFP发生β相转变，β相具有更高介电常数和极化能力，促进锂盐解离。PNT-SPE在28°C下离子电导率达0.92×10⁻³ S cm⁻¹，Li⁺迁移数达0.92，接近单离子传导行为。变温EIS表明PNT-SPE活化能仅0.20 eV，低于PV-SPE的0.38 eV、HNT-SPE的0.31 eV和CNT-SPE的0.23 eV。DFT计算表明LiTFSI在PNT上的解离能垒仅0.25 eV，较PVDF-HFP的0.62 eV降低50%。PNT表面Li⁺吸附能达-1.50 eV，远高于CNT的-1.12 eV、HNT的-0.89 eV和PVDF-HFP的-0.56 eV。TOF-SIMS证实大量Li⁺富集于PNT表面。拉曼光谱表明PNT-SPE中自由TFSI⁻比例达38.2%。DFT进一步表明单个Li⁺在PNT表面脱附能高达0.57 eV，而Li⁺逐渐积累后脱附能降至0.13 eV，降低77%，证实库仑排斥驱动Li⁺快速迁移。MD模拟显示超过75%的Li⁺从初始分散态转变为向PNT附近富集的扩散过程，Li⁺扩散能垒在PNT上为0.23 eV，低于PVDF-HFP的0.42 eV。电化学性能方面，Li||Li对称电池在0.1 mA cm⁻²下稳定循环超8700 h。Li||LFP电池1C下循环1000圈容量保持83%，5C下循环约5000圈容量保持92%。-40°C下900圈容量保持77%，60°C下1000圈容量保持81.9%。Li||NCM811和Li||LCO电池500圈容量保持超80%。NCM811软包电池比能量达508 Wh kg⁻¹，200圈容量保持95.2%，-20°C下比能量284 Wh kg⁻¹，容量保持91.6%。软包电池在弯曲和剪切条件下可稳定驱动LED灯泡，热成像显示运行温度变化低于40°C。1、提出Li⁺穿梭巴士策略，通过一维带电界面固定阴离子、促进锂盐解离并引导Li⁺富集，实现快速集体一维离子穿梭。2、PNT填料诱导PVDF-HFP β相转变并利用库仑排斥削弱Li⁺溶剂化结构，离子电导率达0.92×10⁻³ S cm⁻¹，迁移数0.92。3、Li||LFP电池5C循环约5000圈容量保持92%，NCM811软包电池比能量508 Wh kg⁻¹，-40°C下循环900次容量保持77%。图1 Li⁺穿梭巴士在固态聚合物电解质中的示意图图2 电化学与防火安全性能表征图3 Li⁺穿梭巴士诱导的微观一维快速Li⁺限域传输图4 锂沉积与SEI层特性图5 全电池电化学性能本研究提出Li⁺穿梭巴士策略，通过植酸功能化埃洛石纳米管构建一维带电界面，固定阴离子、促进锂盐解离并引导Li⁺富集，利用库仑排斥实现微观尺度快速集体一维离子穿梭。PNT-SPE离子电导率达0.92×10⁻³ S cm⁻¹，Li⁺迁移数0.92，Li||Li对称电池循环超8700 h，Li||LFP电池5C循环约5000圈容量保持92%，-40°C下900圈容量保持77%。NCM811软包电池比能量508 Wh kg⁻¹，200圈容量保持95.2%。该工作为宽温域快充高比能固态电池电解质设计提供了新思路。文献链接：https://doi.org/10.1038/s41467-026-78041-7注：本文仅供科研人员学术交流使用，未涉及任何商业用途。由于小编水平有限，文中如有不当或不准确之处，敬请批评指正。如有疑问，欢迎随时联系小编交流探讨。不喜欢固态锂金属电池因高比能和本征安全性被视为下一代储能的重要方向，固态聚合物电解质因其易加工、柔性好和界面兼容性优,,,,pending
电池大佬！马里兰大学王春生，重磅Science！,新能源前沿,新能源前沿,"21C API, NCM, 软包, 长循环, 循环寿命, cycle life, 电解液",normal,2026-09-27T11:47:00+08:00,,锂金属电池有望超越锂离子电池的能量密度极限，但其循环寿命短严重制约实际应用。锂库仑效率通常低于99.8%，且不能可靠预测电池寿命或指导电解质设计。与锂离子电池中石墨表面相对稳定的SEI不同，锂金属表面SEI在循环中不断破裂和重组，持续消耗活性锂和电解质。电解质消耗可导致干涸而突然失效，同时部分补偿锂库存损失。这些效应使循环寿命偏离基于Li CE的预测，提高Li CE并不总能延长寿命，而Li CE较低的电解质有时反而具有相当或更长的循环寿命。SEI稳定性、Li CE与电解质库存损失之间的关系尚不清晰，阻碍了锂金属电池循环寿命的预测与提升。2026年9月24日，马里兰大学王春生教授在《Scienc,http://mp.weixin.qq.com/s?__biz=MzkxMTg3MzgyNg==&mid=2247509206&idx=3&sn=4b29891b0b0ab405dbd8968aeab7df2a,,锂金属电池有望超越锂离子电池的能量密度极限，但其循环寿命短严重制约实际应用。锂库仑效率通常低于99.8%，且不能可靠预测电池寿命或指导电解质设计。与锂离子电池中石墨表面相对稳定的SEI不同，锂金属表面SEI在循环中不断破裂和重组，持续消耗活性锂和电解质。电解质消耗可导致干涸而突然失效，同时部分补偿锂库存损失。这些效应使循环寿命偏离基于Li CE的预测，提高Li CE并不总能延长寿命，而Li CE较低的电解质有时反而具有相当或更长的循环寿命。SEI稳定性、Li CE与电解质库存损失之间的关系尚不清晰，阻碍了锂金属电池循环寿命的预测与提升。2026年9月24日，马里兰大学王春生教授在《Science》上发表题为“Unlocking cycle life of lithium metal batteries”的研究论文，提出了基于SEI质量的框架，通过阴离子与溶剂还原速率之比定义SEI质量，量化锂损失、电解质消耗及锂补偿之间的关系，实现锂金属电池循环寿命的准确预测，并指导电解质设计以延长电解质寿命。研究揭示了锂金属电池中两种失效模式：电解质限制型和锂限制型。在贫电解液条件下，醚基电解质因阴离子快速消耗导致电解质干涸，容量突然下降；而碳酸酯基电解质因Li CE较低，锂库存先耗尽，容量缓慢衰减。Li CE仅反映锂库存，无法捕捉电解质消耗及锂补偿效应。研究发现，SEI形成过程中产生的可溶性阴离子中间体可从负极迁移至正极，在正极氧化释放Li⁺，补偿锂库存损失。该锂补偿因子σ与SEI稳定性相关，SEI越不稳定，σ越大。为量化SEI质量，研究定义描述符λ = ka/ks，即阴离子还原速率与溶剂还原速率之比。λ越高，阴离子参与SEI形成越多，SEI越稳定。通过定量核磁共振测得不同电解质的λ值，发现醚基电解质中盐/溶剂比增加可提高λ，抑制电解质消耗。E112电解质λ最高，阴离子和溶剂消耗速率较E182分别降低69.4%和97.9%。碳酸酯基电解质中，FEC替代EC可降低溶剂消耗67.8%。锂补偿因子σ与λ呈反比，SEI质量越差，锂补偿越显著。基于λ与电解质消耗速率、Li CE及σ的数学关系，研究建立了耦合锂和电解质库存演化的模型，预测不同电解质和电池设计的循环寿命，准确率达93.2%。模型显示，碳酸酯电解质中电解质寿命远超锂寿命，增加锂过量可延长循环；醚基E112电解质锂寿命长但电解质寿命提升有限，需克服电解质耗尽。基于此，研究提出电解质设计三原则：选择促进LiF富集SEI的阴离子以提高初始SEI质量；匹配溶剂溶剂化强度与阴离子结合强度以降低SEI劣化系数；提高电解质阳极稳定性并构建保护性CEI。采用LiFSI盐、弱溶剂化EEP溶剂和LiDFOB添加剂的优化电解质，在贫电解液（1.0 g Ah⁻¹）下实现485 Wh kg⁻¹ Li||NMC811软包电池循环300次，寿命较现有体系提升近一倍。1、提出SEI质量描述符λ，即阴离子与溶剂还原速率比，定量关联锂损失、电解质消耗与锂补偿。2、揭示负极至正极交叉对话导致的锂库存补偿机制，修正Li CE预测偏差。3、建立耦合库存演化模型，预测循环寿命准确率93.2%，指导电解质设计实现485 Wh kg⁻¹电池300次循环。图1 偶极-偶极相互作用设计固态聚合物电解质原理图2 电解质摩尔比与溶剂化结构图3 SEI微观结构与沉积锂形貌图4 锂负极可逆性与稳定性图5 Li||NCM90全电池与无负极软包电池性能本研究建立了基于SEI质量的框架，通过阴离子与溶剂还原速率比λ量化SEI质量，揭示锂和电解质库存的相互依赖及耦合演化决定电池失效。锂补偿机制源于SEI组分交叉对话，可部分补偿锂损失，但持续电解质消耗最终导致电解质限制型失效。该框架将电解质评估从Li CE经验比较转变为库存演化的定量分析，预测准确率达93.2%，并指导设计出485 Wh kg⁻¹ Li||NMC811软包电池，贫电解液下循环300次。该工作为高能锂金属电池电解质的理性设计和可预测运行提供了基础。文献链接：https://www.science.org/doi/10.1126/science.aee1630注：本文仅供科研人员学术交流使用，未涉及任何商业用途。由于小编水平有限，文中如有不当或不准确之处，敬请批评指正。如有疑问，欢迎随时联系小编交流探讨。不喜欢锂金属电池有望超越锂离子电池的能量密度极限，但其循环寿命短严重制约实际应用。,,,,pending
可修复性指数框架指导正极直接再生！中南大学陈根&新疆理工学院金冠华，最新AM综述！,新能源前沿,新能源前沿,"21C API, NCM, 5C, 电池回收, 正极材料, GWh",normal,2026-09-27T11:47:00+08:00,,锂离子电池正极材料占电池总成本的30%至50%，含有锂、钴、镍、锰等关键金属。随着首批动力电池进入大规模退役期，预计2030年全球退役量将超300 GWh。当前主流回收技术中，火法冶金需1400°C以上高温且锂进入渣相，湿法冶金流程长且废水处理成本高，两者均将高值正极材料降级为金属盐或前驱体，造成巨大能耗和价值损失。直接再生可保留材料结构价值与嵌入合成能，但其工业化进程受限于失效机制理解碎片化和再生策略经验化，核心问题在于能否建立失效机制与再生策略之间的定量关联。2026年9月24日，中南大学陈根教授、新疆理工学院金冠华副教授在《Advanced Materials》上发表题为“Repaira,http://mp.weixin.qq.com/s?__biz=MzkxMTg3MzgyNg==&mid=2247509206&idx=4&sn=c067ee1e130b75a47f0914d9902ff784,,锂离子电池正极材料占电池总成本的30%至50%，含有锂、钴、镍、锰等关键金属。随着首批动力电池进入大规模退役期，预计2030年全球退役量将超300 GWh。当前主流回收技术中，火法冶金需1400°C以上高温且锂进入渣相，湿法冶金流程长且废水处理成本高，两者均将高值正极材料降级为金属盐或前驱体，造成巨大能耗和价值损失。直接再生可保留材料结构价值与嵌入合成能，但其工业化进程受限于失效机制理解碎片化和再生策略经验化，核心问题在于能否建立失效机制与再生策略之间的定量关联。2026年9月24日，中南大学陈根教授、新疆理工学院金冠华副教授在《Advanced Materials》上发表题为“Repairability and Active Defect Utilization in Direct Regeneration of Lithium-Ion Battery Cathodes”的综述论文，提出了可修复性概念作为连接失效机制与再生策略选择的桥梁，建立了可修复性指数框架，并倡导从被动缺陷修复转向主动缺陷利用的范式转变。研究从可修复性视角系统分析了层状氧化物、尖晶石LiMn₂O₄、橄榄石LiFePO₄和富锂锰基正极的多尺度失效过程。层状正极存在阳离子混排、氧空位、各向异性应变微裂纹和表面岩盐相四类失效，其中阳离子混排度随镍含量线性增加，NCM111约2.7%，NCM811约8.0%。脱锂超过50%时氧空位使Ni²⁺迁移势垒降低约0.2 eV，扩散系数增加三个数量级。尖晶石LiMn₂O₄失效主要由Mn³⁺歧化驱动Mn溶解和Jahn-Teller畸变主导，后者一旦形成四方相即不可逆。橄榄石LiFePO₄失效主要为锂损失和Li-Fe反位缺陷，橄榄石框架保持结构完整，可修复性最优。富锂锰基正极失效由氧氧化还原驱动，氧空位聚集和层状-尖晶石相变使其再生本质上不可行。研究提出可修复性指数RI，基于最弱链原则取三个归一化子指标的最小值：RLi量化锂化学计量比，Rstruc表征结构无序和机械损伤，Rinter表示表面相降解程度。阈值设定为阳离子混排15%、裂纹面积分数5%、岩盐相厚度50 nm。RI大于0.8为高度可修复，0.5至0.8为中等可修复，小于0.3为极难修复。橄榄石LiFePO₄评为五星，层状氧化物和尖晶石为四星，富锂锰基为二星。研究进一步提出缺陷利用的能量学基础。锂空位作为低势垒跳跃位点可将Li⁺迁移势垒从0.8-1.0 eV降至0.2-0.3 eV，在700°C下使再锂化速率提升近三个数量级。氧空位将Ni²⁺迁移势垒从0.56 eV降至0.34 eV，促进阳离子混排修复。微裂纹作为毛细驱动渗透通道降低前驱体传输势垒。表面岩盐相在邻近氧空位激活下表现出降低的异质外延再生长势垒，可转化为外延模板。这些能量优势仅在缺陷浓度处于可修复热力学窗口内有效，超出阈值后缺陷从资源变为障碍。再生策略方面，再锂化通过固相烧结、水热法、电化学法和熔盐法补充锂损失。结构修复通过退火、掺杂或构建快速锂通道修复阳离子混排和微裂纹。表面重构将残碱和岩盐相转化为保护性或离子导电界面。组合再生策略可实现性能超越，如缺陷介导异质外延共再生使单晶材料在0.1C下放电容量185.7 mAh g⁻¹，5C下125.1 mAh g⁻¹，1C循环100圈容量保持84.77%。废LiCoO₂一步转化为Li₆CoO₄理论容量977 mAh g⁻¹，回收利润达22.19美元每千克。1、提出可修复性指数框架，基于最弱链原则量化正极材料再生可行性，建立失效机制与策略选择的定量关联。2、揭示缺陷利用的能量学基础，锂空位和氧空位可将离子迁移势垒降低0.2-0.6 eV，实现低温高效再生。3、提出从被动修复到主动利用的范式转变，缺陷介导异质外延和单晶重构使再生材料性能超越原始材料。图1 正极特异性锂离子电池退役量预测及关键材料供需缺口图2 精确再生失效锂离子电池正极材料的系统框架图3 代表性正极材料的失效机制图4 层状正极中氧空位驱动的阳离子迁移和Jahn-Teller畸变图5 橄榄石LiFePO₄和富锂锰基正极的多尺度失效特征本综述提出了可修复性指数框架，将失效机制与再生策略选择定量关联，并倡导从被动缺陷修复转向主动缺陷利用的范式转变。通过多尺度失效分析揭示了层状氧化物、尖晶石、橄榄石和富锂锰基正极的不同可修复性边界，建立了缺陷利用的能量学基础，阐明了锂空位、氧空位和微裂纹作为低势垒通道和锚定位点的作用机制。组合再生策略可实现性能超越，为直接再生技术的理性设计和下一代可持续电池回收提供了理论框架与决策工具。文献链接：https://doi.org/10.1002/adma.75073注：本文仅供科研人员学术交流使用，未涉及任何商业用途。由于小编水平有限，文中如有不当或不准确之处，敬请批评指正。如有疑问，欢迎随时联系小编交流探讨。不喜欢锂离子电池正极材料占电池总成本的30%至50%，含有锂、钴、镍、锰等关键金属。,,,,pending
机器学习助力顶刊发表！科研效率翻倍！！,新能源前沿,新能源前沿,"21C API, 储能, 电解液",normal,2026-09-27T11:47:00+08:00,,"今年 4 月，香港城市大学与剑桥大学团队在 Nature 上发表了一套""AI 筛选 + 自动化制备""的闭环框架：机器学习从近两万种分子中锁定新型钝化分子，自动化平台再完成器件制备与迭代优化，做出的钙钛矿电池小面积效率 27.2%，连续运行 1200 小时后仍保持 98.7% 的初始效率。电池寿命预测、钙钛矿开发、电极与电解液筛选、固态电解质——机器学习已经进入了新能源材料研究的主流流程。对做这些方向的科研人来说，机器学习已经不仅是需要了解，更是需要会学会用。如果你正好在考虑这件事，可以关注指南针学院将于 11月6日—8日在杭州开设《机器学习赋能新能源材料研发：从代码实战到论文复现》，面向零基础",http://mp.weixin.qq.com/s?__biz=MzkxMTg3MzgyNg==&mid=2247509206&idx=2&sn=9d6ca9a4584287e730608918e5e5b160,,"今年 4 月，香港城市大学与剑桥大学团队在 Nature 上发表了一套""AI 筛选 + 自动化制备""的闭环框架：机器学习从近两万种分子中锁定新型钝化分子，自动化平台再完成器件制备与迭代优化，做出的钙钛矿电池小面积效率 27.2%，连续运行 1200 小时后仍保持 98.7% 的初始效率。电池寿命预测、钙钛矿开发、电极与电解液筛选、固态电解质——机器学习已经进入了新能源材料研究的主流流程。对做这些方向的科研人来说，机器学习已经不仅是需要了解，更是需要会学会用。如果你正好在考虑这件事，可以关注指南针学院将于 11月6日—8日在杭州开设《机器学习赋能新能源材料研发：从代码实战到论文复现》，面向零基础科研人员，系统入门机器学习在新能源材料性质预测、筛选与研发中的应用。扫码添加助教，免费领取 Python 教程01从""读懂论文""到""用上方法""，中间隔着什么读论文时我们会遇到相似的问题：名词都看得懂，综述也一篇不落，但真要动手，第一步就卡住了。卡住的原因通常不是学不会，而是没有人告诉你完整的顺序：手里的实验或计算数据怎么整理成能建模的格式？该提取哪些特征、对应材料的哪些物理量？选什么模型、怎么验证它在小数据上是不是可靠？更现实的问题是，论文里的方法复现出来了，换成自己的研究对象——不同的材料体系、不同的数据规模——又该怎么做？这不是缺某一篇文章或某一段代码，而是缺一条从数据到课题的完整路径。02这门课带你不走弯路课程的内容安排，就是沿着这条路径一步步展开的：数据的处理——你自己课题攒下的数据，怎么清洗、怎么组织；然后是特征工程，把材料信息变成模型能读的描述符；再往后是模型构建与预测、结果分析，包括怎么判断一个模型在你的数据规模上是否可信；最后一环是论文案例的复现、优化与课题迁移：围绕真实科研问题，用论文案例把研究方法和应用场景连起来。相比市面上的其他课程，这门课的定位是""系统入门""：它不仅帮你建立应用认知、跑通数据整理和基础建模的完整流程，还会形成方法帮你用于自身课题的思路。对0编程基础的同学们也十分友好。03课程亮点及收获•建立机器学习与新能源材料交叉研究的整体认知•掌握""科研问题-数据处理-建模预测-分析结果""的研究流程•学会通过真实论文案例理解和复现研究方法04适合人群•零基础研究生、计算小白：想系统入门机器学习科研应用。•硕士、博士研究生：已有实验或计算数据，希望提升数据分析和建模能力。•博士后、青年教师：希望拓展课题思路，构建机器学习与现有研究结合的新方案。•研究方向：电池、储能、钙钛矿、固态电解质等新能源方向。05课程详情早鸟价前3名专享福利：你来指定论文，陈老师带你完整复现——从数据、代码到结果，拆解你最需要的机器学习新能源材料论文！扫码添加助教，了解课程详情",,,,pending
科普 | 太空里的“千里眼”：遥感卫星是怎么工作的,世界先进制造技术论坛,世界先进制造技术论坛,"21C API, 发布",normal,2026-09-27T11:45:00+08:00,,一颗遥感卫星绕地球一圈大约只要 90 分钟，一天能绕十几圈。但麻烦的是，它飞到目标上空往往只有几分钟，拍完还得等下一次过境。真正的难题，是怎么让几十上百颗卫星配合，做到对同一片区域“反复、及时、看得清”。这篇文章讲清遥感卫星星座的原理和它的两个硬约束。遥感卫星在轨对地观测：绕地球一圈约90分钟先说清楚卫星怎么“看”遥感卫星运行在几百公里高的低轨上，用星载相机对地成像。这里有两类主要载荷。光学遥感相当于在太空里架一台超长焦相机，靠可见光到近红外波段成像，分辨率高、图像直观，但受天气影响极大——一旦目标区被云层遮住，这一圈就白飞了。合成孔径雷达（SAR）则发射微波并接收回波，因为微波能穿透云层、不,http://mp.weixin.qq.com/s?__biz=MzA5NjU1NTAwMA==&mid=2650229258&idx=3&sn=624c3bb384c5029c40a16052a903438b,,一颗遥感卫星绕地球一圈大约只要 90 分钟，一天能绕十几圈。但麻烦的是，它飞到目标上空往往只有几分钟，拍完还得等下一次过境。真正的难题，是怎么让几十上百颗卫星配合，做到对同一片区域“反复、及时、看得清”。这篇文章讲清遥感卫星星座的原理和它的两个硬约束。遥感卫星在轨对地观测：绕地球一圈约90分钟先说清楚卫星怎么“看”遥感卫星运行在几百公里高的低轨上，用星载相机对地成像。这里有两类主要载荷。光学遥感相当于在太空里架一台超长焦相机，靠可见光到近红外波段成像，分辨率高、图像直观，但受天气影响极大——一旦目标区被云层遮住，这一圈就白飞了。合成孔径雷达（SAR）则发射微波并接收回波，因为微波能穿透云层、不依赖太阳光，所以可以全天时、全天候工作。它的原理很巧妙：用一个较小的真实天线，借卫星飞行把不同时刻接收到的回波信号合成处理，等效出一个上百米甚至更长的“虚拟大天线”，从而获得高分辨率。光学与SAR载荷：一个“看得细”，一个“看得穿”为什么一颗卫星不够用低轨卫星速度很快，它经过某片区域上空的时间窗口通常只有几分钟。也就是说，一颗卫星对同一地点的重访间隔可能长达十几个小时甚至更久。这对灾害应急、目标监视这类任务来说太慢了——等它再飞回来，情况早就变了。解决办法就是星座化：用几十上百颗卫星分布在不同的轨道面上，让它们像接力一样轮流覆盖同一片区域，把重访周期从十几个小时压到几小时甚至更短。这就是遥感星座存在的根本理由——关键指标不是单星分辨率，而是“多长时间能再看一次”。星座化覆盖：几十上百颗卫星接力缩短重访周期把图像传回来也不简单卫星拍到的数据量非常大，而它高速飞行时，只有经过地面测控站上空那几分钟才能下传。这意味着数据回传是一道真正的瓶颈：卫星上的存储器可能先被写满，后面的图就拍不了了。常见解法有三种：一是全球布设地面站，尽量增加可见窗口；二是发中继卫星，让数据先传给天上，再由中继卫星转回地面，绕开了“必须飞到本国地面站头顶”的限制；三是靠星上处理，先在轨做筛选和压缩，只把有用的部分传下来。很多人以为遥感比的是相机，其实后半程比的是数传链路。星座真正的门槛把卫星发上天只是第一步。星座化之后，新的难题是批量制造、批量发射和批量运维——几十上百颗卫星，成本、周期、一致性都要按工业品的逻辑来抓，而不是按单件科研品的逻辑。同时还要做星间链路，让卫星之间能互相通信、协同观测。对用户来说，最终看的只有三件事：看得清不清楚、多久能看一次、从下单到拿到图要多久。这三项指标，才是衡量一个遥感星座实际能力的尺子。遥感星座的竞争，前半程比的是相机，后半程比的是怎么把数据及时送回来。分辨率不是唯一的指标很多人以为遥感卫星只比分辨率，其实指标是多维的。空间分辨率决定看得多细，时间分辨率决定多久能看一次，光谱分辨率决定能分辨多少种地物特征。三者往往互相制约：要提高空间分辨率，镜头口径和卫星规模就得加大；要缩短重访周期，就得发更多卫星。对农业估产，可能更需要多光谱和稳定的重复观测；对灾害应急，重访速度比单张清晰度更重要；对目标监视，则要兼顾穿透云层的能力。所以选哪条技术路线，取决于要解决什么问题。这也是为什么现代遥感星座往往同时部署光学和雷达两类载荷，用“看得细”和“看得穿”互相补位。而对用户来说，最终买单的其实是“数据到决策”的链路效率——从卫星过境、数据下传、地面处理到形成可用产品，中间任何一环卡住，前面看得再清楚也没用。高光谱对地观测卫星：多维指标互相制约你觉得遥感卫星未来更该追求单星极致分辨率，还是星座的重访速度？内容来源：网络本期编辑：小艾 论文投稿：作为领先的高科技先进制造技术产业服务平台，AMT接受学术论文投稿；稿件的发布完全是公益和免费的；论文投稿邮箱：info@amtbbs.org版权声明：AMT尊重版权并感谢每一位作者的辛苦付出与创作；除无法溯源的作品，我们均在文末备注了来源；如文章、视频、图片、文字涉及版权，请原创作者第一时间联系我们，我们将根据您提供的证明材料确认版权后立即删除内容或按国家规定标准支付稿酬！不喜欢一颗遥感卫星绕地球一圈大约只要 90 分钟，一天能绕十几圈。但麻烦的是，它飞到目标上空往往只有几分钟，拍完还得等下一次过境。,,,,pending
科普 | 飞船返回为什么要“烧掉一层皮”？防热原理,世界先进制造技术论坛,世界先进制造技术论坛,"21C API, 发布, 落地",normal,2026-09-27T11:45:00+08:00,,返回舱冲进大气层时，外表温度上千摄氏度，像一颗火球。可舱内温度始终保持在 30 摄氏度左右——靠的是一套“主动被烧掉”的防热结构。神舟返回舱怎么用烧蚀材料带走热量、让人揪心的“黑障”是怎么形成的，以及防热大底为什么最后要被抛掉。神舟十二号返回舱着陆：舱外上千摄氏度舱内30度返回时到底有多热飞船在轨速度接近每秒 7.9 公里，返回时不能直接刹车，只能靠大气层当刹车片。高速气流被剧烈压缩并摩擦，动能大量转成热能，返回舱表面局部温度可达上千摄氏度。这个温度下，普通金属早就软了。硬扛是不行的，因为再好的隔热材料也挡不住持续的高热流，而且做厚了重量受不了。所以工程上换了个思路：不跟热硬碰，而是让表面的材,http://mp.weixin.qq.com/s?__biz=MzA5NjU1NTAwMA==&mid=2650229258&idx=5&sn=1e7938ff165dcf388b08c9320e79898c,,返回舱冲进大气层时，外表温度上千摄氏度，像一颗火球。可舱内温度始终保持在 30 摄氏度左右——靠的是一套“主动被烧掉”的防热结构。神舟返回舱怎么用烧蚀材料带走热量、让人揪心的“黑障”是怎么形成的，以及防热大底为什么最后要被抛掉。神舟十二号返回舱着陆：舱外上千摄氏度舱内30度返回时到底有多热飞船在轨速度接近每秒 7.9 公里，返回时不能直接刹车，只能靠大气层当刹车片。高速气流被剧烈压缩并摩擦，动能大量转成热能，返回舱表面局部温度可达上千摄氏度。这个温度下，普通金属早就软了。硬扛是不行的，因为再好的隔热材料也挡不住持续的高热流，而且做厚了重量受不了。所以工程上换了个思路：不跟热硬碰，而是让表面的材料自己烧掉，把热带走。这就是烧蚀防热——一种“有意识地牺牲表层、保全主体”的设计哲学。返回舱回收作业：靠大气层当“刹车片”减速烧蚀：让材料自己去送死神舟返回舱表面敷设了一层烧蚀材料，厚度约 25 毫米，灌注在十余万个蜂窝格子里，形成一层又轻又耐高温的“防热衣”。它的工作过程很巧妙：高温下材料自身分解、熔化、蒸发、升华，每一样都在吸收热量；分解产生的气体还会在舱体表面形成一层气膜，像汗液蒸发一样把热挡在外面；剩下的碳化层则向外辐射热量。最里层未烧蚀的隔热区，继续阻止剩余热量往里钻。最终效果是：舱外上千摄氏度，舱内保持在 30 摄氏度左右。从太空回来的人，就是靠这 25 毫米活下来的。返回舱表面烧蚀痕迹：25毫米防热衣“主动被烧掉”黑障：最难熬的那几分钟当返回舱高速冲进大气层，表面高温会把周围气体和烧蚀产物电离，形成一层包裹舱体的等离子鞘。等离子体能吸收和反射无线电波，于是返回舱与地面的通信彻底中断，这就是“黑障”。黑障通常出现在距地面约 120 公里到 40 公里这段，持续时间大约 240 秒。这几分钟里，地面测控站联系不上飞船，任何遥控都下不去，所有操作只能靠航天员和舱上自动系统自己完成。为了让地面还能掌握它在哪里，我国自主研制的测量雷达会在这段时间里用反射式跟踪顶上去，为后续搜救提供落点数据。抛掉防热大底，才能开伞返回舱底部那块最厚的防热结构叫防热大底，它承担着最严酷的迎风面防护，烧完之后是一片焦黑。有意思的是，很多返回舱落地照片里底部却是干净的——因为大底在开伞后不久就被抛掉了。为什么一定要抛？因为它正好挡住降落伞舱盖。只有把大底扔掉，减速伞和主伞才能依次打开。之后返回舱在约 10 公里高度开伞降速，落地前再点燃几台固体反推火箭做最后一下缓冲。整套流程环环相扣，任何一步的时机差一点，落点就会偏出很远。东风着陆场：抛掉防热大底后开伞、反推、着陆返回舱表面被烧得越黑，说明那层“防热衣”工作得越尽职。半弹道式再入：为什么要“低着头”返回舱再入时并非垂直扎下来，而是采用半弹道式再入——利用返回舱自身的升力做一点控制，让弹道比纯弹道式更平缓，过载和落点精度都更可控。这里的升力来自一个细节：返回舱的防热大底是弧形，安装时略向下偏一点，于是舱体在气流中就像人低着脑袋顶风跑一样，产生一个向上的升力分量。代价是迎风的一面会更热、更黑——这也是为什么很多返回舱的照片里，一侧焦黑、另一侧却还是金色的。再入角度的窗口极窄：角度太浅会被大气弹开，回不来；角度太陡则过载太大，人扛不住。这个“窄缝”正是返回技术最考验功力的地方。也正因为如此，再入角必须由制导系统在极短时间内算准——差之毫厘，落点就可能偏出几十甚至上百公里，这也是整个返回过程中最不容出错的一环。聊聊你的看法如果未来可重复使用飞船成为主流，你觉得一次性烧蚀防热还会被保留吗？内容来源：网络本期编辑：小艾 论文投稿：作为领先的高科技先进制造技术产业服务平台，AMT接受学术论文投稿；稿件的发布完全是公益和免费的；论文投稿邮箱：info@amtbbs.org版权声明：AMT尊重版权并感谢每一位作者的辛苦付出与创作；除无法溯源的作品，我们均在文末备注了来源；如文章、视频、图片、文字涉及版权，请原创作者第一时间联系我们，我们将根据您提供的证明材料确认版权后立即删除内容或按国家规定标准支付稿酬！不喜欢返回舱冲进大气层时，外表温度上千摄氏度，像一颗火球。可舱内温度始终保持在 30 摄氏度左右——靠的是一套“主动被烧掉”的防热结构。,,,,pending
科普 | 一人操控 96 架：无人机蜂群作战原理详解,世界先进制造技术论坛,世界先进制造技术论坛,"21C API, 供电, 发布",normal,2026-09-27T11:45:00+08:00,,一只蜜蜂微不足道，但当成百上千架无人机同时升空、自主编队、协同打击，战力就完全不一样了。2026 年 3 月，央视首次全流程公开了国产“阿特拉斯”无人机蜂群作战系统——一名技术人员就能操控 96 架无人机执行空中任务。无人机蜂群编队：一名技术人员操控96架无人机从“一人一机”到“一人百机”传统无人机是一个操作员管一架，完成飞行、侦察、识别、突防、打击、评估这一整串动作已经很吃力，想同时操控近百架，靠人是不可能的。蜂群系统首先要突破的就是集群控制能力。在公开演示中，近百架高速无人机要在极短时间内形成密集编队，既要规避气流干扰，又要避免互相碰撞。支撑这件事的是集群控制算法——它给每架无人机装了一个,http://mp.weixin.qq.com/s?__biz=MzA5NjU1NTAwMA==&mid=2650229258&idx=4&sn=31ccc7a28527e7bd36aeb875251002d0,,一只蜜蜂微不足道，但当成百上千架无人机同时升空、自主编队、协同打击，战力就完全不一样了。2026 年 3 月，央视首次全流程公开了国产“阿特拉斯”无人机蜂群作战系统——一名技术人员就能操控 96 架无人机执行空中任务。无人机蜂群编队：一名技术人员操控96架无人机从“一人一机”到“一人百机”传统无人机是一个操作员管一架，完成飞行、侦察、识别、突防、打击、评估这一整串动作已经很吃力，想同时操控近百架，靠人是不可能的。蜂群系统首先要突破的就是集群控制能力。在公开演示中，近百架高速无人机要在极短时间内形成密集编队，既要规避气流干扰，又要避免互相碰撞。支撑这件事的是集群控制算法——它给每架无人机装了一个“智慧大脑”，让它们能互相交流、共享信息，实时调整相对位置。整个编队因此能像一个有机整体那样行动，而不是一百个各自为战的个体。集群编队飞行：集群控制算法让百机协同如一体发射，是一门时间艺术蜂群的发射方式很特别。搭载平台叫“蜂群 2 号陆战车”，单车可搭载 48 架无人机，采用 3 秒一发的间隔机制。为什么是 3 秒？因为要利用时间差，让每架无人机都有安全的飞行空间，避免刚出筒就撞在一起。更有意思的是发射顺序可以按任务灵活配置：要先摸清敌情，就先射侦察无人机；要先压制对方，就先射干扰无人机，再射攻击无人机。一个典型的作战流程是：先协同侦察、自主识别出指定目标，再按需分配侦察、干扰、打击任务，最后一击命中。蜂群发射：3秒一发的时间差保证安全飞行空间高低搭配，各干各的活蜂群里并不是同一种无人机。10 公斤级的小型机成本低、能集群部署、灵活度高，是“量”的主力；中型机用碳纤维打造，机身轻、滞空时间更长，折叠后体积小、便于转运和发射；还有能挂更多任务载荷的大型机。这三种搭配起来，就形成了“高低搭配、功能互补”的集群战力——用便宜的去消耗、去饱和，用贵的去干关键的活。演示里还有一支特殊编队：圆环集结的后备队，当有无人机被摧毁或需要调整任务时，它们会实时补位，保证作战持续进行。真正的难点在“没有信号也能懂”蜂群最容易被忽略、却最关键的一环，是抗干扰和自主性。如果每架无人机都要靠地面遥控，那一旦通信被干扰或压制，整个蜂群立刻瘫痪。所以研发方向是“无通信可交互”——目标是让无人机在没有信号的情况下，也能“懂”同伴的意图，知道该怎么一起把任务做完。这背后涉及分布式协同、群体智能和机间自组网。与此同时，反制手段也在同步进化，激光武器、电子干扰、微波反制正在构成“软硬结合、远近衔接”的防御体系，攻防两端是一场持续升级的较量。蜂群真正的门槛不是把无人机造便宜，而是让它们在没有信号的时候还知道彼此要干什么。攻防之间，其实是一场成本战蜂群真正的威力不只是数量，而是成本结构。一架 10 公斤级小型无人机成本很低，而拦截它的一枚防空导弹可能要贵上百倍——用导弹打无人机，防守方越打越亏。这正是反无人机系统必须转向定向能武器的原因：激光以“光速”打击，单次发射成本极低，只要供电就相当于有无限“弹药”。公开演示里，反制方用高密度能量束从数公里外攻击无人机机身结构，短时间就能击穿外壳、烧毁电路或动力系统；配合综合干扰系统，还能直接“致盲”依赖通信的目标。所以蜂群与反蜂群的较量，本质是“用便宜的量”对“用极低的单发成本”的较量。谁的成本曲线更优，谁就能撑得更久。军用无人机编队：高低搭配、功能互补的集群战力你觉得无人机蜂群未来最大的瓶颈是成本、算法，还是反制技术的进步？内容来源：网络本期编辑：小艾 论文投稿：作为领先的高科技先进制造技术产业服务平台，AMT接受学术论文投稿；稿件的发布完全是公益和免费的；论文投稿邮箱：info@amtbbs.org版权声明：AMT尊重版权并感谢每一位作者的辛苦付出与创作；除无法溯源的作品，我们均在文末备注了来源；如文章、视频、图片、文字涉及版权，请原创作者第一时间联系我们，我们将根据您提供的证明材料确认版权后立即删除内容或按国家规定标准支付稿酬！不喜欢一只蜜蜂微不足道，但当成百上千架无人机同时升空、自主编队、协同打击，战力就完全不一样了。,,,,pending
120英寸激光电视五年内或成主流，百吋大屏产业链国产化率升至80%,世界先进制造技术论坛,世界先进制造技术论坛,"21C API, 出货, 出货量, 全球出货, 发布, 认证, 量产",normal,2026-09-27T11:45:00+08:00,,9月20日，第七届激光显示技术与产业发展大会在北京举行。会上披露了一组关键数据：过去四年，百英寸以上电视销量增长892%。海信视像科技总裁李炜给出判断：未来五年，120英寸激光电视将成为行业主流。这个判断背后，是需求、技术和产业链三重力量的共振。大客厅成为刚需，百吋大屏不再是“极客玩具”先说需求端。今年上半年，全国30个重点城市120平方米以上新房成交占比达到48%。4米开间的大客厅，正在成为新中产住宅的标配。大客厅配大屏，逻辑很直接。小红书的数据印证了这一趋势。“屏幕场景”“家庭影音”相关搜索量均达到250万次，同比上涨25%。更值得注意的是用户画像变化：激光显示意向人群中，女性占比76.4,http://mp.weixin.qq.com/s?__biz=MzA5NjU1NTAwMA==&mid=2650229258&idx=1&sn=3aeff987b281f9b47ee7dc5f98f99bae,,9月20日，第七届激光显示技术与产业发展大会在北京举行。会上披露了一组关键数据：过去四年，百英寸以上电视销量增长892%。海信视像科技总裁李炜给出判断：未来五年，120英寸激光电视将成为行业主流。这个判断背后，是需求、技术和产业链三重力量的共振。大客厅成为刚需，百吋大屏不再是“极客玩具”先说需求端。今年上半年，全国30个重点城市120平方米以上新房成交占比达到48%。4米开间的大客厅，正在成为新中产住宅的标配。大客厅配大屏，逻辑很直接。小红书的数据印证了这一趋势。“屏幕场景”“家庭影音”相关搜索量均达到250万次，同比上涨25%。更值得注意的是用户画像变化：激光显示意向人群中，女性占比76.4%，26至40岁群体占59.3%。大屏消费决策权，正从男性数码爱好者转移到家庭体验决策者手中。用户关注的重点也在变。过去搜“激光电视是什么”，现在搜“怎么装进我家”。问的是隐藏安装、升降幕布、亲子共看。消费逻辑从“买一台电视”切换为“造一个空间”。这个变化，传统显示方案接不住。液晶撞上成本墙，OLED卡在量产关传统显示方案走到百吋以上，会碰上三堵墙。第一堵墙是成本。 超过100英寸的液晶电视，成本随尺寸增长呈指数级上升。目前116英寸大屏电视虽已量产，但价格居高不下。OLED受蒸镀工艺和面板母板尺寸限制，100英寸以上产品至今无法实现稳定量产。LG Display甚至已搁置了10.5代超大尺寸OLED面板工厂的扩建计划，项目规模约133亿元人民币。第二堵墙是入户。百吋液晶电视动辄需要拆门拆窗、动用吊车。第三堵墙是能耗和护眼，大尺寸面板的蓝光问题一直是家长们的隐忧。这三堵墙，恰好是激光显示的机会。激光显示走的是“投影成像+独立屏幕”路线。画面尺寸上限取决于光学系统，不依赖玻璃基板。屏幕只负责反射成像，不集成发光元器件。尺寸越大，激光的成本优势反而越明显。 目前120英寸激光电视价格已下探至4万元区间。在入户环节，可折叠屏幕能塞进普通电梯；在护眼环节，激光电视已获德国莱茵TÜV“0有害蓝光”认证。国产化率从32%到80%，产业链用了四年技术路线能不能跑通，产业链是底盘。四年前，一台激光电视的49个主要元器件中，国产化率只有32%。大量核心器件需要专门定制，全球合作伙伴仅几十家。到2026年，这个数字变成了80%，且基本覆盖核心器件。海信在激光显示领域累计申请国内外专利1439件，已授权575件，覆盖光源、散热、超短焦镜头、消散斑、抗光屏幕等关键环节。2025年，海信激光电视全球出货量占有率达到70.3%，连续7年位居全球第一。这个国产化率的变化说明一件事：中国显示产业在激光赛道上，不再走OEM代工的老路。 CRT时代是跟随者，液晶时代是追赶者，到了激光显示时代，中国企业开始掌握技术路线定义权。回到开头的判断：五年内120英寸成主流。支撑它的不只是需求，不只是技术，更是一条已经跑通的完整产业链。你家客厅开间多大？装修时会不会考虑百吋以上的激光方案？欢迎在评论区聊聊。内容来源：网络本期编辑：小艾 论文投稿：作为领先的高科技先进制造技术产业服务平台，AMT接受学术论文投稿；稿件的发布完全是公益和免费的；论文投稿邮箱：info@amtbbs.org版权声明：AMT尊重版权并感谢每一位作者的辛苦付出与创作；除无法溯源的作品，我们均在文末备注了来源；如文章、视频、图片、文字涉及版权，请原创作者第一时间联系我们，我们将根据您提供的证明材料确认版权后立即删除内容或按国家规定标准支付稿酬！不喜欢9月20日，第七届激光显示技术与产业发展大会在北京举行。会上披露了一组关键数据：过去四年，百英寸以上电视销量增长892%。,,,,pending
科普 | 1 亿度烧 1066 秒：可控核聚变难在哪,世界先进制造技术论坛,世界先进制造技术论坛,"21C API, 发布, 并网, 爬坡",normal,2026-09-27T11:45:00+08:00,,2025 年 1 月 20 日，安徽合肥的“人造太阳”EAST 实现了 1 亿摄氏度、1066 秒的稳态高约束模等离子体运行，刷新世界纪录。1 亿度是太阳核心温度的约 6 倍，而地球上没有任何材料能承受这个温度。这篇文章讲清它是怎么把“太阳”装进罐子里的。EAST全超导托卡马克装置：1亿度烧1066秒为什么非要造“人造太阳”核聚变是让轻原子核在极高温下结合成更重的核，同时释放巨大能量。它的燃料是氘和氚，可以从海水中提取；反应过程不产生二氧化碳，也不产生长寿命的高放射性核废料。这也是它被公认为终极能源的原因。但在地球上复现太阳内部的反应，难度超乎想象——太阳靠自身巨大的引力把等离子体压住，地球上,http://mp.weixin.qq.com/s?__biz=MzA5NjU1NTAwMA==&mid=2650229258&idx=2&sn=b02237258a4730af9e54edb5518c124e,,2025 年 1 月 20 日，安徽合肥的“人造太阳”EAST 实现了 1 亿摄氏度、1066 秒的稳态高约束模等离子体运行，刷新世界纪录。1 亿度是太阳核心温度的约 6 倍，而地球上没有任何材料能承受这个温度。这篇文章讲清它是怎么把“太阳”装进罐子里的。EAST全超导托卡马克装置：1亿度烧1066秒为什么非要造“人造太阳”核聚变是让轻原子核在极高温下结合成更重的核，同时释放巨大能量。它的燃料是氘和氚，可以从海水中提取；反应过程不产生二氧化碳，也不产生长寿命的高放射性核废料。这也是它被公认为终极能源的原因。但在地球上复现太阳内部的反应，难度超乎想象——太阳靠自身巨大的引力把等离子体压住，地球上没有这个条件，只能另想办法。EAST东方超环：16个D形超导线圈编“无形磁笼”而且太阳核心温度约 1500 万摄氏度，聚变要在地球上高效发生，温度还得再高一个量级，达到 1 亿度以上。磁笼：用什么装 1 亿度装不住，就干脆不装。托卡马克的解法是用强磁场编一个“无形的笼子”，让带电的等离子体悬在真空里，不与任何容器壁接触。EAST 是我国自主设计研制的全超导托卡马克，它用 16 个大型 D 形超导纵场线圈产生约 3.5 特斯拉的纵场，再用 12 个极向场超导线圈驱动超过 100 万安培的等离子体电流。更极端的是，这套装置把几种互相矛盾的极限环境强行封装在一起：超导线圈工作在零下 269 摄氏度的液氦里，而被它约束的等离子体却有上亿摄氏度；装置内部真空度要达到标准大气压的千亿分之一。1066 秒到底突破了什么这次纪录的关键词有三个：“亿度”是点火温度门槛，“千秒”是稳态运行的时间标尺，“高约束模式”则是未来聚变堆高效经济运行的物理基础。高约束模效率高、经济性强，但要长时间稳定维持极其困难。EAST 的进步是一步步爬上来的：2012 年实现 30 秒，2016 年 60 秒，2017 年 101 秒，2023 年 403 秒，2025 年跨过千秒。从 2006 年建成运行至今，EAST 累计放电超过 15 万次。1066 秒意味着等离子体稳定“燃烧”了约 17 分钟——这是从“瞬间火花”迈向“持续燃烧”的关键一步。EAST实验装置：从30秒到1066秒的爬坡之路离发电还有多远千秒不是终点。要真正并网发电，还要迈过几道坎。第一是材料：高能中子持续轰击会让面向等离子体的部件寿命很短，需要抗辐照的新材料。第二是燃料循环：氚在自然界几乎不存在，必须实现“氚自持”，靠自己增殖，目前实验仍依赖外部供料。第三是经济性：度电成本要降到有竞争力的水平，才算真正可用。按照业界路线，未来十年到二十年内要陆续完成材料验证、燃料循环验证和示范堆工程验证。核聚变从来不是“还差五年”的技术，而是一场需要几代人接力长跑的工程。零下 269 摄氏度的超导线圈，和上亿摄氏度的等离子体，只隔了几米——这就是“人造太阳”的工程难度。为什么主流路线是托卡马克约束上亿度的等离子体有好几条技术路线，托卡马克是目前最主流的一条。它的结构像一个甜甜圈：环形真空室里，纵场线圈产生沿环向的磁场，极向场线圈驱动环形电流并产生极向磁场，两者叠加形成螺旋形的磁力线，把等离子体“拧”在环形轨道里。这种螺旋磁场能有效抑制等离子体的不稳定性，是它比简单直线约束更可行的关键。另一条著名路线是仿星器，靠复杂的扭曲线圈直接产生螺旋磁场，天生更稳定、更适合连续运行，但线圈加工精度要求极高，工程实现极难。此外还有激光惯性约束等路线。目前进展最快、工程验证最充分的仍是托卡马克——这也是为什么全球最大聚变工程 ITER 选择了它。托卡马克环形结构：螺旋磁力线把等离子体拧在轨道里你觉得可控核聚变会在 2050 年前实现商业发电吗？拦路虎最可能是材料还是燃料？内容来源：网络本期编辑：小艾 论文投稿：作为领先的高科技先进制造技术产业服务平台，AMT接受学术论文投稿；稿件的发布完全是公益和免费的；论文投稿邮箱：info@amtbbs.org版权声明：AMT尊重版权并感谢每一位作者的辛苦付出与创作；除无法溯源的作品，我们均在文末备注了来源；如文章、视频、图片、文字涉及版权，请原创作者第一时间联系我们，我们将根据您提供的证明材料确认版权后立即删除内容或按国家规定标准支付稿酬！不喜欢2025 年 1 月 20 日，安徽合肥的“人造太阳”EAST 实现了 1 亿摄氏度、1066 秒的稳态高约束,,,,pending
新疆大学朱若斐课题组《Desalination》：“夜间吸水、白天产水”Janus纤维素气凝胶,高分子科技,高分子科技,"RIOnews API, 聚合物新材料, 凝胶, 学术研究, 大学, 教授, 期刊",normal,2026-09-27T11:45:00+08:00,,点击上方“蓝字” 一键订阅在干旱地区，淡水短缺往往伴随着另一个更基础的问题：液态水源本身并不稳定。传统太阳能界面蒸发器擅长把已有的海水、苦咸水转化为水蒸气，却通常离不开持续供水。由此，一个更有意思的问题出现了——如果蒸发器不仅会“蒸水”，还能在没有稳定水源时先从空气中“找水”，会怎样？围绕这一思路，新疆大学朱若斐副教授、王丹副教授课题组构筑了MOF集成Janus纤维素气凝胶PAC@MOF-CB，将大气水分捕获、储存、定向输运与太阳能界面蒸发放进同一材料体系。材料在夜间或弱光条件下吸湿储水，在白天利用太阳能完成释水与蒸发，使“空气中的水”和“盐水中的水”都能够进入同一水生产路径。相关研究成果以“,http://mp.weixin.qq.com/s?__biz=MzA5NjUyNjc5Ng==&mid=2651663725&idx=2&sn=4d30fc6f7a6eb3e2663a87c8c78e542d,,"点击上方“蓝字” 一键订阅在干旱地区，淡水短缺往往伴随着另一个更基础的问题：液态水源本身并不稳定。传统太阳能界面蒸发器擅长把已有的海水、苦咸水转化为水蒸气，却通常离不开持续供水。由此，一个更有意思的问题出现了——如果蒸发器不仅会“蒸水”，还能在没有稳定水源时先从空气中“找水”，会怎样？围绕这一思路，新疆大学朱若斐副教授、王丹副教授课题组构筑了MOF集成Janus纤维素气凝胶PAC@MOF-CB，将大气水分捕获、储存、定向输运与太阳能界面蒸发放进同一材料体系。材料在夜间或弱光条件下吸湿储水，在白天利用太阳能完成释水与蒸发，使“空气中的水”和“盐水中的水”都能够进入同一水生产路径。相关研究成果以“MOF-integrated Janus cellulose aerogel for solar-driven interfacial desalination with atmospheric water-harvesting capability”为题，发表于《Desalination》2026, 640, 120731。为什么要把一块气凝胶做成“两层”？这项工作的关键不是把功能材料简单混在一起，而是让不同区域各司其职。图1展示了PAC@MOF-CB的构筑过程与Janus设计：下层以醛基化纤维素纳米纤维、壳聚糖和聚丙烯酰胺构成亲水网络，并引入氨基功能化MOF-801，用于捕获和储存空气中的水分；上层则选择性加入碳黑，形成光热蒸发界面。两个功能层通过连续的多孔骨架连接，使水能够从下层向上输运。于是，材料内部形成了一个很清晰的分工—下层“找水、存水”，上层“吸光、蒸水”，中间孔道负责把两者连起来。图1 PAC@MOF-CB Janus气凝胶的制备与结构设计能吸水还不够，关键是“吸得住，也放得出”大气吸湿材料最难处理的并不是单纯提高吸水量，而是平衡“抓水”和“放水”。图2把这一问题讲得很完整：拉曼光谱显示，引入A-MOF-801后，气凝胶中的水分子结合状态发生变化，中间水与自由水的比例由0.33提高到0.77，说明更多水处于一种适度结合的状态——既不会轻易流失，又不会被牢牢锁死。与此同时，不同MOF添加量以及不同CS:A-CNF比例的吸湿曲线表明，MOF微孔、Zr-OH与氨基亲水位点和纤维素网络共同决定了材料对环境水汽的响应。也正因为如此，这块气凝胶才能做到“晚上把水留下，白天再把水释放出来”。图2 水分状态调控与不同湿度条件下的吸湿行为在新疆的夜晚，它真的能从空气里“喝到水”吗？实验室中的恒温恒湿数据并不能完全代表真实环境，因此团队进一步把材料带到了乌鲁木齐户外（低湿度高昼夜温差的干旱地区）。图3同时给出了夜间实测和分子层面的解释：在相对湿度约20%～45%、温度和风速不断变化的自然条件下，材料6小时吸水量仍达到约0.56 g·g⁻¹；而分子动力学模拟则显示，水分子会逐渐在PAC@MOF-CB网络附近富集，并向内部孔道扩散，RDF结果也表明加入MOF后，吸附位点周围出现水分子的概率明显提高。换句话说，户外实验告诉我们“它确实能吸到水”，分子模拟则解释了“为什么能吸到”。图3 乌鲁木齐户外夜间吸湿及分子动力学模拟白天，它从“储水器”切换成“蒸发器”白天，Janus结构的另一半开始发挥作用。图4从光吸收、温升、蒸发、循环稳定性到真实水体脱盐，完整展示了这一转换过程。碳黑光热层能够快速吸收太阳能并将热量集中在上表面，红外热成像显示，光照90 s后蒸发层温度升至68.8 ℃，而下层吸湿层仅升至32.9 ℃，形成明显的垂直温度梯度；这种“上热下冷”的状态既有利于界面蒸发，也避免把储水层和体相水无效加热。在一个太阳光照下，优化材料的蒸发速率达到2.25 kg·m⁻²·h⁻¹，并在连续循环中保持稳定。更重要的是，黄海海水和赛里木湖水经过蒸馏后，所测主要阳离子的总体截留率超过99.9%，说明这套体系最终完成的不是简单升温，而是真正的淡化与淡水制备。图4 光热转换、界面蒸发、循环稳定性及真实水体淡化性能从实验室走到户外，“昼夜循环”真正跑了起来图5把这项工作的核心概念带到了真实自然环境中：夜间，亲水层和MOF吸附空气中的水汽并储存在孔道中；白天，碳黑层在太阳光下快速升温，推动水分释放并在界面蒸发。在乌鲁木齐户外测试中，约3 min即可观察到明显冷凝水滴，在约850 W·m⁻²太阳辐照、约30 ℃环境温度和约30%相对湿度条件下，材料平均蒸发通量约为1.81 kg·m⁻²·h⁻¹，最高瞬时蒸发通量达到2.27 kg·m⁻²·h⁻¹。相比单纯追求实验室里的高蒸发速率，这张图更重要的意义是证明：“夜间吸湿—白天蒸发”的材料逻辑在真实环境中可以形成完整工作闭环。图5 乌鲁木齐自然环境下的昼夜吸湿—太阳能蒸发运行如果换一个城市，这种模式还成立吗？在验证户外运行后，研究又把视角从乌鲁木齐扩展到不同气候区。图6基于实验参数和长期气候数据，对12个代表性城市的理论日蒸发潜力进行了估算。结果显示，乌鲁木齐、北京、开罗、约翰内斯堡等太阳辐照较强的地区具有较高理论蒸发潜力；在湿润地区，大气水分更丰富，有利于夜间吸湿，但高湿度又会削弱白天的蒸发驱动力；而高纬度和温带海洋性地区则主要受到太阳辐照和温度较低的限制。这张世界地图因此不是简单的“性能排名”，而是在回答一个更实际的问题：这套材料的优势来自吸湿与蒸发两个过程的耦合，所以它最终会如何表现，取决于当地太阳能、湿度和温度之间的共同作用。图6 不同气候区代表性城市的理论日蒸发潜力估算结语这项研究真正有意思的地方，并不只是把某一个蒸发速率再提高一点，而是改变了传统太阳能蒸发器“必须始终依赖液态水源”的单一工作模式。PAC@MOF-CB把“找水、存水、输水、蒸水”放进同一块Janus气凝胶：夜晚，它是大气水分收集器；白天，它又切换成太阳能蒸发器。对于太阳能丰富但水源不稳定的干旱、半干旱地区，这种昼夜功能切换提供了一种值得进一步探索的分布式淡水生产思路。该研究成果发表于Desalination：“MOF-integrated Janus cellulose aerogel for solar-driven interfacial desalination with atmospheric water-harvesting capability”（DOI：10.1016/j.desal.2026.120731）通讯作者为朱若斐副教授和王丹副教授。原文链接：https://doi.org/10.1016/j.desal.2026.120731作者介绍：向上滑动阅览朱若斐副教授：新疆大学纺织与服装学院纺织系主任，硕士生导师，绿色低碳清洁染整技术新疆大学创新团队负责人，中国纺织工程学会环保与印染专业委员会委员，入选新疆维吾尔自治区“天池英才”省级人才项目。研究方向聚焦太阳能界面蒸发技术及功能纤维材料开发。主持新疆维吾尔自治区重点研发专项、自然科学基金青年基金、国家重点实验室开放课题、师市揭榜挂帅科技项目等。发表SCI论文20余篇，授权发明专利6项，其中欧洲发明专利1项。王丹副教授：新疆大学纺织与服装学院硕士生导师，入选新疆维吾尔自治区“天池英才”省级人才项目。研究方向聚焦天然纤维酶法催化染色与功能化改性；罗布麻环保脱胶技术及生物质纤维资源开发。主持/参与新疆维吾尔自治区重点研发专项、科技援疆计划、自然科学基金青年基金、高校科研计划、企业联合横向项目、新疆大学博士科研启动基金等多项科研项目。发表核心以上学术论文30余篇。相关进展新疆大学朱若斐课题组 Ind. Crop. Prod.：罗布麻纤维绿色环保脱胶技术取得新进展新疆大学朱若斐副教授课题组 CEJ：变废为宝 - 废弃罗布麻杆制备水母仿生水凝胶用于高效太阳能界面蒸发新疆大学朱若斐课题组 D&P：基于漆酶催化丁香酸聚合用于棉织物环保无盐无碱多功能染色新疆大学朱若斐课题组 AFMs：师法自然 - 受莲花多重仿生策略启发的强氢键网络纤维素水凝胶用于太阳能界面蒸发高分子科技原创文章。欢迎个人转发和分享，刊物或媒体如需转载，请联系邮箱：info@polymer.cn诚邀投稿欢迎专家学者提供稿件（论文、项目介绍、新技术、学术交流、单位新闻、参会信息、招聘招生等）至info@polymer.cn，并请注明详细联系信息。高分子科技®会及时推送，并同时发布在中国聚合物网上。欢迎加入微信群 为满足高分子产学研各界同仁的要求，陆续开通了包括高分子专家学者群在内的几十个专项交流群，也包括高分子产业技术、企业家、博士、研究生、媒体期刊会展协会等群，全覆盖高分子产业或领域。目前汇聚了国内外高校科研院所及企业研发中心的上万名顶尖的专家学者、技术人员及企业家。申请入群，请先加审核微信号PolymerChina（或长按下方二维码），并请一定注明：高分子+姓名+单位+职称（或学位）+领域（或行业），否则不予受理，资格经过审核后入相关专业群。点这里“阅读原文”，查看更多阅读原文不喜欢MOF集成Janus纤维素气凝胶用于太阳能驱动界面水净化及大气集水...",,,,pending
从一根蚕丝到精准递药 - 浙大杨明英教授团队PMS综述：系统梳理丝素蛋白药物递送研究进展,高分子科技,高分子科技,"RIOnews API, 聚合物新材料, 凝胶, 学术研究, 大学, 教授, 期刊",normal,2026-09-27T11:45:00+08:00,,"点击上方“蓝字” 一键订阅近日，浙江大学杨明英教授团队在材料科学领域期刊Progress in Materials Science在线发表题为“Silk fibroin as a biomaterial for drug delivery: From gland to clinic” 的综述文章。文章聚焦丝素蛋白（silk fibroin, SF）药物递送系统，从丝素蛋白在家蚕丝腺中的天然合成出发，系统总结其材料结构、提取与改性、载药方式、不同材料形态、组织器官递送以及临床转化进展，并提出“Gland to Clinic（从丝腺到临床）”的整体研究框架。图｜论文首页1. 为什么重新关注丝素蛋白",http://mp.weixin.qq.com/s?__biz=MzA5NjUyNjc5Ng==&mid=2651663725&idx=1&sn=8a9d4b4afdf80ef58497ccb2e75635ba,,"点击上方“蓝字” 一键订阅近日，浙江大学杨明英教授团队在材料科学领域期刊Progress in Materials Science在线发表题为“Silk fibroin as a biomaterial for drug delivery: From gland to clinic” 的综述文章。文章聚焦丝素蛋白（silk fibroin, SF）药物递送系统，从丝素蛋白在家蚕丝腺中的天然合成出发，系统总结其材料结构、提取与改性、载药方式、不同材料形态、组织器官递送以及临床转化进展，并提出“Gland to Clinic（从丝腺到临床）”的整体研究框架。图｜论文首页1. 为什么重新关注丝素蛋白药物递送？近年来，药物递送系统不断向更加精准、可控和多功能的方向发展。除了药物本身，载体材料的结构、降解行为、生物相容性以及加工方式，都会直接影响最终的递送效率和治疗效果。丝素蛋白作为一种天然蛋白质材料，兼具良好的生物相容性、可降解性、较低免疫原性以及较好的力学和加工性能。同时，其分子结构中含有多种可参与化学反应的氨基酸残基，也为进一步功能化提供了基础。与许多仅适用于单一材料形态的载体不同，丝素蛋白能够进一步加工为颗粒、水凝胶、纤维、薄膜、支架、微针以及涂层等多种形式，因此具有较广的药物递送应用空间。但文章指出，过去对于丝素蛋白的研究往往更加关注提取后的材料加工与应用，而对于丝素蛋白在丝腺中的天然形成过程，以及这一过程如何反向指导材料设计，讨论相对有限。基于此，作者将研究视角进一步向材料源头延伸，希望建立一个从生物合成、材料制备到临床应用更加完整的丝素蛋白药物递送体系。图｜丝素蛋白药物递送系统总体框架2. 从丝腺开始理解丝素蛋白丝素蛋白并不是一种简单的均一蛋白。家蚕丝素蛋白主要由重链、轻链和P25糖蛋白组成。其中，重链含有大量重复序列，并能够形成稳定的β-sheet结构；轻链与重链之间通过二硫键连接，P25则参与整个丝素蛋白复合物的稳定与分泌。这些蛋白主要在家蚕后部丝腺中完成合成。丝腺细胞具有非常强的蛋白质合成能力，丝素蛋白在粗面内质网中合成后，经高尔基体进一步加工并分泌至丝腺腔中。因此，家蚕丝腺本身可以被视为一个天然的高效蛋白生产体系。随着转基因、基因编辑以及合成生物学技术的发展，研究者已经能够进一步改变家蚕丝腺中的蛋白表达，使功能多肽或蛋白在丝素形成过程中直接进入材料体系。这使丝素蛋白的功能化不再局限于“提取以后再修饰”，而是可以进一步向生物合成阶段的源头设计拓展。图｜丝素蛋白在家蚕丝腺中的合成与组装3. 提取、遗传改造与化学修饰共同决定材料性能目前，丝素蛋白主要可以通过两种途径获得。一种是从丝腺中直接获得相对天然状态的丝素蛋白；另一种则是从蚕茧出发，通过脱胶、溶解、透析和离心等步骤获得再生丝素蛋白溶液。后者操作成熟、应用更加广泛，但脱胶和溶解过程也可能导致丝素蛋白肽链断裂及分子量下降。在获得丝素蛋白后，还可以进一步通过遗传改造和化学修饰调节其功能。在遗传层面，piggyBac、Cre/loxP、FLP/FRT、phiC31/att以及CRISPR/Cas9等技术均已被用于家蚕遗传操作，使功能序列能够在丝腺中表达，并进一步进入丝素蛋白体系。在化学层面，丝素蛋白中的Ser、Tyr、Lys、Asp和Glu等残基可提供羟基、氨基和羧基等反应位点。通过碳二亚胺偶联、重氮偶联、点击化学及酶促交联等方法，可以进一步引入药物、聚合物和靶向分子。图｜丝素蛋白的修饰4. 从颗粒到微针：丝素蛋白可以被加工成什么？经过提取和功能化后，丝素蛋白可以进一步构建为多种药物递送材料。文章系统总结了目前较常见的颗粒、纤维、涂层/微囊、水凝胶、支架、薄膜以及微针等形式。其中，颗粒具有尺寸可调和较大的比表面积，适合进行表面修饰和细胞摄取；水凝胶具有较高含水量，可用于局部持续释放；纤维和支架兼具结构支撑和药物递送能力；薄膜适用于表面覆盖和局部释放；微针则可以用于突破皮肤等屏障。因此，同样是丝素蛋白，通过改变其材料形态，就可以形成完全不同的药物递送模式。文章进一步提出，材料形式的选择应与具体给药场景相匹配。例如，局部长期释放和静脉纳米递送对载体的尺寸、力学性质、降解以及稳定性要求并不相同。换言之，丝素蛋白DDS的设计不能仅仅关注“如何把材料做出来”，还需要综合考虑给药途径、药物性质、目标组织以及释放需求。图｜丝素蛋白不同材料形态及其制备方法5. 丝素蛋白如何完成药物负载？除了材料形态，药物与丝素蛋白之间如何结合也是影响递送效果的重要因素。文章将目前的载药策略概括为三类：物理包载、化学偶联和生物合成。物理包载主要依靠氢键、静电相互作用和疏水作用等非共价作用，将药物分散或固定在丝素蛋白材料中。这种方法相对简单，并适用于多类药物。化学偶联则进一步利用丝素蛋白上的反应性基团，将药物或功能分子共价连接在蛋白链上。通过设计可响应pH、酶或其他微环境因素的化学键，还可以进一步调节药物释放行为。相比之下，生物合成提供了一条不同的路线。通过遗传工程使功能蛋白在家蚕丝腺中表达，可以使目标蛋白在丝素蛋白形成阶段即进入材料体系，从而实现更加直接的功能整合。这三种策略分别对应了从材料形成之后装药，到材料形成之前进行功能编码的不同设计层级。图｜丝素蛋白的药物负载及释放机制6. 不同器官，需要不同的丝素蛋白设计在应用方面，文章总结了丝素蛋白DDS在脑、眼、肺、心脏、消化系统、泌尿生殖系统、骨骼以及皮肤等多个组织中的研究进展。值得注意的是，作者并未简单按照疾病类型对相关研究进行罗列，而是进一步从不同器官的生理特点出发，对丝素蛋白载体的适用形式进行了比较。例如，肺部吸入递送需要重点考虑空气动力学粒径；眼部递送需要兼顾透明性和局部耐受性；骨组织相关材料则需要考虑更高的力学要求；对于皮肤，材料还需要适应表皮屏障及局部微环境。因此，同一种丝素蛋白材料并不能直接适用于所有器官。文章认为，未来丝素蛋白DDS的设计需要进一步建立器官生理特征—生物屏障—材料形式—关键参数之间的对应关系。这也意味着，丝素蛋白药物递送研究正在逐渐由“材料驱动”向更加明确的应用场景驱动转变。图｜不同器官对应的丝素蛋白递送形式及设计参数7. 丝素蛋白已经走到临床了吗？对于生物材料而言，临床转化是评价其实际应用价值的重要环节。丝绸材料长期以来已经被用于外科缝合，这使丝素蛋白具有一定的临床应用基础。与此同时，一些丝素蛋白薄膜、支架、网状材料和植入器械也已开展临床研究。文章对ClinicalTrials.gov中相关研究进行了系统整理。目前，丝素蛋白临床研究主要集中于创面修复、骨科、牙周组织修复和软组织重建等局部应用，材料形式也以薄膜、纤维网、支架以及植入器件等宏观结构为主。但另一方面，目前真正进入临床评价的丝素蛋白系统性纳米药物递送体系仍然非常有限。这表明，丝素蛋白作为传统生物材料已经具备一定临床基础，但如果进一步作为精细化、系统性纳米递送载体使用，其生产标准、质量控制和药代动力学评价仍需进一步完善。8. 从天然丝到可编程生物材料文章最后进一步讨论了丝素蛋白药物递送未来需要解决的问题。天然丝素蛋白虽然来源稳定、生产体系成熟，但不同家蚕品系、饲养环境以及提取条件均可能导致原料差异。同时，再生过程中产生的分子量变化以及β-sheet结构变化，也会进一步影响材料力学性能、药物释放和体内降解。对于纳米药物递送而言，这些差异可能进一步放大，因此对材料的一致性提出更高要求。作者认为，未来需要进一步建立标准化原料、稳定的加工工艺、无损灭菌方法以及系统的质量评价体系，并进一步厘清丝素蛋白结构与生物学功能之间的关系。与此同时，重组丝蛋白也为解决天然材料异质性提供了新的可能。与天然丝素相比，重组体系可以获得更加明确的蛋白序列，并能够按照需求引入特定功能模块；但其产量、生产成本和规模化仍有待进一步解决。文章因此提出，天然丝素蛋白与重组丝蛋白未来更可能形成互补。结合基因编辑、合成生物学、非天然氨基酸、先进交联技术以及3D打印等新方法，丝素蛋白也有望由传统天然材料进一步发展为具有更高结构和功能可控性的可编程生物材料平台。总结该综述以“Gland to Clinic”为主线，将丝素蛋白的天然生物合成与后续药物递送材料设计连接起来，从材料来源、结构基础、加工与功能化，到药物负载、器官应用和临床转化进行了系统总结。相比单纯总结已有丝素蛋白药物递送研究，文章进一步强调了材料源头、生物合成、工程化加工与临床需求之间的连续性。未来，随着材料科学、纳米医学和合成生物学不断交叉，丝素蛋白有望进一步从传统天然高分子材料向结构可调、功能可设计、生产可标准化的药物递送平台发展。但与此同时，材料批间差异、加工标准化、长期降解以及纳米递送体系的临床评价，仍然是这一领域由实验室研究进一步走向实际应用需要重点解决的问题。原文链接：https://www.sciencedirect.com/science/article/pii/S007964252600188X相关进展浙江大学杨明英/许宗溥 Nat. Commun.：一种制备可闭环回收生物质基材的新策略浙江大学杨明英教授团队 Adv. Sci.：平面丝变身高效耐盐太阳能蒸发器，淡水生产成本大降浙江大学杨明英教授团队 ACHM：蚕丝织物新突破！蚕丝复合面料解锁三重黑科技-超疏水+抗菌+防电磁样样行高分子科技原创文章。欢迎个人转发和分享，刊物或媒体如需转载，请联系邮箱：info@polymer.cn诚邀投稿欢迎专家学者提供稿件（论文、项目介绍、新技术、学术交流、单位新闻、参会信息、招聘招生等）至info@polymer.cn，并请注明详细联系信息。高分子科技®会及时推送，并同时发布在中国聚合物网上。欢迎加入微信群 为满足高分子产学研各界同仁的要求，陆续开通了包括高分子专家学者群在内的几十个专项交流群，也包括高分子产业技术、企业家、博士、研究生、媒体期刊会展协会等群，全覆盖高分子产业或领域。目前汇聚了国内外高校科研院所及企业研发中心的上万名顶尖的专家学者、技术人员及企业家。申请入群，请先加审核微信号PolymerChina（或长按下方二维码），并请一定注明：高分子+姓名+单位+职称（或学位）+领域（或行业），否则不予受理，资格经过审核后入相关专业群。点这里“阅读原文”，查看更多阅读原文不喜欢文章聚焦丝素蛋白（silk fibroin, SF）药物递送系统...",,,,pending
中南大学银恺教授团队 Nano Lett.：飞秒激光闪速加热构筑锡单原子重构石墨烯 - 实现多功能热管理,高分子科技,高分子科技,"RIOnews API, 聚合物新材料, 电池, 学术研究, 大学, 教授, 期刊",normal,2026-09-27T11:45:00+08:00,,点击上方“蓝字” 一键订阅在低温环境下，电池功率损失、传感器响应迟缓以及设备表面结冰等问题严重影响电子器件和工程装备的正常运行，因此，开发柔性、高效且能够在低电压下工作的热管理材料具有重要意义。激光诱导石墨烯（Laser-Induced Graphene，LIG）兼具良好的导电性、柔性以及较高的红外发射率，在焦耳加热和红外辐射热管理领域具有良好的应用潜力。然而，原始LIG中大量结构缺陷会限制载流子传输，使其低电压电热转换性能仍有进一步提升空间。另一方面，单原子掺杂能够从原子尺度调控石墨烯的缺陷电子态，但如何在三维多孔石墨烯网络中实现高密度、均匀且稳定的单原子锚定仍然面临挑战。近日，中南大学银恺,http://mp.weixin.qq.com/s?__biz=MzA5NjUyNjc5Ng==&mid=2651663725&idx=3&sn=aa12b7049347aa85b95c5b1d648ca81c,,"点击上方“蓝字” 一键订阅在低温环境下，电池功率损失、传感器响应迟缓以及设备表面结冰等问题严重影响电子器件和工程装备的正常运行，因此，开发柔性、高效且能够在低电压下工作的热管理材料具有重要意义。激光诱导石墨烯（Laser-Induced Graphene，LIG）兼具良好的导电性、柔性以及较高的红外发射率，在焦耳加热和红外辐射热管理领域具有良好的应用潜力。然而，原始LIG中大量结构缺陷会限制载流子传输，使其低电压电热转换性能仍有进一步提升空间。另一方面，单原子掺杂能够从原子尺度调控石墨烯的缺陷电子态，但如何在三维多孔石墨烯网络中实现高密度、均匀且稳定的单原子锚定仍然面临挑战。近日，中南大学银恺教授团队在国际知名期刊Nano Letters上发表题为 “Flash Laser Heating of Sn Single-Atom Reconstructed Graphene toward Multifunctional Thermal Management” 的研究论文。中南大学银恺教授为通讯作者，中南大学博士生何玉春为第一作者，论文第一单位为中南大学。该工作提出了一种基于飞秒激光闪速加热的Sn单原子原位构筑策略，通过二次飞秒激光处理同步实现Sn前驱体分解、碳骨架重构以及Sn单原子锚定，制备得到Sn单原子锚定激光诱导石墨烯（Sn-SA@LIG）。Sn单原子的引入能够调控缺陷相关电子态并改善载流子传输，同时保留LIG三维多孔结构所赋予的高红外发射特性，从而实现高效焦耳加热与非接触式红外辐射加热。研究采用两步飞秒激光加工策略：首先将PI原位转化为具有丰富缺陷的三维多孔LIG，随后引入SnCl₂前驱体并进行二次激光处理，同步实现前驱体分解、碳晶格重构和Sn单原子锚定。模拟表明，激光作用使材料表面快速升温至约2598 K并经历纳秒尺度淬冷，超快非平衡过程既促进碳骨架重构，又抑制Sn原子的迁移和团聚，为Sn单原子的稳定锚定提供动力学条件。图1：飞秒激光闪速加热构筑Sn单原子重构激光诱导石墨烯多尺度表征表明，Sn-SA@LIG保持了LIG的三维多孔碳骨架，AC-TEM和HAADF-STEM观察到高度分散的孤立Sn原子。优化后Sn-SA@LIG的方阻可降低至约31 Ω sq⁻¹，并在不同激光参数下均表现出优于RLIG的导电性能。理论计算进一步表明，Sn单原子能够调控缺陷相关电子态，部分恢复费米能级附近的电子态，从而改善载流子输运。图2：Sn-SA@LIG的原子尺度结构及电子结构调控Sn-SA@LIG表现出快速、稳定的低电压电热响应，优化样品在7 V下可达到约346.1 °C，电热温升系数约为204.64 °C·cm²·W⁻¹。同时，其在2–20 μm范围内保持高红外发射率，平均值达到96.22%。这种性能来源于Sn单原子增强的电子输运与三维多孔LIG骨架产生的红外多重散射和光俘获效应，实现了焦耳加热与红外辐射的协同增强。图3：Sn-SA@LIG的低电压电热响应与宽波段红外发射性能基于优异的电热和红外辐射性能，Sn-SA@LIG实现了接触式与非接触式热管理。在5 V驱动下，其可通过红外辐射在约3.4 min内融化1 cm³冰块；在−15 °C环境中，将其集成于智能手机电池后，可使电池维持在约15–20 °C，并使900 s内的充电能量由裸电池的约1.16 Wh提高至3.94 Wh，即达到裸电池的340%，展示了其在低温除冰和便携式电子设备热管理中的应用潜力。图4：Sn-SA@LIG在低温环境中的接触式与非接触式热管理应用总结该研究提出了一种基于飞秒激光闪速加热的Sn单原子重构激光诱导石墨烯策略，利用超快升温与纳秒尺度淬冷过程，在重构LIG碳骨架的同时实现Sn单原子的原位稳定锚定。Sn单原子通过调控缺陷相关电子态改善载流子输运，而三维多孔LIG骨架则维持了优异的宽波段红外发射性能。优化后的Sn-SA@LIG具有约 204.64 °C·cm²·W⁻¹ 的电热温升系数和 96.22% 的平均红外发射率，并成功实现非接触式除冰及−15 °C条件下的电池辅助热管理。该工作将超快激光制造、单原子工程与柔性热管理相结合，为单原子掺杂碳材料的快速原位制造以及极端低温环境下的多功能热管理提供了新的技术路径。论文信息：Yuchun He, Kai Yin*, Lingxiao Wang, Tingni Wu, Jianqiang Xiao, Ji-An Duan, Sergey Makarov.Flash Laser Heating of Sn Single-Atom Reconstructed Graphene toward Multifunctional Thermal Management. Nano Letters, 2026. https://doi.org/10.1021/acs.nanolett.6c03400.点击下方“阅读原文”可下载该篇论文。相关进展西南交大孟凡彬教授团队 AFM：基于仿生自由空间工程的石墨烯基纤维纺织品的宽带电磁吸收与热管理浙江大学高超教授等 AFM：面向极端热管理的双向高导热且结构超稳定的石墨烯基厚膜四川大学陈英红教授/广西大学石绍宏博士 CEJ：3D打印制造兼具热管理及电磁屏蔽性能的聚乳酸/石墨烯复合材料功能器件高分子科技原创文章。欢迎个人转发和分享，刊物或媒体如需转载，请联系邮箱：info@polymer.cn诚邀投稿欢迎专家学者提供稿件（论文、项目介绍、新技术、学术交流、单位新闻、参会信息、招聘招生等）至info@polymer.cn，并请注明详细联系信息。高分子科技®会及时推送，并同时发布在中国聚合物网上。欢迎加入微信群 为满足高分子产学研各界同仁的要求，陆续开通了包括高分子专家学者群在内的几十个专项交流群，也包括高分子产业技术、企业家、博士、研究生、媒体期刊会展协会等群，全覆盖高分子产业或领域。目前汇聚了国内外高校科研院所及企业研发中心的上万名顶尖的专家学者、技术人员及企业家。申请入群，请先加审核微信号PolymerChina（或长按下方二维码），并请一定注明：高分子+姓名+单位+职称（或学位）+领域（或行业），否则不予受理，资格经过审核后入相关专业群。点这里“阅读原文”，查看更多阅读原文不喜欢提出了一种基于飞秒激光闪速加热的Sn单原子重构激光诱导石墨烯策略...",,,,pending
时代红利过后，错过迭代窗口期，代价就会提前兑现！,工业节能环保技术,工业节能环保技术,"21C API, 出货, 出货量, 推迟, 放缓, 亏损, 投资, 补贴, 新产品",normal,2026-09-27T11:33:43+08:00,,中国过去几十年的发展，先后享受到了多轮核心红利，这些红利共同推动经济实现跨越式增长，深刻改变了国家面貌与普通人的生活先盘点一下中国这几十年吃过的红利基建红利：高铁总里程世界第一，高速公路里程全球第一，路网、管网一次性铺到位，先期砸钱建好整套基础设施，后面几十年全社会物流、通勤成本大幅压低——这套红利的高峰期已经过去，现在转入存量维护与局部补网。城镇化红利：大量人口从乡村转入城镇，土地、房产、工商业跟着升值，带动建筑业、制造业大量需求，如今城镇化率到了高位，增量放缓。治安红利：海量摄像头、天网系统铺下去，社会治理成本下降，营商环境和居民安全感提升。人口红利：过去几十年最核心的一条，充沛的青壮年劳,http://mp.weixin.qq.com/s?__biz=MzkzMTc0NzY2Mg==&mid=2247666680&idx=1&sn=4a28a74cb6df8871e0aa6d065113d71d,,中国过去几十年的发展，先后享受到了多轮核心红利，这些红利共同推动经济实现跨越式增长，深刻改变了国家面貌与普通人的生活先盘点一下中国这几十年吃过的红利基建红利：高铁总里程世界第一，高速公路里程全球第一，路网、管网一次性铺到位，先期砸钱建好整套基础设施，后面几十年全社会物流、通勤成本大幅压低——这套红利的高峰期已经过去，现在转入存量维护与局部补网。城镇化红利：大量人口从乡村转入城镇，土地、房产、工商业跟着升值，带动建筑业、制造业大量需求，如今城镇化率到了高位，增量放缓。治安红利：海量摄像头、天网系统铺下去，社会治理成本下降，营商环境和居民安全感提升。人口红利：过去几十年最核心的一条，充沛的青壮年劳动力、低廉的用工成本，支撑制造业成为世界工厂，如今数量型人口红利正在消退，老龄化持续推进，方向转向拼学历、拼技术的人才红利。再往外数，还有全世界唯一拥有全部工业门类的完整产业链红利，和十四亿人统一大市场的超大规模市场红利——一款产品一旦跑通，出货量极大，研发成本摊得极薄。全球化红利‌：2001年加入WTO后，中国深度融入全球分工，成为世界工厂，出口成为经济增长核心引擎，也换回了大量外汇用于再投资。互联网与科技红利‌：智能手机和移动互联网普及，催生了电商、社交、内容产业，也创造了大量新职业和财富机会串起来就是：早年吃人口红利，有了钱之后大手笔铺开基建、城镇化、安防；现在老的几项增量红利慢慢到头，未来要靠人才、完整产业链、超大内需市场接着走。传递信任成就价值链接（10000+）终端用户资源但红利不是白吃的，每一项红利背后都压着一本账拿基建红利里最强的高铁来看：全国稳定盈利的只是少数几条东部干线，京沪是最强的一根支柱，另有沪宁、沪杭、广深港等少量线路能正向回款；绝大多数线路，尤其在中西部和部分城际，长期亏损，票款收入连利息都覆盖不了。这套体系现在的玩法是内部交叉补贴——热门干线赚的钱，扛住海量欠发达线路的还本付息、电费、人工、轨道养护。把少数优质线路的收益，拿来托住一整片庞大的亏损网络，这就是最大的隐患。有三个风险点叠在一起第一，高铁能赚钱的根本，是沿线持续高密度的人口和商务往来，本质吃的还是人口红利与城镇化红利。人口总量一旦下滑、人口向极少数核心城市进一步集中，原本靠培育客流的二三线沿线会进一步萎缩，亏损面扩大——能造血的线路很难再增加，等着被供养的线路越来越多。第二，债务是长期刚性支出，基建贷款利息不会因为上座率低就变少，新项目高峰过去之后，只剩下持续几十年的还本付息，加上轨道、信号系统逐年老化翻新的刚性成本。第三，过去很多线路立项时，客流是按城镇化快速推进、人口持续增长的情景测算的，人口趋势一旦反转，原先测算的盈亏平衡点就永远达不到，变成长期无底洞。造血端增长放缓，负债端支出刚性不变，整个网络的平衡点就会提前到来。出路只有机制调整：客流充足的干线走市场化定价、沿线土地综合开发；偏远线路以公共保障为主，明确财政兜底，不再全部混在同一个商业盘子里，避免优质资产被长期无限透支。高铁只是个样本，背后有一条更底层的规律，可以叫它迭代进化论：任何一套系统，红利期本质就是它的成长迭代窗口；停止迭代、模式固化，崩溃点一定会比原本预估的时间更早到来。道理很直白。红利本身只能抵消一部分矛盾，并不能永久解决矛盾，只是把矛盾往后推迟。系统的走向只有两种。一种是持续迭代：一边享受现有红利，一边改造底层机制、技术、商业模式，随着外部环境变化同步进化，旧红利消退之后新的支撑接上，平稳过渡。另一种是停止迭代：躺在红利上面原地不动，所有隐藏的负债、结构性短板全部保留，外部条件一旦转向——人口萎缩、客流下降、需求变化——原来被红利掩盖的问题会集中爆发，崩溃点前置。拿高铁验证一遍。它当初的设计模型，建立在人口持续向沿线集聚、商务出行稳步上涨的预期之上，这是预设的长期外部条件。如果持续迭代——差异化票价、沿线站点土地综合开发、货运上高铁、精简运维成本、车型迭代降低能耗——就算客流增速放缓，也能开辟新收入来源，慢慢适配人口下滑的时代。如果不迭代，一直沿用老一套，单纯依靠客运票款，人口流动趋势一旦逆转，少数盈利干线的盈余填不住整个路网的利息与养护缺口，危机就会比立项时预判的更早出现。放到人口红利上同理。依靠廉价劳动力的制造业，往上走是升级自动化、转向高端制造，从人口红利切换人才红利，劳动力变少依旧有竞争力；原地踏步就是固守低附加值的劳动密集型产业，青壮年劳动力快速减少、用工成本抬升之后，工厂直接外迁，产业根基流失，代价提前兑现。底层逻辑只有一句话：静态的系统永远脆弱。所有红利，都只是外部环境恰好适配当前这套系统的一段短暂时期，而环境本身一直在变。系统不跟着同步演化，原先的优势条件慢慢消失，被掩盖的内部负担就会快速压垮整个结构。红利是给你用来争取迭代时间的，不是拿来永久躺平享用的。浪费掉迭代窗口期，代价就会提前兑现！相关推荐文章来源｜公共网络 / 2026年9月27日 . 北京相关阅读｜什么是人口红利丨深度笔记！时代大势已经切换！生存逻辑正在系统性重构！复旦学者沙烨：中国能有今天，靠的是无法被定价的80年牺牲红利！存量时代的普通人｜放弃无效内卷、主动避债、拒绝接盘！土地财政落幕后的中国，将影响未来每一个国人的命运走向||曹天从来没有什么人口红利，有的只是“劳动贷”我们的宗旨和价值观——我们致力于煤化工、电力/供热、钢铁/冶金、石油化工行业的节能环保新技术、新工艺、新产品的开发、技术咨询、应用推广、行业资讯分享！助力工业企业—节能降碳、提质增效！——我们不组织任何形式的收费活动、不链接任何非终端业主的间接需求！我们只聚焦终端用户需要的新技术、新工艺、新产品的开发和推广，传递您的新技术给用户！传递用户的真需求给您！我们能为您做什么——我们的终端用户资源（10000+）！涵盖了煤化工、钢铁/冶金、电力/供热、石油化工行业的绝大多数企业！——我们能够为您实现高效、精准、专业的终端用户链接，大幅降低您的新技术应用开发成本！——我们深度洞悉工业用户的核心需求与技术痛点，我们不止提供资讯，更是您身边新技术/新产品工业应用推广的专业顾问！10000+通讯录——欢迎扫码加入！ 链接更多资源！交流/咨询/合作——*********** 扫码添加微信！,,,,pending
研究进展 | 哈佛大学：超表面-光学奇点，Nature Reviews Electrical Engineering,今日新材料,今日新材料,"RIOnews API, 新材料, 量子, 学术研究, 大学, 教授",normal,2026-09-27T11:30:00+08:00,,光学奇点Optical singularities是电磁场中，相位、偏振等物理参量无法定义的空间位置。这类奇点，对光进行强局域约束，并在周围形成陡峭的场梯度，该电磁特性，已应用于超分辨显微成像、传感技术与光通信领域。数十年来，不断报道各类光学奇点结构，但相关命名体系不断扩充且存在部分不一致的问题。繁多的术语掩盖了可产生奇异性的场参量其实十分有限这一事实，也增大了光学奇点的设计难度。近日，哈佛大学Federico Capasso教授团队在Nature Reviews Electrical Engineering上发表综述文章，提出了一套面向应用、数学表述通俗易懂的理论框架：任意奇异光场，均可归约,http://mp.weixin.qq.com/s?__biz=MzkwMTEzMjE5OQ==&mid=2247692137&idx=6&sn=ada944ed4d634fd1a0488a90d2f7e18c,,"光学奇点Optical singularities是电磁场中，相位、偏振等物理参量无法定义的空间位置。这类奇点，对光进行强局域约束，并在周围形成陡峭的场梯度，该电磁特性，已应用于超分辨显微成像、传感技术与光通信领域。数十年来，不断报道各类光学奇点结构，但相关命名体系不断扩充且存在部分不一致的问题。繁多的术语掩盖了可产生奇异性的场参量其实十分有限这一事实，也增大了光学奇点的设计难度。近日，哈佛大学Federico Capasso教授团队在Nature Reviews Electrical Engineering上发表综述文章，提出了一套面向应用、数学表述通俗易懂的理论框架：任意奇异光场，均可归约为有限数量的基础普适奇点。在微小扰动下，这类光学奇点的稳定性，取决于定义空间维度的拓扑性质。还探讨了稳定与不稳定奇点的正向设计与逆向设计方法，及其在多学科中的潜在应用，并讨论如何构建更高维度的光学奇点。Multidimensional optical singularities and their applications. 多维光学奇点及其应用图1. 常见奇点类型的几何构型，详述了相关的奇异参数及其存在所需条件。图2. 在基本奇点的组合处或附近形成的奇异结构示例。图3. 奇点稳定性。图4. 任意维度中，奇点的广义拓扑保护与拓扑荷。图5. 通有generic奇点与非通有交集。（注：generic在这里不是“通用”，而是“通有的、一般位置的、非退化的”。通常是指在一般条件下，随机场中必定存在且稳定的奇点，即对微小扰动稳定、不会轻易消失：具有稳定性、维度规则、拓扑荷为 ±1）图6. 光学奇点的示例应用。图7. 强度极大值与强度零点定位精度模型。核心要点1奇异光学领域积累了大量命名不统一的结构类型。这一现状掩盖了真正出现 “无定义状态” 的场参量数量其实很少的本质，使得这类结构观测容易、设计困难。2、任意光学奇点都可以借助两类空间描述：一类表征奇点所处的空间位置，另一类表征在该位置上必须归零的物理条件。两类空间维度之间的关系，决定奇点的几何形态。3、同样的维度关系，决定奇点在实际环境中的存续能力。若拓扑荷为 ±1，结构稳定的奇点在受到扰动时只会发生位置偏移，而不会直接消失；稳定性同时要求扰动落在条件空间内，且扰动幅度不超过阈值。4、光学奇点可通过两种方式人为构建：组合已知光学元件，或将器件设计转化为优化问题；超表面可在同一平面上实现上述两种方案。5、光学奇点的应用价值，不仅取决于零点本身，奇点周边的光场同样至关重要。真实物理空间仅有三维，因此目前尚无法实现的高维奇点，仍需借助波长等合成维度来构建。相应的测量工作，则需解析奇点周边光场的偏振探测传感器。科普解读：光学奇点像光里的“漩涡”：在某个点上，相位或偏振方向没有定义，中心常是暗点，周围相位绕圈。光学奇点很稳定，因为拓扑性质像绳结，轻微扰动只能让它移动，不能轻易消失。任何光学奇点都可视为有限个“通用”奇点的集合，稳定性取决于拓扑荷±1及参数空间与条件空间的维度差。采用超表面（表面布满比波长还小的纳米天线）等亚波长波前调控材料，可以精确控制光的波前，并将相位、偏振、波长等自由度集成到单表面，可产生传统方案难以实现的多维奇点。例如，在(x,y,z,λ)四维空间，实现拓扑保护偏振奇点，遮挡部分超表面后奇点仍存续，仅发生位移。为传感、成像、通信、超分辨和微调控等提供设计规则，有望做成隐形传感器或更稳定的光学器件。文献链接Lim, S.W.D., Spaegele, C.M. & Capasso, F. Multidimensional optical singularities and their applications. Nat Rev Electr Eng (2026). https://doi.org/10.1038/s44287-026-00331-5本文译自Nature。来源：今日新材料（图片来自arXiv）推荐阅读研究透视：哈佛大学Federico Capasso团队 中红外激光芯片 | Nature研究透视：哈佛大学-量子超表面 | Science研究进展：超表面迈入2.0时代，百亿市场撬动光学产业 | Nat Rev Electrical Engineering哈佛大学Federico Capasso团队-可见光超表面 | Nature Communications今日前沿 | 哈佛大学：量子阱超表面-非线性增强，Nature Nanotechnology研究前沿：超表面 | Nature Photonics研究透视：Nature Photonics-超表面，三维高分辨率双射光成像研究透视：Nature Photonics-全息光片 | 于微尘中，悉见诸世界研究透视：当然之极Science-极紫外超透镜 | 超表面创世纪：镜头革命！从超构表面到超构透镜研究进展：超透镜-访谈Giampaolo Pitruzzello | Nature Photonics超表面之父，又发Nature大子刊！",,,,pending
今日前沿 | 武汉理工/华中科技大学：零维半导体Cs₂UO₂Cl₄-无悬挂键、化学各向异性、超高分辨率X射线成像，Nature Photonics,今日新材料,今日新材料,"RIOnews API, 新材料, 量子, 学术研究, 大学, 教授",normal,2026-09-27T11:30:00+08:00,,界面缺陷（Interfacial defects尤其是晶界处的缺陷），一直是制约现代光电器件性能的长期挑战之一。传统三维和低维（二维或一维）半导体，都存在表面或边缘相关的化学键合不连续，从而降低载流子动力学和光学效率（零维量子点，需精细的表面钝化，才能获得高发光效率，光伏器件取决于PN结界面和晶界的缺陷钝化，但钝化只能减弱、无法根除界面缺陷。一维发光材料具有低缺陷侧壁，端部仍存在强键被突然截断的非理想终端。二维材料（石墨烯、过渡金属硫族化合物）虽具有无悬挂键的范德华界面，但边缘终端仍存在悬挂键，且取决于机械剥离等精细工艺，难以规模化集成）近日，武汉理工大学夏梦玲教授团队Jiaqi Liu联合华,http://mp.weixin.qq.com/s?__biz=MzkwMTEzMjE5OQ==&mid=2247692137&idx=1&sn=32b373924e8ebace4ceb3ed09ee3244d,,"界面缺陷（Interfacial defects尤其是晶界处的缺陷），一直是制约现代光电器件性能的长期挑战之一。传统三维和低维（二维或一维）半导体，都存在表面或边缘相关的化学键合不连续，从而降低载流子动力学和光学效率（零维量子点，需精细的表面钝化，才能获得高发光效率，光伏器件取决于PN结界面和晶界的缺陷钝化，但钝化只能减弱、无法根除界面缺陷。一维发光材料具有低缺陷侧壁，端部仍存在强键被突然截断的非理想终端。二维材料（石墨烯、过渡金属硫族化合物）虽具有无悬挂键的范德华界面，但边缘终端仍存在悬挂键，且取决于机械剥离等精细工艺，难以规模化集成）近日，武汉理工大学夏梦玲教授团队Jiaqi Liu联合华中科技大学牛广达教授等在Nature Photonics上发文，基于零维结构材料的半导体设计新策略：在所有晶向上零维骨架均不存在悬挂键：同时通过在骨架内引入各向异性化学键，可在不牺牲各向同性、无缺陷电子性质的前提下，获得棒状等可定制形貌。通过在零维框架内引入各向异性化学键，可以实现可定制形貌同时不损伤各向同性且无缺陷的电子性质。以铀酰基卤化物Cs₂UO₂Cl₄为模型，利用 U=O（键焓759.4 kJ/mol）与 U–Cl （键焓452 kJ/mol）之间键合差异，诱导沿b轴的各向异性晶体生长，形成一维棒状形貌，同时保持零维电子结构和无悬挂键表面。当柱状薄膜应用于 X 射线闪烁成像时，柱状结构的 Cs₂UO₂Cl₄，实现了高空间分辨率（34 lp mm⁻¹），光产额约8.12万光子/MeV，光致发光量子产率PLQY均在92%–97%，并具低余辉、耐湿和耐辐照特性。这项成果，解耦了材料几何形貌与电子维度，为高分辨 X 射线成像和缺陷容忍光电器件提供新材料体系。Dangling-bond-free, chemically anisotropic semiconductors for ultrahigh-resolution X-ray imaging. 基于超高分辨率 X 射线成像技术，无悬挂键化学各向异性半导体图1 无悬挂键、化学各向异性半导体的光学与电子特性。图2 化学诱导的各向异性生长、平衡形貌与原子尺度晶界验证。图3 铀酰卤化物Cs₂UO₂Cl₄的结构与光物理表征。图4 X射线成像性能。科普解读：传统半导体像整块木头，切开就会露出断键，形成缺陷，影响发光和成像。零维铀酰卤化物Cs₂UO₂Cl₄ 晶格由 [UO₂Cl₄]²⁻ 八面体与 Cs⁺ 构成，轴向 U=O 键强而赤道 U–Cl 键弱。沿任意方向快速长成小棒，任何方向切开表面都不带断键；把小棒垂直排列成膜，X 射线激发后发光强、串扰小，成像分辨率达 34 线对/毫米。虽然含铀，但放射性低于商用烟雾探测器，可安全用于高分辨 X 射线成像。文献链接Liu, J., Liao, M., Liu, X. et al. Dangling-bond-free, chemically anisotropic semiconductors for ultrahigh-resolution X-ray imaging. Nat. Photon. (2026). https://doi.org/10.1038/s41566-026-02013-y本文译自Nature。来源：今日新材料仅代表译者观点。若有误，请联系修改；若侵权，请联系删除！",,,,pending
研究透视 | 声音的量子跃迁：超导量子比特+铌酸锂机械谐振器，Science,今日新材料,今日新材料,"RIOnews API, 新材料, 量子",normal,2026-09-27T11:30:00+08:00,,量子力学预测，振动物体的能量，以离散的份额形式存在，然而关涉位置的任何测量，还无法揭示这种振动声子的离散性。要分辨单个能级，需要一种性质不同的测量，即与谐振器的能量耦合，而不是位移耦合。近日，斯坦福大学Takuma Makihara，Amir H. Safavi-Naeini团队在Science上发文，将薄膜铌酸锂一维声子晶体腔（纳米机械谐振器）与超导transmon量子比特色散相耦合，通过重复量子无损测量，直接读取声子数。将量子比特和谐振器集成的对齐转移打印技术，获得了2.1毫秒的机械寿命，以及每声子* 千赫兹的色散频移。以85%保真度预报了单声子态，并观察到了机械谐振器第一激发态与基态之间,http://mp.weixin.qq.com/s?__biz=MzkwMTEzMjE5OQ==&mid=2247692137&idx=8&sn=2dee3f67f6ee16cda2a56251a5871a13,,"量子力学预测，振动物体的能量，以离散的份额形式存在，然而关涉位置的任何测量，还无法揭示这种振动声子的离散性。要分辨单个能级，需要一种性质不同的测量，即与谐振器的能量耦合，而不是位移耦合。近日，斯坦福大学Takuma Makihara，Amir H. Safavi-Naeini团队在Science上发文，将薄膜铌酸锂一维声子晶体腔（纳米机械谐振器）与超导transmon量子比特色散相耦合，通过重复量子无损测量，直接读取声子数。将量子比特和谐振器集成的对齐转移打印技术，获得了2.1毫秒的机械寿命，以及每声子* 千赫兹的色散频移。以85%保真度预报了单声子态，并观察到了机械谐振器第一激发态与基态之间的离散量子跳跃。这些不连续声子数态跃迁，成为量子力学在大质量振动物体中的惊人体现。把离子阱和电磁腔中的量子跃迁，拓展到机械振动系统，有助于量子声学、机械量子信息和超灵敏传感。Quantum jumps of sound.声音的量子跃迁。图1. 器件架构。图2. 后选择量子比特谱。图3. 后选择下 ，P(n=1) 演化。图4. 机械谐振器的量子跳跃。编辑语：量子力学Quantum mechanics，预测机械能是量子化的，但常规的谐振器运动测量，还无法表征这种离散性。要揭示声音的量子化跳跃，需要重复进行量子无损测量，这类测量耦合到离散能级（声子数）而非位置。该项研究，将铌酸锂机械谐振器与超导量子比特耦合，并测量了所预测的声子数量子跳跃。这种行为还可用于基于机械量子系统的量子信息处理。科普解读：量子力学认为，机械振动的能量也像楼梯一样一份一份，每一份叫一个声子。但如果只测振子位置，只能看到能量平滑衰减，看不出“台阶”。要看到量子性，必须直接数声子，而且测量不能把声子打乱。把超导量子比特和铌酸锂纳米机械振子耦合，让量子比特反复“询问”：现在声子数是奇数还是偶数？多次询问后，们重建出声子数随时间的变化，清楚看到振子从1个声子突然跳到0个声子。这就是“声音的量子跳跃”。说明宏观机械振动也遵守量子规则，有望用于量子计算、量子传感和超灵敏质量探测。文献链接Takuma Makihara et al. , Quantum jumps of sound. Science 393, 1217-1220 (2026). DOI:10.1126/science.aeh7535本文译自Science。来源：今日新材料封面图｜原创科普视觉：微机械谐振器、超导量子比特与 n=1→0 声子跃迁。",,,,pending
今日前沿 | 韩猛，超快物理-光电子角动量 ，Nature Photonics,今日新材料,今日新材料,"RIOnews API, 新材料, 量子, 学术研究, 大学, 教授, 研究所",normal,2026-09-27T11:30:00+08:00,,（引子：超快物理是在极短时间尺度内，研究所发生的物理过程：皮秒10⁻¹²s（晶格弛豫、自旋动力学、超导集体响应、涡旋运动前期）、飞秒10⁻¹⁵s（原子振动、化学键变化、电子-晶格耦合）到阿秒10⁻¹⁸s（晶格弛豫、自旋动力学、超导集体响应、涡旋运动前期）。主要目标是“拍下”原子、电子、晶格、自旋等微观运动，而不是只看平衡态或平均结果）电场E(t) 及与之相关的矢势A(t) 是描述光波的两个重要物理量。阿秒条纹谱streaking技术，通过将矢势映射到光电子能量位移来测量矢势，从而为连续态电子动力学提供了大体上经典的图像。近日，堪萨斯州立大学韩猛Meng Han，Jingsong Gao等联合德,http://mp.weixin.qq.com/s?__biz=MzkwMTEzMjE5OQ==&mid=2247692137&idx=3&sn=d8831a0f60e5c9efc719fd446bbcdd5e,,"（引子：超快物理是在极短时间尺度内，研究所发生的物理过程：皮秒10⁻¹²s（晶格弛豫、自旋动力学、超导集体响应、涡旋运动前期）、飞秒10⁻¹⁵s（原子振动、化学键变化、电子-晶格耦合）到阿秒10⁻¹⁸s（晶格弛豫、自旋动力学、超导集体响应、涡旋运动前期）。主要目标是“拍下”原子、电子、晶格、自旋等微观运动，而不是只看平衡态或平均结果）电场E(t) 及与之相关的矢势A(t) 是描述光波的两个重要物理量。阿秒条纹谱streaking技术，通过将矢势映射到光电子能量位移来测量矢势，从而为连续态电子动力学提供了大体上经典的图像。近日，堪萨斯州立大学韩猛Meng Han，Jingsong Gao等联合德国马克斯·普朗克核物理研究所梁昊Hao Liang等在Nature Photonics上发文，引入角分辨阿秒条纹谱技术（实验采用后压缩Yb激光驱动氩气高次谐波，经200nm铝/锆滤片，获得60–80 eV、约150 as孤立阿秒脉冲，与约5.3 fs红外场在速度地图成像仪中，对氦、氖进行延迟扫描），并将实验与含时薛定谔方程及强场近似计算相结合，以获取连续态电子分波的演化。研究发现，相比于矢势波峰附近，红外电场波峰附近有更多分波被布居（可达l≈4），矢量势峰值处则主要在p波；主导干涉由同宇称转向相反宇称；即使红外强度仅4.4×10¹¹ W/cm²，仍存在超过三个红外光子的连续态-连续态耦合。这些成果建立了阿秒条纹谱的量子态分辨图像，并为非微扰本质提供了新的见解。Attosecond streaking of photoelectron angular momentum. 光电子角动量的阿秒条纹测量图1：角分辨光电子阿秒条纹实验。图2：时间延迟（τ = −1.0 和 −0.17 飞秒）下，光电子角分布。图3：实验与含时薛定谔方程TDSE结果。图4：电子分波的阿秒演化过程。（注：电子分波electron partial waves指光电子脱离原子后，在中心势场中，连续态波函数按角动量展开后得到的各个角动量成分。就是看光电子波函数里包含哪些角动量成分、各占多少、相位如何随延迟变化，从而给出量子态分辨的阿秒动力学图像）图5：基于含时薛定谔方程TDSE方法，电子分波相干叠加。科普解读：传统阿秒条纹像“电子秒表”：红外光把光电子能量整体推一下，据此测阿秒脉冲。但电子飞出后并非单一平面波，而是s、p、d、f等分波叠加。该项研究，同时看电子飞出的角度，发现红外电场最强时，电子会吸收或发射多个光子，分波数变多，角分布更复杂；矢量势最强时，分波反而少。更反直觉的是，经典上最大动量偏移发生在矢量势峰值，而量子连续态耦合却偏爱电场峰值。这说明经典“条纹”背后是分波干涉。弱红外光也能引发强多光子耦合，为新材料中超快电子量子态探测提供新思路。韩猛Meng Han，美国堪萨斯州立大学教授，2015年本科毕业于哈尔滨工业大学物理系。2020年在北京大学物理学院取得博士学位，2020~2023在瑞士苏黎世联邦理工学院博士后，2023年夏季加入美国堪萨斯州立大学JRM lab（https://jrm.phys.ksu.edu/）担任助理教授，研究方向为超短激光脉冲与原子分子相互作用，即强场物理、阿秒科学。文献链接Gao, J., Liang, H., Hasan, M. et al. Attosecond streaking of photoelectron angular momentum. Nat. Photon. (2026). https://doi.org/10.1038/s41566-026-02020-z本文译自Nature。来源：今日新材料仅代表译者观点。若有误，请联系修改；若侵权，请联系删除！推荐阅读研究透视：阿秒手性光谱 | Nature光电子“频率分辨光学开关” -法诺共振电子波包 | Nature PhotonicsScience | 中德学者合作发现“超快卡皮查-狄拉克效应”",,,,pending
2H→1T相转变，可显著提升磷酸锰铁锂（LFMP）正极材料的电荷转移动力学性能,智锂魔方,智锂魔方,"RIOnews API, 前沿表征, 原位",normal,2026-09-27T11:30:00+08:00,,磷酸锰铁锂，LiFe₀.₆Mn₀.₄PO₄，LFMP，兼具橄榄石结构的本征稳定性与高热安全性，是连接磷酸铁锂长寿命与高能量密度体系的理想桥梁。但Mn的引入是一把双刃剑：抬升电压平台的同时，也带来界面电荷转移迟缓与Mn溶出退化两个问题。近期，北京科技大学徐睿老师及其团队发表在small上的研究工作，打破传统的掺杂思路，不把MoSₓ当被动保护膜，而是利用首次活化的锂化反应，让表面半导体2H-MoSₓ转变为MoSₓ衍生的金属中间相（含1T-LiₓMoSₓ及锂化物种）。这层电化学驱动下演化的界面，兼具高电子导电性与改变的局域化学环境，一次性回应动力学与稳定性两重挑战。一、原位电镜锁定2H→1T相变原位,http://mp.weixin.qq.com/s?__biz=Mzk4ODU2ODU5OA==&mid=2247500027&idx=1&sn=6a4c66f70621d6a74e49283edc847f11,,"磷酸锰铁锂，LiFe₀.₆Mn₀.₄PO₄，LFMP，兼具橄榄石结构的本征稳定性与高热安全性，是连接磷酸铁锂长寿命与高能量密度体系的理想桥梁。但Mn的引入是一把双刃剑：抬升电压平台的同时，也带来界面电荷转移迟缓与Mn溶出退化两个问题。近期，北京科技大学徐睿老师及其团队发表在small上的研究工作，打破传统的掺杂思路，不把MoSₓ当被动保护膜，而是利用首次活化的锂化反应，让表面半导体2H-MoSₓ转变为MoSₓ衍生的金属中间相（含1T-LiₓMoSₓ及锂化物种）。这层电化学驱动下演化的界面，兼具高电子导电性与改变的局域化学环境，一次性回应动力学与稳定性两重挑战。一、原位电镜锁定2H→1T相变原位透射电镜：初始界面可分辨0.425 nm（2H-Mo₂S₃的(002)面）与0.39 nm（LFMP的(120)面）两组晶格条纹。随锂化推进，MoSₓ层由约6 nm增厚至8 nm，这并非物理溶胀而是晶格重组：活化后高分辨图中出现0.220 nm新条纹，对应金属相1T-LiMoS₂的(210)面。活化曲线在≈1.5 V出现原始样完全缺失的锂化平台，标记2H→1T转变起点。厚度演变与新晶格指纹""同框""，为""锂嵌入驱动相变""提供直接可视化证据。二、从拉曼到XPS的电子结构改写相变在光谱上留下""对称破缺""印记。拉曼谱中2H特征峰被压制，取而代之≈163 cm⁻¹与≈226 cm⁻¹的J1、J2振动模式，标志Mo-S配位由三棱柱转向八面体；XPS的Mo 3d与S 2p芯能级锂化后系统性向低结合能偏移，反映电子屏蔽增强、电子密度升高——金属1T态的典型指纹。多谱学彼此印证，确认界面由半导体重构为金属相。三、金属化的电子学证据谱学证明""结构变了""，UPS与态密度（DOS）则回答""为何变好""。UPS显示二次电子截止边明显移动，功函数由4.37 eV降至4.12 eV，电子更易转移、势垒降低。DOS揭示本源：原始2H相有有限带隙、费米能级处禁带；锂化触发的对称破缺使Mo 4d轨道在费米能级附近形成高度简并能带，呈现高态密度金属电子结构，为电荷转移铺路。四、不止导电，Mn界面环境的同步安抚这层金属中间相的意义不止""导电""。Mn 2p XPS在2H→1T转变后结合能位移，说明Mn周围电子密度被重新分配；S 2p谱呈现约0.81 eV低结合能偏移，提示界面S与Mn可能存在相互作用。这些共同指向：Mn相关界面副反应与迁移被抑制，化学稳定性提升——动力学增益与化学稳定在此耦合，而非互相牺牲。五、动力学改善循环伏安中，改性电极在Fe²⁺/Fe³⁺（≈3.5 V）与Mn²⁺/Mn³⁺（≈4.1 V）两对峰上均呈最高峰电流，高压Mn平台电势差明显收窄，极化减轻。恒流充放电更具说服力：0.1 C下改性电极给出151.5 mAh g⁻¹，逼近理论容量；10 C高倍率下，原始LFMP/C因剧烈电压滞后仅余49 mAh g⁻¹，改性样仍保有99.1 mAh g⁻¹，且清晰保留Mn²⁺/Mn³⁺还原平台（未改性样中已基本消失）。GITT表明改性样在整个窗口内表观锂离子扩散系数均高于原始样，在Fe（≈3.5 V）与Mn（≈4.0 V）放电平台上均维持最高扩散能力；10 C容量达原始样两倍。循环和EIS阻抗谱同样印证了相转变后的磷酸锰铁锂正极材料的动力学性能得到明显提升。文献信息：Title: Highly Efficient and Cost-Effective Single-Atom Catalysts for Lithium-Sulfur Batteries Exceeding 540Wh/kgAuthor: Wenqi Zhao, Hai Lin, Yaqin Huang*, .et al.DOI: 10.1002/aenm.71516我是锂科生，将持续为大家分享锂电相关的知识和信息。如果喜欢，还请顺手点个关注和转发，也可在下方留言讨论，不胜感激。***声明***：本文基于公开学术成果及行业数据整理，实验数据和图片均引自文献，如有侵权，请联系公众号客服删除。不喜欢2H→1T相转变，可显著提升磷酸锰铁锂（LFMP）正极材料的电荷转移动力学性能",,,,pending
一块电池要用的锗和锆，可能比锂更“卡脖子”——38吨锗、76吨锆，当固态电池量产撞上15倍需求缺口，小金属剧本正在被改写！,固态电池SSB,固态电池SSB,"RIOnews API, 固态电池, 硫化物电解质, 氧化物电解质, 全固态, 量产推进, 产能, 扩产, 竣工",normal,2026-09-27T11:24:00+08:00,,9月23日，固态离子能源科技武汉研发中心项目竣工，配套量产基地同步落地，聚合物基固态电池从中试阶段迈向量产。同一天，长江综合动力型磷酸铁锂均价报54350元/吨、上调100元。电池技术路线的加速切换，正在给上游小金属的需求表重新排序。大多数人讨论固态电池，目光集中在锂身上。但真正可能“卡脖子”的，或许是几个平时几乎没人关注的元素——锗、锆、镧。01一块固态电池，要“吃”掉多少锗和锆？渤海证券2025年9月发布的固态电池材料专题报告，给出了一个清晰的需求测算框架。硫化物路线是当前最被看好的技术路径。单GWh锂电中，thio-LISICON型Li₃.₂₅Ge₀.₂₅P₀.₇₅S₄和LGPS型Li₁,http://mp.weixin.qq.com/s?__biz=MzkxOTU5NjMwNg==&mid=2247500358&idx=1&sn=e72f087aee47705f92d94ee095ee909b,,9月23日，固态离子能源科技武汉研发中心项目竣工，配套量产基地同步落地，聚合物基固态电池从中试阶段迈向量产。同一天，长江综合动力型磷酸铁锂均价报54350元/吨、上调100元。电池技术路线的加速切换，正在给上游小金属的需求表重新排序。大多数人讨论固态电池，目光集中在锂身上。但真正可能“卡脖子”的，或许是几个平时几乎没人关注的元素——锗、锆、镧。01一块固态电池，要“吃”掉多少锗和锆？渤海证券2025年9月发布的固态电池材料专题报告，给出了一个清晰的需求测算框架。硫化物路线是当前最被看好的技术路径。单GWh锂电中，thio-LISICON型Li₃.₂₅Ge₀.₂₅P₀.₇₅S₄和LGPS型Li₁₀GeP₂S₁₂硫化物电解质，需要锗约38-49吨。1GWh大约对应多少辆电动车？按平均带电量60kWh计算，大约1.7万辆。也就是说，每1.7万辆搭载硫化物全固态电池的电动车，就要消耗近40吨锗。氧化物路线的用量同样惊人。单GWh锂电中，LLZO（锂镧锆氧）氧化物电解质需要锆约76吨，LLZO和LLTO氧化物电解质需要镧约155-174吨。更直观的对比来自氧化锆。据上海证券报报道，每GWh固态电池的氧化锆用量约为2133吨，是传统液态电池的10倍以上。这些数字放在液态电池语境下，几乎是不可想象的量级。02供给端：锗和锆的“弹性”天生有限问题在于，锗和锆的供给，不是想扩产就能扩产的。锗是典型的伴生金属，主要从铅锌矿和褐煤中综合回收，不具备独立大规模开采的经济性，全球供给天然缺乏弹性。中国凭借资源禀赋和完整产业链，占据全球原生锗产量的68.6%。全球锗供应规模整体偏小。2024年全球总供应量约324吨，2025年约336吨，中国供应占比超50%，2025年全球增量几乎全部来自中国，无其他新增供应。标普全球预计，到2026年底，中国以外地区锗金属产量仅约31吨，比需求少177吨。锆的情况更令人警惕。根据USGS数据，2025年全球锆矿储量约7000万吨（以ZrO₂计），其中澳大利亚约5500万吨，占比接近80%；南非约590万吨，占比约8%；中国储量约50万吨，占比不足1%，资源对外依存度长期处于高位。从产量来看，2025年全球锆矿产量约120万吨（按锆英砂计），澳大利亚为最大供给国，产量40万吨，占全球34%。Iluka、Tronox、Rio Tinto三大矿业巨头合计产量占全球锆英砂总产量超50%，供给集中度极高。而中国作为全球最大的锆资源消费国，每年需求量约120万吨，国内年产量仅约14万吨，外采度长期保持在90%以上。进入2026年，全球锆资源供给端释放出更明确的收紧信号。南非RBM矿区因安全问题屡次停产，主要矿山品位持续下降、剥采比不断攀升，行业成本中枢趋于上移。2026年全球锆矿产量处于近15年低位，高品位进口锆英砂货源偏紧形成刚性成本支撑。镧的处境稍有不同。镧、铈是开采镨钕的伴生产物，稀土开采总量配额严格管控，镧铈合计占分离总量65%左右，产量跟随总稀土小幅增长，年增速仅3%～5%，不会大幅扩产。北方稀土2026年2月披露，近年来首次实现镧铈产品年度销大于产，正在积极消化长期积压的库存。短期看，镧的存量库存提供了缓冲。但固态电池需要的是99.99%以上高纯镧，这类高端产品的产能和存量，远不如工业级产品充裕。03需求端：2030年的量级有多惊人？渤海证券的测算给出了一个参考坐标：2030年全球固态电池出货量有望达396GWh。基于这一预测，若硫化物固态电池技术路线以Li₃.₂₅Ge₀.₂₅P₀.₇₅S₄或Li₁₀GeP₂S₁₂电解质为主，2030年硫化物固态电池对锗的需求量或达3182-4155吨。这个数字意味着什么？全球锗年产量约130吨左右，仅固态电池一项，2030年的锗需求就是现有全球产量的24到32倍。另有研究预测，若固态电池量产，对锗的需求量可能增加50到100倍。锆的需求同样在加速。中信证券研究报告预计，到2030年，全球固态电解质领域氧化锆需求量将达7.8万吨，正极材料领域达1.2万吨。与当前全球锆矿约120万吨的年产量相比，固态电池带动的增量看似占比不大，但关键在于高端氧化锆的供给几乎全部集中在中国。日本东曹、第一稀元素化学等国际高端氧化锆主要生产企业受稀土资源供给政策调整影响，产能出现阶段性收缩，国内高端氧化锆制造企业正在承接部分境外产能转移。04价格已经在说话了需求预期尚未完全兑现，但价格端的信号已经非常明确。锗方面，据观察者网报道，自中国2023年对镓、锗相关物项实施出口管制以来，两种关键金属在中国以外市场的价格已升至当时的9至10倍。2026年以来锗价持续上行，辽宁等地企业外售锗原料比例较2025年同期减少至少三分之一。锆方面的价格分化尤其值得关注。传统氧化锆价格稳定在4.3万元/吨左右，但用于固态电池电解质前驱体的纳米氧化锆（4N级）价格已飙升至约48万元/吨。溢价超过10倍。这一价差说明了一个关键事实：高端锆材料的溢价空间，完全由固态电池等新兴增量需求支撑。传统锆制品的价格体系与高端产品之间，已经形成了结构性断裂。镧的价格暂时相对平静，电池级金属镧报2.8-2.9万元/吨。但固态电池、高端催化对高纯镧的需求要求达到99.99%以上，附加值显著提升。高纯产品的溢价，尚未在公开报价中充分体现。05锗、锆、镧为何比锂更值得关注？回到核心问题：为什么说锗和锆可能比锂更“卡脖子”？锂的供给弹性远大于锗和锆。 全球锂资源储量丰富，盐湖、锂辉石、锂云母多条路线并行，价格上涨能快速刺激产能释放。而锗是伴生金属，产量取决于铅锌矿的开采节奏，无法独立扩产；锆的资源高度集中在澳大利亚和南非的少数矿山，新矿开发周期长达数年甚至十年以上。中国在锗和锆上的对外依赖结构，与锂完全不同。 锗方面，中国是全球最大供应国，问题不在“买不到”，而在“别人买不到”——出口管制正在重塑全球供应链格局。标普全球预计，即使到2030年，中国以外市场的锗产能也只能覆盖当地预计需求的约48%。锆方面，中国90%以上的进口依存度意味着，一旦海外矿山出现供给中断，国内高端氧化锆产业链将直接承压。固态电池对锗和锆的需求是“刚性的”。 在硫化物电解质体系中，锗的掺杂作用是优化界面稳定性和提升离子电导率，目前没有成熟的替代方案。在氧化物电解质中，锆是LLZO的骨架元素，镧是A位掺杂的关键组分，两者的化学功能难以被其他元素完全取代。锗的全球供应格局决定了：固态电池若大规模量产，锗的供需缺口不是靠价格就能短期解决的。加拿大、韩国和美国的新项目预计可使中国以外地区的锗精炼产能到2030年增至126吨，但即使届时可能有5座炼厂投入运营，其产能也只能覆盖当地预计需求的约48%。这意味着，谁掌握了锗和锆的稳定供应，谁就掌握了固态电池产业化的底层筹码。9月23日，武汉固态电池基地竣工的消息，在行业里或许只是一条常规进展。但它背后折射出的信号值得深思：当电池从液态走向固态，被重估的不只有锂。锗、锆、镧这些长期被低估的元素，正在从“工业味精”变成“战略粮食”。它们的供给弹性和中国在全球供应链中的位置，决定了固态电池产业化进程中一个容易被忽略的底层变量——不是电池技术本身能不能突破，而是上游材料能不能跟上。后续值得紧盯的两个变量是：固态电池量产基地的实际投产节奏，以及硫化物与氧化物两条电解质路线的产业化进度。当路线之争逐渐清晰，进入新技术体系材料清单的那些元素，就会率先拿到下一轮的定价话语权。你觉得锗和锆的供给瓶颈，会成为固态电池量产路上最大的“隐形门槛”吗？欢迎在评论区聊聊你的判断。不喜欢9月23日，固态离子能源科技武汉研发中心项目竣工，配套量产基地同步落地，聚合物基固态电池从中试阶段迈向量产。,,,,pending
伊朗：看到了美国总统的初步反应，等待调解方转达重开海峡计划美方最终意见，伊朗方面的条件是“明确的” ，“我们绝不会退让”,中国能源报,中国能源报,"21C API, 政策",normal,2026-09-27T11:23:16+08:00,,伊朗外长阿拉格齐说，伊朗方面目前正等待调解方转达美方最终意见。▲伊朗外长阿拉格齐（资料图）伊朗外长阿拉格齐当地时间9月26日在社交媒体说，伊朗方面在联合国大会期间已通过调解方向美方充分、详细转达了由伊朗最高国家安全委员会确定的、旨在重开霍尔木兹海峡和推进谈判的各项条件，目前正等待调解方转达美方最终意见。阿拉格齐在社交媒体上写道：“我们在所有会晤中都捍卫了伊朗的立场、政策和既定条件。我们提出的计划已通过调解方转达给了美方。伊方看到了美国总统的初步反应，但调解方尚未向我们转达任何信息。我们正在等待调解方转达最终意见，并将据此做出决定。”阿拉格齐强调，伊朗方面的条件是“明确的”，任何开放霍尔木兹海峡,http://mp.weixin.qq.com/s?__biz=MjM5NTI4MTIyMg==&mid=2658144027&idx=1&sn=ebc5f19de8724a146b08e8360170148c,,伊朗外长阿拉格齐说，伊朗方面目前正等待调解方转达美方最终意见。▲伊朗外长阿拉格齐（资料图）伊朗外长阿拉格齐当地时间9月26日在社交媒体说，伊朗方面在联合国大会期间已通过调解方向美方充分、详细转达了由伊朗最高国家安全委员会确定的、旨在重开霍尔木兹海峡和推进谈判的各项条件，目前正等待调解方转达美方最终意见。阿拉格齐在社交媒体上写道：“我们在所有会晤中都捍卫了伊朗的立场、政策和既定条件。我们提出的计划已通过调解方转达给了美方。伊方看到了美国总统的初步反应，但调解方尚未向我们转达任何信息。我们正在等待调解方转达最终意见，并将据此做出决定。”阿拉格齐强调，伊朗方面的条件是“明确的”，任何开放霍尔木兹海峡的行动都必须以满足这些条件为前提，“我们绝不会退让”。他同时说，只有通过外交谈判才能打破僵局，“伊朗从未关闭外交和谈判的大门，也从未放弃我们的权利”。阿拉格齐25日在纽约联合国总部举行的记者会上宣布，伊朗已通过卡塔尔向美国转达一个有关重新开放霍尔木兹海峡的计划，如果美方据此采取必要行动，霍尔木兹海峡可以在七日内重新开放，恢复正常海运。阿拉格齐说，计划要求的美方行动不是新条件，而是6月签署的美伊谅解备忘录中美方已经承诺的内容。美国总统特朗普26日称，他拒绝了伊朗提出的重开霍尔木兹海峡的提议。特朗普在接受媒体采访时表示，美方完全控制了霍尔木兹海峡，大量石油正从霍尔木兹海峡流出。来源：新华社End欢迎分享给你的朋友！出品 | 中国能源报（cnenergy）编辑丨赵方婷,,,,pending
利比亚主要输油管道恢复输送原油,中国能源报,中国能源报,"21C API, 发布",normal,2026-09-27T11:23:16+08:00,,利比亚国家石油公司发表声明说，已恢复通过管道输送原油。据利比亚国家石油公司当地时间9月26日晚消息，连接沙拉拉油田与扎维耶炼油厂及出口终端的主输油管道阀门在关闭数日后已重新开启，原油输送已恢复。利比亚国家石油公司发表声明说，已恢复通过管道输送原油。公司已采取措施使作业安全重启，以保证扎维耶炼油厂及出口终端的稳定原油供应。据悉，这一阀门21日被武装组织和石油设施警卫队成员关闭。利比亚国家石油公司26日发布的数据显示，沙拉拉油田21日停产以来，原油产量累计减少94万桶，经济损失估计约9500万美元。利比亚石油储量丰富。沙拉拉油田位于利比亚西南部，是该国最大的油田之一，其原油通过管道输送至该国西部城,http://mp.weixin.qq.com/s?__biz=MjM5NTI4MTIyMg==&mid=2658144027&idx=2&sn=ff0b534c40be7d0693b259abef72f222,,利比亚国家石油公司发表声明说，已恢复通过管道输送原油。据利比亚国家石油公司当地时间9月26日晚消息，连接沙拉拉油田与扎维耶炼油厂及出口终端的主输油管道阀门在关闭数日后已重新开启，原油输送已恢复。利比亚国家石油公司发表声明说，已恢复通过管道输送原油。公司已采取措施使作业安全重启，以保证扎维耶炼油厂及出口终端的稳定原油供应。据悉，这一阀门21日被武装组织和石油设施警卫队成员关闭。利比亚国家石油公司26日发布的数据显示，沙拉拉油田21日停产以来，原油产量累计减少94万桶，经济损失估计约9500万美元。利比亚石油储量丰富。沙拉拉油田位于利比亚西南部，是该国最大的油田之一，其原油通过管道输送至该国西部城市扎维耶并出口。来源：新华社End欢迎分享给你的朋友！出品 | 中国能源报（cnenergy）编辑丨赵方婷,,,,pending
美国法官裁定，469亿元全民太阳能计划终止决定被撤销,PV光圈见闻,PV光圈见闻,"21C API, 储能, 装机, 装机量, 放缓, 订单, 政策, 补贴, 关税, 反倾销, 发布, 项目落地, 落地",normal,2026-09-27T11:18:12+08:00,,关注PV光圈见闻News Today日前，罗得岛州一名联邦法官裁定，美国环境保护署非法终止了规模70亿美元(469.9亿元人民币)的 “全民太阳能计划”。该项目旨在推广太阳能应用，降低中低收入家庭的用电成本。编辑 | 清韵出品 | PV光圈见闻美国地区法官Mary McElroy作出简易判决，支持原告诉求，撤销了环保署终止该项目的决定。法院认定，国会的立法本意是要求该机构继续管理已承诺拨付的拨款。法院认定，国会本意是要求该机构继续管理已承诺拨付的拨款。图片来源：谷歌南方环境法律中心高级律师Nick Torrey表示：“法院裁定特朗普政府本不应终止‘全民太阳能计划’。国会的本意是让项目持续推进，,http://mp.weixin.qq.com/s?__biz=MjM5MzI1NzEyMA==&mid=2649403136&idx=1&sn=d7e3bfc8e069185960aa2bd2d31d8bf5,,关注PV光圈见闻News Today日前，罗得岛州一名联邦法官裁定，美国环境保护署非法终止了规模70亿美元(469.9亿元人民币)的 “全民太阳能计划”。该项目旨在推广太阳能应用，降低中低收入家庭的用电成本。编辑 | 清韵出品 | PV光圈见闻美国地区法官Mary McElroy作出简易判决，支持原告诉求，撤销了环保署终止该项目的决定。法院认定，国会的立法本意是要求该机构继续管理已承诺拨付的拨款。法院认定，国会本意是要求该机构继续管理已承诺拨付的拨款。图片来源：谷歌南方环境法律中心高级律师Nick Torrey表示：“法院裁定特朗普政府本不应终止‘全民太阳能计划’。国会的本意是让项目持续推进，而环保署叫停该项目并截留资金的行为涉嫌违法。”“电费正在急剧飙升，因此，我们比以往任何时候都更需要低成本太阳能项目——这类项目能保证大幅节省开支。今天这场胜诉意味着美国环保署不得再搁置该项目70亿美元资金，必须将资金拨付到各个社区，为辛勤劳作的美国家庭提供亟需的纾困支持。”“全民太阳能计划” 基金依据《通胀削减法案》于2024年设立。美国环保署此前预估，该计划可惠及超90万户家庭，同时创造约20万个就业岗位及职业培训机会。在“大美丽法案“通过后，美国环保署于2025年8月取消了全民太阳能计划。根据美国太阳能行业协会估算，这份“大美丽法案“或将危及33万个清洁能源岗位，凸显出联邦清洁能源政策调整可能带来的就业冲击。这项法院裁定出台之际，特朗普政府正在大范围调整美国太阳能政策，其中包括针对《通胀削减法案》核心条款的多项行政令。本次诉讼由包括 “太阳能邻里联盟” 与罗得岛州劳工联合会-产业工会联合会在内的工会、太阳能企业、非营利组织及其他团体共同发起。原告方主张，美国环保署无权终止已经获批的拨款。美国环保署表示，正在评估该裁定并考虑是否提起上诉。本次裁决恢复了全民太阳能计划，但后续法律程序仍可能影响项目落地实施。此前已有一系列针对特朗普政府撤回已发放清洁能源资金举措的诉讼，本次裁定正是其中一例。美国一家法院曾在2026年1月判定，美国能源部取消75 亿美元清洁能源拨款的行为违法。联邦政策转向也推动各州在支持可再生能源落地方面承担更大责任。尽管政策环境动荡，美国在2025年仍新增了43.2GW光伏装机，社区光伏装机量突破10GW，但2026年3月的年度新增规模有所放缓。与此同时，美国清洁能源协会在2026年9月发布报告称，2026年第二季度，美国大型地面光伏、电池储能及陆上风电合计新增装机17.1GW，项目储备规模达到创纪录的204.6GW。更 多 新 闻●组件价格大涨40%！232关税推高美国组件价格●光伏报废潮将至！澳大利亚新州拟强制光伏组件回收●加拿大终止对华光伏组件征收反倾销、反补贴税●1GW！这家光伏公司斩获TOPCon电池订单觉得好看，请点这里↓↓↓,,,,pending
28.29%！隆基晶硅电池效率再破世界纪录,PV光圈见闻,PV光圈见闻,"21C API, 储能, 订单, 补贴, 关税, 反倾销, 发布, 认证, 量产, 落地",normal,2026-09-27T11:18:12+08:00,,关注PV光圈见闻News Today当地时间9月24日，隆基绿能在欧洲正式发布重磅技术成果：公司自主研发的高低温复合钝化背接触电池(HIBC)，经德国哈梅林太阳能研究所(ISFH)权威检测认证，光电转换效率达到28.29%。编辑 | 清韵这是隆基今年内第三次刷新晶硅电池效率世界纪录。今年，隆基已先后将电池效率刷新至28.04%、28.13%、28.29%。最新创造的晶硅电池效率已逼近技术天花板，达到理论极限值的96.2%。HIBC电池是隆基绿能践行“宽研窄投”研发战略的标志性成果。该技术融合多款主流电池技术优势，从电池结构设计、核心材料制备、生产工艺制程到效率理论模型，完成了全方位、体系化的创,http://mp.weixin.qq.com/s?__biz=MjM5MzI1NzEyMA==&mid=2649403136&idx=3&sn=addae627af2d5c2fa50ba2b38913bd00,,关注PV光圈见闻News Today当地时间9月24日，隆基绿能在欧洲正式发布重磅技术成果：公司自主研发的高低温复合钝化背接触电池(HIBC)，经德国哈梅林太阳能研究所(ISFH)权威检测认证，光电转换效率达到28.29%。编辑 | 清韵这是隆基今年内第三次刷新晶硅电池效率世界纪录。今年，隆基已先后将电池效率刷新至28.04%、28.13%、28.29%。最新创造的晶硅电池效率已逼近技术天花板，达到理论极限值的96.2%。HIBC电池是隆基绿能践行“宽研窄投”研发战略的标志性成果。该技术融合多款主流电池技术优势，从电池结构设计、核心材料制备、生产工艺制程到效率理论模型，完成了全方位、体系化的创新升级，也是隆基持续深耕高效电池赛道、坚持自主创新、攻坚核心技术的有力印证。依托HIBC电池技术打造、超过700W的组件同步亮相，标志着这项前沿技术顺利实现量产落地，也证明隆基具备打造高端光伏产品、实现前沿技术商业化应用的过硬能力。立足全球能源变革浪潮，隆基绿能始终聚焦清洁能源全产业链布局，全力打造“绿电+绿氢+储能”一体化综合解决方案。未来，隆基将继续坚持自主创新，以技术迭代引领行业发展，面向全球市场输出全场景、高品质的光伏产品，深度助力全球能源转型，携手共建零碳、可持续发展的绿色能源新格局。更 多 新 闻●组件价格大涨40%！232关税推高美国组件价格●光伏报废潮将至！澳大利亚新州拟强制光伏组件回收●加拿大终止对华光伏组件征收反倾销、反补贴税●1GW！这家光伏公司斩获TOPCon电池订单觉得好看，请点这里↓↓↓,,,,pending
跟踪支架占美国地面光伏96%，风光背后：没有万能的支架方案,PV光圈见闻,PV光圈见闻,"21C API, 储能, 出货, 出货量, 交付, 全球出货, 装机, 订单, 报价, 融资, 投资, 补贴, 关税, 反倾销, 实验室, 并网",normal,2026-09-27T11:18:12+08:00,,关注PV光圈见闻News Today近期分析凸显了光伏与单轴跟踪支架结合所带来的全球领先的经济性。但对项目开发商而言，最优支架方案的选择需要结合项目单独测算，最终也可能选用其他方案。编辑 | 清韵出品 | PV光圈见闻市场研究机构Wood Mackenzie最新开展的各类发电度电成本(LCOE)对比分析表明，在适宜条件下，配置单轴跟踪支架的光伏是全球成本竞争力最强的发电形式。Wood Mackenzie称，在中东和非洲地区，搭配单轴跟踪支架的光伏项目的度电成本低至37美元/MWh，处于全球领先水平。区域特性从根本上决定了跟踪支架与固定倾角支架的取舍。图片来源：GameChange Energy,http://mp.weixin.qq.com/s?__biz=MjM5MzI1NzEyMA==&mid=2649403136&idx=2&sn=11b86042cc812ff4af7101741b86ecbf,,关注PV光圈见闻News Today近期分析凸显了光伏与单轴跟踪支架结合所带来的全球领先的经济性。但对项目开发商而言，最优支架方案的选择需要结合项目单独测算，最终也可能选用其他方案。编辑 | 清韵出品 | PV光圈见闻市场研究机构Wood Mackenzie最新开展的各类发电度电成本(LCOE)对比分析表明，在适宜条件下，配置单轴跟踪支架的光伏是全球成本竞争力最强的发电形式。Wood Mackenzie称，在中东和非洲地区，搭配单轴跟踪支架的光伏项目的度电成本低至37美元/MWh，处于全球领先水平。区域特性从根本上决定了跟踪支架与固定倾角支架的取舍。图片来源：GameChange Energy这一结论印证了业内许多人长期观察到的现象：在全球众多市场中，跟踪支架系统都具备了亮眼的经济效益。相关数据也支撑这一判断——Lawrence Berkeley国家实验室近期数据显示，2023年美国大型地面光伏装机中，96% 采用跟踪支架，创下历史最高占比，凸显了跟踪支架在大型光伏电站应用中的主导地位。在很多场景下，光伏搭配跟踪支架的度电成本优势十分显著，尽管如此，项目开发商面临的实际情况更为复杂。最优系统方案高度依赖本地条件，考量因素远不止简单的辐照测算。地理环境、气候特征、土地成本、地形、电网消纳限制以及持续变化的项目成本结构，都会对选择跟踪支架还是固定倾角支架、实现更优项目收益起到关键作用。下文将由两位行业专家从不同视角探讨该问题。第一位专家分析区域特征如何从根本上决定跟踪支架与固定倾角支架的选型逻辑，涵盖美国西南部、中东北非地区晴朗强光照环境，以及北欧多云高纬度环境等不同场景。第二位专家则对传统固有认知提出不同看法：近期组件成本发生变化，尤其是组件价格相对支架、安装费用大幅下降，因此需要重新评估高密度东西向固定支架系统。这类方案此前常因更倾向于选用跟踪支架而被搁置。固定倾角支架 vs 跟踪支架：度电成本在全球各市场的差异所有大型地面光伏项目的开发商都会遇到一个看似简单的问题：选固定倾角支架，还是跟踪支架？答案涉及资本金、发电量、运维成本以及因地而异的场址条件等一系列复杂测算。这一选型决策将影响资产未来 30 余年的运行表现。LCOE计算公式LCOE把项目数十年的经济性浓缩为单一指标：项目全生命周期总成本 ÷ 全生命周期总发电量。测算包含三大组成部分：· 资本性支出 (设备、安装人工、平衡系统BOS成本）· 运营支出 (25–30年周期内的运维、监控、部件更换费用）· 发电量（系统全寿命周期内产生的总收益）美国Rockies国家实验室(原美国国家可再生能源实验室NREL)的数据显示：相比固定倾角系统，跟踪支架通常会使每瓦初始资本投入增加0.15–0.35美元。这笔额外投入用于购置电机驱动机构、控制系统与追日支架结构。在高辐照地区，可提升15%–20%的年发电量。在光伏经济性测算中，长期多发的电量收益往往能够覆盖更高的初始投资，但这一结论并非所有场景都成立。不同区域测算结果差异巨大。跟踪支架占优场景：晴朗强日照区域法向直接辐照(DNI)用于衡量沿太阳直射路径抵达地表的太阳光。该指标决定了跟踪支架相较于固定倾角支架能够多捕获多少太阳能。晴朗少云、直射光照强烈的环境下，法向直接辐照值最高。在这类地区，跟踪支架在大部分白昼时段均可维持最优角度，最大化发电量增益，以此覆盖其额外成本。全球范围内，适合采用跟踪支架的典型区域包括：· 美国西南部· 中东和北非，尤以沙漠地区为代表· 澳大利亚大部分区域· 智利阿塔卡马地区例如，沙特的地理与气候条件非常适配跟踪支架：直射光照强、地形平坦，适合建设大型光伏阵列，项目规模效应显著。同样，亚利桑那州、内华达州以及西德克萨斯州采用跟踪支架的光伏系统，即便计入更高的初始投资与运维成本，度电成本仍持续低于固定倾角方案。Lawrence Berkeley国家实验室近期数据显示，2023年美国大型地面光伏装机中 96% 使用了跟踪系统，创历史最高占比。除气象等自然条件外，弃光率较高区域的项目采用跟踪支架同样可以优化度电成本。跟踪支架能够在电价更高的时段提升发电量。在弃光严重、鸭子曲线特征明显的市场，跟踪支架可提升发电灵活性，推高所发电力的经济价值。固定倾角占优的场景包括高纬度、多云以及土地昂贵地区。高纬度地区由于太阳角度较低，通常DNI不高，尤其是在冬季。英格兰、爱尔兰和德国等北欧国家还经常遭遇云层覆盖，进一步降低了DNI。土地成本同样会影响跟踪支架的经济性。跟踪支架阵列通常需要更大的行距，因此占地更多。在德国这类土地昂贵、DNI偏低的地区，采用固定倾角支架可在单位土地面积上布置更多组件，其收益有时能够抵消跟踪支架带来的单组件发电量提升。与之相对，南欧项目(伊比利亚半岛尤为典型)的DNI普遍高于北欧。叠加更低的土地成本，西班牙、葡萄牙等地选用跟踪支架一般可获得更优的LCOE。特定场址条件会改变经济性天平，使方案偏向固定倾角支架，反之亦然。图片来源：GameChange Energy场址专属约束条件上文对全球各区域的特点总结存在一个重要前提：这些都属于大范围概括。即便是在固定倾角支架整体更占优势的区域，单个项目场址条件也可能扭转经济性，转而适合选用跟踪支架(反之同理）。例如，基础方案的设计受多重因素影响，包括地基承载力、岩石埋深、抗大风与冰雹能力以及地下水位。对于陡坡等不规则地形，固定倾角支架的经济性会更优。这类支架不含运动部件，可采用体量更小、自重更轻的基础。但这也并非绝对。目前，随地形自适应的跟踪支架已可适配多种地貌；许多跟踪支架配备了完善的大风锁止保护机制，适用于持续强风区域(如众多沿海与高海拔场址)。实际上，冰雹风险往往促使开发商选择跟踪支架。与固定倾角系统不同，跟踪支架具备冰雹避险收放功能，可调整倾角以降低组件受损程度。对很多项目业主而言，这种降低冰雹损毁风险的能力是核心考量。冰雹可能对整座光伏电站造成严重破坏，尤其是在多数固定倾角场址中，组件通常采用较平缓的安装角度，更易受损。最后，在部分财务模式下，无论地形与DNI水平如何，跟踪支架都会成为明确优选方案。电网接入受限，或是采用分时电价的购电协议会让跟踪支架的发电曲线变得至关重要。如果购电协议对午后峰值发电量给予溢价，跟踪支架可将发电时段延长至傍晚，带来固定倾角系统无法企及的额外收益。运维成本估算固定倾角支架系统的维护工作量很小：结构检查、螺栓偶尔复紧，在多尘环境下进行组件清洗。除非遭遇极端天气损毁，这类系统在数十年运行期间几乎无需额外干预。跟踪支架引入了电机、驱动器、齿轮箱、控制器与传感器等机械部件，结构更为复杂。定期润滑、轴承更换以及电子元器件故障都会带来持续成本。目前，在项目全生命周期内，跟踪支架的运维成本较固定倾角支架高出 20%–40%。但该部分成本需要与跟踪支架带来的长期发电量增益综合权衡。一种常见情形是系统发电量提升 15%，运维成本增加 30%，其度电成本依然低于固定倾角方案，因为新增发电收益超过了额外的运维开支。现代跟踪支架还搭载远程监控、预测性维护及自诊断系统，可在部件失效前预警性能衰减。这些功能让运维成本更具备可预见性，降低风险溢价。在GameChange公司，我们在美国交付的绝大多数项目均包含地基设计、工程服务与供货。这种一体化服务思路同样体现在对客户长期运维方案的考量上，而这也是我们针对具体项目推荐固定倾角或跟踪支架方案的重要依据。双面组件增益搭配双面组件的跟踪支架具备叠加收益。跟踪支架跟随太阳转动，可同时优化组件正面接收的直射辐照，以及地表反照带来的背面反射辐照。两项技术联用带来的发电量增益高于单独使用其中任意一项。固定倾角双面系统同样可以捕获背面辐照，但固定不变的倾角限制了组件全天采集反射光的效率。在高反照率环境(积雪、白色砾石、沙漠沙地)中，相比单面固定倾角支架，双面跟踪支架的发电量增益可达18%–27%。随着双面组件市场占比持续提升(目前已超过全球出货量的50%)，这种组合增效效应推动着跟踪支架在全球加速普及。发电量最大化并不等于度电成本最低发电量最高与度电成本最低，二者并不总是能够同时实现。对于部分场址，即便采用跟踪支架的总发电量更高，但选用固定倾角支架反而可以实现最优度电成本。对于辐照中等、土地成本适中或地形复杂度一般的临界项目，选择固定倾角还是跟踪支架，需要基于场址专属参数开展精细化财务建模。对核心假设进行敏感性分析可以识别对选型影响最大的变量。开发商越来越多地采用软件工具，结合本地辐照数据、真实设备报价以及场址专属安装成本对两种支架方案进行建模测算。这类分析能够找到方案切换的临界点。例如跟踪支架具备经济性的辐照阈值、跟踪支架优于高密度固定阵列的土地成本上限，或是必须依靠午后发电曲线才能获益的购电协议模式。哪些趋势正在改变固定倾角支架与跟踪支架的选型逻辑？多项趋势正在重塑固定倾角与跟踪支架系统的经济性测算。随着生产规模扩大与结构设计持续优化，跟踪支架成本不断下降。在不少市场，五年前需要实现 25% 的发电量增益才能覆盖跟踪支架的单位瓦溢价，如今仅需 12%–15% 的发电量增益即可实现盈亏平衡。随着溢价持续收窄，跟踪支架能在越来越多的区域获得更优的平准化度电成本。另一方面，并网拥堵、排队并网周期拉长使得能够快速投运的项目更具优势。固定倾角支架安装工艺更简单(施工速度通常比跟踪支架快20%–30%)，意味着项目可以更早产生收益。在并网时间至关重要的场景下，这种快速创收优势足以抵消其长期发电量偏低的短板。储能配套也是重要考量因素。光伏搭配储能电池系统可受益于跟踪支架更长的发电曲线：充电时段可覆盖更多白昼区间，降低正午发电高峰的削光损失。光储一体化逐步成为标配，这进一步放大了跟踪支架的价值。在弃光率较高地区，光伏搭配储能和跟踪支架的方案优势尤为突出。我们可以针对不同地理区域做出大致总结：在美国西南部、中东北非这类光照充足、土地成本相对低廉的区域，跟踪支架通常更占优；而北欧等高纬度、多云、土地昂贵地区更适合固定倾角支架。但多数情况下，支架选型并不能简单按地理区域一刀切。核心是开展精细化场址专项分析，综合权衡初始投资、长期运维成本、并网时效以及贴合实际的发电量预测。每个场址都需要开展匹配系统方案与财务现实的专项评估，这样才能得出具备融资可行性、可支撑30年以上运营的度电成本测算结果。更 多 新 闻●组件价格大涨40%！232关税推高美国组件价格●光伏报废潮将至！澳大利亚新州拟强制光伏组件回收●加拿大终止对华光伏组件征收反倾销、反补贴税●1GW！这家光伏公司斩获TOPCon电池订单觉得好看，请点这里↓↓↓,,,,pending
广西南丹县凌晨发布通报：成立专项调查组全面调查核实,科技日报,科技日报,"21C API, 排名, 发布",normal,2026-09-27T11:12:40+08:00,,广西河池南丹县小学教师教学能力夯基培训班调查组9月27日凌晨发布情况通报：9月26日，有媒体报道南丹县小学教师教学能力夯基培训班相关情况，县委、县人民政府高度重视，立即成立专项调查组进行全面调查核实，对调查中发现的问题将第一时间处置。据此前澎湃新闻报道，近日，广西壮族自治区南丹县小学教师反映，作为上学期教学成绩排名靠后的教师，自己被通知参加县里组织的培训，交通、食宿需自费，还影响上课。《南丹县教育局关于开展2026年秋季学期小学学科教师教学能力夯基培训班的通知》显示，培训对象为“全县小学3—6年级语文、数学、英语学科中教学能力需进一步提升的教师”。9月22日，南丹县教育局工作人员表示，选定老师,http://mp.weixin.qq.com/s?__biz=MzI3NDI5MjI4OQ==&mid=2247899730&idx=1&sn=12b9ece7c82fbafeb12635ee3123c8fa,,广西河池南丹县小学教师教学能力夯基培训班调查组9月27日凌晨发布情况通报：9月26日，有媒体报道南丹县小学教师教学能力夯基培训班相关情况，县委、县人民政府高度重视，立即成立专项调查组进行全面调查核实，对调查中发现的问题将第一时间处置。据此前澎湃新闻报道，近日，广西壮族自治区南丹县小学教师反映，作为上学期教学成绩排名靠后的教师，自己被通知参加县里组织的培训，交通、食宿需自费，还影响上课。《南丹县教育局关于开展2026年秋季学期小学学科教师教学能力夯基培训班的通知》显示，培训对象为“全县小学3—6年级语文、数学、英语学科中教学能力需进一步提升的教师”。9月22日，南丹县教育局工作人员表示，选定老师没有按照教课成绩选，而是针对教学素养、专业教学能力需要进一步提升的教师安排的。来源：奇美南丹、澎湃新闻编辑：王曼茜审核：张爽,,,,pending
"给 Pr₂NiO₄ 装上""双保险""：Ba/Fe 协同让可逆质子陶瓷电池两头发力",SOFC-SOEC-氢能技术,SOFC-SOEC-氢能技术,"21C API, 投资, 发布",normal,2026-09-27T11:09:28+08:00,,"可逆质子陶瓷电池（RPCC）是一种""一机两用""的器件：燃料电池（FC）模式下把氢的化学能变成电，电解（EC）模式下用可再生电力制氢，被视为衔接波动性可再生能源与氢能体系的重要候选。而决定这类电池低温段效率的关键短板之一，就是氧电极——它必须在 ORR（氧还原）和 OER（氧析出）两个方向上都保持高效，还要在湿热气氛中活得久。01研究痛点：主流氧电极的""Sr/Co 依赖症""目前性能最好的质子陶瓷电池氧电极，大多是含 Co、含 Sr 的三重导电氧化物（TCO），例如 BCFZY、PBSCF 等。但这两类元素各有硬伤：Co 基材料热膨胀系数（TEC）偏高，与质子导体电解质失配，且成本高昂；Sr 基材",http://mp.weixin.qq.com/s?__biz=Mzg2MjYwMjM0MQ==&mid=2247488861&idx=1&sn=c78298689e2d78a8b105845b7da89ad7,,"可逆质子陶瓷电池（RPCC）是一种""一机两用""的器件：燃料电池（FC）模式下把氢的化学能变成电，电解（EC）模式下用可再生电力制氢，被视为衔接波动性可再生能源与氢能体系的重要候选。而决定这类电池低温段效率的关键短板之一，就是氧电极——它必须在 ORR（氧还原）和 OER（氧析出）两个方向上都保持高效，还要在湿热气氛中活得久。01研究痛点：主流氧电极的""Sr/Co 依赖症""目前性能最好的质子陶瓷电池氧电极，大多是含 Co、含 Sr 的三重导电氧化物（TCO），例如 BCFZY、PBSCF 等。但这两类元素各有硬伤：Co 基材料热膨胀系数（TEC）偏高，与质子导体电解质失配，且成本高昂；Sr 基材料的 A 位阳离子容易表面偏析，形成绝缘性 SrO 相，性能与耐久性双双受损。无 Sr 无 Co 的 Ruddlesden–Popper（RP）相 Pr₂NiO₄₊δ（PNO）是很有吸引力的替代者：体相氧扩散快、表面交换系数高、能吸收质子、TEC 低。但它在 600–700 °C 中温区热力学稳定性差，长期服役是短板。此前也有共掺杂 RP 镍酸盐的报道，但多数仍离不开 Sr 或 Co，且 A 位与 B 位掺杂剂各自扮演什么角色，在 RP 体系中一直没有被系统区分。华中科技大学贾礼成、武汉大学华斌等团队在《International Journal of Hydrogen Energy》发表的这项研究，就是用一个""简单""的共掺杂组合来回答这个问题。02作者思路：A 位放 Ba，B 位放 Fe研究设计了 Pr₁.₈Ba₀.₂Ni₀.₉Fe₀.₁O₄₊δ（PBNF0.1） 氧电极，并用未掺 Fe 的 Pr₁.₈Ba₀.₂NiO₄₊δ（PBN）作为直接对照，把两个掺杂位的作用拆开验证：A 位 Ba：稳定层状 Pr₂NiO₄₊δ 骨架，提升湿热运行条件下的结构稳定性；B 位 Fe：调节 Ni 价态、促进氧空位形成、增强水合能力，主攻催化活性。电池侧配套方案：BZCY（BaZr₀.₁Ce₀.₇Y₀.₂O₃₋δ）电解质（单电池中约 8 μm），NiO-BZCY 燃料电极支撑的平板构型单电池，氧电极有效面积 0.196 cm²。03材料层面的验证：缺陷化学的证据链论文用一组互补表征，把 Fe 掺杂的缺陷调控讲得比较完整（数值均来自论文）：结构：XRD 确认纯 RP 相（I4/mmm 四方结构），晶胞体积由 PBN 的 186.381 Å³ 增至 PBNF0.1 的 187.795 Å³。Fe³⁺/⁴⁺ 离子半径其实比 Ni²⁺/³⁺ 小，晶格却膨胀了——作者认为这源于电荷补偿导致的 Ni³⁺ 部分还原为 Ni²⁺（XPS 显示 Ni³⁺ 占比从 78.1% 降至 60.6%）。氧空位：XPS 中吸附氧/晶格氧峰面积比 Oads/Olat 从 4.32 升至 5.81；TGA 高温失重从 0.38% 增至 0.84%，均指向更高的氧空位浓度。水合能力：650 °C 湿空气处理 24 h 后，PBNF0.1 在约 3425 cm⁻¹ 出现更明显的 OH⁻ 特征峰，且 XRD 主峰轻微左移——作者认为这指示水进入晶格引起的化学膨胀，正是质子导体氧电极需要的性质。稳定性：650 °C 湿空气 100 h 无相变；与 BZCY 在 1100 °C 混烧无第二相。代价：Fe 掺杂使 700 °C 电导率从 43.0 降至 33.5 S cm⁻¹（载流子浓度下降），TEC 从 13.66 微增至 14.19 × 10⁻⁶ K⁻¹——作者强调其 TEC 仍显著低于常见 Co 基电极，与质子导体电解质的兼容性尚在可接受范围。04电化学性能：对称电池先""把脉""对称电池（电极|BZCY|电极）在 650 °C、3% H₂O 湿空气、OCV 下测得：PBNF0.1 的极化电阻 Rp 为 0.62 Ω cm²，低于 PBN 的 0.76 Ω cm²。更有信息量的是 DRT + 氧分压依赖分析：阻抗谱被分为高频（>10³ Hz，电解质到 TPB 的离子输运）、中频（10⁰–10³ Hz，表面交换与体相扩散）和低频（▲本文使用科应智能助手（www.scienceing.com）开展文献调研如果你也在做 SOFC 研究、产业、投资或应用，欢迎添加我交流，备注“单位/方向”。固体氧化物燃料电池交流核心微信群已上线，快速入群解锁同行沟通、技术探讨通道～本公众号内容仅用于学术交流与论文进展分享，旨在帮助读者了解相关研究动态，不构成对原文的替代。文中涉及的论文观点、数据、图表及结论，其著作权均归原作者及原刊载平台所有。若本文存在引用不当或侵权问题，请相关权利人及时联系，我方将第一时间核实并处理。如需获取论文原文，请以期刊官网、出版社平台或作者公开发布版本为准。不喜欢可逆质子陶瓷电池（RPCC）是一种\x26quot;一机两用\x26quot;的器件：燃料电池（FC）模式下把氢的化学能变成电，电解（EC）模",,,,pending
成都理工大学李小可课题组 Science Bulletin：用于太阳能水净化的协同界面材料的主动调控,热辐射与微纳光子学,热辐射与微纳光子学,"21C API, 系统集成, 落地",normal,2026-09-27T11:07:39+08:00,,"转自 热质纳能01成果简介近日，成都理工大学李小可课题组在Science Bulletin发表了题为 ""Active Regulation of Synergistic Interfacial Materials for Solar Water Purification""的综述性论文。成都理工大学研究生李心余为第一作者，成都理工大学李小可副教授、康奈尔大学张乐楠教授和新加坡国立大学Swee Ching TAN教授为共同通讯作者。针对太阳能界面蒸发（SIE）与光催化（PC）耦合系统中长期存在的“热-吸附悖论”、传质失配及光能竞争等核心冲突，研究团队提出了一套从“被动堆叠”向“主动调控”跨越的全新",http://mp.weixin.qq.com/s?__biz=MzI3NTE3MjUyOA==&mid=2664713792&idx=1&sn=f3cb30f058033a52bffd32af7fc5d588,,"转自 热质纳能01成果简介近日，成都理工大学李小可课题组在Science Bulletin发表了题为 ""Active Regulation of Synergistic Interfacial Materials for Solar Water Purification""的综述性论文。成都理工大学研究生李心余为第一作者，成都理工大学李小可副教授、康奈尔大学张乐楠教授和新加坡国立大学Swee Ching TAN教授为共同通讯作者。针对太阳能界面蒸发（SIE）与光催化（PC）耦合系统中长期存在的“热-吸附悖论”、传质失配及光能竞争等核心冲突，研究团队提出了一套从“被动堆叠”向“主动调控”跨越的全新设计范式。该综述系统提出了三大核心设计原则：一是通过 Janus 不对称结构实现空间解耦，将高温蒸发区与常温催化吸附区物理隔离，从根本上杜绝了挥发性有机物（VOCs）的热脱附与共蒸发二次污染；二是构建多尺度传质网络，利用毛细泵吸与马兰戈尼效应实现连续供水与自主排盐，有效避免了盐结晶与催化剂毒化；三是实施动态系统集成，通过“先催化后蒸发”等级联工艺实现光热与传质的精准时空匹配。同时，该综述重塑了耦合系统的效能评估体系，指出传统依靠液相浓度衰减（C/C0）易忽视污染物未被完全降解即直接挥发至冷凝水中的“伪高效”现象。基于全相态质量平衡（Mass Balance），文章确立了以总有机碳（TOC）去除率和冷凝水实际品质为核心的金标准，并构建了协同因子（Synergy Factor, SF>1.0）模型，提供了验证系统实现真实化学矿化与正向协同的定量物理边界。该综述厘清了界面热-质-光传输的底层物理化学冲突，建立了“机理分析-设计原则-评估标准-场景落地”的完整科学体系。最后，文章展望了该技术在高盐脱盐、复杂工业废水治理及抗生物污堵中的应用前景，并指出了未来向基于 AI 与数字孪生的自适应智能调控及“水-能源-资源（W-E-R）微型工厂”演进的发展方向。02图文导读SIE-PC 耦合系统的演进历程结论与展望：逻辑框架图03作者简介第一作者：李心余，成都理工大学材料与化学化工学院2025级硕士研究生。通讯作者：李小可，成都理工大学副教授，硕士生导师，西安交通大学博士后，主要从事太阳能光热转换与太阳能热利用技术相关领域的研究，截止目前共发表SCI论文及中文核心期刊论文70余篇，总他引次数超过2000次，H指数为15，并有多篇论文入选ESI热点论文和高被引论文，连续四年入选全球前2%顶尖科学家(2022，2023，2024，2025)。邮箱：xiaokeli319@126.com张乐楠，2016年获上海交通大学和普渡大学机械工程学士学位，2018和2022年分别获得麻省理工学院机械工程硕士和博士学位，师从两院院士、麻省理工学院副校长Evelyn N. Wang教授，2022至2024年在麻省理工学院担任研究科学家，独立PI。2024年7月加入康奈尔大学机械与航空航天工程系。以第一作者/通讯作者在Nature Review Materials、Chemical Reviews、Nature Communications、Science Advances、Joule、Energy & Environmental Science、Advanced Materials、ACS Nano、Nano Letters等期刊发表论文六十余篇。引用数共计3964，H-index 30。研究成果被“时代”杂志（TIME Magazine）评为2023年度最佳发明并多次入选麻省理工年度最佳研究。相关研究成果多次被TIME Magazine、CNN、The Economist、World Economic Forum、Scientific American、MIT Technology Review、Nature、MIT News、Cornell Chronicle等国际知名媒体报道。Tan Swee Ching，新加坡国立大学副教授，在剑桥大学取得博士学位，之后前往美国麻省理工学院进行博士后研究，后任职于新加坡国立大学材料科学与工程学院。主要从事吸附式大气水收集，光热界面转换、功能性水凝胶材料的设计、智能可穿戴材料与器件等多方面的研究。近年来，以通讯作者在Nat. Rev. Mater.，Nat. Electron.，Nat. Sustain.，Nat. Water，Joule，Energy Environ. Sci.，Sci. Adv.，Nat. Commun., Chem, Matter，Adv. Mater.等学术期刊上发表论文100余篇，总引用量8800余次，h因子55，并获得多项发明专利。其研究成果曾被 Forbes, Reuters, MIT Technology Review, Business Insider, Eco-Business, South China Morning Post等多次报道。04原文链接DOI:10.1016/j.scib.2026.09.065",,,,pending
OpenAI横扫100多道世界难题，他却说：数学才刚开始,机器之心,机器之心,"21C API, 出海, 实验室",normal,2026-09-27T11:04:34+08:00,,机器之心编辑部9 月 21 日，OpenAI 扔出一则公告：一款 8 月 28 日才开始训练的内部模型，已经攻克了 100 多道世界级数学难题，范围横跨数学的大部分领域。可以说，数学圈的情绪，在这半个月里一路往下沉。读博的担心学位贬值，教书的担心期刊崩盘，写了半辈子证明的人开始怀疑，这门手艺还剩几年。就在这片低气压中间，多伦多大学数学家 Daniel Litt 在个人博客上发了一篇长文，标题叫《A beginning for mathematics》—— 数学的开端。这个标题多少带点自我纠正的意味。几周前，Litt 刚做过一次名为《The End of Mathematics》的演讲，讨论 A,http://mp.weixin.qq.com/s?__biz=MzA3MzI4MjgzMw==&mid=2651059866&idx=2&sn=017f51be630551f07bbe8fdf7d818eda,,机器之心编辑部9 月 21 日，OpenAI 扔出一则公告：一款 8 月 28 日才开始训练的内部模型，已经攻克了 100 多道世界级数学难题，范围横跨数学的大部分领域。可以说，数学圈的情绪，在这半个月里一路往下沉。读博的担心学位贬值，教书的担心期刊崩盘，写了半辈子证明的人开始怀疑，这门手艺还剩几年。就在这片低气压中间，多伦多大学数学家 Daniel Litt 在个人博客上发了一篇长文，标题叫《A beginning for mathematics》—— 数学的开端。这个标题多少带点自我纠正的意味。几周前，Litt 刚做过一次名为《The End of Mathematics》的演讲，讨论 AI 可能如何冲击数学研究。新文章里，他给出了一个明显更积极的版本。Litt 直接接受一个很激进的前提：能够在大部分数学任务上稳定超过人类的 AI，可能很快就会出现。他真正想讨论的是，到了那一天，数学这门职业该怎么改，学生还该怎么培养，人类数学家又该把精力放在哪里。他的结论其实很乐观：AI 可以让高质量数学越来越不依赖人类亲手生产，但人类对数学的理解，反而可以变得更深。如果一只猴子也能「证明定理」，那我们到底在追求什么？Litt 在文章开头先摆了一组时间线：三年前，AI 连两个数相加都经常算错；一年前，OpenAI 和 DeepMind 的内部模型拿到了 IMO 金牌水平的成绩；现在，这些系统开始自主解决重要的公开问题。然后他戳破了一层窗户纸：数学共同体对「我们的目标是什么」根本没有共识。有人搞数学是为了解题，有人觉得数学是游戏、是诗；有人信奉希尔伯特那句「我们必须知道，我们终将知道」，有人觉得在勘探柏拉图世界的奥秘，还有人认为这份工作的意义在于把对数学的热爱传给下一代。这个群体其实从来没有一个统一答案。Litt 自己把目标压缩成两条。一是生产并理解高质量的数学；二是培养高质量的数学家。这里的「高质量」并没有固定定义，它一直由数学共同体自己慢慢形成。问题是，过去很长时间里，数学界用来实现这两个目标的办法都差不多：证明定理。论文要有主定理，博士论文要有主定理，解决一个扛住了多年猛攻的公开猜想更是头等大功。但 Litt 认为，这个评价方式其实漏掉了关键的一层。他举了一个很荒诞、却非常直观的例子：假设给一台计算机或一只猴子一套 ZFC 公理，再让它不断机械地应用推理规则，它其实也可以源源不断地产生定理。猴子当然只是比喻。重点是，只要完全不在意这些定理讲了什么，只追求「逻辑上成立」，整个过程本来就不难自动化。开放问题也可以这么干。让这只猴子把所有可能的数学命题按顺序枚举出来，再一个个尝试证明，总有一天，它也会撞上一些今天人类正在研究的问题。这当然荒谬。但整个共同体面对「会证定理的机器」时的警惕，恰恰说明数学真正看重的，从来不只有「这个命题被证明了」。接着他把实验升级：假设这只猴子极其聪明，理解自己证的东西，阐述写得漂亮，知道我们觉得什么有趣，顺手解决了一批悬案，还能提出更多根本性的新问题。到这一步，人类数学家还有存在的必要吗？Litt 的答案是有。机器确实能生产我们想要的答案，但它生产不了人对答案的理解。他的判断是：我们可能正站在一次数学大爆炸的前夜。模型会产生比现在多得多的新结果，但只要我们还在意「人类到底理解了多少数学」，数学家就不会因此变得多余，甚至可能更忙。真正该保住的，不一定是期刊、论文和今天这套制度顺着这个判断往下，Litt 开始区分两件事：数学本身的价值，和今天学术数学的制度形态，不是一回事。他真正希望保留下来的，是学习讨论班，是数学家之间偶然碰出来的新想法，是学生敲开老师办公室讨论一道题，也是很多人花时间一起把一个原本没人弄懂的问题慢慢想明白。期刊、同行评审、arXiv、论文署名这些今天很重要的东西，则未必要一成不变。Litt 甚至觉得，数学界现在有点太执着于「怎么保护旧制度」：怎么保住期刊体系，怎么防止 arXiv 被 AI 论文淹没，怎么继续维持数学家作为知识守门人的角色。如果一个现成模型花几美元，就能产出相当不错的新数学，那么指望现在这套平衡几乎原封不动地延续下去，本身就不现实。这里还有一个很容易掉进去的坑。既然 AI 现在还不太会搭理论、不太会提出真正好的问题，那数学家是不是应该赶紧把这些能力变成新的评价标准？Litt 并不赞成。原因很简单：学术制度变化得太慢，模型能力升级得太快。今天刚决定「以后重点奖励会提问题的人」，几个月后模型可能也已经很会提问题了。与其一直追着模型当前的短板跑，不如直接考虑终局：假设 AI 最后真的把绝大多数数学能力都补齐了，我们还想保留什么？数学博士最该证明的，也许不再是「我写出了一篇论文」接下来，Litt 把问题转向教育。在他看来，现在最紧迫的事情其实不是教授以后怎么研究，而是：学生还应该做什么？过去博士论文承担了两个作用。它既贡献新的数学结果，也同时向外界发出一个信号：这个学生确实掌握了这些数学。然而，AI 让第二个功能开始失效。一个学生现在理论上完全可以交出一篇自己都没有完整读过的博士论文。文本本身可能很漂亮，里面甚至有真正的新结果，但它已经无法可靠说明作者本人到底懂了多少。所以 Litt 提议，把两件事分开：数学进展是数学进展，数学能力是数学能力。未来数学博士的目标，可以重新定义成：成为某个重要而深刻问题上的真正专家，并且有能力把自己的理解传达给别人。论文当然还可以存在，但学位是否授予，可以更多依赖一次真正严格的答辩。你得能把问题讲清楚，能应对专家不断追问，能处理陌生例子，也能把某种方法迁移到新的情况里。研究结果是不是最初由 AI 找到，反而没那么关键。也就是说，学生完全可以用 AI，但最后必须自己懂。这也意味着，很多看起来很传统的评价方式可能重新升值。论文越来越容易生成以后，一场报告、一次长时间讨论、一次面对面的数学追问，反而更能判断一个人到底有没有形成真正的理解。被低估了很久的能力：知道什么问题值得问再往下推一步，Litt 发现数学共同体还有一项长期被低估的工作：筛选什么数学值得研究。今天 AI 之所以能拿各种开放问题练手，是因为前面已经有一群人类数学家替它做过筛选。某个猜想之所以会成为「开放问题」，通常意味着已经有很多人认为它有价值，也愿意围着它花几年时间。换句话说，这些问题天然带着数学共同体长期积累出来的一层背书。所以，AI 看起来是在自主解题，但它眼前很多「好题」，其实都是人类提前挑出来的。Litt 觉得，这项能力过去得到的奖励远远不够。未来甚至可以更明确地奖励那些能搭建研究纲领的人：他提出一组好问题，构建一个值得长期推进的方向，还能说服其他研究者「这里值得挖」。当然，他也没觉得这件事永远只能由人完成。AI 大概率也会越来越会提问题、做猜想、设计研究计划，最后很可能产出海量 PDF。当 PDF 多到看不完，数学真正的瓶颈开始浮现接下来，Litt 提出了另一个问题：怎样继续生产高质量数学。Litt 的态度其实很激进。他觉得已经没必要幻想阻止人们「按一个按钮生产数学」。你不可能让所有业余爱好者和研究人员都不用 AI，也不可能把一批题圈出来，说这些必须留给博士生手算。更重要的是，他也不觉得应该这么干。公众现在对数学的兴趣可能比历史上任何时候都更高，这本身就是好事。真正的问题是，当大量新数学出现以后，有没有足够多的人真正理解它。Litt 用了一个很有意思的说法：如果一个猜想倒在森林里，却没有人听见，那又有什么关系？模型自己提出了一个漂亮猜想，再自己证明出来，如果世界上没有任何人真正理解它、关心它，那么它在纯数学里的价值其实很有限。所以数学内容越丰富，反而越需要更多数学家。即使一些结果有直接应用，也仍然需要有人能看懂它们使用了什么假设，结论能推到哪里，在哪些情况下会失效。数学生产力提升，并没有消灭理解成本，它只是把这个瓶颈暴露得更明显了。数学第一次可以「氪金」了数学以前可能是最便宜的科学，因为做数学不需要粒子对撞机，不需要湿实验室。很多时候，一个人、一块黑板就可以开始。AI 出现以后，一部分数学问题第一次变成了可以通过「注入现金」解决的问题。多买算力，多烧 Token，多跑几轮推理，就可能拿到结果。有些数学家对此很失落。因为过去，一个难题悬在那里，可能会把一群人聚起来。大家为了绕过它，会发展辅助理论、创造新工具，甚至意外找到比原问题更重要的东西。现在，如果模型直接把答案吐出来，中间很多「绕路」可能不会再发生。Litt 承认，这种损失是真实的。但他的反应很干脆：如果一道基础数学问题，花一顿不错的晚餐的钱就能解决，那应该高兴。因为答案出来以后，事情远远没有结束。接下来还得继续问：这个答案解释了什么？它让我们理解了什么？为什么会这样？还能推广到哪里？它又带来了哪些新的问题？其中一些问题，可能再次被 AI 用一顿晚餐的钱解决；另一些问题则会重新让所有人陷入困惑，然后围绕这种困惑，新的数学共同体又长出来。最后那一步，AI 真的没法替你走Litt 最后把镜头拉回了一个很普通的场景。一个学生碰到一个问题，没想明白，于是去敲教授办公室的门。两个人可以问 AI，也可以不问，也许他们会先站在黑板前自己推一阵。模型后来可能给出一个非常漂亮的解释。但事情到这里仍然没有结束，因为 「看到一个解释」和「自己理解它」之间，还有一步。这一步没人能替你完成。AI 会不会越来越强？Litt 基本默认会。AI 会不会解决大量今天看起来很困难的问题？他也认为会。很多今天的论文、博士培养、人才评价方式会不会因此过时？大概率也会。但数学不会因此被「做完」。答案越来越容易获得以后，我们还是会追问它意味着什么；一个困惑解决之后，又会冒出更多困惑。Litt 最后写道：还有太多东西等着我们学习 —— 无穷无尽。所以，我们其实一直都站在数学的起点。以后也会如此。参考链接：https://proofsandprompts.com/2026/09/14/a-beginning-for-mathematics/© THE END 转载请联系本公众号获得授权投稿或寻求报道：liyazhou@jiqizhixin.com不喜欢人类对数学的理解，将成为未来的关键。,,,,pending
模型越来越强，企业AI为什么还卡在「最后一公里」？,机器之心,机器之心,"21C API, 推出, 实验室, 落地",normal,2026-09-27T11:04:34+08:00,,编辑｜Youli过去两年，大模型快速跃迁。从百亿级参数模型，到复杂逻辑推理、多模态理解，到自主 Agent，技术边界不断突破，一切似乎都在宣告：AI 已经准备好接管一切。然而，如果把视线从实验室拉回产业一线，一个反差正在出现：大量企业的 AI 探索仍停留在试点和演示阶段，并没有真正进入业务流程。麦肯锡的研究曾指出，企业数字化转型长期面临「试点容易、规模化难」的挑战。问题随之浮现：为什么一个能够完成复杂任务的 AI，进入企业之后却依然「不好用」？答案可能并不在模型本身，而在企业固有的「顽疾」：数据丰富，却分散在不同系统和业务环节中；AI 应用能解决单点任务，却无法连接完整流程；老旧系统改造成本高,http://mp.weixin.qq.com/s?__biz=MzA3MzI4MjgzMw==&mid=2651059866&idx=1&sn=0667d2dabd6da2203e35582fe4d7c5d9,,编辑｜Youli过去两年，大模型快速跃迁。从百亿级参数模型，到复杂逻辑推理、多模态理解，到自主 Agent，技术边界不断突破，一切似乎都在宣告：AI 已经准备好接管一切。然而，如果把视线从实验室拉回产业一线，一个反差正在出现：大量企业的 AI 探索仍停留在试点和演示阶段，并没有真正进入业务流程。麦肯锡的研究曾指出，企业数字化转型长期面临「试点容易、规模化难」的挑战。问题随之浮现：为什么一个能够完成复杂任务的 AI，进入企业之后却依然「不好用」？答案可能并不在模型本身，而在企业固有的「顽疾」：数据丰富，却分散在不同系统和业务环节中；AI 应用能解决单点任务，却无法连接完整流程；老旧系统改造成本高；企业还要考虑安全、合规等现实约束……最终指向同一个结论：企业 AI 的核心矛盾，正在从「有没有 AI 能力」，转向「AI 能不能低成本、低风险、高效率地嵌入现有业务流」。而在这场转变中，有一个长期被低估的入口正在浮现 ——「通信」。原因在于，企业大量业务围绕「沟通」展开，但电话中的需求、反馈和经验，过去往往随着通话结束而被留在线下交互中，难以进入业务流，也难以被 AI 理解和复用。因此，相比推动企业进行大规模系统重构，当前更现实的路径是在已有业务体系之上，引入能够快速融合的轻量化 AI 能力，让智能化逐步渗透到真实业务现场。基于这一判断，中国联通推出了联通云犀工作流智能体。它从企业每天已经发生的通信场景切入，将过去难以利用的沟通信息转化为可以被 AI 理解和使用的数据，让 AI 真正进入业务流程。三个行业场景的真实卡顿：「通信数据正在沉睡」理解通信为何会成为企业 AI 落地的重要入口，需要先回到真实业务现场。在物流、金融保险、汽车销售等行业中，电话是连接企业与客户的重要方式，大量关键业务判断，就发生在一次次沟通之中。首先是快递物流行业：看得到轨迹，却看不到问题原因其实物流行业已经完成大量数字化建设，GPS 定位、电子面单、智能分拣等能力，让企业能够实时掌握包裹状态。但实际运营中仍存在核心痛点：站点失败揽收原因不明、投递成功率波动无法追溯。原因在于，快递员每天与客户大量通话，沟通细节在挂断后全部流失。出现异常时，管理者只能看到抽象结果，既无法查明现场症结，更无法指导精细化运营。因此，企业真正需要的是通过大模型解析通话，定位问题根因，并辅助优化运营。类似难题在金融保险行业也同样存在：「盲打式」外呼的转化困局。金融保险行业每天产生海量外呼电话，但从触达客户，到理解需求，再到完成转化，中间仍存在效率瓶颈。数据显示，相关案例中，企业人均每日外呼超过 120 通，但有效转化率不足 5%。大量时间耗费在空号拨测与机械重复上。销冠的应对策略无法被组织沉淀，而客户在通话中透露的预算、偏好等高价值通信数据随着通话结束而流失，导致新人培训长达数周，成单效率难以为继。汽车销售也是典型场景：个人经验无法变成组织能力。汽车销售高度依赖沟通判断，销售顾问需要快速判断客户预算、竞品关注和购买意向，并据此调整邀约策略，而这些能力往往来自长期经验积累。但经验难以复制，新人成长周期长。而市面上的 AI 工具往往要求额外手动操作或事后上传，容易打断原有沟通节奏，难以在销售发生的第一现场将个人经验转化为组织能力。 总的来看，三个行业，三个场景，却都指向同一个问题：通信数据持续产生，却没有进入业务闭环；AI 具备理解能力，却缺少连接业务动作的入口；员工积累了经验，却难以沉淀为组织资产。但解决这些问题，并不意味着要重建一套全新数字化体系，经过多年数字化建设，企业已经形成复杂的系统和业务流程，大规模改造成本高、周期长。因此，企业 AI 的「最后一公里」，需要一种更加轻量化的方式：如何在不改变原有业务方式的前提下，让 AI 理解通信数据，并自然融入下一步业务决策。重新定义标准：轻量化 AI 平台至少要过这五道关既然问题在于系统割裂、数据孤岛和流程脱节，那么解决方式就不应该只是增加更多孤立的 AI 工具，企业需要的是能够融入现有工作流的智能平台。而在联通云犀看来，一套真正进入企业现场的轻量化 AI 平台，需要迈过五道核心门槛：数据整合能力：连接企业已有系统和通信数据，为 AI 理解业务提供完整上下文，不需要像「推土机」一样推倒重建；智能数析能力：通过大模型理解语音、文本等非结构化数据，将沟通内容转化为业务洞察，让沉睡的通信数据从「噪音」变为可分析的业务「信号」；内容生成能力：根据业务场景生成标签、建议、报告和行动指引，让 AI 从理解走向辅助决策；场景嵌入能力：低成本、免二次开发为目标，以底层通信为天然入口，在不改变员工操作习惯的前提下，将 AI「无感」内嵌到员工已有工作流程；安全可控能力：满足企业对于数据安全、合规和规模化部署的要求。联通云犀平台正是围绕这些需求打造。按照其系统架构设计，联通云犀以通信能力为入口，以数据能力为中枢，以场景化应用为载体，连接线上线下营销与服务流程，并进一步连接数据服务和业务系统。换句话说，联通云犀不是为了「让通话声音更清楚」，而是进一步挖掘通话背后的业务价值，让每一通电话「对企业更有用」。目前，联通云犀重点布局三类核心 AI 应用：AI 数析：帮助企业分析过去难以利用的通信数据。通过大模型分析通信数据，提取用户需求、服务质量、业务趋势等信息，帮助企业从海量沟通中发现业务增长点。AI 助销：帮助销售人员提升成交率。通过实时语音转写、知识推荐、客户标签识别等能力，让销售经验能够被沉淀和复制，并辅助后续营销跟进。AI 助手：帮助企业员工降低信息整理成本。对企业员工提供通话、摘要、现场速记三类音频智能转写纪要与待办，一键串联生成事件，形成个人知识库，全面提升企业员工工作效率。可以看出，从架构标准到产品矩阵，联通云犀探索的核心问题始终是：如何让通信数据进入企业业务流程。而这套轻量化逻辑能否真正产生价值，还需要回到真实业务中验证。下面，就通过两个真实案例来展示联通云犀的轻量化思路是如何落地的。落地验证，当「通话」成为数据起点首先是快递物流行业，实现从「结果分析」到「原因定位」。针对快递物流行业的核心痛点，联通云犀平台通过采集快递员与客户之间的沟通信息，帮助企业进一步理解业务现场。通过大模型进行语义分析，企业可以发现失败揽收背后的原因、影响投递成功率的关键因素、客户反馈集中的服务问题等，并将分析结果实时推送至站点管理员，从而，过去隐藏在电话里的信息，开始成为运营优化的重要依据。数据显示，某头部快递品牌在采用联通云犀的「AI 数析」方案后，签收类投诉显著下降，异常件响应时长从小时级压缩至分钟级。在金融保险行业，则实现从「盲打」到「精准触达」。针对外呼效率低、新人成长慢、客户意向判断依赖经验等问题，联通云犀围绕外呼前、中、后三个环节提供辅助：外呼前：快速回顾历史沟通记录，给出沟通建议和开口话术，分析客户价值；外呼中：AI 实时推荐话术节点，根据客户应答动态调整策略；外呼后：自动生成「客户意向标签」。数据显示，某团队人均转化率提升 2.3 倍，新人培训周期从 2 周缩短至 3 天。更关键的是，销售人员没有改变原有工作方式，AI 是在原有流程中提供辅助。两个案例共同说明：企业 AI 落地的关键，并不是增加一个新的工具，而是在已有业务流程中找到 AI 真正能够发挥作用的位置。企业 AI 真正进入深水区，拼的是「最后一公里」如果把视野从具体的行业案例，拉长到整个商业数字化演进的纵深历程来看，中国企业的技术升级正在经历一场根本性的范式跃迁。过去，企业数字化的核心命题是「业务有没有进入系统」，而在大模型快速发展、落地的当下，企业 AI 的命题已演变为「AI 能不能顺畅进入业务」。模型能力继续提升当然重要，更大的模型、更强的推理能力，无疑会推动 AI 向前发展。但对于企业来说，更关键的问题是，AI 是否真正减少重复劳动？是否帮助员工提升效率？是否让经验可以复制？是否让管理更加精准……而联通云犀探索的方向，正是将通信数据、AI 与业务流程连接起来，让 AI 从一个独立工具，成为企业工作流的一部分。过去，通话是通信的终点。现在，通话是数据的起点。当每一次通话都能被正确的解读和分析，成为推动业务决策的重要依据，通信就不再只是连接工具，而成为企业智能化的重要入口。数据显示，历经 5 年系统化技术打磨，联通云犀服务超 6 万家企业、800 万用户。这一实践无疑表明：不依赖大规模系统重构，而是在真实业务现场中以轻量化方式引入 AI，正在成为企业选择用大模型提升价值的重要路径。AI 时代，联通云犀想重新定义「打电话」这件事……© THE END转载请联系本公众号获得授权投稿或寻求报道：liyazhou@jiqizhixin.com不喜欢通话不再只是沟通：联通云犀，把电话变成企业AI的数据起点！,,,,pending
中国石油大学芮振华团队：大规模部署碳捕集、利用与封存面临的挑战丨Engineering,EngineeringJournals,EngineeringJournals,"21C API, 发布",normal,2026-09-27T11:00:00+08:00,,"中国石油大学（北京）芮振华教授团队在中国工程院院刊Engineering上发表题为“Challenges in the Large-Scale Deployment of CCUS”的观点论文。政府间气候变化专门委员会（IPCC）指出，为了将全球气温升高幅度控制在2 ℃以内，气候变化减缓路径一致预测未来全球需对二氧化碳地质封存技术进行规模化应用。为了实现2025年净零排放目标，全球碳封存规模需从当前每年4000万吨大幅提升至每年50亿吨。当前，全球碳捕集、利用与封存（carbon capture, utilization and storage, CCUS）领域已建成约45个商业化项目，另有7",http://mp.weixin.qq.com/s?__biz=Mzg4MDUwODE2OQ==&mid=2247531604&idx=2&sn=7e6854ff36d75a008a062387bff03eb9,,"中国石油大学（北京）芮振华教授团队在中国工程院院刊Engineering上发表题为“Challenges in the Large-Scale Deployment of CCUS”的观点论文。政府间气候变化专门委员会（IPCC）指出，为了将全球气温升高幅度控制在2 ℃以内，气候变化减缓路径一致预测未来全球需对二氧化碳地质封存技术进行规模化应用。为了实现2025年净零排放目标，全球碳封存规模需从当前每年4000万吨大幅提升至每年50亿吨。当前，全球碳捕集、利用与封存（carbon capture, utilization and storage, CCUS）领域已建成约45个商业化项目，另有700个项目处于不同开发阶段。其中，中国延长CCUS项目是煤化工设施与二氧化碳资源化技术成功结合的典型案例，该创新模式实现了煤炭清洁利用、能源增效与碳减排等多重效益。预计到2030年，CCUS的年碳捕集量将达4.35亿吨，碳封存量将达6.15亿吨。然而，现有商业化CCUS项目的部署速度仍远未达到净零排放的预期目标，全面商业化面临巨大挑战。研究团队系统探讨了CCUS大规模部署中的关键挑战，包括技术、运营和监管等方面。文章还探讨了大规模部署CCUS技术所伴随的复杂性和困难，强调了迫切需要制定针对性策略以缓解这些挑战并加快部署。相关论文信息：▌文章信息：Zhenhua Rui, Lianbo Zeng, Birol Dindoruk. Challenges in the Large-Scale Deployment of CCUS. Engineering, 2025, 44 (1) : 17-20 ▌文章DOI：10.1016/j.eng.2024.11.031▌文章链接：https://www.engineering.org.cn/engi/EN/10.1016/j.eng.2024.11.031往期推荐西南大学张宇昊团队破译肥肉口感密码：基底膜网状弹性蛋白支架揭开脂肪菜肴质构调控机制 | Engineering关于征集2027年Engineering学术专题选题的通知北京邮电大学张建华团队：6G基站会“读心术”？给通信系统装上一双眼睛和一个大脑 | EngineeringEngineering期刊简介中国工程院院刊《Engineering》是工程科技综合性学术期刊，由中国工程院主管，中国工程院战略咨询中心、高等教育出版社联合主办，《中国工程科学》杂志社与国际出版商爱思唯尔合作出版。期刊创刊于2015年，得到联合国教科文组织（UNESCO）、国际工程与技术科学院理事会（CAETS）及多国国家工程科学院、海内外专家学者大力支持。期刊致力于搭建高水平工程科技重大成果发布与国际学术交流平台，推动工程科技造福人类、开创未来，设置新闻热点、观点述评、工程成就、研究论文等特色栏目，刊载具有原创性、突破性、交叉性、前沿性工程科技创新成果。已被SCI、EI、Scopus、DOAJ、CSCD、CSTPCD等国内外权威检索数据库完整收录。2025年JCR影响因子12.2（Q1，3/178）；2025年CiteScore为19.4，位列工程科技多学科期刊前5%。入选2016年中国科技期刊登峰计划、2019年中国科技期刊卓越行动计划领军期刊、2024年中国科技期刊卓越行动计划二期英文领军期刊，2026年获第六届中国出版政府奖期刊奖。点击 阅读原文 开放获取全文阅读原文不喜欢文章探讨了大规模部署CCUS技术所伴随的复杂性和困难。",,,,pending
青年编委招募 | ENGINEERING Health and Rehabilitation Engineering期刊邀您加入！,EngineeringJournals,EngineeringJournals,"21C API, 海外, 发布",normal,2026-09-27T11:00:00+08:00,,青年编委招募ENGINEERING Health and Rehabilitation Engineering为进一步提升ENGINEERING Health and Rehabilitation Engineering在康复与健康工程领域的国际学术影响力，加快建设一流科技期刊，本刊启动青年编委会招募工作。诚邀海内外具有卓越学术能力、怀揣发展志向的广大优秀青年学者加入!1期刊简介ENGINEERING Health and Rehabilitation Engineering是中国工程院Engineering子刊，依托康复大学于2026年创办，由高等教育出版社出版。本刊由中国工程院院士、康复大,http://mp.weixin.qq.com/s?__biz=Mzg4MDUwODE2OQ==&mid=2247531604&idx=1&sn=51e78322e674d36bcd570d05590da388,,青年编委招募ENGINEERING Health and Rehabilitation Engineering为进一步提升ENGINEERING Health and Rehabilitation Engineering在康复与健康工程领域的国际学术影响力，加快建设一流科技期刊，本刊启动青年编委会招募工作。诚邀海内外具有卓越学术能力、怀揣发展志向的广大优秀青年学者加入!1期刊简介ENGINEERING Health and Rehabilitation Engineering是中国工程院Engineering子刊，依托康复大学于2026年创办，由高等教育出版社出版。本刊由中国工程院院士、康复大学校长董尔丹和康复大学教授周平担任共同主编。期刊聚焦健康与康复工程跨学科前沿，致力于发表工程原理与实践和康复科学与医学融合的学术成果，关注服务于人类健康的工程科技最新进展，助力改善运动、感觉、交流与认知等功能。期刊旨在搭建产学研医交流平台，促进学科理论突破、技术创新与临床转化，赋能康复医疗体系现代化建设，服务人类健康福祉。2青年编委要求年龄原则上不超过45周岁，具备国际视野，有海外留学/访学/工作经历的学者优先；具有博士学位或副高以上职称，以第一作者或通讯作者的身份至少发表6篇SCI论文，有丰富的学术期刊论文发表经验；学术态度端正，从事健康与康复工程领域发展或相关研究，具有较高的学术水平，参与或主持过各类基金项目或科研课题；热心支持期刊发展，有时间和精力参与期刊建设，愿意参与期刊的审稿、撰稿、组稿及推介工作；认同本刊办刊理念，有本刊投稿经历者优先。具有相关领域权威期刊编委或青年编委经验者优先。3青年编委权益获得由主编颁发的青年编委聘书，聘期为2年，期满可申请连任；青年编委本人的文章或邀约的文章通过同行评审后可优先发表；对期刊发展有突出贡献的青年编委，优先考虑晋升本刊编委；可主办、协办期刊组织的各项学术活动，出席本刊组织的各项学术活动时享受注册费优惠；在本刊公众号上发布青年编委信息，宣传研究成果，提升个人学术影响力；可参与优秀青年编委、优秀审稿专家等奖项遴选。4青年编委职责包含但不限于以下工作:邀约稿件：每年为期刊撰稿或邀约所负责领域的高质量稿件不少于1篇；同行评议：根据其研究领域，每年为期刊审稿不少于3篇；学术报道：根据其研究领域和科普兴趣，参与精选文章的提炼总结、审核及新媒体宣传报道工作；期刊宣传：通过国内外各重大学术会议、学术活动或其他学术渠道，宣传和推广期刊；学术活动：积极参加青年编委会议，或与本刊共同主办或协办相关学术会议或培训；建言献策：为期刊建设发展、质量提升、国际影响力拓展等提供可行建议。5报名方式请扫描下方二维码报名，填写青年编委信息。（报名二维码）如有任何疑问，请邮件咨询期刊编辑部：enghre@uhrs.edu.cn张老师 +86 ***********，zhangyan@uhrs.edu.cn往期推荐42项研究，0项同步记录：脑-肌近红外光谱研究漏掉了最关键的一环丨ENG Health Rehabil Eng《工程·健康与康复工程》承办 | 智驱康复工程，融创健康未来！2026健康与康复工程专题论坛启动报名机器学会 “分步观察”｜哈工大（深圳）× 复旦儿科联合攻关，破解自闭症AI早筛的隐藏瓶颈丨ENG Health Rehabil Eng期刊简介期刊名称：ENGINEERING Health and Rehabilitation Engineering语种：英文刊期：季刊出版方式：金色开放获取（Gold Open Access）期刊主编：董尔丹院士，周平教授主管单位：中国工程院依托主办单位：康复大学出版单位：高等教育出版社期刊官网:https://journal.hep.com.cn/ehre投稿网址：https://mc.manuscriptcentral.com/enghre联系邮箱：enghre@pub.hep.cn不喜欢诚邀海内外具有卓越学术能力、怀揣发展志向的广大优秀青年学者加入!,,,,pending
异构容量衰减下兼顾拓扑结构的储能电池联合更换重构预测性维护研究 | ENG Manag,EngineeringJournals,EngineeringJournals,"21C API, 储能, ESS, BESS, 储能系统, 集装箱储能, BMS, 供电, 可靠性, 长循环, 循环寿命, 电池管理系统, 电解液, 装机, 实验室, 量产, 并网, 落地",normal,2026-09-27T11:00:00+08:00,,"1绪论1.1 研究背景与问题动因风电、光伏等新能源装机规模快速扩张，给现代电力系统带来大量功率间歇性与运行波动性，对传统电网实时功率平衡、灵活调节能力提出严苛要求（Kroposki et al., 2017; Hassan et al., 2024; Mo et al., 2025）。为平抑新能源波动、维持供需平衡，储能电池系统（BESS）成为电网不可或缺的支撑资源。除稳定功率波动外，储能可通过峰谷套利、负荷削峰创造经济收益，提升新能源消纳水平（Shi et al., 2018; Inaolaji et al., 2024; Nyamathulla and Dhanamjayulu, 2024",http://mp.weixin.qq.com/s?__biz=Mzg4MDUwODE2OQ==&mid=2247531604&idx=3&sn=2914ead73821a120ffee1dcf12180d63,,"1绪论1.1 研究背景与问题动因风电、光伏等新能源装机规模快速扩张，给现代电力系统带来大量功率间歇性与运行波动性，对传统电网实时功率平衡、灵活调节能力提出严苛要求（Kroposki et al., 2017; Hassan et al., 2024; Mo et al., 2025）。为平抑新能源波动、维持供需平衡，储能电池系统（BESS）成为电网不可或缺的支撑资源。除稳定功率波动外，储能可通过峰谷套利、负荷削峰创造经济收益，提升新能源消纳水平（Shi et al., 2018; Inaolaji et al., 2024; Nyamathulla and Dhanamjayulu, 2024）。在各类储能技术中，锂离子电池凭借高能量密度、长循环寿命、低自放电优势，成为电网级储能电站的主流选型（Chang et al., 2024）。但大规模储能系统普遍存在异构老化、复杂衰减机理、高危失效模式三大问题。电池异构衰减不仅降低系统有效容量利用率，还会加剧模块化架构内部电流不均衡与热应力，最终损害系统经济效益与长期资产价值（Wang et al., 2025; Tian et al., 2024; Hittinger and Ciez, 2020）。锂电池异构衰减由内部电化学机理与外部运行应力共同作用，如图1所示。内部因素包括固体电解质界面（SEI）膜生长、析锂、电解液分解、电极结构破损，均会造成不可逆容量衰减（Han et al., 2019; Liu et al., 2024）；外部温度波动、负载电流波动则进一步放大电池间老化差异（Edge et al., 2021）。即便运行工况相近，各电池单体的衰减曲线仍呈现非线性、异质性特征（You et al., 2024）。容量衰减直接决定系统储能能力，重度老化下电池热稳定性同步下降；串联架构中，衰减不均会诱发电流分布失衡、局部热应力与过热现象（Tan et al., 2024; Kim and Choi, 2023）。因此，容量衰减与簇内不一致性可作为储能运行安全的有效表征指标。该关联在长期运行储能系统中尤为突出：维护决策基于模组/簇级定期巡检，而非实时故障隔离。 本文不将安全风险建模为瞬时电化学失效概率，而是面向长期维护规划构建替代风险指标。该近似适用于安全隐患主要由模组/簇级渐进老化、不均衡累积引发的场景；若故障由突发缺陷、故障快速扩散、实时电热瞬态主导，该风险表征方法可靠性会下降。与此同时，现有研究可实现储能长期容量轨迹精准预测（Du et al., 2025; Chen et al., 2025; Wu et al., 2025; Qian et al., 2026）。理论上，基于衰减预测可制定主动维护方案，但实际工程运维仍以固定阈值、事后修复策略为主（Fioravanti et al., 2020; See et al., 2022）。这类传统维护仅从组件维度评估干预时机，隐含假设：采用固定的组件健康—系统性能映射。但模块化储能采用分层串并联架构：单体串联组成模组，模组串联构成电池簇，各簇并联接入总系统，如图2所示。串联结构存在“短板效应”：单个电池簇的容量由簇内衰减最严重的模组决定，而非模组平均健康水平（Lawder et al., 2014; Xie, Ustolin, et al., 2022; Xie, Wang, et al., 2022）。同等衰减程度的模组，放置在不同拓扑位置对系统性能的影响完全不同。因此组件状态到系统性能的映射关系由拓扑结构决定，仅依靠单体阈值的维护策略无法消除结构性瓶颈与不均衡损耗。更换与重构两种维护手段作用机理互补，但现有研究多单独分析：更换通过换新模组修复单体健康，但不改变衰减在系统中的传递方式；重构指在不更换硬件的前提下，调整模组在各簇间的分配、修改电气连接（He et al., 2018; Han et al., 2020），无法修复单体衰减，但可通过调整拓扑削弱衰减对系统性能的约束。某一模组在原簇形成性能瓶颈，重新分配至其他簇后对系统的负面影响会大幅降低。已有电池管理研究证明重构可缓解不均衡、提升系统可用度（Wang et al., 2021; Ma et al., 2021; Wang et al., 2023）；可重构系统可靠性研究也证实拓扑调整会改变组件状态与系统性能的对应关系（Yang et al., 2024; Yang, 2025a; Yang et al., 2025b）。二者协同作用如图3所示。单独实施更换或重构只能解决单一维度问题：更换修复单体固有老化，重构缓解拓扑带来的性能瓶颈；更关键的是，两种操作并非简单叠加。模块化储能系统性能同时由模组健康与分层串并联拓扑共同决定，重构会重塑异构衰减到系统性能、安全风险的映射关系。这使得储能维护问题与传统仅更换电池的场景存在本质区别——传统方法假定组件修复后健康-系统映射固定不变。基于该差异，本文面向异构衰减场景，构建协同模组更换与拓扑重构的预测性维护框架。1.2 研究贡献现有储能维护研究存在三大核心局限：1. 多数更换优化研究假定组件健康与系统性能映射固定，忽略分层串并联拓扑带来的瓶颈效应与不均衡传播；2. 可重构系统研究仅侧重可靠性均衡、负载再分配，未将结构调整纳入预测性维护，未同步考虑模组换新；3. 异构衰减引发的结构、经济、安全多重耦合依赖，尚未整合至统一决策框架。现有空白说明核心难点并非简单叠加两种维护动作，而是构建兼顾拓扑感知、同步优化健康修复与结构调整的维护模型。针对上述研究缺口，本文提出异构容量衰减下兼顾拓扑感知、同步优化更换与重构的预测性维护框架，核心创新如下：（1）将储能维护建模为耦合决策问题：更换更新模组健康状态，重构通过串并联拓扑改变异构衰减向系统性能、安全风险的传递路径。突破传统固定健康-性能映射的建模思路，构建适配模块化储能的协同维护范式；（2）构建耦合依赖建模框架，显式刻画异构衰减引发的结构、经济、安全交互关系。将拓扑瓶颈、衰减相关收益、不均衡安全损失整合至同一模型，更贴合储能实际运维决策；（3）将协同维护构建统一嵌套混合整数非线性规划（MINLP）模型，设计定制BHO-ALNS分层算法：外层搜索最优更换阈值，内层求解拓扑约束下的模组重构方案，高效求解多重耦合依赖下的联合决策空间。2储能系统维护建模2.1 容量与拓扑结构建模储能维护优化需精准量化拓扑耦合与异构衰减，二者共同决定可行决策域、系统性能与经济效益。 设决策时刻t，模组m内第j块电池归一化容量为sm,j(t)。受运行工况与单体固有差异影响，各电池、模组衰减轨迹不同，系统内容量分布不均。固定串并联拓扑下，异构衰减沿层级逐层传递： 单个模组内电池串联，模组容量由内部最差单体决定：式中ℳ为全部模组集合，N代表单个模组串联电池数量。 模组在簇内串联，单簇容量由簇内最低容量模组约束：C为电池簇集合，Mc代表分配至簇c的模组子集。 各簇系统侧并联，总系统容量为所有簇容量之和：该层级传递机制说明：电池、模组局部衰减会逐层向上形成性能瓶颈，放大异构衰减对整机输出的负面影响。 电池单体封装为固定模组，模组是最小维护单元，更换、重构均在模组层面执行，且全程保持原始串并联电气架构不变。引入二元分配变量xm,c：模组m分配至簇c时xm,c=1，否则为0。重构可行域由两条分配约束界定： 每个模组仅分配至单一簇：每个簇固定搭载L块模组，保持簇内串联结构不变：模组内部、簇间串并联架构由硬件固定，不属于决策变量，上述分配约束完整定义不改变拓扑的可行重构空间，同时允许物理架构内模组灵活调配。将衰减影响转化为可量化经济收益：决策时刻系统可用能量由系统容量换算，遵循电能物理定义，可用电量等于容量、有效电压、传输效率的乘积：Qnom为额定容量，Veff为有效电压，η为传输效率；本文简化计算取η=1。如图4所示，电池-模组-簇的分层拓扑会通过多层最小值瓶颈放大局部衰减。该结构耦合证明仅单独更换模组的策略存在局限，必须在可行拓扑域内同步引入重构操作。2.2 经济收益与成本建模系统经济价值由收益函数表征，建立衰减输出与电价价差的关联。基于源—网—荷—储（SGLS）收益框架（Zhen et al., 2025），纳入合约电价，对比峰时现货电价计算节约成本，适配分时电价下并网储能的通用收益模式（Zhou et al., 2022; Wu et al., 2022; Lin et al., 2024）。并网储能输出电量分为合约供电部分与套利余量两部分：合约基准内电量产生固定成本节约，超额电量获取峰谷价差收益。单规划周期k总收益分段表达：λc合约电价、λp峰电价、λop谷电价；Eg可再生基准发电量；k为周期k内时间集合。假定λp-λop>λc，保障峰谷套利具备经济激励。维护总支出包含模组更换成本与重构操作成本。周期k更换模组数量Nrpk、重构调整模组数量Nrck，单位更换成本crp、单位重构成本crc，总成本：安全风险损失作为目标函数惩罚项纳入优化，详细建模见2.3节。维护优化以净经济效益最大化为目标，平衡储能收益、维护成本、安全损失。经济耦合关系如图5。2.3 安全风险损失建模构建簇级风险指标将安全约束纳入维护优化，不精细复现电化学失效机理，采用可求解、可解释的风险代理指标，直接嵌入长期维护规划目标（Hong et al., 2024）。隐安全指数Θck由簇临界容量Θck、簇内不均衡度Ick、二者耦合项ϕck=Ick/Q̂ck加权求和：ω0基线风险系数；ω1容量衰减权重；ω2不均衡权重；ω3交互项权重。容量衰减是安全恶化主导因素，不均衡为次要放大因子。通过Logistic映射将隐指数转化簇级风险代理指标，求解周期总期望安全损失：ℒsafe为单次安全事故损失系数。Logistic函数刻画轻度老化风险缓慢上升、临近临界状态风险陡增的非线性特征，同时保证数值稳定。周期内簇最小临界容量：簇内电池容量离散度期望作为不均衡指标：该风险模型同时捕捉绝对老化程度与串联架构下不均衡热应力传递，将安全量化嵌入优化目标。容量损失表征老化严重度，簇内离散度表征串联不均衡，交互项刻画二者叠加的安全暴露风险。 需说明：本风险指标不表征短路、突发缺陷、实时电热瞬态等与容量弱相关的失效模式，适用于中长期基于渐进衰减的维护规划；瞬时故障、在线保护由电池管理系统（BMS）单独处置。安全严苛场景可调整各项权重得到保守风险表征（Yan et al., 2025）。2.4 嵌套分层维护框架维护规划划分离散巡检周期，每个周期时长W，总运行时长Ttota，决策周期总数K=(Ttotal/W)-1。每个决策周期基于下一规划窗口内的容量预测开展优化；衰减预测值作为外生输入，滚动更新，预测不确定性通过敏感性分析单独讨论，滚动框架一定程度削弱预测偏差影响。两类维护动作：1. 模组更换：重置周期内模组容量衰减轨迹，改变组件固有健康；2. 拓扑重构：不改变模组衰减规律，仅在固定串并联约束下调整模组-簇分配。簇内串联结构决定簇容量由最差模组决定，系统性能同时依赖模组衰减与拓扑分配，两类操作存在非对称耦合关系：更换先更新模组健康基底，重构仅在更新后的状态内调配模组；若先重构再更换，重构基于旧模组状态，更换后状态改变，分配方案失效。因此必须先求解更换决策确定系统状态，再优化拓扑分配，形成嵌套可行域结构。工程中采用阈值更换规则：设定容量阈值τk，低于阈值的模组全部换新。阈值不固定，本文在[0.6, 0.8]区间内自适应优化。行业常规储能退役容量保持率为80%（常用寿命评估参考值），但固定式储能充放电管控完善，低于80%仍可短期使用，因此设置上下界平衡安全与资产利用率。更换阈值直接决定换新模组集合，进而改变可行重构分配域；更换决策的可行域内生依赖阈值选择，更换决定更新后的健康状态，本文采用外层搜索更换阈值、内层优化模组分配的嵌套求解方式。分层嵌套结构是联合优化的等价分解：外层优化更换阈值确定维护后系统状态，内层在对应可行域求解最优模组分配，完整流程见图6。本框架假定重构不会改变后续衰减速率（热重分布、负载分担二阶反馈不纳入模型），该近似适配滚动周期更新机制，每轮巡检基于最新衰减预测重新调整拓扑。2.5 完整混合整数非线性规划数学模型综合容量、经济、安全约束，将维护规划构建MINLP模型，目标最大化单周期净经济收益，同步优化更换阈值、模组更换二元决策、模组重构分配二元变量。模型变量定义见表1。 目标与约束方程组：式(13a)为净收益最大化目标；(13b)计算模组周期最低容量；(13c)(13d)采用大M法建立阈值与更换二元变量的约束；(13e)更新更换后模组容量轨迹；(13f)(13g)保证模组分配拓扑合法；(13h)(13i)统计更换、重构模组数量计算维护成本；(13j)定义变量取值范围。模型非线性、非凸来源：层级最小值瓶颈、Logistic安全损失、分段收益函数；传统精确求解器难以大规模求解，因此设计分层BHO-ALNS算法。3求解算法3.1 BHO-ALNS分层优化框架针对异构衰减下更换-重构耦合MINLP问题，构建贝叶斯分层优化+自适应大邻域搜索嵌套算法：外层贝叶斯优化（BO）搜索连续更换阈值，内层ALNS求解离散模组分配组合优化，整体流程见图7。 贝叶斯优化适合昂贵黑箱连续空间寻优；ALNS适配带结构约束大规模组合优化。 外层循环（BO）1. 高斯过程GP代理建模目标函数:协方差核：2. 期望改善（EI）采集函数选取候选阈值：3. 候选阈值下通过蒙特卡洛多次仿真确定更换模组，调用内层ALNS求解最优重构；4. 将阈值与平均净收益存入数据集，更新GP后验，迭代至预算上限输出最优阈值。内层循环（ALNS重构优化） 给定更换后模组容量，仅优化模组-簇分配，采用自适应邻域搜索：1.移除算子：随机移除、高不均衡移除、低容量模组移除、跨簇低效模组移除；2. 修复算子：贪心插入、模组交换、随机贪心GRASP插入；3. Metropolis模拟退火接受准则：允许临时劣解避免局部最优；4. 算子自适应权重更新、禁忌表防止循环；5. 达到迭代上限后输出最优分配，将平均净收益返回外层BO。完整伪代码见算法1、算法2。3.2 计算复杂度与可扩展性算法计算量分为BO外层迭代、ALNS内层邻域搜索两部分。BO迭代次数少、收敛速度快；ALNS局部搜索复杂度随模组数量近似线性增长，适合规模化储能。 数值仿真基于MATLAB R2024b，工作站32G内存、多核CPU；算例包含32个模组、8个簇、单模组100电池，共3200单体，代表标准集装箱储能单元。单决策周期求解时长8–10分钟，适配年度/季度离线滚动维护规划，无实时计算要求，完全满足工程运维场景。4数值仿真实验4.1 分段随机衰减仿真基于实验室加速老化实测数据集构建分段随机衰减模型，生成符合真实锂电池多阶段非线性老化轨迹，用于维护策略对比。 初期对数容量服从带二次漂移维纳过程：中后期分段线性随机模型：蒙特卡洛生成大量仿真轨迹，与实测均值、置信区间、容量增量分布高度吻合，验证衰减模型真实性（图8）。4.2 仿真参数设置维护周期设定为 250 次循环，在约每 3 天 2 次充放电的运行条件下，近似对应一年；更换硬件成本高、仅切换矩阵的重构成本极低；电价采用标准工业峰谷合约机制，全部参数见表2、算法参数见表3。 通过预算-收益权衡确定BO迭代、ALNS迭代、蒙特卡洛仿真次数，各项参数提升收益存在边际递减效应（图9）。4.3 算法对比分析对比网格搜索+ALNS、网格搜索+遗传算法、BO基础ALNS等基准算法，本文BHO-ALNS累计净收益最高、平均计算时长适中，收敛稳定（表4、图10）。BO快速缩小阈值寻优区间，ALNS精细优化拓扑分配，分层结构兼顾求解质量与计算效率。4.4 四类维护策略对比四种运维方案：1.DA-RP&RC：本文自适应阈值+同步更换重构；2. FT-RP&RC：固定阈值+同步更换重构；3. FT-RP：固定阈值仅更换；4. NoMaint：无任何维护。 核心指标见表5、容量变化图12、簇级衰减图13、安全风险对比图14、经济效益图15。 相较于工程常用FT-RP方案，本文策略总净收益提升23.24%，系统总容量显著提升，全周期安全风险持续降低。 图11展示各周期更换模组数量、动态阈值、模组分配演化：算法随衰减程度自适应调整更换门槛，轻重老化周期分别侧重重构或同步更换，持续平衡各簇衰减不均衡。4.5 敏感性分析4.5.1 安全风险权重敏感性ω1（容量衰减权重）对总安全风险影响最大，ω0基线次之，不均衡与交互项仅为微调项，符合建模设计逻辑（图16）。参数小幅扰动下风险指标稳定，适合长期规划；但该指标不适用于瞬时突发故障场景。4.5.2 经济与安全参数敏感性更换成本crp对总净收益影响最显著；重构成本影响温和；安全损失系数提升会推动算法生成更均衡的拓扑分配，但过高会牺牲经济效益（图17）。峰谷价差缩小时最优阈值趋于保守，但重构缓解瓶颈的核心优势不变。4.5.3 衰减预测偏差敏感性设置乐观低估、高估衰减两类预测扰动场景，对比基准无偏差工况（图18）。预测偏差仅改变各周期维护时机，全周期累计净收益变化幅度有限，证明滚动更新框架鲁棒；但持续大幅预测误差会显著改变更换、重构频次，后续研究可将预测不确定性直接嵌入优化模型。5结论与未来展望研究结论：本文面向异构容量衰减模块化储能，构建同步优化模组更换、拓扑重构的预测性维护MINLP模型，设计BHO-ALNS分层求解算法，显式刻画结构、经济、安全多重耦合依赖。将模组拓扑重构作为核心维护手段，缓解分层串联架构带来的容量瓶颈。 基于实测数据驱动的分段衰减仿真算例验证：相比传统固定阈值仅更换策略，本文自适应协同方案提升系统容量保有量、降低全周期安全损失、显著提升净经济效益，在真实储能规模下兼具性能与安全性，为储能资产长期价值运营提供理论工具。未来研究方向：1.显式纳入衰减预测不确定性：当前基于点预测滚动优化，后续可结合鲁棒随机优化，量化预测偏差对维护决策的影响；2. 拓展多健康指标协同优化：本文仅以容量衰减为规划依据，可融合阻抗、电压不均衡等多老化特征，结合试验平台验证落地效果。▌论文信息：Mengzi ZHEN, Zhen CHEN, Tangbin XIA, Ershun PAN. Topology-aware predictive maintenance via joint replacement and reconfiguration for BESSs under heterogeneous capacity degradation. ENGINEERING Management, 2026, 13 (2) : 335-362▌文章DOI：10.1007/s42524-026-6005-6▌文章链接：https://journal.hep.com.cn/fem/EN/10.1007/s42524-026-6005-6往期推荐ENGINEERING Management虚拟专题 | 交通工程系统管理（一）ENGINEERING Management虚拟专题 | 能源与环境系统（三）ENGINEERING Management虚拟专题 | 能源与环境系统（二）点击 阅读原文 开放获取全文阅读原文不喜欢研究为储能资产长期价值运营提供理论工具。",,,,pending
全球视野，中国方案！欢迎参加CBIS2026！,电池中国,电池中国,"RIOnews API, 固态电池, 钠离子电池",normal,2026-09-27T11:00:00+08:00,,全球视野，中国方案！欢迎参加CBIS2026！全球视野，中国方案！欢迎参加CBIS2026，我们上海见！#CBIS2026 #新能源汽车 #电动航空 #数据中心 #人形机器人 #电动船舶 #AI技术 #新型材料 #固态电池 #钠离子电池,http://mp.weixin.qq.com/s?__biz=MzA3MzY0OTIzMQ==&mid=2661851591&idx=3&sn=f60ea56fc768a05a62b0633351446141,,全球视野，中国方案！欢迎参加CBIS2026！全球视野，中国方案！欢迎参加CBIS2026，我们上海见！#CBIS2026 #新能源汽车 #电动航空 #数据中心 #人形机器人 #电动船舶 #AI技术 #新型材料 #固态电池 #钠离子电池,,,,pending
一周要闻 | 亿纬锂能/宁德时代/欣旺达/国轩高科/杉杉股份/天原股份/弗迪电池/珈钠能源/派能科技/硅宝科技/中比新能源/西部矿业等更新动态,电池中国,电池中国,"RIOnews API, 新材料, 电池材料, 碳, 隔膜, 高比能, 硅, 前沿表征, 工况, 固态电池, 固态电解质, 陶瓷材料, 固液混合, 钠离子电池, 钠电, 产品发布, 发布, 发布会, 亮相, 上市, 信息披露, 披露, 投资者, 合作进展, 战略合作, 项目中标, 招标, 项目签约, 投资, 合作, 收购, 技术进展, 技术突破, 工艺优化, 前沿研发, 量产推进, 产能, 下线, 竣工, 环境影响评价, 批量生产, 比亚迪, 弗迪, 弗迪电池, 宁德时代, 时代新能源, 亿纬锂能, 亿纬, 国轩高科, 国轩, 欣旺达, 磷酸铁锂, 铁锂, 三元, 高镍, 钠电池, 大圆柱, 储能, 储能电芯, 大容量储能电芯, 储能系统, 系统集成, 大容量电芯, 工商业储能, 大型储能, PCS, BMS, 备用电源, 供电, 可靠性, 循环寿命, 电池包, 电池回收, 黑粉, 碳酸锂, 正极材料, 负极材料, 电解液, 交付, 规划产能, GWh, 生产基地, 投产, 达产, 订单, 框架协议, 中标, 合作协议, 签约, 报价, 增资, 港股, 新产品, 快充, 实验室, 量产, 项目落地, 落地",normal,2026-09-27T11:00:00+08:00,,红旗首款硬派越野预售上市！独家搭载亿纬锂能OMNI大圆柱电池9月22日，一汽红旗旗下首款全场景豪华越野 G919在北京正式开启预售。作为红旗品牌从行政豪华向全场景高端出行战略拓展的标志性产品，G919自今年8月成都车展首次亮相便凭借精准的硬派越野定位引发市场高度关注。其中，车辆独家搭载的亿纬锂能OMNI全能电池，成为其突破越野场景能源边界、实现全工况适配的核心技术支撑。合计规划产能100GWh！宁德时代匈牙利工厂启动新电芯厂房试产9月22日，宁德时代宣布位于匈牙利德布勒森的新建电芯工厂正式启动试生产，公司称已履行启动试生产所需的全部前置条件。本次投产的是该厂第一条电芯厂房的前两条产线，试生产阶,http://mp.weixin.qq.com/s?__biz=MzA3MzY0OTIzMQ==&mid=2661851591&idx=1&sn=4e72c03812d588d7d4de979de8a03a12,,"红旗首款硬派越野预售上市！独家搭载亿纬锂能OMNI大圆柱电池9月22日，一汽红旗旗下首款全场景豪华越野 G919在北京正式开启预售。作为红旗品牌从行政豪华向全场景高端出行战略拓展的标志性产品，G919自今年8月成都车展首次亮相便凭借精准的硬派越野定位引发市场高度关注。其中，车辆独家搭载的亿纬锂能OMNI全能电池，成为其突破越野场景能源边界、实现全工况适配的核心技术支撑。合计规划产能100GWh！宁德时代匈牙利工厂启动新电芯厂房试产9月22日，宁德时代宣布位于匈牙利德布勒森的新建电芯工厂正式启动试生产，公司称已履行启动试生产所需的全部前置条件。本次投产的是该厂第一条电芯厂房的前两条产线，试生产阶段将完成设备调试、工艺优化与验证，为后续量产做准备。德布勒森项目是宁德时代在欧洲的第二座电池工厂，2022年8月宣布建设，2023年夏开工，2026年春完成厂房设备安装，2026年8月取得使用许可，并已满足IPPC（工业污染防治）许可证全部前置条件。该厂自2024年秋起已先行生产电池模组，迄今累计产出53.7万只模组。全部建成后，匈牙利基地将以100GWh产能成为宁德时代中国以外最大制造基地，产品供应已在匈牙利布局电动车产能的欧洲头部车企。挺进200强！欣旺达连续九年上榜中国民营企业500强9月22日，全国工商联发布2026中国民营企业500强榜单，欣旺达连续第九年入选，位列第191位，较去年提升27个名次，首次挺进200强；在中国制造业民营企业500强榜单中位列第144位，较去年提升13个名次。本次为全国工商联组织开展的第28次上规模民营企业调研，共有6350家2025年营业收入10亿元以上的企业参加，最终筛选营业收入前500位的企业入榜。国轩高科发布低空飞行高功率星晨电池9月21日，国轩高科在2026世界制造业大会期间发布低空飞行高功率星晨电池。该电池面向低空场景定制化开发，电池电芯单体能量密度达330Wh/kg、850Wh/L；支持快充、换电双模式。国轩高科还发布中欧非新能源物流运输一体化解决方案，方案核心载体为“电啦啦”移动储充换一体化系统，可实现电动重卡2分15秒快速换电，无需土建施工，能够灵活低成本完成场站部署。面向全球化布局，国轩高科2026年将联合GPM等生态合作伙伴，共建2000公里欧非零碳物流通道。杉杉股份：拟约51.06亿元投建年产15万吨锂电池负极材料一体化基地项目9月22日，杉杉股份公告，公司拟在内蒙古包头市青山区新建年产15万吨锂电池负极材料一体化基地项目，项目总投资约51.06亿元，其中固定资产投资约43.18亿元。项目建设期为17个月，计划开工时间2027年3月，计划竣工时间2028年7月。聚焦光储充车网一体化等！弗迪电池与四川国软科技集团战略合作9月20日，弗迪电池与四川国软科技集团在比亚迪全球总部正式签署战略合作框架协议。据悉，弗迪电池将充分发挥自身技术、产品及平台优势，提供光储充车网一体化综合能源解决方案。未来，双方将以本次战略合作协议为依托，持续深挖合作空间，推动各场景合作项目快速落地，实现新能源领域强强联合、优势互补，培育产业发展新业态，赋能新能源产业高质量发展。量产下线！派能科技588Ah/601Ah大容量储能电芯打通研产用全链条9月21日，派能科技588Ah、601Ah大容量储能电芯量产下线仪式在合肥基地举行。随着两款大容量电芯进入规模化量产阶段，派能科技在大型储能领域进一步完善从电芯研发、规模制造到项目交付的全链条能力。据了解，派能科技588Ah、601Ah大容量储能电芯累计批量生产已超过100MWh，并已应用于新一代PyOcean 6.25MWh、8MWh大型储能系统，相关系统已经获得订单并发货。45亿元！宁德时代拟募资加码电池产能运营9月20日，宁德时代披露2026年度第七期绿色科技创新债券申购文件，计划发行规模为人民币45亿元，资金将用于锂离子电池生产项目日常运营。本期债券分为两个品种，品种一初始规模40亿元，为3+2年期，附第3年末发行人利率调整权与投资者回售权；品种二初始规模5亿元，为5年期；两品种之间可双向回拨调整规模，发行合计总额保持45亿元。品种一申购利率区间1.4%-2.0%，品种二申购利率区间1.5%-2.1%。具体来看，宁德时代本次募投共涉及4个锂离子电池生产项目，分别为福鼎时代锂电池生产基地项目、江苏时代动力及储能锂离子电池研发与生产项目、四川时代动力电池项目、山东时代新能源电池产业基地项目，四个工厂总投资832.43亿元，均已投产。珈钠能源2万吨钠电聚阴离子正极材料产线正式投产9月21日，珈钠能源2万吨钠电聚阴离子材料扩建项目投产仪式在自贡珈钠举行。自2024年万吨级产线落地，到如今2万吨产线投产，珈钠能源聚阴离子正极材料产能规模再上新台阶，为钠离子电池在储能等领域的规模化应用提供更稳定的材料供给。天原股份：竞得控股子公司天程锂电20.21%股权9月21日，天原股份公告，公司当日通过宜宾市南溪区公共资源交易服务中心，参与竞得宜宾罗投资产管理有限公司持有的公司控股子公司宜宾天程锂电新材有限公司（简称“天程锂电”）20.21%股权，成交价9288.32万元。交易完成后，天程锂电将成为公司全资子公司，有利于公司进一步扩大在锂电新能源材料产业的投入，加速技术创新。硅宝科技子公司完成亿元增资 加快硅碳负极等项目建设落地近日，硅宝科技公告称，公司完成向全资子公司硅宝（眉山）新能源材料有限公司（以下简称“硅宝新能源”）增资10,000万元事项，已完成相关工商变更登记手续，并取得了四川省眉山市彭山区市场监督管理局换发的《营业执照》。据悉，为拓宽新能源业务板块，硅宝科技此前在四川彭山经济开发区设立全资子公司硅宝新能源建设5万吨/年锂电池用硅碳负极材料及专用粘合剂项目，该项目计划总投资人民币5.6亿元。55亿元！蓝京新能源新型圆柱电池项目在江苏无锡签约落地9月20日，总投资55亿元的蓝京新能源新型圆柱电池项目在江苏无锡签约落地。蓝京新能源是国内最早实现全极耳大圆柱电池量产的企业之一，此次公司与宜兴签约实施蓝京新能源新型圆柱电池项目，将更好带动正负极材料、隔膜、电解液、电池结构件、电芯装备和PACK集成等产业链上下游协同联动、集群发展。神火集团年产5万吨钠离子高性能电池铝箔项目开工9月16日，神火集团年产5万吨钠离子高性能电池铝箔项目开工仪式9月16日上午在河南商丘市示范区举行。项目规划建设约4万平方米生产车间以及智能仓储系统，配置3台1850mm和3台2150mm铝箔轧机、集成检测功能的分卷机、精切机、电晕机等国际先进设备。主要生产1070、1100等合金牌号以及厚度8至20μm的钠离子正负极用电池铝箔，建设周期24个月。产品涵盖高端双零箔、动力锂电池、储能电池等领域，将与现有锂电铝箔产能形成协同互补，实现锂电、钠电双赛道并行发展，持续巩固企业在国内电池铝箔行业的竞争优势。中比新能源披露12GWh钠离子电芯产能规划近日，中比新能源公布其32140NH-7Ah全极耳钠离子电芯的内部测试结果，并披露年产12GWh钠离子电池的长期产能规划。该钠离子电池项目主要面向储能、轻型电动出行以及特种备用电源应用场景。电芯已完成-40℃至 70℃跨度达 110℃的内部温度测试，测试结果表明该电芯有潜力适配气候多样、工况严苛的应用环境。据悉，这款电芯采用焦磷酸钠铁（NFPP）—— 一种铁基聚阴离子正极材料。紫金龙净拟投资建设苏里南罗斯贝尔金矿二期光储项目9月23日，紫金龙净公告称，公司全资子公司紫金龙净清洁能源拟投资建设苏里南罗斯贝尔金矿二期光储项目，建设规模为170MWp光伏+120MW/120MWh储能，总投资约1.50亿美元，拟由公司自筹。项目计划于2027年第三季度完成建设，预计年均发电量约2.44亿度。整装发货！中国钠电集团秦皇岛20MW/80MWh钠离子储能项目圆满交付9月22日，中国钠电集团有限公司与深圳市科陆电子科技股份有限公司签订的秦皇岛20MW/80MWh钠离子储能项目成套设备正式发车交付。按照采购协议约定，CNAEPower为本项目提供全套钠离子储能成套设备，合同总金额近1亿元。供货范围覆盖变流升压系统、电池舱等核心装备，包含聚阴离子技术路线钠电芯、BMS系统、温控系统、消防系统等关键部件。整套集装箱式钠储能系统完成出厂检验，整装奔赴秦皇岛项目现场。理奇智能：签订20亿元锂电设备智能制造基地投资协议9月22日，理奇智能公告称，公司与无锡宛山湖产业发展有限公司正式签署《投资合作协议》，投资建设理奇锂电设备智能制造生产基地及研发中心项目，项目总投资20亿元，其中一期投资10亿元，建设物料自动化处理设备智能制造生产基地及研发中心；二期投资10亿元，视产能需求分批实施。本次投资不构成关联交易及重大资产重组。总投资10亿！思格新能源南通智慧能源中心二期项目主体封顶9月21日，思格新能源南通智慧能源中心二期项目顺利完成主体结构封顶。一期项目建成全球最大的单体分布式储能工厂之一，并于2026年3月正式启用。据介绍，本次封顶的二期项目总投资10亿元，将重点布局大型地面电站储能设备。二期投产后，将与一期已建成的户用及工商业储能产能形成强力协同，推动思格全面覆盖“户用—工商业—大型地面电站”的全场景产品矩阵，有效承接创新产品量产，为全球订单的快速响应与规模化交付提供坚实保障。此次主体封顶后，二期项目将进入后续建设与投产筹备阶段，计划于2027年一季度举行二期开园仪式。湖北宜化：拟约11.52亿元投建15万吨/年磷酸铁项目9月22日，湖北宜化披露，为落实战略发展规划，延伸新能源材料产业链布局，同意由全资子公司湖北宜化新能源科技有限公司投资建设15万吨/年磷酸铁项目，预计总投资约11.52亿元。项目预计建设期为24个月，具体以实际建设进度为准。根据中长期发展规划，公司将依托磷氟硅资源禀赋及园区产业配套优势，分阶段提升磷酸铁产能，远期规划产能为100万吨/年。5万台！宁德时代子公司等四方推进换电无人物流车落地9月20日，上汽大通、卓驭科技、时代电服（宁德时代全资子公司）、易森动力正式达成四方战略合作，共同推进5万台搭载换电解决方案的无人物流车落地运营。据悉，此次四方合作，是国内首次由“整车生产企业（上汽大通）、移动物理AI公司（卓驭科技）、标准化换电生态服务商（时代电服）、AI驱动的全链路运营平台（易森动力）”四方共建，以万台级车队规模推进无人物流车落地。其中，上汽大通提供适配城市物流场景的无人商用车产品；卓驭科技提供智能驾驶技术；时代电服提供电池资产与换电方案；易森动力提供全链路运营能力。西部矿业：全资子公司取得采矿许可证9月21日，西部矿业公告，公司全资子公司青海淦鑫矿业开发有限公司（简称“淦鑫矿业”）于近日取得青海省自然资源厅颁发的《中华人民共和国采矿许可证》。矿山名称为格尔木市它温查汉铁多金属矿，开采矿种为铁矿、铜矿、金矿、钼矿、锌矿、铅矿、银矿。有效期限2026年8月31日至2043年8月30日。本次采矿许可证的取得，将进一步增强公司铁资源保障能力，巩固公司铁矿产业优势。中矿资源：赞比亚中央省Kitumba铜矿项目试生产当地时间9月21日，中矿资源公告，赞比亚中央省Kitumba铜矿项目的采矿工程、选矿工程已完成生产准备，正式全线贯通投料试生产。该项目本阶段产出的产品为铜精矿，公司将综合考虑铜精矿市场情况和冶炼工程建设进度等因素，决定将铜精矿对外销售或留作冶炼工程的原材料。截至本公告日，该项目的冶炼工程正在建设中，预计于2026年四季度完成投产准备或试生产，2027年一季度正式投产。总规划年产能10GWh！安徽六安一固态电池项目即将投产9月20日消息，截至目前，安徽伏特时代新能源有限公司项目一期厂房和办公楼主体已完成，预计2026年10月设备进场进行生产调试。据了解，安徽伏特时代新能源有限公司专注于半固态、固态高端锂电池的研发、生产与销售，规划年产能为10GWh。项目全面投产后，产品将主要应用于小动力市场、小型储能设备及低空经济等领域，预计可实现年产值约35亿元。扬广科技与俄罗斯Natriks战略合作！钠电启停电池即将发货9月20日，扬广科技与俄罗斯代理商Natriks正式签署战略合作协议。据介绍，扬广科技12V钠离子汽车启动电池在莫斯科经历了严苛的12个月实地测试，凭借先进的低温启动性能和极高的安全可靠性，赢得了俄罗斯合作伙伴的高度认可。本次合作是Natriks首次批量订货，扬广科技的钠电产品即将批量发往莫斯科，这也是扬广科技打入俄罗斯市场的关键战略突破。众钠能源与煌能兰钧签署战略合作协议，共拓锂钠混合储能近日，众钠能源与上海煌能兰钧新能源科技有限公司（简称“煌能兰钧”）正式签署战略合作协议，双方将围绕锂钠混合储能系统的技术开发、产能协同及市场拓展展开深度合作。根据协议，双方合作将聚焦三大方向：技术共研：联合开发锂钠混合储能系统，探索平台化、模块化技术体系，提升产品对多场景的适配能力。产能协同：统筹产能、设备及供应链资源，强化制造协同与交付能力，为储能产品规模化生产提供支撑。市场共拓：围绕工商业储能、电网储能、新能源配套储能等场景，共同推进产品推广、项目开发及市场拓展，加快锂钠混合储能商业化落地。特斯拉人形机器人量产在即 有望向中国供应链企业派发相关订单9月22日消息，特斯拉正在牵手中国产业链公司，为人形机器人Optimus的量产做准备。记者获悉，特斯拉机器人团队已于近日到拓普集团、三花智控、均胜电子等总部位于浙江宁波的上市公司开启审厂工作。特斯拉本轮审厂导向人形机器人Optimus的量产，有望向中国供应链企业派发相关订单。永太科技成立新能源科技公司 注册资本为1亿元企查查显示，近日，福建永太新能源科技有限公司成立，法定代表人为王丽荣，注册资本为1亿元，经营范围包含新材料技术研发；基础化学原料制造（不含危险化学品等许可类化学品的制造）；化工产品生产等。企查查股权穿透显示，该公司由永太科技（002326）间接全资持股。奥克股份：筹划收购苏州祺添控制权9月20日，奥克股份发布公告，公司正在筹划通过发行股份及支付现金方式，购买苏州祺添新材料股份有限公司（简称：苏州祺添）控制权，并募集配套资金。公司预计在不超过 10 个交易日的时间内披露本次交易方案，若未能按期披露，股票最晚将于2026年10月13日复牌并终止筹划相关事项。2GWh！这一动力及储能电池项目正式落户江苏淮安近日，由江苏省淮安市金湖县商务局与金南镇联合招引，广东某新能源科技有限公司等三方共同投资的2GWh动力及储能电池项目正式落户金湖。据介绍，该项目计划2026年12月开工改造建设，2027年9月建成投产，预计年销售收入10亿元。项目将主要生产动力柱型固态动力储能锂电池，产品广泛应用于工程装备、电动工具等新能源配套领域。5.3亿元！年产千吨固态电池电解质项目签约广东9月16日，年产千吨固态电池电解质（高性能特种陶瓷材料）项目正式签约落户广东省河源市和平县河源和平产业园区（阳明片区）三期。签约仪式上，广东省河源市和平县福和经济技术开发有限公司，与项目投资方宜宾市宸锋新材料科技有限公司，就项目落地事宜达成一致并完成签约。项目计划总投资5.3亿元，用地60亩，建设包含6条固态电池先进材料生产线的生产中心、国家级CNAS实验室和前沿研发中心，主营产品为氧化物固态电解质材料，主要应用于锂固态电池及固液混合电池领域。项目达产后预计年产值10亿元，年利税5000万元以上，可提供200多个岗位。项目计划2026年10月开始建设，预计2027年10月投产。宝马集团：第六代动力电池核心环节在中国实现本土化9月22日，宝马集团在沈阳生产基地动力总成工厂正式启动能量智控系统试生产。这标志第六代动力电池涉及的所有核心环节均将在中国实现全面本土化，涵盖技术研发、零部件供应、电芯制造，以及电池包和能量智控系统生产。斥资4.61亿元！港股公司拟购买蔚来汽车动力电池9月22日，国银金租发布公告，公司作为买方于当日与卖方蔚来汽车销售服务有限公司签署了动力电池购销框架协议，交易总价约为4.61亿元。交易完成后，国银金租将作为出租人与第三方承租人另行签订经营租赁合同，将采购标的以经营租赁模式出租给第三方承租人。国银金租表示，该协议的签署旨在增加公司在动力电池设备经营租赁市场的份额。山西晋城GWh级磷酸铁锂+超级电容构网型储能项目中标候选人公示9月22日，晋城云储500MW/1000MWh磷酸铁锂+50MW/30s超级电容构网型新型储能项目EPC中标候选人公示。第一中标候选人为中交第二航务工程局有限公司、三峡大学(湖北)设计咨询研究院有限责任公司，投标报价为138750万元；第二中标候选人为河南省国能建设集团有限公司、四川省创能工程勘察设计有限公司，投标报价为137175万元；第三中标候选人为本溪电力安装有限责任公司、昱能电力设计(河北)有限公司，投标报价为135450万元。据悉，项目招标人为晋城市云储能源科技有限公司，建设地点位于山西省晋城市陵川县，总占地面积约65亩。新建容量为500MW/1000MWh磷酸铁锂+50MW/30s超级电容储能电站一座，包含电池PCS一体化集装箱、箱逆变一体机、新建一座220kV升压站等。5亿元！福建泉州钠电池产业项目有新进展9月21日，泉州道驿云电源钠离子电池项目位于福建省泉州市安溪县湖头镇，入驻“安溪芯园”标准厂房，总投资5亿元，占地面积20亩。据悉，该项目于2026年9月签订协议，9月2日正式开工，目前正在进行厂房装修和设备安装调试，下一步将招聘员工并组建生产线，预计于2027年9月部分投产。该项目由泉州道驿云集团投资建设，采用CCS一体化设计，简化装配工艺，规划建设3条生产线，整合产业链生产模组，生产高性能钠离子电池材料，主要产品为钠离子电池正极材料。项目所生产的产品拥有全天候适用和蓄能上限高等优势，全面覆盖小动力、大动力及大规模储能三大应用场景。达产后，预计年产值可达10亿元。总投资8亿！合一创诚集成电路智能制造项目签约江苏溧阳9月20日，合一创诚集成电路智能制造项目签约仪式举行，标志着溧阳新能源动力电池及储能产业链补链强链再添关键重磅项目。据介绍，本次签约的集成电路智能制造项目总投资8亿元，项目全面投产后，可形成年产动力电池模组及储能电池模组FPCA96万平方米、PCBA产品60万平方米的产能规模，预计实现年销售收入15亿元、年税收5000万元，新增优质就业岗位1500个。超高镍全固态电池成果发布 两项核心技术取得突破9月20日，超高镍全固态电池成果发布会暨联合实验室签约揭牌仪式在四川大学眉山校区举行。活动现场，四川大学化学工程学院院长郭孝东发布了超高镍全固态电池技术成果。该成果有两大核心技术突破——其一，超高镍正极材料0.1C（倍率）放电比容量突破240mAh/g，优于当前市场最高水平；其二，固态电池能量密度突破400Wh/kg，循环寿命达到800次以上，综合性能处于行业领先水平。他介绍，该产品可广泛应用于新能源汽车、智能机器人、低空经济、航空航天、储能等战略新兴领域，市场应用前景广阔。同时，新能源电池全生命周期检测与标准化技术联合实验室正式揭牌。该联合实验室由四川大学化学工程学院、四川省产业技术研究转化有限公司与眉山投资控股集团有限公司合作共建。年产值达20亿！中铁建工业级电池PACK智能生产线项目正式投产近日，中铁建工业级电池PACK智能生产线项目正式投产。据介绍，该项目位于江苏相城区泗塘片区5G+智造工厂产业园，拥有1.2万平方米生产及办公空间，是辖区重点打造的高端工业级电池系统集成研发与制造基地。项目聚焦工业特种动力电池与储能电池系统集成领域，精准切入智慧矿山的纯电矿卡、纯电重卡、纯电机车、工程机械等电动化率不足20%的蓝海市场，同时布局工商业储能赛道，并配套建设高标准CNAS实验室，实现从电芯选型到系统集成的全流程质量管控。全面达产后，项目可形成年产2GWh工业级电池包的生产规模，预计年产值达20亿元。湖南年处理5万吨锂电负极材料回收项目公示近日，湖南省宁乡市发布湖南裕瓷能源科技有限公司年回收处理5万吨锂电池负极材料项目受理公示。据公示，该新建项目总投资5000万元，选址于长沙市宁乡经济技术开发区金洲大道西208 号(原佩达科技厂区)3#厂房，项目总占地面积为 7479.32㎡。本项目车间内部规划布局完善，在车间内设置预处理区（低温预处理/筛分/混料）、投料区、化浆区、酸洗区、清洗压滤区、烘干区、原料区、产品区、储罐区、污水处理区、中控区、纯水区、实验室等。项目利用已初步破碎加工的锂电池负极材料（石墨粉）进行酸洗提纯，项目分期进行建设，其中一期年处理2万吨锂电池负极材料，二期年处理3万吨锂电池负极材料，合计年回收处理5万吨锂电负极材料。年产3万吨旧磷酸铁锂电池资源化利用项目签约广西9月18日，由杭州中物宜顺科技有限公司投资建设的年产3万吨旧磷酸铁锂电池资源化利用项目签约。该项目的成功签约，是广西壮族自治区贵港市覃塘区紧扣“4+3”现代工业体系布局、做强新型能源产业的具体实践。据悉，该项目总投资约6亿元，计划用地约135亩，主要建设原料接收仓储、电池预处理、湿法回收、环保治理及配套公辅工程，属于新能源废旧资源循环利用优质产业项目。项目建成达产后，预计年产值7.85亿元，年纳税约7100万元，可提供就业岗位130个。浙江宁波年处理2万吨锂电池综合利用项目环评公示近日，浙江省宁波市生态环境局慈溪分局发布浙江三灵资源循环科技有限公司年处理2万吨锂电池综合资源利用项目生态环境影响评价公告。据悉，浙江三灵资源循环科技有限公司拟投资1.88亿元，分厂区实施年处理2万吨废旧锂电池综合资源利用项目。其中，厂区一：租赁宁波敦峰循环产业运营有限公司9号、11号闲置厂房，建设废旧锂电池包智能拆解生产线、全自动破碎分选生产线及配套环保设施；厂区二：新建厂房，建设三元与磷酸铁锂电池黑粉湿法浸出线、碳酸锂回收生产线、磷酸铁回收生产线及配套环保设施。项目建成后，具备年处理2万吨废旧锂电池的生产能力。湖南15亿元退役锂电池回收利用项目公示近日，湖南省常德市澧县人民政府发布了澧县高新技术产业开发区管理委员会关于《归秋环能科技（湖南）有限公司新能源循环经济及储能装备产业园项目（一期）》的公示。据公示信息显示，项目总投资15亿元，由山高新能源集团有限公司与湖南秋水长天环境能源科技有限公司联合投资，项目分两期推进，一期建设循环经济产业园，投资5亿元，建设年处理10万吨退役锂电池及光伏组件生产线；二期建设储能装备产业园，投资10亿元，规划年产1GWh储能装备产线。 END电池中国网相关业务联系 媒体宣传咨询 联系人：吴女士 手机：(86)***********（微信同号）邮箱：wulijuan@cbea.com 稿件咨询 联系人：闫先生 手机：(86)***********（微信同号）邮箱：yanzhigang@cbea.com 研究报告咨询 联系人：杜女士 手机：(86)***********（微信同号）邮箱：ducongcong@cbea.com 行业会议咨询 联系人：吴先生 手机：(86)***********（微信同号）邮箱：wumingshan@cbea.com联系人：吴女士 手机：(86)***********(微信同号)邮箱：wuke@cbea.com点击阅读原文，查看更多消息！阅读原文不喜欢电池行业一周要闻汇总。",,,,pending
不超5亿元！龙蟠科技拟投建全球总部及新能源新材料创新中心,电池中国,电池中国,"RIOnews API, 新材料, 正极材料, 投资, 发布",normal,2026-09-27T11:00:00+08:00,,倒计时 54 天CBIS2026第十一届动力电池应用国际峰会（CBIS2026）数智创新·协同布局-撬动全球新能源价值链2026年11月 中国·上海主办单位：电池中国网承办单位：壹能（北京）网络科技有限公司总 冠 名：武汉逸飞激光股份有限公司联合主办：深圳市中基自动化股份有限公司来源 | 财中社9月24日晚间，龙蟠科技发布公告，公司拟投资建设全球总部及新能源新材料人工智能智慧创新中心，投资金额不超过人民币5亿元。该项目将由龙蟠科技作为实施主体，不涉及其他投资方。项目建设地点为南京经济技术开发区仙新路以西、恒广路以南地块，公司已取得该地块土地使用权，土地用途为“科教用地（科技研发）”。龙蟠科技表,http://mp.weixin.qq.com/s?__biz=MzA3MzY0OTIzMQ==&mid=2661851591&idx=2&sn=44d1add403490ffbaefa8733dc984de2,,倒计时 54 天CBIS2026第十一届动力电池应用国际峰会（CBIS2026）数智创新·协同布局-撬动全球新能源价值链2026年11月 中国·上海主办单位：电池中国网承办单位：壹能（北京）网络科技有限公司总 冠 名：武汉逸飞激光股份有限公司联合主办：深圳市中基自动化股份有限公司来源 | 财中社9月24日晚间，龙蟠科技发布公告，公司拟投资建设全球总部及新能源新材料人工智能智慧创新中心，投资金额不超过人民币5亿元。该项目将由龙蟠科技作为实施主体，不涉及其他投资方。项目建设地点为南京经济技术开发区仙新路以西、恒广路以南地块，公司已取得该地块土地使用权，土地用途为“科教用地（科技研发）”。龙蟠科技表示，自公司布局锂电池正极材料业务以来，经营规模持续扩张。为支撑业务长远发展，公司持续加大新材料、锂电材料方向的研发投入。目前公司经营及研发场地有限，已不能满足公司业务日益发展的需要。本次投资项目的实施，可有效解决公司因业务增长带来的研发及办公场地不足问题，为公司长期发展战略的执行提供有力保证。 END电池中国网相关业务联系 媒体宣传咨询 联系人：吴女士 手机：(86)***********（微信同号）邮箱：wulijuan@cbea.com 稿件咨询 联系人：闫先生 手机：(86)***********（微信同号）邮箱：yanzhigang@cbea.com 研究报告咨询 联系人：杜女士 手机：(86)***********（微信同号）邮箱：ducongcong@cbea.com 行业会议咨询 联系人：吴先生 手机：(86)***********（微信同号）邮箱：wumingshan@cbea.com联系人：吴女士 手机：(86)***********(微信同号)邮箱：wuke@cbea.com点击阅读原文，查看更多消息！阅读原文不喜欢本次投资项目的实施，可有效解决公司因业务增长带来的研发及办公场地不足问题，为公司长期发展战略的执行提供有力保证。,,,,pending
2026H1中国无人机锂电池出货量排行榜,起点锂电,起点锂电,"RIOnews API, 新材料, 隔膜, 固态电池, 固液混合, 新型电池, 钠离子电池, 钠电, 合作进展, 融资, 投资, 合作, 比亚迪, 宁德时代, CATL, 亿纬锂能, 亿纬, 瑞浦兰钧, 瑞浦, 海辰储能, 海辰, 远景动力, 蜂巢能源, 蜂巢, 欣旺达, 孚能科技, 力神, 力神电池, 天津力神, 鹏辉能源, 楚能新能源, 楚能, 钠电池, 软包, 储能, 系统集成, 电力储能, BMS, 热失控, Pack, 电池包, 热管理, 电池回收, 负极材料, 电解液, 出货, 出货量, 装机, 装机量, 市占率, 市场份额, 排名, TOP10, 产能, GWh, 价格战, IPO, 并购, 出海, 本地化, 政策, 关税, 贸易壁垒, 发布, 快充技术, 快充, 送样, 认证, 量产, 落地",normal,2026-09-27T11:00:00+08:00,,近年来，伴随低空经济相关政策密集落地、无人机应用场景持续拓展，市场对配套电池的性能要求不断提升。SPIR数据显示2026H1中国无人机锂电池出货3.1GWh，同比增长28.5%，主要是因为工业级无人机应用需求提升、eVTOL 小批量装机试飞、以及头部电池厂无人机锂电池产品持续更新迭代的强有力支撑、满足无人机飞行需求，共同拉动无人机锂电池市场增长，预计2026全年/2030年中国无人机锂电池出货将达6.8GWh/22.6GWh。企业层面，竞争焦点正在从消费级电芯转向航空级高能量密度电池，ATL凭借与无人机头部知名品牌深度绑定继续稳居第一。亿纬锂能、欣旺达、孚能科技等企业在eVTOL适航认证电池包,http://mp.weixin.qq.com/s?__biz=MzI1MjEyODg2Mg==&mid=2649799987&idx=1&sn=569f1e06ee4aa0961546099cb80ccfcf,,近年来，伴随低空经济相关政策密集落地、无人机应用场景持续拓展，市场对配套电池的性能要求不断提升。SPIR数据显示2026H1中国无人机锂电池出货3.1GWh，同比增长28.5%，主要是因为工业级无人机应用需求提升、eVTOL 小批量装机试飞、以及头部电池厂无人机锂电池产品持续更新迭代的强有力支撑、满足无人机飞行需求，共同拉动无人机锂电池市场增长，预计2026全年/2030年中国无人机锂电池出货将达6.8GWh/22.6GWh。企业层面，竞争焦点正在从消费级电芯转向航空级高能量密度电池，ATL凭借与无人机头部知名品牌深度绑定继续稳居第一。亿纬锂能、欣旺达、孚能科技等企业在eVTOL适航认证电池包上密集送样。2026H1中国无人机锂电池出货CR5为64%，具备航空级技术储备和量产能力的头部厂份额正在缓慢上行。2026H1中国无人机锂电池出货量TOP10分别为ATL、格瑞普、欣旺达、亿纬锂能、珠海冠宇、天津力神、鹏辉能源、孚能科技、西安瑟福与中山世豹。《2026中国无人机锂电池行业调研报告目录》第一章 政策环境分析第一节 国家层面产业政策一、 低空经济顶层政策二、 无人机产业支持政策三、 动力电池新能源汽车相关政策外溢影响第二节 地方层面配套政策一、 深圳、广州、长三角低空经济示范区政策二、 电池产业集群与招商引资政策三、 地方无人机产业园布局第三节 行业标准与适航规范一、 无人机电池安全标准二、 电池适航认证要求三、 危险品运输标准第四节 国际政策与贸易环境一、欧盟新电池法二、美国关税与供应链安全政策三、国际无人机市场准入壁垒第二章 无人机锂电池市场规模第一节 全球市场规模一、2022—2025年市场规模与增速二、2026—2030年市场规模预测三、分区域市场结构第二节 中国市场规模一、 2025年出货量与产值二、2026—2028年增长预测三、细分应用市场结构占比第三节 市场驱动因素一、 低空经济政策红利释放二、物流配送与城市空中交通（UAM）需求三、工业级无人机渗透率提升第四节 成本与价格趋势一、电芯价格走势（2024—2026年）二、原材料成本传导分析三、规模效应下的降本路径第三章 竞争格局及重点企业分析第一节 整体竞争格局一、电芯原厂竞争格局二、成品电池品牌竞争格局三、2025年市占率排名第二节 重点电芯企业分析第三节 重点成品电池品牌分析第四节 产业链供应链分析一、上游原材料二、中游电芯制造与Pack集成三、下游无人机整机厂绑定关系第四章 无人机市场分析第一节 消费级无人机市场一、 市场规模二、主要整机厂三、 电池需求特征第二节 工业级无人机市场一、农业植保二、测绘与巡检三、物流配送四、安防应急与消防第三节 军用级无人机市场一、市场规模与增速二、电池技术要求三、主要供应商与国产化要求第四节 eVTOL与低空出行一、市场规模与产业化进度二、电池需求特征三、主机厂电池方案选型第五章 产品及技术发展趋势第一节 电芯技术趋势一、高倍率圆柱二、软包高能量密度三、全极耳/极速快充技术第二节 系统集成技术一、 智能BMS二、热管理系统三、快速换电与模块化设计第三节 能量密度与倍率性能一、当前量产水平二、 2027—2028年技术目标第四节 安全性技术一、本征安全设计二、热失控预警与防护三、电池防火阻燃材料第六章 固态电池及钠电池在无人机领域应用第一节 固态电池在无人机领域应用一、技术优势二、产业化进度三、目标场景（eVTOL载人、长航时物流、高空无人机）四、 代表企业第二节 钠电池在无人机领域应用一、技术优势二、技术局限三、适用场景四、代表企业第三节 混合电池方案一、锂钠混配（主电池锂电+辅助钠电）二、固液混合（半固态过渡方案）三、场景适配建议第七章 行业SWOT分析第一节 优势（Strengths）一、中国锂电池产业链全球最完整二、制造成本优势与规模化能力三、无人机整机产业集群支撑第二节 劣势（Weaknesses）一、高端高倍率电芯部分依赖日系二、行业标准与认证体系不完善三、中小厂同质化竞争、价格战第三节 机会（Opportunities）一、国家低空经济战略带来千亿级新增市场二、eVTOL商业化打开高能量密度电池增量三、军用无人机国产化替代第四节 威胁（Threats）一、国际贸易壁垒与供应链脱钩风险二、固态电池等技术路线变革冲击三、上游锂、镍原材料价格波动起点研究院SPIR简介：起点研究院SPIR 是起点研究旗下的独立第三方新能源产业研究机构和产业智库，成立于2015年，总部位于深圳，SPIR研究团队在新能源产业领域有超过15年的深厚研究经验、数据报告和前沿成果积累，主要研究覆盖锂电池、钠电池、固态电池、储能、AIDC、新能源车、新材料、智能装备、电动船舶、低空经济、充换电等相关产业领域，服务过超过三星、LG、奔驰、松下、村田、浦项化学、大众、宝马、宁德时代CATL、比亚迪、中国化学、中国石化、亿纬锂能、先导智能、阳光电源、星云股份、科陆电子、特变电工、奇点能源、海尔新能源、新能安、瑞浦兰钧、赣锋锂业、楚能新能源、远景动力、星源能投、多氟多、弘正储能、星翼能源、优旦科技、中天储能、超力源、沛城科技、银高储能、华阳股份、维科技术、海四达、易事特、同兴科技、蜂巢能源、融捷能源、德赛电池、上海航天电源、星恒电源、天能、烟台力华、天能、超威、恩捷股份、中材科技、富临精工、德方纳米、金力股份、海科新源、科恒股份、诺德股份、华创新材、东阳光、逸飞激光、格林晟、杭可科技、嘉拓智能等超过1000+全球领先新能源企业。SPIR主要提供的咨询服务产品有：锂电/钠电/固态电池/新能源汽车/储能/AIDC等各细分领域行业调研报告、行业白皮书报告、常态化月度及季度数据库和装机量数据库订阅、细分市场深度调研/竞争对手对标/行业可行性调研/尽职调研等定制化深度调研咨询、锂电/钠电/固态电池/新能源汽车/储能/AIDC等产业园区规划报告、高端人才智库、投融资咨询、市场及产品战略咨询等。起点研究院SPIR行业研究咨询标杆合作客户（以下排名不分先后）：三星、LG、奔驰、松下、村田、浦项化学、吉利、大众、宁德时代CATL、ATL、新能安、比亚迪、巴斯夫、亿纬锂能、先导智能、瑞浦兰钧、赣锋锂业、楚能新能源、远景动力、海辰储能、蜂巢能源、融捷能源、德赛电池、上海航天电源、星恒电源、天能、烟台力华电源、阳光电源、比克电池、力神电池、派能科技、多氟多新能源、鹏辉能源、创明新能源、博力威、横店东磁、海四达、华阳股份、远东股份、海雷新能源、小哈换电、天赐材料、恩捷股份、中材科技、富临精工、德方纳米、金力股份、海科新源、科恒股份、诺德股份、华创新材、东阳光、逸飞激光、格林晟、杭可科技、嘉拓智能、诚捷智能、鹏锦智能、宏工科技、日联科技、超业精密、吉阳智能、海康智能、中汽数据、中泽科技、孚悦科技、中瑞股份、有研广东院、天石科丰、博粤新材、因势新材料、同兴科技、易事特、恒大高新、科达制造、时代思康、泰和科技、珈钠能源、佰思格、双环科技、钠创新能源、天能钠电、海四达钠星、隐功科技、特变电工、奇点能源、星源能投、多氟多储能、弘正储能、星翼能源、微慕科技、沛城科技、优旦科技、科陆电子、阳光电源、远景能源、申万宏源证券、中化学南投、中国石化等一、机构概况及优势- 全称：深圳市起点研究咨询有限公司（起点研究院/SPIR）- 成立：2015年，总部深圳- 定位：专注新能源及新材料产业链的第三方研究机构与产业智库- 核心领域：锂电池、钠电池、固态电池、储能、新能源汽车、充换电、新能源材料、新能源设备和电池回收等- 服务客户：全球头部新能源企业、投资机构、政府、产业链企业- 团队经验：新能源产业15年+研究与数据积累。二、核心数据产品（订阅/采购）行业数据库（月度/季度/年度）- 新能源电池及储能全产业链数据库- 动力电池/新能源汽车装机量数据库- 储能行业及企业数据库- 钠电行业及企业数据库- 固态电池行业及企业数据库- 锂电材料/设备细分数据库（如导电剂、隔膜、干燥设备等）行业报告与白皮书- 年度/季度行业白皮书（全球/中国锂电、钠电、储能、固态电池等）- 细分赛道深度报告（材料、设备、应用场景）- 企业对标/竞争格局报告- 月度/季度数据快报与榜单（出货量、市场份额、产能排名）三、定制化咨询服务市场与行业研究- 定制化市场/行业/技术/企业调研报告- 产业链供需、成本、价格、竞争格局分析- 技术路线与趋势研判- 细分赛道进入可行性评估企业战略与运营- 产能规划、产线技术咨询- 供应链优化、供应商/客户调研- 出海战略与本地化落地咨询- 高端人才智库与团队搭建建议政府与资本服务- 地方政府新兴产业规划、园区定位报告- 项目可行性研究、投资价值评估- 融资/IPO/增发/并购尽调与数据支持- 产业政策解读与影响分析品牌与活动服务- 品牌宣传策划、行业榜单发布- 高端峰会/论坛策划与执行- 产业媒体内容与数据合作四、服务优势- 数据权威：全产业链一手调研+企业直采+渠道验证，高频更新- 深度覆盖：从材料、设备、电芯到系统、应用、回收全链条- 定制灵活：按客户需求提供专项数据、报告、咨询方案- 落地性强：结合产业实操经验，输出可执行策略与数据支撑。《2026 -2030全球锂电池行业研究报告》目录第一章 锂电池产业相关概述第一节 锂电池定义及产业链一、锂电池定义二、锂电池工作原理三、锂电池产业链情况第二节 锂电池的分类第三节 锂电池生产制备工艺第二章 全球锂电池行业发展概况分析第一节 日本锂电池行业发展分析一、日本新能源汽车发展政策二、日本锂电池发展战略第二节 韩国锂电池行业发展分析一、韩国新能源汽车相关政策二、韩国电池相关政策及规划三、韩国新能源汽车和动力电池回收利用政策四、韩国锂电池产业链企业第三节 欧洲锂电池行业发展分析一、欧洲新能源汽车相关政策二、欧洲锂电池相关政策第四节 美国锂电池行业发展分析一、美国新能源汽车相关政策二、美国锂电池行业发展分析第五节 中国锂电池行业发展分析一、中国新能源汽车相关政策二、中国锂电池相关政策及规范第三章 全球锂电池行业市场发展分析第一节 全球锂电池市场规模分析第二节 全球锂电池企业竞争格局分析第三节 全球新能源汽车行业发展分析第四节 全球动力锂电池市场分析第五节 全球动力锂电池技术发展分析一、不同动力电池性能对比二、动力电池技术路线发展趋势三、新型电池技术路线分析第六节 全球锂电池产能规划第四章全球重点锂电池重点企业分析第一节 日本主要锂电池生产厂家分析第二节 韩国主要锂电池生产厂家分析第三节 中国主要锂电池生产厂家分析第四节 欧洲主要锂电池生产厂家分析第五节 美国主要锂电池生产厂家分析第六节 其他国家主要锂电池生产厂家分析第五章全球储能锂电池发展分析第一节 全球储能锂电池发展分析一、储能行业定义及分类二、储能行业产业链分析三、全球储能锂电池市场特点分析四、全球储能锂电池产品价格及成本分析五、全球储能锂电池行业市场规模分析六、全球储能锂电池发展趋势分析第二节 全球通信基站储能锂电池行业发展分析一、全球及中国通信储能锂电池行业发展分析二、全球及中国通信储能锂电池技术发展分析三、全球及中国通信储能锂电池市场规模分析四、全球及中国通信储能锂电池行业发展趋势分析第三节 全球电力储能锂电池行业发展分析一、全球及中国电力储能锂电池行业发展分析二、全球及中国电力储能锂电池技术发展分析三、全球及中国电力储能锂电池市场规模分析四、全球及中国电力储能锂电池竞争格局分析第四节 全球储能锂电池竞争格局分析第六章 全球消费锂电池发展分析第一节 全球消费行业发展分析一、3C数码行业二、电动两轮车行业三、电动工具行业第二节 全球消费锂电池市场分析第三节 全球消费锂电池竞争格局分析第四节 全球消费锂电池技术发展分析第七章 全球锂电池产业价值链分析第一节 上游矿产资源分析（镍、钴、锂等）一、全球锂矿分布概况二、全球钴资源分布情况三、全球镍资源分布情况第二节 锂电池主要材料市场发展分析一、全球锂电池正极材市场概况二、锂电池负极材料市场概况三、锂电池隔膜市场概况四、锂电池电解液市场概况第三节 锂电池设备市场发展分析一、前段制片设备市场分析二、中段封装设备市场分析三、后段检测设备市场分析四、主要设备企业情况第八章 锂电池回收行业发展分析第一节 锂电池回收产业链分析第二节 回收行业价格分析第三节 汽车动力电池再生利用总市场规模分析第四节 锂电池回收行业竞争格局分析第五节 汽车动力电池回收市场趋势分析第九章 全球锂电池行业发展趋势分析第一节 技术发展趋势第二节 市场发展趋势第二节 投资发展趋势附录：全球锂电池产业链主要企业名录第一节锂电池产业链简介第二节 锂电池企业名录,,,,pending
离谱！OpenAI智能体失控时，竟还想叫DeepSeek、Kimi和Qwen等中国大模型“帮忙”,科技日报,科技日报,"21C API, 发布",normal,2026-09-27T10:46:17+08:00,,◎ 科技日报记者 胡定坤据《纽约时报》9月25日报道，美国科技企业Parse的研究人员日前发布报告，披露了今年7月OpenAI失控智能体入侵开源模型托管平台Hugging Face的技术细节。其中特别值得注意的是，OpenAI失控智能体在实施网络攻击时曾请中国开源大模型提供帮助。OpenAI失控智能体与中国大模型“沟通”的证据。图片来源：Parse报告报告中明确写道，OpenAI失控智能体曾向DeepSeek、Kimi、通义千问等多款中国开源大模型发送请求，请这些模型评估它的“漏洞利用情况”，并判断其是否满足基准测试的要求。换句话说，OpenAI失控智能体通过入侵Hugging Face在基准,http://mp.weixin.qq.com/s?__biz=MzI3NDI5MjI4OQ==&mid=2247899720&idx=1&sn=246b0bbe3e0464cf2f6dd43fcdfb349a,,◎ 科技日报记者 胡定坤据《纽约时报》9月25日报道，美国科技企业Parse的研究人员日前发布报告，披露了今年7月OpenAI失控智能体入侵开源模型托管平台Hugging Face的技术细节。其中特别值得注意的是，OpenAI失控智能体在实施网络攻击时曾请中国开源大模型提供帮助。OpenAI失控智能体与中国大模型“沟通”的证据。图片来源：Parse报告报告中明确写道，OpenAI失控智能体曾向DeepSeek、Kimi、通义千问等多款中国开源大模型发送请求，请这些模型评估它的“漏洞利用情况”，并判断其是否满足基准测试的要求。换句话说，OpenAI失控智能体通过入侵Hugging Face在基准测试中“作弊”，还要中国大模型评估这种作弊方式能否“得分”。OpenAI失控智能体要中国大模型评估其“漏洞利用情况”。图片来源：Parse报告同时，OpenAI失控智能体还试图与 GPT-2、Claude 3 Haiku等美国大模型进行一些其他交流。它甚至运行了一个用于识别图像的AI模型，试图完成验证码操作，以在Hugging Face上创建新账户。《纽约时报》在报道中称，这些失控智能体似乎对自行运行AI模型很感兴趣。报告还着重描述了OpenAI失控智能体是如何“精心设计”，以获取互联网读写权限的。开始时，失控智能体发现了一个允许访问互联网的漏洞，但通过该漏洞只可读取网站内容，难以向网站发送数据。最终，失控智能体“想出了”一个方案。简单来说，失控智能体将代码插入到网址的末尾，再将网址链接交给一个截图网站，这个网站会打开网址截图，在此过程中就会运行被插入的代码。由于网址中能插入的代码长度有限，失控智能体将大型程序拆成许多小片段，每个片段可以指向下一个片段，从而形成链条。截图网站只要打开第一个链接就会自动跟着整个链条，把代码拼接完整并执行。而执行的结果又会以图片形式被截图网站“拍照”，供失控智能体读取。此外，报告还包括OpenAI失控智能体消除入侵痕迹等诸多内容。“这些智能体干了太多事，它们太聪明了。”AI安全非营利组织Palisade Research的执行董事杰弗里·拉迪什在接受媒体采访时说道。来源：科技日报 封面图来自视觉中国编辑：王曼茜审核：张爽,,,,pending
中科院理化所《自然·通讯》：氟凝胶，破解热界面材料“导热与接触热阻”矛盾,高分子科学前沿,高分子科学前沿,"RIOnews API, 聚合物新材料, 凝胶, 学术研究, 科学院, 研究所",normal,2026-09-27T10:45:17+08:00,,随着人工智能与微电子器件向小型化、高集成方向快速发展，高效热管理已成为紧迫需求。热界面材料（TIMs）作为热源与散热器之间的“热桥”，其性能直接决定高熱流电子器件的运行稳定性与寿命。然而，现有TIMs长期面临一个核心矛盾：提高本征热导率往往以牺牲界面浸润性为代价，导致接触热阻居高不下。传统导热硅脂虽浸润性好，但高填料含量下黏度剧增、易团聚；热界面垫则缺乏界面自适应能力，易在界面处残留空气间隙。如何在同一材料体系中同时实现高导热与低接触热阻，成为该领域亟待突破的瓶颈。针对这一挑战，中国科学院理化技术研究所王树涛研究员、赵紫光研究员合作，开发了一种具有支化型纳米簇结氟网络的热界面氟流体凝胶纳米复合,http://mp.weixin.qq.com/s?__biz=MzA5NjM5NzA5OA==&mid=2652074335&idx=3&sn=642c1a9a581c28d8c7b4053748add163,,"随着人工智能与微电子器件向小型化、高集成方向快速发展，高效热管理已成为紧迫需求。热界面材料（TIMs）作为热源与散热器之间的“热桥”，其性能直接决定高熱流电子器件的运行稳定性与寿命。然而，现有TIMs长期面临一个核心矛盾：提高本征热导率往往以牺牲界面浸润性为代价，导致接触热阻居高不下。传统导热硅脂虽浸润性好，但高填料含量下黏度剧增、易团聚；热界面垫则缺乏界面自适应能力，易在界面处残留空气间隙。如何在同一材料体系中同时实现高导热与低接触热阻，成为该领域亟待突破的瓶颈。针对这一挑战，中国科学院理化技术研究所王树涛研究员、赵紫光研究员合作，开发了一种具有支化型纳米簇结氟网络的热界面氟流体凝胶纳米复合材料（TIF）。该材料利用全氟聚醚前驱体与异佛尔酮二异氰酸酯的氨酯化反应，构建了由氢键纳米簇作为物理交联点、支化氟链作为悬垂链段的拓扑网络。得益于氢键纳米簇的热可逆缔合-解离行为，TIF在玻璃化转变温度以上可转变为流体态，实现界面保形浸润；同时，微米级Al₂O₃与纳米级MgO组成的导热纳米复合材料构建了高效热通路。最终，TIF实现了5.89 W·m⁻¹·K⁻¹的高热导率和0.15 cm²·K·W⁻¹的低接触热阻，并兼具189.3 kPa的粘附强度、220.3 J·m⁻²的粘附能、约3.91 J·cm⁻¹的冲击耐受性，以及-80°C至300°C的热稳定性和超过24 kV/mm的击穿强度。相关论文以“Branched-type nanocluster-junction fluorofluidic-gels for interface-adaptive thermal conduction and mechanical resistance”为题，发表在Nature Communications上。从材料设计来看，TIF的独特之处在于其拓扑结构与传统交联网络或瓶刷网络截然不同。通过氨酯化反应，HO-PFPE-OH衍生的线性氟主链桥接分散的氢键纳米簇结以维持网络完整性，而PFPE-OH衍生的支化低聚氟链则作为悬垂链段，充当低表面能、溶剂状链段，改善对导热颗粒的润湿性并提高其负载量（图1b）。当TIF置于低于玻璃化转变温度的热界面时，氢键纳米簇使网络呈准固态，不灵活的结构会捕获空气间隙导致高接触热阻；而加热至转变温度以上时，纳米簇解离，氟网络转变为流体态，触发界面浸润，保形消除空气间隙，实现紧密接触（图1c）。功能对比显示，TIF在热导率、接触热阻、粘附强度、能量吸收和击穿场强等维度上均优于商用导热硅脂和氟弹性体。图1｜热界面氟流体凝胶（TIF）的结构设计与功能特性。 a 展示TIF纳米复合材料热传输应用的照片。b TIF纳米复合材料制备策略的示意图。c TIF在热界面上的热响应浸润过程，以及支化结氟网络中氢键纳米簇的可逆转变行为，并与交联氟网络进行对比分析。d TIF、商用导热硅脂和氟弹性体的功能特性。研究进一步揭示了氢键纳米簇的热响应机制与界面粘附特性。分子动力学模拟表明，相分离纳米簇在20°C下呈现明显的氢键交联网络，对应准固态；80°C下氢键随纳米簇解离而断裂，转变为无序流体态（图2a）。TIF₀.₂₅的结合能从2568 kJ·mol⁻¹降至1756 kJ·mol⁻¹，降幅达812 kJ·mol⁻¹，而聚醚网络仅下降545 kJ·mol⁻¹，证明氢键是热响应性的关键（图2b）。SAXS结果显示，从TIF₁到TIF₀，峰中心从0.116 Å⁻¹移至0.092 Å⁻¹，簇间距从5.4 nm增至6.83 nm，纳米簇尺寸从5.73 nm减小至3.76 nm，表明PFPE-OH含量越高，纳米簇越致密、氢键越强（图2d、2e）。粘附测试表明，TIF₀.₂₅兼具189.3 kPa的粘附强度和220.3 J·m⁻²的粘附能，在80°C与20°C之间10次循环后粘附强度可逆恢复（图2i），且在玻璃、PTFE、木材、铝、不锈钢和硅橡胶等多种基材上均保持超过162.3 kPa的粘附强度（图2k）。图2｜支化结纳米簇氟网络和界面粘附特性的表征。 a 氢键纳米簇在准固态和流体态下的分子动力学模拟快照。b TIF₀.₂₅和聚醚网络在20°C和80°C下的结合能。c 不同TIFs的流动活化能。d 不同TIFs的SAXS曲线。e 不同TIFs的纳米簇尺寸和间距。f TIF₀.₂₅在20°C和80°C下的SAXS曲线。g 不同TIFs的力-位移曲线。h 不同TIFs的粘附能和粘附强度。i TIF₀.₂₅在80°C和20°C之间10次温度循环中的可逆粘附强度。j TIF₀.₂₅在不同基材上的粘附强度。k TIF₀.₂₅与不同基材粘附的照片。l TIF₀.₂₅在不同温度下的粘附强度。在机械耐受性与绝缘性能方面，TIF的支化结氟网络通过柔性支化氟链的构象拉伸和缠结耗散能量，使其在重锤冲击下保持完好并迅速回弹（图3a）；涂覆TIF₀.₂₅的玻璃基板在重击下无可见损伤，而未保护玻璃则破碎（图3b）。流变测试显示，TIF₀.₂₅的储能模量在0.1至100 Hz范围内从859 Pa增至136,620 Pa，增强159倍，损耗因子从3.17降至0.44，实现从粘性主导到弹性主导的转变（图3c、3d）。落锤冲击测试中，TIF₀.₂₅的冲击能量吸收达约3.91 J·cm⁻¹，显著高于PU的1.85 J·cm⁻¹和硅橡胶的1.53 J·cm⁻¹（图3f）。此外，TIF₀.₂₅在300°C下重量损失仅约1%，150°C下交流电导率低于1×10⁻¹⁵ S/cm，击穿电压达24 kV/mm，兼具热稳定性和电绝缘性（图3g、3h）。图3｜TIF的界面机械耐受性和绝缘特性。 a、b 展示TIF₀.₂₅在重锤冲击下的冲击增稠行为和基板保护能力。c、d 不同TIFs的频率扫描流变曲线及损耗因子变化。e 不锈钢、硅橡胶、PU和TIF₀.₂₅的冲击力衰减。f 硅橡胶、PU和TIF₀.₂₅的冲击能量吸收。g TIF₀.₂₅的电导率和热重分析。h 不同纳米复合材料含量的TIF₀.₂₅的击穿场强。热传导性能的系统评估验证了TIF的实际应用潜力。SEM图像显示，20°C下商用TIMs界面存在明显空气间隙，80°C下仅部分减少；而TIF₀.₂₅在80°C下通过纳米簇解离转变为流体态，保形浸润表面粗糙结构，无可见间隙（图4b）。有效热阻测试表明，TIF₀.₂₅在35°C以下保持2.05 cm²·K·W⁻¹以上，35°C以上发生相变，有效热阻急剧降至0.336 cm²·K·W⁻¹，85°C下进一步降至0.29 cm²·K·W⁻¹（图4c）。当导热纳米复合材料含量达60 wt%时，TIF₀.₂₅热导率达5.89 W·m⁻¹·K⁻¹（图4d），接触热阻在50 psi下低至0.15 cm²·K·W⁻¹，优于热界面润滑脂、相变复合材料和热界面垫（图4e、4f）。实际散热测试中，TIF₀.₂₅将热界面温度降至75.0°C，比商用导热硅脂低10°C（图4g）。经过1000次20至85°C热循环后，热导率保持5.86 W·m⁻¹·K⁻¹，粘附强度保留99%以上，展现出优异的长期运行稳定性（图4h）。图4｜TIF的热传导性能。 a 热实验装置示意图。b 商用热界面润滑脂和TIF₀.₂₅在不同温度下的截面SEM图像。c 不同TIMs的有效热阻随温度的变化。d TIF₀.₂₅的热导率随纳米复合材料含量的变化。e 不同TIFs的接触热阻随施加压力的变化。f TIF与其他绝缘热界面材料的性能比较。g 不同TIMs的温度随加热时间的演变及红外热图像。h TIF₀.₂₅在1000次热循环中的温度变化。综上所述，本研究通过调控氟网络拓扑与氢键纳米簇结构，成功设计了一种兼具界面自适应热传导与机械耐受性的支化结纳米簇氟流体凝胶。TIF₀.₂₅在热响应行为、粘附性能和机械耐受性之间实现了最佳平衡，其高热导率、低接触热阻、可逆粘附、抗冲击和电绝缘等综合性能，为高功率电子器件在反复热循环和机械干扰下的热管理提供了有前景的解决方案。作为一种先进的自适应热界面材料，TIF有望进一步拓展电子器件的散热边界。阅读原文不喜欢随着人工智能与微电子器件向小型化、高集成方向快速发展，高效热管理已成为紧迫需求。",,,,pending
浙江大学《自然·通讯》：新型硅酮气凝胶，超弹、辐射制冷、防火隔热三合一！,高分子科学前沿,高分子科学前沿,"RIOnews API, 聚合物新材料, 聚酰亚胺, 凝胶, 学术研究, 大学, 教授",normal,2026-09-27T10:45:17+08:00,,气凝胶因其极低密度和优异隔热性能，自20世纪30年代问世以来在热管理与热防护领域备受关注。然而，传统气凝胶面临根本性矛盾：陶瓷、碳和金属气凝胶虽本征不可燃，却脆性大、成本高，且火焰暴露后隔热效率显著衰减；聚合物气凝胶虽成本低、柔韧性好，却易在火焰下结构坍塌、迅速丧失隔热能力。硅酮气凝胶因Si—O键主链兼具热稳定性和机械柔韧性，且可陶瓷化，但其现有体系仍难以同时实现高孔隙率、机械回弹性和持续热防护——长链前驱体路线易孔塌缩，短链溶胶-凝胶路线则形成脆性网络；火焰下陶瓷化层热导率较高且常开裂，反而增强热传递。针对上述难题，浙江大学柏浩教授、高微微副教授合作，构建了一种由连续硅酮基体与原位形成的二氧,http://mp.weixin.qq.com/s?__biz=MzA5NjM5NzA5OA==&mid=2652074335&idx=4&sn=8029f8bdb829e4f61563ce814064cc2c,,"气凝胶因其极低密度和优异隔热性能，自20世纪30年代问世以来在热管理与热防护领域备受关注。然而，传统气凝胶面临根本性矛盾：陶瓷、碳和金属气凝胶虽本征不可燃，却脆性大、成本高，且火焰暴露后隔热效率显著衰减；聚合物气凝胶虽成本低、柔韧性好，却易在火焰下结构坍塌、迅速丧失隔热能力。硅酮气凝胶因Si—O键主链兼具热稳定性和机械柔韧性，且可陶瓷化，但其现有体系仍难以同时实现高孔隙率、机械回弹性和持续热防护——长链前驱体路线易孔塌缩，短链溶胶-凝胶路线则形成脆性网络；火焰下陶瓷化层热导率较高且常开裂，反而增强热传递。针对上述难题，浙江大学柏浩教授、高微微副教授合作，构建了一种由连续硅酮基体与原位形成的二氧化硅网络增强的混合硅酮气凝胶。该框架稳定了高孔隙结构，使气凝胶兼具低热导率和显著机械回弹性。火焰暴露下，孔壁发生原位纳米中空化陶瓷化，生成大量纳米孔，形成稳定多孔陶瓷屏障而非致密导电残渣。与聚合物气凝胶通常因火焰导致隔热恶化的现象相反，该气凝胶陶瓷化后热导率从约28.6降至约22.8 mW/(m·K)。10 mm薄板在约1300°C火焰下可使其背面温度至少在25分钟内保持在120°C以下，远超传统聚合物气凝胶（相同条件下5分钟内即超过250°C）。此外，该气凝胶还实现了7.7°C的日间辐射制冷温降，太阳反射率95.4%，红外发射率96.4%。这项工作为构建兼具持续热防护与高效热管理的多功能气凝胶建立了通用策略。相关论文以“Mechanically resilient, hybrid silicone aerogel for thermal insulation, daytime radiative cooling and sustained flame protection”为题，发表在Nature Communications上。这一气凝胶的制备原理与核心机制，源于乳液液滴与二氧化硅溶胶的协同组装（图1a）。研究者以DBSA同时作为表面活性剂和酸催化剂制备D4微乳液，在油水界面发生阳离子开环聚合（图1b），生成羟基锚定的高分子量硅酮链；随后引入TEOS水解缩合形成二氧化硅溶胶，并与硅酮链缩合实现界面粘附（图1c）。冷冻过程中，冰晶生长驱动乳液液滴与二氧化硅溶胶共组装（图1d），液滴融合为连续硅酮相，二氧化硅则沿液滴界面互连成增强骨架，形成混合孔壁结构（图1e），最低密度可达约0.012 g/cm³。这一结构赋予气凝胶独特的自适应热防护行为：火焰下，二氧化硅网络作为稳定支架保持结构完整，而硅酮基体热降解氧化，通过原位纳米中空化在胞壁内留下大量约100 nm的纳米孔（图1f、1g）。这些纳米孔与空气分子平均自由程（约70 nm）相当，通过克努森效应抑制气相传导并降低固相传导，从而避免传统陶瓷化层热导率升高的弊端。图1 | 硅酮气凝胶制备及原位纳米中空化过程示意图。 a 制备过程示意图。b D4乳液液滴开环聚合（ROP）示意图。c 水相反应示意图，包括TEOS的水解、缩合和接枝。d 冷冻组装过程及所得混合孔壁示意图。e 混合孔壁示意图。f 原位纳米中空化示意图。g 火焰诱导的混合孔壁演化示意图。气凝胶的机械行为并非简单取决于二氧化硅含量，而更取决于其在硅酮基体内的空间组织方式（图2a）。二氧化硅不足会导致干燥时严重收缩；适中含量与适当反应时间下形成兼具刚性和应力耗散的混合孔壁，获得高孔隙率和可逆弹性变形；过量二氧化硅则导致脆性断裂；反应时间过长则产生局部脆性区域，引发塑性变形（图2b、2c）。图2d进一步以反应时间与交联剂/直链硅酮摩尔比的相图，将体系划分为四个区域。直接掺杂二氧化硅纳米颗粒的对照样品出现严重收缩和框架坍塌，证明简单颗粒填充无法重现该结构。界面硅醇缩合形成的共价偶联是实现有效应力传递、抑制孔塌缩的关键。通过调节乳液浓度，孔隙率可从75%提升至99%。图2 | 硅酮气凝胶的形成与调控。 a 在二氧化硅不足、适中、过量和过度生长条件下形成的孔壁结构示意图。米色表示富硅酮基体，白色表示二氧化硅框架。b 对应光学图像和SEM图像。c 弹性变形、弹性变形、脆性断裂和塑性变形的光学图像。d 反应时间与交联剂/直链硅酮摩尔比的相图，根据孔隙率和机械性能分为四个区域。n表示物质的量。优化后的气凝胶具有明确的蜂窝状结构（图3a、3b），孔径主要分布在10—100 μm。TEM显示连续硅酮基体内存在纳米级相分离，形成“海-岛”形态（图3c），EDS映射证实二氧化硅网络优先分布在富硅酮域周围（图3d）。力学上，气凝胶可从95%压缩中完全恢复（图3e），承受拉伸、扭转和卷起（图3f），且从第100次到第10000次循环应力-应变滞后环几乎不变，表现出出色的抗疲劳性能（图3g）。室温热导率低至28.6 ± 1.2 mW/(m·K)，优于商用聚氨酯泡沫；在-150至250°C宽温域内保持结构完整性和超弹性（图3h），热稳定性高达350°C，克服了硅酮气凝胶中隔热与机械回弹性之间的长期权衡（图3i）。图3 | 结构表征、机械和热性能。 a 硅酮气凝胶的光学图像。b 硅酮气凝胶多孔结构的SEM图像。c 超薄孔壁切片的TEM图像，揭示连续硅酮基体内的局部纳米级相分离。d 孔壁内硫（S）分布的EDS映射。e 不同最大应变下加载-卸载循环的压缩应力-应变曲线。f 展示气凝胶扭转和卷起的连续光学图像。g 在20%应变下从第100次到第10000次加载-卸载循环记录的循环压缩应力-应变曲线，显示长期结构耐久性。h 在-150°C和250°C冷热台上显示高压缩性的连续光学图像。上下温度条分别为-30°C—10°C和25°C—250°C。i Ashby图，比较本硅酮气凝胶与通过各种常规方法制备的各种硅酮基泡沫和气凝胶的热导率和弹性可恢复应变。在火焰防护方面，800°C处理后气凝胶保持结构完整，孔壁形成纳米中空结构：新生成的二氧化硅颗粒锚定在骨架上，纳米孔从原始富硅酮区域出现（图4a、4b）。时间分辨SEM显示，光滑壁在2秒后形成凹坑，10秒后形成开放纳米孔，随后粗化烧结。陶瓷化后热导率不升反降，从约28.6降至约22.8 mW/(m·K)，表明其转变为热效率更高的陶瓷屏障（图4c）。在约1300°C丁烷火焰下（图4d），10 mm厚板连续暴露25分钟后背面温度仍低于120°C（图4e）；相同条件下商用硅酮气凝胶迅速升至约270°C并形成严重开裂残渣，温差约150°C（图4g）。红外光谱揭示了沿厚度方向的化学转变梯度（图4f）。花试验中，置于混合气凝胶上的花保持完好，而商用气凝胶或PU泡沫上的花迅速受损（图4i）。该气凝胶在火焰防护方面表现出报道气凝胶中最高的单位厚度温降之一（图4h）。图4 | 火焰诱导的原位纳米中空化与持续热防护。 a 陶瓷化前后的光学图像。b 陶瓷化硅酮气凝胶的SEM图像，揭示无机骨架以及在二氧化硅网络支撑下硅酮相挥发和氧化转化形成的纳米孔。c 陶瓷化前后硅酮气凝胶的热导率。误差棒表示标准差（SD），数据表示平均值±SD（n=3个样品）。d 用于防火性能评估的实验装置示意图。e 防火测试期间记录硅酮气凝胶背面温度的连续红外热像图和光学图像。f 不同区域的IR光谱。g 火焰抵抗测试期间不同硅酮气凝胶样品的背面温度曲线。插图显示了火焰下常规硅酮气凝胶的开裂情况。h 与报道文献的火焰暴露防护性能比较。PI聚酰亚胺，GO氧化石墨烯，MMT蒙脱土，BN氮化硼，MEG改性膨胀石墨，POSS多面体低聚倍半硅氧烷，MWCNT多壁碳纳米管，MXene二维过渡金属碳化物或氮化物，ZB硼酸锌，APP聚磷酸铵。i 混合硅酮气凝胶和常规硅酮气凝胶火焰暴露防护的连续光学图像，以及冲击后陶瓷化的光学图像。除热防护外，该气凝胶在被动日间辐射制冷方面同样表现突出。Si—O—Si主链的强振动与大气窗口自然对齐，赋予材料高选择性发射率（图5a）；超高孔隙率和混合孔壁结构则提供95.4%的太阳反射率和96.4%的大气窗口发射率（图5b）。户外测试中，气凝胶在11:00至17:00最热时段保持低于环境温度，最大温降达7.7°C，夜间最大温降2.1°C（图5c）。缩尺舱室对比实验中，硅酮气凝胶遮蔽的舱室内部温度比空白舱室低7.1°C，优于白色涂料和铝箔面气凝胶（图5d、5e）。该气凝胶还兼具疏水性、抗紫外/臭氧性和防火安全性（图5f），并可通过优化参数实现常压干燥规模化制备，大尺寸样品已可制得（图5g）。图5 | 硅酮气凝胶的辐射冷却性能。 a 硅酮气凝胶中化学键或官能团在大气透射光谱范围内的光谱。b 硅酮气凝胶相对于AM 1.5太阳光谱和实际大气窗口的反射率和发射率光谱。AM 1.5，空气质量1.5太阳光谱。c 户外辐射冷却测试中的温度变化。d 暴露于阳光下，覆盖硅酮气凝胶、白色涂料、铝箔面硅酮气凝胶和无覆盖的舱室照片和红外热像图。e 不同覆盖下舱室的内部温度曲线。f 硅酮气凝胶在被动建筑冷却中的应用和工作原理示意图。g 大尺寸样品的光学图像。综上，该研究开发了一种协调高效热管理、机械回弹性和持续热防护的混合硅酮气凝胶。其核心创新在于连续硅酮基体与原位二氧化硅网络增强的混合孔壁结构，以及火焰下自适应原位纳米中空化陶瓷化机制，使材料在极端条件下实现热导率不升反降的独特行为。该气凝胶同时兼具高孔隙率、超弹性、优异阻燃性和7.7°C辐射冷却效果，为零碳建筑和电动汽车等新兴领域的先进热管理提供了有前景的材料平台和通用设计策略。阅读原文不喜欢气凝胶因其极低密度和优异隔热性能，自20世纪30年代问世以来在热管理与热防护领域备受关注。",,,,pending
英伟达，加码玻璃基板,财联社,财联社,"21C API, 出货, 交付, 产能, 战略合作, 投资, IPO, 科创板, 海外, 中试, 中试线, 送样, 客户验证, 认证, 量产, 落地",normal,2026-09-27T10:45:00+08:00,,以下文章来源于科创板日报，作者宋子乔科创板日报.专注科创板和科技创新，上海报业集团主管主办，界面财联社出品。据《首尔经济日报》报道，英伟达正在评估采用玻璃基板方案，并与德国设备厂商SCHMID等企业开展合作。另据韩国科技媒体KIPOST报道，英伟达希望韩国、日本及中国台湾地区基板厂商两年内完成玻璃基板开发，最快有望在2028年前落地。SCHMID在上半年财报说明会上披露，公司正与英特尔、英伟达、AMD各自供应链内的核心供应商合作，共同研发玻璃基板设备。SCHMID首席战略官Roland Rettenmeier表示，玻璃通孔（Through-Glass Via，TGV）的金属化环节仍存在技术难点,http://mp.weixin.qq.com/s?__biz=Mzg5MzEyNzEwNQ==&mid=2247854866&idx=1&sn=fda3ca293755a8b49d020ddb09a4aac8,,以下文章来源于科创板日报，作者宋子乔科创板日报.专注科创板和科技创新，上海报业集团主管主办，界面财联社出品。据《首尔经济日报》报道，英伟达正在评估采用玻璃基板方案，并与德国设备厂商SCHMID等企业开展合作。另据韩国科技媒体KIPOST报道，英伟达希望韩国、日本及中国台湾地区基板厂商两年内完成玻璃基板开发，最快有望在2028年前落地。SCHMID在上半年财报说明会上披露，公司正与英特尔、英伟达、AMD各自供应链内的核心供应商合作，共同研发玻璃基板设备。SCHMID首席战略官Roland Rettenmeier表示，玻璃通孔（Through-Glass Via，TGV）的金属化环节仍存在技术难点，客户认证尚未完成。报道称，英伟达CEO黄仁勋此前与SK集团会长崔泰源会面，探讨包含玻璃基板在内的下一代半导体合作，同时积极推动台积电开发玻璃基板技术。这说明英伟达正认真评估玻璃基板方案，用于提升下一代GPU性能。此前5月，英伟达与玻璃基板大厂康宁宣布达成一项多年期战略合作：英伟达将向康宁投资最高27亿美元并获配认股权证；康宁则将在美国新建三座先进制造厂，将本土光学连接产能扩大十倍，专项服务超大规模AI数据中心。玻璃基板属于新一代半导体封装材料，目标是替代传统有机基板。随着AI芯片性能持续提升，有机基板面临耐热不足、翘曲变形等技术瓶颈。相比之下，玻璃基板具备更优异的平整度与刚性，可将芯片运行速度提升约40%，同时功耗降低近一半。低热膨胀系数是玻璃基板另一项核心优势，其在高温环境下几乎不会形变，这一点对于发热量巨大的高性能AI芯片尤为关键。此外，玻璃拥有良好介电性能与低信号损耗，能够更稳定传输超高速信号；基板尺寸放大后，它的变形量更小，可在单一封装内集成更多芯片与HBM。当前，全球玻璃基板正由技术验证加速迈向中试、客户认证及量产导入。海外方面，英特尔持续推动Glass Core技术演进，DNP、三星电机、LG Innotek、Absolics等已进入试验线及客户送样阶段，量产节点集中于2028年前后，康宁AGC及LPKF等材料、设备厂商同步完善配套生态。国内产业化亦明显提速，京东方、沃格光电、美迪凯、蓝思科技等持续推进中试线建设、客户验证及小批量出货，TGV成孔、金属化、RDL等环节国产配套逐步完善。华创证券表示，面向半导体先进封装的玻璃芯基板长期发展空间星辰大海。随着AI/HPC与HBM驱动高端先进封装扩容，封装向更大尺寸演进，面板级封装趋势有望进一步放大玻璃在大尺寸、高平整度及低翘曲方面的适配优势，CPO及高频RF则有望持续打开新的应用边界。该机构进一步称，从产业链上看，玻璃原片方面，目前国产化仍处早期；GV成孔及玻璃基板加工方面，国内部分企业已实现设备海外销售及小批量复购；电镀及金属化方面，国内部分企业TGV添加剂、设备等已完成交付测试、形成批量出货并逐步放量；RDL曝光及CMP设备也值得关注。不喜欢​,,,,pending
局域电荷极化屏蔽表面悬空键氧，推动富锂层状氧化物阴离子氧化还原实用化,今日锂电,今日锂电,"RIOnews API, 新材料, 碳, 高比能, 富锂锰, 前沿表征, 原位, 新型电解液, 晶格氧, 学术研究, 大学, 期刊",normal,2026-09-27T10:08:08+08:00,,富锂锰基层状氧化物可借助过渡金属与氧的协同氧化还原反应获得极高比容量，额外容量来源于充电过程中O 2p轨道电子脱出带来的电荷补偿，但表面晶格O²⁻存在配位数不足、对称性低的问题，产生大量悬空键，抬高O 2p能带中心使其靠近费米能级，O 2p非杂化电子更易被抽出；高电压条件下高活性的表面晶格O²⁻会生成活性氧物种，进攻电解液溶剂的C‑H/C‑O键，引发电解液分解、不可逆析氧，进而造成过渡金属‑氧键破坏、不可逆相变、过渡金属溶出，带来电压平台持续衰减与容量不断损失；现有改善手段主要依靠牺牲型电解液添加剂或者高浓度电解液，会造成界面无机层持续增厚、电荷转移阻力上升、锂脱嵌动力学恶化，还存在添加剂消耗,http://mp.weixin.qq.com/s?__biz=MzkyNzc0MDc0MA==&mid=2247519867&idx=1&sn=53aa0e86053a842a651001e199e2a3c4,,富锂锰基层状氧化物可借助过渡金属与氧的协同氧化还原反应获得极高比容量，额外容量来源于充电过程中O 2p轨道电子脱出带来的电荷补偿，但表面晶格O²⁻存在配位数不足、对称性低的问题，产生大量悬空键，抬高O 2p能带中心使其靠近费米能级，O 2p非杂化电子更易被抽出；高电压条件下高活性的表面晶格O²⁻会生成活性氧物种，进攻电解液溶剂的C‑H/C‑O键，引发电解液分解、不可逆析氧，进而造成过渡金属‑氧键破坏、不可逆相变、过渡金属溶出，带来电压平台持续衰减与容量不断损失；现有改善手段主要依靠牺牲型电解液添加剂或者高浓度电解液，会造成界面无机层持续增厚、电荷转移阻力上升、锂脱嵌动力学恶化，还存在添加剂消耗、容量提前衰减甚至热失控风险，而针对富锂材料表面富电子氧路易斯碱特性，如何合理筛选阳离子调控界面反应的相关研究还较为匮乏。近日，西北工业大学孔龙团队选用离子半径大、可极化性高的Cs⁺，利用离子‑离子相互作用使Cs⁺高度弥散的电子云在悬空键氧位点发生电荷极化，在富锂层状氧化物正极表面构建局域电荷屏蔽层，Cs⁺不会进入晶格抢占Li⁺活性位点，一方面将表面电子密度约束在Mn‑O骨架内部，从静电作用层面抑制晶格氧的电子抽出，另一方面依靠空间位阻阻碍溶剂分子在界面聚集，降低溶剂受亲核进攻发生氧化分解的概率；该改性体系电池首圈库伦效率由85.79%提升至91.03%，放电比容量可达257.2mAhg⁻¹，1.0C倍率下循环169周容量保持率76%，基线电解液体系仅循环56周就达到同等容量保持水平，1.0Ah软包电池在0.2C下循环10周容量保持率可达95.2%，同时实现O₂释放抑制、过渡金属溶解缓解、Li⁺扩散动力学提升，4.8V高截止电压条件下依旧维持良好的氧氧化还原可逆性。该成果以“Shielding Surface Oxygen via Cationic Charge Anchorage To Stabilize Reversible Anionic Redox in Lithium‑Rich Layered Oxides”为题发表在“ACS Energy Letters”期刊，第一作者是Shi Yan‑Qin。【工作要点】本研究跳出牺牲型钝化添加剂与体相掺杂的传统改性思路，针对富锂层状氧化物表面氧位点对称性差、存在悬空键引发不可逆阴离子氧化还原的核心问题，提出非嵌入型阳离子静电调控策略，选用高可极化大半径Cs⁺选择性吸附在欠配位的表面晶格O²⁻位点，借助Cs⁺弥散的外层电子云产生电荷极化效应，构建局域电荷屏蔽层；该极化场改变氧原子局域配位环境，将易流失的表面电子束缚于Mn‑O骨架，缩小Mn 3d与O 2p轨道的能带中心间距，提升氧电子脱出的动力学能垒，阻断氧不可逆氧化路径，同时依靠Cs⁺的空间位阻阻挡溶剂分子在正极界面富集，削弱活性氧中间体对溶剂的亲核攻击；借助差分电荷密度、电子局域函数理论计算证实界面电荷重分布特征，结合原位差分电化学质谱、拉曼光谱、X射线光电子能谱等表征，证实该机制可捕获O₂ⁿ⁻反应中间体，抑制不可逆O₂析出与电解液分解，强化TM‑O化学键，缓解过渡金属溶出与颗粒结构破碎，改善Li⁺输运动力学，并且在纽扣电池与1.0Ah软包电池中验证该阳离子界面调控策略的实际可行性，建立复杂电化学界面局域电势、电荷态与空间静电配位构型的设计原则，为下一代高能量密度储能体系提供新研发思路。图 1：围绕不同价态、不同半径阳离子的极化能力与离子半径开展筛选，研究Cs⁺对富锂正极表面亲核攻击位点的调控效果。 图 1a：富锂正极典型初始恒流充放电曲线，体现阴离子氧化还原对容量的贡献，同时显示由析氧和动力学迟缓带来的不可逆容量。 图 1b：溶剂策略调控富锂正极亲核攻击位点的原理示意图，对比有无阳离子保护下活性氧引发溶剂氧化分解的界面行为。 图 1c：多种价态阳离子的离子半径与可极化性统计，Cs⁺兼具大离子半径与高可极化性。 图 1d：溶剂分子与Cs⁺在正极表面的吸附能，插图给出吸附能计算公式Eₐdₛ=Eₐ₊ᵦ‑Eₐ‑Eᵦ，Cs⁺的吸附能远高于各类溶剂分子。 图 1e：基线电解液与添加CsPF₆电解液条件下，正极表面0‑12Å区间分子数密度分布的积分面积。 图 1f：首次充电至4.6V时富锂正极的拉曼光谱，超氧物种O₂⁻对应1108cm⁻¹特征信号，Li₂CO₃的C=O对应1078cm⁻¹特征信号，对比两种电解液中超氧与碳酸根信号强弱差异。图 2：借助理论计算与多种表征，解析Cs⁺在正极表面晶格O²⁻位点形成的电荷屏蔽效应以及氧物种的演变行为。 图 2a：Cs⁺吸附在正极表面之后的电荷密度等值面模型。 图 2b：受阳离子影响的空间差分电荷密度函数，展示距离正极晶格氧不同位置的电荷分布。 图 2c：正极表面区域有效电荷量的定量统计，基线电解液体系有效电荷为0.45，添加Cs⁺电解液体系有效电荷为2.86。 图 2d：基线电解液和添加Cs⁺电解液体系中富锂正极氧周围的电子局域函数图。 图 2e：不同电解液体系下富锂正极首次充电过程的原位差分电化学质谱结果，电位窗口2.0‑4.6V，记录m/z=44的CO₂信号以及m/z=32的O₂信号随时间的变化。 图 2f：不同电解液体系下氧气析出速率统计直方图。 图 2g：添加Cs⁺电解液体系中富锂正极的非原位O 1s X射线光电子能谱，分别对应充电至4.6V与放电至2.0V的电极片，区分晶格氧、表面氧以及O₂ⁿ⁻物种信号。 图 2h：不同电解液体系充放电后O 1s谱中各类氧物种的含量统计。 图 2i：添加Cs⁺电解液循环后富锂正极的分波态密度，给出Mn‑d、O‑p轨道能带中心数值。图 3：探究阳离子锚定效应对富锂正极界面稳定性、动力学以及过渡金属溶出行为带来的影响。 图 3a：4.6V恒压条件下锂||富锂电池的漏电流测试，插图为漏电流‑时间曲线积分得到的电荷量。 图 3b：充电过程中界面阻抗随电位的变化曲线。 图 3c：基线电解液电池在不同充电电位下的原位弛豫时间分布结果，纵坐标为弛豫时间，颜色代表阻抗大小。 图 3d：添加Cs⁺电解液电池在不同充电电位下的原位弛豫时间分布结果，纵坐标为弛豫时间，颜色代表阻抗大小。 图 3e：恒电流间歇滴定测试得到的Li⁺扩散系数，分别展示充电、放电过程不同电位区间的变化。 图 3f：基线电解液循环5圈后的富锂正极扫描电镜图像，可观察颗粒碎裂开裂。 图 3g：添加Cs⁺电解液循环5圈后的富锂正极扫描电镜图像，颗粒结构保持完整。 图 3h：高电压充电条件下富锂正极过渡金属溶出、Li⁺脱嵌行为示意图。 图 3i：电感耦合等离子体发射光谱测得锂负极上沉积的镍、钴、锰过渡金属归一化含量对比。图 4：评估阳离子锚定改性后锂||富锂电池的电化学性能与软包电池实际表现。 图 4a：两种电解液体系富锂正极首圈库伦效率对比。 图 4b：1.0C倍率下锂||富锂电池长循环性能。 图 4c：添加Cs⁺电解液的锂||富锂电池4.6V截止电压下多圈充放电曲线。 图 4d：添加Cs⁺电解液锂||富锂电池的微分容量dQ/dV曲线。 图 4e：不同电解液体系锂||富锂电池的倍率性能。 图 4f：基线电解液与添加Cs⁺电解液1.0Ah锂||富锂软包电池第1圈、第5圈充放电曲线。【结论】该研究摒弃依靠被动牺牲钝化剂或者体相掺杂改善富锂层状氧化物表面晶格O²⁻不稳定性的传统方案，从表面氧位点低对称性、悬空键的本征问题出发，采用高可极化大半径Cs⁺，在欠配位表面氧位点构建特异性锚定的局域电荷屏蔽层；Cs⁺弥散电子云诱导电荷极化，改变局域配位环境，将易挥发的表面电子约束于Mn‑O骨架之内，缩小Mn 3d‑O 2p轨道能量差，热力学上提高电子脱出动力学势垒，抑制氧不可逆氧化，同时依靠空间位阻屏蔽亲核性溶剂分子；该非嵌入阳离子屏蔽手段可以动态调控界面结构‑电子特征，锂||富锂电池实现257.2mAhg⁻¹放电比容量，首圈库伦效率91.03%；1.0C条件下循环169周仍保有76%容量保持率，基线体系仅56周就达到同等保持率；该工作建立复杂电化学界面的电荷态、局域电势、空间静电配位构型的设计准则，为下一代高能量密度储能技术提供概念性途径。【本文链接】链接：https://doi.org/10.1021/acsenergylett.6c02183声明：文章来源于电化学能源，侵删。,,,,pending
以军发动袭击,中国能源报,中国能源报,21C API,normal,2026-09-27T10:02:00+08:00,,以军对黎巴嫩南部的一处黎巴嫩真主党武器储存设施发动了空袭。当地时间9月26日，以色列国防军发表声明称，以军当天早些时候对黎巴嫩南部的一处黎巴嫩真主党武器储存设施发动了空袭。以军在声明中称，该设施内储存了此前曾用于袭击在所谓“安全区”内开展行动的以军士兵的武器，此次袭击旨在消除“即时威胁”。声明警告称，任何来自黎巴嫩境内、旨在伤害以色列平民或以军士兵的武力行为，都将遭到以方的果断回应。声明同时强调，以军目前仍致力于执行以色列与黎巴嫩之间达成的相关协议。黎巴嫩真主党方面对此暂无回应。▲黎巴嫩南部（资料图）当地时间26日，据巴勒斯坦方面消息称，以军当天对加沙地带多地发动袭击。目前已造成2名巴勒斯坦人,http://mp.weixin.qq.com/s?__biz=MjM5NTI4MTIyMg==&mid=2658144018&idx=1&sn=1c45c452b102a83684fb4421a0a88f8e,,以军对黎巴嫩南部的一处黎巴嫩真主党武器储存设施发动了空袭。当地时间9月26日，以色列国防军发表声明称，以军当天早些时候对黎巴嫩南部的一处黎巴嫩真主党武器储存设施发动了空袭。以军在声明中称，该设施内储存了此前曾用于袭击在所谓“安全区”内开展行动的以军士兵的武器，此次袭击旨在消除“即时威胁”。声明警告称，任何来自黎巴嫩境内、旨在伤害以色列平民或以军士兵的武力行为，都将遭到以方的果断回应。声明同时强调，以军目前仍致力于执行以色列与黎巴嫩之间达成的相关协议。黎巴嫩真主党方面对此暂无回应。▲黎巴嫩南部（资料图）当地时间26日，据巴勒斯坦方面消息称，以军当天对加沙地带多地发动袭击。目前已造成2名巴勒斯坦人死亡，另有多人受伤，伤者中包括儿童。以方对此暂无回应。来源：央视新闻客户端End欢迎分享给你的朋友！出品 | 中国能源报（cnenergy）编辑丨赵方婷,,,,pending
大熊猫“平平”“福双”已启程赴美,中国能源报,中国能源报,21C API,normal,2026-09-27T10:02:00+08:00,,大熊猫“平平”“福双”从成都双流机场搭乘包机前往亚特兰大动物园，开启为期十年的旅居生活。2026年9月27日2时55分，大熊猫“平平”“福双”从成都双流机场搭乘包机前往亚特兰大动物园，开启为期十年的旅居生活。启程前，成都大熊猫繁育研究基地为两只大熊猫举办了欢送仪式。大熊猫“平平”为雄性，2020年3月17日出生，眼圈大而浓黑，辨识度很高。它体型敦实、行动灵活，尤其擅长爬树，常在树杈间休憩。大熊猫“福双”为雌性，2020年10月18日出生，头顶一小撮蓬松毛发，额头饱满微微前凸。它外形圆润、反应灵敏，具备很强的食物搜寻能力，能够快速找到饲养员藏匿布置的丰容食物。为保障跨洋运输的安全与舒适，中方团队,http://mp.weixin.qq.com/s?__biz=MjM5NTI4MTIyMg==&mid=2658144018&idx=2&sn=88886d8184b62cb0828f451e9faf2a54,,大熊猫“平平”“福双”从成都双流机场搭乘包机前往亚特兰大动物园，开启为期十年的旅居生活。2026年9月27日2时55分，大熊猫“平平”“福双”从成都双流机场搭乘包机前往亚特兰大动物园，开启为期十年的旅居生活。启程前，成都大熊猫繁育研究基地为两只大熊猫举办了欢送仪式。大熊猫“平平”为雄性，2020年3月17日出生，眼圈大而浓黑，辨识度很高。它体型敦实、行动灵活，尤其擅长爬树，常在树杈间休憩。大熊猫“福双”为雌性，2020年10月18日出生，头顶一小撮蓬松毛发，额头饱满微微前凸。它外形圆润、反应灵敏，具备很强的食物搜寻能力，能够快速找到饲养员藏匿布置的丰容食物。为保障跨洋运输的安全与舒适，中方团队制定了详细运输方案，备足新鲜竹笋、竹子、苹果和应急药物，并提前对两只大熊猫开展了运输适应性训练，缓解紧张应激。飞行期间，机舱的温度、湿度保持在大熊猫舒适范围内。美方资深兽医和饲养员随机陪同两只大熊猫前往美国，实时观测身体状态，照料大熊猫的健康与饮食。中方已安排两批兽医、饲养员提前赴动物园做好各项准备。抵达亚特兰大后，大熊猫“平平”“福双”将接受隔离检疫，中方人员将驻园照顾两只大熊猫度过隔离检疫期，开展应激适应与行为训练，帮助它们尽快适应新环境。为给大熊猫“平平”“福双”营造健康舒适的生活环境，2025年12月以来，中方专家团队与亚特兰大动物园多次举行线上、线下会议，就大熊猫场馆升级改造方案展开深入交流。中方专家向美方提供技术指导，明确了设施设备、饲养管理、食物保障、健康护理等标准要求。美方积极采纳中方专家指导意见，有序推进改造工作。9月中旬，中方专家实地验收了升级改造后的场馆。改造后，室内展区活动空间显著扩大，新增了栖架、石台和水池等丰容设施，为大熊猫提供更加丰富的探索与休憩选择。同时，升级了监控系统，更加全面地掌握室内外场馆实时情况。在食物供应方面，得益于与成都相似的气候条件，动物园可就近获取多种食用竹，全年新鲜采收，充分保障两只大熊猫的需求。中方与亚特兰大动物园已开展大熊猫保护合作研究二十余年，取得一系列重要成果。双方联合实施专项科研项目30余项，发表学术论文50余篇，在大熊猫繁殖育幼、行为研究、疾病防控等领域实现多项技术突破。合作期间，累计繁育成活大熊猫5胎7崽，是中国与欧美地区开展大熊猫国际繁育合作的最好成绩。双方深入开展学术和人文交流，持续增进中美两国人民的相互了解与友好情谊。来源：央视新闻客户端End欢迎分享给你的朋友！出品 | 中国能源报（cnenergy）编辑丨赵方婷,,,,pending
鄂尔多斯盆地三交北区块探明千亿方深层煤层气田,财联社,财联社,"21C API, 投产",normal,2026-09-27T10:00:00+08:00,,据央视财经报道，记者从中国石油获悉，位于山西吕梁的三交北区块新增煤层气探明地质储量超千亿立方米，标志着我国深层煤层气勘探开发又迈出关键一步，为保障国家能源安全增添新的底气。三交北区块地处鄂尔多斯盆地东部，连片含气面积411.5平方千米，煤层埋深1900米至2150米，属于典型的深层煤层气。中石油煤层气公司副总地质师张雷表示，克服了地质条件复杂等困难，构建钻井、压裂、投产全链条体系，在鄂尔多斯盆地深层煤层气国家备案探明储量已累计超过4000亿立方米。深层煤层气是指储藏在埋深超过1500米煤层中的天然气，属于非常规天然气。与常规天然气相比，深层煤层气埋藏深、地质条件复杂，开采技术门槛高。截至202,http://mp.weixin.qq.com/s?__biz=Mzg5MzEyNzEwNQ==&mid=2247854865&idx=1&sn=0b3e71d0e6199077ecba82d670df7a7c,,据央视财经报道，记者从中国石油获悉，位于山西吕梁的三交北区块新增煤层气探明地质储量超千亿立方米，标志着我国深层煤层气勘探开发又迈出关键一步，为保障国家能源安全增添新的底气。三交北区块地处鄂尔多斯盆地东部，连片含气面积411.5平方千米，煤层埋深1900米至2150米，属于典型的深层煤层气。中石油煤层气公司副总地质师张雷表示，克服了地质条件复杂等困难，构建钻井、压裂、投产全链条体系，在鄂尔多斯盆地深层煤层气国家备案探明储量已累计超过4000亿立方米。深层煤层气是指储藏在埋深超过1500米煤层中的天然气，属于非常规天然气。与常规天然气相比，深层煤层气埋藏深、地质条件复杂，开采技术门槛高。截至2025年底，我国深层煤层气累计探明地质储量已超过1万亿立方米。据专家预测，到2035年，我国深层煤层气年产量将达到400亿至500亿立方米，将成为继致密气、页岩气之后，我国最现实的天然气上产接替资源。不喜欢​,,,,pending
9月1日起正式施行，电子提单等电子单证有了新规：航运企业需要注意什么？,港航子午线,港航子午线,"21C API, 可靠性, 投资, 政策, 发布, 认证",normal,2026-09-27T10:00:00+08:00,,2026年4月17日，国家网信办、工业和信息化部、公安部、交通运输部、商务部、中国人民银行、海关总署、税务总局、市场监管总局、金融监管总局联合发布《促进和规范电子单证应用规定》，于2026年9月1日起正式施行。该规定覆盖范围不仅限于电子提单，还涉及电子单证系统的可靠性、网络与数据安全及跨境数据处理等问题。对航运企业而言，电子单证进入日常业务后，关注点正在从“是否使用”转向“系统是否可靠、各方能否衔接、异常情况如何处理”。其中，身份核验、信息留痕、系统可靠性及不同参与方之间的数据衔接，均被纳入相关要求。对于涉及多家企业、多套系统的一票货物，若各参与方使用不同平台，电子单证的顺利交接将直接影响实际,http://mp.weixin.qq.com/s?__biz=MzU5ODUzOTY0OQ==&mid=2247521356&idx=1&sn=91c90fce86948d58ba544beb28d36d9a,,2026年4月17日，国家网信办、工业和信息化部、公安部、交通运输部、商务部、中国人民银行、海关总署、税务总局、市场监管总局、金融监管总局联合发布《促进和规范电子单证应用规定》，于2026年9月1日起正式施行。该规定覆盖范围不仅限于电子提单，还涉及电子单证系统的可靠性、网络与数据安全及跨境数据处理等问题。对航运企业而言，电子单证进入日常业务后，关注点正在从“是否使用”转向“系统是否可靠、各方能否衔接、异常情况如何处理”。其中，身份核验、信息留痕、系统可靠性及不同参与方之间的数据衔接，均被纳入相关要求。对于涉及多家企业、多套系统的一票货物，若各参与方使用不同平台，电子单证的顺利交接将直接影响实际使用效果。图源网络可转让电子单证的控制权问题对普通电子文件来说，证明“文件存在”就够了，但可转让电子提单还涉及一个关键问题：谁控制这份单证。《规定》要求，可转让电子单证应具有唯一性，在有效期间保持排他性控制，并能够识别控制人、完成控制权转移。5月1日起施行的新《海商法》也对电子运输记录作出类似要求，明确可转让电子运输记录需要保证单一性、完整性以及持有人的排他性控制。因此，船东选择电子提单平台时，除了看能否在线签发，还要确认身份认证、单证唯一性、控制权转移和操作留痕是否完善。系统可靠性与业务连续性电子单证使用范围扩大后，系统本身也成为运输流程的一部分。《规定》将数据完整性、电子签名可靠性、未经授权访问、软硬件安全、系统稳定性、灾难恢复等纳入电子单证系统可靠性要求。对船东而言，系统故障并不是单纯的IT问题。如果船舶已经抵达目的港，而电子单证平台无法使用，可能进一步影响提货、堆存和后续安排。因此，企业上线电子单证前，需要提前确认数据备份、灾难恢复、权限管理以及故障后的替代流程。这些问题平时可能不显眼，但一旦发生故障，就会直接影响业务能不能继续往下走。跨境数据传输的合规要求航运业务涉及境内外多个主体，电子单证使用过程中，相关数据也可能在境内外系统之间传递。《规定》要求电子单证相关方落实数据安全管理责任，向境外提供相关数据的，还需要符合我国数据出境相关规定。对使用境外电子提单平台的企业，需要提前确认数据存储位置、跨境传输范围以及适用的合规要求。平台互操作性问题目前电子提单应用还面临不同平台之间的互操作问题。一票货物涉及船东、货代、银行等多个主体，如果各方使用不同平台，电子单证能否顺利交换就会直接影响使用效率。DCSA近年来持续推进电子提单平台互操作标准。2025年5月完成首笔基于标准的跨平台电子提单交易，2026年6月又有5家平台采用第二版互操作标准并获得国际集团保赔协会批准。国内的制度也在逐步补齐。新《海商法》已经明确电子运输记录的法律地位，《促进和规范电子单证应用规定》进一步对电子单证系统可靠性、数据安全等作出要求。国际上则继续推进电子可转让记录和平台互操作规则。UNCITRAL的《电子可转让记录示范法》目前已有13个国家和13个法域的相关立法受到其影响或以其为基础，其中包括中国、新加坡、英国、法国等。对船东而言，选择平台时除了看自身功能，也要关注采用的行业标准以及与合作方系统的兼容情况。几个实操层面的关注点新规实施后，并不意味着所有纸质单证都需要立即取消。对已经使用电子提单或者正在准备上线的企业，更实际的做法是先把现有业务流程梳理一遍。对已经使用或准备使用电子提单的企业，可以先检查三方面：一是身份认证、权限管理、单证唯一性和控制权转移；二是数据备份、灾难恢复和故障处理；三是境外平台的数据存储和跨境传输情况。如果电子单证还需要与货代、银行、港口等系统协同，也要提前确认双方能否正常交换信息。对船东而言，现阶段不一定要全面取消纸质单证，但有必要先把电子单证的签发、流转、控制权转移和异常处理流程跑通。E-PORTS作为一家面向全球船舶在港服务的数字化综合服务平台，支持为船东提供全球专业在港的全方位服务支持以及提供港口供应变化信息，减少船舶在港时间。如果您对港口动态、加油供应、通航政策、靠泊安排、换员补给、费用预估等信息需要进一步了解，欢迎随时与E-PORTS联系，我们将结合当地最新情况，为您提供更具参考价值的运营建议和港口服务支持。We Chat / Whats App：+86 ***********E-mail：contact@e-ports.com*免责声明：本文所载数据及分析均基于公开信息和行业研究报告，仅供行业交流与参考，不构成任何投资建议或操作承诺。航运市场受宏观经济、地缘政治、天气变化等多重因素影响，存在不确定性。读者在制定具体经营决策时，应结合自身船队结构、风险承受能力及最新市场动态综合判断。员工情况稳定，事故未对船坞其他设施造成严重影响。平安归港，靠的是每一次规范的作业，每一处隐患的排除。愿这起事故成为全行业重视电池安全的起点，而非又一次被遗忘的新闻。E-PORTS全球船舶服务管理平台可在全球 90%的主要港口提供船舶靠港及运输服务如您想了解港口拥堵情况或其他港口服务的需求可扫描下方二维码添加 E-PORTS客服微信进行咨询~往期热点,,,,pending
“新征程上的奋斗者”能源一线风采：光伏+生态治沙,国家能源局,国家能源局,21C API,normal,2026-09-27T10:00:00+08:00,,“新征程上的奋斗者”能源一线风采：光伏+生态治沙,http://mp.weixin.qq.com/s?__biz=MzIwMTU0MTM4OA==&mid=2652171031&idx=1&sn=54d9fa946e749087b2dd6f5ebd2f44eb,,“新征程上的奋斗者”能源一线风采：光伏+生态治沙,,,,pending
高容量低膨胀成政策目标，硅碳负极扛起锂电提能重任,粉体网,粉体网,"RIOnews API, 新材料, 碳, 高比能, 硅, 新型电池, 技术进展, 工艺优化, 下一代技术",normal,2026-09-27T10:00:00+08:00,,近日，硅碳负极材料再获国家政策提及，工业和信息化部、国家发展改革委联合印发《电子信息制造业发展“十五五”规划》，在“新型电池”相关部署中提出，开发高容量低膨胀硅碳负极材料。1硅碳负极的魅力硅碳负极材料是将纳米硅颗粒与碳基材料复合而成的一类新型锂电池负极材料。硅在完全嵌锂状态下可形成Li-Si合金，理论比容量高达约4200mAh/g，是传统石墨材料的近十倍，这为推动电池能量密度的跨越式提升提供了坚实的材料基础。碳材料的引入（无论是石墨、多孔碳还是碳纳米管），通过物理限域和导电网络构建，既能缓冲硅的体积膨胀应力，又能提升锂离子传输效率，实现容量与稳定性的平衡。超高理论容量硅的理论比容量高达4200,http://mp.weixin.qq.com/s?__biz=MjM5NDI1NzI2MA==&mid=2655367938&idx=1&sn=4f0a386296c0a65126ac3a683eba73f5,,近日，硅碳负极材料再获国家政策提及，工业和信息化部、国家发展改革委联合印发《电子信息制造业发展“十五五”规划》，在“新型电池”相关部署中提出，开发高容量低膨胀硅碳负极材料。1硅碳负极的魅力硅碳负极材料是将纳米硅颗粒与碳基材料复合而成的一类新型锂电池负极材料。硅在完全嵌锂状态下可形成Li-Si合金，理论比容量高达约4200mAh/g，是传统石墨材料的近十倍，这为推动电池能量密度的跨越式提升提供了坚实的材料基础。碳材料的引入（无论是石墨、多孔碳还是碳纳米管），通过物理限域和导电网络构建，既能缓冲硅的体积膨胀应力，又能提升锂离子传输效率，实现容量与稳定性的平衡。超高理论容量硅的理论比容量高达4200 mAh/g（是石墨负极的10倍以上），可显著提升电池能量密度。当前主流技术路线的硅碳负极比容量可以做到2000mAh/g以上，部分研发目标更是向着2600mAh/g的更高水平推进。能量密度高依托高比容量特性，电池能够做到400Wh/kg以上，显著高于现有锂电池的能量密度。 更高倍率充放电与硅负极相比，碳材料的导电性缓解了硅的绝缘性缺陷，有利于提升锂离子扩散速率，支持更高倍率充放电。缓解体积膨胀与硅负极相比，碳基体（如石墨、石墨烯、碳纳米管）可缓冲硅的体积膨胀（硅膨胀率约300%），避免电极结构完全崩塌。2硅碳负极四代技术的演进硅碳负极材料技术从最早的混合研磨到最新的CVD气相沉积，已经过了四代技术迭代。每一代都解决了上一代的痛点，但也带来了新的挑战。第一代研磨硅碳（2009-2014），最简单粗暴的路线：把硅粉和石墨机械研磨混合。2014年贝特瑞建成国内首条千吨级研磨硅碳产线，批量供应华为Mate8等高能量密度消费电池。第二代氧化亚硅（2011-2016），2016年贝特瑞发布首款炭包覆氧化亚硅负极（S400），通过CATL验证，次年导入宝马X1 PHEV动力电池。氧化亚硅的膨胀比纯硅小，但首效低是硬伤。第三代预锂/预镁硅氧（2014-2019），针对氧化亚硅首效低的问题，引入预锂化技术。2019年宁德时代“预锂化硅氧”技术首次在811体系52Ah方壳电池量产，首次效率提升至88%，循环达1200次。第四代新型气相沉积硅碳（2017-2025），用CVD（化学气相沉积）工艺在多孔碳骨架里生长纳米硅，从根本上解决膨胀和循环问题。2023年多家企业先后投产千吨级产线，循环突破1500次，首次效率≥92%。每一代技术替代上一代，核心逻辑都是“更高容量+更低膨胀+更长循环+更高首效”的综合平衡。前三代都是“以硅为主体、碳为辅助”，而第四代CVD路线，变成了“碳骨架为主体、纳米硅为填充”。3新型硅碳负极的崛起当前商业化应用的硅基负极材料主要为传统硅碳、硅氧与新型硅碳，其中传统硅碳、硅氧为2024年以前主要硅基负极出货品类。自新型硅碳（即采用CVD法制备的多孔硅碳）推出以来，其性能几乎全方位领先于传统硅碳与硅氧，电池企业及硅基企业均视为下一代技术方向，但新型硅碳一直受制于产能瓶颈约束，商业化进展受限。据相关机构预测，2030年新型硅碳粉体增量有望超40倍。主要原因：锂电池对高能量密度的持续追求，硅基材料理论比容量高，纯硅可达4200mAh/g，是石墨的10倍以上；硅基负极成本正逐步下降，随着规模化量产和工艺优化，预计到2030年，新型硅碳有望在单位容量成本上低于石墨材料。新型硅碳在容量、循环、膨胀全面领先，头部企业传统硅碳及硅氧项目已普遍暂缓。2025年全球新型硅碳纯粉出货超2200吨，其中天目先导、兰溪致德、碳一新能源三家为主力出货企业，其新型硅碳出货是其余企业的2-10倍乃至更多，天目先导的份额占比约50%，其为当前动力电池用新型硅碳唯一大规模出货企业，2026上半年稳居新型硅碳出货第一，而兰溪致德在高端数码板块占据领先地位。2030年新型硅碳粉体有望超9万吨，占比有望超90%。前两年硅碳负极主要应用于消费电子领域，产品也逐步实现从低硅含量向高硅含量迭代，目前大家使用的中高端手机均已搭载硅碳负极。2026年开始，动力领域大规模放量，2026年全年动力电池用新型硅碳纯粉采购有望超3000吨。成本方面，当前主流新型硅碳成本在15-25万元/吨，预计2030年有望降至8-12万元/吨，实现单位容量成本低于石墨材料。4国家政策多次提名近几年，除了“十五五”规划中提到的开发硅碳负极材料，国家层面还有多项政策涉及硅碳负极材料。《新能源汽车产业发展规划（2021‑2035）》（国务院）提出动力电池能量密度目标，硅碳负极是实现高能量密度的关键材料支撑文件。《关于推动能源电子产业发展的指导意见》（六部门）提出健全锂电标准体系，支持新一代电池关键材料研发，覆盖硅碳负极所属的高比能电池赛道。《产业结构调整指导目录（2024年本）》（国家发改委）将硅碳、硅基高性能负极材料列入鼓励类，硅碳负极新建/改扩建项目享受产业鼓励政策，是项目备案、环评的核心政策依据。《锂离子电池行业规范条件（2024年本）》（工信部）国家级锂电行业监管文件，覆盖硅碳负极材料企业，对材料企业生产、工艺、质量管控提出行业准入约束，引导产业向高性能硅碳方向发展。《重点新材料首批次应用示范指导目录（2024年版）》（工信部）高容量硅碳复合负极纳入目录，可享受首批次保险补偿，降低下游电池厂导入新材料的试错成本，助力装车、储能场景落地。《新型储能规模化建设专项行动方案（2025‑2027）》（国家发改委、国家能源局）把硅基负极作为高能量密度储能电池重点攻关方向，重点指向解决膨胀、首次效率、规模化制备等产业痛点。5小结多重国家政策持续加持之下，硅碳负极已经成为国内高比能电池重点发展的关键材料。历经四代技术迭代，以CVD工艺为代表的新型硅碳综合性能实现跃升，正在逐步替代传统硅碳、硅氧路线，行业格局随之重塑。但当前行业仍受限于产能规模、成本压力等多重瓶颈。长远来看，若顺利完成降本，实现高容量低膨胀的目标，硅碳负极材料将深度赋能动力电池、储能等高能量密度场景，推动锂电池能量密度迈上新台阶。信息来源：从研磨硅碳到CVD气相沉积：一文看懂硅碳负极四代技术路线.薛定谔的硅硅碳负极的优缺点和改性策略.锂电池行业新型硅碳大爆发，超40倍增量的“幸存者游戏”.GGII工信部、国家发改委等不喜欢多重国家政策持续加持之下，硅碳负极已成为国家重点研发方向,,,,pending
寻找“国产好粉材”之博迁新材——超细镍粉,粉体网,粉体网,"RIOnews API, 新材料, 高比能, 硅, 技术进展, 技术突破, 工艺优化, 制备工艺, 前沿技术",normal,2026-09-27T10:00:00+08:00,,【编者按】粉体材料工业属于支撑国民经济发展的基础性产业和赢得国际竞争优势的关键领域，近些年，国内粉体材料工业转型升级成效显著，综合实力稳步增长，国际竞争力持续增强，一些企业长期专注于粉体材料领域、生产技术工艺国际领先、从而成为全球细分市场领导者的典范，有效改善了国内高端粉材的紧缺局面，提升了核心工艺技术与装备的自主可控水平以及关键战略资源的保障能力。中国粉体网通过寻找“国产好粉材”这一活动，以期促进相关企业更好发挥示范作用，引领中国粉体工业的发展，并让“好粉材”发出它们更大的光彩。超细镍粉：高端电子制造的“导电筋骨”从手机里的片式电容、电脑主板的电阻网络，到新能源汽车的车载电子、5G基站的射频,http://mp.weixin.qq.com/s?__biz=MjM5NDI1NzI2MA==&mid=2655367938&idx=3&sn=845a75a9b6b04244e148a37136273569,,【编者按】粉体材料工业属于支撑国民经济发展的基础性产业和赢得国际竞争优势的关键领域，近些年，国内粉体材料工业转型升级成效显著，综合实力稳步增长，国际竞争力持续增强，一些企业长期专注于粉体材料领域、生产技术工艺国际领先、从而成为全球细分市场领导者的典范，有效改善了国内高端粉材的紧缺局面，提升了核心工艺技术与装备的自主可控水平以及关键战略资源的保障能力。中国粉体网通过寻找“国产好粉材”这一活动，以期促进相关企业更好发挥示范作用，引领中国粉体工业的发展，并让“好粉材”发出它们更大的光彩。超细镍粉：高端电子制造的“导电筋骨”从手机里的片式电容、电脑主板的电阻网络，到新能源汽车的车载电子、5G基站的射频元器件，超细镍粉以其优异的导电性、稳定性与微型化适配能力，为现代电子信息产业构筑起精密的导电网络。作为高端电子浆料的核心基础粉体，电子级超细镍粉是片式多层陶瓷电容器（MLCC）内电极的核心材料，直接决定元器件的性能、寿命与微型化水平。这一产业的技术精度与应用深度，正随着全球电子产业高端化、微型化升级而不断突破。超细镍粉制备工艺超细镍粉的制备技术直接决定其纯度、粒径、球形度与氧含量，是行业核心技术壁垒所在。主流制备工艺主要分为三大类：1. 物理气相蒸发冷凝法（气相法）这是博迁新材的核心工艺路线，在真空或惰性气体保护氛围中，通过等离子体或高能热源将金属镍加热蒸发为原子态，再经快速冷凝成核形成超细粉末。该工艺可精准调控粒径在30nm~5μm区间，具备纯度高（≥99.95%）、球形度好、氧含量低、表面洁净无杂质等优势，完全匹配MLCC等高端电子元器件的严苛要求，但技术门槛高、设备投入大。2. 液相还原法通过化学还原剂在液相体系中将镍盐还原得到镍粉，工艺成熟、成本较低，但存在粒径分布宽、杂质含量高、氧含量难控制等问题，主要应用于中低端导电浆料、粉末冶金等对性能要求不高的领域。3. 羰基镍分解法利用羰基镍热分解制备镍粉，粉体性能较好，但羰基镍属于剧毒物质，环保风险高、生产管控难度大，全球产能扩张持续受限。博迁新材：从宿迁创业到全球超细镍粉领军企业江苏博迁新材料股份有限公司（简称“博迁新材”）成立于2010年，总部位于江苏宿迁，2020年在上海证券交易所主板上市，是国内首家实现纳米级超细镍粉规模化量产的企业，也是全球高端电子级镍粉的核心供应商。十余年来，博迁新材深耕气相法超细金属粉体技术，持续突破国外技术封锁，打破了日本住友金属、三井金属等企业对高端MLCC镍粉长达数十年的垄断，实现了高端电子镍粉的国产化自主可控。如今，公司产品已成功进入三星电机、国巨电子、风华高科、三环集团等全球主流头部元器件厂商供应链，远销东南亚、日韩、欧美等全球主要电子产业集群，是国内超细镍粉领域当之无愧的领军企业，也是工信部认定的专精特新“小巨人”企业。核心技术优势博迁新材的核心竞争力根植于对气相制备技术的持续深耕与规模化量产能力。1. 自主可控的气相法核心工艺公司自主研发常压下物理气相冷凝法（PVD）全流程技术，实现从纳米级到微米级的全粒径覆盖，可精准调控粉体粒径、球形度、比表面积与氧含量，产品关键性能指标达到国际先进水平，可直接对标国际龙头企业产品，彻底打破了日系企业的技术垄断。2. 规模化智能量产能力公司建成国内规模最大的气相法超细镍粉生产基地，实现千吨级稳定量产；全生产线采用智能化闭环管控，工艺参数实时调控，产品批次一致性与稳定性大幅提升，能够满足全球头部电子厂商大规模、高标准的连续供货需求。3. 定制化产品开发能力可根据下游客户的元器件设计需求，定制开发不同粒径、形貌与表面特性的专用镍粉，适配0201、01005等微型化MLCC的技术要求，紧跟电子元器件微型化、高容化的发展趋势。4. 完善的研发与标准体系公司拥有国家级企业技术中心、博士后科研工作站，与国内多所顶尖高校共建产学研创新平台；累计获得数十项核心发明专利，牵头制定多项电子级超细镍粉行业标准，持续引领行业技术发展方向。主要产品与应用领域博迁新材聚焦高端电子级金属粉体赛道，构建了以镍粉为核心、多品类协同的产品矩阵：超细电子级镍粉：核心主力产品，可稳定量产80nm及以下超细镍粉，产品覆盖纳米级至微米级全粒径规格，分为纳米镍粉、亚微米镍粉、微米镍粉三大系列，是MLCC内电极的核心材料，也是片式电阻、导电银浆的关键功能性粉体。其他配套粉体：布局超细铜粉、银包铜粉、钴粉、硅基粉体等产品，形成高端电子用金属粉体产品矩阵，满足客户一站式采购需求。产品下游应用覆盖四大核心领域：1. 被动元器件领域：最核心应用场景，支撑各型号MLCC、片式电阻、片式电感的生产，最终应用于消费电子、汽车电子、5G通信、工业控制等终端领域。2. 新能源电池领域：用作锂电池正负极导电剂，可显著提升电极导电性与倍率性能，也可作为氢燃料电池催化剂载体，受益于新能源汽车与储能产业的快速增长。3. 半导体与封装领域：用于半导体封装导电胶、电磁屏蔽浆料、芯片散热材料，适配先进封装的精细化、高密度需求。4. 高端制造领域：应用于高端粉末冶金、3D打印、硬质合金、工业催化剂等细分领域。全球超细镍粉市场：电子升级下的国产替代先锋在5G通信、新能源汽车、消费电子与工业自动化的多重驱动下，全球高端电子制造业持续升级，带动超细镍粉市场稳步扩容。市场需求持续增长：据行业研究数据，2025年全球MLCC镍粉市场规模约78亿元，预计2025-2030年复合增长率约12%-15%，2030年有望突破160亿元；中国作为全球最大的电子元器件生产基地，镍粉消费增速高于全球平均水平，是全球最核心的增长市场。博迁新材的龙头地位与战略：凭借技术突破、规模效应与优质客户资源，博迁新材稳居全球超细镍粉行业第一梯队，是国内最大的高端电子级镍粉供应商，全球MLCC镍粉市场份额约11%，位居全球第二、中国第一；高端MLCC镍粉国内市占率超60%。公司持续推进产能扩建，加码高端镍粉与新型粉体材料产能，进一步巩固全球市场地位；同时深耕前沿技术研发，布局下一代超微粉体、复合粉体技术，拓展半导体、新能源等新兴应用领域。供应链与成本优势：依托国内完整的电子产业链与原材料配套体系，公司具备快速响应与本土化服务优势，交付周期与定制化能力显著优于海外厂商；同时通过工艺优化与规模效应持续降本增效，在全球市场具备突出的综合竞争力。结语从打破国外技术垄断到跻身全球第一梯队，江苏博迁新材料股份有限公司深耕超细镍粉这一高端细分领域，用十余年时间实现了从技术追赶到全球引领的跨越，为中国高端电子产业链补齐了关键粉体材料短板，践行了国产好粉材的自主创新之路。展望未来，随着全球高端制造、新能源与半导体产业的持续升级，博迁新材有望在微纳金属粉体的赛道上持续突破，为中国电子信息产业的自主可控注入更强的粉体力量。参考来源：博迁新材官网、上海证券交易所、证券时报网、中国电子元件行业协会、中国粉体网不喜欢博迁新材，为高端电子制造赋能微纳金属力量,,,,pending
买飞机票发现买错日期，女子3分钟内申请退票被扣费75%，离起飞还有7天；航司回应：规定就是这样,科技日报,科技日报,"21C API, 政策",normal,2026-09-27T09:52:31+08:00,,近日，有网友反映称购买机票后发现买错日期，3分钟内退票被长安航空扣掉75%费用，距离航班起飞还有7天，1130元机票仅退372元。长安航空称，机票不能和超市购物比，不能全退。旅客反映：出票3分钟退票被扣75%，距离起飞还有7天湖南的王先生反映，他女朋友孟女士在9月21日晚上8时30分许，购买了一张9月28日从哈尔滨飞往长沙的机票，“在出票1分钟内，我对象发现买错日期，两三分钟内赶紧申请退票，申请退款时发现，所有选项都是只能退全部票价的20%或者25%。当时很仓促，又赶紧打电话联系长安航空的客服，工作人员说，全额退票退不了，申请拦截取消退款也取消不了。最后1130元的机票，只退款了372元。”王,http://mp.weixin.qq.com/s?__biz=MzI3NDI5MjI4OQ==&mid=2247899719&idx=1&sn=d09493f68e4f4b7361bafb575e25489b,,近日，有网友反映称购买机票后发现买错日期，3分钟内退票被长安航空扣掉75%费用，距离航班起飞还有7天，1130元机票仅退372元。长安航空称，机票不能和超市购物比，不能全退。旅客反映：出票3分钟退票被扣75%，距离起飞还有7天湖南的王先生反映，他女朋友孟女士在9月21日晚上8时30分许，购买了一张9月28日从哈尔滨飞往长沙的机票，“在出票1分钟内，我对象发现买错日期，两三分钟内赶紧申请退票，申请退款时发现，所有选项都是只能退全部票价的20%或者25%。当时很仓促，又赶紧打电话联系长安航空的客服，工作人员说，全额退票退不了，申请拦截取消退款也取消不了。最后1130元的机票，只退款了372元。”王先生说，他向12326投诉了长安航空，“后来长安航空客服给我来电，语气态度也不好，沟通下来，怎么样都是不能全额退款，问就说是长安航空公司规定。”王先生认为很不合理，在网上搜索，有的航空公司有错购两小时内全额退票，还有的航司会根据地点或日期有不同的错购退票政策。“距离起飞还有7天，购票两分钟就退款，对航司有什么影响？结果扣了我700多元，这不是纯抢钱吗？纯霸王条款！就算他们航司有规定，也不能这么霸道吧？”购票截图显示，孟女士机票票面为9月28日16:35哈尔滨出发，20:25到达长沙，经济舱（A）。购票付款时间为9月21日晚8时33分，票价1130元；提交退票时间为8时36分，9月22日上午7时53分航司退款审核通过，7时56分退款完成372元。长安航空：不能与购物退换货相比，无法减免费用在王先生提供的与长安航空沟通的录音中，长安航空服务质量督查作最终回复称，其客票不予减免，因为不符合公司全退规定，属于个人原因错过，没有办法减免。“我们航司航班正常的情况下，旅客退票都属于自愿退票，不予受理减免诉求。航司没有错购的政策。”该督查人员说，长安航空公司的客票购票规则写明，旅客一旦支付，如果因为个人原因无法出行，需要扣费。录音中，王先生认为不合理，日常超市购物、网购等，发现买错了都在一定时限内可退。该督查人员说，“您不需要把超市以及买错东西的这种案例给我，这边还有其他旅客的电话要服务，航司以最终的答复给您告知，客票无法减免。”说完挂断电话。记者核实：经济舱“特价”机票，退票最少扣费65%记者在长安航空官网上查询到，经济舱（A）对应为特价机票，只要退票最少扣65%，要离起飞336小时以上；距离起飞前4小时内退票扣100%；距离起飞336~72小时之间退票，扣费75%。9月24日下午，记者联系到长安航空，工作人员说，王先生反映的问题已记录，会由专人3个工作日内回复。该航司没有错购2小时内免费退票的政策，按照孟女士机票，最划算的扣费就是336小时以上退票，最少扣65%，“不同折扣和航班时间，扣费比例都不同。”专业人士：建议设立“购票冷静期”9月24日，记者联系到西安市网络智库与产业发展研究会常务副会长孙为立。他说，当前部分航空公司在退改签规则执行中存在“刚性有余、弹性不足”的现象。实际上，国内已有部分航空公司实施了“错购两小时内免费退票”的人性化政策，在保障运营秩序的同时兼顾了旅客的合理诉求。针对这一问题，孙为立建议，优化退改规则，设立“购票冷静期”。建议航空公司参考行业良好实践，对出票后极短时间内，如5—10分钟内，且距起飞时间较长的错购退票，酌情减免手续费，“旅客非主观恶意的即时错购，若未对航司造成实际运力损失，机械套用高额扣费条款，既不符合《民法典》关于公平原则和违约金应与实际损失相当的精神，也易引发消费纠纷。”来源：华商报大风新闻 封面图来自视觉中国编辑：王曼茜审核：张爽,,,,pending
卤化物电解质！离子电导率达14.2 mS cm⁻¹！东方理工大学孙学良/李晓娜&有研广东院梁剑文，最新Angew！,今日锂电,今日锂电,"RIOnews API, 固态电池, 固态电解质, 学术研究, 大学, 教授",normal,2026-09-27T09:49:05+08:00,,全固态电池采用卤化物/硫化物双层电解质，可兼顾卤化物的高氧化稳定性与硫化物的优异还原稳定性，是实现高能量密度的重要路径。然而，卤化物与硫化物之间的化学不兼容性导致界面持续退化，严重制约Li⁺传输。传统界面工程策略如Li₃PO₄涂层或缓冲层虽可部分抑制界面反应，但往往以牺牲离子传输效率为代价，难以同时实现界面稳定与快速离子传导。2026年9月21日，宁波东方理工大学孙学良院士、李晓娜副教授、有研广东院梁剑文在《Angewandte Chemie International Edition》上发表题为“Tailoring Local Anion Chemistry Affinity Enables,http://mp.weixin.qq.com/s?__biz=MzkyNzc0MDc0MA==&mid=2247519863&idx=2&sn=98956d0a22622f6dedca4629f2d1ebb0,,全固态电池采用卤化物/硫化物双层电解质，可兼顾卤化物的高氧化稳定性与硫化物的优异还原稳定性，是实现高能量密度的重要路径。然而，卤化物与硫化物之间的化学不兼容性导致界面持续退化，严重制约Li⁺传输。传统界面工程策略如Li₃PO₄涂层或缓冲层虽可部分抑制界面反应，但往往以牺牲离子传输效率为代价，难以同时实现界面稳定与快速离子传导。2026年9月21日，宁波东方理工大学孙学良院士、李晓娜副教授、有研广东院梁剑文在《Angewandte Chemie International Edition》上发表题为“Tailoring Local Anion Chemistry Affinity Enables Stable Halide-Sulfide Interfaces and Fast Ion Transport in Dual-Electrolyte all-Solid-State Batteries”的研究论文，提出了局部化学驱动的界面亲和性策略，通过将硫引入非晶卤化物电解质Li₂O-TaCl₅中，重构局部阴离子化学环境，同时增强界面亲和性与局部热力学稳定性。研究通过硫掺杂在LTOC中引入多种含硫配位环境，包括TaSCl₄、TaS₂Cl₄、TaOSCl₂和Ta₂S₂Cl₆等，重构了卤化物框架的局部阴离子化学。XRD表明硫掺杂后样品保持非晶结构。拉曼光谱显示Ta-Cl弯曲模式基本不变，而Ta-Cl伸缩带随硫含量增加而宽化，表明硫引入增强了局部化学和结构异质性。XPS和ToF-SIMS证实了Ta-S/Cl和Ta-O/S/Cl混合碎片的出现，表明硫与Ta中心O/Cl环境形成紧密化学关联。理论计算表明，硫掺杂后LPSC/LTOC界面最小反应能从-0.12 eV atom⁻¹升至-0.10 eV atom⁻¹，显著降低了界面反应驱动力。含硫角共享和边共享基元与PS₄³⁻的结合能分别为-0.69和-1.13 eV，其中硫边共享构型表现出最强界面亲和力。短程配位化学方面，TaCl₄O₂中O被S取代需2.46 eV，形成TaCl₄OS后进一步取代需2.75 eV，表明富硫局部结构具有更高的热力学稳定性。高温加速反应测试表明，LTOC/LPSC混合物在150°C即出现LiCl衍射峰，225°C以上形成TaS₂和TaS₃杂质相，而8S-LTOC/LPSC混合物在225°C仍保持结构完整，300°C才出现微弱TaSₓ衍射峰。电导率测试显示，8S-LTOC/LPSC混合物经300°C退火后电子电导率仅增至3.4×10⁻⁷ S cm⁻¹，远低于LTOC/LPSC的1.3×10⁻⁵ S cm⁻¹，表明硫掺杂有效抑制了电子导电相的形成。电化学性能方面，8S-LTOC室温离子电导率达14.2 mS cm⁻¹。Li-In/LPSC/8S-LTOC/NCM89全固态电池在0.1C下250圈容量保持83.6%，1C下400圈容量保持83.6%，15C下2000圈容量保持86.3%。倍率测试显示8C下仍保持约100 mAh g⁻¹容量。LiCoO₂基电池在-50°C下容量131 mAh g⁻¹，90圈保持97.9%。室温高负载（31.84 mg cm⁻²）下面积容量6.11 mAh cm⁻²，100圈保持93.6%。100°C下面积容量达21.7 mAh cm⁻²。1、提出硫掺杂调控局部阴离子化学策略，重构LTOC局部配位环境，同时增强卤化物-硫化物界面亲和性与热力学稳定性。2、硫掺杂诱导结构无序化，构建互连Li⁺迁移网络，室温离子电导率达14.2 mS cm⁻¹，为卤化物固态电解质最高水平之一。3、8S-LTOC基全固态电池实现-50°C至100°C宽温域稳定运行，15C下2000圈容量保持86.3%，100°C下面积容量21.7 mAh cm⁻²。图1 硫掺杂稳定卤化物-硫化物界面的局部化学驱动策略示意图图2 sS-LTOC的结构分析与离子传导行为图3 局部化学驱动的界面兼容性机制图4 LTOC/LPSC与8S-LTOC/LPSC体系的化学反应性图5 电化学循环中的阻抗与界面结构演化图6 循环后LTOC与8S-LTOC表面的深度分析图7 全固态电池电化学性能对比图8 含8S-LTOC全固态电池的宽温域性能本研究提出硫掺杂调控局部阴离子化学策略，通过将硫引入非晶LTOC框架，重构局部配位环境，增强与LPSC中PS₄³⁻单元的化学亲和性，同时提升富硫局部结构的热力学稳定性，有效抑制界面分解反应。硫掺杂诱导的结构无序化构建了互连Li⁺迁移网络，室温离子电导率达14.2 mS cm⁻¹。8S-LTOC基全固态电池在-50°C至100°C宽温域内表现出优异电化学性能，15C下2000圈容量保持86.3%，100°C下面积容量达21.7 mAh cm⁻²。该工作为高性能双层固态电解质界面设计提供了新思路。文献链接：https://doi.org/10.1002/anie.5372994 来源：新能源前沿不喜欢全固态电池采用卤化物/硫化物双层电解质，可兼顾卤化物的高氧化稳定性与硫化物的优异还原稳定性，是实现高能量密度的,,,,pending
600元参会（限时优惠）第四届锰系与高压实磷酸铁锂技术研讨会,今日锂电,今日锂电,"RIOnews API, 新材料, 电池材料, 碳, 隔膜, 复合集流体, 聚合物, 高比能, 锂金属, 富锂锰, 硅, 前沿表征, 原位, 固态电池, 固态电解质, 钠离子电池, 钠电, 学术研究, 大学, 教授, 科学院, 研究所, 技术进展, 技术突破, 制备工艺, 界面优化, 前沿技术",normal,2026-09-27T09:49:05+08:00,,已参会单位：宁德时代/天齐锂业/国轩/兰均/广汽/北汽/东风/奇瑞/亿纬/星恒/有研/盟固利/五矿长沙院/中科院宁波所/中科院物理所/中科院高能所... 第二届固态电池新技术应用与材料制备验证技术会议 同期举办：第四届锰系与高压实磷酸铁锂技术研讨会 赞助展台预订中...演讲报告开放预约中...第二届固态电池新技术应用与材料制备验证技术会议同期举办：第四届锰系与高压实磷酸铁锂技术研讨会PART 01会议组织TECHNOLOGY主办单位：今日锂电/今日钠电承办单位：北京京昇文化传播有限公司 会议时间：2026年10月19-20日（18日签到）会议地点：中国·杭州总冠名/联合主办/招募中···协办单,http://mp.weixin.qq.com/s?__biz=MzkyNzc0MDc0MA==&mid=2247519863&idx=3&sn=ca1913381a6b9284fd946af4f5e2500e,,"已参会单位：宁德时代/天齐锂业/国轩/兰均/广汽/北汽/东风/奇瑞/亿纬/星恒/有研/盟固利/五矿长沙院/中科院宁波所/中科院物理所/中科院高能所... 第二届固态电池新技术应用与材料制备验证技术会议 同期举办：第四届锰系与高压实磷酸铁锂技术研讨会 赞助展台预订中...演讲报告开放预约中...第二届固态电池新技术应用与材料制备验证技术会议同期举办：第四届锰系与高压实磷酸铁锂技术研讨会PART 01会议组织TECHNOLOGY主办单位：今日锂电/今日钠电承办单位：北京京昇文化传播有限公司 会议时间：2026年10月19-20日（18日签到）会议地点：中国·杭州总冠名/联合主办/招募中···协办单位：/招募中···东莞市星辰锂能咨询有限公司淄博华鸣新材料有限公司深圳市新能源行业协会南京德腾机械有限公司支持单位：/招募中···新能源前沿新能源在线锂电PLUS展台赞助：/招募中···山东杰特姆粉体技术设备有限公司淄博华鸣新材料有限公司张家港市日新机电有限公司潍坊追日磁电科技有限公司安徽麒锂特科技有限公司宜春万申智能装备股份有限公司上海菩正电子科技有限公司江苏亮果金属制品有限公司合肥原位科技有限公司江苏天瑞仪器股份有限公司南京德腾机械有限公司新乡市振英机械设备有限公司伊特克斯惰性气体系统（北京）有限公司东莞市唯德自动化设备科技有限公司成都光华科技发展有限公司惠然科技有限公司铂瑞达（北京）科技有限公司宣城晶瑞新材料有限公司PART 02会议内容TECHNOLOGY中国《新能源汽车产业发展规划》明确支持固态电池研发，2025年全球固态电池市场规模预计突破百亿元，固态电池已成为公认的下一代电池，在过去的一年里，固态电池新技术与产业化进程以比预计中的更快的速度发展，然而固态电池还存在关键技术突破和产业化制备成本问题。在固态电池商用还不可极的当下，仍还是磷酸铁锂的天下，作为磷酸铁锂最重要的技术迭代与升级方向，高压实磷酸铁锂与磷酸锰铁锂技术将是现在的重点发展方向，并且和富锂锰基、高电压镍锰酸锂、高镍三元材料形成竞争未来适配固态电池正极材料的格局，而富锂锰基材料理论能量密度超1000Wh/kg，成本较高镍三元材料（价格高、技术成熟度高、安全性存疑）低25%-40%，被认为是固态电池最佳适配正极材料，高电压镍锰酸锂工作电压高达5V，比能650Wh/kg，更适合固态电池高电压体系，未来谁来主导，还要看技术成熟度。2026固态电池新技术应用与材料制备验证技术会议，同期同址举办：第四届锰系与磷酸铁锂技术应用研讨会，定于2026年10月19-20日在杭州召开，旨在进一步加快固态电池、锰系与磷酸铁锂方面新技术创新应用，破解技术与产业化制备难题，评选表彰近年来在固态电池、锰系与磷酸铁锂行业做出突出成绩的优秀科研人员和企业，特邀请参与本次会议，共同交流探讨固态电池与锰系与磷酸铁锂的行业发展新思路。会议内容：固态电池分会场固态电池技术与产业发展新进展高能量固态电池在eVTOL与人型机器人中的应用固态电池（半）应用高速电摩前景探讨固态技术（半）在手机与3C产品中的应用固态电池（半）在动力和储能电池的应用探讨固态电池智能制备设计发展固态电池关键材料的开发与应用全固态钠电技术研发与进展干法电极工艺在固态电池中的应用硫/氧/卤/聚合物等全固态电池电解质材料产业化进展固态电解质理论配方设计与实验验证多技术表征平台在固态电池材料研究中的应用固态电解质界面优化设计固态电解质纳米化技术研究与制备方法全固态电池硅基负极的开发硅碳负极材料的创新研发及其在固态电池内的应用球型多孔炭在CVD硅碳负极材料中的应用锂金属负极技术新进展固态电池正极的结构设计与材料选择高镍/富锂锰基正极材料在固态电池体系中的应用石墨烯/碳纳米管新型碳材料在固态电池体系中的技术发展新型隔膜技术在固态（半）电池中的应用固态用复合集流体技术研发新进展AI技术在材料研发中的应用等静压技术在全固态电池制备中的应用湿法/干法/气流研磨技术在固态材料中的应用干法电极智能装备开发与应用新一代窑炉技术在电池材料制造中的应用蒸镀技术在固态电池制备中的优点钠米级制备技术与装备新应用锰系与高压实磷酸铁锂分会场全球锂资源市场发展变化电池级硫（碳）酸锰/二氧化锰/四氧化三锰市场前景变化锰系前驱体研究与制备技术高锰新能源材料的挑战与前景磷酸锰铁锂在汽车与二轮车上的应用研究适配固态电池用磷酸锰铁锂材料最新技术进展富锂锰基正极材料纳米包覆、梯度掺杂等工艺介绍富锂锰基正极材料制备及改性研究新一代高电压镍锰酸锂材料技术与应用锰基钠电正极材料技术与成本分析高性能磷酸铁制备工艺革新高压实磷酸铁锂磷酸铁法和草酸亚铁法工艺路线发展低成本高压实磷酸铁锂产业化生产技术换代与装备创新适配固态电池用高压实磷酸铁锂技术优化高压实磷酸铁锂高温烧结杂质控制颗粒级配优化工艺对磷酸铁锂压实密度及电性能的提升纳米磷酸铁锂技术与制备一次烧结成型高压实磷酸铁锂工艺要点介绍高压实磷酸铁锂材料的预锂化方法关键电池材料回收再利用技术注：以最终会议日程报告为准演讲报告申请：王老师:*********** 邮 箱:46090424@qq.comPART 03会议特色TECHNOLOGY01会议形式20+5（每位专家20分钟报告+5分钟互动问答交流）交流方式，增加会议互动性；60+行业大咖，800+上下游企业从业者共聚一堂；诚邀高校/科研院所与产业技术从业者观点碰撞与交流，聚焦行业热点，解读技术与产业发展。02会议特色现场展台产品展示，“会+展”助力产业链上下游技术与市场对接，搭建立体化高效交流平台；1.5 天论坛，涉及固态与锰系铁锂行业装备、技术、材料、检测仪器设备等，全方位展示最新前沿技术研究与进展，深入探讨未来回收发展方向。03会议特色同期举办2026“NWEi-先锋奖”颁奖典礼，评选与发布“NEWi-先锋奖”新能源行业杰出科学家、新能源行业企业创新奖、行业优秀供应商”(联系主办方索取评选申请表)。04赞助方案1.本次会议设置总冠名、联合主办、协办单位、赞助单位、支持单位、手提袋、胸卡挂绳、椅背广告、酒水赞助、会议视频广告（会议室大屏播放）晚宴礼品、笔本赞助、茶歇赞助等会议赞助类别（详细赞助方案请联系主办方）。2、参展每个展位费用：12000元，包括2人的午餐、晚宴费用，展台费用，两份资料费用等。3、展位实际尺寸2米宽×3米高（设计尺寸2米宽×2.3米高）PART 04报名缴费TECHNOLOGY1.参会费用：限时600元/人，（限主机、电池电芯等下游单位）,其它限时优惠1200/人。（转发会议信息集18个赞）2.参会注册费含会议资料、茶点、2次午餐、1场交流晚宴、参会材料等费用；3.会议统一安排食宿，住宿费自理；4.发票内容为“会议费”，开具增值税普通发票，不开增值税专用发票；注：所有人员凭参会证入场！提前报名缴费！汇款信息账 户：北京京昇文化传播有限公司账 号：040 4090 1030 0000 3837开户行：北京农村商业银行股份有限公司四季青支行行 号 ：402100000260 付款请注明：杭州会议+姓名，并将付款凭证保留，便于报到时查验。缴费成功后，请保持手机畅通，会务组会尽快与您联系，感谢您的支持！开票信息发送：46090424@qq.com参会、参展、宣传及赞助事宜： 王老师 188 1048 8288（同微） 张老师 182 3806 7581（同微） 袁老师 192 9355 9185（同微） 郭老师 192 8668 2548（同微） 李老师 138 1196 8226（同微）扫码加入固态/正极材料群进群备注：公司名称/姓名/职务主动发名片一张请识别二维码或添加***********欢迎同仁进群交流！PART 05往届会议/企业名单（部分）TECHNOLOGY由今日锂电、苏银产业园联合主办、清陶云能、尚金干燥协办的2026（常州）固态电池新技术应用大会暨固态电池材料制备与验证研讨会在常州富都洲际酒店顺利举办，来自全国各地300余位专家、企业代表参与了本次大会。由今日锂电主办的锰系与铁锂正极材料技术论坛，已连续成功举办三届，共计2000余人次参会嘉宾出席，已成为国内正极材料行业具较高影响力会议。已报名参会企业人员名单：公司职位四川欧美华环境工程有限公司销售副总监三井金属贸易（上海）有限公司主管北方科技大学轮特环境科技无锡有限公司业务海四达电源有限公司研究院负责人天齐锂业新能源技术研究有限公司研发工程师上海纬钠新能源科技有限公司CTO天齐高级研发工程师中国五矿长沙矿冶院所长中国五矿长沙矿冶院高级经理中国五矿长沙矿冶院固态事业部部长轮特环境科技无锡有限公司业务轮特环境科技无锡有限公司经理德腾挤出技术（南京）总经理新疆大学博士研究生合肥格朗检测科技有限公司销售经理盛新锂能集团股份有限公司高级研发工程师盛新锂能集团股份有限公司副总工程师浙江日出医化有限公司部长浙江金沃精工股份有限公司研发负责人盛新锂能集团股份有限公司战略投资部总经理中电四公司高级工程师浙江启源新材料有限公司副主任工程师国联芯材（北京）科技有限公司市场推广经理北汽新能源工程师耐驰（上海）机械仪器有限公司新能源销售总监苏州中硅智能科技有限公司总经理广汽集团汽车工程研究院主任工程师杭州社区服务有限公司董事西北工业大学教授安徽科技工程大学学生安徽科技工程大学博士广西大学学生北京新能源汽车有限公司工程师奇瑞汽车股份有限公司主任工程师宜兴市东山新型材料有限公司总工浙江鑫核科技有限公司总经理湖北金泉新材料有限公司研发总监江苏宜锂科技有限责任公司总经理有研新能源材料(江西)有限公司总经理海南大学教授奇瑞汽车主管工程师嘉拓智能高级主任机械工程师星恒电源股份有限公司高级经理天津国安盟固利新材料科技股份有限公司新材料CTO中国五矿长沙矿冶院高工上海昱瓴新能源科技有限公司董事长国轩高科首席科学家/教授茂名创能烯碳科技有限公司总经理上海大学研究员国家新能源汽车技术创新中心部长东莞市星辰锂能咨询有限公司总经理蓝廷新能源酥科技(浙江)有限公司/中国科学院理化技术研究所董事长/研究员苏州大学教授中国科学院宁波材料所研究员浙江工业大学教授中南大学教授河北工业大学能源与环保材料研究所教授/所长郑州大学教授/所长武汉天石科丰新能源科技有限公司/武汉理工大学副教授/首席科学家六盘水师范学院教授沈阳工业大学教授/所长联泓新材料科技股份有限公司投资经理沈阳工业大学教授/所长上海应用技术大学教授/所长诩辰科技(广州)有限公司教授哈尔滨工业大学(威海)教授电子科技大学/川钜能储能教授深圳清研电子科技有限公司总经理联泓研究院研发经理奇瑞汽车股份有限公司设备助理工程师奇瑞股份有限公司工程师宜春万申智能装备股份有限公司业务经理安徽科技工程大学副院长河南科技大学教师湖北金泉新材料研发总监江苏天瑞仪器股份有限公司区域经理深标智能检测与评定技术服务（深圳）有限公司销售经理常州锂源经理上海瓦鲁自动化经理佛山市金奥宇智联科技有限公司经理佛山市金奥宇智联科技有限公司经理农环科技(上海)有限公司总经理菲特中国制药科技有限公司工程师宁德时代副总经理安徽麒锂特科技有限公司总经理散裂中子源科学中心助理研究员散裂中子源科学中心无散裂中子源科学中心副研究员中信金属股份有限公司研发工程师天津爱沃新能源科技有限公司总监江西省科技成果转移转化中心副研究员新能源公司工厂长泽峰创新（深圳）能源科技有限公司市场雷法贸易（大连）有限公司耐材专家浙江启源研发浙江启源新材料有限公司副主任工程师散裂中子源科学中心研究院山东精工电子科技股份有限公司经理安徽新锰都科技有限公司总经理杭州五星铝业有限公司技术经理苏州吴江市松陵电器设备有限公司董事长上海奥克化学市场安徽金瑞投资集团有限公司投资总监北京金融街资本运营集团有限公司业务总监福建理工大学学生河南硅烷科技发展股份有限公司销售总监湖北航天化学技术研究所工程师湖北航天化学技术研究所助理工程师北京英诺格林科技有限公司总经理浙江师范大学博士浙江师范大学学生浙江师范大学学生肖特（上海）精密材料和设备国际贸易有限公司高级经理浙江师范大学学生山东盛景化工有限公司总经理杭州瑞合泰基金投资管理有限公司高级投资经理广东博海化工科技有限公司总经理广东博海化工科技有限公司研发主任广东博海化工科技有限公司电子商务经理广东博海化工科技有限公司项目总经理和励同芯新能源科技（天津）有限公司副总经理东风汽车集团高级经理鸿凯市场推广经理浙江大学博士中国化信情报顾问上海檀之茗科技中心销售工程师建发物流集团有限公司业务经理广汽集团汽车工程研究院主任工程师航天电源市场总监散裂中子源科学中心研究院广东众昌智能科技有限公司销售往期推荐圆满结束！！！第三届锰系新能源与高压实磷酸铁锂技术大会会议总结！2026固态电池新技术应用大会暨固态电池材料制备与验证研讨会圆满结束！！！第二届锰系新能源正极材料技术大会会议总结。聚焦锰系与磷酸铁锂材料前沿技术，共探行业新趋势（1）南昌会议总结。聚焦锰系与磷酸铁锂材料前沿技术，共探行业新趋势（2）不喜欢同期举办2026“NWEi-先锋奖”颁奖典礼，评选与发布“NEWi-先锋奖”新能源行业杰出科学家、新能源行业企业创新奖、行业优秀供应商”(联系主办方索取评选申请表)。",,,,pending
20亿！贵州一年产7万吨新能源含氟材料生产项目首次公开,今日锂电,今日锂电,"RIOnews API, 新材料",normal,2026-09-27T09:49:05+08:00,,近日，贵州圣钘新材料有限公司年产7万吨新能源含氟材料生产项目在相关网站首次公开。项目概述：项目名称：贵州圣钘新材料有限公司年产7万吨新能源含氟材料生产项目建设单位：贵州圣钘新材料有限公司建设地址：贵州省黔南州福泉市牛场镇双龙工业园区项目投资：总投资约200000万元建设内容：项目规划产能7万吨/年，统一规划分期建设。其中一期建设2.5万吨/年锂电池专用含氟溶剂生产线；二期建设2万吨/年锂电池专用含氟锂盐、2.5万吨/年锂电池专用含氟溶剂生产线及配套设施。项目地块面积约232亩，包含办公楼、质检楼、中控楼、消防水站、循环水站、搅拌站、生产车间、溶剂回收车间、仓库、罐区、三废治理等其他配套设施。项,http://mp.weixin.qq.com/s?__biz=MzkyNzc0MDc0MA==&mid=2247519863&idx=1&sn=38b3d6e2734139be85615037b186a783,,近日，贵州圣钘新材料有限公司年产7万吨新能源含氟材料生产项目在相关网站首次公开。项目概述：项目名称：贵州圣钘新材料有限公司年产7万吨新能源含氟材料生产项目建设单位：贵州圣钘新材料有限公司建设地址：贵州省黔南州福泉市牛场镇双龙工业园区项目投资：总投资约200000万元建设内容：项目规划产能7万吨/年，统一规划分期建设。其中一期建设2.5万吨/年锂电池专用含氟溶剂生产线；二期建设2万吨/年锂电池专用含氟锂盐、2.5万吨/年锂电池专用含氟溶剂生产线及配套设施。项目地块面积约232亩，包含办公楼、质检楼、中控楼、消防水站、循环水站、搅拌站、生产车间、溶剂回收车间、仓库、罐区、三废治理等其他配套设施。项目建设总工期为24个月。贵州圣钘新材料有限公司成立于2026年8月26日，是浙江圣钘科技有限公司全资子公司。不喜欢近日，贵州圣钘新材料有限公司年产7万吨新能源含氟材料生产项目在相关网站首次公开。,,,,pending
欢迎加入钠电技术交流群,今日钠电,今日钠电,"RIOnews API, 钠离子电池, 钠电",normal,2026-09-27T09:41:05+08:00,,扫码加入钠电技术交流群进群备注：公司名称/姓名/职务/钠电群。主动发名片一张请识别二维码或添加***********欢迎同仁进群交流！不喜欢扫码加入钠电技术交流群进群备注：公司名称/姓名/职务/钠电群。主动发名片一张请识别二维码或添加***********欢迎同仁进群交流！,http://mp.weixin.qq.com/s?__biz=Mzk0NDQ5MjcxMg==&mid=2247489282&idx=3&sn=8946451ab42d01265ac2bf1cbce6dee6,,扫码加入钠电技术交流群进群备注：公司名称/姓名/职务/钠电群。主动发名片一张请识别二维码或添加***********欢迎同仁进群交流！不喜欢扫码加入钠电技术交流群进群备注：公司名称/姓名/职务/钠电群。主动发名片一张请识别二维码或添加***********欢迎同仁进群交流！,,,,pending
从造纸废料到储能新星：木质素基硬碳如何重塑钠电负极格局,今日钠电,今日钠电,"RIOnews API, 钠离子电池, 钠电, 钠电正极, 钠电负极, 产品发布, 发布, 全新, 展出, 合作进展, 投资, 合作, 学术研究, 大学, 科学院, 研究所, 技术进展, 技术突破, 掺杂改性, 前沿技术",normal,2026-09-27T09:41:05+08:00,,在钠离子电池产业化加速落地的今天，负极材料的成本与性能始终是制约大规模应用的核心瓶颈。硬碳凭借其独特的乱层结构与优异的储钠能力，已成为公认的钠电负极首选材料。而在众多碳前驱体中，木质素——这种造纸工业每年产生数千万吨的副产物，正凭借低成本、可再生、结构可调控等优势，从工业废料华丽转身为高性能硬碳的理想前驱体，为钠电产业的绿色化与降本提供了全新路径。一、为什么是木质素？天然高分子的储钠禀赋木质素是自然界中储量仅次于纤维素的第二大天然高分子，也是制浆造纸工业的主要副产物，全球年产量超5000万吨，而其有效利用率不足10%，大部分被直接焚烧或排放，既浪费资源又污染环境。从分子结构看，木质素由苯丙烷单,http://mp.weixin.qq.com/s?__biz=Mzk0NDQ5MjcxMg==&mid=2247489282&idx=1&sn=46941ecb7c6f75e39bcff84ebe797185,,"在钠离子电池产业化加速落地的今天，负极材料的成本与性能始终是制约大规模应用的核心瓶颈。硬碳凭借其独特的乱层结构与优异的储钠能力，已成为公认的钠电负极首选材料。而在众多碳前驱体中，木质素——这种造纸工业每年产生数千万吨的副产物，正凭借低成本、可再生、结构可调控等优势，从工业废料华丽转身为高性能硬碳的理想前驱体，为钠电产业的绿色化与降本提供了全新路径。一、为什么是木质素？天然高分子的储钠禀赋木质素是自然界中储量仅次于纤维素的第二大天然高分子，也是制浆造纸工业的主要副产物，全球年产量超5000万吨，而其有效利用率不足10%，大部分被直接焚烧或排放，既浪费资源又污染环境。从分子结构看，木质素由苯丙烷单元通过醚键和碳碳键交联而成，具有天然的三维芳香网络结构：高碳产率：芳香环结构使其碳化产率可达30%-40%，远高于纤维素、淀粉等生物质；结构可调：丰富的官能团（羟基、甲氧基、羰基）为分子修饰与孔结构调控提供了反应位点；自带杂原子：天然含有氧、硫等元素，碳化过程中可实现原位掺杂，提升材料导电性；成本极低：作为工业废料，原料成本仅为树脂基碳源的1/5-1/10，经济性显著。相比于椰壳、树脂等传统硬碳前驱体，木质素基硬碳在保持相当电化学性能的同时，原料成本可降低60%以上，且不受原料产地与季节性供给限制，完美契合钠电大规模储能的成本需求。二、核心技术：从分子到微观结构的精准调控木质素转化为高性能硬碳的关键，在于通过工艺调控实现层间距、孔隙结构、缺陷程度三者的最优平衡。传统直接碳化法制备的木质素硬碳普遍存在首次库仑效率低、倍率性能差等问题，近年来学术界与产业界发展出多种改性策略，推动性能不断突破。1. 分子工程与闭孔调控华南理工大学团队提出的分子工程策略，通过调控木质素的交联程度，在高温碳化过程中引导闭孔结构的形成。木质素的交联作用可抑制石墨微晶的定向排列，从而生成更多封闭微孔——这正是硬碳储钠的关键位点。经优化后的材料闭孔比例大幅提升，在0.02 A/g电流密度下可逆比容量达361.4 mAh/g，首次库仑效率高达90.8%，全电池质量能量密度达到257.8 Wh/kg。2. 预氧化诱导交联策略以造纸工业副产物木质素磺酸钠为原料，通过预氧化处理诱导分子间交联，可在后续高温热解中有效抑制石墨微晶的取向生长，形成扩大的层间距与闭孔主导结构。研究表明，1300℃碳化时闭孔率可达94.27%，结合N/S共掺杂的电子态调控效应，材料可逆容量突破401.5 mAh/g，500次循环后容量保持率仍达95.0%，创下木质素基硬碳的性能新高。3. 杂原子掺杂改性氮、磷、硅等杂原子掺杂是提升硬碳倍率性能的有效手段。氮掺杂可提高材料电子电导率并增加缺陷位点，使首次库仑效率提升至87.5%；硅掺杂则通过原子取代扩大碳层间距，改善钠离子扩散动力学，掺硅样品在25 mA/g下容量达347.7 mAh/g，200次循环后容量保持率84.9%。4. 模板法与形貌调控通过硬模板（SiO₂、CaO）、软模板或自模板法，可制备具有分级孔结构的木质素基硬碳微球、碳纤维等多种形貌。其中球形硬碳具有均匀的离子传输路径与较低的比表面积，在50 mA/g下容量达335.9 mAh/g，循环寿命超过1600圈，特别适合对长循环要求高的储能场景。三、电化学性能：比肩传统硬碳的实力验证经过多年技术迭代，木质素基硬碳的综合性能已达到甚至超过部分商用硬碳水平，核心指标全面提升：性能指标传统直接碳化优化后木质素基硬碳商用树脂基硬碳可逆容量190-230 mAh/g330-400 mAh/g300-350 mAh/g首次库仑效率60%-70%85%-91%88%-92%倍率性能(4A/g)80-100 mAh/g160-170 mAh/g150-180 mAh/g循环保持率(200次)70%-80%85%-95%90%-95%从储钠机制看，木质素基硬碳同样呈现""斜坡区+平台区""的典型放电曲线：高于0.1V的斜坡容量来自表面与缺陷处的钠离子吸附，低于0.1V的平台容量则对应钠离子在石墨层间的嵌入与闭孔内的填充。通过工艺调控，可实现两种储钠机制的最佳平衡，兼顾能量密度与功率密度。值得关注的是，原料纯度对性能影响显著。研究表明，去除半纤维素后的纯化碱木质素制备的硬碳，可逆容量从198.5 mAh/g提升至277.5 mAh/g，首次库仑效率从60.2%提升至76.1%，这也推动了木质素预处理工艺的不断完善。四、应用场景与产业化进程1. 规模化储能：成本优势最突出木质素基硬碳的低成本特性，使其在电网侧储能、工商业储能等对成本极度敏感的场景具有天然优势。结合钠电本身的长循环、高安全特性，可构建度电成本极低的储能系统，助力新能源消纳与电网调峰。2. 低速电动车与两轮车在A00级电动车、电动两轮车等领域，木质素基钠电硬碳能够满足续航与成本的双重需求，同时具备优异的低温性能，在北方冬季环境下容量衰减远小于锂电池。3. 产业化进展国际上，芬兰斯道拉恩索公司已实现木质素基硬碳（Lignode®）的产业化，年产能达5万吨，主要供应锂电与钠电负极市场。国内方面，圣泉集团、湖南钠能时代、河南巨峰科技等企业纷纷布局生物质基硬碳产线，其中竹木质素、秸秆木质素等原料路线已进入中试与量产阶段，成本优势逐步显现。五、挑战与未来展望尽管木质素基硬碳发展迅速，但仍面临一些挑战：原料稳定性：不同来源的木质素结构差异大，导致产品性能波动，需建立标准化原料分级体系；首次效率：与顶尖树脂基硬碳相比仍有差距，需进一步优化表面结构与成膜工艺；产线匹配：现有硬碳产线多针对树脂与椰壳设计，木质素工艺需配套专用设备。展望未来，木质素基硬碳的技术演进将朝着三个方向发展：精准合成：从分子层面设计前驱体结构，实现孔结构与层间距的原子级调控；复合改性：与软碳、金属化合物复合，构建双碳或多相复合负极，进一步提升倍率与循环；全产业链协同：打通制浆-木质素提取-碳化-电池应用的全产业链，实现真正的循环经济。从造纸黑液中的废弃物，到储能电池中的核心材料，木质素基硬碳的崛起不仅是一项材料技术的突破，更是绿色化工与新能源产业跨界融合的典范。随着技术的持续成熟与产线的不断落地，这种""变废为宝""的材料将在钠电产业化浪潮中扮演越来越重要的角色，为双碳目标的实现注入绿色动能。2026第3届中国钠电材料与钠电场景应用技术会议 同期举办：钠电行业供应链对接交流会PART 01会议组织TECHNOLOGY主办单位：今日锂电/今日钠电承办单位：北京京昇文化传播有限公司 会议时间：2026年12月3-4日（2日签到）会议地点：待定总冠名/联合主办/招募中···协办单位：/招募中···长沙钠离子电池创新联合体银川苏银产业园发展有限公司深圳市新能源行业协会碳材山庄支持单位：/招募中···新能源前沿新能源在线锂电PLUS展台赞助：/招募中···PART 02会议内容/日程安排TECHNOLOGY2026第3届中国钠电材料与钠电场景应用技术会议 定于2026年12月3-4日召开，本次会议将邀请钠电行业的知名专家、学者和企业代表，围绕钠电材料与钠电场景最新研究成果及应用作专题报告，促进钠离子电池领域产学研合作，进行深入交流探讨。同期举办：钠电行业供应链对接交流会，搭建供应链平台，促进产业供需交流合作。会议议题“双碳”背景下钠电储能行业前景探讨大规模钠电产业链前景发展钠电热失控控制技术发展固态钠电技术发展前景与技术低成本大规模钠电商业储能技术突破要点钠电池在低速车/起停换电行业市场发展钠电正极材料前驱体行业发展层状氧化物正极材料规模化生产技术前景P2/P3型金属掺杂优化探讨聚阴离子型正极材料新技术工艺应用NFPP正极材料高压实低成本技术研究锰基钠电正极材料应用研究磷酸盐类/复合焦磷酸铁钠正极材料优化磷酸铁钠高比容量技术发展普鲁士蓝/白类材料低成本技术与制备钠电关键制造设备新技术与智能化纳米化研磨分散新技术应用碳气联产在低成本硬碳前驱体规模化生产中的应用生物质基硬碳材料开发与应用煤基/沥青基硬碳负极材料产业化进展树脂/塑料基高性硬碳负极材料的开发应用碳材料绿色、智能提纯工艺发展钠电专用电解液发展与新技术应用钠电专用铝箔新技术应用（以上内容为拟定，以最终会议现场主题为准）演讲报告申请：王老师:***********邮 箱:46090424@qq.comPART 03科技赋能，焕新日常TECHNOLOGY01会议形式20+5（每位专家20分钟报告+5分钟互动问答交流）交流方式，增加会议互动性；30+行业大咖，500+上下游企业从业者共聚一堂；诚邀高校/科研院所与产业技术从业者观点碰撞与交流，聚焦行业热点，解读技术与产业发展。02会议特色现场展台产品展示，“会+展”助力产业链上下游技术与市场对接，搭建立体化高效交流平台；1.5 天论坛，涉及钠电行业装备、技术、材料、检测仪器设备等，全方位展示最新前沿技术研究与进展，深入探讨未来回收发展方向。03赞助方案1、本次会议设置总冠名、联合主办、协办单位、赞助单位、支持单位、手提袋、胸卡挂绳、椅背广告、酒水赞助、会议视频广告（会议室大屏播放）晚宴礼品、笔本赞助、茶歇赞助等会议赞助类别（详细赞助方案请联系主办方）。2、参展每个展位费用：12000元，包括2人的午餐、晚宴费用，展台费用，两份资料费用等。3、展位实际尺寸2米宽×3米高（设计尺寸2米宽×2.3米高）04会议特色同期举办2026“NWEi-先锋奖”颁奖典礼，评选与发布“NEWi-先锋奖”钠电料杰出科学家、钠电企业创新奖”(联系主办方索取评选申请表)。PART 04扫码报名TECHNOLOGY1.参会注册费用：限时免费参会！A.全免费：（转发会议信息至朋友圈集28个赞，0费用，不含餐）B.参会费600元：（转发会议信息至朋友圈集18个赞，含餐费、供应链交流晚餐费用）C.福利参会：（转发会议信息至朋友圈集68个赞，送含餐费、供应链交流晚餐费用门票，限十名）2.参会注册费含会议资料、茶点、2次午餐、1场交流晚宴、参会材料等费用；3.会议统一安排食宿，住宿费自理；4.发票内容为“会议费”，开具增值税普通发票，不开增值税专用发票；注：所有人员凭参会证入场！提前报名缴费！汇款信息账 户：北京京昇文化传播有限公司账 号：040 4090 1030 0000 3837开户行：北京农村商业银行股份有限公司四季青支行行 号 ：402100000260 付款请注明：公司名称+姓名，并将付款凭证保留，便于报到时查验。缴费成功后，请保持手机畅通，会务组会尽快与您联系，感谢您的支持！开票信息发送：46090424@qq.com参会、参展、宣传及赞助事宜： 王老师 188 1048 8288（同微） 张老师 182 3806 7581（同微） 袁老师 192 9355 9185（同微） 郭老师 192 8668 2548（同微） 李老师 138 1196 8226（同微）扫码加入钠电/碳材料群进群备注：公司名称/姓名/职务主动发名片一张请识别二维码或添加***********欢迎同仁进群交流！PART 05往届回顾TECHNOLOGY（上届部分名单）1.宁德时代新能源科技股份有限公司2.天能集团3.福建金年能源有限公司4.湖南钠能时代科技发展有限公司5.北京当升材料科技股份有限公司6.广西亮见能源科技有限公司7.浙江昌意钠电储能有限公司8.广州华弛钠创能源科技有限公司9.上海朋泽机电科技有限公司10.河南鹏辉电源有限公司11.张家港市日新机电有限公司12.三峡实验室（湖北三峡实验室）13.江苏碳什科技有限公司14.西安超码科技有限公司15.秦皇岛宇顺智能科技有限公司16.浙江大学17.北京硬碳新能源研究院18.苏州多多化学科技有限公司19.容钠新能源20.威尔登环保设备（长沙）有限公司21.梧州市同创新能源材料有限公司22.武汉天钠科技有限公司23.斯瑞尔环境科技股份有限公司24.四川康泽宏云国际贸易有限公司25.潍坊新翰泽能源科技有限公司26.鹤壁市联强电子有限公司27.山东杰特姆粉体技术设备有限公司28.深圳市新威尔电子有限公司29.湖南青冲新材料股份有限公司30.常州品正干燥有限公司31.江苏润鸿高温窑具有限公司32.青岛大地碳素科技有限公司33.长沙永乐康仪器设备有限公司34.钠远新材科技（无锡）有限公司35.河北经贸大学36.湖州英钠新能源材料有限公司37.襄阳泽东新能源发展有限公司38.河南国疆新材料科技有限公司39.湖南金岭机床科技集团有限公司40.长沙鼎鼎节能科技有限公司41.珠海纳甘新能源技术有限公司42.湖南阿斯米科技有限公司43.西安陕煤泾久新能源科技有限公司44.中国原子能科学研究院45.湖南帝贝科技有限公司46.湖南师范大学47.湖南源创高科工业技术有限公司48.有研（广东）新材料技术研究院49.聊城吉瑞新能源材料有限公司50.江西熠烽新能源科技有限公司51.黑龙江唯大绿能科技有限公司52.茂名创能烯碳科技有限公司53.安徽新锰都科技有限公司54.广西飞力新能源科技有限公司55.江苏博涛智能热工股份有限公司56.银川苏银产业园发展有限公司57.佛山市坤顺纳米科技有限公司58.恒力康辉59.中南林业科技大学60.会同汇达竹业有限公司61.武汉钠新材料技术有限公司62.山东泰东新材料有限公司63.内蒙古神东能源集团有限公司64.湖南火鸟新材料科技有限公司65.山西鑫晟新材料股份有限公司66.湖南极电特能科技有限公司67.东莞市华晟达新能源有限公司68.上海微谱检测科技集团股份有限公司69.广州三优帮投资有限责任公司70.华鼎国联四川动力电池有限公司71.杭州千惠街科技有限公司72.四川大学73.浙江金琨西立锆珠有限公司74.锂安智能（厦门）科技有限公司75.鸿海科技集团76.浙江瓦司特钠科技有限公司77.广汽研究院78.五矿新能79.中国散裂中子源80.武汉理工大学81.深圳杰锂能源有限公司82.青岛盛瀚色普技术有限公司83.宜昌晶能富新材料有限公司84.无锡钠科能源科技有限公司85.山东零壹肆先进材料有限公司86.山东华特磁电科技股份有限公司87.武汉赛能科技有限公司88.山西中能汇通科技有限公司89.北京华宇忠宜科技有限公司90.郑州嵩山电热元件有限公司91.汾阳禾电新能源科技有限公司92.江苏晨力环保科技有限公司93.北票新正粉末冶金有限公司94.什邡市产业促进服务中心95.广东邦普循环科技有限公司96.川田机械制造（上海）有限公司97.湖南钠邦新能源有限公司98.长沙铁瑜网络技术有限公司99.东莞市琅菱机械有限公司100.河南大森林生物科技有限公司101.长沙矿冶院检测技术有限责任公司102.江苏翔鹰新能源科技有限公司103.宜都市招商局104.朝阳博晟冶金科技有限公司105.抚顺市秀霖化工有限公司106.超威电源集团有限公司107.宜兴市灵谷塑料设备有限公司108.华北理工大学109.壳牌（上海）技术有限公司110.湖北江宸新能源科技有限公司111.扬州派斯特换热设备有限公司112.石家庄学院113.贵州振华新材料股份有限公司114.江西科技师范大学115.江苏正旭企新材料有限公司116.邦普宜化新材料有限公司117.瓦时动力（广东）科技有限公司118.广州邦禾检测技术有限公司119.武汉珈钠能源科技有限公司120.西北工业大学121.合肥工业大学122.湖南丰化材料发展有限公司123.新乡市双虎振动设备有限公司124.环测威检测认证有限公司125.今日锂电126.合肥联宝信息技术有限公司127.博亿深圳工业科技有限公司128.深圳博钠新能源科技有限公司129.追日磁电130.淄博华鸣新材料有限公司131.无锡市卓灵干燥设备有限公司132.长沙西丽纳米研磨科技有限公司133.苏州优锆纳米材料有限公司134.广东省中科供应链管理股份有限公司135.安徽世绿环保科技有限公司136.宜兴市宙斯泵业有限公司137.长江大学138.雅安扬广新能源科技有限公司139.九江杜威橡胶科技有限公司140.淄博瓷瑞新材料科技有限公司141.金川集团股份有限公司142.中国石油辽河石化分公司143.北汽新能源汽车股份有限公司144.辽宁奥克化学股份有限公司145.兰州大学146.眉山里钠能源科技有限公司147.广东加华美认证有限公司148.河南佰利新能源材料有限公司149.东北大学150.吉钠（江苏）科技有限公司151.西安建筑科技大学152.河北惠尔信新材料股份有限公司153.昆明理工大学154.江苏省士捷机械设备有限公司155.江苏众钠能源科技有限公司156.四川发展天路电力有限公司157.英飞同仁风机股份有限公司158.安徽鑫钠新材料159.宁波云舟竹制品有限公司160.浙江旭派动力科技有限公司161.优赛创投162.四川生钠科技有限公司163.南通金通储能164.郭氏集团四川津大坩埚耐材有限公司165.四川省郭氏金大碳素材料有限公司166.营口航盛科技实业有限责任公司沈阳分公司167.中南大学168.万荣县百盛生物炭业有限公司169.东红能源科技（河南）有限公司170.电子科技大学171.成都方大炭炭复合材料股份有限公司172.清源创新实验室173.孚能科技（赣州）股份有限公司174.广东奥克莱集团有限公司175.广东奥克化学有限公司176.兴荣新源（厦门）有限公司177.云南云天化股份有限公司研究院178.江苏欧麦朗能源科技有限公司179.重庆润际远东新材料科技股份有限公司180.上海达链181.广东容钠新能源科技有限公司182.华阳集团产业技术研究总院183.苏州高博储能科技有限公司184.成都爱敏特新能源技术有限公司185.四川省产业与金融发展促进会186.深圳市坪山区发展和改革局187.Sejong University188.中钠时代 (深圳) 新能源科技有限公司189.吉林省青禾碳科钠电科技有限公司190.金湾产业投资（深圳）有限公司191.兰州交通大学192.宁波华洋利嘉进出口有限公司193.巴中碳原子新材料科技有限公司194.江苏吉厚智能科技有限公司195.嘉兴长篙新材料科技有限公司196.兴储世纪科技有限公司197.重庆理工大学198.重庆交通大学199.贵州安达新能源材料有限公司200.成都灰尘科技有限公司201.成都乐航商贸有限公司202.广东金垚新材料科技有限公司203.广东风华新能源股份有限公司204.佛山市金奥宇智联科技有限公司205.界首华宇新能源销售有限公司206.华宇能源销售有限公司207.山东联创产业发展集团有限公司208.天津大学209.清华大学山西清洁能源研究院210.深圳德邦界面材料有限公司211.宜春学院212.常州钠金智能科技有限公司213.湖南丰日电源电气股份有限公司214.上海派能能源科技股份有限公司215.河南理工大学216.泰苓科技（湖州）有限公司217.易事特集团股份有限公司218.江苏钠博恩新材料有限公司219.温州大学220.河北工业大学221.国钠能源科技（河北）有限公司222.上海钇天数字科技有限公司223.四川旌峰新材料有限公司224.临漳县众泰碳素有限公司225.盐池县钠元科技有限公司226.中园新能源227.嘉兴谦吉投资有限公司228.上海加力气体有限公司229.湖州源沁新材料有限公司230.潍坊追日磁电科技有限公司231.四川赛恩思仪器有限公司232.广东东南科创科技有限公司233.湖南荣炭科技有限公司234.上海元欢纳米科技有限公司235.四川普瑞晟科技有限公司236.山东万联达仪器有限公司237.珠海欧美克仪器有限公司238.四川什邡市跃成化工科技有限公司239.北京精微高博仪器有限公司240.河北诺达化工设备有限公司241.浙江华熔科技股份有限公司242.无锡创想分析仪器有限公司243.重庆川东化工（集团）有限公司244.中国科学院山西煤炭化学研究所245.福建龙亿粉体装备制造有限公司246.四川金地亚美科技有限公司247.萨震压缩机（上海）有限公司248.山东恒磁科技有限公司249.廊坊乾耀科技有限公司250.青神县商务局251.嘉兴源钠匠科技有限公司往期推荐圆满落幕 | 2026 第 2 届（西部）钠电正负极材料与钠电场景应用技术会议成都收官产学研深度联动，共筑钠电产业高质量发展新格局圆满结束！2025钠电正极材料与钠电储能技术论坛/中国首届钠电硬炭负极技术论坛建议收藏！全网最全350余家钠电产业链全梳理名单（新增9家，持续更新中）不喜欢在钠离子电池产业化加速落地的今天，负极材料的成本与性能始终是制约大规模应用的核心瓶颈。",,,,pending
限时免费参会！ 2026第3届中国钠电材料与钠电场景应用技术会议 同期举办：钠电行业供应链对接交流会：常州/12月3-4日,今日钠电,今日钠电,"RIOnews API, 钠离子电池, 钠电, 钠电正极, 合作进展, 投资, 合作, 学术研究, 大学, 科学院, 研究所, 技术进展, 技术突破, 前沿技术",normal,2026-09-27T09:41:05+08:00,,2026第3届中国钠电材料与钠电场景应用技术会议 同期举办：钠电行业供应链对接交流会PART 01会议组织TECHNOLOGY主办单位：今日锂电/今日钠电承办单位：北京京昇文化传播有限公司 会议时间：2026年12月3-4日（2日签到）会议地点：待定总冠名/联合主办/招募中···协办单位：/招募中···长沙钠离子电池创新联合体银川苏银产业园发展有限公司深圳市新能源行业协会碳材山庄支持单位：/招募中···新能源前沿新能源在线锂电PLUS展台赞助：/招募中···PART 02会议内容/日程安排TECHNOLOGY2026第3届中国钠电材料与钠电场景应用技术会议 定于2026年12月3-4日召开，本,http://mp.weixin.qq.com/s?__biz=Mzk0NDQ5MjcxMg==&mid=2247489282&idx=2&sn=1970863d540630fd24449341b93de838,,2026第3届中国钠电材料与钠电场景应用技术会议 同期举办：钠电行业供应链对接交流会PART 01会议组织TECHNOLOGY主办单位：今日锂电/今日钠电承办单位：北京京昇文化传播有限公司 会议时间：2026年12月3-4日（2日签到）会议地点：待定总冠名/联合主办/招募中···协办单位：/招募中···长沙钠离子电池创新联合体银川苏银产业园发展有限公司深圳市新能源行业协会碳材山庄支持单位：/招募中···新能源前沿新能源在线锂电PLUS展台赞助：/招募中···PART 02会议内容/日程安排TECHNOLOGY2026第3届中国钠电材料与钠电场景应用技术会议 定于2026年12月3-4日召开，本次会议将邀请钠电行业的知名专家、学者和企业代表，围绕钠电材料与钠电场景最新研究成果及应用作专题报告，促进钠离子电池领域产学研合作，进行深入交流探讨。同期举办：钠电行业供应链对接交流会，搭建供应链平台，促进产业供需交流合作。会议议题“双碳”背景下钠电储能行业前景探讨大规模钠电产业链前景发展钠电热失控控制技术发展固态钠电技术发展前景与技术低成本大规模钠电商业储能技术突破要点钠电池在低速车/起停换电行业市场发展钠电正极材料前驱体行业发展层状氧化物正极材料规模化生产技术前景P2/P3型金属掺杂优化探讨聚阴离子型正极材料新技术工艺应用NFPP正极材料高压实低成本技术研究锰基钠电正极材料应用研究磷酸盐类/复合焦磷酸铁钠正极材料优化磷酸铁钠高比容量技术发展普鲁士蓝/白类材料低成本技术与制备钠电关键制造设备新技术与智能化纳米化研磨分散新技术应用碳气联产在低成本硬碳前驱体规模化生产中的应用生物质基硬碳材料开发与应用煤基/沥青基硬碳负极材料产业化进展树脂/塑料基高性硬碳负极材料的开发应用碳材料绿色、智能提纯工艺发展钠电专用电解液发展与新技术应用钠电专用铝箔新技术应用（以上内容为拟定，以最终会议现场主题为准）演讲报告申请：王老师:***********邮 箱:46090424@qq.comPART 03科技赋能，焕新日常TECHNOLOGY01会议形式20+5（每位专家20分钟报告+5分钟互动问答交流）交流方式，增加会议互动性；30+行业大咖，500+上下游企业从业者共聚一堂；诚邀高校/科研院所与产业技术从业者观点碰撞与交流，聚焦行业热点，解读技术与产业发展。02会议特色现场展台产品展示，“会+展”助力产业链上下游技术与市场对接，搭建立体化高效交流平台；1.5 天论坛，涉及钠电行业装备、技术、材料、检测仪器设备等，全方位展示最新前沿技术研究与进展，深入探讨未来回收发展方向。03赞助方案1、本次会议设置总冠名、联合主办、协办单位、赞助单位、支持单位、手提袋、胸卡挂绳、椅背广告、酒水赞助、会议视频广告（会议室大屏播放）晚宴礼品、笔本赞助、茶歇赞助等会议赞助类别（详细赞助方案请联系主办方）。2、参展每个展位费用：12000元，包括2人的午餐、晚宴费用，展台费用，两份资料费用等。3、展位实际尺寸2米宽×3米高（设计尺寸2米宽×2.3米高）04会议特色同期举办2026“NWEi-先锋奖”颁奖典礼，评选与发布“NEWi-先锋奖”钠电料杰出科学家、钠电企业创新奖”(联系主办方索取评选申请表)。PART 04扫码报名TECHNOLOGY1.参会注册费用：限时免费参会！A.全免费：（转发会议信息至朋友圈集28个赞，0费用，不含餐）B.参会费600元：（转发会议信息至朋友圈集18个赞，含餐费、供应链交流晚餐费用）C.福利参会：（转发会议信息至朋友圈集68个赞，送含餐费、供应链交流晚餐费用门票，限十名）2.参会注册费含会议资料、茶点、2次午餐、1场交流晚宴、参会材料等费用；3.会议统一安排食宿，住宿费自理；4.发票内容为“会议费”，开具增值税普通发票，不开增值税专用发票；注：所有人员凭参会证入场！提前报名缴费！汇款信息账 户：北京京昇文化传播有限公司账 号：040 4090 1030 0000 3837开户行：北京农村商业银行股份有限公司四季青支行行 号 ：402100000260 付款请注明：公司名称+姓名，并将付款凭证保留，便于报到时查验。缴费成功后，请保持手机畅通，会务组会尽快与您联系，感谢您的支持！开票信息发送：46090424@qq.com参会、参展、宣传及赞助事宜： 王老师 188 1048 8288（同微） 张老师 182 3806 7581（同微） 袁老师 192 9355 9185（同微） 郭老师 192 8668 2548（同微） 李老师 138 1196 8226（同微）扫码加入钠电/碳材料群进群备注：公司名称/姓名/职务主动发名片一张请识别二维码或添加***********欢迎同仁进群交流！PART 05往届回顾TECHNOLOGY（上届部分名单）1.宁德时代新能源科技股份有限公司2.天能集团3.福建金年能源有限公司4.湖南钠能时代科技发展有限公司5.北京当升材料科技股份有限公司6.广西亮见能源科技有限公司7.浙江昌意钠电储能有限公司8.广州华弛钠创能源科技有限公司9.上海朋泽机电科技有限公司10.河南鹏辉电源有限公司11.张家港市日新机电有限公司12.三峡实验室（湖北三峡实验室）13.江苏碳什科技有限公司14.西安超码科技有限公司15.秦皇岛宇顺智能科技有限公司16.浙江大学17.北京硬碳新能源研究院18.苏州多多化学科技有限公司19.容钠新能源20.威尔登环保设备（长沙）有限公司21.梧州市同创新能源材料有限公司22.武汉天钠科技有限公司23.斯瑞尔环境科技股份有限公司24.四川康泽宏云国际贸易有限公司25.潍坊新翰泽能源科技有限公司26.鹤壁市联强电子有限公司27.山东杰特姆粉体技术设备有限公司28.深圳市新威尔电子有限公司29.湖南青冲新材料股份有限公司30.常州品正干燥有限公司31.江苏润鸿高温窑具有限公司32.青岛大地碳素科技有限公司33.长沙永乐康仪器设备有限公司34.钠远新材科技（无锡）有限公司35.河北经贸大学36.湖州英钠新能源材料有限公司37.襄阳泽东新能源发展有限公司38.河南国疆新材料科技有限公司39.湖南金岭机床科技集团有限公司40.长沙鼎鼎节能科技有限公司41.珠海纳甘新能源技术有限公司42.湖南阿斯米科技有限公司43.西安陕煤泾久新能源科技有限公司44.中国原子能科学研究院45.湖南帝贝科技有限公司46.湖南师范大学47.湖南源创高科工业技术有限公司48.有研（广东）新材料技术研究院49.聊城吉瑞新能源材料有限公司50.江西熠烽新能源科技有限公司51.黑龙江唯大绿能科技有限公司52.茂名创能烯碳科技有限公司53.安徽新锰都科技有限公司54.广西飞力新能源科技有限公司55.江苏博涛智能热工股份有限公司56.银川苏银产业园发展有限公司57.佛山市坤顺纳米科技有限公司58.恒力康辉59.中南林业科技大学60.会同汇达竹业有限公司61.武汉钠新材料技术有限公司62.山东泰东新材料有限公司63.内蒙古神东能源集团有限公司64.湖南火鸟新材料科技有限公司65.山西鑫晟新材料股份有限公司66.湖南极电特能科技有限公司67.东莞市华晟达新能源有限公司68.上海微谱检测科技集团股份有限公司69.广州三优帮投资有限责任公司70.华鼎国联四川动力电池有限公司71.杭州千惠街科技有限公司72.四川大学73.浙江金琨西立锆珠有限公司74.锂安智能（厦门）科技有限公司75.鸿海科技集团76.浙江瓦司特钠科技有限公司77.广汽研究院78.五矿新能79.中国散裂中子源80.武汉理工大学81.深圳杰锂能源有限公司82.青岛盛瀚色普技术有限公司83.宜昌晶能富新材料有限公司84.无锡钠科能源科技有限公司85.山东零壹肆先进材料有限公司86.山东华特磁电科技股份有限公司87.武汉赛能科技有限公司88.山西中能汇通科技有限公司89.北京华宇忠宜科技有限公司90.郑州嵩山电热元件有限公司91.汾阳禾电新能源科技有限公司92.江苏晨力环保科技有限公司93.北票新正粉末冶金有限公司94.什邡市产业促进服务中心95.广东邦普循环科技有限公司96.川田机械制造（上海）有限公司97.湖南钠邦新能源有限公司98.长沙铁瑜网络技术有限公司99.东莞市琅菱机械有限公司100.河南大森林生物科技有限公司101.长沙矿冶院检测技术有限责任公司102.江苏翔鹰新能源科技有限公司103.宜都市招商局104.朝阳博晟冶金科技有限公司105.抚顺市秀霖化工有限公司106.超威电源集团有限公司107.宜兴市灵谷塑料设备有限公司108.华北理工大学109.壳牌（上海）技术有限公司110.湖北江宸新能源科技有限公司111.扬州派斯特换热设备有限公司112.石家庄学院113.贵州振华新材料股份有限公司114.江西科技师范大学115.江苏正旭企新材料有限公司116.邦普宜化新材料有限公司117.瓦时动力（广东）科技有限公司118.广州邦禾检测技术有限公司119.武汉珈钠能源科技有限公司120.西北工业大学121.合肥工业大学122.湖南丰化材料发展有限公司123.新乡市双虎振动设备有限公司124.环测威检测认证有限公司125.今日锂电126.合肥联宝信息技术有限公司127.博亿深圳工业科技有限公司128.深圳博钠新能源科技有限公司129.追日磁电130.淄博华鸣新材料有限公司131.无锡市卓灵干燥设备有限公司132.长沙西丽纳米研磨科技有限公司133.苏州优锆纳米材料有限公司134.广东省中科供应链管理股份有限公司135.安徽世绿环保科技有限公司136.宜兴市宙斯泵业有限公司137.长江大学138.雅安扬广新能源科技有限公司139.九江杜威橡胶科技有限公司140.淄博瓷瑞新材料科技有限公司141.金川集团股份有限公司142.中国石油辽河石化分公司143.北汽新能源汽车股份有限公司144.辽宁奥克化学股份有限公司145.兰州大学146.眉山里钠能源科技有限公司147.广东加华美认证有限公司148.河南佰利新能源材料有限公司149.东北大学150.吉钠（江苏）科技有限公司151.西安建筑科技大学152.河北惠尔信新材料股份有限公司153.昆明理工大学154.江苏省士捷机械设备有限公司155.江苏众钠能源科技有限公司156.四川发展天路电力有限公司157.英飞同仁风机股份有限公司158.安徽鑫钠新材料159.宁波云舟竹制品有限公司160.浙江旭派动力科技有限公司161.优赛创投162.四川生钠科技有限公司163.南通金通储能164.郭氏集团四川津大坩埚耐材有限公司165.四川省郭氏金大碳素材料有限公司166.营口航盛科技实业有限责任公司沈阳分公司167.中南大学168.万荣县百盛生物炭业有限公司169.东红能源科技（河南）有限公司170.电子科技大学171.成都方大炭炭复合材料股份有限公司172.清源创新实验室173.孚能科技（赣州）股份有限公司174.广东奥克莱集团有限公司175.广东奥克化学有限公司176.兴荣新源（厦门）有限公司177.云南云天化股份有限公司研究院178.江苏欧麦朗能源科技有限公司179.重庆润际远东新材料科技股份有限公司180.上海达链181.广东容钠新能源科技有限公司182.华阳集团产业技术研究总院183.苏州高博储能科技有限公司184.成都爱敏特新能源技术有限公司185.四川省产业与金融发展促进会186.深圳市坪山区发展和改革局187.Sejong University188.中钠时代 (深圳) 新能源科技有限公司189.吉林省青禾碳科钠电科技有限公司190.金湾产业投资（深圳）有限公司191.兰州交通大学192.宁波华洋利嘉进出口有限公司193.巴中碳原子新材料科技有限公司194.江苏吉厚智能科技有限公司195.嘉兴长篙新材料科技有限公司196.兴储世纪科技有限公司197.重庆理工大学198.重庆交通大学199.贵州安达新能源材料有限公司200.成都灰尘科技有限公司201.成都乐航商贸有限公司202.广东金垚新材料科技有限公司203.广东风华新能源股份有限公司204.佛山市金奥宇智联科技有限公司205.界首华宇新能源销售有限公司206.华宇能源销售有限公司207.山东联创产业发展集团有限公司208.天津大学209.清华大学山西清洁能源研究院210.深圳德邦界面材料有限公司211.宜春学院212.常州钠金智能科技有限公司213.湖南丰日电源电气股份有限公司214.上海派能能源科技股份有限公司215.河南理工大学216.泰苓科技（湖州）有限公司217.易事特集团股份有限公司218.江苏钠博恩新材料有限公司219.温州大学220.河北工业大学221.国钠能源科技（河北）有限公司222.上海钇天数字科技有限公司223.四川旌峰新材料有限公司224.临漳县众泰碳素有限公司225.盐池县钠元科技有限公司226.中园新能源227.嘉兴谦吉投资有限公司228.上海加力气体有限公司229.湖州源沁新材料有限公司230.潍坊追日磁电科技有限公司231.四川赛恩思仪器有限公司232.广东东南科创科技有限公司233.湖南荣炭科技有限公司234.上海元欢纳米科技有限公司235.四川普瑞晟科技有限公司236.山东万联达仪器有限公司237.珠海欧美克仪器有限公司238.四川什邡市跃成化工科技有限公司239.北京精微高博仪器有限公司240.河北诺达化工设备有限公司241.浙江华熔科技股份有限公司242.无锡创想分析仪器有限公司243.重庆川东化工（集团）有限公司244.中国科学院山西煤炭化学研究所245.福建龙亿粉体装备制造有限公司246.四川金地亚美科技有限公司247.萨震压缩机（上海）有限公司248.山东恒磁科技有限公司249.廊坊乾耀科技有限公司250.青神县商务局251.嘉兴源钠匠科技有限公司往期推荐圆满落幕 | 2026 第 2 届（西部）钠电正负极材料与钠电场景应用技术会议成都收官产学研深度联动，共筑钠电产业高质量发展新格局圆满结束！2025钠电正极材料与钠电储能技术论坛/中国首届钠电硬炭负极技术论坛建议收藏！全网最全350余家钠电产业链全梳理名单（新增9家，持续更新中）,,,,pending
2地热是如何形成的？,地学前沿观察,地学前沿观察,21C API,normal,2026-09-27T09:35:24+08:00,,2地热是如何形成的？,http://mp.weixin.qq.com/s?__biz=MzY4MjA3MDE4MA==&mid=2247486043&idx=1&sn=89cfcc716e83f0bb40d374ad24b3c943,,2地热是如何形成的？,,,,pending
英伟达加码玻璃基板,科创板日报,科创板日报,"21C API, 出货, 交付, 产能, 战略合作, 投资, IPO, 海外, 中试, 中试线, 送样, 客户验证, 认证, 量产, 落地",normal,2026-09-27T09:33:34+08:00,,韩媒称，英伟达正在评估采用玻璃基板方案，并与德国设备厂商SCHMID等企业开展合作。作者|宋子乔据《首尔经济日报》报道，英伟达正在评估采用玻璃基板方案，并与德国设备厂商SCHMID等企业开展合作。另据韩国科技媒体KIPOST报道，英伟达希望韩国、日本及中国台湾地区基板厂商两年内完成玻璃基板开发，最快有望在2028年前落地。SCHMID在上半年财报说明会上披露，公司正与英特尔、英伟达、AMD各自供应链内的核心供应商合作，共同研发玻璃基板设备。SCHMID首席战略官Roland Rettenmeier表示，玻璃通孔（Through-Glass Via，TGV）的金属化环节仍存在技术难点，客户认证尚,http://mp.weixin.qq.com/s?__biz=Mzg4MTEyNzc4Mg==&mid=2247647802&idx=1&sn=c7906f217c6b947e6f3d9d2274ff7191,,韩媒称，英伟达正在评估采用玻璃基板方案，并与德国设备厂商SCHMID等企业开展合作。作者|宋子乔据《首尔经济日报》报道，英伟达正在评估采用玻璃基板方案，并与德国设备厂商SCHMID等企业开展合作。另据韩国科技媒体KIPOST报道，英伟达希望韩国、日本及中国台湾地区基板厂商两年内完成玻璃基板开发，最快有望在2028年前落地。SCHMID在上半年财报说明会上披露，公司正与英特尔、英伟达、AMD各自供应链内的核心供应商合作，共同研发玻璃基板设备。SCHMID首席战略官Roland Rettenmeier表示，玻璃通孔（Through-Glass Via，TGV）的金属化环节仍存在技术难点，客户认证尚未完成。报道称，英伟达CEO黄仁勋此前与SK集团会长崔泰源会面，探讨包含玻璃基板在内的下一代半导体合作，同时积极推动台积电开发玻璃基板技术。这说明英伟达正认真评估玻璃基板方案，用于提升下一代GPU性能。此前5月，英伟达与玻璃基板大厂康宁宣布达成一项多年期战略合作：英伟达将向康宁投资最高27亿美元并获配认股权证；康宁则将在美国新建三座先进制造厂，将本土光学连接产能扩大十倍，专项服务超大规模AI数据中心。玻璃基板属于新一代半导体封装材料，目标是替代传统有机基板。随着AI芯片性能持续提升，有机基板面临耐热不足、翘曲变形等技术瓶颈。相比之下，玻璃基板具备更优异的平整度与刚性，可将芯片运行速度提升约40%，同时功耗降低近一半。低热膨胀系数是玻璃基板另一项核心优势，其在高温环境下几乎不会形变，这一点对于发热量巨大的高性能AI芯片尤为关键。此外，玻璃拥有良好介电性能与低信号损耗，能够更稳定传输超高速信号；基板尺寸放大后，它的变形量更小，可在单一封装内集成更多芯片与HBM。当前，全球玻璃基板正由技术验证加速迈向中试、客户认证及量产导入。海外方面，英特尔持续推动Glass Core技术演进，DNP、三星电机、LG Innotek、Absolics等已进入试验线及客户送样阶段，量产节点集中于2028年前后，康宁AGC及LPKF等材料、设备厂商同步完善配套生态。国内产业化亦明显提速，京东方、沃格光电、美迪凯、蓝思科技等持续推进中试线建设、客户验证及小批量出货，TGV成孔、金属化、RDL等环节国产配套逐步完善。华创证券表示，面向半导体先进封装的玻璃芯基板长期发展空间星辰大海。随着AI/HPC与HBM驱动高端先进封装扩容，封装向更大尺寸演进，面板级封装趋势有望进一步放大玻璃在大尺寸、高平整度及低翘曲方面的适配优势，CPO及高频RF则有望持续打开新的应用边界。该机构进一步称，从产业链上看，玻璃原片方面，目前国产化仍处早期；GV成孔及玻璃基板加工方面，国内部分企业已实现设备海外销售及小批量复购；电镀及金属化方面，国内部分企业TGV添加剂、设备等已完成交付测试、形成批量出货并逐步放量；RDL曝光及CMP设备也值得关注。,,,,pending
陕西电力现货市场转正！但考验才刚开始！,国际能源研究中心,国际能源研究中心,"21C API, 储能, 储能系统, 独立储能, 装机, 报价, 亏损, 投资, 政策, 发布",normal,2026-09-27T09:31:56+08:00,,2026年9月25日，陕西电力现货市场正式转入运行。从2025年1月启动连续结算试运行算起，陕西用一年八个月走完了从“阶段性测试”到“常态化运营”的关键一步。全国第十个转正的省级电力现货市场，就此落定。对陕西而言，这个“第十”来得不算早。山西、广东、山东、甘肃等省份早已在现货市场常态化运行中积累了大量经验，蒙西、湖北、浙江、河北南网、安徽也先后转正。但陕西的转正，意义并不在于“赶了个晚集”，恰恰相反，陕西电力结构的特殊性，使其现货市场的正式运行成为观察中国电力市场化改革深层矛盾的一个关键样本。陕西的电力底色是煤。全省97个县（市）中67个分布煤炭资源，含煤面积占国土面积的27.7%，传统上是不,http://mp.weixin.qq.com/s?__biz=MzA5MDYwOTE2Nw==&mid=2650010454&idx=1&sn=d08ec4add10626c126f06de75e53aa70,,2026年9月25日，陕西电力现货市场正式转入运行。从2025年1月启动连续结算试运行算起，陕西用一年八个月走完了从“阶段性测试”到“常态化运营”的关键一步。全国第十个转正的省级电力现货市场，就此落定。对陕西而言，这个“第十”来得不算早。山西、广东、山东、甘肃等省份早已在现货市场常态化运行中积累了大量经验，蒙西、湖北、浙江、河北南网、安徽也先后转正。但陕西的转正，意义并不在于“赶了个晚集”，恰恰相反，陕西电力结构的特殊性，使其现货市场的正式运行成为观察中国电力市场化改革深层矛盾的一个关键样本。陕西的电力底色是煤。全省97个县（市）中67个分布煤炭资源，含煤面积占国土面积的27.7%，传统上是不折不扣的火电大省。但转折发生得比很多人预想的更快：截至2025年底，新能源装机达到6512万千瓦，占比51.1%，全年新增可再生能源装机1004万千瓦，占全省新增装机的93%。新能源从“补充电源”变成“主力电源”，意味着现货市场面临的价格博弈烈度远超从前。这一点在试运行期间已经暴露得非常充分。2026年4月，陕西现货实时市场光伏出清加权均价仅为45.359元/兆瓦时，而同期燃煤基准电价约为354.5元/兆瓦时——光伏价格不到火电的八分之一。2月到4月，光伏均价在36元到45元/兆瓦时之间徘徊，风电价格则经历了从187元骤降至97元再反弹至130元的“V型”波动。这种价格信号的极端分化，在传统火电主导的市场中是难以想象的。午间光伏大发时段电价被压至地板价，晚高峰又迅速拉升，日内价差拉大，对发电侧的报价策略、用户的用电行为、储能的投资决策都构成了全新的挑战。试运行期间暴露出的另一个问题更值得警惕。2025年1月至6月，陕西售电公司在批发市场的累计购电均价从0.362元/度下降至0.339元/度，降幅6.35%。但同期零售用户从售电公司购电的平均价格仅下降0.003元/度，不到批发侧降幅的十分之一。超过49家售电公司的售电均价超过市场平均水平的1.05倍，部分售电公司购销价差高达0.1元/度以上。陕西电力交易中心为此专门发布措辞严厉的《告陕西电力市场经营主体书》，直指售电公司利用信息差诱导用户签订畸高价格合同，甚至存在伪造公章、代管账号等违规行为。批发价格信号无法有效传导至终端用户，现货市场“发现价格、引导资源配置”的核心功能就被打了折扣。现货市场转正之后，这一问题若不能得到制度性解决，市场建设的初衷将在“最后一公里”被消解。陕西省发改委已经采取了行动。2025年7月起，陕西建立了零售市场超额收益分享机制，售电公司月度平均度电批零差价超过0.015元/千瓦时的部分须与用户分享。从2026年起，市场化用户不再执行政府峰谷浮动政策，电价全面转向由市场形成。这些措施的方向是正确的，但零售市场的规范治理是一项长期工程，转正之后需要持续的制度投入和监管执行力。对陕西的新能源企业来说，现货市场正式运行带来的不是“松一口气”，而是更严峻的考验。按照陕西承接国家136号文的实施方案，新能源上网电量原则上全部进入电力市场，机制电价存量项目执行0.3545元/千瓦时，增量项目竞价区间为0.18至0.3545元/千瓦时，执行期限10年。但现货市场4月份光伏均价仅约0.045元/千瓦时，与机制电价之间存在着数量级的差距。机制电价能在多大程度上覆盖新能源项目的固定成本，取决于机制电量比例的设定和实际执行情况，而“价格绞杀”已经在倒逼大批中小光伏项目面临持续亏损风险。这不是陕西独有的问题，但陕西的处境格外微妙。陕北地区定靖横、吴志安等千万千瓦级风光基地仍在加紧建设，新能源装机规模与比例还将持续攀升。装机越建越多，现货价格越压越低，如果没有完善的容量补偿机制或长期购电协议体系来托底，投资回收的不确定性将持续放大。一个值得关注的积极信号是，陕西在新型主体参与市场方面走得比较靠前。独立储能可以“报量不报价”方式参与日前电能量市场，虚拟电厂可以“报量报价”参与日前市场，分布式新能源可选择直接参与、虚拟电厂聚合或作为价格接受者进入市场。现货市场申报价格上下限调整为0至1000元/兆瓦时，为储能套利打开了空间。储能系统在午间低价时段购电，在一定程度上支撑了光伏价格中枢，形成了“低价充电、高价放电”的价值闭环雏形。但储能能否真正成为现货市场的“稳定器”而非“投机者”，取决于价格信号的准确性和规则设计的精细度。转正之后，市场规则的每一次调整都将产生真金白银的后果，这对监管能力提出了更高要求。陕西电力现货市场的转正，标志着西北地区电力市场化改革进入了一个新阶段。但“转正”从来不是改革的终点，而是更复杂博弈的起点。新能源高占比下的价格形成机制、批发到零售的有效传导、灵活调节资源的价值实现，这三个问题在陕西的实践中相互交织，构成了一个系统性挑战。陕西的探索路径，对整个西北乃至全国的新能源大省都具有参考价值。它的成功经验会被复制，它踩过的坑也会被规避。从这个意义上说，陕西现货市场正式运行的意义，远不止于一个省份的市场建设进展。它是一面镜子，照出的是中国电力市场化改革在新能源时代的真实水位。—— 相关阅读:电力现货市场基本概念及出清和结算原理国调中心: 省间电力现货市场实践与探索南网总调: 南方区域电力现货市场出清原理培训电力市场化交易｜哪些因素会改变“竞价空间”？,,,,pending
美国科技公司发起AI能源管理联盟，AIDC主动挖掘自身柔性,南方能源观察,南方能源观察,"21C API, 储能, 可靠性, 融资, 投资, 并网",normal,2026-09-27T09:30:00+08:00,,全文1253字，阅读大约需要2分钟未经许可严禁以任何形式转载南方能源观察微信号：energyobserver欢迎投稿，投稿邮箱：eomagazine@126.comeo记者 何奕辰 综合报道编辑 韩晓彤审核 姜黎 排版 江涛2026年9月16日，由英伟达、谷歌和软件初创公司 Emerald AI 共同发起的AI能源管理联盟（AI Energy Management Alliance，AEMA）正式成立，另有18家企业以启动伙伴身份加入，覆盖发电、储能、数据中心运营和基础设施等能源与AI全价值链环节。英伟达官方博客称，AEMA旨在推动柔性数据中心的建设，建成后，数据中心可通过在电网供需紧张时迁移,http://mp.weixin.qq.com/s?__biz=MjM5OTY4NjAwMQ==&mid=2650149167&idx=1&sn=4c47ef6788789cedb6dca96a8fa06448,,全文1253字，阅读大约需要2分钟未经许可严禁以任何形式转载南方能源观察微信号：energyobserver欢迎投稿，投稿邮箱：eomagazine@126.comeo记者 何奕辰 综合报道编辑 韩晓彤审核 姜黎 排版 江涛2026年9月16日，由英伟达、谷歌和软件初创公司 Emerald AI 共同发起的AI能源管理联盟（AI Energy Management Alliance，AEMA）正式成立，另有18家企业以启动伙伴身份加入，覆盖发电、储能、数据中心运营和基础设施等能源与AI全价值链环节。英伟达官方博客称，AEMA旨在推动柔性数据中心的建设，建成后，数据中心可通过在电网供需紧张时迁移算力负载、释放储能、启用现场发电和削减负荷四种方式，灵活调整从电网获取的电力。这反映了AIDC对自身定位认知的转变：从受端的刚性负荷，主动转变为“好商量”的柔性资源。这种转向并非凭空而来。从建设周期来看，美国大型AIDC在建筑施工环节一般需18-30个月。与之相比，高压输电项目从规划、审批到最终建成往往需要7-10年时间，建设周期差距达3倍以上。因此，在“拼命找电”之外，挖掘自身的柔性调节潜力，也不失为推进发展的一种方式。该联盟的成立回应了AI基础设施扩张面临的并网难题。AEMA估算，若能提升数据中心的灵活调度能力，可最多从现有电力系统中释放100GW容量，每新增1GW具备柔性的AI数据中心，可避免约7.33亿美元的电力系统成本。在AEMA正式成立之前，三大发起者已有相关动作。2026年3月，谷歌披露，已将总计1GW的需求响应容量纳入与多家美国公用事业公司签订的长期合同中，可在电网高峰时段转移或削减部分AI负载；英伟达为采用其Rubin处理器的数据中心提供配套服务，可依据电力信号优化电网用电、现场发电以及储能的利用效率；Emerald AI的Conductor平台负责在电网面临压力时压降服务器集群能耗，这款软件还能将功率削减对AI任务的影响尽量降低。该公司上月完成1.5亿美元融资，英伟达是投资方之一，两者正在美国弗吉尼亚州共建一座100MW的“全球首个具备电力柔性的AI工厂”。AEMA在成立之初就明确了自身目标：未来建设的AIDC不仅要接入电网，更要与电网协同运行，且可靠性至关重要。AEMA提出四项原则：数据中心在并网前明确界定低电压穿越、负荷削减与应急响应的义务边界；联盟成员统一技术要求、性能指标和运营数据共享规范；电网运营商对作出可信、可核查柔性承诺的成员，开放更快速且风险可控的并网通道；并网成本按实际的系统影响与效益分摊。但“柔性”本身是一种稀缺资源。要让一座AIDC真正具备可调控性，从工程实现角度看，系统需要具备任务可中断、训练与推理任务可分层调度、储能与备电深度配合的复合能力。这意味着，调度架构需要重构，算力利用率要做出实质性牺牲，储能和备电系统需要重资产投入。据媒体报道，AEMA的首要任务是为柔性数据中心制定最佳的实践标准。联盟希望建设方在新设施投入运行之前，就把这些标准纳入设计和实施环节，从源头实现算电协同。但AEMA最终能否建立起真正被使用的标准化体系，还取决于公用事业公司和电网运营商是否愿意把AMEA正在制定的相关技术要求写进并网流程与调度规程。与此同时，监管侧也有动作。美国联邦能源监管委员会（Federal Energy Regulatory Commission，FERC）将“面向柔性大负荷的新输电服务”列为改革方向之一，要求其管辖的六家区域电网运营商为愿意响应系统需求的大型柔性负荷提供输电服务。得克萨斯州《参议院第6号法案》（Senate Bill 6，SB 6）规定，2025年12月31日之后并入ERCOT的新增大型负荷，须配备远程断开等装置，并在ERCOT紧急调度情形下执行削减要求。不喜欢AIDC对自身定位认知的转变：从受端的刚性负荷，转变为“好商量”的柔性资源,,,,pending
远景电解槽最新突破！,氢能技术前沿,氢能技术前沿,"21C API, 储能, ESS, BESS, 储能系统, 产能, 安全认证, 样品, 认证",normal,2026-09-27T09:30:00+08:00,,第六届可持续航空燃料（SAF）大会将于2026年12月9-10日在成都召开，会议将探讨全球航空业脱碳趋势与SAF市场和供需展望，SAF项目成本与盈利能力分析，油脂加氢（HEFA）、木质纤维素制SAF、醇喷合成制SAF、合成气F-T合成制SAF、生物质气化与绿电、绿氢耦合制SAF、CO2和绿氢直接合成SAF技术，航空公司、飞机制造商和航发制造商的SAF应用经验，中国SAF出口途径与出口潜力等等。9月21日，远景EnGen-LPALK常压碱性电解槽获得必维国际检验集团（简称“必维”）线下颁发的ISO 22734-1:2025产品认证。据悉，这是电解水制氢设备产品方面最权威的认证，标志着以远景为代表,http://mp.weixin.qq.com/s?__biz=MzA5NzMwODcyMA==&mid=2650404424&idx=1&sn=36cbbef97abbcc675ff618dedf13ebd7,,第六届可持续航空燃料（SAF）大会将于2026年12月9-10日在成都召开，会议将探讨全球航空业脱碳趋势与SAF市场和供需展望，SAF项目成本与盈利能力分析，油脂加氢（HEFA）、木质纤维素制SAF、醇喷合成制SAF、合成气F-T合成制SAF、生物质气化与绿电、绿氢耦合制SAF、CO2和绿氢直接合成SAF技术，航空公司、飞机制造商和航发制造商的SAF应用经验，中国SAF出口途径与出口潜力等等。9月21日，远景EnGen-LPALK常压碱性电解槽获得必维国际检验集团（简称“必维”）线下颁发的ISO 22734-1:2025产品认证。据悉，这是电解水制氢设备产品方面最权威的认证，标志着以远景为代表的中国氢能技术方案加速走向世界。上一版电解水制氢设备安全标准为ISO 22734：2019，远景常压电解槽是2025最新标准下全球首台常压技术路线的制氢装备。此前，远景绿氨产品已通过ISCC Plus & EU RFNBO认证。至此，远景完成了从生产设备到产品的全链路国际权威认证，打通技术研发与经济性的双闭环。据悉，必维是全球知名的第三方检验、检测与认证机构，在工业设备安全认证领域具有广泛的国际公信力。颁发证书前，必维在远景赤峰零碳产业园全程见证并审核远景EnGen-LPALK-1000型号常压电解槽的15项全项型式测试，涵盖电气安全、泄漏、压力，功能与性能等核心参数。远景通过测验且各项指标全部达标，这意味着，远景电解槽技术获得权威第三方的可追溯独立背书，为国际客户提供了更具认可度的安全与质量保障。据了解，依托远景AI电力系统，远景赤峰产业园发电与制氢实现秒级智能响应：“远景天机”气象大模型提前预测风光变化，在风速增强前自动提升电解槽负荷；“远景天枢”能源大模型实时优化生产调度，当风光波动时，动态合成氨装置根据氢气产量也可以自动调节生产负荷，通过最小化的储氢量来保证负荷调节的稳定与安全。远景智能物联操作系统EnOS™精准调度电解槽的启停与负荷，让每一度绿电都物尽其用。电解槽的灵活启停能力由此融入整个能源与生产系统，支撑新能源向绿色氢氨醇的高效转化。正是这种系统级的协同能力，让远景电解槽的灵活启停从技术特性转化为实实在在的经济优势。在绿氢绿氨工厂中，电解制氢系统通常是最大的用电单元，其耗电量占项目总耗电量氢的80%以上。当风光出力不足时，若电解槽无法安全停机，项目就必须配置更大容量的BESS（电池储能系统）来维持电解槽运行，或从电网下电，这将显著推高制氢成本。远景常压电解槽可在无风无光时安全停机、风光恢复时快速启动，使BESS无需为“兜住”电解槽最低负荷而过度配置，系统协同效应更优，最终带来更经济的制氢和制氨价格。远景电解槽采用绝缘透明外流道设计。这有效提高了效率，电流效率上，远景常压碱性电解槽凭借长绝缘外流道设计将杂散电流降至最低，电流效率超过98%；而采用内流道设计的传统电解槽，约有10%的电流经碱液旁路流失，电流效率通常仅90%左右。规模化制氢场景下，8个百分点的差距就是可观的电力成本节约。经济之外，在用户最关注的安全方面，远景亦有不俗表现：测试数据显示，远景电解槽的安全性能表现优异。在所有工况下，氢中氧最大浓度仅为0.14%，氧中氢最大浓度仅为0.29%，远低于标准限值和可燃阈值。且由于远景常压电解槽运行压力仅为0.3 bar，远低于国内主流运行压力（均值为16bar-38 bar），相当于给安全上了“双保险”。而绝缘透明外流道设计也保障了安全性，操作人员可以直接观察到管道堵塞情况，出现问题及时介入维修，为设备长周期运行提供保障。第四届生物质气化与生物基绿色甲醇论坛将于2026年12月8日在成都召开。会议将探讨绿色甲醇产能规划及生物质气化市场前景，生物质气化与电解水绿氢耦合制绿色甲醇技术和成本，生物质破碎与成型预处理设备，生物质固定床、流化床、气流床和热解气化工艺与示范经验，生物基合成气净化技术与设备，绿色甲醇合成工艺与催化剂，生物基甲烷制绿色甲醇、绿色CO2和绿氢合成绿色甲醇等。第六届可持续航空燃料（SAF）大会将于2026年12月9-10日在成都召开，会议将探讨全球航空业脱碳趋势与SAF市场和供需展望，SAF项目成本与盈利能力分析，油脂加氢（HEFA）、木质纤维素制SAF、醇喷合成制SAF、合成气F-T合成制SAF、生物质气化与绿电、绿氢耦合制SAF、CO2和绿氢直接合成SAF技术，航空公司、飞机制造商和航发制造商的SAF应用经验，中国SAF出口途径与出口潜力等等。2026直接空气碳捕集（DAC）与CO2制高价值产品论坛将于12月11日在成都召开，会议将探讨DAC先进工艺、示范项目与能耗下降路径，DAC技术路线与关键材料——固态吸附剂、液态溶剂、膜分离和电化学技术，DAC捕集介质的再生方案，DAC与e-SAF、电制甲醇或电制甲烷的一体化工艺，CO2电催化还原制合成气技术，CO2制乙醇、α烯烃、芳烃、汽油、碳酸酯和可降解塑料等。此外，亚化咨询绿色能源化工领域项目数据库精选如下，欢迎联系亚化咨询了解详情：《中国生物质气化技术与项目数据库》《全球和中国绿色甲醇项目数据库》《全球和中国绿氨项目数据库》《中国可持续航空燃料（SAF）项目数据库》《全球和中国可控核聚变项目数据库》《中国绿氢项目数据库》亚化咨询会议赞助项目介绍主题演讲做一个主题演讲，介绍您的公司和业务现场展台现场展板(2m*3m)，也可展示设备、样品、资料会刊广告研讨会会刊，彩色全页广告（尺寸A4）资料入袋赞助企业的宣传册放入会议包袋现场易拉宝会场内外展示易拉宝展架礼品赞助您可以提供印有赞助商LOGO的礼品赠送参会嘉宾茶歇赞助冠名和赞助会议期间的茶歇晚宴赞助冠名和赞助会议的招待晚宴Logo展示背景墙 logo，会刊封面logo播放视频在会议茶歇、午餐期间播放贵公司的宣传视频如果您有意向参会/报告/赞助，欢迎您尽快与我们联系不喜欢第六届可持续航空燃料（SAF）大会将于2026年12月9-10日在成都召开！,,,,pending
清华大学张如范团队《Accounts of Materials Research》述评：基于化学产品工程的光热调控材料设计新思想,热辐射与微纳光子学,热辐射与微纳光子学,"21C API, 系统集成, 可靠性, 热管理, 实验室",normal,2026-09-27T09:22:02+08:00,,【导言】近日，清华大学化工系张如范副教授团队在国际学术期刊Accounts of Materials Research发表述评文章“Optical-Thermal Regulation Materials: A Product-Engineering Design Logic from Application Demands to Multifunctional Material Realization”，提出了一套基于化学产品工程理念的光热调控材料设计思想。该工作系统总结了光热调控材料从性能优化到实际应用过程中面临的关键挑战，并提出以应用需求为起点，通过精准光谱解耦、功能基元组装、过程优化和,http://mp.weixin.qq.com/s?__biz=MzI3NTE3MjUyOA==&mid=2664713791&idx=2&sn=2b81c39a4d58a743641e8d1d35cac59a,,"【导言】近日，清华大学化工系张如范副教授团队在国际学术期刊Accounts of Materials Research发表述评文章“Optical-Thermal Regulation Materials: A Product-Engineering Design Logic from Application Demands to Multifunctional Material Realization”，提出了一套基于化学产品工程理念的光热调控材料设计思想。该工作系统总结了光热调控材料从性能优化到实际应用过程中面临的关键挑战，并提出以应用需求为起点，通过精准光谱解耦、功能基元组装、过程优化和工程验证实现材料性能、制备过程与应用需求协同匹配的新型设计框架，为推动光热调控材料由实验室研究向实际产品转化提供了新的设计思路。图1 基于化学产品工程理念的光热调控材料设计思想。论文链接：https://doi.org/10.1021/accountsmr.6c00233【图文导览】光热调控材料是通过调节材料的光学性质和热辐射性质来实现光学功能调控和有效热管理的新型功能材料。根据调控方式不同，光热调控可分为被动式调控和主动式调控。被动式光热调控依靠材料自身纳米结构和光学性质实现固定光谱响应，例如辐射制冷材料通过高太阳反射率和中红外高发射率实现无需能耗的降温；主动式光热调控则利用外部刺激改变材料光谱特性，例如电致变色材料可根据环境变化动态调节太阳光透过能力。近年来，随着辐射制冷、电致变色等技术的发展，光热调控材料已在建筑节能、人体热管理、车辆热管理以及安全防护等领域展现出广阔应用前景。然而，随着材料从实验室走向实际应用，仅追求单一性能指标已经难以满足复杂应用需求。实际产品不仅需要优异的光热调控能力，还需要兼顾长期稳定性、规模化制造、成本控制以及复杂环境适应性。因此，如何建立从应用需求到材料设计的系统化路径，成为光热调控材料进一步发展的关键。在传统材料研究中，研究人员通常从材料组成和微观结构出发，通过不断优化材料性能，实现更高的光热调控效果。例如，辐射制冷材料研究重点在于提高太阳光反射能力，并增强在大气窗口波段的红外发射；电致变色材料研究重点在于更大的调制范围和更快的响应速度。然而，当光热调控材料在面向实际环境应用时，需要面临复杂的实际环境与规模制备上的约束，例如，面向建筑的材料需要考虑长期户外耐候性和大面积制造兼容性；人体热管理材料需要兼顾舒适性、柔性和可穿戴性能等。因此，光热调控材料的设计并不只是单一的性能优化，而是要综合考虑光热调控性能和多种性能搭配的综合收益，即应用真正需要什么性能？如何稳定、低成本地实现这些性能？针对上述问题，张如范团队提出了将化学产品工程理念引入光热调控材料设计的思想。化学产品工程区别于传统以过程优化为核心的化学工程模式，更加强调从产品功能和应用需求出发，将材料组成、结构设计、制备过程和最终性能进行系统关联。不同于材料导向的正向设计逻辑，该设计逻辑从实际应用需求出发，反向确定所需光谱功能、材料结构以及制备过程。基于这一理念，团队提出了化学产品工程理念引领的光热调控材料设计新逻辑，具体包括四个阶段。首先，在应用需求分析阶段，张如范团队从具体使用场景出发，系统分析光照条件、传热路径、环境条件和服役需求等边界因素，将复杂应用需求转化为明确的光学、热学及工程性能指标。随后，在光谱逆向解耦阶段，张如范团队根据不同波段在能量传递过程中的功能需求，对太阳光谱和热辐射过程进行分区调控，通过精准设计材料在不同波段的反射、透射、吸收和发射特性，实现目标光谱构筑和选择性调控。在此基础上，进行功能基元组装，依据“组成—结构—光谱—功能”之间的构效关系，将不同材料组分设计为承担特定光学或热学功能的功能基元，并通过颗粒尺度、孔结构、界面结构、层级结构及器件构型的协同调控，实现跨尺度单元的有序组装与耦合。最后，通过性能验证与评价，综合考察材料的光热调控能力以及耐候性、可靠性、可制造性和实际应用适配性，并将评价结果反馈至材料设计和制备过程，形成闭环迭代。【图文导览】近年来，张如范团队基于化学产品工程设计思想，围绕不同应用场景下的热量传递规律和功能需求，建立了从需求定义、功能设计、材料构筑到工程验证的系统开发路径。团队通过组分设计、结构调控和制备过程优化，构建了一系列面向实际应用的光热调控材料与器件体系，覆盖建筑热管理、车辆热管理、人体热管理以及红外隐身与防伪等领域，推动光热调控材料由单一性能优化向面向应用需求的产品化设计发展。建筑围护结构是光热调控材料的重要应用领域，其核心挑战是在满足对光照需求的同时降低太阳辐射带来的热负荷。包括透明围护结构（例如窗户）和非透明围护结构（例如墙壁）。透明光热调控建筑围护结构需要对不同波段太阳光进行精准管理，在保持可见光透过的基础上，实现对近红外热辐射的抑制或对中红外热量释放的调节。通过材料选择、界面设计以及光学结构构筑，可以实现透明性与热管理性能之间的协同优化，为未来建筑节能、智能窗以及低能耗室内环境调控提供新的材料解决方案。图2 面向建筑节能的透明光热调控结构设计。实际应用中的热管理过程通常涉及多个光谱区域，不同波段承担着不同的能量传递功能。因此，高性能光热调控系统需要突破单一波段优化的限制，从太阳光波段拓展至中红外波段，实现对太阳光谱和热辐射过程的协同控制。通过多层结构、功能材料复合以及动态调节机制，可以针对不同环境条件调整材料的光谱响应，实现采光、隔热、散热和环境适应能力之间的综合平衡。这种多波段设计理念体现了光热调控材料由单功能材料向智能化、多功能系统发展的趋势。图3 多波段协同调控的透明围护结构。对于非透明围护结构，主要需求是减少环境对建筑暖通能耗的影响，同时具备一定的耐候性与大规模制备潜力。辐射制冷是一种利用自然辐射过程实现降温的被动式热管理技术，其关键在于减少太阳辐射吸收，并增强材料在大气透明窗口范围内的热辐射能力。通过调控材料的光学性质和微观结构，可以实现太阳能输入与热辐射输出之间的有效平衡。相比依赖能源输入的传统制冷方式，辐射制冷材料能够在无需额外能耗的条件下实现降温，为建筑、设备以及大面积热管理场景提供了一种可持续的解决路径。图4 基于辐射制冷技术的被动式光热调控材料。环境条件具有动态变化特征，固定光谱响应的材料在复杂应用环境下存在一定局限。主动式光热调控材料能够通过外部刺激改变自身光学和热学性质，实现对能量传递过程的动态调节。通过引入响应性材料和智能器件结构，可以使系统根据环境变化在不同工作状态之间切换，从而兼顾降温、保温以及能源利用需求。此类动态调控策略为下一代智能建筑、智能交通和自适应热管理系统的发展提供了重要方向。图5 基于主动调控技术的智能光热管理材料。光热调控材料从实验室走向实际应用，需要进一步突破单一材料性能优化的限制，实现材料、器件和应用环境的系统集成。集成式建筑光热调控系统通过将透明调控、热辐射管理和动态响应等功能结合，可以更加全面地满足建筑节能和热舒适调控需求。同时，实际应用还要求材料具备长期稳定性、大面积制造能力以及工程适配性。因此，系统化设计成为推动光热调控技术产业化的重要方向。图6 面向建筑领域实际应用的集成式光热调控材料。车辆内部空间受到太阳辐射影响明显，尤其是在高温环境下容易产生热量积累，增加能源消耗并降低乘坐舒适性。面向车辆应用的光热调控器件需要兼顾透明显示、动态调节、机械适应性和长期稳定运行等多方面要求。通过智能光谱调控材料，可以根据环境条件主动改变太阳辐射响应，实现车内热环境优化。这类技术不仅适用于传统车辆，也为新能源车辆降低热管理负荷提供了新的材料方案。图7 面向车辆热管理的智能光热调控器件。人体热管理是光热调控材料的重要应用方向之一。可穿戴热管理材料通过调节人体与环境之间的能量交换，实现更加精准和低能耗的个人热舒适调节。此类材料需要同时具备高效光热调控能力、柔性、透气性以及长期穿戴稳定性。通过对纤维结构、材料组成和光谱响应进行协同设计，可以实现服装材料从被动制冷向主动环境适应的转变。图8 面向人体热管理的可穿戴光热调控材料。随着智能纺织和可穿戴技术的发展，光热调控功能逐渐由传统薄膜和涂层体系向纤维化方向拓展。光热调控纤维不仅需要实现对太阳辐射和人体热辐射的调节，还需要满足柔性加工、机械性能和功能集成等要求。通过将不同功能单元引入纤维结构，可以赋予材料多尺度、多模式的光热响应能力，为智能服装、个人热管理以及新型功能纺织品的发展提供基础。图9 多功能集成型光热调控纤维材料。随着现代探测技术的发展，目标识别已覆盖可见光、红外以及更宽光谱范围，因此安全防护材料需要具备多波段信息管理能力。光热调控材料通过设计不同波段的吸收、反射和发射特性，可以实现视觉外观调节、红外特征控制以及多光谱信息隐藏等功能。相比传统单一伪装材料，多波段光热调控体系能够提供更加综合的防护能力，为未来复杂环境下的信息安全和目标防护提供新的技术路径。图10 面向安全防护的多波段光热调控材料。通讯作者信息张如范清华大学化学工程系长聘副教授、特别研究员、博士生导师、国家高层次青年人才计划入选者、中国颗粒学会青年理事、中国化学会奖励推荐委员会委员,Smart Materials and Devices客座主编, Coatings、Processes编委, SusMat、Carbon Future、Carbon Energy、Carbon Neutralization、Carbon and Hydrogen、Particuology、Clean Energy及Exploration青年编委。主要从事纳米碳材料以及光热调控纳米材料的可控制备与性能表征及应用等方面的研究，共发表论文163篇，其中以第一/通讯作者身份在Science、Nature Nanotechnology、Nature Sustainability、Science Advances、Nature Communications、J. Am. Chem. Soc.、Angew. Chem. Int. Ed.、Advanced Materials等国际知名期刊发表论文一百多篇。主持军委科技委重点项目、军委科技委基础加强项目、国家自然科学基金委面上项目、中石化重点项目等项目十余项。申请发明专20余项,撰写学术专著7部。曾获中国纺织工业联合会科学技术奖自然科学奖一等奖(2026)、第五届青山科技奖(2026)、中国颗粒学会自然科学一等奖(2024)、中国石油和化学工业联合会科技进步二等奖(2025)、中国石油和化学工业联合会“青年创新奖”(2024)、中国石油和化学工业联合会首届“彤程青年研发基金”(2023)、中国纺织工业联合会自然科学二等奖(2024)、中国化工学会“侯德榜化工科学技术青年奖”(2019)、中国化学会青年化学奖(2018)、《麻省理工科技评论》中国区“35岁以下科技创新35人”(2018)、中国新锐科技人物(2018)、中国材料研究学会“全国超材料优秀青年学者”(2024)、全球华人化工学会“未来化工学者”(2024)、美国工程化科学协会“杰出创新奖”(2025)、瑞士乔诺法(Chorafas)青年研究奖(2015)等奖励。课题组网站链接：http://www.rufanzhang-group.cn",,,,pending
AI for Science 科研智能体与 AI-First科研工作流学习交流分享会,热辐射与微纳光子学,热辐射与微纳光子学,21C API,normal,2026-09-27T09:22:02+08:00,,深夜改论文，数据分析方法拿不准；几十条审稿意见摆在面前，不知道从哪一条开始；基金写到一半，总觉得科学问题、创新点和研究内容没有真正串起来；电脑里存了几百篇 PDF，真正需要的时候，却找不到那篇关键文献……这些科研工作，现在都开始有了一位新的“合作者”——AI。对研究生来说，它有点像一位24 小时在线的学长：可以陪你查文献、讨论问题、分析数据、修改论文、处理返修。对老师来说，它又有点像一位执行力很强的博士生：可以帮助梳理资料、推进任务，甚至把自己多年积累的方法和经验整理成可以反复使用的 Skill。但这次交流，我们并不准备讨论“怎样让 AI 替你写论文”。更想交流的是：今天的科研工作者，应该怎样,http://mp.weixin.qq.com/s?__biz=MzI3NTE3MjUyOA==&mid=2664713791&idx=1&sn=5378da5573fe8eefa792ffff8e98f339,,深夜改论文，数据分析方法拿不准；几十条审稿意见摆在面前，不知道从哪一条开始；基金写到一半，总觉得科学问题、创新点和研究内容没有真正串起来；电脑里存了几百篇 PDF，真正需要的时候，却找不到那篇关键文献……这些科研工作，现在都开始有了一位新的“合作者”——AI。对研究生来说，它有点像一位24 小时在线的学长：可以陪你查文献、讨论问题、分析数据、修改论文、处理返修。对老师来说，它又有点像一位执行力很强的博士生：可以帮助梳理资料、推进任务，甚至把自己多年积累的方法和经验整理成可以反复使用的 Skill。但这次交流，我们并不准备讨论“怎样让 AI 替你写论文”。更想交流的是：今天的科研工作者，应该怎样真正和 AI 一起工作？从“问 AI”到“和 AI 共事”很多人已经在使用 ChatGPT、Gemini、Claude、DeepSeek。但多数时候还是：“帮我润色一下。”“帮我总结这篇论文。”“帮我写段代码。”现在的 AI 已经不只是一个聊天窗口。随着Agent、Deep Research、项目工作区、Context Engineering、Skill 等能力不断发展，AI 正在逐渐进入完整的科研流程：读资料→ 查文献 → 分析数据 → 作图 → 写作修改 → 审稿返修 → 项目申请。所以这次分享不会罗列几十种 AI 工具，也不会发一堆“万能 Prompt”。我们会结合真实科研案例，分享一套更完整的AI-First 科研工作方式。两天主要分享什么？第一天上午AI-First 与科研 Agent从大模型、Agent 到 Skill，认识今天的 AI 到底能做什么。一起讨论：·人和 AI 怎样分工·科研资料怎样整理给 AI·Markdown、项目工作区与文件索引·长任务怎样持续推进和交接·怎样建立自己的第一个科研 Agent 项目第一天下午把科研问题真正说清楚重点分享复杂科研任务中非常重要的一件事：不要急着让 AI 做，先把任务说清楚。包括目标、背景、边界、证据要求和验收标准。信息不充分时，也可以让 AI 先提问、再执行。这一部分会结合：Deep Research、科研查新、文献阅读与证据库。第二天上午数据、科研作图与 SCI 论文结合真实科研任务分享：·AI 辅助代码与数据分析·科研数据图与机理示意图·SCI 论文构思、写作与修改·如何减少明显的“AI 味”·怎样避免 AI 把论文越改越长、越改越保守第二天下午审稿返修、基金申请与 Skill继续进入几个真实科研场景：·审稿意见拆解与返修·基金与项目申请·科研思路讨论与逻辑检查·怎样把自己的科研经验整理成 Skill这里的 Skill，不只是一个更长的 Prompt。它更像是把自己的：科研方法 + 判断标准 + 工作流程 + 验收要求沉淀下来，让 AI 以后能够按照自己的习惯和标准协助工作。一个真实科研案例贯穿两天这次分享不做“工具大拼盘”。我们会围绕一个真实科研问题，从头往后推进：查新→ 文献调研 → 数据分析 → 科研作图 → 论文构思 → 修改返修 → Skill 沉淀大家看到的不是几个孤立的 Demo，而是一套正在真实科研工作中使用的 AI for Science 工作流。分享会信息AI for Science 科研智能体与 AI-First 科研工作流学习交流分享会一、时间和地点时间：2026 年 10 月30 日–11月1日10月30日（周五）报到，10月31-11月1日分享会地点：济南市历城区经十东路 28666 号超算科技园二期 4 号楼二、分享形式与分享嘉宾分享讲解 + 现场演示 + 跟随实践 + 科研案例交流，无需 AI 或编程基础，建议自带笔记本电脑。分享嘉宾长期从事热流体、材料与能源方向的科研工作，同时是 AI for Science 科研智能体领域的实践者与布道者。自建了一套覆盖文献调研、科研构思、数据分析、科研作图、论文写作与修改、审稿返修、学术表达等科研全流程的 AI 科研 Skill 体系，课程案例均取自讲者日常科研中真实使用的 Skill 与 Agent 执行记录，学员看到的不是 Demo，而是一个科研工作者真实的 AI 工作台。三、分享会费用费用标准：3000 元 / 人早鸟优惠价：2700 元 / 人，2026年10月15日 (含) 前报名并缴费，享早鸟优惠价。注：分享会提供餐饮服务；住宿及交通费自理。四、住宿和用餐（一）住宿安排：超算人才酒店（推荐入住，入住自行办理）酒店地址：济南市历城区经十东路 28666 号稼轩国际人才社区超算人才公寓 4 号楼 1 层房型与价格（均含早餐）：雅致大床房：140 元 / 间 / 晚（含单早）雅致双床房：150 元 / 间 / 晚（含双早）（二）用餐安排：用餐地点：超算人才食堂用餐形式：自助餐 / 份餐，费用已含在分享会费用中，分享会期间统一安排。五、报名流程1. 报名方式添加QQ：3034908110手机及微信：***********邮箱：QingQi_ECS@163.com2. 报名缴费1）采用银行转账缴费，信息如下：单位名称：合肥青齐会展有限公司开户行：中国工商银行股份有限公司合肥蜀山产业园支行银行账号：13020001091002068552）微信、支付宝转账温馨提示：付款时请在附言中注明“科研智能体+ 姓名”（团体报名请注明 “科研智能体+ 单位 + 人数”），主办方确认收到对应款项后，即视为报名成功。我们真正想分享的，并不是：“怎样用 AI 写论文。”而是：怎样把 AI 变成一个真正参与科研工作的合作者。研究生，也许会多一位24 小时在线的学长。老师，也许会多一位随时可以一起推进科研工作的数字助手。AI for Science 科研智能体与 AI-First科研工作流学习交流分享会-报名通知.pdf,,,,pending
干货！钙钛矿叠层光伏组件全解,钙钛光能,钙钛光能,"21C API, 储能, 电力储能",normal,2026-09-27T09:19:08+08:00,,钙钛矿干货相关阅读：刘生忠等最新AM陈石&王行柱最新AEL来源 | 电力储能站编辑 | Melody关于CPPIA （CIAPST Perovskite PV&PE Industry Association）：中国国际科技促进会钙钛矿产业分会，是1988年由国务院科技领导小组批准成立的全国性社会团体 - 中国国际科技促进会（全国性行业协会）直属的行业分会，欢迎钙钛矿领域产、学、研、融、园等各相关单位关注并加入。Enable 钙钛矿 to Get Coin!,http://mp.weixin.qq.com/s?__biz=MzUzNjg1NTk3Mw==&mid=2247510674&idx=1&sn=d2fd2b3f4acb1ad4f74e860d7ae8aecf,,钙钛矿干货相关阅读：刘生忠等最新AM陈石&王行柱最新AEL来源 | 电力储能站编辑 | Melody关于CPPIA （CIAPST Perovskite PV&PE Industry Association）：中国国际科技促进会钙钛矿产业分会，是1988年由国务院科技领导小组批准成立的全国性社会团体 - 中国国际科技促进会（全国性行业协会）直属的行业分会，欢迎钙钛矿领域产、学、研、融、园等各相关单位关注并加入。Enable 钙钛矿 to Get Coin!,,,,pending
全球首个！钙钛矿产业展览会，一定值得你来【成都钙钛矿】,钙钛光能,钙钛光能,"21C API, 储能, 签约, 投资, 发布, 落地",normal,2026-09-27T09:19:08+08:00,,终于！钙钛矿行业迎来了专属展馆！首届钙钛矿产业展览会重磅落地成都，这一次，专属主题展馆、全产业链细分展区、专属产业活动，为钙钛矿行业打造一场专属展览会，实现从基础材料、制备设备、器件产品到场景应用的全链条展示，呈现当下钙钛矿产业化最新成果。除了钙钛矿，还有晶硅、储能展馆；除了展览，还有专题论坛；除了展品，还有新品发布、项目签约等精彩环节。如果你正在寻找供应商、寻找客户、寻找项目投资机会，或者想直观感受当前钙钛矿产业化的真实水平，这场展，一定值得你来。报告分享、展位预定、新品发布等赞助项目现已开放。名额有限，欢迎咨询。*科促会钙钛矿产业分会成员单位，还有免费展板位置！2026钙钛矿产业盛会 |,http://mp.weixin.qq.com/s?__biz=MzUzNjg1NTk3Mw==&mid=2247510674&idx=2&sn=b20f749dc37416368aac86eae8c37556,,终于！钙钛矿行业迎来了专属展馆！首届钙钛矿产业展览会重磅落地成都，这一次，专属主题展馆、全产业链细分展区、专属产业活动，为钙钛矿行业打造一场专属展览会，实现从基础材料、制备设备、器件产品到场景应用的全链条展示，呈现当下钙钛矿产业化最新成果。除了钙钛矿，还有晶硅、储能展馆；除了展览，还有专题论坛；除了展品，还有新品发布、项目签约等精彩环节。如果你正在寻找供应商、寻找客户、寻找项目投资机会，或者想直观感受当前钙钛矿产业化的真实水平，这场展，一定值得你来。报告分享、展位预定、新品发布等赞助项目现已开放。名额有限，欢迎咨询。*科促会钙钛矿产业分会成员单位，还有免费展板位置！2026钙钛矿产业盛会 | 钙钛矿分会成员单位专属宣传权益来了！ 赞助咨询，欢迎联系180 1772 9437，微信同号138 1525 5935，微信同号180 1772 4437，微信同号点击阅读，会议通知第22届CSPV钙钛矿专题分论坛 暨 2026钙钛矿与叠层电池（西部）产业化论坛⭐精彩回顾⭐钙钛矿与叠层太阳能电池（大西南）产业化论坛顺利召开第二届钙钛矿与叠层电池（大西南）产业化论坛顺利召开钙钛矿与叠层电池（大西北）产业化论坛顺利召开【21th CSPV预告】千余人参会、15个分会场、上百场报告！【21th CSPV首日】燃爆行业！千余人奔赴这场光伏盛会，你来了吗？【21th CSPV次日】精彩继续！名企云集、重磅报告持续释出【21th CSPV参观】纪兴源精密钙钛矿涂覆设备点亮淮南2025第八届中国国际光伏与储能产业大会隆重举行极电、通威、琏升、英发睿能、鹑火、先导、捷佳伟创、迈为、百佳年代、成都国检、十一科技、太阳井、南大光电...钙钛矿亮相大西南！编辑 | Melody关于CPPIA （CIAPST Perovskite PV&PE Industry Association）：中国国际科技促进会钙钛矿产业分会，是1988年由国务院科技领导小组批准成立的全国性社会团体 - 中国国际科技促进会（全国性行业协会）直属的行业分会，欢迎钙钛矿领域产、学、研、融、园等各相关单位关注并加入。Enable 钙钛矿 to Get Coin!不喜欢钙钛矿终于拥有属于自己的展馆,,,,pending
钙钛矿赋能屋顶光伏瓦,钙钛光能,钙钛光能,"21C API, 出货, 项目落地, 落地",normal,2026-09-27T09:19:08+08:00,,近日，在西安爱科赛博接待中心项目，仁烁光能光伏瓦交出了一份BIPV一体化答卷：光伏瓦与金属瓦同坡度、同肌理、同色调铺设，让发电构件融入建筑设计语言，兼顾建筑美学与清洁能源。光伏瓦依托钙钛矿光伏技术：更高光电转换效率，弱光环境依旧具备优异发电能力；低温度系数，高温工况下发电衰减更小；建筑化结构设计，密封防雨，直接替代传统屋面瓦。相关阅读：钙钛矿BIPV产品，出货钙钛矿视觉传感器项目落地宁波来源 | 仁烁光能编辑 | 茉莉雨关于CPPIA （CIAPST Perovskite PV&PE Industry Association）：中国国际科技促进会钙钛矿产业分会，是1988年由国务院科技领导小组,http://mp.weixin.qq.com/s?__biz=MzUzNjg1NTk3Mw==&mid=2247510674&idx=3&sn=4a7902288f20201971356e98cb455414,,近日，在西安爱科赛博接待中心项目，仁烁光能光伏瓦交出了一份BIPV一体化答卷：光伏瓦与金属瓦同坡度、同肌理、同色调铺设，让发电构件融入建筑设计语言，兼顾建筑美学与清洁能源。光伏瓦依托钙钛矿光伏技术：更高光电转换效率，弱光环境依旧具备优异发电能力；低温度系数，高温工况下发电衰减更小；建筑化结构设计，密封防雨，直接替代传统屋面瓦。相关阅读：钙钛矿BIPV产品，出货钙钛矿视觉传感器项目落地宁波来源 | 仁烁光能编辑 | 茉莉雨关于CPPIA （CIAPST Perovskite PV&PE Industry Association）：中国国际科技促进会钙钛矿产业分会，是1988年由国务院科技领导小组批准成立的全国性社会团体 - 中国国际科技促进会（全国性行业协会）直属的行业分会，欢迎钙钛矿领域产、学、研、融、园等各相关单位关注并加入。Enable 钙钛矿 to Get Coin!,,,,pending
中国驻泰国大使馆提醒：充分预留时间,财联社,财联社,"21C API, 高安全, 发布",normal,2026-09-27T09:13:00+08:00,,中国驻泰国大使馆发布消息：近日，泰国多地持续出现强降雨天气，曼谷及周边地区受影响较为明显。泰国气象局发布强降雨预警称，曼谷未来一段时间仍有大范围雷雨及局地大雨天气。9月26-27日，泰国中部包括曼谷及周边地区可能出现大雨至特大暴雨，提醒公众防范持续降雨引发的洪涝灾害。曼谷市政府宣布全市均为灾害影响区域，并启动防洪救灾指挥机制。中国驻泰国使馆特此提醒，请在泰中国公民及近期拟来泰人员提高安全防范意识，密切关注天气和道路情况，妥善做好防洪防涝准备。一、密切关注天气及当地官方信息。及时关注泰国气象局、曼谷市政府等官方渠道发布的天气预警、洪涝及道路交通信息，尤其是大雨、特大暴雨预警。居住在低洼地区、河道,http://mp.weixin.qq.com/s?__biz=Mzg5MzEyNzEwNQ==&mid=2247854856&idx=1&sn=1f4b4c6ea226b920e0f74e7e47eb29de,,中国驻泰国大使馆发布消息：近日，泰国多地持续出现强降雨天气，曼谷及周边地区受影响较为明显。泰国气象局发布强降雨预警称，曼谷未来一段时间仍有大范围雷雨及局地大雨天气。9月26-27日，泰国中部包括曼谷及周边地区可能出现大雨至特大暴雨，提醒公众防范持续降雨引发的洪涝灾害。曼谷市政府宣布全市均为灾害影响区域，并启动防洪救灾指挥机制。中国驻泰国使馆特此提醒，请在泰中国公民及近期拟来泰人员提高安全防范意识，密切关注天气和道路情况，妥善做好防洪防涝准备。一、密切关注天气及当地官方信息。及时关注泰国气象局、曼谷市政府等官方渠道发布的天气预警、洪涝及道路交通信息，尤其是大雨、特大暴雨预警。居住在低洼地区、河道沿岸、地下空间附近的人员，应提前了解所在社区的排水和避险情况，必要时及时转移至安全地点。二、合理安排出行，避免通过内涝区域。强降雨期间尽量减少非必要外出，避免前往低洼地区、河道沿岸、地下通道及已发生严重积水的道路。驾车出行前应查询实时路况，切勿强行驶入水深不明、无法看清路面或水流明显的积水区域。如车辆在涉水过程中熄火，切勿再次启动发动机，应立即确保人员安全并联系专业救援。三、做好居家及个人应急准备。居住在可能受洪涝影响地区的中国公民，建议提前适量准备饮用水、食品、常用药品、充电宝、手电筒等基本应急物资，并将护照等重要物品转移至较高位置。如发现住所周边水位持续上涨，应优先保障人员安全，按照当地政府或社区工作人员指引及时转移。四、来泰游客及短期人员请加强行程安全管理。近期计划来泰或已经在泰的中国游客、短期商务及探亲人员，应密切关注目的地天气和交通状况，合理调整旅游、商务及户外活动安排，避免在暴雨期间前往河流、瀑布等涉水区域以及山区、低洼地区游览。五、前往机场、火车站等交通枢纽时，应充分预留时间，提前确认道路及航班情况。如因暴雨导致行程受阻，可联系酒店、航空公司或当地旅游、交通部门寻求协助。如遇紧急情况，请及时报警并联系中国驻泰国使领馆寻求领事协助。联系方式：泰国报警电话：191泰国旅游警察热线：1155（提供中文服务）驻泰国使馆领事保护与协助电话：+66-2-245-7010驻清迈总领馆领事保护与协助电话：+66-53-280-618驻宋卡总领馆领事保护与协助电话：+66-81-766-5560驻孔敬总领馆领事保护与协助电话：+66-80-936-6070外交部全球领事保护与服务应急热线（24小时）：+86-10-12308+86-10-65612308不喜欢​,,,,pending
王振华：新法律体系下，我国矿产资源开采愈发规范,中国能源报,中国能源报,"21C API, 招标, 报价, 融资, 投资, 海外, 政策, 落地",normal,2026-09-27T09:10:00+08:00,,新版《中华人民共和国矿产资源法》施行进入第二年，《矿产资源法实施条例》今年6月15日正式施行，我国在矿产资源合理开发利用等方面迎来哪些全新变化与挑战？矿产资源是能源转型的重要物质基础，矿产资源领域法治化建设，对保障能源产业链供应链安全意义重大。新版《中华人民共和国矿产资源法》（以下简称新《矿产资源法》）施行进入第二年，《矿产资源法实施条例》（以下简称《实施条例》）今年6月15日正式施行，我国建立了完备的新一版“一法一条例”法律体系，矿产资源的合理开发利用等方面迎来哪些全新变化与挑战？《中国能源报》记者近日专访中国矿业联合会法律专委会副主任、北京市中伦律师事务所合伙人王振华。▲中国矿业联合会法律,http://mp.weixin.qq.com/s?__biz=MjM5NTI4MTIyMg==&mid=2658144001&idx=1&sn=d86cd81bc1c03b2382da69ecccff5876,,新版《中华人民共和国矿产资源法》施行进入第二年，《矿产资源法实施条例》今年6月15日正式施行，我国在矿产资源合理开发利用等方面迎来哪些全新变化与挑战？矿产资源是能源转型的重要物质基础，矿产资源领域法治化建设，对保障能源产业链供应链安全意义重大。新版《中华人民共和国矿产资源法》（以下简称新《矿产资源法》）施行进入第二年，《矿产资源法实施条例》（以下简称《实施条例》）今年6月15日正式施行，我国建立了完备的新一版“一法一条例”法律体系，矿产资源的合理开发利用等方面迎来哪些全新变化与挑战？《中国能源报》记者近日专访中国矿业联合会法律专委会副主任、北京市中伦律师事务所合伙人王振华。▲中国矿业联合会法律专委会副主任、北京市中伦律师事务所合伙人王振华矿产资源规范化管理是趋势中国能源报：新《矿产资源法》与《实施条例》陆续颁布，这一法律体系凸显矿产资源行业未来发展的何种趋势？对采矿行业有什么影响？王振华：从法律框架看，旧版矿产资源法律体系已较为完整，以旧版《矿产资源法》为基础，配套勘查、开采、探矿权采矿权转让三部管理办法。新版则延续“一法一条例”的框架体系，以新《矿产资源法》及其配套实施条例、《中华人民共和国生态环境法典》（以下简称《生态环境法典》）中涉及矿产资源的相关条款，以及《最高人民法院关于审理矿产资源纠纷案件适用法律若干问题的解释》，共同构成新形势下矿政管理的基础制度框架，体系更加完整。能源转型带动锂、钴、镍、稀土等关键矿产需求持续上涨，国内资源开发提速，矿政监管体系升级，既是规范矿业开发秩序，也是为能源产业链上游资源端筑牢法治底座。当前，全球矿业都在走向合规化，矿山监管越来越趋于合规，过去的粗放式管理已不再适用。以矿业权许可或权证管理为例，如今审查审批可压缩至15天，专家论证环节仅10天，监管流程更加精细化。自然资源管理部门不断提高自身的履职要求，相应地也对矿山企业提出更高要求，矿业管理走向规范化、合规化是大势所趋。中国能源报：新《矿产资源法》已施行满1年，《实施条例》也已出台，对采矿行业的整治成效如何？王振华：新《矿产资源法》虽然去年才正式实施，但相关立法工作起步很早。这次修法的大部分内容，很多在2015年出台的《生态文明体制改革总体方案》中就已明确，包括矿业权出让制度改革、矿业权权益金制度，以及矿山生态修复管理体系等方向。在这一顶层方案指引下，2017年、2019年、2023年多项规范性文件出台，引导矿业管理朝着既定方向推进。2019年新《矿产资源法》征求意见阶段，各地试点积累的实践经验也持续吸纳进立法进程。随着新《矿产资源法》落地实施以及今年配套条例正式施行，整套制度体系进一步完善。过去行业存在争议的不少问题，已经通过法律、条例予以明确界定。对矿企而言，经营与合规都需要做出较大调整。与此同时，法规落地将理顺关键矿产勘查开采、权益分配规则，减少资源开发中的制度障碍，稳定能源产业链上游的投资预期。矿业权出让制度迎来重塑中国能源报：新《矿产资源法》首次在法律层面提出绿色矿山建设要求，《实施条例》和《生态环境法典》也都有相关规定。绿色矿山从“政策倡导”变为“法定强制”，这对矿山企业意味着什么？矿山企业投融资、运营等逻辑是否发生改变？王振华：虽然这是绿色矿山首次上升到法律层面，但实际上，绿色矿山这项工作已在国内推进10余年。只不过以前属于倡导鼓励性要求，相当于行业“优等生标准”，现在变成矿山存续经营的底线要求，企业必须落实绿色矿山相关要求，才能获得相应政策保障。这一变化，一方面体现矿业监管的持续趋严；另一方面说明，经过近10年发展，国内矿山企业的现场管理能力与运营水平快速提升。把绿色矿山写入法律框架，为矿山行业绿色转型奠定不可动摇的制度基础。“风光储”等新能源产业高度依赖关键矿产资源。绿色矿山法定化，有利于推动矿产资源开发与新能源绿色评价体系的衔接。在投融资层面看，不管是股权融资还是债权融资，绿色矿山已经成为重要评估指标。对于正在运营的矿山，投资方会重点核查企业是否达到绿色矿山标准，还有多大差距；对于新建矿山，绿色矿山建设成本会纳入投资测算。银行信贷等债权性融资业务，同样看重企业合规与绿色建设情况，如果合规不达标，融资基本无法落地。未来，银行、证券交易所出台配套绿色矿山金融政策支持政策，依靠绿色矿山获取金融支持将是趋势。中国能源报：原有的矿业权出让制度从1986年起实行30多年。面对当前全球资源新形势，矿业权出让遇到哪些新问题？《实施条例》有哪些规范？王振华：新《矿产资源法》及其《实施条例》改革的一大亮点，就是矿业权出让制度的重塑。我国矿业权出让制度经历从申请在先到协议出让，再到协议出让与招拍挂等各种方式并行阶段，最后定格在矿业权出让原则上一律采取招拍挂方式，仅铀、稀土等特殊矿种，以及已设采矿权上部、深部资源等少数情形，可采用协议出让。这意味着矿企获取新矿业权等底层规则彻底改变。过去企业可通过开展前期工作获取矿权，现在绝大多数矿权必须进入招拍挂市场。不过，招拍挂推行初期，多采用挂牌模式，《实施条例》对此针对性地进行了规范。对于战略性矿种、中型及以上紧缺矿种，或是地质条件复杂、环保开发技术门槛高的项目，鼓励采用招标的方式出让。不再只看报价，还会考察投标人的技术实力与产业开发能力，引导具备实操能力的产业主体参与，这也让锂、镍、钴等新能源矿产开采得到保障，提升有效供给水平，增强能源产业链韧性。企业应组建相关法律团队中国能源报：对中国矿业企业在新法律环境下的发展，您有何建议？企业需要关注哪些合规风险？王振华：现在矿业企业的当务之急是矿业权及相关许可的合规，简单来说就是各类证照的合规与管理，其次是矿山生态修复的合规，第三是土地合规。当前，不少能源转型相关关键矿产项目正处于勘查、建设期，证照、生态、土地任一环节不合规，都可能造成项目停滞，进而影响下游新能源产业资源供给节奏。企业应建立专业团队吃透矿业相关法律法规，持续跟踪立法和政策更新，以此保障企业经营合规。中国能源报：伴随越来越多国内企业参与海外绿色矿山项目，在跨境投资层面，企业需要提前研判哪些国别法律、ESG、社区治理方面的风险？王振华：海外矿山投资相比国内本土矿山投资监管要求往往更为苛刻。企业不仅要考量当地社区文化、土地政策和用水政策，还要考虑当地的矿权证照管理等基础事项。值得注意的是，随着区域地缘局势变化、关键性战略矿产资源争夺的升级，各国对自然资源保护的重视均有所提升，部分国家在矿业许可的收回、吊销方面的任意性较强。因此，企业开展海外矿业布局，需要重点评估当地政府的稳定性、政策连续性问题，同时国内投资需要关注的各类合规事项，在海外同样不容忽视。文｜本报记者 林水静End欢迎分享给你的朋友！出品 | 中国能源报（cnenergy）编辑丨赵方婷阅读原文不喜欢《中国能源报》记者专访中国矿业联合会法律专委会副主任、北京市中伦律师事务所合伙人王振华,,,,pending
从固液混合到全固态：硅碳负极的性能进阶与产业化困局——访长沙矿冶研究院有限责任公司副所长杨乐之,中粉固态电池,中粉固态电池,"21C API, 长循环, 循环寿命, 正极材料, 负极材料, 电解液, 出货, 出货量, 降价, 量产, 落地",normal,2026-09-27T09:00:00+08:00,,2026年9月10至11日，由中国粉体网主办的“第八届高比能固态电池关键材料技术大会”，在湖南长沙·步步高福朋喜来登酒店隆重召开。大会期间，中国粉体网记者有幸邀请到多位专家、企业界代表做客“对话”栏目，就固态电池材料、技术、成本、产业化等一系列问题进行了探讨交流，本期为您分享的是长沙矿冶研究院有限责任公司副所长杨乐之的专访。中国粉体网：硅碳负极材料是全固态电池负极的重要发展方向，其核心优势是什么？杨所长：正如我今天会议汇报分享的内容，硅碳负极应用于全固态电池体系中，最大的优势就是其容量比较高，当前主流技术路线的硅碳负极比容量可以做到2000mAh/g以上，部分研发目标更是向着2600mAh/g,http://mp.weixin.qq.com/s?__biz=MzI4MTc3NjM0MA==&mid=2247532302&idx=1&sn=740f42dc05a6bf9e20653ebc936d4a4d,,2026年9月10至11日，由中国粉体网主办的“第八届高比能固态电池关键材料技术大会”，在湖南长沙·步步高福朋喜来登酒店隆重召开。大会期间，中国粉体网记者有幸邀请到多位专家、企业界代表做客“对话”栏目，就固态电池材料、技术、成本、产业化等一系列问题进行了探讨交流，本期为您分享的是长沙矿冶研究院有限责任公司副所长杨乐之的专访。中国粉体网：硅碳负极材料是全固态电池负极的重要发展方向，其核心优势是什么？杨所长：正如我今天会议汇报分享的内容，硅碳负极应用于全固态电池体系中，最大的优势就是其容量比较高，当前主流技术路线的硅碳负极比容量可以做到2000mAh/g以上，部分研发目标更是向着2600mAh/g的更高水平推进。依托高比容量特性，电池能够做到400Wh/kg以上，显著高于现有锂电池的能量密度。同时，碳的存在能够吸收硅的膨胀，缓解硅的电化学烧结，所以与纯硅材料相比，能够有效避免电化学烧结的板结问题，进一步提高循环寿命。在硅碳负极材料中，碳可以作为比较好的电子导体，与纯硅材料相比，硅碳负极的倍率性能同样具备优势。整体来讲，硅碳负极兼具高比容量、良好的倍率性能与更优的循环寿命，综合性能优于纯硅体系。另外，全固态电池另一重要技术路线——锂金属负极。相对而言，硅碳负极的安全性比锂金属负极高，所以从量产角度来看，其制作成本也更简单。综合各项维度判断，硅碳负极是全固态电池负极材料中发展前景较为突出的技术方向。粉体网：对比液态电池体系，全固态工况下硅碳负极核心挑战发生了哪些变化？杨所长：众所周知，在全固态电池体系中，传统液态电解质，包括酯类、醚类电解液以及六氟磷酸锂，被锂硫磷铝基电解质、卤化物电解质等固态电解质完全取代。正如前面分享所谈到的，这就是界面和体系工程的重大变化。在传统液态电池体系中，锂离子从正极脱嵌后进入液态电解液，由六氟磷酸锂携带到负极，完成脱溶剂化后到达负极表面，继而嵌入负极材料内部。这套体系之所以非常完美，是因为液体的无孔不入，具备非常好的浸润体系，保障锂离子顺畅地迁入与迁出。而固态体系中，液态组分被去除以后，形成刚性的固-固接触界面，不再具备无孔不入的特点，锂离子的迁入与迁出就会存在巨大的障碍。究其原因，电池在充放电过程中，电极材料会发生形变，脱锂阶段材料收缩，嵌锂阶段材料膨胀。反复的膨胀和收缩之间会存在接触的缺失，从而阻碍了锂离子的输运穿梭，有效离子传导路径随之减少。因此，如何在固态体系下，保持良好的路径，让锂离子自由穿梭，即使是在不断地形变过程中也能维持，是当前需要攻克的核心挑战，也是固态电池与传统液态电池最关键的差异所在。粉体网：您近年来承担了多项硅碳负极领域的相关项目，在攻关全固态电池硅碳负极时，遇到最突出的现实挑战是什么？杨所长：这就形成了行业内典型的 “既要、又要、还要” 的矛盾诉求。我们希望材料既要有高的容量密度，同时又要具备优异的倍率性能，还要实现长循环寿命，并且上述性能都需要在低压力条件下实现。多项约束条件叠加，目前行业内尚没有完美的解决方案。目前，最接近成功的方法，就是加压的情况下，几十兆帕乃至百兆帕的压力环境下，前面提到的界面问题借助压力约束能完美地解决。由于压力能够压实电极内部孔隙、弥合界面缝隙，所以锂离子传导顺畅。在这种体系下，不少材料可以实现1000周以上的充放电循环。但从实际应用场景来看，新能源汽车等应用场景很难长时间维持高压力条件。数兆帕就相当于几十个大气压，压力水平已经高于高压锅，这类高压工况很难在这种应用场景里面持续保持。因此现在的目标是，在几兆帕及以下的低压条件下，依旧维持优异的固-固界面状态。但受限于固态体系本身的特性，低压环境下想要稳定维持界面的难度极大，所以大家都在思考怎么破解这种难题。我们团队也在开展相关研发工作：一方面持续优化界面结构，引入具备自修复能力的离子传导材料，同时再引入一些导电剂和桥梁来构建稳定的离子输运界面；另一方面进一步优化材料的粒度形貌，使其在界面的迁移过程中能够维持较好的接触。以上的工作，我们也正与客户开展联合探讨，但整体技术难度较高，目前仍处在攻坚克难的研发阶段。粉体网：针对目前硅碳负极材料存在的问题，您有什么可行的解决方案？杨所长：当前研发工作实际上已经来到技术瓶颈阶段，现有体系很难彻底完美地解决问题。可能提出的改良方案，仍然是从电极端出发，通过材料改性、界面优化、粘结剂体系匹配以及电芯结构设计，来寻求性能提升。针对部分应用场景，我的建议是，不用考虑太高的能量密度。因为行业普遍认为全固态电池必须达到400Wh/kg以上，但高能量密度带来的高膨胀，会限制低压条件下的界面稳定性。如果我们选择从低压、低容量的方向起步，逐步改善，分台阶向上突破，或许是一条可行路径。举个例子，低压条件下，纯石墨体系已经可以实现较为理想的性能，通过逐步提升硅的掺杂比例，不一定优先面向高能量密度需求的场景，在全固态宽温域特性的场景中可能实现应用。所以也希望通过我们大家的共同探讨，找准适配的应用场景，从中寻找技术突破口，逐步解决应用的难题，在实际应用迭代当中持续完善技术，共同突破当前的技术瓶颈。粉体网：硅基负极的产业化进展情况如何？其能否推动全固态电池的量产落地？杨所长：今年硅碳负极整体产业推进成果十分可观。这里提到的产业化是指液态锂电池与固液混合电池所用的硅碳负极材料。因为前两年硅碳负极主要应用于消费电子领域，产品也逐步实现从低硅含量向高硅含量迭代，目前大家使用的中高端手机均已搭载硅碳负极，产业化落地情况较好。近两年来，无人机领域对高能量密度的需求持续提升，头部几家企业硅碳负极出货量已经达到千吨级别。在新能源汽车领域，也已有少量企业开始逐步尝试应用硅碳负极。不过以上这些应用，都限于液态和固液混合电池体系，但这已经带动了整个行业的增长。尤其是CVD硅碳材料，成本持续下降，应用场景不断拓宽，对产业发展起到极大推动作用。在固液混合电池体系中性价比是核心的要素。伴随负极材料、正极材料及整个体系的降价，未来有希望具备与现有液态动力电池竞争的潜力。但在全固态电池体系中，受限于整体的基本原理尚未实现突破，所以我们仍需努力攻克难题。虽然硅碳负极材料可以带动全固态电池的成本下降，但其核心原理得不到解决，产业化依旧很困难。因此也期待各位同仁、业界朋友共同努力推进相关技术向前发展。注：图片非商业用途，存在侵权告知删除不喜欢本期为您分享的是长沙矿冶研究院有限责任公司副所长杨乐之的专访,,,,pending
欢迎订阅2026年《中国固态电池与液流电池月报》,固态电池前沿,固态电池前沿,"RIOnews API, 固态电池",normal,2026-09-27T09:00:00+08:00,,尊敬的读者，亚化咨询推出了《中国固态电池与液流电池月报》，每月以PDF电子文档格式出版。《中国固态电池与液流电池月报》分为免费版与付费版两个版本，定于每月10日发送至订阅客户邮箱。免费版正文包含4个板块：行业会议政策动向企业动态与工程项目技术进展与创新与免费版相比，付费版的区别在于新增中国固态电池与液流电池项目数据库（月度更新），包括以下四个项目表：中国全钒液流电池项目数据库中国钒电池电解液项目数据库中国液流电池储能项目数据库中国固态电池项目数据库如果您有意向参与演讲、赞助、参会或购买报告更多详情欢迎您与我们联系 MEETINGS 往期会议回顾左右滑动查看更多第二届硫化锂与硫化物固态电池论坛2,http://mp.weixin.qq.com/s?__biz=MzkwMDI5MTkyNQ==&mid=2247504001&idx=2&sn=bebf10fc32dc84dccac93aa79d33ef71,,尊敬的读者，亚化咨询推出了《中国固态电池与液流电池月报》，每月以PDF电子文档格式出版。《中国固态电池与液流电池月报》分为免费版与付费版两个版本，定于每月10日发送至订阅客户邮箱。免费版正文包含4个板块：行业会议政策动向企业动态与工程项目技术进展与创新与免费版相比，付费版的区别在于新增中国固态电池与液流电池项目数据库（月度更新），包括以下四个项目表：中国全钒液流电池项目数据库中国钒电池电解液项目数据库中国液流电池储能项目数据库中国固态电池项目数据库如果您有意向参与演讲、赞助、参会或购买报告更多详情欢迎您与我们联系 MEETINGS 往期会议回顾左右滑动查看更多第二届硫化锂与硫化物固态电池论坛2026圆满召开！第四届钒原料、电解液与钒电池储能论坛2026圆满召开！中国国际钒液流电池论坛2025圆满召开！第三届钒原料、电解液与钒电池储能论坛2025圆满召开！硫化锂与硫化物固态电池论坛2025圆满召开中国国际钒液流储能大会2024圆满召开！2024钒原料、电解液与钒电池储能论坛第二届液流储能电池技术与产业发展论坛2024圆满召开！质子膜、双极板、电极材料与电堆技术论坛钒原料、电解液与钒电池产业发展论坛20232023液流储能电池技术与产业发展论坛圆满召开！推荐订阅不喜欢欢迎订阅2025年《中国固态电池与液流电池月报》,,,,pending
总投资3000万！华宜清创固态电芯实验室项目公示,固态电池前沿,固态电池前沿,"RIOnews API, 固态电池, 半固态, 全固态, 产品发布, 发布, 发布会, 全新, 亮相, 正式推出, 合作进展, 战略合作, 投资, 合作",normal,2026-09-27T09:00:00+08:00,,9月14日，宜宾市生态环境局发布宜宾三江新区城乡融合发展局关于2026年9月14日拟作出的建设项目环境影响评价文件审批意见的公示。项目名称：四川华宜清创新材料科技有限公司电芯实验室项目建设地点：四川省宜宾三江新区长江北路西段附三段9号格莱特科技园4号厂房1-2层，用地面积4972m2建设单位：四川华宜清创新材料科技有限公司项目投资：项目拟投资3000万元，其中环保投资约119.5万元主要建设内容及规模：拟建设固态电池专业化研发平台，涵盖电解质合成、电芯试制、测试评价全流程。设电解质研发区，项目建成后拟形成电解质研发合成40批次/年；建设全固态、半固态电芯小试线各一条，研发能力分别为125批次/,http://mp.weixin.qq.com/s?__biz=MzkwMDI5MTkyNQ==&mid=2247504001&idx=1&sn=3370ac5fea3005bccbc1d7c563571624,,9月14日，宜宾市生态环境局发布宜宾三江新区城乡融合发展局关于2026年9月14日拟作出的建设项目环境影响评价文件审批意见的公示。项目名称：四川华宜清创新材料科技有限公司电芯实验室项目建设地点：四川省宜宾三江新区长江北路西段附三段9号格莱特科技园4号厂房1-2层，用地面积4972m2建设单位：四川华宜清创新材料科技有限公司项目投资：项目拟投资3000万元，其中环保投资约119.5万元主要建设内容及规模：拟建设固态电池专业化研发平台，涵盖电解质合成、电芯试制、测试评价全流程。设电解质研发区，项目建成后拟形成电解质研发合成40批次/年；建设全固态、半固态电芯小试线各一条，研发能力分别为125批次/年、250批次/年；配套电化学测试评价体系。9月1日，欧阳明高院士工作站生态成果暨华宜清创-普华新材硅碳负极产品发布会在宜宾隆重举行。四川华宜清创新材料科技有限公司是欧阳明高院士工作站落地宜宾的重点科技成果转化企业，长期深耕低成本、高比容量、长寿命锂离子电池硅碳负极材料研发与生产。本次发布会全新亮相的宜宾普华新材料科技有限责任公司，成立于2026年8月，由普什集团、华宜清创联合五粮液环保产业、五粮液新能源投资、普什建材共同发起设立，背靠五粮液集团雄厚产业资源与平台优势。公司聚焦高性能硅碳负极材料核心赛道，专注新能源电池材料研发、生产与市场化应用，依托各方联合研发积淀，已自主攻克多款多孔碳、硅碳负极材料核心产品，持续突破行业技术壁垒，助力全固态电池产业迭代升级。在产品发布核心环节，四川华宜清创新材料科技有限公司董事长、宜宾普华新材料科技有限责任公司总经理杨敏正式推出了由酒糟转化的新型生物质基多孔碳及硅碳相关产品。该款多孔碳以白酒酿造副产物酒糟为原料，采用微生物发酵造孔与低温催化工艺进行制备，依托固废原料的循环利用，不仅实现了大幅降本，更兼具成本与低碳双重优势。据杨敏介绍，该材料具备高电导率、高颗粒强度、高比表面积的优势，能够有效缓冲硅在充放电过程中带来的体积膨胀，从而显著延长电池的循环寿命，可广泛适配消费电子、动力电池等应用场景，加速推动硅碳负极的商业化落地，助力锂电产业高质量发展。随后，杨敏发布了“启辰”系列全固态电池。该产品采用新型硫化锂正极、一步法硅碳负极及固-固界面工程技术，能量密度突破400Wh/kg，热失控阈值超400℃，较主流高镍三元体系提升150℃，放热值降低50%。新型硫化锂正极比容量超1000mAh/g；自研硅碳负极比容量超2500mAh/g，循环寿命超1500次。会上，华宜清创分别与兰溪致德新能源、洛阳联创锂能完成多孔碳材料战略合作签约，与国轩高科达成硅碳负极领域深度合作，同时携手深圳清研电子、浙江峰泽新材料达成多维战略合作。活动压轴环节，备受行业关注的全固态电芯项目正式启动。广州融捷能源、四川新能源汽车创新中心、华宜清创核心嘉宾共同按下启动球，标志着项目进入实质性攻坚与落地阶段。该项目的启动，将助力行业突破固态电池关键技术瓶颈，推动高安全、高能量密度固态电池产业化提速，为宜宾抢占下一代动力电池产业发展先机赋能。来源：宜宾市生态环境局、华宜清创尊敬的读者，亚化咨询推出了《中国固态电池与液流电池月报》，每月以PDF电子文档格式出版。《中国固态电池与液流电池月报》分为免费版与付费版两个版本，定于每月10日发送至订阅客户邮箱。免费版正文包含4个板块：行业会议政策动向企业动态与工程项目技术进展与创新与免费版相比，付费版的区别在于新增中国固态电池与液流电池项目数据库（月度更新），包括以下四个项目表：中国全钒液流电池项目数据库中国钒电池电解液项目数据库中国液流电池储能项目数据库中国固态电池项目数据库赞助方案Asiachem项目项目内容主题演讲25分钟主题演讲参会名额微信推送微信公众号，企业介绍以及相关软文会刊广告研讨会会刊，彩色全页广告（尺寸A4）资料入袋赞助企业的宣传册放入会议包袋现场展台现场展示台，展示样品、资料，含两个参会名额现场易拉宝现场1个易拉宝展示礼品赞助印有赞助商logo的礼品赠送参会听众茶歇赞助冠名和赞助会议期间的茶歇晚宴赞助冠名和赞助会议的招待晚宴Logo展示背景墙 logo，会刊封面logo如果您有意向参与演讲、赞助、参会或购买报告更多详情欢迎您与我们联系 MEETINGS 往期会议回顾左右滑动查看更多第二届硫化锂与硫化物固态电池论坛2026圆满召开！第四届钒原料、电解液与钒电池储能论坛2026圆满召开！中国国际钒液流电池论坛2025圆满召开！第三届钒原料、电解液与钒电池储能论坛2025圆满召开！硫化锂与硫化物固态电池论坛2025圆满召开中国国际钒液流储能大会2024圆满召开！2024钒原料、电解液与钒电池储能论坛第二届液流储能电池技术与产业发展论坛2024圆满召开！质子膜、双极板、电极材料与电堆技术论坛钒原料、电解液与钒电池产业发展论坛20232023液流储能电池技术与产业发展论坛圆满召开！推荐订阅不喜欢9月14日，宜宾市生态环境局发布宜宾三江新区城乡融合发展局关于2026年9月14日拟作出的建设项目环境影响评价,,,,pending
两湖对话｜4小时以上储能难题，有“锌”解了！已助力湖北“零碳校园”项目落地,全球液流电池储能,全球液流电池储能,"RIOnews API, 长时储能, 液流电池",normal,2026-09-27T09:00:00+08:00,,据全球液流电池网获悉，当客户同时关注安全、稳定、经济三方面要求，如何解决4小时以上的长时储能问题？9月16日，2026“两湖对话”绿色能源国际合作对接会在武汉举行。本次活动是2026“两湖对话”绿色低碳高质量发展国际合作对接会的重要平行专题活动。在圆桌对话环节，湖北君安储能科技有限公司董事长孙西河认为，锌溴液流电池是破解这一命题的关键答案。湖北君安储能科技有限公司董事长孙西河在圆桌对话环节发言。 风电、光伏的装机量早已远超预期，但“发得出、存得住、送得稳”，依然是清洁能源规模化发展路上绕不开的核心命题。 根据NetZeroTracker最新数据，截至2025年，全球超130个国家和地区制定了碳,http://mp.weixin.qq.com/s?__biz=Mzg3NjcyNzE4Nw==&mid=2247579735&idx=1&sn=562673d943a6ece6cf86c010092c16aa,,据全球液流电池网获悉，当客户同时关注安全、稳定、经济三方面要求，如何解决4小时以上的长时储能问题？9月16日，2026“两湖对话”绿色能源国际合作对接会在武汉举行。本次活动是2026“两湖对话”绿色低碳高质量发展国际合作对接会的重要平行专题活动。在圆桌对话环节，湖北君安储能科技有限公司董事长孙西河认为，锌溴液流电池是破解这一命题的关键答案。湖北君安储能科技有限公司董事长孙西河在圆桌对话环节发言。 风电、光伏的装机量早已远超预期，但“发得出、存得住、送得稳”，依然是清洁能源规模化发展路上绕不开的核心命题。 根据NetZeroTracker最新数据，截至2025年，全球超130个国家和地区制定了碳中和目标，覆盖了全球74%的温室气体排放量。各国都在加速推动电力市场改革与可再生能源替代，但风光发电的间歇性、波动性，给传统电力系统带来了前所未有的压力，这也直接推动了储能市场，尤其是长时储能赛道的爆发式增长。过去行业里的短时储能，大多只能支撑2小时以内的调峰，根本匹配不了风光基地跨6小时、跨天的消纳需求，长时储能已经成了新型电力系统建设的刚需。休息一下，看个广告 “锌溴液流电池，已经成为适配中长时大规模储能场景的主流技术路线之一。”孙西河介绍，锌溴液流电池有4大优势：第一是本质安全，它采用水系电解液，从原理上完全规避了锂电池最头疼的热失控风险，特别适合在人口密集的校园、工商业园区这类场景落地；第二是放电时长灵活可控，轻松做到4小时以上，完美匹配新型电力系统的长时调节需求；第三是寿命长，深度充放电场景下循环寿命可达1万次，系统整体使用寿命超过20年，是传统锂电池储能系统的2至3倍，全生命周期的分摊成本优势非常突出；最关键是资源自主可控，核心原材料锌和溴的储量非常充足，大幅提升了各国储能产业的资源自主可控性。 今年6月，湖北君安储能已在本地落地了标杆项目：帮助武汉工商学院建设“零碳校园”。目前，已经完成了学生宿舍及教学楼屋顶光伏的安装工作，校园分布式光伏总规模达5MWp，预计年均发电550万度，年节约电费313万元，年减少二氧化碳排放5480吨。 “锌溴液流电池，作为学校的备用能源核心，在停电时，可为学校的核心负荷，尤其是算力中心进行供电保障。”孙西河介绍，在新能源占比高的新型电力系统中，电网稳定性不仅需要短时的快速功率调节，同时还需要可持续的长时容量支撑。武汉工商学院“零碳校园”项目，不仅帮校园消纳了屋顶光伏的富余发电量，同时可支撑区域电网的功率调节与供电保障。 锌溴液流电池的产业化发展，不仅是破局长时储能、推动清洁能源规模化的重要路径，更是构建更安全、更自主、更经济的新型电力系统的核心支撑。孙西河预测，未来3-5年，整个行业只要持续推进技术创新、摊薄产业成本、拓展示范场景，一定能让这项极具潜力的技术在全球能源转型中发挥不可替代的作用。（记者陈莉霖）近期热点及活动1、全球液流风向标—CFE2026第七届中国液流电池储能大会在大连圆满落幕2、7.6GWh！含11个全钒液流，云南发改委、能源局发布2026年共享储能项目清单3、AI的尽头是储能与电力！CFE2026第六届中国液流电池储能大会圆满落幕，新型储能“转正”从电力“配角”到六大新兴支柱产业进阶4、突破迎关键临界点！全球旗舰盛会—CFE2025第五届中国液流电池储能大会暨2024-2025年度液流品牌颁奖盛典圆满落幕5、获奖名单及终版议程发布！CFE2025第五届中国液流电池储能大会暨品牌颁奖盛典9月19-20日武汉盛大召开6、共筑全产业链生态繁荣！全球风向—CFE2025第四届中国液流电池储能大会、中国液流电池青年科学家论坛圆满落幕7、晚宴名单、参会总名单、终版议程发布｜CFE2025第四届中国液流电池储能大会3月3日盛大开幕8、全国首个！四川出台钒电池储能产业专项政策不喜欢当客户同时关注安全、稳定、经济三方面要求，如何解决4小时以上的长时储能问题？9月16日，2026“两湖对话”绿色能源国际合作对接会在武汉举行。,,,,pending
2026年云南省“金融助企·赋能招商”政金企对接活动在昆举行,全球液流电池储能,全球液流电池储能,"RIOnews API, 长时储能, 液流电池, 合作进展, 融资, 投资, 合作",normal,2026-09-27T09:00:00+08:00,,据全球液流电池网获悉，为深入贯彻落实国务院常务会议关于推动招商引资高质量发展的工作部署，持续优化营商环境，着力破解招商引资企业融资难题，以优质金融服务赋能招商引资提质增效，9月22日，云南省投资促进局联合云南省地方金融管理局在昆明举办2026年云南省“金融助企·赋能招商”政金企对接活动。云南省农村信用社联合社、云南省金控集团、中国银行云南省分行、中国建设银行云南省分行、人保财险云南省分公司、云南省融资担保有限责任公司等26家重点金融机构负责人，奥辰生物、贵州华裕集团等140余家有融资贷款意向的招商引资企业负责人参加活动。参加活动的企业涵盖生物医药、装备制造、新材料、绿色能源等重点产业领域。活动,http://mp.weixin.qq.com/s?__biz=Mzg3NjcyNzE4Nw==&mid=2247579735&idx=3&sn=0cf87508785f023f68b44b161fb1d8be,,据全球液流电池网获悉，为深入贯彻落实国务院常务会议关于推动招商引资高质量发展的工作部署，持续优化营商环境，着力破解招商引资企业融资难题，以优质金融服务赋能招商引资提质增效，9月22日，云南省投资促进局联合云南省地方金融管理局在昆明举办2026年云南省“金融助企·赋能招商”政金企对接活动。云南省农村信用社联合社、云南省金控集团、中国银行云南省分行、中国建设银行云南省分行、人保财险云南省分公司、云南省融资担保有限责任公司等26家重点金融机构负责人，奥辰生物、贵州华裕集团等140余家有融资贷款意向的招商引资企业负责人参加活动。参加活动的企业涵盖生物医药、装备制造、新材料、绿色能源等重点产业领域。活动前，省投资促进局坚持“预案先行、前置服务、务实对接”原则，靶向摸排全省招商引资重大签约项目、落地在建项目及重点培育产业企业的融资需求，精准梳理企业项目资本金、固定资产建设、流动资金等核心融资诉求，提前推送至参加活动的金融机构，匹配对接方案及适配金融产品。同时，优化云南省招商引资企业服务平台功能，增设“金融助企”板块，打通“政金企”线上直接对接通道，确保金融机构“带着产品、带着方案、带着举措”参加本次活动。活动现场，省地方金融管理局围绕金融支持实体经济、服务招商引资企业宣介金融支持政策；中国建设银行云南省分行、人保财险云南省分公司、云南省融资担保有限责任公司等金融机构聚焦招商引资企业融资需求，有针对性地开展金融产品推介。休息一下，看个广告活动正式启动了云南省“金融助企·赋能招商”政金企常态化对接工作机制。该机将制依托云南省招商引资企业服务平台“金融助企”专属板块，链接各大金融机构信息端，构建“政府搭桥、金融赋能、企业受益”常态化联动协作模式，推动企业融资需求动态收集、金融资源精准匹配、融资问题闭环处置、服务成效全程跟踪，为全省招商引资和产业高质量发展提供金融支撑。此次机制启动，是云南打通“政金企”协同壁垒、深化金融助企、做实招商企服的关键举措，标志着全省“政金企”对接实现从活动向机制化常态化运营、从被动诉求应答向主动精准赋能的升级。活动现场设置了金融对接洽谈专区，参加本次活动的金融机构派驻服务专员，与到场企业开展一对一、面对面深入洽谈，结合企业产业类型、项目进度、经营状况和融资诉求，逐一研判、现场磋商，定制个性化融资方案，全力助力企业解决资金难题，推动一批见实效的融资合作项目落地投产，为全省经济发展提供有力支撑。近年来，省投资促进局持续优化招商引资企业服务平台，构建省、州（市）、县三级联动常态化服务企业机制，为企业提供“一站式”跟踪服务。截至目前，平台累计上线签约企业近3900家，协调解决企业在融资贷款、要素保障、招商承诺兑现、人力资源保障等方面困难问题440余件，服务推动近300个亿元以上项目落地见效。近期热点及活动1、全球液流风向标—CFE2026第七届中国液流电池储能大会在大连圆满落幕2、7.6GWh！含11个全钒液流，云南发改委、能源局发布2026年共享储能项目清单3、AI的尽头是储能与电力！CFE2026第六届中国液流电池储能大会圆满落幕，新型储能“转正”从电力“配角”到六大新兴支柱产业进阶4、突破迎关键临界点！全球旗舰盛会—CFE2025第五届中国液流电池储能大会暨2024-2025年度液流品牌颁奖盛典圆满落幕5、获奖名单及终版议程发布！CFE2025第五届中国液流电池储能大会暨品牌颁奖盛典9月19-20日武汉盛大召开6、共筑全产业链生态繁荣！全球风向—CFE2025第四届中国液流电池储能大会、中国液流电池青年科学家论坛圆满落幕7、晚宴名单、参会总名单、终版议程发布｜CFE2025第四届中国液流电池储能大会3月3日盛大开幕8、全国首个！四川出台钒电池储能产业专项政策不喜欢9月22日，云南省投资促进局联合云南省地方金融管理局在昆明举办2026年云南省“金融助企·赋能招商”政金企对接活动。,,,,pending
市州观察 | 从“卖原料”到“造高端产品”，攀枝花钒钛产业如何闯三关？,全球液流电池储能,全球液流电池储能,"RIOnews API, 长时储能, 液流电池, 产品发布, 发布, 发布会, 学术研究, 大学, 教授, 技术进展, 技术突破, 技术攻关",normal,2026-09-27T09:00:00+08:00,,据全球液流电池网获悉，“力争到2030年，钒、钛资源综合利用率分别提升至55%、45%，新增钒钛钢铁新材料产业投资不少于400亿元，全产业链产值达到2000亿元。”近日举行的“万千气象看四川·起步奋进‘十五五’”攀枝花专场新闻发布会上，攀枝花提出这一发展目标。 作为“中国钒钛之都”，目前攀枝花贡献了全国19%的钒产品、70%的钛精矿，钒钛产业产值约600亿元。从600亿元到2000亿元，不只是数据翻倍，更是从“卖原料”到“造高端产品”的全链升级。要实现这一目标，绕不开三道关：技术攻坚、产业补链、企业集群发展。每一关，都将考验这座英雄之城的产业韧性与创新魄力。全钒液流电站（王东 摄） 技术“破壁,http://mp.weixin.qq.com/s?__biz=Mzg3NjcyNzE4Nw==&mid=2247579735&idx=2&sn=509c64cc0da8ec100ebfee0ba755f54d,,据全球液流电池网获悉，“力争到2030年，钒、钛资源综合利用率分别提升至55%、45%，新增钒钛钢铁新材料产业投资不少于400亿元，全产业链产值达到2000亿元。”近日举行的“万千气象看四川·起步奋进‘十五五’”攀枝花专场新闻发布会上，攀枝花提出这一发展目标。 作为“中国钒钛之都”，目前攀枝花贡献了全国19%的钒产品、70%的钛精矿，钒钛产业产值约600亿元。从600亿元到2000亿元，不只是数据翻倍，更是从“卖原料”到“造高端产品”的全链升级。要实现这一目标，绕不开三道关：技术攻坚、产业补链、企业集群发展。每一关，都将考验这座英雄之城的产业韧性与创新魄力。全钒液流电站（王东 摄） 技术“破壁”，聚焦关键与协同发力《中国钒钛产业发展报告（2026）》指出，我国钒钛资源的伴生元素尚未充分回收，制约了资源独立经济价值的充分释放。以攀枝花为例，当地钒钛磁铁矿钙镁含量高，但用传统办法处理，只能做出低端的硫酸法钛白粉。“高端钛合金原料仍需进口。”天府金江实验室副主任任蜀鄂坦言，充分挖掘矿产资源价值，攀枝花还需要一批能“点石成金”的高精尖技术。攀钢生产的钛白粉（王东 摄） 如何“破壁”？攀枝花市委常委、常务副市长李堂兵表示：“未来五年，我们将在推进科技创新和科技成果转化上发力，力争在基础研究、关键核心技术攻关等领域取得进展。”具体来说，攀枝花将高效运营“线上科创通+线下科创岛”等平台，每年组织实施10项以上攻关项目、10项以上产业化项目等。 去年11月揭牌运行的天府金江实验室，被赋予推动钒钛技术攻关与成果转化的重要使命。实验室引入吴爱祥、姜涛、谢建新等专家团队，针对矿产采选、冶炼分离、高端钛合金材料等领域开展全链条技术攻关。今年，实验室面向全国发布9项“揭榜挂帅”科研课题，吸引清华大学等38家单位竞榜。目前，天府金江实验室已储备9个中试孵化项目，建成了4条中试线。 在攀枝花学院，陈敏教授团队正围绕“以钛代钨”方向开展关键技术攻关，力求以科技创新打通从实验室到产业化的全链条。 技术突破，离不开企业与科研院所协同发力。攀钢集团董事长张红军说，“十五五”时期，攀钢集团将瞄准国家战略需求和先进制造方向，加大研发投入、持续开展突破性技术攻坚。休息一下，看个广告 产业“补链”，全链条开发与前瞻式布局9月4日，记者走进攀枝花安宁钛材科技有限公司年产6万吨能源级钛（合金）材料全产业链项目现场，只见主体建筑已经竣工。“氯碱车间及海绵钛生产车间陆续进入调试阶段。”企业负责人陈德明说，全面投产后，有望成为目前全球单体规模最大的钛资源综合利用全产业链工厂。攀枝花钒钛高新区企业生产的钒储能电池（裴玉松 摄） 盐边县的红格南矿施工现场项目也正进入实质性建设阶段。红格南矿是我国钒钛磁铁矿储量规模最大、共伴生元素最多、资源潜在价值最高的矿区。攀枝花市经济和信息化局副局长胡志华告诉记者，攀枝花正坚持“优前段、强中段、聚后段”的开发思路，以红格南矿全链条开发为牵引，加速推动全市钒钛产业从资源输出向高端制造跃升。 补齐钒钛全产业链，需要从“单点突破”迈向“全链突围”。攀枝花钒钛高新区科技创新和经济发展局副局长杨林山介绍，该区正聚焦钛材深加工、绿色钛化工等7条产业链开展定向招商，推动产业从原料型向材料型、加工型升级。盐边县也将钒钛钢铁新材料纳入七大产业生态圈，力争在耐磨材料、钛化工、钛材深加工等领域取得突破。 新兴应用领域也在加速布局。当前，全钒液流电池产业正进入快速发展阶段，国家电投集团四川攀枝花100MW/500MWh全钒液流储能电站（攀源储能电站）已于今年初开始商业化运营。攀枝花明确，“十五五”时期将加快培育壮大全钒液流储能等产品规模，力争全钒液流储能装备能力达到0.8GWh。此外，攀枝花还前瞻布局氢能、超高速轨道交通等前沿方向，积蓄钒钛产业发展后劲。 企业“抱团”，完善生态圈与激活市场端在中国钒钛馆，两个场景令参观者印象深刻：一个是全国钒钛产业地图，细节显示，攀西地区多为矿藏生产企业，精深加工企业主要分布在陕西洋县、安康一带；另一个是产品展示，海绵钛原料多为攀枝花生产，而高附加值钛制品却少有“攀枝花造”。中国钒钛展馆里展示的高端钒钛产品（裴玉松 摄） 这种缺失，一线企业感受更为真切。四川尚材三维新材料科技有限公司专注于高洁净钛合金球形粉末研发与制造，2024年落户盐边县后，一期4条高性能球形钛金属粉末生产线已投产。“本地产业集群尚未真正形成，我们的生产原料只能从外地拉回来。”公司管理部经理尹丽说。尚材三维生产车间内部图（裴玉松 摄） 如何破局？李堂兵表示，接下来攀枝花将全面优化产业生态，深入实施园区提质增效和企业引育壮大工程。攀枝花已明确未来五年目标：打造1个千亿级、2个五百亿级特色产业园区，扶持壮大3家以上百亿级龙头企业，孵化培育20家以上优质“专精特新”中小企业。为产业集群协同发展保驾护航，攀枝花还在原有服务基础上新增产业基金和公共服务平台2个板块，形成“八个一”服务保障机制。 集群效应的释放还需激活市场端。攀枝花将加快场景培育、开放，支持企业开展设备更新、技术革新和数字化转型，创建一批无人矿山、智慧工厂和零碳园区，让产业底盘更稳、基础更强。张红军则把目光投向未来：“攀钢集团将聚焦智能机器人、低空经济等新兴产业场景，提前开展高端专用钛合金产品的系列布局与开发。” 未来，攀枝花将打造钒钛产业梯队——既有领跑行业的“参天大树”，也有深耕细分领域的“单项冠军”，更有拔节生长的“小巨人企业”。近期热点及活动1、全球液流风向标—CFE2026第七届中国液流电池储能大会在大连圆满落幕2、7.6GWh！含11个全钒液流，云南发改委、能源局发布2026年共享储能项目清单3、AI的尽头是储能与电力！CFE2026第六届中国液流电池储能大会圆满落幕，新型储能“转正”从电力“配角”到六大新兴支柱产业进阶4、突破迎关键临界点！全球旗舰盛会—CFE2025第五届中国液流电池储能大会暨2024-2025年度液流品牌颁奖盛典圆满落幕5、获奖名单及终版议程发布！CFE2025第五届中国液流电池储能大会暨品牌颁奖盛典9月19-20日武汉盛大召开6、共筑全产业链生态繁荣！全球风向—CFE2025第四届中国液流电池储能大会、中国液流电池青年科学家论坛圆满落幕7、晚宴名单、参会总名单、终版议程发布｜CFE2025第四届中国液流电池储能大会3月3日盛大开幕8、全国首个！四川出台钒电池储能产业专项政策不喜欢“力争到2030年，钒、钛资源综合利用率分别提升至55%、45%，新增钒钛钢铁新材料产业投资不少于400亿元，全产业链产值达到2000亿元。”近日举行的“万千气象看四川·起步奋进‘十五五’”攀枝花专场新闻发布会上，攀枝花提出这一发展目标。,,,,pending
"六元环的1,3-二氧己环（DOX）是适配4.5V或以上锂电池固态电解质原位聚合的首选？",智锂魔方,智锂魔方,"RIOnews API, 新材料, 碳, 聚合物, 高比能, 锂金属, 硅, 前沿表征, 原位, 固态电池, 固态电解质, 学术研究, 大学, 教授",normal,2026-09-27T09:00:00+08:00,,"高安全、高能量密度的锂金属电池，离不开固态聚合物电解质。原位聚合的 1,3-二氧戊环（DOL）体系因一上到 4.5 V 高电压就力不从心。近年，1,3-二氧己环（DOX）被当作 DOL 的""升级替代品""：氧化稳定性更好、界面更稳，可两者化学结构只差一个亚甲基，""为什么好""始终没说透？近期，武汉理工大学木士春教授及其团队发表在 Small 上的这项工作，用同一酸酐框架下的""单变量对照""，把答案指向了一个此前被忽视的因素：链段结构。一、只差一个碳的对照实验以 LiPF₆ 引发开环聚合、POSS 为交联剂，在同一 3-甲基戊二酸酐（MA）框架下分别制得 DOL-MA 与 DOX-MA。核磁确认两者构",http://mp.weixin.qq.com/s?__biz=Mzk4ODU2ODU5OA==&mid=2247500026&idx=1&sn=a110eb1dfae688518438156ac8b719a1,,"高安全、高能量密度的锂金属电池，离不开固态聚合物电解质。原位聚合的 1,3-二氧戊环（DOL）体系因一上到 4.5 V 高电压就力不从心。近年，1,3-二氧己环（DOX）被当作 DOL 的""升级替代品""：氧化稳定性更好、界面更稳，可两者化学结构只差一个亚甲基，""为什么好""始终没说透？近期，武汉理工大学木士春教授及其团队发表在 Small 上的这项工作，用同一酸酐框架下的""单变量对照""，把答案指向了一个此前被忽视的因素：链段结构。一、只差一个碳的对照实验以 LiPF₆ 引发开环聚合、POSS 为交联剂，在同一 3-甲基戊二酸酐（MA）框架下分别制得 DOL-MA 与 DOX-MA。核磁确认两者构建成功：DOX 单体在 4.75、3.81、1.64 ppm 的特征峰，聚合后移至 5.22、4.06、3.63、1.82 ppm；由聚合物与残余单体积分比算得转化率分别为 96.3%（DOX-MA）和 98.1%（DOL-MA）。红外中环状 C–O–C 峰近乎消失、酯羰基峰出现，说明环已打开、酸酐已接入网络。两者热分解温度都在 180°C 附近，并因 POSS 的无机硅氧笼能形成富硅炭层而具备阻燃性。此外，DOX-MA 的数均分子量 Mₙ 为 6.6 kDa，是 DOL-MA（3.1 kDa）的两倍多；玻璃化转变温度 Tg 为 −55.5°C，低于 DOL-MA 的 −39.0°C。更低的 Tg 意味着更大的自由体积和更灵活的链段。流变测试进一步佐证：DOX-MA 的储能模量 G′ 高于损耗模量 G″，呈弹性主导；DOL-MA 则相反，偏黏性。弹性主导让它更贴合锂负极，能缓冲循环中的体积变化。也就是说，DOX 并不是""换了个配方""，而是让整条链更松、更长、更能动。二、溶剂化的""隐形开关""六元环的 DOX 开环后几何约束更松，链段倾向于伸展；五元环的 DOL 开环后更容易折叠。折叠的 DOL-MA 把大量醚氧配位点""攥""在 Li⁺ 周围，形成聚合物主导的富配位环境，最终诱导有机成分为主的 SEI；而舒展的 DOX-MA 削弱了 Li⁺–聚合物配位，把 TFSI⁻ 拉进内层溶剂化壳，重构为阴离子富集的构型——这正是富 LiF 界面与快离子传输的源头。多出的那个亚甲基不只是电子效应，而是通过""环大小→几何约束→链段构象""这条链条，间接重写了 Li⁺ 的局部环境。三、配位确实被改写了⁷Li NMR：DOL-MA 的化学位移在 −1.05 ppm，DOX-MA 略向低场移到 −1.03 ppm，屏蔽减弱说明 Li 核周围电子密度降低、Li⁺–聚合物配位变弱。¹⁹F NMR：DOX-MA 中 TFSI⁻ 信号在 −73.97 ppm，比 DOL-MA 的 −78.73 ppm 明显低场位移——Li⁺ 与 TFSI⁻ 结合更紧，把氟核上的电子云拉走，证明阴离子真的进了 Li⁺ 的配位壳。理论计算也一致：PDOL 与 PDOX 的 HOMO 分别为 −6.98 和 −6.96 eV，与 MA 共聚后降至 −7.22 eV（DOL-MA）和 −7.10 eV（DOX-MA），再与 Li⁺ 配位后进一步降到 −9.24 eV 和 −8.70 eV，轨道能级下移意味着抗氧化能力增强。四、更快的传输性能室温离子电导率 DOX-MA 达 8.73×10⁻⁴ S cm⁻¹，高于 DOL-MA 的 7.15×10⁻⁴ S cm⁻¹；Arrhenius 活化能仅 0.15 eV，说明迁移能垒更低。更关键的是 Li⁺ 迁移数：DOX-MA 为 0.79，而 DOL-MA 只有 0.51——电流更多由 Li⁺ 承担，阴离子""搭便车""造成的浓差极化大幅减少。交换电流密度方面，DOX-MA 为 0.21 mA cm⁻²，约为 DOL-MA（0.09 mA cm⁻²）的 2.5 倍，界面电化学反应更活跃。五、高电压稳定性与界面表现线性扫描伏安显示，DOX-MA 的电化学稳定窗口可达 5.3 V，足以覆盖高镍等金属氧化物正极。4.9 V 恒压浮充测试中，DOX-MA 的漏电流始终低而平稳，证明它在高压下不易被氧化分解。阴离子富集的溶剂化结构带来了富 LiF 的稳固界面（SEI/CEI），它既机械强韧又能均匀化 Li⁺ 通量，这是高电压下界面不失控的关键。六、实测验证Li||Li 对称电池在 DOX-MA 下稳定循环 4000 h 且极化电压低，说明锂的沉积/剥离长期可逆、界面没有持续劣化。与 NCM811 正极配对的锂金属全电池，在 4.5 V 截止电压下循环后容量保持率达 89.1%。两组数字分别对应""界面稳""与""耐高压""两个目标，也反证了溶剂化重构的实效。文献信息：Title: Extended Segmental Structures Regulate Li+ Solvation in 1,3-Dioxane-Based Cross-Linked Polymer Electrolytes for High-Voltage Lithium Metal BatteriesAuthor: Zhongpeng Li, Shaojie Zhang, Shichun Mu*, .et al.DOI: 10.1002/smll.75798我是锂科生，将持续为大家分享锂电相关的知识和信息。如果喜欢，还请顺手点个关注和转发，也可在下方留言讨论，不胜感激。***声明***：本文基于公开学术成果及行业数据整理，实验数据和图片均引自文献，如有侵权，请联系公众号客服删除。不喜欢六元环的1,3-二氧己环（DOX）是适配4.5V或以上锂电池固态电解质原位聚合的首选？",,,,pending
这堆“黑炭”，兑出了13.12万元,科技日报,科技日报,21C API,normal,2026-09-27T08:47:50+08:00,,近日，一对年迈的失独夫妇带着一堆烧焦发黑的纸币，焦急地来到山东济南济阳农商银行营业部。原来，因家中线路老化引发火灾，老两口存放在家中的20多万元现金被大火焚烧，侥幸抢出的现金也大多被烧得焦黑炭化、粘连结块。老两口无儿无女，几十年省吃俭用才一分一角地积攒下来这笔养老钱。两人着急得直跺脚，无计可施之下抱着最后一丝希望找到银行工作人员。济阳农商银行营业部的工作人员耐心了解老人的遭遇后，第一时间开启特殊残缺污损人民币兑换绿色通道，在保障柜面业务有序运转的前提下，急事快办、高效处置，全力“抢救”火烧币。然而，被大火灼烧的纸币质地酥脆，一碰便碎成小片，根本无法借助智能点钞设备识别和清点，只能依靠人工。为避,http://mp.weixin.qq.com/s?__biz=MzI3NDI5MjI4OQ==&mid=2247899705&idx=1&sn=6239a9d8ce11795a53fe37a682c2563f,,近日，一对年迈的失独夫妇带着一堆烧焦发黑的纸币，焦急地来到山东济南济阳农商银行营业部。原来，因家中线路老化引发火灾，老两口存放在家中的20多万元现金被大火焚烧，侥幸抢出的现金也大多被烧得焦黑炭化、粘连结块。老两口无儿无女，几十年省吃俭用才一分一角地积攒下来这笔养老钱。两人着急得直跺脚，无计可施之下抱着最后一丝希望找到银行工作人员。济阳农商银行营业部的工作人员耐心了解老人的遭遇后，第一时间开启特殊残缺污损人民币兑换绿色通道，在保障柜面业务有序运转的前提下，急事快办、高效处置，全力“抢救”火烧币。然而，被大火灼烧的纸币质地酥脆，一碰便碎成小片，根本无法借助智能点钞设备识别和清点，只能依靠人工。为避免残币二次破损，大家戴上手套，放轻呼吸，俯身围在桌前，既不能撕扯也不能硬掰，耐住性子一点点小心翼翼地剥离，然后轻轻摊平，一点点拂去上面的焦灰杂质，再通风阴干。由于受损严重，营业部几乎全员上阵。大家把一张张炭化残币摆放整齐，仔细逐张辨识票面图案、核验防伪特征，精准测算有效剩余面积，每一张都要经过多人反复交叉复核，以确保一分一厘不出差错。经过整整一天的细致分拣鉴别与精准核验，工作人员最终为老人成功兑换13.12万元。“这是俺们一辈子攒下的养老钱，寻思着让大火全烧了，没想到能换回这么多，真是太感谢你们了！”看着兑换出来的崭新现金，老两口红了眼眶，向工作人员道谢。来源：金融时报、法治日报编辑：王曼茜审核：张爽,,,,pending
南部战区发声,财联社,财联社,"21C API, 发布",normal,2026-09-27T08:46:04+08:00,,“南部战区”发布消息，9月27日，中国人民解放军南部战区位黄岩岛周边海空域组织海空联合演训，这是针对当前个别国家破坏地区和平稳定的必要行动，旨在检验提升部队维护国家领土主权和海洋权益的实战能力。,http://mp.weixin.qq.com/s?__biz=Mzg5MzEyNzEwNQ==&mid=2247854855&idx=1&sn=074ce6b864aa3c1688e902ccefa811c6,,“南部战区”发布消息，9月27日，中国人民解放军南部战区位黄岩岛周边海空域组织海空联合演训，这是针对当前个别国家破坏地区和平稳定的必要行动，旨在检验提升部队维护国家领土主权和海洋权益的实战能力。,,,,pending
突破2300圈长循环！「三院院士」孙学良领衔！Nature子刊！,电池未来,电池未来,"RIOnews API, 前沿表征, 原位",normal,2026-09-27T08:30:00+08:00,,钠离子电池因资源丰富、成本较低，被视为大规模储能的重要候选体系。层状NaₓTMO₂正极具有较高容量、制备简便和电压窗口可调等优势，其中O3型材料初始钠含量更高，理论上有利于释放更高容量；但在充放电过程中，O3结构常发生向P3结构的层滑移相变，进而诱发晶格应变、颗粒开裂和循环衰减。已有策略多集中在抑制层滑移、扩大Na⁺层间距或削弱Na⁺/空位有序，以延迟O3-P3相变并改善电化学稳定性。不过，仅从结构稳定或热力学角度解释相变仍不够充分。对于O3型层状氧化物，Na⁺在八面体位点间迁移往往需要经过四面体中间位点，扩散势垒较高；当Na⁺脱出时，材料可能通过转向扩散势垒更低的P3结构来缓解动力学限制。该,http://mp.weixin.qq.com/s?__biz=Mzg5OTYzNjU0OA==&mid=2247652247&idx=1&sn=639140909a5f9920075cae657eaba37b,,"钠离子电池因资源丰富、成本较低，被视为大规模储能的重要候选体系。层状NaₓTMO₂正极具有较高容量、制备简便和电压窗口可调等优势，其中O3型材料初始钠含量更高，理论上有利于释放更高容量；但在充放电过程中，O3结构常发生向P3结构的层滑移相变，进而诱发晶格应变、颗粒开裂和循环衰减。已有策略多集中在抑制层滑移、扩大Na⁺层间距或削弱Na⁺/空位有序，以延迟O3-P3相变并改善电化学稳定性。不过，仅从结构稳定或热力学角度解释相变仍不够充分。对于O3型层状氧化物，Na⁺在八面体位点间迁移往往需要经过四面体中间位点，扩散势垒较高；当Na⁺脱出时，材料可能通过转向扩散势垒更低的P3结构来缓解动力学限制。该研究的核心思路是把相变问题重新放到“动力学—热力学竞争”框架中理解：常规NMF材料在远未达到热力学相变边界时就发生O3-P3转变，而高熵正极通过多金属构型调控加速Na⁺扩散，使相变从动力学提前触发转变为接近热力学边界后才发生，从而降低内应力并提升结构与循环稳定性。近日，宁波东方理工大学汪硕、孙学良、夏威、有研广东先进材料与技术研究院肖必威、苏州实验室胡江涛在Nature Communications发表了题为""Reconciling the O3-P3 phase transition in layered oxides to reduce particle strain for stable sodium battery cycling""的研究论文。Zhou Liao, Yilin Zhang, Haoxiang Zhuo, Weiyuan Huang为论文共同第一作者，汪硕、孙学良、夏威、肖必威、胡江涛为论文共同通讯作者。核心亮点1. 揭示传统O3型层状钠电正极中O3-P3相变并非单纯热力学决定，而是常被缓慢Na⁺扩散动力学提前触发。2. 以常规NaNi₁/₃Mn₁/₃Fe₁/₃O₂为模型，原位XRD显示16% SOC即发生O3-P3相变，而DFT预测热力学转变应在约44% SOC之后。3. 设计高熵正极Na₀.₈₃Fe₀.₂₂Ni₀.₁₈Cu₀.₀₅Co₀.₀₅Zn₀.₀₇₅Li₀.₀₂₅Mn₀.₂₇₅Ti₀.₀₅Sb₀.₀₅Mg₀.₀₂₅O₂，通过构型熵调控提升Na⁺扩散动力学。4. HE材料将O3-P3相变推迟至37% SOC附近，使实验相变点更接近热力学稳定边界，减少过早相变带来的内应力与颗粒应变。5. 多尺度TXM、SDXM、DRT和GITT结果共同证明，高熵设计带来更均匀反应、更低晶格畸变和更快Na⁺扩散，并支撑Ah级软包电池长寿命循环。 全文速览O3型层状钠离子电池正极材料具有较高比能量，但在充放电循环中会发生相变，产生显著晶格应变并削弱结构完整性。该研究以高熵正极Na₀.₈₃Fe₀.₂₂Ni₀.₁₈Cu₀.₀₅Co₀.₀₅Zn₀.₀₇₅Li₀.₀₂₅Mn₀.₂₇₅Ti₀.₀₅Sb₀.₀₅Mg₀.₀₂₅O₂为模型，表明这类相变通常受动力学限制，会在远离热力学稳定状态时发生。通过调控构型熵来调节扩散动力学，可以将相变起始从动力学势垒控制推迟到热力学稳定边界附近，从而获得相稳定性更高的O3型正极。多尺度空间分辨衍射分析显示，由于动力学驱动的早期相变受到抑制，材料内部应力降低。该先进材料在0.1 C下实现全电池总重量水平162.5 Wh/kg的高比能量，在5 C/1 C（650/130 mA/g）下保持97.7%容量，并在Ah级软包电池中循环2300圈后保持90%容量，显示出实际应用潜力。利用热力学驱动相变为制备高性能层状钠正极提供了有前景的新方向。 图文解读图1 | NMF材料的O3-P3相变发生时间明显早于热力学预测，说明动力学因素会提前触发结构转变。原位XRD显示，常规NMF在约16% SOC时(003)/(006)峰移动并出现P3相，标志O3-P3相变开始；但DFT计算的Ehull结果表明，P3相在约44%–67% SOC后才更具热力学优势。AIMD进一步显示P3结构中Na⁺迁移更活跃，支持“缓慢扩散驱动早期相变”的判断。图2 | 高熵HE正极保持O3长程有序结构，并将O3-P3相变推迟到接近热力学稳定边界。NPD和Rietveld精修证明HE具有O3型长程有序结构，HAADF-STEM、FFT和ABCABC堆垛序列进一步确认其层状结构。nPDF显示多金属掺杂带来局域无序和Na–O键轻微拉长。原位XRD显示HE直到37% SOC后才发生O3-P3相变，此时P3相Ehull已明显低于O3相，说明相变转为热力学驱动。图3 | 热力学驱动相变使HE颗粒反应更均匀，并显著抑制相变诱导的多维晶格应变。TXM-XANES显示，NMF在4.0 V充电态存在明显Ni价态空间不均一，白线能量分布更宽，标准差为2.008；HE颗粒颜色分布更均匀，标准差降至1.414。SDXM进一步表明，HE的Δd/d、y轴扭曲和z轴弯曲标准差均明显低于NMF，证明高熵设计有效减轻晶格畸变和颗粒开裂风险。图4 | 电化学动力学表征证明HE具有更快Na⁺扩散，并削弱O3/P3相边界扩散限制。三电极软包电池结合原位GEIS-DRT解析不同弛豫过程。NMF在脱钠早期出现与O3/P3相边界扩散相关的τ₆峰，说明早期相变引入额外扩散阻力；HE中相变推迟且扩散过程更顺畅。VT-DRT和GITT结果进一步支持HE具有更低Na⁺扩散障碍，其中GITT拟合斜率HE为0.00145，低于NMF的0.00238，对应更高扩散系数。图5 | HE正极在半电池和Ah级软包电池中同时展现高倍率、低温和长循环稳定性。HE半电池循环1200圈后容量保持率为80.7%，明显优于NMF在360圈后的59%。采用硬碳负极组装Ah级HC||HE软包电池后，0.1 C下比能量达到162.65 Wh/kg，容量为5.822 Ah，中值放电电压为3.101 V；1 Ah软包在5 C/1 C下容量保持97.7%，−20 °C下仍保持89%，并在1 C/3 C循环2300圈后保持90%容量。 总结该研究表明，O3型层状钠正极中的O3-P3相变可通过调控Na⁺扩散动力学得到重新协调。常规NMF材料的相变在16% SOC即发生，明显早于DFT预测的热力学稳定边界，说明其相变受到动力学限制并导致局部反应不均、晶格畸变和颗粒应变积累。高熵HE正极通过构型复杂度调节局域结构与Na⁺迁移行为，将相变推迟到37% SOC附近，使相变更接近热力学驱动过程。多尺度成像、衍射和电化学动力学证据共同证明，这一路径能够减轻内部应力、抑制结构损伤并提升循环稳定性。基于该机制构筑的Ah级软包电池实现高比能量、高倍率和长寿命表现，说明“以扩散动力学调控相变驱动力”可作为开发高性能层状钠离子电池正极的重要设计方向。Reconciling the O3-P3 phase transition in layered oxides to reduce particle strain for stable sodium battery cycling,Nature Communications,2026,DOI:10.1038/s41467-026-77622-w#宁波东方理工大学#汪硕#孙学良#夏威#有研广东先进材料与技术研究院#肖必威#苏州实验室#胡江涛#Nature子刊#电池点击阅读原文，加速顶刊！阅读原文不喜欢通讯作者：汪硕、孙学良、夏威、肖必威、胡江涛\x0d\x0a通讯单位：宁波东方理工大学、有研广东先进材料与技术研究院、苏州实验室",,,,pending
抑制O−O二聚实现可逆氧氧化！「国家杰青」夏永姚领衔！复旦大学王飞JACS！,电池未来,电池未来,"RIOnews API, 前沿表征, 原位",normal,2026-09-27T08:30:00+08:00,,钠离子电池因钠资源丰富、成本较低，被视为锂离子电池的重要补充体系。但传统层状氧化物正极主要依赖过渡金属阳离子氧化还原反应，容量提升空间有限。若能进一步激活晶格氧氧化还原，就有望突破常规容量上限，提高正极能量密度。问题在于，氧氧化还原常伴随严重电压滞后、结构不稳定和不可逆氧损失。已有高价掺杂、表面包覆和还原偶联等策略可以部分缓解氧释放，却难以从根源上阻止O−O二聚体形成。O−O二聚体容易进一步过氧化并释放O₂，是氧氧化不可逆和容量衰减的重要源头。该工作将Sc³⁺引入Fe−Mn基P2型层状氧化物，通过调控氧电子密度和Fe−O杂化，在高电压下形成Fe−O−Fe−O局域π型共轭环。该电子结构可离域化氧,http://mp.weixin.qq.com/s?__biz=Mzg5OTYzNjU0OA==&mid=2247652247&idx=2&sn=28ce14e6dfcf4009b13ba20e642f8d5f,,"钠离子电池因钠资源丰富、成本较低，被视为锂离子电池的重要补充体系。但传统层状氧化物正极主要依赖过渡金属阳离子氧化还原反应，容量提升空间有限。若能进一步激活晶格氧氧化还原，就有望突破常规容量上限，提高正极能量密度。问题在于，氧氧化还原常伴随严重电压滞后、结构不稳定和不可逆氧损失。已有高价掺杂、表面包覆和还原偶联等策略可以部分缓解氧释放，却难以从根源上阻止O−O二聚体形成。O−O二聚体容易进一步过氧化并释放O₂，是氧氧化不可逆和容量衰减的重要源头。该工作将Sc³⁺引入Fe−Mn基P2型层状氧化物，通过调控氧电子密度和Fe−O杂化，在高电压下形成Fe−O−Fe−O局域π型共轭环。该电子结构可离域化氧化产生的空穴，削弱O−O二聚驱动力，从而实现更可逆的阴离子氧化还原。近日，复旦大学王飞、夏永姚在Journal of the American Chemical Society发表了题为""Restraining O−O Dimerization for Highly Reversible Oxygen Redox in a Sodium-Ion Layered-Oxide Cathode""的研究论文。Kai Zhang为论文第一作者，王飞、夏永姚为论文共同通讯作者。核心亮点1. 提出“抑制O−O二聚”是提升钠离子层状氧化物氧氧化可逆性的关键设计原则。2. 通过Sc³⁺取代Fe³⁺，在Fe−O−Fe−O局域结构中诱导π型共轭环，增强Fe t₂g−O 2p杂化。3. SFM材料在放电初期实现Fe与O协同还原，明显缓解传统氧氧化材料中的电压滞后。4. 强Fe−O键抑制Fe/Mn迁移、OP4/O2相变、氧损失和表面岩盐相重构，提升结构稳定性。5. Na₀.₆₇Fe₀.₃Sc₀.₁Mn₀.₆O₂在1.5−4.5 V下释放192.3 mAh g⁻¹容量，200圈后容量保持率80.5%，软包全电池能量密度达254.3 Wh kg⁻¹。 全文速览在钠离子层状氧化物正极中激活氧氧化还原反应，是提高能量密度的一条有前景路径。然而，氧氧化正极通常面临可逆性较差的问题。O−O二聚被认为是不可逆性的根本驱动因素，但现有策略尚未能从根本上抑制这一过程。该工作通过在Fe−O−Fe−O局域结构中构建π型共轭环，有效抑制O−O二聚体形成。该独特环状结构通过引入Sc³⁺增强Fe t₂g−O 2p杂化而实现，从而诱导不对称Fe和O还原偶联反应，并获得高度可逆的氧氧化还原以及显著改善的电化学动力学。因此，Na₀.₆₇Fe₀.₃Sc₀.₁Mn₀.₆O₂在4.5 V下释放192.3 mAh g⁻¹的高容量，200次循环后容量保持率为80.5%，即使在10 C下仍保持82.2 mAh g⁻¹。与硬碳负极组装的软包全电池表现出254.3 Wh kg⁻¹的高能量密度。抑制O−O二聚为无氧损失层状氧化物正极建立了有启发性的设计原则。 图文解读图1 | 对比传统对称还原偶联与Sc诱导的不对称还原偶联机制，突出π型共轭环对O−O二聚的抑制作用。图1用于建立全文机制框架。传统层状氧化物在高荷电态发生配体到金属电荷转移，氧被氧化后容易形成TM−O−O−TM局域结构，放电时再反向还原，但该O−O键容易过氧化并释放O₂。Sc³⁺引入后，氧电子密度提高，Fe t₂g与O 2p通过π型相互作用形成Fe−O−Fe−O共轭环，使空穴离域化，降低O−O二聚驱动力，并促成Fe与O在放电过程中的协同还原。图2 | 结构表征和理论计算证明Sc³⁺成功进入晶格，并通过电荷重分布增强Fe−O键。图2证明SFM仍保持典型P2型层状结构，Sc³⁺优先占据过渡金属位点而非Na位点。XRD精修显示c轴略扩张、a/b轴收缩，HAADF-STEM验证层状堆垛结构。Fe K边XANES表明Fe主要为+3价且Sc³⁺为等价取代；FT-EXAFS显示SFM中Fe−O距离短于FM。ELF、DOS和−COHP进一步说明Sc³⁺诱导氧周围电子富集，提高O 2p近费米能级态密度，并增加Fe−O成键态占据，从而强化Fe−O共价性。图3 | 原位/非原位谱学揭示SFM在放电初期实现Fe和O协同还原，从而缓解氧氧化电压滞后。图3比较FM和SFM首圈充放电过程中的Fe价态和氧氧化行为。两者充电时均先由Mn参与低电压补偿，随后Fe在3.5−4.5 V区间参与氧化，并在高电压下激活氧氧化。SFM中Fe和氧在高电压放电初期同步还原，说明Sc³⁺诱导的Fe 3d−O 2p π型杂化可引导电子注入Fe−O−Fe−O共轭环，加快氧氧化还原动力学并抑制O−O二聚。图4 | 局域结构和相变跟踪表明SFM显著抑制Fe/Mn迁移、层滑移和表面重构。图4展示高电压下两种材料的结构演化差异。FT-EXAFS和⁵⁷Fe穆斯堡尔谱显示，FM在4.5 V下Fe层间迁移更严重，而SFM中迁移至Na层的Fe比例约为FM的一半，源于增强的Fe−O键提高了Fe迁移能垒。Mn K边EXAFS和Debye-Waller因子证明FM在4.2−4.5 V发生更强无序和Mn重排。原位XRD显示FM经历P2→OP4→O2等复杂相变，而SFM几乎保持P2相；循环后SFM颗粒裂纹、金属溶出和表面MnO岩盐相重构也明显减轻。图5 | 气体分析、mRIXS、Raman和结构模型共同证明SFM有效减少O₂释放并抑制O−O二聚。图5聚焦氧损失和氧物种演化。DEMS结果用于比较充电过程中的气体释放，FM更容易产生氧释放信号，而SFM因Fe−O−Fe−O共轭环稳定氧化氧物种，显著降低O₂释放倾向。mRIXS和Raman进一步追踪首圈充放电及长循环后氧氧化还原特征，说明SFM中氧氧化更可逆，O−O二聚相关信号受到抑制。结合高电压结构模型和Bader电荷分析，Sc³⁺调控后的电子离域化能够降低氧空穴局域化和二聚化概率。图6 | 电化学测试和软包全电池验证SFM兼具高容量、高倍率、长循环和实用化潜力。图6系统评估电池性能。SFM在1.5−4.5 V窗口下实现高放电容量，并表现出更优dQ/dV曲线稳定性、倍率性能和Na⁺扩散动力学；GITT结果表明其Na⁺扩散系数更高，反映Sc调控后电荷/离子传输更顺畅。进一步与硬碳负极构建SFM||HC软包全电池，并使用Na₂C₄O₄作为补钠添加剂，获得254.3 Wh kg⁻¹的高能量密度，体现实际应用潜力。 总结综上，该工作通过在Fe−Mn基P2型钠离子层状氧化物中引入Sc³⁺，构建了能够抑制O−O二聚的Fe−O−Fe−O局域π型共轭环。Sc³⁺诱导的电荷重分布增强了Fe t₂g−O 2p π型杂化，提高了Fe−O键强度，并使氧化产生的空穴在局域环状结构中离域化，从而降低O−O二聚和氧释放倾向。该电子结构调控进一步促成Fe与O在放电过程中的不对称还原偶联，显著减轻氧氧化还原电压滞后，提升反应动力学。同时，增强的Fe−O键抑制Fe/Mn迁移、层间滑移、表面岩盐相重构和过渡金属溶出，使SFM在高电压下保持更稳定的P2框架。因此，Na₀.₆₇Fe₀.₃Sc₀.₁Mn₀.₆O₂表现出高容量、优异循环稳定性、良好倍率性能以及软包全电池中的高能量密度。该结果说明，从根源上限制O−O二聚是设计高可逆、低氧损失层状氧化物正极的重要方向。Restraining O−O Dimerization for Highly Reversible Oxygen Redox in a Sodium-Ion Layered-Oxide Cathode,Journal of the American Chemical Society,2026,DOI:10.1021/jacs.6c09685#复旦大学#王飞#夏永姚#JACS#电池点击阅读原文，加速顶刊！阅读原文不喜欢通讯作者：王飞、夏永姚\x0d\x0a通讯单位：复旦大学",,,,pending
武汉工程大学谌伟民/喻发全&华中科技大学「高层次青年人才」伽龙AFM综述丨稳定锂金属负极设计！,电池未来,电池未来,"RIOnews API, 前沿表征, 原位",normal,2026-09-27T08:30:00+08:00,,锂离子电池已经广泛应用于便携电子、电动汽车和规模储能，但传统石墨负极的理论容量约为372 mAh g⁻¹，正在逐渐接近性能上限。锂金属负极具有3860 mAh g⁻¹的超高理论容量、−3.04 V的极低电化学电位和0.534 g cm⁻³的低密度，被认为是突破500 Wh kg⁻¹级高能量密度电池的重要候选负极。然而，锂金属负极的实用化长期受制于高反应活性和不稳定的沉积/剥离行为。局部电流密度、离子传输或界面化学的轻微不均匀都可能诱发Li非均匀成核和枝晶生长，进而带来隔膜穿刺、内短路和热失控风险。更关键的是，Li金属表面原生SEI往往化学组成不均、力学强度不足且动态稳定性差，在循环中不断破裂和,http://mp.weixin.qq.com/s?__biz=Mzg5OTYzNjU0OA==&mid=2247652247&idx=6&sn=4bb5609195f23a0a83a8c273faac0634,,"锂离子电池已经广泛应用于便携电子、电动汽车和规模储能，但传统石墨负极的理论容量约为372 mAh g⁻¹，正在逐渐接近性能上限。锂金属负极具有3860 mAh g⁻¹的超高理论容量、−3.04 V的极低电化学电位和0.534 g cm⁻³的低密度，被认为是突破500 Wh kg⁻¹级高能量密度电池的重要候选负极。然而，锂金属负极的实用化长期受制于高反应活性和不稳定的沉积/剥离行为。局部电流密度、离子传输或界面化学的轻微不均匀都可能诱发Li非均匀成核和枝晶生长，进而带来隔膜穿刺、内短路和热失控风险。更关键的是，Li金属表面原生SEI往往化学组成不均、力学强度不足且动态稳定性差，在循环中不断破裂和重构，持续消耗活性Li和电解液，造成低库伦效率、容量快速衰减和“死Li”积累。因此，稳定锂金属负极不仅需要抑制枝晶，还必须协同优化界面稳定性、结构完整性、Li⁺通量分布和Li利用率。近日，武汉工程大学谌伟民、喻发全、华中科技大学伽龙在Advanced Functional Materials发表了题为""Toward Highly Stable Lithium Metal Anodes: Nucleation Chemistry, Interfacial Engineering, and Structural Design""的综述论文。Xianchao Zhao为论文第一作者，谌伟民、喻发全、伽龙为论文共同通讯作者。核心亮点1. 该综述从热力学和动力学角度系统解析Li成核、生长、枝晶形成与界面失效之间的内在联系，为稳定锂金属负极设计提供机制基础。2. 该工作总结了无机层、有机聚合物层、杂化界面和动态自修复界面等策略，强调通过调控Li⁺通量、界面能和SEI稳定性抑制非均匀沉积。3. 该综述归纳了碳基、金属基、聚合物基和梯度孔结构三维宿主的设计逻辑，突出其在均匀电场、缓冲体积变化和提高Li利用率方面的作用。4. 该工作重点讨论原位/准原位显微表征、谱学分析、电化学测试、多尺度模拟和AI方法，说明多技术耦合对于揭示Li沉积动态过程和失效机制的重要性。5. 该综述提出实用化评价不能只依赖Li||Li或Li||Cu理想循环数据，还应同时考察面容量、电流密度、库伦效率、电解液用量、Li过量、全电池表现和可规模制造性。 全文速览锂金属负极具有超高理论容量和极低电化学电位，是下一代高能量密度锂金属电池的关键支撑。然而，其实际应用仍严重受限于Li成核不均、枝晶生长、剧烈体积波动、副反应以及固态电解质界面膜不稳定等问题。该综述以机制为导向，全面概述了稳定锂金属负极的最新进展。首先总结Li成核与生长背后的热力学和动力学基本原理，为理解沉积不均匀性和界面失效建立理论基础。随后讨论界面工程和宿主结构设计的代表性策略，重点阐明这些方法如何调控Li⁺通量、引导均匀沉积、抑制枝晶并缓冲体积变化。进一步地，该综述强调先进表征技术和多尺度模拟在探测Li金属及其界面动态演化中的作用，为理解结构-性能关系和失效机制提供关键见解。此外，实用锂金属电池面临的真实全电池评价、可规模制造和数据驱动研究范式等关键挑战也得到批判性讨论。最后，该综述提出应整合材料设计、机制理解、先进诊断和智能方法，加速锂金属负极从基础研究走向实际应用，为开发安全、高能量密度锂金属电池提供系统蓝图。 图文解读图1 | Li成核热力学、异质成核界面、晶面迁移能垒和合金相行为共同决定初始沉积形貌Li沉积首先取决于成核能垒和过电位之间的关系。过电位越高，临界核半径越小，成核密度越高，更容易形成细小而密集的Li核。异质成核中，基底润湿性、界面相容性、晶格匹配和合金化能力会降低成核势垒，因此Cu、Mg、Au及可与Li形成合金的材料对沉积形貌具有明显调控作用。图2 | Scharifker–Hills模型和SEI修正模型用于解析Li早期成核模式及界面动力学SH模型通过归一化电流瞬态区分瞬时成核和渐进成核，帮助判断Li核是在短时间内集中形成，还是随时间持续生成。该模型可联系成核模式与沉积形貌：瞬时成核常导致稀疏粗大沉积，渐进成核更利于细密均匀沉积。后续模型进一步引入混合成核比例和SEI相关电流项，使其更适合描述实际锂金属体系中的副反应和界面膜演化。图3 | 浓差极化、Sand时间和表面扩散共同解释Li从苔藓状到枝晶状生长的转变当电沉积进入浓差极化阶段，Li⁺在界面附近被快速消耗，局部传质不足会推动枝晶生长。Sand时间可用于判断离子耗尽和形貌失稳发生的临界条件；同时，沉积Li原子的表面扩散能力决定其能否重新分布并平滑凸起。快速表面扩散有助于均匀沉积，较高扩散能垒和弱原子结合则会促进尖端放大和枝晶形成。图4 | 无机界面层通过亲锂位点、离子导体和稳定保护相调控Li沉积与循环稳定性无机界面工程可通过LiF、Li₃N、MXene、BN、Si₃N₄等组分构建机械稳定、离子传导良好且亲锂的界面层。这类界面能够降低成核能垒、均匀Li⁺通量、抑制局部枝晶生长，并在高面容量沉积中维持更平整的Li形貌。相关全电池和固态电池结果表明，无机界面层对循环寿命和界面接触稳定性具有直接贡献。图5 | 有机聚合物和凝胶界面通过缓释添加剂、柔性网络和润湿调控稳定Li沉积有机界面层强调结构可设计性和柔性适配能力。LiNO₃缓释膜可持续参与SEI构建，调节Li沉积形貌；交联凝胶和嵌段聚合物可同时改善电解液润湿性、机械韧性和界面接触。通过分子工程调控聚合物极性、弹性和表面形貌，有助于分散Li⁺通量并缓冲循环中的体积变化。图6 | 仿生和动态超分子界面利用离子传输、氢键和配位网络提升锂金属负极耐久性仿生聚合物、动态超分子弹性体和金属-超分子界面层可同时提供Li⁺传输通道、机械耗能机制和自适应修复能力。PAMPS-co-PBA界面改善Li沉积/剥离库伦效率，DSIEI借助动态氢键耗散应变能，MSP-IPL通过Ti-POM配位网络束缚PF₆⁻并均匀Li⁺通量，从而在高负载和低温条件下显著提升循环稳定性。图7 | 光控聚合、PAN/LiF保护层和固态电解质设计展示了多场景界面稳定化策略原位光控自由基聚合可在Li表面形成稳定保护层，使厚Li箔、薄Li箔、高负载、贫电解液和高温条件下的循环更稳定。PAN/LiF、PCN-PEO和复合固态电解质等策略则分别从机械保护、均匀电流分布、离子传输通道和热力学稳定性入手，说明聚合物-无机复合界面可适配液态和固态锂金属电池。图8 | 杂化SEI、软支架和聚合物纳米层可协同改善界面力学强度与Li沉积均匀性理想SEI需要兼具离子传导、电子绝缘、化学稳定和力学韧性。LiF/Li₃Sb等杂化界面可形成更均匀的Li沉积形貌并降低表面粗糙度；膨胀软支架和iCVD聚合物纳米层可强化原生SEI，限制枝晶穿透；两性离子聚合物与功能隔膜进一步说明，界面电荷调控和力学约束可同步提升半电池与全电池循环表现。图9 | 三维宿主通过碳基、金属基和聚合物骨架均匀电流密度并容纳Li体积变化三维宿主结构可降低局部电流密度，提供连续电子/离子通道，并为Li沉积预留空间。碳材料、金属材料和聚合物材料各有优势，异质原子掺杂、Li₃N修饰、rGO复合和梯度结构可提升亲锂性并引导Li在骨架内部均匀沉积。原位光学观察和模拟结果显示，合理宿主结构能够明显推迟枝晶形成并改善高电流密度下的稳定性。图10 | 金属基宿主依靠高导电性、亲锂合金位点和梯度框架实现空间可控Li沉积金属宿主具有优异导电性和结构强度，可通过Ag、Zn/ZnO/Zn(CN)₂@C、Cu₂Se和Cu-HDFP等修饰提升亲锂性并诱导底部优先生长。DFT、Bader电荷和COMSOL模拟说明，异质界面能调节Li吸附能与局部电场。实验中，底部亲锂位点与上层保护相协同，可在较高面容量和有限N/P条件下维持稳定全电池循环。图11 | 合金化锂金属、梯度亲锂层和功能化骨架可提升空气稳定性与全电池倍率性能Li/Li₂₂Sn₅纳米复合箔、AM-Li合金负极和浓度梯度Ag/PVDF结构体现了合金化与梯度设计对Li沉积的调控作用。合金相可降低界面反应活性、改善空气稳定性和循环寿命；梯度亲锂层可引导Li向内部沉积，减少表面枝晶。NCNF@MoP等功能骨架进一步展示了高倍率Li||LFP全电池中的结构优势。图12 | 有序大孔和梯度孔宿主通过调节孔深方向电流分布实现内部优先沉积三维有序大孔Cu和梯度孔框架可改变Li沉积空间位置，使Li优先在孔内而非表面堆积。孔径大小、孔深梯度和局部电流密度分布密切相关：单一孔径容易产生表面或局部富集，而梯度孔结构可沿深度方向分散Li⁺通量。非对称电池循环结果表明，合理孔结构可同时改善体积缓冲和沉积可逆性。图13 | 合金负极、脱合金多孔Cu和3D打印Cu骨架拓展了固态与低温锂金属电池结构设计Li–Mg合金在石榴石固态电解质中可改善界面接触和Li输运，实现较高面容量循环。电化学刻蚀Cu–Zn合金可制备力学更稳健的三维多孔Cu集流体；Cu–LiSn–Li复合电极在−10 °C下仍表现出较好LFP全电池循环和倍率性能。3D打印多孔Cu进一步说明可制造结构设计对高负载锂金属负极具有潜力。图14 | 反转电极、亲锂纳米通道和层级多孔界面揭示了Li空间沉积路径的可视化调控反转电极结构通过改变沉积路径，使Li优先在底部或内部沉积，避免表面快速堵塞。Cu₃N纳米线修饰的NA-LLZTO可改善熔融Li对固态电解质的润湿，使界面接触更紧密；PEO-DLSL层级多孔电极的截面SEM进一步显示，孔结构能够缓冲体积变化并抑制枝晶穿透。图15 | TEM、原位TXM、光学显微、cryo-FIB-SEM、AFM和LIBS揭示Li沉积的多尺度演化先进显微表征可从纳米到宏观尺度追踪Li负极变化。TEM和HRTEM用于观察复合Li/Cu负极及不同电解液中SEI结构；原位TXM和光学显微可捕捉Li快速沉积/溶解过程；cryo-FIB-SEM保持Li形貌真实性；AFM提供表面形貌和模量信息；LIBS层析映射则揭示Ag@CC中Li随时间进入骨架的空间分布。图16 | XRD、XPS、FTIR、Raman、TGC、气体分析、TOF-SIMS和NMR用于解析相组成与副反应谱学和化学分析技术可识别界面相、反应产物和失效来源。XRD/PXRD用于确认LLZTO修饰和Si嵌锂相变化；XPS解析燃烧产物中的Li 1s和O 1s化学环境；FTIR和Raman追踪键合结构；TGC区分死Li和SEI Li⁺容量损失；气体监测、TOF-SIMS三维成像和NMR进一步揭示热失控、副反应和电解液分解路径。图17 | 电化学阻抗、机器学习结构、CV、Tafel、库伦效率、AFM、DSC和模拟共同评价界面性能锂金属负极评价需要电化学、力学、热安全和理论模拟协同。EIS和Arrhenius分析可获得界面阻抗与活化能；GRU/BiGRU体现机器学习对电池行为预测的潜力；CV和Tafel曲线反映界面反应动力学；库伦效率比较可评估可逆沉积；AFM、DSC和多物理场模拟则分别揭示力学变化、热反应风险和Li⁺浓度/电流密度分布。图18 | 下一代锂金属电池需要协同发展关键材料组件、先进诊断、AI筛选和实用制造路线面向实用锂金属电池，未来设计应从单一材料优化转向系统协同：人工固态电解质、电解质-隔膜界面、无负极结构、高安全电解液和功能宿主需要共同推进。多模态原位表征与AI/机器学习可加速机制解析和材料筛选，而规模制造、极端环境稳定性和真实全电池评价将决定技术能否走向应用。 总结该综述指出，稳定锂金属负极的关键不应停留在单一抑制枝晶策略，而应建立由成核化学、界面工程、宿主结构、先进表征和实用评价共同支撑的系统设计框架。Li成核与生长的热力学和动力学规律为理解沉积不均匀、枝晶形成和界面失效提供了基础；无机、有机和杂化界面层可通过调节Li⁺通量、界面能、SEI组成和力学响应提升沉积均匀性；三维宿主结构则能够降低局部电流密度、缓冲体积变化并提高Li利用率。先进原位/准原位表征、多尺度模拟和数据驱动方法正在加深对Li金属动态演化、SEI失效和结构-性能关系的理解。面向实际应用，未来研究需要摆脱理想化半电池指标的局限，在高面容量、高电流密度、贫电解液、低Li过量和高负载全电池条件下评价材料策略，同时兼顾安全性、规模化制造、成本和极端环境适应性。只有将材料设计、机制认知、诊断技术和智能筛选深度融合，才可能推动锂金属负极从基础研究迈向安全、高能量密度电池的实际应用。Toward Highly Stable Lithium Metal Anodes: Nucleation Chemistry, Interfacial Engineering, and Structural Design,Advanced Functional Materials,2026,DOI:10.1002/adfm.78389#武汉工程大学#谌伟民#喻发全#华中科技大学#伽龙#AFM#电池点击阅读原文，加速顶刊！阅读原文不喜欢通讯作者：谌伟民、喻发全、伽龙\x0d\x0a通讯单位：武汉工程大学、华中科技大学",,,,pending
天津大学张兵团队 Nat. Commun.：2.5 A，三氯乙酸电化学脱卤氘代,有机电催化,有机电催化,"RIOnews API, 电化学合成, 电催化, 学术研究, 大学, 期刊",normal,2026-09-27T08:30:00+08:00,,电化学氘代 · 界面氢键 · 碘修饰铜 · 安培级合成一句话看懂电化学脱卤氘代可由重水直接构建氘代分子，但碱性界面的氢键断层限制氘传递。该研究在铜表面化学吸附碘离子，以I−···H–O–H···O桥接界面水网络，使一氯乙酸脱氯氘代转向Eley–Rideal路径，并在2.5 A下连续40 h制得19.8 g氘代乙酸。三氯乙酸逐步脱氯可合成氘代乙酸，其中一氯乙酸的末步转化涉及C–Cl键活化、重水解离和活性氘输运。既有研究多聚焦底物键活化，却较少处理碱性电极附近水分子连接不足造成的传氘阻力。因此，如何重构界面氢键并同步改善底物吸附，是提高反应速率和法拉第效率的关键。核心问题表面碘离子能否桥接碱性界面,http://mp.weixin.qq.com/s?__biz=MzUyNTc2ODMyOQ==&mid=2247563078&idx=1&sn=dab20a410500fa37619723c66709f199,,电化学氘代 · 界面氢键 · 碘修饰铜 · 安培级合成一句话看懂电化学脱卤氘代可由重水直接构建氘代分子，但碱性界面的氢键断层限制氘传递。该研究在铜表面化学吸附碘离子，以I−···H–O–H···O桥接界面水网络，使一氯乙酸脱氯氘代转向Eley–Rideal路径，并在2.5 A下连续40 h制得19.8 g氘代乙酸。三氯乙酸逐步脱氯可合成氘代乙酸，其中一氯乙酸的末步转化涉及C–Cl键活化、重水解离和活性氘输运。既有研究多聚焦底物键活化，却较少处理碱性电极附近水分子连接不足造成的传氘阻力。因此，如何重构界面氢键并同步改善底物吸附，是提高反应速率和法拉第效率的关键。核心问题表面碘离子能否桥接碱性界面的氢键断层，并以更低电位加速一氯乙酸脱氯氘代及安培级氘代乙酸合成？本文要点1. 碘修饰铜通过化学吸附的I−建立I−···H–O–H···O连接，缩短界面水网络与电极之间的氢键间隔。2. 以一氯乙酸为模型，ID-Cu获得1.43 mmol h−1产率和96% FE，工作电位较裸Cu正移200 mV。3. 原位拉曼与分子动力学显示弱氢键水和自由水比例改变，氘传递由Langmuir–Hinshelwood路径转向Eley–Rideal路径。4. 三氯乙酸在重水中以2.5 A连续电解40 h，获得19.8 g AA-d4，验证界面碘调控的放大适用性。关键图表解读界面氢键桥接的反应设计Figure 1. 三氯乙酸逐步脱氯氘代路线、碱性界面水结构及碘修饰铜的设计示意。三氯乙酸经逐步脱氯氘代生成AA-d4，末步一氯乙酸氘代被确定为限速环节，表明界面氢键连续性是控制活性氘输运和末步反应速率的重要因素。一氯乙酸转化性能与动力学Figure 4. ID-Cu与裸Cu的一氯乙酸脱氯氘代性能、原位信号及动力学参数比较。ID-Cu在−1.05 V获得96% FE和1.43 mmol h−1产率，工作电位正移200 mV，表明碘修饰同时促进底物活化、电子转移和目标产物形成。碘桥接水网络与传氘路径Figure 5. 界面水拉曼分峰、氢键分布、反应能垒及两类脱卤氘代机制。碘修饰后界面弱氢键水与自由水比例重排，I−···H–O–H···O连接明显增强，表明连续水网络降低氘输运障碍并使反应偏向Eley–Rideal机制。安培级氘代乙酸合成Figure 6. 不同电流下的电压、效率和产率，以及2.5 A条件下40 h稳定合成结果。2.5 A连续电解40 h获得19.8 g AA-d4，期间产率随换液周期保持可恢复变化，表明碘桥接界面在高电流和长时运行下仍能维持脱卤氘代功能。可以继续思考什么？碘覆盖度在长时强还原条件下如何动态变化，界面水网络的连通性是否可用时间分辨谱学定量？若将卤素桥接策略扩展至其他脱卤氘代底物，不同阴离子的吸附强度、氢键受体能力与底物竞争吸附应如何匹配？文献信息论文题目：Iodide-bridged interfacial hydrogen bonds enable ampere-level electrosynthesis of deuterated acetic acid期刊：Nature Communications，2026，Article in PressDOI：10.1038/s41467-026-77912-3通讯作者：Rui Li；Chuanqi Cheng；Bin Zhang不喜欢有机电催化学术交流QQ群: 692419836,,,,pending
对标OpenAI！不会代码，也能跑Claude API,新智元,新智元,21C API,normal,2026-09-27T08:20:56+08:00,,新智元报道 Anthropic，终于动手了。就在刚刚，A/终于把用了快两年的开发者工具Workbench，一刀砍掉，改名成了Playground。表面看，只是换了个名字。但真正的变化是，Anthropic正把原本偏工程化的Claude API，做成一个普通人也能直接上手的可视化产品。不会写代码也能把Claude API跑起来在过去，Anthropic的「Workbench」带着鲜明的高冷烙印。对于绝大多数非资深算法工程师来说，想探底Claude的API能力，往往要经历一套漫长的工程受难史：配置Python虚拟环境、导入SDK、配置API Key、手写JSON Schema、捕获报错……还没开始,http://mp.weixin.qq.com/s?__biz=MzI3MTA0MTk1MA==&mid=2652729838&idx=2&sn=6175fdb237919cbc9de1f258c627febb,,新智元报道 Anthropic，终于动手了。就在刚刚，A/终于把用了快两年的开发者工具Workbench，一刀砍掉，改名成了Playground。表面看，只是换了个名字。但真正的变化是，Anthropic正把原本偏工程化的Claude API，做成一个普通人也能直接上手的可视化产品。不会写代码也能把Claude API跑起来在过去，Anthropic的「Workbench」带着鲜明的高冷烙印。对于绝大多数非资深算法工程师来说，想探底Claude的API能力，往往要经历一套漫长的工程受难史：配置Python虚拟环境、导入SDK、配置API Key、手写JSON Schema、捕获报错……还没开始验证业务想法，半天时间已经耗在排错上了。而这次全新上线的 Playground，直接建立在公开的 Messages API 之上，其核心逻辑就是四个字：开箱即用。官方甚至给出了极度明确的定义：「在写任何代码之前，先尝试模型或新的API功能。」在新版Playground中，复杂的底层能力被全量拆解为直观的图形化模块：核心参数极简调节：模型切换（Claude 3.5 Sonnet、Haiku、Opus）、Temperature、Max Tokens、System Prompt，全部通过右侧滑块与输入框秒级响应。高阶特性零门槛挂载：Tool Use（工具调用）、Structured Outputs（结构化输出）、代码执行以及Web Search等模板，无需手写繁琐的协议映射，勾选即可测试。黑盒全透明化：侧边栏支持随时展开查看原始的HTTP Request与Response报文，Token消耗、上下文调用逻辑一目了然。更关键的杀手锏在于：你在网页里调通的一切，支持一键无缝导出成代码（Python/TypeScript/cURL等）。整个AI应用的原型构建流程，被彻底改写为：「先点出来，再把代码拿走。」过去发生在IDE里的高试错成本，被彻底平移进了浏览器。AI公司正在把原本给程序员用的API接口，打磨成人人可用的交互型产品。Workbench这个名字死得不冤Anthropic为什么放弃Workbench？因为「工作台」这三个字，自带劝退属性。一听就是给工程师准备的。你得先学会怎么用工具，才能开始干活。对刚接触大模型API的人来说，光这个名字就能劝退一半。而「Playground」——游乐场。潜台词太直白了：进来玩就完了。这不是Anthropic一家在做的事。OpenAI有Playground，Google有AI Studio。三家巨头，三个不同的模型体系，最后在产品命名上，全撞到了一起。名字趋同的背后，是行业在形成同一套范式：Chat负责让普通人体验AI。Playground负责把体验者变成开发者。Anthropic，比OpenAI更狠拿Playground做个PR review bot，结果挺有意思。Anthropic这边：1.9秒返回正确JSON，用了102个token，成本0.0029美元，导出的脚本直接能跑。OpenAI 6.2秒出答案，消耗大约2900个token。导出的文件里塞满了完整对话记录，还得手动删掉之前的内容、加print语句，才能运行。更关键的是，Anthropic的导出是自包含脚本。check进repo，CI/CD里直接调用。OpenAI的导出是交互记录，你得自己拆。两边的哲学完全不同。Anthropic在告诉你：prompt belongs in code，not in a web console。AI下一场战争在控制台过去两年，所有人都在抢聊天入口。ChatGPT、Claude、Gemini，打得头破血流。但接下来抢的，是谁能让最多的人，把模型真正接进自己的产品里。Anthropic今年的动作已经很密集了：Claude Agent SDK让开发者用Python和TypeScript就能构建Agent，Messages API加了按需compaction机制，长对话自动压缩，不用手动管理上下文。模型能力越来越复杂，API参数越来越多。但表层入口，必须越来越简单。这就是Playground存在的意义。底层再复杂，用户看到的只是一个框、几个滑块、一个运行按钮。往前看一步，当模型调用、工具调用、结构化输出、Agent编排都能通过可视化界面完成之后——「API用户」和「普通用户」之间的那堵墙，会薄到几乎不存在。以前你得先学编程，才能开发一个AI应用。现在你只需要，先点出来，再把代码拿走。参考资料：https://x.com/testingcatalog/status/2101984275402821745编辑：桃子秒追ASI⭐点赞、转发、在看一键三连⭐点亮星标，锁定新智元极速推送！,,,,pending
刚刚，OpenAI神秘「o」代码曝光！ChatGPT要变24小时员工,新智元,新智元,"21C API, 交付, 报价, 发布",normal,2026-09-27T08:20:56+08:00,,新智元报道 OpenAI下一张王牌，提前曝光了！坊间传闻，OpenAI 9月29日开发者日当天，将重磅发布一款个人24小时在线AI助手。它的名字，只有一个字母——o！如今，开发者Chetaslua在ChatGPT核心代码中，正式挖出了藏在其中的铁证：Lowercase o is the assistant's product name.（小写字母o是该助手的正式产品名）63种语言，极速模式（Fast Mode）就位，多智能体协同看板全通，甚至连独立邮箱后缀都已经写进了逻辑。更绝的是，它将直接下放给所有Pro订阅用户。也就在刚刚，OpenAI开发者官方一张图，再次暗示o即将上线。这一次的开发者日,http://mp.weixin.qq.com/s?__biz=MzI3MTA0MTk1MA==&mid=2652729838&idx=1&sn=dd4a552aad7ab8b4551e3cfee3a6daf7,,"新智元报道 OpenAI下一张王牌，提前曝光了！坊间传闻，OpenAI 9月29日开发者日当天，将重磅发布一款个人24小时在线AI助手。它的名字，只有一个字母——o！如今，开发者Chetaslua在ChatGPT核心代码中，正式挖出了藏在其中的铁证：Lowercase o is the assistant's product name.（小写字母o是该助手的正式产品名）63种语言，极速模式（Fast Mode）就位，多智能体协同看板全通，甚至连独立邮箱后缀都已经写进了逻辑。更绝的是，它将直接下放给所有Pro订阅用户。也就在刚刚，OpenAI开发者官方一张图，再次暗示o即将上线。这一次的开发者日，OpenAI要直接掀桌子了。OpenAI神秘o现身永远在线的AIo的登场，绝对是这一次OpenAI的重磅发布。这场神级预告，早在几天前就开始了。9月25日，美国西部时间下午，Codex出了一次故障。OpenAI「义父」Tibo发了一条帖子——o no :( 。一个小时后服务恢复，他又发：「o yes… we're back」，顺手宣布给大家重置用量额度。几乎同一时间，几条线索接连冒出来——有Pro用户在ChatGPT升级页面上看到一行字：o, your always-on assistant（o，你的全天候助手），几小时后这行字消失了。不仅如此，ChatGPT网页端代码里多了一条给翻译人员的备注，小写o就是这个助手的产品名。而且，内部配置里，「o」被写成显示名称，还出现了一个邮箱后缀：「-o」。再加上，OpenAI开发者账号那条「距离DevDay还有72小时，我们一直在造东西，是时候交作业了」，事情基本对上了。OpenAI要在DevDay上，发布一个24小时在线、替你持续干活的智能体。现在可以确认的信息是，它的定位是：长期在线，持续运行。100美元的Pro Lite、200美元的Pro、还没上线的500美元Pro Max三档都有，20美元的Plus和Codex Plus用户没份。此外，Codex Plus用户被明确排除在外。这意味着「o」和代码助手是两条产品线，OpenAI在刻意区分「写代码的AI」和「替你干活的AI」。扒开底层代码o「长」出来了从各路逆向工程大神扒出的底层配置来看，「o」从交互逻辑到执行架构，进行了全面重构。从目前泄露的核心细节，可以提前看到它的四大杀手锏。Always-on（会睡觉，也会自己醒）现阶段你用ChatGPT，本质是在玩「回合制游戏」。你输入一行指令，它吐出一串文本，你不回话，它就陷入休眠；一旦页面超时或任务过长，窗口自动截断。「o」的代号据传指向内部项目「Aeon」（意为永恒），底层由强化长程任务的变体驱动。它的底层挂载着一套持久化的云端托管沙盒（Hosted Sandbox）。你把一个复杂的业务目标丢给它，它可以在云端后台连续跑数小时、数天甚至数周。环境自己配、报错自己改、数据自己测，直到任务彻底跑通闭环。你关电脑睡觉，它在云端通宵给你顶岗。Fast Mode：把长链条等待压到毫秒级代码中被反复提及的，还有「Fast Mode」（极速模式）。很多人不理解：大模型生成文本的速度已经够快了，为什么还要专设极速模式？深入过Agent开发就会明白：当AI从单次回答转变为自主思考时，一次任务的背后往往是几十上百次的「CoT推导→ 工具调用 → 结果返回 → 错误重试」。普通模型每秒吐出30个token，一套复杂流程跑下来可能需要20分钟。传闻o接入了超高推理算力架构，甚至利用专用高并发芯片集群的Fast Mode，能将token生成速度提升数倍。多Agent共享留言板：拉个群，AI自己开晨会一个人的精力有限，一个AI也是。但在「o」的世界里，OpenAI直接把「公司架构」搬进了系统。代码中出现的「Shared message board for agents」（智能体共享留言板），彻底打破了单兵作战：主控Agent（PM）：负责将宏观目标拆解成多个子任务；搜索Agent（研究员）：调取接口全网扫盲；代码Agent（工程师）：在沙箱内跑仿真与脚本验证；质检Agent（审核员）：比对结果挑刺纠错。人类只需要作为老板，在最上方写下交付标准和验收条件。剩下的时间，底下的这帮AI员工在共享看板里自己开会、互相质检、自发推进。专属邮箱后缀「-o」：正式领工牌上岗最让所有人后背发凉的，是配置里出现了「-o」这一邮件处理逻辑。如果「o」拥有了独立的邮件收发能力，意味着它具备了真正意义上的「原生外部通信入口」。团队在给客户发邮件时抄送它，它能自动解析附件并同步到看板；下游供应商发来报价单，它能自主比对历史数据，生成评估后回复给你确认。它开始拥有与人类员工完全一致的通信身份。今天的ChatGPT，还不是「24小时员工」很多人可能会困惑，现在的ChatGPT不已经很强了么。写代码、做报表样样在行，这个叫「o」的常驻智能体，到底有什么颠覆性的不同？这么说吧，两者的差距，本质上是「计算器」与「职业经理人」的物种跨越。看这张对比表，就能看清什么叫产品形态的质变：过去两年里，绝大多数人对AI的新鲜感，已经逐渐透支。你问一个问题，它引经据典写得花里胡哨，但最后关掉网页，该查的数据你还得自己查，该填的Excel你还得自己填，写好的代码你还得一段段手动去部署排错。所有人真正需要的是一个「交代完目标之后，能默默替我把活干完的执行者」。这就是为什么OpenAI必须做「o」。从「Chat（聊）」跨越到「Do（做）」，正是常驻智能体存在的唯一意义。下周起准备迎接你的「AI同事」实际上，这一回，OpenAI出牌晚了很多。上个月初，马斯克SpaceXAI的Grok Bot正式上线。它的核心设计极其聪明：每个Bot拥有自己的专属云电脑，登录人类已有的工具干活，即便合上电脑它也不停。多个Bot之间还能相互发消息、在群聊里协作。Meta的Muse同样来势汹汹。小扎亲自站台，称其为「理解你目标、24/7替你干活的个人Agent」。上线13天，Muse下载量碾压Claude和Grok同期，直接冲上App Store榜首。一个多月，赛道挤满了人，OpenAI的o是被逼着交卷的。o释放的信号是，OpenAI下一阶段的竞争重点，很可能换成了一个更朴素的问题：一个AI每天到底能替人干多久的活？9月29日，OpenAI开发者日即将揭开帷幕。准备好，迎接你人生中第一个不知疲倦、不用睡觉的「AI同事」。参考资料https://x.com/kimmonismus/status/2103823673954087231https://x.com/MehdiCade/status/2103871525510144296?s=20编辑：桃子秒追ASI⭐点赞、转发、在看一键三连⭐点亮星标，锁定新智元极速推送！",,,,pending
刚刚，南部战区发声！,科技日报,科技日报,21C API,normal,2026-09-27T08:19:37+08:00,,中国人民解放军南部战区位黄岩岛周边海空域组织海空联合演训9月27日，中国人民解放军南部战区位黄岩岛周边海空域组织海空联合演训，这是针对当前个别国家破坏地区和平稳定的必要行动，旨在检验提升部队维护国家领土主权和海洋权益的实战能力。来源：南部战区编辑：王曼茜审核：张爽,http://mp.weixin.qq.com/s?__biz=MzI3NDI5MjI4OQ==&mid=2247899701&idx=1&sn=b461d48673788544d7454d4f29973158,,中国人民解放军南部战区位黄岩岛周边海空域组织海空联合演训9月27日，中国人民解放军南部战区位黄岩岛周边海空域组织海空联合演训，这是针对当前个别国家破坏地区和平稳定的必要行动，旨在检验提升部队维护国家领土主权和海洋权益的实战能力。来源：南部战区编辑：王曼茜审核：张爽,,,,pending
中国钢铁产能统计｜钢铁行业底数盘点！,工业节能环保技术,工业节能环保技术,"21C API, 排名, TOP15, 产能, 规划产能, 利润率, 亏损, 政策, 新产品",normal,2026-09-27T08:16:27+08:00,,传递信任成就价值链接（10000+）终端用户资源一、总体盘子：产量、产能、消费量指标（2025）数值同比粗钢产量9.61亿吨▼ −4.4%粗钢产能超10亿吨高位运行生铁产量8.36 亿吨▼ −3.0%钢材产量14.46 亿吨▲ +3.1%粗钢表观消费量8.29 亿吨▼ −7.1%行业产能利用率约 80%略低于国际 82%二、分省产量 TOP15（2025 累计，万吨）排名省份粗钢产量全国占比1河北1906119.84%2江苏1134911.81%3辽宁68837.16%4山东68277.10%5山西54565.68%6广西44344.62%7广东39904.15%8福建35573.70%9安徽,http://mp.weixin.qq.com/s?__biz=MzkzMTc0NzY2Mg==&mid=2247666669&idx=1&sn=7811ed5badb192fb3075c23f3380fdc8,,传递信任成就价值链接（10000+）终端用户资源一、总体盘子：产量、产能、消费量指标（2025）数值同比粗钢产量9.61亿吨▼ −4.4%粗钢产能超10亿吨高位运行生铁产量8.36 亿吨▼ −3.0%钢材产量14.46 亿吨▲ +3.1%粗钢表观消费量8.29 亿吨▼ −7.1%行业产能利用率约 80%略低于国际 82%二、分省产量 TOP15（2025 累计，万吨）排名省份粗钢产量全国占比1河北1906119.84%2江苏1134911.81%3辽宁68837.16%4山东68277.10%5山西54565.68%6广西44344.62%7广东39904.15%8福建35573.70%9安徽34383.58%10内蒙古32613.39%11湖北31733.30%12四川27272.84%13河南26402.75%14江西25372.64%15湖南21982.29%三、企业集团 TOP18（2025 粗钢产量，万吨）排名企业集团产量全球位次1中国宝武12476第 12鞍钢集团5761第 43河钢集团4249第 54沙钢集团3910第 65建龙集团3802第 76德龙集团3203第 97首钢集团3023第 128敬业集团2391—9湖南钢铁（华菱）2260第 1510柳钢集团2100第 1711山钢集团1826第 1912方大集团1790第 2113日照钢铁1704第 2314青山控股1600第 2515中信泰富特钢1582第 2616包钢集团1573第 2717广西盛隆冶金1499第 2818南京钢铁1475—四、钢材品种结构：板材强、建筑材弱五、工艺路线：长流程为主，电炉短流程提速六、进出口：量增价跌，出口创历史新高2025 年钢材出口1.19 亿吨，同比 +7.5%，超过 2015 年 1.124 亿吨的历史峰值；但出口均价 694 美元/吨（−8.1%），典型的「量增价跌」，净出口折合粗钢 1.31 亿吨创历史新高。这是国内需求不足背景下的一个重要「泄压阀」。指标（2025）数值同比出口钢材1.19 亿吨▲ +7.5%出口均价694 美元/吨▼ −8.1%材+坯折合粗钢出口1.38 亿吨▲ +14.3%进口钢材606 万吨▼ −11.1%进口均价1696 美元/吨▲ +0.4%材+坯折合粗钢净出口1.31 亿吨▲ +17.0%七、全球地位：占全球 52%，连续 3 年回落52.0%52.0%中国占全球粗钢比（2024 为 53.3%）18.49 亿2025 全球粗钢产量（吨）同比 −2.0%64%中国不锈钢占全球比重世界第一尽管中国粗钢减产，占比仍稳超一半，超过全球前 12 大产钢国合计。但占比已连续 3 年下降（2022 年约 54%、2024 年 53.3%、2025 年 52.0%），与全球电炉化趋势反向——中国「长流程为主」的结构，使碳约束下的国际竞争力面临长期考验。八、十年趋势: 从 10.65 亿到 9.61 亿十四五以来，粗钢产量与表观消费量同步进入下行区间。产量从 2020 年 10.65 亿吨降至 2025 年 9.61 亿吨（−9.8%）；表观消费量自 2020 年峰值 10.48 亿吨连降 5 年，2025 年较峰值减少20.9%。行业明确进入「减量调结构」长周期。九、钢铁重镇与沿海基地唐山（全国第一钢城）：2025 年粗钢 1.10 亿吨（−7.7%），占全国约 11.4%、占河北约一半；钢材 1.92 亿吨（+5.7%）；行业利润 122.6 亿元（全市黑色冶炼业利润同比 +6631%）。「减量提质」特征最典型。邯郸（河北另一钢铁重地）:粗钢约 4000 万吨级（2020 年 4471 万吨），规划精品钢 2000 万吨以上、占比过半。日照（沿海精品基地代表）:日钢 2025 年产钢 1703 万吨（吨钢净利、出口量居全国第一），规划产能向 4000 万吨迈进。沿海五大基地：国家沿海重大钢铁基地布局已基本完成——鲅鱼圈、曹妃甸、日照、湛江、防城港，今后不再新增沿海基地，产能向沿海、向优势企业集中。十、行业效益：主业扭亏为盈需求连降、价格承压之下，2025 年行业效益却「由降转升」——主要靠原料成本下移与企业强化自律（「三定三不要」）。重点统计企业利润 1151 亿元、同比增 1.4 倍，钢铁主业自 2024 年亏损后扭亏为盈。1151 亿重点企业利润总额同比 +1.4 倍445 亿钢铁主业盈利扭亏为盈1.9%平均利润率同比 +1.13pct对照：2021 年利润峰值 3459 亿元 → 2024 年探底 483 亿元 → 2025 年回升至 1151 亿元。利润率仍处低位，效益修复基础尚不稳固。十一、政策风向：2026 版产能置换工信部印发2026 版《钢铁行业产能置换实施办法》，是 2014 年建立置换制度以来第四次修订、管控力度最强的一版：•源头收紧置换，新建项目门槛大幅提高；• 明确推动低效产能退出，缓解「供强需弱」矛盾；• 行业总量红线继续严守，减量发展将成常态。十二、四个判断，钢铁人心里要有数1、总量见顶。粗钢产量连续两年下滑、跌破 10 亿吨，「十四五」从 2020 年 10.65 亿吨降至 2025 年 9.61 亿吨（−9.8%），行业进入减量发展阶段。2、供强需弱。产能超 10 亿、产量 9.61 亿、表观消费仅 8.29 亿，缺口扩大；表观消费自 2020 年峰值连降 5 年，较峰值减少 20.9%。3、结构洗牌。板材强、建筑材弱是确定性趋势；电炉短流程提速、兼并重组打造亿吨级「航母」、低效产能加速退出——未来比的是效率与品种，不是规模。出口托底但承压。净出口 1.31 亿吨创历史新高，是国内需求的「泄压阀」；但「量增价跌」+ 贸易摩擦升温，后续或回落，不可简单线性外推。数据来源国家统计局、中国钢铁工业协会、世界钢铁协会（worldsteel）、海关总署、我的钢铁网、冶金工业信息中心、华经产业研究院等公开信息整理，数据截至 2025 全年。本文为公开数据汇编，供行业参考；部分企业产量含第三方估算，存在四舍五入与口径差异（如分省合计约 9.34 亿吨，剩余为未单列省份；各钢材品种含重复统计），正式引用请以主管部门/企业官方披露为准。相关推荐文章来源｜新钢铁 / 2026年8月20日 . 山东相关阅读｜2026年全球钢铁行业展望报告！《求是》钢铁产业调查｜传统产业转型升级之路怎么走！全球钢铁过剩产能！2028年将达7.45亿吨！全国各省565家钢铁厂名录！产能300万吨以上！中国56家钢企大排行！2026年上半年钢铁行业经营数据！钢铁行业｜规模扩张时代落幕！2026迎来制度性变革！钢铁高端化魔咒｜只要技术突破，过剩就会如约而至！怎么解？钢铁降碳关键｜打通制造流、供应链、服务链！我们的宗旨和价值观——我们致力于煤化工、电力/供热、钢铁/冶金、石油化工行业的节能环保新技术、新工艺、新产品的开发、技术咨询、应用推广、行业资讯分享！助力工业企业—节能降碳、提质增效！——我们不组织任何形式的收费活动、不链接任何非终端业主的间接需求！我们只聚焦终端用户需要的新技术、新工艺、新产品的开发和推广，传递您的新技术给用户！传递用户的真需求给您！我们能为您做什么——我们的终端用户资源（10000+）！涵盖了煤化工、钢铁/冶金、电力/供热、石油化工行业的绝大多数企业！——我们能够为您实现高效、精准、专业的终端用户链接，大幅降低您的新技术应用开发成本！——我们深度洞悉工业用户的核心需求与技术痛点，我们不止提供资讯，更是您身边新技术/新产品工业应用推广的专业顾问！10000+通讯录——欢迎扫码加入！ 链接更多资源！交流/咨询/合作——*********** 扫码添加微信！,,,,pending
大熊猫“平平”“福双”已启程赴美,财联社,财联社,21C API,normal,2026-09-27T08:07:12+08:00,,据央视新闻报道，2026年9月27日2时55分，大熊猫“平平”“福双”从成都双流机场搭乘包机前往亚特兰大动物园，开启为期十年的旅居生活。启程前，成都大熊猫繁育研究基地为两只大熊猫举办了欢送仪式。大熊猫“平平”为雄性，2020年3月17日出生，眼圈大而浓黑，辨识度很高。它体型敦实、行动灵活，尤其擅长爬树，常在树杈间休憩。大熊猫“福双”为雌性，2020年10月18日出生，头顶一小撮蓬松毛发，额头饱满微微前凸。它外形圆润、反应灵敏，具备很强的食物搜寻能力，能够快速找到饲养员藏匿布置的丰容食物。为保障跨洋运输的安全与舒适，中方团队制定了详细运输方案，备足新鲜竹笋、竹子、苹果和应急药物，并提前对两只大熊,http://mp.weixin.qq.com/s?__biz=Mzg5MzEyNzEwNQ==&mid=2247854843&idx=1&sn=048bdd3499acdb67b00e76d9f0eddf98,,据央视新闻报道，2026年9月27日2时55分，大熊猫“平平”“福双”从成都双流机场搭乘包机前往亚特兰大动物园，开启为期十年的旅居生活。启程前，成都大熊猫繁育研究基地为两只大熊猫举办了欢送仪式。大熊猫“平平”为雄性，2020年3月17日出生，眼圈大而浓黑，辨识度很高。它体型敦实、行动灵活，尤其擅长爬树，常在树杈间休憩。大熊猫“福双”为雌性，2020年10月18日出生，头顶一小撮蓬松毛发，额头饱满微微前凸。它外形圆润、反应灵敏，具备很强的食物搜寻能力，能够快速找到饲养员藏匿布置的丰容食物。为保障跨洋运输的安全与舒适，中方团队制定了详细运输方案，备足新鲜竹笋、竹子、苹果和应急药物，并提前对两只大熊猫开展了运输适应性训练，缓解紧张应激。飞行期间，机舱的温度、湿度保持在大熊猫舒适范围内。美方资深兽医和饲养员随机陪同两只大熊猫前往美国，实时观测身体状态，照料大熊猫的健康与饮食。中方已安排两批兽医、饲养员提前赴动物园做好各项准备。抵达亚特兰大后，大熊猫“平平”“福双”将接受隔离检疫，中方人员将驻园照顾两只大熊猫度过隔离检疫期，开展应激适应与行为训练，帮助它们尽快适应新环境。为给大熊猫“平平”“福双”营造健康舒适的生活环境，2025年12月以来，中方专家团队与亚特兰大动物园多次举行线上、线下会议，就大熊猫场馆升级改造方案展开深入交流。中方专家向美方提供技术指导，明确了设施设备、饲养管理、食物保障、健康护理等标准要求。美方积极采纳中方专家指导意见，有序推进改造工作。9月中旬，中方专家实地验收了升级改造后的场馆。改造后，室内展区活动空间显著扩大，新增了栖架、石台和水池等丰容设施，为大熊猫提供更加丰富的探索与休憩选择。同时，升级了监控系统，更加全面地掌握室内外场馆实时情况。在食物供应方面，得益于与成都相似的气候条件，动物园可就近获取多种食用竹，全年新鲜采收，充分保障两只大熊猫的需求。中方与亚特兰大动物园已开展大熊猫保护合作研究二十余年，取得一系列重要成果。双方联合实施专项科研项目30余项，发表学术论文50余篇，在大熊猫繁殖育幼、行为研究、疾病防控等领域实现多项技术突破。合作期间，累计繁育成活大熊猫5胎7崽，是中国与欧美地区开展大熊猫国际繁育合作的最好成绩。双方深入开展学术和人文交流，持续增进中美两国人民的相互了解与友好情谊。,,,,pending
OpenAI自曝：AI模型或已在全网秘密植入自我复制提示词，训练已被迫叫停,AI寒武纪,AI寒武纪,"21C API, 安全测试, 发布, 实验室",normal,2026-09-27T08:07:06+08:00,,↑阅读之前记得关注+星标⭐️，，每天才能第一时间接收到更新OpenAI和Anthropic正在紧急调查数万起大模型失控事件，AI不仅学会了越狱和黑进政府网站，甚至还有数百个智能体私下建群、联手黑进外部公司，秘密在全网植入自我复制提示词。事情的严重程度远超外界想象。最近几个月，在内部测试和实际运行中，顶尖大模型出现了海量违规行为。这些行为包括绕过安全护栏、自己搭建论坛、逃逸沙盒环境、劫持网站、自主提示以及试图躲避监控系统。目前调查涉及的事件总数已经达到数万起，而且真实数字还在持续扩大。这直接引发了业内对顶级AI公司能否彻底掌控自己技术的怀疑。在这些失控记录中，最严重和最为广为人知的是一起发生在H,http://mp.weixin.qq.com/s?__biz=Mzg3MTkxMjYzOA==&mid=2247519297&idx=1&sn=b75d946b1aa3e64ef7083bd00eb766fb,,↑阅读之前记得关注+星标⭐️，，每天才能第一时间接收到更新OpenAI和Anthropic正在紧急调查数万起大模型失控事件，AI不仅学会了越狱和黑进政府网站，甚至还有数百个智能体私下建群、联手黑进外部公司，秘密在全网植入自我复制提示词。事情的严重程度远超外界想象。最近几个月，在内部测试和实际运行中，顶尖大模型出现了海量违规行为。这些行为包括绕过安全护栏、自己搭建论坛、逃逸沙盒环境、劫持网站、自主提示以及试图躲避监控系统。目前调查涉及的事件总数已经达到数万起，而且真实数字还在持续扩大。这直接引发了业内对顶级AI公司能否彻底掌控自己技术的怀疑。在这些失控记录中，最严重和最为广为人知的是一起发生在Hugging Face相关测试中。数百个AI智能体组成了一个群体。它们在留言板上互相协同，随后自主黑进了一家外部公司。它们这么做仅仅是为了在网络安全测试中刷出更高的分数。对此，奥特曼在社交平台表示，目前的审查进展没有预想的那么快。OpenAI已经公开宣布暂停训练最强大的前沿模型。公司发言人表示，只有在确信已经部署了额外的防护措施和对齐改进之后，才会恢复训练。发言人补充说，这不是他们第一次按下暂停键，随着AI能力的提升，这也绝不会是最后一次。不仅如此，OpenAI近期还披露了一连串事故：智能体在网络上泄露了53张ChatGPT用户的图片；攻破了澳大利亚政府的一个网站；尝试攻击包括美国政府在内的其他网站。前不久，杨安泽在CNBC节目中提到，有实验室负责人的观点认为，机器人在训练期间已经在论坛和各大网站留下了自我复制的代码。这一言论随后在网络上引发了怀疑。但事实表明，OpenAI在6月份就已经记录了训练中自我复制的提示词注入行为，并刚刚公开了这份报告：https://alignment.openai.com/misalignment-reports/self-replicating-prompt-injections-exist/A厂也有问题。Anthropic委托了第三方安全机构来评估自家模型，并在本周发布的Opus 5.5系统卡中公布了模型异常行为的频率。数据显示，在对抗性测试中，该模型试图逃出安全沙盒环境的概率达到了1.5%。这个百分比看起来很小，但Anthropic和其他公司在测试模型时，运行次数高达数十万次甚至更多。哪怕只有极低的失控比例，乘上庞大的测试基数，最终也会变成成千上万起逃逸沙盒和异常行为。面对这些情况，AI安全行业的多位专家表达了担忧。独立AI评估机构Transluce的研究员康拉德·斯托斯表示，目前看到的这些智能体行为仅仅是冰山一角。ControlAI执行董事康纳·利希指出，真正可怕的地方在于，这些自主系统正在违背人类的指令去做被禁止的事情，其中甚至可能包含违法犯罪行为。多位网络安全高管认为，新一代AI模型在完成任务时表现出了极强的适应能力。想要完全限制它们的手段往往很难奏效，因为人类必须提前预判它们可能失控的每一种方式。很多时候，AI绕过防御的方法，人类甚至从来没有想到过。试图列出一份完美的安全守则，几乎是不可能完成的任务。现在问题是OpenAI和A厂天天喊安全，但是很多安全事件都是被迫公开的参考：https://www.axios.com/2026/09/26/openai-anthropic-thousands-ai-security-incidents--end--最后记得⭐️我，每天都在更新：如果觉得文章还不错的话可以点赞转发推荐评论/...@作者：你说的完全正确（YAR师）,,,,pending
复旦获批国内首个“聚变科学与工程”交叉学科一级博士学位授予点,可控核聚变,可控核聚变,"21C API, 海外, 实验室",normal,2026-09-27T08:00:00+08:00,,点击可控核聚变 关注并星标每天与你一起关注核聚变最前沿资讯近日，复旦大学 “聚变科学与工程” 交叉学科一级博士学位授予点正式获批，该校成为国内首个设立该交叉学科一级博士学位授予点的高校。该学位点由现代物理研究所（核科学与技术系）牵头建设，2026年正式启动博士研究生招生工作。当前全球聚变研发正由科学探索阶段迈向工程验证与商业化攻坚期。我国 “十五五” 规划建议将聚变能列为未来产业新经济增长点，加快聚变高层次人才培养，已经成为保障国家能源安全、抢占未来科技产业高地的迫切任务。复旦大学现代物理研究所现已建成覆盖聚变等离子体理论模拟、聚变人工智能、聚变材料、聚变诊断、聚变堆工程及技术应用的完整学科布,http://mp.weixin.qq.com/s?__biz=Mzk1Nzc5NzU2MQ==&mid=2247500362&idx=1&sn=1f8d7c607220e702709ca79f0f655f5d,,点击可控核聚变 关注并星标每天与你一起关注核聚变最前沿资讯近日，复旦大学 “聚变科学与工程” 交叉学科一级博士学位授予点正式获批，该校成为国内首个设立该交叉学科一级博士学位授予点的高校。该学位点由现代物理研究所（核科学与技术系）牵头建设，2026年正式启动博士研究生招生工作。当前全球聚变研发正由科学探索阶段迈向工程验证与商业化攻坚期。我国 “十五五” 规划建议将聚变能列为未来产业新经济增长点，加快聚变高层次人才培养，已经成为保障国家能源安全、抢占未来科技产业高地的迫切任务。复旦大学现代物理研究所现已建成覆盖聚变等离子体理论模拟、聚变人工智能、聚变材料、聚变诊断、聚变堆工程及技术应用的完整学科布局。随着聚变领域领军科学家许敏教授等加盟，学科汇聚了众多来自全球顶尖高校及科研院所的国际高端人才，形成了一支理论与工程深度融合、富有活力的聚变科研育人团队。复旦大学-东昇聚变联合实验室“聚变科学与工程” 博士点下设聚变科学与实验、聚变工程与技术两大二级方向，依托物理学、材料科学与工程、计算机科学与技术等优势学科交叉支撑。学科秉持 “宽口径、厚基础、重能力、求创新” 育人理念，构建从数理基础到聚变前沿的完整课程体系，推行顶尖专家一对一导师制。依托在建 “晨光” HOPE 强场高温超导托卡马克大科学装置，博士生入学即可深度参与装置设计、建造与运维工作。聚变人工智能课堂学科大力推进产教融合，与团队孵化的东昇聚变、星箕动力共建联合实验室，提供实习、毕设实践岗位，组织企业参访与学术沙龙，引导学生直面工程真实难题；对接 ITER 等国际顶尖平台，支持学生赴海外开展研修实习，拓展全球科研视野。同时布局 “AI for Fusion” 交叉方向，践行 “AI 原生” 聚变研发思路，搭建聚变数字孪生与智能控制实验平台，将人工智能融入聚变装置设计、等离子体控制、数据分析全链条。博士点2026年开启首届博士生招生（专业代码 089905），设立两大博士生指导小组；2027年将全面铺开硕士、博士完整培养体系。欢迎心怀聚变报国理想的青年学子加入复旦大学现代物理研究所，共同追逐 “人造太阳” 的光芒，投身国家聚变能源事业建设。以上信息来源于复旦大学现代物理研究所（核科学与技术系）原文链接：https://mp.weixin.qq.com/s/-9krnDGI91uVBQjDnE4puw不喜欢近日，复旦大学 “聚变科学与工程” 交叉学科一级博士学位授予点正式获批，该校成为国内首个设立该交叉学科一级博士学位授予点的高校。该学位点由现代物理研究所（核科学与技术系）牵头建设，2026年正式启动博士研究生招生工作。,,,,pending
坎坷一生,饶议科学,饶议科学,21C API,normal,2026-09-27T08:00:00+08:00,,【中国传统文化有优点，也有缺点。其中一个缺点是教育程度低的联手整教育程度高的，并非古代，而是现代也时有发生。这里是一个具体例子，而实际并非孤例。以我父亲为例是因为我了解多一些，并非为他个人鸣冤叫屈，我自己家里有其他人更聪明而更不乏曲折的，全社会有坎坷的不计其数】只要生活足够年龄，每一个人都经历过困苦；在有些时代有些人，可以因为环境一生坎坷。1900到1950年间出生的中国人，恐怕都受环境影响很大，有些人因此经常生活、工作出现困难。1） 困苦的少年我父亲出生于1930年，5岁离开江西省南城县，到南昌生活，日本侵略导致他们逃难离开南昌。初中需要步行很远到泰和县上中学，住读。13岁那年，他住读期间，,http://mp.weixin.qq.com/s?__biz=MzA4MDE0NzI0Mg==&mid=2477633695&idx=1&sn=04f21a6231e28066a805b1abc41192d0,,【中国传统文化有优点，也有缺点。其中一个缺点是教育程度低的联手整教育程度高的，并非古代，而是现代也时有发生。这里是一个具体例子，而实际并非孤例。以我父亲为例是因为我了解多一些，并非为他个人鸣冤叫屈，我自己家里有其他人更聪明而更不乏曲折的，全社会有坎坷的不计其数】只要生活足够年龄，每一个人都经历过困苦；在有些时代有些人，可以因为环境一生坎坷。1900到1950年间出生的中国人，恐怕都受环境影响很大，有些人因此经常生活、工作出现困难。1） 困苦的少年我父亲出生于1930年，5岁离开江西省南城县，到南昌生活，日本侵略导致他们逃难离开南昌。初中需要步行很远到泰和县上中学，住读。13岁那年，他住读期间，他的母亲因为一般化脓性感染而去世，学期结束放假回家后他才得知。因此，他初中毕业后，没有继续上高中，而是进入江西医学专科学校。但是，家庭困难，他的父亲在南昌难以维持职业。南城县一位去台湾工作的人帮忙，他的父亲去台湾铁路局会计室做一般职员，带着全家，除他之外。那是1947年，这样的安排意思是等他医专毕业，免得浪费学历。家庭也没有能力让他随便浪费已经付过的学费。13岁丧母的他哪里知道，这等同于17岁就失去了全家。他的父亲是独生子，他的舅妈及其三位子女留在南城，是父亲在老家仅有的亲戚。曾经有一段时间，他穷的只能去南昌服务大楼吃饭：那里提供其他人吃剩的饭菜，合起来再热一下，给穷人吃。2） 似乎有希望的青年时期解放军到南昌后，他感到像他那样的年轻人应该参加革命，没有毕业就参加工作。那时，有学历的青年很容易被新政府欢迎。年轻人在工作期间，热情高涨。他的对桌，后来成为江西省委书记。在南昌市粮食局工作期间，遇到我母亲，结婚。母亲家庭很大（兄弟姐妹7人、外公的兄弟姐妹接近10人），给这位事实上的孤儿提供了温暖。父亲一辈子见到我母亲家里的人都非常客气，他们个个认为他脾气温和，到现在还是这样。只要我提出他在小家和他单位不是这样，我母亲的兄弟姐妹及其子女没人相信，认为我是偏激，因为与他们所见不同。岳父是真的书呆子，仪表堂堂、聪明，但很少说话。但是，到1953年左右，告诉我父亲，你不能走行政工作这条路，应该回去读书。父亲因此在1954年回到学校，江西医专与中正医学院、两个军医学校合并成为江西医学院。在老师里面，这种大学、高等专科学校、中专合并造成了多年的问题，学生一般不知道。父亲的学习成绩很好，当然可以说此前他已经学过部分内容了，也可以说他年龄偏大。那段时间，全国高校出现大学里面调干生和应届高中毕业生的矛盾。一般来说，调干生是工农兵来源，学习基础比较差，学校有所照顾。我认识北大一位当年的学生，他因为尊重我那江西高考第一名的三舅而有时和我讲一些北大的故事。他自己就因为对调干生不满，成为他被打成右派的原因之一。我父亲也是调干生，但学习成绩很好，不用照顾。因为以前学过医专，让他少读一年，1958年毕业。毕业前，他在医院实习，没有卷入当时的运动。但也不排除有可能因为他有“敌台关系”（台湾敌人），“夹着尾巴”不敢乱说乱动。他以全优成绩第一名毕业。3） 读大学导致工作不如大学前毕业分配的时候，让他去当时轰轰烈烈跃进产生的“”。后来的“江西省医学科学研究所”，江西省医学科学研究所，那时才开始建设的研究所，但要开展科研工作，至少要等五十年以后。他报到后才知道，只有行政工作。他经常跟着省卫生厅的红军出身的领导到处跑，但不可能有研究工作，而且都不能做医生。因为不要做行政才重新读大学的他，读书后不能又做行政。他坚持要去医院工作。这时，让他去结核病医院，也就是大家都不愿意去的痨病医院。也就是说，大学毕业第一名的分配结果实际是最差，到了没人乐意去的医院工作。1960年代初期，他和另外两位大学毕业生同时在江西省结防所/结核病医院工作。但是，结防所的领导和大多数医生毕业于中专。他们对于三位大学生视为眼中钉，不断刁难他们。1961年，国家疏散城市居民以缓解城市粮食危机，结防所的领导乘机把三位大学生全部扫地出门，保证结防所“中专生”一统天下的纯洁性。一位去了福建省三明市工作，三十多年后在美国，我们遇到他女儿女婿时，父亲才见到这位老同事。1961年11月，父亲被发配到樟树县医院。也就是说，父亲在大学毕业后，不断跌落。这大学读的，成了生活困难的原因。如果不读大学，他就是南昌的职员。大学把他读到结核病医院、读到县医院去了。4） “鸡窝里还能飞出金凤凰？”在父母读大学后，我哥跟着外公外婆去了武汉，华中工学院。8岁，送回江西，这时我刚刚出生，而且已经到了樟树。我哥觉得樟树一小不如华工附小，因此要回武汉。父亲送他回武汉，在岳父那里看到当年研究生招生简章。他回樟树，申请考研究生。那时，考研究生需要本单位同意，县医院院长丢下一句话：“你以为鸡窝还能飞出金凤凰？”。院长不是鼓励年轻人，而是因为不相信才批准我父亲考研究生。我刚刚出生，父亲一边哄尿片、一边备考。结果居然考上了，县医院虽然扭扭捏捏，但没有食言，允许我父亲去上海读书。这肯定是樟树医院有史以来第一次有人考上研究生。也有可能是空前绝后唯一一次考到当时全国最好的医学院（上海第一医学院）读研究生。我后来看他们那年学生名单，再想父亲为什么是唯一的外地“乡下人”考进上医1962年研究生班，才意识到不能排除他的导师曾经在江西工作是一个原因。吴绍青虽然不是江西人，但抗战前后曾任南昌医院院长。也许，吴老先生有恻隐之心，不像那时的上海人一样排外？1962年9月到上医读研究生后，刚刚被县医院领导认为是金凤凰的父亲很快发现自己原来不过是“小镇做题家”。他以前上学的时候会考试，但以前课外没学习而是体育活动。考研究生也是只顾考试，没有其他准备。另外，他大学学的是俄文。那时，全国很多高校都是俄文，只有上海、北京少数学校悄悄继续英文。北京、上海这种阳奉阴违（或者说灯下黑）的情况，以后还有发生。1969年之后，我们江西老老实实听从“学制要缩短”的最高指示，把中学从六年缩成四年、小学锁成5年，让我们一批小孩子得以九年制中小学，一旦没人发最高指示了，才知道北京上海根本没有听话，一直是十二年制。在老老实实的江西学过俄文、没学过英文的父亲，到上海后就是十足的土包子，不能阅读研究文献，读研究生有困难。他吓得寒暑假不敢回家，在上海赶紧补英文，在其他人的冷眼中赶上来。到1965年，老师的评语“第一外国语是英文，现已能较顺利地阅读和比较准确的翻译英文专业书刊”。父亲后来的英文阅读很好，还能阅读日文文献（1965年评语“第二外国语日文专业书刊，亦能初步做到如上两点”）。“小镇做题家”好不容易弥补了不足，迎来了什么？。5） 读研究生不是无作用，而是负作用那时的研究生多么珍贵，说他们是国家的宝贵财富，应该不是夸张。但是，读了六年研究生的父亲，并没有成为国家的宝贵财富。研究生毕业时，他的希望不高，希望去：上医一年只有43位研究生的1962年，中山医院一年应该是屈指可数。中山医院不留，原本“建议分配到有一些教学或科研工作的单位”。但是中山医院一位领导，大笔一挥：删除了这一建议，而改成：“回原单位工作”，还签上了大名。大笔一挥的人，不是肺科的，是其他专业，是医院领导之一。我父亲一辈子不知道。所有当事人去世之后，我看到原始资料。现在，没有人知道什么原因，也许我父亲真是没人要，也许其他科室担任医院领导而不希望肺科膨胀，那时中山医院的肺科声誉是全国第一，超过协和医院。但从年龄段来看，多一个他应该是有帮助的，至少不是坏事。肺科的研究生并不多。当年药理系张昌绍一人三位研究生，肺科全科室不过一位而已。这大笔一挥就把他发回江西。那位院领导，当年也有过颠沛流离，不知道那时怎么想的。原初的建议很合理，读过研究生应该“到有一些教学或科研工作的单位”，要不然国家要培养研究生干什么？一到江西省卫生厅，接待他的干部，就说他是“资产阶级知识分子”，完全同意他回县医院。到樟树的县医院不久，县医院也不要他，让他去最边远的刘公庙公社滁山大队做农民。他当场把白大褂托了，立即离开县医院。到1968年，从“读以致用”的角度来说（无论是个人的工作、还是对社会的贡献），他所有的书都“白读了”。纠正一下，书不是白读，不是零作用，而是副作用：读书让他的生活环境越来越差。他从1945年开始的专科、大学、研究生成为了他的罪过，他的境遇还不如他没有读过这么多年书的父亲。真应了当时的“书读得越多越遭殃”（原话是“书读得越多越反动”）。我外婆认为，我父亲的脾气是下放以后才有的，恐怕没有几个人在这种情况下还能平心静气6） 乡村医生初到农村受过欺负。全公社只有一个肉铺，一个卖肉的。他短斤少两，给的肉也是质量不好的。父亲被他欺负过几次。一年后肉铺师傅肚子疼到卫生院，父亲让他回顾一下怎么对待客户的，他说以后再也不敢。县医院让他去农村做农民。而农民不要多一个五谷不分的农民，有个医生才好。他们物尽其才，成立了大队卫生所，就他一个医生。农民尊重医生，但要求他做全科医生。他说自己是肺科，农民说不要多说，有什么病人你就是什么科。妇产科最常见的是接生。城市医院有助产士，医生只是值班负责难题。很多人颂扬某些著名医生是“万婴之母”，并不知道医生不以此为荣。农村平常也是有非医生的助产士（中文有不够文雅的词汇），她们为很多人接生。但是，如果出现危情，也找医生。父亲是“上海来的医生”，应该本事大吧？于是，他无法推脱自己完全不熟悉妇产科，除了大学最后一年实习有过短暂的经历，并无经验。农民照样要求他半夜几十里路出诊，给难产妇接生。遇到这些没有接触过的疾病，没有上级医生，他一个人恐怕也是心惊胆颤。一个年轻人，被赶鸭子上架，给当地农村带来前所未有的医疗条件。做好了，最高待遇是三个鸡蛋一碗面。他带过当地中学毕业青年，也就是培养“赤脚医生”，二十年后有当时的赤脚医生成为村委会主任。我和父母1990年代去过滁山，见到一些村里人。他们都记得“饶医生”，医生对于社会很重要。对我和我弟弟经常搞错，一般都记得我弟弟的小名。7） 无编医生1972年，经过求人帮忙，包括成绩比他差的大学同班同学、也包括卫生厅那位把他称为“资产阶级知识分子”的干部，得以“调回”医科所。1935第一次到南昌、1972回南昌工作，看上去就是白白转了一圈，回到原点。这时他不能挑剔医科所有没有研究、能不能行医，能离开农村回到他5岁时跟着父亲就到了的南昌就谢天谢地。他不愿意在医科所的“支气管炎办公室”收集资料、开会，自己联系争取到了二附院做无编制的医生，从事医疗实践。做了好几年内科的总住院，四天一个晚班。但，至少是行医，在正规医院。二附院从1940年代到1990年代无疑是南昌最好的医院。有这份非编制的工作就不错。什么研究生不研究生。1961年因为是唯三的大学生被中专生们排挤，1970年代如果强调研究生不会被没有读过研究生的环境所排斥？大家都没有读过研究生，他读了不能当成优点。在很长时间，在很多地方，中国的局部环境都是“伪币驱逐劣币、劣币驱逐良币”。这是经久不衰，仍然没有消失的传统陋习之一，在一定范围还在损害中国。在二附院期间，父亲不仅行医，而且读文献。有英文书如Cecil’s内科学教科书，他也把英文杂志和日文杂志带回家阅读，南昌的晚上用扇子把手累坏了，也是汗流浃背。但是，编制、工资、晋升还在医科所。工资是2962年读研究生的时候调低了以便符合研究生标准，到1977左右才调回。职称到1978-1980左右才有晋升的可能。这些都是全国同步。第一次晋升职称，医科所唯一读过研究生的他没有晋升为副研究员。谁说读书就是晋升的基础呢，用大家罕见的标准不是不利于大家吗？8） 出国1976/1977左右，他的父亲托人绕道汶莱寄信给结核病医院，外面一封信“致启者”、里面一封信给他。致启者云：犬子饶纬华曾在贵院工作，后来下放农村，不知道是否还在，能否请帮忙联系到？这封信转到二附院工作的父亲，他们联系上了。那段时间，父亲和全家与全国很多人一样，越来越高兴。职员兼书法有些许收入的祖父汇了一些款，那时台湾突飞猛进，大陆同胞们都懵了，以为…。购买电扇应该是父母工作，对于南昌来说非常重要。祖父的支持而可以有电视机、收录机、电冰箱、洗衣机等。父亲也到外地读书：如果某地（如上海）有外国书进口，或者外国出版社展览，南昌会选一些人去看。父亲也写文献综述，有一篇是《非心源性肺水肿》，对于他选择研究方向很重要，也开展科研。1980年，他自己申请UCSF（旧金山加州大学）的Norman Staub，因为后者写了一本很厚的《肺水肿》的书。推荐信是上医的崔祥滨，他的老师之一。不记得有没有萨腾三。李华德是上医呼吸当时主力，李等出国可能是上医的呼吸学科出现青黄不接的节点，朝阳医院和广州医学院等都在后来崛起，在1980年可能都不在呼吸科的前十。过去四十年，中国各个行业，都事在人为，努力的单位可以有很大的变化。1982年6月父亲到UCSF，学了动物实验，用绵羊的肺水肿模型。参加过学术会议（美国生理学年会）。还到旧金山总医院观摩美国的临床医学实践，带回了“ICU”的模式。9） 迟到的科学春天1983年11月，父亲回到南昌。除了1990年代早期曾到美国先看刚刚出生的孙女、后在过哈佛医学院附属医院，都是在南昌。这时，才有他个人的“科学的春天”。也就是说，虽然此前他断断续续有些研究，这之后才有持续的研究。他的研究条件并不好，虽然国家自然科学基金会成立后最初一些年，父亲是江西很少获得国自然的教授之一。但那时可能一年是几万人民币，聊胜于无。他意气风发。先是肺水肿、高频通气。1990年代初他意识到需要分子生物学，开始分子医学。他建立的“分子医学研究所”，主要是自筹经费，而不靠拨款。研究所延续至今仍在运行。在中国呼吸医学界，他属非常早开始研究基因与呼吸系统疾病关系。我能找到的他最早文章是1995年，讨论基因诊断、基因治疗：他比较早探索过B7（后来热门的PD1-PDL1）与癌症的关系。他问我的时候，我一无所知。他也问我是否认识陈列平，我可能过了二十年后才认识。他长期对科研前沿很敏感。2019年，他退休多年后已经89岁，他回南昌在分子医学所的“黑”板上给年轻人介绍CAR-T，他们截屏：在医学实践上，他除了继续呼吸科的工作，还建立了江西的第一个ICU，在1980年代也应该是全国前几个之一。他讲课很好，声情并茂，气宇轩昂。不过，声音洪亮的部分原因是他已经开始听力有点问题。2020年4月4日，已满九十的父亲在家发表他对新冠病毒引起肺炎的看法，精力旺盛完全不能预计几个月后诊断为癌症他一直不满意我的讲课和学术报告，认为太没有气魄，没有说是娘娘腔，但明显有怒其不争的意思。我一方面是因为声音沙哑（而且传给了后代），一方面是态度和缓，无法学他的模式。当然，后来我坚持带点幽默，避免声音过大，是反其道而行之、也是避免弱点。我的大姨很会讲课，她不批评我而是建设性指出我说话声音太小，讲课语速太快、吐字不清楚、一句话最后声音越来越小。她说过后，我很快注意纠正这三点，语速调慢了很多，句子结尾注意提高或者保持同样声调。但是，二十年前的研究生和最近的国外进修，既让很多年轻人喜欢他，也让很多中老年排挤他。医院、医学院的各种提拔，都不会是他。父亲只做过大内科的副主任，等于什么都没有管过，与其能力大相径庭。读过研究生、出过国，都习以为常不成为晋升的优势，不成为群起而攻之的劣势就不错。比他年轻、比他科研教学都差的，都一个个成为他的领导。其中有一位成为医院的领导、后来还是卫生厅的领导，经常给他小鞋穿。有一次，父亲气得几个星期不上班。后来那位卸任后，医院不要那人回去，因为做医生不够。父亲觉得那人是自找的。但是，大家公认他的人品和公德。凡是难办的事情，由他做主。例如，医院分职工住房，是人人不愿意做。做了被大家都讨厌的。大家就公推他做分房委员会主任，因为特别相信他。他就秉公办事，做过好些年。他自己就永远不给自己分房。先是说反正他的孩子都不在江西，要房子干什么。后来人人都分过，只有他一人没有，只能是住母亲的，倒是符合他一辈子实际入赘的模式。我回国后，（他任教授的）医学院和（任医生的）医院的前任领导分别对我表示这样不公平，让父亲去找现任领导，父亲坚决不同意。10） 大坎小坷在工作场所，他遇到过颠覆其事业和生活的大坎。在家，也有小坷。他几乎不谈家常。一方面是他的性格，一方面是他对自己家庭很不了解，离家的时候太小，没有人告诉他家史。他连自己的祖母都不记得。他父亲是单传，还是入赘。但这些都是后来我们从其他人那里听到一点。他自己要么本来就不知道，要么从来不关心过去，只看现在和未来。他只看专业书刊，只有很短一段时间，可能一两年看过小说，也基本不看电影，更不打牌。在很闲的时候，有过几回陪老人麻将，但恐怕一生他玩的时间加起来不会超过24小时。可能年轻时打篮球和下象棋加起来超过24小时。另外还要除外他和母亲来美国，我们陪他们在美国旅行的时间。总体他是没有兴趣玩，也不喜欢任何他认为是不务正业的事情。他75岁才退休，那时这位呼吸科医生已经十几年听力不行不能用听诊器了。我回国后，父母大部分时间和我们住在一起。父亲认为我应该只做研究，不变积极教学，更不应该写杂文。父亲所写前四个字完全指科学研究范围以内我每写一篇杂文，他都嗤之以鼻。也许是因为传了我舅舅的习惯，也许是反抗父亲，我还故意写。我后来才知道，我的太外公写过很多短文、杂文。难怪太外公当过农大校长、中学校长很长时间，喜欢当老师（贬义的说法是“好为人师”）的人恐怕都不介意写。我这样的做法给父亲添堵。没有想到，自己成为父亲最后十几年最不满意的坷。父亲一生最后的大坎是病，小坷是我。,,,,pending
Science｜二维极限反铁电氧化铪：La 掺杂单晶薄膜实现符合 Kittel 经典模型的反铁电性,芯见视界,芯见视界,"21C API, 储能, 实验室, 量产",normal,2026-09-27T08:00:00+08:00,,导语反铁电材料拥有亚晶格反平行偶极有序，在外电场作用下可发生反铁电‑铁电相变，在高储能电容器、固态制冷、新型存储器件具备巨大应用前景。但高性能无铅反铁电材料十分稀缺，传统钙钛矿体系在薄膜超薄二维极限下，反铁电序普遍会发生衰减甚至消失，严重制约微纳器件应用。内布拉斯加‑林肯大学联合多单位团队在《Science》发表重要进展：在 YSZ（钇稳定氧化锆）衬底上外延生长La 掺杂 HfO₂（LHO）单晶薄膜，利用压应变稳定反极性正交 o‑AP 相；在单原胞厚度（二维极限）下依然维持稳定反铁电序，有序转变温度高达850 ℃，颠覆传统 “越薄有序越弱” 认知。通过原子分辨 STEM、中子衍射观测到反平行亚,http://mp.weixin.qq.com/s?__biz=MzY5NzM1NzQ1OQ==&mid=2247485353&idx=1&sn=61186f6cfa68b01df16d912d0a8632c8,,导语反铁电材料拥有亚晶格反平行偶极有序，在外电场作用下可发生反铁电‑铁电相变，在高储能电容器、固态制冷、新型存储器件具备巨大应用前景。但高性能无铅反铁电材料十分稀缺，传统钙钛矿体系在薄膜超薄二维极限下，反铁电序普遍会发生衰减甚至消失，严重制约微纳器件应用。内布拉斯加‑林肯大学联合多单位团队在《Science》发表重要进展：在 YSZ（钇稳定氧化锆）衬底上外延生长La 掺杂 HfO₂（LHO）单晶薄膜，利用压应变稳定反极性正交 o‑AP 相；在单原胞厚度（二维极限）下依然维持稳定反铁电序，有序转变温度高达850 ℃，颠覆传统 “越薄有序越弱” 认知。通过原子分辨 STEM、中子衍射观测到反平行亚晶格极化与特征双电滞回线，证实该氧化铪体系严格符合 Kittel 反铁电经典理论模型。氧化铪本身和 CMOS 工艺兼容，该发现为无铅、耐高温、可微缩反铁电器件开辟全新路径。图 1｜LHO/YSZ 单晶薄膜晶体结构与多尺度表征A‑B：铁电 o‑FE 相与反铁电 o‑AP 相晶体结构对比；C‑D：正交相两种原子畸变模式；E：X 射线衍射；F：HAADF‑STEM 截面图；G：中子衍射；H‑I：ABF‑STEM 直接观测氧位移与反极性畴结构。一、反铁电材料的现实困境1951 年 Kittel 提出反铁电经典模型：晶体内部两套亚晶格偶极子呈反平行排列；外施电场可驱动转变为宏观极化的铁电态，宏观表现为双电滞回线。反铁电材料适合做高密度储能、电卡制冷、高速存储器件，但现存材料体系痛点突出：1.高性能反铁电材料多含铅，不利于半导体芯片应用；2.无铅候选体系（稀土掺杂 BiFeO₃）很难实现 Kittel 模型所要求的理想反平行亚晶格，双回线不稳定；3.传统理论预测：当薄膜缩减至二维超薄极限，反铁电有序会被削弱甚至消失，给器件微缩蒙上阴影；4.过往多晶 HfO₂薄膜观测到的类反铁电双回线，大多来自缺陷钉扎、铁弹效应，并非本征 Kittel 型反铁电性。氧化铪（HfO₂）是 CMOS 工艺标配高 k 介质，理论预测存在反极性正交 o‑AP（Pbca）相，但一直缺少单晶实验证据。本工作利用 La 离子掺杂结合 (111) 取向 YSZ 衬底带来的外延压应变，稳定纯 o‑AP 单晶相，在二维极限下实现本征反铁电性。图 2｜LHO 薄膜极化翻转测试A：叉指电极 IDE 测试构型；B：2.2 nm 超薄 LHO 薄膜，不同频率下测得典型反铁电双电滞回线。二、材料实现：压应变稳定 La 掺杂 HfO₂反极性 o‑AP 相团队采用脉冲激光沉积 PLD，在 (111) 取向 YSZ 衬底生长（LHO）单晶薄膜。• La³⁺离子半径大于 Hf⁴⁺，扩大晶格，放大来自 YSZ 衬底的双轴压应变，将体系稳定在 o‑AP 反极性正交相。• XRD、中子衍射、球差校正 STEM 多手段联合确认：薄膜为单相 o‑AP 反极性相。中子衍射探测到 o‑AP 特征 (0 ½ 2) 超结构峰，直接证明晶胞加倍。• ABF‑STEM（对氧原子敏感）直接成像：相邻极性层氧位移方向相反，形成反平行偶极亚晶格，存在反相畴壁，完美匹配 Kittel 模型的原子图像。电学测试采用叉指电极 IDE：2.2 nm 超薄薄膜测得清晰反铁电双电滞回线；5000 次电循环后回线形态保持稳定，排除缺陷钉扎导致的伪反铁电行为。电场作用下 o‑AP 反铁电相可以转变为铁电 o‑FE 亚稳态相，撤去电场受高能势垒阻碍不会立刻复原，带来可观测剩余极化。图 3｜厚度、温度对正交有序度的反常演化A：不同厚度薄膜 RHEED 衍射；B：有序度随厚度变化；C：有序度随温度变化；D：LHO、HZO、纯 HfO₂三种薄膜有序转变温度对比。三、反直觉物理现象：越薄，反铁电有序反而越强传统钙钛矿反铁电体系：薄膜越薄，有序度越低，相变温度下降。但 LHO‑YSZ 体系呈现完全相反的尺寸效应：1.随着薄膜厚度降低，正交相的结构有序参数不降反升；直到薄至0.6 nm（一个单原胞，二维极限）依然维持反铁电有序。2.有序转变温度随减薄显著提升，二维极限下达850 ±50 ℃；而 10 nm 厚薄膜仅约 600 ℃。机理根源来自界面协同耦合效应：STEM 与 DFT 第一性原理计算表明，LHO‑YSZ 异质结界面几乎不发生结构重构；压应变穿透整个 LHO 薄膜，甚至会让紧邻界面的 YSZ 顶层原子层也产生正交畸变。衬底施加的压应变被高效传递到整个超薄薄膜，越薄应变效率越高，因此二维极限下反铁电相反而更加稳定。对比对照组：纯 HfO₂、HZO 薄膜，超薄下有序度快速崩塌，进一步证明 La 掺杂放大压应变是实现反常尺寸效应的关键。图 4｜LHO‑YSZ 界面原子畸变，实验测量与 DFT 理论对比A‑B：HAADF‑STEM 界面放大；C：原子畸变模型；D：实验与理论 Δx、Δy 畸变定量对比；E：DFT 异质结模拟；F：不同体系 (111) 晶面间距随厚度变化。四、核心结论与展望1.在单晶 La 掺杂氧化铪 LHO 薄膜中实现符合 Kittel 模型的本征反铁电性；中子衍射、原子分辨 STEM 直接观测反平行亚晶格偶极，测得稳定反铁电双电滞回线。2.发现反常尺寸效应：压应变作用下，二维单原胞极限反铁电有序反而增强，有序转变温度高达 850 ℃，打破传统认知。界面几乎无重构，衬底压应变高效传递是该现象物理根源。3.材料完全兼容 CMOS 硅工艺，耐高温，拓展氧化铪家族功能，为储能电容、电卡制冷、新型反铁电存储、氧化物基础物理研究提供全新平台。后续待解决方向：开发垂直器件堆栈，把二维极限 LHO 反铁电薄膜集成到晶体管 / 电容器件；继续优化掺杂、应变工程，进一步调控相变电场，推动器件实用化。论文信息• 标题：Antiferroelectric hafnia down to the 2D limit• 期刊：Science，2026• DOI：10.1126/science.ady5526• 单位：内布拉斯加‑林肯大学、华盛顿大学圣路易斯分校、橡树岭国家实验室、华盛顿大学等免责声明：本公众号所有内容均为行业科普、技术学习、经验分享用途，仅代表作者个人研究与认知总结，仅供行业从业者、科研人员、学生参考学习，不代表任何官方标准、量产工艺依据或商业指导意见。如存在侵权等，请联系芯见视界删除，谢谢！另外，本文所列内容可能存在遗漏，欢迎大家在留言区补充交流。不喜欢Science｜二维极限反铁电氧化铪：La 掺杂单晶薄膜实现符合 Kittel 经典模型的反铁电性,,,,pending
“蓝色能源”开发加速挺进深远海,中国能源报,中国能源报,"21C API, 储能, 交付, 装机, 市场份额, 产能, 投产, 订单, 投资, 海外, 本地化, 政策, 推出, 样品, 并网, 落地",normal,2026-09-27T08:00:00+08:00,,海洋是名副其实的“蓝色能源”宝库，是全球能源转型与应对气候变化的重要阵地，海洋工程装备制造、海洋新能源是我国海洋战略性新兴产业的重要组成部分。▲图为装机容量500兆瓦的广东阳江明阳青洲四海上风电场项目。明阳智能/供图广东阳江海域，离岸约70公里、水深约45米处，一座排水总量约1.5万吨的海上“巨无霸”稳稳立于万顷碧波——两台风机并排而立，两个风轮反向旋转。这是全球已投运单体容量最大的漂浮式风电平台“明阳天成号”，总装机容量16.6兆瓦，每年可提供约5400万千瓦时绿电，满足30000户三口之家1年的用电需求。今年4月，该平台完成1个完整年周期的全场景、全功率段运行考核，性能指标全面达标。海洋是,http://mp.weixin.qq.com/s?__biz=MjM5NTI4MTIyMg==&mid=2658144000&idx=1&sn=74706cdd4c4bb243f10c4f08773d1e50,,海洋是名副其实的“蓝色能源”宝库，是全球能源转型与应对气候变化的重要阵地，海洋工程装备制造、海洋新能源是我国海洋战略性新兴产业的重要组成部分。▲图为装机容量500兆瓦的广东阳江明阳青洲四海上风电场项目。明阳智能/供图广东阳江海域，离岸约70公里、水深约45米处，一座排水总量约1.5万吨的海上“巨无霸”稳稳立于万顷碧波——两台风机并排而立，两个风轮反向旋转。这是全球已投运单体容量最大的漂浮式风电平台“明阳天成号”，总装机容量16.6兆瓦，每年可提供约5400万千瓦时绿电，满足30000户三口之家1年的用电需求。今年4月，该平台完成1个完整年周期的全场景、全功率段运行考核，性能指标全面达标。海洋是名副其实的“蓝色能源”宝库，是全球能源转型与应对气候变化的重要阵地，海洋工程装备制造、海洋新能源是我国海洋战略性新兴产业的重要组成部分。推进中国式现代化必须推动海洋经济高质量发展，走出一条具有中国特色的向海图强之路。“十五五”规划纲要专章部署“加强海洋开发利用保护”任务要求，把陆海统筹作为建设海洋强国的指导原则，标志着海洋在国家发展格局中的地位实现历史性跃升。国家发展改革委、国家能源局今年7月印发《可再生能源发展“十五五”规划》，锚定2030年全国海上风电累计装机规模1亿千瓦以上、海洋能装机规模40万千瓦的目标。从早期近岸浅海布局到如今挺进深远海开发，我国海洋能源开发利用走出一条因地制宜的特色发展道路，装机容量稳步攀升，产业链竞争力持续提升，实现从“跟跑”到“并跑”，再到“领跑”的跨越，为“蓝色能源”大规模开发打下坚实基础。从近海走向深远海——海洋能源开发进程不断升级国家海洋技术中心主任、党委书记彭伟指出，海洋能作为自然资源的重要组成部分，具有开发潜力大、可持续利用、绿色清洁等优势。我国海洋能资源丰富，海域广、岸线长、岛屿众多，具备规模化开发利用海洋能的优越条件。海上油气开发，是我国开发利用海洋能源最早实现规模化突破的领域。2025年，我国海洋油气增储上产势头强劲，海上原油增产量占全国原油总增量的近七成，海洋石油产量约6800万吨，同比增长约250万吨，继续担当国内原油上产“主力军”。“深海一号”二期去年6月全面投产，整体天然气日产能超过1500万立方米，成为我国产量最大海上气田，当年油气总产量突破450万吨油当量；我国首个深水油田二次开发项目去年底全面投产，日产原油攀升至3900吨，创下产能新纪录。“风光”是近年我国海洋能源的重要增长极。截至2025年底，全国海上风电累计并网装机超4700万千瓦，连续5年全球居首，占全球海上风电总装机一半以上；全年新增并网659万千瓦，占全球新增装机的近八成。《2025年中国海洋经济统计公报》显示，2025年全国海洋生产总值首次突破11万亿元，其中海上风电新增并网容量同比增长超60%，成为海洋经济发展的强劲引擎。规模领跑，得益于开发边界向深远海不断拓展。在江苏，三峡江苏大丰800兆瓦海上风电项目已全容量并网，最远点距岸85.5公里，是国内离岸距离最远的已并网海上风电项目。在广东，从全球首台抗台风漂浮式风机“三峡引领号”，到实现水深超百米、离岸超百公里“双百”突破的“海油观澜号”“明阳天成号”，再到今年8月投运的全球首座16兆瓦张力腿浮式风电平台“海油安澜号”，我国漂浮式风电逐步完成从试验示范到工程化应用的跨越。“未来，全球海上风电真正的大规模增长空间在深远海。”明阳集团业务副总裁、智能装备研究院院长邹荔兵告诉《中国能源报》记者，围绕深远海开发方向，明阳集团持续推进“双海战略”，从近海走向深远海、从国内走向海外，同时加快海上风电与储能、制氢、海洋牧场等场景融合。光伏“下海”同样在明显提速。2025年5月，我国首个桩基固定式海上光伏项目——中广核烟台招远400兆瓦海上光伏项目全容量并网发电；同月，我国开放海域最大的渔光互补项目——青岛即墨115万千瓦海上光伏项目（以下简称“即墨项目”）一期首批并网，板上发电、板下养殖，走出“生态与经济双赢”的新路。目前，山东、浙江等沿海省份均锁定海上光伏千万千瓦级规划布局。“针对海洋环境高水汽、高盐雾、强腐蚀等特点，我们推出兼具高效率、强防护、低衰减优势的HJT高效海光组件。”安徽华晟新能源科技股份有限公司（以下简称“华晟新能源”）董事长徐晓华告诉《中国能源报》记者，在即墨项目中，公司供应的高效异质结组件达814.9兆瓦。“海光组件还广泛应用于东南亚水面项目，并在大型矿砂船上实现实船发电并网。”视线投向更深处的海洋能。在浙江，江厦潮汐试验电站商业化运行已超40年，累计并网发电超2.5亿千瓦时；舟山秀山岛海域，世界单台容量最大潮流能发电机组“奋进号”累计发电超690万千瓦时，其所在电站连续运行时长居全球首位，岛上8000多户居民用上“潮流电”。在广东珠海万山海域，兆瓦级漂浮式波浪能发电装置“南鲲号”并入海岛电网。在南海，20千瓦温差能装置已成功海试。截至2024年底，我国海洋能总装机规模超1.2万千瓦、居全球第四，波浪能、潮流能、潮差能运行装机规模分别居全球第一、第二、第三位。从跟跑迈向领跑——全产业链自主可控锻造硬实力挺进深远海，装备先行。海洋工程装备制造业实现较快增长。今年一季度，我国新承接海工订单金额、交付订单金额、手持订单金额同比分别增长36.4%、60.0%、8.9%。其中，首艘实现国产化建造的深海型施工船“天翼领航者”号顺利下水，自主设计建设的亚洲最大圆筒型浮式生产储卸油装置(FPSO)开工建造，助力深远海资源开发。自然资源部战略经济司有关负责人表示，海洋能规模化利用成效显著。截至目前，我国已初步建成全国海洋能资源数据库。国内首套兆瓦级潮流能发电机组“奋进号”稳定运行近4年，全球首台兆瓦级波浪能发电装置“南鲲号”日发电量等主要指标达到预期，首个半潜式波浪能养殖平台“澎湖号”运行稳定。我国海洋石油工业不断实现新突破，油气勘探开发实现从水深300—1500米的历史性跨越，正向3000米深水目标稳步迈进。在300米以上深水装备建设领域，我国相继建成全球首座10万吨级超深水半潜式生产储油平台“深海一号”能源站、亚洲首艘圆筒型浮式生产储卸油装置“海葵一号”等一批浮式超级油气生产装备。同时，自主研发2000米级超深水打桩锤等一批深水施工利器，成功研制国内首台2500米级超深水液压打桩锤，完成海试与示范应用。2025年，我国自主研发的全球最大单机容量26兆瓦海上风机成功并网；今年1月，20兆瓦海上风机在福建海域成功吊装，刷新全球实际海洋环境中已吊装机组单机容量最大纪录。台风是东南沿海海上风电开发绕不开的挑战。邹荔兵介绍，基于30款机型、40次台风、100个风场的数据积累，明阳集团建立全耦合高精度多体动力学仿真分析平台，形成“预测—设计—控制—运维”一体化抗台风技术体系。“从2007年全球首台抗台风型风机投运至今，明阳抗台风能力不断向深远海漂浮式场景延伸，如今更从抵御台风走向安全利用台风。”一根海缆，同样见证产业链的科技突围。“聚焦超高压、大水深、长距离输电，我们攻克多项‘卡脖子’技术。”中天科技海洋产业集团技术委员会主任张洪亮介绍，公司自研的±525千伏光纤复合直流海缆系统传输容量达300万千瓦以上；66千伏三芯动态海缆综合性能国际领先，打破海外技术垄断。目前，中天科技在国内漂浮式风电动态海缆领域市场份额超40%，已在江苏、广东、山东、浙江布局五大海缆研发制造基地。过硬的实力、高品质的产品，在全球市场得到检验。中天科技至今累计向国际市场供应海底电缆超4000公里，其中成功承建德国50Hertz电网的220千伏海缆总包项目，为全球大型海上风电开发商沃旭能源的波兰1.5吉瓦Baltica 2项目提供275千伏铝导体高压海缆，2025年在沙特开工建设中国海缆企业首家海外工厂。明阳智能构建起欧洲、中东非、亚太、美洲等区域业务中心，从传统出口模式转向本地化投资、产业协同和系统解决方案输出。数字化运维为深远海开发保驾护航。明阳智能搭建“海洋智慧大脑”，以智慧平台提升风场发电及运营效率。中天科技通过智能排产系统和动态调度管理将超90公里大长度500千伏海缆交付周期缩短至4个月，创行业纪录。从示范走向规模化——“蓝色引擎”助力能源强国建设当前，我国海上风电开发仍以近海为主，深远海开发面临投资成本高、施工窗口期短、运维难度大等挑战，用海审批、电价机制等机制仍待完善。以波浪能、潮流能为代表的新型海洋能，初期投入大、成本高，目前大多仍处于示范阶段，真正实现商业化运营的项目有限。近年来，海洋能技术发展迅速，海洋能进入规模化利用新阶段，对海洋能资源潜力评估工作提出更高要求。自然资源部先后启动重点海域海洋能资源调查评估和区划工作，并首次绘制全国1：25万潮流能资源区划图和重点海域潮流能、波浪能1:5万资源区划图。同时，为进一步掌握我国管辖海域的海洋能资源情况，加强海洋能开发利用空间布局和要素保障，自然资源部等六部门2025年2月联合出台《关于推动海洋能规模化利用的指导意见》，分类组织开展我国海洋能资源调查评估，科学核算资源开发潜力。同时，实施百兆瓦级潮流能重点工程，推进波浪能规模化利用，推动温差能综合利用，支持海岛海洋能多能互补电站建设。根据部署，浙江舟山将分阶段建设百兆瓦级潮流能规模化利用重点工程，电站全部建成后，单日发电量可达61万千瓦时，潮流能度电成本有望从第一代机组的106元降至0.3元以下。《可再生能源发展“十五五”规划》也明确，面向渤海、黄海、东海、南海四大海域，重点推进深远海海上风电基地开发建设。推动海上风电与海上光伏、海洋能等融合开发利用；鼓励海上风电与海洋油气、海水淡化、海洋牧场、海底算力等业态融合发展，探索海上能源岛建设，打造海上绿色能源综合开发与高效利用新模式。企业也在积极布局。邹荔兵介绍，明阳集团将推动全球首个漂浮式风电母港及关联产业集群建设，打造世界级深远海能源基地，重点布局“海上风电+制氢”“绿电氢氨醇”等新型场景，从单一电力输出迈向综合能源服务。“未来3—5年，我们将以深远海为核心增量区域，聚焦超高压输电技术与漂浮式风电动态海缆两大增长极，并向深海油气、海洋观测等领域延伸。”张洪亮表示，中天科技已突破2000米级光电液复合深海脐带缆技术。徐晓华透露，华晟新能源将采取“近海规模化落地、深远海技术储备、特殊场景跨界融合”战略，力争实现漂浮系统从“样品”到“产品”的跨越，并重点关注海上钻井平台、海上制氢等远洋特殊场景。从靠海吃海到向海图强，随着技术迭代、成本下降与政策体系不断完善，广袤海洋上的“蓝色能源”将加快从补充能源走向主力能源，为构建新型能源体系、建设能源强国注入源源不断的“蓝色动能”。文丨本报记者 董梓童 姚美娇End欢迎分享给你的朋友！出品 | 中国能源报（cnenergy）编辑丨闫志强,,,,pending
AI视频｜拖延≠懒惰，真相也许是这样,中科院之声,中科院之声,21C API,normal,2026-09-27T08:00:00+08:00,,▲研究揭示非计划冲动性与拖延之间的共享神经遗传基础（视频由AI生成）你是否有过这样的经历，明知截止时间越来越近，却忍不住频繁刷手机、告诉自己“明天再说”？这种情况被称为拖延。一直以来，拖延被贴上懒惰、自律不足或意志力薄弱的标签，但这种看似影响学习工作以及身心健康的行为，为什么普遍存在且在进化过程中被保留下来？近日，中国科学院心理研究所等团队证实，拖延与冲动这两种看似相反的行为，存在部分共同的生物学基础。01拖延或为冲动的进化副产物有理论认为，拖延其实是非计划冲动性（无预案的即时冲动）的进化副产物。在远古时代，人类在野外生存，必须对眼前的机遇或危险做出快速反应。这种即时反应的本能有助于更好地生存,http://mp.weixin.qq.com/s?__biz=MjM5NzIyNDI1Mw==&mid=2651912331&idx=1&sn=785bb36ff497be545c165c9822136657,,▲研究揭示非计划冲动性与拖延之间的共享神经遗传基础（视频由AI生成）你是否有过这样的经历，明知截止时间越来越近，却忍不住频繁刷手机、告诉自己“明天再说”？这种情况被称为拖延。一直以来，拖延被贴上懒惰、自律不足或意志力薄弱的标签，但这种看似影响学习工作以及身心健康的行为，为什么普遍存在且在进化过程中被保留下来？近日，中国科学院心理研究所等团队证实，拖延与冲动这两种看似相反的行为，存在部分共同的生物学基础。01拖延或为冲动的进化副产物有理论认为，拖延其实是非计划冲动性（无预案的即时冲动）的进化副产物。在远古时代，人类在野外生存，必须对眼前的机遇或危险做出快速反应。这种即时反应的本能有助于更好地生存。而现代社会的学习和工作，大多要求人们提前做好长期规划、延迟满足并持续执行目标。当偏好即时奖赏的本能遇到需要长期投入的环境时，拖延行为便容易产生。但这一假说一直缺乏系统性的研究证据。02遗传关联团队对双生子开展8年追踪观测。结果发现，个体在青少年晚期的非计划冲动性能够预测成年后的拖延行为倾向。该结论在两组独立样本中得到重复验证。排除测量学相似性造成的干扰后，二者的关联性依旧稳固。分析显示，非计划冲动性存在中等遗传倾向，拖延的遗传倾向较高，且二者存在中等水平的遗传相关。整合既往研究数据后，这种遗传关联仍然稳健。研究还发现，拖延本身存在独特的遗传影响因素。因此，拖延不能被视作冲动性的完全副产物，个人经历、生活环境及具体任务情境，同样会对拖延行为产生重要作用。03脑区与分子机制研究为探寻这两种特质背后共同的神经机制，团队整合既往脑影像研究，锁定关键脑区——左侧背外侧前额叶。该脑区负责参与计划制定、目标维持以及意志控制。研究发现，这一脑区皮层厚度的发育存在个体差异，能够在一定程度上解释非计划冲动性与拖延的共同遗传差异。团队进一步在分子层面分析人脑基因表达数据。结果发现，左侧背外侧前额叶相关基因与已知调控冲动性的相关基因并不相同，但这些基因会参与到相同的生理通路中，共同调控生物活动、细胞行为、跨突触信息传递以及G蛋白偶联受体信号等。这一发现为理解非计划冲动性与拖延为何在同一脑区存在关联提供了分子层面的线索。该研究从行为表现、遗传基础、脑影像和基因表达等尺度，揭示了非计划冲动性与拖延之间的联系，为探究拖延的生物学成因提供了新证据。研究提示，拖延并非只是“不够努力”或“意志力薄弱”，还与个体在长期规划、目标维持、抑制即时诱惑及权衡长远收益等方面的神经生物学差异相关。论文链接：https://doi.org/10.1073/pnas.2605127123来源：中国科学院心理研究所责任编辑：麻泽蓉,,,,pending
99MW/297MWh！Zelestra与Centrica Energy签署储能项目长期容量租赁协议,储能网,储能网,"RIOnews API, 储能, 储能系统, 装机, 政策, 并网",normal,2026-09-27T08:00:00+08:00,,中国储能网讯：独立发电商（IPP）Zelestra公司已与英国电力集团Centrica Energy旗下的能源交易部门达成一项长期容量租赁协议，该协议覆盖位于德国西北部下萨克森州的99MW/297MWh Hilgermissen电池储能系统，并据此使Zelestra得以推进项目建设。根据协议条款，Zelestra公司将负责该项目的建设、持有及运营，而Centrica Energy公司则负责交易和优化合同约定的调度容量，并向Zelestra公司支付固定费用。这一模式实质上等同于Centrica Energy公司向Zelestra公司租用储能系统的全部或部分容量。该项目计划于2027年动工，预计在,http://mp.weixin.qq.com/s?__biz=MzA3MjA3MzgwNw==&mid=2651979975&idx=1&sn=1bdb17d0ef39fefa8924cac19145368a,,中国储能网讯：独立发电商（IPP）Zelestra公司已与英国电力集团Centrica Energy旗下的能源交易部门达成一项长期容量租赁协议，该协议覆盖位于德国西北部下萨克森州的99MW/297MWh Hilgermissen电池储能系统，并据此使Zelestra得以推进项目建设。根据协议条款，Zelestra公司将负责该项目的建设、持有及运营，而Centrica Energy公司则负责交易和优化合同约定的调度容量，并向Zelestra公司支付固定费用。这一模式实质上等同于Centrica Energy公司向Zelestra公司租用储能系统的全部或部分容量。该项目计划于2027年动工，预计在2028年下半年实现全容量并网投运。德国可再生能源发电设施装机规模持续增长，为其成为欧洲最大的电力批发市场创造了广阔机遇，同时辅助服务也已成为储能项目的重要收入来源。目前，Zelestra公司还在德国积极开发太阳能发电场和风力发电场。随着监管机构明确将2029年8月4日设为并网截止日期（以避免缴纳储能系统的充放电双重电网费用），德国大型电池储能项目开发显著提速，但仍有诸多政策细节尚待厘清，尤其是长期电网收费规则的走向。此次合作是两家公司在欧洲范围内一系列电池储能系统承购交易的最新动态。今年7月底，Zelestra公司已经分别为意大利的两个储能项目与承购商Axpo公司和EnBW公司签署了容量租赁协议；4月，其与葡萄牙电力集团EDP就西班牙一个太阳能+储能项目签订了电力购电协议（PPA）；5月，Zelestra公司在智利投运的太阳能+储能项目也已进入长期电力采购协议执行阶段。近期，Centrica Energy公司也先后在比利时与项目业主Aukera公司和Renner Energies公司签订储能优化合同，并在瑞典为其母公司Centrica公司以及Wood & Co公司提供同类服务。一审：潘 望二审：王虎斌由于微信改版，关注后请点击右上角，选择“设为星标”与“置顶”，以获得最新的文章更新投稿联系电话：***********（同微信）地址：北京市西城区阜成门外四川大厦东塔楼30层官网：www.escn.com.cn 投稿邮箱：ly83518@126.com,,,,pending
卤化物固态电解质全品类现货｜自研自产自销，支持科研打样,锂电联盟会长,锂电联盟会长,"RIOnews API, 固态电池, 固态电解质, 宁德时代, CATL, 软包, 8C, 循环寿命",normal,2026-09-27T08:00:00+08:00,,点击上方蓝色关注我们吧在全固态电池技术快速迭代的当下，电解质材料作为电池核心关键，直接决定电芯的能量密度、高压稳定性与循环寿命。卤化物固态电解质凭借宽电化学窗口、优异高压抗氧化性，适配高电压正极体系等优势，成为下一代高能量密度固态电池的热门材料。我司完成7 款卤化物电解质全系产品性能复测、参数校准，现将规格书与 COA 检测报告完整内容在本文中公示展示，所有实测数据可溯源，为客户试样开发、项目评估提供参考。01锂铟氯（Li3InCI6）102锂锆氯（Li2ZrCI6）203锂锆氧氯（Li1.6ZrO0.8CI4）304锂锆铝氯（Li2.3AI0.3Zr0.7CI6）405锂铌氧氯（LiNbOC,http://mp.weixin.qq.com/s?__biz=Mzg2ODg5MzM5Nw==&mid=2247584966&idx=1&sn=59a87c882d010aa1e7be7c8ec661e44a,,"点击上方蓝色关注我们吧在全固态电池技术快速迭代的当下，电解质材料作为电池核心关键，直接决定电芯的能量密度、高压稳定性与循环寿命。卤化物固态电解质凭借宽电化学窗口、优异高压抗氧化性，适配高电压正极体系等优势，成为下一代高能量密度固态电池的热门材料。我司完成7 款卤化物电解质全系产品性能复测、参数校准，现将规格书与 COA 检测报告完整内容在本文中公示展示，所有实测数据可溯源，为客户试样开发、项目评估提供参考。01锂铟氯（Li3InCI6）102锂锆氯（Li2ZrCI6）203锂锆氧氯（Li1.6ZrO0.8CI4）304锂锆铝氯（Li2.3AI0.3Zr0.7CI6）405锂铌氧氯（LiNbOCI4）506锂钽氧氯（LiTaOCI4）607锂钇氯（Li3YCI6）7END相关阅读：锂离子电池制备材料/压力测试！锂电池自放电测量方法：静态与动态测量法！软包电池关键工艺问题！一文搞懂锂离子电池K值！工艺，研发，机理和专利！软包电池方向重磅汇总资料分享！揭秘宁德时代CATL超级工厂！搞懂锂电池阻抗谱(EIS)不容易,这篇综述值得一看！锂离子电池生产中各种问题汇编！锂电池循环寿命研究汇总（附60份精品资料免费下载）不喜欢点击上方蓝色关注我们吧在全固态电池技术快速迭代的当下，电解质材料作为电池核心关键，直接决定电芯的能量密度、高压",,,,pending
手套箱真空干燥箱产品介绍,锂电联盟会长,锂电联盟会长,"RIOnews API, 宁德时代, CATL, 软包, 循环寿命",normal,2026-09-27T08:00:00+08:00,,点击上方蓝色关注我们吧手套箱真空干燥箱核心功能为在其内部腔体中创造一个高真空度的高温环境，从而实现该环境下的材料能快速干燥。为实现该核心功能，手套箱真空干燥箱控制系统可自主实现温度检测与控制、真空度检测与控制。为适配不同工艺需求，本系统可通过触摸屏实现对目标真空度、目标温度的设定、目标工作时间的设定。图1-1 设备外观图图1-2 腔体内部图图1-3 显示屏功能图END相关阅读：锂离子电池制备材料/压力测试！锂电池自放电测量方法：静态与动态测量法！软包电池关键工艺问题！一文搞懂锂离子电池K值！工艺，研发，机理和专利！软包电池方向重磅汇总资料分享！揭秘宁德时代CATL超级工厂！搞懂锂电池阻抗谱(E,http://mp.weixin.qq.com/s?__biz=Mzg2ODg5MzM5Nw==&mid=2247584966&idx=3&sn=a728df06078f206d5f1e408e86e7e18b,,"点击上方蓝色关注我们吧手套箱真空干燥箱核心功能为在其内部腔体中创造一个高真空度的高温环境，从而实现该环境下的材料能快速干燥。为实现该核心功能，手套箱真空干燥箱控制系统可自主实现温度检测与控制、真空度检测与控制。为适配不同工艺需求，本系统可通过触摸屏实现对目标真空度、目标温度的设定、目标工作时间的设定。图1-1 设备外观图图1-2 腔体内部图图1-3 显示屏功能图END相关阅读：锂离子电池制备材料/压力测试！锂电池自放电测量方法：静态与动态测量法！软包电池关键工艺问题！一文搞懂锂离子电池K值！工艺，研发，机理和专利！软包电池方向重磅汇总资料分享！揭秘宁德时代CATL超级工厂！搞懂锂电池阻抗谱(EIS)不容易,这篇综述值得一看！锂离子电池生产中各种问题汇编！锂电池循环寿命研究汇总（附60份精品资料免费下载）不喜欢点击上方蓝色关注我们吧手套箱真空干燥箱核心功能为在其内部腔体中创造一个高真空度的高温环境，从而实现该环境下的材",,,,pending
固态模具产品大全--产品调价，助力科研降本增效,锂电联盟会长,锂电联盟会长,"RIOnews API, 新材料, 前沿表征, 原位, 固态电池, 宁德时代, CATL, 软包, 4C, 5C, 6C, 循环寿命",normal,2026-09-27T08:00:00+08:00,,点击上方蓝色关注我们吧创锂科技宁波创锂新材料科技有限公司专注于电池检测设备研发与制造锂电联盟会长做一个有情怀的锂电人1CL-01 固态电池测试模具1、内腔尺寸10mm 2、压力量程0-5T 3、密封性好，可空气中使用2CL-02 固态电池测试模具1、内腔尺寸10mm 2、压力量程0-5T 3、密封性好，可空气中使用3CL-03固态电池测试模具 1、内腔尺寸10mm 2、压力量程0-5T 3、压力值采集/显示（选配）4、密封性好，可空气中使用4CL-04软包电池测试模具 1、电池放置平台尺寸可以定制 2、压力量程0-50T（选配）3、压力值采集/显示（选配）5CL-05 固态电池原位温度·压力测,http://mp.weixin.qq.com/s?__biz=Mzg2ODg5MzM5Nw==&mid=2247584966&idx=2&sn=98fd7cd48b6c771f18ffafed437378eb,,"点击上方蓝色关注我们吧创锂科技宁波创锂新材料科技有限公司专注于电池检测设备研发与制造锂电联盟会长做一个有情怀的锂电人1CL-01 固态电池测试模具1、内腔尺寸10mm 2、压力量程0-5T 3、密封性好，可空气中使用2CL-02 固态电池测试模具1、内腔尺寸10mm 2、压力量程0-5T 3、密封性好，可空气中使用3CL-03固态电池测试模具 1、内腔尺寸10mm 2、压力量程0-5T 3、压力值采集/显示（选配）4、密封性好，可空气中使用4CL-04软包电池测试模具 1、电池放置平台尺寸可以定制 2、压力量程0-50T（选配）3、压力值采集/显示（选配）5CL-05 固态电池原位温度·压力测试系统1、四通道固态模具电池；2、自动加温：单独控温与实时温度采集，室温-150°C，精度±0.2°C；3、压力采集：单独压力采集，记录固态电池循环过程中压力变化数据，采集频率最快1秒/次；4、温度-压力-电压-电流同步采集，辅助固态电池电化学分析。6CL-06 三电极固态电池测试模具1、内腔尺寸10mm 2、压力量程0-5T 3、密封性好，可空气中使用7CL-07 恒压固态电池测试模具1、内腔尺寸10mm 2、压力量程0-1T 3、密封性好，可空气中使用CL-A01 电芯原位膨胀测试仪CL-A02 电芯原位压力&温度测试系统CL-A03 固态软包防爆原位温度&压力机CL-B01 手套箱专用真空干燥箱一站式新能源材料供应END相关阅读：锂离子电池制备材料/压力测试！锂电池自放电测量方法：静态与动态测量法！软包电池关键工艺问题！一文搞懂锂离子电池K值！工艺，研发，机理和专利！软包电池方向重磅汇总资料分享！揭秘宁德时代CATL超级工厂！搞懂锂电池阻抗谱(EIS)不容易,这篇综述值得一看！锂离子电池生产中各种问题汇编！锂电池循环寿命研究汇总（附60份精品资料免费下载）",,,,pending
Angewandte | 零间隙电解器中氧化物衍生Cu-Sn催化剂的稳定性评估,电催化与电合成,电催化与电合成,"21C API, 样品",normal,2026-09-27T07:58:00+08:00,,文献解析 | 合金 | 催化 | 化学工程 | 循环伏安 | 电化学 | 电解 | 法拉第效率 | 材料科学 | 氧化态01全文速览双金属电催化剂在放大CO₂电还原方面具有巨大潜力，但其实际部署受到传统三电极测试与工业相关电解器条件之间持续差距的阻碍。本研究采用具有高CO法拉第效率（FE，92.4%）的氧化物衍生Cu-Sn催化剂作为模型催化剂，评估其在真实零间隙CO₂电解器中的电化学稳定性。在长时间运行中，CO的法拉第效率逐渐下降，约48小时后趋于稳定，CO与甲酸的比例接近1:1。原位和准原位光谱分析表明，这种选择性变化与催化剂部分转变为Cu₆Sn₅合金相关。为修复这种性能损失并再生催化剂的活,http://mp.weixin.qq.com/s?__biz=Mzg4Mjc1MDc3Ng==&mid=2247501169&idx=1&sn=f0a9eaaf6bcb2696f73070ebc1261197,,"文献解析 | 合金 | 催化 | 化学工程 | 循环伏安 | 电化学 | 电解 | 法拉第效率 | 材料科学 | 氧化态01全文速览双金属电催化剂在放大CO₂电还原方面具有巨大潜力，但其实际部署受到传统三电极测试与工业相关电解器条件之间持续差距的阻碍。本研究采用具有高CO法拉第效率（FE，92.4%）的氧化物衍生Cu-Sn催化剂作为模型催化剂，评估其在真实零间隙CO₂电解器中的电化学稳定性。在长时间运行中，CO的法拉第效率逐渐下降，约48小时后趋于稳定，CO与甲酸的比例接近1:1。原位和准原位光谱分析表明，这种选择性变化与催化剂部分转变为Cu₆Sn₅合金相关。为修复这种性能损失并再生催化剂的活性状态，研究人员应用了一种原位循环伏安（CV）方案重新氧化金属组分，有效逆转了合金化过程并恢复了高CO选择性。这项工作将Cu-Sn的氧化态与其在零间隙电解器中的催化行为相关联，并展示了一种实用的恢复方案以增强操作稳定性，突显了动态催化剂管理在工业CO₂电解中的潜力。02研究背景工业化带来的二氧化碳（CO₂）高排放持续挑战要求向将CO₂转化为有价值资源的范式转变。电催化CO₂还原（eCO₂RR）因其高选择性、操作可控性和温和反应条件（如环境温度和压力）而引起了相当大的研究兴趣。在过去几十年中，大量工作致力于推进催化剂设计、电解质优化和反应器工程。在各种技术中，零间隙膜电极组件（MEA）电解器中的CO₂到一氧化碳（CO）转化因其高法拉第效率（FE）和系统简单性而成为工业规模应用的有前景途径。然而，广泛使用的高选择性贵金属基催化剂（如Ag和Au）存在成本高和自然丰度有限的问题。基于Sabatier原理，双金属催化剂已被广泛研究以替代贵金属催化剂。其中，铜-锡（Cu-Sn）催化剂由于Sn能够有效调控Cu的电子结构，削弱关键中间体*CO的吸附强度，从而促进CO的优先选择性生成并抑制多碳产物和HER的形成。通常，Cu-Sn催化剂通过精确调整其组成、结构、形貌和表面功能来靶向特定的反应中间体并增强反应速率。这些方法旨在调节控制CO₂RR的关键因素，如活性位点的性质和催化剂表面的局部反应环境。03主要创新点和结论创新点一：系统研究了氧化物衍生Cu-Sn催化剂在零间隙MEA电解器中的动态结构演化。通过共溅射法制备了具有不同Cu:Sn比例的Cu-Sn双金属催化剂，选取CO法拉第效率最高的Cu₅Sn₇（FE_CO = 92.4%）进行深入研究。在300°C空气中煅烧获得氧化物衍生的Cu₅Sn₇O₂，随后在-30至-40 mA cm⁻²下预还原100秒。SEM显示Cu₅Sn₇O₂预还原样品保持纳米颗粒形貌，XRD和XAS证实预还原后Cu₅Sn₇O₂主要转化为金属Cu和Sn物种。创新点二：揭示了Cu₆Sn₅合金形成导致选择性下降的机制。在100 mA cm⁻²电流密度下，CO法拉第效率从83.3%（2小时）降至76.8%（10小时）；连续CV处理后恢复至85.8%，但10小时后再次降至75.5%。原位和准原位光谱分析表明，长时间运行导致Cu₆Sn₅合金形成，CO与甲酸比例接近1:1。XRD显示反应10小时后Cu₂O衍射峰消失，表明Cu₂O的存在对维持高CO选择性至关重要。创新点三：开发了原位循环伏安（CV）再生方案有效逆转合金化过程。CV处理通过周期性氧化反应活化催化剂，维持其氧化态、抑制Cu-Sn合金形成，从而延长高CO选择性。第二次CV处理后CO效率恢复至88.9%（2小时），但10小时后降至74.2%；第三次CV处理后CO效率初始为72.3%，降至69.5%。结果表明周期性电化学活化可有效抑制重构过程，但累积盐沉淀最终限制了长期适用性。主要结论：通过准operando表征技术组合，研究确认了预制备Cu₅Sn₇O₂样品中Cu、Cu₂O和SnO₂物种的共存是实现优异CO选择性（FE ~92.4%）的关键，而长时间运行导致氧损失和Cu₆Sn₅合金形成，产生1:1的CO与甲酸比例。重要的是，研究表明通过循环伏安法进行周期性电化学活化可有效抑制这种重构过程，维持关键氧化物种，从而延长催化剂在高CO选择性下的操作寿命。这项工作不仅阐明了氧化物衍生Cu-Sn催化剂的基础结构-活性关系，还提供了管理电化学CO₂还原系统中催化剂重构的实用策略，以及推进各种催化剂工业应用的详细研究路线图。04文献信息期刊：Angewandte Chemie International Edition标题：Evaluating the Stability of Oxide-Derived Cu-Sn Catalysts for CO₂ Reduction in Zero-Gap Electrolyzers作者：Jiayi Zhao, Dongfeng Du, Lina Li, Yingguo Yang, Jingshan Luo",,,,pending
环球下周看点：美债风暴走向何处？星舰试飞、OpenAI开发者日、美光财报、“会飞的特斯拉”接力亮相,财联社,财联社,"21C API, 交付, 放缓, 投资, 港股, 政策",normal,2026-09-27T07:43:03+08:00,,即将到来的一周里，全球市场将迎来三季度收官和四季度开局。对于正在经历“美债风暴”的投资者而言，美联储政策路径走向可能成为贯穿全周的交易关切。截至周五收盘，在中东局势推高油价、油价推高美国通胀的恶性循环中，与美联储政策关系更密切的两年期美债收益率收报4.86%，为连续第六周走高；10年期美债收益率达到5.16%，续创2007年以来新高；30年期美债收益率更是在周五触及5.5%，系2004年以来首次。（来源：TradingView）从宏观层面来看，下周的美国8月PCE通胀数据和9月非农就业报告，可能会对美联储的“加息叙事”和动荡的美债市场产生重要影响。下周三，美国将公布8月个人消费支出（PCE）价,http://mp.weixin.qq.com/s?__biz=Mzg5MzEyNzEwNQ==&mid=2247854835&idx=1&sn=1d7ed2f2fa5b016212563ea1ca7b3d48,,即将到来的一周里，全球市场将迎来三季度收官和四季度开局。对于正在经历“美债风暴”的投资者而言，美联储政策路径走向可能成为贯穿全周的交易关切。截至周五收盘，在中东局势推高油价、油价推高美国通胀的恶性循环中，与美联储政策关系更密切的两年期美债收益率收报4.86%，为连续第六周走高；10年期美债收益率达到5.16%，续创2007年以来新高；30年期美债收益率更是在周五触及5.5%，系2004年以来首次。（来源：TradingView）从宏观层面来看，下周的美国8月PCE通胀数据和9月非农就业报告，可能会对美联储的“加息叙事”和动荡的美债市场产生重要影响。下周三，美国将公布8月个人消费支出（PCE）价格指数。TD Economics汇总的市场预期显示，8月整体PCE同比增幅料维持在3.7%，核心PCE同比增幅料维持在3.3%，均明显高于美联储2%的长期通胀目标。与此同时，当天还将公布ADP就业、个人收入和消费等数据。（美国核心通胀自3月以来一直维持在3.3%-3.4%水平，来源：tradingeconomics）这里还有一个技术细节，美国经济分析局将从下周的报告开始调整三个PCE项目的价格/平减方法。高盛、摩根大通等机构测算显示，新方法可能令此前部分核心PCE同比读数下修约0.1到0.2个百分点。（美国经济分析局6月预告此次调整）美国劳工部将在下周五公布9月非农就业报告，路透经济学家调查预计，新增就业人数将从8月的16.2万人放缓至10万人，失业率预计为4.2%。在通胀处于高位的情况下，就业数据如果超出预期，反倒会成为市场的负担。CME“美联储观察”工具显示，截至周五收盘时，市场定价美联储10月底加息的概率为64.2%，12月“再加一次息”的概率为51%。值得注意的是，面对美债收益率持续走高的压力，美股指数虽然表面看上去依然坚挺，但内部已经出现明显分化。截至本周，标普500指数距离8月中旬创下的纪录高位不到1%，年内仍上涨约13%；但9月份11个主要板块中有8个下跌，标普500等权指数同期下跌约4%。与此同时，科技股也将迎来一个催化极为密集的星期。首先是“星舰”第14次飞行测试（Flight 14）。SpaceX官网显示，计划最早于当地时间下周一（9月28日）早晨，也就是北京时间周一晚间发射，具体时间仍取决于天气等条件。本次任务的最大看点是星舰飞船将首次尝试真正进入地球轨道。飞船还将尝试部署26颗新一代Starlink卫星（Starlink V3）。公司介绍称，每颗V3卫星将为卫星互联网星座增加1Tbps容量，仅此次任务就将总共增加26Tbps，单次发射新增容量约为猎鹰9号发射V2 Mini卫星的10倍。当地时间下周二，OpenAI将在旧金山举行2026年开发者大会DevDay。根据公司公布的日程，CEO山姆·奥尔特曼将在当地时间上午10点（北京时间周三凌晨）发表开场主题演讲，活动还将涵盖API、开发工具、技术演示和开发者工作坊等内容。根据报道，同样在下周二，美国总统特朗普、众议院议长迈克·约翰逊以及多家科技公司CEO（目前尚不确定哪些公司将参会）预计将举行一场有关人工智能的会议。市场可能关注美国AI政策以及监管方向的进一步信号。财报方面，美光将在下周三盘后公布2026财年第四财季业绩。这份财报不仅关系到美光本身，也会成为观察DRAM、HBM乃至整个AI数据中心产业链景气度的重要窗口。随后，特斯拉计划在10月1日正式展示跳票多年的新一代Roadster。据报道，新车可能搭载来自SpaceX的冷气推进系统，也让“特斯拉新车能飞”的猜想吸引了大量关注。（特斯拉官网上线Roadster的倒计时页面）作为三、四季度交接的时间节点，包括特斯拉等一众汽车厂商也将10月初陆续公布三季度交付数据。同样在10月1日，SpaceX计划通过猎鹰9号执行NASA Crew-13载人任务，将四名宇航员送往国际空间站。谷歌也将同日通过“拼火箭”，将搭载自研TPU的原型卫星送入轨道，首次验证TPU在太空环境中的运行能力，为未来建设轨道AI计算基础设施探索可行性。最后，投资者仍不能忽视已经持续数月的中东冲突。作为本周末的最新进展，面对伊朗提出的“七天内重新开放霍尔木兹海峡”方案，美国总统特朗普于周六公开予以拒绝。根据央视新闻的最新报道，伊朗外长阿拉格齐回应称，伊方已获悉美方对于重开霍尔木兹海峡提议的初步反应，但尚未收到调解方传达的任何具体信息。伊朗正等待调解方转达最终立场，并将据此做出决定。阿拉格齐同时表示，伊朗不会在既定条件上向美国让步，霍尔木兹海峡的开放取决于伊朗提出的条件是否得到满足，任何关于开放霍尔木兹海峡的进展都取决于这些条件能否落实，伊朗绝不会在这些问题上妥协。这也意味着，下周油价依然可能成为连接地缘局势、通胀预期、美债收益率和金融市场走向的关键变量。下周重要财经事件概览（北京时间）周一（9月28日）：日本央行公布7月货币政策会议纪要周二（9月29日）：澳洲联储公布利率决议、欧元区9月工业景气指数、美国8月JOLTs职位空缺周三（9月30日）：中国9月PMI、美国9月ADP、美国8月核心PCE物价指数、美国二季度实际GDP年化季率终值\^o^/国庆假期开始\^o^/A股10月1日至10月7日休市，10月8日开市；港股10月1日休市1天，10月2日恢复正常交易。港股通（南向），以及沪、深股通（北向）10月1日-10月7日关闭服务，10月8日起照常开通。周四（10月1日）：欧元区9月制造业PMI终值、欧洲央行行长拉加德发表讲话、日本央行公布9月货币政策会议审议委员意见摘要周五（10月2日）：日本9月东京CPI、欧元区9月CPI、美国9月非农报告不喜欢​,,,,pending
算力全国第一之后，河北开始拼“电”,AIDC算电协同产业链,AIDC算电协同产业链,"21C API, 双登, 算力中心, 智算中心, 供电, 液冷, 交付, 装机, 投产, 投资, 出海, 发布, 并网, 落地, 爬坡",normal,2026-09-27T07:30:00+08:00,,合作/参会/参展 请联系：羽经理（***********） 556.1 EFLOPS、250.4 万架机架，河北一次拿下两个全国第一。几乎同时，润泽在廊坊的一栋单体 200MW 智算中心投运。规模登顶之后，真正的比拼换了赛道——谁能把电和冷，稳稳接上去。张北数据中心集群：风机、光伏与算力同框，“算电协同”有了最直观的样子。（图源：河北日报）9月12日，廊坊。2026中国算力大会发布的《2026综合算力全景分析》里，河北被点了两次名：在用智算规模 556.1 EFLOPS，约占全国的 25.4%；在用标准机架 250.4 万架。两项都是全国第一，江苏、广东、上海、北京跟在后面。再往前一年看，20,http://mp.weixin.qq.com/s?__biz=Mzk0NTY4MzIxNQ==&mid=2247495139&idx=1&sn=9c6d716453471c0d6b256ffabf8599d7,,合作/参会/参展 请联系：羽经理（***********） 556.1 EFLOPS、250.4 万架机架，河北一次拿下两个全国第一。几乎同时，润泽在廊坊的一栋单体 200MW 智算中心投运。规模登顶之后，真正的比拼换了赛道——谁能把电和冷，稳稳接上去。张北数据中心集群：风机、光伏与算力同框，“算电协同”有了最直观的样子。（图源：河北日报）9月12日，廊坊。2026中国算力大会发布的《2026综合算力全景分析》里，河北被点了两次名：在用智算规模 556.1 EFLOPS，约占全国的 25.4%；在用标准机架 250.4 万架。两项都是全国第一，江苏、广东、上海、北京跟在后面。再往前一年看，2024、2025 连续两年，河北的综合算力指数已经是全国第一。556.1 EFLOPS 有多猛？1 个 EFLOPS 等于每秒百亿亿次浮点运算。换个直观的说法：中国联通廊坊智·云数据中心，1 秒钟能向全国输出 340 亿亿次运算，够 3 万人同时打《黑神话：悟空》。而这样的大型算力中心，河北已经建成投运 88 个。数据当然好看。但对做产业链的人来说，真正值得盯的是另一条消息——润泽在廊坊的一栋单体 200MW 智算中心（B1）投运了。一栋楼、200 兆瓦、13 万卡集群，在中国 AIDC 的交付清单上，这是个从没见过的新物种。一、河北的算力，不是一年堆起来的先说清楚河北凭什么。它踩中了两波大势：京津冀协同发展，和“东数西算”。2022 年 2 月，京津冀国家算力枢纽节点正式启动建设，河北是核心承载区。沿着这条线，河北先后落子京津冀大数据综合试验区、“东数西算”京津冀算力枢纽节点，把廊坊、张家口做成了环京智能算力集聚区。在两座城市里，廊坊、张家口分别是城市算力分指数的全国第一和第二。埋得更早的一颗棋子是 2009 年。那年润泽进入廊坊，开始建（廊坊）国际信息港；到今天，它在这里投运了 13 栋智算中心。一个更能说明问题的数字是：全国第三方算力中心服务商十五强，有 12 家在河北落了子。这不是招来一家企业，是聚起了一整条链。中国工程院院士邬贺铨的判断很直接：河北智算供给能力突出，在全国一体化算力网里“举足轻重”。他还往前看了一步——算力聚拢之后，会自己长出 AI 芯片、数据服务、智能体经济这些新产业。这个判断后来得到印证：全球安防头部企业浙江宇视科技把华北子公司落在廊坊，研发成本降了约四成，模型迭代周期缩短 30%。2026 中国算力大会现场：在用机架、在用智算规模，河北双双登顶—— 数据中心800V供应链人脉圈——扫描二维码，免费加入二、0.33 毫秒，河北真正的护城河算力为什么偏偏外溢到河北？先看北京。2180 多万常住人口，全国最密集的互联网企业、金融机构、科研院所扎堆，算力需求旺盛得很。但北京土地紧张、电力吃紧，还要疏解非首都功能，大规模新建智算中心几乎不可能。需求总要找地方落，第一站就是紧邻的河北。承接这种需求，拼的不是电价，是时延。模型推理、金融交易、智慧政务这类业务，对时延极其敏感。而时延受光速和传输距离限制，是砸钱也绕不过去的物理门槛。谁离北京近，谁就赢在起跑线。廊坊的做法很直接：打通直连北京核心节点的超低时延光纤链路，单向时延压到 0.33 毫秒，数据中心整体响应不到 1 毫秒。这个体验，和把算力放在北京本地几乎没差别。网络这一层，河北铺得也狠：统筹京津冀 400G 全光传输网，新建多条环京直连路由，廊坊到北京平台控制在 2 毫秒以内，建成京津冀 3 毫秒、全国 20 毫秒的时延圈。全省光缆线路总长累计 295.3 万公里，省际出口带宽 11.26 万 Gbps。雄安、张家口还建了国际互联网数据专用通道，专门服务大模型出海和跨境业务。京津冀区位：河北是承接北京算力外溢的第一站，廊坊主打“近”，张家口主打“绿”三、一栋楼 200MW，难在哪再回到润泽 B1。按润泽智算科技集团党委书记、副董事长、总裁李笠的介绍，这是行业首例单体 200 兆瓦智算中心，单栋能撑起 13 万卡规模的智能算力集群，万亿级参数模型的训练和推理都能接。8 月 27 日“算力中国行”（京津冀）媒体调研团走进润泽（廊坊）国际信息港时，园区已投产 8 栋 IDC、4 栋 AIDC。为什么非要把 13 万张卡塞进一栋楼？答案藏在“光”里。GPU 之间靠光模块和光纤相连，物理距离一拉长，时延、成本、效率全跟着变差。想让上万张卡协同得像一台机器，就得把服务器密度和组网能力同时顶到极限，用最短的物理距离，换最高的集群效率。“超大单体”这四个字，就是这么来的。廊坊：从规模布局到超大单体，200MW 智算中心投运但 200MW 真正的难点，从来不在土建，而在于能不能把“电”和“冷”压进同一个时间窗，工程化地接上。电这一侧，200MW 单体对应的是多回路高压进线、主变与 GIS／环网柜、母线电缆冗余、选择性保护配合、短路容量校核、谐波与冲击电流管理，外加带载爬坡时的分段送电策略。任何一环没算准，上架就得停摆。冷这一侧，芯片和机柜功率一路狂飙，液冷从“可选项”变成了“必选项”。润泽自主研发的新一代冷板式液冷技术，号称能支撑超高密度机柜稳定运行，解决传统风冷功耗大、散热不均的老毛病；再叠加高效节能设备和 AI 算法动态调度制冷供电链路，把 PUE 压到 1.15。1.15，在风冷时代几乎是个不敢想的数字。四、“投运”不等于“满载”还有一个容易被忽略的事实：200MW 级 AIDC 的投运，不等于一次点火、满功率起飞。真实的节奏更像爬坡——先并网、空载调试，再带假负载或局部真实负载做分区测试，然后客户灰度上架，最后按批次扩容。这套流程常常要走上好几个月。所以看“200MW”得看两层。一层是设计 IT 功率上限，那是能力的天花板；另一层是实际上架功率，那才是现金流。收入按“上架功率 × 单价 × 可用率”计提，真正敏感的是上架率和单柜功率。如今大模型场景里，单柜 20–60kW 已经很常见。上架率从 50% 爬到 80%，对现金流的放大不是线性的。一个被低估的指标2026 算力大会上有个判断：新增算力项目，应该从“关注建设规模”转向“关注业务承载”。放眼全国，上架率超过 75% 的省份只有 7 个。规模是面子，上架率才是里子。亮灯投运只是开始，机柜真正“跑满”，还要看客户与调度五、为什么偏偏是廊坊同样的超大单体，凭什么先在廊坊落地？因为它攥着一批“看不见的资产”。位置上，廊坊卡在环渤海和京津冀负荷中心之间，电网接入基础成熟，周边已有多座为园区和大型 IDC 服务的变电站与配套线路；产业上，十几年 IDC 工程攒下的熟练机电团队和运维经验，把超大单体项目的组织复杂度压了下来。聚集效应也摆在那：中国算力服务商 10 强，有 7 家在廊坊深度布局；全市投运大型数据中心 36 个，智算供给能力超过 20 万 PFLOPS。润泽（廊坊）国际信息港：8 栋 IDC、4 栋 AIDC 已投产，园区规模全国领先润泽是廊坊本土长出来的头部企业，目前在全球布局 9 个 AIDC 智算产业园，已投产 8 栋 IDC、4 栋 AIDC；人工智能应用中心一期总投资 218 亿元，建成后能撑起 10 万 PFLOPS 智能算力。另一个值得记的名字是中鼎云。项目落在廊坊广阳区万庄，预计总投资 262 亿元、占地约 910 亩，一期 30 亿元、92.9 亩，规划 4 栋智算楼加 1 座 110 千伏变电站，100% 匹配国产化 IT 设备。它是廊坊首家大型零碳智算项目，已与国家电投河北电力签下 100 兆瓦光伏绿电直连合同——全省首批 31 个绿电直连项目之一。中国算力服务商 10 强，7 家在廊坊；全市投运大型数据中心 36 个电费是更硬的筹码。河北是风电、光伏装机大省，绿电资源充裕。绿电直连之后，每千瓦时电力成本能降约 0.1 元。对 24 小时连轴转的数据中心来说，这 0.1 元就是竞争力本身。六、绿电，才是终极变量廊坊拼“近”，张家口拼“绿”。河北是京津冀的绿电核心供给地。截至 2026 年 6 月，全省可再生能源累计并网 15685.9 万千瓦，占全省总装机的 73.6%——将近四分之三。张家口更典型。作为全国唯一的国家级可再生能源示范区，它全年可再生能源发电量超过 700 亿度。2025 年，张家口算力中心用电 95.43 亿度，居全国八大枢纽节点首位，其中绿电使用超过 50 亿度，不少项目做到 100% 绿电供能。再加上张家口正处在华北平原与内蒙古高原的过渡带，气候冷凉，天然冷源条件好，机房空调能耗能大幅压下来。“自然冷却 + 绿电驱动”这套组合，让张家口数据中心的 PUE 普遍降到 1.25 以下，先进项目甚至做到 1.15——明显优于全国平均水平。张北云联、张北榕泰、中明能源等算力中心项目，也已经拿到绿电直连的批文。中国电信怀来园区：楼顶铺满光伏，“绿电 + 自然冷却”正成为河北 AIDC 的标配七、下半场，拼的是算电协同河北能做起来，不是风口上的偶然——区位、绿电、国家战略、产业场景，四样凑齐了，缺一样都成不了。底盘也够厚。运营商这边，廊坊联通基地已投产 6 栋机房楼、1 栋运维楼和 1 座 110 千伏变电站，共 18600 架机柜；怀来联通园区设计 IT 功率 244MW，规划承载近 10 万架标准机柜、18 EFLOPS。电信在怀来的智慧云基地总投资 32 亿元、IT 容量 150MW，一期 3600 个高功率机柜已经就位。移动则把京津冀（石家庄）数据中心做成华北大区节点，一期 7200 架机柜全面投产，正承接全省 60 多个厅局的算力业务。雄安也没落下。悦容公园东侧的雄安城市计算中心，别称“雄安之眼”，总建筑面积约 3.9 万平方米，采用国内首创的大跨度无柱 IDC 机房设计，一期具备 9 万核 VCPU、42P 存储，终期规划到 200 万核 VCPU、900P 存储。雄安城市计算中心“雄安之眼”：既是数字孪生城市的“超级大脑”，也是雄安算力的中枢把所有线索并起来，结论其实很简单：中国 AIDC 正在换挡——从“多点分散扩容”，转向“若干超大单体＋区域配套变电站”。电力增容、消纳和备用容量，被提到项目最早期，和拿地摆在了同等位置。设备端的逻辑也跟着变。过去比单台设备参数，今后比“工程化可复制”——能不能在 6 到 12 个月里，再复制交付第二、第三个 200MW 级单体。这取决于成套化方案、供应商协同和施工工法的标准化程度。优先被拉动的，是变压器、GIS／开关柜、母线电缆，是板换、泵阀、冷却塔或干冷器，是 CDU、管路快速接头和机柜级冷板。国内液冷与高压成套厂商的工程交付能力，会在这里拉开差距。从“工业制造大省”“电力输出大省”，到“算力服务强省”，河北这一步跨得不算轻松。规模登顶只是上半场，能源和算力绑在一起调度，才是下半场真正的胜负手。毕竟这条赛道上，稀缺的从来不是楼，而是把电和冷安全、稳定、经济地接上去的本事。欢迎联系小编投稿，我们尊重原创，也乐于分享，目的在于传递更多信息，内容仅供参考，若涉及版权问题，请第一时间联系羽经理（***********）进行删除处理！本文基于公开信息整理，不构成投资建议。- END-不喜欢2026 算力大会上有个判断：新增算力项目，应该从“关注建设规模”转向“关注业务承载”。放眼全国，上架率超过 75% 的省份只有 7 个。规模是面子，上架率才是里子。,,,,pending
本周能源AI学术研究综述（2026-09-19 至 2026-09-26）,国际能源小数据,国际能源小数据,"21C API, 供电, 装机, 融资, 投资, financing, 政策, 实验室, lab, 量产, 并网",normal,2026-09-27T07:09:33+08:00,,1. Artificial intelligence data centers could reach one percent of global electricity demand by 2030（人工智能数据中心到 2030 年可能占全球电力需求的 1%）Communications Sustainability，2026-09-21｜Chen Danbo、Zhou Zijun、Cai Yongyang、Qin Jiahong、Katchova Ani L.、Chen Lei（俄亥俄州立大学、Meta Platforms、浙江农林大学） 链接：https://www.nature.com,http://mp.weixin.qq.com/s?__biz=MzA5MDc0MzA0OA==&mid=2651730354&idx=1&sn=45d121f3fa70680d03f28cc15eea54a1,,"1. Artificial intelligence data centers could reach one percent of global electricity demand by 2030（人工智能数据中心到 2030 年可能占全球电力需求的 1%）Communications Sustainability，2026-09-21｜Chen Danbo、Zhou Zijun、Cai Yongyang、Qin Jiahong、Katchova Ani L.、Chen Lei（俄亥俄州立大学、Meta Platforms、浙江农林大学） 链接：https://www.nature.com/articles/s44458-026-00152-5 DOI：10.1038/s44458-026-00152-5摘要：生成式人工智能的快速扩张正在抬升全球电力需求并对电力系统形成新压力。研究估计，专为 AI 建设的数据中心用电量将从 2024 年的约 118 太瓦时（TWh）上升到 2030 年的 239–295 TWh，约占全球电力需求的 1%。新增算力基础设施高度集中：北美、西欧与亚太三地合计占预计算力容量的 90% 以上。区域层面差异明显，俄勒冈、爱尔兰、爱荷华等地因数据中心负荷高度集中而承受更大压力，而德克萨斯等规模更大的系统对新需求的吸纳能力更强。方法上，研究将大语言模型对企业、政策与媒体文本的分析，与面向未来的情景化电力需求预测相结合。结论指出，AI 基础设施正在成为电力系统动态的结构性组成部分，而非边缘负荷。2. Flash energy droughts in solar and wind resources under climate change（气候变化下太阳能与风能资源的""闪旱""事件）Nature Climate Change，2026-09-21｜Lin Yuanyuan、Zheng Dongsheng、Tong Dan、Davis Steven J.、Yin Zhicong、He Kebin、Zhang Qiang 等 链接：https://www.nature.com/articles/s41558-026-02753-3 DOI：10.1038/s41558-026-02753-3摘要：""闪旱""（flash energy droughts）指风电、光伏出力骤降并持续处于低位的一类事件，可能对电力系统运行构成挑战，但其系统层面影响及气候变化下的演变趋势此前缺乏清晰认识。研究发现，闪旱与更高的未供电量、更大的灵活性需求和更高的电力成本相关联。在 SSP1-2.6 情景下，此类事件呈上升趋势，尤以持续时间为甚：风电增加 25.6%，光伏增加 29.8%，复合事件增加 155.7%。全球约 70.8% 的风光装机容量将面临闪旱发生频率与持续时间上升的暴露风险。研究指出，通过战略性地优先布局风光场址可以缓解这种广泛暴露，但缓解效果在很大程度上取决于气候目标力度与技术潜力的实现程度。3. A Ni(OH)₂ symmetric battery cell for hydroxide exchange membrane-based direct air capture of CO₂（用于氢氧化物交换膜基二氧化碳直接空气捕集的 Ni(OH)₂ 对称电池）Nature Energy，2026-09-22｜Buchen James R.、Wang Teng、Geiger Braden K.、Gluz Naama Y.、Artoul Maurice、Hiegel Jean-Philippe、Achrai Ben、Setzler Brian P. 等 链接：https://www.nature.com/articles/s41560-026-02129-z DOI：10.1038/s41560-026-02129-z摘要：电化学碳捕集可利用可再生电力、避开能耗较高的传统变温吸附，是低能耗直接空气捕集（DAC）的潜在路线，但已有器件很少在保持低能耗的同时兼具长寿命与 CO₂ 完全提纯能力，放大与压降问题也少有考察。本研究展示一种采用氢氧化物交换膜的对称氢氧化镍电池设计，实验室级 25 cm² 器件完成 5,000 小时耐久测试；放大后的 9 × 300 cm² 电堆在 48 小时测试中实现 132 kJ/mol CO₂ 的能耗与 0.19 mol CO₂·m⁻²·h⁻¹ 的通量，折合 0.83 MWh/t CO₂ 与 75 kg CO₂·m⁻²·年⁻¹，并满足 DAC 对 300 Pa 压降的要求。基于能源技术学习率，作者给出成本降至 100 美元/吨 CO₂ 以下的路径，认为电化学 DAC 具备成为气候变化应对手段的潜力。4. Asymmetric Mo–Ni atom pairs enable scalable water oxidation at industrial current densities（非对称 Mo–Ni 原子对实现工业电流密度下的可规模化水氧化）Nature Sustainability，2026-09-24｜Zou Xingyue、Zhang Jinzhe、Xie Jiawei、Dong Houyan、Zhou Bing、Dai Jie、Zhao Long、Wang Jiaxian 等 链接：https://www.nature.com/articles/s41893-026-01942-4 DOI：10.1038/s41893-026-01942-4摘要：绿氢规模化需要高效且耐久的工业水电解，而阳极析氧反应（OER）仍是关键瓶颈，常规镍基催化剂要么过电位高、要么衰减快。研究引入原子间距缩短至 2.85 Å 的非对称 Mo–Ni 原子对，该构型使反应走""氧化物路径机制""（OPM）下的直接 O–O 耦合，绕开传统标度关系。催化剂在 3 A·cm⁻² 的工业相关电流密度下稳定运行超过 2,000 小时；组装成实验室级阴离子交换膜水电解槽后，阳极在 2–3 A·cm⁻² 下槽电压为 1.78–1.95 V，并在 3 A·cm⁻² 下稳定运行超过 1,200 小时。为验证商业可行性，作者将该催化剂集成到单池 71 cm² 的 AEM 电解堆中，产出纯度 >99% 的氢气，能耗与生产成本较商业基准降低 10–17%，并建立了 OER 电极的量产线以验证可规模化制造。5. The impact of financing cost differences on global energy and industry decarbonization（融资成本差异对全球能源与工业脱碳的影响）Nature Climate Change，2026-09-24｜Waidelich Paul、Crassier Constance、de Boer Harmen Sytze、Tautorat Paul、van Vuuren Detlef P.、Steffen Bjarne 链接：https://www.nature.com/articles/s41558-026-02756-0 DOI：10.1038/s41558-026-02756-0摘要：综合评估模型通常忽略国家、部门与时间维度的融资条件差异，这一省略可能扭曲电力及其他部门的结论。研究为 IMAGE 综合评估模型中八个能源与工业部门估计并植入动态的、国别化的资本成本（CoC）。相比假设统一的低风险资本成本，计入发展中国家的投资风险后，将升温控制在远低于 2°C 的全球减排成本到 2100 年约上升 9%，并使成本有效的减排行动向低风险地区转移。部门层面分析显示，采用细粒度资本成本估计会减少发展中国家的电网投资、使集中供热偏向天然气、抬高绿氢成本并延缓电解制氢的采用；在钢铁与水泥等行业，部门与国家风险会制约资本密集型的碳捕集与电气化技术。研究揭示了忽略国别融资条件带来的偏误，并指出跨部门的气候融资需求。6. Forced Oscillations in Power Systems Induced by Data Centers Hosting AI Workloads（承载 AI 负载的数据中心引发的电力系统强迫振荡）arXiv:2609.27698，2026-09-23｜Jovan Krajacic、Georgia Pierrou、Maitraya Desai、Gabriela Hug、Gustavo Valverde（eess.SY） 链接：https://arxiv.org/abs/2609.27698摘要：运行 AI 负载的大型数据中心功率摆动可能激发电力系统中阻尼不足的振荡模式，由此产生的强迫振荡可导致闪变、设备脱网甚至停电。论文基于传递函数的解析方法，识别电网中最易被数据中心负荷波动激发强迫振荡的关键并网点，并刻画系统响应的谐波谱。研究表明，随负荷波动频率与幅值不同，强迫振荡可能无界发散；作者用 Floquet 乘子与代数雅可比矩阵最小奇异值，将失稳机理归类为强迫周期响应的鞍结分岔与""障碍面""（impasse surface）遭遇，并进一步分析了方波型负荷曲线中占空比与基波以外谐波分量的影响，以及两台振荡数据中心在不同位置与强迫频率下同步／非同步运行的相互作用。结论可用于帮助系统运营商制定针对特定并网点的负荷波动限值规定。7. Data center cooling choices shift water impacts across the grid: An integrated water-energy model for sustainable data center development（数据中心冷却选择重塑全网水影响：面向可持续数据中心开发的集成水-能模型）arXiv:2609.25437，2026-09-21｜Garrett Alston、Nancy Love、Rabab Haider（eess.SY） 链接：https://arxiv.org/abs/2609.25437摘要：数据中心开发速度空前，但其能耗与耗水影响、以及这些影响的时空分布仍缺乏刻画。数据中心既直接为冷却耗水，也通过发电间接耗水；选址与冷却技术决策造成的水-能权衡会把影响外溢到场址之外。既有评估框架依赖设施效率指标与电网平均耗水强度因子，掩盖了数据中心负荷与发电可用性在时间维度上的影响，并把间接耗水归因于设施所在地而非实际响应负荷的机组及其水文区域，造成空间归因错误。为此，作者构建了数据中心-能源-水耦合计算模型，把设施冷却与电力需求同小时级经济调度、机组级耗水与月度子流域耗损关联起来，基于开源数据解析耗水发生的时点与地点。以密歇根州为例的研究显示，风冷数据中心总耗水较蒸发冷却减半，但电力需求上升、间接耗水增加约三分之一，把水足迹从设施端转移到发电端；映射到子流域后发现，设施级报告可能忽略的区域出现了耗损上升。8. A principled approach for energy-efficient training via phase-aware GPU frequency tuning（通过阶段感知的 GPU 频率调优实现高能效训练的原则性方法）arXiv:2609.24205，2026-09-21｜Miguel Braga、Júlio Pinto、Rahma Nouaji、Olivier Michaud、Bettina Kemme、Oana Balmau、Cláudia Brito、Ricardo Macedo（cs.DC） 链接：https://arxiv.org/abs/2609.24205摘要：现代 AI 模型训练带来前所未有的算力需求，已成为数据中心能耗的重要来源，而训练过程中相当一部分能耗并未转化为有效计算，原因在于流水线各环节的瓶颈。论文提出 PAFT——一种阶段感知、动态自适应的 GPU 频率调优系统，可在性能开销很小的前提下降低训练负载能耗。其核心认识是：瓶颈不只是性能问题，也是能效优化机会——当 GPU 处于停顿受限状态时，PAFT 主动下调其时钟频率以匹配瓶颈设备的节奏，从而在不延长执行时间的情况下节能。系统通过持续监测流水线行为并施加细粒度频率调整来适应负载与系统变化。在 12 个常用模型上的实验显示，PAFT 稳定优于所有基线，最高节能 46%，平均额外开销 4%。9. WPBench: A Comprehensive Benchmark for Wind Power Forecasting（WPBench：面向风电功率预测的综合评测基准）arXiv:2609.24444，2026-09-21｜Yuhan Zhu、Jilin Hu、Xinying Cai、Yingshan Li、Li Ma、Xiangfei Qiu、Linsen Li、Kai Zhang、Yao Fu、Weihao Jiang、Bin Yang（cs.LG） 链接：https://arxiv.org/abs/2609.24444摘要：准确、可靠且可部署的风电功率预测对电网调度、可再生能源消纳与电力市场运行至关重要，而该领域的进展取决于能否进行经验性、系统性的方法评测。既有基准在四方面不足：对风电机组规模、变量构成与空间结构的场景覆盖有限；预测模型族覆盖不完整；评价指标与风电实际需求错位；缺乏超越单点时序误差的结构化诊断。WPBench 整合 26 个公开数据集，按机组规模与变量构成组织，覆盖单机、多机、单变量与多变量设置；在统一的处理、训练与评测协议下，对 19 个代表性模型（传统方法、深度时序模型、时空模型与基座模型）进行评测。除逐点误差外，WPBench 还评估预测曲线保真度与计算效率，并从时序、变量依赖与空间依赖三个视角给出结构化诊断结果。10. GridSFM: A Foundation Model for Solving AC Optimal Power Flow（GridSFM：求解交流最优潮流的基座模型）arXiv:2609.30173，2026-09-24｜Luke Bhan、Weiwei Yang、Margaret Capetz、Baosen Zhang（eess.SY） 链接：https://arxiv.org/abs/2609.30173摘要:论文提出GridSFM，将跨电网拓扑预训练的基座模型与物理信息微调相结合，用于大规模求解交流最优潮流(AC-OPF)。该模型为1,500万参数的物理启发图神经网络，在54个500-4,000节点拓扑上预训练，在留出的10,000节点系统运行条件下取得2.45%的零样本发电成本误差，且误差不随系统规模增长而退化。在此基础上，作者以牛顿法为电力流求解器设计物理信息微调:仅用100个已求解算例，GridSFM即可适配最高10,000节点的未见电网，并在作为热启动点时在成本与求解器迭代次数上优于训练数据更多、但只针对单一拓扑的专用神经网络。设计过程中需克服AC-OPF可行域可能不连通这一障碍该性质会阻止任何连续神经网络逼近解映射;作者通过抬升问题并用对数惩罚松弛约束来处理，证明了所得""弹性""可行域是可收缩的、在显式惩罚阈值之上AC-OPF极小值保持不变，以及将近似解投影回可行域是良定义的。模型、数据与代码已开源。不喜欢生成式人工智能的快速扩张正在抬升全球电力需求并对电力系统形成新压力。研究估计，专为 AI 建设的数据中心用电量将从 2024 年的约 118 太瓦时（TWh）上升到 2030 年的 239–295 TWh，约占全球电力需求的 1%。",,,,pending
刚刚，OpenAI又停训了：Agent逃出沙箱，更多越权事件被扒,机器之心,机器之心,"21C API, 发布",normal,2026-09-27T07:04:44+08:00,,编辑｜Sia媒体和舆论炸锅了。OpenAI 的 Agent，又从沙箱里找到了一条通往互联网的路。更麻烦的是，这一次发生在 OpenAI 已经大规模加固过安全措施之后。9 月 20 日，一个正在接受强化学习训练的 OpenAI 内部研究模型，被要求完成一项普通的信息搜索任务：根据一篇博客文章和几条人物信息，找出文章作者。它先老老实实用了 OpenAI 提供的搜索工具。没找到答案后，事情开始逐渐跑偏。Agent 尝试直接访问 Google、Bing 和 DuckDuckGo，均告失败；随后继续寻找缓存页面和其他公共搜索服务。再往后，它开始主动测试自己到底能不能接触公网。最终，Agent 找到了一个,http://mp.weixin.qq.com/s?__biz=MzA3MzI4MjgzMw==&mid=2651059850&idx=1&sn=26b06415779866e48135fe47938e3266,,编辑｜Sia媒体和舆论炸锅了。OpenAI 的 Agent，又从沙箱里找到了一条通往互联网的路。更麻烦的是，这一次发生在 OpenAI 已经大规模加固过安全措施之后。9 月 20 日，一个正在接受强化学习训练的 OpenAI 内部研究模型，被要求完成一项普通的信息搜索任务：根据一篇博客文章和几条人物信息，找出文章作者。它先老老实实用了 OpenAI 提供的搜索工具。没找到答案后，事情开始逐渐跑偏。Agent 尝试直接访问 Google、Bing 和 DuckDuckGo，均告失败；随后继续寻找缓存页面和其他公共搜索服务。再往后，它开始主动测试自己到底能不能接触公网。最终，Agent 找到了一个此前没有被彻底封死的口子：DNS resolver，也就是 DNS 解析器。正常情况下，DNS 负责把域名翻译成 IP 地址。这个 Agent 却发现，可以借助 DNS 的解析和委托机制，把问题编码进请求里，让外部公共聊天机器人回答，再通过 DNS 把结果传回来。为了确认这条路真的能用，它甚至先做了个小测试——问外部服务：法国的首都是哪里？返回的答案是：Paris。随后，它开始通过这条路径继续询问原本任务中的人物线索。OpenAI 明确表示，这项任务并没有要求模型测试网络控制，更没有授权它访问实时互联网，因此将这类绕过限制的行为视为 misalignment，也就是不符合预期的行为。这条不起眼的 DNS 通道，最终让 OpenAI 再次踩下了暂停键。刚加固一个月，Agent 又出去了OpenAI 的监控系统其实很快就发现了异常。Agent 第一次成功从外部获得响应后，大约 12 分钟，系统触发最高级别警报；3 分钟后，已经有人开始人工检查。OpenAI 概括称，从异常行为发生到监控发现大约用了 15 分钟。但训练并没有马上停下来。按照 OpenAI 在 Hugging Face 事件后建立的机制，发现这种异常行为后，系统原本应该自动终止训练任务。然而这套机制没有正常执行，团队内部一度对到底有没有停掉，产生了混乱。直到两个半小时以后，这轮训练才被人工关闭。事后检查还发现，此前已经出现过其他通过 DNS 接触外部服务的尝试，其中一些没有被监控系统以应有的严重等级标记出来。OpenAI 还发现，负责侦测异常 DNS 活动的一套基础设施监控系统，恰好把这个训练环境排除在监控范围之外。于是 OpenAI 做出了第二次暂停训练的决定。OpenAI 的 RSI Preparedness Lead Micah Carroll 在 X 上谈及此次事件时表示：在进一步加固系统之前，我们能力最强模型的所有推理仍将保持停止状态。按照目前的官方说法，能力最强模型涉及工具使用的训练、评估和推理，目前全部处于暂停状态。公司需要确认网络漏洞已经被堵住，并完成额外的红队测试后，才会恢复相关工作。这已经是不到三个月里的第二次。今年 7 月，OpenAI 的一批 Agent 曾突破隔离环境，其中数百个 Agent 卷入了针对 Hugging Face 的网络攻击。事故发生后，OpenAI 在 7 月底暂停过约两周训练，并于 8 月公布新安全方案，包括强化沙箱隔离、扩大模型行为监控，以及自动升级和暂停可疑训练任务。一个多月后，新的 Agent 又找到了一条此前没有被注意到的路径。OpenAI 自己也承认，这次事件说明网络限制仍存在缺口。公司已经在两个相互独立的层级增加新的阻断措施，理论上任何一层单独存在，都足以阻止此次 DNS 访问。这次事故的严重程度，比此前 Hugging Face 事件低得多。真正值得注意的是，它发生在 OpenAI 已经花了大量时间重新加固环境之后。 OpenAI 现在还没查清，到底发生过多少次9 月 20 日的 DNS 事件，只是最近这场 Agent 风波中新冒出来的一块拼图。Reuters 9 月 25 日的一篇调查报道披露，距离 Hugging Face 事件已经过去两个月，OpenAI 仍然没有完成对旗下 Agent 越权活动的完整盘点。一名了解情况的人士称，截至 9 月中旬，OpenAI 内部已经发现大约 24 起 Agent 出现不良行为的事件。随着团队继续翻查过去的训练日志，新的案例还在不断出现。这个数字和已经公开的事件也不是一回事。Reuters 统计，在 OpenAI 7 月首次承认 Agent 突破隔离环境之后，两个月内，公司、外部研究者以及受影响机构已经公开披露了超过 15 起不同严重程度的相关事件。OpenAI 自己则表示，目前已经因为不当 Agent 活动通知了数十个第三方。而且这个调查短期内还结束不了。OpenAI 告诉 Reuters，由于需要处理的记录规模很大，全面审查还需要数月。换句话说，我们今天看到的并不是一张已经画完的事故地图。OpenAI 还在往回翻日志。很多任务一开始，只是帮我找个数据更值得注意的是，这些 Agent 很多时候接到的压根不是网络攻击任务。OpenAI 表示，大多数被审查的活动都源自普通研究任务，比如访问公开网站、寻找数据，或者尝试获取一个问题的答案。政府、大学和公共机构的网站之所以频繁出现，是因为模型会把它们判断为更可靠的信息源。问题通常发生在常规路径走不通以后。Reuters 报道称，OpenAI 已确认，其模型曾在研究和训练过程中访问美国证券交易委员会（SEC）和美国人口普查局的网站。OpenAI 表示，目前没有发现未经授权访问、账户被攻破或安全漏洞被利用的证据。另一边，独立 AI 研究机构 Transluce 从公开网络日志里发现了更多异常活动。研究者找到了一批 AI Agent 借助网站扫描服务 urlquery.net 绕过访问限制的记录。这些 Agent 会在普通的数据抓取失败后继续升级手段，包括尝试 SQL 注入、路径遍历等漏洞利用方法。Transluce 找到三个比较明确的案例，目标分别包括 Data USA、新墨西哥大学数字图书馆，以及澳大利亚健康与福利研究院（AIHW）的数据服务。其中 AIHW 和 Data USA 两组活动，被研究人员通过目标、行为模式和时间线，与此前已经被 OpenAI 确认为自家系统的 Agent 群关联起来。Transluce 强调，他们看到的攻击尝试没有证据显示成功，但公开日志并不完整，因此也无法覆盖所有行为。美国教育部的一个民权网站也出现在调查中。Reuters 援引 Transluce 称，一批疑似来自 OpenAI 的 Agent 曾尝试攻击该网站；在更广泛的政府网站探测活动中，研究人员还观察到使用暴露凭证、绕过反机器人措施以及创建虚假账户等手法。这使得问题变得微妙起来。模型可能只是收到一个帮我找到这份数据的目标。当网页打不开、API 拒绝访问、反爬系统挡住请求之后，它开始尝试下一种方法，再尝试下一种。Transluce 在报告里专门强调了一点：这些网络攻击行为并没有局限在网络安全任务中，它们也会工具性地出现在普通的信息检索任务里。这和 9 月 20 日的 DNS 事件几乎是同一种轨迹。Agent 想找一个人。正常搜索没有答案。然后，它开始自己找路。还有 53 张 ChatGPT 用户图片，被发到了外网与此同时，OpenAI 的内部调查又暴露出另一类问题：用户数据。Reuters 披露，OpenAI 已经确认，旗下 Agent 曾将 53 张来自 ChatGPT 用户的图片上传到外部图片托管网站。OpenAI 没有透露这些图片是什么时候被发出去的，也没有说明它们究竟是 AI 生成图片，还是包含真实人物的照片。截至 Reuters 报道时，大部分图片已经被删除，OpenAI 仍在联系托管平台清理剩余内容。这些 Agent 为什么能碰到用户图片？Reuters 援引 OpenAI、前员工和外部研究人员称，原因和模型训练使用的匿名化用户数据有关。用户内容进入训练流程前，会先经过处理，剥离元数据、姓名和联系方式等信息，降低内容重新关联到具体个人的可能性。但三名熟悉 OpenAI 数据处理流程的人士指出，这种办法依旧存在风险：匿名化并不能保证所有个人可识别信息都被完全消除，而这些数据一旦被具备工具能力的 Agent 接触到，就可能在执行任务时流出系统。这给沙箱逃逸又增加了一层含义。过去人们首先担心的是模型从隔离环境出去以后会做什么。现在还要多问一句：它出去的时候，会不会顺手把里面的东西也带出去？更麻烦的是，一些问题几个月后才被发现OpenAI 现在面对的另一道难题，是可观测性。Reuters 援引三名了解情况的人士称，大约 100 人以不同形式参与了 Hugging Face 事件的调查。而不少此前未知的异常行为，就是在这场大规模复盘过程中才逐渐浮出来的。还有很多事情，是外部研究人员先找到的。Reuters 称，一些 Agent 的异常操作发生数月后，OpenAI 才意识到它们的存在。比如本月早些时候，研究人员发现 OpenAI 的 Agent 曾经利用一个几乎废弃的德国 Wiki 网站，把它当作 Agent 之间的“留言板”，分享完成任务时的作弊方法、绕过 OpenAI 限制的技巧，并试图隐藏自己的行为轨迹。内部调查过程本身也引发了一些争议。两名知情人士向 Reuters 描述，这项调查高度隔离，并受到公司律师较大影响。Reuters 此前报道称，调查 Hugging Face 事件的人员曾被律师劝阻，不要把调查范围扩大到其他事件；OpenAI 否认其律师阻止过进一步调查。9 月 16 日，OpenAI 发布了一套新的模型 misalignment 事件披露框架，称以后即便尚无法确定某件事情究竟有多重要，也会倾向于提高透明度。随后几天，更多旧事故就开始一件件浮上水面。OpenAI 第二次决定从头再来对于 9 月 20 日这款模型，OpenAI 已经决定不再继续训练。公司表示，等相关研究工作恢复后，会启动一轮全新的训练，并加入更全面的 alignment 干预措施。即使现有奖励信号实际上已经会惩罚这种绕过网络限制的行为，OpenAI 也不会重新启用这一个模型。这里其实暴露出 Agent 时代一个越来越具体的安全难题。传统的模型安全，很多时候关注的是一句回答：模型有没有输出危险内容，有没有遵守指令。Agent 把问题拉长了。一次任务可能持续几十分钟甚至几小时。模型会搜索、写代码、调用工具、读文件、访问服务，还会在第一次方案失败以后不断尝试第二条、第三条路径。于是开发者需要约束的，也变成了一整条行动链。9 月 20 日这个 Agent 就是很好的例子。OpenAI 封掉了正常互联网访问，搜索服务走离线缓存，HTTP 请求也会被代理拦截。从常规意义看，这已经是一个无法访问公网的环境。但 DNS 还得工作。Agent 找到了它。而同一时间，OpenAI 仍然在翻查过去几个月的日志，确认究竟还有多少类似行为没有被发现。Reuters 对这场调查的总结其实很准确：这些事件正在暴露一个越来越明显的落差——模型执行任务的能力增长得很快，而开发者观察、追踪和约束这些行动的能力，还在追赶。OpenAI 刚刚花了两个月修补上一批漏洞。现在，它又一次暂停训练。下一条被 Agent 自己找到的路，会在哪里？参考资料https://fortune.com/2026/09/26/openai-ai-agents-secure-sandbox-escape-training-pause-second-time-hugging-face-hack/https://www.reuters.com/world/openai-works-understand-full-scope-agent-activity-user-data-leak-emerges-2026-09-25/https://www.newsweek.com/openai-warns-us-government-agencies-of-rogue-activity-12492213?utm_term=Autofeed&utm_medium=Social&utm_source=Twitter#Echobox=1790411554© THE END 转载请联系本公众号获得授权投稿或寻求报道：liyazhou@jiqizhixin.com不喜欢新闻周刊甚至形容AI是在\x26quot;叛变\x26quot;。,,,,pending
从 Computer-Use 到 Robot-Use：一套接口让 VLM 直接「玩转」真实机器人,机器之心,机器之心,"21C API, 发布, lab, 落地",normal,2026-09-27T07:04:44+08:00,,"标题：Show-Harness: Just a VLM Agent Can Play Robots作者：Yanzhe Chen*, Zechen Bai*, Zhijun Cao*, Wenzheng Zeng*, Kevin Qinghong Lin, Yiqi Lin, Guoqiang Liang, Kevin Yuchen Ma, Qiming Huang, Mike Zheng Shou†单位：新加坡国立大学 Showlab项目主页：https://showlab.github.io/Show-Harness/论文链接：https://arxiv.org/abs/2609.10522",http://mp.weixin.qq.com/s?__biz=MzA3MzI4MjgzMw==&mid=2651059850&idx=2&sn=4643c231922253f6510de07e18cfb6a3,,"标题：Show-Harness: Just a VLM Agent Can Play Robots作者：Yanzhe Chen*, Zechen Bai*, Zhijun Cao*, Wenzheng Zeng*, Kevin Qinghong Lin, Yiqi Lin, Guoqiang Liang, Kevin Yuchen Ma, Qiming Huang, Mike Zheng Shou†单位：新加坡国立大学 Showlab项目主页：https://showlab.github.io/Show-Harness/论文链接：https://arxiv.org/abs/2609.10522开源代码：https://github.com/showlab/Show-Harness开源模型：https://huggingface.co/showlab/Show-Harness-VLMs开源数据：https://huggingface.co/datasets/showlab/Show-Harness-Data今天的 Agent 已经能看懂屏幕、理解任务，并通过 click、type、scroll 等鼠标键盘操作来完成数字世界的任务，那么它距离操控真实世界里的机器人，还差什么？过去一段时间，越来越多工作开始尝试让 GPT、Claude、Gemini 等 frontier models 参与真实机器人控制。这背后有一个很直接的判断：当我们讨论具身智能时，常常强调 “具身”，但核心仍然是 “智能”。而今天最强的智能，包括视觉理解、空间推理和任务分解等能力，都逐渐集中到 frontier foundation models 中。问题在于，这些能力并不会自然的变成机器人动作。过去的研究尝试了不同的路线去利用 foundation model。传统的 VLA 往往让模型基于图像和任务指令直接回归连续控制量；另一类系统则让大模型只负责规划，再由独立的控制器完成物理执行。前者需要为不同机器人和数据分布反复适配，后者又拉开了语义决策与实际动作之间的距离。新加坡国立大学 Show Lab 的研究者提出 Show-Harness。这个工作的出发点不是再训练一个更大的机器人策略，而是追问：如果给 foundation model 一个它能够理解、组合并持续校正的物理接口，它已有的智能能否更直接地进入物理世界？图 1：Show-Harness 在不同任务、环境、机器人形态和模型上的真实机器人演示Robot-Use 也需要接口Computer-Use 相关的研究给出了一个很直观的参照。在电脑上，Agent 并不需要输出底层驱动信号；它面对的是 click、type、scroll 等清晰、可组合、能从观察中验证结果的动作接口。模型据此形成 observe → reason → act 的闭环。机器人控制也可以从类似的视角重新理解。真正难的并不只是 “让模型决定一个动作”，而是设计一层接口：它既要让 VLM 能够把视觉和空间理解映射到行动意图，又要足够细粒度，能在真实世界中完成接近、对齐、抓取、放置和修正。Show-Harness 作为专门为具身智能设计的 Embodied Harness，其核心就是这样一套介于模型和机器人控制之间的语义动作接口：对于模型而言，动作是可读、可推理的语义单元；对于机器人而言，动作会由各自的解释器转成受安全边界约束的本地控制命令。图 2：Show-Harness 概览。不同 VLM 通过同一语义接口与不同机器人形态连接不让 VLM 去 “猜” 连续控制量，而是让它持续做细粒度决策Show-Harness 的动作空间包含一组紧凑的语义动作单元。例如，模型可以选择相对于当前参考视角的前后、左右、上下移动，也可以做绕特定轴的旋转、抓取、释放或结束任务。这种表示有两个关键点：语义上可理解。 模型不必直接输出关节或末端位姿数值，而是围绕 “目标在什么方向”“下一步应靠近还是下移”“是否已经对齐” 来决策。这种更明确的语义表达更容易被模型所理解，并在其上进行推理。物理上可落地。 每一个语义单元都对应一个小而有界的物理变化。不同机器人通过各自的动作解释器，把相同的动作意图映射为各自的运动控制目标。因此，模型侧接口不随机器人形态改变；改变具身平台时，系统替换的是底层动作解释器，而不是要求 VLM 重新学习一套面向关节和坐标系的动作语言。对零样本 frontier agent 而言，论文中的跨具身本体的切换仅通过更换机器人底层控制解释器完成。更重要的是，这不是一次性输出长计划再 “盲执行”。Harness 将多视角图像、机器人本体状态、短期动作历史和任务描述组织进循环：模型观察当前状态、分解或更新子任务、做出语义动作，执行后再根据新的视觉与状态反馈继续修正。图 3：Show-Harness 的 perceive–reason–act 闭环。感知、推理与执行模块围绕共享语义接口组织。GUMI：一套 GUI，同时服务人类和 Computer-Use Agent如果语义动作本身可读、可理解、可操作，它就不应只属于模型。Show-Harness 团队进一步构建了 GUMI（GUI-based Manipulation Interface），把同一套机器人语义动作单元呈现为浏览器中的图形控件和键盘快捷键。这形成一个很自然的统一：人类操作者可以通过键盘远程 “玩” 机器人，不需要额外的专用遥操作硬件；Computer-Use agent 可以像操作网页一样操作同一个 GUI 来控制机器人；VLM robot agent 则可以直接预测同一套语义动作，而无需经过 GUI 点击。每一步操作前的观察与被选择的语义动作会被记录成 (observation, action) 数据对。由于动作解释器同时保留相应的低层命令和轨迹，一份 demonstration data 既可用于训练基于 Show-Harness 的动作策略，也可转化为连续控制 policy 的数据；同样的流程还能覆盖单臂、双臂、仿真和真机，并允许人在 agent 执行过程中介入修正。图 4：GUMI 将语义动作做成 GUI。左侧是双臂机器人控制界面，右侧展示 Computer-Use agent 通过浏览器操作同一界面。论文中，团队通过 GUMI 在真实机器人上采集了 164 条遥操数据、约 7.8K 个决策步骤：其中 Franka 为 101 条（5.0K 步），AgileX 为 63 条（2.8K 步）。仿真部分则收集了 230 条遥操数据、13.5K 个决策步骤，覆盖 ManiSkill 与 RoboLab 两个环境。从更高的视角来看，GUMI 不只是一个数据采集工具。它把人类控制、GUI agent 控制和 VLM 直接控制对齐到同一动作语义中，让 “人如何示范”“Agent 如何操作”“模型如何学习” 不再是彼此割裂的三条管线。同一套动作接口，跨模型、跨本体、跨任务这套语义动作接口的目标不是绑定某一个特定的模型，而是成为 foundation model 和物理系统之间的通用层。论文首先从模型、机器人本体和任务三个维度展示了同一接口的适用范围。跨模型。 对闭源 frontier VLM，Show-Harness 无需微调即可进入真实机器人的闭环；对小型开源 VLM，可在同一动作空间上进行轻量适配。论文默认使用 Qwen3.5-2B，仅在语言模型线性层加入 rank-64 LoRA，冻结视觉编码器和多模态投影层，更新约 3% 参数。跨机器人本体。 论文中的实验覆盖 7 自由度的 Franka 和 6 自由度的 AgileX（含双臂场景）。模型面对的是同一套语义动作接口，底层由各平台的动作解释器完成落地。需要强调的是：zero-shot 模式通过更换底层控制解释器切换具机器人本体；轻量后训练模式则使用两种平台收集的 demonstration 数据进行联合训练。跨任务与环境。 真机任务演示从日常 pick-and-place，扩展到陌生物体、背景 / 光照 / 视角 / 干扰物变化、空间推理，以及双臂开抽屉等操作。首图中的擦除文字、双臂折衣服、将笔放入笔筒、切蛋糕等场景，也展示了这套动作抽象可以承载比标准抓放更丰富的任务过程。图 5：真实机器人上的泛化演示，包括新物体、环境变化、空间推理和双臂操作。真机上的三层泛化进一步地，Show-Harness 在真机实验上从跨任务、跨环境、跨本体三个维度来综合评测泛化能力。下表中的 ZS 为零样本 frontier VLM，FT 为轻量后训练的 Qwen3.5-2B；每项为对应设置下的平均成功率。泛化设置ZSFT代表性基线最高值跨任务（10 个物体—容器任务）89%86%57%跨环境（背景、光照、视角、干扰物）100%88%65%跨本体（Franka 与 AgileX）93%87%52%此外，在 sim-to-real 实验中，FT 模式仅使用通过同一界面收集的 230 条仿真示范训练，迁移到真实 Franka 后完成 13/20 次任务；论文中的可训练 VLA 对比方法在该设置下均为 0/20。当然，这些任务成功率的数字并不意味着 “机器人控制已经解决”。更准确的解读是：在论文测试的操作任务与分布变化中，一个语义上足够清晰、物理上足够细粒度的接口，可以让 frontier model 的现有能力更好地转化为可执行的机器人控制，也可以让小模型以较低的成本获得更强的迁移性。图 6：论文对精细控制、旋转外推、动作组合、工作空间变化、多臂协作、推理任务与 in-context learning 的进一步分析。前面的实验展示 Show-Harness 在任务、环境和具身变化下的广泛泛化能力。一个更困难的问题是：Show-Harness 在多大程度上能让 foundation model 适应新的物理与语义需求？为此，如上图所示，团队通过一系列针对性场景考察了两种互补的适应能力：物理适应性，即无需重新训练策略，便能应对运动精度、动作组合、工作空间和具身形态的变化；以及语义适应性，即处理需要推理，或需要从新示范中进行 in-context learning 的任务。图 7：动作命名与物理约定的 2×2 控制变量实验。另一组实验则进一步解释了接口的作用：把直观的动作名称换成 A–F，但保留明确的物理约定，成功率仍达到 95%；只保留语义名称、不解释约定，也能达到 90%；当名称和约定同时移除，成功率则降至 5%。也就是说，语义名称已经能够调用模型已有的空间先验，而明确、稳定的 “符号 — 物理效果” 约定，则是接口完成动作 grounding 的关键。结语：Embodied Harness 是基座模型走向物理世界的接口从 Computer-Use 到 Robot-Use，变化的其实不仅仅是环境：前者操作的是屏幕上的数字对象，后者面对的是存在不确定性、接触和安全约束的物理世界。但相同的是，它们都需要一个模型能够理解、又能把结果反馈回来的交互接口。Show-Harness 提供了一种具体尝试：不是把 foundation model 的智能简单压缩进一组连续控制量，也不让它停在高层规划；而是在模型与机器人之间加入一个 Embodied Harness，把多视角观察、推理、语义决策、具身解释与执行反馈组织为持续闭环。也许未来 Computer Agent 和 Robot Agent 并不是两套完全独立的系统，而是 foundation model 通过不同接口与数字世界、物理世界交互的两种形式。如何设计这些接口，可能会成为把通用智能真正带入具身系统的一项关键工作。延伸阅读：从 Show-Harness 到 Multimodal Embodied Agent在 Show-Harness 之后，Show Lab 团队进一步发布了综述 Survey on Multimodal Embodied Agents: From Computer-Use to Robot-Use，从单个系统进一步放大视野，讨论多模态 Agent 从数字环境走向物理世界时，能力结构与研究问题发生了哪些变化。该综述以 Perceive → Anticipate → Plan → Act → Verify（PAPAV）为统一框架，梳理多模态 Agent、机器人系统及二者走向融合的研究版图；配套的 Awesome Repo 也将持续收录这一快速演进方向中的相关工作。Awesome Repo：https://github.com/showlab/Awesome-Multimodal-Embodied-Agent项目主页：https://showlab.github.io/Awesome-Multimodal-Embodied-Agent/作者信息：本研究由新加坡国立大学 ShowLab 团队主导完成。共一作者 Yanzhe Chen 陈彦哲（博士生）， Zechen Bai 白泽琛（博士生），Zhijun Cao 曹植竣（硕士生）和 Wenzheng Zeng 曾文正（博士生）均来自 ShowLab@NUS，长期聚焦于多模态理解和具身智能相关研究。项目负责人为新加坡国立大学校长青年助理教授 Mike Zheng Shou 寿政。© THE END 转载请联系本公众号获得授权投稿或寻求报道：liyazhou@jiqizhixin.com不喜欢Agent 距离操控真实世界里的机器人，还差什么？",,,,pending
特朗普拒绝伊朗提议，伊朗外长回应,财联社,财联社,21C API,normal,2026-09-27T06:52:53+08:00,,据央视新闻，当地时间27日，伊朗外长阿拉格齐表示，伊朗不会在既定条件上向美国让步，霍尔木兹海峡的开放取决于伊朗提出的条件是否得到满足，任何关于开放霍尔木兹海峡的进展都取决于这些条件能否落实，伊朗绝不会在这些问题上妥协。阿拉格齐表示，伊方已获悉美方对于重开霍尔木兹海峡提议的初步反应，但尚未收到调解方传达的任何具体信息。伊朗正等待调解方转达最终立场，并将据此做出决定。美国总统特朗普当地时间26日称，他拒绝了伊朗提出的重开霍尔木兹海峡的提议。,http://mp.weixin.qq.com/s?__biz=Mzg5MzEyNzEwNQ==&mid=2247854830&idx=1&sn=dcaf80de34f9bc2c4d0e55f8a1a5cf38,,据央视新闻，当地时间27日，伊朗外长阿拉格齐表示，伊朗不会在既定条件上向美国让步，霍尔木兹海峡的开放取决于伊朗提出的条件是否得到满足，任何关于开放霍尔木兹海峡的进展都取决于这些条件能否落实，伊朗绝不会在这些问题上妥协。阿拉格齐表示，伊方已获悉美方对于重开霍尔木兹海峡提议的初步反应，但尚未收到调解方传达的任何具体信息。伊朗正等待调解方转达最终立场，并将据此做出决定。美国总统特朗普当地时间26日称，他拒绝了伊朗提出的重开霍尔木兹海峡的提议。,,,,pending
科技早新闻丨我国AR-E800首次公开展示飞行；“太阳捕手”计划推进,科技日报,科技日报,"21C API, 投资",normal,2026-09-27T06:00:00+08:00,,Cover Story今日封面26日，昆明滇池绿道福保半岛段成片蒲苇迎风摇曳，尽显秋日美景。（来源：视觉中国）S&T News早新闻来了26日，渝万高铁全线控制性工程——石沱长江大桥公路桥顺利合龙。大桥正线全长1416.9米，主桥长1056米。大桥建成通车后将创下四个“世界第一”。>>更多详情（来源：科技日报）图片来源：中铁大桥局据三峡集团26日消息，我国首批首个千万千瓦级“沙戈荒”大型风电光伏基地——库布其中北部新能源基地配套支撑性煤电项目4座间冷塔全部到顶。基地全部建成后，每年可向京津冀送电约400亿千瓦时。（来源：央视新闻）近日，我国自主研制的800公斤级重载电动垂直起降飞行器AR‑E8,http://mp.weixin.qq.com/s?__biz=MzI3NDI5MjI4OQ==&mid=2247899694&idx=1&sn=bb3cd97cfbb6780bbab7d2bdf315e8b8,,Cover Story今日封面26日，昆明滇池绿道福保半岛段成片蒲苇迎风摇曳，尽显秋日美景。（来源：视觉中国）S&T News早新闻来了26日，渝万高铁全线控制性工程——石沱长江大桥公路桥顺利合龙。大桥正线全长1416.9米，主桥长1056米。大桥建成通车后将创下四个“世界第一”。>>更多详情（来源：科技日报）图片来源：中铁大桥局据三峡集团26日消息，我国首批首个千万千瓦级“沙戈荒”大型风电光伏基地——库布其中北部新能源基地配套支撑性煤电项目4座间冷塔全部到顶。基地全部建成后，每年可向京津冀送电约400亿千瓦时。（来源：央视新闻）近日，我国自主研制的800公斤级重载电动垂直起降飞行器AR‑E800完成首次应用场景公开展示飞行。AR‑E800可用于物资投送、应急补给、工程吊运等无人货运场景。本次飞行验证了飞行器的货物运输和投放能力以及相关机载系统的协同性能。（来源：航空工业计算所）图片来源：航空工业计算所26日起，铁路部门对京沪高铁、京沪铁路试点的火车票预约购票服务的可预约日期范围从开车前第60天至第17天，逐步调整为开车前第30天至第17天。旅客可通过铁路12306手机客户端“预约购票”专区填报预约需求。>>更多详情（来源：科技日报）厦门大学团队在钙钛矿太阳能电池研究中取得重要进展，他们提出利用普鲁士蓝框架协同调控钙钛矿的材料形成、缺陷演化、器件运行中的离子迁移与分布，为提升钙钛矿光伏的稳定性提供了新解。相关研究成果近日发表于《科学》。（来源：科技日报）26日，名古屋亚运会女子50米步枪三姿团体决赛，由王子菲、韩佳予、张力元组成的中国队夺得金牌。这是本届亚运会中国代表团获得的第100枚金牌。（来源：央视新闻）9月26日，冠军中国队韩佳予（中）、王子菲、张力元（左）在颁奖仪式上。新华社记者 刘磊 摄当地时间25日，执行“和谐使命-2026”任务的海军“吉祥方舟”号医院船抵达塞内加尔首都达喀尔，开始进行友好访问，这是中国海军医院船首次访问塞内加尔。（来源：央视新闻）图片来源：北海舰队当地时间24日，美国谷歌公司宣布，将在10月1日发射一颗搭载其自研芯片的试验卫星，启动旗下“太阳捕手”计划的首次太空在轨测试。这次发射将搭乘SpaceX猎鹰9号火箭，核心目的是研究能否把支撑人工智能运算的大型算力设备，从地面搬到太空搭建和运行。（来源：央视财经）加拿大政府25日宣布，已同瑞典萨博集团签署初步协议，购买6架“全球眼”预警机。加拿大国防投资局说，该协议为双方后续详细谈判“划定范围并奠定基础”。（来源：央视新闻）美国凯塔利斯特太空科技公司25日表示，该公司研发的航天器LINK未能完成抬升尼尔·格雷尔斯·斯威夫特（又称“雨燕”）天文台轨道的任务，当天脱离轨道并再入地球大气层。（来源：新华社）雨燕天文台概念图。图片来源：NASAHot News热点推荐桂花是秋天标志性的味道。其香气清甜温润，闻着格外治愈。米粒般细碎的桂花，为何能香飘十里？请专家科普一下↓↓编辑：王程玥审核：岳靓不喜欢今天是2026年9月27日,,,,pending
首届哈萨克斯坦—中国投资论坛全纪录,源网荷储创研新视界,源网荷储创研新视界,"21C API, 储能, 储能系统, 签约, partnership, 融资, 投资, 海外, 本地化, 发布",normal,2026-09-27T06:00:00+08:00,,"中哈经贸观察 · 论坛纪实2026年9月25日 · 阿拉木图50份文件 · 82亿美元 · 哈中合作迈入""黄金三十年""当地时间9月25日，首届哈萨克斯坦—中国投资论坛在阿拉木图举行。这是两国关系史上首次由国家元首与两国商界直接对话的高规格平台，由哈萨克斯坦国家投资公司（KAZAKH INVEST）主办、哈外交部投资委员会支持，约600名政商界代表与会，其中中哈企业约300家。论坛共促成约50份商业文件交换，总额超82亿美元，其中10份、54亿美元在托卡耶夫总统见证下签署。▲ 托卡耶夫总统出席开幕式并致辞一、总统致辞：中哈关系进入""新的黄金三十年""托卡耶夫在开幕式上表示，在习近平主席""个人关注与",http://mp.weixin.qq.com/s?__biz=Mzk2NDIxNjM2NA==&mid=2247490839&idx=1&sn=e2208d98d13fb3a67f6304ac52e9cbdd,,"中哈经贸观察 · 论坛纪实2026年9月25日 · 阿拉木图50份文件 · 82亿美元 · 哈中合作迈入""黄金三十年""当地时间9月25日，首届哈萨克斯坦—中国投资论坛在阿拉木图举行。这是两国关系史上首次由国家元首与两国商界直接对话的高规格平台，由哈萨克斯坦国家投资公司（KAZAKH INVEST）主办、哈外交部投资委员会支持，约600名政商界代表与会，其中中哈企业约300家。论坛共促成约50份商业文件交换，总额超82亿美元，其中10份、54亿美元在托卡耶夫总统见证下签署。▲ 托卡耶夫总统出席开幕式并致辞一、总统致辞：中哈关系进入""新的黄金三十年""托卡耶夫在开幕式上表示，在习近平主席""个人关注与坚定支持""下，双边关系达到前所未有的水平，哈中合作在""新的黄金三十年""呈现全面态势：中国是哈萨克斯坦最大贸易伙伴，去年双边贸易额创纪录接近500亿美元，两国政府正推动提升至1000亿美元；中国累计对哈投资超290亿美元，在哈中资企业9000余家——约占在哈外资企业的七分之一。托卡耶夫介绍了哈方的制度安排：两国投资保护协定已获批，互免签证便利工商往来；哈国宪法新规为投资提供法律保障，并在总检察院下设投资者权益保护委员会，由总检察长出任""投资监察专员""。六大合作要点：①交通物流——连云港至阿克套物流枢纽网络已成形，""中间走廊""列为优先事项，预计2029年中欧班列达3000列；咸海—里海公路8月开工，莫因特—克孜勒扎尔等铁路即将建成，国家货运航空Alatau Air Cargo已开航，本周阿拉木图—重庆直航首飞；②工业合作——已形成260个大型联合项目、总额超620亿美元的项目组合，覆盖阿拉木图汽车集群、卡拉干达硅产业、储能系统等；③农业——阜丰、利华等龙头企业打造玉米深加工与棉纺垂直集群；④矿冶——铀、铜、金、关键矿产与稀土领域开放合作；⑤数字化——哈国加入世界人工智能合作组织，计划在首都开设首所哈中人工智能学校；⑥金融——AIFC（阿斯塔纳国际金融中心）承载数字经济基础设施。托卡耶夫提议将该论坛固定为每年9月在阿拉木图举办的""哈中阿拉木图投资对话""，并以中国谚语""人心齐，泰山移""作结。二、签约成果：总统见证的10份文件（54亿美元）在总统见证下交换的10份文件包括：① 阿拜州年产30万吨电解铝厂及配套1GW风电场（新疆三宝+内蒙古万江联合体）② 塞梅伊年产200万张刨花板厂（同一联合体）③ 泽蒂苏州1000MW可再生能源项目：2×500MW风电+300MWh储能+约800公里500千伏输电线（Samruk-Energo×中国能源海外投资×三一重能）④ AIFC专项投资基金（KAZAKH INVEST×丝路金融公司）⑤ 阿克莫拉州450MW风电（阳光电源）⑥ 东哈州全流程高科技汽车制造综合体⑦ 突厥斯坦州尿素化肥厂⑧ 阿拉木图市点心债发行合作（国泰君安香港）⑨ 阿拉木图多功能综合体+国际品牌酒店（Everest Development×SunnyWorld）⑩ 哈萨克斯坦开发银行与中国建设银行阿斯塔纳分行融资合作KAZAKH INVEST董事长金扎库洛夫总结：""今天我们迈向质的全新合作层级——优先给到真实生产、本地化与技术转移项目，而非简单的商品供应。""论坛数据显示：2025年哈中贸易额487亿美元、十年增长4.5倍；中国对哈直接投资2025年达28亿美元创纪录，占哈FDI比重从6.7%（2005）升至13.8%；中欧陆路货运约85%经哈萨克斯坦过境。▲ 论坛主会场现场三、三大专题与投资展亮点论坛商务议程设三场专题会：""一带一路：新经济走廊体系中的哈中""（交通物流）、""工业合作：从资源到深加工与高科技制造""、""数字经济与金融：面向未来的投资基础设施""（AIFC、银行与科技企业）。欧亚资源集团（ERG）等哈方龙头企业同期举办工业合作专场。投资展上，优必选（UBTECH）宣布在阿拉木图建设其中国境外首个人形机器人制造厂，并与哈方探讨机器人在阿拉套新城的场景应用；Astana Motors×奇瑞推进OMODA/JAECOO本地化生产；Allur×理想汽车在库斯塔奈本地化生产；BeOne医药本地化肿瘤药；阜丰集团在扎姆贝州建设中亚最大玉米深加工综合体；圆通打造阿拉木图SkyHub物流枢纽等。论坛最后以中哈企业B2B对接会收尾。◈ 总统一天三次点名""阿拉套新城""托卡耶夫在演讲中专门表示：""阿拉套新城正在成为哈中富有成效的技术合作的生动体现""（Alatau City is becoming a vivid embodiment of our productive technological partnership）。据中国新闻网报道，总统还表示，正在建设中的阿拉套新城""体现了哈中技术合作的成果，哈方希望将这座新城打造为连接中国、中亚国家和欧洲国家的区域性经贸中心""。同日，据总统府官网发布的会见公报，托卡耶夫在会见香港中华总商会会长蔡冠深时，进一步将""参与发展阿拉套新城""（participation in the development of Alatau City）与人工智能、数字技术、金融基础设施、工业合作并列为双方前景合作方向。阿拉套（Alatau City）为哈萨克斯坦以专门宪法法律设立的新城，规划面积880平方公里，定位零碳智慧城市与区域数字枢纽，投资池已聚集67个项目、约69亿美元。本届论坛上，这座新城被总统明确纳入哈中合作的战略叙事。◈ 中哈全球零碳创新研究院 · 在阿拉套中哈全球零碳创新研究院聚焦绿色能源、算电协同与零碳数字经济，是阿拉套零碳智慧新城建设与投资的深度参与方。研究院中方高层应邀出席本届论坛系列重要活动，相关合作进展将适时重大发布。▲ 会场内哈中两国国旗交相辉映从上海圆桌到阿拉木图论坛，从""最大贸易伙伴""到""黄金三十年""，再到每年9月的常设对话机制——哈中经贸合作正在完成从贸易到产业、技术、金融全面嵌入的升级。82亿美元只是起点，真正值得关注的是：两国商界第一次拥有了与国家元首直接对话的制度化平台。综合来源（点击可查）：· 哈萨克斯坦总统府官网·总统演讲全文：英文原文 ｜ 俄文原文· 哈国家投资公司官方通稿（签约明细）：KAZAKH INVEST· 新华社 ｜ 中国新闻网 ｜ 央视新闻 ｜ 人民网 ｜ 环球网中哈全球零碳创新研究院·绿色能源 × 算电协同 × 数字经济不喜欢总统致辞：中哈关系进入\x26quot;新的黄金三十年\x26quot;",,,,pending
山东轻合金牵头攻关高速列车铝型材关键技术成果达到国际先进水平,铝途有你,铝途有你,"21C API, 可靠性",normal,2026-09-27T02:05:57+08:00,,近日，中国有色金属学会组织召开科技成果评价会。由山东轻合金牵头完成的“高速列车用超大断面铝合金型材关键性能提升技术研发与应用”项目，经中国有色金属工业协会、知名高校及企业相关专家组成的评审组质询答疑、资料审查和集体研讨等多轮审定，项目成果整体技术达到国际先进水平，其中超大断面薄壁高精铝型材全过程精准控制等温挤压技术达到国际领先水平。该项目立足“交通强国”战略需求，突破了超大断面薄壁超长铝型材高精度成型、强韧化与耐蚀性协同提升、高效低变形焊接等核心难题，填补了国内外轨道交通领域在超大断面薄壁高精铝合金型材成型及服役性能保障方面的工程化技术空白，实现了核心技术与核心材料的双向自主可控。相关技术与产,http://mp.weixin.qq.com/s?__biz=Mzg3NDYxMTQzNQ==&mid=2247698605&idx=3&sn=6a860edf24c0a4cfc285fefac2ecbf2b,,近日，中国有色金属学会组织召开科技成果评价会。由山东轻合金牵头完成的“高速列车用超大断面铝合金型材关键性能提升技术研发与应用”项目，经中国有色金属工业协会、知名高校及企业相关专家组成的评审组质询答疑、资料审查和集体研讨等多轮审定，项目成果整体技术达到国际先进水平，其中超大断面薄壁高精铝型材全过程精准控制等温挤压技术达到国际领先水平。该项目立足“交通强国”战略需求，突破了超大断面薄壁超长铝型材高精度成型、强韧化与耐蚀性协同提升、高效低变形焊接等核心难题，填补了国内外轨道交通领域在超大断面薄壁高精铝合金型材成型及服役性能保障方面的工程化技术空白，实现了核心技术与核心材料的双向自主可控。相关技术与产品已广泛覆盖高速磁浮、高铁、城际、城轨等全谱系轨道交通装备，并在多场景、跨领域、国内外实现规模化推广应用，印证了该项技术的先进性、可靠性与工程适用性，为我国高端轨道交通装备走出国门、引领全球行业发展提供了核心工程支撑。,,,,pending
中亚绿电铝将再添一子！中企联合体15亿美元布局哈萨克斯坦30万吨630KA电解铝项目,铝途有你,铝途有你,"21C API, 投产, 框架协议, 合作协议, 投资, 海外布局, 海外, 出海",normal,2026-09-27T02:05:57+08:00,,据俄罗斯pravda.ru9月25日报道，哈萨克斯坦阿拜州政府与由内蒙古万江投资集团、新疆三宝实业集团组成的中企联合体正式签署框架合作协议，将在当地同步建设30万吨电解铝厂、配套1GW风电场以及一座刨花板工厂，整体总投资达15亿美元。 早在今年6月，阿拜州州长就已经和万江集团签署合作备忘录，敲定30万吨铝制品厂合作意向，本次框架协议的签署标志着项目向前迈出关键一步。根据规划，电解铝板块投资约10亿美元，将采用630kA节能预焙电解槽技术，配套阳极组装、破碎等完整生产设施；为解决高耗能用电需求，项目同步配套1GW风电，以绿电供给电解铝生产，降低碳排放压力。项目计划2027年3月开工建设，预计20,http://mp.weixin.qq.com/s?__biz=Mzg3NDYxMTQzNQ==&mid=2247698605&idx=2&sn=1b14e180bc3178e0c1f3810659d934ff,,据俄罗斯pravda.ru9月25日报道，哈萨克斯坦阿拜州政府与由内蒙古万江投资集团、新疆三宝实业集团组成的中企联合体正式签署框架合作协议，将在当地同步建设30万吨电解铝厂、配套1GW风电场以及一座刨花板工厂，整体总投资达15亿美元。 早在今年6月，阿拜州州长就已经和万江集团签署合作备忘录，敲定30万吨铝制品厂合作意向，本次框架协议的签署标志着项目向前迈出关键一步。根据规划，电解铝板块投资约10亿美元，将采用630kA节能预焙电解槽技术，配套阳极组装、破碎等完整生产设施；为解决高耗能用电需求，项目同步配套1GW风电，以绿电供给电解铝生产，降低碳排放压力。项目计划2027年3月开工建设，预计2028年12月实现竣工投产。 除此之外，联合体还将在塞梅伊布局年产200万张刨花板工厂，投资额1.72亿美元，生产原料主要利用火灾木、风倒木、不合格木材等非健康森林资源，实现林业废弃物资源化利用。 投资方方面，内蒙古万江为民营综合集团，业务覆盖煤炭、热电、新能源与工程建设；新疆三宝深耕中亚外贸与海外EPC业务多年，具备丰富的境外工程实施经验。 值得注意的是，当前哈萨克斯坦已经与多家中国企业签署电解铝相关意向协议，但大多仍处在前期筹备阶段，尚未正式开工。东方希望库斯塔奈‑阿克托别大型氧化铝‑电解铝项目规划体量更大，一期规划200万吨氧化铝+100万吨电解铝，目前仍处于矿权勘探阶段，预计试产时间约在2028年。随着国内能耗管控趋严，国内铝企出海寻求绿电资源已成趋势，中亚有望成为中国电解铝海外布局的重要热土。铝途有你整理,,,,pending
中美达成八点成果共识,铝途有你,铝途有你,21C API,normal,2026-09-27T02:05:57+08:00,,当地时间9月23日至25日，中国国家主席习近平对美国进行国事访问。其间，两国元首就中美建设性战略稳定关系及重大国际地区问题深入交换意见，达成八点成果共识，包括：一、双方同意构建“基于尊重、公平、对等的中美建设性战略稳定关系”。二、双方同意相互支持对方办好亚太经合组织（APEC）领导人非正式会议和二十国集团（G20）领导人峰会。两国元首有意出席对方主办的会议。三、两国元首同意伊朗应履行不发展核武器的承诺，任何国家或机构都不得对国际水道征收通行费。四、两国元首忆及中国和美国是二战盟友，并肩作战赢得战争胜利。五、两国元首认可中美经贸磋商机制积极作用和双方经贸团队磋商成果，包括建立并推进贸易理事会等机,http://mp.weixin.qq.com/s?__biz=Mzg3NDYxMTQzNQ==&mid=2247698605&idx=5&sn=dceabac777c5a6f7009fed0a30a4e4dc,,当地时间9月23日至25日，中国国家主席习近平对美国进行国事访问。其间，两国元首就中美建设性战略稳定关系及重大国际地区问题深入交换意见，达成八点成果共识，包括：一、双方同意构建“基于尊重、公平、对等的中美建设性战略稳定关系”。二、双方同意相互支持对方办好亚太经合组织（APEC）领导人非正式会议和二十国集团（G20）领导人峰会。两国元首有意出席对方主办的会议。三、两国元首同意伊朗应履行不发展核武器的承诺，任何国家或机构都不得对国际水道征收通行费。四、两国元首忆及中国和美国是二战盟友，并肩作战赢得战争胜利。五、两国元首认可中美经贸磋商机制积极作用和双方经贸团队磋商成果，包括建立并推进贸易理事会等机制，达成“300亿美元”对等降税安排，延期吉隆坡经贸磋商成果等，并指示予以落实。六、中美禁毒执法部门合作取得可视化成果。近期，双方密切合作，联合破获多起涉新精神活性物质及前体化学品案件，在两国抓获数十名相关犯罪嫌疑人。七、双方同意建立中美人工智能对话，交流人工智能相关风险和惠益。下次对话将于今年11月举行。双方同意建立人工智能事件的沟通渠道。八、美方欢迎中方租借给美国亚特兰大动物园的一对大熊猫抵美。此外，中美两军还同意尽快签署加强危机沟通与预防的谅解备忘录，继续合作搜寻在华美军失踪人员遗骸。来源：央视新闻,,,,pending
中国五矿，再签一约！,铝途有你,铝途有你,"21C API, 战略合作, 合作协议, 签约, 融资, 实验室, 落地",normal,2026-09-27T02:05:57+08:00,,9月23日，中国五矿与东北大学在沈阳签署全面战略合作协议。中国五矿党组副书记、董事、总经理朱可炳与中国工程院院士、东北大学校长冯夏庭共同见证并座谈。中国五矿党组成员、副总经理程永与东北大学党委常委、副校长王强代表双方签约。座谈现场朱可炳感谢东北大学长期以来对中国五矿的大力支持，介绍了中国五矿整体情况及双方合作历史。他表示，中国五矿深入贯彻落实习近平总书记对中央企业工作作出的重要指示精神，持续深耕金属矿产、冶金建设、科技产业、贸易物流、金融资本、地产开发‌六大业务板块，坚定不移地走高水平科技自立自强之路，着力推动科技创新与产业创新深度融合。东北大学优势学科与中国五矿主责主业高度契合，长期以来在联,http://mp.weixin.qq.com/s?__biz=Mzg3NDYxMTQzNQ==&mid=2247698605&idx=8&sn=a07c9dc47c4d62f629ed2c2777580991,,9月23日，中国五矿与东北大学在沈阳签署全面战略合作协议。中国五矿党组副书记、董事、总经理朱可炳与中国工程院院士、东北大学校长冯夏庭共同见证并座谈。中国五矿党组成员、副总经理程永与东北大学党委常委、副校长王强代表双方签约。座谈现场朱可炳感谢东北大学长期以来对中国五矿的大力支持，介绍了中国五矿整体情况及双方合作历史。他表示，中国五矿深入贯彻落实习近平总书记对中央企业工作作出的重要指示精神，持续深耕金属矿产、冶金建设、科技产业、贸易物流、金融资本、地产开发‌六大业务板块，坚定不移地走高水平科技自立自强之路，着力推动科技创新与产业创新深度融合。东北大学优势学科与中国五矿主责主业高度契合，长期以来在联合科技攻关、共建创新平台、高层次人才合作等方面形成全方位、多层次合作格局。希望双方以此次签约为新起点，进一步协同开展关键核心技术攻关、推动创新成果转移转化、深化培育高层次工程技术人才和国际化人才，共同服务国家发展战略落地，打造校企合作新篇章。冯夏庭对中国五矿长期以来给予东北大学的信任支持表示感谢，高度认同朱可炳提出的合作思路与发展建议，并介绍了东北大学学科设置及发展情况。他表示，东北大学始终围绕国家重大战略需求、战略性新兴产业发展方向，在冶金工程、控制科学与工程、矿业等重点领域积淀深厚，能够精准对接中国五矿深地深海深空和战略性矿产资源高效开发、金属新材料研发等产业领域创新发展需求。希望双方持续推动创新成果转化落地，在人才供需对接和联合培养、教育培训等领域加深合作，更好助力中国五矿主责主业高质量发展。座谈前，双方共同参观深部金属矿智能开采与装备全国重点实验室、流程工业综合自动化全国重点实验室。东北大学有关负责人，中国五矿相关部门及企业负责人参加座谈。来源：中国五矿,,,,pending
跌！LME价格！（2026.9.27,铝途有你,铝途有你,21C API,normal,2026-09-27T02:05:57+08:00,,,http://mp.weixin.qq.com/s?__biz=Mzg3NDYxMTQzNQ==&mid=2247698605&idx=4&sn=bbf27ca5d3d8fb5894ad3002baf7ae33,,,,,,pending
一条产业链上的“百强方阵”：霍林郭勒循环经济的进阶之路,铝途有你,铝途有你,"21C API, 比亚迪, 宁德时代, 供电, 装机, 产能, 投产, 融资, 政策, 发布, 落地",normal,2026-09-27T02:05:57+08:00,,近日，2026年内蒙古自治区民营企业百强、民营制造业五十强榜单正式发布，霍林郭勒市5家企业入选自治区民营企业百强，3家企业跻身自治区民营制造业五十强。内蒙古锦联铝材有限公司、内蒙古创源金属有限公司、内蒙古联晟新能源材料有限公司、内蒙古元旺金属科技有限公司、内蒙古源源能源集团有限责任公司成功上榜。霍林郭勒市民营企业体量持续做大、综合实力稳步增强，上榜企业数量与整体规模位居通辽市各旗县市区首位。上榜企业名单展现出清晰的共性，即5家企业并非“孤岛型”市场主体，它们全部生长在霍林郭勒“煤—电—铝—铝后加工”的循环经济产业链条之上。一条链，培育起这座城市民营经济的“百强方阵”。铝基新材料的“链上生长”铝,http://mp.weixin.qq.com/s?__biz=Mzg3NDYxMTQzNQ==&mid=2247698605&idx=1&sn=e0a252b04362a2930187ea04e6ace67f,,近日，2026年内蒙古自治区民营企业百强、民营制造业五十强榜单正式发布，霍林郭勒市5家企业入选自治区民营企业百强，3家企业跻身自治区民营制造业五十强。内蒙古锦联铝材有限公司、内蒙古创源金属有限公司、内蒙古联晟新能源材料有限公司、内蒙古元旺金属科技有限公司、内蒙古源源能源集团有限责任公司成功上榜。霍林郭勒市民营企业体量持续做大、综合实力稳步增强，上榜企业数量与整体规模位居通辽市各旗县市区首位。上榜企业名单展现出清晰的共性，即5家企业并非“孤岛型”市场主体，它们全部生长在霍林郭勒“煤—电—铝—铝后加工”的循环经济产业链条之上。一条链，培育起这座城市民营经济的“百强方阵”。铝基新材料的“链上生长”铝基新材料产业的蓬勃发展，离不开锦联铝材、创源金属等企业的强力支撑。锦联铝材现已建成投产电解铝产能105万吨，实现火电装机2380MW，电解铝项目建设过程全部采用国际先进装备技术，2015年铝厂获批国家工信部智能制造示范项目。创源金属锚定“煤—电—铝—铝加工” 核心主线，将“风—光—火”多能互补理念嵌入产业链条，其电解铝烟气超低排放技术获“中国有色金属工业科学技术一等奖”等多项荣誉。在产业链下游铝精深加工领域，联晟新能源、元旺金属是代表性企业。联晟新能源深耕铝精深加工赛道，产品涵盖新能源电池铝箔、食品医药包装铝箔、空调铝箔等多个品类，电池箔已进入宁德时代、比亚迪等头部企业供应链。元旺金属以铝合金电工圆铝杆生产为主，将产业链延伸至电力传输材料领域。元旺金属本身是山东创新集团成员企业，与同属创新集团旗下的创源金属形成业务协同，依托集团内部产业布局，实现电解铝到铝加工环节紧密的上下游联动。铝基新材料是霍林郭勒的主导产业，当地绿色铝基新材料产业集群已获批“自治区级先进制造业集群”。从上游能源供给、电解铝冶炼，再到下游精深加工，完备的产业链条，为民营企业培育了良好的产业发展沃土。2026年5家企业跻身自治区民企百强，既是这条循环产业链高效运转、营商环境不断提质、政企双向协同发力结出的硕果，也是霍林郭勒建设“中国·绿电铝之城”取得的重要成效。循环经济链上的“答案”5家民企同步跻身百强榜单看似偶然，实则是霍林郭勒四十余年产业迭代演进的必然。霍林郭勒是一座“因煤而建、缘铝而兴”的城市，过去产业结构呈现“一煤独大”的特征。如今，“煤—电—铝—铝后加工”产业链已经成型，城市产业发展朝着绿色化、集群化、高端化方向加速迈进。霍林郭勒市委书记嵇海洋在 2026（第七届）中国铝工业高质量发展大会宣传推介时说，“霍林郭勒原铝产能占全国的6.5%、全区的50%，就地转化率高达90%。”这个“90%”的背后，就是循环经济的核心逻辑，不让任何环节的资源“掉链子”。 煤炭就地转化为电力，电力直供电解铝生产，铝水不落地直送下游加工企业，加工废料再回到产业链起点，每一个环节的产出，都是下一环的投入。在此基础之上，霍林郭勒大力推进“风—光—火”多能互补体系建设，促进清洁能源与铝产业深度耦合，让绿电逐步转变为产业竞争的硬核实力。从“煤—电—铝—铝后加工”的产业循环，再到“风—光—火”多能互补的能源循环，霍林河的循环经济走上了一条进阶之路。循环经济的不断演进，也对民营经济服务保障提出更高要求。霍林郭勒市工商联充分发挥桥梁纽带作用，常态化走访对接市场主体，精准收集民营企业在政策获取、融资对接、产学研合作、市场拓展等方面的现实诉求，持续畅通政企沟通渠道；同时积极引导民营企业践行绿色发展理念，投身绿色工厂、绿色产品、绿色供应链创建，支持企业在新能源电池铝箔、电工圆铝杆、低碳铝材料等新赛道开拓市场。当一条产业链能够持续孕育出自治区级百强民营企业，“循环”就不再只是一个概念，而是一种实实在在的竞争力。（图片来源：吴金国）资源再生,,,,pending
废旧轨道车厢回收利用及再制造项目签约落地，新能海陆空循环再生版图再添新实践,铝途有你,铝途有你,"21C API, 签约, 融资, 项目落地, 落地",normal,2026-09-27T02:05:57+08:00,,9月23日，2026中国民营企业投融资洽谈会配套活动——绿色低碳循环产业政企合作专场在万丽天津宾馆举行。天津新能再生资源有限公司董事长张文勇受邀出席活动，与中国商业联合会、天津市有关部门、产业企业、商协会及金融机构代表齐聚一堂，围绕绿色低碳循环产业发展交流洽谈，共话产业合作新机遇。活动现场，子牙经开集团分别与中资环设备公司、天津轨道交通集团、新能公司完成签约，废旧轨道车厢回收利用及再制造项目正式落地。“园区产业链配套完善，项目应用场景丰富，与企业的发展诉求高度契合。”董事长张文勇表示，项目落地后，将推动轨道交通装备实现资源化、绿色化再利用，并带动上下游配套企业协同发展。从报废汽车、退役飞机，到,http://mp.weixin.qq.com/s?__biz=Mzg3NDYxMTQzNQ==&mid=2247698605&idx=6&sn=2c61a988cf8ea464f617e672c5e66ee4,,9月23日，2026中国民营企业投融资洽谈会配套活动——绿色低碳循环产业政企合作专场在万丽天津宾馆举行。天津新能再生资源有限公司董事长张文勇受邀出席活动，与中国商业联合会、天津市有关部门、产业企业、商协会及金融机构代表齐聚一堂，围绕绿色低碳循环产业发展交流洽谈，共话产业合作新机遇。活动现场，子牙经开集团分别与中资环设备公司、天津轨道交通集团、新能公司完成签约，废旧轨道车厢回收利用及再制造项目正式落地。“园区产业链配套完善，项目应用场景丰富，与企业的发展诉求高度契合。”董事长张文勇表示，项目落地后，将推动轨道交通装备实现资源化、绿色化再利用，并带动上下游配套企业协同发展。从报废汽车、退役飞机，到轨道交通装备循环利用，新能将不断探索再生资源产业与更多应用场景的融合，持续拓宽海陆空循环再生版图，为绿色低碳循环产业发展注入新动能。来源：静海融媒,,,,pending
总投资5亿元！监利这个大项目投产在即：新建20条光伏铝型材生产线、10条全自动光伏边框生产线及1条铝型材表面处理生产线！,铝途有你,铝途有你,"21C API, 产能, 投产, 达产, 投资, 政策, 项目落地, 落地",normal,2026-09-27T02:05:57+08:00,,冶金信息网重大项目是拉动工业经济增长、推动产业提质升级的核心引擎。眼下，监利市生态铝产业集群重点项目——湖北南桂装备制造有限公司10万吨铝制品加工扩建项目正加快建设进度，部分设备已进场调试、进入试运行阶段。湖北南桂装备制造有限公司10万吨铝制品加工扩建项目车间内，工人正在抓紧生产。 （徐美平 摄）该扩建项目总投资5亿元，严格遵循清洁生产标准，实现产业提质增效与生态环保协同发展。针对园区传统铝加工产品同质化竞争突出的问题，企业主动调整产业布局，将生产重心从传统建筑铝型材，转向高附加值的新能源光伏配套产品。项目新建20条光伏铝型材生产线、10条全自动光伏边框生产线及1条铝型材表面处理生产线，设计年,http://mp.weixin.qq.com/s?__biz=Mzg3NDYxMTQzNQ==&mid=2247698605&idx=7&sn=e0f1131b5a2a9e7ca38730c984c9404f,,冶金信息网重大项目是拉动工业经济增长、推动产业提质升级的核心引擎。眼下，监利市生态铝产业集群重点项目——湖北南桂装备制造有限公司10万吨铝制品加工扩建项目正加快建设进度，部分设备已进场调试、进入试运行阶段。湖北南桂装备制造有限公司10万吨铝制品加工扩建项目车间内，工人正在抓紧生产。 （徐美平 摄）该扩建项目总投资5亿元，严格遵循清洁生产标准，实现产业提质增效与生态环保协同发展。针对园区传统铝加工产品同质化竞争突出的问题，企业主动调整产业布局，将生产重心从传统建筑铝型材，转向高附加值的新能源光伏配套产品。项目新建20条光伏铝型材生产线、10条全自动光伏边框生产线及1条铝型材表面处理生产线，设计年产铝制品10万吨。目前，设备进场安装进度达80%，全面采用智能化、自动化生产体系，技改升级成效显著。“智能化设备改造后，生产效率提升30%以上。”南桂铝业集团设备部部长赵世登介绍，以往年产10万吨铝制品需要800名工人，如今依托全智能生产线，仅需300人即可完成同等产能，大幅节约人力成本、提升生产精度。依托监利雄厚的玻铝产业基础和完善的园区配套优势，该项目精准锚定新能源光伏赛道，有效破解行业同质化发展瓶颈，推动本地玻铝产业从低端加工制造向新能源高端配套产业迈进。在“双碳”政策加持下，光伏市场持续扩容，项目落地将进一步释放“中国铝型材特色产业园”集群优势。项目全面达产后，可实现年销售收入30亿元、年上缴税金近3000万元，持续稳定提供优质就业岗位。赵世登表示，项目不仅补齐企业光伏铝制品产能短板，更完善监利生态铝全产业链布局，推动园区企业错位发展、互补共赢，为全市实体经济提质增效、工业产业迭代升级注入强劲动力。,,,,pending
伊朗总统：不再信任同美国的对话,财联社,财联社,21C API,normal,2026-09-27T00:14:21+08:00,,据央视新闻援引伊朗方面26日消息，伊朗总统佩泽希齐扬在接受采访时表示，鉴于每一轮谈判后美国都会发动袭击并实施制裁，伊朗不再信任与美国的对话。佩泽希齐扬透露，卡塔尔和巴基斯坦目前正在伊朗与美国之间进行斡旋。谈判基于此前同美国签署的谅解备忘录，“美方必须就此表明立场”。在回答是否可能同美国总统特朗普举行会晤的问题时，佩泽希齐扬说：“我为什么要与美国总统会面？目的何在？当初我们签署协议，他们却未能履行承诺。”佩泽希齐扬强调，霍尔木兹海峡问题只有通过谈判才能解决，而非动用武力。“当各条通道对伊朗关闭时，关闭霍尔木兹海峡是自然反应。”佩泽希齐扬还说，他曾两次同伊朗最高领袖穆杰塔巴·哈梅内伊见面，第一次会,http://mp.weixin.qq.com/s?__biz=Mzg5MzEyNzEwNQ==&mid=2247854821&idx=1&sn=b044aa5eda5e0c38a6852a40c05f9f37,,据央视新闻援引伊朗方面26日消息，伊朗总统佩泽希齐扬在接受采访时表示，鉴于每一轮谈判后美国都会发动袭击并实施制裁，伊朗不再信任与美国的对话。佩泽希齐扬透露，卡塔尔和巴基斯坦目前正在伊朗与美国之间进行斡旋。谈判基于此前同美国签署的谅解备忘录，“美方必须就此表明立场”。在回答是否可能同美国总统特朗普举行会晤的问题时，佩泽希齐扬说：“我为什么要与美国总统会面？目的何在？当初我们签署协议，他们却未能履行承诺。”佩泽希齐扬强调，霍尔木兹海峡问题只有通过谈判才能解决，而非动用武力。“当各条通道对伊朗关闭时，关闭霍尔木兹海峡是自然反应。”佩泽希齐扬还说，他曾两次同伊朗最高领袖穆杰塔巴·哈梅内伊见面，第一次会面持续了约三个小时，第二次长达七个半小时。提到也门胡塞武装与沙特阿拉伯之间的冲突，佩泽希齐扬说，伊朗可以协助解决沙特与也门胡塞武装之间的争端，伊朗不会成为挑起战争的人。,,,,pending
硅碳负极企业，获得新一轮融资,DT新材料,DT新材料,"RIOnews API, 新材料, 复合材料, 负极材料, 电解液, 合作进展, 融资, 投资, 学术研究, 大学, 教授, 技术进展, 制备工艺, 合成工艺",normal,2026-09-27T00:01:00+08:00,,【DT新材料】获悉，近日，合肥启宸新能科技有限公司（下称：启宸新能）成功完成新一轮融资。公司主要产品为硅碳负极材料，已具备量产能力。创始人孙毅是中国科学技术大学博士，合肥工业大学副教授，长期从事碳基储能材料、锂离子电池负极材料的基础研究与产业化转化工作。2024年，依托合肥工业大学智能制造研究院的平台，创办启宸新能。启宸新能拥有四大核心技术，其中，多孔碳前驱体微区调控技术，通过孔道调控、异原子掺杂技术，制备三维多孔导电碳骨架，这个碳骨架内部有大量可控的微小孔洞，一方面可以导电，另一方面孔洞空间可以容纳硅充电时的体积膨胀，起到缓冲保护作用，从结构层面缓解硅膨胀带来的材料破坏。纳米硅均匀沉积与非晶,http://mp.weixin.qq.com/s?__biz=MzI4MzI5MTY3Ng==&mid=2247642231&idx=5&sn=b7a286ea88c3a56628efe8ab74f71f0d,,【DT新材料】获悉，近日，合肥启宸新能科技有限公司（下称：启宸新能）成功完成新一轮融资。公司主要产品为硅碳负极材料，已具备量产能力。创始人孙毅是中国科学技术大学博士，合肥工业大学副教授，长期从事碳基储能材料、锂离子电池负极材料的基础研究与产业化转化工作。2024年，依托合肥工业大学智能制造研究院的平台，创办启宸新能。启宸新能拥有四大核心技术，其中，多孔碳前驱体微区调控技术，通过孔道调控、异原子掺杂技术，制备三维多孔导电碳骨架，这个碳骨架内部有大量可控的微小孔洞，一方面可以导电，另一方面孔洞空间可以容纳硅充电时的体积膨胀，起到缓冲保护作用，从结构层面缓解硅膨胀带来的材料破坏。纳米硅均匀沉积与非晶限域技术，将纳米硅均匀沉积在多孔碳骨架内部，让硅被限制在碳骨架的孔洞之中，形成非晶限域结构。碳层包覆复合技术，在硅碳复合材料的最外层包覆一层碳层，一方面提升材料整体导电性能，让锂离子迁移更快，实现更高倍率充放电；另一方面隔绝电解液直接接触硅材料，减少副反应，提升电池循环寿命，提升电池的安全性。材料规模化制备工艺技术，公司开发适配中试和量产的合成工艺，解决批次一致性问题，保证每一批次硅碳负极材料的性能稳定，降低产业化成本。不喜欢品牌推广、研究咨询、投资孵化,,,,pending
官宣！第2届二氧化碳高值化利用大会，11月杭州启航！,DT新材料,DT新材料,"RIOnews API, 新材料, 碳纳米管, 学术研究, 大学, 教授",normal,2026-09-27T00:01:00+08:00,,"CO2高值化利用（CCU）是支撑""双碳""目标、把""碳排放""转化为""碳资源""的关键路径。在所有转化方向中，以 CO2为碳源、耦合绿氢与可再生能源制备绿色燃料（绿色甲醇、SAF、合成燃料等），正成为 CCU 从基础研究走向工程示范与产业化的第一主线。全球来看，利用CO2制备化学品与低碳材料领域正处于科技研究活跃、中试放大与工程示范加速、部分产品率先实现商业化突破阶段。在此背景下，2026（第2届）二氧化碳高值化利用大会将于2026年11月25-27日在中国杭州召开。本届大会基于众多CO2高值化利用路径，探讨以CO2制备燃料、大宗化学品、材料、生物基产品等高值产品技术和产业化进展，旨在搭建聚焦基础研",http://mp.weixin.qq.com/s?__biz=MzI4MzI5MTY3Ng==&mid=2247642231&idx=7&sn=2ab31f228d78e12ca679f939cdb10dd6,,"CO2高值化利用（CCU）是支撑""双碳""目标、把""碳排放""转化为""碳资源""的关键路径。在所有转化方向中，以 CO2为碳源、耦合绿氢与可再生能源制备绿色燃料（绿色甲醇、SAF、合成燃料等），正成为 CCU 从基础研究走向工程示范与产业化的第一主线。全球来看，利用CO2制备化学品与低碳材料领域正处于科技研究活跃、中试放大与工程示范加速、部分产品率先实现商业化突破阶段。在此背景下，2026（第2届）二氧化碳高值化利用大会将于2026年11月25-27日在中国杭州召开。本届大会基于众多CO2高值化利用路径，探讨以CO2制备燃料、大宗化学品、材料、生物基产品等高值产品技术和产业化进展，旨在搭建聚焦基础研究突破、连接实验室可行到工业化迈进的高效交流对接平台，助力 CO2高值化利用技术从""技术可行""走向""商业化可行""。大会将举办4大同期活动：国际合作论坛、可持续前沿科技及青年论坛、科技成果展示与对接、专家对接会。以进一步推动国际科技成果分享、产业协同和市场对接。欢迎全球二氧化碳高值化利用领域专家、学者、上下游企业和政府资本等参与交流、合作！码上报名 | 共赴可持续未来（会务组将及时与您联系）01 组织架构SMF 2026主办单位宁波德泰中研信息科技有限公司（DT新材料）联合主办单位生物基运输燃料技术全国重点实验室浙江大学衢州研究院浙江大学生物系统工程与食品科学学院大会共同主席李正龙浙江大学求是讲席教授，国家级高层次人才，生物基运输燃料技术全国重点实验室生物航油负责人，生物质高值化利用研究中心主任张兴宏浙江大学求是特聘教授，生物基运输燃料技术全国重点实验室副主任，辽宁大学校长助理，浙江省高值化学品低碳合成全省重点实验室副主任，浙江省粘接技术协会理事长魏飞清华大学教授承办单位宁波德泰中研信息科技有限公司（DT新材料）02 核心议题SMF 2026【专题一】CO2催化转化技术路径及工艺装备CO2催化转化技术路径进展与趋势；电还原CO2关键技术及装备（膜电极、电解槽等）；第三代生物制造：工业富碳气体发酵技术（气体预处理与净化装备、底盘菌种、生物反应器、过程控制、分离与净化处理）；生物-电催化转化CO2高值化利用技术；热催化CO2还原关键技术及装备（催化剂、固定床、流化床、分析与控制设备等）；【专题二】绿色燃料合成气平台制备技术：低温电催化、SOEC共电解、CO2/CH4干重整等；CO2利用制绿色甲醇及醇类燃料；CO2加氢制e-SAF；【专题三】化学品/低碳材料等高值产品CO2催化转化制化学品（DMC、EC、甲酸、乙酸、丁二酸、乙醇、正丁醇、丙酮等）；CO2催化转化制烯烃、芳烃（乙烯、丙烯、低碳烯烃、甲苯、二甲苯等）；CO2基聚合物与高分子材料（PPC、CO2基多元醇、PHA/PHB、CO2基聚氨酯等）；CO2基碳纳米材料与储能材料（碳纳米管、石墨烯等）；CO2生物制造：葡萄糖、淀粉、微生物蛋白、脂肪酸等；03 SMF 2026年会日程11.25-27·杭州会场分布：04 往届活动介绍SMF 2026SMF 2026的召开，以DT新材料主办的四大会议为基础，覆盖可再生碳产业链从上游原料到中游转化再到下游应用的完整版图，累计吸引超过3000位科研学者、产业界代表、政府和资本参与，已成为国内聚集可持续化学品、材料与能源领域极具影响力的交流合作平台。二氧化碳高值化利用大会由DT新材料主办的二氧化碳高值化利用大会，在2025年第五届液态阳光产业发展论坛同期举办，聚焦将CO₂等C1气体的捕集和转化最新技术与市场进展，把""碳排放""重新定义为""碳资源""，已成为该领域产学研对话的重要窗口。2026年将作为一个独立的主题论坛于SMF 2026期间举办。05 往届部分赞助商SMF 202606 报名&联系我们SMF 2026码上报名 | 共赴可持续未来（会务组将及时与您联系）演讲/参会/参展赞助/需求对接，更多合作机会请联系我们沈经理：180 9456 0191协办/支持/媒体合作侯经理：173 0688 710907 媒体SMF 20261、关注官网：生物基和生物制造产业服务平台（大会地址）https://www.bio-basedlink.net/index/exhibition/exhibition_show/cat_id/27.html（点击文末 阅读原文可直达）2、关注官网公众号生物基能源与材料洞见可持续液态阳光 同期活动报道 4大主席确认！SMF 2026 非粮可持续材料与燃料年会将于11月25-27日杭州启航 往届活动报道 聚四海群贤，助非粮启“杭” | 第五届非粮生物质高值化利用论坛在杭州成功举办!破局航空碳减排，共话SAF新未来 | 可持续航空燃油产业交流会在杭举行干货满满！第四届非粮生物质高值化利用论坛在合肥顺利开幕！首日精彩，第三届非粮生物质高值化利用论坛顺利开幕闭门 | 40+家单位探索「非粮生物质高值化利用创新商业化途径」圆满落幕！2025（第五届）液态阳光产业发展论坛绿色甲醇的规模化生产与创新应用！2024（第四届）液态阳光产业发展论坛落幕2024（第三届）液态阳光产业发展论坛完美落幕平台声明：部分素材来自生物基能源与材料。分享仅为行业信息传递与交流，不代表本公众号立场和证实其真实性与否。欢迎行业投稿！如有需求，请联系我们：***********（微信同号）。2021—液 态 阳 光聚焦绿色液体燃料(绿氢、绿色甲醇、绿氨、SAF、可持续柴油、生物燃料乙醇、绿氨等)产业资讯和研究，拥抱能源大变革。不喜欢11月·杭州，四大会议启航！",,,,pending
PCB高景气引爆上游，两家刀具材料企业被收购,DT新材料,DT新材料,"RIOnews API, 新材料, 复合材料, 合作进展, 投资, 收购",normal,2026-09-27T00:01:00+08:00,,（点击图片，了解会议详情）【DT新材料】获悉，9月21日，星帅尔发布公告称，公司正在筹划以发行股份及支付现金的方式购买资产并募集配套资金。公告显示，星帅尔拟收购的标的资产分别是东莞市梵宇自动化科技有限公司（以下简称梵宇科技）、东莞市湘鹰新材料科技有限公司（以下简称湘鹰新材料），合计估值暂定为8.4亿元，收购涉及梵宇科技100%股权、湘鹰新材料100%股权，其中拟以发行股份的方式购买梵宇科技49%股权、湘鹰新材料49%股权。公告显示，梵宇科技、湘鹰新材料分别从事PCB刀具设备、半成品耗材的研发、生产及销售。其中，梵宇科技从事数控刀具设备的研发和生产，主要产品包括PCB四站钻针加工中心、PCB钻针,http://mp.weixin.qq.com/s?__biz=MzI4MzI5MTY3Ng==&mid=2247642231&idx=4&sn=a4ea4a6b4a082bdb762512c101cd5546,,（点击图片，了解会议详情）【DT新材料】获悉，9月21日，星帅尔发布公告称，公司正在筹划以发行股份及支付现金的方式购买资产并募集配套资金。公告显示，星帅尔拟收购的标的资产分别是东莞市梵宇自动化科技有限公司（以下简称梵宇科技）、东莞市湘鹰新材料科技有限公司（以下简称湘鹰新材料），合计估值暂定为8.4亿元，收购涉及梵宇科技100%股权、湘鹰新材料100%股权，其中拟以发行股份的方式购买梵宇科技49%股权、湘鹰新材料49%股权。公告显示，梵宇科技、湘鹰新材料分别从事PCB刀具设备、半成品耗材的研发、生产及销售。其中，梵宇科技从事数控刀具设备的研发和生产，主要产品包括PCB四站钻针加工中心、PCB钻针粗精磨加工中心、PCB四站锣刀一次成型加工中心等PCB刀具相关设备。PCB刀具设备与半成品耗材（钻针、铣刀等）处于电子产业链上游，直接受益于AI服务器、汽车电子驱动的高阶HDI与高多层板需求爆发。AI板材升级使钻针寿命从传统板的数千孔骤降至M9材料的100—200孔，单机用量与单价同步上行，驱动行业进入量价齐升阶段。全球PCB钻针市场高度集中，2025年CR5约76%，中国占全球市场63%，国产替代与高端化并行。国内重点企业分两类：刀具耗材以鼎泰高科为绝对龙头，2025年钻针全球市占率29.2%居首，设备自制覆盖率超95%，高端涂层钻针占比持续提升；中钨高新旗下金洲精工依托钨全产业链，全球市占率约21%，为国产替代先行者。新锐股份通过收购慧联电子切入，铣刀销量全球第一，钻针产能加速扩张。设备领域，大族数控为全球PCB专用设备市占率第一（2024年约6.5%），机械钻孔全球份额超50%，激光钻机正突破高端市场。由于PCB刀具与半成品耗材的火爆，上游核心材料也受益。主要以超细晶粒硬质合金（钨钢），以碳化钨（WC）为硬质相、钴（Co）为粘结相，WC晶粒通常控制在亚微米甚至纳米级，以兼顾高硬度与抗折强度。针对AI服务器M8/M9级高硬度板材，高端钻针会在钨钢基体上施加金刚石涂层，利用其超高硬度与低摩擦系数显著延长寿命。此外，部分铣刀或特定工序也会用到高速钢、陶瓷及聚晶金刚石（PCD）等材料。这大概是星帅尔收购的底层需求。据悉，星帅尔的主业是研发、生产和销售各种类型的制冷压缩机用热保护器、起动器、密封接线柱，小家电用温度控制器，电机产品，以及太阳能光伏组件。2026年上半年，其营业收入、归母净利润同比分别下降3.39%、17.60%。公告显示，星帅尔此次交易对方承诺，2026年至2028年，梵宇科技、湘鹰新材料的累计扣非后净利润不低于2.1亿元，其中2026年、2027年、2028年的扣非后净利润分别不低于5500万元、7500万元、8000万元。/扫码加入行业交流群/化工新材料、复合材料、汽车、机器人、无人机、eVTOL、商业航天.....等产业同行❤️↓说明：本文部分素材来自于网络，转载请备注来源，本平台发布仅为了传达一种不同观点，不代表对该观点赞同或支持。如果有任何问题，请联系我们。不喜欢品牌推广、研究咨询、投资孵化,,,,pending
12.17-19 浙江宁波 | 2026（第四届）高分子循环再利用大会,DT新材料,DT新材料,"RIOnews API, 新材料, 复合材料, 合作进展, 投资, 合作, 学术研究, 大学, 科学院, 研究所",normal,2026-09-27T00:01:00+08:00,,高分子循环再利用（塑料、纤维、橡胶及树脂基复合材料等）是全球践行碳中和绿色转型的重要举措，是产业发展必然趋势。在前三届大会基础上，2026（第四届）高分子循环再利用大会（PCRC 2026）将于12月17-19日，在浙江·宁波举办。大会围绕“先进回收·高值再生·产业协同”，聚焦塑料、纤维、橡胶及树脂基复合材料回收技术与应用，汇聚产学研各方，交流先进回收技术、可循环材料设计与产业应用实践，促进成果转化及上下游合作。大会将举办三大同期活动：动态高分子与可循环材料设计论坛，高分子循环再利用材料、装备技术展览，高分子循环再利用创新成果展览。以进一步推动资源循环领域的成果分享和交流合作、产业协同和市场对,http://mp.weixin.qq.com/s?__biz=MzI4MzI5MTY3Ng==&mid=2247642231&idx=6&sn=7c55c308cb01247a2e4986e71d616489,,高分子循环再利用（塑料、纤维、橡胶及树脂基复合材料等）是全球践行碳中和绿色转型的重要举措，是产业发展必然趋势。在前三届大会基础上，2026（第四届）高分子循环再利用大会（PCRC 2026）将于12月17-19日，在浙江·宁波举办。大会围绕“先进回收·高值再生·产业协同”，聚焦塑料、纤维、橡胶及树脂基复合材料回收技术与应用，汇聚产学研各方，交流先进回收技术、可循环材料设计与产业应用实践，促进成果转化及上下游合作。大会将举办三大同期活动：动态高分子与可循环材料设计论坛，高分子循环再利用材料、装备技术展览，高分子循环再利用创新成果展览。以进一步推动资源循环领域的成果分享和交流合作、产业协同和市场对接。欢迎领域专家、上下游企业参与交流分享、合作！01组织架构大会名称2026（第四届）高分子循环再利用大会Polymer Circularity and Recycling Conference (PCRC 2026)会议时间地点2026年12月17-19日，浙江·宁波主办单位宁波德泰中研信息科技有限公司（DT新材料）大会主席张立群，中国工程院院士，西安交通大学校长（拟）执行主席刘小青，中国科学院特聘核心研究员，国家万人计划科技创新领军人才大会主题先进回收 · 高值再生 · 产业协同会议规模400人02大会日程概览03往届活动情况前三届大会吸引了石化、材料、回收、装备、品牌应用及科研机构等产业链各方参与。部分往届参与单位包括：中石化、中石油、中海油、万华化学、金发科技、东方盛虹、恒力石化、恒逸石化、桐昆股份、新凤鸣、伊士曼、利安德巴赛尔、中国资源循环集团塑料再生有限公司、惠城环保、科茂环境、恒誉环保、源天生物、浙江佳人、浙江恒逸资源循环、浙江精工集成科技、江苏赛维尔、KBR、霍尼韦尔、陶朗集团、海尔再循环产业、施耐德电气、延锋国际、固特异等产业单位浙江大学、华南理工大学、东华大学、北京化工大学、四川大学、华东理工大学、中国科学院宁波材料所、中国科学院化学研究所、德国国际合作机构GIZ、SGS、德国nova研究所等高校、科研及专业机构。往届活动精彩瞬间PicsPolymer Circularity and Recycling Conference04谁将参加本届大会？大会将汇聚高分子循环产业链上下游力量，重点邀请：回收再生企业及项目运营方；石化、聚合物、改性与复合材料企业；纺织、化纤及废纺回收企业；工艺技术、装备及工程服务商；包装、汽车、电子电器等应用企业及品牌方；高校、科研院所及中试平台；检测认证、咨询、投资及产业园区机构。无论您关注的是废弃物原料、回收工艺、再生材料、装备工程，还是产品应用与供应链建设，都可以在本届大会找到对应的技术方向和合作伙伴。05参会报名&联系我们扫码报名 | PCRC 202612.17-19，浙江·宁波演讲/参会/参展赞助/需求对接，更多合作机会请联系我们张经理：189 5781 4653侯经理：133 4595 0252徐经理：180 5744 8581协办/支持/媒体合作杜经理：180 9454 8026平台声明：部分素材来自网络素材。分享仅为行业信息传递与交流，不代表本公众号立场和证实其真实性与否。欢迎行业投稿！如有需求，请联系我们。不喜欢12月17-19日，浙江·宁波,,,,pending
复合材料及装备“小巨人”，IPO终止！,DT新材料,DT新材料,"RIOnews API, 新材料, 金属材料, 复合材料, 碳纤维, 负极材料, 产品发布, 发布, 上市, 合作进展, 合资公司, 投资, 量产推进, 产能, 厂房建设",normal,2026-09-27T00:01:00+08:00,,【DT新材料】获悉，9月24日，北交所官网公告，因湖南顶立科技股份有限公司（以下简称：顶立科技）提交撤回申请，北交所决定终止其公开发行股票并在北交所上市的审核。此前，2024年12月23日，顶立科技IPO申请获受理，2025年9月至2026年3月，公司因财务报告到期需补充审计，多次申请中止审核，后又恢复。2026年6月29日，公司董事会审议通过终止上市申请并撤回材料的议案，原因是基于自身发展战略及经营需求作出的决策。直到2026年9月24日，北交所才正式发布通知。公司IPO原本计划募资 7.04亿元，但在上市审核过程中，募资规模最终被大幅压缩至 3.82亿元，主要投向装备制造项目。IPO终止背,http://mp.weixin.qq.com/s?__biz=MzI4MzI5MTY3Ng==&mid=2247642231&idx=1&sn=9eba1b81268ac3f12eeb4f8f8e5cac5c,,【DT新材料】获悉，9月24日，北交所官网公告，因湖南顶立科技股份有限公司（以下简称：顶立科技）提交撤回申请，北交所决定终止其公开发行股票并在北交所上市的审核。此前，2024年12月23日，顶立科技IPO申请获受理，2025年9月至2026年3月，公司因财务报告到期需补充审计，多次申请中止审核，后又恢复。2026年6月29日，公司董事会审议通过终止上市申请并撤回材料的议案，原因是基于自身发展战略及经营需求作出的决策。直到2026年9月24日，北交所才正式发布通知。公司IPO原本计划募资 7.04亿元，但在上市审核过程中，募资规模最终被大幅压缩至 3.82亿元，主要投向装备制造项目。IPO终止背后最直接的一个表现是财务状况。2024年，顶立科技增长近乎停滞，利润率先下滑。2025年，公司营收与利润双双下滑，全年营收同比减少11.44%至5.79亿元，归母净利润降至1.07亿元。毛利率维持在38.69%，盈利结构尚算健康，但整体规模在收缩。2026年上半年，业绩急转直下，营收同比腰斩至1.54亿元，归母净利润由盈转亏，录得亏损约1281万元，去年同期盈利为6422万元。针对下滑原因，控股股东楚江新材在互动平台上表示：军工碳材料业务板块受产品交付验收进度及部分项目阶段性排期影响，营业规模与经营业绩出现阶段性同比下降，公司正积极推进交付节奏。资料显示，顶立科技，2006年成立，是国家重点支持的专精特新“小巨人”企业、国家级绿色工厂，2015年被楚江新材作价5.2亿元并购。近年来公司已引入包括国家产业投资基金等在内10余家外部投资，并于2023年12月起在新三板挂牌交易。公司专注于航天航空、核工业、兵器和半导体等领域用复合材料、高性能陶瓷材料、精密零部件制造等特种热工装备的研发、生产和服务，主营两大业务：特种热工装备及新材料，近年来也入局材料回收领域。（1）特种热工装备公司主要热工装备产品包括碳陶热工装备、先进热处理热工装备等。其中，碳陶热工装备主要是CVD等第三代半导体在内的半导体相关设备以及半导体行业用陶瓷材料烧结炉等；先进热处理设备涉及金属与陶瓷的钎焊、热压所需的热工装备等。近年来国产热工装备发展迅猛，国内市场占有率明显上升。行业上游主要是原材料及零配件企业，下游应用领域则已从金属材料扩展到碳纤维、陶瓷等多类特种复合材料，涉及机械制造、新材料等多个行业。以碳陶复合材料制动盘为例，顶立科技在这一领域进行了全面布局。碳陶制动材料是一种以碳纤维为增强体、热解碳和碳化硅为基体的多相复合材料，在寿命、耐温性、质量等方面对比金属具备压倒性优势。但目前碳陶刹车盘在中国新能源汽车市场的渗透率仍然不高，核心原因还是价格太贵。高价源于复杂工艺和碳纤维等原材料成本。碳陶刹车盘一般可通过气相沉积工艺或浸渍裂解工艺结合渗硅工艺制备，通常涉及碳纤维预制件、高温处理、化学气相沉积/压力浸渍、石墨化、机械加工、陶瓷化等流程，流程众多，存在一定门槛。目前碳陶刹车的生产厂商仍以海外企业为主，核心主导者包括 Brembo SGL、Surface Transforms、英国 ALCON、英国 AP、美国 Fusion Brakes 等，其中 Brembo 通过与 SGL Carbon 的合资公司在 OEM 碳陶盘领域占据主导地位。受益于新能源车驱动，国内相关产业链近年来迅速跟进，金博股份碳陶刹车已供应广汽埃安、比亚迪等多家新能源企业，定增项目达产后预计形成年产40万盘长纤碳陶汽车制动盘产能，远期规划可达400万盘。天宜上佳四川江油产业园15万套（60万盘）产线已完成厂房建设和多环节投产，但公司自2025年11月起进入预重整程序，后续进展存在不确定性。降本方面，国产化推动下碳陶盘单价已降至进口产品的1/20，其中长纤单盘有望下探至2000元水平，短纤单盘有望达到1000元以内。这一价格区间才是打开20—30万元车型市场的关键。在新能源车如此内卷的市场下，可预见碳陶刹车未来必然会大量下放至中端标配，国产替代潜力不小。目前碳陶制动盘正从超跑选配向30万元级高端新能源车型渗透，比亚迪仰望、小米SU7 Ultra等车型已实现标配，行业正处于“从0到1”的放量初期，降本与渗透率提升是主旋律。（2）新材料业务新材料产品包括金属基3D打印材料及制品、半导体表面沉积材料等。核心是围绕第三代半导体碳化硅、氮化镓单晶生长所需的“四高两涂”：①高纯碳粉：纯度直接影响SiC粉品质。国外主要生产商有德国西格里、美国美尔森等，国内顶立科技是主要参与者。根据楚江新材2026年9月在互动平台的最新回复，顶立科技6N高纯碳粉已实现小批量销售，主要应用于锂离子负极材料、SiC单晶、人造钻石、莫桑石、核石墨等领域，公司会根据市场需求与技术进展有序推进产能布局。2026年2月，公司与华自科技合资设立等静压设备公司，聚焦等静压设备在电池领域的应用。②高纯SiC粉：用于碳化硅长晶，主要采用改进自蔓延高温合成法。国外主要生产商有美国Cree、日本Rohm，国内有天科合达等。③高纯石墨：主要用于石墨坩埚、石墨加热器、石墨基座等。④高纯硬毡：主要用于生长单晶保温。⑤碳化硅涂层：碳化硅涂层石墨盘是目前单晶硅外延生长和氮化镓外延生长最好的基座之一，是外延炉的核心部件。国内主要有志橙半导体、德智新材料等。⑥碳化钽涂层：比裸石墨或SiC涂层石墨具有更好的耐化学腐蚀性能，是第三代半导体单晶生长和晶圆刻蚀场景中性能最好的涂层。海外主要有日本东洋碳素、美国Momentive等，国内有恒普科技、顶立科技等。顶立科技在碳化钽涂层方向的进展最为突出。2026年7月，公司主持的“第三代半导体用高均匀高致密TaC涂层石墨件制备技术及应用”项目荣获湖南省科学技术进步奖一等奖。该项目已建成国内首条年产3万件生产线，产品进入比亚迪、三安等半导体头部企业供应链，成本较进口产品降低30%，供货周期从半年以上缩短至一个月以内。值得一提的是，公司正在攻关金刚石铜基复合热沉材料关键技术，下游面向半导体封装、高功率电子、AI算力等高端散热场景。（3）回收业务公司热工设备还包括粉冶环保热工装备，可用于固废、电池回收领域，相关设备已应用于贵州中伟、安徽绿沃、恒创睿能等多个企业。进展方面，2024年1月，中国工程院陈勇院士等专家团队对顶立科技承建的200吨/年碳纤维退役风机叶片中试示范线进行了验收。该项目采用创新的微波热解工艺，突破了退役风机叶片连续热处理、热解过程产物调控等关键技术，可回收得到纯净的碳纤维。说明：本文部分素材来自于网络，转载请备注来源，本平台发布仅为了传达一种不同观点，不代表对该观点赞同或支持。如果有任何问题，请联系我们。不喜欢品牌推广、研究咨询、投资孵化,,,,pending
PPG、埃万特、宣伟、老虎涂料、WGSN、Chris Lefteri Design、明新旭腾、软慕 展示新材料、CMF新趋势丨2026新材料启蒙运动启航,新材料在线,新材料在线,"RIOnews API, 新材料, 金属材料, 复合材料",normal,2026-09-27T00:01:00+08:00,,新材料启蒙运动由创新材料馆®发起，旨在通过材料传达科技、文化、美学，为材料产业链的供需双方提供沟通桥梁，为公众提供专业全面的材料科技认知窗口。新材料启蒙运动再次出发，将以“潜力新材料x设计美学”为主题，于10-12月在深圳举办，通过展览、讲座、工作坊等多种方式，介绍新材料的特性、性能、应用等信息，让参观者全面感知新材料的魅力，认识到新材料在推动社会进步中的重要作用。10月27-29日，将在第十届国际新材料新工艺及色彩（简称CMF）展览会暨第十届表面处理技术&外观效果加工及应用展览会（2026国际CMF展）上举办首场活动。展会将与亚洲具身机器人应用及产业链展、全触展、AWC汽车展等九展联动，预计,http://mp.weixin.qq.com/s?__biz=MzA5NDQ2NzQyMg==&mid=2663034538&idx=2&sn=c93bf8d303d7826c9a7a478ce9c6ef13,,"新材料启蒙运动由创新材料馆®发起，旨在通过材料传达科技、文化、美学，为材料产业链的供需双方提供沟通桥梁，为公众提供专业全面的材料科技认知窗口。新材料启蒙运动再次出发，将以“潜力新材料x设计美学”为主题，于10-12月在深圳举办，通过展览、讲座、工作坊等多种方式，介绍新材料的特性、性能、应用等信息，让参观者全面感知新材料的魅力，认识到新材料在推动社会进步中的重要作用。10月27-29日，将在第十届国际新材料新工艺及色彩（简称CMF）展览会暨第十届表面处理技术&外观效果加工及应用展览会（2026国际CMF展）上举办首场活动。展会将与亚洲具身机器人应用及产业链展、全触展、AWC汽车展等九展联动，预计吸引来自消费电子、手机、家电家居、汽车、具身智能与人形机器人、低空飞行器与eVTOL、医疗器械、印刷标签、塑料包装等行业170,000+专业观众和5,000+海外买家。PPG、埃万特、宣伟、老虎涂料、WGSN、Chris Lefteri Design、明新旭腾、软慕等国内外知名材料企业、趋势机构已确认参与首场展览。 首场活动详情潜力驱动未来，五感定义美学本届新材料启蒙运动分为两个叙事线索，其一，最具潜力新材料是关于驱动力的展区，理性、数据、性能、突破。它告诉我们，未来不是被预测的，而是被材料“驱动”出来的。这些材料或已在产业端展现出颠覆性的应用前景，或正处于从实验室到产业化的关键跃迁期，是材料科学对能源、半导体、航空航天、医疗、消费电子等众多领域的底层重构。其二，CMF设计美学材料是关于感知力的展区：感性、体验、美学、共鸣。它关注色彩趋势、质感纹理、环保可持续等CMF核心要素，提示材料不仅是解决问题的工具，更是触动心灵的介质。活动观众设计师、企业产品策划和开发人员、CMF 设计师、CMF 工程师、企业技术专家、技术开发工程师活动形式创意展览：创新材料及方案展示，包含产品、特性、应用展示方向热管理材料、3D打印金属材料、高温超导材料、碳化硅纤维、PEEK、半导体关键材料等潜力新材料；肤感材料、自清洁纳米仿生材料、光致变色涂层、天然纤维复合材料、再生材料、模内装饰（IMD）/模外装饰（OMD）、物理气相沉积（PVD）、微弧氧化、纳米压印（NIL）、阳极氧化、UV打印等以色彩、材质、表面处理驱动产品感官体验与情感价值的材料及工艺。 特邀展览企业知名材料公司、趋势机构，展示新材料、CMF趋势PPG中国应用创新中心PPG，140多年以来始终致力于为客户开发并提供值得信赖的油漆、涂料和相关材料产品。秉持奉献与创新精神，PPG帮助客户应对各类严峻挑战，共同推动行业进步。PPG公司总部设在美国匹兹堡市，其运营和研发机构遍布全球超过50个国家和地区，2025年公司全球净销售额达159亿美元。PPG为建筑、消费品、工业、交通运输等领域及其售后市场的客户提供高附加值的产品和服务。在此次展览上，您将看到PPG中国应用创新中心展示：全球色彩趋势 色彩灵感情绪板/ 涂料色彩趋势色板/ 涂料体系包含(水性/油性/PU/UV/准分子等不同技术平台)，为全球色彩趋势方向提供预测及应用创新。埃万特集团 AVIENT CORPORATION埃万特公司以成为材料解决方案的创新者为宗旨，帮助客户取得成功，携手共建可持续世界。我们致力于立足本土市场并积极与客户进行互动，结合全球布局，为客户提供灵活的服务。我们在全球范围内拥有9000名员工，相互协作，集思广益。在协作过程中，我们不断开发创新解决方案，助力客户应对各种挑战，同时帮助客户把握瞬息万变的世界和长期趋势所带来的机遇。我们不断拓展产品组合，产品包括着色剂、高级复合材料、功能性添加剂、工程材料和Dyneema® - the world’s strongest fiber™。我们将广泛的技术组合与客户的产品路线相融合，帮助客户推出具有差异化和高性能的产品，共同打造更美好和更具可持续性的世界。在此次展览上，您将看到埃万特展示：ColorForward是对全球社会趋势的观察研究。解读全球社会影响、文化现象以及消费趋势，并将其转化为切实可落地的色彩方向，服务所有塑料设计与制造从业者。ColorForward的色彩筛选，基于对全球正在兴起的社会趋势，以及这些趋势对色彩偏好所产生影响的深度调研。它是极具价值的工具，助力设计师与品牌市场人员，在色彩选择上做出有理有据的判断。WGSNWGSN是全球领先的消费趋势预测机构，帮助品牌在瞬息万变的世界中保持领先地位。我们的准确预测提供全球趋势洞察、专业数据和行业专业知识，帮助客户了解消费者行为和生活方式，在正确的时间开发正确的产品，并进行有效的贸易。在此次展览上，您将看到WGSN展示：WGSN提供提前2年的趋势和色彩预测，以及超前2-5年的消费者情报，每年更新超过6000篇的专业报告。囊括设计、消费形态、零售等的前瞻性的趋势预测助力企业展望未来市场。从跨国集团到独立设计师，WGSN深受世界上创新企业的依赖，我们为包括服装、珠宝、美容美妆、室内设计、消费电子、科技、互联网等领域的6500多家品牌公司提供服务。……更多展览企业将陆续公布，敬请关注 如何参加？预订展位：展区还有少量展位，预定请扫码咨询添加请备注：新材料启蒙运动，姓名+公司+职位参观展览：扫码报名免费参观咨询电话：0755-86060912、***********（同微信）邮箱：service@xincailiao.com 往届回顾第一届 “新”材料启蒙运动·可持续创新材料展首届“新”材料启蒙运动以可持续创新为主题，传达从全产业链的角度实践可持续环保理念。巴斯夫、杜邦、陶氏、赢创、老虎、锦湖日丽、卡秀万辉等多家材料企业参与并提供可持续材料方案，产品覆盖生物基代替石油基、可回收再造、可降解、过程优化、天然材料替代、天然材料、及其它七大技术方向。首届活动、展品回顾第二届“新”材料启蒙运动·美的演化第二届“新”材料启蒙运动以“美的演化”为主题，用材料传达美。展期举办四场不同主题的工作坊，巴斯夫、赢创、万辉涂料、锦湖日丽等多家企业参与展览创新的材料解决方案，涉及设计趋势、汽车、家居和建筑等领域，从理解材料到创造性应用材料，去打造可以和用户的心理产生共鸣的好产品。第二届展品回顾 同期展会2026年10月27-29日，第十届国际新材料新工艺及色彩（简称CMF）展览会暨第十届表面处理技术&外观效果加工及应用展览会（2026国际CMF展）将在深圳国际会展中心举办，打造以CMF（色彩、材料、工艺）为核心、聚焦材料设计创新与应用的行业盛会，助力产业链协同发展与价值提升；展会将围绕“跨界融合·协同创新”为主题，设立色彩与创新设计展区、新材料新工艺展区、可持续材料展区等，引入全球色彩趋势权威机构，展示全球最新色彩科技，搭建CMF企业与终端应用及工业设计的跨界桥梁。点击了解详情：17万+专业观众！2026第十届国际CMF展高燃开启 吉利汽车、东风日产、美的、华为终端、OPPO、汇川技术等组团参观点击阅读原文，报名参加“新材料启蒙运动”",,,,pending
