title,account_name,source,tags,priority,publish_time,author,digest,url,crawled_at,content_preview,clean_text,ai_summary,importance_score,alert_level,push_status
中国邮政与宁德时代达成战略合作，共建物流电池银行与零碳供应链生态,深圳电池技术展,深圳电池技术展,"RIOnews API, 新材料, 碳, 合作进展, 融资, 签署协议, 战略合作, 合作",normal,2026-08-13T21:01:58+08:00,,近日，中国邮政集团与宁德时代正式签署战略合作协议。中国邮政储蓄银行行长芦苇与宁德时代首席财务官郑舒代表双方签署协议，中国邮政集团党组书记、董事长刘爱力与宁德时代董事长兼CEO曾毓群共同出席并见证签约。双方将发挥各自优势，以绿色金融促进物流行业低碳化转型，共同践行高质量发展：● 构建物流“电池银行”生态：双方将聚焦城配、干线重卡、无人车及无人机等全物流场景，共建物流行业“电池银行”，面向邮政体系内外用户提供电池租赁、智能充换电、集中运维及回收全生命周期服务。● 打造零碳物流示范体系：结合先进的新能源运力、自动化设备、机器人及绿色运营模式，推动物流园区零碳化升级，共同构建智能化零碳物流服务体系。●,http://mp.weixin.qq.com/s?__biz=MzIxMDgwMDY4Mg==&mid=2247618158&idx=1&sn=5bbda1cbef62d7008152dc413ca7dcea,,近日，中国邮政集团与宁德时代正式签署战略合作协议。中国邮政储蓄银行行长芦苇与宁德时代首席财务官郑舒代表双方签署协议，中国邮政集团党组书记、董事长刘爱力与宁德时代董事长兼CEO曾毓群共同出席并见证签约。双方将发挥各自优势，以绿色金融促进物流行业低碳化转型，共同践行高质量发展：● 构建物流“电池银行”生态：双方将聚焦城配、干线重卡、无人车及无人机等全物流场景，共建物流行业“电池银行”，面向邮政体系内外用户提供电池租赁、智能充换电、集中运维及回收全生命周期服务。● 打造零碳物流示范体系：结合先进的新能源运力、自动化设备、机器人及绿色运营模式，推动物流园区零碳化升级，共同构建智能化零碳物流服务体系。●,近日，中国邮政集团与宁德时代正式签署战略合作协议。中国邮政储蓄银行行长芦苇与宁德时代首席财务官郑舒代表双方签署协议，中国邮政集团党组书记、董事长刘爱力与宁德时代董事长兼CEO曾毓群共同出席并见证签约。双方将发挥各自优势，以绿色金融促进物流行业低碳化转型，共同践行高质量发展：● 构建物流“电池银行”生态：双方将聚焦城配、干线重卡、无人车及无人机等全物流场景，共建物流行业“电池银行”，面向邮政体系内外用户提供电池租赁、智能充换电、集中运维及回收全生命周期服务。● 打造零碳物流示范体系：结合先进的新能源运力、自动化设备、机器人及绿色运营模式，推动物流园区零碳化升级，共同构建智能化零碳物流服务体系。● 提供嵌入式供应链物流服务：中国邮政将深入宁德时代生产基地及智能工厂供应链体系，将仓储与运力直接融入生产园区，贯穿原材料进厂、半成品调拨及成品出厂全流程，并联合制定电池物流安全运输标准。● 深化绿色金融与生态协同：整合中国邮政旗下邮储银行、中邮证券、中邮保险等金融资源，提供结算、融资、供应链金融及跨境金融支持，助力物流行业电动化。未来，双方将务实推进各项合作事项落地，以技术创新与网络协同赋能传统产业升级，共同助力交通与物流领域的绿色低碳转型。阅读推荐Reading Recommendation加入通讯录加入联盟加入协会企业分布地图关于展会、论坛展位预定 毛元 Andy咨询电话131 6279 7809（同微信）公司邮箱sales@heliexpo.cn,,,,pending
宁德时代拟24.75亿元参设海南绿色产业基金,深圳电池技术展,深圳电池技术展,"RIOnews API, 新材料, 碳, 产品发布, 发布, 上市, 合作进展, 战略合作, 投资, 合作",normal,2026-08-13T21:01:58+08:00,,8月12日晚，宁德时代（证券代码：300750）发布公告称，公司与厦门博泉私募基金管理合伙企业（有限合伙）、海南自由贸易港建设投资基金有限公司签署合伙协议，拟参与投资设立“海南时代绿色产业投资基金合伙企业（有限合伙）”，公司作为有限合伙人认缴出资金额24.75亿元，持有基金49.50%的份额。公告显示，该基金总认缴规模50亿元，主要聚焦海南省内绿色零碳产业投资，存续期8年。厦门溥泉为执行事务合伙人和基金管理人，公司作为有限合伙人参与本次投资，主要是借助市场化的机制、结合专业投资机构优势，扩大公司在碳中和生态领域的布局。宁德时代在公告中表示，公司作为有限合伙人参与本次投资，主要是借助市场化的机制,http://mp.weixin.qq.com/s?__biz=MzIxMDgwMDY4Mg==&mid=2247618158&idx=3&sn=468c785faf00cfd3b0fb4f9696c4125c,,8月12日晚，宁德时代（证券代码：300750）发布公告称，公司与厦门博泉私募基金管理合伙企业（有限合伙）、海南自由贸易港建设投资基金有限公司签署合伙协议，拟参与投资设立“海南时代绿色产业投资基金合伙企业（有限合伙）”，公司作为有限合伙人认缴出资金额24.75亿元，持有基金49.50%的份额。公告显示，该基金总认缴规模50亿元，主要聚焦海南省内绿色零碳产业投资，存续期8年。厦门溥泉为执行事务合伙人和基金管理人，公司作为有限合伙人参与本次投资，主要是借助市场化的机制、结合专业投资机构优势，扩大公司在碳中和生态领域的布局。宁德时代在公告中表示，公司作为有限合伙人参与本次投资，主要是借助市场化的机制,8月12日晚，宁德时代（证券代码：300750）发布公告称，公司与厦门博泉私募基金管理合伙企业（有限合伙）、海南自由贸易港建设投资基金有限公司签署合伙协议，拟参与投资设立“海南时代绿色产业投资基金合伙企业（有限合伙）”，公司作为有限合伙人认缴出资金额24.75亿元，持有基金49.50%的份额。公告显示，该基金总认缴规模50亿元，主要聚焦海南省内绿色零碳产业投资，存续期8年。厦门溥泉为执行事务合伙人和基金管理人，公司作为有限合伙人参与本次投资，主要是借助市场化的机制、结合专业投资机构优势，扩大公司在碳中和生态领域的布局。宁德时代在公告中表示，公司作为有限合伙人参与本次投资，主要是借助市场化的机制、结合专业投资机构优势，扩大公司在碳中和生态领域的布局，以及通过市场化的专业投资管理团队拓展投资渠道，挖掘业务合作和发展机会，并获取合理投资回报，符合公司发展及股东利益。这并非宁德时代首次布局海南，今年4月份，宁德时代海南区域总部揭牌暨三方战略合作签约仪式在海口市龙华数字经济产业园（南海园）举行。作为全球领先的新能源创新科技公司，宁德时代此次落地海口、布局海南自贸港零碳生态产业，是其深耕海南、赋能自贸港绿色低碳发展与新能源产业升级的重要举措。根据协议，宁德时代海南区域总部将统筹零碳园区、储能电站、能源改造、应急保障、跨境资金运营等核心业务，龙华区、综保区将依托市级工作专班，为企业提供全流程政务服务、政策落地与要素保障，落实自贸港税收、跨境贸易等优惠政策，推动项目快速见效、产业集聚发展。据了解，宁德时代是全球领先的零碳新能源科技公司，致力于为全球新能源应用提供一流解决方案和服务，以全域增量战略构建零碳能源生态，推动能源转型与可持续发展。公司成立于2011年12月16日，2018年6月11日在深圳证券交易所上市。2026年半年报显示，宁德时代上半年实现营业收入2769.17亿元，同比增长55%。归母净利润432.84亿元，同比增长42%。来源：海岱财经综合。本文转载目的为传递更多资讯，若涉及侵权，烦请联系我方删除。阅读推荐Reading Recommendation加入通讯录加入联盟加入协会企业分布地图关于展会、论坛展位预定 毛元 Andy咨询电话131 6279 7809（同微信）公司邮箱sales@heliexpo.cn,,,,pending
上海、宜兴国资联手，投了一家固态电池材料企业,深圳电池技术展,深圳电池技术展,"RIOnews API, 新材料, 电池材料, 隔膜, 聚合物, 高比能, 富锂锰, 硅, 固态电池, 固态电解质, 固液混合, 合作进展, 融资, 投资, 学术研究, 大学, 教授, 科学院, 量产推进, 产能, 扩产, 产线建设",normal,2026-08-13T21:01:58+08:00,,10日讯，近日，陕西瑞智新能源科技有限公司（以下简称“瑞智新能源”）完成数千万元Pre-A+轮融资，本轮由上海辰耀宜创投资基金独家投资。该基金由上海国有资本投资有限公司旗下上海科创集团与宜兴经开区投资发展集团联合设立。本轮融资资金将全部用于瑞智新能源宜兴产业基地建设，重点推进智能产线升级、产能扩充、工艺优化和供应链完善。瑞智新能源成立于2021年，位于陕西省西安市，是一家从事界面涂层材料及固态电解质材料研发和生产的企业，核心产品包括锂电池主动功能隔膜和膜形态固态电解质。作为西北工业大学科研成果转化企业，瑞智新能源主要面向高比能电芯研发配套材料，目前已形成主动功能隔膜、膜形态固态电解质两条产品线,http://mp.weixin.qq.com/s?__biz=MzIxMDgwMDY4Mg==&mid=2247618158&idx=5&sn=c3b3f27ce740e826622414a887ce5ba6,,10日讯，近日，陕西瑞智新能源科技有限公司（以下简称“瑞智新能源”）完成数千万元Pre-A+轮融资，本轮由上海辰耀宜创投资基金独家投资。该基金由上海国有资本投资有限公司旗下上海科创集团与宜兴经开区投资发展集团联合设立。本轮融资资金将全部用于瑞智新能源宜兴产业基地建设，重点推进智能产线升级、产能扩充、工艺优化和供应链完善。瑞智新能源成立于2021年，位于陕西省西安市，是一家从事界面涂层材料及固态电解质材料研发和生产的企业，核心产品包括锂电池主动功能隔膜和膜形态固态电解质。作为西北工业大学科研成果转化企业，瑞智新能源主要面向高比能电芯研发配套材料，目前已形成主动功能隔膜、膜形态固态电解质两条产品线,10日讯，近日，陕西瑞智新能源科技有限公司（以下简称“瑞智新能源”）完成数千万元Pre-A+轮融资，本轮由上海辰耀宜创投资基金独家投资。该基金由上海国有资本投资有限公司旗下上海科创集团与宜兴经开区投资发展集团联合设立。本轮融资资金将全部用于瑞智新能源宜兴产业基地建设，重点推进智能产线升级、产能扩充、工艺优化和供应链完善。瑞智新能源成立于2021年，位于陕西省西安市，是一家从事界面涂层材料及固态电解质材料研发和生产的企业，核心产品包括锂电池主动功能隔膜和膜形态固态电解质。作为西北工业大学科研成果转化企业，瑞智新能源主要面向高比能电芯研发配套材料，目前已形成主动功能隔膜、膜形态固态电解质两条产品线。据公司介绍，相关产品可适配液态、半固态和全固态等不同电芯体系，主要用于改善锂电池能量密度和热安全性能，应用场景覆盖动力电池、大型储能等领域。瑞智新能源披露，其核心产品目前已进入下游头部电池厂商供应链体系，并实现规模化订单交付。不过，公司尚未披露具体客户、订单金额和产品交付规模。随着固态电池逐步由实验室研发走向工程化验证，固态电解质等关键材料成为产业链企业和投资机构重点布局的方向。近一年来，多家固态电池材料企业相继获得融资。2025年11月，蓝固新能源完成约2亿元B轮融资，投资方包括遂宁产投、九智资本；2026年1月，因势新材料完成数千万元天使轮融资，由瑞丞基金领投，祥峰投资、安徽国控集团旗下国控投资公司跟投，小米战投继续追加投资；2026年4月，泰科聚能完成数千万元Pre-A轮融资，由海愿资本、东莞科创集团联合投资。相关企业也在加快推进固态电池材料的中试和产线建设。2026年1月，万润股份披露，其固态电池材料硫化锂已完成实验室小试，中试产线建设已经启动；同月，因势新材料披露，已量产两大系列六款标准化硫化物固态电解质产品；2026年4月，国瓷材料表示，已建成硫化物固态电解质自动化生产线，后续将根据行业发展和下游客户产业化进度规划扩产。政策及标准体系也在逐步完善。2026年6月30日，工信部装备工业一司汽车发展处处长马春生在中国汽车动力电池产业创新联盟2026年度论坛上表示，下一步将支持产业链上下游开展联合创新攻关，重点突破全固态电池、高比能锂离子电池等关键技术，加大富锂锰基正极、硅基负极、固态电解质等材料攻关。GB/T《电动汽车用固态电池 第1部分：术语和分类》已于2025年12月完成征求意见稿编制。中汽中心此前预计，该标准将于2026年7月正式发布。不过，截至目前，全国标准信息公共服务平台显示，该标准仍处于批准阶段，尚未正式发布。根据此前披露的信息，该标准将对液态电池、混合固液电池和固态电池等术语及分类作出规范。资本投入方面，TrendForce集邦咨询发布的报告显示，2025年至2026年第一季度，全球固态电池领域相关融资事件超过57起，共有46家企业获得新一轮资金，已披露融资总额超过13亿美元，约合人民币97亿元，资金重点流向硫化物以及聚合物、氧化物复合等技术路线。不过，从工程化验证到规模化装车，固态电池仍面临材料性能、生产工艺、产品良率和制造成本等多方面挑战。中国科学院院士、清华大学教授欧阳明高此前表示，中国动力电池产业需要并行发展高比能全固态电池与低成本、长寿命锂离子电池两条技术路线。按照其判断，2030年后，动力电池将逐步由固液混合向全固态过渡，能量密度有望提升至450—500Wh/kg以上，正负极和固态电解质材料也将随之迭代。对于产业化节奏，欧阳明高预计，全固态电池可能于2027年开始小批量装车，但真正形成规模、占到约1%的市场份额，可能仍需五至十年。来源：科创板日报。本文转载目的为传递更多资讯，若涉及侵权，烦请联系我方删除。阅读推荐Reading Recommendation加入通讯录加入联盟加入协会企业分布地图关于展会、论坛展位预定 毛元 Andy咨询电话131 6279 7809（同微信）公司邮箱sales@heliexpo.cn,,,,pending
亿纬锂能与省油灯深化轻量化便携储能领域合作,深圳电池技术展,深圳电池技术展,"RIOnews API, 前沿表征, 工况, 合作进展, 战略合作, 合作",normal,2026-08-13T21:01:58+08:00,,近日，亿纬锂能与深圳市省油灯网络科技有限公司（以下简称“省油灯”）举行战略合作签约仪式。省油灯技术总监陈信开、市场总监孙运广、采购经理李晶晶，亿纬锂能圆柱电池产品线总裁尚迎梅、销售部副总经理崔杰、圆柱电池研究院杨成、战略经营部总监孙西西等双方领导出席并见证签约；省油灯副总经理钟秋香与亿纬锂能圆柱电池产品线销售部总经理赵建代表双方签约。作为全球便携储能与智慧绿电优质新锐企业，省油灯凭借全栈自研 BMS 与双向逆变核心技术构筑硬核产品力，旗下 ABOK 品牌业务覆盖全球 100 多个国家和地区，累计出货量超 150 万台。双方长期保持稳定务实的配套合作关系，自 2021 年亿纬锂能 C 系列圆柱电,http://mp.weixin.qq.com/s?__biz=MzIxMDgwMDY4Mg==&mid=2247618158&idx=4&sn=997c2941387f4a568ad9a03995784885,,近日，亿纬锂能与深圳市省油灯网络科技有限公司（以下简称“省油灯”）举行战略合作签约仪式。省油灯技术总监陈信开、市场总监孙运广、采购经理李晶晶，亿纬锂能圆柱电池产品线总裁尚迎梅、销售部副总经理崔杰、圆柱电池研究院杨成、战略经营部总监孙西西等双方领导出席并见证签约；省油灯副总经理钟秋香与亿纬锂能圆柱电池产品线销售部总经理赵建代表双方签约。作为全球便携储能与智慧绿电优质新锐企业，省油灯凭借全栈自研 BMS 与双向逆变核心技术构筑硬核产品力，旗下 ABOK 品牌业务覆盖全球 100 多个国家和地区，累计出货量超 150 万台。双方长期保持稳定务实的配套合作关系，自 2021 年亿纬锂能 C 系列圆柱电,近日，亿纬锂能与深圳市省油灯网络科技有限公司（以下简称“省油灯”）举行战略合作签约仪式。省油灯技术总监陈信开、市场总监孙运广、采购经理李晶晶，亿纬锂能圆柱电池产品线总裁尚迎梅、销售部副总经理崔杰、圆柱电池研究院杨成、战略经营部总监孙西西等双方领导出席并见证签约；省油灯副总经理钟秋香与亿纬锂能圆柱电池产品线销售部总经理赵建代表双方签约。作为全球便携储能与智慧绿电优质新锐企业，省油灯凭借全栈自研 BMS 与双向逆变核心技术构筑硬核产品力，旗下 ABOK 品牌业务覆盖全球 100 多个国家和地区，累计出货量超 150 万台。双方长期保持稳定务实的配套合作关系，自 2021 年亿纬锂能 C 系列圆柱电芯量产，省油灯规模化搭载 C40 电芯，依托其安全稳定、长循环寿命、高一致性等核心优势，持续迭代便携储能产品，稳步拓展全球市场。本次深化合作聚焦户外出行、家庭分布式用电、轻量化智能能源设备等应用场景，贴合储能设备对圆柱电芯功率输出、高低温适应性、使用寿命等维度的实际工况需求。依托成熟的圆柱电芯技术、完善的产品矩阵与高标准的品控体系，亿纬锂能为省油灯多系便携储能产品精准匹配场景化电芯方案，提供多品类电芯支持，有效提升终端产品整体使用表现。未来，双方将立足轻量化民用储能赛道发展趋势，持续深化产品适配与工况协同。依托双方各自在电芯制造与终端产品创新的优势，共同优化全球便携储能产品体验，推动绿色能源产品在全球市场的落地应用。阅读推荐Reading Recommendation加入通讯录加入联盟加入协会企业分布地图关于展会、论坛展位预定 毛元 Andy咨询电话131 6279 7809（同微信）公司邮箱sales@heliexpo.cn,,,,pending
蔚来换电，将不再是拖累,深圳电池技术展,深圳电池技术展,"RIOnews API, 新材料, 碳, 合作进展, 投资, 合作",normal,2026-08-13T21:01:58+08:00,,日前，盖世汽车报道蔚来最新充换电网络建设进展时，有网友留言称“这可不是护城河，弄不好是坑”。对于长期关注蔚来发展的人士来说，大部分或许都赞同这一观点。拆分蔚来的营收和盈利结构可以发现，换电网络属于典型的重资产投入。蔚来官方数据显示，蔚来在充换电技术和基础设施领域已累计投入超过200亿元。从盈利端看，蔚来2025年第四季度首次实现单季度盈利，净利润2.83亿元，但全年仍净亏损149.43亿元。同期，蔚来整车毛利率已提升至18.1%，2026年一季度进一步升至约19%。整车业务盈利能力的持续改善，与换电网络的持续高投入形成了鲜明对比。但现在，蔚来换电业务换了活法，或许不再是拖累了。国资出钱，蔚来运,http://mp.weixin.qq.com/s?__biz=MzIxMDgwMDY4Mg==&mid=2247618158&idx=2&sn=14f3b12011ccc17785a9071e0230ff4e,,日前，盖世汽车报道蔚来最新充换电网络建设进展时，有网友留言称“这可不是护城河，弄不好是坑”。对于长期关注蔚来发展的人士来说，大部分或许都赞同这一观点。拆分蔚来的营收和盈利结构可以发现，换电网络属于典型的重资产投入。蔚来官方数据显示，蔚来在充换电技术和基础设施领域已累计投入超过200亿元。从盈利端看，蔚来2025年第四季度首次实现单季度盈利，净利润2.83亿元，但全年仍净亏损149.43亿元。同期，蔚来整车毛利率已提升至18.1%，2026年一季度进一步升至约19%。整车业务盈利能力的持续改善，与换电网络的持续高投入形成了鲜明对比。但现在，蔚来换电业务换了活法，或许不再是拖累了。国资出钱，蔚来运,日前，盖世汽车报道蔚来最新充换电网络建设进展时，有网友留言称“这可不是护城河，弄不好是坑”。对于长期关注蔚来发展的人士来说，大部分或许都赞同这一观点。拆分蔚来的营收和盈利结构可以发现，换电网络属于典型的重资产投入。蔚来官方数据显示，蔚来在充换电技术和基础设施领域已累计投入超过200亿元。从盈利端看，蔚来2025年第四季度首次实现单季度盈利，净利润2.83亿元，但全年仍净亏损149.43亿元。同期，蔚来整车毛利率已提升至18.1%，2026年一季度进一步升至约19%。整车业务盈利能力的持续改善，与换电网络的持续高投入形成了鲜明对比。但现在，蔚来换电业务换了活法，或许不再是拖累了。国资出钱，蔚来运营8月12日，蔚来能源与光谷交通集团在武汉举行首批合作充换电站交付仪式暨光谷空轨换电站上线三周年活动。双方合作共建运营的首批36座充换电站正式完成交付。此次交付的核心，不在于36座站点本身，而在于背后的合作模式。这批充换电站资产由光谷交通集团持有，依托蔚来能源行业领先的技术优势及经验进行运营。图片来源：蔚来汽车用蔚来汽车的表述，这是“国资合作方持有资产+蔚来专业运营”模式在湖北区域的重要实践。此次交割完成后，武汉市内所有存量换电站资产均由国资合作伙伴持有。这既是蔚来能源生态开放的体现，也是国资对换电模式的认可，更意味着换电模式的商业逻辑正在跑通。对蔚来而言，这一模式的现实意义十分明确。过去，换电站的建设和持有主要依靠蔚来自身投入。换电网络属于典型的重资产基础设施，单站建设成本约为150万元，年运维成本高企。建设规模越大，对资金和后续运营效率的要求也越高。引入地方国资持有充换电资产后，蔚来可以将更多资金和精力投向技术研发和运营效率提升，资本投入压力明显减轻。武汉项目并非个例。蔚来汽车表示，目前蔚来能源已与25个省市、地区的超过40家地方国资平台及金融机构类合作伙伴展开合作，共同建成并投运超过800座换电站。图片来源：蔚来能源按照双方规划，光谷交通集团与蔚来能源后续还将以类似模式推进湖北省及全国其他地区的站点合作。对用户来说，这种模式的变化几乎无感。充换电站本身和平时一样，用户体验不会受到任何影响。相反，随着国资合作方的加入，充换电站的建设速度可能加快，总数量持续增加，用户的补能体验只会更好。截至8月12日，蔚来已在全国建成9198座充换电站，其中换电站4017座、充电站5181座、充电桩29875根，累计换电服务超过1.2亿次，充换电服务超过2亿次。一个随之而来的问题是，国资持有这些充换电站资产，会亏本吗？有业内人士认为，可能不会。蔚来换电联盟目前已汇聚长安、吉利、奇瑞、江淮、广汽、路特斯、中国一汽等多家车企，宁德时代也以投资方身份入局。图片来源：蔚来蔚来第五代换电站采用可伸缩VGA机械臂，能适配不同轴距和电池规格的车型，跨品牌共享能力正在提升。蔚来创始人李斌曾公开表示，换电站日均换电达到60次即可实现盈利。如果未来联盟车企的换电车型陆续落地，换电站的利用率将有明显提升空间，资产回报也会随之改善。不过，网络规模领先并不意味着换电模式的商业账已经完全跑通。随着新能源汽车超快充技术持续进步，换电仍需要证明站点利用率、资产回报和跨品牌共享能力。在蔚来换电联盟中，奇瑞星纪元ET等部分车型换电版已接入蔚来换电体系并实现交付，成为首个共享蔚来换电站的第三方品牌。随着更多联盟车企的换电车型陆续落地，蔚来可获得以下利好：收入来源多元化：换电服务费之外，还有充电收入、储能峰谷套利、站点广告位等补充收入；运营效率提升：第五代换电站单日极限服务能力500次以上，效率提升在摊薄单站成本；国资的战略考量：充换电站属于新基建，符合碳中和方向，能带动地方新能源产业链配套，价值不完全等同于单纯财务投资。从武汉此次交付来看，蔚来正在尝试把自身角色进一步向换电技术和网络运营商延伸。相比单纯增加站点数量，这种“资产持有与专业运营分离”的模式能否降低扩张成本、改善充换电业务的可持续性，可能才是市场更值得关注的部分。如果这一模式在全国范围跑通，蔚来换电或许真的不再是拖累，而是真正的护城河。来源：盖世汽车。本文转载目的为传递更多资讯，若涉及侵权，烦请联系我方删除。阅读推荐Reading Recommendation加入通讯录加入联盟加入协会企业分布地图关于展会、论坛展位预定 毛元 Andy咨询电话131 6279 7809（同微信）公司邮箱sales@heliexpo.cn,,,,pending
宁德时代成立两家新公司！,锂电前沿,锂电前沿,"RIOnews API, 宁德时代",normal,2026-08-13T20:27:00+08:00,,北京时代智科汽车零部件制造有限公司天眼查App显示，8月11日，北京时代智科汽车零部件制造有限公司成立，法定代表人为杨汉兵，注册资本100万人民币。公司经营范围含汽车零部件及配件制造、汽车零部件研发、新能源汽车电附件销售、新能源汽车换电设施销售等，注册地址位于北京市顺义区。股东信息显示，该公司由宁德时代（上海）智能科技有限公司100%持股，认缴出资100万元人民币，企业类型为有限责任公司（法人独资）。时代电服（厦门）控股有限公司8月12日，时代电服（厦门）控股有限公司成立，注册资本61亿元，经营范围包含：人工智能基础软件开发；新能源汽车电附件销售；数据处理和存储支持服务；信息技术咨询服务等。企,http://mp.weixin.qq.com/s?__biz=MzkzODYxNTc2OA==&mid=2247511486&idx=1&sn=160caf4559c6ca14479572cf48a3c865,,北京时代智科汽车零部件制造有限公司天眼查App显示，8月11日，北京时代智科汽车零部件制造有限公司成立，法定代表人为杨汉兵，注册资本100万人民币。公司经营范围含汽车零部件及配件制造、汽车零部件研发、新能源汽车电附件销售、新能源汽车换电设施销售等，注册地址位于北京市顺义区。股东信息显示，该公司由宁德时代（上海）智能科技有限公司100%持股，认缴出资100万元人民币，企业类型为有限责任公司（法人独资）。时代电服（厦门）控股有限公司8月12日，时代电服（厦门）控股有限公司成立，注册资本61亿元，经营范围包含：人工智能基础软件开发；新能源汽车电附件销售；数据处理和存储支持服务；信息技术咨询服务等。企,北京时代智科汽车零部件制造有限公司天眼查App显示，8月11日，北京时代智科汽车零部件制造有限公司成立，法定代表人为杨汉兵，注册资本100万人民币。公司经营范围含汽车零部件及配件制造、汽车零部件研发、新能源汽车电附件销售、新能源汽车换电设施销售等，注册地址位于北京市顺义区。股东信息显示，该公司由宁德时代（上海）智能科技有限公司100%持股，认缴出资100万元人民币，企业类型为有限责任公司（法人独资）。时代电服（厦门）控股有限公司8月12日，时代电服（厦门）控股有限公司成立，注册资本61亿元，经营范围包含：人工智能基础软件开发；新能源汽车电附件销售；数据处理和存储支持服务；信息技术咨询服务等。企查查股权穿透显示，该公司由宁德时代全资持股。,,,,pending
全固态电池！1500次循环后容量保持率超70% ！北京科技大学范丽珍/李叶晶&中科院物理所王雪锋，最新AM！,深水科技咨询,深水科技咨询,"RIOnews API, 新材料, 粘结剂, 聚合物, 高比能, 富锂锰, 固态电池, 固态电解质, 钠离子电池, 学术研究, 大学, 教授",normal,2026-08-13T20:08:00+08:00,,全固态电池因其高安全性和高能量密度优势，被广泛认为是下一代电池技术的关键方向。硫化物固态电解质具有优异的室温离子电导率（超过10⁻² S cm⁻¹）和良好的机械加工性能，是实现全固态电池实用化的核心材料。然而，将硫化物电解质加工成超薄自支撑膜仍面临巨大挑战。传统湿法加工中极性溶剂会引起硫化物分解，而非极性溶剂难以溶解聚合物粘结剂。干法加工虽能避免溶剂降解，但常规绝缘性粘结剂（如PTFE、PVDF）严重阻碍Li⁺的跨颗粒传输，使离子电导率下降一个数量级以上。2026年8月10日，北京科技大学范丽珍教授、李叶晶副教授、中科院物理所王雪锋研究员、中国人民解放军防化研究院Hao Zhang在《Adva,http://mp.weixin.qq.com/s?__biz=MzI2NTI1Njk5Mw==&mid=2247634120&idx=1&sn=0b7aaf1a22103475cb6f9914e9183c4d,,全固态电池因其高安全性和高能量密度优势，被广泛认为是下一代电池技术的关键方向。硫化物固态电解质具有优异的室温离子电导率（超过10⁻² S cm⁻¹）和良好的机械加工性能，是实现全固态电池实用化的核心材料。然而，将硫化物电解质加工成超薄自支撑膜仍面临巨大挑战。传统湿法加工中极性溶剂会引起硫化物分解，而非极性溶剂难以溶解聚合物粘结剂。干法加工虽能避免溶剂降解，但常规绝缘性粘结剂（如PTFE、PVDF）严重阻碍Li⁺的跨颗粒传输，使离子电导率下降一个数量级以上。2026年8月10日，北京科技大学范丽珍教授、李叶晶副教授、中科院物理所王雪锋研究员、中国人民解放军防化研究院Hao Zhang在《Adva,全固态电池因其高安全性和高能量密度优势，被广泛认为是下一代电池技术的关键方向。硫化物固态电解质具有优异的室温离子电导率（超过10⁻² S cm⁻¹）和良好的机械加工性能，是实现全固态电池实用化的核心材料。然而，将硫化物电解质加工成超薄自支撑膜仍面临巨大挑战。传统湿法加工中极性溶剂会引起硫化物分解，而非极性溶剂难以溶解聚合物粘结剂。干法加工虽能避免溶剂降解，但常规绝缘性粘结剂（如PTFE、PVDF）严重阻碍Li⁺的跨颗粒传输，使离子电导率下降一个数量级以上。2026年8月10日，北京科技大学范丽珍教授、李叶晶副教授、中科院物理所王雪锋研究员、中国人民解放军防化研究院Hao Zhang在《Advanced Materials》上发表题为“Dual-Binder-Enabled 18-μm-Thick High-Conductivity Sulfide Electrolyte Film for High-Energy-Density All-Solid-State Batteries”的研究论文，提出双粘结剂策略，将导锂聚合物LiTFSI-PMEMA与PTFE结合，通过干法热轧工艺制备了厚度仅18 μm、离子电导率高达1.56 mS cm⁻¹的超薄硫化物电解质膜。研究团队首先合成了LiTFSI-PMEMA导锂聚合物粘结剂，其室温离子电导率为1.04×10⁻⁴ S cm⁻¹。通过将LiTFSI-PMEMA薄膜与LPSCI-PTFE前驱体膜叠层、折叠和热轧，实现了各组分的均匀混合与致密化。所得USF厚度仅18 μm，为目前干法加工报道中最薄的硫化物电解质膜。压汞分析显示USF孔隙率仅14.36%，远低于前驱体膜的34.99%。纳米压痕测试表明USF具有更高的能量耗散效率（47.7%），体现其优异的应力耗散能力。Cryo-TEM表征显示LiTFSI-PMEMA在LPSCI颗粒表面形成约7 nm的共形包覆层，构筑了聚合物-陶瓷复合结构。⁷Li ssNMR谱显示USF中除LPSCI相关共振（1.35 ppm）和聚合物相关共振（-1.14和0.36 ppm）外，还存在一个位于0.88 ppm的中间宽化组分。结合DFT计算，研究团队提出了LPSCI主导的Li⁺传输模型：路径I为LPSCI体相快速传导（迁移能垒0.55 eV）；路径II为LPSCI/LiTFSI-PMEMA接触区域辅助传输（0.85 eV）；路径III为聚合物相内缓慢传输（1.20 eV）。该模型表明导锂粘结剂不仅提供了机械支撑，还在相邻硫化物颗粒之间维持了局域Li⁺传输连续性。LiIn|USF|LiIn对称电池临界电流密度达2.2 mA cm⁻²，在0.5 mA cm⁻²下稳定循环超过1200小时，远优于LPSCI-PTFE对照体系的212小时。LCO|USF|LiIn全电池在0.5C下经1500次循环后容量保持率达70.3%。NCM721|USF|nSi全电池在0.5C下经300次循环后保持81.3%容量，基于正极、负极和电解质总质量计算的能量密度达366.8 Wh kg⁻¹。采用冷等静压组装的NCM721|USF|nSi软包电池在0.1C下稳定循环40次，叠层能量密度达322.7 Wh kg⁻¹。1、提出双粘结剂干法热轧策略，将导锂聚合物LiTFSI-PMEMA与PTFE协同使用，制备出厚度仅18 μm的超薄硫化物电解质膜，离子电导率达1.56 mS cm⁻¹。2、结合cryo-TEM、ssNMR和DFT计算，揭示LPSCI体相主导、聚合物/硫化物接触区域辅助的Li⁺多路径传输模型，阐明导锂粘结剂在维持局域离子传输连续性中的关键作用。3、超薄电解质膜使LCO|USF|LiIn全电池1500次循环后容量保持率70.3%，NCM721|USF|nSi软包电池叠层能量密度达322.7 Wh kg⁻¹，展示实用化潜力。图1 超薄硫化物电解质膜的干法热轧制备流程与结构表征图2 USF中Li⁺传输行为与传输机制图3 LiIn|SSEs|LiIn对称电池的电化学稳定性图4 LCO|SSEs|LiIn全固态电池在30℃下的电化学性能。图5 高能量密度NCM721|USF|nSi全固态电池的电化学性能本研究通过双粘结剂干法热轧策略，制备了厚度18 μm、离子电导率1.56 mS cm⁻¹的超薄硫化物电解质膜，突破了硫化物电解质薄膜化的制备瓶颈。导锂聚合物LiTFSI-PMEMA兼具机械粘结与离子传导双功能，其与PTFE的协同作用实现了电解质的致密化与力学性能优化。结合cryo-TEM、ssNMR和DFT计算，研究提出了LPSCI体相主导、接触区域辅助的Li⁺多路径传输模型，揭示了导锂粘结剂在维持局域离子传输连续性中的关键机制。基于USF的全固态电池在LCO和NCM721体系中均展现出优异的循环稳定性，NCM721|USF|nSi软包电池叠层能量密度达322.7 Wh kg⁻¹。该工作为硫化物电解质薄膜的规模化制备和全固态电池的高能量密度化提供了可行路径。文献链接：https://doi.org/10.1002/adma.74533文章来源：新能源前沿《固态电池行业技术发展与市场投资前景分析》《钠离子电池技术发展与产业前景研究报告》《富锂锰基动力电池产业研究及其市场前景分析》《中国全固态薄膜电池和全固态超级电容器技术与市场调研报告》《中国高能量高功率锂离子电池负极材料技术发展与市场投资规划报告》▲以上报告由深水科技咨询制作 咨询电话：***********全固态电池因其高安全性和高能量密度优势，被广泛认为是下一代电池技术的关键方向。,,,,pending
超越传统认识！钠电锰基氧化物正极中水分子的双重作用,深水科技咨询,深水科技咨询,"RIOnews API, 新材料, 碳, 高比能, 富锂锰, 前沿表征, 原位, 固态电池, 钠离子电池, 钠电, 学术研究, 大学, 期刊",normal,2026-08-13T20:08:00+08:00,,科学材料站文 章 信 息水分子在锰基氧化物钠离子电池正极中的双重作用第一作者：闫亚平通讯作者：贾鑫贝*，朱燕芳*，肖遥*单位：温州大学科学材料站研 究 背 景随着可再生能源快速发展和大规模储能需求持续增长，资源丰富、成本较低的钠离子电池受到广泛关注。锰基氧化物正极具有锰资源丰富、环境友好、理论容量较高等优势，是钠离子电池中极具应用潜力的一类正极材料。然而，这类材料通常面临空气和水分敏感、结构稳定性不足、过渡金属溶解以及循环过程中不可逆相变等问题。长期以来，水分子通常被视为锰基氧化物正极中的有害杂质。材料在潮湿环境中可能发生Na⁺/H⁺交换、表面羟基化和碳酸盐化、过渡金属溶解以及不可逆结构演化，,http://mp.weixin.qq.com/s?__biz=MzI2NTI1Njk5Mw==&mid=2247634120&idx=2&sn=63137977a4c8427fda0a27ac165aecf8,,科学材料站文 章 信 息水分子在锰基氧化物钠离子电池正极中的双重作用第一作者：闫亚平通讯作者：贾鑫贝*，朱燕芳*，肖遥*单位：温州大学科学材料站研 究 背 景随着可再生能源快速发展和大规模储能需求持续增长，资源丰富、成本较低的钠离子电池受到广泛关注。锰基氧化物正极具有锰资源丰富、环境友好、理论容量较高等优势，是钠离子电池中极具应用潜力的一类正极材料。然而，这类材料通常面临空气和水分敏感、结构稳定性不足、过渡金属溶解以及循环过程中不可逆相变等问题。长期以来，水分子通常被视为锰基氧化物正极中的有害杂质。材料在潮湿环境中可能发生Na⁺/H⁺交换、表面羟基化和碳酸盐化、过渡金属溶解以及不可逆结构演化，,科学材料站文 章 信 息水分子在锰基氧化物钠离子电池正极中的双重作用第一作者：闫亚平通讯作者：贾鑫贝*，朱燕芳*，肖遥*单位：温州大学科学材料站研 究 背 景随着可再生能源快速发展和大规模储能需求持续增长，资源丰富、成本较低的钠离子电池受到广泛关注。锰基氧化物正极具有锰资源丰富、环境友好、理论容量较高等优势，是钠离子电池中极具应用潜力的一类正极材料。然而，这类材料通常面临空气和水分敏感、结构稳定性不足、过渡金属溶解以及循环过程中不可逆相变等问题。长期以来，水分子通常被视为锰基氧化物正极中的有害杂质。材料在潮湿环境中可能发生Na⁺/H⁺交换、表面羟基化和碳酸盐化、过渡金属溶解以及不可逆结构演化，进而造成容量衰减、极化增大和循环寿命缩短。近年来，越来越多研究表明，这种“水必然有害”的认识并不完整。水分子的作用高度依赖其存在位置、结合状态、含量以及与主体晶格的相互作用方式。合理引入或限制在特定位置的水分子，可以作为静电屏蔽体或层间结构支柱，缓解晶格应变、抑制锰溶解并促进Na⁺扩散。因此，如何区分不同状态的水分子，并将水从不可控的降解因素转化为可调控的功能介质，是理解和优化锰基氧化物钠离子电池正极的重要科学问题。科学材料站文 章 简 介近日，温州大学肖遥团队在国际知名期刊 Energy Storage Materials 在线发表题为“Dualistic Roles of Water Molecules in Mn-Based Oxide Cathodes for Sodium-ion Batteries”的综述文章。该综述系统总结了水分子在钠锰基氧化物正极中的双重作用。文章首先根据水分子在材料中的空间位置、结合状态和热稳定性，对其进行分类；随后系统讨论水诱导的Na⁺/H⁺交换、表面副反应、过渡金属溶解和结构退化机制，并重点总结在适宜含量和结构条件下，晶体水、晶格水在结构支撑、静电屏蔽、促进离子传输和提升电化学稳定性等方面的积极作用。文章进一步指出，水分子的实际效应不仅取决于其赋存状态和含量，还受到主体材料组成与结构等因素的影响。在此基础上，综述归纳了水介导合成、可控水合–脱水、离子交换及主体结构调控等策略，并提出结合多模态表征、同位素示踪和理论计算，精准识别水分子状态、解析其作用机制，从而指导状态选择性控水的未来研究方向。图1. 水分子在钠离子电池锰基氧化物正极中的双重作用及状态选择性调控示意图。合理调控水分子的赋存状态与含量，有望缓解其引发的界面副反应和结构退化，并发挥层间支撑、促进离子传输及抑制过渡金属溶出等作用。科学材料站本 文 要 点要点一：系统归纳锰基氧化物正极中水分子的不同赋存状态依据水分子所处位置、与主体晶格的相互作用强度及脱除温度范围，将其归纳为吸附水、配位结晶水、晶格结构水和层间受限水四类，梳理不同类型水分子的结构特征、典型表征信号及其可能产生的电化学影响，同时讨论不同水分形态之间的联系与交叉。文章指出，水分子对电极材料的影响不能仅依据总含水量判断，还需综合考虑其赋存状态、含量范围以及主体材料的组成与结构。要点二：完整梳理环境水分诱导锰基正极失效的主要机制阐明环境水蒸气会触发Na⁺/H⁺交换、颗粒表面碱式盐与碳酸盐杂质生成、过渡金属溶出、不可逆物相转变等等过程引起材料性能衰减。进一步比较P2和O3两类典型层状结构的水敏感性：部分O3型氧化物水合后容易发生不可逆阳离子无序和表面岩盐相重构，而部分P2型材料中的水插层与脱出具有一定可逆性。相关研究还表明，钠含量会显著影响水插层热力学，部分低钠含量P2型NaₓMnO₂更容易发生水插层，但其临界条件具有材料和结构依赖性。要点三：系统揭示特定形态水分子的正向调控机理证实适量结晶水、晶格水可充当层间静电屏蔽层与结构支柱，扩大离子扩散通道、降低离子迁移势垒，缓解充放电过程的晶格应变和Jahn-Teller（姜–泰勒）畸变，阻挡锰离子向层间迁移溶出。文章同时介绍介绍可控水合、分步分子-离子交换等水介导改性工艺，相关策略在部分锰基正极中表现出改善可逆容量、倍率性能和循环稳定性的潜力。需要强调的是，有益水分与有害水分之间不存在适用于所有材料的统一临界值，其作用取决于水分子的赋存状态和含量，并受到钠含量、过渡金属组成、晶体堆垛、缺陷结构及电化学工作条件等因素的共同影响。同时证明该水调控机理在普鲁士蓝、聚阴离子、锌离子、镁离子等多种储能电池正极体系中的表现与借鉴意义。要点四：精准识别与选择性调控水分子的关键挑战与未来研究策略总结当前水分子精准调控领域的核心瓶颈，包括弱结合水易在循环中脱附产气、合成制浆干燥全流程水分含量难以稳定控制、有益晶格水与有害吸附水难以选择性分离；文章梳理原位衍射、固态核磁、热重、卡尔费滴定、4D-透射电镜、同位素示踪、中子散射及理论计算等多尺度研究方法，强调水分总量定量、局域状态识别与动态过程追踪相结合。在此基础上，提出晶格掺杂锚定结构水、定向脱水、表面包覆阻隔游离水、湿度控制合成等状态选择性控水新思路，并建议建立标准化水分测试规范，为提升水分调控的可重复性和工艺适用性提供参考。图2摘要：水分子可由引发副反应和结构退化的有害因素，转变为具有电荷屏蔽、结构支撑和促进Na⁺迁移作用的功能组分（其实际效应取决于水分子的赋存状态与含量，以及主体材料的组成和结构）图3：汇总用于表征电极材料中水分子的多模态表征与理论研究方法。原位X射线/中子衍射用于追踪水合物相演变，固态核磁解析局域水配位环境，X射线光电子能谱和二次离子质谱分析表面水分布，热重分析与卡尔费休滴定表征水分脱除行为并定量含水量，准弹性中子散射探测水分子动态，4D-STEM和冷冻透射电镜解析局域结构与缺陷，拉曼/红外光谱结合同位素示踪识别水分子及氢键环境，密度泛函理论与分子动力学计算揭示水合过程的热力学和动力学，共同构成水分子含量、位置、配位及动态行为的多尺度研究体系。科学材料站总 结 与 展 望该综述指出，水分子在钠锰基氧化物正极中的作用不是简单的“有害”或“有益”，而是由其存在状态、空间位置、含量、主体结构及电化学条件共同决定。表面吸附水和失控水化通常会诱导副反应及结构退化，而适量、受限或与晶格合理配位的水分子则可能发挥结构支柱、静电屏蔽和离子传输促进作用。未来研究需要进一步建立水物种的统一分类和定量标准，发展原位及同位素敏感的表征技术，并结合理论计算揭示水分子进入、迁移、交换和脱出的全过程。同时，应将水分子调控与实际材料合成、空气储存、水系电极加工及规模化制造相结合，明确不同工艺阶段允许或需要的水含量窗口。从“严格排斥水”走向“识别水、调控水和利用水”，有望为兼具空气稳定性、加工适应性和长期电化学稳定性的锰基正极材料提供新的设计路径，并为锌离子、镁离子及其他多价离子电池中的水化学研究提供可迁移的理论框架。科学材料站文 章 链 接Dualistic Roles of Water Molecules in Mn-Based Oxide Cathodes for Sodium-ion Batterieshttps://www.sciencedirect.com/science/article/abs/pii/S2405829726005611文章来源：科学材料站《固态电池行业技术发展与市场投资前景分析》《钠离子电池技术发展与产业前景研究报告》《富锂锰基动力电池产业研究及其市场前景分析》《中国全固态薄膜电池和全固态超级电容器技术与市场调研报告》《中国高能量高功率锂离子电池负极材料技术发展与市场投资规划报告》▲以上报告由深水科技咨询制作 咨询电话：***********随着可再生能源快速发展和大规模储能需求持续增长，资源丰富、成本较低的钠离子电池受到广泛关注。,,,,pending
原位“追踪”锌离子电池中的碳点！中南大学侯红帅教授Advanced Materials：原位观测电场驱动构筑梯度碳点水凝胶电解质,深水科技咨询,深水科技咨询,"RIOnews API, 新材料, 碳, 聚合物, 高比能, 富锂锰, 凝胶, 前沿表征, 原位, 固态电池, 钠离子电池, 学术研究, 大学, 教授, 期刊",normal,2026-08-13T20:08:00+08:00,,研究背景随着“双碳”战略的持续推进以及大规模储能需求的快速增长，兼具高安全性、低成本和环境友好等优势的水系锌离子电池(AZIBs)被认为是下一代大规模储能体系的重要候选。然而，金属锌负极在实际循环过程中仍面临枝晶生长、析氢、腐蚀以及副产物累积等一系列问题，严重制约了水系锌离子电池的循环寿命和实际应用。究其根源，高活性的水分子以及锌/电解质界面处不均匀的电场分布，是诱发上述失效行为的重要因素。相比传统液态电解质，水凝胶电解质能够依靠聚合物网络对水分子进行一定程度的限域，从而降低自由水活性、抑制析氢并提升电池安全性。然而，在水凝胶电解质中，Zn²⁺的长程迁移、界面脱溶、锌沉积以及副反应实际上发生在,http://mp.weixin.qq.com/s?__biz=MzI2NTI1Njk5Mw==&mid=2247634120&idx=4&sn=57b55756896159ac87e6a59b9abed0d9,,研究背景随着“双碳”战略的持续推进以及大规模储能需求的快速增长，兼具高安全性、低成本和环境友好等优势的水系锌离子电池(AZIBs)被认为是下一代大规模储能体系的重要候选。然而，金属锌负极在实际循环过程中仍面临枝晶生长、析氢、腐蚀以及副产物累积等一系列问题，严重制约了水系锌离子电池的循环寿命和实际应用。究其根源，高活性的水分子以及锌/电解质界面处不均匀的电场分布，是诱发上述失效行为的重要因素。相比传统液态电解质，水凝胶电解质能够依靠聚合物网络对水分子进行一定程度的限域，从而降低自由水活性、抑制析氢并提升电池安全性。然而，在水凝胶电解质中，Zn²⁺的长程迁移、界面脱溶、锌沉积以及副反应实际上发生在,"研究背景随着“双碳”战略的持续推进以及大规模储能需求的快速增长，兼具高安全性、低成本和环境友好等优势的水系锌离子电池(AZIBs)被认为是下一代大规模储能体系的重要候选。然而，金属锌负极在实际循环过程中仍面临枝晶生长、析氢、腐蚀以及副产物累积等一系列问题，严重制约了水系锌离子电池的循环寿命和实际应用。究其根源，高活性的水分子以及锌/电解质界面处不均匀的电场分布，是诱发上述失效行为的重要因素。相比传统液态电解质，水凝胶电解质能够依靠聚合物网络对水分子进行一定程度的限域，从而降低自由水活性、抑制析氢并提升电池安全性。然而，在水凝胶电解质中，Zn²⁺的长程迁移、界面脱溶、锌沉积以及副反应实际上发生在不同空间区域。体相区域需要兼顾快速的Zn²⁺传输，而靠近锌负极的界面区域则更需要均匀的Zn²⁺通量、稳定的界面化学环境以及受抑制的水活性。因此，传统均一结构的水凝胶电解质很难同时兼顾体相离子传输和界面稳定性。构筑具有空间梯度结构的水凝胶电解质，为解决这一矛盾提供了新的思路。然而，一个长期存在却容易被忽视的问题是：功能性添加剂究竟在电池工作过程中“去了哪里”？尤其对于碳点(CDs)而言，其具有超小尺寸、丰富表面官能团以及良好的亲锌性，近年来已被广泛用于调控锌沉积、抑制界面副反应以及构筑稳定界面。但在绝大多数研究中，碳点的空间分布及其实际工作位置主要依赖循环后的非原位表征进行推断。也就是说，我们能够“看到”循环后的结果，却很难直接看到碳点在真实电化学环境中的迁移过程。那么，碳点是否会在电场作用下发生定向迁移？它究竟如何到达锌负极界面？又如何在那里发挥作用？研究内容鉴于此，中南大学化学化工学院侯红帅教授团队设计了一种具有丰富酚羟基和优异荧光特性的碳点，并进一步建立了一个电化学工作站-共聚焦激光扫描显微镜原位耦合平台，首次直接追踪碳点在水系锌离子电池中的动态迁移行为。借助这一平台，研究人员首次在真实电场作用下直接观察到碳点的电泳迁移与界面富集过程：外加电场后，仅需数秒，荧光碳点便开始向锌负极一侧定向迁移，并逐渐形成明显的富碳点层。这一直接的动态证据表明，碳点并非简单地作为静态添加剂存在，而是能够响应电场发生空间重排，并主动富集于锌/电解质界面。基于这一发现，研究人员进一步利用电场驱动的电泳组装策略，在PVA水凝胶电解质中原位构筑了具有梯度碳点分布的2PVA@CDs水凝胶电解质。该结构能够在体相区域保留一定浓度的碳点，同时在靠近锌负极的界面区域形成富碳点层，从而实现“体相传输—界面调控”的空间协同。在此基础上，结合原位光学显微镜、XPS深度剖析、EPMA、TOF-SIMS、有限元模拟以及DFT计算，研究人员进一步揭示了碳点稳定锌负极的多重机制：碳点能够均质化界面电场、调控Zn²⁺通量、降低锌成核能垒、促进均匀成核与沉积，并抑制析氢和副产物生成，最终实现稳定的锌沉积/剥离。基于2PVA@CDs的Zn||Zn对称电池在 1 mA cm⁻²、1 mAh cm⁻² 条件下实现了长达 6500 h的稳定循环；即使在高达 85% DOD的深度放电条件下，仍可稳定运行 900 h。进一步组装的Zn||NVO全电池在3 A g⁻¹下循环2600次后仍保持 163.0 mAh g⁻¹ 的放电容量和 65.1%的容量保持率；Zn||I₂全电池在4 A g⁻¹下更可稳定运行 64000次，容量保持率达到77.3%。该成果以题为 “In Situ Visualizing the Electric-Field-Driven Assembly of Gradient Carbon Dot Hydrogel Electrolytes for Stable Zinc Battery”的研究论文发表于国际知名期刊 Advanced Materials。本文第一作者为罗定中，通讯作者为侯红帅教授，通讯单位为中南大学化学化工学院。研究亮点⭐首次“看见”碳点在锌电池中的动态迁移：碳点过去常被视为一种能够调控锌沉积的功能性添加剂，但其真实工作位置及动态行为通常只能通过循环后的表征进行间接推断。本工作利用碳点自身优异的荧光特性，将其从“功能添加剂”转变为“可视化示踪剂”，并将电化学工作站与共聚焦激光扫描显微镜耦合，建立了原位电化学-共聚焦可视化平台。在施加外部电场后，仅约10 s即可观察到荧光碳点在水凝胶中的定向迁移，并在约17 s时形成明显的富碳点界面层，直接证明了碳点的电场驱动电泳迁移和界面富集行为。⭐电场驱动“自己组装”的梯度凝胶电解质：基于碳点的负电性及其电泳特征，本工作利用电场驱动碳点空间重排，在PVA水凝胶中原位构筑梯度结构。该结构并非简单地将碳点均匀分散在电解质中，而是形成了体相保留+界面富集的空间分布，使碳点能够在电池运行过程中主动迁移至最需要进行界面调控的位置。进一步实验表明，碳点迁移不仅受到电场驱动，还受到锌沉积诱导应力的协同影响。⭐6500小时超长循环+85% DOD深度放电：得益于梯度碳点结构对锌负极的持续调控，2PVA@CDs Zn||Zn对称电池在1 mA cm⁻²和1 mAh cm⁻²条件下实现了6500 h的超长稳定循环。在更接近实际锌利用场景的85%深度放电条件下，仍能够稳定运行900 h。⭐从“看见碳点”到“看见锌沉积”：原位光学显微镜进一步揭示了碳点调控锌沉积的直接效果。在裸PVA体系中，仅沉积5 min后即可出现明显不规则突起，随着沉积时间延长，这些突起进一步发展为无序枝晶；而在2PVA@CDs体系中，锌沉积层始终保持平整、致密，未观察到明显枝晶。DFT计算表明，碳点上的醛基和羟基对Zn²⁺具有较强的吸附作用，有利于降低成核能垒并增加有效成核位点。⭐构筑“更稳定”的SEI：XPS深度剖析、EPMA及TOF-SIMS共同表明，2PVA@CDs体系能够显著改变锌负极SEI的化学组成和空间分布。2PVA@CDs体系SEI中的碳含量明显增加，同时CF₃SO₃⁻相关信号显著降低；EPMA进一步显示，2PVA@CDs体系锌电极中的碳含量达到12.6%，明显高于裸PVA体系的5.1%。TOF-SIMS则进一步证明碳点不仅存在于界面附近，还能够进入更深层的SEI区域，说明碳点可以与Zn²⁺发生共沉积，而并非仅仅物理吸附在锌表面。⭐从Zn||Zn到多种全电池体系的性能验证：2PVA@CDs不仅能够显著提升锌对称电池性能，在Zn||NVO全电池中同样表现出优异的倍率和长循环性能。3 A g⁻¹下循环2600次后，2PVA@CDs体系仍保持163.0 mAh g⁻¹的放电容量，而裸PVA体系仅剩28.8 mAh g⁻¹。进一步在Zn||I₂体系中，2PVA@CDs电解质实现了64000次循环、77.3%容量保持率。此外，基于该电解质构筑的柔性软包电池在弯曲甚至局部切割条件下仍能够持续点亮LED，展示了其进一步应用的潜力。图文导读KEY 1. 小尺寸碳点：既是功能添加剂，也是“荧光示踪剂”图1. 碳点的结构、组成及荧光特性(a) CDs的XRD图谱；(b) FT-IR光谱；(c) Zeta电位；(d) XPS全谱；(e)高分辨C 1s谱；(f)高分辨O 1s谱；(g) UV-vis吸收光谱；(h) PLE和PL光谱；(i)不同激发波长下的荧光发射光谱；(j) TEM图像；(k) HRTEM图像；(l) CDs粉末照片。▲研究人员首先通过乙醛与对羟基苯甲醛之间的碱催化羟醛反应并结合碳化过程制备了具有丰富酚羟基的碳点。XRD结果显示，CDs具有典型的无序碳结构；FT-IR和XPS表征证实其表面存在丰富的含氧官能团。同时，CDs表现出明显的荧光特性，在370 nm激发下可以产生约490 nm的强发射峰，并呈现激发依赖型荧光行为。更重要的是，TEM显示CDs尺寸均小于5 nm，平均Zeta电位约为**−100.9 mV**。这意味着CDs不仅具有足够小的尺寸以进入PVA水凝胶的三维网络，还具有负电性，可在外加电场作用下发生定向电泳迁移。因此，在本工作中，CDs同时承担了两个角色：功能性添加剂——调控Zn²⁺传输和锌沉积；荧光示踪剂——实时“报告”自身在电池中的空间位置。KEY 2. 从“均匀分散”到“界面富集”：梯度碳点结构的形成图2. 不同结构水凝胶电解质中的锌负极稳定性(a)不同结构设计水凝胶电解质的Zn||Zn循环性能；(b)不同CDs浓度；(c)85% DOD条件下循环性能；(d)倍率性能；(e)Tafel曲线；(f)成核过电位；(g)循环后Zn电极XRD；(h,i)原位DEMS析氢测试。▲研究人员分别设计了PVA、2PVA、PVA@CDs和2PVA@CDs等不同结构，用于区分CDs在体相电解质和锌界面中的作用。实验结果表明，单纯将CDs引入体相或者仅在锌表面修饰CDs均能够改善锌负极稳定性，但二者协同后效果最为显著。其中，2PVA@CDs体系在1 mA cm⁻²下实现了6500 h的超长循环寿命。进一步研究发现，2 g L⁻¹ CDs对应接近饱和的体系，是最优浓度。当CDs浓度继续提高至4和8 g L⁻¹时，由于过饱和CDs体系形成非均匀体相，反而可能阻碍离子传输并增加极化。同时，2PVA@CDs将锌腐蚀电流密度由PVA体系的60.5 μA cm⁻²降低至11.7 μA cm⁻²，并将锌成核过电位由28.5 mV降低至17.1 mV，说明CDs能够同时抑制界面副反应并促进锌均匀成核。KEY 3. 原位共聚焦：第一次直接“看见”碳点迁移图3. 不同结构水凝胶中的CDs空间分布及原位可视化(a–d)不同结构水凝胶循环前后的截面荧光图；(a1–d1)对应俯视荧光图；(e)静置而不循环条件下的2PVA@CDs；(f–j)不同体系循环后锌片的荧光图；(k)原位可视化平台示意图；(l)电化学-共聚焦耦合条件下CDs迁移过程。▲为了真正回答“CDs到底去了哪里”，研究人员利用CDs自身的荧光特性，对不同结构的水凝胶进行了共聚焦成像。2PVA在循环前表现出均匀的荧光分布，而循环后锌/水凝胶界面出现CDs富集；PVA@CDs体系则由于锌表面CDs浓度梯度驱动，表现出由锌表面向水凝胶内部扩散的特征。而在最关键的2PVA@CDs体系中，循环后可以明显观察到一层连续且厚度均匀的高荧光层覆盖于水凝胶表面，形成典型的梯度CDs结构。进一步通过无电化学循环的静置实验发现，仅仅依靠物理接触并不足以形成完整连续的CDs层，说明电化学过程在这一空间重排过程中发挥了关键作用。为了直接捕捉这一过程，研究人员进一步将电化学工作站与共聚焦显微镜耦合。外加电场后约10 s，CDs开始在水凝胶左侧形成荧光富集层；约17 s时，已经形成明显的富CDs层。这一结果首次直接展示了CDs在实际电场环境中的定向电泳迁移和界面富集过程。与传统的循环后“拍一张照片”不同，本工作真正记录了CDs从“哪里来”到“哪里去”的全过程。KEY 4. 碳点进入SEI：从“表面吸附”到“共沉积参与”图4. CDs调控的SEI化学组成及深度分布用裸PVA以及2PVA@CDs电解质循环的Zn阳极上(a)C1s、(b)F1s、(C)S2p和(d)O1s信号的XPS刻蚀分析。▲XPS深度剖析了C 1s、F 1s、S 2p和O 1s信号在不同溅射深度下的变化。XPS深度剖析显示，2PVA@CDs体系SEI中的碳含量在不同深度均明显高于裸PVA体系，而与CF₃SO₃⁻相关的C–F信号却明显减弱甚至消失。结合循环后锌电极上的强荧光信号，可以推断2PVA@CDs体系SEI中的碳主要来源于CDs，而并非Zn(OTF)₂副反应产物。由此，研究人员提出CDs在锌负极界面具有双重作用：一方面，CDs抑制副反应及副产物形成；另一方面，进入SEI的负电CDs能够对电解质中的CF₃SO₃⁻产生静电屏蔽作用，进一步降低其分解和累积。KEY5. 均匀电场+亲锌位点：让Zn²⁺“均匀落地”图5. 锌沉积形貌演变及CDs调控锌沉积的理论机制(a)原位光学显微镜观察Zn沉积；(b)不同循环次数后的Zn表面及截面SEM；(c)Zn沉积过程中的Zn²⁺浓度和电场分布模拟；(d)Zn²⁺在Zn表面和CDs官能团上的吸附能。▲在裸PVA体系中，Zn²⁺容易优先集中于局部凸起区域，并通过尖端效应进一步加速局部沉积，最终形成枝晶。而在2PVA@CDs体系中，CDs通过提供大量均匀分布的亲锌位点，使Zn²⁺能够在锌表面更加均匀地吸附和成核。有限元模拟显示，2PVA@CDs体系具有更加均一的界面电场分布，从而有效缓解局部电场增强。DFT计算进一步表明，CDs上的醛基和羟基对Zn²⁺具有较强的吸附能力，其吸附作用明显强于Zn表面的部分晶面位点，因此能够提供更加丰富的成核位点，降低Zn成核能垒。最终，CDs实现了：均匀电场→ 均匀Zn²⁺通量 → 丰富成核位点 → 均匀Zn沉积 → 抑制枝晶。KEY 6. 从对称电池到全电池：梯度电解质的实际应用潜力图6. Zn||NVO、Zn||I₂及软包电池性能(a)Zn||NVO CV曲线；(b)倍率性能；(c)24 h自放电；(d,e)长循环性能；(f)Zn||I₂长循环；(g)软包电池循环性能；(h)弯曲及局部切割状态下点亮LED。▲在Zn||NVO全电池中，2PVA@CDs体系表现出更高的峰电流、更小的氧化还原峰间距以及更优异的倍率性能。值得注意的是，在24 h自放电测试中，2PVA@CDs全电池仍保持**99.0%**的容量，而裸PVA体系仅保持80.8%。在3 A g⁻¹下循环2600次后，裸PVA体系仅剩28.8 mAh g⁻¹，容量保持率仅12.7%；而2PVA@CDs体系仍保持163.0 mAh g⁻¹，容量保持率达到65.1%。为了进一步验证电解质设计的普适性，研究人员还组装了Zn||I₂全电池。在4 A g⁻¹高电流密度下，2PVA@CDs体系实现了64000次稳定循环和77.3%的容量保持率。此外，基于2PVA@CDs构筑的软包电池在0.2 A g⁻¹下循环280次后仍保持64.3%的初始容量，并能够在90°弯曲及局部切割条件下持续点亮LED，进一步展示了梯度水凝胶电解质的柔性应用潜力。研究结论碳点究竟在水系锌电池中做什么？过去，我们更多是通过循环后的形貌、XPS或电化学性能变化去“猜测”碳点的作用位置；而本工作通过将碳点的功能性与荧光示踪能力合二为一，建立了电化学-共聚焦原位可视化平台，让这一过程从“推测”走向了“直接观察”。研究发现，具有负电性的CDs能够在外加电场作用下发生快速电泳迁移，并向锌负极界面富集；与此同时，锌沉积诱导的局部应力进一步促进CDs空间重排。最终，CDs在PVA水凝胶中形成稳定的梯度分布结构。这种动态梯度结构并非简单的空间分布，而是直接参与锌负极稳定化过程：一方面，CDs能够均质化界面电场并调节Zn²⁺通量；另一方面，其丰富的含氧官能团提供亲锌位点，降低Zn²⁺成核能垒，促进均匀成核和致密沉积；同时，CDs能够抑制析氢和副产物形成，并参与构筑更加稳定的SEI。最终，2PVA@CDs实现了6500 h的Zn||Zn超长循环、85% DOD下900 h稳定运行、Zn||I₂全电池64000次循环以及Zn||NVO全电池2600次长循环后的65.1%容量保持率。更重要的是，本工作所建立的原位可视化方法并不仅仅适用于碳点。如果一个功能性添加剂本身具有可追踪的光学信号，那么它在电池中的“迁移—富集—工作”过程是否也能够被实时看见？这一思路或许能够推动水系电池以及其他金属电池中的功能性添加剂研究，从传统的“循环前设计—循环后表征”，进一步走向**“运行过程中直接追踪”**。因此，本工作不仅提出了一种电场驱动构筑梯度水凝胶电解质的新策略，更重要的是建立了一种可视化、可追踪、可动态解析功能性添加剂真实工作位置的研究范式，为理解复杂电化学界面以及设计新型梯度电解质提供了新的研究思路。文献信息In Situ Visualizing the Electric-Field-Driven Assembly of Gradient Carbon Dot Hydrogel Electrolytes for Stable Zinc BatteryDingzhong Luo, Huaxin Liu, Zhenglei Geng, Xue Zhong, Zhi Zheng, Jiugang Hu, Wentao Deng, Guoqiang Zou, Hongshuai Hou*, Xiaobo JiAdvanced Materials研究单位：Hunan Provincial Key Laboratory of Chemical Power Sources, College of Chemistry and Chemical Engineering, Central South University, Changsha 410083, China通讯作者：Hongshuai HouDOI：http://doi.org/10.1002/adma.74436文章来源：水系储能《固态电池行业技术发展与市场投资前景分析》《钠离子电池技术发展与产业前景研究报告》《富锂锰基动力电池产业研究及其市场前景分析》《中国全固态薄膜电池和全固态超级电容器技术与市场调研报告》《中国高能量高功率锂离子电池负极材料技术发展与市场投资规划报告》▲以上报告由深水科技咨询制作 咨询电话：***********随着“双碳”战略的持续推进以及大规模储能需求的快速增长，兼具高安全性、低成本和环境友好等优势的水系锌离子电池(AZIBs)被认为是下一代大规模储能体系的重要候选。",,,,pending
西安理工大学李喜飞教授团队AEM: Cr/Br共掺杂调控D带中心解锁Na4Fe3(PO4)2P2O7正极电子/离子传输,深水科技咨询,深水科技咨询,"RIOnews API, 新材料, 碳, 高比能, 富锂锰, 前沿表征, 原位, 固态电池, 钠离子电池, 合作进展, 投资, 合作, 学术研究, 大学, 教授, 科学院, 期刊",normal,2026-08-13T20:08:00+08:00,,科学材料站文 章 信 息Cr/Br共掺杂调控D带中心解锁Na4Fe3(PO4)2P2O7正极电子/离子传输第一作者：王晓雪通讯作者：李喜飞单位：西安理工大学科学材料站研 究 背 景目前，钠离子电池因钠资源丰度高、化学性质与锂相似成为研究热点，正极材料对其电化学性能起决定性作用。铁基聚阴离子化合物Na4Fe3(PO4)2P2O7（NFPP）凭借热稳定性高、理论容量较高、成本低廉、环境友好等优势，成为极具应用前景的钠离子电池正极候选材料。但 NFPP 的 PO4/P2O7多阴离子基团隔离了FeO6八面体，Fe 3d 轨道电子高度局域化，导致材料本征电子导电性差、钠离子扩散动力学迟缓，在高倍率循环下,http://mp.weixin.qq.com/s?__biz=MzI2NTI1Njk5Mw==&mid=2247634120&idx=3&sn=1ec2ede2ef3cde369b15d127e22cf147,,科学材料站文 章 信 息Cr/Br共掺杂调控D带中心解锁Na4Fe3(PO4)2P2O7正极电子/离子传输第一作者：王晓雪通讯作者：李喜飞单位：西安理工大学科学材料站研 究 背 景目前，钠离子电池因钠资源丰度高、化学性质与锂相似成为研究热点，正极材料对其电化学性能起决定性作用。铁基聚阴离子化合物Na4Fe3(PO4)2P2O7（NFPP）凭借热稳定性高、理论容量较高、成本低廉、环境友好等优势，成为极具应用前景的钠离子电池正极候选材料。但 NFPP 的 PO4/P2O7多阴离子基团隔离了FeO6八面体，Fe 3d 轨道电子高度局域化，导致材料本征电子导电性差、钠离子扩散动力学迟缓，在高倍率循环下,"科学材料站文 章 信 息Cr/Br共掺杂调控D带中心解锁Na4Fe3(PO4)2P2O7正极电子/离子传输第一作者：王晓雪通讯作者：李喜飞单位：西安理工大学科学材料站研 究 背 景目前，钠离子电池因钠资源丰度高、化学性质与锂相似成为研究热点，正极材料对其电化学性能起决定性作用。铁基聚阴离子化合物Na4Fe3(PO4)2P2O7（NFPP）凭借热稳定性高、理论容量较高、成本低廉、环境友好等优势，成为极具应用前景的钠离子电池正极候选材料。但 NFPP 的 PO4/P2O7多阴离子基团隔离了FeO6八面体，Fe 3d 轨道电子高度局域化，导致材料本征电子导电性差、钠离子扩散动力学迟缓，在高倍率循环下易出现容量衰减与结构坍塌，制约了其商业化应用。现有改性策略中，元素掺杂虽被证实能从晶格与电子层面优化材料性能，但目前鲜有研究系统揭示不同电子构型的阴阳离子掺杂对 NFPP 电子结构与 Fe 能带结构的调控规律。因此，如何通过精准的电子结构调控提升 NFPP 的本征电子导电性与离子扩散速率，同时增强循环过程中的结构稳定性，成为 NFPP 正极材料面向高性能钠离子电池应用的关键科学瓶颈。科学材料站文 章 简 介基于此，西安理工大学李喜飞教授团队在Advanced Energy Materials期刊（影响因子25.5）上发表题为“Cr/Br Doping Induced Electron Delocalization Tuning D-Band Center Upshift in Na4Fe3(PO4)4P2O7 Cathode for Unlocking Electron/Ion Transport”的研究论文。该研究提出Cr3+/Br−共掺杂的电子离域调控策略，揭示了Cr3+的3d3 (t2g3 eg0)电子构型与Br− 的 4p 轨道效应协同驱动 Fe d 带中心向费米能级上移的作用机制。二者共同降低氧周围电子密度，促进 Fe 3d 与 O 2p 轨道重叠，实现 Fe 3d 轨道电子离域，从而显著提升电子传输速率并降低Na+扩散能垒。此外，更强的 Cr−O 键可作为结构骨架强化晶体稳定性，而呈梯度分布的 Br− 离子能够缓解表面劣化，实现电子传输与结构稳定性的协同优化。因此，所制备的 NFPP-Cr-Br 正极展现出优异的电化学性能：0.1 C 倍率下放电比容量达120.5 mAh g−1，10 C 高倍率下循环 2000 次后容量保持率为 86.2%；同时与多种硬碳负极均展现出良好兼容性，组装的 0.65 Ah 软包电池在 1 C 下循环 500 次后容量保持率达 80.6%。更重要的是，本文系统阐明了阴阳离子共掺杂对 NFPP 晶格结构与电子结构的协同调控机制，确立了 d 带中心作为性能描述符的构效关系，为高性能聚阴离子型正极材料的设计提供了新的研究视角与理论指导。图 1. （a）各样品的 X 射线衍射图谱；（b）32°–35° 区间的局部放大衍射图谱；（c） Cr3+与Br−在 FeO6 八面体中掺杂设计的示意图；（d）原始 NFPP 与（e）NFPP-Cr-Br 的 Rietveld 精修图谱；NFPP-Cr-Br 的（f）Fe 2p、（g）Cr 2p 与（h）Br 3d 的 X 射线光电子能谱；（i）原始 NFPP 与（j）NFPP-Cr-Br 的透射电子显微镜图像。图2. （a）NFPP-Cr-Br 样品中 Cr 位点掺杂与 Br 梯度掺杂的过程示意图；（b）NFPP-Cr-Br 颗粒截面的氩离子抛光 - 扫描电镜图像及 Cr、Br 元素的能谱线扫结果；（c）不同掺杂位点的形成能分析；（d）各样品的傅里叶变换红外光谱；（e）Fe─O 键与 Cr─O 键的晶体轨道哈密顿布居曲线；（f）Cr/Br 共掺杂 NFPP 的晶体结构示意图；（g）电子定域函数等值面图；（h）O 1s X 射线光电子能谱；（i）对分布函数谱图。图3. NFPP、NFPP-Cr、NFPP-Br 与 NFPP-Cr-Br 样品的电化学性能：（a）1.0 C 倍率下的循环性能；（b）放电曲线；（c）10 C 倍率下的长循环稳定性，插图为不同循环次数的充放电曲线；（d）倍率性能；（e, f）微分容量曲线；（g）NFPP-Cr-Br 与已报道研究的倍率性能对比；（h）计算得到的钠离子扩散系数。图4. 由（a）X 射线价带谱与（b）Fe 的投影态密度图计算得到的 d 带中心；（c）投影态密度图；（d）X 射线价带谱与由紫外 - 可见光谱得到的 Tauc 图；（e）能带结构示意图；（f）原始 NFPP 与 NFPP-Cr-Br 的钠离子扩散路径及扩散能垒；（g）d 带中心理论对性能影响的机理示意图。图5. （a, b）原位 X 射线衍射图谱及对应的充放电曲线；（c, d）28.3°–29.2° 与（e, f）32.0°–35.0° 区间的特征峰放大图；（g, h）对应的晶胞体积变化；（i）Fe K 边 X 射线吸收近边结构谱；（j）傅里叶变换扩展 X 射线吸收精细结构谱；（k）原始 NFPP 与（l）NFPP-Cr-Br 在初始态与 200 次循环后的 Fe K 边扩展 X 射线吸收精细结构小波变换图。图6. 不同循环次数下原始 NFPP 与 NFPP-Cr-Br 的电化学阻抗分析：（a, b）电化学阻抗谱；（c, d）弛豫时间分布曲线；1 C 下循环 200 次后（e）原始 NFPP 与（f）NFPP-Cr-Br 的高分辨透射电镜图像及对应的几何相位分析图；循环 10 次后 NFPP 与 NFPP-Cr-Br 正极的（g）杨氏模量分布与（h）表面粗糙度映射图；（i）NFPP-Cr-Br 的电化学作用机理示意图。图7. NFPP-Cr-Br|| 硬碳全电池的性能：（a）全电池结构示意图；（b）充放电曲线；（c）倍率性能；（d）循环性能；（e）与已报道全电池的能量密度对比；NFPP-Cr-Br|| 商业硬碳软包电池的电化学性能：（f）充放电曲线；（g）循环性能，插图为软包电池结构示意图及软包电池点亮 LED 灯泡的实物图。科学材料站本 文 要 点要点一：构建了具有差异化电子构型的 Cr3+ 阳离子与 Br− 阴离子共掺杂的 Na4Fe3(PO4)2P2O7 正极体系，应用于高性能钠离子电池聚阴离子正极改性。要点二：所制备的 NFPP-Cr-Br 正极本征电子导电性显著提升，兼具优异的倍率容量与长循环稳定性，与多种硬碳负极适配性良好，软包器件展现出可靠的实用化潜力。要点三：提出了 Fe d 带中心位置与 Na4Fe3(PO4)2P2O7 正极电化学活性的定量关联，将 d 带中心作为核心活性描述符，阐明了电子离域解锁离子/电子协同输运的内在作用机制。科学材料站文 章 链 接Cr/Br Doping Induced Electron Delocalization Tuning D-Band Center Upshift in Na4Fe3(PO4)4P2O7 Cathode for Unlocking Electron/Ion Transporthttps://doi.org/10.1002/aenm.71298科学材料站通 讯 作 者 简 介李喜飞，西安理工大学教授（二级）、博导，材料科学与工程学院院长，国家“万人计划”领军人才，国务院政府特殊津贴专家，从事锂/钠离子电池及关键材料的改性与应用研究，已发表SCI论文470余篇，包括ESI 高被引论文81篇，引用次数36000余次，H因子106。入选国家百千万人才工程、英国皇家化学会会士和科睿唯安“全球高被引科学家”（2018~至今）等，被授予国家有突出贡献中青年专家、全国石油和化工优秀科技工作者等，获陕西省科技进步一等奖（1/12）、陕西省自然科学二等奖（1/6）和中国石化联合会科学技术二等奖（1/10）等。担任国际电化学能源科学院副主席、中国内燃机学会燃料电池发动机分会副主任、中国石油与化工联合会化工新材料专委会副主任、国际期刊Electrochemical Energy Reviews（IF：50.6）执行主编和eChem副主编等，主持国家自然科学基金合作创新研究团队项目课题、国家自然基金面上项目和国家重点研发计划子课题等30余项科研项目，担任三秦英才特殊支持计划创全国一流团队等创新团队负责人。文章来源：科学材料站《固态电池行业技术发展与市场投资前景分析》《钠离子电池技术发展与产业前景研究报告》《富锂锰基动力电池产业研究及其市场前景分析》《中国全固态薄膜电池和全固态超级电容器技术与市场调研报告》《中国高能量高功率锂离子电池负极材料技术发展与市场投资规划报告》▲以上报告由深水科技咨询制作 咨询电话：***********目前，钠离子电池因钠资源丰度高、化学性质与锂相似成为研究热点，正极材料对其电化学性能起决定性作用。",,,,pending
华南理工刘军&中南大学韦伟峰/张春晓Joule，“界面空间工程”破解聚醚电解质高压难题,深水科技咨询,深水科技咨询,"RIOnews API, 新材料, 聚合物, 高比能, 锂金属, 富锂锰, 前沿表征, 原位, 固态电池, 固态电解质, 钠离子电池, 钠电, 合作进展, 投资, 合作, 学术研究, 大学, 教授, 期刊",normal,2026-08-13T20:00:00+08:00,,"科学材料站文 章 信 息通过空间工程化聚醚电解质界面实现高压和宽温域准固态电池通讯作者：刘军，韦伟峰， 张春晓单位：华南理工大学， 中南大学科学材料站研 究 背 景高能量密度锂金属电池的发展依赖于能够同时匹配高电压正极和锂金属负极的电解质体系。聚(1,3-二氧戊环)（PDOL）基准固态电解质因具备原位聚合简单、界面接触良好、离子传输性能较优等优势，被认为是高安全锂金属电池的重要候选体系。然而，PDOL 主链中长醚链在高电压条件下容易被氧化，尤其是在富过渡金属正极表面，过渡金属位点会催化醚链和含氧溶剂分解，导致厚而不稳定的正极电解质界面（CEI）生成、过渡金属溶解、气体释放以及容量快速衰减。因此",http://mp.weixin.qq.com/s?__biz=MzI2NTI1Njk5Mw==&mid=2247634121&idx=3&sn=c852bacbbbd3a277d704710349ad2f14,,"科学材料站文 章 信 息通过空间工程化聚醚电解质界面实现高压和宽温域准固态电池通讯作者：刘军，韦伟峰， 张春晓单位：华南理工大学， 中南大学科学材料站研 究 背 景高能量密度锂金属电池的发展依赖于能够同时匹配高电压正极和锂金属负极的电解质体系。聚(1,3-二氧戊环)（PDOL）基准固态电解质因具备原位聚合简单、界面接触良好、离子传输性能较优等优势，被认为是高安全锂金属电池的重要候选体系。然而，PDOL 主链中长醚链在高电压条件下容易被氧化，尤其是在富过渡金属正极表面，过渡金属位点会催化醚链和含氧溶剂分解，导致厚而不稳定的正极电解质界面（CEI）生成、过渡金属溶解、气体释放以及容量快速衰减。因此","科学材料站文 章 信 息通过空间工程化聚醚电解质界面实现高压和宽温域准固态电池通讯作者：刘军，韦伟峰， 张春晓单位：华南理工大学， 中南大学科学材料站研 究 背 景高能量密度锂金属电池的发展依赖于能够同时匹配高电压正极和锂金属负极的电解质体系。聚(1,3-二氧戊环)（PDOL）基准固态电解质因具备原位聚合简单、界面接触良好、离子传输性能较优等优势，被认为是高安全锂金属电池的重要候选体系。然而，PDOL 主链中长醚链在高电压条件下容易被氧化，尤其是在富过渡金属正极表面，过渡金属位点会催化醚链和含氧溶剂分解，导致厚而不稳定的正极电解质界面（CEI）生成、过渡金属溶解、气体释放以及容量快速衰减。因此，如何在保持聚醚电解质良好离子传输和界面接触优势的同时，提升其高电压耐受性和宽温适应性，是准固态锂金属电池走向实用化面临的关键问题。科学材料站文 章 简 介近日，华南理工大学刘军教授、中南大学韦伟峰教授、张春晓副研究员等团队合作，提出了一种“空间-溶剂化-界面”协同调控策略，通过在 PDOL 聚醚骨架中同时引入芳香基团（-Ar）和氰基（-CN），构筑了空间工程化的 PDOL-Ar-CN 准固态电解质。该分子设计中，-CN 基团可优先与正极表面未配位的过渡金属位点发生配位，稳定正极表面；芳香基团则作为空间屏障，将易氧化的长醚链从高电压正极界面排斥开来，从而抑制醚链的催化氧化分解。更重要的是，该空间构型重构了正极界面的局部 Li⁺ 溶剂化结构，使其由传统的醚链主导 Li-O 配位转变为阴离子主导 Li-F 配位，促进形成薄而均匀的 LiF 富集型无机 CEI，同时在锂金属负极侧也诱导生成稳定的 LiF 富集 SEI。基于该 PDOL-Ar-CN 电解质，Li||LCO 电池可在 4.6 V 下稳定循环，Li||NCM90 电池可在 4.7 V 下运行；实用化 Li||NCM811 软包电池实现了 486.4 Wh kg⁻¹ 的高能量密度，并可在 -10 至 60 ℃ 宽温范围内可靠工作。该文章发表在国际顶级期刊 Joule 上，题为 “Enabling high-voltage and wide-temperature quasi-solid-state batteries via spatially engineered polyether electrolyte interfaces” 。科学材料站本 文 要 点要点一：正极/聚合物固态电解质界面PDOL基准固态电解质具有原位聚合便捷、界面接触良好等优势，但长醚链在高电压下易被氧化，尤其是直接接触LCO、NCM等富过渡金属正极时，表面未配位金属位点会催化醚链和含氧溶剂分解，引发气体释放、过渡金属溶解及不稳定CEI生长。本文在PDOL中引入芳香基团和氰基，构筑PDOL-Ar-CN。氰基优先配位正极表面的过渡金属位点，芳香基团则形成空间屏障，将易氧化醚链推离正极。该结构还能排斥DOL、DME等含氧物种并促进PF₆⁻、TFSI⁻在界面富集，形成薄而均匀的LiF富集CEI。DEMS、TEM及XPS结果证实其可抑制气体释放与界面分解，使Li||LCO和Li||NCM90分别在4.6 V和4.7 V下稳定运行。要点二：金属锂/聚醚准固态电解质界面要点一传统聚醚电解质与金属锂持续发生副反应，容易形成有机组分较多且不均匀的SEI，造成界面阻抗增大、锂沉积不均和枝晶生长。由于聚合物电解质的机械模量有限，仅依靠物理阻挡难以稳定锂负极，因此均匀Li⁺传输并调控SEI化学组成尤为关键。本文设计的PDOL-Ar-CN具有6.51 mS cm⁻¹的室温离子电导率和0.89的Li⁺迁移数，可降低浓差极化并均匀界面离子通量。Li||Li、Li||Cu及临界电流密度测试显示，其具有较低极化、更高库仑效率和良好的锂沉积/剥离可逆性。原位光学显微镜和SEM观察到锂沉积更加平整致密；XPS与TOF-SIMS进一步证明其可诱导形成LiF富集、无机组分主导的稳定SEI，从而减少副反应并抑制锂枝晶生长。要点三：空间－溶剂化－界面协同本文提出“空间调控－溶剂化重构－界面稳定”的分子设计策略。AIMD模拟表明，PDOL-Ar-CN中的氰基优先吸附于LCO表面未配位过渡金属位点，降低其对电解质氧化的催化作用；刚性芳香基团则将长醚链及DOL、DME等含氧物种排斥出正极界面。与此同时，PF₆⁻和TFSI⁻在界面显著富集。RDF分析显示，Li⁺的局部配位由传统醚链主导的Li-O模式转变为阴离子主导的Li-F模式，有利于Li⁺传输、脱溶剂化及LiF富集CEI的生成。原位ATR-FTIR还发现，传统PDOL在高电压下存在持续溶剂消耗和溶剂化壳层重组，而PDOL-Ar-CN可明显抑制这些变化。该结果说明，调节界面分子空间排布可以主动控制溶剂化结构和界面反应路径。要点四：前瞻该研究表明，聚醚准固态电解质的高电压稳定性不仅取决于本征氧化电位，还受到正极表面催化作用、界面分子排布及局部Li⁺溶剂化结构的共同影响。未来可围绕功能基团种类、空间位阻和电子结构开展更精细的分子设计，在提高抗氧化能力的同时兼顾离子电导率、Li⁺迁移数、机械性能及宽温适应性。本文的Li||NCM811软包电池实现486.4 Wh kg⁻¹能量密度，并可在−10至60 ℃运行。科学材料站文 章 链 接Enabling high-voltage and wide-temperature quasi-solid-state batteries via spatially engineered polyether electrolyte interfaces。Jouledoi.org/10.1016/j.joule.2026.102535科学材料站通 讯 作 者 简 介刘军教授简介：华南理工大学材料科学与工程学院教授，从事锂离子电池、高能量密度固态电池、钠离子电池等储能材料与器件研究，目前已在Nat. Commun., Joule, J. Am. Chem. Soc., Angew. Chem. Int. Ed., Adv. Mater., Energy & Environ. Sci., Adv. Energy Mater.等国际著名学术期刊上发表学术论文200余篇（ESI高被引论文和热点论文20余篇），论文总被引用13000余次，H指数62。近年来承担包括国家科技部重点研发课题、自然科学基金联合重点项目、面上项目，广东省重点研发项目等科研项目10 余项；申请国家发明专利20余项，目前已授权15项。相关研究成果获得了2025年广东省科技进步奖二等奖，2023年中国化工学会科学技术奖基础研究成果奖一等奖，2022年广东省自然科学一等奖，2020年湖南省自然科学一等奖，2012年全国百篇优博提名奖；入选了科睿唯安“全球高被引科学家”、国家海外高层次青年人才、广东省“珠江人才计划”引进高层次人才、江西省“双千计划”科技创新领军人才等称号。担任Nat. Commun., J. Am. Chem. Soc., Angew. Chem. Int. Ed., Adv. Mater.等特约审稿人或仲裁人；中国能源学会专委会副主任委员、中国材料学会青年理事会理事、中国化工学会无机酸碱盐专委会委员、中国稀土学会稀土晶体专委会委员；期刊InfoMat、Batteries、Rare Metals、eScience、Energy Material Advances、Materials Futures、《中国材料进展》等编委/青年编委。主要研究方向为新型可充电电池电极与电解质材料设计，聚焦锂离子、钠离子及高能量密度固态电池领域。韦伟峰教授简介：中南大学粉末冶金研究院研究员、博士生导师、副院长、粉末冶金国家工程研究中心副主任。国家“万人计划”科技创新领军人才，中组部海外高层次青年人才，教育部“新世纪优秀人才”和“升华学者”特聘教授。英国皇家化学会会士（Fellow of RSC）、国际先进材料协会会士（IAAM Fellow）。担任全国材料与器件科学家智库-能源材料与器件专家委员会副主任、湖南省欧美同学会理事、中国微米纳米技术学会理事、湖南有色金属学会青年委员会主任、Progress in Natural Science: Materials International编委、ES Energy & Environment编委等。近年来，主持了包括国家自然科学基金、科技部新能源汽车重大专项课题、军科委项目等10多项科研项目。在Adv. Mater., Adv. Funct. Mater.等国际权威期刊发表SCI论文200余篇；申请国家发明专利70余项（授权40余项），类固态电解质与电池技术相关专利转化21项（总转化金额7830万元）。获得中国有色金属协会技术发明一等奖（2022）和二等奖（2023）、教育部自然科学二等奖1项（2017）、湖南省科学技术创新团队奖1项（2020）。2020-2022年连续三次被评为湖南省创新创业优秀指导老师。张春晓副教授简介：中南大学粉末冶金研究院特聘副研究员，入选中国科协青年人才托举工程，湖南省青年基金A类项目（杰青）获得者。主持国家自然科学基金、中国博士后科学基金、湖南省自然科学基金、企业横向等项目。主要研究方向为高比能锂/钠电池关键材料，以第一/通讯作者在Adv. Mater.、Angew、Acta Mater.等国内外权威期刊发表SCI论文40余篇，申请国家发明专利30余项，授权17项，并担任多个国际期刊青年编委和审稿人，参与两项团队成果转化项目。获得中国有色金属工业科学技术奖二等奖（排名3）、中国有色金属学会优秀博士学位论文、中国国际互联网＋创新创业大赛国家银奖（排名1）、湖南省优秀大学生党员、湖南省芙蓉学子、中南大学校长奖学金拔尖奖、中南大学年度人物等。文章来源：科学材料站《固态电池行业技术发展与市场投资前景分析》《钠离子电池技术发展与产业前景研究报告》《富锂锰基动力电池产业研究及其市场前景分析》《中国全固态薄膜电池和全固态超级电容器技术与市场调研报告》《中国高能量高功率锂离子电池负极材料技术发展与市场投资规划报告》▲以上报告由深水科技咨询制作 咨询电话：***********高能量密度锂金属电池的发展依赖于能够同时匹配高电压正极和锂金属负极的电解质体系。",,,,pending
准固态电池！负载量高达17.5 mg cm⁻²！福州大学张久俊/郑云，最新Angew！,深水科技咨询,深水科技咨询,"RIOnews API, 新材料, 聚合物, 高比能, 锂金属, 富锂锰, 固态电池, 钠离子电池, 学术研究, 大学, 教授",normal,2026-08-13T20:00:00+08:00,,准固态电池结合了高安全性与高能量密度优势，是下一代储能技术的重要方向。然而，当采用高电压镍-rich正极（如NCM811）时，聚醚类聚合物电解质中残留溶剂分子在高电压下易发生氧化分解，形成有机质-rich且不稳定的正极/电解质界面。同时，正极材料本身面临过渡金属溶出、Li/TM阳离子混排和氧空位生成等结构退化问题。这两大挑战严重制约了高电压准固态电池的循环寿命。2026年8月5日，福州大学张久俊院士、郑云教授在《Angewandte Chemie International Edition》上发表题为“Competitive Adsorption and Structural Reinforc,http://mp.weixin.qq.com/s?__biz=MzI2NTI1Njk5Mw==&mid=2247634121&idx=1&sn=3d193bae04f4ad170411eb3dfeb68722,,准固态电池结合了高安全性与高能量密度优势，是下一代储能技术的重要方向。然而，当采用高电压镍-rich正极（如NCM811）时，聚醚类聚合物电解质中残留溶剂分子在高电压下易发生氧化分解，形成有机质-rich且不稳定的正极/电解质界面。同时，正极材料本身面临过渡金属溶出、Li/TM阳离子混排和氧空位生成等结构退化问题。这两大挑战严重制约了高电压准固态电池的循环寿命。2026年8月5日，福州大学张久俊院士、郑云教授在《Angewandte Chemie International Edition》上发表题为“Competitive Adsorption and Structural Reinforc,准固态电池结合了高安全性与高能量密度优势，是下一代储能技术的重要方向。然而，当采用高电压镍-rich正极（如NCM811）时，聚醚类聚合物电解质中残留溶剂分子在高电压下易发生氧化分解，形成有机质-rich且不稳定的正极/电解质界面。同时，正极材料本身面临过渡金属溶出、Li/TM阳离子混排和氧空位生成等结构退化问题。这两大挑战严重制约了高电压准固态电池的循环寿命。2026年8月5日，福州大学张久俊院士、郑云教授在《Angewandte Chemie International Edition》上发表题为“Competitive Adsorption and Structural Reinforcement Synergy Stabilizes High-Voltage Quasi-Solid-State Batteries”的研究论文，提出竞争吸附与结构增强协同策略，通过引入Cu-酞菁自吸附分子，同时稳定了高电压NCM811正极的界面和体相结构。研究团队将Cu-酞菁（CP）引入氟化聚DOL聚合物电解质中。DFT计算表明，CP在NCM811表面的吸附能（-4.56 eV）远低于DME（-1.06 eV）和DOL（-1.62 eV），证明CP优先吸附于正极表面。Raman光谱显示，CASR-PE中Li⁺-TFSI⁻配位比例从30.2%升至97.7%，溶剂（特别是DME）参与Li⁺溶剂化的比例显著降低。MD模拟进一步表明，CP吸附后正极表面DME和DOL密度明显下降，TFSI⁻阴离子富集于界面，促进了阴离子衍生的富F-CEI形成。XPS和TOF-SIMS深度剖析表明，CASR-PE中形成的CEI具有外层LiF-rich、内层含Cu-F键的双层结构，厚度仅约2.8 nm（对照体系约18.9 nm），有机组分显著减少，TM溶出被有效抑制。iDPC-STEM原子级成像显示，对照体系正极表面形成约4 nm的NiO-like岩盐相重构层，伴随严重的Li/TM阳离子混排和氧空位；而CASR-PE体系从表面到体相均保持完整的层状结构，Cu动态掺杂进入TM空位，应力分布均匀。XAS拟合表明，CASR-PE中Ni-O和Ni-TM配位数分别为4.47和5.96，接近原始状态（4.92和6.02），而对照体系分别降至4.17和5.23。电化学测试表明，CASR-PE体系Li|Li对称电池在0.2 mA cm⁻²下稳定循环超过2000小时，临界电流密度达4.0 mA cm⁻²。Li|NCM811扣式电池在4.6 V截止电压和1 C下经400次循环后容量保持率80%；在4.5 V、10C快充条件下经1000次循环后容量保持率80%。1 Ah级软包电池（NCM811载量17.5 mg cm⁻²）在4.3 V、1C充电/0.5C放电条件下经50次循环后容量保持率82.5%。1、提出竞争吸附与结构增强协同策略，通过Cu-酞菁自吸附分子优先占据正极表面位点，将界面溶剂含量显著降低并促进TFSI⁻富集，实现阴离子主导的CEI构筑。2、CASR策略促使CEI呈现外层LiF-rich、内层Cu-F键增强的双层结构（厚度仅2.8 nm），同时Cu动态掺杂进入TM空位，将Ni-O和Ni-TM配位数恢复至接近原始状态。3、在4.6 V高电压下400次循环容量保持率80%，10C快充条件下1000次循环保持率80%，1 Ah软包电池验证了CASR策略在实用化准固态电池中的可行性。图1 CASR策略同步稳定正极/电解质界面与正极结构的机理示意图2 Cu-酞菁自吸附分子在正极表面的竞争吸附行为图3 CASR-PE体系中CEI的结构与化学组成表征图4 NCM811正极在高电压下的稳定性与结构演化图5 NCM811正极的化学环境表征图6 CASR策略对锂金属负极界面的稳定作用图7 CASR策略实现高电压、快充准固态电池的电化学性能本研究提出了竞争吸附与结构增强协同策略，通过向聚合物电解质中引入Cu-酞菁自吸附分子，同时解决了高电压准固态电池正极界面不稳定和体相结构退化两大核心难题。Cu-酞菁通过竞争吸附优先占据正极表面位点，降低溶剂覆盖度并促进TFSI⁻阴离子富集，诱导形成外层LiF-rich、内层Cu-F键增强的双层CEI（厚度约2.8 nm）。同时，Cu在循环过程中动态掺杂进入TM空位，有效抑制了Li/TM阳离子混排、TM溶出和氧空位生成，将Ni-O和Ni-TM配位数恢复至接近原始状态。该策略使4.6 V Li|NCM811扣式电池在400次循环后容量保持率80%，10C快充条件下1000次循环后保持率80%，1 Ah级软包电池初步验证了其实用潜力。该工作为高电压准固态电池的界面与正极协同稳定提供了新的设计思路。文献链接：https://doi.org/10.1002/anie.4447296文章来源：新能源前沿《固态电池行业技术发展与市场投资前景分析》《钠离子电池技术发展与产业前景研究报告》《富锂锰基动力电池产业研究及其市场前景分析》《中国全固态薄膜电池和全固态超级电容器技术与市场调研报告》《中国高能量高功率锂离子电池负极材料技术发展与市场投资规划报告》▲以上报告由深水科技咨询制作 咨询电话：***********准固态电池结合了高安全性与高能量密度优势，是下一代储能技术的重要方向。然而，当采用高电压镍-rich正极（如NCM811）时,,,,pending
软包电池845次循环后容量保持率超85% ！哈尔滨工业大学黄燕，最新Nature子刊！,深水科技咨询,深水科技咨询,"RIOnews API, 高比能, 富锂锰, 固态电池, 钠离子电池, 学术研究, 大学, 教授",normal,2026-08-13T20:00:00+08:00,,水系锌基电池因其本征安全性和低成本优势备受关注，但低比能问题严重制约其实用化进程。锌负极利用率在扣式对称电池中虽可达到较高水平，却难以在扣式全电池和软包全电池中复现。插层型正极在高载量下离子扩散受限，转换型卤素正极则面临多卤化物穿梭和锌腐蚀等寄生反应，使得当前水系锌||卤素电池的DODZn普遍低于30%，整体比能通常不足20 Wh kg⁻¹。2026年8月10日，哈尔滨工业大学（深圳）黄燕教授在《Nature Communications》上发表题为“Unlocking bipolar electrode-electrolyte solid-solid conversion in aqueou,http://mp.weixin.qq.com/s?__biz=MzI2NTI1Njk5Mw==&mid=2247634121&idx=2&sn=ef5df08986b127a2adfb80ac2c9803ca,,水系锌基电池因其本征安全性和低成本优势备受关注，但低比能问题严重制约其实用化进程。锌负极利用率在扣式对称电池中虽可达到较高水平，却难以在扣式全电池和软包全电池中复现。插层型正极在高载量下离子扩散受限，转换型卤素正极则面临多卤化物穿梭和锌腐蚀等寄生反应，使得当前水系锌||卤素电池的DODZn普遍低于30%，整体比能通常不足20 Wh kg⁻¹。2026年8月10日，哈尔滨工业大学（深圳）黄燕教授在《Nature Communications》上发表题为“Unlocking bipolar electrode-electrolyte solid-solid conversion in aqueou,水系锌基电池因其本征安全性和低成本优势备受关注，但低比能问题严重制约其实用化进程。锌负极利用率在扣式对称电池中虽可达到较高水平，却难以在扣式全电池和软包全电池中复现。插层型正极在高载量下离子扩散受限，转换型卤素正极则面临多卤化物穿梭和锌腐蚀等寄生反应，使得当前水系锌||卤素电池的DODZn普遍低于30%，整体比能通常不足20 Wh kg⁻¹。2026年8月10日，哈尔滨工业大学（深圳）黄燕教授在《Nature Communications》上发表题为“Unlocking bipolar electrode-electrolyte solid-solid conversion in aqueous zinc-halogen batteries for high Zn utilization across various cell formats”的研究论文，提出通过三乙烯四胺（TETA）螯合剂实现电极/电解液界面的固-固转化机制，将高DODZn在扣式对称、扣式全电池和软包全电池中统一实现。研究团队利用TETA的螯合配位能力重构了Zn²⁺的溶剂化结构。MD模拟和DFT计算表明，TETA与Zn²⁺通过N原子配位形成环状TETA-Zn二元螯合物，TETA-Zn-I三元螯合物的溶剂化自由能降至-636.5 kcal mol⁻¹。EXAFS拟合证实了Zn-N（2.13 Å）和Zn-I（约3 Å）的配位结构。该螯合效应将Zn²⁺脱溶剂化活化能从22.8 kJ mol⁻¹降至11.3 kJ mol⁻¹，降幅约50%。DFT计算显示，在TETA-Zn-I螯合体系中I⁻转化为I₃⁻的Gibbs自由能变化为-0.17 kJ mol⁻¹（近中性），对照体系中则为-7.37 kJ mol⁻¹，表明I₃⁻生成被有效抑制。Operando XRD揭示了固-固转化路径：充电时TETA-Zn螯合物特征峰逐渐减弱，金属Zn特征峰同步增强，Zn²⁺从螯合物中释放并沉积为金属Zn，TETA分子再生后继续螯合电解液中Zn²⁺。在正极侧，TETA-Zn-I三元螯合物在氧化过程中保持固态骨架完整。UV-Vis光谱显示TETA加入后I₃⁻特征吸收峰完全消失，DRT分析也证实I₃⁻穿梭效应被显著抑制。基于上述机制，20 μm薄锌负极在DODZn=85.6%（50 mAh cm⁻²，50 mA cm⁻²）条件下稳定循环。10×10 cm² Zn||I₂软包电池在DODZn=78.3%和10 mA cm⁻²条件下经845次循环后容量保持率85.1%，比能达52.3 Wh kg⁻¹（基于全电池总质量）。多层堆叠后容量扩展至5.57 Ah。该固-固机制在Zn||Br₂体系中同样有效，0.6 Ah软包电池在DODZn=66.7%下稳定循环286次。在四电子转移体系中，Zn||I₂软包电池（1.6 Ah）在78%锌利用率下实现96次稳定循环，比能达116.8 Wh kg⁻¹，放电平台约1.55 V。1、提出电极/电解液界面固-固转化机制，TETA螯合剂同步调控Zn²⁺溶剂化结构与卤素阴离子配位环境，将DODZn在扣式对称、扣式全电池和软包全电池中统一实现。2、TETA-Zn-I三元螯合物将I⁻/I₃⁻转化的Gibbs自由能变化从-7.37 kJ mol⁻¹提升至近中性（-0.17 kJ mol⁻¹），Zn||I₂软包电池845次循环容量保持率85.1%。3、固-固转化机制在Br₂体系中同样有效，并拓展至四电子转移体系（I⁻/I⁰/I⁺和Br⁻/Br⁰/Br⁺），1.6 Ah Zn||I₂软包电池比能达116.8 Wh kg⁻¹。图1 水系锌基电池实际应用中面临的关键挑战及固-固界面转化机制的解决方案图2 采用TETA电解液在不同电池构型中实现的高锌利用率电化学性能图3 TETA螯合与溶剂化结构的理论计算图4 负极和正极界面处的固-固转化机制图5 固-固转化化学在卤素正极电池中的普适性本研究通过TETA螯合剂的引入，在锌负极和卤素正极两侧同时实现了固-固界面转化机制，解决了传统固-液转化模式下寄生反应严重、DODZn无法统一的问题。TETA与Zn²⁺的强配位作用重构了Zn²⁺溶剂化结构，将脱溶剂化活化能降低约50%，并形成TETA-Zn-X三元螯合物有效抑制了多卤化物的生成与穿梭。基于该机制，10×10 cm² Zn||I₂软包电池在78.3% DODZn下经845次循环后容量保持率85.1%，四电子转移体系比能达116.8 Wh kg⁻¹。该固-固界面转化策略为高比能、长循环水系锌基电池的实用化提供了可行的技术路径。文献链接：https://doi.org/10.1038/s41467-026-76348-z文章来源：新能源前沿《固态电池行业技术发展与市场投资前景分析》《钠离子电池技术发展与产业前景研究报告》《富锂锰基动力电池产业研究及其市场前景分析》《中国全固态薄膜电池和全固态超级电容器技术与市场调研报告》《中国高能量高功率锂离子电池负极材料技术发展与市场投资规划报告》▲以上报告由深水科技咨询制作 咨询电话：***********水系锌基电池因其本征安全性和低成本优势备受关注，但低比能问题严重制约其实用化进程。,,,,pending
华科黄云辉、裴非、于逸飞教授及上海大学乔芸教授 Energy Environ. Sci.：人工智能驱动的锂离子电池电解质化学,深水科技咨询,深水科技咨询,"RIOnews API, 新材料, 碳, 聚合物, 高比能, 锂金属, 富锂锰, 硅, 凝胶, 前沿表征, 原位, 工况, 高通量, 固态电池, 固态电解质, 钠离子电池, 学术研究, 大学, 教授, 期刊",normal,2026-08-13T20:00:00+08:00,,【研究背景】锂离子电池凭借高能量密度、长循环寿命和成熟产业体系，已广泛应用于便携电子、电动交通及储能领域。作为电池中的关键功能介质，电解液决定着离子传输、界面稳定性及安全性能，是突破下一代高比能电池技术瓶颈的核心。然而，由于电解液组分、溶剂化结构与界面反应之间具有复杂非线性耦合关系，传统试错方法难以实现高效优化以及建立微观结构与宏观性能之间的跨尺度关联。人工智能技术的兴起为电池分子发现提供了革命性工具，通过数据驱动的方式加速分子设计、性能预测与实验验证，为高安全、高性能和宽温域锂离子电池电解液的精准设计提供新思路。【文章简介】近期，来自华中科技大学黄云辉、裴非、于逸飞教授团队联合上海大学乔芸教,http://mp.weixin.qq.com/s?__biz=MzI2NTI1Njk5Mw==&mid=2247634121&idx=4&sn=27ab8fb35a59ac71027f09897b90bdc3,,【研究背景】锂离子电池凭借高能量密度、长循环寿命和成熟产业体系，已广泛应用于便携电子、电动交通及储能领域。作为电池中的关键功能介质，电解液决定着离子传输、界面稳定性及安全性能，是突破下一代高比能电池技术瓶颈的核心。然而，由于电解液组分、溶剂化结构与界面反应之间具有复杂非线性耦合关系，传统试错方法难以实现高效优化以及建立微观结构与宏观性能之间的跨尺度关联。人工智能技术的兴起为电池分子发现提供了革命性工具，通过数据驱动的方式加速分子设计、性能预测与实验验证，为高安全、高性能和宽温域锂离子电池电解液的精准设计提供新思路。【文章简介】近期，来自华中科技大学黄云辉、裴非、于逸飞教授团队联合上海大学乔芸教,"【研究背景】锂离子电池凭借高能量密度、长循环寿命和成熟产业体系，已广泛应用于便携电子、电动交通及储能领域。作为电池中的关键功能介质，电解液决定着离子传输、界面稳定性及安全性能，是突破下一代高比能电池技术瓶颈的核心。然而，由于电解液组分、溶剂化结构与界面反应之间具有复杂非线性耦合关系，传统试错方法难以实现高效优化以及建立微观结构与宏观性能之间的跨尺度关联。人工智能技术的兴起为电池分子发现提供了革命性工具，通过数据驱动的方式加速分子设计、性能预测与实验验证，为高安全、高性能和宽温域锂离子电池电解液的精准设计提供新思路。【文章简介】近期，来自华中科技大学黄云辉、裴非、于逸飞教授团队联合上海大学乔芸教授，在国际知名期刊Energy & Environmental Science上发表题为“Artificial intelligence-driven electrolyte chemistry for lithium-ion batteries: mechanisms, progress and strategic perspectives”的综述论文。综述回顾了人工智能方法的发展历程，重点探讨了多源数据采集、特征工程策略，以及从监督学习和无监督学习到新兴生成式与基础模型的演进过程，并对其各自的优势、局限性和适用性进行了深入评估。此外，文章还重点介绍了多项基于AI的关键应用，包括以性能为导向的配方设计、界面反应的机制分析、溶剂化-结构预测，以及新型溶剂、锂盐和固态电解质的闭环优化，从而加速了电解质从端到端的发现进程。基于对近期进展的全面评估，提出了一系列可操作的策略，以推动对电池工作机制的理解，并指导高性能锂离子电池的实际应用。【内容表述】1. 人工智能关键技术AI对电解液研究的赋能依托于机器学习（ML）、自然语言处理（NLP）与计算机视觉（CV）三大技术支柱的深度协同。ML通过构建成分-结构-性能的预测模型，实现了离子电导率、电化学窗口等关键参数的高通量筛选，结合领域专属描述符（如供体数、溶剂化自由能）与可解释性分析，显著压缩了实验试错成本，并在安全预警与寿命预测中发挥核心作用（图1）；NLP则赋予系统从海量非结构化文献中自动抽取化学实体、建立知识图谱的能力，通过SMILES序列建模与生成式语言模型，不仅可快速提取设计规则，更能反向生成针对高压、宽温等特定需求的分子结构，将碎片化知识转化为可执行的决策依据；CV聚焦于视觉信息的深度挖掘，从电极涂层缺陷检测到界面形貌的实时分割，从接触角动态量化到热场异常预警，为电解液浸润性、界面稳定性和热失控提供了可量化的时空反馈（图2）。总之，ML、NLP和CV构成了AI赋能电解液研究的三大核心技术体系，分别承担性能预测、知识挖掘和实验感知等关键功能。三者的深度融合将推动电解液研发形成跨尺度、多模态、闭环式智能化平台，实现从文献知识获取、分子结构设计、性能预测到实验验证的全过程自动优化，为下一代高安全、长寿命和极端环境适应型电解液开发提供新的技术范式。图1. ML技术用于电解液分子识别、应用及反馈过程的示意图。图2. 计算机视觉技术在电池制造生态系统中的应用流程示意图2. AI处理的关键要素AI在电解液研发中的有效应用依赖于数据工程、特征工程、算法模型设计以及计算平台部署四个核心环节，形成从数据获取、特征表征到智能预测和决策优化的完整技术链（图3）。由于电解液体系具有多组分耦合、动态溶剂化结构和复杂界面反应等特点，高质量数据体系、特征提取以及适配性算法开发是实现AI可靠应用的关键。（i）数据工程 数据质量决定了AI模型对电解液内在规律的学习能力。针对不同来源数据存在测试条件、方法和参数定义不一致等问题，需建立标准化数据采集与管理体系，融合实验数据、理论计算和公开数据库资源，并遵循FAIR原则实现数据的可访问和可互操作。在电解液研究中，应重点规范溶剂组成、盐浓度、电化学测试协议以及界面表征信息，同时通过化学结构标准化、异常值处理和数据清洗构建高质量训练数据集，为可靠模型开发提供基础。（ii）特征工程 特征工程是连接化学体系与AI模型的关键环节，其核心在于将电解液组成、分子结构及实验条件转化为具有物理意义的数学描述符。通过引入供体数、介电常数、偶极矩、溶剂化自由能、HOMO/LUMO能级等分子和电子结构特征，可有效表征离子配位、溶剂化行为及界面反应倾向。结合特征选择和降维方法，可降低高维数据复杂性，提高模型预测精度和可解释性，从而建立分子结构与电解液性能之间的定量关联。（iii）算法选择与模型设计 算法选择决定了AI模型对复杂电解液体系的适应能力。监督学习可用于预测离子电导率、电化学稳定窗口和循环性能等关键指标；无监督学习可解析溶剂化结构和性能分布规律；强化学习则适用于配方优化和自主实验设计。图神经网络（GNN）、Transformer及生成式模型等方法能够有效处理分子结构、模拟轨迹和多模态数据，为电解液性质预测和分子逆向设计提供新途径。然而，针对电解液数据规模有限、机理复杂等特点，融合物理约束和可解释性的混合模型仍是未来发展的重要方向。（iv）计算设施与部署 高效计算平台和工程化部署是实现AI电解液设计的重要支撑。高性能计算（HPC）、GPU加速及云计算平台可显著提升分子模拟、模型训练和高通量筛选效率。同时，通过AI模型与自动化实验平台结合，构建“预测–设计–合成–测试–反馈”的闭环研发体系，可实现电解液自主优化。图3. AI关键要素的示意图3. 电解液性能指标电解液性能评价需立足于离子传输、电化学窗口、界面行为、循环稳定性与热安全性五大核心维度，但项目实践中更关键的是理解这些指标间的内在关联与权衡关系，而非孤立追求单一参数最优。离子传输能力以电导率、离子迁移数及扩散系数为表征，受盐浓度、溶剂介电常数与黏度共同调控，但高电导率未必对应高的离子迁移数，后者对抑制浓差极化、实现快充更具决定意义；电化学稳定窗口（ESW）本质上由分子轨道能级与溶剂化结构协同决定，但需注意实际分解电位受电极催化及界面演化影响，高浓度或局部高浓度策略通过改变Li+配位环境有效拓宽ESW，为高压体系提供可行路径；界面性能可通过电化学阻抗谱（EIS）定量解析电荷转移与离子迁移阻抗，其优劣取决于SEI/CEI的化学组成、厚度及无机组分（如LiF）占比，需在界面传导性与钝化效果间取得平衡；循环性能以容量保持率、库仑效率和倍率特性为核心指标，反映电解液分解、活性锂损失及界面持续演化的综合效应，库仑效率接近100%是锂金属体系长循环的前提条件；热安全性则涉及闪点、热分解温度和自熄时间（SET），引入氟/磷官能团可降低可燃性，但需注意其对电导率和界面润湿性的潜在负面影响。4. AI在电解液中的应用AI在电解液领域的应用已覆盖有机液体、离子液体和深共晶电解质等主要体系，其核心价值在于通过数据驱动的高通量筛选、多目标优化和机理解析，将传统依赖经验的试错模式转变为可预测、可迁移的理性设计范式。在有机液体电解液中，AI的应用高度聚焦于溶剂-盐-添加剂组合空间的快速遍历与非线性性能映射：针对醚类体系，机器学习分子动力学（MLMD）结合神经网络势函数已能精准预测溶剂化结构、锂离子配位数和扩散系数，并揭示浓度阈值附近的配位构型动态转化及7Li化学位移反转机理；MLMD力场还可扩展至数十万原子规模的界面反应模拟，捕捉SEI形成初期的键长、能量和电荷演变，为理解锂金属界面稳定性提供原子尺度洞察。针对酯类体系，AI与自动化实验平台的闭环优化可在极短时间内锁定三元溶剂最优配比，显著提升离子电导率和快充性能，而几何深度学习框架DiffMix通过嵌入物理混合定律进一步增强了热力学与输运性质的预测外推能力；此外，随机森林与SHAP可解释性分析已被用于量化溶剂化配位物的LUMO能级及还原稳定性，指导羧酸酯类高安全电解液的逆向筛选（图4）。图4. (a) 使用DTS模型对多种溶剂进行了1000个原子的GAP-MD模拟。(b) 训练数据集在体积扫描（黄色）、液态构型（粉色）和孤立分子（绿色）之间进行插值。(c) DiffMix模型详细架构示意图。(d) LiPF6在EC/DMC/PC混合溶剂中的三元相图。(e) HOMO能级变化与Li–O键长之间的相关性。(f) 数据-知识驱动溶剂分子挖掘框架示意图。(g) 电解质的详细筛选流程及所识别候选物的分子结构。氟化电解液方面，图神经网络与集成投票算法实现了含氟溶剂的全局筛选，识别出兼具高氧化稳定性和高迁移数的新型氟醚分子；AI还揭示了氟化程度对电导率、粘度及Li+-阴离子缔合的非单调影响规律，并通过逆合成预测和SEI反应网络构建。砜类电解液因本征高压稳定性而备受关注，AI结合COSMO-RS和多元线性回归可预测共晶温度、溶解度和结合能，并通过Chemprop等模型给出综合性电解液评分（eScore），快速锁定高CE、宽窗口配方；贝叶斯优化则在锂氧电池中高效优化共溶剂比例，揭示阴离子诱导的离子-溶剂配位结构及其对Li2O2形核生长的调控机制。腈类电解液借助QSPR和ANN模型，建立了分子描述符与扩散系数、电化学窗口之间的定量关联，并通过知识-性质集成（KPI）框架，大幅提升闪点、沸点、熔点等安全相关属性的预测精度。在离子液体领域，AI应对其巨大的阳-阴离子组合空间，利用LSSVM、GNN、ANN等算法高精度预测电导率、粘度、密度和熔点，并明确阴离子种类对性能的主导影响；关联规则挖掘和XGBoost进一步揭示离子液体组成与多硫化物溶解度、能量密度之间的隐式关联（图5）。在深共晶电解质中，AI能够准确预测电导率、表面张力、熔点及原子间势能面，解析氢键供/受体数量、温度等关键描述符的影响权重，揭示Li+在酰胺类体系中的“车辆”与“结构扩散”协同输运机制。图5. (a) 190种二元混合物的气泡点和共晶温度。(b) 基于机器学习预测Li+-TFSI-结合能的示意图。(c) 在S1-S7区间内σ描述符的回归系数。(d) LMB电解质的机器学习工作流程示意图。(e) 使用Chemprop模型预测离子电导率。 (f) 电解质组成与浓度的函数关系下的电位。(g) 原子力场模拟中溶剂化结构和静电势分布图的快照。(h) 采用0.47 M LiTFSI在DMSO/TEGDME（97.6:2.4）体系中的Li-O2电池示意图。AI在无机固体电解质（氧化物、硫化物、卤化物、氮化物）和聚合物基固体电解质（固态聚合物、凝胶、聚离子液体及复合体系）中的应用已从单纯的高通量筛选扩展到原子尺度机理揭示、界面兼容性预测及合成-加工-性能关联的闭环优化。在氧化物体系中，AI通过逻辑回归、集成学习及拓扑描述符，实现了扩散势垒和能带隙的精准预测，并识别出晶粒尺寸、掺杂剂电负性等主导因子，将计算效率提升约109倍；硫化物体系借助神经网络势与遗传算法，绘制了非晶相图，揭示Li+输运并非由P-S阴离子簇类型主导，而取决于Li局域配位环境，并据此提出高性能组成（图6）；卤化物体系通过主动学习和晶体结构分层编码，快速锁定高电导组成，并明确阴离子半径、堆积效率等关键描述符；氮化物体系则利用无监督聚类，仅凭阴离子骨架相似性即可发现超离子导体，大幅压缩搜索空间（图7）。图6. (a) 沿P2S5-Li2S组成线计算得到的LPS体系相图。(b) 来自AIMD模拟的gc-LPS组分的阿伦尼乌斯图。(c) gc-Li42P16S61中Li+密度分布。经许可314复现。版权所有2022年，美国化学会。(d) 单跃、双跃和三跃迁移路径及Li10Ge0.5M0.5P2S12（M = C, Co, Pb, Ti）中Li+扩散系数的示意图。(e) 硼掺杂结构中Ge和P位点上离子电导率与Li–S键长之间的相关性。(f) 单个Li+迁移的示意图。(g) “软”和“硬”Li+物种的主要空间分布。图7. (a) 固态锂离子导体的无监督发现示意图。(b) 选定材料的mXRD衍射图谱。(c) 锂化合物的无监督聚类与以离子电导率映射的系统发育树。（d）已知与预测的固态锂离子导体的离子导电性质。(e) 不同组别离子电导率数据的小提琴图。(f) 展示由局部阴离子构型调控的锂位点的晶体结构。(g)Li8SeN2的晶体结构，附预测值与实验测定的离子电导率结果。聚合物电解质方面，AI通过嵌入Arrhenius定律、粗粒化MD与贝叶斯优化，实现电导率的高精度预测，并揭示聚合物化学本性（如给体数、非共价相互作用）对离子输运的决定性作用；凝胶和聚离子液体体系中，集成MD-ML框架及非共价相互作用描述符，有效关联了链段运动与离子传输，指导耐高压、高迁移数体系设计；复合电解质则通过多维度指纹特征和聚类分析，筛出具有火山型迁移趋势的Hofmann化合物，并拓展至工艺优化（如涂布参数）与界面增韧设计（Ag2S/AgF）（图8）。图8. (a) 利用24维组成特征指纹对308种霍夫曼型配位化合物进行人工智能辅助高效筛选。(b) 树状图将所有霍夫曼配合物分为31个组。(c) 氧化物p轨道上八面体阳离子与锂之间的配位竞争示意图。然而，AI在电解液应用中仍然面临的困境：（1）高质量标准化数据缺失，跨实验室协议差异严重制约模型可靠性；（2）跨体系泛化能力不足，碳酸酯模型难以迁移至醚类、固态或聚合物体系；（3）微观溶剂化结构与宏观输运性质之间的跨尺度关联尚缺乏有效描述符；（4）非水电解液的本征无序和多组分耦合特征，使传统静态描述符难以捕捉动态结构演化；（5）电化学稳定性和界面反应的多步、多尺度动态复杂性，超出当前理论框架描述能力。【结论与展望】当前，AI的融入已使电解液研发从经验试错跃升至数据驱动的分子设计新范式，但要全面释放其工程化潜力，项目层面临机理解释性、多目标权衡、数据基础及寿命预测四大关键瓶颈，亟需以系统性策略集中突破（图9）。（1）在模型层面，必须构建融合DFT/MD计算与可解释机器学习的混合架构，打破“黑箱”局限，提取官能团、配位模式等化学规则，形成覆盖石墨、硅基及富锂正极的通用预测框架，从而指导理性分子设计；（2）在设计流程，应摒弃单性质优化，转而发展贝叶斯优化、帕累托进化算法驱动的多目标闭环平台，将闪点、热失控、产气等安全预测以及成本、可制造性评估直接嵌入优化循环，结合主动学习与多保真度实验，快速收敛于快充、宽温、高压等极端工况下的最优配方，确保从实验室到商业化的全链路可行性；（3）建设社区共享的标准化数据库（统一测试协议、完整元数据）及机器人-自动电化学-原位表征-ML耦合的自主实验设施，以解决数据稀缺与质量不均这一核心障碍，形成端到端的AI流水线，大幅压缩合成-测试-验证周期；（4）开发集成自由基链反应、界面催化、串扰等机理路径的动态降解预测模型，并借助迁移学习、物理信息参数估计及运行数据持续更新，对接数字孪生技术，实现电芯及模组级寿命预测与状态管理。综上，AI与电解液化学的深度融合将推动电池研发由“经验筛选”向“机理认知—智能预测—自主优化”的新范式转变。未来需加强计算化学、电化学、人工智能及电池工程的交叉融合，构建开放共享的数据基础和智能化研发体系，从而加速面向高安全、长寿命、宽温域及高能量密度需求的新一代电解液开发及其他电化学能源体系提供智能设计方法。图9. 人工智能在电解质中未来应用的建议与展望【文献详情】Artificial intelligence-driven electrolyte chemistry for lithium-ion batteries: mechanisms, progress and strategic perspectiveshttps://doi.org/10.1039/d6ee01488g.文章来源：能源学人《固态电池行业技术发展与市场投资前景分析》《钠离子电池技术发展与产业前景研究报告》《富锂锰基动力电池产业研究及其市场前景分析》《中国全固态薄膜电池和全固态超级电容器技术与市场调研报告》《中国高能量高功率锂离子电池负极材料技术发展与市场投资规划报告》▲以上报告由深水科技咨询制作 咨询电话：***********锂离子电池凭借高能量密度、长循环寿命和成熟产业体系，已广泛应用于便携电子、电动交通及储能领域。",,,,pending
派能10亿落子合肥，2GWh产线剑指钠电,钠电派,钠电派,"RIOnews API, 钠离子电池, 钠电, 钠电无负极, 合作进展, 战略合作, 投资, 合作, 量产推进, 产能, 扩产",normal,2026-08-13T19:51:35+08:00,,"扫描上图二维码解锁钠电知识宝库，可下载钠电池资料！2025年11月7日，派能科技（688063）与安徽合肥肥西县签署投资协议，拟投资10亿元建设2GWh储能电池及系统集成项目。在钠离子电池商业化提速的当口，这条柔性产线的落地，被视为派能科技为钠电规模化放量提前铺路的关键一步。一、10亿、93亩、2GWh：项目落子肥西据肥西县融媒体中心消息，项目位于肥西经开区，规划用地约93亩，总投资10亿元，主要建设2GWh储能电芯及系统组装生产线，并配套先进研发与检测设施。产线定位""柔性化、智能化""，可快速切换多元产品、响应不同市场订单，为新产品试制、场景化开发与快速产业化提供保障。肥西县县长王新华与派能科",http://mp.weixin.qq.com/s?__biz=Mzg3MDg4NzA0MQ==&mid=2247504700&idx=1&sn=664331a508d4a88bae1f4038415f998f,,"扫描上图二维码解锁钠电知识宝库，可下载钠电池资料！2025年11月7日，派能科技（688063）与安徽合肥肥西县签署投资协议，拟投资10亿元建设2GWh储能电池及系统集成项目。在钠离子电池商业化提速的当口，这条柔性产线的落地，被视为派能科技为钠电规模化放量提前铺路的关键一步。一、10亿、93亩、2GWh：项目落子肥西据肥西县融媒体中心消息，项目位于肥西经开区，规划用地约93亩，总投资10亿元，主要建设2GWh储能电芯及系统组装生产线，并配套先进研发与检测设施。产线定位""柔性化、智能化""，可快速切换多元产品、响应不同市场订单，为新产品试制、场景化开发与快速产业化提供保障。肥西县县长王新华与派能科","扫描上图二维码解锁钠电知识宝库，可下载钠电池资料！2025年11月7日，派能科技（688063）与安徽合肥肥西县签署投资协议，拟投资10亿元建设2GWh储能电池及系统集成项目。在钠离子电池商业化提速的当口，这条柔性产线的落地，被视为派能科技为钠电规模化放量提前铺路的关键一步。一、10亿、93亩、2GWh：项目落子肥西据肥西县融媒体中心消息，项目位于肥西经开区，规划用地约93亩，总投资10亿元，主要建设2GWh储能电芯及系统组装生产线，并配套先进研发与检测设施。产线定位""柔性化、智能化""，可快速切换多元产品、响应不同市场订单，为新产品试制、场景化开发与快速产业化提供保障。肥西县县长王新华与派能科技总裁谈文共同见证签约。对肥西而言，这是完善当地储能产业链、为区域电化学储能产业注入动能的标杆项目；对派能而言，则是深化长三角产业体系、强化全球交付能力的重要落子。值得注意的是，该产线并非单一专用线，而是兼具锂电与钠电共线能力——这也让本次扩产被市场解读为""为钠电量身铺路""。项目核心要素签约时间：2025年11月7日落地区域：合肥市肥西经开区，用地约93亩投资规模：10亿元建设内容：2GWh储能电芯及系统组装生产线+配套设施产线特征：柔性化、智能化，可锂电/钠电共线二、钠电：派能的差异化第二曲线派能科技以""软包磷酸铁锂+钠电""双技术路线构建差异化竞争力。在钠电领域，公司开发出NFS（硫酸铁钠）与NFPP（复合磷酸铁钠）两大体系产品，主攻低温性能痛点——在-20℃环境下容量保持率超85%，并通过针刺、挤压等严苛安全测试，适配北方寒冷地区及特殊动力场景，已实现批量市场化应用。技术迭代仍在加速。公司在2026年6月的机构调研中披露，已开发出165Ah和300Ah钠离子储能电芯，满足1P充放电，循环寿命超过10000次；同时积极推进""钠电无负极技术""，已通过多轮验证，相关产品预计2027至2028年推向市场。能量密度较现有产品有望提升约40%。商业化层面，派能钠电已跨过从0到1的门槛。2025年前三季度，公司钠电销售突破100MWh，共享换电电池销售超400MWh；今年9月，派能与旭派动力达成1GWh以上战略合作，将家储经验迁移至轻型动力场景。此次2GWh肥西产线，正是为钠电、共享换电等新业务放量提供产能支撑。三、产能版图：从扬州满产到合肥集群派能科技的产能扩张正呈集群化推进。截至2026年中，公司拥有约12GWh锂离子电芯产能，扬州基地已处于满负荷运转。合肥基地""10GWh锂电池研发制造基地""一期5GWh产线于2025年5月全面启用，二期5GWh预计2026年12月建成。叠加本次肥西2GWh项目，公司预计到2026年底锂离子电芯总产能将达19GWh，另有约1GWh钠电产能，总名义产能接近20GWh。""订单驱动+柔性排产""的运营模式，让派能得以在锂电与钠电产线间动态切换，降低单一技术路线波动风险。这也解释了为何2GWh新产线选择""柔性化""而非专用产线——既能承接当前户储、工商业储能的海外订单，也为钠电起量预留弹性空间。四、业绩与全球化双轮驱动产能扩张的底气，来自业绩回暖。2025年前三季度，派能科技实现营收20.13亿元，同比增长42.52%；归母净利润约4800万元，同比增长28.05%；储能产品销量达2405MWh，同比增长142.44%。其中第三季度营收8.63亿元、净利3393.97万元，分别同比增长56.13%、94.01%。海外市场是核心引擎。派能于2013年进入澳大利亚，已在澳、荷、意、德、西、英、日、南非等地设立子公司，在德国、英国、澳大利亚等17国建立本地化服务体系，覆盖五大洲90多个国家和地区。2025年11月3日，派能澳洲子公司在悉尼正式开业；东南亚市场亦取得突破，斩获越南150MWh储能订单。国内产能扩充与海外服务体系完善同步推进，持续为业绩增长赋能。由于公众号规则更改，请大佬们点个关注、推荐和转发【钠电派知识星球】致力于打造钠电池行业垂直产业链资源库！可下载！扫下方二维码加入(与钠电人共同成长)▼",,,,pending
《工程塑料应用》2026年第5期目次及导读汇总,工程塑料应用,工程塑料应用,"RIOnews API, 聚合物新材料, 聚酰亚胺, 导电聚合物, 热固, 技术进展, 工艺优化, 合成工艺, 改性技术",normal,2026-08-13T19:46:00+08:00,,01材料与应用聚酰胺原位微纤增强聚丙烯复合材料制备及其微孔受限发泡行为何峻巍，刘桉琦，贾彩宜，等DOI：10.3969/j.issn.1001-3539.2026.05.001介绍了聚丙烯(PP)因熔体强度低导致发泡性能受限的问题，对比了传统改性技术的局限性，阐述了原位成纤技术与超临界二氧化碳微孔发泡技术的优势，并说明了受限发泡相较于自由发泡在调控泡孔结构、提升材料性能方面的特点。研究以PP为基体、聚酰胺6为成纤相，将原位成纤增强与scCO₂微孔发泡及受限发泡相结合，旨在探究微纤网络与受限空间的协同作用机制，以及PA6微纤的多重功能，为高性能PP微孔发泡材料的开发提供新策略。02化学亚胺化试剂,http://mp.weixin.qq.com/s?__biz=MzA4MjYwMjQ5MA==&mid=2649537419&idx=1&sn=8507ff64bc7fbeb499463752e4b888df,,01材料与应用聚酰胺原位微纤增强聚丙烯复合材料制备及其微孔受限发泡行为何峻巍，刘桉琦，贾彩宜，等DOI：10.3969/j.issn.1001-3539.2026.05.001介绍了聚丙烯(PP)因熔体强度低导致发泡性能受限的问题，对比了传统改性技术的局限性，阐述了原位成纤技术与超临界二氧化碳微孔发泡技术的优势，并说明了受限发泡相较于自由发泡在调控泡孔结构、提升材料性能方面的特点。研究以PP为基体、聚酰胺6为成纤相，将原位成纤增强与scCO₂微孔发泡及受限发泡相结合，旨在探究微纤网络与受限空间的协同作用机制，以及PA6微纤的多重功能，为高性能PP微孔发泡材料的开发提供新策略。02化学亚胺化试剂,"01材料与应用聚酰胺原位微纤增强聚丙烯复合材料制备及其微孔受限发泡行为何峻巍，刘桉琦，贾彩宜，等DOI：10.3969/j.issn.1001-3539.2026.05.001介绍了聚丙烯(PP)因熔体强度低导致发泡性能受限的问题，对比了传统改性技术的局限性，阐述了原位成纤技术与超临界二氧化碳微孔发泡技术的优势，并说明了受限发泡相较于自由发泡在调控泡孔结构、提升材料性能方面的特点。研究以PP为基体、聚酰胺6为成纤相，将原位成纤增强与scCO₂微孔发泡及受限发泡相结合，旨在探究微纤网络与受限空间的协同作用机制，以及PA6微纤的多重功能，为高性能PP微孔发泡材料的开发提供新策略。02化学亚胺化试剂用量对聚酰亚胺薄膜结构与性能的影响赵飞宇，于飞飞，李琇廷，等DOI：10.3969/j.issn.1001-3539.2026.05.002介绍了聚丙烯(PP)因熔体强度低导致发泡性能受限的问题，对比了传统改性技术的局限性，阐述了原位成纤技术与超临界二氧化碳微孔发泡技术的优势，并说明了受限发泡相较于自由发泡在调控泡孔结构、提升材料性能方面的特点。研究以PP为基体、聚酰胺6为成纤相，将原位成纤增强与scCO₂微孔发泡及受限发泡相结合，旨在探究微纤网络与受限空间的协同作用机制，以及PA6微纤的多重功能，为高性能PP微孔发泡材料的开发提供新策略。03二乙基次磷酸铝/三聚氰胺氰尿酸盐协同阻燃环氧树脂蒋庆庚，邓杰强，黄安民，等DOI：10.3969/j.issn.1001-3539.2026.05.003介绍了环氧树脂的优异性能及广泛应用，指出其易燃缺陷和含卤阻燃剂的环保问题，说明无卤阻燃剂需高添加量导致性能劣化的现状。重点阐述了利用二乙基次膦酸铝与三聚氰胺氰尿酸盐协同效应降低添加量的研究思路，明确采用低添加量、以ADP为主的磷-氮复配体系进行EP阻燃改性，并规划了系统的表征方法与机理探究方案。04防护领域用PE-UHMW/BN/PEG复合材料的摩擦磨损性能何峻巍，刘桉琦，贾彩宜，等DOI：10.3969/j.issn.1001-3539.2026.05.004介绍了PE-UHMW材料的分子结构特征、优异性能及其在防护装备和医疗器件等领域的应用，同时指出其在长期服役中面临的摩擦磨损、界面退化等问题。针对现有研究在单一填料增强、水润滑条件及多重作用耦合机制方面的不足，本文提出构建PE-UHMW/BN/PEG多组分复合体系，结合退火处理，系统研究BN含量、PEG含量及热处理对复合材料热学行为、力学性能和水润滑摩擦磨损性能的影响规律，揭示组成调控、结构演化与性能响应之间的内在联系，以实现材料刚性、界面稳定性及减摩耐磨性能的协同优化。05扩链PBAT/羧酸化碳纳米管复合材料及泡沫的制备与电磁屏蔽性能杨旭研，胡峰瑞，王涵，等DOI：10.3969/j.issn.1001-3539.2026.05.005电磁污染问题的严峻性及高电磁屏蔽性能材料的研发需求，分析了传统金属材料和导电聚合物的局限性，指出生物可降解聚合物基电磁屏蔽泡沫的优势；重点讨论了PBAT作为基体材料存在分子量低、熔体强度不足及不导电等缺陷，阐述通过扩链改性和引入羧酸化碳纳米管构建导电网络的解决思路，并说明采用超临界CO₂发泡技术制备兼具优异电磁屏蔽性能与良好弹性的生物可降解泡沫材料的研究目标与技术路线。06基于1，4-丁二胺的半芳香族聚酰胺4T/4I合成及性能刘冰肖，马立群，王斌权，等DOI：10.3969/j.issn.1001-3539.2026.05.006介绍了聚丙烯(PP)因熔体强度低导致发泡性能受限的问题，对比了传统改性技术的局限性，阐述了原位成纤技术与超临界二氧化碳微孔发泡技术的优势，并说明了受限发泡相较于自由发泡在调控泡孔结构、提升材料性能方面的特点。研究以PP为基体、聚酰胺6为成纤相，将原位成纤增强与scCO₂微孔发泡及受限发泡相结合，旨在探究微纤网络与受限空间的协同作用机制，以及PA6微纤的多重功能，为高性能PP微孔发泡材料的开发提供新策略。07含脲键聚己内酯型形状记忆聚氨酯的制备及性能于佳宏，冯姝淇，王成坚，等DOI：10.3969/j.issn.1001-3539.2026.05.007讨论了形状记忆聚合物(SMP)作为智能型芯材料的应用背景，指出热致型形状记忆聚氨酯(SMPU)因其可设计分子结构和微相分离特性成为首选材料。聚己内酯(PCL)虽具理想软段特性，但线型PCL熔融后丧失形状记忆性能，需改性处理。现有研究在提升PCL型SMPU形状记忆性能时，普遍存在力学性能不足的问题。传统醇类扩链剂形成的氨基甲酸酯硬段氢键作用较弱，而引入脲键可增强硬段间相互作用。基于此，该研究采用预聚法，以PCL、HDI、新戊二醇(NPG)、二乙醇胺(DEA)和季戊四醇为原料，通过调控PCL与共扩链剂(NPG/DEA)的物质的量比，合成了一系列含脲键交联网状SMPU。08一种快速固化酚醛树脂的制备及性能项梦美，李俊鸿，陆宇阳，等DOI：10.3969/j.issn.1001-3539.2026.05.008介绍了酚醛树脂的优异性能及其广泛应用。重点讨论了间苯二酚作为高反应活性单体的研究进展。最后说明了本研究采用先酸后碱的分步催化合成工艺，制备出兼具快速固化能力和良好储存稳定性的酚醛树脂。。09氧化石墨烯-锌抗菌剂改性PE-LD膜的制备及性能梁佳丰DOI：10.3969/j.issn.1001-3539.2026.05.009讨论了细菌传播带来的危害及抗菌材料的必要性，指出PE-LD虽广泛应用但缺乏抗菌性能，综述了现有抗菌改性研究及其工艺繁杂、性能下降等问题，进而提出选用低毒锌离子为抗菌剂、GO为负载材料，通过水热法制备GO-Zn抗菌剂，采用吹膜法制备复合膜，并研究其分散性、拉伸性能、抗菌及阻隔性能。10聚氨酯/炭黑硬质复合泡沫的制备及性能秦东鑫，田华峰，欧阳玉阁，等DOI：10.3969/j.issn.1001-3539.2026.05.010介绍了聚氨酯泡沫因电绝缘特性限制其功能化应用，提出将炭黑作为导电填料引入基体的研究思路。11加工不同流体介质对长玻纤增强聚丙烯流体驱动浮芯辅助注塑管件的影响徐俊文，匡唐清，柳和生，等DOI：10.3969/j.issn.1001-3539.2026.05.011介绍了长玻纤增强聚丙烯(LGFR-PP)的材料特性及其在汽车轻量化等领域的应用价值，阐述了传统注射成型的局限性及流体辅助注射成型(FAIM)技术的发展，重点说明了流体驱动浮芯辅助注塑工艺(F-PAIM)的三种分类：液态二氧化碳驱动(LCO2-PAIM)、氮气驱动(G-PAIM)和水驱动(W-PAIM)。系统梳理了国内外学者针对三种介质体系在穿透行为、工艺参数调控、纤维取向及制品性能等方面的研究进展，指出当前研究多集中于单一介质体系的独立分析，缺乏LGFR-PP复合材料体系下不同流体介质的系统横向对比。明确了本文通过实验对比N2、水及LCO2三种介质对LGFR-PP管件成型质量的影响，分析壁厚均匀性、纤维特性及耐压性能，为F-PAIM工艺介质优选提供依据的研究目标。12振幅变化下超声振动对钻削CFRP损伤抑制的影响朱振宇，张旭，张立强DOI：10.3969/j.issn.1001-3539.2026.05.012介绍了碳纤维复合材料(CFRP)的优异力学性能及其在汽车、航空航天等领域的广泛应用，同时指出其非均质、各向异性、层间结合强度低等特性导致钻削加工中易产生分层、撕裂和毛刺等缺陷，严重影响构件承载能力和使用寿命。为抑制加工损伤，研究人员采用辅助加工工艺、优化工艺参数等方法降低钻削轴向力，其中超声振动技术被证明可有效减少分层和毛刺、提高孔表面质量。鉴于传统实验方法存在成本高、耗时长、难以阐明微观机制等局限，有限元仿真成为高效率、低成本的研究手段。该研究利用ABAQUS建立钻削CFRP模型，基于Hashin准则和Puck准则分别判定纤维损伤和预测基体损伤，通过施加不同振幅的超声振动，系统探究其对轴向力、扭矩和分层因子的影响规律，并结合实验验证仿真准确性，以选取最优振幅用于超声振动钻削CFRP工艺。13基于改进鲸鱼算法的电池包上壳体多目标工艺参数优化王伟，李金涛，郑阳，等DOI：10.3969/j.issn.1001-3539.2026.05.013动力电池包上壳体在新能源汽车中的关键作用及其面临的轻量化与可靠性双重挑战，指出大型薄壁塑料壳体注塑过程中易出现翘曲变形、熔接线等缺陷。综述了现有电池包外壳结构优化与注塑工艺参数优化的研究进展，包括遗传算法、粒子群算法、神经网络及多种代理模型等技术的应用。针对大型注塑件计算量大、研发周期长的问题，提出采用四分之一模型简化策略建立仿真模型，运用非支配排序鲸鱼优化算法进行多目标优化，以翘曲变形量为主要目标兼顾多向变形冲突指标，通过全局探索与局部开发能力实现高效寻优，最终经试制验证为电池包外壳成型质量提升提供技术支撑。14纤维酚醛复合材料热防护吸波一体化结构设计与性能刘晓菲，骆盛，张亚坤，等DOI：10.3969/j.issn.1001-3539.2026.05.014本研究直接采用Jaumann吸收体作为核心，结合热防护厚度约束，提出基于纤维酚醛复合材料的热防护吸波一体化结构设计方法，通过透波层与吸波层交替堆叠与结构一体化成型，有效避免涂层增重问题，在保证热防护性能基础上拓展吸波性能，具有设计灵活性和性能一致性好的特点。15导风件外板双色注塑工艺多目标优化及模具设计王明伟，林雨，张晗，等DOI：10.3969/j.issn.1001-3539.2026.05.015双色注塑技术在汽车零部件多功能与定制化生产中的应用优势，包括省去装配环节、提高生产效率、节约设备资源等；同时指出多色注塑零件表面质量要求高、成型工艺复杂，需严格控制翘曲变形量和体积收缩率。在此基础上，综述了国内外学者在工艺参数优化和多目标寻优方面的研究进展，并明确了本文以某车型导风件外板为研究对象，设计5因素4水平正交试验，选取两次射出的熔料温度、模具温度、冷却时间、保压压力和保压时间作为试验因素，以体积收缩率与翘曲变形总量为评价指标，利用Moldex3D模拟分析，结合信噪比、熵权法和灰色关联分析将多目标优化转化为单目标优化，以获取最优工艺参数组合。16机械与模具三色高亮汽车开关倒装注塑模具设计刘敬祺，严胜义，胡光良，等DOI：10.3969/j.issn.1001-3539.2026.05.016新能源汽车产业的市场爆发与技术升级背景，指出中国已成为全球产业升级的主导力量；分析了智能座舱内饰作为差异化竞争关键的发展趋势，以及智能触控类产品对多材质复合结构的需求；说明了多色一体注塑工艺替代传统制造方式的必然性，同时指出客户对高亮表面处理的新要求带来的生产难题；针对传统正装方案存在的透光区边缘印痕缺陷，提出以汽车座椅加热开关为研究对象，运用Moldflow软件分析缺陷机理并优化制造方案，最终阐述成型工艺及模具设计要点，为同类产品生产提供参考。17模板驱动自动脱螺纹的集液器注塑模具设计谢晓能，陈晓勇，金文兵DOI：10.3969/j.issn.1001-3539.2026.05.017分析了强制脱模与旋转脱模两种方式的适用性，指出旋转脱模因质量稳定而应用广泛；系统梳理了旋转脱模的研究成果，归纳出液压马达、电机、液压缸和开模力四种动力源及齿轮齿条、蜗杆蜗轮等传动机构组合；对比了外部动力与内部动力的特点及适用场景；指出当前对内螺纹型芯结构形式、固定方式及运动类型研究不足，强调这些因素对脱模质量的关键作用；最后说明以集液器为例进行模具设计的研究目的。18测试与老化基于界面退化机制的复合材料层合板低速冲击损伤数值模拟苏健，陈佳彬，甘国超，等DOI：10.3969/j.issn.1001-3539.2026.05.018本文建立了高精度三维有限元模型，构建了整体老化、界面脆化、界面软化、剪切主导失效及弱结合缺陷五种典型界面退化路径，通过参数解耦分析系统探究不同退化机制对层合板冲击动力学响应及损伤容限的影响规律，为复合材料结构的抗老化设计与运维评估提供理论参考。19热氧交联聚苯硫醚薄膜的结晶行为与表面性能赵彬，徐萌，王超，等DOI：10.3969/j.issn.1001-3539.2026.05.019介绍了聚苯硫醚(PPS)作为高端工程塑料在汽车、电子、航空等领域的应用背景，指出其结晶行为与热氧交联特性对复合材料性能的关键影响。系统梳理了Lou等、Zuo等、Yin等学者关于热处理时间对PPS结晶温度、结晶度、晶粒尺寸及交联网络效应的研究进展，指出现有研究缺乏对不同交联能力商品原料的对比分析。基于此，本文选取两种不同交联能力的PPS原料，旨在揭示热氧交联程度对其流延薄膜结晶行为与表面性能的协同影响机制，为实际加工中树脂种类与工艺条件的优化选择提供理论指导。20微观链结构序列分布对聚丙烯结晶熔融性能的影响黄谋杰， 张星星，杨廷杰，等DOI：10.3969/j.issn.1001-3539.2026.05.020介绍了聚丙烯(PP)及膨体连续长丝(BCF)纤维的应用特性，指出PP结晶熔融性能对BCF加工适配性的关键作用；综述了传统认知中等规度与分子量分布对结晶性能的影响，揭示现有研究忽视序列分布均匀性导致无法解释工业样品性能差异的局限；进而提出以两款宏观参数高度相近的工业均聚PP样品为对象，聚焦微观链结构序列分布差异，证实立构序列分布均匀性比等规度更本质地决定熔融温度、结晶温度与熔融重结晶行为，阐明均匀分布的中等长度立构序列可通过熔融重结晶实现晶体自我完善，区分结晶过程调控与结晶度上限调控，最终提出以立构序列精准调控为核心的高性能PP专用料开发新思路。21纳米ZnO改性聚酰亚胺的分子动力学模拟李亚莎，夏睿哲，黄沛森，等DOI：10.3969/j.issn.1001-3539.2026.05.021介绍了聚酰亚胺(PI)作为电力电子变压器绝缘材料的应用背景及其面临的高温老化挑战，指出传统纯PI导热性能不足的问题。综述了纳米掺杂技术改性PI的研究进展，包括Al₂O₃、SiO₂等纳米颗粒对PI热稳定性和电气性能的提升效果，重点阐述了纳米氧化锌(nano-ZnO)的优良特性及其在PI改性中的应用现状。分析了纳米填料团聚问题及硅烷偶联剂表面改性的解决方案。针对现有实验研究难以揭示微观机理的局限，提出采用分子动力学模拟方法，构建纯PI、不同nano-ZnO质量分数和半径的nano-ZnO/PI及硅烷偶联剂改性模型，从原子尺度探究nano-ZnO对PI热学和力学性能的改性机制，为nano-ZnO/PI复合薄膜的应用提供理论支撑。22填料与助剂不同形貌碳酸钙制备及对交联高密度聚乙烯性能的影响孟晓凯，白洋，杨虹，等DOI：10.3969/j.issn.1001-3539.2026.05.022高密度聚乙烯(PE-HD)的交联改性策略及其局限性，阐述了碳酸钙(CaCO3)作为无机填料在聚合物改性中的应用现状与问题，包括天然CaCO3形貌不可控、化学沉淀法制备的CaCO3表面光滑导致界面相容性差、纳米CaCO3易团聚等缺陷。基于此，提出采用原位一步法制备具有粗糙表面的不同形貌(球状、蚕茧状和哑铃状)微米级疏水CaCO3颗粒，构建交联PE-HD/CaCO3复合材料，系统研究CaCO3形貌及含量对复合材料结构、热性能、结晶性能和力学性能的影响规律。23氟橡胶含量对酚醛树脂基摩擦材料性能的影响张翔，郭建兵，张凯，等DOI：10.3969/j.issn.1001-3539.2026.05.023介绍了树脂基摩擦材料的组成结构及酚醛树脂作为基体的优缺点，综述了橡胶改性酚醛树脂的研究进展，重点对比了硅橡胶、丁苯橡胶和丁腈橡胶的改性效果，指出氟橡胶因优异的热稳定性和耐化学性在恶劣环境中应用广泛，但现有研究多集中于密封材料领域，关于氟橡胶改性酚醛树脂基摩擦材料的热学特性和高温摩擦性能研究较少，因此本文采用粉状氟橡胶与腰果油改性酚醛树脂机械共混制备复合材料，旨在探究氟橡胶含量对材料高温摩擦磨损性能、力学性能和热稳定性的影响规律。24多填料填充高导热PTFE覆铜板的制备与性能高枢健，冯春明，武聪，等DOI：10.3969/j.issn.1001-3539.2026.05.024研究了多填料填充高导热PTFE覆铜板的制备与性能。针对5G通讯等领域对高频高速覆铜板的需求，指出传统玻纤布增强PTFE覆铜板热导率低、单一陶瓷填料存在界面热阻大及加工性能差等问题。提出采用大粒径Al₂O₃、中粒径SiO₂和小粒径BaTiO₃三种互补陶瓷填料复配，通过梯度粒径堆积形成协同填充机制，在较低填料含量下实现高堆积密度和连续导热通路。以介电常数3.50±0.05、热导率≥1.0 W/(m·K)为目标，系统研究复配填充对导热、介电、力学及加工性能的影响，为高频高速电子设备材料开发提供借鉴。25综述连续碳纤维增强热塑性复合材料的性能与工艺优化研究进展焦卫国，李文晓DOI：10.3969/j.issn.1001-3539.2026.05.025该文章博客音频链接对比了热塑性与热固性复合材料的特性，指出热塑性复合材料具有快速加工、可常温存储、可回收利用等优势，并易于实现自感知、自修复等功能。针对短纤维增强材料的局限性，强调连续碳纤维增强热塑性复合材料(CCFRTP)可通过定制纤维方向获得优异承载性能，并列举了常用树脂基体类型。核心问题在于热塑性树脂高黏度导致的纤维浸渍困难及工艺缺陷，这些缺陷严重影响界面质量、力学性能和环境耐久性。最后明确本文将从力学行为、界面损伤、环境稳定性及智能功能四方面分析研究现状，并重点归纳材料改性与工艺优化策略。26聚合物基电容式柔性压力传感器研究进展马宁，吴焕东，列皓珽，等DOI：10.3969/j.issn.1001-3539.2026.05.026介绍了柔性压力传感器的定义、特点及主要类型，重点阐述了电容式柔性压力传感器的结构优势与聚合物材料的应用价值，并指出提升灵敏度和扩展压力检测范围是当前研究热点，最后概述了本文综述的核心内容与结构安排。27乙二醇醇解回收PET产物BHET的高值化应用侯秋飞，王聪，艳玲，等DOI：10.3969/j.issn.1001-3539.2026.05.027介绍了废弃PET回收的背景与意义，阐述了化学回收相较于物理、生物回收的优势，重点说明了乙二醇醇解法的反应原理及其反应条件温和、副产物少等工业应用前景，指出催化剂对常压下高效解聚的必要性，并概述了国内外催化体系的研究进展，最终明确了本文将系统综述醇解产物BHET的多元化应用途径及影响再生利用的关键因素。28生物基耐高温尼龙的研究进展李长恩，徐飞，朱炜，等DOI：10.3969/j.issn.1001-3539.2026.05.028工业制造快速发展对工程塑料性能提出更高要求，耐高温尼龙通过引入刚性苯环或长链单体实现150℃长期使用及260℃热变形温度，广泛应用于汽车、电子电气等领域。当前市场由欧美日化工巨头主导，产品多依赖化石资源面临资源环境压力。生物基耐高温尼龙通过生物质转化制备，碳排放降低40%~60%，我国已实现PA10T、聚酰胺5X、PA5T等突破性产业化，成为连接生物经济与高端制造的研究热点。29聚对苯撑苯并双噁唑研究进展刘薇，张殿波，梁晨，等DOI：10.3969/j.issn.1001-3539.2026.05.029该文章播客音频链接介绍了聚对苯撑苯并双噁唑(PBO)的分子结构特征与卓越性能，包括超高比强度、比模量及优异热稳定性，使其被誉为""21世纪的超级纤维""；梳理了PBO自20世纪60年代问世以来的发展历程，涵盖美国空军材料实验室的启动研究、杜邦公司的公开报道、陶氏化学的专利实施，以及日本东洋纺株式会社开发Zylon纤维并实现工业化生产的关键节点；对比了Zylon纤维与芳纶纤维的性能优势，其拉伸强度和模量约为后者两倍，热分解温度达650℃、极限氧指数68%；最后明确了综述的核心目标，即系统总结PBO制备方法、反应机理、性能改性及应用进展，为该材料的研究与工业化提供参考。《工程塑料应用》我也要投稿1登录唯一的投稿网址http://www.epa1973.net/*本刊不向作者收取注册费、审稿费，本网址为杂志社官方地址，杂志社未委托任何机构或个人从事征稿和组稿业务！谨防假冒网站！2点击“作者投稿”or“网上投稿”3按照页面指示填写文章信息等*请保证填写的邮箱与手机号准确，以免错过通知。4可参考往期文章格式，欢迎引用《工程塑料应用》（月刊）是中文核心期刊，主要报道国内外工程用树脂、塑料及其复合材料、功能材料等的合成、改性、加工、应用、测试、模具、设备等方面的科研成果及技术改进经验；栏目包括材料与应用、加工、机械与模具、测试与老化、填料与助剂、综述等。编辑部电话：0531-85878223，85878148，85878057",,,,pending
注资1.5亿元！五粮液成立新材料公司,第一锂电网,第一锂电网,"RIOnews API, 新材料, 碳, 宁德时代, 磷酸铁锂, 铁锂, 储能, 正极材料",normal,2026-08-13T19:28:16+08:00,,获悉，8月6日，宜宾普华新材料科技有限责任公司成立，注册资本1.5亿元，注册地为四川省宜宾市南溪区四川宜宾南溪经济开发区，经营范围包括新材料技术研发；新材料技术推广服务；电子专用材料研发；电子专用材料制造；电子专用材料销售；电池制造；电池销售；新兴能源技术研发；石墨及碳素制品制造；石墨及碳素制品销售；合成材料制造（不含危险化学品）；再生资源回收（除生产性废旧金属）；再生资源加工；再生资源销售；货物进出口。根据公开平台显示，该公司由四川省宜宾五粮液集团有限公司全资子公司四川省宜宾普什集团有限公司等共同持股。据了解，2026年6月8日，五粮液披露人事变动，董事会已同意增补邓敏为第七届董事会非独立董,http://mp.weixin.qq.com/s?__biz=MzU2NTEwMTg0OQ==&mid=2247620366&idx=1&sn=f8c2a19634f15e80f92f2f3fd13fb9c1,,获悉，8月6日，宜宾普华新材料科技有限责任公司成立，注册资本1.5亿元，注册地为四川省宜宾市南溪区四川宜宾南溪经济开发区，经营范围包括新材料技术研发；新材料技术推广服务；电子专用材料研发；电子专用材料制造；电子专用材料销售；电池制造；电池销售；新兴能源技术研发；石墨及碳素制品制造；石墨及碳素制品销售；合成材料制造（不含危险化学品）；再生资源回收（除生产性废旧金属）；再生资源加工；再生资源销售；货物进出口。根据公开平台显示，该公司由四川省宜宾五粮液集团有限公司全资子公司四川省宜宾普什集团有限公司等共同持股。据了解，2026年6月8日，五粮液披露人事变动，董事会已同意增补邓敏为第七届董事会非独立董,获悉，8月6日，宜宾普华新材料科技有限责任公司成立，注册资本1.5亿元，注册地为四川省宜宾市南溪区四川宜宾南溪经济开发区，经营范围包括新材料技术研发；新材料技术推广服务；电子专用材料研发；电子专用材料制造；电子专用材料销售；电池制造；电池销售；新兴能源技术研发；石墨及碳素制品制造；石墨及碳素制品销售；合成材料制造（不含危险化学品）；再生资源回收（除生产性废旧金属）；再生资源加工；再生资源销售；货物进出口。根据公开平台显示，该公司由四川省宜宾五粮液集团有限公司全资子公司四川省宜宾普什集团有限公司等共同持股。据了解，2026年6月8日，五粮液披露人事变动，董事会已同意增补邓敏为第七届董事会非独立董事候选人。按照程序，在股东大会表决通过后，董事会将召开会议，正式选举邓敏担任公司董事长。此前，邓敏曾担任天原股份董事长，天原股份控股股东为宜宾发展控股集团有限公司，主营业务围绕“氯-钛-磷-铁-锂”一体化循环产业链展开，其中在锂电池领域主要生产磷酸铁锂正极材料，产品用于动力电池、储能电池等领域，已导入宁德时代等头部客户供应体系。阅读推荐Reading Recommendation加入通讯录加入联盟加入协会企业分布地图活动咨询咨询电话021-61170511,,,,pending
联合国工业发展组织与宁德时代签署《联合宣言》,第一锂电网,第一锂电网,"RIOnews API, 新材料, 碳, 宁德时代, 政策",normal,2026-08-13T19:28:16+08:00,,8月11日，联合国工业发展组织（工发组织）与宁德时代在北京签署《联合宣言》。双方就循环经济与先进电池领域的绿色工业发展等达成合作意愿，并在促进全球工业可持续发展方面达成深度共识。联合国工业发展组织总干事代表兼执行干事邹刺勇、宁德时代副总裁孟祥峰代表双方签署宣言。双方将聚焦推动全球绿色能源转型，重点在以下领域深化协作：●经验推广与示范项目：总结并推广宁德时代产业模式经验，分享先进电池与绿色能源创新路径，并在全球范围内扩大可持续发展示范项目。●标准引领与市场准入：推进以标准为导向的工业发展与政策协调，促进基于规则的可持续国际市场准入。●共建全球低碳中心：共同支持建立全球循环能源与低碳中心，培育可持,http://mp.weixin.qq.com/s?__biz=MzU2NTEwMTg0OQ==&mid=2247620366&idx=3&sn=9d740a8c40c6635bc7e506b23c91604e,,8月11日，联合国工业发展组织（工发组织）与宁德时代在北京签署《联合宣言》。双方就循环经济与先进电池领域的绿色工业发展等达成合作意愿，并在促进全球工业可持续发展方面达成深度共识。联合国工业发展组织总干事代表兼执行干事邹刺勇、宁德时代副总裁孟祥峰代表双方签署宣言。双方将聚焦推动全球绿色能源转型，重点在以下领域深化协作：●经验推广与示范项目：总结并推广宁德时代产业模式经验，分享先进电池与绿色能源创新路径，并在全球范围内扩大可持续发展示范项目。●标准引领与市场准入：推进以标准为导向的工业发展与政策协调，促进基于规则的可持续国际市场准入。●共建全球低碳中心：共同支持建立全球循环能源与低碳中心，培育可持,8月11日，联合国工业发展组织（工发组织）与宁德时代在北京签署《联合宣言》。双方就循环经济与先进电池领域的绿色工业发展等达成合作意愿，并在促进全球工业可持续发展方面达成深度共识。联合国工业发展组织总干事代表兼执行干事邹刺勇、宁德时代副总裁孟祥峰代表双方签署宣言。双方将聚焦推动全球绿色能源转型，重点在以下领域深化协作：●经验推广与示范项目：总结并推广宁德时代产业模式经验，分享先进电池与绿色能源创新路径，并在全球范围内扩大可持续发展示范项目。●标准引领与市场准入：推进以标准为导向的工业发展与政策协调，促进基于规则的可持续国际市场准入。●共建全球低碳中心：共同支持建立全球循环能源与低碳中心，培育可持续工业发展，加速全球绿色能源转型。未来，双方将继续发挥各自在政策引导与产业创新方面的优势，以科技创新驱动循环经济发展，不断探索绿色能源转型的创新路径。阅读推荐Reading Recommendation加入通讯录加入联盟加入协会企业分布地图活动咨询咨询电话021-61170511,,,,pending
两部门印发《安全应急装备产业发展“十五五”规划》：重点行业领域安全生产技术包括锂电池热失控防控、储能安全监控等,第一锂电网,第一锂电网,"RIOnews API, 新工艺, 新材料, 复合材料, 合作进展, 投资, 合作, 技术进展, 技术攻关, 前沿技术, 量产推进, 产能, 扩产, 储能, 系统集成, 可靠性, 热失控, 电池回收, 政策, 发布, 新产品, 实验室, 中试, 认证, 落地",normal,2026-08-13T19:28:16+08:00,,获悉，8月13日，工业和信息化部、应急管理部近日联合印发《安全应急装备产业发展“十五五”规划》（以下简称《规划》）。《规划》提出，紧扣重点行业安全生产与应急处置需求，城市高层建筑、地下空间、高山深谷、激流水域等极端复杂环境需求，以及新型储能、动力电池回收和综合利用等新业态需求，组织揭榜挂帅、成果孵化与工程化攻关，打造一批技术先进、质量优良、场景适配度高的新型技术装备。重点行业领域安全生产技术。锂电池热失控防控、储能安全监控、氢能安全储运与测控技术。多元灾害处置技术，涵盖辐射、火灾、塌方、井喷、溢油、管道堵漏、海上应急封堵，以及储能电站抑爆、狭小空间侦测搜救、快速部署与收撤、高危环境远程操控、多,http://mp.weixin.qq.com/s?__biz=MzU2NTEwMTg0OQ==&mid=2247620366&idx=2&sn=f9f0255fbab61d240e1a4d042de6dc72,,获悉，8月13日，工业和信息化部、应急管理部近日联合印发《安全应急装备产业发展“十五五”规划》（以下简称《规划》）。《规划》提出，紧扣重点行业安全生产与应急处置需求，城市高层建筑、地下空间、高山深谷、激流水域等极端复杂环境需求，以及新型储能、动力电池回收和综合利用等新业态需求，组织揭榜挂帅、成果孵化与工程化攻关，打造一批技术先进、质量优良、场景适配度高的新型技术装备。重点行业领域安全生产技术。锂电池热失控防控、储能安全监控、氢能安全储运与测控技术。多元灾害处置技术，涵盖辐射、火灾、塌方、井喷、溢油、管道堵漏、海上应急封堵，以及储能电站抑爆、狭小空间侦测搜救、快速部署与收撤、高危环境远程操控、多,获悉，8月13日，工业和信息化部、应急管理部近日联合印发《安全应急装备产业发展“十五五”规划》（以下简称《规划》）。《规划》提出，紧扣重点行业安全生产与应急处置需求，城市高层建筑、地下空间、高山深谷、激流水域等极端复杂环境需求，以及新型储能、动力电池回收和综合利用等新业态需求，组织揭榜挂帅、成果孵化与工程化攻关，打造一批技术先进、质量优良、场景适配度高的新型技术装备。重点行业领域安全生产技术。锂电池热失控防控、储能安全监控、氢能安全储运与测控技术。多元灾害处置技术，涵盖辐射、火灾、塌方、井喷、溢油、管道堵漏、海上应急封堵，以及储能电站抑爆、狭小空间侦测搜救、快速部署与收撤、高危环境远程操控、多功能模块化集成等技术。极端环境用轻质高强先进复合材料、耐高温/耐高寒/耐腐蚀/耐冲击/高阻燃特种材料、高效灭火降温与协同消烟材料、先进辐射制冷材料、特殊功能粘胶剂材料、多功能智能防护材料、新型储能与防热失控材料等。原文&解读如下：关于印发《安全应急装备产业发展“十五五”规划》的通知工信部联规〔2026〕186号国家消防救援局、国家矿山安全监察局、中国地震局，各省、自治区、直辖市、计划单列市及新疆生产建设兵团工业和信息化主管部门，各省、自治区、直辖市及新疆生产建设兵团应急管理厅（局），有关单位：现将《安全应急装备产业发展“十五五”规划》印发给你们，请结合实际，认真贯彻实施。工业和信息化部应急管理部安全应急装备产业发展“十五五”规划大力发展安全应急装备产业，是满足日益增长的安全应急需求、提升本质安全水平和国家防灾减灾救灾能力的重要举措，是贯彻落实“人民至上、生命至上”理念的必然要求，对支撑平安中国和制造强国建设具有重要意义。依据《中华人民共和国国民经济和社会发展第十五个五年规划纲要》《扩大内需战略规划纲要（2022—2035年）》等，编制本规划。一、总体要求坚持以习近平新时代中国特色社会主义思想为指导，深入贯彻党的二十大和二十届历次全会精神，认真落实四中全会部署，完整准确全面贯彻新发展理念，加快构建新发展格局，强化底线思维、极限思维，坚持以人民为中心的发展思想，统筹发展和安全，锚定基本实现新型工业化目标，以推动高质量发展为主题，坚持创新驱动、融合发展、供需互促、系统推进，加强关键核心和共性技术研发，推进新技术、新工艺、新材料等深度赋能安全应急装备，促进供给能力提升，深化应用场景拓展，引导产业优化布局，强化极端场景应急通信保障能力，为全面提升行业本质安全水平与防灾减灾救灾能力提供产业支撑，推动公共安全治理模式向事前预防转型，以高水平安全保障高质量发展，助力实现中国式现代化。到2030年，安全应急装备产业规模、技术水平、产品质量、应用深度和广度显著提升。重点领域产业规模达到1.4万亿元。突破一批关键核心技术，形成一批国际领先的标志性产品。建设一批安全应急装备重点应用场景，推广一批具有高技术水平和显著应用成效的安全应急装备，促进家庭社区安全应急产品配备水平进一步提升。建设10个竞争力强的安全应急装备产业集群、70个安全应急装备产业特色园区。形成一批国际竞争力强的龙头企业，培育一批专精特新“小巨人”企业和制造业单项冠军企业。二、重点任务（一）加强产业创新1.持续开展关键核心技术攻关。以满足安全防范和应急处置实战需求为导向，加强国家科技重大项目等对安全应急装备产业的支持力度，支持龙头企业联合高校、科研院所、用户单位开展关键共性技术和前沿技术攻关，加快突破关键零部件、元器件、基础材料、基础工艺、基础软件和工业软件瓶颈，形成一批战略亟需的标志性产品。紧扣重点行业安全生产与应急处置需求，城市高层建筑、地下空间、高山深谷、激流水域等极端复杂环境需求，以及新型储能、动力电池回收和综合利用等新业态需求，组织揭榜挂帅、成果孵化与工程化攻关，打造一批技术先进、质量优良、场景适配度高的新型技术装备。专栏1关键共性技术攻关方向1.重点行业领域安全生产技术。极端环境下多模态信息融合、室内外一体化高精度定位（北斗、超宽带）、危险化学品风险动态推演与超前预警、全生命周期安全状态监测、特殊作业风险管控、快速识别与远距离检测、混触风险防控、无人机探测反制技术。矿山多灾害监控、隐蔽致灾因素和隐蔽工作面探测技术。锂电池热失控防控、储能安全监控、氢能安全储运与测控技术。复杂管道检测、燃气管道泄漏快速识别检测、精准定位和救援抢修技术。高温熔融金属、冶金煤气等重大事故风险动态监测预警技术。油烟管道油污监测和清理、海上安全生产防控技术。2.重大自然灾害防控处置技术。林火防控早期精准探测识别、监测预警与应急指挥技术。洪涝堤坝隐患识别、流域灾情感知、高精度模拟检测、危险水域探测报警。地震危险源探查和大震震源识别技术，地震地质灾害次生灾害风险评估、快速预警、一体化位移监测预警技术。雪崩场景监测预警、多灾种机动型装配式监测预警、重大基础设施本质安全监测技术。多元灾害处置技术，涵盖辐射、火灾、塌方、井喷、溢油、管道堵漏、海上应急封堵，以及储能电站抑爆、狭小空间侦测搜救、快速部署与收撤、高危环境远程操控、多功能模块化集成等技术。3.极端场景应急通信技术。激光通信高精度对准、空天地融合集群指挥调度通信、通导感融合应用、低带宽应急通信智能增强技术。全网通应急基站、无线宽带传输网关、超轻机载动中通卫星站，适应极端环境条件的高可靠易操作终端、装备等。2.加速新兴技术赋能。结合安全应急装备特色需求，促进人工智能、具身智能、脑机接口、卫星遥感、新材料、新能源等新兴技术融合创新，推动安全应急装备迭代升级。在工程机械、电子信息、信息通信等领域形成一批融合创新成果，提升产品对高原、高寒、高温、空中、地下、水域、森林草原、高山深谷、极端天气、强电磁信号等复杂环境的适应能力和保障能力。加快人工智能赋能安全应急装备，实现智能感知、智能研判、智能决策、智能处置。专栏2新兴技术融合创新重点方向1.人工智能。安全应急垂域大模型和智能体、风险快速识别与预测、重大隐患精准识别、复杂环境行为智能识别与预警、灾情协同感知与精准评估、灾害动态演化智慧推演与辅助决策、空地协同高精度区域增强定位、预警效能因果推断、需求推演与物资筹措研判等。2.机器人及无人机。适应极端恶劣环境的高通过性运动机构与自主作业系统、人机/机群智能协同与远程指挥控制、高精度导航定位与自主避障、高效轻量化作业载荷集成与快速适配、高能量密度动力与能源管理、巡查侦检与实时分析处理、高抗毁高可靠通信及多机协同通信、巷（隧）道微型无人机等。3.人机交互与生理监测。脑机接口安全应急装备、外骨骼助力与人体增强、人机智能交互与辅助决策、复杂废墟环境生命信号融合识别、人员生理状态实时无感监测与预警、救援人员健康评估与任务效能优化等。4.卫星遥感。基于卫星遥感的大范围灾害监测与快速评估、高分辨率光学与合成孔径雷达卫星协同的灾情信息获取、林火早期识别与蔓延态势研判、洪涝过水提取与损失评估、地震地质灾害遥感快速评估、滑坡泥石流隐患长时序遥感预警等。5.先进材料。极端环境用轻质高强先进复合材料、耐高温/耐高寒/耐腐蚀/耐冲击/高阻燃特种材料、高效灭火降温与协同消烟材料、先进辐射制冷材料、特殊功能粘胶剂材料、多功能智能防护材料、新型储能与防热失控材料等。3.完善产业创新平台建设布局。鼓励相关行业重点实验室、产业技术工程化中心、创新中心等研发机构联合开展跨领域、跨专业合作研究，加强关键核心技术供给。系统布局并重点支持建设一批安全应急装备国家制造业创新中心、产业技术基础公共服务平台、中试平台、孵化器等创新平台和公共服务体系，加强关键共性技术研发及检验检测、试验验证、信息服务、成果转化等。建设应急通信工程实验室、先进应急通信服务平台和应急力量模拟演训系统。支持各类创新平台强化场景设计和概念验证，充分发掘和优化场景资源，牵引先进适用技术和装备创新发展，服务行业企业。（二）促进装备推广应用4.提升装备实战效能。面向工业、能源、矿山、住建、交通等重点行业领域安全生产，以及高层建筑、地下工程、大型综合体、化工、新能源火灾、核生化事故和地震地质灾害、洪水灾害、城市内涝、冰雪灾害、森林草原火灾等防灾减灾救灾需求，针对风险感知、实时监测、超前预警、协同处置、灾后恢复等环节，布局建设一批实战化场景，推动装备实战性能检验与迭代优化，在真实事故灾害环境中检验装备可靠性、环境适应性和人机协同效能，实现技术供给与复杂应用场景的高效对接。推动有关部门、地方政府、国有企业等加大应用场景开放力度，建立常态化场景征集、遴选、发布、对接机制。组织先进适用装备参加专业演习演练活动，检验装备效能，建立应用反馈机制，推进产品迭代升级，强化应用实效。5.加强先进适用装备推广应用。通过征集遴选典型应用案例、推广目录等方式，提升先进适用装备在重点行业安全生产、消防安全、重大灾害事故防控处置等方面应用实效。加大政府采购力度，拓展多元化市场渠道。支持政府部门与大企业首购首用创新产品，鼓励地方将典型应用案例与推广目录内产品优先纳入首台套政策、城市更新和技术改造政策等支持范围。分类强化应急通信队伍装备配备。鼓励行业龙头企业、救援队伍试用新型装备，形成可复制的场景化解决方案。指导政府、园区、企业、社区增加安全应急装备及产品配备。6.加大家庭社区安全应急产品普及。加大家庭应急包及各种家庭安全应急重点产品推广。修订完善重点产品规范条件，引导产业规范有序发展。鼓励各地通过布设社区公共服务站点等模式，提高家庭安全应急产品获取便捷性。鼓励各级工会采购配备家庭安全应急产品。鼓励文旅企业结合文旅场景推广配套安全应急产品。组织开展全民性应急演练和科普宣传活动，建设沉浸式应急体验中心，加强宣传推广与配备培训，提升民众安全应急意识与自救互救能力。专栏3重点推广领域和产品1.工业制造。面向石化化工、钢铁、有色、建材、机械、电力、轻工、纺织等行业，推广有毒有害气体检测报警装备、粉尘浓度在线监测装备、高温熔融金属作业风险监控系统、工业消防系统与装备、先进个体防护装备、防毒庇护系统与装备、洗消装备、防爆机器人、烟花爆竹等事故高危复杂场所侦查机器人等。2.应急通信。面向“三断”等极端条件应急通信保障场景，满足高速泛在、机动快速、强健智能、安全可靠天空地海一体应急通信网络对装备的要求，推动应急通信队伍配备各型应急通信无人机、卫星背包基站、具身智能设备、后勤保障装备等。3.地震地质灾害。面向大震巨灾监测预警、重大工程地震灾情监测获取和评估、“三断”极端条件下抢险救援等场景，推广多功能监测预警系统与紧急处置装置、复杂场景自适应触发预警装备、一体化位移监测预警装备、灾情获取处置和评估系统、全地面起重机、模块化工程抢险救援装备、生命探测和搜救装备、小型轻量智能高可靠抢险救援装备、模块化发电/水电一体化保障系统、无人机中继照明系统、空地一体协同指挥调度平台、模块化移动方舱医院、机动式应急救援安置营地等。4.洪水内涝灾害。面向堤坝渗漏、管涌、滑坡、塌陷、决口等重大险情和外洪入城、城市内涝，以及湍流水域、浑浊水域、地下空间等复杂环境救援场景，推广智能化洪涝预警及处置装备、人员搜救定位装备、两栖多功能平台、无人船艇、智能排水装备、轻量化水质监测与净化设备、溃口封堵装备、水下救援机器人及漂浮式抢护装备、城市内涝应急调度平台、远程测量控制装备等。5.森林草原火灾。面向火情快速感知、超前预警、态势研判、运输投送、人员搜救、快速处置等需求，推广火灾监测预警装备、指挥调度装备、航空救援装备、隔离带开挖装置、轻量化高机动森林草原消防装备、消防员森林灭火防护装备等。6.冰雪灾害。面向道路紧急抢通、通信线路与电网保障、高寒高海拔等恶劣环境救援、低温雨雪冰冻天气公路清障等场景，推广智能化除冰雪装备、冰面救援装备、高原高海拔专用处置与航空救援器等。7.海洋。面向船舶、海上设施的安全防护和搜救应急场景，推广智能防碰撞系统、海上设施安全防护及监测预警系统、海上智能搜救装备、海上溢油智能监测预警系统、化学品水体泄漏搜集与处置装备、海上导航定位、船用高压细水雾灭火系统、智能应急管控系统等。8.矿山。面向矿石采掘、运输、装卸等高危作业环节，以及地下矿井复杂空间探测、风险感知、救援等场景，推广矿山风险智能预警系统、灾情侦测装备、井下人员定位与应急避险系统、露天矿无人驾驶系统、远程遥控挖掘机、智能无人钻机、快速排水救援装备、煤泥高效清理专用设备、矿山侦检和救援机器人、应急广播系统等。9.城乡消防。面向火灾防控、风险评估、接警调度、力量投送、火灾扑救、抢险救援、火灾调查等场景，推广电气火灾监控设备、组网型独立式火灾探测器、高层供水消防车、防爆消防机器人、消防无人机、火灾现场快速勘查机器人、小跨距高米数举高消防车、高射高水罐消防车、人员室内定位与生命体征监测系统、新能源汽车火灾快速处置系统等。10.房屋市政工程。面向房屋建筑、桥梁隧道、市政管网、轨道交通站点等领域，推广房屋结构监测设备、电梯运行智能监测装备、桥梁监测机器视觉系统、智能管网、燃气智能监测感知设备、工程消防检测装备、建筑起重机械安全装置、安全巡检机器人及无人机等。11.交通。面向道路交通、港口航道、轨道交通、民用航空等领域运输过程、事故救援和交通基础设施建设养护场景，推广交通基础设施安全状态及工程建设安全监测预警设备、交通安全防护系统及装置、车辆主被动安全装置、桥梁防撞预警装置、道路和隧道无人巡检和智能救援装备、船舶智能监控及防碰撞预警系统、港口重大危险源监测预警系统、新能源清洁能源船舶消防和救援装备等。12.家庭社区安全应急。面向家居、野外、车辆、景区、活动场馆等多种环境下安全防护和个人应急逃生自救互救、院前抢救等场景，推广安全应急包、独立式火灾探测报警器、燃气用户端安全装置、简易喷淋系统、简易式灭火器、消防自救呼吸器、逃生缓降器、应急电源、自动体外除颤仪、疾病预警智能装备及应急呼救、现场生命支持及转运装备等。（三）培育壮大产业主体7.梯度培育优质企业。强化企业创新主体地位，引导企业面向国家重大安全应急需求，扩大安全应急技术和装备供给。推动龙头企业整合产业链资源，加快发展集研发制造、集成创新、工程实施和运营服务为一体的综合型企业集团。构建梯度培育体系，培育一批安全应急特色明显、创新能力强的专精特新“小巨人”企业和制造业单项冠军企业。打造安全应急装备领域的专精特新企业赋能中心，加速市场主体提质扩量。推进产业链上下游协同、大中小企业融通发展。专栏4企业提质升级1.着力打造一批龙头企业。依托各地优势，遴选一批符合条件的安全应急装备骨干企业并加强服务指导。支持龙头企业加大面向重大场景的创新投入，积极承担国家重大任务，提升装备的高可靠性、高环境适应性与系统协同能力，加强关键标准制定与专利布局。分领域支持龙头企业牵头，联合产业链上下游企业、高校和科研院所、金融机构，培育和发展一批安全应急装备产业创新合作组织，提升产业链协同创新与应急保障能力。鼓励牵头建设安全应急装备供应链协同平台，推动数据互联互通、信息可信交互、资源柔性配置，增强供应链韧性，提升极端条件下安全应急装备供应链的快速恢复与保供能力。2.培育一批专精特新“小巨人”企业和制造业单项冠军企业。依托各地中小企业培育计划，培育一批安全应急特色明显、技术含量高、市场前景好的专精特新“小巨人”企业和制造业单项冠军企业，引导支持其专注细分领域做强主导产品、增强细分市场竞争力，提升产业配套、协同创新和制造能力。8.加快企业数智化转型。支持安全应急装备企业通过“人工智能+”赋智升级，提高研发设计、中试验证、生产制造、营销服务、运营管理等环节的数字化、智能化水平，培育打造智能工厂和智慧供应链，加快培育一批高水平数智化转型服务商。指导安全应急装备企业开展重要数据识别和目录备案，落实分级保护、风险评估、监测预警和应急处置等要求，提升数据安全保护水平。加强覆盖装备全生命周期的高质量数据集建设，打造安全应急装备可信数据空间，挖掘数据价值。培育面向安全应急装备的工业互联网平台，深化垂直模型开发和实践，突破复合灾害预警、应急预案智能生成等核心能力，加快人工智能应用，推进相关软件智能化升级。加强开源鸿蒙操作系统应用推广，构建行业统一数字底座。9.推动产业集聚发展。引导地方综合考虑各地产业基础、创新资源、应用场景、区位优势和发展趋势，因地制宜发展安全应急装备产业。支持产业基础好、发展潜力大的地区，培育建设安全应急装备领域国家先进制造业集群、国家新兴产业发展示范基地、中小企业特色产业集群、创新型产业集群。依托高新技术产业开发区、经济技术开发区等，打造一批在产业集聚发展、协同创新、生态优化、治理提升等方面具有辐射带动作用的特色园区或集聚区。制定安全应急装备产能储备清单，加强生产能力动态管理，掌握重点企业供应链分布。加强跨区域协作，形成协同创新、资源共享的产业网络。专栏5产业集聚与布局1.打造产业创新策源区。引导京津冀、长三角、粤港澳大湾区等创新资源集聚、产业基础雄厚的地区，聚焦研发设计、关键核心技术攻关、系统集成等领域，重点发展高精度监测预警、智能化处置救援、先进应急通信、高端个体防护等装备，打造安全应急装备前沿技术创新策源地和总部经济群，引领产业高端化、智能化发展。2.打造装备高端制造区。引导工业体系完备、制造能力突出的地区，立足自身产业基础和资源禀赋，聚焦安全防范、应急处置、安全应急服务等重点方向，发展关键装备、关键零部件和系统解决方案的规模化生产能力，建设一批安全应急装备制造基地，推动形成分工明确、优势互补的区域产业发展格局。3.打造场景创新应用区。引导应用需求迫切、适用场景丰富的地区，聚焦极端环境适应型装备的场景验证与适配创新，重点发展适用于特殊地形、特殊气候的救援装备和专用防护产品，建设实战测试验证和场景创新应用基地。4.打造装备储备调运区。引导重点需求保障地区，聚焦安全应急装备的规模化储备、高效集散与快速调运，优化现代化装备保障体系，完善产能储备与柔性生产机制，建立健全产能储备、产地储备、技术储备、原材料储备、重要装备和零部件储备，形成关键产业能力备份与覆盖周边地区的快速响应网络，提升应急状态下装备的调配水平。（四）优化产业生态10.加快标准体系建设。发挥安全应急装备标准化工作组织作用，围绕基础共性、装备产品、赋能技术、系统协同、产业服务、行业应用等方面，完善适应高质量发展的标准体系，加快制定实施一批重点急需标准。鼓励社会团体、企业制定实施高质量团体标准、企业标准，持续增加标准有效供给。加强技术装备平急转化标准研制。加强标准贯标培训和应用推广，提升标准实施效能。加强国际技术交流与标准化合作，推动国内外技术标准互认，支持优势领域标准向国际标准转化。11.深化质量品牌建设。鼓励安全应急装备制造企业开展质量管理能力评价，推广先进质量标准，引导企业建立完善先进质量管理体系和产品质量认证体系，按照梯次培育路径推动企业质量管理能力跃升。加强企业知识产权保护。鼓励企业加强品牌建设，推动行业品牌形象整体提升，全面提高装备质量可靠性与市场竞争力，助力“中国制造”品牌迈向中高端。12.推动先进制造业与现代服务业深度融合发展。鼓励装备制造企业向服务化延伸，发展服务型制造，推广装备租赁、共享、远程运维、个性化定制等新模式，支持建立覆盖装备维护保养、专业技能培训、设备回收再利用等环节的“装备+服务”一体化解决方案。深化“防减救”一体化服务，加快发展安全风险评估、应急救援综合保障、安全应急教育培训等专业服务。推动培育塑造安全应急装备产业文化。13.优化财税金融等政策支持。落实完善安全生产专用设备企业所得税优惠、首台（套）重大技术装备保险补偿等政策，将更多符合条件的先进安全应急装备纳入支持范围。鼓励金融机构开发有利于安全应急装备应用的信贷、保险产品。利用好“科技产业金融一体化”专项，发挥国家制造业转型升级基金、国家中小企业发展基金等政府投资基金引导作用，支持有条件的地区设立安全应急装备产业发展基金，引导社会资本积极参与产业发展。加强安全应急装备频谱资源统筹开发利用与无线电产业创新发展协同，制定安全应急装备领域无线电频率使用指南。14.强化产业人才引育。依托全国重点实验室、国家制造业创新中心、重大事故防控技术支撑基地等平台，培育科技领军人才和创新团队，开展安全应急装备人才培养。鼓励高校加强安全应急装备相关学科建设，培养复合型创新人才。支持职业院校开设安全应急装备维护、操作等相关专业，培养高技能人才。深入推进产教融合，提升校企合作水平，建设一批产教融合创新平台、产教融合型企业和实训基地。鼓励建立常态化人才交流合作机制，推动应急救援、安全生产等一线专家参与研发制造。完善人才激励与引进机制，鼓励地方和企业将安全应急装备领域人才纳入各类人才计划支持范围。15.深化产业高水平开放和交流合作。加强与相关国家、地区及国际组织的交流，支持国内企业、科研机构引进国际先进技术。鼓励国外企业在华设立研发机构，促进国际先进安全应急技术成果在国内产业化。充分利用多双边合作机制，联合开展安全应急装备技术攻关，推动有竞争力的安全应急装备和整体解决方案在当地落地应用。推动地方、行业组织、相关单位高质量举办中国安全应急产业大会、中国国际应急管理展览会、安全应急装备发展“区域行”、创新大赛等活动，支持京津冀、长三角、粤港澳大湾区等地区打造安全应急装备产业品牌展会和活动。三加强组织实施加强部门协同、央地联动、供需对接，有关部门和地方政府切实加强组织领导，在政策制定、技术研发、标准建设、场景培育、应用推广、产业监测等方面协同配合，细化工作举措，抓好推进落实。完善安全应急装备产业分类指导目录，鼓励地方因地制宜将安全应急装备纳入政策支持范畴，保障用地、用海、用电等资源要素，在技术研发创新、无线电频谱开发利用、装备应用推广、转产扩产、产业公共服务等方面予以支持。鼓励电信企业设立应急通信保障专项经费，加大应急通信装备投入。对规划实施过程中出现的新问题新情况加强跟踪，开展规划实施情况动态评估，强化政策供给和行业指导，保障规划顺利实施。来源：工业和信息化部安全生产司《安全应急装备产业发展“十五五”规划》解读为加快推动安全应急装备产业高质量发展，支撑平安中国和制造强国建设，工业和信息化部、应急管理部近日联合印发《安全应急装备产业发展“十五五”规划》（以下简称《规划》）。工业和信息化部安全生产司负责同志就《规划》有关情况进行了解读。一、《规划》出台的背景是什么？大力发展安全应急装备产业，是党中央、国务院统筹发展和安全作出的重大战略部署。习近平总书记强调，要巩固壮大实体经济根基，把安全应急装备等战略性新兴产业发展作为重中之重，着力打造世界级先进制造业集群。“十四五”以来，我国安全应急装备产业实现快速发展。2025年重点领域产业规模突破1万亿元，形成了覆盖安全防范、应急处置和安全应急服务的产业体系，技术水平不断提升，创新活力和竞争优势日益增强。“十五五”时期，我国安全应急装备产业发展面临新的形势和任务。自然灾害和各类公共安全风险交织叠加，新领域新风险不断增加，对安全应急装备提出更高要求。新型工业化、新型城镇化加速推进，社会安全风险主动防控意识不断增强，安全应急装备需求更加迫切。同时，产业发展还面临关键核心技术短板、市场需求释放不足、产业生态和支撑体系尚不健全等现实挑战。适应新的形势和要求，发布实施《安全应急装备产业发展“十五五”规划》具有重要意义。二、《规划》的总体考虑是什么？《规划》对“十五五”时期推进安全应急装备产业发展进行了系统性部署，编制过程中主要考虑以下三个方面。一是坚持统筹发展和安全。围绕加快建设制造强国、建设更高水平平安中国，制定“十五五”时期安全应急装备产业发展的主要目标、重点方向和实施路径，确保将党中央、国务院有关决策部署落实落细，确保产业发展服务于提升国家整体安全保障能力和现代化产业体系建设需要。二是力求精准施策。准确把握“十五五”时期产业发展面临形势与存在问题，针对产业发展痛点、难点和堵点，提出具有针对性、可操作性的解决方案，为未来五年制定产业政策，破解制约产业高质量发展障碍提供依据和方向。三是强化系统协同。加强部门、央地、供需各方在政策制定、技术研发、标准建设、场景培育、应用推广、产业监测等方面的协同配合，鼓励地,,,,pending
暴跌超五成！7月氢燃料电池汽车产量下滑70.7%,氢能观察,氢能观察,"RIOnews API, 第二增长曲线, 氢",normal,2026-08-13T18:50:26+08:00,,8月12日，中国汽车工业协会公布2026年7月汽车工业产销情况。2026年7月，我国汽车产销累计完成257.3万辆和258.4万辆，环比分别下降6.8%和8%，同比分别下降0.7%和0.3%。2026年7月，新能源汽车产销分别完成157.6万辆和156.1万辆，同比分别增长26.8%和23.7%，新能源汽车新车销量达到汽车新车总销量的60.4%。其中，燃料电池汽车产量为67辆，同比下降70.7%；销量为138辆，同比下降51.4%。2026年1-7月，新能源汽车产销分别完成901.4万辆和900.7万辆，同比分别增长9.5%和9.6%，新能源汽车新车销量达到汽车新车总销量的51.2%。其中，燃,http://mp.weixin.qq.com/s?__biz=MzAxMTUxNzgyOA==&mid=2247620189&idx=4&sn=1d00e9bc8567bb9e02d1ea7d78d53468,,8月12日，中国汽车工业协会公布2026年7月汽车工业产销情况。2026年7月，我国汽车产销累计完成257.3万辆和258.4万辆，环比分别下降6.8%和8%，同比分别下降0.7%和0.3%。2026年7月，新能源汽车产销分别完成157.6万辆和156.1万辆，同比分别增长26.8%和23.7%，新能源汽车新车销量达到汽车新车总销量的60.4%。其中，燃料电池汽车产量为67辆，同比下降70.7%；销量为138辆，同比下降51.4%。2026年1-7月，新能源汽车产销分别完成901.4万辆和900.7万辆，同比分别增长9.5%和9.6%，新能源汽车新车销量达到汽车新车总销量的51.2%。其中，燃,8月12日，中国汽车工业协会公布2026年7月汽车工业产销情况。2026年7月，我国汽车产销累计完成257.3万辆和258.4万辆，环比分别下降6.8%和8%，同比分别下降0.7%和0.3%。2026年7月，新能源汽车产销分别完成157.6万辆和156.1万辆，同比分别增长26.8%和23.7%，新能源汽车新车销量达到汽车新车总销量的60.4%。其中，燃料电池汽车产量为67辆，同比下降70.7%；销量为138辆，同比下降51.4%。2026年1-7月，新能源汽车产销分别完成901.4万辆和900.7万辆，同比分别增长9.5%和9.6%，新能源汽车新车销量达到汽车新车总销量的51.2%。其中，燃料电池汽车产量为600辆，同比下降61.5%；销量为800辆，同比下降50.3%。来源：氢能观察推荐阅读押注越多，风险越小？从国富氢能看如何穿越行业“阵痛期”生存战！燃料电池企业下场储能，是“进军”还是“退路”？不出海，就出局！中国氢能已进入“国际时间”全球油阀告急！氢能扛起能源战略终极底牌！八年热潮一朝降温，氢能走到“生死”岔路口交付热≠行业好！电解槽拉响爆单预警！8月12日，中国汽车工业协会公布2026年7月汽车工业产销情况。,,,,pending
福建省：建成东南沿海绿色氢基燃料生产基地！,氢能观察,氢能观察,"RIOnews API, 第二增长曲线, 氢, 氨, 绿色, 技术进展, 技术突破, 前沿技术",normal,2026-08-13T18:50:26+08:00,,近日，福建省人民政府关于印发《福建省“十五五”新兴产业和未来产业发展规划》的通知。文件指出，前瞻布局新型电池、氢能、核技术应用、脑机接口、生物制造、卫星及应用、第六代移动通信、具身智能、量子科技九大未来产业。研发生产新能源货车、矿卡及氢燃料商用车，依托福州、漳州、宁德等核电基地，发展核能综合利用，探索（超）高温气冷堆多元耦合制氢。加快发展五大重点赛道。围绕新型电池、氢能、核技术应用、脑机接口、生物制造五大重点赛道，面向未来市场应用需求，以工程化验证与场景示范为核心，支持创新产品在多领域规模化应用，加快前沿技术突破与商业化进程。氢能。构建“制备—存储—运输—加注—应用”全产业链。近期主要依托工业,http://mp.weixin.qq.com/s?__biz=MzAxMTUxNzgyOA==&mid=2247620189&idx=3&sn=6710045dfdeb24d6496172fd8c17146e,,近日，福建省人民政府关于印发《福建省“十五五”新兴产业和未来产业发展规划》的通知。文件指出，前瞻布局新型电池、氢能、核技术应用、脑机接口、生物制造、卫星及应用、第六代移动通信、具身智能、量子科技九大未来产业。研发生产新能源货车、矿卡及氢燃料商用车，依托福州、漳州、宁德等核电基地，发展核能综合利用，探索（超）高温气冷堆多元耦合制氢。加快发展五大重点赛道。围绕新型电池、氢能、核技术应用、脑机接口、生物制造五大重点赛道，面向未来市场应用需求，以工程化验证与场景示范为核心，支持创新产品在多领域规模化应用，加快前沿技术突破与商业化进程。氢能。构建“制备—存储—运输—加注—应用”全产业链。近期主要依托工业,近日，福建省人民政府关于印发《福建省“十五五”新兴产业和未来产业发展规划》的通知。文件指出，前瞻布局新型电池、氢能、核技术应用、脑机接口、生物制造、卫星及应用、第六代移动通信、具身智能、量子科技九大未来产业。研发生产新能源货车、矿卡及氢燃料商用车，依托福州、漳州、宁德等核电基地，发展核能综合利用，探索（超）高温气冷堆多元耦合制氢。加快发展五大重点赛道。围绕新型电池、氢能、核技术应用、脑机接口、生物制造五大重点赛道，面向未来市场应用需求，以工程化验证与场景示范为核心，支持创新产品在多领域规模化应用，加快前沿技术突破与商业化进程。氢能。构建“制备—存储—运输—加注—应用”全产业链。近期主要依托工业副产氢，探索可再生能源制氢，开展工业与交通领域综合氢能应用试点；中期推动清洁能源绿氢等规模化制备，加快氢基绿燃的生产加注体系建设，拓展氢能多元化应用场景；远期打造“氨—氢”等特色技术路线，建成东南沿海绿色氢基燃料生产基地。福建省九大未来产业布局示意图 全文如下：来源：福建省政府推荐阅读押注越多，风险越小？从国富氢能看如何穿越行业“阵痛期”生存战！燃料电池企业下场储能，是“进军”还是“退路”？不出海，就出局！中国氢能已进入“国际时间”全球油阀告急！氢能扛起能源战略终极底牌！八年热潮一朝降温，氢能走到“生死”岔路口交付热≠行业好！电解槽拉响爆单预警！近日，福建省人民政府关于印发《福建省“十五五”新兴产业和未来产业发展规划》的通知。,,,,pending
接连停运！“加氢设施”取消后还敢“疯狂建站”吗？,氢能观察,氢能观察,"RIOnews API, 第二增长曲线, 氢",normal,2026-08-13T18:50:26+08:00,,加氢站建设困局正在成为氢能行业尤为扎心的事实：我国是全球加氢站数量最多的国家，截至2026年4月累计建成557座，但能够不依赖补贴实现盈利的加氢站却不到10%。近两年新建成的加氢站中，央国企建设占比高达80%，其中，中石化以截至2025年末近150座的运营规模，成为全球加氢站数量最多的企业。初期投资强度大、运营成本高、土地审批困难、市场需求过低、投资回报时间漫长等问题已经让加氢站建设变得“寸步难行”。01综合能源站“加氢设施”惨遭取消8月11日，内蒙古自治区投资项目在线审批办事大厅发布变更项目备案告知书，信息显示:内蒙古未来能源科技有限公司提交的加油、加气、加氢、充电一体站项目，准予备案。备案,http://mp.weixin.qq.com/s?__biz=MzAxMTUxNzgyOA==&mid=2247620189&idx=1&sn=742ead2dee0e0c4417c63368bce34427,,加氢站建设困局正在成为氢能行业尤为扎心的事实：我国是全球加氢站数量最多的国家，截至2026年4月累计建成557座，但能够不依赖补贴实现盈利的加氢站却不到10%。近两年新建成的加氢站中，央国企建设占比高达80%，其中，中石化以截至2025年末近150座的运营规模，成为全球加氢站数量最多的企业。初期投资强度大、运营成本高、土地审批困难、市场需求过低、投资回报时间漫长等问题已经让加氢站建设变得“寸步难行”。01综合能源站“加氢设施”惨遭取消8月11日，内蒙古自治区投资项目在线审批办事大厅发布变更项目备案告知书，信息显示:内蒙古未来能源科技有限公司提交的加油、加气、加氢、充电一体站项目，准予备案。备案,"加氢站建设困局正在成为氢能行业尤为扎心的事实：我国是全球加氢站数量最多的国家，截至2026年4月累计建成557座，但能够不依赖补贴实现盈利的加氢站却不到10%。近两年新建成的加氢站中，央国企建设占比高达80%，其中，中石化以截至2025年末近150座的运营规模，成为全球加氢站数量最多的企业。初期投资强度大、运营成本高、土地审批困难、市场需求过低、投资回报时间漫长等问题已经让加氢站建设变得“寸步难行”。01综合能源站“加氢设施”惨遭取消8月11日，内蒙古自治区投资项目在线审批办事大厅发布变更项目备案告知书，信息显示:内蒙古未来能源科技有限公司提交的加油、加气、加氢、充电一体站项目，准予备案。备案告知书中明确：该项目总投资2000万元，其中自有资金：1500 万元 , 申请银行贷款：500万元 , 其他0万元；建设规模及内容：建设加气设施4套，加油设施8套，充电设施10套。从备案中可以看到，该项目属综合能源站建设项目，覆盖加气、加油及充电功能。但对比发现，该项目曾于今年4月28日备案，当时备案告知书信息显示：建设规模及内容：建设加油、加气、加氢、充电一体站，配有加气设施4套，加油设施8套，充电设施10套，加氢设施2套。地点没变、投资没变，唯独建设内容取消了加氢设施。综合能源一体站在时隔3个多月后做出变更，释放信号可见一斑。02“加氢难”，加氢站更难一直以来，氢燃料电池汽车与加氢站共同面临着“先有蛋还是先有鸡”的矛盾拉扯。市场需求决定产业能否规模化扩张，而加氢站和氢燃料电池汽车就正在深陷漩涡之中。对于氢燃料电池汽车而言，若是加氢站数量更多一些，那么对于应用端而言将会更加方便，加氢也不再“难”。近两年多个地区的加氢站被迫关门或者停止运营，导致许多氢燃料电池汽车“无处加氢”。“跑了二三十公里也难以见到一个加氢站，到最后还不如选择纯电，毕竟充电桩更普遍”。但实际上，加氢站的生存更为艰难。除了前期的土地审批和项目选址以外，加氢站本身投资与运营成本极为高昂：500kg/日固定式加氢站总投资约800-1500万元，撬装式约400-800万元；年运营成本约300-500万元，其中氢气采购占比45%-60%，设备折旧约15%-20%，人工约10%-15%。相比较固定式加氢站建设周期较长、成本较高，近两年撬装式加氢站的建设数量正在攀升，整体建设成本相比固定式降低30%-50%。此外，依托现有加油站场地进行改造的油氢合建站也在成为加氢站低成本建设的“退路”之一。03加氢站先关门，还是企业先破产？自2025年起，氢燃料电池汽车产业进入寒冬，国内氢车产销大幅下降，叠加首批五大示范城市群到期，地方提前收紧采购，2025年上半年燃料电池汽车产销同比暴跌接近47%，大量企业订单枯竭，产业链开始出现裁员、项目搁置、企业退出现象。加氢站在此过程中的运营也更受掣肘。数据显示，在已建成的加氢站中，永久关停废弃的约为30座左右，但阶段性停运和处于离线状态的加氢站高达近100座，只有在矿山、铁路或物流干线等高需求地点运营的加氢站才能得以存活长久。今年开年，燃料电池汽车抢装红利彻底释放完毕，直接导致上半年销量同比腰斩，月度销量长期跌到百辆级别；政策红利极速消退背景下，下游企业直接被波及影响，多家氢燃料电池企业面临财务危机。近日，欧洲知名加氢站设备开发商、荷兰氢能企业Resato Hydrogen Technology（RHT）深陷经营困境，因短期资金链断裂陷入破产危机，已正式获得荷兰法院批准的债权人保护，开启债务重组自救进程。今年一月，挪威加氢站运营商Hynion（HYN.OL）正式提交破产申请，并停止了其在奥斯陆证券交易所的股票交易，其瑞典子公司 Hynion Sverige AB 已于 2025 年 5 月先行申请破产。海外加氢站运营商生存如此艰难，也正在给国内民营企业敲响警钟。民营企业投资加氢站，单站盈亏直接决定项目存亡。相比之下，国资背景的企业通常具有更长的产业链条，抗周期能力更强。以中石化为例，其业务覆盖制氢、储运、加注等多个环节，不必因单站亏损而停止布局。重资产、长周期、低回报的特征与民营资本的风险偏好不匹配。民营企业可以适当退出加氢站建设及运营环节，将这类考验长期投资的业务交给国资体系来做。上文举例的内蒙古未来能源科技有限公司综合能源一体站的备案变更，可以说是短期更为明智的选择。来源：氢能观察推荐阅读押注越多，风险越小？从国富氢能看如何穿越行业“阵痛期”生存战！燃料电池企业下场储能，是“进军”还是“退路”？不出海，就出局！中国氢能已进入“国际时间”全球油阀告急！氢能扛起能源战略终极底牌！八年热潮一朝降温，氢能走到“生死”岔路口交付热≠行业好！电解槽拉响爆单预警！截至2026年4月累计建成557座，但能够不依赖补贴实现盈利的加氢站却不到10%。",,,,pending
气源就位！康保1.2万吨绿氢工厂冲刺投产,氢能观察,氢能观察,"RIOnews API, 第二增长曲线, 氢, 绿色",normal,2026-08-13T18:50:26+08:00,,"氢能观察获悉，近日，河北张家口康保县可再生能源制氢和液化工厂项目全面进入投产冲刺：一期总投资10亿元，设计年产绿氢1.2万吨，近期将正式投产达产。项目由河北鸿蒙新能源建设，为河北省重大新型能源产业项目，目前单条生产线已完成完整制氢试验流程、各项指标达设计标准。作为康保至曹妃甸绿氢长输管道核心气源端，投产后将填补京津冀核心工业场景——曹妃甸临港重工、化工的低碳燃料缺口，构建""上游资源开发—下游终端脱碳""区域协同模式。康保全县已形成风光储氢生物质""五位一体""绿色能源集群，累计并网新能源装机778万千瓦（41家企业）；配套独立储能70万千瓦（含300兆瓦/1200兆瓦时电站、交投40万千瓦构网型储能",http://mp.weixin.qq.com/s?__biz=MzAxMTUxNzgyOA==&mid=2247620189&idx=2&sn=230bc366e27365fa2f5f3734b1ee0121,,"氢能观察获悉，近日，河北张家口康保县可再生能源制氢和液化工厂项目全面进入投产冲刺：一期总投资10亿元，设计年产绿氢1.2万吨，近期将正式投产达产。项目由河北鸿蒙新能源建设，为河北省重大新型能源产业项目，目前单条生产线已完成完整制氢试验流程、各项指标达设计标准。作为康保至曹妃甸绿氢长输管道核心气源端，投产后将填补京津冀核心工业场景——曹妃甸临港重工、化工的低碳燃料缺口，构建""上游资源开发—下游终端脱碳""区域协同模式。康保全县已形成风光储氢生物质""五位一体""绿色能源集群，累计并网新能源装机778万千瓦（41家企业）；配套独立储能70万千瓦（含300兆瓦/1200兆瓦时电站、交投40万千瓦构网型储能","氢能观察获悉，近日，河北张家口康保县可再生能源制氢和液化工厂项目全面进入投产冲刺：一期总投资10亿元，设计年产绿氢1.2万吨，近期将正式投产达产。项目由河北鸿蒙新能源建设，为河北省重大新型能源产业项目，目前单条生产线已完成完整制氢试验流程、各项指标达设计标准。作为康保至曹妃甸绿氢长输管道核心气源端，投产后将填补京津冀核心工业场景——曹妃甸临港重工、化工的低碳燃料缺口，构建""上游资源开发—下游终端脱碳""区域协同模式。康保全县已形成风光储氢生物质""五位一体""绿色能源集群，累计并网新能源装机778万千瓦（41家企业）；配套独立储能70万千瓦（含300兆瓦/1200兆瓦时电站、交投40万千瓦构网型储能）计划2026年底竣工；绿电经康巴诺尔柔性直流电网定向供应北京、雄安——""绿电+绿氢""双通道齐发。10月28日，海泰新能康保－曹妃甸氢气长输管道项目开工仪式在张家口张北县顺利举行。重点关注！康保-曹妃甸氢气长输管道开工！康保—曹妃甸氢气长输管道项目由唐山海泰氢能科技有限公司的全资子公司——张家口海泰氢能科技有限公司建设，总投资约134.5亿元，管道起自张家口康保制氢和液化工厂，途经张家口、承德和唐山3市18个县区，终至唐山市曹妃甸区，管道线路总长度约为1037.82公里。该管道设计压力为7.2兆帕，管径813毫米，建成后年输送氢气量将达155万吨，是世界上最大口径、最高压力、最大输量、最长距离、最高钢级绿氢输送管道。来源：国际能源小数据推荐阅读押注越多，风险越小？从国富氢能看如何穿越行业“阵痛期”生存战！燃料电池企业下场储能，是“进军”还是“退路”？不出海，就出局！中国氢能已进入“国际时间”全球油阀告急！氢能扛起能源战略终极底牌！八年热潮一朝降温，氢能走到“生死”岔路口交付热≠行业好！电解槽拉响爆单预警！全球首条千公里级大规模纯氢长输管道",,,,pending
2026年8月13日锂电材料及上游原料价格行情,马里亚纳锂电,马里亚纳锂电,"RIOnews API, 新材料, 碳, 合作进展, 融资, 投资, 合作, 宁德时代, 海辰储能, 海辰, 储能, 储能系统, 电解液, 供货协议, 落地",normal,2026-08-13T18:39:11+08:00,,"相关产业资讯1、8月12日，海辰储能正式与西班牙国家燃气集团（NATURGY Group）旗下国际可再生能源发电企业环球电力集团（Global Power Generation, GPG）达成合作，签署电池储能系统供货协议，将为澳大利亚昆士兰州弗雷泽海岸（Fraser Coast）项目提供总规模421MWh的储能系统。2、8月12日晚，宁德时代公告称，公司与厦门溥泉私募基金管理合伙企业（有限合伙）、海南自由贸易港建设投资基金有限公司签署《海南时代绿色产业投资基金合伙企业（有限合伙）合伙协议》，公司作为有限合伙人之一参与投资“海南时代绿色产业投资基金合伙企业（有限合伙）”，公司认缴出资金额为人民",http://mp.weixin.qq.com/s?__biz=Mzg2ODY4NTIwNA==&mid=2247603573&idx=2&sn=67c1ae147335d68eb689877993bc896c,,"相关产业资讯1、8月12日，海辰储能正式与西班牙国家燃气集团（NATURGY Group）旗下国际可再生能源发电企业环球电力集团（Global Power Generation, GPG）达成合作，签署电池储能系统供货协议，将为澳大利亚昆士兰州弗雷泽海岸（Fraser Coast）项目提供总规模421MWh的储能系统。2、8月12日晚，宁德时代公告称，公司与厦门溥泉私募基金管理合伙企业（有限合伙）、海南自由贸易港建设投资基金有限公司签署《海南时代绿色产业投资基金合伙企业（有限合伙）合伙协议》，公司作为有限合伙人之一参与投资“海南时代绿色产业投资基金合伙企业（有限合伙）”，公司认缴出资金额为人民","相关产业资讯1、8月12日，海辰储能正式与西班牙国家燃气集团（NATURGY Group）旗下国际可再生能源发电企业环球电力集团（Global Power Generation, GPG）达成合作，签署电池储能系统供货协议，将为澳大利亚昆士兰州弗雷泽海岸（Fraser Coast）项目提供总规模421MWh的储能系统。2、8月12日晚，宁德时代公告称，公司与厦门溥泉私募基金管理合伙企业（有限合伙）、海南自由贸易港建设投资基金有限公司签署《海南时代绿色产业投资基金合伙企业（有限合伙）合伙协议》，公司作为有限合伙人之一参与投资“海南时代绿色产业投资基金合伙企业（有限合伙）”，公司认缴出资金额为人民币247,500万元，持有基金49.50%的份额。据悉，该基金本次募集认缴总金额为人民币500,000万元，聚焦海南省内绿色零碳产业的投资，主要以股权投资的方式进行投资，以取得被投资企业相应的股权或其他具有财产性质的权益，从而从被投资企业或项目中获得企业增值收益。3、据中矿资源消息，近日，中矿资源所属津巴布韦马辛戈锂业科技有限公司正式获得津巴布韦环境管理机构Environmental Management Agency（EMA）签发的环境影响评估（EIA）证书，年产10万吨硫酸锂项目正式由前期筹备阶段转入全面建设实施阶段。目前，项目各项建设工作正按照既定计划稳步推进。土建分包单位中铁九局和安装分包单位山东大地已全部完成进场，现场施工组织体系基本建立，土建施工、设备安装及相关配套工程将陆续展开。按照总体建设计划，项目预计于2027年年中建成并投入生产。4、北京固芯能源科技有限公司消息显示，近日，公司顺利拿下亿元级融资。本轮融资由投控东海领投，建元基金跟投。本次融资落地，标志着固芯能源正式完成战略升级，从特种高端电池供应商，升级为具身智能、低空经济、商业航天赛道的核心能源基础设施服务商。5、据河南省焦作市生态环境局公示，8月11日，多氟多年产3.6万吨动力锂电池关键材料项目环境影响报告书获批复。公示文件显示，多氟多拟对焦作厂区现有闲置仓库及在建“年产2万吨锂离子电池电解液功能添加剂项目（三期工程）”已建厂房进行拆除，并在原址上新建年产3.6万吨动力锂电池关键材料生产线及配套设施。据悉，该项目总投资12.5亿元，将对现有六氟磷酸锂生产线制气工段、五氟化磷精馏进行升级改造，建成后可实现年产3.6万吨晶体六氟磷酸锂，副产31%盐酸和38%氢氟酸。- 点击下方关注 -- 关于马里亚纳 -你所能触及的行业深度，请关注『马里亚纳锂电』",,,,pending
宁德时代联手海南国资设50亿零碳基金！,马里亚纳锂电,马里亚纳锂电,"RIOnews API, 新材料, 碳, 合作进展, 战略合作, 合资公司, 项目签约, 投资, 合作, 技术进展, 技术攻关, 前沿技术, 宁德时代, 时代新能源, 储能, 工商业储能, 超充, 电池回收, 交付, 生产基地, 合作协议, 签约, 增资, 并网, 落地",normal,2026-08-13T18:39:11+08:00,,"8月12日晚，宁德时代公告称，公司与厦门溥泉私募基金管理合伙企业（有限合伙）（简称：厦门溥泉）、海南自由贸易港建设投资基金有限公司签署《海南时代绿色产业投资基金合伙企业（有限合伙）合伙协议》，公司作为有限合伙人之一参与投资“海南时代绿色产业投资基金合伙企业（有限合伙）”（拟设立，以下简称“基金”），公司认缴出资金额为人民币247,500万元，持有基金49.50%的份额。据悉，该基金本次募集认缴总金额为人民币500,000万元，聚焦海南省内绿色零碳产业的投资，主要以股权投资的方式进行投资，以取得被投资企业相应的股权或其他具有财产性质的权益，从而从被投资企业或项目中获得企业增值收益。需要注意的是，",http://mp.weixin.qq.com/s?__biz=Mzg2ODY4NTIwNA==&mid=2247603573&idx=1&sn=316f899ab440b325a45745e4d015a157,,"8月12日晚，宁德时代公告称，公司与厦门溥泉私募基金管理合伙企业（有限合伙）（简称：厦门溥泉）、海南自由贸易港建设投资基金有限公司签署《海南时代绿色产业投资基金合伙企业（有限合伙）合伙协议》，公司作为有限合伙人之一参与投资“海南时代绿色产业投资基金合伙企业（有限合伙）”（拟设立，以下简称“基金”），公司认缴出资金额为人民币247,500万元，持有基金49.50%的份额。据悉，该基金本次募集认缴总金额为人民币500,000万元，聚焦海南省内绿色零碳产业的投资，主要以股权投资的方式进行投资，以取得被投资企业相应的股权或其他具有财产性质的权益，从而从被投资企业或项目中获得企业增值收益。需要注意的是，","8月12日晚，宁德时代公告称，公司与厦门溥泉私募基金管理合伙企业（有限合伙）（简称：厦门溥泉）、海南自由贸易港建设投资基金有限公司签署《海南时代绿色产业投资基金合伙企业（有限合伙）合伙协议》，公司作为有限合伙人之一参与投资“海南时代绿色产业投资基金合伙企业（有限合伙）”（拟设立，以下简称“基金”），公司认缴出资金额为人民币247,500万元，持有基金49.50%的份额。据悉，该基金本次募集认缴总金额为人民币500,000万元，聚焦海南省内绿色零碳产业的投资，主要以股权投资的方式进行投资，以取得被投资企业相应的股权或其他具有财产性质的权益，从而从被投资企业或项目中获得企业增值收益。需要注意的是，宁德时代全资子公司宁德时代新能源产业投资有限公司作为有限合伙人之一持有厦门溥泉45%合伙份额。因此，此次出资设立投资基金，相当于宁德时代与海南当地国资各占一半。宁德时代表示，公司作为有限合伙人参与本次投资，主要是借助市场化的机制、结合专业投资机构优势，扩大公司在碳中和生态领域的布局，以及通过市场化的专业投资管理团队拓展投资渠道，挖掘业务合作和发展机会，并获取合理投资回报，符合公司发展及股东利益。值得注意的是，宁德时代在海南早有布局。2024年9月，宁德时代与海南省政府签署战略合作协议，双方围绕“双碳”目标，在绿色能源开发利用、新型储能建设应用、交通领域电动化及基础设施规划建设等方面开展合作，综合打造“区域零碳”示范项目，并推广其实施经验；同时在能源创新平台项目、新能源电池回收利用业务、重点企业互动合作、新能源产业基金等领域积极探索合作，助力海南省打造具有全球影响力的碳达峰碳中和示范样板。此后，宁德时代在海南的动作接连不断。从换电基础设施领域来看，2025年5月，宁德时代在海南设立全资子公司海南时代电服科技有限公司，主营新能源汽车换电设施销售、电动汽车充电基础设施运营等业务。同年9月，海南时代电服与海口市龙华区人民政府签署战略合作协议，宣布未来3年将在海南全省投资建设100座换电站。根据规划，2026年底前将建成28座换电站，覆盖海口、三亚等城市，至2030年实现全岛100座站的全面覆盖。几乎同时，在2025世界新能源汽车大会上，澄迈县政府与宁德时代旗下时代骐骥新能源科技（澄迈）有限公司签署战略合作协议，时代骐骥海南省级公司落户海南老城科技新城，计划3年内在海南建成40座重卡换电站，推广电动重卡超4000台，重点服务港口、高速干线和物流枢纽等场景，构建“港口-高速-枢纽”的立体化绿色运力服务体系。2026年7月，宁德时代骐骥换电海南组网投运仪式在洋浦举办，覆盖全省环岛干道、核心港区的7座换电站正式投用。这也标志着全国首个环岛重卡换电网络正式建成。宁德时代海南布局的快速推进远不止换电基建。2025年7月，宁德时代和新能源科技（ATL）的合资公司厦门新能安科技有限公司在海口与海南辉海科技有限公司签署战略合作协议，这标志着宁德时代开始布局海南工商业储能市场。2025年10月，宁德时代向海口润时新能源有限公司增资，注册资本由241万元大幅增至100亿元，实现从全资孙公司到全资子公司的转变。该子公司经营范围包括并不限于发输配电业务、新兴能源技术研发、在线能源计量技术研发、合同能源管理、电池销售、物联网技术研发应用、太阳能发电技术服务及软件开发销售等。百亿级别的增资，无疑进一步显示出宁德时代在零碳赛道上的蓬勃野心。6月30日，宁德时代全资子公司“海口润时新能源有限公司”成为海南省海口综保区首家顺利通过跨境资金集中运营中心认定的企业，该企业注册资金达100亿元。今年1月，由宁德时代牵头成立的海南自贸港零碳园区建设联盟也正式启动，以海口国家高新区为样板，用5年时间打造具有海南自贸港特色的零碳园区“样板间”。值得关注的是，今年4月，宁德时代海南区域总部在海口正式落地运营，该区域总部将统筹零碳园区、储能电站、能源改造、应急保障、跨境资金运营等核心业务，同步落地“人工智能+”创新研究基地，聚焦新能源与人工智能融合创新，开展技术研发、场景验证与成果转化。宁德时代对零碳经济的战略重视实际上已非常明确。2025年5月公司正式登陆港交所之际，董事长曾毓群就谈到，“宁德时代不只是一家电池零部件制造商，也是系统解决方案提供者，更致力于成为一家零碳科技公司。”其强调，在全球新能源革命的大趋势下，零碳经济正快速崛起。“在这一新起点上，宁德时代已基本完成零碳科技布局。”在2025年11月举行的世界动力电池大会上，曾毓群再次指出，零碳之路将成为新能源产业的“第二增长曲线”。2025年年度报告显示，零碳方面，宁德时代已与海南省、山东东营、福建厦门、江苏盐城、福建宁德等政府签订了合作协议，推进零碳项目示范建设。此外，公司亦携手中石化、海螺集团、辽宁方大集团、中天钢铁等企业，联合推进源网荷储一体化、零碳工厂解决方案落地，拓展零碳场景布局，探索高碳排行业零碳发展路径。此外，2025年，宁德时代领衔发起全球能源循环计划（GECC），开展针对电池循环经济的系统性研究、构建全球生态网络、分享电池循环前沿实践，打造电池循环经济标杆城市。报告期内，公司废旧电池及材料综合回收量达到21.0万吨，同比增长63.2%，再生锂盐2.4万吨，同比增长40.4%。进入2026年，宁德时代加快零碳建设步伐，与多个政府达成合作协议。今年5月，近日，宁德时代与嘉兴市人民政府正式签署零碳城市战略合作协议。双方将打造浙江省首个全域零碳城市，为浙江省双碳建设提供先行示范。本次合作聚焦三大方向：一是树立省级零碳合作标杆，创新城市低碳治理体系。二是围绕新型储能、共享出行换电、电动船舶、电池循环利用等八大领域全面布局，推进全域化、体系化、场景化零碳建设，全方位提升城市低碳发展能级。三是依托南湖红色文旅资源，落地eVTOL+电动船舶特色场景，实现景区交通低碳化、运营智慧化，打造“红船圣地·零碳文旅”专属城市名片。5月19日消息，近日，宁德时代与山西省人民政府在山西太原签署深度战略合作协议，并与大同市人民政府签署零碳城市合作协议。双方将紧抓“建设新型能源体系”与“能源强国”的战略机遇，共同打造“铝—锂”双轮驱动的新能源全产业链集群，并建设以换电重卡为核心的应用高地。5月17日消息，近日，福建省委常委、厦门市委书记林涛，厦门市委副书记、市长伍斌会见宁德时代董事长兼CEO曾毓群一行，双方就加快推进厦门市零碳科技城建设、深化新能源产业全链条合作等进行深入交流，并共同见证相关项目签约。此次签约，宁德时代将重点推进三大方向：一是宁德时代将布局高性能车用和储能锂电池区域生产基地，集电芯、模组、PACK全链条生产制造于一体，进一步壮大厦门新能源电池产业集群。二是峰飞航空eVTOL将与厦门市政府加强低空领域合作。双方将构建“场景牵引—机队规模化—基础设施网络化—产业集聚化”的完整产业闭环，政企协同打造标准化、常态化、规模化的城市空中交通运营体系。三是双方将聚焦新能源领域前沿技术攻关与高端人才培养，为厦门新能源产业发展提供智力支撑。2月13日，盐城市滨海县人民政府与宁德时代签署投资协议，双方将共同建设新型电力系统锂电池绿色智造基地。双方将建设宁德时代全国首个高比例绿电应用的并网型绿电直连系统项目，以及符合“零碳工厂+灯塔工厂”双高标准的出口产品示范基地。以此为核心，双方将共同打造国家级零碳产业园区，带动上下游产业链协同发展，构建“安全、清洁、高效、智慧”的全生命周期零碳产业生态体系。2月2日，泉州市人民政府与宁德时代正式签署新能源电池生产基地项目合作协议。双方将围绕新能源电池的研发与制造开展深度合作，运用先进绿色制造技术，建设智能化、零碳化现代工厂，完善产业链配套，带动上下游企业协同发展，共同壮大新能源产业生态。2026年半年度报告显示，在积极构建零碳生态方面，宁德时代携手厦门市高标准推进零碳科技城规划建设，围绕研发创新、产业集聚、场景示范和国际合作等领域持续深化合作，携手打造全国零碳产业标杆。公司于厦门成立时代零碳聚焦零碳技术研发及综合能源服务，于海南省交付光储超充零碳微网示范站。此外，公司参与建设的多个园区列入国家级零碳园区建设名单（第一批），宁德时代虚拟电厂项目入选国家能源局试点，以“零碳”理念深度重构产业生态，发掘并释放全产业链的绿色价值。- 点击下方关注 -- 关于马里亚纳 -你所能触及的行业深度，请关注『马里亚纳锂电』",,,,pending
海辰储能又获海外储能订单,马里亚纳锂电,马里亚纳锂电,"RIOnews API, 新材料, 碳, 长时储能, 液流电池, 合作进展, 战略合作, 投资, 合作, 海辰储能, 海辰, 磷酸铁锂, 铁锂, 储能, ESS, BESS, 储能系统, 系统集成, 大型储能, 系统集成商, 可靠性, 高安全, 液冷, 出货, 出货量, 交付, 产能, GWh, 订单, 框架协议, 供货协议, 中标, 合作协议, 海外, 推出, 量产, 项目落地, 并网, 落地",normal,2026-08-13T18:39:11+08:00,,"8月12日，海辰储能正式与西班牙国家燃气集团（NATURGY Group）旗下国际可再生能源发电企业环球电力集团（Global Power Generation, GPG）达成合作，签署电池储能系统供货协议，将为澳大利亚昆士兰州弗雷泽海岸（Fraser Coast）项目提供总规模421MWh的储能系统，助力澳洲电网升级与新能源高效消纳。此次合作以全场景一体化储能解决方案为核心交付模式，覆盖从系统设计、设备制造、项目交付到并网运维等全生命周期，是海辰储能在澳洲大型电网级储能领域的标杆项目之一。根据协议，海辰储能将为该项目交付84套液冷式储能系统，并同步提供涵盖系统设计、生产制造、验收测试、项目交",http://mp.weixin.qq.com/s?__biz=Mzg2ODY4NTIwNA==&mid=2247603573&idx=3&sn=6b960959863e474826db654b36931b2b,,"8月12日，海辰储能正式与西班牙国家燃气集团（NATURGY Group）旗下国际可再生能源发电企业环球电力集团（Global Power Generation, GPG）达成合作，签署电池储能系统供货协议，将为澳大利亚昆士兰州弗雷泽海岸（Fraser Coast）项目提供总规模421MWh的储能系统，助力澳洲电网升级与新能源高效消纳。此次合作以全场景一体化储能解决方案为核心交付模式，覆盖从系统设计、设备制造、项目交付到并网运维等全生命周期，是海辰储能在澳洲大型电网级储能领域的标杆项目之一。根据协议，海辰储能将为该项目交付84套液冷式储能系统，并同步提供涵盖系统设计、生产制造、验收测试、项目交","8月12日，海辰储能正式与西班牙国家燃气集团（NATURGY Group）旗下国际可再生能源发电企业环球电力集团（Global Power Generation, GPG）达成合作，签署电池储能系统供货协议，将为澳大利亚昆士兰州弗雷泽海岸（Fraser Coast）项目提供总规模421MWh的储能系统，助力澳洲电网升级与新能源高效消纳。此次合作以全场景一体化储能解决方案为核心交付模式，覆盖从系统设计、设备制造、项目交付到并网运维等全生命周期，是海辰储能在澳洲大型电网级储能领域的标杆项目之一。根据协议，海辰储能将为该项目交付84套液冷式储能系统，并同步提供涵盖系统设计、生产制造、验收测试、项目交付、调试并网、技术支持及人员培训等环节的全场景一体化配套服务。依托成熟的大型储能项目端到端集成交付模式与全球海量大型项目落地的丰富经验，海辰储能持续为全球各地电网级储能项目输出安全、高效、可靠的全场景一体化储能解决方案，充分彰显企业全球化一体化交付能力与技术硬实力。资料显示，海辰储能于2019年成立，是一家专注于提供以储能电池和系统为核心、覆盖全场景储能解决方案的全球领先新能源科技公司。公司致力于持续以客户为中心，已为20多个国家和地区的客户提供优质的产品和解决方案，并在全球核心市场进行研、产、销、服体系的全面布局，是全球锂离子储能电池出货量GWh级别以上中，唯一专注储能领域的企业。值得一提的是，2026年以来，海辰储能已斩获多个国内外储能订单。7月28日，海辰储能与欧洲头部可再生能源生产商Statkraft达成战略合作，将为其位于西班牙北部的蒙特斯·德·希尔索（Montes de Cierzo）风电场提供全场景一体化储能解决方案。根据协议，海辰储能将为该项目交付6套标准化储能系统，单套容量达5.016MWh，项目整体储能容量可达30.1MWh，结合海辰储能高安全性、高可靠性的储能系统架构，打造一站式交钥匙储能解决方案，完美适配大型风电场电网级储能应用场景。6月30日消息，海辰储能与全球AI驱动型太阳能储能解决方案、智能能源管理系统集成商Turbo Energy在德国慕尼黑签署战略合作协议。此次合作规模达366MWh，覆盖欧洲某大型工业集团15座厂区，双方将面向欧洲工商业的高耗能场景推出电池储能系统 (BESS) +AI智能能源管理的一体化创新方案，开创欧洲工业智能化低碳用能新路径。目前，海辰储能已交付首批21台6.25MWh储能系统。该系统搭载海辰储能∞Cell 1175Ah长时储能专用电池，并首次在电池系统中集成了Turbo Energy的AI驱动优化平台。6月4日，在上海SNEC 2026展会上，海辰储能与美的集团股份有限公司旗下深圳市科陆电子科技股份有限公司正式签署战略合作框架协议。根据协议，双方将在未来三年内达成总计20GWh的战略合作，共同推动长时储能的规模化应用与产业生态构建。4月2日消息，海辰储能与浙江星辰新能科技有限公司完成了《战略合作协议》签署，双方同意建立2026-2028年度电芯产品战略采购合作关系，预计未来三年采购规模达30GWh。据悉，3月18日，星辰新能对公司2026年度5GWh磷酸铁锂储能项目框架协议采购、800MWh全钒液流电池储能项目框架协议采购、220kV/330kV升压站设备框架协议采购中标结果进行了公示。其中，5GWh磷酸铁锂储能项目框架协议采购，各标段中标结果中，标段1为磷酸铁锂电池框架协议采购，中标人包含海辰储能。今年3月，海辰储能还与亚太地区领先的可再生能源基础设施投资机构Brawn Capital正式签署战略合作协议。双方将聚焦全球重点可再生能源市场，计划到2030年达成累计3GWh的长时储能等项目合作，共同推进当地能源结构的绿色低碳转型。此次合作涵盖6.25MWh、5MWh等多款不同时长的储能系统方案，其中还包含专为应对运输条件限制而设计的10英尺∞Power Flexsso 3.125MWh/6.25MWh 4h储能系统，可在空间有限、道路受限的场景中有效提升交付效率，助力项目加速落地。目前，已有约20个特高压项目进入准备阶段，以及300MWh储能产品计划于2027年完成交付。此举标志着海辰储能在长时储能规模化应用与亚太市场拓展方面取得关键进展。今年2月，海辰储能与国际可再生能源及能源解决方案提供商KNESS集团在波兰华沙正式签署战略合作框架协议。根据协议，双方将乌克兰市场为核心，在未来两年内开展深度协作，推动总规模2GWh的储能项目落地。本次合作涵盖6.25MWh、5MWh等多款不同时长的储能系统产品，其中首批约400MWh产品计划于2026年第一季度交付。斩获订单的同时，海辰储能也在积极加快产能建设。8月7日，山东海辰储能全球首个长时储能一体化产业园（山东菏泽基地）量产推进会在菏泽鲁西新区举行。作为全球首个专为长时储能打造的一体化智造基地，山东菏泽基地以“落地即标杆、量产即领先”的产业实践，成为海辰储能坚定长时储能战略、深化全球一体化产业布局的关键落子，标志着其全球长时储能一体化智造与规模化交付能力迈入全新阶段。据悉，山东菏泽项目规划总占地约1200亩，全产业链计划总投资超130亿元，是全球首个专注长时储能的一体化产业园。项目以产业链整体落地形式建设，涵盖磷酸铁锂储能电池智能制造、模组系统集成、新材料生产及上游原材料生产，实现从材料、电芯到系统的全链条贯通，已入选全国重点民间投资项目及山东省新型能源体系建设重点工程。菏泽基地的一体化智造贯通从原材料至预制舱交付全流程，以第五代智造产线为底座，行业单线产能首破15GWh。相较上一代，其单GWh建筑面积降低50%、生产人力降低58%、制造能耗降低13%，效率提升200%，自动化率超95%，超1000个质量控制点结合AI视觉检测，构建起低成本运营能力、高效率交付、高质量产品的能力，为全球客户提供领先的长时储能解决方案。活动现场，海辰储能还与菏泽市12家主流银行机构正式签署全面战略合作协议，双方将围绕产业发展、项目建设、金融服务等领域深化合作，构建更加紧密的产融协同机制，为海辰储能在菏泽加快产业布局、推动长时储能规模化发展注入金融新动能。4月15日，在西班牙首相桑切斯的见证下，海辰储能与西班牙纳瓦拉自治区政府签署战略投资合作意向备忘录。根据备忘录，海辰储能将与西班牙纳瓦拉自治区政府成立合资企业，在西班牙纳瓦拉建设大型储能电池及系统制造工厂。该项目首期计划总投资约4亿欧元（约合人民币32.2亿元），双方将共同推进该工厂的建设。此次与西班牙GPG的合作，也是海辰储能深耕澳洲市场、加速全球化布局的又一重要里程碑。订单与产能的“双轮驱动”，正推动海辰储能在全球储能赛道上加速奔跑。- 点击下方关注 -- 关于马里亚纳 -你所能触及的行业深度，请关注『马里亚纳锂电』",,,,pending
邀请函丨2026起点户储电池生态大会暨全球户储电池TOP排行榜发布会定档：8月28日，深圳举办！,起点锂电,起点锂电,"RIOnews API, 新材料, 电池材料, 产品发布, 首发, 发布, 发布会, 合作进展, 投资, 合作, 比亚迪, 亿纬锂能, 亿纬, 国轩高科, 国轩, 瑞浦兰钧, 瑞浦, 蜂巢能源, 蜂巢, 鹏辉能源, 楚能新能源, 楚能, LG新能源, 三星SDI, 储能, 系统集成, 户储, PCS, BMS, 高安全, 热失控, 热管理, 电池回收, 出货, 出货量, TOP10, 出海, 新产品, 认证, 量产, 落地",normal,2026-08-13T18:34:15+08:00,,2026起点户储电池生态大会暨全球户储电池TOP排行榜发布会时间：8月28日 地址：中国 深圳一、大会基础信息活动全称：2026起点户储电池生态大会暨全球户储电池TOP排行榜发布会活动主题： 创新引领 供需重构主办单位：起点锂电、起点储能、起点研究举办时间：2026年8月28日 全天举办地点：深圳宝安登喜路国际酒店2楼国际厅参会人员：户储电芯、户储系统集成、户储逆变器、户储经销商和渠道商、户储电池材料及装备、跨境物流及检测认证机构等全产业链董事长/CEO/CMO/CTO/COO等产业相关方二、活动背景2026年全球户用储能行业进入高速发展的黄金周期，在全球能源转型加速、电价持续高企、能源安全需,http://mp.weixin.qq.com/s?__biz=MzI1MjEyODg2Mg==&mid=2649798421&idx=3&sn=95c5168d4e0c30e1570d8bf24330ab54,,2026起点户储电池生态大会暨全球户储电池TOP排行榜发布会时间：8月28日 地址：中国 深圳一、大会基础信息活动全称：2026起点户储电池生态大会暨全球户储电池TOP排行榜发布会活动主题： 创新引领 供需重构主办单位：起点锂电、起点储能、起点研究举办时间：2026年8月28日 全天举办地点：深圳宝安登喜路国际酒店2楼国际厅参会人员：户储电芯、户储系统集成、户储逆变器、户储经销商和渠道商、户储电池材料及装备、跨境物流及检测认证机构等全产业链董事长/CEO/CMO/CTO/COO等产业相关方二、活动背景2026年全球户用储能行业进入高速发展的黄金周期，在全球能源转型加速、电价持续高企、能源安全需,2026起点户储电池生态大会暨全球户储电池TOP排行榜发布会时间：8月28日 地址：中国 深圳一、大会基础信息活动全称：2026起点户储电池生态大会暨全球户储电池TOP排行榜发布会活动主题： 创新引领 供需重构主办单位：起点锂电、起点储能、起点研究举办时间：2026年8月28日 全天举办地点：深圳宝安登喜路国际酒店2楼国际厅参会人员：户储电芯、户储系统集成、户储逆变器、户储经销商和渠道商、户储电池材料及装备、跨境物流及检测认证机构等全产业链董事长/CEO/CMO/CTO/COO等产业相关方二、活动背景2026年全球户用储能行业进入高速发展的黄金周期，在全球能源转型加速、电价持续高企、能源安全需求全面升级的多重核心驱动下，户储市场规模呈现爆发式增长态势，根据SPIR数据，2026上半年全球户储电池出货量61GWH，同比增长206%，预计全年出货量将超135GWH。起点锂电、起点储能作为新能源电池行业权威产业服务平台，长期深耕锂电与储能全产业链，聚焦户储电池技术创新、产业生态协同、供应链全球化与出海落地核心赛道，发起举办2026起点户储电池技术大会。起点锂电和起点储能精心筹备行业首届聚焦户储电池的生态大会--2026起点户储电池生态大会暨全球户储电池TOP排行榜发布会，大会主题为：创新引领 供需重构，旨在汇聚全球户储电池产业链核心企业、顶尖技术专家、行业决策者与投资机构，搭建技术交流、产业对接、资源协同的高端行业平台，深度探讨户储电池技术迭代方向、产业生态构建路径、供应链安全与出海全球化策略，推动全球户储电池产业高质量、可持续发展，助力全球能源转型进程，大会同期SPIR将首发全球户储电池/户储系统TOP10竞争力排行榜，为全行业提供权威数据及样本参考。三、会议议程时 间演讲主题大会开幕式09:00-09:10主办方致辞09:10-09:20总冠名单位致辞09:20-09:30SPIR：全球户储电池/户储系统TOP10竞争力排行榜发布户储电池产业生态专场09:30-12:002026年全球户储产业生态发展趋势与机遇研判户储电池全产业链协同与生态构建路径户储场景生态融合与一体化解决方案创新阳台储能创新产品及技术户储电池技术发展趋势314AH电芯在户储领域应用产业生态专场圆桌论坛户储电池创新专场13:30-15:30户储电池高安全材料体系创新与产业化户储电池长寿命结构设计与工艺技术创新户储BMS核心算法与全生命周期管理技术创新户储电池热管理与热失控防护技术创新固态/半固态户储电池量产技术突破与路径户储电池智能制造与工艺降本技术创新户储创新专场圆桌论坛户储电池供应链及出海专场15:50-17:302026年户储电池全球供应链安全与韧性构建户储电池上游材料供需格局与降本路径户储电池智能制造供应链升级与效率提升户储电池出海全球认证体系与市场准入策略户储电池全球市场布局与渠道生态构建户储电池回收体系与循环供应链全球化布局供应链及出海专场圆桌论坛四、拟邀企业名单CATEGORY户储电池企业三星SDI、LG新能源、新能安、鹏辉能源、瑞浦兰钧、融捷能源、赣锋锂电、亿纬锂能、派能科技、多氟多新能源、蜂巢能源、比亚迪、德赛电池、国轩高科、楚能新能源等CATEGORY户储系统企业特斯拉、华为、比亚迪、思格新能源、麦田能源、阳光电源、德业股份、古瑞瓦特、固德威、锦浪科技、艾罗能源、派能科技、安克创新、首航新能源、果下科技、沃太能源、大秦能源、泽塔电源、三晶股份、合康新能等CATEGORY户储逆变器及其他零部件企业- 逆变器类：华为、阳光电源、古瑞瓦特、锦浪科技、固德威、德业股份、上能电气、特变电工、科华数能、正泰电源、SolarEdge、Fronius、SMA、艾罗能源、三晶股份、首航新能源、安克创新、麦田能源、大秦数能、思格新能源等- BMS/PCS类：华为、沛城科技、超力源、优旦科技、派能科技、德业股份、固德威、锦浪科技、艾罗能源、安克创新、首航新能源、三晶股份等-热管理类：英维克、科华数据、高澜股份、同飞股份、新雷能、瑞可达、得润电子、中航光电、立讯精密、电连技术等五、报名参会参会方式①：SVIP参会：3188元人增值服务权益：1、会议期间自助午餐、茶歇2、会场座位前排台卡3、2026全球户储电池产业链地图(扫码关注起点锂电、起点储能、起点研究公众号/抖音号/视频号后领取）4、起点研究院SPIR全球户储行业运行总结PPT5、演讲企业PPT可对外6、论坛通讯录7、SVIP参会证件参会方式②：VIP参会：2188元/人增值服务权益：1、会议期间自助午餐、茶歇2、会场座位前排台卡3、2026全球户储电池产业链地图(扫码关注起点锂电、起点储能、起点研究公众号/抖音号/视频号后领取）4、起点研究院SPIR全球户储行业运行总结PPT5、演讲企业PPT可对外6、VIP参会证件参会方式③：免费（需转发本次论坛宣传文章到朋友圈，并截图上传给起点人员）增值服务权益：1、2026全球户储电池产业链地图(扫码关注起点锂电、起点储能、起点研究公众号/抖音号/视频号后领取）2、普通参会嘉宾证件【收款账号】收款单位：深圳市起点研究咨询有限公司开户行：中国农业银行深圳前进路支行银行账号：41019700040025862汇款请注明：宣传费/服务费/会议展览服务六、活动报名方式活动咨询+赞助：邱先生 ***********尧先生 ***********江先生 ***********论坛报名：于小姐 ***********张小姐 ***********媒体合作：黄小姐 ***********点击阅读原文，即可报名参会！阅读原文创新引领 供需重构丨8月28日，鹏城相聚！,,,,pending
逸飞激光成功“摘帽”！,起点锂电,起点锂电,"RIOnews API, 新工艺, 新材料, 碳, 产品发布, 发布, 发布会, 合作进展, 战略合作, 投资, 合作, 技术进展, 工艺突破, 量产推进, 批量交付, 产能, 扩产, 下线, 大圆柱, 储能, 储能电芯, 户储, 大储, 碳酸锂, 交付, 投产, 订单, 海外, 本地化, 推出, 量产, 落地",normal,2026-08-13T18:34:15+08:00,,8月12日，武汉逸飞激光股份有限公司发布公告，依据相关监管规定，公司股票自2026年8月13日起撤销其他风险警示，证券简称正式由 “ST 逸飞” 变更为 “逸飞激光”。回望风险警示始末，逸飞激光由于2024年度财务报告内部控制被审计机构出具否定意见，公司股票自2025年5月6日起被实施其他风险警示。被ST之后，公司全面开展内部控制整改，持续完善内部治理体系，逐步消除相关风险隐患，并向上交所递交撤销风险警示申请。如今顺利完成 “摘帽”，标志着逸飞激光公司治理水平实现全面提升，企业可以集中资源全力推进主营业务拓展。作为业内领先的智能激光装备与创新工艺方案服务商，逸飞激光深耕相关领域二十余年，业务覆,http://mp.weixin.qq.com/s?__biz=MzI1MjEyODg2Mg==&mid=2649798421&idx=2&sn=eee855ccbda741d707d6b78262996819,,8月12日，武汉逸飞激光股份有限公司发布公告，依据相关监管规定，公司股票自2026年8月13日起撤销其他风险警示，证券简称正式由 “ST 逸飞” 变更为 “逸飞激光”。回望风险警示始末，逸飞激光由于2024年度财务报告内部控制被审计机构出具否定意见，公司股票自2025年5月6日起被实施其他风险警示。被ST之后，公司全面开展内部控制整改，持续完善内部治理体系，逐步消除相关风险隐患，并向上交所递交撤销风险警示申请。如今顺利完成 “摘帽”，标志着逸飞激光公司治理水平实现全面提升，企业可以集中资源全力推进主营业务拓展。作为业内领先的智能激光装备与创新工艺方案服务商，逸飞激光深耕相关领域二十余年，业务覆,8月12日，武汉逸飞激光股份有限公司发布公告，依据相关监管规定，公司股票自2026年8月13日起撤销其他风险警示，证券简称正式由 “ST 逸飞” 变更为 “逸飞激光”。回望风险警示始末，逸飞激光由于2024年度财务报告内部控制被审计机构出具否定意见，公司股票自2025年5月6日起被实施其他风险警示。被ST之后，公司全面开展内部控制整改，持续完善内部治理体系，逐步消除相关风险隐患，并向上交所递交撤销风险警示申请。如今顺利完成 “摘帽”，标志着逸飞激光公司治理水平实现全面提升，企业可以集中资源全力推进主营业务拓展。作为业内领先的智能激光装备与创新工艺方案服务商，逸飞激光深耕相关领域二十余年，业务覆盖电芯装配、电池结构件加工、模组 PACK，以及智慧物流仓储整线解决方案，持续推动新能源电池激光加工工艺与高端装备产业发展。依托长期技术研发投入，公司率先攻克圆柱全极耳电池制造关键工艺瓶颈，推出圆柱全极耳电芯装配全工序设备与自动化产线，相关产品获评国家级制造业单项冠军，市场占有率常年位居行业前列。历经工艺突破、整线打通、海内外批量交付多个阶段，逸飞激光搭建起稳定成熟、具备可复制能力的圆柱电池智能化产线规模化交付体系。2026年，大圆柱电池稳步放量，小圆柱全极耳工艺加速量产落地，大小圆柱路线同步适配全极耳技术，推动圆柱全极耳电池进入规模化量产关键周期。作为“圆柱全极耳智能装备第一股” ，逸飞激光持续深耕相关设备，目前公司圆柱全极耳组装线可适配18系至60系多款圆柱电池生产，依靠高良率、高效率、投产速度快、柔性生产切换等核心优势获得下游客户青睐，各规格设备现已实现批量落地。财务数据同样印证订单向好态势，截至2026年一季度末，公司合同负债达到9.49亿元，较2025年末提升74.23%，订单增长动能充足。立足圆柱全极耳装备深厚技术底座，逸飞激光同步切入圆柱超级电容装备赛道。公司复用成熟工艺经验，接连攻克超级电容加厚电极箔全极耳无损成型、硬连接高精度焊接、产品同心度与一致性管控等装配难点，推出适配33、60系列产品的圆柱超级电容装配线，设备具备高智能、高效率、高精度特征，单线产能覆盖10-75ppm生产需求，目前已经和多家行业客户推进合作。产业合作方面，逸飞激光近期与南通江海电容器全资子公司江海储能落地战略合作，双方将围绕高端电容器制造装备、新型电容产品迭代开展深度合作，赋能 AI 算力、智能汽车、新型储能赛道。双方此前已在超级电容研发制造领域开展协作，本次协议签署是现有合作的进一步深化。除圆柱电池业务之外，逸飞激光在方形储能电池领域同样实现重要突破。今年4月，逸飞激光588Ah储能大方型电芯高速装配线正式下线。该产线工艺覆盖电芯预热至密封钉焊接全组装工序，兼容187Ah~588Ah 多规格电芯生产，支持 2 极芯（2JR）与 4 极芯（4JR）多种结构工艺，生产效率可达20ppm。这也意味着逸飞激光精准抢抓500+Ah大储能电芯规模化发展风口，相关装备产品有望率先实现市场兑现。在夯实国内市场基本盘的同时，逸飞激光稳步推进全球化布局。公司设立新加坡子公司作为海外运营总部，并在中国香港、韩国布局下属经营主体，依托本地化合作持续完善海外技术服务网络。2026年3月，公司向英国官方电池产业研究机构交付圆柱全极耳电芯组装线，成为企业开拓全球市场的标志性项目，助力深度融入全球动力电池供应链。当前公司海外业务增长态势突出，2025年海外订单实现翻倍增长，业务辐射英国、德国、日本、韩国、土耳其、巴西、印度等多国。订单端，公司 2025年11月与海外客户签订价值2681.16万美元（约合人民币1.9亿元）采购合同；2026年5月，结合客户技术迭代需求签署补充协议，新增采购规模预估1594.20万美元，折合人民币约1.09亿元。行业层面，圆柱全极耳电池量产进程提速，叠加超级电容市场需求快速攀升，多重赛道机遇形成共振。依托多年圆柱全极耳智能装备技术积淀与领先市场地位，叠加超前布局的超级电容装备业务，同时公司同步完成圆柱电池与大方形储能电池双线装备布局，能够兼顾动力大圆柱产业化浪潮与大容量方形储能电芯扩产需求。顺利摘帽后的逸飞激光，有望充分把握新能源动力电池、储能电池、超级电容多重装备赛道的发展红利。— 完 — 作者丨起点锂电 转载授权请加微信：qd-Lib1222往期回顾01｜百亿级投资布局磷酸铁及硫酸亚铁 钛白粉龙头卷土重来！02｜万华化学四次落子滨州！03｜吉利旗下企业签10年碳酸锂长单！04｜2026起点户储电池生态大会暨全球户储电池TOP排行榜发布会8月28日深圳举办！起点户储电池交流群—码上入群点击阅读原文，即可报名参会！,,,,pending
五粮液加速迈进新能源赛道！,起点锂电,起点锂电,"RIOnews API, 新材料, 碳, 高比能, 硅, 产品发布, 发布, 发布会, 上市, 合作进展, 招标, 投资, 合作, 磷酸铁锂, 铁锂, 储能, 储能系统, 户储, 碳酸锂, 负极材料",normal,2026-08-13T18:34:15+08:00,,新能源老兵掌舵，五粮液即将迎来新阶段。起点锂电获悉，近日宜宾普华新材料科技有限责任公司成立，注册资本1.5亿元，经营范围有新材料技术研发、推广服务；电子专用材料研发制造销售；电池制造销售以及零配件生产；石墨及碳素制品制造销售等，由五粮液集团子公司普什集团持股。不久之前，磷酸铁锂上市企业天原股份董事长邓敏辞职，随后被任为五粮液集团党委书记、董事，拟任五粮液集团董事长。邓敏在天原股份任职近30年，从该公司聚氯乙烯厂厂长助理一步步升职，亲身经历了该公司从化工企业向新能源企业的转型路程，此次入主五粮液集团，将会带领企业加速迈进新能源赛道。本次人事变动为五粮液转型的重要标志，近些年来白酒行业不甚景气，导,http://mp.weixin.qq.com/s?__biz=MzI1MjEyODg2Mg==&mid=2649798421&idx=1&sn=a8bc5bef6f33303d2df729c4bb9f79b6,,新能源老兵掌舵，五粮液即将迎来新阶段。起点锂电获悉，近日宜宾普华新材料科技有限责任公司成立，注册资本1.5亿元，经营范围有新材料技术研发、推广服务；电子专用材料研发制造销售；电池制造销售以及零配件生产；石墨及碳素制品制造销售等，由五粮液集团子公司普什集团持股。不久之前，磷酸铁锂上市企业天原股份董事长邓敏辞职，随后被任为五粮液集团党委书记、董事，拟任五粮液集团董事长。邓敏在天原股份任职近30年，从该公司聚氯乙烯厂厂长助理一步步升职，亲身经历了该公司从化工企业向新能源企业的转型路程，此次入主五粮液集团，将会带领企业加速迈进新能源赛道。本次人事变动为五粮液转型的重要标志，近些年来白酒行业不甚景气，导,新能源老兵掌舵，五粮液即将迎来新阶段。起点锂电获悉，近日宜宾普华新材料科技有限责任公司成立，注册资本1.5亿元，经营范围有新材料技术研发、推广服务；电子专用材料研发制造销售；电池制造销售以及零配件生产；石墨及碳素制品制造销售等，由五粮液集团子公司普什集团持股。不久之前，磷酸铁锂上市企业天原股份董事长邓敏辞职，随后被任为五粮液集团党委书记、董事，拟任五粮液集团董事长。邓敏在天原股份任职近30年，从该公司聚氯乙烯厂厂长助理一步步升职，亲身经历了该公司从化工企业向新能源企业的转型路程，此次入主五粮液集团，将会带领企业加速迈进新能源赛道。本次人事变动为五粮液转型的重要标志，近些年来白酒行业不甚景气，导致五粮液等企业业绩承压，所以多元化布局至关重要，但跨界新能源并非易事，因为原来的团队缺乏经验，导致跨界效果不明显，宜宾国资经过长期考察最终敲定邓敏来此“挑大梁”。主动迎接产业变局在面对行业变动之时，主动融入往往会获得意想不到的收获，五粮液几年前就嗅到风口着手布局，成立四川五粮液新能源投资，并与中石油、隆基绿能先后联手进军储能和光伏，用积极的心态拥抱新能源浪潮。种种动作反映出企业在时代变迁面前的精准把握，从2025年前三季度业绩就能看出，五粮液营收与净利润均出现下降，但并非个例，而是整个白酒行业的趋势，存量竞争的主旋律下，如何开发第二增长曲线，就成为当下主要问题。而且转型对于基本盘业务也有好处，例如白酒酿造过程中有高耗能环节，用自建设储能系统的方式补足用电需求，可以降低成本增加利润空间。所以，公司则携手中石油建设10MW/20MWh储能系统，作为宜宾本地龙头企业，这一动作也迎合了宜宾建设动力电池之都的愿景。作为大型集团，五粮液跨界并不盲从，所寻找的合作伙伴多为新能源产业的翘楚，例如携手四川华宜清创，该公司是欧阳明高院士工作站的成果转化项目，与普什集团联合发布了三款硅碳负极材料。所以五粮液跨界十分懂得运用资源嫁接优势，与华宜清创以及普什集团建立间接联系，利用自身的资源、技术、渠道发挥独特价值，例如用酒糟造电池负极材料，让其变废为宝。合资成立的宜宾普华新材料股权结构也值得一说，为产业资本与技术团队加上国家队资源混合，这也是科技企业联系国家队势力的典型模板。多次扩建，积极试水回首五粮液的历史，可以发现企业能做大绝不是单纯依靠某种产品，而是不断地革新自我，紧跟时代潮流，成立至今五粮液也经历了多次扩建，不断尝试新赛道。1958年公司完成第一次扩建，让产酒能力大幅提升，奠定了基础；1979年又发力岷江北岸扩建生产区；1986年在江北主厂区又建设了3000吨车间；1992年到1994年又将面积扩大，产酒能力飙升至9万吨。1995年到2002年五粮液开始高速发展，产业链结构不断完善，不仅有酒，还建设了配套设施例如模具制造、塑料加工、电子器材、运输、药业等，承包了从酿酒到包装印刷以及销售业务的闭环。时间来到2003年，五粮液扩张底气更足，时任董事长王国春甚至表示想进入汽车产业链，不久后还真的付诸行动，用旗下生产配套模具的子公司为长安生产模具，又投资3亿元落子重庆，布局机械模具、发动机零部件业务。十多年后，五粮液在此更进一步，2018年入股凯翼汽车，股权占比甚至还达到了51%。2023年4月开始涉水新能源领域，成立四川五粮液新能源投资，由五粮液集团全部控股；2025年10月公司的产业园区储能项目开启招标，计划建设10MW/20MWh储能系统；今年1月储能电站项目EPC总承包开标记录发布。但跨界之路一定会遇到风浪，任何巨头都不例外，五粮液在入股凯翼汽车后，却一直没有收获亮眼成绩，凯翼汽车年销量与车标设计成为顾客的吐槽点，其他跨界业务例如宜宾纸业也并不理想。不过，多元化布局一定会有的板块好有的板块差，多方面的尝试也可以收获经验，对于万亿市值的集团并不是很大损失，相反如果畏首畏尾地采取保守战略，错失了发展机会更加得不偿失，投资的眼光需要放长远，未来潜力大于短期利润。但此前的试水动作均不如本次跨界新能源那般果断，从换帅这一点就能看出，新能源风口已经被集团所重视，老兵操盘会给企业带来新的运营思维，此前的动作是探路铺摊子，新领导的掌舵意味着航线已经确定，需要开拔收获效益，关键节点已到。从邓敏在天原股份的工作履历可以看出其在新能源赛道的大手笔，一手开启降本增效一手推进材料业务，将传统主业与新增长曲线进行了最大程度平衡，这种思路方式正好能为转型但缺乏行业经验的五粮液集团提供了“导航地图”。当下，巨头转型案例比比皆是，成功者也不是凤毛麟角，一切目的都是为了团队的更好发展，新的领导能否复制前东家的成功经验，为行业所期待。— 完 — 作者丨宋博文 转载授权请加微信：qd-Lib1222往期回顾01｜百亿级投资布局磷酸铁及硫酸亚铁 钛白粉龙头卷土重来！02｜万华化学四次落子滨州！03｜吉利旗下企业签10年碳酸锂长单！04｜2026起点户储电池生态大会暨全球户储电池TOP排行榜发布会8月28日深圳举办！起点户储电池交流群—码上入群点击阅读原文，查看富工流体更多内容！,,,,pending
天能/维科/华阳/隐功/金钠/滇钠/宇恒/汉行/同兴/希倍/晟钠/纳甘/鑫钠/禾电/钠科/兆瑞/九续/扬广/钠远/科隆/茹天/科迈罗齐聚起点钠电论坛,起点钠电,起点钠电,"RIOnews API, 钠离子电池, 钠电, 钠电正极, 钠电负极, 产品发布, 发布, 发布会, 新品, 全新, 官宣, 合作进展, 融资, 投资, 合作, 技术进展, 技术突破, 量产工艺, 前沿技术",normal,2026-08-13T18:20:10+08:00,,2026第十一届起点钠电论坛暨全球钠电TOP10排行榜发布会议程一大会基础信息活动全称：2026第十一届起点钠电论坛暨全球钠电TOP10排行榜发布会活动主题：全链路突破 规模化质变主办单位：起点研究、起点钠电举办时间：2026 年 8 月 28 日举办地点：深圳宝安登喜路国际酒店2楼国际厅活动规模：500 + 第一批演讲及赞助单位：天能钠电、隐功科技、同兴皓升、晟钠新能、科迈罗、纳甘新能源 、华阳集团、鑫钠新材料、钠科能源、茹天科技、希倍动力、兆瑞新能源、九续钠电、扬广科技、禾电科技、金钠科技、川源科技、科隆新能源、钠远新材、维科技术，宇恒电池，汉行科技，普洱滇钠能源等二活动背景全球能源转型持,http://mp.weixin.qq.com/s?__biz=Mzg4NjgzMzg3NA==&mid=2247518600&idx=4&sn=b19b2d3a5f887cf737ad2d546806d515,,2026第十一届起点钠电论坛暨全球钠电TOP10排行榜发布会议程一大会基础信息活动全称：2026第十一届起点钠电论坛暨全球钠电TOP10排行榜发布会活动主题：全链路突破 规模化质变主办单位：起点研究、起点钠电举办时间：2026 年 8 月 28 日举办地点：深圳宝安登喜路国际酒店2楼国际厅活动规模：500 + 第一批演讲及赞助单位：天能钠电、隐功科技、同兴皓升、晟钠新能、科迈罗、纳甘新能源 、华阳集团、鑫钠新材料、钠科能源、茹天科技、希倍动力、兆瑞新能源、九续钠电、扬广科技、禾电科技、金钠科技、川源科技、科隆新能源、钠远新材、维科技术，宇恒电池，汉行科技，普洱滇钠能源等二活动背景全球能源转型持,2026第十一届起点钠电论坛暨全球钠电TOP10排行榜发布会议程一大会基础信息活动全称：2026第十一届起点钠电论坛暨全球钠电TOP10排行榜发布会活动主题：全链路突破 规模化质变主办单位：起点研究、起点钠电举办时间：2026 年 8 月 28 日举办地点：深圳宝安登喜路国际酒店2楼国际厅活动规模：500 + 第一批演讲及赞助单位：天能钠电、隐功科技、同兴皓升、晟钠新能、科迈罗、纳甘新能源 、华阳集团、鑫钠新材料、钠科能源、茹天科技、希倍动力、兆瑞新能源、九续钠电、扬广科技、禾电科技、金钠科技、川源科技、科隆新能源、钠远新材、维科技术，宇恒电池，汉行科技，普洱滇钠能源等二活动背景全球能源转型持续纵深推进，新型储能、AI算力、电网调频、交通工具电动化智能化、油改电和低空经济等需求集中爆发，锂资源对外依存度高、价格周期性剧烈波动的供应链安全隐患长期凸显。钠离子电池依托钠资源储量无限、国内供给完全自主可控、宽温域适配、高安全、超长循环、中长期成本优势突出等核心禀赋，成为完善多元电化学储能体系、替代铅酸、分流锂电中低端场景、保障国家能源产业链自主可控的核心新型电池路线，连续多年被纳入国家新质生产力、新型储能重点扶持赛道，产业战略地位持续抬升。依托成熟锂电产业链迁移红利，中国建成全球唯一覆盖钠电正负极材料、电解液、专用隔膜、电芯制造、PACK系统、智能装备、梯次回收的完整产业生态，核心材料技术突破。历经多年实验室研发、中试验证、小批量示范交付，行业完成多轮技术路线收敛、量产工程瓶颈攻坚、上下游配套补齐，2026年正式定为钠离子电池规模化商用元年，赛道彻底告别样品送测、小规模试点阶段，全面进入GWh级量产交付、百MWh级储能电站并网、数十GWh级长期供货协议集中落地的产业质变关键窗口。据起点研究院SPIR全年跟踪统计，2025年全球钠离子电池整体出货量9GWh；2026上半年行业规模高速增速，2026H1全球钠电出货10.8GWh.，同比增长175%，预计全年出货量将达到26.8GWh，同比增速198%，，正式迈入10GWh级大规模商用周期。2026-2028年维持行业年复合增速160%以上，2028年全球钠电出货量突破100GWh；2030年全球钠离子电池整体出货规模达到1051GWh，其中储能钠电池580GWh，车载动力钠电池410GWh，全球钠电市场规模迈入千亿级别。起点钠电论坛由全球领先的钠电产业智库--起点钠电和起点研究院SPIR联合主办，至今已成功连续举办十届，本届升级为2026第十一届起点钠电论坛，是国内举办时间最早、产业链覆盖最全、数据权威性最强、企业参与规格最高的钠离子电池垂直专业峰会，长期被行业公认为钠电产业发展核心风向标，持续引领国内钠电产业化节奏、技术迭代方向与市场商业化路径。十届以来，论坛累计接待超5000人次产业链从业者，沉淀1000+钠电企业资源库、500余家投资机构、百余位行业院士教授与资深技术专家；每届同步发布起点研究院（SPIR）独家钠电产业白皮书、产业链50强竞争力排行榜、细分赛道出货榜单，榜单数据成为企业投资、产能规划、市场拓展、供应链采购的核心决策依据。站在第十一届全新起点，产业正式迈入规模化放量新阶段，行业亟需依托权威产业数据复盘上半年发展全貌，厘清技术痛点、降本路径，材料供应、行业标准、海外市场拓展等难题，精准锚定未来3年行业成长路径。为此，起点钠电和起点研究院SPIR举办2026第十一届起点钠电论坛，延续十届权威平台优势，汇聚历届重磅龙头企业、行业专家、投资机构齐聚，依托SPIR全年持续跟踪的一手产业链数据库，深度复盘2026上半年行业运行全貌，系统研判未来五年技术、市场、格局演化趋势，为全产业链提供数据参考、技术碰撞、商务对接一体化行业盛会。三会议议程2026第十一届起点钠电论坛时间议程 08:00-09:00 会前签到、商务对接PART 1 论坛开幕式09:00-9:30主办方开幕致辞及2026全球钠电芯/钠电材料TOP10竞争力排行榜发布--起点研究 董事长&研究院院长 李振强总冠名致辞2026（第五届）起点钠电金鼎奖评选及2026CINE钠电展启动仪式PART 2 钠电创新专场大规模量产钠电负极优选方案：塑料基--纳甘新能源总经理郑宏伟钠电新突破：NFPP正极材料与补钠技术进展--同兴皓升营销总监 张唐虎议题待定--维科技术主题待定--禾电科技无负极钠电技术与应用--隐功科技 总经理 朱健万吨级NFPP 正极量产工艺迭代与储能级成本优化路径--鑫钠新材料 副总经理 高荣华钠电正极材料前驱体技术路线及发展趋势--科隆新能源技术总监王宗衡钠电正极材料智能成套装备开发及应用--茹天科技 技术经理 甘雄12:00-13:30自助午餐及观展PART 3 钠电材料专场13:30-15:00无负极钠离子电池研究进展--希倍动力 总经理 杨道均主题待定--钠科能源 董事长 乔少华钠离子电池聚阴离子正极材料NFS的开发与应用--钠远新材 董事长 刘众擎博士硬碳负极的开发及应用--汉行科技 执行董事 林子舜钠离子电池在未来能源领域的应用前景--华阳集团产业技术研究总院 副总经理 张利武15:00-15:30茶歇及观展PART 4 钠电池及技术应用专场15:30-17:30议题待定--科迈罗 总经理 章少坤蒙西电网场景下，钠电储能系统集成的挑战与经济性突围--九续钠电 总经理 秦彪中美净零竞赛：可再生能源储能技术驱动的电力格局重塑--扬广科技 欧美首席专家 张栋省18650小圆柱钠离子电池在终端的应用探索--普洱滇钠能源 副总经理/技术总工 李文钠电储能应用痛点与破局之道-兆瑞新能源 质量中心总经理 葛景亮PART 5 联盟晚宴18:30-21:00Na+钠电产业联盟闭门交流晚宴（定向邀请）四报名参会参会方式①：SVIP参会：3188元人增值服务权益：1、会议期间自助午餐、茶歇2、会场座位前排台卡3、2026钠电产业链地图4、起点研究院SPIR钠电行业运行总结PPT5、演讲企业PPT可对外6、论坛通讯录参会方式②：VIP参会：2188元/人增值服务权益：1、会议期间自助午餐、茶歇2、会场座位台卡3、2026钠电产业链地图4、起点研究院SPIR钠电行业运行总结PPT5、演讲企业PPT可对外参会方式参会方式③：免费（需转发本次论坛宣传文章到朋友圈，并截图上传给起点人员）增值服务权益：1、2026钠电产业链地图(扫码关注起点钠电、起点研究公众号/抖音号/视频号后领取）2、普通参会嘉宾证件【收款账号】收款单位：深圳市起点研究咨询有限公司开户行：中国农业银行深圳前进路支行银行账号：41019700040025862汇款请注明：宣传费/服务费/会议展览服务五活动报名方式赞助+合作咨询： 杨先生：*********** 邹先生：*********** 论坛报名：于小姐：***********张小姐：***********媒体合作：刘小姐***********六主办方介绍起点钠电平台简介起点钠电成立于2022年，是全球领先聚焦钠离子电池全产业链的钠电权威产业服务与生态赋能平台，平台以起点研究院SPIR为核心智库，以起点钠电行业媒体矩阵为运营载体，以起点钠电品牌论坛及年会、CINE钠电国际展为展示平台，以产业研究为根基、数据洞察为核心、高端活动为桥梁、品牌传播为窗口、资本孵化为引擎、园区规划为载体，构建了“研究+数据+活动+传播+资本+联盟+园区”的七位一体服务体系。我们深度链接产学研用、投资机构与政府园区，服务了钠电全产业链超200+上下游核心企业及政府产业园区，参与规划了四川巴中市、内蒙古乌海高新区、宁夏银川-苏银产业园等钠电专业产业园区，并成立了Na+钠电产业联盟凝聚行业共识，服务赋能钠电企业家，推动产业链生态融合，技术标准建立与产业链协同，助力中国新能源产业在全球新一轮能源革命中抢占先机，占据钠电产业发展制高点。标杆客户（排名不分先后）：宁德时代、同兴科技/皓升新能源、维科技术、海四达钠星、天能钠电、珈钠能源、金钠科技、易事特钠电、CNAE中国钠电、为方能源、华阳集团、恒大高新、隐功科技、青钠科技、晟钠新能、旭派钠电、吉厚钠电、科迈罗光电、茹天科技、纳甘新能源、九续钠电、亮见钠电、希倍动力、钠美科技、卡波恩、佰思格、旭钠新能源、汉行科技、派能科技、众钠能源、奥克莱集团、兆钠新能源、钠创新能源、滇钠能源、传艺科技、超威集团、亿纬锂能、海辰储能、科达制造、儒特股份、时代思康、先导智能、泰和科技、双环科技、超钠新能源、瑞扬新能源、扬广科技、津工能源、猛狮新能源、东腾锂业、钠奇盛、方寸新能源、黔钠科技、奥冠电池、华钠新材、璞钠能源、华纳新能源、浩钠新能源、湖钠能源、博钠新能源、美特新材料、钠特尔、乐普钠电、铧钠新材料、瓦时动力、美达瑞新材料、钠远新材、兆瑞新能源、钠科能源、亿司特新材料、东能钠新、果曼钠电、极电特能、容钠新能源、浦士达环保、富钠能源、天钠科技、国科炭美、华普森、信瑞新能源、先导干燥、亿隆能源、绿捷环境、尚金干燥、广域铭岛、普渡机械、科锐晟、乔岳智能、前锦炉业、德积干燥、汇京智能、瑞佳达、超力源等标杆钠电园区规划案例：山西阳泉高新区钠电产业规划、巴中钠电产业集群规划、乌海高新技术区钠电产业园规划、银川-苏银钠电产业园规划等七大核心服务一、产业研究依托起点研究院SPIR专业智库力量，聚焦钠电技术迭代、政策标准、供应链体系、市场应用与竞争格局，提供定制化产业调研、技术路线评估、产业链诊断、战略规划与政策解读服务，为企业研发方向、市场布局、长期决策提供专业支撑。二、数据报告发布行业权威白皮书、年度/季度产业报告、成本数据库、产能追踪、供需监测、企业榜单等数据产品，覆盖材料价格、产能规模、装机数据、应用场景、区域分布等核心维度，以真实、精准、及时的数据，为行业决策与市场预判提供依据。三、专业论坛展会打造高规格钠电产业峰会、钠电第一展：CINE钠电展专业展会、起点钠电品牌论坛、起点钠电全国行、起点钠电年会峰会、钠电金鼎奖评选、闭门对接会等活动，汇聚产业链龙头企业、科研专家、应用客户与行业精英，实现技术交流、趋势研判、资源聚合与商务对接，构建全球最具影响力的钠电交流与合作平台。四、品牌传播依托全媒体传播矩阵与精准产业流量，为企业提供品牌专访、新品发布、技术解读、产能官宣、公关传播、行业背书等推广服务，精准触达上下游合作伙伴与目标客户，全面提升企业知名度、行业影响力与市场曝光度。五、投融资孵化链接主流投资机构、产业资本与优质钠电项目，提供项目路演、投融资对接、企业估值、创业孵化、产业资源导入等服务，助力前沿技术成果转化、优质项目快速产业化，推动资本与产业深度融合，加速企业成长与规模化落地。六、钠电产业园规划面向政府园区与产业载体，提供钠电产业园定位策划、产业规划、招商方案、项目引进、运营赋能、生态构建等全流程服务，打造集研发、生产、检测、应用、回收于一体的钠电特色产业集群，助力区域新能源产业升级与经济高质量发展。七、Na+钠电产业联盟会员服务钠电产业生态协同的枢纽构建钠电产业的“朋友圈”与“议事厅”。为会员单位提供：政企高层对接、供应链精准匹配、专利池共享、人才猎聘、行业标准制定参与权及专属会员闭门会等增值服务，助力会员企业抢占行业制高点。点击阅读原文，即可报名参会！,,,,pending
又一储能企业将布局钠电,起点钠电,起点钠电,"RIOnews API, 钠离子电池, 钠电, 产品发布, 发布, 发布会, 量产推进, 产能, 扩产",normal,2026-08-13T18:20:10+08:00,,倒计时15天2026第十一届起点钠电论坛暨全球钠电TOP10排行榜发布会活动主题：全链路突破 规模化质变主办单位：起点研究、起点钠电举办时间：2026年8月28日举办地点：深圳宝安登喜路国际酒店2楼国际厅活动规模：500 + 第一批演讲及赞助单位：天能钠电、隐功科技、同兴皓升、晟钠新能、科迈罗、纳甘新能源 、华阳集团、鑫钠新材料、钠科能源、茹天科技、希倍动力、兆瑞新能源、九续钠电、扬广科技、禾电科技、金钠科技、川源科技、科隆新能源、钠远新材、维科技术，宇恒电池，汉行科技，普洱滇钠能源等起点钠电关注到，近日，又一储能企业开始规划布局钠离子电池，计划推动钠离子电池等其他新能源技术路线的产业化落地。,http://mp.weixin.qq.com/s?__biz=Mzg4NjgzMzg3NA==&mid=2247518600&idx=2&sn=9c476c40616e676123c5c23f9e0e1fbc,,倒计时15天2026第十一届起点钠电论坛暨全球钠电TOP10排行榜发布会活动主题：全链路突破 规模化质变主办单位：起点研究、起点钠电举办时间：2026年8月28日举办地点：深圳宝安登喜路国际酒店2楼国际厅活动规模：500 + 第一批演讲及赞助单位：天能钠电、隐功科技、同兴皓升、晟钠新能、科迈罗、纳甘新能源 、华阳集团、鑫钠新材料、钠科能源、茹天科技、希倍动力、兆瑞新能源、九续钠电、扬广科技、禾电科技、金钠科技、川源科技、科隆新能源、钠远新材、维科技术，宇恒电池，汉行科技，普洱滇钠能源等起点钠电关注到，近日，又一储能企业开始规划布局钠离子电池，计划推动钠离子电池等其他新能源技术路线的产业化落地。,倒计时15天2026第十一届起点钠电论坛暨全球钠电TOP10排行榜发布会活动主题：全链路突破 规模化质变主办单位：起点研究、起点钠电举办时间：2026年8月28日举办地点：深圳宝安登喜路国际酒店2楼国际厅活动规模：500 + 第一批演讲及赞助单位：天能钠电、隐功科技、同兴皓升、晟钠新能、科迈罗、纳甘新能源 、华阳集团、鑫钠新材料、钠科能源、茹天科技、希倍动力、兆瑞新能源、九续钠电、扬广科技、禾电科技、金钠科技、川源科技、科隆新能源、钠远新材、维科技术，宇恒电池，汉行科技，普洱滇钠能源等起点钠电关注到，近日，又一储能企业开始规划布局钠离子电池，计划推动钠离子电池等其他新能源技术路线的产业化落地。据融捷能源总经理吴捷透露，目前企业一方面在持续迭代大容量、长寿命、长时储能电芯产品，推进固态电池及材料规模化量产；另一方面，正积极推动钙钛矿材料及电池、钠离子电池等其他新能源技术路线的产业化落地。资料显示，融捷能源2022年成立于南沙，是融捷集团新能源新材料事业板块的核心企业之一，主要从事储能及动力电芯、模组、PACK、系统全链条研发、制造与销售，产品广泛应用于大型储能系统、工商业储能、家庭储能、通讯基站储能及新能源汽车等多个领域。产品矩阵覆盖72Ah至588Ah全规格电芯，包括户用储能、工商业储能及大型储能场景，产品具备高能量密度、长循环寿命（如588Ah电芯能量密度大于180Wh/kg，循环寿命超10000次）和优异的低温性能。产能方面，融捷能源现有产能超55GWh，包括广州南沙基地和安徽芜湖基地。扩产计划中，南沙三期工厂预计2026年底投产，广州黄埔新建基地规划产能25GWh，全部达产后，总产能将达105GWh。值得注意的是，在新能源革命的浪潮中，锂离子电池无疑是过去十年的主角。它为数十亿部手机、数亿台电脑以及蓬勃发展的电动汽车注入了不竭动力。然而，锂资源的稀缺性与地缘供应链的脆弱性，正日益成为悬在产业头顶的达摩克利斯之剑。寻找能够与之互补甚至在某些领域替代的新型电池技术，成为时代的必然选择。而钠离子电池，资源禀赋优异——钠储量丰富、获取成本低廉，为其大规模应用奠定了坚实基础。在安全性能上，该体系具备本征安全性高、热失控风险低的先天特质；在工况适应上，则兼具优异的高倍率充放能力与宽温域稳定输出特性，可从容应对各类严苛运行环境。叠加其较长的循环寿命，钠离子电池在储能系统及更广泛的多元化应用场景中，正展现出日益突出的应用价值。近期，另一储能企业天合储能方面也表示，天合储能将持续深耕构网型储能核心技术，加速AIDC全域解决方案的规模化落地，同时布局钠离子电池、长时储能、氢能耦合等前沿领域，打造覆盖源、网、荷、储全链条的绿色能源生态，为全球数字经济的安全、低碳、可持续发展提供坚实的能源支撑。今年年初，天合储能还发布了“风-光-锂-钠-氢”绿电直驱AIDC综合能源解决方案。其中，钠电储能解决方案优势明显：本征安全性更高，可无忧进入机房；0秒切换，4C充放，支持10C短时过载；在宽温域稳定工作，无须复杂温控系统；SIC高效双向DCDC，峰值效率大于99%，为数据中心等高要求场景提供了极具竞争力的绿色供电选项。据起点钠电不完全梳理，截至目前，已有宁德时代、比亚迪、远景动力、海辰储能、楚能新能源、LG新能源等多家储能头部企业相继布局钠离子电池赛道。其中，宁德时代走在规模化前列，已推出天恒钠电储能系统，并将于今年9月正式启动首批钠离子电池储能系统的规模化交付；近期，宁德时代还先后拿下多个储能订单，合计订单规模超67GWh。比亚迪也走出了一条从示范到规模化落地的路径。于2025年实现储能专用聚阴离子型钠离子电池及储能系统的规模化生产，可满足GWh级钠离子电池储能项目的交付。另外，比亚迪已开发出万次循环的钠电池产品，量产节点将根据实际市场及客户需求而定。未来，随着钠电产业化进程提速，还有哪些储能企业将加码布局钠离子电池这一技术路线，对此，起点钠电也将持续关注。一键三连「点赞」「转发」「小心心」欢迎关注起点钠电！— 完 —起点钠电交流群72-码上入群往期推荐:天能/维科/华阳/隐功/金钠/滇钠/宇恒/汉行/同兴/希倍/晟钠/纳甘/鑫钠/禾电/钠科/兆瑞/九续/扬广/钠远/科隆/茹天/科迈罗齐聚起点钠电论坛钠电赛道再添巨头，又一储能企业入局放量在即！一汽解放钠电重卡车型公示点击阅读原文，即可报名参会！,,,,pending
派能科技2GWh钠电项目落地安徽,起点钠电,起点钠电,"RIOnews API, 钠离子电池, 钠电, 产品发布, 发布, 发布会, 上市, 量产推进, 批量交付, 产能, 扩产, 环境影响评价",normal,2026-08-13T18:20:10+08:00,,倒计时15天2026第十一届起点钠电论坛暨全球钠电TOP10排行榜发布会活动主题：全链路突破 规模化质变主办单位：起点研究、起点钠电举办时间：2026年8月28日举办地点：深圳宝安登喜路国际酒店2楼国际厅活动规模：500 + 第一批演讲及赞助单位：天能钠电、隐功科技、同兴皓升、晟钠新能、科迈罗、纳甘新能源 、华阳集团、鑫钠新材料、钠科能源、茹天科技、希倍动力、兆瑞新能源、九续钠电、扬广科技、禾电科技、金钠科技、川源科技、科隆新能源、钠远新材、维科技术，宇恒电池，汉行科技，普洱滇钠能源等总投资10亿元，派能2GWh钠电项目落地安徽起点钠电关注到，8月12日，安徽派能能源科技有限公司《派能科技2G,http://mp.weixin.qq.com/s?__biz=Mzg4NjgzMzg3NA==&mid=2247518600&idx=1&sn=43d0f3e4fdfff988c9717bcc4df8c595,,倒计时15天2026第十一届起点钠电论坛暨全球钠电TOP10排行榜发布会活动主题：全链路突破 规模化质变主办单位：起点研究、起点钠电举办时间：2026年8月28日举办地点：深圳宝安登喜路国际酒店2楼国际厅活动规模：500 + 第一批演讲及赞助单位：天能钠电、隐功科技、同兴皓升、晟钠新能、科迈罗、纳甘新能源 、华阳集团、鑫钠新材料、钠科能源、茹天科技、希倍动力、兆瑞新能源、九续钠电、扬广科技、禾电科技、金钠科技、川源科技、科隆新能源、钠远新材、维科技术，宇恒电池，汉行科技，普洱滇钠能源等总投资10亿元，派能2GWh钠电项目落地安徽起点钠电关注到，8月12日，安徽派能能源科技有限公司《派能科技2G,倒计时15天2026第十一届起点钠电论坛暨全球钠电TOP10排行榜发布会活动主题：全链路突破 规模化质变主办单位：起点研究、起点钠电举办时间：2026年8月28日举办地点：深圳宝安登喜路国际酒店2楼国际厅活动规模：500 + 第一批演讲及赞助单位：天能钠电、隐功科技、同兴皓升、晟钠新能、科迈罗、纳甘新能源 、华阳集团、鑫钠新材料、钠科能源、茹天科技、希倍动力、兆瑞新能源、九续钠电、扬广科技、禾电科技、金钠科技、川源科技、科隆新能源、钠远新材、维科技术，宇恒电池，汉行科技，普洱滇钠能源等总投资10亿元，派能2GWh钠电项目落地安徽起点钠电关注到，8月12日，安徽派能能源科技有限公司《派能科技2GWh储能电池及集成项目环境影响报告表》告知承诺制受理及审批情况公示。该项目总投资10亿元，建设地点位于安徽省合肥市肥西县（区）经济开发区紫云湖片区，项目建筑面积约10万平方米，主要建设内容包括8-1#厂房、8-2#厂房、9#厂房、10#厂房、甲类仓库、固废库等，引进砂磨机、搅拌机、涂布机、铝壳组装线等先进设备及辅助系统。项目建成后形成年产2GWh钠电池及系统集成的生产能力。该项目生产的钠离子动力电池为铝壳电芯，型号为100Ah、314Ah，年产能2GWh；钠离子动力电池模组型号包括M7、16kWh、M1D、TE-平台项目、UF5000等，年产能2GWh，主要用于通讯备电、户储、工商储等领域。该项目建成后，安徽派能全厂产能包括5GWh软包锂电池及模组、5GWh铝壳锂电池及模组、2GWh铝壳钠电池及模组。资料显示，派能科技成立于2009年，2020年于A股上市，成为国内首家以储能为主营业务的上市公司。产品广泛应用于家庭储能、工商业储能、源网侧储能、通信基站储能、数据中心储能、轻型动力、重卡换电等各类场景。公司以上海为总部，江苏、安徽为主要研发、制造中心，在海外拥有8家分支机构，业务范围覆盖全球90多个国家和地区。目前，派能钠离子电池技术已实现多场景应用：启停电池领域，2025年公司钠电实现164MWh的规模化出货，今年这块业务还将保持较快增长。公司推出软包复合磷酸铁钠电芯，满足-29℃ 15C脉冲放电，同时具有耐高温、倍率性能好、耐过放、安全可靠性高等性能优势，并实现批量交付。在储能领域，公司目前已经开发出165Ah和300Ah钠离子储能专用电芯，满足1P充放电，循环寿命超过10000次。轻型动力领域，推出软包硫酸铁钠电芯，满足-10℃充电，-20℃放电，同时具有动力强、寿命长、耐过放、安全可靠性高等性能优势；针对轻型车市场，公司推出1-3度电系列产品，并开发低温型钠电满足北方需求，开发快充型钠电满足快递快充需求。公司钠电产品具有五大核心优势：①长循环寿命：在45℃高温环境下，实现6C倍率充电循环超过15000次，容量保持率仍高于98%；②低使用成本：实际路测表明，燃油车换用派能科技钠离子电池后百公里油耗可降低5%至15%，每年可节省油费超过1400元；③高安全保障：在针刺、过充、过放、挤压、热失控等极端安全测试中，钠离子电池均不起火、不爆炸；④强环境适应能力：在-20℃的极端低温条件下，钠离子电池容量保持率仍超过九成，解决了用户冬季起动难的问题；⑤助力整车节能减耗：钠离子电池采用轻量化设计，充放电效率高，有助于降低整车能耗，达成节能减排目标。据派能科技董事/总裁谈文透露，目前公司正在攻关无负极钠电技术，至今已完成近10轮技术验证，相关产品已初步落地，现阶段正在开展PACK及系统级产品验证，无负极钠电技术预计明后年正式推向市场。谈文提到，成本偏高是当前行业钠电应用的核心痛点，而无负极钠电技术实现成熟商用后，将大幅降低钠离子电池综合成本。在实际应用中，公司采用钠电与锂电混用的模式，精准匹配不同储能场景需求，依托钠电优异的倍率性能与低温性能适配大功率放电场景，依托锂电适配4小时以上长时储能放电场景。“综合来看，我们判断钠电未来拥有广阔发展空间，因此会持续加码布局。目前公司在钠电领域的整体研发投入累计已超过1亿元。”谈文如是说。锂电巨头大举扩产钠电池产能安徽派能能源在环评文件中表示，公司产品目前主要应用于用户侧储能和通信基站备用电源领域，随着新型储能相关配套政策的实施，钠离子储能电池市场将进一步扩大；此外，由于钠离子电池具有低成本、低温、安全性等优势，国家将钠电池列为新型储能重点发展方向，通过出台专项行动计划、配套财政补贴与行业标准予以全产业链扶持。在此背景下，安徽派能能源拟于现有项目西南角新征用地93亩，规划建设一条2GWh钠离子单体方形铝壳电芯产线用于柔性生产计划，在满足储能市场快速增长需求的同时亦能满足小批量订单、新产品实验订单（含小动力钠电）的生产要求，优化公司产能配置。2026年被视作钠离子电池规模化量产元年，包括派能科技在内的国内头部锂电企业正掀起一轮钠电池产能建设浪潮。龙头宁德时代已投资50亿元，在其福鼎基地扩建钠离子生产线，年产能40GWh，该项目已于今年5月7日进行环评公示，项目总投资50亿元。此外，山东济宁基地已规划160GWh的钠离子电池产能。宁德时代的量产线已全面调试并投入运营，随时准备支持大规模部署。比亚迪徐州钠离子电池生产基地规划年产能30GWh，一期15GWh已批复，于2024年初开工。维科技术南昌基地二期项目已开工，作为公司钠电核心产能载体，此次扩产将进一步巩固其在钠电池领域的行业领先地位。今年4月29日，南昌维科还备案了3GWh高性能钠离子储能电池建设项目。国轩高科“钠晨电池”钠离子电池“发布即量产”，目前已在唐山、合肥基地已建成GW级钠电池产线，实现了从实验室到规模量产的跨越。“亿纬钠能总部”项目已正式动工，规划2GWh焦磷酸磷酸铁钠电池（NFPP）。今年1月20日，惠州亿纬锂能新能源产业园二期项目环境影响评价文件公示，项目总投资15亿元，规划打造为钠离子电池与AI创新园区，主要从事钠离子电池研发、制造及机器人装备研发，年产钠离子电池456万套/年（70680万Ah、2GWh），研发机器人530台。锂电巨头集体押注钠电池，背后是资源安全、成本优势与市场需求三重驱动。锂资源储量有限且价格波动剧烈，而钠元素地壳储量丰富、获取成本低廉，发展钠离子电池能够有效对冲锂价波动风险，完善国内电池供应链安全底座。经过多轮技术迭代，钠电池在低温性能、安全属性上具备突出优势，-30℃极端环境下仍可保持较高容量输出，热稳定性表现优异。随着规模效应逐步显现，钠电池电芯成本持续下探，逐步逼近磷酸铁锂的成本水平，经济性拐点已经到来。锂电巨头大举扩产钠电池，既是企业开辟第二增长曲线的战略选择，也将推动我国储能与动力电池产业进一步多元化，夯实新能源产业的全球竞争优势。一键三连「点赞」「转发」「小心心」欢迎关注起点钠电！— 完 —起点钠电交流群72-码上入群往期推荐:天能/维科/华阳/隐功/金钠/滇钠/宇恒/汉行/同兴/希倍/晟钠/纳甘/鑫钠/禾电/钠科/兆瑞/九续/扬广/钠远/科隆/茹天/科迈罗齐聚起点钠电论坛钠电赛道再添巨头，又一储能企业入局放量在即！一汽解放钠电重卡车型公示点击阅读原文，即可报名参会！,,,,pending
8.28，深圳 | 汉行科技 执行董事 林子舜将出席第十一届起点钠电论坛并发布主题演讲报告,起点钠电,起点钠电,"RIOnews API, 钠离子电池, 钠电, 产品发布, 发布, 发布会",normal,2026-08-13T18:20:10+08:00,,全链路突破 规模化质变！2026 年 8 月 28 日，由起点研究、起点钠电主办的“2026第十一届起点钠电论坛暨全球钠电TOP10排行榜发布会”将在深圳宝安登喜路国际酒店2楼国际厅盛大启幕。本次盛会汇聚历届重磅龙头企业、行业专家、投资机构齐聚，依托SPIR全年持续跟踪的一手产业链数据库，深度复盘2026上半年行业运行全貌，系统研判未来五年技术、市场、格局演化趋势，是为全产业链提供数据参考、技术碰撞、商务对接一体化行业盛会。活动组委会最新确认，汉行科技 执行董事 林子舜将发表《硬碳负极的开发及应用》主题演讲。嘉宾介绍公司简介上海汉行科技有限公司是一家专注于钠离子电池技术研发与产业化的高新技术企,http://mp.weixin.qq.com/s?__biz=Mzg4NjgzMzg3NA==&mid=2247518600&idx=3&sn=d9cf816c87f2a7b0eed53e9bf5d6b62a,,全链路突破 规模化质变！2026 年 8 月 28 日，由起点研究、起点钠电主办的“2026第十一届起点钠电论坛暨全球钠电TOP10排行榜发布会”将在深圳宝安登喜路国际酒店2楼国际厅盛大启幕。本次盛会汇聚历届重磅龙头企业、行业专家、投资机构齐聚，依托SPIR全年持续跟踪的一手产业链数据库，深度复盘2026上半年行业运行全貌，系统研判未来五年技术、市场、格局演化趋势，是为全产业链提供数据参考、技术碰撞、商务对接一体化行业盛会。活动组委会最新确认，汉行科技 执行董事 林子舜将发表《硬碳负极的开发及应用》主题演讲。嘉宾介绍公司简介上海汉行科技有限公司是一家专注于钠离子电池技术研发与产业化的高新技术企,全链路突破 规模化质变！2026 年 8 月 28 日，由起点研究、起点钠电主办的“2026第十一届起点钠电论坛暨全球钠电TOP10排行榜发布会”将在深圳宝安登喜路国际酒店2楼国际厅盛大启幕。本次盛会汇聚历届重磅龙头企业、行业专家、投资机构齐聚，依托SPIR全年持续跟踪的一手产业链数据库，深度复盘2026上半年行业运行全貌，系统研判未来五年技术、市场、格局演化趋势，是为全产业链提供数据参考、技术碰撞、商务对接一体化行业盛会。活动组委会最新确认，汉行科技 执行董事 林子舜将发表《硬碳负极的开发及应用》主题演讲。嘉宾介绍公司简介上海汉行科技有限公司是一家专注于钠离子电池技术研发与产业化的高新技术企业。自2015年成立至今，公司致力于推动钠离子电池的技术进步和市场应用，聚焦普鲁士蓝正极材料、煤基硬碳负极材料的前沿路线，坚持全栈自研，完成了山东正极材料基地、新疆负极材料基地、浙江电芯智造和系统集成基地的全产业链布局。公司产品涵盖起动/起停、储能、通信和数据中心备电等细分领域。已申请专利100余项，其中授权49项，同时参与多项钠电国标、行标起草工作，先后荣获全国首批钠离子电池循环寿命测评参与单位、钠电行业最具投资价值奖、上海市中小企业创新奖等多个奖项。上海汉行立足钠电材料科技，秉持守正、创新的价值观，服务国家能源战略，力争成为全球领先的钠电材料技术的开拓者。起点钠电交流群72-码上入群点击阅读原文，即可报名参会！,,,,pending
今日4篇 Nature - 南大谭海仁、浙大冯建东、复旦张远波、华东师大叶海峰,高分子科技,高分子科技,"RIOnews API, 聚合物新材料, 电池, 产品发布, 发布, 全新, 展出, 学术研究, 大学, 教授, 科学院, 研究所, 期刊",normal,2026-08-13T18:17:45+08:00,,"点击上方“蓝字” 一键订阅2026年8月12日，南大谭海仁教授团队、浙大冯建东教授团队、复旦张远波团队、华东师大叶海峰教授团队在 Nature 上分别发表4篇研究论文。现分别介绍如下：（1）基于羧酸铅材料的表面钝化新策略南京大学谭海仁教授、肖科助理教授近日，南京大学谭海仁教授、肖科助理教授课题组联合仁烁光能产业化团队，开发出一种基于羧酸铅材料的表面钝化新策略，成功制备出认证效率达22.0%（0.72m²全面积）的钙钛矿光伏组件，并通过IEC61215/IEC61730全序列可靠性测试；大型地面电站实证运行表明，钙钛矿单位发电量优于同场址的晶硅组件。2026年8月12日, 研究工作以 “ Lea",http://mp.weixin.qq.com/s?__biz=MzA5NjUyNjc5Ng==&mid=2651657977&idx=1&sn=e5ee94a4b34dea98d05b9dd00b8854d2,,"点击上方“蓝字” 一键订阅2026年8月12日，南大谭海仁教授团队、浙大冯建东教授团队、复旦张远波团队、华东师大叶海峰教授团队在 Nature 上分别发表4篇研究论文。现分别介绍如下：（1）基于羧酸铅材料的表面钝化新策略南京大学谭海仁教授、肖科助理教授近日，南京大学谭海仁教授、肖科助理教授课题组联合仁烁光能产业化团队，开发出一种基于羧酸铅材料的表面钝化新策略，成功制备出认证效率达22.0%（0.72m²全面积）的钙钛矿光伏组件，并通过IEC61215/IEC61730全序列可靠性测试；大型地面电站实证运行表明，钙钛矿单位发电量优于同场址的晶硅组件。2026年8月12日, 研究工作以 “ Lea","点击上方“蓝字” 一键订阅2026年8月12日，南大谭海仁教授团队、浙大冯建东教授团队、复旦张远波团队、华东师大叶海峰教授团队在 Nature 上分别发表4篇研究论文。现分别介绍如下：（1）基于羧酸铅材料的表面钝化新策略南京大学谭海仁教授、肖科助理教授近日，南京大学谭海仁教授、肖科助理教授课题组联合仁烁光能产业化团队，开发出一种基于羧酸铅材料的表面钝化新策略，成功制备出认证效率达22.0%（0.72m²全面积）的钙钛矿光伏组件，并通过IEC61215/IEC61730全序列可靠性测试；大型地面电站实证运行表明，钙钛矿单位发电量优于同场址的晶硅组件。2026年8月12日, 研究工作以 “ Lead carboxylates passivation for meter-scale perovskite solar modules ” 为题发表在Nature上。南京大学现代工程与应用科学学院23级博士生徐冬冬为论文的第一作者；南京大学先进制造学院肖科助理教授和南京大学现代工程与应用科学学院谭海仁教授为论文的共同通讯作者。这也是南京大学谭海仁教授团队发表的第9篇NS正刊。研究背景钙钛矿太阳能电池凭借高效率、低成本、可溶液法制备等优势，被视为最具潜力的下一代光伏技术。经过十余年的发展，目前钙钛电池实验室效率已经可以与传统的晶体硅太阳能电池相媲美，而表面钝化技术正是支撑这一跨越的核心手段之一。目前，铵基卤化物是该领域应用最广泛的表面钝化材料，在小面积器件上表现优异。然而，当器件尺寸从实验室级别向商业化组件放大时，这类材料的局限性逐渐显现：一方面，其对湿度高度敏感，通常需在惰性气氛中操作，难以适应大规模生产所要求的开放环境；另一方面，其钝化效果高度依赖于钙钛矿薄膜的表面性质，在大面积制备中实现均匀覆盖面临严峻挑战。此前，团队在钙钛矿大面积结晶调控方面已取得重要突破，实现了平米级组件的均匀制备，相关成果发表于《科学》(Science 390,1021-1028(2025)）。然而，当时组件的认证效率仅为17.2%，远低于高效晶硅组件。究其根源，在于钙钛矿薄膜表面缺陷密度高，而传统铵基卤化物钝化材料既难以在大面积上均匀钝化，又易在空气环境中受潮分解，钝化效果大幅衰减。因此开发适用于大面积组件的表面钝化新策略，已成为钙钛矿光伏产业化的关键课题。另辟蹊径：开发钙钛矿“有机盐上浮技术”为突破均匀钝化瓶颈，研究团队从传统有机胺盐表面钝化机制中获得启发 - 传统方法依赖于铵基卤化物与钙钛矿表面残留的PbI2反应，生成低维钙钛矿或与PbI2配位结合，从而降低表面缺陷态密度。反其道而行之，提出一个全新思路：若想采用化学性质稳定的铅盐作为新型钝化材料，需预先在钙钛矿薄膜表面构建一层富含有机盐的“反应平台”。为此，首先系统探究了钙钛矿在大面积结晶过程中的表面特性，并系统比较了不同钙钛矿原材料在各类溶剂中的溶解度，结果发现，不同原料在同一溶剂中的溶解行为差异显著。基于这一发现，开发出一种自发的“有机盐上浮”技术。该技术采用由2-甲氧基乙醇、1,3-二氧戊环和二甲基亚砜按特定比例混合而成的高饱和蒸气压溶剂配方，结合真空辅助结晶工艺，可在钙钛矿薄膜表面自然形成一层富含碘化甲脒的“保护基底”，为后续铅盐钝化提供了理想的反应界面（图1）。图1. 钙钛矿薄膜的表面状态。a)FAI和PbI2在2-Me、DMF和DMSO中的溶解度，以及这三种溶剂在室温下的饱和蒸气压(SVP)。b)低SVP和高SVP溶剂体系制备的钙钛矿薄膜的TOF-SIMS表面离子面扫图。c)钙钛矿薄膜的TOF-SIMS深度剖面图。d)纯FAI以及低-SVP和高-SVP溶剂体系制备的钙钛矿薄膜的 I 3d XPS谱图。e)低SVP和高SVP溶剂体系制备的钙钛矿薄膜的GIWAXS图谱。破解大面积钝化难题：羧酸铅表面钝化新策略在上述碘化甲脒表面富集的钙钛矿薄膜基础上，进一步采用有机铅盐进行表面处理。这一方法不仅使钝化剂在大面积组件上涂布更加均匀，还显著提升了组件在潮湿、高温和持续光照环境下的运行稳定性。研究表明，羧酸铅（LCP）的钝化机制与传统铵基钝化剂截然不同。LCP并非简单地覆盖在钙钛矿表面，而是通过化学反应与钙钛矿形成牢固的化学键合，实现了界面能级的良好匹配和更高效的电荷传输（图2）。图2. 不同类型的钙钛矿表面钝化剂。a)铵基卤化物钝化剂（AHP）与羧酸铅钝化剂（LCP）的狭缝涂布工艺示意图。b)AHP与LCP处理的商业化光伏组件（1.2 m×0.6 m）的光致发光（PL）面扫图。c)水滴在钙钛矿薄膜表面的接触角图像。d)AHP与LCP处理的钙钛矿薄膜在85°C、环境湿度（30%–50% RH）下热老化后的XRD图谱。图中Low-SVP和High-SVP分别指代溶剂体系DMF:DMSO=9:1（体积比）和2-Me:DOL:DMSO=6:3:1（体积比）；AHP和LCP分别指代EDAI2和Pb(OA)2。平米级商用组件效率与可靠性双突破基于上述技术路线，制备了孔径面积为810 cm²的中试级钙钛矿组件，认证效率达到24.0%。同时，进一步制备了0.72 m²（1.2 m×0.6 m）的商业尺寸组件，全面积认证效率达22.0%，稳态输出功率158.4 W，创下平米级钙钛矿组件的最高效率纪录（图3）。图3. 钙钛矿太阳能组件的性能表现。a)有无LCP处理的PSM（孔径面积810 cm²，每组n=10）的光伏性能统计对比。散点为原始数据；箱线图展示四分位距，中线为中位数；须线表示5%–95%百分位。b)最佳性能组件的I-V曲线，插图为对应曲线的光伏参数。c)LCP改性PSM（总面积0.72 m²）的光伏性能统计分布。d)总面积0.72 m²的最佳LCP改性组件的I-V曲线。e)最佳组件在最大功率点追踪（MPPT）下超过两小时的稳定输出功率曲线。更令人振奋的是，该组件在可靠性方面取得了重要突破。在85%相对湿度/85°C的湿热老化测试中，经过1300小时后，采用传统铵基钝化剂的组件效率下降了39%，而采用羧酸铅钝化策略的组件仅下降2%。在-40°C至85°C的热循环测试（300次循环）中，羧酸铅改性组件几乎无效率损失。组件通过IEC61215/IEC61730全序列可靠性测试，标志着钙钛矿光伏组件在商业化应用中迈出了关键一步（图4）。图4. 平米级光伏组件的可靠性测试。a)封装组件在ISOS-D-3湿热老化协议下的测试结果；b)封装组件在ISOS-T-3热循环老化协议下的测试结果（每种条件下各5块组件）。c)封装组件在模拟AM 1.5G光照、环境湿度30%–50%条件下的最大功率点追踪（MPPT）曲线，测试期间组件温度升至60–65°C。d)经历ISOS-D-3湿热老化测试后（条件如图a所示），钙钛矿薄膜的俯视图（上）与截面图（下）SEM图像，所有图像中标尺均为1 μm。e)经历ISOS-D-3湿热老化测试后（条件如图a所示），钙钛矿薄膜的XRD图谱。实证结果：钙钛矿光伏电站发电性能超越晶硅为验证钙钛矿组件在实际运行环境中的表现，在同一个大型地面电站内分别安装了1MW的钙钛矿光伏系统和3.5MW的晶硅（TOPCon）光伏系统，开展了为期三个月（2026年3月至5月）的对比监测。监测数据显示，钙钛矿系统在日均单位发电量上持续优于晶硅系统。3月、4月和5月的月度单位发电增益率分别为3.42%、3.79%和5.81%，且随着气温升高和光照增强，钙钛矿组件的发电优势愈发明显。这一结果充分验证了钙钛矿光伏技术在真实户外条件下的商业化可行性（图5）。图5. 钙钛矿与晶硅光伏电站的户外运行性能对比。a)MW级钙钛矿光伏电站。b)钙钛矿和晶硅光伏电站的月度单位发电量（左）及钙钛矿发电增益（右）。本研究工作还得到了南京大学固体微结构物理全国重点实验室、关键地球物质循环前沿科学中心和江苏省物理科学研究中心的指导与支持，受到了国家重点研发计划、国家自然科学基金、江苏省自然科学基金、中国博士后科学基金等多个项目的资助。原文链接https://www.nature.com/articles/s41586-026-10994-7（2）基于化学反应发光的超分辨成像方法浙大冯建东教授、哈工大赵唯淞教授在生命科学研究中，荧光超分辨显微术打破了传统光学衍射极限，为动态追踪细胞器相互作用与分子复合物装配等生命过程提供了纳米级视角。然而，该技术高度依赖于高功率激发光，其引发的光漂白与光毒性等激光效应极易损伤细胞，成为实现长时程、高时空分辨率活细胞观测的本征瓶颈。化学发光无需外源光激发，通过反应物分子间的化学反应直接生成激发态发光，从源头上免除了光毒性干扰，是突破这一困境的理想替代方案。但传统化学发光面临低光子发射极大地制约了生物成像时空分辨率。此外，由于不需要光激发，经典依赖光调制的超分辨方法难以直接应用，如何实现反应发光超分辨成为挑战。荧光涨落超分辨方法为计算超分辨提供了一种选择，但面对低光子产率的化学反应体系，光子利用率与超分辨效果仍十分有限。因此，如何利用微弱的化学发光信号打破衍射极限，实现低光毒性、长时程的超分辨成像，是当前生物成像领域亟待攻克的核心难题。2026年8月12日，浙江大学冯建东教授团队与哈尔滨工业大学赵唯淞教授团队在Nature上发表题为“Luminescent-reaction-enabled super-resolution imaging”的研究论文。浙江大学化学系博士后朱文鑫、浙江大学化学系博士生张弛、哈尔滨工业大学仪器学院博士生桂家辉为本文的共同第一作者, 冯建东教授、赵唯淞教授为共同通讯作者。该工作彻底摆脱了经典显微镜对“光激发”的依赖，转而利用化学反应产生的光信号，开发出一套全新的、无需外部光源的超分辨成像方法，为光学显微成像领域推开了一扇新的大门。什么是光学显微？你还记得中学生物课上那片薄薄的洋葱内表皮吗？在载玻片上滴一滴清水，展平薄膜，盖上盖玻片，再用碘液轻轻染色……当显微镜底部的光源点亮时，一束光透过样品，你的眼前浮现出一排排整齐排列的长方形洋葱表皮细胞 - 你初次用显微镜探索微观世界的经典一幕便完成了。那时的你是否会想：如果我有一台更高级的显微镜，是不是就能看到更细微、更清晰的微观世界？然而，1873年，德国物理学家恩斯特·阿贝就给出了答案 - 不行。传统光学显微镜的分辨率永远无法超过光波长的一半，也就是约200纳米。小于这个尺度的细节，会因光的衍射效应模糊成一团，细胞内的生物分子、精细结构都无从分辨。直到突破阿贝衍射极限的超分辨荧光显微镜被发明并摘得2014年诺贝尔化学奖，人们才将光学显微带入了纳米时代。而当我们跳出光学显微这个细分领域，站在更大的显微分析仪器的视角来看，则会发现一个更加普遍的科学逻辑 - 几乎所有的现代显微与分析仪器，都遵循着“光输入 - 相互作用 - 光输出”的检测范式。荧光显微镜输入激光激发荧光分子发光，电子显微镜输入高能电子束解析精细结构，红外光谱仪输入红外光识别化学键……百年来，正是依靠这套“外源光（含电磁波）输入作用”的探测逻辑，科学家们得以一步步解码肉眼不可见的微观世界。然而，外源输入的除了照亮微观世界的“光”，很多时候还会伴随着破坏性，不可避免地对样品本身带来影响。对于活细胞来说，这种影响则尤为显著。比如，高分辨成像领域的“神兵利器” - 电镜，很难做活细胞观测，因为没有细胞能在高能电子束下存活下来。而可以做活细胞成像的超分辨荧光显微镜，却存在光漂白、光毒性的先天局限，其所用到的高能激光，在点亮纳米尺度细节的同时，也在强干扰细胞的正常生理状态，导致人们始终无法通过这种方式完成活细胞的长时程观测。超分辨荧光显微镜所用的高能激发激光换言之，过去在活细胞成像领域，“看得清”和“看得久”可以说是鱼和熊掌不可得兼。要打破这一困局，或许需要从根本上改写成像机制，跳出“外源光成像”的固有框架。那么，如果不从外部输入激发光，如何才能看得清呢？答案似乎呼之欲出，自然是向内求索 - 化学反应甚至生命体本身就能够发光。冯建东团队的探索，正是从这里破局。从开创成像新概念到证明新范式然而，科学探索从来都是知易行难，向内求索之路并不容易。化学反应发光非常微弱很难进行高分辨显微成像。为了能通过细胞发出的微弱的光看清楚细胞的结构，团队经历了一场漫长的科研马拉松。2018年冯建东回国后，开始从无到有一步步搭建自己的实验室。2021年，团队首次证明了“用电化学发光反应实现单分子超分辨成像”的可行性。该成果被国际同行在《Nature》专文评价为“开创了基于化学途径的超分辨显微镜全新成像概念”。然而，新方法虽然具有开创性意义，但电化学发光场景有限。又经过五年的深入探索，团队在原有研究基础上持续攻关，推出了一套通用的化学反应发光超分辨成像框架，将成像模态从单一的电化学发光拓展至化学发光、生物发光三类反应体系，首次实现了活细胞多种细胞器的三维、高时空分辨成像，空间分辨率达100纳米，可与当前主流活细胞荧光超分辨技术相媲美。审稿人评价这个工作“证明了一个新的范式：基于（生物）化学的超分辨显微镜”。RIED显微镜观察细胞骨架更具突破性的是，这套新方法不仅解决了“看得清”的问题，同时也解决了荧光显微镜所面临的底层制约逻辑：高分辨率的获得需要强激光激发，而激光会杀死细胞。新方法得益于无外部激光激发的天然优势，活细胞成像不用再面临光漂白、光毒性等风险，其连续成像时长较同等条件下的荧光显微技术提升了上百倍。团队通过这个新方法首次完整追踪了单个线粒体跨细胞转移的动力学过程。“使用传统的荧光显微镜，激光照到细胞上，最长十几分钟荧光分子就漂白了，功率加大还会对细胞活性造成不可逆的损伤。而我们的连续观测可长达41个小时，细胞状态依然很好，成像画面依然清晰。”论文第一作者、化学系博士后朱文鑫介绍，“观测时长的量变会引发活细胞成像的质变，我们相信这项技术未来还会有更广阔的应用空间。”SIM-RIED的成像效果对比用化学造镜，观化学之微“能够‘看清’化学反应中这么微弱的光，得益于多学科交叉的合作研究。”论文共同第一作者、化学系博士生张弛介绍，“比如我原本是学习化学生物学专业的，开展这项研究要求我必须学会同光学显微、计算成像的伙伴进行合作。”从实验室的布局也能看出冯建东团队浓厚的跨学科特色。推门而入后，首先映入眼帘的是实验台上排列陈设的化学生物试剂与设备，它们似乎都显示着这是一间常规的化学生物实验室。而仅仅相隔一条走廊对门的实验室，则画风突转。超净实验室中一字排开冯建东自主设计、研制的多套大型光学系统 - 激光器、光路组件、微波射频装置、光学显微镜依次排列，冷色调的激光在实验台上闪动……冯建东课题组的化学生物实验室、光学实验室一角“化学反应发出的光虽然微弱，但其背景是完全黑暗的，就像萤火虫的光虽然微弱，但我们在黑夜中可以很容易看见它一样。”冯建东解释道。片言可以明百意，微光可以蕴千机。实际上，化学反应发光虽然强度低，原本制约了成像分辨率，但其过程却伴随着丰富的信息，比如发光信号的涨落、衰减变化等。为最大化捕获并利用化学发光信号，团队创新性地引入了“时空孤立采样”策略，高效收集在时间和空间上均呈现高波动特征的反应光子信号。这些化学过程信息被完整记录下来后，反过来可以提升成像分辨率。冯建东团队与哈尔滨工业大学赵唯淞教授团队合作，赵唯淞教授与博士生桂家辉为成像分辨率的突破提供了化学发光定制化的算法支撑。这次跨学科的成功合作，让化学、光学、生物学和计算科学彼此赋能，最终催生了这项颠覆性的显微技术。 “我给这项技术取名‘RIED’（Reaction-enabled super-resolution Imaging via Entropy-weighted correlation combined with Deconvolution，结合熵加权关联与反卷积的反应驱动超分辨成像），发音同英文单词‘READ’（阅读）。我希望它可以帮助我们更好地读懂微观的生命过程。” 冯建东说。回国近9年，他始终在化学测量、量子物理、光学成像、生命科学交叉领域的基础研究无人区寻找突破。博观而约取，厚积而薄发，这种“极综合交叉”的研究方式，为他跳出传统光激发显微成像框架提供了关键支撑。“传统意义上我们理解显微镜，都会认为这是一个光学或者物理的事情，而我想用化学的方法来制造显微镜。”冯建东提道。经过长期的思考与探索，冯建东提出了自己的研究理念 - 用化学造镜，观化学之微，这也是对这项新技术最精准的概括。图 文 介 绍首次在化学反应发光体系实现三维、大视野的超分辨生物成像传统化学反应发光由于信号微弱，通常不得不通过延长曝光时间来换取光子通量，这不仅牺牲了时间分辨率，更让成像始终停留在衍射受限的模糊阶段。通过设计高效率反应发光体系，构建熵加权相关累积量结合解卷积的超分辨重建框架，研究团队首次实现对细胞微管精细网络结构的反应发光成像，并将空间分辨率突破至97 nm。除此以外，在时间分辨率上也实现了飞跃，仅需2 s即可精准还原单层微管的精细空间分布。基于这一高时空分辨率的突破，RIED进一步展现出强大的多维成像能力，通过结合z轴精密扫描，首次实现了ECL, CL发光模态下多细胞器的三维空间结构重构，z轴分辨率达221 nm；同时，极高的时间分辨率大幅提升了成像通量，仅需 18 s 便可完成0.53 × 0.53 mm² 超大视野的快速扫描。图1. RIED超分辨成像示意图及性能表征。比例尺：5 µm。应用1：界面灵敏的细胞蛋白精准定量在实现化学反应发光超分辨成像的基础上，研究团队进一步拓展了RIED技术在复杂生物场景中的应用潜力。针对细胞-基质界面蛋白的定量难题，研究团队将 RIED-ECL与同样基于涨落重构原理的传统荧光超分辨技术（SACD）进行了深度对比。结果表明，由于RIED-ECL彻底摆脱了外源激发光的背景噪声干扰，且发光反应严格限定在电极界面的微米尺度内，该方法对界面低浓度蛋白的检测展现出极高的信噪比与界面特异性。其检出限相比传统荧光超分辨降低了8倍，显著提升了对极低丰度界面蛋白的定量精准度。这一优势使得RIED-ECL在疾病早期微量生物标志物的超灵敏检出与细胞粘附微环境的精细解析中展现出应用前景。图2. RIED-ECL的界面蛋白高灵敏定量应用。比例尺：a, 5 µm；b, 1 µm。应用2：长时程活细胞连续动态追踪生物发光（BL）作为一种内源性的天然发光机制，具备低毒性与高生物相容性，是实现无扰动、原位观察细胞生理活动的理想工具。研究团队基于RIED-BL，成功打破了荧光成像在活细胞长时程观察中的时间壁垒，实现了长达41小时的连续超分辨活细胞成像。不仅精准捕获了单细胞内线粒体网络在超长时程下的群体物理特征（如尺寸、数量及运动速度），更首次原位直接观测到细胞间线粒体转移的完整动态过程。这一突破性应用克服了传统荧光超分辨在长时程观察中的光毒性限制，为深入揭示线粒体跨细胞通讯及相关的细胞代谢与疾病机制提供了直接、高时空分辨率的科学工具。图3. RIED-BL用于活细胞线粒体的长时程连续动态追踪。由于避免了光漂白与光毒性，RIED-BL相较于活细胞荧光超分辨SIM的连续成像时间提升了上百倍，允许连续观察细胞间的线粒体转移过程。比例尺：a, 3 µm（主图），1 µm（子图）；d，2 µm。RIED从底层逻辑上突破了现有超分辨成像的激发方式，从而巧妙规避了现有荧光超分辨技术在“高时空分辨率、成像深度与光毒性”之间的权衡困境。作为一种通用的化学反应发光成像新框架，RIED具备极高的拓展性与通用性，兼容电化学发光、化学发光及生物发光等多种反应体系，为无光激发的超分辨成像开辟了全新路径。使用者完全可以根据具体的生物学问题与应用场景，按需定制专属的化学发光探针与反应体系。生命成像的发展轨迹，已经历了从“看得见”到“看得清”的发展演变。而这一兼具“看得清”与“看的久”的全新成像策略，打破了光毒性对长时程生命过程探索的枷锁，相信随着该技术的推广与深化应用，将为解析生命动态过程、揭示疾病发生机理提供更为强有力的底层观测工具。原文链接https://www.nature.com/articles/s41586-026-10889-7（3）首次制备单铜氧层高温超导体复旦张远波教授、阮威教授和中科大陈仙辉教授高温超导电性是未来高效电力传输和高性能电子器件发展的重要方向, 但其微观机理始终是凝聚态物理的“皇冠之谜”。2026年8月12日, 复旦大学物理学系张远波教授团队与合作者以 “ Superconducting 2D cuprate with a single CuO₂ plane ” 为题在Nature上发表研究论文。复旦大学物理学系张远波教授、阮威教授和中国科学技术大学陈仙辉教授为论文的共同通讯作者。研究合作单位包括复旦大学、中国科学技术大学、英属哥伦比亚大学、浙江大学、中国人民大学、上海交通大学、中国科学院物理研究所、魏茨曼科学研究院、清华大学等。该研究成功将铜基高温超导体削薄至仅含一个超导平面 - 即单个CuO₂面。这一“极限操作” 不仅证实了高温超导的二维本质, 更在超导-绝缘体转变的临界点, 发现了奇异的“反常金属态”和量子临界现象, 为研究高温超导机理提供了全新的量子实验平台。逼近物理极限：从“双层”到“单层”的跨越超导体，是一类在特定转变温度之下电阻为零且呈现完全抗磁性的材料，能广泛应用于电力传输和储能、医学成像、磁悬浮列车、量子计算等领域，具有重要的科学研究和技术应用价值。1986年，约翰内斯·贝德诺尔茨（J. Georg Bednorz）和卡尔·亚历山大·米勒（K. Alex Müller）在镧钡铜氧化物（La-Ba-Cu-O）中发现了高温超导现象，临界温度高达30 K（“K”为热力学温度单位“开尔文”，30 K = -243.15 ℃），该成果获得了1987年诺贝尔物理学奖。此后，科学家对铜基高温超导体展开了深入研究，已发展出数十种材料体系。这些铜基高温超导体虽在化学组成和超导临界温度上各不相同，却都具有一大共同特征 - 超导性诞生于一层极薄的原子级二维铜氧平面。然而，按照物理学传统理论，在二维世界里，取得超导这样的“有序状态”是非常不稳定的，极易被热涨落破坏。为何高温超导能在二维铜氧面上稳定存在？这是理解高温超导机理的关键。要直面这一问题，最直接的策略就是把材料做薄到极致，甚至缩减到原子级别的厚度，去观察超导性的变化。然而，铜氧化物原子层极为脆弱，易受空气与加工工艺影响，氧含量也难以稳定精控，给保持本征性质的材料制备和测量带来很大挑战。单层材料2019年，张远波团队与合作者曾制备出单层Bi2Sr2CaCu2O8+δ，并首次提供直接的实验证据，证明二维极限下的单层铜基超导体具有和块体铜基超导体相同的超导特性，揭示了高温超导的二维本质，研究成果发表于Nature。此次，团队更进一步，在前期研究基础上，成功制备出只含单个CuO₂面的极限二维铜氧化物超导体 - 单层Bi2Sr2CuO6+δ（Bi‑2201）。“我们首次将铜氧化物的厚度从双层推进至真正的单层结构，实现了对铜氧化物超导属性的极限验证。实测数据强有力地支持了‘铜氧化物高温超导是强二维现象’的观点，为这一长期假设提供了关键实验证据。”张远波表示。自主研发，打造“原位调控”的科研利器要制备并测量极薄的原子级二维平面，需要攻克材料脆弱、易受空气与加工工艺影响、氧含量难以稳定精控等数道实验难关。面对市场上缺乏专用设备的困境，张远波课题组走上了一条自主研发仪器的道路。实验室仪器团队在惰性气氛的低温环境中完成了样品解理与器件制备，结合微电极冷焊，解决了单层铜氧化物易被空气和水汽破坏的难题。更重要的是，发展了具有极高精度的掺杂调控技术，实现了对氧含量的可逆调节。“我们一边测量，一边通过控制臭氧浓度和温度来精确调节材料的氧含量。”通讯作者之一、复旦大学物理学系教授阮威介绍。凭借这一“原位调控”技术，团队实现了高达δp≈0.0005的掺杂分辨率，得以观测从莫特绝缘相到整个超导穹顶的完整物理相图。基于前沿实验仪器与创新技术，他们发现，单层材料的最佳超导转变温度比块体降低了大约10%，这说明厚度确实会影响超导温度。但与此同时，单层材料完整",,,,pending
椰壳进口难、竹基杂质多，煤基硬碳如何补位钠电负极？,高工钠电,高工钠电,"RIOnews API, 钠离子电池, 钠电, 钠电负极, 宁德时代, 钠电池, 储能, 出货, GWh, 放缓, 订单, 海外, 政策",normal,2026-08-13T18:17:20+08:00,,煤基补位。钠电要放量，硬碳负极先过原料关。目前，主流的硬碳负极集中在椰壳、竹子等生物质路线。前者面临国内椰壳供应不足，进口难，无法支撑未来钠电池规模放量，后者面临得碳率低、灰分偏高等问题。高工产研（GGII）曾测算，国内椰壳资源最多仅能支撑约6.3GWh钠电需求。而海外椰壳则面临着气候问题、海运周期甚至是当地的环保政策等掣肘，供给存在不确定性。有相关机构进行测算，仅宁德时代签下的60GWh钠电订单，按照毛椰、椰壳、椰壳灰、硬碳逐渐递减的产出比，就已经需要72万吨的椰壳，或者说160万吨的毛椰。也有观点认为，宁德时代钠新电池选择的是无负极技术，不存在对硬碳的依赖问题。然而，目前无负极钠电存在循环,http://mp.weixin.qq.com/s?__biz=MzIwMDkyMDg2Mg==&mid=2247501789&idx=1&sn=a1f8b1f204a40bc3887461af9c21ea1d,,煤基补位。钠电要放量，硬碳负极先过原料关。目前，主流的硬碳负极集中在椰壳、竹子等生物质路线。前者面临国内椰壳供应不足，进口难，无法支撑未来钠电池规模放量，后者面临得碳率低、灰分偏高等问题。高工产研（GGII）曾测算，国内椰壳资源最多仅能支撑约6.3GWh钠电需求。而海外椰壳则面临着气候问题、海运周期甚至是当地的环保政策等掣肘，供给存在不确定性。有相关机构进行测算，仅宁德时代签下的60GWh钠电订单，按照毛椰、椰壳、椰壳灰、硬碳逐渐递减的产出比，就已经需要72万吨的椰壳，或者说160万吨的毛椰。也有观点认为，宁德时代钠新电池选择的是无负极技术，不存在对硬碳的依赖问题。然而，目前无负极钠电存在循环,煤基补位。钠电要放量，硬碳负极先过原料关。目前，主流的硬碳负极集中在椰壳、竹子等生物质路线。前者面临国内椰壳供应不足，进口难，无法支撑未来钠电池规模放量，后者面临得碳率低、灰分偏高等问题。高工产研（GGII）曾测算，国内椰壳资源最多仅能支撑约6.3GWh钠电需求。而海外椰壳则面临着气候问题、海运周期甚至是当地的环保政策等掣肘，供给存在不确定性。有相关机构进行测算，仅宁德时代签下的60GWh钠电订单，按照毛椰、椰壳、椰壳灰、硬碳逐渐递减的产出比，就已经需要72万吨的椰壳，或者说160万吨的毛椰。也有观点认为，宁德时代钠新电池选择的是无负极技术，不存在对硬碳的依赖问题。然而，目前无负极钠电存在循环较低的问题，在储能市场的大规模应用存疑。并不符合宁德时代60GWh钠电订单落子储能市场的前提。但在技术储备方面，宁德时代已攻克硬碳产气、铝箔粘接等问题。而在竹基方面，有企业在高工钠电产业峰会上直言，如果未来钠电池的需求达到百GWh，就算烧光浙江省的竹子都不够用。不仅如此，竹基硬碳产业化目前面临着一致性差、杂质较多等难题。一是，竹子作为天然植物，不同竹种、产地、竹龄的成分差异显著。其纤维素、木质素等含量波动，灰分和微量元素也不同。二是，竹基硬碳杂质处理增加了成本，且未来规模放量后会与造纸、竹制品等传统行业竞争竹材。除椰壳、竹子等生物质外，行业目前正积极推进煤基、树脂基等不同技术路线的产业化。其中，煤基硬碳在今年备受瞩目。一方面，煤炭是标准化工业品，储量丰富，受季节、地域和气候等影响较少，且得碳率高达45%，可应对未来钠电池GWh级别的生产需求。GGII预测，2026钠电出货有望突破6GWh，2028年冲击70GWh，2030年乐观预期可达150GWh。另一方面，煤基硬碳的制备工艺与现有化工产线兼容性好，尽管克容量较低，但在性能上接近椰壳硬碳，在成本上又不输竹基硬碳。在价格优势上，泾久新能源告诉高工钠电，一吨煤在500元左右，但一吨生物质原料在2000元左右。总的来看，煤基硬碳尽管长板不突出，但短板也明显，满足了钠电池产业在规模化前夕对原料稳定、成本可控、技术可快速复制的综合需求。从产业格局来看，目前已有泾久新能源、华熔科技、华阳股份、国科炭美、万华化学、中煤华利等企业押注煤基路线。就产业化而言，煤基硬碳目前已迈入千吨级。其中，国科炭美千吨线已通过验收，泾久新能源正在从千吨线向万吨线扩张。现阶段，钠电负极主流路线已大致确定集中在硬碳，但在不同前驱体选择上，尚未完全收束。无论是产业化遇堵的椰壳，还是今年呼声更大的竹基、煤基，都有机会凭借自身优势，找准商业化切口。形成椰壳固守高端，竹基、煤基主攻规模的分层供给，最重要的是先让规模跑起来。声明：本文章属高工钠电原创，转载请注明出处。商业转载请联系（微信号：zhaochong1213）获得授权。往期精彩■ NFPP降本放缓，磷酸铁涨价成最大堵点？■ 钠电H1出货：材料热，电池冷？■ 钠电替代铅酸，在多个场景迎来了真实订单内容含AI生成图片【高工钠电】煤基补位。,,,,pending
Nat. Commun.｜东南大学王金兰团队：构建 CSLLM 大模型，精准预测晶体可合成性与合成前驱体,AI赋能材料,AI赋能材料,"RIOnews API, 工具方法, model, 机器学习, AI",normal,2026-08-13T18:00:00+08:00,,"Ai赋能材料——————————————————题目：Accurate prediction of synthesizability and precursors of 3D crystal structures via large language modelsDOI：10.1038/s41467-025-61778-y通讯作者：Qionghua Zhou, Jinlan Wang文献分析工具：科应全球文献AI平台(www. scienceing. com)01◆全文速览◆ARTICLE AT A GLANCE· · · “结构稳定”并不等于“实验可合成”，也不能直接给出合成路线。作者构建晶",http://mp.weixin.qq.com/s?__biz=Mzg4OTc1MzY5Mw==&mid=2247510738&idx=2&sn=981c05e85a1406f9fd011c75f8af110a,,"Ai赋能材料——————————————————题目：Accurate prediction of synthesizability and precursors of 3D crystal structures via large language modelsDOI：10.1038/s41467-025-61778-y通讯作者：Qionghua Zhou, Jinlan Wang文献分析工具：科应全球文献AI平台(www. scienceing. com)01◆全文速览◆ARTICLE AT A GLANCE· · · “结构稳定”并不等于“实验可合成”，也不能直接给出合成路线。作者构建晶","Ai赋能材料——————————————————题目：Accurate prediction of synthesizability and precursors of 3D crystal structures via large language modelsDOI：10.1038/s41467-025-61778-y通讯作者：Qionghua Zhou, Jinlan Wang文献分析工具：科应全球文献AI平台(www. scienceing. com)01◆全文速览◆ARTICLE AT A GLANCE· · · “结构稳定”并不等于“实验可合成”，也不能直接给出合成路线。作者构建晶体合成大语言模型 CSLLM，以材料字符串表示晶体结构，分别微调可合成性、合成方法和前驱体三个 LLaMA3-8B 模型，准确率分别达到 98.6%、91.0% 和 80.2%。该框架还从 99,792 个理论结构中筛出 45,632 个可合成候选，并预测 23 类性质。其核心贡献是将“能否合成”转化为可连接实验路线的专用预测任务。02◆图文解析◆FIGURE-BY-FIGURE ANALYSIS· · ·图1｜CSLLM 任务链、数据集与材料字符串表示图1a展示任务链：晶体转为材料字符串后，模型依次判断可合成性、生成方法与前驱体，并预测 23 类性质。图1b表明 150,120 个样本覆盖七种晶系及不同元素复杂度。图1c-d以 70,120 个 ICSD 实验结构为正样本，并从 140 万余个理论结构中筛选 80,000 个低分负样本。图1e用化学式—方法—前驱体配对进行 LoRA 微调。材料字符串保留空间群、晶格参数、原子类型和 Wyckoff 位置，以 CaTiO3 为例仅需 102 个字符。这种可逆表示减少了 CIF/POSCAR 的坐标冗余，同时保留对称性信息。图2 | 可合成性模型的准确性、稳定性与计算效率图2a-b显示，模型在 15,012 个测试结构中仅误判 88 次，准确率与 F1 均为 98.6%；未经微调的模型则接近随机判断。图2c中十次推理最多只有 10 个样本结果不同，召回率波动不超过 0.2%。图2d表明，凸包能、声子谱及二者联合筛选的准确率分别为 74.1%、82.2% 和 90.0%，运行时间还高 1–3 个数量级。这说明实验可合成性还包含传统稳定性指标未覆盖的经验与路径信息，而非语言模型能够取代热力学和动力学计算。图3｜合成方法模型的类别分布与预测边界图3a-b显示，31,780 条数据中固相路线占 80.6%，模型总体准确率由 38.8% 提升至 91.0%。但固相、溶液和组合方法的准确率分别为 97.98%、51.42% 和 77.65%，类别不平衡明显。图3c显示十次推理的准确率波动不超过 0.4%。因此，该模型更适合常见固相体系的高通量初筛，不能将总体准确率直接外推到数据稀少的路线。图4｜前驱体预测、误差结构与反应能校验图4a–c显示前驱体完全预测正确率为 80.2%；其余结果主要是前驱体缺失、多余或类型错误，且多数只涉及一种前驱体。二元和三元体系成功率超过 91%，五至七元体系则降至 68.4%、56.8% 和 50.0%，说明元素复杂度和训练样本量直接限制模型能力。图4d表明十次推理的成功率波动不超过 0.3%。图4e通过补充副产物、平衡化学计量并计算反应能，对生成路线进行二次校验。物理化学约束是把语言模型输出转化为可用合成建议的关键。图5｜跨结构尺度泛化与 45,632 个可合成材料的性质筛选图5a显示，模型在 20,237 个训练集外实验结构上的平均准确率为 97.8%，对包含 100 个以上原子的大晶胞仍保持稳定。图5b汇总用于预测 23 类性质的 CGTNet 模型及其精度，其中实验条件敏感的复杂性质仍受数据一致性限制。图5c–f展示 45,632 个候选的带隙、体积模量、电导率和压电系数分布，其中 14,097 个候选的 HSE 带隙位于 1–3 eV。这些结果仍是预测候选，CSLLM 的定位是连接可合成性、路线与性质优先级的筛选器，最终需由实验验证。03◆结论与展望◆CONCLUSION AND OUTLOOK· · · 本文将可合成性、合成方法和前驱体推荐拆分为三个任务，并以材料字符串向大语言模型引入晶体结构信息。CSLLM 更接近实验者关心的“能否做、如何做”，但负样本并非均来自真实失败实验，对溶液和多元体系的能力也受数据限制，45,632 个筛选结果仍属于预测候选。后续应建立高质量失败合成数据，引入温度、压力、气氛和工艺步骤，并通过自动化实验闭环进行前瞻验证。可信的合成决策模型需要结构表示、数据边界和物理化学校验共同支撑。培训与学习机器学习赋能材料研发：高效发现无硼窄带蓝光 TADF 发射体并实现高性能 OLED 制备Nano Lett. | 深度学习辅助探索微纳米马达自驱运动行为【计算】Phys. Rev. B｜北理工唐刚等：第一性原理揭示氮化物钙钛矿载流子迁移率演变规律并建立唯象模型顶刊 SPT (IF9.1)：多机器学习模型精准预测并优化水体阴离子污染物吸附处理效果来源：AI-电化学家注：本公众号秉持学术交流宗旨，所推送内容仅供学习研讨，非商业用途。诚邀材料与人工智能领域的专家学者赐稿，分享“AI+材料”前沿研究成果！本平台对转载、分享的内容、陈述及观点保持中立，不对其准确性、可靠性或完整性提供任何明示或暗示的保证，读者请自行判断并参考，平台不因此承担任何责任。声明：公众号所发布的所有内容（包括文字、图片、视频等）来源于网络或用户投稿，版权归原作者所有。如涉及版权问题，我们将及时处理。投稿邮箱：ai_materials@163.com微信群聊：Ai+材料科研交流群加群方式：添加微信（FC***********），备注：单位-姓名-研究方向，审核后邀请入群编辑备注：2026.08.13 春博士成长营公众号丨AI赋能材料编辑丨春博士（chunboshi）编辑部信息READING BOOKS微信号丨曜忞微信号丨FC***********阅读原文本研究构建晶体合成大语言模型 CSLLM，以材料字符串表示晶体结构，分别微调可合成性、合成方法和前驱体三个 LLaMA3-8B 模型，准确率分别达到 98.6%、91.0% 和 80.2%。",,,,pending
高能数造全固态电池干湿结合小试线：连接实验室与量产的必经之路,电池中国,电池中国,"RIOnews API, 新材料, 电池材料, 聚合物, 固态电池, 固态电解质, 合作进展, 融资, 投资, 技术进展, 实验室成果, 实验室验证, 交付, 产能, 实验室, 中试, 样品, 送样, 量产, 落地",normal,2026-08-13T18:00:00+08:00,,2026年，全固态电池正式从基础实验室研究迈入工程化攻坚周期，产业化推进节奏持续加快。高能数造多个客户在加速推进硫化物、氧化物及聚合物等路线的中试验证，卤化物体系也有客户开始尝试小试验证工作，多条固态电解质技术路线均有布局。多元技术路线并存的局面下，新的工程化难题集中显现：不同材料体系需要搭配不同的制造工艺，研发团队该如何匹配产线方案？如何选择适配放大阶段的研发产线？怎样摆脱 “实验室样品性能优异、批量制备稳定性失控” 的困境，实验室成果稳定放大？从单次样品验证走向多批次工艺稳定固化，介于实验室与量产之间的工艺放大环节，成为当前产业共同的刚需。高能数造全固态干湿结合小试线，为此阶段行业痛点给出,http://mp.weixin.qq.com/s?__biz=MzA3MzY0OTIzMQ==&mid=2661850230&idx=1&sn=460f7cd5fae4387345c42fc35b778557,,2026年，全固态电池正式从基础实验室研究迈入工程化攻坚周期，产业化推进节奏持续加快。高能数造多个客户在加速推进硫化物、氧化物及聚合物等路线的中试验证，卤化物体系也有客户开始尝试小试验证工作，多条固态电解质技术路线均有布局。多元技术路线并存的局面下，新的工程化难题集中显现：不同材料体系需要搭配不同的制造工艺，研发团队该如何匹配产线方案？如何选择适配放大阶段的研发产线？怎样摆脱 “实验室样品性能优异、批量制备稳定性失控” 的困境，实验室成果稳定放大？从单次样品验证走向多批次工艺稳定固化，介于实验室与量产之间的工艺放大环节，成为当前产业共同的刚需。高能数造全固态干湿结合小试线，为此阶段行业痛点给出,2026年，全固态电池正式从基础实验室研究迈入工程化攻坚周期，产业化推进节奏持续加快。高能数造多个客户在加速推进硫化物、氧化物及聚合物等路线的中试验证，卤化物体系也有客户开始尝试小试验证工作，多条固态电解质技术路线均有布局。多元技术路线并存的局面下，新的工程化难题集中显现：不同材料体系需要搭配不同的制造工艺，研发团队该如何匹配产线方案？如何选择适配放大阶段的研发产线？怎样摆脱 “实验室样品性能优异、批量制备稳定性失控” 的困境，实验室成果稳定放大？从单次样品验证走向多批次工艺稳定固化，介于实验室与量产之间的工艺放大环节，成为当前产业共同的刚需。高能数造全固态干湿结合小试线，为此阶段行业痛点给出了系统性解决方案。工艺放大的必经之站：为什么小试线不可或缺?全固态电池从实验室到量产，存在三个清晰递进的阶段：• 实验线：解决“能不能做出来”，完成基础材料与原理验证;• 小试线：回答“能不能稳定、可重复地放大”——这是最关键的中间命题;• 量产线：实现“能不能大规模、低成本制造”。小试线的核心使命，是在锁定最终技术路线之前，提供最后一个并行验证窗口。它聚焦实验室样品放大需求，输出指导中试及量产设计的关键工艺参数，既能提前排查放大风险，又能以可控成本验证工艺可行性。跳过小试线，等于在放大过程中盲人摸象。一条产线，六大系统，覆盖全流程制备高能数造全固态干湿结合小试线，覆盖从粉料到电芯的全流程制备环节，集成六大核心系统：01正极干法制备系统02电解质膜干法制备系统03负极干法制备系统04湿法制备系统05电芯中后段制备系统06全流程气氛保护系统全线核心工序设备(粉料处理、涂布、辊压等)均为自主研发，针对不同的全固态电池材料特性定向优化；控制系统一体化打通，参数与工序协同联动，有效规避外购设备拼接带来的兼容性故障。四大核心能力，破解全固态电池放大转化难题1️⃣数据无缝平移，规避工艺重复摸索高能数造已构建实验级—小试级—中试量产级的全层级产线体系，各层级间技术平台完全打通。实验级验证通过的材料体系和工艺参数，可直接在小试线上进行放大验证，无需从零开始重新建立工艺窗口。从实验级到小试级，核心数据无缝衔接。2️⃣连续化、高产能，供给测评级样品区别于实验线的间断式操作，小试线实现半自动连续化生产，产能覆盖百克至公斤级。客户可快速获得足量、一致性好的测评级样品，支撑融资路演、客户送样、材料体系工程化测评等多场景需求。3️⃣批量持续验证，实现工艺复制落地实验线提供的是单次实验数据，而小试线的价值在于输出一套完整的批量稳定性数据——同一配方、同一参数下多批次运行的结果，才是工艺可复制的真正依据。高能数造依托在硫化物等体系积累的从材料到电芯全链路工艺经验，每条产线交付时配套对应材料体系的基础工艺包，包含制粉、成膜、装配等核心参数参考。客户无需漫长工艺试错，设备验收后即可快速跑通工艺。4️⃣模块灵活迭代，保障研发资产复用产线采用全模块化设计，前期可根据研发目标精准配置。后续需升级产能或向中试级放大时，技术平台完全打通，工艺积累与设备投入均可延续复用。已拥有实验线的客户更可通过模块化升级至小试级，投资得到保护，研发数据无缝衔接。小试：产业化落地的关键一步全固态电池的产业化，从来不是一蹴而就的跨越，而是从实验线到小试线、再到量产线的渐进之旅。实验线证明可能性，量产线承载规模化，而小试线决定了这条路能否走得通、走得稳。高能数造干湿结合小试线，聚焦完成实验室验证后进入样品放大阶段的核心需求，以连续化生产、公斤级产能、数据无缝平移、模块化可迭代的核心能力，帮助客户用最小的试错成本，走通从实验室到产业化的关键一步。欢迎处于工艺放大阶段的企业和科研机构联系高能数造，获取干湿结合小试线技术方案咨询与评估服务。电池中国网相关业务联系 媒体宣传咨询 联系人：吴女士 手机：(86)***********（微信同号）邮箱：wulijuan@cbea.com 稿件咨询 联系人：闫先生 手机：(86)***********（微信同号）邮箱：yanzhigang@cbea.com 研究报告咨询 联系人：杜女士 手机：(86)***********（微信同号）邮箱：ducongcong@cbea.com 行业会议咨询 联系人：吴先生 手机：(86)***********（微信同号）邮箱：wumingshan@cbea.com联系人：吴女士 手机：(86)***********(微信同号)邮箱：wuke@cbea.com点击阅读原文，查看更多消息！阅读原文全固态电池的产业化，从来不是一蹴而就的跨越，而是从实验线到小试线、再到量产线的渐进之旅。,,,,pending
JACS：80 °C、1.79 V下3 A cm⁻²，双互锁电极实现AEM水电解,有机电催化,有机电催化,"RIOnews API, 电化学合成, 电催化",normal,2026-08-13T17:55:22+08:00,,AEMWE · 析氢反应 · 双互锁电极 · NiTe限域一句话看懂AEM水电解在工业电流密度下会同时遭受气泡冲击、界面脱耦和活性位迁移；该研究以石墨炔互锁NiTe与Ru团簇空间限域构建双互锁电极，在80 °C、4 cm2器件中以1.79 V实现3.0 A cm−2输出，并维持长时运行。AEM水电解可使用低贵金属含量催化层，但高电流下气泡冲击、集流体—载体接触衰退和活性位聚集会同步加速失活。仅优化单个活性中心难以解决多尺度界面问题。因此，如何将集流体、载体与活性位设计为协同稳定的整体，仍是实现器件耐久运行的关键。核心问题能否通过跨尺度互锁同时抑制电极界面脱耦、Ru团簇迁移和气体析出诱导的结构失,http://mp.weixin.qq.com/s?__biz=MzUyNTc2ODMyOQ==&mid=2247561388&idx=1&sn=c223e58c37c198cf218f4249e773b9af,,AEMWE · 析氢反应 · 双互锁电极 · NiTe限域一句话看懂AEM水电解在工业电流密度下会同时遭受气泡冲击、界面脱耦和活性位迁移；该研究以石墨炔互锁NiTe与Ru团簇空间限域构建双互锁电极，在80 °C、4 cm2器件中以1.79 V实现3.0 A cm−2输出，并维持长时运行。AEM水电解可使用低贵金属含量催化层，但高电流下气泡冲击、集流体—载体接触衰退和活性位聚集会同步加速失活。仅优化单个活性中心难以解决多尺度界面问题。因此，如何将集流体、载体与活性位设计为协同稳定的整体，仍是实现器件耐久运行的关键。核心问题能否通过跨尺度互锁同时抑制电极界面脱耦、Ru团簇迁移和气体析出诱导的结构失,"AEMWE · 析氢反应 · 双互锁电极 · NiTe限域一句话看懂AEM水电解在工业电流密度下会同时遭受气泡冲击、界面脱耦和活性位迁移；该研究以石墨炔互锁NiTe与Ru团簇空间限域构建双互锁电极，在80 °C、4 cm2器件中以1.79 V实现3.0 A cm−2输出，并维持长时运行。AEM水电解可使用低贵金属含量催化层，但高电流下气泡冲击、集流体—载体接触衰退和活性位聚集会同步加速失活。仅优化单个活性中心难以解决多尺度界面问题。因此，如何将集流体、载体与活性位设计为协同稳定的整体，仍是实现器件耐久运行的关键。核心问题能否通过跨尺度互锁同时抑制电极界面脱耦、Ru团簇迁移和气体析出诱导的结构失稳？本文要点1. 石墨炔介导NiTe在镍泡沫上的互穿生长，强化集流体—载体耦合。2. Ru团簇限域于富缺陷NiTe区域，形成Ru—Ni/Te局部配位。3. AEMWE在80 °C、4 cm²条件下实现3 A cm−2时1.79 V的输出。关键图表解读双互锁电极界面设计原则Figure 1. 双互锁电极界面设计原则石墨炔连接集流体—载体，Ru团簇限域于缺陷NiTe域，形成跨尺度互锁的双重稳定化结构，表明稳定性设计覆盖了不同尺度的失效界面。缺陷演化与局域配位结构Figure 3. 缺陷演化与局域配位结构EPR、XPS和吸收谱显示缺陷浓度、Ru局域配位及电子相互作用均区别于对照样品，表明限域结构具有明确的局部化学基础。碱性析氢活性与耐久性Figure 4. 碱性析氢活性与耐久性1 M KOH、−1 A cm−2下，Ru-RuNiTe@GDY析氢过电位60.5±13.9 mV，表明互锁架构可维持析氢反应输出。AEM水电解器件性能Figure 5. AEM水电解器件性能80 °C、4 cm² AEMWE在3 A cm−2下电压为1.79 V，并保持长时稳定运行，表明材料优势可延伸至电解槽层面。关键数据80 °C、4 cm2 AEMWE中，3.0 A cm−2时电池电压为1.79 V；在1.0 A cm−2下连续运行1,030 h。可以继续思考什么？后续可在更高电流密度、更长运行时间或更复杂实际底物条件下，进一步检验该策略的结构稳定性与适用边界。文献信息A Dual-Interlocked Electrocatalyst Design Principle for Durable AEM Water Electrolysis at Industrial Current DensitiesJ. Am. Chem. Soc. 2026, Article in PressDOI: https://doi.org/10.1021/jacs.6c14322通讯作者：Changshui Huang有机电催化学术交流QQ群: 692419836",,,,pending
牵手宁德时代！四川眉山一企业签下2.4亿元采购订单,旺材锂电,旺材锂电,"RIOnews API, 新材料, 碳, 合作进展, 投资, 合作, 宁德时代, 储能, 储能系统, 储能集成, 交付, 投产, 订单, 签约, 项目落地, 落地",normal,2026-08-13T17:44:48+08:00,,点击蓝字关注旺材锂电 关注公众号，点击公众号主页右上角“ · · · ”，设置星标，实时关注锂电最新资讯 来源：动力电池网紫创光科消息显示，8月10日，紫创光科（眉山）智慧能源科技有限公司与宁德时代（300750）储能集成设备采购签约仪式在紫创光科集团总部顺利举行。双方正式签订总金额2.4亿元的储能集成设备采购协议，全面开启新能源与储能板块协同发展的崭新篇章。紫创光科（眉山）智慧能源科技有限公司总经理表示，储能是构建新型电力系统的核心支撑，也是集团践行“绿色双碳 科技未来”战略的核心赛道；此次与行业龙头宁德时代达成深度合作，是双方优势互补、理念同频的成果，将为集团储能业务产业基金、产业互动等发,http://mp.weixin.qq.com/s?__biz=MzI0ODc5NTQ4NQ==&mid=2247627199&idx=1&sn=64574ae075f9aca7875be0fc9f22e9c3,,点击蓝字关注旺材锂电 关注公众号，点击公众号主页右上角“ · · · ”，设置星标，实时关注锂电最新资讯 来源：动力电池网紫创光科消息显示，8月10日，紫创光科（眉山）智慧能源科技有限公司与宁德时代（300750）储能集成设备采购签约仪式在紫创光科集团总部顺利举行。双方正式签订总金额2.4亿元的储能集成设备采购协议，全面开启新能源与储能板块协同发展的崭新篇章。紫创光科（眉山）智慧能源科技有限公司总经理表示，储能是构建新型电力系统的核心支撑，也是集团践行“绿色双碳 科技未来”战略的核心赛道；此次与行业龙头宁德时代达成深度合作，是双方优势互补、理念同频的成果，将为集团储能业务产业基金、产业互动等发,点击蓝字关注旺材锂电 关注公众号，点击公众号主页右上角“ · · · ”，设置星标，实时关注锂电最新资讯 来源：动力电池网紫创光科消息显示，8月10日，紫创光科（眉山）智慧能源科技有限公司与宁德时代（300750）储能集成设备采购签约仪式在紫创光科集团总部顺利举行。双方正式签订总金额2.4亿元的储能集成设备采购协议，全面开启新能源与储能板块协同发展的崭新篇章。紫创光科（眉山）智慧能源科技有限公司总经理表示，储能是构建新型电力系统的核心支撑，也是集团践行“绿色双碳 科技未来”战略的核心赛道；此次与行业龙头宁德时代达成深度合作，是双方优势互补、理念同频的成果，将为集团储能业务产业基金、产业互动等发展注入强大动能。宁德时代零碳能源事业部储能华南大区总经理姜维维表示，宁德时代将统筹全链条优质资源，全力保障设备交付效率与储能系统品质，以成熟的技术体系与全周期服务护航项目落地，与紫创光科集团携手打造储能领域产业协同标杆。此次签约是双方资源聚合、优势互补、携手共赢的关键里程碑。后续双方将充分整合产业资源、凝聚技术合力、汇聚发展势能，深度深耕新能源市场，助力区域新能源产业提质增效，推动能源结构绿色低碳转型。据悉，紫创光科（眉山）智慧能源科技有限公司，成立于2026年1月16日，位于四川丹棱经开区，是紫创光科集团在西南地区的重要产业布局，公司计划投资1亿元，在丹棱建设光伏逆变器及光储产业配套设备智能产线，该项目于2026年1月开工建设，将于今年9月投产下线。- End -▊▊ 加入社群▊▊ 地图领取【免责声明】文章为作者独立观点，不代表旺材锂电立场。如因作品内容、版权等存在问题，请于本文刊发30日内联系旺材锂电进行删除或洽谈版权使用事宜。邮箱wanxinyun@51wctt.com。电话：*********** 线上广告合作：***********更多干货关注微信公众号：wc_ldc。专属微信群请文内扫码进入，VIP 内容专享！,,,,pending
【干货】取消锂电池隔膜预烘烤工序评估,旺材锂电,旺材锂电,"RIOnews API, 新材料, 隔膜",normal,2026-08-13T17:44:48+08:00,,点击蓝字关注旺材锂电关注公众号，点击公众号主页右上角“ · · · ”，设置星标，实时关注锂电最新资讯 来源：锂电派家人们有什么想学习了解的锂电知识干货，欢迎评论或者私信留言哦 ❥❥❥本文下载：点击阅读原文【锂电派知识星球】致力于打造锂电池行业垂直产业链资源库！9000+份资料可下载！- End -▊▊ 加入社群▊▊ 地图领取【免责声明】文章为作者独立观点，不代表旺材锂电立场。如因作品内容、版权等存在问题，请于本文刊发30日内联系旺材锂电进行删除或洽谈版权使用事宜。邮箱wanxinyun@51wctt.com。电话：*********** 线上广告合作：***********更多干货关注微信公,http://mp.weixin.qq.com/s?__biz=MzI0ODc5NTQ4NQ==&mid=2247627199&idx=3&sn=344331edc8469e060dad621b632d11c1,,点击蓝字关注旺材锂电关注公众号，点击公众号主页右上角“ · · · ”，设置星标，实时关注锂电最新资讯 来源：锂电派家人们有什么想学习了解的锂电知识干货，欢迎评论或者私信留言哦 ❥❥❥本文下载：点击阅读原文【锂电派知识星球】致力于打造锂电池行业垂直产业链资源库！9000+份资料可下载！- End -▊▊ 加入社群▊▊ 地图领取【免责声明】文章为作者独立观点，不代表旺材锂电立场。如因作品内容、版权等存在问题，请于本文刊发30日内联系旺材锂电进行删除或洽谈版权使用事宜。邮箱wanxinyun@51wctt.com。电话：*********** 线上广告合作：***********更多干货关注微信公,点击蓝字关注旺材锂电关注公众号，点击公众号主页右上角“ · · · ”，设置星标，实时关注锂电最新资讯 来源：锂电派家人们有什么想学习了解的锂电知识干货，欢迎评论或者私信留言哦 ❥❥❥本文下载：点击阅读原文【锂电派知识星球】致力于打造锂电池行业垂直产业链资源库！9000+份资料可下载！- End -▊▊ 加入社群▊▊ 地图领取【免责声明】文章为作者独立观点，不代表旺材锂电立场。如因作品内容、版权等存在问题，请于本文刊发30日内联系旺材锂电进行删除或洽谈版权使用事宜。邮箱wanxinyun@51wctt.com。电话：*********** 线上广告合作：***********更多干货关注微信公众号：wc_ldc。专属微信群请文内扫码进入，VIP 内容专享！,,,,pending
【资讯】钠电牵引车正式登上工信部公告!,旺材锂电,旺材锂电,"RIOnews API, 新材料, 碳, 钠离子电池, 钠电, 发布, 量产",normal,2026-08-13T17:44:48+08:00,,你已选中了添加链接的内容点击蓝字关注旺材锂电 关注公众号，点击公众号主页右上角“ · · · ”，设置星标，实时关注锂电最新资讯 来源：动力电池网近日，工业和信息化部《道路机动车辆生产企业及产品》（第410批）正式发布，由中科海钠与一汽解放联合研发的钠离子电池换电牵引车（产品型号：CA4250P62T1BEVA16）名列其中。该车型是一汽解放旗下首款搭载钠离子动力电池的重型卡车，也是中科海钠在商用重卡领域取得的又一重要突破。值得一提的是，此前中科海钠与金龙重汽联合研发的金龙牌XMQ4252钠离子电池纯电牵引车已登上第399批公告目录，此次与一汽解放的合作车型再度登上工信部公告，进一步巩固了中科,http://mp.weixin.qq.com/s?__biz=MzI0ODc5NTQ4NQ==&mid=2247627199&idx=2&sn=e39346d9661b1af68097aefe002cbcf3,,你已选中了添加链接的内容点击蓝字关注旺材锂电 关注公众号，点击公众号主页右上角“ · · · ”，设置星标，实时关注锂电最新资讯 来源：动力电池网近日，工业和信息化部《道路机动车辆生产企业及产品》（第410批）正式发布，由中科海钠与一汽解放联合研发的钠离子电池换电牵引车（产品型号：CA4250P62T1BEVA16）名列其中。该车型是一汽解放旗下首款搭载钠离子动力电池的重型卡车，也是中科海钠在商用重卡领域取得的又一重要突破。值得一提的是，此前中科海钠与金龙重汽联合研发的金龙牌XMQ4252钠离子电池纯电牵引车已登上第399批公告目录，此次与一汽解放的合作车型再度登上工信部公告，进一步巩固了中科,你已选中了添加链接的内容点击蓝字关注旺材锂电 关注公众号，点击公众号主页右上角“ · · · ”，设置星标，实时关注锂电最新资讯 来源：动力电池网近日，工业和信息化部《道路机动车辆生产企业及产品》（第410批）正式发布，由中科海钠与一汽解放联合研发的钠离子电池换电牵引车（产品型号：CA4250P62T1BEVA16）名列其中。该车型是一汽解放旗下首款搭载钠离子动力电池的重型卡车，也是中科海钠在商用重卡领域取得的又一重要突破。值得一提的是，此前中科海钠与金龙重汽联合研发的金龙牌XMQ4252钠离子电池纯电牵引车已登上第399批公告目录，此次与一汽解放的合作车型再度登上工信部公告，进一步巩固了中科海钠在该领域的领先地位。本车型同样采用中科海钠专门为商用车开发的“海星”钠离子动力电池，具备“长寿命、宽温域、高倍率”等显著优势，可明显提高商用车在高寒矿区、港口周转、干线货运等重载场景下的经济性和适应性，使用户能够以更低的全生命周期成本实现高效运营。此次与一汽解放合作的钠电换电牵引车成功登上工信部公告，标志着钠离子电池技术已获得主流车企的充分认可，正在加速进入商业化量产阶段。2026年9月1日起，钠离子电池开始免征消费税，钠电重卡的成本优势预期将进一步加强。未来，中科海钠将继续携手合作伙伴，在更多车型上导入钠电技术，推动钠离子电池在商用车领域的规模化应用，为我国绿色交通和“双碳”目标提供更具性价比和安全性的动力解决方案。- End -▊▊ 加入社群▊▊ 地图领取【免责声明】文章为作者独立观点，不代表旺材锂电立场。如因作品内容、版权等存在问题，请于本文刊发30日内联系旺材锂电进行删除或洽谈版权使用事宜。邮箱wanxinyun@51wctt.com。电话：*********** 线上广告合作：***********更多干货关注微信公众号：wc_ldc。专属微信群请文内扫码进入，VIP 内容专享！,,,,pending
专业推荐！【液冷技术圈】每一个硬件领域，都面临同一场“热”战。,旺材锂电,旺材锂电,"RIOnews API, 储能, 系统集成, 热失控, 热管理, 液冷, 投资, 政策, 推出, 快充",normal,2026-08-13T17:44:48+08:00,,“热”战升级！别让温度成为技术的天花板当芯片算力飙升，散热设计功耗突破400W大关；当电动汽车快充时间缩短，电池系统承受更高热负荷；当储能电站规模扩大，热失控风险如影随形；当变压器负荷不断增加，冷却效率决定电网稳定...温度，正成为所有硬件技术共同的“隐形战场”。热管理已不再是辅助工程，而是核心技术的决胜因素。我们决定做一件重要的事！在深耕芯片半导体、新能源汽车电池、储能、电力变压器行业多年后，我们看到了一个清晰的交叉点：液冷与先进热管理。我们正式推出全新公众号：【液冷技术圈】点击关注这里将聚焦： 技术深度解析• 液冷技术路线对比（冷板/浸没/喷雾）• 相变材料与均温板创新进展• 热仿真与测试,http://mp.weixin.qq.com/s?__biz=MzI0ODc5NTQ4NQ==&mid=2247627199&idx=4&sn=d83c832aa0d4582366e9dde0d3f7a7b1,,“热”战升级！别让温度成为技术的天花板当芯片算力飙升，散热设计功耗突破400W大关；当电动汽车快充时间缩短，电池系统承受更高热负荷；当储能电站规模扩大，热失控风险如影随形；当变压器负荷不断增加，冷却效率决定电网稳定...温度，正成为所有硬件技术共同的“隐形战场”。热管理已不再是辅助工程，而是核心技术的决胜因素。我们决定做一件重要的事！在深耕芯片半导体、新能源汽车电池、储能、电力变压器行业多年后，我们看到了一个清晰的交叉点：液冷与先进热管理。我们正式推出全新公众号：【液冷技术圈】点击关注这里将聚焦： 技术深度解析• 液冷技术路线对比（冷板/浸没/喷雾）• 相变材料与均温板创新进展• 热仿真与测试,“热”战升级！别让温度成为技术的天花板当芯片算力飙升，散热设计功耗突破400W大关；当电动汽车快充时间缩短，电池系统承受更高热负荷；当储能电站规模扩大，热失控风险如影随形；当变压器负荷不断增加，冷却效率决定电网稳定...温度，正成为所有硬件技术共同的“隐形战场”。热管理已不再是辅助工程，而是核心技术的决胜因素。我们决定做一件重要的事！在深耕芯片半导体、新能源汽车电池、储能、电力变压器行业多年后，我们看到了一个清晰的交叉点：液冷与先进热管理。我们正式推出全新公众号：【液冷技术圈】点击关注这里将聚焦： 技术深度解析• 液冷技术路线对比（冷板/浸没/喷雾）• 相变材料与均温板创新进展• 热仿真与测试前沿方法⚡ 跨行业应用方案• 数据中心服务器冷却革新• 电动汽车热管理系统设计• 储能电站热安全防控• 电力电子设备散热优化 产业趋势洞察• 全球热管理市场规模与格局• 政策标准与安全规范• 材料、部件到系统集成的产业链分析适合谁关注？✔ 硬件工程师、热设计专业人员✔ 新能源、储能、数据中心行业从业者✔ 半导体与电力设备研发人员✔ 投资机构与行业分析师✔ 关注技术趋势的决策者与创业者扫描二维码关注【液冷技术圈】与我们一起，洞察技术“温度”，破解散热难题点击关注从芯片到电池，从储能到电网，热管理是共同的底层语言。关注我们，掌握这门关键技术的话语权。“热”战升级！,,,,pending
2026H1全球锂电池硅基负极企业出货TOP10,起点锂电,起点锂电,"RIOnews API, 新材料, 碳, 隔膜, 高比能, 硅, 固态电池, 钠离子电池, 钠电, 合作进展, 融资, 投资, 合作, 比亚迪, 宁德时代, CATL, 亿纬锂能, 亿纬, 瑞浦兰钧, 瑞浦, 海辰储能, 海辰, 远景动力, 蜂巢能源, 蜂巢, 力神, 力神电池, 鹏辉能源, 楚能新能源, 楚能, 钠电池, 大圆柱, 4680, 储能, 电池回收, 负极材料, 出货, 出货量, 装机, 装机量, 装车, 市场份额, 排名, TOP10, 产能, 投产, 订单, IPO, 并购, 出海, 本地化, 政策, 发布, 快充, 落地",normal,2026-08-13T16:39:53+08:00,,SPIR数据显示2026上半年全球锂电池硅基负极出货6200吨，同比增长52.3%，其中CVD硅碳负极渗透率逐步提升。锂电池硅基负极增长主要由于消费电子领域硅基负极添加比例提升增长驱动；二是高端动力电池增量，4680大圆柱、固液电池批量装车，车企快充、续航等需求增加推动电池厂大幅上调负极硅掺杂比例；未来头部企业CVD硅碳产线集中投产，充足产能匹配下游爆发订单，同时低空飞行器、人形机器人等新兴高密电池场景开辟新增量。价格方面2026上半年硅基负极行业均价为14.5万元/吨，高端产品供不应求、价格坚挺，而中低端产品则因竞争激烈而价格承压，未来中长期随万吨级产线投产、原料降本，价格中枢将系统性下移，,http://mp.weixin.qq.com/s?__biz=MzI1MjEyODg2Mg==&mid=2649798413&idx=1&sn=ec9b936f1e84aa23580933b8088ef88b,,SPIR数据显示2026上半年全球锂电池硅基负极出货6200吨，同比增长52.3%，其中CVD硅碳负极渗透率逐步提升。锂电池硅基负极增长主要由于消费电子领域硅基负极添加比例提升增长驱动；二是高端动力电池增量，4680大圆柱、固液电池批量装车，车企快充、续航等需求增加推动电池厂大幅上调负极硅掺杂比例；未来头部企业CVD硅碳产线集中投产，充足产能匹配下游爆发订单，同时低空飞行器、人形机器人等新兴高密电池场景开辟新增量。价格方面2026上半年硅基负极行业均价为14.5万元/吨，高端产品供不应求、价格坚挺，而中低端产品则因竞争激烈而价格承压，未来中长期随万吨级产线投产、原料降本，价格中枢将系统性下移，,SPIR数据显示2026上半年全球锂电池硅基负极出货6200吨，同比增长52.3%，其中CVD硅碳负极渗透率逐步提升。锂电池硅基负极增长主要由于消费电子领域硅基负极添加比例提升增长驱动；二是高端动力电池增量，4680大圆柱、固液电池批量装车，车企快充、续航等需求增加推动电池厂大幅上调负极硅掺杂比例；未来头部企业CVD硅碳产线集中投产，充足产能匹配下游爆发订单，同时低空飞行器、人形机器人等新兴高密电池场景开辟新增量。价格方面2026上半年硅基负极行业均价为14.5万元/吨，高端产品供不应求、价格坚挺，而中低端产品则因竞争激烈而价格承压，未来中长期随万吨级产线投产、原料降本，价格中枢将系统性下移，最终实现规模化商业应用。2026上半年全球锂电池硅基负极企业出货TOP10为贝特瑞、兰溪致德、杉杉股份、天目先导、物科金硅、壹金新能源、洛阳联创、中科星城、索理德、紫宸科技。起点研究院SPIR简介：起点研究院SPIR 是起点研究旗下的独立第三方新能源产业研究机构和产业智库，成立于2015年，总部位于深圳，SPIR研究团队在新能源产业领域有超过15年的深厚研究经验、数据报告和前沿成果积累，主要研究覆盖锂电池、钠电池、固态电池、储能、AIDC、新能源车、新材料、智能装备、电动船舶、低空经济、充换电等相关产业领域，服务过超过三星、LG、奔驰、松下、村田、浦项化学、大众、宝马、宁德时代CATL、比亚迪、中国化学、中国石化、亿纬锂能、先导智能、阳光电源、星云股份、科陆电子、特变电工、奇点能源、海尔新能源、新能安、瑞浦兰钧、赣锋锂业、楚能新能源、远景动力、星源能投、多氟多、弘正储能、星翼能源、优旦科技、中天储能、超力源、沛城科技、银高储能、华阳股份、维科技术、海四达、易事特、同兴科技、蜂巢能源、融捷能源、德赛电池、上海航天电源、星恒电源、天能、烟台力华、天能、超威、恩捷股份、中材科技、富临精工、德方纳米、金力股份、海科新源、科恒股份、诺德股份、华创新材、东阳光、逸飞激光、格林晟、杭可科技、嘉拓智能等超过1000+全球领先新能源企业。SPIR主要提供的咨询服务产品有：锂电/钠电/固态电池/新能源汽车/储能/AIDC等各细分领域行业调研报告、行业白皮书报告、常态化月度及季度数据库和装机量数据库订阅、细分市场深度调研/竞争对手对标/行业可行性调研/尽职调研等定制化深度调研咨询、锂电/钠电/固态电池/新能源汽车/储能/AIDC等产业园区规划报告、高端人才智库、投融资咨询、市场及产品战略咨询等。起点研究院SPIR行业研究咨询标杆合作客户（以下排名不分先后）：三星、LG、奔驰、松下、村田、浦项化学、吉利、大众、宁德时代CATL、ATL、新能安、比亚迪、巴斯夫、亿纬锂能、先导智能、瑞浦兰钧、赣锋锂业、楚能新能源、远景动力、海辰储能、蜂巢能源、融捷能源、德赛电池、上海航天电源、星恒电源、天能、烟台力华电源、阳光电源、比克电池、力神电池、派能科技、多氟多新能源、鹏辉能源、创明新能源、博力威、横店东磁、海四达、华阳股份、远东股份、海雷新能源、小哈换电、天赐材料、恩捷股份、中材科技、富临精工、德方纳米、金力股份、海科新源、科恒股份、诺德股份、华创新材、东阳光、逸飞激光、格林晟、杭可科技、嘉拓智能、诚捷智能、鹏锦智能、宏工科技、日联科技、超业精密、吉阳智能、海康智能、中汽数据、中泽科技、孚悦科技、中瑞股份、有研广东院、天石科丰、博粤新材、因势新材料、同兴科技、易事特、恒大高新、科达制造、时代思康、泰和科技、珈钠能源、佰思格、双环科技、钠创新能源、天能钠电、海四达钠星、隐功科技、特变电工、奇点能源、星源能投、多氟多储能、弘正储能、星翼能源、微慕科技、沛城科技、优旦科技、科陆电子、阳光电源、远景能源、申万宏源证券、中化学南投、中国石化等一、机构概况及优势- 全称：深圳市起点研究咨询有限公司（起点研究院/SPIR）- 成立：2015年，总部深圳- 定位：专注新能源及新材料产业链的第三方研究机构与产业智库- 核心领域：锂电池、钠电池、固态电池、储能、新能源汽车、充换电、新能源材料、新能源设备和电池回收等- 服务客户：全球头部新能源企业、投资机构、政府、产业链企业- 团队经验：新能源产业15年+研究与数据积累。二、核心数据产品（订阅/采购）1. 行业数据库（月度/季度/年度）- 新能源电池及储能全产业链数据库- 动力电池/新能源汽车装机量数据库- 储能行业及企业数据库- 钠电行业及企业数据库- 固态电池行业及企业数据库- 锂电材料/设备细分数据库（如导电剂、隔膜、干燥设备等）2. 行业报告与白皮书- 年度/季度行业白皮书（全球/中国锂电、钠电、储能、固态电池等）- 细分赛道深度报告（材料、设备、应用场景）- 企业对标/竞争格局报告- 月度/季度数据快报与榜单（出货量、市场份额、产能排名）三、定制化咨询服务1. 市场与行业研究- 定制化市场/行业/技术/企业调研报告- 产业链供需、成本、价格、竞争格局分析- 技术路线与趋势研判- 细分赛道进入可行性评估2. 企业战略与运营- 产能规划、产线技术咨询- 供应链优化、供应商/客户调研- 出海战略与本地化落地咨询- 高端人才智库与团队搭建建议3. 政府与资本服务- 地方政府新兴产业规划、园区定位报告- 项目可行性研究、投资价值评估- 融资/IPO/增发/并购尽调与数据支持- 产业政策解读与影响分析4. 品牌与活动服务- 品牌宣传策划、行业榜单发布- 高端峰会/论坛策划与执行- 产业媒体内容与数据合作四、服务优势- 数据权威：全产业链一手调研+企业直采+渠道验证，高频更新- 深度覆盖：从材料、设备、电芯到系统、应用、回收全链条- 定制灵活：按客户需求提供专项数据、报告、咨询方案- 落地性强：结合产业实操经验，输出可执行策略与数据支撑。《2026全球锂电池硅基负极行业发展报告》目录第一章硅基负极材料行业发展现状分析第一节锂电负极材料行业发展概述一、负极材料分类二、负极材料应用现状三、负极材料出货量及竞争格局第二节硅基负极基本介绍一、硅基负极定义二、硅基负极分类（包括硅氧负极、硅碳负极）第三节硅基负极产业链分析第二章中国硅基负极技术发展分析第一节硅基负极制备工艺一、硅氧负极制备工艺二、硅碳负极制备工艺三、硅基负极工艺对比分析第二节中国硅基负极专利布局分析第三节硅基负极目前技术发展难点第四节硅基负极未来技术发展趋势第三章硅基负极上游原材料行业分析第一节硅材料行业分析第二节石墨材料行业分析第三节硅基负极前驱体及原材料分析一、氧化亚硅前驱体市场分析二、纳米硅负极前驱体市场分析第四章中国硅基负极下游应用分析第一节全球硅基负极发展现状分析一、国外硅基负极发展现状分析二、中国硅基负极发展现状分析第二节硅基负极成本及价格分析第三节硅氧负极、硅碳负极应用分析一、硅氧负极应用分析二、硅碳负极应用分析第四节硅基负极不同领域应用分析一、动力电池领域应用分析二、消费电池领域应用分析三、储能电池领域应用分析第五章中国硅基负极市场规模及竞争格局分析第一节中国硅基负极出货量分析第二节中国硅基负极竞争格局分析一、各企业出货量竞争格局二、硅氧负极、硅碳负极产品出货量竞争格局第三节全球及中国硅基负极需求预测一、负极材料未来市场规模预测二、硅基负极未来渗透率分析三、硅氧负极、硅碳负极需求预测第四节中国硅基负极企业产能布局分析第五节中国硅基负极供需分析第六节硅基负极未来市场发展趋势分析第六章中国硅基负极材料重点企业分析第一节企业1第二节企业2第三节企业3第四节企业4第五节企业5......第七章硅基负极行业投资机会与投资风险分析第一节硅基负极投资机会分析第二节硅基负极投资机风险分析,,,,pending
投资1.1亿美元，三菱汽车拟在菲律宾建设电池工厂,电池社,电池社,"RIOnews API, 新材料, 电池材料, 碳, 高比能, 硅, 学术研究, 大学, 科学院, 研究所, 宁德时代, 鹏辉能源, 储能, 负极材料, 生产基地, 投资, 政策, 推出, 实验室, 落地",normal,2026-08-13T16:38:37+08:00,,菲律宾三菱汽车公司正考量筹建电动汽车电池生产基地。该项目拟投资70亿菲律宾比索（折合1.143亿美元），纳入菲律宾电动汽车激励政策（EVIS）扶持框架。菲律宾总统日前签署行政令，正式推出电动汽车激励政策，扶持本土电动汽车及零部件生产，三菱此番规划正是政策出台后的相关举措。三菱其实并非8月10日才开始考虑菲律宾制造。今年4月，三菱汽车菲律宾公司已经公布混合动力汽车生产计划，准备在拉古纳省圣罗莎工厂生产新的混合动力车型，预计2028年年中左右开始生产。会议议程会议时间、地点会议时间：2026年8月19日上午10点签到，下午2点开始多孔炭材料小班课培训 8月20日全天会议 8月21日上午半天会议会议,http://mp.weixin.qq.com/s?__biz=MzI5MDc1MjAzNQ==&mid=2247542890&idx=1&sn=c39a3e09fd0360a03f724d66871ad61d,,菲律宾三菱汽车公司正考量筹建电动汽车电池生产基地。该项目拟投资70亿菲律宾比索（折合1.143亿美元），纳入菲律宾电动汽车激励政策（EVIS）扶持框架。菲律宾总统日前签署行政令，正式推出电动汽车激励政策，扶持本土电动汽车及零部件生产，三菱此番规划正是政策出台后的相关举措。三菱其实并非8月10日才开始考虑菲律宾制造。今年4月，三菱汽车菲律宾公司已经公布混合动力汽车生产计划，准备在拉古纳省圣罗莎工厂生产新的混合动力车型，预计2028年年中左右开始生产。会议议程会议时间、地点会议时间：2026年8月19日上午10点签到，下午2点开始多孔炭材料小班课培训 8月20日全天会议 8月21日上午半天会议会议,"菲律宾三菱汽车公司正考量筹建电动汽车电池生产基地。该项目拟投资70亿菲律宾比索（折合1.143亿美元），纳入菲律宾电动汽车激励政策（EVIS）扶持框架。菲律宾总统日前签署行政令，正式推出电动汽车激励政策，扶持本土电动汽车及零部件生产，三菱此番规划正是政策出台后的相关举措。三菱其实并非8月10日才开始考虑菲律宾制造。今年4月，三菱汽车菲律宾公司已经公布混合动力汽车生产计划，准备在拉古纳省圣罗莎工厂生产新的混合动力车型，预计2028年年中左右开始生产。会议议程会议时间、地点会议时间：2026年8月19日上午10点签到，下午2点开始多孔炭材料小班课培训 8月20日全天会议 8月21日上午半天会议会议地点：常熟龙腾希尔顿酒店单早420元/间，双早450元/间。请扫码预定。会议天气交通参考会议酒店：常熟龙腾希尔顿酒店交通参考：✈️ 机场落地距离最近的是苏南硕放国际机场（无锡），其次为上海虹桥国际机场。可根据落地机场选择以下方式：1. 苏南硕放国际机场距酒店约40-45公里，驾车约60分钟。机场城际班车或苏汽直通车。2. 上海虹桥国际机场（SHA）距酒店约90-99公里，驾车约90分钟。3. 上海浦东国际机场（PVG）距酒店约140公里，驾车需2小时以上。 高铁到站首选站点：常熟站距酒店约8公里，打车/驾车约15分钟。可乘坐常熟公交12路，约50分钟可达酒店附近。备选站点：苏州北站若直达常熟站车次不便，可到苏州北站再中转。距酒店约32公里，驾车约40分钟第三届硅负极用多孔炭材料技术研讨会 将于 2026 年 8 月 19-21 日在江苏常熟举办，本次大会参会规模获将创新高，截至目前累计 200 家产业链企业报名参会。覆盖电池，负极材料、硅源碳前驱体、CVD 热工装备、粉体深加工、精密检测仪器、高纯特气、磁电除杂、石墨耗材、第三方检测全细分赛道。本次大会目前已有30位报告嘉宾。目前会务组正补充电池企业报告，欢迎大家帮忙推荐。目前已有53家展商，其中材料企业有15家，材料厂家占比三分之一：正望/兴业/圣泉/格源/联创锂能/中宁硅业/银硅科技/木林森/阿佩克斯/伟杰石墨/苏州铭隆/青昀新材/浦士达/湖北宜硅/河北瑞碳。客户已全部就位！设备厂商请抓紧机会！ 江苏 常熟 —— 8.19-212026 第三届硅负极用多孔炭材料技术研讨会 01 0元参会：免费参加，无用餐 02 600元/人：含3顿自助，1次晚宴 03 企业参观：参观博涛热工 04 5千元现金奖励：评选墙报 会议组织 ▼ 主办单位：江苏博涛智能热工股份有限公司材能时代联合主办单位：百辐网晚宴冠名单位：江苏博涛智能热工股份有限公司协办单位：东莞市志远高热机械科技有限公司山东圣泉新能源科技有限公司青岛正望新材料股份有限公司丹东百特仪器有限公司理化联科(北京)仪器科技有限公司广州森波化工科技有限公司深圳市美格真空科技有限公司研创测控技术(福州)有限公司苏州纽姆特纳米科技有限公司林德气体(上海)有限公司中建材（陕西）新材料装备有限公司山东埃尔派粉体科技股份有限公司/山东贝亿特科技有限公司征集中…… 参展单位：佛山市赛普飞特科技有限公司潍坊精华粉体科技股份有限公司潍坊追日磁电科技有限公司株洲众亿科技有限公司合肥恒力装备有限公司山东华特磁电集团股份有限公司苏州兴业材料科技股份有限公司浙江格源新材料科技有限公司浙江中宁硅业股份有限公司银硅(宁波)科技有限公司湖北宜硅新材料有限公司洛阳联创锂能科技有限公司贵州华睿新材料科技有限公司江苏微普纳米科技有限公司江苏青昀碳基创新材料有限公司深圳沃飞科技有限公司青岛优明科粉体机械有限公司苏州铭隆新材料有限公司常州市龙鑫智能装备股份有限公司江苏尚金干燥科技有限公司苏州孚然德实验设备有限公司玉环比得宝气阀有限公司江苏浦士达环保科技股份有限公司青岛伟杰石墨有限公司广东智子智能技术有限公司浙江阿佩克斯能源科技有限公司上海韵申新能源科技有限公司木林森活性炭江苏有限公司Alicat株洲和创中高频设备有限公司中碳（江苏）检测有限公司上海汇选机电设备有限公司常州天马粉体科技有限公司上海洁安流体科技有限公司江苏亮果金属制品有限公司河北瑞碳新能源科技有限公司北京韫茂科技有限公司临朐华邦重工设备有限公司东莞市科路得新能源科技有限公司福建龙亿粉体装备制造有限公司征集中……时间安排：会议酒店：常熟龙腾希尔顿酒店单标间同价,单早420元/间，双早450元/间 会议招商 ▼ 演讲报告▂▂20分钟大会报告演讲宣传。挂绳宣传▂▂参会证件挂绳独家定制、人人佩戴，全程品牌展示。手提袋广告▂▂全场参会资料袋独家冠名，随身流动广告，全程高频曝光；饮用水广告▂▂全场饮用水瓶身定制企业宣传，全天候场景化植入；展位宣传▂▂产品展示宣传的最佳选择。多种宣传方式可进行选择，有需求请联系会务组 报名费用 ▼ 若用餐600元/人，不用餐无费用 账户信息：账户名称:深圳材能时代数字科技有限公司账户号码:41023500040057558开户银行:中国农业银行股份有限公司深圳坑梓支行税号：91440300MAE4G8PT1Q地址：深圳市坪山区坑梓街道秀新区吉康路45-1银行行号：103584002359汇款用途 ：会议费或技术服务费开票注意事项：如果需要增值税专用发票， 请提供单位名称 、税号 、地址 、 电话 、 开户行 、账号。接受邮箱:caineng9959@163.com。 墙报征集 ▼ 重磅奖项设置 本次研讨会将采用墙报展示这一重要学术交流形式。墙报要求直观呈现核心研究成果，辅以简洁明了的文字说明，使参会者能够在短时间内迅速掌握研究要点与结论，本次特设丰厚现金奖，无报名费，诚意满满邀请来参赛！本次墙报奖金由志远高热赞助，感谢志远高热的大力支持！ 一等奖：5000 元 二等奖：3000 元 三等奖：1000 元尺寸要求 每篇墙报论文限一个展板，尺寸:宽x高=90cmx120cm，自行设计。截止日期：于8月10号前发送至邮箱：caineng9959@163.com评奖：评奖时间为8月21日上午，本次评选仅针对在校学生，企业单位不参与此次评选 已报名企业 ▼ 以下为报名参会单位：绝无虚假浙江研一新能源科技有限公司北京诺芯科技有限公司上海衡谱科技有限公司山西新华防化装备研究院有限公司江苏博云创投待成立东瑞盛碳材料有限公司怀柔实验室新能源科技有限公司苏州纽迈分析仪器股份有限公司深圳耀石锂电科技有限公司江西欣荣锂电材料有限公司黄山极炭新能源材料科技有限公司黄山极炭新能源材料科技有限公司沈阳市金恒基化工有限公司宁波澜能碳科新材料科技有限公司博云创投江苏新亚森生物质燃料股份公司浙江自立高分子化工材料有限公司苏州弗兰特智能装备有限公司郭氏集团四川津大坩埚，金大碳素公司意尔孚新材料（江苏）宁德时代华友钴业有限公司森松江苏重工有限公司河北瑞碳新能源科技有限公司西安蓝晓科技新材料股份有限公司沃尔森廊坊控制系统设备有限公司江苏海洋大学广西绿循环新材料有限公司GCL Solar Materials US苏州大学成都福骋投资有限公司江苏贝尔机械张家港保税区梵创产业发展有限公司湖南金博碳素股份有限公司杭州嘉帆包装制品有限公司北京林业大学岳阳兴长石化股份有限公司华阳聚慧青岛山海先导装备科技有限公司中石化大连石油化工研究院吉林省熙皓碳业科技有限公司清陶能源时代华景天鹏电源新中能源公司华阳聚慧江苏固芯能源科技有限公司北烯科技兰溪致德新能源材料有限公司江苏正旭企新材料有限公司青岛山海先导装备科技有限公司中石化大连石油化工研究院吉林省熙皓碳业科技有限公司湖南荣炭科技有限公司吉林省熙皓炭业科技有限公司济南圣泉集团股份有限公司吉林省熙皓炭业科技有限公司意尔孚新材料蚌埠吉孚力新材料科技有限公司久钠能源科技（南通）有限公司浙江科技大学潍坊追日磁电科技有限公司厦门理工学院广州重华化工有限公司丹东百特仪器有限公司青岛华世洁新材料科技集团股份有限公司广东新开能环境科技有限公司成都源碳新材料有限公司江西科技学院中国科学院深圳先进技术研究院苏州瑞技利机电科技有限公司河南万贯实业有限公司天目先导电池材料科技股份有限公司江苏苏珞珈雅科比环境材料科技（天津）有限公司宜兴市东山新型材料有限公司中科合肥煤气化技术有限公司上海衡谱科技有限公司杭州沃原生物质能源科技有限公司天能深圳市华明胜科技有限公司深圳索理德新材料科技有限公司青岛福金石墨有限公司强牛兴旺上海自动化设备有限公司炭衍科技服务（无锡）有限公司南昌大学湖州宏道制动系统有限公司郑州市嵩博高温材料有限公司上海玄电新材料上海森永工程设备股份有限公司中山大学合肥国家科学中心四川纳维时代科技有限公司宜兴东山新材料有限公司山东大学台州市金博新材料有限公司固芯能源广东新开能环境科技有限公司浙江明日和顺新材料科技有限公司上海证券有限责任公司厦门一为超材料科技有限公司湖南省正源储能材料与器件研究所厦门海湾化工有效公司上海迈拓尔特种气体有限公司石家庄学院保定顺盈新能源有限公司浙江自立高分子化工材料意尔孚化学（上海）上海迈拓尔特种气体有限公司青岛福金石墨有限公司西北大学杉杉科技研究院北京北炭科技有限公司福建龙亿粉体装备固安海若斯新材料科技有限公司安徽孔源特科技有限公司容创未来（天津）新能源有限公司南京信息工程大学河北亿象新材料科技有限公司南京维摩科技有限公司上海市翔丰华科技股份有限公司长沙理工大学临朐华邦重工设备有限公司天之棋（上海）材料科技有限公司湖南省正源储能材料与器件研究所杭州和利时自动化有限公司杭州师范大学宜宾市高县驻长三角招商分局湖北兴发化工集团股份有限公司江苏贝尔机械股份有限公司江苏正旭企新材料有限公司苏州碳创新材料技术开发有限公司常州市龙鑫智能装备股份有限公司湖州劲钠新能源科技有限公司苏州粉泰克粉体工程技术有限公司研矽光电沈阳盛源新材料上海儒特机电设备有限公司扬州大邦科技有限公司陕西智科祥达科技有限公司硅源新能常州硅源新能材料有限公司鑫诺化工(深圳)有限公司江苏昆山上海汇化实业有限公司银硅（宁波）科技有限公司联泓新材料研究院浙江格源新材料科技有限公司苏州苏锂新材料科技有限公司浙江启源新材料有限公司Alicat炭衍科技服务（无锡）有限公司昌邑森汇新材料有限公司天津理工中屹慧启（上海）科技有限公司杭州嘉帆包装制品有限公司广东汇京智能装备有限公司:强牛兴旺(上海)自动化设备有限公司维坊精华粉体科技股份有限公司青岛芯笙微纳电子科技有限公司江苏博涛智能热工股份有限公司百辐网东莞市志远高热机械科技有限公司山东圣泉新能源科技有限公司青岛正望新材料股份有限公司丹东百特仪器有限公司理化联科(北京)仪器科技有限公司广州森波化工科技有限公司深圳市美格真空科技有限公司研创测控技术(福州)有限公司苏州纽姆特纳米科技有限公司林德气体(上海)有限公司中建材（陕西）新材料装备有限公司山东埃尔派粉体科技股份有限公司山东贝亿特科技有限公司佛山市赛普飞特科技有限公司潍坊精华粉体科技股份有限公司潍坊追日磁电科技有限公司株洲众亿科技有限公司合肥恒力装备有限公司山东华特磁电集团股份有限公司苏州兴业材料科技股份有限公司浙江格源新材料科技有限公司浙江中宁硅业股份有限公司银硅(宁波)科技有限公司湖北宜硅新材料有限公司洛阳联创锂能科技有限公司贵州华睿新材料科技有限公司江苏微普纳米科技有限公司江苏青昀碳基创新材料有限公司深圳沃飞科技有限公司青岛优明科粉体机械有限公司苏州铭隆新材料有限公司常州市龙鑫智能装备股份有限公司江苏尚金干燥科技有限公司苏州孚然德实验设备有限公司玉环比得宝气阀有限公司江苏浦士达环保科技股份有限公司青岛伟杰石墨有限公司广东智子智能技术有限公司浙江阿佩克斯能源科技有限公司上海韵申新能源科技有限公司广东工业大学木林森活性炭江苏有限公司中国科学院山西煤炭化学研究所Alicat佛山大学江苏新超合金科技有限公司内蒙古大学株洲和创中高频设备有限公司江西赣锋锂电科技股份有限公司中碳（江苏）检测有限公司浙江金羽新能源科技有限公司上海汇选机电设备有限公司常州天马粉体科技有限公司西安陕煤泾久新能源科技有限公司博赛利斯（南京）有限公司安徽壹金新能源科技有限公司 广州鹏辉能源科技股份有限公司山东海科创新研究院有限公司浙江阿佩克斯能源科技有限公司天津工业大学太原理工大学宁波物科金硅新材料科技有限责任公司浙江领硅科技有限公司厦门高容纳米新材料科技有限公司陕西晶泰新能源科技有限公司湖南索理德新材料科技有限公司宝武碳业科技股份有限公司欢迎大家报名参会！ 会务组联系方式 ▼ 参会 、参展 、 宣传及赞助事宜 联 系 人： 赵丽联系电话： ***********（微信同号）邮箱 ：caineng9959@163.com联系人：刘冬华联系电话： ***********（微信同号）邮箱 ：caineng3000@163.com报名后请联系赵女士***********（微信同号）—请扫码报名—材料+能源领域一站式服务平台！",,,,pending
6000个大气压“压”出来的电池？丰田日产福特吵翻三天，全球固态电池大佬芝加哥吵出终极时间表：半固态先上车，全固态再等5年！,固态电池SSB,固态电池SSB,"RIOnews API, 固态电池, 氧化物电解质, 半固态, 全固态, 合作进展, 战略合作, 合作, 技术进展, 量产工艺, 前沿技术",normal,2026-08-13T16:33:22+08:00,,北京时间8月11日，第六届全球固态电池年度峰会在美国芝加哥开幕。丰田、日产、福特等整车企业电池研发核心技术人员悉数到场。三天会期下来，一个清晰的信号传遍全场：全固态电池的产业化，比很多人想象的更复杂。三条技术路线，谁也没说服谁峰会上最热闹的，是固态电解质技术路线之争。当前固态电池无机固态电解质主要分为硫化物、氧化物、卤化物三大技术路线。三条路线各有拥趸，谁也没能一统江湖。北美丰田研究院材料研究高级首席科学家Rana Mohtadi在会上直言：“想要突破现有固态电解质材料面临的各类难题，仍需在材料设计层面持续推进固态电池技术研发。”丰田方面对硫化物路线寄予厚望，但硫化物导电性能虽优异，热稳定性却,http://mp.weixin.qq.com/s?__biz=MzkxOTU5NjMwNg==&mid=2247499813&idx=2&sn=d0d41bad2b18a72c6cb42cfadbb3a8d1,,北京时间8月11日，第六届全球固态电池年度峰会在美国芝加哥开幕。丰田、日产、福特等整车企业电池研发核心技术人员悉数到场。三天会期下来，一个清晰的信号传遍全场：全固态电池的产业化，比很多人想象的更复杂。三条技术路线，谁也没说服谁峰会上最热闹的，是固态电解质技术路线之争。当前固态电池无机固态电解质主要分为硫化物、氧化物、卤化物三大技术路线。三条路线各有拥趸，谁也没能一统江湖。北美丰田研究院材料研究高级首席科学家Rana Mohtadi在会上直言：“想要突破现有固态电解质材料面临的各类难题，仍需在材料设计层面持续推进固态电池技术研发。”丰田方面对硫化物路线寄予厚望，但硫化物导电性能虽优异，热稳定性却,北京时间8月11日，第六届全球固态电池年度峰会在美国芝加哥开幕。丰田、日产、福特等整车企业电池研发核心技术人员悉数到场。三天会期下来，一个清晰的信号传遍全场：全固态电池的产业化，比很多人想象的更复杂。三条技术路线，谁也没说服谁峰会上最热闹的，是固态电解质技术路线之争。当前固态电池无机固态电解质主要分为硫化物、氧化物、卤化物三大技术路线。三条路线各有拥趸，谁也没能一统江湖。北美丰田研究院材料研究高级首席科学家Rana Mohtadi在会上直言：“想要突破现有固态电解质材料面临的各类难题，仍需在材料设计层面持续推进固态电池技术研发。”丰田方面对硫化物路线寄予厚望，但硫化物导电性能虽优异，热稳定性却是明显的短板，安全性还有待长期验证。丰田计划2027年在雷克萨斯旗舰车型上开展小批量装车验证。日产汽车的选择更为明确——押注硫化物路线。2026年4月，日产已在横滨工厂的试产线上完成了车用全固态电池原型测试，目标在2028财年推出搭载自研全固态电池的电动汽车。不过，日产硅谷先进技术中心高级研究员Manas Likhit Holekevi Chandrappa本人却对卤化物固态电解质表现出浓厚兴趣。他表示，近期有研究表明，非晶态卤化物（含氧卤化物）固态电解质可实现超过10mS/cm的超高离子电导率。卤化物适配高压正极、能量密度潜力可观，但负极界面与量产工艺仍待突破。氧化物路线则主打稳定性，但固固界面接触不良的痛点始终难以彻底解决。行业在本次峰会上逐渐形成共识：氧化物电解质近2至3年优先落地，硫化物全固态量产则要延后至2028年至2030年。硅基负极：理论很美，现实很痛电解质之外，负极材料同样是峰会的焦点战场。福特汽车研发工程师Owen Lu在现场分享了固态电池高稳定性高性能硅基负极的设计思路。硅基负极被视为下一代高能量密度电池的核心技术方向——硅基材料理论比容量高达4200mAh/g，是传统石墨负极的10倍以上。但问题同样致命：充放电过程中体积膨胀率可达300%至400% ，循环寿命远低于石墨负极。如何在保持高容量的同时解决体积膨胀，是横亘在硅基负极产业化面前的最大障碍。海内外多家材料企业正在持续推进硅基负极相关技术研发与产业化攻关。但从峰会上的讨论来看，从实验室到车规级应用，这条路还远未走通。温等静压：全场最亮的“量产答案”？如果说电解质和负极材料还是在“选路线”的阶段，那量产工艺环节，全场焦点几乎被一家瑞典企业承包了。深耕高压技术领域的瑞典企业Quintus Technologies，其先进制造事业部电池工艺系统总监Pontus Nilsson在会上系统分享了温等静压技术对固态电池产业化的重要作用。“温等静压技术对电池行业至关重要。该工艺能够实现结构复杂、多层堆叠电池组件的均匀致密化，直接提升电池性能与可靠性。”Nilsson表示，随着电池企业持续追求更高能量密度与更长循环寿命，温等静压正成为推动先进电池设计从实验室走向商业化落地的核心工艺，可支撑规模化量产需求。这项技术能实现多层堆叠电池组件的均匀致密化，大幅提升电池的性能与可靠性，直接打通实验室样品到规模化量产的关键环节。国内设备企业利元亨已经和Quintus签署了战略合作协议，双方将聚焦固态电池等静压装备展开联合开发与深度创新，携手攻克行业技术壁垒。温等静压成为全场亮点这件事本身就说明了一个问题：全固态电池的瓶颈已经从“能不能做出来”，变成了“能不能稳定地批量做出来”。中日韩三足鼎立，路线截然不同峰会上的讨论，折射出全球固态电池竞争的基本格局。中国依托完整产业链，以半固态先行，稳步推进固态电池产业化。2026年7月，全球首部车用固态电池国家标准正式落地执行。宁德时代、比亚迪、国轩高科等头部企业纷纷布局固态电池中试线。行业讨论的重心早已从“技术能不能实现”转向“量产落地怎么推进”。日韩则试图攻坚全固态前沿技术以弯道超车。三星SDI计划2027年下半年在韩国蔚山工厂启动全固态电池量产；丰田计划2027年小批量装车验证；日产目标2028财年推出搭载自研全固态电池的电动汽车。业内普遍认为，尽管产业布局持续提速，但受制于材料瓶颈、制造成本与供应链短板，全固态电池大规模量产仍面临诸多挑战。国标落地之后，固态电池进入“真刀真枪”阶段峰会召开前一个月，2026年7月1日，GB/T《电动汽车用固态电池第1部分：术语和分类》国家标准正式实施。这是全球首个车用固态电池国标，首次明确划分了“全固态”与“半固态”的界限——只有经过120℃真空干燥6小时后失重率≤0.5%的电池才能被称为固态电池。国标的落地意味着什么？意味着曾经满天飞的“固态电池”概念车，现在得先过一道硬指标。意味着行业竞争从“谁先做出电芯”转向“谁能在统一标准下把成本做低”。也意味着全固态电池的产业化，真正进入了“真刀真枪”的阶段。峰会结束后的第二天，上海有色网发布快讯指出：行业已形成氧化物电解质近2至3年优先落地、硫化物全固态量产延后至2028至2030年的产业共识。这个共识，也许比任何一家企业的单方面承诺都更接近真相。第六届全球固态电池年度峰会落下了帷幕。丰田、日产、福特各自押注不同的技术路线；Quintus的温等静压设备成为全场焦点；硅基负极的理论优势与现实困境形成鲜明对比。三条技术路线并行探索，没有任何一方能实现绝对垄断。对于普通消费者来说，一个更现实的问题是：要不要等固态电池再买车？答案或许和峰会上的共识一样清晰——氧化物半固态电池2到3年内会大面积上车，但全固态电池的大规模量产，还要再等几年。如果你追求的是“全固态”这三个字带来的终极安全感，那可能需要再耐心一些。如果你只是想体验固态电池技术带来的进步，半固态电池已经上路了。而这场在芝加哥上演的技术路线之争，远未到终局。北京时间8月11日，第六届全球固态电池年度峰会在美国芝加哥开幕。丰田、日产、福特等整车企业电池研发核心技术人员悉数到场。,,,,pending
别再盯着车企发布会了！西南首个固态电池“基因工程”平台刚曝光：80台设备伺候，誓要把5-10年的中试周期变成过去式？,固态电池SSB,固态电池SSB,"RIOnews API, 固态电池, 全固态, 产品发布, 发布, 发布会, 官宣, 合作进展, 投资, 合作, 学术研究, 大学, 科学院, 研究所, 技术进展, 实验室成果, 工艺优化, 新工艺, 界面改性, 界面优化",normal,2026-08-13T16:33:22+08:00,,在2026年的今天，提到“固态电池”这四个字，已经不像三年前那样让人感觉遥不可及。车企的发布会开始频繁提及“全固态原型样件”，电池厂的中试线一条接一条地官宣投产。但一个无法回避的现实是：从实验室里一块几安时的固态电池样品，到真正装在上百万辆车里跑上十年不出问题，中间隔着一条巨大的“死亡之谷”。这条“死亡之谷”的名字，叫中试。就在最近，西南地区首个专门针对固态电池材料的“基因工程”中试平台，在成都未来科技城智创产业园正式建成投运。一期砸下5500万元，配备80余台套专业设备——这笔钱和这些设备，究竟能不能把固态电池从实验室的“样品”加速变成货架上的“产品”？PART 01卡在哪？固态电池的“中试,http://mp.weixin.qq.com/s?__biz=MzkxOTU5NjMwNg==&mid=2247499813&idx=1&sn=5d1e983bbf81a9c1e582515578812971,,在2026年的今天，提到“固态电池”这四个字，已经不像三年前那样让人感觉遥不可及。车企的发布会开始频繁提及“全固态原型样件”，电池厂的中试线一条接一条地官宣投产。但一个无法回避的现实是：从实验室里一块几安时的固态电池样品，到真正装在上百万辆车里跑上十年不出问题，中间隔着一条巨大的“死亡之谷”。这条“死亡之谷”的名字，叫中试。就在最近，西南地区首个专门针对固态电池材料的“基因工程”中试平台，在成都未来科技城智创产业园正式建成投运。一期砸下5500万元，配备80余台套专业设备——这笔钱和这些设备，究竟能不能把固态电池从实验室的“样品”加速变成货架上的“产品”？PART 01卡在哪？固态电池的“中试,在2026年的今天，提到“固态电池”这四个字，已经不像三年前那样让人感觉遥不可及。车企的发布会开始频繁提及“全固态原型样件”，电池厂的中试线一条接一条地官宣投产。但一个无法回避的现实是：从实验室里一块几安时的固态电池样品，到真正装在上百万辆车里跑上十年不出问题，中间隔着一条巨大的“死亡之谷”。这条“死亡之谷”的名字，叫中试。就在最近，西南地区首个专门针对固态电池材料的“基因工程”中试平台，在成都未来科技城智创产业园正式建成投运。一期砸下5500万元，配备80余台套专业设备——这笔钱和这些设备，究竟能不能把固态电池从实验室的“样品”加速变成货架上的“产品”？PART 01卡在哪？固态电池的“中试焦虑”要理解这个平台的价值，得先搞清楚固态电池产业化到底卡在哪。如果去看2026年各大研究机构和院士专家的公开判断，会发现一个惊人的共识：材料层面的科学问题已经基本突破了，真正的硬骨头在工程化。宁德时代董事长曾毓群在2026年大连夏季达沃斯论坛上给出过一个明确的数字：固态电池技术路线成熟度目前仅为Level 4（满分Level 9）。Level 4意味着什么？产品仍处于中试阶段，无法稳定输出高比能特性。中国科学院院士欧阳明高在2026年3月的公开表态中也给出了类似的时间线——全固态电池测试车将在2026年底至2027年陆续面世，但规模化量产大概率还需要3到5年。3到5年，这个时间差怎么填？靠的就是中试。天府绛溪实验室分布式能源集成前沿研究中心副主任蒋琰说得更直白：“在传统模式下，材料筛选靠‘试错’、工艺优化靠‘经验’、中试验证靠‘运气’，一款新材料从实验室发现到规模化应用往往需要5—10年。”5到10年，这个速度对于处在全球竞速中的中国固态电池产业来说，太慢了。具体卡在哪三个环节？平台在建设之初就做了精准的“病灶定位”：第一，材料筛选慢。 固态电解质的可选体系就有硫化物、氧化物、卤化物、聚合物好几条技术路线。每条路线下又有无数种配方组合。用传统“试错法”一个个去试，周期极长、成本极高。第二，界面相容性差。 固态电池最核心的难题就是“固—固界面”。固态电解质和电极材料之间是“硬碰硬”的接触，界面阻抗大、循环稳定性差。这个问题不解决，能量密度再高也白搭。第三，转化周期长。 实验室里做出来一块电池，跟用工业级设备、在工业级环境下批量生产出来一块电池，完全是两码事。从克级到公斤级到吨级，每一个放大步骤都可能翻车。这三个“卡点”，恰好就是成都这个中试平台要正面刚的对手。PART 02怎么破？把“基因工程”搬到电池材料上这个平台全名叫“先进能源材料基因工程融合创新（中试）平台”。名字里带“基因工程”四个字，不是噱头。传统材料研发是什么逻辑？科学家凭经验设计一个配方→做出来→测试性能→不行就改→再试→再改……典型的“试错法” 。而这个平台做的事情，是把材料研发的逻辑从“经验试错”硬生生扭转为“精准设计”。怎么做到的？三个步骤构成一个闭环：第一步：计算预测。 依托第一性原理计算和机器学习，在计算机里快速预测固态电解质、正负极材料的配方和性能。不用先做出来再测，而是先算出来再决定做不做。第二步：高通量智能实验。 算出来一批候选配方之后，通过高通量智能自主实验设备，批量化的材料样品制备、表征与快速筛选。一台机器一天能完成过去一个团队一个月的工作量。第三步：数据建模。 实验数据反馈回模型，形成“计算预测—实验验证—数据建模”的闭环。每一次实验都在“训练”算法，下一次预测就更准。这套打法，在医药研发领域已经被验证过——AI制药公司用类似逻辑把药物发现周期从几年压缩到几个月。现在，它被搬到了固态电池材料上。有行业观察指出，AI材料基因组计划正在固态电池领域全面铺开。宁德时代与中科院物理所合作的AI材料筛选系统“AtlasMat”在2026年上半年完成了对固态电解质领域的“暴力扫描”。而成都这个平台，是把AI计算能力和实体中试产线捏在了一起——不光算得出来，还能做得出来、测得出来。PART 03硬实力：-60℃露点、5~100Ah电芯试制理论说完了，来看点真家伙。这个平台一期总投资5500万元，配备了80余台套材料基因工程专业设备及固态电池试制工艺产线。环境控制能力是第一个硬指标：平台具备全域-45℃露点、最低-60℃露点及万级洁净度环境控制能力。这个数字外行可能没概念。简单说，硫化物固态电解质对水分极度敏感，遇水可能释放硫化氢。生产环境如果不严格控制露点（空气中的水蒸气凝结温度），材料一出问题就是安全问题。-60℃露点意味着环境中的水分含量被压到了极低的水平，这是安全操作硫化物固态电解质的基本门槛。中试能力覆盖三大核心环节：一是固态电解质中试开发。 平台可以开展硫化物、卤化物、氧化物三种主流固态电解质的粉体合成、薄膜制备与界面改性中试。注意，是三种路线全覆盖——不押注某一条技术路线，保持技术中立，谁都能来验证。二是界面与封装工艺攻关。 开展固-固界面优化、多层堆叠设计与封装工艺中试验证。前面说了，“固—固界面”是固态电池最大的痛点之一，这个平台专门有设备和工艺能力去解决它。三是多规格固态电芯试制。 具备5~100Ah多规格固态电芯迭代制样能力。5Ah是实验室级别，100Ah已经接近车规级电芯的容量。从5到100，覆盖了从材料验证到产品验证的全链条。而且平台还兼容常规液态锂电体系开发及验证——这意味着它不只服务固态电池，液态电池的新材料、新工艺也能来用，利用率更高。PART 04不止一个平台在跑值得注意的一个信号是：固态电池中试平台正在全国密集落地。就在这个成都平台投运的同时，2026年5月，工业和信息化部公示了第二批重点培育中试平台初步名单。其中，有研（广东）新材料技术研究院的“全固态电池关键材料与集成中试平台”成功入围；天目湖先进储能技术研究院的“先进固态储能电池中试平台”也同步入选；国联研究院申报的“全固态电池及关键材料中试验证平台”同样上榜。在四川本地，赛科动力0.1GWh全固态电池智能制造平台预计2026年底建成，将是国内首条全固态电池智能制造中试线。宜宾的四川先进电池创新中心也计划在2026年8月底交付使用，补齐宜宾固态电池专业中试平台的配套短板。中国科学院大连化学物理研究所的高性能固态电池核心材料中试平台也已正式入驻大连松木岛化工新材料中试基地。贵州省的固态电池及关键材料中试平台在2025年底被列为省科技厅科技成果转化中试平台。从西南到华东、从华南到东北，固态电池中试平台正在下一盘全国棋。为什么这么多平台在同一时间密集出现？因为2026年正是固态电池从实验室走向工程化验证的关键窗口期。谁先跑通中试环节，谁就有可能在全球固态电池竞赛中占得先机。PART 05下一步：对外开放，对接宁德时代平台建起来了，设备到位了，接下来怎么用？根据平台公布的计划，天府绛溪实验室分布式能源集成前沿研究中心将持续完善新能源材料全链条创新体系，推动平台全面对外开放服务。具体来说，平台将积极对接电子科技大学等科研院所和宁德时代等头部企业的需求，联合共建固态电池中试产学研创新联盟。这里有两个关键信息：第一，全面对外开放。 这不是某个企业或某个研究机构的“自留地”，而是一个公共服务平台。高校的实验室成果可以来这里验证，初创公司的材料配方可以来这里中试，头部企业的工艺优化可以来这里测试。第二，目标很明确——打造“全球领先的固态电池材料中试技术标杆与合作枢纽” 。这个定位，放在2026年的时间点上看，并不是一句空话。中国在固态电池领域的专利数量已经在2025年超过了日本，占全球44% 。有了中试平台的支撑，这些专利转化成产品的速度有望进一步加快。正如彭博新能源财经的评价——中国在固态电池量产方面是“明确的领军者” 。回到开头那个问题：5500万砸下去，固态电池就能从实验室跑出来吗？单一一个平台当然解决不了所有问题。 材料科学需要基础研究突破，设备工程需要精密制造能力，产业链需要上下游协同配合。但这个平台的真正价值在于：它把“从实验室到量产”这件事，从一个靠运气、靠经验、靠熬时间的黑箱，变成了一条可计算、可预测、可加速的流水线。固态电池的终局竞赛，比的不是谁在实验室里做出了最高能量密度的样品——样品大家都能做。比的是谁先把样品变成产品，把产品装上车，把车卖给消费者。从这个意义上说，成都这个5500万的“基因工程”中试平台，不是在做一个实验室的“放大版”。它是在为中国固态电池产业修建一条通往量产的高速公路。路已经铺了一段了。谁能先跑通，我们拭目以待。在2026年的今天，提到“固态电池”这四个字，已经不像三年前那样让人感觉遥不可及。,,,,pending
首批钠电起动电池标准落地，派能科技执笔“行业标尺”,卓研钠电,卓研钠电,"RIOnews API, 钠离子电池, 钠电",normal,2026-08-13T16:16:05+08:00,,近日，钠电起动电池领域迎来一项关键进展——《起动用钠离子电池安全技术规范》（T/CIAPS0054—2026）和《起动用钠离子电池性能要求和测试方法》（T/CIAPS0055—2026）两项团体标准正式实施。这是钠离子起动电池领域的首批技术规范，由中国化学与物理电源行业协会归口，上海派能能源科技股份有限公司（以下简称“派能科技”）及其全资子公司江苏中兴派能电池有限公司担任两项标准的主要起草单位，为标准制定提供了核心技术支撑与产业化应用经验。▍填补标准空白，钠电起动领域首批规范落地长期以来，钠离子起动电池领域缺乏统一的安全技术规范和测试方法，企业在产品研发和质量把控上缺少可参照的统一标尺 ，下游,http://mp.weixin.qq.com/s?__biz=Mzg5MjY4NjcxMw==&mid=2247495958&idx=1&sn=72c593fad3ea348e3139ad50a355a02c,,近日，钠电起动电池领域迎来一项关键进展——《起动用钠离子电池安全技术规范》（T/CIAPS0054—2026）和《起动用钠离子电池性能要求和测试方法》（T/CIAPS0055—2026）两项团体标准正式实施。这是钠离子起动电池领域的首批技术规范，由中国化学与物理电源行业协会归口，上海派能能源科技股份有限公司（以下简称“派能科技”）及其全资子公司江苏中兴派能电池有限公司担任两项标准的主要起草单位，为标准制定提供了核心技术支撑与产业化应用经验。▍填补标准空白，钠电起动领域首批规范落地长期以来，钠离子起动电池领域缺乏统一的安全技术规范和测试方法，企业在产品研发和质量把控上缺少可参照的统一标尺 ，下游,"近日，钠电起动电池领域迎来一项关键进展——《起动用钠离子电池安全技术规范》（T/CIAPS0054—2026）和《起动用钠离子电池性能要求和测试方法》（T/CIAPS0055—2026）两项团体标准正式实施。这是钠离子起动电池领域的首批技术规范，由中国化学与物理电源行业协会归口，上海派能能源科技股份有限公司（以下简称“派能科技”）及其全资子公司江苏中兴派能电池有限公司担任两项标准的主要起草单位，为标准制定提供了核心技术支撑与产业化应用经验。▍填补标准空白，钠电起动领域首批规范落地长期以来，钠离子起动电池领域缺乏统一的安全技术规范和测试方法，企业在产品研发和质量把控上缺少可参照的统一标尺 ，下游整车厂也难以对不同厂家的产品做横向比较。两项标准适用于摩托车、汽车、油机及其他需要高倍率起动的放电电源用钠离子电池单体——《起动用钠离子电池安全技术规范》：规定起动用钠离子电池的安全技术要求与试验方法；《起动用钠离子电池性能要求和测试方法》：规定性能技术要求、测试方法、检验规则，以及标志、包装、运输与贮存要求。标准的落地实施，完善了钠电起动领域的标准体系，为企业有效评估电池的安全性和可靠性提供了统一的依据，有助于进一步提升行业技术水平，也为上下游协同发展构筑了统一的“标尺”，推动钠电起动产业逐步走向规范化、标准化。▍厚积方能执笔：派能科技的牵头底气标准的指标不是写出来的，是测出来的。自2021年起，派能科技率先切入钠电研发赛道，选定“软包体系+聚阴离子（NFPP）”技术路线，围绕材料体系、电芯设计、工艺优化等环节进行系统性攻关。数年持续投入下，积累了涵盖材料筛选、电芯测试、整车匹配等环节的一手数据，这些数据为标准的核心指标和测试方法提供了直接依据，也使得标准内容更具可操作性和产业适用性。产业端同样给出了验证：据派能科技披露，2025年其钠电起停电池出货量位居全国第一。从率先入局、规模领跑，到牵头定标——这条清晰的路径，也是派能科技成为主要起草单位的底气所在。正是基于在钠电领域积累的大量研发数据和工程经验，以及从研发设计、产线建设到量产交付全链条的工程化能力，派能科技得以将自身技术优势转化为行业通用的规范语言，推动钠电起动领域向更安全、更高效的方向发展。▍指标源于实测，量产数据为行业标准赋能派能科技不仅将钠电技术“写进标准”，更将其“跑在路上”，用实打实的测试数据为标准的制定提供了坚实支撑。标准中的安全与性能要求，同样可以在派能科技的量产产品中找到产业化注脚：循环寿命：在45℃高温环境下，6C倍率充电循环超过15000次后，容量保持率仍高于98%；实际使用寿命可达五年以上，与车辆更新周期基本同步，降低了车主的维护成本与更换频次。低温性能：在-20℃条件下，容量保持率超过90%，直指冬季起动难题。安全性：在针刺、过充、过放、挤压、热失控等极端测试中，电池均不起火、不爆炸。经济性：实际路测显示，燃油车换用派能科技钠离子电池后，百公里油耗降低5%—15%；按年均行驶2.7万公里测算，每年可节省油费超过1400元。轻量化设计与高充放电效率，也有助于整车降低能耗。一项标准的分量，往往要在多年之后才能看得清楚。▍结语：标准既立，赛道已明一项标准的分量，往往要在多年之后才能看得清楚。对行业而言，标准落地意味着钠电从""实验室命题""走向""产业语言""——在起动这一高倍率、高安全要求的场景率先确立共识，也就为钠电的规模化蹚出了一条可复制的路径。对企业而言，从2021年选定路线、2025年出货领跑，到2026年执笔标尺，印证了一个朴素的产业规律：标准的制定权，永远属于最早投入、积累最深的那批企业。而在""双碳""与能源转型的背景下，当中国企业在钠电这条全球同步起跑的新赛道上率先立标，其意义已超越一家公司的里程碑——它是中国新能源产业树立行业标准、推动高质量发展的一个缩影。标准既立，赛道已明。派能科技表示，将持续加大研发投入，以更安全、更可靠、更高效的产品，与行业伙伴共同迎接钠电规模化时代的到来！- 点击下方关注 -- 关于马里亚纳 -",,,,pending
安高特电固态电池项目加速推进,起点固态电池,起点固态电池,"RIOnews API, 固态电池",normal,2026-08-13T16:13:12+08:00,,盛夏时节，桐庐大地上项目建设正酣，吊车起落、机器轰鸣，钢筋水泥间升腾着热气与干劲。在经济开发区天鹤路北侧，安高特电固态电池总部及研发生产基地项目一期现场忙碌有序，绑扎钢筋、浇筑混凝土，施工人员各司其职，正全力冲刺建设节点。一号主体厂房规划面积为14000余平方米，其中的动力辅房即将封顶，仓库主体结构接近完工，生产车间的地基已经完工，正等待定制钢结构到位后快速吊装。整体工程进度已完成70%左右，基建部分将于8月底至9月中旬全面完工。该项目是桐庐新能源产业领域的又一标杆工程，总投资约20亿元，计划分三期建设，项目一期总投资约3亿元，将建成年产0.55GWh电池产线。项目现场，在由旧址改建的二号厂房,http://mp.weixin.qq.com/s?__biz=MzU3MzMxNDI5Ng==&mid=2247499250&idx=2&sn=db1afe42277045b5bb1915922296dbc6,,盛夏时节，桐庐大地上项目建设正酣，吊车起落、机器轰鸣，钢筋水泥间升腾着热气与干劲。在经济开发区天鹤路北侧，安高特电固态电池总部及研发生产基地项目一期现场忙碌有序，绑扎钢筋、浇筑混凝土，施工人员各司其职，正全力冲刺建设节点。一号主体厂房规划面积为14000余平方米，其中的动力辅房即将封顶，仓库主体结构接近完工，生产车间的地基已经完工，正等待定制钢结构到位后快速吊装。整体工程进度已完成70%左右，基建部分将于8月底至9月中旬全面完工。该项目是桐庐新能源产业领域的又一标杆工程，总投资约20亿元，计划分三期建设，项目一期总投资约3亿元，将建成年产0.55GWh电池产线。项目现场，在由旧址改建的二号厂房,盛夏时节，桐庐大地上项目建设正酣，吊车起落、机器轰鸣，钢筋水泥间升腾着热气与干劲。在经济开发区天鹤路北侧，安高特电固态电池总部及研发生产基地项目一期现场忙碌有序，绑扎钢筋、浇筑混凝土，施工人员各司其职，正全力冲刺建设节点。一号主体厂房规划面积为14000余平方米，其中的动力辅房即将封顶，仓库主体结构接近完工，生产车间的地基已经完工，正等待定制钢结构到位后快速吊装。整体工程进度已完成70%左右，基建部分将于8月底至9月中旬全面完工。该项目是桐庐新能源产业领域的又一标杆工程，总投资约20亿元，计划分三期建设，项目一期总投资约3亿元，将建成年产0.55GWh电池产线。项目现场，在由旧址改建的二号厂房内，有一条干法层压固态电池小试线已经率先投入运行。这条试线上生产的LM80100干法电池，由浙江安高特电科技有限公司的技术团队自主研发，采用高熵干法富锂正极和锂金属负极技术，突破了固态电池离子传导效率低、高能体系稳定循环难等技术瓶颈，经轻工业化学电源研究所权威检测，电芯能量密度达837.6Wh/kg，循环寿命超过50次。“这款电池的体积跟一台智能手机差不多大，具有高倍率、高循环、高安全等优势，在多个新兴领域具备广阔前景，目前主要规划用于电摩、无人机动力、储能、人形机器人、医疗器械等场景。”公司项目负责人顾翔表示。该项目从立项到今年3月拿到施工许可，再到4月中旬正式进场施工，桐庐经济开发区提供的一站式服务，简化落实了各项审批流程，让企业倍感暖心。“施工期间，开发区工作人员主动对接，帮我们协调解决现场大大小小的问题。台风天提前安排工人安置，高温天送来防暑物资、叮嘱错峰施工。”顾翔感慨道，“这份实实在在的关怀，也让我们更有信心扎根桐庐、深耕发展。”全球固态电池群04-码上入群点击阅读原文，即可报名参展！,,,,pending
CINE2026（第三届）固态电池及钠电国际展定档2026年11月6-7日，广州南沙举办！,起点固态电池,起点固态电池,"RIOnews API, 固态电池",normal,2026-08-13T16:13:12+08:00,,CINE2026（第三届）固态电池及钠电国际展一、展会论坛组织架构展会活动名称：CINE2026（第三届）钠电及固态电池国际展CINE2026电摩电池展同期活动：2026起点钠电年会暨钠电金鼎奖颁奖典礼2026起点固态电池年会暨固态电池金鼎奖颁奖典礼2026起点电摩&换电电池年会暨电摩电池金鼎奖颁奖典礼主办单位：起点钠电起点固态电池起点电摩及换电起点研究活动规模：展商规模100+参会企业1000+专业观众10000+搭建时间：2026年11月4日-5日展会时间：2026年11月6日-7日 （周五、周六）举办地点：广州南沙国际会展中心2楼船厅和南沙厅第一批展商及赞助商名录：金钠科技/茹天科技/华,http://mp.weixin.qq.com/s?__biz=MzU3MzMxNDI5Ng==&mid=2247499250&idx=3&sn=6c02707e99ce804c457b8a6ac6404da2,,CINE2026（第三届）固态电池及钠电国际展一、展会论坛组织架构展会活动名称：CINE2026（第三届）钠电及固态电池国际展CINE2026电摩电池展同期活动：2026起点钠电年会暨钠电金鼎奖颁奖典礼2026起点固态电池年会暨固态电池金鼎奖颁奖典礼2026起点电摩&换电电池年会暨电摩电池金鼎奖颁奖典礼主办单位：起点钠电起点固态电池起点电摩及换电起点研究活动规模：展商规模100+参会企业1000+专业观众10000+搭建时间：2026年11月4日-5日展会时间：2026年11月6日-7日 （周五、周六）举办地点：广州南沙国际会展中心2楼船厅和南沙厅第一批展商及赞助商名录：金钠科技/茹天科技/华,CINE2026（第三届）固态电池及钠电国际展一、展会论坛组织架构展会活动名称：CINE2026（第三届）钠电及固态电池国际展CINE2026电摩电池展同期活动：2026起点钠电年会暨钠电金鼎奖颁奖典礼2026起点固态电池年会暨固态电池金鼎奖颁奖典礼2026起点电摩&换电电池年会暨电摩电池金鼎奖颁奖典礼主办单位：起点钠电起点固态电池起点电摩及换电起点研究活动规模：展商规模100+参会企业1000+专业观众10000+搭建时间：2026年11月4日-5日展会时间：2026年11月6日-7日 （周五、周六）举办地点：广州南沙国际会展中心2楼船厅和南沙厅第一批展商及赞助商名录：金钠科技/茹天科技/华普森/奥冠电池/旭钠/信瑞新能源/纳甘/儒特股份/晟钠新能/同兴皓升/海四达钠星/钠美科技/科达新能源/钠特尔/川源科技/奥克莱集团/青钠能源/科锐晟/九续钠电/希倍动力/恒大高新/科迈罗/长篙新材/易禾环境/鹏锦智能/赣锋锂电/宝试仪器/旭派动力/津工能源/日联科技/极电特能/亿隆能源/双环科技/瑞森新材料/钠科能源等二、展会及论坛议程三、展馆布局图四参展及论坛报名费用收款单位：深圳市起点研究咨询有限公司开户行：中国农业银行深圳前进路支行银行账号：41019700040025862汇款请注明：宣传费/服务费/会议展览服五、组委会联系方式参展+赞助咨询： 杨先生：*********** 邱先生：*********** 江先生：*********** 尧先生：***********邹先生：*********** 展会免费门票登记领取/组团参观：张小姐：***********论坛报名：于小姐：***********媒体合作：黄小姐：***********刘小姐 ***********六、往届参展展商名录金钠科技/天能钠电/皓升新能源/科迈罗/茹天科技/亮见钠电/维科技术/海四达钠星/易事特钠电/泰和科技/隐功科技/国科炭美/晟钠新能/中钠能源/乔岳智能/津工能源/科达新能源/时代思康/富钠能源/极电特能/华普森/叁星飞荣/纳甘新能源/扬广科技/银川苏银产业园/兆钠新能源/精诚时代/儒特股份/希倍动力/先导干燥/瓦时动力/博粤新材料/苏州翼动新能/亿隆能源/钠创新能源/凯德利/长篙新材/孚悦科技/珈钠能源/鑫钠新材料/同兴科技/黔钠科技/鑫晟达/新威/容钠新能源/科路得新能源/华迈智能/猛狮新能源/绿捷环境/钠美科技/柏励司/派能科技/英钠新能源/为方能源/盛安精瓷/果曼钠电/中科固能 /融捷能源/浙江锋锂/国联动力/瑞森新材料/海裕百特/天石科丰/有研广东院/博粤新材/研一新材料/巴斯夫杉杉/清研电子/先导智能/清华大学深圳院/中科院合肥物质科学研究院/巴中经开区/佰思格/厦门前驱新材料/艾迈斯/钹鑫科技/成泰科技/铧钠新材料/瑞扬新能源/尚金干燥/湖钠能源/钠博恩/璞钠能源/钠奇盛新能源/三盛塑胶/华钠科技/天钠科技/金启航新能源/钠创新能源/汇创新能源/愚公高科/儒特实业/津工能源/莫洛奇/果曼钠电/亿纬锂能/福建贤辰/易事特/尚水智能/浦士达/容钠新能源/中天和/苏州研新/猛狮新能源/凯德利/超力源/净森源/珠海欧美莱/昇旭光电/陀普科技/英钠新能源/苏州翼动/泽源智能/国科炭美/奥冠电池/金力新能源/纷享销客/东能钠新/思谷智能/卓能新能源/智莱科技/浩能科技/同兴环保/杰事途/海裕百特/汇港标杆/比特安/中比新能源/恒大高新/铜益九州/和誉智能/琥崧科技点击阅读原文，即可报名参展！,,,,pending
9大研发/生产基地成型，卫蓝新能源加速冲击“固态电池第一股”,起点固态电池,起点固态电池,"RIOnews API, 固态电池, 全固态, 产品发布, 发布, 产品落地, 合作进展, 融资, 投资",normal,2026-08-13T16:13:12+08:00,,2016年8月至2026年8月，固态电池独角兽卫蓝新能源迎来成立十周年。立足这一时间节点，卫蓝新能源官方系统梳理企业发展大事记与全国产业布局项目。起点固态电池从卫蓝新能源发布的 “卫蓝新能源十周年巡礼之研发、生产基地篇” 获悉，自2016年创立以来，卫蓝新能源以北京房山研发总部作为技术策源地，稳步建成九大专业化研发、生产基地，搭建起覆盖核心技术孵化、小批量中试、规模化量产的全国产能矩阵，形成 “研发引领、多域协同、产销联动” 的全产业链布局底盘。各基地分工清晰，北京总部主攻前沿技术迭代与样品验证；华东、华南、鲁苏等生产基地分别布局车载动力、新型储能、低空动力、PACK 集成等赛道，实现南北产能,http://mp.weixin.qq.com/s?__biz=MzU3MzMxNDI5Ng==&mid=2247499250&idx=1&sn=c00a63c59a6c454d0e53ddd251c979b0,,2016年8月至2026年8月，固态电池独角兽卫蓝新能源迎来成立十周年。立足这一时间节点，卫蓝新能源官方系统梳理企业发展大事记与全国产业布局项目。起点固态电池从卫蓝新能源发布的 “卫蓝新能源十周年巡礼之研发、生产基地篇” 获悉，自2016年创立以来，卫蓝新能源以北京房山研发总部作为技术策源地，稳步建成九大专业化研发、生产基地，搭建起覆盖核心技术孵化、小批量中试、规模化量产的全国产能矩阵，形成 “研发引领、多域协同、产销联动” 的全产业链布局底盘。各基地分工清晰，北京总部主攻前沿技术迭代与样品验证；华东、华南、鲁苏等生产基地分别布局车载动力、新型储能、低空动力、PACK 集成等赛道，实现南北产能,2016年8月至2026年8月，固态电池独角兽卫蓝新能源迎来成立十周年。立足这一时间节点，卫蓝新能源官方系统梳理企业发展大事记与全国产业布局项目。起点固态电池从卫蓝新能源发布的 “卫蓝新能源十周年巡礼之研发、生产基地篇” 获悉，自2016年创立以来，卫蓝新能源以北京房山研发总部作为技术策源地，稳步建成九大专业化研发、生产基地，搭建起覆盖核心技术孵化、小批量中试、规模化量产的全国产能矩阵，形成 “研发引领、多域协同、产销联动” 的全产业链布局底盘。各基地分工清晰，北京总部主攻前沿技术迭代与样品验证；华东、华南、鲁苏等生产基地分别布局车载动力、新型储能、低空动力、PACK 集成等赛道，实现南北产能互补、技术双向赋能。全国九大基地成型，产能优势明显北京总部研发基地：占地面积70亩，总投资7亿元，2023年正式投入使用。北京量产基地：占地面积151亩，计划总投资20亿元，规划产能8GWh，一期项目2026年投产。公开信息显示，该基地坐落于北京房山，一期产能0.2GWh，2025年10月完成主体封顶，2026年1月12日进入试投产阶段，持续开展产能爬坡。目前基地围护结构施工、设备调试工作基本完成，产品重点配套高端乘用车与低空动力场景。江苏溧阳基地：占地面积38亩，总投资1.6亿元，2020年投产，现有产能0.2GWh。湖州梦溪基地：占地面积70 亩，总投资8亿元，2022年投产，产能规模2GWh。山东淄博基地：占地面积500亩，计划总投资80亿元；3.6GWh产线已于2023年投产，剩余16.4GWh产能规划2027年投产。中科超能项目：占地5778.9平方米，总投资6500万元，2024年投入运营。中科超能为卫蓝新能源旗下专注固态电池技术研发的子公司，2023年8月注册成立，总部设于深圳坪山区，现阶段推进全固态电池小试线建设，产品面向新能源车、储能、无人机、电动船舶等领域。企业先后在2025年12月、2026年4月完成两轮融资。浙江蓝珧项目：占地22.5亩，总投资2亿元，规划年产1万吨固态电解质材料，2024年顺利投产。湖州康山基地：占地面积500亩，计划总投资109亿元，规划产能20GWh，预计2027年投产。广东花都基地：占地面积213亩，计划总投资20亿元，规划产能12GWh，投产时间同样定于2027年。除自有基地建设外，卫蓝新能源持续通过产业链合资模式完善产能版图。比如，卫蓝与陕林集团合资设立云石卫蓝，依托云石卫蓝落地淄博、南京江宁项目：首条生产线2025年落地卫蓝海博现有车间，计划投资12亿元；南京项目于今年年初签约，总投资52亿元，规划建设年产15GWh固态锂电池、电池 PACK及储能装备生产基地。产业合资项目持续落地：今年3月，卫蓝新能源联合广东能源集团打造的固液储能电池产线于珠海投产，产线落地珠海海四达新能源基地，主打314Ah固液储能电池产品；今年7月，卫蓝新能源与星汉能源共建的 3GWh 固态电池包智能制造及电动重卡物流产业园正式开工，项目占地160亩，总投资15亿元。多维优势冲刺固态电池第一股持续扩张的产能版图，是卫蓝新能源产业化推进的坚实根基。作为中科院物理所固态电池技术核心产业化平台，卫蓝新能源拥有业内稀缺的产学研一体化优势，依托陈立泉院士领衔的核心研发团队，掌握原位固态化核心技术路线，同步布局混合固液电池与全固态电池两大方向，实现固态电解质、电芯工艺等关键环节自主研发。依托分层布局的九大基地，卫蓝打通从固态电解质原材料、电芯制造、电池 PACK 到多场景应用的完整链条，兼顾前沿技术中试、现有产品量产与远期产能储备，形成材料 — 电芯 — 系统协同发展格局。场景多元化布局成为卫蓝另一大差异化竞争力。区别于多数企业聚焦单一车载赛道，卫蓝依托各地基地分工，同步覆盖高端新能源汽车、大型储能、户储、低空无人机、电动船舶、电动重卡等多元市场，有效平滑单一行业周期波动。随着珠海储能产线、庆阳电池包产业园陆续落地，卫蓝在储能与商用交通领域的产品落地速度持续加快，混合固液储能电芯、低空动力电芯已实现商业化批量供货。资本层面，卫蓝新能源正向“固态电池第一股”发起冲击。2025年12月，公司向北京证监局提交IPO辅导备案，辅导机构为中信建投证券，截至2026年6月底，已完成第二期辅导。最新市场消息显示，卫蓝新能源正在推进规模20亿元的Pre-IPO轮融资，投前估值约200亿元。成立至今，卫蓝新能源累计完成八轮融资，最近一轮为2025年9月落地的D + 轮融资，北京市绿色能源和低碳产业投资基金、北京市新材料产业投资基金增资入局，广东能源集团、工银资本等机构新晋成为股东。企查查资料显示，卫蓝股东阵容汇集蔚来资本、小米集团、吉利控股、IDG 资本、华为哈勃投资、天齐锂业、华友钴业、恩捷股份等产业链龙头与一线投资机构，产业资本加持为后续产能建设、技术迭代提供充足资金保障。随着多个大型基地将在2027年集中投产，卫蓝新能源规划总产能将迎来大幅跃升，叠加混合固液电池规模化装车、储能订单持续释放，企业有望持续巩固国内固态电池第一梯队地位，加速推动固态电池从示范应用迈向大规模商业化时代。全球固态电池群04-码上入群点击阅读原文，即可报名参展！,,,,pending
7月国内碳酸锂产量下降,鑫椤锂电,鑫椤锂电,"RIOnews API, 新材料, 碳, 碳酸锂",normal,2026-08-13T15:44:56+08:00,,关注公众号，点击公众号主页右上角“ ··· ”，设置星标“⭐”，关注鑫椤锂电资讯~本文来源：鑫椤锂电鑫椤讯：据ICC鑫椤资讯统计，2026年7月国内碳酸锂产量为10.77万吨（含回收料），环比下降2.18%。从锂源看，由于津巴布韦锂矿到货不及预期，7月份锂辉石端碳酸锂产量下降明显；盐湖步入旺季后产量继续稳步增长；锂云母企业受换证影响，产量继续下降。本文作者：钱先生/*********** 鑫椤福利免费领取：点击《2026年全球锂电产业链分布图》查看领取方式。END如题,http://mp.weixin.qq.com/s?__biz=MzU0MTkzOTQzOA==&mid=2247571185&idx=2&sn=73380732f282926d256b6042cafe0a8b,,关注公众号，点击公众号主页右上角“ ··· ”，设置星标“⭐”，关注鑫椤锂电资讯~本文来源：鑫椤锂电鑫椤讯：据ICC鑫椤资讯统计，2026年7月国内碳酸锂产量为10.77万吨（含回收料），环比下降2.18%。从锂源看，由于津巴布韦锂矿到货不及预期，7月份锂辉石端碳酸锂产量下降明显；盐湖步入旺季后产量继续稳步增长；锂云母企业受换证影响，产量继续下降。本文作者：钱先生/*********** 鑫椤福利免费领取：点击《2026年全球锂电产业链分布图》查看领取方式。END如题,关注公众号，点击公众号主页右上角“ ··· ”，设置星标“⭐”，关注鑫椤锂电资讯~本文来源：鑫椤锂电鑫椤讯：据ICC鑫椤资讯统计，2026年7月国内碳酸锂产量为10.77万吨（含回收料），环比下降2.18%。从锂源看，由于津巴布韦锂矿到货不及预期，7月份锂辉石端碳酸锂产量下降明显；盐湖步入旺季后产量继续稳步增长；锂云母企业受换证影响，产量继续下降。本文作者：钱先生/*********** 鑫椤福利免费领取：点击《2026年全球锂电产业链分布图》查看领取方式。END如题,,,,pending
大手笔！磷酸铁锂赛道再迎110亿元投资！,鑫椤锂电,鑫椤锂电,"RIOnews API, 磷酸铁锂, 铁锂, 产能, 增资, 投资",normal,2026-08-13T15:44:56+08:00,,关注公众号，点击公众号主页右上角“ ··· ”，设置星标“⭐”，关注鑫椤锂电资讯~本文来源：企业公告钛能化学8月11日晚连发两则公告，加码磷酸铁锂产业链，两项投资合计约110亿元。其一，全资子公司甘肃东方钛业拟在甘肃白银投建“年产60万吨磷酸铁/磷酸铁钠前驱体（磷酸铁）项目”，投资总额54.62亿元。项目分两期建设（一期40万吨、二期20万吨），一期建设周期不超过18个月，二期将视市场环境审慎推进。其二，公司对控股子公司贵州中合磷化增资2.6亿元，并合资建设“年产40万吨钛白粉及140万吨七水硫酸亚铁项目”，投资总额55.38亿元，选址贵阳开阳化工园区，建设周期不超过36个月。该项目是公司与贵,http://mp.weixin.qq.com/s?__biz=MzU0MTkzOTQzOA==&mid=2247571185&idx=1&sn=898b7b8d77f3673c60922a2ffa54b9fc,,关注公众号，点击公众号主页右上角“ ··· ”，设置星标“⭐”，关注鑫椤锂电资讯~本文来源：企业公告钛能化学8月11日晚连发两则公告，加码磷酸铁锂产业链，两项投资合计约110亿元。其一，全资子公司甘肃东方钛业拟在甘肃白银投建“年产60万吨磷酸铁/磷酸铁钠前驱体（磷酸铁）项目”，投资总额54.62亿元。项目分两期建设（一期40万吨、二期20万吨），一期建设周期不超过18个月，二期将视市场环境审慎推进。其二，公司对控股子公司贵州中合磷化增资2.6亿元，并合资建设“年产40万吨钛白粉及140万吨七水硫酸亚铁项目”，投资总额55.38亿元，选址贵阳开阳化工园区，建设周期不超过36个月。该项目是公司与贵,关注公众号，点击公众号主页右上角“ ··· ”，设置星标“⭐”，关注鑫椤锂电资讯~本文来源：企业公告钛能化学8月11日晚连发两则公告，加码磷酸铁锂产业链，两项投资合计约110亿元。其一，全资子公司甘肃东方钛业拟在甘肃白银投建“年产60万吨磷酸铁/磷酸铁钠前驱体（磷酸铁）项目”，投资总额54.62亿元。项目分两期建设（一期40万吨、二期20万吨），一期建设周期不超过18个月，二期将视市场环境审慎推进。其二，公司对控股子公司贵州中合磷化增资2.6亿元，并合资建设“年产40万吨钛白粉及140万吨七水硫酸亚铁项目”，投资总额55.38亿元，选址贵阳开阳化工园区，建设周期不超过36个月。该项目是公司与贵州磷化集团“磷-硫-钛-铁-锂-氟”循环耦合一体化战略的核心组成部分。钛能化学原为中核钛白，深耕硫酸法钛白粉多年，近年已转型为钛化工、磷化工、新能源材料协同发展的综合企业，成功构建“硫-磷-铁-钛-锂”绿色循环产业模式。目前，公司拥有钛白粉产能近70万吨/年、磷矿50万吨/年、黄磷12万吨/年、磷酸铁10万吨/年，产业基地横跨甘肃、安徽、贵州、四川四省五市。公司表示，磷酸铁锂已成为全球锂电池最主要技术路线，磷酸铁前驱体市场需求持续增长，上述项目将进一步完善其新能源材料业务布局，巩固在第五代高性能磷酸铁锂领域的竞争力。两项投资均采用分期建设模式，以控制风险并灵活应对市场变化。 鑫椤福利免费领取：点击《2026年全球锂电产业链分布图》查看领取方式。END如题,,,,pending
这一半固态锂电池企业拿下亿元级融资,鑫椤锂电,鑫椤锂电,"RIOnews API, 高比能, 硅, 出货, 出货量, 融资, 量产, 落地",normal,2026-08-13T15:44:56+08:00,,关注公众号，点击公众号主页右上角“ ··· ”，设置星标“⭐”，关注鑫椤锂电资讯~本文来源：鑫椤锂电8月12日消息，固芯能源拿下亿元级融资，本轮由投控东海领投，建元基金跟投。本次融资落地，标志着固芯能源正式完成战略升级，从特种高端电池供应商，升级为具身智能、低空经济、商业航天赛道的核心能源基础设施服务商，其“极端场景验证、高端市场放量”的独特成长路径，获得资本市场充分认可。据介绍，依托独家硅负极半固态技术体系，固芯能源历经四年的打磨，完成了100%硅负极电池的量产，能量密度可达405Wh/kg，同时也储备了470Wh/kg、550Wh/kg等下一代全硅电池产品。2026年成为全球400+Wh/,http://mp.weixin.qq.com/s?__biz=MzU0MTkzOTQzOA==&mid=2247571185&idx=3&sn=9759aec4999c61260df260db6fbbba0e,,关注公众号，点击公众号主页右上角“ ··· ”，设置星标“⭐”，关注鑫椤锂电资讯~本文来源：鑫椤锂电8月12日消息，固芯能源拿下亿元级融资，本轮由投控东海领投，建元基金跟投。本次融资落地，标志着固芯能源正式完成战略升级，从特种高端电池供应商，升级为具身智能、低空经济、商业航天赛道的核心能源基础设施服务商，其“极端场景验证、高端市场放量”的独特成长路径，获得资本市场充分认可。据介绍，依托独家硅负极半固态技术体系，固芯能源历经四年的打磨，完成了100%硅负极电池的量产，能量密度可达405Wh/kg，同时也储备了470Wh/kg、550Wh/kg等下一代全硅电池产品。2026年成为全球400+Wh/,关注公众号，点击公众号主页右上角“ ··· ”，设置星标“⭐”，关注鑫椤锂电资讯~本文来源：鑫椤锂电8月12日消息，固芯能源拿下亿元级融资，本轮由投控东海领投，建元基金跟投。本次融资落地，标志着固芯能源正式完成战略升级，从特种高端电池供应商，升级为具身智能、低空经济、商业航天赛道的核心能源基础设施服务商，其“极端场景验证、高端市场放量”的独特成长路径，获得资本市场充分认可。据介绍，依托独家硅负极半固态技术体系，固芯能源历经四年的打磨，完成了100%硅负极电池的量产，能量密度可达405Wh/kg，同时也储备了470Wh/kg、550Wh/kg等下一代全硅电池产品。2026年成为全球400+Wh/kg电芯出货量最大企业，同时也是固定翼及多旋翼无人机长续航电池品类占有率最高企业。 鑫椤福利免费领取：点击《2026年全球锂电产业链分布图》查看领取方式。END如题,,,,pending
年产0.55GWh！安高特电固态电池项目加速推进,固态电池前沿,固态电池前沿,"RIOnews API, 固态电池, 学术研究, 大学, 研究所",normal,2026-08-13T15:36:32+08:00,,盛夏时节，桐庐大地上项目建设正酣，吊车起落、机器轰鸣，钢筋水泥间升腾着热气与干劲。在经济开发区天鹤路北侧，安高特电固态电池总部及研发生产基地项目一期现场忙碌有序，绑扎钢筋、浇筑混凝土，施工人员各司其职，正全力冲刺建设节点。一号主体厂房规划面积为14000余平方米，其中的动力辅房即将封顶，仓库主体结构接近完工，生产车间的地基已经完工，正等待定制钢结构到位后快速吊装。整体工程进度已完成70%左右，基建部分将于8月底至9月中旬全面完工。该项目是桐庐新能源产业领域的又一标杆工程，总投资约20亿元，计划分三期建设，项目一期总投资约3亿元，将建成年产0.55GWh电池产线。项目现场，在由旧址改建的二号厂房,http://mp.weixin.qq.com/s?__biz=MzkwMDI5MTkyNQ==&mid=2247503491&idx=2&sn=2ed348b3ba86a277039dda2e885378b1,,盛夏时节，桐庐大地上项目建设正酣，吊车起落、机器轰鸣，钢筋水泥间升腾着热气与干劲。在经济开发区天鹤路北侧，安高特电固态电池总部及研发生产基地项目一期现场忙碌有序，绑扎钢筋、浇筑混凝土，施工人员各司其职，正全力冲刺建设节点。一号主体厂房规划面积为14000余平方米，其中的动力辅房即将封顶，仓库主体结构接近完工，生产车间的地基已经完工，正等待定制钢结构到位后快速吊装。整体工程进度已完成70%左右，基建部分将于8月底至9月中旬全面完工。该项目是桐庐新能源产业领域的又一标杆工程，总投资约20亿元，计划分三期建设，项目一期总投资约3亿元，将建成年产0.55GWh电池产线。项目现场，在由旧址改建的二号厂房,盛夏时节，桐庐大地上项目建设正酣，吊车起落、机器轰鸣，钢筋水泥间升腾着热气与干劲。在经济开发区天鹤路北侧，安高特电固态电池总部及研发生产基地项目一期现场忙碌有序，绑扎钢筋、浇筑混凝土，施工人员各司其职，正全力冲刺建设节点。一号主体厂房规划面积为14000余平方米，其中的动力辅房即将封顶，仓库主体结构接近完工，生产车间的地基已经完工，正等待定制钢结构到位后快速吊装。整体工程进度已完成70%左右，基建部分将于8月底至9月中旬全面完工。该项目是桐庐新能源产业领域的又一标杆工程，总投资约20亿元，计划分三期建设，项目一期总投资约3亿元，将建成年产0.55GWh电池产线。项目现场，在由旧址改建的二号厂房内，有一条干法层压固态电池小试线已经率先投入运行。这条试线上生产的LM80100干法电池，由浙江安高特电科技有限公司的技术团队自主研发，采用高熵干法富锂正极和锂金属负极技术，突破了固态电池离子传导效率低、高能体系稳定循环难等技术瓶颈，经轻工业化学电源研究所权威检测，电芯能量密度达837.6Wh/kg，循环寿命超过50次。“这款电池的体积跟一台智能手机差不多大，具有高倍率、高循环、高安全等优势，在多个新兴领域具备广阔前景，目前主要规划用于电摩、无人机动力、储能、人形机器人、医疗器械等场景。”公司项目负责人顾翔表示。该项目从立项到今年3月拿到施工许可，再到4月中旬正式进场施工，桐庐经济开发区提供的一站式服务，简化落实了各项审批流程，让企业倍感暖心。“施工期间，开发区工作人员主动对接，帮我们协调解决现场大大小小的问题。台风天提前安排工人安置，高温天送来防暑物资、叮嘱错峰施工。”顾翔感慨道，“这份实实在在的关怀，也让我们更有信心扎根桐庐、深耕发展。”2025年8月，浙江安高特电科技有限公司固态电池总部及研发生产基地项目一期开工仪式在桐庐经济开发区举行。浙江安高特电科技有限公司成立于2024年10月，是一家专注于专注于高熵固态锂电池及相关电源系统的研发与应用的高新技术企业。目前已构建起四川雅安、湖南郴州、浙江桐庐三大生产智造基地，以及四川成都和浙江杭州两个研发基地，致力于通过技术创新推动产业升级，全方位赋能产品研发与生产制造。据了解，该项目总投资21.2亿元，计划分三期建设，将在五年内建设年产3.5GWh固态电池生产基地。本次开工建设的一期项目位于桐庐经济开发区天鹤路与舒川路交叉口西侧，总用地面积18.06亩，计划投资2.8亿元，将携手清华大学、北京航空航天大学等高校和科研机构，建设规划国内首条干法层压固态电池产线，计划2026年5月底建成投产。这一产线的建成，有望填补国内相关领域的空白，推动固态电池技术实现质的飞跃。来源：桐庐新闻网、桐庐发布尊敬的读者，亚化咨询推出了《中国固态电池与液流电池月报》，每月以PDF电子文档格式出版。《中国固态电池与液流电池月报》分为免费版与付费版两个版本，定于每月10日发送至订阅客户邮箱。免费版正文包含4个板块：行业会议政策动向企业动态与工程项目技术进展与创新与免费版相比，付费版的区别在于新增中国固态电池与液流电池项目数据库（月度更新），包括以下四个项目表：中国全钒液流电池项目数据库中国钒电池电解液项目数据库中国液流电池储能项目数据库中国固态电池项目数据库赞助方案Asiachem项目项目内容主题演讲25分钟主题演讲参会名额微信推送微信公众号，企业介绍以及相关软文会刊广告研讨会会刊，彩色全页广告（尺寸A4）资料入袋赞助企业的宣传册放入会议包袋现场展台现场展示台，展示样品、资料，含两个参会名额现场易拉宝现场1个易拉宝展示礼品赞助印有赞助商logo的礼品赠送参会听众茶歇赞助冠名和赞助会议期间的茶歇晚宴赞助冠名和赞助会议的招待晚宴Logo展示背景墙 logo，会刊封面logo如果您有意向参与演讲、赞助、参会或购买报告更多详情欢迎您与我们联系 MEETINGS 往期会议回顾左右滑动查看更多第二届硫化锂与硫化物固态电池论坛2026圆满召开！第四届钒原料、电解液与钒电池储能论坛2026圆满召开！中国国际钒液流电池论坛2025圆满召开！第三届钒原料、电解液与钒电池储能论坛2025圆满召开！硫化锂与硫化物固态电池论坛2025圆满召开中国国际钒液流储能大会2024圆满召开！2024钒原料、电解液与钒电池储能论坛第二届液流储能电池技术与产业发展论坛2024圆满召开！质子膜、双极板、电极材料与电堆技术论坛钒原料、电解液与钒电池产业发展论坛20232023液流储能电池技术与产业发展论坛圆满召开！推荐订阅,,,,pending
欢迎订阅2026年《中国固态电池与液流电池月报》,固态电池前沿,固态电池前沿,"RIOnews API, 固态电池",normal,2026-08-13T15:36:32+08:00,,尊敬的读者，亚化咨询推出了《中国固态电池与液流电池月报》，每月以PDF电子文档格式出版。《中国固态电池与液流电池月报》分为免费版与付费版两个版本，定于每月10日发送至订阅客户邮箱。免费版正文包含4个板块：行业会议政策动向企业动态与工程项目技术进展与创新与免费版相比，付费版的区别在于新增中国固态电池与液流电池项目数据库（月度更新），包括以下四个项目表：中国全钒液流电池项目数据库中国钒电池电解液项目数据库中国液流电池储能项目数据库中国固态电池项目数据库如果您有意向参与演讲、赞助、参会或购买报告更多详情欢迎您与我们联系 MEETINGS 往期会议回顾左右滑动查看更多第二届硫化锂与硫化物固态电池论坛2,http://mp.weixin.qq.com/s?__biz=MzkwMDI5MTkyNQ==&mid=2247503491&idx=3&sn=c9e00c498c7db6f26498a1a0c675978e,,尊敬的读者，亚化咨询推出了《中国固态电池与液流电池月报》，每月以PDF电子文档格式出版。《中国固态电池与液流电池月报》分为免费版与付费版两个版本，定于每月10日发送至订阅客户邮箱。免费版正文包含4个板块：行业会议政策动向企业动态与工程项目技术进展与创新与免费版相比，付费版的区别在于新增中国固态电池与液流电池项目数据库（月度更新），包括以下四个项目表：中国全钒液流电池项目数据库中国钒电池电解液项目数据库中国液流电池储能项目数据库中国固态电池项目数据库如果您有意向参与演讲、赞助、参会或购买报告更多详情欢迎您与我们联系 MEETINGS 往期会议回顾左右滑动查看更多第二届硫化锂与硫化物固态电池论坛2,尊敬的读者，亚化咨询推出了《中国固态电池与液流电池月报》，每月以PDF电子文档格式出版。《中国固态电池与液流电池月报》分为免费版与付费版两个版本，定于每月10日发送至订阅客户邮箱。免费版正文包含4个板块：行业会议政策动向企业动态与工程项目技术进展与创新与免费版相比，付费版的区别在于新增中国固态电池与液流电池项目数据库（月度更新），包括以下四个项目表：中国全钒液流电池项目数据库中国钒电池电解液项目数据库中国液流电池储能项目数据库中国固态电池项目数据库如果您有意向参与演讲、赞助、参会或购买报告更多详情欢迎您与我们联系 MEETINGS 往期会议回顾左右滑动查看更多第二届硫化锂与硫化物固态电池论坛2026圆满召开！第四届钒原料、电解液与钒电池储能论坛2026圆满召开！中国国际钒液流电池论坛2025圆满召开！第三届钒原料、电解液与钒电池储能论坛2025圆满召开！硫化锂与硫化物固态电池论坛2025圆满召开中国国际钒液流储能大会2024圆满召开！2024钒原料、电解液与钒电池储能论坛第二届液流储能电池技术与产业发展论坛2024圆满召开！质子膜、双极板、电极材料与电堆技术论坛钒原料、电解液与钒电池产业发展论坛20232023液流储能电池技术与产业发展论坛圆满召开！推荐订阅欢迎订阅2025年《中国固态电池与液流电池月报》,,,,pending
国轩控股连落两子：合肥上马万吨级硫化物电解质，安庆2万吨硫化锂产线启动建设,固态电池前沿,固态电池前沿,"RIOnews API, 固态电池, 硫化物电解质, 全固态, 合作进展, 项目签约, 投资, 量产推进, 产能, 环境影响评价, 产线建设, 产线启动",normal,2026-08-13T15:36:32+08:00,,近期，国轩控股集团在固态电池关键材料领域接连取得重大进展，分别于合肥、安庆两地同步推进产业化布局。合肥方面，8月12日，合肥市生态环境局发布合肥乾锐科技有限公司年产1万吨硫化物固态电解质材料项目环境影响评价第二次公示，该项目总投资约10.66亿元，规划年产1万吨硫化物固态电解质材料。安庆方面，7月21日，国轩控股集团年产20000吨固态电池关键材料项目正式启动建设，该项目由安徽乾圆科技有限公司负责实施，系全球首条万吨级高纯硫化锂量产产线，计划2027年完成产业化建设。两大项目互为配套，标志着国轩控股在硫化物全固态电池上游核心材料领域正加速从研发走向规模化量产。1.合肥乾锐科技有限公司年产1万吨,http://mp.weixin.qq.com/s?__biz=MzkwMDI5MTkyNQ==&mid=2247503491&idx=1&sn=0d5e4694d47ad85dc25edd1f9d576621,,近期，国轩控股集团在固态电池关键材料领域接连取得重大进展，分别于合肥、安庆两地同步推进产业化布局。合肥方面，8月12日，合肥市生态环境局发布合肥乾锐科技有限公司年产1万吨硫化物固态电解质材料项目环境影响评价第二次公示，该项目总投资约10.66亿元，规划年产1万吨硫化物固态电解质材料。安庆方面，7月21日，国轩控股集团年产20000吨固态电池关键材料项目正式启动建设，该项目由安徽乾圆科技有限公司负责实施，系全球首条万吨级高纯硫化锂量产产线，计划2027年完成产业化建设。两大项目互为配套，标志着国轩控股在硫化物全固态电池上游核心材料领域正加速从研发走向规模化量产。1.合肥乾锐科技有限公司年产1万吨,"近期，国轩控股集团在固态电池关键材料领域接连取得重大进展，分别于合肥、安庆两地同步推进产业化布局。合肥方面，8月12日，合肥市生态环境局发布合肥乾锐科技有限公司年产1万吨硫化物固态电解质材料项目环境影响评价第二次公示，该项目总投资约10.66亿元，规划年产1万吨硫化物固态电解质材料。安庆方面，7月21日，国轩控股集团年产20000吨固态电池关键材料项目正式启动建设，该项目由安徽乾圆科技有限公司负责实施，系全球首条万吨级高纯硫化锂量产产线，计划2027年完成产业化建设。两大项目互为配套，标志着国轩控股在硫化物全固态电池上游核心材料领域正加速从研发走向规模化量产。1.合肥乾锐科技有限公司年产1万吨硫化物固态电解质材料项目环境影响评价第二次公示8月12日，合肥市生态环境局发布合肥乾锐科技有限公司年产1万吨硫化物固态电解质材料项目环境影响评价第二次公示（征求意见稿公示）。合肥乾锐科技有限公司于2021年5月注册成立，为国轩控股集团有限公司的全资子公司，系合肥国轩高科动力能源有有限公司配套的上游材料生产企业。项目名称：年产1万吨硫化物固态电解质材料项目项目性质：新建建设单位：合肥乾锐科技有限公司建设地点：合肥循环经济示范园石泉路与乳泉路交口东北角占地面积：厂区总占地面积193429.62m2（约290亩，其中约68亩为本次新增用地）建设内容和规模：新建生产车间一、生产车间二、生产车间三三、生产车间四、事故池、初期雨水池、污水处理站(扩建)、甲类仓库1、甲类仓库2、丙类仓库、甲类罐区、化验楼、动力站、配电房、冷却站、区域机柜室等。项目建成后,形成年产1万吨硫化物固态电解质材料生产能力，其中主产品锂磷硫氯产量2000吨/年、锂磷硫氯溴产量6000吨/年、锂磷硫碘产量2000吨/年。工程投资：项目总投资106583万元，其中新增环保投资2020万元，占总投资的1.90%2.国轩控股集团全球首条万吨级高纯硫化锂量产产线启动建设，计划2026年12月底完成中试建设，2027年完成产业化建设安庆日报8月10日消息，8月伊始，国轩控股集团年产20000吨固态电池关键材料项目正紧锣密鼓推进。7月21日，该项目在安庆正式启动建设。项目实施主体是安徽乾圆科技有限公司，作为国轩控股旗下布局固态电池核心材料的产业化平台，将聚焦硫化锂等材料的智能化制造与市场化供应。“我们这个项目是全球首条万吨级高纯硫化锂量产产线，计划2026年12月底完成中试建设，2027年完成产业化建设。”乾圆科技总经理贾宝成介绍说。值得一提的是，该项目的落地，补齐了安庆新能源产业的关键链条。此前安庆已集聚丰元锂电、法恩莱特、超威新能源等一批新能源中下游企业，长期缺失高端固态电池上游核心材料产能。国轩项目的落地，一举打通产业链核心堵点，推动全市新能源电池产业层级整体跃升。2026年7月16日，全国建设项目环境信息公示平台发布安徽乾圆科技有限公司年产300t固态电池关键材料中试项目第二次公示。国轩在2024年发布的“十年技术路线图”中明确计划固态电池战略方面，2026年实现硫化物固态电池量产，需年采购高纯硫化锂500吨以上；在成本控制方面，当前进口硫化锂成本占固态电池材料成本的约50%；在供应链安全方面，日本住友化学的供货周期长达6个月，存在“卡脖子”风险。国轩最新研发的360Wh/kg固态电池中，硫化锂材料占比达正极质量的65%。为此，2025年南京国轩控股集团有限公司组建安徽乾圆科技有限公司，拟在安庆市大观经济开发区内投资建设固态电解质关键材料硫化锂中试项目。项目名称：年产300t固态电池关键材料中试项目项目地址：安徽安庆大观区安徽安庆大观区腈北路与茅青路交叉口（原安徽盈创新型建材有限公司厂区）建设单位：安徽乾圆科技有限公司项目性质：新建（迁建）投资总额：62000万元占地面积：123亩(82303.48m2)中试研发期限：本次中试项目计划进行为期3年的中试全流程试验研究，试验结束后根据试验情况，对本项目的相关设施进行利用改造用于工业化生产。建设内容：项目租赁安徽盈创新型建材有限公司厂区现有地块，用地面积约123亩，建设丙类车间、甲类车间、甲类仓库、综合楼、动力中心、消防泵房、循环水站、罐区、综合楼、化验楼及相关安全与环保设施等，采用NMP溶剂液相硫化氢中和法或D80溶剂液相硫化氢中和法工艺进行中试试验，建设300吨/年硫化锂中试研发项目。全厂生产区构筑物一次建成并对安徽盈创新型建材有限公司遗留办公区进行改造，本次中试项目仅使用其中一部分，其余为工业化生产预留。2026年4月，国轩控股年产20000吨固态电池关键材料项目签约仪式在安徽省安庆市举行。项目拟打造20000吨固态电池关键材料研发、生产基地，预计明年完成产线建设、具备生产能力。据悉，项目分两期实施：一期建设年产300吨中试线，计划2026年7月开工、12月投产；二期建设20000吨量产线，计划2027年7月建成并具备规模化生产能力。项目总投资约50亿元，其中一期投资约6亿元。来源：合肥市生态环境局、安庆日报、全国建设项目环境信息公示平台尊敬的读者，亚化咨询推出了《中国固态电池与液流电池月报》，每月以PDF电子文档格式出版。《中国固态电池与液流电池月报》分为免费版与付费版两个版本，定于每月10日发送至订阅客户邮箱。免费版正文包含4个板块：行业会议政策动向企业动态与工程项目技术进展与创新与免费版相比，付费版的区别在于新增中国固态电池与液流电池项目数据库（月度更新），包括以下四个项目表：中国全钒液流电池项目数据库中国钒电池电解液项目数据库中国液流电池储能项目数据库中国固态电池项目数据库赞助方案Asiachem项目项目内容主题演讲25分钟主题演讲参会名额微信推送微信公众号，企业介绍以及相关软文会刊广告研讨会会刊，彩色全页广告（尺寸A4）资料入袋赞助企业的宣传册放入会议包袋现场展台现场展示台，展示样品、资料，含两个参会名额现场易拉宝现场1个易拉宝展示礼品赞助印有赞助商logo的礼品赠送参会听众茶歇赞助冠名和赞助会议期间的茶歇晚宴赞助冠名和赞助会议的招待晚宴Logo展示背景墙 logo，会刊封面logo如果您有意向参与演讲、赞助、参会或购买报告更多详情欢迎您与我们联系 MEETINGS 往期会议回顾左右滑动查看更多第二届硫化锂与硫化物固态电池论坛2026圆满召开！第四届钒原料、电解液与钒电池储能论坛2026圆满召开！中国国际钒液流电池论坛2025圆满召开！第三届钒原料、电解液与钒电池储能论坛2025圆满召开！硫化锂与硫化物固态电池论坛2025圆满召开中国国际钒液流储能大会2024圆满召开！2024钒原料、电解液与钒电池储能论坛第二届液流储能电池技术与产业发展论坛2024圆满召开！质子膜、双极板、电极材料与电堆技术论坛钒原料、电解液与钒电池产业发展论坛20232023液流储能电池技术与产业发展论坛圆满召开！推荐订阅",,,,pending
Advanced Materials || 2.5 wt.%含氟添加剂一剂双效：无负极锂电池兼得长循环与抗热失控,微纳纤维和电解质observing,微纳纤维和电解质observing,"RIOnews API, 聚合物新材料, 凝胶",normal,2026-08-13T15:31:59+08:00,,Advanced Materials || 2.5 wt.%含氟添加剂一剂双效：无负极锂电池兼得长循环与抗热失控01研究背景无负极锂金属电池取消预置锂箔，首次充电时直接在铜集流体上沉积锂，可减少非活性材料并提高能量密度，也更接近现有锂离子电池制造流程。然而，体系没有过量锂库存，微小的电解液分解、死锂形成和界面副反应都会持续消耗有限活性锂；不均匀沉积还会放大枝晶、短路与热失控风险。高浓度或局域高浓度电解液能够促进富无机相界面，却通常依赖高盐含量或大量重质含氟稀释剂，带来成本、质量能量密度和安全方面的代价。原位凝胶电解质可抑制泄漏并兼容电芯装配，但如果添加剂只解决成膜或阻燃中的单一问题，仍难覆盖无,http://mp.weixin.qq.com/s?__biz=MzU4MzYyMDIxNg==&mid=2247484966&idx=1&sn=afef68a5840c0d987991378b64a16309,,Advanced Materials || 2.5 wt.%含氟添加剂一剂双效：无负极锂电池兼得长循环与抗热失控01研究背景无负极锂金属电池取消预置锂箔，首次充电时直接在铜集流体上沉积锂，可减少非活性材料并提高能量密度，也更接近现有锂离子电池制造流程。然而，体系没有过量锂库存，微小的电解液分解、死锂形成和界面副反应都会持续消耗有限活性锂；不均匀沉积还会放大枝晶、短路与热失控风险。高浓度或局域高浓度电解液能够促进富无机相界面，却通常依赖高盐含量或大量重质含氟稀释剂，带来成本、质量能量密度和安全方面的代价。原位凝胶电解质可抑制泄漏并兼容电芯装配，但如果添加剂只解决成膜或阻燃中的单一问题，仍难覆盖无,Advanced Materials || 2.5 wt.%含氟添加剂一剂双效：无负极锂电池兼得长循环与抗热失控01研究背景无负极锂金属电池取消预置锂箔，首次充电时直接在铜集流体上沉积锂，可减少非活性材料并提高能量密度，也更接近现有锂离子电池制造流程。然而，体系没有过量锂库存，微小的电解液分解、死锂形成和界面副反应都会持续消耗有限活性锂；不均匀沉积还会放大枝晶、短路与热失控风险。高浓度或局域高浓度电解液能够促进富无机相界面，却通常依赖高盐含量或大量重质含氟稀释剂，带来成本、质量能量密度和安全方面的代价。原位凝胶电解质可抑制泄漏并兼容电芯装配，但如果添加剂只解决成膜或阻燃中的单一问题，仍难覆盖无负极电池的全寿命需求。本文因此在 TMPTMA 交联凝胶中引入低含量七氟丁酸酐（HFA），尝试用同一分子同时调控锂负极界面化学与高温燃烧链反应。02本文亮点1. 仅 2.5 wt.% HFA 就以“一剂双效”同时重构界面反应与燃烧化学。HFA 的 LUMO 能级为 −3.15 eV，显著低于 DEC（0.06 eV）、FEC（−0.37 eV）和 TMPTMA（−1.67 eV），并在约 1.9 V 优先还原，为首圈构筑富无机相 SEI 提供反应入口；在高温气相中，HFA 又能截获溶剂裂解产生的 H·自由基。DFT 给出的 HFA–H·结合能仅 0.36 eV，AIMD 显示其使 H·浓度相对普通凝胶降低 80.1%。因此，同一低剂量添加剂把电化学稳定和阻燃从两个独立配方问题整合为一套分子设计。2. 薄而富 LiF/Li₂O 的 SEI 将锂沉积由疏松破碎转向均匀致密。Cryo-TEM 显示，GPE-HFA 形成约 8 nm 的界面层，而无 HFA 凝胶的 SEI 约 15 nm；XPS 中表面 LiF 原子占比由 44.2% 提高至 87.6%，并观察到 Li₂O 晶相。受此调控，锂成核过电位由 382 mV 降至 230 mV，Li/Cu 库仑效率由 98.4% 提升至 99.1%；第三圈锂沉积域面积由 17.1 增至 30.8 μm²，第三与第五十圈沉积密度分别达到 0.50 和 0.44 g cm⁻³。更低界面阻抗、更少副反应与更小活性表面积共同保护有限锂库存。3. 优势延伸到高载量、贫液和低堆压软包，而非停留在实验室半电池。在 4.8 mAh cm⁻² NCA 正极、0.7 MPa 堆压下，单层 Cu/NCA 软包以 0.5 C 放电，在 3.0–4.5 V 获得 202.1 mAh g⁻¹，并在 85 圈保持 80.3%；在 3.4–4.3 V 获得 192.0 mAh g⁻¹，100 圈保持 80.1%。进一步采用仅 2.8 g Ah⁻¹ 电解液的多层软包，1.4 Ah 电芯在 100 圈后仍保持 74.6%，200 mAh 电芯则保持 92.9%。这些条件把界面机制落实到更接近实用尺度的无负极器件。4. 最具冲击力的验证来自“循环后全充电钻刺”：1.4 Ah 软包仍未发生热失控。2.5 wt.% HFA 使凝胶电解质的自熄时间由 58.6 s g⁻¹降至 0 s g⁻¹，放热量降低约 27%。全充电 200 mAh GPE-HFA 软包钻刺时中心温度仅升至约 47 ℃，撤出钻头后电压恢复；不含 HFA 的对照电芯则超过 100 ℃并爆炸。更严格的是，1.4 Ah 电芯经过 100 次循环并处于全充电状态后接受同类钻刺，峰值温度约 66 ℃且无热失控，说明阻燃与均匀沉积的协同在老化界面中仍然有效。03图文速览图1. 图1. 设计逻辑与配方基础：无负极电池的能量密度优势、HFA 诱导均匀沉积与富无机相 SEI 的示意，以及凝胶化和优先还原证据。图2. 图2. 器件性能总览：界面阻抗、Li/Cu 库仑效率、不同电压窗口循环、文献对比及 1.4 Ah/200 mAh 多层软包验证。图3. 图3. 界面化学证据：Cryo-TEM、电子衍射、元素分布和深度 XPS 共同确认更薄且富 LiF/Li₂O 的 SEI。图4. 图4. 热安全机制与实测：DFT/AIMD 自由基捕获、点火实验，以及 200 mAh 和循环后 1.4 Ah 全充电软包钻刺结果。04研究结论论文 Conclusion 指出，优化浓度的 HFA 使原位交联凝胶同时获得循环稳定性与热安全性。其低 LUMO 促使添加剂优先参与负极界面反应，形成更薄且富含 LiF/Li₂O 的无机 SEI，进而改善锂沉积形貌和沉积密度，降低有限活性锂在反复镀/剥过程中的损失；其自由基截获能力又赋予电解质阻燃特性，抑制多层电芯的热失控。基于这一设计，1.4 Ah、3.0–4.5 V 与 200 mAh、3.6–4.3 V 的 Cu/NCA 无负极软包在 0.5 C 放电、100 圈后分别保持 74.6% 和 92.9% 的初始容量，达到或优于已有代表性结果。尤其是 1.4 Ah 电芯在完成 100 圈循环并全充电后仍通过钻刺测试，未出现热失控。作者据此认为，HFA 所体现的“界面成膜 + 燃烧链终止”协同机制，为兼顾高能量、长寿命和本征安全的无负极锂金属电池提供了可行方向，也为后续电解液添加剂的机理化设计建立了依据。05文章信息Dual-Functional Fluorinated Additive in Gel Polymer Electrolyte for High-Energy-Density Anode-Free Lithium Batteries With Enhanced Thermal Stability. Advanced Materials.2.5 wt.%七氟丁酸酐兼具优先成膜与自由基截获功能，在贫液、低压力无负极软包中同步改善锂沉积、循环寿命和钻刺安全性。,,,,pending
1.5亿元！五粮液成立新材料公司，含电池制造！,储能前沿,储能前沿,"RIOnews API, 磷酸铁锂, 铁锂, 储能, 上市, 发布",normal,2026-08-13T15:30:00+08:00,,"爱企查显示，近日，宜宾普华新材料科技有限责任公司成立，法定代表人为李季，位于四川省宜宾市南溪区，注册资本15,000万元，经营范围包含新材料技术研发；新材料技术推广服务；电子专用材料研发；电子专用材料制造；电子专用材料销售；电池制造；电池销售；新兴能源技术研发；电池零配件生产；电池零配件销售；石墨及碳素制品制造；石墨及碳素制品销售；再生资源回收（除生产性废旧金属）；再生资源加工；再生资源销售等。股权穿透显示，该公司由四川省宜宾五粮液集团有限公司全资子公司四川省宜宾普什集团有限公司等共同持股。五粮液集团值得一提的是，6月8日，磷酸铁锂领域上市公司天原股份（002386）公告，公司董事会近日收到董",http://mp.weixin.qq.com/s?__biz=Mzg3MjY1NTkxNg==&mid=2247600790&idx=1&sn=d93c11fd02fdf651d42f3cf3de51b724,,"爱企查显示，近日，宜宾普华新材料科技有限责任公司成立，法定代表人为李季，位于四川省宜宾市南溪区，注册资本15,000万元，经营范围包含新材料技术研发；新材料技术推广服务；电子专用材料研发；电子专用材料制造；电子专用材料销售；电池制造；电池销售；新兴能源技术研发；电池零配件生产；电池零配件销售；石墨及碳素制品制造；石墨及碳素制品销售；再生资源回收（除生产性废旧金属）；再生资源加工；再生资源销售等。股权穿透显示，该公司由四川省宜宾五粮液集团有限公司全资子公司四川省宜宾普什集团有限公司等共同持股。五粮液集团值得一提的是，6月8日，磷酸铁锂领域上市公司天原股份（002386）公告，公司董事会近日收到董","爱企查显示，近日，宜宾普华新材料科技有限责任公司成立，法定代表人为李季，位于四川省宜宾市南溪区，注册资本15,000万元，经营范围包含新材料技术研发；新材料技术推广服务；电子专用材料研发；电子专用材料制造；电子专用材料销售；电池制造；电池销售；新兴能源技术研发；电池零配件生产；电池零配件销售；石墨及碳素制品制造；石墨及碳素制品销售；再生资源回收（除生产性废旧金属）；再生资源加工；再生资源销售等。股权穿透显示，该公司由四川省宜宾五粮液集团有限公司全资子公司四川省宜宾普什集团有限公司等共同持股。五粮液集团值得一提的是，6月8日，磷酸铁锂领域上市公司天原股份（002386）公告，公司董事会近日收到董事长邓敏的书面辞职报告，邓敏因工作调整原因申请辞去公司董事、董事长等职务，辞职后不再担任公司及子公司任何职务，其辞职报告自送达公司董事会之日起生效。同日，五粮液（000858）发布公告称，邓敏任四川省宜宾五粮液集团有限公司党委书记、董事，宜宾五粮液股份有限公司党委书记，拟任五粮液集团董事长，五粮液股份公司董事。免去曾从钦董事职务，曾从钦担任的董事长、董事会专门委员会主任委员及委员职务，自董事解任生效之日起自动解除；同意增补邓敏为公司第七届董事会非独立董事候选人。公告显示，邓敏生于1970年，历任宜宾丝丽雅集团有限公司党委书记、董事长，宜宾丝丽雅股份有限公司董事长，宜宾天原集团股份有限公司党委书记、董事长，宜宾发展控股集团有限公司党委副书记、董事、总经理。扫码加入中国储能行业通讯录免责声明：本公众号文章版权归原作者及原出处所有 。内容为作者个人观点， 并不代表本公众号赞同其观点和对其真实性负责。本公众号并不用于商业目的，如有涉及侵权等，请及时告知，我们会尽快处理。本公众号拥有对此声明的最终解释权。",,,,pending
牵手宁德时代！四川眉山一企业获2.4亿元采购订单！,储能前沿,储能前沿,"RIOnews API, 宁德时代, 储能, 储能系统, 储能集成, 交付, 投产, 订单, 签约, 投资, 项目落地, 落地",normal,2026-08-13T15:30:00+08:00,,紫创光科消息显示，8月10日，紫创光科（眉山）智慧能源科技有限公司与宁德时代（300750）储能集成设备采购签约仪式在紫创光科集团总部顺利举行。双方正式签订总金额2.4亿元的储能集成设备采购协议，全面开启新能源与储能板块协同发展的崭新篇章。紫创光科（眉山）智慧能源科技有限公司总经理表示，储能是构建新型电力系统的核心支撑，也是集团践行“绿色双碳 科技未来”战略的核心赛道；此次与行业龙头宁德时代达成深度合作，是双方优势互补、理念同频的成果，将为集团储能业务产业基金、产业互动等发展注入强大动能。宁德时代零碳能源事业部储能华南大区总经理姜维维表示，宁德时代将统筹全链条优质资源，全力保障设备交付效率与储,http://mp.weixin.qq.com/s?__biz=Mzg3MjY1NTkxNg==&mid=2247600790&idx=2&sn=cddbded6e47381f3350d552d20cf278c,,紫创光科消息显示，8月10日，紫创光科（眉山）智慧能源科技有限公司与宁德时代（300750）储能集成设备采购签约仪式在紫创光科集团总部顺利举行。双方正式签订总金额2.4亿元的储能集成设备采购协议，全面开启新能源与储能板块协同发展的崭新篇章。紫创光科（眉山）智慧能源科技有限公司总经理表示，储能是构建新型电力系统的核心支撑，也是集团践行“绿色双碳 科技未来”战略的核心赛道；此次与行业龙头宁德时代达成深度合作，是双方优势互补、理念同频的成果，将为集团储能业务产业基金、产业互动等发展注入强大动能。宁德时代零碳能源事业部储能华南大区总经理姜维维表示，宁德时代将统筹全链条优质资源，全力保障设备交付效率与储,紫创光科消息显示，8月10日，紫创光科（眉山）智慧能源科技有限公司与宁德时代（300750）储能集成设备采购签约仪式在紫创光科集团总部顺利举行。双方正式签订总金额2.4亿元的储能集成设备采购协议，全面开启新能源与储能板块协同发展的崭新篇章。紫创光科（眉山）智慧能源科技有限公司总经理表示，储能是构建新型电力系统的核心支撑，也是集团践行“绿色双碳 科技未来”战略的核心赛道；此次与行业龙头宁德时代达成深度合作，是双方优势互补、理念同频的成果，将为集团储能业务产业基金、产业互动等发展注入强大动能。宁德时代零碳能源事业部储能华南大区总经理姜维维表示，宁德时代将统筹全链条优质资源，全力保障设备交付效率与储能系统品质，以成熟的技术体系与全周期服务护航项目落地，与紫创光科集团携手打造储能领域产业协同标杆。此次签约是双方资源聚合、优势互补、携手共赢的关键里程碑。后续双方将充分整合产业资源、凝聚技术合力、汇聚发展势能，深度深耕新能源市场，助力区域新能源产业提质增效，推动能源结构绿色低碳转型。据悉，紫创光科（眉山）智慧能源科技有限公司，成立于2026年1月16日，位于四川丹棱经开区，是紫创光科集团在西南地区的重要产业布局，公司计划投资1亿元，在丹棱建设光伏逆变器及光储产业配套设备智能产线，该项目于2026年1月开工建设，将于今年9月投产下线。扫码加入中国储能行业通讯录免责声明：本公众号文章版权归原作者及原出处所有 。内容为作者个人观点， 并不代表本公众号赞同其观点和对其真实性负责。本公众号并不用于商业目的，如有涉及侵权等，请及时告知，我们会尽快处理。本公众号拥有对此声明的最终解释权。,,,,pending
2026热销车型TOP10：宁德时代独揽七成，二线品牌全军覆没，国轩高科借零跑A10意外上榜,真锂研究,真锂研究,"RIOnews API, 比亚迪, 宁德时代, 国轩高科, 国轩, 正力新能, 磷酸铁锂, 铁锂, 装机, 装机量, 排名, TOP10, 产能, GWh, 上市",normal,2026-08-13T15:30:00+08:00,,2026年上半年的战报摊开，新能源汽车的销量排位已无悬念，而藏在车型背后的电池供应链格局，比整车榜单本身更值得玩味。据真锂研究统计，今年上半年销量排名前十的热销新能源车型合计电芯装机90.28GWh，被四家电池厂瓜分殆尽——宁德时代一家就卷走了61.66GWh、占比68.30%，十款畅销车里，有七款的心脏里都跳动着宁德时代的电芯。更戏剧性的一幕出现在榜单末端：长期游离于聚光灯外的国轩高科，凭一款零跑A10独家供应，以3.95GWh的装机量硬生生挤进前十供应商之列，把曾经的特斯拉御用电池厂LG化学都甩在了身后。宁德时代：十款热销车七成选它真正让同行感到窒息的，不是68.30%这个份额数字本身，而,http://mp.weixin.qq.com/s?__biz=MzkwMTYxMzYwNg==&mid=2247532289&idx=2&sn=ceebf33e5aafcc674d8f3f5574001fbb,,2026年上半年的战报摊开，新能源汽车的销量排位已无悬念，而藏在车型背后的电池供应链格局，比整车榜单本身更值得玩味。据真锂研究统计，今年上半年销量排名前十的热销新能源车型合计电芯装机90.28GWh，被四家电池厂瓜分殆尽——宁德时代一家就卷走了61.66GWh、占比68.30%，十款畅销车里，有七款的心脏里都跳动着宁德时代的电芯。更戏剧性的一幕出现在榜单末端：长期游离于聚光灯外的国轩高科，凭一款零跑A10独家供应，以3.95GWh的装机量硬生生挤进前十供应商之列，把曾经的特斯拉御用电池厂LG化学都甩在了身后。宁德时代：十款热销车七成选它真正让同行感到窒息的，不是68.30%这个份额数字本身，而,"2026年上半年的战报摊开，新能源汽车的销量排位已无悬念，而藏在车型背后的电池供应链格局，比整车榜单本身更值得玩味。据真锂研究统计，今年上半年销量排名前十的热销新能源车型合计电芯装机90.28GWh，被四家电池厂瓜分殆尽——宁德时代一家就卷走了61.66GWh、占比68.30%，十款畅销车里，有七款的心脏里都跳动着宁德时代的电芯。更戏剧性的一幕出现在榜单末端：长期游离于聚光灯外的国轩高科，凭一款零跑A10独家供应，以3.95GWh的装机量硬生生挤进前十供应商之列，把曾经的特斯拉御用电池厂LG化学都甩在了身后。宁德时代：十款热销车七成选它真正让同行感到窒息的，不是68.30%这个份额数字本身，而是宁德时代的覆盖方式。榜单前十车型中，理想i6、吉利星愿、蔚来ES8三款车由宁德时代独家供应，装机占比100%；特斯拉ModelY、Model3与小米YU7、SU7这四款流量车型，宁德时代分别以79.89%、84.91%、66.34%、77.84%的主供身份入场。相比于宁德时代39.62%的整体市场占比，在热销主打车型上，宁德时代依然是绝对的主流。从高端的蔚来ES8到走量的吉利星愿，它的电池横跨不同价位和定位。单ModelY一款，上半年就装了19.14GWh，是十款车里最大的一块电池盘子。换言之，在当下最畅销的新能源车型池子里，宁德时代已经事实上成为""装机标配""——整车厂可以选装不同的二供，但主供的位子很难绕开它。比亚迪：自供为主，又把手伸进了小米比亚迪以19.72GWh、21.84%的份额位列第二。海狮06EV、元UP两款自家车型全部由自家电池100%自供，形成从电芯到整车的完全闭环；更值得注意的进攻动作是，比亚迪作为二供切入了小米的供应体系——YU7装机占比33.66%、SU7占比22.16%。这意味着比亚迪在守住自己整车基本盘的同时，正把电池外供能力输出给友商，从""给自己人供货""向""给所有人供货""悄然扩张，与宁德时代在畅销车型正面接壤。LG化学：退守特斯拉对比之下，昔日的国际巨头LG化学正滑向配角。上半年其在十大热销车型中的装机量仅剩4.95GWh、占比5.48%，据点萎缩到只剩特斯拉ModelY和Model3两个，且份额已被挤压到20.11%和15.09%——曾经的特斯拉电池主力，如今在热销车型池子里已是边缘角色。国轩高科：“意外”上位在热销车型中，众多二线锂电池品牌几乎全军覆没，只有国轩高科凭借零跑A10一款车型意外上榜。其中，国轩高科从2021年起就开始为零跑配套，是零跑合作最久的电池厂之一，常年稳居零跑第一大动力电池供应商。而具体到零跑A10这款车型，据工信部申报公示，其电芯单体由国轩高科+正力新能两家供应，零跑也在电芯端刻意保持国轩、正力双供甚至更多家竞争，既分散风险。但是，由于产能和生产批次原因，国轩在磷酸铁锂电池上的供货规模和价格更具竞争优势，直接踩中了零跑A10市场爆发。短短三个月，零跑A10销量达到58509辆，尽管是前十车型中销量最靠后的一个，但由于它上市还不足半年，目前就有能有如此销量，足以证明市场的认可。也正是零跑A10的爆火，直接拉高了国轩高科的装机量。谁能抓住下一个爆款？四家电池厂分食十款热销车，看起来各得其所，实际上赢家只有一个。宁德时代以超过68%的占比，在畅销车型上构建起近乎垄断的话语权，且份额结构上""独家+主供""双轮驱动，壁垒极难撼动；比亚迪自成一极，闭环与对外输出并行；LG化学是这份榜单上最大的失落者，留给外资电池厂的时间窗口正在收窄；而国轩高科用""借车上榜""的方式证明，在头部格局彻底固化之前，二线厂商只要赌对一款爆款车型，仍能撕开一道口子。上半年的榜单已经定格，下半年的悬念则在于：下一个被点中的""零跑A10""，会是谁？END --现已同步入驻-- 点点“分享”，给我充点儿电吧~谁能抓住下一个爆款？",,,,pending
中矿资源津巴布韦年产10万吨硫酸锂项目全面开工,真锂研究,真锂研究,"RIOnews API, 新材料, 碳, 产品发布, 发布, 上市, 合作进展, 投资, 合作, 比亚迪, 宁德时代, 刀片电池, 订单",normal,2026-08-13T15:30:00+08:00,,中矿资源津巴布韦年产10万吨硫酸锂项目全面开工据中矿资源消息，近日，中矿资源所属津巴布韦马辛戈锂业科技有限公司正式获得津巴布韦环境管理机构Environmental Management Agency（EMA）签发的环境影响评估（EIA）证书，年产10万吨硫酸锂项目正式由前期筹备阶段转入全面建设实施阶段。来源：财联社宁王131亿美元“锁铜”近日，洛阳钼业发布关联交易公告，拟将2026年至2028年对宁德时代的铜、钴、镍产品年度销售上限分别上调至38.5亿美元、43亿美元和50亿美元，三年合计131.5亿美元。其中2026年的上限较原计划一次性提高了75%。来源：中国基金报9.99万元起！比亚迪,http://mp.weixin.qq.com/s?__biz=MzkwMTYxMzYwNg==&mid=2247532289&idx=3&sn=22be62202ee11daad831dca38d65d23e,,中矿资源津巴布韦年产10万吨硫酸锂项目全面开工据中矿资源消息，近日，中矿资源所属津巴布韦马辛戈锂业科技有限公司正式获得津巴布韦环境管理机构Environmental Management Agency（EMA）签发的环境影响评估（EIA）证书，年产10万吨硫酸锂项目正式由前期筹备阶段转入全面建设实施阶段。来源：财联社宁王131亿美元“锁铜”近日，洛阳钼业发布关联交易公告，拟将2026年至2028年对宁德时代的铜、钴、镍产品年度销售上限分别上调至38.5亿美元、43亿美元和50亿美元，三年合计131.5亿美元。其中2026年的上限较原计划一次性提高了75%。来源：中国基金报9.99万元起！比亚迪,中矿资源津巴布韦年产10万吨硫酸锂项目全面开工据中矿资源消息，近日，中矿资源所属津巴布韦马辛戈锂业科技有限公司正式获得津巴布韦环境管理机构Environmental Management Agency（EMA）签发的环境影响评估（EIA）证书，年产10万吨硫酸锂项目正式由前期筹备阶段转入全面建设实施阶段。来源：财联社宁王131亿美元“锁铜”近日，洛阳钼业发布关联交易公告，拟将2026年至2028年对宁德时代的铜、钴、镍产品年度销售上限分别上调至38.5亿美元、43亿美元和50亿美元，三年合计131.5亿美元。其中2026年的上限较原计划一次性提高了75%。来源：中国基金报9.99万元起！比亚迪2027款海豹068月11日晚间，比亚迪2027款海豹06正式上市，提供DM-i和EV纯电两种动力版本选择，售价为9.99万至15.59万元。比亚迪海洋网销售事业部总经理张卓调侃道：“这价格，友商是不是要开会了？”据悉，2027款海豹06全系标配比亚迪刀片电池和闪充技术。“比亚迪正在推圆梦建站计划，只需4位车主联名申请，在场地条件允许的情况下，公司承诺一周内完成闪充站建设。”张卓称。来源：每日经济新闻7月新能源汽车新车销量占比首超60%据中国汽车工业协会，7月，汽车市场进入传统销售淡季，客流与订单自然回落，叠加半年度冲量提前释放部分需求、全国持续高温及部分区域台风、洪涝灾害影响线下销售等因素，环比呈现季节性回落，同比微降。其中，出口继续保持高速增长，月度出口量连续两个月超过100万辆，新能源汽车出口占比连续两个月超过50%；新能源汽车月度新车销量占比首次超过60%、累计占比首次超过50%。 1-7月，汽车产销分别完成1756.7万辆和1760.2万辆，同比均下降3.7%，降幅比上半年进一步收窄。 1-7月，汽车出口614万辆，同比增长66.8%。来源：界面新闻宁德时代：拟24.75亿元参设50亿元海南绿色产业基金宁德时代（300750）8月12日晚间公告，公司与厦门博泉私募基金管理合伙企业（有限合伙）、海南自由贸易港建设投资基金有限公司签署合伙协议，拟参与投资设立“海南时代绿色产业投资基金合伙企业（有限合伙）”，公司作为有限合伙人认缴出资金额24.75亿元，持有基金49.50%的份额。公司表示，本次投资旨在借助市场化的机制、结合专业投资机构优势，扩大公司在碳中和生态领域的布局，以及通过市场化的专业投资管理团队拓展投资渠道，挖掘业务合作和发展机会，并获取合理投资回报，符合公司发展及股东利益。来源：中国证券报 --现已同步入驻-- 点点“分享”，给我充点儿电吧~点击蓝字 关注我们锂电新能源 情报站,,,,pending
「真锂数链」上线！一站式聚合锂矿/四大材料/电池/新能源车/全部行情数据,真锂研究,真锂研究,"RIOnews API, 新材料, 电池材料, 碳, 隔膜, 镍钴锰, 储能, 可靠性, 碳酸锂, 电解液, 装机, 装机量, 产能, 报价, 投资, 落地",normal,2026-08-13T15:30:00+08:00,,新能源锂电投资，关键数据一览无余、效率翻倍。坐拥数据座舱、打破信息孤岛，洞察市场动向。产业链数据+大数据智能分析，捕捉财富机遇。专为广大投资者、锂电赛道从业者，以及关注新能源锂电发展的热心读者，打造的轻量化数据平台「真锂数链」小程序，开启上线测试。广大股民、投资者：快速跟踪价格、企业动态，捕捉投资机会券商、产业研究院研究员：一站式调取全链数据，提升报告效率锂电上下游企业从业者：掌握供需、产能、竞品企业动态，把握行业节奏储能、新能源车消费者：看懂能源转型底层逻辑，清晰产品优势「真锂数链」由深耕锂电行业十余年的真锂研究倾力打造，产品完整承接团队长期积累的一线产业调研渠道、海量独家历史数据库、成熟标,http://mp.weixin.qq.com/s?__biz=MzkwMTYxMzYwNg==&mid=2247532289&idx=4&sn=34786ae2756a30f141f9080a780df9fb,,新能源锂电投资，关键数据一览无余、效率翻倍。坐拥数据座舱、打破信息孤岛，洞察市场动向。产业链数据+大数据智能分析，捕捉财富机遇。专为广大投资者、锂电赛道从业者，以及关注新能源锂电发展的热心读者，打造的轻量化数据平台「真锂数链」小程序，开启上线测试。广大股民、投资者：快速跟踪价格、企业动态，捕捉投资机会券商、产业研究院研究员：一站式调取全链数据，提升报告效率锂电上下游企业从业者：掌握供需、产能、竞品企业动态，把握行业节奏储能、新能源车消费者：看懂能源转型底层逻辑，清晰产品优势「真锂数链」由深耕锂电行业十余年的真锂研究倾力打造，产品完整承接团队长期积累的一线产业调研渠道、海量独家历史数据库、成熟标,新能源锂电投资，关键数据一览无余、效率翻倍。坐拥数据座舱、打破信息孤岛，洞察市场动向。产业链数据+大数据智能分析，捕捉财富机遇。专为广大投资者、锂电赛道从业者，以及关注新能源锂电发展的热心读者，打造的轻量化数据平台「真锂数链」小程序，开启上线测试。广大股民、投资者：快速跟踪价格、企业动态，捕捉投资机会券商、产业研究院研究员：一站式调取全链数据，提升报告效率锂电上下游企业从业者：掌握供需、产能、竞品企业动态，把握行业节奏储能、新能源车消费者：看懂能源转型底层逻辑，清晰产品优势「真锂数链」由深耕锂电行业十余年的真锂研究倾力打造，产品完整承接团队长期积累的一线产业调研渠道、海量独家历史数据库、成熟标准化研究分析体系。「真锂数链」基于十几年对锂矿、电池材料、动力电池、储能、新能源整车全链条的深度研究沉淀，团队针对行业用户真实数据需求，打磨出这款轻量化、高精准、全覆盖的普及型实用工具；「真锂数链」将专业机构级研究能力落地微信小程序，为全行业提供权威、可靠的一站式数据服务。「真锂数链」覆盖上游矿产、中游材料、下游整车与储能，多个细分赛道、数据维度广、数据跨度大、。「真锂数链」将分布在不同渠道的行业内各类价格、产销量数据、以及企业资讯，悉数汇聚，进行纵向周期复盘、横向产业链对比；「真锂数链」不仅大量节省了您的数据收集、分析时间，同时击穿行业壁垒，形成大数据智能分析的产业链闭环，挖掘出隐藏在数据背后的真正价值，协助您精准决策把握机遇。覆盖全产业链，一站式聚合全部核心信息真锂数链完整覆盖锂电全生命周期赛道，上下游数据统一归集，无需多平台切换查询：上游资源：锂矿、镍钴锰等矿物原料月度产量、库存、价格走势；中游材料：正极/负极/电解液/隔膜四大主材实时报价、产能排产、成本测算；电池制造：动力电池装机量、电芯产能、头部企业产销数据；下游终端：新能源车企、储能电站装机、终端需求景气度全链路企业名录、公告、行情、产销数据统一聚合，微信点开即查。五大核心能力，全方位赋能产业研判1、行情快速查询，价格走势可视化碳酸锂、钴、镍、电解液等核心品种价格7/30/60/90天趋势图直观展示，完整留存历史价格数据，快速识别涨跌周期，精准捕捉价格拐点。2、完整数据演变追踪，清晰呈现行业周期规律系统自动沉淀月度、年度产业统计数据，装机量、产能、原料产量多维度逐年对比，直观呈现行业周期性变化，辅助客观预判产业走势。3、专业产业综合分析，成本与趋势深度拆解搭载真锂研究多年验证的行业分析模型，覆盖原材料成本核算、产业链供需格局、赛道景气度研判，省去人工手动测算的繁琐流程。4、跨产业链数据交叉校验，提升判断严谨度打通上游资源、中游材料、下游整车储能全链条数据，上下游指标相互印证，多维度数据协同验证，有效提升行业分析、投资判断的可靠性。5、AI智能问答助手，行业问题即时专业解答内置锂电专属AI智库，沉淀真锂研究十余年行业研究逻辑。输入锂矿行情、企业产能、赛道风险等任意行业问题，即可输出结构化专业分析，大幅节省翻阅海量研报的时间。分层会员体系，适配不同从业者需求免费基础版：适合新手入门零成本体验查看当日行业产销与上下游企业基础数据；每日3次基础AI问答；基础名词解释与页面浏览；基础资讯推送。专业付费版：适合个人投资者、从业人员、中小企业全量实时数据、解锁历史趋势与基础分析能力；支持全维度回溯每月锂电四大材料和电芯装机数据；支持全维度回溯每月新能源汽车产销月度数据；每日10次AI数据解读、行情分析和趋势问答。 --点击「真锂数链」小程序-- PC版连接：https://ai.wisebrandai.com.cn/web/#/user/zhenli/dashboard真锂数链，正在招募产品测试官！免费解锁99元付费会员 重要通知真锂数链测试官招募，免费解锁99元付费会员【真锂数链】小程序优化升级进行中！为打磨更贴合行业需求的数据工具，现面向全行业开放产品测试招募，仅100个体验名额，先到先得。参与本次测试，你可免费体验价值99元付费会员全部权益，完整试用小程序全功能；我们认真收集每一条真实使用反馈，优质意见创作者还能直接领取免费进阶级会员，长期畅享高阶数据服务。参与福利一览：全员参与福利：成功注册并留言提交使用意见，即可开通为期7天、价值99元付费会员体验，完整解锁小程序付费数据功能，深度体验产品全部模块（测试名额仅限100人）；优质反馈大奖：活动结束后，我们将根据意见完整度、实用性、优化价值筛选10位优质测试官，每人赠送价值99元的一年期进阶级会员资格；行业专属特权：你的反馈将直接同步产品研发团队，锂电数据工具的迭代方向，由你来定义。完整参与流程（两步即可解锁会员）：第一步：基础试用，提交初版意见微信搜索小程序「真锂数链」，完成账号注册，保持未付费普通用户状态；完整浏览、试用小程序全部免费板块，记录使用痛点、功能优化需求、页面体验问题、数据查询建议等；在本文留言区写下你的真实使用感受与修改建议，提交即锁定测试名额。第二步：付费会员全功能试用，补充深度反馈工作人员统一核对留言用户名单，为所有提交有效意见的注册用户，开通一周99元付费会员权限；会员有效期内完整使用全部付费数据功能，持续在留言区补充高阶功能使用感受、优化建议；所有留言内容将作为最终评选进阶会员的核心依据，建议越详实、落地，中奖概率越高。活动重要规则：测试名额上限100人，以留言提交先后顺序为准，名额满后活动自动截止仅注册账号并在本文留言区提交有效使用建议，方可解锁一周付费会员；无实质内容的水评不计入参与名单；活动截止时间：2026年7月7日，7月7日24点后不再接收新的测试留言；进阶会员获奖名单将于活动结束后，公众号公示，会员权益统一发放至小程序注册账号；每位用户仅可参与一次，重复留言不重复发放会员时长。我们不限定反馈内容，以下方向均可参考：数据查询、行情图表、产业链库功能优化；页面加载、操作逻辑、导航布局使用痛点；付费会员功能价值、新增数据模块需求；工具使用门槛、行业适配性相关改进想法；任何你觉得不够便捷、有待升级的细节。每一条真实反馈，都会推动真锂数链变得更贴合锂电从业者需求。不用刻意长篇大论，真实、具体的使用感受就是最有价值的建议，最好能有相关问题的截图，以便于及时修改。即刻操作： --点击「真锂数链」小程序-- PC版连接：https://ai.wisebrandai.com.cn/web/#/user/zhenli/dashboard点击完成注册；文末评论区留下你的试用建议，即可参与本次测试招募。END --现已同步入驻-- 点点“分享”，给我充点儿电吧~「真锂数链」即将上线！一站式聚合锂矿/四大材料/电池/新能源车/全部行情数据,,,,pending
突破1000亿，固态电池加速上车！拒绝一知半解，5分钟搞懂核心信息,真锂研究,真锂研究,"RIOnews API, 新材料, 聚合物, 固态电池, 固态电解质, 产品发布, 全新, 上市, 量产推进, 产能, 扩产, 比亚迪, 宁德时代, 装机, 装车, GWh, 投资, 政策, 量产",normal,2026-08-13T15:30:00+08:00,,固态电池已经“来了”。然而，你却依然还在一知半解、将信将疑吗？据最新数据显示，2024年全年：我国固态及半固态电池项目规划扩产数量为36个，涉及产能近160GWh，投资额超750亿元。2025年一季度：固态电池投资继续呈现爆发态势，规划扩产数量9个，涉及产能41.5GWh，投资额达205.2亿。从去年政策发力，北京、上海、深圳、广州等城市快速“抢跑”以来，固态电池新增投资已经突破千亿！尤其是2025年，无论是电动汽车、无人机，还是人形机器都不约而同地开启“固态电池”的装机测试，甚至一些半固态电池车型即将抢先上市。其中，2025年底，上汽新一代固态电池将在全新MG4上量产应用；2026年，广汽昊,http://mp.weixin.qq.com/s?__biz=MzkwMTYxMzYwNg==&mid=2247532289&idx=5&sn=b0839044521a03ef4c8d4ad349a67dfa,,固态电池已经“来了”。然而，你却依然还在一知半解、将信将疑吗？据最新数据显示，2024年全年：我国固态及半固态电池项目规划扩产数量为36个，涉及产能近160GWh，投资额超750亿元。2025年一季度：固态电池投资继续呈现爆发态势，规划扩产数量9个，涉及产能41.5GWh，投资额达205.2亿。从去年政策发力，北京、上海、深圳、广州等城市快速“抢跑”以来，固态电池新增投资已经突破千亿！尤其是2025年，无论是电动汽车、无人机，还是人形机器都不约而同地开启“固态电池”的装机测试，甚至一些半固态电池车型即将抢先上市。其中，2025年底，上汽新一代固态电池将在全新MG4上量产应用；2026年，广汽昊,固态电池已经“来了”。然而，你却依然还在一知半解、将信将疑吗？据最新数据显示，2024年全年：我国固态及半固态电池项目规划扩产数量为36个，涉及产能近160GWh，投资额超750亿元。2025年一季度：固态电池投资继续呈现爆发态势，规划扩产数量9个，涉及产能41.5GWh，投资额达205.2亿。从去年政策发力，北京、上海、深圳、广州等城市快速“抢跑”以来，固态电池新增投资已经突破千亿！尤其是2025年，无论是电动汽车、无人机，还是人形机器都不约而同地开启“固态电池”的装机测试，甚至一些半固态电池车型即将抢先上市。其中，2025年底，上汽新一代固态电池将在全新MG4上量产应用；2026年，广汽昊铂、东风汽车将实现全固态电池量产装车，2027年长安新能源汽车将实现全固态电池逐步起量，2028年东风汽车规划实现全固态车型量产上市。2026-2028年有望成为国产新能源汽车全固态电池搭载集中上市窗口。可以说，这场新的科技变革和造富神话已经几经“潮涌”进入了最后的“加速”阶段。然而，对于诸多技术概念、产业趋势与主要赛道，大多数人却依然停留在道听途说，甚至以讹传讹的层面。你能清晰地回答以下这几个问题吗？ 什么是固态电池？它有几种？它为什么会这么厉害！ 看不见液体就一定是固态电池吗？这里面究竟有哪些坑？ 固态电池的产业难点在哪？主要玩家是谁，企业发展情况究竟如何？作为真锂研究创始人、深耕锂电20年的资深专家，墨柯老师将为您带来最新《固态电池专题讲座》。我们将用20节课程，每节课5分钟，帮你彻底搞懂固态电池。我们用最简单的话，说最专业的事，5分钟帮你搞懂固态电池。【课程内容大纲】第1期：半固、全固，究竟谁才是固态电池？第2期：固态电池“牛”在哪？第3期：固态电池发展“三大”阶段（上）第4期：固态电池发展“三大”阶段（下）第5期：固态电池“四大类”，谁分高下？第6期：什么是氧化物固态电解质？第7期：什么是聚合物固态电解质？第8期：什么是卤化物固态电解质？第9期：为什么硫化物固态电解质最热门？第10期：固态电池的技术挑战-固固界面（上）第11期：固态电池的技术挑战-固固界面（下）第12期：量产还是量产！固态电池的工程化挑战（上）第13期：量产还是量产！固态电池的工程化挑战（下）第14期：成本高企！固态电池量产的又一大挑战第15期：中国固态电池的四大玩家之：宁德时代第16期：中国固态电池的四大玩家之：比亚迪第17期：中国固态电池的四大玩家之：一汽集团第18期：中国固态电池的四大玩家之：上汽集团第19期：中国市场的主要玩家之：其他第20期：全固态电池：中国锂电的自我革命首集限免 购买合集追更全部内容 END固态电池进入“加速”阶段,,,,pending
电池生产过热？墨柯：2026锂价拐点已现，年末或跌至10万区间（核心研判之三）,真锂研究,真锂研究,"RIOnews API, 新材料, 碳, 产品发布, 发布, 上市, 合作进展, 融资, 投资, 量产推进, 产能, 扩产, 比亚迪, 宁德时代, 亿纬锂能, 亿纬, 中创新航, 海辰, 欣旺达, 楚能, 磷酸铁锂, 铁锂, 三元, 储能, 储能电芯, 储能系统, 314Ah, 500Ah, 碳酸锂, 装机, GWh, 放缓, 供货协议, 利润率, 政策, 推出, 落地",normal,2026-08-13T15:30:00+08:00,,【重要文章，篇幅较长，预计阅读时间15分钟】本文将从碳酸锂期货历史走势、新能源汽车和储能终端真实需求两大维度，拆解本轮锂价见顶的底层逻辑。当前市场普遍存在“碳酸锂供给增量有限、电池排产高增” 的乐观叙事，但忽略了终端需求持续走弱、远期去库压力爆发的核心风险。原文分上下两篇，上篇先完成行情复盘与两大下游市场——新能源汽车和储能——的深度拆解；下篇将继续分析动力和储能电池的生产情况、库存分析、行业监管政策，并推演锂价中长期走势。但是由于篇幅较长，共拆解为四篇发布。【前文回顾之一】墨柯：2026锂价拐点已现，年末或跌至10万区间！（核心研判之一）下跌周期正式开启【前文回顾之二】墨柯：2026锂价拐点,http://mp.weixin.qq.com/s?__biz=MzkwMTYxMzYwNg==&mid=2247532289&idx=1&sn=9b4b6d89de2b7029f328c9285dee79da,,【重要文章，篇幅较长，预计阅读时间15分钟】本文将从碳酸锂期货历史走势、新能源汽车和储能终端真实需求两大维度，拆解本轮锂价见顶的底层逻辑。当前市场普遍存在“碳酸锂供给增量有限、电池排产高增” 的乐观叙事，但忽略了终端需求持续走弱、远期去库压力爆发的核心风险。原文分上下两篇，上篇先完成行情复盘与两大下游市场——新能源汽车和储能——的深度拆解；下篇将继续分析动力和储能电池的生产情况、库存分析、行业监管政策，并推演锂价中长期走势。但是由于篇幅较长，共拆解为四篇发布。【前文回顾之一】墨柯：2026锂价拐点已现，年末或跌至10万区间！（核心研判之一）下跌周期正式开启【前文回顾之二】墨柯：2026锂价拐点,【重要文章，篇幅较长，预计阅读时间15分钟】本文将从碳酸锂期货历史走势、新能源汽车和储能终端真实需求两大维度，拆解本轮锂价见顶的底层逻辑。当前市场普遍存在“碳酸锂供给增量有限、电池排产高增” 的乐观叙事，但忽略了终端需求持续走弱、远期去库压力爆发的核心风险。原文分上下两篇，上篇先完成行情复盘与两大下游市场——新能源汽车和储能——的深度拆解；下篇将继续分析动力和储能电池的生产情况、库存分析、行业监管政策，并推演锂价中长期走势。但是由于篇幅较长，共拆解为四篇发布。【前文回顾之一】墨柯：2026锂价拐点已现，年末或跌至10万区间！（核心研判之一）下跌周期正式开启【前文回顾之二】墨柯：2026锂价拐点已现，年末或跌至10万区间！（核心研判之二）储能看似火热，实则装机增速下滑下篇：电池生产过热 + 库存分析 + 锂价后市推演上面说的新能源汽车和储能都是电池的需求端，是要用到电池的。通过分析我们可以了解到，今年新能源汽车和储能市场的发展速度基本上可以确定都会明显慢下来，明年大概率也不会有所好转。这就意味着对电池的需求增长也会慢下来，但毕竟只是电池生产直接对应碳酸锂需求，电池生产现在还很旺，最下游的新能源汽车和储能都还隔着一层，影响到电池生产和供应需要时间，所以我当时认为本轮锂价的最高点（拐点）可能会在11月出现，但是现在看来有很大概率已经提前到5月中旬就出现了。那么，电池环节是不是出了问题？下面我们再来看看电池方面的情况。我先说结论，锂电池生产持续过热，导致的电池库存高企可能已经在深刻影响市场。4.电池生产全面过热，监管祭出组合拳电池方面的情况我这里主要基于动力电池联盟的数据来分析。动力电池联盟的电池产量数据这么几年观察下来我觉得是所有机构中相对最靠谱的，这也基本上是大家公认的。这里我们可以简单验证下，动力电池联盟公布的今年上半年电池产量数据是1068.9 GWh，国内碳酸锂上半年总供给80万吨（国内产量62.2万吨+进口17.9万吨-出口0.23万吨=79.87万吨）（注：这里说的碳酸锂是指所有的锂产品折合成碳酸锂当量计算，下同），每GWh的磷酸铁锂电池生产大概消耗600吨碳酸锂，这样，80万吨碳酸锂大概对应1330GWh电池，但是，我们知道，三元电池和钴酸锂电池等对碳酸锂的消耗会更高一些，同时，由于锂价处于上行期间，材料厂、电池厂甚至整车厂都会倾向于提前多采购一些碳酸锂，中间商也可能会多屯积点货，把这些因素都考虑进去，上半年电池产量数据1068.9 GWh我觉得是靠谱的。4.1 产销数据验证：2025-2026 上半年电池库存持续爆炸式累积不过，动力电池联盟只公布一个总的产量数据，没有区分动力电池和储能电池的各自产量。为便于研究分析，我就参考它提供的销量结构来对产量做区分。以今年上半年为例，动力电池联盟公布的总销量数据是979.4 GWh，其中动力电池661.3 GWh，储能电池318.1 GWh，占比分别是67.5%和32.5%，我就以这个比重把上半年1068.9 GWh的总产量数据做了区分，其中动力电池产量721.7 GWh（=1068.9×67.5%），同比增长40.1%；储能电池产量347.2 GWh（= 1068.9×32.5%），同比增长90.6%。前面已经介绍，今年上半年新能源汽车销量同比增长7.35%，对应的动力电池需求同比增长20.2%，也就是说，动力电池的产量增速显著高于需求增速（高了20个百分点），动力电池生产确定过热无疑，库存继续累高。储能电池也是一样，按照我的计算方法，储能电池需求今年上半年同比增长42.7%，不及产量增速的一半，生产更加过热，库存更加快速累积。我们先来看一下这种状况如果持续到年底会怎么样。按照去年上下半年的产量占比简单推算，今年下半年还将生产1490GWh的电池，其中动力电池1000G，储能电池490G。这样，全年一共生产动力和储能电池2560GWh，其中动力电池1720G，储能电池830G。结合前面提到的今年动力电池需求1080GWh、储能电池需求550G来看，今年形成的动力电池库存可能达到640G，储能电池库存270G，合计总库存将会超过900G，占电池总产量的比重将超过35%。这显然会出大问题。所以监管部门是一定要有所动作的，必须要抑制电池生产过热现象。现在我们来看看监管部门采取了哪些动作。4.2 三重政策组合拳落地，从源头抑制电池过度生产首先，电池扩产一刀切暂停。我看到的网络消息是这样的：工信部将牵头开展全国锂电池产能全面调查并建立预警机制，目前具体调查方式及时间安排尚未明确，但在机制正式建立前，各地需暂停办理动力和储能锂电池项目相关手续，消费电池及锂电材料类项目不受此次管控影响。这是7月中旬传出的消息。这个事主要影响的是以储能为主营业务的电池厂，如海辰、楚能等。这些储能电池厂还有冲击上市的目标任务，需要讲故事。市场高速发展，产能紧张，需要融资扩产，就是通行的故事套路，也最容易被资本市场所接受。为了这个故事能讲圆，现实中也必须要多生产一些，制造生产繁荣的景象，给实地考察的投资人以信心。况且，在锂价上行时期，提前生产也是必须的，这样可以适当降低生产成本。现在，不让扩产了，融资故事需要另外讲，多多少少会影响到企业的生产积极性，如果确定锂价已经进入下行通道，那就更加不会多生产了。从这个角度看，储能电池的生产增速下半年大概率会放缓一点。而这个事对于那些兼具动力和储能业务的电池大厂来说几乎没有影响，一来这些大厂的扩产计划大都早就做好了，融资也基本到位，二来产线是通用的，在动力电池需求确定已经转弱的情况下，完全可以腾出一些产线来生产储能电池。总体来说，暂停扩产对这些电池大厂甚至是有利的，因为这加剧了储能电池厂的困难。如果说电池扩产一刀切只对部分储能电池厂有影响，还有一件事对几乎所有电池厂都有影响，那就是60天账期要求。关于这方面，其实早在去年6月1号修订实施的《保障中小企业款项支付条例》的第9条就有明确规定：大型企业向中小企业采购货物/服务，付款期限最长不得超过 60 日。这属于法定红线，电池厂基本上都算是大型制造企业，而材料厂基本上都属于中小企业，完全符合法规要求，但一年实施下来，看来效果不大，主要原因可能是执行层面缺乏细节，于是在今年6月29号，动力电池联盟和中关村储能联盟联合发布行业专项《倡议》，并得到了工信部的官方背书。《倡议》是动力电池和储能行业首份全链条账款专项规范，宁德时代、比亚迪、亿纬锂能、欣旺达、中创新航等 11 家头部电池企业全部公开响应执行。《倡议》要求电池厂给中小企业供应商支付货款的期限必须在60个自然日内，没有协商放宽空间。这份《倡议》的内容很具体，一是明确了大型供应商和中小供应商的范畴，大供应商仅指上游头部矿企和大型化工企业，包括四大材料和电池辅材在内的供应商都属于中小供应商；二是明确了账期起算时间、货物硬性验收规则、支付方式约束等。简单说，《倡议》是对相关法规在执行层面的细化。总结起来一句话，电池厂你生产多少我不管，材料款必须按时结。这个杀伤力我觉得比较大，它会改变电池厂的行为方式，迫使电池厂按需生产。具体影响的量级其实也可以大致推算。按照前面的产量和库存分析，下半年新增库存可能接近500G，这500G对应的材料款大致在1500亿左右，这笔钱不少。现在按《倡议》来，电池厂会面临很现实的现金流压力，生产方面就会谨慎得多。电池厂一旦按需生产，材料方面肯定也会逐步跟进，整个行业的发展会逐步规范和健康起来。有人会说现在银行都抢着要给电池厂支付材料货款提供资金，所以这个60天账期对电池厂的现金流影响不大。这么看似乎也没问题，但是，银行的钱不会白给，怎么着也得要2-3个点的利息吧。以前电池厂薅材料厂羊毛，拖欠材料货款一年半载的，放在银行还可以吃利息，现在银行要薅电池厂羊毛，对电池厂来说，一来一去损失好几个点，再赚钱也经不起这么折腾。第三就是消费税了。2015 年财税〔2015〕16 号文件将全部电池纳入消费税征税范围，法定基准税率 4%；为扶持新能源产业，当年直接对锂离子蓄电池、锂原电池等 7 类电池免征消费税。2026年7月16日，财政部、海关总署、税务总局联合发布2026 年第 20 号公告，宣布自 2026 年 9 月 1 日分步取消锂电免税、恢复征税，其中，过渡期2026 年 9 月 1 日至2027年8月31日，税率2%，在这之后执行4%的法定基准税率。消费税是由电池厂代缴的，理论上对电池厂的直接影响不大，甚至都不需要修改与下游客户的供货协议，电池卖了多少钱，直接加上2个点就行了。对电池厂多生产而累库的行为有多大影响不好说，因为电池入库并不需要马上代缴消费税，但是，只要出库开票，哪怕当废品卖，也需要缴纳消费税。理论上消费税的推出有利于引导电池厂按需生产。对储能电池的影响会大一些，因为储能电芯正在经历技术迭代，现在很多储能大客户正在纷纷弃用314Ah电芯产品转而采购500Ah以上的电芯产品。去年下半年以来，因为锂价进入上行通道，提前生产储能电芯的行为比较普遍，其中314Ah电芯产品应该生产了很多，这些电芯今后不但要赔钱甩卖而且可能还要自己承担消费税，对电池厂来说是雪上加霜。影响最大的是电池下游应用行业主要是新能源汽车和储能。本来现在新能源汽车就不好卖，2个点的消费税一加，相当于整车要适当涨价（新能源汽车成本结构中电池占比最大），消费者更加不买账。因此，现在整车厂的通行做法是车不涨价，2个点的税由自己和电池厂共同来消化。如果均摊，就意味着电池厂要承担1个点的消费税，等于自己的利润率降了1个点。储能电池方面有可能2个点的消费税全部要电池厂来承担。当前储能电芯占系统 EPC 成本55%~60%，加上2个点的消费税，储能系统总成本会上浮0.8%-1.2%。这不是一笔小开支，这会直接把处于中间那批在盈亏线（IRR 6%-7%）附近徘徊的1/3项目全部干成赔本，就是原本计划在1/3赚钱项目中的也会有一部分干成赔本。因此，储能客户无法接受，最终大概率只能电池厂捏着鼻子承担下来。总的分析下来，消费税的推出对电池厂的综合影响还是比较大的，明年9月1日消费税提升至4%之后的影响会更大。暂停扩产、60天账期和消费税的这套组合拳推出来，我觉得一定会影响下半年的生产走势，生产过热的现象会逐步冷却下来。但是冷却的速度会有多快我现在不好判断，一是电池生产这架庞大的机器高速转动起来，要冷却下来不容易；二是很多企业的融资计划才走到一半，咬着牙也会继续撑到年底再看。我现在谨慎估计下半年动力和储能电池总产量可能会在1200GWh左右，比上半年略微好点，平均每个月200G，其中，7月和8月会超过200G，最后两个月会回落到200G以下。上面截图是我最近在微信上偶然看到的消息，我现在不太清楚这是个别现象还是已经发展成为普遍现象。按理说，如果只是消费税影响，即便全部由电池厂承担，也就2个点，况且，消费税现在还没有开始实施，不至于疯狂掉价。还有一个很可能的原因就是我一直在提的电池库存。锂价上行时候，电池库存现象会被掩盖，电池价格即便不涨，也跌不下去。现在锂价已经连跌了3个月，与锂价绑定的电池价格没法继续维持，只能跟着跌，这一跌，可能把库存的遮羞布也给扯下来了，大家突然发现电池供给犹如滔滔江水连绵不绝，那电池价格的跌势就止不住了。现在我们来研究分析下电池库存情况到底怎么样。（未完待续）【前文回顾之一】墨柯：2026锂价拐点已现，年末或跌至10万区间！（核心研判之一）下跌周期正式开启【前文回顾之二】墨柯：2026锂价拐点已现，年末或跌至10万区间！（核心研判之二）储能看似火热，实则装机增速下滑【下篇预告之四】墨柯：2026锂价拐点已现，年末或跌至10万区间！（核心预判之四）电池库存情况剖析，锂价后市推演 --现已同步入驻-- 点点“分享”，给我充点儿电吧~电池生产全面过热，监管祭出组合拳,,,,pending
辽宁新建年产10000立方米钒电解液项目备案,亚化液流储能,亚化液流储能,"RIOnews API, 长时储能, 液流电池, 合作进展, 融资, 战略合作, 投资, 合作, 技术进展, 最新进展, 技术突破, 技术验证",normal,2026-08-13T15:08:53+08:00,,8月12日，辽宁省投资项目在线审批监管平台显示，锦州中钒储能科技有限公司新建年产10000立方米钒电解液项目完成备案。项目代码：2608-210788-04-01-787275项目名称：锦州中钒储能科技有限公司新建年产10000立方米钒电解液项目项目类型：备案类项目法人单位：锦州中钒储能科技有限公司审批部门：辽宁汤河子经济开发区管理委员会审批事项：内资企业投资项目备案（工业技术改造项目除外）审批状态：批复办结办理时间：2026-08-12批复文号：汤河子管委会备字〔2026〕40号锦州中钒储能科技有限公司成立于2026年，吉林省钒谷储能新材料成员，是一家以从事电气机械和器材制造业为主的企业。企,http://mp.weixin.qq.com/s?__biz=MzkzNDYzMzQ0NA==&mid=2247504168&idx=3&sn=1287514c642e1657e8f36a9ee3a63249,,8月12日，辽宁省投资项目在线审批监管平台显示，锦州中钒储能科技有限公司新建年产10000立方米钒电解液项目完成备案。项目代码：2608-210788-04-01-787275项目名称：锦州中钒储能科技有限公司新建年产10000立方米钒电解液项目项目类型：备案类项目法人单位：锦州中钒储能科技有限公司审批部门：辽宁汤河子经济开发区管理委员会审批事项：内资企业投资项目备案（工业技术改造项目除外）审批状态：批复办结办理时间：2026-08-12批复文号：汤河子管委会备字〔2026〕40号锦州中钒储能科技有限公司成立于2026年，吉林省钒谷储能新材料成员，是一家以从事电气机械和器材制造业为主的企业。企,8月12日，辽宁省投资项目在线审批监管平台显示，锦州中钒储能科技有限公司新建年产10000立方米钒电解液项目完成备案。项目代码：2608-210788-04-01-787275项目名称：锦州中钒储能科技有限公司新建年产10000立方米钒电解液项目项目类型：备案类项目法人单位：锦州中钒储能科技有限公司审批部门：辽宁汤河子经济开发区管理委员会审批事项：内资企业投资项目备案（工业技术改造项目除外）审批状态：批复办结办理时间：2026-08-12批复文号：汤河子管委会备字〔2026〕40号锦州中钒储能科技有限公司成立于2026年，吉林省钒谷储能新材料成员，是一家以从事电气机械和器材制造业为主的企业。企业注册资本1000万人民币，法定代表人吴海军。控股股东为湖南金维电力建设有限公司（控股60%）、吉林省钒谷储能新材料有限公司（控股40%）。2026年4月，白城市人民政府、吉林省钒谷储能新材料有限公司、上海中来智慧新能源有限公司三方合作签约座谈会成功举行。座谈会上，中来股份副总裁、中来新能源总经理王宏亮介绍企业发展布局与投资计划，表达深耕白城新能源产业、助力地方发展的坚定信心。白城金升镍业董事长王权义、吉林省钒谷储能董事长吴海军分别介绍项目投资方案与发展路径，依托现有厂区与存量资产，结合白城新能源优势，全力推进项目落地建设。白城市人民政府副市长李子罡指出，白城市风光资源富集，新能源产业发展潜力巨大，钒储能是白城重点培育的战略性新兴产业方向。希望各方以此次签约为起点，加快推进项目落地，白城市政府将全力做好服务保障，营造优质营商环境。在与会领导共同见证下，白城市首个“绿电直连”项目达成战略合作。项目将充分发挥白城丰富的风光资源优势，结合中来的新能源系统集成能力，探索“绿电直供、源网协同”的低碳产业园区发展新路径，为白城打造“绿电+储能+新材料”一体化发展格局注入强劲动能。来源：辽宁省投资项目在线审批监管平台《亚化钒产业交流群》正式建立，欢迎钒产业链的朋友们的加入，上游主要包括含钒矿产（如钒钛磁铁矿、石煤等）以及含钒固废等钒原料。中游为钒产品生产制造环节，涵盖提钒和制钒两大关键步骤。下游则是钒的应用领域，包括钢铁、冶金、全钒电池、化工、颜料等，入群请备注公司名称、姓名、手机等信息。一会议背景全球能源转型加速推进，全钒液流电池凭借本征安全、超长寿命与灵活扩容的独特优势，已成为长时储能的最优技术路径之一。2025年，中国全钒液流电池新增装机约1GW/4.2GWh。2026年6月，我国规模最大全钒液流储能电站——三峡集团新疆吉木萨尔200MW/1000MWh全钒液流储能电站全面转入商业运行，标志着行业正式迈入吉瓦级商业化运营新阶段。产业规模快速扩张的同时，钒液流电池正经历从技术验证向规模化应用的关键跨越，一系列新趋势与新业态正在重塑行业格局。电解液融资租赁模式加速破局——钒电解液占系统总成本40%-50%，以“以租代购”为核心的经营性租赁可将初始投资降低40%-50%，推动初投成本迈入1元/Wh以内。核心技术持续突破——电堆大型化技术取得关键突破，全球最大功率200KW全钒液流单体电堆发布，大幅降低储能系统的单位装机成本与系统复杂度，推动全钒液流储能技术走向更广泛商业化应用。与此同时，混合储能正成为优化系统性价比的重要路径。“锂电+液流”等组合模式兼顾高功率响应与长时能量时长，有效破解单一技术商业化瓶颈。中国钒液流电池企业亦加速出海，海外布局已成为开拓高溢价市场、实现全球化增长的必然选择。此外，储能与AI算力中心的深度融合正开辟增量空间——全钒液流电池凭借高安全与长时储能特性，精准适配算力中心不间断供电、峰谷节电等新场景，市场需求加速释放。值此产业变革之际，由亚化咨询、上海电气储能联合主办，国际钒技术委员会（Vanitec）支持的中国国际钒液流电池论坛2026将于11月19–20日在上海召开。论坛将深入探讨储能政策与市场、电解液融资租赁创新、电堆与短流程电解液技术、混合储能案例、出海战略、储能与AI算力融合发展等议题。一会议主题1.全球钒液流电池产业政策与市场展望2.全钒液流电池技术发展与成本控制3.钒资源供需格局与价格趋势分析4.短流程电解液制备技术突破与产业化5.电解液融资租赁案例与路径6.电堆技术最新进展与降本趋势7.混合储能项目案例与技术发展8.企业出海战略与海外项目实践9.储能与AI算力中心：绿电直连与长时储能新场景10.液流电池用质子膜产业化进展11.电极、双极板等关键材料技术进展12.液流电池生产设备与工艺13.产业投资与钒液流电池资本市场机遇14.工业参观三大会安排联合主办：亚化咨询、上海电气储能支持单位：国际钒技术委员会会议地点：上海会议规模：200+会议签到：11月18日下午会议报告：11月19日全天工业参观：11月20日考察申能奉贤星火综合新型储能示范基地三赞助方案项目项目内容主题演讲25分钟主题演讲参会名额微信推送微信公众号，企业介绍以及相关软文会刊广告研讨会会刊，彩色全页广告（尺寸A4）资料入袋赞助企业的宣传册放入会议包袋现场展台现场展示台，展示样品、资料，含两个参会名额现场易拉宝现场1个易拉宝展示礼品赞助印有赞助商logo的礼品赠送参会听众茶歇赞助冠名和赞助会议期间的茶歇晚宴赞助冠名和赞助会议的招待晚宴Logo展示背景墙 logo，会刊封面logo为充实论坛内容、赋能产业发展、打造高影响力行业交流盛会，现面向全钒液流电池产业领域专家学者、资深企业家，公开征集演讲议题，共绘产业美好蓝图。如果您有意向参与演讲、赞助或参会，欢迎您与我们联系：赵经理***********（微信同号）review往期会议回顾中国国际钒液流电池论坛2025圆满召开！【快讯】第三届钒原料、电解液与钒电池储能论坛2025圆满召开！【快讯】中国国际钒液流储能大会2024圆满召开！【快讯】2024钒原料、电解液与钒电池储能论坛【快讯】第二届液流储能电池技术与产业发展论坛【快讯】质子膜、双极板、电极材料与电堆技术论坛【快讯】钒原料、电解液与钒电池产业发展论坛2023【快讯】2023液流储能电池技术与产业发展论坛圆满召开！关于亚化咨询亚化咨询是国内领先的新兴能源、材料领域的产业智库，2008年成立于上海浦东。业务范围：咨询研究、会议培训、产业中介。重点关注：新兴能源、材料产业，如煤化工、高端石化、光伏、氢能与燃料电池、生物能源材料、半导体、储能等。版权及免责声明：一、本公众号注明“原创”的文章，其他媒体可以转载，但转载时必须保持内容的完整性，且务必注明来源。二、本公众号注明其他来源的文章，是出于分享信息之目的而转载的公开内容，版权归原作者所有。如涉及版权问题，敬请联系，我们将在第一时间核实并处理。辽宁新建年产10000立方米钒电解液项目备案,,,,pending
【演讲征集】中国国际钒液流电池论坛2026将于11月19–20日在上海召开,亚化液流储能,亚化液流储能,"RIOnews API, 长时储能, 液流电池, 合作进展, 融资, 投资, 技术进展, 最新进展, 技术突破, 技术验证",normal,2026-08-13T15:08:53+08:00,,一会议背景全球能源转型加速推进，全钒液流电池凭借本征安全、超长寿命与灵活扩容的独特优势，已成为长时储能的最优技术路径之一。2025年，中国全钒液流电池新增装机约1GW/4.2GWh。2026年6月，我国规模最大全钒液流储能电站——三峡集团新疆吉木萨尔200MW/1000MWh全钒液流储能电站全面转入商业运行，标志着行业正式迈入吉瓦级商业化运营新阶段。产业规模快速扩张的同时，钒液流电池正经历从技术验证向规模化应用的关键跨越，一系列新趋势与新业态正在重塑行业格局。电解液融资租赁模式加速破局——钒电解液占系统总成本40%-50%，以“以租代购”为核心的经营性租赁可将初始投资降低40%-50%，推动初,http://mp.weixin.qq.com/s?__biz=MzkzNDYzMzQ0NA==&mid=2247504168&idx=4&sn=7d2f672f7953cc70f8c93cfef11d20a0,,一会议背景全球能源转型加速推进，全钒液流电池凭借本征安全、超长寿命与灵活扩容的独特优势，已成为长时储能的最优技术路径之一。2025年，中国全钒液流电池新增装机约1GW/4.2GWh。2026年6月，我国规模最大全钒液流储能电站——三峡集团新疆吉木萨尔200MW/1000MWh全钒液流储能电站全面转入商业运行，标志着行业正式迈入吉瓦级商业化运营新阶段。产业规模快速扩张的同时，钒液流电池正经历从技术验证向规模化应用的关键跨越，一系列新趋势与新业态正在重塑行业格局。电解液融资租赁模式加速破局——钒电解液占系统总成本40%-50%，以“以租代购”为核心的经营性租赁可将初始投资降低40%-50%，推动初,一会议背景全球能源转型加速推进，全钒液流电池凭借本征安全、超长寿命与灵活扩容的独特优势，已成为长时储能的最优技术路径之一。2025年，中国全钒液流电池新增装机约1GW/4.2GWh。2026年6月，我国规模最大全钒液流储能电站——三峡集团新疆吉木萨尔200MW/1000MWh全钒液流储能电站全面转入商业运行，标志着行业正式迈入吉瓦级商业化运营新阶段。产业规模快速扩张的同时，钒液流电池正经历从技术验证向规模化应用的关键跨越，一系列新趋势与新业态正在重塑行业格局。电解液融资租赁模式加速破局——钒电解液占系统总成本40%-50%，以“以租代购”为核心的经营性租赁可将初始投资降低40%-50%，推动初投成本迈入1元/Wh以内。核心技术持续突破——电堆大型化技术取得关键突破，全球最大功率200KW全钒液流单体电堆发布，大幅降低储能系统的单位装机成本与系统复杂度，推动全钒液流储能技术走向更广泛商业化应用。与此同时，混合储能正成为优化系统性价比的重要路径。“锂电+液流”等组合模式兼顾高功率响应与长时能量时长，有效破解单一技术商业化瓶颈。中国钒液流电池企业亦加速出海，海外布局已成为开拓高溢价市场、实现全球化增长的必然选择。此外，储能与AI算力中心的深度融合正开辟增量空间——全钒液流电池凭借高安全与长时储能特性，精准适配算力中心不间断供电、峰谷节电等新场景，市场需求加速释放。值此产业变革之际，由亚化咨询、上海电气储能联合主办，国际钒技术委员会（Vanitec）支持的中国国际钒液流电池论坛2026将于11月19–20日在上海召开。论坛将深入探讨储能政策与市场、电解液融资租赁创新、电堆与短流程电解液技术、混合储能案例、出海战略、储能与AI算力融合发展等议题。一会议主题1.全球钒液流电池产业政策与市场展望2.全钒液流电池技术发展与成本控制3.钒资源供需格局与价格趋势分析4.短流程电解液制备技术突破与产业化5.电解液融资租赁案例与路径6.电堆技术最新进展与降本趋势7.混合储能项目案例与技术发展8.企业出海战略与海外项目实践9.储能与AI算力中心：绿电直连与长时储能新场景10.液流电池用质子膜产业化进展11.电极、双极板等关键材料技术进展12.液流电池生产设备与工艺13.产业投资与钒液流电池资本市场机遇14.工业参观三大会安排联合主办：亚化咨询、上海电气储能支持单位：国际钒技术委员会会议地点：上海会议规模：200+会议签到：11月18日下午会议报告：11月19日全天工业参观：11月20日-参观地点待定三赞助方案项目项目内容主题演讲25分钟主题演讲参会名额微信推送微信公众号，企业介绍以及相关软文会刊广告研讨会会刊，彩色全页广告（尺寸A4）资料入袋赞助企业的宣传册放入会议包袋现场展台现场展示台，展示样品、资料，含两个参会名额现场易拉宝现场1个易拉宝展示礼品赞助印有赞助商logo的礼品赠送参会听众茶歇赞助冠名和赞助会议期间的茶歇晚宴赞助冠名和赞助会议的招待晚宴Logo展示背景墙 logo，会刊封面logo为充实论坛内容、赋能产业发展、打造高影响力行业交流盛会，现面向全钒液流电池产业领域专家学者、资深企业家，公开征集演讲议题，共绘产业美好蓝图。如果您有意向参与演讲、赞助或参会，欢迎您与我们联系：赵经理***********（微信同号）review往期会议回顾【快讯】第三届钒原料、电解液与钒电池储能论坛2025圆满召开！【快讯】中国国际钒液流储能大会2024圆满召开！【快讯】2024钒原料、电解液与钒电池储能论坛【快讯】第二届液流储能电池技术与产业发展论坛【快讯】质子膜、双极板、电极材料与电堆技术论坛【快讯】钒原料、电解液与钒电池产业发展论坛2023【快讯】2023液流储能电池技术与产业发展论坛圆满召开！关于亚化咨询亚化咨询是国内领先的新兴能源、材料领域的产业智库，2008年成立于上海浦东。业务范围：咨询研究、会议培训、产业中介。重点关注：新兴能源、材料产业，如煤化工、高端石化、光伏、氢能与燃料电池、生物能源材料、半导体、储能等。版权及免责声明：一、本公众号注明“原创”的文章，其他媒体可以转载，但转载时必须保持内容的完整性，且务必注明来源。二、本公众号注明其他来源的文章，是出于分享信息之目的而转载的公开内容，版权归原作者所有。如涉及版权问题，敬请联系，我们将在第一时间核实并处理。【演讲征集】中国国际钒液流电池论坛2026将于11月19–20日在上海召开,,,,pending
威弗菜百兆瓦级液流电池关键零部件、电堆与系统生产项目备案,亚化液流储能,亚化液流储能,"RIOnews API, 长时储能, 液流电池, 合作进展, 融资, 投资, 技术进展, 最新进展, 技术突破, 技术验证",normal,2026-08-13T15:08:53+08:00,,备案项目编号：2608-440605-04-01-339849项目名称：威弗菜百兆瓦级液流电池关键零部件、电堆与系统生产项目项目所在地：佛山市南海区丹灶镇外资工业邨4号1楼项目总投资：10000万元项目规模及内容：项目主要从事液流电池电堆系统的生产，通过租赁现有厂房3400平方，占地面积3500平方，购置恒温恒湿设备及液流电池电堆生产线，包括大型制冷设备、覆膜设备、碳毡生产设备、点胶设备、贴合设备、裁切设备、检测设备等相关配套设备，对产线设备的改造升级，达到生产流程完全自主可控，提升车间整体生产效率及生产线数字化水平，建设百兆瓦级液流电池电堆系统的生产基地。预计年生产“液流电池电堆”约1万个，,http://mp.weixin.qq.com/s?__biz=MzkzNDYzMzQ0NA==&mid=2247504168&idx=2&sn=da8a5f3b4dbc08fbcf3b2f8da616fc64,,备案项目编号：2608-440605-04-01-339849项目名称：威弗菜百兆瓦级液流电池关键零部件、电堆与系统生产项目项目所在地：佛山市南海区丹灶镇外资工业邨4号1楼项目总投资：10000万元项目规模及内容：项目主要从事液流电池电堆系统的生产，通过租赁现有厂房3400平方，占地面积3500平方，购置恒温恒湿设备及液流电池电堆生产线，包括大型制冷设备、覆膜设备、碳毡生产设备、点胶设备、贴合设备、裁切设备、检测设备等相关配套设备，对产线设备的改造升级，达到生产流程完全自主可控，提升车间整体生产效率及生产线数字化水平，建设百兆瓦级液流电池电堆系统的生产基地。预计年生产“液流电池电堆”约1万个，,备案项目编号：2608-440605-04-01-339849项目名称：威弗菜百兆瓦级液流电池关键零部件、电堆与系统生产项目项目所在地：佛山市南海区丹灶镇外资工业邨4号1楼项目总投资：10000万元项目规模及内容：项目主要从事液流电池电堆系统的生产，通过租赁现有厂房3400平方，占地面积3500平方，购置恒温恒湿设备及液流电池电堆生产线，包括大型制冷设备、覆膜设备、碳毡生产设备、点胶设备、贴合设备、裁切设备、检测设备等相关配套设备，对产线设备的改造升级，达到生产流程完全自主可控，提升车间整体生产效率及生产线数字化水平，建设百兆瓦级液流电池电堆系统的生产基地。预计年生产“液流电池电堆”约1万个，年产值10000万元。设有“液流电池电堆集成”生产车间、材料区、办公室。建设单位：广东威弗莱能源科技有限公司备案机关：佛山市南海区丹灶镇经济发展办公室备案申报日期：2026-08-11复核通过日期：2026-08-12项目起止年限：2026-08-01至2029-06-01项目当前状态：办结（通过）来源：广东省投资项目在线审批监管平台《亚化钒产业交流群》正式建立，欢迎钒产业链的朋友们的加入，上游主要包括含钒矿产（如钒钛磁铁矿、石煤等）以及含钒固废等钒原料。中游为钒产品生产制造环节，涵盖提钒和制钒两大关键步骤。下游则是钒的应用领域，包括钢铁、冶金、全钒电池、化工、颜料等，入群请备注公司名称、姓名、手机等信息。一会议背景全球能源转型加速推进，全钒液流电池凭借本征安全、超长寿命与灵活扩容的独特优势，已成为长时储能的最优技术路径之一。2025年，中国全钒液流电池新增装机约1GW/4.2GWh。2026年6月，我国规模最大全钒液流储能电站——三峡集团新疆吉木萨尔200MW/1000MWh全钒液流储能电站全面转入商业运行，标志着行业正式迈入吉瓦级商业化运营新阶段。产业规模快速扩张的同时，钒液流电池正经历从技术验证向规模化应用的关键跨越，一系列新趋势与新业态正在重塑行业格局。电解液融资租赁模式加速破局——钒电解液占系统总成本40%-50%，以“以租代购”为核心的经营性租赁可将初始投资降低40%-50%，推动初投成本迈入1元/Wh以内。核心技术持续突破——电堆大型化技术取得关键突破，全球最大功率200KW全钒液流单体电堆发布，大幅降低储能系统的单位装机成本与系统复杂度，推动全钒液流储能技术走向更广泛商业化应用。与此同时，混合储能正成为优化系统性价比的重要路径。“锂电+液流”等组合模式兼顾高功率响应与长时能量时长，有效破解单一技术商业化瓶颈。中国钒液流电池企业亦加速出海，海外布局已成为开拓高溢价市场、实现全球化增长的必然选择。此外，储能与AI算力中心的深度融合正开辟增量空间——全钒液流电池凭借高安全与长时储能特性，精准适配算力中心不间断供电、峰谷节电等新场景，市场需求加速释放。值此产业变革之际，由亚化咨询、上海电气储能联合主办，国际钒技术委员会（Vanitec）支持的中国国际钒液流电池论坛2026将于11月19–20日在上海召开。论坛将深入探讨储能政策与市场、电解液融资租赁创新、电堆与短流程电解液技术、混合储能案例、出海战略、储能与AI算力融合发展等议题。一会议主题1.全球钒液流电池产业政策与市场展望2.全钒液流电池技术发展与成本控制3.钒资源供需格局与价格趋势分析4.短流程电解液制备技术突破与产业化5.电解液融资租赁案例与路径6.电堆技术最新进展与降本趋势7.混合储能项目案例与技术发展8.企业出海战略与海外项目实践9.储能与AI算力中心：绿电直连与长时储能新场景10.液流电池用质子膜产业化进展11.电极、双极板等关键材料技术进展12.液流电池生产设备与工艺13.产业投资与钒液流电池资本市场机遇14.工业参观三大会安排联合主办：亚化咨询、上海电气储能支持单位：国际钒技术委员会会议地点：上海会议规模：200+会议签到：11月18日下午会议报告：11月19日全天工业参观：11月20日考察申能奉贤星火综合新型储能示范基地三赞助方案项目项目内容主题演讲25分钟主题演讲参会名额微信推送微信公众号，企业介绍以及相关软文会刊广告研讨会会刊，彩色全页广告（尺寸A4）资料入袋赞助企业的宣传册放入会议包袋现场展台现场展示台，展示样品、资料，含两个参会名额现场易拉宝现场1个易拉宝展示礼品赞助印有赞助商logo的礼品赠送参会听众茶歇赞助冠名和赞助会议期间的茶歇晚宴赞助冠名和赞助会议的招待晚宴Logo展示背景墙 logo，会刊封面logo为充实论坛内容、赋能产业发展、打造高影响力行业交流盛会，现面向全钒液流电池产业领域专家学者、资深企业家，公开征集演讲议题，共绘产业美好蓝图。如果您有意向参与演讲、赞助或参会，欢迎您与我们联系：赵经理***********（微信同号）review往期会议回顾中国国际钒液流电池论坛2025圆满召开！【快讯】第三届钒原料、电解液与钒电池储能论坛2025圆满召开！【快讯】中国国际钒液流储能大会2024圆满召开！【快讯】2024钒原料、电解液与钒电池储能论坛【快讯】第二届液流储能电池技术与产业发展论坛【快讯】质子膜、双极板、电极材料与电堆技术论坛【快讯】钒原料、电解液与钒电池产业发展论坛2023【快讯】2023液流储能电池技术与产业发展论坛圆满召开！关于亚化咨询亚化咨询是国内领先的新兴能源、材料领域的产业智库，2008年成立于上海浦东。业务范围：咨询研究、会议培训、产业中介。重点关注：新兴能源、材料产业，如煤化工、高端石化、光伏、氢能与燃料电池、生物能源材料、半导体、储能等。版权及免责声明：一、本公众号注明“原创”的文章，其他媒体可以转载，但转载时必须保持内容的完整性，且务必注明来源。二、本公众号注明其他来源的文章，是出于分享信息之目的而转载的公开内容，版权归原作者所有。如涉及版权问题，敬请联系，我们将在第一时间核实并处理。威弗菜百兆瓦级液流电池关键零部件、电堆与系统生产项目备案,,,,pending
仅用90秒即可完成1L电解液制备！中国科大发明电子束高效合成全钒液流电池电解液技术,亚化液流储能,亚化液流储能,"RIOnews API, 长时储能, 液流电池, 合作进展, 融资, 投资, 技术进展, 最新进展, 技术突破, 技术验证",normal,2026-08-13T15:08:53+08:00,,近日，中国科学技术大学马骏团队提出了一种电子束诱导辐解制备混合价态V3.5+钒电解液的新策略。该方法利用商业电子加速器在常温条件下辐照高浓度钒溶液，通过水辐解瞬时产生的还原性自由基，将V4+快速转化为V3+。研究进一步设计了可原位持续释放甲酸根的VO(HCOO)2前驱体，在无需贵金属催化剂和固体电极的条件下，仅用90 s即可完成1 L电解液制备，V3+生成速率达到0.65 mol·L⁻¹·h⁻¹。所得电解液在100 mA·cm⁻2下实现97.92%的库仑效率和85.05%的能量效率。相关成果被《Angewandte Chemie International Edition》接收并入选Hot P,http://mp.weixin.qq.com/s?__biz=MzkzNDYzMzQ0NA==&mid=2247504168&idx=1&sn=85603ea6c7499010228f188983347de5,,近日，中国科学技术大学马骏团队提出了一种电子束诱导辐解制备混合价态V3.5+钒电解液的新策略。该方法利用商业电子加速器在常温条件下辐照高浓度钒溶液，通过水辐解瞬时产生的还原性自由基，将V4+快速转化为V3+。研究进一步设计了可原位持续释放甲酸根的VO(HCOO)2前驱体，在无需贵金属催化剂和固体电极的条件下，仅用90 s即可完成1 L电解液制备，V3+生成速率达到0.65 mol·L⁻¹·h⁻¹。所得电解液在100 mA·cm⁻2下实现97.92%的库仑效率和85.05%的能量效率。相关成果被《Angewandte Chemie International Edition》接收并入选Hot P,近日，中国科学技术大学马骏团队提出了一种电子束诱导辐解制备混合价态V3.5+钒电解液的新策略。该方法利用商业电子加速器在常温条件下辐照高浓度钒溶液，通过水辐解瞬时产生的还原性自由基，将V4+快速转化为V3+。研究进一步设计了可原位持续释放甲酸根的VO(HCOO)2前驱体，在无需贵金属催化剂和固体电极的条件下，仅用90 s即可完成1 L电解液制备，V3+生成速率达到0.65 mol·L⁻¹·h⁻¹。所得电解液在100 mA·cm⁻2下实现97.92%的库仑效率和85.05%的能量效率。相关成果被《Angewandte Chemie International Edition》接收并入选Hot Paper。研究背景全钒液流电池利用V2+/V3+和V4+/V5+两对高度可逆的氧化还原电对，具有循环寿命长、本征安全性高、功率与容量可独立设计等优势，是大规模储能和可再生能源并网的重要候选技术。然而，混合价态V3.5+电解液的制备需要精确控制钒离子价态，其生产效率、纯度和放大能力直接影响电池成本与长期稳定性。现有电化学还原路线通常需要持续运行数小时，产率多为0.01–0.05 mol·L⁻¹·h⁻¹，并可能伴随析氢、电极钝化、膜污染以及金属或碳杂质累积；热催化还原虽然可将产率提升至0.1–0.4 mol·mol·L⁻¹·h⁻¹，但往往依赖贵金属催化剂和60–90 ℃的操作温度，且强酸环境下的催化剂溶出与后处理会带来新的纯度风险。因此，如何同时兼顾反应速率、电解液纯度和连续化放大，仍是全钒液流电池电解液制造中的关键难题。高能电子束能够在极短时间内向液相体系沉积能量，引发水辐解并产生水合电子、氢原子和羟基自由基等瞬态活性物种，为在常温条件下快速调控高浓度钒电解液的氧化还原环境提供了新的辐射化学路径。本文亮点1.提出常温、无电极和无贵金属催化剂的电子束“闪制”路线：研究采用500 keV商业电子加速器直接辐照1.7 mol·L⁻¹ V4+强酸电解液。电子束在体相中均匀触发水辐解，通过自由基调控快速建立还原环境，使V4+定向转化为V3+。优化后的VO(HCOO)2体系将完整转化时间缩短至90 s，可在90 s内制备1 L V3.5+电解液，对应V3+生成速率为0.65 mol·L⁻¹·h⁻¹，超过已报道电化学和热催化路线。2.揭示自由基调控中的“效率–纯度”权衡：EPR和UV–vis结果表明，甲醇、异丙醇、叔丁醇和甲酸均可清除氧化性羟基自由基，并将其转化为具有还原能力的碳中心自由基。醇类调节剂可在约70–100 s内实现快速转化，但辐解副产物会增加界面电荷转移阻力并加速容量衰减；甲酸体系反应路径更清洁，生成的CO2•⁻最终转化为气态CO2，不易在电解液中残留有机杂质，但在强酸中受甲酸解离平衡限制，完整转化需约120 s。该结果明确了提高转化效率与维持高纯度之间的核心矛盾。3.设计VO(HCOO)2前驱体，同时兼顾快速自由基捕获与高纯度：为突破游离甲酸在强酸介质中解离不足的限制，研究团队构筑了钒氧–甲酸根前驱体VO(HCOO)2。该前驱体水解后，每个钒中心可持续释放两个当量的HCOO⁻，在局部形成高浓度甲酸根环境，显著增强CO2•⁻自由基信号。该“自供给”调控方式将转化时间由甲酸体系的120 s缩短至90 s，同时保留清洁反应路径和高电解液纯度；辐照后仅约20%的甲酸根残留，且可通过电化学活化进一步去除，长期储存未观察到沉淀。4.脉冲辐解与原位光谱捕捉微秒尺度还原机制：脉冲辐解实验在360 nm处直接监测到CO2•⁻的瞬态吸收。随着VO(HCOO)2浓度升高，自由基衰减明显加快，拟合得到CO2•⁻与V4+反应的二级速率常数为2.5×10⁷ L·mol⁻¹·s⁻¹，反应在数微秒内基本完成。原位FTIR进一步显示，代表V4+的约1000 cm⁻¹ V=O伸缩振动随辐照时间演变，同时在750–800 cm⁻¹区域出现V3+指纹特征，从动力学和光谱两个维度证实了CO2•⁻驱动V4+快速还原的反应路径。5.实现可比肩商业电解液的电池性能，并拓展至失衡电解液修复：VO(HCOO)2衍生电解液的欧姆阻抗和电荷转移阻抗与商业电解液相当。在100 mA·cm⁻2下连续运行120圈，其库仑效率、 电压效率和能量效率分别为97.95%、86.80%和85.07%，容量保持率为76.06%，高于商业电解液的64.4%。电子束处理还可恢复模拟和实际循环后失衡电解液的钒价态平衡。初步工程评估显示，体系能耗为13.0–17.9 kJ·mol⁻¹；当前约17.6%的总电能直接用于高价钒还原，未来仍可通过提高电子束利用率、优化液层厚度和连续流反应器进一步提升能效与通量。图1.电子束辐解制备高纯V3.5+电解液的总体路线。(a)电子加速器驱动V4+向V3+转化的工艺示意；(b)水辐解产生瞬态活性物种，并经甲酸根调控生成CO2•⁻，进而还原V4+；(c)辐照过程中电解液由蓝色向绿色转变；(d)电化学、热催化与电子束方法在温度、产率、杂质、催化剂用量和生产步骤方面的比较。总结与展望本工作将电子束水辐解与钒电解液价态调控相结合，建立了常温、快速、无贵金属催化剂和无固体电极的V3.5+电解液制备路线。通过识别醇类调节剂与甲酸体系之间的效率–纯度矛盾，并进一步设计可持续释放甲酸根的VO(HCOO)2前驱体，研究实现了90 s完成1 L高纯电解液制备，同时获得与商业产品相当的阻抗、倍率和循环性能。脉冲辐解和原位FTIR明确了CO2•⁻在微秒尺度还原V4+的关键作用，也为辐射化学精准调控高浓度电化学介质提供了可验证的机理基础。此外，该策略对循环后价态失衡电解液表现出修复能力，展现出贯穿“制备–运行–再生”环节的应用潜力。面向产业化，仍需系统解决辐射屏蔽、液层与剂量均匀性、气体管理、加速器维护、过程安全和综合经济性等问题。未来若能结合高效率电子加速器与连续流辐照反应器，进一步提升能量沉积效率和处理通量，电子束驱动的辐射化学有望成为高纯钒电解液规模化制造和再生的新技术路径。来源：中国科学技术大学《亚化钒产业交流群》正式建立，欢迎钒产业链的朋友们的加入，上游主要包括含钒矿产（如钒钛磁铁矿、石煤等）以及含钒固废等钒原料。中游为钒产品生产制造环节，涵盖提钒和制钒两大关键步骤。下游则是钒的应用领域，包括钢铁、冶金、全钒电池、化工、颜料等，入群请备注公司名称、姓名、手机等信息。一会议背景全球能源转型加速推进，全钒液流电池凭借本征安全、超长寿命与灵活扩容的独特优势，已成为长时储能的最优技术路径之一。2025年，中国全钒液流电池新增装机约1GW/4.2GWh。2026年6月，我国规模最大全钒液流储能电站——三峡集团新疆吉木萨尔200MW/1000MWh全钒液流储能电站全面转入商业运行，标志着行业正式迈入吉瓦级商业化运营新阶段。产业规模快速扩张的同时，钒液流电池正经历从技术验证向规模化应用的关键跨越，一系列新趋势与新业态正在重塑行业格局。电解液融资租赁模式加速破局——钒电解液占系统总成本40%-50%，以“以租代购”为核心的经营性租赁可将初始投资降低40%-50%，推动初投成本迈入1元/Wh以内。核心技术持续突破——电堆大型化技术取得关键突破，全球最大功率200KW全钒液流单体电堆发布，大幅降低储能系统的单位装机成本与系统复杂度，推动全钒液流储能技术走向更广泛商业化应用。与此同时，混合储能正成为优化系统性价比的重要路径。“锂电+液流”等组合模式兼顾高功率响应与长时能量时长，有效破解单一技术商业化瓶颈。中国钒液流电池企业亦加速出海，海外布局已成为开拓高溢价市场、实现全球化增长的必然选择。此外，储能与AI算力中心的深度融合正开辟增量空间——全钒液流电池凭借高安全与长时储能特性，精准适配算力中心不间断供电、峰谷节电等新场景，市场需求加速释放。值此产业变革之际，由亚化咨询、上海电气储能联合主办，国际钒技术委员会（Vanitec）支持的中国国际钒液流电池论坛2026将于11月19–20日在上海召开。论坛将深入探讨储能政策与市场、电解液融资租赁创新、电堆与短流程电解液技术、混合储能案例、出海战略、储能与AI算力融合发展等议题。一会议主题1.全球钒液流电池产业政策与市场展望2.全钒液流电池技术发展与成本控制3.钒资源供需格局与价格趋势分析4.短流程电解液制备技术突破与产业化5.电解液融资租赁案例与路径6.电堆技术最新进展与降本趋势7.混合储能项目案例与技术发展8.企业出海战略与海外项目实践9.储能与AI算力中心：绿电直连与长时储能新场景10.液流电池用质子膜产业化进展11.电极、双极板等关键材料技术进展12.液流电池生产设备与工艺13.产业投资与钒液流电池资本市场机遇14.工业参观三大会安排联合主办：亚化咨询、上海电气储能支持单位：国际钒技术委员会会议地点：上海会议规模：200+会议签到：11月18日下午会议报告：11月19日全天工业参观：11月20日考察申能奉贤星火综合新型储能示范基地三赞助方案项目项目内容主题演讲25分钟主题演讲参会名额微信推送微信公众号，企业介绍以及相关软文会刊广告研讨会会刊，彩色全页广告（尺寸A4）资料入袋赞助企业的宣传册放入会议包袋现场展台现场展示台，展示样品、资料，含两个参会名额现场易拉宝现场1个易拉宝展示礼品赞助印有赞助商logo的礼品赠送参会听众茶歇赞助冠名和赞助会议期间的茶歇晚宴赞助冠名和赞助会议的招待晚宴Logo展示背景墙 logo，会刊封面logo为充实论坛内容、赋能产业发展、打造高影响力行业交流盛会，现面向全钒液流电池产业领域专家学者、资深企业家，公开征集演讲议题，共绘产业美好蓝图。如果您有意向参与演讲、赞助或参会，欢迎您与我们联系：赵经理***********（微信同号）review往期会议回顾中国国际钒液流电池论坛2025圆满召开！【快讯】第三届钒原料、电解液与钒电池储能论坛2025圆满召开！【快讯】中国国际钒液流储能大会2024圆满召开！【快讯】2024钒原料、电解液与钒电池储能论坛【快讯】第二届液流储能电池技术与产业发展论坛【快讯】质子膜、双极板、电极材料与电堆技术论坛【快讯】钒原料、电解液与钒电池产业发展论坛2023【快讯】2023液流储能电池技术与产业发展论坛圆满召开！关于亚化咨询亚化咨询是国内领先的新兴能源、材料领域的产业智库，2008年成立于上海浦东。业务范围：咨询研究、会议培训、产业中介。重点关注：新兴能源、材料产业，如煤化工、高端石化、光伏、氢能与燃料电池、生物能源材料、半导体、储能等。版权及免责声明：一、本公众号注明“原创”的文章，其他媒体可以转载，但转载时必须保持内容的完整性，且务必注明来源。二、本公众号注明其他来源的文章，是出于分享信息之目的而转载的公开内容，版权归原作者所有。如涉及版权问题，敬请联系，我们将在第一时间核实并处理。仅用90秒即可完成1L电解液制备！中国科大发明电子束高效合成全钒液流电池电解液技术,,,,pending
涨超20%！00992曝出在手算力订单超3600亿元,OFweek维科网,OFweek维科网,"RIOnews API, 订单, 港股",normal,2026-08-13T14:54:48+08:00,,维科网8月13日消息，午后，港股联想集团股价直线拉升，截至发稿，涨幅超20%，最新报34.90港元/股，总市值超4300亿港元。\x0a\x0a消息面上，联想集团被曝AI服务器储备订单从上一财季的1400亿元，大幅提高至本财季末的3600亿元。\x0a联想集团表示，这标志着ISG已正式成长为联想集团利润与增长双引擎。\x0a\x0a\x0a\x0a喜欢本文点个赞和❤️吧,http://mp.weixin.qq.com/s?__biz=MjM5NzUxNTc0Mw==&mid=2654800575&idx=1&sn=3931ed804316e14877d249a072f8c55c,,维科网8月13日消息，午后，港股联想集团股价直线拉升，截至发稿，涨幅超20%，最新报34.90港元/股，总市值超4300亿港元。\x0a\x0a消息面上，联想集团被曝AI服务器储备订单从上一财季的1400亿元，大幅提高至本财季末的3600亿元。\x0a联想集团表示，这标志着ISG已正式成长为联想集团利润与增长双引擎。\x0a\x0a\x0a\x0a喜欢本文点个赞和❤️吧,维科网8月13日消息，午后，港股联想集团股价直线拉升，截至发稿，涨幅超20%，最新报34.90港元/股，总市值超4300亿港元。\x0a\x0a消息面上，联想集团被曝AI服务器储备订单从上一财季的1400亿元，大幅提高至本财季末的3600亿元。\x0a联想集团表示，这标志着ISG已正式成长为联想集团利润与增长双引擎。\x0a\x0a\x0a\x0a喜欢本文点个赞和❤️吧,,,,pending
涨超20%！00992曝出在手算力订单超3600亿元！,OFweek维科网,OFweek维科网,"RIOnews API, 订单, 上市, 港股, 科创板",normal,2026-08-13T14:50:04+08:00,,关注并星标OFweek维科网维科网8月13日消息，午后，港股联想集团股价直线拉升，截至发稿，涨幅超20%，最新报34.90港元/股，总市值超4300亿港元。消息面上，联想集团被曝AI服务器储备订单从上一财季的1400亿元，大幅提高至本财季末的3600亿元。联想集团表示，这标志着ISG已正式成长为联想集团利润与增长双引擎。·往期推荐半导体特殊涂层小巨人上市高端科学仪器龙头登陆科创板宇树科技申购GPT-5.6全员免费！前小鹏副总裁陈永海加入深圳具身智能公司·喜欢本文点个赞和❤️吧,http://mp.weixin.qq.com/s?__biz=MjM5NzUxNTc0Mw==&mid=2654800567&idx=1&sn=53db9748362a06683e871a3371107130,,关注并星标OFweek维科网维科网8月13日消息，午后，港股联想集团股价直线拉升，截至发稿，涨幅超20%，最新报34.90港元/股，总市值超4300亿港元。消息面上，联想集团被曝AI服务器储备订单从上一财季的1400亿元，大幅提高至本财季末的3600亿元。联想集团表示，这标志着ISG已正式成长为联想集团利润与增长双引擎。·往期推荐半导体特殊涂层小巨人上市高端科学仪器龙头登陆科创板宇树科技申购GPT-5.6全员免费！前小鹏副总裁陈永海加入深圳具身智能公司·喜欢本文点个赞和❤️吧,关注并星标OFweek维科网维科网8月13日消息，午后，港股联想集团股价直线拉升，截至发稿，涨幅超20%，最新报34.90港元/股，总市值超4300亿港元。消息面上，联想集团被曝AI服务器储备订单从上一财季的1400亿元，大幅提高至本财季末的3600亿元。联想集团表示，这标志着ISG已正式成长为联想集团利润与增长双引擎。·往期推荐半导体特殊涂层小巨人上市高端科学仪器龙头登陆科创板宇树科技申购GPT-5.6全员免费！前小鹏副总裁陈永海加入深圳具身智能公司·喜欢本文点个赞和❤️吧,,,,pending
产能超3.6万吨/年，两大六氟磷酸锂项目接连获批,电池中国,电池中国,"RIOnews API, 新材料, 碳, 储能, 碳酸锂, 产能, 新增产能, 投资, 落地",normal,2026-08-13T14:47:02+08:00,,倒计时 99 天 CBIS2026 第十一届动力电池应用国际峰会（CBIS2026）数智创新·协同布局 - 撬动全球新能源价值链2026年11月 中国·上海主办单位：电池中国网承办单位：壹能（北京）网络科技有限公司总 冠 名：武汉逸飞激光股份有限公司联合主办：深圳市中基自动化股份有限公司撰稿丨马斯克斯编辑丨麦 子美编丨CBEA独耀近期，国内六氟磷酸锂产业再添两大落地项目。据焦作市生态环境局消息，多氟多年产3.6万吨动力锂电池关键材料项目环境影响报告书获批复。该项目位于焦作经济技术开发区，将在多氟多现有厂区内建设。消息称，该项目将对现有六氟磷酸锂生产线制气工段、五氟化磷精馏工序进行升级改造，拟建,http://mp.weixin.qq.com/s?__biz=MzA3MzY0OTIzMQ==&mid=2661850229&idx=2&sn=a4c623e98079b7ffe3f2507ef770c589,,倒计时 99 天 CBIS2026 第十一届动力电池应用国际峰会（CBIS2026）数智创新·协同布局 - 撬动全球新能源价值链2026年11月 中国·上海主办单位：电池中国网承办单位：壹能（北京）网络科技有限公司总 冠 名：武汉逸飞激光股份有限公司联合主办：深圳市中基自动化股份有限公司撰稿丨马斯克斯编辑丨麦 子美编丨CBEA独耀近期，国内六氟磷酸锂产业再添两大落地项目。据焦作市生态环境局消息，多氟多年产3.6万吨动力锂电池关键材料项目环境影响报告书获批复。该项目位于焦作经济技术开发区，将在多氟多现有厂区内建设。消息称，该项目将对现有六氟磷酸锂生产线制气工段、五氟化磷精馏工序进行升级改造，拟建,倒计时 99 天 CBIS2026 第十一届动力电池应用国际峰会（CBIS2026）数智创新·协同布局 - 撬动全球新能源价值链2026年11月 中国·上海主办单位：电池中国网承办单位：壹能（北京）网络科技有限公司总 冠 名：武汉逸飞激光股份有限公司联合主办：深圳市中基自动化股份有限公司撰稿丨马斯克斯编辑丨麦 子美编丨CBEA独耀近期，国内六氟磷酸锂产业再添两大落地项目。据焦作市生态环境局消息，多氟多年产3.6万吨动力锂电池关键材料项目环境影响报告书获批复。该项目位于焦作经济技术开发区，将在多氟多现有厂区内建设。消息称，该项目将对现有六氟磷酸锂生产线制气工段、五氟化磷精馏工序进行升级改造，拟建设年产3.6万吨动力锂电池关键材料生产线及配套设施，包括年产3.6万吨晶体六氟磷酸锂，副产31%盐酸和38%氢氟酸。除此之外，位于福建省的三明润祥六氟磷酸锂及电子级氟化锂（钠）建设项目环境影响报告书，也获当地相关部门批复。该项目总投资3500万元，项目建设期2年。项目将建设规模为年产电子级氟化锂、电子级氟化钠共计1000吨、六氟磷酸锂500吨，以及副产盐酸。当前六氟磷酸锂行业产销两旺，受上游碳酸锂、氢氟酸等原材料成本，以及物流能耗、矿山开产、下游盐酸运输成本变化等综合因素影响，价格整体保持理性。行业数据显示，8月13日六氟磷酸锂现货价格报10.7万元/吨。2026年上半年‌，六氟磷酸锂市场均价为11.8万元/吨，年内最高触及16.5万元/吨，4月底触底至9.6万元/吨后反弹，至今徘徊于10万元-11万元/吨区间。从近一年价格走势来看，六氟磷酸锂季节周期波动特征明显。2025年7月，六氟磷酸锂行业均价一度跌至不足5万元/吨的低位，随后在当年第四季度开启触底反弹，到2025年12月价格攀升至18万元/吨。在新能源汽车特别是储能需求快速增长的推动下，锂电行业的新增长周期愈发明确，中信建投预计，2026年全球六氟磷酸锂将整体处于紧平衡状态，全年总需求约为40.4万吨，对应行业有效产能约为41.4万吨。展望后市，业内分析认为，随着六氟磷酸锂新增产能逐步落地，供需紧平衡状态将会得到缓慢修复，不过价格大幅涨跌的概率都较低，行业盈利水平将回归合理区间，短期不会再现2025年“过山车”式的极端涨跌行情。与作者交流本文为电池中国原创（微信号：cbea_battery），转载请注明出处。开白请联系（微信号：***********）获得授权。电池中国网相关业务联系 媒体宣传咨询 联系人：吴女士 手机：(86)***********（微信同号）邮箱：wulijuan@cbea.com 稿件咨询 联系人：闫先生 手机：(86)***********（微信同号）邮箱：yanzhigang@cbea.com 研究报告咨询 联系人：杜女士 手机：(86)***********（微信同号）邮箱：ducongcong@cbea.com 行业会议咨询 联系人：吴先生 手机：(86)***********（微信同号）邮箱：wumingshan@cbea.com联系人：吴女士 手机：(86)***********(微信同号)邮箱：wuke@cbea.com点击阅读原文，查看更多消息！阅读原文有望进一步扩充锂盐板块衍生品版图，为锂电产业链带来新的风险管理抓手。,,,,pending
锁定高压实赛道，当升科技磷酸铁锂月出货已达万吨,电池中国,电池中国,"RIOnews API, 新材料, 电池材料, 碳, 合作进展, 战略合作, 投资, 合作, 中创新航, 瑞浦兰钧, 瑞浦, LGES, 三星SDI, 磷酸铁锂, 铁锂, 三元, 高镍, 磷酸锰铁锂, 锰铁锂, 刀片电池, 储能, CTP, 正极材料, 出货, 出货量, 装机, 装机量, 装车, 市占率, 市场份额, 产能, GWh, 投产, 亏损, 海外, 推出, 新产品, 快充, 实验室, 量产",normal,2026-08-13T14:47:02+08:00,,倒计时 99 天CBIS2026第十一届动力电池应用国际峰会（CBIS2026）数智创新·协同布局 - 撬动全球新能源价值链2026年11月 中国·上海主办单位：电池中国网承办单位：壹能（北京）网络科技有限公司总 冠 名：武汉逸飞激光股份有限公司联合主办：深圳市中基自动化股份有限公司撰稿丨马斯克斯编辑丨麦 子美编丨CBEA独耀在新能源产业的棋局里，磷酸铁锂与三元电池这两条核心技术路线，始终是一对“欢喜冤家”。过去十余年间，随着下游新能源汽车、储能等应用端需求的变化，以及自身材料体系、结构工艺的迭代，二者的市场地位此起彼伏、潮起潮落。据动力电池应用分会研究中心统计，2026年上半年中国市场动力电,http://mp.weixin.qq.com/s?__biz=MzA3MzY0OTIzMQ==&mid=2661850229&idx=1&sn=d2d7815ec866298411b91d895c1aef91,,倒计时 99 天CBIS2026第十一届动力电池应用国际峰会（CBIS2026）数智创新·协同布局 - 撬动全球新能源价值链2026年11月 中国·上海主办单位：电池中国网承办单位：壹能（北京）网络科技有限公司总 冠 名：武汉逸飞激光股份有限公司联合主办：深圳市中基自动化股份有限公司撰稿丨马斯克斯编辑丨麦 子美编丨CBEA独耀在新能源产业的棋局里，磷酸铁锂与三元电池这两条核心技术路线，始终是一对“欢喜冤家”。过去十余年间，随着下游新能源汽车、储能等应用端需求的变化，以及自身材料体系、结构工艺的迭代，二者的市场地位此起彼伏、潮起潮落。据动力电池应用分会研究中心统计，2026年上半年中国市场动力电,倒计时 99 天CBIS2026第十一届动力电池应用国际峰会（CBIS2026）数智创新·协同布局 - 撬动全球新能源价值链2026年11月 中国·上海主办单位：电池中国网承办单位：壹能（北京）网络科技有限公司总 冠 名：武汉逸飞激光股份有限公司联合主办：深圳市中基自动化股份有限公司撰稿丨马斯克斯编辑丨麦 子美编丨CBEA独耀在新能源产业的棋局里，磷酸铁锂与三元电池这两条核心技术路线，始终是一对“欢喜冤家”。过去十余年间，随着下游新能源汽车、储能等应用端需求的变化，以及自身材料体系、结构工艺的迭代，二者的市场地位此起彼伏、潮起潮落。据动力电池应用分会研究中心统计，2026年上半年中国市场动力电池装机量整体稳步增长。其中，磷酸铁锂电池装机量达276.6GWh，在总装机量中的占比为80.7%；三元电池装机量为66.2GWh，在总装机量中的占比为19.3%。磷酸铁锂电池市占率已经是三元电池的4倍有余。然而回顾历史，磷酸铁锂电池并非一直就是市场主导技术路线。曾几何时，在中国动力电池市场中，三元电池装机量占比超过70%，而磷酸铁锂电池占比不足30%。站在产业链上游的正极材料厂商，恰恰是这场路线博弈中最敏感的参与者。下游电池主导技术路线的每一次变动，都绝非简单的市场份额涨跌，而是直接牵动着上游企业的产能布局节奏、技术研发方向、供应链资源倾斜，甚至影响企业在整个产业生态中的战略角色与生存权重。审时度势，顺势而为2026年以来，众多国内三元材料头部厂商集体加速布局磷酸铁锂赛道，掀起了一轮明确的产能扩张潮，成为行业最受关注的产业动向之一，其中当升科技的动作尤其瞩目。8月初，当升科技与龙佰集团达成战略合作，旨在贯通“钒钛磁铁矿—钛白粉—硫酸亚铁—磷酸铁—磷酸铁锂”绿色闭环产业链；今年4月，当升科技公告，与云天化拟共同投资建设磷酸铁锂一体化项目，总投资约44.93亿元，包括15万吨/年磷酸铁锂生产线和20万吨/年高性能磷酸铁前驱体项目。行业周知，2021年以前，当升科技凭借着技术引领优势、产品优势、制造优势、客户渠道优势，在三元锂电池材料市场取得了巨大成功，在全球市场始终保持领先地位。基于对锂电池市场发展趋势、技术创新、终端市场需求变化等进行充分科学的研判，当升科技在几年前又果断切入了磷酸铁锂赛道。“随着刀片电池、CTP封装等技术创新涌现，磷酸铁锂的产品性能劣势逐渐扭转；同时，磷酸铁锂在安全性和成本等方面的优势愈发凸显。（近几年来）国内外许多车企转向用磷酸铁锂电池装车，磷酸铁锂电池在储能市场的应用也日渐成熟。在此背景下，当升科技也审时度势，顺势而为。”近期，当升科技在接受电池中国独家访谈时表示。经过这几年的发展，当升科技的磷酸铁锂业务从无到有，实现了快速增长。2025年其磷酸铁锂营业收入占公司总营业收入比例已经超过四分之一，成为当升科技举足轻重的业务板块。进入2026年，当升科技磷酸铁锂业务继续高歌猛进，连续月度出货量达万吨规模，已深度绑定中创新航、中汽新能、瑞浦兰钧、宜春清陶、Power Co等国内外客户，成功打造出该公司“第二增长曲线”。目前，当升科技也由原来的“三元材料+钴酸锂”两大材料板块，发展为“三元材料+磷酸铁锂+钴酸锂”的综合型正极材料供应商，产品广泛应用于全球高端动力市场、国内外新型储能与AIDC储能等新兴领域。锁定“高压实”高端赛道在战略打法上，当升科技没有走行业常见的“靠规模、拼低价”的内卷路线，而是直接把磷酸铁锂的核心方向，锁定在“高压实”这个高附加值的高端赛道。“此轮磷酸铁锂增长周期，呈现出鲜明的‘低端过剩、高端紧俏’的结构性差异特征。四代及以上的高压实磷酸铁锂市场需求旺盛，产品供不应求，头部企业高端产线产能利用率超90%，二代低端产品则深陷产能过剩、低价竞争的泥潭，出现连续大面积亏损。”谈及行业的现状，当升科技负责人向电池中国分析道。由于高压实磷酸铁锂产品在生产工艺、粒度形貌控制、碳包覆技术等方面要求极为苛刻，其技术门槛远高于普通产品，目前整个行业内具备高压实磷酸铁锂稳定生产能力的企业还比较少，行业呈现“头部集中”态势，因此高压实产品溢价能力强，盈利状况好。“我们公司向来不以‘卷规模’‘卷价格’见长，而是基于‘价值为先、规模适度’的发展理念，做最赚钱的产业，坚持‘技术先行，定位高端，差异化竞争’的经营策略。”当升科技负责人强调。事实上，在早期三元材料业务时期，当升科技产能规模并非市场最大，但是该公司通过差异化竞争策略，利用自身技术创新优势，不断提升高镍、超高镍等高端产品占比，拓展了LG、SK、村田等国际优质客户资源，产品出货量主要集中在国际高端市场，因此成为近年来全球三元材料市场盈利能力最强、盈利规模最大的企业。“公司选择高压实磷酸铁锂赛道，作为磷酸铁锂业务的突破口和着力点，既是对公司二十余年深耕锂电正极材料领域技术积淀的自信，也是对公司发展理念的一贯坚守。”当升科技进一步表示。快速的产品迭代能力当升科技源自央企科研院所，在锂电正极材料领域技术积淀深厚。如今其磷酸铁锂产品，已经成为行业高端高压实赛道的标杆。“技术性能好、迭代速度快、综合成本优”，是当升科技磷酸铁锂最核心的优势品牌特性，既能够解决行业痛点，又能为客户提供性价比最优的产品。“我们进入磷酸铁锂领域后，持续加快高压实磷酸铁锂产品迭代开发。2023年至今，公司在短短三年时间内，完成了从第3.5代到第4.5代、第5代磷酸铁锂产品的技术研发迭代，压实密度从2.58g/cm³大幅提升到2.75g/cm³。”而且当升科技负责人还表示，在压实密度不断提升的同时，产品依然可以保持优异的能效、循环、快充和低温等性能。磷酸铁锂与三元同属锂电正极材料体系，技术与工艺具有一定相通性。因此，当升科技可以迅速将三元领域的技术成果，快速应用到对磷酸铁锂的研发之中。同时，该公司通过精细化的颗粒级配控制与特殊的包覆工艺设计，将三元材料的高标准生产管控方法，引入到磷酸铁锂的生产过程中，实现了磷酸铁锂压实密度的显著提升。“我们充分借鉴在三元材料领域的技术和工艺经验，利用高效的组织和生产管理体系，将实验室技术推广到工厂的规模化量产之中。”当升科技透露，目前该公司三代半、四代半磷酸铁锂产品已稳定量产供货，月出货量已超万吨规模；五代超高压实产品验证进展顺利，并完成头部客户导入，后续可根据客户需求快速投产放量。持续巩固高端领域优势在对磷酸铁锂的研发中，当升科技并非单纯追求单一参数的极致，而是以用户的实际使用体验为核心导向。目前当升的磷酸铁锂，已经深度绑定了国内头部电池企业，同时成功进入国际主流车企的供应链。通过流畅的沟通渠道，当升科技可快速识别客户需求，持续优化产品性能，与下游客户携手，共同打造性能优异、质量可靠的标杆级锂电池产品。特别值得一提的是，很多海外高端客户在接触了当升的磷酸铁锂之后，都给出了超出预期的评价。目前，当升科技已与LGES、SK on、三星SDI、Murata等电池企业，建立了长期服务、配套开发的合作关系，其产品也已顺利进入大众、现代、戴姆勒、宝马、奔驰等海外高端新能源车企供应链，其“高端化”的特色标签，在海外市场有着广泛认同。“这样‘高举高打’的竞争策略，使得我们避开了同质化严重的低端市场，进一步破除了海外市场对中国磷酸铁锂‘低端同质化’的固有印象。”当升科技负责人称。值得注意的是，当前磷酸铁锂的能量密度已经接近理论极限。当升科技透露，该公司已前瞻布局并加速推进磷酸锰铁锂等下一代磷系正极材料的技术和产品研发。目前，该公司正致力于解决锰溶出等关键技术难点，加速推进技术创新迭代和工艺成本优化，已实现小批量连续出货，技术优势明显。“后续，我们将持续推出市场竞争力强、盈利能力好的新产品，筑牢核心技术壁垒，巩固高端锂电材料领域领先优势，为全球新能源产业贡献中国特色的材料方案。”当升科技最后表示。与作者交流本文为电池中国原创（微信号：cbea_battery），转载请注明出处。开白请联系（微信号：***********）获得授权。电池中国网相关业务联系 媒体宣传咨询 联系人：吴女士 手机：(86)***********（微信同号）邮箱：wulijuan@cbea.com 稿件咨询 联系人：闫先生 手机：(86)***********（微信同号）邮箱：yanzhigang@cbea.com 研究报告咨询 联系人：杜女士 手机：(86)***********（微信同号）邮箱：ducongcong@cbea.com 行业会议咨询 联系人：吴先生 手机：(86)***********（微信同号）邮箱：wumingshan@cbea.com联系人：吴女士 手机：(86)***********(微信同号)邮箱：wuke@cbea.com点击阅读原文，查看更多消息！阅读原文巩固高端锂电材料领域领先优势，为全球新能源产业贡献中国特色的材料方案。,,,,pending
浙江年处理10万吨锂电池回收项目首次环评公示,电池中国,电池中国,"RIOnews API, 固态电池, 钠离子电池, Pack, 电池包, 电池回收, GWh, 投资",normal,2026-08-13T14:47:02+08:00,,倒计时 99 天 CBIS2026 第十一届动力电池应用国际峰会（CBIS2026）数智创新·协同布局 - 撬动全球新能源价值链2026年11月 中国·上海主办单位：电池中国网承办单位：壹能（北京）网络科技有限公司总 冠 名：武汉逸飞激光股份有限公司联合主办：深圳市中基自动化股份有限公司来源 | 企业官微近日，浙江锂生能源股份有限公司“锂电池全生命周期综合利用基地建设项目”首次生态环境影响评价信息公示。据公示信息，该项目位于浙江省湖州市长兴县，总投资约8205.67万元，规划建设年处理10万吨废旧锂电池及极片的综合利用产线，同时配套建设3GWh高能量Pack电池包组装生产线。从项目规划来看，浙,http://mp.weixin.qq.com/s?__biz=MzA3MzY0OTIzMQ==&mid=2661850229&idx=5&sn=7d3b8870dbdeb9dc6a205ac8c0fc9860,,倒计时 99 天 CBIS2026 第十一届动力电池应用国际峰会（CBIS2026）数智创新·协同布局 - 撬动全球新能源价值链2026年11月 中国·上海主办单位：电池中国网承办单位：壹能（北京）网络科技有限公司总 冠 名：武汉逸飞激光股份有限公司联合主办：深圳市中基自动化股份有限公司来源 | 企业官微近日，浙江锂生能源股份有限公司“锂电池全生命周期综合利用基地建设项目”首次生态环境影响评价信息公示。据公示信息，该项目位于浙江省湖州市长兴县，总投资约8205.67万元，规划建设年处理10万吨废旧锂电池及极片的综合利用产线，同时配套建设3GWh高能量Pack电池包组装生产线。从项目规划来看，浙,倒计时 99 天 CBIS2026 第十一届动力电池应用国际峰会（CBIS2026）数智创新·协同布局 - 撬动全球新能源价值链2026年11月 中国·上海主办单位：电池中国网承办单位：壹能（北京）网络科技有限公司总 冠 名：武汉逸飞激光股份有限公司联合主办：深圳市中基自动化股份有限公司来源 | 企业官微近日，浙江锂生能源股份有限公司“锂电池全生命周期综合利用基地建设项目”首次生态环境影响评价信息公示。据公示信息，该项目位于浙江省湖州市长兴县，总投资约8205.67万元，规划建设年处理10万吨废旧锂电池及极片的综合利用产线，同时配套建设3GWh高能量Pack电池包组装生产线。从项目规划来看，浙江锂生能源此次布局并非单一的废旧锂电池预处理项目，而是将拆解破碎、极片回收以及Pack组装等环节纳入同一项目，进一步延伸废旧锂电池资源化利用产业链。 CBIS2026 2026年11月，由【逸飞激光】总冠名，电池中国网主办、深圳中基联合主办的“第十一届动力电池应用国际峰会（CBIS2026）”将在中国上海召开。本届峰会以“数智创新·协同布局——撬动全球新能源价值链”为主题，将聚焦新能源电池创新技术、创新应用、创新协同发展模式等方向，交流内容涵盖电池技术及工艺革新，相关标准制定，产业链全球化布局及融合、可持续发展等模块。新能源汽车、电动航空、数据中心、人形机器人、电动船舶、AI技术、新型材料、固态电池、钠离子电池等多项议题均在探讨之列。峰会期间，主办方也设置了【绿色回收与循环经济】论坛，敬请期待！电池中国网相关业务联系 媒体宣传咨询 联系人：吴女士 手机：(86)***********（微信同号）邮箱：wulijuan@cbea.com 稿件咨询 联系人：闫先生 手机：(86)***********（微信同号）邮箱：yanzhigang@cbea.com 研究报告咨询 联系人：杜女士 手机：(86)***********（微信同号）邮箱：ducongcong@cbea.com 行业会议咨询 联系人：吴先生 手机：(86)***********（微信同号）邮箱：wumingshan@cbea.com联系人：吴女士 手机：(86)***********(微信同号)邮箱：wuke@cbea.com点击阅读原文，查看更多消息！阅读原文规划建设年处理10万吨废旧锂电池及极片的综合利用产线，同时配套建设3GWh高能量Pack电池包组装生产线。,,,,pending
这一半固态锂电池企业拿下亿元级融资,电池中国,电池中国,"RIOnews API, 高比能, 硅, 储能, 出货, 出货量, 融资, 量产, 落地",normal,2026-08-13T14:47:02+08:00,,倒计时 99 天 CBIS2026 第十一届动力电池应用国际峰会（CBIS2026）数智创新·协同布局 - 撬动全球新能源价值链2026年11月 中国·上海主办单位：电池中国网承办单位：壹能（北京）网络科技有限公司总 冠 名：武汉逸飞激光股份有限公司联合主办：深圳市中基自动化股份有限公司来源 | 北极星储能网8月12日消息，固芯能源拿下亿元级融资，本轮由投控东海领投，建元基金跟投。本次融资落地，标志着固芯能源正式完成战略升级，从特种高端电池供应商，升级为具身智能、低空经济、商业航天赛道的核心能源基础设施服务商，其“极端场景验证、高端市场放量”的独特成长路径，获得资本市场充分认可。据介绍，依托独,http://mp.weixin.qq.com/s?__biz=MzA3MzY0OTIzMQ==&mid=2661850229&idx=6&sn=e4441bec61905e1d4164e0eb9d589e11,,倒计时 99 天 CBIS2026 第十一届动力电池应用国际峰会（CBIS2026）数智创新·协同布局 - 撬动全球新能源价值链2026年11月 中国·上海主办单位：电池中国网承办单位：壹能（北京）网络科技有限公司总 冠 名：武汉逸飞激光股份有限公司联合主办：深圳市中基自动化股份有限公司来源 | 北极星储能网8月12日消息，固芯能源拿下亿元级融资，本轮由投控东海领投，建元基金跟投。本次融资落地，标志着固芯能源正式完成战略升级，从特种高端电池供应商，升级为具身智能、低空经济、商业航天赛道的核心能源基础设施服务商，其“极端场景验证、高端市场放量”的独特成长路径，获得资本市场充分认可。据介绍，依托独,倒计时 99 天 CBIS2026 第十一届动力电池应用国际峰会（CBIS2026）数智创新·协同布局 - 撬动全球新能源价值链2026年11月 中国·上海主办单位：电池中国网承办单位：壹能（北京）网络科技有限公司总 冠 名：武汉逸飞激光股份有限公司联合主办：深圳市中基自动化股份有限公司来源 | 北极星储能网8月12日消息，固芯能源拿下亿元级融资，本轮由投控东海领投，建元基金跟投。本次融资落地，标志着固芯能源正式完成战略升级，从特种高端电池供应商，升级为具身智能、低空经济、商业航天赛道的核心能源基础设施服务商，其“极端场景验证、高端市场放量”的独特成长路径，获得资本市场充分认可。据介绍，依托独家硅负极半固态技术体系，固芯能源历经四年的打磨，完成了100%硅负极电池的量产，能量密度可达405Wh/kg，同时也储备了470Wh/kg、550Wh/kg等下一代全硅电池产品。2026年成为全球400+Wh/kg电芯出货量最大企业，同时也是固定翼及多旋翼无人机长续航电池品类占有率最高企业。 END电池中国网相关业务联系 媒体宣传咨询 联系人：吴女士 手机：(86)***********（微信同号）邮箱：wulijuan@cbea.com 稿件咨询 联系人：闫先生 手机：(86)***********（微信同号）邮箱：yanzhigang@cbea.com 研究报告咨询 联系人：杜女士 手机：(86)***********（微信同号）邮箱：ducongcong@cbea.com 行业会议咨询 联系人：吴先生 手机：(86)***********（微信同号）邮箱：wumingshan@cbea.com联系人：吴女士 手机：(86)***********(微信同号)邮箱：wuke@cbea.com点击阅读原文，查看更多消息！阅读原文标志着固芯能源正式完成战略升级，从特种高端电池供应商，升级为具身智能、低空经济、商业航天赛道的核心能源基础设施服务商。,,,,pending
硅宝科技：2026年内投产7000吨/年硅碳负极产线,电池中国,电池中国,"RIOnews API, 新材料, 碳, 高比能, 硅, 负极材料, 产能, 投产, 投资",normal,2026-08-13T14:47:02+08:00,,倒计时 99 天 CBIS2026 第十一届动力电池应用国际峰会（CBIS2026）数智创新·协同布局 - 撬动全球新能源价值链2026年11月 中国·上海主办单位：电池中国网承办单位：壹能（北京）网络科技有限公司总 冠 名：武汉逸飞激光股份有限公司联合主办：深圳市中基自动化股份有限公司来源 | 同花顺8月11日，硅宝科技在投资者关系互动平台回答投资者提问时透露，“5万吨/年锂电池用硅碳负极材料及专用粘合剂项目”目前按计划稳定建设中。截至目前，该项目已投产3000吨/年锂电池用硅碳负极生产线、10000吨/年动力电池用有机硅粘合剂生产线以及5000吨/年聚氨酯密封胶生产线。按照产能建设规划，2,http://mp.weixin.qq.com/s?__biz=MzA3MzY0OTIzMQ==&mid=2661850229&idx=3&sn=e98c4b10997ddde97b7f25708c9e2793,,倒计时 99 天 CBIS2026 第十一届动力电池应用国际峰会（CBIS2026）数智创新·协同布局 - 撬动全球新能源价值链2026年11月 中国·上海主办单位：电池中国网承办单位：壹能（北京）网络科技有限公司总 冠 名：武汉逸飞激光股份有限公司联合主办：深圳市中基自动化股份有限公司来源 | 同花顺8月11日，硅宝科技在投资者关系互动平台回答投资者提问时透露，“5万吨/年锂电池用硅碳负极材料及专用粘合剂项目”目前按计划稳定建设中。截至目前，该项目已投产3000吨/年锂电池用硅碳负极生产线、10000吨/年动力电池用有机硅粘合剂生产线以及5000吨/年聚氨酯密封胶生产线。按照产能建设规划，2,倒计时 99 天 CBIS2026 第十一届动力电池应用国际峰会（CBIS2026）数智创新·协同布局 - 撬动全球新能源价值链2026年11月 中国·上海主办单位：电池中国网承办单位：壹能（北京）网络科技有限公司总 冠 名：武汉逸飞激光股份有限公司联合主办：深圳市中基自动化股份有限公司来源 | 同花顺8月11日，硅宝科技在投资者关系互动平台回答投资者提问时透露，“5万吨/年锂电池用硅碳负极材料及专用粘合剂项目”目前按计划稳定建设中。截至目前，该项目已投产3000吨/年锂电池用硅碳负极生产线、10000吨/年动力电池用有机硅粘合剂生产线以及5000吨/年聚氨酯密封胶生产线。按照产能建设规划，2026年年内将建成并投入使用7000吨/年锂电池用硅碳负极生产线、5000吨/年聚氨酯密封胶生产线以及5000吨/年动力电池用有机硅粘合剂生产线。余下产能将按计划分阶段逐步投产。 END电池中国网相关业务联系 媒体宣传咨询 联系人：吴女士 手机：(86)***********（微信同号）邮箱：wulijuan@cbea.com 稿件咨询 联系人：闫先生 手机：(86)***********（微信同号）邮箱：yanzhigang@cbea.com 研究报告咨询 联系人：杜女士 手机：(86)***********（微信同号）邮箱：ducongcong@cbea.com 行业会议咨询 联系人：吴先生 手机：(86)***********（微信同号）邮箱：wumingshan@cbea.com联系人：吴女士 手机：(86)***********(微信同号)邮箱：wuke@cbea.com点击阅读原文，查看更多消息！阅读原文截至目前，该项目已投产3000吨/年锂电池用硅碳负极生产线、10000吨/年动力电池用有机硅粘合剂生产线以及5000吨/年聚氨酯密封胶生产线。,,,,pending
总投资30亿元！江苏10GWh固态电池项目公示,电池中国,电池中国,"RIOnews API, 固态电池, GWh, 投资",normal,2026-08-13T14:47:02+08:00,,倒计时 99 天 CBIS2026 第十一届动力电池应用国际峰会（CBIS2026）数智创新·协同布局 - 撬动全球新能源价值链2026年11月 中国·上海主办单位：电池中国网承办单位：壹能（北京）网络科技有限公司总 冠 名：武汉逸飞激光股份有限公司联合主办：深圳市中基自动化股份有限公司来源 | 东台市人民政府网近日，江苏省盐城市东台市人民政府对江苏青嵩固能新能源科技有限公司青嵩固能10GWh固态电池研发制造项目环境影响报告表全本公示。据悉，项目位于江苏省盐城市东台市高新技术产业开发区，项目分三期工程，其中项目一期投资3亿元，其中环保投资89万元，新上1GWh固态电池生产线，本次环评为一期工程,http://mp.weixin.qq.com/s?__biz=MzA3MzY0OTIzMQ==&mid=2661850229&idx=4&sn=447eeb6a8884a3218f679cdcdae099eb,,倒计时 99 天 CBIS2026 第十一届动力电池应用国际峰会（CBIS2026）数智创新·协同布局 - 撬动全球新能源价值链2026年11月 中国·上海主办单位：电池中国网承办单位：壹能（北京）网络科技有限公司总 冠 名：武汉逸飞激光股份有限公司联合主办：深圳市中基自动化股份有限公司来源 | 东台市人民政府网近日，江苏省盐城市东台市人民政府对江苏青嵩固能新能源科技有限公司青嵩固能10GWh固态电池研发制造项目环境影响报告表全本公示。据悉，项目位于江苏省盐城市东台市高新技术产业开发区，项目分三期工程，其中项目一期投资3亿元，其中环保投资89万元，新上1GWh固态电池生产线，本次环评为一期工程,倒计时 99 天 CBIS2026 第十一届动力电池应用国际峰会（CBIS2026）数智创新·协同布局 - 撬动全球新能源价值链2026年11月 中国·上海主办单位：电池中国网承办单位：壹能（北京）网络科技有限公司总 冠 名：武汉逸飞激光股份有限公司联合主办：深圳市中基自动化股份有限公司来源 | 东台市人民政府网近日，江苏省盐城市东台市人民政府对江苏青嵩固能新能源科技有限公司青嵩固能10GWh固态电池研发制造项目环境影响报告表全本公示。据悉，项目位于江苏省盐城市东台市高新技术产业开发区，项目分三期工程，其中项目一期投资3亿元，其中环保投资89万元，新上1GWh固态电池生产线，本次环评为一期工程；二期投资12亿元，建设新上4GWh固态电池产线；三期投资15亿元，计划新上5GWh固态电池产线及PACK集成线。预计项目建成后，年产固液及固态动力电池10GWh。 END电池中国网相关业务联系 媒体宣传咨询 联系人：吴女士 手机：(86)***********（微信同号）邮箱：wulijuan@cbea.com 稿件咨询 联系人：闫先生 手机：(86)***********（微信同号）邮箱：yanzhigang@cbea.com 研究报告咨询 联系人：杜女士 手机：(86)***********（微信同号）邮箱：ducongcong@cbea.com 行业会议咨询 联系人：吴先生 手机：(86)***********（微信同号）邮箱：wumingshan@cbea.com联系人：吴女士 手机：(86)***********(微信同号)邮箱：wuke@cbea.com点击阅读原文，查看更多消息！阅读原文其中项目一期投资3亿元，其中环保投资89万元，新上1GWh固态电池生产线，本次环评为一期工程。,,,,pending
华为，与中国长安汽车新合作！涉及AI/算力/,OFweek维科网,OFweek维科网,"RIOnews API, 战略合作, 出海",normal,2026-08-13T14:20:47+08:00,,长安和华为越绑越深，这次直接把企业数字化也交给了华为。\x0a\x0a8月11日，刚挂牌13天的中国长安汽车集团，就跟华为签了战略合作。以前合作主要在车上，这次直接扩到了算力、大模型和企业IT底座。\x0a\x0a中国长安汽车定位于智能机器人和飞行汽车。这些高科技都得靠AI和算力，而华为刚好全都有。加上中国长安汽车要出海，正好借华为现成的全球网络铺路。,http://mp.weixin.qq.com/s?__biz=MjM5NzUxNTc0Mw==&mid=2654800561&idx=1&sn=a5764eb1945a51fc9306acf491eff228,,长安和华为越绑越深，这次直接把企业数字化也交给了华为。\x0a\x0a8月11日，刚挂牌13天的中国长安汽车集团，就跟华为签了战略合作。以前合作主要在车上，这次直接扩到了算力、大模型和企业IT底座。\x0a\x0a中国长安汽车定位于智能机器人和飞行汽车。这些高科技都得靠AI和算力，而华为刚好全都有。加上中国长安汽车要出海，正好借华为现成的全球网络铺路。,长安和华为越绑越深，这次直接把企业数字化也交给了华为。\x0a\x0a8月11日，刚挂牌13天的中国长安汽车集团，就跟华为签了战略合作。以前合作主要在车上，这次直接扩到了算力、大模型和企业IT底座。\x0a\x0a中国长安汽车定位于智能机器人和飞行汽车。这些高科技都得靠AI和算力，而华为刚好全都有。加上中国长安汽车要出海，正好借华为现成的全球网络铺路。,,,,pending
美国Nuvvon聚合物电解质赛道的固态电池布局,SMM固态电池,SMM固态电池,"RIOnews API, 固态电池, 聚合物电解质, 氧化物电解质, 全固态, 产品发布, 发布, 全新, 正式推出, 信息披露, 年报, 披露, 合作进展, 融资, 战略合作, 项目签约, 投资, 合作, 收购, 技术进展, 技术突破, 实验室验证, 技术验证",normal,2026-08-13T14:00:00+08:00,,要点：Nuvvon是一家美国新泽西州固态电池初创企业，走纯固态聚合物电解质（SPE）路线，不含硫化物/氧化物，可在常温常压下运行，无需冷却、加热或加压系统。其1Ah/5Ah软包电芯搭载NMC811正极与锂金属负极，循环超2000次，工作温度-20°C至+60°C，并已通过独立针刺测试验证安全性。目前正从实验室迈向商业化样品交付，获530万美元种子轮融资，新实验室已启用。前言Nuvvon是一家总部位于美国新泽西州帕西帕尼（Parsippany）的固态电池技术公司，专注于下一代储能解决方案的研发与商业化。公司成立于2022年（亦有报道称2017年），由工程博士Simon Madgwick与聚合物电,http://mp.weixin.qq.com/s?__biz=MzA5Mjg4MDczMw==&mid=2448107553&idx=1&sn=04678dd8fd7814fb728ae916aae1245e,,要点：Nuvvon是一家美国新泽西州固态电池初创企业，走纯固态聚合物电解质（SPE）路线，不含硫化物/氧化物，可在常温常压下运行，无需冷却、加热或加压系统。其1Ah/5Ah软包电芯搭载NMC811正极与锂金属负极，循环超2000次，工作温度-20°C至+60°C，并已通过独立针刺测试验证安全性。目前正从实验室迈向商业化样品交付，获530万美元种子轮融资，新实验室已启用。前言Nuvvon是一家总部位于美国新泽西州帕西帕尼（Parsippany）的固态电池技术公司，专注于下一代储能解决方案的研发与商业化。公司成立于2022年（亦有报道称2017年），由工程博士Simon Madgwick与聚合物电,"要点：Nuvvon是一家美国新泽西州固态电池初创企业，走纯固态聚合物电解质（SPE）路线，不含硫化物/氧化物，可在常温常压下运行，无需冷却、加热或加压系统。其1Ah/5Ah软包电芯搭载NMC811正极与锂金属负极，循环超2000次，工作温度-20°C至+60°C，并已通过独立针刺测试验证安全性。目前正从实验室迈向商业化样品交付，获530万美元种子轮融资，新实验室已启用。前言Nuvvon是一家总部位于美国新泽西州帕西帕尼（Parsippany）的固态电池技术公司，专注于下一代储能解决方案的研发与商业化。公司成立于2022年（亦有报道称2017年），由工程博士Simon Madgwick与聚合物电池科学家Manveer Sidhu共同创立。Nuvvon以自主研发的固态聚合物电解质（Solid Polymer Electrolyte, SPE）技术为核心，致力于打造具备高安全性、高能量密度和低成本优势的全固态电池。2025年以来，公司在新实验室启用、电芯样品发布、安全测试验证等方面接连取得突破，成为全球固态电池赛道中备受关注的美国本土创新力量。一、技术路线Nuvvon走的是固态聚合物电解质（SPE）技术路线，属于全固态电池范畴。1.1核心特点纯聚合物体系Nuvvon的固态聚合物电解质是纯粹的聚合物系统，不含任何硫化物或氧化物纳米颗粒。这与当前主流的硫化物、氧化物无机固态电解质路线形成显著差异。多功能一体化该电解质同时充当阴极电解质（catholyte）、阳极电解质（anolyte）和隔膜（separator），实现一材多用的集成设计。零液体、零压力电芯为完全固态，没有任何液态成分（甚至不含增塑剂）。同时，电池可在常压（大气压）下运行，无需像许多陶瓷电解质那样施加巨大堆叠压力。宽温域运行可在-20°C至+60°C的温度范围内正常工作，无需冷却、加热或加压系统。室温离子电导率在25°C下离子电导率大于1mS/cm。超薄隔膜可实现隔膜厚度≤20μm。1.2技术优势定位Nuvvon的技术旨在解决固态电池三大核心难题：压力问题：陶瓷电解质界面电阻高，需巨大压力或液体辅助，Nuvvon的SPE无需压力。温度问题：液态电解质在40°C以上不稳定，传统固态聚合物无法在70°C以下工作，Nuvvon的SPE可在室温及高温下运行。兼容性问题：多数电解质与锂金属和高电压正极（如LNMO）不兼容，Nuvvon的SPE与两者均兼容。工艺问题：陶瓷等多新技术难以在现有设备上生产，Nuvvon的软包电池可直接在标准锂离子生产设备上制造。二、电池介绍Nuvvon目前主推的产品为固态可充电锂离子软包电池（pouch cell），搭载NMC811正极，采用锂金属负极。2.1固态电池核心性能参数（Nuvvon）2.2产品型号（Nuvvon）72mAh：早期实验室级原型1Ah和5Ah：商业级样品，2025年秋季正式推出10-20Ah：可根据客户需求定制提供20Ah：2025年Q4启动2.3安全验证里程碑2025年10月，Nuvvon的SPE技术在德克萨斯大学奥斯汀分校（UTA）完成了独立的针刺测试。测试采用传统1Ah商业级电芯，分别搭载Nuvvon的SPE和传统液态电解质进行对比。结果则是液态电解质电芯瞬间爆炸，而Nuvvon SPE电芯（石墨-NMC811和锂-NMC9两种体系）均未起火或爆炸。三、规划产能Nuvvon目前仍处于商业化早期阶段，尚未披露大规模量产GWh级别的产能规划。但从其发展节奏来看：实验室阶段：公司最初在罗格斯大学EcoComplex孵化器进行研发。新实验室启用：2025年2月，Nuvvon在帕西帕尼启用全新实验室，面积扩大至原有空间的4倍，集研发、制造和测试于一体。该实验室支持溶液浇铸工艺（solution casting process）的放大，可内部生产1-2Ah锂固态电芯，并进一步开发固态锂硫电池。样品销售阶段：1Ah和5Ah商业级电芯已开始生产和销售，供相关方进行原型分析。总体来看，Nuvvon当前的重点是从实验室验证迈向商业化样品交付，大规模产能建设尚处于早期筹备阶段。四、公司简介和专利情况4.1公司简介Nuvvon Inc.是一家专注于固态聚合物电解质及全固态电池研发与商业化的美国高科技公司，总部位于新泽西州帕西帕尼（Parsippany, NJ）。公司成立于2022年（亦有报道称其纳米技术研究可追溯至2017年），目前为私人控股、风险资本支持的企业，员工约9人。核心管理团队包括首席执行官Dr. Simon Madgwick、首席运营官Jonathan Lex以及总裁兼创新主管 Manveer Sidhu。Nuvvon的核心技术是其自主研发的固态聚合物电解质（Solid Polymer Electrolyte, SPE）。这是一种不含硫化物或氧化物纳米颗粒的纯聚合物体系，在室温（25°C）下离子电导率超过 1mS/cm，并可实现≤20µm的隔膜厚度。基于该技术，Nuvvon开发了完全固态的软包电池，可在无需冷却、加热或外加压力系统的条件下，于宽温度范围内稳定运行。该技术同时具备“即插即用”的兼容性，可直接集成到现有锂离子电池生产线上。4.2专利情况Nuvvon共有10项专利文档（含申请和授权），其中5项已授权、5项正在申请中。代表性专利包括：1.基于聚硅氧烷Si-tripodand聚合物的高性能固态电解质及电池，申请中，2023年5月19日2.具有弹性性能的固态聚合物电解质及其制造方法，申请中，2023年1月18日3.基于氰乙基化聚合物及添加剂的高性能固态电解质和电池（WO），无效，2023年5月19日核心技术覆盖聚硅氧烷基聚合物电解质、弹性固态聚合物电解质以及氰乙基化聚合物电解质等方向。五、融资合作5.1融资情况Nuvvon目前融资规模较小，处于早期阶段。2024年4月12日，融资轮次种子轮530万美元已完成，已产生收入公司正在寻求新一轮最高约1030万美元的融资。整体估值未公开披露。5.2合作情况Thermo Fisher Scientific：Nuvvon与Thermo Fisher Scientific在材料解决方案层面展开合作，推动全固态电池制造。罗格斯大学EcoComplex：公司早期在罗格斯大学EcoComplex孵化器进行研发孵化，2025年5月成功毕业并迁入新实验室。六、公司动态2025年2月：Nuvvon在帕西帕尼举行剪彩仪式，正式启用全新研发实验室，面积扩大至原来的4倍，集研发、制造和测试于一体。2025年5月：Nuvvon成功从罗格斯大学EcoComplex孵化器毕业，迁入更大的新设施。2025年6月20日：Nuvvon宣布重大技术突破，将于2025年秋季正式推出1Ah和5Ah固态可充电锂离子软包电池样品，标志着其技术已超越实验室原型阶段。2025年10月：Nuvvon的固态聚合物电解质技术成功通过独立针刺测试，石墨-NMC811和锂-NMC9两种体系的电芯均未起火或爆炸，验证了其技术的固有安全性。2026年：公司持续推动商业化进程，其产品被行业视为美国企业在液态电池领域落后于中国之后，在固态电池赛道实现同一起跑线竞争的重要突破。从行业分析师的视角看，Nuvvon 的纯聚合物 SPE 路线为当前主流的硫化物/氧化物无机固态电解质方案提供了一种独特且务实的选择。其常温常压运行能力，以及对现有锂电制造基础设施的良好兼容性，显著降低了商业化的门槛——这是许多仍在高压、高温条件下挣扎的竞品难以比拟的关键优势。独立针刺测试的通过，更进一步佐证了其本征安全性，这对汽车和航空应用而言是重要卖点。然而，挑战同样清晰。已公布的循环寿命（>2000次）令人鼓舞，但能量密度数据尚未披露；要跻身一流液态体系和其他固态对手的竞争行列，Nuvvon必须在规模化水平上拿出具有竞争力的质量能量密度和体积能量密度。此外，5Ah样品虽是积极进展，但从20Ah起步再迈向GWh级量产，仍需大量资金、工艺工程和供应链建设。计划中的1030万美元融资若能落地，将提供关键过渡资金，但与行业内动辄数亿、数十亿美元的投资规模相比仍显单薄。对中国电池企业而言，Nuvvon的进步凸显了技术路线多元化的重要性。尽管国内多数力量集中于硫化物和氧化物电解质，但聚合物路线——若能兑现其性能承诺——有望以更低的制造成本实现更快的量产速度。中国企业应密切跟踪Nuvvon的放大进程，并审慎评估混合路线或聚合物增强策略是否可作为现有技术版图的补充。中期来看，Nuvvon不太可能对国内头部企业构成直接威胁，但若它能成功跨越从原型到量产的“死亡之谷”，则有望在高价值细分市场（如航空、高端电动汽车）占据一席之地，成为美国本土可信赖的替代方案。总体而言，Nuvvon的发展轨迹对全球固态电池行业是积极信号，证明多条技术路线可以共存。其最终成败取决于执行能力、合作伙伴关系以及持续的资金支持，但初步技术验证已令人信服。我们将持续关注其商业化进展及其对竞争格局的潜在影响。最后推荐一下SMM的精品会议，目前进展和部分参会企业及代表：【SMM固态电池专区】https://new-energy.smm.cn/new_energy/151036文章说明本文基于公开信息、公司公告及行业分析整理而成，旨在提供信息参考，不构成任何投资建议。固态电池技术仍在快速发展中，请读者以最新官方发布信息为准。SMM预测2028年全固态电池出货量2.7GWh，固液电池出货量160GWh。2030年全球锂离子电池市场需求量6TWh，全球固态电池的渗透率在1.5‰左右。2035年全球锂离子电池10TWh，固态电池的渗透率或将10%，达1T。【国内固态电池】瑞智新能源固态电池布局 Pre-A+轮国资加码锚定固态电解质材料赛道固芯能源亿元融资 加速固态电池布局具身智能低空航天高镍巨头格林美无锡500吨中试基地正式启航 固态电池布局分材料+电解质+回收全链条追觅生态赋能签约璞跃沈汽 晶核能源全固态电池布局解析【国内首次】中科源本硫化物全固态电池完成实车道路测试耀石锂电10亿元南平基地落地 中科院背景新锐固态电池布局消费赛道自研全固态电池完成针刺 巨湾技研固态电池布局全景分析上海洗霸新上固液电芯和氧化物电解质项目 固态电池布局一体化版图道氏技术2026年半年报固态电池布局与进展解析久吾高科LATP固态电解质通过4.62V极限过充考验 陶瓷膜大厂固态电池布局双线赛道蜂巢固液电池三季度量产 住友2028年量产卤化物固态电解质韩国ECOPRO BM固态电池布局 从正极向全固态核心材料综合供应商迈进电池消费税对固态电池行业发展利弊分析中科源本样品发布 其固态电池布局为硫化物路线2026H1固态电池法规政策与标准全球格局分析GWh突破、国标实施、谣言澄清 7月上旬固态电池十大动态及市场分析国晟环球10GWh设备已入场 国晟能源固态电池布局如何金羽新能与鼎犀智创达成战略合作，共推“AI+固态电池”产业化17亿固态电池项目签约余干高新区 三维电池加速固态电池布局赛科动力与经纬恒润合作 固态电池布局继续深化科力远固态电池布局再下一城 定兴混合储能项目落地蓝固万吨氧化物固态电解质量产 固态电池布局解析星源材质发布固锐系列电解质复合膜 其固态电池布局深远4个月4N80吨硫化锂 成都汉普亿轩固态电池布局项目落地屏安新能源中试线建成 固态电池布局加速厦钨新能固态电池布局：正极+电解质双轮驱动NL材料引领突破千人百亿铸犀牛全固态电池冲刺600Wh/kg 从奇瑞电池之夜看固态电池布局冠盛东驰固态电池布局 强强联合技术积淀多基地发力固液先行 从中汽新能产品发布看其固态电池布局厦钨新能固态电池布局 2.78亿端能源材料创新中心封顶金羽新能双线突破！全固态电池交付“山海”系列四季度量产合源锂创固态电池布局 量产交付“六合电池”多地有产能规划海外26家企业固态电池布局：硫化物路线领跑 美日韩欧四极博弈进入量产冲刺期纯锂新能源固态电池布局星川科技固态电池布局 HEV赛道奇兵？硫化物路线至2030车规级量产落地 一文了解恩力动力固态电池布局威海金宏科技固态电池认证 从两轮到储能全场景布局盛新锂能固态电池布局 锂硫资源闭环抢滩硫化物固态电解质量产【海外固态电池】美国Lyten“抄底式收购”Northvolt欧洲资产 锂硫固态电池布局全球三星SDI的""逆势豪赌"" 25万亿韩元押注下一代电池或改写全球能源格局法国SAFT固态电池布局 聚焦IDOLES项目美国SES AI固态电池布局 锂金属固液路线西班牙“国家队”Basquevolt固态电池布局日本Maxell固态电池布局：以ER兼容模块切入 2026年启动量产英国Ilika固态电池布局：双线并进Stereax已商业交付Goliath加速车试Rimac固态电池布局 2027年量产Tier1供应商转型日本出光兴产idemitsu硫化物固态电池布局 百吨级中试2027丰田量产车日本Maxell推出可充电全固态电池 直接替换一次性ER电池突破极限！日本麦克赛尔Maxell将于11月发售耐150℃高温全固态电池样比利时SOLiTHOR固态电池布局 欧洲新秀如何挑战锂电极限日本丰田Toyota固态电池布局 2027年量产实现千公里续航革命辉能科技固态电池布局 四代固态锂陶瓷电池平台韩国SK On固态电池商业化进程提速至2029年日本Nissan日产固态电池布局 硫化物路线2028年量产2029上车英国固态电池企业伊丽卡llika固态电池原型交付在即韩国固态电池企业Solivis硫化物固态电解质布局U.S. Solid-State Battery Landscape: Nuvvon's Polymer Electrolyte ApproachKey Points:Nuvvon is a New Jersey–based solid‑state battery startup pursuing a pure solid polymer electrolyte (SPE) route, free of sulfides or oxides. Its cells operate at ambient temperature and pressure, requiring no cooling, heating, or pressurisation systems. The company's 1Ah and 5Ah pouch cells feature NMC811 cathodes and lithium‑metal anodes, delivering over 2,000 cycles and operating across a temperature range of –20°C to +60°C. They have successfully passed independent nail penetration tests, validating their intrinsic safety. Nuvvon is now transitioning from laboratory‑scale development to commercial sample delivery, having secured $5.3 million in seed funding and recently opened a new R&D laboratory.PrefaceNuvvon is a solid‑state battery technology company headquartered in Parsippany, New Jersey, USA, focused on the R&D and commercialisation of next‑generation energy storage solutions. The company was founded in 2022 (though some sources trace its nanotechnology research back to 2017) by Dr. Simon Madgwick (engineering) and Manveer Sidhu (polymer battery scientist). Nuvvon’s core technology is its proprietary solid polymer electrolyte (SPE), aiming to deliver all‑solid‑state batteries with high safety, high energy density, and low cost. Since 2025, the company has achieved a series of breakthroughs, including the inauguration of a new laboratory, launch of cell samples, and independent safety validation, making it a notable US‑based innovator in the global solid‑state battery arena.I. Technology RouteNuvvon pursues a solid polymer electrolyte (SPE) route, falling into the all‑solid‑state battery category.1.1 Core CharacteristicsPure polymer system – Nuvvon’s SPE is a purely polymeric system, free of any sulfide or oxide nanoparticles. This sets it apart from the mainstream sulfide‑ and oxide‑based inorganic solid electrolyte routes.Multi‑functional integration – The electrolyte simultaneously acts as catholyte, anolyte, and separator, achieving an integrated “one‑material‑multiple‑roles” design.Zero liquid, zero pressure – The cells are fully solid, containing no liquid components (not even plasticisers). Moreover, the battery operates at ambient (atmospheric) pressure, eliminating the need for the high stacking pressures required by many ceramic electrolytes.Wide temperature operation – It functions normally across a temperature range of –20°C to +60°C without the need for cooling, heating, or pressurisation systems.Room‑temperature ionic conductivity – >1 mS/cm at 25°C.Ultrathin separator – Achievable separator thickness ≤20 μm.1.2 Positioning of Technical AdvantagesNuvvon’s technology aims to address four critical challenges of solid‑state batteries:Pressure issue – Ceramic electrolytes suffer from high interfacial resistance and require high pressure or liquid assistance; Nuvvon’s SPE requires no pressure.Temperature issue – Liquid electrolytes are unstable above 40°C, and conventional solid polymers cannot work below 70°C; Nuvvon’s SPE operates at room temperature and elevated temperatures.Compatibility issue – Many electrolytes are incompatible with lithium metal and high‑voltage cathodes (e.g., LNMO); Nuvvon’s SPE is compatible with both.Process issue – Novel ceramics and other technologies are difficult to produce on existing equipment; Nuvvon’s pouch cells can be directly manufactured on standard lithium‑ion production lines.II. Battery SpecificationsNuvvon currently offers solid‑state rechargeable lithium‑ion pouch cells with NMC811 cathodes and lithium‑metal anodes.2.1 Key Performance Parameters (Nuvvon)2.2 Product Models72 mAh – early laboratory‑grade prototype1 Ah and 5 Ah – commercial‑grade samples, officially launched in autumn 202510‑20 Ah – customisable upon customer request20 Ah – planned for Q4 2025 launch2.3 Safety Validation MilestoneIn October 2025, Nuvvon’s SPE technology underwent an independent nail penetration test at the University of Texas at Austin (UTA). Standard 1 Ah commercial‑grade cells were tested side‑by‑side: one with Nuvvon’s SPE and the other with conventional liquid electrolyte. The liquid‑electrolyte cell exploded instantly, while the Nuvvon SPE cells (both graphite‑NMC811 and Li‑NMC9 systems) showed no fire or explosion.III. Production Capacity PlansNuvvon is still in the early commercialisation p",,,,pending
Nat. Commun.：溴介导配对电合成氢气与环氧化物,有机电催化,有机电催化,"RIOnews API, 电化学合成, 电催化, 电合成",normal,2026-08-13T14:00:00+08:00,,配对电合成 · 溴介体 · 产氢 · 烯烃环氧化文献分析工具：科应全球文献AI平台（www.scienceing.com）一句话看懂水电解阳极析氧附加值低且动力学缓慢，而以烯烃环氧化替代析氧需要同时控制卤素介体循环、氢气纯度和产物选择性；该研究采用溴介导无膜配对电解，在10 mA cm−2下同步生成H2与环氧化物，形成可循环的双产物电合成路径。传统水电解阳极析氧动力学缓慢且产物附加值低，限制绿氢经济性。以高价值有机氧化替代析氧可改善能耗结构，但又要求在无膜体系中抑制卤素交叉、保持氢气纯度与环氧化物选择性。因此，如何建立可循环的介体并平衡两侧电极反应，仍是配对电合成的重要问题。核心问题溴介体能否,http://mp.weixin.qq.com/s?__biz=MzUyNTc2ODMyOQ==&mid=2247561387&idx=1&sn=0fd7548f2fb8dcdf8dbd07a806dc1a6f,,配对电合成 · 溴介体 · 产氢 · 烯烃环氧化文献分析工具：科应全球文献AI平台（www.scienceing.com）一句话看懂水电解阳极析氧附加值低且动力学缓慢，而以烯烃环氧化替代析氧需要同时控制卤素介体循环、氢气纯度和产物选择性；该研究采用溴介导无膜配对电解，在10 mA cm−2下同步生成H2与环氧化物，形成可循环的双产物电合成路径。传统水电解阳极析氧动力学缓慢且产物附加值低，限制绿氢经济性。以高价值有机氧化替代析氧可改善能耗结构，但又要求在无膜体系中抑制卤素交叉、保持氢气纯度与环氧化物选择性。因此，如何建立可循环的介体并平衡两侧电极反应，仍是配对电合成的重要问题。核心问题溴介体能否,"配对电合成 · 溴介体 · 产氢 · 烯烃环氧化文献分析工具：科应全球文献AI平台（www.scienceing.com）一句话看懂水电解阳极析氧附加值低且动力学缓慢，而以烯烃环氧化替代析氧需要同时控制卤素介体循环、氢气纯度和产物选择性；该研究采用溴介导无膜配对电解，在10 mA cm−2下同步生成H2与环氧化物，形成可循环的双产物电合成路径。传统水电解阳极析氧动力学缓慢且产物附加值低，限制绿氢经济性。以高价值有机氧化替代析氧可改善能耗结构，但又要求在无膜体系中抑制卤素交叉、保持氢气纯度与环氧化物选择性。因此，如何建立可循环的介体并平衡两侧电极反应，仍是配对电合成的重要问题。核心问题溴介体能否在无膜电解中同时支撑高效析氢和选择性烯烃环氧化，并避免明显副反应？本文要点1. 水相溴离子在阳极转化为溶液限域溴物种，随后参与烯烃部分氧化。2. 阴极析氢与阳极环氧化在同一无膜电解池内同步进行。3. 电压、产物效率、耐久性和电极稳定性被用于评估体系边界。关键图表解读溴介导配对电合成装置与电极响应Figure 1. 溴介导配对电合成装置与电极响应无膜体系在10 mA cm−2下分别记录阴极析氢与阳极环氧化电位，实现两侧反应的同步驱动，表明溴介体可连接析氢与环氧化半反应。不同条件下的配对电合成表现Table 1. 不同条件下的配对电合成表现溴化物浓度、溶剂和底物组成改变时，H2与环氧化物法拉第效率及电池电压呈现条件依赖性，表明介体浓度和操作参数共同影响产物平衡。配对电合成耐久性测试Figure 3. 配对电合成耐久性测试持续电解中电流、H2体积和环氧化物生成量随时间稳定增长，体现设定工况下的持续配对产出，表明体系在设定工况下可保持配对运行。与既有体系的性能比较Figure 5. 与既有体系的性能比较与既有配对体系比较，该体系的氢气和环氧化物选择性、速率、能效及耐久性呈现综合性能优势，表明该体系在多维指标上具有可比较性。关键数据在10 mA cm−2的电极评价条件下，体系比较了析氢和环氧化半反应的极化需求与稳态产物生成。可以继续思考什么？后续可在更高电流密度、更长运行时间或更复杂实际底物条件下，进一步检验该策略的结构稳定性与适用边界。文献信息Bromide-Mediated Paired Electrosynthesis of Hydrogen and EpoxideNat. Commun. 2026, Article in PressDOI: https://doi.org/10.1038/s41467-026-76617-x通讯作者：Avner Rothschild有机电催化学术交流QQ群: 692419836",,,,pending
直击CIES 2026 | 科林电气全栈自研智慧储能方案引关注,储能网,储能网,"RIOnews API, 储能, 系统集成, 大型储能, PCS, EMS, BMS, 储能变流器, 电池包, 热管理, 液冷, 交付, 项目落地, 落地",normal,2026-08-13T13:44:32+08:00,,"中国储能网讯：8月10日，第十六届中国国际储能大会（CIES 2026）在杭州盛大开幕。本届大会汇聚了众多国内外顶尖企业、行业专家与科研机构，共同探讨储能产业的前沿技术与未来趋势。科林电气以""智慧储能，全栈自研""为主题，携全栈自研智慧储能产品矩阵强势登场，从电芯管理到系统集成，全方位向业界展示了其覆盖全链路的技术实力与创新成果，成为本届大会备受瞩目的焦点之一。全栈自研，高自产化构筑核心竞争力走进科林电气展台，最引人注目的当属135kW/261kWh液冷户外储能一体柜。这款集电池包、BMS、EMS、PCS、热管理系统及消防系统于一体的产品，从核心芯片到系统架构，从软件算法到结构设计，高自产化率贯",http://mp.weixin.qq.com/s?__biz=MzA3MjA3MzgwNw==&mid=2651978662&idx=1&sn=b5a9a0d5d6b1e295d2a457225a37a480,,"中国储能网讯：8月10日，第十六届中国国际储能大会（CIES 2026）在杭州盛大开幕。本届大会汇聚了众多国内外顶尖企业、行业专家与科研机构，共同探讨储能产业的前沿技术与未来趋势。科林电气以""智慧储能，全栈自研""为主题，携全栈自研智慧储能产品矩阵强势登场，从电芯管理到系统集成，全方位向业界展示了其覆盖全链路的技术实力与创新成果，成为本届大会备受瞩目的焦点之一。全栈自研，高自产化构筑核心竞争力走进科林电气展台，最引人注目的当属135kW/261kWh液冷户外储能一体柜。这款集电池包、BMS、EMS、PCS、热管理系统及消防系统于一体的产品，从核心芯片到系统架构，从软件算法到结构设计，高自产化率贯","中国储能网讯：8月10日，第十六届中国国际储能大会（CIES 2026）在杭州盛大开幕。本届大会汇聚了众多国内外顶尖企业、行业专家与科研机构，共同探讨储能产业的前沿技术与未来趋势。科林电气以""智慧储能，全栈自研""为主题，携全栈自研智慧储能产品矩阵强势登场，从电芯管理到系统集成，全方位向业界展示了其覆盖全链路的技术实力与创新成果，成为本届大会备受瞩目的焦点之一。全栈自研，高自产化构筑核心竞争力走进科林电气展台，最引人注目的当属135kW/261kWh液冷户外储能一体柜。这款集电池包、BMS、EMS、PCS、热管理系统及消防系统于一体的产品，从核心芯片到系统架构，从软件算法到结构设计，高自产化率贯穿全链路，不仅保障产品品质与交付效率，更构筑了科林电气在储能赛道的核心竞争壁垒。该产品身材小巧、能量密度高，可灵活应对工商业园区、分布式光伏配储、光储充一体化等多种场景。在展台另一侧，储能变流器产品同样吸睛，采用PCS+BMS+高压箱融合版设计，系统集成度达到行业领先水平。两款产品均支持构网型控制策略，可实现构网与跟网模式在线切换。此外，科林电气液冷电池舱以20英尺定制集装箱为载体，提供3.44MWh和5.015MWh两种容量规格，配合升压变流一体机，实现""即插即用""的模块化部署，为大型储能电站提供高效解决方案。全场景赋能，一站式储能落地科林电气的储能产品覆盖发电侧、电网侧、用户侧三大场景，依托源网荷储协同调度能力，实现从核心设备到系统集成的全链条服务，一站式为储能项目落地赋能。从发电侧的调峰调频、电网侧的削峰填谷，到用户侧的峰谷套利与需求响应，科林电气以全场景解决方案满足多元需求。在本次大会同期举办的第十六周年庆典晚宴上，2026年度中国储能产业卓越创新系列奖项正式揭晓。科林电气凭借在储能领域的突出技术实力与项目落地成果，从众多参评企业中脱颖而出，荣获""2026年度中国储能产业典型示范项目卓越创新奖""，充分彰显了行业对其技术实力与创新能力的权威认可。从全栈自研的产品矩阵，到覆盖全场景的系统方案，科林电气正以扎实的技术底蕴，持续为储能产业高质量发展注入动能。一审：潘 望二审：王谊秀由于微信改版，关注后请点击右上角，选择“设为星标”与“置顶”，以获得最新的文章更新投稿联系电话：***********（同微信）地址：北京市西城区阜成门外四川大厦东塔楼30层官网：www.escn.com.cn 投稿邮箱：ly83518@126.com",,,,pending
尽管电池储能业务显著回升，但特斯拉能源业务毛利率仍下滑19%,储能网,储能网,"RIOnews API, 比亚迪, Megapack, 磷酸铁锂, 铁锂, LFP, 储能, 储能系统, 系统集成, 工商业储能, 系统集成商, 出货, 出货量, 市场份额, 排名, 产能, GWh, 投产, 推迟, 订单, 毛利率, 利润率, 融资, 投资, IPO, 政策, 补贴, 税收抵免, 关税, 发布, 量产, 爬坡",normal,2026-08-13T13:39:26+08:00,,"中国储能网讯：特斯拉公司今年第二季度储能部署量实现反弹，但受到平均销售价格（ASP）下降等因素影响，其能源业务板块的毛利率出现明显下滑。近期，Akaysha Energy公司在澳大利亚部署完工的415MW/1,660MWh Orana电池储能项目，采用特斯拉Megapack电池储能单元构建。作为美国电动汽车、电池储能系统、人工智能及机器人制造商，日前，特斯拉公司发布了2026年第二季度财报，并召开了分析师电话会议。经历了2026年一季度相对平淡的表现（部署8.8GWh，涵盖Megapack电网规模储能系统和Powerwall住宅储能系统）之后，特斯拉公司在2026年二季度实现了13.5GWh部",http://mp.weixin.qq.com/s?__biz=MzA3MjA3MzgwNw==&mid=2651978652&idx=1&sn=03a097f726268b59891dab905a30fe45,,"中国储能网讯：特斯拉公司今年第二季度储能部署量实现反弹，但受到平均销售价格（ASP）下降等因素影响，其能源业务板块的毛利率出现明显下滑。近期，Akaysha Energy公司在澳大利亚部署完工的415MW/1,660MWh Orana电池储能项目，采用特斯拉Megapack电池储能单元构建。作为美国电动汽车、电池储能系统、人工智能及机器人制造商，日前，特斯拉公司发布了2026年第二季度财报，并召开了分析师电话会议。经历了2026年一季度相对平淡的表现（部署8.8GWh，涵盖Megapack电网规模储能系统和Powerwall住宅储能系统）之后，特斯拉公司在2026年二季度实现了13.5GWh部","中国储能网讯：特斯拉公司今年第二季度储能部署量实现反弹，但受到平均销售价格（ASP）下降等因素影响，其能源业务板块的毛利率出现明显下滑。近期，Akaysha Energy公司在澳大利亚部署完工的415MW/1,660MWh Orana电池储能项目，采用特斯拉Megapack电池储能单元构建。作为美国电动汽车、电池储能系统、人工智能及机器人制造商，日前，特斯拉公司发布了2026年第二季度财报，并召开了分析师电话会议。经历了2026年一季度相对平淡的表现（部署8.8GWh，涵盖Megapack电网规模储能系统和Powerwall住宅储能系统）之后，特斯拉公司在2026年二季度实现了13.5GWh部署量，是该公司历史第二高季度数据，仅次于2025年第四季度创下的14.2GWh纪录。特斯拉公司2026年第二季度发电与储能业务收入约为31.4亿美元（该收入几乎全部来自储能业务），与2025年第一季度的24亿美元相比增长30%，与2025年第二季度的27.9亿美元相比增长13%。截至发稿时，特斯拉公司尚未提交详细的财务细分文件（SEC Form 10-Q）。但该公司首席财务官Vaibhav Taneja在电话会上透露，其能源业务毛利率从39.5%降至20.4%。Taneja指出，储能系统的季度需求通常呈现间歇性波动，而毛利率下降源于多重因素，其中包括一笔2.4亿美元的保修费用调整，与某些之前部署项目中供应商电池问题有关。此外，特斯拉公司在一季度确认了2亿美元关税政策收益，该收益未在二季度重现。与此同时，Taneja表示，正如先前指引所述，受市场竞争加剧影响，工商业储能系统的平均售价正“持续走低”。尽管如此，能源仍是特斯拉利润率最高的业务板块。电动汽车业务毛利率为19.2%，售后服务及其他业务毛利率为14.1%（该业务收入规模与能源相近，2026年第二季度收入为45.8亿美元）。但电动汽车业务仍是特斯拉公司体量最大的核心板块，2026年第二季度收入为205亿美元。Taneja称：“长期来看，我们预计能源业务毛利率将稳定在20%中低区间。”他还补充道，“特斯拉公司订单储备十分强劲，并且正全力以赴，根据现有需求以及数据中心增长和整体经济电气化带来的未来预期需求进行产能建设”。特斯拉公司首席执行官埃隆·马斯克在电话会的预先发言中表示，位于德克萨斯州新建的超级工厂即将开始生产Megapack 3电池储能单元。他还透露，特斯拉锂精炼厂和阴极精炼厂已经开工投产，该公司正加速电池产能扩张。美国磷酸铁锂电池生产仍处“早期爬坡”阶段 然而，关于用于固定式储能系统的磷酸铁锂（LFP）电池投产的具体进展，特斯拉公司并未提供详细更新。该公司曾在2025年第二季度财报中表示，该产线将在去年年底前启动。特斯拉公司此前曾指出，由于美国市场部署的储能系统电池主要采购自第三方供应商，其储能业务受到关税政策“超比例影响”。自今年年初起，美国的投资税收抵免（ITC）政策新增“外国关注实体”（FEOC）限制，如果项目所使用的设备或材料中有一部分来自FEOC企业，则无法获得ITC资格。由于电池成本在项目资本支出中占比较高，尽管企业仍可与第三方厂商进行部分业务往来，但实际进口电池已不可行。美国储能项目开发商和系统集成商正积极寻求其他来源的电池，尤其是符合“本土含量”要求的美国本土产能，以获得ITC额外10%补贴。特斯拉公司曾在2025年第四季度及全年业绩发布会上表示，在内华达州运营的超级工厂的7GWh磷酸铁锂电池生产线处于早期爬坡阶段。根据本周发布的投资者演示材料，该状态至今未变。今年3月，特斯拉公司被披露与LG ES公司签署了价值43亿美元的磷酸铁锂电池供应协议，采购美国本土生产的电池，用于德州超级工厂组装Megapack 3电池储能单元。Solar Media公司市场研究分析师Charlotte Gisbourne表示，特斯拉公司储能系统出货量仍保持强劲增长，并可能正积极拓展中东、非洲（MEA）及印度等新兴市场。Gisbourne还指出，尽管在德克萨斯州运营的超级工厂已进入调试阶段，并且Megapack 3电池储能单元计划于2026年投产，但大规模量产或有推迟。Solar Media公司市场研究团队已将特斯拉评为“AAA”级，并在其《电池储能技术可融资性评级报告》中予以体现。此外，在调研机构Wood Mackenzie公司于本月初发布的2025年全球及北美储能系统集成商市场份额排名中，特斯拉公司位列榜首；但在欧洲、亚太、中东和拉美地区未能进入前三。另据调研机构Benchmark Mineral Intelligence公司的独立排名，特斯拉公司电动汽车以10%的全球市场份额位居第二（仅次于比亚迪13%），比亚迪也已成为特斯拉在电动汽车领域的最大国际竞争对手。近期，尽管市场对马斯克商业版图的讨论多集中于SpaceX公司的IPO，但在此次特斯拉电话会上，大部分议题仍围绕汽车销售、全自动驾驶（FSD）、机器人出租车以及人形机器人，储能系统和太阳能发电设施仅被简要提及。在回应巴克莱银行研究员Dan Levy关于储能部署需求预期及应用场景（包括解决数据中心电能质量问题）的提问时，马斯克表示：“太阳能+储能的组合将是未来全球绝大多数能源生产的终极解决方案。”他补充道，电力瓶颈已成为人工智能发展的主要制约因素，尤其在人工智能训练过程中，负载可能在毫秒级内剧烈波动。马斯克透露，SpaceX已为数据中心采购了大量采用Megapack电池储能单元构建的储能系统。一审：潘 望二审：王谊秀由于微信改版，关注后请点击右上角，选择“设为星标”与“置顶”，以获得最新的文章更新投稿联系电话：***********（同微信）地址：北京市西城区阜成门外四川大厦东塔楼30层官网：www.escn.com.cn 投稿邮箱：ly83518@126.com",,,,pending
今日招中标动态｜采用1175Ah电芯！内蒙古阿拉善700MW/2800GWh储能系统采购中标公示,储能网,储能网,"RIOnews API, 海辰, 磷酸铁锂, 铁锂, 储能, 储能系统, 系统集成, 大型储能, 独立储能, 储能变流器, 高安全, 长循环, 循环寿命, GWh, 中标, 入围, 招标, 报价, 发布",normal,2026-08-13T13:39:26+08:00,,中国储能网讯：共计3个中标动态，1个招标动态。中标方面，8月11日，内蒙古阿拉善三座大型储能电站系统集成设备成交结果公示，合计规模700MW/2800GWh，成交单位：内蒙古海善储能科技有限公司；河北沧州300MW/1200MWh独立储能电站EPC中标候选人公示，中建三局集团有限公司、河北钏诺工程勘察设计有限公司（联合体）等入围，折合中标单价0.891-0.898元/Wh。招标方面，河北承德两个储能项目储能系统设备采购招标，规模合计0.6GW/2.4GWh。中 标 项 目1、全部采用1175Ah电芯！内蒙古阿拉善700MW/2800GWh储能系统采购中标公示8月11日，由中国电建集团河北省电力,http://mp.weixin.qq.com/s?__biz=MzA3MjA3MzgwNw==&mid=2651978652&idx=2&sn=ac081ac48dec846cc3e725a6cc407d00,,中国储能网讯：共计3个中标动态，1个招标动态。中标方面，8月11日，内蒙古阿拉善三座大型储能电站系统集成设备成交结果公示，合计规模700MW/2800GWh，成交单位：内蒙古海善储能科技有限公司；河北沧州300MW/1200MWh独立储能电站EPC中标候选人公示，中建三局集团有限公司、河北钏诺工程勘察设计有限公司（联合体）等入围，折合中标单价0.891-0.898元/Wh。招标方面，河北承德两个储能项目储能系统设备采购招标，规模合计0.6GW/2.4GWh。中 标 项 目1、全部采用1175Ah电芯！内蒙古阿拉善700MW/2800GWh储能系统采购中标公示8月11日，由中国电建集团河北省电力,"中国储能网讯：共计3个中标动态，1个招标动态。中标方面，8月11日，内蒙古阿拉善三座大型储能电站系统集成设备成交结果公示，合计规模700MW/2800GWh，成交单位：内蒙古海善储能科技有限公司；河北沧州300MW/1200MWh独立储能电站EPC中标候选人公示，中建三局集团有限公司、河北钏诺工程勘察设计有限公司（联合体）等入围，折合中标单价0.891-0.898元/Wh。招标方面，河北承德两个储能项目储能系统设备采购招标，规模合计0.6GW/2.4GWh。中 标 项 目1、全部采用1175Ah电芯！内蒙古阿拉善700MW/2800GWh储能系统采购中标公示8月11日，由中国电建集团河北省电力勘测设计研究院有限公司组织采购，三座大型储能电站系统集成设备成交结果公示，合计规模700MW/2800GWh。三大项目成交单位：内蒙古海善储能科技有限公司。1）中国电建河北院高聚（海辰）储能阿拉善左旗阿光二200MW800MWh电网侧独立储能电站项目储能系统集成设备项目位于内蒙古自治区阿拉善盟阿拉善左旗。项目总体规划建设200MW/800MWh汇集升压式磷酸铁梩储能系统，一次性建成。储能系统采用1175Ah电芯，由32套6.25MW/25MWh储能单元组成。2）中国电建河北院高聚（海辰）储能额济纳200MW800MWh独立储能电站项目储能系统集成设备项目位于内蒙古自治区阿拉善盟额济纳旗。项目总体规划建设200MW/800MWh汇集升压式磷酸铁梩储能系统，一次性建成。储能系统采用1175Ah电芯，由32套6.25MW/25MWh储能单元组成。3）中国电建河北院高聚（海辰）储能阿拉善高新区阿日善300MW1200MWh独立储能电站项目储能系统集成设备项目位于内蒙古自治区阿拉善盟高新区。项目总体规划建设300MW/1200MWh汇集升压式磷酸铁梩储能系统，一次性建成。储能系统采用1175Ah电芯，由48套6.25MW/25MWh储能单元组成。2、0.891-0.898元/Wh！河北沧州300MW/1200MWh独立储能电站EPC中标候选人公示8月11日，沧州集锐河间独立储能电站项目EPC总承包工程中标候选人公示。第一中标候选人为中建三局集团有限公司、河北钏诺工程勘察设计有限公司（联合体），投标报价1076439996元，折算单价0.897元/Wh；第二中标候选人为中国建筑第二工程局有限公司、河北力格电力设计有限公司（联合体），投标报价1069055483.76元，折算单价0.8909元/Wh；第三中标候选人为弘毅建设集团有限公司、济南睿能电力设计咨询有限公司（联合体），投标报价1077915366.44元，折算单价0.8983元/Wh。本工程在主变低压侧下配套建设300MW×4h储能系统，拟采用60套5MW/20MWh储能单元，每个5MW/20MWh储能单元采用4台1250kW储能变流器在交流侧直接并联后，接至1台5500kVA升压变压器低压侧，将电压升压至35kV，储能系统通过35kV储能线路接入新建220kV升压站，220kV升压站设置2台165MVA升压变，升压至220kV后接入对侧220kV章西变电站。3、1.64元/Wh！西藏林芝10MW/20MWh储能项目EPC中标结果公示！近日，大唐林芝察隅县郎堆10MW20MWh储能项目EPC总承包中标结果公示。中标人为中国建筑第二工程局有限公司&长江勘测规划设计研究有限责任公司&北京四方继保工程技术有限公司联合体，中标金额为32979777元，折算单价约1.64元/Wh。场址位于西藏自治区林芝市察隅县竹瓦根镇境内，场址中心坐标东经97°28’04.4832""，北纬28°41’55.3769""，海拔高程介于2300m-2400m之间；地块为果园地，位于变电站北侧，距离变电站约3.5km，占地约3466m2，合计5.2亩；拟选场址地形较为平坦，周围有山地环绕。本储能电站位置考虑靠近110KV竹瓦根变电站建设。建设规模10MW/20MWh。招 标 项 目0.6GW/2.4GWh！河北承德两个储能项目储能系统设备采购招标8月11日，河北交投晟承德县300MW/1200MWh储能电站项目和围场德御电网侧独立储能综合示范项目（297MW/1188MWh磷酸铁锂电池储能系统设备+3MW/12MWh 全钒液流电池储能系统设备）发布招标公告，两个项目采购规模合计0.6GW/2.4GWh。其中，1）河北交投晟德承德县300MW/1200MWh储能电站项目，建设储能系统容量300MW/1200MWh，配套建设1座220kV升压站。2）围场德御电网侧独立储能综合示范项目规划建设300WW/1200MMh值能系统，本期一次建成。储能系统采用297W/1188M1的高性能磷酸铁锂电池储能和3MW/12Mh高安全性、长循环寿命的全钒液流电池储能。配套新建一座220kV储能电站。一审：潘 望二审：王谊秀由于微信改版，关注后请点击右上角，选择“设为星标”与“置顶”，以获得最新的文章更新投稿联系电话：***********（同微信）地址：北京市西城区阜成门外四川大厦东塔楼30层官网：www.escn.com.cn 投稿邮箱：ly83518@126.com",,,,pending
今日行业动态｜山东2026年第三季度绿电直连项目申报启动,储能网,储能网,"RIOnews API, 中航锂电, 海辰储能, 海辰, 三星SDI, 磷酸铁锂, 铁锂, 储能, ESS, 储能系统, 系统集成, 储能柜, 集装箱储能, 大容量电芯, 工商业储能, 大型储能, 独立储能, PCS, 智算中心, 供电, 可靠性, 液冷, 碳酸锂, 负极材料, 隔膜, 交付, 装机, 产能, 规划产能, GWh, 生产基地, 投产, 供货协议, 战略合作, 签约, 投资, 收购, 海外, 政策, 补贴, 发布, 快充, 认证, 项目落地, 项目投运, 并网, 落地",normal,2026-08-13T13:39:26+08:00,,中国储能网讯：政策与标准1、山东2026年第三季度绿电直连项目申报启动近日，山东省能源局发布《关于组织开展2026年第三季度绿电直连项目申报的通知》。通知明确，各市能源主管部门对企业申报项目会同电网企业等部门进行审查，对建设实施方案及支撑性材料的真实性、合规性、完整性进行初审，形成初审意见，会同实施方案于9月15日前盖章报送山东省能源局（纸质版一式10份）。市级初审前项目需取得市级自然资源（海洋）、水利、生态环境、交通运输、文旅、电力等部门（单位）支持意见和军事支持意见。2、辽宁：科学发展新型储能，支持熔盐储能、氢储能等储能试点示范！近日，辽宁省发展和改革委员会、辽宁省工业和信息化厅发布《关于,http://mp.weixin.qq.com/s?__biz=MzA3MjA3MzgwNw==&mid=2651978652&idx=3&sn=5a7a4ca9d0487f8ce9114e1524b000fb,,中国储能网讯：政策与标准1、山东2026年第三季度绿电直连项目申报启动近日，山东省能源局发布《关于组织开展2026年第三季度绿电直连项目申报的通知》。通知明确，各市能源主管部门对企业申报项目会同电网企业等部门进行审查，对建设实施方案及支撑性材料的真实性、合规性、完整性进行初审，形成初审意见，会同实施方案于9月15日前盖章报送山东省能源局（纸质版一式10份）。市级初审前项目需取得市级自然资源（海洋）、水利、生态环境、交通运输、文旅、电力等部门（单位）支持意见和军事支持意见。2、辽宁：科学发展新型储能，支持熔盐储能、氢储能等储能试点示范！近日，辽宁省发展和改革委员会、辽宁省工业和信息化厅发布《关于,"中国储能网讯：政策与标准1、山东2026年第三季度绿电直连项目申报启动近日，山东省能源局发布《关于组织开展2026年第三季度绿电直连项目申报的通知》。通知明确，各市能源主管部门对企业申报项目会同电网企业等部门进行审查，对建设实施方案及支撑性材料的真实性、合规性、完整性进行初审，形成初审意见，会同实施方案于9月15日前盖章报送山东省能源局（纸质版一式10份）。市级初审前项目需取得市级自然资源（海洋）、水利、生态环境、交通运输、文旅、电力等部门（单位）支持意见和军事支持意见。2、辽宁：科学发展新型储能，支持熔盐储能、氢储能等储能试点示范！近日，辽宁省发展和改革委员会、辽宁省工业和信息化厅发布《关于支持新型能源健康发展的通知》。文中指出：科学发展新型储能。推动液流电池、压缩空气、飞轮、锂电等新型储能规模化发展，支持熔盐储能、氢储能等储能试点示范。滚动开展全省调节能力需求分析，规划建设与新型电力系统发展相匹配的新型储能电站装机规模。到2027年，全省新型储能规模达到500万千瓦以上。开展储能项目清单管理。独立新型储能项目实施清单化管理，对纳入省级项目清单且按计划投产、满足电力系统运行需求的独立新型储能电站，给予容量补偿等政策支持等。3、远景、国众能源入选，内蒙古乌海600MW/2400MWh储能电站优选结果公示8月12日，乌海市乌达区能源局关于2026年再次组织申报独立新型储能电站项目实施主体优选结果公示发布。公告显示，本次优选2个项目，单个储能电站规模300MW/1200MWh，总规模600MW/2400MWh。确定两项目开发主体分别为乌海市景元储能有限公司、乌海市国众储能有限公司。4、浙江衢州“十五五”的实施方案：统筹区域算力布局，推进算电协同发展，加快建设智算中心等项目近日浙江衢州市人民政府办公室关于印发数字衢州“十五五”实施方案的通知。内容包括统筹区域算力布局，推进算电协同发展，加快建设四省边际智算中心、浸没式液冷智算中心等项目；建设公共算力调度平台，构建算力“潮汐调度机制”，支持第三方算力标准化接入。到2030年，全市可调度算力 2000PFlops 以上；加快发展集成电路、锂电材料等数字经济制造业和工程信息技术服务、数据运营等数字经济服务业，培育壮大新型显示、智能终端等新兴产业和未来产业，推进智慧谷产业园、北航数字经济产业园、海易智慧交通产业园等数字产业园建设。海外市场动态1、SpaceX计划耗资168亿美元自建离网园区SpaceX和特斯拉于8月6日宣布对Terafab的初期168亿美元投资。两家公司概述了在格里姆斯县建设一个1亿平方英尺园区的计划。德克萨斯州的激励申报文件描述了一个四阶段项目，潜在投资高达1190亿美元。该县6月3日将该场地指定为再投资区的命令将该开发项目描述为包括半导体制造厂、人工智能设施和一座发电厂。该县协议还提到了“电池储能项目”，使现场发电和储能成为规划基础设施的一部分。这将使SpaceX负责通常由电网提供的基础设施，包括发电、备用容量、电压和频率控制、储能以及恢复。2、三星SDI收购与通用合资动力电池工厂 用于生产储能电池8月11日，三星SDI宣布与通用汽车达成协议，共同开发下一代电动汽车电池，以应用于未来的电动汽车项目。根据协议，双方将共同开发具备高能量密度和快充能力的方型电池。新协议的签署标志着三星SDI与通用汽车在电动化未来承诺上的合作伙伴关系进一步深化。此外，三星SDI已收购通用汽车持有的双方合资企业SynergyCells 49.99%的股份。该合资公司此前成立于印第安纳州纽卡斯尔。由于电动汽车需求增速不及预期，三星SDI与通用汽车已决定探索除合资以外的其他合作形式。通过此次股权收购，三星SDI在北美建立了首个独立运营的电池生产基地，并计划将该工厂用于生产应用于多领域的创新电池。该电池工厂目前正在建设中。建成投产后，三星SDI将率先利用该工厂生产储能系统（ESS）电池，以快速响应美国储能市场的迅猛增长。未来，该工厂也可能生产与通用汽车联合开发的方型电池。3、Zenobē公司收购SDP Energie公司，计划部署1.75GW储能项目日前，英国电池储能系统和电动汽车充电商Zenobē公司通过收购总部位于巴伐利亚的电池储能系统开发商SDP Energie公司从而进入德国储能市场。该交易于7月27日对外宣布，根据协议，Zenobē公司将承担SDP Energie公司和计划在德国部署六个电网规模电池储能系统，总装机容量为1.75GW。该公司拥有更广泛的开发管道，总计4GW。此次合作将SDP Energie公司对德国监管环境和电网基础设施的专业知识与Zenobē公司在英国运营大规模电池储能系统方面的专业知识相结合。4、全球最大沙电池正式投入运行近日，由本土科技初创企业Polar Night Energy研发、区域供热企业Loviisan Lämpö主导建设的全球最大商用沙电池系统，在芬兰南部Pornainen正式并网投运。该系统采用革新性高温储热技术，储能规模达100MWh（热能），是目前全球已投运规模最大的沙基长时储能设施。依托低成本、无稀土依赖、超长周期储热等核心优势，该项目为破解风电、光伏等可再生能源的间歇性难题提供了切实可行的新型解决方案。5、西班牙4.3亿欧元补贴落地，配套储能2.32GWh8月4日消息，据外媒报道，西班牙生态转型与人口挑战部（MITECO）于8月4日公布创新可再生能源与储能激励计划RENOINN2第二轮最终补贴名单，本轮合计向524个创新项目发放4.3亿欧元补贴。官方数据显示，本次入选项目将新增可再生能源装机约1.23GW，配套储能规模约2.32GWh，与首届相比，储能容量增长了8倍。从地域分布看，加泰罗尼亚以189个项目居首位，瓦伦西亚大区69个，埃斯特雷马杜拉、安达卢西亚各19个，项目广泛分布于西班牙全境。原材料市场动态1、钛能化学新建60万吨磷酸铁项目钛能化学8月11日宣布，拟通过全资子公司甘肃东方钛业有限公司投建年产60万吨（磷酸铁锂/磷酸铁钠）前驱体（磷酸铁）项目。项目位于甘肃省白银市白银高新区，总投资初步预估为54.62亿元。项目采用分期建设模式，其中一期规划产能40万吨，将自开工之日起18个月内完成建设并投入使用；二期规划产能20万吨，将结合一期投产情况与后续市场变化，审慎决定是否建设、投资建设进度以及实施节奏。2、湖南年产4万吨碳酸锂项目新进展近日，湖南大中赫锂矿有限责任公司年产20GWh储能电池及配套电池新材料建设项目（一期）（重大变更）环境影响评价，在郴州日报进行公示。公示信息显示，该项目位于临武产业开发区，占地面积174061.52‬m2，建设年产40000吨碳酸锂、10000吨硫酸铷、207848吨硫酸钾、78072吨氢氟酸（40%）、40993吨氟硅酸钠生产线1条及配套仓储、辅助、环保工程等。3、3.6万吨六氟磷酸锂项目落地河南焦作市生态环境局8月11日消息，多氟多新材料股份有限公司年产3.6万吨动力锂电池关键材料项目环境影响报告书获批复。项目位于中站区焦作经济技术开发区，在多氟多新材料股份有限公司现有厂区内进行建设。对现有六氟磷酸锂生产线制气工段、五氟化磷精馏进行升级改造，建设年产3.6万吨动力锂电池关键材料生产线及配套设施。建成后实现年产3.6万吨晶体六氟磷酸锂，副产31%盐酸和38%氢氟酸。4、美联新材安徽美芯实现聚凝胶半固态隔膜供货，加码高端隔膜市场近日，美联新材总经理易东生对外披露隔膜业务最新动态，旗下安徽美芯聚凝胶半固态隔膜已对固态电池企业实现批量供货，伴随产线重启建设完成，企业将进一步开拓多场景高附加值隔膜市场。据了解，安徽美芯从 2025 年启动聚凝胶半固态隔膜的研发与技术储备，2026 年已按 100 万㎡/ 月规模向固态电池企业供货。聚凝胶隔膜适配半固态、固态电池技术路线，是锂电隔膜面向下一代电池的重要技术方向。产线层面，一期二阶段第 5、6 号基膜线及配套涂覆生产线已完成重启建设。项目投用后，公司将优化产品结构，依托产线工艺优势，重点拓展无人机、数码、机器人等领域的高附加值隔膜产品，挖掘细分赛道增量空间。5、5亿元！广东年产15万吨纳米硬碳材料建设项目二期动工8月10日，广东域锦实业有限公司纳米硬碳材料建设项目（二期）动工仪式顺利举行。据悉，该项目总投资约5亿元，用地面积约23亩，主要生产纳米硬碳材料，产品可以满足国内钠离子电池厂家产品向高端化和进口替代的需要。项目建成后预计年产值约3亿元，将有效带动广东省江门市新会区区域就业增收、完善产业链条。据项目此前备案信息，广东域锦实业有限公司纳米硬碳材料建设项目主要生产设备为：5条均质混合线、5条包覆线、5条筛分线、粉碎机、球磨机、喷雾干燥机、保护气氛反应炉等生产设备。项目主要产品为硬碳负极材料，年产量为15万吨/年。储能项目动态1、200MW/800MWh！中节能风电成功获得苏尼特右旗地区首个新型独立储能电站项目近日，中节能风电成功优选竞争获批锡林郭勒盟苏尼特右旗200MW/800MWh独立新型储能电站项目，这是继乌兰察布市察右前旗200MW/800MWh项目正式商业投运后，在内蒙古地区战略布局的又一独立储能电站项目，为中节能风电全面布局内蒙古地区新型储能业务新赛道迈出关键一步。2、吉西鲁固直流通榆100MW光热项目预计今年9月投产全球纬度最高的两个塔式熔盐光热发电项目之一——吉西基地鲁固直流140万千瓦外送项目1单元（光热100MW）建设取得重要进展，预计今年9月在通榆县正式投产。作为高纬度地区光热发电的标杆工程，该项目充分利用风电、光伏富余电力加热熔盐实现储能，有效平抑新能源发电的出力波动，为区域电力系统稳定运行提供可靠的调峰、调频支撑，大幅提升了新能源消纳能力与电网供电可靠性。项目每年发电量约1.7亿千瓦时，可节约标准煤约5万吨，减少二氧化碳排放约15万吨，大幅降低区域化石能源消耗与碳排放总量，助力区域能源结构加速向绿色低碳转型，为“双碳”目标落地提供坚实助力。3、新疆博州熔盐塔式光热发电项目并网近期，位于博尔塔拉蒙古自治州（以下简称：博州）的熔盐塔式10万千瓦太阳能光热发电项目送电成功、并网发电。 该项目为博州首个光热发电项目，在发挥光热储能方面具备调峰优势。项目投运，补齐了新能源多元发展的重要一环，推动地区构建多能互补的新型新能源供给体系。该项目坐落于博乐市达勒特镇戈壁，由中核集团2023年9月开工建设，采用熔盐塔式光热电站技术，装机10万千瓦，配套建设90万千瓦光伏电站。13402面定日镜追光聚热，在220米吸热塔形成565℃高温，换热产生550℃蒸汽驱动机组，储存热量可跨时段调配，实现全天候稳定供电。4、100MW/200MWh！浙江湖州独立储能项目获备案8月11日，浙江湖州100MW/200MWh独立储能项目获备案。该项目建设地点在浙江省湖州市南浔区双林镇芙蓉仕林村，项目单位为湖州南浔强村富民发展集团有限公司。本项目总投资21106.80万元，项目无分期实施计划，项目主要是新建1座100MW/200MWh储能电站，配套建设1座110kV升压站。项目拟开工时间为2026年12月，拟建成时间为2027年6月。5、江苏首个“一建多用”光储充冷乡村微电网示范项目在南通投运近日，江苏首个“一建多用”光储充冷乡村微电网示范项目在南通市通州区东平村果蔬加工基地建成投运。今年7月，东平村成为国家能源局现代化用电营商环境“三个一批”建设和村镇微能网建设在江苏首个试点村。光储充冷乡村微电网示范项目在该基地冷库和车棚屋顶共安装超过3000平方米的光伏发电板，装机容量分别为220千瓦和60千瓦，并在大棚之间建设了装机容量300千瓦的光伏连廊。项目还在该基地建成车棚充电站，一期配置14个充电桩，其中2个充电桩最大单枪功率1500千瓦，可同时满足2辆新能源重卡快充需求。充电站安装了280千瓦/620千瓦时的储能柜和车网互动装置，可参与电网柔性调节。企业动态1、冠隆电力强势亮相CIES 2026，“微网赋能・储领未来”专场会议圆满收官8月10日，第十六届中国国际储能大会（CIES 2026）以“源网荷储 算电协同”为主题在杭州洲际酒店隆重开幕。冠隆电力重磅亮相本次行业盛会，携手中国储能网联合主办的“微网赋能・储领未来”专场会议圆满落幕。专场会议汇聚国网电科院、行业协会、国际机构与产业链龙头企业权威专家，共同围绕微电网与储能技术前沿展开深度分享。8月9日上午，张海波董事长受邀出席闭门研讨会并指出，针对全球储能贸易格局变化、美国、欧盟、日本等核心市场相继出台限制性政策，单纯整机出口模式难以为继。产业破局应当以构网型PCS等底层核心技术对冲行政壁垒；依托海外合资、属地化认证实现曲线入场；同时积极开拓东南亚、中东、拉美新兴市场，分散单一区域地缘风险。2、海辰储能斩获澳大利亚421MWh大型储能项目 携手GPG深耕澳洲新能源市场8月12日，海辰储能正式与西班牙国家燃气集团（NATURGY Group）旗下国际可再生能源发电企业环球电力集团（Global Power Generation, GPG）达成合作，签署电池储能系统供货协议，将为澳大利亚昆士兰州弗雷泽海岸（Fraser Coast）项目提供总规模421MWh的储能系统，助力澳洲电网升级与新能源高效消纳。此次合作以全场景一体化储能解决方案为核心交付模式，覆盖从系统设计、设备制造、项目交付到并网运维等全生命周期，是海辰储能在澳洲大型电网级储能领域的首个标杆项目。3、天正与思格新能源战略签约近日，天正电气与思格新能源在上海举行全面战略合作签约仪式，正式建立长期、稳定、互惠的战略合作伙伴关系。签约后，双方围绕光储系统集成、产品技术协同、应用场景拓展及产业生态共建等关键议题展开深入座谈，明确以“双向赋能、融合发展”为合作主线。根据协议，双方将互为战略伙伴，在品牌联合推广、整体解决方案协同输出、行业资源与项目信息共享等方面深度协作；共同提升光伏与储能核心产品的市场覆盖广度与渗透深度，加速推动光储一体化项目在海内外市场的规模化落地；携手构建开放、协同、共赢的新能源产业新生态。4、力高新能子品牌AlpSolarr面向海外发布工商业储能新品矩阵，加速标准化产品与场景化解决方案布局8月10日，力高新能子品牌 AlpSolarr 举办线上新品发布会，正式面向海外市场发布新一代工商业储能产品矩阵。此次发布涵盖 ATLAS 系列工商业储能新品、FlexCube 移动混合供电储能系统、FlexStack 室内模块化储能平台及 PowerGoo 便携储能系列，进一步完善其工商业储能产品布局，为全球客户提供更加高效、安全、智能的智慧能源解决方案。5、1.56MW/3.13MWh！高泰昊能分布式集装箱储能项目成功交付近日，高泰昊能1.56MW/3.13MWh分布式集装箱储能港口项目顺利完成交付。该项目作为港口场景""光伏+储能""深度融合的典范，通过创新的防逆流智能控制策略与高度集成的模块化设计，为港口物流等高耗能行业实现绿色能源转型提供了可复制、可推广的技术解决方案。该项目所在港口作为区域重要的物流枢纽，近年来大力推进分布式光伏建设，但光伏发电与港口装卸作业负荷波动大、时段错配等问题突出，导致""弃光""现象频发，制约了新能源利用效率。高泰昊能深入调研港口用能特性，量身定制了以""自发自用、防逆流保护""为核心的智能充放电策略。6、中航锂电洛阳3.5GWh产线开线即满产据顶端洛阳消息，8月10日，中航锂电（洛阳）有限公司3.5GWh电池模组生产线于今年6月顺利投用，目前已是开线即满产。数据显示，同等规格产品下，新线日产能由原先的60套跃升至80套。目前，该线主要生产新能源商用车电池模组，成功配套中国重汽、奇瑞商用车等行业龙头。产能动态1、博时储能宣布587Ah电芯PACK下线近日，博时储能宣布其587Ah电芯PACK产线顺利贯通，首套产品正式下线。587Ah电芯PACK产线首套产品下线8月11日，博时储能宣布其嘉善智造基地产能布局再迎新节点，专为大容量长时储能赛道打造的587Ah电芯专用PACK自动化产线完成全线安装调试，顺利实现贯通。据了解，该产线是在现有多条成熟PACK产线稳定运行基础上的定向扩容，其配置全套自动化生产工序、多轴工业机械臂、智能AGV物料输送系统与数字化中控平台，可实现生产全流程参数实时监控、品质数据全程追溯，以高自动化、高数字化的硬件配置适配大容量电芯的高精度生产要求。一审：潘 望二审：王谊秀由于微信改版，关注后请点击右上角，选择“设为星标”与“置顶”，以获得最新的文章更新投稿联系电话：***********（同微信）地址：北京市西城区阜成门外四川大厦东塔楼30层官网：www.escn.com.cn 投稿邮箱：ly83518@126.com",,,,pending
预成交｜中石化大连院2026年实验装置（液流电池电堆测试系统）询比采购预成交公示,全球液流电池储能,全球液流电池储能,"RIOnews API, 长时储能, 液流电池, 产品发布, 发布, 官宣",normal,2026-08-13T13:30:00+08:00,,一、项目名称：大连院2026年实验装置（液流电池电堆测试系统）二、采购公告/邀请书编号：XB20260807-1000-03713三、公示内容:序号供应商名称候选供应商成交总金额（元）1大连森阳氢能源科技有限公司预成交供应商74000.0物料1:液流电池电堆测试系统\15-45℃ 2×20L序号供应商名称候选供应商已报物料交货时间1大连森阳氢能源科技有限公司预成交供应商1/12026-12-012杭州海裕宝堃科技有限公司备选供应商1/12026-12-01四、公示时间：2026-08-12 10:31-2026-08-15 10:31五、业务联系信息：联系人:刘伟单位:中石化（大连）石油化工研,http://mp.weixin.qq.com/s?__biz=Mzg3NjcyNzE4Nw==&mid=2247577737&idx=1&sn=67123a6beb4d03349979ccab6ad16992,,一、项目名称：大连院2026年实验装置（液流电池电堆测试系统）二、采购公告/邀请书编号：XB20260807-1000-03713三、公示内容:序号供应商名称候选供应商成交总金额（元）1大连森阳氢能源科技有限公司预成交供应商74000.0物料1:液流电池电堆测试系统\15-45℃ 2×20L序号供应商名称候选供应商已报物料交货时间1大连森阳氢能源科技有限公司预成交供应商1/12026-12-012杭州海裕宝堃科技有限公司备选供应商1/12026-12-01四、公示时间：2026-08-12 10:31-2026-08-15 10:31五、业务联系信息：联系人:刘伟单位:中石化（大连）石油化工研,一、项目名称：大连院2026年实验装置（液流电池电堆测试系统）二、采购公告/邀请书编号：XB20260807-1000-03713三、公示内容:序号供应商名称候选供应商成交总金额（元）1大连森阳氢能源科技有限公司预成交供应商74000.0物料1:液流电池电堆测试系统\15-45℃ 2×20L序号供应商名称候选供应商已报物料交货时间1大连森阳氢能源科技有限公司预成交供应商1/12026-12-012杭州海裕宝堃科技有限公司备选供应商1/12026-12-01四、公示时间：2026-08-12 10:31-2026-08-15 10:31五、业务联系信息：联系人:刘伟单位:中石化（大连）石油化工研究院有限公司联系电话:0411-39699066邮箱:lwei.fshy@sinopec.com六、监督联系信息：联系人:周艳红单位:中石化（大连）石油化工研究院有限公司联系电话:0411-39699775邮箱:zhouyanhong.fshy@sinopec.com中石化（大连）石油化工研究院有限公司2026-08-12休息一下，看个广告延伸阅读：招标｜中石化大连院2026年实验装置（液流电池电堆测试系统）采购公告CFE2026第七届中国液流电池储能大会议程（8月10日更新）近期热点及活动1、7.6GWh！含11个全钒液流，云南发改委、能源局发布2026年共享储能项目清单2、官宣定档！朝圣之旅，9月17-18日CFE2026第七届中国液流电池储能大会相约大连！参展、演讲、参会报名正式启动！3、AI的尽头是储能与电力！CFE2026第六届中国液流电池储能大会圆满落幕，新型储能“转正”从电力“配角”到六大新兴支柱产业进阶4、突破迎关键临界点！全球旗舰盛会—CFE2025第五届中国液流电池储能大会暨2024-2025年度液流品牌颁奖盛典圆满落幕5、获奖名单及终版议程发布！CFE2025第五届中国液流电池储能大会暨品牌颁奖盛典9月19-20日武汉盛大召开6、共筑全产业链生态繁荣！全球风向—CFE2025第四届中国液流电池储能大会、中国液流电池青年科学家论坛圆满落幕7、晚宴名单、参会总名单、终版议程发布｜CFE2025第四届中国液流电池储能大会3月3日盛大开幕8、全国首个！四川出台钒电池储能产业专项政策每月6日活动日，群内成员全开放1天预成交｜中石化大连院2026年实验装置（液流电池电堆测试系统）询比采购预成交公示,,,,pending
南京大学段春迎教授Angew：金属有机框架！实现超宽范围合成气比例精准调控,电催化科研社,电催化科研社,"RIOnews API, 电化学合成, 电催化, CO₂还原, 学术研究, 大学, 教授",normal,2026-08-13T12:31:08+08:00,,一、研究背景电化学二氧化碳还原制备高附加值化学品与燃料，被普遍认为是助力碳中和目标实现的极具前景的路径，该技术将可再生电力与碳循环、环境修复深度耦合，有望替代传统非可再生的煤气化、天然气重整工艺，通过被广泛验证的费托合成路径，直接将CO₂和水转化为合成气（CO和H₂）来制备合成燃料。但长期以来，合成气比例的精准调控是化工生产领域长期未能妥善解决的关键挑战：为了优化下游目标产物的合成效率、选择性与经济性，工业场景对合成气的CO/H₂比例有着差异化的定制需求，而传统电催化调控合成气生产的策略，始终依赖改变施加电位、调整催化剂组分、更换电解质条件这几种手段，这种在固定催化剂组分的前提下追求可变CO/,http://mp.weixin.qq.com/s?__biz=MzI4MTE2MjIxOQ==&mid=2650306068&idx=1&sn=48772e0cf0ebbaab2ef989df2cb33575,,一、研究背景电化学二氧化碳还原制备高附加值化学品与燃料，被普遍认为是助力碳中和目标实现的极具前景的路径，该技术将可再生电力与碳循环、环境修复深度耦合，有望替代传统非可再生的煤气化、天然气重整工艺，通过被广泛验证的费托合成路径，直接将CO₂和水转化为合成气（CO和H₂）来制备合成燃料。但长期以来，合成气比例的精准调控是化工生产领域长期未能妥善解决的关键挑战：为了优化下游目标产物的合成效率、选择性与经济性，工业场景对合成气的CO/H₂比例有着差异化的定制需求，而传统电催化调控合成气生产的策略，始终依赖改变施加电位、调整催化剂组分、更换电解质条件这几种手段，这种在固定催化剂组分的前提下追求可变CO/,"一、研究背景电化学二氧化碳还原制备高附加值化学品与燃料，被普遍认为是助力碳中和目标实现的极具前景的路径，该技术将可再生电力与碳循环、环境修复深度耦合，有望替代传统非可再生的煤气化、天然气重整工艺，通过被广泛验证的费托合成路径，直接将CO₂和水转化为合成气（CO和H₂）来制备合成燃料。但长期以来，合成气比例的精准调控是化工生产领域长期未能妥善解决的关键挑战：为了优化下游目标产物的合成效率、选择性与经济性，工业场景对合成气的CO/H₂比例有着差异化的定制需求，而传统电催化调控合成气生产的策略，始终依赖改变施加电位、调整催化剂组分、更换电解质条件这几种手段，这种在固定催化剂组分的前提下追求可变CO/H₂比例的固有矛盾，从根本上限制了活性位点对H₂O或CO₂的选择性活化，难以实现合成气比例的连续宽幅可调。针对这一痛点，逐步进行的超分子组装策略提供了分阶段解决问题的思路，可实现对催化位点及相关微环境的定向修饰，而金属有机框架（MOFs）凭借明确的结构组成、规整的孔道结构，可将功能构筑单元精准放置在配位聚合物的特定位点，协同提升催化循环效率。研究团队提出，将具有氧化还原活性的发散性Cu-S簇引入MOFs，即可形成具有不同氧化还原微环境的孔道，分别适配CO₂还原和水还原的不同需求，再借助长链铵表面活性剂对催化剂界面微环境的调控作用，精准改变表面电子结构与局域静电场，最终实现对CO₂和H₂O还原过程的精准平衡，定向调控合成气比例。二、研究内容该研究首先采用对称性破缺策略，先合成对称的氨基硫脲配位Cu₆S₆簇，再向其中引入Cu(I)，成功构筑出同时包含Cu₆S₆对称簇与对称性更低的Cu₈S₆簇的新型簇基配位框架Cu₆S₆-Cu(I)，两种簇的比例为1:2，框架内部形成了两类结构分明的孔道：孔1由3个Cu₆S₆簇和5个Cu₈S₆簇构成，孔2则由2个Cu₆S₆簇和6个Cu₈S₆簇构成，其中正电荷密度更高的孔2专门用于封装阴离子，最终该框架的CO₂吸附容量可达30.5 cm³/g，热稳定性优异，Cu₆S₆骨架在178.6℃才开始分解，Cu₆S₆-Cu(I)骨架的分解温度更是高达200.7℃，完全可以满足室温电催化的使用需求。在电催化性能测试中，该框架展现出了非常亮眼的催化活性与可调控性：未添加表面活性剂时，Cu₆S₆-Cu(I)在-1.5 V vs. Ag/AgCl电位下，电催化过程以析氢为主，仅产生微量CO，对应的CO法拉第效率极低，CO与H₂的法拉第效率比值仅为0.04。通过引入不同烷基链长度的季铵盐表面活性剂，可以精准调控两类还原反应的比例：随着表面活性剂疏水烷基链不断增长，长链烷基的疏水作用会大幅降低孔道内的局域质子来源，有效抑制竞争的析氢反应，同时强化CO₂还原过程，最终实现了跨度极大的合成气比例调控，CO/H₂比例的调节范围覆盖0.01至4.31的超宽区间。当使用长烷基链的十六烷基三甲基溴化铵（CTAB）作为修饰剂时，体系的CO法拉第效率大幅提升至80%，CO产率从无表面活性剂时的0.11 mL·h⁻¹升至1.75 mL·h⁻¹，继续更换为链长更长的十八烷基三甲基溴化铵（STAB）时，CO法拉第效率可进一步达到82%，对应的CO/H₂比例为4.52。体系的稳定性也十分优异：在-1.5 V vs. Ag/AgCl的电位下连续运行10小时，Cu₆S₆-Cu(I)的电流密度始终保持稳定，CO法拉第效率基本维持在80%，CO/H₂比例全程稳定在4.12左右，催化完成后材料的Cu价态依然保持为一价，局部配位环境也未发生明显改变，完全避免了催化剂分解为Cu₂O或Cu颗粒的情况出现。借助不同表面活性剂修饰的电催化对比可以发现，当烷基链长度达到十二烷基对应的临界长度后，CO法拉第效率和CO/H₂比例才会出现突变式提升，同时催化剂的电化学双电层电容从无修饰的状态，提升到使用CTAB时的4.92 mF·cm⁻²，继续更换为STAB仅小幅提升至5.04 mF·cm⁻²，电荷转移电阻也随着表面活性剂烷基链的延长逐步降低，证明长链表面活性剂成功占据了框架的空腔，置换出了原本被溶剂分子部分屏蔽的大量催化活性位点。三、工作创新点这项研究的核心突破完全跳出了过往合成气调控的传统路径：第一，首次通过分步组装策略成功构建出同时含有对称Cu₆S₆簇和不对称Cu₈S₆簇的新型簇基金属有机框架，利用两种不同簇的特性自发形成了两类环境完全不同的孔道，分别选择性容纳阳离子型季铵表面活性剂及其阴离子反离子，巧妙实现了表面活性剂阴阳离子在框架内部的定向分区封装，为后续精准调控催化微环境提供了结构基础。第二，创新性利用超分子主客体作用实现合成气比例的宽范围调控，不同于以往改变电位、催化剂组分的调控方式，该方法仅通过改变封装进孔道的表面活性剂的烷基链长度，即可在不改变催化剂本体组分的前提下，实现CO/H₂比例从0.01到4.31的超宽范围连续可调，还可结合表面活性剂浓度、施加电位进行二次精细校准，大幅拓宽了可适配下游不同工艺需求的合成气比例窗口。第三，研究团队通过共结晶手段成功解析了短链表面活性剂在框架孔道内的精确分布，结合多种光谱表征深度阐明了表面活性剂与催化位点之间的构效关系，直接证实了长烷基链表面活性剂可以将孤立水分子从MOF的疏水孔道中排出，在孔道内部构建出稳定的局域疏水环境，同时形成有序排列的表面活性剂分子层构建稳定局域电场，在有效抑制质子还原的同时强化CO₂还原，为通过超分子路径理性调控电催化反应路径提供了全新的研究思路。原文信息B. Ding, J. Cai, P. Wang, S. Guo, and C. Duan, Modifying Surfactants Within Divergent Pores of Cluster-Based Metal-Organic Frameworks for Syngas Electrosynthesis, Angewandte Chemie International Edition. (2026): e3694976. https://doi.org/10.1002/anie.3694976声明：本文内容用于科研进展分享，详细内容请参考原文，如有侵权，请联系后台小编删除。南京大学段春迎教授Angew：金属有机框架！实现超宽范围合成气比例精准调控",,,,pending
宁夏师范学院Angew:打破d-π共轭的不对称Fe-Cu双原子助力CO₂电还原：自旋调控新策略实现超高性能催化,电催化科研社,电催化科研社,"RIOnews API, 电化学合成, 电催化, CO₂还原",normal,2026-08-13T12:31:08+08:00,,一、研究背景电化学CO₂还原（eCO₂RR）将CO₂转化为碳中和燃料，是搭建人工闭合碳循环、助力“双碳”目标落地的极具前景的技术路径，近年来受到全球科研领域的广泛关注。在已开发的各类eCO₂RR催化剂中，氮掺杂碳负载过渡金属（Fe、Co、Ni、Cu等）双单原子催化剂（DSACs）凭借独特的双活性位点优势脱颖而出，尤其是异质双单原子位点（DSAS），不仅可以暴露更多反应位点，更能融合两种异质单原子各自的性能优势，成为当前电催化领域的研究热点。但传统的对称平面四氮配位双单原子催化剂存在难以突破的性能瓶颈：在氮掺杂碳框架中，金属原子与氮碳原子处于共平面结构，受对称D₄h电子分布的影响，原子轨道呈平行,http://mp.weixin.qq.com/s?__biz=MzI4MTE2MjIxOQ==&mid=2650306068&idx=3&sn=48e112490cf5088190a59ec24979e5d2,,一、研究背景电化学CO₂还原（eCO₂RR）将CO₂转化为碳中和燃料，是搭建人工闭合碳循环、助力“双碳”目标落地的极具前景的技术路径，近年来受到全球科研领域的广泛关注。在已开发的各类eCO₂RR催化剂中，氮掺杂碳负载过渡金属（Fe、Co、Ni、Cu等）双单原子催化剂（DSACs）凭借独特的双活性位点优势脱颖而出，尤其是异质双单原子位点（DSAS），不仅可以暴露更多反应位点，更能融合两种异质单原子各自的性能优势，成为当前电催化领域的研究热点。但传统的对称平面四氮配位双单原子催化剂存在难以突破的性能瓶颈：在氮掺杂碳框架中，金属原子与氮碳原子处于共平面结构，受对称D₄h电子分布的影响，原子轨道呈平行,"一、研究背景电化学CO₂还原（eCO₂RR）将CO₂转化为碳中和燃料，是搭建人工闭合碳循环、助力“双碳”目标落地的极具前景的技术路径，近年来受到全球科研领域的广泛关注。在已开发的各类eCO₂RR催化剂中，氮掺杂碳负载过渡金属（Fe、Co、Ni、Cu等）双单原子催化剂（DSACs）凭借独特的双活性位点优势脱颖而出，尤其是异质双单原子位点（DSAS），不仅可以暴露更多反应位点，更能融合两种异质单原子各自的性能优势，成为当前电催化领域的研究热点。但传统的对称平面四氮配位双单原子催化剂存在难以突破的性能瓶颈：在氮掺杂碳框架中，金属原子与氮碳原子处于共平面结构，受对称D₄h电子分布的影响，原子轨道呈平行排布，极易形成d–π共轭效应。这类由平行轨道共同构成的延伸π键会牢牢限制金属中心的轨道与电子，大幅降低金属位点的电子转移效率，最终劣化CO₂电还原的催化性能。如何精准打破这种平面共轭的电子束缚，实现双单原子位点电子结构的定向调控，成为进一步提升这类催化剂本征活性的关键挑战。近年来的前沿研究证实，在金属活性中心轴向引入异原子配位，是调控过渡金属自旋极化、破坏d–π共轭的有效手段。过渡金属本身拥有可变的3d电子，其自旋轨道可以高效向CO₂及反应中间体的最低未占分子轨道转移电子，具备天然的eCO₂RR催化潜力。其中Fe元素拥有丰富可变的电子自旋态，Cu元素用于eCO₂RR时产物多样性极高，二者分别构筑的单原子催化剂（Cu–N–C、Fe–N–C）此前在CO₂电还原领域已经展现出极高的研究价值。常规的Fe–N₄活性位点处于典型的四方平面晶体场环境、具备D₄h局域对称性，五重简并的d轨道会分裂为单简并的dxy、dz²、dx²-y₂能带，以及二重简并的d–π能带（dxz、dyz），始终受限于平面d–π共轭的电子束缚，无法充分发挥高自旋态的催化优势。在此研究背景下，开发新型轴向配位策略实现双单原子位点的精准自旋极化调控，成为破解eCO₂RR催化剂性能瓶颈的重要突破口。二、研究内容本研究开发了轴向生长结合Cu/ZIF-8模板化的合成策略，成功制备出锚定FeCu双单位点的空心双层氮掺杂碳双单原子催化剂（命名为HFeCu–N–C DSACs），其金属活性位点总含量高达1.0 wt%，其中Cu的质量负载为0.42 wt%，Fe的质量负载为0.58 wt%，通过一系列表征和理论计算系统验证了其结构与催化性能：微观结构精准表征‌：制备的催化剂完美保留立方空心双层形貌，壳层厚度约50 nm，内部空腔尺寸约130 nm，介孔孔径集中在4.074 nm，可为CO₂与反应中间体的传质提供充足通道。AC-HAADF-STEM表征证实FeCu双单原子对的原子间距约为2.09 Å，与轴向分布的FeCu双位点理论模型计算值2.05 Å高度吻合，证实催化剂成功构筑了非共面的双单原子对结构。XAFS测试结果显示HFeCu–N–C DSACs中Cu–N配位数为3.9，Fe–N配位数为4.7，直接证明Fe位点形成了轴向N桥键配位的N–Fe–N₅五配位结构，而Cu位点仍保持传统Cu–N₄平面四配位构型。电催化CO₂还原活性表现‌：在1.0 M KOH电解液的流动池体系中开展的性能测试显示，HFeCu–N–C DSACs的eCO₂RR电流密度显著高于单组分的HFe–N–C SACs和HCu–N–C SACs，同时其电荷转移阻抗更小，界面电子转移动力学更优，Tafel斜率仅为45.2 mV dec⁻¹，远低于HFe–N–C的61.9 mV dec⁻¹和HCu–N–C的75.2 mV dec⁻¹。催化剂在−0.5 V（相对于可逆氢电极）电位下，CO产物的法拉第效率高达99.32%，显著优于同电位下HFe–N–C的86.25%和HCu–N–C的37.56%；更可在−0.4 V至−0.9 V（相对于可逆氢电极）的宽电位窗口内，保持CO法拉第效率高于90%。在−0.9 V（相对于可逆氢电极）电位下，其生成CO的周转频率（TOF）可达33161 h⁻¹，催化本征活性极为突出。稳定性与可靠性验证‌：在−0.7 V（相对于可逆氢电极）的电位下开展长达60 h的稳定性测试，催化剂始终维持约-120 mA cm⁻²的稳定电流密度，且全程CO法拉第效率保持在97%以上，展现出远超多数已报道同类催化剂的长期耐久性。反应后的系列表征证实，催化剂的晶相结构、金属价态、金属-N配位环境与原子分散状态均未发生明显破坏，也无金属纳米颗粒生成，结构稳定性极强。同位素13CO₂还原实验的GC-MS结果明确证实，催化生成的CO产物全部来自于通入的CO₂底物，不存在碳基杂质的干扰，进一步验证了反应路径的可靠性。自旋调控机制深度解析‌：实验结果与DFT计算共同证实，轴向N桥键破坏了Fe位点的平面d–π共轭结构，结合相邻Cu–N₄位点的Jahn-Teller效应，驱动Fe位点从低自旋态（电子排布为↓↑, ↓↑, ↑, _, _）向高自旋态（电子排布为↑, ↑, ↑, ↑, ↑）转变。磁性能测试得到HFeCu–N–C DSACs的有效磁矩约为5.96，对应自旋极化值为5，远高于HFe–N–C的1.37（自旋极化值约1）与HCu–N–C的0.93，直接证实了高自旋态的形成。高自旋带来的dz²、dxz、dyz轨道未成对电子占比提升，可高效填充CO₂与关键中间体COOH的π轨道，大幅降低*COOH生成的决速步能垒至0.33 eV，远低于HCu–N–C的1.64 eV、HFe–N–C的0.90 eV，从本质上加速了CO₂的活化与转化过程。三、工作创新点该研究突破了传统平面双单原子催化剂的性能瓶颈，首次提出了轴向N桥键精准调控Fe 3d轨道自旋极化的全新策略：通过在空心双层结构中构筑非共面的N–Fe–N₅与相邻Cu–N₄不对称双单原子位点，既破坏了原有的Fe–N–C表面d–π共轭结构，解除了平面共轭对金属中心电子的强束缚，又利用相邻Cu位点的辅助作用诱导Fe位点实现低自旋到高自旋的可控转变，充分发挥高自旋轨道对CO₂反应中间体的高效活化能力，最终实现了CO₂电还原性能的阶跃式提升。不同于以往通过改变金属种类、调整配位原子的常规改性思路，该工作从轨道自旋尺度切入建立了定向调控双单原子位点电子结构的普适性方法，为整个单原子电催化体系的性能优化提供了全新的研究思路。原文信息J. Wei, X. Yang, and W. Kang, et al., Axial N Disrupt d–π Conjugation of Asymmetric Fe─Cu Dual-Atom Enhances CO2 Electroreduction,, Angewandte Chemie International Edition (2026): e1880625, https://doi.org/10.1002/anie.1880625.声明：本文内容用于科研进展分享，详细内容请参考原文，如有侵权，请联系后台小编删除。宁夏师范学院Angew:打破d-π共轭的不对称Fe-Cu双原子助力CO₂电还原：自旋调控新策略实现超高性能催化",,,,pending
卫蓝新能源三位创始人十年心声,锂想生活,锂想生活,"RIOnews API, 新材料, 碳, 高比能, 硅, 凝聚态电池, 前沿表征, 原位, 固态电池, 合作进展, 投资, 合作, 学术研究, 教授, 科学院, 研究所, 比亚迪, 宁德时代, 4680, 刀片电池, 储能, 280Ah, CTP, 负极材料, 交付, 发布, 实验室",normal,2026-08-13T12:14:33+08:00,,"2026年8月11日，卫蓝新能源迎来成立十周年。在这一重要时刻，公司三位创始人—陈立泉院士、李泓研究员、俞会根董事长，共同录制纪念视频，回溯创业历程，并向所有同行者致以诚挚谢意。陈立泉院士卫蓝新能源创始人、技术带头人；中国工程院院士；中国科学院物理研究所研究员；被誉为“中国锂电之父”，开创了中国固态电池离子学研究，为中国锂电池从无到有、从跟跑到领跑作出奠基性贡献。在2026年7月全国科技大会上，陈院士荣获“国家最高科学技术奖”。""50年前我在德国马普所看到一块扣子大小的氮化锂晶体。德国朋友告诉我，这种材料可以用来做电池开汽车。""""我脑子里第一个念头，就是这东西对缺油少气的中国太重要了。我当即写",http://mp.weixin.qq.com/s?__biz=MzI0NzkxMTYzNA==&mid=2247513195&idx=1&sn=f6fe5a37f5579afcae193e0ced2620a3,,"2026年8月11日，卫蓝新能源迎来成立十周年。在这一重要时刻，公司三位创始人—陈立泉院士、李泓研究员、俞会根董事长，共同录制纪念视频，回溯创业历程，并向所有同行者致以诚挚谢意。陈立泉院士卫蓝新能源创始人、技术带头人；中国工程院院士；中国科学院物理研究所研究员；被誉为“中国锂电之父”，开创了中国固态电池离子学研究，为中国锂电池从无到有、从跟跑到领跑作出奠基性贡献。在2026年7月全国科技大会上，陈院士荣获“国家最高科学技术奖”。""50年前我在德国马普所看到一块扣子大小的氮化锂晶体。德国朋友告诉我，这种材料可以用来做电池开汽车。""""我脑子里第一个念头，就是这东西对缺油少气的中国太重要了。我当即写","2026年8月11日，卫蓝新能源迎来成立十周年。在这一重要时刻，公司三位创始人—陈立泉院士、李泓研究员、俞会根董事长，共同录制纪念视频，回溯创业历程，并向所有同行者致以诚挚谢意。陈立泉院士卫蓝新能源创始人、技术带头人；中国工程院院士；中国科学院物理研究所研究员；被誉为“中国锂电之父”，开创了中国固态电池离子学研究，为中国锂电池从无到有、从跟跑到领跑作出奠基性贡献。在2026年7月全国科技大会上，陈院士荣获“国家最高科学技术奖”。""50年前我在德国马普所看到一块扣子大小的氮化锂晶体。德国朋友告诉我，这种材料可以用来做电池开汽车。""""我脑子里第一个念头，就是这东西对缺油少气的中国太重要了。我当即写信回国申请改变方向，物理所很快批准了。""""可以说卫蓝新能源的种子就是在50年前种下的。""""我回国后从当年在物理所简陋的实验室，制备出第一块固态锂电池。""""到今天卫蓝新能源成长为固态电池领域的领军企业。""""这条路的起点从来不是什么个人兴趣，而是国家战略需求。""""现在我们讲电动中国、讲能源安全、讲双碳目标，固态电池就是其中的关键一环。""""卫蓝这十年就是在践行一个承诺：把国家急需的技术做成真正能用的产品。我希望所有卫蓝人一起把产业报国作为己任，把个人发展融入到国家发展的大潮中，不负韶华、勇攀高峰！""李泓研究员卫蓝新能源创始人、首席科学家；中国科学院物理研究所研究员；国家新能源汽车创新中心专家委员；国际锂电池会议执委会、国际固态离子学会、国际储能委员会委员；中国能源研究会储能专业委员会、中国化工学会储能工程专委会副主任委员；在国际上率先开展纳米硅负极材料研究，开创纳米硅负极新领域。""卫蓝的十年，我最深的体会是技术创新没有捷径，唯有扎实推进严谨求证。""""2016年我们创办卫蓝的时候，固态电池在全球都还处于实验室探索阶段。我们选择了从混合固液到全固态的渐进式发展路线 ，提出了原位固态化的技术 。""""就是为了解决固固界面这个世界级的难题，这条路走得慢但走得稳。""""到今天我们车船动力、新型储能、低空动力，AIDC、机器人等多个领域全面开花。""""目前，固态电池的材料体系、工艺装备、成本控制，每一个环节都还有巨大的提升空间，都还有显著的创新机会。""""行业的高质量发展，不是靠一家企业领先，而是靠整个产业链的共同进步 。""""我们一直在推动产业链和创新链的生态建设，从材料到装备，从基础研究到工程放大到实践应用。""""我们希望能够为行业蹚出一条可复制的路。""""下一个十年，我们会继续做固态电池技术创新的探路者，我们从不追求哗众取宠的噱头，只做扎扎实实的技术突破、工程验证、产业开发、产品应用。""""让我们为国家在固态电池技术上抢占制高点，让整个行业因为我们的努力而骄傲。""俞会根董事长卫蓝新能源创始人、董事长；教授级高级工程师；北京市第十四届政协委员；工信部动力电池、新能源汽车在库专家；科技部、北京市科委、国家质检总局电池专家，深耕锂离子电池及系统领域近30年。“2016年，陈立泉院士、李泓老师和我一起创办了卫蓝的时候固态电池在产业界还没有被大量的提及十年后的今天，我们从几个人发展到上千人从一间办公室的布局到全球十几个基地从无人问津到独角兽，这一路走来最想说的就两个字：感谢感谢中国科学院物理研究所、感谢陈老师、感谢李泓老师是你们的学术远见和科研坚守，给了卫蓝最坚实的技术根基感谢所有股东投资方，是你们的信任和支持让我们敢于把实验室的成果推向产业化感谢每一位客户和合作伙伴是你们愿意做第一批‘吃螃蟹的人’让我们的产品有了迭代和改进的机会最要感谢的是我们卫蓝的每一位员工是你们日复一日的坚持把固态电池从概念变成了可以交付的产品十岁了，对企业来说还很年轻前方全固态电池的商业化道路仍然漫长但我们比任何时候都更有信心下一个十年，卫蓝新能源将继续深耕固态电池技术用更安全、更高性能的产品回报社会更扎实的经营回报股东和伙伴不忘初心、砥砺前行”（本文来自卫蓝新能源，经授权发布）公众号持续更新和分享锂电技术知识与资讯，前往屏幕最下方即可写下留言，期待与大家更多地留言互动交流，感谢朋友们继续支持与关注。精选文章锂离子电池极片机理与工艺基础红宝书特斯拉电池设计解析：从21700到4680锂电池极片机理与工艺基础进阶课程在线学习宁德时代锂离子电池自动化生产线4680、刀片电池、CTP、One-Stop bettery、弹匣电池系统、大禹电池系统宁德时代：方形铝壳电池顶盖设计比亚迪刀片电池内部拆解照片主流厂家动力电池规格书汇总宁德时代AB电池解决方案特斯拉4680电池结构与工艺设计锂电池极片机理与工艺基础PPT(07)全极耳方形卷绕电池组装过程双层涂布技术4680圆柱电池设计表宁德时代凝聚态电池技术分析CIBF2023之干法电极技术280Ah储能电池大比拼：哪家的性能更胜一筹？更多的内容，也可以在公众号搜索阅读请大家继续支持本公众号，并提出宝贵的意见，期望朋友们在这里有所收获。",,,,pending
华为，与中国长安汽车新合作！涉及AI/算力/大模型等,OFweek维科网,OFweek维科网,"RIOnews API, 框架协议, 战略合作, 投资, 出海, 量产",normal,2026-08-13T12:06:00+08:00,,"“华为，要把智能落到中国长安汽车每一个角落。”维科网消息，8月11日，深圳。中国长安汽车集团有限公司和华为签了一份战略合作框架协议。据悉，双方将在AI产品及场景、通用及汽车垂直大模型、数字化底座、算力和软硬件、数字能源、国际化、数智化人才培养等领域展开合作。拆开看，从企业IT基础设施一路覆盖到汽车智能化，几乎是一个央企数字化转型的全部环节。长安和华为的合作不算新鲜事。2019年阿维塔项目就用上了华为的HI模式，2024年8月阿维塔花115亿元买了华为车BU独立公司""引望""10%的股权，长安汽车董事长朱华荣还进了引望董事会当副董事长。但这次签的框架协议，合作范围从智能汽车一下子扩展到了整个企业的",http://mp.weixin.qq.com/s?__biz=MjM5NzUxNTc0Mw==&mid=2654800553&idx=1&sn=edcdf720dc4fd4db4b522c9ec7c7a20a,,"“华为，要把智能落到中国长安汽车每一个角落。”维科网消息，8月11日，深圳。中国长安汽车集团有限公司和华为签了一份战略合作框架协议。据悉，双方将在AI产品及场景、通用及汽车垂直大模型、数字化底座、算力和软硬件、数字能源、国际化、数智化人才培养等领域展开合作。拆开看，从企业IT基础设施一路覆盖到汽车智能化，几乎是一个央企数字化转型的全部环节。长安和华为的合作不算新鲜事。2019年阿维塔项目就用上了华为的HI模式，2024年8月阿维塔花115亿元买了华为车BU独立公司""引望""10%的股权，长安汽车董事长朱华荣还进了引望董事会当副董事长。但这次签的框架协议，合作范围从智能汽车一下子扩展到了整个企业的","“华为，要把智能落到中国长安汽车每一个角落。”维科网消息，8月11日，深圳。中国长安汽车集团有限公司和华为签了一份战略合作框架协议。据悉，双方将在AI产品及场景、通用及汽车垂直大模型、数字化底座、算力和软硬件、数字能源、国际化、数智化人才培养等领域展开合作。拆开看，从企业IT基础设施一路覆盖到汽车智能化，几乎是一个央企数字化转型的全部环节。长安和华为的合作不算新鲜事。2019年阿维塔项目就用上了华为的HI模式，2024年8月阿维塔花115亿元买了华为车BU独立公司""引望""10%的股权，长安汽车董事长朱华荣还进了引望董事会当副董事长。但这次签的框架协议，合作范围从智能汽车一下子扩展到了整个企业的数字化体系。时间上有个细节。7月29日，中国长安汽车集团才正式挂牌。这家从兵器装备集团分立出来的一级央企，注册资本200亿元，旗下117家分子公司，是继一汽、东风之后第三家汽车央企。从挂牌到和华为签框架协议，中间只隔了13天。一家刚成立的央企，做的第一个重大对外合作决策，就把数字化底座、算力和大模型全部交给一家民营企业。这件事在央企体系里是开了先例。三家央企，三种选择三大汽车央企的智能化路线，已经彻底分化。一汽走的是自研为主、合作为辅的路子。红旗品牌有自己的智驾系统在跑，虽然也跟华为在智能座舱、车云领域有过合作，但核心技术栈握在自己手里。代价是速度慢。2025年上半年，一汽自主新能源销量14.5万辆，三大央企里垫底。东风选了一条折中路。岚图和猛士用了华为的HI模式，东风同时还在搞自己的全栈自研架构，内部代号""东风答案""。东风甚至和华为弄了个""DH项目""，双方团队在一起联合办公，从产品定义到营销全链条协作。但东风始终把主导权攥在自己手里，合作归合作，自研不能停。2025年上半年东风新能源销量40.2万辆，三家央企里居中。长安走的是最激进的路。阿维塔全系标配华为ADS，深蓝搭华为乾崑ADS，启源接入华为HiCar。朱华荣在引望当副董事长，阿维塔和华为的联合团队将近一千人入驻重庆总部。2025年上半年长安新能源销量45.17万辆，三家央企里排第一。销量差距的背后是路线选择的代价。长安用最快的速度拿到了当时最好的智能化方案，换来了三家央企里最好的增长。但另一面是，长安在智能化上几乎没有自研能力了。长安自己也在推一个叫""天枢""的智驾系统，想给华为方案之外留一条后路。但这次框架协议一签，这条路还走不走得通，已经不重要了。再看协议新增的内容。之前长安和华为的合作集中在车BU层面，也就是智能驾驶和智能座舱。这次的协议多了三个关键词，数字化底座、算力、通用大模型。数字化底座是企业整个IT基础设施。算力是AI训练和推理的硬件基础。通用大模型是所有AI应用的地基。这三样东西同时交给一家公司，等于长安把整个企业的数字化能力打包外购了。从全球视角来看，丰田的Arene OS跳票三年还没上线，大众的软件部门Cariad换了四任CEO，但这些车企至少还在坚持自己造软件。中国的三大汽车央企里，长安第一个选了另一条路。造车之外中国长安汽车集团成立的时候，朱华荣说了一段话。他说新央企要着力打造智能汽车机器人、飞行汽车、具身智能等新质生产力，探索海陆空立体出行新生态。这些目标没有一个是传统汽车业务。智能汽车机器人需要大模型做决策中枢，飞行汽车需要高精度仿真和海量算力做验证，具身智能需要AI训练平台。这些东西，兵器装备集团不造，长安汽车自己也造不了。但华为能造。华为2024年智能汽车解决方案营收263.53亿元，同比增长474.4%，当年首次盈利。乾崑智驾已经和14家车企合作，覆盖33款量产车型，累计辅助驾驶里程超过50亿公里。华为还有盘古大模型、昇腾算力芯片和华为云。这三样东西刚好能覆盖长安新央企所有技术需求。协议里还写了""国际化""。新央企的目标市场写得很清楚，覆盖东南亚、中东非洲、中南美洲、欧亚、欧洲，五大区域。华为在全球170多个国家有业务布局，有现成的通信网络、云服务节点和销售渠道。长安要出海，借用华为的基础设施，比自己从零搭起来快得多。华为2024年研发投入1647亿元。长安汽车的研发投入不到100亿元。差了16倍，相当于拿自行车道的预算去修高铁。这种量级差距意味着长安就算把研发预算翻三倍，也追不上华为的技术迭代速度。2025年，上汽、广汽、东风……所有汽车央国企都在往华为靠。但程度完全不同。上汽、广汽、东风都保留了自主研发团队，长安是唯一从车BU到数字化底座到算力到通用大模型，全链条绑定的央企。赌注把数字化能力整体交给华为，长安赌的是两件事。第一，华为的ICT能力比长安自建强太多，而且差距会越拉越大。引望的股权结构里华为占80%，阿维塔和赛力斯各占10%。华为把车BU独立出来，就是想做一个开放的智能汽车平台。长安作为央企入股引望，这个身份本身就是一张信任票。华为给长安的技术优先级不会低于任何一家车企。第二，华为也缺长安。引望目前只有两个车企股东，赛力斯和阿维塔。华为想拉更多车企入股，但半年过去了，一汽、上汽、广汽都没有跟。长安是华为能拿到的最有分量的央企背书。不过，长安把自己的数字化基础设施、算力和大模型能力都交给华为，意味着未来十年的技术路线图和华为绑死。要是华为汽车战略调整，或者引望的股权结构生变，长安短期内可能没有备选方案。上一个把核心能力整体外包给单一供应商的中国汽车央企，还没有出现过。长安选了最激进的路。注：本文仅做信息分享，不构成任何投资建议；文中企业数据均来自公开披露文件，请以官方信息为准。#智能制造#华为#中国长安汽车#AI大模型更多精彩推荐如需联系我们，在公众号对话框点击“商务合作”参与AI智能体大会，在公众号后台私信“参会”参编AI产业应用蓝皮书，在公众号对话框私信“参编”",,,,pending
苏州大学李刚教授课题组 Bioresource Technol.：具有抗菌抗炎功能的丝素蛋白可降解提拉线,高分子科技,高分子科技,"RIOnews API, 聚合物新材料, 凝胶, 学术研究, 大学, 教授, 期刊",normal,2026-08-13T12:04:06+08:00,,点击上方“蓝字” 一键订阅随着医学美容和面部微创技术的快速发展，面部线雕因创伤小、恢复快等优势受到广泛关注。然而，线雕手术使用的提拉线植入后仍可能引发局部感染和持续性炎症，影响术后组织修复及长期效果。苏州大学李刚教授课题组开发了一种负载单宁酸（TA）和庆大霉素（GEN）的可降解丝素蛋白基提拉线（TA/GEN@SFs）。如图1-6所示，该研究通过仿生结构设计、丝素蛋白分子构象调控和功能分子负载，实现了材料力学性能与生物功能的有效结合。所制备的TA/GEN@SFs断裂强力达到40.00 ±2.30 N，对大肠杆菌和金黄色葡萄球菌表现出显著抗菌作用，自由基清除率达到56.12 ±3.31%。进一步的,http://mp.weixin.qq.com/s?__biz=MzA5NjUyNjc5Ng==&mid=2651657915&idx=5&sn=b48550f82d735650b4c891037fa7c151,,点击上方“蓝字” 一键订阅随着医学美容和面部微创技术的快速发展，面部线雕因创伤小、恢复快等优势受到广泛关注。然而，线雕手术使用的提拉线植入后仍可能引发局部感染和持续性炎症，影响术后组织修复及长期效果。苏州大学李刚教授课题组开发了一种负载单宁酸（TA）和庆大霉素（GEN）的可降解丝素蛋白基提拉线（TA/GEN@SFs）。如图1-6所示，该研究通过仿生结构设计、丝素蛋白分子构象调控和功能分子负载，实现了材料力学性能与生物功能的有效结合。所制备的TA/GEN@SFs断裂强力达到40.00 ±2.30 N，对大肠杆菌和金黄色葡萄球菌表现出显著抗菌作用，自由基清除率达到56.12 ±3.31%。进一步的,点击上方“蓝字” 一键订阅随着医学美容和面部微创技术的快速发展，面部线雕因创伤小、恢复快等优势受到广泛关注。然而，线雕手术使用的提拉线植入后仍可能引发局部感染和持续性炎症，影响术后组织修复及长期效果。苏州大学李刚教授课题组开发了一种负载单宁酸（TA）和庆大霉素（GEN）的可降解丝素蛋白基提拉线（TA/GEN@SFs）。如图1-6所示，该研究通过仿生结构设计、丝素蛋白分子构象调控和功能分子负载，实现了材料力学性能与生物功能的有效结合。所制备的TA/GEN@SFs断裂强力达到40.00 ±2.30 N，对大肠杆菌和金黄色葡萄球菌表现出显著抗菌作用，自由基清除率达到56.12 ±3.31%。进一步的体内实验表明，该材料能够有效降低植入区域炎症细胞浸润、纤维包膜形成和胶原过度沉积，并改善局部炎症与组织修复微环境。该研究为开发兼具力学支撑、抗菌防护和组织微环境调控能力的新型可持续生物医用材料提供了新思路。2026年7月8日，苏州大学现代丝绸国家工程实验室李刚教授课题组在新锐学术大类一区TOP国际高水平期刊《Bioresource Technology》上发表题为“A facile tannic acid/gentamicin-loaded biodegradable silk fibroin lifting thread with robust mechanical and antibacterial properties”的研究论文。苏州大学博士生窦跃杰为第一作者，苏州大学李刚教授为通讯作者。合作作者包括苏州大学硕士生宋士豪、张霄宇、杜妍以及本科生陈子博、香港理工大学博士生王旭晨、北京航空航天大学博士生杨反磊和苏州大学余嘉副教授。该研究获得国家自然科学基金（82374295）、苏州市科技计划项目（SZM2024001）和江苏省丝绸工程重点实验室开放课题（KJS2453）等项目支持。面部线雕手术的核心是利用植入皮下组织的提拉线产生力学支撑和组织牵引作用。当前临床使用的提拉线主要由聚对二氧环己酮（PPDO）、聚己内酯（PCL）及其共聚物等可吸收合成高分子制备。虽然这些材料具有良好的初始力学性能和可降解特性，但其表面相对惰性且疏水，赋予抗菌、抗炎等功能往往需要复杂的化学接枝或复合涂层处理，同时对功能稳定性和力学性能的保持提出更高要求。与传统合成高分子相比，丝素蛋白具有优异的生物相容性、丰富的活性基团和可调控的分子构象，为构建多功能植入材料提供了天然优势。在材料结构设计方面，该研究团队制备了具有倒刺特征的仿生鱼骨状提拉线，为植入后的组织锚定提供结构力学基础；通过甘油和Ca2+离子调控丝素蛋白分子构象，促进更加稳定的β-sheet结构形成，在维持材料成型能力和柔韧性的同时提高其机械性能。进一步引入了单宁酸和庆大霉素，通过氢键、静电作用等多重分子相互作用形成稳定的功能网络，使丝素蛋白提拉线获得力学支撑、抗菌、抗氧化及炎症调控功能。图1 （A）SF溶液的制备流程示意图；（B）TA/GEN@SFs提拉线的制备及应用示意图。研究结果表明，甘油/Ca2+离子调控和TA/GEN功能化能够显著改善丝素蛋白提拉线的力学性能。TA/GEN@SFs的拉伸强度达到10.15 ± 0.55 MPa，最大断裂力达到40.00 ± 2.30 N，断裂伸长率为13.20 ± 0.98%，表现出优异的力学性能。该材料在模拟生理环境中具有出色的尺寸稳定性。TA和GEN在168 h内均表现出持续释放行为；TA/GEN@SFs在蛋白酶环境中表现出明显的降解行为，表明其在保持一定结构稳定性的同时仍具备酶促降解能力。图2 TA@SFs、GEN@SFs和TA/GEN@SFs的形貌、理化及功能性能表征。（A-C）TA@SFs、GEN@SFs和TA/GEN@SFs实物照片；（D）傅里叶变换红外光谱（FTIR）；（E）应力-应变曲线；（F）不同样品的力学性能；（G）TA/GEN@SFs直径变化率；（H）累计药物释放率；（I）降解曲线。在功能性能方面，TA与GEN的引入显著增强了提拉线的抗菌和抗氧化能力。TA/GEN@SFs对大肠杆菌和金黄色葡萄球菌均形成明显抑菌圈，宽度分别达到4.21 ± 0.33 mm和5.71 ± 0.44 mm，其抗菌效果优于单独负载TA或GEN的样品。其ABTS自由基清除率达到56.12 ± 3.31%，显示出显著的抗氧化性能。进一步的细胞和血液相容性实验表明，各组材料均未表现出明显细胞毒性，为其作为植入材料的进一步应用提供了生物安全性基础。图3 不同SF提拉线的抗菌与抗氧化性能。（A）对大肠杆菌和金黄色葡萄球菌的抑菌圈照片；（B）抑菌圈宽度；（C）ABTS自由基清除率；（D）TA/GEN@SFs对ABTS自由基的动态清除过程。为进一步评价TA/GEN@SFs在感染环境下的组织响应，研究团队构建了大鼠皮下感染模型。组织学结果显示，与未负载功能分子的SFs相比，TA/GEN@SFs植入后炎症细胞浸润、纤维包膜形成及胶原过度沉积均明显减轻，第14天纤维包膜厚度降低至74.62 ± 2.72 μm。进一步的免疫荧光和免疫组织化学分析表明，TA/GEN@SFs能够降低CD68阳性巨噬细胞浸润和促炎因子TNF-α表达，同时提高抗炎因子IL-10表达，并呈现与组织修复过程相适应的血管重塑特征，表明其能够有效改善植入部位的炎症微环境。图4 大鼠感染模型中不同提拉线植入后的组织学评价。（A）植入后第3、7和14天的H&E染色；（B）Masson染色；（C）纤维包膜厚度定量分析；（D）胶原纤维面积定量分析。图5 大鼠感染模型中炎症反应的免疫荧光评价。（A）CD68免疫荧光染色；（B）IL-10免疫荧光染色；（C）CD68阳性区域定量分析；（D）IL-10阳性区域定量分析。图6 大鼠感染模型中炎症及血管重塑的免疫组织化学评价。（A）TNF-α免疫组织化学染色；（B）CD31免疫组织化学染色；（C）TNF-α阳性区域定量分析；（D）CD31阳性区域定量分析。上述研究结果表明，该研究团队所开发的丝素蛋白多功能提拉线兼具优异的力学性能、抗菌抗氧化性能和炎症调控能力，并具有可控的降解性能。该研究为蚕丝资源在生物医用与健康材料中的高值化综合利用提供了新的研究思路。论文链接：https://doi.org/10.1016/j.biortech.2026.135353相关进展苏州大学李刚教授团队 ACS Macro Lett.：用于预防手术部位感染的导电热响应药物缓释功能蚕丝缝合线苏州大学李刚教授课题组 Carbohyd. Polym.：用于油水分离的牛角瓜生物质纤维基双尺度超轻多孔材料苏大李刚教授课题组诚聘博士后 - 生物医用高材、丝蛋白材料和智能健康柔性器件苏大李刚、附四院张喜成团队 Biomacromolecules: 抗凝血和促内皮化功能的血管覆膜支架苏大李刚、余嘉/牛津大学陈凯丽 Biomacromolecules: 牛角瓜纤维/蚕丝蛋白复合多功能水凝胶敷料苏大李刚、附一院李峰和附四院沈罡 IJBM: 兼具抗菌和抗狭窄功能的载药可降解输尿管支架苏州大学李刚教授、美国国家标准与技术研究院Wai Cheong Tam博士 IJBM：牙周组织生物大分子研究进展苏州大学李刚教授课题组 Compos. Sci. Technol.: 适用于数字医疗中不同微环境的自适应响应能力的柔性应变传感器苏大李刚教授、牛津大学Kaili Chen博士合作 JMST：人工血管研究进展苏大李刚教授、塔夫茨大学Ying Chen教授/David Kaplan院士 AFM：人工培养肉 - 食品行业的可持续解决方案苏大李刚、中山大六院黄丹丹/郅敏 IJBM：丝素蛋白搭载CUR/5-ASA双药肛瘘支架苏州大学李刚教授课题组 Appl. Surf. Sci.: 兼具抗菌和防蛀功能的羊毛织物牛津大学刘泽堃博士/苏州大学李刚教授/香港理工大学徐宾刚教授SusMat综述：使用可持续纤维基可穿戴应变传感器革新数字医疗网络曼彻斯特大学李加深团队、牛津大学刘泽堃博士 JMST: 用于热管理和电磁干扰屏蔽的柔性、透气且增强的超薄Cu/PLLA多孔纤维膜苏大李刚教授、英国曼大李翼教授、帝国理工陈凯丽博士 CEJ：具有自清洁功能的水下可穿戴应变传感器苏大李刚、余嘉/港理大赵泽宇 Int. J. Biol. Macromol.：伤口修复生物大分子材料的研究进展苏大李刚、余嘉和苏大附属独墅湖医院张喜成合作 Int. J. Biol. Macromol.: 蚕丝织物复合增强人工心脏瓣膜苏大李刚、郑兆柱和苏大附一院李峰合作 ACS BSE: 丝素蛋白基药物缓释功能输尿管支架苏大李刚教授、英国曼大李翼教授和牛津大学刘泽堃博士合作 AFMs: 牛角瓜纤维基可穿戴柔性应变传感器苏大李刚教授、英国曼大李翼教授和牛津大学刘泽堃博士合作 CEJ: 可穿戴耐湿热变化的蚕丝负响应型应变传感器苏大李刚教授/王晓沁教授/塔夫茨大学David Kaplan院士团队Acta Biomater.: 蚕丝/镁丝复合编织神经导管苏州大学李刚教授/王晓沁教授/余嘉副教授团队ACS AMI: 天然长效抗菌/抗炎蚕丝医用缝合线 高分子科技原创文章。欢迎个人转发和分享，刊物或媒体如需转载，请联系邮箱：info@polymer.cn诚邀投稿欢迎专家学者提供稿件（论文、项目介绍、新技术、学术交流、单位新闻、参会信息、招聘招生等）至info@polymer.cn，并请注明详细联系信息。高分子科技®会及时推送，并同时发布在中国聚合物网上。欢迎加入微信群 为满足高分子产学研各界同仁的要求，陆续开通了包括高分子专家学者群在内的几十个专项交流群，也包括高分子产业技术、企业家、博士、研究生、媒体期刊会展协会等群，全覆盖高分子产业或领域。目前汇聚了国内外高校科研院所及企业研发中心的上万名顶尖的专家学者、技术人员及企业家。申请入群，请先加审核微信号PolymerChina（或长按下方二维码），并请一定注明：高分子+姓名+单位+职称（或学位）+领域（或行业），否则不予受理，资格经过审核后入相关专业群。点这里“阅读原文”，查看更多阅读原文开发了一种负载单宁酸和庆大霉素的可降解丝素蛋白基提拉线...,,,,pending
江南大学刘天西/陈苏莉 AFM: 多偶极协同自修复聚合物界面助力超稳定锌金属负极,高分子科技,高分子科技,"RIOnews API, 聚合物新材料, 电池, 学术研究, 大学, 科学院, 期刊",normal,2026-08-13T12:04:06+08:00,,点击上方“蓝字” 一键订阅水系锌离子电池（AZIBs）因其高容量、优异的安全性和较低的氧化还原电位，被视为未来大规模储能的理想绿色体系。然而，锌金属负极在循环中面临不可控的枝晶生长与界面副反应的双重挑战：枝晶可刺穿隔膜引发短路，伴随的析氢与腐蚀副反应则导致副产物积累，严重损害库仑效率与循环稳定性。针对上述问题，构筑人工界面涂层能从物理上隔绝锌负极与电解液的直接接触被认为是一种尤为有效的策略，而聚合物凭借其成本低廉、可持续性强及机械柔韧性好等优势，被视为理想的界面候选材料。然而，传统聚合物界面在长循环中面临两大根本性瓶颈：一是反复体积波动导致的微裂纹形成，加速电解液渗透与寄生副反应；二是本征离子,http://mp.weixin.qq.com/s?__biz=MzA5NjUyNjc5Ng==&mid=2651657915&idx=3&sn=8419c98e79899ccb8a2004fc6e26666d,,点击上方“蓝字” 一键订阅水系锌离子电池（AZIBs）因其高容量、优异的安全性和较低的氧化还原电位，被视为未来大规模储能的理想绿色体系。然而，锌金属负极在循环中面临不可控的枝晶生长与界面副反应的双重挑战：枝晶可刺穿隔膜引发短路，伴随的析氢与腐蚀副反应则导致副产物积累，严重损害库仑效率与循环稳定性。针对上述问题，构筑人工界面涂层能从物理上隔绝锌负极与电解液的直接接触被认为是一种尤为有效的策略，而聚合物凭借其成本低廉、可持续性强及机械柔韧性好等优势，被视为理想的界面候选材料。然而，传统聚合物界面在长循环中面临两大根本性瓶颈：一是反复体积波动导致的微裂纹形成，加速电解液渗透与寄生副反应；二是本征离子,"点击上方“蓝字” 一键订阅水系锌离子电池（AZIBs）因其高容量、优异的安全性和较低的氧化还原电位，被视为未来大规模储能的理想绿色体系。然而，锌金属负极在循环中面临不可控的枝晶生长与界面副反应的双重挑战：枝晶可刺穿隔膜引发短路，伴随的析氢与腐蚀副反应则导致副产物积累，严重损害库仑效率与循环稳定性。针对上述问题，构筑人工界面涂层能从物理上隔绝锌负极与电解液的直接接触被认为是一种尤为有效的策略，而聚合物凭借其成本低廉、可持续性强及机械柔韧性好等优势，被视为理想的界面候选材料。然而，传统聚合物界面在长循环中面临两大根本性瓶颈：一是反复体积波动导致的微裂纹形成，加速电解液渗透与寄生副反应；二是本征离子电导率低且Zn²⁺选择性差，构成离子传输的动力学瓶颈，引发浓差极化与不均匀离子通量，反而加剧枝晶生长。现有的自修复聚合物界面虽能修复微裂纹，却始终未解决离子传导与选择性这一核心短板。因此，从分子工程层面构筑一种能够将自主修复能力与高选择性离子传导协同集成的新型聚合物界面层，是实现锌金属负极长效稳定运行的关键。近期，江南大学刘天西/陈苏莉团队基于分子设计策略，开发了一种具有多偶极协同作用的自修复聚合物（MSP）界面层，用于稳定锌金属负极。相关工作以“Molecularly Engineered Self-Healing Polymer Interphase with Synergistic Dipoles for Ultra-Stable Zinc Metal Anodes”为题发表在Adv. Funct. Mater.上。江南大学化学与材料工程学院2025级硕士生徐子健为本文第一作者，江南大学为唯一通讯单位。具体而言，首先通过丙烯腈与聚乙烯醇（PVA）的亲核加成反应合成了氰基功能化的PVA（MP），随后以硼酸为交联剂进行交联，并将所得聚合物网络旋涂于锌箔表面。该界面相集成了三种功能偶极基团–OH、–C≡N和–B(OR)₂，三者协同调控Zn²⁺的迁移与沉积行为：–OH基团通过与水分子及硫酸根离子的相互作用，削弱Zn²⁺溶剂化鞘层，从而降低去溶剂化能垒；–C≡N基团凭借其强极性构筑高效的Zn²⁺传输通路，均匀化沉积动力学；–B(OR)₂基团则产生阴离子排斥效应，有效提升Zn²⁺选择透过性并抑制界面副反应。此外，动态的B–O交联点赋予界面相良好的机械自适应能力，能够充分容纳长循环过程中的体积变化。得益于此，MSP界面相实现了快速且高选择性的Zn²⁺传导，有效抑制了副反应与枝晶生长。基于MSP修饰锌负极（MSP@Zn）的对称电池在8 mA cm⁻²、8 mAh cm⁻²条件下可稳定运行780小时，而MSP@Zn//MnO₂全电池在1 A g⁻¹电流密度下循环1100次后容量保持率可达86.6%，展现出良好的长循环稳定性。图1 MSP的合成路径与作用机理示意图。图2 MSP的合成表征、自修复行为及界面调控机理。图3 MSP的离子传输动力学机制。图4 MSP@Zn界面稳定性测试与分析。图5 MSP@Zn的沉积行为分析。图6 MSP@Zn//MnO2全电池性能评估。论文信息：Zijian Xu, Zhuanyi Liu, Zhenhai Shi, Rui Wang, Suli Chen*, Tianxi Liu. 相关研究以Molecularly Engineered Self-Healing Polymer Interphase With Synergistic Dipoles for Ultra-Stable Zinc Metal Anodes为题发表在 Adv. Funct. Mater. 上。2026, e77450.论文链接：https://doi.org/10.1002/adfm.77450相关进展江南大学刘天西/陈苏莉 Macromolecules：级联原位交联-淬火策略构筑室温可用的高性能全固态聚醚电解质江南大学刘天西/陈苏莉 Macromolecules: 多尺度松弛策略破解聚合物电解质离子传导-力学性能“跷跷板”难题江南大学刘天西/陈苏莉 AEM: 阴离子锚定型交联聚醚电解质助力高性能固态钠金属电池江南大学刘天西/陈苏莉 Adv. Mater.：快离子导体多尺度纳米限域破解聚合物复合电解质离子传输难题江南大学刘天西/陈苏莉、河南省科学院卢琼琼、德累工大于明浩 AEM: 快离子传导的高模量超分子界面层助力实用化锌金属负极江南大学刘天西/陈苏莉、河南大学田志红 Angew（Hot Paper）: 超分子拓展的聚合物电解质助力高能全固态锂金属电池 高分子科技原创文章。欢迎个人转发和分享，刊物或媒体如需转载，请联系邮箱：info@polymer.cn诚邀投稿欢迎专家学者提供稿件（论文、项目介绍、新技术、学术交流、单位新闻、参会信息、招聘招生等）至info@polymer.cn，并请注明详细联系信息。高分子科技®会及时推送，并同时发布在中国聚合物网上。欢迎加入微信群 为满足高分子产学研各界同仁的要求，陆续开通了包括高分子专家学者群在内的几十个专项交流群，也包括高分子产业技术、企业家、博士、研究生、媒体期刊会展协会等群，全覆盖高分子产业或领域。目前汇聚了国内外高校科研院所及企业研发中心的上万名顶尖的专家学者、技术人员及企业家。申请入群，请先加审核微信号PolymerChina（或长按下方二维码），并请一定注明：高分子+姓名+单位+职称（或学位）+领域（或行业），否则不予受理，资格经过审核后入相关专业群。点这里“阅读原文”，查看更多阅读原文开发一种具有多偶极协同作用的自修复聚合物界面层，用于稳定锌金属负极...",,,,pending
华东理工与上海交大合作《Bioact. Mater.》：仿生天然多肽的β-氨基酸聚合物促角膜再生,高分子科技,高分子科技,"RIOnews API, 聚合物新材料, 凝胶, 学术研究, 大学, 教授, 期刊",normal,2026-08-13T12:04:06+08:00,,点击上方“蓝字” 一键订阅角膜作为眼球最外层结构和视觉系统的关键组成部分，其疾病或损伤常致基质变薄、纤维化乃至失明，是全球仅次于白内障的第二大致盲原因；据2021年世界卫生组织统计，全球超420万人因此罹患视力障碍，严重影响生活质量和经济生产力，但因供体角膜短缺、保存不佳及运输昂贵，仅不足5%的患者能通过移植获治，故亟需开发促进角膜基质修复与再生的替代生物材料。目前常用脱细胞动物角膜基质和羊膜，但脱细胞猪角膜产品虽已完成临床试验，仍面临免疫排斥、成分复杂和批间差异等问题；为此，大量研究转向壳聚糖、海藻酸盐、丝素蛋白、明胶、透明质酸、聚乙二醇或聚甲基丙烯酸酯等构建的生物相容性水凝胶，并常以细胞外,http://mp.weixin.qq.com/s?__biz=MzA5NjUyNjc5Ng==&mid=2651657915&idx=4&sn=53fb5d2d1ede05c38371ad1df38f7737,,点击上方“蓝字” 一键订阅角膜作为眼球最外层结构和视觉系统的关键组成部分，其疾病或损伤常致基质变薄、纤维化乃至失明，是全球仅次于白内障的第二大致盲原因；据2021年世界卫生组织统计，全球超420万人因此罹患视力障碍，严重影响生活质量和经济生产力，但因供体角膜短缺、保存不佳及运输昂贵，仅不足5%的患者能通过移植获治，故亟需开发促进角膜基质修复与再生的替代生物材料。目前常用脱细胞动物角膜基质和羊膜，但脱细胞猪角膜产品虽已完成临床试验，仍面临免疫排斥、成分复杂和批间差异等问题；为此，大量研究转向壳聚糖、海藻酸盐、丝素蛋白、明胶、透明质酸、聚乙二醇或聚甲基丙烯酸酯等构建的生物相容性水凝胶，并常以细胞外,"点击上方“蓝字” 一键订阅角膜作为眼球最外层结构和视觉系统的关键组成部分，其疾病或损伤常致基质变薄、纤维化乃至失明，是全球仅次于白内障的第二大致盲原因；据2021年世界卫生组织统计，全球超420万人因此罹患视力障碍，严重影响生活质量和经济生产力，但因供体角膜短缺、保存不佳及运输昂贵，仅不足5%的患者能通过移植获治，故亟需开发促进角膜基质修复与再生的替代生物材料。目前常用脱细胞动物角膜基质和羊膜，但脱细胞猪角膜产品虽已完成临床试验，仍面临免疫排斥、成分复杂和批间差异等问题；为此，大量研究转向壳聚糖、海藻酸盐、丝素蛋白、明胶、透明质酸、聚乙二醇或聚甲基丙烯酸酯等构建的生物相容性水凝胶，并常以细胞外基质蛋白（胶原、纤连蛋白、玻连蛋白、层黏连蛋白）或多肽（如RGD）修饰以赋予细胞黏附能力，然而这些修饰物在体内易被蛋白酶水解、稳定性差且价格高昂，极大限制其应用。针对以上挑战，华东理工陈琦副教授和上海交大附属九院李谨主任合作研发了一种模拟天然多肽促细胞黏附的β-氨基酸聚合物功能化的透明质酸可在兔角膜板层缺损部位原位自发形成水凝胶，无需外加触发剂，并表现出优异的组织相容性和卓越的体内角膜修复效果。刘润辉教授团队前期研究表明，阳离子-疏水两亲性β-肽聚合物能够调节ECM蛋白的表面吸附，从而实现成骨细胞的黏附。因此，他们假设阳离子-疏水两亲性β-肽聚合物也可通过介导ECM蛋白吸附来实现角膜基质细胞的黏附。基于此，设计并合成了一系列阳离子-两亲性β-氨基酸聚合物，并探索了它们促进角膜基质细胞黏附和角膜再生的能力。研究发现，最优的β-氨基酸聚合物(DM0.6CH0.4)80能够有效促进人角膜基质细胞的黏附。机制研究表明，(DM0.6CH0.4)80通过两条途径促进角膜基质细胞黏附：一是材料表面吸附的ECM蛋白介导的与细胞表面整合素的结合，二是(DM0.6CH0.4)80直接与细胞表面蛋白和多糖结合。值得注意的是，(DM0.6CH0.4)80能诱导人角膜基质细胞产生ECM蛋白和多糖，从而进一步促进细胞黏附和角膜修复。此外，合成β-氨基酸聚合物具有显著优势，包括抗蛋白酶水解、体内功能稳定、结构多样，以及易于通过一锅聚合实现大规模合成。所有这些都表明，利用β-氨基酸聚合物设计和获得有前景的角膜修复合成生物材料是一种切实可行的策略。该研究成果以“Synthetic β-amino acid polymer promoting keratocyte adhesion and corneal regeneration”为题发表在Bioactive Materials上（Bioact. Mater. 2027, 67, 327–343）。图1.优选β-氨基酸聚合物(DM0.6CH0.4)80修饰的透明质酸(HA)水凝胶促进角膜修复为发现具有促角膜基质细胞黏附的生物活性分子，本研究采用一锅法开环聚合合成了系列阳离子-两亲性β-氨基酸聚合物（DMxCHy），并筛选其促黏附性能。初始链长为20 mer的(DM0.6CH0.4)20优于同链长其他比例，但弱于RGD金标准。链长增加至80 mer后， (DM0.6CH0.4)80的促黏附效果（42.94%）与RGD（43.60%）相当，故选定为最优聚合物。XPS和接触角证实其成功修饰于OEG8表面。细胞行为研究表明，(DM0.6CH0.4)80可显著促进人角膜基质细胞的铺展、增殖和迁移，各项指标均与RGD肽相当。综上，该β-氨基酸聚合物在促角膜细胞功能方面性能优异，具备作为角膜修复生物材料的潜力。图2. 聚合物结构表征和细胞黏附效果筛选图3. 表面表征和角膜细胞的黏附、增殖和迁移为探究(DM0.6CH0.4)80促黏附机制，将人角膜基质细胞接种于三种表面，RNA‑seq分析显示：与RGD比仅281个差异基因（DEG），与‑NH2比达7712个，表明聚合物更接近RGD功能。KEGG通路富集发现，与RGD差异集中于黏着斑、ECM‑受体等黏附相关通路，提示机制不同。热图显示聚合物上调MYL9、整合素（ITGAV等）及胶原（COL1A2等）表达，促进细胞骨架与ECM作用。GO富集亦指向ECM和整合素通路。综上，聚合物促黏附主依赖整合素，但兼具区别于RGD的独特机制。图4. 黏附于(DM0.6CH0.4)80和RGD修饰表面上的人角膜基质细胞的RNA-seq分析进一步的使用EDTA抑制整合素，RGD表面细胞几近全脱落，而聚合物表面仍有黏附，表明整合素介导非唯一途径。初始铺展面积聚合物小于RGD，因其需先吸附血清ECM蛋白；蛋白吸附实验证实聚合物表面纤连蛋白、玻连蛋白、胶原吸附量显著高于RGD。基质提取物实验亦证实聚合物介导基质蛋白促黏附。此外，无血清下聚合物仍支持黏附；酶去除细胞膜蛋白/多糖后，聚合物表面黏附大幅减少而RGD不变，说明聚合物还可直接结合细胞表面蛋白/多糖。综上，聚合物通过整合素介导、吸附ECM蛋白及直接结合细胞表面分子等多途径促进黏附。图5. 整合素和多糖基质在角膜细胞黏附中的作用为探究不同表面对细胞分泌的影响，检测人角膜基质细胞在(DM0.6CH0.4)80、RGD和OEG8表面的蛋白分泌量，(DM0.6CH0.4)80表面分泌的纤连蛋白、玻连蛋白、胶原和层黏连蛋白均高于其他表面（有/无血清均如此）。蛋白质组学显示(DM0.6CH0.4)80与RGD间1032种差异蛋白（421上611下）；GO富集涉及细胞外囊泡、蛋白结合及代谢通路。热图显示ECM相关蛋白（VTN、FN1、LAMB1、胶原亚型）及角膜修复关键蛋白（SPOCK2、DCN、BGN、LUM、FMOD）在(DM0.6CH0.4)80表面均上调。KEGG富集于代谢、氨基酸合成和黏着斑通路。综上，(DM0.6CH0.4)80不仅促进ECM蛋白分泌增强黏附，还能刺激产生角膜修复相关蛋白。图6. 黏附于(DM0.6CH0.4)80和RGD修饰表面上的人角膜基质细胞的蛋白质组分析为探究(DM0.6CH0.4)80的应用潜力，作者制备了其修饰的透明质酸（HA）水凝胶。体外细胞实验显示，HA-(DM0.6CH0.4)80显著促进角膜基质细胞黏附和铺展，且无细胞毒性。兔角膜板层缺损模型中，术后7天，HA-(DM0.6CH0.4)80组上皮修复面积达85%，优于HA组（35%）和HA-GelMA组（80%）。组织学显示，该组再生基质和上皮厚度接近正常角膜（约335 μm），而HA组仅约198 μm，结构疏松。角膜曲率也明显改善。免疫荧光染色表明，HA-(DM0.6CH0.4)80组β-微管蛋白和ZO-1表达升高，α-SMA、P63及IL-10水平降低，说明其促进正常上皮/基质再生，减少纤维化瘢痕和炎症。综上，HA-(DM0.6CH0.4)80水凝胶是理想的角膜修复替代材料。图7. 聚合物功能化HA水凝胶的制备与植入图8. 角膜修复效果图9. 再生角膜的组织学分析本成果由华东理工和上海交大合作完成，陈明姣博士（现上海儿童医学中心眼科医生）、陈琦副教授是该论文的共同第一作者，刘润辉教授和李瑾主任是通讯作者。该研究得到了国家自然科学基金委、科技部等基金的资助。论文链接： https://www.sciencedirect.com/science/article/pii/S2452199X26004627 相关进展华东理工刘润辉教授课题组《Nat. Biotechnol.》：基于宿主防御肽模拟物组装体的共递送组合体内协同治疗耐药真菌感染华东理工刘润辉教授课题组 Nat. Commun.：双胍化多肽模拟物抗多药耐药ESKAPE与脑膜炎华东理工刘润辉教授课题组 Angew VIP：阳离子催化剂实现氨基酸聚合物的超快速可控合成及高效解聚华东理工刘润辉教授课题组 AFM：基于仿生有机-无机互穿网络的增强型微球用于骨修复华东理工刘润辉教授课题组 JACS：双胍基化聚噁唑啉-胰岛素复合物在小型猪中实现长效葡萄糖响应性胰岛素释放华东理工刘润辉教授课题组 Nat. Commun.：通过成骨细胞选择性β-氨基酸聚合物策略促进植入物的骨整合华理刘润辉教授与合作者《Bioact. Mater.》：易于制备的抗氧化和抗菌水凝胶薄膜 → 快速止血和促进感染性糖尿病创面愈合华东理工刘润辉教授课题组 CCS Chem.：有效稳定蛋白质的伴侣样活性丝胶蛋白华东理工刘润辉教授课题组《Sci. Transl. Med.》：原位激活的宿主防御肽模拟前药抗耐药阴性菌感染华东理工刘润辉教授课题组 AFM：功能化聚-β-多肽组装体抗耐药真菌感染华东理工刘润辉教授团队与合作者 AFM：3D 打印双仿生支架用于大段骨修复华东理工刘润辉教授、叶邦策教授 AHM：新型口服递送系统包封智能工程菌用于炎症性肠病治疗华东理工刘润辉教授课题组《ACS Cent. Sci.》：新型阳离子催化策略实现N-羧基环内酸酐（NCA）的快速可控聚合华东理工刘润辉教授课题组 Nat. Protoc.：NCA敞口快速开环聚合制备多肽聚合物的方法华东理工刘润辉教授课题组 JACS：N-羧基环内酸酐（NCA）开环聚合制备氨基酸聚合物的最新进展及展望华东理工刘润辉教授、唐漾教授 Nat. Commun.：基于AI高效发现模拟宿主防御肽的抗耐药菌多肽聚合物华东理工刘润辉教授课题组 JACS：化疗药物与膜裂解抗肿瘤β-多肽聚合物的协同组合可逆转肿瘤耐药性华东理工刘润辉教授课题组 Nat. Microbiol.：细胞膜和DNA双靶点抗耐药真菌华东理工刘润辉教授课题组 JACS：细胞穿透肽启发的聚噁唑啉穿透BBB治疗真菌性脑膜炎华东理工刘润辉教授课题组 JACS：通用的一步法策略实现惰性材料表面生物活化华东理工刘润辉教授课题组《Prog. Polym. Sci.》评述论文：模拟宿主防御肽的抗菌氨基酸聚合物领域研究进展浙江大学周民/华东理工大学刘润辉 Research: 新型宿主防御肽模拟物通过群体感应干扰和单体杀菌协同模式抑制细菌性肺炎和肝炎华东理工刘润辉教授课题组《Sci. Adv.》：从抗菌机理角度设计β多肽聚合物用于治疗耐药菌感染华东理工刘润辉教授课题组《Adv. Mater.》：多肽模拟聚合物实现内皮细胞选择性功能华东理工刘润辉教授课题组发现有望替代水产养殖业抗生素的生物可降解抗菌多肽聚合物华东理工刘润辉教授课题组《CCS Chem.》：β-NNTA开环聚合实现温和条件下β类肽可控合成华东理工刘润辉教授课题组 Adv. Sci.：无规共聚物模拟纤连蛋白实现普适性结合生长因子的功能华东理工刘润辉教授课题组《J. Med. Chem.》：细胞穿透肽启发的多肽聚合物高效对抗侵袭性耐药真菌感染华东理工刘润辉教授课题组 JACS：模拟宿主防御肽的β多肽聚合物用于治疗多药耐药肿瘤华东理工刘润辉教授课题组《Adv. Sci.》：微生物代谢物启发的新型抗真菌β-多肽聚合物华东理工刘润辉教授课题组 Angew：短链长胍基化聚（2-噁唑啉）展现高效抗耐药真菌感染治疗效果华东理工刘润辉教授课题组 JACS ：设计宿主防御肽模拟物新策略用于治疗耐药菌感染华东理工刘润辉教授和上海市第一人民医院林浩东教授《AFM》：多肽聚合物掺杂的骨水泥治疗MRSA感染慢性骨髓炎华东理工刘润辉教授课题组《Nat. Commun.》：一步法普适性水凝胶功能化新策略华东理工刘润辉教授课题组《Nat. Commun.》：模拟宿主防御肽发现高效抗耐甲氧西林金黄色葡萄球菌感染的类肽聚合物华东理工大学刘润辉教授课题组Angew：羧酸盐作为一类引发剂可实现超快速NCA开环聚合制备多肽聚合物华东理工大学刘润辉教授课题组在多肽合成领域取得突破性成果华东理工刘润辉教授课题组《Nat. Commun.》：仿生启发的新一代抗植入异物反应高分子材料华东理工大学刘润辉教授课题组：Li/Na/KHMDS引发N-取代的N-羧基酸酐快速开环聚合制备聚类肽华东理工大学刘润辉教授课题组在促细胞粘附新材料领域获得突破：设计和发现双重机理的促细胞粘附β-氨基酸聚合物华东理工大学刘润辉教授课题组综述：多糖及其衍生物的抗菌性能及应用华东理工大学刘润辉教授课题组《J. Med. Chem.》：模拟宿主防御肽的高效抗菌多肽聚合物展示治疗溃疡慢性感染和免疫调节功能华东理工大学刘润辉教授课题组《Adv. Funct. Mater.》综述：解决植入材料异物反应新材料策略及应用进展华东理工刘润辉教授课题组：蚕丝蛋白启发的一类新型高效抗粘附和抗植入异物反应高分子材料华东理工大学刘润辉教授《德国应用化学》：发展新型多肽模拟物研究领域重要突破并展示治疗耐药菌感染潜力华东理工大学刘润辉教授《德国应用化学》：建立条件温和、对水分不敏感的β-NTA开环聚合实现敞口制备β-多肽突破华东理工大学刘润辉教授课题组与上海瑞金康复医院合作：发现模拟宿主防御肽的多肽聚合物对临床分离的多药耐药细菌显示广谱高活性华东理工大学刘润辉教授课题组：宿主防御肽模拟多肽聚合物抗临床多药耐药铜绿假单胞菌研究华东理工大学刘润辉教授JACS封面: 在生物材料表面调控细胞行为研究的最新成果华东理工大学刘润辉教授课题组：基于β-多肽聚合物的生物医用材料抗菌表面修饰华东理工大学刘润辉教授课题组：模拟宿主防御肽的β多肽聚合物构筑高效抗菌表面华东理工大学刘润辉教授课题组：模拟宿主防御肽的快速、高效和广谱抗菌β-多肽聚合物华东理工大学刘润辉教授和北京化工大学徐福建教授合作发表抗菌材料综述论文华东理工大学刘润辉教授课题组在NCA开环聚合方法研究取得突破性成果 高分子科技原创文章。欢迎个人转发和分享，刊物或媒体如需转载，请联系邮箱：info@polymer.cn诚邀投稿欢迎专家学者提供稿件（论文、项目介绍、新技术、学术交流、单位新闻、参会信息、招聘招生等）至info@polymer.cn，并请注明详细联系信息。高分子科技®会及时推送，并同时发布在中国聚合物网上。欢迎加入微信群 为满足高分子产学研各界同仁的要求，陆续开通了包括高分子专家学者群在内的几十个专项交流群，也包括高分子产业技术、企业家、博士、研究生、媒体期刊会展协会等群，全覆盖高分子产业或领域。目前汇聚了国内外高校科研院所及企业研发中心的上万名顶尖的专家学者、技术人员及企业家。申请入群，请先加审核微信号PolymerChina（或长按下方二维码），并请一定注明：高分子+姓名+单位+职称（或学位）+领域（或行业），否则不予受理，资格经过审核后入相关专业群。点这里“阅读原文”，查看更多阅读原文可在兔角膜板层缺损部位原位自发形成水凝胶，无需外加触发剂…",,,,pending
西华师范大学刘琦/黄驰团队 Angew：太阳光驱动组分自引发光聚合 - 构筑高性能宽温域柔性锌空气凝胶电解质,高分子科技,高分子科技,"RIOnews API, 聚合物新材料, 凝胶, 电池, 学术研究, 大学, 教授, 期刊",normal,2026-08-13T12:04:06+08:00,,点击上方“蓝字” 一键订阅柔性锌空气电池（FZAB）因锌资源丰富、能量密度高、安全且成本低，成为柔性电子产品的理想候选。电解质作为核心组件，桥接电极并调控离子传输，对器件性能起决定性作用。传统液体电解质虽导电率高，但泄漏风险与刚性封装限制其柔性应用。准固态凝胶聚合物电解质（GPE）兼具快速离子传输、防漏液和机械柔性，成为极具潜力的替代方案。然而，GPE制备多依赖热或紫外引发聚合，需外加引发剂或催化剂，能耗高且残留物损害长期稳定性。加之FZAB半开放结构导致水分蒸发与低温冻结，碱性环境易诱发锌枝晶不可控生长，这些问题构成当前研究的瓶颈。近日，西华师范大学刘琦、黄驰团队提出一种组分自引发光聚合策略,http://mp.weixin.qq.com/s?__biz=MzA5NjUyNjc5Ng==&mid=2651657915&idx=6&sn=f5e93a37a69253df186e70b52e80b38b,,点击上方“蓝字” 一键订阅柔性锌空气电池（FZAB）因锌资源丰富、能量密度高、安全且成本低，成为柔性电子产品的理想候选。电解质作为核心组件，桥接电极并调控离子传输，对器件性能起决定性作用。传统液体电解质虽导电率高，但泄漏风险与刚性封装限制其柔性应用。准固态凝胶聚合物电解质（GPE）兼具快速离子传输、防漏液和机械柔性，成为极具潜力的替代方案。然而，GPE制备多依赖热或紫外引发聚合，需外加引发剂或催化剂，能耗高且残留物损害长期稳定性。加之FZAB半开放结构导致水分蒸发与低温冻结，碱性环境易诱发锌枝晶不可控生长，这些问题构成当前研究的瓶颈。近日，西华师范大学刘琦、黄驰团队提出一种组分自引发光聚合策略,"点击上方“蓝字” 一键订阅柔性锌空气电池（FZAB）因锌资源丰富、能量密度高、安全且成本低，成为柔性电子产品的理想候选。电解质作为核心组件，桥接电极并调控离子传输，对器件性能起决定性作用。传统液体电解质虽导电率高，但泄漏风险与刚性封装限制其柔性应用。准固态凝胶聚合物电解质（GPE）兼具快速离子传输、防漏液和机械柔性，成为极具潜力的替代方案。然而，GPE制备多依赖热或紫外引发聚合，需外加引发剂或催化剂，能耗高且残留物损害长期稳定性。加之FZAB半开放结构导致水分蒸发与低温冻结，碱性环境易诱发锌枝晶不可控生长，这些问题构成当前研究的瓶颈。近日，西华师范大学刘琦、黄驰团队提出一种组分自引发光聚合策略，利用电解质组分柠檬酸钠（SC）作为光活性成分，在可见光照射下数分钟内引发乙烯基单体聚合，在温和条件下构建出凝胶电解质。所得凝胶聚合物电解质冻结低至-69.1°C，在-40°C下离子电导率仍达109 mS·cm-1，基于其组装的FZAB在-40°C可长时间稳定循环。这一成果以“Component Self-Initiated Photopolymerization for Gel Polymer Electrolytes in Zinc–Air Batteries”为题发表于《Angewandte Chemie International Edition》。并被编辑选为Very Important Paper文章。西华师范大学化学化工学院硕士研究生李平和青年教师周大刚博士为论文第一作者，西华师范大学刘琦副教授和黄驰博士为该论文的通讯作者。FZAB需要凝胶聚合物电解质来确保离子传输、界面稳定性和机械灵活性，但它们的发展受到机械坚固性、低温耐受性和制造效率之间权衡的限制。作者团队开发了一种组分自引发光聚合策略，在可见光照射下无需外部引发剂即可在几分钟内实现快速凝胶化，为制备高性能GPE提供了一条有效途径。在富含质子的微环境中，柠檬酸钠（SC）经历质子耦合电子转移，产生自由基，引发海藻酸钠（SA）基质中乙烯基单体的共聚，形成聚合物水凝胶（AASx-SA）。此外，SC通过霍夫迈斯特效应诱导网络致密化，并调节电化学性能，从而产生机械坚固、树枝晶抑制和抗冻的GPE。这项工作建立了一种电解质设计策略，其中单个电解质组分集成了光引发、结构构建和电化学调节（图1）。图1 通过组分自引发光聚合策略形成凝胶电解质的制备示意图。基于AAS25-SA的FZAB在宽温度范围（-40至60°C）内表现出优异的电化学性能（图2）。在-40°C下仍可提供高比容量和长稳定循环，展现出卓越的宽温域耐久性。AAS25-SA基FZAB可在液氮环境中仍可维持工作，彰显了其在极端环境下的可靠运行能力。图2 基于AAS25-SA-GPE的FZAB在电化学特性。近年来，该团队在以太阳光为驱动力构建非传统可见光引发体系制备高性能聚合物方向取得系列成果：例如，将传统光催化剂g-C3N4作为光活性组分用于乙烯基活性单体聚合，构建原位纠缠的强韧水凝胶（Small, 2024, 20(32) 2311647）；在此基础上，发掘深共晶溶剂与g-C3N4共同引发乙烯基单体聚合，构建宽温域运行的水凝胶传感器（Chemical Engineering Journal 2025, 518, 164389）；并解析了非传统光引发体系中加入电子转移试剂的可见光引发反应机理，优化了可见光聚合体系（Chemical Engineering Journal 2026 (538) 176421）。论文链接：http://doi.org/10.1002/anie.3048454相关进展西华师范大学刘琦课题组 CEJ：无引发剂太阳能光聚合制备高性能、宽环境适应性和可回收水凝胶传感器西华师范大学刘琦课题组《Small》：原位可见光引发快速制备低滞后、高弹性、高强韧和可回收的异质水凝胶传感器高分子科技原创文章。欢迎个人转发和分享，刊物或媒体如需转载，请联系邮箱：info@polymer.cn诚邀投稿欢迎专家学者提供稿件（论文、项目介绍、新技术、学术交流、单位新闻、参会信息、招聘招生等）至info@polymer.cn，并请注明详细联系信息。高分子科技®会及时推送，并同时发布在中国聚合物网上。欢迎加入微信群 为满足高分子产学研各界同仁的要求，陆续开通了包括高分子专家学者群在内的几十个专项交流群，也包括高分子产业技术、企业家、博士、研究生、媒体期刊会展协会等群，全覆盖高分子产业或领域。目前汇聚了国内外高校科研院所及企业研发中心的上万名顶尖的专家学者、技术人员及企业家。申请入群，请先加审核微信号PolymerChina（或长按下方二维码），并请一定注明：高分子+姓名+单位+职称（或学位）+领域（或行业），否则不予受理，资格经过审核后入相关专业群。点这里“阅读原文”，查看更多阅读原文提出一种组分自引发光聚合策略，在温和条件下构建出凝胶电解质...",,,,pending
储能奥德赛终抵归途｜智光储能付金建：机制破局，储能产业迎来价值回归新周期,储能网,储能网,"RIOnews API, 储能, 独立储能, 供电, 装机, 产能, 价格战, 投资, 政策, 补贴, 落地",normal,2026-08-13T12:03:22+08:00,,中国储能网讯：产业早年乘风狂奔，抢装潮、政策红利、低价内卷轮番登场，大家在峰谷套利、单一补贴的迷雾里辗转摸索，如同奥德修斯海上漂泊，历经产能过剩、收益缩水、政策退坡多重考验。而今“十五五”风光配储硬性指标、构网储能、算储一体化、容量电价落地等热点集中爆发，行业终将走出迷雾，正式迎来价值回归。储能不再是简单配套设备，而是新型电力系统核心资产，回归创造多元电网、产业、社会价值的本源。风光储能长期空间广阔，短期承压待破局国家能源局数据显示，全社会用电量持续增长，煤电发电占比降至五成，非化石能源地位持续提升。“十五五”规划四年半新增风光装机约10亿千瓦，硬性规定风光电站置信出力不低于10%，新能源主动,http://mp.weixin.qq.com/s?__biz=MzA3MjA3MzgwNw==&mid=2651978651&idx=1&sn=3ec898825cf3c079e75cc77f14789c45,,中国储能网讯：产业早年乘风狂奔，抢装潮、政策红利、低价内卷轮番登场，大家在峰谷套利、单一补贴的迷雾里辗转摸索，如同奥德修斯海上漂泊，历经产能过剩、收益缩水、政策退坡多重考验。而今“十五五”风光配储硬性指标、构网储能、算储一体化、容量电价落地等热点集中爆发，行业终将走出迷雾，正式迎来价值回归。储能不再是简单配套设备，而是新型电力系统核心资产，回归创造多元电网、产业、社会价值的本源。风光储能长期空间广阔，短期承压待破局国家能源局数据显示，全社会用电量持续增长，煤电发电占比降至五成，非化石能源地位持续提升。“十五五”规划四年半新增风光装机约10亿千瓦，硬性规定风光电站置信出力不低于10%，新能源主动,中国储能网讯：产业早年乘风狂奔，抢装潮、政策红利、低价内卷轮番登场，大家在峰谷套利、单一补贴的迷雾里辗转摸索，如同奥德修斯海上漂泊，历经产能过剩、收益缩水、政策退坡多重考验。而今“十五五”风光配储硬性指标、构网储能、算储一体化、容量电价落地等热点集中爆发，行业终将走出迷雾，正式迎来价值回归。储能不再是简单配套设备，而是新型电力系统核心资产，回归创造多元电网、产业、社会价值的本源。风光储能长期空间广阔，短期承压待破局国家能源局数据显示，全社会用电量持续增长，煤电发电占比降至五成，非化石能源地位持续提升。“十五五”规划四年半新增风光装机约10亿千瓦，硬性规定风光电站置信出力不低于10%，新能源主动配储、独立储能需求持续放量，产业长期增长确定性充足。但行业当下多重压力凸显：136号文机制电量退坡，114号文6小时容量补偿补贴偏低，难以覆盖投资；部分区域考核政策与实际运营脱节；系统运行成本上涨、电池消费税、原材料价格波动压缩项目收益；储能电站集中投建，专业运维人才缺口巨大。核心痛点在于储能多元价值未能完全市场化兑现，单一收益模式难以支撑规模化发展。价值重构：不止峰谷套利，挖掘储能全维度价值储能发展底层逻辑是价值为先，机制为基，需获得电网、业主、社会多方认可：电能量市场增效：提升系统效率与电池容量利用率，对冲电价波动，稳定项目收益。掘金辅助服务市场：高精度储能可深度参与一、二次调频；同时承接火电全部调节任务，减少机组损耗、延长设备寿命，该稳定价值目前缺乏收益兑现渠道。保障电网安全，解锁隐性社会价值：储能具备构网、黑启动、孤网运行能力，保障工业负荷不间断供电，筑牢高新能源占比电网安全底线。智光储能全场景解决方案，以技术破解行业难题依托青海、新疆、河北、广东、内蒙古多地标杆项目，智光打造一体化储能方案，四大核心优势直击行业需求：高系统效率、全链路安全保障、高精度调频性能、优异电芯一致性，适配孤网、风光配储、火电调频等复杂工况。源储统一调度：打破火电、新能源、储能分开调度模式，储能统一承担调频任务，提升电网稳定性，延缓火电退役。内蒙孤网构网储能标杆：集成煤电、风光、工业负荷，同一主体享受节电、稳供、绿电消纳多重收益，实现储能多元价值闭环落地。智能数字化运维：以技术降低运维人员专业门槛，缓解行业运维人力短缺难题。产业两大不可逆发展趋势收益模式：从单一套利走向多元叠加仅靠峰谷价差或单一调频无法支撑储能投资。未来储能将同步参与电力现货、容量补偿、辅助服务、孤网保供等多市场，多元收益是行业必然方向。行业竞争：从低价内卷转向价值竞争粗放价格战终将落幕。行业将回归综合价值比拼，政策完善配套机制、业主建立长期价值认知，具备全场景技术、全生命周期价值兑现能力的企业将构筑核心壁垒。短期挑战不改储能长期发展大势。智光储能将持续深耕源网荷储一体化，以硬核技术挖掘储能多元价值，推动产业机制完善、价值回归，携手行业共建新型电力系统，助力能源绿色转型。一审：潘 望二审：王谊秀由于微信改版，关注后请点击右上角，选择“设为星标”与“置顶”，以获得最新的文章更新投稿联系电话：***********（同微信）地址：北京市西城区阜成门外四川大厦东塔楼30层官网：www.escn.com.cn 投稿邮箱：ly83518@126.com,,,,pending
又一家固态电池公司拿下亿元级融资！,储能前沿,储能前沿,"RIOnews API, 储能, 系统集成, 融资, 量产, 批量生产, 落地",normal,2026-08-13T11:30:00+08:00,,近日，北京固芯能源科技有限公司获亿元级融资，本轮由投控东海领投，建元基金跟投。资料显示，固芯能源成立于2016年6月，注册资本2792万元，是一家集固态/半固态电池新材料研发、电芯设计、工艺开发、电芯试制和批量生产、模组和电池系统设计与测试于一体JMRH发展的高科技特种电池公司。固芯能源核心制造团队来自国内顶尖新能源全产业链整车大厂，同时固芯也是中科院物理所重要科研成果转化单位，形成“产业化落地+前沿技术研发”双轮驱动优势。量产团队深耕半固态电池标准化制造、品控与供应链体系，成功破解高端特种电池“技术先进、难以量产”的行业痛点；研发团队依托顶尖科研平台，掌握从底层材料改性到电池系统集成的全链条,http://mp.weixin.qq.com/s?__biz=Mzg3MjY1NTkxNg==&mid=2247600778&idx=4&sn=66d7bcd6c034056f2208e04c13d5e921,,近日，北京固芯能源科技有限公司获亿元级融资，本轮由投控东海领投，建元基金跟投。资料显示，固芯能源成立于2016年6月，注册资本2792万元，是一家集固态/半固态电池新材料研发、电芯设计、工艺开发、电芯试制和批量生产、模组和电池系统设计与测试于一体JMRH发展的高科技特种电池公司。固芯能源核心制造团队来自国内顶尖新能源全产业链整车大厂，同时固芯也是中科院物理所重要科研成果转化单位，形成“产业化落地+前沿技术研发”双轮驱动优势。量产团队深耕半固态电池标准化制造、品控与供应链体系，成功破解高端特种电池“技术先进、难以量产”的行业痛点；研发团队依托顶尖科研平台，掌握从底层材料改性到电池系统集成的全链条,近日，北京固芯能源科技有限公司获亿元级融资，本轮由投控东海领投，建元基金跟投。资料显示，固芯能源成立于2016年6月，注册资本2792万元，是一家集固态/半固态电池新材料研发、电芯设计、工艺开发、电芯试制和批量生产、模组和电池系统设计与测试于一体JMRH发展的高科技特种电池公司。固芯能源核心制造团队来自国内顶尖新能源全产业链整车大厂，同时固芯也是中科院物理所重要科研成果转化单位，形成“产业化落地+前沿技术研发”双轮驱动优势。量产团队深耕半固态电池标准化制造、品控与供应链体系，成功破解高端特种电池“技术先进、难以量产”的行业痛点；研发团队依托顶尖科研平台，掌握从底层材料改性到电池系统集成的全链条自研能力，为极端场景技术突破筑牢根基。扫码加入中国储能行业通讯录免责声明：本公众号文章版权归原作者及原出处所有 。内容为作者个人观点， 并不代表本公众号赞同其观点和对其真实性负责。本公众号并不用于商业目的，如有涉及侵权等，请及时告知，我们会尽快处理。本公众号拥有对此声明的最终解释权。,,,,pending
宁德时代成立两家新公司！,储能前沿,储能前沿,"RIOnews API, 宁德时代, 储能",normal,2026-08-13T11:30:00+08:00,,北京时代智科汽车零部件制造有限公司天眼查App显示，8月11日，北京时代智科汽车零部件制造有限公司成立，法定代表人为杨汉兵，注册资本100万人民币。公司经营范围含汽车零部件及配件制造、汽车零部件研发、新能源汽车电附件销售、新能源汽车换电设施销售等，注册地址位于北京市顺义区。股东信息显示，该公司由宁德时代（上海）智能科技有限公司100%持股，认缴出资100万元人民币，企业类型为有限责任公司（法人独资）。时代电服（厦门）控股有限公司8月12日，时代电服（厦门）控股有限公司成立，注册资本61亿元，经营范围包含：人工智能基础软件开发；新能源汽车电附件销售；数据处理和存储支持服务；信息技术咨询服务等。企,http://mp.weixin.qq.com/s?__biz=Mzg3MjY1NTkxNg==&mid=2247600778&idx=1&sn=258551f32d2ae5a6d31a894144366d5b,,北京时代智科汽车零部件制造有限公司天眼查App显示，8月11日，北京时代智科汽车零部件制造有限公司成立，法定代表人为杨汉兵，注册资本100万人民币。公司经营范围含汽车零部件及配件制造、汽车零部件研发、新能源汽车电附件销售、新能源汽车换电设施销售等，注册地址位于北京市顺义区。股东信息显示，该公司由宁德时代（上海）智能科技有限公司100%持股，认缴出资100万元人民币，企业类型为有限责任公司（法人独资）。时代电服（厦门）控股有限公司8月12日，时代电服（厦门）控股有限公司成立，注册资本61亿元，经营范围包含：人工智能基础软件开发；新能源汽车电附件销售；数据处理和存储支持服务；信息技术咨询服务等。企,北京时代智科汽车零部件制造有限公司天眼查App显示，8月11日，北京时代智科汽车零部件制造有限公司成立，法定代表人为杨汉兵，注册资本100万人民币。公司经营范围含汽车零部件及配件制造、汽车零部件研发、新能源汽车电附件销售、新能源汽车换电设施销售等，注册地址位于北京市顺义区。股东信息显示，该公司由宁德时代（上海）智能科技有限公司100%持股，认缴出资100万元人民币，企业类型为有限责任公司（法人独资）。时代电服（厦门）控股有限公司8月12日，时代电服（厦门）控股有限公司成立，注册资本61亿元，经营范围包含：人工智能基础软件开发；新能源汽车电附件销售；数据处理和存储支持服务；信息技术咨询服务等。企查查股权穿透显示，该公司由宁德时代全资持股。扫码加入中国储能行业通讯录免责声明：本公众号文章版权归原作者及原出处所有 。内容为作者个人观点， 并不代表本公众号赞同其观点和对其真实性负责。本公众号并不用于商业目的，如有涉及侵权等，请及时告知，我们会尽快处理。本公众号拥有对此声明的最终解释权。,,,,pending
2026新型电池储能与硅基负极技术交流会（深圳·10月）,储能前沿,储能前沿,"RIOnews API, 鹏辉能源, 储能, 储能系统, 系统集成, 循环寿命, 液冷, 负极材料, 快充",normal,2026-08-13T11:30:00+08:00,,在全球能源转型提速、我国储能产业规模与锂电产业链已居全球前列的背景下，行业仍面临储能技术迭代趋缓、长时储能经济性不足、产业化路径不清等系统性问题。同时，硅基负极材料因高容量、快充优势成为高比能电池的关键材料，但其体积膨胀、循环寿命、规模化制备与成本控制等瓶颈严重制约产业化进程。我院定于2026年10月27–29日在深圳同期举办两场专题会议：2026新型电池储能技术创新发展论坛——聚焦储能系统层面的技术突破与商业模式创新；2026硅基负极材料及应用技术交流会——深入研讨硅基负极的工程化难题与界面优化策略。两场会议系统联动，旨在从材料创新到系统集成协同推进，助力我国电池储能产业迈向成熟，为全球能源,http://mp.weixin.qq.com/s?__biz=Mzg3MjY1NTkxNg==&mid=2247600778&idx=3&sn=8a6e6046b1ab65861b251c3a0f375a60,,在全球能源转型提速、我国储能产业规模与锂电产业链已居全球前列的背景下，行业仍面临储能技术迭代趋缓、长时储能经济性不足、产业化路径不清等系统性问题。同时，硅基负极材料因高容量、快充优势成为高比能电池的关键材料，但其体积膨胀、循环寿命、规模化制备与成本控制等瓶颈严重制约产业化进程。我院定于2026年10月27–29日在深圳同期举办两场专题会议：2026新型电池储能技术创新发展论坛——聚焦储能系统层面的技术突破与商业模式创新；2026硅基负极材料及应用技术交流会——深入研讨硅基负极的工程化难题与界面优化策略。两场会议系统联动，旨在从材料创新到系统集成协同推进，助力我国电池储能产业迈向成熟，为全球能源,在全球能源转型提速、我国储能产业规模与锂电产业链已居全球前列的背景下，行业仍面临储能技术迭代趋缓、长时储能经济性不足、产业化路径不清等系统性问题。同时，硅基负极材料因高容量、快充优势成为高比能电池的关键材料，但其体积膨胀、循环寿命、规模化制备与成本控制等瓶颈严重制约产业化进程。我院定于2026年10月27–29日在深圳同期举办两场专题会议：2026新型电池储能技术创新发展论坛——聚焦储能系统层面的技术突破与商业模式创新；2026硅基负极材料及应用技术交流会——深入研讨硅基负极的工程化难题与界面优化策略。两场会议系统联动，旨在从材料创新到系统集成协同推进，助力我国电池储能产业迈向成熟，为全球能源转型提供有力支撑。 会议同期同地召开“第六届深圳氟硅材料高端应用展览会”、“2026ACMIE 化工新材料及精细化工展（华南站）”、 “深圳国际薄膜与胶带展”等二十场展览会。具体如下：扫码报名，一票通用01组织机构支持单位：中国石油和化学工业联合会中小企业工作委员会、硅产业绿色发展联盟 SAGSI主办单位：北京国化新材料技术研究院承办单位：ACMI新能源材料研究所支持媒体：储能前沿、ACMI 硅基新材料、氟化工、液冷与冷夜、ACMI 热视界、化工新材料会议网址：www.acmi.org.cn02暂定日程（一）时间地点会议时间：2026年10月27-29日会议场地：深圳国际会展中心（宝安新馆 14号馆）场地地址：深圳市宝安区福海街道展城路1号深圳国际会展中心（二）会议议程：03暂定议题新型电池储能技术论坛（10月28日）系列新政下新型储能应用前景分析——中国可再生能源学会储能专委会 李建林 秘书长全固态电池关键技术研究进展——中国科学院物理研究所 吴凡 博导全固态电池界面失效机制与改性策略(暂定)——中山大学 卢侠 教授兴储世纪钠离子电池研究与进展——兴储世纪科技股份有限公司 苏恒 钠电研究院院长全钒液流电池产业发展与挑战——中国科学院金属研究所 严川伟 研究员长时储能钒电池技术及应用——上海电气储能科技有限公司 杨霖霖 总经理氟化学赋能固态电池(暂定)——中国科学院上海有机化学研究所 郭勇副研究员铁铬液流电池长时储能进展——中海储能科技(北京)有限公司首席技术官 徐泉“风光氢储用”一体化能力建设与探索——安徽明天氢能科技股份有限公司 张健 品牌总经理氢电联姻:从制氢到长时储能，构建新型电力系统的'缓冲器’与'稳定器——氢辉能源(深圳)有限公司硅碳负极材料论坛（10月28-29日上午）碳负极多孔炭:从前驱体选择、结构精准构筑到高性能负极——厦门大学能源学院 郑志锋 副院长/教授/博导CVD硅碳材料的跨尺度储能机制与多级结构调控——哈尔滨工业大学化工与化学学院 王博 教授/博导纳米硅的双重改性策略提高硅负极循环稳定性——沈阳工业大学环境与化学工程学院 史发年 教授/博导CVD硅碳材料基础研究与产业化进展——哈尔滨工业大学(深圳)慈立杰 教授高性能硅负极材料制备技术——昆明理工大学 席风硕 教授CVD沉积硅碳用球形树脂多孔碳产业化进展——上海昱瓴新能源科技有限公司周杭 总经理硅基负极在锂电池中的应用与发展——广州鹏辉能源科技股份有限公司储能与动力电池研究院 张贵萍 副院长硅基负极技术迭代过程中的挑战——中南大学冶金与环境学院 周向阳 教授/博导新型粘结剂技术助推高比能量电池商用进程——浙江大学化工学院 张庆华 教授/博导硅基负极在固态电池中的应用——深圳索理德新材料科技有限公司 贾亚龙 总经理微纳米颗粒原子层沉积技术在锂电池中的应用及产业化探索——柔电(武汉)科技有限公司 闻海 经理多孔硅的制备及其合成的硅碳复合材料——东北大学冶金学院 罗洪杰 教授/博导单壁碳纳米管在硅负极材料的应用——奥科希艾尔贸易(深圳)有限公司 支沧海 总经理氧化亚硅负极材料的首次库伦效率提升机制及应用——江西理工大学 李小成 教授，博士生导师分级多孔碳载体设计及新型硅基负极材料开发——中国科学院上海硅酸盐研究所 孙壮 副研究员硅基负极多功能胶粘剂设计及性能研究——上海大学 施利毅 教授硅碳负极材料的低成本制备策略和应用研究——南京林业大学 陈健强 教授更多专家邀请中……04收费标准05联系方式洪 燕：***********liuhongyan@acmi.org.cn周 雯：***********zhouwen@acmi.org.cn 曾龙龙：***********zenglonglong@acmi.org.cn 扫码加入中国储能行业通讯录免责声明：本公众号文章版权归原作者及原出处所有 。内容为作者个人观点， 并不代表本公众号赞同其观点和对其真实性负责。本公众号并不用于商业目的，如有涉及侵权等，请及时告知，我们会尽快处理。本公众号拥有对此声明的最终解释权。,,,,pending
多氟多年产36000吨六氟磷酸锂项目获批！,储能前沿,储能前沿,"RIOnews API, 储能, 电解液, 投资",normal,2026-08-13T11:30:00+08:00,,据河南省焦作市生态环境局公示，日前，多氟多年产3.6万吨动力锂电池关键材料项目环境影响报告书获批复。项目名称：年产3.6万吨动力锂电池关键材料项目建设性质：改建项目投资：125000万元建设内容：(1) 拆除在建“电池电解液功能添加剂项目(三期工程)”已建厂房及厂区现有闲置 库，在原址上新建“年产3.6万吨动力锂电池关键材料生产线”；本项目建成后“电池电解液功能添加剂项目(三期工程)”不再进行建设。(2) 对现有“年产1万吨动力锂电池高端添加剂项目”和现有“年产3万吨超净高纯晶体六氟磷酸锂项目（一期工程）”制气工段进行技术升级改造，拆除原有制气装置，在“年产1万吨动力锂电池高端添加剂项目”原制,http://mp.weixin.qq.com/s?__biz=Mzg3MjY1NTkxNg==&mid=2247600778&idx=2&sn=092c1317ab5f070c057930cee2013592,,据河南省焦作市生态环境局公示，日前，多氟多年产3.6万吨动力锂电池关键材料项目环境影响报告书获批复。项目名称：年产3.6万吨动力锂电池关键材料项目建设性质：改建项目投资：125000万元建设内容：(1) 拆除在建“电池电解液功能添加剂项目(三期工程)”已建厂房及厂区现有闲置 库，在原址上新建“年产3.6万吨动力锂电池关键材料生产线”；本项目建成后“电池电解液功能添加剂项目(三期工程)”不再进行建设。(2) 对现有“年产1万吨动力锂电池高端添加剂项目”和现有“年产3万吨超净高纯晶体六氟磷酸锂项目（一期工程）”制气工段进行技术升级改造，拆除原有制气装置，在“年产1万吨动力锂电池高端添加剂项目”原制,据河南省焦作市生态环境局公示，日前，多氟多年产3.6万吨动力锂电池关键材料项目环境影响报告书获批复。项目名称：年产3.6万吨动力锂电池关键材料项目建设性质：改建项目投资：125000万元建设内容：(1) 拆除在建“电池电解液功能添加剂项目(三期工程)”已建厂房及厂区现有闲置 库，在原址上新建“年产3.6万吨动力锂电池关键材料生产线”；本项目建成后“电池电解液功能添加剂项目(三期工程)”不再进行建设。(2) 对现有“年产1万吨动力锂电池高端添加剂项目”和现有“年产3万吨超净高纯晶体六氟磷酸锂项目（一期工程）”制气工段进行技术升级改造，拆除原有制气装置，在“年产1万吨动力锂电池高端添加剂项目”原制气装置处新建五氟化磷制气装置。产品方案：主产3.6万吨/年晶体六氟磷酸锂；同时副产 31%盐酸和 38%氢氟酸。现有六氟磷酸锂生产线制气工段改造，仅为工艺的提升改造，改造后产生的五氟化磷全部用于后续六氟磷酸锂的生产，改造前后六氟磷酸锂产品规模不变。文章来源：焦作市生态环境局、氟化工扫码加入中国储能行业通讯录免责声明：本公众号文章版权归原作者及原出处所有 。内容为作者个人观点， 并不代表本公众号赞同其观点和对其真实性负责。本公众号并不用于商业目的，如有涉及侵权等，请及时告知，我们会尽快处理。本公众号拥有对此声明的最终解释权。,,,,pending
大手笔！磷酸铁锂赛道再迎110亿元投资！,储能前沿,储能前沿,"RIOnews API, 磷酸铁锂, 铁锂, 储能, 产能, 增资, 投资",normal,2026-08-13T11:30:00+08:00,,钛能化学8月11日晚连发两则公告，加码磷酸铁锂产业链，两项投资合计约110亿元。其一，全资子公司甘肃东方钛业拟在甘肃白银投建“年产60万吨磷酸铁/磷酸铁钠前驱体（磷酸铁）项目”，投资总额54.62亿元。项目分两期建设（一期40万吨、二期20万吨），一期建设周期不超过18个月，二期将视市场环境审慎推进。其二，公司对控股子公司贵州中合磷化增资2.6亿元，并合资建设“年产40万吨钛白粉及140万吨七水硫酸亚铁项目”，投资总额55.38亿元，选址贵阳开阳化工园区，建设周期不超过36个月。该项目是公司与贵州磷化集团“磷-硫-钛-铁-锂-氟”循环耦合一体化战略的核心组成部分。钛能化学原为中核钛白，深耕硫酸,http://mp.weixin.qq.com/s?__biz=Mzg3MjY1NTkxNg==&mid=2247600778&idx=5&sn=f2247988fe3a1f91acf97c256473d278,,钛能化学8月11日晚连发两则公告，加码磷酸铁锂产业链，两项投资合计约110亿元。其一，全资子公司甘肃东方钛业拟在甘肃白银投建“年产60万吨磷酸铁/磷酸铁钠前驱体（磷酸铁）项目”，投资总额54.62亿元。项目分两期建设（一期40万吨、二期20万吨），一期建设周期不超过18个月，二期将视市场环境审慎推进。其二，公司对控股子公司贵州中合磷化增资2.6亿元，并合资建设“年产40万吨钛白粉及140万吨七水硫酸亚铁项目”，投资总额55.38亿元，选址贵阳开阳化工园区，建设周期不超过36个月。该项目是公司与贵州磷化集团“磷-硫-钛-铁-锂-氟”循环耦合一体化战略的核心组成部分。钛能化学原为中核钛白，深耕硫酸,钛能化学8月11日晚连发两则公告，加码磷酸铁锂产业链，两项投资合计约110亿元。其一，全资子公司甘肃东方钛业拟在甘肃白银投建“年产60万吨磷酸铁/磷酸铁钠前驱体（磷酸铁）项目”，投资总额54.62亿元。项目分两期建设（一期40万吨、二期20万吨），一期建设周期不超过18个月，二期将视市场环境审慎推进。其二，公司对控股子公司贵州中合磷化增资2.6亿元，并合资建设“年产40万吨钛白粉及140万吨七水硫酸亚铁项目”，投资总额55.38亿元，选址贵阳开阳化工园区，建设周期不超过36个月。该项目是公司与贵州磷化集团“磷-硫-钛-铁-锂-氟”循环耦合一体化战略的核心组成部分。钛能化学原为中核钛白，深耕硫酸法钛白粉多年，近年已转型为钛化工、磷化工、新能源材料协同发展的综合企业，成功构建“硫-磷-铁-钛-锂”绿色循环产业模式。目前，公司拥有钛白粉产能近70万吨/年、磷矿50万吨/年、黄磷12万吨/年、磷酸铁10万吨/年，产业基地横跨甘肃、安徽、贵州、四川四省五市。公司表示，磷酸铁锂已成为全球锂电池最主要技术路线，磷酸铁前驱体市场需求持续增长，上述项目将进一步完善其新能源材料业务布局，巩固在第五代高性能磷酸铁锂领域的竞争力。两项投资均采用分期建设模式，以控制风险并灵活应对市场变化。扫码加入中国储能行业通讯录免责声明：本公众号文章版权归原作者及原出处所有 。内容为作者个人观点， 并不代表本公众号赞同其观点和对其真实性负责。本公众号并不用于商业目的，如有涉及侵权等，请及时告知，我们会尽快处理。本公众号拥有对此声明的最终解释权。,,,,pending
今日科普 | 六大新兴支柱产业，真正缺的是哪些材料,今日新材料,今日新材料,"RIOnews API, 新材料, 电池, 电解液, 凝胶, 技术进展, 技术突破, 性能突破, 技术验证, 工艺优化, 量产推进, 批量交付, 产能",normal,2026-08-13T11:30:00+08:00,,当前市场热议的六大新兴支柱产业，普遍聚焦芯片、航空飞行器、创新医药、低空装备、储能设施与人形机器人等终端产品。但纵观产业发展规律，各类新兴赛道从技术样机走向规模化量产、从概念落地走向商业化普及，核心瓶颈从来不是创意理念或方案图纸，而是基础新材料。高端制造产业化的核心壁垒，集中落在五大核心维度：材料综合性能能否匹配终端需求、生产工艺是否具备稳定落地窗口、上下游供应链是否自主可控、生产成本能否持续下探、产品能否通过下游客户严苛认证。这也是未来数年，新材料赛道具备长期投资与产业价值的核心逻辑。从政策与产业数据来看，国家发改委明确，集成电路、航空航天、生物医药、低空经济、新型储能、智能机器人六大新兴支,http://mp.weixin.qq.com/s?__biz=MzkwMTEzMjE5OQ==&mid=2247683235&idx=8&sn=964dabd5fdf85d03efb22c44c959f443,,当前市场热议的六大新兴支柱产业，普遍聚焦芯片、航空飞行器、创新医药、低空装备、储能设施与人形机器人等终端产品。但纵观产业发展规律，各类新兴赛道从技术样机走向规模化量产、从概念落地走向商业化普及，核心瓶颈从来不是创意理念或方案图纸，而是基础新材料。高端制造产业化的核心壁垒，集中落在五大核心维度：材料综合性能能否匹配终端需求、生产工艺是否具备稳定落地窗口、上下游供应链是否自主可控、生产成本能否持续下探、产品能否通过下游客户严苛认证。这也是未来数年，新材料赛道具备长期投资与产业价值的核心逻辑。从政策与产业数据来看，国家发改委明确，集成电路、航空航天、生物医药、低空经济、新型储能、智能机器人六大新兴支,当前市场热议的六大新兴支柱产业，普遍聚焦芯片、航空飞行器、创新医药、低空装备、储能设施与人形机器人等终端产品。但纵观产业发展规律，各类新兴赛道从技术样机走向规模化量产、从概念落地走向商业化普及，核心瓶颈从来不是创意理念或方案图纸，而是基础新材料。高端制造产业化的核心壁垒，集中落在五大核心维度：材料综合性能能否匹配终端需求、生产工艺是否具备稳定落地窗口、上下游供应链是否自主可控、生产成本能否持续下探、产品能否通过下游客户严苛认证。这也是未来数年，新材料赛道具备长期投资与产业价值的核心逻辑。从政策与产业数据来看，国家发改委明确，集成电路、航空航天、生物医药、低空经济、新型储能、智能机器人六大新兴支柱产业，2025年整体产值已逼近6万亿元，预计2030年将突破10万亿元大关，产业扩容空间广阔。与此同时，“十五五”规划纲要重点提出，要提速发展新材料、新一代信息技术、新能源、高端装备等战略性新兴产业，持续巩固稀土、稀有金属、超硬材料等领域的全球竞争优势。这一定位彻底厘清了行业认知：新材料并非六大支柱产业的附属配套领域，而是决定各赛道产能释放速度、技术迭代上限、全球核心竞争力的底层核心变量。研判六大新兴产业的发展机遇，不能局限于终端产品热度与市场概念，更要深挖各赛道产业化进程中的材料短板与关键瓶颈。一、集成电路：隐形的材料战场，决定产业量产良率集成电路是典型的材料高度依赖型产业，芯片全产业链的每一道工序，都离不开高纯度、高一致性、高稳定性的专用材料体系。市场舆论长期聚焦光刻机、EDA软件、先进制程等核心设备与技术，但在实际晶圆制造、封装量产环节，材料品质直接决定芯片良率、产品稳定性与生产成本，是产业发展的隐形核心战场。结合产业环节划分，半导体关键材料主要分为三大类别，且均被纳入2026年集成电路企业税收优惠核心清单，政策扶持属性明确：其一，晶圆制造核心材料。涵盖8英寸及以上大尺寸硅片、硅单晶、光刻胶、掩模版、电子特气、湿电子化学品、溅射靶材、CMP抛光液与抛光垫等核心品类，是芯片前段制程的基础保障。其二，先进封装专用材料。随着AI芯片算力持续升级，封装环节已从传统的芯片防护工序，升级为决定芯片性能上限的关键环节，ABF载板、环氧塑封料、底填胶、临时键合材料、玻璃基板、低介电树脂、热界面材料等封装材料的战略价值持续攀升。其三，化合物半导体材料。碳化硅、氮化镓、磷化铟、砷化镓等新型材料，分别适配新能源汽车高压平台、射频通信、光模块、激光器、卫星通信、CPO等高端场景，是第三代半导体产业迭代的核心支撑。半导体材料行业的核心竞争逻辑，并非简单实现国产替代、完成产品自研，而是国产产品能否长期稳定导入头部企业量产产线。该领域具备验证周期长、客户切换成本高、供应链粘性极强的特点，能够通过终端认证、实现批量供货、持续优化量产良率的企业，将长期占据赛道核心红利。二、航空航天：以材料为基石，筑牢高端装备可靠性壁垒航空航天产业对材料的核心要求可概括为四大核心指标：轻量化、高强度、耐高温、高可靠，且所有材料均需经过超长周期、高严苛度的试验验证，是高端材料的“试炼场”。传统航空装备领域，高温合金、钛合金、铝锂合金、碳纤维复合材料、陶瓷基复合材料、耐烧蚀材料是长期刚需核心品类。而商业航天、可重复使用飞行器的快速发展，进一步拉高了材料的性能门槛。航空发动机热端部件、火箭箭体结构、飞行器热防护系统、推进剂贮箱等核心组件，均依赖高端特种材料实现性能突破。当前赛道核心机遇集中在四大方向：一是粉末高温合金与高端高温合金。主要用于航空发动机涡轮叶片、盘件、燃烧室等核心部件，需具备超强耐高温、抗蠕变、抗疲劳性能，技术壁垒极高，是航空动力装备的核心卡脖子材料。二是高端碳纤维复合材料。凭借超高比强度优势，广泛应用于飞行器机体、卫星结构、无人机、火箭壳体等部件，通过材料轻量化与结构优化，可有效提升装备续航、载荷与机动性能，是航空航天轻量化迭代的核心支撑。三是陶瓷基复合材料。适配高温极端工况，可替代传统金属材料应用于航空发动机、燃气轮机热端结构，是未来高端航空装备升级的核心材料方向。四是耐烧蚀与热防护材料。精准匹配可重复使用火箭、高超声速飞行器、太空再入装备的极端工况需求，是商业航天产业化、高端飞行器迭代的关键保障。不同于消费电子的快速迭代逻辑，航空航天材料的竞争核心是长期认证资质、批次性能一致性、装备体系适配性与极端工况可靠性。材料一旦纳入军工、航空航天定型型号，将形成长期稳定的刚性需求，赛道看似迭代缓慢，实则具备极高的技术与客户壁垒。三、生物医药：材料从配套器械，升级为核心治疗载体大众对生物医药产业的认知，多局限于创新药、疫苗、体外诊断、医疗器械等终端产品，但材料创新早已成为行业增量的核心驱动力，生物医用材料正从简单的器械配套部件，升级为疾病治疗、组织修复、生命康养的核心方案载体。当前核心赛道可分为四大类：一是生物医用高分子材料。包含PEEK、聚乳酸、聚己内酯、医用聚氨酯、水凝胶、医用硅橡胶等，广泛应用于植入式医疗器械、介入导管、组织工程支架、可降解医疗耗材与药物缓释系统，是临床应用最广泛的医用材料品类。二是医用金属植入材料。钛合金、钴铬合金、医用不锈钢是骨科、牙科植入体的主流材料，而可降解镁合金凭借“临时支撑、自主降解、无需二次手术”的独特优势，成为行业研发热点，目前行业核心攻坚方向为精准控制降解速度、维持力学稳定性、完成临床合规验证。三是生物活性修复材料。羟基磷灰石、生物玻璃、胶原、壳聚糖、细胞外基质材料等，突破了传统材料“被动适配人体”的局限，可主动参与人体组织修复、再生与代谢，是再生医学、精准医疗的核心底层材料。四是高端诊断与医用耗材材料。膜材料、色谱填料、功能微球、免疫磁珠、核酸提取基材、医用功能性涂层、微流控芯片材料等，是高端体外诊断、精准检测、生物实验的核心支撑。2026年国家卫健委出台的相关指导原则，明确在守住安全底线的前提下，大力扶持创新性、个性化生物医学新技术的临床转化。这意味着生物医药产业的竞争，已从单一的新药研发，升级为材料、器械、检测、临床转化的全方位综合竞争。生物医用材料的核心壁垒并非单纯性能参数，而是生物相容性、灭菌稳定性、长期植入安全性、临床数据积累与合规认证体系，也是企业构建核心竞争力的关键。四、低空经济：褪去概念热度，轻量化与安全材料率先落地低空经济是近年热度最高的新兴赛道之一，覆盖民用无人机、eVTOL载人飞行器、低空物流配送、空中巡检、应急救援、农林植保、城市空中交通等多元场景。产业数据显示，2023年我国低空经济市场规模达5059.5亿元，预计2026年将突破万亿元，产业扩容速度迅猛。但低空经济的产业化核心，并非实现单次飞行演示，而是达成安全、稳定、低成本的常态化反复运营，这也让四大类材料成为赛道最先落地、最核心的刚需品类：第一，轻量化碳纤维复合材料。低空飞行器对整机减重高度敏感，机身、机臂、旋翼、核心结构件均需高比强度材料支撑，碳纤维复合材料可显著降低整机自重，直接提升飞行器续航里程与有效载荷，是低空装备产业化的基础材料。第二，高能量密度电池材料。飞行器续航、载荷能力与运行安全的核心瓶颈在于电池体系，高镍正极、硅碳负极、固态电池基材、阻燃电解液、热管理材料等，是突破低空飞行器续航短板、保障飞行安全的核心。第三，阻燃隔热与热防护材料。随着低空经济向载人飞行、城市空域运营进阶，电池热失控防控、整机结构阻燃、高温隔热的需求大幅提升，气凝胶、阻燃复合材料、陶瓷化硅橡胶、耐高温绝缘材料将迎来大规模验证与落地机遇。第四，低空感知与通信配套材料。常态化低空飞行离不开空域管理、导航避障、实时通信体系支撑，光学功能材料、雷达基材、低介电通信材料、天线材料、电子封装材料将同步受益于赛道扩容。此外，2026年多部门联合发文推进低空保险体系建设，明确2030年将建成完善的低空经济政策与风险保障框架，标志着行业已从技术展示阶段，全面迈入安全运营、商业化落地、标准化建设的新阶段。因此，低空经济的材料机遇，核心不在于飞行器制造端，而在于能够解决轻量化、安全性、长寿命、合规认证与批量交付的优质材料企业。五、新型储能：从电芯性能竞争，转向系统级材料竞争新型储能是能源结构转型、新型电力系统建设的核心支撑。国家能源局数据显示，截至2026年一季度，我国新型储能装机规模已突破1.4亿千瓦，行业彻底告别示范试点阶段，进入规模化、商业化全面落地周期，储能材料的竞争逻辑也随之迭代升级。行业早期发展阶段，市场聚焦电芯核心材料的能量密度提升，重点关注磷酸铁锂、三元正极、石墨负极、电解液、隔膜等基础品类。而在储能电站大规模落地后，行业核心痛点从单一电芯性能，转向系统安全、循环寿命、综合成本、回收利用等系统性问题，材料竞争维度全面升级：首先，正负极材料仍是储能电芯核心根基。磷酸铁锂凭借高安全、长寿命、低成本的核心优势，持续占据储能市场主流；钠离子电池凭借资源优势、低成本、长循环特性，在低速储能、大规模备用储能等场景具备广阔替代空间。其次，电解液、隔膜与功能添加剂决定系统安全边界。储能场景对电池循环稳定性、热安全性、成本敏感度极高，阻燃电解液、耐高温隔膜、高稳定性成膜添加剂，是保障储能电站长期安全运行的关键。再者，热管理与防火阻燃材料成为新增量核心。规模化储能电站的风险核心是热失控扩散，舱体隔热、阻燃防火、气体探测、热传导管控等系统级材料，成为行业扩容过程中的刚需增量赛道。最后，长时储能打开全新材料体系空间。液流电池、压缩空气储能、重力储能、氢储能、钠硫电池等长时储能技术路线，分别带动离子交换膜、专用电解液、储氢材料、耐腐蚀基材、密封材料等细分品类的需求增长。当前储能材料的核心竞争力，已不再是单纯追求能量密度突破，而是在安全性能、循环寿命、建设成本、运维难度之间实现最优平衡。未来赛道竞争，将彻底从电芯内部材料迭代，延伸至储能系统全链条材料的综合比拼。六、智能机器人：材料是样机量产的核心门槛以人形机器人为代表的智能机器人产业，正快速从实验室样机演示，迈向小批量交付、规模化量产的关键阶段。产业数据显示，2025年国内人形机器人出货量达1.8万台，2026年出货量有望攀升至6.25万台，行业机构预测全年产量或将突破10万至20万台级，产业落地速度超市场预期。市场普遍将机器人产业竞争聚焦于AI算法、控制系统、伺服电机等核心硬件，但从产业化落地视角来看，材料体系才是决定机器人能否规模化量产、实现商用落地的核心瓶颈，五大材料赛道至关重要：一是轻量化结构材料。机器人自主续航、持续作业的核心是降低自重负荷，铝合金、镁合金、碳纤维复合材料、PEEK、PPS、PAEK等高性能工程塑料，是机器人机身结构轻量化的核心选材。二是关节传动专用材料。减速器、精密轴承、传动齿轮、丝杠、谐波传动等核心运动部件，对耐磨、抗疲劳、尺寸稳定性、润滑性能要求严苛，高强合金、粉末冶金材料、固体润滑材料、功能涂层材料是保障机器人精准运行、低噪长寿的关键。三是柔性感知与电子皮肤材料。导电橡胶、柔性电极、离子凝胶、压阻材料、介电弹性体等柔性材料，让机器人突破“机械运动”局限，具备触觉感知、压力识别、环境适配能力，是智能化升级的核心支撑。四是电池与热管理材料。兼顾续航能力、快充性能、运行安全与轻量化需求，高适配电池材料、阻燃隔热材料、高效导热散热材料，直接决定机器人的商用体验与运行稳定性。五是仿生外覆与功能材料。随着机器人逐步进入家庭、医疗、陪护等民用场景，具备抗菌、耐污、耐老化、阻燃、仿生触感的外覆材料，将成为提升产品竞争力、适配民用场景的重要加分项。机器人材料赛道最易被市场低估，核心原因是行业前期聚焦核心硬件与算法迭代，但进入量产阶段后，材料性能将直接决定产品成本、自重、使用寿命、运行噪音、安全系数与用户体验，是产业化落地的核心底层支撑。七、产业核心主线：六大赛道共享三大材料能力壁垒纵观六大新兴支柱产业的材料需求，各赛道看似独立，实则汇聚三条通用核心主线，也是未来新材料产业的核心竞争维度：第一，极限性能材料能力。各高端赛道均对材料极致性能提出刚需：芯片产业需要超高纯、低缺陷、低介电、高导热材料；航空航天需要高强、耐高温、耐烧蚀材料；生物医药需要高生物相容、可降解材料；低空经济需要轻质高强复合材料；储能需要高安全、长寿命储能材料；智能机器人需要轻量化、耐磨、柔性功能材料，极限性能是高端制造的基础门槛。第二，工程化稳定落地能力。当前国内新材料领域，多数品类均可实现实验室样品突破、论文技术验证，但能实现批次一致性、工艺稳定性、长期可靠性量产的企业寥寥无几。产业盈利的核心逻辑，从来不是率先做出样品，而是率先实现稳定供货、良率可控、成本可控的规模化量产。第三，供应链自主可控能力。“十五五”规划重点强调做强稀土、稀有金属、超硬材料等优势基础品类，这类基础原材料虽少有市场热度，却是高端制造全产业链的底层资源保障。未来材料产业的竞争，不再是单一产品性能比拼，而是资源储备、提纯加工、精细制造、循环回收、风险对冲的全供应链能力竞争。八、新材料企业产业化与投资核心研判标准结合六大支柱产业的产业化需求，可通过五大核心维度，精准研判新材料赛道的真实价值与企业成长潜力：一是是否构成下游产业性能瓶颈。若材料仅为配套升级、锦上添花，产业价值有限；若材料直接决定终端产品良率、续航、散热、安全、寿命等核心指标，属于刚需瓶颈品类，具备长期高价值成长空间。二是是否进入下游客户实质验证阶段。未通过客户认证的材料，始终停留在概念与样品层面；进入终端验证、小批量测试环节，才真正迈入产业化落地通道。三是是否具备批量量产稳定性。新材料研发的核心难点并非单次极致性能突破，而是数百上千批次的指标稳定、工艺稳定、质量稳定，这是企业规模化盈利的核心壁垒。四是是否具备持续降本空间。多数高端新材料受限于成本，仅能适配小众高端场景，只有具备规模化降本、工艺优化降本能力的品类，才能打开通用市场，实现产业爆发。五是是否具备国产替代与供应链安全逻辑。在集成电路、航空航天、生物医药、高端装备等核心领域，供应链自主可控是国家战略核心方向，具备国产替代属性的材料企业，将持续享受政策与产业红利。未来新材料行业将持续涌现热点概念，但真正具备长期价值的企业，是能够穿越市场热度、落地终端产线、锁定稳定订单、实现持续现金流的硬核制造企业。结语：高端制造的终极竞争，是材料体系的竞争六大新兴支柱产业覆盖赛道各异、技术路径不同，但产业升级的底层逻辑高度统一：高端制造向高端化、规模化、全球化进阶，核心依赖永远是新材料体系。高纯电子材料支撑芯片良率提升，高温合金与复合材料成就高端航空装备，生物医用材料赋能精准医疗产业化，轻量化安全材料保障低空经济常态化运营，长寿命安全材料支撑新型储能规模化落地，多功能特种材料解锁人形机器人商用未来。新材料的核心价值，从来不局限于实验室技术突破与样品性能超越，而是跨越“可研发、可试制”到“可量产、可商用”的产业鸿沟，攻克性能适配、批次稳定、工艺可控、供应链安全、成本优化、合规认证六大核心难题。当前各产业的核心瓶颈，早已不是单点技术缺失，而是工程化、体系化的材料能力不足。六大新兴支柱产业的核心底座，并非单一的设备、算法或技术，而是一套完整、稳定、可控的新材料产业体系。未来产业竞争，比拼的是材料体系、工艺积淀与供应链稳定性的综合实力。读懂六大新兴产业，无需追逐终端概念热度，只需聚焦量产卡点、良率瓶颈、成本痛点对应的关键材料。能够把新材料做稳定、做可靠、做平价的企业，终将掌握高端制造产业的核心入场券。（来源：领军投资）,,,,pending
期刊园地 | RMR重磅综述：哈工大张晓东教授综述高性能WC基硬质合金制备、调控与智能设计新进展,今日新材料,今日新材料,"RIOnews API, 新材料, 高熵, 学术研究, 大学, 教授, 期刊, 技术进展, 最新进展, 技术突破, 制备工艺",normal,2026-08-13T11:30:00+08:00,,导语硬质合金凭借高硬度、高耐磨性以及良好的综合力学性能，被誉为“工业牙齿”，广泛应用于航空航天、机械加工、矿山钻探、医疗器械以及国防装备等关键领域。其中，以碳化钨（WC）为硬质相、Co等过渡金属为粘结相的WC基硬质合金，长期以来一直是高端制造领域不可替代的重要材料。然而，随着先进制造技术向高精度、高效率和极端服役环境发展，传统微米级WC基硬质合金逐渐难以满足对高硬度、高韧性以及长寿命服役性能的综合需求。研究发现，通过将WC晶粒进一步细化至超细/纳米尺度，可以显著提升材料硬度、耐磨性以及强韧匹配性能。但与此同时，纳米WC粉体具有高比表面积和高活性，在烧结过程中极易发生异常晶粒长大，导致材料性能下,http://mp.weixin.qq.com/s?__biz=MzkwMTEzMjE5OQ==&mid=2247683235&idx=7&sn=d3c2919b3b11bab381606ddfe58c90a6,,导语硬质合金凭借高硬度、高耐磨性以及良好的综合力学性能，被誉为“工业牙齿”，广泛应用于航空航天、机械加工、矿山钻探、医疗器械以及国防装备等关键领域。其中，以碳化钨（WC）为硬质相、Co等过渡金属为粘结相的WC基硬质合金，长期以来一直是高端制造领域不可替代的重要材料。然而，随着先进制造技术向高精度、高效率和极端服役环境发展，传统微米级WC基硬质合金逐渐难以满足对高硬度、高韧性以及长寿命服役性能的综合需求。研究发现，通过将WC晶粒进一步细化至超细/纳米尺度，可以显著提升材料硬度、耐磨性以及强韧匹配性能。但与此同时，纳米WC粉体具有高比表面积和高活性，在烧结过程中极易发生异常晶粒长大，导致材料性能下,导语硬质合金凭借高硬度、高耐磨性以及良好的综合力学性能，被誉为“工业牙齿”，广泛应用于航空航天、机械加工、矿山钻探、医疗器械以及国防装备等关键领域。其中，以碳化钨（WC）为硬质相、Co等过渡金属为粘结相的WC基硬质合金，长期以来一直是高端制造领域不可替代的重要材料。然而，随着先进制造技术向高精度、高效率和极端服役环境发展，传统微米级WC基硬质合金逐渐难以满足对高硬度、高韧性以及长寿命服役性能的综合需求。研究发现，通过将WC晶粒进一步细化至超细/纳米尺度，可以显著提升材料硬度、耐磨性以及强韧匹配性能。但与此同时，纳米WC粉体具有高比表面积和高活性，在烧结过程中极易发生异常晶粒长大，导致材料性能下降。因此，如何实现纳米WC基硬质合金的高致密化与晶粒精准调控，成为该领域亟待解决的重要科学问题。围绕高性能WC基硬质合金的发展方向，张晓东教授团队开展系统综述研究，全面总结了纳米尺度WC基硬质合金的制备方法、先进烧结技术、晶粒生长抑制策略以及智能化性能预测方法。文章重点分析了过渡金属碳化物（TMCs）、稀土元素/稀土氧化物（RE/REO）对WC晶粒演变和力学性能调控机制，并进一步介绍了机器学习、高熵合金等新兴策略在WC基材料设计中的应用进展。该综述指出，未来WC基硬质合金的发展将不再局限于传统经验优化，而是通过纳米结构设计、元素协同调控以及人工智能辅助预测，实现材料组成、制备工艺与服役性能之间的精准关联，为下一代高性能切削工具和极端环境结构材料开发提供重要理论支撑。文章信息DOI: https://doi.org/10.1016/j.revmat.2026.100245文章亮点速览亮点一｜突破纳米WC硬质合金制备瓶颈研究内容：围绕纳米WC基硬质合金制备过程中晶粒易长大、结构难保持等问题，文章系统总结了纳米WC粉体制备方法及先进烧结技术，包括液相前驱体法、机械合金化、真空烧结、热等静压烧结和放电等离子烧结等。通过优化粉体制备与烧结工艺，实现WC晶粒细化、高致密化与组织稳定性的协同控制。研究价值：为突破传统WC基硬质合金晶粒尺寸限制提供关键技术路径，有效提升材料硬度、耐磨性及综合力学性能，为高性能切削工具和极端服役材料开发奠定基础。亮点二｜揭示晶粒生长调控机制研究内容：文章系统梳理了过渡金属碳化物（VC、Cr₃C₂、Mo₂C、TaC）以及稀土元素/氧化物（Y、La、Ce）对WC晶粒演变行为的调控机制。研究表明，过渡金属碳化物可通过界面钉扎作用抑制晶界迁移，稀土元素则可通过界面偏聚、晶界净化等方式优化WC-Co界面结构，多元素协同添加能够进一步实现晶粒精准调控。研究价值：揭示了元素调控WC晶粒生长和性能增强的内在机制，为突破硬质合金强度与韧性之间的传统矛盾、实现高性能材料设计提供理论支撑。亮点三｜人工智能赋能硬质合金设计研究内容：文章总结了机器学习在WC基硬质合金设计中的最新进展，通过建立“成分—工艺—组织—性能”之间的关联模型，实现对硬度、断裂韧性、晶粒尺寸等关键性能指标的预测。同时，文章介绍了WC-高熵合金等新型材料体系的发展潜力，探索多组元设计与智能优化相结合的新路径。研究价值：推动WC基硬质合金研发从传统经验优化向数据驱动设计转变，提高材料开发效率，为下一代高性能硬质合金及极端环境应用材料研发提供新思路。文章核心图表结语WC基硬质合金作为现代工业制造领域的重要基础材料，其性能提升始终围绕“晶粒细化、组织优化与性能增强”这一核心目标展开。从传统微米级材料到纳米结构硬质合金，再到人工智能辅助设计的新型材料体系，WC基硬质合金正在经历从经验制造向精准调控和智能设计的深刻转变。张晓东教授团队的综述系统梳理了纳米WC基硬质合金的发展历程，深入解析了粉体制备、先进烧结、晶粒生长控制、稀土与过渡金属协同调控以及机器学习预测等关键方向，构建了高性能WC基硬质合金发展的完整技术框架。未来，随着先进烧结技术、多元素协同设计、高熵材料理念以及人工智能算法的进一步融合，WC基硬质合金有望实现更高水平的强韧匹配和服役可靠性，为航空航天、智能制造、精密加工等领域的发展提供更加坚实的材料支撑。作者介绍张晓东哈尔滨工业大学教授、博士生导师张晓东，哈尔滨工业大学材料科学与工程学院教授、博士生导师，纳米表面工程课题组负责人。主要从事极端服役环境下纳米结构陶瓷涂层、先进表面工程及空间材料等领域研究。主持国家自然科学基金、国家重点研发计划课题、国家重大科技专项等科研项目，在纳米结构陶瓷涂层设计、制备及服役性能调控方面取得系列研究成果。已发表学术论文百余篇，相关成果发表于Applied Surface Science、Journal of the European Ceramic Society、Journal of Advanced Ceramics 等期刊，并担任多本国际期刊审稿人。曾获中国航空学会科学技术奖二等奖、辽宁省科技进步二等奖、中国建筑材料科学技术奖二等奖等省部级科技奖励，入选工信部与国家外专局联合评选的“高端装备人才培训计划”。现任《轴承》《材料保护》等期刊编委，并担任《中国表面工程》《热喷涂技术》等青年编委。阅读原文点击链接，获取文章全文：https://www.sciencedirect.com/science/article/pii/S3050913026001129点击文末“阅读全文”，轻松跳转到完整文章页面，精彩内容不容错过！期刊影响力支持计划为进一步提升期刊学术影响力，鼓励高质量研究成果的交流与传播，学会面向积极支持Transactions of Materials Research (TMR)与Review of Materials Research (RMR)论文的作者，推出期刊影响力共建支持计划。支持条件:1.在高质量核心期刊发表的论文中，一年内累计参考TMR / RMR论文≥10 次。或2.在TMR/RMR发表的单篇论文，一年内被引用≥10 次。学会支持与权益:1.年度颁发学会“学术能力荣誉证书”；2.优先推荐担任专题客座编辑、编委或青年编委；3.学会主办会议中，专题主席或学术报告机会优先考虑；4.官方平台人物专访及科研方向展示，提升学术影响力。TMR和RMR文章分类总结：TMR和RMR期刊文章引用分类在线表格，数据实时更新：https://docs.qq.com/sheet/DVnNRSUhwSFhqd0h0?tab申报通知：请符合条件的作者将期刊引用证明材料提交至编辑部进行审核，提交邮箱为 liupingping@cmrs.org.cn，邮件主题请注明【TMR/RMR】期刊引用证明材料。编辑部在收到材料后将尽快完成审核，并及时反馈审核结果；审核通过的作者将由中国材料研究学会颁发证书。RMR&TMR 长期征稿启事期刊领域Review of Materials Research (RMR) 接收综述类论文，重点涵盖以下类型稿件：Flash Report（快速报道）：前沿重大突破或原创进展；Concise Reviews（简明评论）：热点领域的简明综述；Comprehensive Survey（研究进展综述）：重要领域的系统性综；Strategic Commentary（战略评述）：针对重大科研战略领域的专题评述。Transactions of Materials Research (TMR)接收原创研究类论文，重点涵盖以下类型稿件：Materials Frontier（前沿材料与交叉学科）：面向材料科学的最新突破性进展与交叉研究成果；Metallic Materials（金属材料）：金属材料科学与技术领域的原创性研究、关键机制揭示或技术突破；Inorganic Materials（无机非金属材料）：陶瓷、玻璃、碳基材料、复合材料等重要基础研究与应用进展；Polymer Materials（高分子材料）：高分子材料的重要理论进展、结构调控策略与性能提升研究。投稿优待&激励政策（一）论文奖励体系免全部 APC 出版费（开放获取），线下纸刊1 万册全球赠送推广；有机会入选封面故事，获赠纸刊与学会媒体宣传；颁发“中国材料研究学会特邀论文发表证书”；10% 优秀论文评选，颁发“优秀论文证书”；设立“高水平论文（金牌）”，于学会年会开幕式隆重颁发。（二）学会激励政策在RMR & TMR发表的作者，参评学会科学技术奖、青年科技奖、博士生创新奖等享有同等条件优先的政策；RMR & TMR的发表数量与引用情况将作为：增选学会理事的重要依据、二级分会设立的参考指标；对在RMR & TMR贡献突出的学者：在院士推选、国家奖励推荐、青年人才举荐等方面享有同等条件优先的政策。（三）快速高效发表机制平均30 天上线，保证研究成果在最短时间传播到全球材料学术界。投稿特别要求原创性强、研究水平高单一第一作者 + 单一通讯作者投稿方式欢迎材料科学研究者积极咨询与投稿！RMR 投稿网址：https://submit.elsevier.com/REVMATTMR 投稿网址：https://submit.elsevier.com/TRAMAT期刊详细信息咨询，请联系马老师：微信：abcdmy182电话：***********邮箱：mayan@cmrs.org.cnRMR 官网：https://www.sciencedirect.com/journal/review-of-materials-researchTMR 官网：https://www.sciencedirect.com/journal/transactions-of-materials-research出品｜中国材料研究学会来源｜中国材料研究学会期刊中心作者｜马艳排版｜马艳,,,,pending
研究透视 | 南京大学谭海仁团队，钙钛矿太阳能电池-钝化薄膜，Nature,今日新材料,今日新材料,"RIOnews API, 新材料, 钙钛矿, 电池",normal,2026-08-13T11:30:00+08:00,,"环境敏感型卤化铵盐，已成为钙钛矿太阳能电池不可或缺的表面钝化材料，并在实验室尺度上，展现出广泛而优异的应用效果。然而，卤化铵盐对湿度极为敏感，通常需要在惰性气氛下进行操作。再加上大面积狭缝涂布过程中，钝化剂分布不均的问题，使得这类表面处理技术，在常压环境下应用于米级钙钛矿太阳能组件的制备，仍然面临巨大挑战。近日，南京大学Dongdong Xu,，谭海仁、肖科等研究者在Nature上发文，采用化学性质稳定的羧酸铅作为钝化剂，应用于经特殊设计、表面天然富集甲脒碘化铵(FAI)的钙钛矿薄膜材料。通过由2-Me、1，3-二氧戊环(DOL)与DMSO组成的高饱和蒸气压溶剂体系，设计出一种富含甲脒碘化铵(",http://mp.weixin.qq.com/s?__biz=MzkwMTEzMjE5OQ==&mid=2247683235&idx=3&sn=ecde979aa54e61ff623022873bb5a559,,"环境敏感型卤化铵盐，已成为钙钛矿太阳能电池不可或缺的表面钝化材料，并在实验室尺度上，展现出广泛而优异的应用效果。然而，卤化铵盐对湿度极为敏感，通常需要在惰性气氛下进行操作。再加上大面积狭缝涂布过程中，钝化剂分布不均的问题，使得这类表面处理技术，在常压环境下应用于米级钙钛矿太阳能组件的制备，仍然面临巨大挑战。近日，南京大学Dongdong Xu,，谭海仁、肖科等研究者在Nature上发文，采用化学性质稳定的羧酸铅作为钝化剂，应用于经特殊设计、表面天然富集甲脒碘化铵(FAI)的钙钛矿薄膜材料。通过由2-Me、1，3-二氧戊环(DOL)与DMSO组成的高饱和蒸气压溶剂体系，设计出一种富含甲脒碘化铵(","环境敏感型卤化铵盐，已成为钙钛矿太阳能电池不可或缺的表面钝化材料，并在实验室尺度上，展现出广泛而优异的应用效果。然而，卤化铵盐对湿度极为敏感，通常需要在惰性气氛下进行操作。再加上大面积狭缝涂布过程中，钝化剂分布不均的问题，使得这类表面处理技术，在常压环境下应用于米级钙钛矿太阳能组件的制备，仍然面临巨大挑战。近日，南京大学Dongdong Xu,，谭海仁、肖科等研究者在Nature上发文，采用化学性质稳定的羧酸铅作为钝化剂，应用于经特殊设计、表面天然富集甲脒碘化铵(FAI)的钙钛矿薄膜材料。通过由2-Me、1，3-二氧戊环(DOL)与DMSO组成的高饱和蒸气压溶剂体系，设计出一种富含甲脒碘化铵(FAI)的钙钛矿表面，该表面随后与羧酸铅钝化剂：油酸铅(Pb(OA)2)发生反应，以增强载流子传输和表面钝化，形成一层在大气环境下具有优异稳定性的保护屏障。基于此策略制备的钙钛矿太阳能组件，在开口面积为810 cm²和总面积为0.72 m²时，分别实现了24.0%和22.0%的认证光电转换效率(PCE)，并完全符合国际电工委员会(IEC)61215标准的相关要求。这些成果代表了可规模化、工业可行的钙钛矿光伏器件迄今报告的最高性能。Lead carboxylates passivation for meter-scale perovskite solar modules. 在米级钙钛矿太阳能组件中羧酸铅的钝化应用图1 钙钛矿薄膜的表面状态图2 不同钙钛矿表面钝化剂图3 LCP表面钝化图4 PSMs的性能图5 0.72 m²光伏组件可靠性试验文献链接Xu, D., Xiao, K., Liu, Y. et al. Lead carboxylates passivation for meter-scale perovskite solar modules. Nature (2026). https://doi.org/10.1038/s41586-026-10994-7本文译自Nature。来源：今日新材料仅代表译者观点。若有误，请联系修改；若侵权，请联系删除！",,,,pending
复旦团队首次制备单铜氧层高温超导体！,今日新材料,今日新材料,"RIOnews API, 新材料, 量子, 产品发布, 全新, 展出, 学术研究, 大学, 教授, 科学院, 研究所",normal,2026-08-13T11:30:00+08:00,,高温超导电性是未来高效电力传输和高性能电子器件发展的重要方向但其微观机理始终是凝聚态物理的“皇冠之谜”北京时间8月12日晚间复旦大学物理学系张远波教授团队与合作者以“Superconducting 2D cuprate with a single CuO₂ plane”为题在《自然》（Nature）发表研究成果成功将铜基高温超导体削薄至仅含一个超导平面——即单个CuO₂面这一“极限操作”不仅证实了高温超导的二维本质更在超导-绝缘体转变的临界点发现了奇异的“反常金属态”和量子临界现象为研究高温超导机理提供了全新的量子实验平台论文标题摘要截图逼近物理极限：从“双层”到“单层”的跨越超导体，是一类在,https://mp.weixin.qq.com/s?__biz=MzkwMTEzMjE5OQ==&mid=2247683235&idx=6&sn=2f1845bff38f64b8e149772e840beca8,,高温超导电性是未来高效电力传输和高性能电子器件发展的重要方向但其微观机理始终是凝聚态物理的“皇冠之谜”北京时间8月12日晚间复旦大学物理学系张远波教授团队与合作者以“Superconducting 2D cuprate with a single CuO₂ plane”为题在《自然》（Nature）发表研究成果成功将铜基高温超导体削薄至仅含一个超导平面——即单个CuO₂面这一“极限操作”不仅证实了高温超导的二维本质更在超导-绝缘体转变的临界点发现了奇异的“反常金属态”和量子临界现象为研究高温超导机理提供了全新的量子实验平台论文标题摘要截图逼近物理极限：从“双层”到“单层”的跨越超导体，是一类在,高温超导电性是未来高效电力传输和高性能电子器件发展的重要方向但其微观机理始终是凝聚态物理的“皇冠之谜”北京时间8月12日晚间复旦大学物理学系张远波教授团队与合作者以“Superconducting 2D cuprate with a single CuO₂ plane”为题在《自然》（Nature）发表研究成果成功将铜基高温超导体削薄至仅含一个超导平面——即单个CuO₂面这一“极限操作”不仅证实了高温超导的二维本质更在超导-绝缘体转变的临界点发现了奇异的“反常金属态”和量子临界现象为研究高温超导机理提供了全新的量子实验平台论文标题摘要截图逼近物理极限：从“双层”到“单层”的跨越超导体，是一类在特定转变温度之下电阻为零且呈现完全抗磁性的材料，能广泛应用于电力传输和储能、医学成像、磁悬浮列车、量子计算等领域，具有重要的科学研究和技术应用价值。1986年，约翰内斯·贝德诺尔茨（J. Georg Bednorz）和卡尔·亚历山大·米勒（K. Alex Müller）在镧钡铜氧化物（La-Ba-Cu-O）中发现了高温超导现象，临界温度高达30 K（“K”为热力学温度单位“开尔文”，30 K = -243.15 ℃），该成果获得了1987年诺贝尔物理学奖。此后，科学家对铜基高温超导体展开了深入研究，已发展出数十种材料体系。这些铜基高温超导体虽在化学组成和超导临界温度上各不相同，却都具有一大共同特征——超导性诞生于一层极薄的原子级二维铜氧平面。然而，按照物理学传统理论，在二维世界里，取得超导这样的“有序状态”是非常不稳定的，极易被热涨落破坏。为何高温超导能在二维铜氧面上稳定存在？这是理解高温超导机理的关键。要直面这一问题，最直接的策略就是把材料做薄到极致，甚至缩减到原子级别的厚度，去观察超导性的变化。然而，铜氧化物原子层极为脆弱，易受空气与加工工艺影响，氧含量也难以稳定精控，给保持本征性质的材料制备和测量带来很大挑战。单层材料2019年，张远波团队与合作者曾制备出单层Bi2Sr2CaCu2O8+δ，并首次提供直接的实验证据，证明二维极限下的单层铜基超导体具有和块体铜基超导体相同的超导特性，揭示了高温超导的二维本质，研究成果发表于Nature。此次，团队更进一步，在前期研究基础上，成功制备出只含单个CuO₂面的极限二维铜氧化物超导体——单层Bi2Sr2CuO6+δ（Bi‑2201）。“我们首次将铜氧化物的厚度从双层推进至真正的单层结构，实现了对铜氧化物超导属性的极限验证。实测数据强有力地支持了‘铜氧化物高温超导是强二维现象’的观点，为这一长期假设提供了关键实验证据。”张远波表示。张远波教授自主研发，打造“原位调控”的科研利器要制备并测量极薄的原子级二维平面，需要攻克材料脆弱、易受空气与加工工艺影响、氧含量难以稳定精控等数道实验难关。面对市场上缺乏专用设备的困境，张远波课题组走上了一条自主研发仪器的道路。实验室仪器团队在惰性气氛的低温环境中完成了样品解理与器件制备，结合微电极冷焊，解决了单层铜氧化物易被空气和水汽破坏的难题。更重要的是，团队发展了具有极高精度的掺杂调控技术，实现了对氧含量的可逆调节。“我们一边测量，一边通过控制臭氧浓度和温度来精确调节材料的氧含量。”通讯作者之一、复旦大学物理学系教授阮威介绍。凭借这一“原位调控”技术，团队实现了高达δp≈0.0005的掺杂分辨率，得以观测从莫特绝缘相到整个超导穹顶的完整物理相图。阮威教授基于前沿实验仪器与创新技术，他们发现，单层材料的最佳超导转变温度比块体降低了大约10%，这说明厚度确实会影响超导温度。但与此同时，单层材料完整保留了块体材料的关联系统特征，这表明，尽管厚度降低会影响超导转变温度，但铜氧化物的核心物理属性在单个CuO₂面中依然完好呈现，这也提供了对二维极限下超导属性的关键验证。团队成员观察材料利用对极欠掺杂区的高精度可调控，团队进一步将温度降至约100 mK，深入探索了超导-绝缘体的量子临界区域，取得了意想不到的发现。团队在单层Bi-2201中观测到了一个奇特的量子临界现象：随着温度降低，传统量子临界点附近的普适标度行为失效，取而代之的是其有效临界指数随着接近临界区而迅速发散，呈现出典型的量子格里菲斯奇异性。更为重要的是，在零温极限下，超导与绝缘之间出现了反常金属态，其电阻在低温饱和为有限值。这一反常金属态既可以通过降低空穴掺杂获得，也可以通过外加垂直磁场获得。这一发现与玻色金属图象相吻合：高温超导由一种无能隙、非超流的二维玻色体系经由量子相变涌现。这一发现不仅揭示了单个CuO₂面中的真实维度效应，更为研究量子临界现象与反常金属态提供了一个高度可调、品质优异的二维实验平台。向高温超导领域持续“添砖加瓦”锚定核心问题，用几年时间攻坚克难，这种稳步而深入的探索是张远波团队的鲜明特色。本次成果不仅将高温超导推向了真正的单层极限，发现了前人未观测到的新现象，也为研究高温超导机制打下了扎实基础。团队成员在实验室进行操作“我们的贡献可以说是往领域内‘添了一块砖’。”团队表示，这项研究首次在单铜氧面极限下同时实现了“干净的体系”和“精细的调控”，相当于提供了一个“可控变量”的实验平台，让研究者能系统追踪超导从无到有、从弱到强的完整转化路径。高温超导从1986年发现至今已近四十年，机理仍未完全破解，但每一次对“极限条件”的逼近，材料更薄、更纯、更可控，都是一次添砖加瓦，将答案的边界再往深处推进一步。下一步，团队将继续聚焦高温超导领域重大问题，探索更高性能的高温超导体；攻克材料器件制备工艺和物性测量中的关键难题，持续推进新型二维量子材料等方向的研究。团队合影复旦大学物理学系张远波教授、阮威教授和中国科学技术大学陈仙辉教授为论文的共同通讯作者。研究合作单位包括复旦大学、中国科学技术大学、英属哥伦比亚大学、浙江大学、中国人民大学、上海交通大学、中国科学院物理研究所、魏茨曼科学研究院、清华大学等。本研究得到了科技部国家重点研发计划、教育部基础学科和交叉学科突破计划、国家自然科学基金委员会原创探索计划、科技部重大项目、上海市科学技术委员会、新基石科学基金会等项目和单位的支持。论文链接：https://www.nature.com/articles/s41586-026-10857-1来源：物理学系组稿：校融媒体中心文字：殷梦昊 邓晗摄影、视频：李玲编辑：徐晨欣责编：殷梦昊 邓晗复旦大学版权所有联系邮箱：Fudan_media@fudan.edu.cn,,,,pending
研究透视 | 山东大学-全球退役光伏组件回收，Nature,今日新材料,今日新材料,"RIOnews API, 新材料, 绿色, 可持续, 学术研究, 大学, 教授, 期刊",normal,2026-08-13T11:30:00+08:00,,近日，山东大学蓝绿发展研究院李佳硕教授团队联合澳大利亚阿德莱德大学、华中科技大学、香港大学、太原理工大学、瑞典林雪平大学等国内外科研团队，在Nature发表题为Towards an equitable future of global photovoltaic waste recycling的研究论文。研究构建了到2060年全球32个区域的退役光伏组件回收策略综合评估框架，刻画了光伏关键材料价格影响下的退役光伏组件时空演变特征，量化了不同回收技术组合下的经济与碳减排收益，对比了本地和不同跨区域回收模式下的全球与区域收益差异，设计了多种补贴政策对于缓解区域收益差距的差异化影响，为全球制定因地制宜,http://mp.weixin.qq.com/s?__biz=MzkwMTEzMjE5OQ==&mid=2247683235&idx=4&sn=0df3db1866b098f12add9c0935f821c4,,近日，山东大学蓝绿发展研究院李佳硕教授团队联合澳大利亚阿德莱德大学、华中科技大学、香港大学、太原理工大学、瑞典林雪平大学等国内外科研团队，在Nature发表题为Towards an equitable future of global photovoltaic waste recycling的研究论文。研究构建了到2060年全球32个区域的退役光伏组件回收策略综合评估框架，刻画了光伏关键材料价格影响下的退役光伏组件时空演变特征，量化了不同回收技术组合下的经济与碳减排收益，对比了本地和不同跨区域回收模式下的全球与区域收益差异，设计了多种补贴政策对于缓解区域收益差距的差异化影响，为全球制定因地制宜,"近日，山东大学蓝绿发展研究院李佳硕教授团队联合澳大利亚阿德莱德大学、华中科技大学、香港大学、太原理工大学、瑞典林雪平大学等国内外科研团队，在Nature发表题为Towards an equitable future of global photovoltaic waste recycling的研究论文。研究构建了到2060年全球32个区域的退役光伏组件回收策略综合评估框架，刻画了光伏关键材料价格影响下的退役光伏组件时空演变特征，量化了不同回收技术组合下的经济与碳减排收益，对比了本地和不同跨区域回收模式下的全球与区域收益差异，设计了多种补贴政策对于缓解区域收益差距的差异化影响，为全球制定因地制宜的退役光伏组件回收策略和治理模式提供了科学依据。山东大学博士生王晨、澳大利亚阿德莱德大学左剑教授、华中科技大学陈新宇教授为共同第一作者；山东大学李佳硕教授为论文独立通讯作者。论文合作者包括阿德莱德大学常瑞东副教授，香港大学冯奎双教授，山东大学元鹏飞博士、辛宇博士后、刘茜教授、田沛佩教授，太原理工大学李静副教授，以及瑞典林雪平大学John Laurence Esguerra助理教授。本研究获得国家自然科学基金、澳大利亚研究理事会、香港研究资助局、山东大学—阿德莱德大学种子基金的资助。在全球应对气候变化背景下，光伏产业迎来规模化、跨越式发展，已成为全球能源绿色转型的核心支柱与增速最快的清洁能源之一。光伏组件普遍拥有25—30年的运行寿命，前期大规模装机存量逐渐迈入规模化退役周期，海量退役组件即将迎来集中报废浪潮。退役光伏组件蕴含硅、银、铜等大量高价值战略矿产资源，同时含铅、氟等有害污染物，若缺乏科学规范的处置，随意填埋、粗放处理不仅会造成永久性土壤与水体污染，引发严峻生态环境风险，还将导致巨量优质资源流失，严重制约光伏产业闭环式、可持续发展。当前全球光伏产业发展与回收体系呈现显著地域不均衡特征，不同国家和地区的光伏装机存量结构、回收技术水平及经济发展水平差异巨大，单一化、标准化的回收治理策略难以适配全球差异化发展格局。因此，研判全球光伏组件退役时空演变规律、量化不同区域回收方案的综合效益、制定因地制宜的精细化回收管控策略，已成为全球光伏循环经济、生态环境保护与能源可持续发展领域亟待攻克的前沿科学问题，更是支撑全球光伏产业高质量、低碳化、闭环化发展的关键议题。为此，研究团队将全球变化评估模型（GCAM）、关键材料价格函数、动态物质流分析和全生命周期评价纳入统一框架，构建了多模型耦合的情景。通过对超过1700种政策与技术组合情景的系统量化比较，团队不仅揭示了关键材料供给约束与光伏部署规模之间的动态反馈机制，还精细刻画了退役组件从区域到国家的时空迁移规律。研究预测，到2060年，全球累积退役光伏组件规模将高达2.97亿—4.02亿吨。特别值得关注的是，退役重心的区域格局将发生显著转移：即由欧美等高收入地区转移到中国、印度等新兴经济体。研究发现，若考虑矿石品位下降、开采成本上升等因素，硅和银等关键材料价格可能上涨数倍，进而显著推高光伏新增装机的原材料成本，在高价格情景下将导致全球累计装机规模减少高达1900 GW，同时使退役组件总规模削减高达700万吨。图1 研究框架在回收技术层面，研究团队评估了机械回收、化学回收和热解回收等不同技术组合在各地区的经济与碳减排效益。通过综合考虑回收技术进步曲线、关键材料价格上行趋势及通货膨胀等动态因素，模型测算表明，全球退役光伏组件回收产业大致在2035—2040年间整体迈过盈亏平衡点；在高材料价格情景下，到2060年，全球累计净经济收益可达数千亿美元量级。与此同时，规模化回收利用每年可减少上亿吨生命周期二氧化碳当量温室气体排放，充分彰显了回收退役组件“二次矿山”的资源价值与环境正外部性。研究进一步对比了本地回收、生产者责任延伸模式以及多种区域贸易型回收等跨区域治理模式的综合效益。结果显示，跨区域回收能够显著提升全球退役光伏组件回收经济收益；但这一模式也会重新分配区域间的收益，甚至扩大不同区域回收经济收益差距。为此，研究创新性地引入递减式补贴、持续补贴和碳价补贴等干预机制，系统比较其缓解区域收益差距的效果。其中，递减式补贴机制展现出最优的成本效益，即用较少财政补贴即可有效改善收益分配，避免长期补贴依赖。依据上述发现，研究团队提出一套兼顾经济与环境双重收益、并着力减少区域不均衡的全球退役光伏组件回收综合策略。该策略强调，未来全球退役光伏组件回收治理须同步考量技术创新节奏、产业空间布局与政策工具适配，通过差异化国别政策、定向技术转移和深度国际合作，构建绿色、高效、可持续的闭环循环体系。同时，研究也明确指出，后续工作应进一步聚焦于精细化补贴时序安排与补贴政策模式的优化，从而为全球退役光伏组件回收治理框架的持续完善提供更具操作性的策略建议。【论文链接】https://www.nature.com/articles/s41586-026-10905-w李佳硕国家优秀青年基金获得者山东省重点人才工程青年专家山东大学杰出中青年学者北京大学博士，山东大学前沿交叉科学研究院教授，博士生导师，国家自然科学基金委优青获得者，山东省重点人才工程青年专家。研究领域为能源清洁低碳转型管理，具体包括：能源基础设施转型经济社会环境综合影响评估和清洁低碳转型策略等。在Nature、Nature子刊和Cell姊妹刊等国内外知名期刊发表论文50余篇。相关成果被Nature及其子刊等知名期刊以及联合国环境署等国际机构报告正面评价和引用。主持国家自然科学基金委重点项目等课题5项，担任多个国内外知名期刊编委。服务管理实践，政策专报获得党和国家领导人肯定性批示。文献链接Wang, C., Zuo, J., Chen, X. et al. Towards an equitable future of global photovoltaic waste recycling. Nature (2026). https://doi.org/10.1038/s41586-026-10905-w本文译自Nature。来源：威海前沿交叉科学研究院、威海校区人事处",,,,pending
保时捷退出大众排放池 转身找中国外援小鹏汽车,电动学堂,电动学堂,"RIOnews API, 新材料, 碳",normal,2026-08-13T11:25:21+08:00,,电动学堂8月12日消息，据Schmidt Automotive Research报道，一份8月5日提交至欧盟委员会的文件显示，保时捷已退出大众集团碳排放池，转而与中国小鹏汽车组建开放排放池，共同核算2026至2027年的车队碳排放。据悉，欧盟排放池机制允许多家车企合并计算新车平均碳排放，电动车卖得多的企业可以把富余额度“匀给”或卖给高排放的盟友。按照欧盟2025年起施行的新规，乘用车车队平均碳排放需降至93.6克/公里，每超标1克按每辆车95欧元罚款，业内估算全行业潜在罚单最高达150亿欧元。但在今年3月份欧盟松口，允许车企以2025-2027年三年平均值考核，但目标本身并未降低。报道称，保时,http://mp.weixin.qq.com/s?__biz=MzIyMTg1NDg0Mg==&mid=2247629704&idx=3&sn=e31287d94641ace5c0d2d5ac8b1e444c,,电动学堂8月12日消息，据Schmidt Automotive Research报道，一份8月5日提交至欧盟委员会的文件显示，保时捷已退出大众集团碳排放池，转而与中国小鹏汽车组建开放排放池，共同核算2026至2027年的车队碳排放。据悉，欧盟排放池机制允许多家车企合并计算新车平均碳排放，电动车卖得多的企业可以把富余额度“匀给”或卖给高排放的盟友。按照欧盟2025年起施行的新规，乘用车车队平均碳排放需降至93.6克/公里，每超标1克按每辆车95欧元罚款，业内估算全行业潜在罚单最高达150亿欧元。但在今年3月份欧盟松口，允许车企以2025-2027年三年平均值考核，但目标本身并未降低。报道称，保时,电动学堂8月12日消息，据Schmidt Automotive Research报道，一份8月5日提交至欧盟委员会的文件显示，保时捷已退出大众集团碳排放池，转而与中国小鹏汽车组建开放排放池，共同核算2026至2027年的车队碳排放。据悉，欧盟排放池机制允许多家车企合并计算新车平均碳排放，电动车卖得多的企业可以把富余额度“匀给”或卖给高排放的盟友。按照欧盟2025年起施行的新规，乘用车车队平均碳排放需降至93.6克/公里，每超标1克按每辆车95欧元罚款，业内估算全行业潜在罚单最高达150亿欧元。但在今年3月份欧盟松口，允许车企以2025-2027年三年平均值考核，但目标本身并未降低。报道称，保时捷的出走源于自身电动化的失速，2026年上半年其在西欧的纯电销量同比下滑约30%，纯电占比从去年同期的近四成跌至三成，而重新回归的燃油版Macan将进一步拉高排放均值。大众集团2025年车队平均排放约100克/公里，本就未能达标，甩掉保时捷这个“高排放包袱”后，集团凭借密集的纯电产品节奏，反而更有机会在三年考核期内压线过关。而之所以会是小鹏救急，本质原因是因为大众与小鹏双方渊源不浅：大众2023年就以7亿欧元入股小鹏4.99%，合作已从整车平台延伸到电子电气架构。并且，小鹏正在欧洲快速上量，上半年在西欧交付近2万辆，全年有望达到5万辆并超越极星成为当地销量最高的中国高端品牌，L03、G6、G9、P7+等车型组成的纯电阵容正是最优质的“排放额度供应商”。对保时捷而言，与其缴纳天价罚款，不如掏钱向小鹏购买额度；对小鹏来说，这笔监管积分收入几乎是纯利润，并且还能反哺欧洲扩张。事实上，特斯拉的排放池就曾吸纳Stellantis、丰田、福特、马自达、斯巴鲁等传统品牌，奔驰则与极星、沃尔沃、Smart组队，Stellantis今年更是拉来入股的零跑单独建池，零跑四季度在欧洲交付超1.7万辆。而中国电动车企在欧洲的布局，也正从“卖车”升级为“卖碳”，欧洲老牌车企的合规成本，开始变成中国品牌的额外收入。文章来源：快科技声明：本公众号致力于好文推送，基于分享的目的转载，尊重原创，版权归属原作者所有，不代表电动学堂的观点和立场，如涉及作品版权侵权，请联系我们予以核实删除！加入我们的知识星球电动学堂资料库 可以下载公众号海量参考资料包含以上参考资料。电动学堂8月12日消息，据Schmidt Automotive Research报道，一份8月5日提交至欧盟委,,,,pending
汽车座舱升降温环境下热舒适的性别差异,电动学堂,电动学堂,"RIOnews API, 前沿表征, 工况",normal,2026-08-13T11:25:21+08:00,,文章来源：中汽研汽车检验中心（宁波）有限公司引言性别是影响人体热舒适性的一个重要因素。众多学者已在人工气候室及住宅、办公室、学校在内的多种建筑环境中，深入探讨了性别因素对热舒适的影响。Fanger等人通过试验发现女性受试者的皮肤温度和代谢率略低于男性，但是偏好温度上无显著性差异。DeDear等人重复了Fanger等人的试验，同样发现男性和女性在偏好温度上没有显著差异。Beshir等人发现在极端高温和低温环境下，女性往往比男性感到更不舒服。Parsons通过试验发现在中性和偏热工况下，男女之间的热舒适差异很小；而在较冷工况下，女性会比男性感觉更冷。Lan等人和Liu等人研究了我国人群热舒适的性别,http://mp.weixin.qq.com/s?__biz=MzIyMTg1NDg0Mg==&mid=2247629704&idx=4&sn=693cecb52499900f5919762b48cb3c96,,文章来源：中汽研汽车检验中心（宁波）有限公司引言性别是影响人体热舒适性的一个重要因素。众多学者已在人工气候室及住宅、办公室、学校在内的多种建筑环境中，深入探讨了性别因素对热舒适的影响。Fanger等人通过试验发现女性受试者的皮肤温度和代谢率略低于男性，但是偏好温度上无显著性差异。DeDear等人重复了Fanger等人的试验，同样发现男性和女性在偏好温度上没有显著差异。Beshir等人发现在极端高温和低温环境下，女性往往比男性感到更不舒服。Parsons通过试验发现在中性和偏热工况下，男女之间的热舒适差异很小；而在较冷工况下，女性会比男性感觉更冷。Lan等人和Liu等人研究了我国人群热舒适的性别,"文章来源：中汽研汽车检验中心（宁波）有限公司引言性别是影响人体热舒适性的一个重要因素。众多学者已在人工气候室及住宅、办公室、学校在内的多种建筑环境中，深入探讨了性别因素对热舒适的影响。Fanger等人通过试验发现女性受试者的皮肤温度和代谢率略低于男性，但是偏好温度上无显著性差异。DeDear等人重复了Fanger等人的试验，同样发现男性和女性在偏好温度上没有显著差异。Beshir等人发现在极端高温和低温环境下，女性往往比男性感到更不舒服。Parsons通过试验发现在中性和偏热工况下，男女之间的热舒适差异很小；而在较冷工况下，女性会比男性感觉更冷。Lan等人和Liu等人研究了我国人群热舒适的性别差异，发现女性的舒适温度为26.3C，比男性高1C；女性通常更喜欢稍高的环境温度，因为女性的皮肤温度始终低于男性；女性在生理上对偏冷环境更敏感，而男性对温暖环境更敏感；女性对温度更敏感，男性对湿度更敏感。Karjalainen在关于热舒适性别差异的综述中指出，女性对偏离最佳热环境更敏感，而且比男性更不满意，尤其是在较冷的条件下。近年来，气候室研究和现场调研也报道了类似的发现。汽车座舱热环境与建筑热环境存在明显的差异，座舱热环境往往高度不均匀和不对称。主要有以下原因：内部体积小，热环境变化迅速；内部形状复杂且玻璃面积大；座椅温度明显高于或低于空气温度；乘客身体姿势变化有限；车辆长时间静置易形成极端气候条件。这些独特的热环境特征对乘客的舒适度有直接影响。同时在汽车座舱中，热量交换通过多种机制发生，包括对流（空调气流）、热传导（与座椅接触）、辐射（太阳辐射）及人体生理调节，如出汗和呼吸等，人车环境系统各因素之间关系复杂。因此，在独特的车辆环境背景下，迫切需要进一步研究性别对热舒适性的影响。本文旨在探讨在汽车座舱内，不同工况下受试者的皮肤温度、热感觉（TSV）及热舒适（TCV）在性别上的差异，从而深入了解性别对耦合环境因素的响应机制，为汽车空调系统的设计和优化提供更为精确和科学的参考。1试验1.1试验条件试验装置由环境模拟舱和某品牌汽车组成，如图1所示。对夏、冬季2个工况进行了试验研究，具体工况及车辆空调设置见表1。为保证试验一致性，环境舱和车辆的初始状态被严格控制。冬季工况下，车辆在设定工况下浸车（放置在设定的—7C工况下，车辆保持静止状态，冷浸车辆）6h以上；夏季工况下，开启阳光（开启850W／m2的太阳辐射），晒车1h。1.2试验对象根据ISO14505-3：2006要求，至少应选择8名受试者来评估车辆的热舒适性。受试者的BMI（身体质量指数）可能会对热舒适性产生影响，因此，本次研究招募了年龄为2035岁、BMI为2024的男性和女性受试者各8名，基本信息见表2。所有受试者在试验前被要求避免摄入咖啡因、酒精和剧烈运动。试验中统一穿着典型的夏、冬季室内服装，通过暖体假人测试，夏季总服装热阻约为0.4c1o，冬季总服装热阻约为0.9c1o。1.3主观问卷与生理参数测量试验中采用主观评价问卷的形式来获取受试者的热感觉与热舒适状态。热感觉评价采用ASHRAE标准中的9级连续标尺：—4非常冷、—3冷、—2凉、—1稍凉、0不冷不热、1稍暖、2暖、3热、4非常热。热舒适评价采用断裂标尺：—4非常不舒适、—3介于非常不舒适与不舒适之间、—2不舒适、—1稍不舒适、—0.01有点不舒适、0.01有点舒适、1稍舒适、2舒适、3介于舒适与非常舒适之间、4非常舒适。通过HOBO热电偶温度记录仪对受试者身体16个部位的皮肤温度进行采集，每隔1min采集1次。采用七点法计算平均皮肤温度（MST）[18J，计算式为式中tMST为MST值，C；the、tch、tfo、tha、tth、tca、tfe分别为头、胸、小臂、手、大腿、小腿、脚部的温度，C。1.4试验流程试验流程分为3个阶段，共计98min，如图2所示。稳态静坐（30min）：在0、10、20、28min时分别进行4次主观投票，随后步行至预暴露环境；预暴露（8min）：进入环境舱，模拟从室内稳态环境转移至室外暴露环境的场景，在第0min和第6min进行2次投票；车内调控（60min）：进入座舱后立即进行第1次主观评价，随后启动空调，前15min每3min评价1次，之后每5min评价1次，直至试验结束。不同工况下，试验流程保持一致。夏季稳态静坐环境温度设置为26C，冬季设置为18C。1.5数据分析方法本文主要对受试者相关数据进行分析，座舱内空气温度、风速等环境参数不展开详细分析。使用IBMSPSSVer27进行独立样本t检验，以检验性别的差异。相关性用p值表示，若p0.05，说明2组之间无显著相关。2试验分析2.1平均皮肤温度与整体热反应2.1.1平均皮肤温度图3显示了不同工况下受试者的MST变化情况。夏季工况下，在稳态静坐阶段，男性MST为34.4±0.4C，女性MST为33.9±0.5C。由于车辆在晒车过程中大量蓄热，受试者在空调开启后MST仍呈上升趋势。空调开启后，女性MST呈逐渐降低的趋势；而男性在前20min内，MST出现先降低后上升的现象，原因在于男性在该环境下存在出汗的现象，空调开启后，低温空气与汗液进行对流换热，汗液的蒸发带走了部分热量，导致皮肤温度降低，之后出现回升。试验结束时，男女受试者MST接近一致，但都仍处于下降趋势，试验过程中男性MST最大差异为1.3C，女性MST最大差异为1.9C。冬季工况下，稳态静坐阶段，男性MST为32.9±0.8C，女性MST为31.9±1.0C。由于座椅的蓄冷，就座后人体持续向座椅传热，MST仍处于下降趋势。915min人体与周围环境及座椅的热量交换处于平衡阶段，皮肤温度保持稳定。随着座舱空气温度上升，皮肤温度呈上升趋势。整个过程中，男性MST始终高于女性，男性MST最大差异为2C，女性MST最大差异为2.6C。2.1.2整体热感觉与热舒适图4显示了夏季工况下受试者整体热感觉与热舒适的变化情况。由图4a可以看出：受试者整体热感觉变化趋势相同；在进入座舱的时刻，热感觉达到最大值3（热）；空调开启前期，热感觉呈快速下降的趋势，20min时整体热感觉已达到0（不冷不热）的状态，直至试验结束，基本维持在该状态；女生整体热感觉稍低于男性。由图4b可以看出：进入座舱时刻，受试者热舒适达到最低值，男性略低于女性；在空调开启后的前9min，男性热舒适低于女性；在1225min区间内，二者热舒适保持一致；25min后，男性稍高于女性。图5显示了冬季工况下受试者整体热感觉与热舒适变化情况。可以看出：进入座舱后，男、女性热感觉均达到最低值，女性热感觉接近—4（非常冷）；空调开启后，受试者热感觉都呈现逐渐升高的趋势；25min时，男性热感觉达到0（不冷不热），而女性热感觉在整个升温过程中都处在0以下的区间。与热感觉变化相对应，女性受试者热舒适始终低于男性。空调开启20min时，男性已热舒适已达到0的状态，而女性在整个车内调控阶段都处于0以下的不舒适区间。通过比较冬、夏工况下不同性别受试者的整体热感觉和热舒适评价，可以发现：在中性和偏凉的环境下，男性整体热感觉和热舒适都不低于女性；女性在偏凉的环境下，更易感觉不舒适；在偏热环境下，男性更容易感觉不舒适。2.1.3显著性差异分析本文主要对车内调控阶段进行分析，不同工况下受试者整体热感觉与热舒适的独立样本t检验结果见表3。夏季工况下，虽然在空调开启30min后，男、女性在整体热感觉与热舒适的评价值上出现差别，但在统计学上无显著性差异。冬季工况下，空调开启后的前20min，不同性别之间无显著性差异；2530min出现显著性差异；试验结束前15min，整体热舒适出现极显著的差异。2.2局部皮肤温度与热反应2.2.1局部皮肤温度图6显示了夏季工况下不同性别受试者各部位的皮肤温度变化情况。可以看出：在进入高温座舱后，头部温度最高，且女性高于男性；空调开启后10min左右，背部和股盆由于与座椅接触，皮肤温度在初始阶段上升至稳定后#在整个空调降温期间一直保持稳定状态未出现明显下降趋势%其余部位呈现先上升后下降的趋势。图7显示了冬季工况下不同性别受试者各部位的皮肤温度变化情况。可以看出：受试者部分部位的皮肤温度呈先降低再升高、最后保持稳定的趋势；但男性的胸部、大臂、小臂、小腿、手部等部位的皮肤温度都是降低至一定温度后稳定保持不变，而脚部皮肤温度在整个阶段都处于下降的趋势；女性只在脚部、手部未出现回温；试验结束时，男性背部皮肤温度超过初始温度，女性胸部及骨盆部位皮肤温度恢复至初始状态。对比发现，受试者四肢末端及下肢的皮肤温度低于其他部位，而手部皮肤温度最低，约为26.5C。2.2.2局部热感觉图8显示了夏季工况下不同性别受试者各部位的热感觉变化情况。可以看出：不同性别受试者各部位热感觉值变化趋势基本相同，先上升后下降，最后趋于稳定；男性背部及骨盆部位的热感觉值稍高于其他部位；女性左手和左小臂热感觉值在20min后稍低于其他部位；在试验结束前的15min，女性各部位热感觉值都在—10的区间内，稍低于男性。对比男、女性各部位的皮肤温度，不同部位男女性之间的最大温差为34C，该差异转化在热感觉值上约为1。图9显示了冬季工况下不同性别受试者各部位的热感觉变化情况。可以看出：不同性别受试者各部位热感觉值变化趋势基本相同，先下降后上升，最后趋于稳定；男性在进入座舱时刻，热感觉值达到最低—3.5，随着空调开启，热感觉值逐渐上升，45min后，所有部位热感觉值达到0以上，热感觉值基本稳定在01区间内。与男性不同，女性在静坐阶段各部位的热感觉值在—10之间；直至试验结束时，仅大臂和小臂部位达到0，其余部位均在—10区间内。将受试者各部位的热感觉与皮肤温度进行对比分析发现，男、女性的手部皮肤温度在身体各部位中均为最低。但对于男性，在热感觉评价上并未体现同样的规律，反而是脚部和小腿等下肢部位热感觉值较低。而女性热感觉评价则与皮肤温度规律相似，手部热感觉值明显低于其他各部位。受试者大腿部位皮肤温度同样较低，但在热感觉评价上男、女性都未有明显的对应，原因可能在于大腿部位的热电偶粘贴在上侧，受试者大腿上侧受座舱内空气温度的影响，但下侧与座椅位置大面积接触，随着试验的进行人体对座椅加热，此时座椅经过长时间蓄热可视为保温装置，对热感觉产生积极的影响。受试者对于大腿部位的评价，均衡整个部位考虑，因此热感觉值并未较低。2.2.3局部热舒适图10显示了夏季工况下不同性别受试者各部位的热舒适变化情况。可以看出：各部位热舒适变化情况与热感觉变化相对应，随着热感觉值上升，热舒适值下降；随着热感觉值下降，热舒适值上升；男性背部热舒适值最低，胸部热舒适值最高，车内空调开启30min后，各部位都达到0以上的舒适区间，试验结束时刻，各部位热舒适值在12区间内；女性在试验期间各部位热舒适变化较为统一，在空调开启12min后，女性各部位全部进入舒适区间，较男性提前18min，试验结束时刻，各部位热舒适值在1左右。分析男、女性的差异发现，男性在偏热环境下的忍受能力比女性差。在进入座舱时刻，由于座椅表面温度较高，热舒适值明显低于女性，且在空调开启后，进入热舒适的时间，男性晚于女性；40min后，虽然热感觉值已接近稳定，但男性热舒适值仍呈现上升的趋势，女性热感觉已经偏向稍凉，热舒适值出现小幅度的下降。在中性及偏凉的环境下，男性具有更高的舒适性。图11显示了冬季工况下不同性别受试者各部位的热舒适变化情况。可以看出：受试者各部位热舒适的变化与热感觉变化趋势相同，先下降后上升，最后趋于稳定；进入座舱时刻，男性各部位热舒适值约为—3（介于非常不舒适与不舒适之间），而女性热舒适值接近—4（非常不舒适）；车内空调开启30min后，男性除脚部以外，其余部位皆进入0以上的舒适区间；而女性直至试验结束时，大部分部位处在—10区间内。在冬季工况下，女性更容易感觉到不舒适。对比男、女性受试者最不舒适的部位，男性最不舒适部位为脚部，而女性最不舒适部位为手部。2.2.4显著性差异图12显示了不同工况下受试者各部位热感觉的显著性差异。由图12a可以看出，在夏季工况下，车内空调开启20min后，主要在左小臂及左手出现热感觉显著性或极显著性差异。对比该时段男、女性受试者的热感觉发现，女性热感觉值为—0.5（稍凉），低于男性，可能是因为试验中受试者的左侧部位靠近空调出风口且无服装覆盖，对比右侧相同部位，最大局部温差约6C，风速相差约0.1m／s。因此，面对直吹的低温气流，女性更为敏感，更容易产生冷感。由图12b可以看出，在冬季工况下，车内空调开启30min后，在上肢部位的手、小臂、大臂及躯干部位的头部、胸部、背部出现显著性差异。图13显示了冬季工况下受试者各部位热舒适的显著性差异。可以看出，热舒适显著性差异与热感觉相对应，车内空调开启25min后，热舒适显著性差异开始在上肢及躯干等部位高频出现；尤其在试验结束前15min内，热舒适的性别差异比热感觉更加显著。3结论本文基于受试者的主观评价和生理参数，探讨了在汽车座舱环境中不同工况条件下人体热舒适的性别差异。研究结果表明，在热舒适方面的性别差异并不是直接的，可能取决于多种热环境心理因素的相互作用。得到以下结论：1)在冬、夏2种工况下,男性平均皮肤温度均高于女性,在偏离热中性的环境下,女性的平均皮肤温差大于男性。2)在夏季降温工况下,男、女性的整体热感觉及热舒适不存在显著性差异；男性背部与骨盆部位更容易感觉不舒适；女性对低温气流更敏感。3)在冬季升温工况下,女性更容易感觉冷不舒适；男性脚部最不舒适,女性手部最不舒适；车内空调开启30min后,男、女性的整体热感觉及热舒适出现显著性差异；各部位之间的显著性差异主要出现在头部、胸部、背骨盆等躯干部位及大臂、小臂、手部等上肢部位。声明：本公众号致力于好文推送，基于分享的目的转载，尊重原创，版权归属原作者所有，不代表电动学堂的观点和立场，如涉及作品版权侵权，请联系我们予以核实删除！加入我们的知识星球电动学堂资料库 可以下载公众号海量参考资料包含以上参考资料。文章来源：中汽研汽车检验中心（宁波）有限公司引言性别是影响人体热舒适性的一个重要因素。",,,,pending
比亚迪闪充二代电池包、理想i8电池包、尊界S800 巨鲸电池、小米YU7电池包、MG4半固态电池包、极氪9X电池包等都将展示！,电动学堂,电动学堂,"RIOnews API, 前沿表征, 工况, 固态电池",normal,2026-08-13T11:25:21+08:00,,2024年以来，电动汽车电池系统产业呈现3个明显的技术方案特征：成熟方案，仍以宁德时代方形电芯的二代CTP为主流（C-CTP 2.0），短刀电芯开始占据更多市场；前沿方案，领先的三巨头TBC（特斯拉T-比亚迪B-宁德时代C）继续领跑全球，宁德凭借CTC的量产，重夺领头羊；其他企业显有CTB量产；46大圆柱电池多家已进入量产阶段，有望加速推进；低成本方案，内卷的影响，在成熟的CTP基础上，国内企业开始向低成本方案极限挑战，不少新的降本方案出现。针对此，我们在2026年的集训进一步增加当前最具代表性的电池系统，新增如下：比亚迪闪充二代（海狮06EV）；比亚迪闪充二代（腾势Z9 GT）理想i8电池系,http://mp.weixin.qq.com/s?__biz=MzIyMTg1NDg0Mg==&mid=2247629704&idx=1&sn=dd632b81694ff173b98eba515e7a0c40,,2024年以来，电动汽车电池系统产业呈现3个明显的技术方案特征：成熟方案，仍以宁德时代方形电芯的二代CTP为主流（C-CTP 2.0），短刀电芯开始占据更多市场；前沿方案，领先的三巨头TBC（特斯拉T-比亚迪B-宁德时代C）继续领跑全球，宁德凭借CTC的量产，重夺领头羊；其他企业显有CTB量产；46大圆柱电池多家已进入量产阶段，有望加速推进；低成本方案，内卷的影响，在成熟的CTP基础上，国内企业开始向低成本方案极限挑战，不少新的降本方案出现。针对此，我们在2026年的集训进一步增加当前最具代表性的电池系统，新增如下：比亚迪闪充二代（海狮06EV）；比亚迪闪充二代（腾势Z9 GT）理想i8电池系,2024年以来，电动汽车电池系统产业呈现3个明显的技术方案特征：成熟方案，仍以宁德时代方形电芯的二代CTP为主流（C-CTP 2.0），短刀电芯开始占据更多市场；前沿方案，领先的三巨头TBC（特斯拉T-比亚迪B-宁德时代C）继续领跑全球，宁德凭借CTC的量产，重夺领头羊；其他企业显有CTB量产；46大圆柱电池多家已进入量产阶段，有望加速推进；低成本方案，内卷的影响，在成熟的CTP基础上，国内企业开始向低成本方案极限挑战，不少新的降本方案出现。针对此，我们在2026年的集训进一步增加当前最具代表性的电池系统，新增如下：比亚迪闪充二代（海狮06EV）；比亚迪闪充二代（腾势Z9 GT）理想i8电池系统；尊界S800 巨鲸电池；小米YU7MAX/PRO；MG4半固态电池；极氪9X 70度增程电池；经过这次的升级，集训的代表性电池包总数达到了30+款，课程内容达到600+页。第一天：Benchmark参观与讲解（对讲解内容颗粒度有疑问请提前咨询，我们对实际的讲解内容有最终解释权）（9月18日，周五，早上：8：30~）A区:电芯技术Benchmark展示当前代表性电芯技术的案例方形：方形VDA一代&二代电芯、特斯拉Model 3方形电芯（1代铁锂）、小鹏P7电芯（NCM 811）、BMW iX3电芯、麒麟电芯圆柱：特斯拉4680、特斯拉18650（松下）、特斯拉21700（松下）、亿纬4695、比克4695、比亚迪4680，宁德时代4695软包：LG590电芯刀片：比亚迪汉EV刀片（135Ah）、比亚迪海豹CTB刀片（150Ah）、比亚迪Model Y电芯（179.5Ah）比亚迪PHEV软包刀片、蜂巢短刀、金砖电池，比亚迪闪充一代/二代，B区：模组技术Benchmark展示代表性模组的组成、关键零部件；展示模组技术时代的代表性案例LG 355模组、LG 390模组、LG 590模组、宁德355模组、宁德590模组Model S模组、Model S大模组、Model 3大模组ER6大模组、BMW iX3模组、EQA模组C区：PACK技术Benchmark展示代表性电池系统的整体集成方案模组技术电池包：小鹏P7、GM奥特能、Model 3电池包（松下）、奔驰EQA（方形与软包版）、高合电池包；一代CTP电池包：阿维塔12增程电池包；二代CTP电池包：神行电池、M3P电池，魔方电池，小鹏G9；三代CTP电池包：极氪009，理想I8，极氪9X，尊界S800巨鲸电池；刀片CTP电池包：比亚迪刀片CTP，极氪短刀CTPCTB电池包：海豹CTB、小鹏G6 CTB电池包、小米YU7 CTB电池包、特斯拉4680电池包，比亚迪闪充二代（海狮06EV/腾势Z9GT），MG4半固态电池；第2－3天：全天培训－大模组、CTP/CTC电池系统技术一、电池包总体结构设计1.1电池包总体布置（1）外布置整车布置、电池包布置电池包外部接口&标识电池包周边零件&环境（2）内布置模组布置、其他零件布置1.2电池包设计要点（1）电池包结构&功能分解（2）电池包设计要点分析（3）整体刚度设计刚度的影响、设计思路与校核（4）正面&侧面碰撞防护设计电池包碰撞防护概要电池包正/侧面碰撞防护设计电池包碰撞标准Model 3/MEB/Mach-e案例（5）底部碰撞防护设计底部碰撞工况、失效模式底部碰撞防护方案、测试标准（6）热扩散防护安全设计电芯热失控原理与现象总体思路、热传导隔离设计电芯-模组-PACK级别、高温绝缘防护热失控疏导、报警、灭火（7）电气架构设计整车电气架构介绍电池包常见电池架构主要元器件选型要点及案例分享（8）热管理系统设计整车热管理系统动力电池热管理系统分类和组成关键部件设计与选型（9）密封设计密封设计概要、方案密封设计案例、标准（10）防爆阀选型防爆阀功能、类型气压平衡、防爆功能校核典型车型平衡防爆阀对比（11）标准件选型与校核选型与校核标准件选型案例1.3电池包箱体设计（1）上盖设计上盖分类上盖材质对比上盖应用案例（2）下箱体设计下箱体材料与工艺框架式、底板式箱体集成液冷下箱体案例1.4典型电池包案例分析（1）大众MEB（2）松下版Model 3/Y（3）通用Bolt EV（4）小鹏P7（5）宁德版Model3（6）福特Mach-e（7）Model S Plaid（8）Taycan二、电池模组设计2.1模组设计要点（1）模组结构&功能分解方形模组结构&功能分解软包模组结构&功能分解（2）模组设计目标2.2方形电池模组设计（1）方形电池模组零部件设计要点电芯结构、模组框架刚度设计、膨胀设计绝缘零件、CCS组件母排与输出端子电压&温度采集组件、上盖（2）风冷模组设计福特HEV风冷模组（3）方形标准模组设计模组模组的发展VDA/355/390/590模组（4）大模组类型及代表企业（5）方形大模组案例长模组（比亚迪、某公司）三明治模组（某公司、威马）大电芯模组（宝马、特斯拉）背靠背模组（宝马、奥迪、大众）简单框架双排模组（上汽、吉利）二合一双排模组（比亚迪、某公司）CMT焊接框架双排模组（宝马）复杂框架双排模组（某公司）电芯平躺集成液冷双排模组（某公司）2.3软包电池模组设计（1）软包电池模组零部件设计要点电芯结构、模组框架刚度设计、膨胀设计绝缘零件、电芯冷却路径母排与输出端子电压&温度采集组件、上盖（2）风冷及自然冷却模组设计雷诺ZOE风冷模组Leaf自然冷却模组（3）软包标准模组设计LG第一、二代标准模组（4）软包大模组双排模组（起亚）－风冷长模组、三明治模组（通用）大电芯模组（某软包公司）长模组集成液冷（奔驰EQC）电芯平躺集成液冷双排模组（某公司）双输出极模组（SK）2.4圆柱电芯模组设计（1）圆柱电池模组零部件设计要点电芯结构、模组框架绝缘零件、电芯冷却路径母排与输出端子电压&温度采集组件、上盖（2）圆柱模组案例介绍2.5圆柱电芯模组设计（1）模组发展（2）大模组特点总结三、CTP电池包方案解析3.1方形VDA电芯CTP（1）宁德时代第一代CTP总体架构、设计要点&亮点绑带模组结构设计电连接设计集成液冷下箱体结构设计（2）宁德时代第二代CTP方案第二代VDA电芯CTP设计要点&亮点电连接设计总布置与结构设计（3）宁德时代麒麟电池方案总体思路（电芯正/倒立布置）极氪009麒麟电池设计解读3.2刀片电池CTP（1）蜂巢能源小刀片CTP总体架构、设计要点&亮点刚度设计、密封设计采集设计、工艺方案（2）比亚迪大刀片CTP总体架构设计要点&亮点电芯介绍、下箱体设计底护板设计、液冷板设计上盖设计及密封设计母排设计、从控集成与采集工艺方案（3）比亚迪海豚CTP3.3软包电池CTP介绍3.4CTP方案特点总结四、CTC方案简介4.1汽车车身介绍4.2CTC集成思路与案例Canoo的CTC设计博世-本特勒CTC底盘AVL及国内CTC案例4.3特斯拉Structural battery（1）Structural Pack与车身的固定方式（2）Structural Pack电池系统整体布局柏林版设计方案德州版设计方案（3）4680电芯成组与固定（4）4680的电气设计（5）4680热管理设计4.4比亚迪CTB设计解析（1）与整车的固定、密封（2）电池系统总体布置（3）刀片电芯成组与固定（4）结构与电气设计（5）热管理与热失控防护4.5小鹏G6电池包设计4.6宁德时代CTC专利解读报名须知（含线上直播）：培训时间：2026年9月18－20地点：苏州太仓费用：4699 元/每人（早鸟价，8.30号前）教材：（1）《大模组、CTP/CTC电池系统技术集训》（2）《现场讲解教材》5、咨询：知知小编: ***********（微信同号）,,,,pending
储能电站电池舱高压箱故障分析及解决措施,电动学堂,电动学堂,"RIOnews API, 前沿表征, 工况",normal,2026-08-13T11:25:21+08:00,,文章来源：国电投宁夏盐池县能源科技有限公司0引言储能电站因其充放电效率高、响应速度快、配置方便等优点，在电力系统调峰、调频、提高电能质量以及促进新能源消纳等方面发挥着重要作用。在储能电站中，电池舱是储存电池的核心设施，而高压箱作为电池舱内连接电池系统与PCS舱中储能变流器等重要电气设备的枢纽，承担着电能的传输、控制和保护等功能。然而，在实际运行中，储能电站电池舱每处于充放电阶段时，功率受电网波动时高时低，此时高压箱会面临各种复杂的工况，比较容易出现故障，影响储能电站的正常运行和安全稳定性。因此，在高压箱中安装熔断器，能够有效保护电池舱中其他设备不受损坏，一旦在充放电过程中出现电流过大的情况，熔,http://mp.weixin.qq.com/s?__biz=MzIyMTg1NDg0Mg==&mid=2247629704&idx=5&sn=14c3ed7058e961d42a8e3e03b892781c,,文章来源：国电投宁夏盐池县能源科技有限公司0引言储能电站因其充放电效率高、响应速度快、配置方便等优点，在电力系统调峰、调频、提高电能质量以及促进新能源消纳等方面发挥着重要作用。在储能电站中，电池舱是储存电池的核心设施，而高压箱作为电池舱内连接电池系统与PCS舱中储能变流器等重要电气设备的枢纽，承担着电能的传输、控制和保护等功能。然而，在实际运行中，储能电站电池舱每处于充放电阶段时，功率受电网波动时高时低，此时高压箱会面临各种复杂的工况，比较容易出现故障，影响储能电站的正常运行和安全稳定性。因此，在高压箱中安装熔断器，能够有效保护电池舱中其他设备不受损坏，一旦在充放电过程中出现电流过大的情况，熔,文章来源：国电投宁夏盐池县能源科技有限公司0引言储能电站因其充放电效率高、响应速度快、配置方便等优点，在电力系统调峰、调频、提高电能质量以及促进新能源消纳等方面发挥着重要作用。在储能电站中，电池舱是储存电池的核心设施，而高压箱作为电池舱内连接电池系统与PCS舱中储能变流器等重要电气设备的枢纽，承担着电能的传输、控制和保护等功能。然而，在实际运行中，储能电站电池舱每处于充放电阶段时，功率受电网波动时高时低，此时高压箱会面临各种复杂的工况，比较容易出现故障，影响储能电站的正常运行和安全稳定性。因此，在高压箱中安装熔断器，能够有效保护电池舱中其他设备不受损坏，一旦在充放电过程中出现电流过大的情况，熔断器能够迅速切断电路，避免事故的发生，从而保障人身安全和设备安全。某储能电站在充放电开始及结束时，频发高压箱熔断器熔断故障，严重影响设备可利用率。因此，本文深入分析了熔断器熔断的原因，并提出针对性的解决措施。结果显示，通过将现用的HV-315A型熔断器更换为ESH5595B型，不仅有效降低了熔断器故障率，还提高了高压箱的可靠性和稳定性。1高压箱简介1.1高压箱结构与功能高压箱是连接电池簇和储能变流器的中间单元，高压箱具有电池簇电压、电流采集，电池簇回路接触器控制和保护等功能。高压箱内安装断路器、接触器、熔断器、环流控制电路、电流传感器、电池簇控制管理模块（BCU）、开关电源等，其结构外观如图1所示。高压箱内置储能BCU，具有CAN和RS-485通讯总线接口，可实现高压箱与BMU、BAU以及PCS之间的通讯功能。此外，高压箱还可以实现储能电池簇与外部电网之间的电气连接和断开，对电池系统的充放电电流、电压等参数进行监测和控制。在发生故障时，能够快速切断电路，保护电池系统和其他设备的安全。1.2高压箱的重要性高压箱是储能电站中实现电能双向流动的关键设备，它的可靠运行直接关系到储能电站的整体性能和安全性。如果高压箱出现故障，可能导致电池系统无法正常充放电，甚至引发火灾、爆炸等严重事故，不仅会造成巨大的经济损失，还会对人员生命安全构成威胁。因此，保障高压箱的可靠运行是储能电站安全稳定运行的重要前提。2故障分析2025年11月，某储能电站在充放电开始及结束时，频发高压箱熔断器熔断故障。因此，现场技术人员根据厂家提供的高压箱故障手册对站内的八条汇集线进行逐步排查，并形成故障记录统计表和原因分析表，如表1、表2所示。根据表1所统计的故障次数可以看出，11~12月共发生36次高压箱熔断器熔断故障。在八条汇集线中，汇集七线月均故障次数最高，达到了3次。故障频发导致现场停机设备增加，严重影响电站经济效益。根据表2所列原因可以看出，储能电站电池舱高压箱熔断器熔断的原因有五大类。因此，技术人员结合现场生产实际工况，通过检查接线端子的紧固状态和接触电阻、核对熔断器额定电流和分断能力是否与系统相互匹配等方法排查发现，为满足储能系统AGC响应时间要求，站内PCS功率变化模式设置为“阶跃”，功率由0上升到额定功率、由额定功率下降至0，PCS实际响应时间为毫秒级，而PCS直流母线、电池舱预充回路均配置有电容，其中PCS直流母线电容为毫法级。受以上两点影响，在充放电开始及结束时功率的骤升骤降会有一定概率产生直流异常纹波电流，对熔断器产生冲击，而现有熔断器的额定电流和分断能力无法满足异常纹波电流的长期冲击，久而久之便会熔断。3解决措施为保证项目后期稳定运行，排除熔断器风险，根据市场现有的熔断器，结合现场实际条件，筛选出ESH5595B型产品，并与现用的HV-315A型熔断器进行性能对比分析。表3统计了两种不同型号熔断器在不同工况下的功率。可以看出，在相同工况下，相较于HV-315A，ESH5595B功耗更低，有利于节约不必要的能量损耗。表4统计了两种不同型号熔断器温升数据。可以看出，在相同工况下，相较于HV-315A，ESH5595B温升更低，这归因于ESH5595B功率较低。温升较低有利于降低高压箱内部温度，减少器件与器件之间不必要的热交换，提高系统整体效率。表5统计了两种不同型号熔断器熔芯数据。可以看出，ESH5595B型熔断器熔芯及狭径横截面积相较于HV-315A型熔芯及狭径横截面积增大。横截面积增大可有效增加整体通流横截面积，减小熔断器过流时电流密度。表6列出了两种不同型号熔断器的分断能力。可以看出，在相同工况下，相较于HV-315A，ESH5595B弧前I2t更大，当系统存在纹波电流或过载电流时，熔断器耐受能力更强，避免小能量冲击导致产品意外断开。通过上述实验对比，技术人员发现ESH5595B型各方面性能更佳，因此选择将现用的HV-315A型熔断器全部更换成ESH5595B型，以此保障电池舱内设备安全运行。4效果分析自更换完站内所有高压箱熔断器后，技术人员连续统计了两个月内高压箱熔断器故障情况。结果显示，更换ESH5595B型熔断器后，站内八条汇集线再未出现任何高压箱熔断器熔断故障，如图2所示，有效减少了备品备件的消耗，延长了熔断器使用寿命，提高了电站运行的经济安全性。5结束语储能电站电池舱高压箱的可靠运行对于储能电站的安全高效运行至关重要。通过对常见高压箱熔断器故障原因进行总结分析，确定熔断器选型不当是导致该储能电站高压箱熔断器故障频发的主要原因。为了提高高压箱的可靠性与稳定性，本文提出了将现用的HV-315A型高压箱熔断器更换为ESH5595B型的优化措施，不仅有效降低了熔断器故障率，还提高了储能电站的运行效率与安全性，为储能技术的发展和应用提供有力的保障。未来，随着储能技术的不断发展，对储能电站电池舱高压箱的要求也将会越来越高，因此各类技术人员需要不断地进行技术创新和改进，进一步完善高压箱的设计、制造和运行维护，以适应储能电站发展的需求。声明：本公众号致力于好文推送，基于分享的目的转载，尊重原创，版权归属原作者所有，不代表电动学堂的观点和立场，如涉及作品版权侵权，请联系我们予以核实删除！加入我们的知识星球电动学堂资料库 可以下载公众号海量参考资料包含以上参考资料。文章来源：国电投宁夏盐池县能源科技有限公司0引言储能电站因其充放电效率高、响应速度快、配置方便等优点，在电力系,,,,pending
预售25.98万元！小鹏G9L官宣,电动学堂,电动学堂,"RIOnews API, 前沿表征, 工况, 产品发布, 全新, 官宣, 上市",normal,2026-08-13T11:25:21+08:00,,8月11日，小鹏G9L正式预售，新车推出4款车型，预售价为25.98万元。据了解，小鹏G9L定位大五座旗舰SUV，与六座车型小鹏GX共同布局旗舰车型，提供纯电、增程两种动力版本，全系标配800V超快充技术，可实现9分钟充电补充450km续航里程。从名字不难看出，小鹏G9L的尺寸要比小鹏G9大，整体尺寸介于GX和G9之间。小鹏G9L的长宽高为5120/1999/1782（1788、1795）mm，轴距为3100mm，采用五座布局，定位大型SUV。作为参考，小鹏GX的长宽高为5265/1999/1800mm，轴距为3115mm，采用六座布局，定位大型SUV。小鹏G9的尺寸明显更小，长宽高为4891,http://mp.weixin.qq.com/s?__biz=MzIyMTg1NDg0Mg==&mid=2247629704&idx=2&sn=db52227af937d0caf8a4c3712a2542c5,,8月11日，小鹏G9L正式预售，新车推出4款车型，预售价为25.98万元。据了解，小鹏G9L定位大五座旗舰SUV，与六座车型小鹏GX共同布局旗舰车型，提供纯电、增程两种动力版本，全系标配800V超快充技术，可实现9分钟充电补充450km续航里程。从名字不难看出，小鹏G9L的尺寸要比小鹏G9大，整体尺寸介于GX和G9之间。小鹏G9L的长宽高为5120/1999/1782（1788、1795）mm，轴距为3100mm，采用五座布局，定位大型SUV。作为参考，小鹏GX的长宽高为5265/1999/1800mm，轴距为3115mm，采用六座布局，定位大型SUV。小鹏G9的尺寸明显更小，长宽高为4891,8月11日，小鹏G9L正式预售，新车推出4款车型，预售价为25.98万元。据了解，小鹏G9L定位大五座旗舰SUV，与六座车型小鹏GX共同布局旗舰车型，提供纯电、增程两种动力版本，全系标配800V超快充技术，可实现9分钟充电补充450km续航里程。从名字不难看出，小鹏G9L的尺寸要比小鹏G9大，整体尺寸介于GX和G9之间。小鹏G9L的长宽高为5120/1999/1782（1788、1795）mm，轴距为3100mm，采用五座布局，定位大型SUV。作为参考，小鹏GX的长宽高为5265/1999/1800mm，轴距为3115mm，采用六座布局，定位大型SUV。小鹏G9的尺寸明显更小，长宽高为4891/1937/1670mm，轴距为2998mm，采用五座布局，定位中大型SUV。从外观设计来看，虽然命名为G9L，但并不是G9的加长版，整体设计与GX较为相似。小鹏G9L采用品牌最新家族设计语言，车头为封闭式格栅设计，双条完整无断点灯带贯穿前脸，前脸包围两侧集成AI数字投影大灯及辅助驾驶小蓝灯，中间搭载主动式进气格栅，可根据车辆行驶工况自动开合，调节散热、优化风阻系数。车身侧面，小鹏G9L采用电动开闭电吸门和隐藏式门把手设计，D柱大溜背快背造型新城俯冲姿态，后排窗户非常长意味着三排也能带来舒适的空间体验，配备22英寸超宽鸳鸯胎。车尾部分，小鹏G9L采用熏黑式双层贯穿尾灯与前脸呼应，尾灯两侧搭载辅助驾驶小蓝灯，灯光结构与车头灯组呼应。后包围造型同样有所变动，更加时尚动感。内饰方面，小鹏G9L采用“寰宇星空头等舱”设计，采用星绒透光皮革配上全新撒哈拉橙内饰营造出豪华感。新车将搭载88英寸AR-HUD、9英寸流媒体后视镜以及悬浮中控大屏。前排提供双享悬浮中岛设计，提供双50W智能升降无线充电以及双联通式杯托。全体型AI主动贴合的座椅技术，整个座椅共有91个压力传感器，不论高矮胖瘦，适合各种体型，一键就能够追随坐姿的变化自动调节。车辆二排提供21.4英寸3K后排娱乐屏，支持75°无极调节，可用语音/触控/手机蓝牙控制。同时，在车辆二排依旧配备行政中岛，提供手机无线充电面板、折叠小桌板以及功能控制屏等，拥有小鹏GX同款冰箱。此外，车辆还将提供33扬声器音响系统，并配备头顶天幕及两侧车窗共270°三面电动物理遮阳帘。动力方面，新车提供纯电、增程两大动力版本，均提供两驱、四驱车型，全系标配旗舰智能底盘。其中，纯电两驱搭载270kW单电机，四驱采用160kW前电机+270kW后电机双电机布局，CLTC纯电续航包含672km、702km、725km、755km、775km、805km六个版本。增程版本搭载DAM15NTE型号1.5T增程器，增程器最大功率110kW，两驱车型搭载210kW单电机，四驱车型采用160kW前电机+210kW后电机双电机组合，WLTC纯电续航分为325km、350km两个版本，全系标配800V超快充技术，可实现9分钟充电补充450km续航里程。据了解，小鹏GX于5月20日正式上市，上市指导价为27.98-35.98万元，限时权益价为26.98-34.98万元。小鹏GX基于全新的SEPA 3.0物理AI整车架构打造，定位AI新豪华大六座SUV旗舰，动力上提供增程和纯电选择。数据显示，6月小鹏GX销量为6737辆。文章来源：汽车行业关注声明：本公众号致力于好文推送，基于分享的目的转载，尊重原创，版权归属原作者所有，不代表电动学堂的观点和立场，如涉及作品版权侵权，请联系我们予以核实删除！加入我们的知识星球电动学堂资料库 可以下载公众号海量参考资料包含以上参考资料。8月11日，小鹏G9L正式预售，新车推出4款车型，预售价为25.98万元。,,,,pending
铜这么贵！不如试试铝！这板子效果也是杠杠的！——访江苏富乐华功率半导体研究院有限公司战略规划部部长柳珩,粉体网,粉体网,"RIOnews API, 前沿表征, 工况, 固态电池, 陶瓷材料",normal,2026-08-13T11:20:00+08:00,,2026年7月17日，由中国粉体网主办的“第二届高性能陶瓷基板关键材料技术大会暨电子陶瓷技术创新峰会”在江苏无锡成功举办！大会期间，中国粉体网邀请到多位业内专家学者做客“对话”栏目，就陶瓷基板/电子陶瓷材料设计、制备工艺、性能检测、应用场景等核心议题进行了访谈交流。本期为您分享的是江苏富乐华功率半导体研究院有限公司战略规划部部长柳珩的专访。江苏富乐华功率半导体研究院有限公司 战略规划部部长 柳珩粉体网：柳部长您好，请您介绍一下富乐华以及富乐华研究院。柳珩：非常感谢本次峰会提供交流机会，我是江苏富乐华战略规划部的柳珩。富乐华深耕陶瓷基板研发、生产与制造领域，在业内积累了稳定良好的市场口碑。相较于,http://mp.weixin.qq.com/s?__biz=MjM5NDI1NzI2MA==&mid=2655365383&idx=3&sn=d599cd8a7ad3671faa0d3a5e3d993427,,2026年7月17日，由中国粉体网主办的“第二届高性能陶瓷基板关键材料技术大会暨电子陶瓷技术创新峰会”在江苏无锡成功举办！大会期间，中国粉体网邀请到多位业内专家学者做客“对话”栏目，就陶瓷基板/电子陶瓷材料设计、制备工艺、性能检测、应用场景等核心议题进行了访谈交流。本期为您分享的是江苏富乐华功率半导体研究院有限公司战略规划部部长柳珩的专访。江苏富乐华功率半导体研究院有限公司 战略规划部部长 柳珩粉体网：柳部长您好，请您介绍一下富乐华以及富乐华研究院。柳珩：非常感谢本次峰会提供交流机会，我是江苏富乐华战略规划部的柳珩。富乐华深耕陶瓷基板研发、生产与制造领域，在业内积累了稳定良好的市场口碑。相较于,2026年7月17日，由中国粉体网主办的“第二届高性能陶瓷基板关键材料技术大会暨电子陶瓷技术创新峰会”在江苏无锡成功举办！大会期间，中国粉体网邀请到多位业内专家学者做客“对话”栏目，就陶瓷基板/电子陶瓷材料设计、制备工艺、性能检测、应用场景等核心议题进行了访谈交流。本期为您分享的是江苏富乐华功率半导体研究院有限公司战略规划部部长柳珩的专访。江苏富乐华功率半导体研究院有限公司 战略规划部部长 柳珩粉体网：柳部长您好，请您介绍一下富乐华以及富乐华研究院。柳珩：非常感谢本次峰会提供交流机会，我是江苏富乐华战略规划部的柳珩。富乐华深耕陶瓷基板研发、生产与制造领域，在业内积累了稳定良好的市场口碑。相较于行业同行，我们最核心的差异化优势是配套自建专业研发研究院。研究院核心定位是开发贴合市场需求、具备强市场竞争力的创新产品，打通研发端与生产端，实现研产同步联动。依托这套机制，每当市场涌现全新应用需求，我们都能快速完成产品开发并落地量产交付。粉体网：DAB技术是直接覆铝，“覆铝”相比于“覆铜”有哪些优势？DAB陶瓷基板具有哪些优势？柳珩：DAB 直接覆铝陶瓷基板是适配大功率工况的高端核心基材，将传统覆铜结构替换为铝导体后，能为下游客户带来三大核心价值：第一，显著降本。今年有色金属价格震荡波动幅度较大，不少客户因铜材原料成本承压，DAB 铝基基板可有效缓解原料成本压力，是高性价比替代方案。第二，导电性能差距可控。铝与铜的导电性能差值较小，足以满足绝大多数功率器件导电需求。第三，后端工艺兼容性强。产品金属化加工阶段，可在铝导体表层额外镀铜，完全不影响客户后续封装、焊接等工序使用。还有核心的一个优势，该功率模块可以方便导线的引出，对终端客户使用非常友好。粉体网：嵌入式封装对基板平面度要求极高。DAB技术在这个环节是如何实现突破的？柳珩：高平面度也是我们 DAB 产品标志性优势。市面上主流基板采用 “铜 - 陶瓷 - 铜” 复合结构，而富乐华创新采用陶瓷 - 导体 - 陶瓷反向复合架构。在陶瓷预烧工序阶段，就能实现基板与裸芯片高精度匹配，大幅降低芯片碎裂失效风险，目前已收获下游客户大量正向反馈。粉体网：在嵌入式封装中，DAB与以PCB为载体的传统方案相比，其本质差异是什么？柳珩：两套方案适配场景各有侧重。PCB 载体方案更适配小功率器件应用；若产品面向新能源汽车电源、大功率电力电子等大功率场景，DAB 陶瓷基板嵌入式封装会是更优选择。粉体网：陶瓷基板市场被日企长期垄断，富乐华实现国产化替代的核心策略是什么？柳珩：公司国产化替代布局围绕三大核心策略落地：全链条自研一体化研发体系：依托自有研究院，完成从陶瓷粉体原材料到终端基板制造的全产业链自主布局，构筑核心技术壁垒。市场客户导向快速响应：坚持以客户需求为研发出发点，研发、技术服务团队同步对接市场，可快速提供一对一专属技术配套服务。全流程标准化品控体系：搭建覆盖试样试制、批量生产、成品交付、物流运输全环节的成熟品控管控方案，稳定保障产品一致性。企业长期目标是持续深耕国内新兴电子产业，为本土市场提供高性能、国产化陶瓷基板解决方案。粉体网：好的感谢柳部长接受我们的采访。柳珩：谢谢大家。访江苏富乐华功率半导体研究院有限公司战略规划部部长柳珩,,,,pending
中固时代：完成固态电池中试验证，2GWh量产线计划落地保定,亚化固态电池,亚化固态电池,"RIOnews API, 固态电池, 固液混合, 全固态, 产品发布, 发布, 新品, 官宣, 合作进展, 战略合作, 定点, 投资, 合作, 学术研究, 科学院, 研究所",normal,2026-08-13T11:17:03+08:00,,点击蓝字 关注我们8月10日，在保定市发改委主办的经济技术合作服务直通车专题对接活动上，中固时代（河北）新能源科技有限公司董事长、总经理付垚透露，公司固态电池相关产品已顺利完成中试验证，下一步计划在保定规划建设2GWh固态电池量产产线。同时，企业将持续迭代新一代大容量固态电池，并主动对接独立储能电站、工商业储能及零碳园区等应用场景，加速推动技术成果在本地落地转化。本次活动汇聚了行业技术力量与产业要素，通过面对面洽谈、点对点对接推动合作项目落地，为保定新能源产业高质量发展积蓄动能。活动现场，中国汽车动力电池产业创新联盟常务副秘书长马小利、中国科学院物理研究所研究员李泓、中科院电工所原副所长韩立，,http://mp.weixin.qq.com/s?__biz=Mzk0MDY0OTQxOA==&mid=2247487995&idx=1&sn=59ad9a4934513eac98c1ac34a85d50e2,,点击蓝字 关注我们8月10日，在保定市发改委主办的经济技术合作服务直通车专题对接活动上，中固时代（河北）新能源科技有限公司董事长、总经理付垚透露，公司固态电池相关产品已顺利完成中试验证，下一步计划在保定规划建设2GWh固态电池量产产线。同时，企业将持续迭代新一代大容量固态电池，并主动对接独立储能电站、工商业储能及零碳园区等应用场景，加速推动技术成果在本地落地转化。本次活动汇聚了行业技术力量与产业要素，通过面对面洽谈、点对点对接推动合作项目落地，为保定新能源产业高质量发展积蓄动能。活动现场，中国汽车动力电池产业创新联盟常务副秘书长马小利、中国科学院物理研究所研究员李泓、中科院电工所原副所长韩立，,点击蓝字 关注我们8月10日，在保定市发改委主办的经济技术合作服务直通车专题对接活动上，中固时代（河北）新能源科技有限公司董事长、总经理付垚透露，公司固态电池相关产品已顺利完成中试验证，下一步计划在保定规划建设2GWh固态电池量产产线。同时，企业将持续迭代新一代大容量固态电池，并主动对接独立储能电站、工商业储能及零碳园区等应用场景，加速推动技术成果在本地落地转化。本次活动汇聚了行业技术力量与产业要素，通过面对面洽谈、点对点对接推动合作项目落地，为保定新能源产业高质量发展积蓄动能。活动现场，中国汽车动力电池产业创新联盟常务副秘书长马小利、中国科学院物理研究所研究员李泓、中科院电工所原副所长韩立，分别从动力电池与储能市场供需趋势、固态电池技术突破及产业化路径、双碳技术赋能数智化零碳发展等角度展开解读，为本地固态电池产业发展提供了专业参考。中固时代由中科院物理所先进固态电池北京市工程研究中心、中国汽车动力电池产业创新联盟固态电池分会、CSTM固态电池标准化技术委员会共同发起成立，主要从事固液混合及全固态电芯与系统集成产品的研发。近期，企业产品化落地步伐不断加快。2025年12月，中固时代正式发布两款固态电池新品——太行一号和太行二号。太行一号单颗电芯容量高达540Ah，在热管理及本征安全方面优势突出，专为大规模储能场景设计；太行二号则定位动储一体化固态电池，兼具高能量密度和较长循环寿命。2026年5月7日，中固时代完成一轮战略增资。锂电隔膜企业长阳科技发布公告称，拟以自有资金500万元增资中固时代（北京）新能源科技有限公司，认缴新增注册资本21.30万元；同期，宜宾鼎峰创业投资合伙企业（有限合伙）出资1000万元。本轮合计增资1500万元，增资完成后长阳科技将持有中固时代1.6667%股份。2026年6月27日，中固时代固态电池中试线在保定正式开工。开工仪式上，科力远分别与中固时代、太行先进储能技术研究院签署战略合作协议，并与中固时代签署增资协议。三方将围绕固态电池、电电混联、干法电极等关键技术开展联合研发，并在混合储能场景试点与应用层面深化协同合作。素材来源：保定日报、网络公开信息综合整理等，如有侵权立即删除，请联系我们报告推荐Asiachem亚化咨询推出《中国硫化锂技术与项目进展报告2025（免费版）》，该报告包含国内外硫化锂技术进展、重点生产企业技术路线/产能/项目最新动态、中国硫化锂/硫化物固态电解质项目数据库、市场分析与预测等。扫码加入固态电池产业群聊请备注“进群+单位、姓名、职务”往期推荐亿纬锂能官宣2026年推出全固态电池！【明天开幕】恩捷、赣锋、光华、天华、阿科玛、瑞逍、中石化、中科院、赛科动力、厦钨、博诺玛邀您共聚苏州！,,,,pending
能量密度突破405Wh/kg，固芯能源完成亿元融资加码量产,亚化固态电池,亚化固态电池,"RIOnews API, 固态电池, 全固态, 产品发布, 产品落地, 官宣, 量产推进, 产能, 产线建设",normal,2026-08-13T11:17:03+08:00,,点击蓝字 关注我们固芯能源近日完成亿元级融资，本轮由投控东海领投，建元基金跟投。所获资金将主要用于电池量产线建设，并投向水下装备、焊接、人形机器人及商业航天等应用场景的产品研发。作为固液电池企业，固芯能源专注于全硅负极固液电池的研发，目前已实现100%硅负极电池量产。其电芯能量密度最高达405Wh/kg，并已储备470Wh/kg、550Wh/kg等下一代技术路线。据公司透露，2026年其400Wh/kg以上电芯出货量位居全球前列，已在固定翼及多旋翼无人机等长续航场景中得到应用。在应用布局上，固芯能源产品覆盖特种装备、3C及智能家居、无人机、低空经济和具身智能等领域。无人机方面，公司已推进固定翼,http://mp.weixin.qq.com/s?__biz=Mzk0MDY0OTQxOA==&mid=2247487995&idx=2&sn=2268a8e8151cc9fdbbe11cbe661622cc,,点击蓝字 关注我们固芯能源近日完成亿元级融资，本轮由投控东海领投，建元基金跟投。所获资金将主要用于电池量产线建设，并投向水下装备、焊接、人形机器人及商业航天等应用场景的产品研发。作为固液电池企业，固芯能源专注于全硅负极固液电池的研发，目前已实现100%硅负极电池量产。其电芯能量密度最高达405Wh/kg，并已储备470Wh/kg、550Wh/kg等下一代技术路线。据公司透露，2026年其400Wh/kg以上电芯出货量位居全球前列，已在固定翼及多旋翼无人机等长续航场景中得到应用。在应用布局上，固芯能源产品覆盖特种装备、3C及智能家居、无人机、低空经济和具身智能等领域。无人机方面，公司已推进固定翼,点击蓝字 关注我们固芯能源近日完成亿元级融资，本轮由投控东海领投，建元基金跟投。所获资金将主要用于电池量产线建设，并投向水下装备、焊接、人形机器人及商业航天等应用场景的产品研发。作为固液电池企业，固芯能源专注于全硅负极固液电池的研发，目前已实现100%硅负极电池量产。其电芯能量密度最高达405Wh/kg，并已储备470Wh/kg、550Wh/kg等下一代技术路线。据公司透露，2026年其400Wh/kg以上电芯出货量位居全球前列，已在固定翼及多旋翼无人机等长续航场景中得到应用。在应用布局上，固芯能源产品覆盖特种装备、3C及智能家居、无人机、低空经济和具身智能等领域。无人机方面，公司已推进固定翼与多旋翼产品应用，并同步开发生工业级、消费级无人机及eVTOL相关产品。机器人是公司近年重点拓展方向之一。固芯能源表示，已与相关企业开展水下机器人、自动化产线及人形机器人电源系统的联合研发与验证，并根据不同场景对能量密度、工作温域和安全性进行针对性适配。商业航天方面，公司正推进产品验证，目前相关电池已进入适配阶段，并通过地面测试及搭载验证等方式推动航天级产品开发。在特种装备领域，公司面向水下装备、通信设备及焊接设备等提供电池产品与解决方案。固芯能源董事长刘舜表示，本轮融资完成后，公司将加快量产线建设，同时持续推进水下装备、焊接、人形机器人及商业航天等领域的产品落地。素材来源：固芯能源、网络公开信息综合整理等，如有侵权立即删除，请联系我们报告推荐Asiachem亚化咨询推出《中国硫化锂技术与项目进展报告2025（免费版）》，该报告包含国内外硫化锂技术进展、重点生产企业技术路线/产能/项目最新动态、中国硫化锂/硫化物固态电解质项目数据库、市场分析与预测等。扫码加入固态电池产业群聊请备注“进群+单位、姓名、职务”往期推荐亿纬锂能官宣2026年推出全固态电池！【明天开幕】恩捷、赣锋、光华、天华、阿科玛、瑞逍、中石化、中科院、赛科动力、厦钨、博诺玛邀您共聚苏州！,,,,pending
314Ah储能电芯价格触及0.42元/Wh,电池中国,电池中国,"RIOnews API, 新材料, 碳, 产品发布, 发布, 官宣, 宁德时代, 亿纬锂能, 亿纬, 磷酸铁锂, 铁锂, 储能, 储能电芯, 314Ah, 500Ah, 储能集成, PCS, 碳酸锂, 交付, 装机, 产能, 订单, 长协, 中标, 报价, 落地",normal,2026-08-13T11:16:27+08:00,,2026年8月，国内主流314Ah磷酸铁锂储能电芯价格在0.35元/Wh-0.42元/Wh之间，均价在0.365元/Wh附近，与2025年末的约0.31元/Wh相比，涨幅较为明显。\x0a\x0a8月，宁德时代商城将314Ah电芯价格上调0.009元/Wh至0.423元/Wh。\x0a\x0a此前，亿纬锂能已发布调价通知，自9月1日起，其所有内销电池产品在原价基础上加收2%消费税；出口产品先征后退，内外销同价。逾期未开票、需于9月1日及以后开票的订单，以及已签未交付的框架订单，均适用新价格。\x0a\x0a更早之前的7月，价格调整信号已在产业链蔓延。7月初，PCS厂商盛弘股份发布涨价函；随后，,http://mp.weixin.qq.com/s?__biz=MzA3MzY0OTIzMQ==&mid=2661850212&idx=1&sn=ef16a4122acb20ab2cb0f3930760de08,,2026年8月，国内主流314Ah磷酸铁锂储能电芯价格在0.35元/Wh-0.42元/Wh之间，均价在0.365元/Wh附近，与2025年末的约0.31元/Wh相比，涨幅较为明显。\x0a\x0a8月，宁德时代商城将314Ah电芯价格上调0.009元/Wh至0.423元/Wh。\x0a\x0a此前，亿纬锂能已发布调价通知，自9月1日起，其所有内销电池产品在原价基础上加收2%消费税；出口产品先征后退，内外销同价。逾期未开票、需于9月1日及以后开票的订单，以及已签未交付的框架订单，均适用新价格。\x0a\x0a更早之前的7月，价格调整信号已在产业链蔓延。7月初，PCS厂商盛弘股份发布涨价函；随后，,2026年8月，国内主流314Ah磷酸铁锂储能电芯价格在0.35元/Wh-0.42元/Wh之间，均价在0.365元/Wh附近，与2025年末的约0.31元/Wh相比，涨幅较为明显。\x0a\x0a8月，宁德时代商城将314Ah电芯价格上调0.009元/Wh至0.423元/Wh。\x0a\x0a此前，亿纬锂能已发布调价通知，自9月1日起，其所有内销电池产品在原价基础上加收2%消费税；出口产品先征后退，内外销同价。逾期未开票、需于9月1日及以后开票的订单，以及已签未交付的框架订单，均适用新价格。\x0a\x0a更早之前的7月，价格调整信号已在产业链蔓延。7月初，PCS厂商盛弘股份发布涨价函；随后，锂电材料企业湖南裕能等多家企业也官宣调价，成本压力沿产业链逐级向下游传导。\x0a\x0a业内分析指出，此轮314Ah储能电芯价格上涨，是上游原材料涨价、下游需求高增及电池消费税落地等多重因素叠加的结果。\x0a\x0a原材料成本方面，碳酸锂价格自4月底开始反弹，5月一度触及20万元/吨，尽管当前已有所回落，但市场预期“金九银十”传统旺季，及年底出口退税取消带来的抢装需求，有望推动碳酸锂重回上涨通道。\x0a\x0a需求高增叠加产线调整，供给趋紧。今年以来，全球储能装机需求持续旺盛，头部电芯厂排产紧张，交付周期明显拉长。与此同时，部分电芯厂将更多产能向500Ah及以上超大电芯倾斜，314Ah等规格电芯产线排产节奏收紧。集成商为保障项目交付不得不提前备货，进一步加剧了短期供需错配。\x0a\x0a电池消费税落地，直接推高成本。7月16日，国家财政部等部门联合公告，锂离子蓄电池自今年9月1日起恢复征收2%消费税，2027年9月升至4%。机构测算，按当前主流314Ah电芯约0.4元/Wh估算，2%税率对应成本增加约0.008元/Wh。亿纬锂能、宁德时代等电池厂商已通过调价将税负向下游传导，业内预期其它电池企业大概率将跟进。此外，出口退税率已由9%下调至6%，并将于明年初完全取消，亦对电池企业构成持续的成本压力。\x0a\x0a过去一年多，314Ah电芯长协价基本维持在0.3元/Wh附近，月度波动也就在两三分钱范围，行业普遍形成“先低价拿项目、之后采购更便宜”的惯性预期。有储能集成项目负责人坦言，此前企业敢报低价，赌的就是中标到交付之间设备价格还能再降。但7月以来，长协价与现货价双双上行，电芯厂同步提高预付款比例、缩短账期，合同价锁定的同时采购成本却在上涨。成本上涨与本已偏低的报价基础叠加，进一步挤压了集成商的利润空间。\x0a\x0a综合来看，在前述多重因素共同作用下，短期内314Ah电芯价格或仍有上行空间。,,,,pending
华赛能源出席CIES2026 深度阐释算电协同平衡之道,储能网,储能网,"RIOnews API, 储能, 系统集成, 算力中心, 交付, 政策, 认证",normal,2026-08-13T10:49:49+08:00,,中国储能网讯：8月10日，华赛能源战略总监、佑赛科技副总经理王康出席CIES2026第十六届中国国际储能大会，并发表《安全、绿色和经济——算电协同几个核心目标的平衡》主题演讲，从安全、绿色、经济三大维度出发，系统阐述了算力中心的核心关切与算电协同的平衡路径。本届大会以“源网荷储，算电协同”为主题，汇聚千余家企业参会。华赛能源独家冠名“长时储能混合储能专场论坛”，与行业专家共同探讨长时储能与混合储能的前沿路径。王康在演讲中指出，算力中心正成为“用电大户”——预计2030年数据中心电耗将占全国电耗的5.3%，碳排放占比持续攀升。绿电直连是实现算力中心减排的最终路径，相关政策不断完善，为这一路径的实,http://mp.weixin.qq.com/s?__biz=MzA3MjA3MzgwNw==&mid=2651978646&idx=1&sn=9e67cdfa2da0cc7c0f62995209b0e038,,中国储能网讯：8月10日，华赛能源战略总监、佑赛科技副总经理王康出席CIES2026第十六届中国国际储能大会，并发表《安全、绿色和经济——算电协同几个核心目标的平衡》主题演讲，从安全、绿色、经济三大维度出发，系统阐述了算力中心的核心关切与算电协同的平衡路径。本届大会以“源网荷储，算电协同”为主题，汇聚千余家企业参会。华赛能源独家冠名“长时储能混合储能专场论坛”，与行业专家共同探讨长时储能与混合储能的前沿路径。王康在演讲中指出，算力中心正成为“用电大户”——预计2030年数据中心电耗将占全国电耗的5.3%，碳排放占比持续攀升。绿电直连是实现算力中心减排的最终路径，相关政策不断完善，为这一路径的实,中国储能网讯：8月10日，华赛能源战略总监、佑赛科技副总经理王康出席CIES2026第十六届中国国际储能大会，并发表《安全、绿色和经济——算电协同几个核心目标的平衡》主题演讲，从安全、绿色、经济三大维度出发，系统阐述了算力中心的核心关切与算电协同的平衡路径。本届大会以“源网荷储，算电协同”为主题，汇聚千余家企业参会。华赛能源独家冠名“长时储能混合储能专场论坛”，与行业专家共同探讨长时储能与混合储能的前沿路径。王康在演讲中指出，算力中心正成为“用电大户”——预计2030年数据中心电耗将占全国电耗的5.3%，碳排放占比持续攀升。绿电直连是实现算力中心减排的最终路径，相关政策不断完善，为这一路径的实现提供规则支撑。 他强调，安全、绿色、经济三个目标存在内在张力——绿电占比和经济性之间存在明确的最优边界，而电网是不可突破的底线。算电协同的本质是新能源体系与算力基础设施的双向协同：新能源为数据中心提供低碳能源供给，数据中心为新能源提供稳定消纳场景。他建议优先布局内蒙古等西北枢纽，以联合开发模式锁定长期绿电价格，同步建设柔性用电能力并建立绿电溯源体系，为绿色算力国际认证和ESG合规预留空间。作为非补燃压缩空气储能与风光制氢领域的领军企业，华赛能源核心团队源自清华大学，旗下拥有安徽佑赛科技、内蒙古绿氢科技、安徽佑赛电气设备等主要业务子公司，致力于为能源企业、电网公司及高载能用户提供覆盖工艺研发、设备研制、系统集成、工程建设到维护运营的一站式解决方案。公司始终坚持深度融合“产学研用”创新体系，与清华大学共建“柔性压缩空气储能联合研究中心”，与青海大学共建“新型多元储能联合研究院“，牵头组建内蒙古自治区电解水制氢创新联合体，并设立博士后科研工作站、安徽省企业技术中心，构建了覆盖基础研究、技术攻关到工程转化的研发平台矩阵。截至目前，公司已累计获得授权专利两百余项，并参与制定多项国家与行业标准。依托扎实的技术研发实力，华赛能源在国内不断实现压缩空气储能电站整体设计建设与运营能力的创新突破，并构建起从工艺研发、设备研制、系统集成到工程建设、运维服务的全链条自主交付体系。公司主导、参与建设了多座压缩空气储能标杆工程，打通了从试验验证、工程示范到商业化运行的全链条发展路径。一审：潘 望二审：王谊秀由于微信改版，关注后请点击右上角，选择“设为星标”与“置顶”，以获得最新的文章更新投稿联系电话：***********（同微信）地址：北京市西城区阜成门外四川大厦东塔楼30层官网：www.escn.com.cn 投稿邮箱：ly83518@126.com,,,,pending
南京大学，最新Nature！,材料人,材料人,"RIOnews API, 钙钛矿, 高比能, 硅, 前沿表征, 原位, 学术研究, 大学, 期刊",normal,2026-08-13T10:19:00+08:00,,科学背景钙钛矿光伏凭借低成本溶液制备、高光电转换效率的优势，正从实验室小面积器件向工业化大面积模组制造推进。规模化制备普遍采用狭缝涂布搭配真空干燥工艺，但存在两大关键技术阻碍。其一，溶剂饱和蒸气压直接调控薄膜垂直组分分布：传统低饱和蒸气压DMF/DMSO溶剂蒸发速率慢，薄膜表面富集碘化铅；单一高饱和蒸气压2-甲氧基乙醇无法稳定溶解含铯钙钛矿前驱液，墨水易析出失效，溶剂体系难以同时兼顾大面积成膜质量与可控表面组分。其二，行业通用卤化铵钝化剂仅适配碘化铅富集表面，在大气加工环境下极易受温、湿度影响发生去质子化，造成器件性能持续衰减；大面积狭缝涂布时会产生咖啡环效应，钝化层分布不均引入宏观缺陷，其余,http://mp.weixin.qq.com/s?__biz=MjM5ODcyMzk0Mg==&mid=2651241548&idx=1&sn=df6ad8b299da6aa4648f7859edbe71b2,,科学背景钙钛矿光伏凭借低成本溶液制备、高光电转换效率的优势，正从实验室小面积器件向工业化大面积模组制造推进。规模化制备普遍采用狭缝涂布搭配真空干燥工艺，但存在两大关键技术阻碍。其一，溶剂饱和蒸气压直接调控薄膜垂直组分分布：传统低饱和蒸气压DMF/DMSO溶剂蒸发速率慢，薄膜表面富集碘化铅；单一高饱和蒸气压2-甲氧基乙醇无法稳定溶解含铯钙钛矿前驱液，墨水易析出失效，溶剂体系难以同时兼顾大面积成膜质量与可控表面组分。其二，行业通用卤化铵钝化剂仅适配碘化铅富集表面，在大气加工环境下极易受温、湿度影响发生去质子化，造成器件性能持续衰减；大面积狭缝涂布时会产生咖啡环效应，钝化层分布不均引入宏观缺陷，其余,"科学背景钙钛矿光伏凭借低成本溶液制备、高光电转换效率的优势，正从实验室小面积器件向工业化大面积模组制造推进。规模化制备普遍采用狭缝涂布搭配真空干燥工艺，但存在两大关键技术阻碍。其一，溶剂饱和蒸气压直接调控薄膜垂直组分分布：传统低饱和蒸气压DMF/DMSO溶剂蒸发速率慢，薄膜表面富集碘化铅；单一高饱和蒸气压2-甲氧基乙醇无法稳定溶解含铯钙钛矿前驱液，墨水易析出失效，溶剂体系难以同时兼顾大面积成膜质量与可控表面组分。其二，行业通用卤化铵钝化剂仅适配碘化铅富集表面，在大气加工环境下极易受温、湿度影响发生去质子化，造成器件性能持续衰减；大面积狭缝涂布时会产生咖啡环效应，钝化层分布不均引入宏观缺陷，其余有机、无机钝化材料又存在界面电荷传输受阻、光热稳定性差等缺陷，无法满足米级模组量产要求。因此亟需开发可大气加工、大面积均匀涂布、兼具高效钝化与长效稳定的成套工艺方案。创新成果南京大学谭海仁、肖科团队在Nature期刊发表题为“Lead carboxylates passivation for meter-scale perovskite solar modules”的研究，构建高饱和蒸气压三元溶剂体系搭配油酸铅（二油酸铅，铅羧酸盐钝化剂LCP）的完整工业化制备方案：一是设计2-甲氧基乙醇/1,3-二氧戊环/二甲亚砜三元溶剂，依靠1,3-二氧戊环稳定含铯钙钛矿墨水，真空干燥过程中定向溶剂对流使薄膜表面富集甲脒碘化物，获得适配铅羧酸盐钝化的专属薄膜表面，所得薄膜晶粒完整、(100)晶向择优生长，无无光活性杂相残留，载流子寿命显著提升。二是选用油酸铅对甲脒碘富集表面进行钝化，油酸根可配位薄膜碘空位不饱和铅，同时与表层甲脒离子形成氢键，原位生成纳米α-FAPbI₃钝化层；该钝化层具备强疏水性，狭缝涂布无咖啡环缺陷，可均匀覆盖整片模组，优化界面能级匹配、抑制载流子复合，载流子平均寿命由264 ns提升至706 ns。三是实现两种规格高性能钙钛矿模组，810 cm²开孔面积模组经第三方认证光电转换效率24.0%，最优器件达24.2%；0.72 m²商用尺寸模组认证效率22.0%，峰值输出功率158.4 W。四是整套模组通过IEC 61215全部可靠性测试，湿热、冷热循环、持续最大功率点光照、紫外老化测试中性能衰减远低于卤化铵钝化模组；兆瓦级户外电站实测证明钙钛矿模组日均发电量优于同场地硅基TOPCon光伏组件。该工作建立了兼顾大面积加工能力、高转换效率、工业级长期稳定性的钙钛矿模组制备路线。图文解析图1 高低饱和蒸气压溶剂制备钙钛矿薄膜的表面本征状态对比 © 2026 Springer Nature图2 卤化铵（AHP）与铅羧酸盐（LCP）两种钝化体系的制备工艺、薄膜形貌、防潮能力与热稳定性对比 © 2026 Springer Nature图3 油酸铅LCP钝化的界面作用机理、能级调控效果与载流子复合抑制相关表征 © 2026 Springer Nature图4 810 cm²开孔面积、0.72 m²商用尺寸两类钙钛矿模组的光伏输出性能测试结果 © 2026 Springer Nature图5 0.72 m²商用模组IEC标准全套可靠性老化测试的性能与薄膜结构表征 © 2026 Springer Nature科学启迪综上，本研究证实可通过调控溶剂蒸发动力学精准定制钙钛矿薄膜表面化学组分，再匹配专属稳定钝化剂构建化学键合界面，同步解决大面积涂布不均、界面电荷传输受限两大工业化难题。油酸铅类铅羧酸盐钝化材料区别于易降解有机铵盐钝化层，同时具备化学稳定、疏水防潮、不阻碍电荷传输的特性，适配大气环境下米级模组量产，攻克钙钛矿光伏稳定性核心痛点。该研究完成了从溶剂配方、钝化工艺、大尺寸模组制备、第三方效率认证、标准化可靠性检测到兆瓦级户外电站实证的全链条验证，完整证明钙钛矿光伏具备对标硅基光伏商用落地的潜力；同时这套溶剂-钝化协同策略可适配1.54 eV、1.68 eV、1.80 eV多种带隙钙钛矿体系，能够拓展应用于叠层电池、光电探测等各类钙钛矿光电器件，为钙钛矿光伏工业化提供完整可行工艺路线，也为二维/三维卤化物钙钛矿界面载流子调控提供全新思路。原文详情：Xu, D., Xiao, K., Liu, Y. et al. Lead carboxylates passivation for meter-scale perovskite solar modules. Nature (2026). https://doi.org/10.1038/s41586-026-10994-7投稿邮箱tougao@cailiaoren.com投稿以及内容合作可加微信cailiaorenVIP计算服务如果您希望开展计算工作，苦于没有合适的计算人才，也可以联系我们。5年以来，我们与入驻材料人平台的300余位计算顾问一起，共同服务了超过5000位客户，涵盖了包括VASP在内的多款软件以及第一性原理、分子动力学、有限元等领域。扫描添加客服微信",,,,pending
南京邮电大学王始彦、王龙禄、赵强团队JPCL: 金属单原子与团簇的协同催化: 催化机理的结构-电子调控及应用,材料人,材料人,"RIOnews API, 新材料, 碳, 前沿表征, 原位, 工况, 电化学合成, 电催化, 学术研究, 大学, 教授, 期刊",normal,2026-08-13T10:19:00+08:00,,01【背景介绍】金属催单原子催化剂具有高原子利用率和明确的配位结构，而金属团簇则具有电子离域和多位点协同等优势。然而，单原子位点由于缺乏相邻金属位点，在多位点协同吸附、界面电荷转移及复杂中间体转化等过程中存在一定局限，而金属团簇则面临结构稳定性较差和原子利用率较低等问题。单原子/团簇协同催化能够结合二者的优势，并通过调控空间构型、配位环境和电子结构，优化中间体吸附与反应路径，为复杂催化反应提供新的设计思路。02【研究内容】近日，南京邮电大学王始彦副教授，王龙禄副教授、赵强教授发表的Perspective围绕金属单原子/团簇协同催化，构建了结构–电子耦合调控框架，系统阐述了单原子与团簇之间的协同,http://mp.weixin.qq.com/s?__biz=MjM5ODcyMzk0Mg==&mid=2651241548&idx=2&sn=05997cad58fc640b4d9f375277816a14,,01【背景介绍】金属催单原子催化剂具有高原子利用率和明确的配位结构，而金属团簇则具有电子离域和多位点协同等优势。然而，单原子位点由于缺乏相邻金属位点，在多位点协同吸附、界面电荷转移及复杂中间体转化等过程中存在一定局限，而金属团簇则面临结构稳定性较差和原子利用率较低等问题。单原子/团簇协同催化能够结合二者的优势，并通过调控空间构型、配位环境和电子结构，优化中间体吸附与反应路径，为复杂催化反应提供新的设计思路。02【研究内容】近日，南京邮电大学王始彦副教授，王龙禄副教授、赵强教授发表的Perspective围绕金属单原子/团簇协同催化，构建了结构–电子耦合调控框架，系统阐述了单原子与团簇之间的协同,"01【背景介绍】金属催单原子催化剂具有高原子利用率和明确的配位结构，而金属团簇则具有电子离域和多位点协同等优势。然而，单原子位点由于缺乏相邻金属位点，在多位点协同吸附、界面电荷转移及复杂中间体转化等过程中存在一定局限，而金属团簇则面临结构稳定性较差和原子利用率较低等问题。单原子/团簇协同催化能够结合二者的优势，并通过调控空间构型、配位环境和电子结构，优化中间体吸附与反应路径，为复杂催化反应提供新的设计思路。02【研究内容】近日，南京邮电大学王始彦副教授，王龙禄副教授、赵强教授发表的Perspective围绕金属单原子/团簇协同催化，构建了结构–电子耦合调控框架，系统阐述了单原子与团簇之间的协同作用机制，以及其在不同催化反应中的调控规律，并进一步总结了该领域面临的关键挑战和未来发展方向。本文重点讨论了单原子/团簇催化体系中的空间构型、配位环境、团簇尺寸和活性位点密度等结构调控策略，以及电荷转移、轨道相互作用、自旋态调控和氢键网络介导的质子传输等电子与界面调控机制，并进一步分析了这些调控策略在氧还原反应、二氧化碳还原反应、氮还原反应、电催化加氢脱氯、析氢反应和析氧反应等过程中的作用。与此同时，文章指出，目前该领域仍面临工作状态下真实活性结构难以确定、协同效应缺乏定量描述以及单原子/团簇结构精准合成困难等问题，并提出未来应进一步结合精准合成、原位/工况表征、理论计算和数据驱动筛选，建立更加可靠的结构–电子–反应描述符–催化性能关系，为单原子/团簇协同催化剂的理性设计提供指导。该成果以“Synergistic Catalysis of Metal Single Atoms and Clusters: Structural–Electronic Modulation of Catalytic Mechanisms and Applications”(《金属单原子与团簇的协同催化: 催化机理的结构-电子调控及应用》)为题，发表在美国化学学会期刊 The Journal of Physical Chemistry Letters 上。03【图文解析】图1、金属单原子/团簇协同催化的发展趋势。列举了2016—2025年该领域的代表性工作，包括Pt单原子与团簇催化、单原子—团簇—纳米颗粒尺寸效应、高负载单原子/团簇构筑，以及Cu、Fe、Pd、Ru等体系在电催化、光催化、选择性氧化和加氢反应中的代表性应用。图2、金属单原子/团簇协同催化剂的结构调控策略。图2a：Pt单原子和原子团簇在PtNiCo催化剂中的协同作用，通过差异化电子结构实现互补催化功能。图2b：Pt6团簇锚定于Cr–N–C载体上的结构及差分电荷密度。图2c：Fe–N,O/G的合成过程，通过冻干和退火构筑N/O双配位Fe单原子位点。图2d：Pt单原子配位环境的配体交换策略，通过电沉积和光诱导配体交换实现Cl配体向OH配体的转变。图2e：CuNi原子团簇与双原子位点的结构模型，体现双金属及桥联N原子对局部配位环境的调控。图2f：不同Bi结构的差分电荷密度，反映尺寸和局部配位结构变化引起的电子结构重构。图2g：常压热解过程中金属负载量增加对单原子位点密度的影响。图2h：压力调控金属扩散策略，低压退火促进金属原子扩散和锚定，从而抑制团聚并提高单原子位点密度。图3、金属单原子/团簇协同催化剂的电子与界面调控策略。图3a：CeO2–Co–N–C体系的差分电荷密度。图3b：Ag单原子/团簇负载CN体系的差分电荷密度。图3c：FeCo双单原子/原子团簇体系的电荷密度分布。图3d：轴向Fe4C团簇对Fe中心d轨道的调控。图3e–g：Fe单原子体系的磁化强度及自旋态变化。图3h–i：对比Co单原子/Ru团簇界面的弱、强氢键网络。图3j：H2O吸附在Cos–SO–Ru和Cos–Ru界面上的差分电荷密度。图4、金属单原子/团簇协同催化的结构–电子耦合调控框架。图中以单原子与团簇为核心，展示了结构调控诱导电子与界面响应，并进一步影响催化反应的耦合关系。结构调控主要包括空间构型、配位环境、团簇尺寸和活性位点密度等，电子与界面调控则涉及电荷转移、轨道相互作用、自旋态变化及界面微环境重构。该框架进一步应用于氧还原反应、二氧化碳还原反应和氮还原反应。图5、单原子/团簇协同调控在氧还原反应（ORR）中的应用。图5a：CeO2–Co–N–C体系中OOH*、O和OH等中间体的吸附构型。图5b：不同催化剂的ORR极化曲线。图5c–d：Fe SACs/Fe2O3@NHPC的ORR反应过程及自由能变化。图5e：Fe单原子体系的自旋密度变化。图5f–g：Ir团簇/Fe–N4体系中ORR中间体的吸附构型及自由能变化。图6、单原子/团簇协同调控在二氧化碳还原反应（CO2RR）中的应用。图6a–b：CuOx–NC在不同电位下向Cu2–CuN3和Cu3–CuN3亚纳米团簇的动态重构及产物法拉第效率。图6c–d：Ni–N4/Ni5体系的CO2RR反应路径及自由能变化。图6e–f：CeO2团簇负载Cu单原子的结构及CH4法拉第效率。图6g–h：对比孔边缘和石墨烯基面Fe–N4位点的CO脱附及自由能变化。图7、结构与电子调控策略在氮还原反应（NRR）中的应用。图7a–b：氧空位和表面羟基协同调控的Bi4O5I2催化位点及其自由能变化。图7c–d：MnB2N2/C的NH3法拉第效率及NRR自由能变化。图7e–f：Fe2V4O13/Mo2S3的NH3产率、法拉第效率及反应机制。图7g：缺陷Al-Fum位点上的NRR自由能变化。图7h：串联eCPET–NRR催化机制，通过质子耦合电子转移介体与分子NRR催化剂协同作用，促进N–H键形成并降低反应所需电位。04【论文信息】Synergistic Catalysis of Metal Single Atoms and Clusters: Structural–Electronic Modulation of Catalytic Mechanisms and ApplicationsZihang Liu, Shiyan Wang*, Weiyao Hao, Xianghong Niu, Longlu Wang*, Qiang Zhao*https://doi.org/10.1021/acs.jpclett.6c02027 05【通讯作者简介】王始彦，博士毕业于东南大学，现为南京邮电大学副教授。围绕低维材料的多尺度模拟与设计，在新型催化材料固氮、二氧化碳还原、析氢和氧还原、一氧化碳氧化反应以及高选择性的室温气体传感器等方面取得了许多创新性研究成果。以第一作者/共同一作和通讯作者在ACS Nano、ACS Central Science、Applied Catalysis B: Environmental、Chemical Science等期刊发表论文20余篇，多篇论文被期刊评选为前封面论文、HOT论文、Most Popular论文等，多项理论研究工作展现的高反应催化活性、提出的设计理念、反应机理已经被实验证实。王龙禄，南京邮电大学副教授，主要从事柔性能源转化材料的开发和利用研究。在 Nat. Commun. 等期刊发表论文 200余篇，他引13000余次，H指数 66。获河南省教育厅自然科学二等奖、河南省自然科学三等奖、江苏省光学学会青年光学科技奖等科技奖励，荣获江苏省“333 高层次人才培养工程中青年科学技术带头人”、湖南大学首届杰出博士后等荣誉称号，担任 Nano-Micro Letters、Chinese Chemical Letters、Advanced Powder Materials 等期刊青年编委。赵强，南京邮电大学教授，博士生导师，南京信息工程大学副校长，柔性电子全国重点实验室副主任，国家杰出青年科学基金获得者、教育部“长江学者奖励计划”青年学者、国务院政府特殊津贴专家、全国高校黄大年式教师团队负责人，主要从事有机与柔性电子领域研究。近年来在Nat. Sensors、Sci. Adv.、Nat. Commun.、Chem. Rev.、J. Am. Chem. Soc.、Angew. Chem. Int. Ed.、Adv. Mater.等期刊发表高质量论文100余篇，获国家自然科学奖二等奖、教育部自然科学奖一等奖、江苏省科学技术奖一等奖、江苏省青年科技杰出贡献奖等多项科技奖励。投稿邮箱tougao@cailiaoren.com投稿以及内容合作可加微信cailiaorenVIP",,,,pending
深圳大学超分子团队诚聘预长聘制教师,材料人,材料人,"RIOnews API, 新材料, 聚合物, 学术研究, 大学, 教授",normal,2026-08-13T10:19:00+08:00,,材料人网招聘系统免费发布材料类、化学类科研岗、技术岗方面的招聘信息，欢迎有招聘需求的课题组、企业HR前往发布。为了保证招聘信息的准确性，以学院、学校以及企业名义发布的招聘信息，账号需先经过认证。以课题组名义发布招聘信息，账号可不经过认证发布3条。所有招聘信息均不收取费用，并免费在材料人公众号上推介。01【超分子团队简介】深圳大学超分子团队主要研究方向包括配位超分子自组装；超分子晶体学表征；AI辅助超分子自动化合成；质谱表征技术；单分子分辨率表征及表面操控；表面单层二维材料构筑与信息及催化功能应用；超分子和聚合物材料在主客体化学、仿生催化、模板合成以及生物医学中的应用研究。实验室具备非常完善的合,http://mp.weixin.qq.com/s?__biz=MjM5ODcyMzk0Mg==&mid=2651241548&idx=3&sn=64f5024de5d2f3103e8ba354f61bfcd2,,材料人网招聘系统免费发布材料类、化学类科研岗、技术岗方面的招聘信息，欢迎有招聘需求的课题组、企业HR前往发布。为了保证招聘信息的准确性，以学院、学校以及企业名义发布的招聘信息，账号需先经过认证。以课题组名义发布招聘信息，账号可不经过认证发布3条。所有招聘信息均不收取费用，并免费在材料人公众号上推介。01【超分子团队简介】深圳大学超分子团队主要研究方向包括配位超分子自组装；超分子晶体学表征；AI辅助超分子自动化合成；质谱表征技术；单分子分辨率表征及表面操控；表面单层二维材料构筑与信息及催化功能应用；超分子和聚合物材料在主客体化学、仿生催化、模板合成以及生物医学中的应用研究。实验室具备非常完善的合,材料人网招聘系统免费发布材料类、化学类科研岗、技术岗方面的招聘信息，欢迎有招聘需求的课题组、企业HR前往发布。为了保证招聘信息的准确性，以学院、学校以及企业名义发布的招聘信息，账号需先经过认证。以课题组名义发布招聘信息，账号可不经过认证发布3条。所有招聘信息均不收取费用，并免费在材料人公众号上推介。01【超分子团队简介】深圳大学超分子团队主要研究方向包括配位超分子自组装；超分子晶体学表征；AI辅助超分子自动化合成；质谱表征技术；单分子分辨率表征及表面操控；表面单层二维材料构筑与信息及催化功能应用；超分子和聚合物材料在主客体化学、仿生催化、模板合成以及生物医学中的应用研究。实验室具备非常完善的合成与表征平台，包括AI辅助自动化合成系统、核磁共振波谱仪、离子淌度质谱、MALDI-TOF质谱、超高真空低温扫描隧道显微镜、X-射线单晶衍射仪、X-射线粉末衍射仪、各类色谱仪、荧光、CD、紫外等仪器设备。实验室拥有一支由教授、副教授、副研究员、博士后、博士和硕士等组成的科研团队，具有良好的软硬件条件。02【预长聘制教师岗位】岗位要求：（1）博士毕业于国内外知名高校或研究机构；（2）具有较强的科研创新能力和团队协作精神；（3）具有良好的学术道德和严谨科学态度、身体健康、能胜任岗位的工作要求。岗位待遇：（1）实行年薪制，根据应聘者的教育工作经历及工作业绩，提供具有竞争力的薪酬，并配套相应科研启动经费。特别优秀的应聘者可纳入学校人才项目培养，享受相应待遇，具体按学校相关政策执行。；（2）受聘深圳大学“鹏城孔雀计划”特聘岗位者，可享受相应的岗位绩效奖励；（3）成果突出者可以申请深圳大学“百人计划”。聘期6年内，可享受“百人计划”岗位津贴。助理教授综合年薪60万元起，副教授综合年薪69万元起，教授综合年薪83万元起；可同时享受鹏城孔雀计划特聘岗位C档岗位津贴24万元/年；满足深圳市新引进博士人才条件者，可申领生活补贴10万元；（4）住房政策：可申请租住学校周转房，租金优惠。符合条件者，可以享受深圳市人才房政策，具体以政府最终发布为准；（5）教育配套：深圳大学附属教育集团下辖4所中学、4所小学和3所幼儿园，有效保障教职工子女就学；（6）医疗保健：下设2所三甲综合医院：深圳大学总医院和附属华南医院，为教职工提供优质医疗服务；（7）员工关怀：学校提供体育专项经费，校内运动设施免费使用；年度健康体检；就餐补贴。03【副研究员岗位】1）副研究员应取得国（境）内外较高水平大学博士学位，在相关研究领域取得了较好科研成果，有高水平SCI论文发表；2）副研究员岗位属于深圳大学专职科研岗教职工，享受正式教职工待遇，无需承担教学任务，可以潜心从事科研工作，根据研究经历、科研能力及业绩等确定岗位等级和工资待遇，副研究员年薪29-38万元/年，业绩特别突出者可聘为研究员。享受深圳大学的福利待遇，科研成果突出者可优先转聘为助理教授或副教授。04【博士后岗位】薪资待遇：（1）综合年薪不低于40万元；（2）符合“荔新奖励计划”者额外补贴，每月约4000元，最长24个月；（3）出站后留（来）深工作，可享受生活补助36万元；（4）可选择落户深圳，配偶及未成年子女可随迁，子女入托入学按深圳市相关政策执行；（5）符合深圳大学“荔园留菁计划”政策的优秀博士后，可直聘深圳大学教师岗。05【应聘方式】应聘者将个人简历及代表性成果的电子文档发送至邮箱：xiujunyu@szu.edu.cn（邮件标题注明：xx申请+姓名）。期待有志青年的加盟，竭诚为每位成员创造美好未来！,,,,pending
最新演讲嘉宾：何伦华/研究员 中国科学院高能物理研究所/散裂中子源科学中心 报告主题：通用粉末衍射谱仪研究进展及应用,今日锂电,今日锂电,"RIOnews API, 新材料, 电池材料, 复合材料, 碳, 隔膜, 复合集流体, 聚合物, 高比能, 锂金属, 富锂锰, 硅, 前沿表征, 原位, 工况, 固态电池, 固态电解质, 钠离子电池, 钠电, 合作进展, 投资, 合作, 学术研究, 大学, 科学院, 研究所, 期刊, 技术进展, 技术突破, 制备工艺, 界面优化, 前沿技术",normal,2026-08-13T09:50:13+08:00,,重磅会议两会并行分会场60+大咖报告嘉宾800+参会人员聚焦固态电解质/硅碳/磷酸（锰）铁锂/锰系材料 第二届固态电池新技术应用与材料制备验证技术会议 同期举办：第四届锰系与磷酸铁锂技术应用研讨会 赞助展台预订中...演讲报告开放预约中...2026固态电池新技术应用与材料制备验证技术会议，同期同址举办：第四届锰系与磷酸铁锂技术应用研讨会，定于2026年9月16-17日在杭州召开，本次会议有幸邀请到中国科学院高能物理研究所/散裂中子源科学中心何伦华研究员 ，他的报告主题为《通用粉末衍射谱仪研究进展及应用》，欢迎参会交流。PART 报告摘要TECHNOLOGY通用粉末衍射仪(General Pu,http://mp.weixin.qq.com/s?__biz=MzkyNzc0MDc0MA==&mid=2247518881&idx=1&sn=081b7935f666dee0c217671a6035d1c1,,重磅会议两会并行分会场60+大咖报告嘉宾800+参会人员聚焦固态电解质/硅碳/磷酸（锰）铁锂/锰系材料 第二届固态电池新技术应用与材料制备验证技术会议 同期举办：第四届锰系与磷酸铁锂技术应用研讨会 赞助展台预订中...演讲报告开放预约中...2026固态电池新技术应用与材料制备验证技术会议，同期同址举办：第四届锰系与磷酸铁锂技术应用研讨会，定于2026年9月16-17日在杭州召开，本次会议有幸邀请到中国科学院高能物理研究所/散裂中子源科学中心何伦华研究员 ，他的报告主题为《通用粉末衍射谱仪研究进展及应用》，欢迎参会交流。PART 报告摘要TECHNOLOGY通用粉末衍射仪(General Pu,重磅会议两会并行分会场60+大咖报告嘉宾800+参会人员聚焦固态电解质/硅碳/磷酸（锰）铁锂/锰系材料 第二届固态电池新技术应用与材料制备验证技术会议 同期举办：第四届锰系与磷酸铁锂技术应用研讨会 赞助展台预订中...演讲报告开放预约中...2026固态电池新技术应用与材料制备验证技术会议，同期同址举办：第四届锰系与磷酸铁锂技术应用研讨会，定于2026年9月16-17日在杭州召开，本次会议有幸邀请到中国科学院高能物理研究所/散裂中子源科学中心何伦华研究员 ，他的报告主题为《通用粉末衍射谱仪研究进展及应用》，欢迎参会交流。PART 报告摘要TECHNOLOGY通用粉末衍射仪(General Purpose Powder Diffractometer，简称 GPPD)是中国散裂中子源(China Spallation Neutron Source，简称 CSNS)首批建设的三台谱仪之一，主要用于研究物质的晶体结构和磁结构。在能源材料及相关交叉学科的众多领域中，GPPD谱仪均有深入的应用场景，典型的有：在框架与网格材料的研究中，解析出精确的键长和键角等精细结构信息从而深入认识材料的构效关系和原理机制；在电池材料的研究中，GPPD谱仪可进行原位工况中子衍射测试，从而实现对负极锂离子软包电池充放电循环过程中结构演变的探测；在能源及催化材料的研究中，利用GPPD谱仪优异的空间分辨率性能以及对轻元素的高敏感性，可对材料晶格中的轻元素的占位及占有率进行精确解析。GPPD谱仪2018年9月正式对国内外用户开放，截止到2026年初，相关实验成果已有221篇文章发表在国际顶级期刊上，其中包括Science、Nature、Nature Nanotechnology、Nature Communications等国内外顶级期刊的研究论文。与此同时，也为国家在航空发动机、深空深海探测、重点能源新材料等国家重大科技项目和新兴材料研究工作提供支撑作用。GPPD谱仪优异性能的可靠性和科学性得到国内外同行的充分肯定，这为进一步开展更多的用户实验和科学研究奠定坚实的基础。第二届固态电池新技术应用与材料制备验证技术会议同期举办：第四届锰系与磷酸铁锂技术应用研讨会PART 01会议组织TECHNOLOGY主办单位：今日锂电/今日钠电承办单位：北京京昇文化传播有限公司 会议时间：2026年9月16-17日（15日签到）会议地点：中国·杭州总冠名/联合主办/招募中···协办单位：/招募中···支持单位：/招募中···新能源前沿新能源在线锂电PLUS展台赞助：/招募中···PART 02会议内容TECHNOLOGY中国《新能源汽车产业发展规划》明确支持固态电池研发，2025年全球固态电池市场规模预计突破百亿元，固态电池已成为公认的下一代电池，在过去的一年里，固态电池新技术与产业化进程以比预计中的更快的速度发展，然而固态电池还存在关键技术突破和产业化制备成本问题。在固态电池商用还不可极的当下，仍还是磷酸铁锂的天下，作为磷酸铁锂最重要的技术迭代与升级方向，高压实磷酸铁锂与磷酸锰铁锂技术将是现在的重点发展方向，并且和富锂锰基、高电压镍锰酸锂、高镍三元材料形成竞争未来适配固态电池正极材料的格局，而富锂锰基材料理论能量密度超1000Wh/kg，成本较高镍三元材料（价格高、技术成熟度高、安全性存疑）低25%-40%，被认为是固态电池最佳适配正极材料，高电压镍锰酸锂工作电压高达5V，比能650Wh/kg，更适合固态电池高电压体系，未来谁来主导，还要看技术成熟度。2026固态电池新技术应用与材料制备验证技术会议，同期同址举办：第四届锰系与磷酸铁锂技术应用研讨会，定于2026年9月16-17日在杭州召开，旨在进一步加快固态电池、锰系与磷酸铁锂方面新技术创新应用，破解技术与产业化制备难题，评选表彰近年来在固态电池、锰系与磷酸铁锂行业做出突出成绩的优秀科研人员和企业，特邀请参与本次会议，共同交流探讨固态电池与锰系与磷酸铁锂的行业发展新思路。会议内容：固态电池分会场固态电池技术与产业发展新进展高能量固态电池在eVTOL与人型机器人中的应用固态电池（半）应用高速电摩前景探讨固态技术（半）在手机与3C产品中的应用固态电池（半）在动力和储能电池的应用探讨固态电池智能制备设计发展固态电池关键材料的开发与应用全固态钠电技术研发与进展干法电极工艺在固态电池中的应用硫/氧/卤/聚合物等全固态电池电解质材料产业化进展固态电解质理论配方设计与实验验证多技术表征平台在固态电池材料研究中的应用固态电解质界面优化设计固态电解质纳米化技术研究与制备方法全固态电池硅基负极的开发硅碳负极材料的创新研发及其在固态电池内的应用球型多孔炭在CVD硅碳负极材料中的应用锂金属负极技术新进展固态电池正极的结构设计与材料选择高镍/富锂锰基正极材料在固态电池体系中的应用石墨烯/碳纳米管新型碳材料在固态电池体系中的技术发展新型隔膜技术在固态（半）电池中的应用固态用复合集流体技术研发新进展AI技术在材料研发中的应用等静压技术在全固态电池制备中的应用湿法/干法/气流研磨技术在固态材料中的应用干法电极智能装备开发与应用新一代窑炉技术在电池材料制造中的应用蒸镀技术在固态电池制备中的优点钠米级制备技术与装备新应用锰系与磷酸铁锂分会场全球锂资源市场发展变化电池级硫（碳）酸锰/二氧化锰/四氧化三锰市场前景变化锰系前驱体研究与制备技术高锰新能源材料的挑战与前景磷酸锰铁锂在汽车与二轮车上的应用研究适配固态电池用磷酸锰铁锂材料最新技术进展富锂锰基正极材料纳米包覆、梯度掺杂等工艺介绍富锂锰基正极材料制备及改性研究新一代高电压镍锰酸锂材料技术与应用锰基钠电正极材料技术与成本分析高性能磷酸铁制备工艺革新高压实磷酸铁锂磷酸铁法和草酸亚铁法工艺路线发展低成本高压实磷酸铁锂产业化生产技术换代与装备创新适配固态电池用高压实磷酸铁锂技术优化高压实磷酸铁锂高温烧结杂质控制颗粒级配优化工艺对磷酸铁锂压实密度及电性能的提升纳米磷酸铁锂技术与制备一次烧结成型高压实磷酸铁锂工艺要点介绍高压实磷酸铁锂材料的预锂化方法关键电池材料回收再利用技术注：以最终会议日程报告为准演讲报告申请：王老师:*********** 邮 箱:46090424@qq.comPART 03会议特色TECHNOLOGY01会议形式20+5（每位专家20分钟报告+5分钟互动问答交流）交流方式，增加会议互动性；60+行业大咖，800+上下游企业从业者共聚一堂；诚邀高校/科研院所与产业技术从业者观点碰撞与交流，聚焦行业热点，解读技术与产业发展。02会议特色现场展台产品展示，“会+展”助力产业链上下游技术与市场对接，搭建立体化高效交流平台；1.5 天论坛，涉及固态与锰系铁锂行业装备、技术、材料、检测仪器设备等，全方位展示最新前沿技术研究与进展，深入探讨未来回收发展方向。03会议特色同期举办2026“NWEi-先锋奖”颁奖典礼，评选与发布“NEWi-先锋奖”新能源行业杰出科学家、新能源行业企业创新奖、行业优秀供应商”(联系主办方索取评选申请表)。04赞助方案1.本次会议设置总冠名、联合主办、协办单位、赞助单位、支持单位、手提袋、胸卡挂绳、椅背广告、酒水赞助、会议视频广告（会议室大屏播放）晚宴礼品、笔本赞助、茶歇赞助等会议赞助类别（详细赞助方案请联系主办方）。2、参展每个展位费用：12000元，包括2人的午餐、晚宴费用，展台费用，两份资料费用等。3、展位实际尺寸2米宽×3米高（设计尺寸2米宽×2.3米高）PART 04报名缴费TECHNOLOGY1.参会费用：A、限时600元/人（含餐），B、全免费（不含餐），转发会议信息至朋友圈，集28个赞，获得免费名额（限主机、电池电芯等下游单位）。2.参会注册费含会议资料、茶点、2次午餐、1场交流晚宴、参会材料等费用；3.会议统一安排食宿，住宿费自理；4.发票内容为“会议费”，开具增值税普通发票，不开增值税专用发票；注：所有人员凭参会证入场！提前报名缴费！汇款信息账 户：北京京昇文化传播有限公司账 号：040 4090 1030 0000 3837开户行：北京农村商业银行股份有限公司四季青支行行 号 ：402100000260 付款请注明：杭州会议+姓名，并将付款凭证保留，便于报到时查验。缴费成功后，请保持手机畅通，会务组会尽快与您联系，感谢您的支持！开票信息发送：46090424@qq.com参会、参展、宣传及赞助事宜： 王老师 188 1048 8288（同微） 张老师 182 3806 7581（同微） 袁老师 192 9355 9185（同微） 郭老师 192 8668 2548（同微） 李老师 138 1196 8226（同微）扫码加入固态/正极材料群进群备注：公司名称/姓名/职务主动发名片一张请识别二维码或添加***********欢迎同仁进群交流！PART 05往届会议/企业名单（部分）TECHNOLOGY由今日锂电、苏银产业园联合主办、清陶云能、尚金干燥协办的2026（常州）固态电池新技术应用大会暨固态电池材料制备与验证研讨会在常州富都洲际酒店顺利举办，来自全国各地300余位专家、企业代表参与了本次大会。由今日锂电主办的锰系与铁锂正极材料技术论坛，已连续成功举办三届，共计2000余人次参会嘉宾出席，已成为国内正极材料行业具较高影响力会议。近800家往届参会企业名单1.公司名称2.HT3.OCBC4.一玖东朔新材料科技(上海)有限公司6.万华化学集团股份有限公司8.万向一二三股份公司9.三星SDI10.三碳(安徽)科技研究院11.三维汉界机器（山东）股份有限公司13.三门峡莹鑫矿业有限公司14.上海上州阀门制造有限公司15.上海东浒科技有限公司16.上海东证期货有限公司17.上海中如智慧能源集团有限公司18.上海中锂实业有限公司19.上海交通大学20.锂禾(苏州)科技有限公司21.上海八桂资产管理有限公司22.上海加力气体有限公司23.上海华谊新材料化工销售有限公司25.上海国投26.上海大学27.上海天元国际贸易集团有限公司28.上海天臣微纳米科技有限公司29.上海奥克化学有限公司30.上海娑娜智能科技有限公司31.上海宇昂水性新材料科技股份有限公司32.上海宝弘资产管理有限公司33.上海容锂新材料科技有限公司34.上海市工业合作协会35.上海德卡实验室系统科技有限公司36.上海志聚贸易有限公司37.上海是程国际贸易有限公司38.上海昱瓴/安徽昱瓴科技有限公司39.上海昶法新材料有限公司40.上海楚赛41.上海毅速激光科技有限公司42.上海汇平新能源有限公司43.上海泰熊磁业有限公司44.上海瀚能时代新材45.上海瀚能时代新材料有限公司46.上海电力大学47.上海电力大学/欧赛新能源48.上海秀美模型有限公司49.上海经纬优品筛网有限公司50.上海耀狮能源科技有限公司51.上海艾枫机电设备有限公司52.上海荷迪思湿度控制设备有限公司53.上海辉锂化工有限公司54.上海锂凰科技有限公司55.上海锐驰新能源技术有限公司56.上海雅程仪器设备有限公司57.世标检测科技(天津)有限公司58.东北大学59.东南大学60.东方希望集团61.东莞东阳光科研发有限公司62.东莞市亿富机械科技有限公司63.东莞市华仕威水处理器材有限公司64.东莞市松储纳米科技有限公司65.东莞市润能机械有限66.东莞市满电新能源科技有限公司67.东莞市琅菱机械有限公司68.东莞市磨匠设备有限公司69.东莞市科路得新能源科技有限公司70.东莞瀚宇新能源材料科技有限公司71.东莞瑞泰新材料科技有限公司73.中伟新材料股份有限公司74.中俄新能源材料技术研究院75.中信金属股份有限公司76.中再生徐州资源再生开发有限公司77.中创新航78.中化国际79.中化蓝天氟材料有限公司80.中南大学81.中国人民财产保险股份有限公司四川省分公司82.中国人民财产保险股份有限公司成都市分公司83.中国科学院上海应用物理研究所84.中国科学院上海微系统与信息技术研究所85.中国科学院宁波材料所86.中国科学院山西煤炭化学研究所87.中国科学院过程工程研究所88.中天储能科技有限公司89.中山大学91.中机国际工程设计研究院有限责任公司92.中溢集团（吉林）新能源科技有限公司93.中电四公司94.中科院上海微系统所95.中科院兰州化学物理研究所96.中科院深圳先进技术研究院97.中科院物理所/中科固能98.中科院过程工程研究所/山东懋华新能源99.中粮营养健康研究院100.中船派瑞特气101.中蓝长化工程科技有限公司102.中豫飞马新材料技术创新中心（郑州）有限公司103.中财集团104.中钢天源股份有限公司105.中钢集团南京新材料研究院有限公司106.中钢集团马鞍山矿院新材料科技有限公司107.中锂科（苏州）新能源科技有限公司109.丰晖（山东）环保科技有限公司110.乐友新能源材料（无锡）有限公司111.二连浩特凯创资源有限公司112.云南云天化股份有限公司研究院113.云南本晟新材料有限公司114.云天化研究院115.互动派116.五矿新能117.五矿期货有限公司118.亿昇（杭州）磁悬浮技术有限公司119.佛山市德方纳米科技有限公司120.佛山泰姆斯新材料科技有限公司121.佛山热安科技发展有限公司122.信发集团有限公司123.兰州理工大学124.兴发集团125.兴星电子新材料（无锡）有限公司126.内蒙中合新材料有限公司127.内蒙古神东能源集团有限公司128.凯鑫管道科技有限公司129.利信(江苏)能源科技有限责任公司130.北京丝路惠商新能源产业发展有限公司131.北京中科埃米科技有限公司132.北京创能惠通科技有限公司133.北京化工大学134.北京和璟管理咨询有限公司135.北京市兰台（苏州）律师事务所136.北京市隆安（苏州）律师事务所137.北京师范大学139.北京涂多多电子商务股份有限公司140.北京理工大学141.北京英博电气股份有限公司142.北大纵横咨询集团143.北票新正粉末冶金有限公司144.华为技术有限公司145.华创证券有限责任公司146.华友钴业147.华鼎国联四川动力电池有限公司148.南京元辰新能源科技有限公司149.南京奥特集团150.南京工业大学151.南京索特烘箱制造有限公司152.南京金利检验有限公司153.南华期货154.南方泵业股份有限公司155.南方科技大学156.南方锰业集团有限责任公司157.南昌大学158.南渝伦华159.南通市悦华新材料科技有限公司160.南通瑞翔新材料有限公司161.南通金通储能动力新材料有限公司162.博创宏远新材料163.厦门势拓伺服科技股份有限公司164.厦门厦钨新能源材料股份有限公司165.厦门宝盈新电子有限公司166.厦门市集美区金桥汇贸易商行167.厦门建发高科有限公司168.厦门新能安169.厦门益材储能科技有限公司170.双安资产171.双登股份172.台湾立凯电能科技股份有限公司173.合肥中科阻燃新材料有限公司174.合肥原位科技有限公司175.合肥国轩电池材料有限公司176.吉利创新中心/浙江绿色智行科创有限公司177.吉旺科技（山东）有限公司178.吉林华兴新材料科技有限公司179.吉首长潭泵业有限公司180.咸阳华友新能源窑炉设备有限公司181.咸阳科源新材装备有限公司182.哈尔滨奥科诺183.唐山亨坤新能源材料有限公司184.四川乐盛荣新材料科技有限公司185.四川什邡市产业促进服务中心186.四川优源新能源有限公司187.四川兴晶茂科技有限公司188.四川利合达环保科技有限公司189.四川协鑫锂电有限公司190.四川协鑫锂电科技有限公司191.四川唐古拉颗粒机械有限公司192.四川大学193.四川宇能锂工新材料科技有限公司194.四川建彤新材料有限责任公司195.四川弘业环保科技有限公司196.四川普特威新材料科技有限公司197.四川望昌干燥设备有限公司198.四川汇能中哲新材料有限公司199.四川珠峰飞越科技有限公司200.四川省乐山锐丰冶金有限公司201.四川省青川县人民政府202.四川研宝科技203.四川科鸿阳科技有限公司204.四川立拓环境科技有限公司205.四川绵竹市盘龙矿物质有限责任公司206.四川艾诺基新材料科技有限公司207.四川虹屹科技有限公司208.四川蜀力芯新能源有限公司209.四川蜀能矿产有限责任公司210.四川赛恩思仪器有限公司211.四川迈昆新材料有限公司212.四川金汇能新材料股份有限公司213.四川金裕来化工有限公司214.四川锂古新能源科技有限公司215.四川锦恒丰菱新材料有限责任公司216.四川长虹智能制造技术有限公司217.四川雅化实业集团股份有限公司218.四川鸿鹏新材料有限公司219.因湃电池科技有限公司220.国轩高科221.国轩高科有限公司222.国钠能源科技（河北）有限公司223.圣戈班224.埃索凯科技股份有限公司225.基迈克材料科技（苏州）有限公司226.复旦大学227.多氟多新材料股份有限公司228.大金氟化工中国有限公司229.大金氟化工中国有限公司上海分公司230.天俱时工程科技集团有限公司231.天普新能源232.天津国安盟固利新材料科技股份有限公司233.天津复力新能源科技有限公司234.天津大学235.博创宏远新材料236.天津常兴新能源科技有限公司237.天津爱沃新能源材料有限公司238.天津蔚然国际贸易有限公司239.天津赛德美新能源科技有限公司240.天能集团241.天齐锂业新能源技术研究（眉山）有限公司242.奥冠集团243.威力工业网络股份有限公司244.宁夏威格瑞斯电力有限公司245.宁夏汉尧富锂科技有限责任公司247.宁德时代新能源科技有限公司248.宁德时代（贵州）新能源材料有限公司249.宁波东烽新材料有限公司250.宁波容百新能源科技股份有限公司251.安徽中科新能智能有限公司252.安徽中钠时代能源科技有限公司253.安徽五湖滤材有限公司254.安徽利科新材料科技有限公司255.安徽利维能动力电池有限公司256.安徽博石高科新材料股份有限公司257.安徽天磁新能源科技有限公司258.安徽天科泰新能源有限公司259.安徽天马机械科技有限公司260.安徽川江环保科技有限公司261.安徽新锰都科技有限公司262.安徽格派新能源有限公司263.安徽海创新能源材料有限公司264.安徽神霄新能源科技有限公司265.安徽腾越科技266.安徽贝特滤材有限公司267.安徽麒锂特科技有限公司268.宏博苏气气体设备（苏州）有限公司269.宜兴市东山新型材料有限公司270.宜兴市东山新材料有限公司271.宜兴市宙斯泵业有限公司272.宜兴市彦氿科技有限公司273.宜兴市灵谷塑料设备有限公司274.宜兴摩根热陶瓷有限公司275.宜宾天原锂电材料有限公司276.宜宾天程锂电新材有限公司277.宜昌泽美新材料有限公司278.宜春学院279.宝山钢铁股份有限公司280.宣城市鸿海装备科技有限公司281.富士康科技集团282.尚水智能283.山东众惠启创新材料科技有限公司284.山东信业新材料科技有限公司285.山东天向新材料有限公司286.山东富德源环保设备有限公司287.山东广新达新材料科技有限公司288.山东庆云经济开发区289.山东恒磁科技有限公司290.山东惠源在湖新材料有限公司291.山东本源环境科技股份有限公司292.山东欧迈机械股份有限公司293.山东民生智慧供应链集团有限公司294.山东济宁德盛源新材料有限公司295.山东瑞福锂业有限公司296.山东盛太锆业资源有限公司297.山东科华重工科技有限公司298.山东精工电子科技股份有限公司299.山东纽克气源净化设备有限公司300.山东聚恒环保科技有限公司301.山东英吉新材料有限公司302.山东运丰耐火材料有限公司303.山东锦锂新材料科技有限公司304.山东鲁欣粉磁新材料科技有限公司305.山东鲁银新材料科技有限公司306.山西佰基科技有限公司307.山西昇嘉琪新材料有限公司308.巨安储能武汉科技有限责任公司309.巨盛能源（江苏）有限公司310.巴斯夫311.巴特瑞科技有限公司312.布琅轲锶特（上海）测量设备贸易有限公司313.帅福得电池314.常州伯端机电设备有限公司315.常州力一紧固技术有限公司316.常州千沐新能源317.常州千沐新能源有限公司318.常州尚金干燥319.常州市范群干燥设备有限公司320.常州市龙鑫智能装备股份有限公司321.常州江本自控设备有限公司322.常州菲优特净化设备有限公司323.常州锂源324.平顶山市普赛斯石墨有限公司325.广东东阳光科技控股股份有限公司326.广东中杰能化新材料科技有限公司327.广东中科谛听科技有限公司328.广东卡利特智能科技有限公司329.广东嘉拓自动化有限公司330.广东德源新材料有限公司331.广东恒誉机械科技有限公司332.广东杰成新能源材料科技有限公司333.广东沃泰环保有限公司。334.广东派勒智能纳米科技股份有限335.广东盘古信息科技股份有限公司336.广东省中科供应链管理股份有限公司337.广东省锐驰新能源科技有限公司338.广东维杰物料自动化系统有限公司339.广东邦普循环科技有限公司340.广东金域科技有限公司341.广东鹏锦智能装备股份有限公司342.广州井秀机电设备安装工程有限公司343.广州伊莲辉机械有限公司344.广州伊莲辉机械设备有限公司345.广州唯量工控技术有限公司346.广州嘉匠贸易有限公司347.广州天赐348.广州奥斯德科技有限公司349.广州市唯量工控技术有限公司350.广州市文洛龙贸易有限公司351.广州汇富研究院有限公司352.广州集泰化工股份有限公司355.广汽集团因湃电池科技有限公司356.广汽集团汽车工程研究院357.广电计量检测358.广西柳工机械股份有限公司359.广西泳沣科技有限公司360.广西禹鼎新材料科技有限公司361.广西立劲新材料有限公司362.广西胜东新能源科技有限公司363.广西自贸区量孚新能源科技有限公司364.广西锰华新能源365.广西锰华新能源科技发展有限公司366.广西靖西市一洲锰业有限公司367.庆云县经济开发区368.建发(成都)有限公司369.开沃新能源370.弘则研究371.弘正储能（上海）能源科技有限公司372.弘洺新能源科技（山东）有限公司373.张家港清研检测技术有限公司374.当升科技375.徐州高新区376.德国TUV莱茵378.德阳川发龙蟒新材料有限公司379.怀仁县金诚高岭土有限责任公司381.恒力恒新工贸382.恒力恒源383.恒力期货384.恒胜集团385.惠州TCL新材料科技有限公司386.惠州锂威新能源科技有限公司387.惠鹏达388.成立航空股份有限公司389.成都乾瑞矿山工程有限公司390.成都倍力干燥设备有限公司391.成都卜丁科技有限公司392.成都四维科技有限公司393.成都固铁科技有限公司394.成都复旦复达科技有限公司395.成都大学396.成都宏智仓储有限公司397.成都工业学院398.成都巴莫科技有限责任公司399.成都市博涛智能装备制造有限公司400.成都新得利电子有限公司401.成都昆仑白泽化学试剂有限公司402.成都智楷分离科技有限公司403.成都清源尚和环保科技有限公司404.成都潮川化工有限公司405.成都理工大学406.成都索朗化工有限公司407.成都融捷锂业408.成都雨云科技有限公司409.抚顺东科精细化工有限公司410.抚顺市秀霖化工有限公司411.抚顺怡文节能环保设备有限公司412.振华新材413.斯瑞尔环境科技股份有限公司414.新乡市双虎振动设备有限公司415.新乡市弘力电源科技有限公司416.新乡市迈朗机械设备有限公司417.新乡市锐成机械设备有限公司418.新亚杉杉新材料科技衢州有限公司419.新恒凯能源科技股份有限公司420.新疆师范大学421.新疆有色金属研究所有限公司422.新疆能源423.施耐德电气424.无名资本425.无锡灵鸽机械科技股份有限公司,,,,pending
评选锰系与铁锂行业创新企业及杰出科学家 -第四届锰系与磷酸铁锂技术应用研讨会,今日锂电,今日锂电,"RIOnews API, 新材料, 电池材料, 复合材料, 碳, 隔膜, 复合集流体, 聚合物, 高比能, 锂金属, 富锂锰, 硅, 前沿表征, 原位, 固态电池, 固态电解质, 钠离子电池, 钠电, 合作进展, 投资, 合作, 学术研究, 大学, 科学院, 研究所, 技术进展, 技术突破, 制备工艺, 界面优化, 前沿技术",normal,2026-08-13T09:50:13+08:00,,重磅会议两会并行分会场60+大咖报告嘉宾800+参会人员聚焦固态电解质/硅碳/磷酸（锰）铁锂/锰系材料 第二届固态电池新技术应用与材料制备验证技术会议 同期举办：第四届锰系与磷酸铁锂技术应用研讨会 赞助展台预订中...演讲报告开放预约中...第二届固态电池新技术应用与材料制备验证技术会议同期举办：第四届锰系与磷酸铁锂技术应用研讨会PART 01会议组织TECHNOLOGY主办单位：今日锂电/今日钠电承办单位：北京京昇文化传播有限公司 会议时间：2026年9月16-17日（15日签到）会议地点：中国·杭州总冠名/联合主办/招募中···协办单位：/招募中···支持单位：/招募中···新能源前沿新能,http://mp.weixin.qq.com/s?__biz=MzkyNzc0MDc0MA==&mid=2247518881&idx=3&sn=0a8843316041485a2516ec505b96e100,,重磅会议两会并行分会场60+大咖报告嘉宾800+参会人员聚焦固态电解质/硅碳/磷酸（锰）铁锂/锰系材料 第二届固态电池新技术应用与材料制备验证技术会议 同期举办：第四届锰系与磷酸铁锂技术应用研讨会 赞助展台预订中...演讲报告开放预约中...第二届固态电池新技术应用与材料制备验证技术会议同期举办：第四届锰系与磷酸铁锂技术应用研讨会PART 01会议组织TECHNOLOGY主办单位：今日锂电/今日钠电承办单位：北京京昇文化传播有限公司 会议时间：2026年9月16-17日（15日签到）会议地点：中国·杭州总冠名/联合主办/招募中···协办单位：/招募中···支持单位：/招募中···新能源前沿新能,重磅会议两会并行分会场60+大咖报告嘉宾800+参会人员聚焦固态电解质/硅碳/磷酸（锰）铁锂/锰系材料 第二届固态电池新技术应用与材料制备验证技术会议 同期举办：第四届锰系与磷酸铁锂技术应用研讨会 赞助展台预订中...演讲报告开放预约中...第二届固态电池新技术应用与材料制备验证技术会议同期举办：第四届锰系与磷酸铁锂技术应用研讨会PART 01会议组织TECHNOLOGY主办单位：今日锂电/今日钠电承办单位：北京京昇文化传播有限公司 会议时间：2026年9月16-17日（15日签到）会议地点：中国·杭州总冠名/联合主办/招募中···协办单位：/招募中···支持单位：/招募中···新能源前沿新能源在线锂电PLUS展台赞助：/招募中···PART 02会议内容TECHNOLOGY中国《新能源汽车产业发展规划》明确支持固态电池研发，2025年全球固态电池市场规模预计突破百亿元，固态电池已成为公认的下一代电池，在过去的一年里，固态电池新技术与产业化进程以比预计中的更快的速度发展，然而固态电池还存在关键技术突破和产业化制备成本问题。在固态电池商用还不可极的当下，仍还是磷酸铁锂的天下，作为磷酸铁锂最重要的技术迭代与升级方向，高压实磷酸铁锂与磷酸锰铁锂技术将是现在的重点发展方向，并且和富锂锰基、高电压镍锰酸锂、高镍三元材料形成竞争未来适配固态电池正极材料的格局，而富锂锰基材料理论能量密度超1000Wh/kg，成本较高镍三元材料（价格高、技术成熟度高、安全性存疑）低25%-40%，被认为是固态电池最佳适配正极材料，高电压镍锰酸锂工作电压高达5V，比能650Wh/kg，更适合固态电池高电压体系，未来谁来主导，还要看技术成熟度。2026固态电池新技术应用与材料制备验证技术会议，同期同址举办：第四届锰系与磷酸铁锂技术应用研讨会，定于2026年9月16-17日在杭州召开，旨在进一步加快固态电池、锰系与磷酸铁锂方面新技术创新应用，破解技术与产业化制备难题，评选表彰近年来在固态电池、锰系与磷酸铁锂行业做出突出成绩的优秀科研人员和企业，特邀请参与本次会议，共同交流探讨固态电池与锰系与磷酸铁锂的行业发展新思路。会议内容：固态电池分会场固态电池技术与产业发展新进展高能量固态电池在eVTOL与人型机器人中的应用固态电池（半）应用高速电摩前景探讨固态技术（半）在手机与3C产品中的应用固态电池（半）在动力和储能电池的应用探讨固态电池智能制备设计发展固态电池关键材料的开发与应用全固态钠电技术研发与进展干法电极工艺在固态电池中的应用硫/氧/卤/聚合物等全固态电池电解质材料产业化进展固态电解质理论配方设计与实验验证多技术表征平台在固态电池材料研究中的应用固态电解质界面优化设计固态电解质纳米化技术研究与制备方法全固态电池硅基负极的开发硅碳负极材料的创新研发及其在固态电池内的应用球型多孔炭在CVD硅碳负极材料中的应用锂金属负极技术新进展固态电池正极的结构设计与材料选择高镍/富锂锰基正极材料在固态电池体系中的应用石墨烯/碳纳米管新型碳材料在固态电池体系中的技术发展新型隔膜技术在固态（半）电池中的应用固态用复合集流体技术研发新进展AI技术在材料研发中的应用等静压技术在全固态电池制备中的应用湿法/干法/气流研磨技术在固态材料中的应用干法电极智能装备开发与应用新一代窑炉技术在电池材料制造中的应用蒸镀技术在固态电池制备中的优点钠米级制备技术与装备新应用锰系与磷酸铁锂分会场全球锂资源市场发展变化电池级硫（碳）酸锰/二氧化锰/四氧化三锰市场前景变化锰系前驱体研究与制备技术高锰新能源材料的挑战与前景磷酸锰铁锂在汽车与二轮车上的应用研究适配固态电池用磷酸锰铁锂材料最新技术进展富锂锰基正极材料纳米包覆、梯度掺杂等工艺介绍富锂锰基正极材料制备及改性研究新一代高电压镍锰酸锂材料技术与应用锰基钠电正极材料技术与成本分析高性能磷酸铁制备工艺革新高压实磷酸铁锂磷酸铁法和草酸亚铁法工艺路线发展低成本高压实磷酸铁锂产业化生产技术换代与装备创新适配固态电池用高压实磷酸铁锂技术优化高压实磷酸铁锂高温烧结杂质控制颗粒级配优化工艺对磷酸铁锂压实密度及电性能的提升纳米磷酸铁锂技术与制备一次烧结成型高压实磷酸铁锂工艺要点介绍高压实磷酸铁锂材料的预锂化方法关键电池材料回收再利用技术注：以最终会议日程报告为准演讲报告申请：王老师:*********** 邮 箱:46090424@qq.comPART 03会议特色TECHNOLOGY01会议形式20+5（每位专家20分钟报告+5分钟互动问答交流）交流方式，增加会议互动性；60+行业大咖，800+上下游企业从业者共聚一堂；诚邀高校/科研院所与产业技术从业者观点碰撞与交流，聚焦行业热点，解读技术与产业发展。02会议特色现场展台产品展示，“会+展”助力产业链上下游技术与市场对接，搭建立体化高效交流平台；1.5 天论坛，涉及固态与锰系铁锂行业装备、技术、材料、检测仪器设备等，全方位展示最新前沿技术研究与进展，深入探讨未来回收发展方向。03会议特色同期举办2026“NWEi-先锋奖”颁奖典礼，评选与发布“NEWi-先锋奖”新能源行业杰出科学家、新能源行业企业创新奖、行业优秀供应商”(联系主办方索取评选申请表)。04赞助方案1.本次会议设置总冠名、联合主办、协办单位、赞助单位、支持单位、手提袋、胸卡挂绳、椅背广告、酒水赞助、会议视频广告（会议室大屏播放）晚宴礼品、笔本赞助、茶歇赞助等会议赞助类别（详细赞助方案请联系主办方）。2、参展每个展位费用：12000元，包括2人的午餐、晚宴费用，展台费用，两份资料费用等。3、展位实际尺寸2米宽×3米高（设计尺寸2米宽×2.3米高）PART 04报名缴费TECHNOLOGY1.参会费用：A、限时600元/人（含餐），B、全免费（不含餐），转发会议信息至朋友圈，集28个赞，获得免费名额（限主机、电池电芯等下游单位）。其它：1200元/人。2.参会注册费含会议资料、茶点、2次午餐、1场交流晚宴、参会材料等费用；3.会议统一安排食宿，住宿费自理；4.发票内容为“会议费”，开具增值税普通发票，不开增值税专用发票；注：所有人员凭参会证入场！提前报名缴费！汇款信息账 户：北京京昇文化传播有限公司账 号：040 4090 1030 0000 3837开户行：北京农村商业银行股份有限公司四季青支行行 号 ：402100000260 付款请注明：杭州会议+姓名，并将付款凭证保留，便于报到时查验。缴费成功后，请保持手机畅通，会务组会尽快与您联系，感谢您的支持！开票信息发送：46090424@qq.com参会、参展、宣传及赞助事宜： 王老师 188 1048 8288（同微） 张老师 182 3806 7581（同微） 袁老师 192 9355 9185（同微） 郭老师 192 8668 2548（同微） 李老师 138 1196 8226（同微）扫码加入固态/正极材料群进群备注：公司名称/姓名/职务主动发名片一张请识别二维码或添加***********欢迎同仁进群交流！PART 05往届会议/企业名单（部分）TECHNOLOGY由今日锂电、苏银产业园联合主办、清陶云能、尚金干燥协办的2026（常州）固态电池新技术应用大会暨固态电池材料制备与验证研讨会在常州富都洲际酒店顺利举办，来自全国各地300余位专家、企业代表参与了本次大会。由今日锂电主办的锰系与铁锂正极材料技术论坛，已连续成功举办三届，共计2000余人次参会嘉宾出席，已成为国内正极材料行业具较高影响力会议。近800家往届参会企业名单1.公司名称2.HT3.OCBC4.一玖东朔新材料科技(上海)有限公司6.万华化学集团股份有限公司8.万向一二三股份公司9.三星SDI10.三碳(安徽)科技研究院11.三维汉界机器（山东）股份有限公司13.三门峡莹鑫矿业有限公司14.上海上州阀门制造有限公司15.上海东浒科技有限公司16.上海东证期货有限公司17.上海中如智慧能源集团有限公司18.上海中锂实业有限公司19.上海交通大学20.锂禾(苏州)科技有限公司21.上海八桂资产管理有限公司22.上海加力气体有限公司23.上海华谊新材料化工销售有限公司25.上海国投26.上海大学27.上海天元国际贸易集团有限公司28.上海天臣微纳米科技有限公司29.上海奥克化学有限公司30.上海娑娜智能科技有限公司31.上海宇昂水性新材料科技股份有限公司32.上海宝弘资产管理有限公司33.上海容锂新材料科技有限公司34.上海市工业合作协会35.上海德卡实验室系统科技有限公司36.上海志聚贸易有限公司37.上海是程国际贸易有限公司38.上海昱瓴/安徽昱瓴科技有限公司39.上海昶法新材料有限公司40.上海楚赛41.上海毅速激光科技有限公司42.上海汇平新能源有限公司43.上海泰熊磁业有限公司44.上海瀚能时代新材45.上海瀚能时代新材料有限公司46.上海电力大学47.上海电力大学/欧赛新能源48.上海秀美模型有限公司49.上海经纬优品筛网有限公司50.上海耀狮能源科技有限公司51.上海艾枫机电设备有限公司52.上海荷迪思湿度控制设备有限公司53.上海辉锂化工有限公司54.上海锂凰科技有限公司55.上海锐驰新能源技术有限公司56.上海雅程仪器设备有限公司57.世标检测科技(天津)有限公司58.东北大学59.东南大学60.东方希望集团61.东莞东阳光科研发有限公司62.东莞市亿富机械科技有限公司63.东莞市华仕威水处理器材有限公司64.东莞市松储纳米科技有限公司65.东莞市润能机械有限66.东莞市满电新能源科技有限公司67.东莞市琅菱机械有限公司68.东莞市磨匠设备有限公司69.东莞市科路得新能源科技有限公司70.东莞瀚宇新能源材料科技有限公司71.东莞瑞泰新材料科技有限公司73.中伟新材料股份有限公司74.中俄新能源材料技术研究院75.中信金属股份有限公司76.中再生徐州资源再生开发有限公司77.中创新航78.中化国际79.中化蓝天氟材料有限公司80.中南大学81.中国人民财产保险股份有限公司四川省分公司82.中国人民财产保险股份有限公司成都市分公司83.中国科学院上海应用物理研究所84.中国科学院上海微系统与信息技术研究所85.中国科学院宁波材料所86.中国科学院山西煤炭化学研究所87.中国科学院过程工程研究所88.中天储能科技有限公司89.中山大学91.中机国际工程设计研究院有限责任公司92.中溢集团（吉林）新能源科技有限公司93.中电四公司94.中科院上海微系统所95.中科院兰州化学物理研究所96.中科院深圳先进技术研究院97.中科院物理所/中科固能98.中科院过程工程研究所/山东懋华新能源99.中粮营养健康研究院100.中船派瑞特气101.中蓝长化工程科技有限公司102.中豫飞马新材料技术创新中心（郑州）有限公司103.中财集团104.中钢天源股份有限公司105.中钢集团南京新材料研究院有限公司106.中钢集团马鞍山矿院新材料科技有限公司107.中锂科（苏州）新能源科技有限公司109.丰晖（山东）环保科技有限公司110.乐友新能源材料（无锡）有限公司111.二连浩特凯创资源有限公司112.云南云天化股份有限公司研究院113.云南本晟新材料有限公司114.云天化研究院115.互动派116.五矿新能117.五矿期货有限公司118.亿昇（杭州）磁悬浮技术有限公司119.佛山市德方纳米科技有限公司120.佛山泰姆斯新材料科技有限公司121.佛山热安科技发展有限公司122.信发集团有限公司123.兰州理工大学124.兴发集团125.兴星电子新材料（无锡）有限公司126.内蒙中合新材料有限公司127.内蒙古神东能源集团有限公司128.凯鑫管道科技有限公司129.利信(江苏)能源科技有限责任公司130.北京丝路惠商新能源产业发展有限公司131.北京中科埃米科技有限公司132.北京创能惠通科技有限公司133.北京化工大学134.北京和璟管理咨询有限公司135.北京市兰台（苏州）律师事务所136.北京市隆安（苏州）律师事务所137.北京师范大学139.北京涂多多电子商务股份有限公司140.北京理工大学141.北京英博电气股份有限公司142.北大纵横咨询集团143.北票新正粉末冶金有限公司144.华为技术有限公司145.华创证券有限责任公司146.华友钴业147.华鼎国联四川动力电池有限公司148.南京元辰新能源科技有限公司149.南京奥特集团150.南京工业大学151.南京索特烘箱制造有限公司152.南京金利检验有限公司153.南华期货154.南方泵业股份有限公司155.南方科技大学156.南方锰业集团有限责任公司157.南昌大学158.南渝伦华159.南通市悦华新材料科技有限公司160.南通瑞翔新材料有限公司161.南通金通储能动力新材料有限公司162.博创宏远新材料163.厦门势拓伺服科技股份有限公司164.厦门厦钨新能源材料股份有限公司165.厦门宝盈新电子有限公司166.厦门市集美区金桥汇贸易商行167.厦门建发高科有限公司168.厦门新能安169.厦门益材储能科技有限公司170.双安资产171.双登股份172.台湾立凯电能科技股份有限公司173.合肥中科阻燃新材料有限公司174.合肥原位科技有限公司175.合肥国轩电池材料有限公司176.吉利创新中心/浙江绿色智行科创有限公司177.吉旺科技（山东）有限公司178.吉林华兴新材料科技有限公司179.吉首长潭泵业有限公司180.咸阳华友新能源窑炉设备有限公司181.咸阳科源新材装备有限公司182.哈尔滨奥科诺183.唐山亨坤新能源材料有限公司184.四川乐盛荣新材料科技有限公司185.四川什邡市产业促进服务中心186.四川优源新能源有限公司187.四川兴晶茂科技有限公司188.四川利合达环保科技有限公司189.四川协鑫锂电有限公司190.四川协鑫锂电科技有限公司191.四川唐古拉颗粒机械有限公司192.四川大学193.四川宇能锂工新材料科技有限公司194.四川建彤新材料有限责任公司195.四川弘业环保科技有限公司196.四川普特威新材料科技有限公司197.四川望昌干燥设备有限公司198.四川汇能中哲新材料有限公司199.四川珠峰飞越科技有限公司200.四川省乐山锐丰冶金有限公司201.四川省青川县人民政府202.四川研宝科技203.四川科鸿阳科技有限公司204.四川立拓环境科技有限公司205.四川绵竹市盘龙矿物质有限责任公司206.四川艾诺基新材料科技有限公司207.四川虹屹科技有限公司208.四川蜀力芯新能源有限公司209.四川蜀能矿产有限责任公司210.四川赛恩思仪器有限公司211.四川迈昆新材料有限公司212.四川金汇能新材料股份有限公司213.四川金裕来化工有限公司214.四川锂古新能源科技有限公司215.四川锦恒丰菱新材料有限责任公司216.四川长虹智能制造技术有限公司217.四川雅化实业集团股份有限公司218.四川鸿鹏新材料有限公司219.因湃电池科技有限公司220.国轩高科221.国轩高科有限公司222.国钠能源科技（河北）有限公司223.圣戈班224.埃索凯科技股份有限公司225.基迈克材料科技（苏州）有限公司226.复旦大学227.多氟多新材料股份有限公司228.大金氟化工中国有限公司229.大金氟化工中国有限公司上海分公司230.天俱时工程科技集团有限公司231.天普新能源232.天津国安盟固利新材料科技股份有限公司233.天津复力新能源科技有限公司234.天津大学235.博创宏远新材料236.天津常兴新能源科技有限公司237.天津爱沃新能源材料有限公司238.天津蔚然国际贸易有限公司239.天津赛德美新能源科技有限公司240.天能集团241.天齐锂业新能源技术研究（眉山）有限公司242.奥冠集团243.威力工业网络股份有限公司244.宁夏威格瑞斯电力有限公司245.宁夏汉尧富锂科技有限责任公司247.宁德时代新能源科技有限公司248.宁德时代（贵州）新能源材料有限公司249.宁波东烽新材料有限公司250.宁波容百新能源科技股份有限公司251.安徽中科新能智能有限公司252.安徽中钠时代能源科技有限公司253.安徽五湖滤材有限公司254.安徽利科新材料科技有限公司255.安徽利维能动力电池有限公司256.安徽博石高科新材料股份有限公司257.安徽天磁新能源科技有限公司258.安徽天科泰新能源有限公司259.安徽天马机械科技有限公司260.安徽川江环保科技有限公司261.安徽新锰都科技有限公司262.安徽格派新能源有限公司263.安徽海创新能源材料有限公司264.安徽神霄新能源科技有限公司265.安徽腾越科技266.安徽贝特滤材有限公司267.安徽麒锂特科技有限公司268.宏博苏气气体设备（苏州）有限公司269.宜兴市东山新型材料有限公司270.宜兴市东山新材料有限公司271.宜兴市宙斯泵业有限公司272.宜兴市彦氿科技有限公司273.宜兴市灵谷塑料设备有限公司274.宜兴摩根热陶瓷有限公司275.宜宾天原锂电材料有限公司276.宜宾天程锂电新材有限公司277.宜昌泽美新材料有限公司278.宜春学院279.宝山钢铁股份有限公司280.宣城市鸿海装备科技有限公司281.富士康科技集团282.尚水智能283.山东众惠启创新材料科技有限公司284.山东信业新材料科技有限公司285.山东天向新材料有限公司286.山东富德源环保设备有限公司287.山东广新达新材料科技有限公司288.山东庆云经济开发区289.山东恒磁科技有限公司290.山东惠源在湖新材料有限公司291.山东本源环境科技股份有限公司292.山东欧迈机械股份有限公司293.山东民生智慧供应链集团有限公司294.山东济宁德盛源新材料有限公司295.山东瑞福锂业有限公司296.山东盛太锆业资源有限公司297.山东科华重工科技有限公司298.山东精工电子科技股份有限公司299.山东纽克气源净化设备有限公司300.山东聚恒环保科技有限公司301.山东英吉新材料有限公司302.山东运丰耐火材料有限公司303.山东锦锂新材料科技有限公司304.山东鲁欣粉磁新材料科技有限公司305.山东鲁银新材料科技有限公司306.山西佰基科技有限公司307.山西昇嘉琪新材料有限公司308.巨安储能武汉科技有限责任公司309.巨盛能源（江苏）有限公司310.巴斯夫311.巴特瑞科技有限公司312.布琅轲锶特（上海）测量设备贸易有限公司313.帅福得电池314.常州伯端机电设备有限公司315.常州力一紧固技术有限公司316.常州千沐新能源317.常州千沐新能源有限公司318.常州尚金干燥319.常州市范群干燥设备有限公司320.常州市龙鑫智能装备股份有限公司321.常州江本自控设备有限公司322.常州菲优特净化设备有限公司323.常州锂源324.平顶山市普赛斯石墨有限公司325.广东东阳光科技控股股份有限公司326.广东中杰能化新材料科技有限公司327.广东中科谛听科技有限公司328.广东卡利特智能科技有限公司329.广东嘉拓自动化有限公司330.广东德源新材料有限公司331.广东恒誉机械科技有限公司332.广东杰成新能源材料科技有限公司333.广东沃泰环保有限公司。334.广东派勒智能纳米科技股份有限335.广东盘古信息科技股份有限公司336.广东省中科供应链管理股份有限公司337.广东省锐驰新能源科技有限公司338.广东维杰物料自动化系统有限公司339.广东邦普循环科技有限公司340.广东金域科技有限公司341.广东鹏锦智能装备股份有限公司342.广州井秀机电设备安装工程有限公司343.广州伊莲辉机械有限公司344.广州伊莲辉机械设备有限公司345.广州唯量工控技术有限公司346.广州嘉匠贸易有限公司347.广州天赐348.广州奥斯德科技有限公司349.广州市唯量工控技术有限公司350.广州市文洛龙贸易有限公司351.广州汇富研究院有限公司352.广州集泰化工股份有限公司355.广汽集团因湃电池科技有限公司356.广汽集团汽车工程研究院357.广电计量检测358.广西柳工机械股份有限公司359.广西泳沣科技有限公司360.广西禹鼎新材料科技有限公司361.广西立劲新材料有限公司362.广西胜东新能源科技有限公司363.广西自贸区量孚新能源科技有限公司364.广西锰华新能源365.广西锰华新能源科技发展有限公司366.广西靖西市一洲锰业有限公司367.庆云县经济开发区368.建发(成都)有限公司369.开沃新能源370.弘则研究371.弘正储能（上海）能源科技有限公司372.弘洺新能源科技（山东）有限公司373.张家港清研检测技术有限公司374.当升科技375.徐州高新区376.德国TUV莱茵378.德阳川发龙蟒新材料有限公司379.怀仁县金诚高岭土有限责任公司381.恒力恒新工贸382.恒力恒源383.恒力期货384.恒胜集团385.惠州TCL新材料科技有限公司386.惠州锂威新能源科技有限公司387.惠鹏达388.成立航空股份有限公司389.成都乾瑞矿山工程有限公司390.成都倍力干燥设备有限公司391.成都卜丁科技有限公司392.成都四维科技有限公司393.成都固铁科技有限公司394.成都复旦复达科技有限公司395.成都大学396.成都宏智仓储有限公司397.成都工业学院398.成都巴莫科技有限责任公司399.成都市博涛智能装备制造有限公司400.成都新得利电子有限公司401.成都昆仑白泽化学试剂有限公司402.成都智楷分离科技有限公司403.成都清源尚和环保科技有限公司404.成都潮川化工有限公司405.成都理工大学406.成都索朗化工有限公司407.成都融捷锂业408.成都雨云科技有限公司409.抚顺东科精细化工有限公司410.抚顺市秀霖化工有限公司411.抚顺怡文节能环保设备有限公司412.振华新材413.斯瑞尔环境科技股份有限公司414.新乡市双虎振动设备有限公司415.新乡市弘力电源科技有限公司416.新乡市迈朗机械设备有限公司417.新乡市锐成机械设备有限公司418.新亚杉杉新材料科技衢州有限公司419.新恒凯能源科技股份有限公司420.新疆师范大学421.新疆有色金属研究所有限公司422.新疆能源423.施耐德电气424.无名资本425.无锡灵鸽机械科技股份有限公司426.无锡艾比德泵业有限公司427.无锡高端新能源有限公司428.日照卓盛新材料有限公司429.旭川化学430.昆山美宝环保设备有限公司431.昆明理工大学432.明水环境433.星恒电源股份有限公司434.星辉同程（北京）科技有限责任公司435.有研新能源材料（江西）有限公司436.朝阳博晟冶金科技有限公司437.朝阳金河创业投资有限公司438.杜肯集团439.杭州天跃气体设备制造有限公司440.杭州成功超声设备有限公司441.杭州捷瑞智能装备股份有限公司442.松下电器443.松桃三和锰业集团有限责任公司444.株洲辰悦智能装备有限公司446.格林美股份有限公司447.桂林电子科技大学448.桐乡华创三同科技发展有限公司449.欧普特450.欧美克451.欧赛新能源科技股份有限公司452.武汉中科先进材料技术有限公司453.武汉奥克化学有限公司454.武汉正峰新能源科技有限公司455.武汉理工大学456.武汉赛能科技有限公司457.武汉钠新材料技术有限公司459.比亚迪汽车工业有限公司460.永康市高新技术产业研究院/长三角物理研究中心461.汇清合一462.江苏三金锂电科技有限公司463.江苏久吾高科技股份有限公司464.江苏亮果金属制品有限公司465.江苏先锋智能科技股份有限公司466.江苏博涛467.江苏合志新能源材料技术有限公司468.江苏大学469.江苏天奈科技股份有限公司470.江苏宜锂471.江苏宜锂科技有限责任公司472.江苏尚金干燥科技有限公司473.江苏希城新材料科技有限公司474.江苏康士捷机械设备有限公司475.江苏晨力环保科技有限公司476.江苏正旭企新材料有限公司477.江苏润鸿高温窑具有限公司478.江苏科伦多食品配料有限公司479.江苏,,,,pending
2026固态电池新技术应用会议，同期同址举办：第四届锰系与磷酸铁锂技术应用研讨会,今日锂电,今日锂电,"RIOnews API, 新材料, 电池材料, 复合材料, 碳, 隔膜, 复合集流体, 聚合物, 高比能, 锂金属, 富锂锰, 硅, 前沿表征, 原位, 固态电池, 固态电解质, 钠离子电池, 钠电, 合作进展, 投资, 合作, 学术研究, 大学, 科学院, 研究所, 技术进展, 技术突破, 制备工艺, 界面优化, 前沿技术",normal,2026-08-13T09:50:13+08:00,,重磅会议两会并行分会场60+大咖报告嘉宾800+参会人员聚焦固态电解质/硅碳/磷酸（锰）铁锂/锰系材料 第二届固态电池新技术应用与材料制备验证技术会议 同期举办：第四届锰系与磷酸铁锂技术应用研讨会 赞助展台预订中...演讲报告开放预约中...第二届固态电池新技术应用与材料制备验证技术会议同期举办：第四届锰系与磷酸铁锂技术应用研讨会PART 01会议组织TECHNOLOGY主办单位：今日锂电/今日钠电承办单位：北京京昇文化传播有限公司 会议时间：2026年9月16-17日（15日签到）会议地点：中国·杭州总冠名/联合主办/招募中···协办单位：/招募中···支持单位：/招募中···新能源前沿新能,http://mp.weixin.qq.com/s?__biz=MzkyNzc0MDc0MA==&mid=2247518881&idx=4&sn=52394af9d5a5692d5ec104a38154a7fa,,重磅会议两会并行分会场60+大咖报告嘉宾800+参会人员聚焦固态电解质/硅碳/磷酸（锰）铁锂/锰系材料 第二届固态电池新技术应用与材料制备验证技术会议 同期举办：第四届锰系与磷酸铁锂技术应用研讨会 赞助展台预订中...演讲报告开放预约中...第二届固态电池新技术应用与材料制备验证技术会议同期举办：第四届锰系与磷酸铁锂技术应用研讨会PART 01会议组织TECHNOLOGY主办单位：今日锂电/今日钠电承办单位：北京京昇文化传播有限公司 会议时间：2026年9月16-17日（15日签到）会议地点：中国·杭州总冠名/联合主办/招募中···协办单位：/招募中···支持单位：/招募中···新能源前沿新能,重磅会议两会并行分会场60+大咖报告嘉宾800+参会人员聚焦固态电解质/硅碳/磷酸（锰）铁锂/锰系材料 第二届固态电池新技术应用与材料制备验证技术会议 同期举办：第四届锰系与磷酸铁锂技术应用研讨会 赞助展台预订中...演讲报告开放预约中...第二届固态电池新技术应用与材料制备验证技术会议同期举办：第四届锰系与磷酸铁锂技术应用研讨会PART 01会议组织TECHNOLOGY主办单位：今日锂电/今日钠电承办单位：北京京昇文化传播有限公司 会议时间：2026年9月16-17日（15日签到）会议地点：中国·杭州总冠名/联合主办/招募中···协办单位：/招募中···支持单位：/招募中···新能源前沿新能源在线锂电PLUS展台赞助：/招募中···PART 02会议内容TECHNOLOGY中国《新能源汽车产业发展规划》明确支持固态电池研发，2025年全球固态电池市场规模预计突破百亿元，固态电池已成为公认的下一代电池，在过去的一年里，固态电池新技术与产业化进程以比预计中的更快的速度发展，然而固态电池还存在关键技术突破和产业化制备成本问题。在固态电池商用还不可极的当下，仍还是磷酸铁锂的天下，作为磷酸铁锂最重要的技术迭代与升级方向，高压实磷酸铁锂与磷酸锰铁锂技术将是现在的重点发展方向，并且和富锂锰基、高电压镍锰酸锂、高镍三元材料形成竞争未来适配固态电池正极材料的格局，而富锂锰基材料理论能量密度超1000Wh/kg，成本较高镍三元材料（价格高、技术成熟度高、安全性存疑）低25%-40%，被认为是固态电池最佳适配正极材料，高电压镍锰酸锂工作电压高达5V，比能650Wh/kg，更适合固态电池高电压体系，未来谁来主导，还要看技术成熟度。2026固态电池新技术应用与材料制备验证技术会议，同期同址举办：第四届锰系与磷酸铁锂技术应用研讨会，定于2026年9月16-17日在杭州召开，旨在进一步加快固态电池、锰系与磷酸铁锂方面新技术创新应用，破解技术与产业化制备难题，评选表彰近年来在固态电池、锰系与磷酸铁锂行业做出突出成绩的优秀科研人员和企业，特邀请参与本次会议，共同交流探讨固态电池与锰系与磷酸铁锂的行业发展新思路。会议内容：固态电池分会场固态电池技术与产业发展新进展高能量固态电池在eVTOL与人型机器人中的应用固态电池（半）应用高速电摩前景探讨固态技术（半）在手机与3C产品中的应用固态电池（半）在动力和储能电池的应用探讨固态电池智能制备设计发展固态电池关键材料的开发与应用全固态钠电技术研发与进展干法电极工艺在固态电池中的应用硫/氧/卤/聚合物等全固态电池电解质材料产业化进展固态电解质理论配方设计与实验验证多技术表征平台在固态电池材料研究中的应用固态电解质界面优化设计固态电解质纳米化技术研究与制备方法全固态电池硅基负极的开发硅碳负极材料的创新研发及其在固态电池内的应用球型多孔炭在CVD硅碳负极材料中的应用锂金属负极技术新进展固态电池正极的结构设计与材料选择高镍/富锂锰基正极材料在固态电池体系中的应用石墨烯/碳纳米管新型碳材料在固态电池体系中的技术发展新型隔膜技术在固态（半）电池中的应用固态用复合集流体技术研发新进展AI技术在材料研发中的应用等静压技术在全固态电池制备中的应用湿法/干法/气流研磨技术在固态材料中的应用干法电极智能装备开发与应用新一代窑炉技术在电池材料制造中的应用蒸镀技术在固态电池制备中的优点钠米级制备技术与装备新应用锰系与磷酸铁锂分会场全球锂资源市场发展变化电池级硫（碳）酸锰/二氧化锰/四氧化三锰市场前景变化锰系前驱体研究与制备技术高锰新能源材料的挑战与前景磷酸锰铁锂在汽车与二轮车上的应用研究适配固态电池用磷酸锰铁锂材料最新技术进展富锂锰基正极材料纳米包覆、梯度掺杂等工艺介绍富锂锰基正极材料制备及改性研究新一代高电压镍锰酸锂材料技术与应用锰基钠电正极材料技术与成本分析高性能磷酸铁制备工艺革新高压实磷酸铁锂磷酸铁法和草酸亚铁法工艺路线发展低成本高压实磷酸铁锂产业化生产技术换代与装备创新适配固态电池用高压实磷酸铁锂技术优化高压实磷酸铁锂高温烧结杂质控制颗粒级配优化工艺对磷酸铁锂压实密度及电性能的提升纳米磷酸铁锂技术与制备一次烧结成型高压实磷酸铁锂工艺要点介绍高压实磷酸铁锂材料的预锂化方法关键电池材料回收再利用技术注：以最终会议日程报告为准演讲报告申请：王老师:*********** 邮 箱:46090424@qq.comPART 03会议特色TECHNOLOGY01会议形式20+5（每位专家20分钟报告+5分钟互动问答交流）交流方式，增加会议互动性；60+行业大咖，800+上下游企业从业者共聚一堂；诚邀高校/科研院所与产业技术从业者观点碰撞与交流，聚焦行业热点，解读技术与产业发展。02会议特色现场展台产品展示，“会+展”助力产业链上下游技术与市场对接，搭建立体化高效交流平台；1.5 天论坛，涉及固态与锰系铁锂行业装备、技术、材料、检测仪器设备等，全方位展示最新前沿技术研究与进展，深入探讨未来回收发展方向。03会议特色同期举办2026“NWEi-先锋奖”颁奖典礼，评选与发布“NEWi-先锋奖”新能源行业杰出科学家、新能源行业企业创新奖、行业优秀供应商”(联系主办方索取评选申请表)。04赞助方案1.本次会议设置总冠名、联合主办、协办单位、赞助单位、支持单位、手提袋、胸卡挂绳、椅背广告、酒水赞助、会议视频广告（会议室大屏播放）晚宴礼品、笔本赞助、茶歇赞助等会议赞助类别（详细赞助方案请联系主办方）。2、参展每个展位费用：12000元，包括2人的午餐、晚宴费用，展台费用，两份资料费用等。3、展位实际尺寸2米宽×3米高（设计尺寸2米宽×2.3米高）PART 04报名缴费TECHNOLOGY1.参会费用：A、限时600元/人（含餐），B、全免费（不含餐），转发会议信息至朋友圈，集28个赞，获得免费名额（限主机、电池电芯等下游单位）。2.参会注册费含会议资料、茶点、2次午餐、1场交流晚宴、参会材料等费用；3.会议统一安排食宿，住宿费自理；4.发票内容为“会议费”，开具增值税普通发票，不开增值税专用发票；注：所有人员凭参会证入场！提前报名缴费！汇款信息账 户：北京京昇文化传播有限公司账 号：040 4090 1030 0000 3837开户行：北京农村商业银行股份有限公司四季青支行行 号 ：402100000260 付款请注明：杭州会议+姓名，并将付款凭证保留，便于报到时查验。缴费成功后，请保持手机畅通，会务组会尽快与您联系，感谢您的支持！开票信息发送：46090424@qq.com参会、参展、宣传及赞助事宜： 王老师 188 1048 8288（同微） 张老师 182 3806 7581（同微） 袁老师 192 9355 9185（同微） 郭老师 192 8668 2548（同微） 李老师 138 1196 8226（同微）扫码加入固态/正极材料群进群备注：公司名称/姓名/职务主动发名片一张请识别二维码或添加***********欢迎同仁进群交流！PART 05往届会议/企业名单（部分）TECHNOLOGY由今日锂电、苏银产业园联合主办、清陶云能、尚金干燥协办的2026（常州）固态电池新技术应用大会暨固态电池材料制备与验证研讨会在常州富都洲际酒店顺利举办，来自全国各地300余位专家、企业代表参与了本次大会。由今日锂电主办的锰系与铁锂正极材料技术论坛，已连续成功举办三届，共计2000余人次参会嘉宾出席，已成为国内正极材料行业具较高影响力会议。近800家往届参会企业名单1.公司名称2.HT3.OCBC4.一玖东朔新材料科技(上海)有限公司6.万华化学集团股份有限公司8.万向一二三股份公司9.三星SDI10.三碳(安徽)科技研究院11.三维汉界机器（山东）股份有限公司13.三门峡莹鑫矿业有限公司14.上海上州阀门制造有限公司15.上海东浒科技有限公司16.上海东证期货有限公司17.上海中如智慧能源集团有限公司18.上海中锂实业有限公司19.上海交通大学20.锂禾(苏州)科技有限公司21.上海八桂资产管理有限公司22.上海加力气体有限公司23.上海华谊新材料化工销售有限公司25.上海国投26.上海大学27.上海天元国际贸易集团有限公司28.上海天臣微纳米科技有限公司29.上海奥克化学有限公司30.上海娑娜智能科技有限公司31.上海宇昂水性新材料科技股份有限公司32.上海宝弘资产管理有限公司33.上海容锂新材料科技有限公司34.上海市工业合作协会35.上海德卡实验室系统科技有限公司36.上海志聚贸易有限公司37.上海是程国际贸易有限公司38.上海昱瓴/安徽昱瓴科技有限公司39.上海昶法新材料有限公司40.上海楚赛41.上海毅速激光科技有限公司42.上海汇平新能源有限公司43.上海泰熊磁业有限公司44.上海瀚能时代新材45.上海瀚能时代新材料有限公司46.上海电力大学47.上海电力大学/欧赛新能源48.上海秀美模型有限公司49.上海经纬优品筛网有限公司50.上海耀狮能源科技有限公司51.上海艾枫机电设备有限公司52.上海荷迪思湿度控制设备有限公司53.上海辉锂化工有限公司54.上海锂凰科技有限公司55.上海锐驰新能源技术有限公司56.上海雅程仪器设备有限公司57.世标检测科技(天津)有限公司58.东北大学59.东南大学60.东方希望集团61.东莞东阳光科研发有限公司62.东莞市亿富机械科技有限公司63.东莞市华仕威水处理器材有限公司64.东莞市松储纳米科技有限公司65.东莞市润能机械有限66.东莞市满电新能源科技有限公司67.东莞市琅菱机械有限公司68.东莞市磨匠设备有限公司69.东莞市科路得新能源科技有限公司70.东莞瀚宇新能源材料科技有限公司71.东莞瑞泰新材料科技有限公司73.中伟新材料股份有限公司74.中俄新能源材料技术研究院75.中信金属股份有限公司76.中再生徐州资源再生开发有限公司77.中创新航78.中化国际79.中化蓝天氟材料有限公司80.中南大学81.中国人民财产保险股份有限公司四川省分公司82.中国人民财产保险股份有限公司成都市分公司83.中国科学院上海应用物理研究所84.中国科学院上海微系统与信息技术研究所85.中国科学院宁波材料所86.中国科学院山西煤炭化学研究所87.中国科学院过程工程研究所88.中天储能科技有限公司89.中山大学91.中机国际工程设计研究院有限责任公司92.中溢集团（吉林）新能源科技有限公司93.中电四公司94.中科院上海微系统所95.中科院兰州化学物理研究所96.中科院深圳先进技术研究院97.中科院物理所/中科固能98.中科院过程工程研究所/山东懋华新能源99.中粮营养健康研究院100.中船派瑞特气101.中蓝长化工程科技有限公司102.中豫飞马新材料技术创新中心（郑州）有限公司103.中财集团104.中钢天源股份有限公司105.中钢集团南京新材料研究院有限公司106.中钢集团马鞍山矿院新材料科技有限公司107.中锂科（苏州）新能源科技有限公司109.丰晖（山东）环保科技有限公司110.乐友新能源材料（无锡）有限公司111.二连浩特凯创资源有限公司112.云南云天化股份有限公司研究院113.云南本晟新材料有限公司114.云天化研究院115.互动派116.五矿新能117.五矿期货有限公司118.亿昇（杭州）磁悬浮技术有限公司119.佛山市德方纳米科技有限公司120.佛山泰姆斯新材料科技有限公司121.佛山热安科技发展有限公司122.信发集团有限公司123.兰州理工大学124.兴发集团125.兴星电子新材料（无锡）有限公司126.内蒙中合新材料有限公司127.内蒙古神东能源集团有限公司128.凯鑫管道科技有限公司129.利信(江苏)能源科技有限责任公司130.北京丝路惠商新能源产业发展有限公司131.北京中科埃米科技有限公司132.北京创能惠通科技有限公司133.北京化工大学134.北京和璟管理咨询有限公司135.北京市兰台（苏州）律师事务所136.北京市隆安（苏州）律师事务所137.北京师范大学139.北京涂多多电子商务股份有限公司140.北京理工大学141.北京英博电气股份有限公司142.北大纵横咨询集团143.北票新正粉末冶金有限公司144.华为技术有限公司145.华创证券有限责任公司146.华友钴业147.华鼎国联四川动力电池有限公司148.南京元辰新能源科技有限公司149.南京奥特集团150.南京工业大学151.南京索特烘箱制造有限公司152.南京金利检验有限公司153.南华期货154.南方泵业股份有限公司155.南方科技大学156.南方锰业集团有限责任公司157.南昌大学158.南渝伦华159.南通市悦华新材料科技有限公司160.南通瑞翔新材料有限公司161.南通金通储能动力新材料有限公司162.博创宏远新材料163.厦门势拓伺服科技股份有限公司164.厦门厦钨新能源材料股份有限公司165.厦门宝盈新电子有限公司166.厦门市集美区金桥汇贸易商行167.厦门建发高科有限公司168.厦门新能安169.厦门益材储能科技有限公司170.双安资产171.双登股份172.台湾立凯电能科技股份有限公司173.合肥中科阻燃新材料有限公司174.合肥原位科技有限公司175.合肥国轩电池材料有限公司176.吉利创新中心/浙江绿色智行科创有限公司177.吉旺科技（山东）有限公司178.吉林华兴新材料科技有限公司179.吉首长潭泵业有限公司180.咸阳华友新能源窑炉设备有限公司181.咸阳科源新材装备有限公司182.哈尔滨奥科诺183.唐山亨坤新能源材料有限公司184.四川乐盛荣新材料科技有限公司185.四川什邡市产业促进服务中心186.四川优源新能源有限公司187.四川兴晶茂科技有限公司188.四川利合达环保科技有限公司189.四川协鑫锂电有限公司190.四川协鑫锂电科技有限公司191.四川唐古拉颗粒机械有限公司192.四川大学193.四川宇能锂工新材料科技有限公司194.四川建彤新材料有限责任公司195.四川弘业环保科技有限公司196.四川普特威新材料科技有限公司197.四川望昌干燥设备有限公司198.四川汇能中哲新材料有限公司199.四川珠峰飞越科技有限公司200.四川省乐山锐丰冶金有限公司201.四川省青川县人民政府202.四川研宝科技203.四川科鸿阳科技有限公司204.四川立拓环境科技有限公司205.四川绵竹市盘龙矿物质有限责任公司206.四川艾诺基新材料科技有限公司207.四川虹屹科技有限公司208.四川蜀力芯新能源有限公司209.四川蜀能矿产有限责任公司210.四川赛恩思仪器有限公司211.四川迈昆新材料有限公司212.四川金汇能新材料股份有限公司213.四川金裕来化工有限公司214.四川锂古新能源科技有限公司215.四川锦恒丰菱新材料有限责任公司216.四川长虹智能制造技术有限公司217.四川雅化实业集团股份有限公司218.四川鸿鹏新材料有限公司219.因湃电池科技有限公司220.国轩高科221.国轩高科有限公司222.国钠能源科技（河北）有限公司223.圣戈班224.埃索凯科技股份有限公司225.基迈克材料科技（苏州）有限公司226.复旦大学227.多氟多新材料股份有限公司228.大金氟化工中国有限公司229.大金氟化工中国有限公司上海分公司230.天俱时工程科技集团有限公司231.天普新能源232.天津国安盟固利新材料科技股份有限公司233.天津复力新能源科技有限公司234.天津大学235.博创宏远新材料236.天津常兴新能源科技有限公司237.天津爱沃新能源材料有限公司238.天津蔚然国际贸易有限公司239.天津赛德美新能源科技有限公司240.天能集团241.天齐锂业新能源技术研究（眉山）有限公司242.奥冠集团243.威力工业网络股份有限公司244.宁夏威格瑞斯电力有限公司245.宁夏汉尧富锂科技有限责任公司247.宁德时代新能源科技有限公司248.宁德时代（贵州）新能源材料有限公司249.宁波东烽新材料有限公司250.宁波容百新能源科技股份有限公司251.安徽中科新能智能有限公司252.安徽中钠时代能源科技有限公司253.安徽五湖滤材有限公司254.安徽利科新材料科技有限公司255.安徽利维能动力电池有限公司256.安徽博石高科新材料股份有限公司257.安徽天磁新能源科技有限公司258.安徽天科泰新能源有限公司259.安徽天马机械科技有限公司260.安徽川江环保科技有限公司261.安徽新锰都科技有限公司262.安徽格派新能源有限公司263.安徽海创新能源材料有限公司264.安徽神霄新能源科技有限公司265.安徽腾越科技266.安徽贝特滤材有限公司267.安徽麒锂特科技有限公司268.宏博苏气气体设备（苏州）有限公司269.宜兴市东山新型材料有限公司270.宜兴市东山新材料有限公司271.宜兴市宙斯泵业有限公司272.宜兴市彦氿科技有限公司273.宜兴市灵谷塑料设备有限公司274.宜兴摩根热陶瓷有限公司275.宜宾天原锂电材料有限公司276.宜宾天程锂电新材有限公司277.宜昌泽美新材料有限公司278.宜春学院279.宝山钢铁股份有限公司280.宣城市鸿海装备科技有限公司281.富士康科技集团282.尚水智能283.山东众惠启创新材料科技有限公司284.山东信业新材料科技有限公司285.山东天向新材料有限公司286.山东富德源环保设备有限公司287.山东广新达新材料科技有限公司288.山东庆云经济开发区289.山东恒磁科技有限公司290.山东惠源在湖新材料有限公司291.山东本源环境科技股份有限公司292.山东欧迈机械股份有限公司293.山东民生智慧供应链集团有限公司294.山东济宁德盛源新材料有限公司295.山东瑞福锂业有限公司296.山东盛太锆业资源有限公司297.山东科华重工科技有限公司298.山东精工电子科技股份有限公司299.山东纽克气源净化设备有限公司300.山东聚恒环保科技有限公司301.山东英吉新材料有限公司302.山东运丰耐火材料有限公司303.山东锦锂新材料科技有限公司304.山东鲁欣粉磁新材料科技有限公司305.山东鲁银新材料科技有限公司306.山西佰基科技有限公司307.山西昇嘉琪新材料有限公司308.巨安储能武汉科技有限责任公司309.巨盛能源（江苏）有限公司310.巴斯夫311.巴特瑞科技有限公司312.布琅轲锶特（上海）测量设备贸易有限公司313.帅福得电池314.常州伯端机电设备有限公司315.常州力一紧固技术有限公司316.常州千沐新能源317.常州千沐新能源有限公司318.常州尚金干燥319.常州市范群干燥设备有限公司320.常州市龙鑫智能装备股份有限公司321.常州江本自控设备有限公司322.常州菲优特净化设备有限公司323.常州锂源324.平顶山市普赛斯石墨有限公司325.广东东阳光科技控股股份有限公司326.广东中杰能化新材料科技有限公司327.广东中科谛听科技有限公司328.广东卡利特智能科技有限公司329.广东嘉拓自动化有限公司330.广东德源新材料有限公司331.广东恒誉机械科技有限公司332.广东杰成新能源材料科技有限公司333.广东沃泰环保有限公司。334.广东派勒智能纳米科技股份有限335.广东盘古信息科技股份有限公司336.广东省中科供应链管理股份有限公司337.广东省锐驰新能源科技有限公司338.广东维杰物料自动化系统有限公司339.广东邦普循环科技有限公司340.广东金域科技有限公司341.广东鹏锦智能装备股份有限公司342.广州井秀机电设备安装工程有限公司343.广州伊莲辉机械有限公司344.广州伊莲辉机械设备有限公司345.广州唯量工控技术有限公司346.广州嘉匠贸易有限公司347.广州天赐348.广州奥斯德科技有限公司349.广州市唯量工控技术有限公司350.广州市文洛龙贸易有限公司351.广州汇富研究院有限公司352.广州集泰化工股份有限公司355.广汽集团因湃电池科技有限公司356.广汽集团汽车工程研究院357.广电计量检测358.广西柳工机械股份有限公司359.广西泳沣科技有限公司360.广西禹鼎新材料科技有限公司361.广西立劲新材料有限公司362.广西胜东新能源科技有限公司363.广西自贸区量孚新能源科技有限公司364.广西锰华新能源365.广西锰华新能源科技发展有限公司366.广西靖西市一洲锰业有限公司367.庆云县经济开发区368.建发(成都)有限公司369.开沃新能源370.弘则研究371.弘正储能（上海）能源科技有限公司372.弘洺新能源科技（山东）有限公司373.张家港清研检测技术有限公司374.当升科技375.徐州高新区376.德国TUV莱茵378.德阳川发龙蟒新材料有限公司379.怀仁县金诚高岭土有限责任公司381.恒力恒新工贸382.恒力恒源383.恒力期货384.恒胜集团385.惠州TCL新材料科技有限公司386.惠州锂威新能源科技有限公司387.惠鹏达388.成立航空股份有限公司389.成都乾瑞矿山工程有限公司390.成都倍力干燥设备有限公司391.成都卜丁科技有限公司392.成都四维科技有限公司393.成都固铁科技有限公司394.成都复旦复达科技有限公司395.成都大学396.成都宏智仓储有限公司397.成都工业学院398.成都巴莫科技有限责任公司399.成都市博涛智能装备制造有限公司400.成都新得利电子有限公司401.成都昆仑白泽化学试剂有限公司402.成都智楷分离科技有限公司403.成都清源尚和环保科技有限公司404.成都潮川化工有限公司405.成都理工大学406.成都索朗化工有限公司407.成都融捷锂业408.成都雨云科技有限公司409.抚顺东科精细化工有限公司410.抚顺市秀霖化工有限公司411.抚顺怡文节能环保设备有限公司412.振华新材413.斯瑞尔环境科技股份有限公司414.新乡市双虎振动设备有限公司415.新乡市弘力电源科技有限公司416.新乡市迈朗机械设备有限公司417.新乡市锐成机械设备有限公司418.新亚杉杉新材料科技衢州有限公司419.新恒凯能源科技股份有限公司420.新疆师范大学421.新疆有色金属研究所有限公司422.新疆能源423.施耐德电气424.无名资本425.无锡灵鸽机械科技股份有限公司426.无锡艾比德泵业有限公司427.无锡高端新能源有限公司428.日照卓盛新材料有限公司429.旭川化学430.昆山美宝环保设备有限公司431.昆明理工大学432.明水环境433.星恒电源股份有限公司434.星辉同程（北京）科技有限责任公司435.有研新能源材料（江西）有限公司436.朝阳博晟冶金科技有限公司437.朝阳金河创业投资有限公司438.杜肯集团439.杭州天跃气体设备制造有限公司440.杭州成功超声设备有限公司441.杭州捷瑞智能装备股份有限公司442.松下电器443.松桃三和锰业集团有限责任公司444.株洲辰悦智能装备有限公司446.格林美股份有限公司447.桂林电子科技大学448.桐乡华创三同科技发展有限公司449.欧普特450.欧美克451.欧赛新能源科技股份有限公司452.武汉中科先进材料技术有限公司453.武汉奥克化学有限公司454.武汉正峰新能源科技有限公司455.武汉理工大学456.武汉赛能科技有限公司457.武汉钠新材料技术有限公司459.比亚迪汽车工业有限公司460.永康市高新技术产业研究院/长三角物理研究中心461.汇清合一462.江苏三金锂电科技有限公司463.江苏久吾高科技股份有限公司464.江苏亮果金属制品有限公司465.江苏先锋智能科技股份有限公司466.江苏博涛467.江苏合志新能源材料技术有限公司468.江苏大学469.江苏天奈科技股份有限公司470.江苏宜锂471.江苏宜锂科技有限责任公司472.江苏尚金干燥科技有限公司473.江苏希城新材料科技有限公司474.江苏康士捷机械设备有限公司475.江苏晨力环保科技有限公司476.江苏正旭企新材料有限公司477.江苏润鸿高温窑具有限公司478.江苏科伦多食品配料有限公司479.江苏聚烽新能源科技有限公司,,,,pending
欢迎加入固态/锰系铁锂群技术群,今日锂电,今日锂电,"RIOnews API, 新材料, 碳, 高比能, 硅, 固态电池, 固态电解质",normal,2026-08-13T09:50:13+08:00,,"重磅会议两会并行分会场60+大咖报告嘉宾800+参会人员聚焦固态电解质/硅碳/磷酸铁锂/锰系材料 第二届固态电池新技术应用与材料制备验证技术会议 同期举办：第四届锰系与磷酸铁锂技术应用研讨会 赞助展台预订中...演讲报告开放预约中...***********限时免费参会！A.全免费：（转发会议信息至朋友圈集28个赞，0费用，不含餐）B.参会费600元：（转发会议信息至朋友圈集18个赞，含餐费、交流晚餐费用）C.福利参会：（转发会议信息至朋友圈集68个赞，含餐费、交流晚餐费用,限十名）扫码加入技术群：请注明固态/锰系铁锂群进群备注：公司名称/姓名/职务主动发名片一张请识别二维码或添加******",http://mp.weixin.qq.com/s?__biz=MzkyNzc0MDc0MA==&mid=2247518881&idx=5&sn=5b391ec557fd1c6376df1b725dda6227,,"重磅会议两会并行分会场60+大咖报告嘉宾800+参会人员聚焦固态电解质/硅碳/磷酸铁锂/锰系材料 第二届固态电池新技术应用与材料制备验证技术会议 同期举办：第四届锰系与磷酸铁锂技术应用研讨会 赞助展台预订中...演讲报告开放预约中...***********限时免费参会！A.全免费：（转发会议信息至朋友圈集28个赞，0费用，不含餐）B.参会费600元：（转发会议信息至朋友圈集18个赞，含餐费、交流晚餐费用）C.福利参会：（转发会议信息至朋友圈集68个赞，含餐费、交流晚餐费用,限十名）扫码加入技术群：请注明固态/锰系铁锂群进群备注：公司名称/姓名/职务主动发名片一张请识别二维码或添加******","重磅会议两会并行分会场60+大咖报告嘉宾800+参会人员聚焦固态电解质/硅碳/磷酸铁锂/锰系材料 第二届固态电池新技术应用与材料制备验证技术会议 同期举办：第四届锰系与磷酸铁锂技术应用研讨会 赞助展台预订中...演讲报告开放预约中...***********限时免费参会！A.全免费：（转发会议信息至朋友圈集28个赞，0费用，不含餐）B.参会费600元：（转发会议信息至朋友圈集18个赞，含餐费、交流晚餐费用）C.福利参会：（转发会议信息至朋友圈集68个赞，含餐费、交流晚餐费用,限十名）扫码加入技术群：请注明固态/锰系铁锂群进群备注：公司名称/姓名/职务主动发名片一张请识别二维码或添加***********欢迎同仁进群交流！",,,,pending
今日锂电每日资讯第11期：磷酸铁锂正站上技术代际更替的临界点,今日锂电,今日锂电,"RIOnews API, 新材料, 电池材料, 碳, 高比能, 硅, 固态电池, 固态电解质, 产品发布, 发布, 新品, 全新, 官宣, 合作进展, 融资, 投资, 技术进展, 最新进展, 前沿技术, 量产推进, 产能, 扩产, 竣工",normal,2026-08-13T09:50:13+08:00,,"磷酸铁锂正站上技术代际更替的临界点：第五代""超能铁锂""以高压实密度重新定义性能边界，磷酸锰铁锂（LMFP）则从掺混路线加速走向纯用主材。本期今日锂电聚焦磷酸锰铁锂与高压式磷酸铁锂两大方向，梳理产业化最新进展。一、高压式磷酸铁锂：第五代密集落地1. 第五代磷酸铁锂产业化提速，极片压实密度突破性能边界自宁德时代2025年11月宣布第五代磷酸铁锂（""超能铁锂/Superense""）量产以来，2026年该技术进入密集落地期。比亚迪、国轩高科等头部电池企业相继官宣量产计划，磷酸铁锂正式迈入性能对标三元的新时代。五代技术通常以极片压实密度为演进核心指标：第一代>2.4g/cm³（已被淘汰）、第二代>2.5",http://mp.weixin.qq.com/s?__biz=MzkyNzc0MDc0MA==&mid=2247518881&idx=2&sn=448fbf8c7cd08bedb04698723115d0ee,,"磷酸铁锂正站上技术代际更替的临界点：第五代""超能铁锂""以高压实密度重新定义性能边界，磷酸锰铁锂（LMFP）则从掺混路线加速走向纯用主材。本期今日锂电聚焦磷酸锰铁锂与高压式磷酸铁锂两大方向，梳理产业化最新进展。一、高压式磷酸铁锂：第五代密集落地1. 第五代磷酸铁锂产业化提速，极片压实密度突破性能边界自宁德时代2025年11月宣布第五代磷酸铁锂（""超能铁锂/Superense""）量产以来，2026年该技术进入密集落地期。比亚迪、国轩高科等头部电池企业相继官宣量产计划，磷酸铁锂正式迈入性能对标三元的新时代。五代技术通常以极片压实密度为演进核心指标：第一代>2.4g/cm³（已被淘汰）、第二代>2.5","磷酸铁锂正站上技术代际更替的临界点：第五代""超能铁锂""以高压实密度重新定义性能边界，磷酸锰铁锂（LMFP）则从掺混路线加速走向纯用主材。本期今日锂电聚焦磷酸锰铁锂与高压式磷酸铁锂两大方向，梳理产业化最新进展。一、高压式磷酸铁锂：第五代密集落地1. 第五代磷酸铁锂产业化提速，极片压实密度突破性能边界自宁德时代2025年11月宣布第五代磷酸铁锂（""超能铁锂/Superense""）量产以来，2026年该技术进入密集落地期。比亚迪、国轩高科等头部电池企业相继官宣量产计划，磷酸铁锂正式迈入性能对标三元的新时代。五代技术通常以极片压实密度为演进核心指标：第一代>2.4g/cm³（已被淘汰）、第二代>2.5g/cm³、第三代>2.6g/cm³（市场主流）、第四代>2.7g/cm³（优化铁溶出与低温性能）、第五代""超能铁锂""则突破性能边界。今年4月，宁德时代正式发布第二代神行超充电池，兼具800公里续航与峰值12C超充速度，峰值充电功率达1.3兆瓦。国轩高科工研总院常务副院长曹勇表示，高压实密度已成为新一代铁锂竞争的关键。2. 高压实材料产能军备竞赛打响材料端企业同步推出高压实密度新品，扩产动作频频：龙蟠科技拟在江苏金坛投建年产24万吨高压实磷酸铁锂生产基地（总投资不超过20亿元，一期12万吨计划2026年三季度竣工投产）；天赐材料拟在浙江台州开展年产16万吨高压实磷酸铁锂项目前期工作（总投资不超过21亿元）；山西优安年产5万吨四代高压实磷酸铁锂基地于7月在大同经济技术开发区开工（一期投资约2.5亿元）；德方纳米、富临精工、协鑫锂电等亦同步推出高压实密度新品，产业链围绕新一代铁锂的竞争全面展开。二、磷酸锰铁锂（LMFP）：从掺混走向纯用3. LMFP量产临界点已至，产量三年跃升据鑫椤资讯统计，2025年全球磷酸锰铁锂产量2.85万吨，同比增长206.5%；随着在新能源汽车、数码消费、锂电两三轮车市场应用持续深入，预计2026年产量增至7万吨，到2030年超过50万吨。LMFP在磷酸铁锂基础上升压至4.1V（较LFP的3.4V提升约20%），理论能量密度提升15%至20%，而原材料成本仅增加5%至10%，兼具磷酸铁锂的安全性与接近中镍三元的能量密度，被视为正极材料升级的重要方向。4. 容百科技：2026年有望实现LMFP纯用方案上车量产容百科技磷酸锰铁锂业务2025年迎来爆发式增长，产品已在BEV、PHEV、商用车纯用、电动工具、3C数码、高端电摩等领域全面实现量产突破。多家EV客户的纯用方案验证进展超预期，公司预计2026年有望实现磷酸锰铁锂纯用方案上车、小批量供应——届时LMFP将不再局限于与三元掺混路线，而是作为主材独立承担电芯性能，为整车厂提供更高能量密度、更低成本的全新选择。5. 当升科技：五代磷酸（锰）铁锂预计2026下半年量产当升科技在机构调研中表示，公司磷酸（锰）铁锂业务出货量大幅提升，已成为营收重要来源；主力产品为三代与四代，四代占比稳步提升，正加快五代产品开发与导入，预计2026年下半年进入量产。公司五代产品采用一次烧结极简工艺，在保持优异性能的同时大幅降低生产成本，已于2025年三季度实现稳定盈利。6. 珩创纳米13万吨LMFP银川基地开工，海外突破频出宁夏珩创纳米科技有限公司年产13万吨磷酸锰铁锂正极材料生产基地项目落地银川经开区，总投资48亿元，分两期推进（一期规划2.5万吨）。海外方面，英国初创公司Integrals Power宣布LMFP开发取得突破，锰含量达80%、比容量150mAh/g、工作电压4.1V；时代瑞象（甘肃大象能源持股60%、白银有色持股40%）10万吨LMFP项目一期2万吨已全面投产，1C克容量达152mAh/g、电压平台4.1V、循环≥3000次，通过原子级锰铁均匀分布、纳米化碳包覆与掺杂工艺解决导电性与锰溶出难题。三、开工/投产/融资动态开工动态珩创纳米13万吨LMFP基地落地银川（总投资48亿）；致良新材料年产3万吨磷酸锰铁锂项目预计年底试生产；山西优安5万吨四代高压实LFP大同开工（约2.5亿）；龙蟠科技24万吨高压实LFP金坛基地启动（≤20亿）。多地项目集中开工，高压密与LMFP产能建设明显提速。投产动态时代瑞象LMFP一期2万吨产线全面投产；龙蟠科技金坛一期12万吨高压实LFP计划2026年三季度竣工投产；德方纳米、富临精工、协鑫锂电高压实密度新品陆续放量供货。融资动态机构预计2030年全球LMFP材料需求将超过30万吨、市场规模突破180亿元，资本密集下注高压密与LMFP赛道。容百科技、当升科技、龙蟠科技、天赐材料等通过定增与项目投资持续扩充高端产能；湖南裕能凭借高压实铁锂获得高于普通产品单价、保持长期盈利，行业价值向高压密产品集中。四、技术前沿LMFP核心科学挑战与改性方向LMFP商业化的核心瓶颈在于：Mn³⁺易引发Jahn-Teller畸变导致容量衰减、材料本征电子电导率低、Mn溶出加剧界面恶化。近期产业界与学术界围绕""体相掺杂+表面包覆""协同改性持续突破——通过高价金属离子（如Mo⁶⁺）掺杂优化局部配位、抑制畸变，结合均匀Al₂O₃或碳包覆稳定界面、促进离子传输。原子级锰铁均匀分布与纳米化碳包覆已成为头部企业提升1C容量（150-152mAh/g）与长循环（≥3000次）的关键工艺路径。该方向基于领域知识整理，具体论文成果请以各机构正式发表为准。五、展望2026年下半年，磷酸铁锂技术迭代进入""高压密+高锰含量""双轮驱动阶段：第五代超能铁锂以压实密度重划性能边界，LMFP以4.1V高压平台与纯用方案打开能量密度天花板。两者共同指向同一目标——在保持铁锂安全与成本优势的前提下，逼近中镍三元性能。随着龙头量产计划密集落地、材料端产能军备竞赛升温，高压式磷酸铁锂与磷酸锰铁锂有望在2027年前后成为动力电池与储能的主力正极路线。今日锂电将持续跟踪，敬请关注。注：本期内容基于行业公开信息与领域知识综合整理分析，如有疏漏请批评指正，侵权请联系删除。会议推荐重磅会议两会并行分会场60+大咖报告嘉宾800+参会人员聚焦固态电解质/硅碳/磷酸（锰）铁锂/锰系材料 第二届固态电池新技术应用与材料制备验证技术会议 同期举办：第四届锰系与磷酸铁锂技术应用研讨会 赞助展台预订中...演讲报告开放预约中...往期推荐圆满结束！！！第三届锰系新能源与高压实磷酸铁锂技术大会会议总结！2026固态电池新技术应用大会暨固态电池材料制备与验证研讨会圆满结束！！！第二届锰系新能源正极材料技术大会会议总结。聚焦锰系与磷酸铁锂材料前沿技术，共探行业新趋势（1）南昌会议总结。聚焦锰系与磷酸铁锂材料前沿技术，共探行业新趋势（2）第五代\x26quot;超能铁锂\x26quot;以高压实密度重新定义性能边界，磷酸锰铁锂（LMFP）则从掺混路线加速走向纯用主材。本期今日锂电聚焦磷酸锰铁锂与高压式磷酸铁锂两大方向，梳理产业化最新进展。",,,,pending
最新演讲嘉宾：夏晖 教授 南京理工大学 报告主题：全固态薄膜锂电池关键材料设计和界面调控,今日锂电,今日锂电,"RIOnews API, 新材料, 电池材料, 复合材料, 碳, 隔膜, 复合集流体, 聚合物, 高比能, 锂金属, 富锂锰, 硅, 前沿表征, 原位, 固态电池, 固态电解质, 钠离子电池, 钠电, 合作进展, 投资, 合作, 学术研究, 大学, 教授, 科学院, 研究所, 技术进展, 技术突破, 制备工艺, 界面优化, 前沿技术",normal,2026-08-13T09:49:55+08:00,,"重磅会议两会并行分会场60+大咖报告嘉宾800+参会人员聚焦固态电解质/硅碳/磷酸（锰）铁锂/锰系材料 第二届固态电池新技术应用与材料制备验证技术会议 同期举办：第四届锰系与磷酸铁锂技术应用研讨会 赞助展台预订中...演讲报告开放预约中...2026固态电池新技术应用与材料制备验证技术会议，同期同址举办：第四届锰系与磷酸铁锂技术应用研讨会，定于2026年9月16-17日在杭州召开，本次会议有幸邀请到南京理工大学教授夏晖老师 ，他的报告主题为《全固态薄膜锂电池关键材料设计和界面调控》，欢迎参会交流。PART 报告摘要TECHNOLOGY在即将到来的物联网（IoT, Internet of thi",http://mp.weixin.qq.com/s?__biz=MzkyNzc0MDc0MA==&mid=2247518882&idx=1&sn=4d78482bafaf81b745fb4d68af14ac96,,"重磅会议两会并行分会场60+大咖报告嘉宾800+参会人员聚焦固态电解质/硅碳/磷酸（锰）铁锂/锰系材料 第二届固态电池新技术应用与材料制备验证技术会议 同期举办：第四届锰系与磷酸铁锂技术应用研讨会 赞助展台预订中...演讲报告开放预约中...2026固态电池新技术应用与材料制备验证技术会议，同期同址举办：第四届锰系与磷酸铁锂技术应用研讨会，定于2026年9月16-17日在杭州召开，本次会议有幸邀请到南京理工大学教授夏晖老师 ，他的报告主题为《全固态薄膜锂电池关键材料设计和界面调控》，欢迎参会交流。PART 报告摘要TECHNOLOGY在即将到来的物联网（IoT, Internet of thi","重磅会议两会并行分会场60+大咖报告嘉宾800+参会人员聚焦固态电解质/硅碳/磷酸（锰）铁锂/锰系材料 第二届固态电池新技术应用与材料制备验证技术会议 同期举办：第四届锰系与磷酸铁锂技术应用研讨会 赞助展台预订中...演讲报告开放预约中...2026固态电池新技术应用与材料制备验证技术会议，同期同址举办：第四届锰系与磷酸铁锂技术应用研讨会，定于2026年9月16-17日在杭州召开，本次会议有幸邀请到南京理工大学教授夏晖老师 ，他的报告主题为《全固态薄膜锂电池关键材料设计和界面调控》，欢迎参会交流。PART 报告摘要TECHNOLOGY在即将到来的物联网（IoT, Internet of things）时代，微型化的电子设备(如微型传感器、微机电系统)将与互联网无线连接，实现信息的交互与传输，迫切需要与微型电子器件相匹配的微型电源。全固态薄膜微型锂离子电池（TFB）采用真空镀膜法制备得到，具有尺寸小、可集成、寿命长等优点，被认为是微电子器件的理想电源。然而，传统的LiCoO2薄膜需要高温退火，难以实现薄膜电池在半导体电路上的原位集成，亟需开发新型可低温沉积的正极薄膜。LiPON固态电解质与电极界面的稳定性和电荷传输是决定电池性能的关键，亟需进一步的研究与调控来提升电池性能。本报告介绍了课题组近期在低温制备异质结构薄膜正极以及电解质/电极界面衍化和改性相关的研究进展，为开发高性能全固态薄膜锂离子电池提供借鉴。第二届固态电池新技术应用与材料制备验证技术会议同期举办：第四届锰系与磷酸铁锂技术应用研讨会PART 01会议组织TECHNOLOGY主办单位：今日锂电/今日钠电承办单位：北京京昇文化传播有限公司 会议时间：2026年9月16-17日（15日签到）会议地点：中国·杭州总冠名/联合主办/招募中···协办单位：/招募中···支持单位：/招募中···新能源前沿新能源在线锂电PLUS展台赞助：/招募中···PART 02会议内容TECHNOLOGY中国《新能源汽车产业发展规划》明确支持固态电池研发，2025年全球固态电池市场规模预计突破百亿元，固态电池已成为公认的下一代电池，在过去的一年里，固态电池新技术与产业化进程以比预计中的更快的速度发展，然而固态电池还存在关键技术突破和产业化制备成本问题。在固态电池商用还不可极的当下，仍还是磷酸铁锂的天下，作为磷酸铁锂最重要的技术迭代与升级方向，高压实磷酸铁锂与磷酸锰铁锂技术将是现在的重点发展方向，并且和富锂锰基、高电压镍锰酸锂、高镍三元材料形成竞争未来适配固态电池正极材料的格局，而富锂锰基材料理论能量密度超1000Wh/kg，成本较高镍三元材料（价格高、技术成熟度高、安全性存疑）低25%-40%，被认为是固态电池最佳适配正极材料，高电压镍锰酸锂工作电压高达5V，比能650Wh/kg，更适合固态电池高电压体系，未来谁来主导，还要看技术成熟度。2026固态电池新技术应用与材料制备验证技术会议，同期同址举办：第四届锰系与磷酸铁锂技术应用研讨会，定于2026年9月16-17日在杭州召开，旨在进一步加快固态电池、锰系与磷酸铁锂方面新技术创新应用，破解技术与产业化制备难题，评选表彰近年来在固态电池、锰系与磷酸铁锂行业做出突出成绩的优秀科研人员和企业，特邀请参与本次会议，共同交流探讨固态电池与锰系与磷酸铁锂的行业发展新思路。会议内容：固态电池分会场固态电池技术与产业发展新进展高能量固态电池在eVTOL与人型机器人中的应用固态电池（半）应用高速电摩前景探讨固态技术（半）在手机与3C产品中的应用固态电池（半）在动力和储能电池的应用探讨固态电池智能制备设计发展固态电池关键材料的开发与应用全固态钠电技术研发与进展干法电极工艺在固态电池中的应用硫/氧/卤/聚合物等全固态电池电解质材料产业化进展固态电解质理论配方设计与实验验证多技术表征平台在固态电池材料研究中的应用固态电解质界面优化设计固态电解质纳米化技术研究与制备方法全固态电池硅基负极的开发硅碳负极材料的创新研发及其在固态电池内的应用球型多孔炭在CVD硅碳负极材料中的应用锂金属负极技术新进展固态电池正极的结构设计与材料选择高镍/富锂锰基正极材料在固态电池体系中的应用石墨烯/碳纳米管新型碳材料在固态电池体系中的技术发展新型隔膜技术在固态（半）电池中的应用固态用复合集流体技术研发新进展AI技术在材料研发中的应用等静压技术在全固态电池制备中的应用湿法/干法/气流研磨技术在固态材料中的应用干法电极智能装备开发与应用新一代窑炉技术在电池材料制造中的应用蒸镀技术在固态电池制备中的优点钠米级制备技术与装备新应用锰系与磷酸铁锂分会场全球锂资源市场发展变化电池级硫（碳）酸锰/二氧化锰/四氧化三锰市场前景变化锰系前驱体研究与制备技术高锰新能源材料的挑战与前景磷酸锰铁锂在汽车与二轮车上的应用研究适配固态电池用磷酸锰铁锂材料最新技术进展富锂锰基正极材料纳米包覆、梯度掺杂等工艺介绍富锂锰基正极材料制备及改性研究新一代高电压镍锰酸锂材料技术与应用锰基钠电正极材料技术与成本分析高性能磷酸铁制备工艺革新高压实磷酸铁锂磷酸铁法和草酸亚铁法工艺路线发展低成本高压实磷酸铁锂产业化生产技术换代与装备创新适配固态电池用高压实磷酸铁锂技术优化高压实磷酸铁锂高温烧结杂质控制颗粒级配优化工艺对磷酸铁锂压实密度及电性能的提升纳米磷酸铁锂技术与制备一次烧结成型高压实磷酸铁锂工艺要点介绍高压实磷酸铁锂材料的预锂化方法关键电池材料回收再利用技术注：以最终会议日程报告为准演讲报告申请：王老师:*********** 邮 箱:46090424@qq.comPART 03会议特色TECHNOLOGY01会议形式20+5（每位专家20分钟报告+5分钟互动问答交流）交流方式，增加会议互动性；60+行业大咖，800+上下游企业从业者共聚一堂；诚邀高校/科研院所与产业技术从业者观点碰撞与交流，聚焦行业热点，解读技术与产业发展。02会议特色现场展台产品展示，“会+展”助力产业链上下游技术与市场对接，搭建立体化高效交流平台；1.5 天论坛，涉及固态与锰系铁锂行业装备、技术、材料、检测仪器设备等，全方位展示最新前沿技术研究与进展，深入探讨未来回收发展方向。03会议特色同期举办2026“NWEi-先锋奖”颁奖典礼，评选与发布“NEWi-先锋奖”新能源行业杰出科学家、新能源行业企业创新奖、行业优秀供应商”(联系主办方索取评选申请表)。04赞助方案1.本次会议设置总冠名、联合主办、协办单位、赞助单位、支持单位、手提袋、胸卡挂绳、椅背广告、酒水赞助、会议视频广告（会议室大屏播放）晚宴礼品、笔本赞助、茶歇赞助等会议赞助类别（详细赞助方案请联系主办方）。2、参展每个展位费用：12000元，包括2人的午餐、晚宴费用，展台费用，两份资料费用等。3、展位实际尺寸2米宽×3米高（设计尺寸2米宽×2.3米高）PART 04报名缴费TECHNOLOGY1.参会费用：A、限时600元/人（含餐），B、全免费（不含餐），转发会议信息至朋友圈，集28个赞，获得免费名额（限主机、电池电芯等下游单位）。2.参会注册费含会议资料、茶点、2次午餐、1场交流晚宴、参会材料等费用；3.会议统一安排食宿，住宿费自理；4.发票内容为“会议费”，开具增值税普通发票，不开增值税专用发票；注：所有人员凭参会证入场！提前报名缴费！汇款信息账 户：北京京昇文化传播有限公司账 号：040 4090 1030 0000 3837开户行：北京农村商业银行股份有限公司四季青支行行 号 ：402100000260 付款请注明：杭州会议+姓名，并将付款凭证保留，便于报到时查验。缴费成功后，请保持手机畅通，会务组会尽快与您联系，感谢您的支持！开票信息发送：46090424@qq.com参会、参展、宣传及赞助事宜： 王老师 188 1048 8288（同微） 张老师 182 3806 7581（同微） 袁老师 192 9355 9185（同微） 郭老师 192 8668 2548（同微） 李老师 138 1196 8226（同微）扫码加入固态/正极材料群进群备注：公司名称/姓名/职务主动发名片一张请识别二维码或添加***********欢迎同仁进群交流！PART 05往届会议/企业名单（部分）TECHNOLOGY由今日锂电、苏银产业园联合主办、清陶云能、尚金干燥协办的2026（常州）固态电池新技术应用大会暨固态电池材料制备与验证研讨会在常州富都洲际酒店顺利举办，来自全国各地300余位专家、企业代表参与了本次大会。由今日锂电主办的锰系与铁锂正极材料技术论坛，已连续成功举办三届，共计2000余人次参会嘉宾出席，已成为国内正极材料行业具较高影响力会议。近800家往届参会企业名单1.公司名称2.HT3.OCBC4.一玖东朔新材料科技(上海)有限公司6.万华化学集团股份有限公司8.万向一二三股份公司9.三星SDI10.三碳(安徽)科技研究院11.三维汉界机器（山东）股份有限公司13.三门峡莹鑫矿业有限公司14.上海上州阀门制造有限公司15.上海东浒科技有限公司16.上海东证期货有限公司17.上海中如智慧能源集团有限公司18.上海中锂实业有限公司19.上海交通大学20.锂禾(苏州)科技有限公司21.上海八桂资产管理有限公司22.上海加力气体有限公司23.上海华谊新材料化工销售有限公司25.上海国投26.上海大学27.上海天元国际贸易集团有限公司28.上海天臣微纳米科技有限公司29.上海奥克化学有限公司30.上海娑娜智能科技有限公司31.上海宇昂水性新材料科技股份有限公司32.上海宝弘资产管理有限公司33.上海容锂新材料科技有限公司34.上海市工业合作协会35.上海德卡实验室系统科技有限公司36.上海志聚贸易有限公司37.上海是程国际贸易有限公司38.上海昱瓴/安徽昱瓴科技有限公司39.上海昶法新材料有限公司40.上海楚赛41.上海毅速激光科技有限公司42.上海汇平新能源有限公司43.上海泰熊磁业有限公司44.上海瀚能时代新材45.上海瀚能时代新材料有限公司46.上海电力大学47.上海电力大学/欧赛新能源48.上海秀美模型有限公司49.上海经纬优品筛网有限公司50.上海耀狮能源科技有限公司51.上海艾枫机电设备有限公司52.上海荷迪思湿度控制设备有限公司53.上海辉锂化工有限公司54.上海锂凰科技有限公司55.上海锐驰新能源技术有限公司56.上海雅程仪器设备有限公司57.世标检测科技(天津)有限公司58.东北大学59.东南大学60.东方希望集团61.东莞东阳光科研发有限公司62.东莞市亿富机械科技有限公司63.东莞市华仕威水处理器材有限公司64.东莞市松储纳米科技有限公司65.东莞市润能机械有限66.东莞市满电新能源科技有限公司67.东莞市琅菱机械有限公司68.东莞市磨匠设备有限公司69.东莞市科路得新能源科技有限公司70.东莞瀚宇新能源材料科技有限公司71.东莞瑞泰新材料科技有限公司73.中伟新材料股份有限公司74.中俄新能源材料技术研究院75.中信金属股份有限公司76.中再生徐州资源再生开发有限公司77.中创新航78.中化国际79.中化蓝天氟材料有限公司80.中南大学81.中国人民财产保险股份有限公司四川省分公司82.中国人民财产保险股份有限公司成都市分公司83.中国科学院上海应用物理研究所84.中国科学院上海微系统与信息技术研究所85.中国科学院宁波材料所86.中国科学院山西煤炭化学研究所87.中国科学院过程工程研究所88.中天储能科技有限公司89.中山大学91.中机国际工程设计研究院有限责任公司92.中溢集团（吉林）新能源科技有限公司93.中电四公司94.中科院上海微系统所95.中科院兰州化学物理研究所96.中科院深圳先进技术研究院97.中科院物理所/中科固能98.中科院过程工程研究所/山东懋华新能源99.中粮营养健康研究院100.中船派瑞特气101.中蓝长化工程科技有限公司102.中豫飞马新材料技术创新中心（郑州）有限公司103.中财集团104.中钢天源股份有限公司105.中钢集团南京新材料研究院有限公司106.中钢集团马鞍山矿院新材料科技有限公司107.中锂科（苏州）新能源科技有限公司109.丰晖（山东）环保科技有限公司110.乐友新能源材料（无锡）有限公司111.二连浩特凯创资源有限公司112.云南云天化股份有限公司研究院113.云南本晟新材料有限公司114.云天化研究院115.互动派116.五矿新能117.五矿期货有限公司118.亿昇（杭州）磁悬浮技术有限公司119.佛山市德方纳米科技有限公司120.佛山泰姆斯新材料科技有限公司121.佛山热安科技发展有限公司122.信发集团有限公司123.兰州理工大学124.兴发集团125.兴星电子新材料（无锡）有限公司126.内蒙中合新材料有限公司127.内蒙古神东能源集团有限公司128.凯鑫管道科技有限公司129.利信(江苏)能源科技有限责任公司130.北京丝路惠商新能源产业发展有限公司131.北京中科埃米科技有限公司132.北京创能惠通科技有限公司133.北京化工大学134.北京和璟管理咨询有限公司135.北京市兰台（苏州）律师事务所136.北京市隆安（苏州）律师事务所137.北京师范大学139.北京涂多多电子商务股份有限公司140.北京理工大学141.北京英博电气股份有限公司142.北大纵横咨询集团143.北票新正粉末冶金有限公司144.华为技术有限公司145.华创证券有限责任公司146.华友钴业147.华鼎国联四川动力电池有限公司148.南京元辰新能源科技有限公司149.南京奥特集团150.南京工业大学151.南京索特烘箱制造有限公司152.南京金利检验有限公司153.南华期货154.南方泵业股份有限公司155.南方科技大学156.南方锰业集团有限责任公司157.南昌大学158.南渝伦华159.南通市悦华新材料科技有限公司160.南通瑞翔新材料有限公司161.南通金通储能动力新材料有限公司162.博创宏远新材料163.厦门势拓伺服科技股份有限公司164.厦门厦钨新能源材料股份有限公司165.厦门宝盈新电子有限公司166.厦门市集美区金桥汇贸易商行167.厦门建发高科有限公司168.厦门新能安169.厦门益材储能科技有限公司170.双安资产171.双登股份172.台湾立凯电能科技股份有限公司173.合肥中科阻燃新材料有限公司174.合肥原位科技有限公司175.合肥国轩电池材料有限公司176.吉利创新中心/浙江绿色智行科创有限公司177.吉旺科技（山东）有限公司178.吉林华兴新材料科技有限公司179.吉首长潭泵业有限公司180.咸阳华友新能源窑炉设备有限公司181.咸阳科源新材装备有限公司182.哈尔滨奥科诺183.唐山亨坤新能源材料有限公司184.四川乐盛荣新材料科技有限公司185.四川什邡市产业促进服务中心186.四川优源新能源有限公司187.四川兴晶茂科技有限公司188.四川利合达环保科技有限公司189.四川协鑫锂电有限公司190.四川协鑫锂电科技有限公司191.四川唐古拉颗粒机械有限公司192.四川大学193.四川宇能锂工新材料科技有限公司194.四川建彤新材料有限责任公司195.四川弘业环保科技有限公司196.四川普特威新材料科技有限公司197.四川望昌干燥设备有限公司198.四川汇能中哲新材料有限公司199.四川珠峰飞越科技有限公司200.四川省乐山锐丰冶金有限公司201.四川省青川县人民政府202.四川研宝科技203.四川科鸿阳科技有限公司204.四川立拓环境科技有限公司205.四川绵竹市盘龙矿物质有限责任公司206.四川艾诺基新材料科技有限公司207.四川虹屹科技有限公司208.四川蜀力芯新能源有限公司209.四川蜀能矿产有限责任公司210.四川赛恩思仪器有限公司211.四川迈昆新材料有限公司212.四川金汇能新材料股份有限公司213.四川金裕来化工有限公司214.四川锂古新能源科技有限公司215.四川锦恒丰菱新材料有限责任公司216.四川长虹智能制造技术有限公司217.四川雅化实业集团股份有限公司218.四川鸿鹏新材料有限公司219.因湃电池科技有限公司220.国轩高科221.国轩高科有限公司222.国钠能源科技（河北）有限公司223.圣戈班224.埃索凯科技股份有限公司225.基迈克材料科技（苏州）有限公司226.复旦大学227.多氟多新材料股份有限公司228.大金氟化工中国有限公司229.大金氟化工中国有限公司上海分公司230.天俱时工程科技集团有限公司231.天普新能源232.天津国安盟固利新材料科技股份有限公司233.天津复力新能源科技有限公司234.天津大学235.博创宏远新材料236.天津常兴新能源科技有限公司237.天津爱沃新能源材料有限公司238.天津蔚然国际贸易有限公司239.天津赛德美新能源科技有限公司240.天能集团241.天齐锂业新能源技术研究（眉山）有限公司242.奥冠集团243.威力工业网络股份有限公司244.宁夏威格瑞斯电力有限公司245.宁夏汉尧富锂科技有限责任公司247.宁德时代新能源科技有限公司248.宁德时代（贵州）新能源材料有限公司249.宁波东烽新材料有限公司250.宁波容百新能源科技股份有限公司251.安徽中科新能智能有限公司252.安徽中钠时代能源科技有限公司253.安徽五湖滤材有限公司254.安徽利科新材料科技有限公司255.安徽利维能动力电池有限公司256.安徽博石高科新材料股份有限公司257.安徽天磁新能源科技有限公司258.安徽天科泰新能源有限公司259.安徽天马机械科技有限公司260.安徽川江环保科技有限公司261.安徽新锰都科技有限公司262.安徽格派新能源有限公司263.安徽海创新能源材料有限公司264.安徽神霄新能源科技有限公司265.安徽腾越科技266.安徽贝特滤材有限公司267.安徽麒锂特科技有限公司268.宏博苏气气体设备（苏州）有限公司269.宜兴市东山新型材料有限公司270.宜兴市东山新材料有限公司271.宜兴市宙斯泵业有限公司272.宜兴市彦氿科技有限公司273.宜兴市灵谷塑料设备有限公司274.宜兴摩根热陶瓷有限公司275.宜宾天原锂电材料有限公司276.宜宾天程锂电新材有限公司277.宜昌泽美新材料有限公司278.宜春学院279.宝山钢铁股份有限公司280.宣城市鸿海装备科技有限公司281.富士康科技集团282.尚水智能283.山东众惠启创新材料科技有限公司284.山东信业新材料科技有限公司285.山东天向新材料有限公司286.山东富德源环保设备有限公司287.山东广新达新材料科技有限公司288.山东庆云经济开发区289.山东恒磁科技有限公司290.山东惠源在湖新材料有限公司291.山东本源环境科技股份有限公司292.山东欧迈机械股份有限公司293.山东民生智慧供应链集团有限公司294.山东济宁德盛源新材料有限公司295.山东瑞福锂业有限公司296.山东盛太锆业资源有限公司297.山东科华重工科技有限公司298.山东精工电子科技股份有限公司299.山东纽克气源净化设备有限公司300.山东聚恒环保科技有限公司301.山东英吉新材料有限公司302.山东运丰耐火材料有限公司303.山东锦锂新材料科技有限公司304.山东鲁欣粉磁新材料科技有限公司305.山东鲁银新材料科技有限公司306.山西佰基科技有限公司307.山西昇嘉琪新材料有限公司308.巨安储能武汉科技有限责任公司309.巨盛能源（江苏）有限公司310.巴斯夫311.巴特瑞科技有限公司312.布琅轲锶特（上海）测量设备贸易有限公司313.帅福得电池314.常州伯端机电设备有限公司315.常州力一紧固技术有限公司316.常州千沐新能源317.常州千沐新能源有限公司318.常州尚金干燥319.常州市范群干燥设备有限公司320.常州市龙鑫智能装备股份有限公司321.常州江本自控设备有限公司322.常州菲优特净化设备有限公司323.常州锂源324.平顶山市普赛斯石墨有限公司325.广东东阳光科技控股股份有限公司326.广东中杰能化新材料科技有限公司327.广东中科谛听科技有限公司328.广东卡利特智能科技有限公司329.广东嘉拓自动化有限公司330.广东德源新材料有限公司331.广东恒誉机械科技有限公司332.广东杰成新能源材料科技有限公司333.广东沃泰环保有限公司。334.广东派勒智能纳米科技股份有限335.广东盘古信息科技股份有限公司336.广东省中科供应链管理股份有限公司337.广东省锐驰新能源科技有限公司338.广东维杰物料自动化系统有限公司339.广东邦普循环科技有限公司340.广东金域科技有限公司341.广东鹏锦智能装备股份有限公司342.广州井秀机电设备安装工程有限公司343.广州伊莲辉机械有限公司344.广州伊莲辉机械设备有限公司345.广州唯量工控技术有限公司346.广州嘉匠贸易有限公司347.广州天赐348.广州奥斯德科技有限公司349.广州市唯量工控技术有限公司350.广州市文洛龙贸易有限公司351.广州汇富研究院有限公司352.广州集泰化工股份有限公司355.广汽集团因湃电池科技有限公司356.广汽集团汽车工程研究院357.广电计量检测358.广西柳工机械股份有限公司359.广西泳沣科技有限公司360.广西禹鼎新材料科技有限公司361.广西立劲新材料有限公司362.广西胜东新能源科技有限公司363.广西自贸区量孚新能源科技有限公司364.广西锰华新能源365.广西锰华新能源科技发展有限公司366.广西靖西市一洲锰业有限公司367.庆云县经济开发区368.建发(成都)有限公司369.开沃新能源370.弘则研究371.弘正储能（上海）能源科技有限公司372.弘洺新能源科技（山东）有限公司373.张家港清研检测技术有限公司374.当升科技375.徐州高新区376.德国TUV莱茵378.德阳川发龙蟒新材料有限公司379.怀仁县金诚高岭土有限责任公司381.恒力恒新工贸382.恒力恒源383.恒力期货384.恒胜集团385.惠州TCL新材料科技有限公司386.惠州锂威新能源科技有限公司387.惠鹏达388.成立航空股份有限公司389.成都乾瑞矿山工程有限公司390.成都倍力干燥设备有限公司391.成都卜丁科技有限公司392.成都四维科技有限公司393.成都固铁科技有限公司394.成都复旦复达科技有限公司395.成都大学396.成都宏智仓储有限公司397.成都工业学院398.成都巴莫科技有限责任公司399.成都市博涛智能装备制造有限公司400.成都新得利电子有限公司401.成都昆仑白泽化学试剂有限公司402.成都智楷分离科技有限公司403.成都清源尚和环保科技有限公司404.成都潮川化工有限公司405.成都理工大学406.成都索朗化工有限公司407.成都融捷锂业408.成都雨云科技有限公司409.抚顺东科精细化工有限公司410.抚顺市秀霖化工有限公司411.抚顺怡文节能环保设备有限公司412.振华新材413.斯瑞尔环境科技股份有限公司414.新乡市双虎振动设备有限公司415.新乡市弘力电源科技有限公司416.新乡市迈朗机械设备有限公司417.新乡市锐成机械设备有限公司418.新亚杉杉新材料科技衢州有限公司419.新恒凯能源科技股份有限公司420.新疆师范大学421.新疆有色金属研究所有限公司422.新疆能源423.施耐德电气424.无名资本425.无锡灵鸽机械科技股份有限公司426.无锡艾比德泵业有限公司427.无锡高端新能源有限公司428.日照卓盛新材料有限公司429.旭川化学430.昆山美宝环保设备有限公司431.昆明理工大学432.明水环境433.星恒电源股份有限公司434.星辉同程（北京）科技有限责任公司435.有研新能源材料（江西）有限公司436.朝阳博晟冶金科技有限公司437.朝阳金河创业投资有限公司438.杜肯集团439.杭州天跃气体设备制造有限公司440.杭州成功超声设备有限公司441.杭州捷瑞智能装备股份有限公司442.松下电器443.松桃三和锰业集团有限责任公司444.株洲辰悦智能装",,,,pending
2026钙钛矿与太空光伏技术、设备和材料论坛将于10月27-28日在常州召开,钙钛矿光伏,钙钛矿光伏,"RIOnews API, 钙钛矿, 全钙钛矿叠层, 柔性钙钛矿, 技术进展, 工艺优化, 量产工艺, 制备工艺",normal,2026-08-13T09:49:35+08:00,,● 由亚化咨询主办的2026钙钛矿与太空光伏技术、设备和材料论坛将于10月27-28日在常州召开钙钛矿和叠层电池有望成为下一代主流光伏发电技术，并将在太空光伏占据重要地位。钙钛矿单结电池以半透明、可柔性化、可室内发电等优势，在BIPV、消费电子、可穿戴设备、新能源汽车等领域有广阔的应用前景。钙钛矿与异质结、TOPCon或XBC组成叠层电池则有望在户用光伏、工商业光伏和集中式发电场景占据优势。太空光伏为P型HJT、钙钛矿和叠层电池带来了新的市场。传统卫星上用的砷化镓电池成本高昂，且原料和产能受限，无法满足商业航天快速增长的需求。超薄P型HJT电池与柔性太阳翼高度适配，且轻量化和抗辐照性能优越。P,http://mp.weixin.qq.com/s?__biz=MzkyNTYzNjI1NQ==&mid=2247495427&idx=4&sn=75df9d4eaf742d418fa063e51395713b,,● 由亚化咨询主办的2026钙钛矿与太空光伏技术、设备和材料论坛将于10月27-28日在常州召开钙钛矿和叠层电池有望成为下一代主流光伏发电技术，并将在太空光伏占据重要地位。钙钛矿单结电池以半透明、可柔性化、可室内发电等优势，在BIPV、消费电子、可穿戴设备、新能源汽车等领域有广阔的应用前景。钙钛矿与异质结、TOPCon或XBC组成叠层电池则有望在户用光伏、工商业光伏和集中式发电场景占据优势。太空光伏为P型HJT、钙钛矿和叠层电池带来了新的市场。传统卫星上用的砷化镓电池成本高昂，且原料和产能受限，无法满足商业航天快速增长的需求。超薄P型HJT电池与柔性太阳翼高度适配，且轻量化和抗辐照性能优越。P,● 由亚化咨询主办的2026钙钛矿与太空光伏技术、设备和材料论坛将于10月27-28日在常州召开钙钛矿和叠层电池有望成为下一代主流光伏发电技术，并将在太空光伏占据重要地位。钙钛矿单结电池以半透明、可柔性化、可室内发电等优势，在BIPV、消费电子、可穿戴设备、新能源汽车等领域有广阔的应用前景。钙钛矿与异质结、TOPCon或XBC组成叠层电池则有望在户用光伏、工商业光伏和集中式发电场景占据优势。太空光伏为P型HJT、钙钛矿和叠层电池带来了新的市场。传统卫星上用的砷化镓电池成本高昂，且原料和产能受限，无法满足商业航天快速增长的需求。超薄P型HJT电池与柔性太阳翼高度适配，且轻量化和抗辐照性能优越。P型HJT-钙钛矿叠层电池可实现30%以上的效率，而成本远低于同等效率的砷化镓电池，有望成为太空电源系统的重要组成部分。在全球和中国企业与科研机构的共同努力下，钙钛矿电池在效率、成本、良率、稳定性和大规模量产方面持续进步。2026年5月，仁烁光能宣布商用尺寸单结钙钛矿组件（7200cm²）全面积稳态效率达19.3%。2026年6月，极电光能与中建四局签约单体最大的钙钛矿组件项目。同月，纤纳光电宣布钙钛矿小组件以19.48cm²全面积稳态效率23.9%继续保持世界纪录。钙钛矿领军企业和晶硅光伏巨头都积极投入钙钛矿叠层电池和太空光伏应用技术研发。2026年3月，隆基绿能超薄柔性叠层电池（约60微米）在实验室尺寸上效率达33.4%；在全硅片尺寸上效率达29.8%。2026年4月，晶科宣布两端单片钙钛矿/TOPCon叠层电池效率达32.76%。2026年6月，协鑫光电2042cm²大面积钙钛矿-晶硅叠层组件认证效率达到30.23%。同期，协鑫光电与紫微科技签约，围绕钙钛矿电池片在轨性能测试展开深度合作。钙钛矿叠层电池比单结钙钛矿电池更具技术挑战。四端叠层电池技术兼容性好、制备难度较低，但结构复杂、成本高。两端叠层电池结构紧凑、成本相对低、光学损耗更小，但工艺难度较大。而太空应用的P型HJT-钙钛矿叠层电池则需要在紫外辐照、粒子辐照及高低温交变等极端条件下实现长周期稳定运行。2026年5月，神舟二十三号载人飞船成功发射，本次任务包括两类钙钛矿太阳能电池材料和器件在中国空间站的动态服役实验。2026钙钛矿与太空光伏技术、设备和材料论坛将于10月27-28日在常州召开。会议将探讨HJT、钙钛矿和叠层电池在太空光伏的市场机遇，大面积工业化钙钛矿与叠层电池材料体系、结构设计、制造工艺、核心设备、良率、转换效率与成本，钙钛矿与叠层电池在BIPV、消费电子、新能源汽车、光伏电站的应用方案，太空光伏硬质可折叠太阳翼与柔性可卷绕太阳翼，太空光伏HJT-钙钛矿叠层太阳翼制备工艺、测试认证、抗辐射性和长期稳定性，砷化镓、碲化镉、HJT-钙钛矿叠层太空光伏竞争格局展望等。会议主题1. 光伏行业展望与钙钛矿和叠层电池市场分析2. HJT、钙钛矿和叠层电池在太空光伏的市场机遇3. 钙钛矿电池分布式电站与大型地面电站运行情况总结4. 钙钛矿产能展望和技术、设备与材料市场机遇5. 钙钛矿溶液涂布和干燥结晶的技术挑战与工艺优化6. 钙钛矿溶液喷墨打印技术与先进设备7. 钙钛矿电池HTL和ETL薄膜制备方案与关键设备8. 激光技术在钙钛矿电池生产中的应用9. 钙钛矿导电玻璃技术路线和供应展望10. 钙钛矿电池材料体系、界面钝化与结构调控11. 铂族金属在钙钛矿电池的应用优势与价值分析12. 钙钛矿电池的长期稳定性研究13. 全钙钛矿叠层电池竞争力分析与效率展望14. 两端叠层电池技术研发挑战与解决思路15. 平米级四端叠层组件结构设计与制造工艺16. 钙钛矿-BC三端叠层电池的优势与挑战17. 服务于晶硅-钙钛矿叠层电池的超低温固化银浆18. 服务于钙钛矿叠层组件的封装技术与封装材料19. 钙钛矿与叠层电池测试标准和测试技术20. 柔性钙钛矿太阳能电池技术研发与量产工艺21. 柔性钙钛矿电池在消费电子和可穿戴设备的应用实践22. 钙钛矿与叠层电池在BIPV与新能源汽车的市场潜力23. 低轨太空光伏的挑战：紫外辐照、粒子辐照、原子氧腐蚀及高低温交变24. 太空光伏技术路线：硬质可折叠太阳翼与柔性可卷绕太阳翼25. 40-50μm级超薄硅片与P型HJT电池的批量制造26. 太空光伏P型HJT电池抗辐射性能与轻量化潜力27. 太空光伏P型HJT-钙钛矿叠层电池制备工艺与抗辐射性和长期稳定性28. 太空光伏电池阵及电源系统集成与测试验证29. 高性能全钙钛矿叠层太阳翼优势分析30. 砷化镓、碲化镉、HJT-钙钛矿叠层太空光伏竞争格局展望参会报名优惠票：9月24日前，2200元/位正常票：10月27日前，3200元/位赞助方案项目项目内容主题演讲25分钟主题演讲参会名额微信推送“光伏前沿”微信公众号，企业介绍以及相关软文会刊广告研讨会会刊，彩色全页广告（尺寸A4）资料入袋赞助企业的宣传册放入会议包袋现场展台现场展示台，展示样品、资料，含两个参会名额现场易拉宝现场1个易拉宝展示礼品赞助印有赞助商logo的礼品赠送参会听众茶歇赞助冠名和赞助会议期间的茶歇晚宴赞助冠名和赞助会议的招待晚宴Logo展示背景墙 logo，会刊封面logo联系我们微信/电话｜*********** （朱经理）邮箱｜ritazhu@chemweekly.com往届回顾：第八届钙钛矿、叠层与太空光伏技术论坛2026成功召开第七届钙钛矿、异质结与叠层电池论坛首日成功召开第六届钙钛矿、异质结与叠层电池论坛圆满结束第五届钙钛矿、异质结与叠层电池论坛圆满落幕第四届钙钛矿与叠层电池技术论坛2022成功召开！第三届钙钛矿技术、设备和材料论坛2024成功召开 钙钛矿技术、设备和材料论坛2023成功召开！2026钙钛矿与太空光伏技术、设备和材料论坛将于10月27-28日在常州召开,,,,pending
南京大学联合仁烁光能突破钙钛矿产业化关键技术瓶颈,钙钛矿光伏,钙钛矿光伏,"RIOnews API, 钙钛矿, 全钙钛矿叠层, 柔性钙钛矿, 学术研究, 大学, 教授, 期刊, 技术进展, 工艺优化, 量产工艺, 制备工艺",normal,2026-08-13T09:49:35+08:00,,2026钙钛矿与太空光伏技术、设备和材料论坛将于10月27-28日在常州召开。会议将探讨HJT、钙钛矿和叠层电池在太空光伏的市场机遇，大面积工业化钙钛矿与叠层电池材料体系、结构设计、制造工艺、核心设备、良率、转换效率与成本，钙钛矿与叠层电池在BIPV、消费电子、新能源汽车、光伏电站的应用方案，太空光伏硬质可折叠太阳翼与柔性可卷绕太阳翼，太空光伏HJT-钙钛矿叠层太阳翼制备工艺、测试认证、抗辐射性和长期稳定性，砷化镓、碲化镉、HJT-钙钛矿叠层太空光伏竞争格局展望等。北京时间2026年8月12日，南京大学肖科助理教授、谭海仁教授课题组联合仁烁光能产业化团队，在国际顶级学术期刊《Nature》上在,http://mp.weixin.qq.com/s?__biz=MzkyNTYzNjI1NQ==&mid=2247495427&idx=2&sn=d07322a70eb879813a04cf208df03e25,,2026钙钛矿与太空光伏技术、设备和材料论坛将于10月27-28日在常州召开。会议将探讨HJT、钙钛矿和叠层电池在太空光伏的市场机遇，大面积工业化钙钛矿与叠层电池材料体系、结构设计、制造工艺、核心设备、良率、转换效率与成本，钙钛矿与叠层电池在BIPV、消费电子、新能源汽车、光伏电站的应用方案，太空光伏硬质可折叠太阳翼与柔性可卷绕太阳翼，太空光伏HJT-钙钛矿叠层太阳翼制备工艺、测试认证、抗辐射性和长期稳定性，砷化镓、碲化镉、HJT-钙钛矿叠层太空光伏竞争格局展望等。北京时间2026年8月12日，南京大学肖科助理教授、谭海仁教授课题组联合仁烁光能产业化团队，在国际顶级学术期刊《Nature》上在,"2026钙钛矿与太空光伏技术、设备和材料论坛将于10月27-28日在常州召开。会议将探讨HJT、钙钛矿和叠层电池在太空光伏的市场机遇，大面积工业化钙钛矿与叠层电池材料体系、结构设计、制造工艺、核心设备、良率、转换效率与成本，钙钛矿与叠层电池在BIPV、消费电子、新能源汽车、光伏电站的应用方案，太空光伏硬质可折叠太阳翼与柔性可卷绕太阳翼，太空光伏HJT-钙钛矿叠层太阳翼制备工艺、测试认证、抗辐射性和长期稳定性，砷化镓、碲化镉、HJT-钙钛矿叠层太空光伏竞争格局展望等。北京时间2026年8月12日，南京大学肖科助理教授、谭海仁教授课题组联合仁烁光能产业化团队，在国际顶级学术期刊《Nature》上在线发表题为《Lead carboxylates passivation for meter-scale perovskite solar modules》（羧酸铅钝化用于平米级钙钛矿光伏组件）的研究论文。研究团队开发出一种基于羧酸铅材料的表面钝化新策略，成功制备出认证效率达22.0%（0.72 m2全面积）的钙钛矿光伏组件，并通过IEC61215/IEC61730全序列可靠性测试；大型地面电站实证运行表明，钙钛矿单位发电量优于同场址的晶硅组件。钙钛矿太阳能电池凭借高效率、低成本、可溶液法制备等优势，被视为最具潜力的下一代光伏技术。经过十余年的发展，目前钙钛电池池实验室效率已经可以与传统的晶体硅太阳能电池相媲美，而表面钝化技术正是支撑这一跨越的核心手段之一。目前，铵基卤化物是该领域应用最广泛的表面钝化材料，在小面积器件上表现优异。然而，当器件尺寸从实验室级别向商业化组件放大时，这类材料的局限性逐渐显现：一方面，其对湿度高度敏感，通常需在惰性气氛中操作，难以适应大规模生产所要求的开放环境；另一方面，其钝化效果高度依赖于钙钛矿薄膜的表面性质，在大面积制备中实现均匀覆盖面临严峻挑战。此前，团队在钙钛矿大面积结晶调控方面已取得重要突破，实现了平米级组件的均匀制备，相关成果发表于《Science》(Science 390, 1021-1028 (2025)）。然而，当时组件的认证效率仅为17.2%，远低于高效晶硅组件。究其根源，在于钙钛矿薄膜表面缺陷密度高，而传统铵基卤化物钝化材料既难以在大面积上均匀钝化，又易在空气环境中受潮分解，钝化效果大幅衰减。因此开发适用于大面积组件的表面钝化新策略，已成为钙钛矿光伏产业化的关键课题。另辟蹊径：开发钙钛矿“有机盐上浮技术”为突破均匀钝化瓶颈，研究团队从传统有机胺盐表面钝化机制中获得启发——传统方法依赖于铵基卤化物与钙钛矿表面残留的PbI2反应，生成低维钙钛矿或与PbI2配位结合，从而降低表面缺陷态密度。团队反其道而行之，提出一个全新思路：若想采用化学性质稳定的铅盐作为新型钝化材料，需预先在钙钛矿薄膜表面构建一层富含有机盐的“反应平台”。为此，研究团队首先系统探究了钙钛矿在大面积结晶过程中的表面特性，并系统比较了不同钙钛矿原材料在各类溶剂中的溶解度，结果发现，不同原料在同一溶剂中的溶解行为差异显著。基于这一发现，团队开发出一种自发的“有机盐上浮”技术。该技术采用由2-甲氧基乙醇、1,3-二氧戊环和二甲基亚砜按特定比例混合而成的高饱和蒸气压溶剂配方，结合真空辅助结晶工艺，可在钙钛矿薄膜表面自然形成一层富含碘化甲脒的“保护基底” ，为后续铅盐钝化提供了理想的反应界面（图1）。图1 钙钛矿薄膜的表面状态。(a)FAI 和 PbI2 在 2-Me、DMF和DMSO中的溶解度，以及这三种溶剂在室温下的饱和蒸气压(SVP)。(b)低SVP和高SVP溶剂体系制备的钙钛矿薄膜的TOF-SIMS表面离子面扫图。(c)钙钛矿薄膜的TOF-SIMS深度剖面图。(d)纯FAI以及低SVP和高SVP溶剂体系制备的钙钛矿薄膜的I 3d XPS谱图。(e)低SVP和高SVP溶剂体系制备的钙钛矿薄膜的GIWAXS图谱。破解大面积钝化难题：羧酸铅表面钝化新策略在上述碘化甲脒表面富集的钙钛矿薄膜基础上，团队进一步采用有机铅盐进行表面处理。这一方法不仅使钝化剂在大面积组件上涂布更加均匀，还显著提升了组件在潮湿、高温和持续光照环境下的运行稳定性。研究表明，羧酸铅（LCP）的钝化机制与传统铵基钝化剂截然不同。LCP并非简单地覆盖在钙钛矿表面，而是通过化学反应与钙钛矿形成牢固的化学键合，实现了界面能级的良好匹配和更高效的电荷传输（图2）。图2 不同类型的钙钛矿表面钝化剂。(a)铵基卤化物钝化剂（AHP）与羧酸铅钝化剂（LCP）的狭缝涂布工艺示意图。(b)AHP与LCP处理的商业化光伏组件（1.2 m × 0.6 m）的光致发光（PL）面扫图。(c)水滴在钙钛矿薄膜表面的接触角图像。(d)AHP与 LCP处理的钙钛矿薄膜在85°C、环境湿度（30%–50% RH）下热老化后的XRD图谱。图中Low-SVP和High-SVP分别指代溶剂体系DMF:DMSO = 9:1（体积比）和2-Me:DOL:DMSO = 6:3:1（体积比）；AHP和LCP分别指代EDAI2和Pb(OA)2。平米级商用组件效率与可靠性双突破基于上述技术路线，研究团队制备了孔径面积为810 cm²的中试级钙钛矿组件，认证效率达到24.0%。同时，团队进一步制备了0.72 m²（1.2 m × 0.6 m）的商业尺寸组件，全面积认证效率达22.0%，稳态输出功率158.4 W，创下平米级钙钛矿组件的最高效率纪录（图3）。图3 钙钛矿太阳能组件的性能表现。(a)有无LCP处理的PSM（孔径面积 810 cm²，每组n = 10）的光伏性能统计对比。散点为原始数据；箱线图展示四分位距，中线为中位数；须线表示5%–95%百分位。(b)最佳性能组件的I-V曲线，插图为对应曲线的光伏参数。 (c)LCP改性PSM（总面积 0.72 m²）的光伏性能统计分布。(d)总面积 0.72 m² 的最佳LCP改性组件的I-V曲线。(e)最佳组件在最大功率点追踪（MPPT）下超过两小时的稳定输出功率曲线。更令人振奋的是，该组件在可靠性方面取得了重要突破。在85%相对湿度/85°C的湿热老化测试中，经过1300小时后，采用传统铵基钝化剂的组件效率下降了39%，而采用羧酸铅钝化策略的组件仅下降2%。在-40°C至85°C的热循环测试（300次循环）中，羧酸铅改性组件几乎无效率损失。组件通过IEC61215/IEC61730全序列可靠性测试，标志着钙钛矿光伏组件在商业化应用中迈出了关键一步（图4）。图4 平米级光伏组件的可靠性测试。(a)封装组件在ISOS-D-3湿热老化协议下的测试结果；(b)封装组件在ISOS-T-3热循环老化协议下的测试结果（每种条件下各5块组件）。(c)封装组件在模拟AM 1.5G光照、环境湿度30%–50%条件下的最大功率点追踪（MPPT）曲线，测试期间组件温度升至60–65°C。(d)经历ISOS-D-3湿热老化测试后（条件如图a所示），钙钛矿薄膜的俯视图（上）与截面图（下）SEM图像，所有图像中标尺均为1 μm。(e)经历ISOS-D-3湿热老化测试后（条件如图a所示），钙钛矿薄膜的XRD图谱。实证结果：钙钛矿光伏电站发电性能超越晶硅为验证钙钛矿组件在实际运行环境中的表现，研究团队在同一个大型地面电站内分别安装了1 MW的钙钛矿光伏系统和3.5 MW的晶硅（TOPCon）光伏系统，开展了为期三个月（2026年3月至5月）的对比监测。监测数据显示，钙钛矿系统在日均单位发电量上持续优于晶硅系统。3月、4月和5月的月度单位发电增益率分别为3.42%、3.79%和5.81%，且随着气温升高和光照增强，钙钛矿组件的发电优势愈发明显。这一结果充分验证了钙钛矿光伏技术在真实户外条件下的商业化可行性（图5）。图5 钙钛矿与晶硅光伏电站的户外运行性能对比。(a) MW级钙钛矿光伏电站。(b) 钙钛矿和晶硅光伏电站的月度单位发电量（左）及钙钛矿发电增益（右）。南京大学现代工程与应用科学学院2023级博士生徐冬冬为论文的第一作者；南京大学先进制造学院肖科助理教授和南京大学现代工程与应用科学学院谭海仁教授为论文的共同通讯作者，北京理工大学徐健教授课题组、加拿大维多利亚大学Makhsud I. Saidaminov教授课题组、山东能源集团、中国三峡集团、江苏方洋新能源有限公司对本工作做出重要支持和贡献。本研究工作还得到了南京大学固体微结构物理全国重点实验室、关键地球物质循环前沿科学中心和江苏省物理科学研究中心的指导与支持，受到了国家重点研发计划、国家自然科学基金、江苏省自然科学基金、中国博士后科学基金等多个项目的资助。论文链接：https://www.nature.com/articles/s41586-026-10994-7来源：南京大学先进制造学院2026钙钛矿与太空光伏技术、设备和材料论坛将于10月27-28日在常州召开。我们诚挚邀请行业专家作以下主题的演讲报告：1. 光伏行业展望与钙钛矿和叠层电池市场分析2. HJT、钙钛矿和叠层电池在太空光伏的市场机遇3. 钙钛矿电池分布式电站与大型地面电站运行情况总结4. 钙钛矿产能展望和技术、设备与材料市场机遇5. 钙钛矿溶液涂布和干燥结晶的技术挑战与工艺优化6. 钙钛矿溶液喷墨打印技术与先进设备7. 钙钛矿电池HTL和ETL薄膜制备方案与关键设备8. 激光技术在钙钛矿电池生产中的应用9. 钙钛矿导电玻璃技术路线和供应展望10. 钙钛矿电池材料体系、界面钝化与结构调控11. 铂族金属在钙钛矿电池的应用优势与价值分析12. 钙钛矿电池的长期稳定性研究13. 全钙钛矿叠层电池竞争力分析与效率展望14. 两端叠层电池技术研发挑战与解决思路15. 平米级四端叠层组件结构设计与制造工艺16. 钙钛矿-BC三端叠层电池的优势与挑战17. 服务于晶硅-钙钛矿叠层电池的超低温固化银浆18. 服务于钙钛矿叠层组件的封装技术与封装材料19. 钙钛矿与叠层电池测试标准和测试技术20. 柔性钙钛矿太阳能电池技术研发与量产工艺21. 柔性钙钛矿电池在消费电子和可穿戴设备的应用实践22. 钙钛矿与叠层电池在BIPV与新能源汽车的市场潜力23. 低轨太空光伏的挑战：紫外辐照、粒子辐照、原子氧腐蚀及高低温交变24. 太空光伏技术路线：硬质可折叠太阳翼与柔性可卷绕太阳翼25. 40-50μm级超薄硅片与P型HJT电池的批量制造26. 太空光伏P型HJT电池抗辐射性能与轻量化潜力27. 太空光伏P型HJT-钙钛矿叠层电池制备工艺与抗辐射性和长期稳定性28. 太空光伏电池阵及电源系统集成与测试验证29. 高性能全钙钛矿叠层太阳翼优势分析30. 砷化镓、碲化镉、HJT-钙钛矿叠层太空光伏竞争格局展望第三届光伏少银/无银技术论坛2026将于9月22日在常州召开。会议将探讨光伏行业展望与少银/无银技术市场前景，银包铜粉、铜粉、镍粉和铝粉生产工艺与性能需求，银包铜浆、铜浆、银镍浆和铝浆金属化技术进展与应用实践，光伏铜电镀技术路线、设备选型、工艺难点与示范项目经验，无主栅串焊设备、胶粘剂、覆膜设备和栅线承载膜，超细线印刷技术及相匹配的先进网版与浆料等。亚化咨询会议赞助项目介绍主题演讲做一个主题演讲，介绍您的公司和业务现场展台现场展板(2m*3m)，也可展示设备、样品、资料会刊广告研讨会会刊，彩色全页广告（尺寸A4）资料入袋赞助企业的宣传册放入会议包袋现场易拉宝会场内外展示易拉宝展架礼品赞助您可以提供印有赞助商LOGO的礼品赠送参会嘉宾茶歇赞助冠名和赞助会议期间的茶歇晚宴赞助冠名和赞助会议的招待晚宴Logo展示背景墙 logo，会刊封面logo播放视频在会议茶歇、午餐期间播放贵公司的宣传视频联系我们微信/电话｜*********** （朱经理）邮箱｜ritazhu@chemweekly.com2026钙钛矿与太空光伏技术、设备和材料论坛将于10月27-28日在常州召开。",,,,pending
钙钛矿新锐2T大面积叠层电池效率突破30%,钙钛矿光伏,钙钛矿光伏,"RIOnews API, 钙钛矿, 钙钛矿/晶硅叠层, 全钙钛矿叠层, 柔性钙钛矿, 技术进展, 工艺优化, 量产工艺, 制备工艺",normal,2026-08-13T09:49:35+08:00,,2026钙钛矿与太空光伏技术、设备和材料论坛将于10月27-28日在常州召开。会议将探讨HJT、钙钛矿和叠层电池在太空光伏的市场机遇，大面积工业化钙钛矿与叠层电池材料体系、结构设计、制造工艺、核心设备、良率、转换效率与成本，钙钛矿与叠层电池在BIPV、消费电子、新能源汽车、光伏电站的应用方案，太空光伏硬质可折叠太阳翼与柔性可卷绕太阳翼，太空光伏HJT-钙钛矿叠层太阳翼制备工艺、测试认证、抗辐射性和长期稳定性，砷化镓、碲化镉、HJT-钙钛矿叠层太空光伏竞争格局展望等。近日，江苏协航能源科技有限公司自主研发的两端串联钙钛矿/晶硅叠层太阳电池技术取得重大里程碑式进展。公司送检的210mm×105mm,http://mp.weixin.qq.com/s?__biz=MzkyNTYzNjI1NQ==&mid=2247495427&idx=1&sn=a2f1a12ac5049401f7897735d9fc0b28,,2026钙钛矿与太空光伏技术、设备和材料论坛将于10月27-28日在常州召开。会议将探讨HJT、钙钛矿和叠层电池在太空光伏的市场机遇，大面积工业化钙钛矿与叠层电池材料体系、结构设计、制造工艺、核心设备、良率、转换效率与成本，钙钛矿与叠层电池在BIPV、消费电子、新能源汽车、光伏电站的应用方案，太空光伏硬质可折叠太阳翼与柔性可卷绕太阳翼，太空光伏HJT-钙钛矿叠层太阳翼制备工艺、测试认证、抗辐射性和长期稳定性，砷化镓、碲化镉、HJT-钙钛矿叠层太空光伏竞争格局展望等。近日，江苏协航能源科技有限公司自主研发的两端串联钙钛矿/晶硅叠层太阳电池技术取得重大里程碑式进展。公司送检的210mm×105mm,2026钙钛矿与太空光伏技术、设备和材料论坛将于10月27-28日在常州召开。会议将探讨HJT、钙钛矿和叠层电池在太空光伏的市场机遇，大面积工业化钙钛矿与叠层电池材料体系、结构设计、制造工艺、核心设备、良率、转换效率与成本，钙钛矿与叠层电池在BIPV、消费电子、新能源汽车、光伏电站的应用方案，太空光伏硬质可折叠太阳翼与柔性可卷绕太阳翼，太空光伏HJT-钙钛矿叠层太阳翼制备工艺、测试认证、抗辐射性和长期稳定性，砷化镓、碲化镉、HJT-钙钛矿叠层太空光伏竞争格局展望等。近日，江苏协航能源科技有限公司自主研发的两端串联钙钛矿/晶硅叠层太阳电池技术取得重大里程碑式进展。公司送检的210mm×105mm产业化规格叠层电池，经中国计量科学研究院严格检测及第三方权威认证，光电转换效率成功突破30%大关，达到30.43%。这一数值不仅大幅超越当前主流单晶PERC电池约23%-24%的量产效率，更显著领先于业内多数企业公开的28%-29%的HJT+钙钛矿叠层研发水平，标志着协航能源在高效叠层光伏技术赛道强势迈入国内行业第一梯队。作为光伏行业公认的下一代核心技术，钙钛矿/晶硅叠层技术是突破传统单结晶硅电池29.4%理论极限的关键路径。协航能源采用的两端串联技术，依托钙钛矿与晶硅材料的光谱互补优势，可最大化利用太阳光全光谱能量，有效提升光电转换能力。值得注意的是，本次破纪录的210mm×105mm电池完全贴合量产版型标准，相较于行业内仍停留在实验室厘米级尺寸的研究现状，协航能源的大面积成果实质性地解决了“放大效应”难题，充分验证了该技术从实验成果向GW级产业化落地的高度可行性，是目前行业迈向光伏高效化、低成本化最具含金量的技术指标之一。江苏协航能源科技有限公司成立于2022年7月21日，总投资1.35亿美元用于太阳能光伏电池、组件及商用卫星太阳翼的生产制造。公司致力于成为拥有全球知名度的太阳能一站式解决方案供应商，以满足不断变化的世界能源市场需求。长期以来，协航能源深耕高效光伏技术研发，持续布局钙钛矿叠层核心赛道。公司在材料体系创新、界面钝化技术及精密镀膜工艺等关键难点上取得了系统性突破，积累了扎实的自主工艺经验。通过持续的内部研发迭代与技术攻坚，公司已围绕叠层电池核心结构及制备流程构建了完善的知识产权壁垒，多项关键性能指标均处于行业前列，为本次大面积电池效率的飞跃筑牢了坚实的技术根基。来源：协航能源2026钙钛矿与太空光伏技术、设备和材料论坛将于10月27-28日在常州召开。我们诚挚邀请行业专家作以下主题的演讲报告：1. 光伏行业展望与钙钛矿和叠层电池市场分析2. HJT、钙钛矿和叠层电池在太空光伏的市场机遇3. 钙钛矿电池分布式电站与大型地面电站运行情况总结4. 钙钛矿产能展望和技术、设备与材料市场机遇5. 钙钛矿溶液涂布和干燥结晶的技术挑战与工艺优化6. 钙钛矿溶液喷墨打印技术与先进设备7. 钙钛矿电池HTL和ETL薄膜制备方案与关键设备8. 激光技术在钙钛矿电池生产中的应用9. 钙钛矿导电玻璃技术路线和供应展望10. 钙钛矿电池材料体系、界面钝化与结构调控11. 铂族金属在钙钛矿电池的应用优势与价值分析12. 钙钛矿电池的长期稳定性研究13. 全钙钛矿叠层电池竞争力分析与效率展望14. 两端叠层电池技术研发挑战与解决思路15. 平米级四端叠层组件结构设计与制造工艺16. 钙钛矿-BC三端叠层电池的优势与挑战17. 服务于晶硅-钙钛矿叠层电池的超低温固化银浆18. 服务于钙钛矿叠层组件的封装技术与封装材料19. 钙钛矿与叠层电池测试标准和测试技术20. 柔性钙钛矿太阳能电池技术研发与量产工艺21. 柔性钙钛矿电池在消费电子和可穿戴设备的应用实践22. 钙钛矿与叠层电池在BIPV与新能源汽车的市场潜力23. 低轨太空光伏的挑战：紫外辐照、粒子辐照、原子氧腐蚀及高低温交变24. 太空光伏技术路线：硬质可折叠太阳翼与柔性可卷绕太阳翼25. 40-50μm级超薄硅片与P型HJT电池的批量制造26. 太空光伏P型HJT电池抗辐射性能与轻量化潜力27. 太空光伏P型HJT-钙钛矿叠层电池制备工艺与抗辐射性和长期稳定性28. 太空光伏电池阵及电源系统集成与测试验证29. 高性能全钙钛矿叠层太阳翼优势分析30. 砷化镓、碲化镉、HJT-钙钛矿叠层太空光伏竞争格局展望第三届光伏少银/无银技术论坛2026将于9月22日在常州召开。会议将探讨光伏行业展望与少银/无银技术市场前景，银包铜粉、铜粉、镍粉和铝粉生产工艺与性能需求，银包铜浆、铜浆、银镍浆和铝浆金属化技术进展与应用实践，光伏铜电镀技术路线、设备选型、工艺难点与示范项目经验，无主栅串焊设备、胶粘剂、覆膜设备和栅线承载膜，超细线印刷技术及相匹配的先进网版与浆料等。亚化咨询会议赞助项目介绍主题演讲做一个主题演讲，介绍您的公司和业务现场展台现场展板(2m*3m)，也可展示设备、样品、资料会刊广告研讨会会刊，彩色全页广告（尺寸A4）资料入袋赞助企业的宣传册放入会议包袋现场易拉宝会场内外展示易拉宝展架礼品赞助您可以提供印有赞助商LOGO的礼品赠送参会嘉宾茶歇赞助冠名和赞助会议期间的茶歇晚宴赞助冠名和赞助会议的招待晚宴Logo展示背景墙 logo，会刊封面logo播放视频在会议茶歇、午餐期间播放贵公司的宣传视频联系我们微信/电话｜*********** （朱经理）邮箱｜ritazhu@chemweekly.com2026钙钛矿与太空光伏技术、设备和材料论坛将于10月27-28日在常州召开。,,,,pending
太空光伏标准研讨会在京顺利召开,钙钛矿光伏,钙钛矿光伏,"RIOnews API, 钙钛矿, 全钙钛矿叠层, 柔性钙钛矿, 技术进展, 工艺优化, 量产工艺, 制备工艺",normal,2026-08-13T09:49:35+08:00,,2026钙钛矿与太空光伏技术、设备和材料论坛将于10月27-28日在常州召开。会议将探讨HJT、钙钛矿和叠层电池在太空光伏的市场机遇，大面积工业化钙钛矿与叠层电池材料体系、结构设计、制造工艺、核心设备、良率、转换效率与成本，钙钛矿与叠层电池在BIPV、消费电子、新能源汽车、光伏电站的应用方案，太空光伏硬质可折叠太阳翼与柔性可卷绕太阳翼，太空光伏HJT-钙钛矿叠层太阳翼制备工艺、测试认证、抗辐射性和长期稳定性，砷化镓、碲化镉、HJT-钙钛矿叠层太空光伏竞争格局展望等。8月7日，全国太阳光伏能源系统标准化技术委员会（SAC/TC90）秘书处在北京组织召开太空光伏标准研讨会。来自银河航天、中国星网、,http://mp.weixin.qq.com/s?__biz=MzkyNTYzNjI1NQ==&mid=2247495427&idx=3&sn=30f0ee26f5c26c60a0cb81415ce67290,,2026钙钛矿与太空光伏技术、设备和材料论坛将于10月27-28日在常州召开。会议将探讨HJT、钙钛矿和叠层电池在太空光伏的市场机遇，大面积工业化钙钛矿与叠层电池材料体系、结构设计、制造工艺、核心设备、良率、转换效率与成本，钙钛矿与叠层电池在BIPV、消费电子、新能源汽车、光伏电站的应用方案，太空光伏硬质可折叠太阳翼与柔性可卷绕太阳翼，太空光伏HJT-钙钛矿叠层太阳翼制备工艺、测试认证、抗辐射性和长期稳定性，砷化镓、碲化镉、HJT-钙钛矿叠层太空光伏竞争格局展望等。8月7日，全国太阳光伏能源系统标准化技术委员会（SAC/TC90）秘书处在北京组织召开太空光伏标准研讨会。来自银河航天、中国星网、,2026钙钛矿与太空光伏技术、设备和材料论坛将于10月27-28日在常州召开。会议将探讨HJT、钙钛矿和叠层电池在太空光伏的市场机遇，大面积工业化钙钛矿与叠层电池材料体系、结构设计、制造工艺、核心设备、良率、转换效率与成本，钙钛矿与叠层电池在BIPV、消费电子、新能源汽车、光伏电站的应用方案，太空光伏硬质可折叠太阳翼与柔性可卷绕太阳翼，太空光伏HJT-钙钛矿叠层太阳翼制备工艺、测试认证、抗辐射性和长期稳定性，砷化镓、碲化镉、HJT-钙钛矿叠层太空光伏竞争格局展望等。8月7日，全国太阳光伏能源系统标准化技术委员会（SAC/TC90）秘书处在北京组织召开太空光伏标准研讨会。来自银河航天、中国星网、航天五院、协鑫光电、东方日升等航天及光伏领域的行业专家齐聚现场，围绕太空光伏标准体系顶层设计、关键技术标准研制等主要议题开展深度研讨，旨在为我国太空光伏产业高质量发展筑牢技术标准支撑。太空光伏是航天能源系统的核心支撑，为空间太阳能电站建设、低轨卫星组网、深空探测、载人空间站运行等国家重大战略任务提供关键能源保障。太空光伏横跨新能源、航空航天两大战略性新兴产业，深度融入“航天强国”建设战略目标，其产业价值与战略地位将在“十五五”期间得到进一步凸显。2026年被业内视作太空光伏商业化元年，多结砷化镓、晶体硅、钙钛矿叠层等多条光伏技术路线随之进入协同迭代、加速升级的新阶段。与会专家立足产业需求与标准赋能，从空间环境试验方法、商业航天降本路径及国际标准化布局等多角度展开深入研讨，并形成广泛共识：坚持“急用先行、成熟先上”，优先推进基础通用与试验方法的标准研制，统筹不同技术路线和轨道环境的差异化要求，加快构建中国特色太空光伏标准体系。为系统推进太空光伏标准化工作，SAC/TC90秘书处正加快筹建“太空光伏标准专题组”，拟集聚航天工程、光伏制造等领域的骨干力量，搭建跨行业、跨领域长效协同工作机制。本次研讨会的成功举办，为专题组筹建落地及太空光伏标准化体系建设奠定了坚实基础。下一步，SAC/TC90秘书处将汇总本次会议意见，优化完善太空光伏标准体系框架，加速推进“太空光伏标准专题组”建设，推动一批产业急需标准启动立项编制，以标准化赋能太空光伏产业高质量发展，助力航天强国建设。来源：CESI光伏标准化2026钙钛矿与太空光伏技术、设备和材料论坛将于10月27-28日在常州召开。我们诚挚邀请行业专家作以下主题的演讲报告：1. 光伏行业展望与钙钛矿和叠层电池市场分析2. HJT、钙钛矿和叠层电池在太空光伏的市场机遇3. 钙钛矿电池分布式电站与大型地面电站运行情况总结4. 钙钛矿产能展望和技术、设备与材料市场机遇5. 钙钛矿溶液涂布和干燥结晶的技术挑战与工艺优化6. 钙钛矿溶液喷墨打印技术与先进设备7. 钙钛矿电池HTL和ETL薄膜制备方案与关键设备8. 激光技术在钙钛矿电池生产中的应用9. 钙钛矿导电玻璃技术路线和供应展望10. 钙钛矿电池材料体系、界面钝化与结构调控11. 铂族金属在钙钛矿电池的应用优势与价值分析12. 钙钛矿电池的长期稳定性研究13. 全钙钛矿叠层电池竞争力分析与效率展望14. 两端叠层电池技术研发挑战与解决思路15. 平米级四端叠层组件结构设计与制造工艺16. 钙钛矿-BC三端叠层电池的优势与挑战17. 服务于晶硅-钙钛矿叠层电池的超低温固化银浆18. 服务于钙钛矿叠层组件的封装技术与封装材料19. 钙钛矿与叠层电池测试标准和测试技术20. 柔性钙钛矿太阳能电池技术研发与量产工艺21. 柔性钙钛矿电池在消费电子和可穿戴设备的应用实践22. 钙钛矿与叠层电池在BIPV与新能源汽车的市场潜力23. 低轨太空光伏的挑战：紫外辐照、粒子辐照、原子氧腐蚀及高低温交变24. 太空光伏技术路线：硬质可折叠太阳翼与柔性可卷绕太阳翼25. 40-50μm级超薄硅片与P型HJT电池的批量制造26. 太空光伏P型HJT电池抗辐射性能与轻量化潜力27. 太空光伏P型HJT-钙钛矿叠层电池制备工艺与抗辐射性和长期稳定性28. 太空光伏电池阵及电源系统集成与测试验证29. 高性能全钙钛矿叠层太阳翼优势分析30. 砷化镓、碲化镉、HJT-钙钛矿叠层太空光伏竞争格局展望第三届光伏少银/无银技术论坛2026将于9月22日在常州召开。会议将探讨光伏行业展望与少银/无银技术市场前景，银包铜粉、铜粉、镍粉和铝粉生产工艺与性能需求，银包铜浆、铜浆、银镍浆和铝浆金属化技术进展与应用实践，光伏铜电镀技术路线、设备选型、工艺难点与示范项目经验，无主栅串焊设备、胶粘剂、覆膜设备和栅线承载膜，超细线印刷技术及相匹配的先进网版与浆料等。亚化咨询会议赞助项目介绍主题演讲做一个主题演讲，介绍您的公司和业务现场展台现场展板(2m*3m)，也可展示设备、样品、资料会刊广告研讨会会刊，彩色全页广告（尺寸A4）资料入袋赞助企业的宣传册放入会议包袋现场易拉宝会场内外展示易拉宝展架礼品赞助您可以提供印有赞助商LOGO的礼品赠送参会嘉宾茶歇赞助冠名和赞助会议期间的茶歇晚宴赞助冠名和赞助会议的招待晚宴Logo展示背景墙 logo，会刊封面logo播放视频在会议茶歇、午餐期间播放贵公司的宣传视频联系我们微信/电话｜*********** （朱经理）邮箱｜ritazhu@chemweekly.com2026钙钛矿与太空光伏技术、设备和材料论坛将于10月27-28日在常州召开。,,,,pending
钠电九点半 | 金川集团布局NFPP前驱体；融捷能源推动钠电产业化落地；派能牵头起草的钠电起动标准实施,起点钠电,起点钠电,"RIOnews API, 钠离子电池, 钠电, 钠电正极, 合作进展, 战略合作, 项目中标, 招标, 合作",normal,2026-08-13T09:44:13+08:00,,8.13日（星期四）钠电九点半行业早新闻：1、金川集团旗下金通公司同步布局层状氧化物、NFPP两大钠离子电池前驱体技术路线，已与国内外知名新能源龙头企业在三元前驱体及钠电材料研发销售达成战略合作。2、三友化工：全资子公司唐山三友矿山目前正积极开展设备电动化示范验证项目，正在试用一台钠离子电池纯电矿卡，项目尚处于工况测试阶段。3、融捷能源正积极推动钙钛矿材料及电池、钠离子电池等其他新能源技术路线的产业化落地。4、昆宇电源前瞻布局AIDC专属储能赛道，基于锂电、钠离子电池两条技术路线，分别构建覆盖超短时、短时、长时全周期储能产品矩阵。5、派能科技牵头起草的钠电起动标准《起动用钠离子电池安全技术规范,http://mp.weixin.qq.com/s?__biz=Mzg4NjgzMzg3NA==&mid=2247518589&idx=1&sn=a762941062ba453b3b850eda8c6616e1,,8.13日（星期四）钠电九点半行业早新闻：1、金川集团旗下金通公司同步布局层状氧化物、NFPP两大钠离子电池前驱体技术路线，已与国内外知名新能源龙头企业在三元前驱体及钠电材料研发销售达成战略合作。2、三友化工：全资子公司唐山三友矿山目前正积极开展设备电动化示范验证项目，正在试用一台钠离子电池纯电矿卡，项目尚处于工况测试阶段。3、融捷能源正积极推动钙钛矿材料及电池、钠离子电池等其他新能源技术路线的产业化落地。4、昆宇电源前瞻布局AIDC专属储能赛道，基于锂电、钠离子电池两条技术路线，分别构建覆盖超短时、短时、长时全周期储能产品矩阵。5、派能科技牵头起草的钠电起动标准《起动用钠离子电池安全技术规范,8.13日（星期四）钠电九点半行业早新闻：1、金川集团旗下金通公司同步布局层状氧化物、NFPP两大钠离子电池前驱体技术路线，已与国内外知名新能源龙头企业在三元前驱体及钠电材料研发销售达成战略合作。2、三友化工：全资子公司唐山三友矿山目前正积极开展设备电动化示范验证项目，正在试用一台钠离子电池纯电矿卡，项目尚处于工况测试阶段。3、融捷能源正积极推动钙钛矿材料及电池、钠离子电池等其他新能源技术路线的产业化落地。4、昆宇电源前瞻布局AIDC专属储能赛道，基于锂电、钠离子电池两条技术路线，分别构建覆盖超短时、短时、长时全周期储能产品矩阵。5、派能科技牵头起草的钠电起动标准《起动用钠离子电池安全技术规范》（T/CIAPS0054—2026）和《起动用钠离子电池性能要求和测试方法》（T/CIAPS0055—2026）正式实施。6、中国电建西北院山东德州400MW/800MWh储能电站项目一期工程测量及勘察服务采购项目公开谈判采购，电池集装箱内含磷酸铁锂电池/钠离子电池及BMS等。7、天津104S液冷钠离子电池模块+1P416钠离子电池簇44265-2024型式试验测试项目招标。8、山东岱岳新城钠离子电池试验线&PACK线装修改造工程中标候选人公示。9、上海-闵行区钠电正极材料采购招标公告发布。10、英能基郑州钠离子电池研发生产基地项目(一期)厂房内部设计项目中标/成交结果公告。更多咨询，请关注@起点钠电起点钠电交流群72-码上入群,,,,pending
年底的长续航萤火虫，电池变成宁德时代,新能源探索录,新能源探索录,"RIOnews API, 宁德时代, 欣旺达, 电池包, 液冷, 交付, GWh, 发布, 推出, 快充",normal,2026-08-13T09:38:37+08:00,,文 | 玲珑封面 | 蔚来据多名知情人士透露，萤火虫长续航版最早将在今年Q4面世，最晚不会超过明年初。除了对标2026款的一些配置外，还搭载了62度电的宁德时代液冷快充电池，CLTC续航将接近620KM，结束了萤火虫单一电池供应商的历史，这对于在乎电池品牌的用户来说，或许是个好消息。此前电池供应商为欣旺达，整包电量42.1度，CLTC续航420KM，截止发文日，欣旺达已经累计向萤火虫交付3.30GWh电池包，是欣旺达最大的单一车型客户。一位接近该项目的人士告诉我们，“因为（今年的）焕新款口碑销量还可以，所以长续航项目节奏并没有很赶，但一定会在明年2月前推出，快的话今年Q4（就能看到）。”萤火虫,http://mp.weixin.qq.com/s?__biz=MzkxMzYxOTM5MQ==&mid=2247485023&idx=1&sn=c6b133af05cdc728d735a9a71a28e864,,文 | 玲珑封面 | 蔚来据多名知情人士透露，萤火虫长续航版最早将在今年Q4面世，最晚不会超过明年初。除了对标2026款的一些配置外，还搭载了62度电的宁德时代液冷快充电池，CLTC续航将接近620KM，结束了萤火虫单一电池供应商的历史，这对于在乎电池品牌的用户来说，或许是个好消息。此前电池供应商为欣旺达，整包电量42.1度，CLTC续航420KM，截止发文日，欣旺达已经累计向萤火虫交付3.30GWh电池包，是欣旺达最大的单一车型客户。一位接近该项目的人士告诉我们，“因为（今年的）焕新款口碑销量还可以，所以长续航项目节奏并没有很赶，但一定会在明年2月前推出，快的话今年Q4（就能看到）。”萤火虫,文 | 玲珑封面 | 蔚来据多名知情人士透露，萤火虫长续航版最早将在今年Q4面世，最晚不会超过明年初。除了对标2026款的一些配置外，还搭载了62度电的宁德时代液冷快充电池，CLTC续航将接近620KM，结束了萤火虫单一电池供应商的历史，这对于在乎电池品牌的用户来说，或许是个好消息。此前电池供应商为欣旺达，整包电量42.1度，CLTC续航420KM，截止发文日，欣旺达已经累计向萤火虫交付3.30GWh电池包，是欣旺达最大的单一车型客户。一位接近该项目的人士告诉我们，“因为（今年的）焕新款口碑销量还可以，所以长续航项目节奏并没有很赶，但一定会在明年2月前推出，快的话今年Q4（就能看到）。”萤火虫是蔚来推出的小而美车型，也是销量最稳定的新能源品牌之一，按照此前李斌的说法，“（萤火虫）占据了高端精品小车70%的市场。”该车型从2025年4月发布至今，平均月销4950台，累计交付破75000台，销量十分稳定。由于电池包散热方案不同，虽然换成了宁德时代电池，但仍然不适配巧克力换电站，但延续了对蔚来五代换电站的兼容。具体而言，新的62度宁德电池包将使用液冷散热方案，而巧克力换电站适配的仍然是风冷散热，无法兼容。除了在续航和充电速度方面的大幅提升，长续航款萤火虫还会在舒适性配置上有所增加，但相对克制，更多的是补齐一些短板，如热泵空调等，暂时还没有在智驾硬件上大幅升级的规划。修改于据多名知情人士透露，萤火虫长续航版最早将在今年Q4面世，电池换成了宁德时代。,,,,pending
三星SDI与通用达成电池合作,鑫椤锂电,鑫椤锂电,"RIOnews API, 三星SDI, 收购",normal,2026-08-13T09:34:46+08:00,,关注公众号，点击公众号主页右上角“ ··· ”，设置星标“⭐”，关注鑫椤锂电资讯~本文来源：企业官微三星SDI周二（8月11日）表示，已与通用汽车（GM）签署协议，将共同开发下一代棱柱形电池单元，以供未来电动汽车（EV）使用。根据协议，两家公司将联合研发棱柱形电池，旨在实现高能量密度和快速充电能力，进一步深化在电动汽车领域的合作。同时，作为交易的一部分，三星SDI还收购了通用汽车在美国印第安纳州设立的合资企业SynergyCells的49.99%股权，并全权接管该公司。 鑫椤福利免费领取：点击《2026年全球锂电产业链分布图》查看领取方式。END如题,http://mp.weixin.qq.com/s?__biz=MzU0MTkzOTQzOA==&mid=2247571174&idx=1&sn=7137731a7b0ea47077dc07bdbf4cfcbd,,关注公众号，点击公众号主页右上角“ ··· ”，设置星标“⭐”，关注鑫椤锂电资讯~本文来源：企业官微三星SDI周二（8月11日）表示，已与通用汽车（GM）签署协议，将共同开发下一代棱柱形电池单元，以供未来电动汽车（EV）使用。根据协议，两家公司将联合研发棱柱形电池，旨在实现高能量密度和快速充电能力，进一步深化在电动汽车领域的合作。同时，作为交易的一部分，三星SDI还收购了通用汽车在美国印第安纳州设立的合资企业SynergyCells的49.99%股权，并全权接管该公司。 鑫椤福利免费领取：点击《2026年全球锂电产业链分布图》查看领取方式。END如题,关注公众号，点击公众号主页右上角“ ··· ”，设置星标“⭐”，关注鑫椤锂电资讯~本文来源：企业官微三星SDI周二（8月11日）表示，已与通用汽车（GM）签署协议，将共同开发下一代棱柱形电池单元，以供未来电动汽车（EV）使用。根据协议，两家公司将联合研发棱柱形电池，旨在实现高能量密度和快速充电能力，进一步深化在电动汽车领域的合作。同时，作为交易的一部分，三星SDI还收购了通用汽车在美国印第安纳州设立的合资企业SynergyCells的49.99%股权，并全权接管该公司。 鑫椤福利免费领取：点击《2026年全球锂电产业链分布图》查看领取方式。END如题,,,,pending
固态九点半丨太蓝新能源固液电池入选重庆未来产业标志性产品；宝马扩大德国本土固态电池研发基地,起点固态电池,起点固态电池,"RIOnews API, 固态电池, 半固态, 固液混合, 全固态, 产品发布, 产品落地, 官宣, 合作进展, 投资, 合作",normal,2026-08-13T09:32:50+08:00,,8月13日（星期四）固态电池九点半行业早新闻：1.赣锋锂电出资1亿元参设锂电产业基金，参与设立共青城赣锋天泰创投基金。重点投向固态动力电池材料、钠离子电池、锂电回收、锂电智能化装备；依托赣锋锂业锂资源与电池制造优势，对外孵化、并购固态电池前沿技术项目，完善固态电池产业链布局。2.四川先进电池创新中心建设进度公布，项目整体完工 80%，计划8月底交付，四季度启动设备调试，2027年Q1正式运营。定位宜宾 “江源行动” 重点科创平台，主攻复合固态电解质、固液准固态电芯，配套电芯试制、工艺验证、产业链孵化，补齐西南区域固态电池中试短板。3.英国Ilika公布Goliath准固态电池产业化路线，加速G,http://mp.weixin.qq.com/s?__biz=MzU3MzMxNDI5Ng==&mid=2247499246&idx=1&sn=067c71a2e8ba4d1858c59906b725ce1d,,8月13日（星期四）固态电池九点半行业早新闻：1.赣锋锂电出资1亿元参设锂电产业基金，参与设立共青城赣锋天泰创投基金。重点投向固态动力电池材料、钠离子电池、锂电回收、锂电智能化装备；依托赣锋锂业锂资源与电池制造优势，对外孵化、并购固态电池前沿技术项目，完善固态电池产业链布局。2.四川先进电池创新中心建设进度公布，项目整体完工 80%，计划8月底交付，四季度启动设备调试，2027年Q1正式运营。定位宜宾 “江源行动” 重点科创平台，主攻复合固态电解质、固液准固态电芯，配套电芯试制、工艺验证、产业链孵化，补齐西南区域固态电池中试短板。3.英国Ilika公布Goliath准固态电池产业化路线，加速G,8月13日（星期四）固态电池九点半行业早新闻：1.赣锋锂电出资1亿元参设锂电产业基金，参与设立共青城赣锋天泰创投基金。重点投向固态动力电池材料、钠离子电池、锂电回收、锂电智能化装备；依托赣锋锂业锂资源与电池制造优势，对外孵化、并购固态电池前沿技术项目，完善固态电池产业链布局。2.四川先进电池创新中心建设进度公布，项目整体完工 80%，计划8月底交付，四季度启动设备调试，2027年Q1正式运营。定位宜宾 “江源行动” 重点科创平台，主攻复合固态电解质、固液准固态电芯，配套电芯试制、工艺验证、产业链孵化，补齐西南区域固态电池中试短板。3.英国Ilika公布Goliath准固态电池产业化路线，加速Goliath固态电池技术放大，采用高硅负极+准固态电解质，布局电动车、军工两大赛道。优先建成MWh级别试点产线，长期不自建巨型工厂，采用技术授权模式，面向电池厂、车企开放技术合作；推出合作伙伴计划，提前锁定下游需求。4.江苏青嵩固能10GWh固液/固态电池项目环评公示，项目地点：江苏盐城东台高新区，总规划10GWh，分三期建设；一期投资3亿元建设1GWh固液混合电池产线；产品定位：兼顾车载固液动力电池与储能电池，依托现有锂电产线改造路线，优先推进半固态产品落地。5.重庆经信委公布第二批未来产业名录，太蓝新一代高能量密度固液锂电池入选；公司重庆基地一期固液电池产线持续出货，二期2GWh产能稳步建设，规划总产能超15GWh。6.宝马扩大德国本土固态研发基地，同步推进固液电池过渡方案。宝马官宣扩容慕尼黑周边固态电池研发与中试组装产线，规划路径短期依靠改良型准固态/固液方案实现车型迭代，中长期推进硫化物全固态；现阶段持续与 Solid Power 联合送样测试，同步评估固液电池导入高端车型时间表。7.中一科技云梦基地1万吨高端电子铜箔项目实现满产，同时披露技术储备：已开发固态和固液电池适配可剥离载体铜箔，实现小批量供货，下游电池客户验证持续推进；主力锂电铜箔产品以6μm及以下极薄铜箔为主，同步配套动力、储能电池厂商。8.中孚实业子公司投建3万吨新能源锂电铝箔项目，达产后预计年均营收8.53亿元；产品面向动力电池、储能、钠电池正极集流体，适配液态、固态电池体系，将进一步扩充国内锂电铝箔有效产能。9.SKC、乐天能源材料、Solus三家铜箔企业二季度亏损持续收窄，传统动力电池铜箔竞争加剧，企业加速转向储能电池铜箔、AI高端电子铜箔；韩国厂商复合集流体项目节奏偏谨慎，优先配合LG新能源、三星SDI固液、固态电池中长期研发验证。10.三井金属持续倾斜产能生产HVLP高端电子铜箔，中档RTF铜箔供给收缩，带动全球电子铜箔加工费上行；电池用超薄载体铜箔优先供给日韩头部电池企业固态研发项目。全球固态电池群04-码上入群点击阅读原文，即可报名参展！,,,,pending
锂电九点半丨碳酸锂重回15万；多氟多新项目获批；先导已获AIDC储能订单；海辰储能新签海外订单,起点锂电,起点锂电,"RIOnews API, 新材料, 复合材料, 碳, 高比能, 硅, 合作进展, 投资, 合作, 量产推进, 产能, 扩产, 比亚迪, 宁德时代, 中航锂电, 海辰储能, 海辰, LGES, 储能, 储能系统, 储能集成, 液冷, 碳酸锂, 氢氧化锂, 负极材料, 交付, GWh, 投产, 订单, 供货协议, 签约, 海外, 并网, 落地",normal,2026-08-13T09:32:16+08:00,,8月13日（星期四）锂电九点半行业早新闻：1、8月12日，广期所碳酸锂主力合约日内站上15万元/吨，现涨逾3%。锂矿概念盘中异动拉升，永杉锂业直线涨停，盛新锂能、天华新能、国城矿业、大中矿业、融捷股份等跟涨。消息面上，广期所碳酸锂主力合约日内站上15万元/吨，现涨逾3%。2、先导智能：公司核心AI产品为搭载工业多模态大模型的预测性运维系统，辅以穹顶智能制造平台、AI 视觉检测设备，目前已在新能源相关产线批量落地应用，可实现设备故障预判、AI 智能质检、工艺优化等功能。公司可为全球AIDC储能电池提供定制化整线解决方案，目前已获得相关AIDC储能客户产线设备订单。3、多氟多：8月11日，年产3.,http://mp.weixin.qq.com/s?__biz=MzI1MjEyODg2Mg==&mid=2649798401&idx=1&sn=21ff6abc080d678aae79acd4d02aeb9a,,8月13日（星期四）锂电九点半行业早新闻：1、8月12日，广期所碳酸锂主力合约日内站上15万元/吨，现涨逾3%。锂矿概念盘中异动拉升，永杉锂业直线涨停，盛新锂能、天华新能、国城矿业、大中矿业、融捷股份等跟涨。消息面上，广期所碳酸锂主力合约日内站上15万元/吨，现涨逾3%。2、先导智能：公司核心AI产品为搭载工业多模态大模型的预测性运维系统，辅以穹顶智能制造平台、AI 视觉检测设备，目前已在新能源相关产线批量落地应用，可实现设备故障预判、AI 智能质检、工艺优化等功能。公司可为全球AIDC储能电池提供定制化整线解决方案，目前已获得相关AIDC储能客户产线设备订单。3、多氟多：8月11日，年产3.,"8月13日（星期四）锂电九点半行业早新闻：1、8月12日，广期所碳酸锂主力合约日内站上15万元/吨，现涨逾3%。锂矿概念盘中异动拉升，永杉锂业直线涨停，盛新锂能、天华新能、国城矿业、大中矿业、融捷股份等跟涨。消息面上，广期所碳酸锂主力合约日内站上15万元/吨，现涨逾3%。2、先导智能：公司核心AI产品为搭载工业多模态大模型的预测性运维系统，辅以穹顶智能制造平台、AI 视觉检测设备，目前已在新能源相关产线批量落地应用，可实现设备故障预判、AI 智能质检、工艺优化等功能。公司可为全球AIDC储能电池提供定制化整线解决方案，目前已获得相关AIDC储能客户产线设备订单。3、多氟多：8月11日，年产3.6万吨动力锂电池关键材料项目环境影响报告书获批复。项目位于中站区焦作经济技术开发区，在多氟多新材料股份有限公司现有厂区内进行建设。对现有六氟磷酸锂生产线制气工段、五氟化磷精馏进行升级改造，建成后实现年产3.6万吨晶体六氟磷酸锂，副产31%盐酸和38%氢氟酸。4、万华化学：万华（滨州）电池产业有限公司近日成立，由万华化学旗下万华化学（烟台）电池产业有限公司全资持股，经营范围包含蓄电池租赁、光伏发电设备租赁、电子专用材料研发、电子专用材料制造、石墨及碳素制品制造等。5、海辰储能：8月12日与西班牙NATURGY Group旗下国际可再生能源发电企业环球电力集团达成合作，签署电池储能系统供货协议，将为澳大利亚昆士兰州弗雷泽海岸项目提供总规模421MWh的储能系统。根据协议，将为该项目交付84套液冷式储能系统，并同步提供涵盖系统设计、生产制造、验收测试、项目交付、调试并网、技术支持及人员培训等环节的全场景一体化配套服务。6、震裕科技：近期公告称，公司董事会审议通过向不特定对象发行可转债方案，募集资金总额18.8亿元，发行数量1880万张，期限6年。募集资金拟用于锂电池精密结构件扩产项目7.52亿元、人形机器人精密模组及零部件产业化项目2.82亿元、电机铁芯扩产项目2.82亿元及补充流动资金5.64亿元。7、硅宝科技：公司“5万吨/年锂电池用硅碳负极材料及专用粘合剂项目”目前按计划稳定建设中，已投产3000吨/年锂电池用硅碳负极生产线、10000吨/年动力电池用有机硅粘合剂生产线、5000吨/年聚氨酯密封胶生产线，2026年将建成并投入使用7000吨/年锂电池用硅碳负极生产线、5000吨/年聚氨酯密封胶生产线、5000吨/年动力电池用有机硅粘合剂生产线，余下产能将按计划逐步投产。8、三明润祥：公司六氟磷酸锂及电子级氟化锂（钠）建设项目环境影响报告书获批复。总投资3500万元，项目建设期2年。项目将建设规模为年产电子级氟化锂、电子级氟化钠共计1000吨、六氟磷酸锂500吨，副产盐酸。9、中航锂电：近日消息显示，3.5GWh电池模组生产线于今年6月顺利投用，目前已是开线即满产。数据显示，同等规格产品下，新线日产能由原先的60套跃升至80套。目前，该线主要生产新能源商用车电池模组，成功配套中国重汽、奇瑞商用车等行业龙头。10、贵航新能源：目前公司日产45万只锂电池产品，随着三期车间新设备陆续调试完成，今年目标产量8300万只，力争出口额突破1亿元。公司80%以上锂电池产品或配套产品远销欧非亚市场。11、近日贵阳海关数据显示，今年上半年，贵州出口锂电池14.2亿元，同比增长126.5%。12、杉杉股份：8月11日在互动平台回答投资者提问时表示，公司未生产铜箔和铝箔。公司负极材料业务下游客户包括宁德时代、比亚迪、ATL、LGES等全球主流电池制造商。13、8月10日，紫创光科（眉山）智慧能源科技有限公司与宁德时代储能集成设备采购签约，双方正式签订总金额2.4亿元的储能集成设备采购协议。双方将充分整合产业资源、凝聚技术合力、汇聚发展势能，深度深耕新能源市场，助力区域新能源产业提质增效，推动能源结构绿色低碳转型。14、近日，宜宾普华新材料科技有限责任公司成立，法定代表人为李季，位于四川省宜宾市南溪区，注册资本15,000万元，经营范围包含新材料技术研发；新材料技术推广服务；电子专用材料研发；电子专用材料制造；电子专用材料销售；电池制造；电池销售等。该公司由四川省宜宾五粮液集团有限公司全资子公司四川省宜宾普什集团有限公司等共同持股。15、理奇智能：8月12日在互动平台回答投资者提问时表示，公司物料智能处理系统及相关核心设备多为非标定制，具体应用取决于下游行业实际需求。目前公司业务仍以锂电制造市场为核心，同时积极开拓精细化工、复合材料等领域市场，但该部分当前收入及利润占比很小。后续研发投入将结合市场情况与客户需求审慎推进。16、赣锋锂业：公司第六届董事会第十八次会议，审议通过了《关于公司申请广州期货交易所氢氧化锂指定交割厂库的议案》，同意公司向广州期货交易所（简称“广期所”）申请氢氧化锂指定交割厂库的资质，授权公司管理层提交申请材料，并办理其他相关事宜。本次申请广州期货交易所氢氧化锂指定交割厂库有利于进一步扩大公司在业内的知名度和影响力，提高公司的规范管理水平。同时有利于公司将现货市场、期货市场、交割厂库三者有机结合，进一步增强公司的抗风险能力和市场竞争力，提高公司的盈利水平。锂电交流群54—码上入群",,,,pending
15.57亿!先进陶瓷、半导体巨头超纯股份上市,粉体网,粉体网,"RIOnews API, 新材料, 合作进展, 投资, 合作",normal,2026-08-13T09:30:30+08:00,,2026 年 8 月 11 日，成都超纯股份（301717）登陆深交所创业板，是今年成都新材料第二家上市企业。\x0a\x0a公司为国家级专精特新重点 “小巨人”，主攻先进陶瓷、半导体特种涂层零部件，可供应 5nm 及以下刻蚀设备核心件，本土市占率第一。\x0a\x0a本次发行价 65.99 元 / 股，募资 15.57 亿元，投向半导体零部件产业化、基地扩建与研发升级，合作龙瓷特种陶瓷中试平台同步落地运营。\x0a\x0a提示：不构成投资建议\x0a\x0a\x26lt;a class=\x26quot;wx_topic_link\x26quot; topic-id=\x26quot;msq,http://mp.weixin.qq.com/s?__biz=MjM5NDI1NzI2MA==&mid=2655365261&idx=1&sn=61076c3c99832bafdf77cb11a91c3390,,2026 年 8 月 11 日，成都超纯股份（301717）登陆深交所创业板，是今年成都新材料第二家上市企业。\x0a\x0a公司为国家级专精特新重点 “小巨人”，主攻先进陶瓷、半导体特种涂层零部件，可供应 5nm 及以下刻蚀设备核心件，本土市占率第一。\x0a\x0a本次发行价 65.99 元 / 股，募资 15.57 亿元，投向半导体零部件产业化、基地扩建与研发升级，合作龙瓷特种陶瓷中试平台同步落地运营。\x0a\x0a提示：不构成投资建议\x0a\x0a\x26lt;a class=\x26quot;wx_topic_link\x26quot; topic-id=\x26quot;msq,2026 年 8 月 11 日，成都超纯股份（301717）登陆深交所创业板，是今年成都新材料第二家上市企业。\x0a\x0a公司为国家级专精特新重点 “小巨人”，主攻先进陶瓷、半导体特种涂层零部件，可供应 5nm 及以下刻蚀设备核心件，本土市占率第一。\x0a\x0a本次发行价 65.99 元 / 股，募资 15.57 亿元，投向半导体零部件产业化、基地扩建与研发升级，合作龙瓷特种陶瓷中试平台同步落地运营。\x0a\x0a提示：不构成投资建议\x0a\x0a\x26lt;a class=\x26quot;wx_topic_link\x26quot; topic-id=\x26quot;msqu4uci-6mm72z\x26quot; style=\x26quot;color: #576B95 !important;\x26quot; data-topic=\x26quot;1\x26quot; data-recommend=\x26quot;\x26quot;\x26gt;#超纯股份\x26lt;/a\x26gt; \x26lt;a class=\x26quot;wx_topic_link\x26quot; topic-id=\x26quot;msqu4uci-nxfa4u\x26quot; style=\x26quot;color: #576B95 !important;\x26quot; data-topic=\x26quot;1\x26quot; data-recommend=\x26quot;\x26quot;\x26gt;#先进陶瓷\x26lt;/a\x26gt; \x26lt;a class=\x26quot;wx_topic_link\x26quot; topic-id=\x26quot;msqu4uci-whn6aw\x26quot; style=\x26quot;color: #576B95 !important;\x26quot; data-topic=\x26quot;1\x26quot; data-recommend=\x26quot;\x26quot;\x26gt;#半导体\x26lt;/a\x26gt;\x26amp;nbsp;\x26lt;a class=\x26quot;wx_topic_link\x26quot; topic-id=\x26quot;msqu4uci-aats4b\x26quot; style=\x26quot;color: #576B95 !important;\x26quot; data-topic=\x26quot;1\x26quot; data-recommend=\x26quot;\x26quot;\x26gt;#专精特新\x26lt;/a\x26gt; \x26lt;a class=\x26quot;wx_topic_link\x26quot; topic-id=\x26quot;msqu4uci-dyis2i\x26quot; style=\x26quot;color: #576B95 !important;\x26quot; data-topic=\x26quot;1\x26quot; data-recommend=\x26quot;\x26quot;\x26gt;#小巨人\x26lt;/a\x26gt; \x26amp;nbsp;\x26lt;a class=\x26quot;wx_topic_link\x26quot; topic-id=\x26quot;msqu4uci-gdsal7\x26quot; style=\x26quot;color: #576B95 !important;\x26quot; data-topic=\x26quot;1\x26quot; data-recommend=\x26quot;\x26quot;\x26gt;#上市\x26lt;/a\x26gt; \x26lt;a class=\x26quot;wx_topic_link\x26quot; topic-id=\x26quot;msqu4uci-61elkj\x26quot; style=\x26quot;color: #576B95 !important;\x26quot; data-topic=\x26quot;1\x26quot; data-recommend=\x26quot;\x26quot;\x26gt;#粉体网\x26lt;/a\x26gt;,,,,pending
专利情报-表面包覆的硅碳负极-比亚迪,能源灯塔,能源灯塔,"RIOnews API, 比亚迪, 负极材料, 电解液",normal,2026-08-13T09:00:00+08:00,,超凡知识产权电池领域服务团队每日九点，为您准时推送「电池行业专利解读及热点资讯」CN122246081A-负极材料及其制备方法、负极片、二次电池以及用电设备申请日：2024-12-18公开(公告)日：2026-06-19技术问题：在二次电池的研究中，负极材料对电池的容量和循环稳定性产生了重要影响，相比于石墨等碳材料，硅碳负极材料因其高理论比容量（约1700mAh/g）而备受关注，然而，硅碳材料也存在以下诸多问题限制了其使用：1、体积膨胀问题：硅在合金化过程中会发生显著的体积膨胀，这种膨胀虽然在与碳材料混合后会有所抑制，但仍然会引起材料结构的破坏和电极材料与集流体之间的接触失效，从而引起电池容量,http://mp.weixin.qq.com/s?__biz=MzU3Mzg4MDk4MA==&mid=2247501426&idx=1&sn=33d4ea430c4a3aa69cc48d6322e99363,,超凡知识产权电池领域服务团队每日九点，为您准时推送「电池行业专利解读及热点资讯」CN122246081A-负极材料及其制备方法、负极片、二次电池以及用电设备申请日：2024-12-18公开(公告)日：2026-06-19技术问题：在二次电池的研究中，负极材料对电池的容量和循环稳定性产生了重要影响，相比于石墨等碳材料，硅碳负极材料因其高理论比容量（约1700mAh/g）而备受关注，然而，硅碳材料也存在以下诸多问题限制了其使用：1、体积膨胀问题：硅在合金化过程中会发生显著的体积膨胀，这种膨胀虽然在与碳材料混合后会有所抑制，但仍然会引起材料结构的破坏和电极材料与集流体之间的接触失效，从而引起电池容量,"超凡知识产权电池领域服务团队每日九点，为您准时推送「电池行业专利解读及热点资讯」CN122246081A-负极材料及其制备方法、负极片、二次电池以及用电设备申请日：2024-12-18公开(公告)日：2026-06-19技术问题：在二次电池的研究中，负极材料对电池的容量和循环稳定性产生了重要影响，相比于石墨等碳材料，硅碳负极材料因其高理论比容量（约1700mAh/g）而备受关注，然而，硅碳材料也存在以下诸多问题限制了其使用：1、体积膨胀问题：硅在合金化过程中会发生显著的体积膨胀，这种膨胀虽然在与碳材料混合后会有所抑制，但仍然会引起材料结构的破坏和电极材料与集流体之间的接触失效，从而引起电池容量的快速衰减。并且，充放电过程中的体积膨胀收缩，会使电极表面形成应力集中，导致材料的破碎和分化，进而影响与电池之间的循环稳定性。2、导电性较差：硅材料自身的导电性较差，这限制了其充放电速率和电化学性能，尤其是在高电流密度下，硅碳负极的充放电性能会显著下降。技术手段：一种负极材料，其特征在于，包括硅碳材料以及包覆于所述硅碳材料表面的包覆层；所述包覆层包括导电基体和掺杂于所述导电基体内的氮元素和磷元素。一种负极材料的制备方法，包括以下步骤：1）将导电基体和掺杂元素源混合，得到第一混合物；对所述第一混合物进行第一热处理，得到包覆层材料；其中，所述掺杂元素源包括氮源和磷源；2）将所述包覆层材料和硅碳材料混合，得到第二混合物；对所述第二混合物进行第二热处理，得到所述负极材料。实施例1：本实施例提供一种负极材料及其制备方法，其制备方法包括以下步骤：1）氮磷共掺杂石墨烯的制备：取D50粒径为6μm的氧化石墨烯12g，加入含有尿素和磷酸二氢铵的溶液中，得到混合溶液，其中，混合溶液中尿素的浓度为10g/L，尿素和磷酸二氢铵分别与氧化石墨烯的摩尔比为10:1；将混合溶液在80℃下搅拌2小时，形成均匀的前驱体溶液；将前驱体溶液升温至180℃进行热处理，持续2小时，得到氮磷共掺杂石墨烯。2）使用氮磷共掺杂石墨烯对硅碳材料进行包覆：将步骤1）制备得到的氮磷共掺杂石墨烯和硅碳材料按照质量比为1:10进行混合，得到混合物；将混合物在氩气氛围下于800℃下进行热处理1小时，得到氮磷共掺杂石墨烯包覆的硅碳负极材料，其中，包覆层的厚度为2nm，硅碳材料的D50粒径为6μm，硅碳材料的硅含量为50wt%。技术效果：本发明提供的负极材料，通过在硅碳材料表面包覆掺杂有氮元素和磷元素的导电基体层，其中，导电基体具有良好的电导率，将其包覆于硅碳材料表面，可以提升硅碳材料的电导率，还能够缓冲硅碳材料在充放电过程中的体积膨胀，减少硅颗粒的膨胀和粉碎现象，从而提高材料的循环稳定性，同时通过在导电基体中掺杂氮元素和磷元素，可以增强材料的表面极性，进而提升负极材料在电解液中的润湿性能，降低极片的界面阻抗，此外，氮元素和磷元素的掺杂能够使材料在包覆层中进行赝电容反应，使材料在短时间内完成充放电过程，改善电池的倍率性能，再者，氮元素和磷元素属于杂原子，将其掺杂入基体中，能够增强材料的活性位点，进一步增强负极材料的电化学反应性。综上，本发明通过在硅碳材料表面包覆氮磷共掺杂的导电基体层，使硅碳负极材料的导电性能、离子扩散性能和结构稳定性得到了有效改善，避免其在充放电过程中过度的体积膨胀，进而使电池兼具优异的比容量、倍率性能、库伦效率、循环性能以及较低的厚度膨胀率。-END-如果您对“专利解读”有任何建议/想法/不满，都可以给我们留言，我们会认真考虑您的意见和建议,并及时采纳和修正 每日专利解读",,,,pending
郑州大学张继斌&史志锋AFM：氟苯基肼调控的纯红光锡基钙钛矿LED：覆盖99% Rec.2020色域用于主动矩阵显示,知光谷,知光谷,"RIOnews API, 钙钛矿",normal,2026-08-13T08:53:11+08:00,,"二维锡基钙钛矿（TEA₂SnI₄）发光二极管具有纯红光发射和环境友好的特点，在宽色域显示领域展现出巨大潜力。然而，其电致发光性能仍远落后于铅基同类器件，主要面临快速结晶和Sn²⁺自发氧化为Sn⁴⁺两大挑战。本研究郑州大学张继斌和史志锋等人提出一种理性分子设计策略，采用3,5-二氟苯基肼盐酸盐（2FPHCl），该分子兼具还原与钝化双重功能。氟取代基与TEA⁺形成氢键，调控结晶过程；肼基团则作为还原剂抑制Sn²⁺氧化。由此，快速结晶和自氧化导致的缺陷被同步抑制。优化后的纯红光钙钛矿薄膜光致发光量子产率提升6倍，同时实现了更平衡的载流子注入。最终，器件达到11.7% 的外量子效率，99%的Rec.2",http://mp.weixin.qq.com/s?__biz=MzI2MjQ5NDkyOA==&mid=2247568729&idx=2&sn=3a81d4da8683e7b4363a631b26e8eaf8,,"二维锡基钙钛矿（TEA₂SnI₄）发光二极管具有纯红光发射和环境友好的特点，在宽色域显示领域展现出巨大潜力。然而，其电致发光性能仍远落后于铅基同类器件，主要面临快速结晶和Sn²⁺自发氧化为Sn⁴⁺两大挑战。本研究郑州大学张继斌和史志锋等人提出一种理性分子设计策略，采用3,5-二氟苯基肼盐酸盐（2FPHCl），该分子兼具还原与钝化双重功能。氟取代基与TEA⁺形成氢键，调控结晶过程；肼基团则作为还原剂抑制Sn²⁺氧化。由此，快速结晶和自氧化导致的缺陷被同步抑制。优化后的纯红光钙钛矿薄膜光致发光量子产率提升6倍，同时实现了更平衡的载流子注入。最终，器件达到11.7% 的外量子效率，99%的Rec.2","二维锡基钙钛矿（TEA₂SnI₄）发光二极管具有纯红光发射和环境友好的特点，在宽色域显示领域展现出巨大潜力。然而，其电致发光性能仍远落后于铅基同类器件，主要面临快速结晶和Sn²⁺自发氧化为Sn⁴⁺两大挑战。本研究郑州大学张继斌和史志锋等人提出一种理性分子设计策略，采用3,5-二氟苯基肼盐酸盐（2FPHCl），该分子兼具还原与钝化双重功能。氟取代基与TEA⁺形成氢键，调控结晶过程；肼基团则作为还原剂抑制Sn²⁺氧化。由此，快速结晶和自氧化导致的缺陷被同步抑制。优化后的纯红光钙钛矿薄膜光致发光量子产率提升6倍，同时实现了更平衡的载流子注入。最终，器件达到11.7% 的外量子效率，99%的Rec.2020色域覆盖率，并具有微秒级响应速度。该策略进一步实现了发光面积达12.25 cm²的大面积器件，以及首个基于锡基钙钛矿的主动矩阵显示，可呈现清晰的卡通图像和视频。文章亮点：“一石二鸟”多功能添加剂设计：2FPHCl分子中的氟原子通过形成F···H—N氢键与TEA⁺相互作用，有效减缓TEA₂SnI₄的结晶速率（结晶速率常数从0.121 s⁻¹降至0.043 s⁻¹），抑制快速结晶带来的缺陷；同时肼基团作为还原剂将Sn⁴⁺含量从25.9%降至10.3%，显著抑制Sn²⁺自氧化。创纪录的色纯度与效率：优化器件CIE坐标为(0.705, 0.294)，完美匹配Rec.2020纯红标准，色域覆盖率高达99%，为锡基PeLEDs中迄今最优；同时实现11.7%的外量子效率和8.87 μs的快速响应，兼顾高效率和快响应。从大面积到主动矩阵显示的突破：该策略成功制备发光面积达12.25 cm²的大面积均匀红光LED；更重要的是，首次将锡基钙钛矿LED与薄膜晶体管（TFT）背板集成，实现了64×64像素的主动矩阵显示，可播放动态视频，为锡基钙钛矿在宽色域显示领域的实际应用迈出了里程碑式的一步。Fluorophenylhydrazine-Modulated Pure-Red Tin-Based Perovskite LEDs With 99% Rec. 2020 Gamut Coverage for Active-Matrix DisplaysXinzhen Ji, Yunlong Yang, Qinglin Zeng, Shuailing Lin, Qicong Zhou, Meng Wang, Fei Zhang, Weihong Chu, Qianli Liu, Niannian Wang, Zhenghao Xia, Zhuangzhuang Ma, Jibin Zhang, Xinjian Li, Zhifeng Shihttps://doi.org/10.1002/adfm.77647学术交流QQ群知光谷光伏器件学术QQ群：641345719钙钛矿产教融合交流@知光谷（微信群）：需添加编辑微信为加强科研合作，我们为海内外科研人员专门开通了钙钛矿科创合作专业科研交流微信群。加微信群方式：添加编辑微信pvalley2024，备注：姓名-单位-研究方向（无备注请恕不通过），由编辑审核后邀请入群。",,,,pending
每日更新：钙钛矿电池、钙钛矿LED纪录效率表(知光谷),知光谷,知光谷,"RIOnews API, 钙钛矿, 柔性钙钛矿, 学术研究, 大学, 教授, 科学院, 研究所",normal,2026-08-13T08:53:11+08:00,,前言：细分八个板块，囊括红绿蓝发光二极管、非铅钙钛矿、全无机钙钛矿、单结小面积、单结大面积（组件）；倒置、信你们感兴趣的话题，我们会不定期选择进行原创专栏撰光蓝光白光EQE42.9%32.5%26.4%31.1%团队吉林大学纪文宇、复旦大学杨迎国、北京交通大学唐爱伟、东南大学卢海洲、吉林大学谢文法中科院半导体所张兴旺&游经碧浙江大学狄大卫、叶志镇和戴兴良团队澳门科技大学李述汤、苏州大学谢跃民和冯敏强数据源https://doi.org/10.1038/s41586-026-10134-1https://advanced.onlinelibrary.wiley.com/doi/10.1002/a,http://mp.weixin.qq.com/s?__biz=MzI2MjQ5NDkyOA==&mid=2247568729&idx=4&sn=2cf896786eb31909dfd0e071d8e0945b,,前言：细分八个板块，囊括红绿蓝发光二极管、非铅钙钛矿、全无机钙钛矿、单结小面积、单结大面积（组件）；倒置、信你们感兴趣的话题，我们会不定期选择进行原创专栏撰光蓝光白光EQE42.9%32.5%26.4%31.1%团队吉林大学纪文宇、复旦大学杨迎国、北京交通大学唐爱伟、东南大学卢海洲、吉林大学谢文法中科院半导体所张兴旺&游经碧浙江大学狄大卫、叶志镇和戴兴良团队澳门科技大学李述汤、苏州大学谢跃民和冯敏强数据源https://doi.org/10.1038/s41586-026-10134-1https://advanced.onlinelibrary.wiley.com/doi/10.1002/a,前言：细分八个板块，囊括红绿蓝发光二极管、非铅钙钛矿、全无机钙钛矿、单结小面积、单结大面积（组件）；倒置、信你们感兴趣的话题，我们会不定期选择进行原创专栏撰光蓝光白光EQE42.9%32.5%26.4%31.1%团队吉林大学纪文宇、复旦大学杨迎国、北京交通大学唐爱伟、东南大学卢海洲、吉林大学谢文法中科院半导体所张兴旺&游经碧浙江大学狄大卫、叶志镇和戴兴良团队澳门科技大学李述汤、苏州大学谢跃民和冯敏强数据源https://doi.org/10.1038/s41586-026-10134-1https://advanced.onlinelibrary.wiley.com/doi/10.1002/adma.202503699https://www.science.org/doi/10.1126/sciadv.ado5645https://pubs.acs.org/doi/10.1021/acsnano.4c18116时间2026年2月11日2025年5月23日2024年7月17日2025年3月26日类锡基近红外锡基红光叠层绿光纯红色EQE11.6%20.29%41.1%23.5%团队南京工业大学王建浦&黄维&常进团队吉林大学王宁，上海大学杨绪勇及洛桑联邦理工学院Michael Grätzel&Lu Haizhou团队苏州大学谢跃民&冯敏强&李述汤中国科学院半导体研究所张兴旺研究员、游经碧研究员团队数据源https://www.nature.com/articles/s41565-023-01588-9https://www.nature.com/articles/s41586-023-06514-6https://doi.org/10.1039/D3TC03466Fhttps://www.science.org/doi/10.1126/science.adj8858时间2024年1月12日2023年8月9日2024年1月24日2024年5月3日类别FA基近红外EQE32%团队南京工业大学黄维院士、王建浦教授、朱琳副教授数据源https://www.nature.com/articles/s41586-024-07460-7时间2024年5月29日PSCs世界纪录（叠层）类别钙钛矿/硅钙钛矿/钙钛矿钙钛矿/钙钛矿钙钛矿/OPVPCE34.6%（1）28.2%（1.038）30.1%（0.0489）25.56单位隆基绿能南京大学、仁烁光电南京大学、仁烁光电香港城市大学曾晓成&朱宗龙&中国科学技术大学杨上峰数据源https://www.nrel.gov/pv/interactive-cell-efficiency.htmlhttps://onlinelibrary.wiley.com/doi/10.1002/pip.3726https://onlinelibrary.wiley.com/doi/10.1002/pip.3726https://onlinelibrary.wiley.com/doi/10.1002/adma.202410692时间2024年05月1日2023年6月1日2024年10月31日2024年9月23日类别钙钛矿/CIGS柔性钙钛矿/晶体硅PCE26.3%（0.222 cm2）33.6%单位首尔大学阿卜杜拉国王科技大学Stefaan De Wolf、苏州大学杨新波和张晓宏数据源https://www.nrel.gov/pv/interactive-cell-efficiencyhttps://doi.org/10.1038/s41586-025-09849-4时间2025年5月2025年11月PSCs世界纪录（组件）类别钙钛矿钙钛矿PCE20.6%（215.53）23.2%（27.2）单位韩国化学技术研究所与韩国半导体设备制造商UniTest洛桑联邦理工学院Mohammad Khaja Nazeeruddin教授、Paul J. Dyson教授、赵康宁、西湖大学王睿研究员以及常州圣盛精工设备有限公司Jiang Sheng等人数据源https://www.nrel.gov/pv/interactive-cell-efficiency.htmlhttps://www.science.org/doi/10.1126/science.ado6619时间2024年6月23日2024年10月31日PSMs世界纪录（单结）类别钙钛矿钙钛矿钙钛矿PCE20.7%稳态效率（810cm²）19.04%稳态效率 ( 20000cm²) 23.30%（ 27.22 cm²）单位极电光能协鑫光电洛桑联邦理工学院Paul J. Dyson、 Mohammad Khaja Nazeeruddin、丁勇、苏州大学张晓宏数据源https://mp.weixin.qq.com/s/a2OHPAYLEr_NccLdaoe0Lwhttps://mp.weixin.qq.com/s?__biz=MzI2MjQ5NDkyOA==&mid=2247530134&idx=3&sn=209efe45aaceb933bbfa95dbfac67f3b&chksm=ea487929dd3ff03f8b86eecaf830168999712614e226fe4ae0e64d2d35124a91842a94be96e1&token=776053579&lang=zh_CN#rdhttps://doi.org/10.1038/s41586-024-07228-z时间2023年2月27日2024年3月6日2024年3月7日PSCs世界纪录类别钙钛矿钙钛矿（倒置）钙钛矿（正置）钙钛矿（倒置）1.67eVPCE27.3%（0.01cm2）27.6%26.5效率（认证26.31%）23.1% 效率（认证 22.95%） 单位苏州大学教授彭军、张晓宏团队联合澳大利亚新南威尔士大学及浙江省白马湖实验室华中科技大学陈炜、刘宗豪、韩国成均馆大学Nam-Gyu Park、刘三万、俄罗斯科学院Pavel A. Troshin和深圳职业技术大学李竞白团队北京大学赵丽臣和朱瑞团队武汉大学王植平团队数据源https://onlinelibrary.wiley.com/doi/10.1002/pip.3919https://www.science.org/doi/10.1126/science.aeb9953https://doi.org/10.1038/s41560-024-01642-3https://doi.org/10.1002/adma.202307701时间2025年5月26日2025年2月10日2024年9月16日类别二维n=5钙钛矿柔性钙钛矿空气中制备钙钛矿PCE22.26%25.44%25.08%单位韩国成均馆大学Nam-Gyu Park团队南昌大学胡笑添和陈义旺团队华北电力大学李美成数据源https://pubs.acs.org/doi/10.1021/acsenergylett.1c02645https://doi.org/10.1002/adfm.202424191https://doi.org/10.1038/s41560-023-01358-w时间2022年1月24日2025年2月7日2023年9月28日PSCs世界纪录类别锡基 FA-PEASnI3 锡基 FASnI3锡基无机CsSnI2BrPCE15.38%15.7%11.87%单位华侨大学魏展画、田成波团队上海科技大学米启兮团队高丽大学Ki-Ha Hong、韩巴大学Sang Hyuk Im数据源https://www.nature.com/articles/s41566-024-01381-7https://doi.org/10.1021/acsenergylett.4c00529https://pubs.acs.org/doi/abs/10.1021/acsenergylett.3c02032时间2024年1月29日2024年4月4日2021年9月9日类别锡基无机CsSnI3锡铅混合PCE11.21%24.13%单位华南理工严克友团队上海交通大学陈汉团队数据源https://onlinelibrary.wiley.com/doi/10.1002/adma.202300503https://doi.org/10.1038/s41467-024-51361-2时间2023年3月30日2024年8月12日PSCs世界纪录类别无掺杂HTM金属有机物无掺HTM小分子倒置HTMPCE24.60%21.30%25.70%单位韩国高丽大学Eui Hyuk Jung、Jun Hong Noh团队韩国蔚山国家科学技术研究所Sang Il Seok团队南方科技大学徐保民、王行柱、章勇、湘潭大学闫磊以及香港城市大学Alex K.-Y. Jen等人数据源https://pubs.rsc.org/en/content/articlepdf/2021/ee/d0ee03312jhttps://onlinelibrary.wiley.com/doi/10.1002/adfm.202110473https://pubs.acs.org/doi/10.1021/jacs.4c13355时间2021年3月2日2021年12月8日2024年12月18日类别碳电极全无机反式无HTM碳电极PCE23.24%18.05%19.06%单位大连理工大学王宇迪、史彦涛团队陕西师范大学向万春&大连化物所刘生思&韩国蔚山国立科学技术研究院SanglSeok华南农业大学潘振晓&钟新华数据源https://advanced.onlinelibrary.wiley.com/doi/10.1002/aenm.202405355https://www.sciencedirect.com/science/article/abs/pii/S2542435125000078https://onlinelibrary.wiley.com/doi/epdf/10.1002/anie.202302342时间2025年3月4日2025年2月3日2023年3月31日PSCs世界纪录类别CsPbI3CsPbBr3CsPb3-XIx(反式)CsPbI2BrPCE20.82%11.08%21.0%18.05%单位陕西师范大学向万春&大连化物所刘生忠&韩国蔚山国立科学技术研究院Sang Il Seok中国暨南大学段加龙、唐群委陕西师范大学向万春、刘生忠国家纳米科学中心左传天和丁黎明，中南大学刘芳洋及洛桑联邦理工学院丁勇数据源https://doi.org/10.1016/j.joule.2025.101826https://onlinelibrary.wiley.com/doi/10.1002/advs.202101418https://onlinelibrary.wiley.com/doi/10.1002/adma.202312237https://onlinelibrary.wiley.com/doi/abs/10.1002/aenm.202300738时间2025年2月3日2021年8月8日2024年2月16日2023年7月23日PSCs的开压世界纪录类别FAPbI3CsPbI3CsPbBr3最高开压1.18V1.33V1.702V单位韩国蔚山国家科学技术研究所（UNIST）Changduk Yang团队中国中科院半导体所游经碧团队中国暨南大学段加龙&唐群委团队 数据源https://www.science.org/doi/10.1126/science.abb7167https://onlinelibrary.wiley.com/doi/abs/10.1002/smll.202005246https://onlinelibrary.wiley.com/doi/10.1002/advs.202101418时间2020年9月25日 2020年11月23日2021年8月8日类别CsPbI2BrCsPbIBr2MAPbCl3最高开压1.45V1.54V1.78V单位德国埃尔兰根-纽伦堡大学Ning Li、Christoph J. Brabec团队日本横滨大学Zhanglin Guo&Tsutomu Miyasaka团队斯图加特大学Mahdi Malekshahi、Byranvand及Michael Saliba等人数据源https://pubs.acs.org/doi/10.1021/acsenergylett.2c01883https://onlinelibrary.wiley.com/doi/10.1002/adfm.202207554https://pubs.acs.org/doi/abs/10.1021/acsenergylett.3c02777时间2022年10月24日2022年8月21日2024年2月16日持续更新中...新突破的记录，欢迎读者投稿学术交流QQ群知光谷光伏器件学术QQ群：641345719钙钛矿产教融合交流@知光谷（微信群）：需添加编辑微信为加强科研合作，我们为海内外科研人员专门开通了钙钛矿科创合作专业科研交流微信群。加微信群方式：添加编辑微信 pvalley2024，备注：姓名-单位-研究方向（无备注请恕不通过），由编辑审核后邀请入群。欢迎查阅，欢迎反馈！,,,,pending
招聘专栏：浙江大学宁波国际科创中心课题组招聘研发工程师公告,知光谷,知光谷,"RIOnews API, 钙钛矿",normal,2026-08-13T08:53:11+08:00,,浙江大学宁波国际科创中心课题组招聘研发工程师1名，该课题组主要从事钙钛矿太阳能电池研究。一、招聘岗位：钙钛矿电池研发工程师二、应聘要求（1）化学、材料、能源等相关专业，硕士毕业或有相关研发经验本科毕业生；（2）具备宽带隙钙钛矿电池或钙钛矿单晶生长研发经验优先；（3）熟悉光电材料常用表征测试方法；（4）具有良好的沟通能力和团队协作精神，工作认真负责，具有较强的学习能力和解决问题的能力。三、岗位职责负责钙钛矿太阳能电池功能层质量优化。包括制定工艺提升方案，推进工艺提升方案的实施；参与内部技术交流，总结汇报工艺进展；记录、整理实验记录，撰写分析报告和论文，申报相关专利。四、薪酬待遇根据应聘人背景经历,http://mp.weixin.qq.com/s?__biz=MzI2MjQ5NDkyOA==&mid=2247568729&idx=3&sn=decb18bec8f54c7ae8714b1fea4989f7,,浙江大学宁波国际科创中心课题组招聘研发工程师1名，该课题组主要从事钙钛矿太阳能电池研究。一、招聘岗位：钙钛矿电池研发工程师二、应聘要求（1）化学、材料、能源等相关专业，硕士毕业或有相关研发经验本科毕业生；（2）具备宽带隙钙钛矿电池或钙钛矿单晶生长研发经验优先；（3）熟悉光电材料常用表征测试方法；（4）具有良好的沟通能力和团队协作精神，工作认真负责，具有较强的学习能力和解决问题的能力。三、岗位职责负责钙钛矿太阳能电池功能层质量优化。包括制定工艺提升方案，推进工艺提升方案的实施；参与内部技术交流，总结汇报工艺进展；记录、整理实验记录，撰写分析报告和论文，申报相关专利。四、薪酬待遇根据应聘人背景经历,浙江大学宁波国际科创中心课题组招聘研发工程师1名，该课题组主要从事钙钛矿太阳能电池研究。一、招聘岗位：钙钛矿电池研发工程师二、应聘要求（1）化学、材料、能源等相关专业，硕士毕业或有相关研发经验本科毕业生；（2）具备宽带隙钙钛矿电池或钙钛矿单晶生长研发经验优先；（3）熟悉光电材料常用表征测试方法；（4）具有良好的沟通能力和团队协作精神，工作认真负责，具有较强的学习能力和解决问题的能力。三、岗位职责负责钙钛矿太阳能电池功能层质量优化。包括制定工艺提升方案，推进工艺提升方案的实施；参与内部技术交流，总结汇报工艺进展；记录、整理实验记录，撰写分析报告和论文，申报相关专利。四、薪酬待遇根据应聘人背景经历，提供具有竞争性的薪酬待遇。五、工作地点浙江大学宁波国际科创中心（宁波市鄞州区南高教园），周围交通便利，生活配套齐全，环境舒适。六、申请方式招聘将坚持公开、公平、竞争、择优的原则，有意向者请将个人简历（包括教育、工作、项目研究经历以及其它证明本人能力、水平的相关资料），以“姓名+专业+应聘岗位名称”命名，发送邮件至nb23085@zju.edu.cn。初筛入选者将另行通知面试时间，面试后择优录取。招聘截止时间：招满即止。学术交流QQ群知光谷光伏器件学术QQ群：641345719钙钛矿产教融合交流@知光谷（微信群）：需添加编辑微信为加强科研合作，我们为海内外科研人员专门开通了钙钛矿科创合作专业科研交流微信群。加微信群方式：添加编辑微信pvalley2024，备注：姓名-单位-研究方向（无备注请恕不通过），由编辑审核后邀请入群。,,,,pending
谭海仁&肖科Nature详细解读：实现米级钙钛矿太阳能组件24.0%认证效率与IEC全项可靠性测试通过,知光谷,知光谷,"RIOnews API, 钙钛矿",normal,2026-08-13T08:53:11+08:00,,第一作者：Dongdong Xu、肖科通讯作者：南京大学谭海仁、肖科研究亮点：首创高饱和蒸气压三元溶剂体系（2-Me:DOL:DMSO） ，通过真空辅助干燥过程中的定向溶剂迁移，在钙钛矿薄膜表面自然形成FAI富集层——TOF-SIMS证实FA⁺在表面显著富集而Pb⁺在体相富集，XPS显示表面I 3d和N 1s结合能与纯FAI几乎一致，为后续铅羧酸盐钝化提供了化学匹配的表面态。揭示Pb(OA)₂与FAI富集表面的双功能钝化机制：XPS发现LCP处理后出现C-O-FA新键（533.79 eV），DFT计算表明OA⁻同时与碘空位处欠配位铅配位、并与FA⁺通过氢键结合，形成α-FAPbI₃纳米晶（FA,http://mp.weixin.qq.com/s?__biz=MzI2MjQ5NDkyOA==&mid=2247568729&idx=1&sn=be109c9f9cb60aa0ceac52f8b315dc0b,,第一作者：Dongdong Xu、肖科通讯作者：南京大学谭海仁、肖科研究亮点：首创高饱和蒸气压三元溶剂体系（2-Me:DOL:DMSO） ，通过真空辅助干燥过程中的定向溶剂迁移，在钙钛矿薄膜表面自然形成FAI富集层——TOF-SIMS证实FA⁺在表面显著富集而Pb⁺在体相富集，XPS显示表面I 3d和N 1s结合能与纯FAI几乎一致，为后续铅羧酸盐钝化提供了化学匹配的表面态。揭示Pb(OA)₂与FAI富集表面的双功能钝化机制：XPS发现LCP处理后出现C-O-FA新键（533.79 eV），DFT计算表明OA⁻同时与碘空位处欠配位铅配位、并与FA⁺通过氢键结合，形成α-FAPbI₃纳米晶（FA,"第一作者：Dongdong Xu、肖科通讯作者：南京大学谭海仁、肖科研究亮点：首创高饱和蒸气压三元溶剂体系（2-Me:DOL:DMSO） ，通过真空辅助干燥过程中的定向溶剂迁移，在钙钛矿薄膜表面自然形成FAI富集层——TOF-SIMS证实FA⁺在表面显著富集而Pb⁺在体相富集，XPS显示表面I 3d和N 1s结合能与纯FAI几乎一致，为后续铅羧酸盐钝化提供了化学匹配的表面态。揭示Pb(OA)₂与FAI富集表面的双功能钝化机制：XPS发现LCP处理后出现C-O-FA新键（533.79 eV），DFT计算表明OA⁻同时与碘空位处欠配位铅配位、并与FA⁺通过氢键结合，形成α-FAPbI₃纳米晶（FAI:LCP=3:1时出现13.9°特征峰）并被向外取向的烷基链封端——既钝化界面缺陷又提供疏水屏障。实现24.0%（810 cm²孔径面积）和22.0%（0.72 m²总面积）的认证效率，为迄今报道的米级钙钛矿组件最高效率；冠军模块V_OC达53.4 V、FF达84.2%，MPPT下稳定输出超2小时（158.6 W），且在1.68 eV和1.80 eV宽带隙体系中验证了普适性。首次展示钙钛矿光伏组件通过IEC 61215全套可靠性测试：LCP修饰模块在1300小时湿热测试（85°C/85% RH）后仅损失2%初始效率（AHP对照损失39%），300次热循环后效率损失可忽略，MPPT追踪2200小时后保留96%，紫外老化（30 kWh m⁻²）后保留95%；1 MW电站三月实测数据显示单位发电量增益较TOPCon硅组件达3.42–5.81%。一、本研究针对的问题与挑战钙钛矿光伏技术正从实验室向产业化迈进，大面积组件制备和长期稳定性是两大核心瓶颈。真空辅助干燥技术虽已用于大面积钙钛矿薄膜制备，但溶剂蒸发动力学与组分垂直分布之间的关联尚不明确。同时，铵卤化物钝化剂（AHPs） 虽在实验室尺度广泛使用，但其湿度敏感性（需惰性气氛操作）和大面积涂布时的非均匀分布（咖啡环效应）严重制约了产业化应用。传统替代品如有机聚合物或无机盐钝化剂则面临结合弱或厚度不可控等问题。二、成果简介本文通过设计高饱和蒸气压（SVP）三元溶剂体系（2-甲氧基乙醇:1,3-二氧戊环:DMSO） ，利用VCD过程中定向溶剂迁移驱动溶质对流传输，在钙钛矿薄膜表面原位形成FAI富集层。在此基础上，采用化学稳定的铅羧酸盐——油酸铅Pb(OA)₂作为钝化剂，其与FAI富集表面反应形成α-FAPbI₃纳米晶并向外取向烷基链封端，既高效钝化界面缺陷又提供疏水保护。该策略使810 cm²孔径面积组件获24.0%认证效率，0.72 m²组件获22.0%认证效率，均创米级组件纪录，且通过IEC 61215全套可靠性测试——湿热、热循环、MPPT和紫外老化——标志着钙钛矿光伏首次达到商业化光伏组件的国际标准。三、结果与讨论要点 1 高SVP溶剂体系设计及其对钙钛矿表面FAI富集的调控溶剂筛选与理论依据（图1a, S1, Table 1）：2-Me、DMF和DMSO对FAI和PbI₂的溶解度依次递增，而饱和蒸气压（SVP）依次递减。2-Me凭借最高SVP在VCD过程中优先快速逸出，驱动溶剂由膜内向表面定向迁移，携带溶解的FAI向气-液界面富集。然而，2-Me单独使用会导致含Cs⁺钙钛矿墨水浑浊和沉淀（S1-S11）。引入DOL后，AIMD模拟和NMR（S1-S3）揭示Cs⁺优先与2-Me:DOL复合物中的氧原子配位而非嵌入PbI₂晶格，从而稳定了含Cs⁺墨水——该高SVP三元体系（2-Me:DOL:DMSO=6:3:1）解决了2-Me无法溶解Cs⁺的长期难题。FAI富集表面的实验证实（图1b-d, S12-S13）：TOF-SIMS表面离子成像（图1b）显示高SVP钙钛矿表面FA⁺信号显著富集而Pb⁺信号匮乏，低SVP则相反。深度剖析（图1c）进一步证实FA⁺在高SVP薄膜表面区域浓度明显高于体相。XPS（图1d）表明高SVP钙钛矿表面I 3d和N 1s结合能与纯FAI粉末几乎一致，而低SVP则与PbI₂更接近——证明高SVP表面FAI以几乎未配位状态存在，为后续LCP钝化提供了化学匹配的表面。GIWAXS与薄膜质量（图1e, S24-S28）：高SVP薄膜在0.4°掠入射角下呈现更强的(100)面衍射和显著减少的漫散射，而低SVP薄膜存在明显的PbI₂残留和δ相。SEM显示高SVP薄膜上下表面均具有更清晰的晶粒和改善的形貌。PL和TRPL表明高SVP薄膜具有更强的发光强度和更长的载流子寿命——证实该溶剂体系有效抑制了非辐射复合通道。要点 2 LCP与AHP在FAI富集表面的钝化行为差异大面积涂布对比（图2a-b, S34, S40, S46）：AHP（EDAI₂）在0.72 m²组件上呈现咖啡环效应导致的环形沉积或岛状不均匀形貌，PL mapping（图2b）显示显著的发光强度空间不均匀性——归因于AHP在FAI富集表面的低反应活性和溶剂蒸发过程中的宏观相分离。相比之下，LCP（Pb(OA)₂）在同样条件下形成均匀、致密、无宏观缺陷的钝化层，PL mapping呈现高度均匀的辐射复合分布。疏水性与环境稳定性（图2c-d, S41-S45）：LCP修饰后钙钛矿表面水接触角显著增大（图2c），显示优异的疏水性。在室温30-50% RH空气中暴露24小时后，AHP修饰薄膜出现蜂窝状多孔结构的严重形貌退化（S42），而LCP修饰薄膜保持完整的晶粒形貌。XRD（图2d）显示LCP薄膜在85°C热老化后晶相稳定，AHP薄膜则出现明显的PbI₂分解峰——LCP提供了有效的环境屏障。LCP对AHP的普适性优势（S46, Table 3-4）：在高SVP体系中直接使用AHP虽可提升部分V_OC，但I_SC和FF同时下降——表明AHP在FAI富集表面形成了电阻性界面阻碍电荷传输。作者系统评估了多种LCP（Pb(Ac)₂、Pb(NA)₂、Pb(AcAc)₂、Pb(OA)₂），Pb(OA)₂表现最优（S36-S39），在1.68 eV和1.80 eV宽带隙体系中同样验证了普适性（S68-S71）。要点 3 LCP与FAI富集表面的化学键合与钝化机理XPS揭示新化学键形成（图3a, S47）：纯LCP的O 1s谱显示C-O-Pb（530.26 eV）和C=O（532.25 eV）两个峰。将其沉积于FAI富集钙钛矿表面后，出现新的533.79 eV峰——归属为C-O-FA键（图3a），证明OA⁻与表面FA⁺之间形成了化学键。同时Pb 4f峰从137.98/142.82 eV移至138.91/143.71 eV（S47），表明LCP在钙钛矿表面形成了更稳定的化学环境。DFT理论计算揭示双功能钝化（图3b, S48）：OA⁻优先吸附于钙钛矿表面碘空位处，与欠配位铅配位结合，同时与邻近的FA⁺通过氢键作用结合（图3b）。该吸附构型在同一吸附位点的结合能高于I⁻（S48），表明OA⁻对表面缺陷具有更强的钝化能力。TOF-SIMS深度剖析（S49）显示OA⁻（COO⁺信号）主要分布于薄膜表面，仅痕量沿晶界渗入体相——不对体相载流子传输产生负面影响。KPFM与能级优化（图3c-e, S60-S61）：KPFM表面电势（图3c）显示LCP修饰后平均电势从-395 mV升至-168 mV，电势分布更均匀。功函数统计（图3d）从4.99-5.07 eV降至4.78-4.83 eV。UPS（图3e）确认WF从5.09 eV降至4.88 eV，VBM从-5.71 eV上移至-5.65 eV——更浅的CBM与C₆₀电子传输层形成更有利的能带对齐，促进电子提取（S61）。PL/TRPL/TA证实缺陷钝化（图3f-g, S62-S63）：LCP修饰后稳态PL强度显著增强（图3f），TRPL平均载流子寿命从264 ns延长至706 ns（图3g），寿命mapping显示均匀改善（S62）。瞬态吸收（S63）在765 nm探测波长下LCP修饰薄膜呈现更慢的基态漂白衰减——证明LCP有效减少了载流子陷阱态密度，延长了载流子寿命。要点 4 米级组件性能——810 cm²与0.72 m²30×40 cm²组件（810 cm²孔径面积）（图4a-b, S64-S67, Table 5）：10组统计（图4a）显示LCP修饰组件PCE、V_OC和FF均显著提升，平均PCE从21.7%提升至23.8%。冠军组件（图4b）PCE达24.2%（V_OC=53.4 V, I_SC=0.437 A, FF=84.2%），MPPT下20分钟稳定功率输出19.4 W（~24.0%）（S66）。TÜV SÜD认证PCE=24.0%（V_OC=53.46 V, I_SC=0.436 A, FF=83.40%，S67）——首次突破800 cm²以上组件24%效率门槛。120×60 cm²商业化规格组件（0.72 m²总面积）（图4c-e, S72）：150个组件的PCE统计直方图（图4c）显示平均功率输出144 W。冠军组件（图4d）认证PCE=22.0%（158.4 W）（V_OC=110.8 V, I_SC=1.77 A, FF=81.0%），S72提供认证曲线。MPPT下超过2小时稳定功率输出（图4e）达158.6 W——为迄今报道的米级PSMs最高性能（S73亦证实空气制备耐受性）。宽带隙体系验证（S68-S71）：在1.68 eV和1.80 eV宽带隙钙钛矿体系中，LCP策略同样显著提升了组件V_OC和FF，证明该钝化策略的组成普适性，对未来钙钛矿叠层组件的产业化具有重要意义。要点 5 IEC 61215全套可靠性测试通过湿热测试（ISOS-D-3: 85°C/85% RH, 1300 h）（图5a, S74）：LCP修饰组件仅损失2%初始效率（相对），而AHP组件损失高达39%——LCP的疏水屏障和化学稳定钝化层有效阻止了水分侵入引发的分解。热循环测试（ISOS-T-3: -40°C至85°C, 300次循环）（图5b, S75）：LCP组件效率损失可忽略，AHP组件出现显著退化——归因于LCP修饰层与钙钛矿间的强化学键合提升了界面力学稳定性。MPPT与紫外老化（图5c, S76）：LCP组件在MPPT追踪2200小时后保留96%初始效率（图5c），紫外辐照（总30 kWh m⁻²）后保留95%（S76）——均远超IEC 61215标准要求（85%/90% retention thresholds）。形貌与结构表征（图5d-e, S78-S83）：湿热测试后剥离电极的SEM（图5d）显示AHP处理钙钛矿晶粒严重分解、形貌坍塌，而LCP修饰样品保持完整晶粒几何形貌。XRD（图5e）进一步确认LCP样品结晶取向保留完好，AHP则出现严重的PbI₂分解峰——LCP从化学和形貌两个层面保护了钙钛矿活性层。1 MW电站实测数据（S90-S91）：2026年3-5月在同一个光伏电站对1 MW钙钛矿系统和3.5 MW TOPCon硅系统进行实时监测。钙钛矿组件单位发电量增益逐月提升：3月3.42%、4月3.79%、5月5.81%（S91）——归因于钙钛矿更优的弱光响应和温度系数，验证了钙钛矿光伏的商业化应用价值。四、小结本文通过高SVP三元溶剂体系（2-Me:DOL:DMSO）与化学稳定铅羧酸盐Pb(OA)₂的协同设计，解决了钙钛矿光伏产业化的两大核心瓶颈——大面积高质量薄膜制备和长期运行稳定性。高SVP体系利用VCD过程中的定向溶剂迁移，在钙钛矿表面原位形成FAI富集层，为后续LCP钝化提供了化学匹配的表面态（TOF-SIMS、XPS证实）。Pb(OA)₂通过OA⁻与欠配位Pb配位及与FA⁺氢键结合的双功能机制（DFT、XPS证实），在界面处形成α-FAPbI₃纳米晶并被向外取向烷基链封端——既高效钝化缺陷（TRPL寿命264→706 ns）又提供疏水屏障（接触角显著增大）。该策略使810 cm²孔径面积组件获24.0%认证效率（冠军24.2%），0.72 m²组件获22.0%认证效率（冠军158.6 W），均为米级组件报道最高值；在1.68 eV和1.80 eV宽带隙体系中验证了普适性。更重要的是，LCP修饰组件首次通过IEC 61215全套可靠性测试——湿热（1300 h仅损失2%）、热循环（300次损失可忽略）、MPPT（2200 h保留96%）、紫外老化（30 kWh m⁻²保留95%）——标志着钙钛矿光伏首次达到商业化晶硅组件的国际标准。1 MW电站实测数据进一步验证了其在实际工况下优于TOPCon硅组件的单位发电量（月度增益3.42-5.81%）。该工作为钙钛矿光伏技术的产业化奠定了坚实的科学基础和工艺路径。五、参考文献Xu, D., Xiao, K., Liu, Y. et al. Lead carboxylates passivation for meter-scale perovskite solar modules. Nature (2026).https://doi.org/10.1038/s41586-026-10994-7关设备推荐：传统霍尔仪测低迁移率材料像 “啃硬骨头” 啃不动，交流霍尔仪耗时久还易因热漂移 “跑偏”，Lake Shore M91 快速霍尔测试仪这款革命性一体式霍尔分析仪，直接帮你 “啃下硬骨头、走准测量路”！核心功能：快速精准测量霍尔系数、迁移率、电阻率、载流子浓度攻克钙钛矿、光伏、热电、有机材料等低迁移率材料测量难题，0.001 cm²/(V・s) 也能精准捕捉规避传统直流霍尔仪测量局限、交流霍尔仪耗时久 + 热漂移误差大的弊端核心优势 ：FastHall 专利技术（专利号：9797965和10073151），无需翻转磁场，低迁移率材料测量速度超传统 100 倍最小化热漂移 + 消除磁场对准偏差，大幅提升测量精度适配各类磁体，可与 PPMS 系统联用，拓宽材料研究测试范围使用便捷：自动选最佳激励 / 量程、自动执行测量，易与现有实验室系统集成成本优势：支持新搭建或升级现有系统，低成本引入先进霍尔测量技术电阻量程：标准 10 mΩ~10 MΩ，可选 10 mΩ~200 GΩ，适配更多材料测试需求若您对设备有任何问题，欢迎扫码咨询！学术交流QQ群知光谷光伏器件学术QQ群：641345719钙钛矿产教融合交流@知光谷（微信群）：需添加编辑微信为加强科研合作，我们为海内外科研人员专门开通了钙钛矿科创合作专业科研交流微信群。加微信群方式：添加编辑微信pvalley2024，备注：姓名-单位-研究方向（无备注请恕不通过），由编辑审核后邀请入群。",,,,pending
西极夜话 | 克州钒钛产业的机遇与挑战,全球液流电池储能,全球液流电池储能,"RIOnews API, 长时储能, 液流电池, 产品发布, 发布, 全新, 官宣",normal,2026-08-13T08:51:54+08:00,,据全球液流电池网获悉，依据《全国矿产资源总体规划（2021—2025年）》，钒、钛正式纳入国家战略性金属矿产，明确钒钛资源是国家重要战略资源，钒钛制品是高端装备制造、战略性新兴产业、国防工业的核心基础材料。我国钒储量全球第一，钛储量全球第二，钒制品、海绵钛、钛材、钛白粉产能均位居世界首位。 钒被称为工业味精，传统主要用于钢铁行业，新能源储能（全钒液流电池）正成为新的赛道。钛精矿90%生产钛白粉（二氧化钛），主要用于涂料、塑料、油墨、造纸、人造革、日化等领域；10%生产海绵钛/钛合金，主要用于航空航天、军工、石油化工、氯碱工业、海洋工程、医疗健康、生活用品等。从短期市场看，储能政策落地速度决定钒,http://mp.weixin.qq.com/s?__biz=Mzg3NjcyNzE4Nw==&mid=2247577733&idx=8&sn=f428671c973b9bf8061a8ae6d6ed91b6,,据全球液流电池网获悉，依据《全国矿产资源总体规划（2021—2025年）》，钒、钛正式纳入国家战略性金属矿产，明确钒钛资源是国家重要战略资源，钒钛制品是高端装备制造、战略性新兴产业、国防工业的核心基础材料。我国钒储量全球第一，钛储量全球第二，钒制品、海绵钛、钛材、钛白粉产能均位居世界首位。 钒被称为工业味精，传统主要用于钢铁行业，新能源储能（全钒液流电池）正成为新的赛道。钛精矿90%生产钛白粉（二氧化钛），主要用于涂料、塑料、油墨、造纸、人造革、日化等领域；10%生产海绵钛/钛合金，主要用于航空航天、军工、石油化工、氯碱工业、海洋工程、医疗健康、生活用品等。从短期市场看，储能政策落地速度决定钒,据全球液流电池网获悉，依据《全国矿产资源总体规划（2021—2025年）》，钒、钛正式纳入国家战略性金属矿产，明确钒钛资源是国家重要战略资源，钒钛制品是高端装备制造、战略性新兴产业、国防工业的核心基础材料。我国钒储量全球第一，钛储量全球第二，钒制品、海绵钛、钛材、钛白粉产能均位居世界首位。 钒被称为工业味精，传统主要用于钢铁行业，新能源储能（全钒液流电池）正成为新的赛道。钛精矿90%生产钛白粉（二氧化钛），主要用于涂料、塑料、油墨、造纸、人造革、日化等领域；10%生产海绵钛/钛合金，主要用于航空航天、军工、石油化工、氯碱工业、海洋工程、医疗健康、生活用品等。从短期市场看，储能政策落地速度决定钒价强弱，宏观经济、基建、航空订单决定钛材需求。从中期市场看，随着风光大基地、电网独立储能大规模建设，钒消费量会大幅提升，行业整体景气上行；钛行业结构性升级，低端竞争激烈、高端产能扩张，行业利润向头部企业集中。新型电力系统建设完成后，钒需求增速会放缓，进入稳定增长阶段；钛随着高端制造、军工、海洋工程、生活用品等发展，需求稳步提升。 国家钒钛产业联盟《中国钒产业/钛产业发展报告（2025）》将国内钒钛产业发展格局概括为：“3”大钒钛磁铁矿资源集聚区+“N”个特色加工、深加工、循环利用、应用产业区。“3”大资源集聚区均依托大型钒钛磁铁矿。四川攀西地区是全国规模最大、产业链最完整的钒钛基地，从采矿到储能环节齐全，是国内钒制品和钛精矿的主要供应地。河北承德与辽宁朝阳组成的承德—朝阳地区，则是北方钒钛产业核心，特点是钒与钢铁生产深度融合，朝阳还布局了服务于航空航天领域的海绵钛和钛合金加工。新疆哈密—喀什、克州地区属于国家战略后备基地，资源远景可观，但目前仍以矿山前期开发为主，是未来的重要增量板块。“N”个多元化特色区域主要聚焦中游冶炼、深加工、循环、应用。钛白粉生产集中在河南、山东、广西和四川内江等地，多利用进口矿源；高端钛材加工则集聚在陕西宝鸡、江苏和上海，面向航空航天、医疗等高端领域；钒循环利用与全钒液流电池储能产业，分布在四川内江、云南楚雄和辽宁等地；而湖南、甘肃、陕西等地的传统石煤提钒，受环保约束规模已有所收缩。新疆湘晟新材料科技有限公司钛金属冶炼场景（图源：石榴云/新疆日报） 新疆作为钒钛磁铁矿资源未来增量基地，近年来越来越引起业内外资本的关注，有望成为全国“第三极”。新疆钒钛磁铁矿以低品位超贫矿为主，部分矿区伴生铬、钴，资源空间上形成哈密、巴楚、阿图什三大核心片区。哈密片区钒钛磁铁矿已查明资源量6亿吨，拥有全疆唯一完整钛冶金产业链，新疆湘晟新材料实现钛精矿—高钛渣—海绵钛—钛材、钛合金一体化生产，海绵钛产能位居全国前列。巴楚片区钒钛磁铁矿已探明资源量30亿吨，列入国家铁矿“基石计划”，重点布局采矿选矿、钛白粉、钒深加工。阿图什片区钒钛磁铁矿查明资源储量约12亿吨，已形成矿山开采、干选、尾矿综合回收初级产能，正在建设钒钛工业园区和化工产业集中区。休息一下，看个广告 克州钒钛资源主要分布在阿图什市普昌—苏洪—吐古买提一带，总体呈现为贫铁、中钛、高钒，平均品位铁8%—16%、钛3%—6%、钒0.8%—1%（铁精粉中含量）。克州钒钛产业作为新疆起步较晚的资源基地，具有良好的发展机遇和广阔的发展前景：一是国家战略金属安全需求持续提升。钒、钛纳入战略性矿产目录，国内高端钛合金、长时储能原材料对外依存需求持续降低，新疆钒钛资源开发是补齐国内资源保障版图的重要支撑。特别是新能源储能催生钒需求爆发，全钒液流电池成为风光大基地配套长时储能主流路线，拉动五氧化二钒、钒电解液持续增长，为钒深加工开辟全新赛道，阿图什钒钛磁铁矿高钒的特性具有良好前景。二是克州钒钛资源储量丰富，风化程度高，适合露天开采。克州还拥有丰富的盐湖、石英石、白云岩资源，可以生产氯气、金属钠、金属镁，这些都是氯化法钛白粉、镁还原海绵钛的必备原料，具备形成钒产业、钛产业、盐产业、镁产业相互耦合的循环产业优势，大幅度降低产业成本。三是低成本绿电形成独特竞争优势。克州是新疆唯一全绿电发电地州，2025年全绿电运行天数超过200天，而且水电、风电、光伏、储能均有分布，绿电供应和成本优势显著。钒钛冶炼属于高耗能产业，依托“绿电+钒钛”模式，打造低碳冶金、绿色钒钛产品，可以形成区别于其他火电冶炼产区的差异化竞争力。加之，内地高耗能冶金项目能耗、环保管控趋严，绿色低碳冶金产能向西转移，克州绿电资源具备承接条件。四是亚欧黄金通道和向西开放的桥头堡区位优势明显。克州拥有伊尔克什坦、吐尔尕特两个国家一类陆路口岸，2025年进出口过货量占南疆的90%，中吉乌铁路国内段主要集中在克州境内，并从吐尔尕特出境。近年来，中亚城镇化、基础设施建设高速增长，持续拉动钛白粉、钒铁、高强钢材需求，克州具备打造面向中亚钒钛制品出口基地的独特条件。五是政策多重叠加赋能。中央赋予南疆特殊政策、中央企业和援疆省市产业合作、自治区打造国家钛基新材料产业集群和黑色金属产业链专项扶持等政策持续落地，必将为克州钒钛产业全产业开发提供强大动能。 在看到机遇的同时，克州钒钛产业也面临诸多困难和挑战：一是低品位矿占比高，选矿工艺复杂，药剂、电力成本高于攀枝花等高品位矿。二是产业链断层，上下游配套不完善，南疆普遍缺少冶炼环节，初级原料外销，利润外流。三是物流双面矛盾，对内远离内地制造业市场，长途运输成本高；对外拥有口岸优势，但目前成品出口规模尚未打开。四是能耗、环保约束压力大，钛白粉、海绵钛、钒冶炼均属于高载能行业，能耗指标紧张，环保、尾矿库管控标准持续收紧。五是人才与技术短板，本地缺乏冶金、新材料科研力量，高端技术人才引留难度大，核心工艺依赖外部引进。六是内部区域竞争，克州与哈密、巴楚存在同质化招商风险，若缺乏统筹，容易在初级原料赛道形成内部竞争。 综合分析国内、新疆、克州钒钛产业的资源基础、发展现状、未来趋势，我们认为，克州钒钛产业应当紧紧围绕中央赋予新疆“五大战略定位”中的“亚欧黄金通道和向西开放的桥头堡、构建新发展格局的战略支点、全国能源资源战略保障基地”，着眼以国内大循环为主体、国内国际双循环相互促进，在持续加大找矿力度的基础上，加快建设国家级钒钛资源战略基地，着力打造面向中亚市场为主的外向型钒钛产业综合加工基地。短期稳步扩大绿色采选规模，提升钒钛综合回收率，发展尾矿综合利用；中期引进钛白粉、钒铁铸造等项目，打造“原料就地加工+面向中亚外销”的特色钒钛产业，进军中亚基建涂料、钢铁市场；远期发展海绵钛/钛合金、钒储能材料等高端制造，推进特色新材料出口，拓展国内国际两个市场。 我们相信，克州拥有丰富的钒钛资源、绿电能源、边境口岸及多重政策优势，只要高起点规划、高层级推动、高水平招商、高效能服务，帕米尔高原必将成为我国钒钛产业新的增长极，阿图什打造“南疆钒钛之都”的梦想一定能够实现。CFE2026第七届中国液流电池储能大会议程（8月10日更新）近期热点及活动1、7.6GWh！含11个全钒液流，云南发改委、能源局发布2026年共享储能项目清单2、官宣定档！朝圣之旅，9月17-18日CFE2026第七届中国液流电池储能大会相约大连！参展、演讲、参会报名正式启动！3、AI的尽头是储能与电力！CFE2026第六届中国液流电池储能大会圆满落幕，新型储能“转正”从电力“配角”到六大新兴支柱产业进阶4、突破迎关键临界点！全球旗舰盛会—CFE2025第五届中国液流电池储能大会暨2024-2025年度液流品牌颁奖盛典圆满落幕5、获奖名单及终版议程发布！CFE2025第五届中国液流电池储能大会暨品牌颁奖盛典9月19-20日武汉盛大召开6、共筑全产业链生态繁荣！全球风向—CFE2025第四届中国液流电池储能大会、中国液流电池青年科学家论坛圆满落幕7、晚宴名单、参会总名单、终版议程发布｜CFE2025第四届中国液流电池储能大会3月3日盛大开幕8、全国首个！四川出台钒电池储能产业专项政策每月6日活动日，群内成员全开放1天依据《全国矿产资源总体规划（2021—2025年）》，钒、钛正式纳入国家战略性金属矿产，明确钒钛资源是国家重要战略资源，钒钛制品是高端装备制造、战略性新兴产业、国防工业的核心基础材料。,,,,pending
锂电靠“防”，液流电池靠“避”？储能安全的底层差异,全球液流电池储能,全球液流电池储能,"RIOnews API, 长时储能, 液流电池, 产品发布, 发布, 官宣",normal,2026-08-13T08:51:54+08:00,,据全球液流电池网获悉，随着储能电站从MWh级走向百MWh乃至GWh级，安全正从一个技术指标，变成影响储能路线选择的重要变量。 截至2025年底，我国新型储能已建成投运1.36亿千瓦/3.51亿千瓦时，其中10万千瓦及以上大型项目装机占比达到72%。项目越大，一次事故可能带来的影响也越大。 在这一背景下，液流电池相比锂离子电池的安全优势，正在受到更多关注。 锂电为什么绕不开“热失控”？ 锂离子电池产业链成熟、成本优势明显，但其安全体系始终需要重点防范一个问题——热失控。 锂电池的能量和活性材料高度集中在电芯内部，同时普遍采用有机电解液。当电芯发生过充、短路、机械损伤或持续高温时，内部可能持续放热,http://mp.weixin.qq.com/s?__biz=Mzg3NjcyNzE4Nw==&mid=2247577733&idx=3&sn=4091b5905f3bf238793442d271780526,,据全球液流电池网获悉，随着储能电站从MWh级走向百MWh乃至GWh级，安全正从一个技术指标，变成影响储能路线选择的重要变量。 截至2025年底，我国新型储能已建成投运1.36亿千瓦/3.51亿千瓦时，其中10万千瓦及以上大型项目装机占比达到72%。项目越大，一次事故可能带来的影响也越大。 在这一背景下，液流电池相比锂离子电池的安全优势，正在受到更多关注。 锂电为什么绕不开“热失控”？ 锂离子电池产业链成熟、成本优势明显，但其安全体系始终需要重点防范一个问题——热失控。 锂电池的能量和活性材料高度集中在电芯内部，同时普遍采用有机电解液。当电芯发生过充、短路、机械损伤或持续高温时，内部可能持续放热,据全球液流电池网获悉，随着储能电站从MWh级走向百MWh乃至GWh级，安全正从一个技术指标，变成影响储能路线选择的重要变量。 截至2025年底，我国新型储能已建成投运1.36亿千瓦/3.51亿千瓦时，其中10万千瓦及以上大型项目装机占比达到72%。项目越大，一次事故可能带来的影响也越大。 在这一背景下，液流电池相比锂离子电池的安全优势，正在受到更多关注。 锂电为什么绕不开“热失控”？ 锂离子电池产业链成熟、成本优势明显，但其安全体系始终需要重点防范一个问题——热失控。 锂电池的能量和活性材料高度集中在电芯内部，同时普遍采用有机电解液。当电芯发生过充、短路、机械损伤或持续高温时，内部可能持续放热，并形成： 电芯升温→ 副反应加速 → 可燃气体释放 → 热失控 → 相邻电芯热蔓延。 就2026年已发生多起锂电导致的储能事故，其中5月1日，英国Rufford大型储能电站发生火灾。该项目规模约7MW/9MWh，采用早期NMC三元锂电池，事故中电池发生短路并引发故障，随后进一步蔓延，最终导致储能系统起火。 因此，今天的锂电储能需要依靠BMS、液冷、烟气探测、消防、泄爆以及PACK和舱级隔离等多重措施控制风险。 其核心逻辑始终是：尽量防止热失控发生，并阻止其继续传播。 所以，锂电安全更多依赖“防”。液流电池为什么天然更安全？ 液流电池的安全逻辑不同。以全钒液流电池为例，其正、负极活性物质存在于水系电解液中，电解液储存在外部储罐，再通过循环泵输送进入电堆完成反应。 它与锂电最大的区别在于：能量并不是高度集中在大量密集排列的电芯内部。 更重要的是，全钒液流电池采用水系电解液，与锂电常见的可燃有机电解液相比，本身不具备相同的燃烧特性，因此不会形成传统锂电同类型的“热失控—燃烧—热蔓延”风险链条。 如果说锂电解决的是：“发生异常后，如何把风险控制住。” 那么液流电池更接近于：“从电化学体系和结构上，让这类风险不容易发生。” 这正是两种技术路线安全逻辑的根本差异——锂电靠“防”，液流电池更多是在“避”。休息一下，看个广告安全优势最终落到“电堆”上 液流电池还有一个重要特点：功率和容量可以相对独立设计。 容量主要由电解液储量决定，而功率更多取决于电堆。当储能时间向6小时、8小时甚至更长扩展时，可以通过增加电解液扩大容量，而不必简单增加大量高能量电芯。 一套典型全钒液流电池系统主要包括电解液储罐、循环系统、电堆、PCS和控制系统，其中真正完成电化学反应的核心就是电堆。 电堆由多个单电池组成，其中涉及双极板、碳毡、离子交换膜、电极、密封件、端板等关键部件。 因此，液流电池的安全优势要真正转化为长期可靠运行，仍然离不开制造端的支撑。双极板一致性、流场精度、密封可靠性以及电堆装配质量，都会影响系统效率和长期稳定性。 也正因此，行业竞争正进一步向关键部件制造、电堆自动化装配、在线检测和智能生产线延伸。 以顺天装备为代表的储能装备企业，也正在围绕液流电池关键制造环节布局智能装备与产线解决方案，覆盖双极板、电堆装配及检测等核心工序。 这背后的逻辑很清晰： 当液流电池进入规模化阶段，拼的不只是技术路线，更是能否把安全性、一致性和可靠性稳定地“制造出来”。长时储能重新定义“安全价值” 当然，液流电池并不会全面替代锂电。在中短时储能市场，锂电仍拥有成熟产业链、效率和成本优势。但当储能进入大规模、长时、高频循环和长期运行场景后，评价标准就不能只看初始成本。安全、寿命、衰减、运维和事故风险，都将进入全生命周期经济账。 在这样的竞争逻辑下，液流电池的优势越来越清晰： 它不是单纯依靠更复杂的消防系统提升安全性，而是通过水系电解液、能量与功率分离以及不同的系统架构，从底层降低传统锂电热失控和火灾蔓延风险。 对于大型长时储能而言，“本征安全 + 规模化制造”，正在成为液流电池从技术优势走向产业优势的关键一步。CFE2026第七届中国液流电池储能大会议程（8月10日更新）近期热点及活动1、7.6GWh！含11个全钒液流，云南发改委、能源局发布2026年共享储能项目清单2、官宣定档！朝圣之旅，9月17-18日CFE2026第七届中国液流电池储能大会相约大连！参展、演讲、参会报名正式启动！3、AI的尽头是储能与电力！CFE2026第六届中国液流电池储能大会圆满落幕，新型储能“转正”从电力“配角”到六大新兴支柱产业进阶4、突破迎关键临界点！全球旗舰盛会—CFE2025第五届中国液流电池储能大会暨2024-2025年度液流品牌颁奖盛典圆满落幕5、获奖名单及终版议程发布！CFE2025第五届中国液流电池储能大会暨品牌颁奖盛典9月19-20日武汉盛大召开6、共筑全产业链生态繁荣！全球风向—CFE2025第四届中国液流电池储能大会、中国液流电池青年科学家论坛圆满落幕7、晚宴名单、参会总名单、终版议程发布｜CFE2025第四届中国液流电池储能大会3月3日盛大开幕8、全国首个！四川出台钒电池储能产业专项政策每月6日活动日，群内成员全开放1天随着储能电站从MWh级走向百MWh乃至GWh级，安全正从一个技术指标，变成影响储能路线选择的重要变量。截至2025年底，我国新型储能已建成投运1.36亿千瓦/3.51亿千瓦时，其中10万千瓦及以上大型项目装机占比达到72%。项目越大，一次事故可能带来的影响也越大。,,,,pending
长时储能加速规模化落地，算电协同全面爆发,全球液流电池储能,全球液流电池储能,"RIOnews API, 长时储能, 液流电池, 产品发布, 发布, 全新, 展出, 官宣, 学术研究, 大学, 科学院",normal,2026-08-13T08:51:54+08:00,,据全球液流电池网获悉，新型储能产业战略地位持续攀升，已连续三度写入政府工作报告，并纳入国家六大支柱产业，成为我国能源转型的核心支撑。截至2025年底，全球新型储能累计装机规模达277.7GW，其中中国装机139.2GW，占据全球半壁江山，稳居全球储能产业核心阵地。 近日，中国化学与物理电源行业协会秘书长王泽深表示，将2026年储能行业发展基调定义为“承压重构、提质突围”。他指出，当前储能行业深陷同质化内卷，同时面临原材料价格波动、出口退税政策调整、海外碳壁垒及地缘贸易冲突等多重压力。产业链上下游需摒弃无序竞争，协同构建风险共担、互利共赢的全新产业生态，推动行业从规模扩张向质量效益转型。 长时储,http://mp.weixin.qq.com/s?__biz=Mzg3NjcyNzE4Nw==&mid=2247577733&idx=2&sn=d7803878bb38e65595c205db97b697ba,,据全球液流电池网获悉，新型储能产业战略地位持续攀升，已连续三度写入政府工作报告，并纳入国家六大支柱产业，成为我国能源转型的核心支撑。截至2025年底，全球新型储能累计装机规模达277.7GW，其中中国装机139.2GW，占据全球半壁江山，稳居全球储能产业核心阵地。 近日，中国化学与物理电源行业协会秘书长王泽深表示，将2026年储能行业发展基调定义为“承压重构、提质突围”。他指出，当前储能行业深陷同质化内卷，同时面临原材料价格波动、出口退税政策调整、海外碳壁垒及地缘贸易冲突等多重压力。产业链上下游需摒弃无序竞争，协同构建风险共担、互利共赢的全新产业生态，推动行业从规模扩张向质量效益转型。 长时储,据全球液流电池网获悉，新型储能产业战略地位持续攀升，已连续三度写入政府工作报告，并纳入国家六大支柱产业，成为我国能源转型的核心支撑。截至2025年底，全球新型储能累计装机规模达277.7GW，其中中国装机139.2GW，占据全球半壁江山，稳居全球储能产业核心阵地。 近日，中国化学与物理电源行业协会秘书长王泽深表示，将2026年储能行业发展基调定义为“承压重构、提质突围”。他指出，当前储能行业深陷同质化内卷，同时面临原材料价格波动、出口退税政策调整、海外碳壁垒及地缘贸易冲突等多重压力。产业链上下游需摒弃无序竞争，协同构建风险共担、互利共赢的全新产业生态，推动行业从规模扩张向质量效益转型。 长时储能加速规模化落地，构网技术迈入标配时代 根据国家“十五五”规划部署，2030年我国新型储能装机目标锁定3亿千瓦。目前全国已有24个省份发布储能发展规划，累计规划装机规模达2.8亿千瓦，储能已成为提升非化石能源占比、稳定新能源电网出力的核心基础设施。随着各地容量电价政策持续向6小时以上长时储能倾斜，长时储能正式从电力系统补充配套，升级为新型电力系统平稳运行的“压舱石”。 中国科学院院士、南方科技大学碳中和能源研究院院长赵天寿表示，风光新能源存在显著的时空供需错配问题，亟需多时长、高稳定性的长时储能技术补齐短板。其中，液流电池凭借本征安全、储能时长灵活可调、循环寿命超长等优势，是极具产业化前景的长时储能技术路线。他透露，其团队研发的高功率密度液流电池已在内蒙古磴口县稳定并网运行9个多月，电堆功率密度达400毫安/平方厘米，能量转换效率稳定保持在80%以上，技术成熟度持续提升。 压缩空气储能领域也迎来重大技术突破。中储国能集成部部长张双重点推介了全球单机容量最大的压缩空气储能电动机——105MW大功率高速双工况电机“储龙105”。该设备综合运行效率达98.82%，振动频率低于35um，远优于80um的国家标准限值，性能指标全球领先。目前该产品已成功应用于肥城300MW国家级先进压缩空气储能示范项目，并陆续落地宁夏中宁、河南信阳、江西铅山等多个重点工程，规模化复制能力凸显。 与此同时，构网型储能成为本次大会核心热点。伴随新能源大规模并网，电网惯量不足、宽频振荡等安全问题愈发凸显，构网型储能可完美替代传统同步机组支撑功能，成为保障新型电网稳定的关键核心技术。南瑞继保研究院副总工刘为群分享了170余个构网项目的实战经验，其中内蒙古额济纳旗广域新能源电力系统项目极具代表性。该项目依托25MW构网型储能作为核心支撑电源，可实现县域电网离网稳定运行；2026年7月，当地电网联络线突发跳闸故障，系统自主切换至离网运行模式，全程保障核心负荷稳定供电，完成国内首次县域电网非计划性并网转离网成功运维，验证了构网技术的实战价值。休息一下，看个广告 算电协同全面爆发，AIDC储能开启产业新赛道 AI算力产业的爆发式增长，正在重塑储能应用场景与产业格局。本次大会特设多场专项论坛，聚焦源网荷储AIDC解决方案、算力供电保障、虚拟电厂协同、构网储能算力适配等核心议题，算电协同成为贯穿全程的核心主线。 天合光能董事长高纪凡表示，全球AI算力产业高速扩张，数据中心对供电稳定性、功率密度、毫秒级极速响应提出极致要求，储能的产业定位彻底升级，从传统电力配套设备，转变为支撑电网安全、保障新型能源体系稳定运行的核心独立电源。 适配算力供电需求的电力设备技术持续迭代。华能清能院联合广州智光电气于2026年5月推出首款自研固态变压器，可实现10kV至800V交直流一键变换，整机最高效率达98.5%，占地面积较传统设备缩减60%以上，适配算力园区集约化、高效率供电需求。南瑞继保同步展出2.5MVA碳化硅固态变压器，整机效率98.5%，功率密度达0.2MW/立方米，进一步夯实算力储能设备技术底座。 虚拟电厂与售电业务的深度融合，成为算力储能商业化的重要路径。上海交通大学智慧能源创新学院李康平指出，虚拟电厂与售电融合是行业必然趋势，产业发展需双向发力：下游聚焦用户侧“四可”能力建设，筛选优质可调负荷资源、保障精准响应；上游强化市场化交易能力，构建完整的商业化运营体系。 国内运营商也加速入局算电协同赛道。据中国移动浙江公司张超介绍，中国移动已建成通算融合虚拟电厂，全面聚合基站、数据中心等分布式可调能源资源，实现与国家电网平台技术互通。目前浙江移动已有5000个局站参与电能量市场调峰，累计节电5132万度；8000个局站及1座大型数据中心参与电力辅助服务市场，实现削峰102万度，落地成效显著。 《2026中国AIDC新型储能行业发展白皮书》同步发布，数据显示，2026年全球AIDC储能新增装机约29GWh，累计装机规模达80GWh；预计2030年全球AIDC储能市场规模将攀升至522GWh。国内市场方面，2026年中国AIDC储能新增装机约14GWh，累计装机规模达38GWh，算力储能已然成为国内储能产业全新的核心增长极。CFE2026第七届中国液流电池储能大会议程（8月10日更新）近期热点及活动1、7.6GWh！含11个全钒液流，云南发改委、能源局发布2026年共享储能项目清单2、官宣定档！朝圣之旅，9月17-18日CFE2026第七届中国液流电池储能大会相约大连！参展、演讲、参会报名正式启动！3、AI的尽头是储能与电力！CFE2026第六届中国液流电池储能大会圆满落幕，新型储能“转正”从电力“配角”到六大新兴支柱产业进阶4、突破迎关键临界点！全球旗舰盛会—CFE2025第五届中国液流电池储能大会暨2024-2025年度液流品牌颁奖盛典圆满落幕5、获奖名单及终版议程发布！CFE2025第五届中国液流电池储能大会暨品牌颁奖盛典9月19-20日武汉盛大召开6、共筑全产业链生态繁荣！全球风向—CFE2025第四届中国液流电池储能大会、中国液流电池青年科学家论坛圆满落幕7、晚宴名单、参会总名单、终版议程发布｜CFE2025第四届中国液流电池储能大会3月3日盛大开幕8、全国首个！四川出台钒电池储能产业专项政策每月6日活动日，群内成员全开放1天新型储能产业战略地位持续攀升，已连续三度写入政府工作报告，并纳入国家六大支柱产业，成为我国能源转型的核心支撑。截至2025年底，全球新型储能累计装机规模达277.7GW，其中中国装机139.2GW，占据全球半壁江山，稳居全球储能产业核心阵地。,,,,pending
Vnergy赴乐山走访伟力得能源，围绕固体液流电池增容材料开展深度产业交流,全球液流电池储能,全球液流电池储能,"RIOnews API, 长时储能, 液流电池, 产品发布, 发布, 全新, 官宣",normal,2026-08-13T08:51:54+08:00,,据全球液流电池网获悉，近日，Vnergy团队前往乐山，拜访国内全钒液流电池储能龙头企业四川伟力得能源股份有限公司，与企业管理层及技术团队开展技术研讨与战略对话。 作为全钒液流电池赛道的标杆企业，伟力得长期深耕钒电池领域，已在四川、新疆、宁夏、甘肃多地建成数字化生产基地，也是行业内为数不多实现稳定盈利的领军主体。 本次座谈，双方重点针对Vnergy自研的固体液流电池增容材料技术展开细致研讨。伟力得技术团队充分研判该增容材料的反应机理后表示，若该技术能够在实际钒液流电池系统中真正达成降本、增容效果，双方具备广阔的合作空间。 当前，1GWh规模钒电池约消耗1万吨五氧化二钒，而国内钒资源供给有限，大量,http://mp.weixin.qq.com/s?__biz=Mzg3NjcyNzE4Nw==&mid=2247577733&idx=4&sn=75d5ce2d8661cba7c320b34997ab0682,,据全球液流电池网获悉，近日，Vnergy团队前往乐山，拜访国内全钒液流电池储能龙头企业四川伟力得能源股份有限公司，与企业管理层及技术团队开展技术研讨与战略对话。 作为全钒液流电池赛道的标杆企业，伟力得长期深耕钒电池领域，已在四川、新疆、宁夏、甘肃多地建成数字化生产基地，也是行业内为数不多实现稳定盈利的领军主体。 本次座谈，双方重点针对Vnergy自研的固体液流电池增容材料技术展开细致研讨。伟力得技术团队充分研判该增容材料的反应机理后表示，若该技术能够在实际钒液流电池系统中真正达成降本、增容效果，双方具备广阔的合作空间。 当前，1GWh规模钒电池约消耗1万吨五氧化二钒，而国内钒资源供给有限，大量,据全球液流电池网获悉，近日，Vnergy团队前往乐山，拜访国内全钒液流电池储能龙头企业四川伟力得能源股份有限公司，与企业管理层及技术团队开展技术研讨与战略对话。 作为全钒液流电池赛道的标杆企业，伟力得长期深耕钒电池领域，已在四川、新疆、宁夏、甘肃多地建成数字化生产基地，也是行业内为数不多实现稳定盈利的领军主体。 本次座谈，双方重点针对Vnergy自研的固体液流电池增容材料技术展开细致研讨。伟力得技术团队充分研判该增容材料的反应机理后表示，若该技术能够在实际钒液流电池系统中真正达成降本、增容效果，双方具备广阔的合作空间。 当前，1GWh规模钒电池约消耗1万吨五氧化二钒，而国内钒资源供给有限，大量五氧化二钒还要供给钢铁冶金领域，资源约束成为制约产业扩张的现实因素。Vnergy从核心材料维度出发，依托增容材料提升钒资源利用效率、降低储能系统造价，为全钒液流电池产业可持续发展开辟全新技术方案，也是该企业区别于传统钒电池路线、坚持材料创新的核心逻辑。休息一下，看个广告 交流过程中，伟力得管理层结合自身多年产业实践分享行业判断：钒电池企业想要穿越行业周期、实现稳定盈利，除技术迭代之外，还需要精准把握政策导向、挖掘地方应用需求、用好资本市场工具，同时做好上游供应链的培育与管控。这些实战经验，帮助Vnergy进一步厘清固体液流电池技术从实验室走向产业化的完整路径，夯实了企业坚持材料创新的战略方向。 针对商业化落地场景，双方形成共识：相比于存量设备改造，面向新建储能系统开展推广，是固体液流电池增容材料快速实现产业化的最优路径，这也与Vnergy现有研发及商业化布局思路高度一致。 会上双方达成初步意向，计划依托测试平台开展联合验证，通过规模化实测数据，检验固体液流电池增容剂的工程化应用潜力，探索在大型电堆当中的落地方式。伟力得同时表达对钒电池赛道长期发展的看好，认为全钒液流电池凭借长时储能赛道不可替代的优势，成长空间巨大，而增容材料这类材料层面的创新，将成为推动产业提速发展的重要抓手。 本次乐山走访，是Vnergy对接行业龙头、推动固体液流电池技术产业化的关键进展，也体现出其创新材料技术正在获得钒电池产业圈层更多关注与认可。CFE2026第七届中国液流电池储能大会议程（8月10日更新）近期热点及活动1、7.6GWh！含11个全钒液流，云南发改委、能源局发布2026年共享储能项目清单2、官宣定档！朝圣之旅，9月17-18日CFE2026第七届中国液流电池储能大会相约大连！参展、演讲、参会报名正式启动！3、AI的尽头是储能与电力！CFE2026第六届中国液流电池储能大会圆满落幕，新型储能“转正”从电力“配角”到六大新兴支柱产业进阶4、突破迎关键临界点！全球旗舰盛会—CFE2025第五届中国液流电池储能大会暨2024-2025年度液流品牌颁奖盛典圆满落幕5、获奖名单及终版议程发布！CFE2025第五届中国液流电池储能大会暨品牌颁奖盛典9月19-20日武汉盛大召开6、共筑全产业链生态繁荣！全球风向—CFE2025第四届中国液流电池储能大会、中国液流电池青年科学家论坛圆满落幕7、晚宴名单、参会总名单、终版议程发布｜CFE2025第四届中国液流电池储能大会3月3日盛大开幕8、全国首个！四川出台钒电池储能产业专项政策每月6日活动日，群内成员全开放1天近日，Vnergy团队前往乐山，拜访国内全钒液流电池储能龙头企业四川伟力得能源股份有限公司，与企业管理层及技术团队开展技术研讨与战略对话。,,,,pending
储能带动钒需求增长，哈萨克斯坦页岩型钒矿带来全球供给新变量,全球液流电池储能,全球液流电池储能,"RIOnews API, 长时储能, 液流电池, 产品发布, 发布, 全新, 官宣",normal,2026-08-13T08:51:54+08:00,,据全球液流电池网获悉，随着钒的应用场景不断延伸，其需求正逐步由传统钢铁冶炼向储能产业扩张，钒资源的战略价值持续抬升，但全球钒资源的供应格局依旧高度集中。 钢铁产业依旧是钒的第一大消费领域，钒主要用于改善钢材强度与耐久性能。而钒液流电池产业的快速崛起，为钒打开全新的需求增长空间。该技术主要面向电网侧大规模固定式储能，高度适配长时电力存储需求。伴随可再生能源装机规模持续扩张，电网级长时储能的市场地位愈发关键。钒液流电池凭借长循环寿命、容量可通过增加电解液灵活扩容、电解液可长期循环复用等核心特质，在长时储能赛道具备突出发展潜力。 从供给端来看，全球钒资源产出集中在少数国家，中国钒产量占全球72%以上,http://mp.weixin.qq.com/s?__biz=Mzg3NjcyNzE4Nw==&mid=2247577733&idx=5&sn=741d2606e674886488cdf34a979e90fa,,据全球液流电池网获悉，随着钒的应用场景不断延伸，其需求正逐步由传统钢铁冶炼向储能产业扩张，钒资源的战略价值持续抬升，但全球钒资源的供应格局依旧高度集中。 钢铁产业依旧是钒的第一大消费领域，钒主要用于改善钢材强度与耐久性能。而钒液流电池产业的快速崛起，为钒打开全新的需求增长空间。该技术主要面向电网侧大规模固定式储能，高度适配长时电力存储需求。伴随可再生能源装机规模持续扩张，电网级长时储能的市场地位愈发关键。钒液流电池凭借长循环寿命、容量可通过增加电解液灵活扩容、电解液可长期循环复用等核心特质，在长时储能赛道具备突出发展潜力。 从供给端来看，全球钒资源产出集中在少数国家，中国钒产量占全球72%以上,据全球液流电池网获悉，随着钒的应用场景不断延伸，其需求正逐步由传统钢铁冶炼向储能产业扩张，钒资源的战略价值持续抬升，但全球钒资源的供应格局依旧高度集中。 钢铁产业依旧是钒的第一大消费领域，钒主要用于改善钢材强度与耐久性能。而钒液流电池产业的快速崛起，为钒打开全新的需求增长空间。该技术主要面向电网侧大规模固定式储能，高度适配长时电力存储需求。伴随可再生能源装机规模持续扩张，电网级长时储能的市场地位愈发关键。钒液流电池凭借长循环寿命、容量可通过增加电解液灵活扩容、电解液可长期循环复用等核心特质，在长时储能赛道具备突出发展潜力。 从供给端来看，全球钒资源产出集中在少数国家，中国钒产量占全球72%以上，俄罗斯占比约18.5%。高度集中的供给格局，让全球范围内新的钒资源产地的战略意义持续提升。哈萨克斯坦正致力于提升自身在全球钒市场的产业地位，费罗合金资源公司正在当地推进巴拉绍萨甘迪克钒矿床开发，手握矿区内七处矿体的相关权益。休息一下，看个广告 按照现有勘探评估，该矿床单处矿体资源量达3290万吨，五氧化二钒平均品位0.62%。该数值仅为七处矿体其中一处的测算结果，其余矿体尚未纳入统计，矿区后续还有可观的资源开发潜力。 加工工艺层面，该矿床同样具备差异化优势。当前全球绝大多数钒矿伴生于钛磁铁矿，提取钒资源普遍需要焙烧工序；而巴拉绍萨甘迪克属于页岩型钒矿，可直接采用全矿酸浸工艺处理，省去焙烧环节。费罗合金资源公司表示，这套工艺路线对比传统钒矿开发模式，有望实现更低的生产运营成本。在钒价存在周期性波动的行业背景下，低成本优势，将成为项目未来实现商业化投产的核心竞争力。CFE2026第七届中国液流电池储能大会议程（8月10日更新）近期热点及活动1、7.6GWh！含11个全钒液流，云南发改委、能源局发布2026年共享储能项目清单2、官宣定档！朝圣之旅，9月17-18日CFE2026第七届中国液流电池储能大会相约大连！参展、演讲、参会报名正式启动！3、AI的尽头是储能与电力！CFE2026第六届中国液流电池储能大会圆满落幕，新型储能“转正”从电力“配角”到六大新兴支柱产业进阶4、突破迎关键临界点！全球旗舰盛会—CFE2025第五届中国液流电池储能大会暨2024-2025年度液流品牌颁奖盛典圆满落幕5、获奖名单及终版议程发布！CFE2025第五届中国液流电池储能大会暨品牌颁奖盛典9月19-20日武汉盛大召开6、共筑全产业链生态繁荣！全球风向—CFE2025第四届中国液流电池储能大会、中国液流电池青年科学家论坛圆满落幕7、晚宴名单、参会总名单、终版议程发布｜CFE2025第四届中国液流电池储能大会3月3日盛大开幕8、全国首个！四川出台钒电池储能产业专项政策每月6日活动日，群内成员全开放1天随着钒的应用场景不断延伸，其需求正逐步由传统钢铁冶炼向储能产业扩张，钒资源的战略价值持续抬升，但全球钒资源的供应格局依旧高度集中。,,,,pending
落地生金、破局出圈！武汉科技大学高价值专利转化赋能产业升级,全球液流电池储能,全球液流电池储能,"RIOnews API, 长时储能, 液流电池, 产品发布, 发布, 官宣, 学术研究, 大学, 教授",normal,2026-08-13T08:51:54+08:00,,据全球液流电池网获悉，近日，武汉科技大学“钒资源绿色提取与储能化应用专利包”成功完成转让签约，10项核心专利打包转让费达820万元，实现了高校知识产权从科研成果到实体经济价值的高效转化。专利转化亮眼成绩的背后，是武科大持续深化科技成果改革的有力印证。2025年，学校专利转化数量达225件，较三年前实现近乎翻倍，横向科研合同总金额突破3亿元，成果转化体量稳居湖北省属高校首位。 “专利转化是打通创新链与产业链的关键抓手。”武汉科技大学党委书记倪红卫表示，学校从制度改革、管理创新、服务提效三大维度精准发力，破解高校专利沉睡、转化滞后的行业痛点，让闲置的知识产权资源，真正转化为赋能产业发展的优质生产力,http://mp.weixin.qq.com/s?__biz=Mzg3NjcyNzE4Nw==&mid=2247577733&idx=6&sn=c5f680ade9cfc085c275f736620afe1d,,据全球液流电池网获悉，近日，武汉科技大学“钒资源绿色提取与储能化应用专利包”成功完成转让签约，10项核心专利打包转让费达820万元，实现了高校知识产权从科研成果到实体经济价值的高效转化。专利转化亮眼成绩的背后，是武科大持续深化科技成果改革的有力印证。2025年，学校专利转化数量达225件，较三年前实现近乎翻倍，横向科研合同总金额突破3亿元，成果转化体量稳居湖北省属高校首位。 “专利转化是打通创新链与产业链的关键抓手。”武汉科技大学党委书记倪红卫表示，学校从制度改革、管理创新、服务提效三大维度精准发力，破解高校专利沉睡、转化滞后的行业痛点，让闲置的知识产权资源，真正转化为赋能产业发展的优质生产力,据全球液流电池网获悉，近日，武汉科技大学“钒资源绿色提取与储能化应用专利包”成功完成转让签约，10项核心专利打包转让费达820万元，实现了高校知识产权从科研成果到实体经济价值的高效转化。专利转化亮眼成绩的背后，是武科大持续深化科技成果改革的有力印证。2025年，学校专利转化数量达225件，较三年前实现近乎翻倍，横向科研合同总金额突破3亿元，成果转化体量稳居湖北省属高校首位。 “专利转化是打通创新链与产业链的关键抓手。”武汉科技大学党委书记倪红卫表示，学校从制度改革、管理创新、服务提效三大维度精准发力，破解高校专利沉睡、转化滞后的行业痛点，让闲置的知识产权资源，真正转化为赋能产业发展的优质生产力。 源头破局：星级评定筛选高价值专利 专利数量多、转化率低，是国内高校科研成果转化的普遍难题，大量低效专利不仅浪费科研资源，更制约了优质技术的落地应用。为破解这一困境，武科大从源头重塑专利培育与管理体系，建立专利申请前置评估机制，以技术创新性、市场应用前景、产业化可行性三大硬核标准严格筛选，从源头杜绝“为专利而专利”的无效研发，全面提升专利整体含金量。 针对存量专利资源，学校创新推出专利星级评定体系，通过持有人自主评估与专家评审双重审核，将全校专利划分为一至五星不同等级。2021年，学校从近2000项有效专利中筛选出400余项四星级及以上高价值专利，搭建专属高价值专利库，定向对接企业资源、重点推介转化。同时，围绕国家战略与产业发展需求，精准扶持10个核心科研团队，每项给予5万元专项资助，定向培育高价值专利集群。 系列改革举措推动学校专利质量与数量双向跃升。其中，材料科学与工程学院张美杰教授团队的专利成果，斩获第四届湖北省高价值专利大赛金奖，是当年湖北省属高校唯一获此殊荣的成果。截至2026年7月，武汉科技大学有效专利总量超2500项，四星级及以上高价值专利近700项，为校企产学研合作筑牢技术根基。 精准把脉：四种转化模式适配多元产业需求 摒弃单一的专利转让模式，武科大立足大、中、小企业差异化技术需求，创新推出四类成果转化模式，精准匹配市场需求，让专利转化不再是“一锤子买卖”。 针对中小企业资金有限、试错成本高的痛点，学校推行“先尝后买”开放许可模式，企业可零门槛签约备案试用一年，验证技术适配性后再洽谈转让合作，大幅降低中小企业技术引进门槛。资源与环境工程学院韩军教授多项专利，正是通过该模式实现了从试用、落地到深度合作的完整闭环。休息一下，看个广告 针对企业生产线工艺升级、单点技术攻坚的碎片化需求，学校推出“专利微许可”模式，以低成本、精准化的专利授权解决企业核心难题。电子信息学院徐望明教授两项专利，分别以2万元许可费用落地武汉两家科技企业，精准破解企业生产技术瓶颈。 针对大型企业产业升级、新项目布局的全链条技术需求，学校打造“专利打包转让”模式，整合同一技术领域的核心专利与配套专利，为企业提供成套技术解决方案。此次张一敏教授团队820万元钒资源领域专利包整体转让，正是该模式的典型落地案例。 除此之外，学校创新推出专利作价入股模式，推动校企从短期技术交易转向长期深度绑定，明确科研团队可获得不低于90%的知识产权入股股权，充分激发科研人员成果转化积极性。同时，学校汇编高价值专利名录，常态化走进企业开展精准推介、举办科技成果对接会，搭建高效的校企供需对接桥梁。 全程牵手：全链条服务推动产权落地为产业 为破解科研人员“不会转化、转化繁琐”的难题，武科大搭建专业化知识产权服务体系，培育59名专业技术经理人，打造一支懂技术、懂市场、懂政策、懂法律的复合型服务队伍，为专利评估、申报、谈判、签约提供全流程“陪跑式”服务。 学校持续优化办事流程，将专利转化审批时限从30个工作日压缩至10天，大幅提升转化效率。近三年，学校累计开展千余人次知识产权专项培训，全方位提升科研人员成果转化意识与能力。同时，主动搭建产业化平台，与湖北本地企业共建15个校企联合实验室与中试基地，从项目立项阶段明确知识产权归属、转化路径与收益分配，从制度上保障优质科研成果顺利落地产业化。 一系列改革落地见效，“十四五”期间，武科大专利技术服务企业数量从38家增至115家，单项产学研合作合同金额从500余万元攀升至4000余万元，增幅高达7倍。 武汉科技大学校长吕勇表示，学校持续深耕高价值专利培育与转化赛道，以科技创新赋能产业升级，让科研成果落地生金、扎根实业。未来，学校将持续深化产学研融合，打通科技创新与产业发展的双向通道，以科教人才优势助力区域经济高质量发展。CFE2026第七届中国液流电池储能大会议程（8月10日更新）近期热点及活动1、7.6GWh！含11个全钒液流，云南发改委、能源局发布2026年共享储能项目清单2、官宣定档！朝圣之旅，9月17-18日CFE2026第七届中国液流电池储能大会相约大连！参展、演讲、参会报名正式启动！3、AI的尽头是储能与电力！CFE2026第六届中国液流电池储能大会圆满落幕，新型储能“转正”从电力“配角”到六大新兴支柱产业进阶4、突破迎关键临界点！全球旗舰盛会—CFE2025第五届中国液流电池储能大会暨2024-2025年度液流品牌颁奖盛典圆满落幕5、获奖名单及终版议程发布！CFE2025第五届中国液流电池储能大会暨品牌颁奖盛典9月19-20日武汉盛大召开6、共筑全产业链生态繁荣！全球风向—CFE2025第四届中国液流电池储能大会、中国液流电池青年科学家论坛圆满落幕7、晚宴名单、参会总名单、终版议程发布｜CFE2025第四届中国液流电池储能大会3月3日盛大开幕8、全国首个！四川出台钒电池储能产业专项政策每月6日活动日，群内成员全开放1天近日，武汉科技大学“钒资源绿色提取与储能化应用专利包”成功完成转让签约，10项核心专利打包转让费达820万元，实现了高校知识产权从科研成果到实体经济价值的高效转化。,,,,pending
印度首个百兆瓦时非锂电储能项目推进，本土全钒液流电池产业链加速崛起,全球液流电池储能,全球液流电池储能,"RIOnews API, 长时储能, 液流电池, 产品发布, 发布, 全新, 官宣",normal,2026-08-13T08:51:54+08:00,,据全球液流电池网获悉，近期，印度国家电力集团 NTPC 百兆瓦时级全钒液流电池储能项目建设工作稳步推进。该项目由印度本土储能企业 Delectrik Systems 携手基础设施服务商 Bondada Engineering 联合中标，也是印度首个百兆瓦时级非锂电池公用事业储能项目，在当地新型储能发展进程中具备标志性意义。 项目选址于古吉拉特邦卡夫达太阳能园区，该园区规划总装机规模 30GW，目标在 2029 年打造成为全球规模最大的可再生能源基地。项目预计 2027 年建成投运，储能系统采用 Delectrik 面向大型储能场景自研的非集装箱式液流电池架构。 本项目全套储能装备实现 100%,http://mp.weixin.qq.com/s?__biz=Mzg3NjcyNzE4Nw==&mid=2247577733&idx=1&sn=29bbdba9c60ef79e7c15a64b256b77e8,,据全球液流电池网获悉，近期，印度国家电力集团 NTPC 百兆瓦时级全钒液流电池储能项目建设工作稳步推进。该项目由印度本土储能企业 Delectrik Systems 携手基础设施服务商 Bondada Engineering 联合中标，也是印度首个百兆瓦时级非锂电池公用事业储能项目，在当地新型储能发展进程中具备标志性意义。 项目选址于古吉拉特邦卡夫达太阳能园区，该园区规划总装机规模 30GW，目标在 2029 年打造成为全球规模最大的可再生能源基地。项目预计 2027 年建成投运，储能系统采用 Delectrik 面向大型储能场景自研的非集装箱式液流电池架构。 本项目全套储能装备实现 100%,据全球液流电池网获悉，近期，印度国家电力集团 NTPC 百兆瓦时级全钒液流电池储能项目建设工作稳步推进。该项目由印度本土储能企业 Delectrik Systems 携手基础设施服务商 Bondada Engineering 联合中标，也是印度首个百兆瓦时级非锂电池公用事业储能项目，在当地新型储能发展进程中具备标志性意义。 项目选址于古吉拉特邦卡夫达太阳能园区，该园区规划总装机规模 30GW，目标在 2029 年打造成为全球规模最大的可再生能源基地。项目预计 2027 年建成投运，储能系统采用 Delectrik 面向大型储能场景自研的非集装箱式液流电池架构。 本项目全套储能装备实现 100% 印度本土设计、工程实施与生产制造，同时带动企业向上游产业链延伸布局。Delectrik 专门设立全资子公司 Delectrik Resources，布局钒氧化物生产环节，长远规划将业务拓展至钒矿选矿，甚至持有钒矿资源资产；旗下 Delectrik Esaas 业务板块，则面向数据中心等工商业客户输出储能即服务模式。休息一下，看个广告 作为转型中的能源巨头，NTPC 正在加速由传统煤电企业向综合清洁能源运营商转变，企业目标到 2032 年，将可再生能源装机规模提升至 60GW。早在 2025 年，NTPC 便已在大诺伊达落地一套 3MWh 全钒液流电池示范系统，为本百兆瓦时项目沉淀了宝贵的工程实践经验。 随着南亚地区大批风光大基地加速规划落地，电网侧对于 6 小时及以上时长的长时储能需求快速攀升。全钒液流电池具备安全性能优异、循环寿命可达 20000 次以上、容量灵活拓展等突出特性，在南亚长时储能赛道的市场份额持续走高。Delectrik 提出业务目标，计划未来 12 个月，在印度、澳大利亚、东盟、非洲等市场拿下不少于 1GWh 的液流电池订单。 过去南亚储能市场核心部件高度依赖海外进口，而本次项目推动本土装备与上游钒材料产业同步发展，意味着当地钒储能产业不再局限于项目落地，正式迈入全产业链培育新阶段。伴随本土产能逐步释放，区域钒储能项目建设成本有望进一步下行，还将向外辐射东南亚等海外市场，为全球钒产业打开全新的增长增量。CFE2026第七届中国液流电池储能大会议程（8月10日更新）近期热点及活动1、7.6GWh！含11个全钒液流，云南发改委、能源局发布2026年共享储能项目清单2、官宣定档！朝圣之旅，9月17-18日CFE2026第七届中国液流电池储能大会相约大连！参展、演讲、参会报名正式启动！3、AI的尽头是储能与电力！CFE2026第六届中国液流电池储能大会圆满落幕，新型储能“转正”从电力“配角”到六大新兴支柱产业进阶4、突破迎关键临界点！全球旗舰盛会—CFE2025第五届中国液流电池储能大会暨2024-2025年度液流品牌颁奖盛典圆满落幕5、获奖名单及终版议程发布！CFE2025第五届中国液流电池储能大会暨品牌颁奖盛典9月19-20日武汉盛大召开6、共筑全产业链生态繁荣！全球风向—CFE2025第四届中国液流电池储能大会、中国液流电池青年科学家论坛圆满落幕7、晚宴名单、参会总名单、终版议程发布｜CFE2025第四届中国液流电池储能大会3月3日盛大开幕8、全国首个！四川出台钒电池储能产业专项政策每月6日活动日，群内成员全开放1天近期，印度国家电力集团NTPC百兆瓦时级全钒液流电池储能项目建设工作稳步推进。该项目由印度本土储能企业Delectrik Systems携手基础设施服务商Bondada Engineering联合中标，也是印度首个百兆瓦时级非锂电池公用事业储能项目,,,,pending
四川攀枝花科技工作者深耕钒钛领域  以科研力量赋能产业升级,全球液流电池储能,全球液流电池储能,"RIOnews API, 长时储能, 液流电池, 产品发布, 发布, 官宣, 技术进展, 技术攻关, 实验室成果",normal,2026-08-13T08:51:54+08:00,,据全球液流电池网获悉，近日，在“科技日报看四川——科技创新市州行”主题采访活动中，记者走进攀枝花钒钛产业创新一线，对话天府金江实验室副主任、教授级高级工程师薛逊与攀枝花学院钒钛学院教授陈敏，记录两位科研工作者聚焦钒钛资源高效利用与关键技术攻关，以原创成果助力钒钛产业高质量发展的生动实践。工作中的薛逊（左）。 据介绍，钒和钛是国家战略性矿产资源，主要应用于航空航天、深海军工等高端领域，我国80%的钒钛资源集中于攀西地区，红格南矿为全球最大单体钒钛磁铁矿。薛逊表示，为弥补省级钒钛研发机构空白、支撑红格南矿高效开发，天府金江实验室2024年启动筹备，2025年7月通过四川省科技厅评审，10月获省政府,http://mp.weixin.qq.com/s?__biz=Mzg3NjcyNzE4Nw==&mid=2247577733&idx=7&sn=abfb29686641c7918b72aa77dd9c6748,,据全球液流电池网获悉，近日，在“科技日报看四川——科技创新市州行”主题采访活动中，记者走进攀枝花钒钛产业创新一线，对话天府金江实验室副主任、教授级高级工程师薛逊与攀枝花学院钒钛学院教授陈敏，记录两位科研工作者聚焦钒钛资源高效利用与关键技术攻关，以原创成果助力钒钛产业高质量发展的生动实践。工作中的薛逊（左）。 据介绍，钒和钛是国家战略性矿产资源，主要应用于航空航天、深海军工等高端领域，我国80%的钒钛资源集中于攀西地区，红格南矿为全球最大单体钒钛磁铁矿。薛逊表示，为弥补省级钒钛研发机构空白、支撑红格南矿高效开发，天府金江实验室2024年启动筹备，2025年7月通过四川省科技厅评审，10月获省政府,据全球液流电池网获悉，近日，在“科技日报看四川——科技创新市州行”主题采访活动中，记者走进攀枝花钒钛产业创新一线，对话天府金江实验室副主任、教授级高级工程师薛逊与攀枝花学院钒钛学院教授陈敏，记录两位科研工作者聚焦钒钛资源高效利用与关键技术攻关，以原创成果助力钒钛产业高质量发展的生动实践。工作中的薛逊（左）。 据介绍，钒和钛是国家战略性矿产资源，主要应用于航空航天、深海军工等高端领域，我国80%的钒钛资源集中于攀西地区，红格南矿为全球最大单体钒钛磁铁矿。薛逊表示，为弥补省级钒钛研发机构空白、支撑红格南矿高效开发，天府金江实验室2024年启动筹备，2025年7月通过四川省科技厅评审，10月获省政府常务会议批复，聚焦钒钛资源综合利用、高端战略材料开发及科技成果转移转化三大核心任务。 同时，实验室引入吴爱祥、姜涛、谢建新三位院士，覆盖矿产采选、冶炼分离、高端钛合金材料全产业链攻关，突破多元素协同回收、竖炉冶炼及高效分离、低成本钛合金加工制造等关键技术，着力提升资源回收利用率，实现铁回收率80%、钒钛利用率60%—65%，冶炼减少60%二氧化碳排放的目标。 在成果转化机制上，实验室建立“技术负责人+项目经理”双负责人机制，组建由企业代表与政府相关人员组成的产业化委员会，以市场化运作、成果转化公司加产业基金模式推进落地。薛逊表示，未来，实验室将在3到5年基本构建完整的钒钛资源综合利用新技术体系，8到10年实现核心技术成果产业化，以科技创新支撑钒钛产业培育新质生产力。休息一下，看个广告工作中的陈敏。 在攀枝花学院，陈敏教授长期致力于钒钛先进耐磨材料的研发与应用，围绕钒钛领域关键技术难题开展攻关。据了解，钛基金属陶瓷和钨基硬质合金被誉为“工业牙齿”，面对钨资源稀缺、价格大幅上涨挤压企业利润的困境，市场迫切需要“以钛代钨”切削加工刀具新材料。 科研攻关中，陈敏与团队克服了实验室成果产业化性能不稳定等难题，经反复试验调试，成功开发出满足企业使用要求的切削刀具并实现批量生产，形成“科研—转化—反哺科研”的良性闭环。她牵头的碳/氮化钒钛粉体的研发及其在钛基硬质合金中的应用项目，整体技术达到国际先进水平，荣获四川省科学技术进步奖二等奖。 据悉，陈敏先后承担省市级科研项目10项，主研国家、省市级重点项目20项，发表高水平论文70余篇，获得授权国家发明专利15项、国际发明专利1项、实用新型专利3项。她以“忘我工作，静待花开”为科研信念，积极推动产学研用深度融合，促进钒钛行业科技创新与技术成果转化。 从天府金江实验室的全产业链技术攻坚，到攀枝花学院的新材料成果落地，薛逊与陈敏两位科技工作者扎根一线、各展所长，以专业技术破解产业瓶颈，用成果转化激活资源优势，为攀枝花钒钛产业高端化、绿色化、智能化发展注入坚实科技动能。CFE2026第七届中国液流电池储能大会议程（8月10日更新）近期热点及活动1、7.6GWh！含11个全钒液流，云南发改委、能源局发布2026年共享储能项目清单2、官宣定档！朝圣之旅，9月17-18日CFE2026第七届中国液流电池储能大会相约大连！参展、演讲、参会报名正式启动！3、AI的尽头是储能与电力！CFE2026第六届中国液流电池储能大会圆满落幕，新型储能“转正”从电力“配角”到六大新兴支柱产业进阶4、突破迎关键临界点！全球旗舰盛会—CFE2025第五届中国液流电池储能大会暨2024-2025年度液流品牌颁奖盛典圆满落幕5、获奖名单及终版议程发布！CFE2025第五届中国液流电池储能大会暨品牌颁奖盛典9月19-20日武汉盛大召开6、共筑全产业链生态繁荣！全球风向—CFE2025第四届中国液流电池储能大会、中国液流电池青年科学家论坛圆满落幕7、晚宴名单、参会总名单、终版议程发布｜CFE2025第四届中国液流电池储能大会3月3日盛大开幕8、全国首个！四川出台钒电池储能产业专项政策每月6日活动日，群内成员全开放1天近日，记者走进攀枝花钒钛产业创新一线，对话天府金江实验室副主任、教授级高级工程师薛逊与攀枝花学院钒钛学院教授陈敏，记录两位科研工作者聚焦钒钛资源高效利用与关键技术攻关，以原创成果助力钒钛产业高质量发展的生动实践。,,,,pending
欢迎加入钠电技术交流群,今日钠电,今日钠电,"RIOnews API, 钠离子电池, 钠电",normal,2026-08-13T08:44:25+08:00,,扫码加入钠电技术交流群进群备注：公司名称/姓名/职务/钠电群。主动发名片一张请识别二维码或添加***********欢迎同仁进群交流！扫码加入钠电技术交流群进群备注：公司名称/姓名/职务/钠电群。主动发名片一张请识别二维码或添加***********欢迎同仁进群交流！,http://mp.weixin.qq.com/s?__biz=Mzk0NDQ5MjcxMg==&mid=2247488804&idx=3&sn=389ae6355a53750c84627c63c45038e6,,扫码加入钠电技术交流群进群备注：公司名称/姓名/职务/钠电群。主动发名片一张请识别二维码或添加***********欢迎同仁进群交流！扫码加入钠电技术交流群进群备注：公司名称/姓名/职务/钠电群。主动发名片一张请识别二维码或添加***********欢迎同仁进群交流！,扫码加入钠电技术交流群进群备注：公司名称/姓名/职务/钠电群。主动发名片一张请识别二维码或添加***********欢迎同仁进群交流！扫码加入钠电技术交流群进群备注：公司名称/姓名/职务/钠电群。主动发名片一张请识别二维码或添加***********欢迎同仁进群交流！,,,,pending
最新会议通知：12月3-4日，2026第3届中国钠电材料与钠电场景应用技术会议 同期：钠电行业供应链对接交流会,今日钠电,今日钠电,"RIOnews API, 钠离子电池, 钠电, 钠电正极",normal,2026-08-13T08:44:25+08:00,,2026第3届中国钠电材料与钠电场景应用技术会议 同期举办：钠电行业供应链对接交流会PART 01会议组织TECHNOLOGY主办单位：今日锂电/今日钠电承办单位：北京京昇文化传播有限公司 会议时间：2026年12月3-4日（2日签到）会议地点：待定总冠名/联合主办/招募中···协办单位：/招募中···长沙钠离子电池创新联合体银川苏银产业园发展有限公司深圳市新能源行业协会碳材山庄支持单位：/招募中···新能源前沿新能源在线锂电PLUS展台赞助：/招募中···PART 02会议内容/日程安排TECHNOLOGY2026第3届中国钠电材料与钠电场景应用技术会议 定于2026年12月3-4日召开，本,http://mp.weixin.qq.com/s?__biz=Mzk0NDQ5MjcxMg==&mid=2247488804&idx=2&sn=62c81d261332a890fed3d3432e06335f,,2026第3届中国钠电材料与钠电场景应用技术会议 同期举办：钠电行业供应链对接交流会PART 01会议组织TECHNOLOGY主办单位：今日锂电/今日钠电承办单位：北京京昇文化传播有限公司 会议时间：2026年12月3-4日（2日签到）会议地点：待定总冠名/联合主办/招募中···协办单位：/招募中···长沙钠离子电池创新联合体银川苏银产业园发展有限公司深圳市新能源行业协会碳材山庄支持单位：/招募中···新能源前沿新能源在线锂电PLUS展台赞助：/招募中···PART 02会议内容/日程安排TECHNOLOGY2026第3届中国钠电材料与钠电场景应用技术会议 定于2026年12月3-4日召开，本,2026第3届中国钠电材料与钠电场景应用技术会议 同期举办：钠电行业供应链对接交流会PART 01会议组织TECHNOLOGY主办单位：今日锂电/今日钠电承办单位：北京京昇文化传播有限公司 会议时间：2026年12月3-4日（2日签到）会议地点：待定总冠名/联合主办/招募中···协办单位：/招募中···长沙钠离子电池创新联合体银川苏银产业园发展有限公司深圳市新能源行业协会碳材山庄支持单位：/招募中···新能源前沿新能源在线锂电PLUS展台赞助：/招募中···PART 02会议内容/日程安排TECHNOLOGY2026第3届中国钠电材料与钠电场景应用技术会议 定于2026年12月3-4日召开，本次会议将邀请钠电行业的知名专家、学者和企业代表，围绕钠电材料与钠电场景最新研究成果及应用作专题报告，促进钠离子电池领域产学研合作，进行深入交流探讨。同期举办：钠电行业供应链对接交流会，搭建供应链平台，促进产业供需交流合作。PART 03科技赋能，焕新日常TECHNOLOGY01会议形式20+5（每位专家20分钟报告+5分钟互动问答交流）交流方式，增加会议互动性；30+行业大咖，500+上下游企业从业者共聚一堂；诚邀高校/科研院所与产业技术从业者观点碰撞与交流，聚焦行业热点，解读技术与产业发展。02会议特色现场展台产品展示，“会+展”助力产业链上下游技术与市场对接，搭建立体化高效交流平台；1.5 天论坛，涉及钠电行业装备、技术、材料、检测仪器设备等，全方位展示最新前沿技术研究与进展，深入探讨未来回收发展方向。03赞助方案1、本次会议设置总冠名、联合主办、协办单位、赞助单位、支持单位、手提袋、胸卡挂绳、椅背广告、酒水赞助、会议视频广告（会议室大屏播放）晚宴礼品、笔本赞助、茶歇赞助等会议赞助类别（详细赞助方案请联系主办方）。2、参展每个展位费用：12000元，包括2人的午餐、晚宴费用，展台费用，两份资料费用等。3、展位实际尺寸2米宽×3米高（设计尺寸2米宽×2.3米高）04会议特色同期举办2026“NWEi-先锋奖”颁奖典礼，评选与发布“NEWi-先锋奖”钠电料杰出科学家、钠电企业创新奖”(联系主办方索取评选申请表)。PART 04扫码报名TECHNOLOGY1.参会注册费用：限时免费参会！A.全免费：（转发会议信息至朋友圈集28个赞，0费用，不含餐）B.参会费600元：（转发会议信息至朋友圈集18个赞，含餐费、供应链交流晚餐费用）C.福利参会：（转发会议信息至朋友圈集68个赞，送含餐费、供应链交流晚餐费用门票，限十名）2.参会注册费含会议资料、茶点、2次午餐、1场交流晚宴、参会材料等费用；3.会议统一安排食宿，住宿费自理；4.发票内容为“会议费”，开具增值税普通发票，不开增值税专用发票；注：所有人员凭参会证入场！提前报名缴费！汇款信息账 户：北京京昇文化传播有限公司账 号：040 4090 1030 0000 3837开户行：北京农村商业银行股份有限公司四季青支行行 号 ：402100000260 付款请注明：公司名称+姓名，并将付款凭证保留，便于报到时查验。缴费成功后，请保持手机畅通，会务组会尽快与您联系，感谢您的支持！开票信息发送：46090424@qq.com参会、参展、宣传及赞助事宜： 王老师 188 1048 8288（同微） 张老师 182 3806 7581（同微） 袁老师 192 9355 9185（同微） 郭老师 192 8668 2548（同微） 李老师 138 1196 8226（同微）扫码加入钠电/碳材料群进群备注：公司名称/姓名/职务主动发名片一张请识别二维码或添加***********欢迎同仁进群交流！PART 05往届回顾TECHNOLOGY（上届部分名单）宁德时代、比亚迪、鹏辉、华友钠电、蜂巢能源、容百科技、中创新航、亿纬锂能、中科海钠、璞钠、派能、华钠芯能、奥冠集团、鸿海科技集团、福建金年、萨震、隐功科技、钠创、立方新能源、当升科技、国钠、海四达、壳牌、振华新材、易事特、传艺、中钠、众钠、湖钠、钠新、钠远、厦钨新能源、龙蟠科技、英钠、瑞浦兰均、万润、博钠、中能汇通、东能钠新、海钠、超钠、青钠、金钠、钠壹、皓升、盘古、为方、钠能时代、亮见、希倍、深圳新威、长三角物理中心、国钠、钠邦、瓦时动力、钠伏、华钠、钠科、钠普、昆宇电源、瓦司特钠、珈钠、超威、天能、鑫钠、兆钠、浩钠、先众、丰日电源、世绿环保、邦普循环、锂源、昱烯瓴、极电特能、珠海纳甘、中科院、中南大学、上海交大、浙江大学、武汉大学····往期推荐圆满落幕 | 2026 第 2 届（西部）钠电正负极材料与钠电场景应用技术会议成都收官产学研深度联动，共筑钠电产业高质量发展新格局圆满结束！2025钠电正极材料与钠电储能技术论坛/中国首届钠电硬炭负极技术论坛建议收藏！全网最全350余家钠电产业链全梳理名单（新增9家，持续更新中）,,,,pending
今日钠电每日资讯第11期,今日钠电,今日钠电,"RIOnews API, 钠离子电池, 钠电, 钠电正极, 信息披露, 披露, 投资者, 合作进展, 融资, 投资, 学术研究, 大学, 科学院, 研究所, 期刊, 量产推进, 示范验证, 产能, 扩产",normal,2026-08-13T08:44:25+08:00,,今日钠电每日资讯第11期钠离子电池商业化再迎标志性节点：中科海钠与一汽解放联合开发的钠离子电池换电牵引车登上工信部第410批产品公告，钠电首次进入重型商用车量产目录；与此同时，国金证券发布研报，判断2026年钠电迎来从技术验证到规模化量产的产业化拐点。今日钠电带您速览本周关键进展。一、行业动态1. 中科海钠×一汽解放 钠电换电牵引车登上工信部第410批公告中科海钠8月12日通过官微披露，由中科海钠与一汽解放联合研发的钠离子电池换电牵引车正式列入工信部《道路机动车辆生产企业及产品》（第410批）。该车型是一汽解放旗下首款搭载钠离子动力电池的重型卡车，也是中科海钠在商用重卡领域取得的重要突破。此次,http://mp.weixin.qq.com/s?__biz=Mzk0NDQ5MjcxMg==&mid=2247488804&idx=1&sn=fbdfbf94c4172100b09f4e67e2a88e83,,今日钠电每日资讯第11期钠离子电池商业化再迎标志性节点：中科海钠与一汽解放联合开发的钠离子电池换电牵引车登上工信部第410批产品公告，钠电首次进入重型商用车量产目录；与此同时，国金证券发布研报，判断2026年钠电迎来从技术验证到规模化量产的产业化拐点。今日钠电带您速览本周关键进展。一、行业动态1. 中科海钠×一汽解放 钠电换电牵引车登上工信部第410批公告中科海钠8月12日通过官微披露，由中科海钠与一汽解放联合研发的钠离子电池换电牵引车正式列入工信部《道路机动车辆生产企业及产品》（第410批）。该车型是一汽解放旗下首款搭载钠离子动力电池的重型卡车，也是中科海钠在商用重卡领域取得的重要突破。此次,"今日钠电每日资讯第11期钠离子电池商业化再迎标志性节点：中科海钠与一汽解放联合开发的钠离子电池换电牵引车登上工信部第410批产品公告，钠电首次进入重型商用车量产目录；与此同时，国金证券发布研报，判断2026年钠电迎来从技术验证到规模化量产的产业化拐点。今日钠电带您速览本周关键进展。一、行业动态1. 中科海钠×一汽解放 钠电换电牵引车登上工信部第410批公告中科海钠8月12日通过官微披露，由中科海钠与一汽解放联合研发的钠离子电池换电牵引车正式列入工信部《道路机动车辆生产企业及产品》（第410批）。该车型是一汽解放旗下首款搭载钠离子动力电池的重型卡车，也是中科海钠在商用重卡领域取得的重要突破。此次登上公告，标志着钠离子电池技术已获主流车企充分认可，正在加速进入商业化量产阶段。随着2026年9月1日起钠离子电池开始免征消费税，钠电重卡相较柴油与锂电方案的成本优势预期将进一步加强。2. 国金证券：钠电迎0-1产业奇点，2026-2028全球需求18/59/148GWh国金证券8月7日发布研报称，钠离子电池正迎来从技术验证到规模化量产的历史性0-1产业奇点，行业进入业绩兑现与价值重估的关键窗口。该行测算，2026-2028年全球钠电需求分别为18、59、148GWh，年复合增长率高达183%；2026年预计为产业化示范迈向规模化落地的关键商业化拐点，有望创阶段性增速峰值。3. 三友化工确认试用钠电纯电矿卡三友化工8月12日在投资者互动平台表示，公司全资子公司唐山三友矿山有限公司正积极开展设备电动化示范验证项目，目前试用一台钠离子电池纯电矿卡，尚处于工况测试阶段。该矿卡即此前中科海钠与同力重工联合交付、搭载""海星""系列电池系统（总电量676kWh）的全球首台套钠电纯电矿卡，落地唐山三友矿山。4. 头部企业Q4量产节点明确，规模化在即宁德时代""钠新电池""预计2026年第四季度正式规模化量产，9月起向客户交付首批钠电储能系统、全年实现GWh级出货，并手握海博思创三年60GWh战略订单；国轩高科明确将于2026年第四季度实现钠电池规模化量产；比亚迪则聚焦二三轮车、启停电源与储能等商业化落地场景。多方共识下，2026下半年至2027年将是钠电从示范走向规模化的集中兑现期。二、开工/投产动态瓦时动力钠离子电池关键材料生产基地项目于7月18日在南京江宁开发区正式开工，总投资5亿元，达产后预估年产值不低于10亿元。江宁开发区凭借完善的产业生态，正成为钠电关键材料及电池模组企业的聚集高地。三、融资动态随着宁德时代60GWh超级订单落地、容百科技47亿级扩产计划抛出、中科海钠商用重卡进入量产目录，资本对钠电赛道信心持续增强。多家机构密集调研钠电产业链，融资阶段以Pre-A和A轮为主，小米旗下顺为资本、华为旗下哈勃投资等产业资本身影频现，产业与资本双向渗透加速。国金证券指出，行业已进入价值重估窗口，具备工程化能力与产能闭环的头部标的将率先兑现。四、论文速递论文：可聚合不燃电解质实现钠离子电池热失控主动阻断作者信息：胡勇胜*（通讯作者），中国科学院物理研究所/北京凝聚态物理国家研究中心清洁能源重点实验室，中科海钠创始人；陆雅翔、谢飞（副通讯作者）；毛慧灿（副通讯作者，吉林大学）。发表期刊：Nature Energy（自然·能源），2026年4月研究亮点该团队提出可聚合不燃电解质（PNE）新体系，基于NaBF4与NaPF6双盐，常温保持优异离子传导；当电池温度异常升高超过150℃时，利用磷酸三乙酯（TEP）的热致自聚合特性，在正负极间原位固化形成致密隔离层，彻底切断热失控传播。在3.5Ah级钠离子电芯中，100% SOC状态下顺利通过针刺试验，全程不冒烟、不起火、不爆炸，为全球首次在安时级钠电芯中实现热失控主动阻断，将钠电安全标准从""被动阻燃""推向""主动阻断""新阶段。五、展望站在2026年8月中旬回望，钠离子电池正从""小批量试制""大步跨向""规模化量产""：政策端消费税免征延续至2028年底，企业端宁德时代、国轩四季度量产节点明确，应用端矿卡交付、重卡进公告、储能大单接连落地。研究机构一致将2026年定义为钠电产业化拐点，全球需求三年近三倍增长。可以预见，在储能、低温、重载短途运输等场景中，钠电将加速成为不可替代的解决方案。今日钠电将持续跟踪产业进展，敬请关注。注：本期内容基于行业公开信息与领域知识综合整理分析，如有疏漏请批评指正，侵权请联系删除。会议推荐（上届部分名单）宁德时代、比亚迪、鹏辉、华友钠电、蜂巢能源、容百科技、中创新航、亿纬锂能、中科海钠、璞钠、派能、华钠芯能、奥冠集团、鸿海科技集团、福建金年、萨震、隐功科技、钠创、立方新能源、当升科技、国钠、海四达、壳牌、振华新材、易事特、传艺、中钠、众钠、湖钠、钠新、钠远、厦钨新能源、龙蟠科技、英钠、瑞浦兰均、万润、博钠、中能汇通、东能钠新、海钠、超钠、青钠、金钠、钠壹、皓升、盘古、为方、钠能时代、亮见、希倍、深圳新威、长三角物理中心、国钠、钠邦、瓦时动力、钠伏、华钠、钠科、钠普、昆宇电源、瓦司特钠、珈钠、超威、天能、鑫钠、兆钠、浩钠、先众、丰日电源、世绿环保、邦普循环、锂源、昱烯瓴、极电特能、珠海纳甘、中科院、中南大学、上海交大、浙江大学、武汉大学····往期推荐圆满落幕 | 2026 第 2 届（西部）钠电正负极材料与钠电场景应用技术会议成都收官产学研深度联动，共筑钠电产业高质量发展新格局圆满结束！2025钠电正极材料与钠电储能技术论坛/中国首届钠电硬炭负极技术论坛建议收藏！全网最全350余家钠电产业链全梳理名单（新增9家，持续更新中）中科海钠与一汽解放联合开发的钠离子电池换电牵引车登上工信部第410批产品公告，钠电首次进入重型商用车量产目录；与此同时，国金证券发布研报，判断2026年钠电迎来从技术验证到规模化量产的产业化拐点",,,,pending
西北工业大学马越最新Nature子刊丨催化聚合电解质实现450 Wh kg⁻¹锂金属电池！,电池未来,电池未来,"RIOnews API, 前沿表征, 原位",normal,2026-08-13T08:30:00+08:00,,固态锂金属电池因兼具不易燃固态离子导体、高容量锂金属负极和高镍氧化物正极，被视为突破传统锂离子电池能量密度与安全边界的重要方向。其中，固态聚合物电解质具有轻质、分子结构可调和易加工等优势，但实际软包电池应用仍受界面不稳定、室温传导不足、机械强度不足和规模化制造难题限制。对于Ah级软包电池，聚合物电解质必须同时满足高离子传输、抗枝晶穿刺、薄膜化和层叠加工强度等要求。传统增塑、无机填料或厚层复合策略往往难以兼顾能量密度和安全性，过厚电解质会提高内阻并牺牲功率，过薄膜又容易引发短路和机械失效。此外，高电压NCM正极会诱发电解质氧化、过渡金属溶出和CEI恶化，锂金属负极侧也易形成离子绝缘界面并导致不均,http://mp.weixin.qq.com/s?__biz=Mzg5OTYzNjU0OA==&mid=2247651052&idx=4&sn=316872c7a7cd54cce13e2de87f57b26a,,固态锂金属电池因兼具不易燃固态离子导体、高容量锂金属负极和高镍氧化物正极，被视为突破传统锂离子电池能量密度与安全边界的重要方向。其中，固态聚合物电解质具有轻质、分子结构可调和易加工等优势，但实际软包电池应用仍受界面不稳定、室温传导不足、机械强度不足和规模化制造难题限制。对于Ah级软包电池，聚合物电解质必须同时满足高离子传输、抗枝晶穿刺、薄膜化和层叠加工强度等要求。传统增塑、无机填料或厚层复合策略往往难以兼顾能量密度和安全性，过厚电解质会提高内阻并牺牲功率，过薄膜又容易引发短路和机械失效。此外，高电压NCM正极会诱发电解质氧化、过渡金属溶出和CEI恶化，锂金属负极侧也易形成离子绝缘界面并导致不均,"固态锂金属电池因兼具不易燃固态离子导体、高容量锂金属负极和高镍氧化物正极，被视为突破传统锂离子电池能量密度与安全边界的重要方向。其中，固态聚合物电解质具有轻质、分子结构可调和易加工等优势，但实际软包电池应用仍受界面不稳定、室温传导不足、机械强度不足和规模化制造难题限制。对于Ah级软包电池，聚合物电解质必须同时满足高离子传输、抗枝晶穿刺、薄膜化和层叠加工强度等要求。传统增塑、无机填料或厚层复合策略往往难以兼顾能量密度和安全性，过厚电解质会提高内阻并牺牲功率，过薄膜又容易引发短路和机械失效。此外，高电压NCM正极会诱发电解质氧化、过渡金属溶出和CEI恶化，锂金属负极侧也易形成离子绝缘界面并导致不均匀沉积。该工作因此聚焦催化原位聚合与双界面稳定的协同设计，试图在高比能、高功率、长寿命和滥用安全之间建立更接近实用化的平衡。近日，西北工业大学马越在Nature Communications发表了题为""A Catalytically Polymerized Solid Electrolyte Enables 450 Wh kg−1 Lithium–Metal Batteries with Thermal–Mechanical Abuse Tolerance""的研究论文，Jiawen Tang为论文第一作者，马越为论文通讯作者。核心亮点1. 构筑卷对卷兼容的9.6 μm超薄固态聚合物电解质膜，兼顾可制造性与高能量密度需求。2. LATP作为路易斯酸催化位点促进DOL原位开环聚合，使PDOL转化率达到99.1%。3. 电解质膜在25 °C下实现418.7 mS离子电导通量，同时具备191.7 MPa机械强度。4. TFPP衍生富氟CEI提升高电压正极耐受至4.8 V，Mg(TFSI)₂形成Li-Mg合金界面并降低Li⁺扩散势垒。5.1.2 Ah Li||NCM811软包电池实现456.7 Wh kg⁻¹和911.1 Wh L⁻¹，并表现出宽温循环及热-机械滥用安全性。 全文速览该研究报道了一种适用于卷对卷工艺、厚度为9.6 μm的固态聚合物电解质膜，该膜通过路易斯酸性Li₁.₃Al₀.₃Ti₁.₇(PO₄)₃在聚乙烯基体上催化1,3-二氧戊环原位聚合制备，转化率达到99.1%。所得膜在25 °C下表现出191.7 MPa机械强度和418.7 mS离子电导通量。为解决多尺度界面不相容问题，研究采用双添加剂策略：三(4-氟苯基)膦构筑富氟界面，将正极耐受电压扩展至4.8 V；该体系在1.2 Ah软包电池中验证后，实现456.7 Wh kg⁻¹比能量和911.1 Wh L⁻¹能量密度，并具备−20至55 °C宽温稳定循环能力，同时在滥用条件下阻止热蔓延。 图文解读图1 | 催化原位聚合与双添加剂策略协同提升Li||NCM811固态锂金属电池的离子传输、机械抗穿刺、界面稳定和高电压耐受能力。图1对比了基准Li|PDOL-PE|NCM811体系和优化Li|PDOL-PLMT|NCM811体系的失效与改进机制。前者受低离子电导、抗穿刺强度不足、Li⁺通量不均和枝晶生长、NCM811正极过渡金属溶出以及高电压下DOL单体氧化等问题制约；后者通过LATP催化聚合、Li-Mg合金负极界面和TFPP衍生CEI，实现更高离子传导、更强机械屏障、受抑制的TM串扰和更好的高电压适应性。图2 | PDOL‑PE/LATP 电解质的关键特性。图3 | TFPP衍生CEI的表征及其对NCM811界面稳定性的影响。图4 | 镁双三氟甲磺酰亚胺盐衍生的固体电解质界面的组分表征与空间排布图5 | 采用 PDOL‑PE、PDOL‑PE/LATP 以及 PDOL‑IPLMT 固态聚合物电解质的锂对称电池与锂 | NCM811 扣式电池的电化学性能测试（1C = 200 mA・g⁻¹）。图6 | 各类软包电池原型的电化学性能。 总结总之，该工作开发了一种面向锂金属电池原型的可扩展原位聚合策略，在高比能、高功率和循环耐久性之间实现平衡，并阐明了界面稳定在抑制热失控中的关键作用。9.6 μm厚固态聚合物电解质膜由原位聚合PDOL基体限域于PE/LATP骨架中构成，具备191.7 MPa机械强度和25 °C下418.7 mS离子电导通量。LATP纳米颗粒作为路易斯酸催化剂，使DOL向PDOL的转化率达到99.1%。在正极界面，TFPP衍生CEI减轻电解质分解和过渡金属阳离子串扰；在负极界面，Mg(TFSI)₂诱导形成亲锂Li-Mg合金界面，促进均匀锂沉积并改善Li⁺动力学。基于该设计的Ah级软包电池表现出456.7 Wh kg⁻¹比能量、911.1 Wh L⁻¹能量密度、宽温循环稳定性以及热-机械滥用耐受性，为实用固态锂金属电池提供了兼顾制造、性能和安全的设计路径。A Catalytically Polymerized Solid Electrolyte Enables 450 Wh kg−1 Lithium–Metal Batteries with Thermal–Mechanical Abuse Tolerance,Nature Communications,2026,DOI:10.1038/s41467-026-76381-y#西北工业大学#马越#Nature子刊#电池点击阅读原文，加速顶刊！阅读原文通讯作者：马越\x0d\x0a通讯单位：西北工业大学",,,,pending
陈军院士领衔！南开大学卢勇，JACS丨动态溶剂化结构稳定长寿命锂有机电池！,电池未来,电池未来,"RIOnews API, 前沿表征, 原位",normal,2026-08-13T08:30:00+08:00,,有机羰基电极材料因元素可持续、理论容量高、结构可设计性强，被视为锂有机电池的重要候选体系。然而，这类材料在常规液态电解液中容易溶解，导致活性物质流失、界面环境恶化和容量快速衰减，成为限制其长循环应用的核心难题。传统电解液工程多从静态角度出发，例如减少自由溶剂、降低溶剂与有机电极之间的相互作用，或通过高浓度电解液和离子液体抑制溶解。但这些策略往往把溶解看作近似平衡过程，忽略了电池运行时电场和浓度梯度会不断重组Li⁺溶剂化结构。该工作将问题推进到动态过程：溶解后的PTO并非只是被动存在于电解液中，而是会主动竞争Li⁺配位、破坏原有Li⁺−DME−TFSI⁻网络。研究团队因此提出用DFP稳定溶剂化结,http://mp.weixin.qq.com/s?__biz=Mzg5OTYzNjU0OA==&mid=2247651052&idx=7&sn=550fdb733c886eaa9bbf9182f5e2d660,,有机羰基电极材料因元素可持续、理论容量高、结构可设计性强，被视为锂有机电池的重要候选体系。然而，这类材料在常规液态电解液中容易溶解，导致活性物质流失、界面环境恶化和容量快速衰减，成为限制其长循环应用的核心难题。传统电解液工程多从静态角度出发，例如减少自由溶剂、降低溶剂与有机电极之间的相互作用，或通过高浓度电解液和离子液体抑制溶解。但这些策略往往把溶解看作近似平衡过程，忽略了电池运行时电场和浓度梯度会不断重组Li⁺溶剂化结构。该工作将问题推进到动态过程：溶解后的PTO并非只是被动存在于电解液中，而是会主动竞争Li⁺配位、破坏原有Li⁺−DME−TFSI⁻网络。研究团队因此提出用DFP稳定溶剂化结,"有机羰基电极材料因元素可持续、理论容量高、结构可设计性强，被视为锂有机电池的重要候选体系。然而，这类材料在常规液态电解液中容易溶解，导致活性物质流失、界面环境恶化和容量快速衰减，成为限制其长循环应用的核心难题。传统电解液工程多从静态角度出发，例如减少自由溶剂、降低溶剂与有机电极之间的相互作用，或通过高浓度电解液和离子液体抑制溶解。但这些策略往往把溶解看作近似平衡过程，忽略了电池运行时电场和浓度梯度会不断重组Li⁺溶剂化结构。该工作将问题推进到动态过程：溶解后的PTO并非只是被动存在于电解液中，而是会主动竞争Li⁺配位、破坏原有Li⁺−DME−TFSI⁻网络。研究团队因此提出用DFP稳定溶剂化结构，使有机电极材料难以进入关键配位网络，从源头减少持续溶解。近日，南开大学卢勇、陈军在Journal of the American Chemical Society发表了题为""Dynamic Solvation Structure Regulation Enables Long-Life Li−Organic Batteries""的研究论文，Zhuo Yang、Shuo Xu为论文第一作者，卢勇、陈军为论文通讯作者。核心亮点1. 提出“动态溶剂化结构调控”新思路，将锂有机电池电解液设计从静态溶解抑制推进到运行过程中的配位网络稳定。2. 发现PTO等有机羰基电极材料会在电化学过程中进入Li⁺溶剂化鞘，挤出TFSI⁻并诱发持续溶解。3. 筛选出DFP作为溶剂化结构稳定剂，其与PTO相互作用最弱，同时与DME/TFSI⁻保持适中作用，从而实现溶剂化隔离。4. 分子动力学、拉曼、⁷Li NMR和原位UV−vis共同证明SIE能够降低PTO参与配位比例并稳定TFSI⁻聚集结构。5. 优化SIE使Li−PTO电池获得长寿命和高倍率性能，在2 C下1400圈后容量保持率达67%，5 C下容量达236.7 mAh g⁻¹。 全文速览含有有机羰基电极材料的锂有机电池被认为是一类可持续储能技术，但有机羰基电极材料在电解液中的高溶解性仍是关键挑战。为解决这一问题，传统策略主要聚焦于调控静态的溶剂−有机羰基电极材料相互作用，却常常忽视动态溶剂化结构在控制其溶解行为中的作用。该研究提出一种动态溶剂化结构调控策略，用于解决有机羰基电极材料在动态电化学过程中的降解问题，从而实现长寿命锂有机电池。在传统电解液中，有机羰基电极材料会在动态电化学过程中取代阴离子并参与溶剂化，进而加剧其持续溶解。其中，2H,3H-十氟戊烷（DFP）与有机羰基电极材料的相互作用最弱，同时与关键电解液组分保持适中相互作用，因此能够增强溶剂化结构稳定性，并在动态电化学过程中有效将有机羰基电极材料隔离在溶剂化网络之外。最优溶剂化隔离电解液使Li−PTO电池表现出优异循环稳定性，在2 C下循环1400圈后仍保持67%容量，并在5 C下获得236.7 mAh g⁻¹的高倍率容量。该研究将设计范式从静态溶解抑制转向动态溶剂化结构稳定，为实现长寿命锂有机电池提供了可推广的电解液工程原则。 图文解读图1 | 展示动态溶剂化结构调控策略及DFP在抑制PTO溶解、稳定电解液配位网络中的筛选依据。研究团队首先比较了不同电解液组分与PTO之间的相互作用能。结果显示，DME与PTO作用较强，容易促进PTO溶解；而DFP与PTO的相互作用最低，尤其静电贡献最弱。同时，DFP又能与DME和TFSI⁻保持适中作用，满足“弱PTO作用、适中电解液作用”的双选择性原则，从而帮助构建更稳定的溶剂化隔离电解液。图2 | 通过分子动力学模拟对比SME和SIE中PTO参与Li⁺溶剂化及TFSI⁻释放的差异。MD模拟表明，溶解后的PTO可通过羰基氧与Li⁺配位，进入Li⁺溶剂化鞘并形成更大的锂−溶剂簇。SME-PTO中PTO参与溶剂化比例为80%，高于SIE-PTO的75%；同时SME中游离TFSI⁻比例由14.4%升至21.1%，增幅明显高于SIE的10%至13.3%。这说明DFP可稳定TFSI⁻参与的配位结构，减少PTO对Li⁺溶剂化网络的扰动。图3 | 说明DFP提高PTO相关溶剂化网络在外场扰动下的动态稳定性和去配位能垒。在外场扰动模拟中，SME-PTO内游离TFSI⁻比例随电场增强而逐渐上升，表明其配位网络容易重组；SIE-PTO中游离TFSI⁻则基本保持稳定。能量扫描进一步显示，SME-PTO中TFSI⁻、DME和PTO从Li⁺周围去配位的能垒均低于SIE-PTO，其中TFSI⁻去配位能仅0.42 eV，更容易被PTO挤出。DFP提高整体去配位能垒，从而增强动态结构稳定性。图4 | 拉曼、⁷Li NMR和原位UV−vis共同验证SIE可抑制PTO进入溶剂化结构并减缓溶解。拉曼结果显示，PTO溶解后SME中AGGs比例由38.97%显著降至20.57%，说明PTO参与配位并削弱TFSI⁻聚集；而SIE中AGGs仅由37.9%降至36.5%。⁷Li NMR显示PTO会改变Li⁺电子环境，但SIE中的位移趋势受DFP调控。原位UV−vis进一步表明，SME中260 nm处C=O吸收峰随充放电增强，代表PTO持续溶解，而SIE能明显减缓这一过程。图5 | 系统评估SIE中Li−PTO电池的反应动力学、倍率性能和长循环稳定性。三电极原位DRT用于分析不同电位下Li−PTO电池的界面和电荷转移动力学，结果指向SIE中更稳定的反应过程。CV曲线显示Li−PTO在SIE中保持可逆氧化还原行为；倍率测试中，电池在0.5、1、2和5 C下均表现出稳定容量，5 C下仍可达到236.7 mAh g⁻¹。长循环测试进一步证明，SIE使电池在2 C下循环1400圈后仍保持67%容量，显著优于SME。 总结总之，该研究提出了一种动态溶剂化结构调控策略，用于解决锂有机电池中有机羰基电极材料在电化学运行过程中的持续溶解问题。研究表明，在传统溶剂化亚稳电解液中，溶解后的PTO会参与Li⁺配位并挤出TFSI⁻，导致溶剂化结构在外场扰动下不断重组，从而加剧电极材料降解。通过引入DFP构建溶剂化隔离电解液，电解液能够在削弱PTO相互作用的同时稳定DME/TFSI⁻相关配位网络，减少PTO进入Li⁺溶剂化鞘的机会。理论模拟和光谱表征共同证实，SIE具有更高的动态结构稳定性和更强的溶解抑制能力。受益于这一机制，Li−PTO电池获得显著提升的循环寿命和倍率性能。该工作说明，面向长寿命锂有机电池的电解液设计不应只关注平衡态溶解度或自由溶剂含量，还需要重点考虑运行条件下溶剂化网络的动态稳健性。Dynamic Solvation Structure Regulation Enables Long-Life Li−Organic Batteries,Journal of the American Chemical Society,2026,DOI:10.1021/jacs.6c01785#南开大学#陈军#卢勇#电池#JACS点击阅读原文，加速顶刊！阅读原文通讯作者：陈军、卢勇\x0d\x0a通讯单位：南开大学",,,,pending
卜显和院士领衔！南开大学李娜最新Angew丨动态双功能位点稳碘提效锂碘电池！,电池未来,电池未来,"RIOnews API, 前沿表征, 原位",normal,2026-08-13T08:30:00+08:00,,"锂碘电池具有较高理论能量密度和丰富的碘氧化还原化学，但实际应用长期受限于碘物种溶解穿梭、反应可逆性不足以及高价碘中间体难以稳定等问题。尤其是在高电压区域，若不能有效固定I⁺等强氧化性物种，电极结构和循环稳定性都会受到明显影响。该研究的核心思路是在COF中引入可逆质子化的吡啶氮位点，使其既能作为碘物种锚定位点，又能在充放电过程中参与动态质子化/去质子化，从而提升I⁻/I⁰/I⁺两电子转化的可逆性。近日，南开大学李娜、卜显和在Angewandte Chemie International Edition发表了题为""Dynamic Bifunctional Sites on a COF Enable",http://mp.weixin.qq.com/s?__biz=Mzg5OTYzNjU0OA==&mid=2247651052&idx=6&sn=59b4021578588930a6df20f684e4b060,,"锂碘电池具有较高理论能量密度和丰富的碘氧化还原化学，但实际应用长期受限于碘物种溶解穿梭、反应可逆性不足以及高价碘中间体难以稳定等问题。尤其是在高电压区域，若不能有效固定I⁺等强氧化性物种，电极结构和循环稳定性都会受到明显影响。该研究的核心思路是在COF中引入可逆质子化的吡啶氮位点，使其既能作为碘物种锚定位点，又能在充放电过程中参与动态质子化/去质子化，从而提升I⁻/I⁰/I⁺两电子转化的可逆性。近日，南开大学李娜、卜显和在Angewandte Chemie International Edition发表了题为""Dynamic Bifunctional Sites on a COF Enable","锂碘电池具有较高理论能量密度和丰富的碘氧化还原化学，但实际应用长期受限于碘物种溶解穿梭、反应可逆性不足以及高价碘中间体难以稳定等问题。尤其是在高电压区域，若不能有效固定I⁺等强氧化性物种，电极结构和循环稳定性都会受到明显影响。该研究的核心思路是在COF中引入可逆质子化的吡啶氮位点，使其既能作为碘物种锚定位点，又能在充放电过程中参与动态质子化/去质子化，从而提升I⁻/I⁰/I⁺两电子转化的可逆性。近日，南开大学李娜、卜显和在Angewandte Chemie International Edition发表了题为""Dynamic Bifunctional Sites on a COF Enable Efficient Immobilization and Conversion of Iodine Species Toward Li-Iodine Batteries""的研究论文，Le-Tian Zhang为论文第一作者，李娜、卜显和为论文通讯作者。核心亮点1. 该工作把可逆质子化吡啶单元嵌入COF骨架，构建可同时锚定并调控碘物种转化的动态双功能位点。2. BPY-COF@CNT-HI正极实现I⁻/I⁰/I⁺连续两电子氧化还原，突破传统Li-I₂电池以I⁻/I₂为主的容量限制。3. 电极在0.3 A g⁻¹下提供233 mAh gI⁻¹可逆容量，并表现出3.58 V高电压放电平台。4. 原位Raman、非原位XPS和DFT共同证明吡啶氮质子化/去质子化与碘价态转化高度可逆。5. BPY-COF@CNT-HI在2.0 A g⁻¹下稳定循环8000圈，容量衰减率低至0.0055%每圈，展示出优异耐久性。 全文速览该研究提出一种动态双功能位点策略，在共价有机框架中引入可逆质子化的吡啶单元，用于高效固定并促进碘物种转化。所得BPY-COF@CNT-HI复合正极可在Li-I₂电池中实现高电压放电平台和高可逆容量。电化学测试显示，该材料能够有效激活I⁻/I⁰/I⁺两电子氧化还原过程，并显著改善倍率性能和循环稳定性。原位Raman、非原位XPS及理论计算进一步证明，吡啶氮位点能够稳定不同价态碘物种，尤其增强对I⁺的相互作用，从而建立高可逆、高能量密度Li-I₂电池正极的结构设计范式。 图文解读图1 | BPY-COF经HI质子化后仍保持晶体结构和形貌，并形成含吡啶氮活性位点的碘化COF正极材料。图1围绕材料合成与结构确认展开。HI处理使BPY-COF中吡啶氮位点发生质子化，PXRD和FT-IR证明骨架结构仍然保留，XPS显示氮和碘相关化学环境发生变化。SEM、TEM与EDS进一步说明BPY-COF-HI保持纳米形貌，并实现C、N、I等元素均匀分布，为后续碘物种锚定和电化学转化提供结构基础。图2 | BPY-COF@CNT-HI展现更高容量、更优倍率性能和长循环稳定性，证明吡啶氮位点有助于提升Li-I₂电池性能。图2比较不同COF正极的电化学行为。BPY-COF@CNT-HI在CV和GCD曲线中呈现清晰的I⁻/I⁰与I⁰/I⁺氧化还原特征，相比BD-COF-HI和BPY-COF-HI具有更高容量贡献和更稳定的充放电曲线。倍率测试与长循环结果显示，导电CNT复合和吡啶氮位点协同改善反应动力学，使电极在高电流下仍保持优异循环耐久性。图3 | 动力学分析表明BPY-COF@CNT-HI具有更快碘转化反应、更低界面阻抗和更高赝电容贡献。图3从Tafel斜率、Nyquist阻抗、变扫速CV和容量贡献分析评估反应动力学。BPY-COF@CNT-HI表现出更优氧化动力学和更小电荷转移阻抗，说明吡啶氮位点及CNT网络有利于促进电子/离子传输。赝电容贡献随扫描速率提高而增强，进一步表明该电极能够快速响应碘物种转化，在Li-I₂电池正极对比中具有突出综合性能。图4 | XPS、原位Raman和DFT共同揭示吡啶氮位点稳定I⁺并驱动可逆I⁻/I⁰/I⁺转化机制。图4解析碘物种演化机制。充电过程中I 3d XPS依次出现I⁻、I⁰和I⁺信号，N 1s峰位同步变化，说明吡啶氮经历可逆去质子化；放电后谱图基本恢复，证明反应可逆。原位Raman进一步捕捉I₃⁻与I⁺特征峰演化。DFT显示BPY-COF-HI带隙更窄、内聚能更高，并通过吡啶氮向I⁺发生明显电荷转移，从而稳定高价碘物种。 总结总之，该研究通过在共价有机框架中引入可逆质子化吡啶单元，合理开发了一种高电压Li-I₂电池正极，从而实现高度可逆的I⁺/I⁻氧化还原化学。通过精确结构工程构建的BPY-COF@CNT-HI正极在0.3 A g⁻¹电流密度下提供233 mAh gI⁻¹的高可逆容量。原位Raman光谱、非原位XPS分析和理论模拟共同证实，电极中存在可逆的两电子I⁻/I⁰/I⁺转化路径，并伴随吡啶氮基团的可逆质子化。受益于可精准锚定多种碘物种的动态双功能位点设计，BPY-COF@CNT-HI表现出出色循环耐久性，在2.0 A g⁻¹下可稳定循环8000圈，容量衰减率低至0.0055%每圈。该概念验证工作为高能量密度Li-I₂电池中开发两电子氧化还原反应提供了有效设计范式。Dynamic Bifunctional Sites on a COF Enable Efficient Immobilization and Conversion of Iodine Species Toward Li-Iodine Batteries,Angewandte Chemie International Edition,2026,DOI:10.1002/anie.2534734#南开大学#李娜#卜显和#电池#Angew点击阅读原文，加速顶刊！阅读原文通讯作者：李娜、卜显和\x0d\x0a通讯单位：南开大学",,,,pending
浙江大学程浩/陆盈盈&新加坡国立大学最新Nature子刊丨分子腔调控锌溴电池！,电池未来,电池未来,"RIOnews API, 前沿表征, 原位",normal,2026-08-13T08:30:00+08:00,,先进电化学储能体系长期面临一个核心矛盾：电容过程通常具备快速充放电和高功率输出，但容量有限；法拉第氧化还原反应可以提供更高理论容量，却容易受到反应动力学慢、结构衰退和副反应的限制。因此，同时实现高能量密度、高功率密度和长循环稳定性，是电极材料设计中的关键挑战。水系锌基储能正好体现了这一矛盾。锌离子混合电容器依赖碳正极的双电层或赝电容机制，稳定性和倍率性能较好，但容量受限；锌溴电池基于Br₂/Br⁻氧化还原对，理论容量高，却受到多溴化物穿梭和转化动力学缓慢的制约。传统杂原子掺杂、物理限域或化学吸附策略多只能局部改善，很难从分子尺度同时调控电容储能和氧化还原转化。该研究的突破点在于把柱芳烃分子腔引,http://mp.weixin.qq.com/s?__biz=Mzg5OTYzNjU0OA==&mid=2247651052&idx=2&sn=f404f078f3df5294f6e4719afda31d28,,先进电化学储能体系长期面临一个核心矛盾：电容过程通常具备快速充放电和高功率输出，但容量有限；法拉第氧化还原反应可以提供更高理论容量，却容易受到反应动力学慢、结构衰退和副反应的限制。因此，同时实现高能量密度、高功率密度和长循环稳定性，是电极材料设计中的关键挑战。水系锌基储能正好体现了这一矛盾。锌离子混合电容器依赖碳正极的双电层或赝电容机制，稳定性和倍率性能较好，但容量受限；锌溴电池基于Br₂/Br⁻氧化还原对，理论容量高，却受到多溴化物穿梭和转化动力学缓慢的制约。传统杂原子掺杂、物理限域或化学吸附策略多只能局部改善，很难从分子尺度同时调控电容储能和氧化还原转化。该研究的突破点在于把柱芳烃分子腔引,"先进电化学储能体系长期面临一个核心矛盾：电容过程通常具备快速充放电和高功率输出，但容量有限；法拉第氧化还原反应可以提供更高理论容量，却容易受到反应动力学慢、结构衰退和副反应的限制。因此，同时实现高能量密度、高功率密度和长循环稳定性，是电极材料设计中的关键挑战。水系锌基储能正好体现了这一矛盾。锌离子混合电容器依赖碳正极的双电层或赝电容机制，稳定性和倍率性能较好，但容量受限；锌溴电池基于Br₂/Br⁻氧化还原对，理论容量高，却受到多溴化物穿梭和转化动力学缓慢的制约。传统杂原子掺杂、物理限域或化学吸附策略多只能局部改善，很难从分子尺度同时调控电容储能和氧化还原转化。该研究的突破点在于把柱芳烃分子腔引入正极体系，使腔体不仅是吸附位点，更像一个随电压切换功能的超分子微反应器。低电压时，腔体通过内部静电环境容纳不同离子；高电压时，受限空间中的主客体非共价作用稳定多溴化物并促进Br⁻/Br₃⁻转化，从而把快速电容过程与高容量溴氧化还原过程耦合起来。近日，浙江大学程豪、陆盈盈、新加坡国立大学Siyuan Li在Nature Communications发表了题为""Cavity-Enabled Supramolecular Regulation of Capacitive–Redox Bromine Electrochemistry in Zinc–Bromine Batteries""的研究论文，Yongxing Ding, Mingming Han为论文第一作者，程豪、陆盈盈、Siyuan Li为论文通讯作者。核心亮点1. 提出分子腔超分子微反应器策略，用受限非共价作用调控锌溴电池中的离子存储与溴氧化还原过程。2. BEP6A柱芳烃腔体对Br₃⁻表现出强选择性亲和力，吸附容量达到7.1 g g⁻¹，去除效率在宽浓度范围内保持98.7%以上。3. DFT计算显示Br₃⁻与BEP6A结合能达−58.4 kcal mol⁻¹，色散作用是主要贡献，区别于传统静电型络合剂。4. 原位外延思路结合ex situ XPS证明腔体具有电压响应功能：低电压容纳Zn²⁺/K⁺等离子，高电压稳定Br₃⁻中间体。5. BEP6A正极显著提升锌溴电池容量、倍率和循环稳定性，在8.3 A g⁻¹下1500圈后容量保持率为89.4%，库仑效率达99.7%。 全文速览高倍率电容过程与高容量氧化还原反应之间的内在权衡，从根本上限制了先进电化学储能的发展。该研究通过引入腔体使能的超分子微反应器作为通用平台，实现协同的溴电容-氧化还原电化学，从而突破这一传统范式。这类微反应器表现出电压响应的双重功能：在低电压下，由定制化静电腔体环境主导，作为高容量离子捕获基质；在高电压下，则通过空间限域的非共价相互作用，动态切换为多溴化物锚定和转化促进中心，这种作用不同于传统化学键合。将该策略用于水系锌溴电池后，体系在0.83 A g⁻¹下实现481.8 mAh g⁻¹的比容量，并在8.3 A g⁻¹电流密度下循环1500次后保持89.4%的容量。该工作超越了传统材料设计思路，建立了一种通过分子尺度离子调控打破电极材料内在限制的通用方法。 图文解读图1 | 分子腔超分子微反应器通过电压响应功能耦合锌溴电池中的电容储能与溴氧化还原反应。图1展示了该策略的总体设计逻辑：研究人员合成具有明确内部静电环境的柱芳烃分子腔，使其在低电压下作为离子储存基质，在高电压下通过受限主客体非共价作用稳定并转化多溴化物，从而提升容量和循环稳定性。图2 | BEP6A分子腔对多溴化物表现出强主客体识别、电子调节和高效捕获能力。图2证明腔体结构是多溴化物强吸附的关键。BEP6A浸泡后出现明显颜色和形貌变化，Br富集远高于DB和Carbon对照；XPS与¹H NMR显示电子密度发生重新分布，UV-vis和吸附测试进一步表明其在60 mM下容量达7.1 g g⁻¹，去除效率保持在98.7%以上。图3 | DFT计算揭示BEP6A腔体通过空间选择性和色散主导的非共价作用稳定Br₃⁻。图3从分子尺度解释强结合来源。ESP分析显示BEP6A腔体内壁和开口区域具有差异化电势，可分别稳定阳离子和阴离子；Br₃⁻与BEP6A结合能达到−58.4 kcal mol⁻¹，明显强于Br⁻、Zn²⁺、K⁺及对照体系，EDA和IGMH结果说明色散作用贡献最大。图4 | BEP6A微反应器在充放电过程中表现出低电压储离子、高电压稳多溴化物的双功能切换。图4展示了腔体的电压依赖行为。CV曲线同时呈现低电压准矩形电容响应和高电压Br⁻/Br₃⁻氧化还原峰；ex situ XPS显示低电压下Zn²⁺和K⁺进入腔体，高电压下SO₄²⁻吸附增强并出现Br₃⁻信号，说明腔体功能从离子存储转向中间体稳定。图5 | BEP6A正极显著提升锌溴电池容量、倍率性能、循环寿命和抗穿梭能力。图5体现了分子腔调控带来的电池性能增益。BEP6A电池在0.83 A g⁻¹下初始容量达481.8 mAh g⁻¹，高于Carbon和DB对照，并超过一电子理论容量；在8.3 A g⁻¹下循环1500次后仍保持294.0 mAh g⁻¹，容量保持率89.4%，库仑效率99.7%。 总结BEP6A柱芳烃腔体能够通过定制化静电环境和受限非共价相互作用，在不同电压区间承担不同功能：低电压下促进Zn²⁺、K⁺等离子存储，高电压下稳定Br₃⁻等多溴化物并促进其转化。实验表征与理论计算共同表明，腔体结构带来的分子识别、电子调节和色散主导相互作用，是提升多溴化物捕获、抑制穿梭和改善反应动力学的关键。该策略使水系锌溴电池获得更高容量、更好倍率性能和更长循环寿命，也为通过分子尺度离子调控突破传统电极材料限制提供了新的设计思路。Cavity-Enabled Supramolecular Regulation of Capacitive–Redox Bromine Electrochemistry in Zinc–Bromine Batteries,Nature Communications,2026,DOI:10.1038/s41467-026-76539-8#浙江大学#程豪#陆盈盈#新加坡国立大学#Nature子刊#电池点击阅读原文，加速顶刊！阅读原文通讯作者：程豪、陆盈盈、Siyuan Li\x0d\x0a通讯单位：浙江大学、新加坡国立大学",,,,pending
师徒联手！美国斯坦福大学崔屹/李钰琦，最新Nature Chemical Engineering！,电池未来,电池未来,"RIOnews API, 前沿表征, 原位",normal,2026-08-13T08:30:00+08:00,,大规模化工合成过程不可避免地产生大量废液，其处理不仅带来经济负担，也造成环境压力。传统回收通常需要额外分离、纯化或转化步骤，资源投入较高，而且回收产物往往与原始废物流功能并不直接对应。沸石工业合成是一个典型场景。以LTA沸石为例，每生产1吨沸石会产生超过10吨废液，其中包括结晶后的沸石母液ZML以及洗涤过程产生的沸石洗涤上清液ZWS。这些废液中含有未反应前驱体、铝硅酸盐结构单元和纳米碎片，但其直接功能化利用长期缺乏系统探索。与此同时，水系锌电池因安全、低成本和环境友好而适合规模储能，但Zn金属沉积不均、枝晶生长、析氢腐蚀和低库仑效率仍限制其寿命。该工作将工业废液中的纳米碎片转化为界面调控组分，,http://mp.weixin.qq.com/s?__biz=Mzg5OTYzNjU0OA==&mid=2247651052&idx=1&sn=c5d15000a359a845d92edc3faec56fb0,,大规模化工合成过程不可避免地产生大量废液，其处理不仅带来经济负担，也造成环境压力。传统回收通常需要额外分离、纯化或转化步骤，资源投入较高，而且回收产物往往与原始废物流功能并不直接对应。沸石工业合成是一个典型场景。以LTA沸石为例，每生产1吨沸石会产生超过10吨废液，其中包括结晶后的沸石母液ZML以及洗涤过程产生的沸石洗涤上清液ZWS。这些废液中含有未反应前驱体、铝硅酸盐结构单元和纳米碎片，但其直接功能化利用长期缺乏系统探索。与此同时，水系锌电池因安全、低成本和环境友好而适合规模储能，但Zn金属沉积不均、枝晶生长、析氢腐蚀和低库仑效率仍限制其寿命。该工作将工业废液中的纳米碎片转化为界面调控组分，,"大规模化工合成过程不可避免地产生大量废液，其处理不仅带来经济负担，也造成环境压力。传统回收通常需要额外分离、纯化或转化步骤，资源投入较高，而且回收产物往往与原始废物流功能并不直接对应。沸石工业合成是一个典型场景。以LTA沸石为例，每生产1吨沸石会产生超过10吨废液，其中包括结晶后的沸石母液ZML以及洗涤过程产生的沸石洗涤上清液ZWS。这些废液中含有未反应前驱体、铝硅酸盐结构单元和纳米碎片，但其直接功能化利用长期缺乏系统探索。与此同时，水系锌电池因安全、低成本和环境友好而适合规模储能，但Zn金属沉积不均、枝晶生长、析氢腐蚀和低库仑效率仍限制其寿命。该工作将工业废液中的纳米碎片转化为界面调控组分，试图同时解决废液利用和锌负极稳定性问题。近日，美国斯坦福大学李钰琦、崔屹在Nature Chemical Engineering发表了题为""Upcycling nanoscale fragments in industrial waste liquids for aqueous battery electrolytes""的研究论文。Xiwen Chi为论文第一作者，李钰琦、崔屹为论文共同通讯作者。核心亮点1. 提出沸石合成废液直接再利用策略，将ZWS作为1 M ZnSO₄水系锌电池电解液溶剂，减少去离子水使用和废液处理压力。2. 揭示ZWS中存在稳定、均一的纳米级铝硅酸盐沸石碎片，其表面带负电并具有氧缺陷相关的电荷差异。3. 发现沸石碎片在Zn沉积过程中可与Zn²⁺协同迁移，并在电极界面自组装形成约6–10 nm的碎片衍生界面层。4. 证明梯度氧缺陷界面可产生局部电场，促进Zn²⁺迁移和均匀Zn沉积，抑制枝晶、副反应和析氢腐蚀。5. ZWS电解液显著提升Zn||Cu半电池、Zn||Zn对称电池和双无电极Zn||MnO₂全电池性能，并对不同废液批次和制备条件表现出良好鲁棒性。 全文速览工业合成会产生大量含有未反应前驱体和纳米碎片的废液，带来环境处置挑战，但关于原始工业废液直接再利用的研究仍然有限。该研究开发了一种直接回收策略，将沸石合成废液用作水系锌离子电池电解液的溶剂。在Zn沉积过程中，废液中带负电的沸石碎片能够形成纳米级界面层。这些沸石碎片具有电荷梯度，可产生局部电场，促进Zn²⁺迁移并实现均匀Zn金属沉积。与使用去离子水制备的传统电解液相比，这种废液衍生电解液赋予电池更高的循环稳定性、更低的电压极化和更优的库仑效率。重要的是，该策略为减少去离子水使用、缓解废液处理需求并提升电池性能提供了潜在路径。 图文解读图1 | 该图展示LTA沸石合成废液的来源、ZWS直接用于锌电池电解液的策略，以及带负电沸石碎片调控Zn²⁺迁移和沉积的概念机制。图1首先将沸石生产过程与电池界面调控联系起来：LTA沸石合成和洗涤会产生大量ZML与ZWS废液，其中ZWS含有带负电的纳米铝硅酸盐碎片。研究团队提出不再将其视为单纯废液，而是直接作为水系锌电池电解液溶剂，使碎片在Zn沉积时参与界面构筑。图2 | 该图通过ICP、DLS、Raman、电泳和nano-SIMS等表征证明ZWS中存在稳定均一的纳米沸石碎片，并可在Zn表面形成薄界面层。图2围绕ZWS的组成、稳定性和界面行为展开。ICP显示Si和Al浓度接近且长期静置后仍保持均一，DLS和Raman证明其中存在亚纳米至纳米尺度沸石碎片及4MR结构信号。电泳实验显示碎片带负电并存在电荷差异，nano-SIMS进一步确认其在Zn表面形成约6–10 nm的均匀界面层。图3 | 该图证明ZWS电解液可改变Zn沉积形貌和界面化学，形成具有氧缺陷梯度的碎片衍生界面并诱导均匀沉积。图3比较了普通电解液和ZWS电解液中的Zn沉积行为。普通电解液得到疏松、无序的苔藓状Zn，并伴随锌羟基硫酸盐等副产物；ZWS体系则形成致密均匀沉积。XPS深度剖析显示，ZWS界面中晶格氧与氧空位比例随深度规律变化，说明形成了原位自组装的梯度氧缺陷界面。图4 | 该图系统展示ZWS电解液在半电池、对称电池、全电池、碱性体系和多批次废液中的电化学优势与鲁棒性。图4展示ZWS电解液带来的性能提升：Zn||Zn对称电池在高电流下极化更低，Zn||Cu半电池在20 mA cm⁻²下保持99.92%平均库仑效率并稳定循环，双无电极Zn||MnO₂全电池在5 C下可超过500圈。ZML在碱性体系中也表现出潜力，多种制备条件和工业样品验证了策略的普适性。 总结该研究证明，沸石合成原始废液可以直接作为水系锌基电池电解液的溶剂来源，在不额外纯化的情况下替代去离子水。ZWS中的带负电沸石碎片可在Zn沉积过程中迁移至电极界面，并形成具有梯度氧缺陷的纳米界面层。该界面层产生局部电场，促进Zn²⁺迁移，降低界面电阻，抑制不均匀沉积、析氢腐蚀和副产物生成，从而提升锌金属沉积/剥离的可逆性和稳定性。该策略在不同废液批次、制备条件、沸石拓扑和工业样品中仍保持有效，说明性能提升主要依赖沸石碎片形成的梯度带电界面，而不是严格限定的精确组成。该工作更适合作为废物到功能材料路径的技术可行性和机制基础展示，未来仍需结合ISO框架下的生命周期评价和技术经济分析，量化其真实环境收益与应用边界。更广泛地看，从复杂工业废物流中直接提取界面功能，而非完全纯化为传统原料，可能为能源存储、电催化和相关材料界面设计提供新的可持续思路。Upcycling nanoscale fragments in industrial waste liquids for aqueous battery electrolytes,Nature Chemical Engineering,2026,DOI:10.1038/s44286-026-00424-w#美国斯坦福大学#李钰琦#崔屹#Nature子刊#电池点击阅读原文，加速顶刊！阅读原文通讯作者：李钰琦、崔屹\x0d\x0a通讯单位：美国斯坦福大学",,,,pending
JACS：2 A cm⁻²、1.86 V，硝酸盐还原/乙二醇氧化配对制甲酸铵,有机电催化,有机电催化,"RIOnews API, 电化学合成, 电催化, 电合成",normal,2026-08-13T08:30:00+08:00,,配对电合成 · 硝酸盐还原 · 乙二醇氧化 · 异质结一句话看懂硝酸盐还原与乙二醇氧化的配对电合成要求阴、阳极同时维持高选择性和安培级通量；该工作通过闪焦耳加热构筑富氧空位CoO/Co3O4@C异质结，在2 A cm−2、1.86 V下实现稳定配对运行，并将两极产物延伸至甲酸铵制备。硝酸盐还原制氨与PET上游单体乙二醇氧化可同时闭合氮、碳循环，但两侧均涉及多电子过程和选择性竞争。面向高电流运行，需要催化材料同时具备阴、阳极反应活性与长期稳定性。因此，如何在同一双功能材料上协调缺陷、电子结构与反应路径，仍是配对电合成放大的核心问题。核心问题富缺陷CoO/Co3O4异质结能否同时提升硝酸盐还原与乙,http://mp.weixin.qq.com/s?__biz=MzUyNTc2ODMyOQ==&mid=2247561386&idx=1&sn=3e936b54101926aef25e3ae764df7a95,,配对电合成 · 硝酸盐还原 · 乙二醇氧化 · 异质结一句话看懂硝酸盐还原与乙二醇氧化的配对电合成要求阴、阳极同时维持高选择性和安培级通量；该工作通过闪焦耳加热构筑富氧空位CoO/Co3O4@C异质结，在2 A cm−2、1.86 V下实现稳定配对运行，并将两极产物延伸至甲酸铵制备。硝酸盐还原制氨与PET上游单体乙二醇氧化可同时闭合氮、碳循环，但两侧均涉及多电子过程和选择性竞争。面向高电流运行，需要催化材料同时具备阴、阳极反应活性与长期稳定性。因此，如何在同一双功能材料上协调缺陷、电子结构与反应路径，仍是配对电合成放大的核心问题。核心问题富缺陷CoO/Co3O4异质结能否同时提升硝酸盐还原与乙,"配对电合成 · 硝酸盐还原 · 乙二醇氧化 · 异质结一句话看懂硝酸盐还原与乙二醇氧化的配对电合成要求阴、阳极同时维持高选择性和安培级通量；该工作通过闪焦耳加热构筑富氧空位CoO/Co3O4@C异质结，在2 A cm−2、1.86 V下实现稳定配对运行，并将两极产物延伸至甲酸铵制备。硝酸盐还原制氨与PET上游单体乙二醇氧化可同时闭合氮、碳循环，但两侧均涉及多电子过程和选择性竞争。面向高电流运行，需要催化材料同时具备阴、阳极反应活性与长期稳定性。因此，如何在同一双功能材料上协调缺陷、电子结构与反应路径，仍是配对电合成放大的核心问题。核心问题富缺陷CoO/Co3O4异质结能否同时提升硝酸盐还原与乙二醇氧化，并支撑甲酸铵连续生成？本文要点1. 闪焦耳加热形成富氧空位和晶格畸变的CoO/Co3O4@C异质结。2. 阴极氨FE达97.14%，阳极甲酸盐FE达98%。3. 集成电解在2 A cm−2、1.86 V下运行，并以产物混合获得甲酸铵。关键图表解读闪焦耳加热驱动的异质结构筑逻辑Figure 1. 闪焦耳加热驱动的异质结构筑逻辑闪焦耳加热后CoO/Co3O4@C出现氧空位和晶格畸变，形成富缺陷异质结的局域结构特征，表明快速热过程可用于稳定高缺陷密度结构。硝酸盐还原制氨性能Figure 3. 硝酸盐还原制氨性能氨法拉第效率、产率和稳定性随电位或电流密度变化，阴极氨FE最高达到97.14%，表明异质结可在高负荷下保持硝酸盐还原选择性。乙二醇氧化制甲酸盐性能Figure 6. 乙二醇氧化制甲酸盐性能乙二醇氧化的极化响应与¹H NMR甲酸盐定量对应，甲酸盐法拉第效率随工作电位发生变化，表明同一材料可承担阳极有机氧化。甲酸铵配对电合成集成验证Figure 7. 甲酸铵配对电合成集成验证配对电解在2 A cm−2、1.86 V下连续运行180 h，极化和恒电流轨迹保持稳定输出，表明阴阳极产物可用于下游甲酸铵制备。关键数据集成电解在2 A cm−2时电池电压为1.86 V，并在1 A cm−2下稳定运行180 h；阴极氨FE为97.14%。可以继续思考什么？后续可在更高电流密度、更长运行时间或更复杂实际底物条件下，进一步检验该策略的结构稳定性与适用边界。文献信息Nonequilibrium-Induced Defect-Rich Bifunctional Heterojunctions for Highly Selective Paired Electrosynthesis of Ammonium FormateJ. Am. Chem. Soc. 2026, Article in PressDOI: https://doi.org/10.1021/jacs.6c08564通讯作者：Jun Qi；Jieshan Qiu有机电催化学术交流QQ群: 692419836",,,,pending
南京大学肖科&谭海仁最新Nature：羧酸铅钝化用于米级钙钛矿太阳能组件,钙钛矿太阳能电池,钙钛矿太阳能电池,"RIOnews API, 钙钛矿, 柔性钙钛矿, 学术研究, 大学, 教授",normal,2026-08-13T08:12:33+08:00,,"对环境敏感的卤化铵已成为钙钛矿太阳能电池不可或缺的表面钝化剂，并在实验室规模上展现出广泛的有效性。然而，卤化铵对湿度的敏感性通常要求在惰性气氛下操作。加之大面积狭缝涂布过程中钝化剂分布不均匀，将此类表面处理技术应用于米级钙钛矿太阳能组件在环境条件下的制备仍然具有挑战性。鉴于此，2026年6月12日南京大学肖科&谭海仁于Nature刊发羧酸铅钝化用于米级钙钛矿太阳能组件的研究成果，本文中采用化学性质稳定的羧酸铅作为钝化剂，经高饱和蒸汽压溶剂体系（2-甲氧基乙醇、1,3-二氧戊环和二甲基亚砜）处理、表面天然富含碘化甲脒的钙钛矿薄膜上。通过使用二油酸铅处理定制表面以增强载流子传输和表面钝化，制备了钙",http://mp.weixin.qq.com/s?__biz=MzIwNDAzNzcwMA==&mid=2456843097&idx=1&sn=8e7510588ab75c60103646f764dd7acf,,"对环境敏感的卤化铵已成为钙钛矿太阳能电池不可或缺的表面钝化剂，并在实验室规模上展现出广泛的有效性。然而，卤化铵对湿度的敏感性通常要求在惰性气氛下操作。加之大面积狭缝涂布过程中钝化剂分布不均匀，将此类表面处理技术应用于米级钙钛矿太阳能组件在环境条件下的制备仍然具有挑战性。鉴于此，2026年6月12日南京大学肖科&谭海仁于Nature刊发羧酸铅钝化用于米级钙钛矿太阳能组件的研究成果，本文中采用化学性质稳定的羧酸铅作为钝化剂，经高饱和蒸汽压溶剂体系（2-甲氧基乙醇、1,3-二氧戊环和二甲基亚砜）处理、表面天然富含碘化甲脒的钙钛矿薄膜上。通过使用二油酸铅处理定制表面以增强载流子传输和表面钝化，制备了钙","对环境敏感的卤化铵已成为钙钛矿太阳能电池不可或缺的表面钝化剂，并在实验室规模上展现出广泛的有效性。然而，卤化铵对湿度的敏感性通常要求在惰性气氛下操作。加之大面积狭缝涂布过程中钝化剂分布不均匀，将此类表面处理技术应用于米级钙钛矿太阳能组件在环境条件下的制备仍然具有挑战性。鉴于此，2026年6月12日南京大学肖科&谭海仁于Nature刊发羧酸铅钝化用于米级钙钛矿太阳能组件的研究成果，本文中采用化学性质稳定的羧酸铅作为钝化剂，经高饱和蒸汽压溶剂体系（2-甲氧基乙醇、1,3-二氧戊环和二甲基亚砜）处理、表面天然富含碘化甲脒的钙钛矿薄膜上。通过使用二油酸铅处理定制表面以增强载流子传输和表面钝化，制备了钙钛矿太阳能电池组件，其认证效率分别为24.0%（孔径面积810 cm²）和22.0%（总面积0.72 m²），并通过了所有IEC 61215可靠性测试。这些结果代表了目前报道的可扩展、工业化可行性钙钛矿光伏器件的最高性能。原文：https://www.nature.com/articles/s41586-026-10994-7钙钛矿方向课题组网站NREL网站：https://www.nrel.gov/pv/cell-efficiency.htmlGratzel课题组网站：http://lpi.epfl.ch/publicationsSnaith课题组网站：https://www2.physics.ox.ac.uk/contacts/people/snaith/publicationsYangYang课题组网站：https://yylab.seas.ucla.edu/publications.html黄劲松课题组网站：https://huangjinsong.wixsite.com/group/publications李美成课题组网站：https://nemd.ncepu.edu.cn/戚亚冰课题组网站：https://groups.oist.jp/emssu/publications周欢萍课题组网站：https://happyzhou.wixsite.com/happylabs金松课题组网站：https://jin.chem.wisc.edu/content/song-jin陈棋课题组网站：https://cheerslab.net/丁黎明课题组网站：http://www.nanoctr.cn/opv/yjcg/孟庆波课题组网站：http://solar.iphy.ac.cn/index.php/?page_id=5103张春福课题组网站：https://web.xidian.edu.cn/cfzhang/Jin Young Kim 课题组网站：https://ngel.unist.ac.kr/papers/Nam-Gyu Park课题组网站：http://ngpl.skku.edu/sub/sub04_01.php?cat_no=37&sNum=1叶轩立课题组网站：https://www.yipgroup.info/research唐江课题组网站：：http://tfsc.wnlo.hust.edu.cn/info/1153/1594.htmSargent课题组网站：https://light.utoronto.ca/publications/2021-1/Seok课题组网站：https://seoksi.unist.ac.kr/publication/周圆圆课题组网站：https://www.alvinyzhou.com/all-papers王漾课题组网站：https://www.x-mol.com/groups/steven_wangyang陈树林（钙钛矿透射电子显微学）网站：http://grzy.hnu.edu.cn/site/index/chenshulin赵清课题组网站：http://faculty.pku.edu.cn/~vuaQVn/zh_CN/index.htm钙钛矿LED世界记录每日更新蓝光钙钛矿LED最高EQE26.4% 保持团队：浙江大学狄大卫&叶志镇&戴兴良团队 更新时间：2024年7月17日红光钙钛矿LED最高EQE32.5% 保持团队： 中科院半导体所张兴旺&游经碧 更新时间：2025年5月23日红光叠层钙钛矿LED最高EQE45.5% 保持团队： 南京工业大学王娜娜&黄维&王建浦 更新时间：2025年11月11日 绿光钙钛矿LED最高EQE31% 保持团队：华南理工大学陈江山&马东阁&澳门大学邢贵川 更新时间：2024年9月23日钙钛矿太阳能电池世界记录每日更新钙钛矿太阳能电池最高稳态认证光电转化效率28% 保持单位：海南大学钙钛矿/硅叠层太阳能电池最高认证光电转化效率35.5% 保持单位：隆基钙钛矿/TOPcon叠层太阳能电池最高认证光电转化效率34.76% 保持单位：晶科能源钙钛矿/PERC叠层太阳能电池最高光电转化效率30.05% 保持单位：首尔大学Jin Young Kim柔性钙钛矿/硅叠层太阳能电池最高认证光电转化效率33.6% 保持单位：苏州大学杨新波&张晓宏&阿卜杜拉国王科技大学De Wolf钙钛矿/CIGS叠层太阳能电池最高认证光电转化效率30.1% 保持单位：武汉大学李建民&王胜&龚俊波&肖旭东钙钛矿/钙钛矿/硅三结叠层太阳能电池最高认证光电转化效率27.06% 保持单位：悉尼大学郑将辉&Anita W. Y. Ho-Baillie&厦门大学陈忠&深圳黑晶光电技术有限公司段磊平1cm² 钙钛矿太阳能电池最高光电转化效率26.90% 保持单位：苏州大学/新南威尔士大学/白马湖实验室52cm² 钙钛矿太阳能电池最高光电转化效率26.48% 保持单位：万度光能900cm² 钙钛矿太阳能电池最高光电转化效率24.36% 保持单位：脉络能源户内光伏最高效率44.72% 保持团队：中国暨南大学王有生&麦耀华团队 更新时间：2024年1月12日钙钛矿室内光伏组件最高认证孔径面积效率34.94%/国家光伏产业计量测试中心认证(12.80 cm2) 保持团队：暨南大学麦耀华教授团队钙钛矿/钙钛矿叠层太阳能电池最高光电转化效率/JET认证28.2% (1.038cm2) 保持团队：南京大学&仁烁光电钙钛矿/钙钛矿叠层太阳能电池最高认证效率31.55% 保持团队：光因科技钙钛矿/OPV叠层太阳能电池最高认证效率26.42% 保持团队：青岛大学刘玉强&欧阳丹&薄志山&南方科技大学丘龙斌&北京师范大学张文凯&四川大学李鸿祥 更新时间：2025年10月9日露天制备钙钛矿太阳能电池最高效率26.5% 保持团队：中国华北电力大学李美成团队 更新时间：2025年9月28日钙钛矿太阳能电池低温运行最高效率26.12% 保持团队：中国陕西师范大学赵奎团队 更新时间：2023年8月31日锡铅混合钙钛矿太阳能电池最高效率24.13% 保持团队：上海交通大学陈汉团队 更新时间：2024年8月12日宽带隙（1.67 eV）钙钛矿太阳能电池最高效率25.03% 保持团队：中科院半导体所蒋琦&游经碧 更新时间：2025年12月12日宽带隙（1.76 eV）钙钛矿太阳能电池最高效率21.42% 保持团队：河北大学杨少鹏&何庭伟 更新时间：2025年7月18日柔性钙钛矿太阳能电池最高效率26.61% 保持团队：九江市柔烁光电科技有限公司 更新时间：2024年9月28日二维钙钛矿太阳能电池（n=5）最高效率22.73% 保持团队：南昌大学胡婷&陈义旺 更新时间：2024年10月15日锡基钙钛矿太阳能电池最高效率17.89% 保持团队：复旦大学梁佳&南京理工大学徐勃&上海交通大学戚亚冰 更新时间：2025年10月15日全无机钙钛矿太阳能电池最高效率22.49% 保持团队：陕西师范大学田庆文&刘生忠 更新时间：2025年8月12日CsSnI3钙钛矿太阳能电池最高效率14.95% 保持团队：华中科技大学申燕&王鸣魁 更新时间：2025年5月21日FASnI3钙钛矿太阳能电池最高效率15.7% 保持团队：上海科技大学米启兮 更新时间：2024年4月2日碳电极钙钛矿太阳能电池最高效率23.6% 保持团队：大连理工大学王宇迪&史彦涛 更新时间：2025年11月5日无HTM碳电极全无机钙钛矿太阳能电池最高效率19.65％ 保持团队：华南农业大学饶华商&钟新华团队 更新时间：2025年1月13日无HTM碳电极钙钛矿太阳能电池最高效率20.1％ 保持团队：华南农业大学潘振晓&钟新华 更新时间：2024年5月31日CsPbI2Br钙钛矿太阳能电池最高效率18.14% 保持团队：北京化工大学李明华&化学所胡劲松 更新时间：2024年1月17日钙钛矿量子点太阳能电池的最高效率19.01% 保持团队：苏州大学袁建宇 更新时间：2025年8月15日 注：每个蓝色文字部分都带有超链接，超链接每篇都有参考文献，这里就不一一标注参考文献了。 此外，还有哪些没有归纳的记录，或者有新突破的记录，可以文末留言或者后台留言，以后每日及时更新。 国内最大钙钛矿电池QQ交流群，微信群添微信lili514091，欢迎加入点击阅读原文可获取原文仅用于学术分享，如有侵权，请联系删除。阅读原文2026年6月12日南京大学肖科\x26amp;谭海仁于Nature刊发羧酸铅钝化用于米级钙钛矿太阳能组件的研究成果。",,,,pending
六氟磷酸锂产能虚标引发4.5亿元股权纠纷立案！,锂电派,锂电派,"RIOnews API, 产能, 投资, 收购, 发布, 落地",normal,2026-08-13T08:00:00+08:00,,⬆️点击蓝字关注“锂电派”8月7日，新亚制程发布公告，公司及全资子公司浙江新亚中宁新能源有限公司就与宁波甬湶投资有限公司、宁波杉杉新能源技术发展有限公司、宁波杉杉股份有限公司之间的股权转让纠纷，于2026 年7月向上海市徐汇区人民法院提起诉讼，涉案金额合计约4.59亿元。公司已于近日收到徐汇法院送达的《受理案件通知书》。本次纠纷源头可追溯至2022年的一笔股权收购交易。2022年12月，新亚制程与宁波甬湶投资签订《股权转让协议》，以7.038亿元对价收购标的公司51%股权。本次交易估值，主要参考评估报告，报告核心测算基础为标的公司二期六氟磷酸锂项目4000吨/年的设计产能。交易落地后，新亚制程,http://mp.weixin.qq.com/s?__biz=MzI4MTc4MzY2NA==&mid=2247696737&idx=4&sn=01cfdfb1e7b19cedec07bb6973b536e8,,⬆️点击蓝字关注“锂电派”8月7日，新亚制程发布公告，公司及全资子公司浙江新亚中宁新能源有限公司就与宁波甬湶投资有限公司、宁波杉杉新能源技术发展有限公司、宁波杉杉股份有限公司之间的股权转让纠纷，于2026 年7月向上海市徐汇区人民法院提起诉讼，涉案金额合计约4.59亿元。公司已于近日收到徐汇法院送达的《受理案件通知书》。本次纠纷源头可追溯至2022年的一笔股权收购交易。2022年12月，新亚制程与宁波甬湶投资签订《股权转让协议》，以7.038亿元对价收购标的公司51%股权。本次交易估值，主要参考评估报告，报告核心测算基础为标的公司二期六氟磷酸锂项目4000吨/年的设计产能。交易落地后，新亚制程,"⬆️点击蓝字关注“锂电派”8月7日，新亚制程发布公告，公司及全资子公司浙江新亚中宁新能源有限公司就与宁波甬湶投资有限公司、宁波杉杉新能源技术发展有限公司、宁波杉杉股份有限公司之间的股权转让纠纷，于2026 年7月向上海市徐汇区人民法院提起诉讼，涉案金额合计约4.59亿元。公司已于近日收到徐汇法院送达的《受理案件通知书》。本次纠纷源头可追溯至2022年的一笔股权收购交易。2022年12月，新亚制程与宁波甬湶投资签订《股权转让协议》，以7.038亿元对价收购标的公司51%股权。本次交易估值，主要参考评估报告，报告核心测算基础为标的公司二期六氟磷酸锂项目4000吨/年的设计产能。交易落地后，新亚制程方面累计支付股权转让款4.59亿元。据原告方表述，完成股权接手之后，企业经核查发现，该六氟磷酸锂项目实际产出能力、车间设计产能，均和交易时披露的4000吨/年存在明显差距。新亚制程认为，宁波甬湶投资在交易阶段存在产能虚假陈述行为，已经构成侵权；同时主张杉杉新能源、杉杉股份作为相关股东及实际控制主体，应当对对应债务承担连带责任。基于上述事实，新亚制程提出四项核心诉讼请求：第一，要求宁波甬湶返还已支付股权转让对价45,893.8万元；第二，返还原告垫付的相关诉讼成本54.07万元；第三，判令杉杉新能源、杉杉股份对上述全部款项承担连带清偿责任；第四，本案受理费、保全费等全部诉讼相关费用，均由被告方承担。文章来源：电池网、新亚制程END由于公众号规则更改，请大佬们点个关注、推荐和转发扫码入群丨lidianpai666交流丨分享丨合作丨推广 · LIDIANπ ·",,,,pending
告别锁螺丝，新一代固态模具电池结构重磅上市,锂电派,锂电派,"RIOnews API, 前沿表征, 原位, 工况, 固态电池, 固态电解质, 上市",normal,2026-08-13T08:00:00+08:00,,电芯原位压力&温度测试系统 CL-A0201PAIN POINTS一、行业痛点当前固态模具电池普遍采用刚性机械锁紧结构，依靠螺丝完成施压与锁止定位，在实际测试场景中存在明显技术缺陷：1、长期循环压力漂移，界面稳定性失效模具电池在充放电循环中伴随周期性膨胀与收缩，刚性结构无自适应补偿能力，长期往复形变易引发螺丝预紧力松弛、应力衰减，导致循环后期初始压力持续衰减，固态电解质与电极界面接触劣化，直接劣化电池循环性能与测试数据一致性。2、高温环境压力不可控，测试条件失真模具电池在高温工况测试时，受刚性结构热胀冷缩效应影响，腔体内部应力随温度变化而增大或减小，压力值与预设基准产生显著偏差，无法精准获取特,http://mp.weixin.qq.com/s?__biz=MzI4MTc4MzY2NA==&mid=2247696737&idx=1&sn=740e3f8b9d4833295f52b0a1c0e6b41b,,电芯原位压力&温度测试系统 CL-A0201PAIN POINTS一、行业痛点当前固态模具电池普遍采用刚性机械锁紧结构，依靠螺丝完成施压与锁止定位，在实际测试场景中存在明显技术缺陷：1、长期循环压力漂移，界面稳定性失效模具电池在充放电循环中伴随周期性膨胀与收缩，刚性结构无自适应补偿能力，长期往复形变易引发螺丝预紧力松弛、应力衰减，导致循环后期初始压力持续衰减，固态电解质与电极界面接触劣化，直接劣化电池循环性能与测试数据一致性。2、高温环境压力不可控，测试条件失真模具电池在高温工况测试时，受刚性结构热胀冷缩效应影响，腔体内部应力随温度变化而增大或减小，压力值与预设基准产生显著偏差，无法精准获取特,电芯原位压力&温度测试系统 CL-A0201PAIN POINTS一、行业痛点当前固态模具电池普遍采用刚性机械锁紧结构，依靠螺丝完成施压与锁止定位，在实际测试场景中存在明显技术缺陷：1、长期循环压力漂移，界面稳定性失效模具电池在充放电循环中伴随周期性膨胀与收缩，刚性结构无自适应补偿能力，长期往复形变易引发螺丝预紧力松弛、应力衰减，导致循环后期初始压力持续衰减，固态电解质与电极界面接触劣化，直接劣化电池循环性能与测试数据一致性。2、高温环境压力不可控，测试条件失真模具电池在高温工况测试时，受刚性结构热胀冷缩效应影响，腔体内部应力随温度变化而增大或减小，压力值与预设基准产生显著偏差，无法精准获取特定温度下真实初始压力，严重影响测试结果的准确性与可对比性。3、多工位并行测试扰动大，系统稳定性差模具电池可重复使用，在恒温箱多电池并行测试场景中，单次取放换模具会造成箱内温度骤降，热应力突变引发全所有模具压力集体陡降，对其他模具电形成压力变化，破坏测试环境一致性，难以实现长周期稳定测试。02SPECIFICATIONS二、产品参数该产品实现了四通道恒压力、恒距离、腔体恒温及独立加热一体化功能并配备上位机软件，实时数据显示、采集与曲线监控。03SOFTWARE UI三、上位机软件界面上位机软件界面截图手套箱专用真空干燥箱 CL-B01参数规格型号CL-B01腔体容积2.1L腔体有效尺寸114*143*84mm控温范围室温~120℃误差±0.5℃分辨率0.1℃相对真空度-99.9kPa电源/电压AC/220V功率200W外形尺寸284mm*216mm*354mm设备重量11kg功能介绍体积小进出方便；可直接通过手套箱大过渡仓直接进入手套箱内。空间极致化纵向带有200*180mm置物台；最大化利用手套箱空间。自动断电自定义工作时长，计时结束自动关闭设备，节能并防止超时。自动抽真空真空闭环控制本设备控制真空泵运行，真空度低于设定值1KPa，真空泵自动开启，抽出腔体中挥发的水分／气体，腔体内无挥发残留，为材料提供稳定高真空度高温干燥环境，提升干燥效率与干燥质量，并保证手套箱内洁净度。真空泵参数规格形式直联双级旋片式抽气速率1L/S进气口直径Φ6mm用油量0.4L泵油升温40℃电源/电压AC/220V功率250W外形尺寸440*120*240mm设备重量19kg噪音66dB外观图外观图触摸屏界面图触摸屏界面图联系方式：***********,,,,pending
取消锂电池隔膜预烘烤工序评估,锂电派,锂电派,"RIOnews API, 新材料, 隔膜",normal,2026-08-13T08:00:00+08:00,,【锂电派】官方加入渠道扫描上图二维码解锁锂电知识宝库，下载9000+资料！本文下载：点击阅读原文【锂电派知识星球】致力于打造锂电池行业垂直产业链资源库！9000+份资料可下载！扫下方二维码加入(与锂电人共同成长)▼扫码可预览5条星球内容 扫码获取 所有文件均可下载,http://mp.weixin.qq.com/s?__biz=MzI4MTc4MzY2NA==&mid=2247696737&idx=2&sn=5d411ad4146da6172de862fc9a0b32f8,,【锂电派】官方加入渠道扫描上图二维码解锁锂电知识宝库，下载9000+资料！本文下载：点击阅读原文【锂电派知识星球】致力于打造锂电池行业垂直产业链资源库！9000+份资料可下载！扫下方二维码加入(与锂电人共同成长)▼扫码可预览5条星球内容 扫码获取 所有文件均可下载,【锂电派】官方加入渠道扫描上图二维码解锁锂电知识宝库，下载9000+资料！本文下载：点击阅读原文【锂电派知识星球】致力于打造锂电池行业垂直产业链资源库！9000+份资料可下载！扫下方二维码加入(与锂电人共同成长)▼扫码可预览5条星球内容 扫码获取 所有文件均可下载,,,,pending
锂业大佬被查！百年老字号如何被拖垮？,锂电派,锂电派,"RIOnews API, 新材料, 碳, 产品发布, 发布, 上市, 信息披露, 年报, 披露, 合作进展, 签署协议, 合作, 收购, 碳酸锂, 亏损, 并购",normal,2026-08-13T08:00:00+08:00,,"⬆️点击蓝字关注“锂电派”8月6日晚，辽宁证监局通报阶段性调查进展：已初步查明萃华珠宝披露的部分年度财务信息涉嫌虚假记载，可能触及重大违法强制退市情形。一家创立于1895年的中华老字号，在2026年8月走到了A股退市的悬崖边。而把这家百年金店推下深渊的，是一场发生在锂价顶点的跨界并购。一、入主与并购：一场锂价顶点的""借壳""把萃华推向危局的陈思伟，在锂电圈并不陌生。生于1959年的他，1995年牵头筹建中国第一批国有民用锂盐厂——四川阿坝锂盐厂，带领团队自主研发出冷冻法提锂工艺，被业内称为""重量级锂业先驱""。2017年，他在四川创办思特瑞锂业，正赶上2020年后碳酸锂价格的历史级上涨周期。那是一",http://mp.weixin.qq.com/s?__biz=MzI4MTc4MzY2NA==&mid=2247696737&idx=3&sn=26505bdf3bdb4018d33889aec21e7453,,"⬆️点击蓝字关注“锂电派”8月6日晚，辽宁证监局通报阶段性调查进展：已初步查明萃华珠宝披露的部分年度财务信息涉嫌虚假记载，可能触及重大违法强制退市情形。一家创立于1895年的中华老字号，在2026年8月走到了A股退市的悬崖边。而把这家百年金店推下深渊的，是一场发生在锂价顶点的跨界并购。一、入主与并购：一场锂价顶点的""借壳""把萃华推向危局的陈思伟，在锂电圈并不陌生。生于1959年的他，1995年牵头筹建中国第一批国有民用锂盐厂——四川阿坝锂盐厂，带领团队自主研发出冷冻法提锂工艺，被业内称为""重量级锂业先驱""。2017年，他在四川创办思特瑞锂业，正赶上2020年后碳酸锂价格的历史级上涨周期。那是一","⬆️点击蓝字关注“锂电派”8月6日晚，辽宁证监局通报阶段性调查进展：已初步查明萃华珠宝披露的部分年度财务信息涉嫌虚假记载，可能触及重大违法强制退市情形。一家创立于1895年的中华老字号，在2026年8月走到了A股退市的悬崖边。而把这家百年金店推下深渊的，是一场发生在锂价顶点的跨界并购。一、入主与并购：一场锂价顶点的""借壳""把萃华推向危局的陈思伟，在锂电圈并不陌生。生于1959年的他，1995年牵头筹建中国第一批国有民用锂盐厂——四川阿坝锂盐厂，带领团队自主研发出冷冻法提锂工艺，被业内称为""重量级锂业先驱""。2017年，他在四川创办思特瑞锂业，正赶上2020年后碳酸锂价格的历史级上涨周期。那是一段锂盐企业估值疯狂膨胀的岁月。2021年初，碳酸锂价格尚在5万至6万元/吨的低位；随着新能源汽车渗透率突破20%、叠加疫情与地缘因素导致的供应链中断，价格一路狂飙，2022年一度逼近60万元/吨的历史天价，被市场冠以""白色石油""之名。上游锂盐厂从苦活累活变成印钞机，一家年产几千吨碳酸锂的企业，估值可以炒到几十亿。碳酸锂价格：一轮完整周期2021年初：5万—6万元/吨（低位）2022年高点：约60万元/吨（""白色石油""）2023年底：电池级均价10.3万元/吨，较年初降80%2025年5月：不足6万元/吨（击穿盈亏线）2025下半年—2026年：反弹至12万—17万元/吨区间2022年中，陈思伟决定把这家锂盐公司送往资本市场，路径是收编一家A股老牌上市公司作为""壳""。当年6月，他与萃华原控股股东郭英杰家族签署协议，以4.26亿元受让12%股份，同时对方承诺放弃合计19.38%股份的表决权。凭借""小比例买股+大比例表决权放弃""的精巧结构，陈思伟以不到三分之一的持股拿下实际控制权——这套玩法如今已被监管堵漏，想要控制权必须拿出真金白银。入主仅5个月，萃华宣布以6.12亿元现金收购陈思伟控制的思特瑞锂业51%股权，其中3.6亿元来自并购贷款。截至2022年6月30日，思特瑞净资产仅2.92亿元，而100%股权估值高达12亿元，增值率410.62%。深交所迅速下发关注函，质疑是否存在向关联方输送利益。当时，这笔交易被包装为""黄金+锂盐""双主业的新能源布局故事，思特瑞承诺2022年至2024年累计净利润不低于3亿元。故事的背面很快显现。周期反转无情——碳酸锂从2022年高点跌至2025年5月的不足6万元/吨，跌幅约90%，击穿了行业公认的6万元/吨盈亏线。业绩承诺随之落空：思特瑞锂业由盈转亏，2023年、2024年分别亏损1.86亿元、6510万元，亏损延续至2025年上半年，直到当年业绩才勉强回升至1300余万元，三年累计完成率为负。更棘手的是，陈思伟所持上市公司股份已被100%司法冻结，约定的业绩补偿款能否兑现存疑；而6.12亿元收购款叠加3.6亿元并购贷款，成为日后资金链断裂的导火索。事实上，隐患早在并购前后就已埋下。2024年10月，证监会披露一起内幕交易行政处罚：朱映君等人利用2022年控制权变更的内幕信息交易萃华珠宝股票，4个月获利约3989万元，最终被没一罚三合计约1.6亿元。2025年9月，公司再收深交所监管函，原因为子公司2亿元银行授信提供担保，迟了7个月才披露。锂价下行周期里，这些被高增长叙事掩盖的问题，正逐一暴露。二、三次立案与四重退市2026年，萃华的""立案史""贯穿了全年。2026年立案时间线2月9日：公司涉嫌信披违规，被证监会立案（第一次）5月6日：年报及一季报披露逾期，再次被立案（第二次）8月4日：实控人陈思伟与前实控人郭英杰同晚被查（第三次）引爆一切的是一份没能按时发布的年报。2026年4月，会计师事务所在存货监盘时发现，存货实存数量与财务报表结存数量存在重大差异，且公司未能提供收入、成本、其他应付款等关键审计证据。存货账实不符的消息一出，股价连续八个交易日跌停。4月30日法定期限前三天，独董连年报初稿都没收到。5月6日，公司宣布无法按期披露年报，股票停牌；7月7日复牌并变更为""*ST萃华""，再次连续六个交易日跌停。截至目前，萃华同时面临四类退市风险，在A股极为罕见：四重退市红线同时收紧交易类：8月6日收盘市值4.82亿元（8月7日降至4.38亿元），已低于5亿元门槛；若连续20个交易日低于该线，直接终止上市且不设退市整理期规范类：9月7日以前必须披露年报，否则直接终止上市财务类：若审计机构出具无法表示意见或否定意见，触发财务类退市重大违法：证监会已初步查明财务涉嫌虚假记载，若认定属实将被实施重大违法强制退市8月6日，辽宁证监局通报阶段性调查进展：""现已初步查明，萃华珠宝披露的部分年度财务信息涉嫌虚假记载，可能触及重大违法强制退市情形。该案目前正在调查过程中。""从ST到*ST，从公司立案到两任实控人同被查，萃华用半年时间走完了其他公司数年的坠落轨迹，而9月7日的年报大限，将是它最后的生死线。三、百年老店全面停摆退市风险背后，是公司基本面的全面恶化。借款逾期规模如滚雪球般扩大：2月6日披露2.54亿元，2月底增至3.76亿元，到7月已超9.5亿元；截至7月23日，公司及子公司累计借款逾期本金达9.81亿元，累计诉讼金额约17亿元，45个主要银行账户被冻结。经营层面，黄金板块业务""基本停滞，接待能力有限""，沈阳中街的130年地标老店全面停业。在老沈阳人心中，这家金店曾是""不在他家买金子，婚都结不了""的存在，如今大门紧闭。两任实控人股权被轮候冻结，陈思伟所持3073.87万股已全部被司法冻结，冻结比例达到100%。公司管理层也在加速流失。任职17年的证券事务代表尉春华、职工董事柴钢，以及副总经理熊跃东先后辞职。上市公司自我运转的能力，正在被持续削弱。从百年老字号到ST股，从跨界锂盐到两任实控人被查，这家企业的坠落路径已愈发清晰。END由于公众号规则更改，请大佬们点个关注、推荐和转发扫码入群丨lidianpai666交流丨分享丨合作丨推广 · LIDIANπ · ⬆️点击蓝字关注“锂电派”8月6日晚，辽宁证监局通报阶段性调查进展：已初步查明萃华珠宝披露的部分年度财务信息涉",,,,pending
3GWh！宁德时代储能大单！,锂电派,锂电派,"RIOnews API, 新材料, 碳, 宁德时代, 磷酸铁锂, 铁锂, LFP, 储能, 储能系统, 独立储能, 液冷, 装机, GWh, 框架协议, 合作协议, 政策, 安全认证, 认证, 项目落地, 落地",normal,2026-08-13T08:00:00+08:00,,⬆️点击蓝字关注“锂电派”8月10日，国际独立发电商ContourGlobal在其官网上宣布，与宁德时代正式签署储能系统供货框架协议，双方将围绕英国、希腊、智利三国储能项目，开展总计3GWh电池储能系统供货合作。根据合作协议，本次供货的所有储能设备均采用四小时持续放电设计，整体包含526台额定容量5.64MWh的储能集装箱。核心设备搭载宁德时代成熟的大容量磷酸铁锂（LFP）电芯，配套先进的集装箱式液冷一体化储能解决方案，凭借一体化液冷架构、内置智能火灾探测与抑制系统，可实现宽温域稳定运行，有效规避电池热蔓延风险，全面对标全球顶级行业安全认证标准，安全性与稳定性行业领先。在技术保障与绿色合规层面,http://mp.weixin.qq.com/s?__biz=MzI4MTc4MzY2NA==&mid=2247696737&idx=5&sn=142ef07c0e926694eceda08f9da8e11d,,⬆️点击蓝字关注“锂电派”8月10日，国际独立发电商ContourGlobal在其官网上宣布，与宁德时代正式签署储能系统供货框架协议，双方将围绕英国、希腊、智利三国储能项目，开展总计3GWh电池储能系统供货合作。根据合作协议，本次供货的所有储能设备均采用四小时持续放电设计，整体包含526台额定容量5.64MWh的储能集装箱。核心设备搭载宁德时代成熟的大容量磷酸铁锂（LFP）电芯，配套先进的集装箱式液冷一体化储能解决方案，凭借一体化液冷架构、内置智能火灾探测与抑制系统，可实现宽温域稳定运行，有效规避电池热蔓延风险，全面对标全球顶级行业安全认证标准，安全性与稳定性行业领先。在技术保障与绿色合规层面,⬆️点击蓝字关注“锂电派”8月10日，国际独立发电商ContourGlobal在其官网上宣布，与宁德时代正式签署储能系统供货框架协议，双方将围绕英国、希腊、智利三国储能项目，开展总计3GWh电池储能系统供货合作。根据合作协议，本次供货的所有储能设备均采用四小时持续放电设计，整体包含526台额定容量5.64MWh的储能集装箱。核心设备搭载宁德时代成熟的大容量磷酸铁锂（LFP）电芯，配套先进的集装箱式液冷一体化储能解决方案，凭借一体化液冷架构、内置智能火灾探测与抑制系统，可实现宽温域稳定运行，有效规避电池热蔓延风险，全面对标全球顶级行业安全认证标准，安全性与稳定性行业领先。在技术保障与绿色合规层面，宁德时代为本次合作配套专属电芯衰减管理系统，可全天候实时监测、精准缓解电芯老化损耗，保障储能项目全生命周期稳定高效运行。同时，企业严格践行循环经济理念，遵循欧洲电池可持续发展相关法规，承诺在设备退役后统一回收、循环利用，实现储能项目全生命周期绿色低碳运营。值得关注的是，本次落地的储能技术具备极强的前瞻性，可适配未来全球电网升级需求。所有合作项目均可支撑电网稳定调控服务，具备按需搭建电网组网支撑功能的能力。即便当前多数地区尚未完善相关服务的市场化收益机制，该技术已提前完成功能适配，可随全球电力市场政策迭代、电网升级需求随时启用，为项目长期价值增值筑牢基础。本次合作将全方位助力康拓环球拓展全球储能版图，落地三大核心标杆项目。其中，苏格兰华莱士500MW/2000MWh独立储能项目，是企业进军英国储能市场的首个重点项目；希腊100MW/400MWh塔克西亚奇斯储能电站、智利洛斯迈特内斯90MW/360MWh光伏储能混合项目已顺利开工建设，后者依托131MW峰值光伏装机搭配配套储能系统，打造源储一体的新型电力基础设施。三大项目落地后，将有效匹配欧美数字基础设施、超大规模数据中心激增的用电需求，助力区域新型电力系统建设。据悉，ContourGlobal为KKR集团旗下子公司，目前已在欧美市场布局3吉瓦时投运储能项目，在东欧、拉美拥有多个标杆储能工程，储能业务布局成熟、运营经验丰富。END由于公众号规则更改，请大佬们点个关注、推荐和转发扫码入群丨lidianpai666交流丨分享丨合作丨推广 · LIDIANπ · ⬆️点击蓝字关注“锂电派”8月10日，国际独立发电商ContourGlobal在其官网上宣布，与宁德时代正式签,,,,pending
华科黄云辉、裴非、于逸飞教授及上海大学乔芸教授 Energy Environ. Sci.：人工智能驱动的锂离子电池电解质化学,清深储能,清深储能,"RIOnews API, 新材料, 碳, 聚合物, 高比能, 锂金属, 硅, 凝胶, 前沿表征, 原位, 工况, 高通量, 固态电池, 固态电解质, 学术研究, 大学, 教授, 期刊",normal,2026-08-13T07:00:00+08:00,,研究背景锂离子电池凭借高能量密度、长循环寿命和成熟产业体系，已广泛应用于便携电子、电动交通及储能领域。作为电池中的关键功能介质，电解液决定着离子传输、界面稳定性及安全性能，是突破下一代高比能电池技术瓶颈的核心。然而，由于电解液组分、溶剂化结构与界面反应之间具有复杂非线性耦合关系，传统试错方法难以实现高效优化以及建立微观结构与宏观性能之间的跨尺度关联。人工智能技术的兴起为电池分子发现提供了革命性工具，通过数据驱动的方式加速分子设计、性能预测与实验验证，为高安全、高性能和宽温域锂离子电池电解液的精准设计提供新思路。文章简介近期，来自华中科技大学黄云辉、裴非、于逸飞教授团队联合上海大学乔芸教授，在国,http://mp.weixin.qq.com/s?__biz=MzYyMzA0NTc3NQ==&mid=2247628330&idx=3&sn=610f972cc63f1c2f3bfde85af2763107,,研究背景锂离子电池凭借高能量密度、长循环寿命和成熟产业体系，已广泛应用于便携电子、电动交通及储能领域。作为电池中的关键功能介质，电解液决定着离子传输、界面稳定性及安全性能，是突破下一代高比能电池技术瓶颈的核心。然而，由于电解液组分、溶剂化结构与界面反应之间具有复杂非线性耦合关系，传统试错方法难以实现高效优化以及建立微观结构与宏观性能之间的跨尺度关联。人工智能技术的兴起为电池分子发现提供了革命性工具，通过数据驱动的方式加速分子设计、性能预测与实验验证，为高安全、高性能和宽温域锂离子电池电解液的精准设计提供新思路。文章简介近期，来自华中科技大学黄云辉、裴非、于逸飞教授团队联合上海大学乔芸教授，在国,"研究背景锂离子电池凭借高能量密度、长循环寿命和成熟产业体系，已广泛应用于便携电子、电动交通及储能领域。作为电池中的关键功能介质，电解液决定着离子传输、界面稳定性及安全性能，是突破下一代高比能电池技术瓶颈的核心。然而，由于电解液组分、溶剂化结构与界面反应之间具有复杂非线性耦合关系，传统试错方法难以实现高效优化以及建立微观结构与宏观性能之间的跨尺度关联。人工智能技术的兴起为电池分子发现提供了革命性工具，通过数据驱动的方式加速分子设计、性能预测与实验验证，为高安全、高性能和宽温域锂离子电池电解液的精准设计提供新思路。文章简介近期，来自华中科技大学黄云辉、裴非、于逸飞教授团队联合上海大学乔芸教授，在国际知名期刊Energy & Environmental Science上发表题为“Artificial intelligence-driven electrolyte chemistry for lithium-ion batteries: mechanisms, progress and strategic perspectives”的综述论文。综述回顾了人工智能方法的发展历程，重点探讨了多源数据采集、特征工程策略，以及从监督学习和无监督学习到新兴生成式与基础模型的演进过程，并对其各自的优势、局限性和适用性进行了深入评估。此外，文章还重点介绍了多项基于AI的关键应用，包括以性能为导向的配方设计、界面反应的机制分析、溶剂化-结构预测，以及新型溶剂、锂盐和固态电解质的闭环优化，从而加速了电解质从端到端的发现进程。基于对近期进展的全面评估，提出了一系列可操作的策略，以推动对电池工作机制的理解，并指导高性能锂离子电池的实际应用。图文导读1. 人工智能关键技术AI对电解液研究的赋能依托于机器学习（ML）、自然语言处理（NLP）与计算机视觉（CV）三大技术支柱的深度协同。ML通过构建成分-结构-性能的预测模型，实现了离子电导率、电化学窗口等关键参数的高通量筛选，结合领域专属描述符（如供体数、溶剂化自由能）与可解释性分析，显著压缩了实验试错成本，并在安全预警与寿命预测中发挥核心作用（图1）；NLP则赋予系统从海量非结构化文献中自动抽取化学实体、建立知识图谱的能力，通过SMILES序列建模与生成式语言模型，不仅可快速提取设计规则，更能反向生成针对高压、宽温等特定需求的分子结构，将碎片化知识转化为可执行的决策依据；CV聚焦于视觉信息的深度挖掘，从电极涂层缺陷检测到界面形貌的实时分割，从接触角动态量化到热场异常预警，为电解液浸润性、界面稳定性和热失控提供了可量化的时空反馈（图2）。总之，ML、NLP和CV构成了AI赋能电解液研究的三大核心技术体系，分别承担性能预测、知识挖掘和实验感知等关键功能。三者的深度融合将推动电解液研发形成跨尺度、多模态、闭环式智能化平台，实现从文献知识获取、分子结构设计、性能预测到实验验证的全过程自动优化，为下一代高安全、长寿命和极端环境适应型电解液开发提供新的技术范式。图1. ML技术用于电解液分子识别、应用及反馈过程的示意图。图2. 计算机视觉技术在电池制造生态系统中的应用流程示意图2. AI处理的关键要素AI在电解液研发中的有效应用依赖于数据工程、特征工程、算法模型设计以及计算平台部署四个核心环节，形成从数据获取、特征表征到智能预测和决策优化的完整技术链（图3）。由于电解液体系具有多组分耦合、动态溶剂化结构和复杂界面反应等特点，高质量数据体系、特征提取以及适配性算法开发是实现AI可靠应用的关键。（i）数据工程 数据质量决定了AI模型对电解液内在规律的学习能力。针对不同来源数据存在测试条件、方法和参数定义不一致等问题，需建立标准化数据采集与管理体系，融合实验数据、理论计算和公开数据库资源，并遵循FAIR原则实现数据的可访问和可互操作。在电解液研究中，应重点规范溶剂组成、盐浓度、电化学测试协议以及界面表征信息，同时通过化学结构标准化、异常值处理和数据清洗构建高质量训练数据集，为可靠模型开发提供基础。（ii）特征工程 特征工程是连接化学体系与AI模型的关键环节，其核心在于将电解液组成、分子结构及实验条件转化为具有物理意义的数学描述符。通过引入供体数、介电常数、偶极矩、溶剂化自由能、HOMO/LUMO能级等分子和电子结构特征，可有效表征离子配位、溶剂化行为及界面反应倾向。结合特征选择和降维方法，可降低高维数据复杂性，提高模型预测精度和可解释性，从而建立分子结构与电解液性能之间的定量关联。（iii）算法选择与模型设计 算法选择决定了AI模型对复杂电解液体系的适应能力。监督学习可用于预测离子电导率、电化学稳定窗口和循环性能等关键指标；无监督学习可解析溶剂化结构和性能分布规律；强化学习则适用于配方优化和自主实验设计。图神经网络（GNN）、Transformer及生成式模型等方法能够有效处理分子结构、模拟轨迹和多模态数据，为电解液性质预测和分子逆向设计提供新途径。然而，针对电解液数据规模有限、机理复杂等特点，融合物理约束和可解释性的混合模型仍是未来发展的重要方向。（iv）计算设施与部署 高效计算平台和工程化部署是实现AI电解液设计的重要支撑。高性能计算（HPC）、GPU加速及云计算平台可显著提升分子模拟、模型训练和高通量筛选效率。同时，通过AI模型与自动化实验平台结合，构建“预测–设计–合成–测试–反馈”的闭环研发体系，可实现电解液自主优化。图3. AI关键要素的示意图3. 电解液性能指标电解液性能评价需立足于离子传输、电化学窗口、界面行为、循环稳定性与热安全性五大核心维度，但项目实践中更关键的是理解这些指标间的内在关联与权衡关系，而非孤立追求单一参数最优。离子传输能力以电导率、离子迁移数及扩散系数为表征，受盐浓度、溶剂介电常数与黏度共同调控，但高电导率未必对应高的离子迁移数，后者对抑制浓差极化、实现快充更具决定意义；电化学稳定窗口（ESW）本质上由分子轨道能级与溶剂化结构协同决定，但需注意实际分解电位受电极催化及界面演化影响，高浓度或局部高浓度策略通过改变Li+配位环境有效拓宽ESW，为高压体系提供可行路径；界面性能可通过电化学阻抗谱（EIS）定量解析电荷转移与离子迁移阻抗，其优劣取决于SEI/CEI的化学组成、厚度及无机组分（如LiF）占比，需在界面传导性与钝化效果间取得平衡；循环性能以容量保持率、库仑效率和倍率特性为核心指标，反映电解液分解、活性锂损失及界面持续演化的综合效应，库仑效率接近100%是锂金属体系长循环的前提条件；热安全性则涉及闪点、热分解温度和自熄时间（SET），引入氟/磷官能团可降低可燃性，但需注意其对电导率和界面润湿性的潜在负面影响。4. AI在电解液中的应用AI在电解液领域的应用已覆盖有机液体、离子液体和深共晶电解质等主要体系，其核心价值在于通过数据驱动的高通量筛选、多目标优化和机理解析，将传统依赖经验的试错模式转变为可预测、可迁移的理性设计范式。在有机液体电解液中，AI的应用高度聚焦于溶剂-盐-添加剂组合空间的快速遍历与非线性性能映射：针对醚类体系，机器学习分子动力学（MLMD）结合神经网络势函数已能精准预测溶剂化结构、锂离子配位数和扩散系数，并揭示浓度阈值附近的配位构型动态转化及7Li化学位移反转机理；MLMD力场还可扩展至数十万原子规模的界面反应模拟，捕捉SEI形成初期的键长、能量和电荷演变，为理解锂金属界面稳定性提供原子尺度洞察。针对酯类体系，AI与自动化实验平台的闭环优化可在极短时间内锁定三元溶剂最优配比，显著提升离子电导率和快充性能，而几何深度学习框架DiffMix通过嵌入物理混合定律进一步增强了热力学与输运性质的预测外推能力；此外，随机森林与SHAP可解释性分析已被用于量化溶剂化配位物的LUMO能级及还原稳定性，指导羧酸酯类高安全电解液的逆向筛选（图4）。图4. (a) 使用DTS模型对多种溶剂进行了1000个原子的GAP-MD模拟。(b) 训练数据集在体积扫描（黄色）、液态构型（粉色）和孤立分子（绿色）之间进行插值。(c) DiffMix模型详细架构示意图。(d) LiPF6在EC/DMC/PC混合溶剂中的三元相图。(e) HOMO能级变化与Li–O键长之间的相关性。(f) 数据-知识驱动溶剂分子挖掘框架示意图。(g) 电解质的详细筛选流程及所识别候选物的分子结构。氟化电解液方面，图神经网络与集成投票算法实现了含氟溶剂的全局筛选，识别出兼具高氧化稳定性和高迁移数的新型氟醚分子；AI还揭示了氟化程度对电导率、粘度及Li+-阴离子缔合的非单调影响规律，并通过逆合成预测和SEI反应网络构建。砜类电解液因本征高压稳定性而备受关注，AI结合COSMO-RS和多元线性回归可预测共晶温度、溶解度和结合能，并通过Chemprop等模型给出综合性电解液评分（eScore），快速锁定高CE、宽窗口配方；贝叶斯优化则在锂氧电池中高效优化共溶剂比例，揭示阴离子诱导的离子-溶剂配位结构及其对Li2O2形核生长的调控机制。腈类电解液借助QSPR和ANN模型，建立了分子描述符与扩散系数、电化学窗口之间的定量关联，并通过知识-性质集成（KPI）框架，大幅提升闪点、沸点、熔点等安全相关属性的预测精度。在离子液体领域，AI应对其巨大的阳-阴离子组合空间，利用LSSVM、GNN、ANN等算法高精度预测电导率、粘度、密度和熔点，并明确阴离子种类对性能的主导影响；关联规则挖掘和XGBoost进一步揭示离子液体组成与多硫化物溶解度、能量密度之间的隐式关联（图5）。在深共晶电解质中，AI能够准确预测电导率、表面张力、熔点及原子间势能面，解析氢键供/受体数量、温度等关键描述符的影响权重，揭示Li+在酰胺类体系中的“车辆”与“结构扩散”协同输运机制。图5. (a) 190种二元混合物的气泡点和共晶温度。(b) 基于机器学习预测Li+-TFSI-结合能的示意图。(c) 在S1-S7区间内σ描述符的回归系数。(d) LMB电解质的机器学习工作流程示意图。(e) 使用Chemprop模型预测离子电导率。 (f) 电解质组成与浓度的函数关系下的电位。(g) 原子力场模拟中溶剂化结构和静电势分布图的快照。(h) 采用0.47 M LiTFSI在DMSO/TEGDME（97.6:2.4）体系中的Li-O2电池示意图。AI在无机固体电解质（氧化物、硫化物、卤化物、氮化物）和聚合物基固体电解质（固态聚合物、凝胶、聚离子液体及复合体系）中的应用已从单纯的高通量筛选扩展到原子尺度机理揭示、界面兼容性预测及合成-加工-性能关联的闭环优化。在氧化物体系中，AI通过逻辑回归、集成学习及拓扑描述符，实现了扩散势垒和能带隙的精准预测，并识别出晶粒尺寸、掺杂剂电负性等主导因子，将计算效率提升约109倍；硫化物体系借助神经网络势与遗传算法，绘制了非晶相图，揭示Li+输运并非由P-S阴离子簇类型主导，而取决于Li局域配位环境，并据此提出高性能组成（图6）；卤化物体系通过主动学习和晶体结构分层编码，快速锁定高电导组成，并明确阴离子半径、堆积效率等关键描述符；氮化物体系则利用无监督聚类，仅凭阴离子骨架相似性即可发现超离子导体，大幅压缩搜索空间（图7）。图6. (a) 沿P2S5-Li2S组成线计算得到的LPS体系相图。(b) 来自AIMD模拟的gc-LPS组分的阿伦尼乌斯图。(c) gc-Li42P16S61中Li+密度分布。经许可314复现。版权所有2022年，美国化学会。(d) 单跃、双跃和三跃迁移路径及Li10Ge0.5M0.5P2S12（M = C, Co, Pb, Ti）中Li+扩散系数的示意图。(e) 硼掺杂结构中Ge和P位点上离子电导率与Li–S键长之间的相关性。(f) 单个Li+迁移的示意图。(g) “软”和“硬”Li+物种的主要空间分布。图7. (a) 固态锂离子导体的无监督发现示意图。(b) 选定材料的mXRD衍射图谱。(c) 锂化合物的无监督聚类与以离子电导率映射的系统发育树。（d）已知与预测的固态锂离子导体的离子导电性质。(e) 不同组别离子电导率数据的小提琴图。(f) 展示由局部阴离子构型调控的锂位点的晶体结构。(g)Li8SeN2的晶体结构，附预测值与实验测定的离子电导率结果。聚合物电解质方面，AI通过嵌入Arrhenius定律、粗粒化MD与贝叶斯优化，实现电导率的高精度预测，并揭示聚合物化学本性（如给体数、非共价相互作用）对离子输运的决定性作用；凝胶和聚离子液体体系中，集成MD-ML框架及非共价相互作用描述符，有效关联了链段运动与离子传输，指导耐高压、高迁移数体系设计；复合电解质则通过多维度指纹特征和聚类分析，筛出具有火山型迁移趋势的Hofmann化合物，并拓展至工艺优化（如涂布参数）与界面增韧设计（Ag2S/AgF）（图8）。图8. (a) 利用24维组成特征指纹对308种霍夫曼型配位化合物进行人工智能辅助高效筛选。(b) 树状图将所有霍夫曼配合物分为31个组。(c) 氧化物p轨道上八面体阳离子与锂之间的配位竞争示意图。然而，AI在电解液应用中仍然面临的困境：（1）高质量标准化数据缺失，跨实验室协议差异严重制约模型可靠性；（2）跨体系泛化能力不足，碳酸酯模型难以迁移至醚类、固态或聚合物体系；（3）微观溶剂化结构与宏观输运性质之间的跨尺度关联尚缺乏有效描述符；（4）非水电解液的本征无序和多组分耦合特征，使传统静态描述符难以捕捉动态结构演化；（5）电化学稳定性和界面反应的多步、多尺度动态复杂性，超出当前理论框架描述能力。总结与展望当前，AI的融入已使电解液研发从经验试错跃升至数据驱动的分子设计新范式，但要全面释放其工程化潜力，项目层面临机理解释性、多目标权衡、数据基础及寿命预测四大关键瓶颈，亟需以系统性策略集中突破（图9）。（1）在模型层面，必须构建融合DFT/MD计算与可解释机器学习的混合架构，打破“黑箱”局限，提取官能团、配位模式等化学规则，形成覆盖石墨、硅基及富锂正极的通用预测框架，从而指导理性分子设计；（2）在设计流程，应摒弃单性质优化，转而发展贝叶斯优化、帕累托进化算法驱动的多目标闭环平台，将闪点、热失控、产气等安全预测以及成本、可制造性评估直接嵌入优化循环，结合主动学习与多保真度实验，快速收敛于快充、宽温、高压等极端工况下的最优配方，确保从实验室到商业化的全链路可行性；（3）建设社区共享的标准化数据库（统一测试协议、完整元数据）及机器人-自动电化学-原位表征-ML耦合的自主实验设施，以解决数据稀缺与质量不均这一核心障碍，形成端到端的AI流水线，大幅压缩合成-测试-验证周期；（4）开发集成自由基链反应、界面催化、串扰等机理路径的动态降解预测模型，并借助迁移学习、物理信息参数估计及运行数据持续更新，对接数字孪生技术，实现电芯及模组级寿命预测与状态管理。综上，AI与电解液化学的深度融合将推动电池研发由“经验筛选”向“机理认知—智能预测—自主优化”的新范式转变。未来需加强计算化学、电化学、人工智能及电池工程的交叉融合，构建开放共享的数据基础和智能化研发体系，从而加速面向高安全、长寿命、宽温域及高能量密度需求的新一代电解液开发及其他电化学能源体系提供智能设计方法。图9. 人工智能在电解质中未来应用的建议与展望文献链接Artificial intelligence-driven electrolyte chemistry for lithium-ion batteries: mechanisms, progress and strategic perspectives原文链接：https://doi.org/10.1039/d6ee01488g投稿通道（长按扫码）",,,,pending
华南理工大学刘军、中国科学技术大学余彦JACS：竞争性离子‑偶极相互作用调控不可燃电解液，赋能富锂氧化物高能量密度锂电池,清深储能,清深储能,"RIOnews API, 新材料, 碳, 高比能, 锂金属, 硅, 前沿表征, 原位, 新型电解液, 弱溶剂化, 学术研究, 大学, 期刊",normal,2026-08-13T07:00:00+08:00,,第一作者：陈家和通讯作者：刘军、余彦通讯单位：华南理工大学、中国科学技术大学论文DOI：10.1021/jacs.6c08941成果简介开发具有高耐压性和高电极兼容性的不易燃电解质，对于高能量密度和高安全性的锂离子电池（LIBs）至关重要。然而，组分间相互作用（即阴离子-溶剂和溶剂-溶剂相互作用）与电化学性能之间的关联尚未被充分理解。2026年07月29日，华南理工大学刘军、中国科学技术大学余彦团队在Journal of the American Chemical Society期刊发表题为“A Competitive Ion–Dipole Interaction-Regulated Nonf,http://mp.weixin.qq.com/s?__biz=MzYyMzA0NTc3NQ==&mid=2247628330&idx=1&sn=6eba0863b7fe268663c8475ff776aa62,,第一作者：陈家和通讯作者：刘军、余彦通讯单位：华南理工大学、中国科学技术大学论文DOI：10.1021/jacs.6c08941成果简介开发具有高耐压性和高电极兼容性的不易燃电解质，对于高能量密度和高安全性的锂离子电池（LIBs）至关重要。然而，组分间相互作用（即阴离子-溶剂和溶剂-溶剂相互作用）与电化学性能之间的关联尚未被充分理解。2026年07月29日，华南理工大学刘军、中国科学技术大学余彦团队在Journal of the American Chemical Society期刊发表题为“A Competitive Ion–Dipole Interaction-Regulated Nonf,"第一作者：陈家和通讯作者：刘军、余彦通讯单位：华南理工大学、中国科学技术大学论文DOI：10.1021/jacs.6c08941成果简介开发具有高耐压性和高电极兼容性的不易燃电解质，对于高能量密度和高安全性的锂离子电池（LIBs）至关重要。然而，组分间相互作用（即阴离子-溶剂和溶剂-溶剂相互作用）与电化学性能之间的关联尚未被充分理解。2026年07月29日，华南理工大学刘军、中国科学技术大学余彦团队在Journal of the American Chemical Society期刊发表题为“A Competitive Ion–Dipole Interaction-Regulated Nonflammable Electrolyte Enables High-Energy-Density Li-Ion Batteries with Li-Rich Oxide Cathodes”的研究论文，团队成员陈家和为论文第一作者，刘军、余彦为论文共同通讯作者。该研究提出了一种阴离子与氟化溶剂之间的竞争性离子-偶极相互作用，用以阐明溶剂化结构调控机制，从而稳定具有阴离子氧化还原反应的富锂层状氧化物（LRLO）正极的高电压性能。该研究证明了一种具有竞争性离子-偶极相互作用的弱溶剂化电解质，可避免LRLO正极中氧物种亲核攻击所引发的电解质分解，并通过阴离子清除活性氧，形成富无机界面。结果表明，上述具有不燃性电解质使LRLO具有高循环稳定性。此外，采用优化电解质的硅-石墨复合（Si-C）/LRLO软包电池可在4.6V下稳定运行，并实现323.1Wh kg⁻¹的高能量密度。该研究为调控溶剂化结构以改善高电压锂离子电池电化学性能提供了新见解。研究背景可充电锂离子电池（LIBs）广泛应用于能源存储领域，特别是在便携式电子产品和电动汽车中。随着对高能量密度锂离子电池需求的迅速增长，提高正极材料的比容量和充电截止电压至关重要。富锂层状氧化物和高镍层状氧化物（LiNiₓCoᵧMn₁₋ₓ₋ᵧO₂，x≥0.8，NCM）因其分别具有270和220 mAh g⁻¹的高比容量而备受关注。此外，提高正极的截止电压对于从正极材料晶格中脱出残余Li⁺也至关重要。开发具有LRLO正极的高电压锂离子电池是实现高能量密度目标的一条有前景且重要的途径。具有高比容量的LRLO正极因其在高电压（≥4.8V vs Li/Li⁺）下固有的氧相关阴离子氧化还原反应（ARRs）而被视为下一代锂离子电池候选材料。在高电压下运行正极首先会通过电化学氧化反应导致电解质分解，这与快速的容量衰减和严重的安全问题密切相关。电化学氧化稳定性不足的电解质会在高电压正极（如LRLO、NCM和LiNi₀.₃Mn₁.₅O₄（LNMO））上引发持续的副反应。此外，高电压下Li₂MnO₃活化过程中不可逆的氧行为会导致不可逆氧释放和过渡金属迁移。在电压超过4.5V（vs Li/Li⁺）时，晶格O²⁻释放产生的单线态氧和过氧/超氧自由基物种容易对溶剂进行亲核攻击。LRLO材料中这种不可逆的表面氧损失会导致结构退化和电极开裂。因此，针对LRLO正极的电解质工程面临的挑战必须集中于解决两个压力：（1）设计一种能够形成稳固正极电解质界面（CEI）膜的高电压电解质；（2）氧清除或将氧物种转化为CEI组分的有效性。研究内容磷酸酯化合物因其缺电子的P原子中心易受亲核攻击，被认为是活性氧物种（ROSs）的有效清除剂。因此，磷酸酯化合物通常以少量作为氧清除添加剂使用。此外，具有不燃性的磷酸酯化合物为锂离子电池的运行提供了高热稳定性。开发基于磷酸酯的电解质对于提升具有LRLO正极的高能量密度锂离子电池的性能至关重要。然而，如何避免磷酸酯溶剂的过度消耗是适配LRLO正极的一项重大挑战。通过调控不同组分之间各种相互作用的电解质工程被认为是改善LRLO正极电化学性能的有效策略。近期研究已逐渐揭示了电解质各物种之间的多种相互作用，包括离子-偶极和偶极-偶极相互作用，用以阐明富阴离子溶剂化结构的形成机制。通常，Li⁺中心与氟化溶剂之间的弱相互作用或可忽略的相互作用被认为是提高盐/溶剂比、促进阴离子进入溶剂化结构以及减少自由溶剂的主要因素。值得注意的是，阴离子与氟化溶剂之间的离子-偶极相互作用可以调控富阴离子溶剂化结构。近期，Li等人利用FDBF阴离子与2,2,2-三氟-N,N-二甲基乙酰胺（FDMA）之间的静电相互作用构建了富阴离子溶剂化鞘层，使具有高质量负载LiCoO₂正极的锂金属电池实现了稳定的循环性能。同时，主溶剂与稀释剂溶剂之间的弱偶极-偶极相互作用被揭示用于解释Li⁺与阴离子接触增强的原因。Ming等人通过磷酸三乙酯（TEP）与1,1,2,2-四氟乙基-2,2,3,3-四氟乙基醚（HFE）之间电负性F中心与电正性H中心之间的诱导效应，展示了由偶极-偶极相互作用调控的独特溶剂化结构。所形成的Li⁺-溶剂-阴离子复合物改善了电解质与合金化Sb负极之间的兼容性。然而，内层溶剂化结构中阴离子与溶剂之间的相互作用对于改善高电压电化学性能的机制仍未完全揭示。此外，电解质体系中不同组分之间的相互作用对高电压正极界面溶剂化结构具有显著影响。ARR与电解质调控之间的相关性近年来逐渐受到更多关注。尽管合理设计的富阴离子溶剂化结构可以有效构建稳固的正极电解质界面（CEI）以稳定LRLO正极，但磷酸酯溶剂固有的强亲核特性所导致的不利兼容性在匹配LRLO正极时应进一步加以避免。界面溶剂化结构重排策略有望增强磷酸酯电解质与LRLO正极之间的兼容性。在此，该研究通过将1.5M LiDFOB溶解于TEP/双（2,2,2-三氟乙基）碳酸酯（TFEC）混合溶剂（体积比为1:1，记为TEP/TFEC）中，开发了一种具有竞争性离子-偶极相互作用的弱溶剂化电解质，以实现增强的抗氧化性（氧化电位为5.14V）及与LRLO正极的兼容性。得益于TFEC与DFOB阴离子之间强的离子-偶极相互作用，通过减弱阴离子与易受损TEP溶剂之间的相互作用，缓解了高荷电正极表面的溶剂分解。同时，TFEC溶剂的弱溶剂化能力调控了阴离子主导的溶剂化结构，在正极表面形成了阴离子衍生的界面。因此，采用TEP/TFEC的Li//LRLO电池在4.8V高电压条件下，经过600多次循环后仍表现出优异的循环性能，容量保持率为78.2%。此外，添加具有良好SEI成膜能力的二氟碳酸亚乙酯（DFEC）后，μSi//LRLO软包电池在150次循环中实现了显著的稳定性，容量保持率为78.9%。该优化电解质使实用的4.40Ah级Si-C//LRLO软包电池能够在4.6V的高截止电压下循环，并获得323.1Wh kg⁻¹的高能量密度。图文导读图1.（a）传统电解质、高浓度电解质（HCE）、局部高浓度电解质（LHCE）、弱溶剂化电解质（WSE）和具有竞争性离子-偶极效应的弱溶剂化电解质（C-WSE）中不同溶剂化结构的示意图。（b）LNMO正极和（c）LRLO正极上电解质分解不同机理的示意图。采用TEP/DEC和TEP/TFEC电解质的（d）LNMO正极和（e）LRLO正极的典型恒流充放电曲线。（f）TEP/TFEC电解质的机理示意图。图2.通过竞争性离子-偶极相互作用开发不易燃电解质。（a）TEP/DEC和（d）TEP/TFEC电解质中溶剂-溶剂和阴离子-溶剂的径向分布函数。（b）纯DEC、纯TEP、TEP/DEC混合溶剂和TEP/DEC电解质的¹H NMR谱，以及（e）纯TFEC、TEP/TFEC混合溶剂和TEP/TFEC电解质的¹H NMR谱。（c）TEP/DEC和（f）TEP/TFEC电解质中LRLO界面拉曼光谱演变。（g）TEP/DEC和（h）TEP/TFEC电解质的Li⁺溶剂化结构和界面模型示意图。图3.（a）TEP/DEC和（b）TEP/TFEC电解质的RDF结果及Li⁺配位数。（c）1M LiDFOB in TEP、3M LiDFOB in TEP、TEP/DEC和TEP/TFEC电解质的⁷Li NMR谱。TEP/DEC和TEP/TFEC电解质在（d）680−800cm⁻¹和（f）1230−1370cm⁻¹范围内的拉曼光谱。（e）TEP/DEC和TEP/TFEC电解质中Li⁺溶剂化物种的分布。（g）TEP/DEC和TEP/TFEC电解质的MD模拟快照。（h）Ely-C、TEP/DEC和TEP/TFEC电解质的线性扫描伏安曲线及相应的氧化电压。图4.不同电解质中Li//LRLO电池的电化学性能。（a）30°C、1C条件下Li//LRLO电池在不同电解质中的长期循环性能。（b）0.1C下具有不同电解质的Li//LRLO电池的首次充放电曲线。选定循环次数的微分充放电容量（dQ/dV）曲线，分别为（c）TEP/EMC和（d）TEP/TFEC电解质。（e）选定的充放电循环过程中，LRLO正极在不同电解质中的Li⁺离子迁移率。（f）选定循环次数下具有不同电解质的Li//LRLO电池的Nyquist图。（g）LRLO循环性能与先前代表性报道的比较。（h）60°C高温、1C条件下具有不同电解质的Li//LRLO电池的长期循环稳定性。图5.采用不同电解质的LRLO正极界面表征。在不同电解质中循环的LRLO正极的（a）F1s、（b）O1s、（c）B1s和（d）P2p XPS谱。在（e,f）TEP/DEC和（g,h）TEP/TFEC电解质中循环5次后的LRLO颗粒的扫描电子显微镜（SEM）和透射电子显微镜（TEM）图像。在（i,j）TEP/DEC和（k,l）TEP/TFEC电解质中循环后的LRLO正极上选定的典型二次离子碎片及TOF-SIMS深度剖析。图6.电解质在LRLO全电池中的应用。（a）μSi和（b）Si−C负极半电池在不同电解质中的循环性能。在（c,d）TEP/TFEC和（f,g）TEP/TFEC/DFEC电解质中循环的μSi负极的AFM测试所得DMT模量及相应的杨氏模量分布。在（e）TEP/TFEC和（h）TEP/TFEC/DFEC电解质中循环的μSi负极的截面SEM图像。（i）采用TEP/TFEC/DFEC电解质的μSi//LRLO软包电池在1.5至4.7V之间、0.2C充电/0.2C放电条件下的长期循环性能，以及（j）实用的Si−C//LRLO软包电池在TEP/TFEC/DFEC电解质中、2至4.6V之间、0.4C条件下的循环性能。图7.安全性测试。采用（a）Ely-C和（b）TEP/TFEC电解质的Li//LRLO电池初始充放电过程中的原位DEMS谱及（c）相应的气体析出情况。（d）不同电解质的极限氧指数。（e）浸有Ely-C和TEP/TFEC/DFEC电解质的玻璃纤维圆片的点火测试照片。（f）采用TEP/TFEC/DFEC电解质的1Ah Si−C//NCM811软包电池针刺测试过程的数码照片（左：软包电池开路状态；中：针刺初始状态；右：针刺进行状态）。（g）温度/电压-时间曲线及（h）针刺测试后软包电池对应的数码照片。总结展望总之，该研究提出了一种涉及阴离子与溶剂之间竞争性离子-偶极相互作用的新机制，用以构建高度稳定的溶剂化结构，并设计出一种具有高耐压性的不易燃电解质，用于高能量密度锂离子电池（LIBs）。研究发现，LRLO正极中由阴离子氧化还原反应（ARR）引起的严重分解是电解质电化学稳定性中不可忽视的问题。该竞争性离子-偶极相互作用可以调控界面模型，以增强电解质与LRLO正极之间的兼容性。理论研究和实验结果的结合表明，DFOB⁻阴离子与TFEC溶剂之间的竞争性离子-偶极相互作用削弱了DFOB⁻-TEP相互作用。因此，该竞争性离子-偶极相互作用抑制了脆弱的TEP接近LRLO正极，并减少了由氧相关亲核攻击引起的TEP分解。DFOB⁻阴离子清除亲核氧物种，形成稳固的LixByOz富集CEI膜。因此，LRLO颗粒表面源自调控后Li⁺溶剂化结构的无机组分（即LixByOz、LiF和LixPOyFz）表现出高稳定性和良好的保护效果。这使得LRLO正极在高荷电电压和高温条件下具有优异的电化学性能。此外，为增强微米级Si负极与电解质的兼容性，采用了具有良好成膜性的添加剂DFEC，以形成稳固的SEI膜，缓解电极开裂。TEP/TFEC/DFEC电解质使μSi//LRLO软包电池在1.5−4.7V电压窗口下稳定运行150次循环，容量保持率高达78.9%。采用该优化电解质的4.40Ah级Si−C//LRLO软包电池可在4.6V的高截止电压下稳定循环，并获得323.1Wh kg⁻¹的高能量密度。这代表了使用高容量微米级Si负极和高电压正极的全电池的一次重要尝试。因此，该研究突显了阴离子与氟化溶剂之间竞争性离子-偶极相互作用在调控溶剂化结构方面的有效性，并为阴离子化学在增强高电压正极兼容性方面提供了新方向。原文链接：https://doi.org/10.1021/jacs.6c08941投稿通道（长按扫码）",,,,pending
【会议展示】米开罗那（上海）工业智能科技股份有限公司特邀您参加2026先进电池产业集群论坛,清深储能,清深储能,"RIOnews API, 高比能, 锂金属, 固态电池",normal,2026-08-13T07:00:00+08:00,,"【参展单位】米开罗那（上海）工业智能科技股份有限公司 展位号：19 一、公司简介米开罗那创始于1998年，是集研发、制造、销售、服务于一体的高科技企业。公司注册资本及实缴资本为10,700万元人民币。公司是真空自动化和真空领域智能装备等领域的龙头企业，市场地位较为突出，市场份额较高。公司秉承“技术进步为社会发展做贡献”的宗旨，一如既往地加大技术投入，为相关行业的发展做出了实质贡献。公司及子公司员工超过700名，其中工程技术人员270多人，技术工人400余人。公司核心管理人员、核心技术人员主要毕业于上海交通大学、西安交通大学、吉林大学等国内著名高校，拥有180余项专利技术，公司通过了国家级“专精",http://mp.weixin.qq.com/s?__biz=MzYyMzA0NTc3NQ==&mid=2247628330&idx=2&sn=13970b2b49d9c792e945c62380f98f50,,"【参展单位】米开罗那（上海）工业智能科技股份有限公司 展位号：19 一、公司简介米开罗那创始于1998年，是集研发、制造、销售、服务于一体的高科技企业。公司注册资本及实缴资本为10,700万元人民币。公司是真空自动化和真空领域智能装备等领域的龙头企业，市场地位较为突出，市场份额较高。公司秉承“技术进步为社会发展做贡献”的宗旨，一如既往地加大技术投入，为相关行业的发展做出了实质贡献。公司及子公司员工超过700名，其中工程技术人员270多人，技术工人400余人。公司核心管理人员、核心技术人员主要毕业于上海交通大学、西安交通大学、吉林大学等国内著名高校，拥有180余项专利技术，公司通过了国家级“专精","【参展单位】米开罗那（上海）工业智能科技股份有限公司 展位号：19 一、公司简介米开罗那创始于1998年，是集研发、制造、销售、服务于一体的高科技企业。公司注册资本及实缴资本为10,700万元人民币。公司是真空自动化和真空领域智能装备等领域的龙头企业，市场地位较为突出，市场份额较高。公司秉承“技术进步为社会发展做贡献”的宗旨，一如既往地加大技术投入，为相关行业的发展做出了实质贡献。公司及子公司员工超过700名，其中工程技术人员270多人，技术工人400余人。公司核心管理人员、核心技术人员主要毕业于上海交通大学、西安交通大学、吉林大学等国内著名高校，拥有180余项专利技术，公司通过了国家级“专精特新”企业认定。米开罗那的产品范围涵盖隔离及防护类手套箱/真空箱装备、自动化/物联网工业智能装备（无人工厂）等，上述装备被广泛应用于锂电池及材料，核工业、粉末冶金、生物制药、特种焊接、OLED、精细化工等领域的研究及生产。米开罗那始终致力于为全球知名客户提供高端智能装备及先进技术解决方案。经过多年的不懈努力，米开罗那已成为包括西门子、GE、特斯拉、中核集团、宁德时代、比亚迪等众多国内外知名品牌的合格供应商及合作伙伴。米开罗那是一家跨国公司，总部位于上海，在美国波士顿和德国法兰克福设有组装工厂和服务中心，在上海金山、湖北孝感建有现代化工厂，在广东东莞松山湖建有固态电池智能装备研究院。公司在中国各主要城市（北京、广州、西安、郑州、武汉、南京、福州、杭州、长沙、合肥、成都、昆明、长春、天津、济南、青岛、大连、厦门、桂林等地）设有20余个专业服务网点，为广大客户提供快捷、专业的支持与服务。二、产品介绍1.手套箱手套箱是将高纯惰性气体充入箱体内，并循环过滤掉其中的水、氧、有机气体等物质的实验室设备。也称真空手套箱、惰性气体保护箱等。主要功能在于对O2、H2O、有机气体的清除；广泛应用于无水、无氧、无尘的超纯环境。2.锂电池自动化生产线此生产线为圆状体固态电池全自动化生产线,全程均在手套箱内完成,确保了整个过程均是在无氧无水的环境中生产。为了确保正极材料、固态电解液、负极材料注量准确特有如下工艺：（1）正极材料注粉：关键点是采用带震动的螺旋注粉方式，使正极材料粉末在整个注粉过程中,无残留物附在管壁上,确保了正极材料注粉的精准性；（2）固态电解液注粉：采用高温将固态电解液先融化，然后再高温注液，确保了固态电解液注粉的精准性；（3）负极材料注粉：也是先对负极材料进行先融化，然后进行高温注液,确保了负极材料的注粉的精准性。3.锂金属固态电池智能装备线集成锂金属制片、叠片、焊接、封装、绝缘检测、真空注液封口功能，过渡仓具有真空烘烤功能，水氧控制在1ppm以下。4.锂金属自动制片机适用于金属锂负极片制备成型。自动完成锂带定长切断成片、铜带定长切成极耳，并将锂片和极耳压合制成锂负极片工艺。5.金属锂负极成型机1.锂带微张力精密调节，确保无或微变形； 2.锂带定长裁切精度：±0.1mm；由伺服机械夹指微张力牵引，将锂带移至裁切刀位，切断后锂片落平料台；3.定位台锂片由CCD视觉进行纠偏二次定位；X-Y定位精度：±0.02mm； 4.锂箔材质软易变形，转盘上定位板由低真空吸附，表面附透气膜，以防锂片粘附。点击关注，了解更多↓↓↓↓点击阅读原文，参会报名阅读原文10月15-17日\x0d\x0a中国 · 深圳",,,,pending
固态电池合集,锂电联盟会长,锂电联盟会长,"RIOnews API, 固态电池, 宁德时代, CATL, 软包, 循环寿命",normal,2026-08-13T06:00:00+08:00,,"点击左上角“锂电联盟会长”，即可关注！锂电联盟会长向各大团队诚心约稿，课题组最新成果、方向总结、推广等皆可投稿，请联系：邮箱libatteryalliance@163.com或微信Ydnxke。相关阅读：锂离子电池制备材料/压力测试！锂电池自放电测量方法：静态与动态测量法！软包电池关键工艺问题！一文搞懂锂离子电池K值！工艺，研发，机理和专利！软包电池方向重磅汇总资料分享！揭秘宁德时代CATL超级工厂！搞懂锂电池阻抗谱(EIS)不容易,这篇综述值得一看！锂离子电池生产中各种问题汇编！锂电池循环寿命研究汇总（附60份精品资料免费下载）点击左上角“锂电联盟会长”，即可关注！相关阅读：锂离子电池制备材",http://mp.weixin.qq.com/s?__biz=Mzg2ODg5MzM5Nw==&mid=2247583156&idx=5&sn=2b61fd0a40339e0e43377af75a3bf590,,"点击左上角“锂电联盟会长”，即可关注！锂电联盟会长向各大团队诚心约稿，课题组最新成果、方向总结、推广等皆可投稿，请联系：邮箱libatteryalliance@163.com或微信Ydnxke。相关阅读：锂离子电池制备材料/压力测试！锂电池自放电测量方法：静态与动态测量法！软包电池关键工艺问题！一文搞懂锂离子电池K值！工艺，研发，机理和专利！软包电池方向重磅汇总资料分享！揭秘宁德时代CATL超级工厂！搞懂锂电池阻抗谱(EIS)不容易,这篇综述值得一看！锂离子电池生产中各种问题汇编！锂电池循环寿命研究汇总（附60份精品资料免费下载）点击左上角“锂电联盟会长”，即可关注！相关阅读：锂离子电池制备材","点击左上角“锂电联盟会长”，即可关注！锂电联盟会长向各大团队诚心约稿，课题组最新成果、方向总结、推广等皆可投稿，请联系：邮箱libatteryalliance@163.com或微信Ydnxke。相关阅读：锂离子电池制备材料/压力测试！锂电池自放电测量方法：静态与动态测量法！软包电池关键工艺问题！一文搞懂锂离子电池K值！工艺，研发，机理和专利！软包电池方向重磅汇总资料分享！揭秘宁德时代CATL超级工厂！搞懂锂电池阻抗谱(EIS)不容易,这篇综述值得一看！锂离子电池生产中各种问题汇编！锂电池循环寿命研究汇总（附60份精品资料免费下载）点击左上角“锂电联盟会长”，即可关注！相关阅读：锂离子电池制备材料/压力测试！锂电池自放电测量方法：静态与动态测量法！软包电池关键工艺问题！一文搞懂锂离子电池K值！工艺，研发，机理和专利！软包电池方向重磅汇总资料分享！揭秘宁德时代CATL超级工厂！搞懂锂电池阻抗谱(EIS)不容易,这篇综述值得一看！锂离子电池生产中各种问题汇编！锂电池循环寿命研究汇总（附60份精品资料免费下载）点击左上角“锂电联盟会长”，即可关注！",,,,pending
另辟 “硼” 径！白马湖固态电池破局：-20℃~120℃通吃，压力直降超 80%,锂电联盟会长,锂电联盟会长,"RIOnews API, 固态电池, 固态电解质, 宁德时代, CATL, 软包, 大容量电芯, 高安全, 循环寿命, 负极材料, 电解液, 实验室",normal,2026-08-13T06:00:00+08:00,,点击左上角“锂电联盟会长”，即可关注！近日，滨江区白马湖实验室传出消息：研究团队用硼化物电解质造出了一款固态电池，能在零下20℃到120℃的温度范围里稳定工作。装上它，无人机的续航有望翻两倍还多。“我们平时用的手机、开的电车，都是用液态锂电池。在低温状态下，比如北方的冬季，续航可能会大幅下降。”白马湖实验室副总经理孙士恩介绍，“用固态电解质替换液态电解液，就是要从根源优化电池安全和续航性能。”不过，固体和固体之间的离子传导效率比液体低得多，为了让离子能顺利通过，行业通常得在电解质和电极之间施加40兆帕以上的外部压力，但放在手机、智能穿戴这些追求轻量化的设备里，并不现实。白马湖团队决定换个方向突,http://mp.weixin.qq.com/s?__biz=Mzg2ODg5MzM5Nw==&mid=2247583156&idx=2&sn=e5641339ae77e38343add39dba5305e7,,点击左上角“锂电联盟会长”，即可关注！近日，滨江区白马湖实验室传出消息：研究团队用硼化物电解质造出了一款固态电池，能在零下20℃到120℃的温度范围里稳定工作。装上它，无人机的续航有望翻两倍还多。“我们平时用的手机、开的电车，都是用液态锂电池。在低温状态下，比如北方的冬季，续航可能会大幅下降。”白马湖实验室副总经理孙士恩介绍，“用固态电解质替换液态电解液，就是要从根源优化电池安全和续航性能。”不过，固体和固体之间的离子传导效率比液体低得多，为了让离子能顺利通过，行业通常得在电解质和电极之间施加40兆帕以上的外部压力，但放在手机、智能穿戴这些追求轻量化的设备里，并不现实。白马湖团队决定换个方向突,"点击左上角“锂电联盟会长”，即可关注！近日，滨江区白马湖实验室传出消息：研究团队用硼化物电解质造出了一款固态电池，能在零下20℃到120℃的温度范围里稳定工作。装上它，无人机的续航有望翻两倍还多。“我们平时用的手机、开的电车，都是用液态锂电池。在低温状态下，比如北方的冬季，续航可能会大幅下降。”白马湖实验室副总经理孙士恩介绍，“用固态电解质替换液态电解液，就是要从根源优化电池安全和续航性能。”不过，固体和固体之间的离子传导效率比液体低得多，为了让离子能顺利通过，行业通常得在电解质和电极之间施加40兆帕以上的外部压力，但放在手机、智能穿戴这些追求轻量化的设备里，并不现实。白马湖团队决定换个方向突围。目前，行业主流大都盯着硫化物电解质，他们偏偏选了硼化物。孙士恩解释，硫化物电导率确实高，但“性子”不稳，遇到湿气可能产生硫化氢等有毒气体；而硼化物的电阻低、热稳定性更好，综合性能相对均衡。此外，硼化物的储量丰富，获取便捷、成本更低，将来更适合商业化推广。白马湖实验室硼化物固态电池产品选材料只是第一步。为了找到最佳配方，2024年4月，白马湖实验室组建一支固态电池团队，一方面开展上万次试验，确定基础配方体系。另一方面，创新内部结构，把负极和电解质层“粘”在一起，最终把外部压力降到5兆帕以下。团队已累计取得40余项自主知识产权，搭建起涵盖材料、配方、电极、电芯等全链条专利体系。另一个行业公认的“老大难”是锂枝晶——电池用久了，负极材料表面会长出树枝状的金属锂晶体，容易刺穿电池，引发短路。团队借着硼化物独特的结构特性，引导锂离子在表面均匀沉积，再配合负极改性工艺，有效抑制锂枝晶生成。团队科研人员在操作设备如今，研发成果亮眼：这款硼化物固态电池的能量密度达到400瓦时/公斤，循环充放电超过2000次，按照正常速度能把九成以上的电量放出来。今年初，团队成功试制20安时的大容量电芯——同等体积下，这款电芯可以有效提升无人机30%至40%的续航时间。这么“抗造”的电池能用在哪？团队瞄准了三种场景：低空无人机、具身智能机器人、高端3C产品，尤其是机器人可能在工厂、灾害现场等极端环境下工作，高安全、长续航是刚需。相关阅读：锂离子电池制备材料/压力测试！锂电池自放电测量方法：静态与动态测量法！软包电池关键工艺问题！一文搞懂锂离子电池K值！工艺，研发，机理和专利！软包电池方向重磅汇总资料分享！揭秘宁德时代CATL超级工厂！搞懂锂电池阻抗谱(EIS)不容易,这篇综述值得一看！锂离子电池生产中各种问题汇编！锂电池循环寿命研究汇总（附60份精品资料免费下载）点击左上角“锂电联盟会长”，即可关注！近日，滨江区白马湖实验室传出消息：研究团队用硼化物电解质造出了一款固态电池，能在零下20℃到120℃的温度范围里稳定工作。",,,,pending
从动力到储能再到新场景，浙江锂电如何在周期中重构竞争力,锂电联盟会长,锂电联盟会长,"RIOnews API, 新材料, 碳, 隔膜, 高比能, 硅, 固态电池, 钠离子电池, 钠电, 产品发布, 全新, 上市, 合作进展, 投资, 收购, 技术进展, 技术突破, 前沿技术, 量产推进, 产能, 扩产, 比亚迪, 宁德时代, CATL, 亿纬锂能, 亿纬, 中创新航, 瑞浦兰钧, 瑞浦, 蜂巢能源, 蜂巢, 欣旺达, 鹏辉能源, 钠电池, 软包, 储能, 储能电芯, 大容量电芯, 户储, 大型储能, 高安全, 长循环, 循环寿命, 碳酸锂, 负极材料, 电解液, 出货, 出货量, 装车, 新增产能, GWh, 生产基地, 投产, 订单, 价格战, 海外, 量产, 落地, 爬坡",normal,2026-08-13T06:00:00+08:00,,点击左上角“锂电联盟会长”，即可关注！产业圈一直有个心照不宣的判断：拿下锂电赛道，就抢占了未来产业发展的先机。过去五年，从东南沿海城市到中西部县域，各地都在争相引进锂电项目，一个百亿级项目往往足以重塑一座城市的经济格局。比如温州龙湾区的锂电产业从零起步，如今已经撑起了一套完整的产业集群。 而随着大批项目建成投产，行业当下正呈现出矛盾的发展态势：一边是全国锂电产能利用率跌破40%警戒线，碳酸锂价格起伏剧烈，动力电池领域价格战愈演愈烈；另一边则是储能赛道需求暴涨，商用车电动化进程加快，低空经济等多元新场景不断打开增长想象空间。 锂电行业的真实发展状况究竟如何？我们近日走访了衢州、湖州、嘉兴等地的产,http://mp.weixin.qq.com/s?__biz=Mzg2ODg5MzM5Nw==&mid=2247583156&idx=3&sn=0730efdc18e0eec25ef6413455b6fd3c,,点击左上角“锂电联盟会长”，即可关注！产业圈一直有个心照不宣的判断：拿下锂电赛道，就抢占了未来产业发展的先机。过去五年，从东南沿海城市到中西部县域，各地都在争相引进锂电项目，一个百亿级项目往往足以重塑一座城市的经济格局。比如温州龙湾区的锂电产业从零起步，如今已经撑起了一套完整的产业集群。 而随着大批项目建成投产，行业当下正呈现出矛盾的发展态势：一边是全国锂电产能利用率跌破40%警戒线，碳酸锂价格起伏剧烈，动力电池领域价格战愈演愈烈；另一边则是储能赛道需求暴涨，商用车电动化进程加快，低空经济等多元新场景不断打开增长想象空间。 锂电行业的真实发展状况究竟如何？我们近日走访了衢州、湖州、嘉兴等地的产,"点击左上角“锂电联盟会长”，即可关注！产业圈一直有个心照不宣的判断：拿下锂电赛道，就抢占了未来产业发展的先机。过去五年，从东南沿海城市到中西部县域，各地都在争相引进锂电项目，一个百亿级项目往往足以重塑一座城市的经济格局。比如温州龙湾区的锂电产业从零起步，如今已经撑起了一套完整的产业集群。 而随着大批项目建成投产，行业当下正呈现出矛盾的发展态势：一边是全国锂电产能利用率跌破40%警戒线，碳酸锂价格起伏剧烈，动力电池领域价格战愈演愈烈；另一边则是储能赛道需求暴涨，商用车电动化进程加快，低空经济等多元新场景不断打开增长想象空间。 锂电行业的真实发展状况究竟如何？我们近日走访了衢州、湖州、嘉兴等地的产业链一线，实地探查行业真实的运行节奏。 新玩家接连进场 “海外储能赛道需求爆发，户用储能规模近五年翻了10倍，现在正是扩产的窗口期。”浙江泰鑫时代负责人窦燕蒙介绍，企业去年落地湖州，目前正处于产能爬坡阶段，预计全年销售额可达8亿元。 这只是浙江锂电产业扩张版图的一角。数据显示，2025年浙江省规上锂电池制造企业营业收入达1642亿元，同比增长32.7%，产业规模位居全国第四，紧随江苏、福建、广东三省之后。泰鑫时代展厅里的各类锂电池。素问 摄在上游正负极材料、隔膜、电解液、结构件四大核心原材料环节，到中游电芯制造、电池PACK封装，浙江均有完善布局，已形成较为完整的锂电产业链体系。 本轮产业扩产热潮背后，多重市场力量交织驱动、形成共振。 民营资本是本轮扩产的核心主力。 国内锂电头部企业均已落子浙江：比亚迪在温州布局电芯制造基地；宁德时代与吉利合资成立的时代吉利，总部设于宁波；亿纬锂能、欣旺达、中创新航等省外龙头企业也先后完成省内产能布点。 本土民营力量同样势头强劲：瑞浦兰钧在温州、嘉兴两地建有锂电制造基地，今年预计新增产能30GWh；天能、吉利等浙江老牌企业加速自研自产布局；农夫山泉创始人钟睒睒也通过旗下基金领投浙江智邦锂电，跨界切入固态电池赛道。 整车企业成为产业链协同扩张的核心推手。 链式扩张的产业特征在浙江愈发清晰。零跑汽车湖州整车基地投产后，配套的零跑中凌动力电池项目随即落地长兴；吉利高端新能源整车项目尚在建设阶段，周边已吸引一批电池及封装配套企业跟进布局，形成了典型的“卫星工厂”产业模式。鹏辉能源在衢州的生产基地，一期项目于2023年投产。受访者 供图出口需求上演“海的诱惑”。海外订单成为消化产能的重要出路。蜂巢能源浙江基地投产三年，六条产线首次满产，其中五到六成产品远销印度；鹏辉能源衢州基地同样满负荷运转，出口占比已达半壁江山；除南极洲外，其他大洲都有瑞浦兰钧产品的应用项目。当前，锂电产业究竟处在哪个阶段？据悉，锂电项目建设周期仅1-2年，上一轮热潮由新能源汽车带动，出现在2020年至2022年，但很快出现“供大于求”、打起“价格战”；如今在算力发展、欧洲能源危机等背景下，储能成为主引擎，新一轮景气周期从2025年下半年开始，目前仍处于上升阶段。不过，整车厂造电池虽可大幅降低物流与协同成本，但一旦遭遇整车销量波动，电池产能将首当其冲成为“沉没成本”。海外市场也并非无限“蓄水池”，国际行业展会上“一半都是中国企业”表明，海外竞争正从“中外对决”演变为“中中内卷”。冰火两重天各地项目遍地开花，锂电产能快速堆积已成为不争事实。从行业数据看，2025年全年，全国动力及储能电池产能利用率不到40%，远低于80%的合理区间；部分中小企业产能利用率长期低于30%，大量产能处于闲置状态。储能电站。图源 视觉中国调研中，多家企业反映，上游碳酸锂等原料有不同程度涨价，但因消费端竞争激烈，成本向下游传导并不容易，电池企业被迫越来越“卷”，利润越来越薄。不过，不同领域、不同规模的企业“体感”冷暖不一。当前市场需求呈现鲜明的三重结构性分化：一是储能与动力两大应用领域“温差”显著。今年1-5月，我国储能电池累计销量同比增长87.7%，而动力电池累计销量同比增长34.9%，储能增速明显更快。“储能客户每个月都来找货。”蜂巢能源负责人张春成说，海外户储、大型储能需求快速增长，同行们正主动调整产能结构、通过技改扩储能产线。他认为，这一窗口期还有2至3年。瑞浦兰钧的产能分配是对市场分化的快速反应，浙江两大基地当前优先满足储能和动力市场热销型号的订单需求。二是动力电池内部也存在细分赛道的增长分化。乘用车趋向饱和，而商用车新能源化趋势明显。今年上半年，全国新能源重卡累计销量约14万辆，同比增长77%；6月单月新增3.74万辆，同比大涨108%。据预测，2026年全年商用车电池装车需求增速（34.7%）将是乘用车（10.8%）的三倍有余。“现在的新能源重卡，就像四五年前的新能源汽车一样，电动化转型趋势明显。”瑞浦兰钧相关人士表示。三是企业梯队分化加剧，低端产能加速出清，优质产能仍供不应求。“一线企业‘吃饱’，二三线承接溢出，四五线还没感知”的现象相当普遍。今年上半年，行业梯队分化的态势愈发凸显。头部企业产能饱满、订单充足：瑞浦兰钧产能维持高位运行，户用储能电芯出货量蝉联全球第一；蜂巢能源、泰鑫时代、鹏辉能源等企业均表示订单已排至年底。而部分从铅酸电池转型的传统厂商、技术储备薄弱的跨界企业，则更容易陷入低价竞争的困局。上游电解液赛道的走势更具行业代表性。不久前，国内龙头天赐集团终止了一项26亿元的扩产项目，正是当前行业大环境的真实缩影。 由于电解液赛道前期投入少、技术门槛相对较低，一批小型企业依托普通园区规避环保合规成本，借此形成低价优势。一旦市场需求走弱，缺乏规模效应与技术壁垒的小企业，将成为最先被市场淘汰的群体。 “目前新增的投资意向明显减少，盲目上马新项目、再回头找订单的情况已经不多见了。”一位基层产业工作人员表示，企业与资本方普遍意识到市场供需缺口已逐步收窄，合理管控产能更有利于产业的良性发展。三大突围路径一边是低端产能闲置、价格承压，一边是高端及新兴赛道景气高涨，叠加部分周期性产业一度产能过剩的前车之鉴，让浙江锂电企业的每一步抉择都颇为谨慎。锂电生产车间。图源 视觉中国“行业迈向高质量发展，阵痛和洗牌是必然的。”浙江省工信院能源所副所长黄贝拉说，核心方向是“向新而行，以质取胜”，浙江各地政府正积极引导产业资源向高密度、高安全、长循环等技术前沿迭代。如何在产业周期中找到生存之道？突围路径一：押注创新。近年锂电材料领域最具标志性的技术突破，当属上游负极材料的路线革新——硅基材料正逐步替代传统石墨负极。浙江格源新材料科技有限公司手握核心技术，于去年6月落地衢州智造新城启动扩产，投产仅两个月便实现满产，今年年底还将进一步扩大产能规模。 “我们正在和时间赛跑，通过规模化生产拉高产品性价比、快速抢占市场。”公司创始人徐泉表示，动力电池的市场体量将达到消费电子领域的10倍以上，未来储能、低空飞行器、智能机器人等赛道均可应用硅基负极材料，成长空间十分广阔。眼下浙江锂电企业正同步在材料端、制造端加码创新布局。 今年4月，湖州南太湖新区已获批建设固态电池未来产业先导区；鹏辉能源计划在衢州设立设备研究院，同时储备钠电池、大容量电芯等前沿技术；蜂巢能源则以叠片工艺替代传统卷绕路线，打造“龙鳞甲”等安全结构设计……突围路径二：“铁索连船”。越来越多锂电上下游企业选择通过产业链垂直整合来压缩综合成本。新亚中宁向上游延伸布局，自主生产六氟磷酸锂——该原料占到电解液生产成本的50%至70%；鹏辉能源除了通过收购、参股方式布局上游材料企业，还在向上延伸矿产资源环节。 “从原料、装备到成品的全产业链垂直整合与多环节布局，核心目的就是提升产品的综合性价比。”徐泉表示。突围路径三：差异化生存。多家受访企业判断，未来锂电产业将呈现头部企业主导市场的格局，中小企业的生存空间可能会被逐步挤压。 “中小企业的破局路径，是朝着专精特新、隐形冠军的方向深耕，避开头部企业主导的红海赛道，聚焦特种机器人、3C消费电子、高附加值添加剂等细分环节，这也正是浙江民企的优势所在。”黄贝拉表示。 除此之外，中小企业还可以深度嵌入本地龙头上市公司的供应链体系，开展协同创新；同时同步提升柔性制造能力与精细化运营水平——前者能更灵活地响应多元订单需求，后者则能帮助企业构建起抵御行业内卷的核心壁垒。植保无人机。图源 视觉中国锂电行业的发展态势，究竟会持续走热还是逐步降温？ 有业内人士点出了一个关键差异：不同于其他行业普遍出现的同质化产能过剩，锂电产业始终能依托应用场景的持续迭代，不断打开新的增长空间。 目前锂电池的应用已覆盖动力电池、储能两大核心领域，同时广泛渗透至3C消费电子赛道；未来还将在电动船舶、低空飞行器、智能机器人等特种电池场景开辟全新增量市场。 应用场景的不断拓展，也让行业的未来走向充满了想象空间。来源：浙江日报相关阅读：锂离子电池制备材料/压力测试！锂电池自放电测量方法：静态与动态测量法！软包电池关键工艺问题！一文搞懂锂离子电池K值！工艺，研发，机理和专利！软包电池方向重磅汇总资料分享！揭秘宁德时代CATL超级工厂！搞懂锂电池阻抗谱(EIS)不容易,这篇综述值得一看！锂离子电池生产中各种问题汇编！锂电池循环寿命研究汇总（附60份精品资料免费下载）点击左上角“锂电联盟会长”，即可关注！产业圈一直有个心照不宣的判断：拿下锂电赛道，就抢占了未来产业发展的先机。",,,,pending
登 Advanced Materials！青大团队拿出高镍正极改性王炸方案,锂电联盟会长,锂电联盟会长,"RIOnews API, 新材料, 碳, 钙钛矿, 高比能, 前沿表征, 工况, 学术研究, 大学, 教授, 科学院, 研究所, 期刊, 宁德时代, CATL, 高镍, 软包, 储能, 高安全, 长循环, 循环寿命, 正极材料",normal,2026-08-13T06:00:00+08:00,,点击左上角“锂电联盟会长”，即可关注！近日，物理科学学院磁电化学团队在锂离子电池正极材料研究领域取得重要进展。相关研究成果以“Holistic Inside-Out Reconfiguration of Ni-Rich Cathodes via a Thermally Self-Driven Strategy for Exceptional Chemomechanical Stability”为题在国际权威期刊Advanced Materials发表。学院硕士研究生于海霞（山东大学博士录取）、博士研究生徐淑成、硕士研究生宋鸿渊为论文共同第一作者，陈桂焕老师、李强教授为论文通讯作者，青岛大学为第,http://mp.weixin.qq.com/s?__biz=Mzg2ODg5MzM5Nw==&mid=2247583156&idx=1&sn=ab9cd3df539229b46e7c171da5d0ad1d,,点击左上角“锂电联盟会长”，即可关注！近日，物理科学学院磁电化学团队在锂离子电池正极材料研究领域取得重要进展。相关研究成果以“Holistic Inside-Out Reconfiguration of Ni-Rich Cathodes via a Thermally Self-Driven Strategy for Exceptional Chemomechanical Stability”为题在国际权威期刊Advanced Materials发表。学院硕士研究生于海霞（山东大学博士录取）、博士研究生徐淑成、硕士研究生宋鸿渊为论文共同第一作者，陈桂焕老师、李强教授为论文通讯作者，青岛大学为第,"点击左上角“锂电联盟会长”，即可关注！近日，物理科学学院磁电化学团队在锂离子电池正极材料研究领域取得重要进展。相关研究成果以“Holistic Inside-Out Reconfiguration of Ni-Rich Cathodes via a Thermally Self-Driven Strategy for Exceptional Chemomechanical Stability”为题在国际权威期刊Advanced Materials发表。学院硕士研究生于海霞（山东大学博士录取）、博士研究生徐淑成、硕士研究生宋鸿渊为论文共同第一作者，陈桂焕老师、李强教授为论文通讯作者，青岛大学为第一通讯单位。高镍层状氧化物是下一代高比能锂电池的关键正极材料，然而，其在高压工况下长期受困于“力学开裂”与“界面副反应”相互耦合、互为加剧的退化机制，导致电池性能快速衰减。此前，国际主流改性策略多聚焦于材料表面或内部单一尺度的独立优化，难以从根源上破解这一耦合失效难题。针对上述挑战，该团队创新性地利用硝酸钕独特的熔融浸润与可控分解动力学，通过一步热处理，在单个颗粒内部同步实现了从中心空隙、体相晶格到表面包覆层的跨尺度协同重构。研究思路实现了从“被动缓解”向“主动应变工程”的转变：内部构筑的应力缓冲空腔有效调控应力场分布，抑制裂纹萌生；体相中生成的钙钛矿共生相发挥钉扎效应，稳定晶格结构；而表面形成的钙钛矿保护层则显著提升界面化学稳定性。实验结果表明，重构后的正极材料在4.5V高压下经200次循环后，容量保持率高达95.7%；即使在4.6V、45℃的极端工况下，仍表现出优异的耐受能力，成功打破了高能量密度与长循环寿命之间的固有矛盾，为长寿命、高安全锂电池正极材料的设计开辟了新路径。近年来，磁电化学储能创新团队面向国家“双碳”战略需求，聚焦能源科学前沿与企业关键技术瓶颈，充分发挥物理学学科优势，在基础研究与应用转化方面取得了一系列标志性成果。该工作得到了国家自然科学基金、山东省自然科学基金等项目的资助，由磁电化学团队联合中国科学院物理研究所、中国科学技术大学理化实验中心等单位共同完成。来源：青岛大学物理科学学院相关阅读：锂离子电池制备材料/压力测试！锂电池自放电测量方法：静态与动态测量法！软包电池关键工艺问题！一文搞懂锂离子电池K值！工艺，研发，机理和专利！软包电池方向重磅汇总资料分享！揭秘宁德时代CATL超级工厂！搞懂锂电池阻抗谱(EIS)不容易,这篇综述值得一看！锂离子电池生产中各种问题汇编！锂电池循环寿命研究汇总（附60份精品资料免费下载）点击左上角“锂电联盟会长”，即可关注！近日，物理科学学院磁电化学团队在锂离子电池正极材料研究领域取得重要进展。",,,,pending
2 毫米安装精度 + 199 天封顶，这座锂电基地把建造速度拉满了,锂电联盟会长,锂电联盟会长,"RIOnews API, 前沿表征, 工况, 宁德时代, CATL, 楚能新能源, 楚能, 软包, 储能, 循环寿命, 产能, GWh, 生产基地, 投产, 项目落地, 落地",normal,2026-08-13T06:00:00+08:00,,点击左上角“锂电联盟会长”，即可关注！近日，由中建三局一公司承建的楚能新能源宜昌80GWh全新一代锂电池项目正式投产。作为湖北省单期建设规模最大的锂电池生产基地，项目投产后将推动宜昌锂电产业的产能规模跻身全球第一梯队，为湖北打造具有全国影响力的新能源电池产业集群、加速产业转型升级筑牢核心产能支撑。湖北单期最大锂电池生产基地正式投产项目落地湖北宜昌，核心布局动力电池、储能电池及PACK模组等新能源核心产品的研发与生产，总建筑面积超90万平方米，涵盖41个单体建筑。项目全面投运后将牵引上下游配套产业协同集聚，推动区域产业结构向高端化、绿色化方向迭代升级。建设阶段，项目进场即启动强夯施工，全程推行精,http://mp.weixin.qq.com/s?__biz=Mzg2ODg5MzM5Nw==&mid=2247583156&idx=4&sn=7f4161ee9990d7615bc3562a82edb2e1,,点击左上角“锂电联盟会长”，即可关注！近日，由中建三局一公司承建的楚能新能源宜昌80GWh全新一代锂电池项目正式投产。作为湖北省单期建设规模最大的锂电池生产基地，项目投产后将推动宜昌锂电产业的产能规模跻身全球第一梯队，为湖北打造具有全国影响力的新能源电池产业集群、加速产业转型升级筑牢核心产能支撑。湖北单期最大锂电池生产基地正式投产项目落地湖北宜昌，核心布局动力电池、储能电池及PACK模组等新能源核心产品的研发与生产，总建筑面积超90万平方米，涵盖41个单体建筑。项目全面投运后将牵引上下游配套产业协同集聚，推动区域产业结构向高端化、绿色化方向迭代升级。建设阶段，项目进场即启动强夯施工，全程推行精,"点击左上角“锂电联盟会长”，即可关注！近日，由中建三局一公司承建的楚能新能源宜昌80GWh全新一代锂电池项目正式投产。作为湖北省单期建设规模最大的锂电池生产基地，项目投产后将推动宜昌锂电产业的产能规模跻身全球第一梯队，为湖北打造具有全国影响力的新能源电池产业集群、加速产业转型升级筑牢核心产能支撑。湖北单期最大锂电池生产基地正式投产项目落地湖北宜昌，核心布局动力电池、储能电池及PACK模组等新能源核心产品的研发与生产，总建筑面积超90万平方米，涵盖41个单体建筑。项目全面投运后将牵引上下游配套产业协同集聚，推动区域产业结构向高端化、绿色化方向迭代升级。建设阶段，项目进场即启动强夯施工，全程推行精细化动态管理，通过划分6个施工分区，采用全工序穿插、多流水段交叉作业模式，最大化压缩建设周期。施工高峰期，现场同步集结5000余名建设者、800余台机械设备作业，单日最高完成100根预制柱吊装，各工序实现无缝衔接。依托高效的施工组织与资源调度能力，项目仅用3个月完成主体施工，199天实现全面封顶，从开工到正式投产全程仅10个月，较既定工期提前2个月，跑出了锂电产业基地建设的加速度。项目建设资料图针对锂电池生产对高精度、高洁净度的严苛要求，项目团队以精工建造为核心准则，全场景落地智能建造技术，全方位保障厂房与锂电产线的适配需求。项目深化BIM技术应用，将6万吨钢构件拆解为数万份标准化加工图纸，所有构件出厂前均完成预拼装校验；依托Tekla模型实现智能监测与实时纠偏，在200台大型起重设备同步作业的工况下，将高空构件安装误差精准控制在2毫米以内。同时搭建智慧建造平台，实现“人-机-料-法-环”全要素数字化在线，对钢结构吊装、焊接、检测等核心工序开展全流程数据追踪与可视化监管，依托物联网监测体系实现质量全程可追溯、安全风险提前预警。洁净管控方面，项目严格执行精益建造标准，采用专用洁净金属壁板、激光整平金刚砂地坪、防尘吊顶等成套工艺，配套搭建专属洁净保障系统，同步落实成品全范围防护措施，从源头精准管控粉尘污染，充分匹配锂电生产的洁净环境要求。宜昌楚能一期项目楚能新能源宜昌基地一期项目同样由中建三局一公司承建，已于2023年8月正式投产运营。相较于一期项目，本次投产的二期单线生产效率提升超60%，项目全面满产后，日均电芯产量可达80万颗以上。相关阅读：锂离子电池制备材料/压力测试！锂电池自放电测量方法：静态与动态测量法！软包电池关键工艺问题！一文搞懂锂离子电池K值！工艺，研发，机理和专利！软包电池方向重磅汇总资料分享！揭秘宁德时代CATL超级工厂！搞懂锂电池阻抗谱(EIS)不容易,这篇综述值得一看！锂离子电池生产中各种问题汇编！锂电池循环寿命研究汇总（附60份精品资料免费下载）点击左上角“锂电联盟会长”，即可关注！近日，由中建三局一公司承建的楚能新能源宜昌80GWh全新一代锂电池项目正式投产。",,,,pending
半固态电池头部企业，完成亿元级融资,DT新材料,DT新材料,"RIOnews API, 新材料, 复合材料",normal,2026-08-13T00:11:34+08:00,,【DT新材料】获悉，近日，半固态锂电池量产头部企业固芯能源宣布完成亿元级融资，本轮融资由投控东海领投、建元基金跟投。公司表示，本轮资金将主要用于电池量产线建设，以及水下装备、焊接、人形机器人、商业航天等应用场景的产品开发。目前，固芯能源主要研发全硅负极固液电池，并已实现100%硅负极电池量产。公司产品电芯能量密度最高达到405Wh/kg，同时储备470Wh/kg、550Wh/kg等下一代产品。据公司介绍，2026年其400Wh/kg以上电芯出货量位居全球前列，并已应用于固定翼及多旋翼无人机等长续航场景。在应用端，固芯能源的产品目前覆盖特种装备、3C及智能家居、无人机、低空经济和具身智能等领域。,http://mp.weixin.qq.com/s?__biz=MzI4MzI5MTY3Ng==&mid=2247639593&idx=6&sn=91301289c5e95792486cbc765d7a1ef4,,【DT新材料】获悉，近日，半固态锂电池量产头部企业固芯能源宣布完成亿元级融资，本轮融资由投控东海领投、建元基金跟投。公司表示，本轮资金将主要用于电池量产线建设，以及水下装备、焊接、人形机器人、商业航天等应用场景的产品开发。目前，固芯能源主要研发全硅负极固液电池，并已实现100%硅负极电池量产。公司产品电芯能量密度最高达到405Wh/kg，同时储备470Wh/kg、550Wh/kg等下一代产品。据公司介绍，2026年其400Wh/kg以上电芯出货量位居全球前列，并已应用于固定翼及多旋翼无人机等长续航场景。在应用端，固芯能源的产品目前覆盖特种装备、3C及智能家居、无人机、低空经济和具身智能等领域。,【DT新材料】获悉，近日，半固态锂电池量产头部企业固芯能源宣布完成亿元级融资，本轮融资由投控东海领投、建元基金跟投。公司表示，本轮资金将主要用于电池量产线建设，以及水下装备、焊接、人形机器人、商业航天等应用场景的产品开发。目前，固芯能源主要研发全硅负极固液电池，并已实现100%硅负极电池量产。公司产品电芯能量密度最高达到405Wh/kg，同时储备470Wh/kg、550Wh/kg等下一代产品。据公司介绍，2026年其400Wh/kg以上电芯出货量位居全球前列，并已应用于固定翼及多旋翼无人机等长续航场景。在应用端，固芯能源的产品目前覆盖特种装备、3C及智能家居、无人机、低空经济和具身智能等领域。其中，在无人机领域，公司已开展固定翼及多旋翼无人机电池产品的应用，并进一步推进工业级、消费级无人机以及eVTOL相关产品的开发。机器人也是公司近年来拓展的应用方向之一。固芯能源表示，公司已与相关企业开展水下机器人、自动化产线及人形机器人电源系统的研发与验证。针对不同应用场景，公司主要从电池能量密度、工作温度范围及安全性等方面进行产品适配。此外，固芯能源正在推进商业航天领域的产品验证。据公司介绍，目前相关产品正进行适配，并通过地面测试及搭载验证等方式推进航天级电池产品开发。特种装备方面，公司目前面向水下装备、通信设备及焊接设备等场景提供电池产品及解决方案。/扫码加入行业交流群/化工新材料、复合材料、汽车、机器人、无人机、eVTOL、商业航天.....等产业同行❤️↓说明：本文部分素材来自于网络，转载请备注来源，本平台发布仅为了传达一种不同观点，不代表对该观点赞同或支持。如果有任何问题，请联系我们：*********** dtmaterial （微信）FINE2027 未来产业新材料博览会 7月丨上海,,,,pending
首轮报告嘉宾剧透！2026（第四届）氢储运关键技术发展论坛（9月17-18日，合肥）,DT新材料,DT新材料,"RIOnews API, 新材料, 复合材料, 碳纤维, 储氢材料, 负极材料, 产品发布, 首发, 发布, 学术研究, 大学, 教授, 科学院, 研究所, 期刊, 技术进展, 最新进展, 技术攻关, 前沿技术, 量产推进, 产能, 批量生产",normal,2026-08-13T00:11:34+08:00,,一、大会背景当前终端用氢价普遍在35元/千克以上，仅氢能储运成本就占据终端用氢成本的30%-50%，是制约氢能由“能用”走向“好用、广用”的核心瓶颈。目前，氢储运多技术路线并行探索，正在加速破解这一困局。高压气态储氢领域，首座70MPa加氢站正式落成，70MPa IV型储氢瓶已实现批量生产与国产化，首个百万方盐穴储氢示范工程正式投运...低温液氢储运领域，液氢上路技术规范正式实施，氢液化能力突破5-10 t/d难关，首个液氢制储输用全链条闭环项目正式落地四川攀枝花...固态储氢多个千吨级产线已陆续投产/开工/备案，目前已实现商业应用，在氢能两轮车等场景大放异彩。多企入局有机液态储氢，商业示范项,http://mp.weixin.qq.com/s?__biz=MzI4MzI5MTY3Ng==&mid=2247639593&idx=2&sn=d05a32ed4ac57a63b97513723f4b6a09,,一、大会背景当前终端用氢价普遍在35元/千克以上，仅氢能储运成本就占据终端用氢成本的30%-50%，是制约氢能由“能用”走向“好用、广用”的核心瓶颈。目前，氢储运多技术路线并行探索，正在加速破解这一困局。高压气态储氢领域，首座70MPa加氢站正式落成，70MPa IV型储氢瓶已实现批量生产与国产化，首个百万方盐穴储氢示范工程正式投运...低温液氢储运领域，液氢上路技术规范正式实施，氢液化能力突破5-10 t/d难关，首个液氢制储输用全链条闭环项目正式落地四川攀枝花...固态储氢多个千吨级产线已陆续投产/开工/备案，目前已实现商业应用，在氢能两轮车等场景大放异彩。多企入局有机液态储氢，商业示范项,"一、大会背景当前终端用氢价普遍在35元/千克以上，仅氢能储运成本就占据终端用氢成本的30%-50%，是制约氢能由“能用”走向“好用、广用”的核心瓶颈。目前，氢储运多技术路线并行探索，正在加速破解这一困局。高压气态储氢领域，首座70MPa加氢站正式落成，70MPa IV型储氢瓶已实现批量生产与国产化，首个百万方盐穴储氢示范工程正式投运...低温液氢储运领域，液氢上路技术规范正式实施，氢液化能力突破5-10 t/d难关，首个液氢制储输用全链条闭环项目正式落地四川攀枝花...固态储氢多个千吨级产线已陆续投产/开工/备案，目前已实现商业应用，在氢能两轮车等场景大放异彩。多企入局有机液态储氢，商业示范项目已建成，与氢内燃机动力系统完成陆上联调，首艘氢内燃机内河船舶即将下水...管道输氢领域，首个10万户级天然气掺氢规模化应用示范项目正式启动。截至目前，实际推进输氢管道总长已超7000公里。在此背景下，DT新能源特定于2026年9月17日-18日在安徽·合肥举办以“终端用氢看储运，多路并举创新局”为主题的“2026（第四届）氢储运关键技术发展论坛”。论坛将聚焦政策趋势、科研及产业化最新进展、多元应用场景下的储运需求，汇聚院士专家、政府规划部门、能源央企、材料解决方案供应商及产业链上下游代表企业，分享宏观趋势研判、技术装备前沿突破与新兴应用方向，并深度探讨工程化挑战与商业化路径，旨在加速打通氢能产业关键环节。“码”上报名二、论坛信息主办单位DT新能源支持单位安徽省能源集团有限公司中集氢能科技有限公司浙江氢航科技有限公司航天氢能科技有限公司尚宁智感（北京）科技有限公司前沿技术及青年论坛召集人刘 阔，中国科学院过程工程研究所研究员媒体支持DT新材料、液态阳光、洞见热管理、海洋装备与关键材料、北极星氢能网、氢能和燃料电池、氢启未来网、氢眼探索、氢途无限、玻纤复材、储氢材料、兴氢园、催化计、《低碳化学与化工》期刊承办单位宁波德泰中研信息科技有限公司三、第一轮报告嘉宾剧透（排序不分先后）程玉峰，加拿大皇家科学院院士、加拿大工程院院士，中国科学院宁波材料所首席科学家长期担任加拿大管道领域国家首席科学家、卡尔加里大学终身教授，主要从事能源管道服役失效、腐蚀防护、安全评估与智能化管理研究。出版个人专著4部，发表期刊论文400余篇（Nature正刊3篇、子刊2篇），H-因子90。获加拿大冶金与材料协会终身成就奖等，两次入选国家级领军人才计划。为美国、中国、英国腐蚀协（学）会会士，Journal of Pipeline Science and Engineering与Engineering in Extreme Environments创刊主编。蒋利军，中国有研科技集团首席专家正高工，国家有色金属新能源材料与制品工程技术研究中心主任，中国可再生能源学会副理事长、氢能专业委员会主任委员，全国氢能技术标准化委员会副主任委员，“十三五”国家“可再生能源与氢能”重点专项总体专家组成员，IEA Hydrogen TCP执委会中国代表，国际氢能协会荣誉理事。长期从事氢能和储能技术研究，获部级一等奖3项、二等奖10项、三等奖4项，专利200余项，文章200余篇，国家标准3项。李玉星，中国石油大学（华东）教授主要研究领域为输气管道输送理论与安全保障及氢能储运技术。作为项目首席承担中低压纯氢与掺氢燃气管道输送及其应用关键技术项目，国家自然基金重点基金2项，同时主持多项国家自然科学基金项目、国家科技重大专项子课题、国家科技支撑计划子课题、国家重点研发计划等国家及省部级课题。研究成果已成功落地中石化、中石油、深圳燃气等多个示范项目。中国石油大学（华东）李玉星教授：纯氢与掺氢天然气管道输送关键技术及应用 | 2026氢储运关键技术发展论坛欧阳柳章，华南理工大学教授主要研究领域包括：储氢材料、电池负极材料、薄膜材料和水解制氢等。主持了有关储氢材料的国家自然科学基金4项，广东省自然科学基金团队项目（核心成员）和广州市攻关各1项。申请发明专利20项(已授权14项)，实用新型专利3项(已授权)；在国内外核心期刊发表论文100余篇，他引1000余次，研究成果获2012年度广东省科学技术奖一等奖(排名第二)。施锡林，中国科学院武汉岩土力学研究所副所长、研究员主要从事深部盐岩能源地下储备方面的研究，主持或参与国家973计划项目、国家重点研发计划课题、国家自然科学基金项目、中国科学院先导专项等20多项基础科学研究项目，以及中国石油、中国石化和国家管网等工程建设单位委托的科研项目30多项。发表学术论文100余篇，获得中国和美国发明专利30余件，取得软件著作权10余项，出版学术专著2部，参编标准2部。2026年4月25日，由武汉岩土所与中国平煤神马集团共同实施的我国首个百万方级盐穴储氢示范工程在河南省平顶山市投产运行。该项目的落地投用补齐了氢能大规模、低成本储能关键短板，标志着我国氢能“制-储-输-用”正式迈入产业化新阶段。刘阔，中国科学院过程工程研究所能源与环境催化课题组组长，研究员报告题目：“面向多场景的移动式有机液供氢装备与高效脱氢催化剂产业化进展”从事能源与环境催化领域研究，重点包括储氢/制氢催化剂的设计、有机液体储氢等技术研究等。在有机液体储放氢关键技术方面取得突破，申请相关发明专利10余项。迄今在J. Am. Chem. Soc.、Adv. Funct. Mater.、Appl. Catal. B、Chem. Eng. J.、J. Catal.、ACS Catal.等期刊发表论文50余篇。主持国家自然科学基金、中国科学院战略性先导科技专项课题、国家重点研发计划课题、中国科学院-新加坡科技研究局双边合作研究项目及多项企业横向课题。担任J. Environ. Sci. 期刊青年编委、Clean Energy Sci. Technol. 期刊编委。程寒松，中国地质大学(武汉)教授，氢阳新能源控股有限公司董事长以第一作者或通讯作者身份在国际学术期刊发表SCI收录论文400余篇；授权/发布各项国际专利及专利申请近200项；在大型国内外学术会议、著名科研院所做主题报告和邀请报告200余次。目前，氢阳能源已经形成了以常温常压有机液体储氢技术为核心，包括储油（液体有机储氢载体）、加/脱氢催化剂、氢油（氢化液体有机储氢载体）、常温常压加氢站、储/供氢系统、高温质子交换膜和膜电极、燃料电池控制系统等在内的纵向一体化产品与服务体系。先后与云南电网、中船重工等企业合作，联合推出了基于常温常压有机液体技术的备用电源、氢燃料电池汽车、物流车等，首次完成了液体有机储氢技术在公共交通领域的应用。王昌建，合肥工业大学教授，副院长主要从事氢能安全与高效利用等领域的科学研究工作，在氢安全理论与防控关键技术、燃料电池热电联供关键技术、火灾爆炸模拟软件等方面取得了丰硕的成果。主持或承担国家重点研发计划项目、国家自然科学基金、国际合作项目、科技支撑项目等共计80多项。获省部级教学和科技奖10余项。国内外核心刊物上发表高水平学术论文276篇，其中SCI期刊论文173篇。丁清苗，中国民航大学副教授报告题目：基于等效氢逸度的L360M管线钢氢渗透行为与腐蚀寿命预测主要研究方向为航空器地面运行支持技术、航空新能源适航与安全、材料腐蚀与防护技术。主持国家重点研发计划子课题1项，民航安全能力、天津市自然科学基金等省部级科研项目10余项，获天津市成果奖、民航局成果奖等4项。主编/参编国家标准、民航行业标准规范2部，发表SCI高水平学术论文50余篇。李厚补，中国石油集团工程材料研究院非金属与复合材料研究所所长长期从事油气与新能源储运用非金属复合材料及装备研究工作，先后主持或主研国家油气重大专项、国家重点研发计划、国家“863”课题、国家自然科学基金、中石油集团公司超前储备项目等科研项目40余项，荣获国家发明专利优秀奖、省部级科技进步奖等12项，发表论文40余篇，授权发明专利27项。东风汽车集团研发总院作为掌握氢燃料电池全技术链能力的少数车企之一，东风汽车在氢能领域已深耕20余年，实现了燃料电池的全价值链布局，破解了多项“卡脖子”技术。截至2025年底，东风氢能领域发明专利达1029项，位列国内主机厂首位，全球首发400kW燃料电池电堆，综合指标处于国际领先水平，为我国燃料电池汽车产业发展提供有力支撑。在产业布局上，东风已在湖北省内形成十堰、武汉双核联动的研发布局和产业化协同：十堰建设燃料电池系统、电堆总成生产基地，2026年将新建3000套年生产能力；武汉聚焦核心技术攻关与核心部件生产。目前，东风燃料电池系统、电堆年产能已达5000套，关键零部件产能充分满足产业规模化发展需求。史华伟，中科富海科技股份有限公司氢能业务总监报告题目：“液氢发展战略与产业应用-氢液化关键技术与核心装备进展”中科富海科技股份有限公司成立于2016年8月，是以中国科学院理化技术研究所两代院士团队数十年大型低温工程技术成果转化为核心的国家级专精特新“小巨人”企业，国内集低温系统设计、制造、运行于一体的能源装备、气体工程、绿色气体的综合服务供应商。依托中国科学院科研底蕴，成功攻克2K-20K超低温区制冷核心技术壁垒，构建液氦与超流氦温区、极低温与量子温区、空气分离温区等三层技术栈，是国内极少数能够提供从工业温区到量子温区全链条低温解决方案的平台型创新企业，为聚变能源、量子信息、人工智能算力、氢能源、航天试验、半导体、高端医疗等战略新兴产业提供全链条低温解决方案。梁仰㭎，浙江氢航科技有限公司联合创始人浙江氢航科技有限公司成立于2017年11月2日，是一家专注于轻量化高适应燃料电池开发以及应用研发的高新技术企业。公司由海外引进的国家启明计划人才刘海力和国内出自中科院大连化物所的衣宝廉院士团队的燃料电池专家共同创立。公司高级研发技术人员占比60%，汇聚大连化物所、北航、西工大等知名院校人才，拥有燃料电池及其应用方向近20年经验积累。公司坚持“先进氢能创造美好生活”的使命，在氢电航空、移动电源、小型车辆、水上应用等方向坚持创新应用并提供燃料电池及氢动力解决方案。石家庄安瑞科气体机械有限公司是中集集团旗下中集安瑞科控股有限公司的核心成员企业之一，公司核心业务为能源储运装备(低碳装备)、氢能储能装备(零碳装备)、特种气体储运装备及综合服务，拥有独立的研发中心，具有“河北省企业技术中心”""高压气瓶河北省工程研究中心”、“河北省氢能储运加装备技术创新中心”等多个研发平台，累计已授权专利超过170项，主导和参与了20多项国家、行业标准的制定。承担了多项国家863计划项目，多项产品填补了国内外空白，大容积钢质无缝气瓶系列产品为国内首创，高压储运装备水平国际领先。自主研发的“30MPa碳纤维缠绕氢气瓶及管束集装箱""入选国家能源领域首台(套)重大技术装备名单，高压气体储运装备市场占有率居国内之首。邵洪峰，尚宁智感（北京）科技有限公司，总经理尚宁智感（北京）科技有限公司为国家级高新技术企业，公司拥有在光纤光栅领域的全部产业链，全部国产化且自主可控。公司拥有国内领先的直写型（不去除光纤涂覆层）、高强度光纤光栅阵列感知核心技术（连续刻写光栅）、成熟完备的光纤感知系统解决方案及特种光纤、特种涂料系列等产品，致力于为行业用户提供优质服务。尚宁智感立足自研光纤光栅阵列智能感知技术，落地高压储氢罐内嵌式在线监测方案。依托自主光栅阵列核心专利技术，将分布式光纤传感元件随碳纤维缠绕内嵌于罐体复合材料层中，无源光纤本质防爆、抗电磁干扰，单点光纤可串联多路光栅测点，同步采集罐体全域应变、温度变化，贯穿气瓶出厂测试、车载服役、定期复检全生命周期，实现内部损伤提前预警、全流程数字化安全管控。苏嘉南，航天氢能科技有限公司副总经理报告题目：“氢气液化技术的发展与应用”航天氢能科技有限公司依托航天101所60余年液氢技术积淀，于2021年12月成立，是国家级高新技术企业与专精特新企业，航天科技集团“红军种子”企业。公司专注于氢液化装备、加氢站及低温液气体业务，是国内领先的氢液化装备与气/液态加氢站成套设备供应商，已掌握0.5-30吨/天全谱系氢液化装备技术，市场占有率超60%。公司率先实现国产2吨/天及5吨/天氢液化系统突破，填补国内大规模液氢制备空白，核心产品能耗达国际先进水平，并成功应用于多个国家级示范项目。公司秉承航天工匠精神，致力于为客户提供液氢“制、储、运、加”一体化解决方案及全生命周期服务。航天氢能副总经理苏嘉南：氢气液化技术的发展与应用 | 2026氢储运关键技术发展论坛张静静，上海镁源动力科技有限公司技术总监上海镁源动力科技有限公司成立于 2017 年 3 月，是上海交通大学与临港集团产学研合作的重要成果转化项目。公司专注于镁基固态储氢技术研发与装备制造，主要产品涵盖镁基循环储氢合金、氢化镁粉，以及 500g、5kg、50kg、100kg、500kg 等系列化镁基固态储氢装备。更多嘉宾持续确认中...扫码注册报名四、日程安排五、大会亮点1.邀请政府相关规划单位、氢储运领域院士、行业大咖共话氢储运，加速氢能产业关键环节打通。2.重点聚焦高压气态储氢、低温液氢储运氢、有机液态储氢、固态储氢、管道输氢等关键技术，一览氢储运环节最新进展及趋势。3.第十一届高分子产业年会同期，超200+新能源汽车、低空经济、具身智能、消费电子企业参与。4.多维度互动形式，设置氢储运产业创新展览、供需对接、科技成果展示等，与产业面对面，深入互动。5.头部企业、顶尖高校、园区资本、产业上下游齐聚！6.DT新材料、DT新能源等全网媒体宣传，触达百万行业群体。六、核心议题主题一 氢储运行业宏观论坛1.我国氢能储运装备技术进展及发展趋势（一场汇聚院士专家、政府智囊、产业链代表企业的高层对话，深度解码氢储运赛道的前沿趋势与破局路径）2.氢能多元应用场景落地进展与储运协同展望（重点邀请氢能项目方、能源央企、燃料电池系统商、整车及氢能两轮车、无人机等单位，围绕交通、储能、工业等核心应用场景，全景呈现氢能落地的真实进展与未来想象空间）主题二 高压气态储运氢专场1.高压气态储氢发展前景及装备发展现状2.Ⅳ型储氢瓶内胆材料选型与改性3.高压气态储氢瓶瓶口阀密封材料与结构设计4.复合材料高压储氢容器技术进展5.管道输氢与掺氢输送技术及材料6.大规模地质储氢关键技术与工程挑战……主题三 低温液氢储运专场1.低温液氢发展现状和趋势展望2.液氢关键技术及装备进展与产业链实践3.液氢超低温阀门等密封解决方案4.液氢加氢站及液氢加注关键部件技术5.液氢标准体系建设与展望……主题四 材料储运氢专场1.固态储氢材料及关键技术进展与应用示范（镁基、稀土系/钛系储氢合金、MOF等新型储氢材料、AI助力固态储氢技术开发）2.有机液态储氢关键技术进展与应用示范3.氨醇载体氢储运技术及工程示范……（欢迎企业和科研单位提供和定制议题方向。）七、特色活动1.前沿技术及青年论坛采用“10 分钟报告 + 5分钟交流”模式，针对氢能多元储运技术，邀请科研工作者共同参与。突破思维限制，重点讨论科学研究中存在的技术难题与科学问题，助力原始创新，推动产业未来发展。前沿技术及青年论坛，报告征集中！ | 第四届氢储运关键技术发展论坛2.同期参观——皖能综合能源港下塘梧桐大道站（加氢站）参观时间为9月18日下午，会务组将安排车辆接送，统一安排参观。由于参观人员数量有限（限50人），每家仅可安排一人。参会代表需与会务组确认参观预约信息，以防临近无法参观。3.学术海报/科技成果展示与对接展区将设置「科技创新成果展示对接区」，会务组免费且公开面向高校、科研院所、科技型企业征集优质氢储运科技成果和项目，于现场展示对接，以加速商业产业化！七、参会注册1.会议注册方式扫码注册报名2.会议注册费3.支付方式八、往届回顾截至目前，由“DT新能源”主办的氢储运关键技术发展论坛已成功举办3届（2023-2025）。论坛汇聚了以陈学东院士、潘复生院士、白勇院士、蒋利军老师、程寒松教授、邹建新教授、谢秀娟研究员、鲁仰辉先生、李厚补所长等为代表的近100位产学研权威专家发表演讲，累计吸引1000余位行业代表参会。同时，论坛影响力辐射产业界，吸引了包括中国能建、中国石化、中国石油、中国中车、国家能源集团、国家管网集团、中广核、中核集团、大唐集团、国家电投集团、京能集团、中国化学、中国华电、东方电气、上海电气、远景能源、金风科技、中集氢能、必维、林德气体、中科富海、佛吉亚氢能、未势能源、航天氢能等800余家国内外知名企业积极参与。本届论坛旨在打造氢储运领域高水平的产学研用交流平台，深度探讨氢储运关键技术的最新进展、工程化挑战与商业化路径，助力氢能产业关键环节加速打通。九、会议联系方式参会/赞助/申请报告联系：沈经理电话：***********（微信同号）邮箱：estella@polydt.com论坛时间：9月17-18日\x0d\x0a论坛地点：安徽·合肥",,,,pending
电子封装材料龙头，9.15亿收购光刻机“母机”设备公司,DT新材料,DT新材料,"RIOnews API, 新材料, 复合材料, 产品发布, 发布, 上市, 信息披露, 披露, 投资者, 合作进展, 投资, 收购, 学术研究, 科学院, 研究所",normal,2026-08-13T00:11:34+08:00,,【DT新材料】获悉，8月10日晚，洁美科技披露发行股份购买资产并募集配套资金报告书草案，拟以发行股份方式收购长沙埃福思科技有限公司（下称埃福思科技）100%股权，交易作价9.15亿元，全部以股份支付，不涉及现金对价。同时拟向不超过35名特定投资者募集配套资金不超过2.28亿元，用于补充流动资金及支付中介费用。埃福思科技成立于2018年8月，是国家级高新技术企业、湖南省专精特新中小企业，核心产品离子束抛光机和磁流变抛光机是光刻机核心光学元件加工制造的关键设备，可实现埃米级/纳米级超高精度加工，广泛应用于半导体、高端光学、航空航天等下游产业链。其中，离子束抛光机国内市场占有率“高到70%左右” 。,http://mp.weixin.qq.com/s?__biz=MzI4MzI5MTY3Ng==&mid=2247639593&idx=7&sn=107b72e3287089a4a9767c3cbb80b8de,,【DT新材料】获悉，8月10日晚，洁美科技披露发行股份购买资产并募集配套资金报告书草案，拟以发行股份方式收购长沙埃福思科技有限公司（下称埃福思科技）100%股权，交易作价9.15亿元，全部以股份支付，不涉及现金对价。同时拟向不超过35名特定投资者募集配套资金不超过2.28亿元，用于补充流动资金及支付中介费用。埃福思科技成立于2018年8月，是国家级高新技术企业、湖南省专精特新中小企业，核心产品离子束抛光机和磁流变抛光机是光刻机核心光学元件加工制造的关键设备，可实现埃米级/纳米级超高精度加工，广泛应用于半导体、高端光学、航空航天等下游产业链。其中，离子束抛光机国内市场占有率“高到70%左右” 。,【DT新材料】获悉，8月10日晚，洁美科技披露发行股份购买资产并募集配套资金报告书草案，拟以发行股份方式收购长沙埃福思科技有限公司（下称埃福思科技）100%股权，交易作价9.15亿元，全部以股份支付，不涉及现金对价。同时拟向不超过35名特定投资者募集配套资金不超过2.28亿元，用于补充流动资金及支付中介费用。埃福思科技成立于2018年8月，是国家级高新技术企业、湖南省专精特新中小企业，核心产品离子束抛光机和磁流变抛光机是光刻机核心光学元件加工制造的关键设备，可实现埃米级/纳米级超高精度加工，广泛应用于半导体、高端光学、航空航天等下游产业链。其中，离子束抛光机国内市场占有率“高到70%左右” 。行业内的上市公司、科研院所基本上都用埃福思的产品。客户名单包括福晶科技、茂莱光学、波长光电、比亚迪等行业头部企业，以及中国科学院南京天文光学技术研究所、中国工程物理研究院等国家级科研机构。业绩方面，埃福思科技2024年实现营收7293万元，净利润2655万元；2025年营收1.38亿元，同比增长89.51%，净利润5837.54万元，同比增长119.85%。2026年一季度营收3556万元，净利润1514万元。报告期内综合毛利率分别达65.86%、65.27%和66.79%，远高于行业平均水平。洁美科技成立于2001年，总部位于浙江安吉，主营业务为电子封装材料及电子级薄膜材料的研发、生产和销售。公司主要产品为电子封装材料（纸质载带、塑料载带、电子胶带、芯片承载盘）、电子级薄膜材料（离型膜、流延膜等）、复合集流体即复合铝箔（PET铝箔）、复合铜箔（X基材－铜箔）、涂碳复合铝箔等。业绩方面，公司2025年实现营收21亿元，同比增长15.60%；归母净利润2.20亿元，同比增长8.73%。2026年一季度营收5.07亿元，同比增长22.52%；归母净利润4775.29万元，同比增长41.59%。本次交易设置了业绩承诺，业绩承诺方周林、丁杰、陶尚和陈永富承诺，标的公司2026年度、2027年度、2028年度的净利润数额应分别不低于6300.57万元、7302.19万元和8443.11万元，合计2.20亿元。洁美科技表示，通过本次交易，上市公司可快速拓展至超高精度光学元件确定性抛光设备赛道，完善从电子封装耗材到超高精度光学元件确定性抛光设备的产业链布局，实现业务范围的战略性拓展，进一步巩固现有行业优势地位。目前，本次交易尚需提交公司股东会审议，并经深圳证券交易所审核、中国证监会注册等程序，能否最终实施仍存在不确定性。/扫码加入行业交流群/化工新材料、复合材料、汽车、机器人、无人机、eVTOL、商业航天.....等产业同行❤️↓说明：本文部分素材来自于网络，转载请备注来源，本平台发布仅为了传达一种不同观点，不代表对该观点赞同或支持。如果有任何问题，请联系我们：*********** dtmaterial （微信）FINE2027 未来产业新材料博览会 7月丨上海,,,,pending
高性能热塑性塑料与复合材料如何赋能航天航空/低空经济——奥瑞隆新材料陈新平副总经理为您解读,DT新材料,DT新材料,"RIOnews API, 新材料, 电池材料, 复合材料, 碳纤维, 碳纳米管, 量子点, 合作进展, 融资, 合作, 学术研究, 大学, 科学院, 研究所, 技术进展, 新工艺, 改性技术, 量产推进, 产能, 扩产",normal,2026-08-13T00:11:34+08:00,,"当eVTOL（电动垂直起降飞行器）加速取证、无人机物流冲进商业化，一个共识愈发清晰：低空经济的""载重墙""与""续航墙""，很大程度由材料决定。能同时扛住航空航天级耐热、耐腐蚀、高比强度考验的热塑性塑料，正是产业链上游的""硬通货""。这就是特种高性能聚合物——以聚砜（PSU）、聚醚砜（PESU）、聚苯砜（PPSU）及聚醚醚酮（PEEK）、聚芳醚酮（PAEK）为代表。它们长期使用温度可达260℃，兼具金属级的强度与仅为金属几分之一的重量，是航天结构件、航空内饰、eVTOL机体与动力系统减重增效的关键一环——在这里，“以塑代钢”是刚需，不是口号。然而这一赛道长期被国外巨头垄断，PEEK等材料更因战略属性曾",http://mp.weixin.qq.com/s?__biz=MzI4MzI5MTY3Ng==&mid=2247639593&idx=4&sn=8fa8a7bd236864a706a053f2a81f63e5,,"当eVTOL（电动垂直起降飞行器）加速取证、无人机物流冲进商业化，一个共识愈发清晰：低空经济的""载重墙""与""续航墙""，很大程度由材料决定。能同时扛住航空航天级耐热、耐腐蚀、高比强度考验的热塑性塑料，正是产业链上游的""硬通货""。这就是特种高性能聚合物——以聚砜（PSU）、聚醚砜（PESU）、聚苯砜（PPSU）及聚醚醚酮（PEEK）、聚芳醚酮（PAEK）为代表。它们长期使用温度可达260℃，兼具金属级的强度与仅为金属几分之一的重量，是航天结构件、航空内饰、eVTOL机体与动力系统减重增效的关键一环——在这里，“以塑代钢”是刚需，不是口号。然而这一赛道长期被国外巨头垄断，PEEK等材料更因战略属性曾","当eVTOL（电动垂直起降飞行器）加速取证、无人机物流冲进商业化，一个共识愈发清晰：低空经济的""载重墙""与""续航墙""，很大程度由材料决定。能同时扛住航空航天级耐热、耐腐蚀、高比强度考验的热塑性塑料，正是产业链上游的""硬通货""。这就是特种高性能聚合物——以聚砜（PSU）、聚醚砜（PESU）、聚苯砜（PPSU）及聚醚醚酮（PEEK）、聚芳醚酮（PAEK）为代表。它们长期使用温度可达260℃，兼具金属级的强度与仅为金属几分之一的重量，是航天结构件、航空内饰、eVTOL机体与动力系统减重增效的关键一环——在这里，“以塑代钢”是刚需，不是口号。然而这一赛道长期被国外巨头垄断，PEEK等材料更因战略属性曾被列为对华禁运物资，国产企业深陷“有需求、无产能、被卡脖子”困局。打破僵局，需要能打通树脂合成—改性—应用全链条的国产力量。奥瑞隆新材料（山东）有限公司依托山东东方宏业的化工产业化功底，团队聚焦高端聚合新材料、特种高性能聚合物复合材料应用、PSU/PESU/PPSU及PEEK/PAEK等高端特种聚合新材料的生产与改性应用三大方向，在特种聚合物改性配方与工业化量产上积累了扎实的工程化能力。DT新材料 于2026年9月17-18日在安徽·合肥举办2026（第11届）高分子产业年会“低空飞行器与航空航天材料创新论坛”，特邀请到 奥瑞隆新材料（山东）有限公司副总经理、市场总监 陈新平针对《高性能热塑性塑料与复合材料——赋能航天航空与低空经济》 进行主题报告！共话高端材料如何从产线走向云端。欢迎产业链上下游客户咨询，合作！陈新平奥瑞隆新材料（山东）有限公司副总经理、市场总监陈新平，男，毕业于合肥工业大学，现任山东东方宏业化工有限公司及山东奥瑞隆特种高性能聚合物有限公司副总经理，兼市场总监。曾在珠三角地区工作25年，担任大型改性塑料企业负责人。在聚合新材料市场应用及改性后加工方面拥有丰富经验。2014年加入山东东方宏业化工有限公司，目前其团队在产品应用上聚焦三大研发方向：①高端聚合新材料；②特种高性能聚合物复合材料应用；③特种高性能聚合物材料（如PSU、PESU、PPSU）及PEEK、PAEK等高端特种高性能聚合新材料的生产和改性应用。在高性能特种聚合物材料改性和产品应用等领域具备深厚的开发及工业化应用经验。2026年，全球高分子产业格局正在发生深刻变革。地缘政治冲突正引起全球能源危机，打破原料供应链长久平衡，化工产品紧缺、价格居高不下与终端降本需求或将长期“共存”；全球化工新材料巨头加速产业清退和扩产“同步”；众多化工新材料巨头加速入局中国市场和本土企业加速去库存的“反差”；国内中低端产能过剩与高端材料需求的长期结构性“错配”；生物基和再生材料兴起与成本高企的“矛盾”......在此背景下，2026高分子产业年会暨 “DT新塑奖” 评选，继续以“中国新兴产业崛起引领高分子下个十年”为主题，定于2026年9月17-18日在安徽·合肥再次隆重举行！大会立足行业趋势洞悉、关键材料突破、新兴应用创新、产学研资合作四大主线，聚焦政策、技术、市场、供应链、投融资全维度，立足全球视野，将带来最新的宏观预判，最新的科技成果，最新的创新解决方案，最新的新兴应用需求和趋势，邀您共襄这一产业协作、技术创新的顶级盛会！扫码即刻报名01组织机构Conference Committee大会时间：2026年9月17-18日大会地点：安徽合肥主办单位：DT新材料大会主席：蹇锡高，中国工程院院士，亚太材料科学院院士执行主席：朱 锦，中国科学院宁波材料技术与工程研究所研究员浙江省全省生物基高分子材料重点实验室主任支持单位：中国新材料产业创新战略平台工信部赛迪研究院材料工业研究所浙江省全省生物基高分子材料重点实验室北京化工大学新材料校友会中国科学院大学新材料校友联合会国科材智（上海）科技服务有限责任公司合作媒体：DT新材料、生物基能源与材料、高分子循环再利用、DT新能源、DT半导体材料、DT新型储能与电池、热管理材料、Carbontech、化育新材、国科大新材料校友联合会、DT洞见可持续、生物基科技、洞见热管理、DT未来产业、夯邦、材鲸、材视大众媒体：抖音、知乎、小红书、百家号、搜狐号、活动家……02大会亮点Conference Highlights国内高分子产业规模领先、覆盖全产业链的知名品牌盛会百项技术直通100+ 甄选新材料、新工艺、新设备，现场精准对接，加速成果落地；千名领袖云集600+ 全球企业高管与顶尖科学家，50+ 跨国名企及政府园区深度参与，链接高端人脉与政策资源；终端需求直击100+ 终端品牌用户（涵盖AI、新能源汽车、低空经济、具身机器人、消费电子等热门赛道）零距离需求洽谈；百万级传播曝光30+ 专业及大众媒体全程跟踪报道，全网曝光量突破100万，品牌声量强势放大；权威奖项背书“DT新塑奖”由DT新材料和行业专家遴选，赋能获奖企业品牌价值，助力行业标杆脱颖而出。03日程安排Conference Schedule04“DT新塑奖”产业创新评选Innovative Plastic Awards 2026“新塑奖”评选自创立以来，始终致力于发掘和表彰行业创新典范，迄今已成功吸引包括巴斯夫、科思创、金发科技等在内的全球500余家产业链领军企业参与，构建了覆盖原材料、改性加工、装备制造的全产业链创新生态体系。点击更多阅读：持续一周，DT新塑奖线上投票开启！为40+优质高分子创新产品打call活动流程线上报名：即日起-7月31日，报名+提名，填写报名资料和审核线上投票：2026年8月10日-8月17日，线上投票专家评审：2026年8月26日-28日，线上专家评审，企业介绍产品，评委提问并评分评选。颁奖盛典：2026年9月17日-18日，2026高分子产业年会现场颁奖。05参会注册Registration【立刻报名-享优惠】企业代表：3500元/位 高校教师：2800元/位 【现场报名】企业代表：3800元/位高校教师：3200元/位* DT会员免参会费，且优先安排对接会、出席座位等扫码参会↓↓↓参会联系：侯经理***********（同微信）联系我们，获取会议最新资讯徐经理***********（同微信）联系我们，获取会议最新资讯06大会议题Conference Agenda全体大会：产业宏观与供应链（9 月 17 日上午）Ø全球及我国高分子材料产业格局、供需周期及价格走势解读 （聚烯烃、工程塑料、弹性体、复合材料、发泡材料、胶粘剂等大类材料的产能变化、进口替代、出海机会及终端需求变化）Ø全球经济形势下高分子企业出海、供应链安全及合规体系建设 （关键单体、树脂、助剂、填料、装备、模具及应用验证体系的全球供应链布局；CBAM、碳足迹、再生料追溯、食品接触及电气安全认证）Ø“十五五”新材料战略下高性能高分子材料重点发展方向 （PEEK、PI、PPS、LCP、PA12、氟塑料、COC/COP、热塑性复合材料、生物基材料、可回收材料等高端材料）Ø原料紧缺与终端降本“共存”时代的成本工程（MDI、己二胺、生物基单体成本结构；高值化改性降本，降碳）材料专场（9 月 17 日下午—9 月 18 日）（1）中国国际工程塑料产业创新大会（第11 届）包括但不限于：Ø高端特种工程塑料关键技术及国产化进展 （PEEK、PEKK、PI、PEI、PPS、PESU、PPSU、LCP、PAR、氟塑料等树脂合成、聚合工艺、纯化控制及产能建设）Ø前沿高值化、功能化工程塑料材料研究进展（耐电痕、耐高压、耐高温、电磁屏蔽、低介电、耐黄变、耐挠曲、抗静电、阻燃、高流动、形状记忆、导热、精细粉末等工程材料改性加工；生物基、CO2基、化学回收再生工程塑料研究进展）Ø工程塑料前沿加工成形技术及装备进展 （激光焊接、微发泡、薄壁注塑、增材制造、微纳成型、毫克级注塑、连续纤维复合成型、AI辅助成型）ØAI与仿真驱动工程塑料配方开发及量产验证 （阻燃配方预测、玻纤取向模拟、翘曲控制、蠕变寿命预测、热管理仿真、可靠性数据库和高通量验证）Ø国产改性塑料冠军企业的差异化突围（2）塑料加工与助剂专题包括但不限于：无卤阻燃、导热及电磁屏蔽助剂体系（磷系、氮系、膨胀型、陶瓷化阻燃剂，氮化硼、氧化铝、石墨、石墨烯、碳纳米管等）高效成核剂、相容剂、防老化剂（光稳定剂、抗氧剂、抗UV稳定剂、抗水解剂）绿色加工助剂及低迁移、低VOC解决方案 （无PFAS加工助剂、润滑剂、脱模剂、流变改性剂、除味剂、低雾化助剂）填料与高性能共混改性技术（玻纤、碳纤、芳纶纤维、玻璃微珠、滑石粉、云母、硅灰石、相容剂、增韧剂、扩链剂及反应挤出技术）塑料加工智能制造及在线质量控制（双螺杆挤出、注塑、薄膜、发泡、造粒中的黏度、含水率、纤维长度、色差、黑点、挥发物在线检测）......（3）功能高分子材料专题 包括但不限于：高频低介电介质材料（PTFE、LCP、PPE 低聚物、COC/COP、低 Dk/Df 环氧、氰酸酯）导热/导电功能高分子（导热PA/PPS/PC、CNT/石墨烯/氮化硼复合、液态金属热界面）光学功能高分子（透明PI、COP/COC、OCA、UV 胶）......（4）发泡材料与弹性体材料专题包括但不限于：弹性体材料（POE、TPV、TPU、TPE、SEBS、可发泡 TPV、无卤阻燃 TPE）超临界发泡与微发泡轻量化材料（EPA、EPP、SCF-TPU 超临界发泡、聚酰胺发泡粒子、植物纤维发泡）发泡与弹性体成型新工艺（RIM/PU-RIM 反应成型、ColorForm 模内上漆、LSR 液态硅胶注塑包覆）高值化应用（TPV 汽车密封条、TPU 线缆护套、EVA/TPU 鞋材中底、生物基 TPU/EVA、可再生 POE）......（5）可持续高分子材料专题 包括但不限于：低碳及可降解材料（PLA、PHA、PBS、PBAT、PPC、PCL、PEF、生物基PET等）生物基工程塑料（PA11、PA56、PA610、PA1010、生物基PBT、生物基PC等）再生塑料（PCR-ABS、PCR-PC、PCR-PP、PCR-PE、rPET、rPA）化学、物理高值化回收（PET、PA、PU、PC、PMMA、环氧、聚氨酯、碳纤/玻纤复合材料的解聚、纯化、再聚合和再制造）......（6）热塑性复合材料专题 包括但不限于：长纤维/连续纤维增强热塑性复合材料（碳纤增强PEEK、PEKK、PPS、PEI、PAEK热塑性预浸带、LGF-PP、LGF-PA、LGF-PBT、LCF-PA、LCF-PPS等）热塑性复合材料自动化成型及高效连接技术 （自动铺放、热压成型、原位固结、激光焊接、感应焊接、超声焊接、包覆注塑等工艺）功能化热塑性复合材料及低成本混杂增强 （碳纤/玻纤混杂、芳纶纤维、玄武岩纤维、天然纤维，导热、阻燃、电磁屏蔽、低介电复合材料）......（7）AI 驱动材料创新专题包括但不限于：聚合物性能预测与分子/配方设计（表征大模型、分子生成、配方推荐、垂直材料大模型；企业私有数据资产与知识图谱）数据驱动的配方—工艺—性能映射与智能制造（配方预测、工艺寻优、缺陷诊断、数字孪生）AI 辅助失效分析与服役寿命预测（蠕变/疲劳/老化数据驱动建模、加速寿命评估与可靠性数据库）国产材料企业数字化研发与智能装备协同......应用专场（9 月 17 日下午—9 月 18 日）（1）AI数据中心/服务器产业创新论坛 包括但不限于：ØAI服务器热管理及导热界面材料 （导热PA、PPS、PC、PBT、导热硅胶垫、导热凝胶、相变材料、导热灌封胶在GPU、ASIC、电源和风扇中的应用）Ø液冷系统用密封、管路及绝缘材料 （EPDM、FKM、硅橡胶、TPU、PA12、PPS、PTFE在冷板密封、快接头、冷却液管路和浸没式液冷绝缘中的应用）Ø低析出、低离子污染及长期可靠性材料 （PI、PPS、PEEK、PBT、PA、硅胶、环氧灌封胶在热循环、高温高湿、冷却液接触和高压环境下的验证）Ø电源模块与母线排绝缘材料（PPS/LCP/PPA /PVDF等）Ø服务器机架与导轨结构件轻量化（玻纤/碳纤增强 PC/PA、长玻纤 PP等）（2）通信与高速互联技术产业创新论坛（第 5 届）包括但不限于：Ø高频高速覆铜板及毫米波通信低介电材料 （PTFE、PPO/PPE、LCP、碳氢树脂、氰酸酯树脂、低Dk/Df环氧、低介电玻纤、空心玻璃微珠）Ø光模块封装与光互连（光收发器导热凝胶、扩束光纤EBO 互连等）Ø天线、连接器、射频模组及柔性高频基材 （LCP、PPS、PPA、PBT、PTFE、COC/COP、PI、MPI、低损耗胶膜在终端、基站、AR眼镜和FPC中的应用）Ø电磁屏蔽、吸波及导电复合材料 （导电塑料、石墨烯薄膜、碳纳米管复合膜、银包铜粉、磁性吸波填料、导电泡棉）Ø通信设备热管理及导热绝缘材料 （导热PA、PPS、PC、硅胶、环氧、BN/氧化铝复合材料在基站功放、光模块、边缘计算设备中的应用）Ø面向6G太赫兹通信的超低损耗材料（PTFE、LCP、COC/COP、氟化聚合物、低吸水PI，以及铜箔界面、吸湿控制和热循环可靠性）（3）具身机器人与灵巧手产业创新论坛（第 3 届）包括但不限于：Ø机器人关节、减速器及传动部件用耐磨自润滑材料 （PEEK、POM、PA、PPS、PTFE改性材料、碳纤/芳纶/玻纤增强材料在齿轮、轴承、滑块和减速器部件中的应用）Ø机器人躯干、四肢及末端执行器轻量化材料 （碳纤增强PA/PEEK/PPS、长玻纤PP/PA、镁塑复合材料、连续纤维热塑性复合材料）Ø机器人线缆、柔性护套及减震缓冲材料 （TPU、TPEE、硅橡胶、氟橡胶、PA12、发泡TPU、PU、微发泡弹性体在高频弯折、密封和足底缓冲中的应用）Ø机器人电机、驱动器及边缘计算热管理材料 （导热PPS、导热PA、导热硅胶、导热灌封胶、环氧封装料在伺服电机、驱动板、电池模块和控制器中的应用）Ø灵巧手腱绳与传动绳索（UHMWPE/芳纶/PEEK 纤维、TPU 包覆低蠕变腱驱动；腱驱动传动）Ø灵巧手指腹与电子皮肤柔性传感（低模量硅胶/导电水凝胶/离子凝胶/MXene-碳纳米管复合弹性体）Ø外壳与亲肤包胶（玻纤增强PC/PA、TPU 包胶、类肤 TPE等）（4）低空飞行器与航空航天材料创新论坛（第 5 届）包括但不限于：Ø多机型材料体系与适航要求差异（多旋翼·复合翼·倾转旋翼 eVTOL 对旋翼、电池与重量裕度的差异化需求，及各自的材料认证与适航路径）ØeVTOL 机翼框梁/旋翼/桨叶主结构材料解决方案（CF/PEEK/PAEK/PEKK 连续纤维预浸料等）Ø座舱风挡、舱盖与透明/轻量结构材料解决方案（透明聚酰胺/PC等轻量抗冲击方案）Ø航空内饰与结构阻燃粘接材料解决方案（内饰与表面处理/阻燃结构胶）Ø航空密封、声学隔热与热防护材料解决方案（硅橡胶/氟橡胶/气凝胶复合/阻燃 TPE 与发泡材料等）Ø航空电池包外壳/上盖轻量化材料解决方案（CF/PEEK 预浸料结构件等）Ø商业航天与火箭发动机热控/低介电材料解决方案（RTM 树脂、胶粘剂、热塑性复材等）Ø碳纤维原丝与预浸料创新进展（5）新能源汽车材料创新论坛（第 6 届）包括但不限于：Ø新能源汽车低碳化发展趋势及挑战Ø轻量化外饰材料解决方案（保险杠、散热格栅、轮罩、后视镜外壳、车身侧裙、扰流板等装饰件）（PP、PC、PC/ABS、PC/PBT）Ø800V /1000V高压平台系统材料解决方案（充电枪外壳、充电桩外壳、高压连接器、插头插座、散热风扇、断路器、线缆组件等）（PBT、PA66、PPS、LCP、PPA、PPO在高压连接器、母排支架、电机绝缘骨架、电控壳体和充电枪中的应用）Ø动力电池材料解决方案（电池PACK包箱体、电池模组、高低压系统、电池上盖板及BMS壳体材料上盖、底板）（耐烧蚀PPE、CFRTP、GF/PPS、LFT-PP、PA6、PET、GFRP、CFRTP......）Ø电机驱动系统材料解决方案（IGBT模块外壳、电机端子连接器、定子和转子、电子水泵等）（GF/PPA、GF/PBT、GF/PA66、GF/PBT、PPS......）Ø智能座舱材料解决方案（车载显示屏、中控导航、调光玻璃与投影等）（PC、PC/ABS、PBT、POE、PA、LCP、PC/PMMA 透光触控、电致变色、投影显示光学膜.....）Ø低碳、降噪、低挥发、低VOC内饰件（POM 、高阻尼降噪 PA、PCR回收材料等）Ø车身外覆盖件免喷涂（PUR 模内喷涂、预着色、在线喷涂等）（6）AR / VR 产业材料创新论坛 包括但不限于：Ø近眼显示光学材料与折叠光路（光学级PC / PMMA、高折射率树脂、COC/COP、偏振膜）Ø光波导器件材料（光学玻璃晶圆、低损耗氧化物波导、纳米压印树脂、高透射镀膜）Ø硅基 OLED / Micro-LED 显示与封装材料（硅基OLED 基板、Micro-LED 巨量转移、量子点色转换、薄膜封装）Ø轻量化镜架与头显结构件（生物基尼龙/ 透明尼龙、镁 / 钛合金、长玻纤增强 PC / PA、超轻量复合材料）Ø面罩遮光与亲肤佩戴材料（PU 遮光泡棉、亲肤硅胶、记忆海绵、低反射抗污涂层）Ø轻薄电池封装与壳体材料解决方案(硅碳负极粘结剂、薄壁阻燃 PC / PP、电池隔膜涂层聚合物等）Ø可穿戴亲肤与腕带材料解决方案（硅胶/TPU/TPE/尼龙弹性体等）往届会议嘉宾（部分）往届赞助与参与企业（部分）2026高分子产业年会 | 9月17-18日，合肥",,,,pending
山东省发布，加快发展这43种新材料！,DT新材料,DT新材料,"RIOnews API, 新材料, 复合材料, 碳纤维, 聚酰亚胺, 碳纳米管, 学术研究, 大学, 科学院",normal,2026-08-13T00:11:34+08:00,,【FINE2027】获悉，近日，山东省发布2026年首批次新材料名单，涉及43种新材料，以加快推动山东省新材料产业高质量发展，进一步完善首批次支持政策体系，促进新产品推广应用。首批次新材料是指在行业内实现原始创新或显著技术突破，拥有自主知识产权，进入市场初期尚未形成规模化应用的新材料产品。开展首批次新材料认定，可以破解新材料产业“无材可用、有材不好用、好材不敢用”的发展瓶颈，加速创新产品从生产线走向市场应用。以下分类整理了此次入选的具体名单及材料用途，主要集中在电子信息、能源、装备制造和可持续领域。未来电子信息与半导体材料（1）8英寸纳米铌酸锂单晶薄膜：被誉为光电子时代的 “光学硅”，是制造新,http://mp.weixin.qq.com/s?__biz=MzI4MzI5MTY3Ng==&mid=2247639593&idx=5&sn=531d948993691dd2cae31d88c5460d2f,,【FINE2027】获悉，近日，山东省发布2026年首批次新材料名单，涉及43种新材料，以加快推动山东省新材料产业高质量发展，进一步完善首批次支持政策体系，促进新产品推广应用。首批次新材料是指在行业内实现原始创新或显著技术突破，拥有自主知识产权，进入市场初期尚未形成规模化应用的新材料产品。开展首批次新材料认定，可以破解新材料产业“无材可用、有材不好用、好材不敢用”的发展瓶颈，加速创新产品从生产线走向市场应用。以下分类整理了此次入选的具体名单及材料用途，主要集中在电子信息、能源、装备制造和可持续领域。未来电子信息与半导体材料（1）8英寸纳米铌酸锂单晶薄膜：被誉为光电子时代的 “光学硅”，是制造新,"【FINE2027】获悉，近日，山东省发布2026年首批次新材料名单，涉及43种新材料，以加快推动山东省新材料产业高质量发展，进一步完善首批次支持政策体系，促进新产品推广应用。首批次新材料是指在行业内实现原始创新或显著技术突破，拥有自主知识产权，进入市场初期尚未形成规模化应用的新材料产品。开展首批次新材料认定，可以破解新材料产业“无材可用、有材不好用、好材不敢用”的发展瓶颈，加速创新产品从生产线走向市场应用。以下分类整理了此次入选的具体名单及材料用途，主要集中在电子信息、能源、装备制造和可持续领域。未来电子信息与半导体材料（1）8英寸纳米铌酸锂单晶薄膜：被誉为光电子时代的 “光学硅”，是制造新一代高性能光子芯片与器件的关键基础材料济南晶正电子科技有限公司 （2）锑化镓晶圆衬底（2-4英寸）用于制造中红外光电器件，如红外探测器、激光器青岛浩瀚全材半导体有限公司（3）防光晕阴极光窗（防光晕光电玻璃）用于光电倍增管等器件，抑制光晕，提高信噪比中建材光子科技有限公司（4）ArF光刻胶树脂单体用于193nm深紫外光刻胶的合成，是先进芯片制造的关键原料中节能万润股份有限公司（5）低灰分超高纯等静压石墨材料及制品用于半导体单晶炉、光伏热场等高纯高温环境山东恒圣新材料有限公司（6）纯氧化铝（4N）用于陶瓷基板、研磨抛光、半导体衬底等高纯度工业领域中铝山东有限公司（7）防光晕阴极光窗（防光晕光电玻璃）用于光电倍增管等器件，抑制光晕，提高信噪比。中建材光子科技有限公司（8）ArF光刻胶树脂单体用于193nm深紫外光刻胶的合成，是先进芯片制造的关键原料中节能万润股份有限公司（9）3,4-环氧环己基甲酸-3',4'-环氧环己基甲酯用作脂环族环氧树脂，用于电子封装、绝缘涂料等。烟台东化新材料有限公司（10）高硼硅玻璃材料（PGB3.3）用于耐热玻璃器皿、实验室仪器和光学元件。山东龙光天旭太阳能有限公司（11）氧化铽用于荧光粉、磁光材料、陶瓷电容器等功能材料。中稀天马新材料科技股份有限公司（12）金刚石用粉末触媒-石墨芯柱材料用于高温高压法合成人造金刚石的原料。聊城冠县尚敖超硬材料有限公司、中国矿业大学（北京）未来空间装备与智能终端新材料（1）连续纤维增强热塑性复合材料（CFRTP）用于航空、汽车等领域的轻量化结构件，兼具高韧性与可回收性。青岛中集创赢复合材料科技有限公司（2）喷涂聚脲弹性抗爆材料（QTECH-420）用于建筑、军事设施等表面的抗爆、防冲击防护涂层。青岛沙木新材料有限公司（3）硅载碳加热膜用于汽车后视镜、电子设备等领域的电热防雾、保暖元件。青岛海骊墨熵科技有限公司、复旦大学（4）超高转速新能源汽车电机轴用钢（20CrMnTiH、50Mn2-M）用于制造高速驱动电机轴，满足高强度和抗疲劳要求。青岛特殊钢铁有限公司（5）高性能热塑性聚氨酯弹性体（6）通用型热塑性聚氨酯弹性体（T390、T395、3295-7、3295-6、 M2285、 X80.）用于密封件、管材、鞋材等，兼具高耐磨性和高弹性兴邦新材料（山东）有限公司（7）高性能彩色色浆（红色、绿色、蓝色、黑色纳米色浆）用于涂料、油墨、塑料的纳米级精密着色。山东凯瑞尔光电科技有限公司（8）1561铝合金整体壁板用于航空航天器的大尺寸轻量化结构壁板。中铝（山东）轻合金股份有限公司（9）T1100级高性能碳纤维用于航空航天、高端体育器材等对强度要求极高的领域。山东永成新材料有限公司&长春工业大学（10）高性能钕铁硼永磁体用于电机、传感器、磁力传动等需要强磁场的部件。有研稀土（荣成）有限公司（11）海洋平台用高强超低氢药芯焊丝（JLF-81K2、JL-F81K2M、JL-F81Ni1C、JL-F81Ni1M）用于海洋工程钢结构焊接，具备超高强度和低氢脆性。山东聚力焊接材料有限公司、齐鲁工业大学（高校和科研院所）、德州学院未来能源新材料（1）220kV电力电缆用XLPE绝缘料（QL8202）用于高压交联聚乙烯电力电缆的绝缘层。淄博齐鲁高电压绝缘材料有限公司（2）单壁碳纳米管（GT1001系列）用于导电添加剂、复合材料增强、传感器电极等。山东大展纳米材料有限公司（3）硼-10酸（核级硼-10酸）用于核反应堆中子吸收剂和辐射屏蔽材料。山东成武易信环保科技有限公司（4）SA508-3钢大锻件（HTR600）用于核反应堆压力容器等大型设备的关键锻件。烟台台海玛努尔核电设备有限公司（5）低灰分超高纯等静压石墨材料及制品用于半导体单晶炉、光伏热场等高纯高温环境。山东恒圣新材料有限公司（6）玻璃纤维增强复合材料光伏支架檩条（上檩条/下檩条/斜梁/后支撑杆/前后立柱/前支撑杆）用于光伏电站支架系统的轻量化、耐腐蚀结构件。庆云茂盛源复合材料有限公司低碳可持续材料（1）堇青石蜂窝陶瓷载体（壁流式蜂窝陶瓷载体（GPF/DPF））用于汽油车（GPF）和柴油车（DPF）的尾气颗粒物过滤。山东国瓷功能材料股份有限公司（2）聚酰亚胺中空纤维气体分离膜（HHMCO2-1211350）用于混合气体中CO₂的分离回收。山东汇海膜材料科技有限公司、太原理工大学（3）生物基聚氨酯复合材料用于环保型聚氨酯制品，减少化石原料依赖。山东众兴泽辉新材料有限公司、四川大学（高校和科研院所）、齐鲁工业大学（4）生物基PA12用于汽车油管、气动软管等。山东祥龙新材料股份有限公司（5）环氧锌基聚酯复合涂层钢护栏防腐材料用于钢结构护栏的防腐涂装保护。潍坊东方钢管有限公司未来健康新材料（1）口腔可吸收创口材料（JX-H-A/Φ8×15mm）用于口腔术后创口修复，可在体内降解吸收。山东隽秀生物科技股份有限公司（2）食药级高纯二氧化硅用作食品、药品中的抗结剂、助流剂或载体。山东邦凯新材料有限公司 （3）聚己内酯PCL生物降解材料（化学中间体-聚己内酯PCL生物降解材料）作为化学中间体，用于医用缝合线、可降解塑料等。威海谷雨春生物科技有限公司（4）1,3-丙二醇（PDO）作为单体合成高性能聚酯PTT（聚对苯二甲酸丙二醇酯），同时广泛用于聚氨酯、化妆品保湿剂、医药中间体及抗冻剂、溶剂等领域。山东天润和生物工程有限公司、广东恒碳科技有限公司其他工业领域（1）工业高耐久性反渗透膜元件用于工业水处理脱盐，具有高耐久性和长寿命。山东中科精膜环保新材料有限公司（2）工业高耐久性反渗透膜（FR）侧重耐污染性能，用于废水回用等苛刻工况。山东中科精膜环保新材料有限公司（3）耐热冲击温度≥220℃高硼硅玻璃材料制品用于需承受剧烈温变的玻璃部件。山东乐和家新材料科技有限公司（4）高硼硅玻璃材料用于耐热、耐化学腐蚀的玻璃制品（如耐热玻璃器皿、实验室仪器）。山东盛嘉新材料有限公司（5）新型耐碱玻璃纤维增强筋用于混凝土结构加强，具有耐碱腐蚀特性。山东斯福特实业有限公司（6）石墨烯绝热不燃板一种集高效保温与A级不燃于一体的新型建材，主要用于建筑的外墙保温工程，也广泛适用于住宅、公建、冷库、冷链等领域。中建八局（山东）新型材料科技有限公司（7）超宽幅聚丙烯长丝土工布（30—1500g/㎡）用于路基排水、边坡防护等土木工程加固。山东晶创新材料科技有限公司、东华大学（高校和科研院所）、齐鲁工业大学（山东省科学院）（8）聚丙烯长丝纺粘针刺土工布（1200g/㎡ 聚丙烯长丝纺粘针刺土工布）用于高强度加筋及隔离层。天鼎丰聚丙烯材料技术有限公司说明：本文部分素材来自于人民日报、新华社，转载请备注来源，本平台发布仅为了传达一种不同观点，不代表对该观点赞同或支持。如果有任何问题，请联系我们：*********** dtmaterial （微信）2027年7月1-3日 上海\x0d\x0a第2届未来产业新材料博览会",,,,pending
年产5万吨气凝胶项目终止,DT新材料,DT新材料,"RIOnews API, 新材料, 复合材料",normal,2026-08-13T00:11:34+08:00,,"【DT新材料】获悉，8月11日，江西晨光新材料股份有限公司（下称晨光新材）发布公告称，公司决定终止""年产21万吨硅基新材料及0.5万吨钴基新材料项目""，剩余募集资金21323.45万元将继续存放于募集资金专户管理。该项目拟建地址位于江西省九江市湖口县高新技术产业园龙山大道东侧，天赐项目南侧，原计划建设5万吨气凝胶，5万吨特种硅油，0.5万吨特种硅树脂，10万吨特种硅橡胶，0.5万吨二甲基二甲氧基硅烷，0.5万吨钴盐粘合剂等生产装置及其相应配套设施。公司综合考虑宏观经济、市场环境、工艺技术更新迭代等多方面因素，本着控制成本、保持最新工艺技术水平，同时提高募集资金使用效率的原则，适当调整投资节奏，",http://mp.weixin.qq.com/s?__biz=MzI4MzI5MTY3Ng==&mid=2247639593&idx=8&sn=c909a1aedc8df4801ba7de0349e6ca88,,"【DT新材料】获悉，8月11日，江西晨光新材料股份有限公司（下称晨光新材）发布公告称，公司决定终止""年产21万吨硅基新材料及0.5万吨钴基新材料项目""，剩余募集资金21323.45万元将继续存放于募集资金专户管理。该项目拟建地址位于江西省九江市湖口县高新技术产业园龙山大道东侧，天赐项目南侧，原计划建设5万吨气凝胶，5万吨特种硅油，0.5万吨特种硅树脂，10万吨特种硅橡胶，0.5万吨二甲基二甲氧基硅烷，0.5万吨钴盐粘合剂等生产装置及其相应配套设施。公司综合考虑宏观经济、市场环境、工艺技术更新迭代等多方面因素，本着控制成本、保持最新工艺技术水平，同时提高募集资金使用效率的原则，适当调整投资节奏，","【DT新材料】获悉，8月11日，江西晨光新材料股份有限公司（下称晨光新材）发布公告称，公司决定终止""年产21万吨硅基新材料及0.5万吨钴基新材料项目""，剩余募集资金21323.45万元将继续存放于募集资金专户管理。该项目拟建地址位于江西省九江市湖口县高新技术产业园龙山大道东侧，天赐项目南侧，原计划建设5万吨气凝胶，5万吨特种硅油，0.5万吨特种硅树脂，10万吨特种硅橡胶，0.5万吨二甲基二甲氧基硅烷，0.5万吨钴盐粘合剂等生产装置及其相应配套设施。公司综合考虑宏观经济、市场环境、工艺技术更新迭代等多方面因素，本着控制成本、保持最新工艺技术水平，同时提高募集资金使用效率的原则，适当调整投资节奏，主动放缓项目整体投资进度，将该项目的预定可使用状态时间延长至2026年12月。2026年4月9日，项目的第一期工程已取得试生产批复，主要包括0.4万吨钴盐粘合剂，0.5万吨二甲基二甲氧基硅烷及1.17万吨气凝胶、特种硅树脂、特种硅橡胶及特种硅油的中间体产品等生产装置及其相应配套设施的投资建设。该项目原计划总投资3.6亿元，截至2026年6月30日累计投资17803.36万元，投资进度49.45%，该项目剩余募集资金21323.45万元（含利息收入、理财收益），其中包含预计尚需支付的项目尾款约2,500万元。公司表示，该部分尾款将继续存放于原募集资金专户用于后续支付，不足部分将使用自有资金支付。公告显示，该项目终止主要由于有机硅行业供需关系发生显著变化。近年来国内有机硅产能快速扩张，目前国内产能已占全球总产能约70%以上，而下游传统领域需求增速持续放缓，导致市场供需失衡，产品价格大幅波动且处于历史相对低位水平。若继续大规模投入后续产品的建设，不仅难以实现预期经济效益，还将占用公司大量营运资金。综上，基于总体宏观经济环境、市场需求发生变化，加之有机硅行业繁荣度降低，且公司部分产品现有生产线产能负荷率仍有较大的提升空间，产能能够满足现有的市场需求。因此，公司经审慎考虑，拟终止“年产21万吨硅基新材料及0.5万吨钴基新材料项目”。晨光新材表示，公司本次拟终止募投项目有利于提高募集资金使用效率，符合公司长远利益，不会对公司正常经营产生重大不利影响，不存在损害公司及全体股东利益的情形。据悉，晨光新材在2021年开始切入气凝胶赛道。2021年11月公司宣布在九江湖口县丰收路厂区建设“年产2.3万吨特种有机硅材料”项目，其中包括2000t/a气凝胶，已投产。2022年公司筹划新建九江湖口县龙山大道厂区，建设年产21万吨硅基新材料及0.5万吨钴基新材料项目，其中包括50000t/a气凝胶（毡类200kg/m3），即为本次拟终止项目。2022年9月安徽晨光新材料有限公司年产30万吨功能性硅烷项目开始施工，项目产品包括5000t/a气凝胶，项目分三期进行建设，建设周期60个月，目前项目一期处于试生产阶段，二期正在建设中，三期暂未启动。2023年2月宁夏晨光新材料有限公司年产30万吨硅基及气凝胶新材料项目动工，项目包含气凝胶20000t/a（超临界CO2干燥技术），项目分两期建设，一期已处于正式生产阶段（一期产品不包含气凝胶），并持续推进后续相关工作。/扫码加入行业交流群/化工新材料、复合材料、汽车、机器人、无人机、eVTOL、商业航天.....等产业同行❤️↓说明：本文部分素材来自于网络，转载请备注来源，本平台发布仅为了传达一种不同观点，不代表对该观点赞同或支持。如果有任何问题，请联系我们：*********** dtmaterial （微信）FINE2027 未来产业新材料博览会 7月丨上海",,,,pending
万华化学，再扩产20万吨！,DT新材料,DT新材料,"RIOnews API, 新材料, 复合材料, 量产推进, 产能, 扩产, 竣工",normal,2026-08-13T00:11:34+08:00,,【DT新材料】获悉，8月10日，全球聚氨酯龙头万华化学公示了年产20万吨热塑性聚氨酯弹性体（简称TPU）扩建项目环境影响报告书征求意见稿，规划新增20万吨TPU及5万吨聚酯多元醇产能。根据报告书，该项目总投资28690万元，其中环保投资202.3万元，选址于山东省烟台化工产业园。项目建设内容包括：TPU生产装置：新增4条连续化TPU生产线、1条间歇化生产线，单线产能均4万吨/年，合计新增TPU产能20万吨/年。多元醇生产装置：新建1条多元醇反应釜产线，产能增加0.025万吨/年，并通过新增10个多元醇中间罐、3个成品包装罐缩短物料中转时间，优化产线排产和投料的措施，实现现有生产线增产4.98万,http://mp.weixin.qq.com/s?__biz=MzI4MzI5MTY3Ng==&mid=2247639593&idx=1&sn=ddc5deae367ae844f57ccb3c32bae700,,【DT新材料】获悉，8月10日，全球聚氨酯龙头万华化学公示了年产20万吨热塑性聚氨酯弹性体（简称TPU）扩建项目环境影响报告书征求意见稿，规划新增20万吨TPU及5万吨聚酯多元醇产能。根据报告书，该项目总投资28690万元，其中环保投资202.3万元，选址于山东省烟台化工产业园。项目建设内容包括：TPU生产装置：新增4条连续化TPU生产线、1条间歇化生产线，单线产能均4万吨/年，合计新增TPU产能20万吨/年。多元醇生产装置：新建1条多元醇反应釜产线，产能增加0.025万吨/年，并通过新增10个多元醇中间罐、3个成品包装罐缩短物料中转时间，优化产线排产和投料的措施，实现现有生产线增产4.98万,【DT新材料】获悉，8月10日，全球聚氨酯龙头万华化学公示了年产20万吨热塑性聚氨酯弹性体（简称TPU）扩建项目环境影响报告书征求意见稿，规划新增20万吨TPU及5万吨聚酯多元醇产能。根据报告书，该项目总投资28690万元，其中环保投资202.3万元，选址于山东省烟台化工产业园。项目建设内容包括：TPU生产装置：新增4条连续化TPU生产线、1条间歇化生产线，单线产能均4万吨/年，合计新增TPU产能20万吨/年。多元醇生产装置：新建1条多元醇反应釜产线，产能增加0.025万吨/年，并通过新增10个多元醇中间罐、3个成品包装罐缩短物料中转时间，优化产线排产和投料的措施，实现现有生产线增产4.98万吨/年，合计实现多元醇增产5万吨/年。万华化学烟台化工产业园现有多元醇生产线38条，装置规模为年产17.5万吨聚酯多元醇产品；TPU生产线37条，装置规模为年产21万吨TPU产品。项目建成后，该生产基地TPU总产能将从现有的21万吨/年跃升至41万吨/年，进一步巩固其在全球TPU市场的龙头地位。万华化学烟台产业园现有TPU 装置环评及验收情况TPU是由低聚物多元醇（如聚醚多元醇、聚酯多元醇）软段和二异氰酸酯（如MDI、TDI）-扩链剂硬段构成的线性嵌段共聚物，具有优异的力学性能，可采用多种加工方法成型，可重复加工利用，而且在自然界能够自动降解成水和二氧化碳，对环境不造成任何污染。现在TPU已广泛用于鞋材、薄膜、汽车部件、工业注塑件、密封圈、熔纺氨纶、物探线缆、电线电缆、导尿管、人造血管等工业和医疗卫生领域。当前，全球生产TPU厂家主要有万华化学、巴斯夫、科思创、路博润、亨斯迈、盛禧奥、华峰化学、美瑞新材、一诺威等。自2026年7月下旬以来，受中东地缘冲突推高原料成本、全球多套MDI/TDI装置集中检修等影响，全球聚氨酯原料市场迎来一轮密集涨价潮。万华化学宣布自7月29日起将东南亚地区MDI及TDI价格上调200美元/吨，8月3日再度上调中东、非洲、土耳其区域MDI价格200美元/吨。与此同时，亨斯迈、巴斯夫等国际巨头也接连发布调价函。随着原料价格上涨，美瑞新材宣布自8月1日起各牌号TPU产品价格上调1000元/吨。点击阅读：万华化学、巴斯夫，再涨价！多元醇方面，合成TPU常用的有聚醚多元醇和聚酯多元醇。聚醚多元醇分子链含醚键，结构稳定、柔顺性好，赋予材料优异的耐水解性、低温韧性和抗霉菌性，用于合成聚醚型TPU，适用于制造水下电缆护套、消防水带、医用导管、智能穿戴腕带。聚酯多元醇分子链含酯键，极性大、刚性强，赋予材料更高的拉伸强度、撕裂强度和耐磨耐油性，用于合成聚酯型TPU，适用于制造运动鞋底、工业传送带、密封圈、人造革涂层。此次是万华今年第二次宣布扩产多元醇。今年5月，万华化学公示了聚醚多元醇扩能（一期）项目环评征求意见稿，计划在烟台化工产业园新增26.2万吨/年聚醚产能。项目计划2026年6月开工，预计2026年10月竣工。同时，在蓬莱基地布局差异化聚醚项目，新建1.5万吨/年环氧大豆油聚醚产线。点击阅读：万华化学，再扩产27.7万吨！截至2025年末，万华拥有380万吨/年MDI、147万吨/年TDI产能，均居全球第一，且仍在扩张产能。万华化学今年双线扩产——5月补链聚醚、8月强链TPU及配套聚酯多元醇，正是是其全产业链一体化优势的集中体现，目的是通过MDI/TDI、多元醇—TPU的全产业链深化布局，实现从上游原料到下游制品的垂直整合，提升整体盈利水平，巩固其聚氨酯主业。/扫码加入行业交流群/化工新材料、复合材料、汽车、机器人、无人机、eVTOL、商业航天.....等产业同行❤️↓说明：本文部分素材来自于网络，转载请备注来源，本平台发布仅为了传达一种不同观点，不代表对该观点赞同或支持。如果有任何问题，请联系我们：*********** dtmaterial （微信）FINE2027 未来产业新材料博览会 7月丨上海,,,,pending
150+知名人形机器人/汽车/智能硬件等热门领域品牌终端、零部件、OEM/ODM厂商为何齐聚深圳？,新材料在线,新材料在线,"RIOnews API, 新材料, 复合材料, 碳纤维, 产品发布, 发布, 发布会, 新品, 全新, 上市, 技术进展, 技术突破, 工艺突破, 新工艺",normal,2026-08-13T00:01:00+08:00,,2026年10月27-28日，“具身智能与人形机器人&低空飞行器与eVTOL—CMF创新及新材料应用论坛” 重磅启幕，本次论坛以“跨界·融合·落地”为宗旨，首次将具身智能、低空飞行器两大热门赛道与新材料深度绑定，汇聚国内外知名高校研究机构、品牌终端、材料企业、设计机构、趋势机构代表，探索新材料应用如何驱动万亿级未来产业的落地与变革。大会同期，2026 ROBOTECH ASIA 亚洲具身机器人应用及产业链展将举办。歌尔泰克、汇川技术、他山科技、吉利汽车、联想集团、银星智能、PPG中国、3M、赢创、宣伟、旭化成、德莎胶带、老虎涂料TIGER、万华化学、光大同创、金发科技、沃特股份、新安股份等15,http://mp.weixin.qq.com/s?__biz=MzA5NDQ2NzQyMg==&mid=2663030767&idx=2&sn=178e2a9745df2a70283679ea094afcf8,,2026年10月27-28日，“具身智能与人形机器人&低空飞行器与eVTOL—CMF创新及新材料应用论坛” 重磅启幕，本次论坛以“跨界·融合·落地”为宗旨，首次将具身智能、低空飞行器两大热门赛道与新材料深度绑定，汇聚国内外知名高校研究机构、品牌终端、材料企业、设计机构、趋势机构代表，探索新材料应用如何驱动万亿级未来产业的落地与变革。大会同期，2026 ROBOTECH ASIA 亚洲具身机器人应用及产业链展将举办。歌尔泰克、汇川技术、他山科技、吉利汽车、联想集团、银星智能、PPG中国、3M、赢创、宣伟、旭化成、德莎胶带、老虎涂料TIGER、万华化学、光大同创、金发科技、沃特股份、新安股份等15,2026年10月27-28日，“具身智能与人形机器人&低空飞行器与eVTOL—CMF创新及新材料应用论坛” 重磅启幕，本次论坛以“跨界·融合·落地”为宗旨，首次将具身智能、低空飞行器两大热门赛道与新材料深度绑定，汇聚国内外知名高校研究机构、品牌终端、材料企业、设计机构、趋势机构代表，探索新材料应用如何驱动万亿级未来产业的落地与变革。大会同期，2026 ROBOTECH ASIA 亚洲具身机器人应用及产业链展将举办。歌尔泰克、汇川技术、他山科技、吉利汽车、联想集团、银星智能、PPG中国、3M、赢创、宣伟、旭化成、德莎胶带、老虎涂料TIGER、万华化学、光大同创、金发科技、沃特股份、新安股份等150+知名人形机器人/汽车/智能硬件/消费电子/家电及热门其他领域品牌终端、零部件、OEM/ODM厂商，材料企业代表已确认出席具身智能与人形机器人CMF创新及新材料应用论坛或同期第十六届世界CMF大会。PART.01大会亮点丨国内外知名材料企业齐聚，分享人形机器人关键材料最新技术/产品解决方案、应用趋势五大专题国内外知名企业云集01轻量化与结构材料主题演讲：PEEK材料的规模化应用之路（拟）简介：PEEK凭借轻量化、耐磨、耐高温、高机械性能优势，是人形机器人运动构件的关键材料之一。演讲将结合一线产业实践，解读PEEK产业化推进路径，探索新材料驱动人形机器人创新的可行方案。演讲单位：赢创主题演讲：镁合金赋能机器人产品轻量化简介：镁合金具备低密度、高比刚度优势，是实现人形机器人本体结构轻量化的核心材料，直接影响整机负载能力。随着装备迭代提速，轻量化材料体系升级迫在眉睫。演讲将围绕镁合金成型、表面处理与工程化落地，挖掘镁合金在高端移动装备中的规模化应用潜力。演讲单位：宝武镁业/国家镁合金材料工程技术研究中心（拟）主题演讲：3D打印赋能骨架制造，助力人形机器人轻量化简介：3D打印突破传统成型工艺局限，可实现复杂一体化结构成型，为人形机器人骨架、实现减重增效、优化设计提供关键路径。伴随装备性能持续升级，一体化轻量化结构需求快速攀升。演讲将结合产业实践，探讨增材制造如何解决人形机器人本体制造痛点，开拓高端装备新材料新工艺应用方向。演讲单位：中航迈特/华曙高科/西安赛隆（拟）主题演讲：轻量化新材料在具身智能的应用和未来发展纲要：行业发展与轻量化价值；轻量化材料在具身智能应用；总结与展望演讲嘉宾：伍洋泽 深圳光大同创新材料股份有限公司 总经理助理主题演讲：特种工程塑料如何赋能具身智能机器人全场景（拟）简介：特种工程塑料是实现机器人轻量化、精密化、高可靠运行的核心高分子材料。兼顾高强度、耐磨自润滑、耐热绝缘、耐腐蚀等多重特性，助力机器人适配多样化作业场景。演讲单位：金发科技股份有限公司 大客户经理02先进功能材料主题演讲：人形机器人热管理解决方案简介：高密度驱动模组持续工作带来严峻散热挑战，高效热管理体系是人形机器人稳定长效运行的基础，深刻制约整机性能、使用寿命与集成设计。演讲将结合场景实践，探讨散热材料选型与一体化热管理方案落地思路。演讲单位：汉高/飞荣达/中石科技/德镒盟（拟）主题演讲：3M人形机器人粘接解决方案纲要：1.3M工业胶带及胶粘剂部门简介；2.3M人形机器人行业整体解决方案；3.3M胶带及胶粘剂产品在人形机器人组装中的应用演讲嘉宾：张刚 3M中国有限公司 高级应用工程师主题演讲：面向人形机器人的有机硅功能材料介绍简介：有机硅拥有优异耐温、绝缘、缓冲与表面改性特性，可用于人形机器人柔性触觉、密封防护、减震构件。柔性化、高可靠零部件是装备迭代趋势，有机硅持续拓展机器人功能集成边界。演讲将结合产业实践，探讨有机硅创新材料在高端智能装备场景的落地路径。演讲单位：卢杭 浙江新安化工集团股份有限公司 硅橡胶研究所副所长主题演讲：抗冲击材料如何塑造“强韧体魄”（拟）简介：人形机器人行走、跳跃、意外碰撞场景，对机体抗冲击、耐疲劳能力提出严苛要求。演讲将围绕不同工况下材料选型、冲击失效机理，解析抗冲击材料在机器人躯干、关节、外壳部件的落地方案。演讲单位：旭化成03电子皮肤主题演讲：电子皮肤创新性应用与发展简介：电子皮肤是人形机器人实现触觉感知、人机安全交互的核心载体，赋予机器人压力、触觉识别能力，是具身智能落地的关键硬件基础。本次分享将围绕柔性感知材料技术，探寻高可靠电子皮肤规模化落地的发展方向。演讲单位：汉威科技/华威科/矩侨工业（拟）主题演讲：柔性基底材料创新，人形机器人电子皮肤底层载体简介：柔性基底作为电子皮肤的承载载体，直接决定器件延展性、曲面贴合能力、抗弯折疲劳性能，深刻影响触觉感知稳定性。演讲将围绕各类柔性基底材料特性、工艺难点，探寻适配具身智能装备的材料选型与落地方案。演讲单位：万华化学/硅宝科技/瑞华泰（拟）主题演讲：电子皮肤核心传感材料：技术迭代与商业化应用探索简介：各类新型传感材料持续迭代，不断突破传统柔性感知的性能瓶颈，但规模化量产、成本控制、耐疲劳稳定性仍是产业落地核心痛点。演讲将聚焦主流传感材料技术路线，解析材料迭代趋势与性能优化逻辑，分享电子皮肤商业化落地的工艺方案、应用场景。演讲单位：途见科技/福莱新材/赛感科技（拟）04CMF创新主题演讲：平行视界-全球色彩趋势纲要：从 “驱动因素” 到 “影响因素”，再到 “美学风格”，最后聚焦核心 ——“色彩系列”，并展望各行业的色彩、材料与工艺（CMF）方向及应用场景。我们的年度色彩 “探境黄” 与 “平行视界” 主题完美契合。在每一条趋势脉络中，它都扮演着全新角色：从柔和自然到神秘矿物质感，再到活泼富有张力的风格，皆能驾驭。它是一款真正的 “变色龙” 色彩，完美适配 当下多面多变的场景需求。演讲嘉宾：薛卫 PPG中国 应用创新中心/色彩设计总监主题演讲：粉末涂料为何成为人形机器人的必然选择简介：量化金属骨架是人形机器人本体核心，机体长期持续运动、意外碰撞工况，对表层防护体系提出严苛标准。粉末涂料兼具优异耐磨抗冲击、长效防腐特性，同时具备低碳环保、材料利用率高、量产一致性强等优势，适配镁、铝轻量化结构件。演讲将结合工况需求与工艺实践，剖析粉末涂料技术优势，解读其在人形机器人产业化浪潮中的应用价值与发展方向。演讲单位：阿克苏诺贝尔/宣伟（拟）主题演讲：粉末涂料在镁合金表面应用创新设计（拟）简介：轻量化是人形机器人核心发展方向，镁合金是关键基材，却长期受易腐蚀、涂层易脱落困扰。本次聚焦镁合金专用粉末涂料创新应用，赋能机器人结构件量产应用。演讲单位：老虎涂料TIGER丨本体及灵巧手等关键零部件分享材料应用需求及选材趋势05本体及灵巧手等关键零部件主题演讲：人形机器人的发展趋势与关键材料需求简介：人形机器人产业加速迈向商用落地，行业朝着轻量化机体、高耐久运动性能、仿生柔性交互方向持续演进。整机续航、运动可靠性、触觉感知能力、量产成本，高度依赖上游新材料创新。随着具身智能不断发展，材料配方革新、制造工艺升级、多材料一体化集成，将成为人形机器人技术突破与规模化普及的关键抓手。主题演讲：灵巧手核心零部件的材料升级与工艺突破简介：灵巧手承载机器人精细抓取与交互任务，手指传动模组、感知器件、支撑结构的材料性能与制造水平，直接决定抓取精度、使用寿命与整机成本。产业规模化进程中，小型化、高耐疲劳零部件成为发展刚需。演讲将围绕各类核心零部件材料选型、精密加工工艺难点，解析材料体系革新如何推动灵巧手性能升级与量产落地。演讲单位：灵心巧手/灵巧智能/长盈精密（拟）主题演讲：人形机器人产业发展趋势与量产路径简介：人形机器人正加速从样机研发迈向商业化落地，规模化量产、成本优化、供应链搭建成为产业核心挑战。本次分享将梳理行业发展脉络，剖析量产阶段关键瓶颈，探寻商业化落地可行路径，助力参与者把握产业发展机遇。演讲单位：蓝思科技/长盈精密（拟）丨论坛设置具身智能、人形机器人本体及核心零部件材料需求发布会、高端闭门晚宴等特色活动扫码填表报名咨询如何参会PART.02议程安排PART.03演讲单位3M3M是专业的胶带和胶粘剂制造商，作为较早进入中国的外商独资企业之一，3M中国在过去的30多年里始终密切把握中国经济的发展脉搏，秉承“扎根中国，服务中国”的本土化发展战略，凭借多元化的技术和解决方案，积极支持中国经济的建设和发展。为客户提供优秀的工业级别粘接方案，同时保证专业性，安全性，环保性，提升工作效率，实现轻量化生产， 助力中国智造。我们为机器人、智能设备、汽车， 家电， 轨道交通运输，电子，新能源等市场打造专属行业组装方案， 助力绿色，智能，轻量化的结构设计，降低能耗，提高工作效率。赢创赢创工业集团是一家全球领先的特种化工企业。凭借创新实力和领先的技术专知，赢创正不断超越化学的边界。我们是一家总部位于德国的全球性化工公司，业务遍及100 多个国家和地区。2025年销售额为141亿欧元，营业利润（调整后息税折旧及摊销前利润）达19亿欧元。赢创在全球超过31000名员工始终不懈努力，致力于为客户打造定制化的、具有决定性竞争优势的解决方案。赢创的愿景是成为驱动行业未来的超级力量。我们为工业赋能，每时每处，让生活变得更加美好。旭化成旭化成集团是创立于1922年的综合化学厂家。从合成化学和化纤业务起步，历经百年不断创新变革，积极拓展业务多元化。旭化成集团在全球20多个国家和地区设有生产·销售·研发网点，业务体系可应对全球市场的广泛需求。1988年进入中国，现有直营法人20余家。目前，旭化成集团在材料、健康、住宅三大领域开展业务，致力于以多样化的产品与技术，为全球大众的“生命”与“生活”做贡献。PPGPPG(纽约证券所交易代码：PPG)，140多年以来始终致力于为客户开发并提供值得信赖的油漆、涂料和相关材料产品。秉持奉献与创新精神，PPG帮助客户应对各类严峻挑战，共同推动行业进步。PPG公司总部设在美国匹兹堡市，其运营和研发机构遍布全球超过50个国家和地区，2025年公司全球净销售额达159亿美元。PPG为建筑、消费品、工业、交通运输等领域及其售后市场的客户提供高附加值的产品和服务。老虎涂料TIGERTIGER公司成立于1930年，历经90多年从一家涂料生产商发展成为国际化的家族企业，在全球设有8家生产基地和3家研发中心，销售网络遍布全球50多个国家和地区。TIGER公司凭借其优质的表面涂饰解决方案——粉末涂料以及用于工业数码打印的油墨，让客户产品实现持久保值。TIGER的表面涂饰解决方案在全球多个领域被广泛使用，例如：建筑幕墙、系统门窗、汽车轮毂、家具家电及机器设备等。金发科技（600143）金发科技是一家聚焦高性能新材料的科研、生产、销售和服务，为创造更加安全、舒适、便捷的人类生活提供全新的材料解决方案的新材料企业。公司致力于解决人类日益严峻的环境问题，积极应对来自全球生存环境变化带来的挑战，通过均衡经济、环境社会的关系，推动人类生活环境的持续改善，实现可持续发展，创造美好生活。光大同创（301387）深圳光大同创新材料股份有限公司成立于2012年3月20日，是一家专注于消费电子防护性及功能性产品研发、生产和销售的国家高新技术企业与专精特新中小企业。公司于 2023 年在深圳证券交易所创业板挂牌上市。光大同创的核心产品体系包括三大类：碳纤维复合材料及制品、功能性模切材料和环保防护性材料。这些产品广泛应用于个人电脑、智能手机、智能穿戴设备等消费电子产品及其组件，同时也拓展至新能源汽车、家电、医疗器械和具身智能等领域。公司能够为客户提供从新材料研发、设计、生产到服务及循环利用项目于一体的完整解决方案。新安股份（600596）新安股份创建于1965年，2001年上市，拥有控股子公司80余家、员工8000余人。新安主营作物保护、硅基新材料、新能源材料三大产业，其中硅基新材料拥有从上游硅矿开采冶炼、有机硅单体合成、下游产品制造的完整产业链，产品广泛应用于电力通信、轨道交通与汽车、医疗健康、电子科技等领域，畅销全球130多个国家和地区。以上排名不分先后，持续更新中；资料来自于企业及企业官网、公开资料PART.04配套活动丨供需对接会同期第七届新材料供应链大会暨供需对接会，将汇聚知名品牌终端现场发布找材料/工艺需求征集供应商，并邀请全球优质材料供应商进行新品发布，并配套产品展示区展览新材料领域的新技术、新产品、新趋势。峰会将通过新品发布+供需对接会+终端见面会（闭门）的形式，将优秀的材料解决方案与终端需求进行撮合，供需双方一对一对接洽谈，促进合作交流！需求清单（持续更新中）：报名参加论坛，可提前对接需求某人形机器人灵巧手公司正在寻找：1.需求名称：寻找优先-3D飞织纹理有可定制图案2.需求名称：寻找包覆，面料包覆到壳体3.需求名称：寻找软胶，用于手掌或指尖有触觉的部位4.需求名称：寻找不同硬度的硅胶，不同厚度的样件，用于判断沾灰的影响以上材料将用于灵巧手，目前产品在转批量的阶段扫描文末二维码添加客服，咨询更多机器人相关需求参会请扫描文末二维码报名，或联系***********（同微信）PART.05参会名单150+知名人形机器人/汽车/智能硬件/消费电子/家电及热门其他领域品牌终端、零部件、OEM/ODM厂商，材料企业，高校及其他单位代表已确认出席具身智能与人形机器人CMF创新及新材料应用论坛，及同期世界CMF大会（持续更新中）。企业简称职位人形机器人/汽车/智能硬件/消费电子/家电及热门其他领域品牌终端、零部件、OEM/ODM厂商联想集团技术院士吉利汽车汇川技术部门经理汇川技术资深设计师歌尔泰克设计师歌尔泰克设计师歌尔泰克设计师睿创微纳工业设计中心CMF中信戴卡科创成果管理首席专家豪恩声学产品总监豪恩声学工业设计艾联汽车市场经理他山科技ID设计TCL空调器CMF经理智讯通信工业设计师通用技术集团高级工程师通用技术集团工业设计师麦克韦尔CMF设计师TCL空调CMF经理银星智能工业设计负责人……材料企业PPG中国色彩设计总监宣伟色彩研发院院长3M中国高级应用工程师埃万特集团设计师肖特德莎胶带市场开发老虎涂料武藏涂料开发课长武藏涂料营业经理光大同创总经理助理金发科技大客户经理万华化学研发经理沃特股份营销总监新安股份硅橡胶研究所副所长新安崇耀销售总监美科迪研发总监顺祥材料总经理锦美星灿设计总监博锐斯新材料副总经理当纳利Senior Executive Engineer当纳利Assistant Manager当纳利Manager艾澜德新材料销售经理贝特利运营总监贝特利工程师……其他劳尔色彩亚洲区商务总监潘通企业销售总监威凯表面技术总经理原秀科技董事长原秀科技总经理奥特维项目总监奥特维镭士维总经理奥特维战略市场&孵化中心奥特维孵化中心供应链专家奥特维战略市场部总监美一创新财务总监美一创新总经理天瑞丰年总经理四川美术学院设计学院副院长及手工艺术系副主任等21人……以上排名不分先后PART.06商务合作丨参会报名扫码填表报名咨询如何参会丨赞助合作论坛赞助合作已开启，合作形式包括但不限于主题演讲、会议外场展台、会刊广告 、资料入袋、易拉宝、大屏幕广告等。长按或扫描二维码，咨询赞助合作、VIP套票添加请备注：具身智能论坛 姓名+公司+职位联系电话：咨询热线1：0755-86060912咨询热线2：***********（同微信）PART.07同期展会作为亚洲颇具规模、产业链覆盖完整且应用场景聚焦的具身机器人行业盛会，由励展博览集团、中国国际贸易促进委员会电子信息行业分会、机器视觉产业联盟共同主办的2026 ROBOTECH ASIA 亚洲具身机器人应用及产业链展将于10月27-29日在深圳国际会展中心启幕！展会致力于打造一个集技术展示、商业洽谈、生态合作与趋势前瞻于一体，打通从概念验证到工业场景真实需求落地的国际级平台，深度连接全球创新技术与海外澎湃市场，推动具身智能在工业场景下的量产及产业升级迭代。点击了解详情：2026 ROBOTECH ASIA 亚洲具身机器人应用及产业链展 17万+专业观众 全域流量加持 让参展商品牌更出圈2026年10月27-29日，第十届国际新材料新工艺及色彩（简称CMF）展览会暨第十届表面处理技术&外观效果加工及应用展览会（2026国际CMF展）将在深圳国际会展中心举办，打造以CMF（色彩、材料、工艺）为核心、聚焦材料设计创新与应用的行业盛会，助力产业链协同发展与价值提升；展会将围绕“跨界融合·协同创新”为主题，设立色彩与创新设计展区、新材料新工艺展区、可持续材料展区等，引入全球色彩趋势权威机构，展示全球最新色彩科技，搭建CMF企业与终端应用及工业设计的跨界桥梁。点击了解详情：17万+专业观众！2026第十届国际CMF展高燃开启 吉利汽车、东风日产、美的、华为终端、OPPO、汇川技术等组团参观展会详情：10月深圳盛启｜2026第十届国际CMF展，17万+专业观众共赴产业盛会往届回顾：2025第九届国际CMF展圆满收官 精彩回顾大集锦点击阅读原文，报名参加“具身智能与人形机器人&低空飞行器与eVTOL，CMF创新及新材料应用论坛”,,,,pending
抢抓订单窗口期！一文看懂深圳国际薄膜与胶带展6大核心参展价值,新材料在线,新材料在线,"RIOnews API, 新材料, 电池材料, 负极材料, 产品发布, 首发, 发布, 发布会, 新品, 全新, 展出",normal,2026-08-13T00:01:00+08:00,,深耕行业十八载，荣登深圳市会议展览业协会「BEST＋产业展会」权威榜单，2026 深圳国际薄膜与胶带展（FILM & TAPE EXPO）立足华南高端制造核心腹地，以全产业链聚合优势、精准终端买家资源、多元产业配套活动，打造高转化、高曝光、高价值的功能性薄膜胶粘带与涂布模切行业展示交易平台，为企业开辟增量市场提供强力支撑。一扎根华南高端制造集群高附加值终端资源高度集中依托深圳及珠三角全球产业底座，展会汇聚消费电子、新能源锂电、光伏、Mini/Micro LED 显示、半导体封装、智能汽车、PCB/FPC线路板、人形机器人、低空经济等高景气赛道头部企业资源。华为、比亚迪、星源材质、宁德时代、鹏鼎,http://mp.weixin.qq.com/s?__biz=MzA5NDQ2NzQyMg==&mid=2663030767&idx=5&sn=6cf804ad9005fc167699d3e108fdb7dd,,深耕行业十八载，荣登深圳市会议展览业协会「BEST＋产业展会」权威榜单，2026 深圳国际薄膜与胶带展（FILM & TAPE EXPO）立足华南高端制造核心腹地，以全产业链聚合优势、精准终端买家资源、多元产业配套活动，打造高转化、高曝光、高价值的功能性薄膜胶粘带与涂布模切行业展示交易平台，为企业开辟增量市场提供强力支撑。一扎根华南高端制造集群高附加值终端资源高度集中依托深圳及珠三角全球产业底座，展会汇聚消费电子、新能源锂电、光伏、Mini/Micro LED 显示、半导体封装、智能汽车、PCB/FPC线路板、人形机器人、低空经济等高景气赛道头部企业资源。华为、比亚迪、星源材质、宁德时代、鹏鼎,"深耕行业十八载，荣登深圳市会议展览业协会「BEST＋产业展会」权威榜单，2026 深圳国际薄膜与胶带展（FILM & TAPE EXPO）立足华南高端制造核心腹地，以全产业链聚合优势、精准终端买家资源、多元产业配套活动，打造高转化、高曝光、高价值的功能性薄膜胶粘带与涂布模切行业展示交易平台，为企业开辟增量市场提供强力支撑。一扎根华南高端制造集群高附加值终端资源高度集中依托深圳及珠三角全球产业底座，展会汇聚消费电子、新能源锂电、光伏、Mini/Micro LED 显示、半导体封装、智能汽车、PCB/FPC线路板、人形机器人、低空经济等高景气赛道头部企业资源。华为、比亚迪、星源材质、宁德时代、鹏鼎控股、舜宇光学、各大面板与晶圆封测厂商总部、研发中心、量产基地集中于此，大量原厂采购、研发工程师亲临现场，参展企业可直面终端决策层，洽谈新材料试样、年度框架供货合作，精准布局高毛利高端材料赛道，把握产业升级长期红利。天马微电子精电汽车电子莱宝高科立德通讯二超大展览规模联动打通一站式完整产业链生态本届展会采用 “1+8”多展联动模式，与显示触控、新能源汽车、电子制造、半导体、具身智能机器人等九大主题展会同期举办。18万平方米的超级展览盛宴，预计吸引170,000+名国内外优质买家到场。整体展出体量行业领先，打破单一材料与设备展的圈层局限。覆盖上游化工原料、功能助剂、胶粘剂、涂布模切分切复卷设备、检测仪器，中游功能性薄膜、特种胶粘带，下游电子、汽车、新能源整机制造全环节，形成「原料 — 加工 — 成品 — 终端应用」完整闭环。一次参展即可同步对接整条产业链上下游合作伙伴，拓宽客户边界，实现跨赛道资源互通，大幅提升参展投入回报率。展馆布局图*实际呈现以展会现场为准三分层精准邀约专业买家落地高效商贸转化展会搭建「国内终端采购团 + 海外国际客商」双循环优质买家矩阵，为此，主办方构建了覆盖展前+展中的全周期一对一商贸配对体系，计划举办超3,000场TAP特邀贵宾买家专场商贸配对会，精准匹配供需，大幅提升现场试样、签单、长期合作落地概率。此外，展会还将邀请3,000+来自韩国、日本、越南、泰国、马来西亚、欧洲、新加坡、中东等国家海外专业买家莅临现场。打破内卷，直通国际市场。四八大细分特色展区精准锚定高增长细分赛道紧跟新材料产业发展趋势，2026 展会全新规划八大专业化特色主题展区，细分赛道划分清晰，精准区分不同应用领域产品展示场景：精准分区实现买家定向逛展，企业产品精准触达目标客群，避免同质化展品分流客流，最大化曝光精准度。五官方权威认证标杆展会行业公信力拉满展会凭借深厚行业影响力、专业会展服务能力、突出产业赋能价值，获评深圳市会议展览业协会 2023-2025 年度「BEST＋产业展会」，是国内薄膜胶带领域官方认证标杆产业展会。深圳国际薄膜与胶带展主办方上海励扩展览有限公司依托全球头部专业会展集团励展，拥有标准化参展服务体系、政企行业资源、全球海外推广渠道，平台权威性、行业认可度领先，助力参展企业树立高端品牌形象，提升行业话语权。六30+场同期重磅产业活动技术商贸双赋能展会同期配套30+场高质量行业专题论坛、新品技术发布会、产业颁奖盛典、媒体专场专访直播，覆盖锂电膜创新、光学胶新工艺、半导体封装材料、绿色低碳材料、智能制造涂布工艺等前沿热点。汇聚行业院士、龙头企业总工、产业链专家现场分享行业趋势，参展企业可抢占新品首发、技术交流核心舞台，线上线下同步曝光，实现 “三天展会 + 全年长效品牌传播”，不止现场对接客户，更持续积累行业影响力。会议分类会议名称功能性薄膜与胶粘带2026第七届国际薄膜与胶带技术创新发展高峰论坛2026深圳电池膜材料新技术分享论坛2026深圳国际汽车高性能膜材创新峰会（NEW)2026深圳国际软包装绿色转型与材料创新论坛（NEW)胶粘剂2026国际胶粘剂应用创新峰会——驱动人形机器人、低空经济及汽车电子新变革（NEW)化工原料2026 橡链协同・弹性未来——橡胶及弹性体产业高质量发展沙龙 （NEW)新能源与电池材料2026新型电池储能技术创新发展论坛（NEW)2026硅基负极材料及应用技术交流会（NEW)涂布模切2026第四届涂布产业高质量发展论坛2026第四届新能源模切工艺及关键材料研讨会高性能材料2026热管理材料与技术创新发展论坛2026电子轻量化新材料与新工艺融合创新大会（NEW)2026第十六届世界CMF大会（NEW)创新应用2026国际电子皮肤材料创新论坛（NEW）可持续发展材料2026全球ESG功能性材料高峰论坛（NEW）新产品发布“膜”界黑科技新品发布会2026年10月27-29日深圳国际会展中心（宝安新馆）8万㎡展示规模、1,200+家展商、60,000+专业买家、30+场高峰论坛、8大特色展区、3,000+场TAP商贸配对9展联动：18万㎡超级盛宴、17万+专业观众这不是一串数字的堆砌。这是18年行业深耕交出的答卷。更大的规模、更完整的产业链、更精准的买家、更丰富的同期活动—— 我们已准备好，只等您来。展位咨询与预定“码”上报名参展展台预定咨询电话：0755-86060912、***********（同微信）2026深圳国际薄膜与胶带展将于2026年10月27-29日在深圳国际会展中心(宝安新馆)举办，连同七大同期展会预计展出面积160,000㎡，汇聚3,500+全球功能性薄膜和胶粘制品上下游产业厂家，举办主题论坛100+，吸引来自功能性薄膜厂、胶带厂、OCA光学胶、偏光片、触控显示、数码电子、汽车、印刷标签、涂布模切、塑料包装、锂电池、3C家电、半导体、PCB/FPC线路板等165,000+国内外专业观众莅临，呈现一场功能性材料产业链的饕餮盛宴。亚洲材料周(ASIA MATERIAL WEEK)由励展博览集团旗下上海励扩展览有限公司主办，覆盖主题展:深圳国际薄膜与胶带展、深圳国际胶粘剂及化工原料展、国际高性能材料展、第十三届中国国际氟硅材料工业及应用展览会、第十届国际新材料新工艺及色彩(简称CMF)展览会，将于2026年10月27-29日在深圳国际会展中心举办，展会旨在为面向光电显示、消费电子、汽车、半导体及通信、家用电器、新能源、印刷包装等高附加值行业的技术研发和采购负责人的参展商，提供展示最新产品及技术、高效对接头部客户，推动材料工艺创新应用及践行绿色可持续发展理念的一站式商贸平台，打造立足中国，辐射整个亚洲的“亚洲材料周”。2026.10.27-29深圳国际会展中心（宝安）",,,,pending
