title,account_name,source,tags,priority,publish_time,author,digest,url,crawled_at,content_preview,clean_text,ai_summary,importance_score,alert_level,push_status
600元参会！合肥见！26年（第十届）中国固态电池大会,锂电前沿,锂电前沿,"RIOnews API, 新材料, 复合材料, 碳, 聚合物, 高比能, 锂硫电池, 硅, 前沿表征, 高通量, 固态电池, 固态电解质, 陶瓷材料, 新型电池, 空气电池, 钠离子电池, 钠电, 钠电池, 储能, 循环寿命, 负极材料, 融资",normal,2026-08-23T21:23:00+08:00,,温馨提醒：优惠票600元每人（含餐），截止时间9月15号（含），缴费成功视为报名成功；参展和报名电话.陈老师：***********2026年（第十届）中国固态电池技术创新与产业化研讨会2026年11月25-27日 安徽.合肥会议背景固态电池是当前二次电池领域最为活跃的研究方向之一。理论上，全固态锂离子电池的能量密度可达900Wh/kg，由于采用固体电解质与高比能量负极，并可能防止锂枝晶导致的电池内部短路，固态电池的能量密度和循环寿命方面有望较传统锂电池有大幅提升。同时，固态电池还兼顾了长储存寿命、高功率密度和制备简单等特性，尤其是比高能量密度传统锂离子电池拥有更良好的热控及安全特性。固态电解,http://mp.weixin.qq.com/s?__biz=MzkzODYxNTc2OA==&mid=2247511614&idx=2&sn=1687e184ad56c4a42975e9631e7a4d57,,温馨提醒：优惠票600元每人（含餐），截止时间9月15号（含），缴费成功视为报名成功；参展和报名电话.陈老师：***********2026年（第十届）中国固态电池技术创新与产业化研讨会2026年11月25-27日 安徽.合肥会议背景固态电池是当前二次电池领域最为活跃的研究方向之一。理论上，全固态锂离子电池的能量密度可达900Wh/kg，由于采用固体电解质与高比能量负极，并可能防止锂枝晶导致的电池内部短路，固态电池的能量密度和循环寿命方面有望较传统锂电池有大幅提升。同时，固态电池还兼顾了长储存寿命、高功率密度和制备简单等特性，尤其是比高能量密度传统锂离子电池拥有更良好的热控及安全特性。固态电解,温馨提醒：优惠票600元每人（含餐），截止时间9月15号（含），缴费成功视为报名成功；参展和报名电话.陈老师：***********2026年（第十届）中国固态电池技术创新与产业化研讨会2026年11月25-27日 安徽.合肥会议背景固态电池是当前二次电池领域最为活跃的研究方向之一。理论上，全固态锂离子电池的能量密度可达900Wh/kg，由于采用固体电解质与高比能量负极，并可能防止锂枝晶导致的电池内部短路，固态电池的能量密度和循环寿命方面有望较传统锂电池有大幅提升。同时，固态电池还兼顾了长储存寿命、高功率密度和制备简单等特性，尤其是比高能量密度传统锂离子电池拥有更良好的热控及安全特性。固态电解质作为固态电池核心技术，聚合物固态电解质、氧化物固态电解质、硫化物固态电解质三大类复合材料成为技术攻关的重点。但是，固态电解质要有与之适应的正负极体系。所以，推进全固态电池产业化的过程，也将是锂电正负极材料体系的一场全面变革。有鉴于此，为了进一步推动我国固态电池的研究创新和技术进步，及时了解固态电池最新相关研究成果和发展动态，尽早推广下游大规模应用，明确主要需求，加强行业交流，促进产学研协同创新，我们特别组织固态电池专题研讨会：26年（第十届）中国固态电池技术创新与产业化应用研讨会，会议将于2026年11月25日-27日在安徽.合肥举行。会议邀请固态电池领域的知名研究院所、大专院校、相关企业及投融资机构代表参会，就固态电池基础研究、关键材料、关键技术、关键装备及其标准等全产业领域展开探讨。共聚一堂，充分交流、集思广益、相互切磋，以期实质性促进我国固态电池的进一步发展。会议概况【会议时间】2026年11月25-27日（25日全天签到）【主办单位】锂电前沿【承办单位】 深圳友研科技有限公司固态电池会议交流内容 ●固体电解质材料：理论基础、新体系、规模制造及产业化应用●固态电池正负极材料：理论基础、新体系、规模制造及产业化应用●固态电池中的界面工程：界面观测与调控、制造及电池循环时的界面动态演变等●混合固液电解质锂电池：动力电池、储能电池及柔性电池等●全固态电池：全固态锂电池、全固态锂硫电池、全固态锂空气电池及全固态钠电池等●高通量理论和理论设计及计算方法在固态电池研究开发中的应用●固态电池的产业化技术会议形式主要通过大会报告、交流报告、现场讨论的形式，欢迎相关企业和检测机构安排小型展览。会议期间还将组织演讲嘉宾或行业资深专家们与参会代表互动进行自由讨论。为了共同办好这次会议，热烈欢迎各相关企业、科研院所赞助本次研讨会。会议注册费会议注册费：参会人员10月15日前11月20日前11月20日后以及现场正式代表2500元2800元3200元在校学生代表1500元1500元1800元（学生代表注册时需凭学生证，包含本科生、硕士、博士）注册费包含：会议费、资料费用等费用、不包含路费和住宿费，住宿要自订。账户信息：户名：深圳友研科技有限公司账号：757575353398开户行：中国银行股份有限公司深圳西丽支行付款时请注明“固态电池 +单位名称”开票注意事项：增值税普通发票请提供单位名称及税号。如果需要增值税专用发票，请提供单位名称、税号、地址、电话、开户行、账号第九届固态电池会议回顾2026年8月5日-7日，锂电前沿主办的“2026中国固态电池技术大会暨中国硅碳负极高峰论坛”在江苏常州顺利召开并圆满闭幕。锂电前沿举办此次会议议题紧贴固态电池，硅碳负极材料单位科研和产业化实际需求，引发市场广泛关注，受到专家及参会嘉宾一致好评，有力的推动了我国固态电池，硅碳负极材料的科技进步和产业化进程。第八届固态电池会议回顾2026年4月22日-24日，锂电前沿，钠电材料主办的“2026第八届中国固态电池技术创新与产业化应用研讨会暨中国钠电技术高峰论坛”在湖南长沙顺利召开并圆满闭幕。线下与会嘉宾达906人，参会单位超过550家，参展厂家超过60家，专题报告49个。锂电前沿，钠电材料举办此次会议议题紧贴固态电池，钠电材料单位科研和产业化实际需求，引发市场广泛关注，受到专家及参会嘉宾一致好评，有力的推动了我国固态电池，钠离子电池的科技进步和产业化进程。第七届固态电池会议回顾2025年10月22日-24日，锂电前沿，先进陶瓷材料主办的“2025第七届中国固态电池技术创新与产业化应用研讨会暨中国先进陶瓷技术与产业高峰论坛”在安徽合肥顺利召开并圆满闭幕。线下与会嘉宾达1036人，参会单位超过600家，参展厂家超过50家，专题报告42个。锂电前沿，先进陶瓷材料举办此次会议议题紧贴固态电池，先进陶瓷材料单位科研和产业化实际需求，引发市场广泛关注，受到专家及参会嘉宾一致好评，有力的推动了我国固态电池，先进陶瓷的科技进步和产业化进程。现场视频（点击上方观看）第五届固态电池会议回顾2024年10月，锂电前沿主办的“第五届中国固态电池技术创新与产业化应用研讨会”在安徽合肥顺利召开并圆满闭幕。线下与会嘉宾达820人，参会单位超过450家第六届固态电池会议回顾2025年3月26日-28日，锂电前沿主办的“2025第六届中国固态电池技术创新与产业化应用研讨会”在湖北武汉顺利召开并圆满闭幕。线下与会嘉宾达889人，参会单位超过500家，参展厂家超过50家，专题报告44个。锂电前沿举办此次会议议题紧贴固态电池单位科研和产业化实际需求，引发市场关注，受到专家及参会者广泛好评，有力的推动了我国固态电池的进一步发展。组委会联系方式参会、参展、宣传及赞助事宜联 系 人：陈老师 （赞助和报名事宜咨询）联系电话：***********（微信同号）邮 箱 ：sdlscck@163.com 报名方式一：长按报名报名方式二：点击左下方阅读原文报名,,,,pending
广州首富“赚翻”，他是王传福表兄、比亚迪创始人之一，身家超1700亿元,锂电前沿,锂电前沿,"RIOnews API, 新材料, 电池材料, 复合材料, 碳, 聚合物, 钙钛矿, 高比能, 锂硫电池, 硅, 前沿表征, 高通量, 固态电池, 固态电解质, 陶瓷材料, 新型电池, 空气电池, 钠离子电池, 钠电, 产品发布, 发布, 上市, 合作进展, 融资, 投资, 比亚迪, 宁德时代, 磷酸铁锂, 铁锂, 三元, 钠电池, 储能, 循环寿命, 碳酸锂, 氢氧化锂, 负极材料, 电解液, 排名, 政策, 落地",normal,2026-08-23T21:23:00+08:00,,8月17日盘后，锂矿上市公司融捷股份（002192）发布2026年半年报。2026年上半年，融捷股份实现营业收入15.24亿元，同比增长402.35%；实现归母净利润10.02亿元，同比增长1076.14%；实现扣非净利润10.04亿元，同比增长1269.63%。据查，公司二季度扣非净利润环比一季度暴增约149%，增速非常强劲，主要受益于锂盐价格回升。融捷股份在半年报中表示，驱动公司业绩增长的主要因素包括产业政策对新能源行业的扶持、新能源行业需求增长、产品价格大幅上升、公司在新能源锂电池材料产业链上的全面布局等。公司表示，新能源汽车以及储能行业的持续发展，以及小动力电池及动力船舶、消费电子等终,http://mp.weixin.qq.com/s?__biz=MzkzODYxNTc2OA==&mid=2247511614&idx=1&sn=548d8525d5994a6b00db42151cb29ddf,,8月17日盘后，锂矿上市公司融捷股份（002192）发布2026年半年报。2026年上半年，融捷股份实现营业收入15.24亿元，同比增长402.35%；实现归母净利润10.02亿元，同比增长1076.14%；实现扣非净利润10.04亿元，同比增长1269.63%。据查，公司二季度扣非净利润环比一季度暴增约149%，增速非常强劲，主要受益于锂盐价格回升。融捷股份在半年报中表示，驱动公司业绩增长的主要因素包括产业政策对新能源行业的扶持、新能源行业需求增长、产品价格大幅上升、公司在新能源锂电池材料产业链上的全面布局等。公司表示，新能源汽车以及储能行业的持续发展，以及小动力电池及动力船舶、消费电子等终,8月17日盘后，锂矿上市公司融捷股份（002192）发布2026年半年报。2026年上半年，融捷股份实现营业收入15.24亿元，同比增长402.35%；实现归母净利润10.02亿元，同比增长1076.14%；实现扣非净利润10.04亿元，同比增长1269.63%。据查，公司二季度扣非净利润环比一季度暴增约149%，增速非常强劲，主要受益于锂盐价格回升。融捷股份在半年报中表示，驱动公司业绩增长的主要因素包括产业政策对新能源行业的扶持、新能源行业需求增长、产品价格大幅上升、公司在新能源锂电池材料产业链上的全面布局等。公司表示，新能源汽车以及储能行业的持续发展，以及小动力电池及动力船舶、消费电子等终端领域的需求增长，带动了国内锂电池材料产业的蓬勃发展。终端应用需求扩容有望持续拉动“电池—材料（磷酸铁锂、三元、钴酸锂、电解液、金属锂）—锂盐（碳酸锂、氢氧化锂）—锂矿（辉石、卤水、云母）”整个链条的放量，推动产业链不同环节企业的业绩实现。行业格局方面，融捷股份表示，锂行业于2025年第三季度走出低谷，2026年1—2月锂盐产品市场价格快速上升，2026年3—4月区间震荡，5月中上旬冲高见顶后快速回落阴跌，因此2026年上半年公司锂产品价格较上年同期大幅度上升。价格的上升对公司业绩实现有积极的驱动作用。值得一提的是，广期所碳酸锂主力合约价格从年初的12.3万元/吨，增长至6月底的16.6万元/吨，增幅达34.96%。据悉，2026年上半年公司主要收入、利润来源——锂精矿产品总产量为14.61万吨，同比增长108.80%。其中，第二季度产量为8.67万吨，环比第一季度增长45.99%。锂精矿产品实现主营业务收入17.19亿元，抵销未实现的内部交易2.95亿元，公司锂精矿产品确认收入14.24亿元。公司第二季度实现主营业务收入10.52亿元，环比第一季度增长182.91%。公司锂矿采选业务子公司融达锂业实现净利润10.31亿元，同比增长1103.78%。官网显示，融捷股份成立于1998年，2007年12月5日在深圳证券交易所上市，2015年8月24日公司名称由“路翔股份有限公司”变更为“融捷股份有限公司”，融捷投资控股集团有限公司为公司控股股东。目前公司拥有全资子公司6家、控股子公司2家、参股子公司4家，分布于广东、安徽、四川、甘肃四省并形成产业基地。融捷股份实控人为吕向阳、张长虹夫妇。根据2026年3月最新发布的《胡润全球富豪榜》，吕向阳、张长虹夫妇以1750亿元资产稳居广州首富位置，在全球富豪排名中位列第95位。排在同一位置的中国富豪还有锂电池龙头宁德时代（300750.SZ/03750.HK）联合创始人、第三大股东黄世霖和寒武纪（688256.SH）创始人陈天石。据澎湃新闻报道，吕向阳现年64岁，为王传福表兄，也是比亚迪的创始人之一，目前还担任比亚迪副董事长、非执行董事。吕向阳直接持有比亚迪7.87%股份，是第三大股东，仅次于HKSCC NOMINEES LIMITED（40.382%）和王传福（16.90%）。此外，他还通过融捷投资控股集团持有比亚迪5.11%股份。6月15日，广州市召开民营企业座谈会。吕向阳在会上表示，下一阶段，融捷集团的新能源产业和生命健康产业在广州均有进一步的发展规划。吕向阳（一排中间位）在新能源产业方面，融捷集团规划推进固态电池及材料、钙钛矿材料及电池，计划将分别于2027年、2028年实现产业化落地，未来，融捷集团将深耕前沿尖端能源技术，希望引领未来全球新能源技术发展方向。融捷集团广州南沙基地的储能锂电池温馨提醒：优惠票600元每人（含餐），截止时间9月15号（含），缴费成功视为报名成功；参展和报名电话.陈老师：***********2026年（第十届）中国固态电池技术创新与产业化研讨会2026年11月25-27日 安徽.合肥会议背景固态电池是当前二次电池领域最为活跃的研究方向之一。理论上，全固态锂离子电池的能量密度可达900Wh/kg，由于采用固体电解质与高比能量负极，并可能防止锂枝晶导致的电池内部短路，固态电池的能量密度和循环寿命方面有望较传统锂电池有大幅提升。同时，固态电池还兼顾了长储存寿命、高功率密度和制备简单等特性，尤其是比高能量密度传统锂离子电池拥有更良好的热控及安全特性。固态电解质作为固态电池核心技术，聚合物固态电解质、氧化物固态电解质、硫化物固态电解质三大类复合材料成为技术攻关的重点。但是，固态电解质要有与之适应的正负极体系。所以，推进全固态电池产业化的过程，也将是锂电正负极材料体系的一场全面变革。有鉴于此，为了进一步推动我国固态电池的研究创新和技术进步，及时了解固态电池最新相关研究成果和发展动态，尽早推广下游大规模应用，明确主要需求，加强行业交流，促进产学研协同创新，我们特别组织固态电池专题研讨会：26年（第十届）中国固态电池技术创新与产业化应用研讨会，会议将于2026年11月25日-27日在安徽.合肥举行。会议邀请固态电池领域的知名研究院所、大专院校、相关企业及投融资机构代表参会，就固态电池基础研究、关键材料、关键技术、关键装备及其标准等全产业领域展开探讨。共聚一堂，充分交流、集思广益、相互切磋，以期实质性促进我国固态电池的进一步发展。会议概况【会议时间】2026年11月25-27日（25日全天签到）【主办单位】锂电前沿【承办单位】 深圳友研科技有限公司固态电池会议交流内容 ●固体电解质材料：理论基础、新体系、规模制造及产业化应用●固态电池正负极材料：理论基础、新体系、规模制造及产业化应用●固态电池中的界面工程：界面观测与调控、制造及电池循环时的界面动态演变等●混合固液电解质锂电池：动力电池、储能电池及柔性电池等●全固态电池：全固态锂电池、全固态锂硫电池、全固态锂空气电池及全固态钠电池等●高通量理论和理论设计及计算方法在固态电池研究开发中的应用●固态电池的产业化技术会议形式主要通过大会报告、交流报告、现场讨论的形式，欢迎相关企业和检测机构安排小型展览。会议期间还将组织演讲嘉宾或行业资深专家们与参会代表互动进行自由讨论。为了共同办好这次会议，热烈欢迎各相关企业、科研院所赞助本次研讨会。会议注册费会议注册费：参会人员10月15日前11月20日前11月20日后以及现场正式代表2500元2800元3200元在校学生代表1500元1500元1800元（学生代表注册时需凭学生证，包含本科生、硕士、博士）注册费包含：会议费、资料费用等费用、不包含路费和住宿费，住宿要自订。账户信息：户名：深圳友研科技有限公司账号：757575353398开户行：中国银行股份有限公司深圳西丽支行付款时请注明“固态电池 +单位名称”开票注意事项：增值税普通发票请提供单位名称及税号。如果需要增值税专用发票，请提供单位名称、税号、地址、电话、开户行、账号第九届固态电池会议回顾2026年8月5日-7日，锂电前沿主办的“2026中国固态电池技术大会暨中国硅碳负极高峰论坛”在江苏常州顺利召开并圆满闭幕。锂电前沿举办此次会议议题紧贴固态电池，硅碳负极材料单位科研和产业化实际需求，引发市场广泛关注，受到专家及参会嘉宾一致好评，有力的推动了我国固态电池，硅碳负极材料的科技进步和产业化进程。第八届固态电池会议回顾2026年4月22日-24日，锂电前沿，钠电材料主办的“2026第八届中国固态电池技术创新与产业化应用研讨会暨中国钠电技术高峰论坛”在湖南长沙顺利召开并圆满闭幕。线下与会嘉宾达906人，参会单位超过550家，参展厂家超过60家，专题报告49个。锂电前沿，钠电材料举办此次会议议题紧贴固态电池，钠电材料单位科研和产业化实际需求，引发市场广泛关注，受到专家及参会嘉宾一致好评，有力的推动了我国固态电池，钠离子电池的科技进步和产业化进程。第七届固态电池会议回顾2025年10月22日-24日，锂电前沿，先进陶瓷材料主办的“2025第七届中国固态电池技术创新与产业化应用研讨会暨中国先进陶瓷技术与产业高峰论坛”在安徽合肥顺利召开并圆满闭幕。线下与会嘉宾达1036人，参会单位超过600家，参展厂家超过50家，专题报告42个。锂电前沿，先进陶瓷材料举办此次会议议题紧贴固态电池，先进陶瓷材料单位科研和产业化实际需求，引发市场广泛关注，受到专家及参会嘉宾一致好评，有力的推动了我国固态电池，先进陶瓷的科技进步和产业化进程。现场视频（点击上方观看）第五届固态电池会议回顾2024年10月，锂电前沿主办的“第五届中国固态电池技术创新与产业化应用研讨会”在安徽合肥顺利召开并圆满闭幕。线下与会嘉宾达820人，参会单位超过450家第六届固态电池会议回顾2025年3月26日-28日，锂电前沿主办的“2025第六届中国固态电池技术创新与产业化应用研讨会”在湖北武汉顺利召开并圆满闭幕。线下与会嘉宾达889人，参会单位超过500家，参展厂家超过50家，专题报告44个。锂电前沿举办此次会议议题紧贴固态电池单位科研和产业化实际需求，引发市场关注，受到专家及参会者广泛好评，有力的推动了我国固态电池的进一步发展。组委会联系方式参会、参展、宣传及赞助事宜联 系 人：陈老师 （赞助和报名事宜咨询）联系电话：***********（微信同号）邮 箱 ：sdlscck@163.com 报名方式一：长按报名报名方式二：点击左下方阅读原文报名,,,,pending
青岛大学李强教授Angew：共价有机框架储钠过程中的自由基演变机制,深水科技咨询,深水科技咨询,"RIOnews API, 高比能, 富锂锰, 前沿表征, 原位, 固态电池, 钠离子电池, 学术研究, 大学, 教授, 期刊",normal,2026-08-23T20:12:00+08:00,,【研究背景】钠资源丰富且成本低廉，使得钠离子电池（SIBs）在大规模储能网络中极具应用前景。然而，Na+较大的离子半径和迟缓的扩散动力学给负极设计带来了严峻挑战，常常导致材料容量受限、倍率性能不足以及循环寿命欠佳。共价有机框架（COFs）因其结构可编程、多孔通道有序以及氧化还原活性位点丰富，为构建下一代有机负极提供了一个独特的平台。然而，COFs的电化学储能过程通常伴随局域电子重新分布和短寿命自由基中间体的生成，由于缺乏直接的实验证据，自由基中间体在储钠过程中的具体演变机制依然是未解之谜，这严重阻碍了高性能有机电极的理性设计。【工作简介】近日，青岛大学李强教授课题开发了一种高结晶度的β-酮烯胺,http://mp.weixin.qq.com/s?__biz=MzI2NTI1Njk5Mw==&mid=2247634224&idx=1&sn=df334d974775ad471fe37d2749b14eaa,,【研究背景】钠资源丰富且成本低廉，使得钠离子电池（SIBs）在大规模储能网络中极具应用前景。然而，Na+较大的离子半径和迟缓的扩散动力学给负极设计带来了严峻挑战，常常导致材料容量受限、倍率性能不足以及循环寿命欠佳。共价有机框架（COFs）因其结构可编程、多孔通道有序以及氧化还原活性位点丰富，为构建下一代有机负极提供了一个独特的平台。然而，COFs的电化学储能过程通常伴随局域电子重新分布和短寿命自由基中间体的生成，由于缺乏直接的实验证据，自由基中间体在储钠过程中的具体演变机制依然是未解之谜，这严重阻碍了高性能有机电极的理性设计。【工作简介】近日，青岛大学李强教授课题开发了一种高结晶度的β-酮烯胺,"【研究背景】钠资源丰富且成本低廉，使得钠离子电池（SIBs）在大规模储能网络中极具应用前景。然而，Na+较大的离子半径和迟缓的扩散动力学给负极设计带来了严峻挑战，常常导致材料容量受限、倍率性能不足以及循环寿命欠佳。共价有机框架（COFs）因其结构可编程、多孔通道有序以及氧化还原活性位点丰富，为构建下一代有机负极提供了一个独特的平台。然而，COFs的电化学储能过程通常伴随局域电子重新分布和短寿命自由基中间体的生成，由于缺乏直接的实验证据，自由基中间体在储钠过程中的具体演变机制依然是未解之谜，这严重阻碍了高性能有机电极的理性设计。【工作简介】近日，青岛大学李强教授课题开发了一种高结晶度的β-酮烯胺连接的共价有机框架（BT-COF-AA）。该材料在5 A g-1的大电流密度下，实现了超过10000次的超长循环稳定性。更重要的是，研究团队引入了原位电子顺磁共振（EPR）波谱技术，首次实现了对瞬态自由基中间体的时间分辨与直接观测，清晰阐明了其连续的钠离子存储机制。结合密度泛函理论（DFT）计算，该工作不仅揭示了自由基介导的电荷存储机理，更为高倍率、长寿命有机电极材料的设计提供了坚实的物理基础。该文章发表在国际顶级期刊Angewandte Chemie International Edition上。马春荣、王婷、张凤玲为本文共同第一作者。【内容表述】与依赖晶格迁移或相变的传统无机电极不同，基于COF的有机储能机制主要涉及局域电子分布的变化和瞬态自旋活性物质（自由基）的生成。这些分子级别的电荷转移过程由于缺乏显著的长程结构变化，使得常规的基于衍射的原位表征技术无法捕捉关键的反应事件。本研究引入原位EPR光谱，旨在直接探测充放电循环过程中电极内部未成对电子（自由基）的生成、稳定与转化过程，这对于理解有机材料的倍率性能和循环寿命起源至关重要。原位EPR光谱实时追踪自由基的动态演变EPR强度与自旋参数的耦合演化描绘了BT-COF-AA中三步Na⁺存储路径。共轭自由基中间体在高电压下出现，随后在中压区呈现一个可逆的中间体转换窗口，该窗口表现出最强的交换窄化效应（放电时约1.0–1.1 V；充电时约1.4–1.6 V），这与自由基数量增加和交换耦合增强相一致。在深度钠化条件下，电极达到以Na+配位为主的准稳态，很可能伴随着部分向闭壳层（抗磁性）物种的转化。这种分步行为在结构上与BT–N和C=O位点处的协同氧化还原/配位作用相一致，为COF负极的高可逆性和快速动力学提供了分子层面的机理解释。图1. (a) 原位EPR测试装置与原位电池组装结构示意图。(b) 充放电曲线。(c, d) 分别为从开路电压（OCV）放电至 0.9 V (c) 以及从 0.9 V 放电至 0.01 V (d) 期间的原位EPR谱图。(e, f) 分别为随后从 0.01 V 充电至 1.1 V (e) 以及从 1.1 V 充电至 3 V (f) 期间的原位EPR谱图。插图：局部放大的信号共振区域。(g-l) 充放电过程中 (g, j) 因子、(h, k) A/B比值及 (i, l) 线宽的演变趋势。(m) 提出的BT-COF-AA电极储钠分子机制。【核心结论】本工作成功构建了一种具备超长循环寿命的β-酮烯胺COF储钠负极。通过前沿的原位EPR波谱技术与理论计算深度结合，精确勾勒了框架中Na+在杂原子位点的阶梯式配位、自由基的稳定化以及电子的动态离域过程。这一分子级别的深层机制不仅解释了BT-COF-AA优异电化学性能的来源，更为未来理性设计且精准调控高活性有机电极材料提供了全新的微观视角与方法学支撑。【文献详情】标题：In Situ Tracking of Radical Evolution in a Conjugated Covalent Organic Framework for Reversible Sodium Storage期刊：Angewandte Chemie International Editionhttps://doi.org/10.1002/anie.4890491【作者简介】李强，青岛大学物理科学学院院长，教授，博士生导师，国家高层次青年人才，山东省杰青，山东省清洁能源材料物理高校重点实验室主任、青岛市政协委员、加拿大滑铁卢大学客座教授，荣获2020中国十大新锐科技人物等荣誉。专注于储能与磁学的交叉研究，致力于探索电化学中的磁学表征技术，推动高性能电化学储能材料与器件的发展，在能源科学和自旋电子学领域发表Nat. Mater.、J. Am. Chem. Soc.、Adv. Mater.、Angew. Chemie、PNAS等高水平论文100余篇，主持国家自然科学基金重大研究计划/面上/青年、山东省重大基础/杰青/面上、企业横向等项目10余项，授权国家发明专利10余项。文章来源：能源学人《固态电池行业技术发展与市场投资前景分析》《钠离子电池技术发展与产业前景研究报告》《富锂锰基动力电池产业研究及其市场前景分析》《中国全固态薄膜电池和全固态超级电容器技术与市场调研报告》《中国高能量高功率锂离子电池负极材料技术发展与市场投资规划报告》▲以上报告由深水科技咨询制作 咨询电话：***********钠资源丰富且成本低廉，使得钠离子电池（SIBs）在大规模储能网络中极具应用前景。",,,,pending
新方向？固态电池中的自放电问题研究！东方理工大学孙学良/王长虹，最新Nature Energy！,深水科技咨询,深水科技咨询,"RIOnews API, 新材料, 隔膜, 聚合物, 高比能, 富锂锰, 固态电池, 固态电解质, 钠离子电池, 学术研究, 大学, 教授",normal,2026-08-23T20:12:00+08:00,,全固态电池凭借高能量密度和高安全性，被视作下一代电动汽车和电网储能的理想技术。然而，电动汽车在仓库存放、车库停放或电网储能设施待命时，电池长期处于高荷电状态，对自放电率有极为严苛的要求。长期以来，全固态电池自放电行为被严重忽视。固态电解质的电子电导率通常在10⁻⁸至10⁻⁹ S cm⁻¹，虽远低于离子电导率，但与商业化聚合物隔膜（10⁻¹⁵至10⁻¹⁸ S cm⁻¹）和LiPON薄膜电解质（10⁻¹⁴ S cm⁻¹）相比，高出6至7个数量级。这一被忽视的差异可能成为全固态电池商业化的关键瓶颈。2026年8月17日，宁波东方理工大学孙学良院士、王长虹助理教授在《Nature Energy》上发表,http://mp.weixin.qq.com/s?__biz=MzI2NTI1Njk5Mw==&mid=2247634224&idx=3&sn=a0a147a1a57af2ec18785e38a8a2e316,,全固态电池凭借高能量密度和高安全性，被视作下一代电动汽车和电网储能的理想技术。然而，电动汽车在仓库存放、车库停放或电网储能设施待命时，电池长期处于高荷电状态，对自放电率有极为严苛的要求。长期以来，全固态电池自放电行为被严重忽视。固态电解质的电子电导率通常在10⁻⁸至10⁻⁹ S cm⁻¹，虽远低于离子电导率，但与商业化聚合物隔膜（10⁻¹⁵至10⁻¹⁸ S cm⁻¹）和LiPON薄膜电解质（10⁻¹⁴ S cm⁻¹）相比，高出6至7个数量级。这一被忽视的差异可能成为全固态电池商业化的关键瓶颈。2026年8月17日，宁波东方理工大学孙学良院士、王长虹助理教授在《Nature Energy》上发表,全固态电池凭借高能量密度和高安全性，被视作下一代电动汽车和电网储能的理想技术。然而，电动汽车在仓库存放、车库停放或电网储能设施待命时，电池长期处于高荷电状态，对自放电率有极为严苛的要求。长期以来，全固态电池自放电行为被严重忽视。固态电解质的电子电导率通常在10⁻⁸至10⁻⁹ S cm⁻¹，虽远低于离子电导率，但与商业化聚合物隔膜（10⁻¹⁵至10⁻¹⁸ S cm⁻¹）和LiPON薄膜电解质（10⁻¹⁴ S cm⁻¹）相比，高出6至7个数量级。这一被忽视的差异可能成为全固态电池商业化的关键瓶颈。2026年8月17日，宁波东方理工大学孙学良院士、王长虹助理教授在《Nature Energy》上发表题为“Electronic conductivity of solid electrolytes causes physical self-discharge in all-solid-state batteries”的研究论文，首次系统揭示了固态电解质电子电导率引发的物理自放电问题，并通过数值模拟与实验验证量化了其对全固态电池的影响。研究团队建立了包含离子和电子双重传导的电化学模型。模拟表明，在1000 μm厚电解质层中，即使电子电导率高达9×10⁻⁹ S cm⁻¹，1个月后容量保持率仍可达93.3%。然而，当电解质厚度降至20 μm（实用化全固态电池的目标厚度）时，情况截然不同：电子电导率超过3×10⁻⁹ S cm⁻¹即会导致1个月内100%自放电。要实现月自放电率低于5%，固态电解质的电子电导率须低于5×10⁻¹¹ S cm⁻¹；若要与商业锂离子电池（月自放电0.35%-2.5%）相当，则需降至约10⁻¹² S cm⁻¹。实验验证中，研究团队采用干法制备了Li₃InCl₆@LiCoO₂/Li₆PS₅Cl/In-Li全固态电池。1000 μm Li₆PS₅Cl电池一个月后容量损失仅3.9%，其中物理自放电贡献仅0.4%，化学自放电占3.5%。而20 μm Li₆PS₅Cl电池一个月后容量损失高达94.5%，其中83.2%在后续充电中可恢复（物理自放电），仅11.3%为不可逆化学自放电。自放电损失与电子电导率、电压、时间呈正比，与电解质厚度呈反比。该现象在使用Li₃YBr₆和Li₃PS₄作为隔膜的体系中得到进一步验证。针对这一挑战，论文提出了多尺度缓解策略：原子尺度通过能带工程降低电子电导率；微观尺度开发无机/有机复合电解质切断电子通路；界面尺度设计电子电导率低于10⁻¹² S cm⁻¹的多功能界面层。模拟表明，20 μm电解质搭配0.1 μm低电子电导率界面层（1、首次揭示固态电解质电子电导率（10⁻⁸–10⁻⁹ S cm⁻¹）引发的物理自放电是全固态电池被忽视的关键问题，量化了厚度与自放电的定量关系。2、通过数值模拟确定实用化薄电解质（20 μm）全固态电池月自放电率3、实验证实20 μm Li₆PS₅Cl电池一月容量损失94.5%，其中83.2%为物理自放电（可逆），并提出多尺度策略（能带工程、复合电解质、界面工程）抑制自放电。图1 典型无机固态电解质离子电导率与电子电导率的对比分析图2 固态电解质电子电导率与厚度对全固态电池物理自放电行为的模拟图3 全固态电池自放电行为的实验验证图4 缓解全固态电池物理自放电的多尺度策略本研究首次系统揭示了固态电解质不可忽视的电子电导率所引发的全固态电池物理自放电问题。研究表明，当前主流无机固态电解质的电子电导率（10⁻⁸–10⁻⁹ S cm⁻¹）虽远低于其离子电导率，但对于薄电解质（20 μm）全固态电池而言，这一水平足以导致一个月内近100%的容量损失。物理自放电的严重程度与电解质厚度成反比，与电子电导率、电压和时间成正比。要实现与商业锂离子电池相当的自放电率（月自放电文献链接：https://doi.org/10.1038/s41560-026-02090-x文章来源：新能源前沿《固态电池行业技术发展与市场投资前景分析》《钠离子电池技术发展与产业前景研究报告》《富锂锰基动力电池产业研究及其市场前景分析》《中国全固态薄膜电池和全固态超级电容器技术与市场调研报告》《中国高能量高功率锂离子电池负极材料技术发展与市场投资规划报告》▲以上报告由深水科技咨询制作 咨询电话：***********全固态电池凭借高能量密度和高安全性，被视作下一代电动汽车和电网储能的理想技术。,,,,pending
新储钾机制！北京大学郭少军&清华大学刘凯&吉林大学赵硕卿，最新JACS!,深水科技咨询,深水科技咨询,"RIOnews API, 高比能, 富锂锰, 前沿表征, 原位, 固态电池, 钠离子电池, 学术研究, 大学, 教授",normal,2026-08-23T20:12:00+08:00,,水系钾离子电池凭借本征安全性、低成本和钾资源丰富等优势，在大规模储能领域极具潜力。然而，钾离子半径较大（1.38 Å），在嵌入/脱出过程中易引发严重的晶格应变和结构退化，导致容量快速衰减和循环稳定性不足。如何在层状氧化物正极中实现快速且稳定的钾离子存储，是水系钾离子电池走向实用的核心科学挑战。水分子在电极材料中的配位和反应行为对电化学性能具有决定性影响，但其具体作用机制长期未被充分认识。2026年8月21日，北京大学郭少军教授、清华大学刘凯助理教授、吉林大学赵硕卿副教授在《Journal of the American Chemical Society》上发表题为“Oxygen Vacancy,http://mp.weixin.qq.com/s?__biz=MzI2NTI1Njk5Mw==&mid=2247634224&idx=4&sn=0128c617af4bedb32c00139b5fee3d32,,水系钾离子电池凭借本征安全性、低成本和钾资源丰富等优势，在大规模储能领域极具潜力。然而，钾离子半径较大（1.38 Å），在嵌入/脱出过程中易引发严重的晶格应变和结构退化，导致容量快速衰减和循环稳定性不足。如何在层状氧化物正极中实现快速且稳定的钾离子存储，是水系钾离子电池走向实用的核心科学挑战。水分子在电极材料中的配位和反应行为对电化学性能具有决定性影响，但其具体作用机制长期未被充分认识。2026年8月21日，北京大学郭少军教授、清华大学刘凯助理教授、吉林大学赵硕卿副教授在《Journal of the American Chemical Society》上发表题为“Oxygen Vacancy,水系钾离子电池凭借本征安全性、低成本和钾资源丰富等优势，在大规模储能领域极具潜力。然而，钾离子半径较大（1.38 Å），在嵌入/脱出过程中易引发严重的晶格应变和结构退化，导致容量快速衰减和循环稳定性不足。如何在层状氧化物正极中实现快速且稳定的钾离子存储，是水系钾离子电池走向实用的核心科学挑战。水分子在电极材料中的配位和反应行为对电化学性能具有决定性影响，但其具体作用机制长期未被充分认识。2026年8月21日，北京大学郭少军教授、清华大学刘凯助理教授、吉林大学赵硕卿副教授在《Journal of the American Chemical Society》上发表题为“Oxygen Vacancy-Driven Water Dissociation for High-Performance Potassium-Ion Storage”的研究论文，揭示了P3型K₀.₄₆MnO₂正极中氧空位驱动水分解的全新储钾机制。研究发现，氧空位作为水分子嵌入位点，促进了水的解离生成-OH，进而与邻近水分子通过质子交换形成H₃O⁺。H₃O⁺与K⁺共嵌入层间，贡献额外容量，同时-OH···H₂O结构作为层间柱撑稳定了层状框架。电化学测试表明，KMO正极在0.2 A g⁻¹下放电容量达89.4 mAh g⁻¹，在1.5 A g⁻¹下经25000次循环后容量保持率高达96.0%，展现出优异的循环稳定性。原位pH监测显示电解液pH在循环过程中从8.25逐渐稳定至6.39，对应每摩尔KMO约产生0.002 mol H₃O⁺，且在充放电过程中呈现可逆波动，证实H₃O⁺作为辅助载流子参与循环。电化学石英晶体微天平（EQCM）结果表明，首圈后电极质量增加5.18 ng，100圈后增加40.44 ng，证实了循环过程中水分子在氧空位处的持续嵌入和-OH物种的逐渐积累。氧空位驱动水分解机制通过TOF-SIMS和DFT计算进一步验证。TOF-SIMS在H₂¹⁸O标记电解液中检测到¹⁸OH⁻信号，直接证实水在氧空位处解离。DFT计算表明，水分子在氧空位处吸附和初始解离的吉布斯自由能变化分别为-0.013 eV和-0.700 eV，均为热力学自发过程；而H₃O⁺生成需要+1.183 eV和+1.133 eV，仅在充电过程中发生。EPR显示氧空位信号随循环次数增加逐渐减弱，表明氧空位被-OH逐步填充。O K-edge sXAS中，在528 eV处出现归因于H₃O⁺嵌入和-OH形成的新特征峰，证实了水解离产物的存在。基于KMO正极与PTCDI有机负极组装的水系钾离子软包电池在2 A g⁻¹下经9000次循环后容量保持率达88.8%，能量密度达59.8 Wh kg⁻¹，可成功驱动小型无人机，在循环寿命方面优于多数已报道水系电池体系。1、揭示氧空位驱动水分解全新储钾机制，氧空位作为水分子嵌入位点促进H₂O解离生成-OH和H₃O⁺，实现K⁺/H₃O⁺可逆共嵌入，同时-OH···H₂O柱撑结构稳定层状框架。2、KMO正极在1.5 A g⁻¹下经25000次循环容量保持率96.0%，原位pH与EQCM证实H₃O⁺生成（每摩尔KMO约0.002 mol）和氧空位逐步填充的自增强过程。3、KMO||PTCDI软包电池能量密度达59.8 Wh kg⁻¹，2 A g⁻¹下9000次循环容量保持率88.8%，可驱动小型无人机，循环寿命优于多数水系电池体系。图1 氧空位驱动水分解调控K⁺/H₃O⁺共嵌入的机制示意图2 KMO与δ-MnO₂电极的电化学性能对比图3 KMO电极在循环过程中的结构演化与界面性质图4 KMO电极循环过程中水的嵌入与原位pH监测图5 氧空位驱动水分解的TOF-SIMS与DFT理论计算图6 KMO电极在不同循环状态的化学演化与H₃O⁺嵌入表征图7 KMO||PTCDI软包电池的电化学性能本研究揭示了P3型K₀.₄₆MnO₂正极中氧空位驱动水分解的全新储钾机制。氧空位作为活性位点容纳水分子并促进其解离，产生-OH物种，进而通过质子交换与邻近水分子生成H₃O⁺。H₃O⁺与K⁺在充放电过程中实现可逆共嵌入，贡献额外容量，同时-OH···H₂O结构作为层间柱撑稳定了层状框架。该机制在循环中呈自增强特征：氧空位逐步被-OH填充，水结合能力增强，持续促进水分解和H₃O⁺生成。得益于该机制，KMO正极在25000次循环后容量保持率96.0%，KMO||PTCDI软包电池在9000次循环后保持率88.8%，能量密度达59.8 Wh kg⁻¹。该工作为水系电池中水分子化学的利用和高稳定正极材料的设计提供了新思路。文献链接：https://doi.org/10.1021/jacs.6c04388文章来源：新能源前沿《固态电池行业技术发展与市场投资前景分析》《钠离子电池技术发展与产业前景研究报告》《富锂锰基动力电池产业研究及其市场前景分析》《中国全固态薄膜电池和全固态超级电容器技术与市场调研报告》《中国高能量高功率锂离子电池负极材料技术发展与市场投资规划报告》▲以上报告由深水科技咨询制作 咨询电话：***********水系钾离子电池凭借本征安全性、低成本和钾资源丰富等优势，在大规模储能领域极具潜力。,,,,pending
中科大周敏教授Angew：自持式火星Li-CO2电池,深水科技咨询,深水科技咨询,"RIOnews API, 新材料, 高比能, 富锂锰, 前沿表征, 原位, 固态电池, 电化学合成, 电催化, 钠离子电池, 学术研究, 大学, 教授, 科学院, 研究所, 期刊",normal,2026-08-23T20:12:00+08:00,,【研究背景】火星长期探测与未来驻留需要能够就地取材、持续运行的能源系统。火星大气中CO2含量约为95%，因此，以CO2作为活性物质的Li-CO2电池有望减少从地球携带反应物的负担；若进一步利用火星原位矿物制备电极催化剂，便可形成“火星大气供给CO2、火星矿物供给催化材料”的资源闭环。铁硫化物是火星矿物资源的重要候选，兼具多样晶体结构和电催化活性。既有研究多聚焦于提升催化活性，以抑制绝缘放电产物的堆积，但高活性过渡金属催化剂往往伴随快速失活。Li-CO2电池充电时，催化剂既要与Li2CO3充分作用以降低分解过电位，又要避免与高活性1O2发生过强相互作用，否则将被持续氧化并逐步失活。换言之，目标反,http://mp.weixin.qq.com/s?__biz=MzI2NTI1Njk5Mw==&mid=2247634224&idx=2&sn=9cebb0c4c0dac06f6cee465aa734cae3,,【研究背景】火星长期探测与未来驻留需要能够就地取材、持续运行的能源系统。火星大气中CO2含量约为95%，因此，以CO2作为活性物质的Li-CO2电池有望减少从地球携带反应物的负担；若进一步利用火星原位矿物制备电极催化剂，便可形成“火星大气供给CO2、火星矿物供给催化材料”的资源闭环。铁硫化物是火星矿物资源的重要候选，兼具多样晶体结构和电催化活性。既有研究多聚焦于提升催化活性，以抑制绝缘放电产物的堆积，但高活性过渡金属催化剂往往伴随快速失活。Li-CO2电池充电时，催化剂既要与Li2CO3充分作用以降低分解过电位，又要避免与高活性1O2发生过强相互作用，否则将被持续氧化并逐步失活。换言之，目标反,"【研究背景】火星长期探测与未来驻留需要能够就地取材、持续运行的能源系统。火星大气中CO2含量约为95%，因此，以CO2作为活性物质的Li-CO2电池有望减少从地球携带反应物的负担；若进一步利用火星原位矿物制备电极催化剂，便可形成“火星大气供给CO2、火星矿物供给催化材料”的资源闭环。铁硫化物是火星矿物资源的重要候选，兼具多样晶体结构和电催化活性。既有研究多聚焦于提升催化活性，以抑制绝缘放电产物的堆积，但高活性过渡金属催化剂往往伴随快速失活。Li-CO2电池充电时，催化剂既要与Li2CO3充分作用以降低分解过电位，又要避免与高活性1O2发生过强相互作用，否则将被持续氧化并逐步失活。换言之，目标反应与有害副反应并非彼此独立，而是共享对含氧物种轨道耦合的需求。传统基于材料成分或经验的筛选方式，尚缺乏能够直接贯通结构、电子态、活性与稳定性的预测参数。因此，本工作的关键问题是：能否从Fe-S矿物的晶体结构出发，找到一个可量化的描述符，直接调控其对含氧物种的亲和力，并据此筛选出适用于火星Li-CO2电池的活性-稳定性最优催化剂？【工作简介】近日，中国科学技术大学周敏教授团队联合中国科学院化学研究所李子玉团队在国际化学权威期刊 Angewandte Chemie International Edition发表了题为“Crystal Void Fraction-Engineered Fe-S Catalysts for Self-Sustaining Li-CO2 Mars Batteries”的研究论文，韦天琛，苏乐毅，吴靓，刘雨淳是共同第一作者。该工作面向火星长期探测中的能源自持需求，聚焦Li-CO2电池“促进Li2CO3分解与抑制1O2诱导催化剂降解难以兼顾”的长期基础问题，提出晶体空隙率作为预测性结构描述符，并建立“原子堆积-晶体空隙率-轨道能级-含氧物种亲和力-电池性能”的完整构效链条。研究团队从无机晶体结构数据库中筛选出三类具有不同FeS6八面体连接方式的代表性铁硫化物：高空隙率黄铁矿（Hvf-FeS，0.54）、中等空隙率白铁矿（Mvf-FeS，0.48）和低空隙率磁黄铁矿（Lvf-FeS，0.39）。以八面体连接方式所决定的晶体空隙率为筛选坐标，团队结合结构表征、密度泛函理论计算、放电产物/催化剂演变追踪及电化学验证，系统建立“原子堆积-晶体空隙率-轨道能级-含氧物种亲和力-电池性能”的构效链条。相较于经验性指标，这一描述符将几何结构与电子态直接关联，物理图像更清晰，并为不同Fe-S构型之间的理性比较提供了统一尺度。核心观点一：晶体空隙率可作为连接Fe-S原子堆积、d带调控与含氧物种亲和力的预测性描述符。空隙率增大时，Fe 3d带中心及含z分量的d轨道向费米能级移动，与含氧物种前线轨道的能量匹配和空间重叠增强，从而为跨不同Fe-S构型的定量比较提供统一的结构-电子标尺。核心观点二：目标Li2CO3分解与有害1O2诱导降解具有共同的前线轨道耦合起源，使含氧物种亲和力呈现“双刃剑”效应：亲和力过弱会造成Li2CO3分解迟缓，亲和力过强则会促进1O2攻击与催化剂氧化；只有适中的亲和力才能兼顾反应动力学和长期稳定性。核心观点三：在描述符引导下，中等空隙率Mvf-FeS被锁定为最优候选，并实现选择性氧亲和：既高效分解Li2CO3，又避免与1O2过度耦合。该材料获得约88%的能量效率、超过1000 h的循环寿命，并在低温和模拟火星低压气氛下表现出更好的综合适应性。【内容表述】3.1 从火星原位资源利用到结构描述符设计多数Fe-S矿物由FeS6八面体以不同方式连接而成。顶点共享会形成较开放的骨架，边共享则带来更紧密的堆积；二者共同决定晶体空隙率，并进一步影响Fe中心的电子结构。团队据此提出催化剂筛选框架：高空隙率材料活性高但易腐蚀，低空隙率材料更耐氧化但难以彻底分解Li2CO3，中等空隙率材料有望处于活性与稳定性的交汇点。图1 火星原位资源利用构想与基于晶体空隙率的Fe-S催化剂筛选框架。高空隙率促进Li2CO3分解但易受1O2腐蚀；低空隙率表现相反；中等空隙率有望兼顾二者。3.2 晶体空隙率调控Fe-S结构与电子态模拟对分布函数、XAFS和原子分辨HAADF-STEM共同证实了三种Fe-S的八面体连接差异：Hvf-FeS以顶点共享为主，Lvf-FeS以边共享为主，Mvf-FeS则兼具两种连接模式。随着空隙率由0.39增至0.54，Fe 3d带中心由-1.33 eV上移至约-0.70 eV；Fe-Fe距离、晶体空隙率以及Fe 3d(z2)轨道能级呈近似线性关联。这说明几何堆积方式可以连续调节Fe中心的轨道反应性。图2 不同晶体空隙率Fe-S催化剂的局域结构和电子结构。多尺度结构表征验证八面体连接方式；理论结果表明空隙率增大使Fe 3d轨道向费米能级移动。3.3 轨道对称匹配揭示“选择性氧亲和”机制理论分析表明，Li2CO3中靠近费米能级的O 2p(z)轨道和1O2的π*反键轨道，是分别控制产物分解和催化剂氧化的关键前线轨道；二者均可与Fe中心含z分量的d(z2)、d(xz)和d(yz)轨道发生对称匹配。由此，团队首次在轨道层级把目标Li2CO3分解与有害1O2诱导降解纳入同一机制框架。空隙率越高，能量匹配越充分、轨道杂化越强，但这种增强会同时作用于目标反应与副反应，构成活性-稳定性权衡的电子结构根源。计算进一步给出定量证据：Li2CO3在Hvf-FeS、Mvf-FeS和Lvf-FeS上的吸附能依次为-2.85、-2.65和-2.48 eV；1O2吸附能则依次为-2.72、-1.39和-0.82 eV。Hvf-FeS对两类含氧物种均产生过强耦合，Lvf-FeS整体耦合不足，而Mvf-FeS保持足以活化Li2CO3、又不过度促进1O2腐蚀的适中作用强度。图3 含氧物种前线轨道与Fe 3d轨道的对称匹配及选择性亲和机制。Mvf-FeS的中等轨道耦合同时满足Li2CO3活化和1O2耐受。3.4 多尺度表征直接追踪产物与催化剂演变初始循环阶段，三种催化剂放电后均形成Li2CO3；充电后，Hvf-FeS与Mvf-FeS表面的Li2CO3信号消失，而Lvf-FeS仍残留大量产物，证实低空隙率导致产物分解动力学不足。随着循环延长，Hvf-FeS逐步出现Fe-O振动峰，400 h后原有Fe-S信号几乎被Fe2O3取代；Mvf-FeS保持稳定Fe-S结构，Lvf-FeS则不断累积Li2CO3。O K边软X射线成像进一步给出了三维空间证据：循环300 h后，Hvf-FeS出现明显Fe2O3区域，Lvf-FeS表面存在Li2CO3堆积，而Mvf-FeS未检测到显著残余含氧物种。该结果把“高空隙率被氧化、低空隙率被产物钝化、中等空隙率保持完整”直观地呈现在同一尺度上。图4 不同循环阶段放电产物与催化剂结构演变。XRD、Raman及软X射线成像共同揭示Hvf-FeS氧化、Lvf-FeS产物堆积，而Mvf-FeS保持结构与界面洁净。3.5 中等空隙率实现活性-稳定性最优平衡倍率测试中，Hvf-FeS和Mvf-FeS均表现出较低充电电位，Mvf-FeS在各电流密度下保持最小过电位。长期循环则揭示了亲和力的不同代价：Lvf-FeS因Li2CO3分解困难约400 h后失活；Hvf-FeS初始活性优异，却因1O2诱导的持续氧化在约650 h后明显衰退；Mvf-FeS则在整个测试期间维持稳定、较低的充放电电位，循环寿命超过1000 h。综合充电电压、电压差、深度放电能力、能量效率和循环寿命，空隙率0.48的Mvf-FeS表现最佳，能量效率约88%。这验证了晶体空隙率并非“越大越好”，而是存在由目标反应活性和抗副反应稳定性共同决定的最优窗口。图5 三种Fe-S催化剂的Li-CO2电池性能对比及晶体空隙率-综合性能关系。Mvf-FeS在能量效率、过电位和循环寿命之间实现最佳平衡。3.6 面向火星环境的低温与低压验证研究进一步比较了多类火星含铁矿物作为催化材料的电化学表现，铁硫化物整体显示出更小的电压差。Mvf-FeS在-10至-40 ℃条件下仍可完成充放电，并实现了低于-10 ℃的实物点灯演示。在0.1 bar模拟火星气氛中，Mvf-FeS也保持稳定充电行为和最低充电过电位，显示出对低压CO2传质及痕量含氧物种的综合适应能力。由此可构建面向火星任务的原位资源利用路线：捕集火星大气CO2，开采含铁硫化物并制备催化电极，组装Li-CO2电池，为照明、卫星和巡视探测等负载供能。与仅从人工合成材料中寻找高活性催化剂不同，本工作把候选空间扩展至火星天然Fe-S矿物，并以可量化描述符进行理性筛选，从而将地外矿物利用由“按元素成分取材”推进到“按结构和电子态精准设计”。图6 火星含铁矿物筛选、低温运行与原位资源供能构想。Mvf-FeS在不同电流密度、低温及模拟火星环境下展现出较优综合性能。【核心结论】本工作首次从前线轨道耦合角度建立Li-CO2电池催化剂活性-稳定性权衡的统一机制框架，并提出晶体空隙率这一可预测结构描述符：它把FeS6八面体连接与原子堆积、Fe中心含z分量3d轨道调控及含氧物种亲和力直接关联起来。中等空隙率白铁矿FeS2由此实现“选择性氧亲和”，在高效分解Li2CO3的同时抑制1O2腐蚀。相较于依赖经验或单一活性指标的筛选方式，该描述符提供了物理图像更清晰、具有可迁移潜力的设计路径。更重要的是，本工作把催化剂候选空间拓展至火星天然Fe-S矿物，为地外原位资源利用与可持续深空能源存储建立了从结构筛选到性能验证的完整范式；相关认识也有望启发其他涉及活性氧中间体的能源材料、电催化和界面反应体系。【文献详情】论文题目：Crystal Void Fraction-Engineered Fe-S Catalysts for Self-Sustaining Li-CO2 Mars Batteries期刊：Angewandte Chemie International Edition作者：Tianchen Wei, Leyi Su, Liang Wu, Yuchun Liu, Yuxin Xiao, Xingwu Zhai, Zhixin Sun, Jing Zhang, Xinyun Wang, Cong Han, Ziyu Li, Min Zhou共同第一作者：Tianchen Wei, Leyi Su, Liang Wu, Yuchun Liu；通讯作者：Ziyu Li（李子玉）、Min Zhou（周敏）。论文编号：e6292528；接收日期：2026年7月27日。DOI：https://doi.org/10.1002/anie.6292528【作者简介】周敏教授：中国科学技术大学教授、博士生导师，国家创新人才引进计划青年项目入选者，长期从事非晶态材料的合成与应用研究，在结构单元设计、基元原位演化等方面开展了深入系统的研究，实现多类新材料创制，并围绕离子、电子、声子等输运及其在金属离子电池、金属CO2电池中的关键材料设计和应用开展了一系列研究工作。迄今在Nat. Commun.、Sci. Adv.、Angew. Chem. Int. Ed.、J. Am. Chem. Soc.、Adv. Mater.等国际期刊发表论文100余篇。目前担任J. Semi.、Smart Mater.等杂志编委/青年编委，主持国家重点研发计划课题、国家自然科学基金等多项项目。课题组长期招聘博士后与特任副研究员，欢迎对相关研究方向感兴趣的申请者发送邮件至：mzchem@ustc.edu.cn。文章来源：能源学人《固态电池行业技术发展与市场投资前景分析》《钠离子电池技术发展与产业前景研究报告》《富锂锰基动力电池产业研究及其市场前景分析》《中国全固态薄膜电池和全固态超级电容器技术与市场调研报告》《中国高能量高功率锂离子电池负极材料技术发展与市场投资规划报告》▲以上报告由深水科技咨询制作 咨询电话：***********火星长期探测与未来驻留需要能够就地取材、持续运行的能源系统。火星大气中CO2含量约为95%",,,,pending
华中科技大学李露颖&罗家俊&唐江最新Science Advances：通过对热蒸发钙钛矿进行晶格工程，可以实现单片集成微显示器,钙钛矿太阳能电池,钙钛矿太阳能电池,"RIOnews API, 钙钛矿, 柔性钙钛矿, 学术研究, 大学, 教授",normal,2026-08-23T20:00:00+08:00,,钙钛矿发光二极管因其优异的效率和亮度，近年来在下一代微型显示器领域展现出巨大的应用潜力。然而，目前性能最佳的PeLED通常存在亮度低、效率滚降严重以及像素尺寸低至2 μm时单片集成难度大等问题。鉴于此，2026年8月19日华中科技大学李露颖&罗家俊&唐江于Science Advances刊发通过对热蒸发钙钛矿进行晶格工程，可以实现单片集成微显示器的研究成果，本文提出了一种针对热蒸发钙钛矿的晶格工程方法，该方法能够同时实现高性能PeLED和高分辨率单片集成，从而满足钙钛矿微型显示器的应用需求。通过原位引入FABr实现的晶格工程能够有效抑制纳米晶体内部的Ruddlesden-Popper（RP）缺,http://mp.weixin.qq.com/s?__biz=MzIwNDAzNzcwMA==&mid=2456843391&idx=5&sn=a702a0ae9f99c99cff7dd7eb29f436fb,,钙钛矿发光二极管因其优异的效率和亮度，近年来在下一代微型显示器领域展现出巨大的应用潜力。然而，目前性能最佳的PeLED通常存在亮度低、效率滚降严重以及像素尺寸低至2 μm时单片集成难度大等问题。鉴于此，2026年8月19日华中科技大学李露颖&罗家俊&唐江于Science Advances刊发通过对热蒸发钙钛矿进行晶格工程，可以实现单片集成微显示器的研究成果，本文提出了一种针对热蒸发钙钛矿的晶格工程方法，该方法能够同时实现高性能PeLED和高分辨率单片集成，从而满足钙钛矿微型显示器的应用需求。通过原位引入FABr实现的晶格工程能够有效抑制纳米晶体内部的Ruddlesden-Popper（RP）缺,"钙钛矿发光二极管因其优异的效率和亮度，近年来在下一代微型显示器领域展现出巨大的应用潜力。然而，目前性能最佳的PeLED通常存在亮度低、效率滚降严重以及像素尺寸低至2 μm时单片集成难度大等问题。鉴于此，2026年8月19日华中科技大学李露颖&罗家俊&唐江于Science Advances刊发通过对热蒸发钙钛矿进行晶格工程，可以实现单片集成微显示器的研究成果，本文提出了一种针对热蒸发钙钛矿的晶格工程方法，该方法能够同时实现高性能PeLED和高分辨率单片集成，从而满足钙钛矿微型显示器的应用需求。通过原位引入FABr实现的晶格工程能够有效抑制纳米晶体内部的Ruddlesden-Popper（RP）缺陷，并获得均匀的电场分布，从而减少电荷积累并抑制俄歇复合。进一步制备了采用全真空沉积器件结构的钙钛矿发光二极管（PeLED），其外部量子效率达到20.6%，亮度超过160,000 cd m−2，且效率滚降较小。更重要的是，通过工艺和器件优化，实现了在互补金属氧化物半导体（CMOS）驱动像素坑表面纳米级共形沉积，从而开发出分辨率为3,000像素/英寸（PPI）的钙钛矿微显示器，能够显示清晰的视频。该研究为微显示技术的发展铺平了道路。原文：https://www.science.org/doi/10.1126/sciadv.aeg7804钙钛矿方向课题组网站NREL网站：https://www.nrel.gov/pv/cell-efficiency.htmlGratzel课题组网站：http://lpi.epfl.ch/publicationsSnaith课题组网站：https://www2.physics.ox.ac.uk/contacts/people/snaith/publicationsYangYang课题组网站：https://yylab.seas.ucla.edu/publications.html黄劲松课题组网站：https://huangjinsong.wixsite.com/group/publications李美成课题组网站：https://nemd.ncepu.edu.cn/戚亚冰课题组网站：https://groups.oist.jp/emssu/publications周欢萍课题组网站：https://happyzhou.wixsite.com/happylabs金松课题组网站：https://jin.chem.wisc.edu/content/song-jin陈棋课题组网站：https://cheerslab.net/丁黎明课题组网站：http://www.nanoctr.cn/opv/yjcg/孟庆波课题组网站：http://solar.iphy.ac.cn/index.php/?page_id=5103张春福课题组网站：https://web.xidian.edu.cn/cfzhang/Jin Young Kim 课题组网站：https://ngel.unist.ac.kr/papers/Nam-Gyu Park课题组网站：http://ngpl.skku.edu/sub/sub04_01.php?cat_no=37&sNum=1叶轩立课题组网站：https://www.yipgroup.info/research唐江课题组网站：：http://tfsc.wnlo.hust.edu.cn/info/1153/1594.htmSargent课题组网站：https://light.utoronto.ca/publications/2021-1/Seok课题组网站：https://seoksi.unist.ac.kr/publication/周圆圆课题组网站：https://www.alvinyzhou.com/all-papers王漾课题组网站：https://www.x-mol.com/groups/steven_wangyang陈树林（钙钛矿透射电子显微学）网站：http://grzy.hnu.edu.cn/site/index/chenshulin赵清课题组网站：http://faculty.pku.edu.cn/~vuaQVn/zh_CN/index.htm钙钛矿LED世界记录每日更新蓝光钙钛矿LED最高EQE26.4% 保持团队：浙江大学狄大卫&叶志镇&戴兴良团队 更新时间：2024年7月17日红光钙钛矿LED最高EQE32.5% 保持团队： 中科院半导体所张兴旺&游经碧 更新时间：2025年5月23日红光叠层钙钛矿LED最高EQE45.5% 保持团队： 南京工业大学王娜娜&黄维&王建浦 更新时间：2025年11月11日 绿光钙钛矿LED最高EQE31% 保持团队：华南理工大学陈江山&马东阁&澳门大学邢贵川 更新时间：2024年9月23日钙钛矿太阳能电池世界记录每日更新钙钛矿太阳能电池最高稳态认证光电转化效率28% 保持单位：海南大学钙钛矿/硅叠层太阳能电池最高认证光电转化效率35.5% 保持单位：隆基钙钛矿/TOPcon叠层太阳能电池最高认证光电转化效率34.76% 保持单位：晶科能源钙钛矿/PERC叠层太阳能电池最高光电转化效率30.05% 保持单位：首尔大学Jin Young Kim柔性钙钛矿/硅叠层太阳能电池最高认证光电转化效率33.6% 保持单位：苏州大学杨新波&张晓宏&阿卜杜拉国王科技大学De Wolf钙钛矿/CIGS叠层太阳能电池最高认证光电转化效率30.1% 保持单位：武汉大学李建民&王胜&龚俊波&肖旭东钙钛矿/钙钛矿/硅三结叠层太阳能电池最高认证光电转化效率27.06% 保持单位：悉尼大学郑将辉&Anita W. Y. Ho-Baillie&厦门大学陈忠&深圳黑晶光电技术有限公司段磊平1cm² 钙钛矿太阳能电池最高光电转化效率26.90% 保持单位：苏州大学/新南威尔士大学/白马湖实验室52cm² 钙钛矿太阳能电池最高光电转化效率26.48% 保持单位：万度光能900cm² 钙钛矿太阳能电池最高光电转化效率24.36% 保持单位：脉络能源户内光伏最高效率44.72% 保持团队：中国暨南大学王有生&麦耀华团队 更新时间：2024年1月12日钙钛矿室内光伏组件最高认证孔径面积效率34.94%/国家光伏产业计量测试中心认证(12.80 cm2) 保持团队：暨南大学麦耀华教授团队钙钛矿/钙钛矿叠层太阳能电池最高光电转化效率/JET认证28.2% (1.038cm2) 保持团队：南京大学&仁烁光电钙钛矿/钙钛矿叠层太阳能电池最高认证效率31.55% 保持团队：光因科技钙钛矿/OPV叠层太阳能电池最高认证效率26.42% 保持团队：青岛大学刘玉强&欧阳丹&薄志山&南方科技大学丘龙斌&北京师范大学张文凯&四川大学李鸿祥 更新时间：2025年10月9日露天制备钙钛矿太阳能电池最高效率26.5% 保持团队：中国华北电力大学李美成团队 更新时间：2025年9月28日钙钛矿太阳能电池低温运行最高效率26.12% 保持团队：中国陕西师范大学赵奎团队 更新时间：2023年8月31日锡铅混合钙钛矿太阳能电池最高效率24.13% 保持团队：上海交通大学陈汉团队 更新时间：2024年8月12日宽带隙（1.67 eV）钙钛矿太阳能电池最高效率25.03% 保持团队：中科院半导体所蒋琦&游经碧 更新时间：2025年12月12日宽带隙（1.76 eV）钙钛矿太阳能电池最高效率21.42% 保持团队：河北大学杨少鹏&何庭伟 更新时间：2025年7月18日柔性钙钛矿太阳能电池最高效率26.61% 保持团队：九江市柔烁光电科技有限公司 更新时间：2024年9月28日二维钙钛矿太阳能电池（n=5）最高效率22.73% 保持团队：南昌大学胡婷&陈义旺 更新时间：2024年10月15日锡基钙钛矿太阳能电池最高效率17.89% 保持团队：复旦大学梁佳&南京理工大学徐勃&上海交通大学戚亚冰 更新时间：2025年10月15日全无机钙钛矿太阳能电池最高效率22.49% 保持团队：陕西师范大学田庆文&刘生忠 更新时间：2025年8月12日CsSnI3钙钛矿太阳能电池最高效率14.95% 保持团队：华中科技大学申燕&王鸣魁 更新时间：2025年5月21日FASnI3钙钛矿太阳能电池最高效率15.7% 保持团队：上海科技大学米启兮 更新时间：2024年4月2日碳电极钙钛矿太阳能电池最高效率23.6% 保持团队：大连理工大学王宇迪&史彦涛 更新时间：2025年11月5日无HTM碳电极全无机钙钛矿太阳能电池最高效率19.65％ 保持团队：华南农业大学饶华商&钟新华团队 更新时间：2025年1月13日无HTM碳电极钙钛矿太阳能电池最高效率20.1％ 保持团队：华南农业大学潘振晓&钟新华 更新时间：2024年5月31日CsPbI2Br钙钛矿太阳能电池最高效率18.14% 保持团队：北京化工大学李明华&化学所胡劲松 更新时间：2024年1月17日钙钛矿量子点太阳能电池的最高效率19.01% 保持团队：苏州大学袁建宇 更新时间：2025年8月15日 注：每个蓝色文字部分都带有超链接，超链接每篇都有参考文献，这里就不一一标注参考文献了。 此外，还有哪些没有归纳的记录，或者有新突破的记录，可以文末留言或者后台留言，以后每日及时更新。 国内最大钙钛矿电池QQ交流群，微信群添微信lili514091，欢迎加入点击阅读原文可获取原文仅用于学术分享，如有侵权，请联系删除。阅读原文2026年8月19日华中科技大学李露颖\x26amp;罗家俊\x26amp;唐江于Science Advances刊发通过对热蒸发钙钛矿进行晶格工程，可以实现单片集成微显示器的研究成果。",,,,pending
中科院化学所汪洋&宋延林&北京高能所陈雨最新EES：27.29%！！！通过双面界面锚定增强反式钙钛矿太阳能电池中的埋入结强度,钙钛矿太阳能电池,钙钛矿太阳能电池,"RIOnews API, 钙钛矿, 柔性钙钛矿, 学术研究, 大学, 教授",normal,2026-08-23T20:00:00+08:00,,"埋入式界面分层是导致反式钙钛矿太阳能电池运行稳定性差的主要原因。传统的自组装单分子层主要优化能级排列，但难以在透明导电氧化物（TCO）/SAM/钙钛矿界面处建立足够强的耦合。鉴于此，2026年8月19日中科院化学所汪洋&宋延林&北京高能所陈雨于EES刊发通过双面界面锚定增强反式钙钛矿太阳能电池中的埋入结强度的研究成果，本文引入2-甲基-4H噻吩并[3,2-b]吡咯-5-羧酸（MTPCA）作为双面界面锚定分子，用于重构埋入式界面。MTPCA能够同时稳定SAM在TCO上的锚定，并增强其与钙钛矿的耦合，从而形成更稳定的化学机械-电子（CMEE）结。这种增强的埋入式界面提高了粘附强度，促进了更均匀的自",http://mp.weixin.qq.com/s?__biz=MzIwNDAzNzcwMA==&mid=2456843391&idx=1&sn=c8168f799f8889c694c75f111844636f,,"埋入式界面分层是导致反式钙钛矿太阳能电池运行稳定性差的主要原因。传统的自组装单分子层主要优化能级排列，但难以在透明导电氧化物（TCO）/SAM/钙钛矿界面处建立足够强的耦合。鉴于此，2026年8月19日中科院化学所汪洋&宋延林&北京高能所陈雨于EES刊发通过双面界面锚定增强反式钙钛矿太阳能电池中的埋入结强度的研究成果，本文引入2-甲基-4H噻吩并[3,2-b]吡咯-5-羧酸（MTPCA）作为双面界面锚定分子，用于重构埋入式界面。MTPCA能够同时稳定SAM在TCO上的锚定，并增强其与钙钛矿的耦合，从而形成更稳定的化学机械-电子（CMEE）结。这种增强的埋入式界面提高了粘附强度，促进了更均匀的自","埋入式界面分层是导致反式钙钛矿太阳能电池运行稳定性差的主要原因。传统的自组装单分子层主要优化能级排列，但难以在透明导电氧化物（TCO）/SAM/钙钛矿界面处建立足够强的耦合。鉴于此，2026年8月19日中科院化学所汪洋&宋延林&北京高能所陈雨于EES刊发通过双面界面锚定增强反式钙钛矿太阳能电池中的埋入结强度的研究成果，本文引入2-甲基-4H噻吩并[3,2-b]吡咯-5-羧酸（MTPCA）作为双面界面锚定分子，用于重构埋入式界面。MTPCA能够同时稳定SAM在TCO上的锚定，并增强其与钙钛矿的耦合，从而形成更稳定的化学机械-电子（CMEE）结。这种增强的埋入式界面提高了粘附强度，促进了更均匀的自下而上结晶，抑制了界面缺陷的积累和非辐射复合，并改善了运行应力下的电荷收集。因此，经处理的器件实现了高达27.29%的最高功率转换效率，并显著提高了运行稳定性，在ISOS-L-1条件下运行近2000小时后仍能保持初始效率的约93%，在ISOS-L-3条件下运行1000小时后仍能保持初始效率的约90%。此外，一个具有代表性的、经MTPCA处理的大面积组件（活性面积为13.94 cm²）实现了23.69%的功率转换效率，这证明了这种埋入式界面增强策略适用于组件级器件的制造。这项工作证实了双面界面锚定是一种有效的分子策略，可以减轻埋入式界面分层，并实现高效、机械强度高且运行稳定的反式钙钛矿太阳能电池。原文：https://doi.org/10.1039/D6EE04307K钙钛矿方向课题组网站NREL网站：https://www.nrel.gov/pv/cell-efficiency.htmlGratzel课题组网站：http://lpi.epfl.ch/publicationsSnaith课题组网站：https://www2.physics.ox.ac.uk/contacts/people/snaith/publicationsYangYang课题组网站：https://yylab.seas.ucla.edu/publications.html黄劲松课题组网站：https://huangjinsong.wixsite.com/group/publications李美成课题组网站：https://nemd.ncepu.edu.cn/戚亚冰课题组网站：https://groups.oist.jp/emssu/publications周欢萍课题组网站：https://happyzhou.wixsite.com/happylabs金松课题组网站：https://jin.chem.wisc.edu/content/song-jin陈棋课题组网站：https://cheerslab.net/丁黎明课题组网站：http://www.nanoctr.cn/opv/yjcg/孟庆波课题组网站：http://solar.iphy.ac.cn/index.php/?page_id=5103张春福课题组网站：https://web.xidian.edu.cn/cfzhang/Jin Young Kim 课题组网站：https://ngel.unist.ac.kr/papers/Nam-Gyu Park课题组网站：http://ngpl.skku.edu/sub/sub04_01.php?cat_no=37&sNum=1叶轩立课题组网站：https://www.yipgroup.info/research唐江课题组网站：：http://tfsc.wnlo.hust.edu.cn/info/1153/1594.htmSargent课题组网站：https://light.utoronto.ca/publications/2021-1/Seok课题组网站：https://seoksi.unist.ac.kr/publication/周圆圆课题组网站：https://www.alvinyzhou.com/all-papers王漾课题组网站：https://www.x-mol.com/groups/steven_wangyang陈树林（钙钛矿透射电子显微学）网站：http://grzy.hnu.edu.cn/site/index/chenshulin赵清课题组网站：http://faculty.pku.edu.cn/~vuaQVn/zh_CN/index.htm钙钛矿LED世界记录每日更新蓝光钙钛矿LED最高EQE26.4% 保持团队：浙江大学狄大卫&叶志镇&戴兴良团队 更新时间：2024年7月17日红光钙钛矿LED最高EQE32.5% 保持团队： 中科院半导体所张兴旺&游经碧 更新时间：2025年5月23日红光叠层钙钛矿LED最高EQE45.5% 保持团队： 南京工业大学王娜娜&黄维&王建浦 更新时间：2025年11月11日 绿光钙钛矿LED最高EQE31% 保持团队：华南理工大学陈江山&马东阁&澳门大学邢贵川 更新时间：2024年9月23日钙钛矿太阳能电池世界记录每日更新钙钛矿太阳能电池最高稳态认证光电转化效率28% 保持单位：海南大学钙钛矿/硅叠层太阳能电池最高认证光电转化效率35.5% 保持单位：隆基钙钛矿/TOPcon叠层太阳能电池最高认证光电转化效率34.76% 保持单位：晶科能源钙钛矿/PERC叠层太阳能电池最高光电转化效率30.05% 保持单位：首尔大学Jin Young Kim柔性钙钛矿/硅叠层太阳能电池最高认证光电转化效率33.6% 保持单位：苏州大学杨新波&张晓宏&阿卜杜拉国王科技大学De Wolf钙钛矿/CIGS叠层太阳能电池最高认证光电转化效率30.1% 保持单位：武汉大学李建民&王胜&龚俊波&肖旭东钙钛矿/钙钛矿/硅三结叠层太阳能电池最高认证光电转化效率27.06% 保持单位：悉尼大学郑将辉&Anita W. Y. Ho-Baillie&厦门大学陈忠&深圳黑晶光电技术有限公司段磊平1cm² 钙钛矿太阳能电池最高光电转化效率26.90% 保持单位：苏州大学/新南威尔士大学/白马湖实验室52cm² 钙钛矿太阳能电池最高光电转化效率26.48% 保持单位：万度光能900cm² 钙钛矿太阳能电池最高光电转化效率24.36% 保持单位：脉络能源户内光伏最高效率44.72% 保持团队：中国暨南大学王有生&麦耀华团队 更新时间：2024年1月12日钙钛矿室内光伏组件最高认证孔径面积效率34.94%/国家光伏产业计量测试中心认证(12.80 cm2) 保持团队：暨南大学麦耀华教授团队钙钛矿/钙钛矿叠层太阳能电池最高光电转化效率/JET认证28.2% (1.038cm2) 保持团队：南京大学&仁烁光电钙钛矿/钙钛矿叠层太阳能电池最高认证效率31.55% 保持团队：光因科技钙钛矿/OPV叠层太阳能电池最高认证效率26.42% 保持团队：青岛大学刘玉强&欧阳丹&薄志山&南方科技大学丘龙斌&北京师范大学张文凯&四川大学李鸿祥 更新时间：2025年10月9日露天制备钙钛矿太阳能电池最高效率26.5% 保持团队：中国华北电力大学李美成团队 更新时间：2025年9月28日钙钛矿太阳能电池低温运行最高效率26.12% 保持团队：中国陕西师范大学赵奎团队 更新时间：2023年8月31日锡铅混合钙钛矿太阳能电池最高效率24.13% 保持团队：上海交通大学陈汉团队 更新时间：2024年8月12日宽带隙（1.67 eV）钙钛矿太阳能电池最高效率25.03% 保持团队：中科院半导体所蒋琦&游经碧 更新时间：2025年12月12日宽带隙（1.76 eV）钙钛矿太阳能电池最高效率21.42% 保持团队：河北大学杨少鹏&何庭伟 更新时间：2025年7月18日柔性钙钛矿太阳能电池最高效率26.61% 保持团队：九江市柔烁光电科技有限公司 更新时间：2024年9月28日二维钙钛矿太阳能电池（n=5）最高效率22.73% 保持团队：南昌大学胡婷&陈义旺 更新时间：2024年10月15日锡基钙钛矿太阳能电池最高效率17.89% 保持团队：复旦大学梁佳&南京理工大学徐勃&上海交通大学戚亚冰 更新时间：2025年10月15日全无机钙钛矿太阳能电池最高效率22.49% 保持团队：陕西师范大学田庆文&刘生忠 更新时间：2025年8月12日CsSnI3钙钛矿太阳能电池最高效率14.95% 保持团队：华中科技大学申燕&王鸣魁 更新时间：2025年5月21日FASnI3钙钛矿太阳能电池最高效率15.7% 保持团队：上海科技大学米启兮 更新时间：2024年4月2日碳电极钙钛矿太阳能电池最高效率23.6% 保持团队：大连理工大学王宇迪&史彦涛 更新时间：2025年11月5日无HTM碳电极全无机钙钛矿太阳能电池最高效率19.65％ 保持团队：华南农业大学饶华商&钟新华团队 更新时间：2025年1月13日无HTM碳电极钙钛矿太阳能电池最高效率20.1％ 保持团队：华南农业大学潘振晓&钟新华 更新时间：2024年5月31日CsPbI2Br钙钛矿太阳能电池最高效率18.14% 保持团队：北京化工大学李明华&化学所胡劲松 更新时间：2024年1月17日钙钛矿量子点太阳能电池的最高效率19.01% 保持团队：苏州大学袁建宇 更新时间：2025年8月15日 注：每个蓝色文字部分都带有超链接，超链接每篇都有参考文献，这里就不一一标注参考文献了。 此外，还有哪些没有归纳的记录，或者有新突破的记录，可以文末留言或者后台留言，以后每日及时更新。 国内最大钙钛矿电池QQ交流群，微信群添微信lili514091，欢迎加入点击阅读原文可获取原文仅用于学术分享，如有侵权，请联系删除。阅读原文2026年8月19日中科院化学所汪洋\x26amp;宋延林\x26amp;北京高能所陈雨于EES刊发通过双面界面锚定增强反式钙钛矿太阳能电池中的埋入结强度的研究成果。",,,,pending
高丽大学Seungmin Lee&Jun Hong Noh AEM：干接触修整策略用于全钙钛矿叠层太阳能电池,钙钛矿太阳能电池,钙钛矿太阳能电池,"RIOnews API, 钙钛矿, 全钙钛矿叠层, 窄带隙钙钛矿, 柔性钙钛矿, 学术研究, 大学, 教授",normal,2026-08-23T20:00:00+08:00,,全钙钛矿叠层太阳能电池利用金属卤化物钙钛矿的固溶体特性，通过调节宽带隙和窄带隙子电池的带隙，实现电流匹配和高光电压。带隙约为1.2–1.3 eV的Sn–Pb混合钙钛矿是极具吸引力的底部吸收层材料，但富Sn表面区域、深度相关的成分不均匀性以及相关的能带排列问题限制了光电流和光电压。鉴于此，2026年7月1日高丽大学Seungmin Lee&Jun Hong Noh于AEM刊发干接触修整策略用于全钙钛矿叠层太阳能电池的研究成果，本文提出了一种层状钙钛矿辅助的干接触修整（LDT）策略，用于在薄膜形成后重构Sn–Pb窄带隙钙钛矿。首先，将Dion–Jacobson相的乙二胺碘化铅（EDAPbI4）薄膜,http://mp.weixin.qq.com/s?__biz=MzIwNDAzNzcwMA==&mid=2456843391&idx=8&sn=5b48611f4a02072ee606c2cf9e3ec51b,,全钙钛矿叠层太阳能电池利用金属卤化物钙钛矿的固溶体特性，通过调节宽带隙和窄带隙子电池的带隙，实现电流匹配和高光电压。带隙约为1.2–1.3 eV的Sn–Pb混合钙钛矿是极具吸引力的底部吸收层材料，但富Sn表面区域、深度相关的成分不均匀性以及相关的能带排列问题限制了光电流和光电压。鉴于此，2026年7月1日高丽大学Seungmin Lee&Jun Hong Noh于AEM刊发干接触修整策略用于全钙钛矿叠层太阳能电池的研究成果，本文提出了一种层状钙钛矿辅助的干接触修整（LDT）策略，用于在薄膜形成后重构Sn–Pb窄带隙钙钛矿。首先，将Dion–Jacobson相的乙二胺碘化铅（EDAPbI4）薄膜,全钙钛矿叠层太阳能电池利用金属卤化物钙钛矿的固溶体特性，通过调节宽带隙和窄带隙子电池的带隙，实现电流匹配和高光电压。带隙约为1.2–1.3 eV的Sn–Pb混合钙钛矿是极具吸引力的底部吸收层材料，但富Sn表面区域、深度相关的成分不均匀性以及相关的能带排列问题限制了光电流和光电压。鉴于此，2026年7月1日高丽大学Seungmin Lee&Jun Hong Noh于AEM刊发干接触修整策略用于全钙钛矿叠层太阳能电池的研究成果，本文提出了一种层状钙钛矿辅助的干接触修整（LDT）策略，用于在薄膜形成后重构Sn–Pb窄带隙钙钛矿。首先，将Dion–Jacobson相的乙二胺碘化铅（EDAPbI4）薄膜与Sn–Pb钙钛矿进行瞬态固态接触，然后在接触退火后将其去除。EDAPbI4作为一种临时固态接触层，能够去除富锡表面物种，并降低深度相关的晶格和成分不均匀性，且不会形成残留的二维覆盖层。这种重构缓解了锡铅钙钛矿/传输层界面处的反向能带弯曲，抑制了非辐射界面复合，并降低了开路电压损失。改善的晶格/成分均匀性也使得较厚的锡铅吸收层能够保持高效的电荷收集和高短路电流密度。因此，单结锡铅器件的效率超过24%，而单片全钙钛矿叠层器件的效率超过30%，且具有可重复的性能和运行稳定性。这些结果表明，LDT是一种用于调控混合钙钛矿固溶体及其界面的互补型后结晶策略。原文：https://advanced.onlinelibrary.wiley.com/doi/10.1002/aenm.202506753钙钛矿方向课题组网站NREL网站：https://www.nrel.gov/pv/cell-efficiency.htmlGratzel课题组网站：http://lpi.epfl.ch/publicationsSnaith课题组网站：https://www2.physics.ox.ac.uk/contacts/people/snaith/publicationsYangYang课题组网站：https://yylab.seas.ucla.edu/publications.html黄劲松课题组网站：https://huangjinsong.wixsite.com/group/publications李美成课题组网站：https://nemd.ncepu.edu.cn/戚亚冰课题组网站：https://groups.oist.jp/emssu/publications周欢萍课题组网站：https://happyzhou.wixsite.com/happylabs金松课题组网站：https://jin.chem.wisc.edu/content/song-jin陈棋课题组网站：https://cheerslab.net/丁黎明课题组网站：http://www.nanoctr.cn/opv/yjcg/孟庆波课题组网站：http://solar.iphy.ac.cn/index.php/?page_id=5103张春福课题组网站：https://web.xidian.edu.cn/cfzhang/Jin Young Kim 课题组网站：https://ngel.unist.ac.kr/papers/Nam-Gyu Park课题组网站：http://ngpl.skku.edu/sub/sub04_01.php?cat_no=37&sNum=1叶轩立课题组网站：https://www.yipgroup.info/research唐江课题组网站：：http://tfsc.wnlo.hust.edu.cn/info/1153/1594.htmSargent课题组网站：https://light.utoronto.ca/publications/2021-1/Seok课题组网站：https://seoksi.unist.ac.kr/publication/周圆圆课题组网站：https://www.alvinyzhou.com/all-papers王漾课题组网站：https://www.x-mol.com/groups/steven_wangyang陈树林（钙钛矿透射电子显微学）网站：http://grzy.hnu.edu.cn/site/index/chenshulin赵清课题组网站：http://faculty.pku.edu.cn/~vuaQVn/zh_CN/index.htm钙钛矿LED世界记录每日更新蓝光钙钛矿LED最高EQE26.4% 保持团队：浙江大学狄大卫&叶志镇&戴兴良团队 更新时间：2024年7月17日红光钙钛矿LED最高EQE32.5% 保持团队： 中科院半导体所张兴旺&游经碧 更新时间：2025年5月23日红光叠层钙钛矿LED最高EQE45.5% 保持团队： 南京工业大学王娜娜&黄维&王建浦 更新时间：2025年11月11日 绿光钙钛矿LED最高EQE31% 保持团队：华南理工大学陈江山&马东阁&澳门大学邢贵川 更新时间：2024年9月23日钙钛矿太阳能电池世界记录每日更新钙钛矿太阳能电池最高稳态认证光电转化效率28% 保持单位：海南大学钙钛矿/硅叠层太阳能电池最高认证光电转化效率35.5% 保持单位：隆基钙钛矿/TOPcon叠层太阳能电池最高认证光电转化效率34.76% 保持单位：晶科能源钙钛矿/PERC叠层太阳能电池最高光电转化效率30.05% 保持单位：首尔大学Jin Young Kim柔性钙钛矿/硅叠层太阳能电池最高认证光电转化效率33.6% 保持单位：苏州大学杨新波&张晓宏&阿卜杜拉国王科技大学De Wolf钙钛矿/CIGS叠层太阳能电池最高认证光电转化效率30.1% 保持单位：武汉大学李建民&王胜&龚俊波&肖旭东钙钛矿/钙钛矿/硅三结叠层太阳能电池最高认证光电转化效率27.06% 保持单位：悉尼大学郑将辉&Anita W. Y. Ho-Baillie&厦门大学陈忠&深圳黑晶光电技术有限公司段磊平1cm² 钙钛矿太阳能电池最高光电转化效率26.90% 保持单位：苏州大学/新南威尔士大学/白马湖实验室52cm² 钙钛矿太阳能电池最高光电转化效率26.48% 保持单位：万度光能900cm² 钙钛矿太阳能电池最高光电转化效率24.36% 保持单位：脉络能源户内光伏最高效率44.72% 保持团队：中国暨南大学王有生&麦耀华团队 更新时间：2024年1月12日钙钛矿室内光伏组件最高认证孔径面积效率34.94%/国家光伏产业计量测试中心认证(12.80 cm2) 保持团队：暨南大学麦耀华教授团队钙钛矿/钙钛矿叠层太阳能电池最高光电转化效率/JET认证28.2% (1.038cm2) 保持团队：南京大学&仁烁光电钙钛矿/钙钛矿叠层太阳能电池最高认证效率31.55% 保持团队：光因科技钙钛矿/OPV叠层太阳能电池最高认证效率26.42% 保持团队：青岛大学刘玉强&欧阳丹&薄志山&南方科技大学丘龙斌&北京师范大学张文凯&四川大学李鸿祥 更新时间：2025年10月9日露天制备钙钛矿太阳能电池最高效率26.5% 保持团队：中国华北电力大学李美成团队 更新时间：2025年9月28日钙钛矿太阳能电池低温运行最高效率26.12% 保持团队：中国陕西师范大学赵奎团队 更新时间：2023年8月31日锡铅混合钙钛矿太阳能电池最高效率24.13% 保持团队：上海交通大学陈汉团队 更新时间：2024年8月12日宽带隙（1.67 eV）钙钛矿太阳能电池最高效率25.03% 保持团队：中科院半导体所蒋琦&游经碧 更新时间：2025年12月12日宽带隙（1.76 eV）钙钛矿太阳能电池最高效率21.42% 保持团队：河北大学杨少鹏&何庭伟 更新时间：2025年7月18日柔性钙钛矿太阳能电池最高效率26.61% 保持团队：九江市柔烁光电科技有限公司 更新时间：2024年9月28日二维钙钛矿太阳能电池（n=5）最高效率22.73% 保持团队：南昌大学胡婷&陈义旺 更新时间：2024年10月15日锡基钙钛矿太阳能电池最高效率17.89% 保持团队：复旦大学梁佳&南京理工大学徐勃&上海交通大学戚亚冰 更新时间：2025年10月15日全无机钙钛矿太阳能电池最高效率22.49% 保持团队：陕西师范大学田庆文&刘生忠 更新时间：2025年8月12日CsSnI3钙钛矿太阳能电池最高效率14.95% 保持团队：华中科技大学申燕&王鸣魁 更新时间：2025年5月21日FASnI3钙钛矿太阳能电池最高效率15.7% 保持团队：上海科技大学米启兮 更新时间：2024年4月2日碳电极钙钛矿太阳能电池最高效率23.6% 保持团队：大连理工大学王宇迪&史彦涛 更新时间：2025年11月5日无HTM碳电极全无机钙钛矿太阳能电池最高效率19.65％ 保持团队：华南农业大学饶华商&钟新华团队 更新时间：2025年1月13日无HTM碳电极钙钛矿太阳能电池最高效率20.1％ 保持团队：华南农业大学潘振晓&钟新华 更新时间：2024年5月31日CsPbI2Br钙钛矿太阳能电池最高效率18.14% 保持团队：北京化工大学李明华&化学所胡劲松 更新时间：2024年1月17日钙钛矿量子点太阳能电池的最高效率19.01% 保持团队：苏州大学袁建宇 更新时间：2025年8月15日 注：每个蓝色文字部分都带有超链接，超链接每篇都有参考文献，这里就不一一标注参考文献了。 此外，还有哪些没有归纳的记录，或者有新突破的记录，可以文末留言或者后台留言，以后每日及时更新。 国内最大钙钛矿电池QQ交流群，微信群添微信lili514091，欢迎加入点击阅读原文可获取原文仅用于学术分享，如有侵权，请联系删除。阅读原文2026年7月1日高丽大学Seungmin Lee\x26amp;Jun Hong Noh于AEM刊发干接触修整策略用于全钙钛矿叠层太阳能电池的研究成果。,,,,pending
香港城市大学Alex K.-Y. Jen最新AM：有机n型分子介导结晶调控用于锡铅钙钛矿太阳能电池,钙钛矿太阳能电池,钙钛矿太阳能电池,"RIOnews API, 钙钛矿, 柔性钙钛矿, 学术研究, 大学, 教授",normal,2026-08-23T20:00:00+08:00,,窄带隙Sn-Pb钙钛矿在构建叠层钙钛矿太阳能电池方面展现出巨大的潜力。然而，Sn-Pb钙钛矿太阳能电池中的Sn²⁺易被氧化为Sn⁴⁺，这种B位Sn⁴⁺会引入过量的正电荷，导致严重的p型自掺杂，从而钉扎费米能级并加剧非辐射复合。此外，Sn基组分的结晶速度远快于Pb基组分，导致Sn-Pb结晶不平衡。鉴于此，2026年8月17日香港城市大学Alex K.-Y. Jen于AM刊发有机n型分子介导结晶调控用于锡铅钙钛矿太阳能电池的研究成果，开发了一种新型n型分子NDBH作为钙钛矿添加剂。该分子具有三个关键优势：通过螯合作用防止Sn²⁺氧化并阻止氧沿晶界渗入；通过选择性螯合Sn²⁺平衡Sn-Pb钙钛矿的结,http://mp.weixin.qq.com/s?__biz=MzIwNDAzNzcwMA==&mid=2456843391&idx=3&sn=42b3e035b6cf0e18ab14cf0dc3e1530e,,窄带隙Sn-Pb钙钛矿在构建叠层钙钛矿太阳能电池方面展现出巨大的潜力。然而，Sn-Pb钙钛矿太阳能电池中的Sn²⁺易被氧化为Sn⁴⁺，这种B位Sn⁴⁺会引入过量的正电荷，导致严重的p型自掺杂，从而钉扎费米能级并加剧非辐射复合。此外，Sn基组分的结晶速度远快于Pb基组分，导致Sn-Pb结晶不平衡。鉴于此，2026年8月17日香港城市大学Alex K.-Y. Jen于AM刊发有机n型分子介导结晶调控用于锡铅钙钛矿太阳能电池的研究成果，开发了一种新型n型分子NDBH作为钙钛矿添加剂。该分子具有三个关键优势：通过螯合作用防止Sn²⁺氧化并阻止氧沿晶界渗入；通过选择性螯合Sn²⁺平衡Sn-Pb钙钛矿的结,窄带隙Sn-Pb钙钛矿在构建叠层钙钛矿太阳能电池方面展现出巨大的潜力。然而，Sn-Pb钙钛矿太阳能电池中的Sn²⁺易被氧化为Sn⁴⁺，这种B位Sn⁴⁺会引入过量的正电荷，导致严重的p型自掺杂，从而钉扎费米能级并加剧非辐射复合。此外，Sn基组分的结晶速度远快于Pb基组分，导致Sn-Pb结晶不平衡。鉴于此，2026年8月17日香港城市大学Alex K.-Y. Jen于AM刊发有机n型分子介导结晶调控用于锡铅钙钛矿太阳能电池的研究成果，开发了一种新型n型分子NDBH作为钙钛矿添加剂。该分子具有三个关键优势：通过螯合作用防止Sn²⁺氧化并阻止氧沿晶界渗入；通过选择性螯合Sn²⁺平衡Sn-Pb钙钛矿的结晶速率；使钙钛矿表面更趋向n型。利用这种有机n型分子，反式Sn-Pb钙钛矿太阳能电池的功率转换效率达到了24.11%。该器件还展现出卓越的长期稳定性，在600小时的最大功率点（MPP）跟踪后，仍能保持初始效率的90%以上。这种设计多功能n型分子的方法为提高Sn-Pb钙钛矿太阳能电池的效率和稳定性提供了一种新的思路。原文：https://advanced.onlinelibrary.wiley.com/doi/10.1002/adma.74623钙钛矿方向课题组网站NREL网站：https://www.nrel.gov/pv/cell-efficiency.htmlGratzel课题组网站：http://lpi.epfl.ch/publicationsSnaith课题组网站：https://www2.physics.ox.ac.uk/contacts/people/snaith/publicationsYangYang课题组网站：https://yylab.seas.ucla.edu/publications.html黄劲松课题组网站：https://huangjinsong.wixsite.com/group/publications李美成课题组网站：https://nemd.ncepu.edu.cn/戚亚冰课题组网站：https://groups.oist.jp/emssu/publications周欢萍课题组网站：https://happyzhou.wixsite.com/happylabs金松课题组网站：https://jin.chem.wisc.edu/content/song-jin陈棋课题组网站：https://cheerslab.net/丁黎明课题组网站：http://www.nanoctr.cn/opv/yjcg/孟庆波课题组网站：http://solar.iphy.ac.cn/index.php/?page_id=5103张春福课题组网站：https://web.xidian.edu.cn/cfzhang/Jin Young Kim 课题组网站：https://ngel.unist.ac.kr/papers/Nam-Gyu Park课题组网站：http://ngpl.skku.edu/sub/sub04_01.php?cat_no=37&sNum=1叶轩立课题组网站：https://www.yipgroup.info/research唐江课题组网站：：http://tfsc.wnlo.hust.edu.cn/info/1153/1594.htmSargent课题组网站：https://light.utoronto.ca/publications/2021-1/Seok课题组网站：https://seoksi.unist.ac.kr/publication/周圆圆课题组网站：https://www.alvinyzhou.com/all-papers王漾课题组网站：https://www.x-mol.com/groups/steven_wangyang陈树林（钙钛矿透射电子显微学）网站：http://grzy.hnu.edu.cn/site/index/chenshulin赵清课题组网站：http://faculty.pku.edu.cn/~vuaQVn/zh_CN/index.htm钙钛矿LED世界记录每日更新蓝光钙钛矿LED最高EQE26.4% 保持团队：浙江大学狄大卫&叶志镇&戴兴良团队 更新时间：2024年7月17日红光钙钛矿LED最高EQE32.5% 保持团队： 中科院半导体所张兴旺&游经碧 更新时间：2025年5月23日红光叠层钙钛矿LED最高EQE45.5% 保持团队： 南京工业大学王娜娜&黄维&王建浦 更新时间：2025年11月11日 绿光钙钛矿LED最高EQE31% 保持团队：华南理工大学陈江山&马东阁&澳门大学邢贵川 更新时间：2024年9月23日钙钛矿太阳能电池世界记录每日更新钙钛矿太阳能电池最高稳态认证光电转化效率28% 保持单位：海南大学钙钛矿/硅叠层太阳能电池最高认证光电转化效率35.5% 保持单位：隆基钙钛矿/TOPcon叠层太阳能电池最高认证光电转化效率34.76% 保持单位：晶科能源钙钛矿/PERC叠层太阳能电池最高光电转化效率30.05% 保持单位：首尔大学Jin Young Kim柔性钙钛矿/硅叠层太阳能电池最高认证光电转化效率33.6% 保持单位：苏州大学杨新波&张晓宏&阿卜杜拉国王科技大学De Wolf钙钛矿/CIGS叠层太阳能电池最高认证光电转化效率30.1% 保持单位：武汉大学李建民&王胜&龚俊波&肖旭东钙钛矿/钙钛矿/硅三结叠层太阳能电池最高认证光电转化效率27.06% 保持单位：悉尼大学郑将辉&Anita W. Y. Ho-Baillie&厦门大学陈忠&深圳黑晶光电技术有限公司段磊平1cm² 钙钛矿太阳能电池最高光电转化效率26.90% 保持单位：苏州大学/新南威尔士大学/白马湖实验室52cm² 钙钛矿太阳能电池最高光电转化效率26.48% 保持单位：万度光能900cm² 钙钛矿太阳能电池最高光电转化效率24.36% 保持单位：脉络能源户内光伏最高效率44.72% 保持团队：中国暨南大学王有生&麦耀华团队 更新时间：2024年1月12日钙钛矿室内光伏组件最高认证孔径面积效率34.94%/国家光伏产业计量测试中心认证(12.80 cm2) 保持团队：暨南大学麦耀华教授团队钙钛矿/钙钛矿叠层太阳能电池最高光电转化效率/JET认证28.2% (1.038cm2) 保持团队：南京大学&仁烁光电钙钛矿/钙钛矿叠层太阳能电池最高认证效率31.55% 保持团队：光因科技钙钛矿/OPV叠层太阳能电池最高认证效率26.42% 保持团队：青岛大学刘玉强&欧阳丹&薄志山&南方科技大学丘龙斌&北京师范大学张文凯&四川大学李鸿祥 更新时间：2025年10月9日露天制备钙钛矿太阳能电池最高效率26.5% 保持团队：中国华北电力大学李美成团队 更新时间：2025年9月28日钙钛矿太阳能电池低温运行最高效率26.12% 保持团队：中国陕西师范大学赵奎团队 更新时间：2023年8月31日锡铅混合钙钛矿太阳能电池最高效率24.13% 保持团队：上海交通大学陈汉团队 更新时间：2024年8月12日宽带隙（1.67 eV）钙钛矿太阳能电池最高效率25.03% 保持团队：中科院半导体所蒋琦&游经碧 更新时间：2025年12月12日宽带隙（1.76 eV）钙钛矿太阳能电池最高效率21.42% 保持团队：河北大学杨少鹏&何庭伟 更新时间：2025年7月18日柔性钙钛矿太阳能电池最高效率26.61% 保持团队：九江市柔烁光电科技有限公司 更新时间：2024年9月28日二维钙钛矿太阳能电池（n=5）最高效率22.73% 保持团队：南昌大学胡婷&陈义旺 更新时间：2024年10月15日锡基钙钛矿太阳能电池最高效率17.89% 保持团队：复旦大学梁佳&南京理工大学徐勃&上海交通大学戚亚冰 更新时间：2025年10月15日全无机钙钛矿太阳能电池最高效率22.49% 保持团队：陕西师范大学田庆文&刘生忠 更新时间：2025年8月12日CsSnI3钙钛矿太阳能电池最高效率14.95% 保持团队：华中科技大学申燕&王鸣魁 更新时间：2025年5月21日FASnI3钙钛矿太阳能电池最高效率15.7% 保持团队：上海科技大学米启兮 更新时间：2024年4月2日碳电极钙钛矿太阳能电池最高效率23.6% 保持团队：大连理工大学王宇迪&史彦涛 更新时间：2025年11月5日无HTM碳电极全无机钙钛矿太阳能电池最高效率19.65％ 保持团队：华南农业大学饶华商&钟新华团队 更新时间：2025年1月13日无HTM碳电极钙钛矿太阳能电池最高效率20.1％ 保持团队：华南农业大学潘振晓&钟新华 更新时间：2024年5月31日CsPbI2Br钙钛矿太阳能电池最高效率18.14% 保持团队：北京化工大学李明华&化学所胡劲松 更新时间：2024年1月17日钙钛矿量子点太阳能电池的最高效率19.01% 保持团队：苏州大学袁建宇 更新时间：2025年8月15日 注：每个蓝色文字部分都带有超链接，超链接每篇都有参考文献，这里就不一一标注参考文献了。 此外，还有哪些没有归纳的记录，或者有新突破的记录，可以文末留言或者后台留言，以后每日及时更新。 国内最大钙钛矿电池QQ交流群，微信群添微信lili514091，欢迎加入点击阅读原文可获取原文仅用于学术分享，如有侵权，请联系删除。阅读原文2026年8月17日香港城市大学Alex K.-Y. Jen于AM刊发有机n型分子介导结晶调控用于锡铅钙钛矿太阳能电池的研究成果。,,,,pending
大连理工大学王宇迪最新AM：梯度超分子框架用于扩展钙钛矿太阳能电池空间电荷调制区域和增强载流子动力学,钙钛矿太阳能电池,钙钛矿太阳能电池,"RIOnews API, 钙钛矿, 柔性钙钛矿, 学术研究, 大学, 教授",normal,2026-08-23T20:00:00+08:00,,钙钛矿太阳能电池中高效的载流子分离和传输从根本上受到传统器件结构中固有的狭窄空间电荷区的限制，导致厚钙钛矿体在电学上处于非活性状态。鉴于此，2026年8月19日大连理工大学王宇迪&东北师范大学朱广山于AM刊发梯度超分子框架用于扩展钙钛矿太阳能电池空间电荷调制区域和增强载流子动力学的研究成果，本文报道了一种超分子梯度静电势调控策略，该策略利用氟功能化的多孔芳香骨架（PAF-2F）实现了钙钛矿吸收层中空间电荷的重新分布。PAF-2F的梯度引入能够连续调控钙钛矿体中的局部电子结构，从而建立起扩展的静电势梯度，并将载流子传输从扩散主导的运动转变为场辅助漂移。这种扩展的内部电场加速了电荷分离，抑制了非辐,http://mp.weixin.qq.com/s?__biz=MzIwNDAzNzcwMA==&mid=2456843391&idx=4&sn=6349a80f26e8bcb18eade5732c83874c,,钙钛矿太阳能电池中高效的载流子分离和传输从根本上受到传统器件结构中固有的狭窄空间电荷区的限制，导致厚钙钛矿体在电学上处于非活性状态。鉴于此，2026年8月19日大连理工大学王宇迪&东北师范大学朱广山于AM刊发梯度超分子框架用于扩展钙钛矿太阳能电池空间电荷调制区域和增强载流子动力学的研究成果，本文报道了一种超分子梯度静电势调控策略，该策略利用氟功能化的多孔芳香骨架（PAF-2F）实现了钙钛矿吸收层中空间电荷的重新分布。PAF-2F的梯度引入能够连续调控钙钛矿体中的局部电子结构，从而建立起扩展的静电势梯度，并将载流子传输从扩散主导的运动转变为场辅助漂移。这种扩展的内部电场加速了电荷分离，抑制了非辐,钙钛矿太阳能电池中高效的载流子分离和传输从根本上受到传统器件结构中固有的狭窄空间电荷区的限制，导致厚钙钛矿体在电学上处于非活性状态。鉴于此，2026年8月19日大连理工大学王宇迪&东北师范大学朱广山于AM刊发梯度超分子框架用于扩展钙钛矿太阳能电池空间电荷调制区域和增强载流子动力学的研究成果，本文报道了一种超分子梯度静电势调控策略，该策略利用氟功能化的多孔芳香骨架（PAF-2F）实现了钙钛矿吸收层中空间电荷的重新分布。PAF-2F的梯度引入能够连续调控钙钛矿体中的局部电子结构，从而建立起扩展的静电势梯度，并将载流子传输从扩散主导的运动转变为场辅助漂移。这种扩展的内部电场加速了电荷分离，抑制了非辐射复合，并增强了电荷提取，最终实现了高达26.66%的功率转换效率。此外，PAF-2F的刚性共轭框架和强界面相互作用稳定了梯度掺杂分布并抑制了离子迁移，从而实现了优异的运行稳定性，在不封装的情况下连续光照1000小时后仍能保持93%的效率。这项工作提出了一种用于钙钛矿半导体体电子结构调控的通用超分子策略，为同时实现高效率和长期稳定性提供了一条可行的途径。原文：https://advanced.onlinelibrary.wiley.com/doi/10.1002/adma.74489钙钛矿方向课题组网站NREL网站：https://www.nrel.gov/pv/cell-efficiency.htmlGratzel课题组网站：http://lpi.epfl.ch/publicationsSnaith课题组网站：https://www2.physics.ox.ac.uk/contacts/people/snaith/publicationsYangYang课题组网站：https://yylab.seas.ucla.edu/publications.html黄劲松课题组网站：https://huangjinsong.wixsite.com/group/publications李美成课题组网站：https://nemd.ncepu.edu.cn/戚亚冰课题组网站：https://groups.oist.jp/emssu/publications周欢萍课题组网站：https://happyzhou.wixsite.com/happylabs金松课题组网站：https://jin.chem.wisc.edu/content/song-jin陈棋课题组网站：https://cheerslab.net/丁黎明课题组网站：http://www.nanoctr.cn/opv/yjcg/孟庆波课题组网站：http://solar.iphy.ac.cn/index.php/?page_id=5103张春福课题组网站：https://web.xidian.edu.cn/cfzhang/Jin Young Kim 课题组网站：https://ngel.unist.ac.kr/papers/Nam-Gyu Park课题组网站：http://ngpl.skku.edu/sub/sub04_01.php?cat_no=37&sNum=1叶轩立课题组网站：https://www.yipgroup.info/research唐江课题组网站：：http://tfsc.wnlo.hust.edu.cn/info/1153/1594.htmSargent课题组网站：https://light.utoronto.ca/publications/2021-1/Seok课题组网站：https://seoksi.unist.ac.kr/publication/周圆圆课题组网站：https://www.alvinyzhou.com/all-papers王漾课题组网站：https://www.x-mol.com/groups/steven_wangyang陈树林（钙钛矿透射电子显微学）网站：http://grzy.hnu.edu.cn/site/index/chenshulin赵清课题组网站：http://faculty.pku.edu.cn/~vuaQVn/zh_CN/index.htm钙钛矿LED世界记录每日更新蓝光钙钛矿LED最高EQE26.4% 保持团队：浙江大学狄大卫&叶志镇&戴兴良团队 更新时间：2024年7月17日红光钙钛矿LED最高EQE32.5% 保持团队： 中科院半导体所张兴旺&游经碧 更新时间：2025年5月23日红光叠层钙钛矿LED最高EQE45.5% 保持团队： 南京工业大学王娜娜&黄维&王建浦 更新时间：2025年11月11日 绿光钙钛矿LED最高EQE31% 保持团队：华南理工大学陈江山&马东阁&澳门大学邢贵川 更新时间：2024年9月23日钙钛矿太阳能电池世界记录每日更新钙钛矿太阳能电池最高稳态认证光电转化效率28% 保持单位：海南大学钙钛矿/硅叠层太阳能电池最高认证光电转化效率35.5% 保持单位：隆基钙钛矿/TOPcon叠层太阳能电池最高认证光电转化效率34.76% 保持单位：晶科能源钙钛矿/PERC叠层太阳能电池最高光电转化效率30.05% 保持单位：首尔大学Jin Young Kim柔性钙钛矿/硅叠层太阳能电池最高认证光电转化效率33.6% 保持单位：苏州大学杨新波&张晓宏&阿卜杜拉国王科技大学De Wolf钙钛矿/CIGS叠层太阳能电池最高认证光电转化效率30.1% 保持单位：武汉大学李建民&王胜&龚俊波&肖旭东钙钛矿/钙钛矿/硅三结叠层太阳能电池最高认证光电转化效率27.06% 保持单位：悉尼大学郑将辉&Anita W. Y. Ho-Baillie&厦门大学陈忠&深圳黑晶光电技术有限公司段磊平1cm² 钙钛矿太阳能电池最高光电转化效率26.90% 保持单位：苏州大学/新南威尔士大学/白马湖实验室52cm² 钙钛矿太阳能电池最高光电转化效率26.48% 保持单位：万度光能900cm² 钙钛矿太阳能电池最高光电转化效率24.36% 保持单位：脉络能源户内光伏最高效率44.72% 保持团队：中国暨南大学王有生&麦耀华团队 更新时间：2024年1月12日钙钛矿室内光伏组件最高认证孔径面积效率34.94%/国家光伏产业计量测试中心认证(12.80 cm2) 保持团队：暨南大学麦耀华教授团队钙钛矿/钙钛矿叠层太阳能电池最高光电转化效率/JET认证28.2% (1.038cm2) 保持团队：南京大学&仁烁光电钙钛矿/钙钛矿叠层太阳能电池最高认证效率31.55% 保持团队：光因科技钙钛矿/OPV叠层太阳能电池最高认证效率26.42% 保持团队：青岛大学刘玉强&欧阳丹&薄志山&南方科技大学丘龙斌&北京师范大学张文凯&四川大学李鸿祥 更新时间：2025年10月9日露天制备钙钛矿太阳能电池最高效率26.5% 保持团队：中国华北电力大学李美成团队 更新时间：2025年9月28日钙钛矿太阳能电池低温运行最高效率26.12% 保持团队：中国陕西师范大学赵奎团队 更新时间：2023年8月31日锡铅混合钙钛矿太阳能电池最高效率24.13% 保持团队：上海交通大学陈汉团队 更新时间：2024年8月12日宽带隙（1.67 eV）钙钛矿太阳能电池最高效率25.03% 保持团队：中科院半导体所蒋琦&游经碧 更新时间：2025年12月12日宽带隙（1.76 eV）钙钛矿太阳能电池最高效率21.42% 保持团队：河北大学杨少鹏&何庭伟 更新时间：2025年7月18日柔性钙钛矿太阳能电池最高效率26.61% 保持团队：九江市柔烁光电科技有限公司 更新时间：2024年9月28日二维钙钛矿太阳能电池（n=5）最高效率22.73% 保持团队：南昌大学胡婷&陈义旺 更新时间：2024年10月15日锡基钙钛矿太阳能电池最高效率17.89% 保持团队：复旦大学梁佳&南京理工大学徐勃&上海交通大学戚亚冰 更新时间：2025年10月15日全无机钙钛矿太阳能电池最高效率22.49% 保持团队：陕西师范大学田庆文&刘生忠 更新时间：2025年8月12日CsSnI3钙钛矿太阳能电池最高效率14.95% 保持团队：华中科技大学申燕&王鸣魁 更新时间：2025年5月21日FASnI3钙钛矿太阳能电池最高效率15.7% 保持团队：上海科技大学米启兮 更新时间：2024年4月2日碳电极钙钛矿太阳能电池最高效率23.6% 保持团队：大连理工大学王宇迪&史彦涛 更新时间：2025年11月5日无HTM碳电极全无机钙钛矿太阳能电池最高效率19.65％ 保持团队：华南农业大学饶华商&钟新华团队 更新时间：2025年1月13日无HTM碳电极钙钛矿太阳能电池最高效率20.1％ 保持团队：华南农业大学潘振晓&钟新华 更新时间：2024年5月31日CsPbI2Br钙钛矿太阳能电池最高效率18.14% 保持团队：北京化工大学李明华&化学所胡劲松 更新时间：2024年1月17日钙钛矿量子点太阳能电池的最高效率19.01% 保持团队：苏州大学袁建宇 更新时间：2025年8月15日 注：每个蓝色文字部分都带有超链接，超链接每篇都有参考文献，这里就不一一标注参考文献了。 此外，还有哪些没有归纳的记录，或者有新突破的记录，可以文末留言或者后台留言，以后每日及时更新。 国内最大钙钛矿电池QQ交流群，微信群添微信lili514091，欢迎加入点击阅读原文可获取原文仅用于学术分享，如有侵权，请联系删除。阅读原文2026年8月19日大连理工大学王宇迪\x26amp;东北师范大学朱广山于AM刊发梯度超分子框架用于扩展钙钛矿太阳能电池空间电荷调制区域和增强载流子动力学的研究成果。,,,,pending
南京工业大学秦天石&晶科徐孟雷最新AM：钙钛矿中具有自陷激子的低温熔融-结晶转变用于光伏下转换,钙钛矿太阳能电池,钙钛矿太阳能电池,"RIOnews API, 钙钛矿, 柔性钙钛矿, 学术研究, 大学, 教授",normal,2026-08-23T20:00:00+08:00,,自陷激子（STE）发射体展现出卓越的发光下转换（LDC）性能，实现了接近100%的光致发光量子产率（PLQY）和宽带发射，克服了传统荧光团的斯托克斯位移限制。这些特性源于通过优化配体场和量子限域效应精确设计的Jahn-Teller畸变中心，但稳定性和溶液加工性方面的实际挑战阻碍了其在光伏领域的应用。鉴于此，2026年7月12日南京工业大学Aifei Wang&秦天石&晶科徐孟雷于AM刊发钙钛矿中具有自陷激子的低温熔融-结晶转变用于光伏下转换的研究成果，本研究开发了一种锡卤化物钙钛矿，该材料具有独特的低温（125°C）可逆熔融-结晶转变特性，使其能够进行溶液加工，并通过零维自陷激子发射实现高效（,http://mp.weixin.qq.com/s?__biz=MzIwNDAzNzcwMA==&mid=2456843391&idx=7&sn=1afca6659391badc9a031ee3b22bc0df,,自陷激子（STE）发射体展现出卓越的发光下转换（LDC）性能，实现了接近100%的光致发光量子产率（PLQY）和宽带发射，克服了传统荧光团的斯托克斯位移限制。这些特性源于通过优化配体场和量子限域效应精确设计的Jahn-Teller畸变中心，但稳定性和溶液加工性方面的实际挑战阻碍了其在光伏领域的应用。鉴于此，2026年7月12日南京工业大学Aifei Wang&秦天石&晶科徐孟雷于AM刊发钙钛矿中具有自陷激子的低温熔融-结晶转变用于光伏下转换的研究成果，本研究开发了一种锡卤化物钙钛矿，该材料具有独特的低温（125°C）可逆熔融-结晶转变特性，使其能够进行溶液加工，并通过零维自陷激子发射实现高效（,自陷激子（STE）发射体展现出卓越的发光下转换（LDC）性能，实现了接近100%的光致发光量子产率（PLQY）和宽带发射，克服了传统荧光团的斯托克斯位移限制。这些特性源于通过优化配体场和量子限域效应精确设计的Jahn-Teller畸变中心，但稳定性和溶液加工性方面的实际挑战阻碍了其在光伏领域的应用。鉴于此，2026年7月12日南京工业大学Aifei Wang&秦天石&晶科徐孟雷于AM刊发钙钛矿中具有自陷激子的低温熔融-结晶转变用于光伏下转换的研究成果，本研究开发了一种锡卤化物钙钛矿，该材料具有独特的低温（125°C）可逆熔融-结晶转变特性，使其能够进行溶液加工，并通过零维自陷激子发射实现高效（>90% PLQY）的宽带发光下转换。当将其集成到发光下转换层时，这种可逆熔融-结晶自陷激子发射体能够提高硅太阳能电池在短波长区域的外量子效率，从而使功率转换效率绝对提升超过0.75%。研究结果为低温熔融加工钙钛矿在硅光伏器件中的集成建立了一种新的范式，在经济可行性和可扩展性方面，突破了当前的技术极限，提高了器件性能。原文：https://advanced.onlinelibrary.wiley.com/doi/10.1002/adma.202509056钙钛矿方向课题组网站NREL网站：https://www.nrel.gov/pv/cell-efficiency.htmlGratzel课题组网站：http://lpi.epfl.ch/publicationsSnaith课题组网站：https://www2.physics.ox.ac.uk/contacts/people/snaith/publicationsYangYang课题组网站：https://yylab.seas.ucla.edu/publications.html黄劲松课题组网站：https://huangjinsong.wixsite.com/group/publications李美成课题组网站：https://nemd.ncepu.edu.cn/戚亚冰课题组网站：https://groups.oist.jp/emssu/publications周欢萍课题组网站：https://happyzhou.wixsite.com/happylabs金松课题组网站：https://jin.chem.wisc.edu/content/song-jin陈棋课题组网站：https://cheerslab.net/丁黎明课题组网站：http://www.nanoctr.cn/opv/yjcg/孟庆波课题组网站：http://solar.iphy.ac.cn/index.php/?page_id=5103张春福课题组网站：https://web.xidian.edu.cn/cfzhang/Jin Young Kim 课题组网站：https://ngel.unist.ac.kr/papers/Nam-Gyu Park课题组网站：http://ngpl.skku.edu/sub/sub04_01.php?cat_no=37&sNum=1叶轩立课题组网站：https://www.yipgroup.info/research唐江课题组网站：：http://tfsc.wnlo.hust.edu.cn/info/1153/1594.htmSargent课题组网站：https://light.utoronto.ca/publications/2021-1/Seok课题组网站：https://seoksi.unist.ac.kr/publication/周圆圆课题组网站：https://www.alvinyzhou.com/all-papers王漾课题组网站：https://www.x-mol.com/groups/steven_wangyang陈树林（钙钛矿透射电子显微学）网站：http://grzy.hnu.edu.cn/site/index/chenshulin赵清课题组网站：http://faculty.pku.edu.cn/~vuaQVn/zh_CN/index.htm钙钛矿LED世界记录每日更新蓝光钙钛矿LED最高EQE26.4% 保持团队：浙江大学狄大卫&叶志镇&戴兴良团队 更新时间：2024年7月17日红光钙钛矿LED最高EQE32.5% 保持团队： 中科院半导体所张兴旺&游经碧 更新时间：2025年5月23日红光叠层钙钛矿LED最高EQE45.5% 保持团队： 南京工业大学王娜娜&黄维&王建浦 更新时间：2025年11月11日 绿光钙钛矿LED最高EQE31% 保持团队：华南理工大学陈江山&马东阁&澳门大学邢贵川 更新时间：2024年9月23日钙钛矿太阳能电池世界记录每日更新钙钛矿太阳能电池最高稳态认证光电转化效率28% 保持单位：海南大学钙钛矿/硅叠层太阳能电池最高认证光电转化效率35.5% 保持单位：隆基钙钛矿/TOPcon叠层太阳能电池最高认证光电转化效率34.76% 保持单位：晶科能源钙钛矿/PERC叠层太阳能电池最高光电转化效率30.05% 保持单位：首尔大学Jin Young Kim柔性钙钛矿/硅叠层太阳能电池最高认证光电转化效率33.6% 保持单位：苏州大学杨新波&张晓宏&阿卜杜拉国王科技大学De Wolf钙钛矿/CIGS叠层太阳能电池最高认证光电转化效率30.1% 保持单位：武汉大学李建民&王胜&龚俊波&肖旭东钙钛矿/钙钛矿/硅三结叠层太阳能电池最高认证光电转化效率27.06% 保持单位：悉尼大学郑将辉&Anita W. Y. Ho-Baillie&厦门大学陈忠&深圳黑晶光电技术有限公司段磊平1cm² 钙钛矿太阳能电池最高光电转化效率26.90% 保持单位：苏州大学/新南威尔士大学/白马湖实验室52cm² 钙钛矿太阳能电池最高光电转化效率26.48% 保持单位：万度光能900cm² 钙钛矿太阳能电池最高光电转化效率24.36% 保持单位：脉络能源户内光伏最高效率44.72% 保持团队：中国暨南大学王有生&麦耀华团队 更新时间：2024年1月12日钙钛矿室内光伏组件最高认证孔径面积效率34.94%/国家光伏产业计量测试中心认证(12.80 cm2) 保持团队：暨南大学麦耀华教授团队钙钛矿/钙钛矿叠层太阳能电池最高光电转化效率/JET认证28.2% (1.038cm2) 保持团队：南京大学&仁烁光电钙钛矿/钙钛矿叠层太阳能电池最高认证效率31.55% 保持团队：光因科技钙钛矿/OPV叠层太阳能电池最高认证效率26.42% 保持团队：青岛大学刘玉强&欧阳丹&薄志山&南方科技大学丘龙斌&北京师范大学张文凯&四川大学李鸿祥 更新时间：2025年10月9日露天制备钙钛矿太阳能电池最高效率26.5% 保持团队：中国华北电力大学李美成团队 更新时间：2025年9月28日钙钛矿太阳能电池低温运行最高效率26.12% 保持团队：中国陕西师范大学赵奎团队 更新时间：2023年8月31日锡铅混合钙钛矿太阳能电池最高效率24.13% 保持团队：上海交通大学陈汉团队 更新时间：2024年8月12日宽带隙（1.67 eV）钙钛矿太阳能电池最高效率25.03% 保持团队：中科院半导体所蒋琦&游经碧 更新时间：2025年12月12日宽带隙（1.76 eV）钙钛矿太阳能电池最高效率21.42% 保持团队：河北大学杨少鹏&何庭伟 更新时间：2025年7月18日柔性钙钛矿太阳能电池最高效率26.61% 保持团队：九江市柔烁光电科技有限公司 更新时间：2024年9月28日二维钙钛矿太阳能电池（n=5）最高效率22.73% 保持团队：南昌大学胡婷&陈义旺 更新时间：2024年10月15日锡基钙钛矿太阳能电池最高效率17.89% 保持团队：复旦大学梁佳&南京理工大学徐勃&上海交通大学戚亚冰 更新时间：2025年10月15日全无机钙钛矿太阳能电池最高效率22.49% 保持团队：陕西师范大学田庆文&刘生忠 更新时间：2025年8月12日CsSnI3钙钛矿太阳能电池最高效率14.95% 保持团队：华中科技大学申燕&王鸣魁 更新时间：2025年5月21日FASnI3钙钛矿太阳能电池最高效率15.7% 保持团队：上海科技大学米启兮 更新时间：2024年4月2日碳电极钙钛矿太阳能电池最高效率23.6% 保持团队：大连理工大学王宇迪&史彦涛 更新时间：2025年11月5日无HTM碳电极全无机钙钛矿太阳能电池最高效率19.65％ 保持团队：华南农业大学饶华商&钟新华团队 更新时间：2025年1月13日无HTM碳电极钙钛矿太阳能电池最高效率20.1％ 保持团队：华南农业大学潘振晓&钟新华 更新时间：2024年5月31日CsPbI2Br钙钛矿太阳能电池最高效率18.14% 保持团队：北京化工大学李明华&化学所胡劲松 更新时间：2024年1月17日钙钛矿量子点太阳能电池的最高效率19.01% 保持团队：苏州大学袁建宇 更新时间：2025年8月15日 注：每个蓝色文字部分都带有超链接，超链接每篇都有参考文献，这里就不一一标注参考文献了。 此外，还有哪些没有归纳的记录，或者有新突破的记录，可以文末留言或者后台留言，以后每日及时更新。 国内最大钙钛矿电池QQ交流群，微信群添微信lili514091，欢迎加入点击阅读原文可获取原文仅用于学术分享，如有侵权，请联系删除。阅读原文2026年7月12日南京工业大学Aifei Wang\x26amp;秦天石\x26amp;晶科徐孟雷于AM刊发钙钛矿中具有自陷激子的低温熔融-结晶转变用于光伏下转换的研究成果。,,,,pending
四川大学吴义辉&彭强最新Joule：可扩展的双步级联氧化镍沉积技术可实现高效反式钙钛矿太阳能电池和微型组件,钙钛矿太阳能电池,钙钛矿太阳能电池,"RIOnews API, 钙钛矿, 柔性钙钛矿, 学术研究, 大学, 教授",normal,2026-08-23T20:00:00+08:00,,反式钙钛矿太阳能电池在空穴传输层/钙钛矿界面处面临效率和稳定性瓶颈。鉴于此，2026年8月20日四川大学吴义辉&彭强于Joule刊发可扩展的双步级联氧化镍沉积技术可实现高效反式钙钛矿太阳能电池和微型组件的研究成果，本研究通过开发一种协同级联的NiOx结构来解决这些问题，该结构采用稳健的双步化学浴沉积策略制备。通过确定铷离子（Rb+）为最佳掺杂剂，构建了有利的界面能级排列，从而促进空穴提取并减少界面复合。除了其电子性能优势外，这种级联HTL还可作为多功能模板来调控后续钙钛矿的结晶，促进钙钛矿的应力弛豫生长并抑制埋入界面处的非辐射复合。因此，小面积（0.09 cm²）钙钛矿太阳能电池实现了27.0,http://mp.weixin.qq.com/s?__biz=MzIwNDAzNzcwMA==&mid=2456843391&idx=2&sn=876ecb9c55cf2694bb11ffa6ff31ec09,,反式钙钛矿太阳能电池在空穴传输层/钙钛矿界面处面临效率和稳定性瓶颈。鉴于此，2026年8月20日四川大学吴义辉&彭强于Joule刊发可扩展的双步级联氧化镍沉积技术可实现高效反式钙钛矿太阳能电池和微型组件的研究成果，本研究通过开发一种协同级联的NiOx结构来解决这些问题，该结构采用稳健的双步化学浴沉积策略制备。通过确定铷离子（Rb+）为最佳掺杂剂，构建了有利的界面能级排列，从而促进空穴提取并减少界面复合。除了其电子性能优势外，这种级联HTL还可作为多功能模板来调控后续钙钛矿的结晶，促进钙钛矿的应力弛豫生长并抑制埋入界面处的非辐射复合。因此，小面积（0.09 cm²）钙钛矿太阳能电池实现了27.0,反式钙钛矿太阳能电池在空穴传输层/钙钛矿界面处面临效率和稳定性瓶颈。鉴于此，2026年8月20日四川大学吴义辉&彭强于Joule刊发可扩展的双步级联氧化镍沉积技术可实现高效反式钙钛矿太阳能电池和微型组件的研究成果，本研究通过开发一种协同级联的NiOx结构来解决这些问题，该结构采用稳健的双步化学浴沉积策略制备。通过确定铷离子（Rb+）为最佳掺杂剂，构建了有利的界面能级排列，从而促进空穴提取并减少界面复合。除了其电子性能优势外，这种级联HTL还可作为多功能模板来调控后续钙钛矿的结晶，促进钙钛矿的应力弛豫生长并抑制埋入界面处的非辐射复合。因此，小面积（0.09 cm²）钙钛矿太阳能电池实现了27.05%的高功率转换效率（认证值为26.82%）和86.96%的填充因子。通过12.96 cm²的微型组件，实现了23.63%的光电转换效率，证明了该技术的工业可行性。此外，未封装的器件在运行1160小时后仍能保持93%以上的初始性能。这项工作建立了一种简便高效的级联设计方案，可用于可扩展的高性能钙钛矿器件制造原文：https://www.sciencedirect.com/science/article/abs/pii/S2542435126003193钙钛矿方向课题组网站NREL网站：https://www.nrel.gov/pv/cell-efficiency.htmlGratzel课题组网站：http://lpi.epfl.ch/publicationsSnaith课题组网站：https://www2.physics.ox.ac.uk/contacts/people/snaith/publicationsYangYang课题组网站：https://yylab.seas.ucla.edu/publications.html黄劲松课题组网站：https://huangjinsong.wixsite.com/group/publications李美成课题组网站：https://nemd.ncepu.edu.cn/戚亚冰课题组网站：https://groups.oist.jp/emssu/publications周欢萍课题组网站：https://happyzhou.wixsite.com/happylabs金松课题组网站：https://jin.chem.wisc.edu/content/song-jin陈棋课题组网站：https://cheerslab.net/丁黎明课题组网站：http://www.nanoctr.cn/opv/yjcg/孟庆波课题组网站：http://solar.iphy.ac.cn/index.php/?page_id=5103张春福课题组网站：https://web.xidian.edu.cn/cfzhang/Jin Young Kim 课题组网站：https://ngel.unist.ac.kr/papers/Nam-Gyu Park课题组网站：http://ngpl.skku.edu/sub/sub04_01.php?cat_no=37&sNum=1叶轩立课题组网站：https://www.yipgroup.info/research唐江课题组网站：：http://tfsc.wnlo.hust.edu.cn/info/1153/1594.htmSargent课题组网站：https://light.utoronto.ca/publications/2021-1/Seok课题组网站：https://seoksi.unist.ac.kr/publication/周圆圆课题组网站：https://www.alvinyzhou.com/all-papers王漾课题组网站：https://www.x-mol.com/groups/steven_wangyang陈树林（钙钛矿透射电子显微学）网站：http://grzy.hnu.edu.cn/site/index/chenshulin赵清课题组网站：http://faculty.pku.edu.cn/~vuaQVn/zh_CN/index.htm钙钛矿LED世界记录每日更新蓝光钙钛矿LED最高EQE26.4% 保持团队：浙江大学狄大卫&叶志镇&戴兴良团队 更新时间：2024年7月17日红光钙钛矿LED最高EQE32.5% 保持团队： 中科院半导体所张兴旺&游经碧 更新时间：2025年5月23日红光叠层钙钛矿LED最高EQE45.5% 保持团队： 南京工业大学王娜娜&黄维&王建浦 更新时间：2025年11月11日 绿光钙钛矿LED最高EQE31% 保持团队：华南理工大学陈江山&马东阁&澳门大学邢贵川 更新时间：2024年9月23日钙钛矿太阳能电池世界记录每日更新钙钛矿太阳能电池最高稳态认证光电转化效率28% 保持单位：海南大学钙钛矿/硅叠层太阳能电池最高认证光电转化效率35.5% 保持单位：隆基钙钛矿/TOPcon叠层太阳能电池最高认证光电转化效率34.76% 保持单位：晶科能源钙钛矿/PERC叠层太阳能电池最高光电转化效率30.05% 保持单位：首尔大学Jin Young Kim柔性钙钛矿/硅叠层太阳能电池最高认证光电转化效率33.6% 保持单位：苏州大学杨新波&张晓宏&阿卜杜拉国王科技大学De Wolf钙钛矿/CIGS叠层太阳能电池最高认证光电转化效率30.1% 保持单位：武汉大学李建民&王胜&龚俊波&肖旭东钙钛矿/钙钛矿/硅三结叠层太阳能电池最高认证光电转化效率27.06% 保持单位：悉尼大学郑将辉&Anita W. Y. Ho-Baillie&厦门大学陈忠&深圳黑晶光电技术有限公司段磊平1cm² 钙钛矿太阳能电池最高光电转化效率26.90% 保持单位：苏州大学/新南威尔士大学/白马湖实验室52cm² 钙钛矿太阳能电池最高光电转化效率26.48% 保持单位：万度光能900cm² 钙钛矿太阳能电池最高光电转化效率24.36% 保持单位：脉络能源户内光伏最高效率44.72% 保持团队：中国暨南大学王有生&麦耀华团队 更新时间：2024年1月12日钙钛矿室内光伏组件最高认证孔径面积效率34.94%/国家光伏产业计量测试中心认证(12.80 cm2) 保持团队：暨南大学麦耀华教授团队钙钛矿/钙钛矿叠层太阳能电池最高光电转化效率/JET认证28.2% (1.038cm2) 保持团队：南京大学&仁烁光电钙钛矿/钙钛矿叠层太阳能电池最高认证效率31.55% 保持团队：光因科技钙钛矿/OPV叠层太阳能电池最高认证效率26.42% 保持团队：青岛大学刘玉强&欧阳丹&薄志山&南方科技大学丘龙斌&北京师范大学张文凯&四川大学李鸿祥 更新时间：2025年10月9日露天制备钙钛矿太阳能电池最高效率26.5% 保持团队：中国华北电力大学李美成团队 更新时间：2025年9月28日钙钛矿太阳能电池低温运行最高效率26.12% 保持团队：中国陕西师范大学赵奎团队 更新时间：2023年8月31日锡铅混合钙钛矿太阳能电池最高效率24.13% 保持团队：上海交通大学陈汉团队 更新时间：2024年8月12日宽带隙（1.67 eV）钙钛矿太阳能电池最高效率25.03% 保持团队：中科院半导体所蒋琦&游经碧 更新时间：2025年12月12日宽带隙（1.76 eV）钙钛矿太阳能电池最高效率21.42% 保持团队：河北大学杨少鹏&何庭伟 更新时间：2025年7月18日柔性钙钛矿太阳能电池最高效率26.61% 保持团队：九江市柔烁光电科技有限公司 更新时间：2024年9月28日二维钙钛矿太阳能电池（n=5）最高效率22.73% 保持团队：南昌大学胡婷&陈义旺 更新时间：2024年10月15日锡基钙钛矿太阳能电池最高效率17.89% 保持团队：复旦大学梁佳&南京理工大学徐勃&上海交通大学戚亚冰 更新时间：2025年10月15日全无机钙钛矿太阳能电池最高效率22.49% 保持团队：陕西师范大学田庆文&刘生忠 更新时间：2025年8月12日CsSnI3钙钛矿太阳能电池最高效率14.95% 保持团队：华中科技大学申燕&王鸣魁 更新时间：2025年5月21日FASnI3钙钛矿太阳能电池最高效率15.7% 保持团队：上海科技大学米启兮 更新时间：2024年4月2日碳电极钙钛矿太阳能电池最高效率23.6% 保持团队：大连理工大学王宇迪&史彦涛 更新时间：2025年11月5日无HTM碳电极全无机钙钛矿太阳能电池最高效率19.65％ 保持团队：华南农业大学饶华商&钟新华团队 更新时间：2025年1月13日无HTM碳电极钙钛矿太阳能电池最高效率20.1％ 保持团队：华南农业大学潘振晓&钟新华 更新时间：2024年5月31日CsPbI2Br钙钛矿太阳能电池最高效率18.14% 保持团队：北京化工大学李明华&化学所胡劲松 更新时间：2024年1月17日钙钛矿量子点太阳能电池的最高效率19.01% 保持团队：苏州大学袁建宇 更新时间：2025年8月15日 注：每个蓝色文字部分都带有超链接，超链接每篇都有参考文献，这里就不一一标注参考文献了。 此外，还有哪些没有归纳的记录，或者有新突破的记录，可以文末留言或者后台留言，以后每日及时更新。 国内最大钙钛矿电池QQ交流群，微信群添微信lili514091，欢迎加入点击阅读原文可获取原文仅用于学术分享，如有侵权，请联系删除。阅读原文2026年8月20日四川大学吴义辉\x26amp;彭强于Joule刊发可扩展的双步级联氧化镍沉积技术可实现高效反式钙钛矿太阳能电池和微型组件的研究成果。,,,,pending
约翰开普勒林茨大学Martin Kaltenbrunner新AM：超越地球：准二维钙钛矿太阳能电池在太空中的韧性,钙钛矿太阳能电池,钙钛矿太阳能电池,"RIOnews API, 钙钛矿, 柔性钙钛矿, 学术研究, 大学, 教授",normal,2026-08-23T20:00:00+08:00,,钙钛矿太阳能电池为空间能量收集提供了独特的优势，它兼具低成本制造和柔性、高功率重量比的特性，能够降低可展开结构中的有效载荷质量。尽管前景广阔，但鲜有研究证实该技术在实际空间环境中的可行性，尤其是在温度剧烈变化和强辐射等严苛条件下。鉴于此，2026年2月12日约翰开普勒林茨大学Martin Kaltenbrunner于AM刊发超越地球：准二维钙钛矿太阳能电池在太空中的韧性的研究成果，本文对钙钛矿太阳能电池在近地轨道（LEO）的性能进行了全面分析。性能最佳的刚性电池在发射后近100天结束的44天测量期内，效率保持在初始效率的约80%，表现出相对稳定的在轨性能，相当于约1600个轨道食周期，温度范围,http://mp.weixin.qq.com/s?__biz=MzIwNDAzNzcwMA==&mid=2456843391&idx=6&sn=f7153ea649fc71714e91bf121378444b,,钙钛矿太阳能电池为空间能量收集提供了独特的优势，它兼具低成本制造和柔性、高功率重量比的特性，能够降低可展开结构中的有效载荷质量。尽管前景广阔，但鲜有研究证实该技术在实际空间环境中的可行性，尤其是在温度剧烈变化和强辐射等严苛条件下。鉴于此，2026年2月12日约翰开普勒林茨大学Martin Kaltenbrunner于AM刊发超越地球：准二维钙钛矿太阳能电池在太空中的韧性的研究成果，本文对钙钛矿太阳能电池在近地轨道（LEO）的性能进行了全面分析。性能最佳的刚性电池在发射后近100天结束的44天测量期内，效率保持在初始效率的约80%，表现出相对稳定的在轨性能，相当于约1600个轨道食周期，温度范围,钙钛矿太阳能电池为空间能量收集提供了独特的优势，它兼具低成本制造和柔性、高功率重量比的特性，能够降低可展开结构中的有效载荷质量。尽管前景广阔，但鲜有研究证实该技术在实际空间环境中的可行性，尤其是在温度剧烈变化和强辐射等严苛条件下。鉴于此，2026年2月12日约翰开普勒林茨大学Martin Kaltenbrunner于AM刊发超越地球：准二维钙钛矿太阳能电池在太空中的韧性的研究成果，本文对钙钛矿太阳能电池在近地轨道（LEO）的性能进行了全面分析。性能最佳的刚性电池在发射后近100天结束的44天测量期内，效率保持在初始效率的约80%，表现出相对稳定的在轨性能，相当于约1600个轨道食周期，温度范围为-25至35°C。将任务数据与实验室中刚性和超薄柔性钙钛矿太阳能电池在-80至+80°C温度范围内以及暴露于高能质子辐射下的性能进行了系统比较。结果表明，柔性器件在承受相当于在轨运行50年的质子剂量后，效率仍保持在92%以上。尽管具有这种辐射耐受性，但减轻飞行前环境退化对超薄基底而言仍然是一项挑战。本研究弥合了短期亚轨道演示和长期轨道性能之间的差距，突显了钙钛矿太阳能电池作为一种低成本、高可靠性的光捕获替代方案的潜力，即使在恶劣的太空环境中也能发挥作用。原文：https://advanced.onlinelibrary.wiley.com/doi/10.1002/adma.202520433钙钛矿方向课题组网站NREL网站：https://www.nrel.gov/pv/cell-efficiency.htmlGratzel课题组网站：http://lpi.epfl.ch/publicationsSnaith课题组网站：https://www2.physics.ox.ac.uk/contacts/people/snaith/publicationsYangYang课题组网站：https://yylab.seas.ucla.edu/publications.html黄劲松课题组网站：https://huangjinsong.wixsite.com/group/publications李美成课题组网站：https://nemd.ncepu.edu.cn/戚亚冰课题组网站：https://groups.oist.jp/emssu/publications周欢萍课题组网站：https://happyzhou.wixsite.com/happylabs金松课题组网站：https://jin.chem.wisc.edu/content/song-jin陈棋课题组网站：https://cheerslab.net/丁黎明课题组网站：http://www.nanoctr.cn/opv/yjcg/孟庆波课题组网站：http://solar.iphy.ac.cn/index.php/?page_id=5103张春福课题组网站：https://web.xidian.edu.cn/cfzhang/Jin Young Kim 课题组网站：https://ngel.unist.ac.kr/papers/Nam-Gyu Park课题组网站：http://ngpl.skku.edu/sub/sub04_01.php?cat_no=37&sNum=1叶轩立课题组网站：https://www.yipgroup.info/research唐江课题组网站：：http://tfsc.wnlo.hust.edu.cn/info/1153/1594.htmSargent课题组网站：https://light.utoronto.ca/publications/2021-1/Seok课题组网站：https://seoksi.unist.ac.kr/publication/周圆圆课题组网站：https://www.alvinyzhou.com/all-papers王漾课题组网站：https://www.x-mol.com/groups/steven_wangyang陈树林（钙钛矿透射电子显微学）网站：http://grzy.hnu.edu.cn/site/index/chenshulin赵清课题组网站：http://faculty.pku.edu.cn/~vuaQVn/zh_CN/index.htm钙钛矿LED世界记录每日更新蓝光钙钛矿LED最高EQE26.4% 保持团队：浙江大学狄大卫&叶志镇&戴兴良团队 更新时间：2024年7月17日红光钙钛矿LED最高EQE32.5% 保持团队： 中科院半导体所张兴旺&游经碧 更新时间：2025年5月23日红光叠层钙钛矿LED最高EQE45.5% 保持团队： 南京工业大学王娜娜&黄维&王建浦 更新时间：2025年11月11日 绿光钙钛矿LED最高EQE31% 保持团队：华南理工大学陈江山&马东阁&澳门大学邢贵川 更新时间：2024年9月23日钙钛矿太阳能电池世界记录每日更新钙钛矿太阳能电池最高稳态认证光电转化效率28% 保持单位：海南大学钙钛矿/硅叠层太阳能电池最高认证光电转化效率35.5% 保持单位：隆基钙钛矿/TOPcon叠层太阳能电池最高认证光电转化效率34.76% 保持单位：晶科能源钙钛矿/PERC叠层太阳能电池最高光电转化效率30.05% 保持单位：首尔大学Jin Young Kim柔性钙钛矿/硅叠层太阳能电池最高认证光电转化效率33.6% 保持单位：苏州大学杨新波&张晓宏&阿卜杜拉国王科技大学De Wolf钙钛矿/CIGS叠层太阳能电池最高认证光电转化效率30.1% 保持单位：武汉大学李建民&王胜&龚俊波&肖旭东钙钛矿/钙钛矿/硅三结叠层太阳能电池最高认证光电转化效率27.06% 保持单位：悉尼大学郑将辉&Anita W. Y. Ho-Baillie&厦门大学陈忠&深圳黑晶光电技术有限公司段磊平1cm² 钙钛矿太阳能电池最高光电转化效率26.90% 保持单位：苏州大学/新南威尔士大学/白马湖实验室52cm² 钙钛矿太阳能电池最高光电转化效率26.48% 保持单位：万度光能900cm² 钙钛矿太阳能电池最高光电转化效率24.36% 保持单位：脉络能源户内光伏最高效率44.72% 保持团队：中国暨南大学王有生&麦耀华团队 更新时间：2024年1月12日钙钛矿室内光伏组件最高认证孔径面积效率34.94%/国家光伏产业计量测试中心认证(12.80 cm2) 保持团队：暨南大学麦耀华教授团队钙钛矿/钙钛矿叠层太阳能电池最高光电转化效率/JET认证28.2% (1.038cm2) 保持团队：南京大学&仁烁光电钙钛矿/钙钛矿叠层太阳能电池最高认证效率31.55% 保持团队：光因科技钙钛矿/OPV叠层太阳能电池最高认证效率26.42% 保持团队：青岛大学刘玉强&欧阳丹&薄志山&南方科技大学丘龙斌&北京师范大学张文凯&四川大学李鸿祥 更新时间：2025年10月9日露天制备钙钛矿太阳能电池最高效率26.5% 保持团队：中国华北电力大学李美成团队 更新时间：2025年9月28日钙钛矿太阳能电池低温运行最高效率26.12% 保持团队：中国陕西师范大学赵奎团队 更新时间：2023年8月31日锡铅混合钙钛矿太阳能电池最高效率24.13% 保持团队：上海交通大学陈汉团队 更新时间：2024年8月12日宽带隙（1.67 eV）钙钛矿太阳能电池最高效率25.03% 保持团队：中科院半导体所蒋琦&游经碧 更新时间：2025年12月12日宽带隙（1.76 eV）钙钛矿太阳能电池最高效率21.42% 保持团队：河北大学杨少鹏&何庭伟 更新时间：2025年7月18日柔性钙钛矿太阳能电池最高效率26.61% 保持团队：九江市柔烁光电科技有限公司 更新时间：2024年9月28日二维钙钛矿太阳能电池（n=5）最高效率22.73% 保持团队：南昌大学胡婷&陈义旺 更新时间：2024年10月15日锡基钙钛矿太阳能电池最高效率17.89% 保持团队：复旦大学梁佳&南京理工大学徐勃&上海交通大学戚亚冰 更新时间：2025年10月15日全无机钙钛矿太阳能电池最高效率22.49% 保持团队：陕西师范大学田庆文&刘生忠 更新时间：2025年8月12日CsSnI3钙钛矿太阳能电池最高效率14.95% 保持团队：华中科技大学申燕&王鸣魁 更新时间：2025年5月21日FASnI3钙钛矿太阳能电池最高效率15.7% 保持团队：上海科技大学米启兮 更新时间：2024年4月2日碳电极钙钛矿太阳能电池最高效率23.6% 保持团队：大连理工大学王宇迪&史彦涛 更新时间：2025年11月5日无HTM碳电极全无机钙钛矿太阳能电池最高效率19.65％ 保持团队：华南农业大学饶华商&钟新华团队 更新时间：2025年1月13日无HTM碳电极钙钛矿太阳能电池最高效率20.1％ 保持团队：华南农业大学潘振晓&钟新华 更新时间：2024年5月31日CsPbI2Br钙钛矿太阳能电池最高效率18.14% 保持团队：北京化工大学李明华&化学所胡劲松 更新时间：2024年1月17日钙钛矿量子点太阳能电池的最高效率19.01% 保持团队：苏州大学袁建宇 更新时间：2025年8月15日 注：每个蓝色文字部分都带有超链接，超链接每篇都有参考文献，这里就不一一标注参考文献了。 此外，还有哪些没有归纳的记录，或者有新突破的记录，可以文末留言或者后台留言，以后每日及时更新。 国内最大钙钛矿电池QQ交流群，微信群添微信lili514091，欢迎加入点击阅读原文可获取原文仅用于学术分享，如有侵权，请联系删除。阅读原文2026年2月12日约翰开普勒林茨大学Martin Kaltenbrunner于AM刊发超越地球：准二维钙钛矿太阳能电池在太空中的韧性的研究成果。,,,,pending
户储大会丨川源科技重点支持2026起点户储电池生态大会8.28深圳举办！,起点锂电,起点锂电,"RIOnews API, 储能, 户储, 可靠性, 出货, 出货量, GWh, 投资, 出海, 发布, 落地",normal,2026-08-23T19:00:00+08:00,,2026年全球户用储能行业进入高速发展的黄金周期，在全球能源转型加速、电价持续高企、能源安全需求全面升级的多重核心驱动下，户储市场规模呈现爆发式增长态势，根据SPIR数据，2026上半年全球户储电池出货量61GWh，同比增长206%，预计全年出货量将超135GWh。起点锂电、起点储能作为新能源电池行业权威产业服务平台，长期深耕锂电与储能全产业链，聚焦户储电池技术创新、产业生态协同、供应链全球化与出海落地核心赛道，发起举办2026起点户储电池生态大会暨全球户储电池TOP排行榜发布会，2026年8月28日将于深圳宝安登喜路国际酒店2楼国际厅正式举办。大会将邀请全球户储电池产业链核心企业、顶尖技术专,http://mp.weixin.qq.com/s?__biz=MzI1MjEyODg2Mg==&mid=2649798615&idx=1&sn=bf664fc3c4de414e678b97dadea48bfe,,2026年全球户用储能行业进入高速发展的黄金周期，在全球能源转型加速、电价持续高企、能源安全需求全面升级的多重核心驱动下，户储市场规模呈现爆发式增长态势，根据SPIR数据，2026上半年全球户储电池出货量61GWh，同比增长206%，预计全年出货量将超135GWh。起点锂电、起点储能作为新能源电池行业权威产业服务平台，长期深耕锂电与储能全产业链，聚焦户储电池技术创新、产业生态协同、供应链全球化与出海落地核心赛道，发起举办2026起点户储电池生态大会暨全球户储电池TOP排行榜发布会，2026年8月28日将于深圳宝安登喜路国际酒店2楼国际厅正式举办。大会将邀请全球户储电池产业链核心企业、顶尖技术专,2026年全球户用储能行业进入高速发展的黄金周期，在全球能源转型加速、电价持续高企、能源安全需求全面升级的多重核心驱动下，户储市场规模呈现爆发式增长态势，根据SPIR数据，2026上半年全球户储电池出货量61GWh，同比增长206%，预计全年出货量将超135GWh。起点锂电、起点储能作为新能源电池行业权威产业服务平台，长期深耕锂电与储能全产业链，聚焦户储电池技术创新、产业生态协同、供应链全球化与出海落地核心赛道，发起举办2026起点户储电池生态大会暨全球户储电池TOP排行榜发布会，2026年8月28日将于深圳宝安登喜路国际酒店2楼国际厅正式举办。大会将邀请全球户储电池产业链核心企业、顶尖技术专家、行业决策者与投资机构，搭建技术交流、产业对接、资源协同的高端行业平台，深度探讨户储电池技术迭代方向、产业生态构建路径、供应链安全与出海全球化策略，推动全球户储电池产业高质量、可持续发展，助力全球能源转型进程。经活动组委会确认，川源（广州）高新技术有限公司作为展位赞助商（展位号：A13）重点支持2026起点户储电池生态大会暨全球户储电池TOP排行榜发布会举办，同期川源科技 总经理 余海君 将做主题分享：川源在户储电池生产可靠性中的思考和工作企业简介川源（HiCY）成立于2017年3月，总部位于广州，是广州市产业投资控股集团投资企业、国家级高新技术企业、专精特新中小企业、苏州市姑苏领军人才企业。公司专注于新能源检测技术创新，致力于成为全球领先的电池全生命周期检测技术，智能装备及整体解决方案提供商。起点户储电池交流群—码上入群8月28日，中国深圳，不见不散！,,,,pending
宁德时代4GWh钠电储能电站项目备案通过;川恒/超威投资海四达钠星；隐功与华威合资钠电项目开工；天能汽车启停钠电池上市,起点钠电,起点钠电,"RIOnews API, 钠离子电池, 钠电, 产品发布, 发布, 发布会, 全新, 上市, 信息披露, 年报, 披露, 合作进展, 项目签约, 投资, 合作",normal,2026-08-23T18:52:52+08:00,,倒计时5天2026第十一届起点钠电论坛暨全球钠电TOP排行榜发布会活动主题：全链路突破 规模化质变主办单位：起点研究、起点钠电举办时间：2026年8月28日举办地点：深圳宝安登喜路国际酒店2楼国际厅活动规模：500 + 第一批演讲及赞助单位：天能钠电、隐功科技、同兴皓升、晟钠新能、科迈罗、纳甘新能源 、华阳集团、鑫钠新材料、钠科能源、茹天科技、希倍动力、兆瑞新能源、九续钠电、扬广科技、禾电科技、金钠科技、川源科技、科隆新能源、钠远新材、维科技术、宇恒电池、汉行科技、普洱滇钠能源、珈钠能源、亮见钠电、果曼钠电等活动咨询：钠电小杨哥 *********** 宁德时代1GW/4GWh钠电共享储能项目,http://mp.weixin.qq.com/s?__biz=Mzg4NjgzMzg3NA==&mid=2247518759&idx=1&sn=32864e3dcbbc3efab3f1b39248037bc9,,倒计时5天2026第十一届起点钠电论坛暨全球钠电TOP排行榜发布会活动主题：全链路突破 规模化质变主办单位：起点研究、起点钠电举办时间：2026年8月28日举办地点：深圳宝安登喜路国际酒店2楼国际厅活动规模：500 + 第一批演讲及赞助单位：天能钠电、隐功科技、同兴皓升、晟钠新能、科迈罗、纳甘新能源 、华阳集团、鑫钠新材料、钠科能源、茹天科技、希倍动力、兆瑞新能源、九续钠电、扬广科技、禾电科技、金钠科技、川源科技、科隆新能源、钠远新材、维科技术、宇恒电池、汉行科技、普洱滇钠能源、珈钠能源、亮见钠电、果曼钠电等活动咨询：钠电小杨哥 *********** 宁德时代1GW/4GWh钠电共享储能项目,倒计时5天2026第十一届起点钠电论坛暨全球钠电TOP排行榜发布会活动主题：全链路突破 规模化质变主办单位：起点研究、起点钠电举办时间：2026年8月28日举办地点：深圳宝安登喜路国际酒店2楼国际厅活动规模：500 + 第一批演讲及赞助单位：天能钠电、隐功科技、同兴皓升、晟钠新能、科迈罗、纳甘新能源 、华阳集团、鑫钠新材料、钠科能源、茹天科技、希倍动力、兆瑞新能源、九续钠电、扬广科技、禾电科技、金钠科技、川源科技、科隆新能源、钠远新材、维科技术、宇恒电池、汉行科技、普洱滇钠能源、珈钠能源、亮见钠电、果曼钠电等活动咨询：钠电小杨哥 *********** 宁德时代1GW/4GWh钠电共享储能项目备案起点钠电关注到，8月17日，宁德时代1000MW/4000MWh（一期200MW/800MWh）钠离子独立共享储能电站项目备案获墨江哈尼族自治县发展和改革局办结通过，项目代码：2608-530822-04-05-827458。该项目早于今年7月已纳入省级重点储能规划清单。7月2日，云南省发展和改革委员会、云南省能源局发布了《2026年云南省新型共享储能项目清单》，其中就包括墨江县钠离子独立共享储能电站项目，项目规模200MW/800MWh。川恒股份、超威等投资海四达钠星起点钠电关注到，川恒股份在8月19日发布的2026年半年度报告中披露，公司召开第四届董事会第十八次会议审议通过《对海四达钠星公司增资的议案》，公司基于新能源领域的战略布局，认购广东海四达钠星技术有限公司（以下简称海四达钠星）新增注册资本400万元中的33.333333万元，公司以自有资金1000.00 万元出资，其中33.333333万元计入其注册资本，966.666667万元计入其资本公积。本次增资完成后，公司将持有海四达钠星1.18%的股权。截至本报告披露日，该增资事项已完成投资协议签订。川恒股份还透露，海四达钠星本轮新增注册资本的认购除本公司之外，还有“仁寿创新产业投资基金中心（有限合伙）”、“超威控股集团有限公司”。隐功科技与华威电源合资钠电项目开工8月17日，泉州隐速启威新能源科技有限公司新型钠离子电池生产基地项目正式开工，计划工期约两个月。据悉，该项目选址南翼高新区晋江区域，总投资15亿元，将建设集研发、生产、检测、仓储物流于一体的新型钠离子电池产业基地，并配套建设研发实验室、产品检测中心、仓储物流中心等产业设施。其中，项目一期租用南翼晋江国际芯创港标准厂房8300平方米，计划今年第四季度实现投产；项目二期规划用地50亩，预计明年启动建设。项目全部达产后，预计可实现营收30亿元。泉州隐速启威新能源科技有限公司成立于2026年6月29日，注册资本3000万元，由江苏隐功科技有限公司与漳州市华威电源科技有限公司共同投资成立，双方分别持股70%和30%。双方将把各自的技术积累、量产制造能力与海外市场资源注入晋江基地，实现技术研发、规模化生产与全球市场渠道的深度协同。天能钠电5.0钠离子汽车启停电池全新上市天能钠电5.0钠离子汽车启停电池全新上市，产品型号为A379D‑20M，采用聚阴离子体系软包电芯，构建 12V 电压平台，面向燃油车与混动车型的车载启停系统，可原车适配、即装即用，实现全场景适配。该款钠电5.0 产品拥有六大核心性能优势：支持 20C 超高倍率放电；安全性能优异，2 倍过充条件下依旧安全；循环寿命可达 3000 次以上，可实现万次打火；耐候能力突出，-40℃可正常放电、80℃高温环境可稳定工作；同时具备超级回充特性，充电响应速度快。亿纬锂能半年报披露钠电布局进展亿纬锂能已搭建起完善的自主NFPP聚阴离子钠电产品矩阵，自主研发推出155Ah、175Ah、355Ah等多规格标准化电芯，重点面向高倍率、长循环、长时储能等不同应用场景。其中主力NF155L电芯综合性能表现突出，具备-40℃~60℃超宽温域运行能力、3万次超长循环寿命，可实现储能系统零热失控，兼具高安全、高性能、高适配性。基于不同电芯规格，公司配套打造了多款成熟的储能系统解决方案，2.1MWh储能系统搭载NF155L电芯，支持1P倍率、15000+次循环，适配调频、AIDC负荷波动场景；2.5MWh储能系统依托NF355E电芯，实现0.5P倍率、15000+次长循环，主打长时储能赛道，经济性优势显著；此外，180kWh钠离子户外一体柜产品已完成示范站并网，直流侧实测能效超96.7%，场景适配能力持续得到验证。丰日钠电项目签约落地常德起点钠电关注到，8月18日，湖南丰日电气集团钠电项目签约落户常德津市高新区。该项目计划总投资10亿元，分两期建设年产1GWh钠离子电芯智能化产线。项目全面达产后，预计年销售收入可达20亿元。在此次丰日电气钠电项目落地之前，常德津市市委书记彭子晟还曾率市委、市政府相关部门负责人一行莅临丰日电气集团考察指导，调研丰日钠电池项目建设与产业化进展情况，共话合作新机遇。台铃发布多款钠电车型！8月18日，台铃发布全场景长续航解决方案，包含多款钠电车型。其中飞火流星X9 钠电快充版搭载蓝极鲸钠电池，无惧零下20℃严寒；配置峰值功率4000W电机与双通道ABS+TCS全域安全系统，并配备7英寸TFT智能仪表与外置蓝牙音响，实现性能、补能、安全和智能的高度协同。此外，台铃还发布追梦Play、标兵3Ⅱ、坦途Ⅱ-T三款车型，搭载蓝极鲸钠电池、TAI-LINK智驾系统、TFT屏幕交互，实现“智能交互、车电同寿、冬季抗寒”的全面升级。豪鹏科技钠电项目备案8月20日，广东豪鹏新型电池及电池模组建设项目备案获惠州仲恺高新技术产业开发区管理委员会经济发展和统计局批复通过。该项目由广东省豪鹏新能源科技有限公司投建，总投资3.48亿元，建设地点位于惠州市仲恺区潼湖镇中韩产业园，项目占地6.2万平方米，开展新型电池及电池模组项目建设，项目涵盖消费型新型电池如钠离子电池、固液电池、固态电池的电芯及电池模组产品的研发、生产及销售，达产后年产值26.57亿元人民币，纳税0.57亿元。一键三连「点赞」「转发」「小心心」欢迎关注起点钠电！— 完 —起点钠电交流群72-码上入群往期推荐:重磅！宁德时代云南4GWh钠电独储项目备案通过！亿纬锂能2026上半年钠电“成绩单”国内又一主流车企抢滩钠电点击阅读原文，即可报名参会！,,,,pending
【倒计时5天】8.28，深圳 | 第十一届起点钠电论坛邀您共聚鹏城！,起点钠电,起点钠电,"RIOnews API, 钠离子电池, 钠电, 钠电正极, 钠电负极, 产品发布, 发布, 发布会, 新品, 全新, 官宣, 合作进展, 融资, 投资, 合作, 技术进展, 技术突破, 前沿技术",normal,2026-08-23T18:52:52+08:00,,2026第十一届起点钠电论坛暨全球钠电TOP排行榜发布会议程一大会基础信息活动全称：2026第十一届起点钠电论坛暨全球钠电TOP排行榜发布会活动主题：全链路突破 规模化质变主办单位：起点研究、起点钠电举办时间：2026 年 8 月 28 日举办地点：深圳宝安登喜路国际酒店2楼国际厅活动规模：500 + 第一批演讲及赞助单位：天能钠电、隐功科技、同兴皓升、晟钠新能、科迈罗、纳甘新能源 、华阳集团、鑫钠新材料、钠科能源、茹天科技、希倍动力、兆瑞新能源、九续钠电、扬广科技、禾电科技、金钠科技、川源科技、科隆新能源、钠远新材、维科技术，宇恒电池，汉行科技，普洱滇钠能源，珈钠能源，亮见钠电、果曼钠电等二,http://mp.weixin.qq.com/s?__biz=Mzg4NjgzMzg3NA==&mid=2247518759&idx=3&sn=aa7e069427bd4f54b9f03027b9d021a0,,2026第十一届起点钠电论坛暨全球钠电TOP排行榜发布会议程一大会基础信息活动全称：2026第十一届起点钠电论坛暨全球钠电TOP排行榜发布会活动主题：全链路突破 规模化质变主办单位：起点研究、起点钠电举办时间：2026 年 8 月 28 日举办地点：深圳宝安登喜路国际酒店2楼国际厅活动规模：500 + 第一批演讲及赞助单位：天能钠电、隐功科技、同兴皓升、晟钠新能、科迈罗、纳甘新能源 、华阳集团、鑫钠新材料、钠科能源、茹天科技、希倍动力、兆瑞新能源、九续钠电、扬广科技、禾电科技、金钠科技、川源科技、科隆新能源、钠远新材、维科技术，宇恒电池，汉行科技，普洱滇钠能源，珈钠能源，亮见钠电、果曼钠电等二,2026第十一届起点钠电论坛暨全球钠电TOP排行榜发布会议程一大会基础信息活动全称：2026第十一届起点钠电论坛暨全球钠电TOP排行榜发布会活动主题：全链路突破 规模化质变主办单位：起点研究、起点钠电举办时间：2026 年 8 月 28 日举办地点：深圳宝安登喜路国际酒店2楼国际厅活动规模：500 + 第一批演讲及赞助单位：天能钠电、隐功科技、同兴皓升、晟钠新能、科迈罗、纳甘新能源 、华阳集团、鑫钠新材料、钠科能源、茹天科技、希倍动力、兆瑞新能源、九续钠电、扬广科技、禾电科技、金钠科技、川源科技、科隆新能源、钠远新材、维科技术，宇恒电池，汉行科技，普洱滇钠能源，珈钠能源，亮见钠电、果曼钠电等二活动背景全球能源转型持续纵深推进，新型储能、AI算力、电网调频、交通工具电动化智能化、油改电和低空经济等需求集中爆发，锂资源对外依存度高、价格周期性剧烈波动的供应链安全隐患长期凸显。钠离子电池依托钠资源储量无限、国内供给完全自主可控、宽温域适配、高安全、超长循环、中长期成本优势突出等核心禀赋，成为完善多元电化学储能体系、替代铅酸、分流锂电中低端场景、保障国家能源产业链自主可控的核心新型电池路线，连续多年被纳入国家新质生产力、新型储能重点扶持赛道，产业战略地位持续抬升。依托成熟锂电产业链迁移红利，中国建成全球唯一覆盖钠电正负极材料、电解液、专用隔膜、电芯制造、PACK系统、智能装备、梯次回收的完整产业生态，核心材料技术突破。历经多年实验室研发、中试验证、小批量示范交付，行业完成多轮技术路线收敛、量产工程瓶颈攻坚、上下游配套补齐，2026年正式定为钠离子电池规模化商用元年，赛道彻底告别样品送测、小规模试点阶段，全面进入GWh级量产交付、百MWh级储能电站并网、数十GWh级长期供货协议集中落地的产业质变关键窗口。据起点研究院SPIR全年跟踪统计，2025年全球钠离子电池整体出货量9GWh；2026上半年行业规模高速增速，2026H1全球钠电出货10.8GWh.，同比增长175%，预计全年出货量将达到26.8GWh，同比增速198%，，正式迈入10GWh级大规模商用周期。2026-2028年维持行业年复合增速160%以上，2028年全球钠电出货量突破100GWh；2030年全球钠离子电池整体出货规模达到1051GWh，其中储能钠电池580GWh，车载动力钠电池410GWh，全球钠电市场规模迈入千亿级别。起点钠电论坛由全球领先的钠电产业智库--起点钠电和起点研究院SPIR联合主办，至今已成功连续举办十届，本届升级为2026第十一届起点钠电论坛，是国内举办时间最早、产业链覆盖最全、数据权威性最强、企业参与规格最高的钠离子电池垂直专业峰会，长期被行业公认为钠电产业发展核心风向标，持续引领国内钠电产业化节奏、技术迭代方向与市场商业化路径。十届以来，论坛累计接待超5000人次产业链从业者，沉淀1000+钠电企业资源库、500余家投资机构、百余位行业院士教授与资深技术专家；每届同步发布起点研究院（SPIR）独家钠电产业白皮书、产业链50强竞争力排行榜、细分赛道出货榜单，榜单数据成为企业投资、产能规划、市场拓展、供应链采购的核心决策依据。站在第十一届全新起点，产业正式迈入规模化放量新阶段，行业亟需依托权威产业数据复盘上半年发展全貌，厘清技术痛点、降本路径，材料供应、行业标准、海外市场拓展等难题，精准锚定未来3年行业成长路径。为此，起点钠电和起点研究院SPIR举办2026第十一届起点钠电论坛，延续十届权威平台优势，汇聚历届重磅龙头企业、行业专家、投资机构齐聚，依托SPIR全年持续跟踪的一手产业链数据库，深度复盘2026上半年行业运行全貌，系统研判未来五年技术、市场、格局演化趋势，为全产业链提供数据参考、技术碰撞、商务对接一体化行业盛会。三会议议程2026第十一届起点钠电论坛时间议程08:00-09:00签到入场PART 1 论坛开幕式09:00-9:05论坛开幕致辞--起点研究 董事长&研究院院长 李振强09:05-9:102026（第五届）起点钠电金鼎奖评选及2026CINE钠电展启动仪式启动仪式嘉宾：起点研究董事长&研究院院长 李振强易事特钠电总经理王少平金钠科技董事长杨维元隐功科技总经理朱健亮见钠电董事长赖见汉行科技执行董事林子舜科迈罗总经理章少坤茹天科技董事长秦涛晟钠新能董事长马莹宇恒电池董事王梁凤启新能源董事长蔡雪松钠远新材董事长刘众擎起点钠电总经理杨佳欣钠电池创新专场09:10-9:25大规模量产钠电负极优选方案：塑料基--纳甘新能源 总经理 郑宏伟09:25-9:40钠电新突破：NFPP正极材料与补钠技术进展--同兴皓升 营销总监 张唐虎09:40-9:55AIDC 场景钠离子电池适配性技术研究--维科技术研究院钠电工程师王宏达博士09:55-10:05破局与落地：NFPP正极材料高性价比产业化路径解析--禾电科技 技术负责人 赵岩10:05-10:20无负极钠电技术与应用--隐功科技 总经理 朱健10:20-10:35聚阴离子正极材料技术发展与产业化破局之路--鑫钠新材料 副总经理 高荣华10:35-10:50钠电正极材料前驱体技术路线及发展趋势--科隆新能源 技术总监 王宗衡10:50-11:05钠电正极材料智能成套装备开发及应用--茹天科技 技术经理 甘雄11:05-11:202026H1全球钠电市场分析暨钠电池TOP竞争力排行榜发布--起点研究 董事长&研究院院长 李振强11:20-12:00主持人：金钠科技董事长杨维元圆桌对话：NFPP钠电池与磷酸铁锂电池成本（单次购买成本/全生命周期成本）何时持平？锂电/铅酸巨头加速入局 未来3年钠电格局如何演变？2030年储能钠电池形态格局占比？（大方形/大圆柱/大刀片）12:00-13:30自助午餐及观展PART 3 钠电材料专场13:30-13:45无负极钠离子电池研究进展--希倍动力 总经理 杨道均13:45-14:00NFPP钠离子正极的差异化开发策略及万吨级工程化实践--钠科能源 董事长 乔少华14:00-14:15钠离子电池聚阴离子正极材料NFS的开发与应用--钠远新材 董事长 刘众擎博士14:15-14:30硬碳负极的开发及应用--汉行科技 执行董事 林子舜14:30-14:45钠离子电池在未来能源领域的应用前景--华阳集团产业技术研究总院 副总经理 张利武14:45-15:00聚阴钠电的市场机遇、挑战与解决方案--珈钠能源 技术总监 倪文浩15:00-15:30茶歇及观展PART 4 钠电池及技术应用专场15:30-15:45抢抓钠电机遇，推动PACK快速达产--科迈罗 总经理 章少坤15:45-16:00蒙西电网场景下，钠电储能系统集成的挑战与经济性突围--九续钠电 总经理 秦彪16:00-16:15中美净零竞赛：可再生能源储能技术驱动的电力格局重塑--扬广科技 欧美首席专家 张栋省16:15-16:3018650小圆柱钠离子电池在终端的应用探索--普洱滇钠能源 副总经理/技术总工 李文16:30-16:45钠电储能应用痛点与破局之道-兆瑞新能源 质量中心总经理 葛景亮16:45-17:00两轮电动车三维固态钠电池6分钟闪充技术--亮见钠电 董事长 赖见17:00-17:30主持人：起点研究董事长&研究院院长 李振强圆桌对话：不同应用场景钠电正极材料技术路线发展趋势？不同应用场景钠电负极材料技术路线发展趋势？2030年钠电池主要下游应用规模（大动力/小动力/储能/启停等）？PART 5 联盟晚宴18:30-21:00Na+钠电产业联盟闭门交流晚宴（定向邀请）四报名参会参会方式①：SVIP参会：3188元人增值服务权益：1、会议期间自助午餐、茶歇2、会场座位前排台卡3、2026钠电产业链地图4、起点研究院SPIR钠电行业运行总结PPT5、演讲企业PPT可对外6、论坛通讯录参会方式②：VIP参会：2188元/人增值服务权益：1、会议期间自助午餐、茶歇2、会场座位台卡3、2026钠电产业链地图4、起点研究院SPIR钠电行业运行总结PPT5、演讲企业PPT可对外参会方式参会方式③：免费（需转发本次论坛宣传文章到朋友圈，并截图上传给起点人员）增值服务权益：1、2026钠电产业链地图(扫码关注起点钠电、起点研究公众号/抖音号/视频号后领取）2、普通参会嘉宾证件【收款账号】收款单位：深圳市起点研究咨询有限公司开户行：中国农业银行深圳前进路支行银行账号：41019700040025862汇款请注明：宣传费/服务费/会议展览服务五活动报名方式赞助+合作咨询： 杨先生：*********** 邹先生：*********** 论坛报名：于小姐：***********张小姐：***********媒体合作：刘小姐：***********六主办方介绍起点钠电平台简介起点钠电成立于2022年，是全球领先聚焦钠离子电池全产业链的钠电权威产业服务与生态赋能平台，平台以起点研究院SPIR为核心智库，以起点钠电行业媒体矩阵为运营载体，以起点钠电品牌论坛及年会、CINE钠电国际展为展示平台，以产业研究为根基、数据洞察为核心、高端活动为桥梁、品牌传播为窗口、资本孵化为引擎、园区规划为载体，构建了“研究+数据+活动+传播+资本+联盟+园区”的七位一体服务体系。我们深度链接产学研用、投资机构与政府园区，服务了钠电全产业链超200+上下游核心企业及政府产业园区，参与规划了四川巴中市、内蒙古乌海高新区、宁夏银川-苏银产业园等钠电专业产业园区，并成立了Na+钠电产业联盟凝聚行业共识，服务赋能钠电企业家，推动产业链生态融合，技术标准建立与产业链协同，助力中国新能源产业在全球新一轮能源革命中抢占先机，占据钠电产业发展制高点。标杆客户（排名不分先后）：宁德时代、同兴科技/皓升新能源、维科技术、海四达钠星、天能钠电、珈钠能源、金钠科技、易事特钠电、CNAE中国钠电、为方能源、华阳集团、恒大高新、隐功科技、青钠科技、晟钠新能、旭派钠电、吉厚钠电、科迈罗光电、茹天科技、纳甘新能源、九续钠电、亮见钠电、希倍动力、钠美科技、卡波恩、佰思格、旭钠新能源、汉行科技、派能科技、众钠能源、奥克莱集团、兆钠新能源、钠创新能源、滇钠能源、传艺科技、超威集团、亿纬锂能、海辰储能、科达制造、儒特股份、时代思康、先导智能、泰和科技、双环科技、超钠新能源、瑞扬新能源、扬广科技、津工能源、猛狮新能源、东腾锂业、钠奇盛、方寸新能源、黔钠科技、奥冠电池、华钠新材、璞钠能源、华纳新能源、浩钠新能源、湖钠能源、博钠新能源、美特新材料、钠特尔、乐普钠电、铧钠新材料、瓦时动力、美达瑞新材料、钠远新材、兆瑞新能源、钠科能源、亿司特新材料、东能钠新、果曼钠电、极电特能、容钠新能源、浦士达环保、富钠能源、天钠科技、国科炭美、华普森、信瑞新能源、先导干燥、亿隆能源、绿捷环境、尚金干燥、广域铭岛、普渡机械、科锐晟、乔岳智能、前锦炉业、德积干燥、汇京智能、瑞佳达、超力源等标杆钠电园区规划案例：山西阳泉高新区钠电产业规划、巴中钠电产业集群规划、乌海高新技术区钠电产业园规划、银川-苏银钠电产业园规划等七大核心服务一、产业研究依托起点研究院SPIR专业智库力量，聚焦钠电技术迭代、政策标准、供应链体系、市场应用与竞争格局，提供定制化产业调研、技术路线评估、产业链诊断、战略规划与政策解读服务，为企业研发方向、市场布局、长期决策提供专业支撑。二、数据报告发布行业权威白皮书、年度/季度产业报告、成本数据库、产能追踪、供需监测、企业榜单等数据产品，覆盖材料价格、产能规模、装机数据、应用场景、区域分布等核心维度，以真实、精准、及时的数据，为行业决策与市场预判提供依据。三、专业论坛展会打造高规格钠电产业峰会、钠电第一展：CINE钠电展专业展会、起点钠电品牌论坛、起点钠电全国行、起点钠电年会峰会、钠电金鼎奖评选、闭门对接会等活动，汇聚产业链龙头企业、科研专家、应用客户与行业精英，实现技术交流、趋势研判、资源聚合与商务对接，构建全球最具影响力的钠电交流与合作平台。四、品牌传播依托全媒体传播矩阵与精准产业流量，为企业提供品牌专访、新品发布、技术解读、产能官宣、公关传播、行业背书等推广服务，精准触达上下游合作伙伴与目标客户，全面提升企业知名度、行业影响力与市场曝光度。五、投融资孵化链接主流投资机构、产业资本与优质钠电项目，提供项目路演、投融资对接、企业估值、创业孵化、产业资源导入等服务，助力前沿技术成果转化、优质项目快速产业化，推动资本与产业深度融合，加速企业成长与规模化落地。六、钠电产业园规划面向政府园区与产业载体，提供钠电产业园定位策划、产业规划、招商方案、项目引进、运营赋能、生态构建等全流程服务，打造集研发、生产、检测、应用、回收于一体的钠电特色产业集群，助力区域新能源产业升级与经济高质量发展。七、Na+钠电产业联盟会员服务钠电产业生态协同的枢纽构建钠电产业的“朋友圈”与“议事厅”。为会员单位提供：政企高层对接、供应链精准匹配、专利池共享、人才猎聘、行业标准制定参与权及专属会员闭门会等增值服务，助力会员企业抢占行业制高点。点击阅读原文，即可报名参会！,,,,pending
SPIR：每周钠电价格走势及行情（2026.8.17-2026.8.22）,起点钠电,起点钠电,"RIOnews API, 钠离子电池, 钠电, 钠电正极, 钠电负极, 产品发布, 发布, 发布会, 全新, 上市, 合作进展, 项目签约, 投资",normal,2026-08-23T18:52:52+08:00,,倒计时5天2026第十一届起点钠电论坛暨全球钠电TOP排行榜发布会活动主题：全链路突破 规模化质变主办单位：起点研究、起点钠电举办时间：2026年8月28日举办地点：深圳宝安登喜路国际酒店2楼国际厅活动规模：500 + 第一批演讲及赞助单位：天能钠电、隐功科技、同兴皓升、晟钠新能、科迈罗、纳甘新能源 、华阳集团、鑫钠新材料、钠科能源、茹天科技、希倍动力、兆瑞新能源、九续钠电、扬广科技、禾电科技、金钠科技、川源科技、科隆新能源、钠远新材、维科技术、宇恒电池、汉行科技、普洱滇钠能源、珈钠能源、亮见钠电、果曼钠电等活动咨询：钠电小杨哥 *********** 为了给钠电行业从业人士提供参考，起点研究,http://mp.weixin.qq.com/s?__biz=Mzg4NjgzMzg3NA==&mid=2247518759&idx=2&sn=ea83ff70be58a142b3c2fc1dfad6c51e,,倒计时5天2026第十一届起点钠电论坛暨全球钠电TOP排行榜发布会活动主题：全链路突破 规模化质变主办单位：起点研究、起点钠电举办时间：2026年8月28日举办地点：深圳宝安登喜路国际酒店2楼国际厅活动规模：500 + 第一批演讲及赞助单位：天能钠电、隐功科技、同兴皓升、晟钠新能、科迈罗、纳甘新能源 、华阳集团、鑫钠新材料、钠科能源、茹天科技、希倍动力、兆瑞新能源、九续钠电、扬广科技、禾电科技、金钠科技、川源科技、科隆新能源、钠远新材、维科技术、宇恒电池、汉行科技、普洱滇钠能源、珈钠能源、亮见钠电、果曼钠电等活动咨询：钠电小杨哥 *********** 为了给钠电行业从业人士提供参考，起点研究,倒计时5天2026第十一届起点钠电论坛暨全球钠电TOP排行榜发布会活动主题：全链路突破 规模化质变主办单位：起点研究、起点钠电举办时间：2026年8月28日举办地点：深圳宝安登喜路国际酒店2楼国际厅活动规模：500 + 第一批演讲及赞助单位：天能钠电、隐功科技、同兴皓升、晟钠新能、科迈罗、纳甘新能源 、华阳集团、鑫钠新材料、钠科能源、茹天科技、希倍动力、兆瑞新能源、九续钠电、扬广科技、禾电科技、金钠科技、川源科技、科隆新能源、钠远新材、维科技术、宇恒电池、汉行科技、普洱滇钠能源、珈钠能源、亮见钠电、果曼钠电等活动咨询：钠电小杨哥 *********** 为了给钠电行业从业人士提供参考，起点研究院（SPIR）和起点钠电平台经过长期跟踪和调研钠电池产业链上下游，推出了钠电行业每周产品报价信息服务，报价内容包含：钠电池电芯、钠电正极及相关原材料、钠电负极及相关原材料、钠电电解液、碳酸钠等产品报价信息，如有需要补充完善的报价欢迎联系起点相关人员。数据来源：SPIR备注：以上报价仅供行业参考，不作为交易依据。一、近期企业动态钠电电芯企业动态：近期，钠锂科技G51钠离子启停电池装车福田欧曼重卡，开展完整场景化实车验证。钠锂科技G51 钠离子启停电池定位直接替代两台传统 180G51 铅酸蓄电池，做到原位安装，无需改动整车线路。核心参数为24V/1440Wh，整机仅重23.5kg，比传统铅酸电池减重60%。原车标配 75A 发电机，低怠速条件下，一小时即可从保护低电量恢复至 82%，如果车辆后期升级大电流发电机，充电速率还可以实现进一步翻倍。8月20日，广东豪鹏新型电池及电池模组建设项目备案获惠州仲恺高新技术产业开发区管理委员会经济发展和统计局批复通过。该项目由广东省豪鹏新能源科技有限公司投建，总投资3.48亿元，建设地点位于惠州市仲恺区潼湖镇中韩产业园，项目占地6.2万平方米，开展新型电池及电池模组项目建设，项目涵盖消费型新型电池如钠离子电池、固液电池、固态电池的电芯及电池模组产品的研发、生产及销售，达产后年产值26.57亿元人民币，纳税0.57亿元。8月18日，湖南丰日电气集团钠电项目签约落户常德津市高新区。据悉，该项目计划总投资10亿元，分两期建设年产1GWh钠离子电芯智能化产线。项目全面达产后，预计年销售收入可达20亿元。8月18日，台铃发布全场景长续航解决方案，包含多款钠电车型。其中飞火流星X9钠电快充版搭载蓝极鲸钠电池，无惧零下20℃严寒；配置峰值功率4000W电机与双通道ABS+TCS全域安全系统，并配备7英寸TFT智能仪表与外置蓝牙音响，实现性能、补能、安全和智能的高度协同。8月17日，泉州隐速启威新能源科技有限公司新型钠离子电池生产基地项目正式开工，计划工期约两个月。近日，天能钠电5.0钠离子汽车启停电池全新上市，产品型号为A379D20M，采用聚阴离子体系软包电芯，构建 12V 电压平台，面向燃油车与混动车型的车载启停系统，可原车适配、即装即用，实现全场景适配。钠电材料企业动态：近日，中石化(上海)石油化工研究院有限公司（文中简称：中石化上海院）实现钠离子电池电解液批量供货，准备装车发往钠电电芯生产企业。二、钠电上市公司板块指数8月21日A股上市公司钠电池板块整体涨幅+0.77%。本周领涨钠电概念公司有万润新能涨幅8.64%，星云股份涨幅6.00%、联得装备涨幅5.81%，天际涨幅4.82%、丰元股份涨幅4.3%。一键三连「点赞」「转发」「小心心」欢迎关注起点钠电！— 完 —起点钠电交流群72-码上入群往期推荐:重磅！宁德时代云南4GWh钠电独储项目备案通过！亿纬锂能2026上半年钠电“成绩单”国内又一主流车企抢滩钠电点击阅读原文，即可报名参会！,,,,pending
卷绕和叠片电池，哪一个更容易热失控？,锂电派,锂电派,"RIOnews API, 磷酸铁锂, 铁锂, LFP, 方形电池, 280Ah, 热失控, thermal runaway, 实验室",normal,2026-08-23T18:15:35+08:00,,【锂电派】官方加入渠道扫描上图二维码解锁锂电知识宝库，下载10000+资料！卷绕和叠片电池，哪一个更容易热失控？中国科学技术大学火灾安全全国重点实验室王青松课题组研究了两种容量相同(280Ah)，但内部结构不同（卷绕结构与叠片结构）的磷酸铁锂方形电池，在1000W外部加热条件下诱发电池热失控的过程。系统对比分析了两种结构电池在热失控过程中的行为差异，以及温度、电压和热释放速率等关键参数的演化。两种电池的规格参数如下表所示，标称容量均为280Ah，外形尺寸也相同，石墨||LFP方形电池。实验过程为：所有热失控TR测试均在燃烧室中进行，如下图所示。该测试平台由四个核心组件组成:燃烧室、烟气排放系统,http://mp.weixin.qq.com/s?__biz=MzI4MTc4MzY2NA==&mid=2247696971&idx=2&sn=59ab19cdaa84f17799da9f43a3a37f52,,【锂电派】官方加入渠道扫描上图二维码解锁锂电知识宝库，下载10000+资料！卷绕和叠片电池，哪一个更容易热失控？中国科学技术大学火灾安全全国重点实验室王青松课题组研究了两种容量相同(280Ah)，但内部结构不同（卷绕结构与叠片结构）的磷酸铁锂方形电池，在1000W外部加热条件下诱发电池热失控的过程。系统对比分析了两种结构电池在热失控过程中的行为差异，以及温度、电压和热释放速率等关键参数的演化。两种电池的规格参数如下表所示，标称容量均为280Ah，外形尺寸也相同，石墨||LFP方形电池。实验过程为：所有热失控TR测试均在燃烧室中进行，如下图所示。该测试平台由四个核心组件组成:燃烧室、烟气排放系统,"【锂电派】官方加入渠道扫描上图二维码解锁锂电知识宝库，下载10000+资料！卷绕和叠片电池，哪一个更容易热失控？中国科学技术大学火灾安全全国重点实验室王青松课题组研究了两种容量相同(280Ah)，但内部结构不同（卷绕结构与叠片结构）的磷酸铁锂方形电池，在1000W外部加热条件下诱发电池热失控的过程。系统对比分析了两种结构电池在热失控过程中的行为差异，以及温度、电压和热释放速率等关键参数的演化。两种电池的规格参数如下表所示，标称容量均为280Ah，外形尺寸也相同，石墨||LFP方形电池。实验过程为：所有热失控TR测试均在燃烧室中进行，如下图所示。该测试平台由四个核心组件组成:燃烧室、烟气排放系统、采样和分析模块以及数据记录单元。实时监控和记录TR过程中的关键参数，包括温度、电压和HRR等，通过防爆观察窗口用数码相机拍摄记录整个TR过程。实验开始前，将电池固定在加热功率为1000W的加热板上。使用K型热电偶监测电池在整个TR过程中的温度变化(热电偶的测量范围和精度分别为0–1300°C和±1°C)。电池的正负端用电线连接，通过数据记录仪记录温度和电压值。当电池上远离加热板的热电偶，记录温度升高率超过1°C/s超过5秒时，停止加热，电池在TR后自然冷却至环境温度，其中部分电池过程中点火引起燃烧。相机记录的热失控过程如下图所示，包括四种情况：卷绕不点火、叠片不点火、卷绕点火和叠片点火。不点火的电池在热失控过程中只冒烟不燃烧。电池从加热到触发热失控TR，可以分为几个阶段：加热、泄压、孕育、热失控及衰减。卷绕电池热失控触发更为缓慢，持续时间更长，其热失控发生时间约为叠片结构的两倍，表明其内部传热过程相对缓慢。而叠片电池则更易快速触发热失控，热失控时间也更短，表现出更强的瞬态响应特征。卷绕不点火、叠片不点火、卷绕点火和叠片点火四种情况下，热失控过程中记录的温度和电压如下图所示。电压变化规律整体一致，在热失控前保持相对稳定并略有下降，而在热失控发生时出现剧烈波动并最终降为0 V。叠片电池的安全阀开启温度及热失控触发温度均明显低于卷绕结构，且触发时间更早，表明其在持续加热条件下更易发生热失控，热稳定性相对较差。卷绕电池在触发后发展更迅速，热失控传播速度更快（约为1.19 mm/s），显著高于叠片结构（约0.29 mm/s），表现出更强的连续传播能力。最后，总结概述如下：（1）触发难度不同：卷绕电池的热失控触发时间（约1336秒）和触发温度（约104.5℃）均明显高于叠片电池（约642秒，81.7℃）。卷绕式电池更难被过热引发热失控，耐热性更好。（2）内部热缓冲能力不同：卷绕电池内部热失控传播速度（1.19 mm/s）快于叠片电池（0.29 mm/s），但它的总触发时间更长，表明卷绕电池内部结构在热失控前具有更强的热缓冲作用，能更长时间抵抗热量积聚。（3）燃烧行为差异显著：叠片电池在安全阀打开后会产生定向侧向喷流，容易吹灭火焰，导致燃烧不持续；而卷绕电池火焰持续燃烧，峰值热释放率达228.98 kW，总释放热量约20.3 MJ。（4）综合安全评价：叠片电池热失控触发门槛低、燃烧行为不稳定。卷绕电池在过热滥用条件下表现出更强的耐热性和安全冗余，更适合对热稳定性要求高的场景。文献：Zheng Li, Chaoshi Liu, Shirou Wang, Wenxin Mei*, Chengdong Wang, Yuxuan Li, Chenrui She, Tianle Pan, Guangxin Chen, Qingsong Wang*. The impact of internal wound and stacked structures of lithium-ion batteries on its thermal runaway behavior, Applications in Energy and Combustion Science 26 (2026) 100494.【锂电派知识星球】致力于打造锂电池行业垂直产业链资源库！10000+份资料可下载！扫下方二维码加入(与锂电人共同成长)▼扫码可预览5条星球内容 扫码获取 所有文件均可下载【锂电派】官方加入渠道扫描上图二维码解锁锂电知识宝库，下载10000+资料！卷绕和叠片电池，哪一个更容易热失控？",,,,pending
特斯拉回应近300万辆召回,锂电派,锂电派,"RIOnews API, 发布",normal,2026-08-23T18:15:35+08:00,,"⬆️点击蓝字关注“锂电派”8月21日，国家市场监督管理总局发布召回公告，特斯拉（上海）有限公司、特斯拉汽车（北京）有限公司备案召回计划，涉及国产及进口Model 3、Model Y、Model S、Model X等车型近300万辆，自2026年9月25日起正式实施。这是特斯拉在中国市场规模最大的单次召回行动。针对车主""是否需要立即进店""的疑问，特斯拉中国官方客服8月22日向《每日经济新闻》记者明确回应：本次召回分为两类处理方式，车主无需全部到店。根据相关公告，特斯拉召回编号为S2026M0098V，涉及2019年3月4日至2026年4月29日生产的国产Model 3共973,156辆，2020",http://mp.weixin.qq.com/s?__biz=MzI4MTc4MzY2NA==&mid=2247696971&idx=3&sn=38290b7f9454fc61e7b662c5a4e452ac,,"⬆️点击蓝字关注“锂电派”8月21日，国家市场监督管理总局发布召回公告，特斯拉（上海）有限公司、特斯拉汽车（北京）有限公司备案召回计划，涉及国产及进口Model 3、Model Y、Model S、Model X等车型近300万辆，自2026年9月25日起正式实施。这是特斯拉在中国市场规模最大的单次召回行动。针对车主""是否需要立即进店""的疑问，特斯拉中国官方客服8月22日向《每日经济新闻》记者明确回应：本次召回分为两类处理方式，车主无需全部到店。根据相关公告，特斯拉召回编号为S2026M0098V，涉及2019年3月4日至2026年4月29日生产的国产Model 3共973,156辆，2020","⬆️点击蓝字关注“锂电派”8月21日，国家市场监督管理总局发布召回公告，特斯拉（上海）有限公司、特斯拉汽车（北京）有限公司备案召回计划，涉及国产及进口Model 3、Model Y、Model S、Model X等车型近300万辆，自2026年9月25日起正式实施。这是特斯拉在中国市场规模最大的单次召回行动。针对车主""是否需要立即进店""的疑问，特斯拉中国官方客服8月22日向《每日经济新闻》记者明确回应：本次召回分为两类处理方式，车主无需全部到店。根据相关公告，特斯拉召回编号为S2026M0098V，涉及2019年3月4日至2026年4月29日生产的国产Model 3共973,156辆，2020年11月16日至2026年4月30日生产的国产Model Y共1,956,713辆；召回编号S2026M0099V，涉及进口Model 3、Model X、Model S合计46,041辆。召回原因在于车内应急机械拉手与内饰颜色接近，不易识别和操作。当发生严重碰撞导致整车低压系统失效等极端情形时，可能影响驾乘人员快速开启车门逃生和车外人员救援，存在安全隐患。此外，特斯拉（上海）有限公司另以编号S2026M0039I召回2019年3月4日至2025年12月7日期间生产的国产Model 3、Model Y共2,740,642辆，原因是组合驾驶辅助开启时现有注意力监测机制不足，将通过OTA增加舱内摄像头监测功能。特斯拉客服表示，收到""增加车门应急拉手标识""""更新车辆软件增加事故后降窗策略""""更新车辆软件改善驾驶员注意力检测功能""三项提示的车主，软件部分等待OTA升级即可；涉及车门应急拉手标识的车辆，可在保养或检修时前往特斯拉各服务中心领取贴纸。相关贴纸预计9月底发放至各服务中心，加贴实施周期为3年，期间车主均可领取，已配备警示标识的车辆无需再次加贴。仅收到两项软件更新提示的车辆，等待OTA完成即可，无需其他操作。特斯拉方面强调，将免费为召回范围内车辆加贴警示标识，并通过OTA技术升级车窗控制软件，增加事故后降窗策略，以降低安全隐患。END由于公众号规则更改，请大佬们点个关注、推荐和转发扫码入群丨lidianpai666交流丨分享丨合作丨推广 · LIDIANπ ·",,,,pending
连签24GWh储能订单！身家1750亿！王传福表哥成广州首富,锂电派,锂电派,"RIOnews API, 新材料, 电池材料, 钙钛矿, 固态电池, 长时储能, 钠离子电池, 产品发布, 发布, 上市, 合作进展, 投资, 合作, 技术进展, 技术攻关, 前沿技术, 比亚迪, 磷酸铁锂, 铁锂, 储能, 储能电芯, 大容量储能电芯, 储能系统, 集装箱储能, 314Ah, 户储, 工商业储能, 大储, 储能集成, 循环寿命, 电池包, 出货, 出货量, 交付, 装机, 排名, 产能, GWh, 投产, 订单, 框架协议, 供货协议, 毛利率, 海外, 出海, 政策, 认证, 量产, 项目落地, 落地",normal,2026-08-23T18:15:35+08:00,,⬆️点击蓝字关注“锂电派”日前，融捷股份发布 2026年半年度报告，报告显示2026上半年公司实现营业收入 15.24 亿元，同比大涨 402.35%；归母净利润 10.02 亿元，同比增长 1076.14%。扣除非经常性损益净利润达到10.04亿元，同比增幅高达1269.63%。拆分季度数据可以看到，第二季度是业绩爆发的核心驱动力，单季度营收 11.48 亿元，环比一季度增长 205.17%，贡献了超过七成的利润，单季净利润 7.24 亿元，环比提升 160.32%。这份亮眼的成绩单，来自上半年锂价的强势反弹，从年初约 11 万元 / 吨一路冲高，5 月上旬一度突破 20 万元 / 吨，之后,http://mp.weixin.qq.com/s?__biz=MzI4MTc4MzY2NA==&mid=2247696971&idx=1&sn=21c3d989dbcc63567d0fdfd10a85e00c,,⬆️点击蓝字关注“锂电派”日前，融捷股份发布 2026年半年度报告，报告显示2026上半年公司实现营业收入 15.24 亿元，同比大涨 402.35%；归母净利润 10.02 亿元，同比增长 1076.14%。扣除非经常性损益净利润达到10.04亿元，同比增幅高达1269.63%。拆分季度数据可以看到，第二季度是业绩爆发的核心驱动力，单季度营收 11.48 亿元，环比一季度增长 205.17%，贡献了超过七成的利润，单季净利润 7.24 亿元，环比提升 160.32%。这份亮眼的成绩单，来自上半年锂价的强势反弹，从年初约 11 万元 / 吨一路冲高，5 月上旬一度突破 20 万元 / 吨，之后,⬆️点击蓝字关注“锂电派”日前，融捷股份发布 2026年半年度报告，报告显示2026上半年公司实现营业收入 15.24 亿元，同比大涨 402.35%；归母净利润 10.02 亿元，同比增长 1076.14%。扣除非经常性损益净利润达到10.04亿元，同比增幅高达1269.63%。拆分季度数据可以看到，第二季度是业绩爆发的核心驱动力，单季度营收 11.48 亿元，环比一季度增长 205.17%，贡献了超过七成的利润，单季净利润 7.24 亿元，环比提升 160.32%。这份亮眼的成绩单，来自上半年锂价的强势反弹，从年初约 11 万元 / 吨一路冲高，5 月上旬一度突破 20 万元 / 吨，之后有所回落，但整体均价显著高于去年同期。融捷股份作为国内新能源锂电产业链的重要企业，依托手握的甲基卡锂辉石矿资源，融捷股份上半年锂精矿总产量14.61万吨，同比增长 108.80%，二季度产量 8.67 万吨，环比增长 45.99%，采矿选矿产能充分释放。子公司融达锂业实现净利润10.31亿元，同比暴涨1103.78%，锂矿业务成为公司最核心的利润来源，综合毛利率达到76.36%，锂精矿业务毛利率接近 80%，抗周期能力凸显。吕向阳：从投资比亚迪到布局自己的锂产业版图根据 2026 胡润全球富豪榜，融捷集团创始人吕向阳、张长虹夫妇以 1750 亿元身家成为广州首富，全球排名第95位。很多人知道吕向阳，绕不开他与比亚迪董事长王传福的渊源。吕向阳是王传福的表哥，早年在银行系统工作15年，1993年辞职下海创业。上世纪90年代，王传福计划创业做电池，四处寻求资金无果，找到吕向阳。吕向阳没有选择借款，直接拿出 250万元入股，这也是比亚迪创业初期最重要的一笔资金。1995年，吕向阳创办融捷集团，同时深度参与比亚迪经营，担任副董事长。三十余年过去，这笔早期投资收获巨大回报，吕向阳直接叠加间接合计持有比亚迪超13%股份。但吕向阳并未止步财务投资，没有把全部筹码押注比亚迪，而是持续布局锂资源赛道，一步步搭建起属于自己的锂能源全产业链版图。需要厘清的是，融捷股份是融捷集团控股的A股上市公司，核心聚焦上游锂矿采选、锂盐加工。而广州融捷能源科技有限公司是融捷集团全资子公司，定位下游储能电池制造平台，二者同属一个集团体系，形成上游资源供给向下游电池制造输送的产业协同，也是融捷集团打通锂矿到储能电池闭环的关键布局。24GWh 海外订单集中落地，储能业务迎来收获期融捷能源 2022 年在广州南沙成立，落地百亿级锂电制造项目，短短不到三年时间，就实现从基地建设到跻身全球储能电芯出货前十的跨越。总经理吴捷此前对外披露，2026 年上半年公司储能电池出货量同比接近 7 倍增长，海外订单已经排到2027 年上半年，外销占比持续抬升，实现内外市场双向发力。今年6-8月两个月时间，融捷能源集中落地四笔重磅海外储能订单，总规模合计 24GWh，覆盖欧洲、印度两大高增长市场。第一笔来自欧洲，6月在欧洲智慧能源展，与瑞士储能服务商 Lithium Storage GmbH 签下12GWh年度战略采购框架，合作范围包含电芯、电池包、工商业及大型集装箱储能系统，瞄准欧洲储能高速增长市场。印度市场也连续落地两笔合作，6 月 28 日，和印度储能集成商 Lineage Power 签订3GWh磷酸铁锂电芯供货协议，产品用于印度及海外大储、工商业储能项目。时隔不到两个月，8 月 15 日上海会谈，双方再度升级合作，新增4GWh2027 年度电芯框架协议，采购产品为 314Ah、588Ah 两款主力储能电芯，至此 Lineage Power 一家合计锁定7GWh订单。7 月 30 日，融捷能源又与印度大型电力集团 JSW Energy 签署5GWh备忘录，采购包含整集装箱储能系统与 CKD 散件，适配 314Ah 以及二季度刚刚实现量产的 588Ah 大容量储能电芯。这12GWh订单落地，也踩中印度储能市场爆发的风口。公开数据显示，印度储能装机从 2025年的0.78GWh，攀升至 2026年6月的 8.7GWh，半年增幅超 11 倍，全年新增装机预期超过 10GWh。虽然印度已经规划大量本土电池产能，但产能建设存在时间差，中短期仍然高度依赖海外供应链，为中国储能企业打开市场窗口。产品上，314Ah、588Ah 两款磷酸铁锂电芯成为融捷能源出海的核心武器，588Ah 电芯能量密度大于180Wh/kg，循环寿命超 10000 次，面向长时储能场景。在今年二季度实现量产之后直接推向海外，得到海外客户的批量采购认可。7 月份，融捷能源还拿到 “户储电芯 TOP 标杆” 奖项，产品实力获得行业认证。产能与技术双线布局：高光之下仍存现实挑战产能层面，融捷能源现有产能 55GWh，南沙三期工厂预计 2026 年底投产，广州黄埔基地规划 25GWh 产能，全部建成之后总产能将达到105GWh，匹配持续增长的海外订单需求。研发上，公司没有局限现有磷酸铁锂路线，同步布局多条前沿技术赛道，推进固态电池材料规模化量产；同时推进钙钛矿电池、钠离子电池的技术攻关与产业化，为中长期储备技术竞争力。此外，南沙基地坐拥广州港的出海区位优势，对内承接大湾区完整锂电产业链配套，对外便利海运出口欧洲、东南亚，成为融捷能源产品出海的重要支点。放在行业大环境看，2026 年全球储能电芯出货量保持接近翻倍的增速，市场竞争激烈，头部企业份额稳固，腰部厂商比拼产业链成本、产品迭代、海外交付能力。融捷能源最大的差异化优势，来自集团上游锂矿资源加持。母公司手握甲基卡锂辉石矿，105 万吨每年采矿、45 万吨选矿产能，上游锂资源可以平抑原材料价格波动，给下游电池业务提供成本缓冲，形成 “上游锂矿 — 中游材料 — 下游储能电池” 完整闭环，这也是很多储能电池企业不具备的条件。当然，高光背后也存在现实挑战。海外大框架订单属于意向性框架协议，不等于全部立刻转化为实际出货，后续还要看下游海外储能项目落地进度。印度市场地缘环境复杂，本土保护政策、项目交付周期都存在不确定性；同时储能赛道价格竞争激烈，即便有上游资源加持，依然要面对国内外同行的激烈竞争。结语：一边是上市公司融捷股份吃锂矿周期红利，利润大幅释放；另一边集团旗下融捷能源在储能赛道快速突围，拿下大额海外订单。两大业务板块彼此协同，共同构成融捷集团新能源的链条。这位广州首富布局三十年的全锂产业链，又将迎来一波集中兑现期。END由于公众号规则更改，请大佬们点个关注、推荐和转发扫码入群丨lidianpai666交流丨分享丨合作丨推广 · LIDIANπ · ⬆️点击蓝字关注“锂电派”日前，融捷股份发布 2026年半年度报告，报告显示2026上半年公司实现营业收入 1,,,,pending
电池健康度只有90%，循环次数却很低，究竟是谁出了问题？,锂电派,锂电派,"RIOnews API, 前沿表征, 工况, 供电, 电池管理系统, 快充",normal,2026-08-23T18:15:35+08:00,,⬆️点击蓝字关注“锂电派”如今手机、笔记本、平板、智能手表，还有新能源汽车，几乎都在搭载锂离子电池。设备用得越久，大家对「电池健康度」和「循环次数」这两个参数也愈发关注。不少手机用户看到循环次数持续上涨，便简单将其等同于电池的剩余寿命。但事实上，二者虽存在联系，代表的却是完全不同的概念。循环次数反映的是电池累计的充放电使用总量；电池健康度，则代表电池当前剩余的实际可用容量与综合性能。如果只能依靠一项参数评估电池当下的好坏，电池健康度的参考意义要高于循环次数。打个比方：循环次数相当于汽车的行驶里程，记录一共跑了多少路；电池健康度则对应车辆的实际车况，直接体现当下的整体状态。循环一次，并不等于充电,http://mp.weixin.qq.com/s?__biz=MzI4MTc4MzY2NA==&mid=2247696971&idx=4&sn=1f62038ce26ad497c56566e645d75f4d,,⬆️点击蓝字关注“锂电派”如今手机、笔记本、平板、智能手表，还有新能源汽车，几乎都在搭载锂离子电池。设备用得越久，大家对「电池健康度」和「循环次数」这两个参数也愈发关注。不少手机用户看到循环次数持续上涨，便简单将其等同于电池的剩余寿命。但事实上，二者虽存在联系，代表的却是完全不同的概念。循环次数反映的是电池累计的充放电使用总量；电池健康度，则代表电池当前剩余的实际可用容量与综合性能。如果只能依靠一项参数评估电池当下的好坏，电池健康度的参考意义要高于循环次数。打个比方：循环次数相当于汽车的行驶里程，记录一共跑了多少路；电池健康度则对应车辆的实际车况，直接体现当下的整体状态。循环一次，并不等于充电,⬆️点击蓝字关注“锂电派”如今手机、笔记本、平板、智能手表，还有新能源汽车，几乎都在搭载锂离子电池。设备用得越久，大家对「电池健康度」和「循环次数」这两个参数也愈发关注。不少手机用户看到循环次数持续上涨，便简单将其等同于电池的剩余寿命。但事实上，二者虽存在联系，代表的却是完全不同的概念。循环次数反映的是电池累计的充放电使用总量；电池健康度，则代表电池当前剩余的实际可用容量与综合性能。如果只能依靠一项参数评估电池当下的好坏，电池健康度的参考意义要高于循环次数。打个比方：循环次数相当于汽车的行驶里程，记录一共跑了多少路；电池健康度则对应车辆的实际车况，直接体现当下的整体状态。循环一次，并不等于充电一次大多数用户都对电池循环次数存在普遍误区，认为手机从 100% 用到自动关机、再从零充满，才算完成一次充电循环。但锂电池的循环次数，并不是按 “充电次数” 计算的。行业统一标准是：累计消耗 100% 电池容量，才算一次完整循环。 举个简单例子：今天电量从 100% 用到 50% 后补满，第二天再次用到 50% 充满，两天累计耗电 100%，系统才会记录为一次循环。苹果设备的电池统计逻辑同样遵循该规则，不需要深度放空电量。日常仅消耗 30%、40% 电量就随手充电，并不会直接增加一次循环。系统会长期累积实际耗电量，达到满额容量后才计入循环次数。这也推翻了 “频繁插电 = 加速电池老化” 的错误认知：多次补电不等于多次循环损耗，日常随用随充，并不会快速消耗电池寿命。电池健康度看的是“还能装多少电”电池健康度通常以最大容量的形式呈现。一块新电池的设计容量假设为5000mAh，那么健康度100%意味着它的可用容量接近设计状态。随着电池发生化学老化，即使系统仍然显示100%充电，实际能够储存的电量也可能已经下降。假设使用一段时间之后，电池健康度变成85%，那么它能够储存的电量大致相当于新电池的85%。原本可以使用10小时的设备，在其他条件相近的情况下，续航自然也会缩短。苹果对iPhone的电池最大容量定义，就是将当前电池容量与新品状态进行比较。随着化学老化不断发生，最大容量会下降，同时设备一次充电能够提供的使用时间也会减少。所以，从用户体验角度来看，健康度更加直接。你真正关心的是手机现在还能使用多久，而不是电池过去到底完成了多少次完整循环。为什么循环次数不能单独判断寿命但要注意，电池老化并不能只看循环次数这单一指标。锂离子电池的衰减，是多重因素共同作用的结果：工作温度、静置电量、充放电深度、充电倍率以及自然存放时间，都会左右电池的老化进程。来自电池大学（Battery University）的资料同样表明，循环充放、工作温度、电池长期维持高电量，是加速锂电池老化的三大关键诱因。这也就解释了一个现实现象：两台一模一样的手机，即便电池循环次数接近，电池健康度也会出现显著差距。同样的循环基数下，如果一位用户只是轻度使用，而另一位经常运行大型游戏、录制视频，还频繁在高温环境下快充，两块电池最终的实际状态会截然不同。其中温度带来的影响尤为突出。高温会加快电池内部副反应发生，直接加剧容量损耗；而电池长期处在高温叠加高电量的条件中，老化负担会进一步加大。所以说，循环次数仅能反映电池的累计使用量，却不足以评判电池当下的真实健康水平。80%健康度为什么经常被提到在讨论手机电池的时候，“80%”几乎已经成为一个非常常见的数字。这并不是说电池一旦下降到79%，第二天就一定无法使用，而是很多厂商会把80%左右作为衡量电池容量衰减的重要参考点。以 iPhone 作为参考，在理想工况下，苹果对电池设定了这样的设计标准：iPhone14 以及更早的机型，经过 500 次完整充放电循环后，电池还可保留 80% 的原始容量；而 iPhone15 及后续新机，这一指标提升至 1000 次完整循环维持 80% 容量。苹果也专门说明，电池的实际表现，还会受日常使用场景、充电习惯等现实条件干扰。这里需要重点留意“理想条件”这个前提。 500 次、1000 次循环并不是电池的寿命阈值，绝不代表循环达到该数值就一定要更换电池，这只是厂商给出的耐久性设计参考。现实中的使用环境各不相同，即便是同样跑了 500 次循环，不同用户手上的电池健康度，也会呈现出不一样的表现。低循环次数，也可能出现明显衰减很多人不知道：哪怕电池循环次数极低，健康度照样会悄悄下降。有些手机几乎不怎么使用、循环次数极少，但长期静置存放、长期处于高温环境，或是常年维持满电高电量状态，电池依旧会持续老化、健康度下跌。这就是容易被忽视的日历老化。锂电池并非只有充放电使用时才会损耗寿命。只要电池处于带电状态，内部微观化学反应就会持续进行，随时间自然发生性能衰减。电池的存放时长、环境温度、长期静置电量，是决定日历老化快慢的三大核心因素，也是很多 “低循环、低健康” 电池的真正原因。这也是为什么一部使用频率并不高的旧手机，电池健康度也可能已经比较低。从这个角度看，单纯追求“少循环”并没有太大意义。真正需要关注的是整个使用环境。高温往往比多充几次电更值得警惕对普通用户而言，养护电池，控温是重中之重。锂电池本身并不排斥常规充电，真正带来额外损耗的，是高温条件下同时进行高负载运行与充电。最典型的场景就是边玩大型游戏边快充，机身温度显著抬升，电池将承受巨大的老化压力。现如今智能手机都搭载完善的电池管理系统，一旦检测到机身过热，设备会主动压低充电功率、限制整机性能，甚至暂停充电，以此保护电池。苹果也提到，设备针对温度、电压的管控策略，正是保护电池及内部元器件的核心手段。所以相比天天纠结循环次数的涨跌，更有实际意义的做法，是尽量不让手机长时间处在高温环境。夏季高温下玩游戏、导航、录制视频等高负载场景，尤其需要留意设备散热。充电到100%是不是伤电池另一个经常引发讨论的问题，就是“手机到底能不能充到100%”。答案并不是简单的可以或者不可以。锂电池在接近满电状态时，其内部承受的电化学压力会增加，因此长期保持满电状态并不属于最理想的保存方式。Apple也提供了优化电池充电等功能，通过减少设备长时间保持满电状态来降低电池老化压力。但这并不意味着每天充到100%就会迅速损坏电池。对于普通用户来说，设备本身的电池管理系统已经承担了大量工作。如果日常确实需要更长续航，正常充满电完全可以使用。真正值得避免的是在高温环境下长时间满电，同时又持续进行高负载任务。到底应该看哪个指标如果手机系统同时提供电池健康度和循环次数，那么可以把两者结合起来看，但优先级应该有所区别。循环次数适合用来判断电池的使用程度。它可以帮助你了解这块电池经历了多少累计放电量，也可以作为评估电池老化趋势的一个参考。电池健康度则更适合判断当前状态。如果循环次数只有几百次，但健康度已经明显下降，那么说明这块电池可能受到了高温、长期高电量、充电方式或者其他因素的影响。反过来，如果循环次数已经比较高，但健康度仍然保持良好，也没有必要仅仅因为数字变大就急着更换电池。换句话说，循环次数是过程数据，电池健康度是结果数据。对于消费者而言，结果往往比过程更加重要。真正延长电池寿命，不需要每天研究数字锂电池属于消耗品，随着时间推移出现容量衰减是正常现象，没有任何设置能够彻底阻止这种变化。真正有意义的是尽可能降低不必要的老化速度。日常使用时，不必为了减少循环次数而刻意不充电，也不需要因为偶尔充到100%就产生焦虑。更加实际的做法是避免长期高温运行，在条件允许时使用设备提供的优化充电功能，同时避免让电池长时间处于极端电量状态。如果设备已经出现明显的续航下降、突然关机、性能受到影响等情况，那么电池健康度就比循环次数更加值得关注。苹果也明确表示，随着可充电电池容量和性能下降，最终可能需要进行电池服务或更换。所以，下次查看手机电池信息时，与其看到“循环次数”不断增加就紧张，不如先看看电池健康度以及实际续航表现。循环次数告诉你电池走了多远，健康度告诉你它现在还剩多少能力。对于普通消费者来说，后者才是更值得长期关注的数字。END由于公众号规则更改，请大佬们点个关注、推荐和转发扫码入群丨lidianpai666交流丨分享丨合作丨推广 · LIDIANπ · ⬆️点击蓝字关注“锂电派”如今手机、笔记本、平板、智能手表，还有新能源汽车，几乎都在搭载锂离子电池。,,,,pending
JACS：阴极极化，氢化速率提高6倍，苯甲醛加氢为苄醇,有机电催化,有机电催化,"RIOnews API, 电化学合成, 电催化",normal,2026-08-23T18:00:01+08:00,,苯甲醛加氢 · Pd催化 · 阴极极化 · 非法拉第促进一句话看懂水相Pd催化苯甲醛加氢通常受表面氢和含氧中间体覆盖度限制，外加电势对热催化路径的影响尚缺乏定量区分。该研究在H2压力与阴极电势共同作用下考察Pd/C加氢，速率最高提高6倍；实验与理论将增益部分归因于非法拉第调控的羟基中间体覆盖。液相醛加氢是精细化学品合成的重要步骤，传统热催化过程对氢压、溶剂和表面氢覆盖敏感。电化学极化可改变金属表面电荷与双电层，但其效应可能来自真实电荷转移或非电量的界面重排。因而需将产物速率、同位素分布与自由能变化结合，界定电势对热催化路径的影响边界。核心问题阴极极化如何在有限电荷转移贡献之外调节Pd表面中间体,http://mp.weixin.qq.com/s?__biz=MzUyNTc2ODMyOQ==&mid=2247561691&idx=1&sn=a0aee68aafd6ef6325739c739badfd4b,,苯甲醛加氢 · Pd催化 · 阴极极化 · 非法拉第促进一句话看懂水相Pd催化苯甲醛加氢通常受表面氢和含氧中间体覆盖度限制，外加电势对热催化路径的影响尚缺乏定量区分。该研究在H2压力与阴极电势共同作用下考察Pd/C加氢，速率最高提高6倍；实验与理论将增益部分归因于非法拉第调控的羟基中间体覆盖。液相醛加氢是精细化学品合成的重要步骤，传统热催化过程对氢压、溶剂和表面氢覆盖敏感。电化学极化可改变金属表面电荷与双电层，但其效应可能来自真实电荷转移或非电量的界面重排。因而需将产物速率、同位素分布与自由能变化结合，界定电势对热催化路径的影响边界。核心问题阴极极化如何在有限电荷转移贡献之外调节Pd表面中间体,"苯甲醛加氢 · Pd催化 · 阴极极化 · 非法拉第促进一句话看懂水相Pd催化苯甲醛加氢通常受表面氢和含氧中间体覆盖度限制，外加电势对热催化路径的影响尚缺乏定量区分。该研究在H2压力与阴极电势共同作用下考察Pd/C加氢，速率最高提高6倍；实验与理论将增益部分归因于非法拉第调控的羟基中间体覆盖。液相醛加氢是精细化学品合成的重要步骤，传统热催化过程对氢压、溶剂和表面氢覆盖敏感。电化学极化可改变金属表面电荷与双电层，但其效应可能来自真实电荷转移或非电量的界面重排。因而需将产物速率、同位素分布与自由能变化结合，界定电势对热催化路径的影响边界。核心问题阴极极化如何在有限电荷转移贡献之外调节Pd表面中间体覆盖，并促进苯甲醛向苄醇的加氢？本文要点1. 在H2压力与阴极电势同时施加时，Pd/C苯甲醛加氢速率显著高于开路条件。2. 双模式运行的最高氢化速率约为开路条件的6倍，且高于单纯电荷转移所能解释的增益。3. 同位素实验与动力学分析支持羟基中间体参与的PCET步骤。4. DFT将更负电位下的进一步加速与中间体及过渡态自由能调节关联。关键图表解读开路条件下的苯甲醛氢化基线。Figure 1. 开路条件下的苯甲醛氢化基线。不同氢压下开路Pd/C苯甲醛氢化速率随氢气压力变化，TOF呈现明确的压力依赖，表明氢气参与的表面反应步骤对开路氢化动力学具有重要影响。非法拉第速率促进的定量比较。Figure 2. 非法拉第速率促进的定量比较。双模式操作下总氢化速率始终高于对应电荷转移速率，速率增益超过单纯法拉第贡献，表明阴极电势还可通过非法拉第方式促进Pd催化氢化。阴极电势调节的加氢动力学。Figure 3. 阴极电势调节的加氢动力学。提高阴极负电位后苯甲醛转化速率增强并趋于平台，反应在10 bar氢气下保持加速，表明电势可调节反应相关表面覆盖度并影响速率控制区间。同位素追踪的氢来源证据。Figure 5. 同位素追踪的氢来源证据。同位素标记产物中氢原子来源随溶剂和氢气组成改变，显示表面氢与溶剂质子共同参与，表明苄醇形成涉及电势敏感的质子电子转移和氢原子加成步骤。关键数据H2压力与阴极电势共同作用时，Pd/C苯甲醛氢化速率最高约为开路条件的6倍。可以继续思考什么？应进一步检验该非法拉第促进在连续流、不同羰基底物和更复杂溶剂环境中的可迁移性。文献信息论文题目：Non-Faradaic Promotion of Pd-Catalyzed Benzaldehyde Hydrogenation Induced by Cathodic Potential期刊：Journal of the American Chemical Society, 2026DOI：10.1021/jacs.6c04594通讯作者：Mal-Soon Lee；Sungmin Kim；Udishnu Sanyal；Johannes A. Lercher有机电催化学术交流QQ群: 692419836",,,,pending
科研绘图不求人！原理机制图、实验流程图、技术路线图、专利附图……AI智能体一键生成！,AI赋能材料,AI赋能材料,"RIOnews API, 工具方法, AI",normal,2026-08-23T18:00:00+08:00,,Ai赋能材料——————————————————科研绘图作为科研成果的可视化表达，往往决定着成果给人的“第一印象”。然而，传统绘图方式不仅专业门槛高、收费不菲，还常因反复沟通修改而拉长制作周期，让不少研究者苦不堪言。为此，科应重磅推出「科研绘图生成」智能体，支持一键将复杂的科研思维转化为清晰直观的视觉语言，让科研可视化变得简单又高效。科应「科研绘图生成」：一键出图，自主高效在「科研绘图生成」智能体中，你只需像日常聊天一样输入绘图要求，即可一键生成符合学术表达规范的专业配图，无需专业绘图基础，无需等待外包排期，无需反复沟通修改，让你彻底告别绘图焦虑，真正实现科研绘图自由。智能体支持自由选择图片比,http://mp.weixin.qq.com/s?__biz=Mzg4OTc1MzY5Mw==&mid=2247510813&idx=2&sn=728c436083822a890fc8517d6bf39952,,Ai赋能材料——————————————————科研绘图作为科研成果的可视化表达，往往决定着成果给人的“第一印象”。然而，传统绘图方式不仅专业门槛高、收费不菲，还常因反复沟通修改而拉长制作周期，让不少研究者苦不堪言。为此，科应重磅推出「科研绘图生成」智能体，支持一键将复杂的科研思维转化为清晰直观的视觉语言，让科研可视化变得简单又高效。科应「科研绘图生成」：一键出图，自主高效在「科研绘图生成」智能体中，你只需像日常聊天一样输入绘图要求，即可一键生成符合学术表达规范的专业配图，无需专业绘图基础，无需等待外包排期，无需反复沟通修改，让你彻底告别绘图焦虑，真正实现科研绘图自由。智能体支持自由选择图片比,Ai赋能材料——————————————————科研绘图作为科研成果的可视化表达，往往决定着成果给人的“第一印象”。然而，传统绘图方式不仅专业门槛高、收费不菲，还常因反复沟通修改而拉长制作周期，让不少研究者苦不堪言。为此，科应重磅推出「科研绘图生成」智能体，支持一键将复杂的科研思维转化为清晰直观的视觉语言，让科研可视化变得简单又高效。科应「科研绘图生成」：一键出图，自主高效在「科研绘图生成」智能体中，你只需像日常聊天一样输入绘图要求，即可一键生成符合学术表达规范的专业配图，无需专业绘图基础，无需等待外包排期，无需反复沟通修改，让你彻底告别绘图焦虑，真正实现科研绘图自由。智能体支持自由选择图片比例与标注语言，绘图风格涵盖3D立体、经典扁平、教学手绘、极简线条、医学插画、黑白线稿等常见样式，绘图类型覆盖成果可视化高频场景：✅ 原理机制图将抽象原理可视化，让创新内核一目了然。✅ 实验流程图清晰串联操作步骤，提升研究过程的可复现性与可信度。✅ 技术路线图系统呈现研发创新全链条，让研究框架与技术路径清晰可循。✅ 专利附图规范输出专利所需示意图，助力高效通过审查。✅ 科普插图将艰深概念转为生动画面，让前沿科学变得通俗易懂。更多绘图场景，等你解锁~无论是专利撰写、课题申报，还是学术研讨、技术汇报，当你需要专业配图的那一刻，打开科应「科研绘图生成」，自己就能搞定。科研配图，自己做主。扫描下方二维码，填写试用信息，立即体验～科应全球文献AI平台科应全球文献AI平台推出「科研绘图生成」智能体，用户只需像聊天一样输入指令，即可一键生成原理机制图、实验流程图、技术路线图等专业科研配图，让科研人员无需专业基础与外包排期，高效实现学术可视化,,,,pending
ACS Energy Lett｜日本东北大学李昊领衔，全球69名活跃学者联合展望AI驱动固态储氢新生态,AI赋能材料,AI赋能材料,"RIOnews API, 工具方法, AI驱动, 机器学习, AI, 学术研究, 大学, 教授, 期刊",normal,2026-08-23T18:00:00+08:00,,以下文章来源于数字催化+数字电池+数字储氢，作者DigMat数字催化+数字电池+数字储氢.DigCat 数字催化平台 + DigBat 数字电池平台 + DigHyd 数字储氢平台，由日本东北大学李昊教授领衔开发。Ai赋能材料——————————————————近日，应期刊编辑邀请，日本东北大学李昊杰出教授领衔来自全球的 69名活跃学者，在 ACS Energy Letters 发表 Perspective 文章 “Building a Physics-Aware AI Ecosystem for Solid-State Hydrogen Storage Materials”，系统提出面向固态,http://mp.weixin.qq.com/s?__biz=Mzg4OTc1MzY5Mw==&mid=2247510813&idx=1&sn=4d517ffa8c6121a220c83313f7d70ea8,,以下文章来源于数字催化+数字电池+数字储氢，作者DigMat数字催化+数字电池+数字储氢.DigCat 数字催化平台 + DigBat 数字电池平台 + DigHyd 数字储氢平台，由日本东北大学李昊教授领衔开发。Ai赋能材料——————————————————近日，应期刊编辑邀请，日本东北大学李昊杰出教授领衔来自全球的 69名活跃学者，在 ACS Energy Letters 发表 Perspective 文章 “Building a Physics-Aware AI Ecosystem for Solid-State Hydrogen Storage Materials”，系统提出面向固态,"以下文章来源于数字催化+数字电池+数字储氢，作者DigMat数字催化+数字电池+数字储氢.DigCat 数字催化平台 + DigBat 数字电池平台 + DigHyd 数字储氢平台，由日本东北大学李昊教授领衔开发。Ai赋能材料——————————————————近日，应期刊编辑邀请，日本东北大学李昊杰出教授领衔来自全球的 69名活跃学者，在 ACS Energy Letters 发表 Perspective 文章 “Building a Physics-Aware AI Ecosystem for Solid-State Hydrogen Storage Materials”，系统提出面向固态储氢材料研发的Physics-Aware AI Ecosystem（物理感知人工智能生态系统）。论文作者阵容覆盖全球固态储氢、人工智能、自驱动实验室及计算材料科学等多个研究方向。值得关注的是，此次参与讨论的69名学者并非简单意义上的“大规模联合署名”。论文明确指出，这一 Perspective 建立在全球69名活跃研究人员深入讨论的基础之上，旨在共同梳理固态储氢材料下一阶段的发展路线。参与作者所代表的研究力量涵盖全球固态储氢领域过半数的活跃课题组，是近年来该领域一次颇具代表性的国际学术协作。AI不应只是预测工具，而应进入材料研发闭环固态储氢长期面临热力学、动力学、相变、循环稳定性以及复杂实验条件相互耦合等问题。与此同时，现有AI研究仍受到数据碎片化、物理一致性不足以及实验验证薄弱等限制。针对这些问题，文章提出，未来AI驱动的固态储氢研发不能停留在“训练模型—预测材料”的单向模式，而应真正打通：数据库 → 物理模型 → AI设计 → 实验验证 → 数据反馈形成能够持续迭代和自我更新的材料研发闭环。图1. 固态储氢材料的数据基础设施。(a) 计算数据与实验数据的示意比较。Materials Project、OQMD、AFLOW、NOMAD、Alexandria、CoRE、QMOF 和 MOFX-DB 等计算数据库主要提供理想条件下由DFT得到的平衡性质，而实验数据则反映真实运行环境，包括压力、温度、成分差异、杂质、表面条件、测量不确定性以及块体形貌。两类数据之间缺乏直接对应关系，体现了当前数据基础设施中的一个根本性缺口。(b) Digital Hydrogen Platform（DigHyd）中经过整理的实验数据代表性示例。该平台涵盖4000余篇文献和30000余条热力学测量数据，包括储氢容量 (w)、焓变 (\Delta H) 和熵变 (\Delta S) 等，并对H/M与wt.%以及不同参考状态等报告方式进行了标准化。(c) DigHyd支持白盒符号建模。图中以重量储氢密度 (w) 为例，展示了由此获得的具有物理可解释性的成分—储氢性能关系。(d) 数据驱动回归揭示MgH₂基材料脱氢势垒 (E_a) 与起始温度之间的关系，并显示当前材料性能与美国能源部及高温质子交换膜目标之间的差距。(e) 下一代储氢数据库的概念框架，将计算与实验数据进行整合。统一平台同时纳入热力学、动力学、衰减行为和可重复性相关元数据，以及活化流程、催化剂组成、气体纯度、循环历史和测量数据来源等实验背景信息。通过显式考虑不确定性、负结果/零结果以及基于置信度的数据质量，可提高文献数据与计算预测之间比较的可靠性；物理约束学习和MLIP增强预测的一致性，而生成模型和LLM则用于数据整合、知识提取及逆向设计。文章认为，固态储氢AI真正的基础首先是 真实、可靠、可追溯的数据。团队建设的Digital Hydrogen Platform（DigHyd）目前已经汇集4000余篇论文和超过30000条结构化固态储氢实验数据，并进一步通过AI进行数据提取、标准化和知识组织。从静态计算走向真实动力学固态储氢材料并不是一个静态体系。氢原子的扩散、缺陷、界面、相变、应力和循环过程都直接决定最终性能。文章因此进一步讨论了 Machine Learning Interatomic Potentials（MLIPs） 在储氢材料中的作用。MLIP能够以接近DFT的精度，将原子尺度模拟扩展到更大的时间和空间尺度，从而研究传统第一性原理方法难以覆盖的扩散、相变和微观结构演化。图2. MLIP赋能的固态储氢材料多尺度建模。(a) 多尺度建模。MLIP作为连接不同时空尺度的桥梁，在量子精度数据上训练后，可以接近经典分子动力学的速度实现DFT级精度，并利用对不确定构型的标注和主动学习持续自我完善。MLIP进一步向介观模型提供原子尺度数据，用于验证复杂相、动态缺陷和各向异性应变，并最终向宏观模型提供具有量子力学基础的参数。(b) 不同环境中的氢扩散模拟。左侧展示673 K下MgH₀.₀₆₂₅中单个氢原子的时间演化轨迹，以及300 K下MgₙHₘ纳米团簇的平衡结构；中间展示用于分子动力学预测氢扩散系数的Ni-25 at.% Mn合金原子结构；右侧展示非等原子比Ta₂₀W₈₀在500 K下超Arrhenius扩散的原子机制，以及MLIP驱动的分子动力学对CaH₄高压氢化过程中表面熔化驱动吸氢路径的描述。(c) 晶界处氢偏聚及微孔演化的原子尺度图像。左侧展示含倾斜晶界的α-Fe体系中微孔的形核；右侧比较一般晶界85个不同位点的MLIP与DFT氢偏聚能，两者表现出良好一致性。(d) Pd(111)表面及体相中氢扩散的温度依赖和核量子效应。低温下Pd(111)表面扩散快于体相，来源于不同环境下的核量子效应和零点能修正；路径积分模拟显示200 K以下明显偏离经典Arrhenius行为。右图进一步展示MLIP结合RPMD及动力学蒙特卡洛得到的Ni(100)表面氢扩散系数。从AI模型进一步走向AI Agent在材料设计端，论文讨论了生成模型和大语言模型各自的优势与局限。生成模型擅长探索新的材料结构空间，但可能生成物理上不稳定或无法合成的候选材料；LLM能够从海量论文中提取实验经验、合成条件和材料规律，但其提出的假设本身并不受到物理定律约束。因此，文章提出一种 GM + LLM双通道框架：让生成模型负责结构空间探索，让LLM负责从真实文献中提取经验约束，再利用DFT、MLIP等物理模型进行验证。图3. 面向高性能固态储氢材料受约束发现的GM–LLM双通道架构及AI Agent驱动的迭代逆向设计。(a) 生成模型：性能引导的结构设计。MatterGen等生成模型在连续潜空间中，根据用户设定的化学组成、晶体对称性及目标物性等指标提出新的原子构型；在储氢研究中，可进一步加入例如 (\Delta H) 窗口等约束。(b) LLM：多模态知识挖掘。DIVE工作流处理非结构化科学文献，将复杂的多模态信息转化为包含经验合成约束和热力学关系的结构化数据库。(c) LLM Agent：迭代逆向设计。基于挖掘得到的历史数据库，DigHyd Agent执行自主的“设计—预测—优化”循环。Agent首先提出候选材料，由预训练机器学习回归模型动态评价，随后持续推理并优化组成，例如在数分钟内从CaMgFe₂逐步演化至此前未报道的Mg₂Fe₀.₆Co₀.₂₅Mn₀.₂合金，直至达到研究人员设定的热力学目标。(d) GM和LLM双通道融合的概念图。GM+LLM框架将结构空间探索与知识约束结合，使AI能够基于已有知识在能量景观中进行导航，并趋向物理上可行且具备合成可能性的稳定材料。这一部分也展示了日本东北大学李昊教授团队近年来发展的DIVE与DigHyd AI Agent：前者能够从PCT、TPD等论文图像中自动提取实验数据，后者则可以结合历史数据和预测模型，对材料组成进行持续迭代优化。最终目标：闭环实验与Digital Twin文章最终将数据、物理模型、AI和自动化实验连接起来。对于固态储氢这样高度依赖实验条件、动力学和材料历史的体系，仅靠AI预测并不足以完成材料发现。真正重要的是让AI提出材料、自动化平台进行合成和测试、实验结果回到数据库和模型，再由AI决定下一轮实验。论文还特别提到，日本东北大学正在GteX项目框架下推进面向固态储氢材料的自主实验流程。图4. 固态储氢材料的闭环发现框架。(a) 面向自主实验的迭代闭环流程，将机器学习驱动的预测、材料合成和实验测量整合起来。每一轮产生的数据都会重新反馈至模型中，实现模型持续修正并提高预测精度。(b) 高维成分空间中的智能规划。贝叶斯优化（BO）和强化学习（RL）等自适应策略通过平衡探索与利用，引导候选材料选择，从而寻找提升储氢性能的最优路径。(c) 储氢体系“数字孪生”的概念。由MLIP及相关模型驱动、能够动态更新的虚拟体系，使计算预测与实验观测保持同步，从而实现实时反馈、模型修正，以及理论与实验之间物理一致的解释。这一体系最终指向 Digital Twin（数字孪生）：让理论世界中的材料与实验世界中的材料实时同步，通过预测与实验之间不断往返的反馈，实现模型和实验的共同演化。全球69名活跃学者共同讨论固态储氢下一步固态储氢并不是一个新领域。恰恰因为研究历史较长、问题复杂，过去一度有研究者认为其材料空间已经得到相当充分的探索，进一步突破非常困难。但随着大规模真实实验数据库、机器学习原子间势、多模态AI、AI Agent和自动化实验的发展，这一传统领域正在出现新的研究空间。此次由李昊领衔、全球69名活跃学者 共同完成的展望和路线图，参与者涵盖过半数固态储氢领域活跃课题组。其核心并不是简单总结“AI可以用于储氢”，而是尝试回答更加根本的问题：当AI真正进入材料科学，我们需要的究竟是一个更强的预测模型，还是一套能够连接真实数据、物理规律与实验世界的新型材料研发体系？文章给出的答案是后者：以可靠数据为基础，以物理规律为约束，以AI为决策工具，以实验反馈完成闭环，最终走向自主材料发现。论文信息：S.-H. Jang, Y. Yao, C. Liu, L. Zhang*, D. Zhang, X. Jia, H. B. Tran, E. J. Cheng, R. Sato, Y. Ohashi, T. Sato, Y. Hashimoto, M. Allendorf, N. Artrith, M. Baricco, A. Borgschulte, D. P. Broom, A. Cao, B. W. J. Chen, L. Chen, P. Chen, E. S. Cho, S. Deledda, Z. Ding, M. Dornheim, M. Felderhoff, Y. Filinchuk, G. E. Froudakis, M. Gao, T. Gennett, Z. Guo, I. Hamada, J. Hattrick-Simpers, B. C. Hauback, M. Hirscher, T. R. Jensen, B. Jia, H. S. Kim, T. Kondo, K. Kutsukake, X.-Y. Li, T. Liu, P. Ma, J. Mao, R. Mohtadi, H. Oh, M. Paskevicius, C. J. Pickard, A. Pundt, A. Ramirez-Cuesta, H. Saitoh, K. Shi, A. Soon, C. Sun, C. Wolverton, H. Yabu, W. Yang, Z. Yao, X. Yu, J. Zou, S. Hu, P. Zhou, X. Lin, Z. Hu, Z. Zhou, P. Ou*, J. Peng*, S. Orimo*, and H. Li*, ""Building A Physics-Aware AI Ecosystem for Solid-state Hydrogen Storage Materials"", ACS Energy Letters, 2026, In Press.https://doi.org/10.1021/acsenergylett.6c01856点击左下角可阅读原文培训与学习【计算】Phys. Rev. Lett. | 南洋理工大学/美国东北大学 | 层间电荷密度波矢相位诱导结构手性：机理阐释与新材料预测研究【计算】Phys. Rev. B | 南京大学/天津大学 | 二维交错磁性单层高通量发掘与自旋性能应变调控研究【计算】Adv. Funct. Mater. | 南京航空航天大学/香港大学 | 基于对称性降低策略的大带隙高温量子反常霍尔绝缘体理论设计研究【计算】Phys. Rev. Lett. | 大连理工/华南师范/犹他大学：化学对称性破缺实现交错磁态与补偿亚铁磁态之间的相互转换【计算】ACS Catal. | 厦门大学李剑锋/郑世胜团队：几何构型调控的氢键排列决定金晶面CO2电还原反应动力学来源：DigMat 数字催化+数字电池+数字储氢注：本公众号秉持学术交流宗旨，所推送内容仅供学习研讨，非商业用途。诚邀材料与人工智能领域的专家学者赐稿，分享“AI+材料”前沿研究成果！本平台对转载、分享的内容、陈述及观点保持中立，不对其准确性、可靠性或完整性提供任何明示或暗示的保证，读者请自行判断并参考，平台不因此承担任何责任。声明：公众号所发布的所有内容（包括文字、图片、视频等）来源于网络或用户投稿，版权归原作者所有。如涉及版权问题，我们将及时处理。投稿邮箱：ai_materials@163.com微信群聊：Ai+材料科研交流群加群方式：添加微信（FC***********），备注：单位-姓名-研究方向，审核后邀请入群编辑备注：2026.08.23 春博士成长营公众号丨AI赋能材料编辑丨春博士（chunboshi）编辑部信息READING BOOKS微信号丨曜忞微信号丨FC***********阅读原文日本东北大学李昊杰出教授领衔来自全球的 69名活跃学者，系统提出面向固态储氢材料研发的Physics-Aware AI Ecosystem（物理感知人工智能生态系统）。",,,,pending
钠离子电池行业深度研究：临产业化拐点，启新能源宏图,钠电派,钠电派,"RIOnews API, 钠离子电池, 钠电",normal,2026-08-23T17:48:51+08:00,,扫描上图二维码解锁钠电知识宝库，可下载钠电池资料！由于公众号规则更改，请大佬们点个关注、推荐和转发【钠电派知识星球】致力于打造钠电池行业垂直产业链资源库！可下载！扫下方二维码加入(与钠电人共同成长)▼扫描上图二维码解锁钠电知识宝库，可下载钠电池资料！由于公众号规则更改，请大佬们点个关注、推荐和转发【钠电派知识星球】致力于打造钠电池行业垂直产业链资源库！,http://mp.weixin.qq.com/s?__biz=Mzg3MDg4NzA0MQ==&mid=2247504851&idx=2&sn=4e58f9bec838b5db581506d5913e2ae7,,扫描上图二维码解锁钠电知识宝库，可下载钠电池资料！由于公众号规则更改，请大佬们点个关注、推荐和转发【钠电派知识星球】致力于打造钠电池行业垂直产业链资源库！可下载！扫下方二维码加入(与钠电人共同成长)▼扫描上图二维码解锁钠电知识宝库，可下载钠电池资料！由于公众号规则更改，请大佬们点个关注、推荐和转发【钠电派知识星球】致力于打造钠电池行业垂直产业链资源库！,扫描上图二维码解锁钠电知识宝库，可下载钠电池资料！由于公众号规则更改，请大佬们点个关注、推荐和转发【钠电派知识星球】致力于打造钠电池行业垂直产业链资源库！可下载！扫下方二维码加入(与钠电人共同成长)▼扫描上图二维码解锁钠电知识宝库，可下载钠电池资料！由于公众号规则更改，请大佬们点个关注、推荐和转发【钠电派知识星球】致力于打造钠电池行业垂直产业链资源库！,,,,pending
1GW/4GWh 钠电储能项目备案落地！宁德时代按下钠电 GWh 级商用加速键,钠电派,钠电派,"RIOnews API, 钠离子电池, 钠电, 产品发布, 发布, 全新, 合作进展, 投资, 合作",normal,2026-08-23T17:48:51+08:00,,8 月 17 日，宁德时代1GW/4GWh 钠离子独立共享储能电站项目完成备案审批，由墨江哈尼族自治县发改局办结通过，项目一期建设规模 200MW/800MWh。这是国内少有的 GWh 级别电网侧钠电独立共享储能工程，意味着钠离子电池正式告别实验室技术验证阶段，大步迈入大规模商业化落地的全新周期，也为国内新型储能产业掀开锂钠互补发展的崭新篇章。该项目落地云南，从纳入省级项目清单到完成备案仅耗时一个多月，充分体现地方层面对钠电新型储能的大力支持。作为行业标志性分水岭事件，项目的落地，将从产业生态、技术实证、市场格局、政策导向四个维度，深刻重塑国内储能行业发展逻辑。产业端：打造电网侧钠电标杆，构建,http://mp.weixin.qq.com/s?__biz=Mzg3MDg4NzA0MQ==&mid=2247504851&idx=1&sn=b01bb795dec14cce25c58c40b269033b,,8 月 17 日，宁德时代1GW/4GWh 钠离子独立共享储能电站项目完成备案审批，由墨江哈尼族自治县发改局办结通过，项目一期建设规模 200MW/800MWh。这是国内少有的 GWh 级别电网侧钠电独立共享储能工程，意味着钠离子电池正式告别实验室技术验证阶段，大步迈入大规模商业化落地的全新周期，也为国内新型储能产业掀开锂钠互补发展的崭新篇章。该项目落地云南，从纳入省级项目清单到完成备案仅耗时一个多月，充分体现地方层面对钠电新型储能的大力支持。作为行业标志性分水岭事件，项目的落地，将从产业生态、技术实证、市场格局、政策导向四个维度，深刻重塑国内储能行业发展逻辑。产业端：打造电网侧钠电标杆，构建,8 月 17 日，宁德时代1GW/4GWh 钠离子独立共享储能电站项目完成备案审批，由墨江哈尼族自治县发改局办结通过，项目一期建设规模 200MW/800MWh。这是国内少有的 GWh 级别电网侧钠电独立共享储能工程，意味着钠离子电池正式告别实验室技术验证阶段，大步迈入大规模商业化落地的全新周期，也为国内新型储能产业掀开锂钠互补发展的崭新篇章。该项目落地云南，从纳入省级项目清单到完成备案仅耗时一个多月，充分体现地方层面对钠电新型储能的大力支持。作为行业标志性分水岭事件，项目的落地，将从产业生态、技术实证、市场格局、政策导向四个维度，深刻重塑国内储能行业发展逻辑。产业端：打造电网侧钠电标杆，构建锂钠多元新格局长期以来，国内电网侧储能高度依赖锂离子电池，锂资源供给波动、成本起伏始终是行业绕不开的痛点。本次 GWh 级钠电共享储能项目落地，首要价值就是完成大型钠电储能工程的实战验证。项目将完整跑通大型钠电储能电站建设、并网、商业运营全流程，输出可复制、可推广的工程样本，为后续全国范围内同类钠电项目建设提供重要参考依据。宁德时代作为全球储能龙头完成这一重磅落子，会直接带动电芯制造、系统集成、电站运维整条钠电产业链加速成熟，推动储能行业由过去 “锂电单核驱动”，转向锂钠互补协同的多元产业格局，降低整个储能产业对于锂资源的高度依赖。项目选址云南，也将充分依托西南地区丰富的清洁能源禀赋，拉动当地钠电材料、储能装备配套产业集聚，打造 “本地资源‑制造‑储能应用” 的区域产业闭环，带动西南新型储能产业集群发展。技术端：天恒系统硬核实证，释放钠电差异化竞争优势本项目将搭载宁德时代天恒钠电储能系统，多项核心技术指标将在真实电网工况下接受实战检验。其一，优异的宽温域性能得到工程落地。天恒系统在‑20℃低温环境下容量保持率可达 92%，可以很好适配云南山区高寒工况，同时也为我国北方高寒地区、欧洲北部低温场景储能应用提供解决方案，补齐传统磷酸铁锂电池低温性能短板。其二，超长循环拉长电站生命周期。项目采用循环寿命可达 15000 次的钠电电芯，按照每日 1 次充放电测算，设备可稳定运行超 40 年，远高于传统锂电储能约 15 年的设计寿命，有效摊薄全生命周期度电成本，给储能项目商业模式带来全新盈利参考。其三，平台化兼容设计降低产业链改造成本。这套钠电储能产品采用与 587Ah 大容量锂电储能电芯同壳体平台设计，现有大量锂电储能产线，无需大规模改造就可以快速切换生产钠离子储能产品，大幅降低产业链技术迭代的沉没成本，助推钠电快速规模化降本NE时代。安全层面，天恒钠电系统热失控表面温度相比锂电降低 60%，产气量下降 35%，实现不起火不爆炸，进一步夯实大型储能电站运行安全底座。市场端：开启钠电规模化商用元年，打开千亿成长空间2026 年被行业普遍视作钠离子储能规模化商用元年。上半年全球钠电出货量达到 10.8GWh，同比暴涨 175%，行业高增长趋势已经确立。本次 GWh 级项目备案落地，进一步夯实行业发展信心，吸引资本与产业链企业持续加码钠电赛道。海外与国内订单已经持续落地，宁德时代已经拿下海博思创 60GWh 国内钠电订单、欧洲 Alfen 5GWh 钠电储能长单，本项目建成后，将继续巩固其全球钠电储能市场主导地位，推动钠电从示范试点项目，转变为储能市场主流技术选项之一。机构起点研究院预测，2030 年全球钠电储能市场规模将达到 580GWh。墨江 1GW/4GWh 项目作为标杆工程，将加速这一市场进程，推动钠离子电池向工商业储能、AIDC 智算中心备电等更多场景渗透，撬动千亿级别储能蓝海市场。政策端：钠电成为新型储能核心路径，筑牢能源安全底座项目从省级清单纳入到备案办结仅一个多月，落地效率契合云南省新型储能 “2 个月内完成备案” 的工作要求，释放出地方大力扶持钠电新型储能的明确信号。国家层面政策红利持续释放，根据三部门发布的电池消费税新政，钠离子电池免征消费税政策延续至 2028 年底，而锂离子电池自 2026 年 9 月起将分步征收消费税，政策红利叠加规模化量产降本，钠电与锂电的成本差距将持续收窄，真正迎来锂钠同台竞争的时代中国经济网。从能源安全角度看，钠离子电池主要使用铁、锰、钠等地壳丰产金属，不依赖镍、钴、锂资源，供应链自主可控属性突出。本项目落地，是国家新型储能技术自主可控战略的重要实践，为我国电力系统调峰、新能源消纳提供一条安全可靠的备选技术路线。结语从实验室样品，到百兆瓦示范，再到如今 GWh 级电网侧独立储能项目落地，钠离子电池走完关键的产业跃迁一步。宁德时代墨江 1GW/4GWh 钠电共享储能项目，不只是企业的一次重大项目布局，更是整个钠电产业的分水岭事件。它将为后续大批量 GWh 级钠电储能项目落地铺路，推动国内新型储能向着低成本、高安全、可持续的方向前进，在高比例新能源电力系统中，书写锂钠协同的全新答卷。信息来源：公开备案资料、起点研究院、行业公开报道，仅供行业参考，不构成投资建议END由于公众号规则更改，请大佬们点个关注、推荐和转发声明：本公众号坚持原创、保护原创，转载内容只为分享传播知识，供个人研究、学习使用，并在文中注明来源。转载文章版权归原作者所有，如有侵权请后台联系删除。扫码添加小编交流丨分享丨合作丨推广 · nadianpai · 点分享点收藏点点赞点在看8 月 17 日，宁德时代1GW/4GWh 钠离子独立共享储能电站项目完成备案审批，由墨江哈尼族自治县发改局办,,,,pending
GGII：“十五五”地方政府如何抢抓“钠电”机遇？,高工钠电,高工钠电,"RIOnews API, 钠离子电池, 钠电, 钠电负极, 合作进展, 投资, 合作, 量产推进, 产能, 扩产, 比亚迪, 宁德时代, 亿纬锂能, 亿纬, 钠电池, 储能, 电池回收, 正极材料, 负极材料, 电解液, 隔膜, 出货, 出货量, 交付, GWh, 放缓, 订单, 政策, 发布, 量产, 商业交付, 项目落地, 落地",normal,2026-08-23T16:50:48+08:00,,以下文章来源于高工产研，作者GGII高工产研.高工产业研究院（简称GGII）是一家专注国内新兴产业市场研究与咨询的第三方机构，涉及的新兴产业主要包括锂电池、储能、氢能与氢燃料电池、新能源汽车、智能汽车、LED照明与显示、机器人、新材料等。优质钠电项目最高可补30%（上海浦东、广东深圳龙岗区）错过“十四五”锂电发展机遇的地方政府，别再错过钠离子电池新一轮产业风口！“十五五”顶层规划持续加码新型储能赛道，国家级政策文件明确推动钠离子电池规模化落地，全国多地“十五五”规划纲要相继谋划钠电产业化布局，对优质钠电项目最高可补30%（上海浦东、广东深圳龙岗区）等。钠电黄金时代已然到来。政策窗口开启与“十四,http://mp.weixin.qq.com/s?__biz=MzIwMDkyMDg2Mg==&mid=2247501846&idx=1&sn=b9e24ad1644629d618f2cde3cdc7c6cb,,以下文章来源于高工产研，作者GGII高工产研.高工产业研究院（简称GGII）是一家专注国内新兴产业市场研究与咨询的第三方机构，涉及的新兴产业主要包括锂电池、储能、氢能与氢燃料电池、新能源汽车、智能汽车、LED照明与显示、机器人、新材料等。优质钠电项目最高可补30%（上海浦东、广东深圳龙岗区）错过“十四五”锂电发展机遇的地方政府，别再错过钠离子电池新一轮产业风口！“十五五”顶层规划持续加码新型储能赛道，国家级政策文件明确推动钠离子电池规模化落地，全国多地“十五五”规划纲要相继谋划钠电产业化布局，对优质钠电项目最高可补30%（上海浦东、广东深圳龙岗区）等。钠电黄金时代已然到来。政策窗口开启与“十四,以下文章来源于高工产研，作者GGII高工产研.高工产业研究院（简称GGII）是一家专注国内新兴产业市场研究与咨询的第三方机构，涉及的新兴产业主要包括锂电池、储能、氢能与氢燃料电池、新能源汽车、智能汽车、LED照明与显示、机器人、新材料等。优质钠电项目最高可补30%（上海浦东、广东深圳龙岗区）错过“十四五”锂电发展机遇的地方政府，别再错过钠离子电池新一轮产业风口！“十五五”顶层规划持续加码新型储能赛道，国家级政策文件明确推动钠离子电池规模化落地，全国多地“十五五”规划纲要相继谋划钠电产业化布局，对优质钠电项目最高可补30%（上海浦东、广东深圳龙岗区）等。钠电黄金时代已然到来。政策窗口开启与“十四五”期间对钠离子电池的“示范”“研究”等字眼不同，“十五五”期间国家层面明确提出推进钠离子电池进一步商业化发展。地方层面，国内三十余份省级“十五五”规划纲要里，安徽、湖南、河南、四川、福建、江西、内蒙古、天津、重庆等十余个省级“十五五”规划中均将钠离子电池技术攻关与产业化布局纳入重点任务。省级“十五五”规划中关于钠离子电池的表述资料来源：政府官网，高工产业研究院（GGII）整理，2026年8月更值得注意的是，2026年7月17日，财政部、海关总署、税务总局联合发布《关于调整部分电池消费税政策的公告》，自2026年9月1日起至2028年12月31日，对钠离子电池免征消费税。回望锂电发展历程，2016-2026年10年间的消费税免征期，支撑锂电度过了一个发展黄金期。如今锂电优惠政策正逐步退出，现行税率调整至2%，2027年9月起进一步上调至4%。对比当下钠电池免征消费税期的2年4个月，其时间稍显紧迫，但二者所处产业阶段截然不同，锂电池十年免税是完成产业“从0到1”的孵化，钠电池本轮政策红利，则是支撑产业实现“从1到10”规模化扩张。政策加持下，钠电产业正式驶入规范化、规模化发展快车道。钠电需求放量据高工产业研究院（GGII）数据显示，2025年中国钠离子电池出货量2.4GWh，同比增长60%；2026年预计全年出货量有望超过5GWh，规模实现翻倍增长；预计2030年钠离子电池出货量有望超百GWh级别。2025-2030年中国钠离子电池市场规模及预测（GWh）资料来源：高工产业研究院（GGII），2026年6月按照2025年钠离子电池出货对应钠离子电池材料需求约为正极材料0.7万吨、负极材料0.4万吨、电解液0.4万吨、隔膜0.6亿平米、铝箔0.1万吨测算，GGII预计到2030年钠离子电池核心材料需求将有50-100倍的增长空间。庞大的市场预期之下，各家钠电材料企业持续加码产能建设，匹配未来市场增长需求。根据GGII数据显示，2025年钠离子电池正极产能超9万吨，预计2026年突破18万吨，同比增长超过100%；2025年负极产能大于3万吨，预计2026年有望达到5万吨以上，增速超34%。数据来源：高工产业研究院（GGII），2026年7月钠电行业站在规模化量产的前夜。据GGII不完全统计，2026上半年国内钠离子电池及配套材料落地扩产项目近50个，全产业链规划总投资超700亿元。其中电芯投资规模实现翻倍，正负极材料稳步扩张，电解液配套同步跟进，产业发展主线已经从示范试点，全面转向大规模产能建设。预计2027-2028年钠电池行业有望迎来大规模商用。巨头重仓加码布局广阔的商业化前景，吸引各类市场主体加速卡位钠电全产业链。赛道形成两大竞争阵营，一类以宁德时代、比亚迪、亿纬锂能等锂电头部企业，依托资金、制造、渠道等综合优势切入赛道，抢占主流市场；另一类是中科海钠、传艺科技、钠创新能源、众钠能源等深耕钠电领域的专精特新企业，凭借长期积累的先发技术优势扎根细分赛道，竞争实力强劲。钠离子电池主要企业技术/产业化进展情况资料来源：公开资料，高工产业研究院（GGII）整理，2026年8月机遇已至，地方政府如何行动钠电池产业风口清晰，地方政府想要抓住“十五五”机遇抢占产业高地，可以从三方面精准发力：一是立足资源禀赋，聚焦特色应用场景布局。储能长期被视作钠电最具潜力的规模化赛道，但从2026年上半年出货结构来看，小动力市场需求更为突出，占比超40%。面对国内超4亿辆电动两轮车存量市场，小动力赛道具备巨大挖掘空间。当然钠电储能仍然值得重点关注，宁德时代与海博思创签订3年60GWh钠电储能大单，刷新全球钠电储能单笔订单纪录，标志钠电池走出示范项目，迈向大规模商业交付。乘用车领域同样迎来突破契机，伴随宁德时代、比亚迪钠电车型陆续推向市场，2026年有望迎来钠电乘用车量产拐点。启动启停正在成为钠电企业重点关注的另一细分市场，派能科技相关技术专家表示，起停场景对钠电属于强替代赛道，行业自2025年起进入规模化导入阶段。除此之外，钠电持续向换电、数据中心、钠锂混合配套等场景延伸，持续打开长期增长天花板。各地可结合自身优势产业，选择适配赛道重点突破。二是建立科学产业准入门槛，规避低端产能过剩。为避免钠电重蹈之前部分产业出现的低水平重复建设的问题，地方可将核心技术自主可控作为项目落地重要前置条件。定向对掌握聚阴离子正极、硬碳负极、钠电电芯等关键核心技术的企业，优先保障产业用地、落实专项扶持资金，从源头筛选优质项目，引导产业高质量发展。三是抢抓时间窗口，审慎遴选产业链优质主体。当前钠电处于爆发前夕，市场规模正从年度GWh级别向2030年百GWh级别跨越。窗口期有限，各地应当加快企业招引，同时强化项目尽调研判，拒绝盲目招商。“十五五”开局正是布局钠电产业的关键契机。提前谋篇布局的地区，更容易构筑先发优势，在全国钠电产业版图中抢占有利位置。GGII在钠离子电池研究领域深耕多年，已在钠离子电池产业研究方面服务全国多个地方政府，在钠离子电池产业规划、项目研判、项目招引对接等方面积累了丰富的项目经验。GGII建议地方政府在钠离子电池产业方面，要先做好顶层设计，同时各地政府需要做好精准研判，靶向引进产业链优质企业，集聚上下游专精企业，推动凝心聚力、聚链成群、协同赋能，借助钠电赛道实现本地新能源产业提质、壮大发展。《XX地方钠离子电池产业研究及“十五五”发展规划》报告订购咨询：0755-26835600research1@gaogong123.com版权说明：本报告版权归高工产研所有，只限客户自身使用，不得扩散给任何第三方使用。数据范围说明本报告数据以中国大陆地区数据为主，少量涉及全球其他地区数据。目录（向上滑动阅览）一、发展基础与总体形势（一）产业发展现状（二）存在主要问题（三）面临形势机遇（四）各环节市场空间二、总体要求（一）指导思想（二）基本原则（三）发展目标（四）2035年远景展望三、重点发展方向（一）技术路线方向（二）产业链发展方向（三）空间布局指引四、主要任务（一）‌强化核心技术攻关，培育新质生产力（二）实施链主企业引育，构建优质产业主体（三）推动产业链强链补链 夯实产业根基（四）拓展多元应用场景，以应用牵引产业迭代（五）规范产业布局秩序，防范低端产能过剩（六）打造平台载体行动，高标准建设钠电特色产业园区五、重大工程（一）关键技术创新工程（二）产业链招引培育工程（三）多场景规模化应用工程（四）公共服务平台建设工程（五）废旧钠电池回收体系工程六、环境与安全（一）绿色低碳发展（二）安全生产与危化品管控（三）资源循环利用体系建设七、保障措施（一）强化统筹组织领导（二）优化政策要素供给（三）加大资金与金融支撑（四）深化产业协同合作（五）健全监测评估与落地督导往期精彩■ 钠电池抢滩商用重卡赛道■ 椰壳进口难、竹基杂质多，煤基硬碳如何补位钠电负极？■ NFPP降本放缓，磷酸铁涨价成最大堵点？【高工钠电】优质钠电项目最高可补30%（上海浦东、广东深圳龙岗区）。,,,,pending
重点发展钙钛矿等！无锡新增设10亿创投基金,钙钛矿光伏,钙钛矿光伏,"RIOnews API, 钙钛矿, 全钙钛矿叠层, 柔性钙钛矿, 合作进展, 投资, 合作, 技术进展, 工艺优化, 量产工艺, 制备工艺",normal,2026-08-23T16:34:54+08:00,,2026钙钛矿与太空光伏技术、设备和材料论坛将于10月27-28日在常州召开。会议将探讨HJT、钙钛矿和叠层电池在太空光伏的市场机遇，大面积工业化钙钛矿与叠层电池材料体系、结构设计、制造工艺、核心设备、良率、转换效率与成本，钙钛矿与叠层电池在BIPV、消费电子、新能源汽车、光伏电站的应用方案，太空光伏硬质可折叠太阳翼与柔性可卷绕太阳翼，太空光伏HJT-钙钛矿叠层太阳翼制备工艺、测试认证、抗辐射性和长期稳定性，砷化镓、碲化镉、HJT-钙钛矿叠层太空光伏竞争格局展望等。近日，，无锡市与江苏省环保集团签订新一轮合作框架协议。作为协议的重要成果之一，江苏省节能环保战新产业基金、无锡市创新投资集团（锡创,http://mp.weixin.qq.com/s?__biz=MzkyNTYzNjI1NQ==&mid=2247495527&idx=2&sn=9fd30c0d283c186e5e07f7d2a6736d76,,2026钙钛矿与太空光伏技术、设备和材料论坛将于10月27-28日在常州召开。会议将探讨HJT、钙钛矿和叠层电池在太空光伏的市场机遇，大面积工业化钙钛矿与叠层电池材料体系、结构设计、制造工艺、核心设备、良率、转换效率与成本，钙钛矿与叠层电池在BIPV、消费电子、新能源汽车、光伏电站的应用方案，太空光伏硬质可折叠太阳翼与柔性可卷绕太阳翼，太空光伏HJT-钙钛矿叠层太阳翼制备工艺、测试认证、抗辐射性和长期稳定性，砷化镓、碲化镉、HJT-钙钛矿叠层太空光伏竞争格局展望等。近日，，无锡市与江苏省环保集团签订新一轮合作框架协议。作为协议的重要成果之一，江苏省节能环保战新产业基金、无锡市创新投资集团（锡创,2026钙钛矿与太空光伏技术、设备和材料论坛将于10月27-28日在常州召开。会议将探讨HJT、钙钛矿和叠层电池在太空光伏的市场机遇，大面积工业化钙钛矿与叠层电池材料体系、结构设计、制造工艺、核心设备、良率、转换效率与成本，钙钛矿与叠层电池在BIPV、消费电子、新能源汽车、光伏电站的应用方案，太空光伏硬质可折叠太阳翼与柔性可卷绕太阳翼，太空光伏HJT-钙钛矿叠层太阳翼制备工艺、测试认证、抗辐射性和长期稳定性，砷化镓、碲化镉、HJT-钙钛矿叠层太空光伏竞争格局展望等。近日，，无锡市与江苏省环保集团签订新一轮合作框架协议。作为协议的重要成果之一，江苏省节能环保战新产业基金、无锡市创新投资集团（锡创投）、宜兴环保科技工业园共同发起设立总规模10亿元的无锡锡创苏环绿色低碳战新创业投资基金。该基金将主要投向高效节能、先进环保、资源循环利用等双碳节能环保领域，并积极布局以钙钛矿为代表的新一代电池技术及产业，引导更多优质绿色产业项目向无锡集聚落地。在钙钛矿领域，锡创投已有深度布局——其旗下团队曾联合落实总投资30亿元的极电光能钙钛矿产业基地项目，规划了全球首条1GW钙钛矿光伏生产线。宜兴环保科技工业园成立于1992年，是中国唯一以发展环保产业为特色的国家级高新技术产业开发区。近年来，环科园大力构建绿色低碳产业体系，加快推进光伏产业、氢能和储能、新能源电池等关键领域布局。2026年2月，无锡市发改委在环科园组织召开太空光伏供需对接会，邀请极电光能等钙钛矿头部企业参加。值得注意的是，该基金由环保领域的省级产业基金、市级国有创投平台与国家级高新区三方联合发起，这种“产业+资本+园区”的结构化设计，为钙钛矿等新一代电池技术提供了从研发验证到量产落地的全链条支撑。随着基金正式启动运作，无锡有望在钙钛矿产业的区域竞争中进一步占据先发生态位。2026钙钛矿与太空光伏技术、设备和材料论坛将于10月27-28日在常州召开。我们诚挚邀请行业专家作以下主题的演讲报告：1. 光伏行业展望与钙钛矿和叠层电池市场分析2. HJT、钙钛矿和叠层电池在太空光伏的市场机遇3. 钙钛矿电池分布式电站与大型地面电站运行情况总结4. 钙钛矿产能展望和技术、设备与材料市场机遇5. 钙钛矿溶液涂布和干燥结晶的技术挑战与工艺优化6. 钙钛矿溶液喷墨打印技术与先进设备7. 钙钛矿电池HTL和ETL薄膜制备方案与关键设备8. 激光技术在钙钛矿电池生产中的应用9. 钙钛矿导电玻璃技术路线和供应展望10. 钙钛矿电池材料体系、界面钝化与结构调控11. 铂族金属在钙钛矿电池的应用优势与价值分析12. 钙钛矿电池的长期稳定性研究13. 全钙钛矿叠层电池竞争力分析与效率展望14. 两端叠层电池技术研发挑战与解决思路15. 平米级四端叠层组件结构设计与制造工艺16. 钙钛矿-BC三端叠层电池的优势与挑战17. 服务于晶硅-钙钛矿叠层电池的超低温固化银浆18. 服务于钙钛矿叠层组件的封装技术与封装材料19. 钙钛矿与叠层电池测试标准和测试技术20. 柔性钙钛矿太阳能电池技术研发与量产工艺21. 柔性钙钛矿电池在消费电子和可穿戴设备的应用实践22. 钙钛矿与叠层电池在BIPV与新能源汽车的市场潜力23. 低轨太空光伏的挑战：紫外辐照、粒子辐照、原子氧腐蚀及高低温交变24. 太空光伏技术路线：硬质可折叠太阳翼与柔性可卷绕太阳翼25. 40-50μm级超薄硅片与P型HJT电池的批量制造26. 太空光伏P型HJT电池抗辐射性能与轻量化潜力27. 太空光伏P型HJT-钙钛矿叠层电池制备工艺与抗辐射性和长期稳定性28. 太空光伏电池阵及电源系统集成与测试验证29. 高性能全钙钛矿叠层太阳翼优势分析30. 砷化镓、碲化镉、HJT-钙钛矿叠层太空光伏竞争格局展望第三届光伏少银/无银技术论坛2026将于9月22日在常州召开。会议将探讨光伏行业展望与少银/无银技术市场前景，银包铜粉、铜粉、镍粉和铝粉生产工艺与性能需求，银包铜浆、铜浆、银镍浆和铝浆金属化技术进展与应用实践，光伏铜电镀技术路线、设备选型、工艺难点与示范项目经验，无主栅串焊设备、胶粘剂、覆膜设备和栅线承载膜，超细线印刷技术及相匹配的先进网版与浆料等。亚化咨询会议赞助项目介绍主题演讲做一个主题演讲，介绍您的公司和业务现场展台现场展板(2m*3m)，也可展示设备、样品、资料会刊广告研讨会会刊，彩色全页广告（尺寸A4）资料入袋赞助企业的宣传册放入会议包袋现场易拉宝会场内外展示易拉宝展架礼品赞助您可以提供印有赞助商LOGO的礼品赠送参会嘉宾茶歇赞助冠名和赞助会议期间的茶歇晚宴赞助冠名和赞助会议的招待晚宴Logo展示背景墙 logo，会刊封面logo播放视频在会议茶歇、午餐期间播放贵公司的宣传视频联系我们微信/电话｜*********** （朱经理）邮箱｜ritazhu@chemweekly.com2026钙钛矿与太空光伏技术、设备和材料论坛将于10月27-28日在常州召开。,,,,pending
2026钙钛矿与太空光伏技术、设备和材料论坛将于10月27-28日在常州召开,钙钛矿光伏,钙钛矿光伏,"RIOnews API, 钙钛矿, 全钙钛矿叠层, 柔性钙钛矿, 技术进展, 工艺优化, 量产工艺, 制备工艺",normal,2026-08-23T16:34:54+08:00,,● 由亚化咨询主办的2026钙钛矿与太空光伏技术、设备和材料论坛将于10月27-28日在常州召开钙钛矿和叠层电池有望成为下一代主流光伏发电技术，并将在太空光伏占据重要地位。钙钛矿单结电池以半透明、可柔性化、可室内发电等优势，在BIPV、消费电子、可穿戴设备、新能源汽车等领域有广阔的应用前景。钙钛矿与异质结、TOPCon或XBC组成叠层电池则有望在户用光伏、工商业光伏和集中式发电场景占据优势。太空光伏为P型HJT、钙钛矿和叠层电池带来了新的市场。传统卫星上用的砷化镓电池成本高昂，且原料和产能受限，无法满足商业航天快速增长的需求。超薄P型HJT电池与柔性太阳翼高度适配，且轻量化和抗辐照性能优越。P,http://mp.weixin.qq.com/s?__biz=MzkyNTYzNjI1NQ==&mid=2247495527&idx=3&sn=04208528f6a9eb014f1cddeb7bbb5510,,● 由亚化咨询主办的2026钙钛矿与太空光伏技术、设备和材料论坛将于10月27-28日在常州召开钙钛矿和叠层电池有望成为下一代主流光伏发电技术，并将在太空光伏占据重要地位。钙钛矿单结电池以半透明、可柔性化、可室内发电等优势，在BIPV、消费电子、可穿戴设备、新能源汽车等领域有广阔的应用前景。钙钛矿与异质结、TOPCon或XBC组成叠层电池则有望在户用光伏、工商业光伏和集中式发电场景占据优势。太空光伏为P型HJT、钙钛矿和叠层电池带来了新的市场。传统卫星上用的砷化镓电池成本高昂，且原料和产能受限，无法满足商业航天快速增长的需求。超薄P型HJT电池与柔性太阳翼高度适配，且轻量化和抗辐照性能优越。P,● 由亚化咨询主办的2026钙钛矿与太空光伏技术、设备和材料论坛将于10月27-28日在常州召开钙钛矿和叠层电池有望成为下一代主流光伏发电技术，并将在太空光伏占据重要地位。钙钛矿单结电池以半透明、可柔性化、可室内发电等优势，在BIPV、消费电子、可穿戴设备、新能源汽车等领域有广阔的应用前景。钙钛矿与异质结、TOPCon或XBC组成叠层电池则有望在户用光伏、工商业光伏和集中式发电场景占据优势。太空光伏为P型HJT、钙钛矿和叠层电池带来了新的市场。传统卫星上用的砷化镓电池成本高昂，且原料和产能受限，无法满足商业航天快速增长的需求。超薄P型HJT电池与柔性太阳翼高度适配，且轻量化和抗辐照性能优越。P型HJT-钙钛矿叠层电池可实现30%以上的效率，而成本远低于同等效率的砷化镓电池，有望成为太空电源系统的重要组成部分。在全球和中国企业与科研机构的共同努力下，钙钛矿电池在效率、成本、良率、稳定性和大规模量产方面持续进步。2026年5月，仁烁光能宣布商用尺寸单结钙钛矿组件（7200cm²）全面积稳态效率达19.3%。2026年6月，极电光能与中建四局签约单体最大的钙钛矿组件项目。同月，纤纳光电宣布钙钛矿小组件以19.48cm²全面积稳态效率23.9%继续保持世界纪录。钙钛矿领军企业和晶硅光伏巨头都积极投入钙钛矿叠层电池和太空光伏应用技术研发。2026年3月，隆基绿能超薄柔性叠层电池（约60微米）在实验室尺寸上效率达33.4%；在全硅片尺寸上效率达29.8%。2026年4月，晶科宣布两端单片钙钛矿/TOPCon叠层电池效率达32.76%。2026年6月，协鑫光电2042cm²大面积钙钛矿-晶硅叠层组件认证效率达到30.23%。同期，协鑫光电与紫微科技签约，围绕钙钛矿电池片在轨性能测试展开深度合作。钙钛矿叠层电池比单结钙钛矿电池更具技术挑战。四端叠层电池技术兼容性好、制备难度较低，但结构复杂、成本高。两端叠层电池结构紧凑、成本相对低、光学损耗更小，但工艺难度较大。而太空应用的P型HJT-钙钛矿叠层电池则需要在紫外辐照、粒子辐照及高低温交变等极端条件下实现长周期稳定运行。2026年5月，神舟二十三号载人飞船成功发射，本次任务包括两类钙钛矿太阳能电池材料和器件在中国空间站的动态服役实验。2026钙钛矿与太空光伏技术、设备和材料论坛将于10月27-28日在常州召开。会议将探讨HJT、钙钛矿和叠层电池在太空光伏的市场机遇，大面积工业化钙钛矿与叠层电池材料体系、结构设计、制造工艺、核心设备、良率、转换效率与成本，钙钛矿与叠层电池在BIPV、消费电子、新能源汽车、光伏电站的应用方案，太空光伏硬质可折叠太阳翼与柔性可卷绕太阳翼，太空光伏HJT-钙钛矿叠层太阳翼制备工艺、测试认证、抗辐射性和长期稳定性，砷化镓、碲化镉、HJT-钙钛矿叠层太空光伏竞争格局展望等。会议主题1. 光伏行业展望与钙钛矿和叠层电池市场分析2. HJT、钙钛矿和叠层电池在太空光伏的市场机遇3. 钙钛矿电池分布式电站与大型地面电站运行情况总结4. 钙钛矿产能展望和技术、设备与材料市场机遇5. 钙钛矿溶液涂布和干燥结晶的技术挑战与工艺优化6. 钙钛矿溶液喷墨打印技术与先进设备7. 钙钛矿电池HTL和ETL薄膜制备方案与关键设备8. 激光技术在钙钛矿电池生产中的应用9. 钙钛矿导电玻璃技术路线和供应展望10. 钙钛矿电池材料体系、界面钝化与结构调控11. 铂族金属在钙钛矿电池的应用优势与价值分析12. 钙钛矿电池的长期稳定性研究13. 全钙钛矿叠层电池竞争力分析与效率展望14. 两端叠层电池技术研发挑战与解决思路15. 平米级四端叠层组件结构设计与制造工艺16. 钙钛矿-BC三端叠层电池的优势与挑战17. 服务于晶硅-钙钛矿叠层电池的超低温固化银浆18. 服务于钙钛矿叠层组件的封装技术与封装材料19. 钙钛矿与叠层电池测试标准和测试技术20. 柔性钙钛矿太阳能电池技术研发与量产工艺21. 柔性钙钛矿电池在消费电子和可穿戴设备的应用实践22. 钙钛矿与叠层电池在BIPV与新能源汽车的市场潜力23. 低轨太空光伏的挑战：紫外辐照、粒子辐照、原子氧腐蚀及高低温交变24. 太空光伏技术路线：硬质可折叠太阳翼与柔性可卷绕太阳翼25. 40-50μm级超薄硅片与P型HJT电池的批量制造26. 太空光伏P型HJT电池抗辐射性能与轻量化潜力27. 太空光伏P型HJT-钙钛矿叠层电池制备工艺与抗辐射性和长期稳定性28. 太空光伏电池阵及电源系统集成与测试验证29. 高性能全钙钛矿叠层太阳翼优势分析30. 砷化镓、碲化镉、HJT-钙钛矿叠层太空光伏竞争格局展望参会报名优惠票：9月24日前，2200元/位正常票：10月27日前，3200元/位赞助方案项目项目内容主题演讲25分钟主题演讲参会名额微信推送“光伏前沿”微信公众号，企业介绍以及相关软文会刊广告研讨会会刊，彩色全页广告（尺寸A4）资料入袋赞助企业的宣传册放入会议包袋现场展台现场展示台，展示样品、资料，含两个参会名额现场易拉宝现场1个易拉宝展示礼品赞助印有赞助商logo的礼品赠送参会听众茶歇赞助冠名和赞助会议期间的茶歇晚宴赞助冠名和赞助会议的招待晚宴Logo展示背景墙 logo，会刊封面logo联系我们微信/电话｜*********** （朱经理）邮箱｜ritazhu@chemweekly.com往届回顾：第八届钙钛矿、叠层与太空光伏技术论坛2026成功召开第七届钙钛矿、异质结与叠层电池论坛首日成功召开第六届钙钛矿、异质结与叠层电池论坛圆满结束第五届钙钛矿、异质结与叠层电池论坛圆满落幕第四届钙钛矿与叠层电池技术论坛2022成功召开！第三届钙钛矿技术、设备和材料论坛2024成功召开 钙钛矿技术、设备和材料论坛2023成功召开！2026钙钛矿与太空光伏技术、设备和材料论坛将于10月27-28日在常州召开,,,,pending
钙钛矿光电玻璃顺利通过CE认证,钙钛矿光伏,钙钛矿光伏,"RIOnews API, 钙钛矿, 全钙钛矿叠层, 柔性钙钛矿, 技术进展, 工艺优化, 量产工艺, 制备工艺",normal,2026-08-23T16:34:54+08:00,,2026钙钛矿与太空光伏技术、设备和材料论坛将于10月27-28日在常州召开。会议将探讨HJT、钙钛矿和叠层电池在太空光伏的市场机遇，大面积工业化钙钛矿与叠层电池材料体系、结构设计、制造工艺、核心设备、良率、转换效率与成本，钙钛矿与叠层电池在BIPV、消费电子、新能源汽车、光伏电站的应用方案，太空光伏硬质可折叠太阳翼与柔性可卷绕太阳翼，太空光伏HJT-钙钛矿叠层太阳翼制备工艺、测试认证、抗辐射性和长期稳定性，砷化镓、碲化镉、HJT-钙钛矿叠层太空光伏竞争格局展望等。近日，中山市光极绿能新材科技有限公司，联合代理商完成钙钛矿叠层发电玻璃样品送检，顺利通过国际标准CE认证。这标志着钙钛矿光电玻璃产,http://mp.weixin.qq.com/s?__biz=MzkyNTYzNjI1NQ==&mid=2247495527&idx=1&sn=ddfd42851c24d8cb13cb61da342bfdd2,,2026钙钛矿与太空光伏技术、设备和材料论坛将于10月27-28日在常州召开。会议将探讨HJT、钙钛矿和叠层电池在太空光伏的市场机遇，大面积工业化钙钛矿与叠层电池材料体系、结构设计、制造工艺、核心设备、良率、转换效率与成本，钙钛矿与叠层电池在BIPV、消费电子、新能源汽车、光伏电站的应用方案，太空光伏硬质可折叠太阳翼与柔性可卷绕太阳翼，太空光伏HJT-钙钛矿叠层太阳翼制备工艺、测试认证、抗辐射性和长期稳定性，砷化镓、碲化镉、HJT-钙钛矿叠层太空光伏竞争格局展望等。近日，中山市光极绿能新材科技有限公司，联合代理商完成钙钛矿叠层发电玻璃样品送检，顺利通过国际标准CE认证。这标志着钙钛矿光电玻璃产,2026钙钛矿与太空光伏技术、设备和材料论坛将于10月27-28日在常州召开。会议将探讨HJT、钙钛矿和叠层电池在太空光伏的市场机遇，大面积工业化钙钛矿与叠层电池材料体系、结构设计、制造工艺、核心设备、良率、转换效率与成本，钙钛矿与叠层电池在BIPV、消费电子、新能源汽车、光伏电站的应用方案，太空光伏硬质可折叠太阳翼与柔性可卷绕太阳翼，太空光伏HJT-钙钛矿叠层太阳翼制备工艺、测试认证、抗辐射性和长期稳定性，砷化镓、碲化镉、HJT-钙钛矿叠层太空光伏竞争格局展望等。近日，中山市光极绿能新材科技有限公司，联合代理商完成钙钛矿叠层发电玻璃样品送检，顺利通过国际标准CE认证。这标志着钙钛矿光电玻璃产品研发、封装工艺与环境耐候保障方面已具备体系化实力，能够持续为海内外客户输出性能稳定、安全可靠的 BIPV 发电建材产品。IEC 61215-2:2021 作为晶体硅光伏组件设计鉴定和定型的核心国际标准，是全球光伏行业认可度高、通用性极强的权威测试规范。本次检样品规格 300mm×300mm，单块面积 0.09㎡，在 STC 标准测试条件下：✅光电转换效率达 18.62%，高于高端幕墙产品≥18%的技术指标；单块峰值功率 16.76Wp，单位面积功率 186.2W/m²，✅电气输出稳定，开路电压 32.56V，短路电流 0.612A，发电参数表现优秀✅抗衰减表现突出：首年光致衰减 1.85%，年平均功率衰减仅 0.48%，均优于标准限值，长期发电稳定性得到第三方验证。同时光极绿能围绕钙钛矿光电玻璃完成全套严苛可靠性试验，包含外观检验、发电性能验证、环境老化、机械强度、绝缘安全、衰减稳定性等关键测试环节，面向全球建筑光伏客户提供高可靠、高性能的钙钛矿光电建材产品。半导体钙钛矿光电转换胶膜光伏玻璃样品双碳目标背景下，建筑光伏一体化加速发展，产品的长期可靠性、封装稳定性、电气安全已经成为钙钛矿技术规模化落地的重要前提。中山市光极绿能新材科技有限公司将持续打磨钙钛矿新材料技术与产品实力，提升产品耐候性能与发电保障能力，为全球客户提供安全可靠、兼具建筑美学与发电效益的BIPV解决方案，助力零碳建筑产业安全可持续发展。2026钙钛矿与太空光伏技术、设备和材料论坛将于10月27-28日在常州召开。我们诚挚邀请行业专家作以下主题的演讲报告：1. 光伏行业展望与钙钛矿和叠层电池市场分析2. HJT、钙钛矿和叠层电池在太空光伏的市场机遇3. 钙钛矿电池分布式电站与大型地面电站运行情况总结4. 钙钛矿产能展望和技术、设备与材料市场机遇5. 钙钛矿溶液涂布和干燥结晶的技术挑战与工艺优化6. 钙钛矿溶液喷墨打印技术与先进设备7. 钙钛矿电池HTL和ETL薄膜制备方案与关键设备8. 激光技术在钙钛矿电池生产中的应用9. 钙钛矿导电玻璃技术路线和供应展望10. 钙钛矿电池材料体系、界面钝化与结构调控11. 铂族金属在钙钛矿电池的应用优势与价值分析12. 钙钛矿电池的长期稳定性研究13. 全钙钛矿叠层电池竞争力分析与效率展望14. 两端叠层电池技术研发挑战与解决思路15. 平米级四端叠层组件结构设计与制造工艺16. 钙钛矿-BC三端叠层电池的优势与挑战17. 服务于晶硅-钙钛矿叠层电池的超低温固化银浆18. 服务于钙钛矿叠层组件的封装技术与封装材料19. 钙钛矿与叠层电池测试标准和测试技术20. 柔性钙钛矿太阳能电池技术研发与量产工艺21. 柔性钙钛矿电池在消费电子和可穿戴设备的应用实践22. 钙钛矿与叠层电池在BIPV与新能源汽车的市场潜力23. 低轨太空光伏的挑战：紫外辐照、粒子辐照、原子氧腐蚀及高低温交变24. 太空光伏技术路线：硬质可折叠太阳翼与柔性可卷绕太阳翼25. 40-50μm级超薄硅片与P型HJT电池的批量制造26. 太空光伏P型HJT电池抗辐射性能与轻量化潜力27. 太空光伏P型HJT-钙钛矿叠层电池制备工艺与抗辐射性和长期稳定性28. 太空光伏电池阵及电源系统集成与测试验证29. 高性能全钙钛矿叠层太阳翼优势分析30. 砷化镓、碲化镉、HJT-钙钛矿叠层太空光伏竞争格局展望第三届光伏少银/无银技术论坛2026将于9月22日在常州召开。会议将探讨光伏行业展望与少银/无银技术市场前景，银包铜粉、铜粉、镍粉和铝粉生产工艺与性能需求，银包铜浆、铜浆、银镍浆和铝浆金属化技术进展与应用实践，光伏铜电镀技术路线、设备选型、工艺难点与示范项目经验，无主栅串焊设备、胶粘剂、覆膜设备和栅线承载膜，超细线印刷技术及相匹配的先进网版与浆料等。亚化咨询会议赞助项目介绍主题演讲做一个主题演讲，介绍您的公司和业务现场展台现场展板(2m*3m)，也可展示设备、样品、资料会刊广告研讨会会刊，彩色全页广告（尺寸A4）资料入袋赞助企业的宣传册放入会议包袋现场易拉宝会场内外展示易拉宝展架礼品赞助您可以提供印有赞助商LOGO的礼品赠送参会嘉宾茶歇赞助冠名和赞助会议期间的茶歇晚宴赞助冠名和赞助会议的招待晚宴Logo展示背景墙 logo，会刊封面logo播放视频在会议茶歇、午餐期间播放贵公司的宣传视频联系我们微信/电话｜*********** （朱经理）邮箱｜ritazhu@chemweekly.com2026钙钛矿与太空光伏技术、设备和材料论坛将于10月27-28日在常州召开。,,,,pending
全国第三座！大兴氢能企业郑州生物制加氢一体站项目开工,氢能观察,氢能观察,"RIOnews API, 第二增长曲线, 氢, 绿色",normal,2026-08-23T16:34:00+08:00,,近日，全国第三座生物（沼气）制加氢一体站项目在郑州经开区正式开工。该项目由中关村（大兴）国际氢能示范区入驻企业——北京氢环能源技术有限公司的全资子公司郑州氢环氢能科技有限公司投资建设。项目计划于2026年11月初建成投产，届时每日可供应绿色氢气3吨，满足约300台氢燃料电池汽车的用氢需求，预计每年可减少二氧化碳排放量超过2万吨。项目核心配置两台箱式生物制氢装置，产能分别为500立方米/小时和1000立方米/小时。该系列装置由北京氢环能源技术有限公司自主研发，为国内首创，拥有完全自主知识产权，此前已在多个项目中成功应用，尤其适配制加氢一体站场景。装置采用集装箱式一体化设计，具有体积小、占地面积少,http://mp.weixin.qq.com/s?__biz=MzAxMTUxNzgyOA==&mid=2247620400&idx=2&sn=50af1544c3ecca21e097641e5768bb12,,近日，全国第三座生物（沼气）制加氢一体站项目在郑州经开区正式开工。该项目由中关村（大兴）国际氢能示范区入驻企业——北京氢环能源技术有限公司的全资子公司郑州氢环氢能科技有限公司投资建设。项目计划于2026年11月初建成投产，届时每日可供应绿色氢气3吨，满足约300台氢燃料电池汽车的用氢需求，预计每年可减少二氧化碳排放量超过2万吨。项目核心配置两台箱式生物制氢装置，产能分别为500立方米/小时和1000立方米/小时。该系列装置由北京氢环能源技术有限公司自主研发，为国内首创，拥有完全自主知识产权，此前已在多个项目中成功应用，尤其适配制加氢一体站场景。装置采用集装箱式一体化设计，具有体积小、占地面积少,近日，全国第三座生物（沼气）制加氢一体站项目在郑州经开区正式开工。该项目由中关村（大兴）国际氢能示范区入驻企业——北京氢环能源技术有限公司的全资子公司郑州氢环氢能科技有限公司投资建设。项目计划于2026年11月初建成投产，届时每日可供应绿色氢气3吨，满足约300台氢燃料电池汽车的用氢需求，预计每年可减少二氧化碳排放量超过2万吨。项目核心配置两台箱式生物制氢装置，产能分别为500立方米/小时和1000立方米/小时。该系列装置由北京氢环能源技术有限公司自主研发，为国内首创，拥有完全自主知识产权，此前已在多个项目中成功应用，尤其适配制加氢一体站场景。装置采用集装箱式一体化设计，具有体积小、占地面积少、转化效率高、排放超低等显著优势；外观去化工化，美观整洁，有效规避邻避效应。同时，装置到场后无需现场组装，接驳水、电及生物天然气即可直接产出符合氢燃料电池使用标准的绿色氢气，大幅缩短施工周期的同时，最大程度降低了现场施工安全风险。项目建成投产后，将有效缓解郑州市氢燃料电池汽车面临的加氢难、加氢贵等突出问题。该生物制加氢一体站模式，也为破解郑州市氢能产业氢气供应源头瓶颈，探索出了一条新路径。来源：这里是大兴推荐阅读押注越多，风险越小？从国富氢能看如何穿越行业“阵痛期”生存战！燃料电池企业下场储能，是“进军”还是“退路”？不出海，就出局！中国氢能已进入“国际时间”全球油阀告急！氢能扛起能源战略终极底牌！八年热潮一朝降温，氢能走到“生死”岔路口交付热≠行业好！电解槽拉响爆单预警！近日，全国第三座生物（沼气）制加氢一体站项目在郑州经开区正式开工。,,,,pending
重磅发布！广汽领程31吨氢燃料电池自卸车,氢能观察,氢能观察,"RIOnews API, 第二增长曲线, 氢, 绿色, 产品发布, 发布, 新品, 产品落地",normal,2026-08-23T16:34:00+08:00,,8月20日，现代汽车氢燃料电池系统有限公司（以下简称“HTWO广州”）联合黄埔区城市管理和综合执法局、广汽领程新能源商用有限公司（以下简称“广汽领程”）、 广州市氢能和综合智慧能源产业发展联合会共同举办“氢燃新动力，自卸启新程——广汽领程&HTWO广州31吨氢燃料电池自卸车新品发布暨应用推广会”。 此次发布的31吨氢燃料电池自卸车，是HTWO广州与广汽领程正式签署合作谅解备忘录（以下简称“MOU”）后联合推出的首款氢能产品。 双方以MOU为合作框架，充分发挥各自在氢燃料电池系统研发与整车平台设计制造领域的核心优势，实现了从战略协同到产品落地的关键跨越，标志着双方氢能商用车合作正式迈入商业化推广,http://mp.weixin.qq.com/s?__biz=MzAxMTUxNzgyOA==&mid=2247620400&idx=3&sn=ffd2bec47372e0af234a3b5cb33ca01b,,8月20日，现代汽车氢燃料电池系统有限公司（以下简称“HTWO广州”）联合黄埔区城市管理和综合执法局、广汽领程新能源商用有限公司（以下简称“广汽领程”）、 广州市氢能和综合智慧能源产业发展联合会共同举办“氢燃新动力，自卸启新程——广汽领程&HTWO广州31吨氢燃料电池自卸车新品发布暨应用推广会”。 此次发布的31吨氢燃料电池自卸车，是HTWO广州与广汽领程正式签署合作谅解备忘录（以下简称“MOU”）后联合推出的首款氢能产品。 双方以MOU为合作框架，充分发挥各自在氢燃料电池系统研发与整车平台设计制造领域的核心优势，实现了从战略协同到产品落地的关键跨越，标志着双方氢能商用车合作正式迈入商业化推广,8月20日，现代汽车氢燃料电池系统有限公司（以下简称“HTWO广州”）联合黄埔区城市管理和综合执法局、广汽领程新能源商用有限公司（以下简称“广汽领程”）、 广州市氢能和综合智慧能源产业发展联合会共同举办“氢燃新动力，自卸启新程——广汽领程&HTWO广州31吨氢燃料电池自卸车新品发布暨应用推广会”。 此次发布的31吨氢燃料电池自卸车，是HTWO广州与广汽领程正式签署合作谅解备忘录（以下简称“MOU”）后联合推出的首款氢能产品。 双方以MOU为合作框架，充分发挥各自在氢燃料电池系统研发与整车平台设计制造领域的核心优势，实现了从战略协同到产品落地的关键跨越，标志着双方氢能商用车合作正式迈入商业化推广新阶段。交流会上，广汽领程氢能事业部总经理张祥鹤和HTWO广州资深技术专家对31吨氢燃料电池自卸车进行了详细解读，重点围绕HTWO广州如何基于自卸车真实工况进行燃料电池系统的开发，以及双方在整车适配中的联合攻关成果。本次发布的车型——D7F氢燃料自卸车，由HTWO广州与广汽领程联合开发，广汽领程负责整车平台专属设计与标准化制造，HTWO广州则全面承担核心燃料电池系统的研发、生产以及与整车动力总成的匹配标定工作，确保燃料电池系统与自卸车工况深度咬合。其整车卓越性能的背后，是HTWO广州燃料电池技术的强力支撑：超长续航，告别里程焦虑综合工况续航里程达550+公里。HTWO广州通过系统效率优化与轻量化设计，显著降低整车氢耗，使城郊转运、矿山长线等场景无需频繁补能，彻底消除里程顾虑。极速补能，省时即增效仅需15分钟即可完成氢气加注。HTWO广州在燃料电池系统层面优化了氢气供给与热管理策略，确保加注过程安全高效，相比纯电车型数小时充电，大幅提升出勤效率，真正实现“停车即补能，满氢再出发”。高承载底盘，重载更可靠匹配16T级加强型后桥。HTWO广州通过轻量化的燃料电池系统设计，为整车腾出更多载重空间，配合广汽领程专为重载优化的车架，确保满载工况下稳定可靠。这些整车级亮点，根植于HTWO广州对燃料电池系统的深度定制与整车适配能力，与广汽领程共同构筑了“买得值、用得起、赚得多”的运营价值。自卸车作业面临重载起步、频繁启停、复杂路况和城市环保监管等多重挑战。HTWO广州的研发团队从自卸车实际运营数据出发，对燃料电池系统进行了针对性开发，实现多项突破。轻量模块化，让重载更从容HTWO广州采用高度集成化、模块化的系统架构，大幅压缩系统尺寸与重量。这不仅便于整车前舱布置，更帮助自卸车降低整备质量，为有效载重留出更多余量，同时减少能耗，提升单趟运营效益。高效能量转换，重载运营更经济HTWO广州研发的燃料电池电堆与系统控制策略，实现最高发电效率达63%以上，远超传统内燃机30%~40%的水平。在渣土运输等高强度、高频次作业中，更低的氢耗直接转化为更优的TCO全生命周期成本，让用户“用得起、赚得多”。高输出与快速响应，精准匹配重载动力需求HTWO广州通过优化空气供给与氢气循环策略，使系统在1秒内完成加/卸载动态响应，额定功率达100kW。无论是红绿灯起步还是坡道重载爬升，动力输出均能实时跟随驾驶员意图，提升运营效率与行车安全。同时，氢燃料电池系统运行零碳排、低噪音，完全满足城市渣土运输的环保要求。HTWO广州还在整车标定阶段联合广汽领程进行了大量实车测试，确保系统在各类路况下均能稳定发挥，助力城市绿色运输升级。来源：HTWO广州推荐阅读押注越多，风险越小？从国富氢能看如何穿越行业“阵痛期”生存战！燃料电池企业下场储能，是“进军”还是“退路”？不出海，就出局！中国氢能已进入“国际时间”全球油阀告急！氢能扛起能源战略终极底牌！八年热潮一朝降温，氢能走到“生死”岔路口交付热≠行业好！电解槽拉响爆单预警！,,,,pending
《“成都氢谷”十条政策措施实施细则》，被废止！,氢能观察,氢能观察,"RIOnews API, 第二增长曲线, 氢, 合作进展, 融资, 投资",normal,2026-08-23T16:34:00+08:00,,8月20日，四川彭州市人民政府发布关于废止《彭州市制造业倍增高质量发展打造成德绵现代产业高地十条政策措施实施细则》《“成都氢谷”十条政策措施实施细则》《彭州市构建无人机产业高质量发展十条政策措施实施细则》的通知。文件称，经2026年彭州市经济科技和信息化局第19次、第20次党组会议审议通过，决定废止《彭州市经济科技和信息化局等7部门关于修订完善〈彭州市制造业倍增高质量发展打造成德绵现代产业高地十条政策措施实施细则〉的通知》（彭经科信〔2025〕35号）、《彭州市经济科技和信息化局等4部门关于印发〈“成都氢谷”十条政策措施实施细则〉的通知》（彭经科信〔2024〕30号）、《彭州市经济科技和信息化,http://mp.weixin.qq.com/s?__biz=MzAxMTUxNzgyOA==&mid=2247620400&idx=1&sn=f4f21210ad1e9c8b34b41a8e00b12a3d,,8月20日，四川彭州市人民政府发布关于废止《彭州市制造业倍增高质量发展打造成德绵现代产业高地十条政策措施实施细则》《“成都氢谷”十条政策措施实施细则》《彭州市构建无人机产业高质量发展十条政策措施实施细则》的通知。文件称，经2026年彭州市经济科技和信息化局第19次、第20次党组会议审议通过，决定废止《彭州市经济科技和信息化局等7部门关于修订完善〈彭州市制造业倍增高质量发展打造成德绵现代产业高地十条政策措施实施细则〉的通知》（彭经科信〔2025〕35号）、《彭州市经济科技和信息化局等4部门关于印发〈“成都氢谷”十条政策措施实施细则〉的通知》（彭经科信〔2024〕30号）、《彭州市经济科技和信息化,8月20日，四川彭州市人民政府发布关于废止《彭州市制造业倍增高质量发展打造成德绵现代产业高地十条政策措施实施细则》《“成都氢谷”十条政策措施实施细则》《彭州市构建无人机产业高质量发展十条政策措施实施细则》的通知。文件称，经2026年彭州市经济科技和信息化局第19次、第20次党组会议审议通过，决定废止《彭州市经济科技和信息化局等7部门关于修订完善〈彭州市制造业倍增高质量发展打造成德绵现代产业高地十条政策措施实施细则〉的通知》（彭经科信〔2025〕35号）、《彭州市经济科技和信息化局等4部门关于印发〈“成都氢谷”十条政策措施实施细则〉的通知》（彭经科信〔2024〕30号）、《彭州市经济科技和信息化局等3部门关于印发〈彭州市构建无人机产业高质量发展十条政策措施实施细则〉的通知》（彭经科信〔2024〕10号），自本通知公布之日起生效。“成都氢谷”十条政策措施为贯彻落实国家、省、成都市关于加快氢能产业高质量发展的部署要求，进一步做实做强“成都氢谷”，加快发展具有彭州特色的氢能产业链条，建设创新要素富集、策源能力突出、产业生态共生的氢能产业高地，结合我市实际，特制定本政策。一、推动氢能全产业链发展（一）降低氢气制备成本。对新引进的制氢企业和氢能设备、关键零部件、材料的生产企业，按照固定资产投资额的5％给予最高不超过1000万元的一次性补贴。对新引进承租市属国有企业标准厂房的氢能产业企业，连续3年按实际支付年租金的100％给予扶持，每年最高不超过300万元。（责任单位：市经科信局、市财政局）（二）降低氢气储运成本。按照当年度累计氢气运输承运量，给予专业从事氢气运输业务的企业1.5元/千克、最高不超过100万元的运营补贴，补贴年限最长不超过3年。（责任单位：市交通运输局）（三）支持加氢站建设。对日加氢能力不低于500千克的加氢站（新建、改建、扩建），按获得成都市级补贴资金的20％给予扶持，最高不超过100万元。（责任单位：市经科信局）（四）支持关键零部件制造。对“制储运用”等设备和关键零部件的生产企业，按照年度主营业务收入的1％给予最高不超过500万元的奖励。（责任单位：市经科信局）（五）打造氢能应用示范场景。对使用“彭州造”绿氢的终端企业，连续3年按照年实际使用量给予10元/千克的补贴，单个企业年度扶持最高不超过100万元。（责任单位：市经科 信局）二、支持企业降本增效（六）鼓励设立氢能产业基金。鼓励地方平台公司和社会资本联合设立氢能产业发展基金，对新设立基金实缴资本5亿元（含）以上的，按照基金实缴资本的0.1％给予最高不超过300万元奖励。（责任单位：市财政局）（七）鼓励加大投资和金融扶持。对获得天使投资的种子期、初创期氢能企业，按实际获得天使投资额的5％给予最高不超过100万元的奖励。对已签约的氢能产业项目，自项目公司产生贷款之日起，按照用于本项目建设的实际融资额，连续3年每年按产生贷款时的LPR（贷款市场报价利率）一年期计算利息的50％给予扶持，单个企业年度扶持金额最高不超过600万元。（责任单位：市财政局）（八）鼓励企业做大做强。对已投产的氢能产业项目，当年度主营业务收入首次超过1000万元、2000万元、5000万元、1亿元、2亿元的生产型及生产服务型企业，分别给予5万元、10万元、30万元、50万元、100万元的一次性奖励。（责任单位：市经科信局）三、支持企业科技创新（九）鼓励企业加大研发投入和首台套、首版次、首批次应用。对围绕氢能产业关键核心的技术研发，连续3年按每年度实际研发投入费用的10％给予最高不超过100万元的补贴。对国家或省首台套、首批次、首版次应用示范指导目录内的氢能产业链生产企业，鼓励引入保险补偿机制，按照企业实际保费支出的50％，给予单个品种保单不超过100万元的补贴，补贴年限最长不超过3年。（责任单位：市经科信局）（十）支持院企协同创新。对于购买本地开放共享的研发资源、中试测验、检验检测服务的氢能制造企业，按年度实际购买服务金额的20％，给予每年最高不超过200万元的补助。（责任单位：市经科信局）四、附则本政策措施自2024年2月2日起施行，有效期5年。本政策措施由成都新材料产业功能区管委会会同市级相关部门负责解释。来源：彭州人民政府推荐阅读押注越多，风险越小？从国富氢能看如何穿越行业“阵痛期”生存战！燃料电池企业下场储能，是“进军”还是“退路”？不出海，就出局！中国氢能已进入“国际时间”全球油阀告急！氢能扛起能源战略终极底牌！八年热潮一朝降温，氢能走到“生死”岔路口交付热≠行业好！电解槽拉响爆单预警！8月20日，四川彭州市人民政府发布关于废止《彭州市制造业倍增高质量发展打造成德绵现代产业高地十条政策措施实施细,,,,pending
总投资51.8亿！六氟磷酸锂项目落地浙江,起点锂电,起点锂电,"RIOnews API, 新材料, 碳, 产品发布, 发布, 发布会, 上市, 量产推进, 产能, 扩产, 宁德时代, 瑞浦兰钧, 瑞浦, LG新能源, 储能, 户储, 电解液, TOP10, 生产基地, 投产, 达产, 订单, 入围, 增资, 投资, 海外, 项目落地, 落地, 爬坡",normal,2026-08-23T16:30:19+08:00,,倒计时5天 2026起点户储电池生态大会暨全球户储电池TOP排行榜发布会会议主题：创新引领 供需重构主办单位：起点锂电、起点储能、起点研究会议时间：2026年8月28日会议地点：深圳宝安登喜路国际酒店2楼国际厅协办单位：远航锦锂、上海前沿新能源电源技术研究院第一批演讲及赞助单位名单：远航锦锂/瑞浦兰钧/赣锋锂电/古瑞瓦特/比克电池/Zoho/卡诺普/钹鑫科技/川源科技/亿鑫丰/智慧动锂/欣闪智能/雪言咨询/约跃时代/瑞能股份等活动咨询：邱先生 ***********2026年锂电行业景气持续修复，经过一轮产能出清周期，不少此前搁置停滞的产业项目迎来松动重启，产业链扩产落地节奏有所提速。起点锂电,http://mp.weixin.qq.com/s?__biz=MzI1MjEyODg2Mg==&mid=2649798613&idx=2&sn=438af3a1a66dfc940d78b0718d89d0fc,,倒计时5天 2026起点户储电池生态大会暨全球户储电池TOP排行榜发布会会议主题：创新引领 供需重构主办单位：起点锂电、起点储能、起点研究会议时间：2026年8月28日会议地点：深圳宝安登喜路国际酒店2楼国际厅协办单位：远航锦锂、上海前沿新能源电源技术研究院第一批演讲及赞助单位名单：远航锦锂/瑞浦兰钧/赣锋锂电/古瑞瓦特/比克电池/Zoho/卡诺普/钹鑫科技/川源科技/亿鑫丰/智慧动锂/欣闪智能/雪言咨询/约跃时代/瑞能股份等活动咨询：邱先生 ***********2026年锂电行业景气持续修复，经过一轮产能出清周期，不少此前搁置停滞的产业项目迎来松动重启，产业链扩产落地节奏有所提速。起点锂电,倒计时5天 2026起点户储电池生态大会暨全球户储电池TOP排行榜发布会会议主题：创新引领 供需重构主办单位：起点锂电、起点储能、起点研究会议时间：2026年8月28日会议地点：深圳宝安登喜路国际酒店2楼国际厅协办单位：远航锦锂、上海前沿新能源电源技术研究院第一批演讲及赞助单位名单：远航锦锂/瑞浦兰钧/赣锋锂电/古瑞瓦特/比克电池/Zoho/卡诺普/钹鑫科技/川源科技/亿鑫丰/智慧动锂/欣闪智能/雪言咨询/约跃时代/瑞能股份等活动咨询：邱先生 ***********2026年锂电行业景气持续修复，经过一轮产能出清周期，不少此前搁置停滞的产业项目迎来松动重启，产业链扩产落地节奏有所提速。起点锂电注意到，浙江医药制造上市企业司太立（603520）近期加速在锂电行业布局，且旗下相关的锂电项目也更新了进度。5月14日，仙居县人民政府网站信息显示，浙江健立化学有限公司年产9000吨六氟磷酸锂建设项目（二期一阶段）建设工程规划许可变更进行批前公示，标志着该项目已处于推动建设阶段。梳理来看，健立化学最早于2023年在仙居县规划了六氟磷酸锂一体化项目，规划建设年产2万吨六氟磷酸锂、5000吨双氟磺酰亚胺锂、2000吨碳酸亚乙烯酯、5万吨锂电池电解液新能源材料建设项目。2023年5月，该项目进行环评公示，据相关文件显示，项目计划总投资51.8亿元（其中环保投资111750万元），新购337.6亩土地，新建车间厂房以及相关附属配套公用设施。项目分两期推进，一期建设年产2000吨六氟磷酸锂建设项目，部分产能投产验收；二期建设1.8万吨六氟磷酸锂产能，分2个阶段完成。二期（一阶段）年产9000吨六氟磷酸锂，2026年5月取得仙居县自然资源局工程规划许可，目前处于在建状态；二期（二阶段）规划剩余9000吨六氟磷酸锂及双氟磺酰亚胺锂、碳酸亚乙烯酯、锂电池电解液配套产能，整体计划2028年四季度全线建成达产。从建设单位来看，健立化学于2022年2月成立，注册资本1.79亿元，所属新能源材料行业，聚焦锂电池电解液及含氟锂盐等新能源材料的研发与生产。背后股东包括香港贝霖集团、上市公司司太立等。值得关注的是，健立化学与司太立法定代表人及实际受益人均为胡健。可以说，健立化学是司太立入局锂电行业的关键平台。今年4月，司太立发布公告称，拟使用3500万元自有资金增资浙江健立化学有限公司，取得其增资后3.4483%的股权。本次增资完成后，公司将合计持有健立化学19.5271%的股权。公告进一步披露，健立化学已完成一期工程的建设，形成了年产1000吨六氟磷酸锂的生产规模，2025年12月取得安全生产许可证并投入生产，2026年3月第一批出口产品开始报关。同时，健立化学六氟磷酸锂产品前期已通过国际知名电解液公司及其关联供应商的验证，并已经与该电解液公司签订了长期采购协议。该客户在欧洲、北美、亚洲等区域拥有多个生产基地，可有效规避地缘政治波动带来的潜在供应风险。需要明确的是，当前司太立的核心基本盘仍集中在医药赛道，主营业务以X射线非离子型碘造影剂原料药、喹诺酮类原料药的研发生产为核心，其中造影剂系列营收占比高达87.28%，是公司业绩的绝对压舱石。截至目前，锂电相关业务尚未直接贡献营收，仅能按照长期股权投资的规则确认对应比例的投资收益。结合已披露的2026年一季度财报数据，公司当期实现营业收入7.11亿元，同比增长3.70%；归母净利润2095.36万元，同比大幅增长46.08%，医药主业的稳健复苏为其跨界布局锂电赛道提供了充足的现金流安全垫。站在当前行业节点看，2026年六氟磷酸锂行业正处于供需紧平衡向阶段性缺口过渡的关键窗口。随着健立化学后续产能的持续爬坡、海外长期订单的稳步释放，司太立“医药基本盘+锂电成长盘”的双业务架构将逐步清晰成型。这家深耕氟化工原料药多年的行业老兵，能否借六氟磷酸锂的行业景气窗口，完成第二成长曲线的顺利落地，起点锂电将保持长期跟踪与持续关注。— 完 — 作者丨起点锂电 转载授权请加微信：qd-Lib1222往期回顾01｜LG新能源发难！美国对多家企业展开337调查02｜25.5亿元！宁德时代摘牌启源芯动力03｜重磅揭晓 | 2026全球户储电池竞争力TOP10首批入围名单公示 15家龙头企业晋级04｜2026起点户储电池生态大会暨全球户储电池TOP排行榜发布会8月28日深圳举办！点击阅读原文，查看富工流体更多内容！,,,,pending
比亚迪二代刀片电池外供；宁德时代摘牌启源芯动力；多氟多利润大增900%；湖南裕能递表港交所；中创新航布局30万吨铁锂项目,起点锂电,起点锂电,"RIOnews API, 新工艺, 喷雾热解, 新材料, 电池材料, 碳, 固态电池, 产品发布, 首发, 发布, 发布会, 全新, 上市, 信息披露, 年报, 披露, 合作进展, 签署协议, 战略合作, 招标, 定点, 项目签约, 投资, 合作, 收购, 量产推进, 产能, 下线, 环境影响评价, 比亚迪, 弗迪, 宁德时代, 亿纬锂能, 亿纬, 中创新航, 国轩高科, 国轩, 瑞浦兰钧, 瑞浦, AESC, LG新能源, 三星SDI, 磷酸铁锂, 铁锂, 三元, 高镍, 4695, 46120, 刀片电池, 储能, ESS, 储能系统, 储能柜, 314Ah, 户储, 工商业储能, 大型储能, 电网侧储能, 5C, 电池包, 液冷, 电池回收, 黑粉, 碳酸锂, 正极材料, 负极材料, 电解液, 出货, 交付, 市场份额, TOP10, GWh, 投产, 订单, 中标, 入围, 合作协议, 签约, 毛利率, 亏损, 增资, IPO, 港股, 海外, 关税, 实验室, 量产, 项目落地, 并网, 落地",normal,2026-08-23T16:30:19+08:00,,倒计时5天 2026起点户储电池生态大会暨全球户储电池TOP排行榜发布会会议主题：创新引领 供需重构主办单位：起点锂电、起点储能、起点研究会议时间：2026年8月28日会议地点：深圳宝安登喜路国际酒店2楼国际厅协办单位：远航锦锂、上海前沿新能源电源技术研究院第一批演讲及赞助单位名单：远航锦锂/瑞浦兰钧/赣锋锂电/古瑞瓦特/比克电池/Zoho/卡诺普/钹鑫科技/川源科技/亿鑫丰/智慧动锂/欣闪智能/雪言咨询/约跃时代/瑞能股份等活动咨询：邱先生 ***********36家企业入围30GWh储能大单招标近日，中国能建2026年度磷酸铁锂电池储能系统集采中标候选人正式公示，根据招标公告，本次招标采,http://mp.weixin.qq.com/s?__biz=MzI1MjEyODg2Mg==&mid=2649798613&idx=1&sn=a7c19bda0739f67d4b8bc06d0c304dce,,倒计时5天 2026起点户储电池生态大会暨全球户储电池TOP排行榜发布会会议主题：创新引领 供需重构主办单位：起点锂电、起点储能、起点研究会议时间：2026年8月28日会议地点：深圳宝安登喜路国际酒店2楼国际厅协办单位：远航锦锂、上海前沿新能源电源技术研究院第一批演讲及赞助单位名单：远航锦锂/瑞浦兰钧/赣锋锂电/古瑞瓦特/比克电池/Zoho/卡诺普/钹鑫科技/川源科技/亿鑫丰/智慧动锂/欣闪智能/雪言咨询/约跃时代/瑞能股份等活动咨询：邱先生 ***********36家企业入围30GWh储能大单招标近日，中国能建2026年度磷酸铁锂电池储能系统集采中标候选人正式公示，根据招标公告，本次招标采,"倒计时5天 2026起点户储电池生态大会暨全球户储电池TOP排行榜发布会会议主题：创新引领 供需重构主办单位：起点锂电、起点储能、起点研究会议时间：2026年8月28日会议地点：深圳宝安登喜路国际酒店2楼国际厅协办单位：远航锦锂、上海前沿新能源电源技术研究院第一批演讲及赞助单位名单：远航锦锂/瑞浦兰钧/赣锋锂电/古瑞瓦特/比克电池/Zoho/卡诺普/钹鑫科技/川源科技/亿鑫丰/智慧动锂/欣闪智能/雪言咨询/约跃时代/瑞能股份等活动咨询：邱先生 ***********36家企业入围30GWh储能大单招标近日，中国能建2026年度磷酸铁锂电池储能系统集采中标候选人正式公示，根据招标公告，本次招标采购共分为1C（1小时系统）、0.5C（2小时系统）、0.25C（4小时系统）、磷酸铁锂电芯四个标段，集采总规模30GWh。这是国内工程央企2026年度规模最大的储能采购之一，共36家企业入围，主流储能厂商基本全部拿到参与资格。融捷能源迎两大喜讯8月15日，融捷能源与Lineage Power正式签署了2027年4GWh磷酸铁锂电芯框架合作协议。继前期3GWh合作之后，战略互信再度加码。 基于Lineage Power对2027年储能项目的初步需求规划，其计划向融捷能源采购合计4GWh的314Ah及588Ah电芯，主要应用于大型储能和工商业储能场景。融捷股份2026年上半年实现营业收入15.24亿元，同比增长402.35%；归属于上市公司股东的净利润10.02亿元，同比增长1076.14%。单季度看，Q2净利润7.24亿，Q1净利润2.78亿，据此计算，Q2净利润环比增长160%。瑞浦兰钧在日本多个储能项目并网瑞浦兰钧表示公司近日在日本的多个储能项目陆续进入并网调试阶段。其中，位于栃木县鹿沼市的项目率先完成并网，成为公司在日本首个正式投运的独立电网侧储能项目。栃木鹿沼项目规模为1.99MW/8.35MWh，核心设备采用瑞浦兰钧提供的417kWh液冷户外直流储能柜，以整柜形式供应。国轩高科电池首次陆路直发欧洲近日，“中欧新干线 绿色新动能”国轩高科电池首次陆路直发欧洲。该批高性能电池从合肥基地启程，由30多辆重卡组成的车队承运，其中部分车辆为搭载“电啦啦”移动换电系统的换电重卡，车队将经亚欧大陆桥发往欧洲多地。仅今年上半年，合肥基地发往欧洲客户的电芯数量已突破1500万只，预计今年累计可向欧洲市场交付电芯超3000万只。亿纬锂能披露半年报亿纬锂能2026年上半年营业总收入达456.91亿元，同比增长62.20%，归母净利润33.01亿元，同比大增105.66%，扣非净利润24.51亿元同比增幅111.89%。报告期内动力电池出货35.76GWh，同比增长66.47%；储能电池出货44.46GWh，同比增长54.88%。中创新航联合中外运合肥基地纯电卡车首发8月18日，中创新航联合中外运在公司合肥基地完成纯电卡车首发落地，新一代纯电货运运力正式投入生产物流场景。本次投用的纯电重卡，搭载中创新航自主研发的“至远”商用动力电池产品，以零排放、低能耗的纯电运力，全面替代传统燃油车辆用于公司产品的厂际转运与物流配送。LG新能源北美第七家电池厂投产8月19日消息，LG新能源已启动其位于北美的第七家电池工厂的运营，以满足日益增长的储能电池需求。LG新能源的密歇根州兰辛工厂将生产用于储能系统（ESS）和电动汽车（EV）的电池。该公司在一份新闻稿中称，当该工厂达到满负荷产能时，预计年产量将超过350GWh。多氟多利润大增900%多氟多2026年上半年营收70.36亿元，同比增加62.55%；归母净利润5.12亿元，同比大增897.19%。业绩增长主要源于两方面：一是新能源行业景气上行，储能、新能源车下游需求回暖，六氟磷酸锂量价齐升，叠加优质客户资源与上游一体化布局，稳固市场份额、托举盈利；二是新能源电池业务深度绑定各赛道头部企业，产销大幅增长，全产业链精细化成本管控推动产品毛利明显改善。宁德时代41亿增资中恒电气8月14日，中恒科技投资及其股东朱国锭、包晓茹与宁德时代正式签署协议，宁德时代拟以近41亿元增资认购中恒科技投资新增注册资本1441.176471万元，交易完成后，宁德时代将持有中恒电气49%股份。同日，中恒科技投资、中恒电气与宁德时代及其子公司时代天源签署《战略合作协议》。宁德时代摘牌启源芯动力8月18日，中国电力发布公告，公司已与宁德时代订立产权交易合同，宁德时代将以人民币25.557亿元收购公司所持有的启源芯动力24.8726%股权。公告显示，双方约定签约后五个工作日内完成全部价款缴纳，已缴纳的7.6669亿元保证金进行抵扣，剩余资金同步缴入产权交易平台。待本次交易完成，中国电力将彻底退出启源芯动力股东行列，而宁德时代叠加此前已持有的股份，将成为启源芯动力第一大股东。老牌电池企业宣告破产8月14日，湖南省湘潭市中级人民法院发布官方裁定公告，因桑顿新能源重整计划草案未获债权人会议表决通过，且不满足《中华人民共和国企业破产法》规定的强制批准条件，依法裁定终止其重整程序，正式宣告公司破产。美国对多家企业展开337调查8月20日美国国际贸易委员会（ITC）决定对特定二次圆柱形电池、电池组件及包含该组件的产品启动337调查，该事件源于7月21日LG新能源向美国ITC提出337立案调查申请，由于相关进口产品违反337条款，侵权美国注册专利号，请求ITC发布有限排除令以及禁止令，亿纬、博世、工机控股、泉峰等相关公司被列为被告。闪聚电池完成工商变更浙江闪聚电池近日完成工商变更，注册资本由5000万元人民币增加至2亿元人民币，增幅为300%。该公司成立于2024年12月13日，由浙江吉利汽车零部件产业有限公司持股99%，浙江吉润汽车有限公司持股1%。此次增资将直接用于扩大动力电池包生产规模及技术研发投入，强化吉利汽车集团在新能源核心零部件领域的自主掌控能力。中创新航布局30万吨磷酸铁锂项目眉山市彭山区人民政府官网最新披露信息显示，立鼎材料科技（四川）有限公司年产30万吨磷酸铁锂材料项目正式启动环境影响评价第一次公示。项目选址于四川省眉山市彭山区经济开发区产业大道17号，总投资额达33.6亿元。建成后将形成年产约30万吨磷酸铁锂的产能规模，进一步放大区域正极材料供给能力。华友钴业半年营收超555亿元8月18日华友钴业半年报发布，今年H1营收约555.6亿元，同比增长约49%；净利润约35亿元，同比增长约29%；分季度来看Q1净利润略高，为24.97亿，同比接近翻倍，Q2净利润则环比下降。分业务来看，公司的电池材料业务规模最大，上半年产品销量也得到了提升，其三元正极材料尤其是超高镍9系产品占比进一步提升；三元前驱体出货也大大增加，碳酸锂同比增长则略低；镍、钴产品表现平平。湖南裕能正式递表港交所8月17日，湖南裕能正式披露港股上市进展，公司已向香港联交所递交H股发行及主板上市申请，并同步公示相关草拟版申请资料。至此，湖南裕能A+H双资本平台布局迈入实质推进阶段，行业头部企业的全球化资本化进程再度提速。孚日股份披露半年报孚日股份2026年上半年实现营业收入29.18亿元，同比增长12.78%；净利润4.03亿元，同比增长64.01%；基本每股收益0.43元。报告期内，电解液添加剂业务充分受益于下游锂电池行业需求快速扩张，实现量价齐升，利润显著增长，成为驱动公司业绩增长的核心动力。贝特瑞落子惠州贝特瑞惠州年产8万吨新材料锂电负极扩建项目进入环境影响评价受理公示阶段。该项目位于广东省惠州市惠阳区镇隆镇，在现有厂区内进行扩建，总投资4.4亿元，拟新建A3厂房并安装生产线，新增年产4万吨天然石墨特种锂电负极材料和4万吨人造石墨特种锂电负极材料，扩建完成后全厂将新增8万吨锂电负极材料产能。赣锋锂业与LG化学就收购Wodgina锂矿部分股权展开接洽近日，据彭博援引知情人士消息，赣锋锂业与LG化学正就收购Mineral Resources（MinRes）旗下Wodgina锂矿部分股权展开深度接洽。除上述两家企业外，日本三井物产、国内动力电池龙头宁德时代也对该锂矿资产表现出浓厚投资意愿。据悉，Wodgina锂矿矿产资源量达2.174亿吨矿石，Li₂O平均品位1.15%；可采矿石储量1.01亿吨矿石，Li₂O品位1.40%，折合碳酸锂当量（LCE）约310万吨。天赐材料拟赴港上市天赐材料：H股发行获中国证监会备案，拟发行不超过4.13亿股H股赴港上市。据悉公司于2025年9月22日、2026年3月27日先后两次向港交所递交招股书，摩根大通、中信证券、广发证券联席保荐。尚太科技披露半年报尚太科技：2026年上半年营收45.1亿元，同比增长33.11%；净利润4亿元，同比下降16.6%。报告期储能、动力电池下游需求旺盛，负极供不应求，公司加大外协采购，带动销量与营收大幅增长。但上游焦类原料及石墨化外协价格上涨带来成本压力，产品调价传导滞后，致使毛利率同比下滑；公司预计伴随行业高需求延续，相关不利因素有望改善。璞泰来披露半年报璞泰来：2026年上半年，该公司实现营业收入101.15亿元，同比增长42.70%；归母净利润14.52亿元，同比增长37.58%；扣非归母净利润13.12亿元，同比增长32.25%。天华新能披露半年报天华新能：2026年上半年，公司实现营业总收入77.8亿元，同比增长125%；实现归属于上市公司股东的净利润为22.92亿元，上年同期亏损9085.97万元（调整后），同比扭亏为盈。公司新能源锂电材料业务量价齐升，经营业绩实现显著增长。富祥股份披露半年报富祥股份：2026年上半年实现营业收入8.88亿元，同比增长72.59%；归属于上市公司股东的净利润约1.77亿元，同比增长2660.26%，整体盈利能力大幅提升，新能源业务是公司业绩增长的核心引擎。逸飞激光扭亏为盈逸飞激光2026年H1营业收入为6.75亿元，同比上升56.2%；归母净利润亏损1577万元。其中第二季度，公司营业收入为5.32亿元；归母净利润为821万元；扣非归母净利润自去年同期成功扭亏，实现扣非归母净利润430万元。璞泰来依托嘉拓智能向客户交付干法和固态电池极片设备璞泰来：依托嘉拓智能的设备研发能力，已实现向国内外头部客户交付干法和固态电池极片设备，过去几年累计承接相关订单超过2亿元。固态电池从实验室走向量产的过程中，设备环节将率先受益，公司在该领域的先发布局有望随产业化进程推进而持续放大。扬州新增5万吨负极片回收及3万吨锂电池回收项目近日，江苏金叶恩熙新材料有限公司年产5万吨负极片回收再生及3万吨退役锂电池综合利用项目环境影响评价首次公示。项目建设地点位于扬州经济技术开发区朴席镇建朴路，该项目拟新建厂房建筑面积约20000平方米，购置铣削机、切割机、分选机、碳化热解炉、上料机、破碎机、筛分机、粉碎机等主要设备约60台(套)，新建负极片利用生产线4条、电池包拆解生产线4条、锂电池碳化热解生产线2条、电池破碎分选生产线2条。项目建成后，可形成年产5万吨负极片回收再生及3万吨退役锂电池综合利用的生产能力。古蔺县锂电池材料循环利用项目签约8月21日，古蔺县锂电池材料循环利用项目签约仪式在泸州举行。项目占地297亩，分两期建设，全面建成投产后预计年营收70亿元、净利润5亿元。该项目主要从事废旧锂电池回收利用，提取镍、钴、锂等金属生产三元前驱体材料。当前国内动力电池逐步进入退役高峰期，回收利用市场空间较大。湖南力合厚浦科技有限公司在喷雾热解技术路线方面具备先发优势，项目产能分两期投放，一期1.5万吨、二期4.5万吨，并配套2万吨MHP精炼线，建设时序合理。5万吨锂电池回收项目落地江苏盐城近日，江苏省盐城市生态环境局发布《天恒能源再生（江苏）有限公司年处理5万吨锂电池回收利用项目环境影响报告书》批复，又一大型锂电池回收项目正式落地盐城大丰港石化新材料产业园。该项目总投资4.5亿元，选址于江苏省盐城市大丰港石化新材料产业园。项目以外购废磷酸铁锂电池为原料，经过破碎分选产出锂离子电池用再生黑粉，年产量可达24201.22吨，再进一步深加工得到系列锂电原材料产品。项目建成之后，将实现年处理5万吨锂电池的产能规模，助力退役动力电池“变废为宝”，完善区域锂电资源循环链条。宝马再下单宁德与亿纬宝马近日宣布将从下一代电动平台开始对电池供应链进行重组，并向宁德与亿纬采购圆柱电芯，取代依赖三星SDI局面。全新的电池将采用4695和46120规格，体积能量密度较上一代电池提升两成，选定亿纬锂能进行初期供应，亿纬匈牙利工厂将会配合生产，如果需求增长还会在沈阳工厂采购；同时还和宁德时代签署46圆柱电池供应合同，美国市场则向日系AESC采购电芯，同时在美国的宝马组装工厂附近进行电池包生产，今年12月在南卡罗来纳工厂生产电动车型iX5电池包供货斯帕坦堡组装工厂。比亚迪二代刀片电池正式外供近日，据吉林卫视等多个媒体平台报道，比亚迪第二代刀片电池已获得一汽红旗下一代纯电平台核心项目的定点，标志着比亚迪第二代刀片电池正式进入对外车企批量供货阶段。该消息已获得一汽弗迪新能源科技有限公司常务副总经理张宏军的确认，中国一汽将成为国内首家外采并量产比亚迪第二代刀片电池的国有车企。蔚来携手国资交付36座充换电站8月12日蔚来能源携手光谷交通集团举行交付仪式，本次有36座充换电站完成交付，不过合作模式则采用国资持有资产与蔚来专业运营。也就是说，这些充换电站的资产是光谷交通集团的，运营方是蔚来，而且交付完成后，标志着武汉市内所有蔚来换电站都由国资合作伙伴持有。特斯拉上海工厂第600万个电池包下线特斯拉：上海超级工厂第600万个电池包正式下线。第500万个电池包于去年11月12日下线，从500万到600万只用了约9个月。这些电池包已广泛应用于上海工厂生产的Model 3、Model Y等主力车型，既供应国内市场，也随整车出口欧洲及亚太地区。美对加拿大汽车等部分商品加征50%关税美国贸易代表当地时间8月21日深夜表示，加拿大拒绝在最后期限前与美国最终敲定贸易协议，并仍在继续对美国采取报复性措施。加拿大称，谈判进展还不足以实现为加拿大国民设定的目标。美国海关与边境保护局随后发布指引，宣布依据第338条款，对特定加拿大进口商品加征额外关税。一名美国政府高级官员证实，对加拿大汽车等部分商品加征50%关税的措施，将于美东时间8月22日凌晨00:01正式生效。加拿大方面表示，将以同等幅度实施反制。奇瑞机器人业务谋求IPO 警用机器人瞄准海外市场据报道，奇瑞墨甲机器人正在筹备IPO，为后续业务扩张与技术投入筹措资金。同时还计划明年大幅提升人形机器人交付量，力争跻身全球机器人行业头部企业行列。特斯拉官9月3日举办Cybercab发布会特斯拉官方账号8月22日发布推文，宣布将于2026年9月3日在美国奥斯汀（Austin）举办发布会，主角是自动驾驶出租车Cybercab。在2024年10月召开的「WE,REBOT」活动上正式宣布自动驾驶出租车CyberCab，在过去几个月里，特斯拉一直在公共道路测试Cybercab，并于上月让员工在奥斯汀总部附近的私有道路乘坐Cybercab。消息源还透露特斯拉近期已面向奥斯汀各地的急救人员完成培训，内容聚焦Cybercab相关事故和应急处置问题。凯迪拉克全新XT5 PHEV首秀成都车展，预计9月初上市8 月 23 日消息，凯迪拉克全新 XT5 PHEV 首秀2026成都车展，预计将于 9 月初正式上市。新车将成为首款量产搭载Momenta R7世界模型的豪华混动 SUV，车身长宽高为 4888/1957/1685（1688）mm，轴距达到 2863mm。全新 XT5 PHEV 采用搭载奥特能 5C 三元锂电池的双电机全路况插混系统，配备 1.5T 发动机（最大功率 115kW）及前后双电机（最大功率分别为 160kW 和 110kW）；采用全路况电动蜂鸟底盘。电池容量 35.5kWh，CLTC 纯电续航 215km，综合油耗 6.05L/100km。往期回顾01｜LG新能源发难！美国对多家企业展开337调查02｜25.5亿元！宁德时代摘牌启源芯动力03｜重磅揭晓 | 2026全球户储电池竞争力TOP10首批入围名单公示 15家龙头企业晋级04｜2026起点户储电池生态大会暨全球户储电池TOP排行榜发布会8月28日深圳举办！起点户储电池交流群—码上入群点击阅读原文，即可报名参会！",,,,pending
倒计时5天丨2026起点户储电池生态大会暨全球户储电池TOP排行榜发布会8.28深圳举办！,起点锂电,起点锂电,"RIOnews API, 钠离子电池, 产品发布, 首发, 发布, 发布会, 合作进展, 投资, 合作, 比亚迪, 亿纬锂能, 亿纬, 中创新航, 国轩高科, 国轩, 瑞浦兰钧, 瑞浦, 海辰, 蜂巢能源, 蜂巢, 欣旺达, 鹏辉能源, 楚能新能源, 楚能, 双登, LG新能源, 三星SDI, 储能, 户储, PCS, EMS, BMS, 可靠性, 出货, 出货量, TOP10, 入围, 出海, 量产, 落地",normal,2026-08-23T16:30:19+08:00,,2026起点户储电池生态大会暨全球户储电池TOP排行榜发布会时间：8月28日 地址：中国 深圳一、大会基础信息活动全称：2026起点户储电池生态大会暨全球户储电池TOP排行榜发布会活动主题： 创新引领 供需重构主办单位：起点锂电、起点储能、起点研究举办时间：2026年8月28日 全天举办地点：深圳宝安登喜路国际酒店2楼国际厅协办单位：远航锦锂、上海前沿新能源电源技术研究院第一批演讲及赞助单位名单：远航锦锂/瑞浦兰钧/赣锋锂电/古瑞瓦特/比克电池/Zoho/卡诺普/钹鑫科技/川源科技/亿鑫丰/智慧动锂/欣闪智能/雪言咨询/约跃时代/瑞能股份等二、活动背景2026年全球户用储能行业进入高速发展的黄,http://mp.weixin.qq.com/s?__biz=MzI1MjEyODg2Mg==&mid=2649798613&idx=3&sn=915eaa8f911120b76c3bbdc01099b642,,2026起点户储电池生态大会暨全球户储电池TOP排行榜发布会时间：8月28日 地址：中国 深圳一、大会基础信息活动全称：2026起点户储电池生态大会暨全球户储电池TOP排行榜发布会活动主题： 创新引领 供需重构主办单位：起点锂电、起点储能、起点研究举办时间：2026年8月28日 全天举办地点：深圳宝安登喜路国际酒店2楼国际厅协办单位：远航锦锂、上海前沿新能源电源技术研究院第一批演讲及赞助单位名单：远航锦锂/瑞浦兰钧/赣锋锂电/古瑞瓦特/比克电池/Zoho/卡诺普/钹鑫科技/川源科技/亿鑫丰/智慧动锂/欣闪智能/雪言咨询/约跃时代/瑞能股份等二、活动背景2026年全球户用储能行业进入高速发展的黄,"2026起点户储电池生态大会暨全球户储电池TOP排行榜发布会时间：8月28日 地址：中国 深圳一、大会基础信息活动全称：2026起点户储电池生态大会暨全球户储电池TOP排行榜发布会活动主题： 创新引领 供需重构主办单位：起点锂电、起点储能、起点研究举办时间：2026年8月28日 全天举办地点：深圳宝安登喜路国际酒店2楼国际厅协办单位：远航锦锂、上海前沿新能源电源技术研究院第一批演讲及赞助单位名单：远航锦锂/瑞浦兰钧/赣锋锂电/古瑞瓦特/比克电池/Zoho/卡诺普/钹鑫科技/川源科技/亿鑫丰/智慧动锂/欣闪智能/雪言咨询/约跃时代/瑞能股份等二、活动背景2026年全球户用储能行业进入高速发展的黄金周期，在全球能源转型加速、电价持续高企、能源安全需求全面升级的多重核心驱动下，户储市场规模呈现爆发式增长态势，根据SPIR数据，2026上半年全球户储电池出货量61GWH，同比增长206%，预计全年出货量将超135GWH。起点锂电、起点储能作为新能源电池行业权威产业服务平台，长期深耕锂电与储能全产业链，聚焦户储电池技术创新、产业生态协同、供应链全球化与出海落地核心赛道，发起举办2026起点户储电池技术大会。起点锂电和起点储能精心筹备行业首届聚焦户储电池的生态大会--2026起点户储电池生态大会暨全球户储电池TOP排行榜发布会，大会主题为：创新引领 供需重构，旨在汇聚全球户储电池产业链核心企业、顶尖技术专家、行业决策者与投资机构，搭建技术交流、产业对接、资源协同的高端行业平台，深度探讨户储电池技术迭代方向、产业生态构建路径、供应链安全与出海全球化策略，推动全球户储电池产业高质量、可持续发展，助力全球能源转型进程，大会同期SPIR将首发全球户储电池/户储系统TOP10竞争力排行榜，为全行业提供权威数据及样本参考。三、会议议程时 间演讲主题大会开幕式09:30-09:50主办方致辞--起点研究 董事长&研究院院长 李振强09:50-10:00协办单位致辞--远航锦锂 副总经理 赵新生10:00-10:10协办单位致辞--上海前沿新能源电源技术研究院 秘书长 刘训春户储电池产业生态专场10:20-11:30惠州仲恺高新区管委会领导做招商推介--惠州仲恺高新区管委会 总经济师 唐高杰主题待定--瑞浦兰钧 技术总监 白天娇“家电化”与""差异化”下户储的电芯产品开发思考--赣锋锂电 研发总监 占莎从本土到全球：CRM在企业国际化过程中的应用--Zoho 解决方案顾问 郭鹏不止于动力，更精于储能--远航锦锂 研发总监 陈飞全场景户用光储融合解决方案--古瑞瓦特 产品总监 袁智民11:30-12:00户储电池产业生态圆桌论坛对话议题：1.下一代户储电池技术发展趋势？2.2027年户储电池市场规模预测3.户储竞争格局变化趋势？主持人：起点研究 董事长&研究院院长 李振强对话嘉宾：古瑞瓦特 产品总监 袁智民远航锦锂 副总经理 张金刚赣锋锂电 研发总监 占莎瑞浦兰钧 技术总监 白天娇Zoho 解决方案顾问 郭鹏户储电池创新及供应链专场14:00-17:002026户储行业白皮书暨户储TOP竞争力排行榜发布会--起点研究院 SPIR户储电池规模化量产下，低露点环境控制对产品安全与寿命的价值--钹鑫科技 市场部总监 刘静钠离子电池技术在户储中的开发与应用--比克电池 电芯研发部长 胡铭昌插拔式模块化DIY产品，颠覆传统储能革命--国家石墨烯联盟 主席/国际先进技术工程院 院士 赵猛博士户用储能电池全生命周期测试方案--瑞能股份 研发总监 李海鹏基于锂电池多维度安全管理技术的应用研究--智慧动锂 董事长 牛文斌川源在户储电池生产可靠性中的思考和工作--川源科技 总经理 余海君 从源头守护户储电池安全做储能电池安全的守门员--亿鑫丰 董事长 吴松彦17:00-17:30户储电池创新及供应链圆桌论坛对话议题：1.户储电池供不应求，供应链最大挑战是什么？2.户储电池智能制造创新与趋势？3.阳台储能和光储融合给行业带来什么机遇和挑战？主持人：亿鑫丰 董事长 吴松彦对话嘉宾：比克电池 电芯研发部长 胡铭昌智慧动锂 董事长 牛文斌川源科技 总经理 余海君钹鑫科技 市场部总监 刘静瑞能股份 研发总监 李海鹏国家石墨烯联盟 主席/国际先进技术工程院 院士 赵猛博士四、拟邀企业名单CATEGORY户储电池企业三星SDI、LG新能源、新能安、远航锦锂、赣锋锂电、瑞浦兰钧、鹏辉能源、海四达、融捷能源、亿纬锂能、派能科技、楚能新能源、多氟多新能源、蜂巢能源、比亚迪、国轩高科、中创新航、海辰楚能、欣旺达、德赛电池、远东电池、中汽新能、拓邦锂电、天能锂电、双登股份等CATEGORY户储系统企业特斯拉、华为、三星、LG、比亚迪、思格新能源、麦田能源、阳光电源、德业股份、古瑞瓦特、固德威、锦浪科技、艾罗能源、派能科技、安克创新、首航新能源、果下科技、沃太能源、大秦能源、泽塔电源、三晶股份、合康新能、正浩创新、宜能新能源、安电能源、绿达新能源、合康新能、海尔新能源、广州疆海科技、华宝新能、为恒智能、阿诗特能源、爱士惟、海鹏科技、科华数能、科士达、昱能科技、晶科能源储能、阿特斯储能、深圳爱阳动力、拓芯安、百森科技、蓝阳新能源、乐森新能源、卡美达电子、泰琪科技、 汇能精电、宝星新能、杰赛电子、格伏恩新能源、利沃得电源、必苛新能源、为来绿能、冠隆电力、海博思创、采日能源、煜邦智源、盛弘股份、高特新能源、能云科技、瑞奇太阳能、 泰帆能源等CATEGORY户储零部件配套企业- PCS逆变器类：华为、阳光电源、古瑞瓦特、锦浪科技、固德威、德业股份、上能电气、盛弘股份、特变电工、科华数能、正泰电源、SolarEdge、Fronius、SMA、艾罗能源、三晶股份、首航新能源、安克创新、麦田能源、大秦数能、思格新能源等- 户储BMS类：深圳智慧动锂、沛城科技、华为、超力源、优旦科技、安科瑞电气、力高新能、亿能电子、蓝微电子、欣旺达、高泰昊能、高特电子、天邦达、力通威、华塑科技、蓝锂科技、深圳智慧动锂、存田新能源等- 户储EMS类：弘正储能、中汇电气、阳光电源、华为、江苏云涌电子科技、涂鸦智能、上海瀚蓝、德联软件、长园集团、华自科技、优旦科技等- 其他零部件类：英维克、科华数据、高澜股份、同飞股份、新雷能、瑞可达、得润电子、中航光电、立讯精密、电连技术、艾麦斯电源等五、报名参会参会方式①：SVIP参会：3188元人增值服务权益：1、会议期间自助午餐、茶歇2、会场座位前排台卡3、2026全球户储电池产业链地图(扫码关注起点锂电、起点储能、起点研究公众号/抖音号/视频号后领取）4、起点研究院SPIR全球户储行业运行总结PPT5、演讲企业PPT可对外6、论坛通讯录7、SVIP参会证件参会方式②：VIP参会：2188元/人增值服务权益：1、会议期间自助午餐、茶歇2、会场座位前排台卡3、2026全球户储电池产业链地图(扫码关注起点锂电、起点储能、起点研究公众号/抖音号/视频号后领取）4、起点研究院SPIR全球户储行业运行总结PPT5、演讲企业PPT可对外6、VIP参会证件参会方式③：免费（需转发本次论坛宣传文章到朋友圈，并截图上传给起点人员）增值服务权益：1、2026全球户储电池产业链地图(扫码关注起点锂电、起点储能、起点研究公众号/抖音号/视频号后领取）2、普通参会嘉宾证件【收款账号】收款单位：深圳市起点研究咨询有限公司开户行：中国农业银行深圳前进路支行银行账号：41019700040025862汇款请注明：宣传费/服务费/会议展览服务六、活动报名方式活动咨询+赞助：邱先生 ***********尧先生 ***********江先生 ***********论坛报名：于小姐 ***********张小姐 ***********媒体合作：黄小姐 ***********重磅揭晓 | 2026全球户储电池竞争力TOP10首批入围名单公示 15家龙头企业晋级点击阅读原文，即可报名参会！阅读原文创新引领 供需重构丨8月28日，鹏城相聚！",,,,pending
【锂硫电池/固态】CEJ：调控不同厚度锂–铟负极中的浓差极化实现高性能全固态锂硫电池—Zhihang Zhang,金属能源电池,金属能源电池,"RIOnews API, 长时储能, 锂硫电池",normal,2026-08-23T15:27:55+08:00,,【论文链接】https://doi.org/10.1016/j.cej.2026.180751【作者单位】湘潭大学；河南科技大学【论文摘要】作为全固态锂硫电池（ASSLSBs）的主流负极之一，锂–铟（LiIn）合金仍然面临界面扩散受限的问题，而这一问题对其高倍率性能具有决定性影响。研究首先通过COMSOL模拟揭示，在相同Li通量条件下，由不同LiIn负极厚度引起的浓差极化在决定Li离子传输速率方面发挥关键作用。基于这一认识，作者通过调节N/P比控制LiIn合金负极厚度，并结合一系列电化学测试和表征证明，优化后的LiIn-1.0负极能够形成平衡的浓度梯度，从而实现快速且均匀的界面扩散、降低非均匀,http://mp.weixin.qq.com/s?__biz=MzI4MTA3MzQwOA==&mid=2247640160&idx=1&sn=157432fa7962eb692bf4d84e3601b556,,【论文链接】https://doi.org/10.1016/j.cej.2026.180751【作者单位】湘潭大学；河南科技大学【论文摘要】作为全固态锂硫电池（ASSLSBs）的主流负极之一，锂–铟（LiIn）合金仍然面临界面扩散受限的问题，而这一问题对其高倍率性能具有决定性影响。研究首先通过COMSOL模拟揭示，在相同Li通量条件下，由不同LiIn负极厚度引起的浓差极化在决定Li离子传输速率方面发挥关键作用。基于这一认识，作者通过调节N/P比控制LiIn合金负极厚度，并结合一系列电化学测试和表征证明，优化后的LiIn-1.0负极能够形成平衡的浓度梯度，从而实现快速且均匀的界面扩散、降低非均匀,"【论文链接】https://doi.org/10.1016/j.cej.2026.180751【作者单位】湘潭大学；河南科技大学【论文摘要】作为全固态锂硫电池（ASSLSBs）的主流负极之一，锂–铟（LiIn）合金仍然面临界面扩散受限的问题，而这一问题对其高倍率性能具有决定性影响。研究首先通过COMSOL模拟揭示，在相同Li通量条件下，由不同LiIn负极厚度引起的浓差极化在决定Li离子传输速率方面发挥关键作用。基于这一认识，作者通过调节N/P比控制LiIn合金负极厚度，并结合一系列电化学测试和表征证明，优化后的LiIn-1.0负极能够形成平衡的浓度梯度，从而实现快速且均匀的界面扩散、降低非均匀应力，并维持稳定的界面接触。因此，采用LiIn-1.0负极的ASSLSBs在4.5 mA cm⁻²下实现了952 mAh g⁻¹的高倍率容量，并获得2.61 mAh cm⁻²的面容量。此外，所构建软包电池基于负极质量计算的能量密度达到306 Wh kg⁻¹。本工作为理解全固态锂硫电池中LiIn负极的Li传输限制提供了新的认识。【实验方法】全电池、半电池与软包电池组装对于全电池，首先称取70 mg LPSC，在380 MPa压力下压制成直径10 mm、厚度约560 μm的固态电解质片。随后将正极材料压覆于固态电解质片一侧，其中硫正极采用SC复合材料:LPSC=3:7（质量比），NCM811正极采用NCM811复合材料:LPSC=7:3，并在630 MPa压力下压制。对应硫载量为2.68 mg cm⁻²，NCM811载量为8.92 mg cm⁻²。在固态电解质片另一侧放置不同质量的Li箔，分别为1.37、0.91或0.46 mg，并与In箔按照Li:In=6:94质量比配合。在150 MPa压力下保持5 min，使其形成LiIn合金。对于半电池，则将相同Li和In箔分别贴附于固态电解质片两侧，并在180 MPa下压制。对于软包电池，将99 wt.% LPSCl和1 wt.% PTFE混合后，在90 ℃条件下辊压形成连续固态电解质膜，厚度约300 μm。正极膜采用30 wt.%硫–碳复合物、69 wt.% LPSC和1 wt.% PTFE制备，厚度约100 μm。两种膜均裁切至21 cm²。随后将217 mg In箔和13 mg Li箔压合形成LiIn负极，并按照“Al箔集流体/正极膜/SSE膜/LiIn负极”的顺序组装，在200 MPa压力下压制后采用铝塑膜密封。软包电池测试时施加60 MPa堆叠压力。所有操作均在Ar手套箱中完成，其中H₂O【图文摘取】Fig. 1. (a) Comparative study of the mass fraction and cost fraction of anodes in ASSLSBs. (b) Comparative study of the N/P ratio and anode energy density in ASSLSBs. COMSOL simulations of concentration gradient distributions under the same Li flux per unit time for In-x (c) x = 0.5, (d) x = 1.0, and (e) x = 1.5. Li transport pathways and corresponding diffusion energies of (f) LiIn, (g) Li₅In₄, and (h) Li₃In₂. Fig. 2. (a) Cycling performance of LiIn-x/LPSCl/S/C@LPSC full cells at 0.45 mA cm⁻². (b) Charge-discharge curves. (c) dQ/dV curves. (d) Rate capability of LiIn-x/LPSCl/S/C@LPSC full cells. (e) Cycling performance at 2.25 mA cm⁻². (f) Combined constant current and operando pressure measurements for LiIn-1.0 cell. (g) Changes in stack pressure during the 5th cycle and variation of stack pressure across different cycles for LiIn-1.0 cell. Fig. 3. In situ EIS curves of (a) LiIn-1.0 cell and (c) LiIn-1.5 cell. In situ DRT 3D projection maps of (b) LiIn-1.0 cell and (d) LiIn-1.5 cell. (e-h) In situ DRT curves of LiIn-1.0 cell and LiIn-1.5 cell. (i) Evolution of R_inter and R_bulk for LiIn-0.5 cell, LiIn-1.0 cell, and LiIn-1.5 cell during the first lithiation and delithiation processes. (j) Li⁺ diffusion coefficients obtained from GITT measurements during discharge (lithiation) and charge (delithiation) for LiIn-0.5 cell, LiIn-1.0 cell, and LiIn-1.5 cell. (k) Tafel plots. (l) CCD tests. (m) Magnified voltage profiles. (n) EIS curves after 10 cycles of symmetric cells. Fig. 4. Cross-sectional SEM images of (a) LiIn-0.5, (b) LiIn-1.0, and (c) LiIn-1.5 anodes on the LPSCl surface after discharging at 0.45 mA cm⁻². Cross-sectional SEM images of (d) LiIn-1.0 and (g) LiIn-1.5 anodes on the LPSCl surface after charging at 0.45 mA cm⁻². Cross-sectional SEM images of (e) LiIn-1.0 and (h) LiIn-1.5 anodes on the LPSCl surface after charging at 2.25 mA cm⁻². ELF results of (f) LiIn-1.0 cell and (i) LiIn-1.5 cell. (j) DFT calculations of Li affinity with different In alloys. (k) Calculated Li adsorption energies on different In alloy surfaces. (l) Schematic diagram of the Li transport mechanism in the In alloy anode. Fig. 5. Cycling performance of LiIn-1.0/LPSCl/S/C@LPSC (a) at 60 °C, (b) at 0 °C, (d) at −20 °C, and (e) at −40 °C. (c) Charge-discharge curves at 60 °C, 30 °C, and 0 °C. (f) Comparison of the −20 °C performance between ASSLSBs reported by other groups and that in this study. (g) Charge-discharge curves of the ASSLSBs pouch cell. (h) Photograph of the pouch cell for practical application demonstration. 【主要结论】研究揭示了负极厚度调节LiIn负极内部浓度梯度的作用机制，并证实了浓度梯度对于实现均匀氧化还原动力学和提高Li传输效率的重要作用。作为概念验证，通过使Li通量与负极浓度梯度相匹配，LiIn-1.0电池显著改善了负极界面的电荷转移和Li传输，从而在高电流密度和高容量负载条件下实现更充分的容量释放，并有效缓解负极内部的应力和应变。采用LiIn-1.0负极的ASSLSBs在4.5 mA cm⁻²条件下实现了952 mAh g⁻¹的比容量，对应面容量约2.48 mAh cm⁻²；同时在2.25 mA cm⁻²下稳定循环200次后容量保持率达到100%，并在−40至60 ℃的宽温区间内表现出良好的循环稳定性和容量释放能力。工作不仅通过降低N/P比减少了负极冗余并提高电池能量密度，而且提出了一种针对全固态锂硫电池的有效策略：不是单纯增加LiIn负极厚度来保证负极容量，而是通过匹配负极厚度、Li通量与相分布，建立适中的浓度梯度，从而同时优化Li扩散、界面沉积和机械稳定性。阅读原文研究揭示了负极厚度调节LiIn负极内部浓度梯度的作用机制，并证实了浓度梯度对于实现均匀氧化还原动力学和提高Li传输效率的重要作用。",,,,pending
用Excel计算交流阻抗谱,锂想生活,锂想生活,"RIOnews API, 电解液",normal,2026-08-23T15:09:22+08:00,,本文为锂离子电池交流阻抗测试技术的学习笔记。锂离子电池的主要反应过程可以分为电子传导、Li+在电解液内的扩散、Li+在电极/电解液界面处的电荷交换和固相扩散等过程，通常这些过程会混杂在一起，难以进行区分，而交流阻抗为区分这些阻抗提供了手段。交流阻抗的基本原理是对电池或电极施加一个从高频至低频变化的正弦波电压信号或电流信号，根据输出的电流或电压信号对电池的阻抗信息进行分析。在所有的阻抗类型中欧姆阻抗响应速度最快，电荷交换阻抗相应速度则较慢，而最慢的为固相扩散，因此电池不同频率下的阻抗是由不同类型的阻抗叠加而来，借助等效电路拟合等方式能够对电池内阻的阻抗特征进行分析。通常对电池施加一个按照频率为ω,http://mp.weixin.qq.com/s?__biz=MzI0NzkxMTYzNA==&mid=2247513309&idx=1&sn=e8e8773b8e7b8ef0aa9683e560df037a,,本文为锂离子电池交流阻抗测试技术的学习笔记。锂离子电池的主要反应过程可以分为电子传导、Li+在电解液内的扩散、Li+在电极/电解液界面处的电荷交换和固相扩散等过程，通常这些过程会混杂在一起，难以进行区分，而交流阻抗为区分这些阻抗提供了手段。交流阻抗的基本原理是对电池或电极施加一个从高频至低频变化的正弦波电压信号或电流信号，根据输出的电流或电压信号对电池的阻抗信息进行分析。在所有的阻抗类型中欧姆阻抗响应速度最快，电荷交换阻抗相应速度则较慢，而最慢的为固相扩散，因此电池不同频率下的阻抗是由不同类型的阻抗叠加而来，借助等效电路拟合等方式能够对电池内阻的阻抗特征进行分析。通常对电池施加一个按照频率为ω,"本文为锂离子电池交流阻抗测试技术的学习笔记。锂离子电池的主要反应过程可以分为电子传导、Li+在电解液内的扩散、Li+在电极/电解液界面处的电荷交换和固相扩散等过程，通常这些过程会混杂在一起，难以进行区分，而交流阻抗为区分这些阻抗提供了手段。交流阻抗的基本原理是对电池或电极施加一个从高频至低频变化的正弦波电压信号或电流信号，根据输出的电流或电压信号对电池的阻抗信息进行分析。在所有的阻抗类型中欧姆阻抗响应速度最快，电荷交换阻抗相应速度则较慢，而最慢的为固相扩散，因此电池不同频率下的阻抗是由不同类型的阻抗叠加而来，借助等效电路拟合等方式能够对电池内阻的阻抗特征进行分析。通常对电池施加一个按照频率为ω的正弦波变化的交变电压信号（式1），然后可以获得一个反馈的与频率ω和相位角φ相关的电流信号（式2）。阻抗（Z）与电压（E）与电流（I）的关系，在形式上就是电阻的欧姆定律（式3）。由于采用了交流信号输入，因此获得的阻抗也是以复数的形式呈现（式4），包含实部ZRe和虚部ZIm。其中，阻抗的模|Z|计算如式5，相位角φ计算如式6。一般地，交流阻抗测试结果有常见的两种呈现方式：Nyquist图和Bode图，如图1所示。图1 Nyquist图和Bode图为了深入理解各等效电路元件的交流阻抗谱特性，本人采用Excel表格计算了典型元件的交流阻抗谱。常见的等效电路元件如表所示，包括电阻、电容、电感、常相元件和Warburg阻抗。各个元件对应的阻抗计算公式，包含的参数也列入表格中。Excel表格支持虚数形式的计算，关于复数的常用计算公式：（1）使用公式=COMPLEX(2,4,""j"")，来创建复数2+4j；（2）输入公式=IMAGINARY(A2)，求出复数的虚部，即虚数i前面的系数；（3）输入公式=IMREAL(A2)，求出复数的实部，即实数部分；（4）输入公式=IMABS(A2)，求出模，即复数的绝对值；（5）输入公式=IMARGUMENT(A2)，来求出复数的辐角，注意是弧度值，使用公式=DEGREES(IMARGUMENT(A2))，这样可以将弧度转换成角度；（6）使用公式=IMSUM(A2,B2)，得到多个复数的和；（7）输入公式=IMSUB(A2,B2)，求出复数的差；（8）使用公式=IMPRODUCT(A2,B2)，求出复数的乘积，支持多个复数之间相乘；（9）输入公式=IMDIV(A2,B2)，来求出两个复数之间的商；（10）输入公式=IMPOWER(A2,1)，可以求出复数的幂；（11）使用公式=IMSIN(A2)，可以求出复数的正弦值；（12）使用公式=IMCOS(A2)，可以求出复数的余弦值；（13）还有正切（正弦函数除以余弦函数）、余切（正切函数的倒数）、双曲函数、正割、余割函数等均可计算。Excel表格布局设计如下图所示：第一步，填写元件或等效电路代码，例如RC表示电阻和电容串联，（RC）表示电阻和电容并联；第二步，输入所选择等效电路对应的参数值；第三步，表格中预先输入了以10为底的一系列指数，产生从0,01Hz到10^5Hz的频率，然后根据对应等效电路的计算公式计算出复数形式的阻抗值Z，再计算实部、虚部、模和相位角。最后自动绘制Nyquist图，也可以绘制Bode图。当多个元件串并联时，根据串并联电阻计算方法计算整体电路的阻抗。比如RC串联时，Z=ZR+ZC。而（RC）并联时，Z=1/(1/ZR+1/ZC)。常见元件或等效电路的计算结果如下：（1）电阻R的阻抗只有实部，没有虚部，Nyquist图就是横坐标上的一个点。（2）电容C的Nyquist图是一条重合于Y轴的直线，即只有虚部的阻抗。（3）电感L的Nyquist图也是一条重合于Y轴的直线，只有虚部的阻抗，而且虚部是正值，即-Z”为负值。（4）常相元件CPE的Nyquist图是一条斜直线，斜率与参数n相关。（5）Warburg扩散阻抗是一条斜率为45°直线。（6）RC串联，Nyquist图是垂直于X轴的直线，与X轴交于R的直线。EXCEL表格中阻抗计算公式为Z=IMSUM(电阻R,IMDIV(COMPLEX(0,-1),(频率列*电容C)))。（7）（RC）并联，Nyquist图是一个半圆。EXCEL表格中阻抗计算公式为Z =IMDIV(1,IMSUM(1/电阻R,IMDIV(1,IMDIV(COMPLEX(0,-1),(频率列*电容C)))))。对于锂离子电池多孔电极，锂离子和电子在极片内部传输，并且在电极/电解液界面电子和离子相互作用，多孔电极的等效电路为其中，Re是电子相一定电极厚度内的电阻（包括任何颗粒间的接触电阻）；Rion是离子导电液相一定电极厚度内的电阻；ζ是浆料电子相和离子相之间界面的阻抗；Rc-e是集流体与涂层中颗粒之间的接触电阻；ζc -i是离子相与集流体之间的界面阻抗。假设电极是均匀的，在厚度方向上相同厚度内的电阻相等，电子相和离子相的平均厚度的电阻r e和r ion：式中，R电极整体厚度的电阻，δ是电极的厚度，A是电极横截面积，σ是离子电导率，κ是电子电导率。那么以上等效电路对应的阻抗计算公式为：其中，Z(^)ξ为电子相和离子相相互作用的阻抗。当不存在氧化还原反应的情况下，电流只能通过对固体颗粒的双层电容充电而从电子相转移到离子相。这种电子和离子相互作用的阻抗由下式计算，对应等效电路如下。当电极中存在氧化还原反应时，电子相和离子相界面通过双电层和氧化还原反应相互作用。下式描述了在存在氧化还原对的情况下液-固界面的阻抗。rct单位厚度内的电荷转移电阻。通过excel也计算了以上两个电路的阻抗谱。无法拉第电流的电极阻抗存在法拉第电流的电极阻抗以上是本人学习EIS过程的笔记。参考文献【1】Electrochemical Impedance Spectroscopy of Metal Oxide Electrodes for Energy Applications, ACS Appl. Energy Mater. 2020, 3, 6698, Alexandria R. C. Bredar, Amanda L. Chown, AndricusR. Burton and Byron H. Farnum【2】Petek T J , Hoyt N C , Savinell R F , et al. Characterizing Slurry Electrodes Using Electrochemical Impedance Spectroscopy[J]. Journal of the Electrochemical Society, 2016, 163(1):A5001-A5009.更多内容欢迎关注‍‍本文为锂离子电池交流阻抗测试技术的学习笔记。锂离子电池的主要反应过程可以分为电子传导、Li+在电解液内的扩散",,,,pending
长篙新材2026年学术论文奖励计划,钠电材料,钠电材料,"RIOnews API, 钠离子电池, 钠电, 钠电正极, 软包, 负极材料",normal,2026-08-23T15:01:54+08:00,,长篙新材2026年学术论文奖励计划——助力钠电科研创新，赋能产业升级 为推进钠离子电池材料研究发展，长篙新材（钠电材料领军企业）正式启动2026年学术论文奖励计划，诚邀全球科研人员参与。本计划旨在鼓励高水平成果产出，同时为研究者提供实质性支持。活动真实有效，详见往期公众号宣传文章。一、奖励范围与标准 特等奖：Nature、Science等正刊 购物卡2000元加送电池材料一等奖：Nature Chemistry，Nature Energy等大子刊 购物卡1000元加送电池材料二等奖：Nature Communications、JACS，Angew、Advanced Materials等 (IF,http://mp.weixin.qq.com/s?__biz=Mzk0MjY3NzEwNg==&mid=2247485266&idx=1&sn=a7bfb2e6f599b462453ceb47c074e9b0,,长篙新材2026年学术论文奖励计划——助力钠电科研创新，赋能产业升级 为推进钠离子电池材料研究发展，长篙新材（钠电材料领军企业）正式启动2026年学术论文奖励计划，诚邀全球科研人员参与。本计划旨在鼓励高水平成果产出，同时为研究者提供实质性支持。活动真实有效，详见往期公众号宣传文章。一、奖励范围与标准 特等奖：Nature、Science等正刊 购物卡2000元加送电池材料一等奖：Nature Chemistry，Nature Energy等大子刊 购物卡1000元加送电池材料二等奖：Nature Communications、JACS，Angew、Advanced Materials等 (IF,"长篙新材2026年学术论文奖励计划——助力钠电科研创新，赋能产业升级 为推进钠离子电池材料研究发展，长篙新材（钠电材料领军企业）正式启动2026年学术论文奖励计划，诚邀全球科研人员参与。本计划旨在鼓励高水平成果产出，同时为研究者提供实质性支持。活动真实有效，详见往期公众号宣传文章。一、奖励范围与标准 特等奖：Nature、Science等正刊 购物卡2000元加送电池材料一等奖：Nature Chemistry，Nature Energy等大子刊 购物卡1000元加送电池材料二等奖：Nature Communications、JACS，Angew、Advanced Materials等 (IF>28) 购物卡800元加送电池材料三等奖：Advanced Functional Materials，ACS Energy Letters、Advanced Energy Materials，Energy Storage Materials（IF>18) 购物卡500元优秀奖：SCI一区文章 购物卡200元优秀奖：SCI二区文章 精美小礼品二、参选要求 投稿时效：论文需于2026年1月1日-12月31日在线发表（含DOI号）。产品引用：正文或附录需明确标注使用“长篙新材钠电正极/负极材料”（示例：“长篙新材，Changgao New Materials Co., Ltd”或缩写“CGM”），缺少关键词视为无效。（所标产品需均为从本公司购买）作者资格：仅限第一作者（限1人/篇），同一成果不重复授奖。三、附加条款学术合规：需提供SCI检索号及全文链接，已获奖论文不可重复申报。宣传授权：获奖论文默认允许长篙新材用于技术推广（不影响学术版权）。争议处理：本公司保留活动解释权。业务支持：申请人/课题组2026年在长篙采购的产品价值超过1000元四、参与方式 将申请表提交至对接销售或扫描下方二维码录入信息，审核通过后7个工作日内联系奖金发放事宜。科研赋能，合作共赢 长篙新材专注高性能钠电材料研发，提供高纯度钠电专用参比电极，补钠材料，硬碳负极，微型软包设备等产品。本计划既是对学术共同体的回馈，亦期望通过成果转化推动钠电产业化进程。诚邀您以卓越研究，共拓能源未来！长篙新材2026年学术论文奖励计划\x0d\x0a——助力钠电科研创新，赋能学术卓越",,,,pending
突发！碳酸锂上市公司易主,储能前沿,储能前沿,"RIOnews API, 储能, 碳酸锂, 亏损, 上市, 收购, 发布",normal,2026-08-23T15:00:00+08:00,,8月18日晚间，*ST威领发布要约收购报告书，西藏山南锑金资源有限公司向公司全体股东发出部分要约收购，拟收购7817.7450万股公司股份，占公司总股本的30.00%，要约价格为18.00元/股。公告显示，收购人山南锑金为兴业银锡的全资子公司，本次要约收购所需最高资金总额为14.07亿元，收购人拟于公告后的两个交易日内，将7.04亿元（相当于要约收购所需最高资金总额的50%）存入中登公司指定的银行账户，作为本次要约收购的履约保证金。要约收购完成后，山南锑金将最多持有公司30%股份，取得公司控制权。资料显示，兴业银锡总部设立于中国内蒙古自治区赤峰市，拥有中国内蒙古白音查干和双尖子山两个世界级银锡,http://mp.weixin.qq.com/s?__biz=Mzg3MjY1NTkxNg==&mid=2247601053&idx=1&sn=0b78533b4babb2f0f5c543d6d519896e,,8月18日晚间，*ST威领发布要约收购报告书，西藏山南锑金资源有限公司向公司全体股东发出部分要约收购，拟收购7817.7450万股公司股份，占公司总股本的30.00%，要约价格为18.00元/股。公告显示，收购人山南锑金为兴业银锡的全资子公司，本次要约收购所需最高资金总额为14.07亿元，收购人拟于公告后的两个交易日内，将7.04亿元（相当于要约收购所需最高资金总额的50%）存入中登公司指定的银行账户，作为本次要约收购的履约保证金。要约收购完成后，山南锑金将最多持有公司30%股份，取得公司控制权。资料显示，兴业银锡总部设立于中国内蒙古自治区赤峰市，拥有中国内蒙古白音查干和双尖子山两个世界级银锡,8月18日晚间，*ST威领发布要约收购报告书，西藏山南锑金资源有限公司向公司全体股东发出部分要约收购，拟收购7817.7450万股公司股份，占公司总股本的30.00%，要约价格为18.00元/股。公告显示，收购人山南锑金为兴业银锡的全资子公司，本次要约收购所需最高资金总额为14.07亿元，收购人拟于公告后的两个交易日内，将7.04亿元（相当于要约收购所需最高资金总额的50%）存入中登公司指定的银行账户，作为本次要约收购的履约保证金。要约收购完成后，山南锑金将最多持有公司30%股份，取得公司控制权。资料显示，兴业银锡总部设立于中国内蒙古自治区赤峰市，拥有中国内蒙古白音查干和双尖子山两个世界级银锡矿床、摩洛哥Achmmach超大型锡矿床以及印度尼西亚多个大型铜金矿床。*ST威领成立于1994年，于2012年成功在深圳证券交易所A股上市，主要以新能源锂电材料产业链为主体，主要包括锂矿选矿、基础性锂电原料锂盐加工及冶炼业务；钨锡铅锌矿的开采及销售业务。业绩方面，2025年，*ST威领营业收入为3.2亿元，同比下降39.9%；归母净利润自上年同期亏损3.08亿元变为亏损4.15亿元，亏损额进一步扩大；扣非归母净利润自上年同期亏损3.22亿元变为亏损3.02亿元，亏损额有所减少。2026年上半年，*ST威领实现营业收入2.72亿元，同比上升219.51%；归属于上市公司股东的净利润-1959.03万元，同比下滑1884.77%；基本每股收益-0.0752元，同比下滑1734.78%。文章来源：电池网扫码加入中国储能行业通讯录免责声明：本公众号文章版权归原作者及原出处所有 。内容为作者个人观点， 并不代表本公众号赞同其观点和对其真实性负责。本公众号并不用于商业目的，如有涉及侵权等，请及时告知，我们会尽快处理。本公众号拥有对此声明的最终解释权。,,,,pending
特斯拉官网更新：中国被移出FSD可使用地区,储能前沿,储能前沿,"RIOnews API, 储能, 海外",normal,2026-08-23T15:00:00+08:00,,"8月21日，特斯拉北美官网悄然更新了全自动驾驶（FSD）受监控模式（FSD Supervised）的全球可用地区清单。最新名单显示，全球目前仅有12个地区开放该功能，分别为美国、加拿大、墨西哥、波多黎各、澳大利亚、新西兰、韩国、荷兰、立陶宛、爱沙尼亚、丹麦、比利时——中国市场未出现在此次公示的可用范围内。今年5月21日，特斯拉官方账号在X平台高调宣布，监督版FSD正式在包括中国在内的10个国家/地区上线，彼时中国赫然在列。5月23日，特斯拉中国官网同步完成功能命名调整，原""FSD""""完全自动驾驶能力""等表述被移除，正式启用中文名称""特斯拉辅助驾驶""，定价维持6.4万元一次性买断模式，以响应国内",http://mp.weixin.qq.com/s?__biz=Mzg3MjY1NTkxNg==&mid=2247601053&idx=4&sn=54ca909793be8614180cc06e70ea4128,,"8月21日，特斯拉北美官网悄然更新了全自动驾驶（FSD）受监控模式（FSD Supervised）的全球可用地区清单。最新名单显示，全球目前仅有12个地区开放该功能，分别为美国、加拿大、墨西哥、波多黎各、澳大利亚、新西兰、韩国、荷兰、立陶宛、爱沙尼亚、丹麦、比利时——中国市场未出现在此次公示的可用范围内。今年5月21日，特斯拉官方账号在X平台高调宣布，监督版FSD正式在包括中国在内的10个国家/地区上线，彼时中国赫然在列。5月23日，特斯拉中国官网同步完成功能命名调整，原""FSD""""完全自动驾驶能力""等表述被移除，正式启用中文名称""特斯拉辅助驾驶""，定价维持6.4万元一次性买断模式，以响应国内","8月21日，特斯拉北美官网悄然更新了全自动驾驶（FSD）受监控模式（FSD Supervised）的全球可用地区清单。最新名单显示，全球目前仅有12个地区开放该功能，分别为美国、加拿大、墨西哥、波多黎各、澳大利亚、新西兰、韩国、荷兰、立陶宛、爱沙尼亚、丹麦、比利时——中国市场未出现在此次公示的可用范围内。今年5月21日，特斯拉官方账号在X平台高调宣布，监督版FSD正式在包括中国在内的10个国家/地区上线，彼时中国赫然在列。5月23日，特斯拉中国官网同步完成功能命名调整，原""FSD""""完全自动驾驶能力""等表述被移除，正式启用中文名称""特斯拉辅助驾驶""，定价维持6.4万元一次性买断模式，以响应国内监管要求——2026年2月工信部与市场监管总局联合规定，L2级辅助驾驶系统不得使用""自动驾驶""等误导性词汇。然而仅过去三个月，随着此次官网名单调整，中国被移出FSD受监控模式的可用地区列表。特斯拉官网在更新名单时附有明确说明：""如果特斯拉汽车已在你的国家/地区销售，但FSD（监督版）尚未上线，这可能是因为你的国家/地区要求该功能必须获得当地监管机构的明确批准。""这意味着，本次调整本质上是特斯拉海外官网对已获批市场的口径收敛。FSD若要正式进入中国市场，仍须通过国内全部必要的法规审查与准入流程。截至目前，该功能暂无明确的国内全量上线时间表。扫码加入中国储能行业通讯录免责声明：本公众号文章版权归原作者及原出处所有 。内容为作者个人观点， 并不代表本公众号赞同其观点和对其真实性负责。本公众号并不用于商业目的，如有涉及侵权等，请及时告知，我们会尽快处理。本公众号拥有对此声明的最终解释权。",,,,pending
昆仑新材冲刺港交所上市！,储能前沿,储能前沿,"RIOnews API, 储能, 储能系统, 电解液, 排名, 亏损, 上市",normal,2026-08-23T15:00:00+08:00,,据港交所8月21日披露，昆仑新能源材料技术（宜昌）股份有限公司向港交所主板递交上市申请书，中信建投国际、平安证券（香港）为其联席保荐人。昆仑新能源曾在2023年6月向深交所递交招股书，但2024年3月撤回了上市申请，最终转道港交所，寻求在香港上市。今年1月，公司向港交所递交过上市申请。昆仑新能源成立于2004年，是中国最早研发及生产锂离子动力电池电解液的技术企业之一。昆仑新能源的客户群体涵盖动力电池、储能系统电池、消费电子电池及新兴应用场景领域的企业。根据弗若斯特沙利文的资料，按电解液收入计，昆仑新材于2025年在全球电解液供货商中排名第三，市场占有率为3.6%。收入方面，2023年、2024,http://mp.weixin.qq.com/s?__biz=Mzg3MjY1NTkxNg==&mid=2247601053&idx=2&sn=841a098ab3da4b97794ffe63c3a0ff7b,,据港交所8月21日披露，昆仑新能源材料技术（宜昌）股份有限公司向港交所主板递交上市申请书，中信建投国际、平安证券（香港）为其联席保荐人。昆仑新能源曾在2023年6月向深交所递交招股书，但2024年3月撤回了上市申请，最终转道港交所，寻求在香港上市。今年1月，公司向港交所递交过上市申请。昆仑新能源成立于2004年，是中国最早研发及生产锂离子动力电池电解液的技术企业之一。昆仑新能源的客户群体涵盖动力电池、储能系统电池、消费电子电池及新兴应用场景领域的企业。根据弗若斯特沙利文的资料，按电解液收入计，昆仑新材于2025年在全球电解液供货商中排名第三，市场占有率为3.6%。收入方面，2023年、2024,据港交所8月21日披露，昆仑新能源材料技术（宜昌）股份有限公司向港交所主板递交上市申请书，中信建投国际、平安证券（香港）为其联席保荐人。昆仑新能源曾在2023年6月向深交所递交招股书，但2024年3月撤回了上市申请，最终转道港交所，寻求在香港上市。今年1月，公司向港交所递交过上市申请。昆仑新能源成立于2004年，是中国最早研发及生产锂离子动力电池电解液的技术企业之一。昆仑新能源的客户群体涵盖动力电池、储能系统电池、消费电子电池及新兴应用场景领域的企业。根据弗若斯特沙利文的资料，按电解液收入计，昆仑新材于2025年在全球电解液供货商中排名第三，市场占有率为3.6%。收入方面，2023年、2024年、2025年、2026年上半年，昆仑新材收入分别约为15.77亿元、10.21亿元、17.46亿元、19.72亿元人民币；利润分别为8616.8万元、-2760.9万元、3606.2万元、1.48亿元人民币。截至2025年9月30日，昆仑新能源在河北省香河县及浙江省湖州市建立了两个研发基地，设有四个专业研发中心，分别专注于合成、电解液配方、工艺开发以及技术研究。招股书显示，昆仑新能源2023年、2024年、2025年营收分别为15.77亿元、10.2亿元、17.46亿元；毛利分别为1.73亿、4484万、1.64亿；期内利润分别为8617万、-2761万元、3606万元；昆仑新能源2026年上半年营收为19.72亿，较上年同期的6.37亿增长210%；毛利为2.8亿元，期内利润为1.48亿元，上年同期为亏损。扫码加入中国储能行业通讯录免责声明：本公众号文章版权归原作者及原出处所有 。内容为作者个人观点， 并不代表本公众号赞同其观点和对其真实性负责。本公众号并不用于商业目的，如有涉及侵权等，请及时告知，我们会尽快处理。本公众号拥有对此声明的最终解释权。,,,,pending
精准引流！《储能前沿》广告位火热招商中！,储能前沿,储能前沿,"RIOnews API, 储能, 政策, 发布, 新产品",normal,2026-08-23T15:00:00+08:00,,大数据时代，什么东西越来越值钱？流量！同质化竞争，什么东西能深入人心？品牌！如何获得这些？公众号！互联网的蓬勃发展，为人们带来各种各样的信息获取渠道。其中，微信公众号和视频号依托微信这一无可替代的社交工具，媒体地位尤为重要！公众号简介储能前沿：聚焦新型储能前沿，助力双碳目标达成，汇集储能资讯、行情、政策、技术最新动态，为您提供一站式服务体验。储能前沿为北京国化新材料技术研究院运营的传播信息、启发思维的新媒体！目前公众号活跃粉丝数达17000+，头条平均阅读量600+，是国内储能领域，极具传播力、影响力的媒体公众号之一。公众号受众群体广泛，直达核心客群。关注人员群体针对性较强，多为企业领导、核心,http://mp.weixin.qq.com/s?__biz=Mzg3MjY1NTkxNg==&mid=2247601053&idx=3&sn=ed011bf158f7d24d3bced63ec563e81d,,大数据时代，什么东西越来越值钱？流量！同质化竞争，什么东西能深入人心？品牌！如何获得这些？公众号！互联网的蓬勃发展，为人们带来各种各样的信息获取渠道。其中，微信公众号和视频号依托微信这一无可替代的社交工具，媒体地位尤为重要！公众号简介储能前沿：聚焦新型储能前沿，助力双碳目标达成，汇集储能资讯、行情、政策、技术最新动态，为您提供一站式服务体验。储能前沿为北京国化新材料技术研究院运营的传播信息、启发思维的新媒体！目前公众号活跃粉丝数达17000+，头条平均阅读量600+，是国内储能领域，极具传播力、影响力的媒体公众号之一。公众号受众群体广泛，直达核心客群。关注人员群体针对性较强，多为企业领导、核心,大数据时代，什么东西越来越值钱？流量！同质化竞争，什么东西能深入人心？品牌！如何获得这些？公众号！互联网的蓬勃发展，为人们带来各种各样的信息获取渠道。其中，微信公众号和视频号依托微信这一无可替代的社交工具，媒体地位尤为重要！公众号简介储能前沿：聚焦新型储能前沿，助力双碳目标达成，汇集储能资讯、行情、政策、技术最新动态，为您提供一站式服务体验。储能前沿为北京国化新材料技术研究院运营的传播信息、启发思维的新媒体！目前公众号活跃粉丝数达17000+，头条平均阅读量600+，是国内储能领域，极具传播力、影响力的媒体公众号之一。公众号受众群体广泛，直达核心客群。关注人员群体针对性较强，多为企业领导、核心技术人员以及专业销售人员。公众号专业爆款类文章，在各大媒体号、朋友圈、专业网站等媒体渠道内广泛传播，关注度高。平台全面覆盖储能行业上下游，日均更新5-6条行业前沿动态。目标人群可在随时随地阅览平台推送的信息，为各大有推广需求的企业提供更大的品牌宣传平台。随着移动互联网的发展，微信市场整体发展将会更加迅速！广告合作类型投放形式：图片形式、软文形式（非头条）、视频、软文+图片形式结合，可定制套餐，如下表：图片广告顶部、文中、文末片插入式广告，由企业提供宣传图片或素材。Banner广告投放拥有超高性价比，通过强视觉冲击的设计方案，能够迅速将广告主推广产品的核心卖点传递给其目标客户，诱导点击，提升转化，抓取流量，实现流量变现。软文推广企业提供企业宣传、产品简介、活动新闻、新产品发布等素材，以文章形式进行宣传推广。 视频推广视频宣传流量大、传播性广！更多服务，欢迎咨询定制！！！联系人：洪经理 *********** 周经理 *********** END扫码加入中国储能行业通讯录①扫码加入【储能前沿】行业交流群~ ②了解更多资讯添加小编~免责声明：本公众号文章版权归原作者及原出处所有 。内容为作者个人观点， 并不代表本公众号赞同其观点和对其真实性负责。本公众号并不用于商业目的，如有涉及侵权等，请及时告知，我们会尽快处理。本公众号拥有对此声明的最终解释权。大数据时代，什么东西越来越值钱？流量！同质化竞争，什么东西能深入人心？品牌！如何获得这些？公众号！,,,,pending
鲁东地区单体规模最大电化学储能项目奠基！,储能前沿,储能前沿,"RIOnews API, 磷酸铁锂, 铁锂, 储能, 储能系统, 独立储能",normal,2026-08-23T15:00:00+08:00,,据“中建八局发展建设公司”消息，8月18日，由中建八局发展建设公司承建的山东烟台蓬莱经济技术开发区400MW/800MWh电化学储能项目举行奠基仪式。据介绍，该项目位于山东省烟台市蓬莱经济技术开发区新港街道，总建筑面积2048.49平方米，独立储能电站项目建设规模为400MW/800MWh，为独立共享储能项目。项目以磷酸铁锂预制舱储能系统为核心，集成35kV高压汇集、220kV和GIS升压变电、跟网型能量管理、多级消防安防、调度自动化、智慧运维技术。作为落实国家能源转型战略的重点实践载体，项目建成投运后，将成为鲁东地区目前单体规模最大的电化学储能项目，将有力支撑山东电网调峰运行，大幅提升区域新,http://mp.weixin.qq.com/s?__biz=Mzg3MjY1NTkxNg==&mid=2247601053&idx=5&sn=2e4d3566037b798072d5ad32289f4131,,据“中建八局发展建设公司”消息，8月18日，由中建八局发展建设公司承建的山东烟台蓬莱经济技术开发区400MW/800MWh电化学储能项目举行奠基仪式。据介绍，该项目位于山东省烟台市蓬莱经济技术开发区新港街道，总建筑面积2048.49平方米，独立储能电站项目建设规模为400MW/800MWh，为独立共享储能项目。项目以磷酸铁锂预制舱储能系统为核心，集成35kV高压汇集、220kV和GIS升压变电、跟网型能量管理、多级消防安防、调度自动化、智慧运维技术。作为落实国家能源转型战略的重点实践载体，项目建成投运后，将成为鲁东地区目前单体规模最大的电化学储能项目，将有力支撑山东电网调峰运行，大幅提升区域新,据“中建八局发展建设公司”消息，8月18日，由中建八局发展建设公司承建的山东烟台蓬莱经济技术开发区400MW/800MWh电化学储能项目举行奠基仪式。据介绍，该项目位于山东省烟台市蓬莱经济技术开发区新港街道，总建筑面积2048.49平方米，独立储能电站项目建设规模为400MW/800MWh，为独立共享储能项目。项目以磷酸铁锂预制舱储能系统为核心，集成35kV高压汇集、220kV和GIS升压变电、跟网型能量管理、多级消防安防、调度自动化、智慧运维技术。作为落实国家能源转型战略的重点实践载体，项目建成投运后，将成为鲁东地区目前单体规模最大的电化学储能项目，将有力支撑山东电网调峰运行，大幅提升区域新能源消纳水平，为区域独立共享储能工程提供实践样本。扫码加入中国储能行业通讯录免责声明：本公众号文章版权归原作者及原出处所有 。内容为作者个人观点， 并不代表本公众号赞同其观点和对其真实性负责。本公众号并不用于商业目的，如有涉及侵权等，请及时告知，我们会尽快处理。本公众号拥有对此声明的最终解释权。,,,,pending
户储大会丨Zoho重点支持2026起点户储电池生态大会8.28深圳举办！,起点锂电,起点锂电,"RIOnews API, 储能, 户储, 出货, 出货量, GWh, 投资, 出海, 本地化, 发布, 安全认证, 认证, 落地",normal,2026-08-23T14:52:20+08:00,,2026年全球户用储能行业进入高速发展的黄金周期，在全球能源转型加速、电价持续高企、能源安全需求全面升级的多重核心驱动下，户储市场规模呈现爆发式增长态势，根据SPIR数据，2026上半年全球户储电池出货量61GWh，同比增长206%，预计全年出货量将超135GWh。起点锂电、起点储能作为新能源电池行业权威产业服务平台，长期深耕锂电与储能全产业链，聚焦户储电池技术创新、产业生态协同、供应链全球化与出海落地核心赛道，发起举办2026起点户储电池生态大会暨全球户储电池TOP排行榜发布会，2026年8月28日将于深圳宝安登喜路国际酒店2楼国际厅正式举办。大会将邀请全球户储电池产业链核心企业、顶尖技术专,http://mp.weixin.qq.com/s?__biz=MzI1MjEyODg2Mg==&mid=2649798610&idx=1&sn=71ad5e3e316027c7d29adad99cea8ab8,,2026年全球户用储能行业进入高速发展的黄金周期，在全球能源转型加速、电价持续高企、能源安全需求全面升级的多重核心驱动下，户储市场规模呈现爆发式增长态势，根据SPIR数据，2026上半年全球户储电池出货量61GWh，同比增长206%，预计全年出货量将超135GWh。起点锂电、起点储能作为新能源电池行业权威产业服务平台，长期深耕锂电与储能全产业链，聚焦户储电池技术创新、产业生态协同、供应链全球化与出海落地核心赛道，发起举办2026起点户储电池生态大会暨全球户储电池TOP排行榜发布会，2026年8月28日将于深圳宝安登喜路国际酒店2楼国际厅正式举办。大会将邀请全球户储电池产业链核心企业、顶尖技术专,2026年全球户用储能行业进入高速发展的黄金周期，在全球能源转型加速、电价持续高企、能源安全需求全面升级的多重核心驱动下，户储市场规模呈现爆发式增长态势，根据SPIR数据，2026上半年全球户储电池出货量61GWh，同比增长206%，预计全年出货量将超135GWh。起点锂电、起点储能作为新能源电池行业权威产业服务平台，长期深耕锂电与储能全产业链，聚焦户储电池技术创新、产业生态协同、供应链全球化与出海落地核心赛道，发起举办2026起点户储电池生态大会暨全球户储电池TOP排行榜发布会，2026年8月28日将于深圳宝安登喜路国际酒店2楼国际厅正式举办。大会将邀请全球户储电池产业链核心企业、顶尖技术专家、行业决策者与投资机构，搭建技术交流、产业对接、资源协同的高端行业平台，深度探讨户储电池技术迭代方向、产业生态构建路径、供应链安全与出海全球化策略，推动全球户储电池产业高质量、可持续发展，助力全球能源转型进程。经活动组委会确认，Zoho作为金牌赞助商重点支持2026起点户储电池生态大会暨全球户储电池TOP排行榜发布会举办，同期Zoho 解决方案顾问 郭鹏 将做主题分享：从本土到全球：CRM在企业国际化过程中的应用。企业简介Zoho公司服务全球150+国家和地区，活跃用户超1.5亿，拥有18座自建数据中心。Zoho 深耕行业30年，CRM连续14年入选Gartner销售自动化魔力象限，构建了覆盖营销、销售、客服、数据分析、低代码在内的60+产品生态。目前Zoho已服务大量出海制造、新能源及外贸企业，帮助客户搭建从本土运营到全球化管理的完整链路。当前，不少企业出海数字化建设过程中出现日益严重的“信息孤岛”现象，数据利用率低、业务流程断层、业务系统繁杂、管控流程分散、业务处理效率低等逐渐成为企业出海发展的痛点。针对制造企业出海困境，Zoho帮助企业建立一体化营销服增长平台，在企业全球化进程中为其提供优秀的解决方案和落地的本地化服务。作为国际化企业的Zoho，在全球20多个国家和地区设有分支机构，设立18座自建数据中心，获得GDPR、CCPA等全球范围内的安全认证，为制造企业出海提供多语言、多币种、多时区的国际化支持。起点户储电池交流群—码上入群8月28日，中国深圳，不见不散！,,,,pending
大连理工大学AM：仿沙堡蠕虫造出“水下万能胶”：干态粘合超6.5 MPa，可止血、堵漏、防火,高分子科学前沿,高分子科学前沿,"RIOnews API, 聚合物新材料, 凝胶, 产品发布, 全新, 展出, 学术研究, 大学, 教授",normal,2026-08-23T14:50:25+08:00,,水下粘合长期以来面临一个核心矛盾：界面水（interfacial water）的存在既阻碍了粘合剂与基底的分子级接触，又会在长期浸泡中引发塑化、溶胀和水解降解，最终导致粘接失效。受此困扰，现有水下粘合剂或依赖复杂的化学合成，或需要外部刺激（如紫外光、pH变化、加热）才能实现固化，且粘合强度与稳定性往往难以兼顾。自然界中的沙堡蠕虫（sandcastle worm）却能在汹涌的潮间带将沙粒和贝壳碎片粘合成坚固的管状巢穴，其水泥的粘合强度可达350 kPa。这一奇迹的秘诀在于一种“有机-无机分步组装”策略：蠕虫分泌富含多巴（DOPA）的酸性凝聚层液滴，在海水pH触发下发生相转变，同时借助金属-多磷酸,http://mp.weixin.qq.com/s?__biz=MzA5NjM5NzA5OA==&mid=2652071616&idx=4&sn=139ce2eeaa254972bb2442cd10c6935d,,水下粘合长期以来面临一个核心矛盾：界面水（interfacial water）的存在既阻碍了粘合剂与基底的分子级接触，又会在长期浸泡中引发塑化、溶胀和水解降解，最终导致粘接失效。受此困扰，现有水下粘合剂或依赖复杂的化学合成，或需要外部刺激（如紫外光、pH变化、加热）才能实现固化，且粘合强度与稳定性往往难以兼顾。自然界中的沙堡蠕虫（sandcastle worm）却能在汹涌的潮间带将沙粒和贝壳碎片粘合成坚固的管状巢穴，其水泥的粘合强度可达350 kPa。这一奇迹的秘诀在于一种“有机-无机分步组装”策略：蠕虫分泌富含多巴（DOPA）的酸性凝聚层液滴，在海水pH触发下发生相转变，同时借助金属-多磷酸,"水下粘合长期以来面临一个核心矛盾：界面水（interfacial water）的存在既阻碍了粘合剂与基底的分子级接触，又会在长期浸泡中引发塑化、溶胀和水解降解，最终导致粘接失效。受此困扰，现有水下粘合剂或依赖复杂的化学合成，或需要外部刺激（如紫外光、pH变化、加热）才能实现固化，且粘合强度与稳定性往往难以兼顾。自然界中的沙堡蠕虫（sandcastle worm）却能在汹涌的潮间带将沙粒和贝壳碎片粘合成坚固的管状巢穴，其水泥的粘合强度可达350 kPa。这一奇迹的秘诀在于一种“有机-无机分步组装”策略：蠕虫分泌富含多巴（DOPA）的酸性凝聚层液滴，在海水pH触发下发生相转变，同时借助金属-多磷酸盐配位和酶催化氧化交联，最终形成高强度有机-无机复合水泥。如何在不依赖外部触发剂的条件下人工复现这一过程，成为仿生粘合剂领域的重要挑战。近日，大连理工大学王华楠教授团队基于液-液相分离（liquid–liquid phase separation, LLPS）和自催化网络增强机制，开发出一种名为TPL（单宁酸/聚乙二醇/锂皂石）的复合水下粘合剂。该材料不仅能够有效排开界面水、自适应贴合不规则湿表面，还可在无外界刺激下自发完成从动态软凝胶到高强固体的转变，干态粘合强度达6.76 MPa，水下粘合强度达498 kPa，并兼具抗菌、阻燃、防腐蚀和可重复粘接等多重功能。相关论文以“Sandcastle Worm Cement-Mimicking Underwater Adhesives via Liquid–Liquid Phase Separation and Auto-Catalyzed Network Strengthening”为题，发表在Advanced Materials上。示意图1.(A) 沙堡蠕虫（Phragmatopoma californica）的有机-无机分步组装策略示意图，展示其分泌富含DOPA的酸性凝聚层颗粒，在海水中通过金属-多磷酸盐配位和酪氨酸酶驱动的DOPA-醌交联而快速固化。(B) TPL复合粘合剂的设计策略，通过TA/PEG液-液相分离形成粘性凝聚层，引入锂皂石作为增强填料和催化剂，触发多酚氧化以实现网络增强和水下粘合。LLPS驱动：从分子组装到粘性凝聚层研究团队首先构建了TA/PEG二元凝聚层体系。单宁酸（TA）富含没食子酰基，可提供多价氢键位点，类似于沙堡蠕虫粘附蛋白中的DOPA；聚乙二醇（PEG）则作为氢键受体，其分子量可调，便于调控凝聚层的粘弹性。当两者混合时，氢键和疏水相互作用驱动液-液相分离，形成富含TA/PEG的微液滴（图1a）。通过离心压实，这些微液滴进一步聚并为致密的、不溶于水的粘性流体——TA/PEG凝聚层（图1b）。研究提出三步形成机制：TA-PEG结合、自发液-液相分离、离心诱导凝聚（图1c）。等温滴定量热法（ITC）证实TA与PEG的结合是焓-熵协同驱动的自发过程（图1d），傅里叶红外光谱（FTIR）确认氢键是主要作用力（图1e），而Tween-20破坏实验则表明疏水缔合同样参与了组装过程（图1f）。水接触角测量显示凝聚层形成后表面疏水性增加（图1g）。PEG分子量从2 kDa增至20 kDa时，结合亲和力显著增强（图1h），凝聚层产率由81.14%提升至88.84%，粘弹性也随分子量增加而提高（图1j）。搭接剪切测试进一步表明，基于20 kDa PEG的凝聚层表现出最高的粘合强度（图1k），因此被选为后续研究的基质。图1.TA/PEG凝聚层的制备与表征。(a) 共聚焦显微镜图像显示TA/PEG在液-液相分离过程中形成的微液滴形态。(b) TA/PEG凝聚层在去离子水中24小时后仍能拉伸成连续细丝而不断裂，证明其结构完整性。(c) TA/PEG凝聚层三步形成机制示意图：TA-PEG结合、自发液-液相分离、离心诱导凝聚。(d) 等温滴定量热法（ITC）显示TA滴定至PEG溶液中的热力学参数，证实自发结合（ΔG“一石二鸟”：锂皂石赋予自固化能力与力学增强单纯的TA/PEG凝聚层缺乏自固化能力，在720分钟内模量几乎不变且G″始终高于G′。研究团队巧妙引入锂皂石（Laponite RD）纳米粘土，期望其既作为物理增强骨架，又利用其弱碱性催化单宁酸的多酚氧化交联（图2a）。随着锂皂石含量从0.1 g/mL增至0.3 g/mL，时间扫描流变测试显示凝胶化时间（tg）从约323分钟急剧缩短至约50分钟，G′最终超过G″，证实了自固化网络的建立（图2b）。压缩测试表明，TPL-0.2具有最高的峰值应力（约5.43 MPa）和压缩韧性（约986.27 kJ/m³）（图2c-d），而TPL-0.3虽模量更高，但脆性增大。搭接剪切测试中，TPL-0.2同样展现出最高的粘合强度（3.72 ± 0.23 MPa）和脱粘能（1.76 ± 0.12 kJ/m²）（图2e-f），表明中等含量锂皂石可建立最佳的交联密度和网络拓扑结构，兼顾强度与变形能力。进一步对TPL-0.2进行时间分辨表征发现：新鲜制备的凝胶具有显著剪切变稀行为（图2g），自愈合测试显示G′在破坏性剪切后恢复率超过100%（图2h），可进行3D打印直写（图2i）和模具成型（图2j）。在0至150分钟固化过程中，频率扫描显示G′和G″均随固化时间显著增加（图2k），蠕变残余应变从91.8%降至18.1%（图2l），材料完成了从粘塑性流体到粘弹性固体的转变。经240小时固化后，压缩弹性模量达205.94 MPa（图2m），搭接剪切强度达6.76 MPa（图2n）——这一数值远超现有凝聚层基粘合剂，甚至可与环氧树脂等商用胶粘剂相媲美。演示实验中，直径约2 cm的TPL-0.2圆柱体在固化72小时后可承受1785 kg车辆碾压而不变形（图2o）；仅16 cm²粘接面积的钢制夹具在固化12小时后即可吊起90 kg成年人（图2p）。与现有粘合剂的干态粘合强度对比显示，TPL具有显著优势（图2q）。图2.TPL复合凝胶的制备与表征。(a) 锂皂石加入TA/PEG凝聚层后的混合与自固化过程示意图，展示多价氢键、TA-TA疏水缔合和粘土介导桥接等关键相互作用。(b) TA/PEG凝聚层及TPL-0.1/0.2/0.3混合物在流变时间扫描中G′（实心符号）和G″（空心符号）的演变。(c) TPL-0.1/0.2/0.3复合凝胶的压缩应力-应变曲线。(d) 基于压缩应力-应变曲线计算的压缩韧性。(e) TPL-0.1/0.2/0.3复合凝胶的搭接剪切粘合强度-位移曲线。(f) 基于剪切粘合强度-位移曲线计算的脱粘功。(g) TPL-0.2复合凝胶的剪切变稀行为，插图示其可变形性。(h) TPL-0.2复合凝胶在0和30分钟自固化后的自愈合行为，展示破坏性剪切（0.5%至100%应变）和恢复循环中G′和G″的演变。(i) TPL-0.2复合凝胶作为3D打印墨水，展示可注射性和形状保真度。(j) TPL-0.2复合凝胶的可模塑性。(k) TPL-0.2复合凝胶在不同固化时间（0-150分钟）的振荡频率扫描分析，揭示粘弹性演变。(l) TPL-0.2复合凝胶在不同固化时间的蠕变-恢复分析，揭示结构稳定性演变。(m) TPL-0.2复合凝胶在不同固化时间的压缩应力-应变行为。(n) TPL-0.2复合凝胶在不同固化时间的搭接剪切粘合强度-位移曲线。(o) TPL-0.2复合凝胶固化72小时后的抗变形能力，可承受1785 kg车辆碾压而保持初始圆柱形状。(p) TPL-0.2复合凝胶固化12小时后的粘合性能，粘接16 cm²钢制夹具可吊起90 kg成年人。(q) 现有粘合剂的最高干态粘合强度对比。 微观机制解析：渗透网络与氧化交联协同增强为揭示TPL力学性能的微观起源，研究团队利用X射线显微计算机断层扫描（micro-CT）对三种配方进行了三维结构重建。Micro-CT三维重建图清晰展示了锂皂石相（蓝色）、TA/PEG基体（黄色）和孔隙（红色）的分布（图3a）。三相体积分数定量显示，TPL-0.1中锂皂石相仅占8.7%，而TPL-0.2和TPL-0.3分别增至15.9%和21.7%，同时基体分数相应下降，TPL-0.3的孔隙率（3.98%）显著高于TPL-0.2（1.73%）（图3b）。三维连通组件分析表明，TPL-0.1中锂皂石仅以孤立小团簇存在，而TPL-0.2和TPL-0.3均发展出近乎贯穿整个体积的最大连通组件（图3c），证明形成了完全渗透的无机骨架。孔隙结构分析进一步确认TPL-0.3中孔隙更大、更集中（图3d）。扫描电镜（SEM）图像显示TPL-0.1中孔隙为孤立空腔，TPL-0.3则出现致密粘土团簇旁的大孔，表明过量粘土导致结构缺陷（图3e-g）。原子力显微镜（AFM）高度图和DMT模量图表明，TPL-0.2表面最光滑（Ra=52.6 nm），模量分布呈现约55-65 GPa的次级峰，有利于载荷传递和能量耗散；而TPL-0.3则出现高模量刚性团簇聚集（图3h-j）。更为关键的是，研究证实了锂皂石对多酚氧化的催化作用（图3k）。TA与锂皂石共孵育时，溶液由淡黄变为深棕色（图3l），pH从5.9升至约6.5（图3m），紫外-可见光谱中320-330 nm处吸收带随时间单调增强（图3n），而纯TA几乎无变化——这正是酚羟基氧化为醌类物种的典型特征。X射线光电子能谱（XPS）定量证实TA-Laponite混合物中O 1s谱的C=O组分从25.26%增至36.18%（图3o），C 1s谱的C=O组分从16.49%增至26.32%（图3p）。值得注意的是，Mg 1s峰向低结合能位移（从1303.95 eV至1301.56 eV）（图3q），Mg KLL峰向高动能位移（从1180.10 eV至1180.65 eV）（图3r），Auger参数α′降低1.84 eV，直接证明了TA的酚酸根与锂皂石表面Mg(II)位点发生了配位。引入还原型谷胱甘肽（GSH）抑制氧化后，TPL-0.2的G′增长、压缩模量和粘合强度的时效增强均被显著削弱，确证了锂皂石的双重作用：即时物理增强与催化氧化交联驱动的持续网络致密化。图3. TPL复合凝胶的多尺度结构表征及锂皂石促进TA氧化机制。(a) TPL-0.1/0.2/0.3的X射线显微CT三维重建图，蓝色为锂皂石相，黄色为TA/PEG基体，红色为孔隙。(b) 三相体积分数定量统计。(c) 三维连通组件（CC）分析，按体积对数分箱并颜色编码，展示锂皂石相的连通性演变。(d) 孔隙结构的三维重建与孔径分布分析。(e-g) TPL-0.1/0.2/0.3的扫描电镜（SEM）图像。(h-j) 原子力显微镜（AFM）高度图和DMT模量图（30×30 μm²区域）。(k) 锂皂石促进TA氧化的机理示意图：锂皂石表面碱性位点和Mg Lewis酸中心促进没食子酰酚的脱质子化/活化及O₂介导氧化为醌类物种和交联。(l) TA溶液与TA-Laponite混合物在0-72小时内的颜色演变照片。(m) 共孵育过程中pH的时间依赖性演变。(n) TA和TA-Laponite的紫外-可见光谱时间演变（0-72小时）。(o) TA-Laponite共孵育混合物与纯TA的O 1s高分辨XPS谱图。(p) C 1s高分辨XPS谱图。(q) TA-Laponite共孵育混合物与纯Laponite的Mg 1s高分辨XPS谱图。(r) Mg KLL俄歇谱图。水下粘合：排开水膜、自适应贴合、机械互锁三位一体研究团队系统评估了TPL-0.2的水下粘合性能。新鲜制备的凝胶可在水下于PDMS基底书写出“DLUT”图案，拉伸时图案不脱落（图4a）；注入微结构化PDMS表面后，凝胶能形成共形接触（图4b）；两个新鲜切口的水下凝胶接触后可自愈合为连续整体并承受拉伸（图4c）。循环粘接测试表明，经50次重复粘接-脱粘，水下粘合强度反而稳步上升（图4d）。新鲜制备的粘合剂可瞬间水下吊起1 kg不锈钢砝码（图4e）。搭接剪切测试显示，水下固化72小时后粘合强度达498.42 ± 42.28 kPa（图4f），且50天浸泡后强度仍维持在451.95 ± 30.75 kPa，质量溶胀率低于5%（图4g）。爆破压力测试表明，固化90分钟后材料可承受约598 mmHg的压力，相当于约8.1米水深的静水压（图4h）。该粘合剂对钢、橡胶、玻璃、陶瓷、聚四氟乙烯、木材等多种基材均表现出超过400 kPa的水下粘合强度（图4i），在海水中、pH 3和pH 8缓冲液、植物油及乙醇中同样保持优异粘合（图4j）。共聚焦显微镜观察到，Rhodamine B标记的TPL粘合剂注入含FITC荧光素的水中后，粘合剂-玻璃界面处FITC被完全排开，证实了界面水的有效驱逐（图4k）。在具有79.3 μm和278.3 μm沟槽的粗糙表面上，水下粘合强度分别提升至549.32 kPa和653.71 kPa（图4l-m），脱粘后粘合剂表面和基底表面均清晰保留沟槽压印特征（图4n-o），表明流动态的TPL能够渗入表面纹理，固化后形成机械互锁。综合上述证据，研究提出TPL的四大水下粘合机制：排开界面水、多重界面键合、锂皂石增强网络、以及对粗糙表面的机械互锁（图4p）。与代表性可流动/形状自适应水下粘合系统的性能对比显示，TPL在强度、适应性、免触发固化和长期稳定性方面实现了罕见平衡（图4q）。图4.TPL粘合剂的水下粘合性能与机制。(a) 水下在PDMS上书写“DLUT”图案的照片，粘附材料在基底拉伸时仍保持附着。(b) TPL粘合剂注入纹理化PDMS表面（沟槽宽1 mm、深1 mm）并形成共形接触的照片。(c) TPL粘合剂水下自愈合演示，新鲜切开的黄色和蓝色样品接触后重新愈合为可拉伸的整体。(d) 循环粘接-脱粘拉伸测试中TPL粘合剂的水下粘合强度演变。(e) 新鲜制备的粘合剂瞬间水下吊起1 kg不锈钢砝码的照片。(f) TPL粘合剂在不同固化时间下的水下粘合强度-位移曲线（搭接剪切测试）。(g) TPL粘合剂在去离子水中长期浸泡下的水下粘合强度和质量溶胀比演变。(h) 不同固化时间下TPL粘合剂的爆破压力测试结果。(i) TPL粘合剂对不同基材（钢、橡胶、玻璃、陶瓷、PTFE、木材）的水下粘合强度。(j) TPL粘合剂在不同介质（海水、pH 3缓冲液、pH 8缓冲液、植物油、乙醇）中的粘合强度。(k) 共聚焦显微镜显示Rhodamine B标记的TPL粘合剂（红色）排开FITC标记的水相（绿色），在粘合剂-玻璃界面实现直接接触。(l) 不同粗糙度基底上TPL粘合剂的水下粘合强度比较。(m) 粘合强度与基底沟槽深度的关系。(n-o) 脱粘后粘合剂表面和基底表面的沟槽压印特征。(p) TPL粘合剂的水下粘合机理示意图：排开界面水、共形接触、多重界面键合、锂皂石增强网络、机械互锁。(q) TPL粘合剂与代表性可流动/形状自适应水下粘合系统的关键性能对比雷达图。 可定制形态与多功能应用：从粉末止血到水下堵漏研究团队充分利用TPL在不同制备阶段的物态可调性，开发出粉末、涂层和油灰（putty）三种实用形态。粉末形式通过将均匀TA/PEG/Laponite悬浮液冷冻干燥获得，可储存于风箱式施药器中按压喷涂（图5a）。遇水后粉末颗粒迅速融合为连续体，SEM图像清晰展示了从离散颗粒到合并粘合剂的转变（图5b），再水化后的粘合强度与原位制备样品无显著差异（图5c）。将该粉末喷洒于湿沙表面，可防止水下土壤侵蚀并保护水生植被（图5d），24小时内即可将松散沙粒固结为可整体提起的块体（图5e）；应用于出血的猪心、猪肝及大鼠肝脏损伤模型，粉末可在2分钟内实现止血（图5f-g）。涂层形式通过将新鲜制备的粘合剂刷涂于木材表面获得（图5h），SEM显示涂层与木材界面形成交错接触（图5i）。抗菌实验表明，涂层对大肠杆菌和金黄色葡萄球菌的杀灭效率分别达~94%和~98%（20 mg/mL共孵育浓度）（图5j-k）。阻燃测试中，TPL涂覆木条经60秒直接火焰冲击后火焰移开即自熄，质量损失仅~2%，远低于无涂层样的~53%（图5l-m）。防腐测试中，部分涂覆TPL的铁片在1 M盐酸中30分钟后裸露半面严重点蚀，涂覆半面完好（图5n），12小时腐蚀质量损失率由~35%降至~4%（图5o）。油灰形式利用固化前类橡皮泥般的可塑性，可直接用于水下密封作业：在模型船底钻取~8 mm孔洞后以TPL油灰堵漏，修复后的船只高速航行中仍保持水密完整性（图5p-i）；在实验室水槽中模拟水下输油管道泄漏，将油灰直接按压于泄漏点即可瞬间止漏，阻断植物油外溢（图5p-ii）。图5.TPL粘合剂的可定制形态与多功能应用。(a) TPL粘合剂粉末可通过风箱式施药器挤压喷涂的照片。(b) 初始和再水化TPL粘合剂粉末的SEM图像（TA/PEG凝聚层和锂皂石相分别以黄色和蓝色伪彩标注）。(c) 再水化粉末粘合剂与原位制备粘合剂的水下粘合强度对比。(d) 利用TPL粘合剂粉末进行水下沙土固化的示意图。(e) TPL粘合剂粉末喷洒于湿沙表面并固化24小时后成功固结沙土的照片。(f) TPL粉末喷洒于出血组织（猪心和猪肝）上的稳定粘附演示，可承受组织变形和液体冲洗。(g) SD大鼠肝脏止血实验流程及照片，TPL粉末在2分钟内实现成功止血。(h) 新鲜制备的可流动TPL粘合剂像油漆一样刷涂于木板形成均匀涂层的照片。(i) TPL涂层在木材界面的SEM图像，展示交错接触。(j) TPL粘合剂处理后的细菌菌落光学图像（大肠杆菌和金黄色葡萄球菌与粘合剂共孵育12小时后涂板培养12小时）。(k) TPL涂层对不同浓度下大肠杆菌和金黄色葡萄球菌的杀菌效率定量分析。(l) 无涂层与TPL涂层木板在60秒火焰测试中的阻燃性能对比。(m) 火焰测试后无涂层与TPL涂层木板的质量损失对比。(n) 部分涂覆TPL的铁片在1 M盐酸中30分钟后的腐蚀对比（左：光学照片；右：SEM图像）。(o) 无涂层与TPL涂层铁片在1 M盐酸中12小时的腐蚀质量损失率对比。(p) TPL油灰形式的水下密封应用：(i) 模型船底钻孔后以TPL油灰堵漏，修复后船只高速航行中保持水密性；(ii) 水下输油管道泄漏点直接以TPL油灰按压止漏，完全阻断植物油外溢。总结与展望该研究成功复现了沙堡蠕虫的有机-无机分步组装策略，通过液-液相分离构建TA/PEG粘性凝聚层，并借助锂皂石“一石二鸟”实现物理增强与自催化氧化交联，使TPL材料在无外部触发条件下自发完成从可逆动态凝胶到高强固体的转变。这一设计理念解决了传统水下粘合剂长期面临的界面水干扰与内聚力不足的矛盾。TPL系统兼具高粘合强度、优异的水下稳定性、施工容错性、形态可定制性以及抗菌、阻燃、防腐等多功能性，在急性止血、土壤固化、水下基础设施修复等场景中展现出广阔应用前景。更重要的是，该工作为自驱动、低干预、无需外部设备的智能材料设计提供了全新范式，预示着未来工程材料将向“少人化、去外部化”方向演进，为仿生粘合剂的实用化开辟了明确路径。阅读原文受海洋生物启发，研究人员利用自催化网络增强策略，成功研制出集注射、喷涂、涂覆及可塑造型于一体的多功能水下粘合材料，其干态粘合强度高达6.76 MPa，水下粘合强度达498 kPa，并在止血、土壤固化和水下基础设施修复中展现出广阔应用前景。",,,,pending
燕山大学Science子刊：仅1分钟！快速制备超强韧高分子材料,高分子科学前沿,高分子科学前沿,"RIOnews API, 聚合物新材料, 凝胶, 学术研究, 大学, 教授",normal,2026-08-23T14:50:25+08:00,,高分子材料已在现代生活中不可或缺，然而，传统聚合物材料长期面临一个根本性难题：刚度、强度和韧性、延展性往往此消彼长，难以兼得。玻璃态塑料虽具有高刚度（约1 GPa）和较高断裂强度，但其分子链运动受限，通常韧性较差、延伸率低；而弹性体虽拉伸性优异、韧性出色，却往往刚度不足。这一“鱼与熊掌”式的性能冲突，严重制约了软体机器人、智能纺织品和人造肌肉等前沿领域对高性能材料的需求。如何通过简洁高效的制备工艺，实现刚度、强度和韧性的同步提升，成为高分子材料领域亟待突破的核心挑战。针对上述难题，燕山大学焦体峰教授、秦志辉副教授和天津大学李俊杰教授合作，提出了一项颠覆性策略：在高缠结柔性聚合物网络中引入具有构,http://mp.weixin.qq.com/s?__biz=MzA5NjM5NzA5OA==&mid=2652071616&idx=5&sn=06eec18e63ffa885e7ce175ae5887e8f,,高分子材料已在现代生活中不可或缺，然而，传统聚合物材料长期面临一个根本性难题：刚度、强度和韧性、延展性往往此消彼长，难以兼得。玻璃态塑料虽具有高刚度（约1 GPa）和较高断裂强度，但其分子链运动受限，通常韧性较差、延伸率低；而弹性体虽拉伸性优异、韧性出色，却往往刚度不足。这一“鱼与熊掌”式的性能冲突，严重制约了软体机器人、智能纺织品和人造肌肉等前沿领域对高性能材料的需求。如何通过简洁高效的制备工艺，实现刚度、强度和韧性的同步提升，成为高分子材料领域亟待突破的核心挑战。针对上述难题，燕山大学焦体峰教授、秦志辉副教授和天津大学李俊杰教授合作，提出了一项颠覆性策略：在高缠结柔性聚合物网络中引入具有构,"高分子材料已在现代生活中不可或缺，然而，传统聚合物材料长期面临一个根本性难题：刚度、强度和韧性、延展性往往此消彼长，难以兼得。玻璃态塑料虽具有高刚度（约1 GPa）和较高断裂强度，但其分子链运动受限，通常韧性较差、延伸率低；而弹性体虽拉伸性优异、韧性出色，却往往刚度不足。这一“鱼与熊掌”式的性能冲突，严重制约了软体机器人、智能纺织品和人造肌肉等前沿领域对高性能材料的需求。如何通过简洁高效的制备工艺，实现刚度、强度和韧性的同步提升，成为高分子材料领域亟待突破的核心挑战。针对上述难题，燕山大学焦体峰教授、秦志辉副教授和天津大学李俊杰教授合作，提出了一项颠覆性策略：在高缠结柔性聚合物网络中引入具有构象转变能力的高密度侧链氢键基元，通过丙烯酰胺类单体与羟基封端丙烯酸酯单体的光固化共聚，在1分钟内快速制备出兼具高刚度、超高韧性和优异拉伸性的高分子材料。相关论文以“Rapid fabrication of stretchable, ultratough, and rigid polymer materials”为题，发表在Science Advances上。该研究的关键创新在于分子网络结构的精妙设计（图1A）。研究团队选用廉价易得的丙烯酸-2-羟基乙酯（HEA）和丙烯酰胺（AAm）为共聚单体，加入少量光引发剂和交联剂，在365纳米紫外光照射下，约42秒即可完成凝胶化（图1B），所得聚合物材料被命名为P(HEA₄-co-AAm)（其中4表示HEA与AAm的摩尔比为4:1）。这种快速聚合得益于单体间的强氢键预组装、Trommsdorff凝胶效应以及聚合放热正反馈的协同作用。在力学性能方面，最优配比的P(HEA₄-co-AAm)材料展现出令人瞩目的综合指标（图2A、图2B）：杨氏模量达515.0±100.9 MPa，屈服强度57.8±1.8 MPa，断裂应变高达400.1±46.1%，韧性达到135.7±10.7 MJ/m³。一块厚2毫米、宽10毫米的样品即可稳定承受1公斤载荷而不发生弯曲（图1C）；条状样品可拉伸至原长的4.5倍以上而不断裂（图1D）。与现有高性能聚合物材料相比，该材料在制备时间上具有显著优势（图2C）。该材料还表现出优异的加热回复能力——拉伸至原长3倍的样品在70℃加热30秒即可完全恢复原始形状，微结构也随之复原。图1. P(HEAₓ-co-AAm)聚合物的合成与基本性能。 （A）P(HEAₓ-co-AAm)聚合物的制备及网络结构示意图。（B）P(HEAₓ-co-AAm)聚合物的流变学分析，显示聚合物的凝胶化时间（G' > G''）约为42秒。（C）P(HEAₓ-co-AAm)片材（厚2毫米、宽10毫米）稳定支撑1公斤砝码而不弯曲的光学照片。（D）P(HEAₓ-co-AAm)样品拉伸至原长约4.5倍而不断裂的光学图像。比例尺，1厘米。研究团队通过系统的变温红外光谱和二维相关光谱分析揭示了其增韧机制（图2D至图2F）。在聚合物网络中，密集的氢键和链缠结形成有效物理交联点，限制链段运动，赋予材料高刚度。随着形变增加，侧链中具有较低旋转能垒的氢键（尤其是涉及羟基的氢键）优先发生可逆解离，使柔性侧链发生构象转变，恢复聚合物主链的旋转自由度，从而让高度缠结的分子链得以高效伸展，实现持续能量耗散。为验证这一机制，研究团队合成了不含自由旋转碳-碳单键的聚(丙烯酸-co-丙烯酰胺)和缺乏末端羟基的聚(2-甲氧基乙基丙烯酸酯-co-丙烯酰胺)作为对照（图2G），前者刚而脆、后者软而高拉伸（图2H、图2I），证实了高密度氢键与低内旋转能垒协同作用的关键性。图2. P(HEAₓ-co-AAm)聚合物的力学性能及其形成机理。 （A）不同HEA:AAm摩尔比（x）的P(HEAₓ-co-AAm)聚合物的代表性拉伸应力-应变曲线及（B）相应的杨氏模量和韧性。（C）P(HEA₄-co-AAm)聚合物与现有刚韧高分子材料的韧性、杨氏模量和制备时间对比图。（D）P(HEA₄-co-AAm)在3100至3600 cm⁻¹范围内的变温红外光谱。（E）3000至3600 cm⁻¹区域的同谱二维相关光谱：（a）同步谱和（b）源自变温红外光谱的异步谱。（F）P(HEA₄-co-AAm)在同步/异步模式下的异谱二维相关光谱图，源自变温红外光谱。在二维相关光谱中，红色区域代表正相关强度，蓝色区域代表负相关强度。（G）用于对比的类似单体的分子结构。（H）P(HEA₄-co-AAm)、P(MEA₄-co-AAm)和P(AAc₄-co-AAm)聚合物的拉伸应力-应变曲线及（I）相应的杨氏模量和韧性。误差棒代表测量值的标准偏差（n=3）。拉伸过程中的微观结构演变进一步揭示了增韧机理（图3A、图3B）。应力-应变曲线可分为四个特征阶段：初始弹性变形区（应变图3. P(HEA₄-co-AAm)聚合物的增韧机理。 （A）P(HEA₄-co-AAm)聚合物的典型应力-应变曲线，分为四个特征区域（a）至（d）。（B）各阶段的光学快照和示意图，直观揭示了从弹性变形经屈服、塑性流动到最终应变硬化和断裂的完整内部结构演变过程。（C）扫描电镜图像揭示的拉伸变形下内部微结构的演变。（D和E）样品在1600至1800 cm⁻¹和3100至3600 cm⁻¹区域不同应变下的红外光谱。（F和G）P(HEA₄-co-AAm)聚合物在同步/异步模式下的相应异谱二维相关光谱图，源自应变依赖的红外光谱。该策略的普适性在多种单体组合中得到验证（图4A）。研究团队将HEA分别与N-异丙基丙烯酰胺（NIPAM）、N,N-二甲基丙烯酰胺（DMAAm）共聚，均成功制备出兼具高刚度和高韧性的材料（图4B、图4C）；4-羟基丁基丙烯酸酯（HBA）和2-羟基丙基丙烯酸酯（HPA）分别与AAm共聚也获得类似效果（图4D、图4E）。进一步研究发现，随着丙烯酰胺类单体上取代基从伯胺向叔胺演变，氢键供体数量减少，材料强度和模量相应下降（图4F、图4G）；而增加丙烯酸酯单体中羰基与羟基之间的亚甲基单元数，则侧链旋转自由度提高，断裂应变上升但刚度有所降低（图4H、图4I）。这些构效关系为高性能聚合物的理性设计提供了清晰指导。图4. 构建高刚度和高韧性高分子材料的通用策略。 （A）用于共聚物合成的各种单体的化学结构。（B至E）P(HEAₓ-co-NIPAM)、P(HEAₓ-co-DMAAm)、P(HBA₄-co-AAm)和P(HPAA₄-co-AAm)的应力-应变曲线，其中“x”表示羟基封端丙烯酸酯单体与丙烯酰胺类单体的摩尔比。（F）以4:1摩尔比用HEA和丙烯酰胺类单体制备的共聚物的应力-应变曲线及（G）相应的屈服强度和杨氏模量。（H）以1:4摩尔比用丙烯酰胺和羟基封端丙烯酸酯单体制备的共聚物的应力-应变曲线及（I）相应的断裂应变和韧性。误差棒代表测量值的标准偏差（n=3）。得益于快速光固化特性，该材料可通过数字光处理3D打印技术制备出任意复杂结构（图5A、图5B）。材料展现出多重功能性：可作为热响应执行器，27毫克的预应变薄膜可举起100克重物提升29毫米，比功输出达1.05 J/g（图5C）；在落球冲击测试中，25克钢球从150厘米高度释放，该材料使冲击力降低40%以上，优于传统聚乙烯泡沫（约15%）（图5D、图5E）；同时，原位固化的聚合物前驱体在玻璃等基底上展现出高达14 MPa的粘接强度，仅1 cm²粘接面积即可稳固提起60公斤水桶（图5F、图5G）。此外，将聚合物层原位固化于两片玻璃之间形成的三明治结构，可赋予玻璃稳定且湿度不敏感的抗冲击防护能力（图5H）。图5. 增材制造、功能特性与潜在应用。 （A）基于P(HEA₄-co-AAm)聚合物的数字光处理3D打印样品及相应的设计文件。（B）3D打印的复杂结构。（C）聚合物作为单向执行器的光学图像。（D）P(HEA₄-co-AAm)聚合物与发泡聚乙烯（EPE）泡沫的抗冲击性能对比及（E）相应的光学图像。（F）原位固化聚合物前驱体在不同基底上的粘附性能。PMMA，聚甲基丙烯酸甲酯；PVC，聚氯乙烯。（G）稳定粘附（S = 1 cm²）支撑60公斤水桶而不失效的光学图像。（H）原位固化的P(HEA₄-co-AAm)聚合物可实现抗冲击复合玻璃片，与无保护的标准玻璃形成对比。误差棒代表测量值的标准偏差（n=3）。该研究通过简单的光聚合方法，成功弥合了玻璃态塑料与弹性体之间的性能鸿沟，建立起一个高效、可持续且与工业制造兼容的通用平台。这种高分子材料在柔性电子、智能执行器、冲击防护、形状记忆器件及结构粘接等领域具有广阔的应用前景，为下一代高性能聚合物材料的大规模生产和实际应用奠定了坚实基础。阅读原文高分子材料已在现代生活中不可或缺，然而，传统聚合物材料长期面临一个根本性难题：刚度、强度和韧性、延展性往往此消",,,,pending
中国科大《自然·通讯》：实现水凝胶“手性”动态编程：光控超快膨胀塑造可重构三维形态,高分子科学前沿,高分子科学前沿,"RIOnews API, 聚合物新材料, 凝胶, 学术研究, 大学, 教授",normal,2026-08-23T14:50:25+08:00,,从分子手性到宏观动态构型的跨越在生命体中，手性——即物体的左手或右手不对称性——无处不在，从DNA的双螺旋到植物卷须的盘旋，都体现了这一基本组织原则。然而，在合成材料中实现类似生命体的、可编程且可逆的宏观手性形变，一直是材料科学领域的重大挑战。传统的策略往往依赖于在材料制备过程中预先植入非对称结构，如双层膜或各向异性水凝胶，这些方法虽然能产生特定的手性几何形状，但缺乏动态可重构性、可逆性和按需重编程能力，无法模拟生物体中观察到的适应性形态变化。尤其困难的是，如何在不含手性掺杂剂、成分梯度或预定义各向异性结构的结构均匀材料中，通过可控的非线性驱动实现确定性的手性形态生成。均匀水凝胶的光控可逆手性,http://mp.weixin.qq.com/s?__biz=MzA5NjM5NzA5OA==&mid=2652071616&idx=3&sn=a104626560a7665552f71fb6f7ceb823,,从分子手性到宏观动态构型的跨越在生命体中，手性——即物体的左手或右手不对称性——无处不在，从DNA的双螺旋到植物卷须的盘旋，都体现了这一基本组织原则。然而，在合成材料中实现类似生命体的、可编程且可逆的宏观手性形变，一直是材料科学领域的重大挑战。传统的策略往往依赖于在材料制备过程中预先植入非对称结构，如双层膜或各向异性水凝胶，这些方法虽然能产生特定的手性几何形状，但缺乏动态可重构性、可逆性和按需重编程能力，无法模拟生物体中观察到的适应性形态变化。尤其困难的是，如何在不含手性掺杂剂、成分梯度或预定义各向异性结构的结构均匀材料中，通过可控的非线性驱动实现确定性的手性形态生成。均匀水凝胶的光控可逆手性,"从分子手性到宏观动态构型的跨越在生命体中，手性——即物体的左手或右手不对称性——无处不在，从DNA的双螺旋到植物卷须的盘旋，都体现了这一基本组织原则。然而，在合成材料中实现类似生命体的、可编程且可逆的宏观手性形变，一直是材料科学领域的重大挑战。传统的策略往往依赖于在材料制备过程中预先植入非对称结构，如双层膜或各向异性水凝胶，这些方法虽然能产生特定的手性几何形状，但缺乏动态可重构性、可逆性和按需重编程能力，无法模拟生物体中观察到的适应性形态变化。尤其困难的是，如何在不含手性掺杂剂、成分梯度或预定义各向异性结构的结构均匀材料中，通过可控的非线性驱动实现确定性的手性形态生成。均匀水凝胶的光控可逆手性形变新策略针对上述挑战，中国科学技术大学李闯教授团队报告了一种结构均匀的光活性水凝胶系统，该材料能够在空间控制的光照下实现超快、可编程的手性形状变形，包括螺旋和扭转结构。这一变形由光膨胀驱动，在450 nm可见光照射下40秒内体积增长率超过80,000%，其实现依赖于螺吡喃光异构化与定制聚合物网络相互作用的协同效应。光照产生的确定性应变失配使得按需成型和重构手性结构成为可能，这些结构可以在黑暗中擦除，并通过365 nm紫外光可逆地重新编程。研究还展示了在同一材料中同步实现相反手性和复杂卷须状几何结构的能力，并利用手性特性实现了自推进旋转运动，为机器人运动提供了新思路。相关论文以“Reconfiguring handed shape-morphing and actuation in hydrogels via light-encoded rapid expansion”为题，发表在Nature Communications上。超快光膨胀机制的设计与验证研究团队设计了一种通过丙烯酰胺、丙烯腈和螺吡喃基单体自由基共聚合成的均质水凝胶（图1a）。其核心机制在于分子层面与网络层面的协同：在暗态下，螺吡喃以两性离子质子化的部花青形式存在，通过静电吸引、氢键和偶极相互作用使聚合物链紧密聚集；在450 nm可见光照射下，部花青异构化为带负电的闭环螺吡喃，将分子间静电吸引转变为排斥，同时破坏氢键和偶极耦合等关键内聚相互作用，从而促进显著的链伸展。实验表明，该水凝胶在450 nm光照下40秒内体积膨胀达80,000%，经历了初始积累、快速膨胀和最终稳定三个阶段（图1b）。在初始积累阶段，分子光异构化与扩散受限的水吸收之间存在动力学滞后；随后水分子快速渗入网络，驱动聚合物链迅速伸展；最终达到平衡溶胀状态。这一性能在膨胀速率和最大膨胀幅度上均超过了此前报道的光响应水凝胶。扫描电子显微镜图像清晰地展示了从照射前的致密微孔网络到照射后开放高度多孔结构的微观演变（图1c），且多种几何形状的水凝胶样品在超快大膨胀过程中均能保持结构完整性（图1d）。对照实验证实，非热响应性和低临界溶解温度型水凝胶由于缺乏必要的链间缔合作用，其光膨胀响应显著较弱。图1 | 光激活超快巨大膨胀水凝胶的设计。 a，结合分子尺度螺吡喃工程与UCST聚合物宏观网络架构的超膨胀机制示意图。b，圆盘状水凝胶（补充表1中样品7）的溶胀比（体积%）与辐照时间的关系。插图：水凝胶在积累、快速膨胀和稳定阶段的光学照片。c，水凝胶在收缩态（左）和膨胀态（右）的扫描电子显微镜图像（补充表1中样品6）。d，多种几何形状的超膨胀水凝胶在光照前（左）和光照后（右）的对比照片（补充表1中样品3）。在形变编程方面，单侧365 nm紫外光照下，水凝胶条带逐渐演变为螺旋结构（图2a上）。这一行为源于两次连续的对称性破缺事件：首先，瞬时光穿透深度受限产生厚度方向的溶胀梯度，诱导沿长轴的弯曲；其次，外缘比内部区域更快的溶胀速率产生横向溶胀失配，产生沿短轴的曲率。这两个正交变形协同作用，引发机械失稳，形成第一个螺旋圈。随着单侧光照持续，溶胀失配放大，螺旋逐渐变得更为紧凑，螺距和宽度持续减小。当低溶胀层减小且横向梯度减弱后，驱动力不足以维持紧线圈，结构松弛，最终完全解旋恢复伸长状态。双侧365 nm紫外光照下，条带形成厚度方向的高-低-高三层溶胀分布，产生抑制均匀弯曲的内应力，转而引发面内屈曲耦合绕长轴旋转，形成并传播向上生长的扭转结构（图2a下）。两种模式下，水凝胶条带均能最终达到高度溶胀的垂直伸长状态，并在光照停止后完全恢复初始收缩状态。横截面显微照片证实了单侧和双侧光照下分别形成双层和三明治型厚度梯度结构，有限元模拟也成功捕捉了相应的界面应力分布。手性编程的可逆调控与参数调制水凝胶螺旋形态的手性可通过入射光方向进行编程：左倾单侧365 nm紫外光照产生左手螺旋（图2b），右倾单侧光照则产生右手螺旋（图2d），同一条带在暗态松弛后可反复切换。三维轨迹分析显示，左手螺旋从上端向外弯曲，右手螺旋则向内弯曲（图2c）。超过20个连续切换循环后，材料仍保持完整结构和良好的形态再现性，由螺旋角随时间的变化可定量表征其可逆切换特性（图2e）。相比之下，扭转结构的手性可控性较低，源于屈曲失稳的内在随机性。研究团队开发了预辐照策略以解决此问题：首先对水凝胶条带施加具有不对称光强和偏移入射角的双侧光照，产生偏置的厚度方向溶胀分布作为手性种子，触发可预测的方向性偏转；随后均衡两侧光强，重建并稳定三明治型溶胀梯度，从而实现连续稳定的扭转形变，并确定最终扭转手性。图2 | 超快光膨胀诱导手性可重构形状变形。 a，结构均匀水凝胶条带在单侧光照（上，λ=365 nm，33 mW/cm²）和双侧光照（下，λ=365 nm，33 mW/cm²）下表现出光调控的螺旋（上）和扭转（下）形状变形的光学照片和示意图。所有构型在暗处均可逆松弛。b–d，水凝胶条带尖端的三维运动轨迹，分别展示左手螺旋（b）和右手螺旋（d）的形成，以及相应的轨迹平面投影（c）。比例尺：5 mm。e，通过交替左倾和右倾单侧光照实现螺旋手性的可逆切换，由螺旋角随时间的变化定量表征。数据以平均值±标准差表示（n=3次独立实验）。溶胀梯度作为驱动变形的核心参数，受到外部环境pH、光强度、螺吡喃接枝比例、水凝胶厚度和交联密度等因素的系统性调控（图3a）。较大的溶胀梯度产生更紧凑的螺旋和更长的扭转，形成速率也相应提高（图3b、c）。通过调节这些参数，可以实现对最终构型、手性和形成动力学的精确指定（图3d）。图3 | 手性形状变形的参数调控。 a，水凝胶溶胀梯度对外部刺激和内部材料参数依赖性的示意图。b、c，螺旋（b）和扭转（c）形状变形的形成动力学与溶胀梯度的函数关系。形成速率定义为完全发育的螺旋圈数（或扭转圈数）除以达到最大变形状态所需的辐照时间。溶胀梯度根据辐照后5分钟（螺旋）或3分钟（扭转）的体积膨胀计算。d，在小、中、大溶胀梯度下演变出的不同螺旋（左）和扭转（右）形状变形的光学照片。集成形变与阵列行为研究进一步在单一水凝胶条带中集成了不同的手性结构形式。通过使用高长径比条带和空间控制的多区域365 nm紫外光照，可以在同一材料中实现左手螺旋与右手螺旋的独立形成、手性反向域的出现——当螺旋和扭转相遇时，根据手性匹配情况可形成平滑过渡或尖锐反向域——以及螺旋-扭转二嵌段、螺旋-扭转-螺旋三嵌段和扭转-螺旋-扭转三嵌段等多种混合构型（图4a）。这些集成形态源于水凝胶条带上两种梯度的空间定义排列，每个形状演变过程独立进行。值得注意的是，螺旋段呈现均匀手性，而扭转段由于内在的多点成核机制可能表现出不同的手性。实时高度跟踪显示，螺旋主导的构型中条带末端先上升后下降，而扭转主导的构型则立即下降，最终高度与螺旋结构的比例呈正相关（图4b、c）。在水平阵列层面，通过调控3×3阵列中条带间距与光源距离，引入横向强度梯度，实现了水平面内的可编程手性形变。单侧光照下阵列同步形成螺旋，手性由光照方向统一定义；而平衡双侧光照使边缘行因非对称照射形成螺旋，中心行因等量双侧照射形成扭转。提高整体光强则可消除这种不对称性，使整个阵列在较强双侧光照下转变为完全同步的扭转形变。图4 | 集成形状变形的时空重构。 a，通过操控外部辐照模式，在长水凝胶条带（160 mm长、2.0 mm宽、0.4 mm厚）中实现可逆的螺旋和扭转组合形变。实线箭头表示光照；虚线箭头表示暗态松弛。每个光照区域施加12 mW/cm²的紫外LED强度。b，不同辐照模式下条带末端位移的实时高度演变。c，最终末端高度与几何确定的螺旋分数（Lhelix/Ltotal × 100%）的函数关系。手性驱动的机械作动与应用演示该水凝胶的光驱动手性形变能力被转化为多种功能性应用。螺旋构型可作为光驱动弹簧，提升50毫克的载荷——相当于6毫克水凝胶条带自身重量的八倍，直接将光能转化为可用的机械功（图5a）。此外，水凝胶还展示了类似植物卷须缠绕支撑杆的仿生行为（图5b），以及水下电路开关功能。研究团队更构建了微型光驱动旋转引擎，利用水凝胶在负载下产生扭转运动的能力。该系统由顶部的浮式螺旋桨、作为中央旋转轴的水凝胶条带和底部的桨状水凝胶转子组成（图5c）。365 nm紫外光照下，水凝胶的扭转变形驱动桨叶旋转，搅动水体使螺旋桨既绕自身轴旋转又沿轨道公转。水凝胶的扭转手性决定了旋转方向：右手扭转驱动逆时针叶片几何的螺旋桨产生逆时针运动，左手扭转则驱动顺时针几何的螺旋桨产生顺时针运动。值得注意的是，高效的能量传递要求水凝胶的扭转方向与螺旋桨叶片的几何手性相反，否则系统仅表现出微小不规则运动而无法持续公转。该系统右手和左手扭转运动的输出扭矩分别为3.6×10⁻⁸ N·m和6.1×10⁻⁸ N·m，体积功率密度分别为0.034 W/m³和0.039 W/m³。轨迹分析显示，公转轨迹直径与旋转速率呈负相关，可分为小、中、大三种圆形路径（图5d、e）。图5 | 光驱动手性形状变形用于定向作动和运动。 a，光膨胀水凝胶弹簧实现光控货物装载-卸载的示意图（左）和演示（右）。b，水凝胶卷须以确定手性抓取树枝的概念图（左）和验证（右）。c，类潜艇光作动器产生可控机械变形和运动。此处呈现的设计原理——通过简单光照模式在均匀网络内可逆地编码时空可编程手性——为创造具有内在逻辑和功能的智能自适应材料建立了一种方法，为仿生软体机器人、类生命作动器和自适应功能器件等下一代应用开辟了前景广阔的途径。由轴扭转手性驱动的逆时针（上，i）或顺时针公转运动（下，ii）。d，水凝胶作动器小、中、大圆形路径的代表性逆时针（左）和顺时针公转轨迹（右）。e，角公转速度与圆形轨迹直径关系的统计图（逆时针，上；顺时针，下）。数据使用Origin中的ExpDec1函数进行拟合。总结与展望该研究通过在均匀网络结构中利用简单光照模式可逆地编码时空可编程手性，建立了一种创造具有内在逻辑和功能的智能自适应材料的方法。这项工作的核心创新在于纯通过外部光学调制实现均匀水凝胶中结构手性的精确、可逆调控，有效克服了传统手性材料系统的固有限制。该设计策略为仿生软体机器人、类生命作动器和自适应功能器件等下一代应用开辟了新途径。未来研究可聚焦于进一步提高水凝胶作动器的光响应速度，使其达到液晶弹性体的水平，具体策略包括提高螺吡喃光开关的量子产率和光异构化效率、优化聚合物网络拓扑结构以缩短水传输路径并加速应力松弛，以及阐明螺吡喃光异构化、聚合物网络重排和宏观材料变形之间的内在耦合机制。阅读原文从分子手性到宏观动态构型的跨越在生命体中，手性——即物体的左手或右手不对称性——无处不在，从DNA的双螺旋到植",,,,pending
南洋理工Science子刊：仿生吸湿电极问世，为长期可穿戴医疗监测带来稳定突破,高分子科学前沿,高分子科学前沿,"RIOnews API, 聚合物新材料, 导电聚合物, 凝胶, 学术研究, 大学, 教授",normal,2026-08-23T14:50:25+08:00,,在居家养老与远程医疗快速发展的今天，长期、稳定地获取高保真生理信号成为慢性病精准管理的关键。然而，现有的皮肤电极技术始终面临两难选择：传统的干电极虽能长期使用，但皮肤与金属/碳材料间的电化学阻抗高，信号噪声大；而水凝胶湿电极虽然初始阻抗低、信号质量好，却因水分持续蒸发，在较短时间内即性能衰退，难以满足数周乃至数月的持续监测需求。如何兼顾低阻抗与长期稳定性，成为制约下一代可穿戴医疗设备发展的核心瓶颈。受自然界蛛网吸湿特性的启发，南洋理工大学陈鹏教授、新加坡国立大学刘宇鑫教授合作团队开发出一种名为“hydrotrode”的电子导电吸湿粘合电极（以下简称“吸湿电极”）。该材料通过构建交联的三维吸湿聚,http://mp.weixin.qq.com/s?__biz=MzA5NjM5NzA5OA==&mid=2652071616&idx=6&sn=af43fc60ccbd01573d9aebac2f7ccaa6,,在居家养老与远程医疗快速发展的今天，长期、稳定地获取高保真生理信号成为慢性病精准管理的关键。然而，现有的皮肤电极技术始终面临两难选择：传统的干电极虽能长期使用，但皮肤与金属/碳材料间的电化学阻抗高，信号噪声大；而水凝胶湿电极虽然初始阻抗低、信号质量好，却因水分持续蒸发，在较短时间内即性能衰退，难以满足数周乃至数月的持续监测需求。如何兼顾低阻抗与长期稳定性，成为制约下一代可穿戴医疗设备发展的核心瓶颈。受自然界蛛网吸湿特性的启发，南洋理工大学陈鹏教授、新加坡国立大学刘宇鑫教授合作团队开发出一种名为“hydrotrode”的电子导电吸湿粘合电极（以下简称“吸湿电极”）。该材料通过构建交联的三维吸湿聚,在居家养老与远程医疗快速发展的今天，长期、稳定地获取高保真生理信号成为慢性病精准管理的关键。然而，现有的皮肤电极技术始终面临两难选择：传统的干电极虽能长期使用，但皮肤与金属/碳材料间的电化学阻抗高，信号噪声大；而水凝胶湿电极虽然初始阻抗低、信号质量好，却因水分持续蒸发，在较短时间内即性能衰退，难以满足数周乃至数月的持续监测需求。如何兼顾低阻抗与长期稳定性，成为制约下一代可穿戴医疗设备发展的核心瓶颈。受自然界蛛网吸湿特性的启发，南洋理工大学陈鹏教授、新加坡国立大学刘宇鑫教授合作团队开发出一种名为“hydrotrode”的电子导电吸湿粘合电极（以下简称“吸湿电极”）。该材料通过构建交联的三维吸湿聚合物网络，可持续从环境中吸收水分，并在长达一年的时间内维持极低的皮肤界面阻抗和强韧的粘附力。其在10赫兹下的面积比阻抗比一年后的传统湿电极低约82.4倍，且成功应用于手势识别等长期肌电监测场景，为慢性疾病管理和人机交互提供了全新的解决方案。相关论文以“Spiderweb-inspired electronically conductive hygroscopic adhesive for chronic bioelectronic interface”为题，发表在Science Advances上。该电极的灵感来源于蜘蛛拖丝中的低分子量化合物（如胆碱基分子），这些带正电的分子能与水分子形成强静电作用，从而高效地从空气中吸收水分，增强蛛丝粘性。研究团队仿生设计了一种互穿双层网络结构：一层为粘附性的甲基丙烯酰化明胶（GelMA）基质，另一层为导电聚合物PEDOT:PSS网络，并引入一种生物相容性离子液体（BIL）作为多功能交联剂。BIL不仅作为二次掺杂剂提升PEDOT:PSS的电子电导率，还通过其季铵基团与水分子的强静电作用赋予整体材料优异的吸湿性。图1A示意了干电极、湿电极与理想慢性界面的差异，图1B展示了蛛丝吸湿机理及吸湿电极的仿生结构设计。实验表明，刚从干燥箱取出的吸湿电极粘附力差、噪声高；但当从空气中吸收约45%的水分后，其粘附强度和信噪比均显著提升，呈现出独特的湿度依赖性（图1C）。图1. 仿生吸湿电极（hydrotrode）的设计理念、吸湿机理及性能概览。 （A）用于长期生物电位监测的干电极、湿电极及理想电极界面的示意图。 （B）蛛丝吸湿机理及吸湿电极的仿生结构设计，包含导电聚合物网络和季铵盐离子液体。 （C）吸湿电极在干燥、部分水合及完全水合状态下的水含量、粘附力和信号质量变化。 在电化学性能方面，优化后的吸湿电极在10赫兹下的面积比阻抗仅为约29.2 kΩ·cm²，比传统的Ag/AgCl湿电极（约97.0 kΩ·cm²）低约2.3倍，这归因于其双电子-离子导电性和较低的电荷转移电阻（图2B）。更重要的是，该电极在电刺激性能上同样表现优异：其阴极电流密度和阴极电荷注入容量远超商用碳基湿刺激电极（图2C），循环伏安测试也显示其具有更高的阴极电荷存储容量（图2D），表明其能在安全电压范围内高效进行经皮电刺激治疗。力学测试显示，在拉伸应变下，吸湿电极-皮肤界面阻抗变化极小（图2E），显示出良好的抗运动伪影能力。吸湿动力学实验表明，在室内外环境下，吸湿电极均能在数小时内通过吸水恢复性能（图2F），且在吸湿过程中，皮肤界面的电荷转移电阻逐渐下降，双电层电容增加（图2G-H），证明吸收的水分起到了电化学“桥接”作用。图2. 吸湿电极的电化学与力学性能。 （A）吸湿电极贴片置于人体手臂的照片及其双层网络结构示意图。插图：吸湿电极贴合在皮肤复制物上的扫描电镜图像（比例尺，100 μm）。 （B）吸湿电极与Ag/AgCl湿记录电极的面积比阻抗谱及相位角-频率曲线。 （C）不同电极在电压瞬态下的最大阴极电化学电位偏移与阴极相电流幅值的校准曲线，标示用于计算阴极电荷注入容量的阴极电流密度极限。 （D）吸湿电极与碳基湿刺激电极的循环伏安曲线。 （E）应变下吸湿电极-皮肤界面阻抗的变化（插图：两个吸湿电极置于可拉伸离子导体上的实验示意图）。 （F）室内外环境下吸湿电极的再水化曲线（Weibull模型拟合）。 （G）原位再水化过程中吸湿电极-皮肤界面Nyquist图的变化。 （H）不同相对湿度下电解液电阻、双电层电容和电荷转移电阻的变化。 针对传统湿电极的致命弱点——水分蒸发，研究团队进行了系统验证。扫描电镜显示，湿电极在失水后表面结构明显劣化，而吸湿电极则保持完整且与皮肤高度共形（图3A）。水蒸气透过率测试表明，吸湿电极的透湿性远优于传统水凝胶，且其平衡吸水量是氯化锂、甘油等其他吸湿材料的数倍（图3B）。在出汗皮肤上，湿电极的粘附能迅速下降80%以上，而吸湿电极几乎不变（图3C）。长期暴露于空气中一年后，湿电极的阻抗飙升数十倍，粘附能也大幅衰减，而吸湿电极的阻抗和粘附能始终保持在初始水平附近（图3D-E），其长期稳定性远超文献报道的其他干、湿电极（图3F）。进一步研究发现，这种稳定性的关键在于材料内部“中间水”与“结合水”比例（I/B比）的动态调节：随着吸湿时间增加，I/B比上升，中间水增多，这些水分子作为电化学桥梁，促进了导电聚合物与皮肤之间的离子传输，从而降低了电荷转移电阻并提升了界面电容（图3G-I）。图3. 吸湿性与水蒸气透过率确保吸湿电极的长期可用性。 （A）湿电极（左，比例尺10 μm）和吸湿电极（右，比例尺5 μm）的示意图及图像。 （B）不同吸湿材料基三元体系的水蒸气透过率（37°C，40% RH）和饱和归一化质量。 （C）湿电极和吸湿电极在大量出汗皮肤上的粘附能变化。 （D）长期面积比阻抗变化（n=4）。 （E）长期粘附能变化（n=4）。 （F）面积比阻抗随监测时间变化，显示吸湿电极在长时间内保持低阻抗（10 Hz），显著优于文献报道的干、湿电极。 （G）I/B水比随再水化时间的变化。 （H）10 Hz下面积比阻抗及粘附能随I/B水比的变化（插图：Randle模型拟合等效电路）。 （I）电解液电阻、双电层电容和电荷转移电阻随I/B水比的变化。 凭借上述优异性能，研究团队展示了吸湿电极在多种生物电位监测中的应用。一年老化实验表明，吸湿电极采集的心电信号信噪比远高于老化后的湿电极（图4B-C）；眼电和脑电信号（如alpha波）在一年后仍保持高信噪比（图4D-E）。最为引人注目的是，基于10通道吸湿电极贴片的手势识别系统（图4F），能够精准解码包括假肢控制和美国手语在内的26种手势，识别准确率达100%（图4G）。与干电极相比，吸湿电极具有更高的信噪比和准确率；而与湿电极对比，一年老化后，湿电极的信噪比从9.2 dB急剧下降至2.1 dB，准确率从87.8%降至75.5%，而吸湿电极的信噪比（9.8 dB vs 9.4 dB）和准确率（94.3% vs 91.0%）几乎无衰减（图4H-K）。图4. 吸湿电极的生物电位监测应用及手势识别演示。 （A）不同生物电位监测示意图。 （B）新鲜及一年老化后湿电极和吸湿电极采集的未滤波心电数据。 （C）一年老化前后湿电极和吸湿电极心电信噪比对比（n=4）。 （D）新鲜及一年老化吸湿电极贴片采集的眼电信噪比对比（n=5）。 （E）新鲜及一年老化吸湿电极贴片采集的脑电alpha峰噪比对比（n=8）。 （F）手势识别流程示意图。 （G）优化模型对完整数据集（假肢控制及美国手语手势）识别的混淆矩阵。 （H-J）新鲜（上）及一年老化（下）干电极（H）、湿电极（I）和吸湿电极（J）采集的表面肌电信号及其频谱图。 （K）六种模型在新鲜及一年老化电极上的预测准确率对比（n=4）。综上，该仿生吸湿粘合电极通过构建交联带电网络，巧妙调控材料中水分的状态与比例，在保持高透湿性和皮肤舒适度的同时，实现了超低且长期稳定的电化学界面阻抗。尽管在韧性、抗疲劳性等方面仍需改进，但这一设计策略为下一代长期可穿戴生物电子界面提供了全新思路，有望极大延长医疗监测设备和人机接口的使用寿命，推动远程医疗与智能康复的实质性进步。阅读原文在居家养老与远程医疗快速发展的今天，长期、稳定地获取高保真生理信号成为慢性病精准管理的关键。,,,,pending
联手江雷院士！苏州大学靳健/张慎祥《自然·通讯》：仿生离子选择性水凝胶泵，开启太阳能驱动高通量锂提取新篇章,高分子科学前沿,高分子科学前沿,"RIOnews API, 聚合物新材料, 凝胶, 学术研究, 大学, 教授",normal,2026-08-23T14:50:25+08:00,,随着电动汽车和储能系统的迅猛发展，全球对锂的需求呈指数级增长。据预测，到2050年锂需求量将飙升至160.7万吨，较当前增长八至十倍。然而，传统盐湖提锂技术主要依赖蒸发-沉淀法，不仅周期漫长，且难以适应高镁锂比卤水的处理需求。尽管电化学、膜分离和吸附等新兴技术不断涌现，但其高能耗、大量化学品和淡水消耗等问题始终悬而未决——每生产一吨碳酸锂，可能伴生3至17吨二氧化碳排放和300至500吨淡水消耗。更为棘手的是，现有太阳能驱动膜分离系统因依赖纳米限域结构产生负压，在处理高盐卤水时极易因孔径过小导致传质阻力增加和盐结晶堵塞，锂通量远无法满足实际应用需求。受盐生植物盐角草（Salicornia）选择,http://mp.weixin.qq.com/s?__biz=MzA5NjM5NzA5OA==&mid=2652071616&idx=2&sn=0fed856e923afcf20be803c017ad6e98,,随着电动汽车和储能系统的迅猛发展，全球对锂的需求呈指数级增长。据预测，到2050年锂需求量将飙升至160.7万吨，较当前增长八至十倍。然而，传统盐湖提锂技术主要依赖蒸发-沉淀法，不仅周期漫长，且难以适应高镁锂比卤水的处理需求。尽管电化学、膜分离和吸附等新兴技术不断涌现，但其高能耗、大量化学品和淡水消耗等问题始终悬而未决——每生产一吨碳酸锂，可能伴生3至17吨二氧化碳排放和300至500吨淡水消耗。更为棘手的是，现有太阳能驱动膜分离系统因依赖纳米限域结构产生负压，在处理高盐卤水时极易因孔径过小导致传质阻力增加和盐结晶堵塞，锂通量远无法满足实际应用需求。受盐生植物盐角草（Salicornia）选择,随着电动汽车和储能系统的迅猛发展，全球对锂的需求呈指数级增长。据预测，到2050年锂需求量将飙升至160.7万吨，较当前增长八至十倍。然而，传统盐湖提锂技术主要依赖蒸发-沉淀法，不仅周期漫长，且难以适应高镁锂比卤水的处理需求。尽管电化学、膜分离和吸附等新兴技术不断涌现，但其高能耗、大量化学品和淡水消耗等问题始终悬而未决——每生产一吨碳酸锂，可能伴生3至17吨二氧化碳排放和300至500吨淡水消耗。更为棘手的是，现有太阳能驱动膜分离系统因依赖纳米限域结构产生负压，在处理高盐卤水时极易因孔径过小导致传质阻力增加和盐结晶堵塞，锂通量远无法满足实际应用需求。受盐生植物盐角草（Salicornia）选择性离子吸收与储存机制的启发（图1a），苏州大学靳健教授、‌张慎祥副教授和中国科学技术大学江雷院士合作，设计了一种离子选择性水凝胶泵（ISHP）系统，实现了超高通量锂提取。该系统由交联聚乙烯醇（PVA）水凝胶块和在其外表面原位生长的超薄选择性聚酰胺（PA）膜组成（图1c）。水凝胶的超强水合能力使其在阳光照射下内部可产生高达47.86巴的渗透压，为锂离子从高盐卤水中的高效跨膜传输提供了强大驱动力（图1d）。ISHP的锂通量达到1.20克/平方米·小时，较现有报道高出逾一个数量级。研究团队还设计了多单元串联装置，实现了自然户外阳光下的连续锂提取。全流程技术经济分析表明，相较于传统蒸发-沉淀法，该技术可将生产周期缩短90%，年经济效益提升八倍。相关论文以“An ion-selective hydrogel pump for high-throughput solar-powered lithium extraction”为题，发表在Nature Communications上。图1 | ISHP的仿生设计。 a，盐沼中生长的盐角草调控水分和离子吸收与储存的示意图。根部细胞选择性吸收并运输水分和离子。叶片吸收太阳能并驱动水分蒸发。叶片细胞中的液泡对离子进行区室化储存。b，盐角草细胞内盐浓度梯度的COMSOL模拟。c，ISHP太阳能驱动锂提取系统的示意图。d，ISHP的工作原理。内嵌的水凝胶充当液泡和细胞质，提供高渗透压环境并储存离子。外层的PA膜充当细胞膜，选择性运输水分和离子。ISHP的制备与表征研究团队首先通过化学交联凝胶化合成光热水凝胶，以聚吡咯（PPy）作为添加剂赋予PVA水凝胶光吸收特性（图2a）。随后，采用界面聚合法在水凝胶外表面生长PA膜：将水凝胶依次浸入含哌嗪（PIP）的水相溶液和含均苯三甲酰氯（TMC）的有机相溶液，超薄PA膜便在水凝胶表面原位形成。傅里叶变换红外光谱中1630 cm⁻¹处酰胺键特征峰的出现证实了PA膜的成功构建。扫描电子显微镜图像显示，水凝胶基质内部呈现多孔网络结构（图2b），PA膜则致密地附着于PVA水凝胶表面（图2c），膜厚度仅为43纳米，交联度高达80.53%。通过中性分子截留实验测定，PA膜的截留分子量约为151道尔顿（图2d），孔径分布在3.2至8.3埃之间——这一尺寸恰好小于镁离子（Mg²⁺）的水合直径（8.6埃），而大于锂离子（Li⁺）的斯托克斯直径（4.8埃），从而实现基于尺寸筛分的选择性分离，且膜表面近乎电中性（pH=7.48时Zeta电位为-1.99毫伏），避免了高盐环境中电荷屏蔽效应对提取性能的衰减。在光学性能方面，黑色ISHP凭借PPy优异的广谱光捕获能力，在紫外-可见-近红外区域的吸光率高达98.17%（图2e）。在1千瓦/平方米的模拟太阳光照射下，ISHP表面温度迅速稳定在38°C（图2f），水蒸发速率达到1.58千克/平方米·小时，为纯水的六倍（图2g），蒸发效率达80.29%。差示扫描量热法测定显示，PVA水凝胶中水的蒸发焓为-1799焦耳/克，低于纯水，表明水凝胶有效促进了水的蒸发（图2h）。更为关键的是，研究团队通过连接不同浓度MgCl₂溶液测定水通量方向与大小（图2i），确定ISHP可产生高达47.86巴的蒸腾压力——当MgCl₂浓度为81克/升时水通量为零（图2j）——这一压力足以克服高盐卤水的渗透压，驱动水和锂离子持续跨膜进入水凝胶基质。图2 | ISHP的制备与表征。 a，ISHP制备流程示意图。b，PVA水凝胶的SEM图像。c，ISHP的SEM图像。d，PA膜对中性分子的截留率。插图为根据中性分子截留曲线拟合的相应膜的孔径分布。e，ISHP的光吸收光谱。插图为ISHP的光学照片（直径约2厘米，高约3厘米）。f，ISHP和水在1千瓦/平方米光强照射下的表面温度随时间变化。插图为红外热像图。g，ISHP、PVA/PPy水凝胶和纯水在1千瓦/平方米光强下的水蒸发速率。h，PVA水凝胶中水的DSC热流曲线。i，不同浓度MgCl₂溶液中的水通量。j，ISHP的蒸腾压力。水凝胶促水跨膜传输机制为揭示PVA水凝胶促进水分子跨PA膜传输的微观机制，研究团队进行了分子动力学模拟（图3a）。径向分布函数分析将水合环境划分为三个区域：0.32纳米以内为结合水，与聚合物骨架直接相互作用；0.32至0.60纳米为中间水，受PVA链影响但未形成稳定接触；0.60纳米以外为自由水，呈现体相水行为（图3b）。结合水具有最高的氢键数量（2.96个），而中间水的氢键数量略低（2.86个），表明其分子间氢键网络被削弱，更易参与蒸发相关过程（图3c）。在模拟蒸发驱动水传输的装置中，右侧渗透侧设置蒸发区域持续移除水分子，3纳秒时含PVA链的装置通过PA膜的水分子数远超不含PVA的对照装置（图3d），传输速率优势明显（图3e）。其内在机制在于：PVA水凝胶维持着高度水合且动态可重构的水网络，强化了蒸发诱导消耗与跨膜水补充之间的耦合，使水分子得以持续跨膜补给以补偿蒸发损失，水通量的增加进而拖曳更多锂离子穿越PA膜进入水凝胶——含PVA装置的锂通量达0.2克/平方米·小时，为对照装置（0.048克/平方米·小时）的4.17倍，即较对照装置高出三倍以上。图3 | PVA水合状态及PVA水凝胶促进水传输的MD模拟。 a，PVA链附近水的空间分布。b，水相对于PVA中氧原子的径向分布函数g(r)。c，不同状态水中氢键数量。误差棒表示三次重复模拟的标准偏差。d，渗透侧有和没有PVA聚合物链的模拟系统在3纳秒时的快照。e，通过PA膜的累积水分子数随时间的变化（阴影区域表示误差棒）。太阳能驱动锂提取性能研究团队系统评估了ISHP在不同镁锂比和盐度条件下的锂提取性能。当总盐浓度固定为10克/升、镁锂质量比从10增至100时，锂/镁选择性从18.39升至22.74（镁锂比=60处），之后稳定在20以上（图4a）；镁离子截留率始终保持在约90%以上，而锂离子截留率呈现负值（从-64.9%降至-162.1%）（图4b）。这种负截留现象可用唐南平衡解释：进料侧高浓度氯离子透过PA膜后，为维持膜两侧电中性，水合直径较小、水合能较低的锂离子也随之跨膜，实现高效富集。当镁锂比为10时，ISHP可将进料中13.5%的LiCl纯度提升至74.2%；即使在镁锂比高达100时，纯度也从1.5%提升至24.7%，凸显了卓越的锂富集效率（图4c）。在盐度影响方面，固定镁锂比为10、盐度从5克/升增至60克/升时，锂通量从0.36克/平方米·小时逐步攀升至2.42克/平方米·小时，归因于高锂浓度下盐在膜中的分配增强；镁离子截留率在60克/升高盐度下仍保持84.0%（图4d、4e）。当总盐浓度为5克/升时，LiCl纯度从13.5%提升至83.6%，富集逾六倍（图4f）。光照强度实验表明，即使在无光照条件下，ISHP仍可从环境吸热实现0.42千克/平方米·小时的水蒸发速率和0.20克/平方米·小时的锂通量；光强从0.5增至2.0千瓦/平方米时，蒸发速率和锂通量分别升至2.12千克/平方米·小时和0.75克/平方米·小时（图4g），证实界面蒸发加速了水和锂离子的跨膜传输。此外，增加ISHP在卤水中的浸没深度可增大PA膜与卤水的有效接触面积，在2.5厘米浸没深度下锂通量达到创纪录的1.20克/平方米·小时，选择性为18.68（图4h）。这一性能远超所有已报道的太阳能驱动膜分离提锂工艺（图4i），其卓越表现归功于两大因素：水凝胶内部高渗透压驱动的跨膜水传输，以及PA膜与水凝胶直接键合的集成结构设计大幅降低了水和锂离子的传质阻力——作为对比，同条件下分层结构设计的锂通量仅为0.028克/平方米·小时。图4 | 太阳能驱动锂提取性能。 a，ISHP的锂通量和Li⁺/Mg²⁺选择性随进料镁锂比的变化。b，Mg²⁺和Li⁺截留率随镁锂比的变化。c，进料溶液和ISHP中LiCl的纯度。进料溶液为总盐度10克/升、不同镁锂比的LiCl-MgCl₂混合物。d，ISHP的锂通量和Li⁺/Mg²⁺选择性随进料盐度的变化。e，Mg²⁺和Li⁺截留率及Li⁺/Mg²⁺选择性随进料盐度的变化。f，ISHP中LiCl的纯度。进料溶液为镁锂比固定为10、不同盐度的LiCl-MgCl₂混合物。g，水蒸发速率和锂通量随光照强度的变化。h，锂通量和Li⁺/Mg²⁺选择性随浸没深度的变化。i，本工作与已报道的太阳能驱动盐湖提锂系统的锂提取性能对比。分级提取与户外实验为提升锂盐纯度，研究团队采用两级分离策略：第一级渗透液作为第二级进料（图5a）。以镁锂比为80的混合溶液为处理对象，经两级提取后，LiCl纯度从进料的3.41%提升至第一级的21.50%，再到第二级的86.18%；镁锂比从80降至4.56，最终降至0.47（图5b、5c）。在实际盐湖卤水验证中，研究团队采用中国青海东台吉乃尔盐湖卤水（总盐度超300克/升，镁锂比为35）作为进料。在4天户外实验中，第一级ISHP单元的锂通量平均约为0.58克/平方米·小时，第二级单元锂通量约为0.19克/平方米·小时（图5d），环境温度和太阳光强记录如图5e所示，第二级渗透液中LiCl纯度和镁锂比随时间的变化如图5f所示。经两级提取后，镁锂比从35降至0.23，选择性飙升至153.13（图6a、6b），LiCl纯度从0.29%显著提升至1.44%，MgCl₂含量则从6.59%骤降至0.21%（图6c）。富集后的锂溶液经光热蒸发浓缩、除钠钾、加NaOH和Na₂CO₃沉淀残余镁钙，最后加入Na₂CO₃沉淀碳酸锂。所得固体粉末的X射线衍射图谱与Li₂CO₃标准谱图（PDF#22-1141）高度吻合，纯度高达98.5%（图6d）。在连续运行过程中，ISHP内部微观结构保持完好，化学交联的PVA水凝胶有效防止了聚合物溶出，连续提取-释放操作也成功避免了盐垢积聚，展现出良好的卤水稳定性。图5 | 两级锂提取及户外实验。 a，两级锂提取过程示意图。b，进料溶液、第一级渗透液和第二级渗透液中LiCl纯度及镁锂比。c，两级提取过程中Li⁺/Mg²⁺选择性和LiCl纯度的变化。d，第一级和第二级ISHP单元在4天户外实验中的锂通量。e，户外实验期间的环境温度和太阳光强。f，第二级渗透液中LiCl纯度和镁锂比随时间的变化。技术经济分析与展望研究团队对ISHP工艺与传统蒸发-沉淀法进行了全面经济性比较（图6e）。传统工艺生产1吨碳酸锂需约404天，消耗约4.36吨化学沉淀剂，平均成本约为1799美元/吨；而ISHP工艺仅需约45天，沉淀剂消耗仅约0.3吨（图6f）。得益于沉淀剂用量的大幅削减和生产周期的显著缩短，碳酸锂年利润可达59098美元（以2025年8月价格计），较传统工艺提升近八倍。该ISHP系统还可浮于现有蒸发池表面运行，几乎不占用额外土地，其被动式设计实现了低成本、低能耗、低碳排放的锂提取。这项受盐角草启发的离子选择性水凝胶泵技术，为盐湖卤水中锂的绿色回收提供了一条极具前景的技术路径，有望为全球锂供应链的可持续发展注入强劲动力。图6 | 盐湖卤水锂提取及技术经济分析。 a，基于ISHP的锂提取流程。b，各阶段的镁锂比及对应的Li⁺/Mg²⁺选择性。c，东台吉乃尔盐湖卤水和第二级渗透液的盐组成。d，加入Na₂CO₃后收集沉淀物的XRD图谱。插图为Li₂CO₃粉末的照片。e，ISHP工艺与传统蒸发-沉淀法在生产周期和沉淀剂用量上的对比。f，ISHP工艺与传统工艺生产碳酸锂的成本和年利润对比。,,,,pending
港科大章勇等人Science：20.1%@2.0平方米！！！双85 MPPT T95达1500小时！重定向湿界面氧化还原途径用于高效倒置钙钛矿太阳能电池！,钙钛矿人,钙钛矿人,"RIOnews API, 钙钛矿, 学术研究, 大学, 期刊",normal,2026-08-23T12:53:18+08:00,,文章介绍咔唑基膦酸自组装单分子膜（SAM）是高效p-i-n钙钛矿太阳能电池必不可少的。然而，在加工过程中，这些SAM不可避免地接触钙钛矿油墨，在那里它们的酸性引发二甲基亚砜（DMSO）介导的碘化物氧化还原反应，从而影响器件性能，代表倒置器件的普遍瓶颈。基于此，港科大章勇、成均馆大学Nam-Gyu Park等人解决了这种SAM触发的氧化还原机制，并引入化学-匹配的酰肼添加剂以减轻降解。这些添加剂消除DMSO活化并将不需要的副产物重定向到良性酰肼-甲脒加合物。因此，实现了27.7%的功率转换效率（PCE）（27.4%）在小面积（0.06平方厘米）电池和20.1%的2.0平方米模块，在85°C下最大,http://mp.weixin.qq.com/s?__biz=Mzk0OTY5NjE1Mg==&mid=2247496256&idx=1&sn=fbb99a1cfbe923b4aa02c65e6bcb0b56,,文章介绍咔唑基膦酸自组装单分子膜（SAM）是高效p-i-n钙钛矿太阳能电池必不可少的。然而，在加工过程中，这些SAM不可避免地接触钙钛矿油墨，在那里它们的酸性引发二甲基亚砜（DMSO）介导的碘化物氧化还原反应，从而影响器件性能，代表倒置器件的普遍瓶颈。基于此，港科大章勇、成均馆大学Nam-Gyu Park等人解决了这种SAM触发的氧化还原机制，并引入化学-匹配的酰肼添加剂以减轻降解。这些添加剂消除DMSO活化并将不需要的副产物重定向到良性酰肼-甲脒加合物。因此，实现了27.7%的功率转换效率（PCE）（27.4%）在小面积（0.06平方厘米）电池和20.1%的2.0平方米模块，在85°C下最大,"文章介绍咔唑基膦酸自组装单分子膜（SAM）是高效p-i-n钙钛矿太阳能电池必不可少的。然而，在加工过程中，这些SAM不可避免地接触钙钛矿油墨，在那里它们的酸性引发二甲基亚砜（DMSO）介导的碘化物氧化还原反应，从而影响器件性能，代表倒置器件的普遍瓶颈。基于此，港科大章勇、成均馆大学Nam-Gyu Park等人解决了这种SAM触发的氧化还原机制，并引入化学-匹配的酰肼添加剂以减轻降解。这些添加剂消除DMSO活化并将不需要的副产物重定向到良性酰肼-甲脒加合物。因此，实现了27.7%的功率转换效率（PCE）（27.4%）在小面积（0.06平方厘米）电池和20.1%的2.0平方米模块，在85°C下最大功率点跟踪（MPPT）T95寿命2000小时，在85°C和85%相对湿度下MPPT为1500小时。该论文近期以“Redirecting wet–interfacial redox pathways for efficient inverted perovskite solar cells”为题发表在顶级期刊Science上。 图文信息 图1. 钙钛矿前驱物与自组装膜的化学性质。图2. 对钙钛矿薄膜的影响。图3. 电荷传输。图4. 器件性能。文章信息Zheng Liang et al. ,Redirecting wet–interfacial redox pathways for efficient inverted perovskite solar cells.Science393,800-806(2026).DOI：10.1126/science.aeg8415想了解更多关于钙钛矿太阳能电池的最新研究和应用？关注我们，获取行业动态，共同见证和推动钙钛矿技术的发展！为方便大家进行钙钛矿产学研交流，我们新建了微信探讨群，欢迎大家加入！（+V : PVSK666，麻烦备注来意）●表征技术-飞秒瞬态吸收光谱在钙钛矿中的应用（第一期）●表征技术-飞秒瞬态吸收光谱在钙钛矿中的应用（第二期）●表征技术-飞秒瞬态吸收光谱在钙钛矿中的应用（第三期）●表征技术-原位荧光光谱在钙钛矿中的应用（第一期）●表征技术-原位荧光光谱在钙钛矿中的应用（第二期）●表征技术-原位GIWAXS在钙钛矿中的应用（第一期）●表征技术-原位GIWAXS在钙钛矿中的应用（第二期）●表征技术-原位吸收光谱在钙钛矿中的应用（第一期）●表征技术-原位吸收光谱在钙钛矿中的应用（第二期）●手把手教 | 26%的器件效率是怎么做出来的？(第一期)●手把手教 | 26%的器件效率是怎么做出来的？(第二期)●手把手教 | 26%的器件效率是怎么做出来的？(第三期)●手把手教 | 26%的器件效率是怎么做出来的？(第四期)●手把手教 | 26%的器件效率是怎么做出来的？(第五期)●手把手教 | 26%的器件效率是怎么做出来的？(第六期)●手把手教 | 26%的器件效率是怎么做出来的？(第七期)●手把手教 | 26%的器件效率是怎么做出来的？(第八期)●手把手教 | 26%的器件效率是怎么做出来的？(第九期)●手把手教 | 26%的器件效率是怎么做出来的？(第十期)●手把手教 | 有机光伏效率如何突破20%？(第一期)●手把手教 | 有机光伏效率如何突破20%？(第二期)●手把手教 | 有机光伏效率如何突破20%？(第三期)●手把手教 | 如何制备高效宽带隙钙钛矿电池？●手把手教 | 5篇正刊带你揭秘制备高效钙钛矿/硅叠层电池的秘诀！●手把手教 | 2025上半年钙钛矿Science合集，哪些方向更受正刊青睐？●手把手教 | 2025上半年钙钛矿Nature合集，哪些方向更受正刊青睐？●钙钛矿稳定性ISOS协议标准!收藏必备！",,,,pending
江南大学刘天西/陈苏莉 Adv. Mater.: 分子级电场“随需而变” - 动态偶极翻转实现全周期稳定锌负极,高分子科技,高分子科技,"RIOnews API, 聚合物新材料, 电池, 产品发布, 发布, 全新, 学术研究, 大学, 科学院, 期刊",normal,2026-08-23T11:45:00+08:00,,点击上方“蓝字” 一键订阅水系锌离子电池凭借高理论容量、低氧化还原电位以及本征安全等优势，被视作下一代大规模储能极具潜力的技术路线。然而，锌负极表面不均匀的Zn2+通量极易诱发枝晶生长，并伴随严重的界面副反应，成为制约其实际应用的主要瓶颈。究其本质，锌负极界面的离子传输行为高度受界面电场主导，电场分布的失衡会直接造成Zn2+局部富集，进而引发一系列连锁失效问题。为改善这一现状，构建人工介电界面层成为目前稳定锌负极的主流思路，该策略可在负极表面人为建立局域电场，在一定程度上引导离子均匀分布。然而，传统介电界面层大多构筑静态单向电场，难以匹配锌沉积-剥离循环过程中电场极性双向反转的动态特点。因此，,http://mp.weixin.qq.com/s?__biz=MzA5NjUyNjc5Ng==&mid=2651659017&idx=1&sn=3970c558d35aad01e5d861b147bdffd0,,点击上方“蓝字” 一键订阅水系锌离子电池凭借高理论容量、低氧化还原电位以及本征安全等优势，被视作下一代大规模储能极具潜力的技术路线。然而，锌负极表面不均匀的Zn2+通量极易诱发枝晶生长，并伴随严重的界面副反应，成为制约其实际应用的主要瓶颈。究其本质，锌负极界面的离子传输行为高度受界面电场主导，电场分布的失衡会直接造成Zn2+局部富集，进而引发一系列连锁失效问题。为改善这一现状，构建人工介电界面层成为目前稳定锌负极的主流思路，该策略可在负极表面人为建立局域电场，在一定程度上引导离子均匀分布。然而，传统介电界面层大多构筑静态单向电场，难以匹配锌沉积-剥离循环过程中电场极性双向反转的动态特点。因此，,"点击上方“蓝字” 一键订阅水系锌离子电池凭借高理论容量、低氧化还原电位以及本征安全等优势，被视作下一代大规模储能极具潜力的技术路线。然而，锌负极表面不均匀的Zn2+通量极易诱发枝晶生长，并伴随严重的界面副反应，成为制约其实际应用的主要瓶颈。究其本质，锌负极界面的离子传输行为高度受界面电场主导，电场分布的失衡会直接造成Zn2+局部富集，进而引发一系列连锁失效问题。为改善这一现状，构建人工介电界面层成为目前稳定锌负极的主流思路，该策略可在负极表面人为建立局域电场，在一定程度上引导离子均匀分布。然而，传统介电界面层大多构筑静态单向电场，难以匹配锌沉积-剥离循环过程中电场极性双向反转的动态特点。因此，构筑能够响应交替电势、实现电场动态调控的新型界面层，成为稳定锌负极亟待攻克的关键难题。近期，江南大学刘天西、陈苏莉团队创新性地提出了“动态偶极翻转”界面调控策略，通过分子工程在锌负极表面构筑了可切换的分子级电场，实现了对 Zn2+沉积和剥离全过程的动态调控。2026年8月21日，相关工作以“Dynamic Dipole-Flipping Interlayer: Switchable Molecular-Level Electric Field Enables Full-Cycle Stable Zinc Anodes”为题发表在 Adv. Mater. 期刊上。江南大学化学与材料工程学院2025级博士生刘专一为本文第一作者。具体而言，聚酰胺材料富含极性酰胺基团，成膜性能优异，是构筑偶极可调功能界面的理想候选。然而，传统聚酰胺分子链间存在强烈的电荷转移相互作用，分子链紧密堆砌，酰胺偶极被束缚，无法发生可逆的动态取向翻转。为此本工作在聚酰胺分子骨架中引入了三组关键结构单元：柔性聚乙二醇链段提升链段运动能力，大位阻芳香单体增大分子自由体积、解除酰胺偶极的转动限制，氟化链段赋予界面疏水特性。通过这三者的协同作用，该动态偶极界面层（DDL）中的酰胺偶极得以随电极极化状态快速、可逆地重取向，原位生成极性可切换的分子级界面电场。在锌沉积过程中，酰胺偶极定向排布，构建指向锌基底的分子级电场，有效引导Zn2+均匀再分布，抑制枝晶成核与生长；剥离阶段偶极发生翻转，生成反向电场，缓解界面处Zn2+局部蓄积，抑制再溶剂化引发的腐蚀副反应。与此同时，氟化链段带来的界面疏水性进一步阻隔电解液与锌的直接接触，协同抑制析氢、腐蚀等寄生反应。得益于动态偶极带来的自适应分子级电场调控与疏水防护的协同效应，DDL改性锌负极展现出突出电化学性能。DDL@Zn对称电池在0.5 mA cm-2电流密度下稳定循环时长超过3200 h；组装得到的 Zn||MnO2全电池在1 A g-1条件下循环1600圈后容量保持率高达97.3%，在低N/P比、贫电解液、低E/C比等贴近实际应用的条件下同样维持优异循环稳定性。该工作跳出传统静态介电材料界面调控的思路，首次提出了“动态偶极翻转”界面调控新策略，这一策略不仅为水系锌离子电池负极保护提供了全新思路，也为其他金属负极（如锂、钠、镁）的界面设计提供了可借鉴的通用路径。图1 DDL界面层驱动的可切换分子级电场实现双向Zn2+调控示意图。图2分子设计扩展自由体积以实现灵活的偶极翻转。图3偶极重定向形成动态分子级电场的验证。图4 动态分子级电场均匀双向Zn2+通量行为研究。图5 DDL@Zn负极可逆性评估。图6 全电池性能评估。论文信息：Zhuanyi Liu, Zijian Xu, Junhong Guo, Feili Lai, Suli Chen*, and Tianxi Liu *. Dynamic Dipole-Flipping Interlayer: Switchable Molecular-Level Electric Field Enables Full-Cycle Stable Zinc Anodes.论文链接：https://doi.org/10.1002/adma.74759相关进展江南大学刘天西/陈苏莉 AFM: 多偶极协同自修复聚合物界面助力超稳定锌金属负极江南大学刘天西/陈苏莉 Macromolecules：级联原位交联-淬火策略构筑室温可用的高性能全固态聚醚电解质江南大学刘天西/陈苏莉 Macromolecules: 多尺度松弛策略破解聚合物电解质离子传导-力学性能“跷跷板”难题江南大学刘天西/陈苏莉 AEM: 阴离子锚定型交联聚醚电解质助力高性能固态钠金属电池江南大学刘天西/陈苏莉 Adv. Mater.：快离子导体多尺度纳米限域破解聚合物复合电解质离子传输难题江南大学刘天西/陈苏莉、河南省科学院卢琼琼、德累工大于明浩 AEM: 快离子传导的高模量超分子界面层助力实用化锌金属负极江南大学刘天西/陈苏莉、河南大学田志红 Angew（Hot Paper）: 超分子拓展的聚合物电解质助力高能全固态锂金属电池 高分子科技原创文章。欢迎个人转发和分享，刊物或媒体如需转载，请联系邮箱：info@polymer.cn诚邀投稿欢迎专家学者提供稿件（论文、项目介绍、新技术、学术交流、单位新闻、参会信息、招聘招生等）至info@polymer.cn，并请注明详细联系信息。高分子科技®会及时推送，并同时发布在中国聚合物网上。欢迎加入微信群 为满足高分子产学研各界同仁的要求，陆续开通了包括高分子专家学者群在内的几十个专项交流群，也包括高分子产业技术、企业家、博士、研究生、媒体期刊会展协会等群，全覆盖高分子产业或领域。目前汇聚了国内外高校科研院所及企业研发中心的上万名顶尖的专家学者、技术人员及企业家。申请入群，请先加审核微信号PolymerChina（或长按下方二维码），并请一定注明：高分子+姓名+单位+职称（或学位）+领域（或行业），否则不予受理，资格经过审核后入相关专业群。点这里“阅读原文”，查看更多阅读原文首次提出了“动态偶极翻转”界面调控新策略...",,,,pending
华南理工大学张安强教授团队 Macromolecules：悬垂链拓扑构筑层级聚集结构实现聚氨酯弹性体强韧与高效阻尼协同,高分子科技,高分子科技,"RIOnews API, 聚合物新材料, 凝胶, 学术研究, 大学, 教授, 期刊",normal,2026-08-23T11:45:00+08:00,,点击上方“蓝字” 一键订阅聚氨酯弹性体具有结构高度可设计、力学性能优异以及黏弹响应丰富等特点，在振动隔离、冲击防护和噪声控制等领域具有广泛应用前景。然而，传统聚合物阻尼主要依赖玻璃化转变附近的链段运动，因此其有效能量耗散往往局限于较窄的温度和频率范围。与此同时，简单通过在主链中大量引入氢键、离子键或配位键等动态相互作用来增强耗能，又容易限制链段运动并诱发局部应力集中，最终导致材料延展性、回复性或加工性能下降。如何在保持材料力学稳定性的同时拓宽其耗能时间尺度，是高性能阻尼弹性体设计中的关键问题。近日，华南理工大学张安强教授团队提出一种基于悬垂链拓扑与层级聚集结构（hierarchical agg,http://mp.weixin.qq.com/s?__biz=MzA5NjUyNjc5Ng==&mid=2651659017&idx=3&sn=dcbe3b3b87e9dde30c00910452ef60d5,,点击上方“蓝字” 一键订阅聚氨酯弹性体具有结构高度可设计、力学性能优异以及黏弹响应丰富等特点，在振动隔离、冲击防护和噪声控制等领域具有广泛应用前景。然而，传统聚合物阻尼主要依赖玻璃化转变附近的链段运动，因此其有效能量耗散往往局限于较窄的温度和频率范围。与此同时，简单通过在主链中大量引入氢键、离子键或配位键等动态相互作用来增强耗能，又容易限制链段运动并诱发局部应力集中，最终导致材料延展性、回复性或加工性能下降。如何在保持材料力学稳定性的同时拓宽其耗能时间尺度，是高性能阻尼弹性体设计中的关键问题。近日，华南理工大学张安强教授团队提出一种基于悬垂链拓扑与层级聚集结构（hierarchical agg,"点击上方“蓝字” 一键订阅聚氨酯弹性体具有结构高度可设计、力学性能优异以及黏弹响应丰富等特点，在振动隔离、冲击防护和噪声控制等领域具有广泛应用前景。然而，传统聚合物阻尼主要依赖玻璃化转变附近的链段运动，因此其有效能量耗散往往局限于较窄的温度和频率范围。与此同时，简单通过在主链中大量引入氢键、离子键或配位键等动态相互作用来增强耗能，又容易限制链段运动并诱发局部应力集中，最终导致材料延展性、回复性或加工性能下降。如何在保持材料力学稳定性的同时拓宽其耗能时间尺度，是高性能阻尼弹性体设计中的关键问题。近日，华南理工大学张安强教授团队提出一种基于悬垂链拓扑与层级聚集结构（hierarchical aggregates）的聚氨酯弹性体设计策略（图1）：将具有不同作用强度的动态相互作用引入悬垂侧链，通过两性离子聚集以及Zr4+配位进一步构筑层级物理交联结构，其核心优势并非简单来源于增加动态键数量，而在于通过“悬垂链拓扑—多重动态相互作用—层级聚集结构”实现了不同尺度结构单元的协同响应：聚集结构在外界载荷下通过解离、滑移和重组持续耗能，而聚氨酯主网络则承担稳定的力学支撑，从而在一定程度上缓解了传统阻尼弹性体中力学强度与能量耗散能力之间的矛盾。该工作从动态键的空间分布和聚集层级出发，而不仅仅关注动态键本身的数量和强度，为高性能聚氨酯阻尼材料的分子结构设计提供了新的思路，也为振动隔离、冲击防护及噪声控制等领域的高强韧耗能弹性体开发提供了新的参考。2026年8月13日，相关成果以Dangling-Chain Topology Enables Synergistic Dissipation in Hierarchical Aggregate Elastomers为题发表于Macromolecules。论文第一作者为华南理工大学材料科学与工程学院博士生贾伟光，通讯作者为华南理工大学材料学院张安强教授与华南农业大学材料与化学工程学院林雅铃教授。该研究得到了国家自然科学基金和广东省自然科学基金项目的支持。图1. PU-Ix和PU-Ix-CC的合成路线、结构设计及振动耗能机制示意图研究团队首先以PCDL为软段、HMDI和IPDA构筑聚氨酯主链，并将PDMAEMA-diol引入体系形成具有悬垂链特征的聚氨酯结构。随后利用1,3-丙磺酸内酯对PDMAEMA侧链进行两性离子化，在悬垂链上形成季铵盐/磺酸根结构，并进一步引入Zr4+与磺酸根发生配位。由此，体系中同时存在氢键、离子相互作用以及金属配位等多种非共价作用。与将大量动态键直接引入主链不同，这些相互作用主要分布于悬垂链及其聚集区域，使其能够作为相对独立的牺牲物理交联点，在外力作用下承担耗能和应力缓冲功能。为了证明这种层级聚集结构的形成，作者进一步通过TEM/EDS、AFM及SAXS对材料内部微观结构进行了系统表征。其结果表明，未配位试样整体形貌较为均匀，但S元素已经表现出一定程度的局部聚集；在进一步引入Zr4+后，PU-Ix-CC中出现了更加明显的相分离结构，并观察到S和Zr元素的共同富集（图2c-f）。而随着两性离子化程度提高以及配位作用的引入，聚集相尺寸明显增大。SAXS结果进一步表明，散射强度和电子密度差异逐渐增强，聚集相特征间距逐渐减小，说明体系由较为松散、无序的局部聚集逐步演化为更加致密的聚集结构（图2h-i）。图2. PU-Ix和PU-Ix-CC的热性能、微观形貌及聚集结构表征基于时间—温度叠加原理构建的主曲线显示，PU-I30-CC在高达107 rad/s的频率范围内仍未出现G’与G”的交点，表明其在较高频率下仍可维持稳定的橡胶态特征。与此同时，在102 rad/s以上，其tanδ始终保持在0.3以上，并在107 rad/s附近达到约0.7，体现出较好的高频能量耗散能力（图3a）。值得注意的是，随着剪切应变由0.1%逐渐提高至500%，PU-I30-CC的阻尼响应显著增加，在500%应变附近达到初始水平的210%以上（图3f）。这种明显的应变响应型耗能行为表明，材料内部的动态结构并非静态物理交联点，而是能够在大形变过程中持续通过滑移、解离及重组参与能量耗散。图3. PU-Ix和PU-Ix-CC的流变、应力松弛及应变响应行为层级聚集结构的引入并未以牺牲力学性能为代价，反而赋予材料优异的增强增韧效果（图4）。优化后的PU-I30-CC表现出约45.0 MPa的拉伸强度、1292%的断裂伸长率、30.0 MPa的杨氏模量以及272.6 MJ/m3的韧性，实现了高强度、高延展性和高韧性的协同。此外，由于体系主要依赖可逆非共价作用维持层级结构，PU-I30-CC仍保留了较好的网络重构能力。经过多次溶解再加工后，材料在后续循环中的力学性能变化较小，说明高温和溶剂处理可以使动态相互作用暂时解离，并在重新成膜后恢复聚集网络。图4. PU-Ix和PU-Ix-CC的拉伸性能及循环再加工性能为了进一步阐明材料在拉伸过程中的耗能机制，作者通过循环拉伸、双对数力学分析、原位拉伸SAXS以及二维相关红外光谱建立了从宏观力学响应到微观结构演变的完整证据链（图5）。原位拉伸SAXS直接揭示了层级聚集结构在拉伸过程中经历“解离—重排—取向”的动态演化，证明这些聚集结构能够通过持续重构参与能量耗散（图5f）。同时，结合变温FTIR与2D-COS分析，作者进一步发现氢键、两性离子缔合以及金属配位之间存在耦合且具有不同的响应先后关系，说明该材料内部形成了一个具有多尺度、分阶段响应特征的动态物理交联网络（图5g-i）。图5. 循环耗能、三阶段力学分析、原位SAXS及2D-COS表征在完成结构和机理分析后，作者进一步通过落球冲击实验验证材料在实际高速加载条件下的防护能力。其结果表明，得益于独特的结构设计，该聚氨酯弹性体在一定程度上能够很好地耗散高频条件下的能量，进而保护脆弱物体，其性能优于未填充的硫化天然橡胶（图6）。图6. 与天然橡胶等材料的落球冲击及实际防护对比原文链接：https://doi.org/10.1021/acs.macromol.6c01161相关进展华南理工张安强教授、华南农大林雅铃教授 ACS AMI：仿生磷酸钙结晶度调控 - 稀土回收的结构依赖性吸附机理与荧光检测华南理工大学张安强教授团队 Macromolecules：反应性粗粒化模拟解析多组分聚氨酯微相分离动态过程华南理工张安强教授、华南农大林雅铃教授 CEJ：基于聚合速率差异诱导疏水聚集相分离制备强韧低滞后离子液体水凝胶华南理工大学张安强教授团队 Macromolecules：集成分子动力学与机器学习的多组分聚氨酯弹性体性能预测与解释华南理工张安强教授团队 CEJ：基于相分离形成软硬异质结构和阳离子-π相互作用的机械强韧性防水离子凝胶实现水下粘附和传感华南理工大学张安强教授课题组 ACS AMI：基于聚硅氧烷的印迹聚合物用于香蕉枯萎病菌的现场快速检测华南理工大学张安强教授课题组《ACS AMI》：基于不饱和羧基-氨基离子相互作用制备的自修复、自粘性CNT/聚硅氧烷应变传感器 高分子科技原创文章。欢迎个人转发和分享，刊物或媒体如需转载，请联系邮箱：info@polymer.cn诚邀投稿欢迎专家学者提供稿件（论文、项目介绍、新技术、学术交流、单位新闻、参会信息、招聘招生等）至info@polymer.cn，并请注明详细联系信息。高分子科技®会及时推送，并同时发布在中国聚合物网上。欢迎加入微信群 为满足高分子产学研各界同仁的要求，陆续开通了包括高分子专家学者群在内的几十个专项交流群，也包括高分子产业技术、企业家、博士、研究生、媒体期刊会展协会等群，全覆盖高分子产业或领域。目前汇聚了国内外高校科研院所及企业研发中心的上万名顶尖的专家学者、技术人员及企业家。申请入群，请先加审核微信号PolymerChina（或长按下方二维码），并请一定注明：高分子+姓名+单位+职称（或学位）+领域（或行业），否则不予受理，资格经过审核后入相关专业群。点这里“阅读原文”，查看更多阅读原文提出一种基于悬垂链拓扑与层级聚集结构的聚氨酯弹性体设计策略...",,,,pending
前沿智库 | 经济合作与发展组织OECD：法国竞争力集群20年，国家集群政策如何持续升级,今日新材料,今日新材料,"RIOnews API, 新材料, 量子, 绿色, 合作进展, 融资, 投资, 合作, 技术进展, 最新进展, 技术验证",normal,2026-08-23T11:30:00+08:00,,国际产业集群专刊引领制造业高质量发展深化集群高水平交流合作构建国际先进产业集群网络智库观点经济合作与发展组织（OECD）：法国竞争力集群20年，国家集群政策如何持续升级2005年，法国正式启动“竞争力集群”政策，希望通过企业、高校和科研机构之间的协同创新提升国家产业竞争力。20余年后，这项政策已经从最初支持联合研发，逐步扩展到中小企业成长、技术商业化、欧洲合作以及数字化和绿色转型。2026年，经济合作与发展组织（OECD）发布专题研究，对这一长期运行的国家级集群政策进行了系统梳理和评估。目前，法国共有55个获得“竞争力集群”标签的集群。自政策实施以来，累计吸引约1.8万家企业和2000家科研机,http://mp.weixin.qq.com/s?__biz=MzkwMTEzMjE5OQ==&mid=2247683749&idx=8&sn=fd1042562e9601a050e7cdaa0656b763,,国际产业集群专刊引领制造业高质量发展深化集群高水平交流合作构建国际先进产业集群网络智库观点经济合作与发展组织（OECD）：法国竞争力集群20年，国家集群政策如何持续升级2005年，法国正式启动“竞争力集群”政策，希望通过企业、高校和科研机构之间的协同创新提升国家产业竞争力。20余年后，这项政策已经从最初支持联合研发，逐步扩展到中小企业成长、技术商业化、欧洲合作以及数字化和绿色转型。2026年，经济合作与发展组织（OECD）发布专题研究，对这一长期运行的国家级集群政策进行了系统梳理和评估。目前，法国共有55个获得“竞争力集群”标签的集群。自政策实施以来，累计吸引约1.8万家企业和2000家科研机,国际产业集群专刊引领制造业高质量发展深化集群高水平交流合作构建国际先进产业集群网络智库观点经济合作与发展组织（OECD）：法国竞争力集群20年，国家集群政策如何持续升级2005年，法国正式启动“竞争力集群”政策，希望通过企业、高校和科研机构之间的协同创新提升国家产业竞争力。20余年后，这项政策已经从最初支持联合研发，逐步扩展到中小企业成长、技术商业化、欧洲合作以及数字化和绿色转型。2026年，经济合作与发展组织（OECD）发布专题研究，对这一长期运行的国家级集群政策进行了系统梳理和评估。目前，法国共有55个获得“竞争力集群”标签的集群。自政策实施以来，累计吸引约1.8万家企业和2000家科研机构参与，其中约四分之三的企业为中小企业。法国的经验表明，成熟的集群政策并不是一次确定后长期不变，而是在保持企业协作和联合创新这一核心功能的同时，根据产业竞争环境不断调整政策目标和治理方式。一、从联合研发到产业转型：集群政策经历五个阶段法国竞争力集群最初以特定区域和共同产业方向为基础，将企业、大学和科研机构组织起来，推动联合研发、知识转移和技术创新。集群管理机构既帮助成员寻找合作伙伴，也提供技术、法律和融资咨询，并协助企业获得法国和欧盟的研发资金。随着产业环境变化，法国不断调整集群政策重点。2005-2012年的前两个阶段主要解决“企业和科研机构如何合作”的问题，重点建立区域创新网络并支持联合研发项目。2013-2018年的第三阶段开始更加重视经济和就业效果，政策支持由研发环节进一步延伸到产品进入市场，并加强对创新型中小企业的扶持。2019-2022年的第四阶段将重点转向欧洲合作和优势集群重组，推动法国集群进入更广泛的欧洲产业网络。2023-2026年的第五阶段则与“法国2030”计划结合，重点推动区域合作、中小企业欧洲市场拓展以及数字化和绿色转型。这一演变反映出法国集群政策目标的变化：集群最初主要承担“组织联合研发”的功能，随后逐渐成为技术商业化、中小企业发展和国家产业转型的实施平台。二、国家定方向、地方做治理：形成多层级集群管理模式法国竞争力集群采取国家、区域和地方共同参与的治理结构。中央政府负责制定总体战略，并通过“竞争力集群”标签保证集群质量和政策信誉；地方政府则根据本地区既有产业和科研能力识别优势集群，并参与具体运营和资金支持。2019年以后，法国开始逐步将集群治理权向大区转移。第五阶段进一步将运营资金转交地方，由大区成为竞争力集群的主要政府联系人。不过，中央政府仍然掌握标签认定和国家战略方向，并将集群纳入“法国2030”等国家产业与创新政策。具体集群通常由独立的非营利协会运营，其成员包括企业、高校、科研机构和地方政府。管理机构负责组织企业合作、培育创新项目、帮助成员申请公共资金、开展国际化合作，并协助企业推进数字化和绿色转型。法国最初在2005-2007年间认定了71个竞争力集群，经过多轮重新评估、合并和退出，目前保留55个。竞争力集群标签通常有效期为4年，通过周期性重新认定，法国逐渐从“大量建设集群”转向培育数量更少、规模更大、国际竞争力更强的集群。三、公共资金不是长期“输血”，而是撬动企业研发投入法国集群管理机构的资金来源也逐渐多元化。2022年，55个竞争力集群管理机构的运营资金约为6400万欧元，其中私人资金约占55%，地方政府约占31%，国家资金约占14%。随着集群治理地方化，中央政府运营资金从2019年的1800万欧元下降到2022年的900万欧元，地方政府和企业会员承担了更多运营成本。相比集群管理机构的日常运营费用，法国政策真正投入较大的部分是企业联合研发。2007-2018年间，各类联合研发支持计划每年资金规模约为5亿欧元。自2005年以来，竞争力集群政策累计连接1.8万家创新企业和2000家科研机构及实验室，支持约2000个创新项目，并带动约75亿欧元投资。政策评估显示，中小企业是集群政策最明显的受益者。多项研究发现，参与竞争力集群和联合研发项目后，中小企业会增加自身研发投入，公共资金没有简单替代企业原有研发支出。OECD总结认为，每投入1欧元公共资金，中小企业通常会增加约2.5-2.8欧元私人研发投入。四、运行20年后，集群政策也出现新的瓶颈法国经验同时表明，集群政策并不能自动产生所有预期效果。首先，不同规模企业获得的收益并不相同。中小企业的研发投入和研发就业增长较为明显，但部分中大型企业出现公共资金替代原有私人研发投入的情况。早期评估也没有发现集群参与能够显著提高企业营业收入、出口和增加值，说明研发合作转化为市场收益往往需要更长时间。其次，集群可能强化已有创新网络，却未必能够扩大网络边界。相关研究发现，法国竞争力集群更多加强了原有核心企业和科研机构之间的联系，对规模较小、位置相对边缘的企业吸纳不足。这意味着，集群越成熟，越需要主动寻找新的参与者，避免合作长期集中于少数核心机构。此外，随着治理权向地方转移，地方参与度得到提高，但也出现区域资源差异扩大、国家协调能力减弱以及政策碎片化的风险。OECD认为，即使集群政策高度区域化，中央政府仍有必要维持一定程度的战略协调。五、从“建集群”到“持续更新集群”法国20余年的实践说明，国家集群政策的关键并不是一次性认定一批产业集群，而是建立一套能够长期调整的机制。法国始终保留了两个基本功能：一方面，通过专业集群组织连接企业、高校和科研机构；另一方面，通过公共资金降低企业开展联合研发的成本。在此基础上，政策目标可以随着产业环境变化，从联合研发延伸到商业化、中小企业成长、国际合作，再进一步进入数字化、绿色转型和战略自主领域。与此同时，集群本身也要经历重新认定、整合甚至退出。国家负责保持政策方向和集群品牌的可信度，地方负责结合区域产业优势组织实施，专业集群机构则负责把宏观产业政策转化为企业可以参与的合作项目。因此，法国竞争力集群20年的一个重要启示在于：成熟的集群政策不是不断增加集群数量，而是不断更新集群的功能。当产业竞争的重点发生变化，集群也需要从企业交流网络逐步升级为联合研发、技术商业化、产业转型和国际合作的平台。国际集群动态美国康涅狄格州投资2000万美元建设哈特福德创新集群 8月13日，美国康涅狄格州宣布投资2000万美元，在哈特福德市中心建设约10万平方英尺的哈特福德创新中心旗舰园区，资金来自该州“创新集群计划”。新集群将重点连接保险科技、金融科技、人工智能、量子技术等领域的企业、初创公司、高校和投资机构，并为企业提供联合办公、技术验证和产业合作空间。康涅狄格州的“创新集群计划”将在五年内投入最高1亿美元，重点培育生物技术、金融科技、保险科技和先进制造等优势产业集群。捷克国家半导体集群与科研、招商机构建立联合协作机制5月27日，捷克国家半导体集群、布尔诺理工大学捷克半导体中心和捷克投资促进局CzechInvest签署合作备忘录。三方将围绕《国家半导体战略2029》和欧盟《芯片法案》，共同组织新投资和产业项目，加快技术转移，并推动更多捷克企业进入欧洲及全球半导体供应链。此次合作将集群组织、科研机构和国家招商部门纳入同一协调框架，使国家半导体集群进一步承担产业招商、技术协作和国际供应链连接功能。欧洲包装产业集群推动建立跨境集群联盟7月1日，欧洲集群合作平台公布EPIC项目最新进展。来自欧洲不同地区的包装产业集群正在推动建立欧洲包装产业集群联盟，连接包装设备企业、材料创新企业、包装制造商、终端用户、科研机构和公共部门。联盟将重点推动跨区域技术转移、循环包装技术商业化以及中小企业合作，把原本分散在各地区的包装创新生态连接成欧洲层面的产业网络。相关项目还将通过联合研发和中小企业资助机制，推动成熟度较高的绿色包装技术跨区域应用。来源：产业集群卓越计划,,,,pending
一流期刊 | PNSMI 研究精选：福州大学侯琳熙、葛雪惠教授构筑镍钴氢氧化物/氮掺杂多孔碳复合电极，突破混合超级电容器储能性能瓶颈,今日新材料,今日新材料,"RIOnews API, 新材料, 电池, 绿色, 电解液, 学术研究, 大学, 教授, 期刊",normal,2026-08-23T11:30:00+08:00,,导语随着可再生能源规模化发展，高效储能技术对兼具高能量密度和长循环寿命的电极材料提出了更高要求。混合超级电容器（HSCs）融合了电池和超级电容器的优势，但受限于电极材料电子传输效率低、活性位点利用不足及结构稳定性差等问题，其进一步发展仍面临挑战。过渡金属氢氧化物具有丰富氧化还原活性和高理论容量，但纳米结构易团聚、导电性不足，限制了其储能性能发挥。针对上述问题，福州大学侯琳熙、葛雪惠教授团队通过高内相乳液（HIPE）模板法与化学浴沉积技术，构建了NiₓCo₁−ₓ(OH)₂/N掺杂多孔碳（NiₓCo₁−ₓ(OH)₂/NPC）纳米复合电极。三维互连多孔碳骨架为电子传输和离子扩散提供高效通道，同时促进,http://mp.weixin.qq.com/s?__biz=MzkwMTEzMjE5OQ==&mid=2247683749&idx=7&sn=8960cb039175494367556d855f66d78a,,导语随着可再生能源规模化发展，高效储能技术对兼具高能量密度和长循环寿命的电极材料提出了更高要求。混合超级电容器（HSCs）融合了电池和超级电容器的优势，但受限于电极材料电子传输效率低、活性位点利用不足及结构稳定性差等问题，其进一步发展仍面临挑战。过渡金属氢氧化物具有丰富氧化还原活性和高理论容量，但纳米结构易团聚、导电性不足，限制了其储能性能发挥。针对上述问题，福州大学侯琳熙、葛雪惠教授团队通过高内相乳液（HIPE）模板法与化学浴沉积技术，构建了NiₓCo₁−ₓ(OH)₂/N掺杂多孔碳（NiₓCo₁−ₓ(OH)₂/NPC）纳米复合电极。三维互连多孔碳骨架为电子传输和离子扩散提供高效通道，同时促进,"导语随着可再生能源规模化发展，高效储能技术对兼具高能量密度和长循环寿命的电极材料提出了更高要求。混合超级电容器（HSCs）融合了电池和超级电容器的优势，但受限于电极材料电子传输效率低、活性位点利用不足及结构稳定性差等问题，其进一步发展仍面临挑战。过渡金属氢氧化物具有丰富氧化还原活性和高理论容量，但纳米结构易团聚、导电性不足，限制了其储能性能发挥。针对上述问题，福州大学侯琳熙、葛雪惠教授团队通过高内相乳液（HIPE）模板法与化学浴沉积技术，构建了NiₓCo₁−ₓ(OH)₂/N掺杂多孔碳（NiₓCo₁−ₓ(OH)₂/NPC）纳米复合电极。三维互连多孔碳骨架为电子传输和离子扩散提供高效通道，同时促进活性材料均匀分散。优化后的复合电极在1 A g⁻¹电流密度下实现1392 F g⁻¹高比容量，组装的混合超级电容器达到118.9 Wh kg⁻¹能量密度，并在5000次循环后保持80.7%的容量保持率。该研究为高性能储能电极材料设计提供了新策略。文章信息DOI: https://doi.org/10.1016/j.pnsc.2025.06.003文章亮点速览亮点一｜三维多孔碳提升传输能力研究内容：研究团队采用高内相乳液（HIPE）模板聚合结合高温热解技术，构建了具有三维互连孔结构的N掺杂多孔碳（NPC）骨架。该结构具有高比表面积和连续导电网络，可促进电解液渗透与离子快速扩散，同时缩短电子传输路径。N元素掺杂进一步优化碳材料电子结构和界面性能，为Ni-Co氢氧化物均匀负载提供稳定载体。研究价值：构建高效导电和离子传输平台，有效提升电极反应动力学，为解决储能材料导电性不足和活性位点利用率低等问题提供新策略。亮点二｜Ni-Co协同实现高容量储能研究内容：针对单一过渡金属氢氧化物导电性不足和结构稳定性有限的问题，研究团队引入Ni、Co双金属协同作用，构建NiₓCo₁−ₓ(OH)₂/NPC复合电极。通过调控Ni²⁺/Co²⁺比例，实现活性组分均匀生长和结构优化。其中，Ni(OH)₂提供丰富氧化还原活性位点，Co元素改善电子传输能力并增强结构稳定性，使复合材料在1 A g⁻¹电流密度下实现1392 F g⁻¹高比容量。研究价值：通过双金属协同调控突破传统过渡金属氢氧化物性能瓶颈，实现高容量与稳定性的兼顾，为高性能电极材料设计提供理论依据。亮点三｜混合超级电容器高效储能研究内容：基于优化后的NiₓCo₁−ₓ(OH)₂/NPC正极材料，研究团队进一步匹配活化N掺杂多孔碳负极，组装NiₓCo₁−ₓ(OH)₂/NPC//ANPC混合超级电容器。该器件充分发挥正负极材料协同优势，实现118.9 Wh kg⁻¹能量密度，并在5000次循环后保持80.7%的容量保持率。研究价值：实现从电极材料设计到储能器件构筑的性能提升，验证了Ni-Co氢氧化物/多孔碳复合体系在高能量密度、长寿命储能领域的应用潜力。文章核心图表结语随着新能源产业快速发展，高效、安全、长寿命储能技术成为支撑可再生能源应用的重要基础。混合超级电容器凭借高功率输出和快速响应优势，在新能源汽车、智能电网以及便携式电子设备等领域展现出广阔应用前景。然而，如何进一步提升电极材料能量密度、电子传输能力以及循环稳定性，仍是限制其发展的关键挑战。福州大学侯琳熙、葛雪惠教授团队通过构建三维N掺杂多孔碳骨架，并结合Ni-Co双金属氢氧化物纳米结构调控，实现了电极材料性能的全面优化。该研究建立了从多孔结构设计、活性组分调控到器件性能提升的完整策略，为高性能混合超级电容器材料开发提供了新的技术路径，并有望推动先进储能器件向高效率、长寿命和规模化应用方向迈进。作者介绍侯琳熙福州大学教授、博士生导师侯琳熙，福州大学至诚学院院长、石油化工学院教授、博导，国家科技创新领军人才、福建省百千万工程领军人才。本硕博均就读浙江大学，新加坡南洋理工访问学者，拥有多年高校管理与产学研经验。主攻新型界面材料绿色合成、高端电子化学品设计研发，主持2项国家自然科学基金、三十余项省市级与企业横向课题，聚焦芯片清洗剂、阻燃涂层、催化材料等产业化方向。以通讯/一作在ACS、Chemical Engineering Journal 等权威期刊发表多篇论文，授权发明专利40余项。兼任石化联合会电子化学品专委会委员，主讲化工原理等本硕核心课程，科研成果落地多家电子、电力龙头企业。葛雪惠福州大学教授、博士生导师葛雪惠，福州大学化工学院教授、博导，化工系主任，福州大学-恒申化工产业创新研究院副院长。清华大学本硕博，哈佛大学联合培养博士，入选福建省C类高层次人才、泉州市第二层次高层次人才、福大旗山学者。兼任中国化工学会青年工委会副秘书长。长期聚焦微流控技术、多相乳液微胶囊、己内酰胺精细化学品研究，主持国自然青年、面上及多项省级、企业横向课题。以一作/通讯在AIChE J、Chem. Soc. Rev、CES 等顶刊发表论文20余篇，含ESI高被引论文，授权专利6项，获中国化工学会基础研究一等奖。阅读原文点击链接，获取文章全文：https://www.sciencedirect.com/science/article/abs/pii/S1002007125000887点击文末“阅读全文”，轻松跳转到完整文章页面，精彩内容不容错过！中国材料研究学会期刊与征稿指南学会旗下主要学术期刊1. Progress in Natural Science: Materials International (PNSMI):期刊介绍：Progress in Natural Science: Materials International (PNSMI) 是一本 SCI 收录的国际化综合类英文材料学术期刊，当前影响因子（IF）为 7.4，CiteScore 为 10.0，位列 JCR Q1。期刊已被 SCIE、Scopus、Ei Compendex、INSPEC 等国际权威数据库收录。近年来，PNSMI 持续提升国际学术影响力，先后入选2019年中国科技期刊卓越行动计划，并于2023—2025年连续三年入选“中国最具国际影响力学术期刊”。2025年获评学术影响力卓越期刊，并于2025—2026年连续入选中国科协“提能拓展计划”，持续获得重点支持与培育。期刊领域：期刊涵盖材料科学各领域的基础与应用研究，重点关注能源与环境材料、功能与电子材料、先进结构材料及纳米材料等方向。投稿入口：https://www.editorialmanager.com/pnsmi/期刊近两年论文分类汇总：2024&2025 PNSMI 论文汇总.xlsx2. Transactions of Materials Research (TMR):期刊领域：Materials Frontier（前沿材料与交叉学科）：面向材料科学的最新突破性进展与交叉研究成果；Metallic Materials（金属材料）：金属材料科学与技术领域的原创性研究、关键机制揭示或技术突破；Inorganic Materials（无机非金属材料）：陶瓷、玻璃、碳基材料、复合材料等重要基础研究与应用进展；Polymer Materials（高分子材料）：高分子材料的重要理论进展、结构调控策略与性能提升研究。投稿入口：https://submit.elsevier.com/TRAMAT3. Review of Materials Research (RMR) :期刊领域：Flash Report（快速报道）：前沿重大突破或原创进展；Concise Reviews（简明评论）：热点领域的简明综述；Comprehensive Survey（研究进展综述）：重要领域的系统性综；Strategic Commentary（战略评述）：针对重大科研战略领域的专题评述。投稿入口：https://submit.elsevier.com/REVMATTMR/RMR近一年论文分类汇总：2025 TMR/RMR 论文汇总投稿政策1. PNSMI：期刊提供开放获取（OA）模式，需支付出版费2790美元,以及版面费；选择订阅模式则仅需缴纳版面费。2. TMR/RMR :1.免除一切出版费用；2.颁发“中国材料研究学会特邀论文发表证书”；3.评选10%优秀论文，颁发“中国材料研究学会优秀论文证书”和“中国材料研究学会高水平论文”在中国材料大会上公开表彰；4.给予论文作者学会人才举荐、科学技术奖、青年科技奖、博士论文创新奖、理事增选、二级分会设立、特邀报告等人才培养领域同等条件优先的政策。TMR / RMR 期刊详情及投稿指南，可点击下方公众号查看。期刊详细信息咨询，请联系马老师：微信：abcdmy182电话：***********邮箱：mayan@cmrs.org.cn｜Transactions of Materials Research (TMR)｜Review of Materials Research (RMR)出品｜中国材料研究学会来源｜中国材料研究学会期刊中心作者｜马艳排版｜马艳",,,,pending
研究透视 | 孙学良院士领衔！全固态锂电池-越薄越漏 Nature Energy,今日新材料,今日新材料,"RIOnews API, 新材料, 电池, 学术研究, 大学, 教授",normal,2026-08-23T11:30:00+08:00,,全固态电池All-solid-state batteries (ASSBs)采用无机固态电解质solid-state electrolytes (SSEs) ，因具有高能量密度和更高的安全性，在下一代电动汽车electric vehicles (EVs)领域潜力巨大。然而，自放电行为是电动汽车的关键指标之一，迄今尚未得到充分研究。近日，宁波东方理工大学讲席教授、中国工程院外籍院士孙学良与助理教授王长虹团队在Nature Energy上发文，报道了固态电解质的电子电导率（通常在10⁻⁸–10⁻⁹ S cm⁻¹量级），会导致全固态电池出现显著的物理自放电，尤其当固态电解质厚度在数十微米量级时更为明,http://mp.weixin.qq.com/s?__biz=MzkwMTEzMjE5OQ==&mid=2247683749&idx=2&sn=e324c3c75c0798b18a7cccde955ba4ec,,全固态电池All-solid-state batteries (ASSBs)采用无机固态电解质solid-state electrolytes (SSEs) ，因具有高能量密度和更高的安全性，在下一代电动汽车electric vehicles (EVs)领域潜力巨大。然而，自放电行为是电动汽车的关键指标之一，迄今尚未得到充分研究。近日，宁波东方理工大学讲席教授、中国工程院外籍院士孙学良与助理教授王长虹团队在Nature Energy上发文，报道了固态电解质的电子电导率（通常在10⁻⁸–10⁻⁹ S cm⁻¹量级），会导致全固态电池出现显著的物理自放电，尤其当固态电解质厚度在数十微米量级时更为明,"全固态电池All-solid-state batteries (ASSBs)采用无机固态电解质solid-state electrolytes (SSEs) ，因具有高能量密度和更高的安全性，在下一代电动汽车electric vehicles (EVs)领域潜力巨大。然而，自放电行为是电动汽车的关键指标之一，迄今尚未得到充分研究。近日，宁波东方理工大学讲席教授、中国工程院外籍院士孙学良与助理教授王长虹团队在Nature Energy上发文，报道了固态电解质的电子电导率（通常在10⁻⁸–10⁻⁹ S cm⁻¹量级），会导致全固态电池出现显著的物理自放电，尤其当固态电解质厚度在数十微米量级时更为明显。为抑制这种物理自放电，需要将固态电解质的电子电导率降低至约10⁻¹² S cm⁻¹。然而，目前常见的固态电解质，均未达到这一阈值。因此，要减少全固态电池中的物理自放电，未来研究不仅需要开发电子电导率更低的固态电解质，还需进行合理的界面设计和全电池设计。该项研究，为全固态电池的自放电现象提供了关键见解，或将为该类电池的未来设计与开发带来新方向。Electronic conductivity of solid electrolytes causes physical self-discharge in all-solid-state batteries. 固态电解质的电子电导率，会导致全固态电池发生物理自放电。图1：典型无机固体电解质的离子与电子电导率对比分析图2：模拟ASSBs的物理自放电行为与无机SSEs的电子导电率及厚度之间的关系图3：ASSBs自放电的实验验证图4：缓解ASSBs中物理自放电现象的多尺度策略文献链接Wang, C., Xu, R., Zhong, Y. et al. Electronic conductivity of solid electrolytes causes physical self-discharge in all-solid-state batteries. Nat Energy (2026). https://doi.org/10.1038/s41560-026-02090-x本文译自Nature。来源：今日新材料仅代表译者观点。若有误，请联系修改；若侵权，请联系删除！",,,,pending
近期学术圈很火的富锂锰基技术，下一代高能量密度锂电池的破局之路,今日锂电,今日锂电,"RIOnews API, 新材料, 电池材料, 碳, 高比能, 锂金属, 富锂锰, 硅, 固态电池, 固态电解质, 新型电解液, 晶格氧, 钠离子电池, 钠电, 学术研究, 大学, 期刊, 技术进展, 技术突破, 技术攻关, 性能突破, 工艺优化, 掺杂改性, 颠覆性技术, 前沿技术",normal,2026-08-23T11:14:59+08:00,,作为工信部明确的固态电池三大核心攻关材料之首，富锂锰基正极材料凭借其独特的阴离子氧化还原机制，正在突破传统正极材料的容量天花板。从Nature论文的快速化成策略到产业端的吨级交付，富锂锰基正从实验室走向规模化量产的前夜。今日锂电带您深度解析这一颠覆性技术的前沿进展与产业化路径。一、国家战略定位与技术天花板【工信部定调】2026年6月30日，工信部在中国汽车动力电池产业创新联盟年度论坛明确，重点突破全固态电池、高比能锂离子电池等关键技术，加大富锂锰基正极、硅基负极、固态电解质等材料攻关。富锂锰基被列为固态电池三大核心攻关材料之首。【性能天花板】富锂锰基理论比容量250-300mAh/g（远超NC,http://mp.weixin.qq.com/s?__biz=MzkyNzc0MDc0MA==&mid=2247519064&idx=1&sn=94501ae00d02b6fcb7e5bb41c79d1d1a,,作为工信部明确的固态电池三大核心攻关材料之首，富锂锰基正极材料凭借其独特的阴离子氧化还原机制，正在突破传统正极材料的容量天花板。从Nature论文的快速化成策略到产业端的吨级交付，富锂锰基正从实验室走向规模化量产的前夜。今日锂电带您深度解析这一颠覆性技术的前沿进展与产业化路径。一、国家战略定位与技术天花板【工信部定调】2026年6月30日，工信部在中国汽车动力电池产业创新联盟年度论坛明确，重点突破全固态电池、高比能锂离子电池等关键技术，加大富锂锰基正极、硅基负极、固态电解质等材料攻关。富锂锰基被列为固态电池三大核心攻关材料之首。【性能天花板】富锂锰基理论比容量250-300mAh/g（远超NC,"作为工信部明确的固态电池三大核心攻关材料之首，富锂锰基正极材料凭借其独特的阴离子氧化还原机制，正在突破传统正极材料的容量天花板。从Nature论文的快速化成策略到产业端的吨级交付，富锂锰基正从实验室走向规模化量产的前夜。今日锂电带您深度解析这一颠覆性技术的前沿进展与产业化路径。一、国家战略定位与技术天花板【工信部定调】2026年6月30日，工信部在中国汽车动力电池产业创新联盟年度论坛明确，重点突破全固态电池、高比能锂离子电池等关键技术，加大富锂锰基正极、硅基负极、固态电解质等材料攻关。富锂锰基被列为固态电池三大核心攻关材料之首。【性能天花板】富锂锰基理论比容量250-300mAh/g（远超NCM811的220mAh/g），单体电芯能量密度有望突破400Wh/kg。锰储量占全球约20-25%，资源自主可控，成本较钴（超30万/吨）、镍（15万/吨）优势显著。【三大技术关卡】首次充放电效率偏低（传统不足80%）、循环电压持续衰减（Mn3+迁移致层状→尖晶石相变）、高电压下晶格氧析出引发界面副反应。行业通过掺杂改性、超离子导电剂、高压电解液匹配等手段，部分企业已将首效提升至95%以上，3C放电保持率从57.8%提升至95.1%。二、顶级期刊重磅突破【Nature：快速化成策略破解高容量与长循环难以兼得】6月17日，厦门大学材料学院彭栋梁、谢清水团队联合美国西北大学李坚涛博士在Nature发表论文""Fast formation to reinforce lithium-rich cathodes""。研究针对富锂锰基正极材料""高容量与长循环难以兼得""的行业痛点，创新提出高效快速化成策略：核心发现：采用高速率化成时，正极材料中残余锂离子通过自钉扎效应有效抑制化成过程中的结构劣化；快速化成阶段诱导的低浓度结构缺陷，能够降低后续更高荷电状态下循环时材料的晶格应变累积。性能突破：比容量提升20%，循环性能提升36%。普适性：可推广到不同成分的富锂正极材料，适配不同电解液体系与不同负极材料（石墨、钛酸锂、锂金属等）。第一作者：厦门大学材料学院2022级博士生范孟健。资助：国家自然科学基金项目（52431009、U22A20118、52272240）、福建省科技计划项目（2023H0003）、中央高校基本科研业务费（20720220074、20720240053）、香港研究资助局RGC GRF（CityU 11215524）。同步辐射支持：高能同步辐射光源HEPS-ID07（高能X射线局域结构）、HEPS-ID30（微纳尺度三维化学态成像）、北京同步辐射装置BSRF 1W1B（吸收谱学证据）。【Nature Nanotechnology：共格孪晶破解厚电极传输瓶颈】7月10日，厦门大学材料学院彭栋梁、谢清水团队联合美国西北大学李坚涛博士在Nature Nanotechnology发表论文""Coherent twins for manufacturing thick Lithium-rich battery positive electrodes""。研究针对富锂锰基正极材料二维层状结构不利于三维离子传输的缺点：核心创新：在材料体相中构筑共格孪晶结构（CTBs），构建准三维锂离子扩散网络，突破层状结构二维离子传输瓶颈。引入的CTBs还能降低晶格应力累积，大幅提升材料结构稳定性。性能表现：面载量47.9mg/cm²的富锂超厚正极面容量达13.0mAh/cm²，并在多种软包电池体系中验证可行性。应用价值：该策略从电极材料层面设计出发，无需额外操作工艺，适配现有电池制造产线。第一作者：厦门大学材料学院2021级博士生高贵阳。【Nature：负热膨胀效应让锂电池""返老还童""】4月16日，中科院宁波材料所动力锂电池工程实验室刘兆平研究员、邱报副研究员等在Nature发表论文""Negative-thermal expansion and oxygen-redox electrochemistry""：核心发现：富锂锰基正极材料在150℃-250℃温域内表现出反常的负热膨胀（NTE）效应——晶胞体积随温度升高反而收缩，这一现象有悖于传统""热胀冷缩""规律，且在其他氧活性正极材料中具普适性。应用价值：这种""遇热收缩""行为可以帮助老化的锂电池恢复电压，让锂电池""返老还童""，为开发更智能、更耐用的下一代高比能锂电池提供全新思路。团队：第一作者为宁波材料所研究人员，通讯作者刘兆平*、邱报*。【Nature Communications：硫化物全固态电池中的氧氧化还原与界面稳定性】6月29日，厦门大学能源学院和化学化工学院在Nature Communications发表论文""Interplay between oxygen redox and interfacial stability of Li-rich positive electrodes in sulfide-based all-solid-state batteries""：核心机制：系统研究富锂锰基正极在硫化物电解质（Li6PS5Cl）体系中的界面演化，揭示不可逆晶格氧氧化还原在高电位下诱导电解质分解、形成多孔含氧副产物、主导界面阻抗的机理。放电驱动的副产物还原（2.6-2.0V）可通过锂嵌入促进界面重构、增强离子传输动力学、实现可逆氧氧化还原。预激活策略：提出3.9-2.0V预循环+氧改性Li6PS5Cl策略，加速界面稳定化、提升首圈氧氧化还原利用率。性能：10mA/g下比容量318mAh/g，200mA/g下226mAh/g，60℃下500圈循环容量保持率83.2%。共同第一作者：Yuqi Wu、Fucheng Ren。通讯作者：龚正良*（gongzl@xmu.edu.cn）、杨勇*（yyang@xmu.edu.cn）。资助：国家自然科学基金（22279108、22261160570）、福建省产学研联合创新项目（2024H6024）、厦门市关键技术研发项目（3502Z20241033）。同步辐射：上海同步辐射装置BL20U2站共振非弹性散射（RIXS）。【Advanced Materials：Nb5+体相掺杂+F-表面修饰协同优化】杭州电子科技大学碳中和新能源研究院硕士生郭泷仁在Advanced Materials发表论文""Integrating Bulk Nb Doping and F Surface Layer to Construct a Robust Li-Rich Mn-Based Layered Cathode with Stable Structure-Interface Coupling""：协同策略：Nb5+体相掺杂强化过渡金属-氧骨架稳定性，抑制氧释放和金属离子迁移；F-表面修饰构建致密无机防护层，隔离电解液、抑制界面副反应。二者协同形成富氧空位混合相表面重构层，大幅提升Li+传输效率。性能：1C循环100次容量保持率89.7%，3C循环300次保持率78.4%，电压衰减率仅3.3mV/cycle，快充条件下容量保持率87.5%。第一作者：郭泷仁。通讯作者：姜茗*、严文生*。单位：杭州电子科技大学电子信息学院&碳中和新能源研究院（第一单位）。三、企业产业化进展【天华新能】子公司埃米特富锂锰基完成首批吨级交付，适配高/中/低压多区间，客户复合富锂锰基电芯已通过充电宝国标针刺测试；硫化锂纯度稳定99.99%+，规划2027年完成百吨级产线；联合中科院物理所等发表CEJ、EEM论文。2026上半年净利暴增26倍。【当升科技】牵头制定富锂锰基行业标准，全固态富锂锰基材料实现20吨级以上批量供货，绑定清陶、卫蓝、宁德时代。【容百科技】富锂锰基获客户吨级以上订单，全固态正极10吨级出货，2026年硫化物电解质中试线投产。【湘潭电化】国内唯一""锰矿-高纯锰盐-富锂锰基""全产业链，车规级四氧化三锰市占率超60%，千吨级富锂锰基批量供宁德时代、清陶，2026年规划扩至5万吨。【仁富电子陀普】实现富锂锰电池车规级量产，一代250-280Wh/kg、量产品400-420Wh/kg、准固态450Wh/kg，全球首批通过国家强检，成本较高镍三元降约40%。【中汽新能×南开大学】2026年2月富锂锰固液电池在一汽装车，电芯超500Wh/kg，续航超1000公里。【山东创鲁】全系固态电解质与富锂锰基正极完成中试验证，年产150吨固态电解质产线安装调试完成，正极千吨级产线进入试生产。一期投资2.5亿元建成6000吨/年高比能正极、150吨/年固态电解质及全固态中试线；二期4.5亿元规划5000吨钠电正极+2.5GWh钠电芯。四、市场数据与预测【出货量】2025年全球富锂锰基出货约1.8万吨（占正极市场0.9%），预计2026年破3.2万吨（+77.8%），动力电池需求贡献68%；2030年全球需求量预计12.5万吨（2025-2030 CAGR 47.3%）。【区域格局】2025年亚太市场份额82.5%，中国产能占全球74.3%；北美、欧盟加速追赶（2026年需求增速95.4%/88.7%）。【产能利用率】截至2025年底全球名义产能约4.5万吨/年，实际产能利用率仅40%；CR5为58.7%，第一梯队（中国头部+日韩企业）占61.2%。【专利与贸易】2025年全球专利族1340项（+32.4%），2026年预计申请破1800项；2025年进出口总量约5200吨，中国净出口4100吨，主要流向韩国、波兰。【市场规模】2025年全球富锂正极市场规模破15亿美元，2030年前CAGR超35%。【应用结构】2025年动力/储能/其他领域需求量分别为1.2/0.4/0.2万吨，储能2026年增速112.5%。五、技术攻关路径【首次不可逆容量损失（FIR）】成因：Li2MnO3相激活时，晶格氧不可逆释放（O2-→O2↑），伴随Li+脱嵌损失，首次库仑效率仅75-85%。改性方案：预锂化处理（化学预锂化采用Li2C2O4、Li3N，电化学预锂化采用锂箔配对，可将首次效率提升至92-95%）；体相掺杂（Mg2+、Al3+、F-，掺杂量0.5-2%，抑制氧释放与Li+流失）；表面包覆（Al2O3、ZrO2、LiPO3，阻隔电解液与材料界面反应）。【循环电压衰减（VFA）】成因：循环过程中，氧空位诱导Ni2+/Co3+向锂层迁移，导致层状结构向尖晶石（LiMn2O4）、岩盐相（LiMO2）转变，平均电压每百次循环衰减0.1-0.2V，1000次循环后能量密度下降30%以上。改性方案：组分梯度设计（表层高Ni低Mn，内核高Mn低Ni，抑制过渡金属迁移）；单晶化制备（单晶粒径1-3μm，减少晶界缺陷）；氧空位调控（通过气氛烧结，控制氧空位浓度在1%左右，平衡容量与结构稳定性）。【倍率性能与界面稳定性】成因：LMR中Li+扩散系数远低于NCM811，高倍率下Li+脱嵌受阻；且高电压（>4.5V）下电解液易分解，形成不稳定SEI膜。改性方案：多孔结构设计（提升Li+扩散速率）；高电压电解液匹配（添加LiPF6+LiFSI复合盐，搭配氟代碳酸酯溶剂，抑制电解液分解）；界面修饰（引入Li2ZrO3界面层，提升SEI膜稳定性）。六、产业动态【通用汽车战略转向】通用汽车近日宣布搁置磷酸铁锂（LFP）低成本铁基电池方案，将研发重心转向富锂锰基（LMR）电池体系。电池业务主管Kurt Kelty表示，富锂锰基电池在美国本土制造成本与磷酸铁锂持平，而同等体积和重量下储能容量更高。【半固态适配】富锂锰基（全固态下一代方案）与超高镍9系（半固态主力，220-240mAh/g）为两大方向；9系高镍为2026年半固态标配。【梯度改性突破】研究团队通过一步机械融合工艺，以硫酸锆为前驱体，在富锂锰基正极表面同步构建硫锆共掺杂的近表面梯度结构以及均匀的无定形硫酸锆包覆层。硫与锆元素的共掺杂能够与晶格氧形成强共价键，稳定氧骨架结构。理论计算验证，掺杂后材料锂离子扩散势垒显著降低，锂离子与电子电导率分别提升至2.91×10-4S/cm和9.48×10-4S/cm。改性后材料在0.1C倍率下实现292mAh/g高放电比容量，1C倍率循环2000次后容量保持率81.8%。七、展望富锂锰基正极材料的核心竞争力在于""高容量+低成本""的双重优势。随着快速化成策略、共格孪晶结构、负热膨胀效应、梯度改性等技术突破的密集涌现，其产业化瓶颈正在被逐个击破。从国家战略定位到企业吨级交付，从Nature论文到车规级量产，富锂锰基正在从实验室走向产业化前夜。展望2030年，随着固态电池规模化量产、高电压电解液体系成熟、预锂化工艺优化，富锂锰基有望在高能量密度锂电池市场占据重要份额，重塑下一代动力电池材料格局。注：本期内容基于行业公开信息与领域知识综合整理分析，如有疏漏请批评指正，侵权请联系删除。最新会议基本信息概览重磅会议两会并行分会场60+大咖报告嘉宾800+参会人员聚焦固态电解质/硅碳/磷酸（锰）铁锂/锰系材料 第二届固态电池新技术应用与材料制备验证技术会议 同期举办：第四届锰系与磷酸铁锂技术应用研讨会 赞助展台预订中...演讲报告开放预约中...往期推荐圆满结束！！！第三届锰系新能源与高压实磷酸铁锂技术大会会议总结！2026固态电池新技术应用大会暨固态电池材料制备与验证研讨会圆满结束！！！第二届锰系新能源正极材料技术大会会议总结。聚焦锰系与磷酸铁锂材料前沿技术，共探行业新趋势（1）南昌会议总结。聚焦锰系与磷酸铁锂材料前沿技术，共探行业新趋势（2）作为工信部明确的固态电池三大核心攻关材料之首，富锂锰基正极材料凭借其独特的阴离子氧化还原机制，正在突破传统正极",,,,pending
全球视野，中国方案，共创全球能源新未来！CBIS2026 我们上海见！,电池中国,电池中国,"RIOnews API, 固态电池, 钠离子电池",normal,2026-08-23T11:10:00+08:00,,全球视野，中国方案，共创全球能源新未来！CBIS2026 我们上海见！2026年11月，由【逸飞激光】总冠名，电池中国网主办、中基自动化联合主办的\x26lt;a href=\x26quot;https://mp.weixin.qq.com/s?__biz=MzA3MzY0OTIzMQ==\x26amp;amp;mid=2661848718\x26amp;amp;idx=1\x26amp;amp;sn=da7f90d665ada58614b66b1a67493bf4\x26amp;amp;scene=142#wechat_redirect\x26quot; class=\x26quot;nor,http://mp.weixin.qq.com/s?__biz=MzA3MzY0OTIzMQ==&mid=2661850396&idx=2&sn=b3a8e61a76f64c152fc75b9a72e26373,,全球视野，中国方案，共创全球能源新未来！CBIS2026 我们上海见！2026年11月，由【逸飞激光】总冠名，电池中国网主办、中基自动化联合主办的\x26lt;a href=\x26quot;https://mp.weixin.qq.com/s?__biz=MzA3MzY0OTIzMQ==\x26amp;amp;mid=2661848718\x26amp;amp;idx=1\x26amp;amp;sn=da7f90d665ada58614b66b1a67493bf4\x26amp;amp;scene=142#wechat_redirect\x26quot; class=\x26quot;nor,全球视野，中国方案，共创全球能源新未来！CBIS2026 我们上海见！2026年11月，由【逸飞激光】总冠名，电池中国网主办、中基自动化联合主办的\x26lt;a href=\x26quot;https://mp.weixin.qq.com/s?__biz=MzA3MzY0OTIzMQ==\x26amp;amp;mid=2661848718\x26amp;amp;idx=1\x26amp;amp;sn=da7f90d665ada58614b66b1a67493bf4\x26amp;amp;scene=142#wechat_redirect\x26quot; class=\x26quot;normal_text_link mp_article_text_link\x26quot; target=\x26quot;_blank\x26quot; data-itemshowtype=\x26quot;0\x26quot;\x26gt;“第十一届动力电池应用国际峰会（CBIS2026）”\x26lt;/a\x26gt;将在中国上海召开。\x0a\x0a本届峰会以“数智创新·协同布局——撬动全球新能源价值链”为主题，将聚焦新能源电池创新技术、创新应用、创新协同发展模式等方向，交流内容涵盖电池技术及工艺革新，相关标准制定，产业链全球化布局及融合、可持续发展等模块。新能源汽车、电动航空、数据中心、人形机器人、电动船舶、AI技术、新型材料、固态电池、钠离子电池等多项议题均在探讨之列。,,,,pending
全域智检：利元亨在线 CT 检测设备筑牢锂电与AI算力领域质量防线 | 利元亨重点支持CBIS2026,电池中国,电池中国,"RIOnews API, 固态电池, 钠离子电池, 可靠性, 产能, 量产",normal,2026-08-23T11:10:00+08:00,,倒计时 89 天 CBIS2026 第十一届动力电池应用国际峰会（CBIS2026）数智创新·协同布局 - 撬动全球新能源价值链2026年11月 中国·上海主办单位：电池中国网承办单位：壹能（北京）网络科技有限公司总 冠 名：武汉逸飞激光股份有限公司联合主办：深圳市中基自动化股份有限公司当前高端制造正向高精度、高可靠、高产能方向加速演进，从新能源锂电到 AI 算力硬件，核心部件的内部品质直接决定产品性能与安全底线。传统离线检测需将工件移出产线单独检测，存在质控滞后、抽检覆盖不足、人工判定一致性弱等痛点，难以匹配大规模量产的全量质控需求。将高精度三维检测深度嵌入生产链路，实现 “产检同步” 的在,http://mp.weixin.qq.com/s?__biz=MzA3MzY0OTIzMQ==&mid=2661850396&idx=3&sn=c5c29d7748a2be79708627d6599586c6,,倒计时 89 天 CBIS2026 第十一届动力电池应用国际峰会（CBIS2026）数智创新·协同布局 - 撬动全球新能源价值链2026年11月 中国·上海主办单位：电池中国网承办单位：壹能（北京）网络科技有限公司总 冠 名：武汉逸飞激光股份有限公司联合主办：深圳市中基自动化股份有限公司当前高端制造正向高精度、高可靠、高产能方向加速演进，从新能源锂电到 AI 算力硬件，核心部件的内部品质直接决定产品性能与安全底线。传统离线检测需将工件移出产线单独检测，存在质控滞后、抽检覆盖不足、人工判定一致性弱等痛点，难以匹配大规模量产的全量质控需求。将高精度三维检测深度嵌入生产链路，实现 “产检同步” 的在,倒计时 89 天 CBIS2026 第十一届动力电池应用国际峰会（CBIS2026）数智创新·协同布局 - 撬动全球新能源价值链2026年11月 中国·上海主办单位：电池中国网承办单位：壹能（北京）网络科技有限公司总 冠 名：武汉逸飞激光股份有限公司联合主办：深圳市中基自动化股份有限公司当前高端制造正向高精度、高可靠、高产能方向加速演进，从新能源锂电到 AI 算力硬件，核心部件的内部品质直接决定产品性能与安全底线。传统离线检测需将工件移出产线单独检测，存在质控滞后、抽检覆盖不足、人工判定一致性弱等痛点，难以匹配大规模量产的全量质控需求。将高精度三维检测深度嵌入生产链路，实现 “产检同步” 的在线质控，已成为高端制造提质增效的核心方向。利元亨在线 CT 检测设备立足精密 X 射线成像技术底座，打通自动化产线与智能算法链路，为多领域高端制造打造兼具精度与效率的 “产线智眼”，重塑工业质检的价值边界。技术内核与产线融合利元亨在线 CT 检测设备的核心突破，在于实现高精度锥束 CT 技术与产线自动化的深度融合，完成从 “离线抽检” 到 “在线全检” 的范式升级。设备采用 CT+DR 双路径协同检测架构：通过锥束 CT 扫描完成工件内部三维结构重建，自动识别层级错位、尺寸偏差、形态异常等微观缺陷;借助 DR 平面成像搭配 AI 视觉算法，快速筛查大面褶皱、异物夹杂、结构断裂等显性问题。这套技术体系具备高度柔性适配能力，在锂电领域可覆盖电芯四角包覆、极耳形态、极片层数等全项检测;在 AI 算力硬件中，可适配芯片封装体、散热模组、服务器核心部件的内部缺陷与装配精度检测。设备深度嵌入自动化产线，覆盖自动上下料、扫码追溯、精准定位、智能检测、分类分流全流程，工件流转判定全程无人干预，实现高精度质检与产线节拍的高效同频。性能参数与配置体系在线检测的核心挑战，在于兼顾检测节拍与成像精度，利元亨在线 CT 设备在效率与准确性之间实现了精准平衡。在测量精度上，设备重复测量精度达±50μm，过程能力指数CGK≥1.67，在微米级尺度保持高度测量稳定性，可精准捕捉亚毫米级的内部缺陷与尺寸偏差。在可靠性验证上，经连续运行与多批次不良样本测试，核心检测项实现0% 漏判率，确保不良品零流出。产线对接层面，设备执行机构定位精度达±0.2mm，可快速完成工件抓取与对位，适配高速量产节奏。软件系统搭载全链路数据管理平台，支持图像存储、条码追溯、良率实时监控、异常超限报警，可对接企业 MES 系统实现数据全链路贯通;安全层面配备铅房屏蔽、门机联锁、辐射实时监测多重防护体系，严格符合工业探伤安全标准，保障设备长期稳定运行。价值创造与产线赋能在线CT检测设备的价值，不止于检测精度的提升，更重塑了高端制造品质管控的时空边界。对锂电制造企业而言，检测环节内嵌产线实现 “零延迟” 质控，不良品即时识别分流，规避离线检测带来的时间差与批量风险;0%漏判率筑牢产品安全底线，将隐患阻断在制造环节;全自动化检测模式突破人工效率瓶颈，支持 24 小时连续作业，同时消除人为判定偏差。对 AI 算力领域，高精密在线 CT 可实现封装内部结构、焊接界面、散热通路的无损检测，保障算力硬件的长期可靠性与运行稳定性，适配算力产业对核心部件高良品率的严苛要求。更深层的价值在于数据驱动的品质升级，依托过程能力监控、良率趋势分析、异常预警等能力，推动质控模式从 “事后追溯” 向 “实时预警、主动预防” 转型，为工艺迭代、产能优化提供数据底座，助力企业向智能制造高阶进阶。从离线抽检到在线全检，从人工判定到 AI 识别，从单一场景到全域适配，利元亨在线 CT 检测设备正在推动工业质检技术迈向新高度。随着新能源、AI算力等高端产业向更高标准、更智能的制造模式演进，在线三维检测技术将成为智能制造体系中不可或缺的核心基础设施。以技术立业，以匠心赋能，利元亨正以精密的检测技术与深厚的产线集成能力，为高端制造产业的高质量发展筑牢每一道品质防线。 CBIS2026 2026年11月，由【逸飞激光】总冠名，电池中国网主办、中基自动化联合主办的“第十一届动力电池应用国际峰会（CBIS2026）”将在中国上海召开。本届峰会以“数智创新·协同布局——撬动全球新能源价值链”为主题，将聚焦新能源电池创新技术、创新应用、创新协同发展模式等方向，交流内容涵盖电池技术及工艺革新，相关标准制定，产业链全球化布局及融合、可持续发展等模块。新能源汽车、电动航空、数据中心、人形机器人、电动船舶、AI技术、新型材料、固态电池、钠离子电池等多项议题均在探讨之列。利元亨重点支持本届峰会，敬请期待！ END电池中国网相关业务联系 媒体宣传咨询 联系人：吴女士 手机：(86)***********（微信同号）邮箱：wulijuan@cbea.com 稿件咨询 联系人：闫先生 手机：(86)***********（微信同号）邮箱：yanzhigang@cbea.com 研究报告咨询 联系人：杜女士 手机：(86)***********（微信同号）邮箱：ducongcong@cbea.com 行业会议咨询 联系人：吴先生 手机：(86)***********（微信同号）邮箱：wumingshan@cbea.com联系人：吴女士 手机：(86)***********(微信同号)邮箱：wuke@cbea.com点击阅读原文，查看更多消息！内容含AI生成图片阅读原文利元亨在线 CT 检测设备立足精密 X射线成像技术底座，打通自动化产线与智能算法链路，为多领域高端制造打造兼具精度与效率的 “产线智眼”，重塑工业质检的价值边界。,,,,pending
一周要闻 | 亿纬锂能/宁德时代/清研电子/华宝新能/冠盛东驰/沧州明珠/湖南裕能/盛新锂能/永杉锂业/华联控股/钠美科技/星空钠电等发布动态,电池中国,电池中国,"RIOnews API, 新材料, 电池材料, 碳, 隔膜, 聚合物, 高比能, 锂金属, 硅, 固态电池, 固液混合, 钠离子电池, 钠电, 产品发布, 首发, 发布, 新品, 全新, 上市, 合作进展, 融资, 战略合作, 项目签约, 投资, 合作, 收购, 学术研究, 科学院, 研究所, 技术进展, 技术验证, 包覆改性, 量产推进, 产能, 下线, 竣工, 环境影响评价, 宁德时代, 时代新能源, 亿纬锂能, 亿纬, LG新能源, 磷酸铁锂, 铁锂, LFP, 三元, 钠电池, 软包, 储能, 储能系统, 系统集成, 314Ah, 工商业储能, 大型储能, 独立储能, BMS, 备用电源, 供电, 高安全, 电池包, 碳酸锂, 氢氧化锂, 正极材料, 负极材料, 电解液, 出货, 出货量, 交付, 装机, 市场份额, 排名, 规划产能, GWh, 生产基地, 投产, 达产, 框架协议, 合作协议, 签约, 增资, 港股, 海外, 中试, 中试线, 认证, 量产, 项目落地, 项目投运, 并网, 落地",normal,2026-08-23T11:10:00+08:00,,落地不少于2000台新能源商用车！亿纬锂能与云仓配战略合作近日，云仓配供应链管理（厦门）有限公司（简称：云仓配）与亿纬锂能在公司惠州总部举行战略合作签约仪式。亿纬锂能表示，本次签约将推进未来两年业务的双向赋能。在绿色运力方面，云仓配将优先搭载亿纬锂能动力电池，落地不少于2000台新能源商用车，加速物流环节的低碳转型；在智慧储运方面，亿纬锂能将优先选用云仓配仓储服务，并开放物流投标通道，搭建长期稳定、互利共生的合作关系；在技术验证方面，双方围绕前沿智驾项目开展深度研讨，将携手探索亿纬锂能动力电池在无人物流、寒区物流等创新场景下的应用，加速锂电技术与无人智驾系统的深度适配及商业化落地。年产能约10,http://mp.weixin.qq.com/s?__biz=MzA3MzY0OTIzMQ==&mid=2661850396&idx=1&sn=8893d7a6d49d766f68f9894a7ca46333,,落地不少于2000台新能源商用车！亿纬锂能与云仓配战略合作近日，云仓配供应链管理（厦门）有限公司（简称：云仓配）与亿纬锂能在公司惠州总部举行战略合作签约仪式。亿纬锂能表示，本次签约将推进未来两年业务的双向赋能。在绿色运力方面，云仓配将优先搭载亿纬锂能动力电池，落地不少于2000台新能源商用车，加速物流环节的低碳转型；在智慧储运方面，亿纬锂能将优先选用云仓配仓储服务，并开放物流投标通道，搭建长期稳定、互利共生的合作关系；在技术验证方面，双方围绕前沿智驾项目开展深度研讨，将携手探索亿纬锂能动力电池在无人物流、寒区物流等创新场景下的应用，加速锂电技术与无人智驾系统的深度适配及商业化落地。年产能约10,"落地不少于2000台新能源商用车！亿纬锂能与云仓配战略合作近日，云仓配供应链管理（厦门）有限公司（简称：云仓配）与亿纬锂能在公司惠州总部举行战略合作签约仪式。亿纬锂能表示，本次签约将推进未来两年业务的双向赋能。在绿色运力方面，云仓配将优先搭载亿纬锂能动力电池，落地不少于2000台新能源商用车，加速物流环节的低碳转型；在智慧储运方面，亿纬锂能将优先选用云仓配仓储服务，并开放物流投标通道，搭建长期稳定、互利共生的合作关系；在技术验证方面，双方围绕前沿智驾项目开展深度研讨，将携手探索亿纬锂能动力电池在无人物流、寒区物流等创新场景下的应用，加速锂电技术与无人智驾系统的深度适配及商业化落地。年产能约10万吨！宁德时代江西枧下窝锂矿复产环评公示8月17日，江西省宜春市生态环境局消息，拟受理宜春时代新能源矿业有限公司江西省宜丰县圳口里—奉新县枧下窝锂矿采矿项目环境影响评价文件，并予以公示，公示期为2026年8月17日－2026年8月28日（10个工作日）。据悉，枧下窝锂矿是全球已探明储量最大的锂云母矿，设计满产后年碳酸锂产能约10万吨，停产前产量约占全国总产量的8%-10%。因此，其复产时间备受社会关注。12亿！清研电子PTFE覆铜板与干法超级电容器项目落户江苏常州8月15日，深圳清研电子科技有限公司（简称：清研电子）PTFE高端覆铜板与干法超级电容器研发制造基地项目正式落户江苏常州西太湖科技产业园。此次落户的新项目计划总投资12亿元，建设年产100万平方米PTFE基高频高速覆铜板生产基地及150PPM干法超级电容器全自动生产线，推动干法电极技术在超级电容器、固态电池及高频高速覆铜板等领域的规模化落地。华宝新能发布FridgeGuard超薄备电产品近日，华宝新能旗下品牌Jackery在海外一次性发布4款新品，最受瞩目的是FridgeGuard冰箱备用电源和Home Power 3600 Pro Max。FridgeGuard首发后引发广泛关注——Forbes、The Verge、CNET等国际主流科技媒体在发布后短时间内集中跟进报道，其中创立近30年的欧洲权威消费科技评测媒体T3给出了一个锋利的类比——“备电领域的戴森”。冠盛东驰携手中核汇海推进固液混合储能规模化落地8月13日，冠盛股份旗下浙江冠盛东驰能源科技有限公司与中核汇海风电投资有限公司正式签署战略合作框架协议。中核汇海由中核集团、中国海油两大央企合资设立，深耕陆上风电、海上风电、独立储能项目投资、开发及运营，坐拥丰厚新能源产业资源与项目落地平台优势；冠盛东驰依托冠盛股份四十余年精密制造积淀，专注聚合物固液混合电池研发与产业化，拥有完整固液混合储能产品体系与规模化量产能力。双方立足优势互补、互利共赢，携手推进固液混合电池在风光配套储能、工商业储能场景落地，合力开拓新能源储能市场。超33亿元！含8条锂电隔膜产线！沧州明珠华南项目落地近日，广东省能源局完成沧州明珠华南基地项目节能报告审查工作，原则同意该项目节能报告。据公示，项目位于广东省增城区仙村镇，总投资约33.7893亿元，包括锂电池隔膜、PE压力管道两个子项目，主要建设内容包括8条锂电池隔膜湿法生产线、6条PE压力管道生产线，建成后年产PE压力管道3万吨、湿法隔膜24亿平方米。隔膜子项目计划2028年12月投产、PE压力管道子项目计划2027年10月投产。本项目实施主体为广州明珠新材料有限公司，为沧州明珠与广州增城开发区东部中心投资有限公司合资企业，持股比例分别为75%和25%。湖南裕能冲刺港股8月17日，湖南裕能新能源电池材料股份有限公司向港交所递交主板上市申请，中信建投国际和汇丰为联席保荐人。这家在A股上市三年半的磷酸铁锂正极材料企业，正式向“A+H”双重上市发起冲击。根据弗若斯特沙利文的资料，按出货量计，湖南裕能自2020年至2025年连续六年位居全球磷酸盐正极材料供应商之首，2025年全球市场份额高达28.2%，意味着全球每三辆搭载磷酸铁锂电池的电动车，就有一辆的正极材料出自它的产线。星源材质干法隔膜连获多家头部储能企业认证 已实现批量出货近日，星源材质干法隔膜产品已先后通过多家头部储能电池企业的严格验证，实现批量出货。这标志着星源材质干法隔膜在储能赛道的商业化进程全面提速，公司“动力+储能”双轮驱动的战略布局再添重要落子。凭借深厚的技术积累，星源材质在隔膜市场建立了稳固的龙头地位。干法隔膜2025年全球干法电池隔膜市场占有率约21.5%，出货量排名全球第一。合计6万吨！永杉锂业年产2.2万吨碳酸锂项目即将投产近日，永杉锂业年产2.2万吨高纯度锂盐项目主体结构已全面封顶，项目计划于9月底竣工。该项目坐落于湖南省长沙市望城经开区铜官工业片区，今年3月底正式开工建设，总投资7.78亿元，新建厂房建筑面积超2万平方米，建设一条高纯度锂盐智能化产线。作为望城经开区重点引进的锂电材料企业，永杉锂业基地总占地362亩，2019年落户长沙望城；2022年一期建成投产，形成2.5万吨锂盐产能；2024年二期全面达产后，基地总产能提升至4.5万吨/年。本次三期项目建成投产后，永杉锂业长沙基地锂盐总产能将攀升至6万吨/年。产品结构也将由过去以氢氧化锂为主，转变为碳酸锂、氢氧化锂各3万吨的均衡 “双轮驱动” 格局，更好适配动力电池、储能两大下游市场的差异化需求。总投资15亿！年产10GWh！川泓新能源锂电池生产基地冲刺投产8月18日，四川川泓新能源科技有限公司（简称：川泓新能源）举行电芯生产设备进场仪式，一批核心电芯生产设备顺利入驻标准化厂房，标志着该项目正式迈入设备调试、投产冲刺的关键阶段。据介绍，新型锂离子电池西南生产基地项目由川泓新能源投资建设，总投资15亿元，占地200余亩，规划建设年产能10GWh新能源电池生产线，分两期稳步建设推进。目前，项目整体工程进度已超95%，厂房内部装修、配套设施建设正在收尾，接下来将全面开展设备安装、精准调试、试生产等工作，向着正式投产目标全力冲刺，项目全面达产后，可实现年产值35至40亿元。松下拟剥离转让欧洲电力与电池业务8月18日，松下工业株式会社宣布，将整体出售剥离欧洲电力与电池控制解决方案业务。本次交易涵盖松下工业在德国和斯洛伐克的相关运营实体，预计将于2027年2月1日完成交割，收购方为私募投资集团Midas Atlantic Partners与美国Najafi Companies。此次剥离转让的欧洲业务总部位于德国，其中包括在斯洛伐克拥有大规模制造工厂。华联控股11.8亿收购海外锂盐湖项目生变8月16日，华联控股公告称，公司收到加拿大外国投资审查及经济安全主管机构（FIRES）出具的《通知函》，认为公司对阿根廷阿里扎罗锂盐湖项目的投资可能影响加拿大国家安全，可能启动进一步审查。公司暂无法评估此通知函可能产生的影响，本次交易能否最终通过审查存在不确定性。公告显示，华联控股于2025年12月22日召开第十二届董事会第六次会议，审议通过了《关于现金收购Argentum Lithium S.A.100%股份暨签署股份购买协议的议案》。公司以自有或自筹资金约1.75亿美元（约合人民币11.8亿元）受让交易对方合计持有的Argentum LithiumS.A.100%股份，从而获得阿根廷阿里扎罗锂盐湖项目80%的权益。同日，交易各方签署了《股份购买协议》。约5亿元！钠美科技四川巴中1.5GWh钠电池项目投产在即据钠美新能源科技（洛阳）有限公司（简称：钠美科技）消息，钠美科技巴中基地9月中旬即将投产。据悉，钠美新能源科技（巴中）有限公司是钠美科技在四川省巴中市投资设立的全资子公司与核心量产基地，成立于2025年10月，位于巴中经开区智能制造产业园区。钠美科技巴中基地即将投产的1.5GWh钠离子电池项目总投资约5亿元，厂房面积3万平方米，项目全面达产后，预计可实现年营业收入超6亿元，并将为当地创造约700个就业岗位。星空钠电这一钠电池项目落地浙江湖州8月15日，辽宁星空钠电电池有限公司（简称：星空钠电）与浙江湖州南浔经济开发区举行钠离子电池智能工厂项目签约仪式。星空钠电表示，此次钠离子电池智能工厂项目落地南浔，是星空钠电完善全国产能布局、深耕长三角储能市场的重要战略举措。未来，星空钠电将持续深耕钠离子电池核心材料与电芯研发制造，依托南浔产业平台，加速技术成果产业化，持续拓展储能多元应用场景，助力区域新能源产业高质量发展。总投资2亿！金阳烯碳新型新能源电池材料项目预计2028年投产近日，位于湖南省长沙市浏阳经开区的金阳烯碳新型新能源电池材料研发与产业化项目传新进展，项目自6月下旬签约落地，7月初即开工建设，公司在石墨烯包覆负极材料和钠电负极材料领域的产业化进程将进一步提速，预计2028年6月全面竣工。据了解，该项目总投资2亿元，采用租赁厂房投资建设，总面积约13,000平方米，计划购置石墨烯包覆负极材料生产线、钠电负极材料生产线、预碳化生产线及配套设备，主要生产工艺涵盖原材料预处理、混合造粒、石墨化、包覆改性、成品加工等完整工序，将实现石墨烯包覆负极材料和钠电负极材料的高效、稳定生产，产品可广泛应用于新能源汽车动力电池、储能电池及消费电子电池等领域。4GWh！江苏苏州一方形全固态电池项目落地近日，先进方形全固态电池产业化项目签约落户江苏苏州工业园区。中国科学院物理研究所与中科低碳城市发展（苏州）有限公司将携手建设0.2GWh方型固态动力电池电芯中试线与4GWh PACK量产线。项目目标两年内实现出货，产品面向电动航空、重载无人机、电动船舶、具身智能四大方向。3亿元！贵州德普新材料年产2万吨锂离子负极材料项目冲刺投产近日，贵州德普新材料年产2万吨锂离子负极材料项目建设已进入关键期，核心生产设备安装工作基本完成，已具备试生产基础条件，目前，施工现场正全力推进项目投产。预计9月中旬可实现全面竣工，10月正式投产。据悉，该项目总投资3亿元，占地面积83亩，规划建设标准厂房、仓库、综合楼及各类配套附属设施，同步完善园区道路、绿化、给排水、消防等全套基础设施。欣界能源完成超1亿美元B轮融资 将用于建设3GWh固态电池量产线等近日，深圳欣界能源科技股份有限公司（简称：欣界能源）宣布完成超1亿美元（约合6.74亿元人民币）B轮融资，由普华资本领投。据悉，欣界能源本轮资金将主要用于锂金属固态电池量产和持续交付、研发团队扩建，以及新增3GWh高能量高安全固态电池量产线。新增产线预计于2026年底至2027年初陆续投产。61亿元！宁德时代再落子福建厦门近日，时代电服（厦门）控股有限公司成立，注册资本61亿元，位于福建省厦门市湖里区，经营范围包含：电池制造；输配电及控制设备制造；电池销售；充电桩销售；智能输配电及控制设备销售；新能源汽车换电设施销售；光伏发电设备租赁；光伏设备及元器件销售；蓄电池租赁；太阳能发电技术服务；发电技术服务；人工智能基础软件开发；新能源汽车电附件销售等。值得关注的是，此次新设的控股公司并非沿用已有的时代电服科技有限公司，而是由宁德时代全资持股。募资53亿元！盛新锂能持续加码锂矿业务8月14日，盛新锂能披露2025年度向特定对象发行A股股票募集说明书（申报稿），拟募资不超过53亿元投向木绒锂矿采选尾工程项目及补充流动资金。根据申报稿，本次发行对象为包括控股股东盛屯集团在内的不超过35名特定对象，其中盛屯集团拟以现金认购不低于10亿元且不高于20亿元，并承诺自发行结束之日起三十六个月内不转让所认购股份。本次募集资金总额扣除发行费用后拟用于木绒锂矿采选尾工程项目及补充流动资金，其中木绒锂矿采选尾工程项目拟投入募集资金37.1亿元，补充流动资金15.9亿元。该项目实施主体为公司全资子公司雅江县惠绒矿业有限责任公司，建设地点位于四川省甘孜藏族自治州雅江县，设计锂矿生产规模为每年300万吨，总投资47.62亿元，建设周期预计为四年。项目达产后预计年产锂精矿71.74万吨，达产年营业收入约31.98亿元，内部收益率为23.57%，投资回收期为7.2年。总产能30GWh！陀一固能固态电池项目在内蒙古开工8月13日，陀一固能（内蒙古）科技有限责任公司固态电池建设项目正式开工。该项目位于内蒙古呼和浩特市土默特左旗敕勒川乳业开发区，由中建四局西北公司承建，占地约371亩。作为新建项目，该项目计划总投资60亿元。项目将建设年产10GWh固态电池智能生产线，配套电芯厂房、极片厂房等生产设施，以及研发中心、办公综合楼、员工宿舍和厂区基础设施。从整体规划来看，项目总占地面积1000亩，分三期建设，实行分段施工、分期投产运营。其中一期投资20亿元，建设年产10GWh固态电池生产线；二期投资20亿元，同样建设年产10GWh生产线及配套设施；三期投资20亿元，继续建设年产10GWh生产线。三期全部建成后，总产能将达30GWh。项目采用高安全性、高能量密度的固态电池技术，瞄准下一代动力电池发展方向，可广泛应用于新能源汽车、大型储能、特种电源等领域。长泰秒享科技锂电池PACK基地于福建漳州奠基8月12日上午，长泰秒享科技厂区建设项目奠基仪式于福建漳州举行。消息显示，长泰秒享科技作为福建秒享科技有限公司（简称：秒享科技）全资子公司，是集团深耕低速锂电赛道的两轮电动车锂电池PACK核心智造基地。企业聚焦低速软包磷酸铁锂电芯封装，自主研发智能BMS生产技术，产品全面覆盖骑手商用、家庭代步全品类换电电池。新建厂区将落地全自动标准化智能产线，搭建专业品控体系，实现电池组装、集成、安全检测全流程闭环生产；项目建成后将打通电池研发—制造—投放—梯次回收完整产业链，依托数字化系统实现电池全生命周期管理，进一步完善闽西南乃至全国换电服务网络，夯实集团自产自销一体化核心产能。3万吨/年！重庆落地一废旧锂电池拆解项目近日，重庆市酉阳土家族苗族自治县人民政府发布了《重庆祥江星科循环科技有限公司废旧锂电池拆解项目》环境影响评价第一次信息公示。据悉，该项目为重庆祥江星科循环科技有限公司废旧锂电池拆解项目，建设地点位于重庆市酉阳土家族苗族自治县龙潭镇五育村，酉阳工业园区龙江组团内。建设内容及规模为：利用湘台锰业现有场地，占地面积约4000平方米，建设废旧锂电池拆解生产线及相关公辅设施，开展废旧锂电池的拆解、分选、回收，建成后实现废旧锂电池处理能力3万吨/年。锂电钠电固态三元融合！上海嘉定这一储能项目投运近日，由采日能源开发的50MW/200MWh储能项目实现全容量并网并进入测试投运阶段。据悉，该项目总占地面积约2万平方米，总投资约2.18亿元，46个白色储能预制舱在空地上整齐排列，如同46座巨型“城市充电宝”，构建起区域电网的灵活调节枢纽。该项目创新性采用“磷酸铁锂+钠离子+半固态锂电池”三元融合预制舱技术路线，在50MW/200MWh的总装机容量内实现不同技术路线的优势互补。项目投运后，50MW/200MWh的储能容量可直接接入电网统一调度体系，大幅缓解夏季、冬季用电尖峰时段的本地供电压力，补强电网薄弱环节，降低城市对跨区域外来电的依赖。甘肃一2.2GWh石墨烯钠离子电芯项目预计9月投产近日，甘肃一石墨烯钠离子电芯项目二期正加快设备安装调试，整体工程预计2026年9月建成投产。该项目位于甘肃省庆阳市正宁县周家工业集中区，由昆山金鑫新能源科技股份有限公司投资、中钠储能新能源科技（甘肃）有限公司实施。项目总投资10亿元，于2023年3月开工建设，分两期有序推进。一期工程投资1.8亿元，建成年产3GWh储能生产线和年产1GWh锂电池生产线，已于2024年竣工投产。在建的二期工程计划总投资8.2亿元，新建2.2GWh石墨烯钠离子电芯生产线。该电芯采用层状氧化物技术路线，项目聚焦钠离子电池核心技术，搭建起涵盖材料研发、电芯生产、系统集成、场景应用的全链条产业体系，产品广泛应用于民用换电、分布式储能、工业配套等领域。总投资5.2亿元！山西运城一100MW/124MWh混合储能电站项目开工8月18日，山西运城夏县100MW/124MWh混合储能电站项目正式开工。据悉，项目由夏新恒生（山西）新能源有限公司投资建设，选址于山西省运城市夏县，项目总占地约30亩，总投资5.2亿元。项目建设100MW/124MWh 混合独立储能电站，由 60MW/120MWh 磷酸铁锂电池储能与 40MW/6min 超级电容储能两部分组成，采用锂电 + 超级电容混合技术路线，锂电承担长时能量调节，超级电容负责毫秒级快速功率响应，适配电网一次调频需求。年产4万吨！湖南岳阳一电池负极材料前驱体项目审查公示近日，湖南岳阳县人民政府发布关于年产4万吨电池负极材料前驱体项目环境影响报告表拟进行审查的公示。据悉，该项目位于湖南省岳阳市岳阳县长湖乡岳阳县高新技术产业开发区建材片区建工路2号，建设单位为湖南烁金新材料科技有限公司，拟投资5000万元（环保投资121万元）租赁湖南天乐环保建材有限公司现有厂房，建设年产4万吨电池负极材料前驱体项目。总投资3.1亿元！山东一年产1500吨硅碳负极材料项目环评公示近日，山东泰安市生态环境局发布关于山东立探新材料科技有限公司《年产1500吨硅碳负极材料项目》环评公示。据悉，项目总投资3.1亿元，建设期4个月，主要利用租赁的闲置建筑建设硅碳材料生产车间、检测中心、办公室，新建硅烷站、乙炔站，并配套建设公用设施、环保设施和其他辅助设施等，项目建成后将形成年产1500吨硅碳负极材料产能。年产能超35GWh！LG新能源美国密歇根兰辛电池工厂正式投产当地时间8月18日，LG新能源宣布其位于美国密歇根州兰辛市的全新电池工厂正式启动生产。据悉，项目总投资超 20 亿美元，将同时生产储能与车用动力电池，进一步扩大公司北美本土电池供给能力。该工厂占地226英亩，满负荷生产状态下，电池年产能将超35GWh，员工规模将达到1700人，目前工厂现有在岗员工约900人。产品分为两大路线：一方面生产磷酸铁锂（LFP）电芯，供给电网级、工商业储能场景，电芯交由LG新能源美国储能板块Vertech集成成套储能系统，底特律能源企业DTE能源将成为该工厂储能电池的下游客户；另一方面生产高能量密度镍锰钴（NMC）电池，专供丰田汽车，将用于2027款丰田汉兰达纯电动版车型，支撑丰田在美国本土的电动车供应链建设。总投资11亿！星翰微纳年产2000吨电子元器件专用功能材料项目开工8月15日，常州星翰微纳科技有限公司（简称：星翰微纳）年产2000吨电子元器件专用功能材料项目在金坛经开区开工奠基。据介绍，该项目是2026年江苏省重大项目，总投资11亿元，规划年产铜粉、镍粉、高低温电子导电浆料共计2000吨。项目全面达产后，可规模化保障5G通信、半导体封装、新能源汽车电子等领域核心材料供给，有效填补华东区域高端电子导电粉体与电子导电浆料规模化生产空白，有力破解高端电子材料进口依赖难题，预计可实现年销售20亿元。总投资近6亿！甘肃兰州年产8万吨碳基新材料项目9月试产近日，陕建安装集团承建的能科集团智欣公司兰州新区年产8万吨碳基新材料资源化高效利用项目抢抓黄金工期全力攻坚，预计今年9月进入试生产阶段。据介绍，该项目总投资5.92亿元，位于兰州新区化工园区西区，规划建设电池负极包覆材料、改性导电粘性材料两条核心生产线。项目建成后，将成为西北大型电池负极包覆材料生产基地，填补兰州本地改性导电粘接材料产能空白，补齐区域新能源碳基辅材产业链短板，进一步完善新区新能源新材料产业布局。特斯拉上海超级工厂第600万个电池包下线8月18日，特斯拉上海超级工厂第600万个电池包下线。特斯拉官方表示从电芯化学配方到电池包结构，坚持自主研发、自主设计，通过层层严苛测试，守住安全底线，电池性能强、寿命长、安全标准高。据了解，上海超级工厂实现电芯配方、电池包结构自主研发设计，电池包供给本地整车同时随整车出口欧洲、亚太地区。作为电动车核心部件，该工厂生产的电池包已广泛应用于Model 3、Model Y等主力车型。增资至2亿！浙江闪聚电池扩大动力电池业务投入近日，浙江闪聚电池完成工商变更，注册资本由5000万元人民币增加至2亿元人民币，增幅为300%。据悉，浙江闪聚电池成立于2024年12月13日，由浙江吉利汽车零部件产业有限公司持股99.75%，浙江吉润汽车有限公司持股0.25%。此次增资将直接用于扩大动力电池包生产规模及技术研发投入，强化吉利汽车集团在新能源核心零部件领域的自主掌控能力。总投资4.4亿元！广东年产8万吨锂电材料项目落地8月14日，广东省惠州市贝特瑞新材料科技有限公司年产8万吨新材料锂电负极扩建项目进入环境影响评价受理公示阶段。该项目位于广东省惠州市惠阳区镇隆镇，在现有厂区内进行扩建，总投资4.4亿元，拟新建A3厂房并安装生产线，新增年产4万吨天然石墨特种锂电负极材料和4万吨人造石墨特种锂电负极材料，扩建完成后全厂将新增8万吨锂电负极材料产能。此外，项目还将利用现有空置厂房增设试验线用于研发产品。融捷能源与Lineage Power签署2027年4GWh框架合作协议8月15日，融捷能源与Lineage Power双方正式签署了2027年4GWh磷酸铁锂电芯框架合作协议——继前期3GWh合作之后，战略互信再度加码。基于Lineage Power对2027年储能项目的初步需求规划，其计划向融捷能源采购合计4GWh的314Ah及588Ah电芯，主要应用于大型储能和工商业储能场景。314Ah及588Ah电芯作为融捷能源的核心产品，凭借高安全、长寿命等技术优势，能够充分满足大型储能项目对电芯性能的严苛要求。年产6666.6吨！永太科技内蒙古VC项目将开启试生产8月17日，永太科技披露，其全资子公司内蒙古永太化学有限公司年产6666.6吨VC项目试生产方案于2026年8月15日经专家评审通过，已具备试生产条件，将开始试生产。公司原有VC产能10000吨/年，本次新增投产6666.6吨/年的产能后，公司的电解液添加剂产品VC的产能将达到16666.6吨/年。该项目的投产将进一步提升公司VC的产能和规模化优势，加强公司在锂电材料板块的业务发展，巩固公司的行业地位和市场份额，有利于公司进一步提高市场综合竞争力和盈利能力。出资1亿！协鑫能科参投阶数基金，延伸AI产业生态布局8月15日，协鑫能源科技股份有限公司发布《关于与专业投资机构共同投资的公告》。公司全资子公司苏州鑫算产业投资合伙企业（有限合伙），拟以自有资金认缴出资10000万元，参与认购上海阶数创业投资合伙企业（有限合伙）（上海阶数创投）合伙份额，占基金10%合伙份额。上海阶数创投本次变更完成后，认缴出资总规模100000万元（10亿元人民币）。基金已于2026年6月24日注册设立，目前处于募集阶段，尚需完成市场主体变更登记以及中国证券投资基金业协会私募基金备案手续。山东年产6500吨负极材料项目加速推进近日，山东立探新材料科技有限公司年产6500吨硅碳负极材料项目完成备案，目前项目整体土建工程全面铺开，厂区供电、配电等配套电力基础设施同步加紧铺设施工，定制化专业生产设备运抵现场，工人们分工协作，有序开展各项工作。据了解，该项目分两期建设，一期产能1500吨，第一阶段500吨产能预计9月份投产，第二阶段1000吨产能预计12月份投产，建成达产后，实现年产值4.5亿元，税收2700万元，解决就业110人。二期规划产能5000吨，占地约113亩，正在办理征地手续，预计2027年底建成投产，达产后，预计实现年产值15个亿，税收9000万元，解决就业300人。年产20万吨！贵州一锂电池负极材料项目环评公示近日，贵州贵安新区年产20万吨高端锂电池材料智能制造项目生态环境影响评价第二次公示。据悉，该项目建设单位为贵安新区凯金新能源科技有限公司，建设地点位于贵州省贵安新区兴安大道西侧、慈竹路北侧。项目总投资为35.549亿元，项目拟于2026年开始建设，建设工期为24个月。项目于2026年4月进行了第一次环评公示，此次为第二次公示，产能目标为年产20万吨锂电负极材料。70亿比索！三菱汽车拟在菲律宾建设电池工厂近日，菲律宾新闻通讯社发布消息，菲律宾三菱汽车公司对外披露，公司正在规划新建现代化电动汽车电池组装基地，项目总投",,,,pending
12 亿元｜清研电子干法超级电容器项目落户西太湖，加码 AI 算力关键材料,电池社,电池社,"RIOnews API, 储能, 供电, 生产基地, 签约, 投资, 量产, 落地",normal,2026-08-23T11:00:00+08:00,,8月15日，常州西太湖科技产业园管理委员会与深圳清研电子科技有限公司签约，清研电子PTFE高端覆铜板与干法超级电容器研发制造基地项目正式落户西太湖。当前全球AI大模型、AIDC算力基础设施建设进入爆发期，AI服务器单机柜功率密度大幅提升，瞬时算力负载波动对供电缓冲、高频高速信号传输提出双重刚需。PTFE高端覆铜板、干法超级电容器作为AI服务器高速互联基材、算力机房瞬时稳压储能核心器件，市场需求持续激增，产业链国产替代空间广阔。清研电子计划在西太湖征地 71.3 亩，规划建设厂房约 6.5 万平方米，总投资 12 亿元打造年产 100 万平方米 PTFE 高端覆铜板生产基地及 150ppm 干法,http://mp.weixin.qq.com/s?__biz=MzI5MDc1MjAzNQ==&mid=2247542945&idx=1&sn=2ff2b4218341bc4cadff48812481d01e,,8月15日，常州西太湖科技产业园管理委员会与深圳清研电子科技有限公司签约，清研电子PTFE高端覆铜板与干法超级电容器研发制造基地项目正式落户西太湖。当前全球AI大模型、AIDC算力基础设施建设进入爆发期，AI服务器单机柜功率密度大幅提升，瞬时算力负载波动对供电缓冲、高频高速信号传输提出双重刚需。PTFE高端覆铜板、干法超级电容器作为AI服务器高速互联基材、算力机房瞬时稳压储能核心器件，市场需求持续激增，产业链国产替代空间广阔。清研电子计划在西太湖征地 71.3 亩，规划建设厂房约 6.5 万平方米，总投资 12 亿元打造年产 100 万平方米 PTFE 高端覆铜板生产基地及 150ppm 干法,"8月15日，常州西太湖科技产业园管理委员会与深圳清研电子科技有限公司签约，清研电子PTFE高端覆铜板与干法超级电容器研发制造基地项目正式落户西太湖。当前全球AI大模型、AIDC算力基础设施建设进入爆发期，AI服务器单机柜功率密度大幅提升，瞬时算力负载波动对供电缓冲、高频高速信号传输提出双重刚需。PTFE高端覆铜板、干法超级电容器作为AI服务器高速互联基材、算力机房瞬时稳压储能核心器件，市场需求持续激增，产业链国产替代空间广阔。清研电子计划在西太湖征地 71.3 亩，规划建设厂房约 6.5 万平方米，总投资 12 亿元打造年产 100 万平方米 PTFE 高端覆铜板生产基地及 150ppm 干法超级电容器全自动生产线。这是清研电子在西太湖落地调频储能超级电容器、干法电极量产线项目后，又一次重磅 "" 加仓 ""。材料+能源领域一站式服务平台！",,,,pending
特斯拉宁德时代比亚迪等120+巨头齐聚宜宾！600位行业大佬9月3日要谈什么？固态电池产业化终于要来了？,固态电池SSB,固态电池SSB,"RIOnews API, 固态电池, 全固态, 产品发布, 发布, 发布会, 亮相, 合作进展, 投资, 合作, 量产推进, 产能, 扩产, 下线",normal,2026-08-23T11:00:00+08:00,,9月3日，四川宜宾将迎来一场全球瞩目的行业盛会。经国务院批准，2026世界动力电池大会将于9月3日至4日在四川省宜宾市举办。这已经是大会连续第五年落地宜宾。截至目前，已明确出席意向嘉宾近600人，特斯拉、宁德时代、比亚迪等120余家中外行业龙头企业将携前沿产品和技术集中亮相。120家企业、600位嘉宾、8场专题会议、9大展区——这场大会到底要谈什么？固态电池产业化，真的到了拐点吗？01 为什么所有人都在盯着这场大会？先看一组数据。据韩国研究机构SNE Research发布的最新数据，2026年1至6月，全球动力电池装车总量达608.5GWh，同比增长20%。市场还在增长，但增长的方式正在改变。,http://mp.weixin.qq.com/s?__biz=MzkxOTU5NjMwNg==&mid=2247500093&idx=1&sn=ececc80a6e3226d1aeaa6da7c36eace6,,9月3日，四川宜宾将迎来一场全球瞩目的行业盛会。经国务院批准，2026世界动力电池大会将于9月3日至4日在四川省宜宾市举办。这已经是大会连续第五年落地宜宾。截至目前，已明确出席意向嘉宾近600人，特斯拉、宁德时代、比亚迪等120余家中外行业龙头企业将携前沿产品和技术集中亮相。120家企业、600位嘉宾、8场专题会议、9大展区——这场大会到底要谈什么？固态电池产业化，真的到了拐点吗？01 为什么所有人都在盯着这场大会？先看一组数据。据韩国研究机构SNE Research发布的最新数据，2026年1至6月，全球动力电池装车总量达608.5GWh，同比增长20%。市场还在增长，但增长的方式正在改变。,9月3日，四川宜宾将迎来一场全球瞩目的行业盛会。经国务院批准，2026世界动力电池大会将于9月3日至4日在四川省宜宾市举办。这已经是大会连续第五年落地宜宾。截至目前，已明确出席意向嘉宾近600人，特斯拉、宁德时代、比亚迪等120余家中外行业龙头企业将携前沿产品和技术集中亮相。120家企业、600位嘉宾、8场专题会议、9大展区——这场大会到底要谈什么？固态电池产业化，真的到了拐点吗？01 为什么所有人都在盯着这场大会？先看一组数据。据韩国研究机构SNE Research发布的最新数据，2026年1至6月，全球动力电池装车总量达608.5GWh，同比增长20%。市场还在增长，但增长的方式正在改变。传统液态电池在能量密度、安全性等方面的天花板越来越明显，固态、钠电等下一代电池技术正在掀起一场“军备竞赛”。与此同时，国内动力电池迎来集中退役高峰，欧盟电池护照、碳关税等海外绿色贸易壁垒也在倒逼产业升级。动力电池的竞争逻辑，已经从“拼产能、拼成本”切换为“卡位下一代技术、构建全生命周期闭环、破局全球化贸易壁垒”。正是在这样一个产业竞争逻辑切换的关键节点，2026世界动力电池大会来了。这不是一场普通的行业展会。自2022年落地四川以来，世界动力电池大会已成功举办4届，累计吸引1100余家重点企业、近7000名行业嘉宾参会，发布新技术、新产品近700项，签约重大项目400余个、总投资近3800亿元。经过四年深耕，这场大会早已超越一场展会、一次论坛的单一价值，被赋予了总结、分析、思考和展望的功能，被视为行业发展的风向标。02 固态电池产业化，大会的“头号议题”本届大会最值得关注的看点是什么？答案是：固态电池产业化。大会以 “电驱万物·融合共生” 为主题，创新设置“1+1+8+N”系列活动——1场开幕式、1场全体大会、8场专题会议以及多场同期活动。固态电池产业化、动力电池低碳认证等议题将成为本届大会焦点。与往届相比，本届大会的议题不再停留在趋势讨论层面，而是直接指向“产业化”这一关键词。从行业进程看，全固态电池仍处于中试与工艺验证阶段。但对于关注下一代电池商业化路径的企业和机构而言，本届大会提供了一个集中观察技术路线收敛、产能爬坡进度的窗口。大会期间将组建由电池行业知名院士领衔的专家委员会，发布《动力电池产业发展指数（2026）》《动力电池技术路线图》等权威研究成果。同期还将设置涵盖 “十五五”产业规划、固态电池、新能源汽车、低空经济等9个展区的成果展。一句话概括：这不是在“讨论”固态电池，而是在“展示”固态电池离我们有多近。03 120家巨头同台，谁将亮出“王炸”？特斯拉、宁德时代、比亚迪、松下……这些名字出现在同一份参展名单上，本身就是新闻。宁德时代在宜宾已建成产能270GWh，另有在建80GWh项目即将投产。今年7月，宁德时代全球首条全固态电池量产线在宜宾正式投产，首期规划产能15GWh。此前，宁德时代董事长曾毓群在2026年夏季达沃斯论坛上表示，固态电池技术路线若按1到9级划分，目前只到了第4级，9级才代表可稳定量产。比亚迪的硫化物全固态电池已于2026年5月正式通过中汽研全项车规验证，单体能量密度达400Wh/kg。深圳坪山2GWh中试线已投产，良率超90%，重庆璧山20GWh量产线计划2026年第三季度动工。特斯拉虽然尚未正式发布全固态电池产品，但其干电极工艺的突破被视为固态电池产业化的关键基础设施。今年初，特斯拉宣称干法电极工艺取得“重大突破”，并成功实现全干法正极的工业化量产。清陶能源的全固态电池已于2025年启动中试，搭载全固态电池的样车于2026年3月下线，目标2027年实现量产交付。120家企业同台竞技，谁将亮出“王炸”？答案将在9月3日揭晓。04 宜宾：一座城市的固态电池“阳谋”大会连续五年落地宜宾，绝非偶然。全球每10块动力锂电池中，就有1块产自宜宾基地。2020年，宜宾动力电池产业规模不足20亿元；2023年突破千亿大关；2025年全产业链营收超1300亿元。今年上半年，宜宾规上动力电池企业营收已突破800亿元。但宜宾并不满足于此。在8月20日的大会新闻发布会上，宜宾市人民政府副市长刘勇明确表示：宜宾正在加快固态电池、新型储能等未来赛道布局，全力培育产业第二增长曲线。具体怎么干？第一，多技术路线并行宜宾依托欧阳明高院士工作站、陈军院士团队、智能固态电池创新中心等7家高能级研发平台，并行推进硫化物、氧化物、聚合物多条技术路线，集中攻坚固态电解质、锂金属负极、高安全电芯等关键核心技术。第二，打造专业化园区宜宾正在规划建设四川省首个2平方公里固态电池创新产业园，集聚研发测试、中试试制、电芯制造、新型材料配套四大功能板块。这个2平方公里的园区，将围绕固态电芯、固态电解质、富锂锰基正极材料、硅碳负极、锂金属负极、固态粘结剂等领域持续开展产业引育。第三，推动产业化应用宜宾正推动赛科动力等核心固态电池企业与奇瑞汽车、长安汽车、赛力斯等整车企业深化合作，在关键材料、电芯开发、电池系统集成、整车装车验证等方面展开联合攻关，推动高比能全固态电池装车示范。值得关注的是，全国首条全固态电池智能制造中试线正在宜宾高新区建设，由赛科动力主导，预计2026年底建成、2027年初投运。从院士工作站到2平方公里产业园，从中试线到整车装车——宜宾正在下一盘固态电池的大棋。05 不止固态电池：这场大会还有哪些看点？固态电池是最大看点，但不是唯一看点。看点二：动力电池低碳认证。 碳足迹管理正在成为动力电池出海的“绿色通行证”。本届大会将发布《动力电池产业发展指数（2026）》《动力电池技术路线图》等研究成果，并开展电池行业绿色供应链建设项目启动仪式。四川时代是全球首家电池“零碳工厂”，宜宾正构建动力电池全产业链零碳发展体系。看点三：全球锂资源供应链安全。 全球锂资源分布高度集中，贸易政策与地缘格局的变化会沿资源—材料—电芯—整车链条逐级传导。行业讨论的重心正从“扩产抢份额”转向“稳链固链”。看点四：储能长效安全技术。 本届大会设置新型储能政策引领与高质量发展专题会议，围绕电池全生命周期管理、储能系统安全设计等议题展开研讨。宜宾已建成新型储能项目19个、装机926兆瓦时，规模居全省前列。看点五：西班牙主宾国。 本届大会首次邀请西班牙担任主宾国，联动德国、韩国等多国机构、行业专家及产业链代表参会。大会期间将举行中国—西班牙产业合作交流活动、国际电池行业绿色供应链项目启动仪式。此外，首台“宜宾造”机器人等创新项目也将在大会期间亮相。06 风向标已经竖起中国动力电池产业在过去五年交出了一份令人瞩目的答卷。2020年至2025年，动力电池装车量从63.6GWh增长至769.7GWh，增长超11倍。2026年1至7月，累计销量达790.4GWh，同比增长37.1%，累计出口146.7GWh，同比增长52.1%。四川正全力推动产业从规模优势向技术、质量、价值优势跃升，力争2026年动力电池产量突破300GWh，产能利用率超80%。但“规模大”不等于“价值高”。当全球动力电池产业从“GWh时代”迈向“TWh时代”，当液态电池的能量密度逼近理论极限，当欧盟碳关税即将落地——下一代电池技术的竞争，才刚刚开始。2026世界动力电池大会，正是这场竞争的一个缩影。9月3日，宜宾见。9月3日，四川宜宾将迎来一场全球瞩目的行业盛会。经国务院批准，2026世界动力电池大会将于9月3日至4日在四川省宜宾市举办。,,,,pending
已参会单位：宁德时代/国轩/兰均/广汽/北汽/东风/奇瑞/亿纬/星恒/有研/盟固利/五矿长少院/中科院宁波所/中科院物理所/中科院高能所...,今日钠电,今日钠电,"RIOnews API, 钠离子电池, 钠电, 钠电正极, 合作进展, 投资, 合作, 学术研究, 大学, 科学院, 研究所, 技术进展, 技术突破, 制备工艺, 界面优化, 前沿技术",normal,2026-08-23T10:42:23+08:00,,重磅会议两会并行分会场60+大咖报告嘉宾800+参会人员聚焦固态电解质/硅碳/磷酸（锰）铁锂/锰系材料 第二届固态电池新技术应用与材料制备验证技术会议 同期举办：第四届锰系与磷酸铁锂技术应用研讨会 赞助展台预订中...演讲报告开放预约中...第二届固态电池新技术应用与材料制备验证技术会议同期举办：第四届锰系与磷酸铁锂技术应用研讨会PART 01会议组织TECHNOLOGY主办单位：今日锂电/今日钠电承办单位：北京京昇文化传播有限公司 会议时间：2026年9月16-17日（15日签到）会议地点：中国·杭州总冠名/联合主办/招募中···协办单位：/招募中···支持单位：/招募中···新能源前沿新能,http://mp.weixin.qq.com/s?__biz=Mzk0NDQ5MjcxMg==&mid=2247488856&idx=3&sn=5bda92edeaff25a114e34dfd271ec19f,,重磅会议两会并行分会场60+大咖报告嘉宾800+参会人员聚焦固态电解质/硅碳/磷酸（锰）铁锂/锰系材料 第二届固态电池新技术应用与材料制备验证技术会议 同期举办：第四届锰系与磷酸铁锂技术应用研讨会 赞助展台预订中...演讲报告开放预约中...第二届固态电池新技术应用与材料制备验证技术会议同期举办：第四届锰系与磷酸铁锂技术应用研讨会PART 01会议组织TECHNOLOGY主办单位：今日锂电/今日钠电承办单位：北京京昇文化传播有限公司 会议时间：2026年9月16-17日（15日签到）会议地点：中国·杭州总冠名/联合主办/招募中···协办单位：/招募中···支持单位：/招募中···新能源前沿新能,重磅会议两会并行分会场60+大咖报告嘉宾800+参会人员聚焦固态电解质/硅碳/磷酸（锰）铁锂/锰系材料 第二届固态电池新技术应用与材料制备验证技术会议 同期举办：第四届锰系与磷酸铁锂技术应用研讨会 赞助展台预订中...演讲报告开放预约中...第二届固态电池新技术应用与材料制备验证技术会议同期举办：第四届锰系与磷酸铁锂技术应用研讨会PART 01会议组织TECHNOLOGY主办单位：今日锂电/今日钠电承办单位：北京京昇文化传播有限公司 会议时间：2026年9月16-17日（15日签到）会议地点：中国·杭州总冠名/联合主办/招募中···协办单位：/招募中···支持单位：/招募中···新能源前沿新能源在线锂电PLUS展台赞助：/招募中···PART 02会议内容TECHNOLOGY中国《新能源汽车产业发展规划》明确支持固态电池研发，2025年全球固态电池市场规模预计突破百亿元，固态电池已成为公认的下一代电池，在过去的一年里，固态电池新技术与产业化进程以比预计中的更快的速度发展，然而固态电池还存在关键技术突破和产业化制备成本问题。在固态电池商用还不可极的当下，仍还是磷酸铁锂的天下，作为磷酸铁锂最重要的技术迭代与升级方向，高压实磷酸铁锂与磷酸锰铁锂技术将是现在的重点发展方向，并且和富锂锰基、高电压镍锰酸锂、高镍三元材料形成竞争未来适配固态电池正极材料的格局，而富锂锰基材料理论能量密度超1000Wh/kg，成本较高镍三元材料（价格高、技术成熟度高、安全性存疑）低25%-40%，被认为是固态电池最佳适配正极材料，高电压镍锰酸锂工作电压高达5V，比能650Wh/kg，更适合固态电池高电压体系，未来谁来主导，还要看技术成熟度。2026固态电池新技术应用与材料制备验证技术会议，同期同址举办：第四届锰系与磷酸铁锂技术应用研讨会，定于2026年9月16-17日在杭州召开，旨在进一步加快固态电池、锰系与磷酸铁锂方面新技术创新应用，破解技术与产业化制备难题，评选表彰近年来在固态电池、锰系与磷酸铁锂行业做出突出成绩的优秀科研人员和企业，特邀请参与本次会议，共同交流探讨固态电池与锰系与磷酸铁锂的行业发展新思路。会议内容：固态电池分会场固态电池技术与产业发展新进展高能量固态电池在eVTOL与人型机器人中的应用固态电池（半）应用高速电摩前景探讨固态技术（半）在手机与3C产品中的应用固态电池（半）在动力和储能电池的应用探讨固态电池智能制备设计发展固态电池关键材料的开发与应用全固态钠电技术研发与进展干法电极工艺在固态电池中的应用硫/氧/卤/聚合物等全固态电池电解质材料产业化进展固态电解质理论配方设计与实验验证多技术表征平台在固态电池材料研究中的应用固态电解质界面优化设计固态电解质纳米化技术研究与制备方法全固态电池硅基负极的开发硅碳负极材料的创新研发及其在固态电池内的应用球型多孔炭在CVD硅碳负极材料中的应用锂金属负极技术新进展固态电池正极的结构设计与材料选择高镍/富锂锰基正极材料在固态电池体系中的应用石墨烯/碳纳米管新型碳材料在固态电池体系中的技术发展新型隔膜技术在固态（半）电池中的应用固态用复合集流体技术研发新进展AI技术在材料研发中的应用等静压技术在全固态电池制备中的应用湿法/干法/气流研磨技术在固态材料中的应用干法电极智能装备开发与应用新一代窑炉技术在电池材料制造中的应用蒸镀技术在固态电池制备中的优点钠米级制备技术与装备新应用锰系与磷酸铁锂分会场全球锂资源市场发展变化电池级硫（碳）酸锰/二氧化锰/四氧化三锰市场前景变化锰系前驱体研究与制备技术高锰新能源材料的挑战与前景磷酸锰铁锂在汽车与二轮车上的应用研究适配固态电池用磷酸锰铁锂材料最新技术进展富锂锰基正极材料纳米包覆、梯度掺杂等工艺介绍富锂锰基正极材料制备及改性研究新一代高电压镍锰酸锂材料技术与应用锰基钠电正极材料技术与成本分析高性能磷酸铁制备工艺革新高压实磷酸铁锂磷酸铁法和草酸亚铁法工艺路线发展低成本高压实磷酸铁锂产业化生产技术换代与装备创新适配固态电池用高压实磷酸铁锂技术优化高压实磷酸铁锂高温烧结杂质控制颗粒级配优化工艺对磷酸铁锂压实密度及电性能的提升纳米磷酸铁锂技术与制备一次烧结成型高压实磷酸铁锂工艺要点介绍高压实磷酸铁锂材料的预锂化方法关键电池材料回收再利用技术注：以最终会议日程报告为准演讲报告申请：王老师:*********** 邮 箱:46090424@qq.comPART 03会议特色TECHNOLOGY01会议形式20+5（每位专家20分钟报告+5分钟互动问答交流）交流方式，增加会议互动性；60+行业大咖，800+上下游企业从业者共聚一堂；诚邀高校/科研院所与产业技术从业者观点碰撞与交流，聚焦行业热点，解读技术与产业发展。02会议特色现场展台产品展示，“会+展”助力产业链上下游技术与市场对接，搭建立体化高效交流平台；1.5 天论坛，涉及固态与锰系铁锂行业装备、技术、材料、检测仪器设备等，全方位展示最新前沿技术研究与进展，深入探讨未来回收发展方向。03会议特色同期举办2026“NWEi-先锋奖”颁奖典礼，评选与发布“NEWi-先锋奖”新能源行业杰出科学家、新能源行业企业创新奖、行业优秀供应商”(联系主办方索取评选申请表)。04赞助方案1.本次会议设置总冠名、联合主办、协办单位、赞助单位、支持单位、手提袋、胸卡挂绳、椅背广告、酒水赞助、会议视频广告（会议室大屏播放）晚宴礼品、笔本赞助、茶歇赞助等会议赞助类别（详细赞助方案请联系主办方）。2、参展每个展位费用：12000元，包括2人的午餐、晚宴费用，展台费用，两份资料费用等。3、展位实际尺寸2米宽×3米高（设计尺寸2米宽×2.3米高）PART 04报名缴费TECHNOLOGY1.参会费用：A、限时600元/人（含餐），B、全免费（不含餐），转发会议信息至朋友圈，集28个赞，获得免费名额（限主机、电池电芯等下游单位）。2.参会注册费含会议资料、茶点、2次午餐、1场交流晚宴、参会材料等费用；3.会议统一安排食宿，住宿费自理；4.发票内容为“会议费”，开具增值税普通发票，不开增值税专用发票；注：所有人员凭参会证入场！提前报名缴费！汇款信息账 户：北京京昇文化传播有限公司账 号：040 4090 1030 0000 3837开户行：北京农村商业银行股份有限公司四季青支行行 号 ：402100000260 付款请注明：杭州会议+姓名，并将付款凭证保留，便于报到时查验。缴费成功后，请保持手机畅通，会务组会尽快与您联系，感谢您的支持！开票信息发送：46090424@qq.com参会、参展、宣传及赞助事宜： 王老师 188 1048 8288（同微） 张老师 182 3806 7581（同微） 袁老师 192 9355 9185（同微） 郭老师 192 8668 2548（同微） 李老师 138 1196 8226（同微）扫码加入固态/正极材料群进群备注：公司名称/姓名/职务主动发名片一张请识别二维码或添加***********欢迎同仁进群交流！PART 05往届会议/企业名单（部分）TECHNOLOGY由今日锂电、苏银产业园联合主办、清陶云能、尚金干燥协办的2026（常州）固态电池新技术应用大会暨固态电池材料制备与验证研讨会在常州富都洲际酒店顺利举办，来自全国各地300余位专家、企业代表参与了本次大会。由今日锂电主办的锰系与铁锂正极材料技术论坛，已连续成功举办三届，共计2000余人次参会嘉宾出席，已成为国内正极材料行业具较高影响力会议。近800家往届参会企业名单1.公司名称2.HT3.OCBC4.一玖东朔新材料科技(上海)有限公司6.万华化学集团股份有限公司8.万向一二三股份公司9.三星SDI10.三碳(安徽)科技研究院11.三维汉界机器（山东）股份有限公司13.三门峡莹鑫矿业有限公司14.上海上州阀门制造有限公司15.上海东浒科技有限公司16.上海东证期货有限公司17.上海中如智慧能源集团有限公司18.上海中锂实业有限公司19.上海交通大学20.锂禾(苏州)科技有限公司21.上海八桂资产管理有限公司22.上海加力气体有限公司23.上海华谊新材料化工销售有限公司25.上海国投26.上海大学27.上海天元国际贸易集团有限公司28.上海天臣微纳米科技有限公司29.上海奥克化学有限公司30.上海娑娜智能科技有限公司31.上海宇昂水性新材料科技股份有限公司32.上海宝弘资产管理有限公司33.上海容锂新材料科技有限公司34.上海市工业合作协会35.上海德卡实验室系统科技有限公司36.上海志聚贸易有限公司37.上海是程国际贸易有限公司38.上海昱瓴/安徽昱瓴科技有限公司39.上海昶法新材料有限公司40.上海楚赛41.上海毅速激光科技有限公司42.上海汇平新能源有限公司43.上海泰熊磁业有限公司44.上海瀚能时代新材45.上海瀚能时代新材料有限公司46.上海电力大学47.上海电力大学/欧赛新能源48.上海秀美模型有限公司49.上海经纬优品筛网有限公司50.上海耀狮能源科技有限公司51.上海艾枫机电设备有限公司52.上海荷迪思湿度控制设备有限公司53.上海辉锂化工有限公司54.上海锂凰科技有限公司55.上海锐驰新能源技术有限公司56.上海雅程仪器设备有限公司57.世标检测科技(天津)有限公司58.东北大学59.东南大学60.东方希望集团61.东莞东阳光科研发有限公司62.东莞市亿富机械科技有限公司63.东莞市华仕威水处理器材有限公司64.东莞市松储纳米科技有限公司65.东莞市润能机械有限66.东莞市满电新能源科技有限公司67.东莞市琅菱机械有限公司68.东莞市磨匠设备有限公司69.东莞市科路得新能源科技有限公司70.东莞瀚宇新能源材料科技有限公司71.东莞瑞泰新材料科技有限公司73.中伟新材料股份有限公司74.中俄新能源材料技术研究院75.中信金属股份有限公司76.中再生徐州资源再生开发有限公司77.中创新航78.中化国际79.中化蓝天氟材料有限公司80.中南大学81.中国人民财产保险股份有限公司四川省分公司82.中国人民财产保险股份有限公司成都市分公司83.中国科学院上海应用物理研究所84.中国科学院上海微系统与信息技术研究所85.中国科学院宁波材料所86.中国科学院山西煤炭化学研究所87.中国科学院过程工程研究所88.中天储能科技有限公司89.中山大学91.中机国际工程设计研究院有限责任公司92.中溢集团（吉林）新能源科技有限公司93.中电四公司94.中科院上海微系统所95.中科院兰州化学物理研究所96.中科院深圳先进技术研究院97.中科院物理所/中科固能98.中科院过程工程研究所/山东懋华新能源99.中粮营养健康研究院100.中船派瑞特气101.中蓝长化工程科技有限公司102.中豫飞马新材料技术创新中心（郑州）有限公司103.中财集团104.中钢天源股份有限公司105.中钢集团南京新材料研究院有限公司106.中钢集团马鞍山矿院新材料科技有限公司107.中锂科（苏州）新能源科技有限公司109.丰晖（山东）环保科技有限公司110.乐友新能源材料（无锡）有限公司111.二连浩特凯创资源有限公司112.云南云天化股份有限公司研究院113.云南本晟新材料有限公司114.云天化研究院115.互动派116.五矿新能117.五矿期货有限公司118.亿昇（杭州）磁悬浮技术有限公司119.佛山市德方纳米科技有限公司120.佛山泰姆斯新材料科技有限公司121.佛山热安科技发展有限公司122.信发集团有限公司123.兰州理工大学124.兴发集团125.兴星电子新材料（无锡）有限公司126.内蒙中合新材料有限公司127.内蒙古神东能源集团有限公司128.凯鑫管道科技有限公司129.利信(江苏)能源科技有限责任公司130.北京丝路惠商新能源产业发展有限公司131.北京中科埃米科技有限公司132.北京创能惠通科技有限公司133.北京化工大学134.北京和璟管理咨询有限公司135.北京市兰台（苏州）律师事务所136.北京市隆安（苏州）律师事务所137.北京师范大学139.北京涂多多电子商务股份有限公司140.北京理工大学141.北京英博电气股份有限公司142.北大纵横咨询集团143.北票新正粉末冶金有限公司144.华为技术有限公司145.华创证券有限责任公司146.华友钴业147.华鼎国联四川动力电池有限公司148.南京元辰新能源科技有限公司149.南京奥特集团150.南京工业大学151.南京索特烘箱制造有限公司152.南京金利检验有限公司153.南华期货154.南方泵业股份有限公司155.南方科技大学156.南方锰业集团有限责任公司157.南昌大学158.南渝伦华159.南通市悦华新材料科技有限公司160.南通瑞翔新材料有限公司161.南通金通储能动力新材料有限公司162.博创宏远新材料163.厦门势拓伺服科技股份有限公司164.厦门厦钨新能源材料股份有限公司165.厦门宝盈新电子有限公司166.厦门市集美区金桥汇贸易商行167.厦门建发高科有限公司168.厦门新能安169.厦门益材储能科技有限公司170.双安资产171.双登股份172.台湾立凯电能科技股份有限公司173.合肥中科阻燃新材料有限公司174.合肥原位科技有限公司175.合肥国轩电池材料有限公司176.吉利创新中心/浙江绿色智行科创有限公司177.吉旺科技（山东）有限公司178.吉林华兴新材料科技有限公司179.吉首长潭泵业有限公司180.咸阳华友新能源窑炉设备有限公司181.咸阳科源新材装备有限公司182.哈尔滨奥科诺183.唐山亨坤新能源材料有限公司184.四川乐盛荣新材料科技有限公司185.四川什邡市产业促进服务中心186.四川优源新能源有限公司187.四川兴晶茂科技有限公司188.四川利合达环保科技有限公司189.四川协鑫锂电有限公司190.四川协鑫锂电科技有限公司191.四川唐古拉颗粒机械有限公司192.四川大学193.四川宇能锂工新材料科技有限公司194.四川建彤新材料有限责任公司195.四川弘业环保科技有限公司196.四川普特威新材料科技有限公司197.四川望昌干燥设备有限公司198.四川汇能中哲新材料有限公司199.四川珠峰飞越科技有限公司200.四川省乐山锐丰冶金有限公司201.四川省青川县人民政府202.四川研宝科技203.四川科鸿阳科技有限公司204.四川立拓环境科技有限公司205.四川绵竹市盘龙矿物质有限责任公司206.四川艾诺基新材料科技有限公司207.四川虹屹科技有限公司208.四川蜀力芯新能源有限公司209.四川蜀能矿产有限责任公司210.四川赛恩思仪器有限公司211.四川迈昆新材料有限公司212.四川金汇能新材料股份有限公司213.四川金裕来化工有限公司214.四川锂古新能源科技有限公司215.四川锦恒丰菱新材料有限责任公司216.四川长虹智能制造技术有限公司217.四川雅化实业集团股份有限公司218.四川鸿鹏新材料有限公司219.因湃电池科技有限公司220.国轩高科221.国轩高科有限公司222.国钠能源科技（河北）有限公司223.圣戈班224.埃索凯科技股份有限公司225.基迈克材料科技（苏州）有限公司226.复旦大学227.多氟多新材料股份有限公司228.大金氟化工中国有限公司229.大金氟化工中国有限公司上海分公司230.天俱时工程科技集团有限公司231.天普新能源232.天津国安盟固利新材料科技股份有限公司233.天津复力新能源科技有限公司234.天津大学235.博创宏远新材料236.天津常兴新能源科技有限公司237.天津爱沃新能源材料有限公司238.天津蔚然国际贸易有限公司239.天津赛德美新能源科技有限公司240.天能集团241.天齐锂业新能源技术研究（眉山）有限公司242.奥冠集团243.威力工业网络股份有限公司244.宁夏威格瑞斯电力有限公司245.宁夏汉尧富锂科技有限责任公司247.宁德时代新能源科技有限公司248.宁德时代（贵州）新能源材料有限公司249.宁波东烽新材料有限公司250.宁波容百新能源科技股份有限公司251.安徽中科新能智能有限公司252.安徽中钠时代能源科技有限公司253.安徽五湖滤材有限公司254.安徽利科新材料科技有限公司255.安徽利维能动力电池有限公司256.安徽博石高科新材料股份有限公司257.安徽天磁新能源科技有限公司258.安徽天科泰新能源有限公司259.安徽天马机械科技有限公司260.安徽川江环保科技有限公司261.安徽新锰都科技有限公司262.安徽格派新能源有限公司263.安徽海创新能源材料有限公司264.安徽神霄新能源科技有限公司265.安徽腾越科技266.安徽贝特滤材有限公司267.安徽麒锂特科技有限公司268.宏博苏气气体设备（苏州）有限公司269.宜兴市东山新型材料有限公司270.宜兴市东山新材料有限公司271.宜兴市宙斯泵业有限公司272.宜兴市彦氿科技有限公司273.宜兴市灵谷塑料设备有限公司274.宜兴摩根热陶瓷有限公司275.宜宾天原锂电材料有限公司276.宜宾天程锂电新材有限公司277.宜昌泽美新材料有限公司278.宜春学院279.宝山钢铁股份有限公司280.宣城市鸿海装备科技有限公司281.富士康科技集团282.尚水智能283.山东众惠启创新材料科技有限公司284.山东信业新材料科技有限公司285.山东天向新材料有限公司286.山东富德源环保设备有限公司287.山东广新达新材料科技有限公司288.山东庆云经济开发区289.山东恒磁科技有限公司290.山东惠源在湖新材料有限公司291.山东本源环境科技股份有限公司292.山东欧迈机械股份有限公司293.山东民生智慧供应链集团有限公司294.山东济宁德盛源新材料有限公司295.山东瑞福锂业有限公司296.山东盛太锆业资源有限公司297.山东科华重工科技有限公司298.山东精工电子科技股份有限公司299.山东纽克气源净化设备有限公司300.山东聚恒环保科技有限公司301.山东英吉新材料有限公司302.山东运丰耐火材料有限公司303.山东锦锂新材料科技有限公司304.山东鲁欣粉磁新材料科技有限公司305.山东鲁银新材料科技有限公司306.山西佰基科技有限公司307.山西昇嘉琪新材料有限公司308.巨安储能武汉科技有限责任公司309.巨盛能源（江苏）有限公司310.巴斯夫311.巴特瑞科技有限公司312.布琅轲锶特（上海）测量设备贸易有限公司313.帅福得电池314.常州伯端机电设备有限公司315.常州力一紧固技术有限公司316.常州千沐新能源317.常州千沐新能源有限公司318.常州尚金干燥319.常州市范群干燥设备有限公司320.常州市龙鑫智能装备股份有限公司321.常州江本自控设备有限公司322.常州菲优特净化设备有限公司323.常州锂源324.平顶山市普赛斯石墨有限公司325.广东东阳光科技控股股份有限公司326.广东中杰能化新材料科技有限公司327.广东中科谛听科技有限公司328.广东卡利特智能科技有限公司329.广东嘉拓自动化有限公司330.广东德源新材料有限公司331.广东恒誉机械科技有限公司332.广东杰成新能源材料科技有限公司333.广东沃泰环保有限公司。334.广东派勒智能纳米科技股份有限335.广东盘古信息科技股份有限公司336.广东省中科供应链管理股份有限公司337.广东省锐驰新能源科技有限公司338.广东维杰物料自动化系统有限公司339.广东邦普循环科技有限公司340.广东金域科技有限公司341.广东鹏锦智能装备股份有限公司342.广州井秀机电设备安装工程有限公司343.广州伊莲辉机械有限公司344.广州伊莲辉机械设备有限公司345.广州唯量工控技术有限公司346.广州嘉匠贸易有限公司347.广州天赐348.广州奥斯德科技有限公司349.广州市唯量工控技术有限公司350.广州市文洛龙贸易有限公司351.广州汇富研究院有限公司352.广州集泰化工股份有限公司355.广汽集团因湃电池科技有限公司356.广汽集团汽车工程研究院357.广电计量检测358.广西柳工机械股份有限公司359.广西泳沣科技有限公司360.广西禹鼎新材料科技有限公司361.广西立劲新材料有限公司362.广西胜东新能源科技有限公司363.广西自贸区量孚新能源科技有限公司364.广西锰华新能源365.广西锰华新能源科技发展有限公司366.广西靖西市一洲锰业有限公司367.庆云县经济开发区368.建发(成都)有限公司369.开沃新能源370.弘则研究371.弘正储能（上海）能源科技有限公司372.弘洺新能源科技（山东）有限公司373.张家港清研检测技术有限公司374.当升科技375.徐州高新区376.德国TUV莱茵378.德阳川发龙蟒新材料有限公司379.怀仁县金诚高岭土有限责任公司381.恒力恒新工贸382.恒力恒源383.恒力期货384.恒胜集团385.惠州TCL新材料科技有限公司386.惠州锂威新能源科技有限公司387.惠鹏达388.成立航空股份有限公司389.成都乾瑞矿山工程有限公司390.成都倍力干燥设备有限公司391.成都卜丁科技有限公司392.成都四维科技有限公司393.成都固铁科技有限公司394.成都复旦复达科技有限公司395.成都大学396.成都宏智仓储有限公司397.成都工业学院398.成都巴莫科技有限责任公司399.成都市博涛智能装备制造有限公司400.成都新得利电子有限公司401.成都昆仑白泽化学试剂有限公司402.成都智楷分离科技有限公司403.成都清源尚和环保科技有限公司404.成都潮川化工有限公司405.成都理工大学406.成都索朗化工有限公司407.成都融捷锂业408.成都雨云科技有限公司409.抚顺东科精细化工有限公司410.抚顺市秀霖化工有限公司411.抚顺怡文节能环保设备有限公司412.振华新材413.斯瑞尔环境科技股份有限公司414.新乡市双虎振动设备有限公司415.新乡市弘力电源科技有限公司416.新乡市迈朗机械设备有限公司417.新乡市锐成机械设备有限公司418.新亚杉杉新材料科技衢州有限公司419.新恒凯能源科技股份有限公司420.新疆师范大学421.新疆有色金属研究所有限公司422.新疆能源423.施耐德电气424.无名资本425.无锡灵鸽机械科技股份有限公司426.无锡艾比德泵业有限公司427.无锡高端新能源有限公司428.日照卓盛新材料有限公司429.旭川化学430.昆山美宝环保设备有限公司431.昆明理工大学432.明水环境433.星恒电源股份有限公司434.星辉同程（北京）科技有限责任公司435.有研新能源材料（江西）有限公司436.朝阳博晟冶金科技有限公司437.朝阳金河创业投资有限公司438.杜肯集团439.杭州天跃气体设备制造有限公司440.杭州成功超声设备有限公司441.杭州捷瑞智能装备股份有限公司442.松下电器443.松桃三和锰业集团有限责任公司444.株洲辰悦智能装备有限公司446.格林美股份有限公司447.桂林电子科技大学448.桐乡华创三同科技发展有限公司449.欧普特450.欧美克451.欧赛新能源科技股份有限公司452.武汉中科先进材料技术有限公司453.武汉奥克化学有限公司454.武汉正峰新能源科技有限公司455.武汉理工大学456.武汉赛能科技有限公司457.武汉钠新材料技术有限公司459.比亚迪汽车工业有限公司460.永康市高新技术产业研究院/长三角物理研究中心461.汇清合一462.江苏三金锂电科技有限公司463.江苏久吾高科技股份有限公司464.江苏亮果金属制品有限公司465.江苏先锋智能科技股份有限公司466.江苏博涛467.江苏合志新能源材料技术有限公司468.江苏大学469.江苏天奈科技股份有限公司470.江苏宜锂471.江苏宜锂科技有限责任公司472.江苏尚金干燥科技有限公司473.江苏希城新材料科技有限公司474.江苏康士捷机械设备有限公司475.江苏晨力环保科技有限公司476.江苏正旭企新材料有限公司477.江苏润鸿高温窑具有限公司478.江苏科伦多食品配料有限公司479.江苏聚烽新能源科技有限公司,,,,pending
欢迎加入钠电技术交流群,今日钠电,今日钠电,"RIOnews API, 钠离子电池, 钠电",normal,2026-08-23T10:42:23+08:00,,扫码加入钠电技术交流群进群备注：公司名称/姓名/职务/钠电群。主动发名片一张请识别二维码或添加***********欢迎同仁进群交流！扫码加入钠电技术交流群进群备注：公司名称/姓名/职务/钠电群。主动发名片一张请识别二维码或添加***********欢迎同仁进群交流！,http://mp.weixin.qq.com/s?__biz=Mzk0NDQ5MjcxMg==&mid=2247488856&idx=4&sn=5f3424f72eb42b48fb8d81aff22543f5,,扫码加入钠电技术交流群进群备注：公司名称/姓名/职务/钠电群。主动发名片一张请识别二维码或添加***********欢迎同仁进群交流！扫码加入钠电技术交流群进群备注：公司名称/姓名/职务/钠电群。主动发名片一张请识别二维码或添加***********欢迎同仁进群交流！,扫码加入钠电技术交流群进群备注：公司名称/姓名/职务/钠电群。主动发名片一张请识别二维码或添加***********欢迎同仁进群交流！扫码加入钠电技术交流群进群备注：公司名称/姓名/职务/钠电群。主动发名片一张请识别二维码或添加***********欢迎同仁进群交流！,,,,pending
Nature Energy连发钠电突破：晶格氧氧化还原+NFPP钒掺杂，能量密度逼近锂电 今日钠电每日资讯第19期,今日钠电,今日钠电,"RIOnews API, 钠离子电池, 钠电, 钠电正极, 合作进展, 融资, 招标, 投资, 合作, 学术研究, 大学, 研究所, 技术进展, 技术突破, 前沿技术, 量产推进, 产能, 扩产",normal,2026-08-23T10:42:23+08:00,,【头条】Nature Energy连发钠电技术突破，能量密度逼近锂电水平南京大学郭少华/周豪慎团队在Nature Energy发表论文，在镁掺杂锰酸钠正极中引入三价铁离子作为'调解员'，激活晶格氧氧化还原，晶格氧可逆性从75%跃升至99%，钠离子电池能量密度达206Wh/kg，软包电池50mA/g下循环100次容量保持87.8%。机制：充电时Fe³⁺先氧化为Fe⁴⁺充当电子受体，放电时Fe³⁺还原为Fe²⁺充当电子供体。正极化学式Na₂/₃Mn₇/₁₂Mg₁/₄Fe₁/₆O₂。第一作者褚世勇，通讯作者张亮、陆俊、周豪慎、郭少华。（DOI: 10.1038/s41560-026-02112-8，,http://mp.weixin.qq.com/s?__biz=Mzk0NDQ5MjcxMg==&mid=2247488856&idx=1&sn=fd60bde546c77d708b6c8f8802962ad6,,【头条】Nature Energy连发钠电技术突破，能量密度逼近锂电水平南京大学郭少华/周豪慎团队在Nature Energy发表论文，在镁掺杂锰酸钠正极中引入三价铁离子作为'调解员'，激活晶格氧氧化还原，晶格氧可逆性从75%跃升至99%，钠离子电池能量密度达206Wh/kg，软包电池50mA/g下循环100次容量保持87.8%。机制：充电时Fe³⁺先氧化为Fe⁴⁺充当电子受体，放电时Fe³⁺还原为Fe²⁺充当电子供体。正极化学式Na₂/₃Mn₇/₁₂Mg₁/₄Fe₁/₆O₂。第一作者褚世勇，通讯作者张亮、陆俊、周豪慎、郭少华。（DOI: 10.1038/s41560-026-02112-8，,【头条】Nature Energy连发钠电技术突破，能量密度逼近锂电水平南京大学郭少华/周豪慎团队在Nature Energy发表论文，在镁掺杂锰酸钠正极中引入三价铁离子作为'调解员'，激活晶格氧氧化还原，晶格氧可逆性从75%跃升至99%，钠离子电池能量密度达206Wh/kg，软包电池50mA/g下循环100次容量保持87.8%。机制：充电时Fe³⁺先氧化为Fe⁴⁺充当电子受体，放电时Fe³⁺还原为Fe²⁺充当电子供体。正极化学式Na₂/₃Mn₇/₁₂Mg₁/₄Fe₁/₆O₂。第一作者褚世勇，通讯作者张亮、陆俊、周豪慎、郭少华。（DOI: 10.1038/s41560-026-02112-8，8月20日在线）中科院物理所胡勇胜/中山大学卢侠/浙大潘慧霖团队在Nature Energy发表研究，提出钠离子配位协同调控工程策略，V³⁺精准选择性取代NFPP的Fe2位点，重构Na⁺配位几何、软化聚阴离子骨架、抹平钠离子迁移能垒。最优组分Na₃.₄Fe₂.₄V₀.₆(PO₄)₂P₂O₇实现3.4个Na⁺完全利用，可逆容量150.7mAh/g，能量密度较纯相NFPP提升52%至487Wh/kg（接近商用LFP），2.1-4.5V下5C稳定循环10000次。V³⁺掺杂将Na2位点迁移能垒由0.615eV降至0.221eV。第一作者浙大李新宇、中山大学张朵朵，通讯作者胡勇胜、卢侠、潘慧霖。（DOI: 10.1038/s41560-026-02059-w）中科院化学所万立骏/郭玉国团队在Nature Nanotechnology发表论文，首次揭示铁离子八面体配位不稳定是高铁层状氧化物正极电化学机械失效的根本原因。提出多元素纳米级掺杂稳定策略：体相引入Al(III)、Co(III)增强Fe-O键能并提高迁移能垒，界面引入高键能的Y(III)稳定Fe配位环境。采用该正极的Ah级软包钠电池稳定循环2000+圈。第一作者金若溪博士，通讯作者郭玉洁、万立骏、郭玉国。（DOI: 10.1038/s41565-026-02257-3，8月12日发布）【开工投产】武汉启钠江西黎川5万吨钠电正极项目8月开工，总投资8亿元，建设周期10个月，预计2027年中投产。项目主打NFPP复合磷酸铁钠聚阴离子路线，背靠湖北工业大学胡培科研团队。企业早在2023年落地全球首条千吨级NFPP正极量产产线，现已供货多家头部电池厂商并拿下海外订单。按照整体产业规划，将联合当地政府、湖北工业大学搭建钠电产业技术研究院，打造从正极材料、电芯再到储能电池系统的完整中试平台。黄冈千吨级示范产线、武汉2000吨研发试验基地已相继落地。（钠电池网，8月；同花顺财经，8月9日）容百科技仙桃年产30万吨钠电正极材料一体化项目，总投资47.23亿元（固投40亿元），规划总产能30万吨分三期建设，一期5万吨计划2026年8月开工、2027年5月投产。公司主攻NFPP聚阴离子路线，已建成NFPP钠电正极产能1.8万吨/年，其中贵州新仁1.2万吨改造线稳定量产，仙桃6000吨钠电中试线已完成工艺验证。上半年钠电正极材料已在储能、启停、低速动力等场景实现近千吨级出货并大幅减亏。（新浪财经，7月30日）贵州为方能源铜仁20GWh钠电项目一期全面封顶，预计8月正式投产。一期投资5亿元，总建筑面积约4万平方米，规划建设500米S型布局高性能储能钠离子电池智能化生产线，满产后可实现年产1GWh钠离子电池、年产值突破5亿元，产品主打低温储能、工商业储能、通讯后备电源等场景，依托锰基钠电路线具备低成本、高安全、耐低温优势。项目母公司深圳为方能源拥有5名博士领衔、180余人的钠电研发团队，手握多项锰基钠离子电池自主核心专利。（钠电池网，8月）钠美科技巴中1.5GWh钠离子电池项目即将投产，总投资约5亿元，目前正处于设备进场、安装调试阶段，计划9月中旬投产。公司已与万洋集团、许继储能、卡儿酷、东新电控、山峡能源、同济电力等多家行业单位签订订单，累计在手各类订单8.9亿元，订单已有序排入后续生产计划。（北极星电力新闻网，8月21日）【产业化进展】2026年1-7月钠电产业交出亮眼成绩单：共跟踪到36个钠电产能扩产项目，设计年产能合计约165.7GWh，已披露投资总额超605亿元。从项目进展看，已投产项目7个，签约项目5个，开工/在建10个，真正落地的产能仅14.7GWh，开工/在建产能34GWh。从融资端看，2026年前7月钠电融资超20亿元，涉及20起融资事件，其中电芯及电池整线企业11起（占比57%），正极材料企业5起（占比24%），负极材料企业4起（占比19%）。聚阴离子路线（含NFPP）获投企业最多，印证了聚阴离子路线在储能场景的主导地位。（电力服务云，8月21日）宁德时代与东欧Solarpro签署2GWh天恒钠电储能合作协议，计划于年内共同部署中东欧地区首个大型钠电储能项目。天恒钠电储能系统拥有15000次长循环寿命，可稳定运营25至30年，在零下20℃下容量保持率达92%。此前宁德时代与海博思创签署3年60GWh钠电供应协议（全球最大钠电储能单笔订单），首款钠电储能系统'天恒钠电'首批产品将于9月开始交付中国市场，2026年底实现全年1GWh出货，全球市场将于2027年6月启动交付。单套设备最高能量达30MWh以上，25℃下拥有15000次超长循环寿命。（今日头条，8月10日；西能信息，8月12日）中科海钠与同力重工联合研发的全球首台钠离子电池纯电矿卡在唐山三友矿山正式交付投运。基于同力重工120E系列平台打造，搭载中科海钠自主研发的'海星'系列电池系统，总电量676kWh，电芯能量密度达165Wh/kg，循环寿命突破8000次。最大亮点在于快充与低温性能：整车支持大功率快充，20-25分钟即可从零到百分之百满电；在北方冬季零下环境中，电量衰减幅度远小于锂电池，解决了传统锂电矿卡冬天续航'跳水'的痛点。（西能信息，8月12日）超威集团旗下安庆超仁能源6.5GWh钠离子电池一期项目已投产。项目规划总投资35亿元，总产能6.5GWh，一期产能2GWh，预计年产值将超5亿元。（今日头条，8月10日）【融资动态】2026年前7月钠电融资超20亿元，涉及20起融资事件，其中电芯及电池整线企业11起（占比57%），正极材料企业5起（占比24%），负极材料企业4起（占比19%）。正极材料方面，聚阴离子路线获投企业最多，包括禾电科技、兴荣新源、珈钠能源、英钠新能源等。负极材料方面，硬碳负极是核心方向，钠科新材料、国科碳芯、华开新能源、容钠新能源等均以生物质基硬碳为主要技术路线。（电力服务云，8月21日）浙江钠创新能源有限公司7月宣布完成B轮融资，资金主要用于技术研发、产能扩张及市场拓展。（今日头条，8月10日）珈钠能源4月宣布完成A+轮数亿元融资，投资方包括深圳储能基金、亿纬锂能等机构，融资重点赋能钠离子电池关键材料技术迭代、产能扩张及全球市场拓展。（今日头条，8月10日）【论文速递】MIT Ju Li团队在Joule发表论文，提出small congeneric solvents策略，用分子设计与3D Zernike模型生成筛选出DMFSA（源于DMTMSA化学空间），电导率比大分子类似物高约20倍，CE约99.6%，氧化稳定性>4.9V，电流密度至6.0mA/cm²，优于传统醚类电解液。西交大薛伟江团队在ACS Nano发表论文，提出受限溶剂化电解液(CSE)策略，用极性诱导溶剂Me2TFMSA将PC/EMC碳酸酯约束在Na⁺第一溶剂化壳层，促进FSI⁻参与配位，形成聚集主导结构，电导率3.5mS/cm；Ah级硬碳||P2层状氧化物软包电池在4.3V下0.5C循环800圈保持率74.8%，1C循环1000圈66.2%，45℃循环300圈74.1%，-30℃深脱钠下抑制低温钠沉积。（DOI: 10.1021/acsnano.6c03000，第一作者Chenxi Liu，通讯Xue Han、Ding Nan、薛伟江）【产业数据】高工产研锂电研究所数据显示，2026H1中国钠离子电池企业出货量约1GWh，同比增长超25%；钠电正极材料出货量约1万吨，同比增长超100%；负极材料出货量约0.35万吨，同比增长超85%。从下游应用端来看，以两轮车为代表的小动力市场是钠电的主要出货领域，与此同时，其在储能场景的应用也正加速推进。GGII预计，2026年中国钠离子电池出货量有望超过5GWh。（今日头条，8月10日）2026年上半年国内钠电储能项目招标数量同比+327%，聚阴离子路线凭借长循环特性拿下储能场景超40%招标份额，成继层状氧化物后第二主流路线。2026年国内钠电正极总产能预计超80万吨，下游储能系统成本预计较2025年同期降28%。（同花顺财经，8月9日）天赐材料九江天赐年产1000吨新型钠电材料（双氟磺酰亚胺钠）扩建项目8月7日完成环评公示。另推进4500吨钠电解质项目，涵盖六氟磷酸钠、双氟磺酰亚胺钠、二氟磷酸钠三大品类。（西能信息，8月12日）长篙新材与致远钠科8月10日签署合作协议，联合攻关无负极钠电铝箔表面沉积超薄钠带技术，推动自生成负极钠电池在容量和循环稳定性上实现突破。（西能信息，8月12日）【展望】国金证券测算2026-2028年全球钠电需求为18/59/148GWh，CAGR达183%，2026年为产业化关键商业化拐点。IEA预测2030年中国钠电产能占比超95%。核心矛盾仍是成本竞争力不足与下游需求跟进不及预期的'鸡生蛋'困局；硬碳产气、循环寿命不足、储能成本偏高是三大痛点。从'规划产能'到'有效产出'，从'资本热捧'到'商业闭环'，钠电池仍需跨过成本、性能和规模化应用的多重门槛。下半场的看点，将从'签了多少项目'转向'真正跑通了多少产能'。（电力服务云，8月21日）注：本期内容基于行业公开信息与领域知识综合整理分析，如有疏漏请批评指正，侵权请联系删除。2026第3届中国钠电材料与钠电场景应用技术会议 同期举办：钠电行业供应链对接交流会PART 01会议组织TECHNOLOGY主办单位：今日锂电/今日钠电承办单位：北京京昇文化传播有限公司 会议时间：2026年12月3-4日（2日签到）会议地点：待定总冠名/联合主办/招募中···协办单位：/招募中···长沙钠离子电池创新联合体银川苏银产业园发展有限公司深圳市新能源行业协会碳材山庄支持单位：/招募中···新能源前沿新能源在线锂电PLUS展台赞助：/招募中···PART 02会议内容/日程安排TECHNOLOGY2026第3届中国钠电材料与钠电场景应用技术会议 定于2026年12月3-4日召开，本次会议将邀请钠电行业的知名专家、学者和企业代表，围绕钠电材料与钠电场景最新研究成果及应用作专题报告，促进钠离子电池领域产学研合作，进行深入交流探讨。同期举办：钠电行业供应链对接交流会，搭建供应链平台，促进产业供需交流合作。会议议题“双碳”背景下钠电储能行业前景探讨大规模钠电产业链前景发展钠电热失控控制技术发展固态钠电技术发展前景与技术低成本大规模钠电商业储能技术突破要点钠电池在低速车/起停换电行业市场发展钠电正极材料前驱体行业发展层状氧化物正极材料规模化生产技术前景P2/P3型金属掺杂优化探讨聚阴离子型正极材料新技术工艺应用NFPP正极材料高压实低成本技术研究锰基钠电正极材料应用研究磷酸盐类/复合焦磷酸铁钠正极材料优化磷酸铁钠高比容量技术发展普鲁士蓝/白类材料低成本技术与制备钠电关键制造设备新技术与智能化纳米化研磨分散新技术应用生物质基硬碳材料开发与应用煤基/沥青基硬碳负极材料产业化进展树脂基高性硬碳负极材料的开发应用碳材料绿色、智能提纯工艺发展钠电专用铝箔新技术应用（以上内容为拟定，以最终会议现场主题为准）演讲报告申请：王老师:***********邮 箱:46090424@qq.comPART 03科技赋能，焕新日常TECHNOLOGY01会议形式20+5（每位专家20分钟报告+5分钟互动问答交流）交流方式，增加会议互动性；30+行业大咖，500+上下游企业从业者共聚一堂；诚邀高校/科研院所与产业技术从业者观点碰撞与交流，聚焦行业热点，解读技术与产业发展。02会议特色现场展台产品展示，“会+展”助力产业链上下游技术与市场对接，搭建立体化高效交流平台；1.5 天论坛，涉及钠电行业装备、技术、材料、检测仪器设备等，全方位展示最新前沿技术研究与进展，深入探讨未来回收发展方向。03赞助方案1、本次会议设置总冠名、联合主办、协办单位、赞助单位、支持单位、手提袋、胸卡挂绳、椅背广告、酒水赞助、会议视频广告（会议室大屏播放）晚宴礼品、笔本赞助、茶歇赞助等会议赞助类别（详细赞助方案请联系主办方）。2、参展每个展位费用：12000元，包括2人的午餐、晚宴费用，展台费用，两份资料费用等。3、展位实际尺寸2米宽×3米高（设计尺寸2米宽×2.3米高）04会议特色同期举办2026“NWEi-先锋奖”颁奖典礼，评选与发布“NEWi-先锋奖”钠电料杰出科学家、钠电企业创新奖”(联系主办方索取评选申请表)。PART 04扫码报名TECHNOLOGY1.参会注册费用：限时免费参会！A.全免费：（转发会议信息至朋友圈集28个赞，0费用，不含餐）B.参会费600元：（转发会议信息至朋友圈集18个赞，含餐费、供应链交流晚餐费用）C.福利参会：（转发会议信息至朋友圈集68个赞，送含餐费、供应链交流晚餐费用门票，限十名）2.参会注册费含会议资料、茶点、2次午餐、1场交流晚宴、参会材料等费用；3.会议统一安排食宿，住宿费自理；4.发票内容为“会议费”，开具增值税普通发票，不开增值税专用发票；注：所有人员凭参会证入场！提前报名缴费！汇款信息账 户：北京京昇文化传播有限公司账 号：040 4090 1030 0000 3837开户行：北京农村商业银行股份有限公司四季青支行行 号 ：402100000260 付款请注明：公司名称+姓名，并将付款凭证保留，便于报到时查验。缴费成功后，请保持手机畅通，会务组会尽快与您联系，感谢您的支持！开票信息发送：46090424@qq.com参会、参展、宣传及赞助事宜： 王老师 188 1048 8288（同微） 张老师 182 3806 7581（同微） 袁老师 192 9355 9185（同微） 郭老师 192 8668 2548（同微） 李老师 138 1196 8226（同微）扫码加入钠电/碳材料群进群备注：公司名称/姓名/职务主动发名片一张请识别二维码或添加***********欢迎同仁进群交流！PART 05往届回顾TECHNOLOGY（上届部分名单）宁德时代、比亚迪、鹏辉、华友钠电、蜂巢能源、容百科技、中创新航、亿纬锂能、中科海钠、璞钠、派能、华钠芯能、奥冠集团、鸿海科技集团、福建金年、萨震、隐功科技、钠创、立方新能源、当升科技、国钠、海四达、壳牌、振华新材、易事特、传艺、中钠、众钠、湖钠、钠新、钠远、厦钨新能源、龙蟠科技、英钠、瑞浦兰均、万润、博钠、中能汇通、东能钠新、海钠、超钠、青钠、金钠、钠壹、皓升、盘古、为方、钠能时代、亮见、希倍、深圳新威、长三角物理中心、国钠、钠邦、瓦时动力、钠伏、华钠、钠科、钠普、昆宇电源、瓦司特钠、珈钠、超威、天能、鑫钠、兆钠、浩钠、先众、丰日电源、世绿环保、邦普循环、锂源、昱烯瓴、极电特能、珠海纳甘、中科院、中南大学、上海交大、浙江大学、武汉大学····往期推荐圆满落幕 | 2026 第 2 届（西部）钠电正负极材料与钠电场景应用技术会议成都收官产学研深度联动，共筑钠电产业高质量发展新格局圆满结束！2025钠电正极材料与钠电储能技术论坛/中国首届钠电硬炭负极技术论坛建议收藏！全网最全350余家钠电产业链全梳理名单（新增9家，持续更新中）Nature Energy连发钠电技术突破，能量密度逼近锂电水平,,,,pending
最新会议通知：常州/12月3-4日，2026第3届中国钠电材料与钠电场景应用技术会议 同期：钠电行业供应链对接交流会,今日钠电,今日钠电,"RIOnews API, 钠离子电池, 钠电, 钠电正极, 技术进展, 技术突破, 前沿技术",normal,2026-08-23T10:42:23+08:00,,2026第3届中国钠电材料与钠电场景应用技术会议 同期举办：钠电行业供应链对接交流会PART 01会议组织TECHNOLOGY主办单位：今日锂电/今日钠电承办单位：北京京昇文化传播有限公司 会议时间：2026年12月3-4日（2日签到）会议地点：待定总冠名/联合主办/招募中···协办单位：/招募中···长沙钠离子电池创新联合体银川苏银产业园发展有限公司深圳市新能源行业协会碳材山庄支持单位：/招募中···新能源前沿新能源在线锂电PLUS展台赞助：/招募中···PART 02会议内容/日程安排TECHNOLOGY2026第3届中国钠电材料与钠电场景应用技术会议 定于2026年12月3-4日召开，本,http://mp.weixin.qq.com/s?__biz=Mzk0NDQ5MjcxMg==&mid=2247488856&idx=2&sn=7a64b3a931d703c6ee06e0ca07fba7cd,,2026第3届中国钠电材料与钠电场景应用技术会议 同期举办：钠电行业供应链对接交流会PART 01会议组织TECHNOLOGY主办单位：今日锂电/今日钠电承办单位：北京京昇文化传播有限公司 会议时间：2026年12月3-4日（2日签到）会议地点：待定总冠名/联合主办/招募中···协办单位：/招募中···长沙钠离子电池创新联合体银川苏银产业园发展有限公司深圳市新能源行业协会碳材山庄支持单位：/招募中···新能源前沿新能源在线锂电PLUS展台赞助：/招募中···PART 02会议内容/日程安排TECHNOLOGY2026第3届中国钠电材料与钠电场景应用技术会议 定于2026年12月3-4日召开，本,2026第3届中国钠电材料与钠电场景应用技术会议 同期举办：钠电行业供应链对接交流会PART 01会议组织TECHNOLOGY主办单位：今日锂电/今日钠电承办单位：北京京昇文化传播有限公司 会议时间：2026年12月3-4日（2日签到）会议地点：待定总冠名/联合主办/招募中···协办单位：/招募中···长沙钠离子电池创新联合体银川苏银产业园发展有限公司深圳市新能源行业协会碳材山庄支持单位：/招募中···新能源前沿新能源在线锂电PLUS展台赞助：/招募中···PART 02会议内容/日程安排TECHNOLOGY2026第3届中国钠电材料与钠电场景应用技术会议 定于2026年12月3-4日召开，本次会议将邀请钠电行业的知名专家、学者和企业代表，围绕钠电材料与钠电场景最新研究成果及应用作专题报告，促进钠离子电池领域产学研合作，进行深入交流探讨。同期举办：钠电行业供应链对接交流会，搭建供应链平台，促进产业供需交流合作。会议议题“双碳”背景下钠电储能行业前景探讨大规模钠电产业链前景发展钠电热失控控制技术发展固态钠电技术发展前景与技术低成本大规模钠电商业储能技术突破要点钠电池在低速车/起停换电行业市场发展钠电正极材料前驱体行业发展层状氧化物正极材料规模化生产技术前景P2/P3型金属掺杂优化探讨聚阴离子型正极材料新技术工艺应用NFPP正极材料高压实低成本技术研究锰基钠电正极材料应用研究磷酸盐类/复合焦磷酸铁钠正极材料优化磷酸铁钠高比容量技术发展普鲁士蓝/白类材料低成本技术与制备钠电关键制造设备新技术与智能化纳米化研磨分散新技术应用生物质基硬碳材料开发与应用煤基/沥青基硬碳负极材料产业化进展树脂基高性硬碳负极材料的开发应用碳材料绿色、智能提纯工艺发展钠电专用铝箔新技术应用（以上内容为拟定，以最终会议现场主题为准）演讲报告申请：王老师:***********邮 箱:46090424@qq.comPART 03科技赋能，焕新日常TECHNOLOGY01会议形式20+5（每位专家20分钟报告+5分钟互动问答交流）交流方式，增加会议互动性；30+行业大咖，500+上下游企业从业者共聚一堂；诚邀高校/科研院所与产业技术从业者观点碰撞与交流，聚焦行业热点，解读技术与产业发展。02会议特色现场展台产品展示，“会+展”助力产业链上下游技术与市场对接，搭建立体化高效交流平台；1.5 天论坛，涉及钠电行业装备、技术、材料、检测仪器设备等，全方位展示最新前沿技术研究与进展，深入探讨未来回收发展方向。03赞助方案1、本次会议设置总冠名、联合主办、协办单位、赞助单位、支持单位、手提袋、胸卡挂绳、椅背广告、酒水赞助、会议视频广告（会议室大屏播放）晚宴礼品、笔本赞助、茶歇赞助等会议赞助类别（详细赞助方案请联系主办方）。2、参展每个展位费用：12000元，包括2人的午餐、晚宴费用，展台费用，两份资料费用等。3、展位实际尺寸2米宽×3米高（设计尺寸2米宽×2.3米高）04会议特色同期举办2026“NWEi-先锋奖”颁奖典礼，评选与发布“NEWi-先锋奖”钠电料杰出科学家、钠电企业创新奖”(联系主办方索取评选申请表)。PART 04扫码报名TECHNOLOGY1.参会注册费用：限时免费参会！A.全免费：（转发会议信息至朋友圈集28个赞，0费用，不含餐）B.参会费600元：（转发会议信息至朋友圈集18个赞，含餐费、供应链交流晚餐费用）C.福利参会：（转发会议信息至朋友圈集68个赞，送含餐费、供应链交流晚餐费用门票，限十名）2.参会注册费含会议资料、茶点、2次午餐、1场交流晚宴、参会材料等费用；3.会议统一安排食宿，住宿费自理；4.发票内容为“会议费”，开具增值税普通发票，不开增值税专用发票；注：所有人员凭参会证入场！提前报名缴费！汇款信息账 户：北京京昇文化传播有限公司账 号：040 4090 1030 0000 3837开户行：北京农村商业银行股份有限公司四季青支行行 号 ：402100000260 付款请注明：公司名称+姓名，并将付款凭证保留，便于报到时查验。缴费成功后，请保持手机畅通，会务组会尽快与您联系，感谢您的支持！开票信息发送：46090424@qq.com参会、参展、宣传及赞助事宜： 王老师 188 1048 8288（同微） 张老师 182 3806 7581（同微） 袁老师 192 9355 9185（同微） 郭老师 192 8668 2548（同微） 李老师 138 1196 8226（同微）扫码加入钠电/碳材料群进群备注：公司名称/姓名/职务主动发名片一张请识别二维码或添加***********欢迎同仁进群交流！PART 05往届回顾TECHNOLOGY（上届部分名单）宁德时代、比亚迪、鹏辉、华友钠电、蜂巢能源、容百科技、中创新航、亿纬锂能、中科海钠、璞钠、派能、华钠芯能、奥冠集团、鸿海科技集团、福建金年、萨震、隐功科技、钠创、立方新能源、当升科技、国钠、海四达、壳牌、振华新材、易事特、传艺、中钠、众钠、湖钠、钠新、钠远、厦钨新能源、龙蟠科技、英钠、瑞浦兰均、万润、博钠、中能汇通、东能钠新、海钠、超钠、青钠、金钠、钠壹、皓升、盘古、为方、钠能时代、亮见、希倍、深圳新威、长三角物理中心、国钠、钠邦、瓦时动力、钠伏、华钠、钠科、钠普、昆宇电源、瓦司特钠、珈钠、超威、天能、鑫钠、兆钠、浩钠、先众、丰日电源、世绿环保、邦普循环、锂源、昱烯瓴、极电特能、珠海纳甘、中科院、中南大学、上海交大、浙江大学、武汉大学····往期推荐圆满落幕 | 2026 第 2 届（西部）钠电正负极材料与钠电场景应用技术会议成都收官产学研深度联动，共筑钠电产业高质量发展新格局圆满结束！2025钠电正极材料与钠电储能技术论坛/中国首届钠电硬炭负极技术论坛建议收藏！全网最全350余家钠电产业链全梳理名单（新增9家，持续更新中）最新会议通知：常州/12月3-4日,,,,pending
已参会单位：宁德时代/国轩/兰均/广汽/北汽/东风/奇瑞/亿纬/星恒/有研/盟固利/五矿长少院/中科院宁波所/中科院物理所/中科院高能所...,今日锂电,今日锂电,"RIOnews API, 新材料, 电池材料, 复合材料, 碳, 隔膜, 复合集流体, 聚合物, 高比能, 锂金属, 富锂锰, 硅, 前沿表征, 原位, 固态电池, 固态电解质, 钠离子电池, 钠电, 合作进展, 投资, 合作, 学术研究, 大学, 科学院, 研究所, 技术进展, 技术突破, 制备工艺, 界面优化, 前沿技术",normal,2026-08-23T10:28:41+08:00,,重磅会议两会并行分会场60+大咖报告嘉宾800+参会人员聚焦固态电解质/硅碳/磷酸（锰）铁锂/锰系材料 第二届固态电池新技术应用与材料制备验证技术会议 同期举办：第四届锰系与磷酸铁锂技术应用研讨会 赞助展台预订中...演讲报告开放预约中...第二届固态电池新技术应用与材料制备验证技术会议同期举办：第四届锰系与磷酸铁锂技术应用研讨会PART 01会议组织TECHNOLOGY主办单位：今日锂电/今日钠电承办单位：北京京昇文化传播有限公司 会议时间：2026年9月16-17日（15日签到）会议地点：中国·杭州总冠名/联合主办/招募中···协办单位：/招募中···东莞市星辰锂能咨询有限公司淄博华鸣新材,http://mp.weixin.qq.com/s?__biz=MzkyNzc0MDc0MA==&mid=2247519060&idx=2&sn=f364f88f275e8ea3e4b02c3c8f7a9a2d,,重磅会议两会并行分会场60+大咖报告嘉宾800+参会人员聚焦固态电解质/硅碳/磷酸（锰）铁锂/锰系材料 第二届固态电池新技术应用与材料制备验证技术会议 同期举办：第四届锰系与磷酸铁锂技术应用研讨会 赞助展台预订中...演讲报告开放预约中...第二届固态电池新技术应用与材料制备验证技术会议同期举办：第四届锰系与磷酸铁锂技术应用研讨会PART 01会议组织TECHNOLOGY主办单位：今日锂电/今日钠电承办单位：北京京昇文化传播有限公司 会议时间：2026年9月16-17日（15日签到）会议地点：中国·杭州总冠名/联合主办/招募中···协办单位：/招募中···东莞市星辰锂能咨询有限公司淄博华鸣新材,重磅会议两会并行分会场60+大咖报告嘉宾800+参会人员聚焦固态电解质/硅碳/磷酸（锰）铁锂/锰系材料 第二届固态电池新技术应用与材料制备验证技术会议 同期举办：第四届锰系与磷酸铁锂技术应用研讨会 赞助展台预订中...演讲报告开放预约中...第二届固态电池新技术应用与材料制备验证技术会议同期举办：第四届锰系与磷酸铁锂技术应用研讨会PART 01会议组织TECHNOLOGY主办单位：今日锂电/今日钠电承办单位：北京京昇文化传播有限公司 会议时间：2026年9月16-17日（15日签到）会议地点：中国·杭州总冠名/联合主办/招募中···协办单位：/招募中···东莞市星辰锂能咨询有限公司淄博华鸣新材料有限公司深圳市新能源行业协会支持单位：/招募中···新能源前沿新能源在线锂电PLUS展台赞助：/招募中···山东杰特姆粉体技术设备有限公司淄博华鸣新材料有限公司张家港市日新机电有限公司潍坊追日磁电科技有限公司安徽麒锂特科技有限公司宜春万申智能装备股份有限公司上海菩正电子科技有限公司江苏亮果金属制品有限公司PART 02会议内容TECHNOLOGY中国《新能源汽车产业发展规划》明确支持固态电池研发，2025年全球固态电池市场规模预计突破百亿元，固态电池已成为公认的下一代电池，在过去的一年里，固态电池新技术与产业化进程以比预计中的更快的速度发展，然而固态电池还存在关键技术突破和产业化制备成本问题。在固态电池商用还不可极的当下，仍还是磷酸铁锂的天下，作为磷酸铁锂最重要的技术迭代与升级方向，高压实磷酸铁锂与磷酸锰铁锂技术将是现在的重点发展方向，并且和富锂锰基、高电压镍锰酸锂、高镍三元材料形成竞争未来适配固态电池正极材料的格局，而富锂锰基材料理论能量密度超1000Wh/kg，成本较高镍三元材料（价格高、技术成熟度高、安全性存疑）低25%-40%，被认为是固态电池最佳适配正极材料，高电压镍锰酸锂工作电压高达5V，比能650Wh/kg，更适合固态电池高电压体系，未来谁来主导，还要看技术成熟度。2026固态电池新技术应用与材料制备验证技术会议，同期同址举办：第四届锰系与磷酸铁锂技术应用研讨会，定于2026年9月16-17日在杭州召开，旨在进一步加快固态电池、锰系与磷酸铁锂方面新技术创新应用，破解技术与产业化制备难题，评选表彰近年来在固态电池、锰系与磷酸铁锂行业做出突出成绩的优秀科研人员和企业，特邀请参与本次会议，共同交流探讨固态电池与锰系与磷酸铁锂的行业发展新思路。会议内容：固态电池分会场固态电池技术与产业发展新进展高能量固态电池在eVTOL与人型机器人中的应用固态电池（半）应用高速电摩前景探讨固态技术（半）在手机与3C产品中的应用固态电池（半）在动力和储能电池的应用探讨固态电池智能制备设计发展固态电池关键材料的开发与应用全固态钠电技术研发与进展干法电极工艺在固态电池中的应用硫/氧/卤/聚合物等全固态电池电解质材料产业化进展固态电解质理论配方设计与实验验证多技术表征平台在固态电池材料研究中的应用固态电解质界面优化设计固态电解质纳米化技术研究与制备方法全固态电池硅基负极的开发硅碳负极材料的创新研发及其在固态电池内的应用球型多孔炭在CVD硅碳负极材料中的应用锂金属负极技术新进展固态电池正极的结构设计与材料选择高镍/富锂锰基正极材料在固态电池体系中的应用石墨烯/碳纳米管新型碳材料在固态电池体系中的技术发展新型隔膜技术在固态（半）电池中的应用固态用复合集流体技术研发新进展AI技术在材料研发中的应用等静压技术在全固态电池制备中的应用湿法/干法/气流研磨技术在固态材料中的应用干法电极智能装备开发与应用新一代窑炉技术在电池材料制造中的应用蒸镀技术在固态电池制备中的优点钠米级制备技术与装备新应用锰系与磷酸铁锂分会场全球锂资源市场发展变化电池级硫（碳）酸锰/二氧化锰/四氧化三锰市场前景变化锰系前驱体研究与制备技术高锰新能源材料的挑战与前景磷酸锰铁锂在汽车与二轮车上的应用研究适配固态电池用磷酸锰铁锂材料最新技术进展富锂锰基正极材料纳米包覆、梯度掺杂等工艺介绍富锂锰基正极材料制备及改性研究新一代高电压镍锰酸锂材料技术与应用锰基钠电正极材料技术与成本分析高性能磷酸铁制备工艺革新高压实磷酸铁锂磷酸铁法和草酸亚铁法工艺路线发展低成本高压实磷酸铁锂产业化生产技术换代与装备创新适配固态电池用高压实磷酸铁锂技术优化高压实磷酸铁锂高温烧结杂质控制颗粒级配优化工艺对磷酸铁锂压实密度及电性能的提升纳米磷酸铁锂技术与制备一次烧结成型高压实磷酸铁锂工艺要点介绍高压实磷酸铁锂材料的预锂化方法关键电池材料回收再利用技术注：以最终会议日程报告为准演讲报告申请：王老师:*********** 邮 箱:46090424@qq.comPART 03会议特色TECHNOLOGY01会议形式20+5（每位专家20分钟报告+5分钟互动问答交流）交流方式，增加会议互动性；60+行业大咖，800+上下游企业从业者共聚一堂；诚邀高校/科研院所与产业技术从业者观点碰撞与交流，聚焦行业热点，解读技术与产业发展。02会议特色现场展台产品展示，“会+展”助力产业链上下游技术与市场对接，搭建立体化高效交流平台；1.5 天论坛，涉及固态与锰系铁锂行业装备、技术、材料、检测仪器设备等，全方位展示最新前沿技术研究与进展，深入探讨未来回收发展方向。03会议特色同期举办2026“NWEi-先锋奖”颁奖典礼，评选与发布“NEWi-先锋奖”新能源行业杰出科学家、新能源行业企业创新奖、行业优秀供应商”(联系主办方索取评选申请表)。04赞助方案1.本次会议设置总冠名、联合主办、协办单位、赞助单位、支持单位、手提袋、胸卡挂绳、椅背广告、酒水赞助、会议视频广告（会议室大屏播放）晚宴礼品、笔本赞助、茶歇赞助等会议赞助类别（详细赞助方案请联系主办方）。2、参展每个展位费用：12000元，包括2人的午餐、晚宴费用，展台费用，两份资料费用等。3、展位实际尺寸2米宽×3米高（设计尺寸2米宽×2.3米高）PART 04报名缴费TECHNOLOGY1.参会费用：A、限时600元/人（含餐），B、全免费（不含餐），转发会议信息至朋友圈，集28个赞，获得免费名额（限主机、电池电芯等下游单位）。2.参会注册费含会议资料、茶点、2次午餐、1场交流晚宴、参会材料等费用；3.会议统一安排食宿，住宿费自理；4.发票内容为“会议费”，开具增值税普通发票，不开增值税专用发票；注：所有人员凭参会证入场！提前报名缴费！汇款信息账 户：北京京昇文化传播有限公司账 号：040 4090 1030 0000 3837开户行：北京农村商业银行股份有限公司四季青支行行 号 ：402100000260 付款请注明：杭州会议+姓名，并将付款凭证保留，便于报到时查验。缴费成功后，请保持手机畅通，会务组会尽快与您联系，感谢您的支持！开票信息发送：46090424@qq.com参会、参展、宣传及赞助事宜： 王老师 188 1048 8288（同微） 张老师 182 3806 7581（同微） 袁老师 192 9355 9185（同微） 郭老师 192 8668 2548（同微） 李老师 138 1196 8226（同微）扫码加入固态/正极材料群进群备注：公司名称/姓名/职务主动发名片一张请识别二维码或添加***********欢迎同仁进群交流！PART 05往届会议/企业名单（部分）TECHNOLOGY由今日锂电、苏银产业园联合主办、清陶云能、尚金干燥协办的2026（常州）固态电池新技术应用大会暨固态电池材料制备与验证研讨会在常州富都洲际酒店顺利举办，来自全国各地300余位专家、企业代表参与了本次大会。由今日锂电主办的锰系与铁锂正极材料技术论坛，已连续成功举办三届，共计2000余人次参会嘉宾出席，已成为国内正极材料行业具较高影响力会议。近800家往届参会企业名单1.公司名称2.HT3.OCBC4.一玖东朔新材料科技(上海)有限公司6.万华化学集团股份有限公司8.万向一二三股份公司9.三星SDI10.三碳(安徽)科技研究院11.三维汉界机器（山东）股份有限公司13.三门峡莹鑫矿业有限公司14.上海上州阀门制造有限公司15.上海东浒科技有限公司16.上海东证期货有限公司17.上海中如智慧能源集团有限公司18.上海中锂实业有限公司19.上海交通大学20.锂禾(苏州)科技有限公司21.上海八桂资产管理有限公司22.上海加力气体有限公司23.上海华谊新材料化工销售有限公司25.上海国投26.上海大学27.上海天元国际贸易集团有限公司28.上海天臣微纳米科技有限公司29.上海奥克化学有限公司30.上海娑娜智能科技有限公司31.上海宇昂水性新材料科技股份有限公司32.上海宝弘资产管理有限公司33.上海容锂新材料科技有限公司34.上海市工业合作协会35.上海德卡实验室系统科技有限公司36.上海志聚贸易有限公司37.上海是程国际贸易有限公司38.上海昱瓴/安徽昱瓴科技有限公司39.上海昶法新材料有限公司40.上海楚赛41.上海毅速激光科技有限公司42.上海汇平新能源有限公司43.上海泰熊磁业有限公司44.上海瀚能时代新材45.上海瀚能时代新材料有限公司46.上海电力大学47.上海电力大学/欧赛新能源48.上海秀美模型有限公司49.上海经纬优品筛网有限公司50.上海耀狮能源科技有限公司51.上海艾枫机电设备有限公司52.上海荷迪思湿度控制设备有限公司53.上海辉锂化工有限公司54.上海锂凰科技有限公司55.上海锐驰新能源技术有限公司56.上海雅程仪器设备有限公司57.世标检测科技(天津)有限公司58.东北大学59.东南大学60.东方希望集团61.东莞东阳光科研发有限公司62.东莞市亿富机械科技有限公司63.东莞市华仕威水处理器材有限公司64.东莞市松储纳米科技有限公司65.东莞市润能机械有限66.东莞市满电新能源科技有限公司67.东莞市琅菱机械有限公司68.东莞市磨匠设备有限公司69.东莞市科路得新能源科技有限公司70.东莞瀚宇新能源材料科技有限公司71.东莞瑞泰新材料科技有限公司73.中伟新材料股份有限公司74.中俄新能源材料技术研究院75.中信金属股份有限公司76.中再生徐州资源再生开发有限公司77.中创新航78.中化国际79.中化蓝天氟材料有限公司80.中南大学81.中国人民财产保险股份有限公司四川省分公司82.中国人民财产保险股份有限公司成都市分公司83.中国科学院上海应用物理研究所84.中国科学院上海微系统与信息技术研究所85.中国科学院宁波材料所86.中国科学院山西煤炭化学研究所87.中国科学院过程工程研究所88.中天储能科技有限公司89.中山大学91.中机国际工程设计研究院有限责任公司92.中溢集团（吉林）新能源科技有限公司93.中电四公司94.中科院上海微系统所95.中科院兰州化学物理研究所96.中科院深圳先进技术研究院97.中科院物理所/中科固能98.中科院过程工程研究所/山东懋华新能源99.中粮营养健康研究院100.中船派瑞特气101.中蓝长化工程科技有限公司102.中豫飞马新材料技术创新中心（郑州）有限公司103.中财集团104.中钢天源股份有限公司105.中钢集团南京新材料研究院有限公司106.中钢集团马鞍山矿院新材料科技有限公司107.中锂科（苏州）新能源科技有限公司109.丰晖（山东）环保科技有限公司110.乐友新能源材料（无锡）有限公司111.二连浩特凯创资源有限公司112.云南云天化股份有限公司研究院113.云南本晟新材料有限公司114.云天化研究院115.互动派116.五矿新能117.五矿期货有限公司118.亿昇（杭州）磁悬浮技术有限公司119.佛山市德方纳米科技有限公司120.佛山泰姆斯新材料科技有限公司121.佛山热安科技发展有限公司122.信发集团有限公司123.兰州理工大学124.兴发集团125.兴星电子新材料（无锡）有限公司126.内蒙中合新材料有限公司127.内蒙古神东能源集团有限公司128.凯鑫管道科技有限公司129.利信(江苏)能源科技有限责任公司130.北京丝路惠商新能源产业发展有限公司131.北京中科埃米科技有限公司132.北京创能惠通科技有限公司133.北京化工大学134.北京和璟管理咨询有限公司135.北京市兰台（苏州）律师事务所136.北京市隆安（苏州）律师事务所137.北京师范大学139.北京涂多多电子商务股份有限公司140.北京理工大学141.北京英博电气股份有限公司142.北大纵横咨询集团143.北票新正粉末冶金有限公司144.华为技术有限公司145.华创证券有限责任公司146.华友钴业147.华鼎国联四川动力电池有限公司148.南京元辰新能源科技有限公司149.南京奥特集团150.南京工业大学151.南京索特烘箱制造有限公司152.南京金利检验有限公司153.南华期货154.南方泵业股份有限公司155.南方科技大学156.南方锰业集团有限责任公司157.南昌大学158.南渝伦华159.南通市悦华新材料科技有限公司160.南通瑞翔新材料有限公司161.南通金通储能动力新材料有限公司162.博创宏远新材料163.厦门势拓伺服科技股份有限公司164.厦门厦钨新能源材料股份有限公司165.厦门宝盈新电子有限公司166.厦门市集美区金桥汇贸易商行167.厦门建发高科有限公司168.厦门新能安169.厦门益材储能科技有限公司170.双安资产171.双登股份172.台湾立凯电能科技股份有限公司173.合肥中科阻燃新材料有限公司174.合肥原位科技有限公司175.合肥国轩电池材料有限公司176.吉利创新中心/浙江绿色智行科创有限公司177.吉旺科技（山东）有限公司178.吉林华兴新材料科技有限公司179.吉首长潭泵业有限公司180.咸阳华友新能源窑炉设备有限公司181.咸阳科源新材装备有限公司182.哈尔滨奥科诺183.唐山亨坤新能源材料有限公司184.四川乐盛荣新材料科技有限公司185.四川什邡市产业促进服务中心186.四川优源新能源有限公司187.四川兴晶茂科技有限公司188.四川利合达环保科技有限公司189.四川协鑫锂电有限公司190.四川协鑫锂电科技有限公司191.四川唐古拉颗粒机械有限公司192.四川大学193.四川宇能锂工新材料科技有限公司194.四川建彤新材料有限责任公司195.四川弘业环保科技有限公司196.四川普特威新材料科技有限公司197.四川望昌干燥设备有限公司198.四川汇能中哲新材料有限公司199.四川珠峰飞越科技有限公司200.四川省乐山锐丰冶金有限公司201.四川省青川县人民政府202.四川研宝科技203.四川科鸿阳科技有限公司204.四川立拓环境科技有限公司205.四川绵竹市盘龙矿物质有限责任公司206.四川艾诺基新材料科技有限公司207.四川虹屹科技有限公司208.四川蜀力芯新能源有限公司209.四川蜀能矿产有限责任公司210.四川赛恩思仪器有限公司211.四川迈昆新材料有限公司212.四川金汇能新材料股份有限公司213.四川金裕来化工有限公司214.四川锂古新能源科技有限公司215.四川锦恒丰菱新材料有限责任公司216.四川长虹智能制造技术有限公司217.四川雅化实业集团股份有限公司218.四川鸿鹏新材料有限公司219.因湃电池科技有限公司220.国轩高科221.国轩高科有限公司222.国钠能源科技（河北）有限公司223.圣戈班224.埃索凯科技股份有限公司225.基迈克材料科技（苏州）有限公司226.复旦大学227.多氟多新材料股份有限公司228.大金氟化工中国有限公司229.大金氟化工中国有限公司上海分公司230.天俱时工程科技集团有限公司231.天普新能源232.天津国安盟固利新材料科技股份有限公司233.天津复力新能源科技有限公司234.天津大学235.博创宏远新材料236.天津常兴新能源科技有限公司237.天津爱沃新能源材料有限公司238.天津蔚然国际贸易有限公司239.天津赛德美新能源科技有限公司240.天能集团241.天齐锂业新能源技术研究（眉山）有限公司242.奥冠集团243.威力工业网络股份有限公司244.宁夏威格瑞斯电力有限公司245.宁夏汉尧富锂科技有限责任公司247.宁德时代新能源科技有限公司248.宁德时代（贵州）新能源材料有限公司249.宁波东烽新材料有限公司250.宁波容百新能源科技股份有限公司251.安徽中科新能智能有限公司252.安徽中钠时代能源科技有限公司253.安徽五湖滤材有限公司254.安徽利科新材料科技有限公司255.安徽利维能动力电池有限公司256.安徽博石高科新材料股份有限公司257.安徽天磁新能源科技有限公司258.安徽天科泰新能源有限公司259.安徽天马机械科技有限公司260.安徽川江环保科技有限公司261.安徽新锰都科技有限公司262.安徽格派新能源有限公司263.安徽海创新能源材料有限公司264.安徽神霄新能源科技有限公司265.安徽腾越科技266.安徽贝特滤材有限公司267.安徽麒锂特科技有限公司268.宏博苏气气体设备（苏州）有限公司269.宜兴市东山新型材料有限公司270.宜兴市东山新材料有限公司271.宜兴市宙斯泵业有限公司272.宜兴市彦氿科技有限公司273.宜兴市灵谷塑料设备有限公司274.宜兴摩根热陶瓷有限公司275.宜宾天原锂电材料有限公司276.宜宾天程锂电新材有限公司277.宜昌泽美新材料有限公司278.宜春学院279.宝山钢铁股份有限公司280.宣城市鸿海装备科技有限公司281.富士康科技集团282.尚水智能283.山东众惠启创新材料科技有限公司284.山东信业新材料科技有限公司285.山东天向新材料有限公司286.山东富德源环保设备有限公司287.山东广新达新材料科技有限公司288.山东庆云经济开发区289.山东恒磁科技有限公司290.山东惠源在湖新材料有限公司291.山东本源环境科技股份有限公司292.山东欧迈机械股份有限公司293.山东民生智慧供应链集团有限公司294.山东济宁德盛源新材料有限公司295.山东瑞福锂业有限公司296.山东盛太锆业资源有限公司297.山东科华重工科技有限公司298.山东精工电子科技股份有限公司299.山东纽克气源净化设备有限公司300.山东聚恒环保科技有限公司301.山东英吉新材料有限公司302.山东运丰耐火材料有限公司303.山东锦锂新材料科技有限公司304.山东鲁欣粉磁新材料科技有限公司305.山东鲁银新材料科技有限公司306.山西佰基科技有限公司307.山西昇嘉琪新材料有限公司308.巨安储能武汉科技有限责任公司309.巨盛能源（江苏）有限公司310.巴斯夫311.巴特瑞科技有限公司312.布琅轲锶特（上海）测量设备贸易有限公司313.帅福得电池314.常州伯端机电设备有限公司315.常州力一紧固技术有限公司316.常州千沐新能源317.常州千沐新能源有限公司318.常州尚金干燥319.常州市范群干燥设备有限公司320.常州市龙鑫智能装备股份有限公司321.常州江本自控设备有限公司322.常州菲优特净化设备有限公司323.常州锂源324.平顶山市普赛斯石墨有限公司325.广东东阳光科技控股股份有限公司326.广东中杰能化新材料科技有限公司327.广东中科谛听科技有限公司328.广东卡利特智能科技有限公司329.广东嘉拓自动化有限公司330.广东德源新材料有限公司331.广东恒誉机械科技有限公司332.广东杰成新能源材料科技有限公司333.广东沃泰环保有限公司。334.广东派勒智能纳米科技股份有限335.广东盘古信息科技股份有限公司336.广东省中科供应链管理股份有限公司337.广东省锐驰新能源科技有限公司338.广东维杰物料自动化系统有限公司339.广东邦普循环科技有限公司340.广东金域科技有限公司341.广东鹏锦智能装备股份有限公司342.广州井秀机电设备安装工程有限公司343.广州伊莲辉机械有限公司344.广州伊莲辉机械设备有限公司345.广州唯量工控技术有限公司346.广州嘉匠贸易有限公司347.广州天赐348.广州奥斯德科技有限公司349.广州市唯量工控技术有限公司350.广州市文洛龙贸易有限公司351.广州汇富研究院有限公司352.广州集泰化工股份有限公司355.广汽集团因湃电池科技有限公司356.广汽集团汽车工程研究院357.广电计量检测358.广西柳工机械股份有限公司359.广西泳沣科技有限公司360.广西禹鼎新材料科技有限公司361.广西立劲新材料有限公司362.广西胜东新能源科技有限公司363.广西自贸区量孚新能源科技有限公司364.广西锰华新能源365.广西锰华新能源科技发展有限公司366.广西靖西市一洲锰业有限公司367.庆云县经济开发区368.建发(成都)有限公司369.开沃新能源370.弘则研究371.弘正储能（上海）能源科技有限公司372.弘洺新能源科技（山东）有限公司373.张家港清研检测技术有限公司374.当升科技375.徐州高新区376.德国TUV莱茵378.德阳川发龙蟒新材料有限公司379.怀仁县金诚高岭土有限责任公司381.恒力恒新工贸382.恒力恒源383.恒力期货384.恒胜集团385.惠州TCL新材料科技有限公司386.惠州锂威新能源科技有限公司387.惠鹏达388.成立航空股份有限公司389.成都乾瑞矿山工程有限公司390.成都倍力干燥设备有限公司391.成都卜丁科技有限公司392.成都四维科技有限公司393.成都固铁科技有限公司394.成都复旦复达科技有限公司395.成都大学396.成都宏智仓储有限公司397.成都工业学院398.成都巴莫科技有限责任公司399.成都市博涛智能装备制造有限公司400.成都新得利电子有限公司401.成都昆仑白泽化学试剂有限公司402.成都智楷分离科技有限公司403.成都清源尚和环保科技有限公司404.成都潮川化工有限公司405.成都理工大学406.成都索朗化工有限公司407.成都融捷锂业408.成都雨云科技有限公司409.抚顺东科精细化工有限公司410.抚顺市秀霖化工有限公司411.抚顺怡文节能环保设备有限公司412.振华新材413.斯瑞尔环境科技股份有限公司414.新乡市双虎振动设备有限公司415.新乡市弘力电源科技有限公司416.新乡市迈朗机械设备有限公司417.新乡市锐成机械设备有限公司418.新亚杉杉新材料科技衢州有限公司419.新恒凯能源科技股份有限公司420.新疆师范大学421.新疆有色金属研究所有限公司422.新疆能源423.施耐德电气424.无名资本425.无锡灵鸽机械科技股份有限公司426.无锡艾比德泵业有限公司427.无锡高端新能源有限公司428.日照卓盛新材料有限公司429.旭川化学430.昆山美宝环保设备有限公司431.昆明理工大学432.明水环境433.星恒电源股份有限公司434.星辉同程（北京）科技有限责任公司435.有研新能源材料（江西）有限公司436.朝阳博晟冶金科技有限公司437.朝阳金河创业投资有限公司438.杜肯集团439.杭州天跃气体设备制造有限公司440.杭州成功超声设备有限公司441.杭州捷瑞智能装备股份有限公司442.松下电器443.松桃三和锰业集团有限责任公司444.株洲辰悦智能装备有限公司446.格林美股份有限公司447.桂林电子科技大学448.桐乡华创三同科技发展有限公司449.欧普特450.欧美克451.欧赛新能源科技股份有限公司452.武汉中科先进材料技术有限公司453.武汉奥克化学有限公司454.武汉正峰新能源科技有限公司455.武汉理工大学456.武汉赛能科技有限公司457.武汉钠新材料技术有限公司459.比亚迪汽车工业有限公司460.永康市高新技术产业研究院/长三角物理研究中心461.汇清合一462.江苏三金锂电科技有限公司463.江苏久吾高科技股份有限公司464.江苏亮果金属制品有限公司465.江苏先锋智能科技股份有限公司466.江苏博涛467.江苏合志新能源材料技术有限公司468.江苏大学469.江苏天奈科技股份有限公司470.江苏宜锂471.江苏宜锂科技有限责任公,,,,pending
今日锂电每日资讯第19期,今日锂电,今日锂电,"RIOnews API, 新材料, 电池材料, 碳, 隔膜, 高比能, 锂金属, 硅, 前沿表征, 工况, 固态电池, 固态电解质, 固液混合, 钠离子电池, 钠电, 合作进展, 融资, 投资, 量产推进, 产能, 产品下线, 下线, 产线建设, 厂房建设",normal,2026-08-23T10:28:41+08:00,,【头条】固态电池密集落地：青岛合肥宜宾三线并进，产业化从'讲概念'进阶'拼工程'8月4日青岛中科源本完成国内首次公开报道的硫化物全固态电池装车路测，电池包由16个20安时级电芯组成，单体能量密度达342Wh/kg，220℃热箱测试全程不起火、不爆炸，72秒完成一次完整充放电（50C超高倍率、55℃高温工况）。合肥国轩、宜宾宁德、深圳比亚迪三条产线同步推进：国轩高科合肥0.2GWh中试线已投产、2GWh量产线建设有序推进，金石全固态能量密度突破400Wh/kg；宁德时代宜宾全固态中试线已通线、首批样品能量密度突破500Wh/kg、计划2027年小批量装车验证；比亚迪深圳坪山建成2GWh中试线、重,http://mp.weixin.qq.com/s?__biz=MzkyNzc0MDc0MA==&mid=2247519060&idx=1&sn=5d550d1a03661c850911a0e767154188,,【头条】固态电池密集落地：青岛合肥宜宾三线并进，产业化从'讲概念'进阶'拼工程'8月4日青岛中科源本完成国内首次公开报道的硫化物全固态电池装车路测，电池包由16个20安时级电芯组成，单体能量密度达342Wh/kg，220℃热箱测试全程不起火、不爆炸，72秒完成一次完整充放电（50C超高倍率、55℃高温工况）。合肥国轩、宜宾宁德、深圳比亚迪三条产线同步推进：国轩高科合肥0.2GWh中试线已投产、2GWh量产线建设有序推进，金石全固态能量密度突破400Wh/kg；宁德时代宜宾全固态中试线已通线、首批样品能量密度突破500Wh/kg、计划2027年小批量装车验证；比亚迪深圳坪山建成2GWh中试线、重,【头条】固态电池密集落地：青岛合肥宜宾三线并进，产业化从'讲概念'进阶'拼工程'8月4日青岛中科源本完成国内首次公开报道的硫化物全固态电池装车路测，电池包由16个20安时级电芯组成，单体能量密度达342Wh/kg，220℃热箱测试全程不起火、不爆炸，72秒完成一次完整充放电（50C超高倍率、55℃高温工况）。合肥国轩、宜宾宁德、深圳比亚迪三条产线同步推进：国轩高科合肥0.2GWh中试线已投产、2GWh量产线建设有序推进，金石全固态能量密度突破400Wh/kg；宁德时代宜宾全固态中试线已通线、首批样品能量密度突破500Wh/kg、计划2027年小批量装车验证；比亚迪深圳坪山建成2GWh中试线、重庆璧山20GWh量产线预计2026年三季度开工。上游硫化锂材料在安庆开工万吨级产线，补齐整条供应链。（企鹅号，8月20日；今日头条，8月8日）业内普遍预期2027年小批量装车、2030年前后大规模量产。国轩高科规划，当硫化锂降到50万元/吨、固态电解质降到30万元/吨时，全固态电芯成本有望进入1元/Wh阶段。2026年上半年国内固态电池及核心材料公开投资项目超40个，全赛道规划总投资额超500亿元，这种动员强度是单家企业难以独自完成的。（今日头条，8月8日）【开工投产】陀一固能内蒙古呼和浩特30GWh固态电池项目8月13日开工，总投资60亿元，分三期建设（每期20亿元/10GWh），建设周期2026年6月至2028年6月，一期占地371亩，采用高安全性、高能量密度固态电池技术，瞄准新能源汽车、大型储能、特种电源等领域。公司由欧奔新能持股92.2%、冀安科技持股7.8%。（中国电池工业协会网，8月17日；上海有色网，8月19日）固德威广德6GWh储能二期项目8月18日奠基，总投资5.38亿元，重点布局中大型储能系统生产。一期布局户用储能，二期聚焦中大型储能赛道，目标三年进全球储能集成前三。（网易，8月19日）中科院物理所方形全固态电池产业化项目8月13日在苏州签约，首期建设0.2GWh电芯中试线和4GWh PACK产线，目标两年内实现产品出货，锁定具身智能、低空经济、电动航空、新能源汽车四大方向。（网易，8月19日）太蓝新能源湖北潜江3.5GWh全固态电池基地在建收尾阶段，设备分批进场，主打硫化物固态电池，部分产品有望在2026年底下线。产品主要应用于低空飞行器、具身智能、电动车等领域，一期投产后年产值达30亿元。（云上潜江，3月11日；上海有色网，3月19日）湖南金维新材料300MWh全钒液流储能电池装备智能制造基地项目8月17日环评获批复，位于怀化市高新区，总投资2.5亿元，拟租赁现有厂房建设，总建筑面积约3090平方米，建成后将形成年产300MWh全钒液流储能电池产能。（网易，8月19日）【融资动态】欣界能源完成超1亿美元（约6.74亿元）B轮融资，普华资本领投。资金用于锂金属固态电池量产交付、研发团队扩建、新增3GWh高能量高安全固态电池量产线（预计2026年底至2027年初投产）。公司2020年成立于深圳，专注锂金属固态电池（能量密度最高480Wh/kg），合并产能超20GWh。杭州10GWh项目一期2GWh已投产，二期规划8GWh；华南600MWh中试线运行中；华东新增3GWh量产基地已启动建设。杭州基地2025年12月底首批产品下线，7个月累计出货突破千万支。（东方财富网，8月18日）瑞智新能源完成数千万元Pre-A+轮独家融资，上海辰耀宜创投资基金全额出资（上海科创集团与宜兴经开区投资发展集团联合设立，属宜兴百亿产业基金矩阵）。公司2021年成立于西安，西北工业大学成果转化企业，产品为主动功能隔膜与膜形态固态电解质，已进入头部电池厂商供应链并规模化交付。（东方财富网，8月18日）上海洗霸控股子公司科源固能定增引入缙云丽泰，出资4000万元，用于浙江缙云0.5GWh固液混合电芯及500吨/年固态电解质粉体产业化项目（7月31日）。辉能科技获现有股东财团5000万美元（约3.3亿元）股权融资（7月28日）。天华新能控股子公司宜锂科技完成A轮融资，计划2027年固态正极材料产能提升至5万吨（7月27日）。成都产投旗下未来产业天使基金完成对合源锂创A轮投资（7月21日）。卫蓝新能源目标规模20亿元Pre-IPO融资，投前估值约200亿元，预计2027年A股创业板上市。清陶能源2026年4月向港交所递表，计划募资7亿至9亿美元，H轮后估值约279亿元。（东方财富网，8月18日）【价格与市场】碳酸锂价格8月大幅反弹：主力合约2701最高触及157540元/吨，较月初最低134340元/吨上涨超20000元，月内涨幅超17%。截至8月19日，电池级碳酸锂均价报149000元/吨，较8月1日的142000元/吨上涨。驱动因素：下游'金九银十'传统旺季临近，磷酸铁锂排产维持高位（开工率接近94%），产业链库存处于历史低位（已连续12周去库存），补库需求刚性存在；供给端锂盐厂集中检修（中矿资源、天华新能、九岭锂业等8月受影响产量约9000-9500吨）、海外锂矿到港偏慢、进口端智利对中国出口量4月2.3万吨/月降至6月1.51万吨。机构研判：下半年价格区间15-20万元/吨，短期高位偏强震荡，中期需关注矿端复产和新增供给兑现。（今日头条，8月17日；证券时报网，8月11日）磷酸铁锂价格同步上行：截至8月19日，动力型均价58350元/吨、储能型56900元/吨，单日同步上调500元/吨，开启本轮反弹第三波上涨行情。供给端头部一体化企业高压实产品订单饱满、产线负荷拉升至高位、高端品结构性供不应求；成本端碳酸锂价格偏强震荡、磷酸铁价格暂稳；需求端终端新能源汽车产销修复、储能海外订单超预期。头部磷酸铁锂企业订单充裕、开工饱满，短期价格预计稳中偏强。（长江有色金属网，8月19日；我的钢铁网，8月18日）8月国内电池排产约304GWh，环比增7.4%，超预期的3%-5%；储能电芯排产125GWh，环比净增约10GWh，占总产量超40%，正式超过汽车电池成为首要需求驱动力，主要受美国、中东海外储能项目抢装推动，部分企业订单排至10月中旬。主流314Ah LFP储能电芯价格较大幅回升，宁德时代官方商城8月1日率先将314Ah电芯报价上调至0.423元/Wh（涨幅2.17%），亿纬锂能宣布9月1日起内销全品类电芯加价2%。储能涨价潮已波及电芯/PCS/储能系统，最高涨幅达30%。（网易，8月17日；财联社）7月碳酸锂需求量15.97万吨，环比提升5.6%，刷新历史记录。7月动力和储能电池销量185.2GWh，环比降5.5%、同比增45.5%（动力129.1GWh占69.7%、储能56.1GWh占30.3%）。上半年全球储能电芯出货量467.84GWh，同比近翻倍；国内动力和储能电池累计销量979.4GWh（+48.6%），其中储能电池销量318.1GWh（+83.4%）。（网易，8月17日；我的钢铁网，8月22日）【标准动态】中国牵头固态电池领域全球首个国际标准在IEC成功立项由中国提出的国际标准提案《电动汽车驱动用二次锂离子电池固态电池应用指南、测试项目及条件》近日在IEC成功立项，系固态电池领域全球首个国际标准。依托中国固态电池研发积累，将清晰界定固态电池测试规范，使全球车企拥有统一'标尺'。由中、法、韩、日等多国专家参与研制，向全球分享中国电池技术理念。（央视新闻，8月21日；人民日报海外版，8月22日）【海外动态】美国能源部8月21日向7家企业发放5亿美元拨款建设锂/钴及下一代电池项目。Lilac Solutions获1亿美元，在犹他州大盐湖建DLE设施，目标2028年投产、年产5000吨碳酸锂。通用汽车在密歇根州Wallace电池创新中心与Peak Energy共同开发钠电芯，测试170和190安时规格，目标2028年本土生产。（网易，8月21日）日本旭化成8月20日宣布开发碳酸锂预锂化技术（特殊添加剂降低分解电压），硅系负极锂电池能量密度提升10%，计划技术授权全球推广。（网易，8月22日）丰田联合出光兴产计划2028年推出搭载全固态电池的车型；日产厚型23层堆叠车载电芯完成充放电测试；三星SDI、Maxell、Ilika、辉能、Factorial锁定无人机/eVTOL、微型电子、工程机械、具身机器人等领域应用。（东方财富网，8月18日）【展望】TrendForce预测2027年为固态电池量产关键节点。中银国际证券指出，硫化物电解质成本已降超35%，固态电池从'讲概念'进入'拼工程'阶段。短期至中期液态锂电池仍是绝对主流，混合固液电池将率先渗透高端车型与特殊场景。人形机器人与低空飞行器对电池能量密度与可靠性要求高、且对成本和规模化敏感度低，是固态电池理想的早期测试场景，或能率先实现规模化应用。（东方财富网，8月18日；长江锌业网，8月13日）注：本期内容基于行业公开信息与领域知识综合整理分析，如有疏漏请批评指正，侵权请联系删除。最新会议基本信息概览重磅会议两会并行分会场60+大咖报告嘉宾800+参会人员聚焦固态电解质/硅碳/磷酸（锰）铁锂/锰系材料 第二届固态电池新技术应用与材料制备验证技术会议 同期举办：第四届锰系与磷酸铁锂技术应用研讨会 赞助展台预订中...演讲报告开放预约中...往期推荐圆满结束！！！第三届锰系新能源与高压实磷酸铁锂技术大会会议总结！2026固态电池新技术应用大会暨固态电池材料制备与验证研讨会圆满结束！！！第二届锰系新能源正极材料技术大会会议总结。聚焦锰系与磷酸铁锂材料前沿技术，共探行业新趋势（1）南昌会议总结。聚焦锰系与磷酸铁锂材料前沿技术，共探行业新趋势（2）中银国际证券指出，硫化物电解质成本已降超35%，固态电池从\x26#39;讲概念\x26#39;进入\x26#39;拼工程\x26#39;阶段,,,,pending
评选锰系与铁锂行业创新企业及杰出科学家 -第四届锰系与磷酸铁锂技术应用研讨会,今日锂电,今日锂电,"RIOnews API, 新材料, 电池材料, 复合材料, 碳, 隔膜, 复合集流体, 聚合物, 高比能, 锂金属, 富锂锰, 硅, 前沿表征, 原位, 固态电池, 固态电解质, 钠离子电池, 钠电, 合作进展, 投资, 合作, 学术研究, 大学, 科学院, 研究所, 技术进展, 技术突破, 制备工艺, 界面优化, 前沿技术",normal,2026-08-23T10:28:41+08:00,,重磅会议两会并行分会场60+大咖报告嘉宾800+参会人员聚焦固态电解质/硅碳/磷酸（锰）铁锂/锰系材料 第二届固态电池新技术应用与材料制备验证技术会议 同期举办：第四届锰系与磷酸铁锂技术应用研讨会 赞助展台预订中...演讲报告开放预约中...第二届固态电池新技术应用与材料制备验证技术会议同期举办：第四届锰系与磷酸铁锂技术应用研讨会PART 01会议组织TECHNOLOGY主办单位：今日锂电/今日钠电承办单位：北京京昇文化传播有限公司 会议时间：2026年9月16-17日（15日签到）会议地点：中国·杭州总冠名/联合主办/招募中···协办单位：/招募中···支持单位：/招募中···新能源前沿新能,http://mp.weixin.qq.com/s?__biz=MzkyNzc0MDc0MA==&mid=2247519060&idx=3&sn=a58376a6c4b0ad90bccbc20c5686f7f0,,重磅会议两会并行分会场60+大咖报告嘉宾800+参会人员聚焦固态电解质/硅碳/磷酸（锰）铁锂/锰系材料 第二届固态电池新技术应用与材料制备验证技术会议 同期举办：第四届锰系与磷酸铁锂技术应用研讨会 赞助展台预订中...演讲报告开放预约中...第二届固态电池新技术应用与材料制备验证技术会议同期举办：第四届锰系与磷酸铁锂技术应用研讨会PART 01会议组织TECHNOLOGY主办单位：今日锂电/今日钠电承办单位：北京京昇文化传播有限公司 会议时间：2026年9月16-17日（15日签到）会议地点：中国·杭州总冠名/联合主办/招募中···协办单位：/招募中···支持单位：/招募中···新能源前沿新能,重磅会议两会并行分会场60+大咖报告嘉宾800+参会人员聚焦固态电解质/硅碳/磷酸（锰）铁锂/锰系材料 第二届固态电池新技术应用与材料制备验证技术会议 同期举办：第四届锰系与磷酸铁锂技术应用研讨会 赞助展台预订中...演讲报告开放预约中...第二届固态电池新技术应用与材料制备验证技术会议同期举办：第四届锰系与磷酸铁锂技术应用研讨会PART 01会议组织TECHNOLOGY主办单位：今日锂电/今日钠电承办单位：北京京昇文化传播有限公司 会议时间：2026年9月16-17日（15日签到）会议地点：中国·杭州总冠名/联合主办/招募中···协办单位：/招募中···支持单位：/招募中···新能源前沿新能源在线锂电PLUS展台赞助：/招募中···PART 02会议内容TECHNOLOGY中国《新能源汽车产业发展规划》明确支持固态电池研发，2025年全球固态电池市场规模预计突破百亿元，固态电池已成为公认的下一代电池，在过去的一年里，固态电池新技术与产业化进程以比预计中的更快的速度发展，然而固态电池还存在关键技术突破和产业化制备成本问题。在固态电池商用还不可极的当下，仍还是磷酸铁锂的天下，作为磷酸铁锂最重要的技术迭代与升级方向，高压实磷酸铁锂与磷酸锰铁锂技术将是现在的重点发展方向，并且和富锂锰基、高电压镍锰酸锂、高镍三元材料形成竞争未来适配固态电池正极材料的格局，而富锂锰基材料理论能量密度超1000Wh/kg，成本较高镍三元材料（价格高、技术成熟度高、安全性存疑）低25%-40%，被认为是固态电池最佳适配正极材料，高电压镍锰酸锂工作电压高达5V，比能650Wh/kg，更适合固态电池高电压体系，未来谁来主导，还要看技术成熟度。2026固态电池新技术应用与材料制备验证技术会议，同期同址举办：第四届锰系与磷酸铁锂技术应用研讨会，定于2026年9月16-17日在杭州召开，旨在进一步加快固态电池、锰系与磷酸铁锂方面新技术创新应用，破解技术与产业化制备难题，评选表彰近年来在固态电池、锰系与磷酸铁锂行业做出突出成绩的优秀科研人员和企业，特邀请参与本次会议，共同交流探讨固态电池与锰系与磷酸铁锂的行业发展新思路。会议内容：固态电池分会场固态电池技术与产业发展新进展高能量固态电池在eVTOL与人型机器人中的应用固态电池（半）应用高速电摩前景探讨固态技术（半）在手机与3C产品中的应用固态电池（半）在动力和储能电池的应用探讨固态电池智能制备设计发展固态电池关键材料的开发与应用全固态钠电技术研发与进展干法电极工艺在固态电池中的应用硫/氧/卤/聚合物等全固态电池电解质材料产业化进展固态电解质理论配方设计与实验验证多技术表征平台在固态电池材料研究中的应用固态电解质界面优化设计固态电解质纳米化技术研究与制备方法全固态电池硅基负极的开发硅碳负极材料的创新研发及其在固态电池内的应用球型多孔炭在CVD硅碳负极材料中的应用锂金属负极技术新进展固态电池正极的结构设计与材料选择高镍/富锂锰基正极材料在固态电池体系中的应用石墨烯/碳纳米管新型碳材料在固态电池体系中的技术发展新型隔膜技术在固态（半）电池中的应用固态用复合集流体技术研发新进展AI技术在材料研发中的应用等静压技术在全固态电池制备中的应用湿法/干法/气流研磨技术在固态材料中的应用干法电极智能装备开发与应用新一代窑炉技术在电池材料制造中的应用蒸镀技术在固态电池制备中的优点钠米级制备技术与装备新应用锰系与磷酸铁锂分会场全球锂资源市场发展变化电池级硫（碳）酸锰/二氧化锰/四氧化三锰市场前景变化锰系前驱体研究与制备技术高锰新能源材料的挑战与前景磷酸锰铁锂在汽车与二轮车上的应用研究适配固态电池用磷酸锰铁锂材料最新技术进展富锂锰基正极材料纳米包覆、梯度掺杂等工艺介绍富锂锰基正极材料制备及改性研究新一代高电压镍锰酸锂材料技术与应用锰基钠电正极材料技术与成本分析高性能磷酸铁制备工艺革新高压实磷酸铁锂磷酸铁法和草酸亚铁法工艺路线发展低成本高压实磷酸铁锂产业化生产技术换代与装备创新适配固态电池用高压实磷酸铁锂技术优化高压实磷酸铁锂高温烧结杂质控制颗粒级配优化工艺对磷酸铁锂压实密度及电性能的提升纳米磷酸铁锂技术与制备一次烧结成型高压实磷酸铁锂工艺要点介绍高压实磷酸铁锂材料的预锂化方法关键电池材料回收再利用技术注：以最终会议日程报告为准演讲报告申请：王老师:*********** 邮 箱:46090424@qq.comPART 03会议特色TECHNOLOGY01会议形式20+5（每位专家20分钟报告+5分钟互动问答交流）交流方式，增加会议互动性；60+行业大咖，800+上下游企业从业者共聚一堂；诚邀高校/科研院所与产业技术从业者观点碰撞与交流，聚焦行业热点，解读技术与产业发展。02会议特色现场展台产品展示，“会+展”助力产业链上下游技术与市场对接，搭建立体化高效交流平台；1.5 天论坛，涉及固态与锰系铁锂行业装备、技术、材料、检测仪器设备等，全方位展示最新前沿技术研究与进展，深入探讨未来回收发展方向。03会议特色同期举办2026“NWEi-先锋奖”颁奖典礼，评选与发布“NEWi-先锋奖”新能源行业杰出科学家、新能源行业企业创新奖、行业优秀供应商”(联系主办方索取评选申请表)。04赞助方案1.本次会议设置总冠名、联合主办、协办单位、赞助单位、支持单位、手提袋、胸卡挂绳、椅背广告、酒水赞助、会议视频广告（会议室大屏播放）晚宴礼品、笔本赞助、茶歇赞助等会议赞助类别（详细赞助方案请联系主办方）。2、参展每个展位费用：12000元，包括2人的午餐、晚宴费用，展台费用，两份资料费用等。3、展位实际尺寸2米宽×3米高（设计尺寸2米宽×2.3米高）PART 04报名缴费TECHNOLOGY1.参会费用：A、限时600元/人（含餐），B、全免费（不含餐），转发会议信息至朋友圈，集28个赞，获得免费名额（限主机、电池电芯等下游单位）。其它：1200元/人。2.参会注册费含会议资料、茶点、2次午餐、1场交流晚宴、参会材料等费用；3.会议统一安排食宿，住宿费自理；4.发票内容为“会议费”，开具增值税普通发票，不开增值税专用发票；注：所有人员凭参会证入场！提前报名缴费！汇款信息账 户：北京京昇文化传播有限公司账 号：040 4090 1030 0000 3837开户行：北京农村商业银行股份有限公司四季青支行行 号 ：402100000260 付款请注明：杭州会议+姓名，并将付款凭证保留，便于报到时查验。缴费成功后，请保持手机畅通，会务组会尽快与您联系，感谢您的支持！开票信息发送：46090424@qq.com参会、参展、宣传及赞助事宜： 王老师 188 1048 8288（同微） 张老师 182 3806 7581（同微） 袁老师 192 9355 9185（同微） 郭老师 192 8668 2548（同微） 李老师 138 1196 8226（同微）扫码加入固态/正极材料群进群备注：公司名称/姓名/职务主动发名片一张请识别二维码或添加***********欢迎同仁进群交流！PART 05往届会议/企业名单（部分）TECHNOLOGY由今日锂电、苏银产业园联合主办、清陶云能、尚金干燥协办的2026（常州）固态电池新技术应用大会暨固态电池材料制备与验证研讨会在常州富都洲际酒店顺利举办，来自全国各地300余位专家、企业代表参与了本次大会。由今日锂电主办的锰系与铁锂正极材料技术论坛，已连续成功举办三届，共计2000余人次参会嘉宾出席，已成为国内正极材料行业具较高影响力会议。近800家往届参会企业名单1.公司名称2.HT3.OCBC4.一玖东朔新材料科技(上海)有限公司6.万华化学集团股份有限公司8.万向一二三股份公司9.三星SDI10.三碳(安徽)科技研究院11.三维汉界机器（山东）股份有限公司13.三门峡莹鑫矿业有限公司14.上海上州阀门制造有限公司15.上海东浒科技有限公司16.上海东证期货有限公司17.上海中如智慧能源集团有限公司18.上海中锂实业有限公司19.上海交通大学20.锂禾(苏州)科技有限公司21.上海八桂资产管理有限公司22.上海加力气体有限公司23.上海华谊新材料化工销售有限公司25.上海国投26.上海大学27.上海天元国际贸易集团有限公司28.上海天臣微纳米科技有限公司29.上海奥克化学有限公司30.上海娑娜智能科技有限公司31.上海宇昂水性新材料科技股份有限公司32.上海宝弘资产管理有限公司33.上海容锂新材料科技有限公司34.上海市工业合作协会35.上海德卡实验室系统科技有限公司36.上海志聚贸易有限公司37.上海是程国际贸易有限公司38.上海昱瓴/安徽昱瓴科技有限公司39.上海昶法新材料有限公司40.上海楚赛41.上海毅速激光科技有限公司42.上海汇平新能源有限公司43.上海泰熊磁业有限公司44.上海瀚能时代新材45.上海瀚能时代新材料有限公司46.上海电力大学47.上海电力大学/欧赛新能源48.上海秀美模型有限公司49.上海经纬优品筛网有限公司50.上海耀狮能源科技有限公司51.上海艾枫机电设备有限公司52.上海荷迪思湿度控制设备有限公司53.上海辉锂化工有限公司54.上海锂凰科技有限公司55.上海锐驰新能源技术有限公司56.上海雅程仪器设备有限公司57.世标检测科技(天津)有限公司58.东北大学59.东南大学60.东方希望集团61.东莞东阳光科研发有限公司62.东莞市亿富机械科技有限公司63.东莞市华仕威水处理器材有限公司64.东莞市松储纳米科技有限公司65.东莞市润能机械有限66.东莞市满电新能源科技有限公司67.东莞市琅菱机械有限公司68.东莞市磨匠设备有限公司69.东莞市科路得新能源科技有限公司70.东莞瀚宇新能源材料科技有限公司71.东莞瑞泰新材料科技有限公司73.中伟新材料股份有限公司74.中俄新能源材料技术研究院75.中信金属股份有限公司76.中再生徐州资源再生开发有限公司77.中创新航78.中化国际79.中化蓝天氟材料有限公司80.中南大学81.中国人民财产保险股份有限公司四川省分公司82.中国人民财产保险股份有限公司成都市分公司83.中国科学院上海应用物理研究所84.中国科学院上海微系统与信息技术研究所85.中国科学院宁波材料所86.中国科学院山西煤炭化学研究所87.中国科学院过程工程研究所88.中天储能科技有限公司89.中山大学91.中机国际工程设计研究院有限责任公司92.中溢集团（吉林）新能源科技有限公司93.中电四公司94.中科院上海微系统所95.中科院兰州化学物理研究所96.中科院深圳先进技术研究院97.中科院物理所/中科固能98.中科院过程工程研究所/山东懋华新能源99.中粮营养健康研究院100.中船派瑞特气101.中蓝长化工程科技有限公司102.中豫飞马新材料技术创新中心（郑州）有限公司103.中财集团104.中钢天源股份有限公司105.中钢集团南京新材料研究院有限公司106.中钢集团马鞍山矿院新材料科技有限公司107.中锂科（苏州）新能源科技有限公司109.丰晖（山东）环保科技有限公司110.乐友新能源材料（无锡）有限公司111.二连浩特凯创资源有限公司112.云南云天化股份有限公司研究院113.云南本晟新材料有限公司114.云天化研究院115.互动派116.五矿新能117.五矿期货有限公司118.亿昇（杭州）磁悬浮技术有限公司119.佛山市德方纳米科技有限公司120.佛山泰姆斯新材料科技有限公司121.佛山热安科技发展有限公司122.信发集团有限公司123.兰州理工大学124.兴发集团125.兴星电子新材料（无锡）有限公司126.内蒙中合新材料有限公司127.内蒙古神东能源集团有限公司128.凯鑫管道科技有限公司129.利信(江苏)能源科技有限责任公司130.北京丝路惠商新能源产业发展有限公司131.北京中科埃米科技有限公司132.北京创能惠通科技有限公司133.北京化工大学134.北京和璟管理咨询有限公司135.北京市兰台（苏州）律师事务所136.北京市隆安（苏州）律师事务所137.北京师范大学139.北京涂多多电子商务股份有限公司140.北京理工大学141.北京英博电气股份有限公司142.北大纵横咨询集团143.北票新正粉末冶金有限公司144.华为技术有限公司145.华创证券有限责任公司146.华友钴业147.华鼎国联四川动力电池有限公司148.南京元辰新能源科技有限公司149.南京奥特集团150.南京工业大学151.南京索特烘箱制造有限公司152.南京金利检验有限公司153.南华期货154.南方泵业股份有限公司155.南方科技大学156.南方锰业集团有限责任公司157.南昌大学158.南渝伦华159.南通市悦华新材料科技有限公司160.南通瑞翔新材料有限公司161.南通金通储能动力新材料有限公司162.博创宏远新材料163.厦门势拓伺服科技股份有限公司164.厦门厦钨新能源材料股份有限公司165.厦门宝盈新电子有限公司166.厦门市集美区金桥汇贸易商行167.厦门建发高科有限公司168.厦门新能安169.厦门益材储能科技有限公司170.双安资产171.双登股份172.台湾立凯电能科技股份有限公司173.合肥中科阻燃新材料有限公司174.合肥原位科技有限公司175.合肥国轩电池材料有限公司176.吉利创新中心/浙江绿色智行科创有限公司177.吉旺科技（山东）有限公司178.吉林华兴新材料科技有限公司179.吉首长潭泵业有限公司180.咸阳华友新能源窑炉设备有限公司181.咸阳科源新材装备有限公司182.哈尔滨奥科诺183.唐山亨坤新能源材料有限公司184.四川乐盛荣新材料科技有限公司185.四川什邡市产业促进服务中心186.四川优源新能源有限公司187.四川兴晶茂科技有限公司188.四川利合达环保科技有限公司189.四川协鑫锂电有限公司190.四川协鑫锂电科技有限公司191.四川唐古拉颗粒机械有限公司192.四川大学193.四川宇能锂工新材料科技有限公司194.四川建彤新材料有限责任公司195.四川弘业环保科技有限公司196.四川普特威新材料科技有限公司197.四川望昌干燥设备有限公司198.四川汇能中哲新材料有限公司199.四川珠峰飞越科技有限公司200.四川省乐山锐丰冶金有限公司201.四川省青川县人民政府202.四川研宝科技203.四川科鸿阳科技有限公司204.四川立拓环境科技有限公司205.四川绵竹市盘龙矿物质有限责任公司206.四川艾诺基新材料科技有限公司207.四川虹屹科技有限公司208.四川蜀力芯新能源有限公司209.四川蜀能矿产有限责任公司210.四川赛恩思仪器有限公司211.四川迈昆新材料有限公司212.四川金汇能新材料股份有限公司213.四川金裕来化工有限公司214.四川锂古新能源科技有限公司215.四川锦恒丰菱新材料有限责任公司216.四川长虹智能制造技术有限公司217.四川雅化实业集团股份有限公司218.四川鸿鹏新材料有限公司219.因湃电池科技有限公司220.国轩高科221.国轩高科有限公司222.国钠能源科技（河北）有限公司223.圣戈班224.埃索凯科技股份有限公司225.基迈克材料科技（苏州）有限公司226.复旦大学227.多氟多新材料股份有限公司228.大金氟化工中国有限公司229.大金氟化工中国有限公司上海分公司230.天俱时工程科技集团有限公司231.天普新能源232.天津国安盟固利新材料科技股份有限公司233.天津复力新能源科技有限公司234.天津大学235.博创宏远新材料236.天津常兴新能源科技有限公司237.天津爱沃新能源材料有限公司238.天津蔚然国际贸易有限公司239.天津赛德美新能源科技有限公司240.天能集团241.天齐锂业新能源技术研究（眉山）有限公司242.奥冠集团243.威力工业网络股份有限公司244.宁夏威格瑞斯电力有限公司245.宁夏汉尧富锂科技有限责任公司247.宁德时代新能源科技有限公司248.宁德时代（贵州）新能源材料有限公司249.宁波东烽新材料有限公司250.宁波容百新能源科技股份有限公司251.安徽中科新能智能有限公司252.安徽中钠时代能源科技有限公司253.安徽五湖滤材有限公司254.安徽利科新材料科技有限公司255.安徽利维能动力电池有限公司256.安徽博石高科新材料股份有限公司257.安徽天磁新能源科技有限公司258.安徽天科泰新能源有限公司259.安徽天马机械科技有限公司260.安徽川江环保科技有限公司261.安徽新锰都科技有限公司262.安徽格派新能源有限公司263.安徽海创新能源材料有限公司264.安徽神霄新能源科技有限公司265.安徽腾越科技266.安徽贝特滤材有限公司267.安徽麒锂特科技有限公司268.宏博苏气气体设备（苏州）有限公司269.宜兴市东山新型材料有限公司270.宜兴市东山新材料有限公司271.宜兴市宙斯泵业有限公司272.宜兴市彦氿科技有限公司273.宜兴市灵谷塑料设备有限公司274.宜兴摩根热陶瓷有限公司275.宜宾天原锂电材料有限公司276.宜宾天程锂电新材有限公司277.宜昌泽美新材料有限公司278.宜春学院279.宝山钢铁股份有限公司280.宣城市鸿海装备科技有限公司281.富士康科技集团282.尚水智能283.山东众惠启创新材料科技有限公司284.山东信业新材料科技有限公司285.山东天向新材料有限公司286.山东富德源环保设备有限公司287.山东广新达新材料科技有限公司288.山东庆云经济开发区289.山东恒磁科技有限公司290.山东惠源在湖新材料有限公司291.山东本源环境科技股份有限公司292.山东欧迈机械股份有限公司293.山东民生智慧供应链集团有限公司294.山东济宁德盛源新材料有限公司295.山东瑞福锂业有限公司296.山东盛太锆业资源有限公司297.山东科华重工科技有限公司298.山东精工电子科技股份有限公司299.山东纽克气源净化设备有限公司300.山东聚恒环保科技有限公司301.山东英吉新材料有限公司302.山东运丰耐火材料有限公司303.山东锦锂新材料科技有限公司304.山东鲁欣粉磁新材料科技有限公司305.山东鲁银新材料科技有限公司306.山西佰基科技有限公司307.山西昇嘉琪新材料有限公司308.巨安储能武汉科技有限责任公司309.巨盛能源（江苏）有限公司310.巴斯夫311.巴特瑞科技有限公司312.布琅轲锶特（上海）测量设备贸易有限公司313.帅福得电池314.常州伯端机电设备有限公司315.常州力一紧固技术有限公司316.常州千沐新能源317.常州千沐新能源有限公司318.常州尚金干燥319.常州市范群干燥设备有限公司320.常州市龙鑫智能装备股份有限公司321.常州江本自控设备有限公司322.常州菲优特净化设备有限公司323.常州锂源324.平顶山市普赛斯石墨有限公司325.广东东阳光科技控股股份有限公司326.广东中杰能化新材料科技有限公司327.广东中科谛听科技有限公司328.广东卡利特智能科技有限公司329.广东嘉拓自动化有限公司330.广东德源新材料有限公司331.广东恒誉机械科技有限公司332.广东杰成新能源材料科技有限公司333.广东沃泰环保有限公司。334.广东派勒智能纳米科技股份有限335.广东盘古信息科技股份有限公司336.广东省中科供应链管理股份有限公司337.广东省锐驰新能源科技有限公司338.广东维杰物料自动化系统有限公司339.广东邦普循环科技有限公司340.广东金域科技有限公司341.广东鹏锦智能装备股份有限公司342.广州井秀机电设备安装工程有限公司343.广州伊莲辉机械有限公司344.广州伊莲辉机械设备有限公司345.广州唯量工控技术有限公司346.广州嘉匠贸易有限公司347.广州天赐348.广州奥斯德科技有限公司349.广州市唯量工控技术有限公司350.广州市文洛龙贸易有限公司351.广州汇富研究院有限公司352.广州集泰化工股份有限公司355.广汽集团因湃电池科技有限公司356.广汽集团汽车工程研究院357.广电计量检测358.广西柳工机械股份有限公司359.广西泳沣科技有限公司360.广西禹鼎新材料科技有限公司361.广西立劲新材料有限公司362.广西胜东新能源科技有限公司363.广西自贸区量孚新能源科技有限公司364.广西锰华新能源365.广西锰华新能源科技发展有限公司366.广西靖西市一洲锰业有限公司367.庆云县经济开发区368.建发(成都)有限公司369.开沃新能源370.弘则研究371.弘正储能（上海）能源科技有限公司372.弘洺新能源科技（山东）有限公司373.张家港清研检测技术有限公司374.当升科技375.徐州高新区376.德国TUV莱茵378.德阳川发龙蟒新材料有限公司379.怀仁县金诚高岭土有限责任公司381.恒力恒新工贸382.恒力恒源383.恒力期货384.恒胜集团385.惠州TCL新材料科技有限公司386.惠州锂威新能源科技有限公司387.惠鹏达388.成立航空股份有限公司389.成都乾瑞矿山工程有限公司390.成都倍力干燥设备有限公司391.成都卜丁科技有限公司392.成都四维科技有限公司393.成都固铁科技有限公司394.成都复旦复达科技有限公司395.成都大学396.成都宏智仓储有限公司397.成都工业学院398.成都巴莫科技有限责任公司399.成都市博涛智能装备制造有限公司400.成都新得利电子有限公司401.成都昆仑白泽化学试剂有限公司402.成都智楷分离科技有限公司403.成都清源尚和环保科技有限公司404.成都潮川化工有限公司405.成都理工大学406.成都索朗化工有限公司407.成都融捷锂业408.成都雨云科技有限公司409.抚顺东科精细化工有限公司410.抚顺市秀霖化工有限公司411.抚顺怡文节能环保设备有限公司412.振华新材413.斯瑞尔环境科技股份有限公司414.新乡市双虎振动设备有限公司415.新乡市弘力电源科技有限公司416.新乡市迈朗机械设备有限公司417.新乡市锐成机械设备有限公司418.新亚杉杉新材料科技衢州有限公司419.新恒凯能源科技股份有限公司420.新疆师范大学421.新疆有色金属研究所有限公司422.新疆能源423.施耐德电气424.无名资本425.无锡灵鸽机械科技股份有限公司426.无锡艾比德泵业有限公司427.无锡高端新能源有限公司428.日照卓盛新材料有限公司429.旭川化学430.昆山美宝环保设备有限公司431.昆明理工大学432.明水环境433.星恒电源股份有限公司434.星辉同程（北京）科技有限责任公司435.有研新能源材料（江西）有限公司436.朝阳博晟冶金科技有限公司437.朝阳金河创业投资有限公司438.杜肯集团439.杭州天跃气体设备制造有限公司440.杭州成功超声设备有限公司441.杭州捷瑞智能装备股份有限公司442.松下电器443.松桃三和锰业集团有限责任公司444.株洲辰悦智能装备有限公司446.格林美股份有限公司447.桂林电子科技大学448.桐乡华创三同科技发展有限公司449.欧普特450.欧美克451.欧赛新能源科技股份有限公司452.武汉中科先进材料技术有限公司453.武汉奥克化学有限公司454.武汉正峰新能源科技有限公司455.武汉理工大学456.武汉赛能科技有限公司457.武汉钠新材料技术有限公司459.比亚迪汽车工业有限公司460.永康市高新技术产业研究院/长三角物理研究中心461.汇清合一462.江苏三金锂电科技有限公司463.江苏久吾高科技股份有限公司464.江苏亮果金属制品有限公司465.江苏先锋智能科技股份有限公司466.江苏博涛467.江苏合志新能源材料技术有限公司468.江苏大学469.江苏天奈科技股份有限公司470.江苏宜锂471.江苏宜锂科技有限责任公司472.江苏尚金干燥科技有限公司473.江苏希城新材料科技有限公司474.江苏康士捷机械设备有限公司475.江苏晨力环保科技有限公司476.江苏正旭企新材料有限公司477.江苏润鸿高温窑具有限公司478.江苏科伦多食品配料有限公司479.江苏,,,,pending
有“锂”走天下,粉体网,粉体网,"RIOnews API, 新材料, 电池材料, 碳, 固态电池, 钠离子电池",normal,2026-08-23T10:17:00+08:00,,古人云：有理走遍天下。如今，有“锂”也能走天下。中国的汽车市场已经全面进入“新能源主导”新阶段。今年以来，新能源汽车零售渗透率连续4个月超过60%，这意味着每卖出3辆新车，就有2辆是新能源车。据新华社消息，在当下的北京街头，假如你问一个年轻人“下一辆家用车选什么”，回答多半是“新能源”，品牌也大概率是国产的。如今，一部手机在手，也能行走天下，方寸屏幕之间，装下了万千世界，也改变了人们出行、生活与交往的方式，其能源也仅是小小的一块锂电池。01锂为基石，是产业底气锂（Li）被誉为“白色石油”和“21世纪的能源金属”，是新能源产业的关键基础原料，直接关系我国新能源汽车、储能等战略性产业的供应链安全。,http://mp.weixin.qq.com/s?__biz=MjM5NDI1NzI2MA==&mid=2655365800&idx=2&sn=7be3bfd123c2d8e6d37d33f0010832b3,,古人云：有理走遍天下。如今，有“锂”也能走天下。中国的汽车市场已经全面进入“新能源主导”新阶段。今年以来，新能源汽车零售渗透率连续4个月超过60%，这意味着每卖出3辆新车，就有2辆是新能源车。据新华社消息，在当下的北京街头，假如你问一个年轻人“下一辆家用车选什么”，回答多半是“新能源”，品牌也大概率是国产的。如今，一部手机在手，也能行走天下，方寸屏幕之间，装下了万千世界，也改变了人们出行、生活与交往的方式，其能源也仅是小小的一块锂电池。01锂为基石，是产业底气锂（Li）被誉为“白色石油”和“21世纪的能源金属”，是新能源产业的关键基础原料，直接关系我国新能源汽车、储能等战略性产业的供应链安全。,古人云：有理走遍天下。如今，有“锂”也能走天下。中国的汽车市场已经全面进入“新能源主导”新阶段。今年以来，新能源汽车零售渗透率连续4个月超过60%，这意味着每卖出3辆新车，就有2辆是新能源车。据新华社消息，在当下的北京街头，假如你问一个年轻人“下一辆家用车选什么”，回答多半是“新能源”，品牌也大概率是国产的。如今，一部手机在手，也能行走天下，方寸屏幕之间，装下了万千世界，也改变了人们出行、生活与交往的方式，其能源也仅是小小的一块锂电池。01锂为基石，是产业底气锂（Li）被誉为“白色石油”和“21世纪的能源金属”，是新能源产业的关键基础原料，直接关系我国新能源汽车、储能等战略性产业的供应链安全。据预测，到2030年全球将出现约50%的锂需求缺口，供需矛盾将进一步加剧。我国锂资源丰富，总量居全球第二（占全球储量约16.5%），但呈现“盐湖为主、硬岩补充”的格局，主要分布在江西、青海、四川和西藏等省份，其中青海柴达木盆地和西藏的盐湖卤水型锂矿资源尤为丰富。此外，河南和新疆也有少量分布。我国锂矿资源以盐湖卤水型为主，占我国锂资源总量的82%，锂辉石和锂云母分别占11%和7%。海外布局方面，中国企业已覆盖澳大利亚、南美“锂三角”、非洲等多个资源富集区。例如，紫金矿业近年通过一系列收购，已形成覆盖阿根廷、西藏、刚果（金）、青海等地的“六湖两矿”全球布局，截至2025年碳酸锂资源量达1870万吨，并规划到2028年实现27-32万吨的当量碳酸锂产量目标。但是，津巴布韦作为中国第二大锂精矿供应国，2026年2月25日，其宣布全面暂停锂精矿出口。这直接影响了在当地拥有矿山的中资企业，如中矿资源（Bikita矿）、华友钴业（Arcadia矿）、盛新锂能（萨比星矿）、雅化集团（Kamativi矿）等。政策旨在推动本地化加工，迫使中资企业加快在当地建设硫酸锂等深加工产能。新形势下，我国锂资源保障工作必须坚持“国内开发+多元海外布局+循环回收+技术替代”多线并举。一方面持续加大青海、西藏、四川等国内盐湖、锂云母资源的高效开发利用，攻克低品位盐湖提锂关键技术，稳步提升本土资源自给水平；另一方面优化海外资源布局结构，推动海外项目由单纯矿石开采向采-选-冶一体化模式转型，分散进口来源，降低国别政策变动带来的冲击。同时加快完善动力电池回收体系，提高锂资源循环利用率，配合钠离子电池等无锂、低锂替代技术研发，全方位筑牢锂资源供应链安全防线。02锂电赋能，聚力领跑新时代以来，在新能源汽车发展的一个个关键节点上，习近平总书记作出了战略引领：“发展新能源汽车是我国从汽车大国迈向汽车强国的必由之路”“我们要成为制造业强国，就要做汽车强国”“关键核心技术要立足自主研发”等重大论断，为产业换道锚定航向。伴随“双碳”战略落地实施，我国动力电池产业也迈入高质量领跑阶段，产能、装车量、出口量连续多年位居全球第一。宁德时代、比亚迪跻身全球头部电池企业。坚守产业自主安全底线，我国深入实施创新驱动发展战略。在动力电池材料体系持续迭代成熟的前提下，不断探索电池结构技术创新，自主攻关出刀片电池、麒麟电池等前沿成果，显著增强新能源汽车的安全水平与续航表现。与此同时，固态电池、钠离子电池等新一代电池技术的研发与装车应用正有序推进，低温续航差、循环寿命不足等行业痛点短板逐步破解。如今，我国已牢牢掌握动力电池领域核心技术自主权，为汽车产业高质量发展筑牢安全屏障。小结随着动力电池的不断迭代，新能源汽车的安全、续航等问题得到持续优化与改善。高纯度锂电材料的普及，让电池能量密度大幅提升，有效缓解了里程焦虑。同时，电池温控、防短路等安全技术不断升级，整车防护体系愈发完善，推动新能源汽车朝着安全、高效、普及化的方向稳步前行。信息来源：走过25年，中国新能源汽车锁定的下一个目标是什么？.新华社专业科普 | 逐电拓新，赋能时代——中国车用动力电池发展历程与启示.南京工程学院交通工程学院中国战略性矿产——锂.贵州省有色和核工业地质局七总队新能源汽车市场蓬勃发展，正深刻改变大众出行方式,,,,pending
99.99%纯度才够用！半导体封装的“新宠”竟是它,粉体网,粉体网,"RIOnews API, 新材料, 碳, 高比能, 硅, 固态电池, 陶瓷材料, 量产推进, 产能, 扩产",normal,2026-08-23T10:17:00+08:00,,在半导体产业生态中，半导体制造设备构成了其核心支柱，具有举足轻重的地位。根据SEMI发布的《年中总半导体设备市场预测报告》，释放出行业高增长信号。数据显示，2026年全球半导体制造设备（OEM）总销售额预计达1659亿美元，同比增长23.2%，创下历史新高。行业增长势头将持续延续，预计2028年全球设备销售额将突破2295亿美元，实现连续五年稳步增长。行业的高速扩容，这使得半导体制造设备在设计和制造上不断追求更高的复杂性和精密性。在此过程中，高性能陶瓷作为一种关键的零部件材料，在半导体制造中发挥着关键的作用。高性能陶瓷部件的研发和生产，直接关系到半导体产业链的稳健发展和技术进步。高性能陶瓷材料,http://mp.weixin.qq.com/s?__biz=MjM5NDI1NzI2MA==&mid=2655365800&idx=3&sn=35c6f9ef3a5de1634f1eb2dc7c0edb9a,,在半导体产业生态中，半导体制造设备构成了其核心支柱，具有举足轻重的地位。根据SEMI发布的《年中总半导体设备市场预测报告》，释放出行业高增长信号。数据显示，2026年全球半导体制造设备（OEM）总销售额预计达1659亿美元，同比增长23.2%，创下历史新高。行业增长势头将持续延续，预计2028年全球设备销售额将突破2295亿美元，实现连续五年稳步增长。行业的高速扩容，这使得半导体制造设备在设计和制造上不断追求更高的复杂性和精密性。在此过程中，高性能陶瓷作为一种关键的零部件材料，在半导体制造中发挥着关键的作用。高性能陶瓷部件的研发和生产，直接关系到半导体产业链的稳健发展和技术进步。高性能陶瓷材料,在半导体产业生态中，半导体制造设备构成了其核心支柱，具有举足轻重的地位。根据SEMI发布的《年中总半导体设备市场预测报告》，释放出行业高增长信号。数据显示，2026年全球半导体制造设备（OEM）总销售额预计达1659亿美元，同比增长23.2%，创下历史新高。行业增长势头将持续延续，预计2028年全球设备销售额将突破2295亿美元，实现连续五年稳步增长。行业的高速扩容，这使得半导体制造设备在设计和制造上不断追求更高的复杂性和精密性。在此过程中，高性能陶瓷作为一种关键的零部件材料，在半导体制造中发挥着关键的作用。高性能陶瓷部件的研发和生产，直接关系到半导体产业链的稳健发展和技术进步。高性能陶瓷材料有非常优异的综合性能，诸如高强度、高硬度、高耐磨性、高绝缘性、低热膨胀、高耐腐蚀性、高化学稳定性等。其在半导体制造中可作为抛光板、抛光磨垫矫正平台、真空吸盘、加热器、静电夹盘等半导体制造设备零部件使用。半导体制造用高性能陶瓷零部件高性能陶瓷材料主要包括：氧化铝、氮化铝、氮化硅、碳化硅等，不同的陶瓷材料不同的特性，在半导体领域中的应用场景也有所不同。其中，氧化铝陶瓷在半导体领域中有着更为广泛的应用。几种常见半导体用陶瓷的应用氧化铝陶瓷的性能及分类氧化铝陶瓷是集成电路制造核心装备不可或缺的重要绝缘材料之一，随着芯片制程升级，氧化铝陶瓷的纯度和性能要求也不断升级。通常来说，氧化铝陶瓷是通过氧化铝含量来分类的，一般可分为普通型氧化铝陶瓷和高纯型氧化铝陶瓷。普通型氧化铝陶瓷还可以按氧化铝含量进行细分，如75瓷、96瓷、99瓷等；高纯型氧化铝陶瓷是指氧化铝含量大于99.9%的陶瓷材料。 目前半导体装备用氧化铝陶瓷纯度基本在99.5%以上，刻蚀级氧化铝陶瓷的纯度达到99.8%以上，甚至达到4N级（99.99%），呈透明或半透明状态，性能指标达到蓝宝石单晶的水平，并且由于是细晶结构，某些性能如抗弯强度和抗压强度等甚至优于蓝宝石单晶。不同氧化铝含量的氧化铝陶瓷的主要性能氧化铝透明陶瓷在半导体中的应用氧化铝透明陶瓷属于高纯型氧化铝陶瓷中的一种，因其具有一定的光学透过率可作为功能结构一体化的陶瓷材料使用。高度致密和极少的气孔及杂质缺陷的结构特征，使氧化铝透明陶瓷往往比普通的高纯型氧化铝陶瓷具有更为优异的综合性能。对比蓝宝石单晶，氧化铝透明陶瓷在力学性能上更具优势，被认为是结构功能一体化的优选陶瓷材料之一。半导体设备中的应用在半导体制程中，刻蚀工艺是至关重要的工艺环节。特别地，刻蚀机视窗镜的选材不仅要求具备高透过率，初始阶段多使用石英材质。然而，石英的耐蚀性较弱，导致其易于受损模糊，显著降低了作为视窗镜的使用寿命。氧化铝透明陶瓷因其卓越的光学透过率、出色的化学耐蚀性和介电性能而备受瞩目。氧化铝陶瓷作为视窗镜展现了极长的服役寿命，其高光学透过率是氧化铝透明陶瓷作为视窗镜应用的核心优势，而高纯度确保了其耐等离子体刻蚀性能，高致密性则降低了介电损耗，减少了半导体制造设备使用过程中的热量产生。尽管氧化铝透明陶瓷在耐等离子体刻蚀性能上表现出色，但其光学透过率相较于石英等材料仍有差距。特别是在含氟等离子体刻蚀环境中，Al与F反应生成AlxFy化合物，这不仅缩短了氧化铝透明陶瓷的使用寿命，还存在污染晶圆的风险。半导体封装中的应用在半导体封装工艺中，为优化LED芯片的光电转换效率，对封装材料的光学及热学性能提出了更为严苛的标准。氧化铝透明陶瓷作为封装材料，不仅承担了支撑基体和散热通道的双重角色，更凭借其独特的光学特性，有效克服了因光路单向性而导致的发光效率受限问题。具体而言，氧化铝透明陶瓷以其高透过率特性，被用作透明基板及透明灯管，使得LED芯片产生的光线能够均匀、无阻碍地向各个方向传播，从而显著提升了LED照明的整体出光效率。此外，氧化铝透明陶瓷还拥有出色的室温热导率，这一特性有效降低了LED芯片在服役过程中产生的热功耗，进一步提升了LED照明的整体性能与稳定性。氧化铝透明陶瓷在LED照明中的应用2026年4月，日本精密陶瓷株式会社（JFC）宣布，公司已生产出原型半透明氧化铝基板（约300mm2），该产品预计将在半导体制造工艺中的先进封装领域中需求持续扩大。该透光性氧化铝基板以高纯度氧化铝（99.99%以上）为原料制成，已确认具备三个特性：1）在紫外（UV）至红外（IR）波段具有较高光透过率；2）具备与蓝宝石（sapphire）同等水平的高刚性；3）具有优异的耐化学腐蚀性能。JFC透露，半透明氧化铝基板很有可能应用于高功率半导体封装的IGBT模块、LED照明、高频通信（5G/毫米波），尤其为光电共封装（CPO）等光通信领域提供了新的可能性，为高导热性、机械/化学稳定性的应用提供支撑。随着生成式人工智能的迅速普及，高性能半导体的需求不断增长。透光氧化铝晶圆是一种支撑晶圆，在芯粒集成过程中用于临时固定半导体芯片。日本碍子株式会社将于2027财年前把透光氧化铝晶圆的生产能力提升至目前的三倍，以满足在人工智能（AI）和自动驾驶等先进领域中关键技术——芯粒集成（Chiplet Integration）——不断增长的需求。通过此次扩产，NGK集团旨在建立稳定的供应体系，并力争到2030财年在高性能半导体市场实现200亿日元的销售额。透光氧化铝晶圆采用了NGK多年研发和改良的透光陶瓷材料“HICERAM”。“HICERAM ”是一种以高纯度氧化铝（Al2O3）为基础开发的透光性精密陶瓷材料。该材料通过对原料纯度、晶粒尺寸以及烧结工艺的精密控制，使多晶氧化铝在保持高致密度的同时实现良好的透光性能。与传统陶瓷相比，它在减少气孔、降低光散射方面表现突出，因此能够在兼具结构强度的同时实现一定程度的光线透过。制备高性能氧化铝透明陶瓷需采用纯度不低于99.99%的高纯氧化铝粉末，杂质元素（如硅、铁等）会在晶界处形成散射中心，严重降低透光率，会影响材料的显微结构，需要注意控制粉体中的杂质含量（越低越好）。还有一个关键问题就是粉体颗粒的分散性，如果颗粒团聚严重，即使采用99.99%纯度的原料也制备不出合格的透明陶瓷。同时，对氧化铝粉体的烧结活性要求也很严格。来源：苏建辉：高纯氧化铝纳米粉体的制备及其在透明陶瓷中的应用莫鋆：半导体用高性能氧化铝透明陶瓷的制备与性能研究Advanced Ceramics半导体用高性能氧化铝透明陶瓷。,,,,pending
“最廉价”稀土：原料在家门口，抛光磨粒的钱却让别人赚了！,粉体网,粉体网,"RIOnews API, 新材料, 碳, 高比能, 硅",normal,2026-08-23T10:17:00+08:00,,稀土是17种金属元素的总称，可分为轻、中、重稀土三类，被誉为“工业维生素”和“21世纪的战略金属”，目前在科技开发研究、国防建设、传统产业升级等方面起主导作用。作为不可再生的重要战略资源，稀土行业在国际贸易的竞争中亦有着微妙的地位。我国是稀土资源较为丰富的国家之一。2000年以后，我国稀土供应量占全球95%以上，在国际市场上占据主导地位，多年来雄踞最高供应量。而在稀土元素中，铈因其有储量相对丰富、成本较低，也称为“最廉价的稀土”。而这种“廉价”并未折损其价值——在氧化铈的诸多工业用途中，抛光领域的应用最具战略意义，尤其是在集成电路制造的化学机械抛光（CMP）工艺里。在集成电路制造关键工艺中，C,http://mp.weixin.qq.com/s?__biz=MjM5NDI1NzI2MA==&mid=2655365800&idx=1&sn=1f60d7609627c685810087be0404766d,,稀土是17种金属元素的总称，可分为轻、中、重稀土三类，被誉为“工业维生素”和“21世纪的战略金属”，目前在科技开发研究、国防建设、传统产业升级等方面起主导作用。作为不可再生的重要战略资源，稀土行业在国际贸易的竞争中亦有着微妙的地位。我国是稀土资源较为丰富的国家之一。2000年以后，我国稀土供应量占全球95%以上，在国际市场上占据主导地位，多年来雄踞最高供应量。而在稀土元素中，铈因其有储量相对丰富、成本较低，也称为“最廉价的稀土”。而这种“廉价”并未折损其价值——在氧化铈的诸多工业用途中，抛光领域的应用最具战略意义，尤其是在集成电路制造的化学机械抛光（CMP）工艺里。在集成电路制造关键工艺中，C,稀土是17种金属元素的总称，可分为轻、中、重稀土三类，被誉为“工业维生素”和“21世纪的战略金属”，目前在科技开发研究、国防建设、传统产业升级等方面起主导作用。作为不可再生的重要战略资源，稀土行业在国际贸易的竞争中亦有着微妙的地位。我国是稀土资源较为丰富的国家之一。2000年以后，我国稀土供应量占全球95%以上，在国际市场上占据主导地位，多年来雄踞最高供应量。而在稀土元素中，铈因其有储量相对丰富、成本较低，也称为“最廉价的稀土”。而这种“廉价”并未折损其价值——在氧化铈的诸多工业用途中，抛光领域的应用最具战略意义，尤其是在集成电路制造的化学机械抛光（CMP）工艺里。在集成电路制造关键工艺中，CMP通过抛光液的化学作用与抛光垫、磨粒的机械作用，实现晶圆表面平坦化。随着先进制程与先进封装的演进，CMP已逐渐打破传统辅助工艺的定位，成为与光刻、刻蚀、薄膜沉积并列的集成电路全流程第四大核心工艺。在半导体制造持续向先进制程微缩和三维架构演进的背景下，CMP已成为影响晶圆全局平坦度和工艺良率的重要工序。CMP核心材料包括抛光液和抛光垫。其中：抛光液是决定CMP加工质量和去除效率的核心介质；抛光垫在CMP过程中承担着关键的物理介质与应力传递功能。抛光液种类繁多，在抛光材料中价值占比超过50%，其耗用量随着晶圆产量和CMP平坦化工艺步骤数增加而增加。但本土产业链的严重技术短板，抛光液主要原材料——磨粒，仍高度依赖国际市场。磨粒是构成抛光液的核心原料，主流产品包括氧化铈、二氧化硅和氧化铝颗粒。氧化铈是目前最优秀的玻璃抛光剂，其抛光机制结合机械磨削和化学作用（Ce⁴+氧化玻璃表面硅氧键，随后Ce³+溶解），能实现高精度、无划痕的超光滑表面。广泛用于手机屏幕、眼镜片、精密光学镜头、汽车玻璃和半导体硅片化学机械抛光。2026年半导体级高纯氧化铈全年累计涨幅接近45%——Q1同比涨30.6%，Q2再涨12%。稀土开采指标收紧、碳酸铈原料上行、能源提纯成本上涨三重因素叠加，直接推高了抛光液的生产成本。CMP抛光液行业正经历一轮罕见的量价齐升。氧化铈STI存储抛光液全年累计涨幅达20%–23%，这是一场由上游原料暴涨和下游技术迭代共同驱动的结构性涨价，但涨价浪潮下，氧化铈的储量优势并未惠及下游——国产抛光液企业仍需高价从海外购入高纯磨粒。一个悖论由此浮现：坐拥全球最丰富的稀土资源，却在氧化铈磨粒上高度依赖进口。为什么？症结在于，在这个领域，过去国内企业的技术路径是“外购粉体+配方调配”——从海外采购高纯氧化铈、氧化铝磨料，再自行调配配方。这条路径的痛点在于：上游磨料被日美企业高度垄断。全球二氧化铈磨料市场，Hitachi等5家海外厂商占据98%的份额，其中Hitachi一家就超过50%。这种高度集中的供应格局，使得外购氧化铈粉体的抛光液厂商在面对原料涨价时几乎没有议价空间。外购意味着成本完全没有主动权。谁掌握了上游磨料，谁就掌握了定价权。CMP抛光液的竞争，正从“配方的比拼”升级为“从粉体到配方的全产业链竞争”。国产替代正在经历从“量”到“质”的转折点。量的突破已经完成（市占率大幅提升），但质的突破（高端品类、先进制程）才刚刚开始。目前，安集科技与鼎龙股份已开始布局这一领域。安集科技此前透露，其自产氧化铈磨料在相关产品中的测试论证进展顺利，多款产品已通过客户端的验证并实现量产供应。参考来源：上海证券报、南风窗、纪要调研掘金、天骄清美等网络公开信息稀土氧化铈,,,,pending
美国Anthro Energy肯塔基工厂奠基  聚合物电解质路线下的固态电池布局解析,SMM固态电池,SMM固态电池,"RIOnews API, 固态电池, 聚合物电解质, 氧化物电解质, 半固态, 全固态, 产品发布, 发布, 正式推出, 合作进展, 融资, 战略合作, 项目签约, 投资, 合作, 收购, 量产推进, 产能, 扩产",normal,2026-08-23T09:00:00+08:00,,要点：2026年8月18日，Anthro Energy肯塔基工厂奠基，投资超4000万美元，规划年产1.2万吨聚合物电解质（支撑25GWh电池），预计2027年底投产。公司走聚合物电解质路线，Proteus平台以液态前驱体注入电芯、化成中原位固化成固态/半固态。技术兼容现有产线，面向硅负极、半固态及固态电池。与EnPower合作开发超350Wh/kg电芯，获美国政府超4300万美元支持。前言2026年8月18日，美国电池材料企业Anthro Energy在肯塔基州路易斯维尔举行新工厂奠基仪式，计划投资超4000万美元建设先进聚合物电解质生产设施。项目预计创造110个长期岗位和390个建筑岗位，,http://mp.weixin.qq.com/s?__biz=MzA5Mjg4MDczMw==&mid=2448107663&idx=1&sn=550aec1899383ad5e7cc7b52e933a169,,要点：2026年8月18日，Anthro Energy肯塔基工厂奠基，投资超4000万美元，规划年产1.2万吨聚合物电解质（支撑25GWh电池），预计2027年底投产。公司走聚合物电解质路线，Proteus平台以液态前驱体注入电芯、化成中原位固化成固态/半固态。技术兼容现有产线，面向硅负极、半固态及固态电池。与EnPower合作开发超350Wh/kg电芯，获美国政府超4300万美元支持。前言2026年8月18日，美国电池材料企业Anthro Energy在肯塔基州路易斯维尔举行新工厂奠基仪式，计划投资超4000万美元建设先进聚合物电解质生产设施。项目预计创造110个长期岗位和390个建筑岗位，,"要点：2026年8月18日，Anthro Energy肯塔基工厂奠基，投资超4000万美元，规划年产1.2万吨聚合物电解质（支撑25GWh电池），预计2027年底投产。公司走聚合物电解质路线，Proteus平台以液态前驱体注入电芯、化成中原位固化成固态/半固态。技术兼容现有产线，面向硅负极、半固态及固态电池。与EnPower合作开发超350Wh/kg电芯，获美国政府超4300万美元支持。前言2026年8月18日，美国电池材料企业Anthro Energy在肯塔基州路易斯维尔举行新工厂奠基仪式，计划投资超4000万美元建设先进聚合物电解质生产设施。项目预计创造110个长期岗位和390个建筑岗位，计划于2027年底投产，建成后年产能达1.2万吨先进聚合物电解质，可支持约25GWh锂离子电池产能。该公司成立于2021年，核心技术为Anthro Proteus™聚合物电解质平台，采用液态前驱体导入电芯、化成过程中固化形成聚合物电解质，可减少对现有制造设备改动，适用于锂离子电池及硅负极、半固态、固态电池等下一代技术。公司已完成为加州生产设施建设并实现首款商业产品出货。一、技术路线Anthro Energy走的是聚合物电解质路线，核心是Anthro Proteus™平台——一种可注入的相变电解质（phase-change electrolyte）。与传统液态电解质不同，Proteus以液态前驱体形式导入电芯，在化成工序中发生化学反应，原位固化为固态或半固态聚合物。这一技术路线的最大特点是与现有锂离子电池制造设备和工艺高度兼容，制造商无需更换产线即可导入。据公司介绍，该技术可用于锂离子电池，并面向硅负极、半固态及固态电池等下一代电池技术。从技术定位来看，Anthro并非一步到位做全固态，而是以聚合物电解质作为过渡和切入点，逐步向下一代电池体系延伸。二、电池性能Anthro Proteus™聚合物电解质在性能端有几个关键亮点。安全性：聚合物材料不可燃且力学强度高，能显著降低热失控发生的频率和严重程度。在电芯内部形成连续界面，解决了界面电阻问题。能量密度：聚合物电解质可解锁硅负极等高比能材料，公司宣称能量密度可提升最高35%。与EnPower合作开发的高能量软包电芯设计目标超过350Wh/kg。循环寿命与机械性能：聚合物在活性材料周围形成保护性二次粘接网络，可延长循环寿命，且电池可在零外部压力下运行。据称循环寿命可翻倍。三、规划产能Anthro Energy的产能布局分为两个阶段。加州现有设施：公司已完成加州生产设施建设，并实现首款商业产品出货。加州Alameda基地承担R&D和试产职能。肯塔基州路易斯维尔工厂（核心扩产）：2026年8月18日奠基，总投资超4000万美元（另有说法为4200万美元）。规划年产能1.2万吨先进聚合物电解质，可支撑最高约25GWh锂离子电池产能。预计创造110个长期就业岗位和390个建筑岗位，计划2027年底投产。工厂将采用不受“外国关注实体”（FEOC）限制的原材料投入生产。四、公司简介和专利情况Anthro Energy成立于2021年，总部位于加州圣何塞（运营总部在Alameda），是从斯坦福大学孵化的电池材料公司。联合创始人为David Mackanic（CEO）和Joe Papp（CTO）。公司专注于先进聚合物电解质的研发与商业化，下游覆盖消费电子、微出行、国防、汽车等领域。专利方面，Anthro Energy已申请9项专利，核心专利布局围绕聚合物电解质配方、电池安全改进方法及电池结构性能提升等方向。2025年10月公开的专利US2025329799A1涉及电池安全改进系统与方法；2025年11月授权的专利涉及电池结构性能改进。五、融资合作5.1融资方面2022年：完成720万美元种子轮融资，由Union Square Ventures和Energy Revolution Ventures联合领投。2024年2月：完成2000万美元Series A轮融资，超额认购，由Collaborative Fund领投，Union Square Ventures、Emerson Collective、Voyager Ventures等参与。政府支持：2025年1月获美国能源部2490万美元拨款（《基础设施投资和就业法》）；另获IRA 48C计划1840万美元投资税收抵免；2025年底获加州能源委员会550万美元PowerForward拨款。合计政府支持超4300万美元。截至目前，公司累计融资约5230万美元。5.2合作方面2026年5月，Anthro Energy与锂离子电池制造商EnPower签署长期合作备忘录（MOU）。双方将共同开发、制造并规模化生产高性能锂离子电池，计划将Proteus聚合物电解质与EnPower的电极及软包电芯制造能力结合，目标产能超过750MWh。开发目标包括能量密度超过350Wh/kg的高能量电芯及高倍率电芯，应用于机器人、无人机、国防及物理AI等领域。六、公司动态2026年8月18日：肯塔基州路易斯维尔工厂奠基，标志着公司从规划进入执行阶段。2026年6月2日：任命Hyungrak Kim为制造业务执行副总裁，负责先进电解质平台及高性能锂离子电池的生产和规模化工作。Kim此前在Solid Power担任电解质技术执行副总裁，拥有超25年先进电池材料及规模化生产经验。2026年5月12日：与EnPower签署长期合作MOU。2026年4月28日：获美国能源部批准，2490万美元先进电解质制造项目进入执行阶段。2025年12月：宣布选址肯塔基州路易斯维尔建设首座大规模美国本土电解质工厂。2025年1月：正式推出Anthro Proteus™聚合物电解质技术。最后推荐一下SMM的精品会议，目前进展和部分参会企业及代表：【SMM固态电池专区】https://new-energy.smm.cn/new_energy/151036文章说明本文基于公开信息、公司公告及行业分析整理而成，旨在提供信息参考，不构成任何投资建议。固态电池技术仍在快速发展中，请读者以最新官方发布信息为准。SMM预测2028年全固态电池出货量2.7GWh，固液电池出货量160GWh。2030年全球锂离子电池市场需求量6TWh，全球固态电池的渗透率在1.5‰左右。2035年全球锂离子电池10TWh，固态电池的渗透率或将10%，达1T。【国内固态电池】瑞智新能源固态电池布局 Pre-A+轮国资加码锚定固态电解质材料赛道固芯能源亿元融资 加速固态电池布局具身智能低空航天高镍巨头格林美无锡500吨中试基地正式启航 固态电池布局分材料+电解质+回收全链条追觅生态赋能签约璞跃沈汽 晶核能源全固态电池布局解析【国内首次】中科源本硫化物全固态电池完成实车道路测试耀石锂电10亿元南平基地落地 中科院背景新锐固态电池布局消费赛道自研全固态电池完成针刺 巨湾技研固态电池布局全景分析上海洗霸新上固液电芯和氧化物电解质项目 固态电池布局一体化版图道氏技术2026年半年报固态电池布局与进展解析久吾高科LATP固态电解质通过4.62V极限过充考验 陶瓷膜大厂固态电池布局双线赛道蜂巢固液电池三季度量产 住友2028年量产卤化物固态电解质韩国ECOPRO BM固态电池布局 从正极向全固态核心材料综合供应商迈进电池消费税对固态电池行业发展利弊分析中科源本样品发布 其固态电池布局为硫化物路线2026H1固态电池法规政策与标准全球格局分析GWh突破、国标实施、谣言澄清 7月上旬固态电池十大动态及市场分析国晟环球10GWh设备已入场 国晟能源固态电池布局如何金羽新能与鼎犀智创达成战略合作，共推“AI+固态电池”产业化17亿固态电池项目签约余干高新区 三维电池加速固态电池布局赛科动力与经纬恒润合作 固态电池布局继续深化科力远固态电池布局再下一城 定兴混合储能项目落地蓝固万吨氧化物固态电解质量产 固态电池布局解析星源材质发布固锐系列电解质复合膜 其固态电池布局深远4个月4N80吨硫化锂 成都汉普亿轩固态电池布局项目落地屏安新能源中试线建成 固态电池布局加速厦钨新能固态电池布局：正极+电解质双轮驱动NL材料引领突破千人百亿铸犀牛全固态电池冲刺600Wh/kg 从奇瑞电池之夜看固态电池布局冠盛东驰固态电池布局 强强联合技术积淀多基地发力固液先行 从中汽新能产品发布看其固态电池布局厦钨新能固态电池布局 2.78亿端能源材料创新中心封顶金羽新能双线突破！全固态电池交付“山海”系列四季度量产合源锂创固态电池布局 量产交付“六合电池”多地有产能规划海外26家企业固态电池布局：硫化物路线领跑 美日韩欧四极博弈进入量产冲刺期纯锂新能源固态电池布局星川科技固态电池布局 HEV赛道奇兵？硫化物路线至2030车规级量产落地 一文了解恩力动力固态电池布局威海金宏科技固态电池认证 从两轮到储能全场景布局盛新锂能固态电池布局 锂硫资源闭环抢滩硫化物固态电解质量产【海外固态电池】美国Lyten“抄底式收购”Northvolt欧洲资产 锂硫固态电池布局全球三星SDI的""逆势豪赌"" 25万亿韩元押注下一代电池或改写全球能源格局法国SAFT固态电池布局 聚焦IDOLES项目美国SES AI固态电池布局 锂金属固液路线西班牙“国家队”Basquevolt固态电池布局日本Maxell固态电池布局：以ER兼容模块切入 2026年启动量产英国Ilika固态电池布局：双线并进Stereax已商业交付Goliath加速车试Rimac固态电池布局 2027年量产Tier1供应商转型日本出光兴产idemitsu硫化物固态电池布局 百吨级中试2027丰田量产车日本Maxell推出可充电全固态电池 直接替换一次性ER电池突破极限！日本麦克赛尔Maxell将于11月发售耐150℃高温全固态电池样比利时SOLiTHOR固态电池布局 欧洲新秀如何挑战锂电极限日本丰田Toyota固态电池布局 2027年量产实现千公里续航革命辉能科技固态电池布局 四代固态锂陶瓷电池平台韩国SK On固态电池商业化进程提速至2029年日本Nissan日产固态电池布局 硫化物路线2028年量产2029上车英国固态电池企业伊丽卡llika固态电池原型交付在即韩国固态电池企业Solivis硫化物固态电解质布局2026年8月18日，美国电池材料企业Anthro Energy在肯塔基州路易斯维尔举行新工厂奠基仪式，计划投资超4000万美元建设先进聚合物电解质生产设施。项目预计创造110个长期岗位和390个建筑岗位，计划于2027年底投产，1.2万吨先进聚合物电解质，约25GWh锂离子电池。",,,,pending
德国肖特集团到访长三角物理研究中心，共启固态电解质合作新篇章,固态电池前沿,固态电池前沿,"RIOnews API, 固态电池, 复合电解质, 技术进展, 技术突破, 工艺优化, 合成工艺, 前沿技术",normal,2026-08-23T09:00:00+08:00,,2026年8月20日，国际特种材料领先企业德国肖特集团（SCHOTT AG）代表团一行到访长三角物理研究中心（IOPLY），展开实地考察与深度座谈，标志着双方在固态电池关键材料领域的战略协同正式拉开帷幕。访问期间，肖特代表团先后参观了中心的核心研发平台与专业实验室，系统了解了中心在固态电解质材料制备、结构表征及电化学性能评测等方面的全链条技术能力，对中心的科研设施与创新成果给予高度评价。在随后的座谈交流中，双方聚焦氧化物基固态电解质技术路线，进行了深入而富有成效的探讨。氧化物固态电解质因具备优异的化学稳定性和出色的机械强度，在业界备受关注；其与聚合物复合后，更有望兼顾高离子电导率、良好界面接触,http://mp.weixin.qq.com/s?__biz=MzkwMDI5MTkyNQ==&mid=2247503599&idx=1&sn=dcdc185357a69314c0275ed71db494cc,,2026年8月20日，国际特种材料领先企业德国肖特集团（SCHOTT AG）代表团一行到访长三角物理研究中心（IOPLY），展开实地考察与深度座谈，标志着双方在固态电池关键材料领域的战略协同正式拉开帷幕。访问期间，肖特代表团先后参观了中心的核心研发平台与专业实验室，系统了解了中心在固态电解质材料制备、结构表征及电化学性能评测等方面的全链条技术能力，对中心的科研设施与创新成果给予高度评价。在随后的座谈交流中，双方聚焦氧化物基固态电解质技术路线，进行了深入而富有成效的探讨。氧化物固态电解质因具备优异的化学稳定性和出色的机械强度，在业界备受关注；其与聚合物复合后，更有望兼顾高离子电导率、良好界面接触,2026年8月20日，国际特种材料领先企业德国肖特集团（SCHOTT AG）代表团一行到访长三角物理研究中心（IOPLY），展开实地考察与深度座谈，标志着双方在固态电池关键材料领域的战略协同正式拉开帷幕。访问期间，肖特代表团先后参观了中心的核心研发平台与专业实验室，系统了解了中心在固态电解质材料制备、结构表征及电化学性能评测等方面的全链条技术能力，对中心的科研设施与创新成果给予高度评价。在随后的座谈交流中，双方聚焦氧化物基固态电解质技术路线，进行了深入而富有成效的探讨。氧化物固态电解质因具备优异的化学稳定性和出色的机械强度，在业界备受关注；其与聚合物复合后，更有望兼顾高离子电导率、良好界面接触与卓越力学性能，被普遍视为下一代固态电池最具潜力的发展方向之一。基于这一共识，双方拟围绕复合电解质的合成工艺优化、性能表征及电池测试验证等关键环节开展联合攻关，加速推动相关材料从实验室研发向规模化应用转化。此次合作既是肖特深耕中国市场、融入本土创新生态的重要战略举措，也为长三角物理研究中心引入了国际领先的特种材料研发理念与工程化经验，有助于中心在前沿技术研发和产业孵化领域实现新的突破。双方一致表示，将以本次合作为起点，持续深化在氧化物基固态电解质领域的协同创新，共同推进固态电池关键材料的技术突破与产业化落地，为全球新能源产业高质量发展贡献智慧与力量。来源：长三角物理研究中心尊敬的读者，亚化咨询推出了《中国固态电池与液流电池月报》，每月以PDF电子文档格式出版。《中国固态电池与液流电池月报》分为免费版与付费版两个版本，定于每月10日发送至订阅客户邮箱。免费版正文包含4个板块：行业会议政策动向企业动态与工程项目技术进展与创新与免费版相比，付费版的区别在于新增中国固态电池与液流电池项目数据库（月度更新），包括以下四个项目表：中国全钒液流电池项目数据库中国钒电池电解液项目数据库中国液流电池储能项目数据库中国固态电池项目数据库赞助方案Asiachem项目项目内容主题演讲25分钟主题演讲参会名额微信推送微信公众号，企业介绍以及相关软文会刊广告研讨会会刊，彩色全页广告（尺寸A4）资料入袋赞助企业的宣传册放入会议包袋现场展台现场展示台，展示样品、资料，含两个参会名额现场易拉宝现场1个易拉宝展示礼品赞助印有赞助商logo的礼品赠送参会听众茶歇赞助冠名和赞助会议期间的茶歇晚宴赞助冠名和赞助会议的招待晚宴Logo展示背景墙 logo，会刊封面logo如果您有意向参与演讲、赞助、参会或购买报告更多详情欢迎您与我们联系 MEETINGS 往期会议回顾左右滑动查看更多第二届硫化锂与硫化物固态电池论坛2026圆满召开！第四届钒原料、电解液与钒电池储能论坛2026圆满召开！中国国际钒液流电池论坛2025圆满召开！第三届钒原料、电解液与钒电池储能论坛2025圆满召开！硫化锂与硫化物固态电池论坛2025圆满召开中国国际钒液流储能大会2024圆满召开！2024钒原料、电解液与钒电池储能论坛第二届液流储能电池技术与产业发展论坛2024圆满召开！质子膜、双极板、电极材料与电堆技术论坛钒原料、电解液与钒电池产业发展论坛20232023液流储能电池技术与产业发展论坛圆满召开！推荐订阅2026年8月20日，国际特种材料领先企业德国肖特集团（SCHOTT AG）代表团一行到访长三角物理研究中心（,,,,pending
欢迎订阅2026年《中国固态电池与液流电池月报》,固态电池前沿,固态电池前沿,"RIOnews API, 固态电池",normal,2026-08-23T09:00:00+08:00,,尊敬的读者，亚化咨询推出了《中国固态电池与液流电池月报》，每月以PDF电子文档格式出版。《中国固态电池与液流电池月报》分为免费版与付费版两个版本，定于每月10日发送至订阅客户邮箱。免费版正文包含4个板块：行业会议政策动向企业动态与工程项目技术进展与创新与免费版相比，付费版的区别在于新增中国固态电池与液流电池项目数据库（月度更新），包括以下四个项目表：中国全钒液流电池项目数据库中国钒电池电解液项目数据库中国液流电池储能项目数据库中国固态电池项目数据库如果您有意向参与演讲、赞助、参会或购买报告更多详情欢迎您与我们联系 MEETINGS 往期会议回顾左右滑动查看更多第二届硫化锂与硫化物固态电池论坛2,http://mp.weixin.qq.com/s?__biz=MzkwMDI5MTkyNQ==&mid=2247503599&idx=2&sn=d4e79a40d4023e2a1bfbbc7dffb3b847,,尊敬的读者，亚化咨询推出了《中国固态电池与液流电池月报》，每月以PDF电子文档格式出版。《中国固态电池与液流电池月报》分为免费版与付费版两个版本，定于每月10日发送至订阅客户邮箱。免费版正文包含4个板块：行业会议政策动向企业动态与工程项目技术进展与创新与免费版相比，付费版的区别在于新增中国固态电池与液流电池项目数据库（月度更新），包括以下四个项目表：中国全钒液流电池项目数据库中国钒电池电解液项目数据库中国液流电池储能项目数据库中国固态电池项目数据库如果您有意向参与演讲、赞助、参会或购买报告更多详情欢迎您与我们联系 MEETINGS 往期会议回顾左右滑动查看更多第二届硫化锂与硫化物固态电池论坛2,尊敬的读者，亚化咨询推出了《中国固态电池与液流电池月报》，每月以PDF电子文档格式出版。《中国固态电池与液流电池月报》分为免费版与付费版两个版本，定于每月10日发送至订阅客户邮箱。免费版正文包含4个板块：行业会议政策动向企业动态与工程项目技术进展与创新与免费版相比，付费版的区别在于新增中国固态电池与液流电池项目数据库（月度更新），包括以下四个项目表：中国全钒液流电池项目数据库中国钒电池电解液项目数据库中国液流电池储能项目数据库中国固态电池项目数据库如果您有意向参与演讲、赞助、参会或购买报告更多详情欢迎您与我们联系 MEETINGS 往期会议回顾左右滑动查看更多第二届硫化锂与硫化物固态电池论坛2026圆满召开！第四届钒原料、电解液与钒电池储能论坛2026圆满召开！中国国际钒液流电池论坛2025圆满召开！第三届钒原料、电解液与钒电池储能论坛2025圆满召开！硫化锂与硫化物固态电池论坛2025圆满召开中国国际钒液流储能大会2024圆满召开！2024钒原料、电解液与钒电池储能论坛第二届液流储能电池技术与产业发展论坛2024圆满召开！质子膜、双极板、电极材料与电堆技术论坛钒原料、电解液与钒电池产业发展论坛20232023液流储能电池技术与产业发展论坛圆满召开！推荐订阅欢迎订阅2025年《中国固态电池与液流电池月报》,,,,pending
应急安全储能双向奔赴 共筑高新低碳产业生态｜君安新能源赴四川易诚智讯开展合作交流,全球液流电池储能,全球液流电池储能,"RIOnews API, 长时储能, 液流电池, 产品发布, 发布, 官宣, 合作进展, 战略合作, 合作",normal,2026-08-23T09:00:00+08:00,,9月大连液流大会扫码即刻报名 据全球液流电池网获悉，近日，乐山市君安新能源科技有限公司董事长赵丹、总经理邓融带队拜访国家级专精特新“小巨人”企业四川易诚智讯科技有限公司，双方围绕乐山高新区新能源数字化落地、电力安全应急、储能系统智慧管控、工业园区“智改数转”等方向开展深度座谈，达成多项战略合作共识。君安新能源深度扎根乐山高新区产业布局，紧扣区域“两主七链”产业规划与四川省近零碳排放园区试点建设政策要求，主营分布式光伏、源网荷储一体化、新型储能系统、零碳园区EPC总包等业务，具备项目施工、设备集成、运维管理全链条服务能力，积极参与高新区绿色工厂培育、工业企业节能改造等专项工作，主动对接园区技改补,http://mp.weixin.qq.com/s?__biz=Mzg3NjcyNzE4Nw==&mid=2247578138&idx=8&sn=5ad8509b18693d3d6a3c76a0dcc5fa90,,9月大连液流大会扫码即刻报名 据全球液流电池网获悉，近日，乐山市君安新能源科技有限公司董事长赵丹、总经理邓融带队拜访国家级专精特新“小巨人”企业四川易诚智讯科技有限公司，双方围绕乐山高新区新能源数字化落地、电力安全应急、储能系统智慧管控、工业园区“智改数转”等方向开展深度座谈，达成多项战略合作共识。君安新能源深度扎根乐山高新区产业布局，紧扣区域“两主七链”产业规划与四川省近零碳排放园区试点建设政策要求，主营分布式光伏、源网荷储一体化、新型储能系统、零碳园区EPC总包等业务，具备项目施工、设备集成、运维管理全链条服务能力，积极参与高新区绿色工厂培育、工业企业节能改造等专项工作，主动对接园区技改补,9月大连液流大会扫码即刻报名 据全球液流电池网获悉，近日，乐山市君安新能源科技有限公司董事长赵丹、总经理邓融带队拜访国家级专精特新“小巨人”企业四川易诚智讯科技有限公司，双方围绕乐山高新区新能源数字化落地、电力安全应急、储能系统智慧管控、工业园区“智改数转”等方向开展深度座谈，达成多项战略合作共识。君安新能源深度扎根乐山高新区产业布局，紧扣区域“两主七链”产业规划与四川省近零碳排放园区试点建设政策要求，主营分布式光伏、源网荷储一体化、新型储能系统、零碳园区EPC总包等业务，具备项目施工、设备集成、运维管理全链条服务能力，积极参与高新区绿色工厂培育、工业企业节能改造等专项工作，主动对接园区技改补贴、新能源消纳配套扶持政策，助力区域晶硅光伏与储能产业链协同发展。休息一下，看个广告四川易诚智讯深耕电力安全应急、智慧园区治理、虚拟电厂调度、光纤传感监测领域，拥有“云-网-端”一体化技术体系与上百项自主知识产权，在能源风险预警、储能电站安全运维、应急指挥调度系统方面具备成熟落地案例。结合乐山高新区产业发展需求，双方明确三大合作方向：一是打造园区储能系统安全监测平台，强化分布式新能源场站风险防控；二是联动推进虚拟电厂、用户侧储能数字化调度，匹配区域电网峰谷调节政策；三是面向高新区工业园区批量实施能源数字化改造，打造可申报省级示范的近零碳应用场景。下一步，双方将建立常态化对接机制，细化本地化落地方案，依托高新区创新扶持政策，以硬件工程落地与数字化安全技术深度融合，补齐新能源产业安全管控短板，共同助力乐山高新区新能源产业高质量、规模化发展。CFE2026第七届中国液流电池储能大会议程（8月10日更新）近期热点及活动1、议程发布！CFE2026第七届中国液流电池储能大会9月17-18日即将重磅开启！液流电池至暗时刻？or商业化拐点成人礼？2、7.6GWh！含11个全钒液流，云南发改委、能源局发布2026年共享储能项目清单3、官宣定档！朝圣之旅，9月17-18日CFE2026第七届中国液流电池储能大会相约大连！参展、演讲、参会报名正式启动！4、AI的尽头是储能与电力！CFE2026第六届中国液流电池储能大会圆满落幕，新型储能“转正”从电力“配角”到六大新兴支柱产业进阶5、突破迎关键临界点！全球旗舰盛会—CFE2025第五届中国液流电池储能大会暨2024-2025年度液流品牌颁奖盛典圆满落幕6、获奖名单及终版议程发布！CFE2025第五届中国液流电池储能大会暨品牌颁奖盛典9月19-20日武汉盛大召开7、共筑全产业链生态繁荣！全球风向—CFE2025第四届中国液流电池储能大会、中国液流电池青年科学家论坛圆满落幕8、晚宴名单、参会总名单、终版议程发布｜CFE2025第四届中国液流电池储能大会3月3日盛大开幕9、全国首个！四川出台钒电池储能产业专项政策每月6日活动日，群内成员全开放1天近日，乐山市君安新能源董事长赵丹、总经理邓融带队拜访国家级专精特新“小巨人”企业四川易诚智讯科技有限公司，双方围绕乐山高新区新能源数字化落地、电力安全应急、储能系统智慧管控、工业园区“智改数转”等方向开展深度座谈，达成多项战略合作共识。,,,,pending
精准对接省级科创平台！Vnergy固体液流电池增容技术开启四川产业化合作,全球液流电池储能,全球液流电池储能,"RIOnews API, 长时储能, 液流电池, 产品发布, 发布, 全新, 官宣, 合作进展, 投资, 合作",normal,2026-08-23T09:00:00+08:00,,9月大连液流大会扫码即刻报名 据全球液流电池网获悉，近日，Vnergy团队到访四川省产业技术研究转化有限公司，双方围绕“固体液流电池增容剂技术”的工程落地、场景应用及产业化路径开展深度座谈交流，为技术在川落地、资本赋能、成果转化奠定良好基础。四川省产业技术研究转化有限公司是四川省推动高校及科研院所科技成果落地的核心专业平台，专注打通科研成果从实验室走向市场化、产业化的关键通道。公司依托省内独有的“先投后股”孵化机制，深度参与早期科创项目培育，通过与技术团队联合成立项目公司、引入天使投资持续赋能研发迭代等方式，系统性扶持原创技术、前沿科技项目落地转化，已成功孵化培育多项优质科创成果，拥有成熟的早,http://mp.weixin.qq.com/s?__biz=Mzg3NjcyNzE4Nw==&mid=2247578138&idx=4&sn=b011eadf4c8e984697d4091e640903ff,,9月大连液流大会扫码即刻报名 据全球液流电池网获悉，近日，Vnergy团队到访四川省产业技术研究转化有限公司，双方围绕“固体液流电池增容剂技术”的工程落地、场景应用及产业化路径开展深度座谈交流，为技术在川落地、资本赋能、成果转化奠定良好基础。四川省产业技术研究转化有限公司是四川省推动高校及科研院所科技成果落地的核心专业平台，专注打通科研成果从实验室走向市场化、产业化的关键通道。公司依托省内独有的“先投后股”孵化机制，深度参与早期科创项目培育，通过与技术团队联合成立项目公司、引入天使投资持续赋能研发迭代等方式，系统性扶持原创技术、前沿科技项目落地转化，已成功孵化培育多项优质科创成果，拥有成熟的早,9月大连液流大会扫码即刻报名 据全球液流电池网获悉，近日，Vnergy团队到访四川省产业技术研究转化有限公司，双方围绕“固体液流电池增容剂技术”的工程落地、场景应用及产业化路径开展深度座谈交流，为技术在川落地、资本赋能、成果转化奠定良好基础。四川省产业技术研究转化有限公司是四川省推动高校及科研院所科技成果落地的核心专业平台，专注打通科研成果从实验室走向市场化、产业化的关键通道。公司依托省内独有的“先投后股”孵化机制，深度参与早期科创项目培育，通过与技术团队联合成立项目公司、引入天使投资持续赋能研发迭代等方式，系统性扶持原创技术、前沿科技项目落地转化，已成功孵化培育多项优质科创成果，拥有成熟的早期技术孵化与项目落地经验。座谈期间，双方结合钒液流电池系统工程特性，重点围绕固体液流电池增容剂材料体系、技术优势、系统适配性、工程落地难点等核心内容展开深入研讨。依托丰富的科创转化与产业落地经验，转化公司从系统集成优化、产业化路径规划、场景适配拓展等维度，为Vnergy技术商业化推进提供了专业化、体系化指导建议。休息一下，看个广告同时，对方详细介绍了公司项目筛选逻辑与投资方向，重点聚焦“具备原创技术壁垒、处于早期成长阶段、拥有广阔产业前景”的科创企业，与Vnergy在固体液流电池增容材料领域的技术定位、赛道布局高度契合。值得关注的是，四川省产业技术研究转化有限公司正筹备设立“专注赋能初创科技企业的全新基金”，投资机制与扶持方向高度适配Vnergy现阶段发展需求。双方围绕新基金框架下的多元合作模式展开积极沟通，初步达成持续对接意向，未来将探索股权合作、联合课题申报、技术联合孵化等多种合作路径。本次深度对接，让Vnergy充分融入四川成熟的科创成果转化生态体系，进一步获得省级专业科创平台与产业资本的认可。标志着公司“固体液流电池增容技术”正式纳入四川重点关注的前沿储能技术范畴，为后续扎根四川、链接产业资源、加速技术规模化产业化打开全新发展空间。CFE2026第七届中国液流电池储能大会议程（8月10日更新）近期热点及活动1、议程发布！CFE2026第七届中国液流电池储能大会9月17-18日即将重磅开启！液流电池至暗时刻？or商业化拐点成人礼？2、7.6GWh！含11个全钒液流，云南发改委、能源局发布2026年共享储能项目清单3、官宣定档！朝圣之旅，9月17-18日CFE2026第七届中国液流电池储能大会相约大连！参展、演讲、参会报名正式启动！4、AI的尽头是储能与电力！CFE2026第六届中国液流电池储能大会圆满落幕，新型储能“转正”从电力“配角”到六大新兴支柱产业进阶5、突破迎关键临界点！全球旗舰盛会—CFE2025第五届中国液流电池储能大会暨2024-2025年度液流品牌颁奖盛典圆满落幕6、获奖名单及终版议程发布！CFE2025第五届中国液流电池储能大会暨品牌颁奖盛典9月19-20日武汉盛大召开7、共筑全产业链生态繁荣！全球风向—CFE2025第四届中国液流电池储能大会、中国液流电池青年科学家论坛圆满落幕8、晚宴名单、参会总名单、终版议程发布｜CFE2025第四届中国液流电池储能大会3月3日盛大开幕9、全国首个！四川出台钒电池储能产业专项政策每月6日活动日，群内成员全开放1天近日，Vnergy团队到访四川省产业技术研究转化有限公司，双方围绕“固体液流电池增容剂技术”的工程落地、场景应用及产业化路径开展深度座谈交流，为技术在川落地、资本赋能、成果转化奠定良好基础。,,,,pending
巨安储能携手云南省科技厅、安宁市加速全铁液流电池技术落地,全球液流电池储能,全球液流电池储能,"RIOnews API, 长时储能, 液流电池, 产品发布, 发布, 亮相, 官宣, 技术进展, 技术突破, 前沿技术",normal,2026-08-23T09:00:00+08:00,,9月大连液流大会扫码即刻报名 据全球液流电池网获悉，近日，新能源产业赛事捷报频传、政企交流高效密集。巨安储能参加由云南省科技厅党组书记、厅长高俊主持的长三角企业家座谈会，并亮相2026“彩云汇”科创大赛长三角赛区复赛，凭借自主可控的全铁液流长时储能核心技术，项目成功晋级能源新材料赛道复赛，后续云南省科技厅、安宁市两级政府代表团相继莅临杭州巨安储能产业研究院考察交流。从赛事突围崭露头角，到省级、市级政企密集实地调研，巨安储能持续深化与云南绿色能源市场的战略联动，依托云南得天独厚的绿电资源、广阔储能应用场景与完善产业配套，加速推进国产自主长时储能技术西南区域落地布局。赛道突围 | 高精尖能源项目集,http://mp.weixin.qq.com/s?__biz=Mzg3NjcyNzE4Nw==&mid=2247578138&idx=3&sn=b426cd59726793dd361ebb3858c3542f,,9月大连液流大会扫码即刻报名 据全球液流电池网获悉，近日，新能源产业赛事捷报频传、政企交流高效密集。巨安储能参加由云南省科技厅党组书记、厅长高俊主持的长三角企业家座谈会，并亮相2026“彩云汇”科创大赛长三角赛区复赛，凭借自主可控的全铁液流长时储能核心技术，项目成功晋级能源新材料赛道复赛，后续云南省科技厅、安宁市两级政府代表团相继莅临杭州巨安储能产业研究院考察交流。从赛事突围崭露头角，到省级、市级政企密集实地调研，巨安储能持续深化与云南绿色能源市场的战略联动，依托云南得天独厚的绿电资源、广阔储能应用场景与完善产业配套，加速推进国产自主长时储能技术西南区域落地布局。赛道突围 | 高精尖能源项目集,9月大连液流大会扫码即刻报名 据全球液流电池网获悉，近日，新能源产业赛事捷报频传、政企交流高效密集。巨安储能参加由云南省科技厅党组书记、厅长高俊主持的长三角企业家座谈会，并亮相2026“彩云汇”科创大赛长三角赛区复赛，凭借自主可控的全铁液流长时储能核心技术，项目成功晋级能源新材料赛道复赛，后续云南省科技厅、安宁市两级政府代表团相继莅临杭州巨安储能产业研究院考察交流。从赛事突围崭露头角，到省级、市级政企密集实地调研，巨安储能持续深化与云南绿色能源市场的战略联动，依托云南得天独厚的绿电资源、广阔储能应用场景与完善产业配套，加速推进国产自主长时储能技术西南区域落地布局。赛道突围 | 高精尖能源项目集中晋级精准匹配云南绿色能源发展布局本次能源新材料赛道赛事竞争激烈，最终15个优质创新项目成功晋级。晋级项目高度聚焦长时储能、绿色精细化工、新型功能材料、新能源先进制造等国家战略性新兴产业方向。作为完全自主国产化的新一代长时储能技术，巨安储能全铁液流电池体系摆脱传统储能稀缺资源依赖，具备本征安全、超长循环寿命、电解液100%可回收、全生命周期低成本、适配大规模储能场景等差异化核心优势，可全面覆盖云南新能源大基地并网消纳、电网调峰调频、区域微电网、零碳园区、绿色工矿配套储能等多元应用场景。针对云南得天独厚的绿色能源产业优势，巨安储能表示：云南作为我国绿色能源资源最富集、新能源开发潜力最大的核心省份，水电、光伏、风电资源储量充沛、绿电供给稳定充沛，是全国新能源规模化开发、新型电力系统建设的核心主战场。同时，云南储能应用场景广阔、新能源上下游产业链配套日趋成熟，拥有长时储能技术示范落地、场景验证、规模化复制的绝佳产业土壤。未来，巨安储能将以本次创新赛事为重要契机，充分依托赛事平台资源优势与政企对接通道，深度链接云南地方政府、能源平台、产业资本及上下游企业资源，持续推动公司完全自主研发的碱性全铁液流电池核心技术、成套储能装备、一体化储能解决方案在云南落地示范、规模化推广。巨安储能将持续深耕西南储能蓝海市场，助力云南将绿色资源优势转化为绿色产业优势、绿色经济优势，为区域能源结构转型、新能源高效消纳、双碳目标落地提供硬核科创支撑。安宁市委副书记、代市长孔祥英带队考察共探长时储能产业，大力布局新型储能产业8月19日，安宁市委副书记、市人民政府党组书记、代市长孔祥英，安宁市人民政府副市长段曦带队到访巨安储能开展实地考察调研。考察团先后走访企业品牌展厅与核心研发实验室，在展厅内，巨安储能常务副总经理易晋向安宁市领导一行详细介绍巨安储能发展历程、全铁液流电池原始创新技术路线、核心材料自研体系、产品核心性能优势，以及已落地的兆瓦级储能示范项目运行情况，系统展示全链条国产化的长时储能成套解决方案。休息一下，看个广告随后移步研发实验室，实地观摩实验研发场景，深入了解电解液配方开发、电堆性能测试、系统仿真迭代等研发全流程，直观感受企业底层技术研发实力与产业化推进进度。调研过程中，领导重点关注全铁液流电池本征安全、超长循环、电解液可回收复用等差异化特点，细致询问产品适配风光大基地、电网调峰、零碳园区等场景的落地条件，结合安宁市绿色能源禀赋与产业布局，围绕储能项目导入、新材料产业协同、后续落地合作方向开展现场交流。安宁市拥有扎实的工业产业基础，绿电资源富集，正在大力布局新型储能产业。本次实地参观，让安宁市代表团近距离观摩全铁液流长时储能技术的创新优势与产业化能力，为后续政企对接、项目落地、产业资源联动打下良好基础。未来各方将持续保持沟通，积极探索技术示范、产业协同的合作空间，助力把地方绿色资源优势转化为产业发展动能。云南省科技厅副厅长何革伟带队考察感受企业硬核创新能力，推动前沿储能技术8月20日，云南省科技厅党组成员、副厅长何革伟带队到访巨安储能产业研究院开展专题调研考察，聚焦长时储能前沿技术创新、科技成果转化、产业示范落地开展深度交流。巨安储能常务副总经理易晋在企业展厅向考察团详细介绍巨安储能发展历程、全铁液流电池全球原始创新技术路线、全链条国产化研产布局，系统讲解电解液、电堆、储能管控系统等核心自研产品，介绍已落地兆瓦级储能项目运行成效，展示面向风光电站、电网调峰、零碳园区的一体化长时储能解决方案。随后，考察团走进研发实验室，实地察看实验平台运行情况，深入了解材料配方研发、电堆性能测试、系统仿真优化等研发环节，细致问询技术知识产权布局、产品迭代路径、产业化推进节奏，直观感受企业硬核原始创新能力。实地参观结束后，双方召开专题座谈会。座谈会上，何革伟副厅长充分肯定巨安储能在碱性全铁液流长时储能领域的技术突破，指出云南绿电资源禀赋突出，新能源产业规模持续扩张，对于安全、经济的长时储能技术存在巨大现实应用需求，全铁液流电池本征安全、长循环、电解液可回收复用的技术特征，与云南新型电力系统建设高度契合。双方围绕长时储能科技成果落地转化、科创政策对接、示范项目打造、产学研协同、产业链资源联动等议题展开务实研讨。就如何依托云南丰富绿电场景，推动前沿储能技术实现示范应用，打通从技术研发到本地产业化落地的通道交换意见，为后续科创资源对接、项目合作奠定坚实基础。云南正大力培育绿色能源领域新质生产力，本次调研搭建起政企高效沟通的桥梁。后续，巨安储能将持续加强与云南省科技厅的对接联动，积极探索技术示范、成果转化多元合作模式，助力云南把绿色能源资源优势转化为产业发展优势。CFE2026第七届中国液流电池储能大会议程（8月10日更新）近期热点及活动1、议程发布！CFE2026第七届中国液流电池储能大会9月17-18日即将重磅开启！液流电池至暗时刻？or商业化拐点成人礼？2、7.6GWh！含11个全钒液流，云南发改委、能源局发布2026年共享储能项目清单3、官宣定档！朝圣之旅，9月17-18日CFE2026第七届中国液流电池储能大会相约大连！参展、演讲、参会报名正式启动！4、AI的尽头是储能与电力！CFE2026第六届中国液流电池储能大会圆满落幕，新型储能“转正”从电力“配角”到六大新兴支柱产业进阶5、突破迎关键临界点！全球旗舰盛会—CFE2025第五届中国液流电池储能大会暨2024-2025年度液流品牌颁奖盛典圆满落幕6、获奖名单及终版议程发布！CFE2025第五届中国液流电池储能大会暨品牌颁奖盛典9月19-20日武汉盛大召开7、共筑全产业链生态繁荣！全球风向—CFE2025第四届中国液流电池储能大会、中国液流电池青年科学家论坛圆满落幕8、晚宴名单、参会总名单、终版议程发布｜CFE2025第四届中国液流电池储能大会3月3日盛大开幕9、全国首个！四川出台钒电池储能产业专项政策每月6日活动日，群内成员全开放1天近日，新能源产业赛事捷报频传、政企交流高效密集。巨安储能参加由云南省科技厅党组书记、厅长高俊主持的长三角企业家座谈会，并亮相2026“彩云汇”科创大赛长三角赛区复赛,,,,pending
绿电直连全面扩围，全钒液流储能站上产业风口,全球液流电池储能,全球液流电池储能,"RIOnews API, 长时储能, 液流电池, 产品发布, 发布, 官宣",normal,2026-08-23T09:00:00+08:00,,9月大连液流大会扫码即刻报名 据全球液流电池网获悉，2026年，绿电直连政策全面升级。国家发展改革委、国家能源局联合印发《关于有序推动多用户绿电直连发展有关事项的通知》（发改能源〔2026〕688号），标志着绿电直供正式从“单体工厂时代”进入“产业集群时代”—一个新能源项目可通过专用线路同时向多个不同法人主体供电，覆盖工业园区、高耗能企业、数据中心、零碳园区等场景。国家能源局明确：“新型储能在绿电直连项目源荷匹配、提升新能源消纳水平等方面发挥至关重要作用”。绿电直连政策全面扩围，储能成项目“刚需”多用户绿电直连的本质，是一个高度依赖“源网荷储协同”的局域能源系统。文件明确要求项目“应通过合理配,http://mp.weixin.qq.com/s?__biz=Mzg3NjcyNzE4Nw==&mid=2247578138&idx=2&sn=99971086b52bf4688618e15ffc879d7c,,9月大连液流大会扫码即刻报名 据全球液流电池网获悉，2026年，绿电直连政策全面升级。国家发展改革委、国家能源局联合印发《关于有序推动多用户绿电直连发展有关事项的通知》（发改能源〔2026〕688号），标志着绿电直供正式从“单体工厂时代”进入“产业集群时代”—一个新能源项目可通过专用线路同时向多个不同法人主体供电，覆盖工业园区、高耗能企业、数据中心、零碳园区等场景。国家能源局明确：“新型储能在绿电直连项目源荷匹配、提升新能源消纳水平等方面发挥至关重要作用”。绿电直连政策全面扩围，储能成项目“刚需”多用户绿电直连的本质，是一个高度依赖“源网荷储协同”的局域能源系统。文件明确要求项目“应通过合理配,9月大连液流大会扫码即刻报名 据全球液流电池网获悉，2026年，绿电直连政策全面升级。国家发展改革委、国家能源局联合印发《关于有序推动多用户绿电直连发展有关事项的通知》（发改能源〔2026〕688号），标志着绿电直供正式从“单体工厂时代”进入“产业集群时代”—一个新能源项目可通过专用线路同时向多个不同法人主体供电，覆盖工业园区、高耗能企业、数据中心、零碳园区等场景。国家能源局明确：“新型储能在绿电直连项目源荷匹配、提升新能源消纳水平等方面发挥至关重要作用”。绿电直连政策全面扩围，储能成项目“刚需”多用户绿电直连的本质，是一个高度依赖“源网荷储协同”的局域能源系统。文件明确要求项目“应通过合理配置储能、提升集控管理能力、挖掘负荷灵活调节潜力、开展多能互补等方式，提升就近消纳能力”。长时储能正从新能源的“配套设备”走向绿电直连项目的“系统核心”。目前，全国已有100多个绿电直连项目完成审批，对应新能源总装机规模3410万千瓦。各地加速跟进：内蒙古：印发单一用户及多用户绿电直连实施方案，明确鼓励项目“通过配置储能、挖掘负荷灵活调节潜力等方式，提升自平衡、自调节能力”。适用范围覆盖新增负荷、氢基绿色燃料、出口外向型企业、国家枢纽节点数据中心、国家级零碳园区等七类场景。山东：已批复实施7个绿电直连项目，印发《关于加强和规范绿电直连发展的通知》，从优化管理、加大政策支持、规范实施三方面提出11项措施。2026年新型储能装机目标达1500万千瓦。四川：印发《四川省有序推动绿电直连发展实施细则（试行）》，明确离网型项目“新能源与储能配置应满足负荷安全稳定用电需求”。甘肃：规划推动一批绿电直连场景项目，推广虚拟电厂、智能微电网等新型用能模式。广东：加快建设零碳园区，“因地制宜发展绿电直连、新能源就近接入增量配电网等绿色电力直接供应模式”。青海：省级零碳园区建设方案明确“因地制宜发展绿电直连、增量配电网、智能微电网等新型绿色电力供应模式”，支持“多元新型储能”。休息一下，看个广告全钒液流：绿电直连场景的“理想储能伴侣”绿电直连项目要求储能兼具安全性、长时性、高可靠性与环境适应性——这正是全钒液流电池的天然优势：· 本质安全，匹配园区近距离部署水系电解液从根本上杜绝燃烧爆炸风险。在易燃易爆的化工环境中，全钒液流电池的安全性已获充分验证。· 长时储能，匹配绿电“昼盈夜缺”储能时长4-24小时灵活可调，可将光伏日间发电存储后供夜间使用，实现绿电全时段稳定供应。· 超长寿命，全生命周期经济性优越循环寿命超25000次，系统设计寿命长达20年以上，完美匹配园区、数据中心等长周期运营需求。· 毫秒级响应，保障生产稳定全钒液流电池毫秒级的功率响应速度，能彻底解决可再生能源波动对工业生产的影响。这些特性使全钒液流电池成为零碳园区、数据中心、工业园区绿电直连等场景的理想储能选择。液流储能科技，全速响应绿电直连万亿市场液流储能科技有限公司已构建起覆盖全钒电解液制备、电堆智造、嵌入式BMS系统开发、系统集成、储能电站建设与运维的完整全产业链能力，深度参与多个绿电直连及零碳园区项目，助力工业园区、数据中心、算力设施等场景实现绿电直供+长时储能一体化解决方案落地。“十五五”大幕已启，绿电直连万亿蓝海正在打开。液流储能科技将持续聚焦长时储能技术迭代，以绿色智造赋能新型电力系统建设，为“零碳园区、绿电直连、油气储罐储能系统、算电协同”等多元应用场景提供安全、绿色、经济、长时的储能支撑。CFE2026第七届中国液流电池储能大会议程（8月10日更新）近期热点及活动1、议程发布！CFE2026第七届中国液流电池储能大会9月17-18日即将重磅开启！液流电池至暗时刻？or商业化拐点成人礼？2、7.6GWh！含11个全钒液流，云南发改委、能源局发布2026年共享储能项目清单3、官宣定档！朝圣之旅，9月17-18日CFE2026第七届中国液流电池储能大会相约大连！参展、演讲、参会报名正式启动！4、AI的尽头是储能与电力！CFE2026第六届中国液流电池储能大会圆满落幕，新型储能“转正”从电力“配角”到六大新兴支柱产业进阶5、突破迎关键临界点！全球旗舰盛会—CFE2025第五届中国液流电池储能大会暨2024-2025年度液流品牌颁奖盛典圆满落幕6、获奖名单及终版议程发布！CFE2025第五届中国液流电池储能大会暨品牌颁奖盛典9月19-20日武汉盛大召开7、共筑全产业链生态繁荣！全球风向—CFE2025第四届中国液流电池储能大会、中国液流电池青年科学家论坛圆满落幕8、晚宴名单、参会总名单、终版议程发布｜CFE2025第四届中国液流电池储能大会3月3日盛大开幕9、全国首个！四川出台钒电池储能产业专项政策每月6日活动日，群内成员全开放1天2026年，绿电直连政策全面升级。国家发展改革委、国家能源局联合印发《关于有序推动多用户绿电直连发展有关事项的通知》（发改能源〔2026〕688号），标志着绿电直供正式从“单体工厂时代”进入“产业集群时代”,,,,pending
从“种子萌芽”到“参天大树”：这家“金融服务型孵化器”的孵化之路,全球液流电池储能,全球液流电池储能,"RIOnews API, 长时储能, 液流电池, 产品发布, 发布, 官宣, 合作进展, 融资, 投资, 合作",normal,2026-08-23T09:00:00+08:00,,9月大连液流大会扫码即刻报名 据全球液流电池网获悉，孵化器是培育科创企业、孕育创新成果的重要载体，而优质的科技金融服务，则是科创企业穿越成长周期、跨越融资鸿沟的关键支撑。近日，成都市科学技术局公布科技型企业孵化器运营绩效评估结果，成都高投盈创动力投资发展有限公司（以下简称“盈创动力”）运营的“盈创动力科技金融服务平台”（以下简称“科技金融平台”）获评成都市“标准型孵化器”。值得关注的是，该平台作为“金融服务型孵化平台”在此次评选中脱颖而出。这不仅仅是一块牌匾。在孵化器评价体系“重规模”向“重质量”的转型背景下，此次获评既是对盈创动力运营能力、专业服务水平和成果转化成效的权威认可，也是对其区域科,http://mp.weixin.qq.com/s?__biz=Mzg3NjcyNzE4Nw==&mid=2247578138&idx=7&sn=fd6c4f9275683f9d082034515463d6f1,,9月大连液流大会扫码即刻报名 据全球液流电池网获悉，孵化器是培育科创企业、孕育创新成果的重要载体，而优质的科技金融服务，则是科创企业穿越成长周期、跨越融资鸿沟的关键支撑。近日，成都市科学技术局公布科技型企业孵化器运营绩效评估结果，成都高投盈创动力投资发展有限公司（以下简称“盈创动力”）运营的“盈创动力科技金融服务平台”（以下简称“科技金融平台”）获评成都市“标准型孵化器”。值得关注的是，该平台作为“金融服务型孵化平台”在此次评选中脱颖而出。这不仅仅是一块牌匾。在孵化器评价体系“重规模”向“重质量”的转型背景下，此次获评既是对盈创动力运营能力、专业服务水平和成果转化成效的权威认可，也是对其区域科,9月大连液流大会扫码即刻报名 据全球液流电池网获悉，孵化器是培育科创企业、孕育创新成果的重要载体，而优质的科技金融服务，则是科创企业穿越成长周期、跨越融资鸿沟的关键支撑。近日，成都市科学技术局公布科技型企业孵化器运营绩效评估结果，成都高投盈创动力投资发展有限公司（以下简称“盈创动力”）运营的“盈创动力科技金融服务平台”（以下简称“科技金融平台”）获评成都市“标准型孵化器”。值得关注的是，该平台作为“金融服务型孵化平台”在此次评选中脱颖而出。这不仅仅是一块牌匾。在孵化器评价体系“重规模”向“重质量”的转型背景下，此次获评既是对盈创动力运营能力、专业服务水平和成果转化成效的权威认可，也是对其区域科创金融探索路径的官方背书。乘着成都市“立园满园”行动部署的东风，盈创动力坚持数字化与专业化双向发力，构建起贯通企业全生命周期的综合服务网络，让金融资源精准浇灌科创企业，为区域创新创业生态持续赋能。资本聚势：让项目与资本“零距离握手”如果说孵化器的核心功能是链接，那么科技金融平台的独特之处在于——它把资本、项目与服务汇聚于同一生态之中。平台聚焦“投贷联动”一体贯通，构建起债权融资与股权融资双轮驱动的资本集聚高地。轻资产、缺抵押，是科技型中小微企业融资路上最常遇到的“拦路虎”。为了破解这一难题，平台多管齐下：一方面创新“投贷联动”模式，让技术创新的“轻资产”也能换来融资的“重支持”；另一方面引入创新积分授信机制，并面向初创小微企业推出“立园满园”园区批量授信，保底额度100万元，让更多“零信贷”企业拿到第一笔钱。截至目前，政策性贷款产品已累计帮助3712家科创企业获得信贷融资172亿元；“立园满园”金融服务累计授信72家，为19家企业放款超1亿元。债权解决的是“活下去”的燃眉之急，股权解决的则是“长得大”的长远之需。平台构建起“资助—种子—天使—创投—产投—并购”的接力式资本支持体系——从企业还只是一份商业计划书的时候就开始陪伴，一直到它走向资本市场。在这条资本链上，线上AI资本助手依托资金链条动向及资本数据分析，提升资本与项目的对接效率和精准度；线下真人投顾团队与FA公司协同作战，为每一家企业量身定制融资方案。双线并行，让融资对接不再“大海捞针”。自有基金以天使三期基金为代表，累计投资超2.55亿元、投资项目17个；市场化FA服务签约8家企业，提供从商业模式梳理到战略投资人引荐的全周期股权融资赋能。运营满一周年，“创投天府·周周见”已从一场场路演，长成资本与项目双向奔赴的“加速器”。累计举办路演50余场，汇集340余个科创项目，组织50余家机构定向上门对接，实现14个项目首演即首融，助力64个项目获得融资超19.15亿元。特色主题专场覆盖“金熊猫”创投日硬科技专场、新能源新材料宜宾专场等，让不同赛道的项目都能找到“对的人”。“以前找项目要跑半个城，现在电梯坐两层，好项目就在隔壁。”入驻机构代表表示。以成都天使投资协会为代表的入驻机构，在这里找到了新的工作节奏——“楼上看企业、楼下看路演”。路演厅就在楼下，优质项目就在楼上，投资人不用满城跑，出了电梯就能对接项目、看团队、谈合作。资本与项目的距离，在这里被缩短到“上下楼”之间。产业育林：让企业全周期“根深叶茂”资本浇灌之外，梯度培育体系才是让“树苗”长成“森林”的关键“土壤”。在种子孵化层面，平台运营的政策性种子孵化器已实现“满园”运营，高校转化率达100%。入驻项目来自哈尔滨工业大学、电子科技大学、中科院等高校科研院所，是实打实的“硬科技种子”。平台在这里扮演的角色，是高校成果走出实验室的“第一推手”——从技术评估、团队组建，到种子投资、场地落地，再到后续融资对接，让“实验室里的技术”快速变成“市场上的产品”。晟坤新能的经历便是最佳注脚：这支来自东北大学、四川大学联合组建的创业团队带着“钒液流电池低成本电解液制备技术”走进平台路演时，连公司都尚未注册。经过九个月持续跟踪与资源匹配，晟坤新能获得高新区种子基金400万元投资，正式落地高新区，完成了从“种子萌芽”到“扎根生长”的关键跨越。在加速成长层面，专注UWB超宽带技术的知否瑞达，路演后短短4个月内即获得天使三期数千万元股权投资，并获数百万元“高知贷”债权支持，实现了股权、债权的全链覆盖。“盈创动力不仅对接资本，更提供空间、供应链等全方位支持，是真正的‘成长合伙人’。”知否瑞达创始合伙人感叹道。如今，平台累计培育的企业梯队已初具规模——链主企业1家、规上企业20家、瞪羚企业22家、高新技术企业43家、科技型中小企业50家、省级专精特新企业10家、国家级专精特新“小巨人”2家，从“树苗”到“森林”的成长脉络日渐清晰。休息一下，看个广告服务筑基：以“1+N”体系构建“精准滴灌”新范式物理载体可以复制，但服务体系才是真正的护城河。“1+N”标准化数字化服务体系正是盈创动力给出的破题思路，从服务对象锁定、服务力量整合、服务落地实施三个维度构建了三层联动架构，让规模化服务与个性化培育不再是非此即彼的选择题。数字化是底座，让服务从“泛化走访”走向“数据精准筛企”。平台创新推出盈企服数据中枢，依托大数据智能画像，将服务触角从显性优质企业延伸至广大中小微潜力群体，建立水下企业常态化跟踪培育机制，精准锁定服务对象。目前，平台已汇聚省内超360万家企业数据，设定260余个筛选维度，每月挖掘不少于150家优质企业进行深度服务，动态更新梯度培育储备池。金融服务协同是引擎，让资源从“各自为战”走向“统一调度”。平台以盈创动力科技金融服务平台为核心，打造“8+2”常态化服务资源池，建立“1+N”金融服务团协同矩阵，实现统一受理企业需求、统筹安排资源调度，整合服务力量，为企业打造覆盖全生命周期的闭环融资服务体系。目前，平台已建立670余份企业数字档案、1300余条服务记录，受理服务诉求超130项。科技金融主线与产业生态赋能是血脉，让服务从“单点对接”走向“生态循环”。平台以科技金融服务为主线，围绕股权、债权两大核心融资需求搭建一体化金融服务链条。依托“成新称意”营商环境服务品牌，开展政企高层对接、政策赋能、场景对接、高频办事辅导、产业生态交流沙龙、配套增值服务等系列品牌活动，主动挖掘企业供需，在大厦内部、载体之间牵线搭桥。截至目前，已累计举办活动80余场，服务企业900余家，协调解决投融资、市场拓展等各类诉求73项。正是这套体系，让精准服务不再停留于概念，而是成为贯穿企业全生命周期的常态。资本聚势：让项目与资本“零距离握手”从发掘“种子”团队的耐心，到“投贷联动”的精准，再到跨区域模式的输出——科技金融平台所做的，早已超越了资金撮合的范畴。它以金融为纽带、以数据为底座，构建起覆盖“数字化底座—资本集聚—产业培育—服务创新”的立体服务体系，成为名副其实的“科创枢纽”。其实，这套服务体系的探索并非从零开始——其核心雏形“盈创动力模式”早在2017年就被国务院作为科技金融改革创新经验向全国推广。在此基础上，平台持续迭代升级，逐步形成如今覆盖企业全周期的服务新范式。顶层认可之外，平台也在加速模式输出——如今，已与宜宾三江新区合作共建盈创星能绿色新能源生态创新中心，与雅安经开区联合打造三链智核创新中心，在乐山高新区落地运营高新·创智谷（至乐汇）科技企业孵化器；同时，在成都市郫都区、新津区以及四川省资阳市、内江市等16个地区的政府或国有平台公司建立工作站，在苏州工业园区布局省外工作站。未来，将拓展至大成都范围及成渝地区双城经济圈，形成“立足成都、服务全省、辐射全国”的发展态势。“科创企业的成长，需要‘阳光雨露’，更需要‘长期陪跑’。盈创动力将继续扮演好‘成长合伙人’的角色，以‘盈创星图’为引擎，持续进行数字化创新，让融资匹配实现从‘被动接触’到‘主动服务’的创新发现机制。同时，线下服务团会继续做深‘一对一’把脉，用‘线上精准+线下温度’双轮驱动，跑出科创金融加速度。”盈创动力负责人表示，将以此次获评为契机，扎扎实实做好“高校转化、种子孵化、金融接力”的全链条服务，持续深化“高校创新转化+种子加速孵化+金融接力赋能”全链条服务体系，陪伴企业走好全生命周期每一步。CFE2026第七届中国液流电池储能大会议程（8月10日更新）近期热点及活动1、议程发布！CFE2026第七届中国液流电池储能大会9月17-18日即将重磅开启！液流电池至暗时刻？or商业化拐点成人礼？2、7.6GWh！含11个全钒液流，云南发改委、能源局发布2026年共享储能项目清单3、官宣定档！朝圣之旅，9月17-18日CFE2026第七届中国液流电池储能大会相约大连！参展、演讲、参会报名正式启动！4、AI的尽头是储能与电力！CFE2026第六届中国液流电池储能大会圆满落幕，新型储能“转正”从电力“配角”到六大新兴支柱产业进阶5、突破迎关键临界点！全球旗舰盛会—CFE2025第五届中国液流电池储能大会暨2024-2025年度液流品牌颁奖盛典圆满落幕6、获奖名单及终版议程发布！CFE2025第五届中国液流电池储能大会暨品牌颁奖盛典9月19-20日武汉盛大召开7、共筑全产业链生态繁荣！全球风向—CFE2025第四届中国液流电池储能大会、中国液流电池青年科学家论坛圆满落幕8、晚宴名单、参会总名单、终版议程发布｜CFE2025第四届中国液流电池储能大会3月3日盛大开幕9、全国首个！四川出台钒电池储能产业专项政策每月6日活动日，群内成员全开放1天近日，成都市科学技术局公布科技型企业孵化器运营绩效评估结果，成都高投盈创动力投资发展有限公司（以下简称“盈创动力”）运营的“盈创动力科技金融服务平台”（以下简称“科技金融平台”）获评成都市“标准型孵化器”。,,,,pending
瞄准长时储能规模化，澳大利亚Allegro与宿迁时代储能旗下Jena Batteries达成战略合作,全球液流电池储能,全球液流电池储能,"RIOnews API, 长时储能, 液流电池, 产品发布, 发布, 官宣, 合作进展, 战略合作, 合作",normal,2026-08-23T09:00:00+08:00,,9月大连液流大会扫码即刻报名 据全球液流电池网获悉，据英国科技新闻网站 IT Brief 2026年8月20日报道，澳大利亚长时储能创新企业 Allegro Energy 正式与德国 Jena Batteries 及其母公司宿迁时代储能科技达成战略合作，双方将发挥各自技术与制造优势，合力加速新型液流电池技术的商业化进程，助力全球长时储能产业规模化发展。根据合作协议，本次合作将实现技术与制造能力的深度融合：把 Allegro 自主研发的“水基微乳液电解液核心技术”，与 Jena Batteries 成熟的液流电池电堆制造、系统集成工程能力结合起来。项目将优先在澳大利亚落地示范试点项目，完成技术实,http://mp.weixin.qq.com/s?__biz=Mzg3NjcyNzE4Nw==&mid=2247578138&idx=5&sn=064ee6858b0fbea45055d96ecf71eb7a,,9月大连液流大会扫码即刻报名 据全球液流电池网获悉，据英国科技新闻网站 IT Brief 2026年8月20日报道，澳大利亚长时储能创新企业 Allegro Energy 正式与德国 Jena Batteries 及其母公司宿迁时代储能科技达成战略合作，双方将发挥各自技术与制造优势，合力加速新型液流电池技术的商业化进程，助力全球长时储能产业规模化发展。根据合作协议，本次合作将实现技术与制造能力的深度融合：把 Allegro 自主研发的“水基微乳液电解液核心技术”，与 Jena Batteries 成熟的液流电池电堆制造、系统集成工程能力结合起来。项目将优先在澳大利亚落地示范试点项目，完成技术实,9月大连液流大会扫码即刻报名 据全球液流电池网获悉，据英国科技新闻网站 IT Brief 2026年8月20日报道，澳大利亚长时储能创新企业 Allegro Energy 正式与德国 Jena Batteries 及其母公司宿迁时代储能科技达成战略合作，双方将发挥各自技术与制造优势，合力加速新型液流电池技术的商业化进程，助力全球长时储能产业规模化发展。根据合作协议，本次合作将实现技术与制造能力的深度融合：把 Allegro 自主研发的“水基微乳液电解液核心技术”，与 Jena Batteries 成熟的液流电池电堆制造、系统集成工程能力结合起来。项目将优先在澳大利亚落地示范试点项目，完成技术实战验证之后，逐步向更多海外国家与地区进行市场拓展，推动这套长时储能方案走向全球。Allegro 的水基微乳液电解液采用来源广泛、不易燃的大宗化工原料，摆脱对部分稀缺矿产资源的依赖，适配长时间、高频次深度充放电工况，能够针对性化解传统液流电池在原材料成本、系统安全、综合性能层面的诸多瓶颈，在数据中心、新能源配套长时储能场景具备突出应用潜力。休息一下，看个广告Allegro Energy 首席执行官 Thomas Nann 表示，当前长时储能行业已经跨过 “论证技术必要性” 的阶段，产业核心矛盾转变为“规模化量产制造”。本次战略合作，让企业不必投入巨资自建整套生产产能，直接依托合作方成熟工业化制造平台，为澳大利亚本土创新储能技术实现商业部署打通现实路径。Jena Batteries 方面表示，双方技术与产业能力高度互补，本次合作将为市场打造安全、可规模化、具备成本竞争力的长时储能产品打下坚实基础。作为宿迁时代储能旗下的德国平台，Jena Batteries 拥有丰富的液流电池系统开发、成套装备制造与海外项目落地经验，可以为新技术从实验室走向工程应用提供完整支撑。放眼全球市场，AI 算力驱动之下，数据中心等高波动负荷场景对长时储能的需求迎来爆发式增长。液流电池凭借可深度反复充放电、安全可控、寿命长的固有优势，越来越多被数据中心、风光大基地项目所采纳。本次跨国合作，打通 “海外前沿电解液技术 + 国内系统制造能力” 的协同模式，也为全球长时储能技术商业化提供新的发展范式。CFE2026第七届中国液流电池储能大会议程（8月10日更新）近期热点及活动1、议程发布！CFE2026第七届中国液流电池储能大会9月17-18日即将重磅开启！液流电池至暗时刻？or商业化拐点成人礼？2、7.6GWh！含11个全钒液流，云南发改委、能源局发布2026年共享储能项目清单3、官宣定档！朝圣之旅，9月17-18日CFE2026第七届中国液流电池储能大会相约大连！参展、演讲、参会报名正式启动！4、AI的尽头是储能与电力！CFE2026第六届中国液流电池储能大会圆满落幕，新型储能“转正”从电力“配角”到六大新兴支柱产业进阶5、突破迎关键临界点！全球旗舰盛会—CFE2025第五届中国液流电池储能大会暨2024-2025年度液流品牌颁奖盛典圆满落幕6、获奖名单及终版议程发布！CFE2025第五届中国液流电池储能大会暨品牌颁奖盛典9月19-20日武汉盛大召开7、共筑全产业链生态繁荣！全球风向—CFE2025第四届中国液流电池储能大会、中国液流电池青年科学家论坛圆满落幕8、晚宴名单、参会总名单、终版议程发布｜CFE2025第四届中国液流电池储能大会3月3日盛大开幕9、全国首个！四川出台钒电池储能产业专项政策每月6日活动日，群内成员全开放1天澳大利亚长时储能创新企业 Allegro Energy 正式与德国 Jena Batteries 及其母公司宿迁时代储能科技达成战略合作，双方将发挥各自技术与制造优势，合力加速新型液流电池技术的商业化进程，助力全球长时储能产业规模化发展。,,,,pending
塬上潮涌满目新——庆阳市西峰区上半年经济社会发展综述,全球液流电池储能,全球液流电池储能,"RIOnews API, 长时储能, 液流电池, 产品发布, 发布, 全新, 官宣, 量产推进, 产能, 竣工",normal,2026-08-23T09:00:00+08:00,,9月大连液流大会扫码即刻报名 据全球液流电池网获悉，秋日的董志塬，到处是赶工的身影、奋进的节奏：重点项目工地施工正酣，建设者以“秋季攻坚”的劲头抢工期、赶进度；工业企业厂房车间机声隆隆，产品源源不断走下生产线、销往市场；老旧小区、雨污管网改造等民生实事紧锣密鼓推进，整座城市洋溢着向上的朝气与活力……今年以来，西峰区锚定陇东综合能源化工基地和全国AI标杆城市建设目标，在项目建设、产业培育、招商引资、城市建管等重点工作上集中发力，交出了一份成色好、分量足的“半年答卷”。上半年，全区地区生产总值达156亿元、同比增长3.5%，固定资产投资54.7亿元、同比增长33.2%。这份“十五五”开局成绩单，为,http://mp.weixin.qq.com/s?__biz=Mzg3NjcyNzE4Nw==&mid=2247578138&idx=6&sn=32fd528274fa89147f1d10c3cf486018,,9月大连液流大会扫码即刻报名 据全球液流电池网获悉，秋日的董志塬，到处是赶工的身影、奋进的节奏：重点项目工地施工正酣，建设者以“秋季攻坚”的劲头抢工期、赶进度；工业企业厂房车间机声隆隆，产品源源不断走下生产线、销往市场；老旧小区、雨污管网改造等民生实事紧锣密鼓推进，整座城市洋溢着向上的朝气与活力……今年以来，西峰区锚定陇东综合能源化工基地和全国AI标杆城市建设目标，在项目建设、产业培育、招商引资、城市建管等重点工作上集中发力，交出了一份成色好、分量足的“半年答卷”。上半年，全区地区生产总值达156亿元、同比增长3.5%，固定资产投资54.7亿元、同比增长33.2%。这份“十五五”开局成绩单，为,9月大连液流大会扫码即刻报名 据全球液流电池网获悉，秋日的董志塬，到处是赶工的身影、奋进的节奏：重点项目工地施工正酣，建设者以“秋季攻坚”的劲头抢工期、赶进度；工业企业厂房车间机声隆隆，产品源源不断走下生产线、销往市场；老旧小区、雨污管网改造等民生实事紧锣密鼓推进，整座城市洋溢着向上的朝气与活力……今年以来，西峰区锚定陇东综合能源化工基地和全国AI标杆城市建设目标，在项目建设、产业培育、招商引资、城市建管等重点工作上集中发力，交出了一份成色好、分量足的“半年答卷”。上半年，全区地区生产总值达156亿元、同比增长3.5%，固定资产投资54.7亿元、同比增长33.2%。这份“十五五”开局成绩单，为全年发展攒足了底气和后劲。项目夯基蓄势聚力近日，在西峰区董志镇董志村，陇东智慧物流园项目建设现场机器轰鸣，打桩机、推土机、运输车轮番作业，工人们有序开展打孔、焊接、土方开挖等施工作业。陇东智慧物流园项目是西峰区立足陕甘宁区位优势打造、辐射西北的现代化智慧物流枢纽，总占地面积161.34亩，总投资约9亿元。园区规划建设智能快递分拣仓库、现代化智能冷链仓库，同步配套酒店办公综合楼、物流电商培训中心等商务服务设施。项目自5月开工以来，施工单位倒排工期，加紧推进。“目前工人正在进行地基处理施工，3号分拣库正在进行桩基施工，4号分拣库已完成桩基施工，进行褥垫层处理，5号分拣库完成桩基施工90%，下一步将进行褥垫层处理，项目预计2027年底竣工。”项目负责人王飞介绍，项目建成投用后，日处理快递能力可达60余万件，带动千余个就业岗位，将有效整合区域零散物流资源，补齐本地现代物流产业短板，为当地商贸物流高质量发展注入强劲动力。一个项目就是一个增长引擎。西峰区树牢“大抓项目”导向，紧跟省、市政策靶向谋划、积极争取，实行县级干部包抓、部门专班推进，强化供排水、燃气、供电等要素保障，及时化解堵点难点，有力保障了同欣轻烃深加工、平庆铁路、G327一级公路等省市列重大项目提速快进。项目建设稳住存量，招商引资拓展增量。西峰区把招商引资作为“一号工程”，紧盯能源、数字、低空、装备、服务五大经济板块，精准开展以商招商、节会招商、平台招商，引进一批科技含量高、投资强度大、带动能力强的优质企业。今年前7个月，全区新签约项目52个，完成省外到位资金263.6亿元，同比增长155.4%，占全市一半以上。招商引来项目，服务留住企业。西峰区充分发挥落地办职能，推行帮办、领办、代办极速响应机制，从项目洽谈、签约、落地、投产各环节提供一对一“保姆式”服务，让企业安心创业、舒心投资、放心发展。营商环境持续优化，项目推进不断提速。茂昌弘等项目顺利建成投产，天然气提氦与储备调峰一体化、昌达30万吨醇醚、苹果智慧分选仓储中心等重点项目稳步推进……上半年全区实施500万元以上项目99个，完成投资79.6亿元，同比增长4.1%。项目筑底、招商蓄力、服务护航，西峰区高质量发展之路越走越宽。产业培强向新发力在寰泰卓钒材料（甘肃）有限公司生产车间，生产线有序运转，各类高纯钒产品稳定产出，产能产值稳步提升。寰泰卓钒年产2万立方米钒电解液及3000吨高纯原料生产线项目位于西峰工业园区，总投资5.2亿元。项目分两期建设，一期建设年产3000吨高纯氧化钒原料生产线及配套辅助服务工程项目；二期建设年产2万立方米钒电解液生产线及配套辅助服务工程项目，一期项目已于今年2月建成试生产。“目前我们生产的高纯钒有99%、99.5%A、99.5%B三种规格，高纯的五氧化二钒主要应用于全钒液流电池电解液的制备及化工、航空航天等相关领域。”寰泰储能股份有限公司电解液事业部总监汪大成介绍，截至7月底，已累计生产高纯五氧化二钒650吨，产值6500万元。预计今年总产量达1500吨，产值1.5亿元。该项目的投产运营，是西峰区布局新能源化工产业的有力实践。产业兴则经济强。西峰区紧扣工业主导型城市发展定位，以工业园区为载体，重点布局油气化工、精细化工、装备制造及新能源化工等产业。全力推进同欣轻烃深加工、寰泰钒电解液、龙源生物制气化耦合、华力氯酸盐等重点项目建设，不断延伸油气深加工产业链，构建起油气综合利用、精细化工、新材料、绿色化工协同发展的产业体系，推动能源化工产业高质量发展。休息一下，看个广告在培优做强化工产业的同时，西峰区主动抢抓产业变革机遇，聚焦新质生产力培育，大力发展新兴产业。依托“东数西算”国家战略机遇，将数字经济作为核心发力点，精准开展产业链招商，引进一批高技术、高带动的数字产业项目。甘肃诚龙信息科技有限公司便是当地依托数字经济招引的企业，由诚迈科技股份有限公司联合多家企业共同出资组建，项目从签约到投产仅用时4个月。目前，企业计算机整机生产线已实现稳定量产。满负荷生产，年产能可达8万台以上。围绕数字经济产业发展，西峰区持续强化东数西算产业园区要素保障，稳步推进超算科技、移动二期、智慧蓝图等重点项目建设，精准赋能金山云、西甲智云、京合云等入驻企业稳健发展，持续集聚数字产业势能、壮大数字产业集群。依托优质算力与空域资源，西峰区积极布局低空经济新赛道，多点发力培育产业新业态。通过精准招商引进峰鹰智航、北斗伏羲等企业，搭建集研发制造、运营服务、数据应用于一体的全链条产业生态。借力甘肃低空政务示范县建设契机，建成全省首个、西北领先的低空经济综合服务中心，搭建“1+8+N”产业发展架构，秉持底座、研发、制造、展示、应用、服务“六位一体”发展思路，高标准打造“一网统飞、一网统管”智慧管控平台，不断开拓物流、能源、农业、应急、文旅等多元应用场景，孵化低空救援、低空物流等全新业态，持续抢占西北低空经济产业发展制高点，培育区域经济高质量发展新引擎。城市更新提质换颜街巷整洁通透、景致错落有致、楼宇品质升级……行走在西峰城区，处处皆是城市迭代更新的生动图景。立足现代化人民城市建设目标，西峰区坚持建管并重、提质惠民，以城市更新为抓手，持续完善城市功能、美化城市风貌、优化人居环境，让城市既有“颜值”更有“温度”，群众幸福感、获得感、归属感持续攀升。老旧小区是城市的“老旧肌理”，也是民生改善的关键落点。走进庆阳一中2号家属院，平整干净的楼道、焕然一新的外墙、规范整齐的停车位映入眼帘，整体环境整洁有序，很难想象这里曾经破败杂乱的模样。在此居住了20余年的居民屈永峰，真切见证了小区的蝶变。“过去小区设施老化严重，外墙斑驳破损，院子里的煤房挤占空间，道路狭窄拥堵，车辆通行非常困难。”屈永峰说道。如今，老旧设施全面更新、煤房全部拆除、停车场落地投用，门禁安防系统同步配齐，楼道敞亮整洁、停车井然有序，老旧小区彻底告别“脏乱差”，实现了颜值与品质同步提升。一个小区的蜕变，是西峰区推进城市更新、补齐民生短板的生动缩影。今年全区计划实施4个老旧小区改造项目，覆盖庆化一区等122个小区、惠及6135户居民，目前已改造完成3个，2981户居民居住环境得到有效改善。在推进老旧小区提质的同时，西峰区抢抓城市“六网”建设机遇，扎实推进城市基础设施提档升级，实施12个基础设施安全提升项目，推进城区燃气设施老化更新、二级供热管网提升、雨污管网分流改造等重点工程，提质改造供热、供气、供排水等各类地下管网，维修检查井、雨水井盖、破损路沿石等市政设施，全方位疏通城市“脉络”，大幅提升城市综合承载能力。城市更新既要完善基础配套，也要拓展发展空间。西峰区加快东郊湖、南湖重点片区开发，以片区突破带动城市品质提升。目前，东湖大酒店、融创大厦、特色商业街区、全民健身中心等项目有序推进，翰林苑、书香锦苑、南湖天境、熙樾府等一批园林式、低密度住宅拔地而起，城市业态不断丰富、功能持续完善。建设提品质，管理保长效。西峰区以全国文明城市创建为契机，聚焦高速出入口、高铁站、机场沿线、主次干道等重点区域，按照“先洗脸、后整容”的思路，闭环开展市容环境整治，常态化推进环卫保洁、园林提升、市政维护，重拳整治乱停乱放、占道经营等顽疾，城市面貌持续改善。一系列提质改造工程，让西峰区城市面貌焕然一新、功能更加补齐，一座宜居宜业的现代化新城正徐徐成型。西峰区将持续推进城市更新提质，激活发展内生动力，打造精致精美的现代化城市。CFE2026第七届中国液流电池储能大会议程（8月10日更新）近期热点及活动1、议程发布！CFE2026第七届中国液流电池储能大会9月17-18日即将重磅开启！液流电池至暗时刻？or商业化拐点成人礼？2、7.6GWh！含11个全钒液流，云南发改委、能源局发布2026年共享储能项目清单3、官宣定档！朝圣之旅，9月17-18日CFE2026第七届中国液流电池储能大会相约大连！参展、演讲、参会报名正式启动！4、AI的尽头是储能与电力！CFE2026第六届中国液流电池储能大会圆满落幕，新型储能“转正”从电力“配角”到六大新兴支柱产业进阶5、突破迎关键临界点！全球旗舰盛会—CFE2025第五届中国液流电池储能大会暨2024-2025年度液流品牌颁奖盛典圆满落幕6、获奖名单及终版议程发布！CFE2025第五届中国液流电池储能大会暨品牌颁奖盛典9月19-20日武汉盛大召开7、共筑全产业链生态繁荣！全球风向—CFE2025第四届中国液流电池储能大会、中国液流电池青年科学家论坛圆满落幕8、晚宴名单、参会总名单、终版议程发布｜CFE2025第四届中国液流电池储能大会3月3日盛大开幕9、全国首个！四川出台钒电池储能产业专项政策每月6日活动日，群内成员全开放1天秋日的董志塬，到处是赶工的身影、奋进的节奏：重点项目工地施工正酣，建设者以“秋季攻坚”的劲头抢工期、赶进度；工业企业厂房车间机声隆隆，产品源源不断走下生产线、销往市场；,,,,pending
钒液流储能链主企业到访楚雄 大连融科与金江能源共探长时储能产业新机遇,全球液流电池储能,全球液流电池储能,"RIOnews API, 长时储能, 液流电池, 产品发布, 发布, 官宣, 合作进展, 融资, 投资, 合作",normal,2026-08-23T09:00:00+08:00,,9月大连液流大会扫码即刻报名 据全球液流电池网获悉，8月20日，大连融科储能集团股份有限公司副总裁、大连融科储能技术有限公司总经理王晓丽一行到访楚雄州金江能源集团有限公司，双方围绕“全钒液流长时储能产业落地、项目共建、产业链协同”开展深度座谈交流。楚雄市人民政府、云南红塔银行楚雄分行、富滇银行楚雄分行相关负责人，以及金江能源集团领导共同参与本次座谈。作为全钒液流电池领域全球链主企业，大连融科储能完整掌握从钒电解液、电堆、系统集成到运维服务的全链条自主知识产权，在长时储能系统研发、大型电站工程实施、高海拔场景适配方面积累大量产业化实践经验，国内众多百兆瓦级全钒液流共享储能项目均采用其成套技术与装,http://mp.weixin.qq.com/s?__biz=Mzg3NjcyNzE4Nw==&mid=2247578138&idx=1&sn=f528473c6fed3677f1d1e9979576a449,,9月大连液流大会扫码即刻报名 据全球液流电池网获悉，8月20日，大连融科储能集团股份有限公司副总裁、大连融科储能技术有限公司总经理王晓丽一行到访楚雄州金江能源集团有限公司，双方围绕“全钒液流长时储能产业落地、项目共建、产业链协同”开展深度座谈交流。楚雄市人民政府、云南红塔银行楚雄分行、富滇银行楚雄分行相关负责人，以及金江能源集团领导共同参与本次座谈。作为全钒液流电池领域全球链主企业，大连融科储能完整掌握从钒电解液、电堆、系统集成到运维服务的全链条自主知识产权，在长时储能系统研发、大型电站工程实施、高海拔场景适配方面积累大量产业化实践经验，国内众多百兆瓦级全钒液流共享储能项目均采用其成套技术与装,9月大连液流大会扫码即刻报名 据全球液流电池网获悉，8月20日，大连融科储能集团股份有限公司副总裁、大连融科储能技术有限公司总经理王晓丽一行到访楚雄州金江能源集团有限公司，双方围绕“全钒液流长时储能产业落地、项目共建、产业链协同”开展深度座谈交流。楚雄市人民政府、云南红塔银行楚雄分行、富滇银行楚雄分行相关负责人，以及金江能源集团领导共同参与本次座谈。作为全钒液流电池领域全球链主企业，大连融科储能完整掌握从钒电解液、电堆、系统集成到运维服务的全链条自主知识产权，在长时储能系统研发、大型电站工程实施、高海拔场景适配方面积累大量产业化实践经验，国内众多百兆瓦级全钒液流共享储能项目均采用其成套技术与装备。全钒液流电池凭借本征安全、循环寿命长、电解液可循环复用、适配4‑10小时长时充放电等突出优势，十分契合云南高原新能源基地调峰消纳需求，是当地新型电力系统建设的重要技术路线。楚雄州是西南地区新能源战略高地，新能源装机、储能建设规模位居云南省前列，正全力打造全省新能源发展示范区、源网荷储协调发展示范区、新型电力系统示范区三大标杆。当地钒钛资源储备丰厚，同时风光资源富集，已经落地云南省首个投产的禄丰100MW/400MWh全钒液流储能项目，在全钒液流电站建设运营方面形成本地实践经验，具备发展钒储能产业得天独厚的资源与工程基础。金江能源集团作为楚雄本地能源平台，深度参与区域风光基地、全钒液流储能项目投资建设运营，持续推动钒资源就地转化为储能产业优势。休息一下，看个广告座谈会上，各方结合楚雄新能源基地实际情况，就全钒液流独立共享储能开发、高海拔工况下装备适配、产业链延链补链、项目投融资模式、金融配套支持等议题充分交换意见。大连融科介绍了新一代全钒液流系统技术迭代成果、大型储能电站建设经验，结合楚雄本地资源条件探讨后续潜在合作方向；地方政府及两家本地金融机构，就储能项目落地的要素保障、绿色金融产品支撑发表意见。参会各方一致认为，楚雄风光资源、钒资源与大连融科的全钒液流核心技术能够形成高效互补。各方将充分释放各自在资源、平台、技术、资本、金融方面的优势，积极探索项目共建、技术合作、产业协同的可行路径，合力推动全钒液流长时储能规模化落地，助力本地风光新能源消纳，为区域绿色能源产业融合发展、新型电力系统建设贡献力量。CFE2026第七届中国液流电池储能大会议程（8月10日更新）近期热点及活动1、议程发布！CFE2026第七届中国液流电池储能大会9月17-18日即将重磅开启！液流电池至暗时刻？or商业化拐点成人礼？2、7.6GWh！含11个全钒液流，云南发改委、能源局发布2026年共享储能项目清单3、官宣定档！朝圣之旅，9月17-18日CFE2026第七届中国液流电池储能大会相约大连！参展、演讲、参会报名正式启动！4、AI的尽头是储能与电力！CFE2026第六届中国液流电池储能大会圆满落幕，新型储能“转正”从电力“配角”到六大新兴支柱产业进阶5、突破迎关键临界点！全球旗舰盛会—CFE2025第五届中国液流电池储能大会暨2024-2025年度液流品牌颁奖盛典圆满落幕6、获奖名单及终版议程发布！CFE2025第五届中国液流电池储能大会暨品牌颁奖盛典9月19-20日武汉盛大召开7、共筑全产业链生态繁荣！全球风向—CFE2025第四届中国液流电池储能大会、中国液流电池青年科学家论坛圆满落幕8、晚宴名单、参会总名单、终版议程发布｜CFE2025第四届中国液流电池储能大会3月3日盛大开幕9、全国首个！四川出台钒电池储能产业专项政策每月6日活动日，群内成员全开放1天8月20日，大连融科储能集团股份有限公司副总裁、大连融科储能技术有限公司总经理王晓丽一行到访楚雄州金江能源集团有限公司，双方围绕“全钒液流长时储能产业落地、项目共建、产业链协同”开展深度座谈交流。,,,,pending
电池健康度只有90%，循环次数却很低，究竟是谁出了问题？,锂电联盟会长,锂电联盟会长,"RIOnews API, 前沿表征, 工况, 供电, 电池管理系统, 快充",normal,2026-08-23T08:56:05+08:00,,点击上方蓝色关注我们吧如今手机、笔记本、平板、智能手表，还有新能源汽车，几乎都在搭载锂离子电池。设备用得越久，大家对「电池健康度」和「循环次数」这两个参数也愈发关注。不少手机用户看到循环次数持续上涨，便简单将其等同于电池的剩余寿命。但事实上，二者虽存在联系，代表的却是完全不同的概念。循环次数反映的是电池累计的充放电使用总量；电池健康度，则代表电池当前剩余的实际可用容量与综合性能。如果只能依靠一项参数评估电池当下的好坏，电池健康度的参考意义要高于循环次数。打个比方：循环次数相当于汽车的行驶里程，记录一共跑了多少路；电池健康度则对应车辆的实际车况，直接体现当下的整体状态。循环一次，并不等于充电一次,http://mp.weixin.qq.com/s?__biz=Mzg2ODg5MzM5Nw==&mid=2247583551&idx=2&sn=a048400c647c174a9ad0722d2d8b051b,,点击上方蓝色关注我们吧如今手机、笔记本、平板、智能手表，还有新能源汽车，几乎都在搭载锂离子电池。设备用得越久，大家对「电池健康度」和「循环次数」这两个参数也愈发关注。不少手机用户看到循环次数持续上涨，便简单将其等同于电池的剩余寿命。但事实上，二者虽存在联系，代表的却是完全不同的概念。循环次数反映的是电池累计的充放电使用总量；电池健康度，则代表电池当前剩余的实际可用容量与综合性能。如果只能依靠一项参数评估电池当下的好坏，电池健康度的参考意义要高于循环次数。打个比方：循环次数相当于汽车的行驶里程，记录一共跑了多少路；电池健康度则对应车辆的实际车况，直接体现当下的整体状态。循环一次，并不等于充电一次,点击上方蓝色关注我们吧如今手机、笔记本、平板、智能手表，还有新能源汽车，几乎都在搭载锂离子电池。设备用得越久，大家对「电池健康度」和「循环次数」这两个参数也愈发关注。不少手机用户看到循环次数持续上涨，便简单将其等同于电池的剩余寿命。但事实上，二者虽存在联系，代表的却是完全不同的概念。循环次数反映的是电池累计的充放电使用总量；电池健康度，则代表电池当前剩余的实际可用容量与综合性能。如果只能依靠一项参数评估电池当下的好坏，电池健康度的参考意义要高于循环次数。打个比方：循环次数相当于汽车的行驶里程，记录一共跑了多少路；电池健康度则对应车辆的实际车况，直接体现当下的整体状态。循环一次，并不等于充电一次大多数用户都对电池循环次数存在普遍误区，认为手机从 100% 用到自动关机、再从零充满，才算完成一次充电循环。但锂电池的循环次数，并不是按 “充电次数” 计算的。行业统一标准是：累计消耗 100% 电池容量，才算一次完整循环。 举个简单例子：今天电量从 100% 用到 50% 后补满，第二天再次用到 50% 充满，两天累计耗电 100%，系统才会记录为一次循环。苹果设备的电池统计逻辑同样遵循该规则，不需要深度放空电量。日常仅消耗 30%、40% 电量就随手充电，并不会直接增加一次循环。系统会长期累积实际耗电量，达到满额容量后才计入循环次数。这也推翻了 “频繁插电 = 加速电池老化” 的错误认知：多次补电不等于多次循环损耗，日常随用随充，并不会快速消耗电池寿命。电池健康度看的是“还能装多少电”电池健康度通常以最大容量的形式呈现。一块新电池的设计容量假设为5000mAh，那么健康度100%意味着它的可用容量接近设计状态。随着电池发生化学老化，即使系统仍然显示100%充电，实际能够储存的电量也可能已经下降。假设使用一段时间之后，电池健康度变成85%，那么它能够储存的电量大致相当于新电池的85%。原本可以使用10小时的设备，在其他条件相近的情况下，续航自然也会缩短。苹果对iPhone的电池最大容量定义，就是将当前电池容量与新品状态进行比较。随着化学老化不断发生，最大容量会下降，同时设备一次充电能够提供的使用时间也会减少。所以，从用户体验角度来看，健康度更加直接。你真正关心的是手机现在还能使用多久，而不是电池过去到底完成了多少次完整循环。为什么循环次数不能单独判断寿命但要注意，电池老化并不能只看循环次数这单一指标。锂离子电池的衰减，是多重因素共同作用的结果：工作温度、静置电量、充放电深度、充电倍率以及自然存放时间，都会左右电池的老化进程。来自电池大学（Battery University）的资料同样表明，循环充放、工作温度、电池长期维持高电量，是加速锂电池老化的三大关键诱因。这也就解释了一个现实现象：两台一模一样的手机，即便电池循环次数接近，电池健康度也会出现显著差距。同样的循环基数下，如果一位用户只是轻度使用，而另一位经常运行大型游戏、录制视频，还频繁在高温环境下快充，两块电池最终的实际状态会截然不同。其中温度带来的影响尤为突出。高温会加快电池内部副反应发生，直接加剧容量损耗；而电池长期处在高温叠加高电量的条件中，老化负担会进一步加大。所以说，循环次数仅能反映电池的累计使用量，却不足以评判电池当下的真实健康水平。80%健康度为什么经常被提到在讨论手机电池的时候，“80%”几乎已经成为一个非常常见的数字。这并不是说电池一旦下降到79%，第二天就一定无法使用，而是很多厂商会把80%左右作为衡量电池容量衰减的重要参考点。以 iPhone 作为参考，在理想工况下，苹果对电池设定了这样的设计标准：iPhone14 以及更早的机型，经过 500 次完整充放电循环后，电池还可保留 80% 的原始容量；而 iPhone15 及后续新机，这一指标提升至 1000 次完整循环维持 80% 容量。苹果也专门说明，电池的实际表现，还会受日常使用场景、充电习惯等现实条件干扰。这里需要重点留意“理想条件”这个前提。 500 次、1000 次循环并不是电池的寿命阈值，绝不代表循环达到该数值就一定要更换电池，这只是厂商给出的耐久性设计参考。现实中的使用环境各不相同，即便是同样跑了 500 次循环，不同用户手上的电池健康度，也会呈现出不一样的表现。低循环次数，也可能出现明显衰减很多人不知道：哪怕电池循环次数极低，健康度照样会悄悄下降。有些手机几乎不怎么使用、循环次数极少，但长期静置存放、长期处于高温环境，或是常年维持满电高电量状态，电池依旧会持续老化、健康度下跌。这就是容易被忽视的日历老化。锂电池并非只有充放电使用时才会损耗寿命。只要电池处于带电状态，内部微观化学反应就会持续进行，随时间自然发生性能衰减。电池的存放时长、环境温度、长期静置电量，是决定日历老化快慢的三大核心因素，也是很多 “低循环、低健康” 电池的真正原因。这也是为什么一部使用频率并不高的旧手机，电池健康度也可能已经比较低。从这个角度看，单纯追求“少循环”并没有太大意义。真正需要关注的是整个使用环境。高温往往比多充几次电更值得警惕对普通用户而言，养护电池，控温是重中之重。锂电池本身并不排斥常规充电，真正带来额外损耗的，是高温条件下同时进行高负载运行与充电。最典型的场景就是边玩大型游戏边快充，机身温度显著抬升，电池将承受巨大的老化压力。现如今智能手机都搭载完善的电池管理系统，一旦检测到机身过热，设备会主动压低充电功率、限制整机性能，甚至暂停充电，以此保护电池。苹果也提到，设备针对温度、电压的管控策略，正是保护电池及内部元器件的核心手段。所以相比天天纠结循环次数的涨跌，更有实际意义的做法，是尽量不让手机长时间处在高温环境。夏季高温下玩游戏、导航、录制视频等高负载场景，尤其需要留意设备散热。充电到100%是不是伤电池另一个经常引发讨论的问题，就是“手机到底能不能充到100%”。答案并不是简单的可以或者不可以。锂电池在接近满电状态时，其内部承受的电化学压力会增加，因此长期保持满电状态并不属于最理想的保存方式。Apple也提供了优化电池充电等功能，通过减少设备长时间保持满电状态来降低电池老化压力。但这并不意味着每天充到100%就会迅速损坏电池。对于普通用户来说，设备本身的电池管理系统已经承担了大量工作。如果日常确实需要更长续航，正常充满电完全可以使用。真正值得避免的是在高温环境下长时间满电，同时又持续进行高负载任务。到底应该看哪个指标如果手机系统同时提供电池健康度和循环次数，那么可以把两者结合起来看，但优先级应该有所区别。循环次数适合用来判断电池的使用程度。它可以帮助你了解这块电池经历了多少累计放电量，也可以作为评估电池老化趋势的一个参考。电池健康度则更适合判断当前状态。如果循环次数只有几百次，但健康度已经明显下降，那么说明这块电池可能受到了高温、长期高电量、充电方式或者其他因素的影响。反过来，如果循环次数已经比较高，但健康度仍然保持良好，也没有必要仅仅因为数字变大就急着更换电池。换句话说，循环次数是过程数据，电池健康度是结果数据。对于消费者而言，结果往往比过程更加重要。真正延长电池寿命，不需要每天研究数字锂电池属于消耗品，随着时间推移出现容量衰减是正常现象，没有任何设置能够彻底阻止这种变化。真正有意义的是尽可能降低不必要的老化速度。日常使用时，不必为了减少循环次数而刻意不充电，也不需要因为偶尔充到100%就产生焦虑。更加实际的做法是避免长期高温运行，在条件允许时使用设备提供的优化充电功能，同时避免让电池长时间处于极端电量状态。如果设备已经出现明显的续航下降、突然关机、性能受到影响等情况，那么电池健康度就比循环次数更加值得关注。苹果也明确表示，随着可充电电池容量和性能下降，最终可能需要进行电池服务或更换。所以，下次查看手机电池信息时，与其看到“循环次数”不断增加就紧张，不如先看看电池健康度以及实际续航表现。循环次数告诉你电池走了多远，健康度告诉你它现在还剩多少能力。对于普通消费者来说，后者才是更值得长期关注的数字。END点击上方蓝色关注我们吧如今手机、笔记本、平板、智能手表，还有新能源汽车，几乎都在搭载锂离子电池。,,,,pending
比亚迪第二代刀片电池正式外供，获一汽定点,锂电联盟会长,锂电联盟会长,"RIOnews API, 新材料, 碳, 高比能, 硅, 合作进展, 定点, 投资, 比亚迪, 弗迪, 弗迪电池, 铁锂, 磷酸锰铁锂, 锰铁锂, 刀片电池, 产能, GWh, 投产, 签约, 发布, 量产, 落地",normal,2026-08-23T08:56:05+08:00,,点击上方蓝色关注我们吧8月15日，有媒体报道，比亚迪第二代刀片电池已获得一汽红旗下一代纯电平台项目定点，兆瓦闪充技术即将在中国一汽车型上首次搭载。此前，比亚迪第二代刀片电池及兆瓦闪充技术仅应用于比亚迪旗下车型，此次定点意味着该技术正式外供。今年3月，比亚迪正式发布第二代刀片电池。该电池采用磷酸锰铁锂复合正极搭配硅碳复合负极，系统能量密度达到190至210Wh/kg，较第一代提升35%至50%。常温下可实现5分钟充电、9分钟充满，低温零下30度环境下充电时间增加约3分钟。一汽弗迪由中国一汽与弗迪电池合资成立，分别持股49%和51%。公司总投资180亿元，规划三期共45GWh产能。一期15GWh项,http://mp.weixin.qq.com/s?__biz=Mzg2ODg5MzM5Nw==&mid=2247583551&idx=4&sn=e48a340b715df6a72be6604a718d8a1c,,点击上方蓝色关注我们吧8月15日，有媒体报道，比亚迪第二代刀片电池已获得一汽红旗下一代纯电平台项目定点，兆瓦闪充技术即将在中国一汽车型上首次搭载。此前，比亚迪第二代刀片电池及兆瓦闪充技术仅应用于比亚迪旗下车型，此次定点意味着该技术正式外供。今年3月，比亚迪正式发布第二代刀片电池。该电池采用磷酸锰铁锂复合正极搭配硅碳复合负极，系统能量密度达到190至210Wh/kg，较第一代提升35%至50%。常温下可实现5分钟充电、9分钟充满，低温零下30度环境下充电时间增加约3分钟。一汽弗迪由中国一汽与弗迪电池合资成立，分别持股49%和51%。公司总投资180亿元，规划三期共45GWh产能。一期15GWh项,点击上方蓝色关注我们吧8月15日，有媒体报道，比亚迪第二代刀片电池已获得一汽红旗下一代纯电平台项目定点，兆瓦闪充技术即将在中国一汽车型上首次搭载。此前，比亚迪第二代刀片电池及兆瓦闪充技术仅应用于比亚迪旗下车型，此次定点意味着该技术正式外供。今年3月，比亚迪正式发布第二代刀片电池。该电池采用磷酸锰铁锂复合正极搭配硅碳复合负极，系统能量密度达到190至210Wh/kg，较第一代提升35%至50%。常温下可实现5分钟充电、9分钟充满，低温零下30度环境下充电时间增加约3分钟。一汽弗迪由中国一汽与弗迪电池合资成立，分别持股49%和51%。公司总投资180亿元，规划三期共45GWh产能。一期15GWh项目于2024年2月投产，目前已进入稳定量产阶段，产品搭载红旗、奥迪等品牌新能源车型。二期15GWh项目正加快签约和落地开工，三期全部建成后可满足近60万辆新能源汽车的电池配套需求。END,,,,pending
固态电池合集,锂电联盟会长,锂电联盟会长,"RIOnews API, 固态电池, 宁德时代, CATL, 软包, 循环寿命",normal,2026-08-23T08:56:05+08:00,,"点击左上角“锂电联盟会长”，即可关注！END相关阅读：锂离子电池制备材料/压力测试！锂电池自放电测量方法：静态与动态测量法！软包电池关键工艺问题！一文搞懂锂离子电池K值！工艺，研发，机理和专利！软包电池方向重磅汇总资料分享！揭秘宁德时代CATL超级工厂！搞懂锂电池阻抗谱(EIS)不容易,这篇综述值得一看！锂离子电池生产中各种问题汇编！锂电池循环寿命研究汇总（附60份精品资料免费下载）点击左上角“锂电联盟会长”，即可关注！END相关阅读：锂离子电池制备材料/压力测试！锂电池自放电测量方法：静态与动态测量法！",http://mp.weixin.qq.com/s?__biz=Mzg2ODg5MzM5Nw==&mid=2247583551&idx=5&sn=11681d6e7ce0c06c6b075c8f7543b471,,"点击左上角“锂电联盟会长”，即可关注！END相关阅读：锂离子电池制备材料/压力测试！锂电池自放电测量方法：静态与动态测量法！软包电池关键工艺问题！一文搞懂锂离子电池K值！工艺，研发，机理和专利！软包电池方向重磅汇总资料分享！揭秘宁德时代CATL超级工厂！搞懂锂电池阻抗谱(EIS)不容易,这篇综述值得一看！锂离子电池生产中各种问题汇编！锂电池循环寿命研究汇总（附60份精品资料免费下载）点击左上角“锂电联盟会长”，即可关注！END相关阅读：锂离子电池制备材料/压力测试！锂电池自放电测量方法：静态与动态测量法！","点击左上角“锂电联盟会长”，即可关注！END相关阅读：锂离子电池制备材料/压力测试！锂电池自放电测量方法：静态与动态测量法！软包电池关键工艺问题！一文搞懂锂离子电池K值！工艺，研发，机理和专利！软包电池方向重磅汇总资料分享！揭秘宁德时代CATL超级工厂！搞懂锂电池阻抗谱(EIS)不容易,这篇综述值得一看！锂离子电池生产中各种问题汇编！锂电池循环寿命研究汇总（附60份精品资料免费下载）点击左上角“锂电联盟会长”，即可关注！END相关阅读：锂离子电池制备材料/压力测试！锂电池自放电测量方法：静态与动态测量法！",,,,pending
厦门大学乔羽/杨茂林Angew：通过增强阴离子氧化还原反应可逆性强化富锂正极的粒子结构稳定性,锂电联盟会长,锂电联盟会长,"RIOnews API, 前沿表征, 原位, 工况, 新型电解液, 晶格氧, NCM, 高镍, 软包, EMS, 5C, 热失控, 长循环, 循环寿命, 正极材料, 样品",normal,2026-08-23T08:56:05+08:00,,点击上方蓝色关注我们吧【研究重点】富锂层状氧化物（LRLO）有望实现卓越的能量密度（∼1000 Wh kg−1），但结构和化学不稳定性的耦合阻碍了其商业化。虽然阴离子氧化还原反应（ARR）可逆性的原子尺度调控已被广泛探索，但由于前体遗传的有害多孔结构而加剧的中尺度结构退化仍然至关重要但被忽视。该研究提出一套跨尺度协同优化方案，同步实现富锂层状氧化物（LRLO）介观颗粒结构强化与原子尺度电荷补偿稳定。借助氟掺杂调控材料局域电子环境，选择性下调活性 (010) 晶面的表面能，驱动一次颗粒由板状向等轴形貌发生热力学重构。该转变能够消除前驱体遗留的有害孔隙，构筑高致密二次颗粒，大幅加快锂离子输运速率。,http://mp.weixin.qq.com/s?__biz=Mzg2ODg5MzM5Nw==&mid=2247583551&idx=1&sn=916009de63b508e78632ea52487b2c32,,点击上方蓝色关注我们吧【研究重点】富锂层状氧化物（LRLO）有望实现卓越的能量密度（∼1000 Wh kg−1），但结构和化学不稳定性的耦合阻碍了其商业化。虽然阴离子氧化还原反应（ARR）可逆性的原子尺度调控已被广泛探索，但由于前体遗传的有害多孔结构而加剧的中尺度结构退化仍然至关重要但被忽视。该研究提出一套跨尺度协同优化方案，同步实现富锂层状氧化物（LRLO）介观颗粒结构强化与原子尺度电荷补偿稳定。借助氟掺杂调控材料局域电子环境，选择性下调活性 (010) 晶面的表面能，驱动一次颗粒由板状向等轴形貌发生热力学重构。该转变能够消除前驱体遗留的有害孔隙，构筑高致密二次颗粒，大幅加快锂离子输运速率。,"点击上方蓝色关注我们吧【研究重点】富锂层状氧化物（LRLO）有望实现卓越的能量密度（∼1000 Wh kg−1），但结构和化学不稳定性的耦合阻碍了其商业化。虽然阴离子氧化还原反应（ARR）可逆性的原子尺度调控已被广泛探索，但由于前体遗传的有害多孔结构而加剧的中尺度结构退化仍然至关重要但被忽视。该研究提出一套跨尺度协同优化方案，同步实现富锂层状氧化物（LRLO）介观颗粒结构强化与原子尺度电荷补偿稳定。借助氟掺杂调控材料局域电子环境，选择性下调活性 (010) 晶面的表面能，驱动一次颗粒由板状向等轴形貌发生热力学重构。该转变能够消除前驱体遗留的有害孔隙，构筑高致密二次颗粒，大幅加快锂离子输运速率。 与此同时，原子层面氟掺杂强化过渡金属‑氧（TM‑O）共价键，抑制晶格氧过度活化，提升阴离子氧化还原反应（ARR）可逆性。得益于结构与化学的双重协同调控，正极首次库仑效率提升 6.8%，循环性能显著提升：半电池 950 次循环容量保持率可达 88.8%；高电压工况下的安时级全电池历经 1500 次循环，容量维持 96.3%。【研究背景】富锂层状氧化物正极（LRLO）理论能量密度可达约 1000 Wh kg⁻¹，是下一代高能量密度锂离子电池极具潜力的正极材料。但要走向产业化，它需要攻克两大核心难题。 在介观颗粒层面，受前驱体本征多孔结构影响，成品材料的一次颗粒多为板状且无序堆砌，造成二次颗粒内部孔隙多、致密程度不足，直接拉低材料的体积能量密度，同时劣化颗粒机械强度与界面稳定性。而在原子尺度，作为高容量重要来源的阴离子氧化还原反应（ARR）可逆性较差，容易出现晶格氧析出、O‑O 二聚体生成等现象，进一步诱发相变、过渡金属迁移等不可逆结构破坏，带来电压持续衰减。过往大量研究主要聚焦于从原子层面改善阴离子氧化还原的可逆问题，却常常忽略介观颗粒架构劣化带来的负面影响；而颗粒与原子尺度的失效机制互相耦合，会彼此加速材料性能衰减。因此，行业迫切需要一套跨尺度协同改性方案，可以同时兼顾颗粒结构稳定与原子层级电荷补偿调控，而这类一体化设计，在富锂层状氧化物领域依旧属于待突破的研究方向。【图文导读】图1. 粒子架构演变与内部致密性差异图1通过对比不同镍锰比（从高镍NCM到低镍LRLO）的前驱体及其衍生正极材料的截面SEM图像，揭示了LRLO材料的一个关键固有缺陷。随着镍含量降低（特别是当Ni含量低于50%时），前驱体二次颗粒的内部结构会从致密转变为多孔。这种“继承性”的多孔结构在高温烧结后完整地转移到了最终的正极材料中，导致LRLO正极的二次颗粒内部呈现松散、随机的板状一次颗粒堆积，而非NCM材料中紧密、径向排列的致密结构。这种低内部致密性是导致LRLO材料体积能量密度低、机械强度差和界面不稳定的根本原因，是阻碍其商业化的主要瓶颈。因此，调控一次颗粒的形貌以增加内部致密性成为关键。图2. 热力学晶面调控实现形貌重构与内部致密化图 2 结合实验表征与理论计算，阐释氟掺杂驱动一次颗粒由板状向等轴颗粒转变的热力学机理，并给出直接实验依据。原位同步辐射 XRD 结果表明，氟掺杂之后 LRLO 的 (I003)/(I104) 比值明显下降，说明材料不再优先暴露 (001) 晶面。DFT 理论计算进一步揭示内在原因：氟掺杂将高能 (010) 晶面与低能 (001) 晶面的表面能差由 0.213 J m⁻² 降低至 0.049 J m⁻²，抑制材料沿 (001) 方向的各向异性生长，促使更多 (010) 活性晶面暴露。SEM、TEM 形貌观测直观证实，改性后的 LR‑F 样品一次颗粒成功转变为等轴形态；截面表征也证明二次颗粒内部孔隙大幅减少，整体致密性得到提升。该组结果证明，精准调控晶面表面能可以实现一次颗粒形貌重构，有效改善二次颗粒内部致密程度。图3. 晶面暴露比例对Li⁺扩散、压实密度、孔隙率及机械性能的影响图 3 系统展示提升 (010) 晶面占比后材料各项性能的综合改善效果。图 3a 原理示意图表明，更高占比的 (010) 晶面能够构建更短的锂离子传输路径，同时提供更多电化学反应活性位点，加快锂离子迁移动力学。图 3b 倍率测试结果印证了该机制：5C 大倍率条件下，LR‑F 放电容量可达 186.1 mAh g⁻¹，远高于对照组 LR 的 110 mAh g⁻¹。 图 3c 压实密度与电导率测试结果显示，低压条件下 LR‑F 拥有更高的压实密度与电子电导率，反映颗粒排布更加均匀，颗粒间接触更为充分。图 3d 的 SAXS 测试实现孔隙率定量表征，LR‑F 内部孔隙率仅 0.4%，对比原样 LR 的 16.8% 大幅下降，直接佐证材料实现高致密化。图 3e、3f 单颗粒力学测试数据显示，LR‑F 平均破碎力达到 12.02 mN，接近原样 LR（3.06 mN）的 4 倍，致密的颗粒结构显著增强二次颗粒抗压性能与机械稳定性。 综合以上数据可以看出，氟掺杂借助形貌重构，实现了锂离子输运、电子导电、压实特性以及力学性能的同步协同提升。图4. 氟掺杂对晶体结构、电化学行为及电子结构演变的影响图 4 从原子层面解析氟掺杂对晶体结构与电化学行为的调控机理。图 4a 中子粉末衍射结果证实，氟离子成功置换晶格内部的氧离子位点。由图 4b 首次充放电曲线可见，LR‑F 初始库仑效率达到 84.9%，较原始 LR 的 78.1% 提升 6.8%；dQ/dV 曲线中 4.5V 对应的氧氧化响应峰明显弱化，结合原位 OEMS 测试，电池体系氧气释放量大幅降低，证明氟掺杂能够有效抑制不可逆的晶格氧析出。 图 4c 的 O K‑edge sXAS 光谱结果显示，充电至 4.8V 高电位时，LR‑F 内部氧空穴浓度显著更低，晶格氧的过度活化得到约束。图 4d、4e 的 Ni/Mn K‑edge XANES 表征进一步说明，氟掺杂后镍、锰的价态波动范围更大。在总容量基本持平的前提下，Ni、Mn 阳离子氧化还原贡献占比提升，弥补了阴离子氧化还原被抑制所带来的容量损耗，完成电荷补偿机制的重新平衡。图5. Li⁺脱嵌的可逆性与晶格氧行为的关系图5精准表征了晶格氧的可逆演变规律，阐明了其与锂离子再嵌入能力、电池不可逆容量损耗的内在关联。基于固态7Li NMR测试结果（图5a），首次放电至2.0V工况下，改性后的LR-F样品过渡金属层锂离子可逆嵌入占比可达86.5%，远高于原始LR样品的63.1%，充分证明氟掺杂可大幅优化锂离子脱嵌的可逆性。图5b机理示意图明晰了富锂材料不可逆容量的核心成因：晶格氧发生氧化反应后，一部分会以氧气形式永久流失，另一部分会生成可逆氧空穴或不可逆O-O二聚体；其中不可逆的氧二聚体会占据锂离子嵌脱位点，阻碍锂离子可逆回迁，最终造成电池容量不可逆衰减。结合RIXS光谱测试与DFT理论计算结果（图5c）可进一步验证：充放电循环后，LR-F样品中不可逆O-O二聚体（~0 eV）与氧化态晶格氧（~7 eV）的信号强度，均显著低于原始样品。这表明氟掺杂可有效抑制晶格氧的过度活化，同时提升氧还原可逆性，减少陷阱型氧二聚体的生成，从根源上改善锂离子脱嵌可逆性，降低容量损耗。图6. 长期循环稳定性与晶体结构退化差异图6通过长期循环测试和EXAFS结构分析，证明了F掺杂对LRLO材料长期稳定性的显著提升。图6a的充放电曲线和dQ/dV曲线显示，LR-F在300次循环后电压衰减和极化远小于LR。图6b和6c的循环性能表明，LR-F在25°C下循环950次后容量保持率高达88.8%（LR仅65.3%），在55°C下的高温循环稳定性也更为优异。图6d的Mn K-edge EXAFS分析揭示了其结构稳定性的根源：在100次循环后的充电态，LR的Mn-O配位峰显著减弱，Mn-TM配位峰明显增强，表明发生了严重的氧损失和过渡金属迁移；而LR-F的Mn-O和Mn-TM峰变化很小，说明其结构骨架保持完好。图6e-6j的小波变换EXAFS进一步直观地确认了LR-F在循环过程中氧配位信号几乎不变，TM迁移被有效抑制，而LR则经历了剧烈的结构退化。这些结果表明，F掺杂通过增强TM-O共价键，有效抑制了循环过程中的结构退化，从而实现了优异的长期循环稳定性。图7. 长期循环后正极材料的结构与形貌演变图7从多尺度揭示了LR-F在长期循环后保持结构完整性的微观证据。图7a的sXRD精修结果显示，LR在200次循环后出现了4.8%的尖晶石相，而LR-F中未检测到，表明其相变被抑制。图7b的TOF-SIMS Li⁺分布图显示，LR颗粒在充电态内部存在严重的Li⁺不均匀分布，表面富集了惰性/畸变的岩盐相（DRX相），阻碍了Li⁺传输；而LR-F颗粒内部Li⁺分布均匀，仅表面有轻微富集，说明Li⁺脱嵌可逆性更好。图7c和7d的SEM图片直观地显示，300次循环后LR颗粒出现严重碎裂和贯穿性裂纹，而LR-F颗粒仍保持完整，仅有纳米级孔隙。图7e的HAADF-STEM图像揭示了原子尺度的差异：LR颗粒表面形成了明显的岩盐相（d(111)=0.24 nm），而LR-F颗粒仍保持清晰的层状结构（d(003)=0.46 nm），仅有轻微的Li/TM混排。这些结果从颗粒尺度到原子尺度全面证实了F掺杂带来的结构稳定性提升，其机制包括：抑制相变、维持Li⁺通道、致密结构抵抗裂纹扩展、稳定表面氧骨架。图8. 全电池的循环性能、热安全性与协同调控机制示意图图8验证了LR-F材料在实际应用中的巨大潜力，并总结了其核心调控机制。图8a和8b展示了LR-F在Ah级软包全电池中的卓越性能：0.5 Ah单层电池在2.5-4.75V高电压下循环1500次后容量保持率为96.3%；2.0 Ah多层电池在2.5-4.65V条件下循环3000次后容量保持率高达94.8%。图8c和8d的加速量热仪（ARC）测试表明，LR-F全电池的起始自热温度（T_onset=137°C）和热失控触发温度（T_TR=165°C）均显著高于LR（114°C和150°C），且放热速率更低，表明其热安全性显著提升。图8e的示意图完美总结了F掺杂的跨尺度协同调控机制：在颗粒尺度，F通过调控表面能，使一次颗粒从板状转变为等轴状，形成致密的二次颗粒，增强结构稳定性；在原子尺度，F形成TMO₂F构型，增强TM-O共价性，抑制过度氧活化，提高阴离子氧化还原的可逆性。这种双尺度协同优化是实现LR-F材料优异电化学性能和热安全性的关键。【总结】本研究通过引入适量的氟（F）掺杂，成功实现了一种跨尺度的协同调控策略，从根本上解决了富锂正极材料在颗粒架构和原子尺度上的双重不稳定性问题。在颗粒尺度，F通过降低高能(010)晶面的表面能，热力学驱动一次颗粒形貌从各向异性的板状转变为等轴状，从而打破了前驱体遗留的多孔结构，形成了高度致密的二次颗粒，显著提升了颗粒的机械稳定性、Li⁺扩散动力学和倍率性能。在原子尺度，F占据氧位点，形成TMO₂F构型，增强了TM-O共价键，有效抑制了过度的晶格氧活化和不可逆O-O二聚体的形成，大幅提升了阴离子氧化还原反应的可逆性和初始库仑效率。通过这种协同作用，所制备的LR-F正极材料展现出卓越的长循环稳定性（950圈容量保持率88.8%），并在Ah级软包全电池中实现了超长循环寿命（3000圈容量保持率94.8%），同时显著提升了电池的热安全性。【启发/指导作用】01建立跨尺度设计理念：该工作明确指出，正极材料的电化学性能是介观尺度（颗粒形貌、堆积方式）和原子尺度（电子结构、化学键合）结构特征共同作用的综合结果。未来的研究不应仅局限于某一尺度的优化，而应建立“跨尺度协同设计”的核心思想，全面系统地解决材料的多尺度问题。02重新定义晶面调控策略：对于LRLO这类多孔性材料，调控(010)晶面暴露的核心目的不应仅仅局限于提升Li⁺扩散动力学，更应将其视为一种“形貌工程”手段，通过驱动一次颗粒从板状向等轴状转变，来从根本上消除前驱体遗留的孔隙，实现二次颗粒的致密化。这为晶面工程在LRLO材料中的应用提供了全新的设计原则。03提供可工业化的解决方案：该研究提出的F掺杂策略，是一种简单、可控且与现有生产工艺兼容的改性方法。其在Ah级软包电池中验证的卓越性能和安全性，证明了该策略不仅具有学术创新性，更具备显著的工业应用潜力，为富锂正极材料的商业化进程提供了一条切实可行的技术路径。04深化对容量衰减机制的理解：该工作通过精细的光谱学表征和理论计算，清晰地揭示了不可逆容量的本质不仅与氧的活化程度有关，更与氧在放电过程中的还原可逆性密切相关。特别是“被困的O-O二聚体”作为不可逆物种占据Li⁺位点，是导致Li⁺嵌入受阻和容量损失的关键因素。这一认识为开发更高效的抑制电压衰减和容量衰减的策略指明了方向。【文献信息】Y. Huang, B. Ying, C. Li, et al. ““ Reinforcing Particle Architectural Stability of Li-Rich Cathode With Enhanced Anionic Redox Reaction Reversibility,” Angewandte Chemie International Edition (2026): e6490997. https://doi.org/10.1002/anie.6490997DOI: 10.1002/anie.6490997END点击上方蓝色关注我们吧【研究重点】富锂层状氧化物（LRLO）有望实现卓越的能量密度（∼1000 Wh kg−1",,,,pending
今日Nature Chemistry：醚基锂金属电池产气问题与抑制策略深水科技咨询 2026年8月21日 20:08 江苏 听全文,锂电联盟会长,锂电联盟会长,"RIOnews API, 新材料, 碳, 高比能, 锂金属, 前沿表征, 原位, 工况, 新型电解液, 晶格氧, 宁德时代, CATL, LFP, 软包, EMS, 电解液, 样品",normal,2026-08-23T08:56:05+08:00,,"点击上方蓝色关注我们吧【研究背景】锂金属负极凭借3,860 mAh g-1的理论比容量，被视为下一代高能量密度电池（如电动垂直起降飞行器eVTOL、长续航电动汽车）的理想选择。然而，锂金属电池（LMB）的商业化进程始终受限于电化学性能、成本与安全性的协同优化，其中不可控的气体演化是引发软包电池鼓包、电解液泄漏甚至破裂的关键安全隐患。与已被广泛研究的碳酸酯基体系不同，醚类电解液（如1,2-二甲氧基乙烷DME）因对锂金属具有优异的化学稳定性，在LMB中被大量使用，但其产气机制却长期缺乏系统认知。尤其当工作温度超过50℃时（eVTOL高倍率放电工况下电芯温度可骤升），电解液分解与产气会被显著加速。因",http://mp.weixin.qq.com/s?__biz=Mzg2ODg5MzM5Nw==&mid=2247583551&idx=3&sn=e7396077e549c336d95f40e0ee4db15c,,"点击上方蓝色关注我们吧【研究背景】锂金属负极凭借3,860 mAh g-1的理论比容量，被视为下一代高能量密度电池（如电动垂直起降飞行器eVTOL、长续航电动汽车）的理想选择。然而，锂金属电池（LMB）的商业化进程始终受限于电化学性能、成本与安全性的协同优化，其中不可控的气体演化是引发软包电池鼓包、电解液泄漏甚至破裂的关键安全隐患。与已被广泛研究的碳酸酯基体系不同，醚类电解液（如1,2-二甲氧基乙烷DME）因对锂金属具有优异的化学稳定性，在LMB中被大量使用，但其产气机制却长期缺乏系统认知。尤其当工作温度超过50℃时（eVTOL高倍率放电工况下电芯温度可骤升），电解液分解与产气会被显著加速。因","点击上方蓝色关注我们吧【研究背景】锂金属负极凭借3,860 mAh g-1的理论比容量，被视为下一代高能量密度电池（如电动垂直起降飞行器eVTOL、长续航电动汽车）的理想选择。然而，锂金属电池（LMB）的商业化进程始终受限于电化学性能、成本与安全性的协同优化，其中不可控的气体演化是引发软包电池鼓包、电解液泄漏甚至破裂的关键安全隐患。与已被广泛研究的碳酸酯基体系不同，醚类电解液（如1,2-二甲氧基乙烷DME）因对锂金属具有优异的化学稳定性，在LMB中被大量使用，但其产气机制却长期缺乏系统认知。尤其当工作温度超过50℃时（eVTOL高倍率放电工况下电芯温度可骤升），电解液分解与产气会被显著加速。因此，深入揭示醚基LMB的产气路径并开发有效的抑制策略，是推动其走向实用化的关键科学问题。【成果简介】近日，宁德时代（CATL）联合研究团队系统量化并阐明了醚基高浓度电解液（4 M LiFSI/DME）锂金属电池的产气机制。该工作通过operando气体分析、高保真软包电池测试与第一性原理模拟相结合，明确了：阴极通过DME化学氧化产生CO/CO2，随后在锂阳极被消耗生成Li2CO3（电极间串扰）；阳极通过DME还原C–O键断裂产生LiCH3中间体，进一步转化为CH4，且CH4的爆发存在明显的延迟起始点（onset point）。基于上述机理，该工作创新性地提出阳极活化策略（ACVP/CCRP）——通过恒压预剥离在锂箔表面构建高密度成核位点，将锂沉积形貌从须状调控为颗粒/球状，使比表面积降低一个数量级。最终在不更换电解液配方的前提下，将产气起始循环数和电池失效循环数均延长了约一个数量级（从未处理的5圈/14圈提升至80+圈/140圈），同时保留了高倍率性能，为商用LMB的安全提升提供了切实可行的工程路径。该工作发表于顶级期刊《Nature Chemistry》，题为:Understanding and suppressing gas evolution in lithium metal batteries with ether-based electrolytes.【研究内容】1.醚基锂金属电池产气全貌与电极间串扰机制者采用阿基米德浮力法原位监测Li||NMC811单层软包电池（4 M LiFSI/DME）在60℃、2.8–4.3 V下的体积变化，并结合同位素GC分析气体组成。结果显示：全电池前5圈体积先微增后下降，第5圈（~3,000 min）后气体体积急剧上升，28圈累计产气约9 ml，电池明显鼓包。为隔离电极贡献，作者构建Li||LFP（阳极半电池）和d-LFP||NMC（阴极半电池）进行溯源：阳极半电池产气速率约0.3 ml Ah-1 h-1，气体组成以CH4为主（~97%）；阴极半电池产气速率约0.1 ml Ah-1 h-1，主要为CO（~36%）和CO2（~62%）。值得注意的是，全电池GC中未检测到CO/CO2，通过滴定质谱（T-MS）证实阴极产生的CO/CO2在阳极被还原消耗形成Li2CO3（串扰效应）。全电池体积曲线中初始微增对应CO/CO2生成，随后的下降反映串扰消耗，5圈后CH4主导气体爆发，这一时序关系为后续机理研究奠定了框架。图1.研究并量化液态金属电池中的气体析出2.第一性原理模拟结合实验揭示阴极DME化学氧化产气机制及浓度-温度依赖规律阴极半电池测试表明，d-LFP||NMC在60℃下的归一化产气量随LiFSI/DME浓度从2 M增至5 M而显著降低，随温度从45℃升至70℃而升高，且CO和CO2始终占总气体的~98%。第一性原理模拟揭示了DME在NMC表面通过化学氧化生成CO和CO2的放能路径：DME的氧原子与NMC表面过渡金属位点配位吸附后，CO路径经历甲基连续脱氢与C–O键断裂，生成O=CH·自由基并获氢形成CO；CO2路径则涉及NMC晶格氧掺入DME片段，经进一步脱氢与C–O键断裂形成O=C–O·自由基后生成CO2。高浓度（5 M）下FSI⁻增多促进阴极电解质界面（CEI）形成，抑制氧化；SEM显示3 M下NMC微裂纹比5 M更严重，证实低浓度下DME反应更剧烈、产气更多。温度升高则加速氧化动力学，导致单位时间产气体积增大。图2. d-LFP||NMC阴极半电池中的气体析出3.两步法DME还原路径与LiCH3中间体累积解释CH4延迟产气现象在Li||LFP阳极半电池中，CH4占气体产物的96–98%，且产气起始点对浓度和温度高度敏感：2 M下仅2圈即产气，5 M下接近寿命终点才出现。通过电解液消耗分析（E-G&IC）发现，4 M体系在60℃循环15圈内LiFSI和DME线性下降，反应速度在起始点（第4圈）前后保持一致，但起始点前几乎无气体。第一性原理模拟提出两步反应路径：步骤1中DME在Li表面吸附并发生C–O键断裂，生成LiOCH3/Li–C2H4OCH3（ΔG = –2.69 eV）或LiCH3（ΔG = –3.58 eV）；步骤2中LiCH3与DME衍生的甲氧基乙基片段反应生成CH4，该路径活化能比LiCH3与DME直接反应低20%（0.88 vs 1.14 eV），是主导路径。T-MS检测到循环后阳极表面存在LiCH3，原位DEMS证实CH4与C2H6同时爆发，进一步支持LiCH3为关键中间体。高浓度下Li+溶剂化环境从SSIP转向CIP，C–O键极化减弱，LiCH3形成势垒从0.69 eV升至0.88 eV，从而延迟了产气起始。图3.Li||LFP阳极半电池中的气体析出4. 电解液工程策略的产气抑制与倍率性能权衡为从源头消除CH4，作者评估了两种电解液工程策略。局部高浓度电解液（LHCE，LiFSI-1.2DME-3TTE）引入非配位稀释剂TTE，在保持高盐局部溶剂化环境的同时避免了8 M电解液的极高粘度（67 cP）和溶解度极限。LHCE体系在60℃下循环150+圈无气体产生，软包电池保持平整。氟化醚电解液（FEE，1.2 M LiFSI/F5DEE）将DME末端甲基替换为–CF2和–CF3基团，使LiCH3中间体无法形成，循环120+圈无产气。然而，这两种配方的离子电导率显著低于4 M HCE，导致倍率性能受限（图4e），无法满足eVTOL等高功率应用场景对高倍率充放电的严苛需求。这一权衡关系促使作者将研究重心从电解液配方转向阳极界面工程。图4.不同电解质体系的产气但及牺牲高倍率性能5.阳极活化策略实现沉积形貌调控与界面反应抑制针对新鲜锂箔表面钝化膜导致锂在稀疏缺陷处须状生长（高比表面积、加速副反应）的问题，作者开发了阳极恒压预剥离（ACVP）和阴极充电重组预剥离（CCRP）两种活化方法。ACVP将新鲜电池过放电至1.5 V，在阳极产生高密度坑洞作为均匀成核位点。SEM显示：未处理阳极在100% SOC下呈稀疏须状锂沉积，8圈后rSEI厚度达~28 μm；活化阳极呈颗粒/球状沉积，rSEI厚度图5.未处理与活化后的Li沉积形貌及性能样品【文献总结】本研究通过“现象量化→机理解析→策略设计→性能验证”的完整研究路径，系统解决了醚基锂金属电池的产气难题。其核心逻辑在于：首先通过多电极半电池拆分明确CO/CO2源于阴极、CH4源于阳极，并利用T-MS和DEMS证实电极间串扰与LiCH3中间体的存在；随后基于第一性原理模拟阐明两步反应路径及延迟起始的动力学根源；最后跳出传统电解液改性的思维定式，从阳极界面形貌调控入手，以极低的工程代价实现了安全与性能的双赢。该工作的深远意义在于：（1）为醚基LMB产气提供了首个完整的机理解释框架，弥补了该领域与碳酸酯体系的研究差距；（2）阳极活化策略无需改变电解液配方，可直接与现有产线兼容，具备极强的工业化应用前景；（3）强调了从应用场景需求（如eVTOL的高倍率+高温安全）出发评估电池技术的重要性，为下一代高能量密度电池的商业化提供了重要方法论指导。未来，该策略与贫锂正极、硫正极等的协同优化值得进一步探索。【文献信息】标题：Understanding and suppressing gas evolution in lithium metal batteries with ether-based electrolytes.期刊：Nature Chemistry链接：https://doi.org/10.1038/s41557-026-02219-1文章来源：能源学人END点击上方蓝色关注我们吧【研究背景】锂金属负极凭借3,860 mAh g-1的理论比容量，被视为下一代高能量密度",,,,pending
北京航空航天大学段晓鹏/孙艳明最新AM丨疏水Si-O-Si界面助力空气加工OSC！,电池未来,电池未来,"RIOnews API, 前沿表征, 原位",normal,2026-08-23T08:30:00+08:00,,有机太阳能电池凭借轻质、柔性和溶液加工优势，被视为下一代光伏技术的重要方向，器件效率已突破20%。但高性能OSC通常依赖惰性气氛制备和运行，以避免水氧诱导的材料降解、界面劣化和电荷传输损失，这显著抬高了规模化制造门槛。空气加工路线的核心难点在于，既要阻隔水氧，又不能破坏活性层分子堆积和电荷传输。已有策略多集中在活性层疏水改性或添加剂引入，但容易造成不利聚集和效率损失。阴极界面层位于活性层上方，既面对外界环境，又承担电子提取和界面偶极调控，因此是提升空气加工稳定性的关键位置。NDI/PDI类阴极界面材料具备合适能级和优良电子传输能力，但为保证溶解性和自掺杂行为，往往含有亲水基团，易吸附水汽并诱发,http://mp.weixin.qq.com/s?__biz=Mzg5OTYzNjU0OA==&mid=2247651449&idx=5&sn=d98b8c5452392c869259d4d2a32637d8,,有机太阳能电池凭借轻质、柔性和溶液加工优势，被视为下一代光伏技术的重要方向，器件效率已突破20%。但高性能OSC通常依赖惰性气氛制备和运行，以避免水氧诱导的材料降解、界面劣化和电荷传输损失，这显著抬高了规模化制造门槛。空气加工路线的核心难点在于，既要阻隔水氧，又不能破坏活性层分子堆积和电荷传输。已有策略多集中在活性层疏水改性或添加剂引入，但容易造成不利聚集和效率损失。阴极界面层位于活性层上方，既面对外界环境，又承担电子提取和界面偶极调控，因此是提升空气加工稳定性的关键位置。NDI/PDI类阴极界面材料具备合适能级和优良电子传输能力，但为保证溶解性和自掺杂行为，往往含有亲水基团，易吸附水汽并诱发,"有机太阳能电池凭借轻质、柔性和溶液加工优势，被视为下一代光伏技术的重要方向，器件效率已突破20%。但高性能OSC通常依赖惰性气氛制备和运行，以避免水氧诱导的材料降解、界面劣化和电荷传输损失，这显著抬高了规模化制造门槛。空气加工路线的核心难点在于，既要阻隔水氧，又不能破坏活性层分子堆积和电荷传输。已有策略多集中在活性层疏水改性或添加剂引入，但容易造成不利聚集和效率损失。阴极界面层位于活性层上方，既面对外界环境，又承担电子提取和界面偶极调控，因此是提升空气加工稳定性的关键位置。NDI/PDI类阴极界面材料具备合适能级和优良电子传输能力，但为保证溶解性和自掺杂行为，往往含有亲水基团，易吸附水汽并诱发界面失效。该研究通过在PNDIT-F3N中引入可湿气自交联的烷氧基硅烷，在不牺牲传输性能的前提下构筑疏水保护网络，为高效率与高环境稳定性兼顾提供了新思路。近日，北京航空航天大学段晓鹏、孙艳明在Advanced Materials发表了题为""Ambient-Processed Organic Solar Cells Achieving Nearly 20.5% Efficiency and Industrially Viable Environmental Stability""的研究论文。Junjie Zhang为论文第一作者，段晓鹏、孙艳明为论文共同通讯作者。核心亮点1. 提出空气湿气触发的阴极界面层自交联策略，将DEES、TEES、TEOS引入PNDIT-F3N，在成膜过程中原位形成疏水Si-O-Si防潮网络。2. DEES改性不仅提升界面层耐湿性，还降低F3N电子传输活化能，增强自由基信号和电导率，改善电子传输与电荷提取。3. 烷氧基硅烷调控F3N聚集行为，使界面层相分离更细化、空间分布更均匀，并降低PM6:L8-BO-X/CIL薄膜表面粗糙度。4. 空气加工PM6:D18:L8-BO-X三元器件在50% RH下PCE达到20.48%，在约80% RH下仍达到20.22%，代表空气加工OSC的高水平效率。5. 未封装DEES改性器件在45%–55% RH连续可见LED照射下平均T80达到2270 h，并在17.6 cm²大面积组件中实现17.61%效率。 全文速览有机太阳能电池能够在空气中加工，是实现工业规模生产的关键前提，因为这可以避免使用高成本惰性气氛。然而，先进阴极界面层通常需要强亲水基团来保证足够溶解性和合适功函数，这也使其容易受到空气中水分和氧气影响，从而损害光伏性能。该研究将二乙氧基硅烷DEES及其衍生物引入高性能阴极界面层PNDIT-F3N中，使其在空气条件下水解并缩合，形成交联疏水Si-O-Si防潮网络。同时，DEES的引入有效降低PNDIT-F3N电子传输活化能，并抑制有害聚集，从而优化电荷传输和提取效率。因此，DEES改性OSC在50%相对湿度下实现20.48%的纪录效率，在80%相对湿度下实现20.22%的效率，均属于空气加工器件报道中的最高水平之一。更重要的是，未封装DEES改性器件在连续可见LED照射下表现出优异运行稳定性，在45%–55%相对湿度、光电流等效AM1.5G条件下，初始效率降至80%的平均时间达到2270 h。该工作提供了一种简便且可推广的策略，用于增强OSC耐湿性，推动空气加工有机光伏的工业生产和商业可行性。 图文解读图1 | 烷氧基硅烷在F3N中形成疏水Si-O-Si交联网络，并同步调控吸收、能级、自由基信号和电子传输活化能。研究人员首先验证DEES、TEES和TEOS可在湿空气中水解缩合，FT-IR中Si-O-Si特征吸收增强证明交联网络形成。UV-vis显示杂化后ICT吸收红移，UPS表明功函数略降低并利于欧姆接触，ESR和变温电导进一步说明F3N:DEES具有更强掺杂效应、更高电导率和更低电子传输活化能。图2 | XPS、GIWAXS和GISAXS揭示烷氧基硅烷与F3N相互作用，并抑制过度聚集、细化相分离。XPS中N 1s和S 2p峰向低结合能移动，说明烷氧基硅烷与F3N之间存在相互作用。GIWAXS显示F3N保持face-on取向，杂化后π-π堆积和层状堆积的相干长度略有增加，有利于电荷传输。GISAXS拟合表明ξ和2Rg下降，证明杂化界面层能削弱F3N过度聚集并形成更细化相结构。图3 | PL mapping、AFM和KPFM证明杂化阴极界面层具有更均匀空间分布、更平整表面和更强界面内建电场。AFM结果表明F3N:DEES、F3N:TEES和F3N:TEOS进一步降低PM6:L8-BO-X/CIL薄膜粗糙度，有助于与Ag电极形成良好接触。KPFM显示杂化界面提高表面电势，降低电荷提取势垒。图4 | DEES改性显著提升空气加工OSC效率、湿度适应性、电荷输运与大面积组件性能。在50% RH空气条件下，PM6:L8-BO-X器件由F3N的18.11%提升至F3N:DEES的19.61%，三元PM6:D18:L8-BO-X器件进一步达到20.48%。约80% RH下DEES器件仍保持20.22%高效率。SCLC、TAS、光强依赖、EIS和TPV结果共同说明DEES促进电子迁移、激子利用和电荷收集，并抑制复合；17.6 cm²组件效率达到17.61%。图5 | 浸水、光稳定性及老化前后多尺度表征证明DEES杂化界面层显著提升水氧防护和运行稳定性。水浸测试和器件稳定性结果显示，DEES形成的疏水Si-O-Si网络能更有效保护PM6:L8-BO-X/CIL界面。未封装DEES改性器件在连续可见LED照射、45%–55% RH下平均T80达到2270 h。老化前后XPS、KPFM、GIWAXS和GISAXS进一步证明，杂化CIL可减缓化学态、表面电势、分子堆积和相分离劣化。 总结总之，该研究开发了一种简单有效的策略，通过将可自发交联的烷氧基硅烷DEES引入阴极界面层PNDIT-F3N，实现空气环境下制备的高性能有机太阳能电池。DEES在空气旋涂过程中发生原位水解和缩合，形成疏水Si-O-Si网络，有效保护活性层免受水分和氧气侵蚀。此外，烷氧基硅烷的掺杂效应增强了电子传输，并抑制杂化界面处的过度聚集，从而促进更均匀、更稳定的薄膜形成。由此，空气加工三元器件获得接近20.5%的高效率，并在高湿环境和连续光照条件下展现出优异稳定性。该界面交联策略简便、可推广，并兼容不同活性层和阴极界面材料，为空气加工有机光伏的产业化制造和商业应用提供了重要路径。Ambient-Processed Organic Solar Cells Achieving Nearly 20.5% Efficiency and Industrially Viable Environmental Stability,Advanced Materials,2026,DOI:10.1002/adma.74716#北京航空航天大学#段晓鹏#孙艳明#AM#电池点击阅读原文，加速顶刊！阅读原文通讯作者：段晓鹏、孙艳明\x0d\x0a通讯单位：北京航空航天大学",,,,pending
华南理工大学「国家优青」杨成浩团队最新AEM丨自旋态调控稳固钠电正极！,电池未来,电池未来,"RIOnews API, 前沿表征, 原位",normal,2026-08-23T08:30:00+08:00,,钠离子电池因钠资源丰富、安全性较高、适合大规模储能而受到关注。正极材料的容量、倍率能力和循环寿命，直接决定其产业化潜力。铁基聚阴离子正极Na₄Fe₃(PO₄)₂P₂O₇具有开放三维框架、较高安全性和约3.1 V电压平台，是低成本钠电正极中的重要候选体系。不过，NFPP的核心短板也很清楚：PO₄和P₂O₇聚阴离子基团电负性强，会在晶格内部隔离FeO₆八面体，使连续电子传输路径不足，同时Na⁺扩散动力学偏慢。传统碳包覆可以改善外部导电网络，常规离子掺杂也能调晶格或载流子浓度，但这些策略往往难以真正重构Fe活性中心的电子环境。该工作把突破口放在电子自旋态上。通过高价Mo⁶⁺的诱导效应和Co²⁺的磁交,http://mp.weixin.qq.com/s?__biz=Mzg5OTYzNjU0OA==&mid=2247651449&idx=4&sn=30863afc2c12accbb1e7d0f595fbb690,,钠离子电池因钠资源丰富、安全性较高、适合大规模储能而受到关注。正极材料的容量、倍率能力和循环寿命，直接决定其产业化潜力。铁基聚阴离子正极Na₄Fe₃(PO₄)₂P₂O₇具有开放三维框架、较高安全性和约3.1 V电压平台，是低成本钠电正极中的重要候选体系。不过，NFPP的核心短板也很清楚：PO₄和P₂O₇聚阴离子基团电负性强，会在晶格内部隔离FeO₆八面体，使连续电子传输路径不足，同时Na⁺扩散动力学偏慢。传统碳包覆可以改善外部导电网络，常规离子掺杂也能调晶格或载流子浓度，但这些策略往往难以真正重构Fe活性中心的电子环境。该工作把突破口放在电子自旋态上。通过高价Mo⁶⁺的诱导效应和Co²⁺的磁交,"钠离子电池因钠资源丰富、安全性较高、适合大规模储能而受到关注。正极材料的容量、倍率能力和循环寿命，直接决定其产业化潜力。铁基聚阴离子正极Na₄Fe₃(PO₄)₂P₂O₇具有开放三维框架、较高安全性和约3.1 V电压平台，是低成本钠电正极中的重要候选体系。不过，NFPP的核心短板也很清楚：PO₄和P₂O₇聚阴离子基团电负性强，会在晶格内部隔离FeO₆八面体，使连续电子传输路径不足，同时Na⁺扩散动力学偏慢。传统碳包覆可以改善外部导电网络，常规离子掺杂也能调晶格或载流子浓度，但这些策略往往难以真正重构Fe活性中心的电子环境。该工作把突破口放在电子自旋态上。通过高价Mo⁶⁺的诱导效应和Co²⁺的磁交换作用，研究团队削弱FeO₆局域晶场，使Fe²⁺从中间自旋向高自旋转变，从而释放更多未成对电子、增强电子离域，并赋予FeO₆八面体更高结构柔性，为同时提升电子传输、Na⁺迁移和晶格韧性提供了新路径。近日，华南理工大学Qimeng Zhang、杨成浩在Advanced Energy Materials发表了题为""Electron Spin-State Regulation Unlocks Structural Robustness and Stable Sodium Storage in Na4Fe3(PO4)2P2O7 Cathode""的研究论文。Hao Wang，Qimeng Zhang为论文共同第一作者，Qimeng Zhang、杨成浩为论文共同通讯作者。核心亮点1. 提出Mo⁶⁺/Co²⁺协同自旋态调控策略，从Fe局域电子结构入手破解NFPP电子绝缘和Na⁺扩散迟缓问题。2. 理论与谱学共同证明Fe²⁺由中间自旋向高自旋转变，高自旋Fe²⁺比例由65.0%提升至79.2%。3. MC-NFPP带隙由2.53 eV降至1.47 eV，Fe 3d电子离域增强，材料本征电子导电性明显改善。4. 高自旋FeO₆八面体触发可逆结构呼吸效应，使首圈充放电体积波动从5.78%降至3.89%。5. 材料在30 C超高倍率下仍输出89.2 mAh g⁻¹，并在软包全电池中1200圈后保持96.8%容量。 全文速览低成本且结构稳定的Na₄Fe₃(PO₄)₂P₂O₇（NFPP）聚阴离子钠离子电池正极，受限于电子绝缘性和迟缓的Na⁺传输。该研究开发了一种自旋态工程化正极Na₄Fe₂.₉₄Mo₀.₀₃Co₀.₀₃(PO₄)₂P₂O₇（MC-NFPP），用于调控Fe的局域电子结构，从而释放额外未成对电子，同时增强本征电荷传输和晶格稳定性。高价Mo⁶⁺通过诱导效应削弱局域配体场，而Co²⁺通过磁交换相互作用促进自旋重构。该设计引发显著电子重构，驱动Fe由中间自旋态转变为高自旋态，使高自旋Fe²⁺比例由65.0%提升至79.2%，同时缩小带隙并降低Na⁺迁移能垒。与此同时，柔性高自旋FeO₆八面体比例增加，激活自旋调控的结构呼吸效应，使扭曲[P₂O₇]单元能够快速弛豫，并将晶胞体积波动由5.78%显著降低至3.89%，从而保证优异结构韧性。因此，MC-NFPP在30 C下实现89.2 mAh g⁻¹的高可逆容量，并在全电池中1200圈后保持96.8%容量。该自旋态调控策略有效克服了聚阴离子正极的本征动力学和结构瓶颈，为其实用化提供了可行路径。 图文解读图1 | 理论计算揭示Mo/Co协同调控可重排Fe 3d轨道占据、增强自旋极化并缩小MC-NFPP带隙。DFT结果显示，Mo⁶⁺/Co²⁺引入后FeO₆局域晶场被削弱，Fe²⁺由t₂g⁵eg¹中间自旋构型向t₂g⁴eg²高自旋构型转变。MC-NFPP的eg/t₂g占据比由0.635升至0.698，磁矩由27.8 µB增至30.5 µB，带隙由2.53 eV降至1.47 eV，说明电子更易跨越价带和导带并参与传输。图2 | 物相、形貌和元素分布表明自旋调控保持NFPP聚阴离子框架并实现Mo/Co均匀掺入。XRD与Rietveld精修表明，NFPP和MC-NFPP均保持正交Pn2₁a结构，峰位低角度移动说明晶格间距扩展。SEM/TEM显示颗粒保持0.5-2 µm近球形形貌，HRTEM可见清晰晶格条纹和约2.5 nm碳层。HAADF-STEM、EDS和TOF-SIMS进一步证实Mo、Co在体相中均匀分布，而非表面富集。图3 | XAS、穆斯堡尔、磁性和ELF证据共同证明Fe自旋态提升并改善电子离域与电导。XANES排除了Fe价态变化主导性能提升的可能，EXAFS显示MC-NFPP中Fe─O距离增加，有利于降低晶场分裂能。穆斯堡尔谱定量证明高自旋Fe²⁺比例从65.0%升至79.2%；M–T和EPR信号增强说明未成对电子增加。ELF显示Fe─O附近电荷更弥散，电导测试进一步验证电子传输改善。图4 | 电化学测试显示MC-NFPP在容量、倍率性能和长循环稳定性上均显著优于原始NFPP。MC-NFPP在初始充放电曲线和CV中表现出更小极化和更可逆的Fe²⁺/Fe³⁺氧化还原行为。倍率测试显示其在高电流密度下仍能维持高容量，30 C下达到89.2 mAh g⁻¹。dQ/dV和长循环结果说明自旋态调控不仅改善反应动力学，也能在快速Na⁺脱嵌过程中保持稳定电压响应和容量保持。图5 | 原位XRD和非原位XAS揭示MC-NFPP具有更小体积波动和更可逆的Fe局域结构演化。原位XRD显示，MC-NFPP在首圈充放电中晶胞体积变化仅3.89%，低于NFPP的5.78%，说明晶格呼吸更可控。Fe K边XANES表明MC-NFPP充电时能量位移更充分，放电后可回到初始状态。FT-EXAFS中Fe─O和Fe─P距离的可逆变化进一步说明其局域结构能快速弛豫并缓冲应变。图6 | 动力学分析证明自旋态调控降低界面电荷转移阻力并打开更有利的Na⁺迁移通道。结构分析显示，MC-NFPP中平均(Fe/Mo/Co)─O键长增加至2.245 Å，较NFPP的2.140 Å更有利于扩大间隙空间。原位EIS表明MC-NFPP电荷转移阻抗稳定在约100-300 Ω，明显低于NFPP的≥500 Ω。DRT与BVEL结果进一步说明其极化更低、Na⁺迁移路径更顺畅。图7 | 放大制备和软包全电池验证表明MC-NFPP具备从实验室走向实际应用的潜力。研究团队将MC-NFPP与商业硬碳负极匹配后，软包全电池在0.5 C下表现出稳定充放电曲线、良好倍率响应和长循环性能，1200圈后容量保持率达到96.8%，说明该自旋态调控策略具有规模化应用价值。 总结从结构角度看，高自旋FeO₆八面体柔性增强，激活了结构呼吸效应，使扭曲的[P₂O₇]单元能够快速弛豫并缓冲内部应变，从而将晶胞体积波动限制在3.89%。得益于这些耦合增强效应，MC-NFPP正极在30 C超高倍率下仍可提供89.2 mAh g⁻¹的优异容量。更重要的是，该策略超越了实验室尺度验证，研究团队通过公斤级连续生产证明了其商业可行性。与商业硬碳负极组装成软包全电池后，批量制备的MC-NFPP在1200圈循环后实现96.8%的容量保持率。最终，该工作确立了精准自旋态调控作为开发下一代钠离子电池先进聚阴离子正极的一种高效且可规模化的新范式。Electron Spin-State Regulation Unlocks Structural Robustness and Stable Sodium Storage in Na4Fe3(PO4)2P2O7 Cathode,Advanced Energy Materials,2026,DOI:10.1002/aenm.71459#华南理工大学#杨成浩#AEM#电池点击阅读原文，加速顶刊！阅读原文通讯作者：Qimeng Zhang、杨成浩\x0d\x0a通讯单位：华南理工大学",,,,pending
黄维院士领衔！福建师范大学赵毅/韩敏最新AM丨神经仿生FeS₂钾电负极！,电池未来,电池未来,"RIOnews API, 前沿表征, 原位",normal,2026-08-23T08:30:00+08:00,,钾离子电池因钾资源丰富、成本低和电解液中离子传输特性较好，被视为大规模储能和柔性电子的重要候选体系。然而，K⁺半径较大，容易带来缓慢反应动力学、严重体积波动和脆弱SEI膜，这使负极材料在高倍率和长循环条件下面临明显挑战。FeS₂具有多电子转化反应、高理论容量、低成本和天然丰度等优势，是很有潜力的钾离子电池负极。但FeS₂本征电子/离子传导能力不足，钾化过程中体积膨胀剧烈，容易导致颗粒粉化、团聚和反应动力学衰退。已有碳复合、空心结构、掺杂和异质界面调控等策略能改善部分问题，但往往难以同时兼顾快速电荷传输和结构稳定。该工作借鉴神经网络的多级互联和外层保护结构，试图用仿生架构同时解决FeS₂负极的动,http://mp.weixin.qq.com/s?__biz=Mzg5OTYzNjU0OA==&mid=2247651449&idx=1&sn=053a537dd16dc8ed4f3937b9f858638d,,钾离子电池因钾资源丰富、成本低和电解液中离子传输特性较好，被视为大规模储能和柔性电子的重要候选体系。然而，K⁺半径较大，容易带来缓慢反应动力学、严重体积波动和脆弱SEI膜，这使负极材料在高倍率和长循环条件下面临明显挑战。FeS₂具有多电子转化反应、高理论容量、低成本和天然丰度等优势，是很有潜力的钾离子电池负极。但FeS₂本征电子/离子传导能力不足，钾化过程中体积膨胀剧烈，容易导致颗粒粉化、团聚和反应动力学衰退。已有碳复合、空心结构、掺杂和异质界面调控等策略能改善部分问题，但往往难以同时兼顾快速电荷传输和结构稳定。该工作借鉴神经网络的多级互联和外层保护结构，试图用仿生架构同时解决FeS₂负极的动,"钾离子电池因钾资源丰富、成本低和电解液中离子传输特性较好，被视为大规模储能和柔性电子的重要候选体系。然而，K⁺半径较大，容易带来缓慢反应动力学、严重体积波动和脆弱SEI膜，这使负极材料在高倍率和长循环条件下面临明显挑战。FeS₂具有多电子转化反应、高理论容量、低成本和天然丰度等优势，是很有潜力的钾离子电池负极。但FeS₂本征电子/离子传导能力不足，钾化过程中体积膨胀剧烈，容易导致颗粒粉化、团聚和反应动力学衰退。已有碳复合、空心结构、掺杂和异质界面调控等策略能改善部分问题，但往往难以同时兼顾快速电荷传输和结构稳定。该工作借鉴神经网络的多级互联和外层保护结构，试图用仿生架构同时解决FeS₂负极的动力学瓶颈和循环稳定性问题。近日，福建师范大学赵毅、韩敏、西北工业大学黄维在Advanced Materials发表了题为""Neuron-Inspired Orbital-Interface Engineering of FeS2 Anodes for Ultrafast and Durable Potassium Storage""的研究论文。Lizhong Liu, Qixin Zhang, Linwei Yao为论共同第一作者，赵毅、韩敏、黄维为论文共同通讯作者。核心亮点1. 提出神经元启发的轨道-界面工程，将Co掺杂、内部碳网络和外层碳壳整合到FeS₂负极中。2. 通过原位FeS₂到MOF重构构筑连续内部碳通路，解决空腔结构中接触不足和传输路径过长的问题。3. 原位XRD和非原位HRTEM揭示FeS₂在钾离子存储中的连续转化机制，而非简单固溶嵌入。4. DFT和动力学分析证明Co-FeS₂/C界面可增强K⁺吸附、降低扩散势垒并提高电子态密度。5. Co-FeS₂/C@C在20 A g⁻¹下仍保持268 mA h g⁻¹，并可组装硬币型和柔性软包钾离子全电池。 全文速览该研究提出一种神经元启发的轨道-界面工程策略，通过新颖的原位FeS₂到MOF重构构筑分级Co-FeS₂/C@C复合材料，其中多孔Co-FeS₂纳米颗粒与内部碳网络相互交织，并被坚固碳壳包覆。在功能上，轨道工程中的Co掺杂和界面工程中的碳网络协同提升FeS₂的本征导电性并促进离子扩散；分级孔结构和外层碳壳则缓冲体积波动，从而同时增强反应动力学和结构稳定性。原位XRD证明FeS₂具有高度可逆的连续转化机制，实验与理论结果进一步证实其电子态优化、K⁺迁移势垒降低和结构完整性增强。因此，Co-FeS₂/C@C负极表现出优异倍率性能，在20 A g⁻¹下仍可提供268 mA h g⁻¹容量，并具有长循环耐久性，优于多数已报道金属硫化物负极。组装的全电池即使在严重机械变形下仍能稳定供能，显示其在高功率和柔性储能系统中的应用潜力。 图文解读图1 | 展示神经元启发的Co-FeS₂/C@C结构设计与原位MOF重构合成路线。图1说明该工作将神经网络的快速信号传输和外部保护结构映射到FeS₂负极设计中。Co掺杂调节轨道结构，MOF衍生内部碳网络建立连续电子/离子通路，外层碳壳则限制颗粒团聚和粉化，共同指向快速、耐久的钾离子存储。图2 | 通过显微结构表征证明Co-FeS₂/C@C形成可调内部碳网络和稳定核壳结构。图2显示Co-FeS₂颗粒由松散分布逐步转变为MOF中间体，再形成内部碳网络连接的Co-FeS₂/C@C架构。HRTEM和SAED证实黄铁矿FeS₂晶相保持良好，元素分布表明Co、Fe、S被限制在碳壳内部，内部碳厚度可由MOF转化时间调控。图3 | 多谱学证实MOF临时重构、Fe–S配位恢复和Co-FeS₂/C界面耦合。图3围绕结构演化和局域配位展开。XRD、FTIR和Raman证明Fe-MOF中间体生成并在硫化后转化为内部碳网络；XPS显示Fe价态和Fe–O/Fe–S环境可逆变化；XANES、EXAFS和小波变换进一步证明最终材料恢复Fe–S配位并保持稳定Co–S环境。图4 | 原位XRD和HRTEM揭示FeS₂负极的连续转化储钾机制。图4解析Co-FeS₂/C@C在充放电中的相变路径。初始放电时FeS₂峰逐渐消失，KFeS₂和K₃Fe₂S₄依次出现，进一步放电生成Fe和K₂S；充电时K₂S和Fe减弱并重新形成K富集硫化物，说明首圈活化后建立了可逆连续转化通道。图5 | 系统展示Co-FeS₂/C@C负极的倍率、循环和预钾化电化学性能优势。图5证明该仿生结构能直接转化为电池性能提升。Co-FeS₂/C@C在循环、倍率和长循环测试中均优于FeS₂@C与Co-FeS₂@C；预钾化策略显著提高初始库仑效率至98.2%，并保持良好循环稳定性，说明结构与界面设计同时改善动力学和可逆性。图6 | 动力学分析、DFT和模拟共同说明Co掺杂与碳界面降低迁移阻力。图6从动力学和理论层面解释性能来源。CV、电容贡献、GITT和EIS表明Co-FeS₂/C@C具有更快K⁺扩散和更低电荷转移阻抗；DFT显示Co-FeS₂/C具有更强K⁺吸附、更低扩散势垒和更高DOS，模拟结果还表明内部碳网络可均匀化离子通量。图7 | 展示Co-FeS₂/C@C在硬币型和柔性软包钾离子全电池中的实际应用。图7验证材料面向器件应用的可行性。以Co-FeS₂/C@C为负极的硬币型全电池可稳定驱动LED灯、螺旋桨飞机、无人机和电动赛车；柔性软包电池在不同弯折角度下仍保持循环稳定，并能与柔性压力传感器组成自供能可穿戴系统。 总结总之，该研究通过新颖的原位FeS₂到MOF重构与碳化过程，提出并实现了一种神经元启发的轨道-界面工程策略，用于构筑Co-FeS₂/C@C复合负极。该分级仿生结构将多级功能单元整合在一起：Co掺杂优化本征电子结构；MOF衍生内部碳网络将分散的Co-FeS₂纳米颗粒连接起来，加速界面电荷传输；坚固外层碳壳抑制颗粒团聚并保护结构完整性。系统验证表明，原位XRD证明FeS₂具有高度可逆的连续转化机制；动力学分析、理论计算和有限元模拟显示，该协同设计显著提高电子导电性、降低K⁺迁移势垒并均匀化空间离子通量；非原位SEM和TEM进一步确认电极在长循环中的结构稳健性。因此，Co-FeS₂/C@C负极在钾离子存储中实现了超快反应动力学和优异结构完整性，在20 A g⁻¹下具有268 mA h g⁻¹的超高倍率容量，并在100和1000次循环后分别保持466和269 mA h g⁻¹的高容量。预钾化策略还将初始库仑效率提高到98.2%，并带来良好循环保持率。面向实际应用，组装的硬币型和柔性软包型全电池表现出优异电池性能和机械稳定性，即使在严重结构变形下也能可靠驱动多种电子器件和可穿戴传感系统。该仿生轨道-界面工程为解决转化型材料长期存在的动力学和稳定性瓶颈提供了可推广策略，也为下一代高功率柔性储能系统提供了重要思路。Neuron-Inspired Orbital-Interface Engineering of FeS2 Anodes for Ultrafast and Durable Potassium Storage,Advanced Materials,2026,DOI:10.1002/adma.74460#福建师范大学#赵毅#韩敏#西北工业大学#黄维#AM#电池点击阅读原文，加速顶刊！阅读原文通讯作者：赵毅、韩敏、黄维\x0d\x0a通讯单位：福建师范大学、西北工业大学",,,,pending
北京科技大学李叶晶/范丽珍&物理所王雪锋&防化研究院张浩最新AM丨18微米硫化物电解质膜！,电池未来,电池未来,"RIOnews API, 前沿表征, 原位, 学术研究, 大学, 科学院, 研究所",normal,2026-08-23T08:30:00+08:00,,全固态电池因高能量密度和高安全性被视为下一代电池的重要方向，其中硫化物固态电解质具有高室温离子电导率和较好的化学-力学可加工性。若要提升堆叠级能量密度，电解质层必须进一步薄膜化，同时还要保持高离子传导、机械柔性和稳定界面接触。传统湿法制膜容易受到溶剂影响，极性溶剂会破坏硫化物电解质，非极性溶剂又难以充分溶解聚合物粘结剂，残留溶剂还可能引发副反应和安全问题。干法加工能避免溶剂降解，更适合规模化制造，但常用PTFE、PVDF、SBR等惰性粘结剂会阻断Li⁺长程渗流，使离子电导率明显下降。该工作的核心问题在于：如何设计一种既能提供机械支撑、又不拖慢Li⁺传输的粘结剂体系，并进一步澄清硫化物-聚合物复,http://mp.weixin.qq.com/s?__biz=Mzg5OTYzNjU0OA==&mid=2247651449&idx=6&sn=97f6a8323384044ee110f60d65571a08,,全固态电池因高能量密度和高安全性被视为下一代电池的重要方向，其中硫化物固态电解质具有高室温离子电导率和较好的化学-力学可加工性。若要提升堆叠级能量密度，电解质层必须进一步薄膜化，同时还要保持高离子传导、机械柔性和稳定界面接触。传统湿法制膜容易受到溶剂影响，极性溶剂会破坏硫化物电解质，非极性溶剂又难以充分溶解聚合物粘结剂，残留溶剂还可能引发副反应和安全问题。干法加工能避免溶剂降解，更适合规模化制造，但常用PTFE、PVDF、SBR等惰性粘结剂会阻断Li⁺长程渗流，使离子电导率明显下降。该工作的核心问题在于：如何设计一种既能提供机械支撑、又不拖慢Li⁺传输的粘结剂体系，并进一步澄清硫化物-聚合物复,"全固态电池因高能量密度和高安全性被视为下一代电池的重要方向，其中硫化物固态电解质具有高室温离子电导率和较好的化学-力学可加工性。若要提升堆叠级能量密度，电解质层必须进一步薄膜化，同时还要保持高离子传导、机械柔性和稳定界面接触。传统湿法制膜容易受到溶剂影响，极性溶剂会破坏硫化物电解质，非极性溶剂又难以充分溶解聚合物粘结剂，残留溶剂还可能引发副反应和安全问题。干法加工能避免溶剂降解，更适合规模化制造，但常用PTFE、PVDF、SBR等惰性粘结剂会阻断Li⁺长程渗流，使离子电导率明显下降。该工作的核心问题在于：如何设计一种既能提供机械支撑、又不拖慢Li⁺传输的粘结剂体系，并进一步澄清硫化物-聚合物复合框架中的Li⁺传输路径。为此，研究团队设计了Li⁺导电聚合物LiTFSI-PMEMA，并与PTFE共同构筑双粘结剂超薄硫化物电解质膜。近日，北京科技大学李叶晶、范丽珍，中国科学院物理研究所的王雪锋，北京防化研究院张浩在Advanced Materials发表了题为""Dual-Binder-Enabled 18-µm-Thick High-Conductivity Sulfide Electrolyte Film for High-Energy-Density All-Solid-State Batteries""的研究论文。Defu Cao 、Chao Wang为论文共同第一作者，李叶晶、范丽珍、王雪锋、Hao Zhang为论文共同通讯作者。核心亮点1. 该研究提出LiTFSI-PMEMA/PTFE双粘结剂策略，兼顾硫化物电解质膜的机械强度与Li⁺传输能力。2. 干法热轧工艺制备出仅18 µm厚的自支撑USF，是当前干法硫化物电解质膜中的超薄代表。3. USF实现1.56 mS cm⁻¹室温离子电导率，同时保持低电子电导率，有助于抑制电子泄漏和枝晶风险。4. cryo-TEM、⁷Li ssNMR与DFT共同揭示LPSCl主导、聚合物/硫化物接触区辅助的复合Li⁺传输模型。5. LCO||USF||LiIn电池可稳定循环超过1500圈，NCM721||USF||nSi软包电池实现322.7 Wh kg⁻¹堆叠级能量密度。 全文速览开发超薄且高离子电导率的硫化物固态电解质膜，是实现高能量密度全固态电池的关键。然而，传统化学惰性粘结剂不可避免地阻碍电解质膜内部的Li⁺传输动力学，相关Li⁺传输机制也仍不清晰。该工作报道了一种Li⁺导电聚合物粘结剂LiTFSI-PMEMA，并通过干法加工将其与固态电解质结合，制备出超薄固态电解质膜USF。所得USF厚度仅18 µm，离子电导率高达1.56 mS cm⁻¹。通过结合低温透射电镜、固态核磁共振和理论模拟，研究团队提出一种Li⁺传输模型：固态电解质相提供主导传导通道，而聚合物粘结剂及固态电解质/聚合物接触区域可辅助相邻固态电解质颗粒之间的局部Li⁺传输连续性。用于全固态电池时，USF表现出优异的界面相容性和动力学稳定性，使电池在1500圈后仍保持70.3%容量。此外，LiNi₀.₇Co₀.₂Mn₀.₁O₂||USF||nSi软包电池实现322.7 Wh kg⁻¹的高堆叠级能量密度。该工作为多相Li⁺传输动力学提供关键认识，并展示了硫化物基全固态电池的可扩展制造策略。 图文解读图1 | 干法热轧构筑18 µm致密USF并显著改善孔结构与力学耗能能力。图1展示USF的干法制备和结构力学特征。研究人员先制备LPSCl-PTFE前驱膜，再与LiTFSI-PMEMA膜叠合，经反复折叠和热轧获得均匀致密的18 µm自支撑电解质膜。SEM和EDS证明膜层均一，MIP显示孔径和孔隙率明显降低，纳米压痕结果表明USF具备更好的机械顺应性和应力耗散能力。图2 | LiTFSI-PMEMA降低粘结剂阻离子效应并形成LPSCl主导的复合Li⁺传输网络。图2围绕USF中的Li⁺传输机制展开。电导率测试显示，含4 wt.% LiTFSI-PMEMA和1 wt.% PTFE的USF达到1.56 mS cm⁻¹，明显优于PTFE单粘结剂膜。⁷Li ssNMR提示聚合物相关和中间展宽Li⁺环境，cryo-TEM观察到约7 nm包覆层，DFT进一步支持LPSCl为主通道、接触区辅助局部Li⁺转移的模型。图3 | USF提升LiIn对称电池临界电流密度并诱导更均匀的锂沉积界面。图3比较LiIn||SSE||LiIn对称电池中的界面稳定性。LPSCl-PTFE膜对应电池临界电流密度仅0.9 mA cm⁻²，而USF电池提升至2.2 mA cm⁻²。在0.5 mA cm⁻²、0.5 mAh cm⁻²条件下，USF维持更稳定电压响应；循环后截面SEM显示其界面更完整，对应示意图说明致密柔韧膜层有助于均匀Li沉积。图4 | USF在LCO全固态电池中降低极化并维持长期界面稳定。图4展示LCO||SSEs||LiIn全固态电池性能。与LPSCl-PTFE膜相比，USF电池在0.1-1 C倍率下保持更高容量和更小极化，并在0.5 C、30°C下稳定循环超过1500圈，928圈后仍保持80%容量。原位压力监测和循环后SEM表明，USF可缓冲体积变化、减少裂纹与孔隙，保持连续Li⁺传输界面。图5 | USF支撑高能量密度NCM721||USF||nSi全固态电池和软包电池运行。图5进一步验证USF在实用高能量密度体系中的适用性。NCM721||USF||nSi电池截面SEM和EDS显示正极、USF和nSi负极形成清晰层状结构；倍率测试在0.1-1 C下输出185.2至137.8 mAh g⁻¹。该电池在0.5 C、30°C循环300圈后保持81.3%容量，软包电池在0.1 C下稳定运行40圈以上，并实现322.7 Wh kg⁻¹堆叠级能量密度。 总结总之，该研究开发了一种可扩展、无溶剂的干法加工策略，用于制备柔性超薄硫化物电解质膜USF，其厚度为18 µm，离子电导率高达1.56 mS cm⁻¹。通过结合cryo-TEM、ssNMR和DFT模拟，研究团队提出了USF中的LPSCl主导Li⁺传输模型。在该模型中，LiTFSI-PMEMA作为离子导电粘结剂，可降低离子阻塞效应，并帮助相邻固态电解质颗粒之间维持局部Li⁺传输连续性。展宽的⁷Li ssNMR特征表明存在非均一Li⁺环境，而非可独立定量的界面Li⁺群体；DFT结果则支持固态电解质/聚合物接触区可能在接触辅助Li⁺转移中发挥作用。总体而言，LiTFSI-PMEMA兼具机械支架和活性离子介质双重功能，有助于形成连续Li⁺渗流网络。USF的有效性在多种全固态电池构型中得到验证，包括LCO||USF||LiIn电池超过1500圈长循环并保持70.3%容量，高容量NCM721||USF||nSi全电池循环300圈以上并保持81.3%容量，以及堆叠级能量密度达到322.7 Wh kg⁻¹的全固态软包电池。这些结果突出表明，超薄电解质膜在实际工作条件下能够带来稳固的电极-电解质接触和优异的化学-力学稳定性。整体来看，该工作为硫化物-聚合物复合电解质中的Li⁺传输提供了基础机制认识，并建立了一种通过无溶剂加工制备超薄硫化物膜的可行规模化策略。这些发现为先进复合固态电解质设计提供了基础指导，也有助于推动高能量密度硫化物基全固态电池的实际应用。Dual-Binder-Enabled 18-µm-Thick High-Conductivity Sulfide Electrolyte Film for High-Energy-Density All-Solid-State Batteries,Advanced Materials,2026,DOI:10.1002/adma.74533#北京科技大学#李叶晶#范丽珍#中国科学院物理研究所#王雪锋#张浩#北京防化研究院#AM#电池点击阅读原文，加速顶刊！阅读原文通讯作者：李叶晶、范丽珍、王雪锋、张浩\x0d\x0a通讯单位：北京科技大学、中国科学院物理研究所、北京防化研究院",,,,pending
深圳华算科技有限公司丨理论计算业务简介,电池未来,电池未来,"RIOnews API, 前沿表征, 高通量",normal,2026-08-23T08:30:00+08:00,,深圳华算科技有限公司（以下简称“华算科技”）成立于2017年，是一家以服务企业和高校科研机构为主的理论计算模拟服务商。公司聚焦于材料科学、化学化工、生命科学、环境科学等领域，为企业和高校客户提供专业的第一性原理、量子化学、分子动力学、机器学习、高通量计算、有限元仿真等多尺度理论计算解决方案。五大核心优势做计算找华算，选行业标杆级的安心与高效！✅ 博士团队，多篇Nature & Science正刊发表经验全职技术团队由多位深圳市“孔雀计划”海外高层次人才领衔，500+博士团队护航，50000+项目成功案例，拥有多篇Nature/Science正刊发表经验。实力强劲，值得信赖。✅ 多尺度计算模拟，,http://mp.weixin.qq.com/s?__biz=Mzg5OTYzNjU0OA==&mid=2247651449&idx=3&sn=0202a9d9035ad3790018d24afdf59793,,深圳华算科技有限公司（以下简称“华算科技”）成立于2017年，是一家以服务企业和高校科研机构为主的理论计算模拟服务商。公司聚焦于材料科学、化学化工、生命科学、环境科学等领域，为企业和高校客户提供专业的第一性原理、量子化学、分子动力学、机器学习、高通量计算、有限元仿真等多尺度理论计算解决方案。五大核心优势做计算找华算，选行业标杆级的安心与高效！✅ 博士团队，多篇Nature & Science正刊发表经验全职技术团队由多位深圳市“孔雀计划”海外高层次人才领衔，500+博士团队护航，50000+项目成功案例，拥有多篇Nature/Science正刊发表经验。实力强劲，值得信赖。✅ 多尺度计算模拟，,深圳华算科技有限公司（以下简称“华算科技”）成立于2017年，是一家以服务企业和高校科研机构为主的理论计算模拟服务商。公司聚焦于材料科学、化学化工、生命科学、环境科学等领域，为企业和高校客户提供专业的第一性原理、量子化学、分子动力学、机器学习、高通量计算、有限元仿真等多尺度理论计算解决方案。五大核心优势做计算找华算，选行业标杆级的安心与高效！✅ 博士团队，多篇Nature & Science正刊发表经验全职技术团队由多位深圳市“孔雀计划”海外高层次人才领衔，500+博士团队护航，50000+项目成功案例，拥有多篇Nature/Science正刊发表经验。实力强劲，值得信赖。✅ 多尺度计算模拟，数据终身质保全程一对一沟通，提供全流程计算源文件和原始数据，保障数据真实、可溯源，数据终身质保，让科研无后顾之忧。✅ 权威资质，多项认证华算科技已拥有“专精特新”“国家高新技术企业”“创新型中小企业”及“科技型中小企业”等多项核心资质认证，还通过了CNAS、CMA测试资质、ISO国际质量体系认证。✅ 正版软件，安全合规计算软件版权保障，拥有Materials Studio、VASP、Gaussian、MedeA、LAMMPS等国际主流计算软件商业版权。坐拥1000+计算节点，强大算力资源支持。✅ 数据保密，安心托付签署保密协议，计算数据全流程加密传输与存储，数据隐私安全层层保障，全方位守护，让客户可以安心托付，专注科研创新无后顾之忧。 扫码免费评估 【 ☎️：133-6054-6468 】合作案例10000+高校/企业用户的共同选择，50000+项目成功案例计算矩阵多尺度理论计算解决方案客户评价与业务介绍好评如潮：10000+高校企业信赖之选，华算科技实力圈粉01多尺度理论计算：第一性原理 第一性原理（计算方案包括但是不限于）：电子性质：能带结构、态密度、差分电荷密度、电荷局域密度等反应机理：表面催化反应、HER、OER、NRR、CO2RR、电催化、光催化、热催化、反应路径自由能等过渡态搜索：离子扩散能垒、离子扩散路径、反应能垒、理论反应路径等吸附体系：晶体表面、团簇模型、二维材料、分子体系等光学性质：光吸收谱、介电函数、消光系数、反射系数等声子性质：声子谱、声子态密度、稳定性、热导率等02多尺度理论计算：量子化学 量子化学（计算方案包括但是不限于）：反应机理：有机反应、无机反应、反应机理研究、反应路径计算、反应热力学、动力学等电子性质：结构优化、轨道分析（HOMO/LUMO）、静电势、福井函数等过渡态：过渡态结构、反应能垒、反应机理研究、反应路径等相互作用：结合能、作用位点、作用机理、结合构型等激发态：基态、激发态、紫外-可见光谱、重组能、荧光/磷光等光谱预测：红外光谱、拉曼光谱、电子圆二色谱、NMR核磁谱等03多尺度理论计算：分子动力学分子动力学（计算方案包括但是不限于）：多相体系：气液界面、固气界面、固液界面等均相体系：电解质溶液、金属、离子液体等生物大分子：分子对接、QM/MM、粗粒化动力学模拟、蛋白/DNA/生物膜等扩散体系：气体分子扩散、液体分子扩散、金属体系、界面扩散等吸附体系：多孔材料体系、岩土材料体系、分离膜体系、胶体体系等AIMD：从头算分子动力学、非晶结构、离子迁移过程、化学反应过程等04多尺度理论计算：生物模拟 生物模拟（计算方案包括但是不限于）：分子动力学模拟：配体-受体相互作用、小分子结合自由能、蛋白结构优化等QM/MM：酶催化机理-过渡态历程、质子转移-电荷迁移反应过程、诱导发光机理等其它：虚拟筛选、电子圆二色谱(ECD)、同源建模、分子对接等05多尺度理论计算：有限元仿真 有限元仿真（计算方案包括但是不限于）：光电磁：电场分布、磁场分布、电荷分布、反射/透射/散射等电池仿真：电场分布、浓度场分布、枝晶生长、应力分布、充放电模拟等金属/复合材料：金属加工过程、损伤失效、摩擦磨损、损伤断裂（断裂分析）、疲劳寿命、刚度/强度等流体/相场：两相流体分布、扩散输运、电化学腐蚀等其它：力学性质仿真等06多尺度理论计算：机器学习 机器学习（计算方案包括但是不限于）：机器学习+电催化机器学习+生物半导体结构筛选高熵合金筛选电极材料筛选钙钛矿结构预测等 从提交需求到结果验收的标准化服务体系 算前需求提交付款确认多种计算解决方案，按需定制多种优惠政策，质优价廉专业硕博顾问团队1V1沟通全程反馈进度，先确认后交付算中细节沟通数据交付算后结果验收数据售后服务至审稿意见结束数据终身质保，售后无忧欢迎扫码，与我们联系立即行动：开启一对一服务，加速顶刊产出地址：广东省深圳市光明区凤凰街道东坑社区光明大道481号热线：133-6054-6468 （24小时计算咨询）官网：https://huasuankeji.com技术支持：提供多尺度理论计算方案，一站式科研计算服务点击「阅读原文」立即咨询阅读原文做计算，找华算！,,,,pending
每日更新：钙钛矿电池、钙钛矿LED纪录效率表(知光谷),知光谷,知光谷,"RIOnews API, 钙钛矿, 柔性钙钛矿, 学术研究, 大学, 教授, 科学院, 研究所",normal,2026-08-23T07:53:00+08:00,,前言：细分八个板块，囊括红绿蓝发光二极管、非铅钙钛矿、全无机钙钛矿、单结小面积、单结大面积（组件）；倒置、信你们感兴趣的话题，我们会不定期选择进行原创专栏撰光蓝光白光EQE42.9%32.5%26.4%31.1%团队吉林大学纪文宇、复旦大学杨迎国、北京交通大学唐爱伟、东南大学卢海洲、吉林大学谢文法中科院半导体所张兴旺&游经碧浙江大学狄大卫、叶志镇和戴兴良团队澳门科技大学李述汤、苏州大学谢跃民和冯敏强数据源https://doi.org/10.1038/s41586-026-10134-1https://advanced.onlinelibrary.wiley.com/doi/10.1002/a,http://mp.weixin.qq.com/s?__biz=MzI2MjQ5NDkyOA==&mid=2247568929&idx=4&sn=61fa6f20964e0cb5338e1ed420f7166d,,前言：细分八个板块，囊括红绿蓝发光二极管、非铅钙钛矿、全无机钙钛矿、单结小面积、单结大面积（组件）；倒置、信你们感兴趣的话题，我们会不定期选择进行原创专栏撰光蓝光白光EQE42.9%32.5%26.4%31.1%团队吉林大学纪文宇、复旦大学杨迎国、北京交通大学唐爱伟、东南大学卢海洲、吉林大学谢文法中科院半导体所张兴旺&游经碧浙江大学狄大卫、叶志镇和戴兴良团队澳门科技大学李述汤、苏州大学谢跃民和冯敏强数据源https://doi.org/10.1038/s41586-026-10134-1https://advanced.onlinelibrary.wiley.com/doi/10.1002/a,前言：细分八个板块，囊括红绿蓝发光二极管、非铅钙钛矿、全无机钙钛矿、单结小面积、单结大面积（组件）；倒置、信你们感兴趣的话题，我们会不定期选择进行原创专栏撰光蓝光白光EQE42.9%32.5%26.4%31.1%团队吉林大学纪文宇、复旦大学杨迎国、北京交通大学唐爱伟、东南大学卢海洲、吉林大学谢文法中科院半导体所张兴旺&游经碧浙江大学狄大卫、叶志镇和戴兴良团队澳门科技大学李述汤、苏州大学谢跃民和冯敏强数据源https://doi.org/10.1038/s41586-026-10134-1https://advanced.onlinelibrary.wiley.com/doi/10.1002/adma.202503699https://www.science.org/doi/10.1126/sciadv.ado5645https://pubs.acs.org/doi/10.1021/acsnano.4c18116时间2026年2月11日2025年5月23日2024年7月17日2025年3月26日类锡基近红外锡基红光叠层绿光纯红色EQE11.6%20.29%41.1%23.5%团队南京工业大学王建浦&黄维&常进团队吉林大学王宁，上海大学杨绪勇及洛桑联邦理工学院Michael Grätzel&Lu Haizhou团队苏州大学谢跃民&冯敏强&李述汤中国科学院半导体研究所张兴旺研究员、游经碧研究员团队数据源https://www.nature.com/articles/s41565-023-01588-9https://www.nature.com/articles/s41586-023-06514-6https://doi.org/10.1039/D3TC03466Fhttps://www.science.org/doi/10.1126/science.adj8858时间2024年1月12日2023年8月9日2024年1月24日2024年5月3日类别FA基近红外EQE32%团队南京工业大学黄维院士、王建浦教授、朱琳副教授数据源https://www.nature.com/articles/s41586-024-07460-7时间2024年5月29日PSCs世界纪录（叠层）类别钙钛矿/硅钙钛矿/钙钛矿钙钛矿/钙钛矿钙钛矿/OPVPCE34.6%（1）28.2%（1.038）30.1%（0.0489）25.56单位隆基绿能南京大学、仁烁光电南京大学、仁烁光电香港城市大学曾晓成&朱宗龙&中国科学技术大学杨上峰数据源https://www.nrel.gov/pv/interactive-cell-efficiency.htmlhttps://onlinelibrary.wiley.com/doi/10.1002/pip.3726https://onlinelibrary.wiley.com/doi/10.1002/pip.3726https://onlinelibrary.wiley.com/doi/10.1002/adma.202410692时间2024年05月1日2023年6月1日2024年10月31日2024年9月23日类别钙钛矿/CIGS柔性钙钛矿/晶体硅PCE26.3%（0.222 cm2）33.6%单位首尔大学阿卜杜拉国王科技大学Stefaan De Wolf、苏州大学杨新波和张晓宏数据源https://www.nrel.gov/pv/interactive-cell-efficiencyhttps://doi.org/10.1038/s41586-025-09849-4时间2025年5月2025年11月PSCs世界纪录（组件）类别钙钛矿钙钛矿PCE20.6%（215.53）23.2%（27.2）单位韩国化学技术研究所与韩国半导体设备制造商UniTest洛桑联邦理工学院Mohammad Khaja Nazeeruddin教授、Paul J. Dyson教授、赵康宁、西湖大学王睿研究员以及常州圣盛精工设备有限公司Jiang Sheng等人数据源https://www.nrel.gov/pv/interactive-cell-efficiency.htmlhttps://www.science.org/doi/10.1126/science.ado6619时间2024年6月23日2024年10月31日PSMs世界纪录（单结）类别钙钛矿钙钛矿钙钛矿PCE20.7%稳态效率（810cm²）19.04%稳态效率 ( 20000cm²) 23.30%（ 27.22 cm²）单位极电光能协鑫光电洛桑联邦理工学院Paul J. Dyson、 Mohammad Khaja Nazeeruddin、丁勇、苏州大学张晓宏数据源https://mp.weixin.qq.com/s/a2OHPAYLEr_NccLdaoe0Lwhttps://mp.weixin.qq.com/s?__biz=MzI2MjQ5NDkyOA==&mid=2247530134&idx=3&sn=209efe45aaceb933bbfa95dbfac67f3b&chksm=ea487929dd3ff03f8b86eecaf830168999712614e226fe4ae0e64d2d35124a91842a94be96e1&token=776053579&lang=zh_CN#rdhttps://doi.org/10.1038/s41586-024-07228-z时间2023年2月27日2024年3月6日2024年3月7日PSCs世界纪录类别钙钛矿钙钛矿（倒置）钙钛矿（正置）钙钛矿（倒置）1.67eVPCE27.3%（0.01cm2）27.6%26.5效率（认证26.31%）23.1% 效率（认证 22.95%） 单位苏州大学教授彭军、张晓宏团队联合澳大利亚新南威尔士大学及浙江省白马湖实验室华中科技大学陈炜、刘宗豪、韩国成均馆大学Nam-Gyu Park、刘三万、俄罗斯科学院Pavel A. Troshin和深圳职业技术大学李竞白团队北京大学赵丽臣和朱瑞团队武汉大学王植平团队数据源https://onlinelibrary.wiley.com/doi/10.1002/pip.3919https://www.science.org/doi/10.1126/science.aeb9953https://doi.org/10.1038/s41560-024-01642-3https://doi.org/10.1002/adma.202307701时间2025年5月26日2025年2月10日2024年9月16日类别二维n=5钙钛矿柔性钙钛矿空气中制备钙钛矿PCE22.26%25.44%25.08%单位韩国成均馆大学Nam-Gyu Park团队南昌大学胡笑添和陈义旺团队华北电力大学李美成数据源https://pubs.acs.org/doi/10.1021/acsenergylett.1c02645https://doi.org/10.1002/adfm.202424191https://doi.org/10.1038/s41560-023-01358-w时间2022年1月24日2025年2月7日2023年9月28日PSCs世界纪录类别锡基 FA-PEASnI3 锡基 FASnI3锡基无机CsSnI2BrPCE15.38%15.7%11.87%单位华侨大学魏展画、田成波团队上海科技大学米启兮团队高丽大学Ki-Ha Hong、韩巴大学Sang Hyuk Im数据源https://www.nature.com/articles/s41566-024-01381-7https://doi.org/10.1021/acsenergylett.4c00529https://pubs.acs.org/doi/abs/10.1021/acsenergylett.3c02032时间2024年1月29日2024年4月4日2021年9月9日类别锡基无机CsSnI3锡铅混合PCE11.21%24.13%单位华南理工严克友团队上海交通大学陈汉团队数据源https://onlinelibrary.wiley.com/doi/10.1002/adma.202300503https://doi.org/10.1038/s41467-024-51361-2时间2023年3月30日2024年8月12日PSCs世界纪录类别无掺杂HTM金属有机物无掺HTM小分子倒置HTMPCE24.60%21.30%25.70%单位韩国高丽大学Eui Hyuk Jung、Jun Hong Noh团队韩国蔚山国家科学技术研究所Sang Il Seok团队南方科技大学徐保民、王行柱、章勇、湘潭大学闫磊以及香港城市大学Alex K.-Y. Jen等人数据源https://pubs.rsc.org/en/content/articlepdf/2021/ee/d0ee03312jhttps://onlinelibrary.wiley.com/doi/10.1002/adfm.202110473https://pubs.acs.org/doi/10.1021/jacs.4c13355时间2021年3月2日2021年12月8日2024年12月18日类别碳电极全无机反式无HTM碳电极PCE23.24%18.05%19.06%单位大连理工大学王宇迪、史彦涛团队陕西师范大学向万春&大连化物所刘生思&韩国蔚山国立科学技术研究院SanglSeok华南农业大学潘振晓&钟新华数据源https://advanced.onlinelibrary.wiley.com/doi/10.1002/aenm.202405355https://www.sciencedirect.com/science/article/abs/pii/S2542435125000078https://onlinelibrary.wiley.com/doi/epdf/10.1002/anie.202302342时间2025年3月4日2025年2月3日2023年3月31日PSCs世界纪录类别CsPbI3CsPbBr3CsPb3-XIx(反式)CsPbI2BrPCE20.82%11.08%21.0%18.05%单位陕西师范大学向万春&大连化物所刘生忠&韩国蔚山国立科学技术研究院Sang Il Seok中国暨南大学段加龙、唐群委陕西师范大学向万春、刘生忠国家纳米科学中心左传天和丁黎明，中南大学刘芳洋及洛桑联邦理工学院丁勇数据源https://doi.org/10.1016/j.joule.2025.101826https://onlinelibrary.wiley.com/doi/10.1002/advs.202101418https://onlinelibrary.wiley.com/doi/10.1002/adma.202312237https://onlinelibrary.wiley.com/doi/abs/10.1002/aenm.202300738时间2025年2月3日2021年8月8日2024年2月16日2023年7月23日PSCs的开压世界纪录类别FAPbI3CsPbI3CsPbBr3最高开压1.18V1.33V1.702V单位韩国蔚山国家科学技术研究所（UNIST）Changduk Yang团队中国中科院半导体所游经碧团队中国暨南大学段加龙&唐群委团队 数据源https://www.science.org/doi/10.1126/science.abb7167https://onlinelibrary.wiley.com/doi/abs/10.1002/smll.202005246https://onlinelibrary.wiley.com/doi/10.1002/advs.202101418时间2020年9月25日 2020年11月23日2021年8月8日类别CsPbI2BrCsPbIBr2MAPbCl3最高开压1.45V1.54V1.78V单位德国埃尔兰根-纽伦堡大学Ning Li、Christoph J. Brabec团队日本横滨大学Zhanglin Guo&Tsutomu Miyasaka团队斯图加特大学Mahdi Malekshahi、Byranvand及Michael Saliba等人数据源https://pubs.acs.org/doi/10.1021/acsenergylett.2c01883https://onlinelibrary.wiley.com/doi/10.1002/adfm.202207554https://pubs.acs.org/doi/abs/10.1021/acsenergylett.3c02777时间2022年10月24日2022年8月21日2024年2月16日持续更新中...新突破的记录，欢迎读者投稿学术交流QQ群知光谷光伏器件学术QQ群：641345719钙钛矿产教融合交流@知光谷（微信群）：需添加编辑微信为加强科研合作，我们为海内外科研人员专门开通了钙钛矿科创合作专业科研交流微信群。加微信群方式：添加编辑微信 pvalley2024，备注：姓名-单位-研究方向（无备注请恕不通过），由编辑审核后邀请入群。欢迎查阅，欢迎反馈！,,,,pending
大连理工大学史彦涛AM：中间相介导的宽带隙钙钛矿均匀结晶用于高效硅/钙钛矿叠层太阳能电池,知光谷,知光谷,"RIOnews API, 钙钛矿, 钙钛矿/晶硅叠层",normal,2026-08-23T07:53:00+08:00,,"实现组成均匀的混合卤素（I和Br）宽带隙钙钛矿薄膜对于高效钙钛矿/晶硅叠层太阳能电池至关重要，然而碘化物和溴化物富集相之间不同的结晶动力学容易导致卤素偏析和元素分布不均，从而损害叠层器件的性能。本研究采用3,4,5-三氟苯硼酸（3FBBA） 作为多功能调控剂，通过互补的氢键和配位作用同时与有机阳离子和铅-卤素八面体相互作用，从而从根本上改变了α相钙钛矿的形成机制——将自发的、不可控的直接结晶路径转变为由高度有序中间相介导的、调控良好的相变过程。这些结构有序的中间相作为预结构骨架，引导高质量α相钙钛矿的形成。得益于此策略，所得宽带隙钙钛矿薄膜具有增大的晶粒尺寸和降低的缺陷密度，抑制了非辐射复合损",http://mp.weixin.qq.com/s?__biz=MzI2MjQ5NDkyOA==&mid=2247568929&idx=2&sn=69bcb1177d275c22e1cbfcf1ce29f4c7,,"实现组成均匀的混合卤素（I和Br）宽带隙钙钛矿薄膜对于高效钙钛矿/晶硅叠层太阳能电池至关重要，然而碘化物和溴化物富集相之间不同的结晶动力学容易导致卤素偏析和元素分布不均，从而损害叠层器件的性能。本研究采用3,4,5-三氟苯硼酸（3FBBA） 作为多功能调控剂，通过互补的氢键和配位作用同时与有机阳离子和铅-卤素八面体相互作用，从而从根本上改变了α相钙钛矿的形成机制——将自发的、不可控的直接结晶路径转变为由高度有序中间相介导的、调控良好的相变过程。这些结构有序的中间相作为预结构骨架，引导高质量α相钙钛矿的形成。得益于此策略，所得宽带隙钙钛矿薄膜具有增大的晶粒尺寸和降低的缺陷密度，抑制了非辐射复合损","实现组成均匀的混合卤素（I和Br）宽带隙钙钛矿薄膜对于高效钙钛矿/晶硅叠层太阳能电池至关重要，然而碘化物和溴化物富集相之间不同的结晶动力学容易导致卤素偏析和元素分布不均，从而损害叠层器件的性能。本研究采用3,4,5-三氟苯硼酸（3FBBA） 作为多功能调控剂，通过互补的氢键和配位作用同时与有机阳离子和铅-卤素八面体相互作用，从而从根本上改变了α相钙钛矿的形成机制——将自发的、不可控的直接结晶路径转变为由高度有序中间相介导的、调控良好的相变过程。这些结构有序的中间相作为预结构骨架，引导高质量α相钙钛矿的形成。得益于此策略，所得宽带隙钙钛矿薄膜具有增大的晶粒尺寸和降低的缺陷密度，抑制了非辐射复合损失并加速了电荷转移动力学。最终，1.66 eV宽带隙单结钙钛矿太阳能电池实现了24.09% 的高效率，而两端钙钛矿/硅叠层电池则取得了33.6% 的冠军效率。值得注意的是，未封装的叠层器件在环境大气条件下连续最大功率点追踪571小时后仍保持90% 以上的初始效率。研究亮点：“中间相介导”结晶路径重构：3FBBA通过–B(OH)₂与卤素离子的配位作用、–OH与有机阳离子的氢键作用，将原本无序的直接结晶转化为高度有序中间相（(FAₓMA₁₋ₓ)₂Pb₃(IBr)₈·2DMSO）→α相的相变过程。原位XRD和PL追踪证实该中间相作为“预结构骨架”引导均匀结晶，将Br-rich和I-rich相的不同步结晶同步化，从根本上抑制了卤素偏析。分子结构精细化设计：通过对比3FBBA（间/对位三氟取代）与5FBBA（全氟取代），发现3FBBA因无邻位位阻、保持良好平面性和p-π共轭，具有更强偶极矩（3.19D vs 1.80D）和更优吸附能，说明并非氟原子越多越好，分子构型与电子分布才是关键。效率与稳定性双优：单结宽带隙（1.66 eV）器件效率24.09%（VOC 1.25 V，FF 86.12%），钙钛矿/硅叠层器件效率33.6%；未封装叠层器件在571小时MPPT后仍保持90% 初始效率，在4488小时暗态储存后仍保持96.7%效率，在85°C/85% RH双85测试中T80寿命达672小时，展现出卓越的器件耐久性。R. Cao, W. Shang, P. Wang, et al. “ Intermediate-Phase-Mediated Homogeneous Crystallization of Wide-Bandgap Perovskite for Efficient Silicon/Perovskite Tandem Solar Cells.” Advanced Materials (2026): e74784. https://doi.org/10.1002/adma.74784学术交流QQ群知光谷光伏器件学术QQ群：641345719钙钛矿产教融合交流@知光谷（微信群）：需添加编辑微信为加强科研合作，我们为海内外科研人员专门开通了钙钛矿科创合作专业科研交流微信群。加微信群方式：添加编辑微信pvalley2024，备注：姓名-单位-研究方向（无备注请恕不通过），由编辑审核后邀请入群。",,,,pending
摘帽复牌+批量交付双利好！逸飞激光钙钛矿设备扛起第二增长曲线,知光谷,知光谷,"RIOnews API, 钙钛矿, 柔性钙钛矿, 产品发布, 发布, 上市, 信息披露, 年报, 披露, 合作进展, 融资, 合作, 量产推进, 批量交付, 产能, 下线",normal,2026-08-23T07:53:00+08:00,,8 月 11 日晚间逸飞激光发布摘帽更名公告，12 日全天停牌、13 日正式撤销 ST标识。同步传来重磅产业利好，公司第二代大幅面钙钛矿激光设备已批量供货光伏龙头，拿下多款 2㎡叠层组件成套装备订单，精准匹配行业 2027-2028 中试线集中建设周期，钙钛矿装备国产替代进程再提速。#1逸飞激光企业简介逸飞激光（688646）2005 年成立于武汉光谷，科创板上市国家级专精特新 “小巨人” 企业，主营精密激光智能装备研发制造。传统主业为锂电池全套产线设备，同时布局光伏钙钛矿、半导体激光加工装备，覆盖 P1-P7 全工序激光设备，可适配实验室、MW 中试、未来 GW 量产全场景，是国内少数实现大,http://mp.weixin.qq.com/s?__biz=MzI2MjQ5NDkyOA==&mid=2247568929&idx=3&sn=171467e69d16b8ccd40aaeb905640c9f,,8 月 11 日晚间逸飞激光发布摘帽更名公告，12 日全天停牌、13 日正式撤销 ST标识。同步传来重磅产业利好，公司第二代大幅面钙钛矿激光设备已批量供货光伏龙头，拿下多款 2㎡叠层组件成套装备订单，精准匹配行业 2027-2028 中试线集中建设周期，钙钛矿装备国产替代进程再提速。#1逸飞激光企业简介逸飞激光（688646）2005 年成立于武汉光谷，科创板上市国家级专精特新 “小巨人” 企业，主营精密激光智能装备研发制造。传统主业为锂电池全套产线设备，同时布局光伏钙钛矿、半导体激光加工装备，覆盖 P1-P7 全工序激光设备，可适配实验室、MW 中试、未来 GW 量产全场景，是国内少数实现大,8 月 11 日晚间逸飞激光发布摘帽更名公告，12 日全天停牌、13 日正式撤销 ST标识。同步传来重磅产业利好，公司第二代大幅面钙钛矿激光设备已批量供货光伏龙头，拿下多款 2㎡叠层组件成套装备订单，精准匹配行业 2027-2028 中试线集中建设周期，钙钛矿装备国产替代进程再提速。#1逸飞激光企业简介逸飞激光（688646）2005 年成立于武汉光谷，科创板上市国家级专精特新 “小巨人” 企业，主营精密激光智能装备研发制造。传统主业为锂电池全套产线设备，同时布局光伏钙钛矿、半导体激光加工装备，覆盖 P1-P7 全工序激光设备，可适配实验室、MW 中试、未来 GW 量产全场景，是国内少数实现大幅面钙钛矿激光设备批量交付的国产厂商，客户覆盖多家全球头部光伏、锂电企业。#2摘帽、停牌、更名完整公告详情1、ST 风险警示由来公司 2024 年内控审计被出具否定意见，2025 年 5 月起简称变更为 ST 逸飞；经过全年完整内控整改，2025 年报内控审计出具标准无保留意见，历史风险事项全部消除，公司 4 月提交摘帽申请并获上交所批准。2、时间安排·2026.08.12：全天停牌，办理撤销风险警示手续；·2026.08.13：复牌交易，证券简称由 ST 逸飞改为逸飞激光，股票代码不变，科创板 20% 涨跌幅规则维持不变。3、经营基本面支撑2025 年公司总营收 8.03 亿元，同比增长 16.03%；年末在手订单 21.11 亿元，同比提升 59.12%，钙钛矿光伏设备是今年新增核心订单增量板块。#3钙钛矿激光设备业务核心进展1、第二代 1200mm×600mm 全通道激光系统批量交付该设备为钙钛矿电池定制核心装备，集成 P1-P4 全套激光划线、在线缺陷检测模块，刻划精度控制在 ±5μm 以内，单机产能适配百兆瓦级中试线。2026 年 5 月已完成整机下线并发货国内头部光伏企业，是当前落地规模最大的国产大幅面钙钛矿激光加工设备。2、2㎡以上钙钛矿叠层成套设备批量订单落地2026年初与一线光伏龙头签署批量采购合同，产品覆盖大尺寸叠层组件全流程激光装备，实现国产钙钛矿核心设备批量供货，打破海外设备厂商垄断。设备可匹配各大组件商企业 2027-2028 年数百兆瓦中试线建设规划，为叠层产业化提供硬件支撑。3、完整钙钛矿激光装备产品矩阵公司覆盖钙钛矿全生产工序设备，幅面覆盖 300×300mm 至 2400×1200mm，包含：P1-P4 集成划线机、P5 透光设备、P6裂片设备、P7 玻璃打孔机、柔性卷对卷激光产线，可根据企业产能灵活搭配 2-24 组激光头，适配BIPV、地面光伏、柔性光伏多元场景。【焦耳洞察】企业层面摘帽解除内控带来的合作、融资限制，充足在手订单叠加钙钛矿新业务放量，打开长期成长空间；行业层面头部光伏企业加速布局叠层中试，上游激光设备商提前完成设备定型、批量交付，印证钙钛矿产业化节奏明确，设备环节率先兑现行业红利。8月13日，逸飞激光（688646.SH）正式撤销其他风险警示，证券简称由“ST逸飞”恢复为“逸飞激光”，股票复牌交易，日涨跌幅限制仍为20%。此次“摘帽”源于公司完成此前因2024年度内部控制审计被出具否定意见而实施的风险警示整改。公司2025年度内部控制审计已获无保留意见，并经上交所审核同意撤销其他风险警示。01产品覆盖从P1到P7的全工序激光加工2026年以来，逸飞激光（688646.SH）在钙钛矿光伏激光加工设备领域接连落地批量订单。据公司披露，公司先后与国内光伏龙头企业签署2㎡+级钙钛矿叠层激光加工设备批量订单，同时为某钙钛矿光伏电池头部企业打造的第二代1200mm×600mm全通道激光加工系统已完成下线发货。逸飞激光围绕钙钛矿电池制造已建立完整产品体系，覆盖P1/P2/P3/P4集成一体化及自动化在线设备、P5激光透光设备、P6切割裂片一体设备、P7玻璃打孔系统，以及柔性钙钛矿卷对卷激光划线系统（RTR）。产品支持300mm×300mm至2400mm×1200mm全幅面定制，可搭载2/4/8/12/24多数量激光头，匹配不同客户的工艺节拍需求。逸飞激光试图覆盖的不再是单一“划线设备”，而是钙钛矿组件制造中多个激光加工环节。02能力迁移：成熟装备企业的“第二增长曲线”逸飞激光的主营业务仍是新能源电池激光智能装备，截至2025年末在手订单21.11亿元，同比增长59.12%；2026年一季度末合同负债9.49亿元，较2025年末增长74.23%。钙钛矿业务目前是其巩固主业之外的前瞻布局。这一路径对钙钛矿设备行业具有参考意义：成熟装备企业正在将激光、运动控制、自动化、在线检测等领域积累的技术能力迁移至钙钛矿制造场景。这意味着未来钙钛矿设备行业的竞争，将不仅是“钙钛矿原生设备公司”之间的竞争，还将有来自锂电、半导体、显示、精密激光等领域的成熟装备企业入场。它们带来的不仅是设备，更是成熟制造业沉淀下来的工艺经验、客户资源、供应链能力和规模化交付能力。逸飞激光的批量订单，正是这一趋势的先行信号。随着越来越多来自锂电、半导体、显示等领域的成熟装备企业涌入钙钛矿赛道，您认为钙钛矿设备行业的竞争格局会发生怎样的变化？“钙钛矿原生设备公司”与“跨界成熟装备企业”各自的优势和瓶颈分别在哪里？欢迎评论区聊聊你的看法。学术交流QQ群知光谷光伏器件学术QQ群：641345719钙钛矿产教融合交流@知光谷（微信群）：需添加编辑微信为加强科研合作，我们为海内外科研人员专门开通了钙钛矿科创合作专业科研交流微信群。加微信群方式：添加编辑微信 pvalley2024，备注：姓名-单位-研究方向（无备注请恕不通过），由编辑审核后邀请入群。欢迎查阅，欢迎反馈！,,,,pending
Sci. Adv.详细解读：分子驱动无铅卤化物光铁电固溶体实现高温自供电X射线探测,知光谷,知光谷,"RIOnews API, 钙钛矿, 学术研究, 科学院, 研究所",normal,2026-08-23T07:53:00+08:00,,"第一作者： Lijun Xu、 Yao Li、Qianwen Guan通讯作者：中国科学院福建物质结构研究所Lina Li, Junhua Luo研究亮点：首次通过阳离子工程对称性调控实现异价金属固溶体双钙钛矿铁电体：通过设计含卤素（Br、F）取代的有机阳离子4Br2FBZ，诱导结构对称性从单斜（点群2）提升至正交（点群mm2），驱动Ag⁺和Bi³⁺从交替有序排列转变为混合位点固溶体模式——EDS和XPS证实Ag/Bi均匀分布；八面体畸变参数Δd从1.83×10⁻³（PA-CAB）大幅降至1.46×10⁻⁴，σ₁²从56.58降至8.39，有效消除了异价金属离子半径差异导致的晶格扭曲。实现48",http://mp.weixin.qq.com/s?__biz=MzI2MjQ5NDkyOA==&mid=2247568929&idx=1&sn=2e010c5f5014c71d1be044fb0d72ece6,,"第一作者： Lijun Xu、 Yao Li、Qianwen Guan通讯作者：中国科学院福建物质结构研究所Lina Li, Junhua Luo研究亮点：首次通过阳离子工程对称性调控实现异价金属固溶体双钙钛矿铁电体：通过设计含卤素（Br、F）取代的有机阳离子4Br2FBZ，诱导结构对称性从单斜（点群2）提升至正交（点群mm2），驱动Ag⁺和Bi³⁺从交替有序排列转变为混合位点固溶体模式——EDS和XPS证实Ag/Bi均匀分布；八面体畸变参数Δd从1.83×10⁻³（PA-CAB）大幅降至1.46×10⁻⁴，σ₁²从56.58降至8.39，有效消除了异价金属离子半径差异导致的晶格扭曲。实现48","第一作者： Lijun Xu、 Yao Li、Qianwen Guan通讯作者：中国科学院福建物质结构研究所Lina Li, Junhua Luo研究亮点：首次通过阳离子工程对称性调控实现异价金属固溶体双钙钛矿铁电体：通过设计含卤素（Br、F）取代的有机阳离子4Br2FBZ，诱导结构对称性从单斜（点群2）提升至正交（点群mm2），驱动Ag⁺和Bi³⁺从交替有序排列转变为混合位点固溶体模式——EDS和XPS证实Ag/Bi均匀分布；八面体畸变参数Δd从1.83×10⁻³（PA-CAB）大幅降至1.46×10⁻⁴，σ₁²从56.58降至8.39，有效消除了异价金属离子半径差异导致的晶格扭曲。实现484 K（~211°C）高居里温度——远超室温，显著拓展了无铅双钙钛矿铁电体的温度应用范围；DSC显示484 K处可逆相变峰，SHG信号在T_c附近消失，变温介电常数呈现尖锐峰异常，热电电流积分获得自发极化~0.42 μC/cm²，PFM直接观测到铁电畴及极化翻转（相位180°翻转、振幅蝴蝶回线）。优化电子能带结构显著增强载流子传输：固溶体策略使激子结合能从BZ-CAB的>100 meV降至76.9 meV（更接近3D钙钛矿），PL寿命从~10 ns延长至13.02 ns，SCLC测得陷阱密度仅9.63×10⁹ cm⁻³（比(Ba)₂CsAgBiBr₇低一个数量级），载流子迁移率达11.6 cm² V⁻¹ s⁻¹，电阻率1.87×10¹¹ Ω·cm，μτ乘积8.22×10⁻⁴ cm² V⁻¹——综合性能优于多数已报道2D无铅钙钛矿。创纪录的自供电X射线探测性能：0 V偏压下灵敏度273.8 μC Gyair⁻¹ cm⁻²（超α-Se在10⁵ V/cm高电场下的20 μC Gyair⁻¹ cm⁻²），检测限65.6 nGyair s⁻¹（远低于商用α-Se的5500 nGyair s⁻¹）；得益于484 K高T_c，425 K高温下灵敏度升至896.9 μC Gyair⁻¹ cm⁻²，检测限低至13.9 nGyair s⁻¹——为迄今报道的自供电X射线探测器最佳高温性能之一。一、本研究针对的问题与挑战有机-无机杂化钙钛矿光铁电半导体在传感、光电探测和数据存储等领域具有重要应用。然而，铅毒性问题严重制约了其实际应用。卤素双钙钛矿（如Cs₂AgBiBr₆）作为无铅替代方案展现出潜力，但其高度对称的3D结构无法产生铁电性。通过引入有机阳离子降低维度至2D可诱导对称性破缺实现铁电性，但异价金属离子（Ag⁺和Bi³⁺）的半径差异导致大幅晶格畸变，同时电子结构差异引起增强的载流子散射，两者共同导致载流子迁移率低下，严重限制了光电转换效率。二、成果简介本文提出阳离子工程对称性调控策略，通过设计4-溴-2-氟苄铵（4Br2FBZ）有机阳离子，将结构对称性从单斜提升至正交，驱动Ag/Bi从交替排列转变为混合位点固溶体模式——有效消除了异价金属离子半径差异引起的晶格畸变，优化了电子能带结构并增强载流子传输。该材料同时实现484 K的高居里温度（T_c），显著扩展了无铅铁电体的温度应用范围。基于其优异的光电和铁电性能，室温自供电X射线探测灵敏度达273.8 μC Gyair⁻¹ cm⁻²，425 K高温下提升至896.9 μC Gyair⁻¹ cm⁻²——为无铅钙钛矿光铁电材料用于高温自供电辐射探测提供了新范式。三、结果与讨论要点 1 阳离子工程诱导结构对称性提升与金属离子固溶体形成阳离子设计与对称性演化（图1A-B, S1-S3）：作者系统研究了五种有机阳离子（PA、BA、BZ、4BrBZ、4Br2FBZ）对双钙钛矿结构的影响。4Br2FBZ-CAB的晶体结构如图1A-B所示，有机层与无机框架沿a轴交替堆叠。从PA到4Br2FBZ，有机间隔层间距从6.80 Å扩大至12.29 Å（S4）；4Br2FBZ-CAB中有机层通过Br-π相互作用和Br⋯Br卤键连接（S5-S6），F原子参与F-π相互作用和F⋯Br卤素相互作用——这些丰富的分子间作用力约束了无机框架的摆动，降低了结构扭曲（图1C-D）。对称性提升驱动金属离子固溶体（图2A-C, S7-S8, Table S5）：PA-CAB、BA-CAB、BZ-CAB均结晶于单斜晶系（点群2）——低对称性导致Ag/Bi占据不同分裂位点。而4BrBZ-CAB和4Br2FBZ-CAB结晶于正交晶系（点群mm2），Ag和Bi可混合占据同一晶位（图2A）。八面体畸变参数（图2B）对比：PA-CAB的[AgBr₆]八面体Δd=1.83×10⁻³、σ₁²=56.58、σ₂²=53.29；4Br2FBZ-CAB的[Ag₀.₅Bi₀.₅Br₆]八面体Δd=1.46×10⁻⁴、σ₁²=8.39、σ₂²=0.22——结构畸变大幅降低。高温相（HTP）中化合物若结晶于四方晶系（I4/mmm），Ag/Bi同样采用混合位点模式（S8），进一步证明结构对称性是决定金属离子占位模式的关键。要点 2 固溶体双钙钛矿的元素组成与铁电性质元素分析（图3A-F）：高质量黄色块状单晶（图3A）。Ag和Bi以等比例形成固溶体（图3B）。EDS面扫（图3C）显示Ag和Bi在晶体中均匀分布。XPS（图3D-F）确认Ag⁺（Ag3d₅/₂~368.1 eV，Ag3d₃/₂~374 eV）和Bi³⁺（Bi4f₇/₂~159.3 eV，Bi4f₅/₂~164.6 eV）的化学态，与预期一致。相变与居里温度（图4A-F, S9）：TGA显示4Br2FBZ-CAB热稳定至~527 K（S9）。DSC（图4D）在484 K处呈现一对可逆放热/吸热峰，对应可逆相变。变温介电常数（图4E）在T_c处呈现尖锐峰异常。SHG信号（图4F）室温下约为KDP的0.3倍（图4F插图），随温度升高逐渐减弱，T_c附近几乎消失——证实了从非中心对称到中心对称的结构转变。热释电电流（图5A）积分获得自发极化~0.42 μC/cm²。PFM直接观测铁电性（图5B-F）：PFM相位滞后回线（图5B）显示~180°相位翻转，振幅蝴蝶回线（图5C）呈现典型铁电特征。形貌图（图5D）、振幅图（图5E）和相位图（图5F）共同证实了铁电畴的存在和极化翻转能力。要点 3 固溶体策略优化光学与半导体性能带隙与激子结合能（图6A-B, S12-S13）：UV-vis吸收显示吸收边在562 nm，带隙2.20 eV（图6A）。DFT计算（S12）显示直接带隙特征，计算值2.37 eV与实验吻合。温度依赖PL（图6B）拟合获得激子结合能E_b=76.9 meV——低于BZ-CAB（S13），高于3D钙钛矿但低于大多数2D层状钙钛矿，表明固溶体策略有效增强了载流子传输。PL寿命与SCLC载流子迁移率（图6C-D）：PL衰减曲线（图6C）显示4Br2FBZ-CAB寿命13.02 ns（BZ-CAB约10 ns）。SCLC（图6D）分为欧姆区、陷阱填充区和Child区，陷阱密度n_trap=9.63×10⁹ cm⁻³（比(Ba)₂CsAgBiBr₇的4.2×10¹⁰低一个数量级），载流子迁移率μ≈11.6 cm² V⁻¹ s⁻¹——与2D铅基钙钛矿相当，证实了高效载流子传输。电阻率与μτ乘积（图6E-F）：4Br2FBZ-CAB电阻率ρ=1.87×10¹¹ Ω·cm（图6E），超过多数已报道钙钛矿单晶辐射探测器。μτ乘积（图6F）为8.22×10⁻⁴ cm² V⁻¹，远高于BZ-CAB的5.66×10⁻⁵，证明了辐射探测的显著潜力。要点 4 自供电X射线探测性能与高温运行稳定性自供电探测原理（图7A-C, S14）：铁电体沿极化方向光照可产生铁电体光伏效应——光生载流子自发分离和传输，实现自供电探测。图7C显示开路电压1.22 V（沿c轴），为自供电提供驱动力。X射线吸收系数和衰减效率（图7B, S14）超过Si和α-Se，证明优异的X射线阻挡能力。室温自供电性能（图7D-H, S15-S16）：0 V偏压下不同剂量率的X射线开关响应（图7D）显示高开关比和优异稳定性。不同偏压下光电流密度与剂量率呈高度线性（图7E）。0 V偏压下灵敏度273.8 μC Gyair⁻¹ cm⁻²（图7F），90 V下达3098.2 μC Gyair⁻¹ cm⁻²——0 V下灵敏度远超α-Se在10⁵ V/cm高电场下的20 μC Gyair⁻¹ cm⁻²。检测限（SNR=3）为65.6 nGyair s⁻¹（图7G），远低于商用α-Se的5500 nGyair s⁻¹。BZ-CAB灵敏度较低（S16），证实固溶体策略增强光响应。连续辐照下光电流衰减可忽略（图7H），暗电流漂移仅2.59×10⁻⁸ nA cm⁻¹ s⁻¹ V⁻¹（90 V偏压），与已报道最优值相当。高温自供电性能（图7I-M, S17-S20）：由于T_c高达484 K，器件可在300–425 K宽温区0 V偏压下工作。随温度升高，暗电流几乎不变，光电流逐渐增强（图7I）——归因于温度激活更高载流子浓度和延长有效寿命（μτ随温度升高，S17）。425 K下灵敏度达896.9 μC Gyair⁻¹ cm⁻²，检测限降至13.9 nGyair s⁻¹（图7J, S18）。与已报道材料对比（图7K, Table S6），4Br2FBZ-CAB在0 V偏压下兼具超高灵敏度和超低检测限，优于多数已报道的自供电甚至外加偏压器件及传统材料。热循环4次后响应几乎无衰减（图7L），425 K连续开关循环稳定性优异（图7M），PXRD确认相稳定性（S19）——证实了该材料在高温辐射探测领域的巨大潜力。四、小结本文通过阳离子工程对称性调控策略，设计合成了无铅卤化物双钙钛矿光铁电固溶体4Br2FBZ-CAB。含卤素（Br、F）有机阳离子引入的丰富分子间相互作用（Br-π、F-π、Br⋯Br、F⋯Br）约束无机框架摆动、降低结构扭曲，将结构对称性从单斜（点群2）提升至正交（点群mm2）——驱动Ag/Bi从交替排列转变为混合位点固溶体模式，八面体畸变参数Δd从1.83×10⁻³降至1.46×10⁻⁴（降低>90%），σ₁²从56.58降至8.39。固溶体策略优化了电子能带结构——激子结合能降至76.9 meV（低于BZ-CAB），陷阱密度仅9.63×10⁹ cm⁻³（低于已报道2D无铅钙钛矿一个数量级），迁移率达11.6 cm² V⁻¹ s⁻¹。同时实现484 K高居里温度（DSC/SHG/PFM证实），器件在300–425 K宽温区稳定运行。室温自供电X射线探测灵敏度273.8 μC Gyair⁻¹ cm⁻²（0 V偏压，超α-Se在10⁵ V/cm下的20 μC Gyair⁻¹ cm⁻²），检测限65.6 nGyair s⁻¹；425 K高温下灵敏度升至896.9 μC Gyair⁻¹ cm⁻²，检测限低至13.9 nGyair s⁻¹。该工作为拓展高T_c无铅钙钛矿铁电体家族、实现高效高温自供电辐射探测提供了新范式。五、参考文献Xu, L., Li, Y., Guan, Q. et al. Molecular-driven lead-free halide photoferroelectric solid solution for high-temperature sensitive self-powered x-ray detection. Sci. Adv. 12, eaf7693 (2026).https://doi.org/10.1126/sciadv.aef7693相关产品推荐：还在为钙钛矿等敏感材料沉积 “设备笨重难部署、界面易受水氧污染、薄膜均匀性差” 发愁？Quantum Design中国引进的GEMStar XT 台式原子层沉积系统重磅破局！以 82×64×31cm 小巧机身集成全功能，侧开式腔门无缝对接手套箱隔绝污染，攻克传统设备痛点，更助力科研团队在《Nature》发表成果，实现钙钛矿太阳能电池 26.92% 认证效率与超 1000 小时热稳定性突破！核心优势：支持 1500:1 高深宽比 3D 结构与多尺寸基片均匀沉积可实现99.9% 温度均匀性、超 99% 膜厚均匀性及 ALD/MLD 兼容能力支持 4、6、8 英寸多片样品同时沉积，无论是基础研究还是批量验证，都能高效满足侧面手套箱集成不占地、无热干扰；应用领域：覆盖量子点器件、钙钛矿太阳能电池、锂电池、催化材料等，精准获取薄膜成分均匀性、结构稳定性等核心数据，助力高水平成果产出，是纳米技术、光电材料研究的硬核工具！若您对原子层沉积设备有任何问题，欢迎扫码咨询！学术交流QQ群知光谷光伏器件学术QQ群：641345719钙钛矿产教融合交流@知光谷（微信群）：需添加编辑微信为加强科研合作，我们为海内外科研人员专门开通了钙钛矿科创合作专业科研交流微信群。加微信群方式：添加编辑微信pvalley2024，备注：姓名-单位-研究方向（无备注请恕不通过），由编辑审核后邀请入群。",,,,pending
中国科学院苏州纳米技术与纳米仿生研究所JACS:高熵合金启发的可编程空位拓扑调控Ru中心碱性析氢反应性能研究,电催化科研社,电催化科研社,"RIOnews API, 电化学合成, 电催化, 电解水, 学术研究, 科学院, 研究所",normal,2026-08-23T07:22:54+08:00,,一、研究背景通过电催化分解水制取氢气，尤其是碱性条件下的析氢反应（HER），凭借高能量密度、产物纯度高的优势，是支撑可再生能源存储、实现“碳中和”目标的核心技术路径之一。相较于酸性电解环境，碱性电解具备电极材料耐久性好、整体运行成本低的突出优势，因此开发高性价比、高效率的多金属碱性析氢电催化剂，对行业的可持续发展与经济性落地有着极为关键的意义。近年来，高熵合金以及范畴更广的多元主元合金，凭借电子结构可精准调控、稳定性优异的独特性质，成为了HER电催化领域的前沿研究方向。现有研究已经证实，通过精细调控合金组分、引入晶格畸变、堆垛层错等表面缺陷，能够有效提升高熵合金的催化性能。而空位工程更是被公认,http://mp.weixin.qq.com/s?__biz=MzI4MTE2MjIxOQ==&mid=2650306811&idx=3&sn=af5f79adbf70edbd03362eaa366b7607,,一、研究背景通过电催化分解水制取氢气，尤其是碱性条件下的析氢反应（HER），凭借高能量密度、产物纯度高的优势，是支撑可再生能源存储、实现“碳中和”目标的核心技术路径之一。相较于酸性电解环境，碱性电解具备电极材料耐久性好、整体运行成本低的突出优势，因此开发高性价比、高效率的多金属碱性析氢电催化剂，对行业的可持续发展与经济性落地有着极为关键的意义。近年来，高熵合金以及范畴更广的多元主元合金，凭借电子结构可精准调控、稳定性优异的独特性质，成为了HER电催化领域的前沿研究方向。现有研究已经证实，通过精细调控合金组分、引入晶格畸变、堆垛层错等表面缺陷，能够有效提升高熵合金的催化性能。而空位工程更是被公认,"一、研究背景通过电催化分解水制取氢气，尤其是碱性条件下的析氢反应（HER），凭借高能量密度、产物纯度高的优势，是支撑可再生能源存储、实现“碳中和”目标的核心技术路径之一。相较于酸性电解环境，碱性电解具备电极材料耐久性好、整体运行成本低的突出优势，因此开发高性价比、高效率的多金属碱性析氢电催化剂，对行业的可持续发展与经济性落地有着极为关键的意义。近年来，高熵合金以及范畴更广的多元主元合金，凭借电子结构可精准调控、稳定性优异的独特性质，成为了HER电催化领域的前沿研究方向。现有研究已经证实，通过精细调控合金组分、引入晶格畸变、堆垛层错等表面缺陷，能够有效提升高熵合金的催化性能。而空位工程更是被公认为调控纳米材料电子结构、增加活性位点密度、优化电导率的核心策略，能大幅提升电催化表现。不过当前领域仍存在显著的技术瓶颈：面向超小尺寸多元主元合金纳米颗粒，空位的可控编程方法极为稀缺，尤其是想要在催化活性位点附近构建空间定位精准的阳离子空位，在合成上始终极具挑战性。传统的机械合金化、磁控溅射、电弧等离子体沉积等制备手段，难以精准控制原子挥发与扩散路径，常规的液相热分解路线又往往依赖易燃易爆的H₂还原氛围，依然无法实现空位拓扑的精准调控。此前领域内多项研究仅证实了低沸点元素的挥发脱除可在合金中构建空位，多组分体系本身也能稳定空位结构，但始终没有一套成熟的合成平台，能够在原子级均匀混合的超小多元纳米颗粒中实现与活性位点近邻的空位精准构建，更没有系统阐明这类定制化空位如何作用于界面电子重分布、进而调控碱性HER反应动力学的完整机制，因此相关研究始终是领域内极具价值又亟待突破的方向。二、研究内容本研究开发了一套无氢气、惰性气氛下的挥发辅助MOF转合金合成路径，成功制备出粒径普遍低于4 nm的MnFeRuCoNi基多元主元合金纳米颗粒，精准构建了Ru位点邻近的空位环境，通过多套互补的表征技术与理论计算完整建立了从可编程空位拓扑到Ru位点局域电子重分布、水活化加速、碱性HER动力学阶跃式提升的完整因果链，催化表现达到了行业顶尖水平。在标准三电极体系的1.0 M KOH电解液测试中，该MnFeRuCoNi-ZV催化剂仅需要13 mV的过电位即可达到10 mA cm⁻²的电流密度，略高于商用Pt/C的12 mV表现，性能远超此前几乎所有已报道的Ru基碱性HER催化剂；同时它的Tafel斜率仅为47 mV dec⁻¹，远低于无空位的对比样MnFeRuCoNi的106 mV dec⁻¹，已非常接近商用Pt/C的34 mV dec⁻¹，证明反应动力学得到了质的提升。进一步的活性参数验证显示，该催化剂在50 mV过电位下的表观周转频率（TOF）可达0.47 s⁻¹，不仅是无空位对比样（0.085 s⁻¹）的5.5倍，甚至超过了同条件下商用Pt/C的0.45 s⁻¹。在归一化到电化学活性面积与Ru质量负载后，40 mV过电位下的比活性可达0.0265 mA cm⁻²，质量活性高达727.6 mA mg_Ru⁻¹，分别是无空位对比样的1.7倍与5.9倍，充分证明其本征催化活性的显著提升。采用碳纸作为负载基底模拟实际工况测试时，该催化剂在10 mA cm⁻²电流密度下过电位仅为7 mV，100 mA cm⁻²高电流密度下过电位为105 mV，对应的Tafel斜率仅51 mV dec⁻¹，远优于无空位对比样的26 mV η₁₀、192 mV η₁₀₀与93 mV dec⁻¹的Tafel表现。稳定性测试结果更是惊人：该催化剂可在100 mA cm⁻²的高电流密度下连续稳定运行约2600小时，过电位仅发生极小幅上升；经历5000次循环伏安扫描后，极化曲线几乎与初始状态完全重合；10 mA cm⁻²条件下30小时连续测试后过电位仅从29 mV上升至46 mV。即便搭建两电极全分解水体系进行测试，10 mA cm⁻²电流密度下运行12小时后槽电压仅上升37 mV，即便进行每3小时切换一次阴阳极极性的交替OER/HER循环测试，经历36小时循环后仍保持优异稳定性，完全满足工业级应用的耐久性要求。后续的稳定性后表征进一步证实，长时间大电流运行后，催化剂的物相、元素分布、粒径尺寸、碳基底结构均未发生明显劣化，展现出极强的结构与组成鲁棒性。研究团队还通过近常压XPS、REELS、TOF-SIMS、原位拉曼等一系列谱学表征，直接观测到空位改性后的催化剂界面水活化效率显著提升，H*中间体吸附能力明显增强；结合DFT计算的Bader电荷分析，证实空位环境下水吸附后Ru位点电子密度降低，Ru向吸附态H₂O的O原子的电荷转移显著增强，最终将碱性HER的速率决定步骤从原本的Volmer吸附控步转变为Heyrovsky脱附控步，从机制层面解释了催化性能的跃升根源。三、工作创新点第一是合成策略的原创性突破：首次提出了无氢气、挥发辅助的MOF转合金新路线，在惰性氮气氛围下通过预引入的低沸点Zn元素的高温选择性挥发，在亚4 nm的超小多元主元合金纳米颗粒中精准实现了Ru近邻空位拓扑的可编程定制，完全规避了传统合成路线依赖危险H₂氛围的缺陷，解决了长期以来领域内难以在指定活性位点周边精准构建空位的合成难题。第二是机制研究的系统性深化：搭建了一套覆盖缺陷识别、配位状态解析、界面电荷追踪、中间体捕获、原位反应观测的互补表征体系，结合理论计算完整建立了空位拓扑→Ru位点局域电子重分布→水活化增强→反应动力学阶跃调控的完整逻辑链，清晰阐明了“空位邻近位置”而非单纯空位总量，才是诱导碱性HER速率决定步骤发生转变的关键核心，填补了复杂多元合金体系中空位调控催化过程的机制研究空白。第三是应用层面的性能跨越式提升：最终开发的催化剂实现了远超常规Ru基催化剂的碱性HER活性与创纪录的超长耐久性，以接近Pt/C的极低过电位与远超多数贵金属基催化剂的数千小时稳定性，为工业级碱性电解水的低成本高性能催化剂开发提供了极具落地潜力的新方案，同时这套合成策略可拓展至其他含可牺牲挥发性组分的多元主元合金家族，为复杂合金体系的空位调控催化开辟了全新的通用路径。原文信息Huiyong Huang, Wenhui Zhong, Qiaoling Kang, Yinhe Wang, Chunyu Zhang, Hao Lei, Zhiyun Li, Qing Zhang, Wei Wei, Jinfeng Yang, Jingyuan Ma, Hao Liu, Li Li, Jun Jiang, Tingli Ma, Yi Cui; Programmable Vacancy Topology in High-Entropy-Alloy-Inspired Multiprincipal Alloys Directs Ru-Centered Alkaline Hydrogen Evolution. Journal American Chemical Society 2026; https://doi.org/10.1021/jacs.6c09149声明：本文内容用于科研进展分享，详细内容请参考原文，如有侵权，请联系后台小编删除。中国科学院苏州纳米技术与纳米仿生研究所JACS:高熵合金启发的可编程空位拓扑调控Ru中心碱性析氢反应性能研究",,,,pending
JACS:离子液体调控实现电催化CO₂还原产物精准切换：从机理到性能的新突破,电催化科研社,电催化科研社,"RIOnews API, 电化学合成, 电催化, CO₂还原",normal,2026-08-23T07:22:54+08:00,,一、研究背景近年来，电催化CO₂还原反应（CO₂RR）凭借同步实现碳减排与高附加值化学品生产的独特优势，成为推动现代社会可持续发展的核心技术路径之一。其中CO和甲酸（HCOOH）作为两类最具商业化落地潜力的还原产物，前者是重要的工业合成中间体，后者是高能量密度液态燃料，二者的定向高效合成一直是该领域的研究热点。但CO₂RR本身是一个涉及多步质子-电子转移的复杂过程，不同反应路径的活性中间体能垒差距极小，极易发生竞争性副反应，导致产物选择性难以控制。过往领域内的主流思路是通过精准调控催化剂的结构、形貌来定向引导关键中间体的生成，比如通过调整Cu₃SbS₄催化剂的Cu-S键长、利用形貌诱导的局部应,http://mp.weixin.qq.com/s?__biz=MzI4MTE2MjIxOQ==&mid=2650306811&idx=1&sn=46ac4123ce32f022a760e106cb01d124,,一、研究背景近年来，电催化CO₂还原反应（CO₂RR）凭借同步实现碳减排与高附加值化学品生产的独特优势，成为推动现代社会可持续发展的核心技术路径之一。其中CO和甲酸（HCOOH）作为两类最具商业化落地潜力的还原产物，前者是重要的工业合成中间体，后者是高能量密度液态燃料，二者的定向高效合成一直是该领域的研究热点。但CO₂RR本身是一个涉及多步质子-电子转移的复杂过程，不同反应路径的活性中间体能垒差距极小，极易发生竞争性副反应，导致产物选择性难以控制。过往领域内的主流思路是通过精准调控催化剂的结构、形貌来定向引导关键中间体的生成，比如通过调整Cu₃SbS₄催化剂的Cu-S键长、利用形貌诱导的局部应,"一、研究背景近年来，电催化CO₂还原反应（CO₂RR）凭借同步实现碳减排与高附加值化学品生产的独特优势，成为推动现代社会可持续发展的核心技术路径之一。其中CO和甲酸（HCOOH）作为两类最具商业化落地潜力的还原产物，前者是重要的工业合成中间体，后者是高能量密度液态燃料，二者的定向高效合成一直是该领域的研究热点。但CO₂RR本身是一个涉及多步质子-电子转移的复杂过程，不同反应路径的活性中间体能垒差距极小，极易发生竞争性副反应，导致产物选择性难以控制。过往领域内的主流思路是通过精准调控催化剂的结构、形貌来定向引导关键中间体的生成，比如通过调整Cu₃SbS₄催化剂的Cu-S键长、利用形貌诱导的局部应变实现CO到HCOOH的产物切换，或是调控铜基催化剂的配位结构实现C₁产物向C₂+产物的定向转化。但这类方法普遍存在明显短板：催化剂的合成流程复杂，想要精准锁定目标结构/形貌的调控难度极高；同时绝大多数研究使用的水系碳酸盐电解质存在CO₂溶解度低的先天缺陷，最终导致CO₂RR的整体性能始终难以实现突破。近些年来，电解质工程逐渐发展为提升CO₂RR产物选择性的新兴方向，和复杂的催化剂材料设计相比，通过优化电解质来重塑反应路径、提升反应效率的操作难度和成本都要低得多。其中咪唑类离子液体凭借优异的CO₂吸收能力和独特的预活化特性，在CO₂RR体系中展现出显著优势，此前已有多项研究证实咪唑类离子液体可以大幅降低反应过电势、抑制副反应提升产物选择性。但遗憾的是，由于人们尚未厘清离子液体在CO₂RR中的反应机制与构效关系，通过定向工程化调控离子液体结构来切换还原产物选择性的相关报道始终十分稀少，该方向的应用潜力一直没有得到充分释放。基于此，本研究团队尝试在不改变催化剂的前提下，仅通过微调电解质中咪唑类离子液体的阳离子结构，就实现CO₂还原产物在CO和HCOOH之间的高效定向切换。二、研究内容研究团队首先开发了双金属Fe₅Sn₁NC电催化剂，Fe和Sn分别是C端和O端的亲和活性位点，完美适配两种产物的合成需求。材料表征结果显示，该催化剂呈现尺寸50-100 nm的碎片化无定形结构，没有形成结晶态金属纳米颗粒，表面的Fe/Sn以完全暴露的单原子层簇（1~2 nm无明显晶格条纹）和分散单原子两种形式存在，最大化暴露了Fe和Sn的活性位点，其电化学双电层电容Cdl达到4.52 μF·cm⁻²，是所有同系列FexSnyNC催化剂中活性位点最丰富的样本。团队选用了两种结构高度相似的六氟磷酸盐咪唑离子液体作为电解质，二者唯一的结构差异仅在于咪唑阳离子C2位点的取代基团：1-丁基-3-甲基咪唑六氟磷酸盐([BMIM][PF₆])的C2位点为H原子，而1-丁基-2,3-二甲基咪唑六氟磷酸盐([BMMIM][PF₆])的C2位点的H被替换为-CH₃。在相同的Fe₅Sn₁NC催化剂催化下，搭配30 wt%的离子液体/乙腈最优电解质体系，实现了极具突破性的产物定向调控性能：在30 wt% [BMMIM][PF₆]/乙腈电解质中，CO成为绝对主导产物，在-2.2 V（vs Ag/Ag⁺）电位下，CO的法拉第效率高达98.9%，对应的电流密度达到93.7 mA·cm⁻²，几乎完全抑制了其他副反应的发生。在30 wt% [BMIM][PF₆]/乙腈电解质中，反应路径完全转向甲酸生成，在-2.6 V（vs Ag/Ag⁺）电位下，HCOOH的法拉第效率高达99.7%，对应的电流密度更是达到181.4 mA·cm⁻²，该性能是目前已报道的H型电池中基于离子液体电解质的最优结果之一。为了彻底厘清背后的作用机制，研究团队结合线性扫描伏安法、H/D交换实验、原位/非原位红外光谱以及密度泛函理论计算完成了全链条的机制解析：在[BMIM]⁺基电解质中，咪唑阳离子的C2-H位点优先得到电子生成高活性的N-杂环卡宾（NHC），与CO₂分子的缺电子C原子相结合，最终引导CO₂的O端吸附在催化剂的Sn活性位点上，优先生成生成甲酸的关键中间体OCHO；而在C2位点被甲基封闭的[BMMIM]⁺基电解质中，CO₂会与咪唑环上的C4/5-H通过氢键作用结合，引导CO₂的C端吸附在催化剂的Fe活性位点上，优先生成合成CO的关键中间体COOH。双金属位点还展现出显著的协同效应：Sn位点优先稳定OCHO中间体促进甲酸路径，Fe位点则更易稳定COOH中间体推进CO路径，进一步大幅提升了反应的选择性与转化效率。13C同位素示踪实验证实两种产物全部来自CO₂的电还原过程，不存在电解质分解生成还原产物的情况；电解前后的催化剂金属溶出浓度远低于检测下限，咪唑阳离子在全电解过程中结构保持完整，体系的稳定性得到充分验证。三、工作创新点第一，突破了过往产物调控完全依赖催化剂设计的固化思路，仅通过微调咪唑类离子液体阳离子的C2位点取代基，在完全相同的Fe₅Sn₁NC双金属催化剂上就实现了CO和HCOOH两种高附加值产物的近100%选择性定向切换，为CO₂RR产物调控提供了极其简便灵活的全新路径。第二，首次系统揭示了不同咪唑阳离子活性位点驱动CO₂在阴极表面重新定向的微观机制，明确了C2位点生成NHC结合CO₂的C端、C4/5位点通过氢键结合CO₂的O端的两种不同作用模式，填补了离子液体在CO₂RR中构效关系的研究空白，为后续定向设计功能性离子液体电解质提供了扎实的理论指导。第三，该体系的性能创下了H型电池中离子液体基电解质体系的新高，甲酸法拉第效率99.7%、对应电流密度181.4 mA·cm⁻²，CO法拉第效率98.9%、对应电流密度93.7 mA·cm⁻²，几乎完全消除了竞争性析氢副反应，为CO₂RR的工业化规模化应用提供了极具竞争力的候选方案。原文信息Yangshuo Li, Zhaojun Min, Mingming Sun, Huiyong Wang, Jianbo Yang, Qingwei Gao, Jianji Wang, Xiaoyan Ji; Product Selectivity Switching between CO and Formate in Electrocatalytic CO2 Reduction Driven by Ionic Liquid-Induced Reorientation of CO2 over Cathode. Journal American Chemical Society 2026; https://doi.org/10.1021/jacs.6c09949声明：本文内容用于科研进展分享，详细内容请参考原文，如有侵权，请联系后台小编删除。JACS:离子液体调控实现电催化CO₂还原产物精准切换：从机理到性能的新突破",,,,pending
JACS: 水凝胶赋能铜表面界面活性氢 实现高选择性电催化硝酸盐制氨,电催化科研社,电催化科研社,"RIOnews API, 电化学合成, 电催化",normal,2026-08-23T07:22:54+08:00,,一、研究背景电催化硝酸盐还原制氨技术能够同步实现废水中硝酸盐污染物的去除与高附加值氨的回收，为构建可持续氮循环体系提供了极具前景的路径，甚至有望替代高能耗的传统热法合成氨工艺，突破现有合成氨产业的能耗瓶颈。但该技术的实际应用长期面临核心性能难题：催化效率高度依赖硝酸盐活化与活性氢的按需生成、高效利用过程的精准匹配。作为少数可有效活化硝酸盐的催化材料，铜基催化剂在该体系中拥有独特的应用潜力，但其在全电位区间内的氨法拉第效率始终难以达到令人满意的水平，核心痛点在于不同外加电位下的活性氢供给与消耗过程存在天然错配：在低过电位区间，缓慢的水分解过程会直接导致活性氢供给不足，使得还原反应中途停滞在亚硝酸,http://mp.weixin.qq.com/s?__biz=MzI4MTE2MjIxOQ==&mid=2650306811&idx=2&sn=d2be2b89508d5e84a6168873c6518318,,一、研究背景电催化硝酸盐还原制氨技术能够同步实现废水中硝酸盐污染物的去除与高附加值氨的回收，为构建可持续氮循环体系提供了极具前景的路径，甚至有望替代高能耗的传统热法合成氨工艺，突破现有合成氨产业的能耗瓶颈。但该技术的实际应用长期面临核心性能难题：催化效率高度依赖硝酸盐活化与活性氢的按需生成、高效利用过程的精准匹配。作为少数可有效活化硝酸盐的催化材料，铜基催化剂在该体系中拥有独特的应用潜力，但其在全电位区间内的氨法拉第效率始终难以达到令人满意的水平，核心痛点在于不同外加电位下的活性氢供给与消耗过程存在天然错配：在低过电位区间，缓慢的水分解过程会直接导致活性氢供给不足，使得还原反应中途停滞在亚硝酸,"一、研究背景电催化硝酸盐还原制氨技术能够同步实现废水中硝酸盐污染物的去除与高附加值氨的回收，为构建可持续氮循环体系提供了极具前景的路径，甚至有望替代高能耗的传统热法合成氨工艺，突破现有合成氨产业的能耗瓶颈。但该技术的实际应用长期面临核心性能难题：催化效率高度依赖硝酸盐活化与活性氢的按需生成、高效利用过程的精准匹配。作为少数可有效活化硝酸盐的催化材料，铜基催化剂在该体系中拥有独特的应用潜力，但其在全电位区间内的氨法拉第效率始终难以达到令人满意的水平，核心痛点在于不同外加电位下的活性氢供给与消耗过程存在天然错配：在低过电位区间，缓慢的水分解过程会直接导致活性氢供给不足，使得还原反应中途停滞在亚硝酸盐等中间产物阶段，无法进一步加氢生成氨；而当电位升高到高过电位区域时，界面活性氢通量显著提升，但由于活性氢吸附弱、界面氢转移效率低，且含氮中间体加氢本征势垒较高，大量活性氢会被析氢竞争反应消耗，最终大幅降低氨生成的法拉第效率。过往主流的铜基催化剂性能优化策略大多围绕电子调控方向展开，比如合金化、异质结工程等手段，这类方法虽然可以分别实现加速水分解或者优化中间体吸附的效果，但始终无法在宽电位区间内有效调控活性氢的全行为过程，最终难以突破性提升硝酸盐还原制氨的整体性能。电催化硝酸盐还原制氨的选择性突破，亟需构建一个可以动态协调活性氢生成、传输、利用全过程的催化剂界面微环境，而聚丙烯酸钠（PANa）水凝胶凭借其三维网络结构、致密的羧基官能团以及强亲水性等特性，恰好可以构建富水、氢键键合的动态自适应界面微环境，为上述难题的破解提供了全新的思路。二、研究内容本研究以泡沫铜负载的铜纳米阵列作为基底，在其表面原位聚合涂覆一层薄的聚丙烯酸钠水凝胶，制备得到自支撑的Cu@PANa/CF催化剂，系统开展了材料表征、性能测试与机理解析全链条研究。在催化反应活性维度，该催化剂展现出远超裸铜催化剂的优异性能：在1.0 M KOH + 0.1 M KNO3的电解液体系中，Cu@PANa/CF能够在-0.1 V到-0.6 V vs RHE的宽电位窗口内，将生成氨的法拉第效率稳定维持在90%以上，其中在-0.3 V vs RHE电位下实现了最高98%的氨法拉第效率；在低过电位区域（≥-0.2 V vs RHE），该催化剂的氨产率达到裸铜催化剂Cu/CF的2倍左右，同时可以在0.1 V到-0.5 V vs RHE的宽电位范围内，保持超过30%的半电池能量效率。循环稳定性测试结果显示，在-0.3 V vs RHE的最优电位下，Cu@PANa/CF经历连续20次电解循环后，氨产率和法拉第效率仅出现微小波动，反应前后的XRD、FTIR、SEM、XPS等表征结果也证实催化剂的结构和组成保持完整，展现出优异的长期运行稳定性。为了验证产物来源的严谨性，研究团队开展了严格的对照实验与同位素标记测试：不含硝酸盐的空白电解液几乎检测不到氨生成，15N标记的硝酸盐同位素实验中，1H核磁共振谱图检测到了15NH4+特征双峰，且定量结果与紫外-可见分光光度法的测试结果完全吻合，完全证实检测到的氨全部来自电催化硝酸盐还原过程。同时对照实验也证明，单独的PANa材料几乎没有电催化活性，在-0.3 V vs RHE下氨产率仅为0.38 μmol h−1 cm−2，排除了水凝胶本身作为催化活性中心的可能性，证实高性能来自铜活性位点与PANa调制界面微环境的协同作用。进一步的机理表征与理论计算结果证实，PANa水凝胶构建的氢键网络从多维度调控了反应过程：该界面微环境可以富集水分子并促进其活化为界面活性氢，通过类似Grotthuss的质子传递机制实现活性氢的高效输运，保障持续稳定的活性氢供给；同时水凝胶网络与*NO2H、*NH2O、*NH2OH等含氮中间体之间的氢键相互作用，可以稳定关键反应物种，将决速步（*NO2→NO2H）的吉布斯自由能差从裸铜的0.51 eV大幅降低至0.20 eV，大幅促进关键加氢步骤的进行。同时，该水凝胶界面将解离后的活性氢稳定锚定在PANa的氧位点上，把H的吸附自由能调整为-1.82 eV，从热力学层面抑制了活性氢耦合生成氢气的析氢副反应，最终引导活性氢全部用于含氮物种的逐步加氢过程，实现高效的硝酸盐到氨的定向转化。三、工作创新点该研究跳出了传统铜基催化剂优化中局限于电子调控的常规路径，首次提出通过水凝胶构建界面氢键网络来赋能铜催化剂表面的界面活性氢，实现电催化硝酸盐还原制氨的高选择性调控，为多步质子耦合电子转移电催化体系的选择性优化提供了全新的普适性框架。不同于过往策略仅能单一优化水分解或者中间体吸附的局限性，本工作开发的PANa水凝胶界面微环境实现了活性氢生成、传输、利用全过程的同步协同调控：既通过强化水吸附、降低水分解能垒（从1.14 eV降至0.34 eV）实现活性氢的高效生成，又通过氢键网络实现活性氢的稳定留存与快速输运，同时还通过氢键相互作用稳定关键含氮中间体，降低决速步能垒，从热力学和动力学双重层面同时抑制析氢等副反应，在宽电位区间内都实现了极高的氨选择性。该研究通过原位光谱、电化学阻抗谱、自由基捕获实验结合第一性原理计算的多维度联合解析，完整揭示了氢键网络调控活性氢行为的原子级机制，还发现裸铜催化剂体系中存在非经典的自由基副反应路径，会消耗含氮中间体、竞争界面电子与活性氢，进一步阐释了活性氢富集的界面环境对于抑制这类旁路副反应、保障高选择性转化的关键作用。原文信息Fayan Li, Bingxian Chu, Junwen Peng, Xin Xiao, Wenjuan Wang, Junmou Chen, Lei Li, Qiaowei Li, Qiang Xu; Hydrogel-Empowered Interfacial Reactive Hydrogen on Copper Enables Selective Nitrate-To-Ammonia Electrocatalysis. Journal American Chemical Society 2026; https://doi.org/10.1021/jacs.6c09690声明：本文内容用于科研进展分享，详细内容请参考原文，如有侵权，请联系后台小编删除。JACS: 水凝胶赋能铜表面界面活性氢 实现高选择性电催化硝酸盐制氨",,,,pending
大连化物所，固态电池项目公示,DT新材料,DT新材料,"RIOnews API, 新材料, 复合材料, 负极材料, 正极材料, 学术研究, 科学院, 研究所, 量产推进, 产能, 环境影响评价",normal,2026-08-23T00:01:00+08:00,,【DT新材料】获悉，8 月 18 日，中国科学院大连化学物理研究所发布高性能固态电池核心材料中试平台项目环境影响评价报批前公示。项目规划建设三大核心材料中试模块，合计年产能 65 吨，其中高能量密度正极材料 50 吨 / 年、高性能固态电解质材料 5 吨 / 年、高容量复合负极材料 10 吨 / 年。该项目由大连化物所动力电池与系统研究中心陈忠伟团队牵头建设，瞄准固态电池产业核心技术痛点，打造覆盖氧化物固态电解质、高能量密度正极、高容量复合人造负极三大核心方向的全链条材料验证与成果转化载体。项目平台致力于构建从 “微观结构设计 —介观界面调控 — 宏观器件集成” 的全尺度研发能力，建立覆盖材料,http://mp.weixin.qq.com/s?__biz=MzI4MzI5MTY3Ng==&mid=2247640102&idx=6&sn=6af2fd1fa68556ba2b20c40c91943569,,【DT新材料】获悉，8 月 18 日，中国科学院大连化学物理研究所发布高性能固态电池核心材料中试平台项目环境影响评价报批前公示。项目规划建设三大核心材料中试模块，合计年产能 65 吨，其中高能量密度正极材料 50 吨 / 年、高性能固态电解质材料 5 吨 / 年、高容量复合负极材料 10 吨 / 年。该项目由大连化物所动力电池与系统研究中心陈忠伟团队牵头建设，瞄准固态电池产业核心技术痛点，打造覆盖氧化物固态电解质、高能量密度正极、高容量复合人造负极三大核心方向的全链条材料验证与成果转化载体。项目平台致力于构建从 “微观结构设计 —介观界面调控 — 宏观器件集成” 的全尺度研发能力，建立覆盖材料,【DT新材料】获悉，8 月 18 日，中国科学院大连化学物理研究所发布高性能固态电池核心材料中试平台项目环境影响评价报批前公示。项目规划建设三大核心材料中试模块，合计年产能 65 吨，其中高能量密度正极材料 50 吨 / 年、高性能固态电解质材料 5 吨 / 年、高容量复合负极材料 10 吨 / 年。该项目由大连化物所动力电池与系统研究中心陈忠伟团队牵头建设，瞄准固态电池产业核心技术痛点，打造覆盖氧化物固态电解质、高能量密度正极、高容量复合人造负极三大核心方向的全链条材料验证与成果转化载体。项目平台致力于构建从 “微观结构设计 —介观界面调控 — 宏观器件集成” 的全尺度研发能力，建立覆盖材料研发、半电池测试到小型软包电池研制的完整验证体系，打通 “配方 — 样品 — 产品” 的成果转化通道，通过关键材料的协同放大验证，推动固态电池核心材料的国产化替代，显著降低行业技术创新风险与导入成本，助力下游企业缩短产品开发周期。2025年11月，该固态电池中试验证平台成功入选辽宁省 2025 年省级中试验证平台备案名单，成为辽宁省布局下一代电池技术的重要科创载体；2026 年 5 月，高性能固态电池核心材料中试平台正式入驻大连松木岛化工新材料中试基地，依托基地成熟的产业配套加速工程化落地。/扫码加入行业交流群/化工新材料、复合材料、汽车、机器人、无人机、eVTOL、商业航天.....等产业同行❤️↓说明：本文部分素材来自于网络，转载请备注来源，本平台发布仅为了传达一种不同观点，不代表对该观点赞同或支持。如果有任何问题，请联系我们：*********** dtmaterial （微信）7月1-3日 上海\x0d\x0aFINE2027 未来产业新材料博览会,,,,pending
PCB龙头，追加33.6亿元扩建光芯片、光模块,DT新材料,DT新材料,"RIOnews API, 新材料, 复合材料, 产品发布, 发布, 上市, 合作进展, 投资, 收购, 量产推进, 产能, 扩产",normal,2026-08-23T00:01:00+08:00,,【DT新材料】获悉，8月21日，PCB龙头东山精密公告称，公司发布2026年半年度报告，实现营业收入277.98亿元，同比增长63.95%；归属于上市公司股东的净利润29.57亿元，同比增长290.09%。其中，第二季度营业总收入146.6亿元，同比增长75.51%；归属于母公司所有者的净利润18.47亿元，同比增长511.3%。业绩增长主要系报告期除索尔思和GMD合并因素外，光模块业务新客户、新产品持续导入，营收大幅增长。公司计划不派发现金红利，不送红股，不以公积金转增股本。同日，东山精密公告称，公司拟对子公司索尔思光电及其子公司、维信泰国、盐城东山在常州、泰国、盐城等地实施的光芯片及光模块,http://mp.weixin.qq.com/s?__biz=MzI4MzI5MTY3Ng==&mid=2247640102&idx=7&sn=e780f1d3855c295185d0ae07d5cddabd,,【DT新材料】获悉，8月21日，PCB龙头东山精密公告称，公司发布2026年半年度报告，实现营业收入277.98亿元，同比增长63.95%；归属于上市公司股东的净利润29.57亿元，同比增长290.09%。其中，第二季度营业总收入146.6亿元，同比增长75.51%；归属于母公司所有者的净利润18.47亿元，同比增长511.3%。业绩增长主要系报告期除索尔思和GMD合并因素外，光模块业务新客户、新产品持续导入，营收大幅增长。公司计划不派发现金红利，不送红股，不以公积金转增股本。同日，东山精密公告称，公司拟对子公司索尔思光电及其子公司、维信泰国、盐城东山在常州、泰国、盐城等地实施的光芯片及光模块,【DT新材料】获悉，8月21日，PCB龙头东山精密公告称，公司发布2026年半年度报告，实现营业收入277.98亿元，同比增长63.95%；归属于上市公司股东的净利润29.57亿元，同比增长290.09%。其中，第二季度营业总收入146.6亿元，同比增长75.51%；归属于母公司所有者的净利润18.47亿元，同比增长511.3%。业绩增长主要系报告期除索尔思和GMD合并因素外，光模块业务新客户、新产品持续导入，营收大幅增长。公司计划不派发现金红利，不送红股，不以公积金转增股本。同日，东山精密公告称，公司拟对子公司索尔思光电及其子公司、维信泰国、盐城东山在常州、泰国、盐城等地实施的光芯片及光模块扩建项目新增投资额5亿美元，项目总投资额由12亿美元调增至17亿美元。据悉，2025年6月，东山精密公告拟以现金方式收购索尔思光电100%股份，并认购其可转债，交易总金额不超过人民币59.35亿元。自此，东山精密从传统的PCB制造商，升级为“AI PCB+高速光模块”一站式解决方案提供商。资料显示，索尔思成立于2000年，是全球稀缺的具备IDM垂直整合能力的企业，拥有EML光芯片核心技术，且具备100G、200G光芯片量产能力。针对扩产，东山精密表示，光芯片及光模块是AI算力产业的核心基础元器件，索尔思光电现有光芯片及光模块的产能规模已无法满足行业及下游客户需求，通过本次产能扩建，能够有效填补产能缺口，满足下游客户中长期规模化采购需求，持续优化索尔思光电产品结构，进一步提升公司整体盈利水平和行业地位。/扫码加入行业交流群/化工新材料、复合材料、汽车、机器人、无人机、eVTOL、商业航天.....等产业同行❤️↓说明：本文部分素材来自于网络，转载请备注来源，本平台发布仅为了传达一种不同观点，不代表对该观点赞同或支持。如果有任何问题，请联系我们：*********** dtmaterial （微信）FINE2027 未来产业新材料博览会 7月丨上海,,,,pending
聚酰亚胺龙头，亏损扩大！,DT新材料,DT新材料,"RIOnews API, 新材料, 复合材料, 聚酰亚胺, 合作进展, 投资, 收购, 量产推进, 批量交付, 产能",normal,2026-08-23T00:01:00+08:00,,【DT新材料】获悉，8月21日，瑞华泰披露了2026年半年度报告。报告期内依托嘉兴基地产能释放实现了营业收入增长，但由于新产线仍处于爬坡期、规模效益尚未显现，叠加政府补助同比减少及期间费用增加，整体呈现“增收不增利”态势，亏损同比扩大。财务方面，2026年上半年，公司实现营业总收入2.26亿元，同比增长24.01%，实现连续三年上涨。其中第二季度表现更为突出，单季营收1.34亿元，同比增长30.26%，环比增长45.59%。但归母净利润亏损3911.11万元，较上年同期亏损3373.42万元扩大537.68万元；扣非净利润亏损4081.31万元，同比扩大673.04万元。盈利质量方面，公司综合,http://mp.weixin.qq.com/s?__biz=MzI4MzI5MTY3Ng==&mid=2247640102&idx=1&sn=02126845f915597317cbe3530d7fb70e,,【DT新材料】获悉，8月21日，瑞华泰披露了2026年半年度报告。报告期内依托嘉兴基地产能释放实现了营业收入增长，但由于新产线仍处于爬坡期、规模效益尚未显现，叠加政府补助同比减少及期间费用增加，整体呈现“增收不增利”态势，亏损同比扩大。财务方面，2026年上半年，公司实现营业总收入2.26亿元，同比增长24.01%，实现连续三年上涨。其中第二季度表现更为突出，单季营收1.34亿元，同比增长30.26%，环比增长45.59%。但归母净利润亏损3911.11万元，较上年同期亏损3373.42万元扩大537.68万元；扣非净利润亏损4081.31万元，同比扩大673.04万元。盈利质量方面，公司综合,"【DT新材料】获悉，8月21日，瑞华泰披露了2026年半年度报告。报告期内依托嘉兴基地产能释放实现了营业收入增长，但由于新产线仍处于爬坡期、规模效益尚未显现，叠加政府补助同比减少及期间费用增加，整体呈现“增收不增利”态势，亏损同比扩大。财务方面，2026年上半年，公司实现营业总收入2.26亿元，同比增长24.01%，实现连续三年上涨。其中第二季度表现更为突出，单季营收1.34亿元，同比增长30.26%，环比增长45.59%。但归母净利润亏损3911.11万元，较上年同期亏损3373.42万元扩大537.68万元；扣非净利润亏损4081.31万元，同比扩大673.04万元。盈利质量方面，公司综合毛利率为18.21%，同比下降2.66个百分点。营收增速（24.01%）明显低于营业成本增速（28.17%），是毛利率承压的直接原因。净利率为-17.34%，较上年同期上升1.2个百分点。瑞华泰是国家专精特新“小巨人”企业，主业高度集中，产品集中热控PI薄膜、电子PI薄膜和电工PI薄膜三大类。上半年，公司高性能PI薄膜实现收入约2.2亿元，占总营收的97.42%；其他PI薄膜及加工收入369.99万元，占比1.64%。从区域分布看，境内销售占比超96%，境外销售仅736.47万元。截至2025年底，公司深圳生产基地共有9条高性能PI薄膜生产线及1条CPI薄膜中试线，设计年产能1100吨；嘉兴生产基地共有6条高性能PI薄膜生产线（含2条自主工艺宽幅化法生产线），设计年产能1600吨。报告期内，嘉兴基地产能释放推动销量上升，目前嘉兴基地已投产产线产能利用率在70%以上，另有一条宽幅化学法生产线正在调试中。不过，目前该项目资产负债率高达78.24%，报告期内亏损3041.34万元。为缓解子公司资金压力，公司已通过董事会决议，将此前以借款形式投入的3.3亿元募集资金转为对嘉兴瑞华泰的增资，使其注册资本由5亿元增至8.3亿元。随着AI算力、商业航天、柔性电子等新兴应用需求加速释放，高性能PI薄膜市场空间广阔。尤其是今年太空光伏概念，好好地火了一把，并且在上半年迎来一波项目小高潮。光伏巨头钧达股份高调成立公司，进军该领域。另外，上海星翼芯能科技有限公司（SUNY 上翼）自主研发的航天级 CPI 柔性封装材料，搭载""有戏""卫星（天雁 27 星）在今年5月成功发射，精准进入预定太阳同步轨道，这是上翼太空级 CPI 首次进入真实空间环境，正式开启在轨性能验证。点击阅读：200亿光伏龙头，成立聚酰亚胺公司，瞄准万亿超级赛道！近日，7月14日，中国化学工程第四建设有限公司与湖南中泰科技有限公司在永州举行年产5000吨聚酰亚胺薄膜项目PC总承包签约仪式。另外，泛亚微透也在近日公告拟收购天津市天缘电工材料股份有限公司54.089%股份，取得其控股权，以形成“ePTFE微透材料+气凝胶+PI高端材料”的多元化高端材料矩阵，打通从PI基材到下游FCCL、航空航天级复合薄膜的全产业链。点击阅读：聚酰亚胺“小巨人”，被收购！国内其他生产企业主要有瑞华泰、中科玖源、时代新材、国风新材、时代华鑫、东材科技、中天科技、鼎龙股份、八亿时空、博雅聚力、奥纽新材、华科创智、宇程科技、无锡顺铉新材料、奥神新材、江苏先诺等，涵盖薄膜、浆料、特种PI材料、复合材料等多个细分赛道。点击阅读：70亿，四大项目落地！聚酰亚胺也“狂奔”其中，在锂电池方面，有大进展。（1）宇程新材料PI隔膜一期在今年6月全线贯通，正式迈入量产和批量交付阶段。该项目总投资达50亿元，总规划产能25亿平方米，一期已形成年产2.5亿平方米的产能。其产品可耐受300℃高温。（2）矽时代拟建PI隔膜项目在7月宣布拟建设年产10万平方米的PI锂电池隔离膜项目，进一步印证了PI隔膜在新能源领域的热度正在升温。点击阅读：国产聚酰亚胺隔膜，重大突破！年产10万㎡聚酰亚胺锂电隔膜材料项目公示/扫码加入行业交流群/化工新材料、复合材料、汽车、机器人、无人机、eVTOL、商业航天.....等产业同行❤️↓说明：本文部分素材来自于网络，转载请备注来源，本平台发布仅为了传达一种不同观点，不代表对该观点赞同或支持。如果有任何问题，请联系我们：*********** dtmaterial （微信）FINE2027 未来产业新材料博览会 7月丨上海",,,,pending
行业大咖齐聚！2026高分子3D打印材料论坛第二波嘉宾阵容剧透 （10月29-31日 成都）,DT新材料,DT新材料,"RIOnews API, 新材料, 复合材料, 产品发布, 发布, 全新, 上市, 学术研究, 大学, 教授, 科学院, 研究所, 期刊, 技术进展, 技术突破, 技术验证, 工艺优化",normal,2026-08-23T00:01:00+08:00,,高分子3D打印是增材制造领域最具活力的方向之一，凭借其设计自由度大、材料利用率高、定制化能力强等核心优势，已成为推动航空航天、生物医疗等领域创新发展的重要技术。近年来，随着高性能工程塑料（PEEK/PEKK等）和连续纤维增强复合材料等材料体系不断丰富，FDM、SLS、光固化等工艺成熟度持续提升，以及人形机器人、低空经济（eVTOL/无人机）、新能源汽车等新兴场景对轻量化、一体化、高性能结构件的迫切需求，高分子3D打印正迎来从技术验证向规模化应用跨越的关键窗口期。由 DT新材料 主办的 2026（第五届）高分子3D打印材料论坛 定于 10月29-31日 在成都召开。论坛以“智赋新材・增创未来”为,http://mp.weixin.qq.com/s?__biz=MzI4MzI5MTY3Ng==&mid=2247640102&idx=2&sn=c3204b9d0e09c1ca25d3e049d580967b,,高分子3D打印是增材制造领域最具活力的方向之一，凭借其设计自由度大、材料利用率高、定制化能力强等核心优势，已成为推动航空航天、生物医疗等领域创新发展的重要技术。近年来，随着高性能工程塑料（PEEK/PEKK等）和连续纤维增强复合材料等材料体系不断丰富，FDM、SLS、光固化等工艺成熟度持续提升，以及人形机器人、低空经济（eVTOL/无人机）、新能源汽车等新兴场景对轻量化、一体化、高性能结构件的迫切需求，高分子3D打印正迎来从技术验证向规模化应用跨越的关键窗口期。由 DT新材料 主办的 2026（第五届）高分子3D打印材料论坛 定于 10月29-31日 在成都召开。论坛以“智赋新材・增创未来”为,"高分子3D打印是增材制造领域最具活力的方向之一，凭借其设计自由度大、材料利用率高、定制化能力强等核心优势，已成为推动航空航天、生物医疗等领域创新发展的重要技术。近年来，随着高性能工程塑料（PEEK/PEKK等）和连续纤维增强复合材料等材料体系不断丰富，FDM、SLS、光固化等工艺成熟度持续提升，以及人形机器人、低空经济（eVTOL/无人机）、新能源汽车等新兴场景对轻量化、一体化、高性能结构件的迫切需求，高分子3D打印正迎来从技术验证向规模化应用跨越的关键窗口期。由 DT新材料 主办的 2026（第五届）高分子3D打印材料论坛 定于 10月29-31日 在成都召开。论坛以“智赋新材・增创未来”为主题，特设青年科学家论坛、墙报展示等特色活动，旨在促进高分子3D打印领域学术界和企业界之间的交流与合作，探讨行业最新前沿和突破，推进技术与应用创新。论坛组委会诚邀领域专家、学者学生，以及产业界人士共同参与，共同推进高分子3D打印产业新未来。以下为您带来第一波以及第二波共计20+位嘉宾剧透，包含从高分子材料基础研究到工业级增材制造装备、从4D打印智能材料到生物3D打印临床转化等方面的大咖专家：/第 2 波嘉宾剧透排名不分先后，更多嘉宾确认中/（1）吕坚 院士｜香港城市大学研究方向主要包括：先进材料及生物医学领域的集成设计、3D/4D打印材料与工艺及其应用。在Nature，Science，Nature Materials，Nature Chemistry， Nature Water，Science Advances, Nature Communications等国际权威期刊发表论文700余篇，引用近5.9万次，2025年科睿唯安“全球高被引科学家”。（2）史玉升 教授｜华中科技大学长期从事增材制造（3D打印）材料合成与加工技术研究。带领团队进行增材制造的研发工作，形成了增材制造设计、材料、工艺、装备、测量、应用的成套关键技术。研发成果形成了聚合物、陶瓷、金属等系列增材制造材料，以及制备成形一体化工艺与装备。（3）闫春泽 教授｜华中科技大学主要从事粉末床熔融激光增材制造技术的研究，提出增材制造复合粉末材料的溶剂沉淀制备方法和大型碳化硅陶瓷构件的激光选区烧结-反应熔渗复合整体成形方法。主要研究领域包括高性能陶瓷、特种工程聚合物、连续纤维增强复合材料以及生物材料增材制造技术与装备。（4） 田小永 教授｜ 西安交通大学主要研究方向聚焦于先进复合材料结构3D打印技术，在Nature Communications、Advanced Materials等期刊发表SCI论文100余篇，SCI他引5000次，出版学术专著3部、教材1部，获授权发明专利60余件；（5）夏和生 教授｜ 四川大学研究新型高分子材料、动态聚合物与力化学、3D打印高分子材料、石墨烯复合材料等。在 Science、Advanced Materials 等国际顶级期刊发表论文300余篇，被引超1.8万次，申请发明专利120余项、授权60余项。（6）吴立新 研究员｜ 中国科学院福建物质结构研究所研究功能高分子材料、3D打印光固化树脂、纤维增强高分子复合材料等。在 Advanced Materials、Nature Communications、Composites Science & Technology 等期刊发表SCI论文100余篇，授权专利80余件。（7）彭枢强 教授 ｜福建理工大学主要从事高分子3D打印材料，超临界微孔发泡，柔性可穿戴传感器，先进功能树脂的合成与制备等领域的研究。目前已在Advanced Materials、Nature Communications、Advanced Functional Materials等期刊上发表论文30余篇，申请或授权发明专利10余项，撰写英文专著1章。（8）贾明印 副教授｜北京化工大学 主要从事先进热塑性复合材料制造技术的研究，先后开发了连续纤维增强热塑性复合材料颗粒、热塑性预浸片材、连续纤维增强3D打印、热塑性反应拉挤/RTM成型、特种聚合物加工技术等新技术、新装备。（9）方子正 研究员｜浙江大学杭州国际科创中心主要研究方向为动态共价高分子网络及光固化3D打印。以第一或通讯作者在 Nature、Nature Chemistry、Advanced Materials、National Science Review、CCS Chemistry 等期刊上发表论文19篇，获授权发明专利7项。承担国家自然科学基金面上及青年项目。（10）陈锐 副总经理｜深圳光华伟业股份有限公司光华伟业主营3D打印材料与环境友好型生物降解材料研发生产的新三板上市公司，核心产品涵盖高速打印线材、弹性体、工业级及医用级高分子材料，以及聚乳酸、聚己内酯等生物降解系列。（11）任嘉琪 亚太区高级应用工程师｜carboncarbon是美国硅谷的数字3D打印服务商，其核心技术连续液面生长（CLIP）及数字光合成（DLS）通过光线与氧气快速固化树脂，实现高性能聚合物部件的大规模定制生产，合作伙伴包括阿迪达斯、兰博基尼等知名品牌。（12）刘承果 教授｜南京林业大学主要从事林木生物质基高性能或功（智）能高分子材料的基础及应用研究。主持国家自然科学基金、国家重点研发计划子课题等项目10余项，在Green Chem.、Chem. Eng. J.等期刊发表论文100余篇。（13）王晓龙 研究员｜中国科学院兰州化学物理研究所研究领域主要包括3D打印新材料及功能器件、仿生摩擦与润滑和材料表界面工程等。在Nat.Commun、Adv.Mater、Adv.Funct.Mater等期刊发表学术论文120余篇，获授权中国发明专利30余件、美国专利2件。（14）刘彦菊 教授｜哈尔滨工业大学致力于智能材料与结构领域的研究，在智能聚合物及其复合材料、力学理论、智能主动变形结构设计以及智能结构的应用等方面取得系统性创新研究成果。发表SCI论文200余篇，获授权国家发明专利70余项，获得国家自然科学二等奖等。（15）张风华 教授｜哈尔滨工业大学长期从事智能材料与结构方面的研究工作，主要包括形状记忆聚合物及复合材料设计制备、4D打印智能结构及生物应用、形状记忆微纳结构制备及应用、多功能复合材料及航天应用等。发表SCI论文90余篇，授权中国发明专利46项。（16）周武艺 教授｜华南农业大学华南农业大学生物质3D打印材料研究中心主任，广东省3D打印技术及应用科普基地负责人。主要从事绿色生物基3D打印材料的研究，在智能传感水凝胶材料的光固化打印领域取得系列研究进展。（17）徐铭恩 教授｜杭州电子科技大学研究聚焦于生物3D打印、组织器官制造和数字诊疗装备，相关成果为理解打印工艺-结构形变关系、高保真3D打印、器官制造及高端诊疗装备自主化提供了支撑。（18）熊卓 教授｜清华大学聚焦组织工程支架制造、细胞3D打印、组织器官仿生构建等核心方向，取得多项开创性成果：发明低温沉积制造工艺，广泛应用于组织工程支架成形；研发多种细胞3D打印工艺。（19）苟马玲 教授｜四川大学主要从事生物3D打印及生物治疗应用研究、承担了国家重点研发计划等科研课题，在国际期刊发表论文100余篇，申请发明专利40余项。（20）尹俊 研究员｜浙江大学致力于生物制造、生物力学、生物软材料增材制造等方面研究。已在Nature Communications、Advanced Materials、Matter等一流SCI期刊累计发表学术期刊论文100余篇。（21）周宗科 教授｜四川大学华西医院四川大学华西医院骨科主任兼关节外科主任，四川省学术与技术带头人，四川省“天府万人计划”天府名医，以通讯作者在The Lancet、Nature communications、Science Advances等期刊发表SCI论文350篇，国家发明专利20余项，参编7本骨科及关节外科专著。（22）汪焰恩 教授｜西北工业大学长期从事智能制造与增材制造基础理论、工艺及装备研究。以第一 / 通讯作者在Journal of Manufacturing Systems 等期刊发表SCI 收录论文 125 篇；授权国家发明专利27 项，成果转化19 项。（23）张翼 教授｜电子科技大学长期从事微纳传感领域的研究，开发面向电子、生物及医工融合的微纳3D打印技术，并应用于微纳传感、医疗诊断、智能柔性机器人等领域的增材制造。在Nature Medicine、Advanced Materials及ACS Nano等期刊发表论文80余篇。（24）黎威 教授｜武汉大学长期致力于药物递送与缓释技术的前沿研究，尤其在基于微针的新型给药系统领域取得系列创新成果。近年来在 Nature Biomedical Engineering、Nature Reviews Materials、Science Advances、Nature Medicine、Advanced Materials 等国际一流期刊发表论文40余篇。（25）游正伟 教授｜东华大学长期从事生物医用弹性体与聚氨酯材料研究。研究方向包括动态键智能高分子、功能弹性体、生物材料、3D打印、弹性电子等。在Nat. Med.、Nat. Commun.、Sci. Adv.、PNAS、Adv. Mater.等期刊发表通讯作者SCI论文100多篇。（26）范增杰 教授｜兰州大学主要从事口腔骨与软骨修复材料创新、仿生体系构建，以及多物理场耦合微环境调控研究与应用。近五年，以通讯作者身份在Science Advances、Advanced Materials、Advanced Functional Materials、ACS Nano 等国际顶级期刊发布论文60余篇。（27）王华楠 教授｜大连理工大学主要从事生物医用材料和再生医学领域的研究，研究工作主要围绕水凝胶生物材料研发、微流控芯片技术、3D生物打印技术、细胞微环境研究等领域。团队在生物材料与3D打印交叉领域取得系列重要突破。更多嘉宾确认中........扫码即刻报名2026（第五届）高分子3D打印材料高峰论坛智赋新材，增创未来10月29-31日- 四川成都3DP Materials 2026大会背景2026年是我国“十五五”规划开局之年，增材制造产业正从技术突破向规模化应用纵深推进。在新质生产力培育的核心导向下，高分子3D打印凭借轻量化、定制化、结构功能一体化的核心优势，正加速从航空航天、生物医疗传统赛道向人形机器人、低空经济、新能源汽车等新兴场景渗透，成为高端装备制造升级的核心支撑技术之一。然而，当前高分子3D打印仍停留在材料可用、工艺可行的阶段，尚未真正实现从原型验证到终端零件批量制造的跨越。“等待打印”是工程塑料3D打印的核心痛点，FDM打印件强度仅为原材料强度的50%以下，严重制约了其在汽车结构件、航空航天功能件等高端领域的规模化应用。与此同时，AI与增材制造的深度融合正在重构材料研发与生产流程，绿色可持续制造也对产业提出了全新要求。为推动高分子3D 打印技术与各应用场景的深度融合，促进材料、工艺、装备与终端应用的协同创新，由中国材料研究学会高分子材料与工程分会、先进高分子材料工程国家重点实验室（四川大学）、四川省增材制造技术协会指导的“2026（第五届）高分子3D打印材料高峰论坛”将于2026年10月29-31日在四川成都举行。本届论坛立足前几届专业定位，聚焦高分子3D打印核心应用场景——工业制造、生物医疗，逐一剖析每个场景下的真实痛点、材料选型依据与技术突破方向，汇聚海内外科研院所专家、行业龙头企业技术负责人与下游应用端代表，同时，我们还特设青年学者论坛（最佳报告评选）环节，共探从“能打出来”到“能稳定、高效、经济地批量生产”的破局之路，助力我国增材制造产业竞争力持续提升。 3DP Materials 2026大会信息论坛主席：夏和生，四川大学教授吴立新，中国科学院福建物质结构研究所研究员苟马玲，四川大学教授尹 俊，浙江大学研究员指导单位：中国材料研究学会高分子材料与工程分会先进高分子材料工程国家重点实验室（四川大学）四川省增材制造技术协会主办单位：宁波德泰中研信息科技有限公司（DT新材料）承办单位：福建省功能树脂与复合材料工程研究中心南京德泰中研信息科技有限公司协办单位：江苏集萃先进高分子材料研究所南京墨分三维科技有限公司International Journal of Bioprinting支持媒体：DT新材料、Carbontech、高分子循环再利用、洞见热管理、生物基能源与材料、3D打印、增材制造网、材料科学与工程、高分子凝胶与网络、生物医药材料进展、科匠文化、3D打印资源库、3D打印科学谷3DP Materials 2026大会结构注：以最终实际日程安排为准3DP Materials 2026大会议题主论坛：增材制造的产业变局与攻坚方向包括但不限于：1.新质生产力背景下增材制造的发展机遇与挑战2.人工智能与增材制造融合发展的新趋势3.增材制造材料、装备与工业软件的协同创新4.核心部件与关键材料国产化发展路径5.高分子3D打印的产业化跨越6.工业、医疗、消费等重点领域的应用趋势与市场展望三大主题论坛主题一：工业制造与工程应用包括但不限于：1.聚合物基3D打印技术在鞋服、家具、玩具等消费领域的应用2.高分子3D打印在人形机器人轻量化骨架、柔性关节、仿生皮肤中的应用3.面向新能源汽车、无人机/eVTOL的轻量化、耐候性结构件增材制造4.连续纤维增强复合材料3D打印工艺优化5.工业级打印件的质量评价标准与检测方法6.低碳排放3D打印工艺与能耗优化策略7.3D打印工艺稳定性与一致性控制主题二：医疗健康与生物制造包括但不限于：1.3D打印在个性化医疗器械、齿科、骨科、颅颌面修复中的成熟应用2.PEEK、PA、有机硅等医用材料的打印工艺升级3.可降解聚合物（PLA、PCL、PGA等）的3D打印与体内降解速率精准调控4.新型生物墨水研发与血管化复杂组织器官3D生物打印5.生物陶瓷增材制造在组织工程和植入物中的多功能化发展6.微纳3D打印在类器官芯片与精准医疗中的前沿研究7.从实验室到临床——生物医疗3D打印的注册、认证与产业化路径8.生物基/可降解医用材料的绿色设计与全生命周期评价主题三：前沿材料与先进打印包括但不限于：1.4D打印与智能响应材料2.微纳3D打印与高精度制造3.多材料打印与刚柔一体化4.功能集成高分子构件5.聚合物衍生陶瓷与复合制造6.数据驱动和智能增材制造注：以实际报告内容为准，若您有更好话题与建议，欢迎联系会务组！特色活动——青年学者论坛为发掘高分子3D打印创新成果，搭建产学研交流平台，大会同期举办特色专场“青年学者论坛”。以“凝练关键科学问题、提出当下解决思路、展望未来发展趋势”为主旨内容，助力行业15分钟了解一个方向，重点阐述研究存在的科学问题、解决思路、成果、放大可行性以及发展方向。欢迎高校团队报名，参与报告分享！海报征集热烈欢迎各位专家、学者以及3D产业从业人员踊跃投稿进行技术交流分享，为我国3D产业高分子领域的进言献策。海报请发送至邮箱：houxp@polydt.com海报建议尺寸：85 cm（宽）× 115 cm（高）（截止时间为10月23日）注：请自行打印携带，会务组协助张贴3DP Materials 2026会议报名会议注册及费用1.会议注册方式扫描下方二维码进行会议注册扫码注册参会2.会议注册费注：1、请务必完整填写注册表！在汇款附言上注明“姓名+单位+3D打印”！2、现场缴费，3-5个工作日内开具发票。3、开具普通增值税发票时，提供单位名称和纳税人识别号；需要开具增值税专用发票时，需提供单位名称、纳税人识别号、单位地址、电话、开户行及银行账号全部信息。3.会议联系方式赞助/展位申请刘琦电话：***********（同微信）邮箱：liuqi@polydt.com董凯杰电话：***********（同微信）邮箱：larry@polydt.com参会申请包凌宇电话：***********（同微信）邮箱：dtbly@polydt.com王文婷电话：***********（同微信）邮箱： wangwt@polydt.com报告/海报申请侯晓鹏电话：***********（同微信）邮箱：houxp@polydt.com往届回顾本论坛已成功举办四届，先后在宁波、北京、东莞、杭州等地举办。累计吸引数千名来自材料端、设备端、服务端、应用端的科研专家与产业精英参与。论坛始终秉持推动增材制造产业化发展的初心，致力于搭建产学研用深度协同的高水平交流平台，致力成为国内高分子3D打印材料领域最具影响力的品牌会议之一。明年再见 | 2025（第四届）高分子3D打印材料高峰论坛圆满落幕2024（第三届）国际高分子3D打印材料高峰论坛圆满落幕！2023高分子3D打印材料高峰论坛圆满落幕【感恩相聚】2022高分子3D打印材料高峰论坛八方齐聚！2023祝愿再聚10.29-31\x0d\x0a四川成都",,,,pending
东材科技，高速树脂业务暴涨127.97%,DT新材料,DT新材料,"RIOnews API, 新材料, 复合材料",normal,2026-08-23T00:01:00+08:00,,【DT新材料】获悉，8月20日，东材科技发布2026年半年报，上半年实现营收30.95亿元，同比增长27.29%；归母净利润3.12亿元，同比大涨 63.78%；扣非净利润2.24亿元，同比增长40.86%。财报显示，公司电子材料板块整体营收12.04 亿元，同比大增74.95%，已经成长为第一大收入板块。光学膜材料是第二大业务，上半年收入7.78亿元，同比增长21.95%。其中，高速电子材料（双马来酰亚胺树脂、活性酯树脂、碳氢树脂、聚苯醚树脂等）实现营业收入 5.55亿元，同比暴涨127.97%，是整个电子板块增长的核心。目前，东材高速树脂已经形成清晰的产品矩阵：覆盖BMI、活性酯、碳氢、聚,http://mp.weixin.qq.com/s?__biz=MzI4MzI5MTY3Ng==&mid=2247640102&idx=4&sn=cca007b3dd5191862e969b5e65149346,,【DT新材料】获悉，8月20日，东材科技发布2026年半年报，上半年实现营收30.95亿元，同比增长27.29%；归母净利润3.12亿元，同比大涨 63.78%；扣非净利润2.24亿元，同比增长40.86%。财报显示，公司电子材料板块整体营收12.04 亿元，同比大增74.95%，已经成长为第一大收入板块。光学膜材料是第二大业务，上半年收入7.78亿元，同比增长21.95%。其中，高速电子材料（双马来酰亚胺树脂、活性酯树脂、碳氢树脂、聚苯醚树脂等）实现营业收入 5.55亿元，同比暴涨127.97%，是整个电子板块增长的核心。目前，东材高速树脂已经形成清晰的产品矩阵：覆盖BMI、活性酯、碳氢、聚,【DT新材料】获悉，8月20日，东材科技发布2026年半年报，上半年实现营收30.95亿元，同比增长27.29%；归母净利润3.12亿元，同比大涨 63.78%；扣非净利润2.24亿元，同比增长40.86%。财报显示，公司电子材料板块整体营收12.04 亿元，同比大增74.95%，已经成长为第一大收入板块。光学膜材料是第二大业务，上半年收入7.78亿元，同比增长21.95%。其中，高速电子材料（双马来酰亚胺树脂、活性酯树脂、碳氢树脂、聚苯醚树脂等）实现营业收入 5.55亿元，同比暴涨127.97%，是整个电子板块增长的核心。目前，东材高速树脂已经形成清晰的产品矩阵：覆盖BMI、活性酯、碳氢、聚苯醚PPO、苯并噁嗪树脂及特种环氧树脂等多款电子级树脂材料，多个产品已经通过国内外一线覆铜板厂商，配套应用于英伟达、华为、苹果、英特尔等主流服务器体系，深度嵌入全球 AI 算力建设上游核心供应链。同时，公司正加快推进“年产20000吨高速通信基板用电子材料项目”的建设进度，积极拓展电子材料在新兴领域的市场应用，投产后将新增3500吨碳氢树脂产能，同时具备年产5000吨电子级低介质损耗热固性聚苯醚树脂的能力。/扫码加入行业交流群/化工新材料、复合材料、汽车、机器人、无人机、eVTOL、商业航天.....等产业同行❤️↓说明：本文部分素材来自于网络，转载请备注来源，本平台发布仅为了传达一种不同观点，不代表对该观点赞同或支持。如果有任何问题，请联系我们：*********** dtmaterial （微信）FINE2027 未来产业新材料博览会 7月丨上海,,,,pending
拓烯科技，100吨超高分子量聚乙烯项目公示,DT新材料,DT新材料,"RIOnews API, 新材料, 复合材料",normal,2026-08-23T00:01:00+08:00,,【DT新材料】获悉，8月20日，衢州市生态环境局发布关于浙江拓烯光学新材料有限公司高性能超高分子量聚乙烯关键技术研发与产业化项目生态环境影响报告书的审查意见。项目位于衢州智造新城高新片区杜鹃路 27 号浙江拓烯光学新材料有限公司预留厂房内，计划总投资 6584 万元，其中设备购置费 4644 万元，购置反应釜、精制床、蒸发罐等设备，新建 100 吨/年高性能超高分子量聚乙烯生产装置，实现年产 100 吨高性能超高分子量聚乙烯树脂的生产能力。资料显示，浙江拓烯光学新材料有限公司成立于2021年，是拓烯科技（衢州）的全资子公司，专注于高端光学树脂材料的研发与生产。公司成功打破国外长达半个世纪的技术,http://mp.weixin.qq.com/s?__biz=MzI4MzI5MTY3Ng==&mid=2247640102&idx=5&sn=200f62ddecea2f62970cc1c1e3290c7c,,【DT新材料】获悉，8月20日，衢州市生态环境局发布关于浙江拓烯光学新材料有限公司高性能超高分子量聚乙烯关键技术研发与产业化项目生态环境影响报告书的审查意见。项目位于衢州智造新城高新片区杜鹃路 27 号浙江拓烯光学新材料有限公司预留厂房内，计划总投资 6584 万元，其中设备购置费 4644 万元，购置反应釜、精制床、蒸发罐等设备，新建 100 吨/年高性能超高分子量聚乙烯生产装置，实现年产 100 吨高性能超高分子量聚乙烯树脂的生产能力。资料显示，浙江拓烯光学新材料有限公司成立于2021年，是拓烯科技（衢州）的全资子公司，专注于高端光学树脂材料的研发与生产。公司成功打破国外长达半个世纪的技术,【DT新材料】获悉，8月20日，衢州市生态环境局发布关于浙江拓烯光学新材料有限公司高性能超高分子量聚乙烯关键技术研发与产业化项目生态环境影响报告书的审查意见。项目位于衢州智造新城高新片区杜鹃路 27 号浙江拓烯光学新材料有限公司预留厂房内，计划总投资 6584 万元，其中设备购置费 4644 万元，购置反应釜、精制床、蒸发罐等设备，新建 100 吨/年高性能超高分子量聚乙烯生产装置，实现年产 100 吨高性能超高分子量聚乙烯树脂的生产能力。资料显示，浙江拓烯光学新材料有限公司成立于2021年，是拓烯科技（衢州）的全资子公司，专注于高端光学树脂材料的研发与生产。公司成功打破国外长达半个世纪的技术垄断，成为国内首家实现环烯烃共聚物（COC）工业化生产的企业，被认定为国家级专精特新“小巨人”企业。其核心产品广泛应用于光学镜头、医疗包装和高端显示等领域，公司一期3000吨COC项目已实现满产，二期年产4.1万吨高端光学共聚物项目已于2025年底全面投产，产品线拓展至光学级碳酸酯和丙烯酸系共聚物；三期总投资15亿元的高端光学薄膜项目也已开工建设。日程安排Conference Schedule04大会议程Conference Agenda全体大会：产业宏观与供应链（9 月 17 日上午）材料专场（9 月 17 日下午—9 月 18 日）（1）中国国际工程塑料产业创新大会（第 11 届）包括但不限于：（2）发泡材料与弹性体材料专题（3）AI 驱动材料创新专题 应用专场（9 月 17 日下午—9 月 18 日）（1）新能源汽车材料创新论坛（第 6 届）包括但不限于：（2）通信与高速互联技术产业创新论坛（第 5 届）包括但不限于：（3）具身机器人与灵巧手产业创新论坛（第 3 届）包括但不限于：（4）低空飞行器与航空航天材料创新论坛（第 5 届）包括但不限于：05DT新塑奖评选Innovative Plastic Awards 2026“新塑奖”评选自创立以来，始终致力于发掘和表彰行业创新典范，迄今已成功吸引包括巴斯夫、科思创、金发科技等在内的全球500余家产业链领军企业参与，构建了覆盖原材料、改性加工、装备制造的全产业链创新生态体系。现线上投票环节：2026年8月101日-8月17日已结束，欢迎关注后续全网公开专家评审：2026年8月26日-28日（企业介绍产品，评委提问并评分评选）及2026年9月17日，2026高分子产业年会现场颁奖盛典！持续一周，DT新塑奖线上投票开启！为40+优质高分子创新产品打call06同期会议concurrent meeting会议酒店同期举办2026第五届复合材料界面论坛暨（第五届）绿色复合材料论坛（含前沿科技及青年科学家论坛）以及2026（第四届）氢储运关键技术发展论坛，围绕高性能材料、新能源、氢能装备及先进制造等领域开展跨领域交流。报名参会，免费参加同期活动！① 2026第五届复合材料界面论坛暨（第五届）绿色复合材料论坛前沿科技及青年科学家论坛论坛设置专家评审及优秀报告奖项，面向青年科研力量遴选具有创新性的前沿成果。论坛围绕复合材料高性能化与绿色化两条主线，设置界面机理与多尺度设计、AI仿真与数据驱动设计、纤维表面改性与界面强韧化、多功能智能界面、重点领域应用、绿色复合材料与循环利用等六大主题，打造覆盖基础研究、技术开发与产业应用的高水平交流平台。首批15位嘉宾揭晓！2026复合材料界面论坛暨绿色复合材料论坛9月合肥见② 2026（第四届）氢储运关键技术发展论坛（9月17-18日）氢储运论坛聚焦氢能储运装备关键材料与工程技术发展。论坛设置高压气态储氢、低温液氢储运、材料储运氢等专题，重点关注复合材料储氢瓶、纤维增强复合材料、密封材料及极端环境服役性能等方向，为复合材料界面设计、结构可靠性评价及工程应用提供跨领域交流平台。首轮报告嘉宾剧透！2026（第四届）氢储运关键技术发展论坛（9月17-18日，合肥）07参会报名Registration扫码参会↓↓↓参会联系：侯经理***********（同微信）联系我们，获取会议最新资讯徐经理***********（同微信）联系我们，获取会议最新资讯08往届赞助与参与企业（部分）Past Sponsors & Participants (Partial)往届会议嘉宾（部分）2026.9.17-18 安徽·合肥,,,,pending
嘉宾预告｜南航潘蕾教授：金属/复合材料界面胶接技术和界面强韧化技术进展,DT新材料,DT新材料,"RIOnews API, 新材料, 复合材料, 高性能纤维, 碳纤维, 产品发布, 发布, 官宣, 学术研究, 大学, 教授, 科学院, 研究所, 期刊, 技术进展, 界面改性, 界面优化, 前沿技术",normal,2026-08-23T00:01:00+08:00,,金属/复合材料连接和界面强韧化技术是当前复合材料领域备受关注的研究热点。二者组合形成混合结构，可以在减轻重量的同时满足复杂构件的承载与服役需求。传统机械连接通常需要开孔并增加紧固件，不仅会带来额外重量，还可能切断纤维，在孔边形成应力集中。胶接技术无需破坏材料主体，并可通过连续胶层分散载荷，因此被广泛应用于航空航天、轨道交通等领域的异质材料连接。然而，两类材料在性质的显著差异，使界面在固化与服役过程中易产生残余应力、应力集中及脱粘分层。更重要的是，高静载强度不等于界面可靠，刚性过强的界面可能诱发快速裂纹扩展，韧性不足则无法耗散断裂能。因此，金属/复合材料界面设计不仅要解决“粘得牢”的问题，还要让,http://mp.weixin.qq.com/s?__biz=MzI4MzI5MTY3Ng==&mid=2247640102&idx=3&sn=b9f3ee0715de7a9b8c471a64748b1830,,金属/复合材料连接和界面强韧化技术是当前复合材料领域备受关注的研究热点。二者组合形成混合结构，可以在减轻重量的同时满足复杂构件的承载与服役需求。传统机械连接通常需要开孔并增加紧固件，不仅会带来额外重量，还可能切断纤维，在孔边形成应力集中。胶接技术无需破坏材料主体，并可通过连续胶层分散载荷，因此被广泛应用于航空航天、轨道交通等领域的异质材料连接。然而，两类材料在性质的显著差异，使界面在固化与服役过程中易产生残余应力、应力集中及脱粘分层。更重要的是，高静载强度不等于界面可靠，刚性过强的界面可能诱发快速裂纹扩展，韧性不足则无法耗散断裂能。因此，金属/复合材料界面设计不仅要解决“粘得牢”的问题，还要让,金属/复合材料连接和界面强韧化技术是当前复合材料领域备受关注的研究热点。二者组合形成混合结构，可以在减轻重量的同时满足复杂构件的承载与服役需求。传统机械连接通常需要开孔并增加紧固件，不仅会带来额外重量，还可能切断纤维，在孔边形成应力集中。胶接技术无需破坏材料主体，并可通过连续胶层分散载荷，因此被广泛应用于航空航天、轨道交通等领域的异质材料连接。然而，两类材料在性质的显著差异，使界面在固化与服役过程中易产生残余应力、应力集中及脱粘分层。更重要的是，高静载强度不等于界面可靠，刚性过强的界面可能诱发快速裂纹扩展，韧性不足则无法耗散断裂能。因此，金属/复合材料界面设计不仅要解决“粘得牢”的问题，还要让界面能够分散应力、阻碍裂纹并消耗断裂能量，实现“裂得慢”。南京航空航天大学潘蕾教授，长期从事先进结构复合材料、纳米功能复合材料以及材料表/界面结构与功能设计研究，相关成果已在航空航天、风力发电、新能源汽车、低空飞行器和船舶等领域关键构件中得到应用。9月16-18日，潘蕾教授将出席于安徽合肥举办的2026第五届复合材料界面论坛暨（第五届）绿色复合材料论坛，并带来《金属/复合材料界面胶接技术和界面强韧化技术进展》主题报告。报告将围绕金属/复合材料胶接结构、胶粘剂、界面状态及环境条件等关键因素，系统介绍国内外界面强化、界面增韧及强韧协同技术进展，并分享团队在钛合金/PEEK复合材料界面调控方面的研究成果。欢迎行业各界参会交流讨论！金属/复合材料胶接界面的性能，主要体现在界面强度和界面韧性两个方面。界面强化强调提高结合能力，避免在载荷作用下提前脱黏；界面增韧则关注裂纹形成后的扩展过程，通过改变裂纹路径、缓解应力集中和增加能量耗散，延缓界面失效。围绕钛合金与PEEK之间表面性质差异大、界面结合不足的问题，潘蕾教授团队从金属表面微结构构筑和界面化学桥接两个层面开展了系列研究。在界面化学调控方面，团队将阳极氧化与席夫碱配合物自组装相结合，使钛合金/PEEK接头的单搭接剪切强度达到47.49 MPa，较单独阳极氧化处理提高53.89%。采用磺化PEEK对钛合金表面进行改性后，界面剪切强度达到40.77 MPa，较未负载磺化PEEK的阳极氧化试样提高32.11%。在界面结构调控方面，团队在钛合金表面构筑规则微坑，使PEEK在裂纹扩展过程中发生更多塑性变形与能量耗散，推动失效模式由界面脱黏向材料内部破坏转变。进一步面向钛合金/PEEK/碳纤维混合层板的成型需求，团队将半球形微坑阵列引入金属/复合材料界面。优化后，层板弯曲回弹角可由24°降低至约10°。针对高温、高湿等环境下胶接性能容易衰减的问题，团队还通过在钛表面共价接枝有机过渡层，提高钛合金/PEEK界面的湿热耐久性，为金属/复合材料混合结构的长期稳定服役提供了新的技术路径。嘉宾介绍潘蕾，南京航空航天大学材料科学与技术学院，教授/博导。研究方向为先进结构复合材料和纳米功能复合材料。江苏省双创人才，江苏省复合材料学会理事。承担了国家“863”计划、国家重点研发计划课题、国家自然科学基金、“慧眼”行动、工信部高技术船舶预研项目、江苏省科技厅中英产业合作挑战计划项目等课题30余项。获机械工业科学技术奖等省部级科技奖励4项；以一作/通讯作者发表高水平学术论文60余篇，其中中科院一区/TOP期刊论文30余篇。申请专利40余件，其中PCT国际发明专利3件、美国专利1件、中国授权专利20余件。参与起草国家标准、团体标准3项。相关研究已在航空航天、风力发电、新能源汽车、低空飞行器及船舶等领域关键构件得到应用。更多会议信息，点击阅读首批15位嘉宾揭晓！青年科学家，请上台！主席团确认！官宣启动！更多嘉宾信息，点击阅读宁波材料所祝颖丹研究员青岛大学马丽春教授同济大学于涛教授 国防科大段科副教授中科大王鹏飞副教授 宁波材料所方超高工01组织架构（持续更新）FRAMEWORK主办单位哈尔滨工业大学（深圳）DT新材料大会主席黄玉东 中国工程院院士，哈尔滨工业大学（深圳）校长益小苏 宁波诺丁汉大学李达三讲席教授，长三角碳纤维及复合材料技术创新中心执行主任执行主席彭华新 浙江大学求是讲席教授潘 蕾 南京航空航天大学教授刘小青 中国科学院宁波材料技术与工程研究所研究员专家顾问团（排名不分先后）刘 丽 哈尔滨工业大学教授刘彦菊 哈尔滨工业大学教授杨小平 北京化工大学教授郑锡涛 西北工业大学教授祝颖丹 中国科学院宁波材料技术与工程研究所研究员祖 磊 合肥工业大学教授余 彬 中国科学技术大学特任教授许 鹏 浙江大学特聘副研究员张浩然 南京航空航天大学副教授段 科 国防科技大学副教授更多专家邀请中……特别鸣谢北京奥德利诺仪器有限公司广东晟鼎智能装备股份有限公司持续更新中……合作媒体Carbontech、DT新材料、生物基能源与材料、高分子循环再利用、DT新能源、DT半导体材料、DT新型储能与电池、DT洞见可持续、DT未来产业、洞见热管理、夯邦、生物基科技、材鲸、材视复合材料技术承办单位宁波德泰中研信息科技有限公司02大会日程AGENDA03大会议题TOPICS主题一：界面机理、多尺度设计与力学行为界面浸润性、吸附、化学键合及过渡层理论机制纤维/基体界面多尺度结构设计及性能关联界面接触、摩擦、粘附、脱粘及失效演化规律主题二：界面AI仿真与数据驱动设计分子动力学与有限元跨尺度模拟AI辅助界面结构逆向设计与性能预测AI数据库建设及纤维-树脂-上浆剂组合优化主题三：纤维表面改性与界面强韧化技术碳纤维、石英纤维、玄武岩纤维等高性能无机纤维的表面活化处理技术；芳纶纤维、PBO纤维、UHMWPE纤维等有机高性能纤维的表/界面改性等离子体、电化学氧化、化学接枝等界面调控技术仿生界面、梯度界面、纳米增强及上浆剂优化主题四：多功能、智能与纳米复合材料界面工程智能响应界面、多功能界面及自修复界面设计导热、导电、电磁屏蔽、阻燃预警等功能界面构建纳米复合材料界面工程与结构健康监测主题五：界面工程在重点领域的应用与挑战航空航天复合材料界面可靠性与适航验证低空经济飞行器、氢能装备及新能源汽车界面挑战极端环境服役及规模化生产一致性控制主题六：复合材料界面回收工程与绿色复合材料热固性复合材料连接、修复、分离与回收技术可解构界面和可逆粘合设计绿色树脂、天然纤维及生物基界面优化04同期活动CO-EVENTS会议酒店同期举办前沿科技及青年科学家论坛、2026（第十一届）高分子产业年会，以及2026（第四届）氢储运关键技术发展论坛，围绕高性能材料、新能源、氢能装备及先进制造等领域开展跨领域交流。报名参会，免费参加同期活动！① 前沿科技及青年科学家论坛（9月16日）面向复合材料界面领域青年科研力量，聚焦近年来快速发展的前沿交叉方向，邀请青年科学家分享最新研究成果与创新思路。论坛围绕界面多尺度调控、先进表征技术、计算模拟与人工智能辅助材料设计、智能复合材料等方向展开交流，促进青年学者之间的学术互动与思想碰撞，推动复合材料界面基础研究持续创新。点击更多阅读：青年科学家，请上台！复合材料界面前沿技术论坛报告征集中② 2026（第十一届）高分子产业年会（9月17-18日）产业年会围绕高性能高分子材料、先进复合材料及新兴产业应用开展交流。大会聚焦AI、新能源汽车、低空经济、航空航天等未来产业对轻量化、高性能、多功能材料的新需求，涵盖热塑性复合材料、功能高分子材料、可持续高分子材料等专题，与复合材料界面工程在材料设计、增强增韧、结构优化及绿色制造等方向形成深度交叉。点击更多阅读：第一轮议程公布！2026高分子产业年会（9月17-18 安徽合肥）③ 2026（第四届）氢储运关键技术发展论坛（9月17-18日）氢储运论坛聚焦氢能储运装备关键材料与工程技术发展。论坛设置高压气态储氢、低温液氢储运、材料储运氢等专题，重点关注复合材料储氢瓶、纤维增强复合材料、密封材料及极端环境服役性能等方向，为复合材料界面设计、结构可靠性评价及工程应用提供跨领域交流平台。点击更多阅读：议程发布！2026（第四届）氢储运关键技术发展论坛（9月17-18日，合肥）05参会报名REGISTRATION扫 码 报 名参会/演讲/展位/媒体需求请联系韩经理，***********（微信同号）邮箱：Vicky@polydt.com9月16-18日，安徽合肥，2026第五届复合材料界面论坛暨（第五届）绿色复合材料论坛,,,,pending
开幕倒计时3天！PCIM Asia Shenzhen 2026深圳国际电力元件、可再生能源管理展览会逛展指南！展示范围+同期活动+交通指南,新材料在线,新材料在线,"RIOnews API, 新材料, 复合材料, 产品发布, 亮相, 展出, 技术进展, 技术突破, 前沿技术",normal,2026-08-23T00:01:00+08:00,,作为亚洲电力电子行业的年度盛会，PCIM Asia Shenzhen 2026深圳国际电力元件、可再生能源管理展览会暨研讨会将于2026年8月26-28日在深圳国际会展中心（宝安新馆）14&16号馆举行。源自德国纽伦堡PCIM Expo & Conference，深耕亚洲电力电子市场二十余载，PCIM深圳始终是电力电子领域集展览与学术研讨于一体的专业商贸平台，2026年更是开辟可再生能源与智慧能源、AI数据中心电源、电气化交通等以应用为导向特色专区，重磅升级两大峰会+应用端论坛+技术端论坛+合作会议的同期活动矩阵，为全产业链提供破局路径，开辟高附加值增量市场。展会与Formnext Asia深,http://mp.weixin.qq.com/s?__biz=MzA5NDQ2NzQyMg==&mid=2663031667&idx=4&sn=b727d0eb8e8b582eb1a75faacb2e96fa,,作为亚洲电力电子行业的年度盛会，PCIM Asia Shenzhen 2026深圳国际电力元件、可再生能源管理展览会暨研讨会将于2026年8月26-28日在深圳国际会展中心（宝安新馆）14&16号馆举行。源自德国纽伦堡PCIM Expo & Conference，深耕亚洲电力电子市场二十余载，PCIM深圳始终是电力电子领域集展览与学术研讨于一体的专业商贸平台，2026年更是开辟可再生能源与智慧能源、AI数据中心电源、电气化交通等以应用为导向特色专区，重磅升级两大峰会+应用端论坛+技术端论坛+合作会议的同期活动矩阵，为全产业链提供破局路径，开辟高附加值增量市场。展会与Formnext Asia深,作为亚洲电力电子行业的年度盛会，PCIM Asia Shenzhen 2026深圳国际电力元件、可再生能源管理展览会暨研讨会将于2026年8月26-28日在深圳国际会展中心（宝安新馆）14&16号馆举行。源自德国纽伦堡PCIM Expo & Conference，深耕亚洲电力电子市场二十余载，PCIM深圳始终是电力电子领域集展览与学术研讨于一体的专业商贸平台，2026年更是开辟可再生能源与智慧能源、AI数据中心电源、电气化交通等以应用为导向特色专区，重磅升级两大峰会+应用端论坛+技术端论坛+合作会议的同期活动矩阵，为全产业链提供破局路径，开辟高附加值增量市场。展会与Formnext Asia深圳国际3D打印展、IOTE国际物联网展、AGIC通用人工智能展、ISVE商业显示展同期同场举行，五展合力打造14万平方米超大规模全产业链盛会，汇集逾1000家展商。这一综合性产业平台集技术展示、商贸对接、学术交流于一体，一站式覆盖电力电子、增材制造、人工智能、智慧显示、物联网等智能制造重点赛道，精准匹配华南制造企业产业升级、发展新质生产力的需求。展品范围.全产业链覆盖四大专区同步亮相，以应用场景定义展区展品范围包括功率半导体元件及模块、集成电路、无源元件、电磁及磁性材料、散热管理、传感器、装配和子系统、智能运动、电源、电能质量和能源储备、测量和检测。 功率半导体元件及模块IGBT、MOSFET、碳化硅与氮化镓宽禁带器件、二极管及各类功率模块 集成电路驱动控制、电源管理、信号链集成电路及智能功率模块IPM 无源元件电容器、电阻器、电感器及各类高性能无源器件 电磁及磁性材料软磁、永磁材料及高频磁性元件与电感方案️ 散热管理散热器、液冷模组、热界面材料与整机热管理方案 传感器电流/电压传感、温度传感与位置检测器件 装配和子系统封装互连、模块装配与子系统集成解决方案⚙️ 智能运动电机驱动、运动控制与智能执行系统⚡ 电源开关电源、电源模块与功率转换器 电能质量和能源储备电能质量治理、储能系统与能源管理 测量和检测功率测试、可靠性分析与检测设备PCIM Asia Shenzhen 2026特别策划主题馆，以应用场景重新定义展区，逛展除了可以按展台品牌寻找展品，还能按应用场景一站看全上下游方案。AI电源与数据中心生态专区紧扣AI算力爆发下的数据中心供电变革，以“从电网到芯片”为全链路展示逻辑，完整呈现从高压直流供电架构、固态变压器到液冷兼容电源系统的前沿技术路径。专区设置标志性AI应用展示墙，系统梳理从配电架构到板级供电的关键技术图谱。同期，“GaN for Physical AI”会议由全球知名市场研究机构Yole Group联合呈现，前瞻预判氮化镓在物理人工智能领域的发展机遇。电气化交通全产业链展示专区以“从芯片到整车”为主线，围绕功率器件、电驱系统、车载电源、整车应用四个板块，重点展示SiC、GaN等宽禁带功率半导体及高功率密度封装技术。专区创新采用“论坛+展位”联动布局，联合动态沙盘模拟真实车载工况下多企业产品的协同运行效果。可再生能源与智慧能源专区秉持“电力电子驱动绿色能源系统”的核心理念，以“能源生产（光伏）→能源存储（储能）→能源应用（充电桩）→功率核心（电力电子）”为完整链路，集中呈现SiC、GaN等新型功率器件在光伏逆变器、储能变流器、充电模块中的前沿应用。产学研综合交流专区本届展会规划1800㎡产学研综合交流专区，打造一站式校企对接平台。专区划分四大核心功能板块：研讨会墙报展示区集中展出投稿企业高校的前沿学术成果；高校独立展位供院校展示实验室科研成果；与演讲人对话专区提供与行业专家一对一深度交流空间；高校成果转化展示区集中推介具备产业化价值的科研项目，打通学术成果商业化路径。专区同步配套科普展示区、人才招聘角，其中成果转化板块设有英飞凌高校合作专属展示区域，全方位搭建产业、高校、科研人才互通对接的综合载出席展商：海内外巨头与新锐力量同台产业链阵容全面升级展会届时一批覆盖从仿真设计、核心材料、功率器件到封装散热的精锐力量将集中登场。Power Integrations、飞锃半导体、英富美科技、Plexim GmbH、安徽众恒复合材料科技、元山电子科技、苏州东微半导体、杭州飞仕得、昆山固特杰散热产品、山东晶导微电子、智新电子（厦门）、广东天域半导体、爱微电力电子、昕感科技、南京研旭电气科技、复纳科学仪器、翼同半导体、淮北华明工业变频设备、深圳市麦思浦半导体、杭州晶磁电子等知名企业将携带针对高功率密度应用、精准测试验证、高效热管理及电路保护等环节的最新产品与解决方案亮相。这些企业的创新成果，不仅展现了电力电子产业链协同深耕的活力，更为新能源汽车、智能电网、工业驱动等下游应用的技术突破提供了坚实支撑。国际功率半导体巨头三菱电机、英飞凌、赛米控丹佛斯、富士电机、罗姆、PI、东芝、威世、博世、日立能源悉数到场；国产半导体中坚力量中国中车、华润微电子、士兰微、扬杰科技、宏微科技、斯达半导体、捷捷微电、芯长征、长晶科技集体亮相，还有宽禁带半导体技术的各方新锐英诺赛科、清纯半导体、湖南三安、天域半导体、飞锃半导体、爱仕特等同台竞技……从材料、封装到测试测量，完整覆盖电力电子全产业链。PCIM Asia Shenzhen 2026 展商同期会议矩阵峰会论坛联动，产学研深度融合本届展会倾力打造“行业峰会+主题论坛+高端合作会议”的多元化会议矩阵，全部免费向专业观众开放，紧扣产业转型脉搏，旨在为每一位专业观众提供兼具深度与广度的参会价值，打造电力电子领域年度思想盛宴与技术交流高地。两大峰会领航，洞悉产业全局全球战略峰会：深度剖析功率半导体市场走势，研判企业全球化布局路径。功率半导体新锐峰会：集中展现国产IGBT及宽禁带半导体领域的体系化升级与最新成果。13场主题论坛并行，覆盖全技术栈与热门应用产品技术端：深度聚焦碳化硅（SiC）、氮化镓（GaN）、IGBT、封装测试等核心基础技术。应用市场端：精准对接AI数据中心电源、智能驱动、清洁能源、电动交通等高增长赛道。Yole Group×半导体行业观察×西安交通大学×深圳平湖实验室合作会议展会首度携手四大权威机构，联袂打造四场高端合作会议，议题贯通基础材料、功率器件、物理人工智能与新能源汽车等全链路热门应用，引领前瞻视野。观展指南 日程安排2026年8月26–28日（周三至周五）每日09:00开馆，28日15:00结束建议提前规划路线，预留会议时间 展馆位置深圳国际会展中心（宝安新馆）14&16号馆 · 由北登录大厅入场展期通用票覆盖全部展厅 交通到达地铁20号线/12号线至国展北站，C1/C2出口直达北登录大厅穗莞深城际福海西站距展馆约1公里自驾沿S3广深沿江高速，按“国际会展中心”指示直达停车场观众报名通道扫码报名免费观展咨询电话：0755-86060912、***********点击阅读原文，报名参加PCIM Asia Shenzhen — 深圳国际电力元件、可再生能源管理展览会暨研讨会,,,,pending
上海贺利氏工业技术材料有限公司亮相2026第二十九届中国国际复合材料工业技术展览会,新材料在线,新材料在线,"RIOnews API, 新材料, 金属材料, 复合材料, 高性能纤维, 碳纤维, 聚酰亚胺, 碳纳米管, 产品发布, 发布, 亮相, 合作进展, 投资, 合作, 学术研究, 大学, 研究所",normal,2026-08-23T00:01:00+08:00,,本公司成立于1994年，是世界500强德国贺利氏集团的全资子公司，是贵金属加工、回收和销售企业之一。贺利氏贵金属功能材料事业部（HPM）自1997年，加工各类型玻纤用铂铑合金漏板，目前漏板业务几乎全面覆盖国内玻纤行业。HPM具有贵金属新材料研发、提纯分离、漏板设计、智能制造、安全快捷的运送服务，为客户提供贵金属使用的整体解决方案，从而帮助客户大幅降低投资额，并减少贵金属使用损耗，提升行业竞争力。 本届展会，上海贺利氏工业技术材料有限公司位于【7.2馆 7X01号展位】，将重点推介玻纤玄武岩用铂铑合金漏板： “中国国际复材展”是亚太地区规模最大、影响力最广泛的复合材料专业技术展览会。自1995年,http://mp.weixin.qq.com/s?__biz=MzA5NDQ2NzQyMg==&mid=2663031667&idx=6&sn=ab248339d6f913ca75082e11505e69b3,,本公司成立于1994年，是世界500强德国贺利氏集团的全资子公司，是贵金属加工、回收和销售企业之一。贺利氏贵金属功能材料事业部（HPM）自1997年，加工各类型玻纤用铂铑合金漏板，目前漏板业务几乎全面覆盖国内玻纤行业。HPM具有贵金属新材料研发、提纯分离、漏板设计、智能制造、安全快捷的运送服务，为客户提供贵金属使用的整体解决方案，从而帮助客户大幅降低投资额，并减少贵金属使用损耗，提升行业竞争力。 本届展会，上海贺利氏工业技术材料有限公司位于【7.2馆 7X01号展位】，将重点推介玻纤玄武岩用铂铑合金漏板： “中国国际复材展”是亚太地区规模最大、影响力最广泛的复合材料专业技术展览会。自1995年,本公司成立于1994年，是世界500强德国贺利氏集团的全资子公司，是贵金属加工、回收和销售企业之一。贺利氏贵金属功能材料事业部（HPM）自1997年，加工各类型玻纤用铂铑合金漏板，目前漏板业务几乎全面覆盖国内玻纤行业。HPM具有贵金属新材料研发、提纯分离、漏板设计、智能制造、安全快捷的运送服务，为客户提供贵金属使用的整体解决方案，从而帮助客户大幅降低投资额，并减少贵金属使用损耗，提升行业竞争力。 本届展会，上海贺利氏工业技术材料有限公司位于【7.2馆 7X01号展位】，将重点推介玻纤玄武岩用铂铑合金漏板： “中国国际复材展”是亚太地区规模最大、影响力最广泛的复合材料专业技术展览会。自1995年创立以来，以推动复合材料行业的繁荣发展为使命，与产业界、学术界、科研机构、协会组织、媒体以及相关政府部门建立了长期良好的合作关系，努力搭建复合材料全产业链技术沟通、信息交流、人员往来的线上/线下专业平台，现已成为全球复合材料行业发展的重要风向标，享誉海内外。 2026年9月1日-3日，第二十九届中国国际复合材料工业技术展览会即将在国家会展中心（上海）正式拉开帷幕。 截止目前（8月11日），报名展商超过970家。本届展会聚焦AI智能智造、循环经济、热塑性复材、高端功能复材四大核心赛道，汇聚全球顶尖技术、头部企业、资本资源与行业专家，集中展示2026年复材行业最新技术突破、产品迭代与产业趋势，成为引领全年行业发展的核心风向标。 展示范围 CCE2026的展示范围覆盖复合材料全产业链，主要包括以下核心板块： 原材料及其生产设备：各类树脂（不饱和/环氧/乙烯/酚醛等）；各类纤维及增强材料（玻纤/碳纤/玄武岩纤维/芳纶/天然纤维等）；胶黏剂、各种助剂、填料、色料及预混料、预浸料，以及上述原材料的生产、加工和处理设备 复合材料生产技术和设备：喷射、缠绕、模压、注射、拉挤、RTM、LFT、真空导入、热压罐等各类新成型技术及设备；蜂窝、发泡、夹层技术及工艺设备、复合材料的机械加工设备、成型模具设计加工技术等 最终制品及应用：复合材料在防腐工程、建筑工程、汽车及其它轨道交通、船艇、航天、航空、国防、机械、化工、新能源、电力电子、农林、渔业、运动器材、日常生活等领域的产品及应用、制造设备等 复合材料质量控制与检测：质量监控技术和材料测试设备、自动化控制技术与机器人等设备、无损检测技术及设备 其他：复合材料及其制品的节能、环保回收、再生利用、修补等技术及设备；碳纤维、芳纶纤维、高分子聚乙烯纤维、可再生生物纤维等先进增强材料及其制品和相关技术、设备 展商名录 截至目前，展会预计吸引超过970家展商参展，涵盖复合材料全产业链的原材料、设备、制品及检测等各个领域。 展位号 单位名称 主要业务 7F04 PINETTE公司 工业成型压机、试验室压机等 6T05 TMT神津株式会社 卷绕机 6D03 UBE株式会社 FCV压力容器储氢罐内衬材料 8R39 阿乐斯绝热材料（苏州）有限公司 创新环保的专利再生PET结构芯材 8U26 阿美特克 - 博勒飞 粘度计、流变仪、水分仪、有毒气体分析仪 8X11 阿默泰材料科技（赣州）有限公司 热塑性碳纤维复合材料（单向带） 7G12 埃夫科纳聚合物股份有限公司 流平、消泡、分散润湿等功能性助剂 6U08 埃克森美孚化工商务（上海）有限公司 Proxxima博思迈树脂热固性聚烯烃系统 7F08 艾蒂复合材料（上海）有限公司 片状模塑料、团状模塑料 8U20 艾普科模具材料（上海）有限公司 非金属模具材料、复合材料工装、航空模具及相关 8R22 艾思博（武汉）科技有限公司 热塑性碳纤维自动化铺缠设备及制品 6T58 爱思特（上海）机械科技有限公司 真空热压机、真空层压机、高温真空压机 6T68 安道机械制造（山东）有限公司 纺丝设备收卷机、电磁加热辊 8Y13 安徽安固高科有限公司 TPU/SGP/PVB/XIR中间膜 7U08 安徽长河新材料有限公司 有机过氧化物、助剂 8T31 安徽长淮新材料有限公司 高效环保阻燃剂 6R38 安徽橙焱新材料科技有限公司 耐碱玻璃纤维网格布、网格带 7T11 安徽东远新材料有限公司 PET泡沫芯材 8C38 安徽金九鼎复合材料有限公司 高性能玻璃纤维织物 8A30 安徽科尔达新材料有限公司 玻璃钢拉挤模具 6H23 安徽美东生物材料有限公司 环氧固化剂、稀释剂 7K23 安徽泰乐玛科技有限公司 轨交部件、风电部件、新型复合材料等 7T11 安徽新远科技股份有限公司 环氧树脂、环氧活性稀释剂、电子专用材料及缩醛 7T08 安徽耀石新材料科技股份有限公司 高性能石英纤维材料 6C06 安徽赢碳新材料科技有限公司 高性能纤维织物及预浸料 7W01 安徽众博新材料有限公司 环氧树脂 6S10 安徽子阳机械科技有限公司 预浸机、碳纤维预浸生产线、涂胶机、碳布 8R28 盎古（上海）科技有限公司 盎古在线视觉检测系统 8Z10 白鸽磨料磨具有限公司 切片、砂轮 6Y22 百德福钢带集团 模块化双带式压机 6L18 包头中远生物基新材料有限公司 纤维素纤维、超高分子量聚乙烯膜带、氨纶 8N25 保定维赛新材料科技股份有限公司 PVC泡沫、PET泡沫板、软木、PMI 7A01 保利泰克风电科技（无锡）有限公司 风机叶片全方位保护解决方案 7C12 北京阿迪特科技发展有限公司 复合材料成型设备 8J22 北京阿凡通科技有限公司 实验室仪器设备 6Y02 北京邦维高科新材料科技股份有限公司 高性能纤维织物、浮空器蒙皮、防弹材料、电子材料 7N06 北京玻钢院复合材料有限公司 纤维复材 7D08 北京玻钢院检测中心有限公司 / 国家玻璃钢制品质量检验检测中心 复合材料检测 8T79 北京德烁科技有限公司 RTM 8K28 北京鼎锐中实商贸有限公司 欧洲高端制造复材加工刀具及超声设备 6V09 北京东晟新锐自动化工程技术有限公司 非标自动化设备 6V09 北京共赢联盟国际科技有限公司 复材切割专家 8Y40 北京冠晨伟业科技有限公司 真空密封胶带、真空袋膜、隔离膜 8M05 北京皓盛科技发展有限公司 Caracol工业级3D打印设备 7W03 北京机科国创轻量化科学研究院有限公司 轻量化材料生产技术、成形工艺、数字化成型装备 8V12 北京金艺铭龙科技有限公司 数控雕刻机、复合材料加工中心 8M20 北京金宇恒利涂装设备有限公司 烘箱/固化炉、洁净间、喷烤漆房、打磨房等 7C15 北京科拉斯科技有限公司 夹芯材料、碳纤维、玻纤、助剂等 6N08 北京科泰克科技有限责任公司 承压容器及系统 8W27 北京帕普生泵业有限公司 转子泵、螺杆泵、齿轮泵等流体输送技术 8T96 北京润熙科技发展有限公司 CCK离型纸、PEK离型纸、格拉辛离型纸 8Z12 北京斯乐开高科技有限公司 纤维铺缝、干丝制造和铺放、编织机、热塑焊机 8S15 北京天兴陶瓷复合材料有限公司 陶纤、玻纤、可溶纤维、高硅氧、氧化铝纤维 8Q58 北京天域科技有限公司 复合材料整体解决方案 7R09 北京唯达泰克复合材料有限公司 玻璃钢缠绕技术 6K08 北京盈科祥瑞科技有限公司 胶衣、玻纤、RTM设备、环氧RTM设备 8X05 北京云尚智造科技有限公司 连续（碳）纤维复材自动化制造系统 8Y38 北京中纺精业机电设备有限公司 热牵伸辊 7A05 北京众磊源科技发展有限公司 Virtek激光投影定位系统、法赛图烘箱 7U16 北自所（北京）科技发展股份有限公司 智能物流系统 7G03 贝克休斯检测控制技术（上海）有限公司 无损检测设备(NDT) 8T75 贝美西（北京）精密机床部件有限公司 意大利海铁克电主轴、五轴头、角度头 8U26 倍迎电子科技（上海）有限公司 粘度计、激光粒度仪、导热率测试仪 8R11 本隆商事（天津）国际贸易有限公司 潜伏性环氧固化剂、颜料分散剂、偶联剂 8D04 比雅斯贸易（上海）有限公司 HSD五轴头及电主轴 6C28 毕克助剂（上海）有限公司 助剂 6X08 波林-雷可德集团 不饱和聚酯树脂、乙烯基树脂、胶衣、粘接剂 8W30 玻璃钢学会 行业服务 8W22 博斯特智能科技（张家港）有限公司 空气纤维挤出设备、片材管材挤出设备、PP蜂窝设备 8V38 布鲁克（北京）科技有限公司 布鲁克X射线产品、电子显微镜分析仪器 8V39 沧州鼎鸿保温材料有限公司 铝箔玻纤布、铝箔编织布、硅钛布、不干胶铝箔布 8Z08 沧州睿鹏复合材料有限公司 碳纤维拉挤型材、玻璃钢拉挤型材 8Y54 曹县鑫久特纺织有限公司 3732 3784 7628电子布绝缘板布 6H15 长春长光宇航复合材料有限公司（长春长光高性能材料有限公司） 碳纤维结构件、预浸料、树脂、胶粘剂、胶膜 8T92 长春珑鑫新材料有限公司 Nomex蜂窝 6Y16 长沙科成高分子材料有限公司 用于内部中空结构成型的芯模气囊 6M08 长盛（廊坊）科技有限公司 碳纤维及碳纤维织物系列产品 8C49 常熟江南玻璃纤维有限公司 玻璃纤维织物及玻纤复合材料 7H29 常熟市东宇绝缘复合材料有限公司 玻纤毡/布/纱 8T89 常熟市耀星玻纤绝缘制品有限公司 硅胶布、氟胶布、三元乙丙胶布 7G29 长兴合成树脂（常熟）有限公司 不饱和树脂、乙烯基树脂、热塑复材 8Y27 常州标检产品质量检测有限公司 化学环保、环境可靠性、防火阻燃、材料测试等 8Y53 常州博疆新材料科技有限公司 风电叶片制造用各类辅材 7F28 常州达姆斯检测技术有限公司 复合材料检测 7G09 常州都盈复合材料科技有限公司 RTM注射设备、仿真软件、纤维渗透测试 6J08 常州复硕新材料有限公司 美国AXEL内脱模剂、LANTOR强芯毡 7U01 常州华科聚合物股份有限公司 不饱和聚酯树脂、乙烯基树脂、胶衣 7W16 常州华日新材有限公司 不饱和树脂、乙烯基树脂、SMC、BMC 7H15 常州桦立柯新材料有限公司 零浆高强玻纤织物、超薄高强玄武岩纤维织物 7J24 常州嘉晖新材料科技有限公司 环氧树脂固化剂 8C42 常州金纬片板设备制造有限公司 连续纤维增强复合材料生产线 7H15 常州康帕斯德新材料有限公司 零浆高强玻璃纤维织物、超薄高强玄武岩纤维织 7T06 常州联洋玻璃纤维有限公司 玻纤产品和短切毡生产线 7B12 常州纳捷机电科技有限公司 柔性材料裁切机 6Z23 常州攀旺玻璃钢复合材料有限公司 不饱和树脂助剂、引发剂 6R38 常州珀勒玛复合材料有限公司 不饱和聚酯树脂 6Y01 常州普泰玻纤制品有限公司 玻纤/碳纤混编织物 7U08 常州日新化学有限公司 胶衣、色浆 7Q22 常州日新模塑科技有限公司 SMC/BMC、模压制品 7U18 常州润丰源纺机制造有限公司 缝编、经编机械 7K19 常州赛威朗复合材料有限公司 碳纤维织物、玻璃纤维织物、玻璃纤维复合毡等 8D12 常州三诺机械科技有限公司 复合材料热压罐、固化炉、TPC控制软件 7J24 常州山峰新材料工程技术研发有限公司 环氧树酯固化剂 6F18 常州神鹰碳塑复合材料有限公司 碳纤维复合材料部件 8V20 常州市成丰镜面辊有限公司 预浸辊、涂布辊 8G18 常州市建林玻纤有限公司 玻璃纤维、碳纤维、芳纶、玄武岩织物 6Z10 常州市科仁机械有限公司 碳纤维运用设备 7U08 常州市日新树脂有限公司 不饱和聚酯树脂、彩色胶衣、过氧化物 7J06 常州市瑞顺新材料科技有限公司 玻璃纤维织物、涂层玻纤布、防火毯、汽车毯 6W27 常州市尚科新材料有限公司 气体分离膜、树脂、胶黏剂、塑料型材、零件、复合材料 7J15 常州市伟通机电制造有限公司 运动控制、非标收卷、放卷系统 7F28 常州市新创智能科技有限公司 碳纤维及复材智能生产装备 7B08 常州市新高绝缘材料有限公司 玻璃纤维布 8Y50 常州市悦腾机械有限公司 连续玻纤热塑性复合机组、三维立体织物织机 6T45 常州顺祥材料集团股份有限公司 高性能物理发泡轻质材料 8G21 常州腾拓机械设备有限公司 碳纤维预浸料生产线 7M06 常州天马集团有限公司（原建材二五三厂） 不饱和聚酯树脂、玻璃纤维制品 7Q05 常州同维佳业新材料科技有限公司 3D织物、正交织物、多层织物 7F28 常州新创航空科技有限公司 航空零部件及复合材料装备 6X24 常州鑫创工业布有限公司 玻璃纤维织物 8W16 常州阳诺机械制造有限公司 涂布机、复卷机、分切机、气胀轴、舒展混、弯辑、安全夹头、气胀套等 7U16 常州英来机械有限公司 玻璃纤维湿法毡生产线、岩棉生产线 6H32 常州钰邦复合材料科技有限公司 脱模剂、蜡片、强芯毡 8C15 常州自力智能装备有限公司 湿法研磨、三辊研磨机、砂磨机、高速分散机 6M01 晨灿机械（晨和晨智能装备（江苏）有限责任公司） 五轴加工中心、3D打印设备、激光切割机等 6R07 成都东日瑞姆机械有限公司 HP-RTM注胶机、复合材料成型设备 6C18 成都科宜高分子科技有限公司 高性能苯并恶嗪树脂 8G01 成都英维玻璃纤维有限公司 热熔胶线、玄武岩纤维及其制品等 8N08 成都正西智能装备集团股份有限公司 SMC/BMC/DMC/RTM/GMT/LFT-D等热固及热塑成型液压机 8S01 成武和润新材料科技有限公司 环氧促进剂、环氧固化剂、环氧助剂 7Q15 重庆璨月新材料有限公司 无碱玻璃、高硅氧、石英纤维、碳纤维、预氧丝纤维等 7M01 重庆国际复合材料股份有限公司 玻纤及其制品 8V05 重庆江东机械有限责任公司 模压成形装备 7B18 重庆三磊玻纤股份有限公司 高性能ECR无碱玻纤 8T33 重庆胜科检测技术有限公司 高分子及复合材料检测、评价及工装保障 8B45 重庆市都江复合材料有限公司 玻纤原材料&型材、树脂、碳纤维、脱膜蜡等 6S01 创轲科技 纤维复合材料、预浸料、热塑性复合板材 8L40 慈溪市晨升密封材料有限公司 耐高温织物 6H07 大连连晟新材料集团有限公司 树脂、助剂等 8L31 大连樱田工业有限公司 热压罐、热补仪、碳纤维制品、恒温箱、微波热压罐 6Z19 大同精微制造有限公司 碳纤维管材、板材及异形件 6G12 戴铂科技（常熟）有限公司 结构芯材 6C06 丹阳海泰新材料科技有限公司 多轴向玻纤、碳纤织物、短切毡 7S28 丹阳市益讯机械有限公司 复合材料经编机、碳纤维/多轴向经编机等 6R01 道姆光学科技（上海）有限公司 光学测试 6N01 道生天合材料科技（上海）股份有限公司 环氧树脂、聚氨酯、丙烯酸等高性能系统材料 7F03 德国ROTH复合材料机械有限公司 缠绕机、预浸机、胶膜机、固化炉、模具等 8T01 德国迪芬巴赫机械有限公司 液压压机、SMC、湿法、RTM、预成型等全自动化产线 6J18 德国耐驰仪器制造有限公司 热分析与热物性仪器、流变仪、阻燃设备 6S08 德国乔治萨姆公司 卷绕机设备和系统 8N29 德宏电子（苏州）有限公司 石英纤维制品、玻璃纤维制品、复合材料压力容器 6V23 德拉赫数控科技（苏州）有限公司 五轴加工中心 7W06 德州海力达模塑有限公司 复合材料成型模具 6Q12 德州泓宇复合材料科技有限公司 碳纤维预浸布、玻璃纤维预浸布 8C32 德州佳同复合材料有限公司 碳纤维锻纹、编织、展宽、芳纶等各类复合材料加工 6W12 德州骏腾材料科技股份有限公司 碳纤维编织/混编产品、预浸料、碳碳产品 6P15 德州联合拓普复合材料科技有限公司 高性能纤维预浸料、碳纤维织物及制品 6L01 迪瓦脱模剂 脱模剂 6Z15 东莞久杨贸易有限公司（久谊股份有限公司) CCK离型纸、PEK淋膜离型纸、PET离型膜、格拉辛离型纸 7S10 东莞科瑞特新材料科技有限公司 真空辅料、热压罐配件、夹芯材料、模具材料、胶黏剂 8F01 东莞市贝耶尔实业有限公司 玻璃钢拉挤助剂、脱模剂、PE粉、色浆、固化剂等 7J10 东莞市大洋化工科技有限公司 气雾胶黏剂、复合材料喷胶、真空导入喷胶 6R38 东莞市金旺纤维制品有限公司 拉挤/卷制碳纤制品 7K15 东莞市精卡罗进出口有限公司 复合材料五轴加工中心 8R20 东莞市久耐机械有限公司 拉挤（缠绕）注胶机、HP-RTM高压注射机 8U30 东莞市领科切削技术有限公司 复合材料加工刀具 6T41 东莞市纳微新材料科技有限公司 复合材料加工刀具 6Y25 东莞市普诺克真空科技有限公司 真空泵、真空系统 8Y43 东莞市硕腾电子科技有限公司 碳纤维套管 8C32 东莞市欣源复合材料有限公司 碳纤维管材；玻璃纤维管材 6J22 东华希烯埃姆（苏州）装备技术有限公司 热塑性连续碳纤维单向、织物预浸料生产设备 6P18 东丽国际贸易（中国）有限公司 碳纤维、复合材料 6X05 东营汇新和瑞新材料有限公司 PVC泡沫、PMI泡沫、PET泡沫 6R15 恩国环保科技（上海）有限公司 VOCs治理设备、能源回收系统、热氧化炉 6B03 恩欣格工程塑料（上海）有限公司 半预浸料、预浸料、有机片材、模压复合板 8S12 法国INOVEV公司 全球汽车知识平台 6A12 法国JEC集团 推动复合材料产业发展 6P10 法国诺德复合材料 轨交建筑用模具树脂和阻燃树脂 8Q26 法雷奥 热塑性复合材料汽车结构件 6T55 方鼎科技有限公司 热压罐 7M08 方鑫树脂（安徽）有限公司 不饱和聚酯树脂、乙烯基酯树脂 7F01 非金属材料创新中心 非金属材料在建筑施工领域的应用 7T03 奉新县锟和新材料有限公司 纯玄武岩纤维直接纱、合股纱、短切纱、捻线纱 8B01 弗锐德天宇环境科技成都有限公司 复合材料固化炉、防爆烘箱、高温箱、环境试验箱 6T19 佛山市华大纺机有限公司 缠绕机 6R01 福建聚宇鑫新材料科技有限公司 PAEK 3D打印专用材料、增强复合材料 8Y18 福建立亚新材有限公司 碳化硅纤维、氮化硅纤维 7W09 福建路通管业科技股份有限公司 路通连续缠绕玻璃钢夹砂管 8P42 福建省睿步智能装备有限公司 多轴加工中心 8U01 福州宏兰德新能源科技有限公司 巴尔沙木（轻木）材料 8X20 阜城县环宇油脂有限公司 蓖麻油 助剂 生物基多元醇 6R01 复材网 复合材料行业专业推广平台 8W30 《复合材料科学与工程》编辑部 复合材料相关的学术论文 7Q12 富乐（中国）粘合剂有限公司 粘合剂 8Q06 赣州元丰复合材料有限公司 玻纤纱、玻纤工业布、玻纤电子布、玻纤铝箔复合布 6T79 冈本机床（上海）有限公司 精密平面磨床 6R01 高复盛（天津）智能科技有限公司 从制备到测试的一站式自动化解决方案 6V18 高胜晓星碳材料（江苏）有限公司 碳纤维 8R01 固瑞特 芯材套件、预浸料、拉挤玻璃型材、配方产品 6W25 光惠（上海）激光科技有限公司 光纤激光器及其配套解决方案 6T13 光量信息科技（宁波）有限公司 3D激光投影定位系统 7P10 广东博皓复合材料有限公司 玻璃纤维、碳纤维、树脂、真空辅材 8G13 广东巢目科技有限公司 在线测厚仪、CCD瑕疵检测仪 8G26 广东高而高塑胶科技有限公司 卷芯管、塑胶管、堵头挡板及定制塑胶制品 6T75 广东航宇复合材料科技有限公司 热固性/热塑性碳纤维预浸料、碳纤维制品 7U16 广东康特斯智能装备有限公司 高速剑杆织机 7T03 广东力研智能机械有限公司 复合材料拉挤设备、模具、自动化设备 6G05 广东连承新材料科技有限公司 树脂、胶衣、进口色浆、碳纤等 8K17 广东迈胜检测科技有限公司 碳纤维、预浸料类生产设备及检测设备 6J12 广东瑞洲科技有限公司 智能切割设备 6R38 广东胜天科技有限公司 模压/卷制/热压罐碳纤制品、SMC产品 8K20 广东顺德久枫恒机械自动化设备有限公司 复合材料长型材高效多轴钻攻铣切定制装备 8S07 广东西瓦德精密科技有限公司 碳纤复材热压装备 7Z15 广东新岭南科技有限公司 烧结/熔铸耐火材料、氧化锡电极/钼电极 6R06 广州得尔塔纳米科技有限公司 脱模剂、离型剂、压敏胶、底涂剂、硅树脂、硅橡胶、硅油 8T88 广州国合新材料有限公司 氰酸酯树脂、双马树脂 8Y47 广州肯绍机械设备有限公司 双钢带压机 6H18 广州赛奥碳纤维技术股份有限公司 碳化装备、收放卷装备、复材装备 6T76 广州市科赛恩电气技术有限公司 3D机织物、多通机织接头、展宽带、超薄织物 8G08 广州市绿元复合材料技术有限公司 热塑复合材料生产线 6Y15 广州市美格丝复合材料有限公司 碳纤维布、预浸料、电镀布、展宽布、提花布 6B28 广州市越康新型材料有限公司 碳纤、玻纤、预浸料、环氧树脂、泡沫、脱模剂、真空耗材 6T08 广州思肯德电子测量设备有限公司 测厚仪（X射线在线检测） 6Q27 贵州至当科技有限公司 碳纤维SMC片材、预浸料、热压罐产品、模压产品、RTM产品 8F01 国际复合材料交流联盟|洲创集团 行业平台、组织、媒体、杂志、网站 8W30 国家建筑材料行业职业技能鉴定036站 职业技能鉴定 7D08 国检测试控股集团南京国材检测有限公司 高性能纤维及复合材料、保温材料、原料检验检测 8Q01 国塑机械（上海）有限公司 连续纤维热塑复材装备 8N15 哈尔滨玻璃钢研究院有限公司 复合材料制品 8S05 哈尔滨飞天复合材料有限公司 复合材料制品 8L45 哈尔滨一道科技有限公司 内固化环氧玻璃钢管道生产线 8B37 海默生测量设备（昆山）有限公司 在线粘度计 8T75 海铁克 意大利海铁克电主轴、五轴头、角度头 6C26 海逸企业发展有限公司 助剂、气相法二氧化硅、消光粉、IPD 7C08 韩国 BIOLAMP 电磁屏蔽材料 8N03 韩国 Cleantech 洁净室及静电防护面料、洁净服、可重复使用口罩 7C08 韩国 FOREON 电动观光车 8N03 韩国 HANKUK CARBON 碳纤维预浸料 7C08 韩国 I SQUARED M 碳纤维加热技术 8N03 韩国 ILSUNG复合材料 碳纤维SMC板材 7H03 韩国 IRE科技 高压灭菌器、真空烘箱、冷阱 8N03 韩国 KANGNAM KPI 复合材料制品 7C08 韩国 KGF 玻璃纤维、碳纤维和织物、复合材料部件 8N03 韩国 KUKDO化学 环氧树脂、固化剂 7C08 韩国 LARGE 热塑性复合材料、电动车灭火毯 8N03 韩国 Mcell 碳纳米管(CNT)加热材料 7C08 韩国 OLIVE CARBON & SOLUTION 碳纤维、活性碳纤维、石墨毡、碳材料、连续式热处理 8N03 韩国 SMARTKOREA 硅基负极碳材料 7C08 韩国 SOLAR ENVIRONMENTAL GREAT INNOVATION Hexagonal Carbon floater 7C08 韩国 THE MOANANO 聚酰亚胺纳米纤维、碳纳米纤维、零级香水释放装 8N03 韩国碳产业振兴院 碳纤维及相关制品 7C08 韩国碳氢研究协会 碳复合材料制品 8B27 瀚屿（浙江）智能装备有限公司 混联机器人、复合材料加工设备 6Q06 杭州爱科科技股份有限公司 高速切割系统 6B26 杭州和兴碳纤维科技有限公司 碳纤维 7Z05 杭州马科森复合材料有限公司 连续纤维增强热塑性复合材料 7S32 杭州明达玻璃纤维有限公司 无碱玻璃纤维制品及相关设备 6W21 杭州耐特纺织机械有限公司 定制高品质特种纤维编织机 6Q18 杭州轻氢未来科技有限公司 连续纤维一体化成型工艺 8C12 杭州赛迪克自动化设备有限公司 智能裁切机、数控雕刻机、高速切割机、激光切割机 8Z05 杭州星辰益诚科技限公司 密封胶带、真空密封胶带、丁基防水密封胶带 6Y10 杭州扬涛科技有限公司 环氧树脂预浸料涂布量检测系统 7R15 杭州优博创新科技有限公司 航空航天复材高精尖加工设备和机器人 6J01 航宸石家庄新材料科技有限公司 碳纤维编织布、预浸料 7T01 航天材料及工艺研究所 非金属、功能和结构复,,,,pending
200+最新报名参会名单公布丨星际光年、越伴动力、汇川、银星智能、他山科技、赛力斯、德莎、沃特、万华 揭秘人形机器人产业发展趋势,新材料在线,新材料在线,"RIOnews API, 新材料, 复合材料, 碳纤维, 产品发布, 发布, 发布会, 新品, 全新, 上市, 技术进展, 技术突破, 工艺突破, 新工艺",normal,2026-08-23T00:01:00+08:00,,2026年10月27-28日，“具身智能与人形机器人&低空飞行器与eVTOL—CMF创新及新材料应用论坛” 重磅启幕，本次论坛以“跨界·融合·落地”为宗旨，首次将具身智能、低空飞行器两大热门赛道与新材料深度绑定，汇聚国内外知名高校研究机构、品牌终端、材料企业、设计机构、趋势机构代表，探索新材料应用如何驱动万亿级未来产业的落地与变革。大会同期，2026 ROBOTECH ASIA 亚洲具身机器人应用及产业链展将举办。追觅科技、越伴动力、星际光年、顶配机器人、汇川技术、银星智能、他山科技、亚马逊、戴森、歌尔泰克、联想控股、保时捷、赛力斯、吉利汽车、北汽、vivo、OPPO、PPG中国、3M、赢创、,http://mp.weixin.qq.com/s?__biz=MzA5NDQ2NzQyMg==&mid=2663031667&idx=1&sn=4c7ac17510a84969c9f27ab996a15831,,2026年10月27-28日，“具身智能与人形机器人&低空飞行器与eVTOL—CMF创新及新材料应用论坛” 重磅启幕，本次论坛以“跨界·融合·落地”为宗旨，首次将具身智能、低空飞行器两大热门赛道与新材料深度绑定，汇聚国内外知名高校研究机构、品牌终端、材料企业、设计机构、趋势机构代表，探索新材料应用如何驱动万亿级未来产业的落地与变革。大会同期，2026 ROBOTECH ASIA 亚洲具身机器人应用及产业链展将举办。追觅科技、越伴动力、星际光年、顶配机器人、汇川技术、银星智能、他山科技、亚马逊、戴森、歌尔泰克、联想控股、保时捷、赛力斯、吉利汽车、北汽、vivo、OPPO、PPG中国、3M、赢创、,2026年10月27-28日，“具身智能与人形机器人&低空飞行器与eVTOL—CMF创新及新材料应用论坛” 重磅启幕，本次论坛以“跨界·融合·落地”为宗旨，首次将具身智能、低空飞行器两大热门赛道与新材料深度绑定，汇聚国内外知名高校研究机构、品牌终端、材料企业、设计机构、趋势机构代表，探索新材料应用如何驱动万亿级未来产业的落地与变革。大会同期，2026 ROBOTECH ASIA 亚洲具身机器人应用及产业链展将举办。追觅科技、越伴动力、星际光年、顶配机器人、汇川技术、银星智能、他山科技、亚马逊、戴森、歌尔泰克、联想控股、保时捷、赛力斯、吉利汽车、北汽、vivo、OPPO、PPG中国、3M、赢创、宣伟、旭化成、德莎胶带、老虎涂料TIGER、万华化学、光大同创、金发科技、沃特股份、新安股份等200+知名人形机器人/汽车/智能硬件/消费电子/家电及热门其他领域品牌终端、零部件、OEM/ODM厂商，材料企业代表已报名具身智能与人形机器人CMF创新及新材料应用论坛，及同期第十六届世界CMF大会、国际CMF展。PART.01大会亮点丨国内外知名材料企业齐聚，分享人形机器人关键材料最新技术/产品解决方案、应用趋势五大专题国内外知名企业云集01轻量化与结构材料主题演讲：PEEK材料的规模化应用之路（拟）简介：PEEK凭借轻量化、耐磨、耐高温、高机械性能优势，是人形机器人运动构件的关键材料之一。演讲将结合一线产业实践，解读PEEK产业化推进路径，探索新材料驱动人形机器人创新的可行方案。演讲单位：赢创主题演讲：镁合金赋能机器人产品轻量化简介：镁合金具备低密度、高比刚度优势，是实现人形机器人本体结构轻量化的核心材料，直接影响整机负载能力。随着装备迭代提速，轻量化材料体系升级迫在眉睫。演讲将围绕镁合金成型、表面处理与工程化落地，挖掘镁合金在高端移动装备中的规模化应用潜力。演讲单位：宝武镁业/国家镁合金材料工程技术研究中心（拟）主题演讲：3D打印赋能骨架制造，助力人形机器人轻量化简介：3D打印突破传统成型工艺局限，可实现复杂一体化结构成型，为人形机器人骨架、实现减重增效、优化设计提供关键路径。伴随装备性能持续升级，一体化轻量化结构需求快速攀升。演讲将结合产业实践，探讨增材制造如何解决人形机器人本体制造痛点，开拓高端装备新材料新工艺应用方向。演讲单位：中航迈特/华曙高科/西安赛隆（拟）主题演讲：轻量化新材料在具身智能的应用和未来发展纲要：行业发展与轻量化价值；轻量化材料在具身智能应用；总结与展望演讲嘉宾：伍洋泽 深圳光大同创新材料股份有限公司 总经理助理主题演讲：特种工程塑料如何赋能具身智能机器人全场景（拟）简介：特种工程塑料是实现机器人轻量化、精密化、高可靠运行的核心高分子材料。兼顾高强度、耐磨自润滑、耐热绝缘、耐腐蚀等多重特性，助力机器人适配多样化作业场景。演讲单位：金发科技股份有限公司 大客户经理02先进功能材料主题演讲：人形机器人热管理解决方案简介：高密度驱动模组持续工作带来严峻散热挑战，高效热管理体系是人形机器人稳定长效运行的基础，深刻制约整机性能、使用寿命与集成设计。演讲将结合场景实践，探讨散热材料选型与一体化热管理方案落地思路。演讲单位：汉高/飞荣达/中石科技/德镒盟（拟）主题演讲：3M人形机器人粘接解决方案纲要：1.3M工业胶带及胶粘剂部门简介；2.3M人形机器人行业整体解决方案；3.3M胶带及胶粘剂产品在人形机器人组装中的应用演讲嘉宾：张刚 3M中国有限公司 高级应用工程师主题演讲：面向人形机器人的有机硅功能材料介绍简介：有机硅拥有优异耐温、绝缘、缓冲与表面改性特性，可用于人形机器人柔性触觉、密封防护、减震构件。柔性化、高可靠零部件是装备迭代趋势，有机硅持续拓展机器人功能集成边界。演讲将结合产业实践，探讨有机硅创新材料在高端智能装备场景的落地路径。演讲单位：卢杭 浙江新安化工集团股份有限公司 硅橡胶研究所副所长主题演讲：抗冲击材料如何塑造“强韧体魄”（拟）简介：人形机器人行走、跳跃、意外碰撞场景，对机体抗冲击、耐疲劳能力提出严苛要求。演讲将围绕不同工况下材料选型、冲击失效机理，解析抗冲击材料在机器人躯干、关节、外壳部件的落地方案。演讲单位：旭化成03电子皮肤主题演讲：电子皮肤创新性应用与发展简介：电子皮肤是人形机器人实现触觉感知、人机安全交互的核心载体，赋予机器人压力、触觉识别能力，是具身智能落地的关键硬件基础。本次分享将围绕柔性感知材料技术，探寻高可靠电子皮肤规模化落地的发展方向。演讲单位：汉威科技/华威科/矩侨工业（拟）主题演讲：柔性基底材料创新，人形机器人电子皮肤底层载体简介：柔性基底作为电子皮肤的承载载体，直接决定器件延展性、曲面贴合能力、抗弯折疲劳性能，深刻影响触觉感知稳定性。演讲将围绕各类柔性基底材料特性、工艺难点，探寻适配具身智能装备的材料选型与落地方案。演讲单位：万华化学/硅宝科技/瑞华泰（拟）主题演讲：电子皮肤核心传感材料：技术迭代与商业化应用探索简介：各类新型传感材料持续迭代，不断突破传统柔性感知的性能瓶颈，但规模化量产、成本控制、耐疲劳稳定性仍是产业落地核心痛点。演讲将聚焦主流传感材料技术路线，解析材料迭代趋势与性能优化逻辑，分享电子皮肤商业化落地的工艺方案、应用场景。演讲单位：途见科技/福莱新材/赛感科技（拟）04CMF创新主题演讲：平行视界-全球色彩趋势纲要：从 “驱动因素” 到 “影响因素”，再到 “美学风格”，最后聚焦核心 ——“色彩系列”，并展望各行业的色彩、材料与工艺（CMF）方向及应用场景。我们的年度色彩 “探境黄” 与 “平行视界” 主题完美契合。在每一条趋势脉络中，它都扮演着全新角色：从柔和自然到神秘矿物质感，再到活泼富有张力的风格，皆能驾驭。它是一款真正的 “变色龙” 色彩，完美适配 当下多面多变的场景需求。演讲嘉宾：薛卫 PPG中国 应用创新中心/色彩设计总监主题演讲：粉末涂料为何成为人形机器人的必然选择简介：量化金属骨架是人形机器人本体核心，机体长期持续运动、意外碰撞工况，对表层防护体系提出严苛标准。粉末涂料兼具优异耐磨抗冲击、长效防腐特性，同时具备低碳环保、材料利用率高、量产一致性强等优势，适配镁、铝轻量化结构件。演讲将结合工况需求与工艺实践，剖析粉末涂料技术优势，解读其在人形机器人产业化浪潮中的应用价值与发展方向。演讲单位：阿克苏诺贝尔/宣伟（拟）主题演讲：粉末涂料在具身智能领域的应用展望简介：轻量化是人形机器人核心发展方向，镁合金是关键基材，却长期受易腐蚀、涂层易脱落困扰。本次聚焦镁合金专用粉末涂料创新应用，赋能机器人结构件量产应用。演讲单位：郭永豪 老虎涂料 通用工业行业总监丨本体及灵巧手等关键零部件分享材料应用需求及选材趋势05本体及灵巧手等关键零部件主题演讲：人形机器人的发展趋势与关键材料需求简介：人形机器人产业加速迈向商用落地，行业朝着轻量化机体、高耐久运动性能、仿生柔性交互方向持续演进。整机续航、运动可靠性、触觉感知能力、量产成本，高度依赖上游新材料创新。随着具身智能不断发展，材料配方革新、制造工艺升级、多材料一体化集成，将成为人形机器人技术突破与规模化普及的关键抓手。主题演讲：灵巧手核心零部件的材料升级与工艺突破简介：灵巧手承载机器人精细抓取与交互任务，手指传动模组、感知器件、支撑结构的材料性能与制造水平，直接决定抓取精度、使用寿命与整机成本。产业规模化进程中，小型化、高耐疲劳零部件成为发展刚需。演讲将围绕各类核心零部件材料选型、精密加工工艺难点，解析材料体系革新如何推动灵巧手性能升级与量产落地。演讲单位：灵心巧手/灵巧智能/长盈精密（拟）主题演讲：人形机器人产业发展趋势与量产路径简介：人形机器人正加速从样机研发迈向商业化落地，规模化量产、成本优化、供应链搭建成为产业核心挑战。本次分享将梳理行业发展脉络，剖析量产阶段关键瓶颈，探寻商业化落地可行路径，助力参与者把握产业发展机遇。演讲单位：蓝思科技/长盈精密（拟）丨全球性企业增长咨询公司弗若斯特沙利文确认出席并作《全球人形机器人产业链发展趋势及市场预测》主题演讲演讲大纲：1）全球人形机器人市场趋势及市场预测全球人形机器人市场规模与出货量人形机器人商业化进程与应用场景全球人形机器人竞争格局人行机器人整机价格趋势2）本体、零部件趋势及市场预测人形机器人核心零部件价值拆解人形机器人细分市场规模预测人形机器人细分市场竞争格局3）关键材料趋势及市场预测人形机器人关键材料用量及价值量分析人形机器人关键材料市场规模预测人形机器人关键材料价格变化趋势丨论坛设置具身智能、人形机器人本体及核心零部件材料需求发布会、高端闭门晚宴等特色活动扫码填表报名咨询如何参会PART.02议程安排PART.03演讲单位3M3M是专业的胶带和胶粘剂制造商，作为较早进入中国的外商独资企业之一，3M中国在过去的30多年里始终密切把握中国经济的发展脉搏，秉承“扎根中国，服务中国”的本土化发展战略，凭借多元化的技术和解决方案，积极支持中国经济的建设和发展。为客户提供优秀的工业级别粘接方案，同时保证专业性，安全性，环保性，提升工作效率，实现轻量化生产， 助力中国智造。我们为机器人、智能设备、汽车， 家电， 轨道交通运输，电子，新能源等市场打造专属行业组装方案， 助力绿色，智能，轻量化的结构设计，降低能耗，提高工作效率。赢创赢创工业集团是一家全球领先的特种化工企业。凭借创新实力和领先的技术专知，赢创正不断超越化学的边界。我们是一家总部位于德国的全球性化工公司，业务遍及100 多个国家和地区。2025年销售额为141亿欧元，营业利润（调整后息税折旧及摊销前利润）达19亿欧元。赢创在全球超过31000名员工始终不懈努力，致力于为客户打造定制化的、具有决定性竞争优势的解决方案。赢创的愿景是成为驱动行业未来的超级力量。我们为工业赋能，每时每处，让生活变得更加美好。旭化成旭化成集团是创立于1922年的综合化学厂家。从合成化学和化纤业务起步，历经百年不断创新变革，积极拓展业务多元化。旭化成集团在全球20多个国家和地区设有生产·销售·研发网点，业务体系可应对全球市场的广泛需求。1988年进入中国，现有直营法人20余家。目前，旭化成集团在材料、健康、住宅三大领域开展业务，致力于以多样化的产品与技术，为全球大众的“生命”与“生活”做贡献。PPGPPG(纽约证券所交易代码：PPG)，140多年以来始终致力于为客户开发并提供值得信赖的油漆、涂料和相关材料产品。秉持奉献与创新精神，PPG帮助客户应对各类严峻挑战，共同推动行业进步。PPG公司总部设在美国匹兹堡市，其运营和研发机构遍布全球超过50个国家和地区，2025年公司全球净销售额达159亿美元。PPG为建筑、消费品、工业、交通运输等领域及其售后市场的客户提供高附加值的产品和服务。老虎涂料TIGERTIGER公司成立于1930年，历经90多年从一家涂料生产商发展成为国际化的家族企业，在全球设有8家生产基地和3家研发中心，销售网络遍布全球50多个国家和地区。TIGER公司凭借其优质的表面涂饰解决方案——粉末涂料以及用于工业数码打印的油墨，让客户产品实现持久保值。TIGER的表面涂饰解决方案在全球多个领域被广泛使用，例如：建筑幕墙、系统门窗、汽车轮毂、家具家电及机器设备等。金发科技（600143）金发科技是一家聚焦高性能新材料的科研、生产、销售和服务，为创造更加安全、舒适、便捷的人类生活提供全新的材料解决方案的新材料企业。公司致力于解决人类日益严峻的环境问题，积极应对来自全球生存环境变化带来的挑战，通过均衡经济、环境社会的关系，推动人类生活环境的持续改善，实现可持续发展，创造美好生活。光大同创（301387）深圳光大同创新材料股份有限公司成立于2012年3月20日，是一家专注于消费电子防护性及功能性产品研发、生产和销售的国家高新技术企业与专精特新中小企业。公司于 2023 年在深圳证券交易所创业板挂牌上市。光大同创的核心产品体系包括三大类：碳纤维复合材料及制品、功能性模切材料和环保防护性材料。这些产品广泛应用于个人电脑、智能手机、智能穿戴设备等消费电子产品及其组件，同时也拓展至新能源汽车、家电、医疗器械和具身智能等领域。公司能够为客户提供从新材料研发、设计、生产到服务及循环利用项目于一体的完整解决方案。新安股份（600596）新安股份创建于1965年，2001年上市，拥有控股子公司80余家、员工8000余人。新安主营作物保护、硅基新材料、新能源材料三大产业，其中硅基新材料拥有从上游硅矿开采冶炼、有机硅单体合成、下游产品制造的完整产业链，产品广泛应用于电力通信、轨道交通与汽车、医疗健康、电子科技等领域，畅销全球130多个国家和地区。以上排名不分先后，持续更新中；资料来自于企业及企业官网、公开资料参会请扫描文末二维码报名，或联系***********（同微信）PART.04配套活动丨供需对接会同期第七届新材料供应链大会暨供需对接会，将汇聚知名品牌终端现场发布找材料/工艺需求征集供应商，并邀请全球优质材料供应商进行新品发布，并配套产品展示区展览新材料领域的新技术、新产品、新趋势。峰会将通过新品发布+供需对接会+终端见面会（闭门）的形式，将优秀的材料解决方案与终端需求进行撮合，供需双方一对一对接洽谈，促进合作交流！需求清单（持续更新中）：报名参加论坛，可提前对接需求某人形机器人灵巧手公司正在寻找：1.需求名称：寻找优先-3D飞织纹理有可定制图案2.需求名称：寻找包覆，面料包覆到壳体3.需求名称：寻找软胶，用于手掌或指尖有触觉的部位4.需求名称：寻找不同硬度的硅胶，不同厚度的样件，用于判断沾灰的影响以上材料将用于灵巧手，目前产品在转批量的阶段扫描文末二维码添加客服，咨询更多机器人相关需求参会请扫描文末二维码报名，或联系***********（同微信）PART.05报名参会名单200+知名人形机器人/汽车/智能硬件/消费电子/家电及热门其他领域品牌终端、零部件、OEM/ODM厂商，材料企业，高校及其他单位代表已报名具身智能与人形机器人CMF创新及新材料应用论坛，及同期世界CMF大会、国际CMF展（持续更新中）。企业简称职位人形机器人/汽车/智能硬件/消费电子/家电及热门其他领域品牌终端、零部件、OEM/ODM厂商越伴动力ID设计负责人追觅科技设计总监亚马逊高级质量经理星际光年供应链采购星际光年研发部设计师顶配机器人产品经理保时捷CMF负责人赛力斯CMF主任赛力斯CMF设计师联想集团技术院士联想控股执行董事联想控股执行董事吉利汽车北汽规划经理汇川技术部门经理汇川技术资深设计师歌尔泰克设计师歌尔泰克设计师歌尔泰克设计师睿创微纳工业设计中心CMF戴森cmf设计师vivoCMFOPPO结构设计师OPPO高级设计工程师中信戴卡科创成果管理首席专家豪恩声学产品总监豪恩声学工业设计艾联汽车市场经理他山科技ID设计TCL空调器CMF经理智讯通信工业设计师通用技术集团高级工程师通用技术集团工业设计师麦克韦尔CMF设计师TCLCMF设计师银星智能工业设计负责人……材料企业PPG中国色彩设计总监宣伟色彩研发院院长3M中国高级应用工程师埃万特集团设计师肖特德莎胶带市场开发老虎涂料武藏涂料开发课长武藏涂料营业经理光大同创总经理助理金发科技大客户经理万华化学研发经理沃特股份营销总监新安股份硅橡胶研究所副所长新安崇耀销售总监四方达工程师美科迪研发总监顺祥材料总经理锦美星灿设计总监博锐斯新材料副总经理当纳利Senior Executive Engineer当纳利Assistant Manager当纳利Manager艾澜德新材料销售经理贝特利运营总监贝特利工程师……其他劳尔色彩亚洲区商务总监潘通企业销售总监威凯表面技术总经理原秀科技董事长原秀科技总经理奥特维项目总监奥特维镭士维总经理奥特维战略市场&孵化中心奥特维孵化中心供应链专家奥特维战略市场部总监美一创新财务总监美一创新总经理天瑞丰年总经理四川美术学院设计学院副院长及手工艺术系副主任等21人……以上排名不分先后PART.06商务合作丨参会报名扫码填表报名咨询如何参会丨赞助合作论坛赞助合作已开启，合作形式包括但不限于主题演讲、会议外场展台、会刊广告 、资料入袋、易拉宝、大屏幕广告等。长按或扫描二维码，咨询赞助合作、VIP套票添加请备注：具身智能论坛 姓名+公司+职位联系电话：咨询热线1：0755-86060912咨询热线2：***********（同微信）PART.07同期展会作为亚洲颇具规模、产业链覆盖完整且应用场景聚焦的具身机器人行业盛会，由励展博览集团、中国国际贸易促进委员会电子信息行业分会、机器视觉产业联盟共同主办的2026 ROBOTECH ASIA 亚洲具身机器人应用及产业链展将于10月27-29日在深圳国际会展中心启幕！展会致力于打造一个集技术展示、商业洽谈、生态合作与趋势前瞻于一体，打通从概念验证到工业场景真实需求落地的国际级平台，深度连接全球创新技术与海外澎湃市场，推动具身智能在工业场景下的量产及产业升级迭代。点击了解详情：2026 ROBOTECH ASIA 亚洲具身机器人应用及产业链展 17万+专业观众 全域流量加持 让参展商品牌更出圈2026年10月27-29日，第十届国际新材料新工艺及色彩（简称CMF）展览会暨第十届表面处理技术&外观效果加工及应用展览会（2026国际CMF展）将在深圳国际会展中心举办，打造以CMF（色彩、材料、工艺）为核心、聚焦材料设计创新与应用的行业盛会，助力产业链协同发展与价值提升；展会将围绕“跨界融合·协同创新”为主题，设立色彩与创新设计展区、新材料新工艺展区、可持续材料展区等，引入全球色彩趋势权威机构，展示全球最新色彩科技，搭建CMF企业与终端应用及工业设计的跨界桥梁。点击了解详情：17万+专业观众！2026第十届国际CMF展高燃开启 吉利汽车、东风日产、美的、华为终端、OPPO、汇川技术等组团参观展会详情：10月深圳盛启｜2026第十届国际CMF展，17万+专业观众共赴产业盛会往届回顾：2025第九届国际CMF展圆满收官 精彩回顾大集锦点击阅读原文，报名参加“具身智能与人形机器人&低空飞行器与eVTOL，CMF创新及新材料应用论坛”,,,,pending
