title,account_name,source,tags,priority,publish_time,author,digest,url,crawled_at,content_preview,clean_text,ai_summary,importance_score,alert_level,push_status
云南大学张文华最新Joule：10米水深处34.71%&5.49年！！！利用宽禁带钙钛矿材料实现水下太阳能采集，用于自主水下能源系统,钙钛矿太阳能电池,钙钛矿太阳能电池,"RIOnews API, 钙钛矿, 柔性钙钛矿, 学术研究, 大学, 教授, 科学院, 研究所",normal,2026-09-12T23:16:39+08:00,,由于水中的阳光具有强烈的光谱衰减，水下太阳能采集仍面临挑战。鉴于此，2026年9月11日云南大学任小东&张文华&中国科学院福建物质结构研究所高鹏&洛桑联邦理工学院Michael Grätzel于Joule刊发利用宽禁带钙钛矿材料实现水下太阳能采集，用于自主水下能源系统的研究成果，采用宽带隙（约1.96 eV）钙钛矿材料，并以聚六亚甲基胍盐酸盐（PHMG）作为结晶添加剂，制备出高效、耐用的水下钙钛矿太阳能电池（S-PSC）。经PHMG改性的水下钙钛矿太阳能电池在AM 1.5G光照条件下实现16.79%（经认证）的光电转换效率，在模拟10米深水域光照下达到34.71%，与该深度下的最佳光谱匹配。该,http://mp.weixin.qq.com/s?__biz=MzIwNDAzNzcwMA==&mid=2456844193&idx=1&sn=315c22d74b2e464a1aa202e97cffbdb8,,由于水中的阳光具有强烈的光谱衰减，水下太阳能采集仍面临挑战。鉴于此，2026年9月11日云南大学任小东&张文华&中国科学院福建物质结构研究所高鹏&洛桑联邦理工学院Michael Grätzel于Joule刊发利用宽禁带钙钛矿材料实现水下太阳能采集，用于自主水下能源系统的研究成果，采用宽带隙（约1.96 eV）钙钛矿材料，并以聚六亚甲基胍盐酸盐（PHMG）作为结晶添加剂，制备出高效、耐用的水下钙钛矿太阳能电池（S-PSC）。经PHMG改性的水下钙钛矿太阳能电池在AM 1.5G光照条件下实现16.79%（经认证）的光电转换效率，在模拟10米深水域光照下达到34.71%，与该深度下的最佳光谱匹配。该,"由于水中的阳光具有强烈的光谱衰减，水下太阳能采集仍面临挑战。鉴于此，2026年9月11日云南大学任小东&张文华&中国科学院福建物质结构研究所高鹏&洛桑联邦理工学院Michael Grätzel于Joule刊发利用宽禁带钙钛矿材料实现水下太阳能采集，用于自主水下能源系统的研究成果，采用宽带隙（约1.96 eV）钙钛矿材料，并以聚六亚甲基胍盐酸盐（PHMG）作为结晶添加剂，制备出高效、耐用的水下钙钛矿太阳能电池（S-PSC）。经PHMG改性的水下钙钛矿太阳能电池在AM 1.5G光照条件下实现16.79%（经认证）的光电转换效率，在模拟10米深水域光照下达到34.71%，与该深度下的最佳光谱匹配。该添加剂可提升晶体结构质量，优化能级对齐，并抑制界面非辐射复合。加速测试表明，在25°C、10米深水模拟环境下，T80寿命可达48,094小时（约5.49年）。大面积模块在10米深水中持续照射2小时，产生324 mWh电能，足以为锂离子电池充电并驱动LED灯，验证了其实际应用性能。本研究提出了一种适用于水下太阳能采集的稳健材料与器件策略，有望推动自主式海洋能源系统和水下物联网基础设施的发展。原文：https://www.sciencedirect.com/science/article/pii/S2542435126003569钙钛矿方向课题组网站NREL网站：https://www.nrel.gov/pv/cell-efficiency.htmlGratzel课题组网站：http://lpi.epfl.ch/publicationsSnaith课题组网站：https://www2.physics.ox.ac.uk/contacts/people/snaith/publicationsYangYang课题组网站：https://yylab.seas.ucla.edu/publications.html黄劲松课题组网站：https://huangjinsong.wixsite.com/group/publications李美成课题组网站：https://nemd.ncepu.edu.cn/戚亚冰课题组网站：https://groups.oist.jp/emssu/publications周欢萍课题组网站：https://happyzhou.wixsite.com/happylabs金松课题组网站：https://jin.chem.wisc.edu/content/song-jin陈棋课题组网站：https://cheerslab.net/丁黎明课题组网站：http://www.nanoctr.cn/opv/yjcg/孟庆波课题组网站：http://solar.iphy.ac.cn/index.php/?page_id=5103张春福课题组网站：https://web.xidian.edu.cn/cfzhang/Jin Young Kim 课题组网站：https://ngel.unist.ac.kr/papers/Nam-Gyu Park课题组网站：http://ngpl.skku.edu/sub/sub04_01.php?cat_no=37&sNum=1叶轩立课题组网站：https://www.yipgroup.info/research唐江课题组网站：：http://tfsc.wnlo.hust.edu.cn/info/1153/1594.htmSargent课题组网站：https://light.utoronto.ca/publications/2021-1/Seok课题组网站：https://seoksi.unist.ac.kr/publication/周圆圆课题组网站：https://www.alvinyzhou.com/all-papers王漾课题组网站：https://www.x-mol.com/groups/steven_wangyang陈树林（钙钛矿透射电子显微学）网站：http://grzy.hnu.edu.cn/site/index/chenshulin赵清课题组网站：http://faculty.pku.edu.cn/~vuaQVn/zh_CN/index.htm钙钛矿LED世界记录每日更新蓝光钙钛矿LED最高EQE26.4% 保持团队：浙江大学狄大卫&叶志镇&戴兴良团队 更新时间：2024年7月17日红光钙钛矿LED最高EQE32.5% 保持团队： 中科院半导体所张兴旺&游经碧 更新时间：2025年5月23日红光叠层钙钛矿LED最高EQE45.5% 保持团队： 南京工业大学王娜娜&黄维&王建浦 更新时间：2025年11月11日 绿光钙钛矿LED最高EQE31% 保持团队：华南理工大学陈江山&马东阁&澳门大学邢贵川 更新时间：2024年9月23日钙钛矿太阳能电池世界记录每日更新钙钛矿太阳能电池最高稳态认证光电转化效率28% 保持单位：海南大学钙钛矿/硅叠层太阳能电池最高认证光电转化效率35.5% 保持单位：隆基钙钛矿/TOPcon叠层太阳能电池最高认证光电转化效率34.76% 保持单位：晶科能源钙钛矿/PERC叠层太阳能电池最高光电转化效率30.05% 保持单位：首尔大学Jin Young Kim柔性钙钛矿/硅叠层太阳能电池最高认证光电转化效率33.6% 保持单位：苏州大学杨新波&张晓宏&阿卜杜拉国王科技大学De Wolf钙钛矿/CIGS叠层太阳能电池最高认证光电转化效率30.1% 保持单位：武汉大学李建民&王胜&龚俊波&肖旭东钙钛矿/钙钛矿/硅三结叠层太阳能电池最高认证光电转化效率27.06% 保持单位：悉尼大学郑将辉&Anita W. Y. Ho-Baillie&厦门大学陈忠&深圳黑晶光电技术有限公司段磊平1cm² 钙钛矿太阳能电池最高光电转化效率26.90% 保持单位：苏州大学/新南威尔士大学/白马湖实验室52cm² 钙钛矿太阳能电池最高光电转化效率26.48% 保持单位：万度光能900cm² 钙钛矿太阳能电池最高光电转化效率24.36% 保持单位：脉络能源户内光伏最高效率44.72% 保持团队：中国暨南大学王有生&麦耀华团队 更新时间：2024年1月12日钙钛矿室内光伏组件最高认证孔径面积效率34.94%/国家光伏产业计量测试中心认证(12.80 cm2) 保持团队：暨南大学麦耀华教授团队钙钛矿/钙钛矿叠层太阳能电池最高光电转化效率/JET认证28.2% (1.038cm2) 保持团队：南京大学&仁烁光电钙钛矿/钙钛矿叠层太阳能电池最高认证效率31.55% 保持团队：光因科技钙钛矿/OPV叠层太阳能电池最高认证效率26.42% 保持团队：青岛大学刘玉强&欧阳丹&薄志山&南方科技大学丘龙斌&北京师范大学张文凯&四川大学李鸿祥 更新时间：2025年10月9日露天制备钙钛矿太阳能电池最高效率26.5% 保持团队：中国华北电力大学李美成团队 更新时间：2025年9月28日钙钛矿太阳能电池低温运行最高效率26.12% 保持团队：中国陕西师范大学赵奎团队 更新时间：2023年8月31日锡铅混合钙钛矿太阳能电池最高效率24.13% 保持团队：上海交通大学陈汉团队 更新时间：2024年8月12日宽带隙（1.67 eV）钙钛矿太阳能电池最高效率25.03% 保持团队：中科院半导体所蒋琦&游经碧 更新时间：2025年12月12日宽带隙（1.76 eV）钙钛矿太阳能电池最高效率21.42% 保持团队：河北大学杨少鹏&何庭伟 更新时间：2025年7月18日柔性钙钛矿太阳能电池最高效率26.61% 保持团队：九江市柔烁光电科技有限公司 更新时间：2024年9月28日二维钙钛矿太阳能电池（n=5）最高效率22.73% 保持团队：南昌大学胡婷&陈义旺 更新时间：2024年10月15日锡基钙钛矿太阳能电池最高效率17.89% 保持团队：复旦大学梁佳&南京理工大学徐勃&上海交通大学戚亚冰 更新时间：2025年10月15日全无机钙钛矿太阳能电池最高效率22.49% 保持团队：陕西师范大学田庆文&刘生忠 更新时间：2025年8月12日CsSnI3钙钛矿太阳能电池最高效率14.95% 保持团队：华中科技大学申燕&王鸣魁 更新时间：2025年5月21日FASnI3钙钛矿太阳能电池最高效率15.7% 保持团队：上海科技大学米启兮 更新时间：2024年4月2日碳电极钙钛矿太阳能电池最高效率23.6% 保持团队：大连理工大学王宇迪&史彦涛 更新时间：2025年11月5日无HTM碳电极全无机钙钛矿太阳能电池最高效率19.65％ 保持团队：华南农业大学饶华商&钟新华团队 更新时间：2025年1月13日无HTM碳电极钙钛矿太阳能电池最高效率20.1％ 保持团队：华南农业大学潘振晓&钟新华 更新时间：2024年5月31日CsPbI2Br钙钛矿太阳能电池最高效率18.14% 保持团队：北京化工大学李明华&化学所胡劲松 更新时间：2024年1月17日钙钛矿量子点太阳能电池的最高效率19.01% 保持团队：苏州大学袁建宇 更新时间：2025年8月15日 注：每个蓝色文字部分都带有超链接，超链接每篇都有参考文献，这里就不一一标注参考文献了。 此外，还有哪些没有归纳的记录，或者有新突破的记录，可以文末留言或者后台留言，以后每日及时更新。 国内最大钙钛矿电池QQ交流群，微信群添微信lili514091，欢迎加入点击阅读原文可获取原文仅用于学术分享，如有侵权，请联系删除。阅读原文2026年9月11日云南大学任小东\x26amp;张文华\x26amp;中国科学院福建物质结构研究所高鹏\x26amp;洛桑联邦理工学院Michael Grätzel于Joule刊发利用宽禁带钙钛矿材料实现水下太阳能采集，用于自主水下能源系统的研究成果。",,,,pending
南京航空航天大学郭万林院士团队招收2027届直博生,钙钛矿太阳能电池,钙钛矿太阳能电池,"RIOnews API, 钙钛矿",normal,2026-09-12T23:16:39+08:00,,南京航空航天大学国际前沿科学研究院，以以郭万林院士为首的首席科学家团队为核心，依托高水平科研平台及国家重点科研实验室，开辟人才特区和学科特区，旨在打造高水平的科技创新和人才集聚平台。 课题组方向：主攻光伏器件和探测器两大方向的光电材料与功能器件。研究方面涉及钙钛矿（单结、组件、叠层）/硫族卤族共混太阳能电池器件中的界面工程、稳定性与效率提升；光电、红/紫外探测器及其在柔性可穿戴与成像应用的研究。 招生目标：2027级推免直博生若干名，本科双一流及以上。 招生要求：①品行端正，热爱科研，肯踏实深耕。②材料科学与工程、高分子材料、化学、物理、力学、机械、能源、电子信息、光学工程、微电子等相关专业背,http://mp.weixin.qq.com/s?__biz=MzIwNDAzNzcwMA==&mid=2456844193&idx=3&sn=ddd44ebc6591e06bc02d3905675b2bb8,,南京航空航天大学国际前沿科学研究院，以以郭万林院士为首的首席科学家团队为核心，依托高水平科研平台及国家重点科研实验室，开辟人才特区和学科特区，旨在打造高水平的科技创新和人才集聚平台。 课题组方向：主攻光伏器件和探测器两大方向的光电材料与功能器件。研究方面涉及钙钛矿（单结、组件、叠层）/硫族卤族共混太阳能电池器件中的界面工程、稳定性与效率提升；光电、红/紫外探测器及其在柔性可穿戴与成像应用的研究。 招生目标：2027级推免直博生若干名，本科双一流及以上。 招生要求：①品行端正，热爱科研，肯踏实深耕。②材料科学与工程、高分子材料、化学、物理、力学、机械、能源、电子信息、光学工程、微电子等相关专业背,南京航空航天大学国际前沿科学研究院，以以郭万林院士为首的首席科学家团队为核心，依托高水平科研平台及国家重点科研实验室，开辟人才特区和学科特区，旨在打造高水平的科技创新和人才集聚平台。 课题组方向：主攻光伏器件和探测器两大方向的光电材料与功能器件。研究方面涉及钙钛矿（单结、组件、叠层）/硫族卤族共混太阳能电池器件中的界面工程、稳定性与效率提升；光电、红/紫外探测器及其在柔性可穿戴与成像应用的研究。 招生目标：2027级推免直博生若干名，本科双一流及以上。 招生要求：①品行端正，热爱科研，肯踏实深耕。②材料科学与工程、高分子材料、化学、物理、力学、机械、能源、电子信息、光学工程、微电子等相关专业背景优先。 院士团队，研究方向交叉前沿，经费充足，团队氛围轻松和睦，导师亲切易沟通，学术氛围浓厚，诚邀心怀大志，充满理想的你。 联系方式：gjx_22@nuaa.edu.cn744294567@qq.com报名或咨询可将个人简历+成绩单，或想咨询的问题发送至邮箱 。材料初审通过后，将统一安排面试，欢迎随时私信咨询。南京航空航天大学郭万林院士团队招收2027届直博生,,,,pending
上海交通大学赵一新最新AM：通过氟化哌啶表面终止抑制卤素缺陷形成，实现高效稳定的钙钛矿/硅叠层太阳能电池,钙钛矿太阳能电池,钙钛矿太阳能电池,"RIOnews API, 钙钛矿, 柔性钙钛矿, 学术研究, 大学, 教授",normal,2026-09-12T23:16:39+08:00,,宽禁带钙钛矿材料对于高效钙钛矿/硅叠层太阳能电池至关重要，但其工作稳定性却因卤化物缺陷辅助的离子迁移及其导致的相分离而受到严重损害。鉴于此，2026年9月11日上海交通大学李博伟&王衍明&赵一新&正泰李子佳于AM刊发通过氟化哌啶表面终止抑制卤素缺陷形成，实现高效稳定的钙钛矿/硅叠层太阳能电池的研究成果，本文表明，通过分子工程化的氟化哌啶配体实现表面终止，可有效稳定宽带隙钙钛矿。通过一系列含单氟、双氟和三氟甲基取代的氟化哌啶配体，揭示出显著的氟化程度依赖性：随着氟化程度增加，配体与钙钛矿之间的相互作用不断增强，同时不改变钙钛矿晶体结构，从而提高与卤化物相关的缺陷形成能，并有效降低缺陷密度。此外，,http://mp.weixin.qq.com/s?__biz=MzIwNDAzNzcwMA==&mid=2456844193&idx=2&sn=f3d5e1df84f8c5b41e2cd4c5a7addfb9,,宽禁带钙钛矿材料对于高效钙钛矿/硅叠层太阳能电池至关重要，但其工作稳定性却因卤化物缺陷辅助的离子迁移及其导致的相分离而受到严重损害。鉴于此，2026年9月11日上海交通大学李博伟&王衍明&赵一新&正泰李子佳于AM刊发通过氟化哌啶表面终止抑制卤素缺陷形成，实现高效稳定的钙钛矿/硅叠层太阳能电池的研究成果，本文表明，通过分子工程化的氟化哌啶配体实现表面终止，可有效稳定宽带隙钙钛矿。通过一系列含单氟、双氟和三氟甲基取代的氟化哌啶配体，揭示出显著的氟化程度依赖性：随着氟化程度增加，配体与钙钛矿之间的相互作用不断增强，同时不改变钙钛矿晶体结构，从而提高与卤化物相关的缺陷形成能，并有效降低缺陷密度。此外，,宽禁带钙钛矿材料对于高效钙钛矿/硅叠层太阳能电池至关重要，但其工作稳定性却因卤化物缺陷辅助的离子迁移及其导致的相分离而受到严重损害。鉴于此，2026年9月11日上海交通大学李博伟&王衍明&赵一新&正泰李子佳于AM刊发通过氟化哌啶表面终止抑制卤素缺陷形成，实现高效稳定的钙钛矿/硅叠层太阳能电池的研究成果，本文表明，通过分子工程化的氟化哌啶配体实现表面终止，可有效稳定宽带隙钙钛矿。通过一系列含单氟、双氟和三氟甲基取代的氟化哌啶配体，揭示出显著的氟化程度依赖性：随着氟化程度增加，配体与钙钛矿之间的相互作用不断增强，同时不改变钙钛矿晶体结构，从而提高与卤化物相关的缺陷形成能，并有效降低缺陷密度。此外，增强的配体-钙钛矿相互作用有助于稳定表面及近表面区域，提升缺陷辅助离子迁移的活化能垒，减轻宏观相分离引起的性能退化。因此，表面终止的单结钙钛矿/硅叠层太阳能电池实现了33.03%的认证效率，稳定效率为32.76%，在经过800小时最大功率点跟踪后仍保持初始效率的97%。这项工作通过抑制卤化物缺陷的形成，确立了表面终止策略，该策略可同时调控宽禁带钙钛矿材料中的缺陷化学性质和卤化物迁移行为。原文：https://advanced.onlinelibrary.wiley.com/doi/epdf/10.1002/adma.74998钙钛矿方向课题组网站NREL网站：https://www.nrel.gov/pv/cell-efficiency.htmlGratzel课题组网站：http://lpi.epfl.ch/publicationsSnaith课题组网站：https://www2.physics.ox.ac.uk/contacts/people/snaith/publicationsYangYang课题组网站：https://yylab.seas.ucla.edu/publications.html黄劲松课题组网站：https://huangjinsong.wixsite.com/group/publications李美成课题组网站：https://nemd.ncepu.edu.cn/戚亚冰课题组网站：https://groups.oist.jp/emssu/publications周欢萍课题组网站：https://happyzhou.wixsite.com/happylabs金松课题组网站：https://jin.chem.wisc.edu/content/song-jin陈棋课题组网站：https://cheerslab.net/丁黎明课题组网站：http://www.nanoctr.cn/opv/yjcg/孟庆波课题组网站：http://solar.iphy.ac.cn/index.php/?page_id=5103张春福课题组网站：https://web.xidian.edu.cn/cfzhang/Jin Young Kim 课题组网站：https://ngel.unist.ac.kr/papers/Nam-Gyu Park课题组网站：http://ngpl.skku.edu/sub/sub04_01.php?cat_no=37&sNum=1叶轩立课题组网站：https://www.yipgroup.info/research唐江课题组网站：：http://tfsc.wnlo.hust.edu.cn/info/1153/1594.htmSargent课题组网站：https://light.utoronto.ca/publications/2021-1/Seok课题组网站：https://seoksi.unist.ac.kr/publication/周圆圆课题组网站：https://www.alvinyzhou.com/all-papers王漾课题组网站：https://www.x-mol.com/groups/steven_wangyang陈树林（钙钛矿透射电子显微学）网站：http://grzy.hnu.edu.cn/site/index/chenshulin赵清课题组网站：http://faculty.pku.edu.cn/~vuaQVn/zh_CN/index.htm钙钛矿LED世界记录每日更新蓝光钙钛矿LED最高EQE26.4% 保持团队：浙江大学狄大卫&叶志镇&戴兴良团队 更新时间：2024年7月17日红光钙钛矿LED最高EQE32.5% 保持团队： 中科院半导体所张兴旺&游经碧 更新时间：2025年5月23日红光叠层钙钛矿LED最高EQE45.5% 保持团队： 南京工业大学王娜娜&黄维&王建浦 更新时间：2025年11月11日 绿光钙钛矿LED最高EQE31% 保持团队：华南理工大学陈江山&马东阁&澳门大学邢贵川 更新时间：2024年9月23日钙钛矿太阳能电池世界记录每日更新钙钛矿太阳能电池最高稳态认证光电转化效率28% 保持单位：海南大学钙钛矿/硅叠层太阳能电池最高认证光电转化效率35.5% 保持单位：隆基钙钛矿/TOPcon叠层太阳能电池最高认证光电转化效率34.76% 保持单位：晶科能源钙钛矿/PERC叠层太阳能电池最高光电转化效率30.05% 保持单位：首尔大学Jin Young Kim柔性钙钛矿/硅叠层太阳能电池最高认证光电转化效率33.6% 保持单位：苏州大学杨新波&张晓宏&阿卜杜拉国王科技大学De Wolf钙钛矿/CIGS叠层太阳能电池最高认证光电转化效率30.1% 保持单位：武汉大学李建民&王胜&龚俊波&肖旭东钙钛矿/钙钛矿/硅三结叠层太阳能电池最高认证光电转化效率27.06% 保持单位：悉尼大学郑将辉&Anita W. Y. Ho-Baillie&厦门大学陈忠&深圳黑晶光电技术有限公司段磊平1cm² 钙钛矿太阳能电池最高光电转化效率26.90% 保持单位：苏州大学/新南威尔士大学/白马湖实验室52cm² 钙钛矿太阳能电池最高光电转化效率26.48% 保持单位：万度光能900cm² 钙钛矿太阳能电池最高光电转化效率24.36% 保持单位：脉络能源户内光伏最高效率44.72% 保持团队：中国暨南大学王有生&麦耀华团队 更新时间：2024年1月12日钙钛矿室内光伏组件最高认证孔径面积效率34.94%/国家光伏产业计量测试中心认证(12.80 cm2) 保持团队：暨南大学麦耀华教授团队钙钛矿/钙钛矿叠层太阳能电池最高光电转化效率/JET认证28.2% (1.038cm2) 保持团队：南京大学&仁烁光电钙钛矿/钙钛矿叠层太阳能电池最高认证效率31.55% 保持团队：光因科技钙钛矿/OPV叠层太阳能电池最高认证效率26.42% 保持团队：青岛大学刘玉强&欧阳丹&薄志山&南方科技大学丘龙斌&北京师范大学张文凯&四川大学李鸿祥 更新时间：2025年10月9日露天制备钙钛矿太阳能电池最高效率26.5% 保持团队：中国华北电力大学李美成团队 更新时间：2025年9月28日钙钛矿太阳能电池低温运行最高效率26.12% 保持团队：中国陕西师范大学赵奎团队 更新时间：2023年8月31日锡铅混合钙钛矿太阳能电池最高效率24.13% 保持团队：上海交通大学陈汉团队 更新时间：2024年8月12日宽带隙（1.67 eV）钙钛矿太阳能电池最高效率25.03% 保持团队：中科院半导体所蒋琦&游经碧 更新时间：2025年12月12日宽带隙（1.76 eV）钙钛矿太阳能电池最高效率21.42% 保持团队：河北大学杨少鹏&何庭伟 更新时间：2025年7月18日柔性钙钛矿太阳能电池最高效率26.61% 保持团队：九江市柔烁光电科技有限公司 更新时间：2024年9月28日二维钙钛矿太阳能电池（n=5）最高效率22.73% 保持团队：南昌大学胡婷&陈义旺 更新时间：2024年10月15日锡基钙钛矿太阳能电池最高效率17.89% 保持团队：复旦大学梁佳&南京理工大学徐勃&上海交通大学戚亚冰 更新时间：2025年10月15日全无机钙钛矿太阳能电池最高效率22.49% 保持团队：陕西师范大学田庆文&刘生忠 更新时间：2025年8月12日CsSnI3钙钛矿太阳能电池最高效率14.95% 保持团队：华中科技大学申燕&王鸣魁 更新时间：2025年5月21日FASnI3钙钛矿太阳能电池最高效率15.7% 保持团队：上海科技大学米启兮 更新时间：2024年4月2日碳电极钙钛矿太阳能电池最高效率23.6% 保持团队：大连理工大学王宇迪&史彦涛 更新时间：2025年11月5日无HTM碳电极全无机钙钛矿太阳能电池最高效率19.65％ 保持团队：华南农业大学饶华商&钟新华团队 更新时间：2025年1月13日无HTM碳电极钙钛矿太阳能电池最高效率20.1％ 保持团队：华南农业大学潘振晓&钟新华 更新时间：2024年5月31日CsPbI2Br钙钛矿太阳能电池最高效率18.14% 保持团队：北京化工大学李明华&化学所胡劲松 更新时间：2024年1月17日钙钛矿量子点太阳能电池的最高效率19.01% 保持团队：苏州大学袁建宇 更新时间：2025年8月15日 注：每个蓝色文字部分都带有超链接，超链接每篇都有参考文献，这里就不一一标注参考文献了。 此外，还有哪些没有归纳的记录，或者有新突破的记录，可以文末留言或者后台留言，以后每日及时更新。 国内最大钙钛矿电池QQ交流群，微信群添微信lili514091，欢迎加入点击阅读原文可获取原文仅用于学术分享，如有侵权，请联系删除。阅读原文2026年9月11日上海交通大学李博伟\x26amp;王衍明\x26amp;赵一新\x26amp;正泰李子佳于AM刊发通过氟化哌啶表面终止抑制卤素缺陷形成，实现高效稳定的钙钛矿/硅叠层太阳能电池的研究成果。,,,,pending
100亿钠电池项目获批,钠电派,钠电派,"RIOnews API, 钠离子电池, 钠电, 合作进展, 投资, 合作",normal,2026-09-12T22:50:18+08:00,,扫描上图二维码解锁钠电知识宝库，可下载钠电池资料！9月11日消息，近日，常熟高新技术产业开发区管理委员会发布“关于江苏正力新能电池技术股份有限公司新型钠离子电池智能化柔性制造项目生态环境影响报告表（附环境风险专项）的批复”。这一总投资100亿元、规划年产50GWh钠离子电池的项目，正式拿到落地建设的核心合规通行证。 按照规划，该项目拟新购地494638㎡，建设新型钠离子电池智能化柔性制造项目，主要分成三个部分：1.常熟高新技术产业开发区银河路以东、香园路以北地块建成后，年产钠离子电池50GWh，配套进行研发和实验测试；2.香园路以东、常台高速以西地块建成后，年产阴极极片1.45亿平方米，阳极极,http://mp.weixin.qq.com/s?__biz=Mzg3MDg4NzA0MQ==&mid=2247505079&idx=1&sn=5168bd767f6b74ff8fdb8119c455c309,,扫描上图二维码解锁钠电知识宝库，可下载钠电池资料！9月11日消息，近日，常熟高新技术产业开发区管理委员会发布“关于江苏正力新能电池技术股份有限公司新型钠离子电池智能化柔性制造项目生态环境影响报告表（附环境风险专项）的批复”。这一总投资100亿元、规划年产50GWh钠离子电池的项目，正式拿到落地建设的核心合规通行证。 按照规划，该项目拟新购地494638㎡，建设新型钠离子电池智能化柔性制造项目，主要分成三个部分：1.常熟高新技术产业开发区银河路以东、香园路以北地块建成后，年产钠离子电池50GWh，配套进行研发和实验测试；2.香园路以东、常台高速以西地块建成后，年产阴极极片1.45亿平方米，阳极极,扫描上图二维码解锁钠电知识宝库，可下载钠电池资料！9月11日消息，近日，常熟高新技术产业开发区管理委员会发布“关于江苏正力新能电池技术股份有限公司新型钠离子电池智能化柔性制造项目生态环境影响报告表（附环境风险专项）的批复”。这一总投资100亿元、规划年产50GWh钠离子电池的项目，正式拿到落地建设的核心合规通行证。 按照规划，该项目拟新购地494638㎡，建设新型钠离子电池智能化柔性制造项目，主要分成三个部分：1.常熟高新技术产业开发区银河路以东、香园路以北地块建成后，年产钠离子电池50GWh，配套进行研发和实验测试；2.香园路以东、常台高速以西地块建成后，年产阴极极片1.45亿平方米，阳极极片1.54 亿平方米，配套进行研发和实验测试；3.银河路以东、香园路以北地块主要作为员工活动中心和倒班宿舍使用，不进行生产活动。早在2026年3月，正力新能总投资100亿元、年产50GWh的新一代大容量长时储能智能制造项目就已签约落户常熟，当时项目核心产品定位为588Ah大容量长时储能电芯，可覆盖2至12小时长时储能场景需求。本次钠电智能化柔性制造项目的环评获批，是正力新能在常熟百亿级储能产能布局中的关键延伸，将与此前规划的长时储能锂电产能形成技术互补，构建“锂电+钠电”双线并行的产品矩阵，全面覆盖从短时调峰到长时供电的全场景储能需求。2026年以来，正力新能在钠电赛道的布局节奏明显加快，依托现有成熟的聚阴离子材料体系，正力新能完成钠电池小批量产线的搭建，可满足欧盟等海外市场的订单交付需求。上半年钠离子电池业务实现销售收入1510万元，同比增长276.6%，主要出口欧盟，落地AIDC、电网侧削峰填谷等场景。从产业大背景来看，2026年9月国内钠电消费税免征政策正式落地，钠电独立海关编码同步启用，叠加年内储能领域超97GWh的钠电合作订单集中释放，正力新能的布局恰好卡在政策红利释放、下游订单爆发的时间节点上。其二期产能计划2027年底投产，与行业内头部企业的钠电大规模交付节奏形成错位衔接，有望在2027至2028年钠电市场的需求爆发期，凭借提前落地的合规产能抢占市场份额。由于公众号规则更改，请大佬们点个关注、推荐和转发扫描上图二维码解锁钠电知识宝库，可下载钠电池资料！,,,,pending
免费参会！合肥见！26年（第十届）中国固态电池大会,锂电前沿,锂电前沿,"RIOnews API, 新材料, 复合材料, 碳, 聚合物, 高比能, 锂硫电池, 硅, 前沿表征, 高通量, 固态电池, 固态电解质, 陶瓷材料, 新型电池, 空气电池, 钠离子电池, 钠电, 钠电池, 储能, 循环寿命, 负极材料, 融资",normal,2026-09-12T22:44:00+08:00,,温馨提醒：1、免费参会：转发通知集赞18个方可免费参会（不含餐）限100个名额，截止时间9月15日（含15日当天）2、优惠票600元每人（含餐），截止时间9月15号（含），缴费成功视为报名成功；参展和报名电话.陈老师：***********2026年（第十届）中国固态电池技术创新与产业化研讨会2026年11月25-27日 安徽.合肥会议背景固态电池是当前二次电池领域最为活跃的研究方向之一。理论上，全固态锂离子电池的能量密度可达900Wh/kg，由于采用固体电解质与高比能量负极，并可能防止锂枝晶导致的电池内部短路，固态电池的能量密度和循环寿命方面有望较传统锂电池有大幅提升。同时，固态电池还兼顾了,http://mp.weixin.qq.com/s?__biz=MzkzODYxNTc2OA==&mid=2247511829&idx=1&sn=79f917b4e32f71294bb20a0f4b846260,,温馨提醒：1、免费参会：转发通知集赞18个方可免费参会（不含餐）限100个名额，截止时间9月15日（含15日当天）2、优惠票600元每人（含餐），截止时间9月15号（含），缴费成功视为报名成功；参展和报名电话.陈老师：***********2026年（第十届）中国固态电池技术创新与产业化研讨会2026年11月25-27日 安徽.合肥会议背景固态电池是当前二次电池领域最为活跃的研究方向之一。理论上，全固态锂离子电池的能量密度可达900Wh/kg，由于采用固体电解质与高比能量负极，并可能防止锂枝晶导致的电池内部短路，固态电池的能量密度和循环寿命方面有望较传统锂电池有大幅提升。同时，固态电池还兼顾了,温馨提醒：1、免费参会：转发通知集赞18个方可免费参会（不含餐）限100个名额，截止时间9月15日（含15日当天）2、优惠票600元每人（含餐），截止时间9月15号（含），缴费成功视为报名成功；参展和报名电话.陈老师：***********2026年（第十届）中国固态电池技术创新与产业化研讨会2026年11月25-27日 安徽.合肥会议背景固态电池是当前二次电池领域最为活跃的研究方向之一。理论上，全固态锂离子电池的能量密度可达900Wh/kg，由于采用固体电解质与高比能量负极，并可能防止锂枝晶导致的电池内部短路，固态电池的能量密度和循环寿命方面有望较传统锂电池有大幅提升。同时，固态电池还兼顾了长储存寿命、高功率密度和制备简单等特性，尤其是比高能量密度传统锂离子电池拥有更良好的热控及安全特性。固态电解质作为固态电池核心技术，聚合物固态电解质、氧化物固态电解质、硫化物固态电解质三大类复合材料成为技术攻关的重点。但是，固态电解质要有与之适应的正负极体系。所以，推进全固态电池产业化的过程，也将是锂电正负极材料体系的一场全面变革。有鉴于此，为了进一步推动我国固态电池的研究创新和技术进步，及时了解固态电池最新相关研究成果和发展动态，尽早推广下游大规模应用，明确主要需求，加强行业交流，促进产学研协同创新，我们特别组织固态电池专题研讨会：26年（第十届）中国固态电池技术创新与产业化应用研讨会，会议将于2026年11月25日-27日在安徽.合肥举行。会议邀请固态电池领域的知名研究院所、大专院校、相关企业及投融资机构代表参会，就固态电池基础研究、关键材料、关键技术、关键装备及其标准等全产业领域展开探讨。共聚一堂，充分交流、集思广益、相互切磋，以期实质性促进我国固态电池的进一步发展。会议概况【会议时间】2026年11月25-27日（25日全天签到）【主办单位】锂电前沿【承办单位】 深圳友研科技有限公司固态电池会议交流内容 ●固体电解质材料：理论基础、新体系、规模制造及产业化应用●固态电池正负极材料：理论基础、新体系、规模制造及产业化应用●固态电池中的界面工程：界面观测与调控、制造及电池循环时的界面动态演变等●混合固液电解质锂电池：动力电池、储能电池及柔性电池等●全固态电池：全固态锂电池、全固态锂硫电池、全固态锂空气电池及全固态钠电池等●高通量理论和理论设计及计算方法在固态电池研究开发中的应用●固态电池的产业化技术会议形式主要通过大会报告、交流报告、现场讨论的形式，欢迎相关企业和检测机构安排小型展览。会议期间还将组织演讲嘉宾或行业资深专家们与参会代表互动进行自由讨论。为了共同办好这次会议，热烈欢迎各相关企业、科研院所赞助本次研讨会。会议注册费会议注册费：参会人员10月15日前11月20日前11月20日后以及现场正式代表2500元2800元3200元在校学生代表1500元1500元1800元（学生代表注册时需凭学生证，包含本科生、硕士、博士）注册费包含：会议费、资料费用等费用、不包含路费和住宿费，住宿要自订。账户信息：户名：深圳友研科技有限公司账号：757575353398开户行：中国银行股份有限公司深圳西丽支行付款时请注明“固态电池 +单位名称”开票注意事项：增值税普通发票请提供单位名称及税号。如果需要增值税专用发票，请提供单位名称、税号、地址、电话、开户行、账号第九届固态电池会议回顾2026年8月5日-7日，锂电前沿主办的“2026中国固态电池技术大会暨中国硅碳负极高峰论坛”在江苏常州顺利召开并圆满闭幕。锂电前沿举办此次会议议题紧贴固态电池，硅碳负极材料单位科研和产业化实际需求，引发市场广泛关注，受到专家及参会嘉宾一致好评，有力的推动了我国固态电池，硅碳负极材料的科技进步和产业化进程。第八届固态电池会议回顾2026年4月22日-24日，锂电前沿，钠电材料主办的“2026第八届中国固态电池技术创新与产业化应用研讨会暨中国钠电技术高峰论坛”在湖南长沙顺利召开并圆满闭幕。线下与会嘉宾达906人，参会单位超过550家，参展厂家超过60家，专题报告49个。锂电前沿，钠电材料举办此次会议议题紧贴固态电池，钠电材料单位科研和产业化实际需求，引发市场广泛关注，受到专家及参会嘉宾一致好评，有力的推动了我国固态电池，钠离子电池的科技进步和产业化进程。第七届固态电池会议回顾2025年10月22日-24日，锂电前沿，先进陶瓷材料主办的“2025第七届中国固态电池技术创新与产业化应用研讨会暨中国先进陶瓷技术与产业高峰论坛”在安徽合肥顺利召开并圆满闭幕。线下与会嘉宾达1036人，参会单位超过600家，参展厂家超过50家，专题报告42个。锂电前沿，先进陶瓷材料举办此次会议议题紧贴固态电池，先进陶瓷材料单位科研和产业化实际需求，引发市场广泛关注，受到专家及参会嘉宾一致好评，有力的推动了我国固态电池，先进陶瓷的科技进步和产业化进程。现场视频（点击上方观看）第五届固态电池会议回顾2024年10月，锂电前沿主办的“第五届中国固态电池技术创新与产业化应用研讨会”在安徽合肥顺利召开并圆满闭幕。线下与会嘉宾达820人，参会单位超过450家第六届固态电池会议回顾2025年3月26日-28日，锂电前沿主办的“2025第六届中国固态电池技术创新与产业化应用研讨会”在湖北武汉顺利召开并圆满闭幕。线下与会嘉宾达889人，参会单位超过500家，参展厂家超过50家，专题报告44个。锂电前沿举办此次会议议题紧贴固态电池单位科研和产业化实际需求，引发市场关注，受到专家及参会者广泛好评，有力的推动了我国固态电池的进一步发展。组委会联系方式参会、参展、宣传及赞助事宜联 系 人：陈老师 （赞助和报名事宜咨询）联系电话：***********（微信同号）邮 箱 ：sdlscck@163.com 报名方式一：长按报名报名方式二：点击左下方阅读原文报名,,,,pending
又一车企回应车辆起火事故！,锂电派,锂电派,"RIOnews API, 发布",normal,2026-09-12T22:19:02+08:00,,【锂电派】官方加入渠道扫描上图二维码解锁锂电知识宝库，下载10000+资料！近日，网络平台流传“杭州一辆领克900车辆自燃”的相关视频与言论，引发网友广泛关注。针对此次火情事件，9月10日，杭州凌悦领克中心正式发布官方声明，指出“领克900车辆自燃”等说法与现场情况不符。声明称，2026年9月9日16时06分，门店接到车主反馈，其领克900车辆在商铺边停放时发生外部火情，门店第一时间启动应急响应并赶赴现场。经车主表述，本次火情系充电宝自燃所致，该充电宝为他人掉落并被踢至车底的，并非车辆动力电池或车辆自身起火。事件发生后，车主第一时间报消防等部门介入，现场已按程序封控，最终结论以消防部门出具的认,http://mp.weixin.qq.com/s?__biz=MzI4MTc4MzY2NA==&mid=2247697886&idx=4&sn=8c851734b1b1a13c6062fa240a61beb3,,【锂电派】官方加入渠道扫描上图二维码解锁锂电知识宝库，下载10000+资料！近日，网络平台流传“杭州一辆领克900车辆自燃”的相关视频与言论，引发网友广泛关注。针对此次火情事件，9月10日，杭州凌悦领克中心正式发布官方声明，指出“领克900车辆自燃”等说法与现场情况不符。声明称，2026年9月9日16时06分，门店接到车主反馈，其领克900车辆在商铺边停放时发生外部火情，门店第一时间启动应急响应并赶赴现场。经车主表述，本次火情系充电宝自燃所致，该充电宝为他人掉落并被踢至车底的，并非车辆动力电池或车辆自身起火。事件发生后，车主第一时间报消防等部门介入，现场已按程序封控，最终结论以消防部门出具的认,【锂电派】官方加入渠道扫描上图二维码解锁锂电知识宝库，下载10000+资料！近日，网络平台流传“杭州一辆领克900车辆自燃”的相关视频与言论，引发网友广泛关注。针对此次火情事件，9月10日，杭州凌悦领克中心正式发布官方声明，指出“领克900车辆自燃”等说法与现场情况不符。声明称，2026年9月9日16时06分，门店接到车主反馈，其领克900车辆在商铺边停放时发生外部火情，门店第一时间启动应急响应并赶赴现场。经车主表述，本次火情系充电宝自燃所致，该充电宝为他人掉落并被踢至车底的，并非车辆动力电池或车辆自身起火。事件发生后，车主第一时间报消防等部门介入，现场已按程序封控，最终结论以消防部门出具的认定书为准。声明强调，网络平台流传的“领克900自燃”等说法与现场情况不符，请广大网友尊重事实，以消防及官方结论为准，不传播未经证实的信息。对恶意造谣、传谣行为，门店将依法保留追责权利。END由于公众号规则更改，请大佬们点个关注、推荐和转发扫码入群丨lidianpai666交流丨分享丨合作丨推广 · LIDIANπ · 【锂电派】官方加入渠道扫描上图二维码解锁锂电知识宝库，下载10000+资料！,,,,pending
全极耳压平和揉平的差异,锂电派,锂电派,"RIOnews API, 比亚迪, 宁德时代, 亿纬锂能, 亿纬, 大圆柱, 4680, 电解液, 投资, 量产",normal,2026-09-12T22:19:02+08:00,,【锂电派】官方加入渠道扫描上图二维码解锁锂电知识宝库，下载10000+资料！ 核心差异速览对比维度压平 (Flattening)揉平 (Rubbing)核心原理直接施加轴向机械压力旋转揉压与摩擦主要应用多极耳电芯全极耳电芯（主流）端面平整度相对较差高，精度可达±0.15mm主要风险极片外翻、损伤金属碎屑、电解液浸润困难设备与成本设备简单，初期投资低设备精度要求高，但整体投资成本可能更低行业地位补充方案绝对主流路线 工艺原理与设备差异两者的根本区别在于作用方式：压平：原理简单直接，通过对极耳端面施加垂直于极片表面的压力，将其强行压平。设备相对简单，但难以处理极耳的复杂褶皱。揉平：利用高速旋转的揉,http://mp.weixin.qq.com/s?__biz=MzI4MTc4MzY2NA==&mid=2247697886&idx=2&sn=918c268a59ef468bab2f15ddeef71100,,【锂电派】官方加入渠道扫描上图二维码解锁锂电知识宝库，下载10000+资料！ 核心差异速览对比维度压平 (Flattening)揉平 (Rubbing)核心原理直接施加轴向机械压力旋转揉压与摩擦主要应用多极耳电芯全极耳电芯（主流）端面平整度相对较差高，精度可达±0.15mm主要风险极片外翻、损伤金属碎屑、电解液浸润困难设备与成本设备简单，初期投资低设备精度要求高，但整体投资成本可能更低行业地位补充方案绝对主流路线 工艺原理与设备差异两者的根本区别在于作用方式：压平：原理简单直接，通过对极耳端面施加垂直于极片表面的压力，将其强行压平。设备相对简单，但难以处理极耳的复杂褶皱。揉平：利用高速旋转的揉,【锂电派】官方加入渠道扫描上图二维码解锁锂电知识宝库，下载10000+资料！ 核心差异速览对比维度压平 (Flattening)揉平 (Rubbing)核心原理直接施加轴向机械压力旋转揉压与摩擦主要应用多极耳电芯全极耳电芯（主流）端面平整度相对较差高，精度可达±0.15mm主要风险极片外翻、损伤金属碎屑、电解液浸润困难设备与成本设备简单，初期投资低设备精度要求高，但整体投资成本可能更低行业地位补充方案绝对主流路线 工艺原理与设备差异两者的根本区别在于作用方式：压平：原理简单直接，通过对极耳端面施加垂直于极片表面的压力，将其强行压平。设备相对简单，但难以处理极耳的复杂褶皱。揉平：利用高速旋转的揉平轮对极耳进行“揉”和“磨”。其核心在于通过旋转摩擦，将极耳从外向内或从内向外逐步推倒、展平，形成一个平整、致密的端面。这个过程对设备（如逸飞激光的第四代系统）的精度要求极高，可达0.01mm。 应用场景与行业现状两者的应用场景有明确区分：压平：主要应用于多极耳电芯。在全极耳电池领域，由于极耳数量众多且形态复杂，单纯的“压”难以保证效果，因此已不是主流。揉平：是当前全极耳电池（尤其是4680等大圆柱电池）的绝对主流工艺路线。包括宁德时代、比亚迪、亿纬锂能等主流电池厂，以及先导智能、海目星等设备商都在围绕揉平工艺进行研发和量产。 优缺点深入分析压平优点：设备与工艺相对简单，初期投入成本较低。缺点：易损伤极片：局部受力不均易导致极片外翻或损伤。平整度差：难以消除极耳褶皱，影响后续焊接效果。揉平优点：平整度高：能有效消除褶皱，为后续焊接提供高质量平面。先进工艺的良品率可达99.95% 以上。一致性好：能确保各层极耳紧密、均匀接触。综合成本可能更低：尽管设备精度要求高，但因工序少、良率高，整体投资和运营成本可能更具优势。缺点：金属碎屑（粉尘）风险：旋转摩擦易产生金属碎屑，可能导致电芯内部短路，是主要挑战之一。电解液浸润困难：揉平后端面过于致密，可能堵塞电解液通道，延长注液时间，影响效率。对此，行业正在探索在揉平面打孔等改进方案。 总结总的来说，“压平”和“揉平”代表了全极耳电池极耳处理工艺的两个阶段。“压平”是早期探索，而“揉平”则是经过实践检验、解决核心痛点（平整度）的成熟主流方案。当前，行业的焦点已不再是路线选择，而是如何攻克揉平工艺的伴生难题，即控制金属碎屑和改善电解液浸润，以实现更高效的规模化生产。【锂电派知识星球】致力于打造锂电池行业垂直产业链资源库！10000+份资料可下载！扫下方二维码加入(与锂电人共同成长)▼扫码可预览5条星球内容 扫码获取 所有文件均可下载【锂电派】官方加入渠道扫描上图二维码解锁锂电知识宝库，下载10000+资料！,,,,pending
太乙圣莲拟出资30亿“复活”哪吒汽车，网友：公司名“神”了，救哪吒还得靠太乙真人,锂电派,锂电派,"RIOnews API, 上市",normal,2026-09-12T22:19:02+08:00,,【锂电派】官方加入渠道扫描上图二维码解锁锂电知识宝库，下载10000+资料！据上海证券报，破产重整的哪吒汽车迎来新进展。9月11日，合众新能源（哪吒汽车母公司）破产重整案第四次债权人会议以线上形式召开，《重整计划（草案）》显示，浙江太乙圣莲企业管理合伙企业（有限合伙）拟出资30亿元入主，换取合众新能源约70.62%的股权。工商登记信息显示，“太乙圣莲”注册成立于2026年4月，由浙江山子控股有限公司和浙江山子玉虚科技有限公司两家公司合伙组建，前者实控人为深交所上市公司山子高科董事长叶骥，后者实控人为山子高科董办负责人虞舒心。对此，有网友评论“救哪吒还得靠太乙真人”“这公司名‘神’了”。END由,http://mp.weixin.qq.com/s?__biz=MzI4MTc4MzY2NA==&mid=2247697886&idx=1&sn=f9feb74b82f121ad56e0bc1ad5f598ed,,【锂电派】官方加入渠道扫描上图二维码解锁锂电知识宝库，下载10000+资料！据上海证券报，破产重整的哪吒汽车迎来新进展。9月11日，合众新能源（哪吒汽车母公司）破产重整案第四次债权人会议以线上形式召开，《重整计划（草案）》显示，浙江太乙圣莲企业管理合伙企业（有限合伙）拟出资30亿元入主，换取合众新能源约70.62%的股权。工商登记信息显示，“太乙圣莲”注册成立于2026年4月，由浙江山子控股有限公司和浙江山子玉虚科技有限公司两家公司合伙组建，前者实控人为深交所上市公司山子高科董事长叶骥，后者实控人为山子高科董办负责人虞舒心。对此，有网友评论“救哪吒还得靠太乙真人”“这公司名‘神’了”。END由,【锂电派】官方加入渠道扫描上图二维码解锁锂电知识宝库，下载10000+资料！据上海证券报，破产重整的哪吒汽车迎来新进展。9月11日，合众新能源（哪吒汽车母公司）破产重整案第四次债权人会议以线上形式召开，《重整计划（草案）》显示，浙江太乙圣莲企业管理合伙企业（有限合伙）拟出资30亿元入主，换取合众新能源约70.62%的股权。工商登记信息显示，“太乙圣莲”注册成立于2026年4月，由浙江山子控股有限公司和浙江山子玉虚科技有限公司两家公司合伙组建，前者实控人为深交所上市公司山子高科董事长叶骥，后者实控人为山子高科董办负责人虞舒心。对此，有网友评论“救哪吒还得靠太乙真人”“这公司名‘神’了”。END由于公众号规则更改，请大佬们点个关注、推荐和转发扫码入群丨lidianpai666交流丨分享丨合作丨推广 · LIDIANπ · 【锂电派】官方加入渠道扫描上图二维码解锁锂电知识宝库，下载10000+资料！据上海证券报，破产重整的哪吒汽车迎来新进展。,,,,pending
又一锂电企业易主国企！,锂电派,锂电派,"RIOnews API, 中创新航, 储能, 储能系统, 系统集成, EMS, BMS, 热管理, 出货, 出货量, 全球出货, 装机, 装机量, GWh, 毛利率, 亏损, 投资, 并购, 收购, 海外, 发布, 认证",normal,2026-09-12T22:19:02+08:00,,【锂电派】官方加入渠道扫描上图二维码解锁锂电知识宝库，下载10000+资料！9月10日，久量股份（300808.SZ）发布公告称，拟以支付现金购买股权的形式取得山东海帝新能源科技有限公司（简称“海帝新能源”）不低于 51%的股权。图片来源：久量股份公告交易价格约2.75亿元，将构成重大资产重组。海帝新能源是什么来头？海帝新能源成立于2011年，注册资本2545.45万元，主营锂电池动力电池系统和储能系统的研发、生产及集成销售。其核心竞争力在于定制系统集成能力，可提供从电芯选型、BMS算法、热管理设计到EMS集成的全栈定制服务，深度耦合硬件、电气、软件三层架构。海帝新能源拥有国家级专精特新“小巨,http://mp.weixin.qq.com/s?__biz=MzI4MTc4MzY2NA==&mid=2247697886&idx=5&sn=01bc2078045a1a2bd8151463906e6275,,【锂电派】官方加入渠道扫描上图二维码解锁锂电知识宝库，下载10000+资料！9月10日，久量股份（300808.SZ）发布公告称，拟以支付现金购买股权的形式取得山东海帝新能源科技有限公司（简称“海帝新能源”）不低于 51%的股权。图片来源：久量股份公告交易价格约2.75亿元，将构成重大资产重组。海帝新能源是什么来头？海帝新能源成立于2011年，注册资本2545.45万元，主营锂电池动力电池系统和储能系统的研发、生产及集成销售。其核心竞争力在于定制系统集成能力，可提供从电芯选型、BMS算法、热管理设计到EMS集成的全栈定制服务，深度耦合硬件、电气、软件三层架构。海帝新能源拥有国家级专精特新“小巨,【锂电派】官方加入渠道扫描上图二维码解锁锂电知识宝库，下载10000+资料！9月10日，久量股份（300808.SZ）发布公告称，拟以支付现金购买股权的形式取得山东海帝新能源科技有限公司（简称“海帝新能源”）不低于 51%的股权。图片来源：久量股份公告交易价格约2.75亿元，将构成重大资产重组。海帝新能源是什么来头？海帝新能源成立于2011年，注册资本2545.45万元，主营锂电池动力电池系统和储能系统的研发、生产及集成销售。其核心竞争力在于定制系统集成能力，可提供从电芯选型、BMS算法、热管理设计到EMS集成的全栈定制服务，深度耦合硬件、电气、软件三层架构。海帝新能源拥有国家级专精特新“小巨人”、山东省“瞪羚”及“科技小巨人”等资质，产品通过UL、IEC、BIS、KC、UN38.3等国际认证，远销欧美、东南亚、中东等海外市场。海帝新能源控股股东为天科新能源有限责任公司，持股70.7143%；实际控制人为宗哲，其持有天科新能源40.87%股权。交易结构上，久量股份设置了多重“安全阀”：业绩承诺期三年，累计归母净利润（扣非）不低于1.7亿元；剩余股权收购定价参考“不低于10倍PE”，整体估值不超过10亿元；天科新能源和宗哲需在正式协议签署前完成对海帝新能源其他股东股权的收购，否则久量股份有权调减收购比例或终止交易。1.7亿的三年业绩承诺，对应2.754亿收购51%的估值，意味着海帝新能源的整体估值在5.4亿左右。若业绩达标，后续股权收购估值上限10亿——这是一个对赌与激励并存的安排。久量股份主业为LED照明久量股份主营业务是LED照明产品的设计、研发、生产和销售。该公司两年前被十堰国资委旗下的投资平台十堰中达汇享企业管理合伙企业收购，实际控制人已经由卓楚光变更为十堰市人民政府国有资产监督管理委员会。当前，传统家居照明市场持续萎缩，常规LED产品均价同比下滑8%至12%，硬件代工毛利率不足5%。行业下行已持续近五年。从财务数据看，2022年至2025年，久量股份扣非归母净利润分别为-2713.83万元、-650.57万元、-1963.35万元、5508.51万元。2026年上半年，公司营收1.48亿元，同比下降6.18%；归母净亏损2693.69万元，扣非净亏损2691.26万元。截至2026年二季度末，久量股份账上货币资金仅8561.07万元。现金不足9000万，却要拿出超过2.75亿去收购，久量股份对此的表述是：“以现金支付，将对公司的现金流产生一定影响，公司将合理安排资金”。锂电赛道正重回高景气市场认为，久量股份的收购逻辑，建立在锂电行业重回高景气的判断之上。数据确实支持这一判断。2026年上半年，全球动力电池装机量593.2GWh，同比增长21.8%；中国动力电池装机量344.2GWh，同比增长13.7%。储能电池方面，全球出货量461.3GWh，同比大增71%；中国出货量202.5GWh，同比增长49%。东吴证券预计，2026年全球动储电池需求为2844GWh，同比增长37%，2027年仍将维持25%左右的增长。资本层面的反应更为直接。2026年以来，锂电领域的跨界并购案例密集出现：佛塑科技将金力新能源纳入麾下，杉杉股份控股股东变更为皖维集团，雪天盐业筹划收购坤天新能源，紫建电子收购宁波启象，中创新航入主苏奥传感，德福科技斥资14亿收购海外铜箔公司……END由于公众号规则更改，请大佬们点个关注、推荐和转发扫码入群丨lidianpai666交流丨分享丨合作丨推广 · LIDIANπ · 【锂电派】官方加入渠道扫描上图二维码解锁锂电知识宝库，下载10000+资料！,,,,pending
宁德时代收购新能源企业！,锂电派,锂电派,"RIOnews API, 宁德时代, 孚能科技, 生产基地, 合作协议, 投资, 收购, 发布",normal,2026-09-12T22:19:02+08:00,,【锂电派】官方加入渠道扫描上图二维码解锁锂电知识宝库，下载10000+资料！9月11日，市场监管总局发布2026年8月31日-9月6日无条件批准经营者集中案件列表，其中包括宁德时代收购重庆耀宁新能源科技有限公司股权案等。公开资料显示，重庆耀宁新能源成立于2021年12月，注册资本1亿元。2011年，重庆市涪陵区人民政府与吉利科技集团签署合作协议，吉利科技新能源动力电池项目落户涪陵。该项目设立合资主体驰航新能源（重庆）有限公司（重庆耀宁新能源原名），由吉利科技集团与孚能科技（688567）合资组建。该项目总投资约85亿元，占地面积约480亩，规划建筑面积约31万平方米，主要从事动力电池电芯、模组,http://mp.weixin.qq.com/s?__biz=MzI4MTc4MzY2NA==&mid=2247697886&idx=3&sn=6d721f828c1af897b740393f438345e0,,【锂电派】官方加入渠道扫描上图二维码解锁锂电知识宝库，下载10000+资料！9月11日，市场监管总局发布2026年8月31日-9月6日无条件批准经营者集中案件列表，其中包括宁德时代收购重庆耀宁新能源科技有限公司股权案等。公开资料显示，重庆耀宁新能源成立于2021年12月，注册资本1亿元。2011年，重庆市涪陵区人民政府与吉利科技集团签署合作协议，吉利科技新能源动力电池项目落户涪陵。该项目设立合资主体驰航新能源（重庆）有限公司（重庆耀宁新能源原名），由吉利科技集团与孚能科技（688567）合资组建。该项目总投资约85亿元，占地面积约480亩，规划建筑面积约31万平方米，主要从事动力电池电芯、模组,【锂电派】官方加入渠道扫描上图二维码解锁锂电知识宝库，下载10000+资料！9月11日，市场监管总局发布2026年8月31日-9月6日无条件批准经营者集中案件列表，其中包括宁德时代收购重庆耀宁新能源科技有限公司股权案等。公开资料显示，重庆耀宁新能源成立于2021年12月，注册资本1亿元。2011年，重庆市涪陵区人民政府与吉利科技集团签署合作协议，吉利科技新能源动力电池项目落户涪陵。该项目设立合资主体驰航新能源（重庆）有限公司（重庆耀宁新能源原名），由吉利科技集团与孚能科技（688567）合资组建。该项目总投资约85亿元，占地面积约480亩，规划建筑面积约31万平方米，主要从事动力电池电芯、模组、PACK的研发、生产和销售。后续股权发生变更，孚能科技完全退出，企业更名重庆耀宁新能源。重庆耀宁新能源终端客户主要为西南片区的吉利汽车重庆、贵阳生产基地。END由于公众号规则更改，请大佬们点个关注、推荐和转发扫码入群丨lidianpai666交流丨分享丨合作丨推广 · LIDIANπ · 【锂电派】官方加入渠道扫描上图二维码解锁锂电知识宝库，下载10000+资料！,,,,pending
中机国际：钠电胜负手看成本、良率、供应链,电池中国,电池中国,"RIOnews API, 新材料, 碳, 高比能, 无负极, 固态电池, 新型电池, 钠离子电池, 钠电, 量产推进, 产能, 产线设计, 宁德时代, 亿纬锂能, 亿纬, 远景动力, 欣旺达, 正力新能, 钠电池, 储能, 电池回收, 负极材料, 交付, GWh, 投产, 订单, 降价, 中试, 量产, 落地",normal,2026-09-12T21:21:59+08:00,,【电池中国网 9月12日 长沙讯】由电池中国网开展的“绿色引领·融合创新——2026新能源电池产业链调研”活动，于近日开启湖南调研之行。\x0a\x0a9月10日，电池中国网副总经理周波等产业链调研组一行，到访中机国际工程设计研究院有限责任公司（简称“中机国际”），与中机国际先进电池与储能材料工程院（简称“中机国际电池院”）院长侯希明、书记罗志珍、总工程师谭光宇等企业负责人，围绕钠电池及材料技术、固态电池及材料技术、新型电池产业化痛点、行业未来发展趋势等话题，进行了深入交流。\x0a\x0a作为一家专门从事电池及材料工程\x26amp;amp;设计一体化的专业工程院，中机国际电池院业务覆盖电池,http://mp.weixin.qq.com/s?__biz=MzA3MzY0OTIzMQ==&mid=2661851068&idx=1&sn=30b457094f20ed82ce8f1990207a287b,,【电池中国网 9月12日 长沙讯】由电池中国网开展的“绿色引领·融合创新——2026新能源电池产业链调研”活动，于近日开启湖南调研之行。\x0a\x0a9月10日，电池中国网副总经理周波等产业链调研组一行，到访中机国际工程设计研究院有限责任公司（简称“中机国际”），与中机国际先进电池与储能材料工程院（简称“中机国际电池院”）院长侯希明、书记罗志珍、总工程师谭光宇等企业负责人，围绕钠电池及材料技术、固态电池及材料技术、新型电池产业化痛点、行业未来发展趋势等话题，进行了深入交流。\x0a\x0a作为一家专门从事电池及材料工程\x26amp;amp;设计一体化的专业工程院，中机国际电池院业务覆盖电池,【电池中国网 9月12日 长沙讯】由电池中国网开展的“绿色引领·融合创新——2026新能源电池产业链调研”活动，于近日开启湖南调研之行。\x0a\x0a9月10日，电池中国网副总经理周波等产业链调研组一行，到访中机国际工程设计研究院有限责任公司（简称“中机国际”），与中机国际先进电池与储能材料工程院（简称“中机国际电池院”）院长侯希明、书记罗志珍、总工程师谭光宇等企业负责人，围绕钠电池及材料技术、固态电池及材料技术、新型电池产业化痛点、行业未来发展趋势等话题，进行了深入交流。\x0a\x0a作为一家专门从事电池及材料工程\x26amp;amp;设计一体化的专业工程院，中机国际电池院业务覆盖电池、正负极材料、前驱体、电池回收等全产业链设计、研究、设备开发、工程总承包，深度赋能锂电、钠电等新型电池产业化落地。目前，其完成项目超500项，锂电业务几乎覆盖全国50%以上的市场。\x0a\x26amp;nbsp;\x0a据中机国际电池院钠电/锂电工程师黄宗朋介绍，当前钠电池产业化进程加速，但多重产业化痛点明显：技术上，钠电能量密度尚不及锂电、硬碳首效偏低、无负极方案高温产气待破解；量产良率上，钠电池良率普遍仅约85%，远低于锂电95%的成熟良率，批次一致性管控难度大；原材料上，硬碳原料高度依赖进口，配套钠盐产业链尚不成熟；成本上，行业亟需订单拉动规模降本；设备适配上，多数产线由锂电产线改造，适配钠电特殊工艺的专用装备尚供给不足。\x0a\x26amp;nbsp;\x0a中机国际电池院认为，接下来，钠电研发迭代速度和降本速度，需要跑赢锂电降价节奏，才能抓住市场放量机遇和电池消费税免税窗口期。预计未来，储能将成为钠电产业化主战场，而订单量与产品良率，是当下相关企业关键考核指标，具备场站级交付能力的企业有望跻身行业第一梯队。\x0a\x26amp;nbsp;\x0a针对钠电行业量产痛点，中机国际电池院可一站式承接从材料小试、中试放大到量产产线设计、落地调试全流程工作。\x0a\x26amp;nbsp;\x0a截至目前，由中机国际电池院承担工程设计且已投产的项目，正负极材料项目设计年产能合计约 600 万吨，各类电池设计年产能合计约 700GWh，客户包括宁德时代、亿纬锂能、正力新能、中汽新能、远景动力、欣旺达等多家电池企业，以及当升科技、贝特瑞、万华化学等材料企业。\x0a\x26amp;nbsp;\x0a座谈中，周波介绍了电池中国网的发展历程、宗旨理念和主要工作。他指出，当前钠电产业化推进较快，但行业标准建设相对滞后，就此双方围绕标准共建话题进行了深入交流。同时，双方还重点讨论了固态电池当前工艺瓶颈、中试难点及未来产业化节奏等行业热点话题。,,,,pending
陈忠伟院士&汪冬冬研究员ACS Energy Letters：配位化学调控实现四电子水系锌碘软包电池低温性能突破,深水科技咨询,深水科技咨询,"RIOnews API, 新材料, 电池材料, 碳, 高比能, 锂金属, 富锂锰, 前沿表征, 原位, 固态电池, 新型电池, 空气电池, 新型电解液, 电化学合成, 电催化, 钠离子电池, 钠电, 学术研究, 大学, 科学院, 研究所, 期刊",normal,2026-09-12T20:08:00+08:00,,科学材料站文 章 信 息配位化学调控实现低温水系锌碘软包电池稳定四电子氧化还原反应第一作者：陈玉峰通讯作者：汪冬冬，陈忠伟单位：中国科学院大连化学物理研究所科学材料站研 究 背 景随着大规模储能需求的快速增长，水系锌碘（Zn||I2）电池因其锌资源丰富、本征安全性高以及碘正极多电子反应潜力而备受关注。传统两电子（I-/I0）反应理论容量仅为211 mAh g-1，而四电子（I-/I0/I+）机制可将其提升至422 mAh g-1，并显著提高工作电压。然而，四电子化学面临严峻挑战：高价碘（I+）转化动力学缓慢且易发生水解；多碘化物溶解引发严重的穿梭效应；同时，在低温环境下，自由水冻结及电解液黏度,http://mp.weixin.qq.com/s?__biz=MzI2NTI1Njk5Mw==&mid=2247634524&idx=4&sn=d1ec959ef344df9a28d2b906933dbcb3,,科学材料站文 章 信 息配位化学调控实现低温水系锌碘软包电池稳定四电子氧化还原反应第一作者：陈玉峰通讯作者：汪冬冬，陈忠伟单位：中国科学院大连化学物理研究所科学材料站研 究 背 景随着大规模储能需求的快速增长，水系锌碘（Zn||I2）电池因其锌资源丰富、本征安全性高以及碘正极多电子反应潜力而备受关注。传统两电子（I-/I0）反应理论容量仅为211 mAh g-1，而四电子（I-/I0/I+）机制可将其提升至422 mAh g-1，并显著提高工作电压。然而，四电子化学面临严峻挑战：高价碘（I+）转化动力学缓慢且易发生水解；多碘化物溶解引发严重的穿梭效应；同时，在低温环境下，自由水冻结及电解液黏度,"科学材料站文 章 信 息配位化学调控实现低温水系锌碘软包电池稳定四电子氧化还原反应第一作者：陈玉峰通讯作者：汪冬冬，陈忠伟单位：中国科学院大连化学物理研究所科学材料站研 究 背 景随着大规模储能需求的快速增长，水系锌碘（Zn||I2）电池因其锌资源丰富、本征安全性高以及碘正极多电子反应潜力而备受关注。传统两电子（I-/I0）反应理论容量仅为211 mAh g-1，而四电子（I-/I0/I+）机制可将其提升至422 mAh g-1，并显著提高工作电压。然而，四电子化学面临严峻挑战：高价碘（I+）转化动力学缓慢且易发生水解；多碘化物溶解引发严重的穿梭效应；同时，在低温环境下，自由水冻结及电解液黏度增加导致离子电导率骤降、反应能垒升高，使得电池在零度以下几乎无法工作。现有低温电解液策略（如高盐、有机共溶剂等）往往只能单一改善锌负极动力学或稳定碘正极，难以同时解决双电极的耦合难题，更缺乏能在低温下维持四电子反应的长寿命软包电池验证。因此，开发一种能够同步破坏水氢键网络、加速锌离子传输并配位稳定碘物种的多功能电解液，是实现耐低温、高能量密度水系锌碘电池的关键。科学材料站文 章 简 介近日，中国科学院大连化学物理研究所的陈忠伟院士和汪冬冬研究员，在国际知名期刊 ACS Energy Letters 上发表题为“Tailoring Coordination Chemistry for Robust Four-Electron Redox in Aqueous Zinc-Iodine Pouch Cells at Low Temperature”的研究论文。该工作报道了一种基于盐酸胍（GuHCl）添加剂的抗冻电解液工程策略，通过离子-偶极和配位相互作用的协同，实现了低温下四电子锌碘电池正负极界面的双重稳定。GuH+凭借强静电作用破坏自由水的四面体氢键网络，抑制电解液凝固并提升Zn2+低温传输动力学；同时，GuH+与多碘化物及ICl2-中间体发生强配位作用，有效锚定活性碘物种，抑制穿梭效应和I+水解，从而激活了可逆的I-/I0/I+转化。基于该设计，Zn||I2软包电池在-40°C下稳定循环1100次（平均库仑效率99.8%），并在-60°C极端低温中保持70%的室温容量，其容量-温度-寿命综合性能超越了大多数已报道的低温锌金属软包电池。该工作为开发耐低温、高能量密度水系电池提供了可行的电解液设计思路。图1 | 潜在添加剂的设计策略与筛选原则。 (a) 不同阳离子的氢键距离。(b) 含有不同阳离子的水溶液的差示扫描量热（DSC）曲线。(c) 自由水的氢键网络受到 GuH+ 引入的干扰示意图。(d) 各种阳离子与 I3- 的结合能。插图为阳离子-I3- 结构的静电势（ESP）映射图。(e) GuH+ 与多碘化物及 ICl2- 阴离子之间配位作用的示意图。(f) GuHCl 添加剂对提升比容量和四电子氧化还原动力学的影响。插图为 Zn(ClO4)2/NaCl 和 Zn(ClO4)2/GuHCl 中配位形式的静电势（ESP）映射图首先，通过DFT计算比较不同阳离子对水分子间氢键的影响，发现GuH+能够显著拉长H2O-H2O氢键距离，说明其具有较强的氢键网络破坏能力；结合DSC结果，进一步证明GuH⁺能够有效降低水系电解液的凝固温度。另一方面，GuH+中的正电性-NH2+基团能够与I3-、I5-等多碘化物形成配位/静电作用，从而抑制多碘化物穿梭。同时，GuH+还能与ICl2-形成较强的GuH-ICl₂配位结构，稳定高活性的I+物种并抑制I+水解。为后续低温四电子Zn||I2反应提供理论基础。图2 | 氢键结构的理论与实验分析。(a) Zn(ClO4)2/H2O 和 (b) Zn(ClO4)2/GuHCl 在 2900 至 3900 cm-1 范围内的拉曼光谱。(c) 根据拟合的拉曼曲线计算的不同电解液中各类氢键的比例。二维低场核磁共振 (LF-NMR) T1-T2 弛豫谱：(d) 纯水、(e) Zn(ClO4)2/H2O 和 (f) Zn(ClO4)2/GuHCl。(g) 纯水与不同电解液的 SAXS 曲线。不同电解液中 H2O-H2O 氢键的分子动力学 (MD) 模拟结果：(h) 数量、(i) 距离和 (j) 角度。(k) 不同结构中 O 原子周围的配位物种及数量。(l) 不同电解液中 H2O 分子的模拟均方位移 (MSD)首先，Raman光谱表明，引入GuHCl后水的O-H伸缩振动发生蓝移，且强氢键比例下降、弱氢键比例增加，说明原有的水分子氢键网络被明显削弱。进一步通过LF-NMR分析发现，GuHCl能够降低自由水比例，使更多水分子处于结合或受限状态。SAXS结果显示电解液内部的局域结构发生重组，表明离子与水之间形成新的相互作用网络。结合MD模拟可以进一步观察到水–水氢键数量减少，同时氢键距离增加、角度发生变化，证明GuH+通过离子-偶极作用破坏了水分子之间高度连续的氢键网络。图3 | 低温下锌负极反应动力学的加速与性能提升。(a) 电解液在 25 °C 至 –60 °C 温度范围内的离子电导率。(b) Zn(ClO4)2/H2O 和 Zn(ClO4)2/GuHCl 中锌沉积/剥离的 CV 曲线。(c) Zn(ClO4)2/H2O 和 Zn(ClO4)2/GuHCl 的 EXAFS 分析。(d) 基于 Zn||Zn 电池 EIS 数据得出的温度依赖型 DRT 图分布。(e) 在 Zn(ClO4)2/H2O 和 Zn(ClO4)2/GuHCl 测试体系中，SEI 峰和电荷转移峰的峰值最大值随温度变化的汇总。(f) Zn(ClO4)2/H2O 和 Zn(ClO4)2/GuHCl 中 Zn2+去溶剂化过程的阿伦尼乌斯曲线及活化能。(g) 不同电解液逐步去溶剂化过程中的能垒示意图。(h) Zn||Zn 对称电池在不同温度下的沉积/剥离曲线。(i) Zn||Zn 电池和 (j) Zn||Cu 电池在 -60 °C 和 0.1 mA cm-2 条件下使用 Zn(ClO4)2/H2O 和 Zn(ClO4)2/GuHCl 的循环性能首先，GuHCl体系在低温下仍保持较高的离子电导率。MD计算进一步显示Zn2+扩散得到增强。随后，通过Zn K-edge XANES和EXAFS发现GuHCl能够削弱Zn2+与溶剂分子之间的Zn-O配位，使平均Zn-O距离由1.526 Å增加至1.626 Å，表明Zn2+溶剂化结构得到弱化，更容易完成界面去溶剂化。EIS/DRT结果显示，GuHCl体系在25 ℃至-60 ℃范围内均具有更低的电荷转移阻抗和SEI阻抗。最终，这些结构和动力学优势转化为更加均匀、可逆的Zn沉积/剥离行为。图4 | 碘正极的快速四电子氧化还原动力学。(a) 使用不同电解液的 Zn||I2 全电池的 CV 曲线。(b) I+/I0 和 (c) I0/I- 还原峰在 25 °C 和 -60 °C 下的 Tafel 斜率。(d) 使用 Zn(ClO4)2/NaCl 和 Zn(ClO4)2/GuHCl 在 25 °C 和 -60 °C 下的电容与扩散贡献比例。(e) Zn(ClO4)2/NaCl 和 Zn(ClO4)2/GuHCl 中碘物种在氧化还原路径过程中的内聚能计算值。(f) GuH-ICI2 的质谱 (MS)。(g) 在 Zn(ClO4)2/GuHCl中，I2 正极在不同电位下的高分辨 I 3d XPS 谱图。使用 (h) Zn(ClO4)2/H2O和 (i) Zn(ClO4)2/GuHCl 的 Zn||I2 全电池在充放电过程中的原位拉曼光谱。I2正极在 (j) Zn(ClO4)2/H2O 和 (k) Zn(ClO4)2/GuHCl 中充电过程的原位紫外-可见光谱首先，CV结果显示普通Zn(ClO4)2/H2O体系基本无法激活高价碘反应，而NaCl虽然能够部分促进I0/I+转化，但反应动力学仍受到限制；GuHCl则表现出更高的峰电流和更低的极化。进一步的Tafel斜率分析表明，GuHCl能够降低I+/I0和I0/I-反应的电荷转移阻力。DFT计算显示GuH+与碘中间体的配位能够降低关键反应能垒；质谱进一步检测到GuH-ICl2物种，证明GuH⁺能够稳定I+相关中间体。同时，原位XPS、Raman和UV-vis等表征从不同角度观察到I-/I0/I+的连续价态变化，并证明多碘化物穿梭受到抑制。因此，GuH+稳定高价碘、抑制副反应并促进四电子转化的机制。图5 | Zn||I2全电池的低温性能提升。(a) 使用不同电解液的Zn||I2全电池在1C下的恒流充放电曲线。(b) 使用不同电解液的Zn||I2全电池在不同温度下的比容量。(c) 使用Zn(ClO4)2/GuHCl的Zn||I2全电池在不同温度下的充放电曲线。(d) 使用不同电解液的Zn||I2全电池在-60 °C下的循环性能及库仑效率。(e) 使用Zn(ClO4)2/GuHCl的Zn||I2软包电池在不同温度下的容量。(f) Zn||I2软包电池在-40 °C下的循环性能。(g) 已发表文献与本研究工作中锌金属软包电池在低温下的容量与循环寿命对比在Zn||I2全电池中，GuHCl体系能够充分激活I-/I0/I+四电子反应，相比普通电解液和NaCl体系表现出更高的容量、更低的极化以及更好的低温可逆性。在-60 ℃条件下，电池仍可获得约280 mAh g-1的容量，并保持室温容量约70%，说明四电子碘化学在极低温环境下仍能够有效进行。进一步的长循环测试表明，GuHCl体系在-60 ℃下可以实现长期稳定循环，而对照体系则快速发生容量衰减。最后，研究进一步拓展至大面积Zn||I2软包电池，在-40 ℃下实现约1100圈循环和99.8%的平均库仑效率，验证了该策略在实际器件尺度上的可行性。科学材料站本 文 要 点要点一：盐酸胍双重功能，同步调控双电极界面通过理论计算与实验筛选，确定GuHCl为高效多功能添加剂。GuH+一方面通过离子-偶极作用竞争破坏水的氢键网络，抑制低温凝固并提升离子电导率；另一方面，GuH+与多碘化物及ICl2-发生强配位，锚定活性碘物种，从而在低温下同时优化锌负极沉积/剥离与碘正极四电子反应界面。要点二：破坏氢键网络，实现超低凝固点电解液GuHCl使电解液凝固点降至-65.6°C，在-60°C仍保持液态。Raman、NMR、SAXS及MD模拟揭示了自由水比例下降、强氢键减少、无序度增加，显著抑制冰晶形成。同时，Zn2+扩散系数和迁移数提升，去溶剂化能降低，保障了低温下高效的锌沉积动力学。要点三：配位稳定高价碘，激活低温四电子反应GuH+的-NH2+基团与ICl2-形成GuH-ICl2配位复合物，有效抑制I+水解，并通过降低I0/I+的转化能垒，促进快速、可逆的I-/I0/I+四电子过程。原位光谱与质谱直接证实了I+物种的稳定存在与高效转化。要点四：突破低温软包，验证实用化潜力得益于电解液工程，Zn||I2软包电池在-40°C完成1100次循环（平均CE 99.8%），在-60°C仍可提供100 mAh的放电容量。该工作实现了低温、高容量与长寿命的罕见平衡，为下一代耐低温水系锌碘储能电池的实用化铺平了道路。科学材料站文 章 链 接Tailoring Coordination Chemistry for Robust Four-Electron Redox in Aqueous Zinc-Iodine Pouch Cells at Low Temperaturehttps://doi.org/10.1021/acsenergylett.6c02218科学材料站通 讯 作 者 简 介陈忠伟，男，1975年生于浙江省。研究员、博士生导师，加拿大皇家科学院院士、加拿大工程院院士，国际电化学能源科学院（IAOEES）副主席。现任能源催化转化全国重点实验室主任、中国科学院大连化学物理研究所动力电池与系统研究部部长。陈忠伟致力于电化学能源催化转化与储存领域的研究。率先开展了一维纳米贵金属燃料电池催化剂的系统性研究，开创性的提出和设计“动态催化”双功能催化剂并成功应用于兆瓦级锌空气电池；提出“限域表界面”催化新概念，设计了高催化活性、高选择性和持久稳定性的催化剂，取得了国际认可的原创性和系统性成果。在重要学术刊物上发表论文450余篇，其中Nat. Energy 3篇、Nature Nanotech. 1篇、Nat. Rev. Mater. 1篇、PNAS 1篇、J. Am. Chem. 8篇、Angew. Chem. Int. Ed. 18篇、Nat. Commun. 11篇、Adv. Mater. 26篇、Chem. Soc. Rev. 5篇、Chem. Rev. 1篇，被引45000多次，H因子达111，著作3部，申请/授权专利90余项，任中国化学会Renewables期刊主编，Royal Society of Chemistry -Energ. Environ. Book Series主编，曾任ACS Appl. Mater. Interfaces副主编。陈忠伟曾连续五年被评为“年度高被引科学家”，全世界TOP100,000科学家、加拿大清洁能源先进材料领域资深首席科学家（Tier I）、加拿大皇家学会杰出青年学院成员、全球能源科学与工程领域高被引学者、2018年卢瑟福纪念奖章、国际电化学能源科学卓越奖、加拿大最高国家科技奖、加拿大创新基金会领袖机遇基金奖等国际奖项。汪冬冬，中国科学院大连化学物理研究所研究员，博士生导师，入选中国科学院专项人才项目、大连化物所“张大煜青年学者”及辽宁省兴辽英才计划。申请人主要专注于动力及储能电池体系及其功能电解液基础研究与开发，具体涵盖：(1) 下一代锂/钠电池新型功能电解液体系探索开发及基础科学问题研究；(2) 高比能锂金属动力电池在极端领域应用下的新型电解液开发（包括宽温域、快充、高电压等）；(3) 高安全、低成本、高电压水系锌离子储能电池。近五年来，以第一/通讯作者在Nat. Commun., J. Am. Chem. Soc., Angew. Chem. Int. Ed., Adv. Mater.等高水平期刊发表学术论文30余篇，申请发明专利15件。承担国家自然科学基金委青年科学基金等项目。担任Materials Report Energy、Renewables等期刊的青年编委。科学材料站第 一 作 者 简 介陈玉峰，男，博士，山东大学化学与化工学院，目前在大连化学物理研究所进行联合培养。科学材料站课 题 组 招 聘动力电池与系统研究部隶属于能源催化转化全国重点实验室，以加拿大皇家科学院和加拿大工程院陈忠伟院士为核心组建的高水平创新研究团队。动力电池与系统研究部面向国家在能源革命中对低成本、高容量、高安全性、高便利性的新型电池技术的重大需求，聚焦动力电池领域的关键科学与技术问题，开展电化学、能源、材料、人工智能等多学科交叉融合的创新研究。研究方向包含高比能/高比功率锂基电池、高安全性钠离子电池、低成本锌空气/锌离子电池、固态电池、燃料电池、二氧化碳电催化转化、人工智能电池管理。主要围绕催化剂创新创制、电池材料开发、电池工作机制探究、新型电池结构设计、储能方法学研究、人工智能电池管理系统开发、工艺工程以及产业化开发等核心问题，开展包括基础研究、应用技术研发和产业化示范在内的系统性全链条式的研究工作。文章来源：科学材料站《固态电池行业技术发展与市场投资前景分析》《钠离子电池技术发展与产业前景研究报告》《富锂锰基动力电池产业研究及其市场前景分析》《中国全固态薄膜电池和全固态超级电容器技术与市场调研报告》《中国高能量高功率锂离子电池负极材料技术发展与市场投资规划报告》▲以上报告由深水科技咨询制作 咨询电话：***********随着大规模储能需求的快速增长，水系锌碘（Zn||I2）电池因其锌资源丰富、本征安全性高以及碘正极多电子反应潜力而备受关注",,,,pending
中国计量大学宗泉&中南大学潘安强最新AEM综述：水系锌离子电池从实验室迈向应用的挑战与策略,深水科技咨询,深水科技咨询,"RIOnews API, 新材料, 隔膜, 粘结剂, 高比能, 无负极, 富锂锰, 凝胶, 前沿表征, 原位, 工况, 固态电池, 钠离子电池, 合作进展, 投资, 合作, 学术研究, 大学, 教授, 期刊, 技术进展, 技术突破, 界面改性",normal,2026-09-12T20:08:00+08:00,,科学材料站文 章 信 息水系锌离子电池从实验室迈向应用的挑战与策略第一作者：徐迪闻通讯作者：宗泉，潘安强单位：中国计量大学，中南大学科学材料站研 究 背 景随着太阳能、风能等可再生能源的快速发展，低成本、高安全的大规模储能需求日益迫切。锂离子电池受资源成本、有机电解液安全风险制约，难以适配电网级储能场景。水系锌离子电池凭借高安全、低成本、高理论容量等优势被认为是下一代大规模储能最有前途的候选者之一，尽管近年来在材料设计与界面化学领域已取得诸多研究进展，但实验室规模的技术突破与产业化应用需求之间仍存在显著差距，持续制约着其实际落地部署，该研究领域缺乏面向实际应用的系统性梳理。科学材料站文 章 简,http://mp.weixin.qq.com/s?__biz=MzI2NTI1Njk5Mw==&mid=2247634524&idx=3&sn=7ad5a3cced70a9b573fb2571d8760e53,,科学材料站文 章 信 息水系锌离子电池从实验室迈向应用的挑战与策略第一作者：徐迪闻通讯作者：宗泉，潘安强单位：中国计量大学，中南大学科学材料站研 究 背 景随着太阳能、风能等可再生能源的快速发展，低成本、高安全的大规模储能需求日益迫切。锂离子电池受资源成本、有机电解液安全风险制约，难以适配电网级储能场景。水系锌离子电池凭借高安全、低成本、高理论容量等优势被认为是下一代大规模储能最有前途的候选者之一，尽管近年来在材料设计与界面化学领域已取得诸多研究进展，但实验室规模的技术突破与产业化应用需求之间仍存在显著差距，持续制约着其实际落地部署，该研究领域缺乏面向实际应用的系统性梳理。科学材料站文 章 简,科学材料站文 章 信 息水系锌离子电池从实验室迈向应用的挑战与策略第一作者：徐迪闻通讯作者：宗泉，潘安强单位：中国计量大学，中南大学科学材料站研 究 背 景随着太阳能、风能等可再生能源的快速发展，低成本、高安全的大规模储能需求日益迫切。锂离子电池受资源成本、有机电解液安全风险制约，难以适配电网级储能场景。水系锌离子电池凭借高安全、低成本、高理论容量等优势被认为是下一代大规模储能最有前途的候选者之一，尽管近年来在材料设计与界面化学领域已取得诸多研究进展，但实验室规模的技术突破与产业化应用需求之间仍存在显著差距，持续制约着其实际落地部署，该研究领域缺乏面向实际应用的系统性梳理。科学材料站文 章 简 介近日，来自中国计量大学的宗泉与中南大学的潘安强教授合作，在顶级学术期刊Advanced Energy Materials上发表综述论文“Challenges and Design Strategies Toward Aqueous Zinc-Ion Batteries Beyond Laboratory”。该综述从能量密度、快充性能、循环稳定性及宽温适应性四大核心维度，系统剖析了限制水系锌离子电池实际应用的关键瓶颈，深入阐述了各类挑战背后的主要制约因素及其物理化学本质；随后围绕正极材料设计、锌负极界面调控、电解液组分优化及隔膜功能改性四大技术方向，梳理了针对性的解决策略与研究进展，为该技术的材料研发与工程化落地提供了清晰的理论指引与发展方向。图1. 水系锌离子电池实际应用的挑战和进展的示意图科学材料站本 文 要 点要点一：水系锌离子电池实际应用的核心瓶颈水系锌离子电池从实验室走向实际应用面临多重核心瓶颈，能量密度上受水的窄电化学稳定窗口本征限制，正极材料工作电压与可逆容量提升困难，同时器件层面普遍存在实验室测试与工业需求的参数鸿沟，低正极负载、过量锌负极与电解液的理想条件大幅高估了实际性能，而高负载正极、薄锌负极、贫电解液的实际工况会引发离子传输阻滞、活性物质利用率不足、界面副反应加剧等问题，进一步制约能量密度提升。图2：a)水的Pourbaix图。b)典型正极的工作电位。c)典型正极的理论容量。d)电池组件。e)各种成分的比例。f)高负载量正极的关键问题。g)高DOD下活性Zn的消耗；h)电极润湿性示意图。i)Zn阳极的副反应快充性能受限于Zn2+的强溶剂化效应与高脱溶剂化能垒，结合正极固相扩散动力学迟缓、转换型反应结构重构能垒较高的特性，高电流下浓差极化与反应不均显著，倍率性能难以满足实际需求；循环寿命方面，正极活性物质在弱酸性水系环境中易发生溶解，界面绝缘副产物持续堆积，反复的Zn2+嵌脱还会引发晶格应变、结构坍塌与相变，锌负极则同时面临枝晶生长、析氢反应、表面腐蚀的耦合退化效应，叠加含氟粘结剂等辅材对离子传输的阻碍，共同导致电池容量快速衰减。图3：a)离子传输示意图。b)电极的电子导电性。c)体相正极材料中的多种离子通路。d)溶解示意图。e)钒氧化物的pH-log[V5+]图。f)副产物和g)相变示意图。h)Zn阳极枝晶、析氢和腐蚀宽温适应性上，高温会加速电解液蒸发、副反应与正极溶解，低温则增大电解液黏度、提升离子脱溶剂化能垒、阻滞固相扩散，极端温度下电池性能均快速劣化，难以适配大规模储能的户外复杂工况。图4：在高温和低温下对水系锌离子电池的阴极、电解质和阳极的挑战要点二：优化策略针对上述挑战，当前研究围绕正极、锌负极、电解液、隔膜四大组件开展协同优化，正极层面通过杂原子掺杂、高价离子预嵌入、强电负性阴离子调控等策略提升氧化还原电位与容量，结合氧空位缺陷工程、层间距调控改善离子传输动力学，并采用表面包覆、异质界面轨道杂化、多级多孔电极架构等手段，同步提升高负载条件下的结构稳定性与反应速率；锌负极通过功能涂层、晶面取向调控优化超薄锌箔的界面稳定性与锌利用率，发展三维多孔导电骨架、锌粉复合电极均匀化局部电流与离子通量，甚至通过集流体界面改性构建无负极体系，最大程度降低惰性锌的质量占比；电解液工程采用盐包水、深共晶溶剂体系拓宽电化学稳定窗口与工作温域，借助微量功能添加剂、高熵多组分设计调控Zn2+溶剂化结构与界面反应，同时发展水凝胶电解质适配柔性、可穿戴等特殊应用场景；隔膜则通过超薄化设计降低非活性组分占比以提升能量密度，通过表面功能化改性、生物质基材料开发调控离子传输行为、均匀锌沉积，同时兼顾制造成本与环境友好性，通过全电池各组件的协同设计推动水系锌离子电池向产业化落地。要点三：启示与展望水系锌离子电池的现实应用要立足未来发展，首先需要建立标准化评价体系，统一测试指标，推动研究从扣式电池向软包电池过渡，规避实验室理想条件带来的性能高估，实现成果之间可横向对比；其次要跳出单材料研究思维，重视全电池多组分耦合作用，借助原位同步辐射、冷冻电镜等先进表征结合理论模拟，解析全电池真实失效机理；同时不能忽视集流体、粘结剂等非活性辅材，聚焦低成本、可规模化制造工艺，开展全系统协同优化；除此以外，还需持续解决析氢产气、极端工况热稳定等安全问题，兼顾电池回收与环境效益，在电化学性能、成本、安全性、可量产性及可持续性之间取得综合平衡，以此推动水系锌离子电池的商业化落地。图5：实用性水系ZIBs的开发与展望科学材料站文 章 链 接Challenges and Design Strategies Toward Aqueous Zinc-Ion Batteries Beyond Laboratoryhttps://doi.org/10.1002/aenm.71454文章来源：科学材料站《固态电池行业技术发展与市场投资前景分析》《钠离子电池技术发展与产业前景研究报告》《富锂锰基动力电池产业研究及其市场前景分析》《中国全固态薄膜电池和全固态超级电容器技术与市场调研报告》《中国高能量高功率锂离子电池负极材料技术发展与市场投资规划报告》▲以上报告由深水科技咨询制作 咨询电话：***********随着太阳能、风能等可再生能源的快速发展，低成本、高安全的大规模储能需求日益迫切。,,,,pending
西北工业大学Angew:新型甲醛-臭氧电池：同步实现有害污染物无害化处理与产电,电催化科研社,电催化科研社,"RIOnews API, 电化学合成, 电催化, 电合成",normal,2026-09-12T19:10:36+08:00,,一、全文速览针对甲醛、臭氧两类常见难降解污染物传统去除技术存在的效率偏低、伴随二次碳排放或能耗较高的行业痛点，本研究首次提出了一种全新的甲醛-臭氧电池体系，通过耦合阳极甲醛氧化反应与阴极臭氧还原反应，在实现两类 hazardous 污染物高效无害化处置的同时同步输出电能。研究团队分别采用富缺陷氮掺杂碳材料NC-Cl作为阴极臭氧还原催化剂、CuAg复合材料作为阳极甲醛氧化催化剂，制备得到的实验室原型电池开路电压可达1.80V，峰值功率密度达到44.3 mW cm⁻²。面向实际应用场景，研究团队进一步开发了电极面积25 cm²的放大版电池，在模拟废水和模拟含臭氧废气的工况下，实现了99.1%的甲醛,http://mp.weixin.qq.com/s?__biz=MzI4MTE2MjIxOQ==&mid=2650307555&idx=1&sn=1392b9c0ee906027ff5254b21ee6ce22,,一、全文速览针对甲醛、臭氧两类常见难降解污染物传统去除技术存在的效率偏低、伴随二次碳排放或能耗较高的行业痛点，本研究首次提出了一种全新的甲醛-臭氧电池体系，通过耦合阳极甲醛氧化反应与阴极臭氧还原反应，在实现两类 hazardous 污染物高效无害化处置的同时同步输出电能。研究团队分别采用富缺陷氮掺杂碳材料NC-Cl作为阴极臭氧还原催化剂、CuAg复合材料作为阳极甲醛氧化催化剂，制备得到的实验室原型电池开路电压可达1.80V，峰值功率密度达到44.3 mW cm⁻²。面向实际应用场景，研究团队进一步开发了电极面积25 cm²的放大版电池，在模拟废水和模拟含臭氧废气的工况下，实现了99.1%的甲醛,"一、全文速览针对甲醛、臭氧两类常见难降解污染物传统去除技术存在的效率偏低、伴随二次碳排放或能耗较高的行业痛点，本研究首次提出了一种全新的甲醛-臭氧电池体系，通过耦合阳极甲醛氧化反应与阴极臭氧还原反应，在实现两类 hazardous 污染物高效无害化处置的同时同步输出电能。研究团队分别采用富缺陷氮掺杂碳材料NC-Cl作为阴极臭氧还原催化剂、CuAg复合材料作为阳极甲醛氧化催化剂，制备得到的实验室原型电池开路电压可达1.80V，峰值功率密度达到44.3 mW cm⁻²。面向实际应用场景，研究团队进一步开发了电极面积25 cm²的放大版电池，在模拟废水和模拟含臭氧废气的工况下，实现了99.1%的甲醛转化率与99.97%的臭氧转化率，为同步协同治理两类污染物提供了一种低能耗、可持续的全新技术路径。二、背景介绍随着全球城镇化与工业化进程推进，近地面臭氧已经成为一类广泛分布的难降解大气污染物，这类污染物主要来源于工业过程、机动车排放与家庭活动产生的挥发性有机物和氮氧化物的光化学反应。凭借极强的氧化特性，臭氧会引发人体呼吸系统损伤、心血管疾病与氧化应激反应，严重威胁公众健康与生态可持续性。世界卫生组织规定环境臭氧8小时平均限值为100 μg/m³（约51 ppb），但在人口密集的城市与工业区，该阈值长期处于被突破的状态。目前主流的臭氧去除技术包括活性炭吸附、化学吸附、热催化分解、紫外驱动光催化等，普遍存在吸附剂快速饱和、二次污染生成、湿度诱导失活、能量投入高等缺陷。而在众多挥发性有机物中，甲醛既是臭氧生成的关键前体物，可通过光化学循环在对流层中促进臭氧积累，加剧区域大气复合污染，同时本身也被列为B1类人类致癌物，和鼻咽癌、白血病以及多种呼吸系统疾病的发病高度相关。现有甲醛处理技术如物理吸附、化学氧化与生物降解，也普遍存在能耗高、吸附容量有限、伴随二次CO₂排放等问题。研究人员注意到，碱性条件下臭氧还原反应的标准电极电位可达2.03 V vs RHE，甲醛氧化反应的标准电极电位仅为-0.22 V，二者理论电位差可达2.25 V，这一巨大的电势差为构建自驱动的甲醛-臭氧电池体系提供了理论基础，但在此之前该类功能电池的相关探索始终处于空白状态。三、研究内容与亮点本研究的核心创新点首次完成了甲醛-臭氧电池的体系构建，将阳极甲醛氧化与阴极臭氧还原两个反应整合到同一装置中，在无害化处理两种污染物的同时，将二者转化为高附加值的甲酸盐与清洁氧气，同步实现电能输出，打破了传统污染物治理过程中需要额外投入大量能耗的常规路径。在催化材料层面，研究团队采用卤化物介导的热解策略制备了系列氮掺杂碳臭氧还原催化剂，其中以氯化钠为卤源合成的NC-Cl催化剂拥有丰富的碳缺陷，其sp³/sp²碳比值达到0.55，代表碳晶格无序度的I_D1/I_G比值为3.11%，反映C6环畸变的D3波段占比达28.54%，各项缺陷相关参数均显著高于未添加卤源合成的纯NC催化剂、以及以溴化钠为卤源合成的NC-Br催化剂，也优于商用Pt/C催化剂的综合性能。在O3饱和的1 M KOH水溶液中，NC-Cl的臭氧还原起始电位约为1.02 V，半波电位达0.85 V，0.84 V下的动力学电流密度可达7.09 mA cm⁻²，在基于气体扩散电极的流动池测试中，0 V电位下即可实现271.7 mA cm⁻²的极高电流密度，并且在50 mA cm⁻²的恒定电流下可以维持120小时无明显电位衰减，催化稳定性表现优异。阳极侧则采用生长在泡沫铜上的自支撑CuAg 3:7复合材料作为甲醛氧化催化剂，保障阳极反应的高效稳定进行。在器件性能层面，所制备的甲醛-臭氧电池开路电压可达1.80 V，大幅高于甲醛-氧气电池的0.97 V，也远高于已报道的甲醛-硝酸盐类功能电池的开路电压（普遍低于0.9 V）；其峰值功率密度达到44.3 mW cm⁻²，同样显著优于对比体系的33.8 mW cm⁻²和甲醛-硝酸盐电池不足13 mW cm⁻²的水平。在10 mA cm⁻²的恒定电流下持续放电60小时，电池电压几乎无衰减，阳极甲酸盐的法拉第效率始终维持在95%以上，同时阴极氧气的法拉第效率超过98%，阳极析氢的法拉第效率超过99%，产物选择性和运行稳定性都表现优异。面向实际应用的放大测试中，25 cm²的大尺寸电池在包含50 mM甲醛的模拟废水和包含100 ppm臭氧的模拟废气工况下运行，最高可实现99.97%的臭氧转化率，出口残留臭氧浓度仅30 ppb，远低于世界卫生组织规定的51 ppb限值；当放电电流升至400 mA时，甲醛转化率可达99.1%，处理后废水中残留甲醛浓度仅0.55 mM。同时该体系在20%-80%的宽相对湿度区间内可维持90.3%以上的臭氧去除效率，在30-100 ppm臭氧浓度区间、30-60 mM甲醛浓度区间内也能分别实现99.2%和98.3%以上的污染物去除率。在100 mA的恒定电流下连续30小时放电测试，电池始终保持稳定的放电电压，甲醛转化率维持在95%，臭氧转化率维持在99.8%，完全满足实际工况下长期运行的要求。对照空白体系、无催化剂气体扩散电极、开路控制组的臭氧去除效率均不足5%，证实该体系的污染物降解完全由电化学法拉第臭氧还原路径驱动，并非自发化学分解或者物理传质作用的结果。四、图文解析文中的图1清晰展示了甲醛-臭氧电池的功能原理示意图，直观呈现了两个电极的反应路径与装置的运行逻辑。图2集中呈现了阴极NC-Cl催化剂的结构表征与电催化性能数据：其中a为NC-Cl的透射电镜图，验证了其纳米片状特征形貌；b对比了三种氮掺杂碳材料的sp³/sp²碳比值，直接证实NC-Cl拥有最多的碳缺陷位点；c通过拉曼光谱参数进一步佐证了NC-Cl更高的晶格无序度与碳环畸变程度；d到h则完整展示了系列催化剂在旋转圆盘电极、流动池体系中的臭氧还原线性扫描伏安曲线、半波电位对比、臭氧还原与氧还原性能差异，以及长周期稳定性测试结果，完整支撑了NC-Cl的优异催化活性与耐久性。图3呈现了完整甲醛-臭氧电池的放电性能：不同反应物添加后的开路电压变化直观体现了甲醛和臭氧对电池输出性能的贡献；电池与甲醛-氧气电池、已报道甲醛-硝酸盐功能电池的性能对比数据，清晰证明了甲醛-臭氧电池的性能优势；不同电流密度下的放电电压、甲酸盐法拉第效率，以及长时间放电稳定性结果，验证了该器件稳定运行的可靠性与产物的高选择性。图4展示了25 cm²大尺寸电池在模拟污染物废气流中的实际运行表现：开路电压、放电与功率密度曲线、不同电流下的两种污染物转化率与残余浓度、30小时长周期放电稳定性数据，充分证明该技术具备落地应用的可行性。五、总结与展望本研究构建的甲醛-臭氧电池，跳出了传统污染物治理过程中需要额外消耗大量能源实现污染物降解的思路框架，以两种污染物作为反应原料，在完成无害化处理的同时同步输出电能，还可同步生成高附加值的甲酸盐、氢气与氧气，将污染物处置和电合成过程结合起来。该技术既为传统高能耗、高成本、低效率的空气与水体协同净化策略提供了替代方案，也为集成电合成与发电的功能型电化学设备开发开辟了全新的研究方向。从现有测试结果来看，该体系对不同湿度、不同污染物浓度的工况都有较好的适应性，长期运行稳定性优异，在工业有机废气治理、含甲醛废水处理的联用场景中具备可观的应用潜力。后续围绕该体系的结构优化、规模化放大的成本控制，有望进一步推动其实际工程落地。原文信息S. An, L. Li, and J. He, et al.,Formaldehyde-Ozone Battery for the Detoxification of Hazardous Wastes and Electricity Generation, Angewandte Chemie International Edition (2026): e5881961, https://doi.org/10.1002/anie.5881961.声明：本文内容用于科研进展分享，详细内容请参考原文，如有侵权，请联系后台小编删除。西北工业大学Angew:新型甲醛-臭氧电池：同步实现有害污染物无害化处理与产电",,,,pending
【Nature重磅】厦门大学：机器学习分子动力学揭示非平衡电双层动态演化,AI赋能材料,AI赋能材料,"RIOnews API, 工具方法, 机器学习, AI",normal,2026-09-12T18:00:00+08:00,,Ai赋能材料—————————————————— DOI：https://doi.org/10.1038/s41586-026-10986-7 文献分析工具: 科应全球文献AI平台(www. scienceing. com) 点击左下角可阅读原文培训与学习【计算】Adv. Mater.｜伍伦贡大学/天津工业大学/安徽师范大学/西南大学：手性交错磁磁电体【计算】Nano Lett.｜山大团队纯计算工作：线偏振光在非磁性范德华异质双层实现光致磁化【Nano Lett.计算】新疆大学 & 北理工联合攻关！构筑二维自旋反铁电交错磁体并实现巨自旋劈裂【计算】PRL｜山东大学张力舒团队：解析 RuO₂轨道,http://mp.weixin.qq.com/s?__biz=Mzg4OTc1MzY5Mw==&mid=2247511007&idx=1&sn=37923305dc6ebdc5441ce485910bd832,,Ai赋能材料—————————————————— DOI：https://doi.org/10.1038/s41586-026-10986-7 文献分析工具: 科应全球文献AI平台(www. scienceing. com) 点击左下角可阅读原文培训与学习【计算】Adv. Mater.｜伍伦贡大学/天津工业大学/安徽师范大学/西南大学：手性交错磁磁电体【计算】Nano Lett.｜山大团队纯计算工作：线偏振光在非磁性范德华异质双层实现光致磁化【Nano Lett.计算】新疆大学 & 北理工联合攻关！构筑二维自旋反铁电交错磁体并实现巨自旋劈裂【计算】PRL｜山东大学张力舒团队：解析 RuO₂轨道,Ai赋能材料—————————————————— DOI：https://doi.org/10.1038/s41586-026-10986-7 文献分析工具: 科应全球文献AI平台(www. scienceing. com) 点击左下角可阅读原文培训与学习【计算】Adv. Mater.｜伍伦贡大学/天津工业大学/安徽师范大学/西南大学：手性交错磁磁电体【计算】Nano Lett.｜山大团队纯计算工作：线偏振光在非磁性范德华异质双层实现光致磁化【Nano Lett.计算】新疆大学 & 北理工联合攻关！构筑二维自旋反铁电交错磁体并实现巨自旋劈裂【计算】PRL｜山东大学张力舒团队：解析 RuO₂轨道与自旋霍尔效应共存机制及可调控特性【计算】J. Am. Chem. Soc.｜东南大学王金兰、周跫桦、李强团队：多源迁移学习助力甲烷 C-H 键活化催化剂挖掘来源：AI-电化学家注：本公众号秉持学术交流宗旨，所推送内容仅供学习研讨，非商业用途。诚邀材料与人工智能领域的专家学者赐稿，分享“AI+材料”前沿研究成果！本平台对转载、分享的内容、陈述及观点保持中立，不对其准确性、可靠性或完整性提供任何明示或暗示的保证，读者请自行判断并参考，平台不因此承担任何责任。声明：公众号所发布的所有内容（包括文字、图片、视频等）来源于网络或用户投稿，版权归原作者所有。如涉及版权问题，我们将及时处理。投稿邮箱：ai_materials@163.com微信群聊：Ai+材料科研交流群加群方式：添加微信（FC***********），备注：单位-姓名-研究方向，审核后邀请入群编辑备注：2026.09.12 春博士成长营公众号丨AI赋能材料编辑丨春博士（chunboshi）编辑部信息READING BOOKS微信号丨曜忞微信号丨FC***********阅读原文本研究结合时间分辨光谱与机器学习模拟，揭示了强极化下双电层内层经历水分子取向重排与阳离子挤入脱水两阶段异步演化，并建立可压缩内层模型，修正了经典理论对非平衡态局部电场的描述偏差。,,,,pending
npj Comput. | 上海大学：突破等原子比约束的高熵合金AI设计与实验验证,AI赋能材料,AI赋能材料,"RIOnews API, 工具方法, AI",normal,2026-09-12T18:00:00+08:00,,Ai赋能材料——————————————————文献分析工具: 科应全球文献AI平台(www. scienceing. com)培训与学习【计算】Adv. Mater.｜伍伦贡大学/天津工业大学/安徽师范大学/西南大学：手性交错磁磁电体【计算】Nano Lett.｜山大团队纯计算工作：线偏振光在非磁性范德华异质双层实现光致磁化【Nano Lett.计算】新疆大学 & 北理工联合攻关！构筑二维自旋反铁电交错磁体并实现巨自旋劈裂【计算】PRL｜山东大学张力舒团队：解析 RuO₂轨道与自旋霍尔效应共存机制及可调控特性【计算】J. Am. Chem. Soc.｜东南大学王金兰、周跫桦、李强团队：多源迁,http://mp.weixin.qq.com/s?__biz=Mzg4OTc1MzY5Mw==&mid=2247511007&idx=2&sn=6ca3ef2d2d4b640302ace249617a4a2d,,Ai赋能材料——————————————————文献分析工具: 科应全球文献AI平台(www. scienceing. com)培训与学习【计算】Adv. Mater.｜伍伦贡大学/天津工业大学/安徽师范大学/西南大学：手性交错磁磁电体【计算】Nano Lett.｜山大团队纯计算工作：线偏振光在非磁性范德华异质双层实现光致磁化【Nano Lett.计算】新疆大学 & 北理工联合攻关！构筑二维自旋反铁电交错磁体并实现巨自旋劈裂【计算】PRL｜山东大学张力舒团队：解析 RuO₂轨道与自旋霍尔效应共存机制及可调控特性【计算】J. Am. Chem. Soc.｜东南大学王金兰、周跫桦、李强团队：多源迁,Ai赋能材料——————————————————文献分析工具: 科应全球文献AI平台(www. scienceing. com)培训与学习【计算】Adv. Mater.｜伍伦贡大学/天津工业大学/安徽师范大学/西南大学：手性交错磁磁电体【计算】Nano Lett.｜山大团队纯计算工作：线偏振光在非磁性范德华异质双层实现光致磁化【Nano Lett.计算】新疆大学 & 北理工联合攻关！构筑二维自旋反铁电交错磁体并实现巨自旋劈裂【计算】PRL｜山东大学张力舒团队：解析 RuO₂轨道与自旋霍尔效应共存机制及可调控特性【计算】J. Am. Chem. Soc.｜东南大学王金兰、周跫桦、李强团队：多源迁移学习助力甲烷 C-H 键活化催化剂挖掘来源：Metals Letters注：本公众号秉持学术交流宗旨，所推送内容仅供学习研讨，非商业用途。诚邀材料与人工智能领域的专家学者赐稿，分享“AI+材料”前沿研究成果！本平台对转载、分享的内容、陈述及观点保持中立，不对其准确性、可靠性或完整性提供任何明示或暗示的保证，读者请自行判断并参考，平台不因此承担任何责任。声明：公众号所发布的所有内容（包括文字、图片、视频等）来源于网络或用户投稿，版权归原作者所有。如涉及版权问题，我们将及时处理。投稿邮箱：ai_materials@163.com微信群聊：Ai+材料科研交流群加群方式：添加微信（FC***********），备注：单位-姓名-研究方向，审核后邀请入群编辑备注：2026.09.12 春博士成长营公众号丨AI赋能材料编辑丨春博士（chunboshi）编辑部信息READING BOOKS微信号丨曜忞微信号丨FC***********本研究首先以两个显著偏离等原子比的合金验证BCC和FCC单相预测，继而针对900 ℃抗氧化目标设计Co22Cr24Fe20Ni25Mo5Mn4，并以氧化动力学和多尺度表征检验其氧化膜演化,,,,pending
科迈罗 总经理 章少坤：从0到1标准化搭建，钠电PACK三十天快速达产方法论,起点钠电,起点钠电,"RIOnews API, 钠离子电池, 钠电, 产品发布, 发布, 发布会, 新品, 合作进展, 投资, 合作, 量产推进, 产能, 扩产, 下线, 产线设计",normal,2026-09-12T17:58:06+08:00,,当前，钠电产业链上下游企业纷纷加速产能布局、抢占市场份额，行业竞争已然从技术研发比拼转向量产落地速度。在这样的行业背景下，如何打通厂房规划、产线搭建、标准化管控、品质落地的全链路壁垒，实现钠电PACK产线从0到1的快速投产、稳定达产，成为众多企业规模化发展的核心痛点与核心竞争力。在8月28日举办的“2026第十一届起点钠电论坛暨全球钠电TOP排行榜发布会”上，科迈罗 总经理 章少坤 发表了《抢抓钠电机遇，推动PACK快速达产》主题演讲，围绕钠锂电PACK如何快速达产，落地前与落地过程中的关键步骤与环节，以及科迈罗的交付节奏和实际案例等展开深入分析与阐述。 图：科迈罗 总经理 章少坤项目落地：先,http://mp.weixin.qq.com/s?__biz=Mzg4NjgzMzg3NA==&mid=2247519252&idx=1&sn=b6168565f5bcc3c3a817b44e95d24deb,,当前，钠电产业链上下游企业纷纷加速产能布局、抢占市场份额，行业竞争已然从技术研发比拼转向量产落地速度。在这样的行业背景下，如何打通厂房规划、产线搭建、标准化管控、品质落地的全链路壁垒，实现钠电PACK产线从0到1的快速投产、稳定达产，成为众多企业规模化发展的核心痛点与核心竞争力。在8月28日举办的“2026第十一届起点钠电论坛暨全球钠电TOP排行榜发布会”上，科迈罗 总经理 章少坤 发表了《抢抓钠电机遇，推动PACK快速达产》主题演讲，围绕钠锂电PACK如何快速达产，落地前与落地过程中的关键步骤与环节，以及科迈罗的交付节奏和实际案例等展开深入分析与阐述。 图：科迈罗 总经理 章少坤项目落地：先,当前，钠电产业链上下游企业纷纷加速产能布局、抢占市场份额，行业竞争已然从技术研发比拼转向量产落地速度。在这样的行业背景下，如何打通厂房规划、产线搭建、标准化管控、品质落地的全链路壁垒，实现钠电PACK产线从0到1的快速投产、稳定达产，成为众多企业规模化发展的核心痛点与核心竞争力。在8月28日举办的“2026第十一届起点钠电论坛暨全球钠电TOP排行榜发布会”上，科迈罗 总经理 章少坤 发表了《抢抓钠电机遇，推动PACK快速达产》主题演讲，围绕钠锂电PACK如何快速达产，落地前与落地过程中的关键步骤与环节，以及科迈罗的交付节奏和实际案例等展开深入分析与阐述。 图：科迈罗 总经理 章少坤项目落地：先锁定三大前置核心条件章少坤指出，近几年钠电、锂电产业高速迭代，行业市场窗口期全面打开，各大企业都在全力抢抓市场机遇。而抢占先机的核心关键，就是实现产能快速落地、稳定投产。目前行业内多数客户的核心痛点，并非设备采购难题，而是全流程落地衔接不畅。从前期厂房规划、产线搭建，到中期人员配置、后期体系搭建与标准化管理，各个环节都容易出现卡点、延误进度。科迈罗深耕PACK智能装备领域多年，核心服务宗旨就是帮助客户打通全流程壁垒，实现产线快速达产、稳定量产。在项目落地实操中，科迈罗将整体交付周期拆解为三个十天的标准化推进阶段：首个十天完成产线整体规划与设备方案敲定，第二个十天完成设备进场调试与全员技能培训，第三个十天完成试产爬坡，最终实现稳定达产。只要各阶段流程稳步推进、规避疏漏，就能最大限度压缩周期，帮助客户快速盘活产能。而三个十天的高效落地，核心依托于三大前置基础条件，也是项目成功的关键前提。第一是场地规划。钠电、锂电PACK产线属于高能耗生产线，对厂房配套要求极高。不少客户前期筹备的核心难题，集中在供电不足、电容配置不达标等问题上。因此在项目初期，科迈罗会同步完成厂房全方位规划，涵盖场地面积适配、层高承重核验、水电气配套选型，以及物流通道、卸货平台的合理化布局，从源头规避场地配套不完善导致的设备进场、产线排布受阻等问题。第二是产品标准化定型。不同客户的电芯规格差异较大，方形、圆柱电芯适配的产品倍率、尺寸参数各不相同。科迈罗会基于客户的核心产品，结合PACK结构尺寸、施工图纸、技术参数、通讯协议、检测标准等全维度信息，协助客户建立专属、规范化的产品标准体系。只有产品标准先行敲定，后续产线设计、设备适配、生产工艺才能精准落地。第三是产能精准规划。科迈罗会结合客户的市场布局，明确产线目标日产能、生产班次排布，细化产能爬坡节奏，设定合理的良品率、设备综合效率（OEE）核心指标，同时提前预留后期扩产升级空间。简单来说，项目落地需遵循“先定场地、再定产品、最后定产能”的核心逻辑。流程顺序规范，才能避免后期反复整改、返工，大幅降低改造成本与时间成本。客户确认好三大前置条件后，科迈罗将同步启动整体规划与专项设计，全方位保障项目精准交付、高效落地。项目交付：抓实四大核心落地环节章少坤提到，在项目正式落地交付阶段，科迈罗始终遵循标准化推进逻辑，围绕标准、设施、人员、品质四大核心环节层层落地，保障项目高效、高质量交付。首先是标准搭建，这是量产落地的核心根基。多数客户熟悉自身产品特性，但对规模化量产的标准化体系缺乏经验。科迈罗依托多年行业实操经验，为客户搭建全套量产标准体系：从产品BOM清单冻结、核心工艺文件编制，到测试数据沉淀归档，夯实生产基础；同时完善全流程管理制度，涵盖各工位、管理岗位标准化作业指导书（SOP）、产品认证资料、设备年检保养规范、交接班与验收制度，以及生产异常、风险应急处理机制，实现生产全流程有章可循、有据可依。其次是设施落地，涵盖厂房配套与产线搭建两大板块。厂房端，科迈罗完成产线布局优化、场地承重层高适配、电力电容、水电气一体化配套搭建，同步落地整厂目视化管理体系，规范生产现场管理。产线端，科迈罗根据客户产能需求，精准敲定单机、整线配置方案，核算设备运行节拍与投入成本。目前科迈罗主推标准化、模块化产线模式，具备三大核心优势：产品品质稳定、交付周期更短，依托前期备货模式，有效压缩交付时长，同时帮助客户严控设备投入成本。更重要的是，模块化产线可快速复制，客户后期扩产、新增产线，无需从零规划，大幅提升扩产效率。再者是人员赋能。优质的设备与完善的体系，需要专业人员落地执行。科迈罗会为客户提供全套人员配置方案，优化岗位编制、搭建班组架构，同步开展安全生产规范培训、岗位技能认证、招聘指导等全维度服务，快速打造专业生产团队，保障产线稳定、高效运转。最后是品质管控，这是量产落地的核心底线。前期标准、设施、人员的所有投入，最终都需要靠品质体系兜底。科迈罗依托设备端在线检测功能，搭配EMS生产一体化管理系统，搭建IQC、IPQC、FQC四级全流程检测体系，实现钠电生产检测全覆盖；同时建立8D问题改善与产品全链路追溯机制，帮助客户在从0到1的量产搭建过程中规避生产风险、减少试错成本，持续优化产品良率。交付节奏与实战标杆案例章少坤表示，整套落地体系并非单一环节推进，而是多维度并行统筹、高效协同，形成了科迈罗标准化、高效率的交付节奏。目前科迈罗已实现成熟的三十天快速达产交付体系：项目启动5天内，完成技术协议、订单BOM双向确认定稿；10天内完成所有物料齐套备货；15天内设备组装调试完毕、发货进场；20天内完成全员设备操作、标准化作业培训及考核；25天启动小批量试产；30天实现稳定达产，完成整体项目交付。结合近期落地的标杆实战案例，更能直观体现科迈罗的交付能力。今年7-8月，科迈罗成功落地客户三条12PPM方形钠电PACK产线项目。项目7月1日正式签约，8月1日完成全部物料集中备料，8月7日实现设备成套联调到位，8月10日首批设备出货，8月15日三条产线设备全部交付完毕。整体20天完成现场产线搭建就位，8月24日完成设备调试与产品测试，助力客户顺利实现正式投产。本次项目由科迈罗70余人的专项团队全力攻坚，仅用25天就完成三条规模化产线的全流程落地，高效的交付速度、稳定的产品品质、完善的落地服务，获得了客户的高度认可。该案例充分印证，三十天快速达产的模式完全可落地、可复制，同时多条产线同步高效交付，也验证了科迈罗具备规模化、批量化的项目落地能力。未来，科迈罗将持续聚焦钠电PACK领域，以快速达产、品质稳定、成本可控、服务周全为核心优势，深耕一体化解决方案，全力成为行业客户值得信赖的一站式服务商，助力更多企业抢抓行业机遇、高效落地量产。关于科迈罗科迈罗光电技术有限公司成立于2015年，是一家专注于锂电、钠电及储能领域的国家高新技术企业、专精特新企业及创新型企业。公司聚焦激光智能装备与PACK智能产线的研发与制造，为客户提供从单机到整线的一体化解决方案。科迈罗光电已通过IS09001质量管理体系及知识产权管理体系认证，与深圳大学共建研究生联合培养基地，并与深圳职业技术学院开展校企合作。同时，公司担任光PECA光储充联盟常务理事单位、起点钠电联盟副秘书长单位，深度参与行业生态建设与标准制定，持续以技术创新推动新能源装备制造业高质量发展。一键三连「点赞」「转发」「小心心」欢迎关注起点钠电！— 完 —起点钠电交流群76-码上入群往期推荐:金钠科技:在手订单20GWh 超大圆柱钠电储能系统已成功下线 钠茅5号电池新品发布正力新能50GWh钠电池项目批复，总投资100亿元！“锂钠”混储风起 从强制配储到“强制配钠”点击阅读原文，即可报名参会！,,,,pending
技术迭代赋能规模扩张，钠电多元应用落地-2026第五届起点钠电年会11月盛大来袭！,起点钠电,起点钠电,"RIOnews API, 钠离子电池, 钠电, 钠电负极, 产品发布, 发布, 新品, 亮相, 官宣, 合作进展, 融资, 投资, 合作, 技术进展, 技术突破, 技术验证, 工艺优化, 量产工艺, 合成工艺, 改性技术, 掺杂改性, 界面改性, 前沿技术, 量产推进, 产能, 产线设计",normal,2026-09-12T17:58:06+08:00,,2026第五届起点钠电年会暨钠电金鼎奖颁奖典礼议程2026年11月6-7日广州南沙国际会展中心2楼南沙厅01大会基础信息活动名称：2026第五届起点钠电年会暨钠电金鼎奖颁奖典礼大会主题：钠电产业2.0进阶 技术场景全域破局主办单位：起点钠电、起点研究举办时间：2026年11月6日-7日举办地点：广州南沙国际会展中心2楼南沙厅活动规模：1000 + 同期展会（11.6-7号）： 2026CINE 钠电及固态电池展2026CINE 电摩电池展第一批展商/赞助商/演讲企业名单：茹天科技/赣锋锂电/融捷能源/金钠科技/同兴皓升/先导智能/海四达钠星/奥克莱集团/青钠能源/宇恒电池/奥冠电池/华普森/旭,http://mp.weixin.qq.com/s?__biz=Mzg4NjgzMzg3NA==&mid=2247519252&idx=3&sn=637124aba066579f4742c989532be391,,2026第五届起点钠电年会暨钠电金鼎奖颁奖典礼议程2026年11月6-7日广州南沙国际会展中心2楼南沙厅01大会基础信息活动名称：2026第五届起点钠电年会暨钠电金鼎奖颁奖典礼大会主题：钠电产业2.0进阶 技术场景全域破局主办单位：起点钠电、起点研究举办时间：2026年11月6日-7日举办地点：广州南沙国际会展中心2楼南沙厅活动规模：1000 + 同期展会（11.6-7号）： 2026CINE 钠电及固态电池展2026CINE 电摩电池展第一批展商/赞助商/演讲企业名单：茹天科技/赣锋锂电/融捷能源/金钠科技/同兴皓升/先导智能/海四达钠星/奥克莱集团/青钠能源/宇恒电池/奥冠电池/华普森/旭,2026第五届起点钠电年会暨钠电金鼎奖颁奖典礼议程2026年11月6-7日广州南沙国际会展中心2楼南沙厅01大会基础信息活动名称：2026第五届起点钠电年会暨钠电金鼎奖颁奖典礼大会主题：钠电产业2.0进阶 技术场景全域破局主办单位：起点钠电、起点研究举办时间：2026年11月6日-7日举办地点：广州南沙国际会展中心2楼南沙厅活动规模：1000 + 同期展会（11.6-7号）： 2026CINE 钠电及固态电池展2026CINE 电摩电池展第一批展商/赞助商/演讲企业名单：茹天科技/赣锋锂电/融捷能源/金钠科技/同兴皓升/先导智能/海四达钠星/奥克莱集团/青钠能源/宇恒电池/奥冠电池/华普森/旭钠/信瑞新能源/纳甘/儒特股份/晟钠新能/科达新能源/钠特尔/川源科技/科锐晟/九续钠电/希倍动力/恒大高新/科迈罗/长篙新材/易禾环境/鹏锦智能/宝试仪器/旭派动力/津工能源/日联科技/极电特能/亿隆能源/双环科技/瑞森新材料/钠科能源/璟熵新材料/兆瑞新能源/卡波恩新材料/钠美科技/苏银产业园/萍竹新材料/艾迈斯/愚公高科/钹鑫科技等02活动背景及亮点为推动钠离子电池产业化规模化落地，构建全产业链协同共赢的产业生态，由起点钠电、起点研究联合主办的2026第五届起点钠电年会暨钠电金鼎奖颁奖典礼将于2026年隆重举办。本届年会锚定钠电量产攻坚关键节点，联动行业颁奖盛典与专业技术展览，打造集技术研讨、产品展示、行业表彰、商务对接于一体的钠电产业年度顶级盛会。行业背景：量产元年全面开启，产业协同迈入新阶段当前全球新能源电池产业技术迭代与商业化进程持续加速，钠离子电池凭借资源禀赋、成本优势、宽温性能与安全特性，已从技术验证期全面迈入规模化量产关键阶段。2026年，钠电池在储能、电动两轮车、商用车启停、备用电源等场景的应用规模持续扩容，聚阴离子、层状氧化物、普鲁士蓝三大技术路线并行突破，上游材料产能加速释放，电芯制造工艺持续优化，专用装备与检测技术快速迭代，全产业链降本增效取得显著进展。与此同时，产业也面临着量产工艺稳定性待提升、供应链协同效率不足、终端场景验证仍需深化、行业标准体系尚待完善等共性挑战，亟需全产业链开展深度对话、协同破解痛点，共同推动钠电池产业从“规模化起步”迈向“高质量发展”新阶段。 本届年会以“聚势突破 量产提速 生态共荣”为核心主题，紧扣钠电产业发展阶段核心命题，聚焦量产落地、技术创新、材料突破、场景应用、智能制造五大核心方向，串联上游材料、中游电芯与装备、下游终端应用全链路，推动产学研用深度融合，助力产业链各环节企业把握量产窗口期，构建协同互补、共生发展的钠电产业生态体系。活动亮点1. 全产业链专场研讨，直击量产核心痛点年会设置开幕式主旨峰会、钠电池创新专场、材料技术专场、应用专场、智能制造专场五大核心板块，打造40+重磅主题分享，覆盖宏观政策研判、前沿技术探索、核心材料突破、终端场景应用、产线装备升级全维度，精准回应量产阶段企业核心诉求，为产业发展提供可落地的实践参考与技术路径。2. 第五届全球钠电金鼎奖同期颁奖，树立产业年度标杆年会同期举办2026第五届全球钠电金鼎奖颁奖典礼，依托起点研究专业评审体系，联合全球100+财经媒体、1000+智库专家组成权威评审矩阵，以市场份额、技术创新、产业链生态、成长潜力、品牌影响力五大维度综合评定，针对钠电池材料、电芯、设备、PACK应用、技术创新全产业链评选年度标杆企业。现场揭晓获奖榜单并举办颁奖盛典，表彰产业先锋与创新典范，见证钠电产业年度荣耀时刻。3. CINE第三届钠电及固态电池展同步亮相，百展商共呈前沿技术本届年会联动CINE第三届钠电及固态电池展同期举办，吸引全球100+优质展商参展，集中展示钠电池领域的电芯产品、核心材料、制造装备、检测技术、系统解决方案及前沿固态电池技术。打造“会议+展览”双轮驱动模式，实现技术研讨与产品展示深度融合，为参会企业搭建直观的技术交流与商贸对接平台，高效链接供需两端。4. 产学研用大咖云集，共话产业发展新路径年会汇聚全球头部储能企业、整车厂商、电芯龙头企业、核心材料供应商、高端装备厂商、顶尖科研院所及知名投资机构，集结百位行业专家与企业领袖，分享一线量产实践经验与前沿技术成果，打造高规格、强干货的产业思想高地，为产业发展凝聚共识与方向。5. 全场景商务对接，打通产业合作链路年会设置专属商务对接区、展商洽谈区，打通材料供应、电芯制造、装备采购、终端应用全链条合作通道，促进上下游供需匹配与技术合作，助力企业精准链接产业资源，把握量产窗口期发展机遇，实现产业生态协同共赢。2026第五届起点钠电年会暨钠电金鼎奖颁奖典礼将以专业的议题设置、多元的交流形态、丰富的产业资源，为全球钠电产业打造一场集技术、展览、颁奖、对接于一体的年度盛会。诚邀产业链各环节企业与专业人士共赴盛会，携手提速量产进程，共筑产业发展新生态。03活动议程时间（DAY1:11.6号）演讲议题及活动流程08:30-09:00嘉宾签到、入场就座、资料领取专场一：论坛开幕式09:00-09:15开幕式致辞总冠名单位致辞协办单位致辞专场二：钠电池创新专场09:15-11:30全球钠电池产业发展现状与2026-2030市场展望无负极NFS钠电池技术发展及应用高压实NFPP材料解析无负极钠电高倍率电池技术突破超低温钠电池技术研发与高寒场景应用突破半固态钠离子电池电解质体系与界面改性技术超大圆柱钠电池技术水系钠离子电池安全技术与低成本产业化路径钠电池集流体技术发展趋势11:30-12:00圆桌论坛12:00-14:00午餐与行业商务对接交流专场三：钠电池材料专场14:00-17:30高容量层状氧化物正极材料改性与规模化制备NFPP正极材料合成工艺与性能提升NFS正极材料掺杂改性与倍率性能优化竹基硬碳负极材料孔隙调控与低成本制备技术塑料基钠电负极材料技术重赋能钠电产业可持续发展钠电池电解液溶剂体系优化与功能性添加剂钠电池专用隔膜涂覆技术与界面适配性研究高达因铝箔在钠电池行业应用中场茶歇钠电池粘结剂与导电剂体系适配性优化钠电池固态电解质材料研发与界面接触技术钠电池正极材料回收再生与循环利用技术低成本钠电池材料体系设计与全产业链降本路径17:30-18:00圆桌论坛时间(DAY 2 :11月7号）演讲议题及流程专场四：钠电池应用专场09:00-09:30嘉宾入场、会前交流09:30-11:30钠电池在大型电力储能场景的应用实践与经济性分析户用储能钠电池系统设计与规模化应用进展工商业储能钠电池解决方案与项目落地案例钠电池在新能源配电网中的应用模式与技术验证中场茶歇车规级钠电池整车适配技术与乘用车应用探索商用车钠电池动力系统匹配与商业化应用电动两轮车钠电池规模化应用与市场前景钠电池在5G基站与后备电源场景的应用实践11:30-12:00圆桌论坛12:00-14:00午餐与商务对接交流专场五：钠电池智能制造及电池技术专场14:00-15:45钠电池电芯智能制造产线设计与工艺优化钠电池极片制造装备精度升级与生产效率提升钠电池化成检测设备技术创新与成本管控钠电池BMS算法优化与状态精准估算技术钠电池生产过程数字化与智能化工厂建设钠电池全生命周期质量管控与缺陷检测技术钠电池PACK自动化产线与柔性制造方案15:45-16:00茶歇与自由交流专场六：论坛闭幕式及NA+钠电产业联盟代表致辞16:00-17:30第五届起点钠电年会总结致辞与产业发展倡议签署NA+钠电产业联盟理事长致辞NA+钠电产业联盟副理事长致辞NA+钠电产业联盟秘书长/副秘书长致辞NA+钠电产业联盟常务理事致辞17:30-18:00圆桌论坛18:30-21:002026第五届起点钠电金鼎奖颁奖典礼暨行业晚宴（年度奖项揭晓、颁奖盛典、行业交流晚宴）备注：最终议程以实际为准04报名参会参会方式①：SVIP参会：3188元人增值服务权益：1、会议期间自助午餐、茶歇2、会场座位前排台卡3、2026钠电产业链地图4、起点研究院SPIR2026全球钠电行业调研报告精华版5、演讲企业PPT可对外6、论坛通讯录参会方式②：VIP参会：2188元/人增值服务权益：1、会议期间自助午餐、茶歇2、会场座位台卡3、2026钠电产业链地图4、起点研究院SPIR2026全球钠电行业调研报告精华版5、演讲企业PPT可对外参会方式参会方式③：免费（需转发本次论坛宣传文章到朋友圈，并截图上传给起点人员）增值服务权益：1、2026钠电产业链地图(扫码关注起点钠电、起点研究公众号/抖音号/视频号后领取）2、普通参会嘉宾证件收款账号：收款单位：深圳市起点研究咨询有限公司开户银行：中国农业银行深圳前进路支行银行账号：41019700040025862汇款注明：宣传费/服务费/会议展览服务05活动报名方式赞助+合作咨询： 杨先生：*********** 邹先生：*********** 论坛报名：于小姐：***********张小姐：***********媒体合作：刘小姐：***********06主办方介绍起点钠电平台简介起点钠电成立于2022年，是全球领先聚焦钠离子电池全产业链的钠电权威产业服务与生态赋能平台，平台以起点研究院SPIR为核心智库，以起点钠电行业媒体矩阵为运营载体，以起点钠电品牌论坛及年会、CINE钠电国际展为展示平台，以产业研究为根基、数据洞察为核心、高端活动为桥梁、品牌传播为窗口、资本孵化为引擎、园区规划为载体，构建了“研究+数据+活动+传播+资本+联盟+园区”的七位一体服务体系。我们深度链接产学研用、投资机构与政府园区，服务了钠电全产业链超200+上下游核心企业及政府产业园区，参与规划了四川巴中市、内蒙古乌海高新区、宁夏银川-苏银产业园等钠电专业产业园区，并成立了Na+钠电产业联盟凝聚行业共识，服务赋能钠电企业家，推动产业链生态融合，技术标准建立与产业链协同，助力中国新能源产业在全球新一轮能源革命中抢占先机，占据钠电产业发展制高点。标杆客户（排名不分先后）：宁德时代、同兴科技/皓升新能源、维科技术、海四达钠星、天能钠电、珈钠能源、金钠科技、易事特钠电、CNAE中国钠电、为方能源、华阳集团、恒大高新、隐功科技、青钠科技、晟钠新能、旭派钠电、吉厚钠电、科迈罗光电、茹天科技、纳甘新能源、九续钠电、亮见钠电、希倍动力、钠美科技、卡波恩、佰思格、旭钠新能源、汉行科技、派能科技、众钠能源、奥克莱集团、兆钠新能源、钠创新能源、滇钠能源、传艺科技、超威集团、亿纬锂能、海辰储能、科达制造、儒特股份、时代思康、先导智能、泰和科技、双环科技、超钠新能源、瑞扬新能源、扬广科技、津工能源、猛狮新能源、东腾锂业、钠奇盛、方寸新能源、黔钠科技、奥冠电池、华钠新材、璞钠能源、华纳新能源、浩钠新能源、湖钠能源、博钠新能源、美特新材料、钠特尔、乐普钠电、铧钠新材料、瓦时动力、美达瑞新材料、钠远新材、兆瑞新能源、钠科能源、亿司特新材料、东能钠新、果曼钠电、极电特能、容钠新能源、浦士达环保、富钠能源、天钠科技、国科炭美、华普森、信瑞新能源、先导干燥、亿隆能源、绿捷环境、尚金干燥、广域铭岛、普渡机械、科锐晟、乔岳智能、前锦炉业、德积干燥、汇京智能、瑞佳达、超力源等标杆钠电园区规划案例：山西阳泉高新区钠电产业规划、巴中钠电产业集群规划、乌海高新技术区钠电产业园规划、银川-苏银钠电产业园规划等七大核心服务一、产业研究依托起点研究院SPIR专业智库力量，聚焦钠电技术迭代、政策标准、供应链体系、市场应用与竞争格局，提供定制化产业调研、技术路线评估、产业链诊断、战略规划与政策解读服务，为企业研发方向、市场布局、长期决策提供专业支撑。二、数据报告发布行业权威白皮书、年度/季度产业报告、成本数据库、产能追踪、供需监测、企业榜单等数据产品，覆盖材料价格、产能规模、装机数据、应用场景、区域分布等核心维度，以真实、精准、及时的数据，为行业决策与市场预判提供依据。三、专业论坛展会打造高规格钠电产业峰会、钠电第一展：CINE钠电展专业展会、起点钠电品牌论坛、起点钠电全国行、起点钠电年会峰会、钠电金鼎奖评选、闭门对接会等活动，汇聚产业链龙头企业、科研专家、应用客户与行业精英，实现技术交流、趋势研判、资源聚合与商务对接，构建全球最具影响力的钠电交流与合作平台。四、品牌传播依托全媒体传播矩阵与精准产业流量，为企业提供品牌专访、新品发布、技术解读、产能官宣、公关传播、行业背书等推广服务，精准触达上下游合作伙伴与目标客户，全面提升企业知名度、行业影响力与市场曝光度。五、投融资孵化链接主流投资机构、产业资本与优质钠电项目，提供项目路演、投融资对接、企业估值、创业孵化、产业资源导入等服务，助力前沿技术成果转化、优质项目快速产业化，推动资本与产业深度融合，加速企业成长与规模化落地。六、钠电产业园规划面向政府园区与产业载体，提供钠电产业园定位策划、产业规划、招商方案、项目引进、运营赋能、生态构建等全流程服务，打造集研发、生产、检测、应用、回收于一体的钠电特色产业集群，助力区域新能源产业升级与经济高质量发展。七、Na+钠电产业联盟会员服务钠电产业生态协同的枢纽构建钠电产业的“朋友圈”与“议事厅”。为会员单位提供：政企高层对接、供应链精准匹配、专利池共享、人才猎聘、行业标准制定参与权及专属会员闭门会等增值服务，助力会员企业抢占行业制高点。点击“阅读原文”报名参会！,,,,pending
SPIR：每周钠电价格走势及行情（2026.9.7-2026.9.11）,起点钠电,起点钠电,"RIOnews API, 钠离子电池, 钠电, 钠电正极, 钠电负极, 产品发布, 发布, 新品, 上市, 合作进展, 战略合作, 投资, 合作, 量产推进, 批量交付, 下线",normal,2026-09-12T17:58:06+08:00,,为了给钠电行业从业人士提供参考，起点研究院（SPIR）和起点钠电平台经过长期跟踪和调研钠电池产业链上下游，推出了钠电行业每周产品报价信息服务，报价内容包含：钠电池电芯、钠电正极及相关原材料、钠电负极及相关原材料、钠电电解液、碳酸钠等产品报价信息，如有需要补充完善的报价欢迎联系起点相关人员。数据来源：SPIR备注：以上报价仅供行业参考，不作为交易依据。一、近期企业动态钠电电芯企业动态：近期，美国钠离子电池企业UNIGRID宣布，已完成现代汽车集团ZER01NE加速器项目，其自主研发的钠铬氧化物（NCO）化学体系通过了关键技术验证。9月9日，任丘智弘100MW/400MWh新型技术路线磷酸铁锂+钠,http://mp.weixin.qq.com/s?__biz=Mzg4NjgzMzg3NA==&mid=2247519252&idx=2&sn=c864c2063e2b1e690499d606f7875878,,为了给钠电行业从业人士提供参考，起点研究院（SPIR）和起点钠电平台经过长期跟踪和调研钠电池产业链上下游，推出了钠电行业每周产品报价信息服务，报价内容包含：钠电池电芯、钠电正极及相关原材料、钠电负极及相关原材料、钠电电解液、碳酸钠等产品报价信息，如有需要补充完善的报价欢迎联系起点相关人员。数据来源：SPIR备注：以上报价仅供行业参考，不作为交易依据。一、近期企业动态钠电电芯企业动态：近期，美国钠离子电池企业UNIGRID宣布，已完成现代汽车集团ZER01NE加速器项目，其自主研发的钠铬氧化物（NCO）化学体系通过了关键技术验证。9月9日，任丘智弘100MW/400MWh新型技术路线磷酸铁锂+钠,为了给钠电行业从业人士提供参考，起点研究院（SPIR）和起点钠电平台经过长期跟踪和调研钠电池产业链上下游，推出了钠电行业每周产品报价信息服务，报价内容包含：钠电池电芯、钠电正极及相关原材料、钠电负极及相关原材料、钠电电解液、碳酸钠等产品报价信息，如有需要补充完善的报价欢迎联系起点相关人员。数据来源：SPIR备注：以上报价仅供行业参考，不作为交易依据。一、近期企业动态钠电电芯企业动态：近期，美国钠离子电池企业UNIGRID宣布，已完成现代汽车集团ZER01NE加速器项目，其自主研发的钠铬氧化物（NCO）化学体系通过了关键技术验证。9月9日，任丘智弘100MW/400MWh新型技术路线磷酸铁锂+钠电池独立储能试点项目储能系统设备采购（二标段：钠电池储能系统）中标候选人公示。第1中标候选人为宁德时代新能源科技股份有限公司，投标报价4141.622万元，折合单价约1.035元/Wh；近日，中城能源与亿纬锂能正式确立重要战略合作伙伴关系。双方将围绕储能设备配套、钠离子电池应用、极寒超充技术、无人驾驶补能场景等核心领域展开深度合作。9月7日，中国铁塔2026年钠离子电池热安全机理及应用技术研究项目标段2:模组安全管理设计样机制造-第二次-询比-比选-公告发布。项目名称为中国铁塔2026年钠离子电池热安全机理及应用技术研究项目，采购人为中国铁塔股份有限公司。近日，兴储世纪顺利完成超10MWh钠离子电芯批量交付，本次出货为 72174 型170Ah钠电芯，产品将落地钠电储能项目，分别供给国内某大型央企以及新疆光伏储能项目，标志企业高海拔低温钠电产品规模化商用再迈关键一步。二、钠电上市公司板块指数 9月11日A股上市公司钠电池板块整体涨幅-2.12%。本周领涨钠电概念公司有远东股份涨幅5.19%，南都涨幅5.08%、沃尔新材涨幅4.43%，欣旺达涨幅3.36%、拓邦股份涨幅3.34%。一键三连「点赞」「转发」「小心心」欢迎关注起点钠电！— 完 —起点钠电交流群76-码上入群往期推荐:金钠科技:在手订单20GWh 超大圆柱钠电储能系统已成功下线 钠茅5号电池新品发布正力新能50GWh钠电池项目批复，总投资100亿元！“锂钠”混储风起 从强制配储到“强制配钠”点击阅读原文，即可报名参会！,,,,pending
宁德时代收购新能源企业！,锂电前沿,锂电前沿,"RIOnews API, 新材料, 复合材料, 碳, 聚合物, 高比能, 锂硫电池, 硅, 前沿表征, 高通量, 固态电池, 固态电解质, 陶瓷材料, 新型电池, 空气电池, 钠离子电池, 钠电, 合作进展, 融资, 投资, 合作, 收购, 宁德时代, 孚能科技, 钠电池, 储能, 循环寿命, 负极材料, 生产基地, 合作协议, 发布",normal,2026-09-12T17:37:00+08:00,,9月11日，市场监管总局发布2026年8月31日-9月6日无条件批准经营者集中案件列表，其中包括宁德时代收购重庆耀宁新能源科技有限公司股权案等。公开资料显示，重庆耀宁新能源成立于2021年12月，注册资本1亿元。2011年，重庆市涪陵区人民政府与吉利科技集团签署合作协议，吉利科技新能源动力电池项目落户涪陵。该项目设立合资主体驰航新能源（重庆）有限公司（重庆耀宁新能源原名），由吉利科技集团与孚能科技（688567）合资组建。该项目总投资约85亿元，占地面积约480亩，规划建筑面积约31万平方米，主要从事动力电池电芯、模组、PACK的研发、生产和销售。后续股权发生变更，孚能科技完全退出，企业更名重,http://mp.weixin.qq.com/s?__biz=MzkzODYxNTc2OA==&mid=2247511827&idx=1&sn=3e5dffcf2e22b7bcac91da72d2e386ae,,9月11日，市场监管总局发布2026年8月31日-9月6日无条件批准经营者集中案件列表，其中包括宁德时代收购重庆耀宁新能源科技有限公司股权案等。公开资料显示，重庆耀宁新能源成立于2021年12月，注册资本1亿元。2011年，重庆市涪陵区人民政府与吉利科技集团签署合作协议，吉利科技新能源动力电池项目落户涪陵。该项目设立合资主体驰航新能源（重庆）有限公司（重庆耀宁新能源原名），由吉利科技集团与孚能科技（688567）合资组建。该项目总投资约85亿元，占地面积约480亩，规划建筑面积约31万平方米，主要从事动力电池电芯、模组、PACK的研发、生产和销售。后续股权发生变更，孚能科技完全退出，企业更名重,9月11日，市场监管总局发布2026年8月31日-9月6日无条件批准经营者集中案件列表，其中包括宁德时代收购重庆耀宁新能源科技有限公司股权案等。公开资料显示，重庆耀宁新能源成立于2021年12月，注册资本1亿元。2011年，重庆市涪陵区人民政府与吉利科技集团签署合作协议，吉利科技新能源动力电池项目落户涪陵。该项目设立合资主体驰航新能源（重庆）有限公司（重庆耀宁新能源原名），由吉利科技集团与孚能科技（688567）合资组建。该项目总投资约85亿元，占地面积约480亩，规划建筑面积约31万平方米，主要从事动力电池电芯、模组、PACK的研发、生产和销售。后续股权发生变更，孚能科技完全退出，企业更名重庆耀宁新能源。重庆耀宁新能源终端客户主要为西南片区的吉利汽车重庆、贵阳生产基地。温馨提醒：1、免费参会：转发通知集赞18个方可免费参会（不含餐）限100个名额，截止时间9月15日（含15日当天）2、优惠票600元每人（含餐），截止时间9月15号（含），缴费成功视为报名成功；参展和报名电话.陈老师：***********2026年（第十届）中国固态电池技术创新与产业化研讨会2026年11月25-27日 安徽.合肥会议背景固态电池是当前二次电池领域最为活跃的研究方向之一。理论上，全固态锂离子电池的能量密度可达900Wh/kg，由于采用固体电解质与高比能量负极，并可能防止锂枝晶导致的电池内部短路，固态电池的能量密度和循环寿命方面有望较传统锂电池有大幅提升。同时，固态电池还兼顾了长储存寿命、高功率密度和制备简单等特性，尤其是比高能量密度传统锂离子电池拥有更良好的热控及安全特性。固态电解质作为固态电池核心技术，聚合物固态电解质、氧化物固态电解质、硫化物固态电解质三大类复合材料成为技术攻关的重点。但是，固态电解质要有与之适应的正负极体系。所以，推进全固态电池产业化的过程，也将是锂电正负极材料体系的一场全面变革。有鉴于此，为了进一步推动我国固态电池的研究创新和技术进步，及时了解固态电池最新相关研究成果和发展动态，尽早推广下游大规模应用，明确主要需求，加强行业交流，促进产学研协同创新，我们特别组织固态电池专题研讨会：26年（第十届）中国固态电池技术创新与产业化应用研讨会，会议将于2026年11月25日-27日在安徽.合肥举行。会议邀请固态电池领域的知名研究院所、大专院校、相关企业及投融资机构代表参会，就固态电池基础研究、关键材料、关键技术、关键装备及其标准等全产业领域展开探讨。共聚一堂，充分交流、集思广益、相互切磋，以期实质性促进我国固态电池的进一步发展。会议概况【会议时间】2026年11月25-27日（25日全天签到）【主办单位】锂电前沿【承办单位】 深圳友研科技有限公司固态电池会议交流内容 ●固体电解质材料：理论基础、新体系、规模制造及产业化应用●固态电池正负极材料：理论基础、新体系、规模制造及产业化应用●固态电池中的界面工程：界面观测与调控、制造及电池循环时的界面动态演变等●混合固液电解质锂电池：动力电池、储能电池及柔性电池等●全固态电池：全固态锂电池、全固态锂硫电池、全固态锂空气电池及全固态钠电池等●高通量理论和理论设计及计算方法在固态电池研究开发中的应用●固态电池的产业化技术会议形式主要通过大会报告、交流报告、现场讨论的形式，欢迎相关企业和检测机构安排小型展览。会议期间还将组织演讲嘉宾或行业资深专家们与参会代表互动进行自由讨论。为了共同办好这次会议，热烈欢迎各相关企业、科研院所赞助本次研讨会。会议注册费会议注册费：参会人员10月15日前11月20日前11月20日后以及现场正式代表2500元2800元3200元在校学生代表1500元1500元1800元（学生代表注册时需凭学生证，包含本科生、硕士、博士）注册费包含：会议费、资料费用等费用、不包含路费和住宿费，住宿要自订。账户信息：户名：深圳友研科技有限公司账号：757575353398开户行：中国银行股份有限公司深圳西丽支行付款时请注明“固态电池 +单位名称”开票注意事项：增值税普通发票请提供单位名称及税号。如果需要增值税专用发票，请提供单位名称、税号、地址、电话、开户行、账号第九届固态电池会议回顾2026年8月5日-7日，锂电前沿主办的“2026中国固态电池技术大会暨中国硅碳负极高峰论坛”在江苏常州顺利召开并圆满闭幕。锂电前沿举办此次会议议题紧贴固态电池，硅碳负极材料单位科研和产业化实际需求，引发市场广泛关注，受到专家及参会嘉宾一致好评，有力的推动了我国固态电池，硅碳负极材料的科技进步和产业化进程。第八届固态电池会议回顾2026年4月22日-24日，锂电前沿，钠电材料主办的“2026第八届中国固态电池技术创新与产业化应用研讨会暨中国钠电技术高峰论坛”在湖南长沙顺利召开并圆满闭幕。线下与会嘉宾达906人，参会单位超过550家，参展厂家超过60家，专题报告49个。锂电前沿，钠电材料举办此次会议议题紧贴固态电池，钠电材料单位科研和产业化实际需求，引发市场广泛关注，受到专家及参会嘉宾一致好评，有力的推动了我国固态电池，钠离子电池的科技进步和产业化进程。第七届固态电池会议回顾2025年10月22日-24日，锂电前沿，先进陶瓷材料主办的“2025第七届中国固态电池技术创新与产业化应用研讨会暨中国先进陶瓷技术与产业高峰论坛”在安徽合肥顺利召开并圆满闭幕。线下与会嘉宾达1036人，参会单位超过600家，参展厂家超过50家，专题报告42个。锂电前沿，先进陶瓷材料举办此次会议议题紧贴固态电池，先进陶瓷材料单位科研和产业化实际需求，引发市场广泛关注，受到专家及参会嘉宾一致好评，有力的推动了我国固态电池，先进陶瓷的科技进步和产业化进程。现场视频（点击上方观看）第五届固态电池会议回顾2024年10月，锂电前沿主办的“第五届中国固态电池技术创新与产业化应用研讨会”在安徽合肥顺利召开并圆满闭幕。线下与会嘉宾达820人，参会单位超过450家第六届固态电池会议回顾2025年3月26日-28日，锂电前沿主办的“2025第六届中国固态电池技术创新与产业化应用研讨会”在湖北武汉顺利召开并圆满闭幕。线下与会嘉宾达889人，参会单位超过500家，参展厂家超过50家，专题报告44个。锂电前沿举办此次会议议题紧贴固态电池单位科研和产业化实际需求，引发市场关注，受到专家及参会者广泛好评，有力的推动了我国固态电池的进一步发展。组委会联系方式参会、参展、宣传及赞助事宜联 系 人：陈老师 （赞助和报名事宜咨询）联系电话：***********（微信同号）邮 箱 ：sdlscck@163.com 报名方式一：长按报名,,,,pending
免费参会！合肥见！26年（第十届）中国固态电池大会,锂电前沿,锂电前沿,"RIOnews API, 新材料, 复合材料, 碳, 聚合物, 高比能, 锂硫电池, 硅, 前沿表征, 高通量, 固态电池, 固态电解质, 陶瓷材料, 新型电池, 空气电池, 钠离子电池, 钠电, 钠电池, 储能, 循环寿命, 负极材料, 融资",normal,2026-09-12T17:37:00+08:00,,温馨提醒：1、免费参会：转发通知集赞18个方可免费参会（不含餐）限100个名额，截止时间9月15日（含15日当天）2、优惠票600元每人（含餐），截止时间9月15号（含），缴费成功视为报名成功；参展和报名电话.陈老师：***********2026年（第十届）中国固态电池技术创新与产业化研讨会2026年11月25-27日 安徽.合肥会议背景固态电池是当前二次电池领域最为活跃的研究方向之一。理论上，全固态锂离子电池的能量密度可达900Wh/kg，由于采用固体电解质与高比能量负极，并可能防止锂枝晶导致的电池内部短路，固态电池的能量密度和循环寿命方面有望较传统锂电池有大幅提升。同时，固态电池还兼顾了,http://mp.weixin.qq.com/s?__biz=MzkzODYxNTc2OA==&mid=2247511827&idx=2&sn=42c493b59cdbab708c3e038280cd7210,,温馨提醒：1、免费参会：转发通知集赞18个方可免费参会（不含餐）限100个名额，截止时间9月15日（含15日当天）2、优惠票600元每人（含餐），截止时间9月15号（含），缴费成功视为报名成功；参展和报名电话.陈老师：***********2026年（第十届）中国固态电池技术创新与产业化研讨会2026年11月25-27日 安徽.合肥会议背景固态电池是当前二次电池领域最为活跃的研究方向之一。理论上，全固态锂离子电池的能量密度可达900Wh/kg，由于采用固体电解质与高比能量负极，并可能防止锂枝晶导致的电池内部短路，固态电池的能量密度和循环寿命方面有望较传统锂电池有大幅提升。同时，固态电池还兼顾了,温馨提醒：1、免费参会：转发通知集赞18个方可免费参会（不含餐）限100个名额，截止时间9月15日（含15日当天）2、优惠票600元每人（含餐），截止时间9月15号（含），缴费成功视为报名成功；参展和报名电话.陈老师：***********2026年（第十届）中国固态电池技术创新与产业化研讨会2026年11月25-27日 安徽.合肥会议背景固态电池是当前二次电池领域最为活跃的研究方向之一。理论上，全固态锂离子电池的能量密度可达900Wh/kg，由于采用固体电解质与高比能量负极，并可能防止锂枝晶导致的电池内部短路，固态电池的能量密度和循环寿命方面有望较传统锂电池有大幅提升。同时，固态电池还兼顾了长储存寿命、高功率密度和制备简单等特性，尤其是比高能量密度传统锂离子电池拥有更良好的热控及安全特性。固态电解质作为固态电池核心技术，聚合物固态电解质、氧化物固态电解质、硫化物固态电解质三大类复合材料成为技术攻关的重点。但是，固态电解质要有与之适应的正负极体系。所以，推进全固态电池产业化的过程，也将是锂电正负极材料体系的一场全面变革。有鉴于此，为了进一步推动我国固态电池的研究创新和技术进步，及时了解固态电池最新相关研究成果和发展动态，尽早推广下游大规模应用，明确主要需求，加强行业交流，促进产学研协同创新，我们特别组织固态电池专题研讨会：26年（第十届）中国固态电池技术创新与产业化应用研讨会，会议将于2026年11月25日-27日在安徽.合肥举行。会议邀请固态电池领域的知名研究院所、大专院校、相关企业及投融资机构代表参会，就固态电池基础研究、关键材料、关键技术、关键装备及其标准等全产业领域展开探讨。共聚一堂，充分交流、集思广益、相互切磋，以期实质性促进我国固态电池的进一步发展。会议概况【会议时间】2026年11月25-27日（25日全天签到）【主办单位】锂电前沿【承办单位】 深圳友研科技有限公司固态电池会议交流内容 ●固体电解质材料：理论基础、新体系、规模制造及产业化应用●固态电池正负极材料：理论基础、新体系、规模制造及产业化应用●固态电池中的界面工程：界面观测与调控、制造及电池循环时的界面动态演变等●混合固液电解质锂电池：动力电池、储能电池及柔性电池等●全固态电池：全固态锂电池、全固态锂硫电池、全固态锂空气电池及全固态钠电池等●高通量理论和理论设计及计算方法在固态电池研究开发中的应用●固态电池的产业化技术会议形式主要通过大会报告、交流报告、现场讨论的形式，欢迎相关企业和检测机构安排小型展览。会议期间还将组织演讲嘉宾或行业资深专家们与参会代表互动进行自由讨论。为了共同办好这次会议，热烈欢迎各相关企业、科研院所赞助本次研讨会。会议注册费会议注册费：参会人员10月15日前11月20日前11月20日后以及现场正式代表2500元2800元3200元在校学生代表1500元1500元1800元（学生代表注册时需凭学生证，包含本科生、硕士、博士）注册费包含：会议费、资料费用等费用、不包含路费和住宿费，住宿要自订。账户信息：户名：深圳友研科技有限公司账号：757575353398开户行：中国银行股份有限公司深圳西丽支行付款时请注明“固态电池 +单位名称”开票注意事项：增值税普通发票请提供单位名称及税号。如果需要增值税专用发票，请提供单位名称、税号、地址、电话、开户行、账号第九届固态电池会议回顾2026年8月5日-7日，锂电前沿主办的“2026中国固态电池技术大会暨中国硅碳负极高峰论坛”在江苏常州顺利召开并圆满闭幕。锂电前沿举办此次会议议题紧贴固态电池，硅碳负极材料单位科研和产业化实际需求，引发市场广泛关注，受到专家及参会嘉宾一致好评，有力的推动了我国固态电池，硅碳负极材料的科技进步和产业化进程。第八届固态电池会议回顾2026年4月22日-24日，锂电前沿，钠电材料主办的“2026第八届中国固态电池技术创新与产业化应用研讨会暨中国钠电技术高峰论坛”在湖南长沙顺利召开并圆满闭幕。线下与会嘉宾达906人，参会单位超过550家，参展厂家超过60家，专题报告49个。锂电前沿，钠电材料举办此次会议议题紧贴固态电池，钠电材料单位科研和产业化实际需求，引发市场广泛关注，受到专家及参会嘉宾一致好评，有力的推动了我国固态电池，钠离子电池的科技进步和产业化进程。第七届固态电池会议回顾2025年10月22日-24日，锂电前沿，先进陶瓷材料主办的“2025第七届中国固态电池技术创新与产业化应用研讨会暨中国先进陶瓷技术与产业高峰论坛”在安徽合肥顺利召开并圆满闭幕。线下与会嘉宾达1036人，参会单位超过600家，参展厂家超过50家，专题报告42个。锂电前沿，先进陶瓷材料举办此次会议议题紧贴固态电池，先进陶瓷材料单位科研和产业化实际需求，引发市场广泛关注，受到专家及参会嘉宾一致好评，有力的推动了我国固态电池，先进陶瓷的科技进步和产业化进程。现场视频（点击上方观看）第五届固态电池会议回顾2024年10月，锂电前沿主办的“第五届中国固态电池技术创新与产业化应用研讨会”在安徽合肥顺利召开并圆满闭幕。线下与会嘉宾达820人，参会单位超过450家第六届固态电池会议回顾2025年3月26日-28日，锂电前沿主办的“2025第六届中国固态电池技术创新与产业化应用研讨会”在湖北武汉顺利召开并圆满闭幕。线下与会嘉宾达889人，参会单位超过500家，参展厂家超过50家，专题报告44个。锂电前沿举办此次会议议题紧贴固态电池单位科研和产业化实际需求，引发市场关注，受到专家及参会者广泛好评，有力的推动了我国固态电池的进一步发展。组委会联系方式参会、参展、宣传及赞助事宜联 系 人：陈老师 （赞助和报名事宜咨询）联系电话：***********（微信同号）邮 箱 ：sdlscck@163.com 报名方式一：长按报名报名方式二：点击左下方阅读原文报名,,,,pending
捷泰航天柔性太阳翼项目公示,钙钛矿光伏,钙钛矿光伏,"RIOnews API, 钙钛矿, 全钙钛矿叠层, 柔性钙钛矿, 技术进展, 工艺优化, 量产工艺, 制备工艺",normal,2026-09-12T17:10:00+08:00,,"●由曼恩斯特黄金赞助的2026钙钛矿与太空光伏技术、设备和材料论坛将于10月27-28日在常州召开●来自极电光能、仁烁光能、阿特斯、通威、创锐光谱、先导微电子、睿合科技、恒羲光伏、中科羲和等单位的领导专家将作重要报告近日，江西上饶市生态环境局发布《关于上饶捷泰航天空间科技有限公司太空太阳翼电池模组研发项目（一期）生态环境影响报告书的拟受理公示》。项目名称：上饶捷泰航天空间科技有限公司太空太阳翼电池模组研发项目（一期）；建设单位：上饶捷泰航天空间科技有限公司；项目主要建设内容：公司拟投资20439.13 万元，租赁上饶捷泰新能源科技有限公司现有实验室和办公区约 800平方米，建设""上饶捷泰航天空",http://mp.weixin.qq.com/s?__biz=MzkyNTYzNjI1NQ==&mid=2247495811&idx=1&sn=a2b9b02ddb8b7fc4da27e419cb6c1250,,"●由曼恩斯特黄金赞助的2026钙钛矿与太空光伏技术、设备和材料论坛将于10月27-28日在常州召开●来自极电光能、仁烁光能、阿特斯、通威、创锐光谱、先导微电子、睿合科技、恒羲光伏、中科羲和等单位的领导专家将作重要报告近日，江西上饶市生态环境局发布《关于上饶捷泰航天空间科技有限公司太空太阳翼电池模组研发项目（一期）生态环境影响报告书的拟受理公示》。项目名称：上饶捷泰航天空间科技有限公司太空太阳翼电池模组研发项目（一期）；建设单位：上饶捷泰航天空间科技有限公司；项目主要建设内容：公司拟投资20439.13 万元，租赁上饶捷泰新能源科技有限公司现有实验室和办公区约 800平方米，建设""上饶捷泰航天空","●由曼恩斯特黄金赞助的2026钙钛矿与太空光伏技术、设备和材料论坛将于10月27-28日在常州召开●来自极电光能、仁烁光能、阿特斯、通威、创锐光谱、先导微电子、睿合科技、恒羲光伏、中科羲和等单位的领导专家将作重要报告近日，江西上饶市生态环境局发布《关于上饶捷泰航天空间科技有限公司太空太阳翼电池模组研发项目（一期）生态环境影响报告书的拟受理公示》。项目名称：上饶捷泰航天空间科技有限公司太空太阳翼电池模组研发项目（一期）；建设单位：上饶捷泰航天空间科技有限公司；项目主要建设内容：公司拟投资20439.13 万元，租赁上饶捷泰新能源科技有限公司现有实验室和办公区约 800平方米，建设""上饶捷泰航天空间科技有限公司太空太阳翼电池模组研发项目""。项目已获上饶经济技术开发区经济发展局备案（项目代码：2602-361100-04-01-529361），主要建设内容为：新增研发中试设备76台（套），本次为100MW 太空星座卫星太阳能电池模组中试线一期工程，重点开展 CPI 薄膜-CPI基板-CPI-晶硅模组工艺研发与中试验证，项目建成后年产太阳翼电池模组（聚酰亚胺薄膜）6000 平方米（1.44MW）。2026钙钛矿与太空光伏技术、设备和材料论坛将于10月27-28日在常州召开。我们诚挚邀请行业专家作以下主题的演讲报告：1. 光伏行业展望与钙钛矿和叠层电池市场分析2. HJT、钙钛矿和叠层电池在太空光伏的市场机遇3. 钙钛矿电池分布式电站与大型地面电站运行情况总结4. 钙钛矿产能展望和技术、设备与材料市场机遇5. 钙钛矿溶液涂布和干燥结晶的技术挑战与工艺优化6. 钙钛矿溶液喷墨打印技术与先进设备7. 钙钛矿电池HTL和ETL薄膜制备方案与关键设备8. 激光技术在钙钛矿电池生产中的应用9. 钙钛矿导电玻璃技术路线和供应展望10. 钙钛矿电池材料体系、界面钝化与结构调控11. 铂族金属在钙钛矿电池的应用优势与价值分析12. 钙钛矿电池的长期稳定性研究13. 全钙钛矿叠层电池竞争力分析与效率展望14. 两端叠层电池技术研发挑战与解决思路15. 平米级四端叠层组件结构设计与制造工艺16. 钙钛矿-BC三端叠层电池的优势与挑战17. 服务于晶硅-钙钛矿叠层电池的超低温固化银浆18. 服务于钙钛矿叠层组件的封装技术与封装材料19. 钙钛矿与叠层电池测试标准和测试技术20. 柔性钙钛矿太阳能电池技术研发与量产工艺21. 柔性钙钛矿电池在消费电子和可穿戴设备的应用实践22. 钙钛矿与叠层电池在BIPV与新能源汽车的市场潜力23. 低轨太空光伏的挑战：紫外辐照、粒子辐照、原子氧腐蚀及高低温交变24. 太空光伏技术路线：硬质可折叠太阳翼与柔性可卷绕太阳翼25. 40-50μm级超薄硅片与P型HJT电池的批量制造26. 太空光伏P型HJT电池抗辐射性能与轻量化潜力27. 太空光伏P型HJT-钙钛矿叠层电池制备工艺与抗辐射性和长期稳定性28. 太空光伏电池阵及电源系统集成与测试验证29. 高性能全钙钛矿叠层太阳翼优势分析30. 砷化镓、碲化镉、HJT-钙钛矿叠层太空光伏竞争格局展望第三届光伏少银/无银技术论坛2026将于9月22日在常州召开。会议将探讨光伏行业展望与少银/无银技术市场前景，银包铜粉、铜粉、镍粉和铝粉生产工艺与性能需求，银包铜浆、铜浆、银镍浆和铝浆金属化技术进展与应用实践，光伏铜电镀技术路线、设备选型、工艺难点与示范项目经验，无主栅串焊设备、胶粘剂、覆膜设备和栅线承载膜，超细线印刷技术及相匹配的先进网版与浆料等。亚化咨询会议赞助项目介绍主题演讲做一个主题演讲，介绍您的公司和业务现场展台现场展板(2m*3m)，也可展示设备、样品、资料会刊广告研讨会会刊，彩色全页广告（尺寸A4）资料入袋赞助企业的宣传册放入会议包袋现场易拉宝会场内外展示易拉宝展架礼品赞助您可以提供印有赞助商LOGO的礼品赠送参会嘉宾茶歇赞助冠名和赞助会议期间的茶歇晚宴赞助冠名和赞助会议的招待晚宴Logo展示背景墙 logo，会刊封面logo播放视频在会议茶歇、午餐期间播放贵公司的宣传视频联系我们微信/电话｜*********** （朱经理）邮箱｜ritazhu@chemweekly.com",,,,pending
206万！威格科技中标钙钛矿电池制备系统采购项目,钙钛矿光伏,钙钛矿光伏,"RIOnews API, 钙钛矿, 全钙钛矿叠层, 柔性钙钛矿, 合作进展, 项目中标, 招标, 技术进展, 工艺优化, 量产工艺, 制备工艺",normal,2026-09-12T17:10:00+08:00,,●由曼恩斯特黄金赞助的2026钙钛矿与太空光伏技术、设备和材料论坛将于10月27-28日在常州召开●来自极电光能、仁烁光能、阿特斯、通威、创锐光谱、先导微电子、睿合科技、恒羲光伏、中科羲和等单位的领导专家将作重要报告9月10日，中国政府采购网发布《合肥工业大学钙钛矿电池制备系统采购项目中标结果公告》。中标供应商为威格科技（苏州）股份有限公司，中标金额为206万元。一、项目编号：HFUT-DX-2026-0031/ZB202607169（招标文件编号：HFUT-DX-2026-0031/ZB202607169）二、项目名称：合肥工业大学钙钛矿电池制备系统采购项目三、中标（成交）信息供应商名称：威,http://mp.weixin.qq.com/s?__biz=MzkyNTYzNjI1NQ==&mid=2247495811&idx=2&sn=43a0ba5f02d49beb164195677c2c8f09,,●由曼恩斯特黄金赞助的2026钙钛矿与太空光伏技术、设备和材料论坛将于10月27-28日在常州召开●来自极电光能、仁烁光能、阿特斯、通威、创锐光谱、先导微电子、睿合科技、恒羲光伏、中科羲和等单位的领导专家将作重要报告9月10日，中国政府采购网发布《合肥工业大学钙钛矿电池制备系统采购项目中标结果公告》。中标供应商为威格科技（苏州）股份有限公司，中标金额为206万元。一、项目编号：HFUT-DX-2026-0031/ZB202607169（招标文件编号：HFUT-DX-2026-0031/ZB202607169）二、项目名称：合肥工业大学钙钛矿电池制备系统采购项目三、中标（成交）信息供应商名称：威,●由曼恩斯特黄金赞助的2026钙钛矿与太空光伏技术、设备和材料论坛将于10月27-28日在常州召开●来自极电光能、仁烁光能、阿特斯、通威、创锐光谱、先导微电子、睿合科技、恒羲光伏、中科羲和等单位的领导专家将作重要报告9月10日，中国政府采购网发布《合肥工业大学钙钛矿电池制备系统采购项目中标结果公告》。中标供应商为威格科技（苏州）股份有限公司，中标金额为206万元。一、项目编号：HFUT-DX-2026-0031/ZB202607169（招标文件编号：HFUT-DX-2026-0031/ZB202607169）二、项目名称：合肥工业大学钙钛矿电池制备系统采购项目三、中标（成交）信息供应商名称：威格科技（苏州）股份有限公司供应商地址：中国（江苏）自由贸易试验区苏州片区苏州工业园区听涛路58号中标（成交）金额：206.0000000（万元）四、主要标的信息序号 供应商名称 货物名称 货物品牌 货物型号 货物数量 货物单价(元) 1 威格科技（苏州）股份有限公司 磁控设备 光拓 GT500 1 365000.00元 五、评审专家（单一来源采购人员）名单：薛杰、张鸿恺、邓成、袁长斌、叶加久六、代理服务收费标准及金额：本项目代理费收费标准：根据国家计划委员会[计价格［2002］1980号]、国家发展和改革委员会[2011]534号文收费标准×70%，由中标人支付。本项目代理费总金额：1.866200 万元（人民币）七、公告期限自本公告发布之日起1个工作日。2026钙钛矿与太空光伏技术、设备和材料论坛将于10月27-28日在常州召开。我们诚挚邀请行业专家作以下主题的演讲报告：1. 光伏行业展望与钙钛矿和叠层电池市场分析2. HJT、钙钛矿和叠层电池在太空光伏的市场机遇3. 钙钛矿电池分布式电站与大型地面电站运行情况总结4. 钙钛矿产能展望和技术、设备与材料市场机遇5. 钙钛矿溶液涂布和干燥结晶的技术挑战与工艺优化6. 钙钛矿溶液喷墨打印技术与先进设备7. 钙钛矿电池HTL和ETL薄膜制备方案与关键设备8. 激光技术在钙钛矿电池生产中的应用9. 钙钛矿导电玻璃技术路线和供应展望10. 钙钛矿电池材料体系、界面钝化与结构调控11. 铂族金属在钙钛矿电池的应用优势与价值分析12. 钙钛矿电池的长期稳定性研究13. 全钙钛矿叠层电池竞争力分析与效率展望14. 两端叠层电池技术研发挑战与解决思路15. 平米级四端叠层组件结构设计与制造工艺16. 钙钛矿-BC三端叠层电池的优势与挑战17. 服务于晶硅-钙钛矿叠层电池的超低温固化银浆18. 服务于钙钛矿叠层组件的封装技术与封装材料19. 钙钛矿与叠层电池测试标准和测试技术20. 柔性钙钛矿太阳能电池技术研发与量产工艺21. 柔性钙钛矿电池在消费电子和可穿戴设备的应用实践22. 钙钛矿与叠层电池在BIPV与新能源汽车的市场潜力23. 低轨太空光伏的挑战：紫外辐照、粒子辐照、原子氧腐蚀及高低温交变24. 太空光伏技术路线：硬质可折叠太阳翼与柔性可卷绕太阳翼25. 40-50μm级超薄硅片与P型HJT电池的批量制造26. 太空光伏P型HJT电池抗辐射性能与轻量化潜力27. 太空光伏P型HJT-钙钛矿叠层电池制备工艺与抗辐射性和长期稳定性28. 太空光伏电池阵及电源系统集成与测试验证29. 高性能全钙钛矿叠层太阳翼优势分析30. 砷化镓、碲化镉、HJT-钙钛矿叠层太空光伏竞争格局展望第三届光伏少银/无银技术论坛2026将于9月22日在常州召开。会议将探讨光伏行业展望与少银/无银技术市场前景，银包铜粉、铜粉、镍粉和铝粉生产工艺与性能需求，银包铜浆、铜浆、银镍浆和铝浆金属化技术进展与应用实践，光伏铜电镀技术路线、设备选型、工艺难点与示范项目经验，无主栅串焊设备、胶粘剂、覆膜设备和栅线承载膜，超细线印刷技术及相匹配的先进网版与浆料等。亚化咨询会议赞助项目介绍主题演讲做一个主题演讲，介绍您的公司和业务现场展台现场展板(2m*3m)，也可展示设备、样品、资料会刊广告研讨会会刊，彩色全页广告（尺寸A4）资料入袋赞助企业的宣传册放入会议包袋现场易拉宝会场内外展示易拉宝展架礼品赞助您可以提供印有赞助商LOGO的礼品赠送参会嘉宾茶歇赞助冠名和赞助会议期间的茶歇晚宴赞助冠名和赞助会议的招待晚宴Logo展示背景墙 logo，会刊封面logo播放视频在会议茶歇、午餐期间播放贵公司的宣传视频联系我们微信/电话｜*********** （朱经理）邮箱｜ritazhu@chemweekly.com,,,,pending
2026钙钛矿与太空光伏技术、设备和材料论坛将于10月27-28日在常州召开,钙钛矿光伏,钙钛矿光伏,"RIOnews API, 钙钛矿, 全钙钛矿叠层, 柔性钙钛矿, 技术进展, 工艺优化, 量产工艺, 制备工艺",normal,2026-09-12T17:10:00+08:00,,●由曼恩斯特黄金赞助的2026钙钛矿与太空光伏技术、设备和材料论坛将于10月27-28日在常州召开●来自极电光能、仁烁光能、阿特斯、通威、创锐光谱、先导微电子、睿合科技、恒羲光伏、中科羲和等单位的领导专家将作重要报告钙钛矿和叠层电池有望成为下一代主流光伏发电技术，并将在太空光伏占据重要地位。钙钛矿单结电池以半透明、可柔性化、可室内发电等优势，在BIPV、消费电子、可穿戴设备、新能源汽车等领域有广阔的应用前景。钙钛矿与异质结、TOPCon或XBC组成叠层电池则有望在户用光伏、工商业光伏和集中式发电场景占据优势。太空光伏为P型HJT、钙钛矿和叠层电池带来了新的市场。传统卫星上用的砷化镓电池成本高昂,http://mp.weixin.qq.com/s?__biz=MzkyNTYzNjI1NQ==&mid=2247495811&idx=3&sn=d04183b6deed6971393bac52e403ad8e,,●由曼恩斯特黄金赞助的2026钙钛矿与太空光伏技术、设备和材料论坛将于10月27-28日在常州召开●来自极电光能、仁烁光能、阿特斯、通威、创锐光谱、先导微电子、睿合科技、恒羲光伏、中科羲和等单位的领导专家将作重要报告钙钛矿和叠层电池有望成为下一代主流光伏发电技术，并将在太空光伏占据重要地位。钙钛矿单结电池以半透明、可柔性化、可室内发电等优势，在BIPV、消费电子、可穿戴设备、新能源汽车等领域有广阔的应用前景。钙钛矿与异质结、TOPCon或XBC组成叠层电池则有望在户用光伏、工商业光伏和集中式发电场景占据优势。太空光伏为P型HJT、钙钛矿和叠层电池带来了新的市场。传统卫星上用的砷化镓电池成本高昂,●由曼恩斯特黄金赞助的2026钙钛矿与太空光伏技术、设备和材料论坛将于10月27-28日在常州召开●来自极电光能、仁烁光能、阿特斯、通威、创锐光谱、先导微电子、睿合科技、恒羲光伏、中科羲和等单位的领导专家将作重要报告钙钛矿和叠层电池有望成为下一代主流光伏发电技术，并将在太空光伏占据重要地位。钙钛矿单结电池以半透明、可柔性化、可室内发电等优势，在BIPV、消费电子、可穿戴设备、新能源汽车等领域有广阔的应用前景。钙钛矿与异质结、TOPCon或XBC组成叠层电池则有望在户用光伏、工商业光伏和集中式发电场景占据优势。太空光伏为P型HJT、钙钛矿和叠层电池带来了新的市场。传统卫星上用的砷化镓电池成本高昂，且原料和产能受限，无法满足商业航天快速增长的需求。超薄P型HJT电池与柔性太阳翼高度适配，且轻量化和抗辐照性能优越。P型HJT-钙钛矿叠层电池可实现30%以上的效率，而成本远低于同等效率的砷化镓电池，有望成为太空电源系统的重要组成部分。在全球和中国企业与科研机构的共同努力下，钙钛矿电池在效率、成本、良率、稳定性和大规模量产方面持续进步。2026年5月，仁烁光能宣布商用尺寸单结钙钛矿组件（7200cm²）全面积稳态效率达19.3%。2026年6月，极电光能与中建四局签约单体最大的钙钛矿组件项目。同月，纤纳光电宣布钙钛矿小组件以19.48cm²全面积稳态效率23.9%继续保持世界纪录。钙钛矿领军企业和晶硅光伏巨头都积极投入钙钛矿叠层电池和太空光伏应用技术研发。2026年3月，隆基绿能超薄柔性叠层电池（约60微米）在实验室尺寸上效率达33.4%；在全硅片尺寸上效率达29.8%。2026年4月，晶科宣布两端单片钙钛矿/TOPCon叠层电池效率达32.76%。2026年6月，协鑫光电2042cm²大面积钙钛矿-晶硅叠层组件认证效率达到30.23%。同期，协鑫光电与紫微科技签约，围绕钙钛矿电池片在轨性能测试展开深度合作。钙钛矿叠层电池比单结钙钛矿电池更具技术挑战。四端叠层电池技术兼容性好、制备难度较低，但结构复杂、成本高。两端叠层电池结构紧凑、成本相对低、光学损耗更小，但工艺难度较大。而太空应用的P型HJT-钙钛矿叠层电池则需要在紫外辐照、粒子辐照及高低温交变等极端条件下实现长周期稳定运行。2026年5月，神舟二十三号载人飞船成功发射，本次任务包括两类钙钛矿太阳能电池材料和器件在中国空间站的动态服役实验。2026钙钛矿与太空光伏技术、设备和材料论坛将于10月27-28日在常州召开。会议将探讨HJT、钙钛矿和叠层电池在太空光伏的市场机遇，大面积工业化钙钛矿与叠层电池材料体系、结构设计、制造工艺、核心设备、良率、转换效率与成本，钙钛矿与叠层电池在BIPV、消费电子、新能源汽车、光伏电站的应用方案，太空光伏硬质可折叠太阳翼与柔性可卷绕太阳翼，太空光伏HJT-钙钛矿叠层太阳翼制备工艺、测试认证、抗辐射性和长期稳定性，砷化镓、碲化镉、HJT-钙钛矿叠层太空光伏竞争格局展望等。会议主题1. 光伏行业展望与钙钛矿和叠层电池市场分析2. HJT、钙钛矿和叠层电池在太空光伏的市场机遇3. 钙钛矿电池分布式电站与大型地面电站运行情况总结4. 钙钛矿产能展望和技术、设备与材料市场机遇5. 钙钛矿溶液涂布和干燥结晶的技术挑战与工艺优化6. 钙钛矿溶液喷墨打印技术与先进设备7. 钙钛矿电池HTL和ETL薄膜制备方案与关键设备8. 激光技术在钙钛矿电池生产中的应用9. 钙钛矿导电玻璃技术路线和供应展望10. 钙钛矿电池材料体系、界面钝化与结构调控11. 铂族金属在钙钛矿电池的应用优势与价值分析12. 钙钛矿电池的长期稳定性研究13. 全钙钛矿叠层电池竞争力分析与效率展望14. 两端叠层电池技术研发挑战与解决思路15. 平米级四端叠层组件结构设计与制造工艺16. 钙钛矿-BC三端叠层电池的优势与挑战17. 服务于晶硅-钙钛矿叠层电池的超低温固化银浆18. 服务于钙钛矿叠层组件的封装技术与封装材料19. 钙钛矿与叠层电池测试标准和测试技术20. 柔性钙钛矿太阳能电池技术研发与量产工艺21. 柔性钙钛矿电池在消费电子和可穿戴设备的应用实践22. 钙钛矿与叠层电池在BIPV与新能源汽车的市场潜力23. 低轨太空光伏的挑战：紫外辐照、粒子辐照、原子氧腐蚀及高低温交变24. 太空光伏技术路线：硬质可折叠太阳翼与柔性可卷绕太阳翼25. 40-50μm级超薄硅片与P型HJT电池的批量制造26. 太空光伏P型HJT电池抗辐射性能与轻量化潜力27. 太空光伏P型HJT-钙钛矿叠层电池制备工艺与抗辐射性和长期稳定性28. 太空光伏电池阵及电源系统集成与测试验证29. 高性能全钙钛矿叠层太阳翼优势分析30. 砷化镓、碲化镉、HJT-钙钛矿叠层太空光伏竞争格局展望参会报名优惠票：9月24日前，2200元/位正常票：10月27日前，3200元/位赞助方案项目项目内容主题演讲25分钟主题演讲参会名额微信推送“光伏前沿”微信公众号，企业介绍以及相关软文会刊广告研讨会会刊，彩色全页广告（尺寸A4）资料入袋赞助企业的宣传册放入会议包袋现场展台现场展示台，展示样品、资料，含两个参会名额现场易拉宝现场1个易拉宝展示礼品赞助印有赞助商logo的礼品赠送参会听众茶歇赞助冠名和赞助会议期间的茶歇晚宴赞助冠名和赞助会议的招待晚宴Logo展示背景墙 logo，会刊封面logo联系我们微信/电话｜*********** （朱经理）邮箱｜ritazhu@chemweekly.com往届回顾：第八届钙钛矿、叠层与太空光伏技术论坛2026成功召开第七届钙钛矿、异质结与叠层电池论坛首日成功召开第六届钙钛矿、异质结与叠层电池论坛圆满结束第五届钙钛矿、异质结与叠层电池论坛圆满落幕第四届钙钛矿与叠层电池技术论坛2022成功召开！第三届钙钛矿技术、设备和材料论坛2024成功召开 钙钛矿技术、设备和材料论坛2023成功召开！2026钙钛矿与太空光伏技术、设备和材料论坛将于10月27-28日在常州召开,,,,pending
电子科大杨亚杰老师通过复合固态电解质，实现5.03V高电压窗口和0.77高离子电导率,智锂魔方,智锂魔方,"RIOnews API, 新材料, 碳, 聚合物, 钙钛矿, 高比能, 锂金属, 硅, 前沿表征, 原位, 固态电池, 固态电解质",normal,2026-09-12T17:00:00+08:00,,固态锂金属电池中电解质始终卡在一个矛盾里：导锂要快，又要跟锂金属和睦相处。近期，电子科大杨亚杰老师及其团队发表于《Advanced Energy Materials》的这项工作，用一层约2 nm厚的氧化铈包覆层，把这两头同时往前推了一步。LLTO的三道坎陶瓷填料是钙钛矿型LLTO（Li₀.₃₃La₀.₅₆TiO₃），体相离子电导率可达10⁻⁴–10⁻³ S/cm、电化学窗口近5 V，纸面数据亮眼。但真用起来有三道坎：晶界电导率比体相低近两个数量级；Ti⁴⁺接触锂金属易被还原成低价钛，生成高阻抗层；表面能高、在聚合物中严重团聚，表面残留的碳酸盐无定形层还会拖慢锂离子迁移。此前的解法各有短板——硅,http://mp.weixin.qq.com/s?__biz=Mzk4ODU2ODU5OA==&mid=2247499175&idx=1&sn=2e1c9ae321798147caae76c9e1f06d9d,,固态锂金属电池中电解质始终卡在一个矛盾里：导锂要快，又要跟锂金属和睦相处。近期，电子科大杨亚杰老师及其团队发表于《Advanced Energy Materials》的这项工作，用一层约2 nm厚的氧化铈包覆层，把这两头同时往前推了一步。LLTO的三道坎陶瓷填料是钙钛矿型LLTO（Li₀.₃₃La₀.₅₆TiO₃），体相离子电导率可达10⁻⁴–10⁻³ S/cm、电化学窗口近5 V，纸面数据亮眼。但真用起来有三道坎：晶界电导率比体相低近两个数量级；Ti⁴⁺接触锂金属易被还原成低价钛，生成高阻抗层；表面能高、在聚合物中严重团聚，表面残留的碳酸盐无定形层还会拖慢锂离子迁移。此前的解法各有短板——硅,"固态锂金属电池中电解质始终卡在一个矛盾里：导锂要快，又要跟锂金属和睦相处。近期，电子科大杨亚杰老师及其团队发表于《Advanced Energy Materials》的这项工作，用一层约2 nm厚的氧化铈包覆层，把这两头同时往前推了一步。LLTO的三道坎陶瓷填料是钙钛矿型LLTO（Li₀.₃₃La₀.₅₆TiO₃），体相离子电导率可达10⁻⁴–10⁻³ S/cm、电化学窗口近5 V，纸面数据亮眼。但真用起来有三道坎：晶界电导率比体相低近两个数量级；Ti⁴⁺接触锂金属易被还原成低价钛，生成高阻抗层；表面能高、在聚合物中严重团聚，表面残留的碳酸盐无定形层还会拖慢锂离子迁移。此前的解法各有短板——硅烷偶联剂等有机改性层耐热与电化学稳定性不足，挡不住LLTO与锂的直接接触；直接把CeO₂当惰性填料掺进去，它与LLTO各自分散、无法形成贴身耦合，也管不住界面副反应。核心思路，给LLTO穿一件氧化铈外衣用溶剂热法在LLTO表面原位生长一层均匀致密的CeO₂界面层（C–LLTO），再与三元共聚物PVDF-TrFE-CTFE（PTC）复合成膜（PTCLC）。这层壳具有钝化LLTO表面的高活性路易斯酸位点，避免诱发PTC基体脱氟化氢降解；靠丰富的Ce–O极性基团与偶极、弱氢键作用改善与聚合物的亲和性，并用空间位阻把颗粒""撑开""、抑制团聚；同时充当物理屏障，隔绝LLTO与锂金属的直接接触。结构表征，壳确实长在了LLTO上XRD显示包覆后LLTO晶型未变，仅在2θ=28.5°出现明显宽化的CeO₂（111）峰，说明这层氧化铈结晶度低，恰好利于形成致密、偏无定形的保护层。XPS的Ce 3d谱由四价与三价铈共同组成，意味着壳层富含氧空位。TEM更直观：CeO₂层厚约1.51–2.35 nm，晶态与非晶态混合分布，与LLTO之间还有1.57–2.39 nm厚的化学过渡区，Ce、La、Ti、O信号在界面连续过渡，面扫证实包覆均匀。反观未处理的LLTO，表面裹着6.3–12.4 nm厚、厚薄不一的无定形碳酸盐层，正是高阻抗的来源之一。此外，PTCLC的电子电导率为1.89×10⁻¹⁰ S/cm，与PTCL（2.31×10⁻¹⁰ S/cm）同量级甚至略低，说明引入氧空位并未抬高漏电流风险。理论说明锂离子在这条路上跑得更顺DFT计算给出了机理解释。Li⁺在裸LLTO表面的吸附能高达−5.45 eV，束缚过强难以脱附；包覆后降至−3.87 eV（C–LLTO–O）与−4.03 eV（含氧空位C–LLTO–VO）。同时TFSI⁻吸附能从−3.35 eV变为−4.27 eV和−4.59 eV。表面由死抓Li⁺转向优先吸附阴离子，从而促进LiTFSI解离、限制阴离子迁移。迁移路径计算显示，氧空位使Li⁺进入氧化铈层及层内迁移的势垒分别从1.35、1.12 eV降到1.21、0.94 eV，全程低于Li⁺从LLTO表面进入体相所需的1.93 eV；加上两种材料能带差异引发的界面电荷转移与内建电场，额外提供了迁移动力。作者也强调，提升并非所有势垒""一刀切""下降，而是阴离子优先吸附、Li⁺适度脱附与空位辅助传导的叠加。性能验证更强、更韧、更导电形貌上，PTCLC膜表面均匀、疏松多孔而平整，元素分布均匀；PTCL则出现""岛状""凸起，La、Ti、O明显聚集。力学上，PTCLC可承受5.87 MPa应力与96.5%应变，优于PTCL（4.23 MPa、88.8%）和纯PTC（4.01 MPa、57.2%），可反复折叠复原。DSC显示PTC结晶度23.2%，加入未改性LLTO升至28.2%（异相成核），而PTCLC降至19.3%——包覆层屏蔽了LLTO表面的成核位点，抑制聚合物的诱导取向结晶，膜更柔韧。拉曼分峰表明PTCLC中自由阴离子（SSIP）占比38.38%，远高于PTCL的10.87%和PTC的4.25%，锂盐解离更充分。最终，室温离子电导率达0.772 mS/cm、锂离子迁移数0.626，优于PTCL（0.526 mS/cm、0.557）与PTC（0.373 mS/cm、0.196）；活化能降至0.56 eV（对比0.69、0.74 eV）；电化学窗口拓宽至5.03 V（对比4.88、4.78 V）。与锂金属相处，1500小时只是起点临界电流密度测试中，PTCLC达2.0 mA/cm²，高于PTCL的1.0和PTC的0.53 mA/cm²。对称电池在0.1 mA/cm²下稳定循环超1500 h不短路，极化电压仅48 mV；而Li|PTC|Li与Li|PTCL|Li分别在287 h、504 h即软短路。提高到0.3 mA/cm²后，PTCLC仍稳定循环300 h、极化97 mV，另两组则分别在25 h和120 h失效。Tafel交换电流密度0.381 mA/cm²，显著高于PTCL的0.117和PTC的0.0426 mA/cm²；Aurbach法测得Li||Cu库伦效率93.5%，高于PTCL的90.0%与PTC的87.3%；连续锂沉积容量达24.48 mAh/cm²，而PTCL、PTC仅4.23和0.62 mAh/cm²。循环100 h后的表征同样有说服力：PTCL侧锂片表面Ti 2p谱出现明显低价钛信号，说明Ti⁴⁺被还原，PTCLC侧则显著减弱、锂表面更平整致密；原位EIS结合DRT分析显示，Li|PTCLC|Li在20圈循环中阻抗全程低而稳，代表SEI阻抗的τ2峰几乎不动，而Li|PTCL|Li的τ1–τ4全面抬升——副反应被有效摁住。全电池与软包验证倍率上，Li|PTCLC|LFP在0.1C下放出157.4 mAh/g（PTCL为151.8、PTC为142.1），升至3C仍有121.6 mAh/g，而PTCL已跌到49.8 mAh/g；1C长循环初始129.8 mAh/g，750圈后保持88%，PTCL与PTC则分别在300圈和190圈后急剧衰减。高电压体系上，Li|PTCLC|NCM811在0.1C下给出196.4 mAh/g（对比184.4、173.8 mAh/g）；3–4.3 V、0.5C条件下初始168.3 mAh/g，循环350圈后容量保持77%，库伦效率稳定在99.7%–100.3%，两组对照电池约200圈后便短路失效；20圈后电荷转移阻抗仅从251 Ω增至257 Ω，PTCL则从347 Ω升至396 Ω。在4.4 V高截止电压与60℃下，电池分别稳定循环140圈与250圈。正极界面分析显示，PTCL组NCM811颗粒出现明显裂纹，CEI厚达4.8–10.9 nm且不均，表面Ni²⁺与NiO岩盐相更多；PTCLC组颗粒形貌规整，CEI仅2.8–3.4 nm且均匀，TOF–SIMS表明LiF⁻富集在最表层，形成薄而受限的富氟钝化层。软包验证同样扎实：单层Li|PTCLC|NCM811软包在0.5C下放出163 mAh/g，300圈后保持76%，开路电压3.87 V；LFP软包1C下123.6 mAh/g，300圈保持83%；经折叠、剪切与针刺后仍能点亮LED灯板且未短路。文献信息：Title: Interface Engineering via Ceria Coating Reconciles Ion Transport and Lithium Compatibility in Composite Polymer ElectrolytesAuthor: Quanzhi Lin, Senlin Liao, Yajie Yang*, .et al.DOI: 10.1002/aenm.71551我是锂科生，将持续为大家分享锂电相关的知识和信息。如果喜欢，还请顺手点个关注和转发，也可在下方留言讨论，不胜感激。***声明***：本文基于公开学术成果及行业数据整理，实验数据和图片均引自文献，如有侵权，请联系公众号客服删除。电子科大杨亚杰老师通过复合固态电解质，实现5.03V高电压窗口和0.77高离子电导率",,,,pending
注资2亿元！氢能国企成立热力子公司,氢能观察,氢能观察,"RIOnews API, 第二增长曲线, 氢",normal,2026-09-12T16:31:36+08:00,,氢能观察获悉，9月7日，陕西氢能（宝鸡）能源发展有限公司成立，法定代表人黄晔，注册资本20000万元。该公司经营范围：一般项目：储能技术服务；工程和技术研究和试验发展；太阳能发电技术服务；风力发电技术服务；新兴能源技术研发；发电技术服务；站用加氢及储氢设施销售；太阳能热发电产品销售；太阳能热发电装备销售；物业管理；会议及展览服务（出国办展须经相关部门审批）；仓储设备租赁服务；机械设备租赁；供冷服务；以自有资金从事投资活动；地质勘查技术服务；工程管理服务；工业工程设计服务；电池制造；电池销售；气体、液体分离及纯净设备制造；气体、液体分离及纯净设备销售；节能管理服务；资源循环利用服务技术咨询；合同,http://mp.weixin.qq.com/s?__biz=MzAxMTUxNzgyOA==&mid=2247621218&idx=2&sn=45583f5592296659f1683234e6a2364f,,氢能观察获悉，9月7日，陕西氢能（宝鸡）能源发展有限公司成立，法定代表人黄晔，注册资本20000万元。该公司经营范围：一般项目：储能技术服务；工程和技术研究和试验发展；太阳能发电技术服务；风力发电技术服务；新兴能源技术研发；发电技术服务；站用加氢及储氢设施销售；太阳能热发电产品销售；太阳能热发电装备销售；物业管理；会议及展览服务（出国办展须经相关部门审批）；仓储设备租赁服务；机械设备租赁；供冷服务；以自有资金从事投资活动；地质勘查技术服务；工程管理服务；工业工程设计服务；电池制造；电池销售；气体、液体分离及纯净设备制造；气体、液体分离及纯净设备销售；节能管理服务；资源循环利用服务技术咨询；合同,氢能观察获悉，9月7日，陕西氢能（宝鸡）能源发展有限公司成立，法定代表人黄晔，注册资本20000万元。该公司经营范围：一般项目：储能技术服务；工程和技术研究和试验发展；太阳能发电技术服务；风力发电技术服务；新兴能源技术研发；发电技术服务；站用加氢及储氢设施销售；太阳能热发电产品销售；太阳能热发电装备销售；物业管理；会议及展览服务（出国办展须经相关部门审批）；仓储设备租赁服务；机械设备租赁；供冷服务；以自有资金从事投资活动；地质勘查技术服务；工程管理服务；工业工程设计服务；电池制造；电池销售；气体、液体分离及纯净设备制造；气体、液体分离及纯净设备销售；节能管理服务；资源循环利用服务技术咨询；合同能源管理；热力生产和供应；技术服务、技术开发、技术咨询、技术交流、技术转让、技术推广；新能源汽车整车销售；新能源汽车电附件销售；新能源汽车换电设施销售；智能基础制造装备销售；机动车充电销售；日用化学产品销售；道路货物运输站经营；运输设备租赁服务；集中式快速充电站；电动汽车充电基础设施运营；输配电及控制设备制造；智能输配电及控制设备销售；电力行业高效节能技术研发（除依法须经批准的项目外，凭营业执照依法自主开展经营活动）。许可项目：输电、供电、受电电力设施的安装、维修和试验；供暖服务；发电业务、输电业务、供（配）电业务；检验检测服务；安全生产检验检测；特种设备检验检测（依法须经批准的项目，经相关部门批准后方可开展经营活动，具体经营项目以审批结果为准）。股东信息显示，该公司由陕西省国企—陕西氢能产业发展有限公司100%投资控股。来源：企查查推荐阅读押注越多，风险越小？从国富氢能看如何穿越行业“阵痛期”生存战！燃料电池企业下场储能，是“进军”还是“退路”？不出海，就出局！中国氢能已进入“国际时间”全球油阀告急！氢能扛起能源战略终极底牌！八年热潮一朝降温，氢能走到“生死”岔路口交付热≠行业好！电解槽拉响爆单预警！氢能观察获悉，9月7日，陕西氢能（宝鸡）能源发展有限公司成立，法定代表人黄晔，注册资本20000万元。,,,,pending
本土消纳遇阻，这些氢氨醇项目凭什么拿下全球订单？,氢能观察,氢能观察,"RIOnews API, 第二增长曲线, 氢, 甲醇, 氨, 绿色, 合作进展, 投资, 合作, 量产推进, 示范验证, 产能",normal,2026-09-12T16:31:36+08:00,,当前，国内绿色氢氨醇产业正在经历整体出清、细分突围、产能过剩、需求错配的尴尬窘境。经过数年政策红利的驱动，国内绿氢、绿氨、绿色甲醇规划产能规模庞大，远超国内本土市场实际消纳能力，行业内卷加剧，大量中小项目因成本高、无落地场景、盈利薄弱而被迫停建缩水。经过一番野蛮生长，国内氢氨醇项目开始加速出海，试图拿下国际订单，以此赚取更多项目收益。传统煤制甲醇、煤制灰氨成本低廉，绿色氨醇产品存在明显绿色溢价，本土化工、化肥、传统燃料市场替代意愿极低，终端应用场景培育缓慢，内需不足以承接现有新增产能。但头部一体化项目凭借资源、技术、资质优势实现逆势突破。目前我国绿色甲醇、绿氨实际产能全球占比分别超60%、75,http://mp.weixin.qq.com/s?__biz=MzAxMTUxNzgyOA==&mid=2247621218&idx=1&sn=813bd53a76e3c63592724ab1c8de0058,,当前，国内绿色氢氨醇产业正在经历整体出清、细分突围、产能过剩、需求错配的尴尬窘境。经过数年政策红利的驱动，国内绿氢、绿氨、绿色甲醇规划产能规模庞大，远超国内本土市场实际消纳能力，行业内卷加剧，大量中小项目因成本高、无落地场景、盈利薄弱而被迫停建缩水。经过一番野蛮生长，国内氢氨醇项目开始加速出海，试图拿下国际订单，以此赚取更多项目收益。传统煤制甲醇、煤制灰氨成本低廉，绿色氨醇产品存在明显绿色溢价，本土化工、化肥、传统燃料市场替代意愿极低，终端应用场景培育缓慢，内需不足以承接现有新增产能。但头部一体化项目凭借资源、技术、资质优势实现逆势突破。目前我国绿色甲醇、绿氨实际产能全球占比分别超60%、75,当前，国内绿色氢氨醇产业正在经历整体出清、细分突围、产能过剩、需求错配的尴尬窘境。经过数年政策红利的驱动，国内绿氢、绿氨、绿色甲醇规划产能规模庞大，远超国内本土市场实际消纳能力，行业内卷加剧，大量中小项目因成本高、无落地场景、盈利薄弱而被迫停建缩水。经过一番野蛮生长，国内氢氨醇项目开始加速出海，试图拿下国际订单，以此赚取更多项目收益。传统煤制甲醇、煤制灰氨成本低廉，绿色氨醇产品存在明显绿色溢价，本土化工、化肥、传统燃料市场替代意愿极低，终端应用场景培育缓慢，内需不足以承接现有新增产能。但头部一体化项目凭借资源、技术、资质优势实现逆势突破。目前我国绿色甲醇、绿氨实际产能全球占比分别超60%、75%，稳居全球第一供给地位。兴安盟、洮南、大安、松原等标杆项目，纷纷拿下ISCC EU国际认证、船燃级品质认证，陆续完成营口港、洋山港、连云港、南京港等核心港口发运，批量出口韩国、印度、欧洲航运市场，实现从技术示范到规模化国际交付的跨越，成为行业降温浪潮中为数不多的盈利落地赛道。究其原因，之所以绿氨及绿色甲醇产品能够规模化出海，不仅得益于当前市场需求的逐步扩大，更象征着行业在彻底告别概念性炒作的路上迈出重要一步。金风科技兴安盟绿色甲醇项目近日，内蒙古兴安盟金风科技绿色甲醇项目首批产品正式发往辽宁营口港，标志着全球首创风电制氢耦合生物质气化制甲醇全产业链技术路线实现完整工程化、产业化闭环，从示范验证阶段进入商业化运营阶段。该项目是全球在建的最大绿色甲醇项目，该项目一期由金风科技全资子公司——金风绿能化工（兴安盟）有限公司建设，总投资22.96亿元，一期规划产能25万吨/年，2025年10月，该项目一期产出绿色甲醇，产品指标全部优于IMPCA船燃级标准，一次性通过第三方SGS全项检测。金风科技已与马士基、赫伯罗特等全球头部航运企业签订累计超 75 万吨绿色甲醇长期保供协议，是国内最早实现绿色甲醇大规模国际化长协落地的企业。上海电气洮南风电制氢合成绿色甲醇项目8月17日，“绿动全球，领航未来”绿色甲醇加注仪式在上海洋山港举行，上海电气联合上港集团、法国达飞集团顺利完成批量化绿色甲醇加注，总加注量达8000吨，创下全球单次绿色甲醇加注量最高纪录。上海电气洮南风电制氢合成绿色甲醇一体化项目，是国内首个风电耦合生物质绿色甲醇一体化示范项目，聚焦绿电绿氢与生物质资源化利用，打造绿色低碳新能源化工标杆，总投资224亿元，规划总产能100万吨/年，配套新能源装机超300万千瓦，采用风电制氢+生物质气化耦合核心技术路线，同步获得欧盟ISCC全流程认证，为国内首个获该认证的绿色甲醇项目。2025年3月20日，上海电气、法国达飞集团、上港集团在上海正式签署《绿色甲醇供应、运输、加注长期合作框架协议》。根据协议，上海电气将依托其自主投资建设的洮南市风电耦合生物质绿色甲醇一体化项目，为全球海陆空运输和物流解决方案领军者法国达飞集团提供绿色甲醇燃料的中长期供应，并携手上港集团通过陆海联运方式将绿色甲醇从吉林洮南运送至全球集装箱吞吐量第一大港——上海港完成加注，形成“生产-运输-加注”闭环。中集安瑞科湛江绿色甲醇项目2月14日，一艘装载着800吨绿色甲醇的远洋货轮从湛江港启航，奔赴国际航线。这是中集安瑞科旗下中集绿能低碳科技（广东）公司生产的绿色甲醇首次实现批量出口，也是华南地区绿色燃料航运领域的重要突破。本次绿色甲醇来源于中集安瑞科打造的国内首个量产生物甲醇项目——中集安瑞科湛江绿色甲醇项目，一期年产5万吨，产品碳减排率超85%，并获ISCC EU国际认证，完全满足国际航运脱碳的高标准需求。电投绿能大安绿氢合成氨一体化项目7月28日，一艘装载3750吨绿氨的万吨巨轮从连云港启航运往韩国。一举刷新绿氨单批次出口全球纪录，标志着我国绿色燃料产业从“技术示范”正式迈入“规模化国际商业交付”新阶段。此次出口的绿氨全部产自位于大安的国家电投集团“氢洲·大安绿氨”示范项目。该项目于2025年7月建成投产，配套新能源装机80万千瓦，年产绿氢3.2万吨、绿氨18万吨，一举创下全球最大单体绿氨装置等五项“全球之最”。同年10月，该项目获颁全球首张“非生物来源可再生燃料氨”认证，依托这一国际通行的“绿色身份证明”，本批次绿氨首次以“全生命周期碳减排贡献”获得国际市场绿色价值认可。中能建松原氢能产业园项目6月27日，全球首艘氨燃料动力远洋船舶“安特卫普”轮在南京江北新区清江码头完成装货，满载30214吨液氨驶往印度。这批货物的价值约为1.32亿元。这批绿氨的源头来自中国能建松原绿色氢氨醇一体化项目（“青氢一号”），年产4.5万吨绿氢、20万吨绿氨及绿色甲醇。松原项目已获得法国必维国际检验集团颁发的ISCC EU欧盟绿色认证，拿到了进军全球绿色能源市场的“国际通行证”。该项目是全球最大绿色氢氨醇一体化项目，2025年末投产后即获得欧盟ISCC EU认证，并与比利时CMB.TECH、江苏安德福等企业签订全球首单远洋航运绿氨销售合同。能建绿色氢氨新能源(松原)有限公司副总经理魏东杰介绍，自投产以来，项目各区域装置稳定运行，合成氨装置生产负荷已达80%，单日绿氨产能达500吨以上。来源：氢能观察作者：氢能观察推荐阅读押注越多，风险越小？从国富氢能看如何穿越行业“阵痛期”生存战！燃料电池企业下场储能，是“进军”还是“退路”？不出海，就出局！中国氢能已进入“国际时间”全球油阀告急！氢能扛起能源战略终极底牌！八年热潮一朝降温，氢能走到“生死”岔路口交付热≠行业好！电解槽拉响爆单预警！当前，国内绿色氢氨醇产业正在经历整体出清、细分突围、产能过剩、需求错配的尴尬窘境。,,,,pending
规划37座+储备20座！江门市发布最新加氢站布局方案,氢能观察,氢能观察,"RIOnews API, 第二增长曲线, 氢",normal,2026-09-12T16:31:36+08:00,,9月9日，江门市发展和改革局正式印发《江门市加氢站布局方案（2026—2030 年）》（简称：《方案》）。根据《方案》，江门市现有加氢站一座，规划加氢站37座，储备加氢站20座：《方案》原文如下：江门市加氢站布局方案（2026—2030年）根据《氢能产业发展中长期规划（2021—2035年）》《关于同意京津冀等5个城市群开展氢能综合应用试点工作的通知》《广东省加快氢能产业创新发展的意见》《广东省燃料电池汽车加氢站建设管理暂行办法》及《江门市氢能综合应用试点工作方案》等文件精神，结合我市实际，制定本加氢站布局方案。一、发展目标及基本原则至2030年，通过市场主导、政府引导，逐步建设形成布局合理、,http://mp.weixin.qq.com/s?__biz=MzAxMTUxNzgyOA==&mid=2247621218&idx=3&sn=493819b4e6e98272912427f14b48a148,,9月9日，江门市发展和改革局正式印发《江门市加氢站布局方案（2026—2030 年）》（简称：《方案》）。根据《方案》，江门市现有加氢站一座，规划加氢站37座，储备加氢站20座：《方案》原文如下：江门市加氢站布局方案（2026—2030年）根据《氢能产业发展中长期规划（2021—2035年）》《关于同意京津冀等5个城市群开展氢能综合应用试点工作的通知》《广东省加快氢能产业创新发展的意见》《广东省燃料电池汽车加氢站建设管理暂行办法》及《江门市氢能综合应用试点工作方案》等文件精神，结合我市实际，制定本加氢站布局方案。一、发展目标及基本原则至2030年，通过市场主导、政府引导，逐步建设形成布局合理、,9月9日，江门市发展和改革局正式印发《江门市加氢站布局方案（2026—2030 年）》（简称：《方案》）。根据《方案》，江门市现有加氢站一座，规划加氢站37座，储备加氢站20座：《方案》原文如下：江门市加氢站布局方案（2026—2030年）根据《氢能产业发展中长期规划（2021—2035年）》《关于同意京津冀等5个城市群开展氢能综合应用试点工作的通知》《广东省加快氢能产业创新发展的意见》《广东省燃料电池汽车加氢站建设管理暂行办法》及《江门市氢能综合应用试点工作方案》等文件精神，结合我市实际，制定本加氢站布局方案。一、发展目标及基本原则至2030年，通过市场主导、政府引导，逐步建设形成布局合理、供需适配、功能融合、安全高效的加氢基础设施体系，全市力争建成加氢站不少于20座，加氢总能力达20吨/天（年加氢能力0.73万吨）。市场主导，政府引导。充分发挥市场资源配置决定性作用，健全加氢站建设运营市场化机制，引导多元主体参与；通过市场主导、政府规划引领，推动加氢站有序建设。安全为本，规范发展。坚持“安全第一、预防为主、综合治理”的方针，严格执行加氢站国家技术标准，建立健全加氢站全生命周期安全管理体系。鼓励合建，高效集约。在满足安全防护间距前提下，推广加氢站与加油、充换电站合建模式，支持现有场站改扩建加氢设施，盘活存量、提升土地利用效率。站车相随，合理布局。贴合氢能车船运行规律就近布站，严控安全防护间距，优先选址交通便利、邻近氢源点位，兼顾加注便捷、储运降本与交通通行效率。二、布局方案（一）总体布局到2030年，共布局加氢站37座。按行政区域布局：蓬江区4座、江海区3座、新会区8座、台山市9座、开平市5座、鹤山市5座、恩平市3座。按服务区域布局：城区加氢站12座、高速加氢站8座、港区加氢站7座（内河港5座、海港2座）、国省道加氢站10座。（二）布局重点区域1.重点干线通道。重点覆盖高速、国省道、产业园区、核心物流枢纽等应用场景，为干线重卡、冷链物流车、园区运输车辆等提供便捷加注服务。高速、国省道方面，重点依托沈海、中阳等主干高速服务区以及国道G325、G240，省道S270、S271、S275、S384等布点，并衔接广湛氢能高速江门段示范建设。2.重点产业园区。重点在江沙产业园、杜阮工业园、江海应急产业园、新会经济开发区、台山工业新城、开平翠山湖、鹤山工业城、恩平工业园等园区周边及园区车辆主要出入口就近布点；物流园区方面，重点围绕珠西物流园区布局，满足物流车加氢需求。3.城市环卫与工程作业集中区。围绕生活垃圾焚烧设施、建筑垃圾消纳场、大型采矿场周边布局，适配环卫车、渣土运输车辆集中作业、批量补能需求。重点在江门大道沿线、开平市固废综合处理中心、崖门镇灶面山矿区、高新港、鱼塘港等周边进行规划布点，就近满足工程、环卫车辆补能需求，助力相关领域零碳、低碳转型。 4.重点港口码头。聚焦广海湾港区、山咀码头、主城港区、新会港区、开平三埠港区、台山港区及西江、潭江航道关键节点规划布局加氢站，适配氢能船舶单次加注量大、加注周期宽裕的特点，兼顾港区重卡、场内叉车协同补给，实现“车－船” 一体化补能，提升站点综合利用率。5.重点公交客运节点。对接客运站、公交停保场及文旅景区周边点位，聚焦城市公交、城际客运、旅游巴士核心需求，推动加氢设施与公交客运场景深度融合。重点布局赤坎华侨古镇、江门大道沿线等重要节点。分别在上川岛、下川岛各规划布局1个加氢站点，服务川岛文旅观光巴士、接驳车辆及游船的氢能加注需求，助力打造零碳岛。（三）储备加氢站布局为有效应对规划布局实施过程中的各种不确定性，在37座加氢站规划布点基础上，另谋划储备20座加氢站（按行政区域划分：蓬江4座、江海5座、新会3座、台山1座、开平4座、鹤山1座、恩平2座）。实施过程中，若正式37座加氢站布局点位因土地权属、规划调整等原因难以落实，或储备布点更具市场需求优势，可结合实际将储备站点转为正式使用。位于高速公路、国道、省道和城市主干道的加油（气）站，具备加氢设施建设条件的，视为已纳入加氢站布局规划。三、保障措施（一）加强组织协调。根据《广东省燃料电池汽车加氢站建设管理暂行办法》精神，发展改革部门负责加氢站布局方案编制、项目立项审批（备案）工作；住房和城乡建设部门负责加氢站工程的施工许可和质量安全监管，负责加氢站建设项目消防设计审查、消防验收；燃气主管部门负责加氢站统筹建设、运营监管等工作；市场监管部门负责加氢站特种设备安全监督管理，对使用计量器具实施监督，负责对加氢站销售的氢气质量实施监督管理，依法核发加氢站的气瓶（移动式压力容器）充装许可证；自然资源、生态环境部门分别做好项目用地审批、环境影响评价管理工作。各职能部门密切配合、形成合力，协同解决加氢站选址落地、并联审批等问题，确保加氢站有序建设与安全合规运营。（二）强化要素保障。各县（市、区）政府及自然资源部门做好土地政策资源支撑，优先保障加氢站土地利用计划指标，加快推进加氢基础设施规划布局与建设，适度超前建设加氢站。鼓励利用商业用地、工业用地、交通设施用地、物流仓储用地及道路边角地等闲置空间，灵活供地，满足加氢站规划落地与用地所需。鼓励现有加油站改扩建制氢加氢装置，鼓励新布点加油站同步规划建设加氢设施，加快布局油氢合建综合交通能源服务站。多渠道引导社会资本、国资平台等参与加氢站投资建设与运营。争取国家、省氢能综合应用试点政策支持加氢站建设。（三）实施弹性选址机制。在加氢站（含储备点）实际选址时，可在本布局规划确定的点位周边3公里范围内，结合区域土地利用现状、交通便捷性、安全间距要求、加氢需求分布等实际情况，合理调整具体选址位置，调整后需符合加氢站布局原则、选址标准及相关法律法规要求，确保加氢服务覆盖范围不缩小、服务效能不降低，兼顾选址合理性与实施可行性。（四）严格安全管理。在加氢站规划、设计、建设、运营全流程实施安全管控要求，严格执行安全消防、特种设备、防爆电气等标准规范。项目开工建设前，须按规定完成水土保持方案编报并取得水行政主管部门批准，未获批准不得开工。码头及水上加氢站在建设前须依法开展航道通航条件影响评价，建设完工前须完成安全与防污染专项评价，通过后方可投入运营，确保通航安全与防污染管控到位。同时，常态化开展隐患排查与动态清零，推进数字化安全监管体系建设，实现运行数据实时监测与风险智能预警，以高水平安全保障加氢基础设施高质量发展。点击文末阅读原文，查看官网内容来源：江门市人民政府推荐阅读押注越多，风险越小？从国富氢能看如何穿越行业“阵痛期”生存战！燃料电池企业下场储能，是“进军”还是“退路”？不出海，就出局！中国氢能已进入“国际时间”全球油阀告急！氢能扛起能源战略终极底牌！八年热潮一朝降温，氢能走到“生死”岔路口交付热≠行业好！电解槽拉响爆单预警！阅读原文9月9日，江门市发展和改革局正式印发《江门市加氢站布局方案（2026—2030 年）》（简称：《方案》）。,,,,pending
Angew. Chem.：1 A cm−2，Pd–RuO2质子受体促进PEM水电解,有机电催化,有机电催化,"RIOnews API, 电化学合成, 电催化",normal,2026-09-12T16:00:21+08:00,,酸性析氧 · 质子交换膜电解槽 · Pd–RuO2 · 质子转移一句话看懂RuO2在酸性析氧中具有较高本征活性，却受单金属位点的*OH/*OOH线性标度关系和晶格氧参与引发的失稳限制。该研究在RuO2中引入Pd质子受体，构建金属位点辅助脱质子路径；所得Pd–RuO2在PEM电解槽中以1.55 V实现1 A cm−2，并表现出较纯RuO2高15倍的稳定性。质子交换膜水电解的阳极需要在强酸和高电位下持续完成析氧，Ir基材料成本高，而RuO2虽活性突出却易发生过度氧化和溶解。传统吸附物演化机制将关键中间体演化限制在单一金属位点，难以同时突破动力学标度关系与稳定性。因此，如何重构脱质子路径并抑制晶格氧,http://mp.weixin.qq.com/s?__biz=MzUyNTc2ODMyOQ==&mid=2247562548&idx=1&sn=cb0458659c65ad4a3d18d83fe4163c54,,酸性析氧 · 质子交换膜电解槽 · Pd–RuO2 · 质子转移一句话看懂RuO2在酸性析氧中具有较高本征活性，却受单金属位点的*OH/*OOH线性标度关系和晶格氧参与引发的失稳限制。该研究在RuO2中引入Pd质子受体，构建金属位点辅助脱质子路径；所得Pd–RuO2在PEM电解槽中以1.55 V实现1 A cm−2，并表现出较纯RuO2高15倍的稳定性。质子交换膜水电解的阳极需要在强酸和高电位下持续完成析氧，Ir基材料成本高，而RuO2虽活性突出却易发生过度氧化和溶解。传统吸附物演化机制将关键中间体演化限制在单一金属位点，难以同时突破动力学标度关系与稳定性。因此，如何重构脱质子路径并抑制晶格氧,"酸性析氧 · 质子交换膜电解槽 · Pd–RuO2 · 质子转移一句话看懂RuO2在酸性析氧中具有较高本征活性，却受单金属位点的*OH/*OOH线性标度关系和晶格氧参与引发的失稳限制。该研究在RuO2中引入Pd质子受体，构建金属位点辅助脱质子路径；所得Pd–RuO2在PEM电解槽中以1.55 V实现1 A cm−2，并表现出较纯RuO2高15倍的稳定性。质子交换膜水电解的阳极需要在强酸和高电位下持续完成析氧，Ir基材料成本高，而RuO2虽活性突出却易发生过度氧化和溶解。传统吸附物演化机制将关键中间体演化限制在单一金属位点，难以同时突破动力学标度关系与稳定性。因此，如何重构脱质子路径并抑制晶格氧参与，仍是发展高效酸性析氧催化剂的关键。核心问题如何利用第二金属位点接收质子，降低*OOH形成的能垒并保持RuO2在酸性析氧条件下的结构稳定？本文要点1. Pd以Pd–O–Ru局域构型嵌入RuO2晶格，拉长邻近Ru–O键并降低Ru价态，为质子吸附和脱附提供可调位点。2. 理论计算提出金属位点质子受体辅助的MP-AEM路径，将常规AEM的关键脱质子步骤拆分为协同过程。3. MP-AEM将速率决定步骤自由能由1.90 eV降至1.49 eV，且实验KIE低于2，支持质子转移动力学获得加速。4. Pd–RuO2在0.5 M H2SO₄中10 mA cm−2时过电位为186 mV，并在PEM电解槽中以1.55 V达到1 A cm−2。关键图表解读Pd受体辅助的析氧反应路径。Figure 1. Pd受体辅助的析氧反应路径。MP-AEM将*O至*OOH转化拆分为两步，计算将速率决定自由能由1.90降至1.49 eV，表明Pd位点作为质子受体可绕开单金属位点的线性标度约束并降低关键脱质子能垒。Pd–RuO₂的局域结构证据。Figure 2. Pd–RuO2的局域结构证据。XAFS显示Pd–RuO2具有Pd–O–Ru配位，Ru–O峰位移动并伴随Ru价态降低，表明Pd的晶格嵌入同时调节局域配位和Ru电子结构，为抑制过度氧化创造结构基础。酸性析氧与PEM器件性能。Figure 3. 酸性析氧与PEM器件性能。酸性10 mA cm−2时过电位186 mV，PEM电解槽以1.55 V输出1 A cm−2，表明质子受体辅助路径可转化为器件层面的低电压析氧性能，并兼顾实际电流密度需求。原位谱学追踪结构稳定性。Figure 6. 原位谱学追踪结构稳定性。原位拉曼中Pd–RuO2的Ru–O振动峰在析氧过程中保持稳定，而对照RuO2出现明显谱峰衰减，表明降低Ru–O共价性和抑制晶格氧参与有助于减缓酸性析氧中的Ru氧化溶解。关键数据Pd–RuO2在0.5 M H2SO₄中10 mA cm−2时过电位186 mV、Tafel斜率59.7 mV dec−1；PEM电解槽以1.55 V达到1 A cm−2，稳定性较纯RuO2提高15倍。可以继续思考什么？Pd含量与Pd–O–Ru构型分布如何共同决定质子受体功能和Ru位稳定性？在更高电流密度和更长时运行中，Pd迁移、局部酸度以及膜电极传质对MP-AEM贡献的影响仍需原位定量。文献信息论文题目：Circumventing the Linear Scaling Limitation in Oxygen Evolution by Metal-Site Proton-Acceptor-Assisted Deprotonation期刊：Angewandte Chemie International Edition, 2026, e3610719DOI：10.1002/anie.3610719通讯作者：Shichun Mu有机电催化学术交流QQ群: 692419836",,,,pending
硅底电池如何影响钙钛矿/硅叠层的热稳定性？河北大学陈剑辉&陈兵兵&杨学良 ：解析SHJ、TOPCon、TBC基钙钛矿/硅叠层电池中的热量累积,钙钛矿太阳能电池,钙钛矿太阳能电池,"RIOnews API, 钙钛矿, 全钙钛矿叠层, 柔性钙钛矿, 学术研究, 大学, 教授, 科学院, 研究所",normal,2026-09-12T15:56:35+08:00,,小编微信：pftlovechina通讯作者：河北大学陈剑辉&陈兵兵& 杨学良钙钛矿 / 硅（PVK/Si）叠层太阳能电池的效率可接近 35%，但近红外光引发的热量累积严重制约其工作稳定性。本研究揭示了三种主流硅底电池（SHJ、TOPCon、TBC）的结构与材料层面产热机制。在近红外光照射下，SHJ 底电池稳态温度最高（65.2 ℃），效率衰减幅度最大（150 ℃条件下衰减 7.91%），原因在于其背面织构延长了近红外光的光程，同时 ITO / 氢化非晶硅层导热系数较低。与之相比，TBC 底电池采用平面背面结构与高导热的氮化硅 / 多晶硅叠层结构，产热最弱、稳定性最优，光电转换效率仅下降 5.8,http://mp.weixin.qq.com/s?__biz=MzkwMDU5MjA5OA==&mid=2247499087&idx=1&sn=fc05139c75e018144bd58e7e9d9c4498,,小编微信：pftlovechina通讯作者：河北大学陈剑辉&陈兵兵& 杨学良钙钛矿 / 硅（PVK/Si）叠层太阳能电池的效率可接近 35%，但近红外光引发的热量累积严重制约其工作稳定性。本研究揭示了三种主流硅底电池（SHJ、TOPCon、TBC）的结构与材料层面产热机制。在近红外光照射下，SHJ 底电池稳态温度最高（65.2 ℃），效率衰减幅度最大（150 ℃条件下衰减 7.91%），原因在于其背面织构延长了近红外光的光程，同时 ITO / 氢化非晶硅层导热系数较低。与之相比，TBC 底电池采用平面背面结构与高导热的氮化硅 / 多晶硅叠层结构，产热最弱、稳定性最优，光电转换效率仅下降 5.8,小编微信：pftlovechina通讯作者：河北大学陈剑辉&陈兵兵& 杨学良钙钛矿 / 硅（PVK/Si）叠层太阳能电池的效率可接近 35%，但近红外光引发的热量累积严重制约其工作稳定性。本研究揭示了三种主流硅底电池（SHJ、TOPCon、TBC）的结构与材料层面产热机制。在近红外光照射下，SHJ 底电池稳态温度最高（65.2 ℃），效率衰减幅度最大（150 ℃条件下衰减 7.91%），原因在于其背面织构延长了近红外光的光程，同时 ITO / 氢化非晶硅层导热系数较低。与之相比，TBC 底电池采用平面背面结构与高导热的氮化硅 / 多晶硅叠层结构，产热最弱、稳定性最优，光电转换效率仅下降 5.86%。依据 IEC 标准开展的长期热老化测试证实 SHJ 底电池存在显著的性能衰减。COMSOL 仿真在二端（2T）与四端（4T）两种叠层结构中均验证了上述结论。本研究为在上述几种结构中选择耐热型底电池提供参考，助力开发兼具高效率、高稳定性且具备工业化潜力的钙钛矿 / 硅叠层太阳能电池。图 1 钙钛矿 / 硅叠层电池的光学与热学背景 (a) 太阳光谱，标注了 Shockley-Queisser 极限（29.4%，浅紫色）、提取损耗（15%，浅红色）、热化损耗（33%，青绿色）以及未吸收损耗（19%）。带隙以下的近红外波段（900–2400 nm）由浅紫色虚线标出，为本研究重点研究区间。 (b) 钙钛矿 / 硅叠层电池中近红外光（900–2400 nm）产热原理示意图，插图为能带结构。 (c) 钙钛矿 / 硅叠层结构中采用的典型硅底电池（SHJ）。 (d) 四端钙钛矿 / 硅叠层太阳能电池示意图，展示光传播路径；顶电池吸收紫外与可见光，底电池吸收近红外光。 (e) 叠层电池的外量子效率谱。图 2 三种硅底电池及其封装件的温度与光学表征 (a) 三种硅电池（SHJ、TOPCon、TBC）的温度随时间变化曲线。 (b) 三种硅底电池的透射光谱；(c) 三种硅底电池的反射光谱。 (d) 封装后三种硅电池的温度随时间变化曲线。 (e) 封装后三种硅底电池的透射光谱；(f) 封装后三种硅底电池的反射光谱。当温度从25°C升至150°C时，PVK/SHJ叠层电池的效率损失高达7.91%（绝对值），PVK/TOPCon损失7.02%，而PVK/TBC仅损失5.86%。IEC标准的TC200热循环测试（-40°C至85°C，200次循环）进一步验证了这一趋势：SHJ底电池的功率衰减最为严重。图 3 四端钙钛矿 / 硅叠层电池的热学与性能分析 (a) 近红外光照下三种四端叠层电池（钙钛矿 / SHJ、钙钛矿 / TOPCon、钙钛矿 / TBC）的温度变化。 (b) 完整叠层电池的透射光谱；(c) 完整叠层电池的反射光谱。 (d–f) 分别为钙钛矿 / SHJ、钙钛矿 / TOPCon、钙钛矿 / TBC 叠层电池的变温电流密度 - 电压曲线。 (g) 三种四端叠层电池（钙钛矿 / SHJ、钙钛矿 / TOPCon、钙钛矿 / TBC）的光电转换效率随温度变化。 (h) 相对于 25 ℃基准的效率损失；效率损失定义为 25 ℃光电转换效率减去 150 ℃下的光电转换效率。 (i) 来自商业化产线的三种封装晶体硅底电池经过温度循环测试后的相对功率损失。研究团队通过SEM断面分析和COMSOL热仿真，从两个维度解构了热量积累的根源。首先是结构因素—背表面织构。SHJ电池采用双面绒面结构，近红外光在金字塔形背表面反复反射，光程被大幅延长，更多“无用”光子被囚禁在硅片内部转化为热量。而TBC电池的背表面为平面结构，光程最短，热量最少。TOPCon介于两者之间。实验进一步证实，双面制绒的硅片温度（63.2°C）显著高于单面制绒（60.9°C）。图 4 COMSOL 热仿真 (a) 封装后的二端（2T）钙钛矿 / 硅叠层电池示意图；(e) 封装后的四端电池示意图。 (b–d) 二端结构与 (f–h) 四端结构下，三种钙钛矿 / 硅叠层电池中底电池由近红外引起的温升对顶电池温度的影响。其次是材料因素—功能层的导热能力。SHJ电池背面采用ITO（氧化铟锡，热导率≈10 W·m⁻¹·K⁻¹）和a-Si:H（非晶硅，≈1.5 W·m⁻¹·K⁻¹），这两层低导热材料如同“保温被”，阻碍了硅片内部积累的热量向外散发。相比之下，TBC电池采用的SiₓNy（氮化硅，≈20 W·m⁻¹·K⁻¹）和多晶硅（≈30 W·m⁻¹·K⁻¹）导热性能高出数倍。定量分析表明，SHJ背面功能堆栈的有效热导率仅约6.1 W·m⁻¹·K⁻¹，而TBC高达22.9 W·m⁻¹·K⁻¹—相差近3.7倍。图 5 表面形貌与光程分析 (a–c) SHJ、TOPCon、TBC 电池的前表面，(d–f) 背面截面扫描电镜图。 (g–i) 三种电池结构的光程示意图。图 6 材料层面热量累积贡献分析 (a) SHJ 电池与 (b) TOPCon 电池前后侧银栅线造成近红外产热下的温度变化。 (c) SHJ 电池中 ITO 层引起的温度变化；(d) TOPCon 电池中氮化硅层引起的温度变化。原文：https://doi.org/10.1021/acsenergylett.6c01614钙钛矿光伏世界记录每日更新（尽量以认证为标准）31.5%热蒸发钙钛矿/硅叠层太阳能电池新纪录！新国立侯毅教授&天合光能高纪凡/陈亦峰/张学玲/贺锐Nature（保持单位：新国立侯毅&天合光能高纪凡/陈亦峰/张学玲/贺锐）单节钙钛矿太阳能电池世界纪录效率28%！（保持单位：海南大学李雄团队）钙钛矿/硅叠层太阳能电池世界纪录效率35.2%！（保持单位：隆基绿能）33.84%！钙钛矿TOPCon硅叠层效率再创纪录！（保持单位：宁波材料所叶继春/曾俞衡/应智琴/杨阵海&正泰新能李子佳）正式钙钛矿电池认证反扫27.5%！稳态27.17%！连续梯度掺杂SnO2电子传输层！（保持单位：南开大学袁明鉴&姜源植）空气制备倒置钙钛矿太阳能电池最高认证效率26.5%！（保持单位：成均馆大学Nam-Gyu Park）1cm2锡铅钙钛矿太阳能电池创纪录效率！22.18%！（保持单位：华中科技大学唐江&陈超）28%！倒置钙钛矿太阳能电池低温创纪录效率！（保持单位：陕师大赵奎&牛天启）宽带隙钙钛矿25.03%（1.68 eV）！（保持单位：中国科学院半导体所游经碧&蒋琦）碳基倒置钙钛矿太阳能电池21.8%效率！（保持单位：亥姆霍兹埃尔兰根-纽伦堡可再生能源研究所 (HI ERN) Christoph J. Brabec & Tian Du）柔性钙钛矿/硅叠层太阳能电池纪录效率：33.6%@1cm2！（保持单位：苏州大学张晓宏&杨新波&KAUST Stefaan De Wolf）大面积柔性钙钛矿/硅叠层太阳能电池纪录效率：260cm2的晶圆级面积上认证29.8%！（保持单位：苏州大学张晓宏&刘江&隆基绿能何博&曲铭浩&徐希翔&李振国）倒置钙钛矿太阳能电池认证稳态效率27.2%！（保持单位：中科院半导体所游经碧）1米×2米钙钛矿太阳能组件认证纪录效率20.05%！（保持单位：宁德时代&上海交通大学赵一新团队）2.023 V&33.12%@钙钛矿/TOPCon硅叠层太阳能电池！（保持单位：港城大朱宗龙&晶科再创纪录！）17.89%！无铅锡基钙钛矿太阳能电池，认证17.71%。（保持单位：南京理工大学徐勃、复旦大学梁佳和上海交通大学戚亚冰）倒置钙钛矿太阳能电池认证效率27.57%！（保持单位：武汉九曜光电&华中科技陈炜&刘宗豪）正式FAPbI₃太阳能电池认证效率26.54%！（保持团队：中国科学院大学材料科学与光电技术学院郑晓鹏&海南大学董碧桃）25.47%钙钛矿组件@20.45cm²（保持单位：光因科技）正式26.9%！空气制备再创新高！华北电力大学李美成/黄浩&上海光源苏圳煌Joule：疏水性偶极七氟丁脒的热活化质子转移策略！！（保持团队：华北电力大学李美成）1.66 eV宽带隙钙钛矿开压1.314V，效率24.5%（保持团队：河北工业大学陈聪）钙钛矿量子点太阳能电池最高认证效率18.3%！（保持团队：华北电力大学李美成）30cm×30cm钙钛矿太阳能电池组件效率新世界纪录24.36%！（保持单位：脉络能源）钙硅叠层认证效率35%！260.9cm2效率33%！（保持单位：隆基绿能）钙钛矿-铜铟镓硒叠层太阳能电池30.1%！（保持团队：武汉大学李建民&王胜&龚俊波&肖旭东）1cm2钙钛矿-有机叠层太阳能电池创纪录认证效率27.5%！中科院化学所李永舫/李骁骏&新加坡国立大学侯毅NP：抑制激子热化损失的窄带隙受体（保持团队：新加坡国立大学侯毅&中科院化学所李永舫&/李骁骏）31.55%！全钙钛矿叠层电池效率再创新高（保持单位：光因科技）有机光伏世界记录每日更新（尽量以认证为标准）厚膜 500 nm OSCs纪录效率18%！（保持团队：深圳技术大学张光烨/李顺朴&香港理工大学李刚/马睿杰）叠层有机光伏21.7%！中科院化学所侯剑辉&崔勇：醇分散PEDOT:PSS！（保持团队：中科院化学所侯剑辉&崔勇）硅基光伏世界记录每日更新（尽量以认证为标准）27.81%世界纪录-133.63-cm2 HIBC硅太阳能电池（保持团队：隆基绿能李振国&徐希翔&方亮&薛朝伟&兰州大学贺德衍&中山大学高平奇）发光二极管每日更新（尽量以认证为标准）EQE45.5%-叠层钙钛矿LEDs！（保持团队：王建浦&黄维&王娜娜）12%创纪录效率|溶液处理的绿色无铅金属卤化物电致发光器件（保持团队：北京化工大学谭占鳌&赵彪）创纪录EQE 24.67% | 溶液法多晶CsPbBr3钙钛矿LEDs（保持团队：高丽大学Sang Hyuk Im / Jin Hyuck Heo & 天津大学张飞）商业合作、投稿、加入“钙钛矿 or 有机光交流群”联系小编理解不当，侵权行为，请联系删除或更改！喜欢的话，欢迎点赞，关注，收藏！,,,,pending
钙钛矿/硅叠层认证33.03%！上海交通大学赵一新/王衍明/李博伟&正泰新能李子佳AM：氟化哌啶表面终止策略抑制卤化物缺陷生成,钙钛矿太阳能电池,钙钛矿太阳能电池,"RIOnews API, 钙钛矿, 全钙钛矿叠层, 柔性钙钛矿, 学术研究, 大学, 教授, 科学院, 研究所, 技术进展, 机理研究, 制备工艺",normal,2026-09-12T15:56:35+08:00,,小编微信：pftlovechina通讯作者：上海交通大学赵一新/王衍明/李博伟&正泰新能李子佳宽带隙钙钛矿是制备高效率钙钛矿 / 硅叠层太阳能电池不可或缺的材料，然而卤化物缺陷辅助的离子迁移以及由此引发的相偏析会严重破坏其工作稳定性。本文研究表明，采用氟化哌啶配体进行分子工程表面终止，是稳定宽带隙钙钛矿的有效策略。研究采用一系列氟化哌啶配体，包含单氟取代、偕二氟取代以及三氟甲基取代结构，发现材料性能与氟化程度具有强相关性：随着氟化程度提升，配体与钙钛矿之间的相互作用逐步增强，同时不会改变钙钛矿晶体结构；该作用提高了卤化物相关缺陷的形成能，有效降低缺陷密度。与此同时，增强的配体 - 钙钛矿相互作,http://mp.weixin.qq.com/s?__biz=MzkwMDU5MjA5OA==&mid=2247499087&idx=2&sn=fa85b63057abc1bfd64c3e1611058977,,小编微信：pftlovechina通讯作者：上海交通大学赵一新/王衍明/李博伟&正泰新能李子佳宽带隙钙钛矿是制备高效率钙钛矿 / 硅叠层太阳能电池不可或缺的材料，然而卤化物缺陷辅助的离子迁移以及由此引发的相偏析会严重破坏其工作稳定性。本文研究表明，采用氟化哌啶配体进行分子工程表面终止，是稳定宽带隙钙钛矿的有效策略。研究采用一系列氟化哌啶配体，包含单氟取代、偕二氟取代以及三氟甲基取代结构，发现材料性能与氟化程度具有强相关性：随着氟化程度提升，配体与钙钛矿之间的相互作用逐步增强，同时不会改变钙钛矿晶体结构；该作用提高了卤化物相关缺陷的形成能，有效降低缺陷密度。与此同时，增强的配体 - 钙钛矿相互作,"小编微信：pftlovechina通讯作者：上海交通大学赵一新/王衍明/李博伟&正泰新能李子佳宽带隙钙钛矿是制备高效率钙钛矿 / 硅叠层太阳能电池不可或缺的材料，然而卤化物缺陷辅助的离子迁移以及由此引发的相偏析会严重破坏其工作稳定性。本文研究表明，采用氟化哌啶配体进行分子工程表面终止，是稳定宽带隙钙钛矿的有效策略。研究采用一系列氟化哌啶配体，包含单氟取代、偕二氟取代以及三氟甲基取代结构，发现材料性能与氟化程度具有强相关性：随着氟化程度提升，配体与钙钛矿之间的相互作用逐步增强，同时不会改变钙钛矿晶体结构；该作用提高了卤化物相关缺陷的形成能，有效降低缺陷密度。与此同时，增强的配体 - 钙钛矿相互作用可实现高效的表面钝化，稳定表面与近表面区域，提升缺陷辅助离子迁移的活化能垒，缓解宏观相偏析造成的器件衰减。基于该表面终止策略制备的单片式钙钛矿 / 硅叠层太阳能电池，认证效率可达 33.03%，稳态效率 32.76%；在最大功率点持续追踪 800 小时后，器件仍保留初始效率的 97%。本工作建立了通过抑制卤化物缺陷生成实现表面终止的策略，可同时调控宽带隙钙钛矿的缺陷化学与卤离子迁移行为。图 1 氟化哌啶配体及其与钙钛矿的相互作用 (a) 氟化哌啶配体 F‑PD、DF‑PD 和 CF₃‑PD 的化学结构。(b) 配体在钙钛矿表面的弛豫吸附模型；(c) 哌啶配体与钙钛矿之间的计算吸附能。(d) 放大的俯视扫描电镜图像。(e–h) 对应钙钛矿薄膜的 C 1s、N 1s、Pb 4f、I 3d 核心能级 X 射线光电子能谱。图 2 不同氟化哌啶配体改性薄膜的表征 (a) 钙钛矿薄膜的稳态光致发光光谱。(b) 对照组与氟化配体改性钙钛矿薄膜的光致发光面扫描图。(c) 对应钙钛矿薄膜的时间分辨光致发光光谱。(d) 单电子器件的暗态电流‑电压曲线。(e) 配体吸附在以 PbI₂终止的钙钛矿表面（含三种主要缺陷）的俯视弛豫平板模型。(f) 不同配体处理条件下缺陷形成能对比。图 3 不同氟化哌啶配体制备的钙钛矿太阳能电池光伏性能 (a) 单结宽带隙钙钛矿太阳能电池器件结构。基于不同氟化配体器件的 (b) 开路电压、(c) 光电转换效率统计数据。(d) 对照组（无 CF₃‑PD）与目标组（含 CF₃‑PD）最优器件的电流密度‑电压曲线。(e) 暗态电流‑电压特性。(f) 开路电压随光强变化曲线。(g) 由电容‑电压测试得到的莫特‑肖特基曲线。(h) 引入 CF₃‑PD 的钙钛矿 / 硅叠层太阳能电池结构示意图。(i) 经 CPVT 认证的最优器件电流密度‑电压曲线。(j) 认证稳态效率，插图为叠层电池实物照片。图 4 有无 CF₃‑PD 改性（对照组 / 目标组）钙钛矿表面机理研究 (a) 时间分辨共聚焦荧光显微图像。(b) 由荧光图像提取得到载流子寿命的光致发光事件分布。(c) 对照组与目标组钙钛矿薄膜的开尔文探针力显微镜图像。(d) 对照组与目标组钙钛矿薄膜的紫外光电子能谱；上述所有薄膜均制备于 ITO/MeO‑2PACz 基底上。(e) 器件结构为 ITO/MeO‑2PACz / 钙钛矿 / C₆₀的准钙钛矿太阳能电池的导电原子力显微镜图像。(f) 目标钙钛矿薄膜与相邻空穴传输层、电子传输层的能级匹配示意图。图 5 有无 CF₃‑PD 改性（对照组 / 目标组）宽带隙钙钛矿薄膜与器件的稳定性测试 (a,b) 氮气氛围下，100 mW・cm⁻² 白光 LED 持续光照 72 h 后对照组与目标组钙钛矿薄膜的 X 射线衍射谱。(c,d) 氮气氛围下，100 mW・cm⁻² 白光 LED 持续光照 72 h 后对照组与目标组钙钛矿薄膜的光致发光面扫描图，以发射峰位作为评价指标。(e,f) 钙钛矿薄膜的变温电导率。(g,h) 单结电池与钙钛矿 / 硅叠层电池的最大功率点追踪测试；两组数据记录间隔分别为 10 h 和 2 h。图 (g) 中对照组、目标组器件初始光电转换效率分别为 19.93% 和 22.12%。图 (h) 中对照组、目标组器件初始光电转换效率分别为 29.35% 和 31.19%。器件制备钙钛矿前驱体溶液配制配制浓度 1.5 mol/L 的钙钛矿前驱体溶液，将 CsI、FAI、MAI、PbI₂、PbBr₂溶于 1 mL 体积比 4:1 的 DMF/DMSO 混合溶剂，化学计量式为 FA₀.₈₀MA₀.₁₅Cs₀.₀₅Pb (I₀.₇₅Br₀.₂₅)₃。向前驱体中继续加入 2 mg/mL 的 BABr、相对于 1.5 mol/L 铅总量 5 mol% 的过量 PbI₂以及 3 mol% 的 MACl，用以提升器件性能。钙钛矿太阳能电池制备ITO 或 FTO 玻璃基底依次使用洗洁精水、去离子水、丙酮、异丙醇超声清洗 15 分钟。旋涂自组装单分子层（SAMs）溶液前，基底进行紫外臭氧处理 25 分钟。将 MeO-2PACz 溶液（无水乙醇溶剂，0.3 mg/mL）旋涂于 ITO 基底，转速 3000 rpm，时长 40 s，随后 105 ℃热退火 10 min。钙钛矿薄膜采用两步旋涂：1000 rpm 旋涂 10 s，再以 5000 rpm 旋涂 30 s；旋涂结束前 15 s，向旋转基底滴加 200 μL 苯甲醚，之后 105 ℃退火 20 min。将 F-PD、DF-PD、CF₃-PD 溶液（异丙醇溶剂，2 mg/mL）动态旋涂在钙钛矿薄膜表面，转速 5000 rpm，时长 30 s，随后 105 ℃退火 10 min。在 1.0×10⁻⁴ Pa 真空下热蒸镀 35 nm C₆₀、7 nm BCP 以及 100 nm 银电极。最后在 ITO 基底玻璃侧蒸镀 100 nm 氟化镁作为减反层。器件有效面积为 0.085 cm²。稳定性测试样品中，BCP 与银电极分别替换为原子层沉积 20 nm SnO₂以及热蒸发 80 nm 金层。钙钛矿 / 硅叠层太阳能电池制备采用尺寸 210×105×0.11 mm³、表面带有亚微米织构的直拉 n 型晶体硅片制备底部异质结子电池。利用射频（13.56 MHz）等离子体增强化学气相沉积系统，在 60 Pa、210 ℃条件下，在硅片两面同时沉积 5 nm 本征氢化非晶硅层；氢气与硅烷流量比 10，功率密度 51 mW/cm²。掺杂气体磷化氢与乙硼烷使用氢气稀释，体积分数均为 2%。随后采用甚高频（40 MHz）PECVD 系统制备正面 15 nm n 型纳米硅氧钝化接触层，工艺条件：310 Pa、210 ℃，H₂/SiH₄比例 167，磷化氢 / 硅烷掺杂比 1.98，CO₂/SiH₄=0.5 用于引入氧，功率密度 166 mW/cm²。背面制备流程：先在本征氢化非晶硅层上进行 CO₂等离子体处理（300 Pa，功率密度 166 mW/cm²，时长 10 s），形成薄阻挡层，避免等离子体损伤；再使用甚高频（40 MHz）PECVD 沉积 20 nm p 型纳米硅发射极，条件 300 Pa、210 ℃，H₂/SiH₄比例 450，乙硼烷 / 硅烷掺杂比 0.5，功率密度 180 mW/cm²。底电池的透明导电氧化层采用直流磁控溅射在室温制备，反应气体为氩气与氧气混合气。背面溅射 100 nm 掺铟氧化锡（ITO，方阻 50 Ω/sq），靶材为含 3 wt% SnO₂的 In₂O₃；正面溅射 15 nm 铟锌氧化物（IZO，方阻 5000 Ω/sq），靶材为含 3 wt% ZnO 的 In₂O₃。正面、背面 TCO 薄膜面积均为 1.1×1.1 cm²。在背面 ITO 上热蒸镀 1000 nm 银背电极。随后将底电池激光切割为 25×25 mm 小片，用于叠层器件集成。 钙钛矿顶电池制备工艺及表面处理与上述单结钙钛矿电池基本一致，仅将钙钛矿前驱体浓度由 1.5 mol/L 提升至 1.6 mol/L。高真空下在基底热蒸镀 10 nm C₆₀层；接着采用原子层沉积在 85 ℃制备 12 nm SnO₂，以四 (二甲胺基) 锡与水作为前驱体，循环 100 次；每种前驱体的通入时间 0.5 s，吹扫时间 5 s。之后在 SnO₂表面直流溅射 50 nm IZO 顶电极，气氛为含 6 vol% 氧气的氩气，功率 2 kW，使用旋转靶（直径 150 mm，长度 750 mm）。最后热蒸镀图形化银（1 μm）与 110 nm LiF，完成器件制备。原文：https://doi.org/10.1002/adma.74998钙钛矿光伏世界记录每日更新（尽量以认证为标准）31.5%热蒸发钙钛矿/硅叠层太阳能电池新纪录！新国立侯毅教授&天合光能高纪凡/陈亦峰/张学玲/贺锐Nature（保持单位：新国立侯毅&天合光能高纪凡/陈亦峰/张学玲/贺锐）单节钙钛矿太阳能电池世界纪录效率28%！（保持单位：海南大学李雄团队）钙钛矿/硅叠层太阳能电池世界纪录效率35.2%！（保持单位：隆基绿能）33.84%！钙钛矿TOPCon硅叠层效率再创纪录！（保持单位：宁波材料所叶继春/曾俞衡/应智琴/杨阵海&正泰新能李子佳）正式钙钛矿电池认证反扫27.5%！稳态27.17%！连续梯度掺杂SnO2电子传输层！（保持单位：南开大学袁明鉴&姜源植）空气制备倒置钙钛矿太阳能电池最高认证效率26.5%！（保持单位：成均馆大学Nam-Gyu Park）1cm2锡铅钙钛矿太阳能电池创纪录效率！22.18%！（保持单位：华中科技大学唐江&陈超）28%！倒置钙钛矿太阳能电池低温创纪录效率！（保持单位：陕师大赵奎&牛天启）宽带隙钙钛矿25.03%（1.68 eV）！（保持单位：中国科学院半导体所游经碧&蒋琦）碳基倒置钙钛矿太阳能电池21.8%效率！（保持单位：亥姆霍兹埃尔兰根-纽伦堡可再生能源研究所 (HI ERN) Christoph J. Brabec & Tian Du）柔性钙钛矿/硅叠层太阳能电池纪录效率：33.6%@1cm2！（保持单位：苏州大学张晓宏&杨新波&KAUST Stefaan De Wolf）大面积柔性钙钛矿/硅叠层太阳能电池纪录效率：260cm2的晶圆级面积上认证29.8%！（保持单位：苏州大学张晓宏&刘江&隆基绿能何博&曲铭浩&徐希翔&李振国）倒置钙钛矿太阳能电池认证稳态效率27.2%！（保持单位：中科院半导体所游经碧）1米×2米钙钛矿太阳能组件认证纪录效率20.05%！（保持单位：宁德时代&上海交通大学赵一新团队）2.023 V&33.12%@钙钛矿/TOPCon硅叠层太阳能电池！（保持单位：港城大朱宗龙&晶科再创纪录！）17.89%！无铅锡基钙钛矿太阳能电池，认证17.71%。（保持单位：南京理工大学徐勃、复旦大学梁佳和上海交通大学戚亚冰）倒置钙钛矿太阳能电池认证效率27.57%！（保持单位：武汉九曜光电&华中科技陈炜&刘宗豪）正式FAPbI₃太阳能电池认证效率26.54%！（保持团队：中国科学院大学材料科学与光电技术学院郑晓鹏&海南大学董碧桃）25.47%钙钛矿组件@20.45cm²（保持单位：光因科技）正式26.9%！空气制备再创新高！华北电力大学李美成/黄浩&上海光源苏圳煌Joule：疏水性偶极七氟丁脒的热活化质子转移策略！！（保持团队：华北电力大学李美成）1.66 eV宽带隙钙钛矿开压1.314V，效率24.5%（保持团队：河北工业大学陈聪）钙钛矿量子点太阳能电池最高认证效率18.3%！（保持团队：华北电力大学李美成）30cm×30cm钙钛矿太阳能电池组件效率新世界纪录24.36%！（保持单位：脉络能源）钙硅叠层认证效率35%！260.9cm2效率33%！（保持单位：隆基绿能）钙钛矿-铜铟镓硒叠层太阳能电池30.1%！（保持团队：武汉大学李建民&王胜&龚俊波&肖旭东）1cm2钙钛矿-有机叠层太阳能电池创纪录认证效率27.5%！中科院化学所李永舫/李骁骏&新加坡国立大学侯毅NP：抑制激子热化损失的窄带隙受体（保持团队：新加坡国立大学侯毅&中科院化学所李永舫&/李骁骏）31.55%！全钙钛矿叠层电池效率再创新高（保持单位：光因科技）有机光伏世界记录每日更新（尽量以认证为标准）厚膜 500 nm OSCs纪录效率18%！（保持团队：深圳技术大学张光烨/李顺朴&香港理工大学李刚/马睿杰）叠层有机光伏21.7%！中科院化学所侯剑辉&崔勇：醇分散PEDOT:PSS！（保持团队：中科院化学所侯剑辉&崔勇）硅基光伏世界记录每日更新（尽量以认证为标准）27.81%世界纪录-133.63-cm2 HIBC硅太阳能电池（保持团队：隆基绿能李振国&徐希翔&方亮&薛朝伟&兰州大学贺德衍&中山大学高平奇）发光二极管每日更新（尽量以认证为标准）EQE45.5%-叠层钙钛矿LEDs！（保持团队：王建浦&黄维&王娜娜）12%创纪录效率|溶液处理的绿色无铅金属卤化物电致发光器件（保持团队：北京化工大学谭占鳌&赵彪）创纪录EQE 24.67% | 溶液法多晶CsPbBr3钙钛矿LEDs（保持团队：高丽大学Sang Hyuk Im / Jin Hyuck Heo & 天津大学张飞）商业合作、投稿、加入“钙钛矿 or 有机光交流群”联系小编理解不当，侵权行为，请联系删除或更改！喜欢的话，欢迎点赞，关注，收藏！",,,,pending
同济大学、上海科技大学Angew:沸石限域手性纳米结构钴颗粒：低温合成气制液体燃料,电催化科研社,电催化科研社,"RIOnews API, 电化学合成, 电催化, CO₂还原",normal,2026-09-12T15:41:58+08:00,,一、全文速览该研究针对传统钴基费托合成催化剂需在473K以上高温运行、能耗高的行业痛点，提出了利用手性纳米结构钴纳米颗粒（CNCN）的手性诱导自旋极化效应，在温和条件下实现C-C偶联的全新策略：钴纳米颗粒被限域在H型介孔MFI沸石（HMMZ）中形成的CNCN@HMMZ催化剂，443K低温条件下即可通过自旋极化稳定三重态*OCCO中间体，加氢生成C2+醇类后，依托沸石载体的布朗斯特酸位点进一步转化为长链烃类。该催化剂在443K下实现了96.3 molCO kgCo⁻¹ h⁻¹的钴金属时间收率，C5+烃类选择性达到85.6%，性能远超已报道的添加贵金属助剂的低温钴基费托催化剂，同时经过150小时长,http://mp.weixin.qq.com/s?__biz=MzI4MTE2MjIxOQ==&mid=2650307554&idx=1&sn=943377ec4f2cbe1affcf1a730b3a0f5c,,一、全文速览该研究针对传统钴基费托合成催化剂需在473K以上高温运行、能耗高的行业痛点，提出了利用手性纳米结构钴纳米颗粒（CNCN）的手性诱导自旋极化效应，在温和条件下实现C-C偶联的全新策略：钴纳米颗粒被限域在H型介孔MFI沸石（HMMZ）中形成的CNCN@HMMZ催化剂，443K低温条件下即可通过自旋极化稳定三重态*OCCO中间体，加氢生成C2+醇类后，依托沸石载体的布朗斯特酸位点进一步转化为长链烃类。该催化剂在443K下实现了96.3 molCO kgCo⁻¹ h⁻¹的钴金属时间收率，C5+烃类选择性达到85.6%，性能远超已报道的添加贵金属助剂的低温钴基费托催化剂，同时经过150小时长,"一、全文速览该研究针对传统钴基费托合成催化剂需在473K以上高温运行、能耗高的行业痛点，提出了利用手性纳米结构钴纳米颗粒（CNCN）的手性诱导自旋极化效应，在温和条件下实现C-C偶联的全新策略：钴纳米颗粒被限域在H型介孔MFI沸石（HMMZ）中形成的CNCN@HMMZ催化剂，443K低温条件下即可通过自旋极化稳定三重态*OCCO中间体，加氢生成C2+醇类后，依托沸石载体的布朗斯特酸位点进一步转化为长链烃类。该催化剂在443K下实现了96.3 molCO kgCo⁻¹ h⁻¹的钴金属时间收率，C5+烃类选择性达到85.6%，性能远超已报道的添加贵金属助剂的低温钴基费托催化剂，同时经过150小时长期运行仍保持优异稳定性，为C1化合物高效活化制备多碳产物开辟了无贵金属的全新技术方向。二、背景介绍费托合成（FTS）是将天然气、煤炭、生物质来源的合成气（CO/H₂）转化为液态烃类燃料的核心技术，在石油资源供应趋紧、环境约束不断升级的当下，受到学界和工业界的广泛关注。但传统的钴基、铁基费托催化剂受限于经典碳化物机理或CO插入机理的高C-O键裂解能垒，必须在473K以上的高温下才能有效催化反应，带来了极高的能耗与运行成本。长期以来领域内的改良思路主要集中在优化钴基催化剂的还原度、提升颗粒分散度、调变晶相结构与表面性质等方向，但始终难以突破温和条件下的反应活性瓶颈，往往需要引入贵金属作为活性组分或助剂来削弱C-O键以促进CO活化，大幅推高了催化剂成本。因此开发一种完全不依赖贵金属，可在更低温度下同步实现CO活化与C-C偶联的新型催化策略，一直是该领域亟待突破的关键挑战。近年有研究发现，催化剂中的自旋极化效应可以通过电子自旋平行排列稳定三重态OCCO中间体，在CO₂还原反应中促进C-C偶联、减少C1副产物生成；而手性材料可通过电子运动产生等效磁场，诱导不对称自旋-轨道耦合与手性诱导自旋选择性，在手性纳米结构无机材料中实现电子转移过程的自旋极化，在电催化、光催化体系中温和条件下促进多碳产物的选择性生成，这为费托合成的低温柔性运行提供了全新的跨界思路。三、研究内容与亮点本研究首次将手性诱导自旋极化策略引入热催化费托合成体系，开发出无需任何贵金属助剂的沸石限域手性纳米结构钴催化剂，核心创新点可归纳为三方面：第一是全新的无贵金属催化策略，突破传统费托合成的机理限制。不同于传统依赖C-O键高能耗裂解的碳化物/CO插入路径，该催化剂依托手性钴纳米颗粒的自旋极化效应，直接稳定三重态*OCCO中间体，大幅降低C-C偶联反应能垒，无需贵金属助剂即可在443K的低温下实现高效合成气转化。第二是精准的手性纳米结构可控合成。研究团队以 MFI 沸石碱刻蚀得到介孔 HMMZ 载体，在浸渍制备过程中引入手性分子作为对称破缺剂，成功合成出具有左手、右手螺旋晶格畸变的手性纳米钴颗粒，相较无晶格畸变的非手性钴催化剂，在相近钴粒径、相似金属-载体相互作用、还原度与气体吸附容量的前提下，实现了催化性能的量级提升。第三是兼顾高活性、高选择性与优异稳定性的综合催化表现：443K条件下手性钴催化剂的钴金属时间收率可达96.3 molCO kgCo⁻¹ h⁻¹，C5+烃类选择性高达85.6%，当反应温度提升至473K时，性能更是可达218.5 molCO kgCo⁻¹ h⁻¹，远超此前报道的所有添加贵金属助剂的低温钴基费托催化剂；同时150小时长期稳定性测试中催化剂无明显钴碳化现象，钴纳米颗粒仅发生极轻微的粒径增长，始终保持高活性与高选择性。进一步的动力学测试显示，手性催化剂的CO转化表观活化能仅为69.2 kJ mol⁻¹，远低于非手性钴催化剂的95.1 kJ mol⁻¹，直接验证了自旋极化路径对反应能垒的显著降低作用。四、图文解析图1展示了CNCN@HMMZ的形貌与晶体结构：粉末XRD图谱证实碱刻蚀与钴负载后MFI沸石骨架保持完整，同时所有样品均出现面心立方金属钴的特征衍射峰；SEM与EDS映射结果显示钴纳米颗粒在沸石载体中均匀分布；高分辨TEM图像直接观测到手性钴纳米颗粒存在沿[1-11]轴的渐进式螺旋晶格倾斜，构建的结构模型完美匹配该手性晶格畸变特征，而非手性对比样则无此类晶格扭曲。图2通过磁性导电原子力显微镜（mc-AFM）验证了手性钴纳米颗粒的自旋极化特性：l型手性钴纳米颗粒更利于自旋向下的电子迁移，d型手性钴纳米颗粒则更适配自旋向上的电子迁移，1.5V偏压下二者的平均自旋极化率分别达到-47.5%与46.1%，而无手性结构的非手性、消旋钴样品完全不具备这种自旋依赖的电子输运行为，直接证实了手性晶格畸变诱导的手性自旋选择性效应。图3系统呈现了不同催化剂的费托催化性能：在413-473K的温度区间内，手性l/d-CNCN@HMMZ的CO转化率与C5+烃类选择性均显著优于消旋与非手性对比样；443K的最优反应条件下，手性催化剂的CO转化率达到34.0%-35.5%，C5+选择性维持在85.0%-85.6%，副产物低碳烃占比仅约15%；和已发表的低温钴基费托催化剂性能对比可见，该无贵金属手性催化剂的钴金属时间收率大幅领先所有此前报道的同温区钴基催化剂。图4的原位漫反射红外光谱（DRIFT）结果直接观测到了*C2+醇、*OCCO、OCCOH等特征中间体的信号，完全没有出现传统碳化物机理对应的低碳烯烃C=C键特征峰，直接排除了传统反应路径在该体系中的主导作用，为基于三重态OCCO的全新C-C偶联机理提供了坚实的谱学证据。五、总结与展望该研究成功构筑了限域在介孔沸石中的手性纳米结构钴催化剂，通过手性诱导自旋极化效应实现了合成气在温和温度下的高效C-C偶联，完全规避了昂贵贵金属助剂的使用，同时实现了远超传统低温费托催化剂的活性与长链烃选择性，为低能耗合成气制液体燃料提供了极具工业化潜力的全新技术方案。该工作建立的自旋极化调控催化反应路径的思路，也为整个C1化学领域开辟了全新的研究维度：后续可进一步拓展手性自旋极化策略在CO₂加氢、甲烷活化等其他C1转化体系中的应用，通过精准调控手性纳米结构的自旋极化程度，实现更多高附加值多碳产物的定向低温合成，推动整个C1化工产业向更低能耗、更高效率的方向升级。原文信息N. Gong, G. Xie, Y. Ma, W. Zhang, and and Y. Fang,Chiral Nanostructured Cobalt Nanoparticles Confined in Zeolite for Syngas Conversion to Liquid Fuels at Low Temperature, Angewandte Chemie International Edition (2026): e6583201, https://doi.org/10.1002/anie.6583201声明：本文内容用于科研进展分享，详细内容请参考原文，如有侵权，请联系后台小编删除。同济大学、上海科技大学Angew:沸石限域手性纳米结构钴颗粒：低温合成气制液体燃料",,,,pending
邀请函：2026第三届起点固态电池生态年会暨固态电池金鼎奖颁奖典礼定档：11月6日，广州南沙国际会展中心举办！,起点锂电,起点锂电,"RIOnews API, 新材料, 电池材料, 隔膜, 高比能, 硅, 固态电池, 固态电解质, 长时储能, 钠离子电池, 钠电, 产品发布, 发布, 新品, 全新, 亮相, 官宣, 合作进展, 融资, 投资, 合作, 技术进展, 技术突破, 量产工艺, 改性技术, 界面改性, 前沿技术, 下一代技术, 量产推进, 产能, 扩产, 产线建设, 比亚迪, 宁德时代, CATL, 亿纬锂能, 亿纬, 国轩高科, 国轩, 瑞浦兰钧, 瑞浦, 海辰储能, 海辰, 远景动力, 蜂巢能源, 蜂巢, 欣旺达, 孚能科技, 力神, 力神电池, 鹏辉能源, 楚能新能源, 楚能, 正力新能, 三星SDI, 钠电池, 储能, 6C, 安全测试, 正极材料, 负极材料, 装机, 装车, 排名, IPO, 并购, 海外, 出海, 政策, 实验室, 中试, 中试线, 认证, 量产, 落地",normal,2026-09-12T14:56:01+08:00,,2026第三届起点固态电池生态年会暨固态电池金鼎奖颁奖典礼11月6日 广州南沙国际会展中心一、大会基础信息大会名称：2026第三届起点固态电池生态年会暨固态电池金鼎奖颁奖典礼大会主题：全链协同创新 加速产业跃迁主办单位：起点固态电池、起点锂电、起点研究举办时间：2026年11月6日举办地点：广州南沙国际会展中心2楼广州A厅同期展会（11.6-7号）： 2026CINE 固态电池及钠电展2026CINE 电摩电池展总冠名单位：茹天科技晚宴联合赞助单位：鹏锦智能第一批展商/赞助商/演讲企业名单：茹天科技/赣锋锂电/融捷能源/金钠科技/同兴皓升/科迈罗/先导智能/川源科技/海四达钠星/奥克莱集团/青,http://mp.weixin.qq.com/s?__biz=MzI1MjEyODg2Mg==&mid=2649799467&idx=3&sn=8e81a39053d17a2f72bafec6d255e607,,2026第三届起点固态电池生态年会暨固态电池金鼎奖颁奖典礼11月6日 广州南沙国际会展中心一、大会基础信息大会名称：2026第三届起点固态电池生态年会暨固态电池金鼎奖颁奖典礼大会主题：全链协同创新 加速产业跃迁主办单位：起点固态电池、起点锂电、起点研究举办时间：2026年11月6日举办地点：广州南沙国际会展中心2楼广州A厅同期展会（11.6-7号）： 2026CINE 固态电池及钠电展2026CINE 电摩电池展总冠名单位：茹天科技晚宴联合赞助单位：鹏锦智能第一批展商/赞助商/演讲企业名单：茹天科技/赣锋锂电/融捷能源/金钠科技/同兴皓升/科迈罗/先导智能/川源科技/海四达钠星/奥克莱集团/青,2026第三届起点固态电池生态年会暨固态电池金鼎奖颁奖典礼11月6日 广州南沙国际会展中心一、大会基础信息大会名称：2026第三届起点固态电池生态年会暨固态电池金鼎奖颁奖典礼大会主题：全链协同创新 加速产业跃迁主办单位：起点固态电池、起点锂电、起点研究举办时间：2026年11月6日举办地点：广州南沙国际会展中心2楼广州A厅同期展会（11.6-7号）： 2026CINE 固态电池及钠电展2026CINE 电摩电池展总冠名单位：茹天科技晚宴联合赞助单位：鹏锦智能第一批展商/赞助商/演讲企业名单：茹天科技/赣锋锂电/融捷能源/金钠科技/同兴皓升/科迈罗/先导智能/川源科技/海四达钠星/奥克莱集团/青钠能源/宇恒电池/奥冠电池/华普森/旭钠/信瑞新能源/纳甘/儒特股份/晟钠新能/科达新能源/钠特尔/科锐晟/九续钠电/希倍动力/恒大高新/长篙新材/易禾环境/鹏锦智能/宝试仪器/旭派动力/津工能源/日联科技/极电特能/亿隆能源/双环科技/瑞森新材料/钠科能源/璟熵新材料/兆瑞新能源/卡波恩新材料/钠美科技/苏银产业园/萍竹新材料/艾迈斯/愚公高科/钹鑫科技等二、活动背景及亮点为推动固态电池产业化落地，构建全产业链协同共赢的发展生态，由起点锂电、起点固态电池、起点研究联合主办的2026第三届起点固态电池生态年会将于2026年隆重举办。本届年会锚定固态电池量产攻坚关键周期，汇聚全球产业精英，联动专业展览与行业颁奖盛典，打造集技术研讨、产品展示、行业表彰、商务对接于一体的下一代电池产业年度盛会。行业背景量产窗口期开启，多技术路线协同迎关键节点当前全球新能源电池技术迭代持续加速，固态电池作为下一代动力电池核心技术路线，已正式从实验室研发迈入中试量产与场景验证的关键窗口期。2026年，半固态电池车规级装车规模持续攀升，全固态电池中试线密集落地，硅基负极、固态电解质、干法电极等核心材料技术持续突破；与此同时，钠电池凭借成本与资源优势快速崛起，与固态电池形成技术互补，共同推动下一代电池产业多元化发展。但产业链上下游协同不足、量产工艺稳定性待提升、降本路径不清晰、行业标准体系待完善等痛点依然制约产业步伐，亟需全产业链开展深度对话、协同破解难题，推动产业从“单点技术突破”迈向“全链条规模商用”。本届年会以“全链协同创新 加速产业跃迁”为核心主题，紧扣固态电池量产攻坚阶段核心命题，串联上游材料、中游电芯与装备、下游终端应用全链路，融合固态电池与钠电池双技术路线，推动产学研用深度融合，助力产业链各环节企业把握量产窗口期，构建协同互补、共生发展的下一代电池产业生态体系。活动亮点1. 全产业链深度研讨，四大专场直击产业痛点年会设置开幕式主旨峰会、固态电池创新专场、材料技术专场、智能制造与工艺设备专场四大核心板块，打造20+重磅主题分享，覆盖宏观政策研判、前沿技术探索、核心材料突破、产线装备升级、终端场景应用全维度，精准回应量产阶段核心痛点，为企业发展提供可落地的实操参考。2. 2026全球固态电池金鼎奖同期颁奖，树立产业标杆，见证荣耀时刻年会同期举办2026全球固态电池金鼎奖颁奖典礼，依托起点研究专业评审体系，联合全球100+财经媒体、1000+智库专家组成评审矩阵，针对固态电池材料、电芯、设备、应用全产业链评选年度标杆企业。现场揭晓获奖榜单并举办颁奖盛典，表彰技术创新与产业化先锋企业，见证产业年度荣耀时刻。3. CINE第三届固态及钠电展同步亮相，百展商共呈下一代技术本届年会联动CINE第三届固态及钠电展同期举办，吸引全球100+优质展商参展，集中展示固态电池、钠电池领域的下一代电芯产品、核心材料、制造装备、检测技术与系统解决方案。打造“会议+展览”双轮驱动模式，实现技术研讨与产品展示深度融合，为参会企业搭建直观的技术交流与商贸对接平台。4. 产学研用大咖云集，共话产业发展新路径年会汇聚全球头部整车企业、电芯龙头企业、核心材料供应商、高端装备厂商、顶尖科研院所及知名投资机构，集结百位行业专家与企业领袖，分享一线量产实践经验与前沿技术成果，打造高规格、强干货的产业思想高地。5. 全场景商务对接，打通产业合作链路年会设置专属商务对接区、展商洽谈区，打通材料供应、电芯制造、装备采购、终端应用全链条合作通道，促进上下游供需匹配与技术合作，助力企业精准链接产业资源，把握量产窗口期发展机遇。2026第三届起点固态电池生态年会将以专业的议题设置、多元的交流形态、丰富的产业资源，为全球下一代电池产业打造一场集技术、展览、颁奖、对接于一体的年度盛会。诚邀产业链各环节企业与专业人士共赴盛会，携手攻坚量产难关，共筑产业发展新生态。三、会议议程2026起点固态电池生态年会暨固态电池金鼎奖颁奖典礼时 间议程安排专场①：论坛开幕式09:00-09:15主办方致辞及主题演讲：2026全球固态电池产业格局演变与2027产业化发展展望09:15-09:20总冠名单位致辞09:20-09:402026固态电池金鼎奖颁奖典礼专场②：固态电池技术创新09:40-10:00全球固态电池技术发展趋势分析10:00-10:20高能量密度全固态电芯技术突破与量产可行性分析10:20-10:40固液动力电池规模化装车与车规级验证实践10:40-11:00硫化物固态电解质界面稳定性关键技术研究进展11:00-11:20氧化物固态电池低温烧结工艺与性能优化路径11:20-11:40车规级固态电池安全测试标准与评价体系构建11:40-12:00圆桌论坛：全固态电池大规模量产时间表？固液电池产业化趋势及应用领域？固态电池全球化竞争格局如何演变？12:00-13:30午餐专场③：固态电池智能制造与场景落地13:30-13:50固态电池中试线、示范产线建设经验、量产工艺难点与良率提升策略13:50-14:10固态专用极片制备、干法电极、无隔膜工艺、全新PACK 集成技术创新14:10-14:30固态电池生产装备、高精度涂布、干法复合、无损检测设备迭代方向14:30-14:50固态电池在储能、AIDC 算力储能、长时储能场景的适配性与经济性分析14:50-15:10固态电池海外市场机会，欧美电池法案、认证准入与出海布局策略15:10-15:30茶歇专场④：固态电池材料创新专场15:30-15:50高容量硅基负极材料在固态电池中的适配改性技术15:50-16:10高电压固态正极材料的改性技术与性能提升16:10-16:30硫化物固态电解质批量制备与纯度控制工艺16:30-16:50氧化物固态电解质界面改性与阻抗降低技术16:50-17:10干法电极核心材料研发与规模化应用进展17:10-17:30固态电池界面缓冲层材料设计与性能优化17:30-18:00圆桌论坛：固态电池关键材料技术发展趋势？固态电解质材料不同技术路线发展情况固态电池智能制造及工艺瓶颈？四、报名参会参会方式①：SVIP参会：3188元人增值服务权益：1、会议期间自助午餐、茶歇2、会场座位前排台卡3、2026全球固态电池产业链地图(扫码关注起点固态电池、起点锂电、起点研究公众号/抖音号/视频号后领取）4、起点研究院SPIR全球固态电池行业运行总结PPT5、演讲企业PPT可对外6、论坛通讯录7、SVIP参会证件参会方式②：VIP参会：2188元/人增值服务权益：1、会议期间自助午餐、茶歇2、会场座位前排台卡3、2026全球固态电池产业链地图(扫码关注起点固态电池、起点锂电、起点研究公众号/抖音号/视频号后领取）4、起点研究院SPIR全球固态电池行业运行总结PPT5、演讲企业PPT可对外6、VIP参会证件参会方式③：免费（需转发本次论坛宣传文章到朋友圈，并截图上传给起点人员）增值服务权益：1、2026全球固态电池产业链地图(扫码关注起点固态电池、起点锂电、起点研究公众号/抖音号/视频号后领取）2、普通参会嘉宾证件【收款账号】收款单位：深圳市起点研究咨询有限公司开户行：中国农业银行深圳前进路支行银行账号：41019700040025862汇款请注明：宣传费/服务费/会议展览服务五、报名联系方式活动咨询+赞助：邱先生***********尧先生***********论坛报名：于小姐***********张小姐***********媒体合作：黄小姐***********六、主办方介绍起点锂电成立于2015年，是专注锂电池、固态电池全产业链的权威产业服务与生态赋能平台，深耕锂电材料、电芯、装备、PACK、储能、动力应用、循环回收、固态电池等全链条领域，以产业研究为根基、数据报告为支撑、论坛展会为桥梁、品牌传播为窗口、投融资孵化为引擎、SNEC中国新能源企业家俱乐部为生态纽带、锂电及固态电池产业园为落地载体，深度链接政府园区、龙头企业、科研院所、投资机构与应用终端，构建“研究—数据—活动—传播—资本—会员—园区”全周期一站式服务体系，推动锂电产业技术创新、产能升级、生态协同与高质量集群化发展，助力新能源产业全球化布局。锂电&固态标杆合作客户（排名不分先后）三星SDI、LG、奔驰、日本松下、日本村田、韩国浦项化学、吉利、大众、宁德时代（CATL）、ATL、新能安、比亚迪、巴斯夫、亿纬锂能、瑞浦兰钧、赣锋锂业、楚能新能源、远景动力、海辰储能、蜂巢能源、国轩高科、正力新能、孚能科技、融捷能源、德赛电池、上海航天、昆宇电源、星恒电源、天能、超威、欣旺达、万向一二三、烟台力华、阳光电源、比克、力神电池、派能科技、多氟多新能源、鹏辉能源、创明新能源、小鲁锂电、利维能、博力威、横店东磁、海四达、中比新能源、保力新、华阳股份、维科技术、诺达智慧能源、蓝京新能源、睿恩新能源、时代联合、远东电池、克能新能源、离子能源、金启航电源、海雷新能源、小哈换电、光宇出行、天赐材料、恩捷股份、中材科技、富临精工、德方纳米、北大先行、河南科隆、天力锂能、容百科技、华友钴业、金力股份、顶皓新材、海科新源、科恒股份、时代瑞象、德比电子、瑞森新材料、诺德股份、华创新材、东阳光、三合一体、嘉智信诺、逸飞激光、先导智能、大族锂电、格林晟、纳科诺尔、星云股份、红运机械、杭可科技、嘉拓智能、诚捷智能、金银河、鹏锦智能、海目星、利元亨、中基自动化、宏工科技、日联科技、超业精密、奥鸿智能、吉阳智能、华阳自动化、海裕百特、达力智能、乔戈里、力通威、中天和、瑞能股份、信宇人、海康智能、尚水智能、泽源智能、清研电子、精诚时代、上海晋强、莫洛奇、微慕科技、中汽数据、北测新能源、翼动新能、亿鑫丰、鑫晟达、华冠科技、贤辰智享、联得装备、天永智能、杉达科技、科达利、中泽科技、孚悦科技、中瑞股份、广东精锐精密、昇兴新能源、陀普科技、钹鑫科技、和明机械、众志检测、高鑫检测、有研广东院、天石科丰、博粤新材、伊特克斯、因势新材料等七大核心服务板块一、产业研究依托起点研究院SPIR专业智库，聚焦锂电、固态电池和钠电等技术迭代、政策标准、供应链安全、市场趋势、竞争格局，提供定制化产业调研、技术路线评估、产业链诊断、战略规划、政策解读与海外市场分析，为企业研发、投资、扩产、全球化布局提供专业决策支撑。二、数据报告打造锂电行业权威数据体系，发布年度/季度产业白皮书、市场分析报告、成本测算、产能追踪、供需数据、企业榜单、装机监测、固态电池技术进展报告等核心数据产品，覆盖全产业链关键指标，以精准、实时、权威数据赋能行业高效决策。三、专业论坛展会打造高规格品牌起点锂电论坛、起点固态电池论坛、中国新能源企业家峰会沙龙、起点锂电全国行、起点金鼎奖评选、CINE钠电及固态电池展等活动，汇聚产业链精英、技术专家、投资机构与应用客户，实现趋势分享、技术交流、资源聚合、商务对接，构建国内极具影响力的锂电产业交流合作阵地。四、品牌传播依托全媒体精准传播矩阵，为锂电及固态电池企业提供品牌专访、新品发布、技术解读、产能官宣、IPO公关、行业背书、全媒体推广等服务，精准触达上下游客户与合作伙伴，全面提升企业品牌知名度、行业影响力与市场曝光度。 五、投融资孵化链接主流投资机构、产业资本与优质锂电/固态电池项目，提供项目路演、投融资对接、企业估值、商业孵化、技术成果转化、产业并购等服务，打通“技术—资本—产业”通道，助力优质项目快速产业化、规模化落地。六、SNEC新能源企业家俱乐部会员服务以SNEC新能源企业家俱乐部为核心生态平台，为会员提供高层政企对接、供应链精准匹配、技术合作、人才对接、行业标准参与、专属闭门交流、资源共享、圈层赋能等定制化会员服务，凝聚行业头部力量，推动产业协同共赢。七、锂电及固态电池产业园规划面向政府、园区与产业载体，提供锂电/固态电池产业园定位策划、产业规划、招商方案、项目引进、运营赋能、生态构建、政策落地全流程服务，打造集研发、中试、生产、检测、应用、回收于一体的特色新能源产业集群，助力区域新能源产业升级与经济高质量发展。点击阅读原文，即可报名参会！阅读原文11月6日 广州南沙国际会展中心！,,,,pending
国轩高科拿下6GWh储能订单,起点锂电,起点锂电,"RIOnews API, 新材料, 碳, 前沿表征, 工况, 固态电池, 国轩高科, 国轩, 储能, 储能系统, 可靠性, 长循环, 循环寿命, 负极材料, GWh, 订单, 落地",normal,2026-09-12T14:56:01+08:00,,近日，沙特首批大型电池储能项目正式落地并进入实质性建设阶段。国轩高科凭借在储能领域的扎实产品技术实力与全球化服务优势，成功拿下该项目核心6GWh储能订单，国轩高科将为沙特三大主力储能站点提供全套储能解决方案。这标志着国轩高科正式突破中东高端储能市场，也成为中国储能企业深度参与中东新能源转型、构建全球储能产业新格局的关键一步。中东地区气候环境严苛，极度干旱、风沙频发、昼夜温差悬殊，且项目采用BOO（建设—拥有—运营）长效运营模式，对储能产品的可靠性、耐用性和可持续性提出了极高技术要求。针对当地极端工况与长期运营的核心需求，国轩高科为项目量身定制了一体化全场景储能系统解决方案。 方案核心搭载国轩高,http://mp.weixin.qq.com/s?__biz=MzI1MjEyODg2Mg==&mid=2649799467&idx=2&sn=21c13f013b32aa035ce13ebb7b659df8,,近日，沙特首批大型电池储能项目正式落地并进入实质性建设阶段。国轩高科凭借在储能领域的扎实产品技术实力与全球化服务优势，成功拿下该项目核心6GWh储能订单，国轩高科将为沙特三大主力储能站点提供全套储能解决方案。这标志着国轩高科正式突破中东高端储能市场，也成为中国储能企业深度参与中东新能源转型、构建全球储能产业新格局的关键一步。中东地区气候环境严苛，极度干旱、风沙频发、昼夜温差悬殊，且项目采用BOO（建设—拥有—运营）长效运营模式，对储能产品的可靠性、耐用性和可持续性提出了极高技术要求。针对当地极端工况与长期运营的核心需求，国轩高科为项目量身定制了一体化全场景储能系统解决方案。 方案核心搭载国轩高,近日，沙特首批大型电池储能项目正式落地并进入实质性建设阶段。国轩高科凭借在储能领域的扎实产品技术实力与全球化服务优势，成功拿下该项目核心6GWh储能订单，国轩高科将为沙特三大主力储能站点提供全套储能解决方案。这标志着国轩高科正式突破中东高端储能市场，也成为中国储能企业深度参与中东新能源转型、构建全球储能产业新格局的关键一步。中东地区气候环境严苛，极度干旱、风沙频发、昼夜温差悬殊，且项目采用BOO（建设—拥有—运营）长效运营模式，对储能产品的可靠性、耐用性和可持续性提出了极高技术要求。针对当地极端工况与长期运营的核心需求，国轩高科为项目量身定制了一体化全场景储能系统解决方案。 方案核心搭载国轩高科独有的乾元智储储能系统，产品具备高集成度、大容量、长循环寿命等优势。依托模块化集成、精准温控、智能电池管理等核心技术，设备可在-30℃至55℃超宽温度区间稳定运行，同时配套专属高温、风沙防护方案，大幅提升了储能系统在复杂环境下的稳定性和可靠性，全方位保障沙特首批大型电池项目安全、稳定、长效运行。该项目建成投运后，可在日间集中存储富余光伏电力，在用电高峰时段有序释放电能，将有效弥合新能源发电与电力需求之间的时序匹配，显著提升沙特当地电网对可再生能源的消纳水平与灵活调节能力，为区域新型电力系统的稳定运行提供坚实支撑。随着全球储能标杆项目的持续落地，国轩高科正加速从“中国制造”向“中国技术+全球服务”的价值升级。未来，国轩高科将继续深耕全球新能源市场，携手各区域产业合作伙伴，稳定输出高可靠性的储能技术与全栈解决方案，为全球能源转型与绿色低碳发展注入坚实的产业动能。往期回顾01｜杉杉&中科电气先后发声！负极材料迎来涨价！02｜贝特瑞落子雅安！03｜2026起点电摩电池年会暨电摩电池金鼎奖颁奖典礼11月7日广州南沙国际会展中心举办！04｜2026第三届起点固态电池生态年会暨固态电池金鼎奖颁奖典礼11月6日广州南沙国际会展中心举办！起点锂电行业交流群—码上入群点击阅读原文，即可报名参会！,,,,pending
宁德时代拟收购重庆耀宁！,起点锂电,起点锂电,"RIOnews API, 固态电池, 合作进展, 投资, 合作, 收购, 量产推进, 产能, 厂房建设, 宁德时代, 时代新能源, 孚能科技, 储能, 电池包, CTP, 电池回收, 梯次利用, 负极材料, 交付, 规划产能, GWh, 生产基地, 投产, 达产, 合作协议, 本地化, 发布, 项目落地, 落地",normal,2026-09-12T14:56:01+08:00,,9月11日早间，国家市场监督管理总局官网发布2026年8月31日至9月6日无条件批准经营者集中案件列表，全批次共9起交易完成反垄断审结，其中宁德时代新能源科技股份有限公司收购重庆耀宁新能源科技有限公司股权案正式在列，审结时间标注为2026年9月3日。本次交易参与集中的经营者为宁德时代与极氪汽车（上海）有限公司，这也意味着双方筹划已久的西南动力电池资产整合，拿到了监管层面的关键通行证。公开工商资料显示，重庆耀宁新能源成立于2021年12月，注册资本1亿元，注册地址位于重庆市涪陵区马鞍街道银滩路22号附46号。经营范围覆盖：新兴能源技术研发、储能技术服务、动力电池电芯及零配件制造、新能源汽车废旧动,http://mp.weixin.qq.com/s?__biz=MzI1MjEyODg2Mg==&mid=2649799467&idx=1&sn=966c1a9d410095f61d1b884171f951ec,,9月11日早间，国家市场监督管理总局官网发布2026年8月31日至9月6日无条件批准经营者集中案件列表，全批次共9起交易完成反垄断审结，其中宁德时代新能源科技股份有限公司收购重庆耀宁新能源科技有限公司股权案正式在列，审结时间标注为2026年9月3日。本次交易参与集中的经营者为宁德时代与极氪汽车（上海）有限公司，这也意味着双方筹划已久的西南动力电池资产整合，拿到了监管层面的关键通行证。公开工商资料显示，重庆耀宁新能源成立于2021年12月，注册资本1亿元，注册地址位于重庆市涪陵区马鞍街道银滩路22号附46号。经营范围覆盖：新兴能源技术研发、储能技术服务、动力电池电芯及零配件制造、新能源汽车废旧动,9月11日早间，国家市场监督管理总局官网发布2026年8月31日至9月6日无条件批准经营者集中案件列表，全批次共9起交易完成反垄断审结，其中宁德时代新能源科技股份有限公司收购重庆耀宁新能源科技有限公司股权案正式在列，审结时间标注为2026年9月3日。本次交易参与集中的经营者为宁德时代与极氪汽车（上海）有限公司，这也意味着双方筹划已久的西南动力电池资产整合，拿到了监管层面的关键通行证。公开工商资料显示，重庆耀宁新能源成立于2021年12月，注册资本1亿元，注册地址位于重庆市涪陵区马鞍街道银滩路22号附46号。经营范围覆盖：新兴能源技术研发、储能技术服务、动力电池电芯及零配件制造、新能源汽车废旧动力蓄电池回收及梯次利用等全链条环节，是重庆涪陵高新区动力电池产业集群的核心在建项目之一。从吉利系项目到待售资产 重庆耀宁的六年演变路径回溯项目源头，该地块的动力电池布局最早可追溯至2021年，彼时重庆市涪陵区人民政府与吉利科技集团正式签署合作协议，吉利科技新能源动力电池项目落地涪陵，双方合资设立项目主体驰航新能源（重庆）有限公司，由吉利科技集团与孚能科技共同持股。项目总投资约85亿元，规划产能24GWh，占地约480亩，规划总建筑面积约31万平方米，核心业务聚焦动力电池电芯、模组、PACK的研发、生产与销售，从立项之初就瞄准西南区域新能源整车配套市场。后续随着行业股权调整，孚能科技逐步从该项目完全退出，项目主体股权全部转入吉利体系，驰航新能源（重庆）有限公司也正式更名为重庆耀宁新能源科技有限公司。截至9月12日信息显示，重庆耀宁新能源的现直接母公司为江苏耀宁新能源有限公司，后者大股东为浙江吉曜通行能源科技有限公司，属于吉利体系旗下核心电池运营平台，重庆基地也成为耀宁新能源全国产能布局的西南支点，此前规划的核心客户就覆盖吉利汽车位于重庆、贵阳的两大生产基地。在此之前，耀宁新能源已经完成全国化产能铺排，先后落地盐城、桐庐、上饶、鹰潭、唐山、重庆等多个生产基地，重庆基地便是其西南地区在建的大型动力电池项目。起点锂电了解到，该项目厂房主体已经封顶，原定计划2026年12月启动试生产，2027年一季度正式投产，达产后年产值规模预计可达百亿元，是重庆涪陵高新区动力电池产业带中进度最快的待投产项目之一。按照我国《反垄断法》相关规定，市场监管总局出具的无条件批准批复，是经营者集中交易正式生效的必要前置条件。这一批复的落地，意味着监管部门经审查后认定，本次收购不会对国内动力电池市场的竞争格局产生排除、限制效果，交易双方可依法推进后续股权交割流程。但截至目前，该审批完成并不等同于股权已经完成最终过户，后续宁德时代与极氪方面还需要依次完成工商股东变更登记、交易价款支付、资产交割确认等一系列法定流程，本次收购才会最终全部落地。若拿下近投产产能 宁德时代西南布局再补关键缺口对于宁德时代而言，若本次收购最终完成，将直接拿下一座接近投产的成熟动力电池工厂，省去从土地平整到厂房建设的数年周期，进一步补齐其在西南区域的产能拼图。事实上，宁德时代在西南市场的动力电池布局早已进入密集落地阶段，其中重庆区域的产能布局已经形成整车配套、合资共建、换电网络等多板块协同的格局：一是面向赛力斯体系的“厂中厂”项目已经在2025年6月正式投产，直接落地赛力斯超级工厂内部，本地化生产CTP 2.0高端电池包，配套问界系列车型，大幅压缩了电池运输周期与整车交付等待时间；二是与长安汽车合资的时代长安动力电池项目，总投资约55亿元，落地川渝高竹新区北碚板块，规划年产能25GWh，主要配套阿维塔、深蓝、启源等长安旗下新能源品牌，项目预计2027年正式投产；此外在换电服务网络方面，宁德时代巧克力换电站于2024年12月20日在重庆落地全国首批站点，目前重庆主城区已经建成“十分钟找站、99秒换电”的服务网络，覆盖运营新能源出租车超过5000辆。从西南区域产业大盘来看，2025年重庆全市电池产业产值同比增长34.2%，川渝地区动力及储能电池产量在全国占比达到22%，已经跻身国内电池产业核心制造基地行列。重庆耀宁项目的加入，将让宁德时代在重庆的产能梯队形成“已投产+在建+待投产”的三层衔接，进一步强化其在西南新能源汽车产业带的供应链话语权。目前本次交易的后续股权交割细节尚未对外披露，最终的股权结构安排、项目投产后的产品定位与客户分配，仍有待双方后续的官方公示。而随着这一接近百亿规模的在建电池资产完成整合，西南动力电池市场的产能格局，也将随之迎来新的变量。— 完 — 作者丨起点锂电 转载授权请加微信：qd-Lib1222往期回顾01｜杉杉&中科电气先后发声！负极材料迎来涨价！02｜贝特瑞落子雅安！03｜2026起点电摩电池年会暨电摩电池金鼎奖颁奖典礼11月7日广州南沙国际会展中心举办！04｜2026第三届起点固态电池生态年会暨固态电池金鼎奖颁奖典礼11月6日广州南沙国际会展中心举办！点击阅读原文，查看富工流体更多内容！,,,,pending
华东师范大学Angew:三活性位点工程S型异质结光催化剂：实现全光谱驱动无牺牲剂硝酸根高效合成氨,电催化科研社,电催化科研社,"RIOnews API, 电化学合成, 电催化",normal,2026-09-12T14:46:06+08:00,,一、全文速览本研究针对无牺牲剂体系下光催化硝酸根还原（NitRR）合成氨过程中近红外光利用率低、水氧化半反应动力学迟缓、质子长距离迁移限制加氢步骤效率的核心痛点，开发了一种由窄带隙CuS与导电Co基MOF（Co-HITP）构建的近红外响应S型异质结光催化剂CuS@Co-HITP。研究团队通过在异质结界面构筑Cu-S-Co三重活性位点，原创性提出界面动态质子转移（IDPT）新机制，协同促进水氧化反应（WOR）与硝酸根还原反应的动力学匹配，最终实现了5750.06 μmol g⁻¹ h⁻¹的超高氨产率，600 nm下表观量子效率达13.27%，1000 nm近红外光下仍能达到11.63%，太阳能-,http://mp.weixin.qq.com/s?__biz=MzI4MTE2MjIxOQ==&mid=2650307553&idx=1&sn=30ac21042c2467b51ac80bf2af46314e,,一、全文速览本研究针对无牺牲剂体系下光催化硝酸根还原（NitRR）合成氨过程中近红外光利用率低、水氧化半反应动力学迟缓、质子长距离迁移限制加氢步骤效率的核心痛点，开发了一种由窄带隙CuS与导电Co基MOF（Co-HITP）构建的近红外响应S型异质结光催化剂CuS@Co-HITP。研究团队通过在异质结界面构筑Cu-S-Co三重活性位点，原创性提出界面动态质子转移（IDPT）新机制，协同促进水氧化反应（WOR）与硝酸根还原反应的动力学匹配，最终实现了5750.06 μmol g⁻¹ h⁻¹的超高氨产率，600 nm下表观量子效率达13.27%，1000 nm近红外光下仍能达到11.63%，太阳能-,"一、全文速览本研究针对无牺牲剂体系下光催化硝酸根还原（NitRR）合成氨过程中近红外光利用率低、水氧化半反应动力学迟缓、质子长距离迁移限制加氢步骤效率的核心痛点，开发了一种由窄带隙CuS与导电Co基MOF（Co-HITP）构建的近红外响应S型异质结光催化剂CuS@Co-HITP。研究团队通过在异质结界面构筑Cu-S-Co三重活性位点，原创性提出界面动态质子转移（IDPT）新机制，协同促进水氧化反应（WOR）与硝酸根还原反应的动力学匹配，最终实现了5750.06 μmol g⁻¹ h⁻¹的超高氨产率，600 nm下表观量子效率达13.27%，1000 nm近红外光下仍能达到11.63%，太阳能-化学能转换效率可达0.11%，性能远超已报道的无牺牲剂体系光催化剂。在此基础上，团队进一步搭建了连续流户外光反应装置，在自然太阳光条件下实现了氨的稳定连续生产，最终可直接得到氯化铵固体产物，为该技术的规模化应用扫清了前期障碍。二、背景介绍硝酸根污染物广泛来源于农业活动、生活污水与工业废水，长期摄入会诱发高铁血红蛋白血症甚至癌症，对人体健康与生态环境构成严重威胁。相比于传统脱氮方式，利用太阳能驱动光催化硝酸根还原合成高附加值氨，兼具反应条件温和、操作简便、环境友好的优势，是极具潜力的可持续脱氮路径。但当前该领域的发展仍面临三重核心挑战：第一，无牺牲剂体系中，光催化硝酸根还原需要与水氧化半反应耦合，水氧化过程存在高过电位、动力学迟缓的问题，会严重延缓空穴消耗，加剧光生载流子复合，现有研究大多聚焦于还原半反应的优化，对水氧化过程的促进关注度极低；第二，光催化硝酸根还原的质子完全来源于水氧化，质子需要通过体相溶液长距离迁移到反应位点，极低的质子扩散系数会大幅阻碍硝酸根及其中间体的加氢过程，而电催化领域广泛应用的局域质子转移策略在光催化硝酸根还原体系中鲜有探索；第三，绝大多数已报道的光催化剂仅能响应紫外-可见光区域，该部分能量仅占太阳能总量的47%，占比约53%的近红外光几乎完全未被利用，太阳能整体利用效率极低。已公开的无牺牲剂体系光催化剂性能普遍偏低，氨产率普遍低于2.5 mmol g⁻¹ h⁻¹，600 nm下表观量子效率不足1%，太阳能-化学转换效率低于0.005%，远达不到实际应用的要求。三、研究内容与亮点本工作的核心创新点集中于三重活性位点的界面工程设计与新反应机制的提出，具体可分为三大核心亮点：第一，首次构建了兼具全光谱响应特性的CuS@Co-HITP S型异质结。两种组分均为窄带隙半导体，CuS带隙1.56 eV，Co-HITP带隙1.50 eV，复合后实现了从紫外到近红外区域的广谱光捕获，异质结内部构建的内建电场驱动光生载流子遵循S型转移路径，有效保留了强还原电子与强氧化空穴，同时大幅抑制载流子复合，实现了光生电荷的高效分离。第二，原创性提出界面动态质子转移（IDPT）新机制。异质结界面构筑的Cu-S-Co三重活性位点实现了功能的精准分工：Cu位点作为水氧化的活性中心，Co位点作为硝酸根还原的活性中心，桥连的S位点则充当动态质子中继站，捕获水在Cu位点解离产生的质子后，直接将质子短程输送到相邻的Co位点参与加氢步骤，完全规避了传统质子在体相溶液长距离迁移的低效问题，同时同步降低了水氧化和硝酸根还原两个半反应的能垒，实现了两个耦合反应的动力学精准匹配。第三，性能表现全面领跑已报道的无牺牲剂光合成氨体系，还实现了户外规模化验证。该催化剂的电子-空穴消耗比为1.05，远优于单组分CuS的0.56和纯相Co-HITP的2.79，两个半反应的电荷消耗几乎完全平衡，经过60次循环反应后，氨产率仍能保留初始值的95.5%，结构与组分稳定性优异。团队进一步搭建的固定化催化剂连续流反应面板，在连续6天的户外自然太阳光测试中，5小时平均累计氨产量可达9.70 mmol，最终可直接分离得到氯化铵固体产物，打通了从实验室基础研究到实际场景应用的关键链路。四、图文解析在材料形貌与晶体结构表征中，扫描电镜与透射电镜清晰展现了CuS@Co-HITP独特的“片上片”异质结构，高分辨透射电镜观察到的0.33 nm与1.8 nm晶格间距，分别对应CuS的(100)晶面与Co-HITP的特征晶面，元素映射结果显示Cu、S、N、Co四种元素在整个异质结构中均匀分布，XRD与红外光谱结果同时验证了两种组分的成功复合。能带结构表征结果显示，CuS与Co-HITP的费米能级分别为-4.80 eV和-4.64 eV，二者接触后电子自发从Co-HITP向CuS转移，形成从Co-HITP指向CuS的内建电场，直接证实了S型电荷转移机制的形成。XPS光谱的结合能位移变化直观体现了异质结界面的电子相互作用，光照条件下的原位XPS与原位红外表征，实时追踪到了反应过程中NO₃⁻、NO₂⁻中间体、NH₄⁺产物以及水氧化关键中间体*OOH的动态演变，直接观测到了桥连S位点形成的S-H物种，为界面动态质子转移机制提供了坚实的实验证据。DFT理论计算结果进一步量化验证了该体系的性能优势：复合后Cu位点对H₂O的吸附能提升至-2.56 eV，Co位点对NO₃⁻的吸附能提升至-3.24 eV，两个半反应的决速步能垒较单组分材料均大幅降低：水氧化过程中H₂O解离的过渡态能垒从纯CuS的2.03 eV降至1.73 eV，硝酸根加氢步骤的过渡态能垒从纯Co-HITP的1.06 eV降至0.57 eV，从理论层面阐明了三重活性位点的协同增效机制。最终搭建的户外连续流反应面板，将催化剂固定在20 cm×20 cm的聚丙烯无纺布基底上，实际运行过程中氨产率与太阳光强度呈现完美的正相关，充分验证了该技术在实际自然条件下的运行可行性。五、总结与展望该工作通过将窄带隙CuS与导电Co基MOF整合为S型异质结，通过界面Cu-S-Co三重活性位点的精准工程设计，首次提出界面动态质子转移机制，同步解决了传统无牺牲剂光催化硝酸根还原体系中近红外光利用率低、水氧化动力学迟缓、质子迁移效率差的多重问题，在实现创纪录光催化合成氨性能的同时，完成了户外连续生产的原理性验证，为高性能硝酸根还原光催化剂的设计提供了全新的范式。研究团队也指明了后续三个核心探索方向：一是开发低成本、高稳定性光催化剂的规模化合成工艺，进一步降低材料制备成本；二是优化放大光催化反应装置，满足大规模量产的场景需求；三是将光催化体系与膜分离技术深度耦合，实现催化反应与产物分离的同步在线完成，推动该技术早日走向实际工业应用。原文信息Y. Xi, S. Long, and J. Wang, et al.,A Triple-Site Engineered Heterojunction Photocatalyst for Full-Spectrum NH3 Synthesis via Synergistic Promotion of Water Oxidation and Nitrate Reduction， Angewandte Chemie International Edition (2026): e9657393. https://doi.org/10.1002/anie.9657393声明：本文内容用于科研进展分享，详细内容请参考原文，如有侵权，请联系后台小编删除。华东师范大学Angew:三活性位点工程S型异质结光催化剂：实现全光谱驱动无牺牲剂硝酸根高效合成氨",,,,pending
亿纬锂能牵手中铁北京局，拿下5GWh储能订单！,电池社,电池社,"RIOnews API, 新材料, 碳, 合作进展, 战略合作, 合作, 亿纬锂能, 亿纬, 储能, 储能电芯, 大容量储能电芯, 系统集成, 600Ah, 数据中心备电, UPS, 供电, 长循环, GWh, 订单, 合作协议, 签约, 量产, 落地",normal,2026-09-12T14:29:00+08:00,,近日，中铁北京工程局集团有限公司与惠州亿纬锂能股份有限公司在北京举行战略合作协议签约仪式。中铁北京工程局集团副总经理张涛，惠州亿纬锂能股份有限公司副总裁徐庭阳出席，双方相关负责人及业务骨干共同参加。签约前，双方举行会谈，分别介绍各自主营业务与产业方向，围绕新能源领域合作愿景、储能技术应用场景及基础设施建设协同等话题充分交换意见，就建立长期稳定的战略合作关系达成一致。双方明确将秉持“优势互补、长期合作，互惠共赢、共同发展”的合作理念，建立专项工作对接机制，合力把握新能源发展机遇，双方约定，未来三年储能项目合作规模不少于 5GWh。中铁北京局是世界双 500 强企业中国中铁所属全资子公司，主营铁路,http://mp.weixin.qq.com/s?__biz=MzI5MDc1MjAzNQ==&mid=2247543222&idx=1&sn=f88deb15d571fca2759d2825b7a83bdf,,近日，中铁北京工程局集团有限公司与惠州亿纬锂能股份有限公司在北京举行战略合作协议签约仪式。中铁北京工程局集团副总经理张涛，惠州亿纬锂能股份有限公司副总裁徐庭阳出席，双方相关负责人及业务骨干共同参加。签约前，双方举行会谈，分别介绍各自主营业务与产业方向，围绕新能源领域合作愿景、储能技术应用场景及基础设施建设协同等话题充分交换意见，就建立长期稳定的战略合作关系达成一致。双方明确将秉持“优势互补、长期合作，互惠共赢、共同发展”的合作理念，建立专项工作对接机制，合力把握新能源发展机遇，双方约定，未来三年储能项目合作规模不少于 5GWh。中铁北京局是世界双 500 强企业中国中铁所属全资子公司，主营铁路,近日，中铁北京工程局集团有限公司与惠州亿纬锂能股份有限公司在北京举行战略合作协议签约仪式。中铁北京工程局集团副总经理张涛，惠州亿纬锂能股份有限公司副总裁徐庭阳出席，双方相关负责人及业务骨干共同参加。签约前，双方举行会谈，分别介绍各自主营业务与产业方向，围绕新能源领域合作愿景、储能技术应用场景及基础设施建设协同等话题充分交换意见，就建立长期稳定的战略合作关系达成一致。双方明确将秉持“优势互补、长期合作，互惠共赢、共同发展”的合作理念，建立专项工作对接机制，合力把握新能源发展机遇，双方约定，未来三年储能项目合作规模不少于 5GWh。中铁北京局是世界双 500 强企业中国中铁所属全资子公司，主营铁路、公路、市政、房建、电力、光伏及 EPC 业务，在能源基础设施、清洁能源、生态环保等领域具备投建营一体化服务能力。亿纬锂能是全球头部储能电池厂商，率先量产 600Ah+ 大容量储能电芯，具备从电芯制造到系统集成的全栈解决方案能力。双方产业链环节高度互补，合作空间广阔。此次签约，是双方抢抓能源结构转型战略机遇、共拓绿色发展新赛道的重要布局。未来，双方将充分发挥工程建设与储能装备的协同优势，携手推动意向合作落地见效，为绿色低碳能源体系建设贡献力量。浙江·宁波2026年11月13日电容炭研讨会城市轨道/AI数据中心备电600元/人：含2顿自助，1次晚宴0元参会：免费参加，无用餐企业+学术大咖报告请扫码报名会议背景WEEKLY NEWS目前国产电容炭在工艺稳定性、成本控制、场景化适配方面仍存在不少产业化难题，地铁、AI 数据中心的材料选型标准也有待完善。为打通电容炭‑超级电容器‑终端应用产业链，解决产业痛点，特举办本次2026 高性能电容炭材料技术研讨会。2026年11月13 日，研讨会将于浙江宁波举办。本届会议由材能时代主办，以 “工艺迭代・国产突围，面向轨道交通与 AI 算力备电的电容炭产业化” 为核心宗旨，聚焦轨道交通、AI 数据中心两大应用场景，破解材料器件匹配难题，推动国产电容炭产业高质量发展。城市轨道、AI 数据中心两大应用场景快速发展，带动超级电容器需求快速增长。轨道交通场景中超级电容器应用于制动能量回收、信号系统应急备电时，需高倍率充放电、长循环、高可靠，对电容炭孔隙结构、杂质、批次一致性要求高AI 数据中心备电场景中GPU 瞬时功率波动大，传统 UPS 存在短板，超级电容器可毫秒级应急供电、缓冲功率，保障算力设备稳定，该场景对电容炭高温稳定性、低自放电、长寿命要求严苛。会议组织主办单位材能时代晚宴冠名单位征集中...协办单位东莞市志远高热机械科技有限公司山东圣泉新能源科技有限公司青岛正望新材料股份有限公司丹东百特仪器有限公司理化联科(北京)仪器科技有限公司广州森波化工科技有限公司深圳市美格真空科技有限公司中建材（陕西）新材料装备有限公司参展单位：征集中... 会议招商 ▼ 多种宣传方式可进行选择，有需求请联系会务组报名费用及收款账户WEEKLY NEWS账户信息：账户名称:深圳材能时代数字科技有限公司账户号码:41023500040057558开户银行:中国农业银行股份有限公司深圳坑梓支行税号：91440300MAE4G8PT1Q地址：深圳市坪山区坑梓街道秀新区吉康路45-1银行行号：103584002359汇款用途 ：会议费或技术服务费开票注意事项：如果需要增值税专用发票， 请提供单位名称 、税号 、地址 、 电话 、 开户行 、账号接受邮箱:caineng9959@163.com会务组联系方式参会 、参展 、 宣传及赞助事宜联 系 人： 赵丽联系电话： ***********（微信同号）邮箱 ：caineng9959@163.com联系人：刘冬华联系电话： ***********（微信同号）邮箱 ：caineng3000@163.com材料+能源领域一站式服务平台！,,,,pending
既要上书架也要上货架！清华大学选定这家企业，联合冲击锂电安全新上限,电池中国,电池中国,"RIOnews API, 三元, 储能, 系统集成, BMS, 高安全, 热失控, 电池管理系统, 热管理, 排名, 签约, 项目落地, 落地",normal,2026-09-12T12:00:00+08:00,,倒计时 69 天CBIS2026第十一届动力电池应用国际峰会（CBIS2026）数智创新·协同布局 - 撬动全球新能源价值链2026年11月 中国·上海主办单位：电池中国网承办单位：壹能（北京）网络科技有限公司总 冠 名：武汉逸飞激光股份有限公司联合主办：深圳市中基自动化股份有限公司来源 | 企业官微2026年9月9日，福建飞毛腿动力科技有限公司与清华大学达成合作，双方将联合攻关锂电安全技术，冲刺锂电安全新上限。飞毛腿集团、飞毛腿动力管理层，以及清华大学何向明老师所带领研究团队的核心成员共同出席本次签约仪式。本次合作聚焦动力电池热失控防护、安全预警及状态估算等核心技术，目标是加快前沿科研成果产,http://mp.weixin.qq.com/s?__biz=MzA3MzY0OTIzMQ==&mid=2661851059&idx=3&sn=53ac6118f64aecb2db3e246d4bd8e011,,倒计时 69 天CBIS2026第十一届动力电池应用国际峰会（CBIS2026）数智创新·协同布局 - 撬动全球新能源价值链2026年11月 中国·上海主办单位：电池中国网承办单位：壹能（北京）网络科技有限公司总 冠 名：武汉逸飞激光股份有限公司联合主办：深圳市中基自动化股份有限公司来源 | 企业官微2026年9月9日，福建飞毛腿动力科技有限公司与清华大学达成合作，双方将联合攻关锂电安全技术，冲刺锂电安全新上限。飞毛腿集团、飞毛腿动力管理层，以及清华大学何向明老师所带领研究团队的核心成员共同出席本次签约仪式。本次合作聚焦动力电池热失控防护、安全预警及状态估算等核心技术，目标是加快前沿科研成果产,倒计时 69 天CBIS2026第十一届动力电池应用国际峰会（CBIS2026）数智创新·协同布局 - 撬动全球新能源价值链2026年11月 中国·上海主办单位：电池中国网承办单位：壹能（北京）网络科技有限公司总 冠 名：武汉逸飞激光股份有限公司联合主办：深圳市中基自动化股份有限公司来源 | 企业官微2026年9月9日，福建飞毛腿动力科技有限公司与清华大学达成合作，双方将联合攻关锂电安全技术，冲刺锂电安全新上限。飞毛腿集团、飞毛腿动力管理层，以及清华大学何向明老师所带领研究团队的核心成员共同出席本次签约仪式。本次合作聚焦动力电池热失控防护、安全预警及状态估算等核心技术，目标是加快前沿科研成果产业化落地，为新能源产业安全设计提供技术支撑。清华大学何向明老师研究团队核心成员、新型能源与材料化学研究室副主任、副研究员/博士生导师王莉博士表示，锂电池已是国内交通动力产业升级的重要一环，但安全问题依旧是制约行业高质量发展的核心痛点。本次合作将重点提升电池被动防护能力、优化状态估计模型精度，推动技术成果产业化落地，践行 “上书架也上货架” 的科研理念，让科研成果真正赋能产业。飞毛腿动力副董事长方玉滨先生代表飞毛腿集团与飞毛腿动力，向清华大学专家团队表达感谢与敬意。他提到，本次合作是飞毛腿动力依托清华大学高端科研平台，推进科研创新、实现技术升级的重要举措。飞毛腿动力将全力保障合作项目落地，把清华的研发优势转化为企业发展优势，借力清华科研平台，助力交通工具锂电产业升级。锂电安全的探索永无止境，产学携手共同冲击技术上限。飞毛腿动力是拥有 30 年品牌历史的飞毛腿集团旗下核心企业，面向 AI 驱动机器人、共享出行、清洁电器、消费电子、电池储能等赛道，为全球客户提供锂电池解决方案。公司搭建了近 300 人的研发团队，覆盖电池管理系统 (BMS) 电路开发、结构设计、固件及算法开发、研发测试与研发服务等全链条研发职能;累计拥有发明专利、实用新型专利 600 余项，其中电池热管理、热失控防范相关专利接近 70 项。作为世界知名高校，清华大学在 U.S. News 世界大学学科排名中工科位列全球第 1 位。何向明教授担任清华大学新型能源与材料化学研究室主任、研究员、博士生导师，深耕锂离子电池及其关键材料基础研究与工程化近 30 年。何向明教授带领的锂离子电池课题组，搭建多维度高安全动力电池技术方案，系统研究电芯内部失效、热诱发连锁反应机理，为国内动力电池安全标准制定提供重要科研支撑。锂电池安全是行业高质量发展的核心瓶颈。飞毛腿动力在高品质、高安全锂电池开发领域积累扎实产业经验，市场地位领先;清华大学在电池热失控机理、三级安全技术与系统集成方面科研底蕴深厚。双方产业链与技术链高度互补，为项目高效推进筑牢基础。按照项目规划，双方将围绕三元锂电池热失控防护技术、前瞻性热失控预警系统、健康状态 (SOH) 高精度估算等关键难题开展联合攻关。当前国内出台并实施了全球范围内严苛的动力电池强制国标，对锂电池系统热扩散作出严格规定。本次产学研合作瞄准满足并超越强制国标要求，合力攻坚锂电安全新上限。 END电池中国网相关业务联系 媒体宣传咨询 联系人：吴女士 手机：(86)***********（微信同号）邮箱：wulijuan@cbea.com 稿件咨询 联系人：闫先生 手机：(86)***********（微信同号）邮箱：yanzhigang@cbea.com 研究报告咨询 联系人：杜女士 手机：(86)***********（微信同号）邮箱：ducongcong@cbea.com 行业会议咨询 联系人：吴先生 手机：(86)***********（微信同号）邮箱：wumingshan@cbea.com联系人：吴女士 手机：(86)***********(微信同号)邮箱：wuke@cbea.com点击阅读原文，查看更多消息！阅读原文本次合作聚焦动力电池热失控防护、安全预警及状态估算等核心技术。,,,,pending
一门刚刚开始的“新生意”——AIDC储能火了,电池中国,电池中国,"RIOnews API, 新材料, 碳, 钠离子电池, 钠电, 信息披露, 年报, 披露, 投资者, 合作进展, 战略合作, 投资, 合作, 宁德时代, 亿纬锂能, 亿纬, 瑞浦兰钧, 瑞浦, 远景动力, 欣旺达, 鹏辉能源, 双登, 储能, ESS, 储能电芯, 储能系统, 大容量电芯, 独立储能, UPS, 算力中心, HVDC, 高安全, 出货, 交付, GWh, 订单, 海外, 政策, 推出, 送样, 客户测试, 落地",normal,2026-09-12T12:00:00+08:00,,倒计时 69 天CBIS2026第十一届动力电池应用国际峰会（CBIS2026）数智创新·协同布局 - 撬动全球新能源价值链2026年11月 中国·上海主办单位：电池中国网承办单位：壹能（北京）网络科技有限公司总 冠 名：武汉逸飞激光股份有限公司联合主办：深圳市中基自动化股份有限公司撰稿丨云 霓编辑丨麦 子美编丨CBEA独耀如今，当你想让AI帮忙写一段文案、或改一段代码、抑或生成一份周报，它几秒钟就能“交稿”。而支撑这种“秒回”的，是成千上万块GPU在数据中心里疯狂运算的结果。这些GPU不像传统服务器那样平稳用电，而是毫秒级暴跳。电网调度以秒计，GPU功率跳动以毫秒计，中间差了几百倍。所谓GP,http://mp.weixin.qq.com/s?__biz=MzA3MzY0OTIzMQ==&mid=2661851059&idx=1&sn=775c059e8b9e36857e66069f99046dfa,,倒计时 69 天CBIS2026第十一届动力电池应用国际峰会（CBIS2026）数智创新·协同布局 - 撬动全球新能源价值链2026年11月 中国·上海主办单位：电池中国网承办单位：壹能（北京）网络科技有限公司总 冠 名：武汉逸飞激光股份有限公司联合主办：深圳市中基自动化股份有限公司撰稿丨云 霓编辑丨麦 子美编丨CBEA独耀如今，当你想让AI帮忙写一段文案、或改一段代码、抑或生成一份周报，它几秒钟就能“交稿”。而支撑这种“秒回”的，是成千上万块GPU在数据中心里疯狂运算的结果。这些GPU不像传统服务器那样平稳用电，而是毫秒级暴跳。电网调度以秒计，GPU功率跳动以毫秒计，中间差了几百倍。所谓GP,倒计时 69 天CBIS2026第十一届动力电池应用国际峰会（CBIS2026）数智创新·协同布局 - 撬动全球新能源价值链2026年11月 中国·上海主办单位：电池中国网承办单位：壹能（北京）网络科技有限公司总 冠 名：武汉逸飞激光股份有限公司联合主办：深圳市中基自动化股份有限公司撰稿丨云 霓编辑丨麦 子美编丨CBEA独耀如今，当你想让AI帮忙写一段文案、或改一段代码、抑或生成一份周报，它几秒钟就能“交稿”。而支撑这种“秒回”的，是成千上万块GPU在数据中心里疯狂运算的结果。这些GPU不像传统服务器那样平稳用电，而是毫秒级暴跳。电网调度以秒计，GPU功率跳动以毫秒计，中间差了几百倍。所谓GPU，简单说，它就是AI的“发动机”。传统服务器像一台匀速跑的“跑步机”，功率稳定、起伏不大；GPU则像一群随时冲刺的短跑“运动员”，平时可能没动静，一旦接到任务，瞬间“全员爆发”。这种“爆发”有多猛？以英伟达最新的GB200 NVL72机柜为例，一个柜子72颗GPU，额定功率132kW，峰值能冲到约192kW。普通家庭一个月用电两三百度，这个柜子一小时就能耗电132度。就在几年前，一个服务器机柜的标配还是30kW-40kW，现在直接翻了三四倍。当成千上万个这样的机柜同时运行，功率波动足以让电网调度系统“措手不及”。那么，这几百倍的响应差距，谁来填呢？答案是AIDC储能。从“备电”到“缓冲”AIDC储能到底哪里不一样AIDC储能不是传统意义上“存电备用”的大电池。传统数据中心的用电是平稳的，储能配置的逻辑也很简单，在市电中断时顶上，平时“待命”。但AIDC不一样。GPU集群的功率波动在毫秒级，而电网调度在秒级，传统储能根本填不上这个响应差距。由此，AIDC储能更像电路里的一块“缓冲垫”——在GPU功率骤升的毫秒级窗口内瞬间放电补位，待电网完成调节后再平滑退出。AIDC储能的这一定位，正在被政策端确认。2026年，“算电协同”首次被写入政府工作报告，并被纳入“十五五”规划纲要。今年5月，国家发改委、能源局、工信部、国家数据局四部门，联合印发《关于促进人工智能与能源双向赋能的行动方案》，明确提出“鼓励算力设施配置构网型储能”。9月，中央网信办、国家发展改革委、工信部等七部门，又联合印发《促进数字化绿色化协同转型发展实施方案（2026—2030年）》，将算电协同从“算力+能源”，扩展到经济社会全领域。政策密集出台的背后，是算力用电量的真实暴增。2025年，全国算力中心总用电量高达170TWh，占全社会用电量的1.6%。国家能源局预计，“十五五”期间，全国算力用电量年均将新增100TWh以上，到2030年将达到约800TWh，占彼时全社会用电量的比重将提升到6%左右。国际能源署（IEA）预测，全球数据中心用电量将从2024年的约415TWh，涨到2030年的约945TWh，其中AI服务器要占近一半。需求端的压力，正在转化为订单端的爆发。今年6月，特斯拉和NatPower敲定了25GWh的超级大单，覆盖AIDC场景。中东阿布扎比RTC光储项目总规模19GWh，相当部分容量将专门留给周边新建的AIDC算力园区。丹麦的KK Group在欧洲5GWh储能项目合作框架里，主动划出2GWh定向供给当地的AIDC算力园区。远景动力与Prevalon Energy达成战略合作，未来三年将为后者供应超10GWh储能电芯及模组，明确支持AIDC电力基础设施等场景的全球需求。宁德时代一周内连签7GWh钠电储能订单，虽然当前应用场景以电网侧为主，但其宽温域、高安全的技术特性，恰好契合AIDC储能的差异化需求，该公司已明确将AIDC作为钠电的重要目标场景加以布局。双登股份2026年半年报显示，上半年其AIDC储能新增订单同比增长超过80%，AIDC锂电订单超过6亿元，是其去年同期的20多倍。2026年前五个月，全球给AI数据中心（AIDC）配套的储能系统出货已达10GWh，超越2025年约8GWh的全年总量。而这10GWh里，绝大部分订单来自海外。北美云厂商的需求正在加速释放，而国内市场的规模化放量，业内普遍判断要等到2028至2030年。换句话说，AIDC储能的第一波浪潮，才刚刚拍打到岸边。亿纬锂能/瑞浦兰钧/欣旺达等多家电池厂商披露AIDC布局最新进展浪潮拍岸，企业先行。近期多家企业透过半年报及最新投资者交流信息，密集披露AIDC业务最新进展，并将其作为未来重要的战略布局方向。阳光电源近日明确表示，其目前AIDC配储业务在手订单约2GWh，跟进项目有十几个GWh，并在2026半年报中，首次将AIDC电源列入其主要业务，仅次于光伏逆变器和储能系统之后。亿纬锂能专门成立了AIDC产品部，面向机柜、机房、园区及场站侧等各层级，可提供完整的解决方案，其圆柱BBU电芯预计将在下半年实现正式交付。瑞浦兰钧则推出从电芯到系统的AIDC专属方案，涵盖高功率型问顶®85Ah电芯和问顶®648Ah大容量电芯两大技术路线，6.9MWh储能系统搭载648Ah电芯，以1GWh项目为例，可减少28%的设备数量。宁德时代在业绩说明会上表示，其看好AIDC领域潜力，将依托产品优势提供整套能源创新解决方案，AIDC业务亦是其零碳战略的重要组成部分。欣旺达今年上半年AIDC储能业务订单同比增长近30倍，已构建覆盖不同电压等级的产品矩阵，全面适配SST、HVDC及UPS应用需求，其AIDC锂电解决方案，已落地国内外多个重点项目。海博思创推出“独立储能+算力中心”协同共建模式。算电协同方向已完成适配算力中心场景的一体化解决方案研发，融合配电系统与高倍率储能产品。鹏辉能源在ESS、UPS备电、BBU、EDLC电容等AIDC相关电池产品上均有布局。其中UPS备电85Ah电芯争取年内通过客户验厂，BBU产品已送样客户测试。从高倍率电芯到全栈系统，从备电方案到算电协同，各大电池厂商正在用不同的路径，切入同一个“最具想象力”的增量市场。先行者的订单已开始落地，而真正的规模化放量，还在路上。与作者交流本文为电池中国原创（微信号：cbea_battery），转载请注明出处。开白请联系（微信号：***********）获得授权。点击阅读原文，查看更多消息！阅读原文先行者的订单已开始落地，而真正的规模化放量，还在路上。,,,,pending
【价格周报】本周碳酸锂下降4.9%，收14.47万元/吨（9月7日-11日）,电池中国,电池中国,"RIOnews API, 新材料, 碳, 磷酸铁锂, 铁锂, 储能, 碳酸锂, 产能, GWh, 政策",normal,2026-09-12T12:00:00+08:00,,"供给端：9月国内冶炼厂排产环比回升，前期停减产企业陆续复产。本周碳酸锂周度总产量达26,748吨，环比增加1,502吨。其中辉石矿产碳酸锂环比增加1,040吨；云母产碳酸锂环比增加330吨；盐湖产碳酸锂环比增加177吨。国内碳酸锂总产量预计周环比增长约11%。枧下窝锂矿复产预期再次出现反复。8月下旬枧下窝环评公示被撤销后，市场对复产时间点的预期大幅延后。非洲（津巴布韦）锂矿到港、智利发运回升致供应放量。此外，澳大利亚Ngungaju工厂、Bald Hill项目按计划复产，南澳港口8月下半月至9月上半月发运量环比维持增长态势。需求端：2026年9月中国锂电市场（动力+储能+消费）排产约332GW",http://mp.weixin.qq.com/s?__biz=MzA3MzY0OTIzMQ==&mid=2661851059&idx=2&sn=08a685802e46e40891108adc4ca7e4fc,,"供给端：9月国内冶炼厂排产环比回升，前期停减产企业陆续复产。本周碳酸锂周度总产量达26,748吨，环比增加1,502吨。其中辉石矿产碳酸锂环比增加1,040吨；云母产碳酸锂环比增加330吨；盐湖产碳酸锂环比增加177吨。国内碳酸锂总产量预计周环比增长约11%。枧下窝锂矿复产预期再次出现反复。8月下旬枧下窝环评公示被撤销后，市场对复产时间点的预期大幅延后。非洲（津巴布韦）锂矿到港、智利发运回升致供应放量。此外，澳大利亚Ngungaju工厂、Bald Hill项目按计划复产，南澳港口8月下半月至9月上半月发运量环比维持增长态势。需求端：2026年9月中国锂电市场（动力+储能+消费）排产约332GW","供给端：9月国内冶炼厂排产环比回升，前期停减产企业陆续复产。本周碳酸锂周度总产量达26,748吨，环比增加1,502吨。其中辉石矿产碳酸锂环比增加1,040吨；云母产碳酸锂环比增加330吨；盐湖产碳酸锂环比增加177吨。国内碳酸锂总产量预计周环比增长约11%。枧下窝锂矿复产预期再次出现反复。8月下旬枧下窝环评公示被撤销后，市场对复产时间点的预期大幅延后。非洲（津巴布韦）锂矿到港、智利发运回升致供应放量。此外，澳大利亚Ngungaju工厂、Bald Hill项目按计划复产，南澳港口8月下半月至9月上半月发运量环比维持增长态势。需求端：2026年9月中国锂电市场（动力+储能+消费）排产约332GWh，环比增长9.2%，其中储能占130GWh。磷酸铁锂周度产量达132,875吨，较上周继续增长。市场对9月美联储议息会议加息25个基点加重了市场恐慌情绪。后续需重点关注头部电池厂排产的实际兑现情况、枧下窝环评是否重新挂网，以及储能产能审批政策的进一步明朗。电池中国网相关业务联系 媒体宣传咨询 联系人：吴女士 手机：(86)***********（微信同号）邮箱：wulijuan@cbea.com 稿件咨询 联系人：闫先生 手机：(86)***********（微信同号）邮箱：yanzhigang@cbea.com 研究报告咨询 联系人：杜女士 手机：(86)***********（微信同号）邮箱：ducongcong@cbea.com 行业会议咨询 联系人：吴先生 手机：(86)***********（微信同号）邮箱：wumingshan@cbea.com联系人：吴女士 手机：(86)***********(微信同号)邮箱：wuke@cbea.com点击阅读原文，查看更多消息！阅读原文获取更多研究报告请咨询杜女士手机：(86)***********（微信同号）",,,,pending
Chem：稳态工程放大，高价碘电合成,有机电催化,有机电催化,"RIOnews API, 电化学合成, 电催化, 电合成",normal,2026-09-12T12:00:00+08:00,,有机电合成 · 稳态工程 · 超价碘试剂 · 连续流放大一句话看懂有机电合成由实验室向制造端转化时，底物耗尽和产物累积会使界面状态偏离目标反应窗口，进而引发石墨自氧化、法拉第效率衰减和电极失活。该研究提出稳态工程，通过操作图、流道设计和在线冷却结晶保持准稳态；900 cm2连续流反应器7 h制得1.4 kg二乙酸碘苯，法拉第效率83%。高价碘试剂常用于有机合成氧化反应，传统制备依赖过氧化物氧化剂并产生安全与分离负担。电合成可用电子替代部分化学氧化剂，但批式体系中底物浓度持续下降，连续流体系又会发生产物积累和结晶堵塞。仅以单点收率优化难以解决跨尺度操作问题。因此，如何识别稳态破坏来源并将反应、传,http://mp.weixin.qq.com/s?__biz=MzUyNTc2ODMyOQ==&mid=2247562547&idx=1&sn=162e912603fe3331c20b498ccf2d150e,,有机电合成 · 稳态工程 · 超价碘试剂 · 连续流放大一句话看懂有机电合成由实验室向制造端转化时，底物耗尽和产物累积会使界面状态偏离目标反应窗口，进而引发石墨自氧化、法拉第效率衰减和电极失活。该研究提出稳态工程，通过操作图、流道设计和在线冷却结晶保持准稳态；900 cm2连续流反应器7 h制得1.4 kg二乙酸碘苯，法拉第效率83%。高价碘试剂常用于有机合成氧化反应，传统制备依赖过氧化物氧化剂并产生安全与分离负担。电合成可用电子替代部分化学氧化剂，但批式体系中底物浓度持续下降，连续流体系又会发生产物积累和结晶堵塞。仅以单点收率优化难以解决跨尺度操作问题。因此，如何识别稳态破坏来源并将反应、传,"有机电合成 · 稳态工程 · 超价碘试剂 · 连续流放大一句话看懂有机电合成由实验室向制造端转化时，底物耗尽和产物累积会使界面状态偏离目标反应窗口，进而引发石墨自氧化、法拉第效率衰减和电极失活。该研究提出稳态工程，通过操作图、流道设计和在线冷却结晶保持准稳态；900 cm2连续流反应器7 h制得1.4 kg二乙酸碘苯，法拉第效率83%。高价碘试剂常用于有机合成氧化反应，传统制备依赖过氧化物氧化剂并产生安全与分离负担。电合成可用电子替代部分化学氧化剂，但批式体系中底物浓度持续下降，连续流体系又会发生产物积累和结晶堵塞。仅以单点收率优化难以解决跨尺度操作问题。因此，如何识别稳态破坏来源并将反应、传质和分离协同设计，仍是有机电合成工业化的关键。核心问题如何在批式与连续流电合成中维持底物可及性和及时移除产物，避免石墨自氧化与产物沉积造成的稳态破坏？本文要点1. 以碘苯电氧化制二乙酸碘苯为模型，识别阳极界面底物耗尽后石墨自氧化是批式体系效率下降的根源。2. 底物浓度与电流密度构建的操作图界定准稳态区域，在8.9至44.4 mA cm−2范围内法拉第效率保持96%至99%。3. 连续流中优化阳极–膜间距改善流体分布，并用在线冷却结晶移除产物以抑制沉积引起的二次稳态破坏。4. 900 cm2反应器连续7 h制得1.4 kg二乙酸碘苯、法拉第效率83%，并据此构建36 t year−1示范装置方案。关键图表解读稳态工程的放大框架。Figure 1. 稳态工程的放大框架。稳态工程将底物耗尽、产物积累与副反应关联，并依次设置准稳态操作策略、连续流放大和工业装置环节，表明放大电合成需要将界面浓度控制、反应器设计和下游分离作为相互关联的系统问题处理。批式体系的稳态破坏来源。Figure 2. 批式体系的稳态破坏来源。批式电解中底物耗尽伴随石墨表面开裂和含氧物种增加，提高碘苯浓度后法拉第效率接近99%，表明维持阳极界面底物浓度可抑制与底物氧化竞争的石墨自氧化，但适用边界仍由传质条件决定。准稳态操作区间的建立。Figure 3. 准稳态操作区间的建立。操作图8.9至44.4 mA cm−2区域的FE为96%至99%，40 mA cm−2稳定500 h，表明底物浓度与施加电流的匹配能够维持目标氧化路径，并为长期电解提供可量化的操作窗口。连续流公斤级电合成。Figure 5. 连续流公斤级电合成。900 cm2反应器7 h制得1.4 kg二乙酸碘苯，法拉第效率83%且电压与热行为稳定，表明在线冷却结晶持续移除产物后，稳态工程可将高法拉第效率电合成拓展至公斤级连续生产。关键数据操作图指导下，8.9至44.4 mA cm−2范围内二乙酸碘苯法拉第效率为96%至99%；900 cm2连续流反应器运行7 h制得1.4 kg产物，法拉第效率83%。可以继续思考什么？稳态工程的操作图能否迁移至其他电氧化和电还原体系，并由在线浓度监测实现闭环调节？当装置进一步放大时，电渗透溶剂迁移、结晶分离负荷与原料循环将如何影响整体能耗和产品成本？文献信息论文题目：Upscaling electrosynthesis of hypervalent iodine through steady-state engineering期刊：Chem, 2027, 13, 103242DOI：10.1016/j.chempr.2026.103242通讯作者：Jingcheng Hu；Aiwen Lei有机电催化学术交流QQ群: 692419836",,,,pending
2026H1全球锂电设备上市企业整体营收及利润修复,起点锂电,起点锂电,"RIOnews API, 新工艺, 新材料, 电池材料, 碳, 隔膜, 高比能, 锂金属, 硅, 固态电池, 新型电池, 钠离子电池, 钠电, 产品发布, 发布, 全新, 上市, 合作进展, 融资, 招标, 投资, 合作, 量产推进, 产能, 扩产, 批量生产, 产线建设, 比亚迪, 宁德时代, CATL, 亿纬锂能, 亿纬, 中创新航, 国轩高科, 国轩, 瑞浦兰钧, 瑞浦, 海辰储能, 海辰, 远景动力, 蜂巢能源, 蜂巢, 欣旺达, 欣旺达动力, 孚能科技, 力神, 力神电池, 鹏辉能源, 楚能新能源, 楚能, LG新能源, ACC, 钠电池, 大圆柱, 46系, 刀片电池, 软包, 方形电池, 储能, 储能电芯, 大容量储能电芯, 系统集成, 大容量电芯, 电网侧储能, Pack, 电池包, 电池回收, 正极材料, 负极材料, 出货, 出货量, 交付, 装机, 装机量, 市占率, 市场份额, 排名, 订单, 毛利率, IPO, 并购, 海外, 出海, 本地化, 政策, 贸易壁垒, 推出, 新产品, 快充, 中试, 量产, 落地",normal,2026-09-12T11:53:57+08:00,,一、市场规模分析及预测SPIR数据显示，2026H1全球锂电池设备规模为467.4亿元，同比增长25.2%。增长主要得益于全球储能赛道需求爆发带动储能电池厂资本开支上行，动力电池行业筑底回暖、优质产能重启扩产，叠加国内电池企业出海及海外本土电池厂商扩产带来海外设备交付增量，同时大圆柱、钠离子等新技术产线建设与存量产线改造释放更新需求，再加上2025 年下半年签订的订单在本期集中完成终验确认收入，共同推高了上半年设备市场规模。长期来看，下游新能源汽车及储能市场对锂电池需求增长明确，同时叠加退役设备的更新换代及产线改造，锂电池设备需求未来2-3年将呈持续增长态势。起点研究院SPIR预计2026年全,http://mp.weixin.qq.com/s?__biz=MzI1MjEyODg2Mg==&mid=2649799459&idx=1&sn=4aaffc0d9c7e2e389183e105db8ae12e,,一、市场规模分析及预测SPIR数据显示，2026H1全球锂电池设备规模为467.4亿元，同比增长25.2%。增长主要得益于全球储能赛道需求爆发带动储能电池厂资本开支上行，动力电池行业筑底回暖、优质产能重启扩产，叠加国内电池企业出海及海外本土电池厂商扩产带来海外设备交付增量，同时大圆柱、钠离子等新技术产线建设与存量产线改造释放更新需求，再加上2025 年下半年签订的订单在本期集中完成终验确认收入，共同推高了上半年设备市场规模。长期来看，下游新能源汽车及储能市场对锂电池需求增长明确，同时叠加退役设备的更新换代及产线改造，锂电池设备需求未来2-3年将呈持续增长态势。起点研究院SPIR预计2026年全,一、市场规模分析及预测SPIR数据显示，2026H1全球锂电池设备规模为467.4亿元，同比增长25.2%。增长主要得益于全球储能赛道需求爆发带动储能电池厂资本开支上行，动力电池行业筑底回暖、优质产能重启扩产，叠加国内电池企业出海及海外本土电池厂商扩产带来海外设备交付增量，同时大圆柱、钠离子等新技术产线建设与存量产线改造释放更新需求，再加上2025 年下半年签订的订单在本期集中完成终验确认收入，共同推高了上半年设备市场规模。长期来看，下游新能源汽车及储能市场对锂电池需求增长明确，同时叠加退役设备的更新换代及产线改造，锂电池设备需求未来2-3年将呈持续增长态势。起点研究院SPIR预计2026年全年锂电设备市场规模达到1180亿元，到2030年全球锂电设备市场规模达2435亿元，其中前段设备市场规模为920亿元，中段设备市场规模为620亿元，后段设备市场规模为580亿元，模组及PACK市场规模为315亿元。二、2026H1锂电设备上市企业运营概况从锂电设备上市公司半年报数据来看，行业整体走出前两年的下行周期，板块呈现明显修复态势，多数企业实现营收回暖，主流锂电设备上市公司上半年营收增速大多20%以上，企业之间业绩分化较为突出。增长较大的有海目星、大族激光等，营收增速在70%以上，其他企业均有不同程度的增长。整体营收修复，主要来自下游需求回暖、订单集中验收、海外市场突破以及技术迭代带来设备更新多重因素共同驱动。第一，储能电池需求爆发成为设备行业最重要增长引擎，全球户用储能、电网侧储能、AIDC储能需求持续走高，电池厂商资本开支回暖，大容量储能电芯新建产线与存量改造项目释放大量设备采购需求，储能设备订单占比持续抬升。第二，海外建厂打开增量空间，国内电池企业出海建设海外基地，叠加欧美本土电池厂、车企电池工厂持续招标，国产设备海外订单不断落地，部分海外项目于上半年完成验收交付，成为头部设备企业重要增量来源。第三，大圆柱、钠离子、大容量储能电芯等新技术迭代，带来存量产线改造升级需求，除全新产能建设之外，工艺改造、产线兼容升级贡献额外设备采购量。1.先导智能先导智能提供锂电池制造设备及整线解决方案，其主要产品包括：新型合浆系统、涂布设备、辊压（分切）一体设备、模切设备、卷绕设备、叠片（切叠一体、热复合叠片）设备、电芯组装生产线、化成分容测试系统、磁控溅射镀膜机、干法技术设备、电解质膜制备、锂金属负极制备、致密化设备等。锂电池智造整线解决方案包括：以电池类型分，提供涵盖方壳、圆柱、软包、固态、钠离子等各类型锂电池智造整线解决方案；以电池应用领域分，提供应用于动力、储能、消费等领域的锂电池智造整线解决方案。同时，公司自主研发的LEADACE穹顶系列智能制造平台，以设备预测性维护和产品质量提升为核心，为客户打造智能化工厂；依托卓越技术实力与优秀服务品质，先导智能成为宁德时代、宝马、LG等国际顶尖企业的核心装备及定制化解决方案首选合作伙伴。先导智能公司财报数据显示，先导智能2026H1实现营收81.89亿元，同比增长23.88%，净利润9.56亿元，同比增长29.15%；毛利率同比下滑1.8个百分点，净利率同比增长0.5个百分点。2.赢合科技赢合科技主要从事锂离子电池专用设备的研发、生产与销售。下游客户为锂电池制造商，终端应用覆盖以新能源汽车为代表的动力锂电池、以通信基站为代表的储能锂电池以及以智能手机为代表的3C 数码锂电池三大领域。通过持续研发和创新，公司的涂布机、辊压机、 分切机、制片机、卷绕机、叠片机、组装线等系列核心设备的技术性能行业领先，已获得国内外一线客户的认可。在锂电设备领域，赢合科技通过近二十年的打磨、经验累积与创新，已建立起独立而成熟的研发、采购、生产及销售体系。在研发方面建立了完备的研究开发体系，形成以订单产品设计开发和新产品开发为核心的研发模式。核心产品赢得了宁德时代、比亚迪、亿纬锂能、国轩高科、LG新能源、宝马、ACC、德国大众、欣旺达动力、远景动力等国内外知名电池制造商及汽车制造商的信赖与选用。此外，赢合科技是国内同行中率先拓展国际市场，直接获取海外订单的先行者，产品远销德国、韩国、法国、美国、加拿大、西班牙、马来西亚等多个国家，向全球展示了中国“智造”的雄厚实力与风采。赢合科技公司财报数据显示，赢合科技2026H1实现营收60.9亿元，同比增长42.8%，净利润3.5亿元，同比下降29.4%；毛利率同比下滑6.96个百分点，净利率同比下滑3.92个百分点。3.璞泰来璞泰来是锂电池生产前段设备第一批实现涂布设备国产化的精密自动化装备企业，在自动化、仿真、智能烘箱参数预测等专业领域拥有核心技术。在锂电池生产设备上，公司开发了锂电池制造前段设备辊压机、分切机，中段叠片机、卷绕机、氦检机、注液机以及后段设备化成分容机以及包膜机，已具备批量生产交付能力并覆盖锂电池生产全流程的核心设备。注液机形成了系列化产品，并已进入宁德时代等客户的供应链，并占据了相当的市场份额。在锂电池生产后段设备上，公司开发并向市场推出了3C电池化成分容设备。璞泰来公司财报数据显示，璞泰来2026H1实现营收101.1亿元，同比增长42.7%，净利润17亿元，同比增长37.25%；毛利率同比下滑5.78百分点，净利率同比下滑0.57个百分点。4.杭可科技杭可科技主要产品为各类锂电池后处理系统集成生产线及相关测试、装配产品，如方形电池后处理系统集成生产线、固态电池后处理系统集成生产线、数码小钢壳电池后处理系统集成生产线、软包电池后处理系统集成生产线等，依托专业技术、精细化管理和贴身服务，为韩国三星、韩国LG、韩国SK、大众、比亚迪、亿纬锂能、国轩高科、欣旺达、珠海冠宇、远景动力、丰田等国内外知名锂电池制造商配套供应各类锂电池生产线后段系统设备。杭可科技公司财报数据显示，杭可科技2026H1实现营收21.53亿元，同比增长5.44%，净利润1.54亿元，同比下滑45.3%；毛利率同比上涨4.08个百分点，净利率同比下滑6.98个百分点。5.利元亨利元亨产品覆盖方壳、软包、圆柱电池的制造全工序，主要产品包括电芯极片段、装配段、检测段、模组Pack段及仓储物流、数智整厂等软硬件装备产品。具体为双层高速宽幅涂布机、激光模切分条一体机、高速切叠一体机、高速卷绕机、长电芯装配线（激光 焊接）、化成分容一体机、电芯外观检测机、模组Pack线等专机及整线产品。利元亨公司财报数据显示，利元亨2026H1实现营收19.6亿元，同比增长28.18%，净利润0.39亿元，同比下滑17.48%；毛利率同比下滑4.82个百分点，净利率下滑0.17个百分点。6.联赢激光联赢激光为国内激光焊接行业领军企业，具体体现为：技术领先、客户质量好、市场占有率高，以领先的技术及产品服务了众多锂电行业及消费电子行业的国际知名企业。2025上半年锂电行业头部客户扩产节奏加快，设备需求量增长，联赢激光凭借在锂电设备市场多年积累的技术优势，积极响应客户需求，在产品方面：通过持续的研发投入和品质管理，巩固公司在行业内的技术及品牌优势，推出适应市场需求、竞争力强的新产品，扩大公司产品的应用领域，以技术创新来拓展市场空间；在市场方面：持续强化风险控制，聚焦行业头部客户，进一步巩固在头部客户的占有率。赢联激光公司财报数据显示，赢联激光2026H1实现营收17.42亿元，同比增长13.62%，净利润0.98亿元，同比增长69.86%；毛利率同比上涨0.91个百分点，净利率同比增长2.12个百分点。7.海目星海目星锂电业务专注于为动力电池、储能电池、消费类电池等各类型电池客户提供激光及自动化的整线智造解决方案。主要产品涉及各工艺段的主流先进设备，如制造工艺前段的涂布机、辊压机、模切机、高速激光清洗机、激光打孔划线机，中段的高速卷绕机/叠片机、极耳焊接机、顶盖焊接机、密封钉焊接机以及后段的模组/Pack装配设备等。公司主要客户为比亚迪、宁德时代、中创新航、亿纬锂能、瑞浦兰钧、欣旺达、大众、特斯拉等多家国内外主流新能源电池及汽车制造业，同时，积极开拓海外市场并取得了重大突破性进展，现已成功跻身海外锂电设备供应商的第一梯队。在技术创新方面，海目星是国内首家开发动力电池激光极耳焊接设备及国内最早量产激光极耳切割设备的企业。经过多年深耕，公司立足激光智造技术，不断延伸前后段工序，完善产品谱系，增强自身整线设备供应能力，创新推出的高速激清洗、打孔、划线等表面处理设备深受客户好评，同时高速激光制片机、电芯装配线等明星产品长期居于市场领先地位。公司深度参与新一代锂电池技术固态电池设备的开发，实现“双线突围”，成为业内首家同时布局“氧化物+锂金属负极”和“硫化物+硅碳负极”两条技术路线的企业，此外在液态锂电池制造领域，公司成功突破激光表面处理、激光干燥及轧辊清洗三项核心工艺技术，显著提升电池浸润效率和电池快充性能，降低涂布干燥能耗，改善极片开裂等。在圆柱电池制造方面，公司可提供揉平极耳/全极耳圆柱电池整线解决方案及合作开发服务，新推出的 转塔揉平机、集流盘激光焊接机、极柱穿透焊接机、集流盘贴壁焊接机、转塔HiPOT检测机等设备，获得客户高度认可，并顺利完成设备交付。海目星公司财报数据显示，海目星2026H1实现营收30.73亿元，同比增长84.64%，净利润0.52亿元，实现扭亏为盈，同比增长107.33%；毛利率同比上涨7.9个百分点，净利率同比上涨44.71个百分点。8.大族激光大族激光锂电设备主要产品为匀浆、搅拌、涂布、辊压、模切、分切、卷绕/叠片、电芯组装、烘烤、注液、化成分容等加工设备及自动化生产线，用于锂电池电芯、模组、PACK段的生产加工环节。在全球新能源产业“技术迭代+出海扩张”双周期驱动下，众多行业客户开始启动新一轮扩产投 产计划，带动设备需求同步上涨。公司紧跟大客户的扩产步伐，配合大客户的生产节奏，实现销售额显著增长。同时，锂电设备行业的增长重点逐步由国内转向海外，公司在深化大客户国内合作的同时，积极拓展海外市场业务。公司深度绑定宁德时代、中创新航、亿纬锂能等头部客户国内扩产项目，同步配套其海外建设，通过属地化团队规避贸易壁垒， 进一步提升动力电池和储能电池装备业务的市场竞争力和市场占有率，并通过加强创新技术研发和精细化管理等多种方式，持续优化盈利结构。大族激光公司财报数据显示，大族激光2026H1实现营收134.1亿元，同比增长76.19%，净利润12.88亿元，同比增长163.84%；毛利率同比上涨3.99个百分点，净利率同比上涨4.72个百分点。9.先惠技术先惠技术是国内较早进入新能源汽车智能制造装备领域的企业，在动力电池模组/电池包（PACK）、电动汽车动力总成（EDS）、动力电池测试和检测系统等新能源汽车关键部件制造及测试领域具有丰富的经验，动力电池模组&PACK生产线的客户既面向锂电龙头企业如宁德时代系、孚能科技，又面向高端汽车企业如大众（包括德国大众、上汽大众、一汽大众）、华晨宝马等。此外，公司高度关注新能源汽车技术发展前沿，已成功开发并销售了燃料电池电堆/系统生产线。电动汽车动力电池模组及电池包（PACK）生产线，应用了机器人技术、激光技术、视觉识别和智能补偿技术、自动拧紧技术、密封测试技术等高新技术手段，大幅提升了电池模组/电池包（PACK）生产效率与产品品质。公司的模组&PACK产品种类多样，并致力于实现产线产品的全覆盖，先惠技术是率先切入新能源汽车动力电池领域的智能制造装备企业，公司生产的模组生产线生产节拍最高可达20.58秒/个，电池包（PACK） 生产线生产节拍可达51秒/件。先惠技术公司财报数据显示，先惠技术2026H1实现营收18.9亿元，同比增长48.49%，净利润2.1亿元，同比增长38.78%；毛利率同比下滑2.87个百分点，净利率同比下滑1.79个百分点。10.宏工科技宏工科技股份有限公司，是一家专注于物料处理自动化的国家高新技术企业为客户提供成套工程设计与交付、核心设备与配件、自动控制软件及技术服务。具备完善的科研、设计、生产、销售、项目交付与软件开发服务体系，能够为客户提供物料处理自动化一站式解决方案，包括：解包投料、储存破拱、气力输送、计量配料、混合干燥、搅拌制浆、分散研磨、除尘清洁、成品包装、智能控制等，广泛应用于电池匀浆、电池材料、精细化工、食品医药、橡胶塑料等行业。宏工科技的物料自动化处理产线及设备主要用于锂电池正、负极材料的生产过程以及锂电池生产过程的匀浆阶段。公司属于锂电材料和锂电池厂商的生产设备供应商之一，处于整个锂电池产业链的上游环节，未来发展主要受下游锂电池需求的增长而驱动。主要产品有：锂电池匀浆自动化处理产线及设备、锂电池正极材料自动化处理产线及设备、锂电池负极材料自动化处理产线及设备。基于完备的核心技术储备和不同领域的行业应用经验，公司能够为锂电池、食药化塑等行业的客户提供定制化的物料自动化处理解决方案，产品得到了宁德时代、比亚迪、亿纬锂能、欣旺达、华友钴业、容百科技、长远锂科、万华化学、宝胜科技、三棵树、安琪酵母、华中正大等下游行业龙头企业的接受与认可。目前，公司已成为物料自动化处理产线及设备的主要供应商之一，在锂电板块业务领域的市场占有率持续领先。宏工科技公司财报数据显示，宏工科技2026H1实现营收9.6亿元，同比增长26.84%，净利润0.94亿元，同比增长75.1%；毛利率同比下滑1.33个百分点，净利率同比上涨2.67个百分点。三、2026H2趋势研判结合行业季节性规律、上市公司在手订单、下游电池厂资本开支规划，锂电设备行业下半年整体景气度有望高于上半年，订单向头部集中、海外业务加速兑现、新技术设备逐步导入将成为行业三大主线，但同时也要看到下游资本开支存在不确定性，行业仍将维持强分化格局。第一，订单持续向头部企业集中，马太效应进一步强化。电池厂商扩产更加看重设备商整线交付能力、项目运维经验、海外服务能力，具备全工序能力的龙头企业更容易获取大额整线订单，中小单一环节设备商生存压力加大。头部上市公司已积累大量在手订单，排产已经延伸至2027年，大量上半年签署的订单将在下半年进入交付、调试与验收周期，为下半年营收提供充足保障。不过中小设备企业并非完全没有机会，在激光焊接、化成分容、制浆等细分专用环节，深耕工艺的企业仍可以凭借技术差异化获取细分市场份额。第二，海外市场成为第二增长曲线，海外订单逐步进入兑现期。欧洲、东南亚、北美电池工厂建设持续推进，一方面国内电池企业出海带动国产设备配套输出，另一方面海外车企、本土电池厂逐步放开设备招标，国产设备凭借性价比优势持续提升海外市占率。第三，技术迭代驱动存量技改需求释放，大圆柱、储能、下一代电池设备增量显现。储能大容量电芯产线建设与改造需求继续释放；32系、46系大圆柱电池在户用储能、轻型动力逐步落地，大圆柱对应的高速卷绕、全极耳焊接、装配设备需求持续提升；钠离子电池、固态电池尚处于中试、小批量产线验证阶段，短期难以贡献大规模营收，但设备企业研发样机、小批量订单持续增加，将决定企业中长期竞争地位。未来设备市场不再单纯依赖新建产能，存量产线技改升级将成为不可忽视的需求来源。第四，行业风险依然存在，复苏并非一帆风顺。风险主要来自三方面：一是下游电池厂产能利用率如果出现波动，会导致资本开支收缩，招标进度延后；二是行业价格竞争仍未完全消除，部分通用设备环节价格内卷，压制设备企业盈利水平；三是海外项目存在延期风险，大额海外订单存在验收不及预期的可能性。综合来看，2026 年下半年锂电设备行业整体保持向好，营收大概率较上半年进一步抬升，但不会出现全行业普涨。具备整线交付能力、储能与海外订单占比高、布局大圆柱等新工艺设备的上市公司，业绩兑现确定性更强；客户结构单一、产品同质化严重的企业仍将面临较大经营压力。 扫码添加企业微信 | 业务咨询 | 获取资料起点研究院SPIR简介起点研究院SPIR 是起点研究旗下的独立第三方新能源产业研究机构和产业智库，成立于2015年，总部位于深圳，SPIR研究团队在新能源产业领域有超过15年的深厚研究经验、数据报告和前沿成果积累，主要研究覆盖锂电池、钠电池、固态电池、储能、AIDC、新能源车、新材料、智能装备、电动船舶、低空经济、充换电等相关产业领域，服务过超过三星、LG、奔驰、松下、村田、浦项化学、大众、宝马、宁德时代CATL、比亚迪、中国化学、中国石化、亿纬锂能、先导智能、阳光电源、星云股份、科陆电子、特变电工、奇点能源、海尔新能源、新能安、瑞浦兰钧、赣锋锂业、楚能新能源、远景动力、星源能投、多氟多、弘正储能、星翼能源、优旦科技、中天储能、超力源、沛城科技、银高储能、华阳股份、维科技术、海四达、易事特、同兴科技、蜂巢能源、融捷能源、德赛电池、上海航天电源、星恒电源、天能、烟台力华、天能、超威、恩捷股份、中材科技、富临精工、德方纳米、金力股份、海科新源、科恒股份、诺德股份、华创新材、东阳光、逸飞激光、格林晟、杭可科技、嘉拓智能等超过1000+全球领先新能源企业。SPIR主要提供的咨询服务产品有：锂电/钠电/固态电池/新能源汽车/储能/AIDC等各细分领域行业调研报告、行业白皮书报告、常态化月度及季度数据库和装机量数据库订阅、细分市场深度调研/竞争对手对标/行业可行性调研/尽职调研等定制化深度调研咨询、锂电/钠电/固态电池/新能源汽车/储能/AIDC等产业园区规划报告、高端人才智库、投融资咨询、市场及产品战略咨询等。起点研究院SPIR行业研究咨询标杆合作客户（以下排名不分先后）：三星、LG、奔驰、松下、村田、浦项化学、吉利、大众、宁德时代CATL、ATL、新能安、比亚迪、巴斯夫、亿纬锂能、先导智能、瑞浦兰钧、赣锋锂业、楚能新能源、远景动力、海辰储能、蜂巢能源、融捷能源、德赛电池、上海航天电源、星恒电源、天能、烟台力华电源、阳光电源、比克电池、力神电池、派能科技、多氟多新能源、鹏辉能源、创明新能源、博力威、横店东磁、海四达、华阳股份、远东股份、海雷新能源、小哈换电、天赐材料、恩捷股份、中材科技、富临精工、德方纳米、金力股份、海科新源、科恒股份、诺德股份、华创新材、东阳光、逸飞激光、格林晟、杭可科技、嘉拓智能、诚捷智能、鹏锦智能、宏工科技、日联科技、超业精密、吉阳智能、海康智能、中汽数据、中泽科技、孚悦科技、中瑞股份、有研广东院、天石科丰、博粤新材、因势新材料、同兴科技、易事特、恒大高新、科达制造、时代思康、泰和科技、珈钠能源、佰思格、双环科技、钠创新能源、天能钠电、海四达钠星、隐功科技、特变电工、奇点能源、星源能投、多氟多储能、弘正储能、星翼能源、微慕科技、沛城科技、优旦科技、科陆电子、阳光电源、远景能源、申万宏源证券、中化学南投、中国石化等一、机构概况及优势- 全称：深圳市起点研究咨询有限公司（起点研究院/SPIR）- 成立：2015年，总部深圳- 定位：专注新能源及新材料产业链的第三方研究机构与产业智库- 核心领域：锂电池、钠电池、固态电池、储能、新能源汽车、充换电、新能源材料、新能源设备和电池回收等- 服务客户：全球头部新能源企业、投资机构、政府、产业链企业- 团队经验：新能源产业15年+研究与数据积累。二、核心数据产品（订阅/采购）行业数据库（月度/季度/年度）- 新能源电池及储能全产业链数据库- 动力电池/新能源汽车装机量数据库- 储能行业及企业数据库- 钠电行业及企业数据库- 固态电池行业及企业数据库- 锂电材料/设备细分数据库（如导电剂、隔膜、干燥设备等）行业报告与白皮书- 年度/季度行业白皮书（全球/中国锂电、钠电、储能、固态电池等）- 细分赛道深度报告（材料、设备、应用场景）- 企业对标/竞争格局报告- 月度/季度数据快报与榜单（出货量、市场份额、产能排名）三、定制化咨询服务市场与行业研究- 定制化市场/行业/技术/企业调研报告- 产业链供需、成本、价格、竞争格局分析- 技术路线与趋势研判- 细分赛道进入可行性评估企业战略与运营- 产能规划、产线技术咨询- 供应链优化、供应商/客户调研- 出海战略与本地化落地咨询- 高端人才智库与团队搭建建议政府与资本服务- 地方政府新兴产业规划、园区定位报告- 项目可行性研究、投资价值评估- 融资/IPO/增发/并购尽调与数据支持- 产业政策解读与影响分析品牌与活动服务- 品牌宣传策划、行业榜单发布- 高端峰会/论坛策划与执行- 产业媒体内容与数据合作四、服务优势- 数据权威：全产业链一手调研+企业直采+渠道验证，高频更新- 深度覆盖：从材料、设备、电芯到系统、应用、回收全链条- 定制灵活：按客户需求提供专项数据、报告、咨询方案- 落地性强：结合产业实操经验，输出可执行策略与数据支撑。附：全球锂电设备行业发展研究报告目录第一章全球锂电池行业发展分析第一节全球锂电池终端行业发展概况一、全球新能源汽车发展概况二、全球储能行业发展概况三、全球电动两轮车行业发展概况四、全球消费行业发展概况第二节锂电池行业发展分析一、动力电池行业发展分析二、储能电池行业发展分析三、消费电池行业发展分析第三节锂电池行业产能分析一、全球锂电池总出货量分析二、全球锂电池产能规模分析第二章全球锂电池设备行业概述第一节锂电池设备产业链第二节锂电池生产工艺流程一、锂电池电芯的生产工艺二、模组的生产工艺三、电池包（PACK）的生产工艺第三节各生产环节对应设备介绍一、前段设备二、中段设备三、后段设备四、模组与电池包PACK设备第四节各生产环节设备价值量分析第五节锂电设备投资回报分析一、锂电设备对生产效率提升二、投资回报分析第三章全球锂电池设备市场规模和趋势分析第一节全球及中国锂电池设备市场规模第二节全球锂电设备竞争概况及发展趋势一、竞争概况二、发展趋势三、周期性与风险第三节新型电池或新技术对现有锂电设备影响分析一、刀片电池二、大圆柱（46系）电池对锂电设备影响分析三、钠电池对锂电设备影响分析四、固态电池对锂电设备影响分析第四节中国锂电设备出海分析一、海外电池企业/车企纷纷新建/扩产，带来巨大增量二、国内电池企业海外纷纷建设基地，搭配国内锂电设备出海第四章全球锂电池前段电芯极片生产设备行业发展分析第一节全球锂电池辊压设备行业发展分析一、锂电池辊压设备概述1.辊压工艺简介2.辊压设备介绍3.锂电池辊压设备发展历史二、锂电辊压设备发展现状及未来发展趋势分析1.锂电池辊压设备市场规模分析2.锂电池辊压设备行业竞争格局分析3.锂电池辊压设备行业发展趋势分析三、主要锂电辊压设备企业介绍第二节全球锂电池涂布设备行业发展分析一、锂电池涂布设备概述1.涂布工艺简介2.涂布设备介绍3.锂电池涂布设备发展历史二、锂电涂布设备发展现状及未来发展趋势分析1.锂电池涂布设备市场规模分析2.锂电池涂布设备行业竞争格局分析3.锂电池涂布设备行业发展趋势分析三、主要锂电涂布设备企业介绍第三节其他前段锂电设备行业发展分析一、搅拌设备行业发展分析1.搅拌工艺介绍2.搅拌设备市场规模3.主要参与企业4.行业发展趋势二、分切设备行业发展分析1.分切工艺介绍2.分切设备市场规模3.主要参与企业4.行业发展趋势第五章全球锂电池中段电芯封装生产设备行业发展分析第一节全球锂电池卷绕设备行业发展分析一、锂电池生产卷绕设备概述1.卷绕工艺简介2.卷绕设备介绍3.锂电池卷绕设备发展历史二、锂电卷绕设备发展现状及未来发展趋势分析1.锂电池卷绕设备市场规模分析2.锂电池卷绕设备行业竞争格局分析3.锂电池卷绕设备行业发展趋势分析三、主要锂电卷绕设备企业介绍第二节全球锂电池卷叠片设备行业发展分析一、锂电池生产叠片设备概述1.叠片工艺简介2.叠片设备介绍3.锂电池叠片设备发展历史二、锂电叠片设备发展现状及未来发展趋势分析1.锂电池叠片设备市场规模分析2.锂电池叠片设备行业竞争格局分析3.锂电池叠片设备行业发展趋势分析三、主要锂电叠片设备企业介绍第三节全球锂电池注液设备行业发展分析一、锂电池生产注液设备概述1.注液工艺简介2.注液设备介绍3.锂电池注液设备发展历史二、锂电注液设备发展现状及未来发展趋势分析1.锂电池注液设备市场规模分析2.锂电池注液设备行业竞争格局分析3.锂电池注液设备行业发展趋势分析三、主要锂电注液设备企业介绍第四节其他,,,,pending
中科大吴思教授 Angew：利用上转换激光直写技术在近红外光响应的纳米复合材料上构建动态3D图案,高分子科技,高分子科技,"RIOnews API, 聚合物新材料, 凝胶, 热固, 学术研究, 大学, 教授, 研究所, 期刊",normal,2026-09-12T11:53:35+08:00,,点击上方“蓝字” 一键订阅智能高分子纳米复合材料兼具高分子材料的可加工性与纳米材料独特的光学性质，在高密度信息存储、动态显示、光学防伪和数据安全等领域具有重要应用潜力。与传统二维图案相比，三维（3D）图案具有更高的空间自由度和信息存储密度。然而，传统3D微纳加工技术制备的结构通常是静态和不可更新的，难以满足信息动态写入、按需擦除及重新配置等应用需求。双光子吸收技术能够制备复杂且具有较高分辨率的3D微结构，但通常依赖价格昂贵的飞秒激光系统，并且需要具有较大双光子吸收截面的特定光敏材料。因此，如何利用结构更简单、成本更低的光学系统，在通用光响应材料中实现可擦除、可重写和可重构的3D图案，仍是该领域,http://mp.weixin.qq.com/s?__biz=MzA5NjUyNjc5Ng==&mid=2651661888&idx=1&sn=e1458602103bb25a8b2e0aab29897210,,点击上方“蓝字” 一键订阅智能高分子纳米复合材料兼具高分子材料的可加工性与纳米材料独特的光学性质，在高密度信息存储、动态显示、光学防伪和数据安全等领域具有重要应用潜力。与传统二维图案相比，三维（3D）图案具有更高的空间自由度和信息存储密度。然而，传统3D微纳加工技术制备的结构通常是静态和不可更新的，难以满足信息动态写入、按需擦除及重新配置等应用需求。双光子吸收技术能够制备复杂且具有较高分辨率的3D微结构，但通常依赖价格昂贵的飞秒激光系统，并且需要具有较大双光子吸收截面的特定光敏材料。因此，如何利用结构更简单、成本更低的光学系统，在通用光响应材料中实现可擦除、可重写和可重构的3D图案，仍是该领域,"点击上方“蓝字” 一键订阅智能高分子纳米复合材料兼具高分子材料的可加工性与纳米材料独特的光学性质，在高密度信息存储、动态显示、光学防伪和数据安全等领域具有重要应用潜力。与传统二维图案相比，三维（3D）图案具有更高的空间自由度和信息存储密度。然而，传统3D微纳加工技术制备的结构通常是静态和不可更新的，难以满足信息动态写入、按需擦除及重新配置等应用需求。双光子吸收技术能够制备复杂且具有较高分辨率的3D微结构，但通常依赖价格昂贵的飞秒激光系统，并且需要具有较大双光子吸收截面的特定光敏材料。因此，如何利用结构更简单、成本更低的光学系统，在通用光响应材料中实现可擦除、可重写和可重构的3D图案，仍是该领域面临的重要挑战。针对上述挑战，中国科学技术大学吴思教授团队联合德国马克斯·普朗克高分子研究所等单位，提出了基于上转换激光直写（upconversion laser direct writing）的新方法。研究团队将上转换纳米颗粒（UCNPs）与螺吡喃（SP）、二芳基乙烯（DTE）和偶氮苯（AZO）等光开关材料集成到聚合物基体中，构建了一系列近红外光响应纳米复合材料。利用聚焦的980 nm连续波近红外激光，UCNPs在焦点处将近红外光转换为紫外光或可见光，进而触发光开关分子的局域可逆光异构化，实现动态3D图案的写入、擦除、重写和重构。2026年9月10日，相关成果以“Upconversion Laser Direct Writing Using NIR Light-Responsive Nanocomposites for Photopatterning and Reconfiguration of Dynamic 3D Microstructures”为题发表于 Angewandte Chemie International Edition，并被标为“Hot Paper”。吴思教授是该论文的唯一通讯作者，刘雅芝博士为第一作者，中科大为第一单位。研究团队首先构建了由980 nm连续波近红外激光、聚焦光学系统和计算机控制三维位移平台组成的上转换激光直写系统（图1）。当近红外激光聚焦到纳米复合材料内部时，UCNPs吸收980 nm光子并发射紫外光和可见光。其上转换发射与光开关分子的吸收光谱相匹配，因此能够在激光焦点附近触发局域光异构化。通过控制三维位移平台沿预先设计的路径移动，研究人员可以改变激光焦点在材料中的空间位置，从而将图案逐点或逐线写入不同深度的材料层中。由于光化学反应主要发生在聚焦区域，该方法能够实现具有空间选择性的三维信息写入。与通过不可逆聚合或交联形成静态微结构的方法不同，本研究使用的光开关分子可以在不同异构体之间可逆转化。因此，写入的图案能够通过光照或热弛豫被擦除，并在相同区域重新写入新的信息。图1. 基于NIR响应纳米复合材料多层结构的上转换激光直写原理与动态3D图案设计。(a) 980 nm近红外激光焦点处的强度分布模拟；(b) 上转换激光直写的光物理/光化学过程示意：UCNP吸收NIR并发射UV，触发SP、DTE、AZO等光开关分子的局域异构化；(c) UCNP辅助光异构化示意；(d) 由DTE-UCNP、SP-UCNP、AZO-UCNP及玻璃间隔层组成的多层结构与3D写入流程；(e) 多模式3D图案功能：颜色读出（DTE层）、荧光读出（SP层）和偏振读出（AZO层），并具备擦除/重写特性。Copyright Wiley-VCH Verlag GmbH & Co. KGaA, Weinheim1. SP-UCNP纳米复合材料：可自擦除的荧光图案螺吡喃（SP）是一种无色、非荧光的光开关分子。在紫外光照射下，SP可以转化为紫色且具有荧光的部花菁（MC）形式；在可见光照射或热弛豫作用下，MC又可以恢复为SP。研究团队将SP和UCNPs均匀分散在聚甲基丙烯酸甲酯（PMMA）基体中，制备了SP-UCNP纳米复合材料。UCNPs产生的上转换紫外发射能够被SP吸收，从而在近红外激光焦点处诱导SP向MC转化，并形成局域荧光图案。通过改变激光功率和照射时间，研究人员可以调控荧光点的尺寸，获得的最小MC荧光点直径约为3.2 μm （图2）。图2. SP-UCNP纳米复合材料及其NIR诱导SP→MC局域异构化。(a,b) SP-UCNP薄膜表面与截面SEM图；(c) SP/MC可逆光异构化；(d) SP与MC吸收/发光光谱；(e,f) SP吸收与UCNP发射光谱匹配关系；(g) 聚焦980 nm激光在溶液中形成上转换发光体素；(h) SP-UCNP中荧光MC微点写入示意；(i) 不同激光功率与曝光时间下的MC点阵LSCM图像；(j) 写入点尺寸统计。Copyright Wiley-VCH Verlag GmbH & Co. KGaA, Weinheim利用计算机控制的位移平台，团队进一步写入了向日葵、郁金香、巴士和飞机等复杂图案（图3）。这些图案能够在530 nm可见光照射下快速擦除，也可以在室温暗环境中于约40 min内自行消失。原有图案消失后，可在同一区域重新写入新的图案。因此，SP-UCNP体系特别适合用于临时信息记录、敏感信息显示和具有时间窗口的信息传递。图3. SP-UCNP体系中图案的写入、擦除与重写。(a) 写入-擦除-重写流程示意；(b) 向日葵图案写入、可见光擦除与郁金香图案重写；(c) 向日葵图案在暗态室温下随时间自擦除；(d) 巴士图案自擦除后重写飞机图案，展示动态可更新能力。Copyright Wiley-VCH Verlag GmbH & Co. KGaA, Weinheim2. DTE-UCNP纳米复合材料：热稳定且可光擦写的彩色图案为获得能够长期保存的动态图案，研究团队进一步构建了DTE-UCNP纳米复合材料。二芳基乙烯（DTE）可以在无色开环态和有色闭环态之间发生可逆光异构化。UCNPs的上转换紫外发射能够触发DTE由开环态向闭环态转化，从而在近红外激光焦点处产生颜色变化。研究人员利用聚焦近红外激光在DTE-UCNP薄膜中写入蝴蝶图案，随后通过可见光将其擦除，并在同一区域重新写入向日葵图案，展示了该材料良好的可擦写性能 （图4）。与SP体系中图案的自擦除行为不同，DTE-UCNP材料中的图案具有较高的热稳定性，在室温条件下保存超过30天后仍保持清晰。该体系兼具长期保持和按需光擦写能力，为可更新光学存储、可重复使用显示和长期信息加密提供了材料基础。图4. DTE-UCNP体系中热稳定且可光擦写的动态图案。(a) DTE可逆异构化示意；(b) 开环/闭环态吸收光谱；(c) DTE吸收与UCNP发射匹配；(d) 蝴蝶图案写入、可见光擦除与向日葵图案重写；(e) 图案在室温长期保持，体现优良热稳定性。Copyright Wiley-VCH Verlag GmbH & Co. KGaA, Weinheim3. AZO-UCNP纳米复合材料：偏振编码与长期稳定图案除颜色和荧光之外，研究团队还利用偶氮苯（AZO）基团的光诱导取向行为实现了偏振信息编码。团队通过配体交换将偶氮聚合物接枝到UCNPs表面，并将其分散在偶氮聚合物基体中，制备了UCNP含量为20 wt%的均匀AZO-UCNP纳米复合材料。在图案写入过程中，研究人员首先利用紫外光和偏振蓝光调控AZO基团的取向，随后使用聚焦的980 nm近红外激光进行局域照射。UCNPs产生的紫外光和蓝光在焦点处诱导偶氮苯基团发生反复的顺式—反式异构化，使局部取向状态发生变化。写入区域和未写入区域因此产生不同的光学各向异性，可通过偏振光学显微镜进行读取（图5）。研究表明，偏振图案的尺寸可以通过激光功率和照射时间进行调控，获得的最小点直径为 1.15 μm。偏振拉曼光谱进一步证明，近红外激光写入会降低偶氮苯基团的取向有序度，从而形成具有偏振对比度的图案。团队利用该方法制备了和平鸽等偏振图案。图案在实验室环境中保存150天后仍保持稳定，并且可以通过“紫外光擦除-偏振蓝光再取向-近红外光重写”的方式进行循环更新。该体系为偏振加密、多级防伪和长期稳定的信息存储提供了新的实现方式。图5. AZO-UCNP体系中偏振编码图案的构筑与机制。(a) AZO光异构化示意；(b) UV+偏振蓝光+聚焦NIR协同写入流程；(c) 不同功率/时间下的偏振显微图案点阵；(d) 点尺寸随激光剂量变化规律；(e–g) 偏振拉曼表征AZO基团取向与NIR写入后取向随机化；(h) 和平鸽图案的长期稳定性；(i) 擦除-再取向-重写循环过程。Copyright Wiley-VCH Verlag GmbH & Co. KGaA, Weinheim4．多层结构实现多模态3D信息编码在分别验证三类纳米复合材料的动态光图案化性能后，研究团队进一步将该方法拓展到三维空间（图6）。团队首先制备了由三层SP-UCNP纳米复合材料组成的多层结构，并使用两层透明玻璃间隔层将不同功能层分隔开。通过调节激光焦点的轴向位置，研究人员能够在不同材料层中独立写入不同图案，从而形成具有空间层次的3D荧光信息。这些多层图案不仅可以被逐层读取，还可以擦除并重新写入。在此基础上，研究人员进一步将DTE-UCNP、SP-UCNP和AZO-UCNP三种功能层集成到同一多层结构中，分别利用颜色、荧光和偏振三种模式读取信息。这种多模态设计使不同层的信息能够通过不同光学通道进行识别，有助于降低三维空间中的信号干扰，并提升信息编码维度和安全性。图6. 多层3D多模态图案的构筑与重构。(a,b) 三层SP-UCNP结构中的3D图案写入与侧视成像；(c) 3D图案的擦除与重写；(d) DTE/SP/AZO功能层堆叠实现多模态3D编码；(e) DTE层颜色图案的稳定与重写；(f) SP层荧光图案的自擦除与重写；(g) AZO层偏振图案的长期稳定性。Copyright Wiley-VCH Verlag GmbH & Co. KGaA, Weinheim综上所述，吴思教授团队开发了一种基于近红外光响应纳米复合材料的上转换激光直写技术。该方法利用980 nm连续波近红外激光在焦点处激发UCNPs产生紫外光和可见光，进而驱动光开关分子的局域可逆光异构化，实现动态3D图案的写入、擦除、重写与重构。该方法并不限于SP、DTE和AZO材料。通过匹配UCNPs的上转换发射与其他光响应分子的吸收光谱，未来有望进一步集成更多光化学反应和材料功能，为发展具有更高信息密度、更多读出通道和更复杂动态行为的智能3D光学材料提供基础。该工作得到了国家自然科学基金、中央高校基本科研业务费专项资金、合肥市自然科学基金、安徽省自然科学基金等项目的资助。吴思教授团队长期招聘具有光刻胶、光刻技术、高分子化学、高分子物理、结构表征方法、精密仪器、光学、有机合成、金属配合物、材料化学、光化学和纳米材料背景的博士后。感兴趣的申请人请直接电子邮件联系吴思教授（siwu@ustc.edu.cn）。论文链接：https://onlinelibrary.wiley.com/doi/10.1002/anie.2735479https://onlinelibrary.wiley.com/doi/epdf/10.1002/anie.2735479https://doi.org/10.1002/anie.2735479相关进展中科大吴思/广工大陈旭东/安理大王明皓 AFM：光响应氰基偶氮聚合物纳米压印和光图案化实现高识别度正交双模式加密中科大吴思教授团队 Adv. Mater.: 光响应聚合物多层膜 - 实现高安全性信息加密中科大吴思教授团队 Adv. Mater.：光致可逆固体-流体转变高分子复合材料用于压印智能纳米材料中科大吴思教授第二篇 Nature Chemistry：可逆光交联高分子构建的粘合剂用于水凝胶组装体的功能定制中科大吴思教授团队《Adv. Mater.》：在通用高分子中添加可逆光交联剂，构建可循环利用的热固性塑料中科大吴思教授团队《Adv. Mater.》：光响应的共轭高分子构建的高安全性和高稳定性的防伪材料中科大吴思教授团队《Nat. Commun.》：正交磁/光响应的有机/无机半互穿网络构建的智能光子凝胶中科大吴思教授团队《Adv. Mater.》：设计了可拉伸的光致固液转变高分子 - 发展了正交双模式图案化技术中科大吴思教授JACS：发现钌-硒键是新的光控动态键中科大吴思教授《Adv. Funct. Mater.》：利用光响应高分子和上转换纳米粒子制备具有多种安全特性的防伪材料中科大吴思教授和纳米中心梁兴杰研究员《Adv. Mater.》：光响应双金属高分子抗癌试剂对抗耐药肿瘤中科大吴思教授课题组系统评述：光致固液转变高分子中科大吴思教授课题组：在-20°C下能被光调控的金属配位高分子凝胶中科大/德国马普高分子所吴思教授和电子科大邓旭教授团队：可见光重构表面 高分子科技原创文章。欢迎个人转发和分享，刊物或媒体如需转载，请联系邮箱：info@polymer.cn诚邀投稿欢迎专家学者提供稿件（论文、项目介绍、新技术、学术交流、单位新闻、参会信息、招聘招生等）至info@polymer.cn，并请注明详细联系信息。高分子科技®会及时推送，并同时发布在中国聚合物网上。欢迎加入微信群 为满足高分子产学研各界同仁的要求，陆续开通了包括高分子专家学者群在内的几十个专项交流群，也包括高分子产业技术、企业家、博士、研究生、媒体期刊会展协会等群，全覆盖高分子产业或领域。目前汇聚了国内外高校科研院所及企业研发中心的上万名顶尖的专家学者、技术人员及企业家。申请入群，请先加审核微信号PolymerChina（或长按下方二维码），并请一定注明：高分子+姓名+单位+职称（或学位）+领域（或行业），否则不予受理，资格经过审核后入相关专业群。点这里“阅读原文”，查看更多阅读原文招聘博士后：光刻胶、光刻技术、高分子化学、高分子物理、结构表征方法...",,,,pending
北化汪晓东教授、刘欢副教授团队 AFM: 相变微胶囊赋能聚甲醛纤维气凝胶实现强化的亚环境辐射冷却与全天候热管理,高分子科技,高分子科技,"RIOnews API, 聚合物新材料, 凝胶, 粘结剂, 隔热, 电池, 产品发布, 发布, 全新, 学术研究, 大学, 教授, 期刊",normal,2026-09-12T11:53:35+08:00,,点击上方“蓝字” 一键订阅在全球能源危机与“双碳”战略目标的双重驱动下，开发不依赖外部能源的被动式热管理技术已成为科研界关注的焦点。辐射冷却技术因能将热量通过大气窗口（8–13 μm）直接发射至寒冷的外太空（约3 K），且不消耗额外能源，被广泛视为一种极具前景的零能耗冷却方案。然而，传统辐射冷却材料在面对昼夜交替和季节变化时，存在冷却性能不稳定、夜间过冷以及高温天气下热失控等瓶颈问题，严重制约了其在实际建筑和户外场景中的广泛应用。近期，北京化工大学汪晓东教授、刘欢副教授团队报道了一种双层气凝胶复合材料设计策略。该策略对辐射冷却层与相变储能-隔热层实现功能分离与协同集成，有效解决了传统材料在日间,http://mp.weixin.qq.com/s?__biz=MzA5NjUyNjc5Ng==&mid=2651661888&idx=3&sn=5c3b3c8d763c96da66e1d9761697ea3c,,点击上方“蓝字” 一键订阅在全球能源危机与“双碳”战略目标的双重驱动下，开发不依赖外部能源的被动式热管理技术已成为科研界关注的焦点。辐射冷却技术因能将热量通过大气窗口（8–13 μm）直接发射至寒冷的外太空（约3 K），且不消耗额外能源，被广泛视为一种极具前景的零能耗冷却方案。然而，传统辐射冷却材料在面对昼夜交替和季节变化时，存在冷却性能不稳定、夜间过冷以及高温天气下热失控等瓶颈问题，严重制约了其在实际建筑和户外场景中的广泛应用。近期，北京化工大学汪晓东教授、刘欢副教授团队报道了一种双层气凝胶复合材料设计策略。该策略对辐射冷却层与相变储能-隔热层实现功能分离与协同集成，有效解决了传统材料在日间,"点击上方“蓝字” 一键订阅在全球能源危机与“双碳”战略目标的双重驱动下，开发不依赖外部能源的被动式热管理技术已成为科研界关注的焦点。辐射冷却技术因能将热量通过大气窗口（8–13 μm）直接发射至寒冷的外太空（约3 K），且不消耗额外能源，被广泛视为一种极具前景的零能耗冷却方案。然而，传统辐射冷却材料在面对昼夜交替和季节变化时，存在冷却性能不稳定、夜间过冷以及高温天气下热失控等瓶颈问题，严重制约了其在实际建筑和户外场景中的广泛应用。近期，北京化工大学汪晓东教授、刘欢副教授团队报道了一种双层气凝胶复合材料设计策略。该策略对辐射冷却层与相变储能-隔热层实现功能分离与协同集成，有效解决了传统材料在日间冷却效率与昼夜温度均衡调控之间存在的矛盾。2026年9月7日，相关工作以 “PhaseChange Microcapsules Enable PolyoxymethyleneFiberBased Aerogels with Enhanced SubAmbient Radiative Cooling and AllDay Thermal Management” 为题发表。论文共同第一作者为已毕业硕士研究生董雨濛与博士研究生史涛，通讯作者为汪晓东教授、刘欢副教授以及开滦煤化工研发中心马小丰正高级工程师。该研究得到河北省重大科技支撑计划项目绿色化工产业创新专项的资助。【研究背景】辐射制冷可借助大气透明窗口（8–13 μm）向宇宙外太空散发热量，无需额外能耗。该技术被认为是极具发展前景的零能耗热管理技术，已应用于可穿戴器件、建筑、太阳能电池板以及食品冷却等多种场景。要实现高效热管理，辐射制冷材料需要在大气窗口区间具备高热发射率，同时在太阳光谱（0.3–2.5 μm）区间具备高反射率。高的热发射率能够最大化向低温外太空（约 3 K）输出热辐射，实现向外界环境散热，进而产生制冷效果；高反射率则可最大限度降低户外环境下的太阳能热增益，提升太阳光直射条件下的制冷效率。针对上述性能需求，研究人员通过分子设计与微结构设计（多层结构、多孔结构、复合材料等）开发各类辐射制冷材料。材料在大气窗口内的辐射发射特性本质上取决于分子化学键与官能团，不同化学键、官能团在各波段表现出差异化的振动吸收与发射特征。例如C−O−C、Si−O−Si、Si−O−C、Ti−O、C−F 等化学键的振动吸收与发射频率落在大气窗口范围内，对应高发射性能。基于此，科研人员开发出多种高性能辐射制冷材料，包括聚合物基材料（聚偏氟乙烯、聚四氟乙烯、聚甲基丙烯酸甲酯、聚二甲基硅氧烷等）、无机基材料（硫酸钡、二氧化钛、二氧化硅等），以及聚合物无机复合材料（聚偏氟乙烯 / 二氧化钛、纤维素 / 二氧化硅等）。近年来该领域取得诸多重要进展。例如，以天然木材为原料制备出具有分级晶体纳米结构的高强度辐射制冷生物复合材料，兼具优异力学性能与 106 W/m² 的制冷功率。与此同时，利用非溶剂诱导相分离工艺制备出辐射性能可调、可成型的耐磨矿物水塑材料，适用于自适应建筑场景。在辐射制冷技术蓬勃发展的同时，气凝胶工程领域同样成果显著，代表性突破为一种革新性的粉末转纤维制备策略，可构筑集热学、力学、电磁功能于一体的分级结构陶瓷气凝胶。【创新成果】为应对现有辐射制冷材料在昼夜温度波动方面所面临的巨大挑战，汪晓东教授研究团队设计了一种双层气凝胶复合材料（图1）：外层为聚甲醛（POM）纤维基气凝胶，内层为掺入相变微胶囊（MEPCM）的海藻酸钠（SA）基气凝胶。该结构在提升辐射制冷能力的同时，兼具隔热与热缓冲作用。该研究的核心创新在于功能分离的双层结构设计，外层的POM纤维/SA/SiO2复合气凝胶负责高效的辐射冷却；内层的SA/MEPCM复合气凝胶负责热缓冲与隔热。这种设计确保了每一层都能最大化其特定功能：外层的POM纤维通过其分子链中的C–O–C键提供本征的大气窗口高发射率，而SiO2纳米颗粒则通过米氏散射显著增强对太阳光的反射；内层的MEPCM则利用其固–液相变过程，在日间吸收并储存多余的太阳热能，抑制温度急剧上升，在夜间则释放储存的热量，缓解过冷现象。图 1 双层气凝胶复合材料的设计构思、辐射冷却机制及结构特点示意图。（1）外层气凝胶：跨尺度协同设计赋能高效辐射冷却与本质阻燃该研究通过POM/SA/SiO2复合气凝胶的跨尺度结构设计，使得材料的太阳光反射率高达93.53%（0.3–2.5 μm）、大气窗口发射率高达96.11%（8–13 μm）。在光学性能优化上，SiO₂纳米颗粒的引入显著提升了材料的太阳光反射率。当添加量为40 wt.%时，平均反射率达93.53%，较未添加样品（88.34%）提升明显。其物理本质在于：SiO₂颗粒粒径与太阳光谱高度匹配，通过米氏散射效应将有效散射范围从可见光区（0.3–0.8 μm）拓宽至近红外区（0.3–1.0 μm），极大抑制了太阳辐射热增益。与此同时，所有样品在大气窗口（8–13 μm）的发射率均稳定在95%以上，这归因于POM的C–O–C键、SA的C–O/C=O键以及SiO2的Si–O键（约1100 cm-1）等特征振动吸收带恰好落于大气窗口波段，为材料提供了丰富的本征红外发射位点。该材料最核心的设计思想在于“跨尺度协同”：在微观尺度上，气凝胶的多级层状孔道结构使入射光在骨架与孔隙界面间发生反复散射，延长光程；在纳米尺度上，附着于骨架表面的SiO2颗粒进一步强化了散射效率，将反射性能推至最优；在分子尺度上，多重化学键的振动吸收带覆盖大气窗口，确保了高效的热辐射发射。三者协同，使该气凝胶的日间净冷却功率达到108.53 W·m-2，实现了最佳辐射冷却表现。在安全性能方面，该材料同样展现出巧妙的设计逻辑。针对POM纤维易燃的固有缺陷，研究团队利用SiO2纳米颗粒构建了“气-固双相”协同阻燃机制：燃烧初期，SiO2形成物理陶瓷隔离层，阻隔热流；同时SA基体分解释放CO2和H2O稀释氧气，并促进致密芳构化炭层的生成，隔氧隔热。这一机制使POM/SA/SiO2气凝胶在垂直燃烧测试中表现出优异的阻燃性，解决了高反射材料往往易燃的共性矛盾，为其在建筑和可穿戴领域的实际应用提供了安全保障。图2 POM/SA/SiO₂气凝胶的（a）太阳光反射率与中红外发射率；（b）平均反射率；模拟散射效率与孔径的关系：（c₁）POM/SA，（c₂）POM/SA/SiO₂（0.3–2.5 μm）；（d）40 wt.% SiO2样品的CIE色度坐标；（e）大气窗口（8–13 μm）平均发射率；（f）微观结构及特征化学键振动引发的光散射与红外辐射示意图；（g）纯SA、POM/SA（60 wt.% POM）及POM/SA/SiO₂（40 wt.% SiO₂）气凝胶垂直燃烧测试照片；（h）POM/SA/SiO2气凝胶阻燃机制示意图。（2）双层气凝胶复合材料的构筑与热管理性能验证内层SA/MEPCM气凝胶在保持高潜热焓值（159.8 J·g-1）的同时，其热导率仅为0.0678 W·m-1·K-1，远低于普通相变材料。这种低热导率有效阻止了外界环境热量向建筑内部的传导，是保证辐射冷却效果不被“热入侵”削弱的关键。为量化评估其冷却性能，研究团队搭建了定制测试平台（图3c），在模拟太阳光照下记录样品底部亚环境温度与腔体环境温度。结果显示（图3d），厚度为1、2、3、4 cm的复合材料，其亚环境温度最高值分别为49.4°C、47.8°C、43.5°C和38.7°C，均远低于腔体环境温度（57.3°C）。更厚的复合材料因更强的隔热能力，能更有效地延缓热量从腔体向底部的传导。尤为关键的是，在光照与自然冷却阶段均观察到两个明显的温度平台，分别对应于MEPCM的熔融吸热与结晶放热过程，且厚度越大，平台持续时间越长，直接印证了相变材料在热管理中的核心调控作用。图 3 双层气凝胶复合材料的（a₁）结构示意、（a₂,a₃）层间界面SEM图像、（b）轻质展示；（c）测试装置示意；（d）不同厚度（1–4 cm）样品在模拟光照及自然冷却下的温度变化；（e）户外测试实物图；（f）北京户外实测不同厚度样品的温度变化及（g）对应温差；（h）有无MEPCM样品在模拟光照（3 h）及自然冷却下的温度变化；（i）户外实测有无MEPCM样品的温度变化及（j）对应温差关系。户外实测：在北京2025年9月23—24日的晴朗户外实测中（平均湿度49.6%，平均日照强度465.9 W·m⁻²），所有样品在日间均保持亚环境温度低于腔体环境温度，验证了其实际辐射冷却能力（图3f）。正午11:46，腔体环境温度峰值达46.2°C，而1–4 cm样品的底部温度分别为37.9°C、30.4°C、30.0°C和27.9°C，对应的ΔT为−8.3°C、−15.8°C、−16.2°C和−18.3°C（图3g）。这一卓越的冷却效果源于外层的93.53%太阳反射率与96.11%大气窗口发射率，同时内层MEPCM的潜热吸收进一步延长了冷却时效。夜间，储存的热量缓慢释放，4 cm样品实现+9.3°C的温升，有效避免了过冷问题。相变微胶囊的削峰填谷式贡献：对比不含MEPCM的对照样品（图3h），含MEPCM的双层气凝胶在模拟光照下将升温过程延缓了1.2小时，冷却阶段则将降温过程延缓了1.4小时，清晰展示了其“削峰填谷”的热缓冲效应。户外数据进一步表明（图3i），含MEPCM样品在日间光照下呈现长达2.7小时的温度平台，最大ΔT达−18.3°C，比不含MEPCM的样品低8.0°C；夜间则出现第二个平台（18:02—21:42），释放白天储存的光热能量。在净冷却功率方面，含MEPCM的双层复合材料日间达136.05 W·m-2，显著高于外层单独的108.53 W·m-2，这归功于MEPCM通过固–液相变对光热能量的吸收与暂存；而夜间其净冷却功率低于外层，则是因MEPCM结晶放热补偿了辐射热损，降低了净散热效果。这一日夜差异恰恰验证了相变材料在实现全天候热舒适中的双向调节作用。（3）普适性建筑节能潜力评估为了进一步验证其实际应用价值，研究团队利用EnergyPlus®软件模拟了一栋六层办公建筑（屋顶及外墙总面积3735 m2），将双层气凝胶复合材料应用于中国15个不同气候城市的建筑节能效果。结果显示：在夏季制冷模式下，全国15个城市平均可实现23.78%的制冷能耗节约。在制冷需求巨大的三亚，单位面积节能量高达62.45 MJ·m-2。在代表性城市北京，从5月至9月的制冷季节中，总能耗降低了14.1%。需特别说明的是，含MEPCM双层复合材料的净冷却功率数值为等效稳态值，仅供性能对比参考。物理实质上，MEPCM并不产生额外辐射通量，而是通过固–液相变提供瞬态热缓冲——日间熔融吸热抑制温升，夜间结晶放热缓解过冷。该研究通过巧妙的双层功能分离设计，首次将相变微胶囊的本征“热缓冲”特性与聚甲醛纤维的“辐射制冷”特性在气凝胶体系中实现协同，为开发下一代无能耗、自适应、全天候的建筑热管理材料提供了全新的思路和坚实的理论依据。图 4 双层气凝胶复合材料在（a）日间和（b）夜间的净冷却功率；（c）MEPCM组分的热缓冲工作原理；（d）北京及（e）全国15城市5–9月基准建筑与应用该复合材料建筑的制冷能耗与节能量；（f）全国制冷节能潜力分布图。原文链接：https://doi.org/10.1002/adfm.78181相关进展北化汪晓东教授、刘欢副教授团队 Small：基于多层级气凝胶和相变材料的锌基电致变色器件可在极端温度下实现动态红外伪装北京化工大学汪晓东教授团队 AFM：运用主动/被动环境自适应超材料实现热辐射与发射率的解耦及动态调控并赋能智能红外伪装北京化工大学汪晓东教授团队 AEM：一种用于稳定黑磷负极的多功能导电粘结剂网络实现锂离子电池长循环寿命北化汪晓东教授团队 Adv. Sci.: 一种用于智能温敏标签与安全数据加密的易规模化、无泄漏热致变色相变复合材料的简易共晶策略北京化工大学汪晓东教授团队 AFM: 集成相变材料的天气自适应Janus气凝胶实现辐射冷却-太阳能加热双模热调控北化汪晓东教授 NML: 碳化聚酰亚胺/凯夫拉纤维/氧化石墨烯@ZIF-67双向复合气凝胶封装相变材料实现多重能量转换与电磁屏蔽北化汪晓东教授团队 Adv. Sci.：三明治结构的氟化聚酰亚胺气凝胶/石蜡相变复合材料用于同时实现梯度热防护和透波性能北化汪晓东教授团队 Small：MXene薄膜与可回收聚乙二醇–磷腈共聚物整合多用途固–固相变材料的设计与构建北化汪晓东教授团队 AFM：冠醚修饰相变微胶囊实现盐湖水全天候太阳能海水淡化和同步铯离子提取北京化工大学汪晓东教授团队 AFM：基于相变材料的3D太阳能蒸发器促进高效可持续海水淡化和清洁电力产生北化汪晓东教授/刘欢副教授团队 AFM：低发射率、隔热和控温协同的三明治结构复合材料在高温下的长效红外隐身 高分子科技原创文章。欢迎个人转发和分享，刊物或媒体如需转载，请联系邮箱：info@polymer.cn诚邀投稿欢迎专家学者提供稿件（论文、项目介绍、新技术、学术交流、单位新闻、参会信息、招聘招生等）至info@polymer.cn，并请注明详细联系信息。高分子科技®会及时推送，并同时发布在中国聚合物网上。欢迎加入微信群 为满足高分子产学研各界同仁的要求，陆续开通了包括高分子专家学者群在内的几十个专项交流群，也包括高分子产业技术、企业家、博士、研究生、媒体期刊会展协会等群，全覆盖高分子产业或领域。目前汇聚了国内外高校科研院所及企业研发中心的上万名顶尖的专家学者、技术人员及企业家。申请入群，请先加审核微信号PolymerChina（或长按下方二维码），并请一定注明：高分子+姓名+单位+职称（或学位）+领域（或行业），否则不予受理，资格经过审核后入相关专业群。点这里“阅读原文”，查看更多阅读原文该策略对辐射冷却层与相变储能-隔热层实现功能分离与协同集成...",,,,pending
复旦大学高悦团队 NSR：巧用环境化学能，高分子“皮肤膜”让微型机器人边爬边发电、越走越持久,高分子科技,高分子科技,"RIOnews API, 聚合物新材料, 电池, 学术研究, 大学, 教授, 期刊",normal,2026-09-12T11:53:35+08:00,,"点击上方“蓝字” 一键订阅近日，复旦大学高分子科学系高悦团队在National Science Review上发表了一项关于微型机器人供能的研究。他们没有选择在更小的空间里塞入更密的电池，而是换了一个思路：让机器人的脚掌在接触环境时“就地”产生电能。这项工作的有趣之处在于，团队利用一种交联聚丙烯酸钾（XL-PAAK）高分子膜，将环境中广泛存在的金属基材（如铝、锌）和大气中的水分、氧气，转化为一种可控的、随行的电力来源。该膜在锌基板上的功率密度达133 mW cm–2，可微缩至0.0004 cm3且性能不衰减。搭载该膜的微型机器人在铝基板上完成了超过1,000,000步的连续行走，电压输出全程稳",http://mp.weixin.qq.com/s?__biz=MzA5NjUyNjc5Ng==&mid=2651661888&idx=5&sn=bbc5ee49becd1f7795f40802d81e190a,,"点击上方“蓝字” 一键订阅近日，复旦大学高分子科学系高悦团队在National Science Review上发表了一项关于微型机器人供能的研究。他们没有选择在更小的空间里塞入更密的电池，而是换了一个思路：让机器人的脚掌在接触环境时“就地”产生电能。这项工作的有趣之处在于，团队利用一种交联聚丙烯酸钾（XL-PAAK）高分子膜，将环境中广泛存在的金属基材（如铝、锌）和大气中的水分、氧气，转化为一种可控的、随行的电力来源。该膜在锌基板上的功率密度达133 mW cm–2，可微缩至0.0004 cm3且性能不衰减。搭载该膜的微型机器人在铝基板上完成了超过1,000,000步的连续行走，电压输出全程稳","点击上方“蓝字” 一键订阅近日，复旦大学高分子科学系高悦团队在National Science Review上发表了一项关于微型机器人供能的研究。他们没有选择在更小的空间里塞入更密的电池，而是换了一个思路：让机器人的脚掌在接触环境时“就地”产生电能。这项工作的有趣之处在于，团队利用一种交联聚丙烯酸钾（XL-PAAK）高分子膜，将环境中广泛存在的金属基材（如铝、锌）和大气中的水分、氧气，转化为一种可控的、随行的电力来源。该膜在锌基板上的功率密度达133 mW cm–2，可微缩至0.0004 cm3且性能不衰减。搭载该膜的微型机器人在铝基板上完成了超过1,000,000步的连续行走，电压输出全程稳定。更值得一提的是，这层膜还能“感知”脚下的材质和粗糙度，在供电的同时，告诉机器人该往哪儿走。从“背着电池走”到“踩着环境走”微型机器人的自主性，长期卡在“电源”这一环。一枚1.7 g的微型机器人靠自带电池只能爬行约2分钟；若要续航2小时，电池需占总重的94%，对应能量密度高达5382 Wh kg–1，远超当前锂离子电池的上限。当体积缩到1 cm3以下时，电池的能量密度还会出现断崖式下跌。面对这一瓶颈，团队尝试跳出“如何把电池做得更小更密”的常规思路，转而提出：能否利用机器人行走的环境本身作为能量来源？在管道、建筑或设备表面，铝、锌、硅等活性材料无处不在。如果能设计一种界面，让机器人的脚一踩上去就触发化学反应产生电流，那么续航就不再受限于内部储能的多少。图1. 电化学聚合物皮肤膜实现微型机器人连续供电与智能环境感知示意图。高分子“皮肤膜”的设计：既要发电，又要走路，还要感知实现这个想法，关键在于做一个能同时满足多项矛盾需求的“脚掌皮肤”：它既要能从空气中“抓”住水分维持反应，又要在反复踩踏中保持柔韧和完整；既要粘得住基材防止打滑，又要抬脚时轻松脱开；最好还能分辨脚下踩的是什么。团队选择交联聚丙烯酸钾（XL-PAAK）作为基础体系，通过一步法在机器人足底原位聚合形成薄膜。图2. 交联聚丙烯酸钾皮肤膜的制备与电化学性能。这层膜的设计包含以下几个精心考量的细节：①保水与抗冻：不依赖外部加湿膜内的–COO⁻、K⁺和OH⁻与空气中的水分子形成强氢键和离子-偶极相互作用，使得膜在干燥环境中也能主动捕获并锁住水分。实验表明，即使在20%相对湿度下暴露48小时，膜仍能维持稳定放电。在–20°C低温下，由于K⁺对水分子氢键网络的扰动，膜内依然保持离子导通，电压仅比室温降低约0.2 V，这一抗冻机制在常规锂离子电池体系中难以实现，因为它依赖的是水体系中特有的氢键调控。另一方面，交联结构保证了膜在80°C高温下仍能工作，水分蒸发后补充即可恢复。图3. 皮肤膜的水分自捕获与保持能力及宽温域适应性。②接触即发电，抬脚即停止：“行走”成为天然的界面刷新机制当膜与Al、Zn等活性基材接触时，基材失去电子，膜侧的Pt/C催化层将空气中的氧气和水还原，形成完整回路。这个过程在接触瞬间（约0.1 ms）即建立，抬脚即中断。因此，机器人每走一步，就是一次反应界面的天然刷新，且放电产物留在基材表面而非膜上，避免了传统静态电池中产物积累导致的性能衰减。正是这种物理运动与电化学过程的巧妙耦合，使得该膜在1,000,000步的极端行走测试中电压输出全程无衰减。图4. 连续行走测试、结构稳定性与长期耐久性验证。③各向异性的粘附：既要抓紧，又要松得快膜与金属基材之间通过–COO⁻基团形成静电粘附，提供稳定的抓地力。但更关键的是，其粘附具有方向性：在行走的剪切方向粘附力强，防止打滑；在垂直方向脱附阻力小，不影响抬脚效率。这种力学设计让机器人在倾斜铝板上也能稳定爬行。图5. 静电粘附机理、力学性能与多次循环稳定性。④集成的感知能力：用离子迁移“听”脚下的声音这层膜不仅能供电，还能通过植入的电极传感器识别环境。当机器人踩在不同材质上时，电化学反应速率和OH⁻消耗的差异会引起膜内K⁺的定向迁移，产生特征性的电势信号。而踩到凹凸不平的表面时，外力挤压同样会引起离子分布变化，产生另一类信号。两种信号的波形特征不同，可以自然解耦，当材质变化时产生稳定的方波信号，粗糙度变化则产生毫伏级尖峰信号。利用这一机制，机器人在包含铝、锌、锡、塑料等多种表面的复杂路径中行走时，能够实时识别脚下的材质和粗糙度，并将信号反馈给控制系统，从而主动寻找可供电的基材方向。团队进一步将传感器扩展为X-Y电极阵列，实现了对脚底接触区域的空间定位，这意味着机器人不仅能感知“踩到了什么”，还能知道“在哪个位置踩到的”。图6. 传感器工作机制、信号耦合识别与电极阵列空间定位。局限与后续思考团队也在论文中讨论了当前系统的不足。一是膜内KOH会因铝的自腐蚀副反应以及空气中CO2的碳化作用而逐渐消耗，目前需要通过人工补充约1 wt% KOH溶液来恢复性能，尚无法实现自主补给。二是系统依赖环境中存在活性基材，若机器人完全处于塑料或玻璃表面则无法产电。对此，团队提出了与超级电容器并联的混合方案，在有活性基材的区域预先储电，供后续无基材区域使用。文献详情Ganyu Wang†, Chihao Zhao†, Guanbin Wu, Min Wang, Yue Gao*. Continuously powering intelligent microrobots through an electrochemical polymer skin membrane. National Science Review. 2026, nwag529. https://doi.org/10.1093/nsr/nwag529.作者简介：高悦，复旦大学高分子科学系、纤维电子材料与器件研究院、聚合物分子工程全国重点实验室教授、博士生导师，国家重点研发计划首席青年科学家，国家海外优青。2018年博士毕业于宾夕法尼亚州立大学化学系。2020年入职复旦以来，以通讯作者在Nature、J. Am. Chem. Soc.、Angew. Chem. Int. Ed.、Adv. Mater.、Joule、eScience等期刊上发表系列研究论文。专利技术实现了成果转化，建立产线并形成产品，与头部电池企业合作进行产业化应用。获麻省理工科技评论中国“35岁以下科技创新35人”、亚洲青年学者项目，主持国家级项目5项，担任eScience期刊青年编委、上海人工智能研究院领域科学家。课题组介绍：课题组于2021年正式组建，聚焦能源存储与转化有机分子材料的前沿研究，重点探索：有机电极材料的分子设计与性能调控锂/钠离子电池中自牺牲型离子盐补偿机制机器学习驱动的能源材料筛选迄今在化学能源材料顶级期刊发表系列研究工作：1. S. Chen, H. Peng*, Y. Gao* et. al. Nature 2025, 638, 676.2. S. Chen, Y. Gao* et. al. Adv. Mater. 2025, 202502251.3. X. Du, Y. Gao* et. al. Adv. Mater. 2025, e202504553. 4. W. Wang, Y. Gao* et. al. Angem. Chem. Int. Ed. 2025, 202424516.5. Z. Kang, Y. Gao* et al. J. Am. Chem. Soc. 2025, 09300.6. Z. Zheng, Y. Gao* et. al. Angew. Chem. Int. Ed. 2025, 202517997.7. J. Zhao, K Zhang*, Y Gao* et al. Adv. Mater. 2026, e73348.8. S. Wang, Y. Gao* et. al. Angew. Chem. Int. Ed. 2026, 7967447.9. S. Chen, Y. Gao* et. al. eScience 2026, 100498.10. G. Wang, Y. Gao* et. al. Natl. Sci. Rev. 2026, nwag529.相关进展复旦大学高悦、彭慧胜院士团队 Nature：外部供锂技术突破电池的缺锂困境和寿命界限深大王奔、港中大张立教授 NSR 综述：面向体内介入的微型机器人部署、导航与清除Science: 磁控微型机器人 - 药物递送 （ETH Bradley J Nelson教授、Salvador Pané教授）高分子科技原创文章。欢迎个人转发和分享，刊物或媒体如需转载，请联系邮箱：info@polymer.cn诚邀投稿欢迎专家学者提供稿件（论文、项目介绍、新技术、学术交流、单位新闻、参会信息、招聘招生等）至info@polymer.cn，并请注明详细联系信息。高分子科技®会及时推送，并同时发布在中国聚合物网上。欢迎加入微信群 为满足高分子产学研各界同仁的要求，陆续开通了包括高分子专家学者群在内的几十个专项交流群，也包括高分子产业技术、企业家、博士、研究生、媒体期刊会展协会等群，全覆盖高分子产业或领域。目前汇聚了国内外高校科研院所及企业研发中心的上万名顶尖的专家学者、技术人员及企业家。申请入群，请先加审核微信号PolymerChina（或长按下方二维码），并请一定注明：高分子+姓名+单位+职称（或学位）+领域（或行业），否则不予受理，资格经过审核后入相关专业群。点这里“阅读原文”，查看更多阅读原文一种新思路：让机器人的脚掌在接触环境时“就地”产生电能...",,,,pending
香港中文大学张立教授团队 Nat. Commun.: 微型高功率水凝胶弹射器,高分子科技,高分子科技,"RIOnews API, 聚合物新材料, 凝胶, 学术研究, 大学, 教授, 科学院, 期刊",normal,2026-09-12T11:53:35+08:00,,点击上方“蓝字” 一键订阅在自然界中，植物种子和真菌孢子的爆发式传播、昆虫的弹射行为，以及变色龙捕食时舌头的高速弹射，均依赖能量的瞬时释放，从而实现高速、跨尺度运动。在微型机器人领域，弹射机制被视为在狭窄空间内实现高效远程控制和非接触操作的一种极具潜力的工具。目前，研究者已开发出多种方法来实现微型软体器件的弹射行为。其中，基于刚性材料的弹簧-闩锁系统是典型代表，虽能实现高功率输出和远距离弹射，但其复杂的多部件结构不利于进一步集成与微型化；而基于刺激响应性材料的弹射器则受制于软材料储能有限、能量释放时间较长、动能传递效率不足等问题，整体性能欠佳。针对这些挑战，长期深耕微尺度机器人开发与应用研究的,http://mp.weixin.qq.com/s?__biz=MzA5NjUyNjc5Ng==&mid=2651661888&idx=4&sn=6ace3e9455160f3b4388f372039e7597,,点击上方“蓝字” 一键订阅在自然界中，植物种子和真菌孢子的爆发式传播、昆虫的弹射行为，以及变色龙捕食时舌头的高速弹射，均依赖能量的瞬时释放，从而实现高速、跨尺度运动。在微型机器人领域，弹射机制被视为在狭窄空间内实现高效远程控制和非接触操作的一种极具潜力的工具。目前，研究者已开发出多种方法来实现微型软体器件的弹射行为。其中，基于刚性材料的弹簧-闩锁系统是典型代表，虽能实现高功率输出和远距离弹射，但其复杂的多部件结构不利于进一步集成与微型化；而基于刺激响应性材料的弹射器则受制于软材料储能有限、能量释放时间较长、动能传递效率不足等问题，整体性能欠佳。针对这些挑战，长期深耕微尺度机器人开发与应用研究的,"点击上方“蓝字” 一键订阅在自然界中，植物种子和真菌孢子的爆发式传播、昆虫的弹射行为，以及变色龙捕食时舌头的高速弹射，均依赖能量的瞬时释放，从而实现高速、跨尺度运动。在微型机器人领域，弹射机制被视为在狭窄空间内实现高效远程控制和非接触操作的一种极具潜力的工具。目前，研究者已开发出多种方法来实现微型软体器件的弹射行为。其中，基于刚性材料的弹簧-闩锁系统是典型代表，虽能实现高功率输出和远距离弹射，但其复杂的多部件结构不利于进一步集成与微型化；而基于刺激响应性材料的弹射器则受制于软材料储能有限、能量释放时间较长、动能传递效率不足等问题，整体性能欠佳。针对这些挑战，长期深耕微尺度机器人开发与应用研究的香港中文大学张立教授团队，在前期光驱动跳跃/弹射微型软体机器人研究的基础上（Nat. Mater., 2024, 23, 1428–1435；Nat. Commun., 2025, 16, 3034），联合浙江大学、中国科学院深圳先进技术研究院和澳门大学，共同提出了一种“动态耦合”高功率弹射策略，并制备了一种双层水凝胶弹射器，实现了高速、高功率和宽载荷范围的弹射输出。相关研究以“Dynamic coupling enables impulsive ejection in a hydrogel catapult”为题发表于《Nature Communications》。图1. 水凝胶弹射器的动态耦合弹射机制及高性能弹射该策略受到炮弹真菌孢子囊弹射结构与动力学特征的启发，作者构建了一种双层水凝胶弹射器：上层为掺杂石墨烯的高韧性聚丙烯酸-丙烯酰胺共聚水凝胶，下层为透明的纯水凝胶约束层。近红外光从底部照射后，石墨烯的光热效应使界面处的水凝胶快速升温，并诱导内部水发生液-气相变。蒸汽膨胀驱动水凝胶在毫秒尺度内快速变形，而较厚的底层结构和刚性基底共同抑制向下形变，并将动量集中向上传递作用于被弹射体。被弹射体的自身的重量延长了与弹射器的相互作用时间，进一步增加了被弹射体的动量获取。由此，水凝胶快速变形、基底反向动量输出以及被弹射体之间形成动态耦合，在极短时间内完成初始动量产生和动能传递。实验表明，该弹射器可将与自身重量（200毫克）相当的弹射物垂直发射至6.15米高度（图1c），相当于其自身长度的2050倍；此外，被弹射体的起飞速度高达16.6 m/s，起飞加速度达到1.04×104 m/s2。该弹射器还具有宽的载荷范围，能够弹射从轻质粉末到重达10克（自重的50倍）的物体，甚至能将200克（自重的1000倍）的重物推倒，其功率密度超过8.74×104 W/kg，超越了绝大多数天然和人工微型弹射系统（图1e）。为了进一步探究水凝胶弹射器弹射性能的影响因素，作者系统研究了基底刚度、界面黏附以及被弹射体质量对动量传递的影响。第一，基底的刚度显著影响动量输出，刚性玻璃基底能够减少基底自身变形导致的能量耗散，使弹射过程在约 1.6 ms 内完成。第二，较强的界面黏附可稳定水凝胶弹射器，降低位移和气流分散造成的能量损失。第三，被弹射体的质量会显著影响相互作用时间，在一定范围内，较重载荷能够延迟局部断裂并延长动量传递时间，从而提高动能获取。这些因素的耦合设计优化可以进一步提高水凝胶弹射器的力输出和被弹射体的动量获取。除了提高弹射速度和负载能力，作者还通过控制近红外光的激活位置构建非对称作用力，实现弹射方向调控。当相变诱导的变形作用于被弹射体底部不同区域时，可产生不同方向的初速度，从而实现左、右、前、后等多方向弹射。图2. 水凝胶弹射器驱动的活检机器人基于水凝胶弹射器的高瞬时力输出，作者进一步展示了其在深层组织活检中的应用潜力。现有内镜辅助下细针穿刺活检由于针径和取样量有限，通常需要多次穿刺才能获得足够样本；在胃底等难以直接接近的位置，操作力还需要沿内镜长距离传递，容易造成末端驱动力不足或穿刺精度下降。为此，作者开发了一种水凝胶弹射器驱动的活检机器人，将较粗的取样针安装在3D打印基座上，并通过定制PDMS外壳实现光学驱动、弹射距离约束、样本保护和液体隔离。在概念验证实验中，近红外光激活水凝胶后，快速相变形变将取样针高速推出，在 5 wt% 琼脂糖凝胶中实现约 6 mm 的穿刺深度；随后针头可通过牵引机构回收到保护壳内，针头的倒钩结构则用于提高样本获取能力。研究还在真实组织中验证了深部穿刺与取样，并结合实时成像和内窥镜牵引控制，在离体猪胃环境中完成了靶向导航、针头弹射、组织穿刺和回收过程。总结来说，作者提出了一种面向微型机器人瞬时高功率输出的动态耦合策略。该方法利用相变诱导的水凝胶快速变形，并通过弹射器的变形、基底与被弹射体三者之间的动态耦合作用，实现高效的初始动量产生和动能传递。基于这一机制，水凝胶弹射器在弹射速度、载荷范围和功率密度输出方面表现出突出性能，同时具备方向控制和多尺度适应能力，并进一步开发了基于水凝胶弹射器的活检机器人。该工作为微型软体机器人在受限空间中实现高速运动和大力/高功率输出提供了一种新的设计框架。文章链接：https://www.nature.com/articles/s41467-026-77391-6相关进展香港中文大学张立教授团队 Nat. Commun.: 具有选择性增强生物界面粘附的磁性纳米贴纸港中大张立教授课题组联合港理大、港中大医学院《Sci. Adv.》：亚毫米磁控微导管技术用于提升血管内介入可达性和治疗效率中科大冯伟、港中大张立、马普所Metin Sitti - PNAS Nexus: 场耦合双光子聚合先进制造制备结构色微纳器件香港中文大学冯伟、何奇洸助理教授和张立教授 Adv. Mater. 综述：基于液晶聚合物的物理智能软体机器人与制动器港中大张立教授、浙大潘程枫研究员《Nat. Commun.》：超越表面张力主导机制的水面跳跃港中大张立教授团队《Sci. Adv.》：液态机器人清除复杂表面细菌生物膜港中大张立教授/浙大潘程枫教授等 Nat. Mater. ：受喷瓜启发 - 基于断裂诱导功率放大机理的光驱动水凝胶弹射器港中大张立教授、马普所 Metin Sitti 教授《Sci. Adv.》：双模态驱动策略实现液滴的三维操纵香港中文大学张立教授、余俊豪教授团队《Sci. Adv.》：可用于动脉瘤栓塞治疗的自粘附微凝胶集群港中大张立教授/赵伟仁教授/陈启枫教授、浙大潘程枫研究员《Sci. Adv.》：无线供能的柔性电子支架用于食道贲门无创电刺激港中大张立教授课题组联合城大、中科大《Nat. Commun.》：通过屈曲不稳定性编码的异质磁化在软材料中实现动态形貌变换香港中文大学张立教授团队《Sci. Adv.》：可编程的多功能磁控软体机器人港中大张立教授、哈工大谢晖教授Adv. Funct. Mater.：具有变形、环境适应性和多功能的可重构磁性“史莱姆”软体机器人中科院深圳先进院杜学敏研究员团队与香港中文大学张立副教授合作发表仿生智能驱动器研究进展综述 高分子科技原创文章。欢迎个人转发和分享，刊物或媒体如需转载，请联系邮箱：info@polymer.cn诚邀投稿欢迎专家学者提供稿件（论文、项目介绍、新技术、学术交流、单位新闻、参会信息、招聘招生等）至info@polymer.cn，并请注明详细联系信息。高分子科技®会及时推送，并同时发布在中国聚合物网上。欢迎加入微信群 为满足高分子产学研各界同仁的要求，陆续开通了包括高分子专家学者群在内的几十个专项交流群，也包括高分子产业技术、企业家、博士、研究生、媒体期刊会展协会等群，全覆盖高分子产业或领域。目前汇聚了国内外高校科研院所及企业研发中心的上万名顶尖的专家学者、技术人员及企业家。申请入群，请先加审核微信号PolymerChina（或长按下方二维码），并请一定注明：高分子+姓名+单位+职称（或学位）+领域（或行业），否则不予受理，资格经过审核后入相关专业群。点这里“阅读原文”，查看更多阅读原文一种双层水凝胶弹射器，实现了高速、高功率和宽载荷范围的弹射输出...",,,,pending
低温锂离子电容器电解液获突破 能量密度达传统电解液8.9倍,储能前沿,储能前沿,"RIOnews API, 储能, 负极材料, 电解液",normal,2026-09-12T11:30:00+08:00,,2026新型电池储能技术创新发展论坛2026硅基负极材料及应用技术交流会【10月27-29日 深圳】详询：洪老师：155 1387 7506曾老师：185 0228 9470周老师：182 3406 8828据中国科学院电工研究所消息，近日，电工研究所研究员马衍伟团队提出“溶剂化解蔽电解液”设计策略。团队采用兼具中等极性、低熔点和适度配位能力的γ－戊内酯（GVL）为主体溶剂，二氟草酸硼酸锂（LiDFOB）为功能锂盐，并引入弱配位乙酸乙酯（EA）作为溶剂化调节组分，削弱溶剂对锂离子的包裹和屏蔽作用，促进阴离子参与构建局部溶剂化结构，形成弱束缚、阴离子参与的溶剂化解蔽环境。溶剂化解蔽电解液促进低温,http://mp.weixin.qq.com/s?__biz=Mzg3MjY1NTkxNg==&mid=2247601708&idx=4&sn=a4c37817535e88321692120beb008b0e,,2026新型电池储能技术创新发展论坛2026硅基负极材料及应用技术交流会【10月27-29日 深圳】详询：洪老师：155 1387 7506曾老师：185 0228 9470周老师：182 3406 8828据中国科学院电工研究所消息，近日，电工研究所研究员马衍伟团队提出“溶剂化解蔽电解液”设计策略。团队采用兼具中等极性、低熔点和适度配位能力的γ－戊内酯（GVL）为主体溶剂，二氟草酸硼酸锂（LiDFOB）为功能锂盐，并引入弱配位乙酸乙酯（EA）作为溶剂化调节组分，削弱溶剂对锂离子的包裹和屏蔽作用，促进阴离子参与构建局部溶剂化结构，形成弱束缚、阴离子参与的溶剂化解蔽环境。溶剂化解蔽电解液促进低温,2026新型电池储能技术创新发展论坛2026硅基负极材料及应用技术交流会【10月27-29日 深圳】详询：洪老师：155 1387 7506曾老师：185 0228 9470周老师：182 3406 8828据中国科学院电工研究所消息，近日，电工研究所研究员马衍伟团队提出“溶剂化解蔽电解液”设计策略。团队采用兼具中等极性、低熔点和适度配位能力的γ－戊内酯（GVL）为主体溶剂，二氟草酸硼酸锂（LiDFOB）为功能锂盐，并引入弱配位乙酸乙酯（EA）作为溶剂化调节组分，削弱溶剂对锂离子的包裹和屏蔽作用，促进阴离子参与构建局部溶剂化结构，形成弱束缚、阴离子参与的溶剂化解蔽环境。溶剂化解蔽电解液促进低温锂离子电容器界面电荷转移示意图该设计有效降低了低温条件下脱溶剂化势垒与界面电荷转移阻力，提升了电极－电解液界面稳定性。研究表明，采用该溶剂化解蔽电解液制备的全碳锂离子电容器在－40℃条件下仍保持优异的能量输出性能，基于电极材料质量的能量密度达到106.8Wh/kg，为传统碳酸酯基电解液的8.9倍。扫码加入中国储能行业通讯录免责声明：本公众号文章版权归原作者及原出处所有 。内容为作者个人观点， 并不代表本公众号赞同其观点和对其真实性负责。本公众号并不用于商业目的，如有涉及侵权等，请及时告知，我们会尽快处理。本公众号拥有对此声明的最终解释权。,,,,pending
国轩高科获6GWh储能订单！,储能前沿,储能前沿,"RIOnews API, 国轩高科, 国轩, 储能, 储能系统, 大储, 负极材料, GWh, 订单",normal,2026-09-12T11:30:00+08:00,,2026新型电池储能技术创新发展论坛2026硅基负极材料及应用技术交流会【10月27-29日 深圳】详询：洪老师：155 1387 7506曾老师：185 0228 9470周老师：182 3406 88289月11日消息，国轩高科斩获沙特首批大型电池储能项目6GWh核心储能订单，将为当地三大主力储能站点提供全套储能解决方案，该订单为国轩高科单笔最大储能订单，标志着公司正式打入中东高端储能市场。据了解，该项目采用BOO（建设-拥有-运营）模式，当地存在高温、风沙、昼夜温差大等严苛工况。国轩高科为此定制一体化全场景储能系统，搭载乾元智储储能系统，可在-30℃至55℃宽温域稳定运行，并配套高温、风,http://mp.weixin.qq.com/s?__biz=Mzg3MjY1NTkxNg==&mid=2247601708&idx=3&sn=4ce5e02d37febc37842c366d232e1dc0,,2026新型电池储能技术创新发展论坛2026硅基负极材料及应用技术交流会【10月27-29日 深圳】详询：洪老师：155 1387 7506曾老师：185 0228 9470周老师：182 3406 88289月11日消息，国轩高科斩获沙特首批大型电池储能项目6GWh核心储能订单，将为当地三大主力储能站点提供全套储能解决方案，该订单为国轩高科单笔最大储能订单，标志着公司正式打入中东高端储能市场。据了解，该项目采用BOO（建设-拥有-运营）模式，当地存在高温、风沙、昼夜温差大等严苛工况。国轩高科为此定制一体化全场景储能系统，搭载乾元智储储能系统，可在-30℃至55℃宽温域稳定运行，并配套高温、风,2026新型电池储能技术创新发展论坛2026硅基负极材料及应用技术交流会【10月27-29日 深圳】详询：洪老师：155 1387 7506曾老师：185 0228 9470周老师：182 3406 88289月11日消息，国轩高科斩获沙特首批大型电池储能项目6GWh核心储能订单，将为当地三大主力储能站点提供全套储能解决方案，该订单为国轩高科单笔最大储能订单，标志着公司正式打入中东高端储能市场。据了解，该项目采用BOO（建设-拥有-运营）模式，当地存在高温、风沙、昼夜温差大等严苛工况。国轩高科为此定制一体化全场景储能系统，搭载乾元智储储能系统，可在-30℃至55℃宽温域稳定运行，并配套高温、风沙防护方案，适配当地极端环境长期运营需求。项目建成后，将存储富余光伏电力，在用电高峰释放，提升沙特电网对可再生能源消纳与调度调节能力，支撑当地新型电力系统建设扫码加入中国储能行业通讯录免责声明：本公众号文章版权归原作者及原出处所有 。内容为作者个人观点， 并不代表本公众号赞同其观点和对其真实性负责。本公众号并不用于商业目的，如有涉及侵权等，请及时告知，我们会尽快处理。本公众号拥有对此声明的最终解释权。,,,,pending
总投资50亿元！内蒙古乌海固态电池最新进展！,储能前沿,储能前沿,"RIOnews API, 磷酸铁锂, 铁锂, 储能, 储能电芯, 储能系统, 负极材料, 交付, 产能, GWh, 订单, 投资",normal,2026-09-12T11:30:00+08:00,,2026新型电池储能技术创新发展论坛2026硅基负极材料及应用技术交流会【10月27-29日 深圳】详询：洪老师：155 1387 7506曾老师：185 0228 9470周老师：182 3406 8828据乌海市融媒体中心消息，清陶（乌海）能源科技有限公司副总经理李刚介绍：“目前，二期项目已完成综合站房混凝土垫层浇筑和2号生产车间、成品仓库、罐区等基础开挖施工，正在进行综合站房防水、基础钢筋绑扎以及原材料库、1号生产车间基础开挖施工。”资料显示，乌海清陶成立于2023年11月，位于内蒙古自治区乌海市海勃湾区，是清陶（昆山）能源发展集团股份有限公司的控股子公司，其固态电池专用材料及固态电池零,http://mp.weixin.qq.com/s?__biz=Mzg3MjY1NTkxNg==&mid=2247601708&idx=5&sn=daed1a54693c6d61df5af51edf40a1b5,,2026新型电池储能技术创新发展论坛2026硅基负极材料及应用技术交流会【10月27-29日 深圳】详询：洪老师：155 1387 7506曾老师：185 0228 9470周老师：182 3406 8828据乌海市融媒体中心消息，清陶（乌海）能源科技有限公司副总经理李刚介绍：“目前，二期项目已完成综合站房混凝土垫层浇筑和2号生产车间、成品仓库、罐区等基础开挖施工，正在进行综合站房防水、基础钢筋绑扎以及原材料库、1号生产车间基础开挖施工。”资料显示，乌海清陶成立于2023年11月，位于内蒙古自治区乌海市海勃湾区，是清陶（昆山）能源发展集团股份有限公司的控股子公司，其固态电池专用材料及固态电池零,2026新型电池储能技术创新发展论坛2026硅基负极材料及应用技术交流会【10月27-29日 深圳】详询：洪老师：155 1387 7506曾老师：185 0228 9470周老师：182 3406 8828据乌海市融媒体中心消息，清陶（乌海）能源科技有限公司副总经理李刚介绍：“目前，二期项目已完成综合站房混凝土垫层浇筑和2号生产车间、成品仓库、罐区等基础开挖施工，正在进行综合站房防水、基础钢筋绑扎以及原材料库、1号生产车间基础开挖施工。”资料显示，乌海清陶成立于2023年11月，位于内蒙古自治区乌海市海勃湾区，是清陶（昆山）能源发展集团股份有限公司的控股子公司，其固态电池专用材料及固态电池零碳产业园项目总投资约50亿元，计划建设5万吨固态电池专用材料、1000万千瓦时固态电池和储能系统，并配套建设风光新能源与储能电站。该项目分期建设，一期项目建设内容包括2万吨固态电池专用材料3条生产线及配套辅助设施，200万千瓦时储能电池组PACK与储能系统生产线。一期项目已全部完成建设，具备生产能力，首批订单于2025年10月完成交付。二期项目建设内容包括500万千瓦时（5GWh）半固态储能电芯生产线和500吨固态电解质生产线。具体来看，乌海清陶5GWh固态锂电池生产线项目总投资10亿元，建设内容包括生产车间1、生产车间2、原材料库、NMP罐区、甲类仓库、综合站房、成品仓等，规划年产能5GWh，钢壳方形磷酸铁锂电池500万颗/年。乌海清陶500吨固态电解质材料生产线项目总投资10亿元，主要建设500t固态电解质材料生产线。李刚介绍，二期项目预计2027年6月所有单体建筑主体结构封顶，2027年8月完成设备安装，2027年10月进入试生产阶段。扫码加入中国储能行业通讯录免责声明：本公众号文章版权归原作者及原出处所有 。内容为作者个人观点， 并不代表本公众号赞同其观点和对其真实性负责。本公众号并不用于商业目的，如有涉及侵权等，请及时告知，我们会尽快处理。本公众号拥有对此声明的最终解释权。,,,,pending
《硫化物全固态电池研究进展》——中科院物理所博导吴凡,储能前沿,储能前沿,"RIOnews API, 储能, 海外",normal,2026-09-12T11:30:00+08:00,,本次会议，组委会非常荣幸邀请到中国科学院物理研究所——吴凡 博导出席会议并作主题报告，报告题目：《硫化物全固态电池研究进展》个人简介：吴凡，中科院物理所博导、国科大教授、中科固能董事长、共青团常州市委副书记。在nature energy等期刊发表SCI论文110余篇，他引近万次，i10-index=99，申请中、美、国际发明专利70余项，授权30余项。入选《麻省理工科技评论》-亚太区-35岁以下科技创新35人、国家海外高层次人才引进计划、中科院海外杰出人才引进计划及择优支持、中科协海智特聘专家、何享健青年科学家、福布斯青年海归精英100人、江苏省杰出青年基金等。获全国未来储能技术挑战赛一等奖、,http://mp.weixin.qq.com/s?__biz=Mzg3MjY1NTkxNg==&mid=2247601708&idx=2&sn=e4b91b7fbdc634292633d1adf3506ac3,,本次会议，组委会非常荣幸邀请到中国科学院物理研究所——吴凡 博导出席会议并作主题报告，报告题目：《硫化物全固态电池研究进展》个人简介：吴凡，中科院物理所博导、国科大教授、中科固能董事长、共青团常州市委副书记。在nature energy等期刊发表SCI论文110余篇，他引近万次，i10-index=99，申请中、美、国际发明专利70余项，授权30余项。入选《麻省理工科技评论》-亚太区-35岁以下科技创新35人、国家海外高层次人才引进计划、中科院海外杰出人才引进计划及择优支持、中科协海智特聘专家、何享健青年科学家、福布斯青年海归精英100人、江苏省杰出青年基金等。获全国未来储能技术挑战赛一等奖、,本次会议，组委会非常荣幸邀请到中国科学院物理研究所——吴凡 博导出席会议并作主题报告，报告题目：《硫化物全固态电池研究进展》个人简介：吴凡，中科院物理所博导、国科大教授、中科固能董事长、共青团常州市委副书记。在nature energy等期刊发表SCI论文110余篇，他引近万次，i10-index=99，申请中、美、国际发明专利70余项，授权30余项。入选《麻省理工科技评论》-亚太区-35岁以下科技创新35人、国家海外高层次人才引进计划、中科院海外杰出人才引进计划及择优支持、中科协海智特聘专家、何享健青年科学家、福布斯青年海归精英100人、江苏省杰出青年基金等。获全国未来储能技术挑战赛一等奖、全国先进储能技术创新挑战赛二等奖（国家工信部）、全国青年岗位能手（共青团中央）；江苏青年五四奖章；江苏青年双创英才；江苏青年U35攀峰奖等。任中国能源学会副主任；中国共产党江苏省党代会党代表等。扫码报名，一票通用扫码加入中国储能行业通讯录免责声明：本公众号文章版权归原作者及原出处所有 。内容为作者个人观点， 并不代表本公众号赞同其观点和对其真实性负责。本公众号并不用于商业目的，如有涉及侵权等，请及时告知，我们会尽快处理。本公众号拥有对此声明的最终解释权。,,,,pending
宁德时代收购这家重庆新能源企业！,储能前沿,储能前沿,"RIOnews API, 宁德时代, 孚能科技, 储能, 负极材料, 生产基地, 合作协议, 投资, 收购, 发布",normal,2026-09-12T11:30:00+08:00,,2026新型电池储能技术创新发展论坛2026硅基负极材料及应用技术交流会【10月27-29日 深圳】详询：洪老师：155 1387 7506曾老师：185 0228 9470周老师：182 3406 88289月11日，市场监管总局发布2026年8月31日-9月6日无条件批准经营者集中案件列表，其中包括宁德时代收购重庆耀宁新能源科技有限公司股权案等。公开资料显示，重庆耀宁新能源成立于2021年12月，注册资本1亿元。2011年，重庆市涪陵区人民政府与吉利科技集团签署合作协议，吉利科技新能源动力电池项目落户涪陵。该项目设立合资主体驰航新能源（重庆）有限公司（重庆耀宁新能源原名），由吉利科技集团与,http://mp.weixin.qq.com/s?__biz=Mzg3MjY1NTkxNg==&mid=2247601708&idx=1&sn=ff5427cc2b7bd37e2c687d9c7f945d3b,,2026新型电池储能技术创新发展论坛2026硅基负极材料及应用技术交流会【10月27-29日 深圳】详询：洪老师：155 1387 7506曾老师：185 0228 9470周老师：182 3406 88289月11日，市场监管总局发布2026年8月31日-9月6日无条件批准经营者集中案件列表，其中包括宁德时代收购重庆耀宁新能源科技有限公司股权案等。公开资料显示，重庆耀宁新能源成立于2021年12月，注册资本1亿元。2011年，重庆市涪陵区人民政府与吉利科技集团签署合作协议，吉利科技新能源动力电池项目落户涪陵。该项目设立合资主体驰航新能源（重庆）有限公司（重庆耀宁新能源原名），由吉利科技集团与,2026新型电池储能技术创新发展论坛2026硅基负极材料及应用技术交流会【10月27-29日 深圳】详询：洪老师：155 1387 7506曾老师：185 0228 9470周老师：182 3406 88289月11日，市场监管总局发布2026年8月31日-9月6日无条件批准经营者集中案件列表，其中包括宁德时代收购重庆耀宁新能源科技有限公司股权案等。公开资料显示，重庆耀宁新能源成立于2021年12月，注册资本1亿元。2011年，重庆市涪陵区人民政府与吉利科技集团签署合作协议，吉利科技新能源动力电池项目落户涪陵。该项目设立合资主体驰航新能源（重庆）有限公司（重庆耀宁新能源原名），由吉利科技集团与孚能科技（688567）合资组建。该项目总投资约85亿元，占地面积约480亩，规划建筑面积约31万平方米，主要从事动力电池电芯、模组、PACK的研发、生产和销售。后续股权发生变更，孚能科技完全退出，企业更名重庆耀宁新能源。重庆耀宁新能源终端客户主要为西南片区的吉利汽车重庆、贵阳生产基地。扫码加入中国储能行业通讯录免责声明：本公众号文章版权归原作者及原出处所有 。内容为作者个人观点， 并不代表本公众号赞同其观点和对其真实性负责。本公众号并不用于商业目的，如有涉及侵权等，请及时告知，我们会尽快处理。本公众号拥有对此声明的最终解释权。,,,,pending
研究进展 | 量子模拟-非弹性散射，Nature Physics,今日新材料,今日新材料,"RIOnews API, 新材料, 量子",normal,2026-09-12T11:30:00+08:00,,"高能粒子碰撞，可以通过非弹性产生新粒子，将能量转化为物质。量子计算机，为模拟这些非平衡过程提供了技术路径，但获取碰撞后动力学信息，并确定产生粒子的丰度，仍然具有挑战性。近日，加州理工学院Roland C. Farrell, John Preskill联合华盛顿大学Nikita A. Zemlevskiy, Marc Illa等在Nature Physics上发文，利用数字量子处理器（IBM 104 量子比特超导处理器ibm_marrakesh），在一维伊辛场论中，实现了非弹性粒子产生的实验证据。让两个最轻粒子波包碰撞，利用所测能量密度的偏度来识别一个非弹性成分，该成分包含一个出射轻粒子和一个更",http://mp.weixin.qq.com/s?__biz=MzkwMTEzMjE5OQ==&mid=2247689501&idx=6&sn=d6186ae1278517d7b00e48a71feb8bf2,,"高能粒子碰撞，可以通过非弹性产生新粒子，将能量转化为物质。量子计算机，为模拟这些非平衡过程提供了技术路径，但获取碰撞后动力学信息，并确定产生粒子的丰度，仍然具有挑战性。近日，加州理工学院Roland C. Farrell, John Preskill联合华盛顿大学Nikita A. Zemlevskiy, Marc Illa等在Nature Physics上发文，利用数字量子处理器（IBM 104 量子比特超导处理器ibm_marrakesh），在一维伊辛场论中，实现了非弹性粒子产生的实验证据。让两个最轻粒子波包碰撞，利用所测能量密度的偏度来识别一个非弹性成分，该成分包含一个出射轻粒子和一个更","高能粒子碰撞，可以通过非弹性产生新粒子，将能量转化为物质。量子计算机，为模拟这些非平衡过程提供了技术路径，但获取碰撞后动力学信息，并确定产生粒子的丰度，仍然具有挑战性。近日，加州理工学院Roland C. Farrell, John Preskill联合华盛顿大学Nikita A. Zemlevskiy, Marc Illa等在Nature Physics上发文，利用数字量子处理器（IBM 104 量子比特超导处理器ibm_marrakesh），在一维伊辛场论中，实现了非弹性粒子产生的实验证据。让两个最轻粒子波包碰撞，利用所测能量密度的偏度来识别一个非弹性成分，该成分包含一个出射轻粒子和一个更重的粒子。该实验使用104个量子比特和最多5,589个双量子比特门来获取碰撞后动力学。该计算取决于于一种量子算法，该算法扩展了高效创建W态的协议：W态是一种多体纠缠态，其中单个激发分布在许多量子比特上，以制备初始波包。通过中途测量以及随后以其结果为条件的操作，电路深度与波包的空间体积无关，而不是像先前方法那样随多项式增长。为一维伊辛场论和标量场论、施温格模型以及二维伊辛场论构建了波包制备电路。Digital quantum simulations of scattering in quantum field theories using W states. 基于W态的量子场论散射数字量子模拟图 1：基于W态和保持对称性，能量最小化进行波包制备。图 2：低能与高能碰撞。图 3：用于模拟伊辛场论中，散射的量子比特布局与电路结构。图 4：一维伊辛场论中，非弹性粒子产生的模拟。图 5：碰撞后，能量密度与单粒子能量密度的不对称性。利用 W 态启发算法和 ADAPT-VQE 制备波包，二阶 Trotter 演化最多 45 步、5589 个双比特门。通过测量真空扣除能量密度的偏度，观察到碰撞后能量分布右偏，给出 11→12产生重粒子的证据。这是首次在量子模拟中探测非弹性粒子产生，为量子场论实时散射和量子材料非平衡动力学提供新工具。文献链接Farrell, R.C., Zemlevskiy, N.A., Illa, M. et al. Digital quantum simulations of scattering in quantum field theories using W states. Nat. Phys. (2026). https://doi.org/10.1038/s41567-026-03436-8本文译自Nature。来源：今日新材料",,,,pending
今日前沿 | 时空波包激光阵列，芯片-不散之光，Nature Photonics,今日新材料,今日新材料,"RIOnews API, 新材料, 量子",normal,2026-09-12T11:30:00+08:00,,"利用光的完整维度，将空间与时间自由度耦合起来，为设计具有多种功能的光场，提供了强大手段。这类时空结构光场：从局域波包到时空涡旋，有望变革超快科学、激光加工、成像和光通信。然而，迄今为止，这些实现仍取决于复杂的自由空间配置，需要光栅和空间光调制器等庞大元器件，并置于傅里叶共轭面。近日，南加州大学Demetrios N. Christodoulides, Mercedeh Khajavikhan团队联合中佛罗里达大学Ayman F. Abouraddy等在Nature Photonics上发文，提出了一种芯片级平台，可直接从激光阵列产生时空波包，从而整合了结构光物理与集成光子学。实验采用具有双端结",http://mp.weixin.qq.com/s?__biz=MzkwMTEzMjE5OQ==&mid=2247689501&idx=5&sn=e25697927eebf73a6c6d0fc88b968b11,,"利用光的完整维度，将空间与时间自由度耦合起来，为设计具有多种功能的光场，提供了强大手段。这类时空结构光场：从局域波包到时空涡旋，有望变革超快科学、激光加工、成像和光通信。然而，迄今为止，这些实现仍取决于复杂的自由空间配置，需要光栅和空间光调制器等庞大元器件，并置于傅里叶共轭面。近日，南加州大学Demetrios N. Christodoulides, Mercedeh Khajavikhan团队联合中佛罗里达大学Ayman F. Abouraddy等在Nature Photonics上发文，提出了一种芯片级平台，可直接从激光阵列产生时空波包，从而整合了结构光物理与集成光子学。实验采用具有双端结","利用光的完整维度，将空间与时间自由度耦合起来，为设计具有多种功能的光场，提供了强大手段。这类时空结构光场：从局域波包到时空涡旋，有望变革超快科学、激光加工、成像和光通信。然而，迄今为止，这些实现仍取决于复杂的自由空间配置，需要光栅和空间光调制器等庞大元器件，并置于傅里叶共轭面。近日，南加州大学Demetrios N. Christodoulides, Mercedeh Khajavikhan团队联合中佛罗里达大学Ayman F. Abouraddy等在Nature Photonics上发文，提出了一种芯片级平台，可直接从激光阵列产生时空波包，从而整合了结构光物理与集成光子学。实验采用具有双端结构的分布反馈激光器，产生具有稳定相位对比的相互相干子光束。这种多功能架构，精确控制空间-光谱关联，从而合成宽度和传播长度可扩展的非相干或相干时空波包。通过将场结构化与激光发射统一在单个器件。这种方法，为实现片上光束整形、合成和时空调控的集成光源开辟了道路，对显微成像、层析成像、通信和超快光学技术具有深远影响。On-chip space–time wave packet laser array.芯片级时空波包激光阵列图1：利用分布反馈DFB激光器阵列，在片上产生非相干时空波包。图2：分布反馈DFB激光器阵列的设计与表征。图3：不同光谱倾斜角下，分布反馈DFB阵列所产生的时空光束传播。图4：所生成时空光束的时空结构、相位控制与自愈合。实验材料为InGaAsP/InP体系：16个InGaAsP量子阱，有效增益厚度500 nm，InP衬底/覆盖；深脊波导截面1.8×0.7 μm²，一阶DFB光栅周期244 nm，中心相移调谐波长。双端放大器段宽1.8 μm，一端延长约232 nm补偿π相位。制备用MOCVD、HSQ电子束光刻、H₂:CH₄:Ar反应离子刻蚀和光刻辅助解理。科普解读：普通光束会衍射扩散，超短脉冲会色散展宽。时空波包是让每个颜色与特定传播方向绑定，使空间和时间相互补偿。传统方法要用光栅、空间光调制器等庞大外设。该项研究把“编舞”直接做进芯片：多个不同波长的微型DFB激光器按计算结果排成阵列，每个两端发出相干光，透镜把位置翻译成方向，从而合成无衍射光束。从而长距离保持细亮，被遮挡后还能自愈。可用于芯片级成像、通信和超快激光。文献链接Lee, J., Ren, H., Liu, Y.G.N. et al. On-chip space–time wave packet laser array. Nat. Photon. (2026). https://doi.org/10.1038/s41566-026-02003-0本文译自Nature。来源：今日新材料",,,,pending
一流期刊 | RMR前沿发布：宁波东方理工大学李润伟教授团队系统解码离子驱动神经形态晶体管，开启低功耗智能感知新范式,今日新材料,今日新材料,"RIOnews API, 新材料, 凝胶, 学术研究, 大学, 教授, 期刊, 技术进展, 最新进展, 技术突破",normal,2026-09-12T11:30:00+08:00,,点击链接进入 TMR/RMR 材料研究导航：https://docs.qq.com/sheet/DVnNRSUhwSFhqd0h0?tab导语人工智能正加速向真实世界延伸，智能感知作为连接物理环境与人工智能系统的关键环节，广泛应用于可穿戴健康监测、智能机器人、人机交互和生物界面感知等场景。然而，传统感知系统通常采用“信号采集—数据传输—后端处理”的分离式架构，大量原始数据需要在传感器与计算单元之间传输，带来了较高的能耗、延迟和硬件复杂度。生物神经系统能够在感知前端完成信号预处理、时间整合、记忆和阈值触发，为构建低功耗、实时化和具备自主学习能力的人工感知系统提供了重要启发。离子驱动神经形态材料与,http://mp.weixin.qq.com/s?__biz=MzkwMTEzMjE5OQ==&mid=2247689501&idx=7&sn=e77998a588d337256103f553e82c26be,,点击链接进入 TMR/RMR 材料研究导航：https://docs.qq.com/sheet/DVnNRSUhwSFhqd0h0?tab导语人工智能正加速向真实世界延伸，智能感知作为连接物理环境与人工智能系统的关键环节，广泛应用于可穿戴健康监测、智能机器人、人机交互和生物界面感知等场景。然而，传统感知系统通常采用“信号采集—数据传输—后端处理”的分离式架构，大量原始数据需要在传感器与计算单元之间传输，带来了较高的能耗、延迟和硬件复杂度。生物神经系统能够在感知前端完成信号预处理、时间整合、记忆和阈值触发，为构建低功耗、实时化和具备自主学习能力的人工感知系统提供了重要启发。离子驱动神经形态材料与,"点击链接进入 TMR/RMR 材料研究导航：https://docs.qq.com/sheet/DVnNRSUhwSFhqd0h0?tab导语人工智能正加速向真实世界延伸，智能感知作为连接物理环境与人工智能系统的关键环节，广泛应用于可穿戴健康监测、智能机器人、人机交互和生物界面感知等场景。然而，传统感知系统通常采用“信号采集—数据传输—后端处理”的分离式架构，大量原始数据需要在传感器与计算单元之间传输，带来了较高的能耗、延迟和硬件复杂度。生物神经系统能够在感知前端完成信号预处理、时间整合、记忆和阈值触发，为构建低功耗、实时化和具备自主学习能力的人工感知系统提供了重要启发。离子驱动神经形态材料与晶体管利用离子迁移、界面电双层形成及电化学掺杂等过程，实现离子—电子耦合调控，能够模拟突触可塑性、神经元发放和时空信息整合等生物神经功能。宁波东方理工大学李润伟教授团队围绕离子驱动神经形态材料与晶体管开展综述研究，系统梳理了器件工作原理、沟道材料与电解质设计、界面工程、神经形态功能模拟以及智能感知系统集成等方面的最新进展，并进一步总结其在可穿戴健康监测、机器人闭环控制和生物界面传感中的应用潜力。该综述为离子电子学器件走向低功耗智能感知硬件提供了系统参考。文章信息文章信息：Zhu X, Liu X, Tan H, Li R W. Iontronics-configured neuromorphic materials and transistors for intelligent perception. Review of Materials Research. 2026;2(5):100219. https://doi.org/10.1016/j.revmat.2026.100219文章亮点速览亮点一｜离子调控神经行为研究内容：文章系统解析了离子驱动神经形态晶体管的基本结构与工作机制。外加栅压驱动电解质中的离子迁移，在电解质与半导体沟道界面形成高电容电双层，进一步引发载流子积累、耗尽或沟道体相电化学掺杂。研究价值：离子分布具有时间依赖性和历史依赖性，使器件能够在低电压下实现学习、记忆、时间积分和阈值触发等功能，为构建传感与计算融合的神经形态硬件提供基础。亮点二｜材料体系协同设计研究内容：综述从沟道材料、电解质和半导体—电解质界面三个层面总结器件性能调控策略，涵盖有机半导体、金属氧化物、二维材料、离子液体、离子凝胶、聚合物电解质和固态电解质等体系。研究价值：不同材料决定离子的供给、迁移、注入深度和保持时间。通过材料组成与结构协同设计，可以在响应速度、导电调制幅度、存储稳定性和柔性加工能力之间实现平衡。亮点三｜沟道电解质共设计研究内容：文章重点讨论了沟道材料与电解质之间的协同作用，包括离子尺寸、溶剂化状态、沟道自由体积、聚合物侧链、结晶度及离子亲和性等因素对离子行为的影响。界面工程则用于调节离子注入路径、停留时间和电荷补偿过程。研究价值：沟道—电解质共设计能够突破单独优化某一材料带来的性能限制，实现突触权重更新线性度、短期与长期记忆转换以及神经元—突触功能重构的精准调控。亮点四｜多种神经功能模拟研究内容：离子驱动晶体管可模拟生物神经系统中的学习、记忆、时空积分、阈值发放和可重构行为。通过调控脉冲幅值、持续时间、离子迁移和松弛过程，器件能够实现从短期记忆到非易失性长期记忆的状态转换。研究价值：多功能模拟使单个器件具备信号预处理和初步信息判别能力，有望减少传统系统中的模数转换、数据缓存和远距离数据传输，提升感知系统的能效与实时性。亮点五｜赋能智能感知系统研究内容：文章总结了神经形态晶体管与压力、温度、光学、化学及生物传感器的集成方式，重点介绍其在可穿戴健康监测、机器人闭环控制和生物界面感知中的应用。器件能够在传感端完成信号压缩、特征提取、记忆和响应决策。研究价值：这种“传感—存储—计算”一体化架构为构建低功耗、实时和自适应的智能感知系统提供了技术路径，可提升可穿戴设备、智能机器人和神经接口的环境适应能力。亮点六｜聚焦器件实用化瓶颈研究内容：综述进一步指出，离子驱动神经形态器件仍面临离子动力学精准调控、器件一致性、长期可靠性、响应速度与信息保持之间的矛盾，以及阵列集成和系统级协同等问题。研究价值：明确这些关键瓶颈，有助于推动研究从单器件功能展示转向高可靠阵列、复杂环境运行和系统级应用，为离子电子学器件的工程化发展指明方向。文章核心图表结语宁波东方理工大学李润伟教授团队的这篇综述围绕离子驱动神经形态材料与晶体管，系统串联了离子—电子耦合机制、材料与界面设计、神经形态功能模拟及智能感知系统应用，全面梳理了该领域从基础原理到器件集成的发展脉络。文章特别强调，通过调控离子迁移和电荷补偿过程，器件能够将感知、记忆和计算功能有效融合。随着柔性电子、人工智能和生物电子技术不断发展，离子驱动神经形态器件有望在可穿戴健康监测、智能机器人、低功耗边缘计算和生物界面传感等领域发挥重要作用。该综述为设计高性能、低能耗和具备自适应能力的智能感知硬件提供了重要理论依据和研究方向。作者介绍李润伟宁波东方理工大学讲席教授、博士生导师李润伟，讲席教授、博士生导师。现任宁波东方理工大学材料科学与工程学院院长，国家杰出青年科学基金获得者、国家科技创新领军人才、浙江省特级专家，享受国务院政府特殊津贴。中国电子学会应用磁学分会副主任委员，中国物理学会磁学专业委员会副主任委员，浙江省材料研究学会副理事长，中国材料研究学会理事，中国电子学会空天信息分会委员，中国真空学会表面与纳米科学专业委员会委员，中国电机工程学会超导与新材料应用技术专业委员会委员，IEEE高级会员、IEEE磁学会技术委员会委员，并担任Review of Materials Research、Sensors、Spin、Smart Materials and Devices、半导体学报等期刊编委或客座编辑。主要从事柔性/弹性功能材料与器件、柔性/弹性磁电敏感材料与传感技术、智能仿生材料及功能集成器件研究。先后承担国家重点研发计划国际合作项目、国家973项目课题、国家自然科学基金杰出青年项目、国家自然科学基金重点项目及重大科研仪器研制项目等国家级科研项目。在Science、Science Robotics、PNAS、Advanced Materials等国际权威期刊发表SCI论文300余篇，被引用1.6万余次；主编专著2部、参编专著3部，申请专利300余项、授权180余项，其中10项实现转移转化。作为第一完成人，曾获浙江省自然科学一等奖、浙江省科技进步一等奖、宁波市科技创新特别奖、宁波市科技进步一等奖等荣誉。阅读原文点击链接，获取文章全文：https://www.sciencedirect.com/science/article/pii/S3050913026000860点击文末“阅读全文”，轻松跳转到完整文章页面，精彩内容不容错过！期刊影响力支持计划为进一步提升材料领域高质量研究成果的学术传播与影响力，中国材料研究学会持续推进Transactions of Materials Research (TMR)与Review of Materials Research (RMR)的学术影响力共建。我们期待与广大科研人员开展长期学术合作，鼓励关注 TMR/RMR 相关研究成果，通过成果借鉴与学术交流，共同推动材料领域优秀成果的传播与发展。对于积极支持 TMR/RMR 学术建设并作出实际贡献的科研人员，学会将结合学术贡献、参与情况及研究领域相关性进行综合评估，并提供以下支持：1.学术荣誉｜根据学术贡献，颁发相关荣誉；2.专题合作｜优先邀请参与专题策划及期刊学术工作；3.学术交流｜优先参与相关会议专题主持、学术报告等；4.成果传播｜优秀成果、学术观点及团队优先获得官方平台展示。材料研究文献导航：TMR/RMR 已发表论文按研究方向分类整理，持续更新，助力选题调研、文献检索与研究方向梳理。点击下列链接进入文献导航：https://docs.qq.com/sheet/DVnNRSUhwSFhqd0h0?tabRMR&TMR 长期征稿启事期刊领域Review of Materials Research (RMR) 接收综述类论文，重点涵盖以下类型稿件：Flash Report（快速报道）：前沿重大突破或原创进展；Concise Reviews（简明评论）：热点领域的简明综述；Comprehensive Survey（研究进展综述）：重要领域的系统性综；Strategic Commentary（战略评述）：针对重大科研战略领域的专题评述。Transactions of Materials Research (TMR)接收原创研究类论文，重点涵盖以下类型稿件：Materials Frontier（前沿材料与交叉学科）：面向材料科学的最新突破性进展与交叉研究成果；Metallic Materials（金属材料）：金属材料科学与技术领域的原创性研究、关键机制揭示或技术突破；Inorganic Materials（无机非金属材料）：陶瓷、玻璃、碳基材料、复合材料等重要基础研究与应用进展；Polymer Materials（高分子材料）：高分子材料的重要理论进展、结构调控策略与性能提升研究。投稿优待&激励政策（一）论文奖励体系免全部 APC 出版费（开放获取），线下纸刊1 万册全球赠送推广；有机会入选封面故事，获赠纸刊与学会媒体宣传；颁发“中国材料研究学会特邀论文发表证书”；10% 优秀论文评选，颁发“优秀论文证书”；设立“高水平论文（金牌）”，于学会年会开幕式隆重颁发。（二）学会激励政策在RMR & TMR发表的作者，参评学会科学技术奖、青年科技奖、博士生创新奖等享有同等条件优先的政策；RMR & TMR的发表数量与引用情况将作为：增选学会理事的重要依据、二级分会设立的参考指标；对在RMR & TMR贡献突出的学者：在院士推选、国家奖励推荐、青年人才举荐等方面享有同等条件优先的政策。（三）快速高效发表机制平均30 天上线，保证研究成果在最短时间传播到全球材料学术界。投稿特别要求原创性强、研究水平高单一第一作者 + 单一通讯作者投稿方式欢迎材料科学研究者积极咨询与投稿！RMR 投稿网址：https://submit.elsevier.com/REVMATTMR 投稿网址：https://submit.elsevier.com/TRAMAT期刊详细信息咨询，请联系马老师：微信：abcdmy182电话：***********邮箱：mayan@cmrs.org.cnRMR 官网：https://www.sciencedirect.com/journal/review-of-materials-researchTMR 官网：https://www.sciencedirect.com/journal/transactions-of-materials-research出品｜中国材料研究学会来源｜中国材料研究学会期刊中心作者｜田瑞云排版｜田瑞云审核｜马 艳",,,,pending
今日前沿 | NUS何超斌，有机塑料折射率突破2.5-红外光学，Nature Photonics,今日新材料,今日新材料,"RIOnews API, 新材料, 电池, 可持续, 学术研究, 大学, 教授",normal,2026-09-12T11:30:00+08:00,,（引子：光学工程领域，折射率决定了光线穿过材料时的弯折程度。折射率越高，越易制备高性能的轻型透镜和光学器件。红外成像技术几乎取决于折射率高的锗、硅、硫化锌等无机材料，但又重又脆、难加工、成本高，并无法弯曲集成到柔性器件。有机聚合物却轻质、柔韧、可溶液加工、低成本。但折射率始终卡在1.6以下，难以满足高性能红外光学技术的需求）高透明、高延展性、轻量化的有机聚合物Organic polymers，在光学应用中极具吸引力。但目前全有机聚合物的光学性能，仍远落后于无机材料，主要原因是折射率较低（n≈1.4–1.6）且较低的红外透过性。近日，新加坡国立大学何超斌教授、福建师范大学马康桥教授合作在Natu,http://mp.weixin.qq.com/s?__biz=MzkwMTEzMjE5OQ==&mid=2247689501&idx=3&sn=25975cfdc3b5b26761546b2edec168c1,,（引子：光学工程领域，折射率决定了光线穿过材料时的弯折程度。折射率越高，越易制备高性能的轻型透镜和光学器件。红外成像技术几乎取决于折射率高的锗、硅、硫化锌等无机材料，但又重又脆、难加工、成本高，并无法弯曲集成到柔性器件。有机聚合物却轻质、柔韧、可溶液加工、低成本。但折射率始终卡在1.6以下，难以满足高性能红外光学技术的需求）高透明、高延展性、轻量化的有机聚合物Organic polymers，在光学应用中极具吸引力。但目前全有机聚合物的光学性能，仍远落后于无机材料，主要原因是折射率较低（n≈1.4–1.6）且较低的红外透过性。近日，新加坡国立大学何超斌教授、福建师范大学马康桥教授合作在Natu,"（引子：光学工程领域，折射率决定了光线穿过材料时的弯折程度。折射率越高，越易制备高性能的轻型透镜和光学器件。红外成像技术几乎取决于折射率高的锗、硅、硫化锌等无机材料，但又重又脆、难加工、成本高，并无法弯曲集成到柔性器件。有机聚合物却轻质、柔韧、可溶液加工、低成本。但折射率始终卡在1.6以下，难以满足高性能红外光学技术的需求）高透明、高延展性、轻量化的有机聚合物Organic polymers，在光学应用中极具吸引力。但目前全有机聚合物的光学性能，仍远落后于无机材料，主要原因是折射率较低（n≈1.4–1.6）且较低的红外透过性。近日，新加坡国立大学何超斌教授、福建师范大学马康桥教授合作在Nature Photonics上发文，报道一种含独特氰基取代的高折射率全有机聚合物 K153，在 750nm 处折射率约为 2.53，高于无机硫系玻璃以及 CdS/ZnS/ZnSe（>2.25）。因为构筑单元具有对称结构，可减少红外光损耗，K153表现出了优异的红外透过性。K153 高折射率的内在机制，归因于线性氰基带来的更大极化率与增强的分子间相互作用。研究证实，K153 薄膜具备优异的环境耐受性、可实现高质量红外成像、极佳的柔韧性，并且可通过化学掺杂调控折射率、具备纳米压印加工能力。该项研究，不仅使红外透明有机聚合物的折射率达到可与无机材料竞争的水平，也证明定向氰基工程能够有效优化分子结构，大幅提升折射率，推动全有机聚合物在红外领域的应用。第一作者：Hongbin Chen, Jianrong Guo.通讯作者：Chaobin He，Kangqiao Ma通讯单位：新加坡国立大学，福建师范大学All-organic polymer with large refractive index in the near-infrared. 近红外波段，具有高折射率的全有机聚合物图1：分子结构与光学性质。图2：折射率的稳定性与可调性。图3：薄膜的红外成像实验与力学性能。图4：偏振特性与形貌表征。何超斌Chaobin He，新加坡国立大学材料科学与工程系教授。1994年英国剑桥大学材料科学系获得博士学位，随后剑桥大学卡文迪什实验室和美国南密西西比大学从事博士后研究。1999年加入新加坡科技研究局(A*STAR)材料研究与工程研究院(IMRE)，2010年起担任新加坡国立大学材料科学与工程系教授，并兼任IMRE首席科学家。研究方向：可持续材料与固态电池技术，因开发可重新编程、可3D打印的纤维素水性塑料，生物医用材料领域的纳米高分子材料增强技术，4D打印弹性体以提升医疗矫形器性能等。文献链接Chen, H., Guo, J., Ma, K. et al. All-organic polymer with large refractive index in the near-infrared. Nat. Photon. (2026). https://doi.org/10.1038/s41566-026-02000-3本文译自Nature。来源：今日新材料仅代表译者观点。若有误，请联系修改；若侵权，请联系删除！",,,,pending
固态电池还没量产，回收标准却先打起来了——97.2%锂回收率、4GWh产线、180GWh退役潮，谁在抢跑千亿赛道？,固态电池SSB,固态电池SSB,"RIOnews API, 固态电池, 硫化物电解质, 半固态, 全固态, 学术研究, 大学, 科学院, 研究所",normal,2026-09-12T11:27:00+08:00,,一个奇怪的现象正在固态电池行业发生：电芯还没大规模装车，回收标准之争已经提前开打了。2026年9月，固态电池正处于“标准落地+中试冲刺”的关键节点。《电动汽车用固态电池》三项国标年底将发布征求意见稿，中国牵头的全球首个固态电池国际标准刚刚在IEC成功立项。但少有人注意到，在量产标准之外，另一条战线已经悄然铺开——退役电池的回收利用标准，正在以更快的速度推进。中国提出的《退役电池回收放电指南》IEC国际标准提案已成功立项。与此同时，学术界和产业界在硫化物固态电解质回收领域密集取得突破，部分技术路线的锂回收率已超过97%。一个还没量产就要先想好“后事”的行业难题，正在倒逼整个产业链提前布局。01为,http://mp.weixin.qq.com/s?__biz=MzkxOTU5NjMwNg==&mid=2247500273&idx=1&sn=676f08b0eda3fcb8e20d2881f6b95637,,一个奇怪的现象正在固态电池行业发生：电芯还没大规模装车，回收标准之争已经提前开打了。2026年9月，固态电池正处于“标准落地+中试冲刺”的关键节点。《电动汽车用固态电池》三项国标年底将发布征求意见稿，中国牵头的全球首个固态电池国际标准刚刚在IEC成功立项。但少有人注意到，在量产标准之外，另一条战线已经悄然铺开——退役电池的回收利用标准，正在以更快的速度推进。中国提出的《退役电池回收放电指南》IEC国际标准提案已成功立项。与此同时，学术界和产业界在硫化物固态电解质回收领域密集取得突破，部分技术路线的锂回收率已超过97%。一个还没量产就要先想好“后事”的行业难题，正在倒逼整个产业链提前布局。01为,一个奇怪的现象正在固态电池行业发生：电芯还没大规模装车，回收标准之争已经提前开打了。2026年9月，固态电池正处于“标准落地+中试冲刺”的关键节点。《电动汽车用固态电池》三项国标年底将发布征求意见稿，中国牵头的全球首个固态电池国际标准刚刚在IEC成功立项。但少有人注意到，在量产标准之外，另一条战线已经悄然铺开——退役电池的回收利用标准，正在以更快的速度推进。中国提出的《退役电池回收放电指南》IEC国际标准提案已成功立项。与此同时，学术界和产业界在硫化物固态电解质回收领域密集取得突破，部分技术路线的锂回收率已超过97%。一个还没量产就要先想好“后事”的行业难题，正在倒逼整个产业链提前布局。01为什么固态电池的回收比液态电池更难？传统锂电池回收的核心目标是正极材料中的锂、钴、镍等金属。但固态电池的材料体系完全不同，回收难度呈现指数级上升。最直观的差异是锂含量。根据发表在《Materials Today》上的研究数据，硫化物固态电池中每安时锂含量达到42.0毫摩尔，是传统锂离子电池14.6毫摩尔的近3倍。锂含量更高意味着回收价值更大，但也意味着回收工艺必须重新设计。更大的麻烦来自硫化物固态电解质本身。硫化物电解质遇水会水解产生剧毒的硫化氢（H₂S）气体，传统锂电池的湿法冶金回收路线在这里完全行不通。北京理工大学与河北工业大学合作发表在Nature系列综述中的研究指出，不同固体电解质面临完全不同的失效约束——氧化物体系存在界面相容性问题，硫化物体系对空气和水分高度敏感，聚合物体系则易出现热不稳定和长期机械蠕变。这意味着，固态电池回收不是对现有锂电池回收技术的简单升级，而是一场从零开始的技术重构。0297.2%锂回收率意味着什么？2026年6月，一篇发表在《Materials Today》上的研究论文提出了“自驱动氧化还原耦合焙烧”策略，利用正极过渡金属与可还原硫化物电解质之间的本征固态反应，在不产生硫化氢的前提下实现高效回收。具体数据令人关注：通过pH调控水浸（pH=5.0），该工艺实现了98.0%的单步锂回收率，过渡金属溶解率低于5.0%，最终获得纯度99.6%的电池级碳酸锂。整体锂回收效率达到97.2%。另一项中国专利技术同样值得关注。通过冷却破碎、真空升华分离硫化物电解质、碳热还原回收锂金属等步骤，实现金属总回收率不低于95%、锂回收率不低于93%、硫化物电解质循环利用率不低于90%，全程无酸无污染。还有研究团队采用乙醇溶剂溶解硫化物固态电解质，通过精准控制溶剂比例和反应条件，正极材料回收效率最高达99%，石墨负极材料达97%，且能同步回收硫化物固态电解质与NMP溶剂。这些数据说明一个事实：技术上，固态电池的高效回收是可行的，但前提是采用与液态电池完全不同的工艺路线。03一笔被忽视的经济账：免税窗口期的“隐形红利”技术之外，政策正在改变固态电池回收的经济模型。2026年7月，财政部、海关总署、税务总局联合发布公告：自2026年9月1日起至2028年12月31日，对钠离子电池、固态电池、燃料电池免征消费税。与此同时，传统锂离子蓄电池从2026年9月起按2%税率征收消费税，2027年9月起升至4%。这条政策的精妙之处在于时间窗口的设计。固态电池大规模量产预计在2027至2028年，而免税窗口到2028年底截止——这意味着，在固态电池真正起量的关键阶段，政策给了一个长达两年多的“成本折扣期”。但反过来看，这个窗口期也在倒逼一个关键决策：退役固态电池的回收利用是否也能享受政策红利？目前政策尚未明确。如果回收环节不能纳入免税范围，那么当固态电池在2028年后开始批量进入退役期时，回收成本将成为产业链的隐性负担。国务院2026年1月印发的《固体废物综合治理行动计划》明确提出“深入实施生产者责任延伸制度，引导动力电池等生产企业参与回收利用”，并“加快出台新能源汽车动力电池综合利用管理办法”。2026年7月30日，工信部废止了《新能源汽车废旧动力电池综合利用行业规范条件（2024年本）》中“梯次利用”有关条款，100家梯次利用企业被移出合规名单。行业正在经历一轮剧烈的规范化洗牌。04从实验室到产线：谁在落地？技术路线清晰之后，产业化落地成为关键。清华大学年度创新大会上，晶核能源发布了“资源内循环工艺”，将退役电池资源与多源工业废料高效转化为电池级硫化物固态电解质高纯材料，实现关键元素闭环再生。该技术配套的固态电池能量密度较传统液态电池提升281%，目前已布局固态电池相关专利八十余项。苏州4GWh全固态电池产业化项目同样将回收纳入了规划视野。该项目由中国科学院物理研究所李泓研究员担任负责人，采用原位固态化技术路线，产线支持400Wh/kg半固态至600Wh/kg全固态产品的灵活生产，干法电极工艺较传统湿法产线缩短一半以上、能耗降低40%。欧盟层面的压力也在加速国内布局。根据欧盟电池法规，到2031年，新电池必须含有最低比例的回收锂（6%）、钴（16%）和镍（6%），锂回收率需达到80%。中国牵头的退役电池回收利用国际标准研制，正是为了在全球规则制定中占据主动。05180GWh退役潮即将到来回收标准之争的紧迫性，归根结底来自一个数字：退役量。据行业研究数据，2024年全球动力电池退役量达280GWh，其中固态电池退役量约22GWh。预计到2030年，全球固态电池退役量将突破180GWh，对应回收市场规模超1200亿元。国内固态电池回收占比将从目前的极低水平提升至35%左右，对应市场规模超630亿元。这些退役电池的来源并非全部来自电动汽车。储能电站、工业设备、消费电子等领域的固态电池退役量同样在快速增长。一旦固态电池在中试线和小批量装车阶段跑通，退役潮将比预期来得更快。从全生命周期的视角看，固态电池的环保优势并非无条件的。发表在《Journal of Environmental Chemical Engineering》上的综述指出，固态电池虽然减少了火灾和溶剂相关风险，但可能通过高能耗加工、关键原材料使用、湿敏化学体系以及回收难题引入新的环境负担。换句话说，如果不提前解决回收问题，固态电池的“绿色”标签可能站不住脚。06标准先行，但回收体系仍需从零搭建固态电池回收领域正在形成一种“标准先于产业”的独特格局。学术界已经证明技术可行性——97.2%的锂回收率、99.6%的碳酸锂纯度、90%以上的电解质循环利用率，这些数据足以支撑产业化信心。政策端也已经释放信号——消费税免税窗口、生产者责任延伸制度、国际标准立项，都在为回收体系铺路。产业化端，晶核能源、中科院物理所等机构已经开始将回收纳入产线规划。但距离成熟的回收体系，差距仍然明显。固态电池回收目前尚无专门的污染物控制技术规范，退役电池的运输安全、拆解标准、回收网络建设均处于空白或起步阶段。正如研究者所指出的，“不同固体电解质将需要不同的回收方法”，这意味着固态电池回收不可能走一条统一路线，而必须按电解质类型分别建立工艺体系。从2015年锂电池消费税免征，到2026年固态电池免税窗口开启，再到退役电池回收国际标准立项——中国在电池产业的政策工具箱正在从“鼓励制造”延伸到“规范回收”。固态电池的回收之战，本质上不是技术之战，而是规则之战。谁先建立起从制造到回收的完整标准闭环，谁就能在下一轮全球电池产业竞争中占据真正的主导权。#硫化物固态电池回收##固态电池国标#固态电池回收产业化一个奇怪的现象正在固态电池行业发生：电芯还没大规模装车，回收标准之争已经提前开打了。,,,,pending
"CEJ：电化学交联策略，让非共轭电致变色聚合物突破""稳定性天花板""",材料人,材料人,"RIOnews API, 新材料, 碳, 聚合物, 高比能, 凝胶, 前沿表征, 原位, 学术研究, 大学, 教授, 期刊",normal,2026-09-12T10:33:00+08:00,,"一、导读 电致变色聚合物结构可调、颜色丰富、易于加工，是智能窗、自适应显示等动态光学器件的理想候选材料。但绝大多数线性电致变色聚合物都绕不开同一个难题：在反复氧化还原过程中，链段容易溶胀、迁移甚至部分溶解（脱离导电基底，如ITO玻璃），活性位点逐渐流失，光学调制能力随循环次数增加而衰减[1, 2]。这一问题在非共轭电致变色聚合物体系中尤为突出。这类材料的主链本身含有不导电组分，电致变色功能依赖三苯胺等氧化还原活性单元""挂""在链上或链间实现（如聚芳砜/酮、聚酰亚胺、聚乙烯基三苯胺等），电荷传输主要靠活性单元之间的""跳跃""式传递，而非连续的π共轭通路。传统化学交联能提升结构稳定性，但往往需要额外的",http://mp.weixin.qq.com/s?__biz=MjM5ODcyMzk0Mg==&mid=2651242320&idx=3&sn=2f65d21d8ac4d983bd3e7b9919068f03,,"一、导读 电致变色聚合物结构可调、颜色丰富、易于加工，是智能窗、自适应显示等动态光学器件的理想候选材料。但绝大多数线性电致变色聚合物都绕不开同一个难题：在反复氧化还原过程中，链段容易溶胀、迁移甚至部分溶解（脱离导电基底，如ITO玻璃），活性位点逐渐流失，光学调制能力随循环次数增加而衰减[1, 2]。这一问题在非共轭电致变色聚合物体系中尤为突出。这类材料的主链本身含有不导电组分，电致变色功能依赖三苯胺等氧化还原活性单元""挂""在链上或链间实现（如聚芳砜/酮、聚酰亚胺、聚乙烯基三苯胺等），电荷传输主要靠活性单元之间的""跳跃""式传递，而非连续的π共轭通路。传统化学交联能提升结构稳定性，但往往需要额外的","一、导读 电致变色聚合物结构可调、颜色丰富、易于加工，是智能窗、自适应显示等动态光学器件的理想候选材料。但绝大多数线性电致变色聚合物都绕不开同一个难题：在反复氧化还原过程中，链段容易溶胀、迁移甚至部分溶解（脱离导电基底，如ITO玻璃），活性位点逐渐流失，光学调制能力随循环次数增加而衰减[1, 2]。这一问题在非共轭电致变色聚合物体系中尤为突出。这类材料的主链本身含有不导电组分，电致变色功能依赖三苯胺等氧化还原活性单元""挂""在链上或链间实现（如聚芳砜/酮、聚酰亚胺、聚乙烯基三苯胺等），电荷传输主要靠活性单元之间的""跳跃""式传递，而非连续的π共轭通路。传统化学交联能提升结构稳定性，但往往需要额外的交联剂或较苛刻的反应条件，这些交联剂通常不具备电化学活性，相当于在原本就依赖""跳跃""传输的链间又插入了一段""绝缘路障""，进一步阻碍电荷传输。在改善结构稳定性的同时，往往牺牲响应速度，甚至因离子传输受阻或不可逆氧化而影响循环寿命，使高稳定性与快响应、长寿命难以兼得。这也是非共轭体系的循环寿命长期逊于聚噻吩、PEDOT等共轭导电聚合物的关键原因之一。能不能在提升非共轭电致变色聚合物结构稳定性的同时，尽量少牺牲电化学活性和离子传输能力？近日，吉林大学化学学院陈峥教授、姜振华教授团队在《Chemical Engineering Journal》上发表研究论文，博士研究生冯科莹为论文第一作者。该研究在电致变色（EC）领域提出一种聚合物链间电化学原位交联策略，形成 “先电泳、再沉积、同步原位聚合” 的技术路径。仅通过一步电化学操作，即可在导电 ITO 基底上，将线性可溶且含三苯胺聚芳醚砜的聚合物（PES-TPA）转化为具有稳定三维网络结构的交联型聚合物 EC 薄膜。基于该 EC 薄膜构建的器件兼具高光学对比度、快速开关响应与优异循环耐久性，在494 nm 和 845 nm 处光学对比度分别达 58.1%、64.6%；经 3200 次循环后，845 nm 波长下光学对比度衰减仅 10%，为现阶段非共轭电致变色聚合物体系中已报道的最高记录。团队进一步制备出 10×10 cm² 大面积器件并验证其电致变色效果，同时借助Energy Plus软件模拟评估了该体系在建筑节能场景下的应用潜力，为相关材料的实际应用提供了技术支撑。二、从""线性链""到""三维网络""：电化学处理一步完成交联研究团队采用亲核缩聚反应制备了线性非共轭电致变色聚合物 PES-TPA，该材料具有良好的溶液加工性能。与传统的光交联、化学交联体系不同，聚合物分子链本身含有具备电化学偶联活性的三苯胺（TPA）电致变色单元。在外加电位作用下，分子链上的 TPA 单元首先被氧化生成自由基阳离子，自由基进一步迁移，诱发不同聚合物链间的 TPA 单元发生氧化偶联反应，进而在导电基底上将原本相互独立的聚合物链原位键合。图1、通过常规缩聚反应合成线性聚合物PES-TPA。也就是说，膜层沉积与网络构筑在同一个电化学过程中同步完成，直接在 ITO 电极表面形成不溶性的三维交联网络（XL-PES-TPA）。这种设计巧妙地把线性聚合物""好加工""的优点和交联网络""结构稳定""的优点结合在了一起，同时构筑了新的多变色EC结构单元（TPB），一举多得。而且交联位点就是电活性中心本身，不会像传统化学交联那样引入额外的""绝缘点""。图2、线性聚合物PES-TPA中 TPA单元之间的耦合机制以及后续的氧化过程。图3、本团队的电化学交联策略。三、交联之后，稳定性到底提升了多少？最直观的证据来自溶剂稳定性测试：把薄膜泡进良溶剂 NMP 中 24 小时，未交联的 PES-TPA 大量溶解，而 XL-PES-TPA 依然附着在基底上，几乎检测不到溶出信号。这种结构稳定性最终转化为器件层面的电致变色性能表现：XL-PES-TPA 电致变色器件在 494 nm 和 845 nm 处分别实现了 58.1% 和 64.6% 的高光学对比度，且在 845 nm 处经过 3200 次连续循环后，对比度仅衰减约 10%，即便循环达 5000 次仍能工作，性能得到显著提升。与非共轭电致变色聚合物器件相比，该器件在循环稳定性方面表现卓越，据我们所知，其性能已达到非共轭聚合物（尤其是高性能聚合物，亦称特种工程塑料基EC材料[3]）方向的创纪录水平。图4、(a)PES-TPA、PES-TPACr和XL-PES-TPA薄膜的紫外-可见-近红外吸收光谱。(b)将PES-TPA、PES-TPACr和XI-PES-TPA薄膜在良溶剂(NMP)中浸泡24小时后，对应溶液的紫外-可见-近红外吸收光谱。图5、长期循环稳定性与开关动力学分析展示了在(a)494nm和(b)845nm下评估的XL-PES-TPA器件的光学对比度与响应时间，以及在(c)478nm和(d)828nm下评估的PES-TPACr器件。通过光学密度和电荷密度的曲线拟合得到的着色效率(CE)，分别对应(e)XL-PES-TPA和(f)PES-TPACr器件。四、放到整个""非共轭电致变色聚合物""队列里看，这个结果意味着什么？真正凸显这项工作分量的，是把它放进非共轭三苯胺类电致变色聚合物的""成绩单""里做横向比较。体系（均为非共轭主链/骨架＋三苯胺型活性单元）器件循环次数光学对比度衰减聚乙烯醇缩醛-三苯胺[4]（c-PVA-TPA）1000 次~10%交联聚(4-乙烯基三苯胺)[5]（PVTPA-CL 系列）800–1000 次4.9%–16.5%三芳胺基聚酰亚胺[6]（CpO-PI）500 次30%XL-PES-TPA（本工作）3200 次仅约 10%此前基于非共轭三苯胺类电致变色聚合物EC器件的循环寿命普遍停留在 500–1000 次量级，本工作把这一数字直接拉高到 3200 次，且衰减幅度仍控制在与文献最优水平相当（约10%）。据作者所知，这一循环稳定性已达到非共轭电致变色聚合物领域的最高水平。这个结果之所以有意义，恰恰是因为它触碰到了非共轭体系现阶段发展水平的""天花板""，为""非共轭电致变色聚合物是否真正具有实际应用潜能""这个最大质疑给出了一个强有力的正面回应。五、更稳定，会不会更""慢""？结构变得致密之后，离子扩散和电荷传输会不会跟着变慢？这是交联策略必须回答的问题。答案是：从这一工作的结果来看，基本不会。在三电极体系下，XL-PES-TPA 的着色/褪色仍可在数秒内完成。动力学与 EIS 分析显示，交联后体系的电荷/离子传输阻力确实略有增加，但远未达到严重限制响应速度的程度。原因在于，这张交联网络并不是把聚合物链""冻住""，而是同时保留了稳定骨架、连续电子通路、离子扩散所需的自由体积，以及高密度的电活性位点，也就是说结构稳定性与快速响应实现了最大程度的协同。这正是非共轭体系里最难拿到的一种平衡。图6、(a-b)不同扫描速率下聚合物薄膜的循环伏安曲线。(c)聚合物薄膜第一阶段电化学氧化还原峰电流密度与(扫描速率)1/2的关系图。(d)聚合物薄膜在0.1MTBAP/CHCN溶液中的电化学阻抗谱 (EIS)(e-f)聚合物薄膜的横截面扫描电镜(SEM)图像及其对应厚度。图7、在不同施加电位下聚合物薄膜膜PES-TPB(a)、PES-TPACr(b)和XL-PES-TPA(c)的原位紫外-可见-近红外光谱。长期循环稳定性与开关动力学分析，显示XL-PES-TPA在(d)494nm和(e)848nm处的光学对比度与响应时间，PES-TPACr在(f)478nm和 (g)830nm处评估，PES-TPB在 (h)478nm和(i785 nm处评估。六、从厘米级器件到 10×10 cm² 大面积智能窗对智能窗而言，从实验室走向日常生活，材料稳定性、大面积下的电位分布均匀性、膜层完整性都是新的挑战。团队先制备了 4×4 cm² 的XL-PES-TPA凝胶电解质器件，实现了均匀、可逆的颜色变化；随后进一步放大到 10×10 cm² 的PES-TPACr大面积液态电解质器件，通过九个空间位置的透过率测试，验证了器件在大面积条件下依然具有良好的光学均匀性。图8、(a-c)4 cm *4 cm XL-PES-TPA凝胶电解质器件的颜色变化，以及(d-f)该器件在室外环境中呈现的颜色照片。(g-i)采用喷涂法制备的PES-TPACr液体电解质器件(10 cm*10 cm)的颜色变化。图9、10 * 10cm2电致变色器件的空间光学均匀性。 (a)器件上九个采样位置示意图。(b-d)分别在初始态、中间态和深色态下于九个位置测得的透射光谱。粗曲线表示空间平均光谱，而阴影区域表示九个位置之间的标准偏差。七、从""变色""到""建筑节能""：一条完整的应用链条这项工作没有止步于材料和器件性能，而是进一步把电致变色器件接入了建筑能源管理的评估体系。团队首先测得器件在不同电压下的太阳光透过光谱，随后，以长春海荣广场（一座典型玻璃幕墙商业建筑）为原型，借助 EnergyPlus 对严寒、温和、干热、湿热、高原等多种全球代表性气候城市进行了全年能耗模拟。结果显示：器件在全球多种气候区具备动态节能潜力。在寒冷地区（如长春），器件能兼顾冬季得热与夏季隔热；在高日照、高制冷需求地区（如洛杉矶），则以显著的制冷节能为主；温和气候地区（如昆明）全年表现相对稳定，整体展现出较好的气候普适性。图10、(a)XL-PES-TPA电致变色器件在280-2500nm范围内施加不同电压时的太阳辐射光谱。(b)24个代表性城市的总体分布。(c)长春海荣广场的照片，该建筑模型用于能耗模拟。(d-g)分别位于长春、北京、昆明和洛杉矶的海荣广场集成ECD后的月制冷/供暖节能量及占总能耗的相应百分比。(h)全球20个代表性城市集成ECD后的年度制冷/供暖节能量及占总能耗的相应百分比。(i)在长春所实现的年度节能以及这部分能量相当于相应节省的燃油量和减少的碳排放量。八、小结这项工作的核心突破，在于用""电化学""的方式尽可能化解了电致变色聚合物领域长期存在的一对矛盾，即结构稳定性与电荷传输效率。这对矛盾在非共轭体系中表现得格外尖锐，而电化学交联反应直接发生在电致变色活性单元（三苯胺）本身，无需额外交联剂，最大程度平衡了结构稳定性与响应速度。另外，前驱体聚合物的反应单体皆可商业化采购，聚合工艺成熟（吉林大学特塑中心是全中国聚芳醚砜技术的发源地），具有工业量化能力（可兼容现有聚芳醚砜树脂产业生产线），成本低廉（PES-TPA约 4 $/克，即28 ￥/g）。更重要的是，这项工作把非共轭电致变色聚合物器件的循环寿命纪录从千次量级推进到了3200次，同时把衰减幅度控制在与文献最优水平相当的区间，为""非共轭体系也能长寿命""提供了有力证据。作者指出，这一策略为构建低成本、长寿命、可规模化的电致变色网络材料提供了一条较为普适的路径，也为其他含有合适偶联位点的非共轭电致变色聚合物体系提供了可借鉴的分子设计思路。论文信息题目：Electrochemically Crosslinked Poly(arylene ether sulfone)-triphenylamine Electrochromic Polymer Networks for Smart Windows期刊： Chemical Engineering JournalDOI： 10.1016/j.cej.2026.181494作者： Keying Feng, Zhen Xing, Xiangfu Shi, Jiaming Tian, Hao Zhang, Zong-Quan Wu, Zheng Chen*, Zhenhua Jiang通讯作者单位： 吉林大学化学学院 特种工程塑料教育部工程研究中心 高性能聚合物合成技术国家与地方联合工程实验室[1] X. Xing, C. Wang, X. Liu, L. Qin, E. Wang, F. Zhang, Electrochim. Acta 2017, 253, 530-535.[2] Y. Cai, Y. He, S. Sun, Z. Mei, S. Wang, Y. Zhu, H. Meng, Adv. Funct. Mater. 2026, 36, e18176.[3] Y. Zhao, H. Zhang, K. Feng, X. Shi, N. Liu, Z.-Q. Wu, Z. Chen, Journal of Materials Chemistry C 2026.[4] Y.-J. Shao, C.-H. Lin, T. Satoh, C.-W. Chang, G.-S. Liou, Sustainable Materials and Technologies 2025, 46, e01703.[5] J. Zeng, H. Li, Z. Wan, L. Ai, P. Liu, W. Deng, Sol. Energy Mater. Sol. Cells 2019, 195, 89-98.[6] X. Wu, X. Zhang, D. Zhang, I. Murtaza, D. Zou, M. Zhu, Y. Zhu, Y. He, H. Meng, Sustainable Materials and Technologies 2025, 43, e01303.投稿邮箱tougao@cailiaoren.com投稿以及内容合作可加微信cailiaorenVIP",,,,pending
吉林大学物理学院-物质模拟方法与软件教育部重点实验室陶硕教授课题组招收2027年秋季入学硕士/博士,材料人,材料人,"RIOnews API, 新材料, 高比能, 硅, 前沿表征, 高通量, 学术研究, 大学, 教授, 期刊",normal,2026-09-12T10:33:00+08:00,,材料人网招聘系统免费发布材料类、化学类科研岗、技术岗方面的招聘信息，欢迎有招聘需求的课题组、企业HR前往发布。为了保证招聘信息的准确性，以学院、学校以及企业名义发布的招聘信息，账号需先经过认证。以课题组名义发布招聘信息，账号可不经过认证发布3条。所有招聘信息均不收取费用，并免费在材料人公众号上推介。01【研究方向】1、设计新型分子晶体生成式模型（扩散模型、流匹配模型...）2、开发次世代高精度分子晶体机器学习势（MLP）3、开发多尺度（DFT-NEMD-Hydrocode）分子动力学模拟软件02【课题组负责人简介】陶硕，吉林大学教授，2017年毕业于中国台湾淡江大学物理学系，并获得理学学士学位,http://mp.weixin.qq.com/s?__biz=MjM5ODcyMzk0Mg==&mid=2651242320&idx=4&sn=2cfdafa66844208a863ca987e9f68218,,材料人网招聘系统免费发布材料类、化学类科研岗、技术岗方面的招聘信息，欢迎有招聘需求的课题组、企业HR前往发布。为了保证招聘信息的准确性，以学院、学校以及企业名义发布的招聘信息，账号需先经过认证。以课题组名义发布招聘信息，账号可不经过认证发布3条。所有招聘信息均不收取费用，并免费在材料人公众号上推介。01【研究方向】1、设计新型分子晶体生成式模型（扩散模型、流匹配模型...）2、开发次世代高精度分子晶体机器学习势（MLP）3、开发多尺度（DFT-NEMD-Hydrocode）分子动力学模拟软件02【课题组负责人简介】陶硕，吉林大学教授，2017年毕业于中国台湾淡江大学物理学系，并获得理学学士学位,材料人网招聘系统免费发布材料类、化学类科研岗、技术岗方面的招聘信息，欢迎有招聘需求的课题组、企业HR前往发布。为了保证招聘信息的准确性，以学院、学校以及企业名义发布的招聘信息，账号需先经过认证。以课题组名义发布招聘信息，账号可不经过认证发布3条。所有招聘信息均不收取费用，并免费在材料人公众号上推介。01【研究方向】1、设计新型分子晶体生成式模型（扩散模型、流匹配模型...）2、开发次世代高精度分子晶体机器学习势（MLP）3、开发多尺度（DFT-NEMD-Hydrocode）分子动力学模拟软件02【课题组负责人简介】陶硕，吉林大学教授，2017年毕业于中国台湾淡江大学物理学系，并获得理学学士学位；同年赴美国纽约州立大学石溪分校学习， 2020年进入美国罗格斯新泽西州立大学纽瓦克分校攻读应用物理学博士，2025年获博士学位，后赴美国北卡罗来纳大学夏洛特分校从事博士后研究。2026年通过国家海外高层次青年人才计划引进吉林大学物理学院，依托单位为物质模拟方法与软件教育部重点实验室。陶硕长期从事常压及高压条件下材料晶体结构预测、物质性质理论模拟以及人工智能驱动的计算材料设计研究，聚焦于发展融合第一性原理、晶体结构预测与机器学习的高通量计算新方法。主要成果包括：1）提出了基于对称性偏置的势能面结构优化与结构搜索新方法，显著提升了复杂体系亚稳结构的搜索效率与成功率；2）构建了基于高斯重叠矩阵描述符的EOSnet图神经网络模型，突破了传统机器学习在材料能带性质预测上的精度瓶颈；3）成功预测了具有理想直接带隙的新型硅同素异形体（Cmcm-Si$_{32}$）与新型常压超导材料（YSi$_6$），为解决硅基光电子器件核心难题及探索新超导体提供了理论支撑；4）开发了机器学习辅助的高通量筛选工作流，实现了新材料的高效逆向设计，为构建高精度、高可信度晶体材料数据库提供了新的思路。以上研究成果，均以第一作者的身份在J. Phys. Chem. Lett.，Comput. Matter. Today，Phys. Rev. X Intelligence和Ann. Phys. (Berlin)等国际期刊发表了相关论文，并在材料结构预测、机器学习材料模拟以及人工智能驱动材料发现等方面形成了较为系统的研究基础。CV及其他详情请见个人网站：https://tack-tau.github.io/stao.github.io/ 03【岗位要求与职责】1、硕士研究生1）物理/化学/材料科学等相关专业的本科毕业生，对第一性原理计算、晶体结构预测、多尺度模拟、机器学习在材料科学中的应用有一定了解并且有浓厚兴趣的同学；2）凝聚态物理/固态物理理论基础扎实，有一定的编程基础以及代码阅读能力，对科学研究充满热情，具备良好的科研潜力和英文水平。2、博士研究生1）物理/化学/材料科学等相关专业的硕士毕业生，特别是具有第一性原理计算、晶体结构预测、多尺度模拟、机器学习在材料科学中的应用研究背景的同学；2）凝聚态物理/固态物理理论基础扎实，有扎实的编程基础以及代码阅读能力，对科学研究充满热情，具备良好的科研潜力和英文水平。04【福利待遇与发展支持】硕士/博士研究生薪酬与奖励： 提供具有竞争力的津贴，并根据研究表现与进展给予年度奖励。05【应聘方式】请将以下材料（word/PDF文档）发送至：stao@jlu.edu.cn个人详细简历（含教育背景、研究经历、论文发表、获奖情况等）邮件主题请注明： 2027秋季硕士/博士申请 + 姓名 + 当前学校/单位,,,,pending
武汉理工大学刘勇教授团队Adv. Funct. Mater.：全角度扭转角可编程的原位生长原子层级钙钛矿/MoS2异质结高性能光电探测,材料人,材料人,"RIOnews API, 钙钛矿, 前沿表征, 原位, 学术研究, 大学, 教授",normal,2026-09-12T10:33:00+08:00,,01【研究背景】原子层级卤化物钙钛矿与过渡金属硫族化合物（TMDs）构成的范德华异质结，因兼具钙钛矿的强光吸收、高激子束缚能以及TMDs的高迁移率输运特性，在超薄光电探测和低功耗光电子器件领域展现出巨大潜力。然而，异质结的性能高度依赖于层间耦合强度，而层间扭转角作为调控界面轨道重叠、电荷转移和能带重构的关键几何自由度，其定量影响规律与器件性能之间的构效关系至今仍缺乏系统认知。如何实现扭转角在宽范围内的可控构筑，并揭示其对界面耦合、载流子输运及光电响应的内在调控机制，是该领域亟待突破的核心科学问题。02【研究成果】针对上述挑战，武汉理工大学刘勇教授团队提出了一种原位生长策略，成功构筑了扭转角在0,http://mp.weixin.qq.com/s?__biz=MjM5ODcyMzk0Mg==&mid=2651242320&idx=2&sn=d3f4bc5f0ec300bd7b1a2b8cf676d182,,01【研究背景】原子层级卤化物钙钛矿与过渡金属硫族化合物（TMDs）构成的范德华异质结，因兼具钙钛矿的强光吸收、高激子束缚能以及TMDs的高迁移率输运特性，在超薄光电探测和低功耗光电子器件领域展现出巨大潜力。然而，异质结的性能高度依赖于层间耦合强度，而层间扭转角作为调控界面轨道重叠、电荷转移和能带重构的关键几何自由度，其定量影响规律与器件性能之间的构效关系至今仍缺乏系统认知。如何实现扭转角在宽范围内的可控构筑，并揭示其对界面耦合、载流子输运及光电响应的内在调控机制，是该领域亟待突破的核心科学问题。02【研究成果】针对上述挑战，武汉理工大学刘勇教授团队提出了一种原位生长策略，成功构筑了扭转角在0,"01【研究背景】原子层级卤化物钙钛矿与过渡金属硫族化合物（TMDs）构成的范德华异质结，因兼具钙钛矿的强光吸收、高激子束缚能以及TMDs的高迁移率输运特性，在超薄光电探测和低功耗光电子器件领域展现出巨大潜力。然而，异质结的性能高度依赖于层间耦合强度，而层间扭转角作为调控界面轨道重叠、电荷转移和能带重构的关键几何自由度，其定量影响规律与器件性能之间的构效关系至今仍缺乏系统认知。如何实现扭转角在宽范围内的可控构筑，并揭示其对界面耦合、载流子输运及光电响应的内在调控机制，是该领域亟待突破的核心科学问题。02【研究成果】针对上述挑战，武汉理工大学刘勇教授团队提出了一种原位生长策略，成功构筑了扭转角在0°至60°全角度范围内精确可调的原子层级(PEA)2PbBr4/MoS2范德华异质结，系统研究了扭转角对界面耦合、电子结构及器件光电性能的调控规律。研究表明，异质结的界面耦合和电荷转移呈现显著的扭转角依赖性，且在30°扭转角处达到最优，表现为拉曼声子模强度比最大、光致发光（PL）淬灭最显著以及d带中心上移最接近费米能级。基于30°异质结的光电探测器在405 nm光照下展现出34 A W−1的超高光响应度、~2.5×1012 Jones的比探测率、4.5×106的开关比以及182.5 cm2 V−1 s−1的场效应迁移率。该工作首次在钙钛矿/TMDs体系中将扭转角确立为可定量调控器件性能的连续设计参数，为高性能光探测和低功耗开关器件的优化提供了明确的理论指导。03【图文解析】图1、原位生长不同扭转角的原子层级(PEA)2PbBr4/MoS2异质结研究团队使用原位生长策略，首先通过化学气相沉积（CVD）生长单层三角形MoS2，随后采用四元溶剂法在MoS2表面原位生长二维矩形(PEA)2PbBr4薄片，成功构筑了扭转角覆盖0°至60°（以最小边−边夹角定义）的原子层级(PEA)2PbBr4/MoS2异质结。明场光学显微镜、暗场光学显微镜、扫描电子显微镜和原子力显微镜图像显示异质结交叠区域界面完整，其中MoS2厚度约0.83 nm（单层），(PEA)2PbBr4厚度约2.74 nm（双层），和理论原子层厚度相吻合。原位生长不会破坏两种材料本征晶体结构，也避免人工转移带来的界面污染，为后续系统研究扭转角依赖的界面耦合、能带演化及光电响应奠定了坚实的样品基础。图2、(PEA)2PbBr4/MoS2异质结拉曼和光致发光光谱表征拉曼和光致发光（PL）光谱表征揭示了扭转角对异质结界面耦合的显著调控作用。拉曼面扫显示30°异质结中MoS2的和模信号强度呈现一致性，且与单层MoS2相比，两种模的强度均明显抑制，表明界面电荷转移的有效发生。进一步对比不同扭转角（0°、15°、30°、45°、60°）的拉曼光谱，发现与的强度比（/）随扭转角呈非单调变化，在30°处达到最大值。该比值对垂直介电屏蔽和载流子密度敏感的电子−声子耦合高度响应，其峰值表明30°扭转角下界面电荷转移和层间耦合最强。同时，该比值表现出准周期性的角度依赖（在0°、15°、45°、60°也存在次级极大），与莫尔超晶格驱动的局域原子堆叠方式变化一致。PL光谱方面，异质结形成后MoS2的A激子发光显著淬灭，且淬灭程度同样呈现非单调扭转角依赖：从0°到30°逐渐增强，从30°到60°部分恢复，进一步证实30°处界面电荷转移和非辐射激子解离效率最高。此外，A激子发光峰位随扭转角增大先轻微红移后蓝移，表明K谷直接激子跃迁对扭转角诱导的层间耦合和局域能带变化具有适度敏感性。上述光谱结果表明，调控扭转角是有效调控界面电荷转移和激子动力学有效手段。图3、理论计算揭示扭转角调控能带与界面电子耦合的内在机制密度泛函理论（DFT）计算进一步揭示了扭转角调制界面耦合的微观机理。对不同扭转角（0°、15°、30°、45°、60°）的(PEA)2PbBr4/MoS2异质结进行态密度（DOS）分析，结果表明所有扭转角下体系均保持type−II能带排列，即价带顶主要来自(PEA)2PbBr4，导带底主要来自MoS2。然而，扭转角显著调节了界面电子耦合强度，这体现在d带中心位置的演化上：随着扭转角从0°增至30°，d带中心向费米能级方向（负值减小）上移，扭转角继续增大致60°，d带中心又向远离费米能级方向回落。该行为表明30°扭转角下时MoS2中Mo的d轨道与(PEA)2PbBr4中Pb相关轨道杂化作用最强，界面电子重构最显著。同时，计算得到的异质结带隙也呈现非单调变化：从0°到30°逐渐减小，从30°到60°逐渐增大，与d带中心演化趋势一致，且在30°处带隙最小。导带底和价带顶同步下移（0°→30°）后再同步上移（30°→60°），表明扭转角主要通过角度依赖的界面电子重构来全局调控能带结构，而非孤立地扰动单一带边。这些计算结果建立了扭转角与界面耦合、带边对齐及带隙重整化之间的清晰关联，为实验观测到的非单调光电响应提供了理论基础。图4、扭转角调控的器件光电性能基于不同扭转角异质结构筑的场效应光电探测器，其电输运和光电响应呈现显著的扭转角依赖特征。输出特性曲线显示，所有器件均表现出近对称的双极型输运行为，但漏源电流随扭转角非单调变化：从0°到30°逐渐增大，从30°到60°逐渐减小，在30°处达到最大值，直接证实了扭转角调控的界面电子耦合对电荷输运的主导作用。转移特性曲线表明，30°器件的阈值电压（Vth）最大（~0.9 V），归因于最强层间耦合导致的界面电荷重分布和势垒的增加。30°器件在暗态下获得7.3×103的开关比和87.8 cm2 V−1 s−1的迁移率，且迁移率在该系列器件中最高，但开关比相对较低，揭示了强耦合在降低界面电阻的同时也增加了关态泄漏，体现了载流子注入效率与静电开关比之间的权衡关系。在光照响应方面，30°器件在405 nm光照下（Vgs=−10 V）展现出比532 nm光照更优的性能，包括更高的迁移率（182.5 cm2 V−1 s−1）、更大的开关比（4.5×106）、更高的光响应度（34 A W−1）和比探测率（~2.5×1012 Jones）。该性能优于多数已报道的TMDs基、二维钙钛矿基及TMDs/钙钛矿异质结光电探测器，体现了(PEA)2PbBr4吸收层与MoS2输运通道之间的协同耦合优势，同时也表明激发光子能量可作为调控光电响应的有效手段。04【结论展望】本工作首次报道了原子层级(PEA)2PbBr4/MoS2异质结扭转角在0°至60°全角度范围内的原位可控制备，并系统建立了扭转角调控界面耦合、载流子输运及光电响应之间的定量构效关系。区别于传统转移堆叠方法，原位生长策略有效避免了界面污染、局域应变和随机堆叠等外在因素的干扰，确保了本征扭转角效应的准确揭示。通过空间分辨光谱与第一性原理计算，揭示了扭转角对界面轨道杂化、d带中心位置及带隙重整化的非单调调控规律，确定了30°为最优扭转角，实现了界面耦合与电荷转移的最大化。该优化角度的器件在405 nm光照下获得了34 A W−1的光响应度、~2.5×1012 Jones的比探测率、4.5×106的开关比及182.5 cm2 V−1 s−1的迁移率，展示了优异的光电性能。这项工作将“扭转角工程”从传统的二维同质/异质结拓展至钙钛矿/TMDs混合体系，确立了扭转角作为从原子尺度界面电子态到宏观器件性能的连续调控参量，为高增益、波长选择性光电探测器及低功耗范德华电子器件的理性设计提供了新范式。05【论文信息】Atomically Thin 2D Perovskite/MoS2 Heterojunctions With Programmable Twist Angle for High−Performance PhotodetectionDamin Liu, Zisheng Tang, Kefei yang Hu, Sicheng Luo, Jieheng Lv, Jun Zhang, Jianhui Li, Mai Mao, Xiaoqian Wang, Dafu Zhao, Tongle Bu, Zhaoyong Zou, Wenchao Huang, Yong Liu*Advanced Functional Materialshttps://advanced.onlinelibrary.wiley.com/doi/10.1002/adfm.78158DOI: 10.1002/adfm.202607832投稿邮箱tougao@cailiaoren.com投稿以及内容合作可加微信cailiaorenVIP",,,,pending
升华仪/逸出功能谱仪供应商：无锡凡远光电科技有限公司入驻粉享通,粉体网,粉体网,"RIOnews API, 新材料, 电池材料, 碳, 钙钛矿",normal,2026-09-12T10:00:00+08:00,,公司介绍：无锡凡远光电科技有限公司成立于2016年9月，已经开发了一系列核心技术产品，申请了多项专利，产品广受用户好评，形成了规模化的市场销售。无锡凡远光电科技有限公司致力于光电产业发展所必需的生产制造及分析测试等先进设备制造，解决光电产业，包括OLED显示、太阳能电池产业及学科领域发展过程中所面临的技术难题，并逐步向半导体材料、金属提纯以及医药材料领域拓展，坚持“为客户解决问题”为中心的服务理念，在不断提升自身技术水平的同时，愿同每一位伙伴合作创造价值。无锡凡远光电科技有限公司致力于成长为中国乃至世界领先的高科技先进设备制造企业。部分产品介绍/1.升华仪产品优势：高真空：实现主腔体极限真空温,http://mp.weixin.qq.com/s?__biz=MjM5NDI1NzI2MA==&mid=2655366995&idx=4&sn=3083f720f97f94b4c6ba95f2972bd9c6,,公司介绍：无锡凡远光电科技有限公司成立于2016年9月，已经开发了一系列核心技术产品，申请了多项专利，产品广受用户好评，形成了规模化的市场销售。无锡凡远光电科技有限公司致力于光电产业发展所必需的生产制造及分析测试等先进设备制造，解决光电产业，包括OLED显示、太阳能电池产业及学科领域发展过程中所面临的技术难题，并逐步向半导体材料、金属提纯以及医药材料领域拓展，坚持“为客户解决问题”为中心的服务理念，在不断提升自身技术水平的同时，愿同每一位伙伴合作创造价值。无锡凡远光电科技有限公司致力于成长为中国乃至世界领先的高科技先进设备制造企业。部分产品介绍/1.升华仪产品优势：高真空：实现主腔体极限真空温,公司介绍：无锡凡远光电科技有限公司成立于2016年9月，已经开发了一系列核心技术产品，申请了多项专利，产品广受用户好评，形成了规模化的市场销售。无锡凡远光电科技有限公司致力于光电产业发展所必需的生产制造及分析测试等先进设备制造，解决光电产业，包括OLED显示、太阳能电池产业及学科领域发展过程中所面临的技术难题，并逐步向半导体材料、金属提纯以及医药材料领域拓展，坚持“为客户解决问题”为中心的服务理念，在不断提升自身技术水平的同时，愿同每一位伙伴合作创造价值。无锡凡远光电科技有限公司致力于成长为中国乃至世界领先的高科技先进设备制造企业。部分产品介绍/1.升华仪产品优势：高真空：实现主腔体极限真空温控精准：超温≤3°C，稳温±1°C；粉尘阻隔：锥形档板阻隔粉尘，易于清洁，阻挡率>99.9%；全自动：工业PC机自主软件，人机友好，实现一键启动；载料舟旋转：温场均匀，提高效率，可适应特殊工艺要求及设备拓展应用；阻隔水、氧污染：特殊的阻隔水、氧渗漏污染技术措施，提高真空品质；自主知识产权：多项自主产权技术在设备中的应用；设计优良：设计规范、紧凑，对标同类产品可靠性好、能耗低、占地少。2.逸出功能谱仪产品介绍：可测样品类型：粉末、薄膜、金属材料、半导体材料、ITO、FTO、OLED有机光电材料、有机太阳能材料、钙钛矿材料、富勒烯/石墨烯衍生物、碳纳米材料、锂电池材料等。除IPS-3可测样品范围外，还包括：TCNQ衍生物材料、QD光电材料、无机太阳电池材料、金属氧化物/硫化物材料、水氧敏感型材料等。逸出功能谱仪-实测案例：3.模拟蒸镀热疲劳测试仪产品介绍：模拟蒸镀机真空度、温度环境对材料进行热疲劳测试，颠覆原安瓿瓶封管+烧管测试方法，测试材料置于特殊设计结构的容器中，材料在模拟蒸镀环境（真空度、温度）下，测试完成时>90%材料保留在容器中不跑失；极限真空度≤5.0E-05pa，温度≤600°C，独立温控；8-16个通道；全自动控制。4.真空排气台产品介绍：真空排气台是一种用于制造和维持高真空环境的专业设备，广泛应用于电真空器件、红外器件、空间行波管等领域。升华仪/逸出功能谱仪供应商：无锡凡远光电科技有限公司入驻粉享通,,,,pending
电子布疯涨162%！谁在闷声发财？,粉体网,粉体网,"RIOnews API, 高比能, 硅, 产品发布, 官宣, 上市, 量产推进, 产能, 扩产",normal,2026-09-12T10:00:00+08:00,,本月，电子布行业迎来新一轮涨价潮。全球玻纤龙头中国巨石官宣上调9月份电子布价格，厚布涨价15%、薄布上涨20%。一块由玻璃纤维纱织造而成的特种布，已然成为AI算力产业链上最为紧俏的基础材料之一。本轮涨价以中国巨石为风向标。卓创资讯数据显示，8月31日主流厂商电子布均价已经全线突破10元/米，最高达到13.25元/米。一块布的价格跃迁，背后是整个产业的深层变革。国内外厂商集体涨价，涨价节奏持续加快国内市场上，除中国巨石之外，河南光远新材等企业也在前期多轮调价中同步跟进。涨价浪潮同样蔓延至海外，中国台湾富乔工业7月初宣布普通Eglass布涨价30%、低介电布上调15%；日本日东纺等企业长期把持高端,http://mp.weixin.qq.com/s?__biz=MjM5NDI1NzI2MA==&mid=2655366995&idx=1&sn=b1f4a5bbede28a65007d6dbe9ee47388,,本月，电子布行业迎来新一轮涨价潮。全球玻纤龙头中国巨石官宣上调9月份电子布价格，厚布涨价15%、薄布上涨20%。一块由玻璃纤维纱织造而成的特种布，已然成为AI算力产业链上最为紧俏的基础材料之一。本轮涨价以中国巨石为风向标。卓创资讯数据显示，8月31日主流厂商电子布均价已经全线突破10元/米，最高达到13.25元/米。一块布的价格跃迁，背后是整个产业的深层变革。国内外厂商集体涨价，涨价节奏持续加快国内市场上，除中国巨石之外，河南光远新材等企业也在前期多轮调价中同步跟进。涨价浪潮同样蔓延至海外，中国台湾富乔工业7月初宣布普通Eglass布涨价30%、低介电布上调15%；日本日东纺等企业长期把持高端,本月，电子布行业迎来新一轮涨价潮。全球玻纤龙头中国巨石官宣上调9月份电子布价格，厚布涨价15%、薄布上涨20%。一块由玻璃纤维纱织造而成的特种布，已然成为AI算力产业链上最为紧俏的基础材料之一。本轮涨价以中国巨石为风向标。卓创资讯数据显示，8月31日主流厂商电子布均价已经全线突破10元/米，最高达到13.25元/米。一块布的价格跃迁，背后是整个产业的深层变革。国内外厂商集体涨价，涨价节奏持续加快国内市场上，除中国巨石之外，河南光远新材等企业也在前期多轮调价中同步跟进。涨价浪潮同样蔓延至海外，中国台湾富乔工业7月初宣布普通Eglass布涨价30%、低介电布上调15%；日本日东纺等企业长期把持高端电子布供应，其调价动作进一步放大全球市场的供给紧张预期。这一轮电子布涨价周期最早始于2025年9月，步入2026年后涨价节奏显著提速，“一月一调”成为行业常态。截至2026年6月初，主流规格电子布已经完成年内5轮提价，市场均价来到7.4元/米，相对2025年三季度低点涨幅翻倍。进入下半年，涨价势头进一步加剧。2026年一季度、二季度，7628电子布均价分别约为5.15元/米、6.73元/米；8月均价已经攀升至10.2元/米，较年初上涨121%，同比涨幅更是高达162%。花旗研报统计，8月迎来年内最大单月涨幅，1080、2116、7628三大主力系列产品平均售价环比上涨17%-18%，年初至今累计涨幅区间达到118%-165%。瑞银预测，2026年底7628电子布含税价格有望触及15元/米。电子布：PCB的“钢筋骨架”电子布全称为电子级玻璃纤维布，以电子级玻璃纤维纱为原材料，在喷气织机上经纬交织，再经过脱浆、开纤、表面处理，涂覆硅烷型偶联剂加工成型。生产源头需要将叶腊石、石英砂、石灰石等矿物原料按配比混合，历经高温熔化、拉丝、捻线、织布等多道复杂工序。从规格划分来看，按照厚度可分为以7628为代表的常规厚布，以及2116、1080、106等薄型、超薄高端产品；按照性能维度，又分为普通Eglass布、低介电（LowDk）布、低热膨胀T布、石英纤维布（Q布）等品类。不同产品技术壁垒差距巨大：普通E布门槛偏低；低介电、超薄布适配AI服务器、高速通信设备；石英布属于顶级特种基材，面向超算、高速光模块、先进封装场景，技术壁垒最高。完整产业链路径清晰：矿物原料制成电子纱，织造加工成为电子布；电子布浸渍树脂压合产出覆铜板（CCL），覆铜板再加工为PCB电路板，最终应用于AI服务器、通信基站、半导体封装、汽车电子、消费电子等终端。电子布绝非简单填充材料，是印制电路板的“钢筋骨架”，承担结构保护与电气性能优化双重作用，它的厚度均匀度、介电常数、介电损耗直接决定高频信号传输质量，左右PCB成品可靠性。电子布成本约占覆铜板总成本30%，是电路板成本链条里的核心变量。涨价背后：AI重构需求，供给端瓶颈难解AI算力硬件爆发，彻底打开高端电子布需求空间。AI服务器PCB层数远高于传统服务器，招商证券测算，传统服务器PCB大多为1014层，AI服务器提升至2278层，单机高端电子布用量提升38倍。频率越高的信号传输场景，对基材介电性能要求越严苛，普通E-glass布Dk在4.84.9区间，低介电布、石英布可以下降至2.22.3，成为AI硬件不可替代的材料。但本轮涨价的持续性，更多来自供给端难以短期化解的硬约束。第一，高端织布机高度依赖进口。广发证券测算，中性情景下2026年国内电子布织布机供需缺口608台，2027年缺口扩大至1050台，高端设备交付周期普遍长达1224个月，设备产能很难快速释放。第二，玻纤行业窑炉需要周期性冷修，会抵消一部分新增产能，行业景气阶段这一矛盾会更加突出。第三，厂商主动调整产品结构。在AI高毛利需求的吸引下，不少企业压缩普通电子纱、普通电子布产能，人力、设备资源向低介电、低热膨胀等高端品类倾斜，间接收紧传统电子布供给。第四，行业库存处于历史低位。往年电子布行业库存维持在11.5个月水平，2026年行业库存仅7天左右消耗量，极低库存环境下，小幅需求波动就会放大价格弹性。供需缺口短期难以缓解，国产替代迎来窗口期多家机构测算显示，2026-2027年电子布供需紧张格局很难实质性改善。广发证券测算，2026年普通电子布悲观/中性/乐观情景需求37.07/37.81/38.55亿米，供需缺口0.39/1.13/1.87亿米；瑞银预计2026-2028年整体供需缺口依次为13%、10%、6%。高端产品缺口更显著：低介电电子布2026年需求1.4亿米，2027年近2.4亿米；低热膨胀T布2026年需求1800万米，2027年超3360万米。受织布机长交期限制，高端产能难以快速投产，大量新增产能集中在2027-2028年释放。如中国巨石5.7亿米新增产能预计2027年四季度至2028年一季度投产，满产后产能提升42%，大规模产能落地前供给紧张仍将持续。涨价已沿产业链向下传导，建滔积层板8月28日推出年内第七次调价，全厚度FR4覆铜板涨价10%。成本上行将传导至PCB及终端硬件，压制价格敏感类应用；但AI服务器、高速交换机算力投资景气度较高，支撑电子布核心需求。国内厂商竞速高端赛道，国产替代加速此前全球高端电子布市场长期由日东纺、旭化成等海外企业把持，国内企业大多深耕普通E布赛道。近两年国内头部企业打通电子纱-织造-后处理全链条，二代低介电布、超低损耗布、石英布逐步进入下游头部客户供应链，国产市场份额持续提升。不过顶级石英布、超低损耗产品大规模商业化，仍需要漫长下游认证周期，行业竞争已经不再比拼简单产能规模，而是技术研发、客户认证、全产业链一体化综合实力。结合2026上半年上市公司经营情况，国内核心企业发展现状如下：中国巨石2026年上半年实现营业总收入111.59亿元，同比+22.50%；归母净利润29.33亿元，同比+73.87%。上半年电子布销量5.44亿米；现有电子布产能约13.5亿米，规划新建年产2.5亿米电子布项目，在建产能落地后总产能突破16亿米。二代低介电布进入头部覆铜板供应链，普通E布业务提供稳定现金流。宏和科技2026上半年营收10.48亿元，同比+90.39%；归母净利润3.79亿元，同比+334.32%。电子布产量9051.40万米，销量8668.89万米，产品平均售价11.91元/米，同比大涨147.61%；T布全球市占率位居第二。公司规划80亿黄石高性能电子材料产业园，扩充低介电、T布高端产能。菲利华2026上半年营收13.08亿元，同比+44.06%；归母净利润2.95亿元，同比+32.95%。石英电子布营收1.53亿元；超薄石英布适配M9超低损耗覆铜板，目前处于头部客户认证、小批量试样阶段，业绩放量取决于认证进度。半导体石英耗材为传统主业，电子布打造第二增长曲线。中材科技2026上半年营收162.57亿元，同比+21.95%；归母净利润12.08亿元，同比+20.93%。旗下泰山玻纤是国内高端电子布核心供应商，一代低介电布已经量产供货，二代低介电、超低损耗布、T布持续研发验证，石英纤维布完成下游验证。公司定增布局5900万米高端特种电子布产能（3500万米低介电布+2400万米超低损耗布），瞄准AI算力、军工、半导体封装市场。企业主动缩减低端普通布扩产，聚焦高附加值特种材料。国际复材2026上半年营收49.64亿元，归母净利润6.40亿元，同比分别增长19.52%、176.56%；玻纤及制品业务毛利率27.38%，同比提升10.40个百分点。在建3600万米高频高速电子布项目，承接台资覆铜板外溢订单，供货深南电路、胜宏科技等头部PCB厂商，产品匹配AI服务器基材需求。依托自有玻纤原丝配套优势追赶高端赛道，产能落地将增厚深加工板块利润。聚杰微纤2026上半年营收3.17亿元，同比+3.77%；归母净利润3051.06万元，同比-26.03%。公司原有主业为纺织面料，募投11亿元布局高端电子布项目，当前仍处于建设周期，2026上半年尚未贡献大规模电子布营收，属于前瞻布局标的。结语电子布行业彻底走出传统周期起落逻辑，AI算力、高速通信、先进封装共同打开长期成长天花板。行业机遇分化为两大主线：一是低介电、超薄电子布，需求快速释放，国内龙头已经实现量产导入供应链；二是以石英布为代表的顶级特种基材，属于关键卡脖子环节，国产化空间最大，但客户认证周期漫长，业绩兑现存在不确定性。参考来源：各企业半年报、官网；招商证券；财联社；广发证券；瑞银；上海证券报；每日经济新闻；中国粉体网电子布\x26quot;一月一涨\x26quot;，谁在闷声数钱?,,,,pending
5N级纯度有多难？碳化硅粉体提纯全攻略来了！,粉体网,粉体网,"RIOnews API, 新材料, 碳, 高比能, 硅",normal,2026-09-12T10:00:00+08:00,,碳化硅粉体作为合成原料会直接影响碳化硅单晶的生长质量和电学性质，近年来，制备高纯的碳化硅粉体逐渐成为碳化硅单晶生长领域的研究热点。PVT法生长SiC单晶对SiC粉料的纯度要求较高，通常需达到5N级（纯度≥99.999%）。然而，在SiC粉料制备过程中，由于碳粉、硅粉及石墨坩埚的加工过程，原料反应不完全以及粉料的后期处理工艺等诸多环节，容易引入多种杂质，如C、Si、SiO2、Fe、Al、N和B等金属或非金属杂质。这些杂质的存在不仅会影响SiC粉料的物理和化学性质，还会影响后续生长的SiC单晶的晶体质量及电学性质。因此，为保证所合成SiC粉料的纯度，需要对其进行提纯处理。01碳化硅粉末中碳的去除氧,http://mp.weixin.qq.com/s?__biz=MjM5NDI1NzI2MA==&mid=2655366995&idx=2&sn=ab6e9c0341282dfcb6420c6a4e6b5871,,碳化硅粉体作为合成原料会直接影响碳化硅单晶的生长质量和电学性质，近年来，制备高纯的碳化硅粉体逐渐成为碳化硅单晶生长领域的研究热点。PVT法生长SiC单晶对SiC粉料的纯度要求较高，通常需达到5N级（纯度≥99.999%）。然而，在SiC粉料制备过程中，由于碳粉、硅粉及石墨坩埚的加工过程，原料反应不完全以及粉料的后期处理工艺等诸多环节，容易引入多种杂质，如C、Si、SiO2、Fe、Al、N和B等金属或非金属杂质。这些杂质的存在不仅会影响SiC粉料的物理和化学性质，还会影响后续生长的SiC单晶的晶体质量及电学性质。因此，为保证所合成SiC粉料的纯度，需要对其进行提纯处理。01碳化硅粉末中碳的去除氧,碳化硅粉体作为合成原料会直接影响碳化硅单晶的生长质量和电学性质，近年来，制备高纯的碳化硅粉体逐渐成为碳化硅单晶生长领域的研究热点。PVT法生长SiC单晶对SiC粉料的纯度要求较高，通常需达到5N级（纯度≥99.999%）。然而，在SiC粉料制备过程中，由于碳粉、硅粉及石墨坩埚的加工过程，原料反应不完全以及粉料的后期处理工艺等诸多环节，容易引入多种杂质，如C、Si、SiO2、Fe、Al、N和B等金属或非金属杂质。这些杂质的存在不仅会影响SiC粉料的物理和化学性质，还会影响后续生长的SiC单晶的晶体质量及电学性质。因此，为保证所合成SiC粉料的纯度，需要对其进行提纯处理。01碳化硅粉末中碳的去除氧化法氧化法是将合成的SiC粉料加热到700～900℃进行高温煅烧，利用碳和空气中的氧气发生反应生成CO和CO2，使SiC粉料中的游离C以气体形式从SiC粉料中分离出来，从而达到除碳目的。对于粒度比较小的微米级碳化硅粉末，由于粉末比表面积比较高，在高温除碳时碳化硅更容易氧化，导致引入二氧化硅新杂质。解决这个问题，不能单纯地依靠延长氧化时间，或提高氧化温度来达到彻底除碳的目的。氧化法除碳是相对简单、经济、无污染的高效除碳法，广泛用于SiC粉料中游离碳的去除，但要控制除碳温度和时间，避免温度过高出现氧化严重等问题。浮选法浮选法是利用不同物质表面具有被液相介质润湿程度不同的特性，根据颗粒间接触角的不同对矿物进行分离浮选。粉末中杂质碳粉与SiC粉存在不同的粘连形式，其中一种是依靠表面力发生物理粘附在SiC颗粒上，这种粘连方式使碳粉与SiC粉间相互作用力较弱，同时由于SiC粉末是亲水性的，而碳是疏水性的。因此，通过SiC与碳之间不同的亲水性，可以进行浮选除碳的操作。浮选除碳的工作周期较长，所使用的浮选剂大都是化学试剂，对环境带来一定的不利影响，分散介质由于毒性较大也会对操作人员带来一些潜在危害，且由于碳化硅粉末粒度较小，在游离碳中会裹挟碳化硅粉末，导致原料的损失。气流分选法气流分选的基本原理是通过物料与杂质间悬移速率的差异，即固体颗粒在气流作用下，密度大的沉降速度大，运动距离比较近；密度小的沉降速度小，运动距离比较远的原理。气流分选法能进行大批量的碳化硅粉末除杂，同时设备操作简单，成本相对其他方法也较低，且无环境问题。但是除碳的效率并不高，要想得到高纯度的碳化硅粉，还得经过进一步的加工。总而言之，SiC粉料的除碳不宜仅依赖单一方法。可采用多种工艺联合处理：首先对粉料进行破碎，使包裹碳充分暴露；随后使用去离子水进行简易浮选初步去除游离碳；干燥后再进行加热氧化处理，有效清除残留碳杂质。多种方法协同作用，有助于显著提升杂质去除效率，提高SiC粉料纯度。02碳化硅粉末中其他杂质的去除碳粉、硅粉和石墨坩埚的加工以及SiC粉料破碎处理不可避免地会引入一些金属杂质，如Al、Fe和Mn等，这些杂质在SiC粉料中以氧化物或金属离子的形式存在，对SiC的电学性能有较大影响，特别是用于SiC晶体生长的粉料，其杂质直接影响晶体的生长质量，因此，金属杂质的去除尤为重要。磁选法磁选法是利用金属的磁性，对粉料施加磁力使金属杂质发生移动而脱离出SiC粉料的方法，主要为了除去含铁杂质及具有磁性的矿物质。电磁除铁效率与自动化程度高，符合工业生产的需求，但对于含铁量较低或磁性较弱的杂质，电磁除杂效果并不理想。高温法高温法主要是利用SiC高温难挥发的特性，通过高温煅烧，使SiC粉料中低熔点的金属或非金属杂质以气化形式排出，从而实现对SiC粉料的提纯。高温法是目前研究合成高纯SiC粉末的一种常见除杂方法，但在除杂过程中需要注意控制除杂温度，尽量避免SiC粉的损失。酸洗法酸洗法是利用酸性溶剂与SiC粉料中的金属和氧化物杂质反应生成可溶性盐，随后用水洗涤干燥，达到除杂效果。如SiC粉料中的铁单质、铁的氧化物、SiO2等，可以采用盐酸、硫酸、氢氧化钠或氢氟酸等与其反应去除。酸洗法对金属杂质去除效率较高，但酸洗后需对SiC粉末用水进行冲洗至中性，这个步骤需消耗大量的水，且除杂过程中产生的各种酸会造成环境问题。氯化焙烧法氯化焙烧法除杂是通入特定的气体与碳化硅粉中的杂质反应生成熔沸点更低的氯化物等其他杂质，然后在高温低压的条件下使这些杂质挥发，达到提纯效果。氯化焙烧法具有能耗低、除杂效率高等优点，可以对已经提纯的较高纯粉末进行深度除杂处理。但是由于氯化物的存在对提纯设备损害较大，工艺还不够稳定，且对环境的污染比较严重，因此该方法目前还很难大规模应用。参考来源：胡智臣.第三代半导体SiC单晶生长用高纯SiC粉制备研究罗胜益.高纯SiC粉料的制备工艺及热场仿真研究想长好SiC单晶？先过粉体纯度这一关。,,,,pending
唐本忠等人AFM：结构稳定的氢键桥接网络用于缺陷钝化的铯铅碘钙钛矿量子点光伏,知光谷,知光谷,"RIOnews API, 钙钛矿, 学术研究, 大学, 科学院, 研究所",normal,2026-09-12T09:39:58+08:00,,钙钛矿量子点（QDs）和聚集诱导发光材料（AIEGens）都是被广泛研究的发光材料，但两者都存在光稳定性差和非辐射复合损失的问题。本研究香港科技大学Huilin Xie、Jacky W. Y. Lam、香港中文大学张建全、唐本忠、中国科学院大连化学物理研究所吴凯丰等人报道了一种将CsPbBr3量子点与AIEgen分子（TBBA）结合的杂化发光体系，以克服这些固有缺陷。所得CsPbBr3-TBBA杂化物表现出优异的光稳定性和接近1的光致发光量子产率（PLQY）。CsPbBr3量子点的强吸收使其能够作为光学天线，在43.1 ps内将其激子高效转移至AIEGens，产率接近100%。这种从CsPbB,http://mp.weixin.qq.com/s?__biz=MzI2MjQ5NDkyOA==&mid=2247569802&idx=2&sn=e909c52f030e43e05270ab61fcc1e0e7,,钙钛矿量子点（QDs）和聚集诱导发光材料（AIEGens）都是被广泛研究的发光材料，但两者都存在光稳定性差和非辐射复合损失的问题。本研究香港科技大学Huilin Xie、Jacky W. Y. Lam、香港中文大学张建全、唐本忠、中国科学院大连化学物理研究所吴凯丰等人报道了一种将CsPbBr3量子点与AIEgen分子（TBBA）结合的杂化发光体系，以克服这些固有缺陷。所得CsPbBr3-TBBA杂化物表现出优异的光稳定性和接近1的光致发光量子产率（PLQY）。CsPbBr3量子点的强吸收使其能够作为光学天线，在43.1 ps内将其激子高效转移至AIEGens，产率接近100%。这种从CsPbB,"钙钛矿量子点（QDs）和聚集诱导发光材料（AIEGens）都是被广泛研究的发光材料，但两者都存在光稳定性差和非辐射复合损失的问题。本研究香港科技大学Huilin Xie、Jacky W. Y. Lam、香港中文大学张建全、唐本忠、中国科学院大连化学物理研究所吴凯丰等人报道了一种将CsPbBr3量子点与AIEgen分子（TBBA）结合的杂化发光体系，以克服这些固有缺陷。所得CsPbBr3-TBBA杂化物表现出优异的光稳定性和接近1的光致发光量子产率（PLQY）。CsPbBr3量子点的强吸收使其能够作为光学天线，在43.1 ps内将其激子高效转移至AIEGens，产率接近100%。这种从CsPbBr3量子点快速提取激发能并避免AIEGens吸收紫外光子的机制，有效解决了两种材料各自的光稳定性问题，实现了卓越的光稳定性（户外太阳光照下有效半衰期1800天）。此外，接枝在量子点表面的AIEGens的分子内运动受到强烈限制，导致接近1的光致发光效率，并最小化重吸收损失，从而用于展示高效大面积发光太阳能聚光器器件。该工作提出了一种通过无机与有机组分界面耦合来构建兼具高光稳定性和接近1发射效率的杂化发光材料的通用策略。研究亮点：超快能量转移与近1发光效率：CsPbBr3量子点作为光学天线，在43.1 ps内将激子高效转移至TBBA单线态，能量转移效率达99%，速率2.32×10^10 s-1，远快于传统Dexter和Förster过程；TBBA接枝在量子点表面后分子内运动受限，非辐射速率降至0.02×10^8 s-1，PLQY接近100%。光稳定性大幅提升，半衰期达1800天：CsPbBr3-TBBA杂化薄膜在氙灯（1.08 W/cm2，约36倍太阳光强）照射100小时后无明显衰减，有效户外寿命达1800天，远超C343（大面积发光太阳能聚光器验证：基于该杂化材料制备的LSC在27、100、400 cm2面积下内光学效率分别达72.7%、70.5%、68.8%，外光学效率5.8%、5.6%、5.5%；外推至1000 cm2仍保持约68%和5.4%，展示了优异的可扩展性，为建筑集成光伏提供了新方案。S. He, M. Liu, L. Wang, et al. “ Perovskite Quantum Dot/AIEgen Hybrids With Exceptional Photostability and Near-Unity Luminance Efficiency.” Advanced Functional Materials (2026): e78332. https://doi.org/10.1002/adfm.78332学术交流QQ群知光谷光伏器件学术QQ群：641345719钙钛矿产教融合交流@知光谷（微信群）：需添加编辑微信为加强科研合作，我们为海内外科研人员专门开通了钙钛矿科创合作专业科研交流微信群。加微信群方式：添加编辑微信pvalley2024，备注：姓名-单位-研究方向（无备注请恕不通过），由编辑审核后邀请入群。",,,,pending
招聘专栏：香港理工大学于涵团队招聘博士研究生&博士后研究员,知光谷,知光谷,"RIOnews API, 钙钛矿, 学术研究, 大学, 教授, 期刊",normal,2026-09-12T09:39:58+08:00,,"01【平台介绍】香港理工大学简介香港理工大学（The Hong Kong Polytechnic University, PolyU）位于中国香港特别行政区，是一所具有悠久历史和国际影响力的世界一流研究型大学。在最新公布的 QS 2027世界大学排名中，香港理工大学位列全球第50位，创学校历史新高。学校在多个领域具有突出的科研实力，并拥有完善的科研平台和国际化的学术环境。依托香港独特的国际化科研环境，学生在读期间可接触丰富的国际合作、学术交流及科研资源，为未来继续从事学术研究或进入产业界发展提供良好的平台。香港学习及科研经历亦可根据具体项目政策，用于申请部分对海外学习或工作经历有要求的人才计划",http://mp.weixin.qq.com/s?__biz=MzI2MjQ5NDkyOA==&mid=2247569802&idx=3&sn=b6734e08d04cc39b78d3b0e2e7e469d1,,"01【平台介绍】香港理工大学简介香港理工大学（The Hong Kong Polytechnic University, PolyU）位于中国香港特别行政区，是一所具有悠久历史和国际影响力的世界一流研究型大学。在最新公布的 QS 2027世界大学排名中，香港理工大学位列全球第50位，创学校历史新高。学校在多个领域具有突出的科研实力，并拥有完善的科研平台和国际化的学术环境。依托香港独特的国际化科研环境，学生在读期间可接触丰富的国际合作、学术交流及科研资源，为未来继续从事学术研究或进入产业界发展提供良好的平台。香港学习及科研经历亦可根据具体项目政策，用于申请部分对海外学习或工作经历有要求的人才计划","01【平台介绍】香港理工大学简介香港理工大学（The Hong Kong Polytechnic University, PolyU）位于中国香港特别行政区，是一所具有悠久历史和国际影响力的世界一流研究型大学。在最新公布的 QS 2027世界大学排名中，香港理工大学位列全球第50位，创学校历史新高。学校在多个领域具有突出的科研实力，并拥有完善的科研平台和国际化的学术环境。依托香港独特的国际化科研环境，学生在读期间可接触丰富的国际合作、学术交流及科研资源，为未来继续从事学术研究或进入产业界发展提供良好的平台。香港学习及科研经历亦可根据具体项目政策，用于申请部分对海外学习或工作经历有要求的人才计划。02【导师简介】于涵博士于2017年本科毕业于北京大学化学与分子工程学院，师从赵达慧教授、马玉国教授；随后赴香港科技大学化学系攻读博士学位，并于2021年获得博士学位，师从颜河教授。博士毕业后获得香港特别行政区创新科技署创新科技基金博士后资助，于2021—2024年在香港科技大学继续开展博士后研究，合作导师为颜河教授和罗正汤教授；2024—2025年担任香港科技大学化学系科研助理教授。2025年2月加入香港理工大学化学系担任助理教授、独立PI。于涵博士长期从事新型光伏材料的设计、合成及构效关系研究，在全聚合物太阳能电池效率与稳定性提升方面取得了一系列创新性研究成果，并多次推动全聚合物太阳能电池光电转换效率纪录的提升。目前已发表SCI学术论文85余篇，其中 Chemie、Advanced Energy Materials、Advanced Functional Materials等国际期刊发表论文39篇，论文总引用超过6000次，H-index 40。课题组目前主要围绕有机光伏、钙钛矿光伏及相关光电材料开展研究，包括新型共轭有机分子与聚合物的设计合成、光伏活性材料与界面材料开发、理论计算与分子模拟、材料构效关系研究以及器件性能与稳定性优化等，致力于结合实验与计算手段深入理解材料结构、界面性质及器件性能之间的内在联系，发展兼具高效率、高稳定性和可规模化加工能力的新型光伏材料与器件，并进一步拓展其在柔性光伏及其他光电转换领域中的应用。目前主持香港科研资助局优配研究金（GRF）项目一项，国家自然科学基金青年基金（C类）资助一项，华南理工大学发光材料与器件全国重点实验室开放课题等项目支持。导师谷歌学术链接：https://scholar.google.com/citations?hl=en&user=63QICJcAAAAJ03【合作导师及联合培养】诚邀热爱科研且具有创新能力的优秀学生及博士后研究员加入我们团队。课题组与香港理工大学黄维扬教授、王连洲教授、李刚教授，以及香港城市大学朱宗龙教授等课题组密切合作，也可与内地985高校课题组共同指导或推荐博士生联合培养。合作导师简介黄维扬：https://www.polyu.edu.hk/academicians/our-academicians/wong-raymond/?sc_lang=sc王连洲：https://www.polyu.edu.hk/abct/people/academic-staff/prof-wang-lianzhou/李刚：https://www.polyu.edu.hk/riiwear/people/ri-iwear-people/prof-gang-li/?sc_lang=tc朱宗龙：https://www.cityu.edu.hk/chem/people/academic-staff/ZZHU与内地高校联合培养项目简介https://www.polyu.edu.hk/gs/prospective-students/collaborative-phd-programmes/dual-phd-degree-programmes/04【课题组研究方向】1. 面向有机光伏、钙钛矿光伏、发光器件及光电探测器等领域，开展关键有机功能材料的分子设计、合成开发。2. 基于上述功能材料开展光电器件制备、材料与界面表征、性能优化及工作机理研究，并结合量子化学计算、分子动力学模拟等理论手段，深入理解材料结构、界面行为与器件性能之间的关系；进一步探索其在物联网、柔性电子及健康照明等领域的实际应用。3. 拓展有机功能材料在能源催化、生物医学成像及光学治疗等交叉领域中的新型应用，探索材料在光催化、光热治疗、光动力治疗等方向的功能与应用潜力。05【招聘岗位】1）博士研究生:1. 诚实守信，对科研有热情，工作踏实勤奋，做事严谨，善于团队合作。2. 欢迎具有硕士科研经历的同学，也欢迎优秀的本科生。化学，材料科学，物理等相关专业背景优先考虑。3. 在有机太阳能电池、钙钛矿太阳能电池、有机共轭功能材料合成以及相关器件等领域有研究经历并有相关论文者优先考虑。4. 英语成绩要求。ielts>=6.5，单科不低于5.5；或Tofel>80。*注意，语言成绩是研究生入学的硬性要求。5. 香港理工大学研究生院的其他具体要求请浏览:http://www51.polyu.edu.hk/eprospectus/rpg/20223/me奖学金香港理工大学博士研究生的奖学金约为每月19220 (after confirmation)港币。(除掉学费和平时生活费，仍有可观的盈余)。条件优异者可申请港府博士奖学金（HKPFS）和校长奖学金(PPPFS)，奖学金约为每月28700和28400港币，并享受学费免除、会议差旅费补贴等福利。具体福利及申请条件请浏览：具体福利及待遇查询：https://www.polyu.edu.hk/gs/prospective-students/fellowship-scholarship-schemes/#opennewwindow。备注：请注意各类奖学金的报名时间，香港政府博士奖学金通常从9月1日开始申请，12月18日前确定申请导师，提交截止日期为12月1日（香港时间中午12:00）。2）博士后研究员:1. 申请者需即将获得博士学位或已获得博士学位不超过3年，具备独立开展科研项目的能力，良好的沟通与协作能力，以及协助PI指导学生和管理实验室的能力；2.曾以第一作者身份在国际权威期刊上发表过三篇以上较高水平科研论文（QR 1）；3.可推荐申请香港政府博士后奖学金或香港赛马会博士后奖学金（五篇QR 1）；4.可随时入职，目前提供博士后工资28000-45000港币/月，可根据申请人的背景，感兴趣的方向，与导师达成合作意向后与导师面议。06【应聘材料】1.个人简历（需简单介绍研究经历及研究兴趣）2.代表作（如有）及其他可证明个人科研和学习能力的材料申请者请将以上材料通过电子邮件发送至yuhan.yu@polyu.edu.hk，邮件标题请注明“PhD/Postdoc. application-your name”。通过初步审核的申请者，导师将尽快安排后续面试。学术交流QQ群知光谷光伏器件学术QQ群：641345719钙钛矿产教融合交流@知光谷（微信群）：需添加编辑微信为加强科研合作，我们为海内外科研人员专门开通了钙钛矿科创合作专业科研交流微信群。加微信群方式：添加编辑微信pvalley2024，备注：姓名-单位-研究方向（无备注请恕不通过），由编辑审核后邀请入群。",,,,pending
每日更新：钙钛矿电池、钙钛矿LED纪录效率表(知光谷),知光谷,知光谷,"RIOnews API, 钙钛矿, 柔性钙钛矿, 学术研究, 大学, 教授, 科学院, 研究所",normal,2026-09-12T09:39:58+08:00,,前言：细分八个板块，囊括红绿蓝发光二极管、非铅钙钛矿、全无机钙钛矿、单结小面积、单结大面积（组件）；倒置、信你们感兴趣的话题，我们会不定期选择进行原创专栏撰光蓝光白光EQE42.9%32.5%26.4%31.1%团队吉林大学纪文宇、复旦大学杨迎国、北京交通大学唐爱伟、东南大学卢海洲、吉林大学谢文法中科院半导体所张兴旺&游经碧浙江大学狄大卫、叶志镇和戴兴良团队澳门科技大学李述汤、苏州大学谢跃民和冯敏强数据源https://doi.org/10.1038/s41586-026-10134-1https://advanced.onlinelibrary.wiley.com/doi/10.1002/a,http://mp.weixin.qq.com/s?__biz=MzI2MjQ5NDkyOA==&mid=2247569802&idx=4&sn=d0b3d286e834446998500b78d443bbe9,,前言：细分八个板块，囊括红绿蓝发光二极管、非铅钙钛矿、全无机钙钛矿、单结小面积、单结大面积（组件）；倒置、信你们感兴趣的话题，我们会不定期选择进行原创专栏撰光蓝光白光EQE42.9%32.5%26.4%31.1%团队吉林大学纪文宇、复旦大学杨迎国、北京交通大学唐爱伟、东南大学卢海洲、吉林大学谢文法中科院半导体所张兴旺&游经碧浙江大学狄大卫、叶志镇和戴兴良团队澳门科技大学李述汤、苏州大学谢跃民和冯敏强数据源https://doi.org/10.1038/s41586-026-10134-1https://advanced.onlinelibrary.wiley.com/doi/10.1002/a,前言：细分八个板块，囊括红绿蓝发光二极管、非铅钙钛矿、全无机钙钛矿、单结小面积、单结大面积（组件）；倒置、信你们感兴趣的话题，我们会不定期选择进行原创专栏撰光蓝光白光EQE42.9%32.5%26.4%31.1%团队吉林大学纪文宇、复旦大学杨迎国、北京交通大学唐爱伟、东南大学卢海洲、吉林大学谢文法中科院半导体所张兴旺&游经碧浙江大学狄大卫、叶志镇和戴兴良团队澳门科技大学李述汤、苏州大学谢跃民和冯敏强数据源https://doi.org/10.1038/s41586-026-10134-1https://advanced.onlinelibrary.wiley.com/doi/10.1002/adma.202503699https://www.science.org/doi/10.1126/sciadv.ado5645https://pubs.acs.org/doi/10.1021/acsnano.4c18116时间2026年2月11日2025年5月23日2024年7月17日2025年3月26日类锡基近红外锡基红光叠层绿光纯红色EQE11.6%20.29%41.1%23.5%团队南京工业大学王建浦&黄维&常进团队吉林大学王宁，上海大学杨绪勇及洛桑联邦理工学院Michael Grätzel&Lu Haizhou团队苏州大学谢跃民&冯敏强&李述汤中国科学院半导体研究所张兴旺研究员、游经碧研究员团队数据源https://www.nature.com/articles/s41565-023-01588-9https://www.nature.com/articles/s41586-023-06514-6https://doi.org/10.1039/D3TC03466Fhttps://www.science.org/doi/10.1126/science.adj8858时间2024年1月12日2023年8月9日2024年1月24日2024年5月3日类别FA基近红外EQE32%团队南京工业大学黄维院士、王建浦教授、朱琳副教授数据源https://www.nature.com/articles/s41586-024-07460-7时间2024年5月29日PSCs世界纪录（叠层）类别钙钛矿/硅钙钛矿/钙钛矿钙钛矿/钙钛矿钙钛矿/OPVPCE34.6%（1）28.2%（1.038）30.1%（0.0489）25.56单位隆基绿能南京大学、仁烁光电南京大学、仁烁光电香港城市大学曾晓成&朱宗龙&中国科学技术大学杨上峰数据源https://www.nrel.gov/pv/interactive-cell-efficiency.htmlhttps://onlinelibrary.wiley.com/doi/10.1002/pip.3726https://onlinelibrary.wiley.com/doi/10.1002/pip.3726https://onlinelibrary.wiley.com/doi/10.1002/adma.202410692时间2024年05月1日2023年6月1日2024年10月31日2024年9月23日类别钙钛矿/CIGS柔性钙钛矿/晶体硅PCE26.3%（0.222 cm2）33.6%单位首尔大学阿卜杜拉国王科技大学Stefaan De Wolf、苏州大学杨新波和张晓宏数据源https://www.nrel.gov/pv/interactive-cell-efficiencyhttps://doi.org/10.1038/s41586-025-09849-4时间2025年5月2025年11月PSCs世界纪录（组件）类别钙钛矿钙钛矿PCE20.6%（215.53）23.2%（27.2）单位韩国化学技术研究所与韩国半导体设备制造商UniTest洛桑联邦理工学院Mohammad Khaja Nazeeruddin教授、Paul J. Dyson教授、赵康宁、西湖大学王睿研究员以及常州圣盛精工设备有限公司Jiang Sheng等人数据源https://www.nrel.gov/pv/interactive-cell-efficiency.htmlhttps://www.science.org/doi/10.1126/science.ado6619时间2024年6月23日2024年10月31日PSMs世界纪录（单结）类别钙钛矿钙钛矿钙钛矿PCE20.7%稳态效率（810cm²）19.04%稳态效率 ( 20000cm²) 23.30%（ 27.22 cm²）单位极电光能协鑫光电洛桑联邦理工学院Paul J. Dyson、 Mohammad Khaja Nazeeruddin、丁勇、苏州大学张晓宏数据源https://mp.weixin.qq.com/s/a2OHPAYLEr_NccLdaoe0Lwhttps://mp.weixin.qq.com/s?__biz=MzI2MjQ5NDkyOA==&mid=2247530134&idx=3&sn=209efe45aaceb933bbfa95dbfac67f3b&chksm=ea487929dd3ff03f8b86eecaf830168999712614e226fe4ae0e64d2d35124a91842a94be96e1&token=776053579&lang=zh_CN#rdhttps://doi.org/10.1038/s41586-024-07228-z时间2023年2月27日2024年3月6日2024年3月7日PSCs世界纪录类别钙钛矿钙钛矿（倒置）钙钛矿（正置）钙钛矿（倒置）1.67eVPCE27.3%（0.01cm2）27.6%26.5效率（认证26.31%）23.1% 效率（认证 22.95%） 单位苏州大学教授彭军、张晓宏团队联合澳大利亚新南威尔士大学及浙江省白马湖实验室华中科技大学陈炜、刘宗豪、韩国成均馆大学Nam-Gyu Park、刘三万、俄罗斯科学院Pavel A. Troshin和深圳职业技术大学李竞白团队北京大学赵丽臣和朱瑞团队武汉大学王植平团队数据源https://onlinelibrary.wiley.com/doi/10.1002/pip.3919https://www.science.org/doi/10.1126/science.aeb9953https://doi.org/10.1038/s41560-024-01642-3https://doi.org/10.1002/adma.202307701时间2025年5月26日2025年2月10日2024年9月16日类别二维n=5钙钛矿柔性钙钛矿空气中制备钙钛矿PCE22.26%25.44%25.08%单位韩国成均馆大学Nam-Gyu Park团队南昌大学胡笑添和陈义旺团队华北电力大学李美成数据源https://pubs.acs.org/doi/10.1021/acsenergylett.1c02645https://doi.org/10.1002/adfm.202424191https://doi.org/10.1038/s41560-023-01358-w时间2022年1月24日2025年2月7日2023年9月28日PSCs世界纪录类别锡基 FA-PEASnI3 锡基 FASnI3锡基无机CsSnI2BrPCE15.38%15.7%11.87%单位华侨大学魏展画、田成波团队上海科技大学米启兮团队高丽大学Ki-Ha Hong、韩巴大学Sang Hyuk Im数据源https://www.nature.com/articles/s41566-024-01381-7https://doi.org/10.1021/acsenergylett.4c00529https://pubs.acs.org/doi/abs/10.1021/acsenergylett.3c02032时间2024年1月29日2024年4月4日2021年9月9日类别锡基无机CsSnI3锡铅混合PCE11.21%24.13%单位华南理工严克友团队上海交通大学陈汉团队数据源https://onlinelibrary.wiley.com/doi/10.1002/adma.202300503https://doi.org/10.1038/s41467-024-51361-2时间2023年3月30日2024年8月12日PSCs世界纪录类别无掺杂HTM金属有机物无掺HTM小分子倒置HTMPCE24.60%21.30%25.70%单位韩国高丽大学Eui Hyuk Jung、Jun Hong Noh团队韩国蔚山国家科学技术研究所Sang Il Seok团队南方科技大学徐保民、王行柱、章勇、湘潭大学闫磊以及香港城市大学Alex K.-Y. Jen等人数据源https://pubs.rsc.org/en/content/articlepdf/2021/ee/d0ee03312jhttps://onlinelibrary.wiley.com/doi/10.1002/adfm.202110473https://pubs.acs.org/doi/10.1021/jacs.4c13355时间2021年3月2日2021年12月8日2024年12月18日类别碳电极全无机反式无HTM碳电极PCE23.24%18.05%19.06%单位大连理工大学王宇迪、史彦涛团队陕西师范大学向万春&大连化物所刘生思&韩国蔚山国立科学技术研究院SanglSeok华南农业大学潘振晓&钟新华数据源https://advanced.onlinelibrary.wiley.com/doi/10.1002/aenm.202405355https://www.sciencedirect.com/science/article/abs/pii/S2542435125000078https://onlinelibrary.wiley.com/doi/epdf/10.1002/anie.202302342时间2025年3月4日2025年2月3日2023年3月31日PSCs世界纪录类别CsPbI3CsPbBr3CsPb3-XIx(反式)CsPbI2BrPCE20.82%11.08%21.0%18.05%单位陕西师范大学向万春&大连化物所刘生忠&韩国蔚山国立科学技术研究院Sang Il Seok中国暨南大学段加龙、唐群委陕西师范大学向万春、刘生忠国家纳米科学中心左传天和丁黎明，中南大学刘芳洋及洛桑联邦理工学院丁勇数据源https://doi.org/10.1016/j.joule.2025.101826https://onlinelibrary.wiley.com/doi/10.1002/advs.202101418https://onlinelibrary.wiley.com/doi/10.1002/adma.202312237https://onlinelibrary.wiley.com/doi/abs/10.1002/aenm.202300738时间2025年2月3日2021年8月8日2024年2月16日2023年7月23日PSCs的开压世界纪录类别FAPbI3CsPbI3CsPbBr3最高开压1.18V1.33V1.702V单位韩国蔚山国家科学技术研究所（UNIST）Changduk Yang团队中国中科院半导体所游经碧团队中国暨南大学段加龙&唐群委团队 数据源https://www.science.org/doi/10.1126/science.abb7167https://onlinelibrary.wiley.com/doi/abs/10.1002/smll.202005246https://onlinelibrary.wiley.com/doi/10.1002/advs.202101418时间2020年9月25日 2020年11月23日2021年8月8日类别CsPbI2BrCsPbIBr2MAPbCl3最高开压1.45V1.54V1.78V单位德国埃尔兰根-纽伦堡大学Ning Li、Christoph J. Brabec团队日本横滨大学Zhanglin Guo&Tsutomu Miyasaka团队斯图加特大学Mahdi Malekshahi、Byranvand及Michael Saliba等人数据源https://pubs.acs.org/doi/10.1021/acsenergylett.2c01883https://onlinelibrary.wiley.com/doi/10.1002/adfm.202207554https://pubs.acs.org/doi/abs/10.1021/acsenergylett.3c02777时间2022年10月24日2022年8月21日2024年2月16日持续更新中...新突破的记录，欢迎读者投稿学术交流QQ群知光谷光伏器件学术QQ群：641345719钙钛矿产教融合交流@知光谷（微信群）：需添加编辑微信为加强科研合作，我们为海内外科研人员专门开通了钙钛矿科创合作专业科研交流微信群。加微信群方式：添加编辑微信 pvalley2024，备注：姓名-单位-研究方向（无备注请恕不通过），由编辑审核后邀请入群。欢迎查阅，欢迎反馈！,,,,pending
南京大学谭海仁团队NE详细解读：2.0 eV带隙钙钛矿结晶控制实现30.1%效率的全钙钛矿三结太阳能电池,知光谷,知光谷,"RIOnews API, 钙钛矿",normal,2026-09-12T09:39:58+08:00,,"第一作者：Yuhong Zhang、Enzuo Wang、Haonan Liu、Dong Zhou通讯作者：南京大学林仁兴、李永玺和谭海仁研究亮点：首次提出表面重构与卤化物均质化（SRH）协同策略，通过HFIP/DMF混合溶剂（30:1, v/v）对湿膜进行表面重构，并引入油胺氯化物（OAmCl）作为瞬态Cl⁻源参与中间相结晶——Cl⁻在早期晶核中桥接Br和I，同步Br/I结晶动力学，同时抑制表面褶皱和卤化物偏析，获得表面电势均匀、缺陷密度低、载流子迁移率高的2.0 eV超宽带隙钙钛矿薄膜。揭示瞬态Cl⁻模板化机制：XRD显示OAmCl处理的湿膜中(100)衍射峰明显宽角度偏移（Cl⁻富集中间",http://mp.weixin.qq.com/s?__biz=MzI2MjQ5NDkyOA==&mid=2247569802&idx=1&sn=1bf5ec3892b5096cec24ee0f1566f20d,,"第一作者：Yuhong Zhang、Enzuo Wang、Haonan Liu、Dong Zhou通讯作者：南京大学林仁兴、李永玺和谭海仁研究亮点：首次提出表面重构与卤化物均质化（SRH）协同策略，通过HFIP/DMF混合溶剂（30:1, v/v）对湿膜进行表面重构，并引入油胺氯化物（OAmCl）作为瞬态Cl⁻源参与中间相结晶——Cl⁻在早期晶核中桥接Br和I，同步Br/I结晶动力学，同时抑制表面褶皱和卤化物偏析，获得表面电势均匀、缺陷密度低、载流子迁移率高的2.0 eV超宽带隙钙钛矿薄膜。揭示瞬态Cl⁻模板化机制：XRD显示OAmCl处理的湿膜中(100)衍射峰明显宽角度偏移（Cl⁻富集中间","第一作者：Yuhong Zhang、Enzuo Wang、Haonan Liu、Dong Zhou通讯作者：南京大学林仁兴、李永玺和谭海仁研究亮点：首次提出表面重构与卤化物均质化（SRH）协同策略，通过HFIP/DMF混合溶剂（30:1, v/v）对湿膜进行表面重构，并引入油胺氯化物（OAmCl）作为瞬态Cl⁻源参与中间相结晶——Cl⁻在早期晶核中桥接Br和I，同步Br/I结晶动力学，同时抑制表面褶皱和卤化物偏析，获得表面电势均匀、缺陷密度低、载流子迁移率高的2.0 eV超宽带隙钙钛矿薄膜。揭示瞬态Cl⁻模板化机制：XRD显示OAmCl处理的湿膜中(100)衍射峰明显宽角度偏移（Cl⁻富集中间相），退火后偏移消失且XPS中Cl信号消失——证实Cl⁻仅在中间阶段参与，被Br⁻和I⁻取代，加速Br/I均质化并抑制表面褶皱；TOF-SIMS证实OAm⁺仅富集于表面而不进入晶格，有效钝化表面缺陷。实现1.46 V高开路电压（S-Q极限的87%）：单结2.0 eV UWBG器件PCE达15.2%（对照14.2%），V_oc=1.46 V，V_oc损失仅~13%（远低于UWBG钙钛矿常见的>20%）；载流子迁移率从36提升至53 cm² V⁻¹ s⁻¹，扩散长度从0.47增至0.72 μm，非辐射复合损失从163 meV降至143 meV。30.1%三结效率（认证29.3%）与优异稳定性：集成2.0、1.6和1.22 eV吸收层，全钙钛矿三结电池PCE达30.1%（V_oc=3.52 V，J_sc=10.9 mA cm⁻²，FF=78.4%），认证29.3%，为首个突破30%效率阈值的全钙钛矿三结器件；封装器件在MPPT 600小时后保持90%初始效率，湿热（85°C/85% RH）240小时后保持90%，−40至85°C热循环200次后仅衰减9%。一、本研究针对的问题与挑战超宽带隙（UWBG，>1.9 eV）钙钛矿是全钙钛矿三结太阳能电池（TJSCs）的关键顶电池。理论计算表明，2.0/1.6/1.2 eV三结结构可实现高达36.6%的效率。然而，UWBG钙钛矿面临三大核心瓶颈：（1）高Br/I比导致结晶困难——反溶剂快速萃取使富Br顶层快速结晶形成刚性覆盖层，而底层富I区域仍呈粘性非晶态，退火时收缩产生压应力失配，引发屈曲驱动的表面褶皱；（2）高Br含量加剧卤化物异质性和I富集域形成，导致局部化学势不均和载流子捕获；（3）开路电压（V_oc）损失巨大（常>200 mV，远高于中带隙钙钛矿的本文提出表面重构与卤化物均质化（SRH）策略——在反溶剂滴加后，用HFIP/DMF混合溶剂处理湿膜，HFIP的强氢键给体/弱配位特性限制过度溶解，实现可控表面重构；同时OAmCl中的Cl⁻在中间相阶段桥接Br和I，同步Br/I结晶，抑制卤化物偏析。该协同机制消除应力驱动褶皱，最小化局部组分梯度，获得高质量UWBG薄膜（V_oc=1.46 V，S-Q极限的87%）。集成2.0/1.6/1.22 eV吸收层，全钙钛矿三结电池PCE达30.1%（认证29.3%），并展现优异热、湿、光稳定性。三、结果与讨论要点 1 SRH策略与UWBG钙钛矿形貌结构SRH策略设计（图1a）：在反溶剂滴加后，用HFIP/DMF（30:1, v/v，记为HD）混合溶剂处理湿膜，DMF部分溶解表面层，HFIP限制过度晶格溶解，实现自限性刻蚀平滑表面（S3-S4）。进一步在HD中加入OAmCl（记为HDCl）——OAmCl作为成核平衡物种，将Cl⁻暂时纳入早期晶核，桥接Br和I（图1a）。光学显微镜与SEM（图1b-d, S5）：对照湿膜呈现明显褶皱；HD处理后湿膜褶皱被大幅抑制；但退火后对照和HD薄膜褶皱重现（图1c-d）——表明形态不稳定性未完全解决，源于Br-I成核不平衡。HDCl处理后退火薄膜厚度均匀性显著改善（图1c），有效表面平坦化和卤化物再分布。XRD分析（图1e-f）：所有湿膜(100)衍射呈现双峰（14.8°/15.1°），15.1°对应FAPbBr₃，低角峰对应混合Br-I相（S9）。SRH促进阴离子再分布，退火后形成更均质Br-I混合相（图1f）。退火后HD和HDCl薄膜(100)峰FWHM（0.149°）明显窄于对照（0.171°），证实卤化物均质化。HDCl湿膜(100)峰显著宽角度偏移——Cl⁻富集中间相；退火后偏移消失，XPS中Cl信号消失（S21），表明Cl⁻在晶体生长中大部分被Br⁻和I⁻取代。OAm⁺表面富集（S6）：TOF-SIMS深度剖析显示OAm⁺（C₁₈H₃₈N⁺）主要富集于顶表面而非体相——OAm⁺不进入晶格，退火后积累于表面，有效钝化表面缺陷。中间相验证（S22-S23）：通过向前驱体溶液中逐滴加入苯甲醚沉淀中间相——对照产生橙色APbBr₃富集沉淀，OAmCl溶液产生黄色含Cl中间体；XRD显示OAmCl样品衍射峰明显宽角度偏移，XPS证实Cl富集中间体特征。要点 2 UWBG钙钛矿薄膜的均匀性AFM与KPFM（图2a-c, S24-S25）：AFM显示对照薄膜RMS粗糙度10.0 nm，HDCl薄膜降至3.9 nm——表面平滑化。KPFM（图2a-c）显示对照薄膜接触电势差（CPD）空间变化大，功函数分布宽（5.0-5.2 eV）——反映I/Br化学计量局部变化。HDCl薄膜呈现平滑连续的CPD分布，功函数坍缩为5.13 eV窄峰（图2c）——均匀卤化物分布和显著抑制带隙变化。TOF-SIMS mapping（图2d-i）：对照薄膜显示清晰富Br和富I域分离（图2d-e）——卤化物在粗糙褶皱薄膜中不同速率结晶。HDCl薄膜显示连续均匀的Br和I分布（图2g-h）——SRH有效抑制相分离。TOF-SIMS线扫描（图2f,i）进一步证实。波长依赖PL mapping（图2j-l, S27）：对照薄膜PL峰位空间变化显著（两个不同峰位），出现低能PL峰（>700 nm，I富集相），反映卤化物异质性导致的带隙波动；HDCl薄膜呈现高度均匀PL峰位和窄统计分布（图2k-l）——卤化物组分均匀性改善。HDCl薄膜PL强度更亮更均匀（S28）——结晶改善和非辐射复合降低。要点 3 缺陷与载流子动力学PL与TRPL（图3a-b, S29）：HDCl薄膜PL强度约为对照1.8倍（图3a）；TRPL（图3b）显示电荷复合寿命从23.1 ns（对照）大幅提升至110.1 ns（HDCl）——有效抑制载流子捕获。瞬态吸收（图3c, S30-S31）：HDCl薄膜基态漂白（GSB）峰更窄、位移更小（图3c）——卤化物组分均匀性改善；GSB衰减更慢——载流子寿命延长，陷阱辅助复合被抑制。QFLS与能级对齐（图3d-e, S32, Table S1）：HDCl薄膜电压损失从163 meV降至143 meV；界面损失分析显示HTL贡献较小（~38 meV），ETL界面损失较大（62 meV）。UPS显示HDCl样品钙钛矿/C₆₀导带偏移减小（图3e）——能级对齐改善，电子提取更高效。OPTP与迁移率（图3f, S33-S36, Table S2）：HDCl薄膜载流子迁移率达53 cm² V⁻¹ s⁻¹（对照36 cm² V⁻¹ s⁻¹）；扩散长度从0.47 μm增至0.72 μm（图3f）。热导纳谱（S37）显示HDCl器件浅陷阱区（0.20-0.35 eV）陷阱态密度明显降低。要点 4 单结UWBG器件性能器件结构与J-V（图4a-b, S38-S39, Table S3）：器件结构为Glass/ITO/NiO/Me-4PACz/FA₀.₇Cs₀.₃PbIBr₂/C₆₀/ALD-SnO₂/Cu（图4a）。冠军HDCl器件PCE 15.2%（V_oc=1.46 V，J_sc=12.6 mA cm⁻²，FF=82.3%），对照14.2%（V_oc=1.40 V，FF=80.4%）（图4b）。稳态输出15.1%（图4b插图）。EQE积分电流12.6 mA cm⁻²（图4d）。35个器件平均PCE 15.0%（图4e）。V_oc损失对比（图4c）：文献统计显示UWBG钙钛矿V_oc损失常>20%，而本工作冠军器件V_oc损失仅~13%（相对S-Q极限）——展现高电压三结集成潜力。内建电势与复合（S40-S44）：电容-电压显示内建电势从1.36 V（对照）升至1.41 V（HDCl）（S40）。瞬态光电压寿命从0.1 μs提升至2 μs（S41）。EIS显示复合电阻从3.5 MΩ cm²增至6.8 MΩ cm²（S42）。理想因子从1.69降至1.24（S43）。Urbach能量从26.9 meV降至22.7 meV（S44）。要点 5 三结器件性能与稳定性器件结构与截面SEM（图5a-b, S45-S47）：三结结构为ITO/HTL/UWBG/ETL/ITO/MBG/ETL/Au/HTL/NBG/ETL/Cu（图5a）。截面SEM（图5b）显示HDCl器件UWBG（~270 nm）、MBG（~580 nm）、NBG（~1000 nm）层厚均匀；对照器件呈现明显表面不规则。光伏性能（图5c-d, S48-S50, Table 5）：冠军HDCl三结器件PCE 30.1%（V_oc=3.52 V，J_sc=10.9 mA cm⁻²，FF=78.4%），对照28.5%（图5c）。认证PCE 29.3%（反向扫描，迟滞指数1.5%，S50）。EQE积分电流（图5d）：UWBG 11.1、MBG 10.5、NBG 10.6 mA cm⁻²。35个器件平均PCE 29.6±0.3%（S49）。V_oc损失仅20 mV（远低于此前报道>80 mV）。湿热稳定性（图5e）：ISOS-D-3（85°C/85% RH，240 h）HDCl三结器件保持90%初始PCE，对照仅50%。热循环稳定性（图5f）：ISOS-T-3（−40至85°C，200次循环）HDCl器件仅衰减9%，对照衰减32%。光稳定性（图5g）：ISOS-L-1（连续1-sun，MPP）HDCl器件T90达569 h，对照仅246 h。四、小结本文针对全钙钛矿三结电池中2.0 eV超宽带隙顶电池的表面褶皱和卤化物异质性两大瓶颈，提出表面重构与卤化物均质化（SRH）策略。HFIP/DMF混合溶剂对湿膜进行自限性表面重构，OAmCl中Cl⁻在中间相阶段桥接Br和I，同步Br/I结晶动力学，抑制卤化物偏析，消除应力驱动褶皱。TOF-SIMS证实OAm⁺仅表面富集，有效钝化缺陷。UWBG薄膜实现均匀表面电势（功函数5.13 eV窄峰）、低陷阱密度（tDOS降低）、高迁移率（53 cm² V⁻¹ s⁻¹）和长扩散长度（0.72 μm）。单结2.0 eV器件V_oc达1.46 V（S-Q极限的87%），PCE 15.2%。集成2.0/1.6/1.22 eV吸收层，全钙钛矿三结电池PCE达30.1%（认证29.3%），为首个突破30%效率阈值的全钙钛矿三结器件，V_oc损失仅20 mV。器件在湿热（85°C/85% RH）240小时后保持90%，热循环200次后仅衰减9%，MPPT 569小时后保持T90。该工作为超宽带隙钙钛矿在多结光伏中的应用提供了可行策略，为迈向>35%效率的全钙钛矿多结光伏铺平道路。五、参考文献Zhang, Y., Wang, E., Liu, H. et al. Crystallization control of 2.0-eV bandgap perovskites for all-perovskite triple-junction solar cells. Nat. Energy (2026).https://doi.org/10.1038/s41560-026-02135-1相关设备推荐：传统霍尔仪测低迁移率材料像 “啃硬骨头” 啃不动，交流霍尔仪耗时久还易因热漂移 “跑偏”，Lake Shore M91 快速霍尔测试仪这款革命性一体式霍尔分析仪，直接帮你 “啃下硬骨头、走准测量路”！核心功能：快速精准测量霍尔系数、迁移率、电阻率、载流子浓度攻克钙钛矿、光伏、热电、有机材料等低迁移率材料测量难题，0.001 cm²/(V・s) 也能精准捕捉规避传统直流霍尔仪测量局限、交流霍尔仪耗时久 + 热漂移误差大的弊端核心优势 ：FastHall 专利技术（专利号：9797965和10073151），无需翻转磁场，低迁移率材料测量速度超传统 100 倍最小化热漂移 + 消除磁场对准偏差，大幅提升测量精度适配各类磁体，可与 PPMS 系统联用，拓宽材料研究测试范围使用便捷：自动选最佳激励 / 量程、自动执行测量，易与现有实验室系统集成成本优势：支持新搭建或升级现有系统，低成本引入先进霍尔测量技术电阻量程：标准 10 mΩ~10 MΩ，可选 10 mΩ~200 GΩ，适配更多材料测试需求若您对设备有任何问题，欢迎扫码咨询！学术交流QQ群知光谷光伏器件学术QQ群：641345719钙钛矿产教融合交流@知光谷（微信群）：需添加编辑微信为加强科研合作，我们为海内外科研人员专门开通了钙钛矿科创合作专业科研交流微信群。加微信群方式：添加编辑微信pvalley2024，备注：姓名-单位-研究方向（无备注请恕不通过），由编辑审核后邀请入群。",,,,pending
100亿钠电池项目获批,钠电材料,钠电材料,"RIOnews API, 钠离子电池, 钠电, 合作进展, 投资, 合作, 正力新能, 钠电池, 储能, 储能电芯, 供电, 交付, 市场份额, 产能, GWh, 投产, 订单, 签约, 海外, 政策, 发布, 量产, 落地",normal,2026-09-12T09:36:00+08:00,,9月11日消息，近日，常熟高新技术产业开发区管理委员会发布“关于江苏正力新能电池技术股份有限公司新型钠离子电池智能化柔性制造项目生态环境影响报告表（附环境风险专项）的批复”。这一总投资100亿元、规划年产50GWh钠离子电池的项目，正式拿到落地建设的核心合规通行证。 按照规划，该项目拟新购地494638㎡，建设新型钠离子电池智能化柔性制造项目，主要分成三个部分：1.常熟高新技术产业开发区银河路以东、香园路以北地块建成后，年产钠离子电池50GWh，配套进行研发和实验测试；2.香园路以东、常台高速以西地块建成后，年产阴极极片1.45亿平方米，阳极极片1.54 亿平方米，配套进行研发和实验测试；3.,http://mp.weixin.qq.com/s?__biz=Mzg2Mjg2NDExNQ==&mid=2247506510&idx=1&sn=af5adc2e31ca2da13273528ab9d14bab,,9月11日消息，近日，常熟高新技术产业开发区管理委员会发布“关于江苏正力新能电池技术股份有限公司新型钠离子电池智能化柔性制造项目生态环境影响报告表（附环境风险专项）的批复”。这一总投资100亿元、规划年产50GWh钠离子电池的项目，正式拿到落地建设的核心合规通行证。 按照规划，该项目拟新购地494638㎡，建设新型钠离子电池智能化柔性制造项目，主要分成三个部分：1.常熟高新技术产业开发区银河路以东、香园路以北地块建成后，年产钠离子电池50GWh，配套进行研发和实验测试；2.香园路以东、常台高速以西地块建成后，年产阴极极片1.45亿平方米，阳极极片1.54 亿平方米，配套进行研发和实验测试；3.,9月11日消息，近日，常熟高新技术产业开发区管理委员会发布“关于江苏正力新能电池技术股份有限公司新型钠离子电池智能化柔性制造项目生态环境影响报告表（附环境风险专项）的批复”。这一总投资100亿元、规划年产50GWh钠离子电池的项目，正式拿到落地建设的核心合规通行证。 按照规划，该项目拟新购地494638㎡，建设新型钠离子电池智能化柔性制造项目，主要分成三个部分：1.常熟高新技术产业开发区银河路以东、香园路以北地块建成后，年产钠离子电池50GWh，配套进行研发和实验测试；2.香园路以东、常台高速以西地块建成后，年产阴极极片1.45亿平方米，阳极极片1.54 亿平方米，配套进行研发和实验测试；3.银河路以东、香园路以北地块主要作为员工活动中心和倒班宿舍使用，不进行生产活动。早在2026年3月，正力新能总投资100亿元、年产50GWh的新一代大容量长时储能智能制造项目就已签约落户常熟，当时项目核心产品定位为588Ah大容量长时储能电芯，可覆盖2至12小时长时储能场景需求。本次钠电智能化柔性制造项目的环评获批，是正力新能在常熟百亿级储能产能布局中的关键延伸，将与此前规划的长时储能锂电产能形成技术互补，构建“锂电+钠电”双线并行的产品矩阵，全面覆盖从短时调峰到长时供电的全场景储能需求。2026年以来，正力新能在钠电赛道的布局节奏明显加快，依托现有成熟的聚阴离子材料体系，正力新能完成钠电池小批量产线的搭建，可满足欧盟等海外市场的订单交付需求。上半年钠离子电池业务实现销售收入1510万元，同比增长276.6%，主要出口欧盟，落地AIDC、电网侧削峰填谷等场景。从产业大背景来看，2026年9月国内钠电消费税免征政策正式落地，钠电独立海关编码同步启用，叠加年内储能领域超97GWh的钠电合作订单集中释放，正力新能的布局恰好卡在政策红利释放、下游订单爆发的时间节点上。其二期产能计划2027年底投产，与行业内头部企业的钠电大规模交付节奏形成错位衔接，有望在2027至2028年钠电市场的需求爆发期，凭借提前落地的合规产能抢占市场份额。,,,,pending
免费参会！合肥见！26年（第十届）中国固态电池大会,钠电材料,钠电材料,"RIOnews API, 钠离子电池, 钠电, 钠电池, 储能, 循环寿命, 负极材料, 融资",normal,2026-09-12T09:36:00+08:00,,温馨提醒：1、免费参会：转发通知集赞18个方可免费参会（不含餐）限100个名额，截止时间9月15日（含15日当天）2、优惠票600元每人（含餐），截止时间9月15号（含），缴费成功视为报名成功；参展和报名电话.陈老师：***********2026年（第十届）中国固态电池技术创新与产业化研讨会2026年11月25-27日 安徽.合肥会议背景固态电池是当前二次电池领域最为活跃的研究方向之一。理论上，全固态锂离子电池的能量密度可达900Wh/kg，由于采用固体电解质与高比能量负极，并可能防止锂枝晶导致的电池内部短路，固态电池的能量密度和循环寿命方面有望较传统锂电池有大幅提升。同时，固态电池还兼顾了,http://mp.weixin.qq.com/s?__biz=Mzg2Mjg2NDExNQ==&mid=2247506510&idx=2&sn=7f2ffb22f786300ca65bd315023c25ba,,温馨提醒：1、免费参会：转发通知集赞18个方可免费参会（不含餐）限100个名额，截止时间9月15日（含15日当天）2、优惠票600元每人（含餐），截止时间9月15号（含），缴费成功视为报名成功；参展和报名电话.陈老师：***********2026年（第十届）中国固态电池技术创新与产业化研讨会2026年11月25-27日 安徽.合肥会议背景固态电池是当前二次电池领域最为活跃的研究方向之一。理论上，全固态锂离子电池的能量密度可达900Wh/kg，由于采用固体电解质与高比能量负极，并可能防止锂枝晶导致的电池内部短路，固态电池的能量密度和循环寿命方面有望较传统锂电池有大幅提升。同时，固态电池还兼顾了,温馨提醒：1、免费参会：转发通知集赞18个方可免费参会（不含餐）限100个名额，截止时间9月15日（含15日当天）2、优惠票600元每人（含餐），截止时间9月15号（含），缴费成功视为报名成功；参展和报名电话.陈老师：***********2026年（第十届）中国固态电池技术创新与产业化研讨会2026年11月25-27日 安徽.合肥会议背景固态电池是当前二次电池领域最为活跃的研究方向之一。理论上，全固态锂离子电池的能量密度可达900Wh/kg，由于采用固体电解质与高比能量负极，并可能防止锂枝晶导致的电池内部短路，固态电池的能量密度和循环寿命方面有望较传统锂电池有大幅提升。同时，固态电池还兼顾了长储存寿命、高功率密度和制备简单等特性，尤其是比高能量密度传统锂离子电池拥有更良好的热控及安全特性。固态电解质作为固态电池核心技术，聚合物固态电解质、氧化物固态电解质、硫化物固态电解质三大类复合材料成为技术攻关的重点。但是，固态电解质要有与之适应的正负极体系。所以，推进全固态电池产业化的过程，也将是锂电正负极材料体系的一场全面变革。有鉴于此，为了进一步推动我国固态电池的研究创新和技术进步，及时了解固态电池最新相关研究成果和发展动态，尽早推广下游大规模应用，明确主要需求，加强行业交流，促进产学研协同创新，我们特别组织固态电池专题研讨会：26年（第十届）中国固态电池技术创新与产业化应用研讨会，会议将于2026年11月25日-27日在安徽.合肥举行。会议邀请固态电池领域的知名研究院所、大专院校、相关企业及投融资机构代表参会，就固态电池基础研究、关键材料、关键技术、关键装备及其标准等全产业领域展开探讨。共聚一堂，充分交流、集思广益、相互切磋，以期实质性促进我国固态电池的进一步发展。会议概况【会议时间】2026年11月25-27日（25日全天签到）【主办单位】锂电前沿【承办单位】 深圳友研科技有限公司固态电池会议交流内容 ●固体电解质材料：理论基础、新体系、规模制造及产业化应用●固态电池正负极材料：理论基础、新体系、规模制造及产业化应用●固态电池中的界面工程：界面观测与调控、制造及电池循环时的界面动态演变等●混合固液电解质锂电池：动力电池、储能电池及柔性电池等●全固态电池：全固态锂电池、全固态锂硫电池、全固态锂空气电池及全固态钠电池等●高通量理论和理论设计及计算方法在固态电池研究开发中的应用●固态电池的产业化技术会议形式主要通过大会报告、交流报告、现场讨论的形式，欢迎相关企业和检测机构安排小型展览。会议期间还将组织演讲嘉宾或行业资深专家们与参会代表互动进行自由讨论。为了共同办好这次会议，热烈欢迎各相关企业、科研院所赞助本次研讨会。会议注册费会议注册费：参会人员10月15日前11月20日前11月20日后以及现场正式代表2500元2800元3200元在校学生代表1500元1500元1800元（学生代表注册时需凭学生证，包含本科生、硕士、博士）注册费包含：会议费、资料费用等费用、不包含路费和住宿费，住宿要自订。账户信息：户名：深圳友研科技有限公司账号：757575353398开户行：中国银行股份有限公司深圳西丽支行付款时请注明“固态电池 +单位名称”开票注意事项：增值税普通发票请提供单位名称及税号。如果需要增值税专用发票，请提供单位名称、税号、地址、电话、开户行、账号第九届固态电池会议回顾2026年8月5日-7日，锂电前沿主办的“2026中国固态电池技术大会暨中国硅碳负极高峰论坛”在江苏常州顺利召开并圆满闭幕。锂电前沿举办此次会议议题紧贴固态电池，硅碳负极材料单位科研和产业化实际需求，引发市场广泛关注，受到专家及参会嘉宾一致好评，有力的推动了我国固态电池，硅碳负极材料的科技进步和产业化进程。第八届固态电池会议回顾2026年4月22日-24日，锂电前沿，钠电材料主办的“2026第八届中国固态电池技术创新与产业化应用研讨会暨中国钠电技术高峰论坛”在湖南长沙顺利召开并圆满闭幕。线下与会嘉宾达906人，参会单位超过550家，参展厂家超过60家，专题报告49个。锂电前沿，钠电材料举办此次会议议题紧贴固态电池，钠电材料单位科研和产业化实际需求，引发市场广泛关注，受到专家及参会嘉宾一致好评，有力的推动了我国固态电池，钠离子电池的科技进步和产业化进程。第七届固态电池会议回顾2025年10月22日-24日，锂电前沿，先进陶瓷材料主办的“2025第七届中国固态电池技术创新与产业化应用研讨会暨中国先进陶瓷技术与产业高峰论坛”在安徽合肥顺利召开并圆满闭幕。线下与会嘉宾达1036人，参会单位超过600家，参展厂家超过50家，专题报告42个。锂电前沿，先进陶瓷材料举办此次会议议题紧贴固态电池，先进陶瓷材料单位科研和产业化实际需求，引发市场广泛关注，受到专家及参会嘉宾一致好评，有力的推动了我国固态电池，先进陶瓷的科技进步和产业化进程。现场视频（点击上方观看）第五届固态电池会议回顾2024年10月，锂电前沿主办的“第五届中国固态电池技术创新与产业化应用研讨会”在安徽合肥顺利召开并圆满闭幕。线下与会嘉宾达820人，参会单位超过450家第六届固态电池会议回顾2025年3月26日-28日，锂电前沿主办的“2025第六届中国固态电池技术创新与产业化应用研讨会”在湖北武汉顺利召开并圆满闭幕。线下与会嘉宾达889人，参会单位超过500家，参展厂家超过50家，专题报告44个。锂电前沿举办此次会议议题紧贴固态电池单位科研和产业化实际需求，引发市场关注，受到专家及参会者广泛好评，有力的推动了我国固态电池的进一步发展。组委会联系方式参会、参展、宣传及赞助事宜联 系 人：陈老师 （赞助和报名事宜咨询）联系电话：***********（微信同号）邮 箱 ：sdlscck@163.com 报名方式一：长按报名,,,,pending
知名锂企将被终止上市！,科研云平台,科研云平台,"RIOnews API, 新材料, 复合材料, 碳, 聚合物, 高比能, 锂硫电池, 硅, 前沿表征, 高通量, 固态电池, 固态电解质, 陶瓷材料, 新型电池, 空气电池, 钠离子电池, 钠电, 信息披露, 年报, 披露, 合作进展, 融资, 签署协议, 投资, 收购, 钠电池, 储能, 循环寿命, 碳酸锂, 负极材料, 亏损, 上市",normal,2026-09-12T09:27:00+08:00,,9月8日，沈阳萃华金银珠宝股份有限公司正式公告收到深交所《终止上市事先告知书》，这家拥有百年传承的东北珠宝老字号，因未在法定期限内披露2025年年报，直接触及规范类退市红线，A股上市之旅即将走到终点。 回溯风险演进路径，公司股票早在2026年5月6日就因未按期披露年报被停牌，复牌后叠加退市风险警示，直至9月6日的最后法定期限仍未完成年报披露，直接触发终止上市情形。公司还面临交易类退市压力，截至8月26日收盘，总市值已连续15个交易日低于5亿元，若后续5个交易日未能重回5亿元以上，将同时触发市值退市条款，保壳窗口已完全关闭。作为深耕金银珠宝加工零售的老牌企业，萃华珠宝曾在东北珠宝市场拥有较高品牌,http://mp.weixin.qq.com/s?__biz=MzUyMzk5OTg3Ng==&mid=2247517875&idx=1&sn=b17ec649a71fb5285ad05b92ce2ea731,,9月8日，沈阳萃华金银珠宝股份有限公司正式公告收到深交所《终止上市事先告知书》，这家拥有百年传承的东北珠宝老字号，因未在法定期限内披露2025年年报，直接触及规范类退市红线，A股上市之旅即将走到终点。 回溯风险演进路径，公司股票早在2026年5月6日就因未按期披露年报被停牌，复牌后叠加退市风险警示，直至9月6日的最后法定期限仍未完成年报披露，直接触发终止上市情形。公司还面临交易类退市压力，截至8月26日收盘，总市值已连续15个交易日低于5亿元，若后续5个交易日未能重回5亿元以上，将同时触发市值退市条款，保壳窗口已完全关闭。作为深耕金银珠宝加工零售的老牌企业，萃华珠宝曾在东北珠宝市场拥有较高品牌,9月8日，沈阳萃华金银珠宝股份有限公司正式公告收到深交所《终止上市事先告知书》，这家拥有百年传承的东北珠宝老字号，因未在法定期限内披露2025年年报，直接触及规范类退市红线，A股上市之旅即将走到终点。 回溯风险演进路径，公司股票早在2026年5月6日就因未按期披露年报被停牌，复牌后叠加退市风险警示，直至9月6日的最后法定期限仍未完成年报披露，直接触发终止上市情形。公司还面临交易类退市压力，截至8月26日收盘，总市值已连续15个交易日低于5亿元，若后续5个交易日未能重回5亿元以上，将同时触发市值退市条款，保壳窗口已完全关闭。作为深耕金银珠宝加工零售的老牌企业，萃华珠宝曾在东北珠宝市场拥有较高品牌知名度，但近年受消费环境变化、流动性压力加剧影响，经营持续承压。2026年2月公司披露多笔贷款逾期，主要银行账户被司法冻结，生产经营陷入停滞，股票随即被叠加实施其他风险警示。在主业承压阶段，萃华珠宝曾试图跨界锂电赛道寻找破局路径。2022年6月，公司原控股股东深圳市翠艺投资与陈思伟签署协议，后者以4.26亿元受让12%股份，同时翠艺投资及其一致行动人郭英杰等承诺放弃合计19.38%股份的表决权。由此，陈思伟正式入主萃华珠宝，成为控股股东兼实际控制人。仅5个月后，萃华珠宝便宣布以现金6.12亿元，收购陈思伟控股的思特瑞锂业51%股权，开启“黄金+锂盐”双主业模式。然而周期反转无情，碳酸锂价格从2022年的高点60万/吨跌至6万/吨，思特瑞锂业非但没有兑现2022年至2024年累计净利润不低于3亿元的承诺，反而陷入亏损，在2023年、2024年分别亏损1.86亿元、6510万元，对萃华珠宝的整体业绩造成了拖累。按照当前流程，若深交所最终作出终止上市决定，公司股票将进入15个交易日的退市整理期，届满后直接摘牌，后续转入退市板块挂牌转让。温馨提醒：1、免费参会：转发通知集赞18个方可免费参会（不含餐）限100个名额，截止时间9月15日（含15日当天）2、优惠票600元每人（含餐），截止时间9月15号（含），缴费成功视为报名成功；参展和报名电话.陈老师：***********2026年（第十届）中国固态电池技术创新与产业化研讨会2026年11月25-27日 安徽.合肥会议背景固态电池是当前二次电池领域最为活跃的研究方向之一。理论上，全固态锂离子电池的能量密度可达900Wh/kg，由于采用固体电解质与高比能量负极，并可能防止锂枝晶导致的电池内部短路，固态电池的能量密度和循环寿命方面有望较传统锂电池有大幅提升。同时，固态电池还兼顾了长储存寿命、高功率密度和制备简单等特性，尤其是比高能量密度传统锂离子电池拥有更良好的热控及安全特性。固态电解质作为固态电池核心技术，聚合物固态电解质、氧化物固态电解质、硫化物固态电解质三大类复合材料成为技术攻关的重点。但是，固态电解质要有与之适应的正负极体系。所以，推进全固态电池产业化的过程，也将是锂电正负极材料体系的一场全面变革。有鉴于此，为了进一步推动我国固态电池的研究创新和技术进步，及时了解固态电池最新相关研究成果和发展动态，尽早推广下游大规模应用，明确主要需求，加强行业交流，促进产学研协同创新，我们特别组织固态电池专题研讨会：26年（第十届）中国固态电池技术创新与产业化应用研讨会，会议将于2026年11月25日-27日在安徽.合肥举行。会议邀请固态电池领域的知名研究院所、大专院校、相关企业及投融资机构代表参会，就固态电池基础研究、关键材料、关键技术、关键装备及其标准等全产业领域展开探讨。共聚一堂，充分交流、集思广益、相互切磋，以期实质性促进我国固态电池的进一步发展。会议概况【会议时间】2026年11月25-27日（25日全天签到）【主办单位】锂电前沿【承办单位】 深圳友研科技有限公司固态电池会议交流内容 ●固体电解质材料：理论基础、新体系、规模制造及产业化应用●固态电池正负极材料：理论基础、新体系、规模制造及产业化应用●固态电池中的界面工程：界面观测与调控、制造及电池循环时的界面动态演变等●混合固液电解质锂电池：动力电池、储能电池及柔性电池等●全固态电池：全固态锂电池、全固态锂硫电池、全固态锂空气电池及全固态钠电池等●高通量理论和理论设计及计算方法在固态电池研究开发中的应用●固态电池的产业化技术会议形式主要通过大会报告、交流报告、现场讨论的形式，欢迎相关企业和检测机构安排小型展览。会议期间还将组织演讲嘉宾或行业资深专家们与参会代表互动进行自由讨论。为了共同办好这次会议，热烈欢迎各相关企业、科研院所赞助本次研讨会。会议注册费会议注册费：参会人员10月15日前11月20日前11月20日后以及现场正式代表2500元2800元3200元在校学生代表1500元1500元1800元（学生代表注册时需凭学生证，包含本科生、硕士、博士）注册费包含：会议费、资料费用等费用、不包含路费和住宿费，住宿要自订。账户信息：户名：深圳友研科技有限公司账号：757575353398开户行：中国银行股份有限公司深圳西丽支行付款时请注明“固态电池 +单位名称”开票注意事项：增值税普通发票请提供单位名称及税号。如果需要增值税专用发票，请提供单位名称、税号、地址、电话、开户行、账号第九届固态电池会议回顾2026年8月5日-7日，锂电前沿主办的“2026中国固态电池技术大会暨中国硅碳负极高峰论坛”在江苏常州顺利召开并圆满闭幕。锂电前沿举办此次会议议题紧贴固态电池，硅碳负极材料单位科研和产业化实际需求，引发市场广泛关注，受到专家及参会嘉宾一致好评，有力的推动了我国固态电池，硅碳负极材料的科技进步和产业化进程。第八届固态电池会议回顾2026年4月22日-24日，锂电前沿，钠电材料主办的“2026第八届中国固态电池技术创新与产业化应用研讨会暨中国钠电技术高峰论坛”在湖南长沙顺利召开并圆满闭幕。线下与会嘉宾达906人，参会单位超过550家，参展厂家超过60家，专题报告49个。锂电前沿，钠电材料举办此次会议议题紧贴固态电池，钠电材料单位科研和产业化实际需求，引发市场广泛关注，受到专家及参会嘉宾一致好评，有力的推动了我国固态电池，钠离子电池的科技进步和产业化进程。第七届固态电池会议回顾2025年10月22日-24日，锂电前沿，先进陶瓷材料主办的“2025第七届中国固态电池技术创新与产业化应用研讨会暨中国先进陶瓷技术与产业高峰论坛”在安徽合肥顺利召开并圆满闭幕。线下与会嘉宾达1036人，参会单位超过600家，参展厂家超过50家，专题报告42个。锂电前沿，先进陶瓷材料举办此次会议议题紧贴固态电池，先进陶瓷材料单位科研和产业化实际需求，引发市场广泛关注，受到专家及参会嘉宾一致好评，有力的推动了我国固态电池，先进陶瓷的科技进步和产业化进程。现场视频（点击上方观看）第五届固态电池会议回顾2024年10月，锂电前沿主办的“第五届中国固态电池技术创新与产业化应用研讨会”在安徽合肥顺利召开并圆满闭幕。线下与会嘉宾达820人，参会单位超过450家第六届固态电池会议回顾2025年3月26日-28日，锂电前沿主办的“2025第六届中国固态电池技术创新与产业化应用研讨会”在湖北武汉顺利召开并圆满闭幕。线下与会嘉宾达889人，参会单位超过500家，参展厂家超过50家，专题报告44个。锂电前沿举办此次会议议题紧贴固态电池单位科研和产业化实际需求，引发市场关注，受到专家及参会者广泛好评，有力的推动了我国固态电池的进一步发展。组委会联系方式参会、参展、宣传及赞助事宜联 系 人：陈老师 （赞助和报名事宜咨询）联系电话：***********（微信同号）邮 箱 ：sdlscck@163.com 报名方式一：长按报名,,,,pending
合肥见！26年（第十届）中国固态电池大会,科研云平台,科研云平台,"RIOnews API, 新材料, 复合材料, 碳, 聚合物, 高比能, 锂硫电池, 硅, 前沿表征, 高通量, 固态电池, 固态电解质, 陶瓷材料, 新型电池, 空气电池, 钠离子电池, 钠电, 钠电池, 储能, 循环寿命, 负极材料, 融资",normal,2026-09-12T09:27:00+08:00,,温馨提醒：1、免费参会：转发通知集赞18个方可免费参会（不含餐）限100个名额，截止时间9月15日（含15日当天）2、优惠票600元每人（含餐），截止时间9月15号（含），缴费成功视为报名成功；参展和报名电话.陈老师：***********2026年（第十届）中国固态电池技术创新与产业化研讨会2026年11月25-27日 安徽.合肥会议背景固态电池是当前二次电池领域最为活跃的研究方向之一。理论上，全固态锂离子电池的能量密度可达900Wh/kg，由于采用固体电解质与高比能量负极，并可能防止锂枝晶导致的电池内部短路，固态电池的能量密度和循环寿命方面有望较传统锂电池有大幅提升。同时，固态电池还兼顾了,http://mp.weixin.qq.com/s?__biz=MzUyMzk5OTg3Ng==&mid=2247517875&idx=2&sn=fce90586890273e018048f35e242cb1c,,温馨提醒：1、免费参会：转发通知集赞18个方可免费参会（不含餐）限100个名额，截止时间9月15日（含15日当天）2、优惠票600元每人（含餐），截止时间9月15号（含），缴费成功视为报名成功；参展和报名电话.陈老师：***********2026年（第十届）中国固态电池技术创新与产业化研讨会2026年11月25-27日 安徽.合肥会议背景固态电池是当前二次电池领域最为活跃的研究方向之一。理论上，全固态锂离子电池的能量密度可达900Wh/kg，由于采用固体电解质与高比能量负极，并可能防止锂枝晶导致的电池内部短路，固态电池的能量密度和循环寿命方面有望较传统锂电池有大幅提升。同时，固态电池还兼顾了,温馨提醒：1、免费参会：转发通知集赞18个方可免费参会（不含餐）限100个名额，截止时间9月15日（含15日当天）2、优惠票600元每人（含餐），截止时间9月15号（含），缴费成功视为报名成功；参展和报名电话.陈老师：***********2026年（第十届）中国固态电池技术创新与产业化研讨会2026年11月25-27日 安徽.合肥会议背景固态电池是当前二次电池领域最为活跃的研究方向之一。理论上，全固态锂离子电池的能量密度可达900Wh/kg，由于采用固体电解质与高比能量负极，并可能防止锂枝晶导致的电池内部短路，固态电池的能量密度和循环寿命方面有望较传统锂电池有大幅提升。同时，固态电池还兼顾了长储存寿命、高功率密度和制备简单等特性，尤其是比高能量密度传统锂离子电池拥有更良好的热控及安全特性。固态电解质作为固态电池核心技术，聚合物固态电解质、氧化物固态电解质、硫化物固态电解质三大类复合材料成为技术攻关的重点。但是，固态电解质要有与之适应的正负极体系。所以，推进全固态电池产业化的过程，也将是锂电正负极材料体系的一场全面变革。有鉴于此，为了进一步推动我国固态电池的研究创新和技术进步，及时了解固态电池最新相关研究成果和发展动态，尽早推广下游大规模应用，明确主要需求，加强行业交流，促进产学研协同创新，我们特别组织固态电池专题研讨会：26年（第十届）中国固态电池技术创新与产业化应用研讨会，会议将于2026年11月25日-27日在安徽.合肥举行。会议邀请固态电池领域的知名研究院所、大专院校、相关企业及投融资机构代表参会，就固态电池基础研究、关键材料、关键技术、关键装备及其标准等全产业领域展开探讨。共聚一堂，充分交流、集思广益、相互切磋，以期实质性促进我国固态电池的进一步发展。会议概况【会议时间】2026年11月25-27日（25日全天签到）【主办单位】锂电前沿【承办单位】 深圳友研科技有限公司固态电池会议交流内容 ●固体电解质材料：理论基础、新体系、规模制造及产业化应用●固态电池正负极材料：理论基础、新体系、规模制造及产业化应用●固态电池中的界面工程：界面观测与调控、制造及电池循环时的界面动态演变等●混合固液电解质锂电池：动力电池、储能电池及柔性电池等●全固态电池：全固态锂电池、全固态锂硫电池、全固态锂空气电池及全固态钠电池等●高通量理论和理论设计及计算方法在固态电池研究开发中的应用●固态电池的产业化技术会议形式主要通过大会报告、交流报告、现场讨论的形式，欢迎相关企业和检测机构安排小型展览。会议期间还将组织演讲嘉宾或行业资深专家们与参会代表互动进行自由讨论。为了共同办好这次会议，热烈欢迎各相关企业、科研院所赞助本次研讨会。会议注册费会议注册费：参会人员10月15日前11月20日前11月20日后以及现场正式代表2500元2800元3200元在校学生代表1500元1500元1800元（学生代表注册时需凭学生证，包含本科生、硕士、博士）注册费包含：会议费、资料费用等费用、不包含路费和住宿费，住宿要自订。账户信息：户名：深圳友研科技有限公司账号：757575353398开户行：中国银行股份有限公司深圳西丽支行付款时请注明“固态电池 +单位名称”开票注意事项：增值税普通发票请提供单位名称及税号。如果需要增值税专用发票，请提供单位名称、税号、地址、电话、开户行、账号第九届固态电池会议回顾2026年8月5日-7日，锂电前沿主办的“2026中国固态电池技术大会暨中国硅碳负极高峰论坛”在江苏常州顺利召开并圆满闭幕。锂电前沿举办此次会议议题紧贴固态电池，硅碳负极材料单位科研和产业化实际需求，引发市场广泛关注，受到专家及参会嘉宾一致好评，有力的推动了我国固态电池，硅碳负极材料的科技进步和产业化进程。第八届固态电池会议回顾2026年4月22日-24日，锂电前沿，钠电材料主办的“2026第八届中国固态电池技术创新与产业化应用研讨会暨中国钠电技术高峰论坛”在湖南长沙顺利召开并圆满闭幕。线下与会嘉宾达906人，参会单位超过550家，参展厂家超过60家，专题报告49个。锂电前沿，钠电材料举办此次会议议题紧贴固态电池，钠电材料单位科研和产业化实际需求，引发市场广泛关注，受到专家及参会嘉宾一致好评，有力的推动了我国固态电池，钠离子电池的科技进步和产业化进程。第七届固态电池会议回顾2025年10月22日-24日，锂电前沿，先进陶瓷材料主办的“2025第七届中国固态电池技术创新与产业化应用研讨会暨中国先进陶瓷技术与产业高峰论坛”在安徽合肥顺利召开并圆满闭幕。线下与会嘉宾达1036人，参会单位超过600家，参展厂家超过50家，专题报告42个。锂电前沿，先进陶瓷材料举办此次会议议题紧贴固态电池，先进陶瓷材料单位科研和产业化实际需求，引发市场广泛关注，受到专家及参会嘉宾一致好评，有力的推动了我国固态电池，先进陶瓷的科技进步和产业化进程。现场视频（点击上方观看）第五届固态电池会议回顾2024年10月，锂电前沿主办的“第五届中国固态电池技术创新与产业化应用研讨会”在安徽合肥顺利召开并圆满闭幕。线下与会嘉宾达820人，参会单位超过450家第六届固态电池会议回顾2025年3月26日-28日，锂电前沿主办的“2025第六届中国固态电池技术创新与产业化应用研讨会”在湖北武汉顺利召开并圆满闭幕。线下与会嘉宾达889人，参会单位超过500家，参展厂家超过50家，专题报告44个。锂电前沿举办此次会议议题紧贴固态电池单位科研和产业化实际需求，引发市场关注，受到专家及参会者广泛好评，有力的推动了我国固态电池的进一步发展。组委会联系方式参会、参展、宣传及赞助事宜联 系 人：陈老师 （赞助和报名事宜咨询）联系电话：***********（微信同号）邮 箱 ：sdlscck@163.com 报名方式一：长按报名报名方式二：点击左下方阅读原文报名,,,,pending
电池电极精细微观结构模拟,锂想生活,锂想生活,"RIOnews API, 新材料, 碳, 隔膜, NCM, 电解液",normal,2026-09-12T09:20:00+08:00,,为了拓展做电池模拟的方法和视野，自己准备陆续来复现文献中有意思的模拟结果，这是第3个模型吧。如果大家对一些好文章中的模型感兴趣，欢迎留言提供文献信息，研究后如果能够实现，我会来复现文献中的模型。锂离子电池模拟通常有均相多孔电极模型和非均相显式几何模型。常见的P2D、P3D等模型是均相模型，这些模型虽然计算效率高，但它将电极材料、碳胶相和电解液视为一个均匀混合的连续体，使用组分体积分数来宏观表述微观结构，无法区分活性颗粒表面不同区域的电化学反应特性。非均相显式几何模型直接在几何中分别构建活性颗粒、碳胶相和孔隙内电解液域，精准分配物理场和定义不同的界面反应条件。comsol官方提供了异质结构电池模,http://mp.weixin.qq.com/s?__biz=MzI0NzkxMTYzNA==&mid=2247513692&idx=1&sn=7d763572c422d5fabbd4bd7facde7c76,,为了拓展做电池模拟的方法和视野，自己准备陆续来复现文献中有意思的模拟结果，这是第3个模型吧。如果大家对一些好文章中的模型感兴趣，欢迎留言提供文献信息，研究后如果能够实现，我会来复现文献中的模型。锂离子电池模拟通常有均相多孔电极模型和非均相显式几何模型。常见的P2D、P3D等模型是均相模型，这些模型虽然计算效率高，但它将电极材料、碳胶相和电解液视为一个均匀混合的连续体，使用组分体积分数来宏观表述微观结构，无法区分活性颗粒表面不同区域的电化学反应特性。非均相显式几何模型直接在几何中分别构建活性颗粒、碳胶相和孔隙内电解液域，精准分配物理场和定义不同的界面反应条件。comsol官方提供了异质结构电池模,为了拓展做电池模拟的方法和视野，自己准备陆续来复现文献中有意思的模拟结果，这是第3个模型吧。如果大家对一些好文章中的模型感兴趣，欢迎留言提供文献信息，研究后如果能够实现，我会来复现文献中的模型。锂离子电池模拟通常有均相多孔电极模型和非均相显式几何模型。常见的P2D、P3D等模型是均相模型，这些模型虽然计算效率高，但它将电极材料、碳胶相和电解液视为一个均匀混合的连续体，使用组分体积分数来宏观表述微观结构，无法区分活性颗粒表面不同区域的电化学反应特性。非均相显式几何模型直接在几何中分别构建活性颗粒、碳胶相和孔隙内电解液域，精准分配物理场和定义不同的界面反应条件。comsol官方提供了异质结构电池模型，该模型区分了活性颗粒，但是把碳胶相和孔隙内的电解液仍旧看成一个整体的连续相，使用体积分数分别描述电解液和碳胶相。颗粒表面的电化学反应采用统一的BV方程描述。本人在此做了一个非均相显式几何NCM正极半电池模型，如图1所示，几何模型包括正极集流体、活性颗粒（简化成了圆形）、碳胶相、孔隙内的电解液、隔膜。活性颗粒的表面区分为和电解液接触的表面、以及和碳胶相接触的表面。图1 电池电极精细化微观结构示意图首先，简单展示一下模拟结果。0.1C和1C充放电过程时间-电压曲线和容量-电压曲线1C充电过程（1800s）和放电过程（3600s）电解液锂盐浓度分布，活性颗粒和碳胶相的分布状态会对电解液锂盐浓度分布有影响。0.1C和1C充电过程，模型左右两侧边上的电解液锂盐浓度分布。1C充电过程（1800s）和放电过程（3600s）电解液锂离子电流密度分布。1C充电过程（1800s）和放电过程（3600s）固相锂浓度（c/csmax）分布。1C充电过程（2160s）和放电过程（4200s）颗粒表面的局部反应电流密度分布，和电解液接触以及与碳胶相接触的表面呈现不同的反应电流密度。利用该模型，我们可以获取更多的微观结构信息，研究碳胶相和孔隙对电池性能的影响等。下面是详细的建模过程，如果需要此模型，或者做这方面的模拟，欢迎付费阅读以下内容，付费阅读后留言，本人可以提供模型源文件。此模型仅供学习参考，付费阅读后本人不负责答疑和调整模型，可以提供模型源文件。做了一个非均相显式几何NCM正极半电池模型，如图1所示，几何模型包括正极集流体、活性颗粒（简化成了圆形）、碳胶相、孔隙内的电解液、隔膜。活性颗粒的表面区分为和电解液接触的表面、以及和碳胶相接触的表面。,,,,pending
丰日电气：看好钠电在轨道交通市场应用前景,电池中国,电池中国,"RIOnews API, 新材料, 碳, 前沿表征, 工况, 新型电池, 钠离子电池, 钠电, 钠电池, 储能, 5C, 扩产, 样品, 量产, 落地",normal,2026-09-12T09:00:00+08:00,,【电池中国网 9月11日 长沙讯】由电池中国网开展的“绿色引领·融合创新——2026新能源电池产业链调研”活动，于近日开启浙江-湖南调研之行。\x0a\x26amp;nbsp;\x0a9月10日，电池中国网副总经理周波等产业链调研组一行，到访湖南丰日电源电气股份有限公司（简称“丰日电气”），与丰日电气董事长黎福根、运营副总裁欧阳文胜、技术研究院主任楚锋等企业负责人，围绕钠离子电池及上游核心材料技术、产业化痛点等话题，进行了深入交流。\x0a\x26amp;nbsp;\x0a据黎福根介绍，丰日电气长期以来深耕轨道交通、电力电源等领域，铅酸电池是丰日电气传统基本盘，其产品已广泛应用于铁路、地铁等国,http://mp.weixin.qq.com/s?__biz=MzA3MzY0OTIzMQ==&mid=2661851058&idx=1&sn=15933d35696135721d812e162774fd1a,,【电池中国网 9月11日 长沙讯】由电池中国网开展的“绿色引领·融合创新——2026新能源电池产业链调研”活动，于近日开启浙江-湖南调研之行。\x0a\x26amp;nbsp;\x0a9月10日，电池中国网副总经理周波等产业链调研组一行，到访湖南丰日电源电气股份有限公司（简称“丰日电气”），与丰日电气董事长黎福根、运营副总裁欧阳文胜、技术研究院主任楚锋等企业负责人，围绕钠离子电池及上游核心材料技术、产业化痛点等话题，进行了深入交流。\x0a\x26amp;nbsp;\x0a据黎福根介绍，丰日电气长期以来深耕轨道交通、电力电源等领域，铅酸电池是丰日电气传统基本盘，其产品已广泛应用于铁路、地铁等国,【电池中国网 9月11日 长沙讯】由电池中国网开展的“绿色引领·融合创新——2026新能源电池产业链调研”活动，于近日开启浙江-湖南调研之行。\x0a\x26amp;nbsp;\x0a9月10日，电池中国网副总经理周波等产业链调研组一行，到访湖南丰日电源电气股份有限公司（简称“丰日电气”），与丰日电气董事长黎福根、运营副总裁欧阳文胜、技术研究院主任楚锋等企业负责人，围绕钠离子电池及上游核心材料技术、产业化痛点等话题，进行了深入交流。\x0a\x26amp;nbsp;\x0a据黎福根介绍，丰日电气长期以来深耕轨道交通、电力电源等领域，铅酸电池是丰日电气传统基本盘，其产品已广泛应用于铁路、地铁等国家级关键工程。聚焦新型电池技术，依托轨道交通市场深厚积累，该公司已稳步布局钠电池赛道。\x0a\x26amp;nbsp;\x0a在钠电技术路线方面，欧阳文胜透露，丰日电气已布局聚阴离子和层状氧化物两条技术路线，目前以聚阴离子作为主力布局路线。\x0a\x26amp;nbsp;\x0a楚锋坦言，尽管钠电具备高倍率特性，但行业仍面临20℃低温充电效率低的短板，放电性能尚可，但低温充电行业普遍仅支持0.2C，突破0.5C仍存瓶颈，该问题是当前钠电产业化卡点之一。\x0a\x26amp;nbsp;\x0a据介绍，丰日电气现阶段坚持务实审慎的布局思路，不盲目扩产。钠电领域，目前该公司自主生产以32系圆柱产品为主，面向小动力、启停等场景；同时也外采部分钠电芯，持续储备和迭代有望应用于轨道交通场景的钠电产业化技术。\x0a\x26amp;nbsp;\x0a需要提及的是，丰日电气已对十余家钠电电芯样品完成实测，但部分产品仍存容量虚标、50次循环衰减明显等问题，企业期待行业摆脱概念炒作等乱象，以实测性能、稳定品质为核心比拼指标，建立统一的产品检测规范与标准体系。\x0a\x26amp;nbsp;\x0a依托轨道交通固有优势，丰日电气看好钠电在机车、地铁电源市场的机会。产业化方面，该公司优先开展批量验证，待完成充分实测数据积累后，再推进轨道交通等相关应用场景的产业化落地。\x0a\x26amp;nbsp;\x0a丰日电气呼吁国家层面应加大对钠电示范项目的引导，通过实际工况促进行业产品迭代。黎福根表示，丰日电气将坚守安全优先，坚持长周期验证，不跟风扩产，逐步拓展新型电池技术，在轨道交通、储能、船舶等新场景的应用及产业化。\x0a\x26amp;nbsp;\x0a座谈中，周波介绍了电池中国平台的发展历程、宗旨理念和主要工作。周波指出钠电产业链现实痛点：硬碳负极供给受限，正负极企业对上游材料的采购缺少话语权；钠电消费税减免窗口期仅有28个月，钠电量产应用需求紧迫。双方还围绕钠电轨道交通场景落地、样品实测评价标准等话题，展开务实探讨。,,,,pending
欢迎订阅2026年《中国固态电池与液流电池月报》,固态电池前沿,固态电池前沿,"RIOnews API, 固态电池",normal,2026-09-12T09:00:00+08:00,,尊敬的读者，亚化咨询推出了《中国固态电池与液流电池月报》，每月以PDF电子文档格式出版。《中国固态电池与液流电池月报》分为免费版与付费版两个版本，定于每月10日发送至订阅客户邮箱。免费版正文包含4个板块：行业会议政策动向企业动态与工程项目技术进展与创新与免费版相比，付费版的区别在于新增中国固态电池与液流电池项目数据库（月度更新），包括以下四个项目表：中国全钒液流电池项目数据库中国钒电池电解液项目数据库中国液流电池储能项目数据库中国固态电池项目数据库如果您有意向参与演讲、赞助、参会或购买报告更多详情欢迎您与我们联系 MEETINGS 往期会议回顾左右滑动查看更多第二届硫化锂与硫化物固态电池论坛2,http://mp.weixin.qq.com/s?__biz=MzkwMDI5MTkyNQ==&mid=2247503845&idx=2&sn=e96d52bca17d2fc271e70f99c862b8fb,,尊敬的读者，亚化咨询推出了《中国固态电池与液流电池月报》，每月以PDF电子文档格式出版。《中国固态电池与液流电池月报》分为免费版与付费版两个版本，定于每月10日发送至订阅客户邮箱。免费版正文包含4个板块：行业会议政策动向企业动态与工程项目技术进展与创新与免费版相比，付费版的区别在于新增中国固态电池与液流电池项目数据库（月度更新），包括以下四个项目表：中国全钒液流电池项目数据库中国钒电池电解液项目数据库中国液流电池储能项目数据库中国固态电池项目数据库如果您有意向参与演讲、赞助、参会或购买报告更多详情欢迎您与我们联系 MEETINGS 往期会议回顾左右滑动查看更多第二届硫化锂与硫化物固态电池论坛2,尊敬的读者，亚化咨询推出了《中国固态电池与液流电池月报》，每月以PDF电子文档格式出版。《中国固态电池与液流电池月报》分为免费版与付费版两个版本，定于每月10日发送至订阅客户邮箱。免费版正文包含4个板块：行业会议政策动向企业动态与工程项目技术进展与创新与免费版相比，付费版的区别在于新增中国固态电池与液流电池项目数据库（月度更新），包括以下四个项目表：中国全钒液流电池项目数据库中国钒电池电解液项目数据库中国液流电池储能项目数据库中国固态电池项目数据库如果您有意向参与演讲、赞助、参会或购买报告更多详情欢迎您与我们联系 MEETINGS 往期会议回顾左右滑动查看更多第二届硫化锂与硫化物固态电池论坛2026圆满召开！第四届钒原料、电解液与钒电池储能论坛2026圆满召开！中国国际钒液流电池论坛2025圆满召开！第三届钒原料、电解液与钒电池储能论坛2025圆满召开！硫化锂与硫化物固态电池论坛2025圆满召开中国国际钒液流储能大会2024圆满召开！2024钒原料、电解液与钒电池储能论坛第二届液流储能电池技术与产业发展论坛2024圆满召开！质子膜、双极板、电极材料与电堆技术论坛钒原料、电解液与钒电池产业发展论坛20232023液流储能电池技术与产业发展论坛圆满召开！推荐订阅欢迎订阅2025年《中国固态电池与液流电池月报》,,,,pending
5GWh半固态储能电芯+500吨固态电解质！清陶乌海二期项目稳步推进,固态电池前沿,固态电池前沿,"RIOnews API, 固态电池, 半固态, 量产推进, 产能, 下线, 批量生产",normal,2026-09-12T09:00:00+08:00,,9月1日上午，记者来到位于乌海海勃湾高新技术产业开发区的清陶（乌海）能源科技有限公司二期项目建设现场，看到挖掘机正在进行土方开挖作业，施工人员正在进行钢筋绑扎、模板支护等工作。清陶（乌海）能源科技有限公司成立于2023年11月，是清陶（昆山）能源发展集团股份有限公司的控股子公司，其固态电池专用材料及固态电池零碳产业园项目总投资约50亿元，计划建设5万吨固态电池专用材料、1000万千瓦时固态电池和储能系统，并配套建设风光新能源与储能电站。该项目分期建设，一期项目建设内容包括2万吨固态电池专用材料3条生产线及配套辅助设施，200万千瓦时储能电池组PACK与储能系统生产线；二期项目建设内容包括500,http://mp.weixin.qq.com/s?__biz=MzkwMDI5MTkyNQ==&mid=2247503845&idx=1&sn=2e84f64ff0c263ddb2704e5bca3f5972,,9月1日上午，记者来到位于乌海海勃湾高新技术产业开发区的清陶（乌海）能源科技有限公司二期项目建设现场，看到挖掘机正在进行土方开挖作业，施工人员正在进行钢筋绑扎、模板支护等工作。清陶（乌海）能源科技有限公司成立于2023年11月，是清陶（昆山）能源发展集团股份有限公司的控股子公司，其固态电池专用材料及固态电池零碳产业园项目总投资约50亿元，计划建设5万吨固态电池专用材料、1000万千瓦时固态电池和储能系统，并配套建设风光新能源与储能电站。该项目分期建设，一期项目建设内容包括2万吨固态电池专用材料3条生产线及配套辅助设施，200万千瓦时储能电池组PACK与储能系统生产线；二期项目建设内容包括500,9月1日上午，记者来到位于乌海海勃湾高新技术产业开发区的清陶（乌海）能源科技有限公司二期项目建设现场，看到挖掘机正在进行土方开挖作业，施工人员正在进行钢筋绑扎、模板支护等工作。清陶（乌海）能源科技有限公司成立于2023年11月，是清陶（昆山）能源发展集团股份有限公司的控股子公司，其固态电池专用材料及固态电池零碳产业园项目总投资约50亿元，计划建设5万吨固态电池专用材料、1000万千瓦时固态电池和储能系统，并配套建设风光新能源与储能电站。该项目分期建设，一期项目建设内容包括2万吨固态电池专用材料3条生产线及配套辅助设施，200万千瓦时储能电池组PACK与储能系统生产线；二期项目建设内容包括500万千瓦时半固态储能电芯生产线和500吨固态电解质生产线。清陶（乌海）能源科技有限公司副总经理李刚说：“目前，二期项目已完成综合站房混凝土垫层浇筑和2号生产车间、成品仓库、罐区等基础开挖施工，正在进行综合站房防水、基础钢筋绑扎以及原材料库、1号生产车间基础开挖施工。”据了解，该公司一期项目的储能电池组PACK与储能系统生产线已具备生产能力，首批订单于2025年10月完成交付。当前正处于新订单生产备料阶段，预计9月中旬开始批量生产，9月底储能舱产品将陆续下线并交付。李刚表示，二期项目预计2027年6月所有单体建筑主体结构封顶，2027年8月完成设备安装，2027年10月进入试生产阶段。在当今能源绿色低碳转型的浪潮中，锂电池因其高能量密度、长循环寿命、低自放电率等优点，已成为新能源时代的关键驱动力。固态锂电池是一种使用固态电极材料和固态电解质材料、不含有任何液体的电池。当前，传统液态锂电池的能量密度已接近理论上限，由于采用的是有机物电解液，在充放电过程中不可避免地发生副反应，会影响电池使用寿命，且有机物电解液十分易燃，短路时容易引发电池起火甚至爆炸，电池的安全性有待提高。与传统锂电池相比，清陶固态锂电池具有更可靠的安全性、更高的能量密度、更长的日历寿命以及更优异的低温性能等优势，目前已在新能源汽车、新型储能等领域成功规模化应用。2025年12月29日，全球首款搭载半固态电池的量产车型上汽名爵MG4半固态安芯版在乌海市完成交付，该车型搭载的半固态电池中的新型锰系正极材料正是由清陶（乌海）能源科技有限公司自主生产。项目全面建成投产后，将形成乌海地区固态电池专用材料、固态电池电芯及储能系统的产业生态链，为乌海打造新能源电池材料及装备制造产业集群、推动能源绿色低碳转型贡献力量。来源：乌海融媒尊敬的读者，亚化咨询推出了《中国固态电池与液流电池月报》，每月以PDF电子文档格式出版。《中国固态电池与液流电池月报》分为免费版与付费版两个版本，定于每月10日发送至订阅客户邮箱。免费版正文包含4个板块：行业会议政策动向企业动态与工程项目技术进展与创新与免费版相比，付费版的区别在于新增中国固态电池与液流电池项目数据库（月度更新），包括以下四个项目表：中国全钒液流电池项目数据库中国钒电池电解液项目数据库中国液流电池储能项目数据库中国固态电池项目数据库赞助方案Asiachem项目项目内容主题演讲25分钟主题演讲参会名额微信推送微信公众号，企业介绍以及相关软文会刊广告研讨会会刊，彩色全页广告（尺寸A4）资料入袋赞助企业的宣传册放入会议包袋现场展台现场展示台，展示样品、资料，含两个参会名额现场易拉宝现场1个易拉宝展示礼品赞助印有赞助商logo的礼品赠送参会听众茶歇赞助冠名和赞助会议期间的茶歇晚宴赞助冠名和赞助会议的招待晚宴Logo展示背景墙 logo，会刊封面logo如果您有意向参与演讲、赞助、参会或购买报告更多详情欢迎您与我们联系 MEETINGS 往期会议回顾左右滑动查看更多第二届硫化锂与硫化物固态电池论坛2026圆满召开！第四届钒原料、电解液与钒电池储能论坛2026圆满召开！中国国际钒液流电池论坛2025圆满召开！第三届钒原料、电解液与钒电池储能论坛2025圆满召开！硫化锂与硫化物固态电池论坛2025圆满召开中国国际钒液流储能大会2024圆满召开！2024钒原料、电解液与钒电池储能论坛第二届液流储能电池技术与产业发展论坛2024圆满召开！质子膜、双极板、电极材料与电堆技术论坛钒原料、电解液与钒电池产业发展论坛20232023液流储能电池技术与产业发展论坛圆满召开！推荐订阅9月1日上午，记者来到位于乌海海勃湾高新技术产业开发区的清陶（乌海）能源科技有限公司二期项目建设现场，看到挖掘,,,,pending
储能的下一场较量，在电站交付之后｜柳娜外滩大会谈AI+储能,全球液流电池储能,全球液流电池储能,"RIOnews API, 长时储能, 液流电池, 产品发布, 发布, 官宣",normal,2026-09-12T09:00:00+08:00,,扫码登记参会 据全球液流电池网获悉，2026 Inclusion·外滩大会重要论坛“AI拓境：智能开拓能源新边际”在上海世博园举行，本届论坛，以人工智能开拓能源新边际为主题。星辰新能创始人、董事长柳娜受邀出席，与来自人工智能、能源及产业领域的嘉宾展开交流，共同探讨AI与能源融合的产业实践与未来趋势。当AI加速进入能源行业，储能正成为重要的应用场景之一。AI与储能的融合，并不只是为设备增加更多“智能化”功能，也不只是提升某一个环节的单一效率。更值得关注的是，AI开始真正贯穿储能电站运行、电力交易与长期运营的全过程，推动行业从关注“设备能力”，走向关注“电力资产运营能力”。这也是柳娜在论坛现场分享,http://mp.weixin.qq.com/s?__biz=Mzg3NjcyNzE4Nw==&mid=2247579056&idx=3&sn=b9adc368984c1d0e5953f992dcbdbc50,,扫码登记参会 据全球液流电池网获悉，2026 Inclusion·外滩大会重要论坛“AI拓境：智能开拓能源新边际”在上海世博园举行，本届论坛，以人工智能开拓能源新边际为主题。星辰新能创始人、董事长柳娜受邀出席，与来自人工智能、能源及产业领域的嘉宾展开交流，共同探讨AI与能源融合的产业实践与未来趋势。当AI加速进入能源行业，储能正成为重要的应用场景之一。AI与储能的融合，并不只是为设备增加更多“智能化”功能，也不只是提升某一个环节的单一效率。更值得关注的是，AI开始真正贯穿储能电站运行、电力交易与长期运营的全过程，推动行业从关注“设备能力”，走向关注“电力资产运营能力”。这也是柳娜在论坛现场分享,扫码登记参会 据全球液流电池网获悉，2026 Inclusion·外滩大会重要论坛“AI拓境：智能开拓能源新边际”在上海世博园举行，本届论坛，以人工智能开拓能源新边际为主题。星辰新能创始人、董事长柳娜受邀出席，与来自人工智能、能源及产业领域的嘉宾展开交流，共同探讨AI与能源融合的产业实践与未来趋势。当AI加速进入能源行业，储能正成为重要的应用场景之一。AI与储能的融合，并不只是为设备增加更多“智能化”功能，也不只是提升某一个环节的单一效率。更值得关注的是，AI开始真正贯穿储能电站运行、电力交易与长期运营的全过程，推动行业从关注“设备能力”，走向关注“电力资产运营能力”。这也是柳娜在论坛现场分享的一个重要判断：储能未来的竞争，在于能不能把一座电站长期经营好。1从一次决策，到持续经营“什么时候充，什么时候放，如何参与市场？”随着储能越来越深地参与电力市场，这个看似简单的问题，背后需要处理的变量越来越多。市场价格、负荷和交易规则不断变化，同时还要结合电站当前电量、可充放电能力和设备运行状态。每一次交易决策，本质上都是在变化的市场与真实的电站能力之间寻找更优解。AI正在改变这一过程。过去电力交易依赖个人经验的判断，但在星辰新能的实践中，依靠星辰的AI大模型，市场数据、气象信息、负荷预测与电站实时状态持续汇集，AI结合市场规则与运行约束，对不同方案进行推演，辅助完成策略生成、校验与复核；交易完成后，实际运行与市场结果再次反馈至系统，成为下一轮预测和决策的依据。由此形成一个预测、决策、执行、复盘、再学习的持续循环。从辅助一次决策，到参与长期经营，这是AI进入储能更深层的价值。2从经营电站，到经营资产AI进入电站经营的同时，储能行业自身也在发生变化。柳娜在现场谈到，金融机构与储能资产之间的关系正不断加深。过去，金融机构更多作为资金提供方参与储能项目；随着行业发展，新的合作模式开始出现——金融机构进一步参与资产持有，专业企业则承担长期运营，双方围绕电站的长期经营建立更深入的合作。休息一下，看个广告当储能成为一项需要长期持有、长期运营的能源资产，评价它的尺度自然也被拉长。设备性能、价格和交付依然重要，但已经不足以定义一座电站的全部价值。能否长期稳定运行，能否持续掌握设备状态与风险，能否根据市场变化优化交易策略，能否让经营结果被持续衡量和验证，都将影响一座电站最终的资产价值。储能企业要回答的问题，也由此从“能不能交付一座电站”，延伸到“能不能长期经营好一项能源资产”。这背后，是储能价值逻辑的不断延伸：从设备价值，到运营价值，再到资产价值。3AI最终要回到真实价值围绕一座储能电站的长期价值，星辰新能将自身业务归结为三个环节：储存电、管理电、交易电。储存电，是一座电站安全、高效运行的基础；管理电，让设备状态、运行表现和全生命周期持续可见；交易电，则让储能真正进入市场，将物理能力转化为经营收益。AI与数据贯穿其中，将设备、运行与市场连接起来。这也是星辰新能对于AI+储能的理解：AI不是附加在储能业务之外的一项能力，而应当进入一座电站创造价值的全过程。从把电储好，到把电站管好，再到把电交易好；从交付设备，到经营电站，再到支撑能源资产的长期价值，AI所拓展的，是储能价值创造的边界。而当行业走到这一步，评价AI的标准也将越来越清晰：不仅仅是拥有多少模型、多少算法，而是能否让一座储能电站真正持续创造更大的价值。CFE2026第七届中国液流电池储能大会议程（9月9日更新）近期热点及活动1、最新议程、液流地图及参展单位等发布！全球液流风向标——CFE2026第七届中国液流电池储能大会9月17-18日大连即将重磅开启！2、7.6GWh！含11个全钒液流，云南发改委、能源局发布2026年共享储能项目清单3、官宣定档！朝圣之旅，9月17-18日CFE2026第七届中国液流电池储能大会相约大连！参展、演讲、参会报名正式启动！4、AI的尽头是储能与电力！CFE2026第六届中国液流电池储能大会圆满落幕，新型储能“转正”从电力“配角”到六大新兴支柱产业进阶5、突破迎关键临界点！全球旗舰盛会—CFE2025第五届中国液流电池储能大会暨2024-2025年度液流品牌颁奖盛典圆满落幕6、获奖名单及终版议程发布！CFE2025第五届中国液流电池储能大会暨品牌颁奖盛典9月19-20日武汉盛大召开7、共筑全产业链生态繁荣！全球风向—CFE2025第四届中国液流电池储能大会、中国液流电池青年科学家论坛圆满落幕8、晚宴名单、参会总名单、终版议程发布｜CFE2025第四届中国液流电池储能大会3月3日盛大开幕9、全国首个！四川出台钒电池储能产业专项政策智能开拓能源新边际”在上海世博园举行，本届论坛，以人工智能开拓能源新边际为主题。星辰新能创始人、董事长柳娜受邀出席，与来自人工智能、能源及产业领域的嘉宾展开交流，共同探讨AI与能源融合的产业实践与未来趋势。,,,,pending
攀枝花市与辽宁方大集团举行交流座谈会,全球液流电池储能,全球液流电池储能,"RIOnews API, 长时储能, 液流电池, 产品发布, 发布, 官宣, 合作进展, 投资, 合作",normal,2026-09-12T09:00:00+08:00,,扫码登记参会 据全球液流电池网获悉，9月9日，攀枝花市与辽宁方大集团举行交流座谈会，围绕产业协同、资源联动、项目落地、业态拓展等重点领域合作进行深入对接，携手开创地企互利共赢新局面。市委书记吴群刚、方大集团董事局主席方威出席会议并讲话。市委副书记、市长范继跃，方大集团高级合伙人、集团执行董事兼总裁黄智华出席会议并介绍有关情况。9月9日，攀枝花市与辽宁方大集团举行交流座谈会。市融媒体中心记者 谭浩/摄影吴群刚代表市委、市政府对方威一行来攀共商合作表示欢迎，向方大集团对攀枝花经济社会发展的关心支持表示感谢，高度认可方大集团“党建为魂”的企业文化和严谨细致的实干精神。他说，攀枝花因国家战略而生、因工,http://mp.weixin.qq.com/s?__biz=Mzg3NjcyNzE4Nw==&mid=2247579056&idx=8&sn=36199ee385eb3381d2b5f7a55b6a985f,,扫码登记参会 据全球液流电池网获悉，9月9日，攀枝花市与辽宁方大集团举行交流座谈会，围绕产业协同、资源联动、项目落地、业态拓展等重点领域合作进行深入对接，携手开创地企互利共赢新局面。市委书记吴群刚、方大集团董事局主席方威出席会议并讲话。市委副书记、市长范继跃，方大集团高级合伙人、集团执行董事兼总裁黄智华出席会议并介绍有关情况。9月9日，攀枝花市与辽宁方大集团举行交流座谈会。市融媒体中心记者 谭浩/摄影吴群刚代表市委、市政府对方威一行来攀共商合作表示欢迎，向方大集团对攀枝花经济社会发展的关心支持表示感谢，高度认可方大集团“党建为魂”的企业文化和严谨细致的实干精神。他说，攀枝花因国家战略而生、因工,扫码登记参会 据全球液流电池网获悉，9月9日，攀枝花市与辽宁方大集团举行交流座谈会，围绕产业协同、资源联动、项目落地、业态拓展等重点领域合作进行深入对接，携手开创地企互利共赢新局面。市委书记吴群刚、方大集团董事局主席方威出席会议并讲话。市委副书记、市长范继跃，方大集团高级合伙人、集团执行董事兼总裁黄智华出席会议并介绍有关情况。9月9日，攀枝花市与辽宁方大集团举行交流座谈会。市融媒体中心记者 谭浩/摄影吴群刚代表市委、市政府对方威一行来攀共商合作表示欢迎，向方大集团对攀枝花经济社会发展的关心支持表示感谢，高度认可方大集团“党建为魂”的企业文化和严谨细致的实干精神。他说，攀枝花因国家战略而生、因工业实业而兴，正处于高质量发展、高能级跃升的黄金机遇期，是大企业延链补链、扩能升级、多元布局的理想热土。方大集团作为跨行业、跨地区、多元化、具有较强国际竞争实力的大型企业集团，拥有先进的技术体系、雄厚的资本实力、成熟的管理经验和广阔的市场渠道，与攀枝花以钒钛钢铁为基石、以新材料新能源为主导、以多元产业为支撑的发展路径高度契合，双方优势互补、合作空间广阔。希望双方深化科创赋能、产研融合，共同做大做强钒钛钢铁新材料、高端炭素制品、新能源材料等产业“蛋糕”，合力深耕现代商贸物流、城市商业载体运营、康养文旅大健康等产业领域，携手开创地企互利共赢新局面。休息一下，看个广告我市将倾情倾力做好全链条服务保障，以最大诚意、最优环境、最实举措，为企业在攀投资兴业保驾护航。方威表示，来到攀枝花实地考察，深切感受到这座英雄城市厚重的工业底蕴、独特的战略资源优势和蓬勃向上的发展活力，对方大集团与攀枝花开展合作的前景充满期待。攀枝花提出建设高能级中国钒钛之都、打造国际阳光康养旅游目的地等发展目标，与方大集团的战略布局有很多契合点。方大集团坚持党建引领，始终听党话、跟党走，与攀枝花探索合作是响应国家战略、服务地方发展的积极举措，有助于实现优势互补、互利共赢。我们将以本次考察为新的起点，与攀枝花市进一步深化沟通、加强对接，在多个产业领域研究探讨务实合作，共同谱写地企高质量发展新篇章，并祝愿攀枝花的发展越来越好。在攀期间，方威一行实地考察了我市矿山资源开发利用、钒钛钢铁、文旅康养等产业发展情况。市领导李堂兵、赵文龙、魏胜利、刘建波，方大集团高管徐志新、孙栋、詹柏丹、张利钧，方大集团有关子公司负责人、市级有关部门和县（区）负责人参加。CFE2026第七届中国液流电池储能大会议程（9月9日更新）近期热点及活动1、最新议程、液流地图及参展单位等发布！全球液流风向标——CFE2026第七届中国液流电池储能大会9月17-18日大连即将重磅开启！2、7.6GWh！含11个全钒液流，云南发改委、能源局发布2026年共享储能项目清单3、官宣定档！朝圣之旅，9月17-18日CFE2026第七届中国液流电池储能大会相约大连！参展、演讲、参会报名正式启动！4、AI的尽头是储能与电力！CFE2026第六届中国液流电池储能大会圆满落幕，新型储能“转正”从电力“配角”到六大新兴支柱产业进阶5、突破迎关键临界点！全球旗舰盛会—CFE2025第五届中国液流电池储能大会暨2024-2025年度液流品牌颁奖盛典圆满落幕6、获奖名单及终版议程发布！CFE2025第五届中国液流电池储能大会暨品牌颁奖盛典9月19-20日武汉盛大召开7、共筑全产业链生态繁荣！全球风向—CFE2025第四届中国液流电池储能大会、中国液流电池青年科学家论坛圆满落幕8、晚宴名单、参会总名单、终版议程发布｜CFE2025第四届中国液流电池储能大会3月3日盛大开幕9、全国首个！四川出台钒电池储能产业专项政策9月9日，攀枝花市与辽宁方大集团举行交流座谈会，围绕产业协同、资源联动、项目落地、业态拓展等重点领域合作进行深入对接，携手开创地企互利共赢新局面。市委书记吴群刚、方大集团董事局主席方威出席会议并讲话。,,,,pending
外滩大会直击：铁铬液流储能落地，解锁AI算力绿色供电新范式,全球液流电池储能,全球液流电池储能,"RIOnews API, 长时储能, 液流电池, 产品发布, 发布, 亮相, 官宣",normal,2026-09-12T09:00:00+08:00,,扫码登记参会 据全球液流电池网获悉，“AI新经济”到底长啥样？9月9日至12日，以“共创AI新经济”为主题的2026 Inclusion·外滩大会在上海举行，超过300家参展企业汇聚于1.5万平方米的主题科技展区。记者今天率先探营，AI新经济已真实发生在产业、商业和每个人的日常生活中。AI“长”出行动力走在外滩大会的第一大感受，是硬科技更多了。基础大模型的迭代，具身智能的演进，让AI加速走进物理世界。超过40家具身智能厂商集中亮相，这些机器人不仅能跳舞、弹琴，也能在产业和生活里“真干活”。现场出现一家零售药房，它有点逼仄，通道宽度仅80厘米，但难不倒机器人。记者在现场看到，搭载蚂蚁灵波通用大脑,http://mp.weixin.qq.com/s?__biz=Mzg3NjcyNzE4Nw==&mid=2247579056&idx=4&sn=f1e16cc0e96665acbc86857fd8e58bee,,扫码登记参会 据全球液流电池网获悉，“AI新经济”到底长啥样？9月9日至12日，以“共创AI新经济”为主题的2026 Inclusion·外滩大会在上海举行，超过300家参展企业汇聚于1.5万平方米的主题科技展区。记者今天率先探营，AI新经济已真实发生在产业、商业和每个人的日常生活中。AI“长”出行动力走在外滩大会的第一大感受，是硬科技更多了。基础大模型的迭代，具身智能的演进，让AI加速走进物理世界。超过40家具身智能厂商集中亮相，这些机器人不仅能跳舞、弹琴，也能在产业和生活里“真干活”。现场出现一家零售药房，它有点逼仄，通道宽度仅80厘米，但难不倒机器人。记者在现场看到，搭载蚂蚁灵波通用大脑,扫码登记参会 据全球液流电池网获悉，“AI新经济”到底长啥样？9月9日至12日，以“共创AI新经济”为主题的2026 Inclusion·外滩大会在上海举行，超过300家参展企业汇聚于1.5万平方米的主题科技展区。记者今天率先探营，AI新经济已真实发生在产业、商业和每个人的日常生活中。AI“长”出行动力走在外滩大会的第一大感受，是硬科技更多了。基础大模型的迭代，具身智能的演进，让AI加速走进物理世界。超过40家具身智能厂商集中亮相，这些机器人不仅能跳舞、弹琴，也能在产业和生活里“真干活”。现场出现一家零售药房，它有点逼仄，通道宽度仅80厘米，但难不倒机器人。记者在现场看到，搭载蚂蚁灵波通用大脑的机器人正穿行其间，实时接收订单、识别药品、分拣交付，一气呵成。现场工作人员介绍，在上海国大药房里，这台机器人已经上岗，专攻药品分拣，“尤其是夜班时段，它能接过分拣重担，让药剂师能喘口气。”四足机器狗“途途”的展台前排起体验队伍，不少体验者都想体验一下“狗狗付”，让高德动能这只全球首个具备完整支付能力的具身智能产品“跑个腿”。“帮我买个菜！”在手机端下达指令后，“途途”便可以独自走进真实物理环境，锁定菜场、告诉店家需要的商品、下单、付款一气呵成。“整个过程中，用户还能通过手机感知、管理由机器狗代为办理的每一个流程，让AI不越界。”工作人员透露，比如，途途帮用户完成的每一笔交易背后都有支付宝可信身份认证护航，避免冒用。多项前沿硬核技术成果已跳出虚拟屏幕，飞向产业、生活的各个角落。中海储能将其铁铬液流电池储能系统“微缩”成沙盘模型，点点闪动的蓝色光芒还原着“光伏发电+铁铬液流长时储能+算力负荷”的全闭环离网供算体系。展台工作人员告诉记者，这套技术已在位于河南兰考的国内首个铁铬液流离网算电协同示范项目中落地应用，依托自主开发一体化智能算电协同管控平台，能够为150kW的算力单元提供7天24小时不间断绿色电力。音乐乐高是什么？初创企业MuseKey则带来了首款儿童AI创作型硬件的工程样机。展台上，拍打桌子的砰砰声，被实时捕捉并变成了琴键上的专属音符；通过按压不同形状的物理键位，像换积木一样随意调度不同乐器与节奏，便能零门槛玩转属于自己的第一首原创作品。公司创始人谭飞表示，“乐高用积木赋予了孩子空间搭建的能力，MuseKey 则用‘声音积木’赋予孩子创作音乐的自由，让玩乐的过程成为最好的音乐启蒙。”有专家表示，支撑这一切的，是一套正在逐步成形的AI新经济基础设施，从模型、数据、智能体，到终端、支付和安全，AI正在获得进入真实世界的“手脚”和“毛细血管”。AI新经济有了商业基础设施在15000平方米的科技展里，记者最大的感触是体验感满满。从入场那一刻开始，AI就已经在“工作”，手机“碰一下”即可完成入场核验并唤起展会AI助手；智能体开始替人处理咖啡、出行、求职等事，AI新经济的商业基础设施正在逐步完善。外滩大会里开了一家花店，店门口贴出了招工启事，记者前往“应聘”兼职，“碰一下”就跳出了“花艺师日结体验岗”，自动核对信息后当天就可极速入职，日薪1.88元。记者开始“打工”，首先在考勤处打卡，然后跟随花艺师制作花束，“工作”结束后，打卡“下班”，发现薪资秒到账。花店负责人表示，花店有较明显的淡旺季，已经开始通过AI智能体来进行岗位适配。记者获悉，作为AI原生超级生活服务智能体，蚂蚁阿宝已完成万余项服务AI化适配，覆盖餐饮点餐、出行打车、文旅景区、政务民生等场景，并与手机、车机、智能眼镜、大模型应用等终端打通。休息一下，看个广告外滩大会还开了一家医院。在未来乡村诊所的棉花村诊室，68岁的张启方带着陪伴他30多年的诊疗箱来了。他是贵州普安县资历最深的村医之一，从医近30年，他曾连续7天不间断接诊数百人，如今有了AI的助力，他觉得多了个靠谱的助手：“有一次，有个40岁村民反应存在脑梗风险，AI提醒我患者有脑梗的风险，我综合判断后做了转诊，没有延误病情。”在诊室里，双屏协同AI诊间助手迎来首秀。蚂蚁AI企业服务业务专家黄佑介绍，这套系统内置3D结构光摄像头，不仅能刷脸核身，还可精准捕获医患对话，实时转写并自动生成结构化病历，让村医从文书负担中解放，专注诊疗本身：“未来这套产品将在乡村医院推广。”而在旁边的未来医院，记者体验了到耳鼻喉医院的全流程，从阿福智能匹配号源挂号、导诊机器人院内导航，到云陪诊一键签到、报告大白话解读，再到医保商保一站式结算，AI服务已贯穿就医全流程。据悉，这一“云陪诊”目前已覆盖全国400多家医疗机构、30余个就医节点。绿色技术唤醒荒漠生机今年的外滩大会同样辟出“绿色星球”板块，“让荒漠重生”展区聚焦干旱地区生态修复，将水作为破题关键。展台中央，一座微缩沙盘把沙漠治理的图景浓缩在方寸之间。沙盘上，光伏阵列、空气制水设备、蓄水池与滴灌管网依次铺展，完整还原了一套不用远距离调水，就地从空气中获取水源的治沙闭环。这是爱摩威尔科技公司带来的MOF基转轮式吸附空气制水系统。公司负责人杜帅介绍，MOF，也就是可设计的晶态多孔材料，拥有强大的水汽捕捉能力。即使在湿度仅10%的极端干旱环境也能产水，浇灌梭梭树、沙柳这类耐风沙本土植被，以科技力量唤醒沉睡沙海，非常适合沙漠等缺水场景。在干旱荒漠，空气制水解决了“水从哪里来”的难题，那么，如何把来之不易的水分留住，让幼苗扎根成活，进而补上了治沙链条的后半段？西北农林科技大学带来了一张神奇的绿毯——生物结皮毯。荒漠环境下，雨水、露水落在沙地极易快速蒸发消散，而人工培育的生物结皮毯，能够将转瞬即逝的水汽留住，创造更长时间的可利用水分窗口，帮助荒漠本土微生物存活繁衍。目前这项成果已经走出实验室，在长庆油田分公司苏里格气田2026年产能建设项目，成功铺设1.5万平方米，并首次纳入我国生物结皮毯水土保持方案设计。一旁展台之上，植物葆青罐是专为干旱环境设计的植物“保水神器”，它会收集自然降水，待到干旱时节，再缓慢向土壤释放水汽，以此来维持土壤湿度，提升树苗的存活概率。这套装置包含蓄水箱、蒸发罩、滤水网等构件，蓄水一次最长可以支撑植物2至5个月的生长。在外滩大会现场，还上演着一幕“让海洋回蓝”的生动实践。一件件科技展品如同伸向蔚蓝大海的“数字触角”，以AI、卫星遥感、水下智能装备，为海洋生态守护注入鲜活力量。展区内，海龟信标设备格外吸睛。海龟每一次浮出海面呼吸的短短两三秒，便是信标捕捉信号的珍贵时刻。这套智能卫星定位装置，牢牢记录下海龟跨越山海的迁徙轨迹，还可适配鲸鲨、海豹等大型海洋动物，把大海深处的生命动态，转化为可供科研分析的宝贵数据。一旁的“瑶华”珊瑚礁大模型，则借助人工智能的力量，将珊瑚礁判读效率提升550倍，透过AI慧眼，让海底珊瑚的生长、退化变化一览无余。CFE2026第七届中国液流电池储能大会议程（9月9日更新）近期热点及活动1、最新议程、液流地图及参展单位等发布！全球液流风向标——CFE2026第七届中国液流电池储能大会9月17-18日大连即将重磅开启！2、7.6GWh！含11个全钒液流，云南发改委、能源局发布2026年共享储能项目清单3、官宣定档！朝圣之旅，9月17-18日CFE2026第七届中国液流电池储能大会相约大连！参展、演讲、参会报名正式启动！4、AI的尽头是储能与电力！CFE2026第六届中国液流电池储能大会圆满落幕，新型储能“转正”从电力“配角”到六大新兴支柱产业进阶5、突破迎关键临界点！全球旗舰盛会—CFE2025第五届中国液流电池储能大会暨2024-2025年度液流品牌颁奖盛典圆满落幕6、获奖名单及终版议程发布！CFE2025第五届中国液流电池储能大会暨品牌颁奖盛典9月19-20日武汉盛大召开7、共筑全产业链生态繁荣！全球风向—CFE2025第四届中国液流电池储能大会、中国液流电池青年科学家论坛圆满落幕8、晚宴名单、参会总名单、终版议程发布｜CFE2025第四届中国液流电池储能大会3月3日盛大开幕9、全国首个！四川出台钒电池储能产业专项政策“AI新经济”到底长啥样？9月9日至12日，以“共创AI新经济”为主题的2026 Inclusion·外滩大会在上海举行，超过300家参展企业汇聚于1.5万平方米的主题科技展区。记者今天率先探营，AI新经济已真实发生在产业、商业和每个人的日常生活中。,,,,pending
加拿大拉克多雷钒铁钛项目完成岩屑采样，关键矿产勘探再进一步,全球液流电池储能,全球液流电池储能,"RIOnews API, 长时储能, 液流电池, 产品发布, 发布, 官宣",normal,2026-09-12T09:00:00+08:00,,扫码登记参会 据全球液流电池网获悉，近日，VanadiumCorp Resource Inc.宣布，其位于加拿大魁北克省Chibougamau矿业区、100%持有的Lac Doré钒—铁—钛项目已完成一项岩屑采样计划。此次工作由魁北克Val-d’Or的Explo-Logik Inc.负责实施，共采集53个岩屑样品，并已提交至独立认可实验室AGAT Laboratories进行样品制备及多元素分析。分析项目包括钒、铁、钛及相关元素，结果将在完成审核和技术解释后，为下一阶段勘探靶区筛选和地质模型更新提供依据。从勘探内容来看，此次工作并不是简单的资源取样，而是针对Lac Doré Complex（拉,http://mp.weixin.qq.com/s?__biz=Mzg3NjcyNzE4Nw==&mid=2247579056&idx=5&sn=cdaf01bf4f5cd5f7edf8e91688b552de,,扫码登记参会 据全球液流电池网获悉，近日，VanadiumCorp Resource Inc.宣布，其位于加拿大魁北克省Chibougamau矿业区、100%持有的Lac Doré钒—铁—钛项目已完成一项岩屑采样计划。此次工作由魁北克Val-d’Or的Explo-Logik Inc.负责实施，共采集53个岩屑样品，并已提交至独立认可实验室AGAT Laboratories进行样品制备及多元素分析。分析项目包括钒、铁、钛及相关元素，结果将在完成审核和技术解释后，为下一阶段勘探靶区筛选和地质模型更新提供依据。从勘探内容来看，此次工作并不是简单的资源取样，而是针对Lac Doré Complex（拉,扫码登记参会 据全球液流电池网获悉，近日，VanadiumCorp Resource Inc.宣布，其位于加拿大魁北克省Chibougamau矿业区、100%持有的Lac Doré钒—铁—钛项目已完成一项岩屑采样计划。此次工作由魁北克Val-d’Or的Explo-Logik Inc.负责实施，共采集53个岩屑样品，并已提交至独立认可实验室AGAT Laboratories进行样品制备及多元素分析。分析项目包括钒、铁、钛及相关元素，结果将在完成审核和技术解释后，为下一阶段勘探靶区筛选和地质模型更新提供依据。从勘探内容来看，此次工作并不是简单的资源取样，而是针对Lac Doré Complex（拉克多雷杂岩体）中具有找矿潜力的重点区域开展现代化、系统性的地质和地球化学数据补充。项目重点覆盖主要的斜长岩和辉长岩单元，这些岩性中赋存着公司重点关注的含钒磁铁矿层。通过对不同岩性和构造环境进行代表性采样，公司希望进一步厘清钒—铁—钛矿化带的空间分布特征，并据此更新现有地质解释，为后续勘探和开发工作确定优先区域。Lac Doré项目本身具有较长的勘探历史，而此次工作的核心价值之一，就是利用现代地质、地球化学手段重新认识这一历史项目。对于具有长期勘探记录的矿产项目而言，历史数据往往能够提供重要基础，但随着地质认识、分析技术和关键矿产需求发生变化，对既有矿化体系进行重新解释同样具有重要意义。VanadiumCorp表示，Lac Doré仍是公司关键矿产战略的核心项目，此次新增的53个岩屑样品将帮助公司进一步完善钒—铁—钛矿化层的地质认识，并将下一阶段工作集中到最具优先级的区域。休息一下，看个广告从元素组合来看，Lac Doré项目值得关注的地方在于其并非单一钒资源项目，而是围绕钒、铁、钛形成了具有协同开发潜力的多金属资源体系。项目工作的重点矿化体为含钒磁铁矿层，这意味着钒资源与铁资源在矿石体系中具有天然关联，同时项目名称本身也明确体现了钛资源的重要性。对于当前全球关键矿产供应链而言，这类多元素共生矿床的价值正在逐步提升：一方面，钒是钢铁合金化和钒液流电池领域的重要原料；另一方面，铁和钛又分别对应传统钢铁产业以及钛白粉、海绵钛和钛合金等产业链。如何通过选矿、冶金等技术手段提高伴生和共生资源的综合回收率，将成为此类项目未来开发价值的重要组成部分。此次采样结果目前尚未公布，因此现阶段尚不能据此判断Lac Doré项目新增资源量、矿石品位或经济价值是否出现实质性变化。公司计划在获得分析结果后，由技术团队进一步审核和解释，并据此推进优先靶区评价及地质模型更新。也就是说，目前项目仍处于进一步勘探和地质认识阶段，后续分析结果才是判断此次工作的实际找矿价值的重要依据。VanadiumCorp此前还在其Lac Laura金—铜项目完成了314个样品的土壤地球化学调查，目前同样处于等待分析结果阶段。这表明公司当前正在魁北克多个项目同步推进基础地质和地球化学工作，并围绕钒、铁、钛以及贵金属等资源进行项目组合布局。目前，Lac Doré项目的最新岩屑样品分析结果仍待公布。后续数据能否进一步验证重点区域的矿化特征，并推动项目从勘探阶段向资源评价和开发研究迈进，值得持续关注。CFE2026第七届中国液流电池储能大会议程（9月9日更新）近期热点及活动1、最新议程、液流地图及参展单位等发布！全球液流风向标——CFE2026第七届中国液流电池储能大会9月17-18日大连即将重磅开启！2、7.6GWh！含11个全钒液流，云南发改委、能源局发布2026年共享储能项目清单3、官宣定档！朝圣之旅，9月17-18日CFE2026第七届中国液流电池储能大会相约大连！参展、演讲、参会报名正式启动！4、AI的尽头是储能与电力！CFE2026第六届中国液流电池储能大会圆满落幕，新型储能“转正”从电力“配角”到六大新兴支柱产业进阶5、突破迎关键临界点！全球旗舰盛会—CFE2025第五届中国液流电池储能大会暨2024-2025年度液流品牌颁奖盛典圆满落幕6、获奖名单及终版议程发布！CFE2025第五届中国液流电池储能大会暨品牌颁奖盛典9月19-20日武汉盛大召开7、共筑全产业链生态繁荣！全球风向—CFE2025第四届中国液流电池储能大会、中国液流电池青年科学家论坛圆满落幕8、晚宴名单、参会总名单、终版议程发布｜CFE2025第四届中国液流电池储能大会3月3日盛大开幕9、全国首个！四川出台钒电池储能产业专项政策近日，VanadiumCorp Resource Inc.宣布，其位于加拿大魁北克省Chibougamau矿业区、100%持有的Lac Doré钒—铁—钛项目已完成一项岩屑采样计划。,,,,pending
苏州市保护中心赴企业开展新型储能产业专利导航项目调研,全球液流电池储能,全球液流电池储能,"RIOnews API, 长时储能, 液流电池, 产品发布, 发布, 官宣",normal,2026-09-12T09:00:00+08:00,,扫码登记参会 据全球液流电池网获悉，为精准对接苏州市新型储能产业发展需求，持续优化专利导航服务，近日，保护中心深入苏州新中能源科技有限公司、固德威技术股份有限公司、艾博特瑞能源科技有限公司等五家企业开展专项走访调研，面对面倾听企业诉求，切实完善保护中心专利导航服务体系。本次走访调研紧扣前期新型储能产业专利导航报告编制工作，变“被动服务”为“主动上门”。调研过程中，调研组一行与企业负责人、技术研发骨干、知识产权管理人员等开展深度交流，详细了解企业在技术研发、专利布局、市场竞争等方面对专利导航报告的具体需求和使用反馈，认真听取企业对报告内容、更新频率、分析维度等方面的意见建议。（上下滑动查看）休息,http://mp.weixin.qq.com/s?__biz=Mzg3NjcyNzE4Nw==&mid=2247579056&idx=6&sn=8a7aad24d72490d50aae494464490687,,扫码登记参会 据全球液流电池网获悉，为精准对接苏州市新型储能产业发展需求，持续优化专利导航服务，近日，保护中心深入苏州新中能源科技有限公司、固德威技术股份有限公司、艾博特瑞能源科技有限公司等五家企业开展专项走访调研，面对面倾听企业诉求，切实完善保护中心专利导航服务体系。本次走访调研紧扣前期新型储能产业专利导航报告编制工作，变“被动服务”为“主动上门”。调研过程中，调研组一行与企业负责人、技术研发骨干、知识产权管理人员等开展深度交流，详细了解企业在技术研发、专利布局、市场竞争等方面对专利导航报告的具体需求和使用反馈，认真听取企业对报告内容、更新频率、分析维度等方面的意见建议。（上下滑动查看）休息,扫码登记参会 据全球液流电池网获悉，为精准对接苏州市新型储能产业发展需求，持续优化专利导航服务，近日，保护中心深入苏州新中能源科技有限公司、固德威技术股份有限公司、艾博特瑞能源科技有限公司等五家企业开展专项走访调研，面对面倾听企业诉求，切实完善保护中心专利导航服务体系。本次走访调研紧扣前期新型储能产业专利导航报告编制工作，变“被动服务”为“主动上门”。调研过程中，调研组一行与企业负责人、技术研发骨干、知识产权管理人员等开展深度交流，详细了解企业在技术研发、专利布局、市场竞争等方面对专利导航报告的具体需求和使用反馈，认真听取企业对报告内容、更新频率、分析维度等方面的意见建议。（上下滑动查看）休息一下，看个广告新型储能是新能源产业高质量发展的核心支撑，也是推动能源结构转型升级、实现双碳目标的关键赛道。保护中心立足职能优势，创新工作思路，常态化开展新型储能产业专利动态研究工作。相较于传统静态报告模式，中心建立季度动态更新机制，持续跟踪产业政策迭代、技术迭代、专利布局竞争格局及市场发展趋势，动态完善产业专利分析内容，目前已顺利完成三期新型储能产业专利导航报告的编制与更新，为苏州市新型储能产业创新发展、精准施策提供了持续、专业、鲜活的专利数据支撑与决策参考。CFE2026第七届中国液流电池储能大会议程（9月9日更新）近期热点及活动1、最新议程、液流地图及参展单位等发布！全球液流风向标——CFE2026第七届中国液流电池储能大会9月17-18日大连即将重磅开启！2、7.6GWh！含11个全钒液流，云南发改委、能源局发布2026年共享储能项目清单3、官宣定档！朝圣之旅，9月17-18日CFE2026第七届中国液流电池储能大会相约大连！参展、演讲、参会报名正式启动！4、AI的尽头是储能与电力！CFE2026第六届中国液流电池储能大会圆满落幕，新型储能“转正”从电力“配角”到六大新兴支柱产业进阶5、突破迎关键临界点！全球旗舰盛会—CFE2025第五届中国液流电池储能大会暨2024-2025年度液流品牌颁奖盛典圆满落幕6、获奖名单及终版议程发布！CFE2025第五届中国液流电池储能大会暨品牌颁奖盛典9月19-20日武汉盛大召开7、共筑全产业链生态繁荣！全球风向—CFE2025第四届中国液流电池储能大会、中国液流电池青年科学家论坛圆满落幕8、晚宴名单、参会总名单、终版议程发布｜CFE2025第四届中国液流电池储能大会3月3日盛大开幕9、全国首个！四川出台钒电池储能产业专项政策近日，保护中心深入苏州新中能源科技有限公司、固德威技术股份有限公司、艾博特瑞能源科技有限公司等五家企业开展专项走访调研，面对面倾听企业诉求，切实完善保护中心专利导航服务体系。,,,,pending
兆瓦级模块化并联架构全钒液流电池储能系统入选国家能源局第六批能源领域首台（套）重大技术装备清单,全球液流电池储能,全球液流电池储能,"RIOnews API, 长时储能, 液流电池, 产品发布, 发布, 官宣",normal,2026-09-12T09:00:00+08:00,,扫码登记参会 据全球液流电池网获悉，9月11日，国家能源局综合司《关于公示第六批能源领域首台（套）重大技术装备清单的通知》发布。根据公示，共有90项技术装备列入第六批能源领域首台（套）重大技术装备清单，其中储能领域10个项目入选，包括兆瓦级超高温热泵储能系统、百兆瓦广域台区云储能系统、基于超分子材料的全浸没式电化学储能装备、电压/频率主动支撑的5MW新型电磁耦合磁悬浮惯量飞轮机组、耦合构网型SVG的无功增强型中压直流级联储能装备、兆瓦/分钟级长寿命混合型超级电容器储能系统、基于活塞式气动发电机的分布式压缩空气储能冷热电三联供系统、兆瓦级模块化并联架构全钒液流电池储能系统、300MW级压缩空气储,http://mp.weixin.qq.com/s?__biz=Mzg3NjcyNzE4Nw==&mid=2247579056&idx=1&sn=46cb34f83953de4c0b66e4bfe582c7c7,,扫码登记参会 据全球液流电池网获悉，9月11日，国家能源局综合司《关于公示第六批能源领域首台（套）重大技术装备清单的通知》发布。根据公示，共有90项技术装备列入第六批能源领域首台（套）重大技术装备清单，其中储能领域10个项目入选，包括兆瓦级超高温热泵储能系统、百兆瓦广域台区云储能系统、基于超分子材料的全浸没式电化学储能装备、电压/频率主动支撑的5MW新型电磁耦合磁悬浮惯量飞轮机组、耦合构网型SVG的无功增强型中压直流级联储能装备、兆瓦/分钟级长寿命混合型超级电容器储能系统、基于活塞式气动发电机的分布式压缩空气储能冷热电三联供系统、兆瓦级模块化并联架构全钒液流电池储能系统、300MW级压缩空气储,扫码登记参会 据全球液流电池网获悉，9月11日，国家能源局综合司《关于公示第六批能源领域首台（套）重大技术装备清单的通知》发布。根据公示，共有90项技术装备列入第六批能源领域首台（套）重大技术装备清单，其中储能领域10个项目入选，包括兆瓦级超高温热泵储能系统、百兆瓦广域台区云储能系统、基于超分子材料的全浸没式电化学储能装备、电压/频率主动支撑的5MW新型电磁耦合磁悬浮惯量飞轮机组、耦合构网型SVG的无功增强型中压直流级联储能装备、兆瓦/分钟级长寿命混合型超级电容器储能系统、基于活塞式气动发电机的分布式压缩空气储能冷热电三联供系统、兆瓦级模块化并联架构全钒液流电池储能系统、300MW级压缩空气储能系统用智能可调式超高温排气高压比压缩机组、锂离子电池早期故障氢敏监测系统与装备。技术装备名称：兆瓦级模块化并联架构全钒液流电池储能系统研制单位：宜昌长江三峡岸电技术有限公司、宜昌电力勘测设计院有限公司、北京普能世纪科技有限公司；用户单位：国网湖北省电力有限公司、法电优能（长阳）新能源有限公司；依托工程：湖北长阳龙舟坪镇新型储能电站项目；休息一下，看个广告以下为原文国家能源局综合司关于公示第六批能源领域首台（套）重大技术装备清单的通知 根据《国家能源局关于促进能源领域首台（套）重大技术装备示范应用的通知》（国能发科技〔2018〕49号）、《能源领域首台（套）重大技术装备评定和评价办法》（国能发科技〔2022〕81号）有关规定，经组织专家评审和复核，拟将“16MW级漂浮式海上风力发电机组”等90项技术装备列入第六批能源领域首台（套）重大技术装备清单（详见附件），现予公示。 公示期间，任何单位或个人可对公示内容提出书面异议。异议材料应注明真实姓名和联系方式，提出异议的单位或个人应对异议材料的真实性和可靠性负责。对匿名或无具体事实依据的异议，以及涉及自身利益的不正当要求，不予受理。 公示时间：2026年9月10日至9月16日 邮箱：JZC@nea.gov.cn 附件：第六批能源领域首台（套）重大技术装备清单（公示稿）国家能源局综合司2026年9月8日CFE2026第七届中国液流电池储能大会议程（9月9日更新）近期热点及活动1、最新议程、液流地图及参展单位等发布！全球液流风向标——CFE2026第七届中国液流电池储能大会9月17-18日大连即将重磅开启！2、7.6GWh！含11个全钒液流，云南发改委、能源局发布2026年共享储能项目清单3、官宣定档！朝圣之旅，9月17-18日CFE2026第七届中国液流电池储能大会相约大连！参展、演讲、参会报名正式启动！4、AI的尽头是储能与电力！CFE2026第六届中国液流电池储能大会圆满落幕，新型储能“转正”从电力“配角”到六大新兴支柱产业进阶5、突破迎关键临界点！全球旗舰盛会—CFE2025第五届中国液流电池储能大会暨2024-2025年度液流品牌颁奖盛典圆满落幕6、获奖名单及终版议程发布！CFE2025第五届中国液流电池储能大会暨品牌颁奖盛典9月19-20日武汉盛大召开7、共筑全产业链生态繁荣！全球风向—CFE2025第四届中国液流电池储能大会、中国液流电池青年科学家论坛圆满落幕8、晚宴名单、参会总名单、终版议程发布｜CFE2025第四届中国液流电池储能大会3月3日盛大开幕9、全国首个！四川出台钒电池储能产业专项政策9月11日，国家能源局综合司《关于公示第六批能源领域首台（套）重大技术装备清单的通知》发布。,,,,pending
全钒液流储能赛道升温，质子交换膜龙头科润新材闯关创业板,全球液流电池储能,全球液流电池储能,"RIOnews API, 长时储能, 液流电池, 产品发布, 发布, 官宣, 上市, 合作进展, 招标, 合作, 量产推进, 产能, 扩产",normal,2026-09-12T09:00:00+08:00,,扫码登记参会 据全球液流电池网获悉，苏州科润新材料股份有限公司IPO进程迎来新进展，9月8日，公司状态更新为首轮问询回复后的审核阶段。本次上市计划募集资金9.65亿元，资金将用于高端含氟聚合物、质子交换膜产能扩建项目，同时投入研发中心建设并补充企业流动资金。 作为国内首家实现液流电池质子交换膜规模化自主生产的企业，科润新材打破海外厂商长期垄断，在液流电池膜领域跻身国内第一、全球第二梯队。受益于全钒液流储能赛道快速扩张，企业营收实现高速增长，但单品收入占比过高、产品价格持续下行、产能利用率逐步走低等问题，也成为企业发展路上不可忽视的挑战。 深交所首轮问询一共抛出14项问题，核心围绕液流电池行业景,http://mp.weixin.qq.com/s?__biz=Mzg3NjcyNzE4Nw==&mid=2247579056&idx=2&sn=d54f55f6f70c8f87074e8a08972ad872,,扫码登记参会 据全球液流电池网获悉，苏州科润新材料股份有限公司IPO进程迎来新进展，9月8日，公司状态更新为首轮问询回复后的审核阶段。本次上市计划募集资金9.65亿元，资金将用于高端含氟聚合物、质子交换膜产能扩建项目，同时投入研发中心建设并补充企业流动资金。 作为国内首家实现液流电池质子交换膜规模化自主生产的企业，科润新材打破海外厂商长期垄断，在液流电池膜领域跻身国内第一、全球第二梯队。受益于全钒液流储能赛道快速扩张，企业营收实现高速增长，但单品收入占比过高、产品价格持续下行、产能利用率逐步走低等问题，也成为企业发展路上不可忽视的挑战。 深交所首轮问询一共抛出14项问题，核心围绕液流电池行业景,扫码登记参会 据全球液流电池网获悉，苏州科润新材料股份有限公司IPO进程迎来新进展，9月8日，公司状态更新为首轮问询回复后的审核阶段。本次上市计划募集资金9.65亿元，资金将用于高端含氟聚合物、质子交换膜产能扩建项目，同时投入研发中心建设并补充企业流动资金。 作为国内首家实现液流电池质子交换膜规模化自主生产的企业，科润新材打破海外厂商长期垄断，在液流电池膜领域跻身国内第一、全球第二梯队。受益于全钒液流储能赛道快速扩张，企业营收实现高速增长，但单品收入占比过高、产品价格持续下行、产能利用率逐步走低等问题，也成为企业发展路上不可忽视的挑战。 深交所首轮问询一共抛出14项问题，核心围绕液流电池行业景气度能否长期维持，以及企业高速增长的可持续性展开。监管重点关注行业空间与市场竞争格局、单一产品及客户依赖、产品降价对盈利的冲击、技术迭代替代风险、新增产能消化能力、收入真实性、供应链稳定和成本变动逻辑等多个维度。 构建全氟材料产业链，拿下国内液流膜近半市场份额 依托自主技术积累，科润新材打通从单体、全氟磺酸树脂到质子交换膜的完整产业链，实现核心材料自主可控，结束美国科慕等海外企业在液流电池质子交换膜领域长达数十年的技术垄断。2025年，公司质子交换膜整体市占率达到39.5%，其中液流电池专用质子交换膜市占率49%，位居国内首位。 在国内液流电池质子交换膜市场中，科润新材与东岳未来两家企业合计占据八成市场份额。当前液流电池赛道里，全钒液流商业化成熟度最高，在全球液流电池装机总量中占比超过98%，国内落地招标项目中全钒液流储能容量占比也达到96.67%，是现阶段长时储能的主流路线。 行业预测数据显示，国内液流电池装机规模在2030年有望达到20GW，对应全球液流电池质子交换膜需求约2700万m²，国内市场需求1500万m²，全球市场规模预计148.5亿元，国内市场规模82.5亿元，行业正从示范项目阶段转向规模化商用阶段。 产品价格持续下滑，自研原材料支撑毛利率逆势上行 液流电池质子交换膜的市场价格在近年持续下行，产品单价从2023年834.46元/m²回落至2026年上半年462.23元/m²。在价格不断走低的背景下，公司毛利率反而保持向上走势，2023年毛利率为49.29%，2025年提升至63.78%，2026年上半年依旧维持63.06%的较高水平。 盈利韧性的背后，来自核心原材料国产化落地。企业在2024年实现全氟磺酸树脂自产，2025年完成核心单体PSVE自主生产，大幅压缩外购原料带来的成本压力。不过企业也提示风险，目前主要原材料已经实现自产，后续成本下降空间将逐步收窄。如果产品售价继续大幅下跌，公司毛利率后续存在回落的可能性。休息一下，看个广告 产能利用率逐步回落，大额扩产项目面临消化考验 招股材料显示，报告期内公司质子交换膜综合产能利用率持续走低，各期数据依次为82.69%、78.73%、67.58%、47.83%。企业解释，产能利用率下滑源于前瞻性扩产布局，同时裁切损耗、产线换线调试等因素，会造成理论产能无法完全释放。即便现有产能利用率已经明显下降，本次募投项目依旧规划新增质子交换膜产能180万m²每年。 按照企业测算，如果项目达产后实际产能利用率相比预期水平下降30%，项目年均净利润将减少2.85亿元；当产能利用率下滑幅度达到46%时，募投项目基本达到盈亏平衡线，新增产能能否顺利消化是IPO的一大考验。 客户集中度抬升，产品结构高度依赖液流电池膜业务 客户结构方面，科润新材对上海电气的销售收入占比逐年走高，从2023年4.89%上升至2025年46.55%，2026年上半年仍然保持44.93%的水平。客户集中风险受到监管重点关注。 公司表示，已经和大连融科、四川伟力得、北京普能等行业头部液流储能企业建立稳定合作关系，持续拓展新客户、开发不同应用场景和区域市场，逐步优化客户结构，降低单一客户带来的经营波动。 企业现阶段策略优先保障国内储能市场需求，境外业务收入占比偏低。产品结构层面，公司营收高度依靠质子交换膜产品，该品类收入占主营业务收入比重超过95%，细分品类包含液流电池膜、电解水制氢膜、电化学制造膜与燃料电池膜。其中液流电池专用膜是核心收入来源，报告期内该产品收入占主营业务收入比例分别达到83.47%、91.24%、92.56%、90.37%，业务高度集中。 多路线并行布局，技术迭代风险仍需持续警惕 除主力液流电池膜以外，科润新材也在同步推进电解水制氢膜、燃料电池膜等其他电化学膜材料研发，丰富产品矩阵对冲单一赛道波动。但液流电池行业本身存在技术路线迭代的不确定性，新型储能技术路线的发展，有可能改变未来市场需求结构。 综合来看，科润新材凭借材料自主化，在国内液流质子交换膜赛道占据先发优势，受益于长时储能产业扩张拥有可观成长空间。但单品依赖、客户集中、产能消化、产品降价等多重风险叠加，企业想要维持高增长，仍需要持续拓展市场、丰富产品布局，在IPO审核阶段交出完整的经营答卷。CFE2026第七届中国液流电池储能大会议程（9月9日更新）近期热点及活动1、最新议程、液流地图及参展单位等发布！全球液流风向标——CFE2026第七届中国液流电池储能大会9月17-18日大连即将重磅开启！2、7.6GWh！含11个全钒液流，云南发改委、能源局发布2026年共享储能项目清单3、官宣定档！朝圣之旅，9月17-18日CFE2026第七届中国液流电池储能大会相约大连！参展、演讲、参会报名正式启动！4、AI的尽头是储能与电力！CFE2026第六届中国液流电池储能大会圆满落幕，新型储能“转正”从电力“配角”到六大新兴支柱产业进阶5、突破迎关键临界点！全球旗舰盛会—CFE2025第五届中国液流电池储能大会暨2024-2025年度液流品牌颁奖盛典圆满落幕6、获奖名单及终版议程发布！CFE2025第五届中国液流电池储能大会暨品牌颁奖盛典9月19-20日武汉盛大召开7、共筑全产业链生态繁荣！全球风向—CFE2025第四届中国液流电池储能大会、中国液流电池青年科学家论坛圆满落幕8、晚宴名单、参会总名单、终版议程发布｜CFE2025第四届中国液流电池储能大会3月3日盛大开幕9、全国首个！四川出台钒电池储能产业专项政策苏州科润新材料股份有限公司IPO进程迎来新进展，9月8日，公司状态更新为首轮问询回复后的审核阶段。本次上市计划募集资金9.65亿元，资金将用于高端含氟聚合物、质子交换膜产能扩建项目，同时投入研发中心建设并补充企业流动资金。,,,,pending
让绿色发展成为中国制造“硬实力”——对话秦皇岛佰工钢铁总经理迪林,全球液流电池储能,全球液流电池储能,"RIOnews API, 长时储能, 液流电池, 产品发布, 发布, 新品, 官宣, 学术研究, 大学, 教授, 技术进展, 技术突破, 工艺优化",normal,2026-09-12T09:00:00+08:00,,扫码登记参会 据全球液流电池网获悉，高大的杨柳树随风摇摆，一排排低矮的灌木丛错落有致，现代化的高炉掩映在这些满目绿色植物之中，这里是秦皇岛佰工钢铁有限公司（以下简称佰工钢铁）现场。与想象中布满钢筋水泥的钢铁厂面貌不同，在这里，却充满了江南杨柳依依的景致。“佰工钢铁已达到全流程超低排放，环保绩效A级标准，同时获得国家级绿色工厂认证，厂区外部的变化正是公司绿色发展的一个缩影。”日前，佰工钢铁总经理迪林在接受中国工业报采访时表示，降碳是大势所趋，钢铁企业要进一步做实降碳硬实力、完善核算机制，必须做出更多努力和探索。减碳不能脱离实际中国工业报：近期，我国绿色降碳政策文件密集出台。日前，工业和信息化部发,http://mp.weixin.qq.com/s?__biz=Mzg3NjcyNzE4Nw==&mid=2247579056&idx=7&sn=f8921d6bed920484ff628616d72d0342,,扫码登记参会 据全球液流电池网获悉，高大的杨柳树随风摇摆，一排排低矮的灌木丛错落有致，现代化的高炉掩映在这些满目绿色植物之中，这里是秦皇岛佰工钢铁有限公司（以下简称佰工钢铁）现场。与想象中布满钢筋水泥的钢铁厂面貌不同，在这里，却充满了江南杨柳依依的景致。“佰工钢铁已达到全流程超低排放，环保绩效A级标准，同时获得国家级绿色工厂认证，厂区外部的变化正是公司绿色发展的一个缩影。”日前，佰工钢铁总经理迪林在接受中国工业报采访时表示，降碳是大势所趋，钢铁企业要进一步做实降碳硬实力、完善核算机制，必须做出更多努力和探索。减碳不能脱离实际中国工业报：近期，我国绿色降碳政策文件密集出台。日前，工业和信息化部发,扫码登记参会 据全球液流电池网获悉，高大的杨柳树随风摇摆，一排排低矮的灌木丛错落有致，现代化的高炉掩映在这些满目绿色植物之中，这里是秦皇岛佰工钢铁有限公司（以下简称佰工钢铁）现场。与想象中布满钢筋水泥的钢铁厂面貌不同，在这里，却充满了江南杨柳依依的景致。“佰工钢铁已达到全流程超低排放，环保绩效A级标准，同时获得国家级绿色工厂认证，厂区外部的变化正是公司绿色发展的一个缩影。”日前，佰工钢铁总经理迪林在接受中国工业报采访时表示，降碳是大势所趋，钢铁企业要进一步做实降碳硬实力、完善核算机制，必须做出更多努力和探索。减碳不能脱离实际中国工业报：近期，我国绿色降碳政策文件密集出台。日前，工业和信息化部发布《工业绿色低碳发展“十五五”规划》。这传递出了什么信号？迪林：第一，从国家发展阶段看，我国进入后工业化时期，叠加数字化转型浪潮，传统的依靠化石能源、资源消耗拉动增长的模式已经难以为继。高耗能产业亟需转型，高新技术、新兴产业快速发展，绿色低碳是产业升级和经济高质量发展的必然要求。第二，这关乎我国在全球产业链中的定位与竞争力。如今我国多项基础工业品产量占全球一半以上，作为世界工厂，在创造财富、保障就业的同时，大量碳排放也留在国内。我们必须平衡经济增长、资源消耗与碳排放的关系，既要稳住经济发展，又要严控碳排放总量，着力降低单位产品能耗与碳排放，这也是降低全社会及企业经营成本的必经之路。第三，来自国际博弈与外交压力。在全球气候治理框架下，欧美发达国家已经完成工业化，却借碳排放议题对我国施压，试图通过碳关税设置贸易壁垒，把环保当作外交博弈工具。当然，减碳不能脱离实际，不能简单“一关了之”。对企业而言，要坚定顺应低碳大势，但必须立足行业现实，分阶段、有步骤推进。中国工业报：《工业绿色低碳发展“十五五”规划》提出，深入实施工业领域碳达峰行动。其中，钢铁、有色、石化化工等是重点领域，当前行业降碳主要难点是什么？该如何落实降碳减排？迪林：从钢铁行业而言，核心矛盾集中在排放总量和核算强度两大问题。首先是总量压力。我国粗钢产量10亿—11亿吨，总排放规模巨大，总量是最大的现实难题。其次是中外碳核算标准不对等。国外经常套用自身旧工艺模型测算中国钢铁行业，欧盟就基于这套有偏差的核算推行碳关税，本质是贸易保护，对冲我国钢铁产业的竞争优势。国内企业联合主管部门一直在对外沟通，争取公平合理的核算规则。行业破局主要有三条路径：第一，调控钢铁总产量。若粗钢产量从当前水平回落至7亿—8亿吨，通过产量下降，就能实现数亿吨级碳减排。第二，优化工艺结构，提升电炉短流程占比。目前国内电炉钢占比仅12%，国外平均25%，提升空间很大。第三，布局氢冶金等新技术。依靠风光绿电制绿氢，以氢气还原铁矿石替代焦炭。但受成本技术制约，短期减排贡献有限，只能作为长期技术储备。让创新跨越“死亡谷”中国工业报：行业降碳挑战重重，佰工钢铁在绿色低碳转型上做出了哪些探索？迪林：2025年，佰工钢铁编制2025—2030年绿色转型规划，明确各阶段项目、降碳目标与碳配额测算。降碳工作分为三个抓手：一是装备升级改造，依靠工艺迭代实现减排；二是完善碳管理体系，以精细化管理挖掘降碳潜力；三是对标核查标准，守住合规底线。通过实践我们发现，除了生产端改造，产品端降碳同样重要。一方面降低钢材制造环节碳载荷；另一方面依靠性能升级，减少下游加工碳排放。以公司的稀土耐蚀钢为例，产品性能提升后，可直接取消酸洗、镀锌两道高碳工序，每使用1吨稀土耐蚀钢，可帮助下游减碳1.2吨。中国工业报：通过绿色转型带动产品创新，为企业带来怎样的经营成效？迪林：今年公司有两大核心业务增量，都与绿色低碳发展密不可分。一是稀土耐蚀钢，今年生产目标100万吨，明年计划200万吨，吨钢较普碳钢溢价500元以上；二是钒钛资源综合利用，从冶炼产物中提取五氧化二钒，布局全钒液流电池电解液，为风电、光伏配套的储能产业提供关键原材料，间接服务绿电降碳，潜力巨大。中国工业报：这款稀土耐蚀钢是如何取得技术突破的？在行业中处于什么地位？迪林：稀土耐蚀钢实验室样品不难做，难点在于稳定、低成本的大规模工业化生产。2020年，国内多家单位参与联合攻关，但在工业化试产阶段纷纷退出，上海大学董瀚教授团队和佰工选择继续联合推进。历经三年攻关，2024年实现稀土耐蚀钢量产。2025年7月，佰工钢铁稀土耐蚀钢产品评定为“河北省钢铁领域十大拳头产品”。我们意识到，从实验室走向产业化，必须跨过“死亡谷”，光靠高校没有工业场景不行，只靠企业缺少理论支撑也很难突破，必须走产学研用一体化路线。与此同时，新材料想要落地，标准需要先行，我们牵头参与多项国标、行标、团标编制，配套编制标准图集与设计规范。现在佰工可以输出专利与技术，和其他钢铁企业开展合作，拿到船板等订单后，委托合作企业按我们的标准生产，由我们对接终端市场，占据了发展的主动权。休息一下，看个广告智能化的核心是赋能员工中国工业报：除绿色低碳外，佰工在智能制造、AI应用方面做了哪些布局？迪林：我们重点落地两套核心智能化系统。第一套是2023年建成的轧钢智能模拟轧制系统，无需实物上料，即可完整实现仿真轧钢全流程。以往开发新钢种反复试轧七八次很常见，仿真系统投用后，大部分问题提前在虚拟环境解决，大幅减少不合格品。第二套是钢铁AI垂直大模型平台，佰工钢铁联合中国联通，用友网络、华为等专业公司，总投入2.5亿元，建设全业务流程AI管理平台，覆盖智能供应链，智能营销，智能研发，智能财务，智能岗位精算标准作业法，打通产供销人财物全业务闭环。中国工业报：智能化带来的效果如何？迪林：智能化并非是减员增效，实际核心功能是岗位赋能，给一线人员提供数据和模型工具，提升人员能力，实现提质、降本、增效。比如过去废钢依靠人工检测，受经验影响误差大，差错频发；AI智能检测上线后判定客观精准，差错显著减少。一部分效益直观体现为生产成本下降，例如高炉工艺优化、废钢智能检测直接减少物料损耗。更多是间接价值：产品一致性提升、商务纠纷减少、新品研发周期压缩，整体运营效率得到系统性改善。进一步做强降碳硬实力中国工业报：中国钢铁行业如何提升国际低碳话语权？迪林：首先要做强降碳硬实力，持续升级工艺、装备与产品，把减排落到实处。第二，完善碳核算与碳管理体系，做到排放可监测、可追溯、可核查、可验证，拿出可信的数据。在此基础上持续推广电炉短流程、清洁冶金等先进工艺。当然，减碳不只为拿到国际绿色资质，也要让企业获得碳交易、政策激励等实实在在的收益。企业推进降碳，短期会承担成本压力，但大势不可逆，关键在于把握节奏，制定合理减排目标，完善核算机制。我有一个思考：单个钢铁企业很难实现碳中和。碳中和是产业链、区域层面的命题。所以现阶段企业重点是做好碳减排，距离全行业碳中和还有很长周期，我们必须做出更多努力和探索。中国工业报：下一步，佰工钢铁的绿色低碳规划是怎样的？迪林：第一，继续做大稀土耐蚀钢，该产品有几千万吨的市场替代空间，后续加大推广力度。第二，持续深挖生产端减排潜力，长流程钢铁吨钢排放普遍1.7—1.8吨，每下降0.1吨都需要巨大投入，我们将持续沉淀减排举措与成效。第三，稳步推进风光绿电合作项目，佰工已经将绿电纳入正式转型规划，依托已编制的转型规划报告，有序落地各项节能降碳任务。CFE2026第七届中国液流电池储能大会议程（9月9日更新）近期热点及活动1、最新议程、液流地图及参展单位等发布！全球液流风向标——CFE2026第七届中国液流电池储能大会9月17-18日大连即将重磅开启！2、7.6GWh！含11个全钒液流，云南发改委、能源局发布2026年共享储能项目清单3、官宣定档！朝圣之旅，9月17-18日CFE2026第七届中国液流电池储能大会相约大连！参展、演讲、参会报名正式启动！4、AI的尽头是储能与电力！CFE2026第六届中国液流电池储能大会圆满落幕，新型储能“转正”从电力“配角”到六大新兴支柱产业进阶5、突破迎关键临界点！全球旗舰盛会—CFE2025第五届中国液流电池储能大会暨2024-2025年度液流品牌颁奖盛典圆满落幕6、获奖名单及终版议程发布！CFE2025第五届中国液流电池储能大会暨品牌颁奖盛典9月19-20日武汉盛大召开7、共筑全产业链生态繁荣！全球风向—CFE2025第四届中国液流电池储能大会、中国液流电池青年科学家论坛圆满落幕8、晚宴名单、参会总名单、终版议程发布｜CFE2025第四届中国液流电池储能大会3月3日盛大开幕9、全国首个！四川出台钒电池储能产业专项政策高大的杨柳树随风摇摆，一排排低矮的灌木丛错落有致，现代化的高炉掩映在这些满目绿色植物之中，这里是秦皇岛佰工钢铁有限公司（以下简称佰工钢铁）现场。与想象中布满钢筋水泥的钢铁厂面貌不同，在这里，却充满了江南杨柳依依的景致。,,,,pending
已参会单位：宁德时代/天齐/国轩/兰均/广汽/北汽/东风/奇瑞/亿纬/星恒/有研/盟固利/五矿长沙院/中科院宁波所/物理所/高能所...,今日锂电,今日锂电,"RIOnews API, 新材料, 电池材料, 碳, 隔膜, 复合集流体, 聚合物, 高比能, 锂金属, 富锂锰, 硅, 前沿表征, 原位, 固态电池, 固态电解质, 钠离子电池, 钠电, 学术研究, 大学, 教授, 科学院, 研究所, 技术进展, 技术突破, 制备工艺, 界面优化, 前沿技术",normal,2026-09-12T08:47:53+08:00,,已参会单位：宁德时代/天齐锂业/国轩/兰均/广汽/北汽/东风/奇瑞/亿纬/星恒/有研/盟固利/五矿长沙院/中科院宁波所/中科院物理所/中科院高能所...重磅会议两会并行分会场60+大咖报告嘉宾800+参会人员聚焦固态电解质/硅碳/磷酸（锰）铁锂/锰系材料 第二届固态电池新技术应用与材料制备验证技术会议 同期举办：第四届锰系与高压实磷酸铁锂技术研讨会 赞助展台预订中...演讲报告开放预约中...第二届固态电池新技术应用与材料制备验证技术会议同期举办：第四届锰系与高压实磷酸铁锂技术研讨会PART 01会议组织TECHNOLOGY主办单位：今日锂电/今日钠电承办单位：北京京昇文化传播有限公司 会议时,http://mp.weixin.qq.com/s?__biz=MzkyNzc0MDc0MA==&mid=2247519530&idx=2&sn=69d8d6a2f608914ab8540a3bc64d33ec,,已参会单位：宁德时代/天齐锂业/国轩/兰均/广汽/北汽/东风/奇瑞/亿纬/星恒/有研/盟固利/五矿长沙院/中科院宁波所/中科院物理所/中科院高能所...重磅会议两会并行分会场60+大咖报告嘉宾800+参会人员聚焦固态电解质/硅碳/磷酸（锰）铁锂/锰系材料 第二届固态电池新技术应用与材料制备验证技术会议 同期举办：第四届锰系与高压实磷酸铁锂技术研讨会 赞助展台预订中...演讲报告开放预约中...第二届固态电池新技术应用与材料制备验证技术会议同期举办：第四届锰系与高压实磷酸铁锂技术研讨会PART 01会议组织TECHNOLOGY主办单位：今日锂电/今日钠电承办单位：北京京昇文化传播有限公司 会议时,已参会单位：宁德时代/天齐锂业/国轩/兰均/广汽/北汽/东风/奇瑞/亿纬/星恒/有研/盟固利/五矿长沙院/中科院宁波所/中科院物理所/中科院高能所...重磅会议两会并行分会场60+大咖报告嘉宾800+参会人员聚焦固态电解质/硅碳/磷酸（锰）铁锂/锰系材料 第二届固态电池新技术应用与材料制备验证技术会议 同期举办：第四届锰系与高压实磷酸铁锂技术研讨会 赞助展台预订中...演讲报告开放预约中...第二届固态电池新技术应用与材料制备验证技术会议同期举办：第四届锰系与高压实磷酸铁锂技术研讨会PART 01会议组织TECHNOLOGY主办单位：今日锂电/今日钠电承办单位：北京京昇文化传播有限公司 会议时间：2026年10月19-20日（18日签到）会议地点：中国·杭州总冠名/联合主办/招募中···协办单位：/招募中···东莞市星辰锂能咨询有限公司淄博华鸣新材料有限公司深圳市新能源行业协会南京德腾机械有限公司支持单位：/招募中···新能源前沿新能源在线锂电PLUS展台赞助：/招募中···山东杰特姆粉体技术设备有限公司淄博华鸣新材料有限公司张家港市日新机电有限公司潍坊追日磁电科技有限公司安徽麒锂特科技有限公司宜春万申智能装备股份有限公司上海菩正电子科技有限公司江苏亮果金属制品有限公司合肥原位科技有限公司江苏天瑞仪器股份有限公司南京德腾机械有限公司新乡市振英机械设备有限公司伊特克斯惰性气体系统（北京）有限公司东莞市唯德自动化设备科技有限公司成都光华科技发展有限公司PART 02会议内容TECHNOLOGY中国《新能源汽车产业发展规划》明确支持固态电池研发，2025年全球固态电池市场规模预计突破百亿元，固态电池已成为公认的下一代电池，在过去的一年里，固态电池新技术与产业化进程以比预计中的更快的速度发展，然而固态电池还存在关键技术突破和产业化制备成本问题。在固态电池商用还不可极的当下，仍还是磷酸铁锂的天下，作为磷酸铁锂最重要的技术迭代与升级方向，高压实磷酸铁锂与磷酸锰铁锂技术将是现在的重点发展方向，并且和富锂锰基、高电压镍锰酸锂、高镍三元材料形成竞争未来适配固态电池正极材料的格局，而富锂锰基材料理论能量密度超1000Wh/kg，成本较高镍三元材料（价格高、技术成熟度高、安全性存疑）低25%-40%，被认为是固态电池最佳适配正极材料，高电压镍锰酸锂工作电压高达5V，比能650Wh/kg，更适合固态电池高电压体系，未来谁来主导，还要看技术成熟度。2026固态电池新技术应用与材料制备验证技术会议，同期同址举办：第四届锰系与磷酸铁锂技术应用研讨会，定于2026年10月19-20日在杭州召开，旨在进一步加快固态电池、锰系与磷酸铁锂方面新技术创新应用，破解技术与产业化制备难题，评选表彰近年来在固态电池、锰系与磷酸铁锂行业做出突出成绩的优秀科研人员和企业，特邀请参与本次会议，共同交流探讨固态电池与锰系与磷酸铁锂的行业发展新思路。会议内容：固态电池分会场固态电池技术与产业发展新进展高能量固态电池在eVTOL与人型机器人中的应用固态电池（半）应用高速电摩前景探讨固态技术（半）在手机与3C产品中的应用固态电池（半）在动力和储能电池的应用探讨固态电池智能制备设计发展固态电池关键材料的开发与应用全固态钠电技术研发与进展干法电极工艺在固态电池中的应用硫/氧/卤/聚合物等全固态电池电解质材料产业化进展固态电解质理论配方设计与实验验证多技术表征平台在固态电池材料研究中的应用固态电解质界面优化设计固态电解质纳米化技术研究与制备方法全固态电池硅基负极的开发硅碳负极材料的创新研发及其在固态电池内的应用球型多孔炭在CVD硅碳负极材料中的应用锂金属负极技术新进展固态电池正极的结构设计与材料选择高镍/富锂锰基正极材料在固态电池体系中的应用石墨烯/碳纳米管新型碳材料在固态电池体系中的技术发展新型隔膜技术在固态（半）电池中的应用固态用复合集流体技术研发新进展AI技术在材料研发中的应用等静压技术在全固态电池制备中的应用湿法/干法/气流研磨技术在固态材料中的应用干法电极智能装备开发与应用新一代窑炉技术在电池材料制造中的应用蒸镀技术在固态电池制备中的优点钠米级制备技术与装备新应用锰系与高压实磷酸铁锂分会场全球锂资源市场发展变化电池级硫（碳）酸锰/二氧化锰/四氧化三锰市场前景变化锰系前驱体研究与制备技术高锰新能源材料的挑战与前景磷酸锰铁锂在汽车与二轮车上的应用研究适配固态电池用磷酸锰铁锂材料最新技术进展富锂锰基正极材料纳米包覆、梯度掺杂等工艺介绍富锂锰基正极材料制备及改性研究新一代高电压镍锰酸锂材料技术与应用锰基钠电正极材料技术与成本分析高性能磷酸铁制备工艺革新高压实磷酸铁锂磷酸铁法和草酸亚铁法工艺路线发展低成本高压实磷酸铁锂产业化生产技术换代与装备创新适配固态电池用高压实磷酸铁锂技术优化高压实磷酸铁锂高温烧结杂质控制颗粒级配优化工艺对磷酸铁锂压实密度及电性能的提升纳米磷酸铁锂技术与制备一次烧结成型高压实磷酸铁锂工艺要点介绍高压实磷酸铁锂材料的预锂化方法关键电池材料回收再利用技术注：以最终会议日程报告为准演讲报告申请：王老师:*********** 邮 箱:46090424@qq.comPART 03会议特色TECHNOLOGY01会议形式20+5（每位专家20分钟报告+5分钟互动问答交流）交流方式，增加会议互动性；60+行业大咖，800+上下游企业从业者共聚一堂；诚邀高校/科研院所与产业技术从业者观点碰撞与交流，聚焦行业热点，解读技术与产业发展。02会议特色现场展台产品展示，“会+展”助力产业链上下游技术与市场对接，搭建立体化高效交流平台；1.5 天论坛，涉及固态与锰系铁锂行业装备、技术、材料、检测仪器设备等，全方位展示最新前沿技术研究与进展，深入探讨未来回收发展方向。03会议特色同期举办2026“NWEi-先锋奖”颁奖典礼，评选与发布“NEWi-先锋奖”新能源行业杰出科学家、新能源行业企业创新奖、行业优秀供应商”(联系主办方索取评选申请表)。04赞助方案1.本次会议设置总冠名、联合主办、协办单位、赞助单位、支持单位、手提袋、胸卡挂绳、椅背广告、酒水赞助、会议视频广告（会议室大屏播放）晚宴礼品、笔本赞助、茶歇赞助等会议赞助类别（详细赞助方案请联系主办方）。2、参展每个展位费用：12000元，包括2人的午餐、晚宴费用，展台费用，两份资料费用等。3、展位实际尺寸2米宽×3米高（设计尺寸2米宽×2.3米高）PART 04报名缴费TECHNOLOGY1.参会费用：A、限时600元/人（含餐），B、全免费（不含餐），转发会议信息至朋友圈，集28个赞，获得免费名额（限主机、电池电芯等下游单位）。2.参会注册费含会议资料、茶点、2次午餐、1场交流晚宴、参会材料等费用；3.会议统一安排食宿，住宿费自理；4.发票内容为“会议费”，开具增值税普通发票，不开增值税专用发票；注：所有人员凭参会证入场！提前报名缴费！汇款信息账 户：北京京昇文化传播有限公司账 号：040 4090 1030 0000 3837开户行：北京农村商业银行股份有限公司四季青支行行 号 ：402100000260 付款请注明：杭州会议+姓名，并将付款凭证保留，便于报到时查验。缴费成功后，请保持手机畅通，会务组会尽快与您联系，感谢您的支持！开票信息发送：46090424@qq.com参会、参展、宣传及赞助事宜： 王老师 188 1048 8288（同微） 张老师 182 3806 7581（同微） 袁老师 192 9355 9185（同微） 郭老师 192 8668 2548（同微） 李老师 138 1196 8226（同微）扫码加入固态/正极材料群进群备注：公司名称/姓名/职务主动发名片一张请识别二维码或添加***********欢迎同仁进群交流！PART 05往届会议/企业名单（部分）TECHNOLOGY由今日锂电、苏银产业园联合主办、清陶云能、尚金干燥协办的2026（常州）固态电池新技术应用大会暨固态电池材料制备与验证研讨会在常州富都洲际酒店顺利举办，来自全国各地300余位专家、企业代表参与了本次大会。由今日锂电主办的锰系与铁锂正极材料技术论坛，已连续成功举办三届，共计2000余人次参会嘉宾出席，已成为国内正极材料行业具较高影响力会议。已报名参会企业人员名单：公司职位天齐锂业新能源技术研究研发中国五矿长沙矿冶院所长中国五矿长沙矿冶院高级经理中国五矿长沙矿冶院固态事业部部长轮特环境科技无锡有限公司业务轮特环境科技无锡有限公司经理德腾挤出技术（南京）总经理新疆大学博士研究生合肥格朗检测科技有限公司销售经理盛新锂能集团股份有限公司高级研发工程师盛新锂能集团股份有限公司副总工程师浙江日出医化有限公司部长浙江金沃精工股份有限公司研发负责人盛新锂能集团股份有限公司战略投资部总经理中电四公司高级工程师浙江启源新材料有限公司副主任工程师国联芯材（北京）科技有限公司市场推广经理北汽新能源工程师耐驰（上海）机械仪器有限公司新能源销售总监苏州中硅智能科技有限公司总经理广汽集团汽车工程研究院主任工程师杭州社区服务有限公司董事西北工业大学教授安徽科技工程大学学生安徽科技工程大学博士广西大学学生北京新能源汽车有限公司工程师奇瑞汽车股份有限公司主任工程师宜兴市东山新型材料有限公司总工浙江鑫核科技有限公司总经理湖北金泉新材料有限公司研发总监江苏宜锂科技有限责任公司总经理有研新能源材料(江西)有限公司总经理海南大学教授奇瑞汽车主管工程师嘉拓智能高级主任机械工程师星恒电源股份有限公司高级经理天津国安盟固利新材料科技股份有限公司新材料CTO中国五矿长沙矿冶院高工上海昱瓴新能源科技有限公司董事长国轩高科首席科学家/教授茂名创能烯碳科技有限公司总经理上海大学研究员国家新能源汽车技术创新中心部长东莞市星辰锂能咨询有限公司总经理蓝廷新能源酥科技(浙江)有限公司/中国科学院理化技术研究所董事长/研究员苏州大学教授中国科学院宁波材料所研究员浙江工业大学教授中南大学教授河北工业大学能源与环保材料研究所教授/所长郑州大学教授/所长武汉天石科丰新能源科技有限公司/武汉理工大学副教授/首席科学家六盘水师范学院教授沈阳工业大学教授/所长联泓新材料科技股份有限公司投资经理沈阳工业大学教授/所长上海应用技术大学教授/所长诩辰科技(广州)有限公司教授哈尔滨工业大学(威海)教授电子科技大学/川钜能储能教授深圳清研电子科技有限公司总经理联泓研究院研发经理奇瑞汽车股份有限公司设备助理工程师奇瑞股份有限公司工程师宜春万申智能装备股份有限公司业务经理安徽科技工程大学副院长河南科技大学教师湖北金泉新材料研发总监江苏天瑞仪器股份有限公司区域经理深标智能检测与评定技术服务（深圳）有限公司销售经理常州锂源经理上海瓦鲁自动化经理佛山市金奥宇智联科技有限公司经理佛山市金奥宇智联科技有限公司经理农环科技(上海)有限公司总经理菲特中国制药科技有限公司工程师宁德时代副总经理安徽麒锂特科技有限公司总经理散裂中子源科学中心助理研究员散裂中子源科学中心无散裂中子源科学中心副研究员中信金属股份有限公司研发工程师天津爱沃新能源科技有限公司总监江西省科技成果转移转化中心副研究员新能源公司工厂长泽峰创新（深圳）能源科技有限公司市场雷法贸易（大连）有限公司耐材专家浙江启源研发浙江启源新材料有限公司副主任工程师散裂中子源科学中心研究院山东精工电子科技股份有限公司经理安徽新锰都科技有限公司总经理杭州五星铝业有限公司技术经理苏州吴江市松陵电器设备有限公司董事长上海奥克化学市场安徽金瑞投资集团有限公司投资总监北京金融街资本运营集团有限公司业务总监福建理工大学学生河南硅烷科技发展股份有限公司销售总监湖北航天化学技术研究所工程师湖北航天化学技术研究所助理工程师北京英诺格林科技有限公司总经理浙江师范大学博士浙江师范大学学生浙江师范大学学生肖特（上海）精密材料和设备国际贸易有限公司高级经理浙江师范大学学生山东盛景化工有限公司总经理杭州瑞合泰基金投资管理有限公司高级投资经理广东博海化工科技有限公司总经理广东博海化工科技有限公司研发主任广东博海化工科技有限公司电子商务经理广东博海化工科技有限公司项目总经理和励同芯新能源科技（天津）有限公司副总经理东风汽车集团高级经理鸿凯市场推广经理浙江大学博士中国化信情报顾问上海檀之茗科技中心销售工程师建发物流集团有限公司业务经理广汽集团汽车工程研究院主任工程师航天电源市场总监散裂中子源科学中心研究院广东众昌智能科技有限公司销售往期推荐圆满结束！！！第三届锰系新能源与高压实磷酸铁锂技术大会会议总结！2026固态电池新技术应用大会暨固态电池材料制备与验证研讨会圆满结束！！！第二届锰系新能源正极材料技术大会会议总结。聚焦锰系与磷酸铁锂材料前沿技术，共探行业新趋势（1）南昌会议总结。聚焦锰系与磷酸铁锂材料前沿技术，共探行业新趋势（2）同期举办2026“NWEi-先锋奖”颁奖典礼，评选与发布“NEWi-先锋奖”新能源行业杰出科学家、新能源行业企业创新奖、行业优秀供应商”(联系主办方索取评选申请表)。,,,,pending
固态电解质制备新工艺！软包电池1000次循环后容量保持率达83%！上海交通大学郭云龙，最新Nature子刊！,今日锂电,今日锂电,"RIOnews API, 新工艺, 新材料, 粘结剂, 固态电池, 固态电解质, 学术研究, 大学, 教授, 技术进展, 工艺优化",normal,2026-09-12T08:47:53+08:00,,全固态电池因兼具高安全性和高能量密度而被视为下一代储能技术的重要方向。硫化物固态电解质凭借其媲美液态电解质的离子电导率和良好的机械延展性而备受关注。然而，要实现高能量密度全固态电池的实用化，硫化物电解质薄膜需同时满足薄化、高离子电导率和大面积制备三大要求。传统湿法涂布工艺受限于硫化物在极性溶剂中的不稳定性，可选粘结剂范围极窄且需使用有毒溶剂。干法工艺虽能避免溶剂使用，但离子绝缘的聚四氟乙烯粘结剂导致薄膜离子电导率保持率低，且薄膜致密化程度不足。因此，开发一种能同时实现高离子电导率保持率和大面积薄化的可规模化制膜工艺，是推动硫化物全固态电池走向实际应用的关键挑战。2026年9月10日，上海交通大,http://mp.weixin.qq.com/s?__biz=MzkyNzc0MDc0MA==&mid=2247519530&idx=1&sn=52432f742c98aeb65b619b8edb23291a,,全固态电池因兼具高安全性和高能量密度而被视为下一代储能技术的重要方向。硫化物固态电解质凭借其媲美液态电解质的离子电导率和良好的机械延展性而备受关注。然而，要实现高能量密度全固态电池的实用化，硫化物电解质薄膜需同时满足薄化、高离子电导率和大面积制备三大要求。传统湿法涂布工艺受限于硫化物在极性溶剂中的不稳定性，可选粘结剂范围极窄且需使用有毒溶剂。干法工艺虽能避免溶剂使用，但离子绝缘的聚四氟乙烯粘结剂导致薄膜离子电导率保持率低，且薄膜致密化程度不足。因此，开发一种能同时实现高离子电导率保持率和大面积薄化的可规模化制膜工艺，是推动硫化物全固态电池走向实际应用的关键挑战。2026年9月10日，上海交通大,全固态电池因兼具高安全性和高能量密度而被视为下一代储能技术的重要方向。硫化物固态电解质凭借其媲美液态电解质的离子电导率和良好的机械延展性而备受关注。然而，要实现高能量密度全固态电池的实用化，硫化物电解质薄膜需同时满足薄化、高离子电导率和大面积制备三大要求。传统湿法涂布工艺受限于硫化物在极性溶剂中的不稳定性，可选粘结剂范围极窄且需使用有毒溶剂。干法工艺虽能避免溶剂使用，但离子绝缘的聚四氟乙烯粘结剂导致薄膜离子电导率保持率低，且薄膜致密化程度不足。因此，开发一种能同时实现高离子电导率保持率和大面积薄化的可规模化制膜工艺，是推动硫化物全固态电池走向实际应用的关键挑战。2026年9月10日，上海交通大学郭云龙副教授、ShiweiChen、CATL宁德时代21C创新实验室欧阳楚英、Ziyang Ning在《Nature Communications》上发表了题为“Additive-assisted quasi-dry process enabling freestanding sulfide electrolyte films for all-solid-state batteries”的研究论文。该工作提出了一种基于α-蒎烯的添加剂辅助准干法工艺，成功制备出兼具高离子电导率、优异柔韧性和高致密度的自支撑硫化物电解质薄膜。研究团队选择α-蒎烯作为准干法工艺添加剂，基于其与硫化物电解质的化学兼容性及适中的挥发特性。XPS和XRD表征证实α-蒎烯与Li₅.₅PS₄.₅Cl₁.₅之间无化学反应，PS₄³⁻特征基团完整保留。α-蒎烯在工艺中发挥三重功能：在混合阶段促进PTFE均匀分布以提升离子电导率，在预热化和热辊压阶段作为应力耗散介质提高薄膜柔韧性，在冷压阶段作为润滑剂促进致密化。尽管α-蒎烯后续通过120℃热处理去除，其带来的结构优势在最终薄膜中得以保留。所得LPSCL5薄膜在25℃下离子电导率达4.79 mS cm⁻¹，为原始粉末的85.8%，厚度仅28 μm，横向尺寸达30×10 cm²，孔隙率从干法工艺的12.24%降至7.78%。电化学测试表明，Li₄Ti₅O₁₂|LPSCL5|LiNbO₃@NCM811模型电池在2 MPa、30℃、1C倍率下循环500圈后容量保持率达93%。在高正极活性物质载量25.4 mg cm⁻²和80 wt%质量比条件下，0.33C下循环200圈后容量保持率达94.5%。50 mAh软包电池在40℃、2 MPa、0.5C下循环1000圈后容量保持率达83%。该工艺成功拓展至Li₁₀GeP₂S₁₂和Li₇PS₆I电解质体系，所制备薄膜离子电导率保持率均超过80%，激活能分别为0.298和0.282 eV。1、提出α-蒎烯辅助准干法工艺，利用其应力耗散、PTFE分布调控和润滑三重功能，同步实现薄膜柔韧性、离子电导率和致密化提升。2、制备的LPSCL5薄膜离子电导率达4.79 mS cm⁻¹，保持原始粉末的85.8%，厚度28 μm，面积30×10 cm²，孔隙率降至7.78%。3、模型电池1C下500圈保持93%容量，50 mAh软包电池1000圈保持83%容量，工艺成功拓展至LGPS和LPSI体系。图1 α-蒎烯辅助准干法工艺流程图2 AQDP制备LPSCL5薄膜的微观结构与形貌图3 α-蒎烯在准干法工艺中的机理作用图4 准干法工艺在其他硫化物电解质体系中的验证图5 全固态电池的电化学性能本研究提出了一种α-蒎烯辅助准干法工艺，通过应力耗散、PTFE分布均匀化和润滑三重机制，成功制备出兼具高离子电导率、优异柔韧性和高致密度的自支撑硫化物电解质薄膜。LPSCL5薄膜在25℃下离子电导率达4.79 mS cm⁻¹，为原始粉末的85.8%，厚度28 μm，面积30×10 cm²。模型电池1C下500圈保持93%容量，50 mAh软包电池1000圈保持83%容量。该工艺在LGPS和LPSI体系中同样有效，为硫化物全固态电池的规模化制备提供了可行的材料-工艺优化路径。文献链接：https://doi.org/10.1038/s41467-026-77590-1文章来源：新能源前沿,,,,pending
北京化工大学肖莹/「国家杰青」陈仕谋，AFM丨拉-排动力学赋能低温钠金属电池！,电池未来,电池未来,"RIOnews API, 前沿表征, 原位",normal,2026-09-12T08:30:00+08:00,,钠金属电池因钠资源丰富、成本低和金属钠负极理论容量高，被视为大规模储能的重要候选体系。然而，钠金属负极反应活性高，容易与传统易燃液态电解液发生副反应，导致界面不稳定、活性钠持续消耗以及枝晶生长，进而带来短路和安全风险。准固态钠金属电池通过降低游离液体含量，有望兼顾安全性和界面稳定性。其中，凝胶聚合物电解质兼具柔性、可加工性和结构可设计性，是较有潜力的路线。但在低温条件下，Na⁺传输变慢、脱溶剂化能垒升高、界面反应动力学迟缓，这些问题会显著限制电池在高纬度、高海拔、深海和空间等极端环境中的应用。已有人工界面层、溶剂化结构调控和功能基团改性等策略能够改善枝晶和界面问题，但仍常受限于界面接触差、动态,http://mp.weixin.qq.com/s?__biz=Mzg5OTYzNjU0OA==&mid=2247651928&idx=2&sn=ae4569263e0461c1c5157c1ad26562ae,,钠金属电池因钠资源丰富、成本低和金属钠负极理论容量高，被视为大规模储能的重要候选体系。然而，钠金属负极反应活性高，容易与传统易燃液态电解液发生副反应，导致界面不稳定、活性钠持续消耗以及枝晶生长，进而带来短路和安全风险。准固态钠金属电池通过降低游离液体含量，有望兼顾安全性和界面稳定性。其中，凝胶聚合物电解质兼具柔性、可加工性和结构可设计性，是较有潜力的路线。但在低温条件下，Na⁺传输变慢、脱溶剂化能垒升高、界面反应动力学迟缓，这些问题会显著限制电池在高纬度、高海拔、深海和空间等极端环境中的应用。已有人工界面层、溶剂化结构调控和功能基团改性等策略能够改善枝晶和界面问题，但仍常受限于界面接触差、动态,"钠金属电池因钠资源丰富、成本低和金属钠负极理论容量高，被视为大规模储能的重要候选体系。然而，钠金属负极反应活性高，容易与传统易燃液态电解液发生副反应，导致界面不稳定、活性钠持续消耗以及枝晶生长，进而带来短路和安全风险。准固态钠金属电池通过降低游离液体含量，有望兼顾安全性和界面稳定性。其中，凝胶聚合物电解质兼具柔性、可加工性和结构可设计性，是较有潜力的路线。但在低温条件下，Na⁺传输变慢、脱溶剂化能垒升高、界面反应动力学迟缓，这些问题会显著限制电池在高纬度、高海拔、深海和空间等极端环境中的应用。已有人工界面层、溶剂化结构调控和功能基团改性等策略能够改善枝晶和界面问题，但仍常受限于界面接触差、动态适应性不足或低温耐久性有限。该研究的核心思路是把溶剂化调控和原位梯度界面构筑合并到同一GPE体系中，使离子传输、脱溶剂化和钠沉积界面稳定性同时得到改善。近日，北京化工大学肖莹、陈仕谋在Advanced Functional Materials发表了题为""Engineering Solvation Sheath and Gradient Interphase via Pull-Expulsion Dynamics for Low-Temperature Quasi-Solid-State Sodium Metal Batteries""的研究论文。Wanting Wu为论文第一作者，肖莹、陈仕谋为论文共同通讯作者。核心亮点1. 提出“拉-排”动力学策略：PVC极性C─O基团牵引Na⁺，残余VC单体排挤溶剂，共同重塑溶剂化鞘层。2. 溶剂化结构从溶剂分离离子对转向更多CIP/AGG结构，降低Na⁺脱溶剂化阻力并增强阴离子参与。3. 原位聚合VC构建PVC富集的梯度界面，形成有机外层与有机-无机复合内层，抑制钠枝晶和界面开裂。4. GPE实现2.31 mS cm⁻¹室温离子电导率、0.48 Na⁺迁移数和4.78 V氧化稳定窗口，兼顾传输、安全与高压适配。5. Na₃V₂(PO₄)₃||Na全电池在−30°C下1000圈容量保持率达97%，4.2 V下300圈仍保持93.3%，并实现20 C高倍率输出。 全文速览凝胶聚合物电解质由于具有固有柔性和良好可加工性，在固态钠金属电池中具有重要应用前景，但其实际应用受到低温下离子传输动力学迟缓和枝晶生长加剧的严重限制。为解决这些问题，该研究提出一种配位驱动的“拉-排”动力学策略，利用聚碳酸亚乙烯酯及残余单体同步突破多重瓶颈。PVC链中高极性的C─O基团可主动从溶剂分离离子对溶剂化鞘层中牵引Na⁺，将其转化为接触离子对和聚集体结构；低位阻残余VC单体则排挤溶剂并松弛溶剂化鞘层。这种协同动力学减少Na⁺周围的溶剂配位，促进阴离子参与，并形成稳固的聚合物富集梯度界面，使电解质在25°C下实现2.31 mS cm⁻¹的高离子电导率。最终，Na₃V₂(PO₄)₃||Na全电池在−30°C下表现出优异循环稳定性：3.8 V下循环1000圈容量保持率为97%，4.2 V下循环300圈后仍保持93.3%，并具有20 C的出色倍率性能。该研究为极端环境下耐久固态钠金属电池设计提供了关键指导。 图文解读图1 | GPE组成优化与谱学证据表明，VC原位聚合和EC/DEC比例调控共同重塑Na⁺溶剂化结构并提升低温离子传输。研究人员首先比较多种碳酸酯溶剂的熔点、沸点和黏度，选择EC提供高介电常数、DEC提供低温抗冻结能力，并引入VC构筑PVC基凝胶网络。优化后，1 wt.% AIBN、40% VC和EC/DEC 4:6配方兼顾机械完整性与电导率，在25°C达到2.31 mS cm⁻¹，在−20°C仍有0.78 mS cm⁻¹。FT-IR、¹H NMR、²³Na NMR和原位FTIR进一步证明VC转化为PVC网络，PF₆⁻逐渐参与界面衍生结构，Na⁺-溶剂配位减弱。图2 | 原位阻抗、电化学和热分析结果证明，GPE具有更快Na⁺传输、更高氧化稳定性和更可靠的低温物理状态。DRT分析显示，GPE在体相传输、界面膜阻抗和电荷转移三个过程中的阻抗均低于液态电解液，并能在高电压循环中保持稳定。CV曲线维持清晰可逆的Na⁺嵌入/脱出峰，LSV显示氧化稳定窗口提升至4.78 V。GPE的Na⁺迁移数达到0.48，高于液态电解液的0.18，MSD分析也给出更高扩散系数。DSC显示其玻璃化转变温度低至−38.95°C，说明聚合物链段在低温下仍具活动性，有利于Na⁺迁移和界面反应。图3 | DFT与MD模拟揭示PVC牵引Na⁺、VC排挤溶剂的协同机制，使溶剂化结构转向CIP/AGG并建立定向传导通道。DFT结果显示，PVC具有较低HOMO能级和较低LUMO能级，既有助于抑制电解液氧化分解，也更容易在钠负极还原生成稳定SEI成分。结合能计算表明VC与Na⁺作用最弱，利于脱溶剂化；PVC通过极性C─O基团与Na⁺强配位，可促进NaPF₆解离和Na⁺动态传输。ESP图进一步显示PVC链上氧原子形成负电势区域，吸附Na⁺并提供有序迁移路径。MD模拟则证明GPE中Na⁺周围溶剂配位减少，CIP和AGG比例提高。图4 | 循环后多尺度界面表征显示，GPE诱导形成均匀致密的PVC富集梯度SEI/CEI并维持NVP结构稳定。XPS深度剖析与ToF-SIMS二维/三维成像表明，GPE形成外层富含PVC衍生有机组分、内层含NaF和NaO⁻等无机组分的分层杂化SEI，能够缓冲体积变化并抑制NaF团聚。AFM显示GPE循环后的钠负极粗糙度仅19.2 nm且模量分布更均匀。NVP正极侧的TEM、XPS和原位XRD说明CEI稳定，并保持NVP可逆相变。图5 | 低温扣式电池和软包电池测试证明，GPE在−30°C至−20°C下兼具长循环、高倍率、高压和实际器件可用性。在−20°C和−30°C条件下，Na|GPE|NVP电池相较液态电解液表现出更稳定的容量保持和更小极化。3.8 V窗口下，−30°C循环1000圈后容量保持率仍达97%；拓宽至4.2 V后，300圈后仍保持93.3%。倍率测试显示该体系可达到20 C输出，说明“拉-排”动力学显著加快低温脱溶剂化与传输过程。软包电池在−20°C下也能稳定循环并点亮LED，红外热成像显示GPE体系温升和热分布更可控，反映出更好的低温实用性和安全性。图6 | 室温条件下的扣式、高载量和软包电池结果表明，GPE策略不仅适用于低温，也能支撑长寿命和高倍率钠金属电池。室温测试进一步验证该策略的普适性。Na|GPE|NVP电池在25°C和1 C下表现出稳定循环与平稳电压平台，并在倍率测试中维持优于液态电解液的容量输出。高倍率5 C循环和4.2 V高压循环证明GPE可以降低极化、提升界面兼容性，并支撑快速充放电。高载量电池和软包电池同样展示稳定循环曲线与实际点亮负载能力，说明该GPE并非只在小电流或低负载条件下有效，而具备向实用准固态钠金属电池扩展的潜力。 总结总之，该研究提出了一种配位驱动的“拉-排”动力学策略，通过PVC聚合物链和残余VC单体协同调控Na⁺溶剂化鞘层与电极/电解质界面。PVC中高极性的C─O基团能够牵引Na⁺并促进CIP/AGG结构形成，残余VC单体则凭借较低位阻排挤溶剂并松弛溶剂化鞘层，从而降低溶剂配位、促进阴离子参与并改善脱溶剂化动力学。与此同时，VC原位聚合诱导形成聚合物富集的梯度SEI/CEI，提高界面的化学稳定性、机械韧性和均匀Na⁺沉积能力。得益于这些协同作用，Na₃V₂(PO₄)₃||Na全电池在室温下可稳定循环超过2300圈，在−30°C下实现1000圈后97%容量保持率，并在4.2 V高压条件下保持优异循环稳定性。该研究为构筑快速充电、低温运行和无枝晶准固态钠金属电池提供了有效设计路径。Engineering Solvation Sheath and Gradient Interphase via Pull-Expulsion Dynamics for Low-Temperature Quasi-Solid-State Sodium Metal Batteries,Advanced Functional Materials,2026,DOI:10.1002/adfm.78047#北京化工大学#肖莹#陈仕谋#AFM#电池点击阅读原文，加速顶刊！阅读原文通讯作者：肖莹、陈仕谋\x0d\x0a通讯单位：北京化工大学",,,,pending
米耀荣院士领衔！南方科技大学周利民&香港理工大学黄海涛AM丨MXene电解质稳压！,电池未来,电池未来,"RIOnews API, 前沿表征, 原位",normal,2026-09-12T08:30:00+08:00,,结构储能器件需要同时承担电化学储能和力学承载功能，因此特别适合柔性、可穿戴和承力结构场景。但这类器件在真实服役中常受到弯曲、拉伸或压缩等外力扰动，机械应力会改变内部电化学环境，进而造成充放电曲线波动、容量衰减和寿命下降。在复合结构超级电容器中，弯曲是最常见的工作模式之一。已有工作能够通过增强电解质或结构层提升机械稳定性，但循环载荷下充放电曲线出现周期性电压波纹这一现象，其物理来源仍缺乏清晰解释。该问题不仅影响输出电压稳定性，也反映了力学场与电化学过程之间的耦合。该工作将原位力-电化学测试与模拟结合，聚焦“外力如何扰乱电场、进而干扰充放电过程”这一核心问题。研究团队引入MXene添加剂电解质，希,http://mp.weixin.qq.com/s?__biz=Mzg5OTYzNjU0OA==&mid=2247651928&idx=4&sn=6749131e5a7551c951263bb1c5119ab0,,结构储能器件需要同时承担电化学储能和力学承载功能，因此特别适合柔性、可穿戴和承力结构场景。但这类器件在真实服役中常受到弯曲、拉伸或压缩等外力扰动，机械应力会改变内部电化学环境，进而造成充放电曲线波动、容量衰减和寿命下降。在复合结构超级电容器中，弯曲是最常见的工作模式之一。已有工作能够通过增强电解质或结构层提升机械稳定性，但循环载荷下充放电曲线出现周期性电压波纹这一现象，其物理来源仍缺乏清晰解释。该问题不仅影响输出电压稳定性，也反映了力学场与电化学过程之间的耦合。该工作将原位力-电化学测试与模拟结合，聚焦“外力如何扰乱电场、进而干扰充放电过程”这一核心问题。研究团队引入MXene添加剂电解质，希,"结构储能器件需要同时承担电化学储能和力学承载功能，因此特别适合柔性、可穿戴和承力结构场景。但这类器件在真实服役中常受到弯曲、拉伸或压缩等外力扰动，机械应力会改变内部电化学环境，进而造成充放电曲线波动、容量衰减和寿命下降。在复合结构超级电容器中，弯曲是最常见的工作模式之一。已有工作能够通过增强电解质或结构层提升机械稳定性，但循环载荷下充放电曲线出现周期性电压波纹这一现象，其物理来源仍缺乏清晰解释。该问题不仅影响输出电压稳定性，也反映了力学场与电化学过程之间的耦合。该工作将原位力-电化学测试与模拟结合，聚焦“外力如何扰乱电场、进而干扰充放电过程”这一核心问题。研究团队引入MXene添加剂电解质，希望通过氢键诱导的极化电场均匀化变形下的局部电场，从而降低机械扰动对结构储能器件电化学性能的影响。近日，南方科技大学周利民、香港理工大学黄海涛、米耀荣在Advanced Materials发表了题为""A Voltage-Stabilizing MXene Additive Electrolyte Mitigates Interference From External Force on the Charge-Discharge Process for Multifunctional Hybrid Structural Supercapacitors""的研究论文。Jing Zhang为论文第一作者，周利民、黄海涛、米耀荣为论文共同通讯作者。核心亮点1. 揭示结构储能器件在循环弯曲下出现充放电电压波纹的关键来源：变形区域内空间非均匀电场分布。2. 构筑含Ti₃C₂Tₓ MXene的水包盐聚合物电解质，利用MXene与聚合物链之间的氢键网络形成极化电场。3. MXene添加剂将电解质离子电导率优化至23.5 mS cm⁻¹，并保持低电子电导率，有利于Zn²⁺迁移与界面动力学。4. COMSOL模拟与Zn|Zn对称器件共同表明，均匀电场可缓解应力集中诱导的不均匀Zn沉积，提升镀/剥锌可逆性。5. WIS-P-M结构混合超级电容器在0.5%应变下经10000次三点弯曲后容量保持率达93.6%，明显优于未加MXene器件的80.4%。 全文速览在同时储存电化学能并承受机械载荷的结构储能器件中，外力通常会影响其电化学性能。一个典型现象是，在循环弯曲应力下，充放电曲线中会出现电压波纹，从而导致电压不稳定。该研究证明，这些电压波纹来源于机械变形区域内空间非均匀的电场分布。通过MXene添加剂电解质中氢键网络形成的极化电场，可以有效均匀化电场分布，进而削弱电压波纹并平滑电压曲线。此外，均匀电场分布促进了均匀Zn沉积并延长了器件寿命。因此，所制备的含MXene添加剂电解质的Zn离子结构混合超级电容器在0.5%应变下经10000次三点弯曲循环后容量保持率达到93.6%，显著高于未添加MXene器件的80.4%。该项关于结构储能器件电压波纹抑制的研究，为设计在机械载荷下仍能稳定输出电压的高性能结构电源提供了可行路径。 图文解读图1 | Ti₃C₂Tₓ MXene纳米片的结构表征及其在聚合物电解质中的均匀分散。研究人员首先制备Ti₃C₂Tₓ MXene添加剂电解质WIS-P-M，并与不含MXene的WIS-P对比。SEM、XRD和TEM结果证明MXene纳米片具有较高结晶性和超薄片层结构；光学照片显示两类电解质均可由液态前驱体形成膜。加入MXene后，聚合物电解质孔径更小，元素面分布显示MXene在膜内分散良好。图2 | MXene添加剂提升电解质离子传输、氢键作用和变形下电场均匀性。不同MXene含量的EIS和离子电导率测试显示，电解质电阻随MXene含量先降后升，0.03 wt.%时达到23.5 mS cm⁻¹。FTIR峰位由3467和3376 cm⁻¹移至3444和3361 cm⁻¹，说明MXene与聚合物链形成氢键。WIS-P-M器件在40 Hz下介电常数达5724，高于WIS-P的1741，有助于在外电场下形成偶极并均匀化弯曲电场。图3 | MXene诱导的均匀电场缓解弯曲应力下Zn沉积不均和循环失效。COMSOL模拟表明，无外力时两种器件电场较均匀；弯曲后WIS-P中心受力区电场明显集中，而MXene含量提高至0.03 wt.%后电场分布更加均匀。Zn|Zn对称器件验证了这一机制：WIS-P-M在0.5%应变、0.3 mA cm⁻²条件下可稳定运行超过700 h，循环后Zn沉积更平整均一，说明均匀电场和更快离子传输共同改善镀/剥锌过程。图4 | MXene添加剂电解质在循环拉压和弯曲载荷下抑制充放电电压波纹。MD模拟和FTIR结果显示，WIS-P-M中MXene-聚合物氢键网络在5%拉伸/压缩循环后仍保持稳定。原位力-电化学测试进一步表明，WIS-P在0.4%至0.5%应变下GCD曲线出现随应变增大的周期性波纹，而WIS-P-M即使在0.5%应变下波纹也明显减弱，ΔV仅0.005 V，低于WIS-P的0.013 V，证明稳压效应来自变形区电场均匀化。图5 | WIS-P-M结构混合超级电容器兼具高储能性能、力学性能和弯曲循环稳定性。电化学与多功能性能测试显示，WIS-P-M CSHS具备良好的倍率响应、能量密度和循环稳定性，并可驱动小风扇展示实际供能能力。三点弯曲测试表明器件具备结构承载能力，弯曲循环与静态弯曲下的容量保持结果进一步证明，MXene添加剂电解质能够在机械载荷中维持更稳定的电化学输出，0.5%应变下10000次弯曲后容量保持率达到93.6%。 总结总之，该工作提出了一种MXene添加剂电解质，用于降低外部机械载荷对结构混合超级电容器充放电过程的干扰。研究表明，循环弯曲下产生的电压波纹主要源于变形区域内不均匀的电场分布；MXene与聚合物链之间形成的稳定氢键网络能够诱导极化电场，进而均匀化局部电场，削弱电压波动，并促进更均匀的Zn沉积和更稳定的离子传输。受益于这一稳压机制，Zn离子结构混合超级电容器在保持较高能量输出和力学承载能力的同时，在0.5%应变下经10000次三点弯曲循环后仍保持93.6%的容量。该策略为开发在机械扰动环境下仍能稳定工作的多功能结构电源提供了重要思路。A Voltage-Stabilizing MXene Additive Electrolyte Mitigates Interference From External Force on the Charge-Discharge Process for Multifunctional Hybrid Structural Supercapacitors,Advanced Materials,2026,DOI:10.1002/adma.74868#南方科技大学#周利民#香港理工大学#黄海涛#米耀荣#AM#电池点击阅读原文，加速顶刊！阅读原文通讯作者：周利民、黄海涛、米耀荣\x0d\x0a通讯单位：南方科技大学、香港理工大学",,,,pending
大连工业大学佟瑶&中科院大连化物所张浩翔&浙江越秀外国语学院，AFM丨ACDC分层调控锌负极界面！,电池未来,电池未来,"RIOnews API, 前沿表征, 原位, 学术研究, 大学, 科学院, 研究所",normal,2026-09-12T08:30:00+08:00,,水系锌离子电池因安全性高、锌资源丰富、理论容量高，被认为适合大规模储能。然而，锌金属负极在水系电解液中并不稳定，枝晶生长、析氢反应、界面腐蚀和不可逆副产物会共同导致容量快速衰减、库仑效率降低和循环寿命缩短。传统ZnSO₄电解液中，Zn²⁺通常被六个H₂O紧密包围，形成富水溶剂化鞘层。随着Zn²⁺迁移到极化电极界面，这些水分子容易参与副反应，生成碱式硫酸锌等绝缘副产物；同时，界面离子扩散缓慢和局部电场集中会诱发不均匀成核，最终促进锌枝晶生长。已有电解液添加剂多偏向单一功能：有些主要调控体相溶剂化，有些只在表面形成被动屏障。该工作瞄准锌沉积的全生命周期，设计能同时参与体相配位、电双层调控和晶面吸附,http://mp.weixin.qq.com/s?__biz=Mzg5OTYzNjU0OA==&mid=2247651928&idx=5&sn=69fa82dd07d52c92005132a28ef8c714,,水系锌离子电池因安全性高、锌资源丰富、理论容量高，被认为适合大规模储能。然而，锌金属负极在水系电解液中并不稳定，枝晶生长、析氢反应、界面腐蚀和不可逆副产物会共同导致容量快速衰减、库仑效率降低和循环寿命缩短。传统ZnSO₄电解液中，Zn²⁺通常被六个H₂O紧密包围，形成富水溶剂化鞘层。随着Zn²⁺迁移到极化电极界面，这些水分子容易参与副反应，生成碱式硫酸锌等绝缘副产物；同时，界面离子扩散缓慢和局部电场集中会诱发不均匀成核，最终促进锌枝晶生长。已有电解液添加剂多偏向单一功能：有些主要调控体相溶剂化，有些只在表面形成被动屏障。该工作瞄准锌沉积的全生命周期，设计能同时参与体相配位、电双层调控和晶面吸附,"水系锌离子电池因安全性高、锌资源丰富、理论容量高，被认为适合大规模储能。然而，锌金属负极在水系电解液中并不稳定，枝晶生长、析氢反应、界面腐蚀和不可逆副产物会共同导致容量快速衰减、库仑效率降低和循环寿命缩短。传统ZnSO₄电解液中，Zn²⁺通常被六个H₂O紧密包围，形成富水溶剂化鞘层。随着Zn²⁺迁移到极化电极界面，这些水分子容易参与副反应，生成碱式硫酸锌等绝缘副产物；同时，界面离子扩散缓慢和局部电场集中会诱发不均匀成核，最终促进锌枝晶生长。已有电解液添加剂多偏向单一功能：有些主要调控体相溶剂化，有些只在表面形成被动屏障。该工作瞄准锌沉积的全生命周期，设计能同时参与体相配位、电双层调控和晶面吸附的ACDC分子，试图用一个添加剂串联解决水诱导副反应与枝晶失控问题。近日，大连工业大学佟瑶、中国科学院大连化学物理研究所张浩翔、浙江越秀外国语学院Bita Farhadi在Advanced Functional Materials发表了题为""Spatiotemporally Hierarchical Regulation of Zinc Anode Interface via a Multifunctional Additive for High-Durability Aqueous Zinc-Ion Batteries""的研究论文。Ruixuan Bai为论文第一作者，佟瑶、Haoxiang Zhang、Bita Farhadi为论文共同通讯作者。核心亮点1. 提出“时空层级调控”策略，将锌沉积过程拆解为体相传输、EDL去溶剂化和界面电结晶三个连续阶段。2. ACDC中的-COOH和-NH₂可优先配位Zn²⁺，部分替代H₂O并削弱水氢键网络，从源头降低析氢和腐蚀风险。3. 带正电的S⁺中心在电双层中形成静电屏蔽，排斥自由水并降低Zn²⁺去溶剂化能垒。4. ACDC preferentially adsorbs on Zn (002) facet，诱导均匀Zn沉积，并在循环中演化为稳定有机SEI层。5. 优化电解液使Zn||Zn电池在5 mA cm⁻²/5 mAh cm⁻²下稳定超过2100 h，Zn||NaV₃O₈⋅1.5H₂O全电池2000圈后容量保持率达77.6%。 全文速览水系锌离子电池的实际应用受到锌负极界面时空复杂失稳的严重限制，常规单功能添加剂难以充分解决这一问题。该研究提出一种新的“时空层级调控”策略，通过合理设计的多功能添加剂(3-氨基-3-羧丙基)二甲基硫鎓氯化物（ACDC），实现对Zn²⁺沉积全过程的精准干预。不同于传统单功能添加剂，ACDC在统一分子框架中整合了配位功能和静电功能，可在体相电解液、电双层和电极界面之间实现接力式调控。这种协同多层调控从根本上重塑Zn沉积路径，使Zn在5 mA cm⁻²下稳定沉积/剥离循环超过2100 h。全电池表现出优异倍率性能、受抑制的自放电行为（静置24 h后容量保持率93%）和长循环耐久性。同时，软包电池100圈后容量保持率达到84.6%。除性能提升外，该工作还建立了电化学界面时空调控的通用分子设计范式，为高安全、长寿命水系储能体系的电解液工程提供了思路。 图文解读图1 | ACDC通过体相溶剂化、电双层和Zn表面三个阶段接力调控锌沉积过程。图1概括了ACDC的三阶段作用机制：首先，ACDC与Zn²⁺强配位，部分替代溶剂化鞘层中的H₂O，降低水诱导副反应；随后，S⁺中心调控EDL并排斥自由水，促进Zn²⁺去溶剂化和界面传输；最后，ACDC优先吸附在Zn(002)晶面并参与形成SEI，从而抑制枝晶和腐蚀。图2 | 理论计算与谱学表征共同证明ACDC重构Zn²⁺溶剂化结构并削弱水氢键网络。图2显示ACDC的Cl⁻、-COOH和-NH₂区域具有负电势，S⁺区域呈正电势，说明其具备多位点调控能力。DFT、MD、RDF和配位数分析表明-COOH与-NH₂可替代部分H₂O进入Zn²⁺第一溶剂化鞘层；NMR、FTIR和Raman进一步证明ACDC削弱水氢键网络，使电解液由富水环境转向ACDC调制的配位结构。图3 | ACDC调控EDL、降低去溶剂化能垒，并通过晶面选择性吸附诱导均匀Zn生长。图3证明ACDC在界面层面发挥双重作用：EDL电容降低说明其富集于Zn表面，LSV和腐蚀测试显示S⁺静电屏蔽可抑制析氢与腐蚀；活化能从44.06降至39.82 kJ mol⁻¹，说明Zn²⁺去溶剂化更容易。同时，ACDC对Zn(002)晶面吸附能最低，可调控晶体取向并均化Zn²⁺通量。图4 | XPS、TOF-SIMS和对称电池测试揭示ACDC构筑稳定有机SEI并显著延长Zn负极寿命。图4中，循环后Zn表面的C 1s、N 1s、O 1s和S 2p信号表明ACDC参与形成含C-N、C-O、C=O和C-S键的有机界面层。TOF-SIMS显示ACDC体系中C、N、S主要分布于界面区域，而原始ZnSO₄中O信号贯穿更深，代表腐蚀副产物更多。电化学结果显示ACDC显著提升Zn||Zn循环稳定性。图5 | 形貌和原位观察证明ACDC可抑制粗糙沉积、枝晶生长与界面腐蚀。图5通过SEM、AFM、Zn成核测试和原位光学显微观察对沉积形貌进行验证。普通ZnSO₄中，Zn表面会出现不规则颗粒并逐步发展为枝晶；加入ACDC后，Zn沉积过程保持平整稳定，循环后表面粗糙度降低，腐蚀副产物也明显减少，说明分层调控确实转化为更均匀、更稳定的Zn沉积行为。图6 | Zn||NaV₃O₈⋅1.5H₂O全电池验证ACDC电解液的倍率、自放电、长循环和软包实用性。图6展示ACDC在全电池中的应用效果。ZnSO₄/ACDC电解液带来更大的CV响应和更高倍率容量，在0.2至5 A g⁻¹下均优于普通ZnSO₄体系；静置24 h后容量保持率达93%，明显高于对照的46%。在5 A g⁻¹下循环2000圈后容量保持率为77.6%，软包电池100圈后仍保持84.6%，体现实际应用潜力。 总结总之，该研究开发了ACDC作为多功能电解液添加剂，通过对Zn²⁺沉积过程进行阶段匹配调控来稳定水系Zn金属负极。-COOH和-NH₂基团调节Zn²⁺溶剂化并削弱水氢键网络，带正电的硫鎓S⁺中心调控EDL环境，抑制水诱导副反应并促进Zn²⁺去溶剂化。同时，ACDC的优先吸附和界面演化引导均匀Zn生长，并有助于形成稳定有机界面层。因此，Zn负极实现了长时间循环稳定性，相应Zn||NaV₃O₈⋅1.5H₂O全电池表现出更好的倍率性能、受抑制的自放电和长循环耐久性。该工作为面向耐久水系锌离子电池的电解液添加剂提供了分子级设计策略。Spatiotemporally Hierarchical Regulation of Zinc Anode Interface via a Multifunctional Additive for High-Durability Aqueous Zinc-Ion Batteries,Advanced Functional Materials,2026,DOI:10.1002/adfm.78096#大连工业大学#佟瑶#中国科学院大连化学物理研究所#张浩翔#浙江越秀外国语学院#AFM#电池点击阅读原文，加速顶刊！阅读原文通讯作者：佟瑶、张浩翔、Bita Farhadi\x0d\x0a通讯单位：大连工业大学、中国科学院大连化学物理研究所、浙江越秀外...",,,,pending
张久俊院士领衔！上海大学赵兵/蒋永&上海理工大学姜金龙AFM丨痕量阴离子受体稳固钠金属电池！,电池未来,电池未来,"RIOnews API, 前沿表征, 原位",normal,2026-09-12T08:30:00+08:00,,钠金属电池因钠资源丰富、成本较低，被视为大规模储能的重要候选体系。然而，常用NaPF₆碳酸酯电解液容易受痕量水影响发生水解，产生HF和含磷氧氟化物，持续破坏SEI/CEI并增加界面阻抗。与此同时，钠沉积过程容易出现局部电流密度放大的“尖端效应”，诱发不均匀沉积、枝晶生长和死钠积累。传统电解液还常呈现溶剂主导的Na⁺溶剂化结构，导致去溶剂化能垒高、界面传输慢。因此，理想添加剂需要同时具备杂质清除、阴离子配位、离子通量调控和界面成膜能力。该工作选择集成─CN、咪唑N位点、─CF₃和Li⁺的LiTDI，构建多功能阴离子受体策略，以协同解决钠金属电池中盐水解、沉积失控和界面不稳的问题。近日，上海大学赵,http://mp.weixin.qq.com/s?__biz=Mzg5OTYzNjU0OA==&mid=2247651928&idx=1&sn=aadb40d7945e2522d908f0376ce43b12,,钠金属电池因钠资源丰富、成本较低，被视为大规模储能的重要候选体系。然而，常用NaPF₆碳酸酯电解液容易受痕量水影响发生水解，产生HF和含磷氧氟化物，持续破坏SEI/CEI并增加界面阻抗。与此同时，钠沉积过程容易出现局部电流密度放大的“尖端效应”，诱发不均匀沉积、枝晶生长和死钠积累。传统电解液还常呈现溶剂主导的Na⁺溶剂化结构，导致去溶剂化能垒高、界面传输慢。因此，理想添加剂需要同时具备杂质清除、阴离子配位、离子通量调控和界面成膜能力。该工作选择集成─CN、咪唑N位点、─CF₃和Li⁺的LiTDI，构建多功能阴离子受体策略，以协同解决钠金属电池中盐水解、沉积失控和界面不稳的问题。近日，上海大学赵,"钠金属电池因钠资源丰富、成本较低，被视为大规模储能的重要候选体系。然而，常用NaPF₆碳酸酯电解液容易受痕量水影响发生水解，产生HF和含磷氧氟化物，持续破坏SEI/CEI并增加界面阻抗。与此同时，钠沉积过程容易出现局部电流密度放大的“尖端效应”，诱发不均匀沉积、枝晶生长和死钠积累。传统电解液还常呈现溶剂主导的Na⁺溶剂化结构，导致去溶剂化能垒高、界面传输慢。因此，理想添加剂需要同时具备杂质清除、阴离子配位、离子通量调控和界面成膜能力。该工作选择集成─CN、咪唑N位点、─CF₃和Li⁺的LiTDI，构建多功能阴离子受体策略，以协同解决钠金属电池中盐水解、沉积失控和界面不稳的问题。近日，上海大学赵兵、蒋永、上海理工大学姜金龙在Advanced Functional Materials发表了题为""Trace Anion-Receptor Chemistry for Stable Carbonate Electrolytes Toward Long-Life Sodium Metal Batteries""的研究论文。Wenrong Li为论文第一作者，赵兵、蒋永、姜金龙为论文共同通讯作者。核心亮点1. 提出痕量LiTDI阴离子受体添加剂，用0.1 wt.%即可同时调控电解液杂质、溶剂化结构和电极界面。2. LiTDI优先捕获H₂O/HF，抑制NaPF₆水解及HF生成，从源头减轻界面腐蚀和副反应。3. LiTDI通过富电子N位点削弱Na⁺-PF₆⁻和Na⁺-EC耦合，使AGG比例由18.3%降至7.2%，Na⁺扩散系数显著提高。4. LiTDI衍生界面反应构筑NaF/Na₃N富集SEI和F/N富集CEI，促进均匀钠沉积并降低界面极化。5. 0.1% LiTDI使Na||Na对称电池在1 mA cm⁻²下稳定循环400 h，并使Na||NVP全电池2000圈后保持80.36%容量。 全文速览钠金属电池为低成本储能提供了有前景的路径，但其在碳酸酯电解液中的运行受到NaPF₆降解和界面不稳定的限制。痕量水会触发盐水解和HF生成，持续扰乱SEI/CEI化学并加剧不均匀钠沉积。该研究引入锂4,5-二氰基-2-(三氟甲基)咪唑-1-化物作为痕量阴离子受体添加剂，用于稳定NaPF₆基碳酸酯电解液。光谱分析和理论计算表明，LiTDI优先清除H₂O/HF以抑制水解，同时其富电子N位点与PF₆⁻配位，削弱Na⁺-阴离子耦合并重构溶剂化鞘，使聚集离子对比例由18.3%降至7.2%。同时，LiTDI衍生的界面反应促进Na金属表面形成富NaF/Na₃N的SEI，并在正极形成致密F/N富集CEI，实现均匀钠沉积并降低界面极化。因此，含0.1% LiTDI的Na||Na对称电池在1 mA cm⁻²下稳定循环400 h，Na⁺迁移数由0.417提高至0.603。Na||Na₃V₂(PO₄)₃全电池在1 C下循环2000圈后容量保持率达到80.36%，库仑效率稳定在99.87%。该工作建立了稳定NaPF₆基碳酸酯电解液的多功能阴离子受体策略，并为高耐久钠金属电池提供了实用路径。 图文解读图1 | LiTDI通过优先捕获H₂O/HF抑制NaPF₆水解，并展现强杂质亲和与后续成膜潜力结果显示，BLANK电解液加水后出现PO₃F₂⁻、PO₂F₂⁻和HF等NaPF₆水解信号，而LiTDI体系中这些信号消失，并出现─CF₃信号。Raman进一步证明─CN水解生成酰胺相关物种，DFT也显示LiTDI对H₂O和HF具有最负结合能，说明其可优先消耗杂质并抑制HF积累。图2 | LiTDI均匀化界面Na⁺通量，抑制枝晶、裂纹和死钠形成原位光学显微镜表明，BLANK中钠沉积很快形成局部热点并发展为疏松枝晶；加入0.1% LiTDI后，钠沉积全过程保持致密平整。截面SEM和有限元模拟进一步说明，LiTDI缓解尖端处电流和Na⁺浓度集中，使沉积前沿更均匀，循环后钠表面裂纹和死钠明显减少。图3 | LiTDI重构Na⁺溶剂化结构，削弱离子聚集并提升Na⁺传输动力学Raman和¹⁹F NMR显示，LiTDI能削弱Na⁺-PF₆⁻耦合并改变离子缔合平衡，使AGG比例由BLANK的18.3%降至7.2%。分子动力学结果表明，Na⁺-P和Na⁺-OEC配位数明显降低，去溶剂化能下降至301 kJ mol⁻¹，Na⁺扩散系数升至5.41 × 10⁻⁵ cm² s⁻¹。图4 | LiTDI优化界面反应动力学、润湿性和钠沉积可逆性电化学测试中，0.1% LiTDI表现出最小电压滞后、最高交换电流密度0.199 mA cm⁻²和更高Na⁺迁移数0.603，同时降低成核过电位、提升Na||Cu库仑效率并支持Na||Na长时间稳定循环。图5 | LiTDI诱导形成NaF/Na₃N富集的梯度SEI，减少PF₆⁻衍生残留深度XPS显示，LiTDI体系中F 1s、P 2p和N 1s组分随溅射深度呈现有利重分布，NaF相关物种和Na–N/Na₃N信号在内层更突出，而PF₆⁻水解相关磷残留减少。该梯度SEI具备无机富集内层和较低副反应特征，有助于增强机械稳定性并加快Na⁺通过界面。图6 | LiTDI稳定Na||NVP全电池正极界面，实现长寿命和高倍率性能Na||NVP全电池中，0.1% LiTDI带来最高初始放电容量110.58 mAh g⁻¹和96.77%初始库仑效率，2000圈后容量保持率仍达80.36%。倍率测试显示其在10 C下仍可输出90.47 mAh g⁻¹；原位EIS、TEM/HRTEM和XPS共同证明LiTDI构建更薄、更致密且F/N富集的CEI。 总结综上，该研究证明，痕量LiTDI可作为多功能阴离子受体添加剂稳定NaPF₆基碳酸酯电解液。LiTDI中的─CN基团优先清除H₂O/HF，抑制NaPF₆水解和HF生成；富电子咪唑N位点与PF₆⁻相互作用，削弱Na⁺-阴离子及Na⁺-溶剂耦合，降低Na⁺去溶剂化能垒并提升扩散能力。同时，LiTDI衍生反应促进Na金属负极形成NaF/Na₃N富集的稳定SEI，并在NVP正极形成致密F/N富集CEI，从而均匀化钠沉积、降低界面极化并抑制持续副反应。得益于体相溶剂化和双电极界面化学的协同调控，含0.1% LiTDI的Na||Na对称电池和Na||NVP全电池均表现出显著提升的循环稳定性与动力学性能。该工作为高耐久钠金属电池的实用电解液设计提供了有效的分子工程思路。Trace Anion-Receptor Chemistry for Stable Carbonate Electrolytes Toward Long-Life Sodium Metal Batteries,Advanced Functional Materials,2026,DOI:10.1002/adfm.77968#上海大学#赵兵#蒋永#上海理工大学#姜金龙#AFM#电池点击阅读原文，加速顶刊！阅读原文通讯作者：赵兵、蒋永、姜金龙\x0d\x0a通讯单位：上海大学、上海理工大学",,,,pending
北京航空航天大学「国家级领军人才」水江澜&天目山实验室，AFM丨废旧Nafion膜变身温和储氢材料！,电池未来,电池未来,"RIOnews API, 前沿表征, 原位",normal,2026-09-12T08:30:00+08:00,,质子交换膜燃料电池、水电解槽和氯碱电解等氢能装置大量依赖Nafion等全氟磺酸膜。随着氢能产业发展，报废质子交换膜的数量会持续增加，而这类材料骨架化学稳定、含氟组分难降解，填埋、焚烧或传统化学回收都面临环境风险、能耗高或工艺复杂等问题。Nafion并不是普通塑料膜，其内部含有由亲水磺酸基团构成的高密度亚纳米质子传导通道。这些通道本来服务于质子传输，但从储氢角度看，也可能提供H₂扩散路径和弱化学吸附位点。更特别的是，燃料电池长期运行后，Pt催化剂会有少量迁移并沉积到膜内，这种服役痕迹反而可能成为氢分子解离的催化中心。该研究的核心逻辑在于把“废膜中的结构残留”和“服役引入的金属沉积”转化为功能优势,http://mp.weixin.qq.com/s?__biz=Mzg5OTYzNjU0OA==&mid=2247651928&idx=6&sn=7ae3b59a8880c1d5b210a8c14ef77709,,质子交换膜燃料电池、水电解槽和氯碱电解等氢能装置大量依赖Nafion等全氟磺酸膜。随着氢能产业发展，报废质子交换膜的数量会持续增加，而这类材料骨架化学稳定、含氟组分难降解，填埋、焚烧或传统化学回收都面临环境风险、能耗高或工艺复杂等问题。Nafion并不是普通塑料膜，其内部含有由亲水磺酸基团构成的高密度亚纳米质子传导通道。这些通道本来服务于质子传输，但从储氢角度看，也可能提供H₂扩散路径和弱化学吸附位点。更特别的是，燃料电池长期运行后，Pt催化剂会有少量迁移并沉积到膜内，这种服役痕迹反而可能成为氢分子解离的催化中心。该研究的核心逻辑在于把“废膜中的结构残留”和“服役引入的金属沉积”转化为功能优势,"质子交换膜燃料电池、水电解槽和氯碱电解等氢能装置大量依赖Nafion等全氟磺酸膜。随着氢能产业发展，报废质子交换膜的数量会持续增加，而这类材料骨架化学稳定、含氟组分难降解，填埋、焚烧或传统化学回收都面临环境风险、能耗高或工艺复杂等问题。Nafion并不是普通塑料膜，其内部含有由亲水磺酸基团构成的高密度亚纳米质子传导通道。这些通道本来服务于质子传输，但从储氢角度看，也可能提供H₂扩散路径和弱化学吸附位点。更特别的是，燃料电池长期运行后，Pt催化剂会有少量迁移并沉积到膜内，这种服役痕迹反而可能成为氢分子解离的催化中心。该研究的核心逻辑在于把“废膜中的结构残留”和“服役引入的金属沉积”转化为功能优势：Pt负责把H₂活化成原子H，SO₃H负责捕获氢物种，水溶胀-冷冻干燥保留的通道负责加速传质，由此让废旧膜在相对温和条件下表现出可逆储氢能力。近日，北京航空航天大学水江澜、天目山实验室Zhao Zhang在Advanced Functional Materials发表了题为""From Waste to Value: End-of-Life Proton-Exchange Membranes as Hydrogen Storage Materials at Mild Conditions""的研究论文。Xuan Zhang，Bingru Liu为论文共同第一作者，水江澜、Zhao Zhang为论文共同通讯作者。核心亮点1. 提出废旧质子交换膜高值回收新思路，将报废燃料电池Nafion膜直接转化为温和条件储氢材料。2. 利用服役过程中原位沉积的微量Pt作为氢溢流催化位点，促进H₂解离为原子H。3. 证明Nafion膜内SO₃H基团是主要化学吸附位点，Na⁺交换和酸处理实验共同验证其关键作用。4. 水溶胀-冷冻干燥保留互连亚纳米通道，使H₂扩散更快、活性位点暴露更充分。5. 200 h服役膜在150°C、5 MPa下实现2.05 wt.%储氢容量，并表现出快速动力学和优异循环稳定性。 全文速览质子交换膜（PEMs），如Nafion，是氢基电化学装置的核心组成部分。在氢能经济发展过程中，大规模处置报废膜带来了紧迫却常被忽视的挑战。该研究表明，报废膜可以被直接再利用为高效储氢材料。通过水溶胀和冷冻干燥过程保留下来的亚纳米质子传导通道网络为氢提供了快速扩散路径，通道壁上丰富的磺酸基团可作为有效的化学吸附位点，而长期运行中原位沉积的贵金属原子/团簇则作为高效氢溢流催化剂，将H₂催化转化为原子H。这些特征的协同作用使材料能够在温和条件下实现显著储氢。例如，来自寿命为200 h的质子交换膜燃料电池的废旧Nafion膜，在150°C和5 MPa下实现2.05 wt.%的储氢容量，同时具有优异循环稳定性和快速动力学。该性能可与专门设计的储氢材料相媲美，凸显其实用潜力。服役演化产生的储氢功能为报废电化学膜管理提供了一条可持续且高价值的路径。 图文解读图1 | 废旧Nafion膜的形貌、元素分布和SO₃H官能团特征表征研究团队从运行200 h后的膜电极中回收Nafion膜，经乙醇洗去催化层并冷冻干燥保留扩展通道。SEM显示膜表面存在褶皱，截面厚度约23 µm并出现中心裂纹；EDS显示Pt在膜内均匀分布，ICP测得Pt含量约0.12 wt.%。FTIR在1057 cm⁻¹处观察到SO₃H特征峰，说明废膜仍保留与储氢相关的磺酸基团。图2 | EoL-PEM在温和条件下的储氢性能、Pt含量关联和循环稳定性结果显示，EoL-PEM的储氢容量随温度先升后降，在150°C、5 MPa下达到2.05 wt.%，吸附可在1 min内快速平衡。随着MEA运行时间从0 h增加到200 h，膜内Pt含量和储氢容量同步提高，证明Pt沉积有利于氢溢流。23次吸脱附循环未出现明显容量衰减，FTIR也显示SO₃H和PTFE骨架保持稳定。图3 | XPS、NMR和离子交换实验证明SO₃H是主要氢吸附位点氢化后S 2p结合能降低而F 1s几乎不变，说明氢主要与SO₃⁻相关位点作用，而非聚合物含氟骨架。¹H NMR中水合SO₃⁻信号和弱结合羟基信号变化进一步支持SO₃⁻与氢相互作用。Na⁺交换将SO₃H转化为SO₃Na后，吸脱氢容量显著下降；酸处理再生SO₃H后容量提升，确认SO₃H的关键作用。图4 | 通道尺寸调控揭示互连孔道对H₂扩散和容量提升的作用研究人员通过H₂O和NMP溶胀并冷冻干燥调节Nafion膜通道尺寸，膜厚从15 µm分别增至23 µm和38 µm。H₂O溶胀样品保留更多内部通道，比表面积由1.8增至5.7 m² g⁻¹，使H₂更容易进入膜内、在Pt上解离并吸附到通道壁SO₃H位点。进一步用NMP扩大通道并未继续提高容量，说明位点已充分暴露。 总结从报废燃料电池中回收的废旧Nafion膜在150°C和5 MPa下表现出最高约2 wt.%的显著储氢容量，同时具备快速吸脱附动力学和优异循环稳定性。该性能位于已报道聚合物基储氢材料的领先水平。废膜中原位沉积的Pt纳米颗粒是氢溢流的关键催化位点，可将H₂解离为原子H物种，随后这些H物种迁移并与邻近SO₃H基团相互作用，而SO₃H基团是主要吸附位点。该工作实现了双重目标：一方面引入了一种面向近环境温度储氢的新型高性能聚合物候选材料，另一方面也为废弃电化学装置中Nafion膜的回收提供了一条可持续且有吸引力的路径。From Waste to Value: End-of-Life Proton-Exchange Membranes as Hydrogen Storage Materials at Mild Conditions,Advanced Functional Materials,2026,DOI:10.1002/adfm.78046#北京航空航天大学#水江澜#天目山实验室#AFM#电池点击阅读原文，加速顶刊！阅读原文通讯作者：水江澜、Zhao Zhang\x0d\x0a通讯单位：北京航空航天大学、天目山实验室",,,,pending
国轩高科单笔最大储能订单6GWh落子沙特 再拓中东新版图,鑫椤锂电,鑫椤锂电,"RIOnews API, 新材料, 碳, 前沿表征, 工况, 国轩高科, 国轩, 储能, 储能系统, 大储, 可靠性, 长循环, 循环寿命, GWh, 订单, 落地",normal,2026-09-12T08:30:00+08:00,,关注公众号，点击公众号主页右上角“ ··· ”，设置星标“⭐”，关注鑫椤锂电资讯~本文来源：企业官微近日，沙特首批大型电池储能项目正式落地并进入实质性建设阶段。国轩高科凭借在储能领域的扎实产品技术实力与全球化服务优势，成功拿下该项目核心6GWh储能订单，国轩高科将为沙特三大主力储能站点提供全套储能解决方案。这标志着国轩高科正式突破中东高端储能市场，也成为中国储能企业深度参与中东新能源转型、构建全球储能产业新格局的关键一步。中东地区气候环境严苛，极度干旱、风沙频发、昼夜温差悬殊，且项目采用BOO（建设—拥有—运营）长效运营模式，对储能产品的可靠性、耐用性和可持续性提出了极高技术要求。针对当地极端,http://mp.weixin.qq.com/s?__biz=MzU0MTkzOTQzOA==&mid=2247571725&idx=1&sn=1ddc4e191b34ce12b2d6444a5282fdf5,,关注公众号，点击公众号主页右上角“ ··· ”，设置星标“⭐”，关注鑫椤锂电资讯~本文来源：企业官微近日，沙特首批大型电池储能项目正式落地并进入实质性建设阶段。国轩高科凭借在储能领域的扎实产品技术实力与全球化服务优势，成功拿下该项目核心6GWh储能订单，国轩高科将为沙特三大主力储能站点提供全套储能解决方案。这标志着国轩高科正式突破中东高端储能市场，也成为中国储能企业深度参与中东新能源转型、构建全球储能产业新格局的关键一步。中东地区气候环境严苛，极度干旱、风沙频发、昼夜温差悬殊，且项目采用BOO（建设—拥有—运营）长效运营模式，对储能产品的可靠性、耐用性和可持续性提出了极高技术要求。针对当地极端,关注公众号，点击公众号主页右上角“ ··· ”，设置星标“⭐”，关注鑫椤锂电资讯~本文来源：企业官微近日，沙特首批大型电池储能项目正式落地并进入实质性建设阶段。国轩高科凭借在储能领域的扎实产品技术实力与全球化服务优势，成功拿下该项目核心6GWh储能订单，国轩高科将为沙特三大主力储能站点提供全套储能解决方案。这标志着国轩高科正式突破中东高端储能市场，也成为中国储能企业深度参与中东新能源转型、构建全球储能产业新格局的关键一步。中东地区气候环境严苛，极度干旱、风沙频发、昼夜温差悬殊，且项目采用BOO（建设—拥有—运营）长效运营模式，对储能产品的可靠性、耐用性和可持续性提出了极高技术要求。针对当地极端工况与长期运营的核心需求，国轩高科为项目量身定制了一体化全场景储能系统解决方案。 方案核心搭载国轩高科独有的乾元智储储能系统，产品具备高集成度、大容量、长循环寿命等优势。依托模块化集成、精准温控、智能电池管理等核心技术，设备可在-30℃至55℃超宽温度区间稳定运行，同时配套专属高温、风沙防护方案，大幅提升了储能系统在复杂环境下的稳定性和可靠性，全方位保障沙特首批大型电池项目安全、稳定、长效运行。该项目建成投运后，可在日间集中存储富余光伏电力，在用电高峰时段有序释放电能，将有效弥合新能源发电与电力需求之间的时序匹配，显著提升沙特当地电网对可再生能源的消纳水平与灵活调节能力，为区域新型电力系统的稳定运行提供坚实支撑。随着全球储能标杆项目的持续落地，国轩高科正加速从“中国制造”向“中国技术+全球服务”的价值升级。未来，国轩高科将继续深耕全球新能源市场，携手各区域产业合作伙伴，稳定输出高可靠性的储能技术与全栈解决方案，为全球能源转型与绿色低碳发展注入坚实的产业动能。 鑫椤福利免费领取：点击《2026年全球锂电产业链分布图》查看领取方式。END如题,,,,pending
Energy Environ. Sci.：酸穿梭多孔固体电解质，电合成过氧化氢,有机电催化,有机电催化,"RIOnews API, 电化学合成, 电催化, 电合成",normal,2026-09-12T08:30:00+08:00,,过氧化氢电合成 · 多孔固体电解质 · 酸穿梭 · 阴离子迁移一句话看懂多孔固体电解质反应器可直接收集高纯过氧化氢，却常因中间层离子传输不足而需要额外支持电解质，从而牺牲能耗或产品纯度。该研究将硫酸作为可循环的质子库并通过阴离子迁移在阳极再生，在25 cm2反应器、1.75 V下获得19.1 wt%的H2O2，同时实现高纯产物收集与近零净耗酸。传统蒽醌法依赖集中化装置和化石来源氢气，而电化学两电子氧还原有望实现现场制备过氧化氢。现有电解体系通常需要碱、盐等支持电解质以维持离子电导，产品中随之混入电解质；固体电解质反应器虽可分隔收集区，却易受质子供给和离子传输限制。因此，如何兼顾反应速率、产品纯,http://mp.weixin.qq.com/s?__biz=MzUyNTc2ODMyOQ==&mid=2247562545&idx=1&sn=1a2441ba65d2c6d9fcff1d632fa89314,,过氧化氢电合成 · 多孔固体电解质 · 酸穿梭 · 阴离子迁移一句话看懂多孔固体电解质反应器可直接收集高纯过氧化氢，却常因中间层离子传输不足而需要额外支持电解质，从而牺牲能耗或产品纯度。该研究将硫酸作为可循环的质子库并通过阴离子迁移在阳极再生，在25 cm2反应器、1.75 V下获得19.1 wt%的H2O2，同时实现高纯产物收集与近零净耗酸。传统蒽醌法依赖集中化装置和化石来源氢气，而电化学两电子氧还原有望实现现场制备过氧化氢。现有电解体系通常需要碱、盐等支持电解质以维持离子电导，产品中随之混入电解质；固体电解质反应器虽可分隔收集区，却易受质子供给和离子传输限制。因此，如何兼顾反应速率、产品纯,"过氧化氢电合成 · 多孔固体电解质 · 酸穿梭 · 阴离子迁移一句话看懂多孔固体电解质反应器可直接收集高纯过氧化氢，却常因中间层离子传输不足而需要额外支持电解质，从而牺牲能耗或产品纯度。该研究将硫酸作为可循环的质子库并通过阴离子迁移在阳极再生，在25 cm2反应器、1.75 V下获得19.1 wt%的H2O2，同时实现高纯产物收集与近零净耗酸。传统蒽醌法依赖集中化装置和化石来源氢气，而电化学两电子氧还原有望实现现场制备过氧化氢。现有电解体系通常需要碱、盐等支持电解质以维持离子电导，产品中随之混入电解质；固体电解质反应器虽可分隔收集区，却易受质子供给和离子传输限制。因此，如何兼顾反应速率、产品纯度和电解质循环，仍是分布式过氧化氢电合成的关键。核心问题如何利用可再生酸作为质子库，增强多孔固体电解质层的离子传输，同时避免硫酸根进入过氧化氢产品流？本文要点1. 在两张阴离子交换膜之间引入酸性多孔固体电解质层，硫酸提供质子并在阳极通过阴离子迁移实现再生。2. 与非酸穿梭体系相比，2.0 V下电流密度由16提高至100 mA cm−2，单位产物能耗降低53%。3. 0.5 M H2SO4、1.7 V下获得3.0 wt% H2O2和91%法拉第效率；延长停留时间后产品纯度达到99.8%。4. 25 cm2模块在1.75 V下1800 s获得19.1 wt% H2O2，并在1000次操作中维持酸再生与产物浓度。关键图表解读酸穿梭多孔固体电解质反应器。Figure 1. 酸穿梭多孔固体电解质反应器。两张阴离子交换膜夹持酸性多孔固体电解质层，硫酸根迁向阳极而过氧化氢在中间层收集，表明酸穿梭反应器能够将质子供给与产物分离耦合，为高纯过氧化氢连续收集提供结构基础。酸穿梭提升离子传输与产物纯度。Figure 2. 酸穿梭提升离子传输与产物纯度。2.0 V下酸穿梭反应器电流密度为100 mA cm−2，非酸穿梭体系仅为16 mA cm−2，表明酸性中间层与多孔固体电解质协同缩短质子传输路径并降低器件欧姆损失。长期过氧化氢生成与硫酸再生。Figure 3. 长期过氧化氢生成与硫酸再生。1.7 V下反应器稳定运行100 h，末周期H2O2浓度仍高于3.3 wt%且法拉第效率为92%，表明间歇式酸穿梭可在长期操作中维持过氧化氢生成与硫酸再生的循环稳定性。模块放大与技术经济分析。Figure 4. 模块放大与技术经济分析。25 cm2反应器在1.75 V、1800 s下获得19.1 wt% H2O2，并完成1000次操作，表明酸穿梭策略可由小面积器件扩展至模块化反应器，但规模化能耗仍受电压和电流密度制约。关键数据酸穿梭体系在2.0 V时电流密度100 mA cm−2、较对照提高超过6倍，单位产物能耗降低53%；25 cm2反应器在1.75 V、1800 s获得19.1 wt% H2O2，硫酸最高再生比99.8%。可以继续思考什么？不同酸种的解离平衡、阴离子迁移率和膜选择性如何共同决定质子供给与产品纯度？在更大面积模块中，气液传质、间歇排液频率和堆叠电压损失能否保持与小型反应器相同的能效优势？文献信息论文题目：Hydrogen peroxide electrosynthesis via acid shuttling in a porous solid electrolyte reactor期刊：Energy & Environmental Science, 2026, online publicationDOI：10.1039/D6EE03855G通讯作者：Tianze Wu；Zhichuan J. Xu有机电催化学术交流QQ群: 692419836",,,,pending
南京工业大学AM：微流控技术打造弹性光热螺旋凝胶微纤维，实现高效太阳能蒸发与空间调控光-热-水管理,高分子科学前沿,高分子科学前沿,"RIOnews API, 聚合物新材料, 凝胶, 学术研究, 大学, 教授",normal,2026-09-12T08:05:05+08:00,,随着全球淡水资源需求日益增长，水污染与能源消耗问题不断加剧，可持续社会发展面临严峻挑战。传统海水淡化技术如反渗透、多级闪蒸和电渗析等虽已广泛应用，但其对化石燃料的高度依赖限制了长期可持续性。相比之下，太阳能驱动的界面蒸发技术利用光热材料将阳光转化为局部热能，在液-气界面实现高效、低能耗的淡水生产，成为一种极具前景的替代方案。理想的界面蒸发器需具备高效光吸收与光热转换、有效的水供应与热管理，以及稳定的抗盐性和多功能性。目前，多孔材料平台如凝胶、气凝胶、泡沫、海绵及聚合物纤维薄膜/织物等已被广泛开发。其中，纤维薄膜/织物凭借高比表面积、低热导率、可调毛细作用、柔性和可扩展性，成为关键平台。然而，传,http://mp.weixin.qq.com/s?__biz=MzA5NjM5NzA5OA==&mid=2652073318&idx=4&sn=22750f087ff21f151627d4f5c2dba333,,随着全球淡水资源需求日益增长，水污染与能源消耗问题不断加剧，可持续社会发展面临严峻挑战。传统海水淡化技术如反渗透、多级闪蒸和电渗析等虽已广泛应用，但其对化石燃料的高度依赖限制了长期可持续性。相比之下，太阳能驱动的界面蒸发技术利用光热材料将阳光转化为局部热能，在液-气界面实现高效、低能耗的淡水生产，成为一种极具前景的替代方案。理想的界面蒸发器需具备高效光吸收与光热转换、有效的水供应与热管理，以及稳定的抗盐性和多功能性。目前，多孔材料平台如凝胶、气凝胶、泡沫、海绵及聚合物纤维薄膜/织物等已被广泛开发。其中，纤维薄膜/织物凭借高比表面积、低热导率、可调毛细作用、柔性和可扩展性，成为关键平台。然而，传,"随着全球淡水资源需求日益增长，水污染与能源消耗问题不断加剧，可持续社会发展面临严峻挑战。传统海水淡化技术如反渗透、多级闪蒸和电渗析等虽已广泛应用，但其对化石燃料的高度依赖限制了长期可持续性。相比之下，太阳能驱动的界面蒸发技术利用光热材料将阳光转化为局部热能，在液-气界面实现高效、低能耗的淡水生产，成为一种极具前景的替代方案。理想的界面蒸发器需具备高效光吸收与光热转换、有效的水供应与热管理，以及稳定的抗盐性和多功能性。目前，多孔材料平台如凝胶、气凝胶、泡沫、海绵及聚合物纤维薄膜/织物等已被广泛开发。其中，纤维薄膜/织物凭借高比表面积、低热导率、可调毛细作用、柔性和可扩展性，成为关键平台。然而，传统平面纤维薄膜/织物的固有几何结构存在明显局限：蒸发面积受限，蒸汽扩散受薄而致密的膜结构阻碍，蒸发效率通常低于2.65 kg m⁻² h⁻¹，并易导致盐结晶积累。为克服二维结构织物的局限，将平面薄膜/织物转向三维设计以扩大蒸发面积并捕获额外能量成为研究热点。尽管已有折纸、金字塔、伞状、拱形等三维重构策略，但这些三维功能依赖于后处理、外部加工或对由一维纤维组成的二维基材的重新配置，其调控主要局限于表面修饰，三维特性多为“外部施加”，缺乏连续内部通道，难以实现光-热-水传输的真正空间协同，且往往牺牲结构稳定性、柔性和制造简便性。因此，亟需一种从根本上不同的方法，直接在纤维层面生成内在三维结构，而非依赖后处理重塑。螺旋结构作为一种从微观到宏观尺度广泛存在的几何构型，为将一维直纤维转化为具有连续中心空腔的螺旋纤维提供了创新途径，这种内在三维特征无法通过简单重塑二维织物实现。中心空腔可实现多方向能量与质量传递，螺旋纤维本质上超越了表面级调控，实现真正的三维空间调控，这是后处理二维织物所根本不具备的能力。这种维度转变不仅赋予光热纤维材料优异的拉伸性、压缩性和弹性，还为多功能集成提供了稳定且 robust 的平台。为此，研究者提出了一种通过微流控技术原位生成具有内在三维结构的弹性光热螺旋凝胶微纤维蒸发器，实现了光、热和水传输的空间调控，为高效太阳能蒸发提供了新范式（Scheme 1c）。南京工业大学朱亮亮教授、新疆大学夏鑫教授合作提出了一种通过微流控技术将平面光热织物转向螺旋光热凝胶微纤维的策略，其具有内在三维结构、显著弹性和柔性。螺旋凝胶微纤维的独特中心空腔实现了光、热和水传输的空间调控，不仅扩大了蒸发面积，还有效局部化热能并捕获额外能量。通过调节螺旋螺距，水传输、蒸汽扩散和光捕获能力得到协同优化，在1个太阳照射下实现了3.65 kg m⁻² h⁻¹的蒸发速率，并具有优异的抗盐性。此外，螺旋微纤维织物的优异柔性赋予了非凡的结构可调性，使其能够进行太阳能跟踪蒸发。户外测试表明，该太阳能跟踪系统在约950 W m⁻²的太阳强度下，蒸发速率达到8.57 kg m⁻² h⁻¹，为高性能织物基蒸发器在可持续太阳能界面蒸发中提供了可行设计。相关论文以“Microfluidic-Enabled Elastic Photothermal Helical Gel Microfibers for High-Efficiency Solar Evaporation With Spatially Regulated Light-Thermal-Water Management”为题，发表在Advanced Materials上。示意图1 (a) 直微纤维和(b) 螺旋微纤维的示意图。(c) 具有空间调控光-热-水传输的螺旋微纤维蒸发器示意图。螺旋微纤维的制备基于微流控纺丝技术，通过物理化学相分离过程实现（图1a）。研究人员将海藻酸钠（SA）、羟乙基丙烯酰胺（HEA）和聚乙二醇二丙烯酸酯（PEGDA）的均匀溶液作为内相，氯化钙（CaCl₂）溶液与光引发剂1153混合作为外相。借助流体动力学聚焦效应，外流体在两种流体的汇聚点形成围绕前驱体流的同轴鞘层。当海藻酸钠基前驱体离开毛细管孔口时，Ca²⁺诱导的络合与紫外光聚合协同作用，从表面向内触发梯度交联。同时，由于流体摩擦差异，纤维横截面发生不对称固化，形成机械异质结构：刚性凝胶侧抵抗变形，而较软的未凝胶区域倾向于收缩。这种内应力失配迫使纤维逐渐向初始固化侧弯曲。最终，射流通过液体绳卷绕效应稳定地螺旋成具有均匀螺距的弹性螺旋微纤维，并连续收集在旋转轴上（图1b）。螺旋螺距和直径可通过调节流体流速和芯片直径有效控制。在固定外相流速条件下，螺旋螺距与外内流速比呈明显负相关（图1e）。研究人员制备了螺距为0.5、1.0、1.5和2.0 mm的螺旋微纤维（图1f）。虽然螺旋微纤维可在较宽流速范围内形成，但过高的外内流速比会导致射流收缩并粘附于毛细管壁，限制了可操作参数范围。螺距为1.0 mm的螺旋微纤维单喷嘴产率达到14.7 m h⁻¹，可通过并联喷嘴数量按比例放大。此外，当外相流不存在时，可获得形貌均匀的直微纤维（图1g）。纤维直径通过改变尖端内毛细管直径进行调控。这些参数为制备具有定制结构特征的螺旋微纤维奠定了可靠基础。与直微纤维相比，所制备的螺旋微纤维表现出改善的机械性能，其应力-应变行为差异显著（图1h）。直微纤维呈现典型脆性断裂特征，断裂应变仅为17%，断裂应力相对较高。相反，螺旋微纤维在拉伸过程中表现出平滑、连续、无屈服的J形曲线，断裂应变达到78%，约为直微纤维的五倍。此外，这种大变形是可恢复的（图1i）。在拉伸下，螺旋微纤维主要通过其螺旋环的渐进解卷来适应应变，而非材料本身伸长。载荷释放后，其固有弹性驱动螺旋微结构重建。这种可逆的卷绕-解卷机制是其能够承受反复弯曲和扭转而不发生永久变形或失效的关键。因此，螺旋微纤维表现出优异的贴合性，可完美贴合各种规则宏观结构，包括方形、圆形甚至复杂的六边形，并在手指关节弯曲等动态条件下保持紧密接触，凸显了其出色的表面适应性（图1j）。图1 (a) 微流控制备螺旋微纤维示意图；(b) 螺旋结构形成机理示意图；(c) 收集的螺旋微纤维照片；(d) 所制备螺旋微纤维照片；(e) 螺旋螺距随不同内相和外相注射速率的变化；(f,g) 对应照片；(h) 直微纤维和螺旋微纤维的拉伸应力；(i) 拉伸和恢复的螺旋微纤维照片，比例尺：1 cm；(j) 螺旋微纤维缠绕在不同模具和手指上的照片，比例尺：1 cm。通过ATR-FTIR确认了SA、HEA和PEGDA成功聚合为螺旋微纤维（图2a）。在3300 cm⁻¹（-OH）、1720 cm⁻¹（酯C=O）和1033 cm⁻¹（C-O）处观察到特征吸收带。1635和1600 cm⁻¹处的峰分别对应C=C和酰胺C=O伸缩振动，1540和1408 cm⁻¹处的一对峰归属于-COO⁻基团的不对称和对称伸缩振动。所得聚合物（记为SHP）光谱中1635 cm⁻¹处-C=C双键峰的消失，证实了HEA和PEGDA与SA的成功共聚。通过扫描电子显微镜（SEM）检查了螺旋微纤维的表面纹理。微纤维表面呈现不规则皱纹、沟槽和孔隙，有助于提高比表面积（图2b）。纤维横截面进一步揭示丰富的内部孔隙，通过提供通道和液体储库促进快速吸水和水传输（图2c）。与这种结构一致，SHP螺旋纤维织物表现出良好的润湿性，可在0.2秒内完全水渗透（图2d），而纯SA纺织膜的水接触角为15°。独特的空间螺旋几何形状和良好的润湿性有利于水传输。对于螺距低于0.2 mm的微纤维，水在1.46秒内通过毛细作用沿纤维表面自发爬升至3 cm高度，一旦与重力平衡，上升停止（图2e）。这种向上运动主要由螺旋几何固有的毛细力驱动。同时，当充水螺旋纤维的螺距逐渐增大超过0.2 mm时，毛细力减弱，导致水在重力影响下向下排出。研究人员进一步分析了沿两条不同路径的液体传播：倾斜表面和微纤维内壁表面。对于倾斜表面情况，接触水后，纤维表现出润湿性，形成固-液接触角（θs,l）（图2f）。这种配置在两个倾斜表面之间产生毛细力，推动液体沿螺旋路径向上。对于内壁表面情况，液体在两个倾斜表面之间发生毛细上升，填充间隙空间并形成V形槽（图2g）。这创建了具有不同接触角θs,l的新毛细流动横截面，实现近垂直液体爬升。由于水膜界面的超亲水性（液-液接触角θl,l），沿内壁的上升相比倾斜表面略有延迟。不同水质导致不同的表面润湿性和θs,l，从而影响最大液体上升高度。为了在纺织层面调控液体传输，研究人员将螺距为0.5至2.0 mm的螺旋微纤维组装成亲水网络。纺织品中的毛细上升高度（h）由材料-水接触角（θ）和孔隙边长（a）决定（图2h）。在固定θ下，h随a增大而减小；在固定a下，h随θ增大而减小。通过精确调节螺旋微纤维的螺距（0.5、1.0、1.5和2.0 mm）并与直微纤维比较，有效调整了纺织品的等效孔结构和液体传输行为。基于Kozeny-Carman方程，渗透率（K）取决于孔隙率（ε）和纤维直径（固定为180 μm）。计算得到螺距为0.5、1.0、1.5和2.0 mm的渗透率分别为5.24×10⁻¹⁰、7.91×10⁻¹⁰、4.38×10⁻¹⁰和2.48×10⁻¹⁰ m² s⁻²（图2i）。在给定h下，液体速度与渗透率呈正相关。实验验证通过将纺织品一端浸入水中并固定另一端，允许自发毛细驱动上升。毛细上升动力学证实，不同螺距的纤维由于等效孔结构不同，在初始阶段表现出不同的液体吸收速率，与理论预测一致（图2j）。此外，结果定义了性能优化边界：螺距为1.0 mm的样品由于具有较高的渗透率和流速，实现了最高的水通量（0.71 g），同时保持可观的上升高度（约3.85 mm），促进了纤维网络内高效的水输送和保留（图2k）。相比之下，较小的螺距（0.5 mm）增加了毛细驱动力，但产生曲折狭窄的流动路径，导致更高的流动阻力、降低的渗透率和有限的整体液体传输能力（0.65 g）及毛细上升高度（约3.25 cm）。相反，较大的螺距（2.0 mm）导致毛细驱动力不足，水传输质量仅为0.52 g，上升高度约2.91 cm（图2l）。值得注意的是，所有螺旋微纤维均表现出显著高于直微纤维的液体传输性能。螺旋构型通过可调螺距精确调控毛细和渗透行为，由于其三维几何形状，促进连续稳定液膜的形成。这种强大且可控的毛细传输不仅支持高效的太阳能驱动界面蒸发，还暗示了在快速吸收纺织品、湿度自适应材料和可穿戴设备芯吸组件等更广泛液体管理应用中的潜力。图2 (a) SA和SHP的ATR-FTIR光谱；(b) SHP螺旋微纤维的表面和(c)横截面SEM图像；(d) SHP螺旋微纤维织物的接触角测量；(e) 螺距低于0.2 mm的单个螺旋微纤维上的自发向上水传输；(f) 螺旋微纤维倾斜表面上的毛细驱动液体流动；(g) 通过固体壁和超亲水水膜界面之间环形空间的液体传输；(h) 亲水织物中毛细上升随纱线材料水接触角和孔隙边长的变化；(i) 使用Kozeny-Carman方程计算的纺织品渗透率随流速的变化；(j) 不同螺距螺旋微纤维织物和直微纤维织物的毛细上升速率，(k) 传输质量和上升高度，以及(l) RhB溶液传输照片。基于Y形微流控芯片，研究人员将多壁碳纳米管（MWCNTs）均匀掺入SHP基体中，然后挤出成光热螺旋微纤维（图3a）。MWCNTs的成功掺入进一步增强了螺旋微纤维的机械拉伸强度，达到2.25 MPa，与纯SHP螺旋微纤维相比提高了约100%。这种增强可归因于MWCNTs强界面相互作用诱导的SA链迁移率限制，同时也导致相应红外吸收峰的显著增强。所制备的光热螺旋微纤维随后被排列并编织成纺织品蒸发器，呈现明显的黑色（图3b）。SEM分析表明，MWCNTs的掺入显著改变了纤维微观结构。SHP微纤维光滑的皱纹表面转变为颗粒状形貌，其内部结构从松散多孔转变为致密化（图3c）。这种结构演变归因于纺丝过程中MWCNTs对聚合物链的有效限制，促进了更有序的分子排列。值得注意的是，MWCNTs的引入改善了光吸收。SHP-MWCNTs复合材料在350-2000 nm波长范围内表现出约92.0%的强光吸收，而SHP仅在800-1400 nm显示相对较高的吸收（图3d）。此外，螺旋微纤维具有三维螺旋几何形状，产生众多微观弯曲表面和空腔，诱导内部多次反射和散射，延长光路以增强光吸收，而直微纤维则主要允许直接透射，限制作用有限（图3e）。因此，螺旋微纤维织物可在10分钟内迅速将表面温度升至71.1°C，然后稳定在82°C，远高于直微纤维织物（20分钟为59.3°C，平衡温度72.4°C）和SHP薄膜（41°C），表明其作为太阳能蒸发器的高效光热转换材料潜力（图3f）。红外热图像进一步证实了螺旋微纤维织物在1个太阳照射下的优异热局部化能力（图3g）。还应注意到，螺旋微纤维织物的MWCNT负载量仅为相同尺寸直微纤维织物（厚度3 mm，面积1.5 cm²）的65.7%；螺旋微纤维织物的体积孔隙率达到72.4%，远高于直微纤维织物。为了评估蒸发性能，研究人员将螺旋微纤维蒸发器插入具有1.2×1.2 cm²方孔的隔热聚苯乙烯泡沫基板中，并配备芯吸纸条以最小化热损失并连续从本体储液器向蒸发器供水，蒸汽在螺旋微纤维界面产生（图3h）。首先通过监测含有不同MWCNTs量（如0.5、0.8、1.2和1.5 wt%）的螺旋微纤维蒸发器的蒸发速率来验证最佳MWCNTs含量。在1000 W m⁻²太阳照射下，获得的蒸发速率分别为2.75、3.26、3.65和3.66 kg m⁻² h⁻¹，表明1.2 wt% MWCNT含量最为有效。此外，评估了不同直径和螺距的螺旋微纤维蒸发器以及直微纤维。直径为100、180和500 μm的螺旋微纤维蒸发器蒸发速率分别为2.56、3.65和2.99 kg m⁻² h⁻¹，其中180 μm直径产生最高蒸发速率。对于直微纤维和螺距为0.5、1.0、1.5和2.0 mm的螺旋微纤维蒸发器，蒸发速率分别为2.05、3.21、3.65、2.87和2.35 kg m⁻² h⁻¹（图3i）。因此，螺距为1.0 mm的螺旋微纤维表现出最高蒸发速率，这可归因于其最佳渗透率和蒸汽扩散，实现了水供应与光热蒸发之间的平衡耦合。尽管螺距为1.0 mm的螺旋微纤维织物表现出最高的水保留量（0.292 g cm⁻²），但快速水蒸发速率和相似的表面温度（约43°C）不会导致蒸发过程中额外的热损失。此外，蒸发速率为3.65 kg m⁻² h⁻¹的螺旋微纤维蒸发器对应116.3%的太阳能-蒸汽转换效率，这归因于织物侧面从环境中收集能量，显著超过传统纺织品基蒸发器（图3j）。循环蒸发测试进一步证实了螺旋纤维蒸发器的优异稳定性。经过八次循环蒸发测试后，螺旋纤维保持完整的宏观形貌，无结构降解。机械测试表明，循环后纤维仍保持约2.0 MPa的拉伸强度，并表现出良好的压缩变形恢复能力，凸显了其在实际太阳能驱动蒸发中的潜力。拉曼光谱进一步揭示了SHP-MWCNTs微纤维中水分子状态的变化（图3k）。图3 (a) MWCNTs微流控掺入过程示意图；(b) 光热螺旋微纤维织物照片；(c) SHP-MWCNTs螺旋微纤维的SEM图像；(d) SHP-MWCNTs和SHP微纤维的UV-vis-NIR光谱；(e) 螺旋和直微纤维内光反射和散射示意图；(f) SHP、SHP-MWCNTs螺旋和直微纤维织物的表面温度演变；(g) 1个太阳照射下SHP-MWCNTs螺旋和直微纤维织物的红外热图像；(h) 螺旋微纤维织物蒸发器上的蒸发装置和蒸汽生成示意图；(i) 不同螺距螺旋微纤维蒸发器和直微纤维蒸发器的蒸发速率；(j) 螺旋微纤维蒸发器与其他报道的纤维基蒸发器的性能比较；(k) SHP-MWCNTs微纤维的拉曼光谱。为了评估聚合物网络内蒸发所需的能量，研究人员详细表征了纤维材料中的水状态。根据与聚合物基体的相互作用，系统中的水可分为自由水（FW）、结合水（BW）和中间水（IW）（图4a）。其中，IW由于氢键相对较弱，表现出降低的蒸发焓。拉曼光谱显示3200和3989 cm⁻¹处的峰对应FW，3595和3680 cm⁻¹处的峰对应IW。IW比例（1.39）高于本体水（0.20-0.29），表明共聚凝胶聚合物网络中的官能团增加了IW比例，从而削弱水-水相互作用，允许蒸汽以更低能量输入逃逸，最终提高蒸发速率。对于纯SA系统，丰富的-OH和-COOH基团强烈结合水分子形成BW。围绕该层，IW通过多个相对较弱的氢键形成，而FW保持与本体水相似的几乎完整的氢键网络。引入HEA和PEGDA形成交联网络后，系统中大多数水分子转化为氢键减弱的IW，从而显著降低蒸发器的蒸发焓。DSC曲线显示SHP-MWCNTs的等效蒸发焓较低（1828.3 J g⁻¹），与SA-MWCNTs相比，比本体水低约390 J g⁻¹（图4b）。SA-MWCNTs和SHP-MWCNTs块体蒸发器的蒸发速率分别为2.33和2.56 kg m⁻² h⁻¹，表明SHP共聚网络在蒸发中的积极作用（图S17）。除了化学组分优化，螺旋微纤维结构进一步提高蒸发效率。与平面直微纤维相比，弯曲几何形状通过诱导反复反射、折射和散射增强光-物质相互作用，从而增加光子吸收。螺旋结构内截留的空气袋提供有效热绝缘，促进蒸发界面处的热局部化。此外，中心空隙和互连通道确保快速水补充，同时实现低阻力蒸汽逃逸，维持强大连续的蒸发驱动力（图4d）。为证实这些机制，研究人员进行了COMSOL模拟，比较螺旋和直微纤维蒸发器之间的热管理和蒸汽扩散。设定顶面温度43°C，直微纤维由于主导向下热传导和相当大的热损失，表现出明显的垂直温度梯度（图4e）。相反，螺旋结构将热量保留在顶部区域附近，由于曲折的热传输路径，表现出优异的热局部化（图4f）。在1 kW m⁻²照射下，其固定高度处的侧面温度始终低于直结构，进一步证实螺旋构型在顶部表面实现热局部化更为有效。蒸汽生成模拟揭示了同样明显的优势。整个螺旋和直微纤维蒸发器被建模为蒸汽生成和扩散域，结果使用对应蒸汽浓度的彩色图可视化。COMSOL模拟表明，螺旋微纤维蒸发器从初始时间（t=0 s）开始产生蒸汽。蒸汽浓度在120、300和600秒时分别达到约1.5、3.46和3.46 mol m⁻³，蒸汽通量稳定在3.46 mol m⁻³（图4g）。相比之下，直纤维蒸发器在t=120 s时仅达到约0.5 mol m⁻³的蒸汽浓度，在t=300 s时最大浓度为1.2 mol m⁻³。即使在t=600 s时，直纤维蒸发器释放的整体蒸汽浓度仍相对较低，为1.6 mol m⁻³，峰值蒸发通量仅为2.01 mol m⁻³，始终低于螺旋纤维蒸发器。这些结果表明，螺旋微纤维结构提供了更大的有效蒸发面积，并包含互连的空间扩散通道，显著降低蒸汽扩散阻力，从而实现更高的蒸发通量。图4 (a) SHP-MWCNTs中水分子状态示意图；(b) SHP-MWCNTs、SA-MWCNTs和本体水的DSC曲线；(c) SHP-MWCNTs相比SA-MWCNTs的等效蒸发焓降低；(d) 螺旋微纤维蒸发器中局部蒸发示意图；(e,f) 直微纤维(e)和螺旋微纤维(f)蒸发器中热管理的COMSOL模拟；(g) 螺旋微纤维蒸发器在0、120、300和600秒时的蒸汽扩散过程。基于上述优势，研究人员进一步评估了螺旋微纤维蒸发器在盐水和户外条件下的实际脱盐性能。在3.5 wt% NaCl溶液中，螺旋微纤维蒸发器在连续9小时内保持3.5 kg m⁻² h⁻¹的稳定蒸发速率，即使在20 wt% NaCl溶液中，仍达到2.82 kg m⁻² h⁻¹的蒸发速率。直纤维蒸发器在前2小时表现出约2.49 kg m⁻² h⁻¹的初始蒸发速率，随后逐渐下降至第九小时的1.26 kg m⁻² h⁻¹（图5a）。为检验抗盐能力，将0.1 g NaCl晶体直接放置在每种蒸发器的顶面，而底面保持与本体水接触（图5b）。在螺旋蒸发器上，盐在5分钟内溶解并扩散回底层水，而直纤维需要近50分钟才能去除相同量的盐。这种快速排盐效应源于螺旋空间网络中高效的水传输，维持水-空气界面的连续水合，促进盐回流（图5c）。此外，螺旋结构广泛的液-气界面增强Marangoni对流：流体沿侧壁从低盐度流向高盐度区域，伴随补偿性向外流动。COMSOL模拟显示，直微纤维蒸发器中出现明显的盐沉积（图5d），而螺旋微纤维蒸发器则有效抑制了盐积累（图5e）。户外太阳能脱盐装置测试中，螺旋微纤维蒸发器在自然阳光下表现出优异的蒸发性能（图5f）。户外太阳强度、环境温度和水质量变化如图5g所示。金属离子浓度测试表明，净化后的冷凝水中Na⁺、Ca²⁺、K⁺和Mg²⁺浓度显著低于WHO标准（图5h）。该系统在pH=0、pH=13.82、AY和RhB溶液中均保持稳定蒸发速率（图5i）。pH指示条和UV-vis光谱证实，酸性和碱性水经处理后pH值接近中性（图5j），RhB和AY染料溶液经净化后吸收峰几乎消失，表明其出色的水质净化能力（图5k,l）。图5 (a) 螺旋和直微纤维蒸发器在3.5 wt% NaCl盐水中9小时的蒸发速率；(b) 螺旋和直纤维蒸发器的自清洁照片；(c) 螺旋微纤维蒸发器增强排盐机理示意图；直微纤维(d)和螺旋微纤维(e)蒸发器中盐沉积的COMSOL模拟；(f) 户外太阳能脱盐装置照片；(g) 户外太阳强度、环境温度和水质量变化；(h) 净化前后模拟海水中金属离子浓度；(i) 系统在pH=0、pH=13.82、AY和RhB溶液中的蒸发速率；(j) 酸/碱水处理前后pH指示条照片；净化前后RhB(k)和AY(l)溶液的UV-vis光谱，插图显示对应溶液照片。螺旋微纤维蒸发器还具有优异的结构可调性，使其能够进行太阳能跟踪蒸发（图6a）。研究人员比较了弯曲角度对螺旋和直微纤维蒸发器水传输和蒸发性能的影响（图6b）。直微纤维蒸发器在15°和30°弯曲角度下，水传输能力下降，蒸发速率降低（图6c，图6e）。而螺旋微纤维蒸发器在15°、30°、60°和90°弯曲角度下均保持稳定的水传输和蒸发速率，表现出卓越的结构适应性（图6d）。在户外测试中，静态平面螺旋蒸发器、光跟踪螺旋和直微纤维蒸发器的蒸发速率被比较（图6g）。光跟踪螺旋微纤维蒸发器在户外测试期间表现出最高的蒸发速率，达到8.57 kg m⁻² h⁻¹，而静态平面螺旋蒸发器约为3.65 kg m⁻² h⁻¹。光跟踪直微纤维蒸发器性能较低（图6g）。此外，光跟踪螺旋蒸发器的投影蒸发面积大于静态平面蒸发器，进一步提高了光捕获效率（图6f）。总之，平面和三维光跟踪螺旋微纤维织物蒸发器均实现了优于类似纤维基材料和系统的蒸发速率，且材料成本低（每批约30.36美元），凸显了其实际应用潜力。因此，可以设想，集成可持续供电的螺旋微纤维蒸发器可实现有效的光跟踪蒸发，从而持续高产淡水。这种方法代表了一种高度适应、高效且可扩展的太阳能清洁水生产解决方案（图6h）。图6 (a) 用于光跟踪蒸发的螺旋和直微纤维蒸发器示意图；(b) 自然状态下螺旋和直微纤维蒸发器弯曲角度照片；(c) 不同弯曲角度下螺旋和直微纤维蒸发器的水传输照片：直微纤维在15°和30°，螺旋微纤维在15°、30°、60°和90°；(d) 螺旋微纤维蒸发器在15°、30°、60°和90°弯曲角度下的蒸发速率；(e) 直纤维蒸发器在15°和30°弯曲角度下的蒸发速率，阴影垂直地面部分；(f) 光跟踪和静态平面蒸发器投影蒸发面积比较；(g) 户外测试期间静态平面螺旋蒸发器、光跟踪螺旋和直微纤维蒸发器的太阳辐照度、环境温度和蒸发速率；(h) 螺旋纤维蒸发器用于淡水供应的潜力示意图。综上所述，该研究展示了一种通过微流控策略制备的具有内在三维结构的螺旋凝胶微纤维太阳能蒸发器，实现了纤维层面光吸收、热局部化和水传输的空间协调调控。与传统直纤维组装的织物蒸发器相比，螺旋微纤维增强了多角度光捕获并延长了热传导路径，导致更有效的热局部化，而可调螺旋螺距平衡了毛细驱动力和结构渗透性，确保连续水供应。凝胶网络内水状态的调控显著降低了蒸发所需能量，等效蒸发焓约为1828 J g⁻¹，在1个太阳照射下蒸发速率达到3.65 kg m⁻² h⁻¹。此外，开放互连的微纤维结构促进蒸汽扩散并抑制盐积累，即使在高盐度环境中也能稳定运行。得益于螺旋微",,,,pending
【锂硫电池】nature energy：二氯化二硫锂电池—Nan Zhang,金属能源电池,金属能源电池,"RIOnews API, 长时储能, 锂硫电池",normal,2026-09-12T08:00:00+08:00,,【论文链接】https://doi.org/10.1038/s41560-026-02120-8【作者单位】马里兰大学【论文摘要】可充电锂硫电池利用丰富的硫资源实现高能量储存，是一种具有发展前景的技术路线，但其能量密度受到较低的工作电压、缓慢的氧化还原动力学以及多硫化物穿梭等因素的限制。将硫提升至更高的氧化态有望提高电池电压，但由于氯化物物种会与Li⁺结合，且卤素介导的反应会消耗电解质，在锂电池中实现可逆的高价硫化学反应仍然十分困难。在此，作者证明了一种富含游离氯离子的离子液体电解质能够实现Li||S₂Cl₂化学体系，通过三电子硫氧化还原过程使Li₂S与S₂Cl₂之间发生可逆转化，从而解决上述,http://mp.weixin.qq.com/s?__biz=MzI4MTA3MzQwOA==&mid=2247640447&idx=1&sn=47ca49c673833d76a4f61ec38954016f,,【论文链接】https://doi.org/10.1038/s41560-026-02120-8【作者单位】马里兰大学【论文摘要】可充电锂硫电池利用丰富的硫资源实现高能量储存，是一种具有发展前景的技术路线，但其能量密度受到较低的工作电压、缓慢的氧化还原动力学以及多硫化物穿梭等因素的限制。将硫提升至更高的氧化态有望提高电池电压，但由于氯化物物种会与Li⁺结合，且卤素介导的反应会消耗电解质，在锂电池中实现可逆的高价硫化学反应仍然十分困难。在此，作者证明了一种富含游离氯离子的离子液体电解质能够实现Li||S₂Cl₂化学体系，通过三电子硫氧化还原过程使Li₂S与S₂Cl₂之间发生可逆转化，从而解决上述,"【论文链接】https://doi.org/10.1038/s41560-026-02120-8【作者单位】马里兰大学【论文摘要】可充电锂硫电池利用丰富的硫资源实现高能量储存，是一种具有发展前景的技术路线，但其能量密度受到较低的工作电压、缓慢的氧化还原动力学以及多硫化物穿梭等因素的限制。将硫提升至更高的氧化态有望提高电池电压，但由于氯化物物种会与Li⁺结合，且卤素介导的反应会消耗电解质，在锂电池中实现可逆的高价硫化学反应仍然十分困难。在此，作者证明了一种富含游离氯离子的离子液体电解质能够实现Li||S₂Cl₂化学体系，通过三电子硫氧化还原过程使Li₂S与S₂Cl₂之间发生可逆转化，从而解决上述限制。该电解质充当一种离子介质，其自身对容量的贡献仅占很小部分。该化学体系使电池在25 °C、0.2C下的平均工作电压由2.05 V提高至2.54 V，使硫质量比容量提高58%，并实现了超过1700 Wh kg⁻¹的电极级比能量，同时可稳定循环超过100次。【实验方法】材料与电解质除非另有说明，所有化学品均未经进一步处理直接使用。EMIMCl（98%）购自Iolitec。DMA（99.8%）、DOL（≥99.5%）、DME（99.5%）、三乙二醇二甲醚（99%）、二甲基亚砜（99.9%）、1,3-二甲基-2-咪唑烷酮（99.0%）、四甲基脲（99.0%）、N-甲基-2-吡咯烷酮（NMP，99.5%）、二氯化二硫（S₂Cl₂，98%）、硫粉（S₈，99.98%，痕量金属基准）、氯化锂（LiCl，99%）、硫化锂（Li₂S，99.98%）、硝酸锂（LiNO₃，99.9%）和介孔碳购自Sigma-Aldrich。TTE（99%）购自TCI。LiTFSI（99.5%）、LiDFOB（99.9%）、六氟磷酸锂（LiPF₆，99.9%）、双（氟磺酰）亚胺锂（LiFSI，99.9%）、Ketjen Black（KB，EC600JD）、聚偏二氟乙烯（PVDF，99.6%）以及硫-碳复合材料（80 wt%硫）购自MSE Supplies。锂金属片（厚度0.2 mm）购自MTI Corporation。所有溶剂在使用前均采用4 Å分子筛进行干燥，并通过卡尔费休滴定确认残余水含量≤5 ppm。电解质在充满氩气的手套箱中配制，手套箱内O₂≤0.1 ppm、H₂O≤0.1 ppm。按照正文中所述的配方，将所需盐溶解于相应溶剂中制备电解质。【图文摘取】【主要结论】在S–LiCl正极中实现了S²⁻与S⁺之间可逆的三电子硫氧化还原过程。在富含游离Cl⁻的离子液体电解质作用下，S–LiCl正极实现了713 mAh g⁻¹的可逆容量，对应1838 mAh gS⁻¹，平均工作电压达到2.54 V。这种高电压硫化学体系实现了超过1700 Wh kg⁻¹的电极级比能量，且电解质仅贡献了少量能量。结构表征和光谱表征结果支持硫的氧化过程经历了S₂Cl₂的可逆形成。Li||S–LiCl软包电池在100次循环后仍保持初始容量的78%。这些结果建立了一种由氯介导的多电子硫氧化还原策略，为实现高能量密度锂电池提供了一条新的途径。阅读原文在此，作者证明了一种富含游离氯离子的离子液体电解质能够实现Li||S₂Cl₂化学体系，通过三电子硫氧化还原过程使Li₂S与S₂Cl₂之间发生可逆转化，从而解决上述限制。",,,,pending
只算硬件成本走不通，钠电户储出海欧洲要跨过几道关,锂电联盟会长,锂电联盟会长,"RIOnews API, 新材料, 碳, 前沿表征, 工况, 钠离子电池, 钠电, 产品发布, 展出, 上市, 合作进展, 战略合作, 合作, 比亚迪, 宁德时代, CATL, 大圆柱, 软包, 储能, 系统集成, 集装箱储能, 户储, PCS, BMS, 热失控, 循环寿命, 热管理, 出货, 交付, 装机, GWh, 投产, 订单, 海外, 出海, 本地化, 推出, 样品, 认证, 批量交付, 项目落地, 落地",normal,2026-09-12T08:00:00+08:00,,点击上方蓝色关注我们吧星空钠电近期与德国 Hoyer 集团达成战略合作，双方将联合开发符合欧洲标准的钠离子户用储能及集装箱储能装备；依托 Hoyer 现有展厅与工程服务网点，搭建勘测‑安装‑运维一体化服务体系，同时共建零碳工业园、打造光储充示范项目。 海内外企业加速布局，钠离子电池正加快向欧洲户储市场推进。01 欧洲户储市场分化，钠电迎来差异化机会根据 GGII 相关数据，2025 年全球户储出货规模约 35GWh，同比增幅接近 50%，欧洲市场占比接近一半；预计 2026 年当地装机增速依旧维持 40% 以上。 但欧洲户储市场呈现高度碎片化特征：北欧、阿尔卑斯山区环境低温，锂电系统往往需要配,http://mp.weixin.qq.com/s?__biz=Mzg2ODg5MzM5Nw==&mid=2247584300&idx=4&sn=ce25cb0e6294455c69dede328b832ed3,,点击上方蓝色关注我们吧星空钠电近期与德国 Hoyer 集团达成战略合作，双方将联合开发符合欧洲标准的钠离子户用储能及集装箱储能装备；依托 Hoyer 现有展厅与工程服务网点，搭建勘测‑安装‑运维一体化服务体系，同时共建零碳工业园、打造光储充示范项目。 海内外企业加速布局，钠离子电池正加快向欧洲户储市场推进。01 欧洲户储市场分化，钠电迎来差异化机会根据 GGII 相关数据，2025 年全球户储出货规模约 35GWh，同比增幅接近 50%，欧洲市场占比接近一半；预计 2026 年当地装机增速依旧维持 40% 以上。 但欧洲户储市场呈现高度碎片化特征：北欧、阿尔卑斯山区环境低温，锂电系统往往需要配,"点击上方蓝色关注我们吧星空钠电近期与德国 Hoyer 集团达成战略合作，双方将联合开发符合欧洲标准的钠离子户用储能及集装箱储能装备；依托 Hoyer 现有展厅与工程服务网点，搭建勘测‑安装‑运维一体化服务体系，同时共建零碳工业园、打造光储充示范项目。 海内外企业加速布局，钠离子电池正加快向欧洲户储市场推进。01 欧洲户储市场分化，钠电迎来差异化机会根据 GGII 相关数据，2025 年全球户储出货规模约 35GWh，同比增幅接近 50%，欧洲市场占比接近一半；预计 2026 年当地装机增速依旧维持 40% 以上。 但欧洲户储市场呈现高度碎片化特征：北欧、阿尔卑斯山区环境低温，锂电系统往往需要配套加热模块；阳台、公寓等应用场景对热失控风险十分敏感，部分区域已对锂电阳台储能做出相关限制。叠加欧盟电池法对电池护照、全链路溯源、碳足迹、回收责任提出硬性要求，同时当地人工安装成本高昂，硬件成本仅占项目整体投入的三成。上述市场现状为钠离子电池创造差异化机会：钠离子电池可在‑30℃甚至‑40℃环境下维持较高放电容量，能够降低对加热组件的依赖；本身具备更优的热稳定性，有助于降低家庭使用场景的安全风险；钠资源全球分布相对均衡，也可以支撑低碳发展的叙事。 但现阶段钠电户储产品大多还停留在样品研发、示范项目、小批量试销阶段，稳定的规模化复购订单仍较为稀缺。02 三类市场主体竞相布局欧洲钠电户储赛道第一类：国内锂电大厂，锂钠双线同步推进比亚迪 BatteryBox Na + 钠电模组规格 5.12kWh，计划 2026 年第三季度于欧洲上市，目标覆盖铅酸替换、公寓储能、北欧低温家庭等场景。派能、首航、艾罗均在 Intersolar 展会上展出钠电户用储能样机，产品标称循环寿命可达 6000 次以上。博力威聚阴离子体系圆柱电芯已经完成验证，进入英国户储客户导入的试产阶段。第二类：国内钠电创业企业，聚焦钠电主业突围安徽青钠今年初向欧洲发运 10 万颗大圆柱钠电芯，全年锁定 500 万颗海外订单。比瓦特 PowerNest R5 采用 NFPP 焦磷酸铁钠电芯，单模块容量 4.5kWh，循环寿命 8000 次，可适配‑30℃~55℃宽温域工况。企业负责人坦言创业企业面临不小压力，资金储备、品控能力、人员配置均存在约束，一旦批量交付出现产品问题，在海外市场带来的品牌负面影响会被放大。第三类：海外本土初创企业，深耕本地市场规则意大利 Heiwit 推出 10kWh 钠电户储产品并完成本土工厂投产；德国 Revolta 聚焦高压轻量化模块化路线；美国 Unigrid Na+Casa 完成欧洲首批项目落地；英国 Eleven Energy 实现数百户项目应用；印度信实旗下 Faradion 手握英、意、澳等地区超 5000 套意向订单，计划 2026 年启动首批交付。 这类本土企业的核心优势在于熟悉本地法规要求，擅长系统集成优化与终端安装体验打磨。03 钠电户储出海，四大核心环节不能忽视输出一体化系统方案，而非简单电芯外销CE、VDE、UL 等认证属于出海基础门槛，还需要满足欧盟电池法关于数字电池护照、溯源管理、碳足迹、回收义务等合规条款。钠离子电池具备双电压平台特性，如果直接沿用锂电原有 BMS、PCS，很难释放钠电本身性能优势。电芯、BMS、DCDC、热管理、能源管理平台需要做整体协同适配。本地化服务能力决定订单复购水平不少企业可以拿到意向订单，却难以转化为持续性复购，核心卡点往往是缺少本地勘测、安装、售后网络。欧洲不同国家电网标准、建筑规范、安装习惯各不相同，仅依靠国内远程支持，很难实现业务闭环。评估项目全生命周期综合成本行业测算显示，硬件投入只占整体项目成本的 30%，安装成本占 30%，运维成本占 30%。单纯依靠电芯端降本，只能优化小部分总成本；设备自重、故障发生率、长期衰减表现，都会持续转化为客户后续开销，出海需要算清全周期总账。主攻增量场景，避免和锂电正面内卷存量市场在独栋别墅、高能量密度等主流场景，锂电池依旧占据主导地位。钠电更现实的机会，集中在北欧低温户储、阳台储能、公寓住宅、市政绿色采购等锂电竞争力偏弱的增量赛道。星空钠电联合 Hoyer 集团的合作模式具备参考意义：钠电出海，卖出硬件仅仅是第一步。适配欧洲标准的一体化方案、可复制的本地化运营体系，跳出只比拼硬件成本的思维，才是意向订单走向规模化落地的关键。END相关阅读：锂离子电池制备材料/压力测试！锂电池自放电测量方法：静态与动态测量法！软包电池关键工艺问题！一文搞懂锂离子电池K值！工艺，研发，机理和专利！软包电池方向重磅汇总资料分享！揭秘宁德时代CATL超级工厂！搞懂锂电池阻抗谱(EIS)不容易,这篇综述值得一看！锂离子电池生产中各种问题汇编！锂电池循环寿命研究汇总（附60份精品资料免费下载）",,,,pending
辟谣背后：二代刀片电池产能爬坡，解读比亚迪闪充订单真相,锂电联盟会长,锂电联盟会长,"RIOnews API, 比亚迪, 宁德时代, CATL, 刀片电池, 软包, 循环寿命, 负极材料, 交付, 产能, 扩产, 投产, 产线爬坡, 订单, 投资, 海外布局, 海外, 本地化, 政策, 关税, 发布, 快充, 落地, 爬坡",normal,2026-09-12T08:00:00+08:00,,点击上方蓝色关注我们吧一条市场传闻，为何牵动整个快充电池赛道？一起来看真相。引言针对市场流传的 “闪充车型订单积压 25 万辆、产能缺口需至 2027 年一季度才能缓解”的说法，比亚迪已作出公开澄清。在 9 月 8 日投资者电话会议中，比亚迪表示闪充车型市场订单情况向好，第二代刀片电池月产能正处于持续爬坡阶段。本次事件，也让市场再度关注到闪充系列产品的供需现状。01 官方回应：订单向好，产能稳步爬坡在投资者交流会上，比亚迪披露，2026 年下半年第二代刀片电池月产能将稳步提升。当前闪充车型市场订单充沛，企业正加速推进产线扩产，匹配市场实际消费需求。9 月 10 日，比亚迪再度于互动平台说明，第,http://mp.weixin.qq.com/s?__biz=Mzg2ODg5MzM5Nw==&mid=2247584300&idx=2&sn=c13efa880a14500426830d1ef1fad635,,点击上方蓝色关注我们吧一条市场传闻，为何牵动整个快充电池赛道？一起来看真相。引言针对市场流传的 “闪充车型订单积压 25 万辆、产能缺口需至 2027 年一季度才能缓解”的说法，比亚迪已作出公开澄清。在 9 月 8 日投资者电话会议中，比亚迪表示闪充车型市场订单情况向好，第二代刀片电池月产能正处于持续爬坡阶段。本次事件，也让市场再度关注到闪充系列产品的供需现状。01 官方回应：订单向好，产能稳步爬坡在投资者交流会上，比亚迪披露，2026 年下半年第二代刀片电池月产能将稳步提升。当前闪充车型市场订单充沛，企业正加速推进产线扩产，匹配市场实际消费需求。9 月 10 日，比亚迪再度于互动平台说明，第,"点击上方蓝色关注我们吧一条市场传闻，为何牵动整个快充电池赛道？一起来看真相。引言针对市场流传的 “闪充车型订单积压 25 万辆、产能缺口需至 2027 年一季度才能缓解”的说法，比亚迪已作出公开澄清。在 9 月 8 日投资者电话会议中，比亚迪表示闪充车型市场订单情况向好，第二代刀片电池月产能正处于持续爬坡阶段。本次事件，也让市场再度关注到闪充系列产品的供需现状。01 官方回应：订单向好，产能稳步爬坡在投资者交流会上，比亚迪披露，2026 年下半年第二代刀片电池月产能将稳步提升。当前闪充车型市场订单充沛，企业正加速推进产线扩产，匹配市场实际消费需求。9 月 10 日，比亚迪再度于互动平台说明，第二代刀片电池的产线改造与扩产项目有序开展，面对旺盛的闪充车型订单，公司正全力推进产能释放。02 供需背景：直击两大用户痛点2026 年，比亚迪国内新能源乘用车市场占比持续提升，核心依托电动化与智能化技术迭代，完善产品布局。闪充系列产品直击行业两大用户痛点：充电时长偏长、低温环境充电体验不佳，凭借硬核产品实力收获市场热度，也实现较好的市场表现。03 技术看点：5 分钟快充背后，为何产能爬坡第二代刀片电池于今年 3 月正式对外发布，可实现 5 分钟完成 10%-70% 的充电，同时优化低温充电性能。产品推向市场后市场热度高涨，但全新电池产线调试、改造存在周期，前期产能释放有限，用户提车周期有所拉长，也由此催生网络相关传闻。业内分析指出，这类偏向利好的不实传言，一方面会干扰消费者对提车周期的判断，另一方面也容易影响资本市场对企业产能节奏的预期。04 高端板块：三大品牌保持向上高端业务板块同样保持向上态势，腾势、方程豹、仰望三大品牌上半年合计销量同比增长 61.0%，占比亚迪乘用车总销量 12.8%；截至 7 月，方程豹累计销量突破 20 万台。比亚迪判断，2026 全年高端品牌板块将延续增长趋势。05海外布局：本地化生产对冲成本海外生产布局也在落地推进，泰国、乌兹别克斯坦、巴西工厂已实现投产。依托本地化生产，能够规避进口关税，对冲产线爬坡带来的附加成本，追求海外市场单车盈利能力稳步改善。不过汇率波动、属地政策变化、供应链搭建周期，仍是海外业务需要面对的客观挑战。06综合研判与风险提示结合官方公开信息来看，闪充车型并不存在网传的大规模订单积压问题，真实现状为市场需求旺盛，产能正在加速爬坡。伴随第二代刀片电池产能持续释放，闪充车型交付水平有望进一步优化，继续支撑比亚迪国内市场的份额表现。同时行业也提示风险：上游正负极材料等产业链环节，有可能造成扩产进度不及预期；从另一个角度看，市场传出相关热度传闻，也侧面印证闪充系列产品市场需求的强劲程度。END相关阅读：锂离子电池制备材料/压力测试！锂电池自放电测量方法：静态与动态测量法！软包电池关键工艺问题！一文搞懂锂离子电池K值！工艺，研发，机理和专利！软包电池方向重磅汇总资料分享！揭秘宁德时代CATL超级工厂！搞懂锂电池阻抗谱(EIS)不容易,这篇综述值得一看！锂离子电池生产中各种问题汇编！锂电池循环寿命研究汇总（附60份精品资料免费下载）点击上方蓝色关注我们吧一条市场传闻，为何牵动整个快充电池赛道？一起来看真相。",,,,pending
网传员工过激行为视频，涉事电池厂致歉,锂电联盟会长,锂电联盟会长,"RIOnews API, 宁德时代, CATL, 瑞浦兰钧, 瑞浦, 软包, 循环寿命, 发布",normal,2026-09-12T08:00:00+08:00,,"点击上方蓝色关注我们吧9月10日，针对近期网络传播的相关视频，瑞浦兰钧发布声明称：经核实，该事件发生于我司嘉善基地。在此，对受本次事件波及的业内友商和关心我们的社会各界朋友，致以最诚挚的歉意。当事员工因个人原因，主动提出离职申请并要求即时办结。依据公司管理流程，手续办理需一定时限，双方未能就办结时间达成一致，随后该员工情绪失控，做出过激行为。事发当日，在公安机关的见证下，该事件已得到妥善解决。网传""限制员工如厕""等说法与事实不符，我司已向公安机关报案。我们始终重视员工权益保障，已全面复盘本次事件，将进一步完善员工沟通机制，持续强化企业合规管理。据悉，近日一则电池厂员工在厂区行为过激的视频在网上",http://mp.weixin.qq.com/s?__biz=Mzg2ODg5MzM5Nw==&mid=2247584300&idx=3&sn=2d5c517244e5ef9f7db767ad5429423b,,"点击上方蓝色关注我们吧9月10日，针对近期网络传播的相关视频，瑞浦兰钧发布声明称：经核实，该事件发生于我司嘉善基地。在此，对受本次事件波及的业内友商和关心我们的社会各界朋友，致以最诚挚的歉意。当事员工因个人原因，主动提出离职申请并要求即时办结。依据公司管理流程，手续办理需一定时限，双方未能就办结时间达成一致，随后该员工情绪失控，做出过激行为。事发当日，在公安机关的见证下，该事件已得到妥善解决。网传""限制员工如厕""等说法与事实不符，我司已向公安机关报案。我们始终重视员工权益保障，已全面复盘本次事件，将进一步完善员工沟通机制，持续强化企业合规管理。据悉，近日一则电池厂员工在厂区行为过激的视频在网上","点击上方蓝色关注我们吧9月10日，针对近期网络传播的相关视频，瑞浦兰钧发布声明称：经核实，该事件发生于我司嘉善基地。在此，对受本次事件波及的业内友商和关心我们的社会各界朋友，致以最诚挚的歉意。当事员工因个人原因，主动提出离职申请并要求即时办结。依据公司管理流程，手续办理需一定时限，双方未能就办结时间达成一致，随后该员工情绪失控，做出过激行为。事发当日，在公安机关的见证下，该事件已得到妥善解决。网传""限制员工如厕""等说法与事实不符，我司已向公安机关报案。我们始终重视员工权益保障，已全面复盘本次事件，将进一步完善员工沟通机制，持续强化企业合规管理。据悉，近日一则电池厂员工在厂区行为过激的视频在网上热传，引起大众对该电池厂的广泛争议。随后，宁德时代称公司已报警。END相关阅读：锂离子电池制备材料/压力测试！锂电池自放电测量方法：静态与动态测量法！软包电池关键工艺问题！一文搞懂锂离子电池K值！工艺，研发，机理和专利！软包电池方向重磅汇总资料分享！揭秘宁德时代CATL超级工厂！搞懂锂电池阻抗谱(EIS)不容易,这篇综述值得一看！锂离子电池生产中各种问题汇编！锂电池循环寿命研究汇总（附60份精品资料免费下载）点击上方蓝色关注我们吧9月10日，针对近期网络传播的相关视频，瑞浦兰钧发布声明称：经核实，该事件发生于我司嘉善",,,,pending
千安级储能电芯量产卡点在哪？这套检测方案直击热失控难题,锂电联盟会长,锂电联盟会长,"RIOnews API, 前沿表征, 工况, 固态电池, 产品发布, 发布, 官宣, 量产推进, 产能, 扩产, 宁德时代, CATL, 中创新航, 软包, 储能, 储能电芯, 大容量储能电芯, 500Ah, 大容量电芯, 可靠性, 热失控, 循环寿命, 热管理, GWh, 投产, 订单, 推出, 超大容量, 实验室, 量产, 落地",normal,2026-09-12T08:00:00+08:00,,点击上方蓝色关注我们吧摘要9 月 11 日，先导智能官宣大容量储能电芯化成分容整套检测解决方案，同日多项电池检测相关专利公开。大电芯量产浪潮下，检测设备从单纯充放电采集，升级为热管控、安全联锁、批次缺陷预警一体化系统，国产检测装备迎来新一轮订单窗口。9 月 11 日，先导智能发布500Ah~1000Ah 超大容量储能电芯化成分容整体解决方案，直面千安级储能电芯能量密度高、产热集中的痛点，搭建多维精准热管理、全域能耗回收、全系统闭环安全三重管控体系，解决大容量电芯化成分容阶段热失控风险、温差不均、能耗高等行业难题，适配 GW 级储能电芯新产线的在线检测需求。019 月 11 日同步公开两项重磅电,http://mp.weixin.qq.com/s?__biz=Mzg2ODg5MzM5Nw==&mid=2247584300&idx=1&sn=fc9891fa33fea141fe479f8393406302,,点击上方蓝色关注我们吧摘要9 月 11 日，先导智能官宣大容量储能电芯化成分容整套检测解决方案，同日多项电池检测相关专利公开。大电芯量产浪潮下，检测设备从单纯充放电采集，升级为热管控、安全联锁、批次缺陷预警一体化系统，国产检测装备迎来新一轮订单窗口。9 月 11 日，先导智能发布500Ah~1000Ah 超大容量储能电芯化成分容整体解决方案，直面千安级储能电芯能量密度高、产热集中的痛点，搭建多维精准热管理、全域能耗回收、全系统闭环安全三重管控体系，解决大容量电芯化成分容阶段热失控风险、温差不均、能耗高等行业难题，适配 GW 级储能电芯新产线的在线检测需求。019 月 11 日同步公开两项重磅电,"点击上方蓝色关注我们吧摘要9 月 11 日，先导智能官宣大容量储能电芯化成分容整套检测解决方案，同日多项电池检测相关专利公开。大电芯量产浪潮下，检测设备从单纯充放电采集，升级为热管控、安全联锁、批次缺陷预警一体化系统，国产检测装备迎来新一轮订单窗口。9 月 11 日，先导智能发布500Ah~1000Ah 超大容量储能电芯化成分容整体解决方案，直面千安级储能电芯能量密度高、产热集中的痛点，搭建多维精准热管理、全域能耗回收、全系统闭环安全三重管控体系，解决大容量电芯化成分容阶段热失控风险、温差不均、能耗高等行业难题，适配 GW 级储能电芯新产线的在线检测需求。019 月 11 日同步公开两项重磅电池检测专利，质控逻辑前置中国汽研｜电池批次共性缺陷检测专利证券之星 9 月 11 日披露专利信息，中国汽研 “一种电池的共性缺陷检测方法、装置、设备和介质” 专利授权。该方案基于大量车辆充电数据，自动识别同批次电池系统性缺陷，区分故障根源是电芯本身还是车辆工况，实现从故障事后排查升级为批次质量提前预警，可集成在后端检测平台用于批量电池风险筛查。宁德时代｜磁场辅助 K 值测试装置专利同日公开的实用新型专利，推出带旋转磁场的电池测试托盘。在电芯 K 值自放电测试过程中引入旋转磁场，抑制金属离子单点沉积，降低电芯局部微短路风险，提升 K 值检测的可靠性，在产线阶段提前筛选高自放电不良电芯，减少下游安全隐患。02产能落地带动检测设备配套需求，无损检测成为标配9 月 11 日行业资讯，中创新航合肥基地三期 25GWh 产能投产，产线全线搭载新一代无损质量检测工艺。项目全部投产后合肥基地总产能将达到 100GWh，配套建设研究院与电池实验测试中心，后续将持续采购化成分容、热安全、无损表征类检测设备，代表头部电池厂新建产线已经将无损检测纳入基础产线配置，不再是可选增值项。储能安全事故频发背景下，行业对热失控、热扩散、绝热温升测试需求持续上涨。GB38031-2025 强制标准落地后，第三方实验室、电池厂自研测试平台的热安全检测设备改造、新增采购需求持续释放。移动式储能状态检测设备也逐步在存量储能电站运维场景落地，实现在线不停机检测、定位电芯隐患，补齐储能电站全生命周期检测短板。03产业小结：大电芯时代，检测设备比拼的不再只是精度大容量储能电芯量产带来设备底层逻辑变化：传统小电芯测试设备的通道、夹具、温控、安全联锁架构不再适用。当前设备采购，客户重点关注三大指标：三大指标大电流工况下全域温场均匀控制；设备软硬件安全闭环保护，抑制热蔓延；开放数据接口，支持 AI 算法接入、批次质量追溯。国产检测装备厂商在大容量化成分容、在线 CT 无损检测、电池数据诊断算法持续突破；固态电池界面表征、超高带宽电化学测试设备仍是攻关方向。电池检测设备作为锂电产业链质量守门人，将伴随储能大电芯扩产持续释放市场增量。免责声明：本文素材整理自先导智能官网、证券之星公开资讯、行业媒体，仅用于行业交流。END相关阅读：锂离子电池制备材料/压力测试！锂电池自放电测量方法：静态与动态测量法！软包电池关键工艺问题！一文搞懂锂离子电池K值！工艺，研发，机理和专利！软包电池方向重磅汇总资料分享！揭秘宁德时代CATL超级工厂！搞懂锂电池阻抗谱(EIS)不容易,这篇综述值得一看！锂离子电池生产中各种问题汇编！锂电池循环寿命研究汇总（附60份精品资料免费下载）点击上方蓝色关注我们吧摘要9 月 11 日，先导智能官宣大容量储能电芯化成分容整套检测解决方案，同日多项电池检",,,,pending
固态模具产品大全--产品调价，助力科研降本增效,锂电联盟会长,锂电联盟会长,"RIOnews API, 新材料, 前沿表征, 原位, 固态电池, 宁德时代, CATL, 软包, 4C, 5C, 6C, 循环寿命",normal,2026-09-12T08:00:00+08:00,,点击上方蓝色关注我们吧创锂科技宁波创锂新材料科技有限公司专注于电池检测设备研发与制造锂电联盟会长做一个有情怀的锂电人1CL-01 固态电池测试模具1、内腔尺寸10mm 2、压力量程0-5T 3、密封性好，可空气中使用2CL-02 固态电池测试模具1、内腔尺寸10mm 2、压力量程0-5T 3、密封性好，可空气中使用3CL-03固态电池测试模具 1、内腔尺寸10mm 2、压力量程0-5T 3、压力值采集/显示（选配）4、密封性好，可空气中使用4CL-04软包电池测试模具 1、电池放置平台尺寸可以定制 2、压力量程0-50T（选配）3、压力值采集/显示（选配）5CL-05 固态电池原位温度·压力测,http://mp.weixin.qq.com/s?__biz=Mzg2ODg5MzM5Nw==&mid=2247584300&idx=5&sn=273fcf8856bad717e272b08579d17529,,点击上方蓝色关注我们吧创锂科技宁波创锂新材料科技有限公司专注于电池检测设备研发与制造锂电联盟会长做一个有情怀的锂电人1CL-01 固态电池测试模具1、内腔尺寸10mm 2、压力量程0-5T 3、密封性好，可空气中使用2CL-02 固态电池测试模具1、内腔尺寸10mm 2、压力量程0-5T 3、密封性好，可空气中使用3CL-03固态电池测试模具 1、内腔尺寸10mm 2、压力量程0-5T 3、压力值采集/显示（选配）4、密封性好，可空气中使用4CL-04软包电池测试模具 1、电池放置平台尺寸可以定制 2、压力量程0-50T（选配）3、压力值采集/显示（选配）5CL-05 固态电池原位温度·压力测,"点击上方蓝色关注我们吧创锂科技宁波创锂新材料科技有限公司专注于电池检测设备研发与制造锂电联盟会长做一个有情怀的锂电人1CL-01 固态电池测试模具1、内腔尺寸10mm 2、压力量程0-5T 3、密封性好，可空气中使用2CL-02 固态电池测试模具1、内腔尺寸10mm 2、压力量程0-5T 3、密封性好，可空气中使用3CL-03固态电池测试模具 1、内腔尺寸10mm 2、压力量程0-5T 3、压力值采集/显示（选配）4、密封性好，可空气中使用4CL-04软包电池测试模具 1、电池放置平台尺寸可以定制 2、压力量程0-50T（选配）3、压力值采集/显示（选配）5CL-05 固态电池原位温度·压力测试系统1、四通道固态模具电池；2、自动加温：单独控温与实时温度采集，室温-150°C，精度±0.2°C；3、压力采集：单独压力采集，记录固态电池循环过程中压力变化数据，采集频率最快1秒/次；4、温度-压力-电压-电流同步采集，辅助固态电池电化学分析。6CL-06 三电极固态电池测试模具1、内腔尺寸10mm 2、压力量程0-5T 3、密封性好，可空气中使用7CL-07 恒压固态电池测试模具1、内腔尺寸10mm 2、压力量程0-1T 3、密封性好，可空气中使用CL-A01 电芯原位膨胀测试仪CL-A02 电芯原位压力&温度测试系统CL-A03 固态软包防爆原位温度&压力机CL-B01 手套箱专用真空干燥箱一站式新能源材料供应END相关阅读：锂离子电池制备材料/压力测试！锂电池自放电测量方法：静态与动态测量法！软包电池关键工艺问题！一文搞懂锂离子电池K值！工艺，研发，机理和专利！软包电池方向重磅汇总资料分享！揭秘宁德时代CATL超级工厂！搞懂锂电池阻抗谱(EIS)不容易,这篇综述值得一看！锂离子电池生产中各种问题汇编！锂电池循环寿命研究汇总（附60份精品资料免费下载）",,,,pending
兰州大学Angew:配体位阻工程构建空间不对称单原子催化剂：电化学氧还原反应的全新平台,电催化科研社,电催化科研社,"RIOnews API, 电化学合成, 电催化",normal,2026-09-12T07:36:37+08:00,,"一、全文速览单原子催化剂凭借极高的原子利用率与明确的活性位点结构，在异相电催化领域展现出巨大应用潜力，但传统单原子催化剂普遍存在电子密度分布对称的固有局限，导致反应中间体的吸附、脱附与活化过程受限，催化效率难以进一步提升。本研究通过配体位阻工程策略，在预先锚定单原子Co的乙烯基共价有机框架中后合成引入大体积、构象受限的2,2':6',2''-三联吡啶（Tpy）配体，成功构筑了空间不对称的新型单原子催化剂COF-Co-Tpy。该催化剂打破了常规单原子催化剂的对称性限制，可同时对金属活性中心的本征电子结构与催化反应微环境实现协同调控，在碱性条件下的氧还原反应中展现出优异的催化性能，半波电位可达0.",http://mp.weixin.qq.com/s?__biz=MzI4MTE2MjIxOQ==&mid=2650307552&idx=1&sn=6811c733867d970be025ea5fdc4157eb,,"一、全文速览单原子催化剂凭借极高的原子利用率与明确的活性位点结构，在异相电催化领域展现出巨大应用潜力，但传统单原子催化剂普遍存在电子密度分布对称的固有局限，导致反应中间体的吸附、脱附与活化过程受限，催化效率难以进一步提升。本研究通过配体位阻工程策略，在预先锚定单原子Co的乙烯基共价有机框架中后合成引入大体积、构象受限的2,2':6',2''-三联吡啶（Tpy）配体，成功构筑了空间不对称的新型单原子催化剂COF-Co-Tpy。该催化剂打破了常规单原子催化剂的对称性限制，可同时对金属活性中心的本征电子结构与催化反应微环境实现协同调控，在碱性条件下的氧还原反应中展现出优异的催化性能，半波电位可达0.","一、全文速览单原子催化剂凭借极高的原子利用率与明确的活性位点结构，在异相电催化领域展现出巨大应用潜力，但传统单原子催化剂普遍存在电子密度分布对称的固有局限，导致反应中间体的吸附、脱附与活化过程受限，催化效率难以进一步提升。本研究通过配体位阻工程策略，在预先锚定单原子Co的乙烯基共价有机框架中后合成引入大体积、构象受限的2,2':6',2''-三联吡啶（Tpy）配体，成功构筑了空间不对称的新型单原子催化剂COF-Co-Tpy。该催化剂打破了常规单原子催化剂的对称性限制，可同时对金属活性中心的本征电子结构与催化反应微环境实现协同调控，在碱性条件下的氧还原反应中展现出优异的催化性能，半波电位可达0.90 V，其本征催化活性分别是平面对称单原子催化剂的22.64倍、空间对称单原子催化剂的6.15倍。基于该催化剂组装的锌空气电池可实现201.6 mW cm⁻²的峰值功率密度，且能稳定运行超过2000小时，性能优于商用Pt/C基准催化剂。该研究为开发非热解、非平面结构的新一代单原子电催化剂提供了全新的可行路径。二、背景介绍近年来原子级分散的单原子催化剂受到广泛关注，其在氧还原反应、氧析出反应、二氧化碳还原反应等关键电催化体系中表现出可观的应用前景，但传统单原子催化剂大多通过金属有机前驱体高温热解制备，这类合成方法通常会产出活性位点定义模糊、金属配位环境随机不可控的催化材料，阻碍了可靠构效关系的建立。同时热解衍生的单原子催化剂普遍存在表面致密、润湿性差的问题，容易导致活性位点被掩埋，严重限制电催化反应中的传质效率。共价有机框架（COFs）作为一类晶态多孔材料，凭借明确的晶态结构、均匀的孔道、高比表面积与可设计的骨架结构，成为非热解型单原子催化剂极具潜力的载体。尤其是通过sp²碳共轭键连接的乙烯基链COFs，兼具优异的导电性与结构稳定性，是构建配位型单原子催化剂的理想载体。但目前已报道的共价有机框架基单原子催化剂大多通过金属卟啉/酞菁或联吡啶、邻菲罗啉等螯合单元构建，通常得到平面对称的M-N₄或M-N₂活性位点，电子密度分布呈现对称性，往往导致反应中间体的吸附脱附与活化效果不佳，限制了其在氧还原、二氧化碳还原等关键电催化反应中的催化效率。尽管在共价有机框架载体上构建空间不对称单原子催化剂是精准调控电荷分布、配位几何与反应微环境的全新有效策略，但这类不对称结构的开发长期面临两大核心障碍：一是合成过程中维度与对称性的精准可控难度大，二是活性位点与反应中间体之间的作用机制尚不明确，因此亟需通过简化且可控的合成方法，构筑结构明确的框架基空间不对称单原子催化剂。三、研究内容与亮点本研究首次通过配体位阻工程，在乙烯基连接的共价有机框架上设计合成了结构明确的空间不对称单原子氧还原催化剂，实现了金属活性位点本征活性与反应微环境的协同调控。研究团队先通过2,2'-联吡啶-5,5'-二醛与2,4,6-三甲基吡啶的Knoevenagel缩合反应合成出含单原子配位位点的sp²碳连接型共价有机框架sp²c-COF，该材料具备六方晶系P6/m空间群的高晶态结构，BET比表面积达754.4 m² g⁻¹，孔径为2.2 nm，同时表现出优异的热稳定性与化学稳定性，在400℃以下的氮气氛围中无明显失重，在四氢呋喃、N,N'-二甲基甲酰胺、沸水、浓盐酸、浓氢氧化钠等多种苛刻溶剂中浸泡48小时后晶态结构仍可完整保留。基于该骨架自带的联吡啶螯合位点，研究团队先通过后功能化引入单原子Co得到COF-Co，之后进一步分别引入5,5'-二甲基-2,2'-联吡啶和2,2':6',2''-三联吡啶两种不同配体，成功构筑了两种配位几何不同的单原子催化剂COF-Co-Bpy与COF-Co-Tpy。其中COF-Co-Bpy的联吡啶配体平面与COF的xy平面二面角为36.3°，属于空间对称结构；而COF-Co-Tpy的三联吡啶配体平面与COF的xy平面二面角达到86.7°，受大体积配体的位阻作用形成了独特的空间不对称构型。该不对称结构的核心优势体现在两个方面：一是可以诱导Co活性中心形成低自旋态，削弱含氧中间体的结合强度，优化活性位点的本征催化活性；二是创造了特殊的反应微环境，使反应中间体在Co位点的吸附方向与沿z轴的传质方向垂直，由此产生轴向拖拽效应：垂直方向的传质作用持续将吸附的OH中间体从Co位点拉离，大幅降低OH的吸附能垒，促进中间体快速脱附。二者的协同作用有效突破了传统对称单原子催化剂的性能上限。四、图文解析通过粉末X射线衍射表征可知，合成得到的sp²c-COF具备高度晶态结构，AA堆叠的模拟PXRD图案与实验结果完全吻合， Pawley精修得到的晶胞参数为a = b = 29.863 Å，c = 3.771 Å，α = β = 90°，γ = 120°。氮气吸脱附测试结果证明其具备Type I等温线特征，孔径分布与模拟结果匹配良好。高分辨透射电镜可观测到对应sp²c-COF(100)晶面的清晰晶格条纹，面间距为2.37 nm，同时可直接观察到垂直于c轴的有序孔道结构。后续的系列表征证实，Co单原子引入以及后续的配体修饰过程均未破坏COF骨架的晶态与化学结构。X射线吸收精细结构测试结果证实三种催化剂中的Co均以单原子形式分散，其中COF-Co为平面Co-N₂Cl₂配位构型，COF-Co-Bpy为空间对称的Co-N₄配位结构，COF-Co-Tpy为空间不对称的Co-N₅配位结构。电催化氧还原性能测试显示，在氧气饱和的0.1 M KOH电解液中，COF-Co-Tpy的半波电位可达0.90 V vs. RHE，起始电位达1.039 V，显著优于COF-Co、COF-Co-Bpy以及商用Pt/C催化剂，其Tafel斜率仅为63.8 mV dec⁻¹，动力学过程明显更快。在0.85 V电位下，该催化剂的周转频率达1.56 s⁻¹，质量活性达2.51 A mg⁻¹。三种催化剂的电化学双层电容几乎一致，电化学活性表面积相当，说明性能差异完全来源于Co活性中心的本征活性区别。旋转环盘电极测试证实COF-Co-Tpy的电子转移数接近4，过氧化氢产率仅为3.12%，符合高效四电子氧还原路径的特征。同时该催化剂还表现出优异的抗甲醇中毒能力与长期稳定性，经过10000次CV循环后半波电位仅衰减2 mV，可在0.8 V电位下持续稳定运行10小时以上。组装为锌空气电池后，基于COF-Co-Tpy的器件开路电压约1.5 V，在20 mA cm⁻²的电流密度下比容量可达800.7 mAh g⁻¹，峰值功率密度达202.3 mW cm⁻²，在5 mA cm⁻²的充放电循环测试中可稳定运行超过2000小时，往返效率几乎无衰减，性能优于多数已报道的晶态多孔框架基锌空气电池器件。原位红外、原位拉曼表征结合理论计算与分子动力学模拟结果共同阐明，空间不对称的COF-Co-Tpy可以有效活化O₂生成O₂⁻中间体，同时表面弱氢键水的占比更高，可降低质子耦合电子转移步骤的能垒；其Co活性位点处于低自旋态，d带中心位置更有利于削弱OH的吸附强度，同时特殊的中间体吸附构型产生的轴向拖拽效应，进一步将*OH的脱附能垒降至5.36 kCal mol⁻¹，远低于COF-Co-Bpy的7.39 kCal mol⁻¹与COF-Co的9.03 kCal mol⁻¹，实现了氧还原反应的高效推进。五、总结与展望该研究提出的配体位阻工程策略，成功打破了传统单原子催化剂的对称性限制，同时完成了活性位点电子结构与反应微环境的协同调控，在氧还原催化中实现了显著的性能突破。该思路跳出了传统热解型平面单原子催化剂的研究框架，为设计新一代高活性单原子电催化剂提供了全新的维度。后续基于该空间不对称骨架的进一步结构优化，有望将这类催化剂的适用范围拓展到二氧化碳还原、氮还原等更多关键电催化反应体系中，为面向实际能源器件的高效电催化材料开发提供新的研究方向。原文信息K. Cui, Z. Zhang, and T. Zhang, et al.,Ligand Steric Hindrance-Engineered Spatially Asymmetric Single-Atom Catalysts: A New Platform for Electrochemical Oxygen Reduction， Angewandte Chemie International Edition (2026): e5047569, https://doi.org/10.1002/anie.5047569声明：本文内容用于科研进展分享，详细内容请参考原文，如有侵权，请联系后台小编删除。兰州大学Angew:配体位阻工程构建空间不对称单原子催化剂：电化学氧还原反应的全新平台",,,,pending
马里兰大学王春生最新 Nature Energy！,清深储能,清深储能,"RIOnews API, 高比能, 锂金属, 锂硫电池, 前沿表征, 原位, 学术研究, 大学, 教授",normal,2026-09-12T07:00:00+08:00,,研究背景高能量密度锂电池的发展迫切需要突破传统正极材料的比容量与能量密度限制。目前，插层型正极材料的能量密度已经接近理论极限。相比之下，锂硫（Li||S）和锂硒（Li||Se）电池中转化反应型的硫族正极（S和Se）因具有较高理论比容量而受到广泛关注。基于从0价到-2价的两电子反应，传统硫族正极（S和Se）虽然具有高理论比容量和低成本优势，但其实际应用受限于低工作电压（~2.0 V）、缓慢的氧化还原动力学以及多硫/硒化物穿梭效应。理论上，硫和硒在充电过程中可被进一步氧化至更高价态，如 +1、+2、甚至 +6，从而实现超越传统两电子反应的多电子储能，但锂电中可逆的高价S和Se化学长期以来难以实现。,http://mp.weixin.qq.com/s?__biz=MzYyMzA0NTc3NQ==&mid=2247628922&idx=1&sn=b43f44e21de4ff349c8af5e5298ca2a6,,研究背景高能量密度锂电池的发展迫切需要突破传统正极材料的比容量与能量密度限制。目前，插层型正极材料的能量密度已经接近理论极限。相比之下，锂硫（Li||S）和锂硒（Li||Se）电池中转化反应型的硫族正极（S和Se）因具有较高理论比容量而受到广泛关注。基于从0价到-2价的两电子反应，传统硫族正极（S和Se）虽然具有高理论比容量和低成本优势，但其实际应用受限于低工作电压（~2.0 V）、缓慢的氧化还原动力学以及多硫/硒化物穿梭效应。理论上，硫和硒在充电过程中可被进一步氧化至更高价态，如 +1、+2、甚至 +6，从而实现超越传统两电子反应的多电子储能，但锂电中可逆的高价S和Se化学长期以来难以实现。,"研究背景高能量密度锂电池的发展迫切需要突破传统正极材料的比容量与能量密度限制。目前，插层型正极材料的能量密度已经接近理论极限。相比之下，锂硫（Li||S）和锂硒（Li||Se）电池中转化反应型的硫族正极（S和Se）因具有较高理论比容量而受到广泛关注。基于从0价到-2价的两电子反应，传统硫族正极（S和Se）虽然具有高理论比容量和低成本优势，但其实际应用受限于低工作电压（~2.0 V）、缓慢的氧化还原动力学以及多硫/硒化物穿梭效应。理论上，硫和硒在充电过程中可被进一步氧化至更高价态，如 +1、+2、甚至 +6，从而实现超越传统两电子反应的多电子储能，但锂电中可逆的高价S和Se化学长期以来难以实现。因此，如何实现高价态硫族元素氧化还原反应的激活与稳定，是突破硫族正极能量密度瓶颈的关键科学问题。研究介绍近日，马里兰大学王春生教授团队和香港城市大学徐吉健团队在 Nature Energy 和Nature Communications上发表系列重要研究成果，提出了富氯离子电解液设计策略，在锂电池中实现了硫族正极的可逆高价氧化还原，将传统两电子反应拓展为三电子转化反应并提升输出电压，显著提升了电池的能量密度。Nature Energy工作以 S 和 LiCl 作为初始正极材料实现可逆的 S(2−)/S(0)/S(1+) 三电子氧化还原过程。与传统锂硫电池相比，该体系将平均工作电压从2.05 V 提升至2.54 V，电极级能量密度超过1700 Wh/kg。Nature Communications将传统Li||Se体系中局限于Se(0)/Se(2−)的两电子反应拓展为可逆的Se(2−)/Se(0)/Se(1+)三电子转化反应，以及更广泛的硫族元素体系（Se、S、SeS2），验证了该策略的普适性。相关成果分别以“Lithium–disulfur dichloride batteries”为题发表在Nature Energy上，马里兰大学张楠博士为第一作者，De-en Jiang教授、徐吉健教授、王春生教授为共同通讯作者；“Unlocking High-Valent Chalcogen Redox with Halide-Rich Electrolytes for High-Energy Lithium Batteries”为题发表在Nature Communications上，香港城市大学沈寅麟博士为本文第一作者，黄勃龙教授、徐吉健教授为共同通讯作者。核心部分1. 突破两电子限制，构建三电子反应路径传统锂硫电池的受限于从S到Li2S之间的两电子反应。理论上，硫可以实现从 -2 到 +6 的多个价态转化，氧化至更高价态，如 S(1+)，为提高锂硫电池能量密度提供了有前景的途径。稳定氧化态高价硫需要高电负性元素，但部分产物为气体无法实现可逆反应（见图1）。其中，通过氯稳定高价硫形成的二氯化二硫（S2Cl2）充电产物提供了高理论比容量和较为稳定的液相性质，结合电解液匹配设计，最终实现了高价硫的可逆反应。S2Cl2 与 Li 之间的电化学反应通过两步进行：①2Cl2+ Li = S + LiCl② S + 2Li = Li2S总体而言，Li||S2Cl2 化学体系涉及每个硫原子三电子氧化还原过程，与传统锂硫电池中的两电子硫氧化还原化学形成鲜明对比。基于正极材料（S2Cl2）和锂金属负极（Li）的总质量，S2Cl2 化学体系在约 2.65 V 的平均工作电压下理论比容量约为 910 mAh/g，对应理论比能量约 2400 Wh/kg。图1. 超越传统，实现高价硫可逆三电子氧化还原反应示意图。进一步，可以通过卤素（Cl和Br）将Li||Se电池的反应路径由传统Se(0)/Se(2−)两电子转化拓展为Se(2−)/Se(0)/Se(1+)三电子转化，并引入约2.6 V的高电位Se(0)/Se(1+)反应平台，为提升Se正极容量和比能量提供了新的化学路径（如图2所示）。图2. 拓展高价Se可逆转化，实现三电子硒氧化还原反应。2. 捕捉高价硫/硒产物，揭示可逆转化机制文章结合原位Raman、非原位XPS、XAS吸收谱、Raman以及理论计算等手段，系统分析了硫/硒正极在充放电过程中的结构演化、价态变化和反应路径（图3）。不同荷电状态（SOC）下硫K边X射线吸收近边结构（XANES）谱显示在充电过程中，谱图从Li2S依次演变为多硫化锂、S8、最终充电产物对应为S2Cl2，放电过程中则发生反向演变。原位拉曼光谱在400-600 cm−1范围内采集，充电时出现与S2Cl2振动模式对应的新峰，放电时减弱，与S2Cl2在循环中的可逆形成和消耗一致。图3. 原位/非原位表征证明高价硫产物。在锂硒电池中，XAS结果同样证明，放电过程中生成Li2Se，而充电过程中硒经历了Se(2−)/Se(0)/Se(1+)的逐步转化。结合Se2Cl2参考样品的谱学对比，进一步确认高价硒物种可以在富卤素电解液中有效形成并保持稳定，从而支撑三电子Li||Se反应的可逆进行。理论计算进一步支持了这一反应路径。计算结果表明，在富Cl−电解液中，Se2−/Se0与Se0/Se+反应对应的电位与实验中观察到的放电平台高度吻合；当Cl−被Br−替代后，Se0/Se+反应电位进一步升高，说明卤素阴离子不仅参与高价硒物种的稳定，也会调控整体反应热力学与动力学过程。图4. XAS及理论计算的反应路径。3. 设计富卤素电解液，激活并稳定高价硫/硒化学实现高价硫/硒氧化还原反应的关键在于电解液的匹配设计。为了进一步增强电解液中Cl−离子活性，引入1-乙基-3-甲基咪唑氯化物（EMIMCl）以提高Cl−离子浓度。随着 EMIMCl 含量增加，S的高价氧化平台逐渐变得明显和延伸。在x=0.9时，出现明确的平台，表明足够高浓度的活性Cl−离子电解液促进了硫氧化。进一步可以采用氟化醚（如 TTE）稀释以降低电解液粘度并抑制S2Cl2溶解。S2Cl2在 TTE 中溶解度可忽略，观察到明显相分离。在 LiTFSI-EMIMCl-TTE 电解液中，S2Cl2也不混溶。分子动力学（MD）模拟分析了Cl−的局部溶剂化结构。Li-Cl 径向分布函数和配位数分析显示，在x=0.1时，几乎所有Cl−都与Li+配位，几乎没有游离Cl−离子。随着 Cl/Li 比增加，游离Cl−逐渐出现。在x=0.9时，约80%的Cl−未配位，形成富Cl−离子环境。NMR 和拉曼测量进一步支持了 MD 结果。图5. 实现高价硫可逆氧化还原反应的富卤素电解液设计。基于这一设计，富卤素电解液同样为Se0/Se+高价氧化提供了高活性的卤素阴离子，另一方面通过卤素配位稳定了充电过程中形成的Se2Cl2或Se2Br2高价硒物种，从而实现了高价硒反应的有效激活与可逆转化。图6. 实现高价硒可逆氧化还原反应的富卤素电解液设计及溶剂化结构表征。4. 引入高价态硫/硒转化，提升电池能量密度基于高价硫可逆三电子反应，S-LiCl 电极在约 2.54 V 平均电压下提供超过 700 mAh/g 的比容量，对应电极级比能量超过 1700 Wh/kg，约为 LCO 和 LFP 电极的两到三倍。与传统 S-C 电极相比，S-LiCl 电极在显著更高电压下运行，同时保持相当容量。所组装的Li|S-LiCl 软包电池100 圈后保留78%的初始容量。图7. 三电子转换反应Li|| S-LiCl电池的电化学性能。得益于高价Se0/Se+反应的引入，富卤素电解液显著提升了Li||Se电池的容量和比能量。在富卤素电解液中，Li||Se电池在充电过程中出现清晰的高电位Se0/Se+反应平台。相比传统电解液，该体系的放电容量和比能量分别提升了77%和64%，充分说明高价硒氧化还原反应对提升能量输出的重要作用。三电子Li||Se电池实现了980 mAh g−1的可逆放电容量和 2003 Wh kgSe−1的比能量，并在400 mA g−1下稳定循环200圈。进一步的电化学分析表明，高电位Se0/Se+反应具有较小的电压极化和更快的反应动力学，是该体系实现高容量和高比能量的重要来源。图8. 三电子转换反应Li||Se电池的电化学性能。核心结论两篇工作共同实现了多电子硫族氧化还原反应，为突破传统硫族元素正极的两电子反应限制、发展高比能锂电池提供了新的思路。Nature Energy 工作率先在硫正极中验证了该策略的可行性，Nature Communications 工作则进一步将其拓展至硒正极及更广泛的硫族元素体系，展现了该策略的普适性和广阔应用前景。原位/非原位谱学表征及理论计算共同证实了该三电子反应机制，为发展高比能锂电池提供了新的发展路径。文献详情1. Nan Zhang, Jinyi Zhang, Weiran Zhang, Zeyi Wang, Chang-Xin Zhao, Ai-Min Li, Yijie Liu, Kangxuan Xia, Cal Mesirow, Yuxin Yang, Brett L. Lucht, Enyuan Hu, Xiulei Ji, De-en Jiang*, Jijian Xu*, Chunsheng Wang*. Lithium-disulfur dichloride batteries. Nature Energy (2026).https://doi.org/10.1038/s41560-026-02120-82. Yinlin Shen, Hao Zhang, Yuxuan Wu, Mingzi Sun, Doudou Feng, Jiaqian Qin, Zhengyu Shi, Bolong Huang*, Jijian Xu*. Unlocking High-Valent Chalcogen Redox with Halide-Rich Electrolytes for High-Energy Lithium Batteries. Nature Communications (2026).原文链接：https://www.nature.com/articles/s41467-026-77258-转载自：能源学人投稿通道（长按扫码）",,,,pending
【会议展示】 深势科技（宜宾）有限公司特邀您参加2026先进电池产业集群论坛,清深储能,清深储能,"RIOnews API, 新材料, 高比能, 锂金属, 固态电池, 固态电解质",normal,2026-09-12T07:00:00+08:00,,【参展单位】深势科技（宜宾）有限公司 展位号：28 一、公司简介深势科技是全球 AI for Science 的开拓者和引领者，公司成立于2018年，在北京、上海、深圳、宜宾等地设有办公室和研发中心。以“加速科学发现，释放科学价值”为使命，致力于打造 AI 科学家（AI Scientist）及自主进行科学发现的智能系统。深势科技（宜宾）有限公司承建的宜宾新能源新材料数智创新中心，是宜宾市首批“江源行动”新型研发机构签约项目，是宜宾市首个产业科研平台。目前已建成40+高能级团队，其中硕士、博士占比超过50%，可直接为有AI4S应用需求的企业提供全方位赋能，已与汽车/电芯/材料等领域头部企业开展业,http://mp.weixin.qq.com/s?__biz=MzYyMzA0NTc3NQ==&mid=2247628922&idx=2&sn=af8304202d23dbf946e4ac09ad0a6855,,【参展单位】深势科技（宜宾）有限公司 展位号：28 一、公司简介深势科技是全球 AI for Science 的开拓者和引领者，公司成立于2018年，在北京、上海、深圳、宜宾等地设有办公室和研发中心。以“加速科学发现，释放科学价值”为使命，致力于打造 AI 科学家（AI Scientist）及自主进行科学发现的智能系统。深势科技（宜宾）有限公司承建的宜宾新能源新材料数智创新中心，是宜宾市首批“江源行动”新型研发机构签约项目，是宜宾市首个产业科研平台。目前已建成40+高能级团队，其中硕士、博士占比超过50%，可直接为有AI4S应用需求的企业提供全方位赋能，已与汽车/电芯/材料等领域头部企业开展业,【参展单位】深势科技（宜宾）有限公司 展位号：28 一、公司简介深势科技是全球 AI for Science 的开拓者和引领者，公司成立于2018年，在北京、上海、深圳、宜宾等地设有办公室和研发中心。以“加速科学发现，释放科学价值”为使命，致力于打造 AI 科学家（AI Scientist）及自主进行科学发现的智能系统。深势科技（宜宾）有限公司承建的宜宾新能源新材料数智创新中心，是宜宾市首批“江源行动”新型研发机构签约项目，是宜宾市首个产业科研平台。目前已建成40+高能级团队，其中硕士、博士占比超过50%，可直接为有AI4S应用需求的企业提供全方位赋能，已与汽车/电芯/材料等领域头部企业开展业务合作。公司已构建了一系列“读文献、做计算、做实验”的智能科学工具和各领域的科学智能体，依托电解液、固态电解质智能大装置及智能表征平台提供干湿闭环智慧实验室解决方案、电解液/固态电解质等新材料开发服务。其中电解液智能大装置荣获全国第三届“集群清新奖——标杆技术奖”，固态电解质智能大装置获国家重点研发计划颠覆性创新项目支持。二、产品介绍1、电解液智能研发大装置电解液智能研发大装置以 Uni-ELF 电解液配方模型与 Uni-Lab-OS 智慧实验室为主轴，构建需求定义-实验设计—自动执行—数据分析—迭代优化”的持续研发闭环，实现电解液研发的自主智能迭代。读｜电解液知识库4.3万+篇锂金属/钴酸锂文献数据库、13万+条配方，文献调研从10天缩至1天。算｜Uni-ELF 配方预测引擎10²⁰组合空间收敛至可实验清单，预测精度95%，实验量减半。做｜Uni-Lab-OS 智慧实验室贯通配液到电池测试全流程，数据一键对齐预测模型，迁移清洗时间减80%。智｜研发智能体以目标为牵引，自主推演配方，干湿闭环持续迭代。【典型案例】原需要2年，现3个月内，5轮迭代优化电解液配方，NCM811/锂金属循环寿命相比商用提升50%。2、固态电解质智能研发大装置固态电解质智能研发大装置以DPA模型与Uni-Lab-OS智慧实验室为主轴，结合自主研发的合成工艺，实现固态电解质的高效合成与自主智能迭代。读丨固态电解质知识库汇聚10万条数据（包括材料、电池和实验工艺信息），文献调研从周到小时级，研发起点立于行业积累之上。算丨DPA4性质预测模型采用多目标优化算法对组分空间快速预测筛选，将实验次数降低50%以上。做丨 Uni-Lab-OS 智慧实验室贯通合成一表征一测试全流程，周期缩短2倍、通量提升5倍。智丨电池研发智能体自主推演材料一结构一性能关系，干湿闭环持续学习，将试错转向智能探索。【典型案例】在2-3个月开发周期内，新范式相对市面上5款已公开销售、开发周期约2-3年的电解质产品：-50℃露点干房暴露4h后，新材料离子电导率保持率提升37%，1C倍率下克容量提升23%，已进入产业中试。3.PilotEye智能表征分析平台电池智能表征分析平台一站式覆盖电镜、XRD、电化学等多源表征场景，打破研发数据零散、低效、经验难沉淀研发挑战。通过标准化、自动化批量分析，实现结果可追溯复现，大幅提升分析效率，帮助企业沉淀可复用研发知识资产。【典型案例】某头部正极材料企业私有化部署电池智能表征平台后，电镜日处理量从4–5张提升至30+张，效率提升5–10倍；电化学批量分析耗时从十几分钟压缩至3–4分钟，效率提升超300%，同步实现样品、任务与结果的全链路统一管理。合作模式：合作模式具体内容小批量试制与检测电解液配方定制｜成分分析｜固态电解质开发｜电化学性能检测表征平台私有化部署平台部署｜数据私有化｜企业流程适配｜FDE定制开发干湿闭环智慧实验室读-算-做-智一体的电解液/固态电解质智能大装置｜FDE定制开发↓↓↓点击阅读原文，参会报名阅读原文10月15-17日\x0d\x0a中国 · 深圳,,,,pending
王丹教授CRCU：中空多壳层结构复活锂金属负极用于高能量密度电池,清深储能,清深储能,"RIOnews API, 新材料, 碳, 隔膜, 聚合物, 高比能, 锂金属, 前沿表征, 原位, 固态电池, 固态电解质, 学术研究, 大学, 教授, 科学院, 研究所, 期刊",normal,2026-09-12T07:00:00+08:00,,背景介绍锂金属以其3860mAhg⁻¹的最高理论比容量、-3.04V的最低氧化还原电位及0.59gcm⁻³的最低金属密度，被视为高能量密度可充电电池负极的终极选择。然而，锂金属负极的商业化进程被其糟糕的循环稳定性和安全隐患严重制约。核心问题在于锂枝晶的生长——这种不均匀沉积行为不仅引起剧烈的体积变化，还导致不稳定的固态电解质界面膜反复破裂与再生，持续消耗电解液。更严重的是，枝晶可能刺穿隔膜引发内短路，带来热失控风险。因此，实现均匀的锂沉积和构建稳定的电极-电解液界面是解决这些问题的关键。在众多结构设计中，中空结构以其低质量、高比表面积和短传质路径脱颖而出。特别是中空多壳层结构，其多壳层从内到外,http://mp.weixin.qq.com/s?__biz=MzYyMzA0NTc3NQ==&mid=2247628922&idx=3&sn=97c5cfe62fc5a9fc1bf715ac0a0a315e,,背景介绍锂金属以其3860mAhg⁻¹的最高理论比容量、-3.04V的最低氧化还原电位及0.59gcm⁻³的最低金属密度，被视为高能量密度可充电电池负极的终极选择。然而，锂金属负极的商业化进程被其糟糕的循环稳定性和安全隐患严重制约。核心问题在于锂枝晶的生长——这种不均匀沉积行为不仅引起剧烈的体积变化，还导致不稳定的固态电解质界面膜反复破裂与再生，持续消耗电解液。更严重的是，枝晶可能刺穿隔膜引发内短路，带来热失控风险。因此，实现均匀的锂沉积和构建稳定的电极-电解液界面是解决这些问题的关键。在众多结构设计中，中空结构以其低质量、高比表面积和短传质路径脱颖而出。特别是中空多壳层结构，其多壳层从内到外,"背景介绍锂金属以其3860mAhg⁻¹的最高理论比容量、-3.04V的最低氧化还原电位及0.59gcm⁻³的最低金属密度，被视为高能量密度可充电电池负极的终极选择。然而，锂金属负极的商业化进程被其糟糕的循环稳定性和安全隐患严重制约。核心问题在于锂枝晶的生长——这种不均匀沉积行为不仅引起剧烈的体积变化，还导致不稳定的固态电解质界面膜反复破裂与再生，持续消耗电解液。更严重的是，枝晶可能刺穿隔膜引发内短路，带来热失控风险。因此，实现均匀的锂沉积和构建稳定的电极-电解液界面是解决这些问题的关键。在众多结构设计中，中空结构以其低质量、高比表面积和短传质路径脱颖而出。特别是中空多壳层结构，其多壳层从内到外有序排列，拥有比单壳层更高的体积比表面积和更优的力学强度，结合顺序模板法的成熟合成体系，HoMS在锂金属负极的不同部件中均展现出丰富优势。本文亮点系统总结HoMS在锂金属负极中的四类应用场景：作为锂沉积宿主容纳体积变化并降低局部电流密度，作为人工SEI膜增强力学稳定性并促进均匀锂沉积，作为固态电解质骨架提升离子电导率和抑制枝晶，作为电解液添加剂储库实现功能物质的时序缓释。深入阐释HoMS优于单壳层的本质原因：多壳层提供更多成核位点、更均匀的锂离子通量、更强的力学鲁棒性以及可装载多种添加剂并分时序释放的能力。以CuHoMS人工SEI膜和ZnOHoMS复合聚合物电解质为典型案例，定量展示HoMS在提升库仑效率、离子迁移数、力学强度和循环稳定性方面的显著优势。图文解析图1是HoMS在锂金属电池中应用优势的概览示意图。从图中可以看出，HoMS可在四个不同层面发挥作用：作为锂沉积宿主时，其内部空腔容纳体积变化、降低局部电流密度、抑制枝晶并稳定SEI膜；作为人工SEI膜时增强力学强度并促进均匀锂沉积；作为固态电解质骨架时促进离子传输并抑制枝晶；作为电解液添加剂储库时实现添加剂的缓释并促进稳定SEI形成。图2展示了锂金属负极面临的核心挑战。锂与电解液的高反应性导致SEI膜不断形成与积累，消耗电解液并阻碍电子传输，造成低库仑效率和短循环寿命；SEI膜的非均相离子电导率促进非均匀成核，且循环中产生的裂纹进一步加剧非均匀离子通量，促进枝晶生长；枝晶生长理论包括SEI的镶嵌模型、浓度梯度驱动生长以及枝晶尖端高电场和三维离子扩散的自增强生长模型，伴随而来的无限体积变化对SEI膜稳定性构成巨大挑战。图3展示了中空结构作为锂沉积宿主或人工SEI膜的应用。图3A为锂在氧化铝包覆中空碳球中沉积/剥离的示意图。图3B-D显示经电解液浸泡和电化学沉积后，中空碳球结构保持完整。图3E-F对比了包覆氧化铝前后中空碳球的电压-容量曲线，包覆后首次循环的滞后明显减少。图3G显示包覆氧化铝的中空碳球在醚类电解液中循环超500次，平均库仑效率达99%。图3H对比了核壳Al@Al₂O₃-SiO₂结构与纯铝粉在锂化/脱锂过程中的行为差异。图3I-L的扫描电镜图像显示AAS颗粒在循环后仍保持原有形貌，而纯铝粉则破碎严重。图3M-N的光学显微镜截面图显示纯铝粉电极表面有明显的锂枝晶，而AAS电极表面光滑无枝晶。图3O显示AAS基全电池具有超长循环寿命。图4展示了中空结构作为电解液添加剂和固态电解质的应用。图4A为C@MoS₂/S微胶囊作为多硫化物储库的示意图，其内部空腔储存硫粉并缓释硫化物促进稳定SEI形成。图4B-D显示随沉积容量增加，锂均匀沉积在中空结构内。图4E示意LiF纳米盒添加剂的优势——高孔隙率容纳电解液并促进均匀分布。图4F显示暴露的LiF(111)晶面与碳酸酯溶剂强相互作用。图4G示意溶剂化LiF伴随FEC形成高氟含量（>30%）SEI。图4H为LiF纳米盒的扫描电镜图像。图4I显示添加LiF纳米盒的软包电池具有优异循环性能。图4J对比了该工作与文献报道的循环稳定性。图4K示意SiO₂中空纳米球基复合固态电解质抑制枝晶的机理。图4L为SiO₂中空纳米球的透射电镜图像。图4M显示基于该电解质的对称电池具有长循环寿命。图5从机理层面阐释HoMS相较于单壳层结构的四大优势。作为锂沉积宿主，HoMS提供更多成核位点从而实现均匀致密的锂沉积，且更小的局部电流密度从本质上限制了锂枝晶生长。作为人工SEI膜，HoMS具有更好的力学鲁棒性以抵抗枝晶刺穿，同时提供更均匀的锂离子通量。作为添加剂，HoMS可避免纳米颗粒团聚并维持添加剂与溶剂间的充分接触，且不同壳层可装载不同类型添加剂并按时空序列缓释。作为固态电解质填料，HoMS赋予电解质更高力学柔韧性，同时实现填料、电解质与锂盐间的更好接触，限制聚合物电解质的缠结与结晶，从而获得高锂离子电导率。图6以CuHoMS人工SEI膜为例展示HoMS的实证优势。图6A为CuHoMS基复合膜同时抑制枝晶和稳定SEI的示意图。图6B为三壳层CuHoMS的透射电镜图像，粒径均匀、壳层清晰。图6C显示CuHoMS膜修饰电极的锂离子迁移数（0.61）显著高于裸铜箔和Cu纳米颗粒修饰电极。图6D-E的断面扫描电镜显示膜厚约1.5μm，由两层CuHoMS紧密堆叠而成。图6F-J对比了不同修饰电极在5mAhcm⁻²高沉积量下的截面形貌：CuHoMS膜下方锂沉积均匀致密（图6F-G），单壳层Cu中空球膜下方已出现枝晶（图6H），而Cu纳米颗粒（图6I）和裸铜箔（图6J）表面枝晶严重。图6K显示CuHoMS膜修饰电极的库仑效率在各循环中均优于对比样。图6L的对称电池电压曲线进一步证实了其优异的循环稳定性。图7以ZnOHoMS复合聚合物电解质为例展示HoMS在固态电解质中的应用。图7A示意ZnOHoMS增强PEO复合电解质的机理——HoMS提供丰富的内部和外部离子传输通道，多孔薄壳提供大量Lewis酸位点与PEO长链相互作用，降低PEO结晶度、增加非晶区。图7B为ZnOHoMS的透射电镜图像。图7C显示ZnOHoMS-PEO复合电解质在60°C下的离子电导率达1.2×10⁻³Scm⁻¹，明显高于ZnO中空球和纳米颗粒填充体系。图7D的应力-应变曲线显示ZnOHoMS-PEO的断裂伸长率达380%，远高于其他体系。图7E显示复合电解质表面平坦、ZnOHoMS分布均匀。图7F的线性扫描伏安显示ZnOHoMS-PEO的电化学稳定窗口显著拓宽。图7G的恒流电压曲线显示基于该电解质的全电池具有优异的循环性能。总结与展望本文系统总结了HoMS在锂金属电池中的研究进展，涵盖锂沉积宿主、人工SEI膜、电解液添加剂和固态电解质四种应用场景。多壳层结构在抑制锂枝晶、促进锂离子扩散、增强界面稳定性方面展现出优于单壳层结构的全面性能。展望未来，多功能集成智能HoMS的设计（如自修复能力和内置传感功能）将是重要方向，这类智能材料可响应电池运行状态变化并主动采取维护措施。此外，通过低成本绿色规模化方法制备高性能HoMS材料是另一研究热点，合成策略应优先考虑材料的可控性和一致性以确保工业化生产中的性能均一性。借助先进原位表征和理论模拟深入理解HoMS与其他电池组件间的界面相互作用，将进一步提升HoMS的设计水平并改善电池综合性能。文献信息标题：Hollow Multishelled Structure Reviving Lithium Metal Anode for High-energy-density Batteries作者：Haoyu Wang, Peng Wei, Jiangyan Wang, Dan Wang期刊：Chemical Research in Chinese Universities, 2024, 40(3), 428-436DOI：10.1007/s40242-024-4062-0通讯作者介绍王丹，深圳大学特聘教授、博士生导师，重点研发首席科学家，中科院“百人计划”入选者，国家杰出青年科学基金获得者，享受国务院特殊津贴专家，中组部“万人计划”科技创新领军人才入选者，科技部中青年科技创新领军人才入选者。中国化学会与英国皇家化学会会士，国际溶剂热水热协会常务理事；Chem. Res. Chinese Univ., Chem. J. Chinese Universities执行主编, Mater. Chem. Front.副主编; Science Bulletin, EnergyChem, Sci. China Mater., Chin. Sci. Bull., Acta Chim. Sinica., Chin. J. Inorg. Chem.等期刊编委；EES、Adv. Sci., Adv. Mater. Interface, Matter, EnergyChem, EcoMat, ChemNanoMat等期刊顾问编委。长期从事无机合成化学研究,聚焦于无机多功能结构体系前沿领域，在介尺度结构调控和原子可控掺杂的合成方法学研究及应用上取得了系统性创新成果。在Nature, Nat. Rev. Chem., Chem. Soc. Rev., Acc. Chem. Res., Nat. Energy, Nat. Chem., Nat. Comm., J. Am. Chem. Soc., Angew. Chem. Int. Ed., Adv. Mater.等期刊发表SCI论文288篇，SCI他引2.8万余次，H因子93。入选2018-2024年度科睿唯安“高被引科学家”。申请发明专利50余项，授权30余项，转让实施2项，为振兴地方经济和企业转型做出了贡献。入选2018-2024年度科睿唯安“高被引科学家”。王江艳，中国科学院过程工程研究所研究员，博士生导师，入选中科院“BR”计划、国家“QQ计划”。聚焦“多级结构储能材料的设计、可控合成及其性能“开展了系统研究，目前已在Nat. Energy, Nat. Rev. Chem., Sci. Adv., J. Am. Chem. Soc., Angew. Chem. Int. Ed., Adv. Mater.等期刊发表SCI论文90余篇，总被引用超过14000次。申请中国专利10项，已获授权6项，另申请美国专利2项。入选科睿唯安”全球高被引科学家“（2025），获中国化学会-纳米化学新锐奖（2023）、2023 Hollow Materials Young Innovator Lectureship等奖项，并作为共同完成人获北京市科学技术奖二等奖、中国颗粒学会自然科学奖一等奖等奖项。兼职中国材料研究学会-青年工作委员会理事、《Nano Research Energy》等期刊青年编委。转载自：HoMS投稿通道（长按扫码）",,,,pending
联手钙钛矿龙头，长盛科技“碳纤维+太空光伏”项目签约,DT新材料,DT新材料,"RIOnews API, 新材料, 复合材料, 碳纤维, 合作进展, 融资, 战略合作, 项目签约, 投资, 合作",normal,2026-09-12T00:17:21+08:00,,（点击图片，了解会议详情）【DT新材料】获悉，9月2日，上海长盛创研新材料有限公司（简称“长盛创研”）、上海东方天算科技有限公司（简称“东方天算”）与昆山协鑫光电材料股份有限公司（简称“协鑫光电”）三方，在协鑫光电总部共同举行战略合作签约仪式。此次签约，标志着钙钛矿光伏、太空算力与高性能碳纤维三大前沿领域正式开启深度跨界融合。三方将聚焦“钙钛矿电池＋碳纤维结构件”一体化柔性太阳翼开展联合攻关，共筑支撑未来太空AI算力的核心能源底座。长盛创研是长盛科技全资子公司。作为国内高性能碳纤维领域的标杆企业，长盛创研长期深耕航天级复合材料的研发与工程化落地。长盛科技主要从事碳纤维原丝、碳纤维及碳纤维复合材,http://mp.weixin.qq.com/s?__biz=MzI4MzI5MTY3Ng==&mid=2247641748&idx=3&sn=eca609d4ccca17d0b7be7995e0839d5a,,（点击图片，了解会议详情）【DT新材料】获悉，9月2日，上海长盛创研新材料有限公司（简称“长盛创研”）、上海东方天算科技有限公司（简称“东方天算”）与昆山协鑫光电材料股份有限公司（简称“协鑫光电”）三方，在协鑫光电总部共同举行战略合作签约仪式。此次签约，标志着钙钛矿光伏、太空算力与高性能碳纤维三大前沿领域正式开启深度跨界融合。三方将聚焦“钙钛矿电池＋碳纤维结构件”一体化柔性太阳翼开展联合攻关，共筑支撑未来太空AI算力的核心能源底座。长盛创研是长盛科技全资子公司。作为国内高性能碳纤维领域的标杆企业，长盛创研长期深耕航天级复合材料的研发与工程化落地。长盛科技主要从事碳纤维原丝、碳纤维及碳纤维复合材,（点击图片，了解会议详情）【DT新材料】获悉，9月2日，上海长盛创研新材料有限公司（简称“长盛创研”）、上海东方天算科技有限公司（简称“东方天算”）与昆山协鑫光电材料股份有限公司（简称“协鑫光电”）三方，在协鑫光电总部共同举行战略合作签约仪式。此次签约，标志着钙钛矿光伏、太空算力与高性能碳纤维三大前沿领域正式开启深度跨界融合。三方将聚焦“钙钛矿电池＋碳纤维结构件”一体化柔性太阳翼开展联合攻关，共筑支撑未来太空AI算力的核心能源底座。长盛创研是长盛科技全资子公司。作为国内高性能碳纤维领域的标杆企业，长盛创研长期深耕航天级复合材料的研发与工程化落地。长盛科技主要从事碳纤维原丝、碳纤维及碳纤维复合材料相关产品的研发、生产与销售，产品覆盖T700、T800、T1000、T1100及M系列等高性能碳纤维，广泛应用于航空航天、高端装备与新能源领域。协鑫光电成立于2019年，是协鑫集团旗下专注于钙钛矿光伏组件研发与规模化量产的高新技术企业，由腾讯、淡马锡、红杉、IDG等头部资本共同投资，2025年完成近7亿元C轮融资。在技术指标上，公司2048cm²钙钛矿晶硅叠层组件认证效率达30.2%，2㎡级叠层组件稳态效率突破27.06%，2026年6月柔性叠层组件更以27.11%的认证效率刷新行业纪录。公司GW级产线于2025年10月投产，2.4m×1.15m全尺寸组件正式下线，标志着钙钛矿光伏进入商业化阶段。2026年9月16-18日，2026第五届复合材料界面论坛暨（第五届）绿色复合材料论坛将在安徽合肥举行。本届论坛共安排22场报告，将围绕界面开裂与失效、碳纤维界面相设计、表面改性与强韧化、智能与多功能界面、极端环境服役，以及植物纤维与复合材料循环回收等方向展开交流。完整议程，正式公布。点击链接了解论坛详情及报名：倒计时10天｜5大主题、20+专家，复材界面与绿色复材论坛，9月合肥启幕！01论坛日程AGENDA02论坛议程PROGRAMME2026第五届复合材料界面论坛暨（第五届）绿色复合材料论坛 | 9月16-18日 · 合肥,,,,pending
【展商推介】 珠海纳甘——废塑料再生，钠电硬碳与rPTA联产开创者,DT新材料,DT新材料,"RIOnews API, 新材料, 复合材料, 负极材料, 量产推进, 产能, 扩产",normal,2026-09-12T00:17:21+08:00,,珠海纳甘新能源技术有限公司成立于2023年1月，坐落于珠海市高新区，是国内率先以生活废塑料为原料、打通钠离子电池硬碳负极与再生对苯二甲酸联产工艺的创新型企业。近三年，公司建成千万级中试线、硬碳负极产品送样国内头部电芯厂验证、获第三方扣电数据认可，并参与钠电硬碳相关标准制定，初步赢得行业口碑，再生对苯二甲酸产品送国内头部聚酯厂验证，获第三方纯度测试数据认可。当前钠电产业正从示范走向规模化应用，高端动力和储能对高一致性、低杂质硬碳需求紧迫。今年公司加快首条量产线落地、推进全电池验证，并布局第二产品线，持续为钠电与再生材料双赛道提供高品质、低成本方案。企业产品珠海纳甘围绕“废塑料高值化利用”主线，构,http://mp.weixin.qq.com/s?__biz=MzI4MzI5MTY3Ng==&mid=2247641748&idx=6&sn=f9e6ee91ef691a0503e25cc0dff7497a,,珠海纳甘新能源技术有限公司成立于2023年1月，坐落于珠海市高新区，是国内率先以生活废塑料为原料、打通钠离子电池硬碳负极与再生对苯二甲酸联产工艺的创新型企业。近三年，公司建成千万级中试线、硬碳负极产品送样国内头部电芯厂验证、获第三方扣电数据认可，并参与钠电硬碳相关标准制定，初步赢得行业口碑，再生对苯二甲酸产品送国内头部聚酯厂验证，获第三方纯度测试数据认可。当前钠电产业正从示范走向规模化应用，高端动力和储能对高一致性、低杂质硬碳需求紧迫。今年公司加快首条量产线落地、推进全电池验证，并布局第二产品线，持续为钠电与再生材料双赛道提供高品质、低成本方案。企业产品珠海纳甘围绕“废塑料高值化利用”主线，构,"珠海纳甘新能源技术有限公司成立于2023年1月，坐落于珠海市高新区，是国内率先以生活废塑料为原料、打通钠离子电池硬碳负极与再生对苯二甲酸联产工艺的创新型企业。近三年，公司建成千万级中试线、硬碳负极产品送样国内头部电芯厂验证、获第三方扣电数据认可，并参与钠电硬碳相关标准制定，初步赢得行业口碑，再生对苯二甲酸产品送国内头部聚酯厂验证，获第三方纯度测试数据认可。当前钠电产业正从示范走向规模化应用，高端动力和储能对高一致性、低杂质硬碳需求紧迫。今年公司加快首条量产线落地、推进全电池验证，并布局第二产品线，持续为钠电与再生材料双赛道提供高品质、低成本方案。企业产品珠海纳甘围绕“废塑料高值化利用”主线，构建硬碳负极与再生PTA两大产品矩阵：硬碳负极主攻钠离子电池规模化痛点，再生PTA切入聚酯、纤维、薄膜等高分子主流赛道。所有产品均源自生活废塑料，可追溯、低碳、可规模化。塑料类钠离子电池硬碳负极材料塑料类硬碳负极材料的核心优势在于用工业化的确定性直击钠电规模化生产的痛点。产品一致性极强，批间波动系数CV＜3%，彻底解决了生物质路线“每批来料都要调配方”的生产难题。微观结构均匀可控，颗粒均匀饱满，吸水率低，加工性能好，产品克容量典型值可达330 mAh/g，首次充放电效率＞90%，循环性能稳定可靠，可以满足储能和动力场景的品质和性能要求。原料为生活废塑料提纯，灰分＜0.2%，工艺路线支持百万吨级规模生产，原料利用率高，生产成本有优势，为高性能钠离子电池规模化生产提供了有力保障。供应链自主安全，目前以国内回收的废弃塑料为原料，原料全年稳定供应，无进口依赖。粉体压实密度达1.16 g/cm³，可显著提升钠离子电池的能量密度，降低钠离子电池的生产成本。从材料本质到制造全链，塑料类硬碳为钠电规模化时代提供了可复制、可扩产、可信赖的负极解决方案。再生精对苯二甲酸（rPTA）再生精对苯二甲酸（rPTA)，以生活废塑料提纯后为原料，经解聚与纯化制得，纯度＞99%，灰分及金属离子等关键指标严格受控，产品性能对标石油基PTA，可纯用于PET瓶片、涤纶纤维、聚酯薄膜及食品包装等高要求领域。依托规模化再生产线，确保批次间品质高度一致，具备大规模、持续稳定的供货能力。产品源自PCR材料，链条可追溯，低碳再生，是兼顾高性能、经济性与低碳责任的再生产品。再生粗对苯二甲酸（rCTA）再生粗对苯二甲酸(rCTA)，以生活废塑料提纯后为原料，采用成熟再生工艺路线，纯度＞95%，适用涂料、不饱和聚酯树脂、增塑剂、胶粘剂及化工中间体等工业场景，也可以和PTA掺混后用于聚酯领域，相比rPTA具备价格优势，显著降低客户原料采购成本。基于稳定的大规模生产能力，可保障长期、大批量订单的持续交付。该产品源自消费后废PET，PCR来源可追溯，低碳再生属性明确，为客户提供一条经济实惠且可持续的工业原料补充路径，在不牺牲实用性能的前提下，助力企业降本增效。珠海纳甘新能源技术有限公司将携最新产品及应用解决方案，参加9月 16–18日在 安徽·合肥 召开的 2026高分子产业年会现场，展位号A12。欢迎各位业界同仁共同参与，交流合作！大会日程↓↓点击图片查看↓↓部分参会名单两大同期会议：倒计时5天｜5大主题、20+专家，复材界面与绿色复材论坛，9月合肥启幕！【参会名单公布（含指南）】500+报名 100+报告！氢储运技术大会+2026高分子产业年会+复合材料大会一场颁奖盛典：40+新品周四/周五全网直播专家评审|2026 DT新塑奖，谁是下一个行业标杆赞助鸣谢（排名不分先后）耐驰科学仪器（上海）有限公司全球领先的热分析及热物性测量仪器德国耐驰集团在华全资子公司重庆合才化工科技有限公司全国首家化学改性米糠蜡制造商浙江鹏孚隆科技有限公司专注于PEEK（聚醚醚酮）、PES等高性能聚合物材料研发生产的高新技术企业苏州沃时数字科技有限公司以人工智能技术、数据科学和实验室自动化为基础的制药工业AI决策平台开发商丰汇新材料科技（湖州）有限公司国内激光穿透材料品类领先者、浙江省省级特种工程塑料企业研究院宁波迈巴赫工程塑料有限公司德国迈巴赫工程塑料在华全资子公司，专注于PEEK、PVDF等特种工程塑料板棒材及精密机加工零部件江苏京腾昊桦科技有限公司专注于新材料技术研发、高分子材料及聚合物共混产品生产销售的科技企业四川中旺科技有限公司国内双螺杆挤出技术领域的""专精特新""企业大连连晟贸易（苏州）有限公司专注于化工原料及产品销售的贸易企业上海艾芙斯智能科技有限公司围绕物料输送与计量控制，提供""设备+软件+服务""一体化智能解决方案的科技企业广东宏拓仪器科技有限公司集研发、生产、销售和服务于一体的专业材料检测仪器制造商，高新技术企业苏州纽迈分析仪器股份有限公司专注于核磁共振分析仪器研发生产的国家高新技术企业奇钛（上海）化学科技有限公司专精高效能化学添加剂研发的特种化学品企业珠海纳甘新能源技术有限公司全球首家实现塑料类硬碳负极材料产业化的高新技术企业 上海谨塑科技有限公司以失重式喂料机与翻转混料机为核心，提供从混合到计量配料一站式配混整体方案的技术服务企业沧州旭阳化工有限公司隶属于旭阳集团，国内首家建成聚酰胺弹性体装置并投产的高新技术企业欧兹超晶（太仓）合金有限公司致力于超耐磨、超耐腐蚀、耐高温挤出系统研发的专业技术企业 交通路线合肥北尚世纪金源大饭店安徽省合肥市庐阳区蒙城路88号合肥站出发：打车全程4.5公里，约10分钟；或地铁3号线-5号线（白水坝站（A口）出，经过5站，步行200米向南到酒店，全程约24分钟；合肥南站出发：打车全程15公里，约20分钟；或地铁5号线（白水坝站（A口）出，经过9站，步行200米向南到酒店，全程约28分钟；合肥西站出发：打车全程5.2公里，约12分钟；或步行20分钟至地铁3号线-5号线（白水坝站（A口）出，经过5站，步行200米向南到酒店，全程约50分钟；新桥机场出发：打车全程41公里，约40分钟。或机场巴士1号线（6站）-5号线（白水坝站（A口）出，经过2站，步行200米向南到酒店，全程约1h35分钟。酒店住宿报会议名享协议价：北尚世纪金源大饭店：380元/晚（单标同价，含双早）酒店预定联系：谢经理 ***********会议期间天气（查询自9.11）扫码参会↓↓↓参会联系：侯经理***********（同微信）联系我们，获取会议最新资讯徐经理***********（同微信）联系我们，获取会议最新资讯珠海纳甘新能源技术有限公司成立于2023年1月，坐落于珠海市高新区，是国内率先以生活废塑料为原料、打通钠离子电",,,,pending
迈巴赫工程塑料有限公司 | 高性能工程塑料：从需求到成品,DT新材料,DT新材料,"RIOnews API, 新材料, 复合材料, 负极材料",normal,2026-09-12T00:17:21+08:00,,行业里有一个共识，也有一个痛点。共识是：PEEK、PPS、高温尼龙等高性能工程塑料，材料本身的性能边界早已不是最大的问题。耐高温、耐化学、自润滑、尺寸稳定，技术手册上的指标一项比一项漂亮。真正的痛点，在材料走向终端之后。当客户提出一个真实工况：200℃、有磨粒、长期运行，还要免维护。从一个树脂牌号，到最终能够稳定装机的零件，中间还隔着材料选型、改性配方、成型工艺、精密加工、性能验证等一系列环节。任何一环判断失误，前面的纸面性能都可能归零。宁波迈巴赫工程塑料有限公司成立于2012年，是德国迈巴赫工程塑料有限公司在华全资子公司。作为国内较早将欧洲特种工程塑料生产线与技术体系本土化的企业之一，迈巴赫,http://mp.weixin.qq.com/s?__biz=MzI4MzI5MTY3Ng==&mid=2247641748&idx=7&sn=3948225c9bbf9e526a66d71aa22499e0,,行业里有一个共识，也有一个痛点。共识是：PEEK、PPS、高温尼龙等高性能工程塑料，材料本身的性能边界早已不是最大的问题。耐高温、耐化学、自润滑、尺寸稳定，技术手册上的指标一项比一项漂亮。真正的痛点，在材料走向终端之后。当客户提出一个真实工况：200℃、有磨粒、长期运行，还要免维护。从一个树脂牌号，到最终能够稳定装机的零件，中间还隔着材料选型、改性配方、成型工艺、精密加工、性能验证等一系列环节。任何一环判断失误，前面的纸面性能都可能归零。宁波迈巴赫工程塑料有限公司成立于2012年，是德国迈巴赫工程塑料有限公司在华全资子公司。作为国内较早将欧洲特种工程塑料生产线与技术体系本土化的企业之一，迈巴赫,"行业里有一个共识，也有一个痛点。共识是：PEEK、PPS、高温尼龙等高性能工程塑料，材料本身的性能边界早已不是最大的问题。耐高温、耐化学、自润滑、尺寸稳定，技术手册上的指标一项比一项漂亮。真正的痛点，在材料走向终端之后。当客户提出一个真实工况：200℃、有磨粒、长期运行，还要免维护。从一个树脂牌号，到最终能够稳定装机的零件，中间还隔着材料选型、改性配方、成型工艺、精密加工、性能验证等一系列环节。任何一环判断失误，前面的纸面性能都可能归零。宁波迈巴赫工程塑料有限公司成立于2012年，是德国迈巴赫工程塑料有限公司在华全资子公司。作为国内较早将欧洲特种工程塑料生产线与技术体系本土化的企业之一，迈巴赫工程塑料专注于高性能特种工程塑料的成型与应用开发，覆盖PEEK、PFA、PVDF、POM、PA、UPE等材料体系，并延伸至PPS、PI、PEI、PPSU、LCP等高温材料，改性可按需填充碳纤、玻纤、芳纶、PTFE、二硫化钼、铜粉、氮化硼、陶瓷等。从材料选型，到板棒管等型材挤出，再到异型材、注塑及精密机加工，迈巴赫工程塑料配备50余台加工设备，并设有万级净化车间专门服务医疗与半导体行业，为上游材料厂、改性企业与科研院所提供从原料到零件的快速试制与应用开发服务。这场报告的核心，是把“从需求到成品”还原为一个可追溯、可复用的工程闭环。 张子民将用两个真实案例贯穿这条逻辑线：案例一：PEEK/Cu耐磨材料针对高PV值、硬质颗粒等严苛工况，引入铜粉改善散热与承载能力，但也带来了填料分散、成型收缩、刀具选择及加工参数的全链路调整——这才是“能做配方”与“能交零件”之间真正的距离。案例二：轻质隔热板：在轻量化与隔热这对矛盾中，寻找可制造、可批量、成本可控的平衡点，核心不在于材料选型，而在于工艺路径的取舍。两个案例沿同一条线索展开：工况解读 → 方案设计 → 精密加工 → 性能验证。重点不是性能指标，而是那些真正决定材料能否变成合格零件的工程判断与工艺细节。对终端用户，这是一套从工况描述推导材料与工艺的方法论；对材料端同行，这是一个观察下游真实选择逻辑的窗口：终端为什么选PEEK，又为什么不选？宁波迈巴赫工程塑料有限公司将参展本次高分子年会，展位号A21，欢迎各位行业同仁莅临交流。DT新材料 于2026年9月17-18日在安徽·合肥举办2026（第11届）高分子产业年会中“具身机器人与灵巧手产业创新论坛（第三届）”，特邀请到 宁波迈巴赫工程塑料有限公司研发工程师 张子民针对《高性能工程塑料：从需求到成品》 进行主题报告！共话高端材料如何从产线走向云端。欢迎产业链上下游客户咨询，合作！张子民宁波迈巴赫工程塑料有限公司研发工程师张子民，宁波迈巴赫工程塑料有限公司研发工程师。从事高性能工程塑料成型加工技术研究与应用开发，专注于PEEK、PPS、PA等特种工程塑料的挤出、注塑、模压成型工艺优化。在耐磨材料、轻量化改性材料等领域具有丰富的研发和工程化经验。大会日程↓↓点击图片查看↓↓部分参会名单两大同期会议：倒计时5天｜5大主题、20+专家，复材界面与绿色复材论坛，9月合肥启幕！【参会名单公布（含指南）】500+报名 100+报告！氢储运技术大会+2026高分子产业年会+复合材料大会一场颁奖盛典：40+新品周四/周五全网直播专家评审|2026 DT新塑奖，谁是下一个行业标杆赞助鸣谢（排名不分先后）耐驰科学仪器（上海）有限公司全球领先的热分析及热物性测量仪器德国耐驰集团在华全资子公司重庆合才化工科技有限公司全国首家化学改性米糠蜡制造商浙江鹏孚隆科技有限公司专注于PEEK（聚醚醚酮）、PES等高性能聚合物材料研发生产的高新技术企业苏州沃时数字科技有限公司以人工智能技术、数据科学和实验室自动化为基础的制药工业AI决策平台开发商丰汇新材料科技（湖州）有限公司国内激光穿透材料品类领先者、浙江省省级特种工程塑料企业研究院宁波迈巴赫工程塑料有限公司德国迈巴赫工程塑料在华全资子公司，专注于PEEK、PVDF等特种工程塑料板棒材及精密机加工零部件江苏京腾昊桦科技有限公司专注于新材料技术研发、高分子材料及聚合物共混产品生产销售的科技企业四川中旺科技有限公司国内双螺杆挤出技术领域的""专精特新""企业大连连晟贸易（苏州）有限公司专注于化工原料及产品销售的贸易企业上海艾芙斯智能科技有限公司围绕物料输送与计量控制，提供""设备+软件+服务""一体化智能解决方案的科技企业广东宏拓仪器科技有限公司集研发、生产、销售和服务于一体的专业材料检测仪器制造商，高新技术企业苏州纽迈分析仪器股份有限公司专注于核磁共振分析仪器研发生产的国家高新技术企业奇钛（上海）化学科技有限公司专精高效能化学添加剂研发的特种化学品企业珠海纳甘新能源技术有限公司全球首家实现塑料类硬碳负极材料产业化的高新技术企业 上海谨塑科技有限公司以失重式喂料机与翻转混料机为核心，提供从混合到计量配料一站式配混整体方案的技术服务企业沧州旭阳化工有限公司隶属于旭阳集团，国内首家建成聚酰胺弹性体装置并投产的高新技术企业欧兹超晶（太仓）合金有限公司致力于超耐磨、超耐腐蚀、耐高温挤出系统研发的专业技术企业 交通路线合肥北尚世纪金源大饭店安徽省合肥市庐阳区蒙城路88号合肥站出发：打车全程4.5公里，约10分钟；或地铁3号线-5号线（白水坝站（A口）出，经过5站，步行200米向南到酒店，全程约24分钟；合肥南站出发：打车全程15公里，约20分钟；或地铁5号线（白水坝站（A口）出，经过9站，步行200米向南到酒店，全程约28分钟；合肥西站出发：打车全程5.2公里，约12分钟；或步行20分钟至地铁3号线-5号线（白水坝站（A口）出，经过5站，步行200米向南到酒店，全程约50分钟；新桥机场出发：打车全程41公里，约40分钟。或机场巴士1号线（6站）-5号线（白水坝站（A口）出，经过2站，步行200米向南到酒店，全程约1h35分钟。酒店住宿报会议名享协议价：北尚世纪金源大饭店：380元/晚（单标同价，含双早）酒店预定联系：谢经理 ***********会议期间天气（查询自9.11）扫码参会↓↓↓参会联系：侯经理***********（同微信）联系我们，获取会议最新资讯徐经理***********（同微信）联系我们，获取会议最新资讯行业里有一个共识，也有一个痛点。共识是：PEEK、PPS、高温尼龙等高性能工程塑料，材料本身的性能边界早已不是最大的问题。",,,,pending
特种高分子材料龙头，18亿加码PCB！,DT新材料,DT新材料,"RIOnews API, 新材料, 复合材料, 产品发布, 发布, 上市, 量产推进, 产能, 扩产, 产线建设",normal,2026-09-12T00:17:21+08:00,,【DT新材料】获悉，9月10日，宏昌电子董事会审议通过《2026年度向特定对象发行A股股票预案》，拟募集资金不超过18亿元，投向高端覆铜板、半固化片及先进封装膜材（GBF）三大方向。这是继珠海宏昌二期、三期项目陆续投产后，公司在高端电子材料领域的又一次重大产能布局。根据预案，本次募资将用于以下项目：珠海宏仁年产1320万张高端覆铜板、3120万米半固化片建设项目，无锡宏仁年产高端半固化片960万米智能化绿色化提升改造项目，先进封装膜材（GBF）项目及补充流动资金3.3亿元。其中，珠海宏仁项目产品定位于高端覆铜板及配套半固化片材料领域，其中，M4 以下等级覆铜板及配套半固化片产品聚焦于高端 HD,http://mp.weixin.qq.com/s?__biz=MzI4MzI5MTY3Ng==&mid=2247641748&idx=1&sn=1d46b400e02c5c4b38d24fcc15df5ecf,,【DT新材料】获悉，9月10日，宏昌电子董事会审议通过《2026年度向特定对象发行A股股票预案》，拟募集资金不超过18亿元，投向高端覆铜板、半固化片及先进封装膜材（GBF）三大方向。这是继珠海宏昌二期、三期项目陆续投产后，公司在高端电子材料领域的又一次重大产能布局。根据预案，本次募资将用于以下项目：珠海宏仁年产1320万张高端覆铜板、3120万米半固化片建设项目，无锡宏仁年产高端半固化片960万米智能化绿色化提升改造项目，先进封装膜材（GBF）项目及补充流动资金3.3亿元。其中，珠海宏仁项目产品定位于高端覆铜板及配套半固化片材料领域，其中，M4 以下等级覆铜板及配套半固化片产品聚焦于高端 HD,【DT新材料】获悉，9月10日，宏昌电子董事会审议通过《2026年度向特定对象发行A股股票预案》，拟募集资金不超过18亿元，投向高端覆铜板、半固化片及先进封装膜材（GBF）三大方向。这是继珠海宏昌二期、三期项目陆续投产后，公司在高端电子材料领域的又一次重大产能布局。根据预案，本次募资将用于以下项目：珠海宏仁年产1320万张高端覆铜板、3120万米半固化片建设项目，无锡宏仁年产高端半固化片960万米智能化绿色化提升改造项目，先进封装膜材（GBF）项目及补充流动资金3.3亿元。其中，珠海宏仁项目产品定位于高端覆铜板及配套半固化片材料领域，其中，M4 以下等级覆铜板及配套半固化片产品聚焦于高端 HDI 多层板材料，主要用于高端消费电子等场景；M4 及以上等级产品则面向 AI 服务器、数据中心交换机、5G/6G 通信基站等超低损耗场景，实现高频高速信号的稳定传输。无锡宏仁项目产品覆盖HDI板至M8全系列PCB所需半固化片，适配AI服务器、数据中心、消费电子等高端市场需求；GBF项目则拟新建年产384万平方米先进封装膜材（GBF）产能。公司先进封装膜材（GBF）的核心基材为特种环氧及高频高速碳氢树脂基膜材，产品能够满足超细线宽/线距、超低损耗、无玻纤效应、低翘曲等高性能应用要求，面向 1.6T 及以上高速光模块类载板、AI 服务器主板等 UHDI 超高密度 PCB 的高性能要求。宏昌电子成立于1995年，2012年在上交所上市，主营电子级环氧树脂和覆铜板，是国内电子级环氧树脂领域的龙头企业之一，产品广泛应用于电子电气、涂料、复合材料等领域。2026年上半年，公司实现营业收入21.86亿元，同比增长64.83%；归属于上市公司股东的净利润3939.15万元，同比增长141.15%。其中环氧树脂业务净利润519.73万元，覆铜板、半固化片业务净利润3419.42万元。业绩增长主要受益于覆铜板等行业需求向好，以及珠海新建工厂产能逐步释放、产品销量同比提升及销售价格回升、毛利增加。经营数据方面，2026年上半年，公司环氧树脂产销量分别为90625.42吨、88404.71吨，同比分别增长47.77%、46.61%；覆铜板产销量分别为626.04万张、604.79万张，同比分别增长25.22%、19.44%；半固化片产销量分别为1154.69万米、1120.62万米，同比分别增长18.42%、13.93%。产能布局方面，宏昌电子已形成“长三角+珠三角”双核心产能布局。珠海基地方面，珠海宏昌二期“年产14万吨液态环氧树脂项目”已于2025年5月投产；珠海宏昌三期“年产8万吨电子级功能性环氧树脂项目”于2026年8月21日正式投产；珠海宏仁“功能性高阶覆铜板电子材料项目”已于2025年12月31日投产。无锡宏仁现有高阶覆铜板设计产能1440万张/年，本次定增拟进一步扩产高端半固化片。点击阅读：8万吨电子级功能性环氧树脂项目投产产品端，覆铜板方面，公司GA-686系列材料电性已达到行业M7水准，多款材料已进入AMD、Intel终端材料库，并通过华勤技术、中科可控、安擎计算机等客户测试，2026年上半年已陆续取得量产订单；GBF先进封装膜材方面，GBF C+产品已获相关下游版厂认证，相关涂布机产线建设中，下一代GBF C+ G11已在研发中。本次18亿募资若能顺利落地，宏昌电子将在高端覆铜板、半固化片及先进封装膜材三个方向形成梯次产能储备，进一步巩固其在AI算力材料国产化浪潮中的卡位优势。/扫码加入行业交流群/化工新材料、复合材料、汽车、机器人、无人机、eVTOL、商业航天.....等产业同行❤️↓说明：本文部分素材来自于网络，转载请备注来源，本平台发布仅为了传达一种不同观点，不代表对该观点赞同或支持。如果有任何问题，请联系我们：*********** dtmaterial （微信）2026高分子产业年会 9月17-18日安徽合肥,,,,pending
宇树科技、玄创机器人、3M、安捷伦、巨化、中国中化、中国化学工程、华谊集团……大牌就位！解锁ICIF China中国国际化工展 硬核阵容,新材料在线,新材料在线,"RIOnews API, 新材料, 碳纤维, 聚酰亚胺, 产品发布, 首发, 全新, 亮相, 上市, 合作进展, 投资, 合作",normal,2026-09-12T00:01:00+08:00,,精彩抢先看 NOTICE 想逛？ 想要深耕能源石油化工、精细化工赛道，甄选高品质基础原料、精细原料与绿色化工原辅材料？ 想知？ 想要布局化工智能制造、智能机器人，实现生产线自动化提质增效？ 想聊？ 想要对接高端化工新材料、前沿技术、上下游供需与产学研合作资源？ 年度化工盛会来袭！ICIF China中国国际化工展重磅集结全行业顶流阵容，国内龙头、国际大牌、科创标杆全员集结！ 中国石油、中国石化、中国中化、中国化学工程、华谊集团、延长石油、道达尔、3M、宇树科技等齐聚现场，以低碳技术、高端材料、智能智造方案，领衔演绎化工产业升级新范式。 01 重点展商功课：能源石化龙头实力亮相 本次参展打造六大,http://mp.weixin.qq.com/s?__biz=MzA5NDQ2NzQyMg==&mid=2663033533&idx=3&sn=f25bb0a81fe974ad73de11f289b7a961,,精彩抢先看 NOTICE 想逛？ 想要深耕能源石油化工、精细化工赛道，甄选高品质基础原料、精细原料与绿色化工原辅材料？ 想知？ 想要布局化工智能制造、智能机器人，实现生产线自动化提质增效？ 想聊？ 想要对接高端化工新材料、前沿技术、上下游供需与产学研合作资源？ 年度化工盛会来袭！ICIF China中国国际化工展重磅集结全行业顶流阵容，国内龙头、国际大牌、科创标杆全员集结！ 中国石油、中国石化、中国中化、中国化学工程、华谊集团、延长石油、道达尔、3M、宇树科技等齐聚现场，以低碳技术、高端材料、智能智造方案，领衔演绎化工产业升级新范式。 01 重点展商功课：能源石化龙头实力亮相 本次参展打造六大,"精彩抢先看 NOTICE 想逛？ 想要深耕能源石油化工、精细化工赛道，甄选高品质基础原料、精细原料与绿色化工原辅材料？ 想知？ 想要布局化工智能制造、智能机器人，实现生产线自动化提质增效？ 想聊？ 想要对接高端化工新材料、前沿技术、上下游供需与产学研合作资源？ 年度化工盛会来袭！ICIF China中国国际化工展重磅集结全行业顶流阵容，国内龙头、国际大牌、科创标杆全员集结！ 中国石油、中国石化、中国中化、中国化学工程、华谊集团、延长石油、道达尔、3M、宇树科技等齐聚现场，以低碳技术、高端材料、智能智造方案，领衔演绎化工产业升级新范式。 01 重点展商功课：能源石化龙头实力亮相 本次参展打造六大主展区，层层递进展现从产业根基、原创技术，到高端应用、数字交互的全链条实力，为行业带来一场完整的石化新材料产业盛宴。 点我查看现场活动 中国石化将推出邻甲酚醛环氧树脂、氢化双酚A环氧树脂、110kV高压电缆绝缘料、60K大丝束碳纤维四款战略星品，集中展示在半导体、电力、新能源等关键领域的材料突破。 高缓震发泡鞋材用SEBS、高倍充油软胶用SEBS、宽温域橡胶、尼龙6切片四款民生科技星品，集中展示材料科技如何赋能日常生活与消费升级。 点我查看现场活动 中国中化控股有限责任公司(简称中国中化，英文简称Sinochem Holdings)是由中国中化集团有限公司与中国化工集团有限公司联合重组而成，于2021年5月8日正式揭牌成立，为国务院国资委监管的国有重要骨干企业。中国中化业务范围覆盖生命科学、材料科学、石油化工、环境科学、橡胶轮胎、机械装备、城市运营、产业金融等八大领域，在全球超过 150个国家和地区设有生产基地和研发设施，以及完善的营销网络体系，旗下拥有 15 家境内外上市公司。 点我查看 中国化学工程集团有限公司是国务院国资委监管的大型中央企业集团，是我国工业工程领域资质最齐全、功能最完备、业务链最完整、知识技术密集的国际工程公司，是中国化学工业国家队、全球化学工程排头兵，在油气服务领域稳居全球第一。70年来，承建了我国 90% 化工项目、70% 石油化工项目、30%炼油项目，在国内外建设了7万多套化工装置:为新中国构建独立完整化学工业体系、促进经济社会发展、增进“一带一路”沿线国家人民福祉作出重要贡献。 点我查看 华谊集团是上海市国有大型化工企业集团,核心业务包括“能源化工”“绿色轮胎”“先进材料”“精细化工”“化工服务’五大类。围绕建设具有国际竞争力和影响力的世界一流企业的愿景，华谊集团近年来积极响应和服务国家重大战略，通过产业调整、创新转型、布局优化，推进优势集聚和产业链一体化发展，先后在市外 16 个省市自治区布局 46 家工厂,“一个华谊、全国业务、海外发展”格局基本形成。 点我查看 延长石油集团是中国陆上石油工业的开拓者，产业覆盖油气产运储销、油气煤综合化工、管道与燃气、煤炭与电力、新能源新材料、科技研发、金融物贸等领域，年原油生产能力1200万吨、炼油1740万吨、天然气150亿方、LNG290万吨、煤炭5000万吨、化工品800万吨、轮胎1000万条,煤电装机200万千瓦、在建 732万千瓦，是保障国家能源供应和推动地方经济社会发展的重要力量。“十五五”期间，延长石油将大力实施“油气煤并重、电化材并兴”发展战略，规划投资 1800亿元以上，到2030年，集团油气当量2400万吨以上，原油加工量保持1500万吨左右，煤炭产能5600 万吨、产量4500万吨，煤电装机1000万千瓦，新能源装机 300万千瓦，化工品产量800万吨，加快打造世界一流的绿色低碳综合能源化工企业。 点我查看现场活动 华锦集团将带来抗冲共聚聚丙烯2240S——汽车家电轻量化的 ""增韧利器""、三元共聚聚丙烯3520系列—— 高档包装的 ""透明热封专家""等多款高端聚烯烃产品，集中展示其在新材料领域的技术积淀与品质。 点我查看现场活动 潞安化工集团携旗下潞安化机、太行润滑科技股份有限公司、国泰新华、山东恒达、煤基清洁能源公司、潞化新材等多家子公司联合参展，集中展示煤基清洁能源、高端化工装备、特种润滑材料等领域的创新成果，全方位呈现潞安化工集团在煤化工全产业链的硬核实力。 点我查看现场活动 恒力2000万吨/年炼化一体化项目是列入国务院文件的重大民营炼化项目，也是新一轮东北振兴的战略项目。秉承“10年不落后”的理念，公司创造了世界石油化工行业工程建设速度、全流程开车投产速度和达产速度最快的行业纪录。在国内，恒力首次采用沸腾床渣油加氢裂化技术，总加氢能力超过2700万吨，芳烃年产能达520万吨，使原油得到最高效加工与最充分利用。 本届展会，恒力石化（大连）炼化有限公司将带来两款高端精细化工产品，集中展示公司依托世界级炼化一体化基地，从“大化工”向“精细化工”延伸的创新实力。 点我查看 万达石化集团隶属于中国500强企业——中国万达集团，下辖山东天弘化学有限公司、山东宏旭化学股份有限公司、山东鸿丰化学有限公司等子公司。 主要产品有汽油、柴油、液化气、丙烷、丙烯、石油焦、油浆、硫酸、MTBE、丙烯腈、丁二烯、聚丙烯酰胺、顺丁橡胶、ABS、MBS、MMA、PMMA、肌氨酸钠、二氨基二苯醚、聚酰亚胺电子薄膜等。 本届ICIF China中国国际化工展，万达石化带来多款品质领先的产品，展示其加快产业转型升级，“传统产业不传统”的硬实力。 点我查看现场活动 巨化集团有限公司原名衢州化工厂，创建于1958年5月，为改变当时浙江省化学工业基础薄弱、农业发展需要化肥的局面，在党和国家的关怀下，创建了浙江省第一个大型化工联合企业。60多年来，巨化集团始终一张蓝图绘到底，一任接着一任干，把一个以基础化工为主的老化工企业，改造提升成以世界最大氟制冷剂生产基地为核心、产业高新化、生产绿色化的全国最大的氟化工先进制造业基地，被国务院国资委列入“世界一流专业领军示范企业”创建名单。 巨化带来两款重磅产品——其中超纯PFA为展会首发，PDO/PTT一体化项目则以全球最大规模亮相，集中展示其在氟氯新材料领域的硬核实力。 点我查看现场活动 渤化集团源于1914年范旭东等创办的久大精盐、永利碱厂，被誉为中国制碱工业摇篮。现为天津市化工产业的龙头企业，资产总额1445亿元，年营业收入超560亿元，位列中国500强。集团拥有三大生产基地、139户企业，年产1500多万吨产品，涵盖盐化、石化、精细化工等，拥有研究总院及多项创新平台。践行绿色低碳、数字智能，打造国际一流化工集团。 以绿色工艺守护传统基建，以精密材料赋能尖端科技。天津渤化星品已就位，ICIF现场，邀您共鉴“双星”实力。 点我查看 青岛海湾集团有限公司是国企改革”双百企业”，国务院国资委“创建世界一流专精特新示范企业”，工信部、中国石油和化学工业联合会评定的国家级“绿色工厂”，连续入选全国石油和化工行业500强、中国制造业企业500强。聚焦高端化发展赛道，形成氯碱化工、石油化工新材料、精细化工、无机硅化工、无机盐化工、化肥六大核心产品系列，广泛应用于家电、电子、汽车、航天等关键领域，实现进口替代和出口输出双突破。凭借卓越品质斩获多项行业第一，成为氯碱行业能效领跑者、高端石油化工新材料市场破局者、亚洲化学品制造市场领先者。本届 ICIF 国际化工展，海湾集团带来两款标杆拳头产品，展现传统化工向高端化、精细化转型升级的硬实力。 点我查看现场活动 部分龙头展商@ICIFChina 部分龙头展商@ICIF China 02 重点展商功课：全新展商打开化工新想象 --油化工行业综合解决方案 --Orites系列---超高压乙烯压缩机可靠的润滑方案 --道达尔能源导热油解决方案 点我查看 点我查看展台介绍 面向高性能聚乙烯薄膜制品的3M新一代聚合物加工助剂HX9551 点我查看现场活动 安捷伦科技有限公司(纽约证交所:A)是分析与临床实验室技术领域的全球领导者，致力于为提升人类生活品质提供敏锐洞察和创新经验。安捷伦的仪器、软件、服务、解决方案和专家能够为客户最具挑战性的难题提供更可靠的答案。 点我查看 宇树科技是一家世界知名的民用机器人公司,专注于消费级、行业级高性能通用足式/人形机器人及灵巧机械臂的自主研发、生产和销售，曾受邀参加2021牛年央视春晚、2022年冬奥会开幕式、2023Super Bowl 赛前表演、2023年杭州亚运会和亚残运会、2025蛇年央视春晚及2026马年央视春晚等，并多次受到央视新闻联播等权威媒体报道，在机器人核心零部件、运动控制、机器人感知决策、机器人AI等综合领域持续深耕，引领行业。宇树是全球首家公开零售高性能四足机器人并最早实现行业落地的公司，研发和生产均位于杭州高新区(滨江)。 点我查看 安德里茨集团是全球领先的技术集团，业务广泛涉及水电、制浆造纸、金属行业、环境与能源（包括分离技术，动物饲料和生物质燃料，泵，空气净化，碳捕捉及绿色氢能）领域，为上述各行业提供一流的工厂、设备、数字化及自动化以及配套服务。 点我查看 贝克休斯检测控制技术（上海）有限公司即维睿泰Waygate Technologies是Baker Hughes工业与能源技术 (IET) 部门的一部分，拥有超过120年的行业综合经验，一直以来运用智能互联技术实现感应、监测、控制和检测，助力客户收获成功，也为全球基础设施提供了安心可靠的服务。 公司无损检测业务板块，面向油气开采、油气炼化、长输管道、LNG接收站、海洋油气平台等油气全产业链客户，提供远程目视检测、超声波检测、数字射线成像、工业CT、自动化扫查成套无损检测设备与一体化技术服务。全系产品适配陆地油气场站、海上平台、高压压力容器、高温工艺管线、LNG低温工况等严苛作业环境，为油气装备制造、在役运维、管线完整性管理提供合规、高可靠无损检测解决方案。 点我查看 北京信诺海博石化科技发展有限公司，实缴注册资金8334万元，是一家专注于石油石化行业挥发性有机物(VOCs)回收治理的高新技术企业。致力于通过创新的技术与解决方案，帮助能源行业实现节能减排、提升经济效益，并推动可持续发展。 目前90%的客户为中国石油、中国石化、中国海油、中国中化、万华化学、壳牌、浙江石化等国内外著名石油化工企业。公司深耕废气回收治理领域，拥有多项自主知识产权。我们以高效吸附回收技术为核心，根据具体工况进行集成优化，实现尾气浓度mg级稳定达标。(1)油气回收技术:对原油、汽柴油、三苯在内的液体油品，装卸车、储罐等环节的油气进行高效回收处理，达标排放，有机物以液体形式回收;(2)火炬气/化工尾气回收技术:将炼油、乙烯等装置的火炬气/化工尾气进行分离回收，将火炬气中的C2+有机物分离回收利用，可以起到变废为宝、节能减排的作用，也可以进步优化成本，提升化工生产装置的产品竞争力。 点我查看 化工产业高质量发展，以安全生产为基础，依托数字化、智能化技术持续升级。针对高危厂区作业难题，量子智能聚焦特种场景具身智能机器人领域，构建适配巡检、作业多场景的智能装备体系，本次携轮式防爆巡检机器人、防爆四轮足巡检机器人、防爆挂轨巡检机器人等亮相上海新国际博览中心E6B12展位。 点我查看现场活动 致力于特种具身机器人技术研发与应用部署，目前主要面向石油化工、核电新能源等核心危化工业应用场景，提供特种机器人巡检、巡操一体标准化产品及整合型解决方案的科技型企业。 点我查看现场活动 MORE TO DISCOVER 这只是展商中的一部分 龙头企业齐聚 全产业链""最强阵容""亮相 本届ICIF China 2026汇聚了能源化工行业头部企业阵容。参展龙头企业包括中国石油、中国石化、中国中化、中国化学、华谊集团、延长石油、中兵华锦、恒力石化、巨化集团、锦城石化、潞安集团、渤化集团、青岛海湾、万达石化、鲁北集团、湖北宜化集团、叶氏化工、道达尔能源、嘉实多、3M、宇树科技等海内外代表企业，覆盖了能源、炼化、化工新材料、智能制造等全产业链关键环节，为全球供应商、采购商及技术方提供直接对话行业主力生产方的集中平台。 左右滑动查看ICIF China 2026 展商名单 如果你已经锁定某家企业或某类产品，可提前进行预登记，把意向企业、采购需求和现场会面安排提前确定下来。 报名观展&领取展商名录 扫码报名免费观展 添加小助手领取展商名录 咨询电话：0755-86060912、***********（同微信） MORE TO DISCOVER 2026中国石化产业交流活动 左右滑动查看现场活动 • 展会时间 • 2026年9月15-17日 • 展会地点 • 上海新国际博览中心（E7-E6-E5-E4展馆） 观众报名通道 扫码报名免费观展 咨询电话：0755-86060912、***********（同微信） 点击阅读原文，报名参加2026第二十三届中国国际化工展览会",,,,pending
