title,account_name,source,tags,priority,publish_time,author,digest,url,crawled_at,content_preview,clean_text,ai_summary,importance_score,alert_level,push_status
京东与欣旺达动力达成合作，共启新能源标准化电池新征程,深圳电池技术展,深圳电池技术展,"RIOnews API, 固态电池",normal,2026-08-25T21:12:25+08:00,,8月24日，欣旺达动力科技股份有限公司（以下简称“欣旺达动力”）与京东在深圳正式签署合作框架协议。双方将围绕新能源标准化电池产品、智慧物流、供应链协同、绿色能源服务及相关领域，开展全面深度合作，共同推动新能源电池产业的高质量发展。京东相关负责人、欣旺达董事长王威出席签约仪式并致辞。▲ 京东与欣旺达签署合作框架协议京东业务涉及零售、物流、科技、健康、产发、工业、国际、本地生活等多个领域，具备丰富的机器人产业应用场景与市场渠道资源。依托全链路供应链优势，结合规模化场景，京东已组织自身生态链、供应链企业制定企业内部标准，通过规范机器人电池尺寸、接口、通信协议、以及关键性能与安全性能的全面统一等，打造,http://mp.weixin.qq.com/s?__biz=MzIxMDgwMDY4Mg==&mid=2247618320&idx=1&sn=3a531b9363b022449ea9abde3d13da9c,,8月24日，欣旺达动力科技股份有限公司（以下简称“欣旺达动力”）与京东在深圳正式签署合作框架协议。双方将围绕新能源标准化电池产品、智慧物流、供应链协同、绿色能源服务及相关领域，开展全面深度合作，共同推动新能源电池产业的高质量发展。京东相关负责人、欣旺达董事长王威出席签约仪式并致辞。▲ 京东与欣旺达签署合作框架协议京东业务涉及零售、物流、科技、健康、产发、工业、国际、本地生活等多个领域，具备丰富的机器人产业应用场景与市场渠道资源。依托全链路供应链优势，结合规模化场景，京东已组织自身生态链、供应链企业制定企业内部标准，通过规范机器人电池尺寸、接口、通信协议、以及关键性能与安全性能的全面统一等，打造,"8月24日，欣旺达动力科技股份有限公司（以下简称“欣旺达动力”）与京东在深圳正式签署合作框架协议。双方将围绕新能源标准化电池产品、智慧物流、供应链协同、绿色能源服务及相关领域，开展全面深度合作，共同推动新能源电池产业的高质量发展。京东相关负责人、欣旺达董事长王威出席签约仪式并致辞。▲ 京东与欣旺达签署合作框架协议京东业务涉及零售、物流、科技、健康、产发、工业、国际、本地生活等多个领域，具备丰富的机器人产业应用场景与市场渠道资源。依托全链路供应链优势，结合规模化场景，京东已组织自身生态链、供应链企业制定企业内部标准，通过规范机器人电池尺寸、接口、通信协议、以及关键性能与安全性能的全面统一等，打造系列“标准化电池”产品，有效降低机器人电池的研发与维护成本，大幅缩短开发进度，助力机器人行业的快速、高质量发展。今年8月初，京东和欣旺达携手中国电子技术标准化研究院一起在北京成立了机器人电池联合实验室，将依托各方优势，聚焦机器人电池的标准研制、产品开发、测试验证、典型应用等，共同推动机器人电池产业规范健康发展，是解决当前机器人电池产业产品质量与安全难题的务实之举，也是推动机器人电池安全、规范、高质量发展的战略之策。欣旺达动力是全球领先的综合性新能源科技企业，在锂电池领域拥有深厚的技术积累与全产业链布局，尤其在全固态及半固态电池领域具备领先的技术储备与量产能力，能够提供覆盖消费类、动力、储能电池的全链条垂直一体化制造解决方案。签约现场，京东相关负责人对本次签约寄予厚望：""京东始终致力于以供应链连接产业上下游，与用户、合作伙伴共建可持续发展的产业生态。此次与欣旺达动力的合作签约，是京东在新能源电池领域迈出的关键一步。我们期待双方以标准化电池为切入点，深度协同、优势互补，共同为行业和用户创造长期价值。""欣旺达董事长王威指出：""这不仅是商业合作，更是双方共同开拓新能源应用蓝海的宣言。面对京东给予的信任，我们将全力以赴，确保合作落地。在质量层面，严格对标车规标准，安全底线绝不妥协；在产能保障层面，积极推进产线、设备、团队均按我们与京东商定的节奏加快部署，确保订单交付万无一失。欣旺达将以全球领先的技术实力和制造能力，为此次合作筑牢根基。"" ▲ 欣旺达董事长王威根据协议，双方将围绕京东标准化电池七大应用领域展开全面深度合作，电池型号覆盖锂电一号至锂电八号，涉及电动工具、电动轮椅、机器人电池、二/三轮车、无人车/无人物流车、无人机、船舶等场景，双方将组建专项项目组，从技术攻关、产品定义和联合开发到规模化推广实现全链条落地。▌核心技术协同开发与标准共建：欣旺达动力依托全链条垂直一体化制造能力及固态/半固态领先技术，与京东的供应链整合与市场能力形成互补。双方将联合申报科研项目，共同推进行业标准及团体标准制定，同步探索标准化电池换电服务合作模式。▌商务合作模式创新：双方将提供具备市场竞争力的产品、价格及技术支持，在产品采购、供应链协同、市场联合拓展及联合申报产业项目等方面深度联动，实现产品技术优势与市场竞争优势的商业闭环。▌长效合作协调机制：双方本着平等、互利原则，建立定期项目推进会制度，不断丰富和创新合作模式，协力促进共同发展。本次合作标志着欣旺达动力与京东在新能源产业领域合作的全面开启。通过强强联合，双方将共同推动电池产业的标准化进程，加速固态/半固态电池技术的产业化应用，构建""研发—制造—应用—回收""全链条绿色能源服务生态。面向未来，双方将以此次签约为契机，进一步深化在新能源标准化电池领域的协同创新，持续拓展合作的广度与深度，为用户、合作伙伴及社会创造可持续的价值。阅读推荐Reading Recommendation加入通讯录加入联盟加入协会企业分布地图关于展会、论坛展位预定 毛元 Andy咨询电话131 6279 7809（同微信）公司邮箱sales@heliexpo.cn",,,,pending
星源材质： 拓展第二增长曲线,深圳电池技术展,深圳电池技术展,"RIOnews API, 新材料, 隔膜, 固态电池, 产品发布, 发布, 上市, 合作进展, 战略合作, 投资, 合作, 收购, 量产推进, 产能, 扩产",normal,2026-08-25T21:12:25+08:00,,星源材质成立于2003年9月，是全球锂电池隔膜行业领军企业，2016年在深交所上市，2026年在港交所上市。走进星源材质深圳光明总部展厅，超薄干法隔膜、超薄湿法隔膜、高绝缘性隔膜等产品整齐陈列，直观展现公司的技术积累。星源材质董秘李昇在接受中国证券报记者采访时表示，经过二十余年技术沉淀，公司打破国外厂商的市场主导格局，全面掌握干法、湿法和涂覆隔膜制备技术，建成国际先进的隔膜生产线，成长为全球锂电池隔膜领域重要供应商。当前，受益于动力电池及储能行业的旺盛需求，隔膜需求稳步攀升。公司将持续聚焦锂电池隔膜主业，不断巩固自身在行业的领先优势。同时，公司积极寻求新材料、半导体材料领域的战略机遇，拓展第二,http://mp.weixin.qq.com/s?__biz=MzIxMDgwMDY4Mg==&mid=2247618320&idx=3&sn=4a924cc5019ff1053009199e81987738,,星源材质成立于2003年9月，是全球锂电池隔膜行业领军企业，2016年在深交所上市，2026年在港交所上市。走进星源材质深圳光明总部展厅，超薄干法隔膜、超薄湿法隔膜、高绝缘性隔膜等产品整齐陈列，直观展现公司的技术积累。星源材质董秘李昇在接受中国证券报记者采访时表示，经过二十余年技术沉淀，公司打破国外厂商的市场主导格局，全面掌握干法、湿法和涂覆隔膜制备技术，建成国际先进的隔膜生产线，成长为全球锂电池隔膜领域重要供应商。当前，受益于动力电池及储能行业的旺盛需求，隔膜需求稳步攀升。公司将持续聚焦锂电池隔膜主业，不断巩固自身在行业的领先优势。同时，公司积极寻求新材料、半导体材料领域的战略机遇，拓展第二,星源材质成立于2003年9月，是全球锂电池隔膜行业领军企业，2016年在深交所上市，2026年在港交所上市。走进星源材质深圳光明总部展厅，超薄干法隔膜、超薄湿法隔膜、高绝缘性隔膜等产品整齐陈列，直观展现公司的技术积累。星源材质董秘李昇在接受中国证券报记者采访时表示，经过二十余年技术沉淀，公司打破国外厂商的市场主导格局，全面掌握干法、湿法和涂覆隔膜制备技术，建成国际先进的隔膜生产线，成长为全球锂电池隔膜领域重要供应商。当前，受益于动力电池及储能行业的旺盛需求，隔膜需求稳步攀升。公司将持续聚焦锂电池隔膜主业，不断巩固自身在行业的领先优势。同时，公司积极寻求新材料、半导体材料领域的战略机遇，拓展第二增长曲线。成为制造业“单项冠军”隔膜是电池的关键材料，具有良好的化学稳定性和高温自闭性能，可以隔离电池正负极、允许锂离子通过、防止高温引起的电池爆炸，从而提高锂离子电池的综合性能。星源材质是国内较早从事隔膜研发和制造的企业，也是全球中高端锂离子电池隔膜主流供应商。据星源材质相关负责人介绍，2007年-2008年，国内隔膜中高端市场被少数国际厂商垄断，产品价格昂贵，供货周期偏长。2008年，星源材质确立发展动力类锂离子电池隔膜的方向，加大自主研发力度，与国内高分子材料知名研究机构展开合作，自主突破并掌握干法单向拉伸工艺技术，自主设计、建造国内领先的干法单向拉伸工艺的成套锂离子电池隔膜生产线，并于当年试产成功。2012年公司开始投资建设湿法生产线，2014年完成建设和试运行，2015年公司湿法隔膜已对比亚迪、国轩高科及LGES等厂商批量供货。技术研发是星源材质的核心竞争力。2025年，公司研发投入达到2.78亿元，同比增长12.24%，研发投入占营收的比例为6.75%。2026年第一季度，公司研发投入达到0.69亿元，同比增长23.46%。目前，星源材质在全球市场形成“一个总部、八个生产基地和海外研发机构”的战略布局。谈及公司在隔膜领域的发展成果，李昇倍感自豪。制造业单项冠军被誉为制造业“皇冠上的明珠”，2021年星源材质锂离子电池干法隔膜被工信部评为制造业单项冠军产品。此外，四川大学与星源材质联合完成的“基于聚烯烃凝聚态结构调控制备高性能锂离子电池隔膜”项目，荣获2023年度国家科学技术进步奖一等奖。隔膜需求保持增长态势早年全球锂电池隔膜市场主要被日本、美国、韩国企业占据，产品售价居高不下。“我们早年做隔膜的时候，隔膜每平方米能卖到数美元，如今最便宜的隔膜每平方米售价不到1元人民币。”在李昇看来，这一转变源于国内锂电池产业链企业的整体崛起。材料企业不断发展壮大，推动锂电池产业迭代升级，显著摊薄行业成本。近年来，随着国内企业在隔膜制备工艺上的持续突破及资金投入，国产锂电池隔膜产品逐步打入海外市场，日本、美国、韩国隔膜企业的市场份额明显下降。据李昇介绍，受益于下游动力电池及储能行业需求旺盛，隔膜需求保持增长态势，行业产能利用率逐步攀升，供需持续偏紧。由于隔膜行业属于资金密集型、技术密集型的重资产行业，扩产周期长，新增产能释放节奏慢，而下游动力电池和储能需求维持增长，预计短期内隔膜供需紧平衡状态仍将持续。从客户来看，目前在国内市场，星源材质主要客户覆盖宁德时代、比亚迪、中创新航、国轩高科、欣旺达、亿纬锂能、珠海冠宇等知名锂电池厂商；在国际市场，公司产品批量供应LGES、三星SDI、村田、大众集团旗下动力电池子公司等厂商。前瞻布局新材料业务星源材质相关负责人表示，公司将持续深耕主业，巩固锂电池隔膜行业领先优势。同时，公司积极寻求新材料、半导体材料领域的战略机会作为未来公司第二增长曲线的发展方向。针对固态电池发展趋势，2025年，星源材质与瑞固（衢州）新材料科技有限公司签署战略合作协议，共同开发高性能固体电解质膜及相关产品，并推动产品的商业化落地。同时参股公司深圳新源邦科技有限公司已经拥有氧化物电解质千吨级产能和百吨级出货量。除了推进电池领域前沿材料的研发与应用，星源材质也通过并购拓展半导体材料业务。8月13日晚间，星源材质发布公告称，拟现金收购邦瓷电子科技（盐城）有限责任公司合计59.98%的股权，交易总对价约2.42亿元。交易完成后，公司将合计持有邦瓷电子73.4806%的股权，邦瓷电子将成为公司的控股子公司，纳入公司合并报表范围。资料显示，邦瓷电子成立于2018年，主要产品可分为多层压电陶瓷堆叠和单层压电陶瓷片。从业绩来看，邦瓷电子2025年实现营收7927.10万元，同比增长70.22%；净利润为2621.97万元，同比增长267.07%；2026年第一季度，实现营收4748.64万元，净利润为1655.82万元。星源材质表示，本次交易是公司在新材料领域的战略布局，拓宽产品边界。公司通过收购邦瓷电子切入压电陶瓷行业，依托其在压电陶瓷行业的技术积累，对接半导体设备及零部件的增量市场，拓宽中长期成长边界，打造公司第二增长曲线，同步形成新材料和锂电池隔膜主业的产业协同。阅读推荐Reading Recommendation加入通讯录加入联盟加入协会企业分布地图关于展会、论坛展位预定 毛元 Andy咨询电话131 6279 7809（同微信）公司邮箱sales@heliexpo.cn,,,,pending
一块船用电池背后的“万亿级”竞速,深圳电池技术展,深圳电池技术展,"RIOnews API, 新材料, 碳, 学术研究, 科学院, 研究所",normal,2026-08-25T21:12:25+08:00,,近日，广西南宁港热闹非凡，江面上齐刷刷漂着一排没有烟囱的新船——9艘零碳新能源智能船舶正在集体试航。不远处，南宁的新能源船舶智造基地项目正稳步推进，预计于今年12月正式建成投产，达产后，基地年产能可达35万总载重吨，年产各类新能源船舶约70艘。一位老船长望着江面感叹道：“再过两年，平陆运河上跑的，可能都是‘南宁造’了。” 就在新能源船舶集体试航前不久，九三学社广西区委会提交的资政报告《抢新能源船舶万亿级风口 建“零碳向海”产业走廊》获得自治区领导批示。 一场密集调研 这份报告的形成，源于今年5月中旬的密集调研。九三学社广西区委会调研组辗转福建、浙江等地，深入新能源产业一线，试图摸清全球动力电池,http://mp.weixin.qq.com/s?__biz=MzIxMDgwMDY4Mg==&mid=2247618320&idx=4&sn=dccbe73e925d48d1622c0cecac655454,,近日，广西南宁港热闹非凡，江面上齐刷刷漂着一排没有烟囱的新船——9艘零碳新能源智能船舶正在集体试航。不远处，南宁的新能源船舶智造基地项目正稳步推进，预计于今年12月正式建成投产，达产后，基地年产能可达35万总载重吨，年产各类新能源船舶约70艘。一位老船长望着江面感叹道：“再过两年，平陆运河上跑的，可能都是‘南宁造’了。” 就在新能源船舶集体试航前不久，九三学社广西区委会提交的资政报告《抢新能源船舶万亿级风口 建“零碳向海”产业走廊》获得自治区领导批示。 一场密集调研 这份报告的形成，源于今年5月中旬的密集调研。九三学社广西区委会调研组辗转福建、浙江等地，深入新能源产业一线，试图摸清全球动力电池,近日，广西南宁港热闹非凡，江面上齐刷刷漂着一排没有烟囱的新船——9艘零碳新能源智能船舶正在集体试航。不远处，南宁的新能源船舶智造基地项目正稳步推进，预计于今年12月正式建成投产，达产后，基地年产能可达35万总载重吨，年产各类新能源船舶约70艘。一位老船长望着江面感叹道：“再过两年，平陆运河上跑的，可能都是‘南宁造’了。” 就在新能源船舶集体试航前不久，九三学社广西区委会提交的资政报告《抢新能源船舶万亿级风口 建“零碳向海”产业走廊》获得自治区领导批示。 一场密集调研 这份报告的形成，源于今年5月中旬的密集调研。九三学社广西区委会调研组辗转福建、浙江等地，深入新能源产业一线，试图摸清全球动力电池巨头“集体下海”的棋局走向。在宁德时代新能源科技股份有限公司（以下简称“宁德时代”）的科技展厅，调研组成员驻足电池性能对比展板前，细细研读能量密度、低温续航等硬核数据。最吸引他们的，是一块墨绿色的磷酸铁锂电池模块——它刚完成第4000次充放电循环测试。“这足够支撑一艘5000吨级内河货船跑15年。”宁德时代工程师拍了拍这块半人高的电池箱，“单块就能跑80海里。平陆运河的船，用这个正合适。” 在与现场工作人员的交谈中，调研组还得知，深圳比亚迪储能有限公司将与全球海事储能龙头挪威公司Corvus Energy联合研发高倍率磷酸铁锂船用电池系统。“动力电池巨头已不约而同将目光从陆地投向水域。”调研组认为。市场数据清晰地划出了这条陡峭的增长曲线：2024年中国电动船舶电池出货量尚不足1GWh，2025年已飙升至3.6GWh，一年间翻了三倍有余。增速之快，超越了十年前新能源汽车起步期的峰值水平。 “国内外领军企业已纷纷抢滩，而广西此前的向海经济规划框架中，海洋渔业、临港工业、传统航运仍占主导，新能源船舶与零碳航运作为港口配套或远期展望，缺乏系统性的产业引导和集群规划。”航运脱碳与区内的新能源产业、港口建设、自贸区政策未能形成联动——这是调研组最担忧的。 调研中，九三学社社员、广西工业职业技术学院工业互联网学院院长刘星毅心里默默算了一笔账：广西坐拥1.5万艘内河船舶，未来两三年近万艘面临淘汰更新，与此同时，平陆运河开通后每年将新增数千万吨货运需求。“如果这些船都用上新能源动力，那就是一个现成的万亿级市场。”刘星毅表示，广西一定要抓住机遇，在这个新赛道上奋起勃发。 一条绿色船舶产业链 数字越亮眼，现实的落差越刺眼。调研组发现，广西船用储能研发制造几乎空白，绿色甲醇、氨燃料制备及加注能力为零，港口岸电覆盖率低得可怜，“船等电、港等船”的僵局，该如何破局？ “何不给这套系统找个落地的码头？”九三学社社员、宁德时代航空和机器人电池技术中心部长金海族向调研组提出一份技术方案：“我所在企业的‘船—岸—云’一体化方案已经在全球拿了五大船级社认证，从船上电池到岸上充电桩再到云端调度，全链条打通了。是否可以将这套系统在广西找个‘落地的码头’。” 平陆运河，就是那个码头。 经过反复论证，调研组向自治区政府提交了一份沉甸甸的资政报告。据九三学社社员、广西社会科学院宏观经济研究所所长曹玉娟介绍，报告建议聚焦五大方向：将零碳航运从“附属配套”升级为“核心产业”，在向海经济规划中单独立章；沿贵港—南宁—钦州布局“电池—船厂—充换电—运营—金融”全产业链；在平陆运河率先开展纯电示范船运行；提前建设充换电站和加注码头；最终将平陆运河的标准船型和智慧航运系统打包，面向东盟市场。调研组表示，建议旨在破解广西新能源船舶产业一系列瓶颈问题，让广西在新一轮产业竞速中崭露头角。 其中，有关“电池租赁”的建议预计将获得更多市场良性反馈：由国企牵头成立电池资产公司，统一采购标准电池箱，船东只租不买，换电像加油一样便捷。这个方案击中了船东“买不起电池”的痛点——把一次性掏几百万的“买电池”，变成了按趟付费的“用电”。 一张向海经济蓝图 报告一经递交，迅速得到自治区领导重视，要求相关部门联合调研，并明确将相关建议吸纳进正在修编的向海经济高质量发展文件。这份来自民主党派的建言，由此汇入广西向海图强的战略布局。 事实上，这不是九三学社广西区委第一次为运河建言。2023年，他们提交《关于优化产业布局打造平陆运河经济带的建议》，直言运河经济带不能“复制粘贴”，必须统筹沿线资源禀赋，错位布局相关产业；2024年，提交《关于坚持绿色设计绿色建设，打造平陆运河绿色工程的提案》，建议推行生态护岸结构、建设生态防污屏，让绿色成为运河的底色；2025年，他们又围绕多式联运“最后一公里”卡脖子问题建言，助力推动“一单制”“一箱到底”等改革落地。如今，这些建言都在逐步变成现实：平陆运河青年枢纽的生态护岸已经绿意盎然、白鹭低飞，数百个配套项目沿着运河排开布局。 “围绕中心大局建言、聚焦关键问题深耕，是民主党派地方组织应有的担当。运河通江达海，九三学社的履职同样需要不断向深处延伸——这既是责任，也是初心。”九三学社广西区委会主委彭健铭如是表示。 据悉，平陆运河即将于今年9月通航，现已全面进入有水调试阶段。江水沿着134.2公里新开河道奔涌入海，那次与宁德时代科研工作者的交流，那份连夜赶出来的资政报告，那些沾着码头尘土与科技温度的调研笔记，都汇进了这片蓝色的奔流里。来源：团结报 。本文转载目的为传递更多资讯，若涉及侵权，烦请联系我方删除。阅读推荐Reading Recommendation加入通讯录加入联盟加入协会企业分布地图关于展会、论坛展位预定 毛元 Andy咨询电话131 6279 7809（同微信）公司邮箱sales@heliexpo.cn,,,,pending
签约！比亚迪电池与蒙古国乌兰巴托市达成战略合作,深圳电池技术展,深圳电池技术展,"RIOnews API, 新材料, 碳, 合作进展, 战略合作, 合作",normal,2026-08-25T21:12:25+08:00,,近日，比亚迪电池与蒙古国首都乌兰巴托市成功签署战略合作谅解备忘录。双方将依托各自资源与技术优势，围绕绿色城市建设开展全方位战略合作，共同推动乌兰巴托市新能源产业升级与低碳城市建设进程。图片来源：弗迪电池据悉，此次合作旨在将乌兰巴托市的城市发展需求与比亚迪电池在新能源领域的全产业链优势深度融合，重点聚焦绿色交通、新能源基建、智慧储能等关键领域推进项目落地，致力于打造中蒙两国绿色城市合作的示范样板。根据备忘录内容，双方明确了四大核心合作方向，以精准赋能城市绿色升级;其一，扩大电动汽车规模化推广应用，进一步优化城市出行结构、有效减少碳排放；其二，布局城市绿色驿站快充网络，持续完善新能源汽车配套基础设,http://mp.weixin.qq.com/s?__biz=MzIxMDgwMDY4Mg==&mid=2247618320&idx=6&sn=3480cdfd021f36911c4e75707baadd11,,近日，比亚迪电池与蒙古国首都乌兰巴托市成功签署战略合作谅解备忘录。双方将依托各自资源与技术优势，围绕绿色城市建设开展全方位战略合作，共同推动乌兰巴托市新能源产业升级与低碳城市建设进程。图片来源：弗迪电池据悉，此次合作旨在将乌兰巴托市的城市发展需求与比亚迪电池在新能源领域的全产业链优势深度融合，重点聚焦绿色交通、新能源基建、智慧储能等关键领域推进项目落地，致力于打造中蒙两国绿色城市合作的示范样板。根据备忘录内容，双方明确了四大核心合作方向，以精准赋能城市绿色升级;其一，扩大电动汽车规模化推广应用，进一步优化城市出行结构、有效减少碳排放；其二，布局城市绿色驿站快充网络，持续完善新能源汽车配套基础设,近日，比亚迪电池与蒙古国首都乌兰巴托市成功签署战略合作谅解备忘录。双方将依托各自资源与技术优势，围绕绿色城市建设开展全方位战略合作，共同推动乌兰巴托市新能源产业升级与低碳城市建设进程。图片来源：弗迪电池据悉，此次合作旨在将乌兰巴托市的城市发展需求与比亚迪电池在新能源领域的全产业链优势深度融合，重点聚焦绿色交通、新能源基建、智慧储能等关键领域推进项目落地，致力于打造中蒙两国绿色城市合作的示范样板。根据备忘录内容，双方明确了四大核心合作方向，以精准赋能城市绿色升级;其一，扩大电动汽车规模化推广应用，进一步优化城市出行结构、有效减少碳排放；其二，布局城市绿色驿站快充网络，持续完善新能源汽车配套基础设施建设；其三，落地电池储能系统（BESS），优化城市能源结构，提升能源利用效率与供电稳定性；其四，落地“Sky Shuttle（云巴）”智慧公共交通项目，依托比亚迪电池技术优势升级城市公共交通体系。比亚迪方面表示，此次签约为双方搭建了长期稳定的战略合作伙伴关系。未来，比亚迪电池将充分发挥在新能源汽车、储能、智慧交通等领域的全产业链优势，结合乌兰巴托市的属地资源与政策支持，持续深化绿色低碳领域务实合作，推动各项合作项目落地见效，助力乌兰巴托市打造绿色、低碳、智慧的现代化城市。来源：盖世汽车 。本文转载目的为传递更多资讯，若涉及侵权，烦请联系我方删除。阅读推荐Reading Recommendation加入通讯录加入联盟加入协会企业分布地图关于展会、论坛展位预定 毛元 Andy咨询电话131 6279 7809（同微信）公司邮箱sales@heliexpo.cn,,,,pending
固态电池免税9月1日落地！算完这笔账吓一跳：60度电省千元、20万的车省2万，这几家车企赢麻了,固态电池SSB,固态电池SSB,"RIOnews API, 固态电池, 半固态, 全固态, 产品发布, 发布, 新品, 技术进展, 前沿技术, 下一代技术, 量产推进, 产能, 批量生产, 产线建设",normal,2026-08-25T21:03:00+08:00,,距离9月1日只剩不到一周。一项将深刻改变新能源汽车市场格局的政策，即将正式生效。2026年7月17日，财政部、海关总署、税务总局联合发布《关于调整部分电池消费税政策的公告》（财政部 海关总署 税务总局公告2026年第20号）。公告明确： 自2026年9月1日起至2028年12月31日，对钠离子电池、固态电池、燃料电池及光伏电池中的钙钛矿电池、叠层电池、砷化镓电池免征消费税。27个月的免税窗口，正式开启。与此同时，锂离子蓄电池等成熟电池品类将分步恢复征收消费税：2026年9月1日起按2%税率征收，2027年9月1日起上调至4%。一边是成熟技术的“加税”，一边是前沿技术的“免税”——一征一免之间，,http://mp.weixin.qq.com/s?__biz=MzkxOTU5NjMwNg==&mid=2247500132&idx=1&sn=10bb5ab6a6bebe310cad89d7e3889b32,,距离9月1日只剩不到一周。一项将深刻改变新能源汽车市场格局的政策，即将正式生效。2026年7月17日，财政部、海关总署、税务总局联合发布《关于调整部分电池消费税政策的公告》（财政部 海关总署 税务总局公告2026年第20号）。公告明确： 自2026年9月1日起至2028年12月31日，对钠离子电池、固态电池、燃料电池及光伏电池中的钙钛矿电池、叠层电池、砷化镓电池免征消费税。27个月的免税窗口，正式开启。与此同时，锂离子蓄电池等成熟电池品类将分步恢复征收消费税：2026年9月1日起按2%税率征收，2027年9月1日起上调至4%。一边是成熟技术的“加税”，一边是前沿技术的“免税”——一征一免之间，,距离9月1日只剩不到一周。一项将深刻改变新能源汽车市场格局的政策，即将正式生效。2026年7月17日，财政部、海关总署、税务总局联合发布《关于调整部分电池消费税政策的公告》（财政部 海关总署 税务总局公告2026年第20号）。公告明确： 自2026年9月1日起至2028年12月31日，对钠离子电池、固态电池、燃料电池及光伏电池中的钙钛矿电池、叠层电池、砷化镓电池免征消费税。27个月的免税窗口，正式开启。与此同时，锂离子蓄电池等成熟电池品类将分步恢复征收消费税：2026年9月1日起按2%税率征收，2027年9月1日起上调至4%。一边是成熟技术的“加税”，一边是前沿技术的“免税”——一征一免之间，固态电池迎来了产业化最关键的政策窗口期。01一项等了11年的政策调整很多人不知道，我国对电池征收4%消费税，是从2015年2月开始实施的。那一年，中国新能源汽车年销量仅33万辆，宁德时代刚刚成立4年，固态电池还只是学术论文里的概念。当时政策的逻辑很简单：对电池统一征收4%消费税，同时对锂原电池、锂离子蓄电池、太阳能电池等七类产品实施免征。11年过去了，中国新能源汽车年销量从33万辆飙升至超过千万辆，动力电池出货量从几个GWh增长到数百GWh。当年的“保护伞”，已经变成了“普惠制” ——不管你是技术成熟的磷酸铁锂，还是刚刚走出实验室的固态电池，统统免税。这种“一刀切”的免税政策，显然已经无法精准匹配不同技术路线的成熟度差异。于是，2026年7月，三部门出手了。北京国家会计学院副院长李旭红在接受采访时总结此次政策调整的三个特点：“一是目标明确，主要以有利于促进资源节约和环境保护为导向；二是精准施策，紧密与电池产业发展变化趋势相联系，对于国家重点支持的技术领先类产品予以免税；三是平稳过渡，相关税收优惠的退出采用分年逐步提升税率的方式。”简单说就是：成熟的，该交税了；不成熟的，再扶一把。02算账：一辆固态电池车到底能省多少钱政策利好，最终要落到消费者的钱包上。先看消费税层面。当前全固态电池电芯成本约为5到6元/Wh，是主流磷酸铁锂电池（0.39到0.5元/Wh）的约10倍。成本差距如此悬殊的背景下，任何一点成本优势都弥足珍贵。根据测算， 2%的消费税预计将增加电芯成本约0.006元/Wh至0.008元/Wh 。听起来不多？放到整车层面算一笔账：以一辆搭载60kWh电池包的固态电池车型为例：2%税率下，税负成本约为600至800元4%税率下，税负成本上升至1200至1600元行业分析指出， 60kWh固态车型可省约千元税负。千元看起来不多，但对于毛利率普遍压缩至10%左右的动力电池企业来说，这已经是不可忽视的利润空间。更何况，2027年9月税率升至4%后，成本优势将从千元级别扩大到1500元以上。再看购置税层面。合规搭载固态电池并进入工信部免税目录的车型，可按规定获得购置税全额减免 。以20万元级别车型为例，消费者可省下约2万元。消费税省千元，购置税省两万——一辆20万的固态电池车，相比同价位锂电车，综合税费优势超过2万元。这还没有算上固态电池本身在能量密度、安全性、低温性能等方面的产品优势。03谁最先吃到红利？这几家车企已经准备好了政策再好，也得有车可买。2026年被行业普遍视为 “半固态电池量产元年” 。多家车企的量产时间表，正好踩在了免税窗口期的起点上。比亚迪：全固态中试线已建成比亚迪深圳坪山2GWh全固态中试线已建成，2026年第二代刀片半固态电池装车。全固态电池方面，王传福已确认车规级全固态电池已量产，2027年优先搭载仰望U9和汉EV高端版。更关键的是，比亚迪电池自供率高达95%，整车生产全程自用电池，基本可以规避新增税负。整车厂自产自用电池内部流转无需缴税，一体化车企大幅受益。换句话说，比亚迪不仅享受固态电池的免税红利，还因为“自产自用”完全避开了锂电恢复征税的成本压力——双重红利，赢面最大。东风汽车：奕派eπ007率先示范装车东风汽车自研固态电池已公开披露实测数据，宣布在奕派eπ007车型上启动示范装车。该项目自2018年立项，形成了从电极材料到固态电解质再到整包集成的全链条自研体系，核心技术自研率达到100%。量产版本电芯能量密度稳定在约350Wh/kg，与主流磷酸铁锂电池的180到200Wh/kg相比提升幅度显著。常温满电续航突破千公里，12分钟可充电补给约500公里。计划2026年下半年正式量产装车，目标2027年前交付约5万辆示范车型。广汽集团：全固态中试线已建成试产广汽集团全固态电池中试产线已建成试产，率先具备了60Ah以上车规级全固态电池批量制造条件。2026年下半年将小批量搭载自主品牌广汽昊铂高端车型，逐步实现全固态电池的商业化落地。宁德时代：半固态已量产，全固态在路上宁德时代500Wh/kg的凝聚态半固态电池已投产，计划2026年底量产装车蔚来ET9，续航突破1200公里。全固态电池方面，预计2027年小批量生产，力争2030年前完成规模化应用。2026年8月，宁德时代刚刚发布两项固态电池相关专利，涉及生产系统和电池结构优化。上汽集团：半固态电池“全家桶”已就位名爵MG4、MG4 X以及MG07三款车型已全部搭载半固态电池，MG品牌率先打造了全球首个量产半固态电池“全家桶”。MG07的610km版本搭载上汽清陶量产半固态电池。全球首款搭载半固态电池的量产车型——上汽名爵MG4半固态安芯版已在乌海市完成交付。国轩高科：2GWh量产线建设中国轩高科“金石电池”能量密度达400Wh/kg，2GWh全固态电池量产线建设中。2026年计划落地300吨/年硫化锂产能、2000吨/年固态电解质产能。赣锋锂业：半固态已装车赣锋锂业半固态电池已装车，全固态路线领先。400Wh/kg电池循环寿命已突破1100次，全球首款500Wh/kg级的10Ah产品已实现小批量量产。04为什么说这是固态电池“最关键”的政策窗口这项政策的意义，远不止省几百块钱那么简单。第一，这是真金白银的成本对冲固态电池产业化初期面临的最大挑战是什么？成本。全固态电池电芯成本是磷酸铁锂的10倍。在成本差距如此巨大的情况下，任何税收优惠都是雪中送炭。上海有色网锂电分析师杨玏指出， “免税政策能够降低固态电池早期产业化负担，并强化电池厂和车企持续投入的意愿” 。清华大学苏州环境创新研究院天工智库特聘专家吕锦标也表示，现阶段纳入免税范围的产品均尚未实现大规模量产，属于亟需政策扶持培育的新品类。第二，这是2%到4%的“永久成本优势”固态电池免税政策执行至2028年底，而锂离子电池的税率将在2027年9月升至4%。这意味着，在2028年底之前，固态电池相比锂电拥有2%到4%的天然成本优势。这笔账很好算：一套电池包成本1万元，固态就比锂电便宜200到400元。别小看这个数字——在新能源汽车行业价格战白热化的今天，几百元的成本优势，可能就是决定一款车型定价策略的关键变量。第三，窗口期与产能爬坡期高度重合行业分析指出，免税窗口重点匹配半固态电池2026至2028年的产能爬坡期。2026年下半年全行业新增投资已突破120亿元。换句话说，政策不是凭空给的，是算好了时间的。2026到2028年，正好是半固态电池从试产走向量产、从千辆级走向万辆级的关键三年。这时候给免税，相当于在爬坡最吃劲的阶段推了一把。第四，这是标准体系的“最后一块拼图”值得注意的是，享受减免税政策的电池产品，应当符合该产品的国家标准。而全球首部车用固态电池国家标准GB/T 43568-2026已于2026年7月1日正式实施。8月21日，中国又牵头在IEC成功立项了全球首个固态电池国际标准。国标有了，国际标准有了，免税政策也来了 ——标准、政策、税收三大支柱齐备，固态电池产业化的制度框架已经搭好了。05但别高兴太早：免税有门槛政策虽好，但不是所有打着“固态”旗号的产品都能享受。根据规定，车型须符合2026年7月1日实施的国标GB/T 43568-2026，且申报免税前需提交具备资质的检测报告。这一标准化约束的目的很明确：杜绝虚假“固态”标签的市场混淆。过去几年，市场上出现过不少打着“固态”旗号的概念炒作，有的只是添加了少量固态电解质就自称“固态电池”。国标+检测报告的双重要求，让这种“伪固态”无处遁形。对消费者来说，这是个好消息——能免税的，才是真固态。06一场静悄悄的成本革命9月1日起，固态电池正式进入“免税时代”。27个月的窗口期，说长不长，说短不短。对于正在从实验室走向工厂的固态电池产业来说，这是一段必须抓住的黄金时间。对消费者来说，这意味着更便宜的车、更长的续航、更安全的电池。对车企来说，这意味着2%到4%的成本优势、政策红利的加持、抢占下一代技术高地的机会。对行业来说，这释放了一个再明确不过的信号：国家对电池产业的监管逻辑，正在从“普惠式扶持”转向“差异化引导”。成熟技术该交税交税，前沿技术该扶持扶持——谁走在前面，谁就享受红利。2026年9月1日，倒计时开始。固态电池的“价格战”，就要打响了。距离9月1日只剩不到一周。一项将深刻改变新能源汽车市场格局的政策，即将正式生效。,,,,pending
苏州国家实验室高效稳定钙钛矿光伏材料与器件研发招聘启事,钙钛矿太阳能电池,钙钛矿太阳能电池,"RIOnews API, 钙钛矿",normal,2026-08-25T20:16:24+08:00,,一、实验室与项目简介平台背景：苏州国家实验室位于苏州工业园区，是经中央批准成立的新型科研事业单位。实验室聚焦战略性、前瞻性、基础性研究，致力于打造材料领域大科学装置和AI计算设计平台，努力建成世界一流实验室。科研方向：本项目以引领钙钛矿光伏材料与器件发展为核心目标，聚焦钙钛矿单结电池与晶硅/钙钛矿叠层电池的协同创新。二、岗位需求与任职条件1.招聘岗位：项目研发工程师（2~3人）2.岗位职责：（1）根据项目整体规划，协助项目组完成钙钛矿及叠层电池的光伏器件工艺开发与优化研究。（2）负责操作、调试并维护实验相关的核心仪器设备（如手套箱、多靶磁控溅射仪、太阳光模拟器、原子层沉积仪等）。（3）参与实验,http://mp.weixin.qq.com/s?__biz=MzIwNDAzNzcwMA==&mid=2456843490&idx=4&sn=446d5acdc94a5cad3830b23f3952fdc6,,一、实验室与项目简介平台背景：苏州国家实验室位于苏州工业园区，是经中央批准成立的新型科研事业单位。实验室聚焦战略性、前瞻性、基础性研究，致力于打造材料领域大科学装置和AI计算设计平台，努力建成世界一流实验室。科研方向：本项目以引领钙钛矿光伏材料与器件发展为核心目标，聚焦钙钛矿单结电池与晶硅/钙钛矿叠层电池的协同创新。二、岗位需求与任职条件1.招聘岗位：项目研发工程师（2~3人）2.岗位职责：（1）根据项目整体规划，协助项目组完成钙钛矿及叠层电池的光伏器件工艺开发与优化研究。（2）负责操作、调试并维护实验相关的核心仪器设备（如手套箱、多靶磁控溅射仪、太阳光模拟器、原子层沉积仪等）。（3）参与实验,一、实验室与项目简介平台背景：苏州国家实验室位于苏州工业园区，是经中央批准成立的新型科研事业单位。实验室聚焦战略性、前瞻性、基础性研究，致力于打造材料领域大科学装置和AI计算设计平台，努力建成世界一流实验室。科研方向：本项目以引领钙钛矿光伏材料与器件发展为核心目标，聚焦钙钛矿单结电池与晶硅/钙钛矿叠层电池的协同创新。二、岗位需求与任职条件1.招聘岗位：项目研发工程师（2~3人）2.岗位职责：（1）根据项目整体规划，协助项目组完成钙钛矿及叠层电池的光伏器件工艺开发与优化研究。（2）负责操作、调试并维护实验相关的核心仪器设备（如手套箱、多靶磁控溅射仪、太阳光模拟器、原子层沉积仪等）。（3）参与实验室设备的日常管理及项目组交办的其他科研辅助事务。3.任职要求：（1）专业学历：拥有电力、电子、机械、物理、材料科学、化学工程等相关专业的本科及以上学历。（2）年龄要求：原则上不超过45周岁（即1980年1月1日后出生）。（3）综合素质：具备积极向上的学习态度，以及极强的分析问题与解决问题的能力。（4）优先条件：在晶硅/钙钛矿叠层电池领域有实际研发或设备采购管理经验者优先。三、薪酬福利与支持生态薪资待遇：9~11万元/年，并可同时享受地方各级人才津贴支持。科研保障：配备一流的科研硬件条件，提供充足、稳定的科研经费支持。成长空间：纳入实验室科研评聘体系，优先支持个人申报各级各类人才项目，并享受相应的政策优惠。生活福利：提供饭补（每月600元），提供半年过渡性人才公寓保障，享有五险一金、节日福利、年度体检等完善的福利待遇。四、应聘方式与流程第一步：简历投递请申请人将个人简历及相关证明材料整合发送至指定邮箱：1027768385@qq.com。证明材料包括但不限于：身份证、学历学位证书、职称证明、学位论文摘要、已发表的著述或论文全文，以及其他可证明本人能力及水平的相关资料。第二步：简历筛选与面试通知我们将在收到应聘材料后进行初步筛选。简历筛选通过后，我们将通过邮件形式发送面试通知，告知具体的面试时间与安排。（注：未通过简历筛选者，可能无法逐一回复邮件，敬请谅解。）注意事项：（1）邮件主题建议统一命名为：“应聘项目研发工程师-姓名-专业”。（2）本招聘的应聘材料投递全年受理，招满即止。联系咨询：如有任何问题，请联系张老师：1027768385@qq.com。苏州国家实验室高效稳定钙钛矿光伏材料与器件研发招聘启事。,,,,pending
大连理工大学史彦涛最新AM：33.6%！！中间相介导宽带隙钙钛矿均匀结晶制备高效硅/钙钛矿叠层太阳能电池,钙钛矿太阳能电池,钙钛矿太阳能电池,"RIOnews API, 钙钛矿, 柔性钙钛矿, 学术研究, 大学, 教授",normal,2026-08-25T20:16:24+08:00,,"制备成分均一的混合卤化物（I⁻和Br⁻）宽带隙钙钛矿薄膜对于高性能钙钛矿/晶体硅叠层太阳能电池至关重要。然而，碘化物相和溴化物相不同的结晶动力学容易导致卤化物偏析和元素分布不均匀，从而降低叠层太阳能电池的性能。鉴于此，2026年8月22日大连理工大学史彦涛于AM刊发中间相介导宽带隙钙钛矿均匀结晶制备高效硅/钙钛矿叠层太阳能电池的研究成果，采用3,4,5-三氟苯硼酸（3FBBA）作为多功能调节剂，它通过互补的氢键和配位相互作用与有机阳离子和卤化铅八面体协同作用，从而从根本上调控α相钙钛矿的形成机制。它将自发、不受控制的直接结晶路径转变为由高度有序的中间相介导的可控相变过程。这些结构良好的中间体作",http://mp.weixin.qq.com/s?__biz=MzIwNDAzNzcwMA==&mid=2456843490&idx=1&sn=0fee6fbcf2ddc47176295de20bdb2b32,,"制备成分均一的混合卤化物（I⁻和Br⁻）宽带隙钙钛矿薄膜对于高性能钙钛矿/晶体硅叠层太阳能电池至关重要。然而，碘化物相和溴化物相不同的结晶动力学容易导致卤化物偏析和元素分布不均匀，从而降低叠层太阳能电池的性能。鉴于此，2026年8月22日大连理工大学史彦涛于AM刊发中间相介导宽带隙钙钛矿均匀结晶制备高效硅/钙钛矿叠层太阳能电池的研究成果，采用3,4,5-三氟苯硼酸（3FBBA）作为多功能调节剂，它通过互补的氢键和配位相互作用与有机阳离子和卤化铅八面体协同作用，从而从根本上调控α相钙钛矿的形成机制。它将自发、不受控制的直接结晶路径转变为由高度有序的中间相介导的可控相变过程。这些结构良好的中间体作","制备成分均一的混合卤化物（I⁻和Br⁻）宽带隙钙钛矿薄膜对于高性能钙钛矿/晶体硅叠层太阳能电池至关重要。然而，碘化物相和溴化物相不同的结晶动力学容易导致卤化物偏析和元素分布不均匀，从而降低叠层太阳能电池的性能。鉴于此，2026年8月22日大连理工大学史彦涛于AM刊发中间相介导宽带隙钙钛矿均匀结晶制备高效硅/钙钛矿叠层太阳能电池的研究成果，采用3,4,5-三氟苯硼酸（3FBBA）作为多功能调节剂，它通过互补的氢键和配位相互作用与有机阳离子和卤化铅八面体协同作用，从而从根本上调控α相钙钛矿的形成机制。它将自发、不受控制的直接结晶路径转变为由高度有序的中间相介导的可控相变过程。这些结构良好的中间体作为明确的预结构框架，引导高质量α相钙钛矿的形成。得益于此策略，所得宽禁带钙钛矿薄膜具有更大的晶粒尺寸和更低的缺陷密度，从而抑制了非辐射复合损失并加速了电荷转移动力学。因此，单结1.66 eV宽禁带钙钛矿太阳能电池实现了24.09%的高功率转换效率，而双端钙钛矿/硅太阳能电池则实现了33.6%的最高效率。值得注意的是，在环境大气条件下，未封装的叠层太阳能电池在连续571小时的最大功率点跟踪（MPPT）过程中，仍能保持其初始效率的90%以上。原文：https://advanced.onlinelibrary.wiley.com/doi/10.1002/adma.74784钙钛矿方向课题组网站NREL网站：https://www.nrel.gov/pv/cell-efficiency.htmlGratzel课题组网站：http://lpi.epfl.ch/publicationsSnaith课题组网站：https://www2.physics.ox.ac.uk/contacts/people/snaith/publicationsYangYang课题组网站：https://yylab.seas.ucla.edu/publications.html黄劲松课题组网站：https://huangjinsong.wixsite.com/group/publications李美成课题组网站：https://nemd.ncepu.edu.cn/戚亚冰课题组网站：https://groups.oist.jp/emssu/publications周欢萍课题组网站：https://happyzhou.wixsite.com/happylabs金松课题组网站：https://jin.chem.wisc.edu/content/song-jin陈棋课题组网站：https://cheerslab.net/丁黎明课题组网站：http://www.nanoctr.cn/opv/yjcg/孟庆波课题组网站：http://solar.iphy.ac.cn/index.php/?page_id=5103张春福课题组网站：https://web.xidian.edu.cn/cfzhang/Jin Young Kim 课题组网站：https://ngel.unist.ac.kr/papers/Nam-Gyu Park课题组网站：http://ngpl.skku.edu/sub/sub04_01.php?cat_no=37&sNum=1叶轩立课题组网站：https://www.yipgroup.info/research唐江课题组网站：：http://tfsc.wnlo.hust.edu.cn/info/1153/1594.htmSargent课题组网站：https://light.utoronto.ca/publications/2021-1/Seok课题组网站：https://seoksi.unist.ac.kr/publication/周圆圆课题组网站：https://www.alvinyzhou.com/all-papers王漾课题组网站：https://www.x-mol.com/groups/steven_wangyang陈树林（钙钛矿透射电子显微学）网站：http://grzy.hnu.edu.cn/site/index/chenshulin赵清课题组网站：http://faculty.pku.edu.cn/~vuaQVn/zh_CN/index.htm钙钛矿LED世界记录每日更新蓝光钙钛矿LED最高EQE26.4% 保持团队：浙江大学狄大卫&叶志镇&戴兴良团队 更新时间：2024年7月17日红光钙钛矿LED最高EQE32.5% 保持团队： 中科院半导体所张兴旺&游经碧 更新时间：2025年5月23日红光叠层钙钛矿LED最高EQE45.5% 保持团队： 南京工业大学王娜娜&黄维&王建浦 更新时间：2025年11月11日 绿光钙钛矿LED最高EQE31% 保持团队：华南理工大学陈江山&马东阁&澳门大学邢贵川 更新时间：2024年9月23日钙钛矿太阳能电池世界记录每日更新钙钛矿太阳能电池最高稳态认证光电转化效率28% 保持单位：海南大学钙钛矿/硅叠层太阳能电池最高认证光电转化效率35.5% 保持单位：隆基钙钛矿/TOPcon叠层太阳能电池最高认证光电转化效率34.76% 保持单位：晶科能源钙钛矿/PERC叠层太阳能电池最高光电转化效率30.05% 保持单位：首尔大学Jin Young Kim柔性钙钛矿/硅叠层太阳能电池最高认证光电转化效率33.6% 保持单位：苏州大学杨新波&张晓宏&阿卜杜拉国王科技大学De Wolf钙钛矿/CIGS叠层太阳能电池最高认证光电转化效率30.1% 保持单位：武汉大学李建民&王胜&龚俊波&肖旭东钙钛矿/钙钛矿/硅三结叠层太阳能电池最高认证光电转化效率27.06% 保持单位：悉尼大学郑将辉&Anita W. Y. Ho-Baillie&厦门大学陈忠&深圳黑晶光电技术有限公司段磊平1cm² 钙钛矿太阳能电池最高光电转化效率26.90% 保持单位：苏州大学/新南威尔士大学/白马湖实验室52cm² 钙钛矿太阳能电池最高光电转化效率26.48% 保持单位：万度光能900cm² 钙钛矿太阳能电池最高光电转化效率24.36% 保持单位：脉络能源户内光伏最高效率44.72% 保持团队：中国暨南大学王有生&麦耀华团队 更新时间：2024年1月12日钙钛矿室内光伏组件最高认证孔径面积效率34.94%/国家光伏产业计量测试中心认证(12.80 cm2) 保持团队：暨南大学麦耀华教授团队钙钛矿/钙钛矿叠层太阳能电池最高光电转化效率/JET认证28.2% (1.038cm2) 保持团队：南京大学&仁烁光电钙钛矿/钙钛矿叠层太阳能电池最高认证效率31.55% 保持团队：光因科技钙钛矿/OPV叠层太阳能电池最高认证效率26.42% 保持团队：青岛大学刘玉强&欧阳丹&薄志山&南方科技大学丘龙斌&北京师范大学张文凯&四川大学李鸿祥 更新时间：2025年10月9日露天制备钙钛矿太阳能电池最高效率26.5% 保持团队：中国华北电力大学李美成团队 更新时间：2025年9月28日钙钛矿太阳能电池低温运行最高效率26.12% 保持团队：中国陕西师范大学赵奎团队 更新时间：2023年8月31日锡铅混合钙钛矿太阳能电池最高效率24.13% 保持团队：上海交通大学陈汉团队 更新时间：2024年8月12日宽带隙（1.67 eV）钙钛矿太阳能电池最高效率25.03% 保持团队：中科院半导体所蒋琦&游经碧 更新时间：2025年12月12日宽带隙（1.76 eV）钙钛矿太阳能电池最高效率21.42% 保持团队：河北大学杨少鹏&何庭伟 更新时间：2025年7月18日柔性钙钛矿太阳能电池最高效率26.61% 保持团队：九江市柔烁光电科技有限公司 更新时间：2024年9月28日二维钙钛矿太阳能电池（n=5）最高效率22.73% 保持团队：南昌大学胡婷&陈义旺 更新时间：2024年10月15日锡基钙钛矿太阳能电池最高效率17.89% 保持团队：复旦大学梁佳&南京理工大学徐勃&上海交通大学戚亚冰 更新时间：2025年10月15日全无机钙钛矿太阳能电池最高效率22.49% 保持团队：陕西师范大学田庆文&刘生忠 更新时间：2025年8月12日CsSnI3钙钛矿太阳能电池最高效率14.95% 保持团队：华中科技大学申燕&王鸣魁 更新时间：2025年5月21日FASnI3钙钛矿太阳能电池最高效率15.7% 保持团队：上海科技大学米启兮 更新时间：2024年4月2日碳电极钙钛矿太阳能电池最高效率23.6% 保持团队：大连理工大学王宇迪&史彦涛 更新时间：2025年11月5日无HTM碳电极全无机钙钛矿太阳能电池最高效率19.65％ 保持团队：华南农业大学饶华商&钟新华团队 更新时间：2025年1月13日无HTM碳电极钙钛矿太阳能电池最高效率20.1％ 保持团队：华南农业大学潘振晓&钟新华 更新时间：2024年5月31日CsPbI2Br钙钛矿太阳能电池最高效率18.14% 保持团队：北京化工大学李明华&化学所胡劲松 更新时间：2024年1月17日钙钛矿量子点太阳能电池的最高效率19.01% 保持团队：苏州大学袁建宇 更新时间：2025年8月15日 注：每个蓝色文字部分都带有超链接，超链接每篇都有参考文献，这里就不一一标注参考文献了。 此外，还有哪些没有归纳的记录，或者有新突破的记录，可以文末留言或者后台留言，以后每日及时更新。 国内最大钙钛矿电池QQ交流群，微信群添微信lili514091，欢迎加入点击阅读原文可获取原文仅用于学术分享，如有侵权，请联系删除。阅读原文2026年8月22日大连理工大学史彦涛于AM刊发中间相介导宽带隙钙钛矿均匀结晶制备高效硅/钙钛矿叠层太阳能电池的研究成果。",,,,pending
宁波工程学院张为海&Antonio Abate最新NC：偶极子工程化的共吸附自组装单层将Cs基无机Pb-Sn钙钛矿叠层电池的效率提升至20%以上,钙钛矿太阳能电池,钙钛矿太阳能电池,"RIOnews API, 钙钛矿, 窄带隙钙钛矿, 柔性钙钛矿, 学术研究, 大学, 教授",normal,2026-08-25T20:16:24+08:00,,自组装单分子层已成为实现高性能钙钛矿太阳能电池的关键组分。然而，目前大多数采用SAMs的高效钙钛矿太阳能电池均使用铅基宽带隙钙钛矿，而其在叠层兼容的铅锡混合窄带隙钙钛矿中的应用却鲜有报道。鉴于此，2026年8月24日宁波工程学院张为海&Antonio Abate&南方科技大学王湘麟&暨南大学时婷婷于NC刊发偶极子工程化的共吸附自组装单层将Cs基无机Pb-Sn钙钛矿叠层电池的效率提升至20%以上的研究成果，本文通过在NiOx上共组装4-[(4-氨基苯基)重氮基]苯磺酸（4-ASA）和Me-4PACz，利用偶极工程技术制备了具有铯基无机铅锡吸收层的高性能钙钛矿太阳能电池。研究证明，4-ASA能够诱,http://mp.weixin.qq.com/s?__biz=MzIwNDAzNzcwMA==&mid=2456843490&idx=3&sn=bdae81333520ed1bc8514f0a9ef9881f,,自组装单分子层已成为实现高性能钙钛矿太阳能电池的关键组分。然而，目前大多数采用SAMs的高效钙钛矿太阳能电池均使用铅基宽带隙钙钛矿，而其在叠层兼容的铅锡混合窄带隙钙钛矿中的应用却鲜有报道。鉴于此，2026年8月24日宁波工程学院张为海&Antonio Abate&南方科技大学王湘麟&暨南大学时婷婷于NC刊发偶极子工程化的共吸附自组装单层将Cs基无机Pb-Sn钙钛矿叠层电池的效率提升至20%以上的研究成果，本文通过在NiOx上共组装4-[(4-氨基苯基)重氮基]苯磺酸（4-ASA）和Me-4PACz，利用偶极工程技术制备了具有铯基无机铅锡吸收层的高性能钙钛矿太阳能电池。研究证明，4-ASA能够诱,"自组装单分子层已成为实现高性能钙钛矿太阳能电池的关键组分。然而，目前大多数采用SAMs的高效钙钛矿太阳能电池均使用铅基宽带隙钙钛矿，而其在叠层兼容的铅锡混合窄带隙钙钛矿中的应用却鲜有报道。鉴于此，2026年8月24日宁波工程学院张为海&Antonio Abate&南方科技大学王湘麟&暨南大学时婷婷于NC刊发偶极子工程化的共吸附自组装单层将Cs基无机Pb-Sn钙钛矿叠层电池的效率提升至20%以上的研究成果，本文通过在NiOx上共组装4-[(4-氨基苯基)重氮基]苯磺酸（4-ASA）和Me-4PACz，利用偶极工程技术制备了具有铯基无机铅锡吸收层的高性能钙钛矿太阳能电池。研究证明，4-ASA能够诱导Me-4-PACz之间的分子间相互作用，从而抑制SAM的聚集和胶束的形成。这使得共自组装单分子层（co-SAMs）的形成成为可能，其偶极矩方向由NiOx指向钙钛矿，从而有效优化了埋入界面处的能级排列。此外，共自组装单分子层中间层具有优异的亲水性，可作为钙钛矿沉积的理想成核模板，有助于形成具有更大晶界沟槽（GBG）角度、抑制界面Sn2+氧化并降低残余拉应力的钙钛矿薄膜。因此，基于窄带隙Pb-Sn的无机钙钛矿太阳能电池实现了17.82%的扫描功率转换效率，并具有出色的紫外光照射稳定性和运行稳定性。此外，通过集成窄带隙 (1.36 eV, CsPb0.6Sn0.4I3) 和宽带隙 (1.74 eV, CsPb0.7Sn0.3IBr2) 子电池，展示了第一个四端 (4 T) 钙钛矿叠层器件，其中两个子电池均基于Cs基Pb-Sn混合无机吸收体，实现了20.36%的总效率。原文：https://www.nature.com/articles/s41467-026-76847-z钙钛矿方向课题组网站NREL网站：https://www.nrel.gov/pv/cell-efficiency.htmlGratzel课题组网站：http://lpi.epfl.ch/publicationsSnaith课题组网站：https://www2.physics.ox.ac.uk/contacts/people/snaith/publicationsYangYang课题组网站：https://yylab.seas.ucla.edu/publications.html黄劲松课题组网站：https://huangjinsong.wixsite.com/group/publications李美成课题组网站：https://nemd.ncepu.edu.cn/戚亚冰课题组网站：https://groups.oist.jp/emssu/publications周欢萍课题组网站：https://happyzhou.wixsite.com/happylabs金松课题组网站：https://jin.chem.wisc.edu/content/song-jin陈棋课题组网站：https://cheerslab.net/丁黎明课题组网站：http://www.nanoctr.cn/opv/yjcg/孟庆波课题组网站：http://solar.iphy.ac.cn/index.php/?page_id=5103张春福课题组网站：https://web.xidian.edu.cn/cfzhang/Jin Young Kim 课题组网站：https://ngel.unist.ac.kr/papers/Nam-Gyu Park课题组网站：http://ngpl.skku.edu/sub/sub04_01.php?cat_no=37&sNum=1叶轩立课题组网站：https://www.yipgroup.info/research唐江课题组网站：：http://tfsc.wnlo.hust.edu.cn/info/1153/1594.htmSargent课题组网站：https://light.utoronto.ca/publications/2021-1/Seok课题组网站：https://seoksi.unist.ac.kr/publication/周圆圆课题组网站：https://www.alvinyzhou.com/all-papers王漾课题组网站：https://www.x-mol.com/groups/steven_wangyang陈树林（钙钛矿透射电子显微学）网站：http://grzy.hnu.edu.cn/site/index/chenshulin赵清课题组网站：http://faculty.pku.edu.cn/~vuaQVn/zh_CN/index.htm钙钛矿LED世界记录每日更新蓝光钙钛矿LED最高EQE26.4% 保持团队：浙江大学狄大卫&叶志镇&戴兴良团队 更新时间：2024年7月17日红光钙钛矿LED最高EQE32.5% 保持团队： 中科院半导体所张兴旺&游经碧 更新时间：2025年5月23日红光叠层钙钛矿LED最高EQE45.5% 保持团队： 南京工业大学王娜娜&黄维&王建浦 更新时间：2025年11月11日 绿光钙钛矿LED最高EQE31% 保持团队：华南理工大学陈江山&马东阁&澳门大学邢贵川 更新时间：2024年9月23日钙钛矿太阳能电池世界记录每日更新钙钛矿太阳能电池最高稳态认证光电转化效率28% 保持单位：海南大学钙钛矿/硅叠层太阳能电池最高认证光电转化效率35.5% 保持单位：隆基钙钛矿/TOPcon叠层太阳能电池最高认证光电转化效率34.76% 保持单位：晶科能源钙钛矿/PERC叠层太阳能电池最高光电转化效率30.05% 保持单位：首尔大学Jin Young Kim柔性钙钛矿/硅叠层太阳能电池最高认证光电转化效率33.6% 保持单位：苏州大学杨新波&张晓宏&阿卜杜拉国王科技大学De Wolf钙钛矿/CIGS叠层太阳能电池最高认证光电转化效率30.1% 保持单位：武汉大学李建民&王胜&龚俊波&肖旭东钙钛矿/钙钛矿/硅三结叠层太阳能电池最高认证光电转化效率27.06% 保持单位：悉尼大学郑将辉&Anita W. Y. Ho-Baillie&厦门大学陈忠&深圳黑晶光电技术有限公司段磊平1cm² 钙钛矿太阳能电池最高光电转化效率26.90% 保持单位：苏州大学/新南威尔士大学/白马湖实验室52cm² 钙钛矿太阳能电池最高光电转化效率26.48% 保持单位：万度光能900cm² 钙钛矿太阳能电池最高光电转化效率24.36% 保持单位：脉络能源户内光伏最高效率44.72% 保持团队：中国暨南大学王有生&麦耀华团队 更新时间：2024年1月12日钙钛矿室内光伏组件最高认证孔径面积效率34.94%/国家光伏产业计量测试中心认证(12.80 cm2) 保持团队：暨南大学麦耀华教授团队钙钛矿/钙钛矿叠层太阳能电池最高光电转化效率/JET认证28.2% (1.038cm2) 保持团队：南京大学&仁烁光电钙钛矿/钙钛矿叠层太阳能电池最高认证效率31.55% 保持团队：光因科技钙钛矿/OPV叠层太阳能电池最高认证效率26.42% 保持团队：青岛大学刘玉强&欧阳丹&薄志山&南方科技大学丘龙斌&北京师范大学张文凯&四川大学李鸿祥 更新时间：2025年10月9日露天制备钙钛矿太阳能电池最高效率26.5% 保持团队：中国华北电力大学李美成团队 更新时间：2025年9月28日钙钛矿太阳能电池低温运行最高效率26.12% 保持团队：中国陕西师范大学赵奎团队 更新时间：2023年8月31日锡铅混合钙钛矿太阳能电池最高效率24.13% 保持团队：上海交通大学陈汉团队 更新时间：2024年8月12日宽带隙（1.67 eV）钙钛矿太阳能电池最高效率25.03% 保持团队：中科院半导体所蒋琦&游经碧 更新时间：2025年12月12日宽带隙（1.76 eV）钙钛矿太阳能电池最高效率21.42% 保持团队：河北大学杨少鹏&何庭伟 更新时间：2025年7月18日柔性钙钛矿太阳能电池最高效率26.61% 保持团队：九江市柔烁光电科技有限公司 更新时间：2024年9月28日二维钙钛矿太阳能电池（n=5）最高效率22.73% 保持团队：南昌大学胡婷&陈义旺 更新时间：2024年10月15日锡基钙钛矿太阳能电池最高效率17.89% 保持团队：复旦大学梁佳&南京理工大学徐勃&上海交通大学戚亚冰 更新时间：2025年10月15日全无机钙钛矿太阳能电池最高效率22.49% 保持团队：陕西师范大学田庆文&刘生忠 更新时间：2025年8月12日CsSnI3钙钛矿太阳能电池最高效率14.95% 保持团队：华中科技大学申燕&王鸣魁 更新时间：2025年5月21日FASnI3钙钛矿太阳能电池最高效率15.7% 保持团队：上海科技大学米启兮 更新时间：2024年4月2日碳电极钙钛矿太阳能电池最高效率23.6% 保持团队：大连理工大学王宇迪&史彦涛 更新时间：2025年11月5日无HTM碳电极全无机钙钛矿太阳能电池最高效率19.65％ 保持团队：华南农业大学饶华商&钟新华团队 更新时间：2025年1月13日无HTM碳电极钙钛矿太阳能电池最高效率20.1％ 保持团队：华南农业大学潘振晓&钟新华 更新时间：2024年5月31日CsPbI2Br钙钛矿太阳能电池最高效率18.14% 保持团队：北京化工大学李明华&化学所胡劲松 更新时间：2024年1月17日钙钛矿量子点太阳能电池的最高效率19.01% 保持团队：苏州大学袁建宇 更新时间：2025年8月15日 注：每个蓝色文字部分都带有超链接，超链接每篇都有参考文献，这里就不一一标注参考文献了。 此外，还有哪些没有归纳的记录，或者有新突破的记录，可以文末留言或者后台留言，以后每日及时更新。 国内最大钙钛矿电池QQ交流群，微信群添微信lili514091，欢迎加入点击阅读原文可获取原文仅用于学术分享，如有侵权，请联系删除。阅读原文2026年8月24日宁波工程学院张为海\x26amp;Antonio Abate\x26amp;南方科技大学王湘麟\x26amp;暨南大学时婷婷于NC刊发偶极子工程化的共吸附自组装单层将Cs基无机Pb-Sn钙钛矿叠层电池的效率提升至20%以上的研究成果。",,,,pending
常州大学袁宁一&丁建宁&扬州大学李绿洲最新AM：埋入界面处的构象弹性：钙钛矿太阳能电池效率为26.89%，组件认证效率为23.95%,钙钛矿太阳能电池,钙钛矿太阳能电池,"RIOnews API, 钙钛矿, 柔性钙钛矿, 学术研究, 大学, 教授",normal,2026-08-25T20:16:24+08:00,,传统的自组装单分子层构象刚性较强，无法缓冲钙钛矿快速结晶过程中的界面应变，从而限制了薄膜质量和器件稳定性。鉴于此，2026年8月22日常州大学袁宁一&丁建宁&扬州大学李绿洲于AM刊发埋入界面处的构象弹性：钙钛矿太阳能电池效率为26.89%，组件认证效率为23.95%的研究成果，提出了一种构象工程策略，利用2-二苯甲基亚甲基琥珀酸（BSA）构建弹性埋入界面。BSA是一种刚性的二苯亚甲基锚定分子，其柔性的琥珀酸链能够有效构建弹性埋入界面。原子模拟表明，BSA可作为可压缩缓冲层，在位移作用下延迟应力积累约6 Å。这种动态应变耗散改善了异质结接触，并增强了空穴提取和传输。BSA修饰的反式器件效率达到2,http://mp.weixin.qq.com/s?__biz=MzIwNDAzNzcwMA==&mid=2456843490&idx=2&sn=c26ec7a5c61babdd12f2660f93e54556,,传统的自组装单分子层构象刚性较强，无法缓冲钙钛矿快速结晶过程中的界面应变，从而限制了薄膜质量和器件稳定性。鉴于此，2026年8月22日常州大学袁宁一&丁建宁&扬州大学李绿洲于AM刊发埋入界面处的构象弹性：钙钛矿太阳能电池效率为26.89%，组件认证效率为23.95%的研究成果，提出了一种构象工程策略，利用2-二苯甲基亚甲基琥珀酸（BSA）构建弹性埋入界面。BSA是一种刚性的二苯亚甲基锚定分子，其柔性的琥珀酸链能够有效构建弹性埋入界面。原子模拟表明，BSA可作为可压缩缓冲层，在位移作用下延迟应力积累约6 Å。这种动态应变耗散改善了异质结接触，并增强了空穴提取和传输。BSA修饰的反式器件效率达到2,传统的自组装单分子层构象刚性较强，无法缓冲钙钛矿快速结晶过程中的界面应变，从而限制了薄膜质量和器件稳定性。鉴于此，2026年8月22日常州大学袁宁一&丁建宁&扬州大学李绿洲于AM刊发埋入界面处的构象弹性：钙钛矿太阳能电池效率为26.89%，组件认证效率为23.95%的研究成果，提出了一种构象工程策略，利用2-二苯甲基亚甲基琥珀酸（BSA）构建弹性埋入界面。BSA是一种刚性的二苯亚甲基锚定分子，其柔性的琥珀酸链能够有效构建弹性埋入界面。原子模拟表明，BSA可作为可压缩缓冲层，在位移作用下延迟应力积累约6 Å。这种动态应变耗散改善了异质结接触，并增强了空穴提取和传输。BSA修饰的反式器件效率达到26.89%（0.045 cm²，认证效率为26.52%）。大面积模组（22.95 cm²）效率达到24.30%（认证效率为23.95%），是该面积器件中认证效率最高的之一。该器件在经过316小时的昼夜循环后仍能保持90%的初始效率，在经历300次-20℃至100℃的极端瞬态热冲击循环后仍能保持88%的初始效率。这种结构设计将机械柔顺性与电子功能相结合，实现了可扩展的钙钛矿光伏器件。原文：https://advanced.onlinelibrary.wiley.com/doi/10.1002/adma.74771钙钛矿方向课题组网站NREL网站：https://www.nrel.gov/pv/cell-efficiency.htmlGratzel课题组网站：http://lpi.epfl.ch/publicationsSnaith课题组网站：https://www2.physics.ox.ac.uk/contacts/people/snaith/publicationsYangYang课题组网站：https://yylab.seas.ucla.edu/publications.html黄劲松课题组网站：https://huangjinsong.wixsite.com/group/publications李美成课题组网站：https://nemd.ncepu.edu.cn/戚亚冰课题组网站：https://groups.oist.jp/emssu/publications周欢萍课题组网站：https://happyzhou.wixsite.com/happylabs金松课题组网站：https://jin.chem.wisc.edu/content/song-jin陈棋课题组网站：https://cheerslab.net/丁黎明课题组网站：http://www.nanoctr.cn/opv/yjcg/孟庆波课题组网站：http://solar.iphy.ac.cn/index.php/?page_id=5103张春福课题组网站：https://web.xidian.edu.cn/cfzhang/Jin Young Kim 课题组网站：https://ngel.unist.ac.kr/papers/Nam-Gyu Park课题组网站：http://ngpl.skku.edu/sub/sub04_01.php?cat_no=37&sNum=1叶轩立课题组网站：https://www.yipgroup.info/research唐江课题组网站：：http://tfsc.wnlo.hust.edu.cn/info/1153/1594.htmSargent课题组网站：https://light.utoronto.ca/publications/2021-1/Seok课题组网站：https://seoksi.unist.ac.kr/publication/周圆圆课题组网站：https://www.alvinyzhou.com/all-papers王漾课题组网站：https://www.x-mol.com/groups/steven_wangyang陈树林（钙钛矿透射电子显微学）网站：http://grzy.hnu.edu.cn/site/index/chenshulin赵清课题组网站：http://faculty.pku.edu.cn/~vuaQVn/zh_CN/index.htm钙钛矿LED世界记录每日更新蓝光钙钛矿LED最高EQE26.4% 保持团队：浙江大学狄大卫&叶志镇&戴兴良团队 更新时间：2024年7月17日红光钙钛矿LED最高EQE32.5% 保持团队： 中科院半导体所张兴旺&游经碧 更新时间：2025年5月23日红光叠层钙钛矿LED最高EQE45.5% 保持团队： 南京工业大学王娜娜&黄维&王建浦 更新时间：2025年11月11日 绿光钙钛矿LED最高EQE31% 保持团队：华南理工大学陈江山&马东阁&澳门大学邢贵川 更新时间：2024年9月23日钙钛矿太阳能电池世界记录每日更新钙钛矿太阳能电池最高稳态认证光电转化效率28% 保持单位：海南大学钙钛矿/硅叠层太阳能电池最高认证光电转化效率35.5% 保持单位：隆基钙钛矿/TOPcon叠层太阳能电池最高认证光电转化效率34.76% 保持单位：晶科能源钙钛矿/PERC叠层太阳能电池最高光电转化效率30.05% 保持单位：首尔大学Jin Young Kim柔性钙钛矿/硅叠层太阳能电池最高认证光电转化效率33.6% 保持单位：苏州大学杨新波&张晓宏&阿卜杜拉国王科技大学De Wolf钙钛矿/CIGS叠层太阳能电池最高认证光电转化效率30.1% 保持单位：武汉大学李建民&王胜&龚俊波&肖旭东钙钛矿/钙钛矿/硅三结叠层太阳能电池最高认证光电转化效率27.06% 保持单位：悉尼大学郑将辉&Anita W. Y. Ho-Baillie&厦门大学陈忠&深圳黑晶光电技术有限公司段磊平1cm² 钙钛矿太阳能电池最高光电转化效率26.90% 保持单位：苏州大学/新南威尔士大学/白马湖实验室52cm² 钙钛矿太阳能电池最高光电转化效率26.48% 保持单位：万度光能900cm² 钙钛矿太阳能电池最高光电转化效率24.36% 保持单位：脉络能源户内光伏最高效率44.72% 保持团队：中国暨南大学王有生&麦耀华团队 更新时间：2024年1月12日钙钛矿室内光伏组件最高认证孔径面积效率34.94%/国家光伏产业计量测试中心认证(12.80 cm2) 保持团队：暨南大学麦耀华教授团队钙钛矿/钙钛矿叠层太阳能电池最高光电转化效率/JET认证28.2% (1.038cm2) 保持团队：南京大学&仁烁光电钙钛矿/钙钛矿叠层太阳能电池最高认证效率31.55% 保持团队：光因科技钙钛矿/OPV叠层太阳能电池最高认证效率26.42% 保持团队：青岛大学刘玉强&欧阳丹&薄志山&南方科技大学丘龙斌&北京师范大学张文凯&四川大学李鸿祥 更新时间：2025年10月9日露天制备钙钛矿太阳能电池最高效率26.5% 保持团队：中国华北电力大学李美成团队 更新时间：2025年9月28日钙钛矿太阳能电池低温运行最高效率26.12% 保持团队：中国陕西师范大学赵奎团队 更新时间：2023年8月31日锡铅混合钙钛矿太阳能电池最高效率24.13% 保持团队：上海交通大学陈汉团队 更新时间：2024年8月12日宽带隙（1.67 eV）钙钛矿太阳能电池最高效率25.03% 保持团队：中科院半导体所蒋琦&游经碧 更新时间：2025年12月12日宽带隙（1.76 eV）钙钛矿太阳能电池最高效率21.42% 保持团队：河北大学杨少鹏&何庭伟 更新时间：2025年7月18日柔性钙钛矿太阳能电池最高效率26.61% 保持团队：九江市柔烁光电科技有限公司 更新时间：2024年9月28日二维钙钛矿太阳能电池（n=5）最高效率22.73% 保持团队：南昌大学胡婷&陈义旺 更新时间：2024年10月15日锡基钙钛矿太阳能电池最高效率17.89% 保持团队：复旦大学梁佳&南京理工大学徐勃&上海交通大学戚亚冰 更新时间：2025年10月15日全无机钙钛矿太阳能电池最高效率22.49% 保持团队：陕西师范大学田庆文&刘生忠 更新时间：2025年8月12日CsSnI3钙钛矿太阳能电池最高效率14.95% 保持团队：华中科技大学申燕&王鸣魁 更新时间：2025年5月21日FASnI3钙钛矿太阳能电池最高效率15.7% 保持团队：上海科技大学米启兮 更新时间：2024年4月2日碳电极钙钛矿太阳能电池最高效率23.6% 保持团队：大连理工大学王宇迪&史彦涛 更新时间：2025年11月5日无HTM碳电极全无机钙钛矿太阳能电池最高效率19.65％ 保持团队：华南农业大学饶华商&钟新华团队 更新时间：2025年1月13日无HTM碳电极钙钛矿太阳能电池最高效率20.1％ 保持团队：华南农业大学潘振晓&钟新华 更新时间：2024年5月31日CsPbI2Br钙钛矿太阳能电池最高效率18.14% 保持团队：北京化工大学李明华&化学所胡劲松 更新时间：2024年1月17日钙钛矿量子点太阳能电池的最高效率19.01% 保持团队：苏州大学袁建宇 更新时间：2025年8月15日 注：每个蓝色文字部分都带有超链接，超链接每篇都有参考文献，这里就不一一标注参考文献了。 此外，还有哪些没有归纳的记录，或者有新突破的记录，可以文末留言或者后台留言，以后每日及时更新。 国内最大钙钛矿电池QQ交流群，微信群添微信lili514091，欢迎加入点击阅读原文可获取原文仅用于学术分享，如有侵权，请联系删除。阅读原文2026年8月22日常州大学袁宁一\x26amp;丁建宁\x26amp;扬州大学李绿洲于AM刊发埋入界面处的构象弹性：钙钛矿太阳能电池效率为26.89%，组件认证效率为23.95%的研究成果。,,,,pending
香港科技大学颜河教授课题组博士生及博士后招聘启事,钙钛矿太阳能电池,钙钛矿太阳能电池,"RIOnews API, 钙钛矿, 学术研究, 大学, 教授, 期刊",normal,2026-08-25T20:16:24+08:00,,香港科技大学简介香港科技大学(The Hong Kong University of Science and Technology，HKUST)是亚洲顶尖的研究型大学之一，以其世界一流的科研实力和创新氛围而闻名。自1991年建校以来，HKUST在短短几十年内迅速跻身国际知名学府之列，在QS世界大学排名中长期位列亚洲前茅。港科大校园依山傍水，海景绝美。校园内生活便利，餐饮、运动、娱乐一应俱全。香港留学属于境外学习经历，可用于申请人才项目。导师简介颜河教授：于2000年本科毕业于北京大学化学系；2004年在美国西北大学获得博士学位，师从美国总统奖获得者Tobin Marks教授。2006-2011,http://mp.weixin.qq.com/s?__biz=MzIwNDAzNzcwMA==&mid=2456843490&idx=5&sn=913bc1db0555216bc39c56491fbc24b5,,香港科技大学简介香港科技大学(The Hong Kong University of Science and Technology，HKUST)是亚洲顶尖的研究型大学之一，以其世界一流的科研实力和创新氛围而闻名。自1991年建校以来，HKUST在短短几十年内迅速跻身国际知名学府之列，在QS世界大学排名中长期位列亚洲前茅。港科大校园依山傍水，海景绝美。校园内生活便利，餐饮、运动、娱乐一应俱全。香港留学属于境外学习经历，可用于申请人才项目。导师简介颜河教授：于2000年本科毕业于北京大学化学系；2004年在美国西北大学获得博士学位，师从美国总统奖获得者Tobin Marks教授。2006-2011,"香港科技大学简介香港科技大学(The Hong Kong University of Science and Technology，HKUST)是亚洲顶尖的研究型大学之一，以其世界一流的科研实力和创新氛围而闻名。自1991年建校以来，HKUST在短短几十年内迅速跻身国际知名学府之列，在QS世界大学排名中长期位列亚洲前茅。港科大校园依山傍水，海景绝美。校园内生活便利，餐饮、运动、娱乐一应俱全。香港留学属于境外学习经历，可用于申请人才项目。导师简介颜河教授：于2000年本科毕业于北京大学化学系；2004年在美国西北大学获得博士学位，师从美国总统奖获得者Tobin Marks教授。2006-2011年带领polyera公司的研究小组研发柔性显示器和太阳能电池材料。2012年至今就职于香港科技大学化学系，并于2023年成为香港科技大学讲席教授。颜河教授在有机及钙钛矿太阳能电池领域做出了杰出的贡献，发表论文420余篇，被引用超58000次，H因子115，并于2020年获得了腾讯“科学探索奖”，同年担任香港的RGC研究员，并连续8年获得“高被引科学家”的称号，研究成果在2015年被美国国家可再生能源实验室收录进著名的“best research-cell efficiency chart”世界纪录表。颜河教授建立了以香港为中心的国际跨学科研究平台，同时还具有丰富的产业化经验，是中国新型光伏技术产业化的引领者，并于2018年创立了深圳易柔光伏有限公司，提出了有机光伏产业化新路线，并带领公司多次获得创业大赛奖项。2019年，公司荣获第十一届中国深圳创新创业大赛新能源及节能环保产业组决赛一等奖。同年，公司从全国7个区域比赛的1279个项目中脱颖而出，在香港科技大学与越秀集团联合举办的“百万创业大赛”中获得冠军。潘世豪博士（Research Assistant Professor）：主要从事有机光电材料与器件研究，聚焦有机太阳能电池中的能量损失、激发态调控与界面工程。研究涵盖新型电子受体分子设计、低能量损失有机光伏、界面能级调控及自组装单分子层等方向，致力于从分子设计、光物理机制到器件工程建立系统的研究体系。近年来以第一/通讯作者在 Nature Photonics、Advanced Materials、Journal of the American Chemical Society, Angewandte Chemie, Energy & Enviromental Science等国际期刊发表研究成果，并积极推动有机光电材料与器件的基础研究及应用转化。目前致力于建设一个年轻、开放、交叉、充满创造力的研究团队，欢迎对有机光电、材料化学、光物理及器件研究感兴趣的博士生和博士后加入。课题组研究方向研究方向面向高效、低能量损失的有机光电材料与器件。课题组致力于通过分子计、激发态调控与界面工程，探索新型有机光电材料，突破能量损失与界面传输等关键瓶颈，构筑下一代高性能太阳能电池。01｜新型非富勒烯受体（NFAs）分子聚焦新型非富勒烯受体的分子工程，通过调控其电子结构与激发态特性，深入探究激子解离、电荷复合及非辐射能量损失的内在机制，从材料源头驱动高效率、低电压损失的有机太阳能电池发展。02｜有机太阳能电池界面工程针对电荷选择性传输与界面能级失配问题，设计并合成新型空穴传输层及界面修饰材料，实现器件界面能级排列与接触特性的精准调控，提升电荷提取效率，降低界面复合损耗。03｜钙钛矿太阳能电池自组装单分子层发展新型自组装单分子层及界面分子设计策略，系统调控电极/活性层界面处的能级、偶极矩与电荷传输性质，实现界面协同优化，为实现高效稳定钙钛矿光伏器件提供新路径。招聘岗位1）博士研究生:1.诚实守信，对科研有热情，工作踏实勤奋，做事严谨，善于团队合作。2.欢迎具有硕士科研经历的同学以及优秀的本科生。化学，材料科学，物理等相关专业背景优先考虑。3.在有机太阳能电池及钙钛矿太阳能电池器件制备、有机光电半导体材料合成等领域有研究经历并有相关论文者优先考虑。4.英语成绩要求。ielts>=6.5，单科不低于5.5；或Tofel>80。*注意，语言成绩是研究生入学的硬性要求。5.香港科技大学理学院的其他具体要求请浏览: https://science.hkust.edu.hk/zh-hans2）博士后研究员: 1.申请者需即将获得博士学位或已获得博士学位不超过3年，具备独立开展科研项目的能力，良好的沟通与协作能力，以及协助PI指导学生和管理实验室的能力；2.曾以第一作者身份在国际权威期刊上发表过较高水平科研论文；3目前提供博士后工资起薪28000港币/月，可根据申请人的背景，感兴趣的方向，与导师达成合作意向后与导师面议，优秀者可支持申请ITF Postdoc Hub（月薪 45000 港币/月）。应聘材料有意者请将个人简历（包括教育背景、科研及项目经历、论文专著清单、获奖情况等详细信息）和代表性学术论文发送至潘世豪博士邮箱（punsaiho@ust.hk），并注明PhD/Postdoc application。通过简历初选者将安排面试，期待您的加入！香港科技大学颜河教授课题组博士生及博士后招聘启事",,,,pending
中国科学院化学研究所康欣晨研究员、韩布兴院士Nature Catalysis：二氧化碳与亚磷酸盐电耦合合成抗病毒药物膦甲酸钠，开启绿色制药,电催化科研社,电催化科研社,"RIOnews API, 电化学合成, 电合成, CO₂还原, 学术研究, 科学院, 研究所, 期刊",normal,2026-08-25T19:46:25+08:00,,全文速览近日，中国科研团队在顶级期刊《Nature Catalysis》发表突破性成果，首次实现了通过电化学方式将温室气体CO₂与作为水污染物的亚磷酸盐耦合，一步合成临床关键抗病毒药物膦甲酸钠。研究团队自主设计了离子液体修饰的金属铋（IL@Bi）催化剂，在单流电解池中实现了高达37.5%的膦甲酸钠法拉第效率，对应的电流密度可达224.2 mA cm⁻²，膦甲酸钠生成速率达到1555.6 μmol cm⁻² h⁻¹，是未改性纯铋催化剂的10倍。整套反应体系可以在50小时的连续电解过程中保持性能稳定，且经过技术经济分析验证，该电合成路径的生产成本显著低于现有传统工业合成路线，兼具环境效益与商业竞争,http://mp.weixin.qq.com/s?__biz=MzI4MTE2MjIxOQ==&mid=2650306928&idx=1&sn=57069b15886a531ea755c9aee5e044cc,,全文速览近日，中国科研团队在顶级期刊《Nature Catalysis》发表突破性成果，首次实现了通过电化学方式将温室气体CO₂与作为水污染物的亚磷酸盐耦合，一步合成临床关键抗病毒药物膦甲酸钠。研究团队自主设计了离子液体修饰的金属铋（IL@Bi）催化剂，在单流电解池中实现了高达37.5%的膦甲酸钠法拉第效率，对应的电流密度可达224.2 mA cm⁻²，膦甲酸钠生成速率达到1555.6 μmol cm⁻² h⁻¹，是未改性纯铋催化剂的10倍。整套反应体系可以在50小时的连续电解过程中保持性能稳定，且经过技术经济分析验证，该电合成路径的生产成本显著低于现有传统工业合成路线，兼具环境效益与商业竞争,"全文速览近日，中国科研团队在顶级期刊《Nature Catalysis》发表突破性成果，首次实现了通过电化学方式将温室气体CO₂与作为水污染物的亚磷酸盐耦合，一步合成临床关键抗病毒药物膦甲酸钠。研究团队自主设计了离子液体修饰的金属铋（IL@Bi）催化剂，在单流电解池中实现了高达37.5%的膦甲酸钠法拉第效率，对应的电流密度可达224.2 mA cm⁻²，膦甲酸钠生成速率达到1555.6 μmol cm⁻² h⁻¹，是未改性纯铋催化剂的10倍。整套反应体系可以在50小时的连续电解过程中保持性能稳定，且经过技术经济分析验证，该电合成路径的生产成本显著低于现有传统工业合成路线，兼具环境效益与商业竞争力，为高附加值有机磷化学品的绿色制造提供了全新的技术范式。背景介绍膦甲酸钠是一款临床核心抗病毒药物，作为病毒DNA聚合酶抑制剂，它不仅被广泛用于疱疹病毒感染的临床治疗，在巨细胞病毒性视网膜炎的治疗场景中也展现出极高的医疗价值，当前其国际市场售价约为13561美元/吨，拥有可观的市场体量。但传统的膦甲酸钠合成工艺长期依赖多步反应路径，生产过程需要使用大量危险试剂，反应条件苛刻，不仅能耗高，整体生产成本也居高不下，行业长期期盼更简洁、可持续的替代合成路线。与此同时，CO₂作为主要温室气体，其过量排放带来了严峻的全球气候变暖问题，而亚磷酸盐（HPO₃²⁻）则是典型的水体污染物，会引发水体养分过载，诱发有害藻华，造成水生生态系统的阳光遮蔽与氧气耗竭，最终导致水生生物大量死亡。如果能将这两种环境负担物作为碳源和磷源直接合成膦甲酸钠，完全契合绿色化学的发展理念，但该路径长期以来始终无法落地：一方面，CO₂和亚磷酸盐都属于惰性分子，活化难度极大；另一方面，二者偶联所需的C-P键构建过程存在极高的能垒，始终没有成熟的高效合成方案。电合成技术作为近些年快速崛起的合成策略，已经被证实可以高效实现C-C、C-N、C-S等C-X键的定向构建，理论上可以为C-P键的搭建提供可行路径，但将惰性的CO₂和亚磷酸盐通过电化学方式直接耦合仍面临两大核心挑战：一是CO₂还原过程极易发生竞争副反应生成甲酸盐，很难定向获得目标活性中间体；二是本身氧化还原惰性的亚磷酸盐需要转化为反应活性的磷中心自由基才能参与C-P键形成，过程中需要精准调控电子转移动力学，尽可能避免各类非目标副反应的发生。此外，即便两种原料分别成功转化为CO₂·⁻和PO₃·²⁻自由基，二者会分别在阴极和阳极生成，存在明显的空间分离与动力学不匹配问题，直接大幅降低了自由基的碰撞结合概率，进一步阻碍了C-P偶联过程的推进。研究内容与亮点本研究的核心创新点在于设计开发了离子液体1-丁基吡啶溴化物（BpyBr）修饰的铋基催化剂IL@Bi，突破性解决了上述长期存在的技术瓶颈：第一，构建了全新的自由基介导电子转移路径。修饰在铋电极表面的离子液体阳离子Bpy⁺可以在阴极发生还原反应生成稳定的Bpy·自由基，该自由基作为电子穿梭媒介，直接将电子传递给电解液中的溶解态CO₂，在体相电解液中生成游离的CO₂·⁻自由基，完全区别于传统铋催化剂直接将CO₂还原、产物自由基吸附在电极表面的路径。这一间接电子转移路径的吉布斯自由能仅为-0.36 eV，远低于直接电子转移路径的2.08 eV，热力学上大幅降低了反应能垒，同时将膦甲酸钠生成的活化能从纯铋体系的61.95 kJ mol⁻¹降至20.06 kJ mol⁻¹，反应动力学得到显著提升。第二，从根源上规避竞争副反应。该体系中生成的CO₂·⁻游离在电解液中，不需要在催化剂表面吸附停留，从根本上避免了其被进一步还原生成甲酸盐的副反应；同时离子液体带正电的Bpy⁺基团可以通过静电排斥作用阻挡H⁺靠近电极表面，有效抑制了析氢副反应的发生，多重作用协同大幅提升了目标反应的选择性。第三，大幅提升自由基碰撞偶联效率。亚磷酸盐在阳极氧化生成PO₃·²⁻自由基后，不需要迁移至阴极表面才能反应，直接可以和体相电解液中游离的CO₂·⁻高效偶遇，通过快速的自由基自发偶联反应直接生成膦甲酸钠，彻底打破了两种自由基空间分隔带来的反应效率桎梏。该催化体系的表现也十分亮眼：在-2.7 V vs 可逆氢电极的最优电位下，IL@Bi催化剂的膦甲酸钠法拉第效率达到37.5%，是纯铋催化剂的5.8倍，对应的电流密度提升至224.2 mA cm⁻²，最终膦甲酸钠的生成速率达到纯铋体系的10倍，实现了1555.6 μmol cm⁻² h⁻¹的超高产出速率。同时拓展实验证实，将离子液体修饰策略应用于铜、银、铟等其他金属电极，同样可以大幅提升C-P偶联的催化性能，证明该策略具备普适推广价值。图文解析在材料表征层面，XRD、X射线光电子能谱和X射线吸收近边结构测试证实，离子液体修饰后的IL@Bi仍然保持金属铋的六方晶相和Bi(0)价态，扫描电镜观测到其维持花状的微观形貌，EDS元素映射显示Bi和N元素在催化剂表面均匀分布，证明离子液体实现了均匀锚定。高分辨透射电镜直接观测到催化剂表面覆盖了一层薄的无定形离子液体层，结合傅里叶变换红外光谱中C=N键峰的红移现象，以及N 1s XPS谱图中Bi-N配位键的信号，充分证实了离子液体和铋基底之间存在强相互作用。反应中间体的原位表征中，原位衰减全反射表面增强红外吸收光谱显示，和纯铋催化剂相比，IL@Bi表面代表甲酸盐中间体OCHO的信号明显减弱，代表吸附态CO₂相关中间体OCO以及膦甲酸钠C-P键的信号显著增强，直接证明离子液体修饰有效抑制了甲酸盐副反应，促进了目标C-P偶联过程。电子顺磁共振EPR测试进一步证实，IL@Bi体系的阴极电解液中可以同时检测到CO₂·⁻和氢自由基的信号，而纯铋体系中仅能观测到氢自由基，阳极侧则稳定检测到亚磷酸盐氧化生成的PO₃·²⁻自由基；额外添加自由基捕获剂TEMPO后完全无法检测到膦甲酸钠产物，使用H型电解池将阴阳极区物理分隔、两种自由基无法接触时也没有膦甲酸钠生成，直接坐实了该C-P偶联过程遵循自由基间相互结合的反应机理。催化稳定性测试显示，IL@Bi催化剂在连续50小时的电解过程中，电流密度和膦甲酸钠法拉第效率几乎没有出现衰减，反应后的催化剂仍保留初始的晶体结构、形貌、价态和离子液体配位状态，展现出优异的工业应用潜力。技术经济分析结果显示，即便不回收电解液中的DMF和NaOH等耗材，该电合成路线下膦甲酸钠的生产成本仅为11725.78美元/吨，低于当前13561美元/吨的市场售价，每吨可实现约1835美元的净利润；如果实现试剂的回收循环利用，生产成本将进一步大幅降至3702.03美元/吨，每吨净利润可达近9860美元，即便电价上涨至1.9美元/kWh的高位，该生产路线仍能保持经济可行性。总结与展望本研究成功开发了一条完全不同于传统多步合成的膦甲酸钠电合成全新路径，以温室气体CO₂和水体污染物亚磷酸盐为廉价绿色原料，通过IL@Bi催化剂的离子液体自由基介导电子转移机制，高效实现了二者的C-P偶联，兼具技术可行性与商业竞争力。该工作开辟了利用电化学手段将两种环境负担物协同转化为高附加值临床药物的全新合成思路，其提出的离子液体自由基介导电子转移的催化机制，可以进一步拓展到更多催化体系中，为各类高附加值有机磷化学品的绿色合成打开新的发展空间。未来随着配套电解技术的迭代优化，该工艺有望直接以过量排放的工业CO₂和废水中的亚磷酸盐为原料，进一步压缩生产成本，同时实现污染治理与高价值产品生产的双赢，为碳中和背景下的绿色制药产业升级提供重要的技术支撑。原文信息Wang, H., Duan, R., Wang, Y. et al. Electrochemical coupling of CO2 and phosphite for foscarnet synthesis. Nat Catal (2026). https://doi.org/10.1038/s41929-026-01608-6声明：本文内容用于科研进展分享，详细内容请参考原文，如有侵权，请联系后台小编删除。中国科学院化学研究所康欣晨研究员、韩布兴院士Nature Catalysis：二氧化碳与亚磷酸盐电耦合合成抗病毒药物膦甲酸钠，开启绿色制药",,,,pending
贵州民族大学：P/S协同阻燃环氧树脂,工程塑料应用,工程塑料应用,"RIOnews API, 聚合物新材料, 凝胶, 热固, 学术研究, 大学, 教授, 技术进展, 机理研究, 机理分析",normal,2026-08-25T19:45:00+08:00,,编辑推荐介绍了环氧树脂(EP)在高端制造业的广泛应用及其易燃缺陷，指出提升EP阻燃性能的现实意义。阐述了有机磷系阻燃剂DOPO及其衍生物的特点与不足，引出含硫衍生物DOPS的P/S协同阻燃优势，包括增强反应活性、抑制熔滴及促进成炭等作用。同时提及生物基材料在阻燃领域的发展趋势，最终说明本文以DOPS和香草醛(VA)为原料合成P/S协同阻燃剂VD，制备EP/VD复合材料，并通过多种表征手段系统分析其阻燃性能、热降解行为、力学性能及阻燃机理的研究思路。江苏恒神股份有限公司：发动机叶片用碳纤维/环氧树脂预浸料固化动力学模型【视频导读】株洲时代新材料科技股份有限公司：适用于HP-RTM阻燃环氧树脂的开,http://mp.weixin.qq.com/s?__biz=MzA4MjYwMjQ5MA==&mid=2649538389&idx=1&sn=a447437f3b9a4940daa8034ea44aadfd,,编辑推荐介绍了环氧树脂(EP)在高端制造业的广泛应用及其易燃缺陷，指出提升EP阻燃性能的现实意义。阐述了有机磷系阻燃剂DOPO及其衍生物的特点与不足，引出含硫衍生物DOPS的P/S协同阻燃优势，包括增强反应活性、抑制熔滴及促进成炭等作用。同时提及生物基材料在阻燃领域的发展趋势，最终说明本文以DOPS和香草醛(VA)为原料合成P/S协同阻燃剂VD，制备EP/VD复合材料，并通过多种表征手段系统分析其阻燃性能、热降解行为、力学性能及阻燃机理的研究思路。江苏恒神股份有限公司：发动机叶片用碳纤维/环氧树脂预浸料固化动力学模型【视频导读】株洲时代新材料科技股份有限公司：适用于HP-RTM阻燃环氧树脂的开,"编辑推荐介绍了环氧树脂(EP)在高端制造业的广泛应用及其易燃缺陷，指出提升EP阻燃性能的现实意义。阐述了有机磷系阻燃剂DOPO及其衍生物的特点与不足，引出含硫衍生物DOPS的P/S协同阻燃优势，包括增强反应活性、抑制熔滴及促进成炭等作用。同时提及生物基材料在阻燃领域的发展趋势，最终说明本文以DOPS和香草醛(VA)为原料合成P/S协同阻燃剂VD，制备EP/VD复合材料，并通过多种表征手段系统分析其阻燃性能、热降解行为、力学性能及阻燃机理的研究思路。江苏恒神股份有限公司：发动机叶片用碳纤维/环氧树脂预浸料固化动力学模型【视频导读】株洲时代新材料科技股份有限公司：适用于HP-RTM阻燃环氧树脂的开发及在电池上盖的应用贵州民族大学：3D打印功能与智能型高分子水凝胶的研究进展点击文末“阅读原文”可下载引用本文。P/S协同阻燃环氧树脂宝冬梅 1 ,马仕凯 1 ,穆星宇 1 ,骆茂丹 1 ,何贵艳 1 ,罗洪珍 1 ,冉佳伟 1 ,高成涛 2（1. 贵州民族大学化学工程学院，贵阳 550025； 2. 贵州省材料产业技术研究院，贵阳 550014 ）DOI：10.3969/j.issn.1001-3539.2026.06.008摘 要： 为降低环氧树脂(EP)在燃烧过程中的热释放和产烟量，提升其阻燃性能，以9，10-二氢-9-氧杂-10-磷杂菲-10-硫化物(DOPS)与香草醛(VA)为原料，合成了一种具有P/S协同阻燃效应的阻燃剂VD，并将其引入EP基材中进行阻燃改性。采用傅里叶变换红外光谱、核磁共振波谱及高分辨质谱表征VD的化学结构；对复合材料进行了极限氧指数(LOI)、UL 94垂直燃烧、锥形量热、热重分析及力学性能测试，以评估其阻燃性能、热稳定性和力学性能。测试结果表明，当VD质量分数为14%时，复合材料的LOI值达到32.8%(纯EP 24.4%)，且满足UL 94 V-0级阻燃要求。相较于未改性EP，EP/VD-14的热释放速率峰值、总热释放量及总烟释放量分别降低45.16%、25.36%和37.55%；VD虽降低了EP的初始热分解温度和最大热降解速率，但提高了其残炭率，700 ℃时残炭率由纯EP的18.76%提升至26.57%；随着VD添加量增大，EP/VD的弯曲强度、拉伸强度及缺口冲击强度均有所提升，与纯EP相比，分别提升35.28%、12.34%和16.47%。采用热重-红外联用、扫描电子显微镜-能量色散X射线能谱分析、激光拉曼光谱及X射线光电子能谱探究其阻燃机理。研究表明，EP/VD复合材料在燃烧过程中，通过气相-凝聚相协同作用实现阻燃。气相中，释放含磷自由基，发挥自由基淬灭作用，中断燃烧链式反应；凝聚相中，促进形成连续致密、富含P/S元素的炭层，强化阻隔效应。综上，EP/VD通过气相-凝聚相协同阻燃作用，同步提升EP的阻燃性能与力学性能，本研究为P/S协同阻燃剂的分子设计与工程应用提供了新思路。关键词： 环氧树脂； 阻燃性能； 阻燃机理； P/S协同阻燃； DOPS环氧树脂(EP)凭借其较高的机械强度、较低的固化收缩率、优异的尺寸稳定性和良好的耐热性，广泛应用于5G通信、电子电器、轨道交通及航空航天等高端制造业领域[1-4]。然而，EP作为典型的热固性树脂，自身存在易燃缺陷，燃烧过程中伴随大量热量与有毒烟气释放，易造成人员伤亡与经济财产损失，极大限制了其在高端领域的进一步应用。因此，在保证EP原有综合性能的基础上，有效提升其阻燃性能，对拓宽材料应用范围、降低火灾安全风险具有十分重要的现实意义。近年来，有机磷系阻燃剂因其无卤环保、低毒、耐热性好等优点，被公认为发展前景最广阔的阻燃剂品类之一。其中，9，10-二氢-9-氧杂-10-磷杂菲-10-氧化物(DOPO)分子中因含有高反应活性的P—H键，可与多种不饱和基团(如环氧基、碳氮/碳碳双键、醛酮基团等)发生加成反应，衍生出一系列磷杂菲类阻燃剂[5-8]。该类化合物具有含碳量高、相容性好及阻燃性持久等特性，而被广泛应用于EP的阻燃改性[9-10]。研究表明，磷杂菲类阻燃剂多以气相阻燃机理为主，凝聚相成炭效果不佳，阻燃效率不高。为了提高阻燃效率，利用硫元素对DOPO进行结构修饰，可制得新型含硫磷杂菲化合物——9，10-二氢-9-氧杂-10-磷杂菲-10-硫化物(DOPS)。作为DOPO的含硫衍生物，DOPS与DOPO的化学结构和性质具有相似性。已有研究证实，硫元素可提升磷元素的阻燃作用，二者发挥P/S协同阻燃效应[11-12]；硫元素的引入可进一步增强P—H键的反应活性，与不饱和官能团的加成反应更易发生，进而有利于多种DOPS衍生物的制备[13]；硫元素的引入有助于抑制材料燃烧时的熔滴行为。此外，高温条件下，含硫化合物会发生分解并释放硫酸等强酸，这类强酸可催化基材脱水形成炭层，从而提升凝聚相阻燃作用[14]。引入硫元素之后，虽然提高了凝聚相阻燃作用，但是仍然以气相阻燃为主，凝聚相阻燃效果有限。当前，生物基材料因具有来源广泛、环境友好、可再生和良好的成炭性能等特点，而成为阻燃领域发展的新方向。将生物基原料引入DOPS阻燃剂分子中，利用不同基团之间的协同阻燃效应，制备生物基DOPS衍生物阻燃剂，可以部分取代石油基阻燃剂，缓解石油资源短缺的问题。生物基原料香草醛(VA)分子中含有高反应活性的酚羟基和醛基，可通过取代、缩合、加成等反应与含磷阻燃基团发生反应，制备有机磷系阻燃剂[15-16]。基于此，本文以DOPS和VA为原料，利用DOPS分子中活性P—H键与VA中醛基的加成反应，成功合成了P/S协同阻燃剂6-[(羟基(4-羟基-3-甲氧基苯基)甲基)]二苯并[c，e][1，2]氧磷杂苯-6-硫化物(VD)，并通过傅里叶变换红外光谱(FTIR)、核磁共振波谱(NMR)及高分辨质谱(HR-MS)表征其分子结构。随后，将不同质量分数的VD加入EP中，制得一系列EP/VD阻燃复合材料。通过对材料的阻燃性能、热降解行为、力学性能及气相、凝聚相产物进行系统分析，揭示了P/S协同阻燃效应对EP综合性能的影响规律，阐明了该体系的阻燃机理。1 实验部分1.1 主要原材料DOPS：实验室自制；VA、4，4'-二氨基二苯甲烷(DDM)：纯度99%，上海麦克林生化科技有限公司；甲苯：分析纯，上海麦克林生化科技有限公司；EP：E51，工业级，湖南岳阳巴陵石化有限责任公司。1.2 主要仪器和设备FTIR仪：Nexus 670，美国Nicolet公司；NMR仪：Avance NEO 400 M，瑞士Bruker公司；HR-MS仪：Xevo G2-S QTOF，美国Waters公司；垂直燃烧(UL 94)测试仪：CZF-5，南京炯雷仪器有限公司；极限氧指数(LOI)测试仪：JF-3，南京炯雷仪器有限公司；锥形量热(CONE)仪：VOUCH 6810，苏州阳屹沃尔奇公司；扫描电子显微镜-能量色散X射线能谱(SEM-EDS)分析仪：QUANTAFEG 250，美国FEI公司；X射线光电子能谱(XPS)仪：Thermo Scientific Nexsa，赛默飞世尔科技有限公司；拉曼光谱(Raman)仪：Renishaw inVia，英国RENISHAW公司；热重-红外(TG-FTIR)联用仪：STA 6000 Frontier，美国Perkin-Elmer公司；微机控制电子万能试验机：WDW-10C，上海华龙测试仪器公司；冲击试验机：ZBC-4B，深圳市新三思计量技术有限公司。1.3 阻燃剂VD的合成首先，将200 mL甲苯、VA (10.03 g，0.066 mol)和DOPS (19.02 g，0.082 mol)加入配有冷凝回流装置的500 mL三颈烧瓶中，开启搅拌并升温至110 ℃，反应6 h。反应完毕后，对反应液进行旋蒸浓缩，除去大部分溶剂，得到黏稠状固体粗产物VD。向粗产物中加入乙酸乙酯(EA)，反复洗涤数次，随后进行减压抽滤，收集滤饼于50 ℃真空干燥8 h，最终得到白色固体产物VD，熔点为172.9~174.2 ℃，具体合成路线见图1。图1 VD的合成反应式Fig. 1 Synthetic reaction scheme of VD1.4 EP/VD复合材料的制备按照表1中的配方，制备EP及EP/VD复合材料样条。首先，在250 mL烧杯中，称取100 g EP，并于加热条件下持续搅拌，温度达到175 ℃后，按设定比例将阻燃剂VD加入EP中。继续搅拌使混合体系呈透明均一状态，待冷却至100 ℃，加入固化剂DDM。DDM完全溶解并与体系充分混合后，将烧杯转入真空干燥箱内，进行减压脱气。然后，将混合体系注入经预热处理的模具中，按照“预固化30 min+100 ℃固化2 h+150 ℃固化3 h”的步骤进行固化，待整个固化流程结束，自然降温至室温，脱模后即可获得阻燃EP样条。表1 EP和EP/VD复合材料各组分的质量分数Tab. 1 Mass fraction of each component of EP and EP/VD composites ( % )1.5 测试与表征FTIR分析：采用溴化钾(KBr)压片法，扫描波数范围为4 000~400 cm-1，累计扫描32次。核磁共振氢谱(1H-NMR)、核磁共振磷谱（31P-NMR)分析：以氘代二甲基亚砜(DMSO-d6)为溶剂，化学位移(δ)扫描区间分别设定为16~-4和150~-240。HR-MS分析：以甲醇为溶剂，在30Hz的采样频率、2×10-6的质量精度及45 000的分辨率下进行。垂直燃烧测试：参照UL 94-2023进行，每组5个样条，样条尺寸为125 mm×13.0 mm×3.0 mm。LOI测试：依据GB/T 2406.2-2009进行，样条尺寸为80 mm×6.5 mm×3.0 mm。CONE测试：按照ISO 5660-1：2002进行，热流密度为35 kW/m2，样条尺寸为100 mm×100 mm×3 mm，每组2个样条。热重(TG)分析和TG-FTIR分析：样品质量分别为8 mg和20 mg，测试均在氮气氛围下进行，气体流速分别为60 mL/min和50 mL/min，以10 ℃/min从室温升至700 ℃，FTIR扫描范围为4 000~450 cm⁻¹，累计扫描4次。SEM-EDS测试：测试前对样品喷金(时间45 s，电流10 mA)，对样品的形貌观察和元素面分布(EDS mapping)采集分别在3 kV和15 kV的加速电压下进行。Raman测试：激发波长633 nm，扫描范围800~2 000 cm⁻¹。XPS测试：工作电压12 kV、灯丝电流6 mA。宽谱扫描参数，通能150 eV、步长1 eV；精细谱扫描参数，通能50 eV、步长0.1 eV。力学性能测试：拉伸强度测试按GB/T 1040.2-2006进行，速率50 mm/min；弯曲强度测试按GB/T 9341-2008进行，速率2 mm/min；缺口冲击强度测试按GB/T 1843-2008进行，V型缺口深度(2.0±0.2) mm，缺口底部半径(0.25±0.05) mm。2 结果与讨论2.1 VD的组成与结构表征采用FTIR、NMR和HR-MS对目标产物VD进行结构表征，图2为结构表证结果。如图2a所示，3 415 cm⁻¹处为—OH特征吸收峰，1 195 cm⁻¹归属于P—O—Ph伸缩振动，910 cm⁻¹归属为P=S的特征峰，且DOPS中2 364 cm⁻¹处的P—H特征峰完全消失，说明DOPS已参与反应，并接入目标分子结构中。VD的¹H-NMR谱图如图2b所示，δ=8.92归属为VA反应后残留酚羟基质子信号；δ=6.24为烷基醇基质子信号；δ=5.14为次甲基氢质子；δ=3.63为甲氧基氢质子；δ=6.62~6.78、δ=7.15~8.18的特征峰分别对应VA分子中苯环及DOPS结构单元中的芳香环质子。图2c为VD与DOPS的³¹P-NMR谱图对比，DOPS在δ=55.89处的磷特征峰在VD谱图中完全消失，同时在δ=31.48处出现新的特征峰，证明VD中已无未反应的DOPS残留，进一步印证目标产物合成成功。由图2d的HR-MS谱图可知，VD的分子离子峰[M+H]⁺质荷比(m/z)为385.11，与理论相对分子质量384.06基本吻合，进一步证实合成了目标产物VD。图2 VD的组成与结构表征Fig. 2 Composition and structural characterization of VD2.2 EP/VD复合材料的阻燃性能分析表2给出了EP及EP/VD复合材料的LOI和垂直燃烧测试数据。纯EP的LOI值仅为24.4%，且无阻燃等级。随着VD添加量的增加，复合材料的LOI值呈持续上升趋势，阻燃等级也逐渐升高，说明添加VD可赋予EP良好的阻燃性能。当VD质量分数为14%时，LOI值升至32.8%，阻燃等级达到UL 94 V-0级。此外，表2中所有EP和EP/VD样品在垂直燃烧过程中均未出现熔滴现象。表2 EP和EP/VD复合材料的LOI和垂直燃烧测试结果Tab. 2 Test results of LOI and vertical burning of EP and EP/VD compositesNotes: t1 is the first ignition time;t2 is the second ignition time.CONE是评价材料燃烧性能的常用方法之一，测试结果如图3所示，具体数据见表3。由图3和表3可知，EP/VD复合材料相较于纯EP，其点燃时间(TTI)略微缩短，而热释放速率(HRR)与总热释放量(THR)则显著下降，其中EP/VD-14的热释放速率峰值(pk-HRR)和THR值分别下降45.16%和25.36%，说明VD可有效抑制热释放；EP/VD-14总烟生成量(TSP)较纯EP下降37.55%，表明VD具有良好的抑烟作用；二氧化碳生成量(CO2P)随VD添加量增加逐渐降低。推测其原因是，阻燃EP复合材料中的VD在气相中会释放含磷自由基，捕获H·和HO·自由基以中断燃烧链式反应，使更多聚合物碎片未能完全氧化，导致CO2生成量减少，进而使基材EP产生不完全燃烧现象，减缓燃烧进程，发挥气相阻燃作用[17]。EP/VD-14的有效燃烧热(av-EHC)值降至21.78 MJ/kg，说明VD对可燃性挥发物具有一定抑制作用，体现出气相阻燃效应。同时，随着VD添加量增大，EP/VD的残炭率(CY)逐渐升高，当VD质量分数为14%时，CY提升至10.03%，表明阻燃剂VD能够促进基材成炭并形成有效屏障，从而增强凝聚相阻燃作用。图3 纯EP和EP/VD的热及烟/CO2释放参数随时间的变化曲线Fig. 3 Evolution of heat release and smoke/CO2 production of neat EP and EP/VD composites versus time表3 EP与EP/VD的燃烧特征参数Tab. 3 Combustion characteristic parameters of EP and EP/VDNotes: TTI is time to ignition; pk-HRR is peak heat release rate; THR is total heat release; TSP is total smoke release; av-EHC is average effective heat of combustion; av-CO2Y is average of carbon dioxide yield; CY is char yield at 700 ℃.2.3 热降解行为分析在氮气气氛中，通过TG分析考察VD对EP热稳定性的影响，图4为EP和EP/VD复合材料的TG曲线和微商热重曲线(DTG)曲线，相应的热降解参数见表4。在热降解过程中，纯EP与EP/VD (VD质量分数分别为6%、10%、14%)均只出现一个失重阶段。与纯EP相比，EP/VD的最大质量损失速率(Rmax)值明显降低。纯EP的初始分解温度(T5%)为373.02 ℃，且随着VD添加量增大，复合材料的T5%逐渐降低，这可能归因于阻燃剂VD分子中P—O—C键易被破坏，其分解温度低于基材EP，会先于材料发生降解，因此，添加量越多，T5%降低越明显[18]。此外，纯EP在700 ℃的残炭率仅为18.76%，当VD质量分数增至14%时，EP/VD的残炭率提升至26.57%，这归因于VD中DOPS结构单元热解生成的含磷、硫化合物可催化EP脱水成炭，形成致密富磷硫炭层，该炭层能有效阻隔热传递和氧气扩散，从而在凝聚相发挥阻燃作用[19]。研究表明，VD可有效抑制EP热解，在一定程度上提升了EP的热稳定性与热解成炭能力。图4 EP和EP/VD在氮气气氛下的TG及DTG曲线Fig. 4 TG and DTG plots of EP and EP/VD under nitrogen atmosphere表4 EP和EP/VD在氮气气氛下的热降解参数Tab. 4 Thermal decomposition parameters of EP and EP/VD under nitrogen atmosphereNotes: T5% is initial decomposition temperature; T10% is the temperature at 10% mass loss; T50% is the temperature at 50% mass loss; Tmax is the maximum thermal decomposition temperature; Rmax is the maximum mass loss rate.为进一步探究VD对EP的阻燃作用，采用TG-FTIR联用技术分析EP与EP/VD-14热降解过程中释放的挥发性气体，结果如图5所示。三维谱图显示，纯EP在热降解过程中释放大量挥发性气体，其最大吸收强度约为0.16，而EP/VD-14仅为0.06，表明VD的引入可有效抑制可燃性挥发物的释放。图5c和图5d中，3 656、3 086~2 919、2 360 cm⁻¹和1 624~1 422 cm⁻¹分别为H2O、烃类、CO2及芳香族化合物的特征吸收峰。与纯EP相比，EP/VD-14热解产生的挥发性气体的吸收峰强度显著降低，其中烃类化合物特征峰降幅最明显；同时，在962~916 cm⁻¹处出现含磷化合物的特征吸收峰，1 065 cm⁻¹处未检测到SO2的特征吸收峰，说明S元素主要在凝聚相发挥阻燃作用。结合上述热解行为可推断，VD在热解过程中释放含磷自由基，捕获H·和HO·自由基以中断燃烧链式反应，进而发挥气相阻燃作用[20]。图5 EP和EP/VD-14的TG-FTIR三维谱图以及不同热解温度区间的气相产物FTIR变化曲线Fig. 5 3D TG-FTIR spectra and gaseous product FTIR evolution curves at different pyrolysis temperature ranges of EP and EP/VD-142.4 残炭分析为探究阻燃剂VD在凝聚相中的阻燃机理，通过SEM观察CONE测试后的残炭形貌，采用EDS对其进行元素面分布映射分析，结果分别如图6、图7所示。纯EP残炭中只含C、N、O三种元素，其中N元素含量较低，主要来源于固化剂DDM，其原因可能是DDM中的N元素大部分以含氮挥发性气体逃逸到气相中。EP/VD残炭中N、P、S含量随VD添加量增大而升高，导致其凝聚相阻燃作用增强，其原因可能是VD中的P、S元素发挥协同阻燃作用，生成多聚磷酸类、硫酸类等强酸性物质，对EP具有较强的催化脱水和促交联作用，形成致密连续的炭层；VD添加量越大，基材的交联成炭反应越早、越剧烈，将原本会挥发逃逸的含氮挥发性气体锁死在凝聚相的交联网络中，使DDM中的N元素固定于残炭中，导致N元素含量也随阻燃剂添加量增大而升高。图6 CONE测试后纯EP、EP/VD-6、EP/VD-10和EP/VD-14的残炭数码照片及外表面扫描电镜照片Fig. 6 Digital and SEM photos of char residues of EP，EP/VD-6，EP/VD-10，and EP/VD-14 after CONE test图7 CONE测试后EP与EP/VD残炭的元素定量分析及面分布图谱Fig. 7 EDS quantitative analysis and elemental mapping of char residues for EP and EP/VD after CONE test为深入揭示VD在凝聚相的阻燃作用机理，采用Raman对CONE测试后的残炭进行分析，结果如图8所示。EP和EP/VD均在1 350 cm-1和1 580 cm-1附近出现两个明显的主峰，分别被命名为D带和G带。两条谱带的积分强度比(ID/IG)常用于表征残炭的有序性和石墨化程度，比值越小，炭层的石墨化程度和热稳定性越好[21-22]。纯EP残炭的ID/IG值为3.16，而随着VD添加量不断增加，EP/VD残炭的ID/IG值不断降低，EP/VD-14降至2.77，较纯EP下降12.34%，表明VD在凝聚相发挥良好的阻燃作用，可促进EP在燃烧过程中形成有序、致密的石墨化炭层，为基材提供良好隔热和防火作用。图8 EP与EP/VD燃烧后残炭的Raman分析结果Fig. 8 Raman analysis of char residues from EP and EP/VD after CONE combustion利用XPS对EP及EP/VD燃烧后残炭的元素组成与化学键进行了分析。由图9a至图9d可知，EP残炭中仅包含C (质量分数77.42%)、O (质量分数13.42%)、N (质量分数9.11%)三种元素。在EP的C1s谱中，出现了三种不同化学环境的碳：284.68 eV对应芳环中的C—C键，286.18 eV和287.98 eV则分别归属C—O及C=O键。O1s谱图中两个峰分别对应O—C (532.78 eV)与O=C (530.78 eV)[23]。EP中的N主要来自固化剂DDM，其N1s谱中两个峰分别对应N—C (398.68 eV)及—NHCO—(400.28 eV)[24]。在EP/VD-14残炭中除了含有C (质量分数74.16%)、O (质量分数15.95%)、N (质量分数7.68%)元素以外，还有P (质量分数1.09%)、S (质量分数1.11%)元素；而该样品燃烧前P、S质量分数分别为1.13%和1.17%(见表1)，表明P、S几乎全部保留在残炭中，这与残炭的SEM-EDS元素分布结果相符。进一步分析EP/VD-14的P2p细谱图，P主要以P—O—C (133.28 eV)和PO3(133.98 eV)形式存在；S2p细谱图则显示S主要以P=S (164.08 eV)和SO42-(168.08 eV)形式存在。综上，在P2p和S2p谱中分别观测到了P—O—C、PO3、P=S及SO42-等化学键或离子，且残炭中P、S含量与EP/VD-14基本一致，充分证明DOPS结构中的P、S元素在EP燃烧后基本滞留于残炭中[3,20]。图9 EP与EP/VD-14燃烧后残炭的XPS谱图Fig. 9 XPS spectra of char residues for EP and EP/VD-14 after CONE combustion2.5 阻燃机理分析如图10所示，EP/VD燃烧时通过气相与凝聚相协同作用发挥阻燃功效。在气相中，VD热解产生·PO、·PO2等含磷自由基，捕获H·、HO·等活性自由基，中断燃烧链式反应；同时释放CO2等不燃性气体，通过气体稀释作用降低燃烧剧烈程度[25]；在凝聚相中，VD中的DOPS基团在高温下热解产生聚磷酸、磷酸及含硫酸性",,,,pending
JACS：位错密度影响CO₂电还原，并非充分活性描述符,有机电催化,有机电催化,"RIOnews API, 电化学合成, 电催化",normal,2026-08-25T19:41:56+08:00,,CO2电还原 · Cu(100)薄膜 · 位错密度 · C2+选择性一句话看懂氧化物衍生铜的高C2+产率常被归因于缺陷和位错，但位错密度往往同时伴随晶面、粗糙度和局域微环境变化，难以识别其独立贡献。该研究构建晶向和形貌受控的Cu(100)薄膜，将位错密度调节至约9倍差异；在H型池中，ECSA归一化的CO2还原及C2+分电流未随位错密度单调增加，从而限定了位错密度作为活性描述符的适用范围。Cu是能够将CO2电还原为乙烯、乙醇等多碳产物的关键金属催化剂，而位错、晶界和应变通常被视为改变吸附与C–C偶联的重要结构因素。已有氧化物衍生Cu体系同时发生表面重构、比表面积变化和微环境调节，难以将性能提升归,http://mp.weixin.qq.com/s?__biz=MzUyNTc2ODMyOQ==&mid=2247561797&idx=1&sn=ef8c6fd64e2a3f4c61c5dde41d441a46,,CO2电还原 · Cu(100)薄膜 · 位错密度 · C2+选择性一句话看懂氧化物衍生铜的高C2+产率常被归因于缺陷和位错，但位错密度往往同时伴随晶面、粗糙度和局域微环境变化，难以识别其独立贡献。该研究构建晶向和形貌受控的Cu(100)薄膜，将位错密度调节至约9倍差异；在H型池中，ECSA归一化的CO2还原及C2+分电流未随位错密度单调增加，从而限定了位错密度作为活性描述符的适用范围。Cu是能够将CO2电还原为乙烯、乙醇等多碳产物的关键金属催化剂，而位错、晶界和应变通常被视为改变吸附与C–C偶联的重要结构因素。已有氧化物衍生Cu体系同时发生表面重构、比表面积变化和微环境调节，难以将性能提升归,"CO2电还原 · Cu(100)薄膜 · 位错密度 · C2+选择性一句话看懂氧化物衍生铜的高C2+产率常被归因于缺陷和位错，但位错密度往往同时伴随晶面、粗糙度和局域微环境变化，难以识别其独立贡献。该研究构建晶向和形貌受控的Cu(100)薄膜，将位错密度调节至约9倍差异；在H型池中，ECSA归一化的CO2还原及C2+分电流未随位错密度单调增加，从而限定了位错密度作为活性描述符的适用范围。Cu是能够将CO2电还原为乙烯、乙醇等多碳产物的关键金属催化剂，而位错、晶界和应变通常被视为改变吸附与C–C偶联的重要结构因素。已有氧化物衍生Cu体系同时发生表面重构、比表面积变化和微环境调节，难以将性能提升归因于单一缺陷参数。因此，需要在可比晶向、粗糙度和表面积的模型体系中检验位错密度是否直接决定C2+生成。核心问题在晶向、形貌和电化学表面积可比的Cu薄膜中，位错密度升高是否会独立提高CO2电还原的C2+活性与选择性？本文要点1. 以蒸发速率和薄膜厚度调节Cu(100)薄膜的位错密度，在保持平整非多孔形貌的同时形成DD6至DD58系列。2. XRD线宽结合Le Bail全谱拟合获得6.40×10¹⁴至58.56×10¹⁴ m−2的位错密度，并以TEM交叉验证。3. 在−1.04 V vs. RHE的H型池中，位错密度增加约9倍并未带来ECSA归一化CO2还原或C2+分电流的单调提升。4. 该零结果限于所用平面Cu(100)与H型池条件，提示位错类型、局域微环境和其他活性位结构仍需在气体扩散电极中区分。关键图表解读位错密度可调Cu(100)模型薄膜的设计。Figure 1. 位错密度可调Cu(100)模型薄膜的设计。调节蒸发速率和薄膜厚度获得DD6至DD58的Cu(100)薄膜，并在H型池测试CO2RR，表明该模型体系可将位错密度与晶向及宏观形貌尽量解耦，为比较结构–性能关系提供基础。位错密度定量与薄膜形貌。Figure 3. 位错密度定量与薄膜形貌。XRD线宽拟合显示Cu薄膜位错密度跨越约9倍，SEM显示样品保持平整且非多孔，表明沉积条件能够系统调节体相位错密度，同时避免多孔形貌引入的表面积与传质差异。位错、应变与局域结构表征。Figure 4. 位错、应变与局域结构表征。DD58和DD11暗场TEM均呈位错线状衬度，DD58表层Cu–Cu键约−0.39%压缩，表明高位错样品存在可检测的局域应变，但多数生长诱导应变已在薄膜形成中得到释放。位错密度对CO₂电还原表现的影响。Figure 5. 位错密度对CO2电还原表现的影响。−1.04 V vs. RHE的H型池中，位错密度增加约9倍后ECSA归一化C2+分电流未升高，表明在该平面Cu(100)与H型池条件下，位错密度并非预测C2+活性的充分描述符，但不能排除其他反应环境中的作用。关键数据Cu(100)薄膜的位错密度由6.40×10¹⁴增至58.56×10¹⁴ m−2；在−1.04 V vs. RHE、1 h H型池测试中，ECSA归一化的CO2还原与C2+分电流未随该9倍变化单调增加。可以继续思考什么？当该类位错密度梯度被引入气体扩散电极后，局域pH、CO驻留时间、表面重构和具体位错类型能否被独立调控，并是否会改变C2+活性的结构–性能关系？文献信息论文题目：Probing the Role of Copper Dislocation Density in Electrochemical CO2 Conversion期刊：Journal of the American Chemical Society, 2026DOI：10.1021/jacs.6c05565通讯作者：Andrew B. Wong有机电催化学术交流QQ群: 692419836",,,,pending
全极耳+圆柱+钠电，挺进“千万颗”量产时代,高工钠电,高工钠电,"RIOnews API, 钠离子电池, 钠电, 钠电负极, 量产推进, 产能, 扩产, 下线, 批量生产, 钠电池, 大圆柱, 储能, 大型储能, UPS, 备用电源, 5C, 出货, 交付, GWh, 投产, 放缓, 订单, 发布, 新产品, 客户测试, 量产",normal,2026-08-25T19:38:48+08:00,,扩产进行时全极耳+圆柱+钠电，会碰撞出什么样的惊喜？8月中旬，隐功科技位于安徽宿州的制造基地达到满负荷生产，第2000万颗18650-900mAh钠离子电芯同步下线。与此同时，公司与漳州华威电源合资建设的福建晋江基地已经开工，第二条“隐速”系列钠电专线明确采用全极耳工艺，产品将从摩托车启动进一步进入通机启动和应急启动电源。类似的选择正在更多圆柱钠电企业中出现。从18650、26650、32700，到32140、40160、46145，全极耳圆柱钠电已经形成不同规格的产品矩阵，并开始分别进入摩托车启动、汽车启停、低速动力、UPS等市场。其中，青钠科技的产业化数据目前最为直接。公司位于安徽广德的,http://mp.weixin.qq.com/s?__biz=MzIwMDkyMDg2Mg==&mid=2247501894&idx=1&sn=75c8bad14e17d1efb895fef25f5a5199,,扩产进行时全极耳+圆柱+钠电，会碰撞出什么样的惊喜？8月中旬，隐功科技位于安徽宿州的制造基地达到满负荷生产，第2000万颗18650-900mAh钠离子电芯同步下线。与此同时，公司与漳州华威电源合资建设的福建晋江基地已经开工，第二条“隐速”系列钠电专线明确采用全极耳工艺，产品将从摩托车启动进一步进入通机启动和应急启动电源。类似的选择正在更多圆柱钠电企业中出现。从18650、26650、32700，到32140、40160、46145，全极耳圆柱钠电已经形成不同规格的产品矩阵，并开始分别进入摩托车启动、汽车启停、低速动力、UPS等市场。其中，青钠科技的产业化数据目前最为直接。公司位于安徽广德的,扩产进行时全极耳+圆柱+钠电，会碰撞出什么样的惊喜？8月中旬，隐功科技位于安徽宿州的制造基地达到满负荷生产，第2000万颗18650-900mAh钠离子电芯同步下线。与此同时，公司与漳州华威电源合资建设的福建晋江基地已经开工，第二条“隐速”系列钠电专线明确采用全极耳工艺，产品将从摩托车启动进一步进入通机启动和应急启动电源。类似的选择正在更多圆柱钠电企业中出现。从18650、26650、32700，到32140、40160、46145，全极耳圆柱钠电已经形成不同规格的产品矩阵，并开始分别进入摩托车启动、汽车启停、低速动力、UPS等市场。其中，青钠科技的产业化数据目前最为直接。公司位于安徽广德的一期2GWh产线已经投产，主力产品为40160全极耳大圆柱钠电。今年3月，青钠向欧洲客户发出首批10万颗产品，同批订单剩余20多万颗继续交付；公司披露，该客户2026年预计采购量达到500万颗，应用于低速动力、户用及UPS备用电源、市政备电等场景。青钠目前已公开称40160实现批量稳定出货。汽车启停方向，海四达的商业化链条更加完整。普利特此前披露，海四达46145-15Ah钠离子电芯已经实现“大批量出货”。这款产品采用NFPP正极和全极耳大圆柱结构。今年4月底，传统汽车启动电池企业风帆又针对钠电项目启动单一来源采购，拟定供应商为海四达钠星。海四达把46145直接定位至汽车启停市场。公司披露，其全极耳设计将电子传输路径缩短，内阻下降50%以上；46145产品10C放电容量保持率达到94.88%，在-40℃环境下0.5C放电容量保持率接近87%。四川内江6GWh钠电基地也正在推进，其中一期2GWh计划今年下半年投产。另一家最新出现扩产信号的是维科技术。维科此前已经实现圆柱钠电摩托车起动电源量产交付。其宁波基地明确采用全极耳圆柱钠电路线，公司称产品内阻较上一代降低50%以上，主要面向车辆启动等高倍率市场。8月21日，维科在回复上交所问询时进一步披露，公司目前仅有一条10PPM的32700钠电圆柱产线，已经无法满足市场发展需求，因此准备扩大32700产能，同时新增26650起动电源产线。新增项目规划形成540万支产能。相比单纯公布一个新产品，“现有产线无法满足需求”提供了更直接的产业化信号。更早进入这一赛道的中钠能源，目前拥有1GWh 32140全极耳大圆柱产线。公司此前披露，该产线已经满负荷运行，日产超过5万颗，实际批量客户主要集中在启停电源，同时进入两轮车和中小型储能市场。中比新能源则已经建立32、26、40、60等规格的大圆柱全极耳钠电平台，目前重点开发32140NH和32140NS两款产品，前者面向共享换电、三轮车及便携储能，后者重点进入启停、AIDC和UPS，但今年最新披露的状态仍是客户测试导入。猛狮同样将全极耳与钠电结合到了启动市场。作为长期经营摩托车启动铅酸电池的企业，其26650聚阴离子全极耳钠电产品已经进入小批量生产，重点面向大排量摩托车。几家公司产品规格不同，但技术选择背后有一条相同逻辑。钠电现阶段相对成熟的竞争力并非极致能量密度，而是低温、高倍率和安全性能。启停电池、UPS等产品恰好更关注瞬时功率而非储存尽可能多的电量。全极耳结构进一步放大这一特点。传统圆柱电池电流需要汇聚到有限极耳位置，全极耳则扩大集流面积、缩短电流路径，从而降低内阻和高倍率工作时的发热。中比新能源今年在公开技术交流中就明确表示，大圆柱全极耳结构拥有较强的过流能力，可以更充分释放钠离子电池大倍率充放的性能优势；海四达、维科也分别将降低内阻和温升列为全极耳钠电的核心卖点。但随着尺寸变化，各家的目标市场已经开始分化。隐功的18650、维科及猛狮的26650/32700容量更小，首先切入摩托车启动、通用机械和应急电源；32140以上的大圆柱单颗容量进一步增加，中钠、中比开始覆盖汽车启停和UPS；青钠40160则同时进入低速动力和备电；海四达46145进一步把重心放在汽车12V启停系统。铅酸企业在其中扮演的角色也逐渐清晰。并非所有传统铅酸厂都选择自己重新建设钠电电芯产线。华威与隐功成立合资公司，由隐功提供钠电技术和电芯制造能力；风帆则直接采购海四达钠电产品。维科在此前经营规划中，也把头部铅酸企业的ODM订单列为圆柱钠电重点突破方向。这意味着，钠电替代铅酸可能首先形成一种新的产业分工：新电芯企业负责全极耳圆柱电芯，传统启动电池厂提供PACK、整车客户和成熟渠道。目前，这条路线距离大规模替代铅酸仍有距离。中比仍处客户导入，猛狮26650尚是小批量，中钠部分量产数据也已有一定时间；即使已经进入第一梯队，不同公司披露的“下线”“出货”“订单”和“产能”口径也不能混为一谈。但最近出现的变化已经不只是产品发布。隐功的18650累计下线达到2000万颗并继续扩建全极耳产线；维科明确表示既有32700产能已经不能满足需求；青钠开始以数十万颗订单出口欧洲；海四达在大批量出货后，又进入传统汽车启动电池企业的供应体系。在大型储能仍以GWh描绘钠电未来时，另一条产业化路径正在以“百万颗”“千万颗”衡量现实。而在这条路径上，圆柱负责标准化制造，钠电提供高倍率性能，全极耳则开始成为两者之间越来越频繁出现的结构选择。声明：本文章属高工钠电原创，转载请注明出处。商业转载请联系（微信号：zhaochong1213）获得授权。往期精彩■ 钠电池抢滩商用重卡赛道■ 椰壳进口难、竹基杂质多，煤基硬碳如何补位钠电负极？■ NFPP降本放缓，磷酸铁涨价成最大堵点？【高工钠电】扩产进行时,,,,pending
每日速递 | 钠美科技在手订单金额达8.9亿元,高工钠电,高工钠电,"RIOnews API, 钠离子电池, 钠电, 钠电正极, 信息披露, 披露, 投资者, 量产推进, 产能, 下线, 竣工, 产线建设, 钠电池, 储能, 正极材料, 负极材料, 交付, GWh, 投产, 达产, 订单, 投资, 海外, 送样, 落地",normal,2026-08-25T19:38:48+08:00,,1隐功科技安徽宿州钠电基地满产，第2000万颗18650钠离子电芯下线据隐功科技官方消息，安徽宿州制造基地于8月中旬实现满负荷生产，第2000万颗18650900mAh钠离子电芯同步下线。基地配备全自动闭环式浆料制备系统、双层涂布机，设置超200个在线数据采集点，用于监测极片毛刺、对齐度等关键生产指标。公司和漳州华威电源合资的晋江制造基地已经开工，建设第二条“隐速”钠离子电芯专线，采用全极耳工艺，产品应用从摩托车启动电池拓展至通机启动、应急启动电源等场景。2钠美科技巴中基地9月中旬投产，累计在手各类订单8.9亿元钠美科技披露，巴中基地正开展设备进场与安装调试，计划9月中旬投产。该1.5GWh钠,http://mp.weixin.qq.com/s?__biz=MzIwMDkyMDg2Mg==&mid=2247501894&idx=2&sn=00245654f56dd46841ff1480cfe1a8a3,,1隐功科技安徽宿州钠电基地满产，第2000万颗18650钠离子电芯下线据隐功科技官方消息，安徽宿州制造基地于8月中旬实现满负荷生产，第2000万颗18650900mAh钠离子电芯同步下线。基地配备全自动闭环式浆料制备系统、双层涂布机，设置超200个在线数据采集点，用于监测极片毛刺、对齐度等关键生产指标。公司和漳州华威电源合资的晋江制造基地已经开工，建设第二条“隐速”钠离子电芯专线，采用全极耳工艺，产品应用从摩托车启动电池拓展至通机启动、应急启动电源等场景。2钠美科技巴中基地9月中旬投产，累计在手各类订单8.9亿元钠美科技披露，巴中基地正开展设备进场与安装调试，计划9月中旬投产。该1.5GWh钠,1隐功科技安徽宿州钠电基地满产，第2000万颗18650钠离子电芯下线据隐功科技官方消息，安徽宿州制造基地于8月中旬实现满负荷生产，第2000万颗18650900mAh钠离子电芯同步下线。基地配备全自动闭环式浆料制备系统、双层涂布机，设置超200个在线数据采集点，用于监测极片毛刺、对齐度等关键生产指标。公司和漳州华威电源合资的晋江制造基地已经开工，建设第二条“隐速”钠离子电芯专线，采用全极耳工艺，产品应用从摩托车启动电池拓展至通机启动、应急启动电源等场景。2钠美科技巴中基地9月中旬投产，累计在手各类订单8.9亿元钠美科技披露，巴中基地正开展设备进场与安装调试，计划9月中旬投产。该1.5GWh钠离子电池项目总投资约5亿元，厂房面积3万平方米，项目全面达产后预计年营业收入超6亿元。公司已和万洋集团、许继储能、卡儿酷、东新电控、山峡能源、同济电力等企业签订订单，累计在手各类订单8.9亿元，相关订单已经排入后续生产计划。3常德昆宇墨西哥30MWh钠电储能订单10月底前交付，订单金额3500万元近期，常德昆宇新能源墨西哥客户定制的30兆瓦时储能项目电池正在生产，预计10月底完成交付，该笔订单金额3500万元。公司总经理宋柏介绍，自家钠离子电池在低温放电、安全性、充放电效率方面具备优势，钠电产品现已销往德国、挪威、荷兰、新加坡等海外国家。公司预计到2027年末，钠离子电池在整体销售额占比将从当前5%提升至30%以上。同时将跟进AIDC人工智能数据中心建设浪潮，加快钠电储能产品推广落地。4南能新材料1万吨钠电竹基硬碳负极项目备案落地江西奉新8月21日，江西南能新材料钠电池竹基硬碳负极智能化升级改造项目完成备案。项目选址宜春奉新县工业园区，总投资1980万元，2026年7月开工，计划2028年7月竣工，建成后形成年产10000吨钠离子电池竹基硬碳负极材料产能。5华阳股份：全资子公司华钠芯能现有钠离子电池产能1GWh华阳股份在互动平台回复投资者提问表示，公司钠离子电池业务主体华钠芯能为公司全资子公司，目前拥有钠离子电池产能1GWh。6同兴科技钠电正极完成十余家电芯企业送样验证，一期1万吨产线计划四季度投产同兴科技在2026年中报披露，公司通用型NFPP钠电正极充电容量118mAh/g，放电容量108mAh/g，高压实产品压实密度2.3g/cm³；高首充SNFPP材料充电容量可达132mAh/g，产品性能处于国内一流水平。目前已经完成十余家下游电芯企业送样验证，并且和头部锂资源及锂电池厂商签署联合开发协议，共同研发钠锂混掺复合正极材料。公司一期年产2万吨钠电正极项目分两条1万吨产线分步建设，施工现场多作业面同步施工，计划四季度完成第一条1万吨产线建设并投产。【高工钠电】钠电每日最新资讯看这里。,,,,pending
COMSOL多物理场模拟固态电池,锂想生活,锂想生活,"RIOnews API, 固态电池, 学术研究, 大学, 科学院, 比亚迪, 电池包, 热管理",normal,2026-08-25T19:30:08+08:00,,随着电动汽车、低空经济以及新能源等领域的快速发展，固态电池凭借高能量密度、高本征安全性优势，已成为当下的研究热点。目前，固态电池面临界面阻抗、锂枝晶抑制、热管理及循环稳定性等关键挑战。多物理场仿真可以精准模拟其中所涉及的各种物理和化学现象及其相互作用，帮助工程师深入理解固态电池的运行机理、预测温度分布，并直观呈现实验难以测量的关键数据，从而有效地减少对实物原型的依赖，加速固态电池的设计与研发。\x0a\x0a锂想生活联合COMSOL官方组织了一次线上研讨会，本次活动将聚焦 COMSOL 多物理场仿真在固态电池研发中的应用，内容涉及从电极微观结构到电芯宏观性能的模拟，涵盖微结构设计与工艺、电化学,http://mp.weixin.qq.com/s?__biz=MzI0NzkxMTYzNA==&mid=2247513323&idx=1&sn=d00290be79daa4dcc818cdf9007b52d0,,随着电动汽车、低空经济以及新能源等领域的快速发展，固态电池凭借高能量密度、高本征安全性优势，已成为当下的研究热点。目前，固态电池面临界面阻抗、锂枝晶抑制、热管理及循环稳定性等关键挑战。多物理场仿真可以精准模拟其中所涉及的各种物理和化学现象及其相互作用，帮助工程师深入理解固态电池的运行机理、预测温度分布，并直观呈现实验难以测量的关键数据，从而有效地减少对实物原型的依赖，加速固态电池的设计与研发。\x0a\x0a锂想生活联合COMSOL官方组织了一次线上研讨会，本次活动将聚焦 COMSOL 多物理场仿真在固态电池研发中的应用，内容涉及从电极微观结构到电芯宏观性能的模拟，涵盖微结构设计与工艺、电化学,随着电动汽车、低空经济以及新能源等领域的快速发展，固态电池凭借高能量密度、高本征安全性优势，已成为当下的研究热点。目前，固态电池面临界面阻抗、锂枝晶抑制、热管理及循环稳定性等关键挑战。多物理场仿真可以精准模拟其中所涉及的各种物理和化学现象及其相互作用，帮助工程师深入理解固态电池的运行机理、预测温度分布，并直观呈现实验难以测量的关键数据，从而有效地减少对实物原型的依赖，加速固态电池的设计与研发。\x0a\x0a锂想生活联合COMSOL官方组织了一次线上研讨会，本次活动将聚焦 COMSOL 多物理场仿真在固态电池研发中的应用，内容涉及从电极微观结构到电芯宏观性能的模拟，涵盖微结构设计与工艺、电化学‑力学耦合等多种仿真分析，并将介绍多尺度、多物理场耦合建模仿真的核心方法。\x0a\x0a演讲嘉宾:\x0a陶亦鸣，行业应用专家。\x0a硕士毕业于中国科学院大学。曾就职于比亚迪、小米汽车等企业，主导多项电池电芯设计仿真与电池包热管理仿真平台开发项目，在锂电仿真、电化学建模、热管理及仿真平台建设等领域拥有丰富经验。加入COMSOL中国，负责新能源及汽车领域的仿真技术应用。\x0a\x0a活动时间：2026 年 8 月 26 日\x0a14:30 - 15:30,,,,pending
香港城市大学Advanced Materials: 镍单原子催化剂的局部应变工程：实现酸性条件下高效CO₂还原的新路径,电催化科研社,电催化科研社,"RIOnews API, 电化学合成, 电催化, CO₂还原",normal,2026-08-25T19:05:36+08:00,,一、全文速览近日，香港城市大学、东南大学、都柏林圣三一学院等多机构联合团队，针对镍单原子催化剂在酸性CO₂还原反应中受析氢副反应严重制约的行业痛点，创新性提出通过调控单原子位点局部曲率引入可控应变的策略，利用不同直径碳纳米管的固有曲率精准修饰镍单原子的配位环境，成功实现了强酸性条件下兼具高选择性、高转化率与高稳定性的CO₂到CO电催化还原性能。该研究通过理论计算先导预测、多维度结构表征系统验证、宽工况电化学性能测试的完整研究链条，证明局部应变调控可以在宽电位区间有效抑制竞争性析氢反应，最终在pH=1的酸性电解液流动池中实现了-1.0 V至-2.4 V区间内高于95%的CO法拉第效率，单次CO₂,http://mp.weixin.qq.com/s?__biz=MzI4MTE2MjIxOQ==&mid=2650306918&idx=1&sn=20db484f138805a777575f604d98aa42,,一、全文速览近日，香港城市大学、东南大学、都柏林圣三一学院等多机构联合团队，针对镍单原子催化剂在酸性CO₂还原反应中受析氢副反应严重制约的行业痛点，创新性提出通过调控单原子位点局部曲率引入可控应变的策略，利用不同直径碳纳米管的固有曲率精准修饰镍单原子的配位环境，成功实现了强酸性条件下兼具高选择性、高转化率与高稳定性的CO₂到CO电催化还原性能。该研究通过理论计算先导预测、多维度结构表征系统验证、宽工况电化学性能测试的完整研究链条，证明局部应变调控可以在宽电位区间有效抑制竞争性析氢反应，最终在pH=1的酸性电解液流动池中实现了-1.0 V至-2.4 V区间内高于95%的CO法拉第效率，单次CO₂,"一、全文速览近日，香港城市大学、东南大学、都柏林圣三一学院等多机构联合团队，针对镍单原子催化剂在酸性CO₂还原反应中受析氢副反应严重制约的行业痛点，创新性提出通过调控单原子位点局部曲率引入可控应变的策略，利用不同直径碳纳米管的固有曲率精准修饰镍单原子的配位环境，成功实现了强酸性条件下兼具高选择性、高转化率与高稳定性的CO₂到CO电催化还原性能。该研究通过理论计算先导预测、多维度结构表征系统验证、宽工况电化学性能测试的完整研究链条，证明局部应变调控可以在宽电位区间有效抑制竞争性析氢反应，最终在pH=1的酸性电解液流动池中实现了-1.0 V至-2.4 V区间内高于95%的CO法拉第效率，单次CO₂单程转化率可达80%，且长期运行中电流密度与产物选择性几乎无衰减，为单原子催化剂的活性调控提供了全新的工程化思路，突破了酸性CO₂还原长期面临的效率瓶颈。二、背景介绍利用可再生电力驱动CO₂电化学还原，将温室气体转化为高附加值化学品，是当前助力碳中和目标落地的前沿可行路径。传统的中性/碱性CO₂还原体系虽然可以借助镍单原子催化剂高效产出CO，但反应过程中会大量生成（碳酸氢）盐沉淀，同时存在CO₂跨膜渗透的问题，既大幅降低碳利用效率，又会带来高昂的电解液再生运维成本，严重制约该技术的规模化落地。为了解决碳损失痛点，学术界开始将目光转向酸性CO₂还原体系，该体系可以从根源上抑制碳酸盐沉淀生成，大幅提升电解槽的长期运行稳定性。但酸性环境下大量存在的质子会让析氢副反应占据绝对主导地位，直接大幅削弱CO₂还原的效率。此前业内已开发的策略包括外加强磁场、在催化层中添加疏水聚四氟乙烯纳米颗粒等，但前者仅能在低电流密度下维持高选择性，电流超过100 mA就会出现CO法拉第效率骤降的问题；后者引入的过量疏水颗粒会大幅提升电子传输阻力，造成高电流工况下的显著能量损耗。因此，开发兼具本征抗析氢特性与低界面阻抗的新型镍单原子催化剂，成为酸性CO₂还原领域亟待突破的核心关卡。虽然过往研究已经证实改变单原子位点周边配位元素是调控催化活性的有效手段，但针对单原子催化体系的应变效应研究始终存在较大空白，尚未得到充分挖掘。三、研究内容与亮点本研究以“局部应变工程调控镍单原子催化活性”为核心思路，搭建起“理论预测-可控合成-性能验证-机制解析”的完整研究框架，核心亮点主要体现在三方面：第一，以理论计算先行锁定突破方向。研究团队通过密度泛函理论构建了三种不同局部曲率的镍-N₄单原子模型，计算结果显示，更高的局部曲率带来的应变效应，可将关键中间体COOH的吸附自由能降低0.23 eV，同时将析氢反应的关键中间体H的吸附自由能提升0.55 eV，不仅能加快CO₂还原的限速步骤反应速率，还能从本征上大幅抬高析氢反应的能垒，从理论层面预判了小直径碳纳米管负载镍单原子在酸性体系中的应用潜力。第二，实现了完全可控的应变精准调控。团队选择不同管径的商业碳纳米管作为生长基底，通过优化退火温度，在950℃条件下成功将镍单原子锚定在碳纳米管表面，既避免了高温下镍原子团聚形成金属簇，又借助碳纳米管的固有曲率为镍-N₄位点引入了可精准量化的局部应变。该策略无需额外引入疏水涂层、外场调控等附加手段，从根源上避免了额外电阻带来的能量损失，催化剂整体阻抗被控制在极低水平。第三，创下了酸性体系下的突破性性能表现。优化后的管径5纳米的镍单原子催化剂Ni-CNT5，在pH=1的强酸性电解液流动池中，可在超宽的-1.0 V至-2.4 V电位区间维持95%以上的CO法拉第效率，远高于大管径对照样品Ni-CNT50在-2.4 V电位下70%的析氢占比，将CO₂单程转化率推高至80%的行业领先水平，连续9小时运行后选择性与电流密度几乎无衰减，彻底打破了酸性体系中CO₂还原选择性随电位升高快速跳水的固有行业痛点。四、图文解析首先是理论预测图（图1），三组不同曲率的镍单原子模型清晰展示了平坦表面、大曲率、小曲率结构的原子排布差异，对应的CO₂还原吉布斯自由能剖面直观体现出高曲率结构下COOH生成的限速步骤能垒仅为1.74 eV，远低于平坦结构的1.97 eV，而析氢反应的自由能变化剖面也证实了高应变结构可以大幅提升H形成的能垒，实现双向同步调控反应活性的效果。其次是合成条件优化表征图（图2），球差校正透射电镜图像直观证明了950℃退火制备的Ni-CNT5中镍原子呈现完全孤立的原子级分散状态，电子能量损失谱元素映射也验证了镍、氮、碳三种元素在整个材料中的均匀分布。X射线衍射与扩展X射线吸收精细结构谱结果明确证实，850℃与950℃退火的样品中镍元素仅以单原子态存在，对应Ni-N第一壳层配位的特征峰位于约1.41 Å，当退火温度升高至1050℃时，才会出现对应金属镍团簇的2.15 Å特征峰，为后续确定950℃为最优合成温度提供了直接证据。再次是不同曲率催化剂的结构对比结果（图3），团队制备出四种管径分别为5、10、15、50纳米的负载镍单原子样品，同步排除了碳缺陷程度、活性位点价态差异的干扰，证实所有样品的碳材料D带与G带强度比约为1.02，碳缺陷水平高度一致，镍的价态也均处于0和+2之间的区间，仅随着碳纳米管管径减小，镍-N配位键的键长发生规律性的微小偏移，精准证明变量仅为碳纳米管曲率带来的局部应变效应。最后是酸性体系电化学性能图谱（图5），在氩气饱和的0.05 M硫酸电解液中的极化曲线直观显示，Ni-CNT5的水合氢离子还原与水还原电流密度在所有样品中为最低值，直接证明其本征析氢活性被显著抑制。后续流动池测试结果进一步展示，Ni-CNT5在宽电位区间始终保持极低的析氢法拉第效率，通过调控CO₂流量可将单次CO₂转化率提升至80%，长时间稳定性测试也验证了该催化剂在强酸性环境下的结构与性能稳定性。五、总结与展望本研究开创性地将局部应变工程应用于镍单原子催化剂的酸性CO₂还原体系，借助碳纳米管管径调控实现了对单原子位点配位环境与应变水平的精准定制，同步完成了抑制析氢副反应、提升CO₂还原主反应活性、降低体系整体阻抗三重目标，最终实现了酸性条件下兼具高选择性、高转化率与高稳定性的CO₂到CO电催化性能，将单原子催化剂的应变调控从理论设想落地为可工程化的成熟方案，进一步拓展了单原子催化剂的设计工具箱，为该领域的后续研究明确了局部应力效应的核心价值。目前该体系已经在小时级测试中展现出优异的稳定性，未来更长周期的千小时级稳定性测试可以进一步验证该催化体系面向实际工业场景的适配潜力。该策略无需引入任何额外功能修饰层的设计思路，也可以便捷地迁移拓展到其他金属单原子催化体系中，为各类酸性电催化反应的高性能催化剂开发提供全新的借鉴范式，推动酸性CO₂电解技术向更低能耗、更高碳利用效率的实用化方向持续迈进。原文信息Y. Liu, Y. Song, X. Guo, et al. Efficient Acidic CO2 Reduction via Local Strain Engineering of Nickel Single-Atom Catalysts. Advanced Materials (2026): e74773. https://doi.org/10.1002/adma.74773声明：本文内容用于科研进展分享，详细内容请参考原文，如有侵权，请联系后台小编删除。香港城市大学Advanced Materials: 镍单原子催化剂的局部应变工程：实现酸性条件下高效CO₂还原的新路径",,,,pending
骆驼集团拿下欧洲OEM预开发项目，钠电启停从“备选”走向“验证”,卓研钠电,卓研钠电,"RIOnews API, 钠离子电池, 钠电, 产品发布, 首发, 发布, 新品, 全新, 对外发布, 合作进展, 战略合作, 定点, 合作, 量产推进, 批量交付, 下线",normal,2026-08-25T18:54:26+08:00,,2026 年 8 月 24 日，骆驼集团对外发布公告，其12V 钠离子电池被欧洲一家大型汽车制造商选中，进入预开发项目。这意味着骆驼的钠电技术将进入该OEM下一代低压应用的开发与验证流程。这不是骆驼第一次与欧洲车企产生交集——此前其12V锂电已被欧洲主要车企采用。但钠电的入围，传递出一个稍有不同信号：在汽车低压电气架构加速变革的当下，主机厂对“铅酸替代”的考量，已不再局限于锂电一条路。01多年低压电池积累，骆驼集团的“新棋盘”要理解这次合作的分量，得先看骆驼的家底。骆驼集团拥有四十余年低压电池行业积累，核心主营业务为汽车低压铅酸电池，产品矩阵覆盖传统铅酸、EFB、AGM、12V 锂离子电池，业,http://mp.weixin.qq.com/s?__biz=Mzg5MjY4NjcxMw==&mid=2247496019&idx=2&sn=a250a30c54d6a0b9c1a92c4546aeae7e,,2026 年 8 月 24 日，骆驼集团对外发布公告，其12V 钠离子电池被欧洲一家大型汽车制造商选中，进入预开发项目。这意味着骆驼的钠电技术将进入该OEM下一代低压应用的开发与验证流程。这不是骆驼第一次与欧洲车企产生交集——此前其12V锂电已被欧洲主要车企采用。但钠电的入围，传递出一个稍有不同信号：在汽车低压电气架构加速变革的当下，主机厂对“铅酸替代”的考量，已不再局限于锂电一条路。01多年低压电池积累，骆驼集团的“新棋盘”要理解这次合作的分量，得先看骆驼的家底。骆驼集团拥有四十余年低压电池行业积累，核心主营业务为汽车低压铅酸电池，产品矩阵覆盖传统铅酸、EFB、AGM、12V 锂离子电池，业,"2026 年 8 月 24 日，骆驼集团对外发布公告，其12V 钠离子电池被欧洲一家大型汽车制造商选中，进入预开发项目。这意味着骆驼的钠电技术将进入该OEM下一代低压应用的开发与验证流程。这不是骆驼第一次与欧洲车企产生交集——此前其12V锂电已被欧洲主要车企采用。但钠电的入围，传递出一个稍有不同信号：在汽车低压电气架构加速变革的当下，主机厂对“铅酸替代”的考量，已不再局限于锂电一条路。01多年低压电池积累，骆驼集团的“新棋盘”要理解这次合作的分量，得先看骆驼的家底。骆驼集团拥有四十余年低压电池行业积累，核心主营业务为汽车低压铅酸电池，产品矩阵覆盖传统铅酸、EFB、AGM、12V 锂离子电池，业务面向全球两百余家主机厂，产品销往全球 110 余个国家与地区，是全球汽车低压电池领域的核心供应商之一。但骆驼并未止步于铅酸。在原有铅酸主业之外，骆驼集团持续布局低压锂电、钠离子电池、电池回收业务，构建“铅酸+锂电”双循环的业务框架，钠电是其面向下一代低压电源的核心技术储备方向。产品端，骆驼集团完成了圆柱形钠离子电池样品工程开发，实现钠电产品小批量试制，已经形成 12V40Ah、12V60Ah、24V60Ah 等多款面向低压场景的钠电产品，电芯覆盖圆柱等多种形态，产品定位汽车启停、小储能、低速动力等场景。2025 年，骆驼集团实现低压钠电小规模装车，完成了圆柱钠电样件交付，标志着其钠电技术正式从实验室研发迈向工程化应用阶段。此外，骆驼集团还联合北京中科海钠、沈阳蓄电池研究所、天能电池、巨江电源等企业，牵头提交《用于汽车起停应用的12V钠离子电池-第1部分：一般要求和实验方法》团体标准立项提案，是国内汽车启停12V钠电领域较早的牵头标准提案，助力我国在低压钠电领域积累行业标准话语权。据襄阳日报报道，这是首次由中国企业牵头的关于汽车起停应用的12V钠离子电池标准的提案，标志着我国在钠离子电池领域的技术实力与标准话语权获得国际认可，向全球电池行业展现了“中国制造”的创新能力和引领作用。骆驼集团以四十年铅酸积淀为基，稳步构建“铅酸+锂电+钠电”多元矩阵。此次跻身欧洲OEM预开发，正是其长期技术储备与前瞻布局的自然兑现，也为钠电在低压场景的规模化应用打开了关键窗口。02钠电启停赛道升温：多路玩家集结，产业化按下加速键随着汽车启停系统对电池低温大电流放电、循环寿命和成本控制的要求持续提升，钠离子电池在启停领域的应用价值正被重新审视。作为设备能源供给的核心部件，钠电池的性能表现直接关系到整车启停的可靠性、运行稳定性及长期使用成本，正成为行业技术迭代与市场竞争的关键焦点。当前赛道已告别单一企业试水阶段，众多企业同步入局，依托各自技术与资源优势落地产品、开展实车验证、推进量产出海，形成多技术路线、多主体竞争的产业化格局。深耕低压电池领域的老牌铅酸企业，凭借整车配套经验与制造、渠道优势，成为钠电启停产业化的重要推手。旭派动力自研博郎高倍率钠电起动电池，具备超3000次循环、15分钟快充80%、-40℃极寒启动能力。2025年7月，旭派与绿电智博（成都）新能源公司举办50万只钠离子起动电池首发仪式暨签约仪式，进入规模化出货阶段。天能集团同样在加速布局钠电。2025年8月，天能推出""天钠""系列12V钠离子启停电池，覆盖H5、H6、H7等主流乘用车型号，采用聚阴离子与层状氧化物双技术路线，同年通过首批行业权威测评并实现销售。2026年8月15日，天能进一步发布钠离子汽车电池5.0新品，采用聚阴离子技术路线、软包电芯设计，额定电压12V，支持20C高倍率放电，可适配燃油车及混动车型启停系统。丰日电气则推出覆盖H5至Q85多型号的钠离子汽车启停电池系列，该系列电池具备30C超高倍率脉冲放电能力，能适应-40℃至80℃宽温域，支持超 2000 次深度循环，设计使用寿命长达 8-10 年，并已通过针刺、挤压、碰撞等安全测试。铅酸企业的就地转型之外，其他企业也在加速入场，为这条赛道注入了新的动力。派能科技是钠电启停领域的领跑者之一，据派能科技披露，2025年其钠电起停电池出货量位居全国第一。技术产品方面，派能开发了NFS（硫酸铁钠）、NFPP（复合磷酸铁钠）两大体系，拥有宽温域、高倍率软包电池。商业化进展上，派能已完成主机厂定点配套并实现批量交付，并与旭派动力达成战略合作，为其提供1GWh以上电池产品。海四达钠星专注聚阴离子（NFPP）技术路线，在汽车启停领域推出全新一代NFPP汽车启停电池，已完成数十万公里装车验证。据海四达钠星透露，其专为汽车启停场景定制开发的‌46145-15PR （15Ah）全极耳圆柱电芯‌，完美适配各类车型的启停电池使用需求，凭借高倍率放电、宽温域运行、长循环寿命的特性，可为车辆提供稳定可靠的低压启停动力支撑。众钠能源则专注于硫酸铁钠技术路线，精准切入商用车启停市场，推出“启钠”系列产品，支持-40℃瞬时启动和最大1300A放电，相比铅酸电池减重超50%。该系列已获得多个国际头部客户认可，并与海四达钠星签署了5000吨正极材料采购协议。隐功科技凭借创新的“无负极”技术，推出“隐速18650”电芯，支持30C超高倍率放电，在-40℃极寒环境下仍保持80%以上放电容量。其安徽基地已达成满产，第2000万颗18650电芯成功下线。钠电启停赛道呈现出多技术路线、多主体竞争的产业化格局。这些企业的集体行动，不仅加速了钠电启停技术的成熟与产业化进程，也为“铅酸替代”提供了多元选择，推动着行业向更高效、环保、经济的方向迈进。03最后过去很长一段时间，钠电启停电池更多活跃在汽车售后维修替换的后市场，其商业价值多体现在用户端的个性化换装与局部场景的尝试。而此次骆驼集团进入欧洲 OEM 预开发流程，意味着钠电正在从前装市场的“局外观察者”，进入主机厂的方案评估与技术验证清单。从后市场的“自发尝鲜”，到主机厂的“主动筛选”，这一跃升不仅是对钠电技术潜力的认可，更打开了规模化前装应用的想象空间。骆驼集团此次入围，连同天能、旭派、派能、众钠能源等一众玩家的产品迭代与实车推进，说明钠离子电池不再只是铅酸替代的备选方案，已经走到主机厂预开发、定点验证的关键关口。但热闹的赛道之下，现实约束同样不容忽视。相比成熟铅酸 AGM/EFB 产品，整套钠电系统综合成本尚未形成绝对优势；不同技术路线下，循环一致性、长期整车工况可靠性、低温高倍率持续表现，还需要海量实车路测数据完成校验；同时海外车企严苛的认证周期、本地化供应链配套，也会拉长从预开发到真正量产落地的转化周期。从实验室样品、小批量试制，到进入车企预开发清单，是钠电启停非常重要的一步，但预开发不等于定点，定点也不等于稳定量产。钠电想要真正替换传统铅酸，成为主机厂的全新选择，不是依靠单点性能超越，而是要在成本、一致性、长期可靠性、供应链成熟度上完成全方位对齐。- 点击下方关注 -- 关于马里亚纳 -钠离子电池产业链交融平台",,,,pending
7月钠电「大事件」追踪,卓研钠电,卓研钠电,"RIOnews API, 钠离子电池, 钠电, 钠电正极, 合作进展, 融资, 投资, 合作",normal,2026-08-25T18:54:26+08:00,,「马里亚纳·钠离子电池产业月刊」栏目旨在帮助钠离子电池产业链上下游人群全面了解钠电这一垂直细分领域的月度信息，欢迎订阅。（文末有订阅领取方式）其中，7月刊卓研钠电梳理的“月度TOP5”事件为：• 钠创新能源完成数亿元融资，10万吨钠电材料项目落地四川• 三星SDI 1100亿战略投资，韩国电池三巨头集体转向• 隐功科技无负极钠电正式进入乘用车赛道• 宁德时代与Alfen签署5GWh钠电储能订单• 容百科技拟投资47.23亿元，建设仙桃30万吨钠电正极材料项目本期2026年7月刊从月度TOP5事件、融资、产品进展、合作动态、项目进展、产业化进展等方面梳理了7月“钠”些事儿。具体内容详见钠离子电池,http://mp.weixin.qq.com/s?__biz=Mzg5MjY4NjcxMw==&mid=2247496019&idx=1&sn=f954fc7ad9cfc5524a820c5835f9d801,,「马里亚纳·钠离子电池产业月刊」栏目旨在帮助钠离子电池产业链上下游人群全面了解钠电这一垂直细分领域的月度信息，欢迎订阅。（文末有订阅领取方式）其中，7月刊卓研钠电梳理的“月度TOP5”事件为：• 钠创新能源完成数亿元融资，10万吨钠电材料项目落地四川• 三星SDI 1100亿战略投资，韩国电池三巨头集体转向• 隐功科技无负极钠电正式进入乘用车赛道• 宁德时代与Alfen签署5GWh钠电储能订单• 容百科技拟投资47.23亿元，建设仙桃30万吨钠电正极材料项目本期2026年7月刊从月度TOP5事件、融资、产品进展、合作动态、项目进展、产业化进展等方面梳理了7月“钠”些事儿。具体内容详见钠离子电池,「马里亚纳·钠离子电池产业月刊」栏目旨在帮助钠离子电池产业链上下游人群全面了解钠电这一垂直细分领域的月度信息，欢迎订阅。（文末有订阅领取方式）其中，7月刊卓研钠电梳理的“月度TOP5”事件为：• 钠创新能源完成数亿元融资，10万吨钠电材料项目落地四川• 三星SDI 1100亿战略投资，韩国电池三巨头集体转向• 隐功科技无负极钠电正式进入乘用车赛道• 宁德时代与Alfen签署5GWh钠电储能订单• 容百科技拟投资47.23亿元，建设仙桃30万吨钠电正极材料项目本期2026年7月刊从月度TOP5事件、融资、产品进展、合作动态、项目进展、产业化进展等方面梳理了7月“钠”些事儿。具体内容详见钠离子电池产业·2026年7月刊：▎钠离子电池产业·2026年7月刊▎钠离子电池产业月刊订阅领取方式方式一：邮箱订阅扫码二维码，限时免费订阅每月按时发送月刊通过邮箱发送时间：微信公众平台发布后1-2个工作日内注:部分邮箱可能无法正常接收或者系统判定为垃圾邮件，请参考方式二。方式二：添加小编领取扫码二维码，添加编辑若有方式一未能如期接收，或想更及时领取月刊等情况：添加编辑@Cisco领取- 点击下方关注 -- 关于马里亚纳 -钠离子电池产业链交融平台,,,,pending
2026年8月25日锂电材料及上游原料价格行情,马里亚纳锂电,马里亚纳锂电,"RIOnews API, 新材料, 碳, 合作进展, 融资, 战略合作, 投资, 合作, 量产推进, 产能, 产线建设, 磷酸铁锂, 铁锂, 碳酸锂, 投产, 合作协议, 发布",normal,2026-08-25T18:48:24+08:00,,相关产业资讯1、8月24日晚间，富临精工公告，公司此前披露控股子公司江西升华与德阳川发龙蟒共同投资建设年产17.5万吨磷酸铁锂项目。公司第六届董事会第一次会议审议通过签署终止协议，江西升华承接并加快推进后续全部建设工作；年产35万吨项目已处于投产过程，产线建设及调试工作按计划有序推进。2、8月24日晚间，盛新锂能发布公告，为进一步推进全球化产业布局，提升全球市场竞争力，公司计划在津巴布韦和尼日利亚分别投资建设年产7.5万吨硫酸锂项目，计划总投资约2.44亿美元和约2.33亿美元，合计投资约4.77亿美元，合计约32.08亿元人民币。公告显示，津巴布韦和尼日利亚拥有丰富的锂矿资源，盛新锂能已在津,http://mp.weixin.qq.com/s?__biz=Mzg2ODY4NTIwNA==&mid=2247603816&idx=3&sn=40220923cc3270cbfbbed5f8f32a7122,,相关产业资讯1、8月24日晚间，富临精工公告，公司此前披露控股子公司江西升华与德阳川发龙蟒共同投资建设年产17.5万吨磷酸铁锂项目。公司第六届董事会第一次会议审议通过签署终止协议，江西升华承接并加快推进后续全部建设工作；年产35万吨项目已处于投产过程，产线建设及调试工作按计划有序推进。2、8月24日晚间，盛新锂能发布公告，为进一步推进全球化产业布局，提升全球市场竞争力，公司计划在津巴布韦和尼日利亚分别投资建设年产7.5万吨硫酸锂项目，计划总投资约2.44亿美元和约2.33亿美元，合计投资约4.77亿美元，合计约32.08亿元人民币。公告显示，津巴布韦和尼日利亚拥有丰富的锂矿资源，盛新锂能已在津,相关产业资讯1、8月24日晚间，富临精工公告，公司此前披露控股子公司江西升华与德阳川发龙蟒共同投资建设年产17.5万吨磷酸铁锂项目。公司第六届董事会第一次会议审议通过签署终止协议，江西升华承接并加快推进后续全部建设工作；年产35万吨项目已处于投产过程，产线建设及调试工作按计划有序推进。2、8月24日晚间，盛新锂能发布公告，为进一步推进全球化产业布局，提升全球市场竞争力，公司计划在津巴布韦和尼日利亚分别投资建设年产7.5万吨硫酸锂项目，计划总投资约2.44亿美元和约2.33亿美元，合计投资约4.77亿美元，合计约32.08亿元人民币。公告显示，津巴布韦和尼日利亚拥有丰富的锂矿资源，盛新锂能已在津巴布韦拥有萨比星锂矿项目，原矿生产规模99万吨/年，可生产锂精矿约29万吨/年；盛新锂能在尼日利亚正在建设选矿产能为50万吨/年的选矿厂，并计划继续扩大产能规模。3、8月24日晚，赣锋锂业披露项目进展公告，赣锋国际与LAR已就共同开发PPGS锂盐湖项目签署一系列确定性关键协议。双方约定将PPGS项目整合至Millennial旗下，整合完成后，赣锋国际与LAR将分别持有Millennial 67%和33%的股权，按比例份额共同持有PPGS锂盐湖项目权益。本次整合工作预计于2026年第三季度末完成。据悉，PPGS锂盐湖项目规划分三期建设，总设计产能为年产15万吨碳酸锂当量。该项目已于2026年第一季度向阿根廷政府提交大型投资激励制度（RIGI）申请，预计于2026年底前获得批准。未来，双方将按持股比例对Millennial进行出资，共同推动项目的融资进程，项目运营由赣锋锂业团队担任运营方，产品包销份额按双方持股比例分配。4、8月24日，中国一汽与零跑汽车在长春举行深化战略合作协议签署仪式。根据协议，双方将围绕资本合作、新能源整车、智能驾驶、动力总成、动力电池、智能底盘、车身工艺装备、轻量化部件、具身智能机器人、金融等领域开展深度协同，合力提升技术创新能力与市场竞争力。5、据“东阳光集团”消息，8月24日，东阳光集团电子新材料·秦淮数据重点项目集中开工投产仪式在广东省韶关市曲江经济开发区举行。东阳光集团重点项目集中开工投产仪式，共计12个项目。其中，开工项目10个，涵盖9个电子新材料项目以及南岭禅境一号基地项目（秦淮数据曲江项目）；投产项目2个，分别为年产1万吨PVDF项目和1万吨/年R32装置建设项目。- 点击下方关注 -- 关于马里亚纳 -你所能触及的行业深度，请关注『马里亚纳锂电』,,,,pending
富临精工终止17.5万吨磷酸铁锂合作项目！,马里亚纳锂电,马里亚纳锂电,"RIOnews API, 新材料, 产品发布, 发布, 上市, 信息披露, 披露, 投资者, 合作进展, 合资公司, 投资, 合作, 量产推进, 产能, 产线建设, 宁德时代, 磷酸铁锂, 铁锂, 储能, 正极材料, 投产, 合作协议, 落地",normal,2026-08-25T18:48:24+08:00,,8月24日晚间，富临精工公告，公司于2026年8月24日召开第六届董事会第一次会议，审议通过了《关于签署〈投资合作协议之终止协议〉的议案》。公司拟终止与德阳川发龙蟒新材料有限公司（简称“德阳川发龙蟒”）在绵竹市德阳—阿坝生态经济产业园的“17.5万吨磷酸铁锂项目”投资合作，并签署《投资合作协议之终止协议》。公告显示，富临精工于2025年10月28日召开第五届董事会第二十七次会议，审议通过了《关于签订<投资协议书>暨新建年产35万吨新型高压实密度磷酸铁锂项目的议案》《关于与德阳川发龙蟒新材料有限公司签署<投资合作协议>的议案》。公司控股子公司江西升华新材料有限公司（简称“江西升华”）拟在德阳—阿,http://mp.weixin.qq.com/s?__biz=Mzg2ODY4NTIwNA==&mid=2247603816&idx=2&sn=d6835039b68e06fe97a8c032ea466989,,8月24日晚间，富临精工公告，公司于2026年8月24日召开第六届董事会第一次会议，审议通过了《关于签署〈投资合作协议之终止协议〉的议案》。公司拟终止与德阳川发龙蟒新材料有限公司（简称“德阳川发龙蟒”）在绵竹市德阳—阿坝生态经济产业园的“17.5万吨磷酸铁锂项目”投资合作，并签署《投资合作协议之终止协议》。公告显示，富临精工于2025年10月28日召开第五届董事会第二十七次会议，审议通过了《关于签订<投资协议书>暨新建年产35万吨新型高压实密度磷酸铁锂项目的议案》《关于与德阳川发龙蟒新材料有限公司签署<投资合作协议>的议案》。公司控股子公司江西升华新材料有限公司（简称“江西升华”）拟在德阳—阿,"8月24日晚间，富临精工公告，公司于2026年8月24日召开第六届董事会第一次会议，审议通过了《关于签署〈投资合作协议之终止协议〉的议案》。公司拟终止与德阳川发龙蟒新材料有限公司（简称“德阳川发龙蟒”）在绵竹市德阳—阿坝生态经济产业园的“17.5万吨磷酸铁锂项目”投资合作，并签署《投资合作协议之终止协议》。公告显示，富临精工于2025年10月28日召开第五届董事会第二十七次会议，审议通过了《关于签订<投资协议书>暨新建年产35万吨新型高压实密度磷酸铁锂项目的议案》《关于与德阳川发龙蟒新材料有限公司签署<投资合作协议>的议案》。公司控股子公司江西升华新材料有限公司（简称“江西升华”）拟在德阳—阿坝生态经济产业园区内投资建设年产35万吨新型高压实密度磷酸铁锂项目，项目分两期建设，一期项目新建年产17.5万吨新型高压实密度新型磷酸铁锂生产线，二期项目新建年产17.5万吨新型高压实密度新型磷酸铁锂生产线，预计总投资金额40亿元。基于上述投资规划，江西升华与四川发展龙蟒股份有限公司全资子公司德阳川发龙蟒签署《投资合作协议》（简称“原协议”），双方共同投资设立合资公司，并以合资公司为主体新建年产17.5万吨磷酸铁锂项目。富临精工指出，原协议签署后，双方就合作细节及项目推进方案进行了多轮沟通与论证。鉴于原协议项下合资公司尚未设立，且合作事项在实施路径、资源配置及决策效率等方面难以满足项目快速推进的实际需要，经公司审慎评估并与合作方友好协商，双方一致认为原协议项下合作事项已不具备继续推进的条件，并拟签署《投资合作协议之终止协议》。为保障公司磷酸铁锂产能布局落地，公司控股子公司江西升华承接并加快推进该项目的后续全部建设工作。富临精工表示，本次终止投资合作系公司与合作方协商一致的结果。截至目前，公司年产35万吨新型高压实密度磷酸铁锂项目已处于投产过程，产线建设及调试工作均按计划有序推进，产能释放进度符合公司预期。公司已就该项目投入自有资金及核心技术团队，项目实施过程中所采用的生产工艺、设备选型及工程管理方案均由公司自主确定并独立执行，项目资产完整，资金来源明确，不存在依赖原合作方的情形。资料显示，富临精工成立于1997年，主营业务为汽车发动机零部件、新能源汽车智能电控和新能源锂电正极材料的研发、生产和销售。其中，江西升华是其锂电正极材料板块的实施主体。经过多年积累和不断迭代，江西升华高压实密度磷酸铁锂产品具备技术性能优势，目前拥有高压实密度磷酸铁锂产能30万吨。随着磷酸铁锂市场的爆发式增长，富临精工今年在磷酸铁锂产能方面不断扩张。1月5日，富临精工公告，江西升华拟与内蒙古自治区鄂尔多斯市伊金霍洛旗人民政府签订《投资合作协议》，江西升华拟在伊金霍洛旗蒙苏经济开发区投资建设年产50万吨高端储能用磷酸铁锂项目，预计总投资金额60亿元。公告显示，项目分两期建设，一期建设25万吨新型磷酸铁锂生产线，二期建设25万吨新型磷酸铁锂生产线，两期同步实施，建设周期预计12个月。同日公告，为保障年产50万吨高端储能用磷酸铁锂项目核心配套原料供应，江西升华拟与内蒙古自治区鄂尔多斯市乌审旗人民政府、内蒙古卓正煤化工有限公司（简称“内蒙古卓正”）签署《投资合作协议》，江西升华拟在乌审旗新建“年产40万吨新型磷酸铁锂前驱体草酸项目”及“年产60万吨新型磷酸铁锂前驱体草酸亚铁项目”。其中，“年产40万吨新型磷酸铁锂前驱体草酸项目”由江西升华与内蒙古卓正分别按照40%、60%股权比例成立合资公司负责实施，合资公司暂定名为内蒙古汇能时代有限公司（具体以工商登记结果为准），预计总投资金额12亿元，建设周期预计24个月。“年产60万吨新型磷酸铁锂前驱体草酸亚铁项目”由江西升华新设项目公司负责实施，项目公司暂定名为苏里格时代富临新材料有限公司（具体以工商登记结果为准），预计总投资金额15亿元，建设周期预计14个月。1月13日，富临精工曾公告，公司拟通过向特定对象发行股票的方式，引入宁德时代作为战略投资者。公告显示，富临精工本次拟向宁德时代发行2.33亿股股票，募集资金总额31.75亿元。扣除发行费用后的募集资金净额将用于年产50万吨高端储能用磷酸铁锂项目、新能源汽车电驱动系统关键零部件项目、机器人集成电关节项目、智能底盘线控系统关键零部件项目及低空飞行器动力系统关键零部件项目等。值得一提的，7月8日，富临精工公告，向特定对象发行A股股票申请获得深圳证券交易所受理。富临精工本次定增，宁德时代拟以现金方式一次性全额认购。本次发行完成后，宁德时代将成为富临精工持股5%以上股东，构成公司关联法人。据披露，“年产50万吨高端储能用磷酸铁锂项目”拟分两期建设，该项目一期备案名称为“内蒙古富临时代新材料有限公司年产25万吨高端储能用磷酸铁锂一期项目”，根据备案文件，项目一期备案投资总额为40亿元，为提升募集资金使用效率，富临精工董事会确认“年产50万吨高端储能用磷酸铁锂项目”拟使用的募集资金235,441.87万元全部用于项目一期。2月4日，富临精工公告，江西升华拟与贵州大龙汇成新材料有限公司（简称“大龙汇成”）签订《项目投资合作协议》，双方拟共同投资设立合资公司，并以该合资公司为主体新建年产50万吨草酸亚铁项目。合资公司的注册资本为30,000万元，其中江西升华拟出资27,000万元，持有目标公司90%的股权；大龙汇成拟出资3000万元，持有目标公司10%的股权。据悉，江西升华与大龙汇成共同投资设立的合资公司将利用铜冶炼废渣生产草酸亚铁工艺，开展草酸亚铁项目合作，旨在进一步发挥各自在产业领域的专业与资源优势，满足富临精工高压实密度磷酸铁锂前驱体的需求，有利于进一步扩大公司磷酸铁锂产能，保障磷酸铁锂业务上游原材料资源供应和成本优化。就在3月9日，广西汇富新材料有限公司成立，法定代表人为张茂林，注册资本为3亿元，所属地区为广西壮族自治区防城港市港口区，经营范围包含电子专用材料制造；电子专用材料销售；新材料技术研发；电池制造；高纯元素及化合物销售等。股权穿透显示，该公司由江西升华与大龙汇成共同成立，分别持股90%、10%。6月23日，富临精工发布公告，公司子公司江西升华拟与德阳磷泰新材料集团有限公司（简称“磷泰集团”）、四川佰瑞德矿业有限责任公司（简称“佰瑞德矿业”）签订《项目投资合作协议》，各方将共同出资设立合资公司，并以该合资公司为主体新建年产20万吨磷酸二氢锂一体化项目及配套10万吨热法磷酸项目。公告显示，该合资公司注册资本为4亿元，其中江西升华拟出资1.6亿元，持有40%的股权；磷泰集团拟出资2.00亿元，持有50%的股权；佰瑞德矿业拟出资4000万元，持有10%的股权。合资公司20万吨磷酸二氢锂一体化项目及配套10万吨热法磷酸项目预计总投资额度30亿元。企查查显示，7月3日，德阳富临磷泰新能源有限公司成立，法定代表人为曾小林，注册资本为4亿元，经营范围包含：电子专用材料制造；电子专用材料销售；电子专用材料研发等。股权穿透显示，该公司江西升华、磷泰集团、佰瑞德矿业共同持股。业绩方面，2025年，富临精工实现营业收入134.82亿元，同比大幅增长59.17%，但归母净利润仅为4.28亿元，同比增幅仅为7.76%。同时，公司2025年末资产负债率达到63.43%，较上年末大增近8个百分点，已攀升至历史新高。2026年一季度，公司实现营业收入50.54亿元，同比大幅增长87.41%；实现归属于上市公司股东的净利润为2.03亿元，同比增长63.87%。- 点击下方关注 -- 关于马里亚纳 -你所能触及的行业深度，请关注『马里亚纳锂电』",,,,pending
顶尖学者齐聚冰城，共筑锰基产业新高地！,马里亚纳锂电,马里亚纳锂电,"RIOnews API, 新材料, 电池材料, 碳, 隔膜, 高比能, 硅, 新型电池, 电化学合成, 电催化, 合作进展, 投资, 合作, 学术研究, 大学, 教授, 研究所, 瑞浦兰钧, 瑞浦, 磷酸铁锂, 铁锂, 软包, 储能, 高安全, 电池回收, 正极材料, 负极材料, 电解液, 出货, 排名, 生产基地, 政策, 实验室, 量产, 落地",normal,2026-08-25T18:48:24+08:00,,在全球能源转型加速推进、“双碳”目标深入落地的背景下，锰基材料凭借高安全、低成本、资源自主可控等核心优势，正成为重构电池产业格局的战略性选择。为深化全产业链对锰基材料应用潜力的认知，推动技术创新与市场落地深度融合，哈尔滨工业大学化工与化学学院与马里亚纳将于2026年9月20-22日在哈尔滨联合举办“2026中国锰基材料及电池产业技术创新发展高峰论坛”。本次论坛将汇聚政企院所及全产业链上下游企业，覆盖了锰基材料从基础研究到产业化应用的全产业链条，充分彰显了论坛的学术高度与产业深度。同时汇聚了来自哈尔滨工业大学、复旦大学、厦门大学等顶尖高校的六位重磅专家担任大会主席，他们将以深厚的学术造诣和丰富的,http://mp.weixin.qq.com/s?__biz=Mzg2ODY4NTIwNA==&mid=2247603816&idx=1&sn=2c8a9742a8530a2fc512a283e6ebfba9,,在全球能源转型加速推进、“双碳”目标深入落地的背景下，锰基材料凭借高安全、低成本、资源自主可控等核心优势，正成为重构电池产业格局的战略性选择。为深化全产业链对锰基材料应用潜力的认知，推动技术创新与市场落地深度融合，哈尔滨工业大学化工与化学学院与马里亚纳将于2026年9月20-22日在哈尔滨联合举办“2026中国锰基材料及电池产业技术创新发展高峰论坛”。本次论坛将汇聚政企院所及全产业链上下游企业，覆盖了锰基材料从基础研究到产业化应用的全产业链条，充分彰显了论坛的学术高度与产业深度。同时汇聚了来自哈尔滨工业大学、复旦大学、厦门大学等顶尖高校的六位重磅专家担任大会主席，他们将以深厚的学术造诣和丰富的,在全球能源转型加速推进、“双碳”目标深入落地的背景下，锰基材料凭借高安全、低成本、资源自主可控等核心优势，正成为重构电池产业格局的战略性选择。为深化全产业链对锰基材料应用潜力的认知，推动技术创新与市场落地深度融合，哈尔滨工业大学化工与化学学院与马里亚纳将于2026年9月20-22日在哈尔滨联合举办“2026中国锰基材料及电池产业技术创新发展高峰论坛”。本次论坛将汇聚政企院所及全产业链上下游企业，覆盖了锰基材料从基础研究到产业化应用的全产业链条，充分彰显了论坛的学术高度与产业深度。同时汇聚了来自哈尔滨工业大学、复旦大学、厦门大学等顶尖高校的六位重磅专家担任大会主席，他们将以深厚的学术造诣和丰富的产业经验，为锰基材料及电池产业的高质量发展把脉定向。大会主席吴晓宏教授长期深耕极端环境特种功能材料研究，发明了一系列热控、消杂光、抗辐照等关键功能材料及可控制备技术，攻克了多约束条件下高性能与高可靠兼顾等技术难题。成果应用于我国探月二期工程航天器、风云四号气象卫星、天问一号等型号。入选国家级高层次人才，任国家部委科技创新团队负责人，黑龙江省重点实验室主任，国家部委卓越青年科学基金获得者(结题优秀)，获国家技术发明二等奖、国家部委技术发明一等奖、国家部委科技进步一等奖、教育部技术发明一等奖、黑龙江省自然科学一等奖和技术发明一等奖各1项(均排名第一)，中国青年科技奖特别奖获得者、中国青年女科学家奖获得者、全国三八红旗手、全国巾帼建工标兵称号。夏永姚教授从1990起一直从事新型储能材料和技术的研究，包括锂（钠）离子电池、电化学电容器和新型电池体系等。共发表SCI论文500余篇，他引4万余次，H-index 99，入选2017-2023年Clarivate Analytics 高引作者，授权专利40余项。2003年回国至今主持包括国家重点研发计划（首席科学家）、国防科技173计划（技术首席），科技部“973计划”，“863计划”项目、国家自然科学基金重点、面上项目、上海市科委和企业合作项目等40余项。转让专利多项，多项研发的材料和技术已产业化或产业化示范应用。Fellow of ISE (国际电化学会)，Editor of J. Power Sources，《物理化学学报》副主编，2015-2022年中国电化学会主任。2009年获国家自然科学基金委杰出青年基金，上海市优秀学科带头人。中国电化学会“电化学贡献奖”， 教育部自然科学一等奖，电化学会 (ECS)电池技术奖，国际电池材料协会(IBA) 电池技术奖，上海市第十六届科技精英（提名奖）。赵金保教授现任新能源汽车动力电源技术国家地方联合工程研究中心（厦门大学）主任、电化学技术教育部工程研究中心（厦门大学）主任等职。长期从事电化学储能（特别是锂电池）及其关键材料的研究，发表科学研究论文逾300篇，申请锂离子电池关联发明专利200多项，其中 130余项已获授权（包括日本和美国专利50余项），内容涵盖锂离子电池用功能性电解液、高安全性隔膜材料、硅基负极材料、固体电解质、电池设计与制备技术等多个方向，部分重要成果广泛被美国苹果、特斯拉、日本松下、日立等公司利用，具有丰富的电池设计和制造等方面的实践经验。研究也涉及燃料电池等其他能源电化学领域。柯克作为工学博士、首批浙江省“领军型创新创业团队”领军人(2014)、哈尔滨工业大学校外兼职博士生导师，先后在哈工大、中科院金属研究所、防化研究院、北京大学、东京大学、东京工业大学、丰田中央研究所、山梨大学、超威集团学习和工作；从事化学电源（超级电容器、锂离子电池、燃料电池等材料及系统）相关研究开发及产业化近30年。资料显示，河南克能新能源科技有限公司依托柯克博士团队，与中金汇融管理的安阳战新产业基金及新能源行业龙头企业超威集团共同战略合资成立，得到元禾厚望克能创业基金的战略投资，从事新型动力锂离子电池材料、电池单体及系统的研发、生产与销售，以产品“安全为先”为核心理念，拥有高安全、长寿命、超耐寒、动力强的新型纯锰酸锂及高性能磷酸铁锂软包电池的多项核心技术。产品主要应用于区域绿色出行轻型电动车辆（两轮车、三轮车、低速四轮、区域物流车、专用车、特种工程车）及储能领域。王正伟毕业于哈尔滨工业大学电化学专业，高级工程师，拥有30多年二次电池研发及技术管理经验，在锰基电池材料及应用、电池设计与制造管理方面具有丰富的经验，申报专利共95项，其中有4项PCT专利。2011年加入星恒电源股份有限公司，担任大电芯工程院院长，规划公司技术战略方向及资源布局，主持高性能锰基电池材料新技术产业化、新型电芯产品开发、电池回收利用等工作。资料显示，星恒成立于2003年，以中科院物理所技术为依托，是国内知名的动力锂电池高新技术企业。历经20余年发展，星恒已开展全球化产业布局，拥有苏州、滁州、印尼、匈牙利等生产基地，欧洲、印度、东南亚、新加坡等子公司。同时布局电池原材料业务“星恒青源”、电池运营品牌“城满电”和电池回收业务“星恒新材料”，开启全产业链生态进化。产品主要用于电动汽车、储能、电动轻型车等新能源领域。截至2025年，星恒锂电池出口德国、法国等40个国家和地区，动力锂电池累计销量超3500万组，轻型车锂电池连续八年出货全球领先，并配套超40万辆电动汽车。王振波教授入选国家级高层次人才（第四批）、科技部中青年科技创新领军人才；黑龙江省“龙江学者”特聘教授；山东省泰山产业领军人才；江苏省“双创”人才；江西省“双千计划”创新领军人才；获2022年侯德榜化工科学技术奖创新奖；连续11年(2014-2024)入选Elsevier中国高被引科学家。深圳市高层次人才团队负责人。担任Batteries顾问编委、《电源技术》、《石油化工高等学校学报》编委。研究方向为先进化学电源、氢燃料电池、电催化、纳米电极材料；主持国家自然科学基金重点基金1项，面上项目3项，青年基金1项；科技部重点研发项目1项、课题1项；山东省重点研发项目1项，其他省部委项目10项，其他及企业课题40多项。在Nature Catalysis、Nature Commun.、Adv. Mater.、Angew. Chem. Int. Ed.等上发表SCI论文300多篇，H因子75。近5年发表IF>10的论文78篇。入选ESI十年高被引论文25篇，ESI热点论文8篇。获国家授权发明专利63项，转化33项；获国防科技进步一等奖1项，黑龙江省自然科学一等奖2项，浙江省科技成果转化二等奖1项，哈尔滨工业大学教学成果一等奖1项。负责黑龙江省教育科学规划重点课题1项；负责校教学研究项目1项；作为主要参加人（排序第2）承担教育部新工科教学研究项目1项。本次论坛将汇聚政、产、学、研、资多方力量，围绕政策解读、技术攻坚、市场机遇、供需对接四大主线，搭建高端产业化交流平台。届时，六位大会主席将与30余位行业大咖、顶尖学者及应用企业代表一道，全面解读锰基电池及其材料体系的技术进展与产业化前景，共同探讨锰基材料从实验室到量产的关键突破路径，助力我国锰基产业破局提质、协同高质量发展，进一步巩固中国在锰基电池领域的全球领先地位。会议安排会议设置多个主题论坛。20日报到，21、22日两天为主题报告。本届峰会重点讨论以下相关主题：论坛报告嘉宾（含拟邀）：吴晓宏 哈尔滨工业大学化工与化学学院 院长、党委副书记夏永姚 复旦大学 特聘教授、博导/国家级高层级人才赵金保 厦门大学化学 特聘教授、博导/国家级高层级人才柯 克 河南克能新能源科技有限公司 创始人、董事长兼总经理王正伟 星恒电源股份有限公司 首席技术官王振波 哈尔滨工业大学化工与化学学院 教授、博导/俄罗斯工程院外籍院士夏定国 北京大学博雅特聘教授/教育部长江学者肖成伟 中国化学与物理电源行业协会 副秘书长/河北工业大学 教授史冬梅 国家自然科学基金委员会高技术研究发展中心 研究员、原技术总师贺艳兵 清华大学深圳研究生院 教授、博导王振华 北京理工大学化学与化工学院 党委书记/教授、博导夏永高 中科院宁波材料所 研究员 博导邱 报 中科院宁波材料所 研究员侯 敏 瑞浦兰钧能源股份有限公司 副总裁寇 亮 西安陕煤泾久新能源科技有限公司 总经理胡 进 巴斯夫杉杉电池材料有限公司 研究院副院长韩少杰 中科致良新能源材料（浙江）有限公司 副总经理胡 伟 宁夏汉尧富锂科技有限责任公司 副总经理陈静波 安徽博石高科新材料股份有限公司 工程院院长宁波容百新能源科技股份有限公司中伟新材料股份有限公司……（嘉宾陆续确认中）会议信息主办单位：哈尔滨工业大学化工与化学学院主办单位：马里亚纳承办单位：马里亚纳锂电合作单位：中科院宁波材料技术与工程研究所合作单位：上海交通大学化学化工学院合作单位：四川大学化学工程学院合作单位：先进电池材料产业集群合作单位：能源学人合作单位：加电联盟赞助单位：苏州云栖谷智能系统装备有限公司赞助单位：广东亿富智能装备有限公司赞助单位：深圳市新威尔电子有限公司赞助单位：深圳市科晶智达科技有限公司赞助单位：潍坊追日磁电科技有限公司赞助单位：……（持续招商中）参会报名2026年9月1日前报名并交费：2800元/人，学生代表凭学生证：1500元/人；2026年9月1日后报名并交费：3200元/人，学生代表凭学生证：1800元/人；现场报名并交费：3800元/人。正式注册代表享有：会议资料、会议茶歇、会议用餐（午餐和晚宴）及会议活动等。【备注：哈工大校友报名参加会议享受会议注册费八折优惠】码上报名会议赞助为高水平办好本次论坛，大会组委会现面向全社会公开征集赞助合作单位。重点邀请锰基电池、锰基正极材料、电芯制造、原辅材料、精密设备、检测仪器及配套技术服务企业参与协办，借助这一专业行业平台展示品牌实力、拓展产业合作、提升行业影响力。赞助合作相关事宜，欢迎各单位与会议组委会对接洽谈。本次论坛诚挚邀请海内外专家学者、青年科研人员、行业技术骨干、在校研究生，以及产业企业、科研院所、政府产业主管部门、行业协会、产业投资机构、金融机构等各界同仁踊跃参会、共襄盛会。大会将汇聚政、产、学、研、资多方力量，聚焦锰基电池技术创新、工艺迭代、产业化落地与场景应用，共同推动锂电材料产业高质量发展，助力全球绿色低碳能源转型。参会及赞助联系人：王 强 156 0632 1072祝银茶 135 8561 5054李彩云 193 0848 0544- 点击下方关注 -- 关于马里亚纳 -你所能触及的行业深度，请关注『马里亚纳锂电』,,,,pending
【原创 · 产业观察】硬碳缺口下的原料和技术创新：塑料类硬碳的机遇与挑战,起点钠电,起点钠电,"RIOnews API, 钠离子电池, 钠电, 钠电正极, 钠电负极, 产品发布, 发布, 发布会, 合作进展, 融资, 投资, 合作, 收购, 技术进展, 技术突破, 技术验证, 制备工艺, 量产推进, 产能, 产线爬坡, 竣工, 厂房建设, 产线启动",normal,2026-08-25T18:46:09+08:00,,倒计时3天2026第十一届起点钠电论坛暨全球钠电TOP排行榜发布会活动主题：全链路突破 规模化质变主办单位：起点研究、起点钠电举办时间：2026年8月28日举办地点：深圳宝安登喜路国际酒店2楼国际厅活动规模：500 + 演讲及赞助单位：天能钠电、隐功科技、同兴皓升、晟钠新能、科迈罗、纳甘新能源 、华阳集团、鑫钠新材料、钠科能源、茹天科技、希倍动力、兆瑞新能源、九续钠电、扬广科技、禾电科技、金钠科技、川源科技、科隆新能源、钠远新材、维科技术、宇恒电池、汉行科技、普洱滇钠能源、珈钠能源、亮见钠电、果曼钠电、德尔智慧、易事特钠电等活动咨询：钠电小杨哥 *********** 如果你关注钠离子电池，你,http://mp.weixin.qq.com/s?__biz=Mzg4NjgzMzg3NA==&mid=2247518792&idx=1&sn=bf864f2cf519134fedefce137abaa51c,,倒计时3天2026第十一届起点钠电论坛暨全球钠电TOP排行榜发布会活动主题：全链路突破 规模化质变主办单位：起点研究、起点钠电举办时间：2026年8月28日举办地点：深圳宝安登喜路国际酒店2楼国际厅活动规模：500 + 演讲及赞助单位：天能钠电、隐功科技、同兴皓升、晟钠新能、科迈罗、纳甘新能源 、华阳集团、鑫钠新材料、钠科能源、茹天科技、希倍动力、兆瑞新能源、九续钠电、扬广科技、禾电科技、金钠科技、川源科技、科隆新能源、钠远新材、维科技术、宇恒电池、汉行科技、普洱滇钠能源、珈钠能源、亮见钠电、果曼钠电、德尔智慧、易事特钠电等活动咨询：钠电小杨哥 *********** 如果你关注钠离子电池，你,"倒计时3天2026第十一届起点钠电论坛暨全球钠电TOP排行榜发布会活动主题：全链路突破 规模化质变主办单位：起点研究、起点钠电举办时间：2026年8月28日举办地点：深圳宝安登喜路国际酒店2楼国际厅活动规模：500 + 演讲及赞助单位：天能钠电、隐功科技、同兴皓升、晟钠新能、科迈罗、纳甘新能源 、华阳集团、鑫钠新材料、钠科能源、茹天科技、希倍动力、兆瑞新能源、九续钠电、扬广科技、禾电科技、金钠科技、川源科技、科隆新能源、钠远新材、维科技术、宇恒电池、汉行科技、普洱滇钠能源、珈钠能源、亮见钠电、果曼钠电、德尔智慧、易事特钠电等活动咨询：钠电小杨哥 *********** 如果你关注钠离子电池，你大概率已经听过一个词——“硬碳瓶颈”。当钠电正极材料路线逐渐收敛，电解液技术趋于成熟，负极材料硬碳却成了整个产业链上那道绕不开的“咽喉”：产能不足，好料难求，成本高企。而另一边 ，数以千万吨计的废塑料正等待一条出路： 回收率仅 30% ，焚烧填埋仍在继续。这不是科幻。一项名为塑料类硬碳的技术，正试图打通“从白色污染到高性能储能材料”的新技术路径。在国内这条赛道上，珠海纳甘新能源是国内塑料类硬碳方向的开拓者与先行者，也是极少数专注塑料类硬碳技术、拥有原创底层工艺、主导行业标准制定、实现中试稳定量产的硬碳科技企业之一。和椰壳基、煤基、树脂基这些路线不同，纳甘不跟风卷原料，走的是固废循环加自主工艺调控的路子。说白了，它盯的就是钠电硬碳的三大痛点：原料依赖进口、批次一致性差、成本居高不下。给电芯厂和储能企业提供的，是能量产、一致性高、成本可控的硬碳。在国内塑料类硬碳这个细分方向，算是产业化走得比较实的先行者。以下，围绕市场逻辑、技术底气、产业化窗口与真实挑战展开，具体聊聊塑料类硬碳这件事。一、硬碳为什么突然成为产业链的焦点？钠电池产业的提速 ，比多数人预想的要快。2023-2024 年还是商业化验证期 ， 2025 年就已进入规模化应用元年，结合起点研究（SPIR）数据来看，2025年全年全球钠电池出货量 9GWh ， 同比增长 150%。更猛烈的信号来自头部电芯厂： 2026 年 ，仅单一客户规划的钠电池订单规模就超过 60GWh（据起点研究院调研数据） ，意味着整个供应链必须提前进入备战状态。产能现状：在建规模远超已建成规模需求在爆发，供给却跟不上。根据公开信息，截至2026年8月，中国已建成的钠离子电芯产能估摸在25–30GWh，还是把已投产和进入量产阶段的专用产线都算上的。宁德时代（福鼎基地） ：25GWh。作为行业龙头 ，其钠电专用产线已投产 ，具备规模化量产能力。海四达（钠星内江基地） ：6GWh。 2026 年 5 月进入竣工冲刺阶段。易事特（甘肃张掖） ：2GWh。 2026 年 5 月建成投产 。维科技术（南昌基地） ：2GWh。 2025 年 10 月建成投产。钠创新能源（云南普洱） ：2GWh。 2026 年 2 月正式投产。超威集团（安庆基地） ：2GWh（一期） 。2026 年 6 月投产。宁夏安能达 ：2GWh（一期） 。 2024 年 8 月投产。得先把“已建成”和“规划”分开看。规划听着吓人——2025年底已达275.8GWh，但真落地的只有25–30GWh。在建的，公开信息统计约73.2GWh，行业机构估40–50GWh（还有不少项目没公开，实际只会更多）。注： 上表 “在建电芯产能 ”指项目规划中明确为电芯制造的产能 。 部分项目已获批或开工 ，但距离投产仍有时间。这轮在建产能有几个看点：一是大厂挑大梁，比亚迪、多氟多单个项目就奔着30GWh去；二是摊子铺得开，从江苏、广东到宁夏、甘肃都有局；三是路线不单一，层状氧化物、聚阴离子（NFPP）都在上。这些项目未来1–2年陆续落地，钠电才算是真的起量了。由产能推算的硬碳需求：约15万吨级别根据行业通用测算标准，每GWh 钠离子电池约需消耗1500吨硬碳负极材料。基于该标准，结合前述产能数据，可以推算相应的硬碳需求量。已建成产能的需求。 已建成钠离子电芯产能约 25–30GWh ，对应硬碳需求量如下：注：部分行业报告对硬碳单耗的估算范围在600–1800 吨/GWh 之间，差异较大。1500吨/GWh 是当前被广泛引用的行业均值。在建产能的需求：在建钠离子电芯产能合计约73.2GWh ，按同一标准计算 ，对应硬碳需求量约10.98万吨。加总分析:如果已建和在建产能全部满产 ，理论上对硬碳的总需求将达到约15万吨级别：但这只是理论值，测算之外还有三个关键变量：实际产能利用率远低于名义产能：上述计算基于“名义产能 ”的理论最大需求。新产线从建成到满产需要较长的爬坡周期 ，且当前硬碳负极本身供给不足 ，实际开工率可能远低于 100% ，实际硬碳消耗量会显著低于理论测算值。硬碳供给缺口仍然显著：当前行业硬碳负极有效产能有限 ，供需矛盾突出。 以椰壳基硬碳为例 ，全球椰壳可用量理论上仅支撑约 50–60GWh 的钠电需求 ，而仅在建产能就已超过 70GWh——光靠椰壳根本不够，非椰壳路线（煤基、树脂、塑料类）必须顶上。行业分析显示 ，当前硬碳供需缺口已达 2 万–2.5 万吨，且这一缺口在 2027 年可能迅速扩大至 10 万吨级别。技术路线分化影响单耗：不同应用场景的硬碳单耗存在差异——储能钠电约为1400–1500 吨/GWh，动力钠电约为 1600–1800 吨/GWh。动力电芯因快充、倍率需求单耗更高，用1500吨/GWh的均值估算，实际总需求会略高于15万吨。硬碳缺的不是量，是「错配」按已建+在建电芯满产算，硬碳需求约15万吨/年，而当前有效供给明显不足——行业测算供需缺口已达2万–2.5万吨，2027年还可能扩到10万吨级别。但更要紧的，是结构错配：储能、动力要的是果壳、树脂、塑料这类高端硬碳，眼下高端硬碳的产能（果壳 + 树脂 + 塑料中试）加起来只有1.75万吨上下（其中塑料类尚在中试、未形成有效产能）。说白了，硬碳缺的不是“随便什么碳”，是能稳定做高端的硬碳。塑料类硬碳恰好就是奔着这个缺口去的——原料不受椰壳卡、纯度工艺已经攻下来，最该补的，正是高端储能和动力这两块最硬的位子。这意味着：2027年缺口扩到10万吨时，硬碳只够支撑约5万吨——对应约33GWh电芯，电芯产能利用率会被硬碳压到1/3左右。储能、动力电芯厂只能“等米下锅”，尤其高端硬碳，缺口最大。结论很直接：硬碳（尤其高端）是当前钠电产业链最短的板，立即加大硬碳产能投资，是抢在未来三年紧缺窗口前的当务之急。硬碳在钠电中的成本占比约15%-20%，但真正让人头疼的不是成本占比，而在于供应的稳定性。 目前主流路线依赖椰壳等生物质原料 ，不仅受产地、季节影响 ，还得和活性炭、超级电容器等行业抢料 ，供应链高度脆弱。SPIR预计2026年硬碳负极需求将达2.6万吨，2030年将达141.4万吨。硬碳正处于“供不应求 ”的紧平衡状态 ，显著的缺口正是技术变革的有利窗口。塑料类硬碳从源头就绕开了这个限制：废塑料年存量千万吨级，不受产地、季节约束，要放量随时能放量。珠海纳甘新能源这类先行者，已经跑通了中试，产线复制起来比椰壳基快得多——国产硬碳大规模替代进口，路子已经铺出来了。二、硬碳原料的供给困局：高度依赖进口的椰壳 目前并没有一个单一且精确的“国产硬碳 vs 进口椰壳”的占比数据，因为“硬碳”是最终产品，而“椰壳”是其核心原材料。但从多个行业报告和数据中可以清晰地看到： 中国用于生产高性能硬碳的优质椰壳原料 ，高度依赖进口。核心数据一览进口依赖度极高，国产原料存在天然局限多个报告指出 ， 中国95%的椰壳碳化料和近80%的钠电硬碳原料来自进口。此外 ，椰壳活性炭的进口依赖度也在45%–60%之间。一个普遍认同的行业共识是：硬碳生产对进口椰壳的依赖度超过80%。国产原料的局限同样明显——国内椰壳产量有限（年约4.7万吨），且海南产的椰壳因气候原因更薄、硬度更低，品质不及东南亚原料。钠电池越跑越快，进口椰壳也跟着越买越多。2025年12月，国内果壳炭进口17983.77吨，同比涨52%；全年加起来更是到了15万吨。为摆脱进口依赖，国内企业正积极探索多元化路径 ，开发竹子、 秸秆、 沥青等本土替代原料。 “高端椰壳原料高度依赖进口”的说法，准确地反映了当前行业现状——这种依赖贯穿从原料产地到高端制造的全产业链。供给源头：高度依赖进口的原料根源在于中国对进口椰壳的极度依赖，供应端则集中在少数产地国和跨国企业。极高的进口依赖：中国95% 以上的高纯硬碳级椰壳炭依赖进口，其中仅菲律宾、印尼、越南三国就占据了绝大部分份额。来源高度集中：2024 年，仅菲律宾一国的进口量就高达 11.56 万吨，占中国总进口量的大头。产地国政策风险：近年来，主要产出国如印尼、菲律宾等，因天气、政策等因素导致供应紧张，价格持续上涨。如泰国政府已开始整治外资高价收购行为，以保护本土产业。产业链中游：集中度高的加工与市场这种集中不仅限于源头，更延伸至高端加工和市场环节，形成“日企主导高端、中企占据中低端”的格局。. 市场高度集中：全球前五大企业的产能合计占了总量的54.8%。在中国市场内，外资前五大供应商也控制了约35%–45%的市场份额。 主要的外资供应商：主要由三家外资占据——可乐丽（Kuraray，日本，全球份额约22%）、Haycarb（斯里兰卡，产能全球第一）、Jacobi（瑞典，全球最大制造商之一），三家合计份额过半，主导高端市场。供给集中的后果：成本上升与产业链承压这种供给集中给中国相关产业带来较大压力，最直观的体现就是原料价格的持续冲高。2024年起，进口椰壳碳化料价格进入上涨通道，港口含税提货价累计上涨1200–1500元/吨；2025年继续冲高，规格料含税进厂价突破8000元/吨，印尼、印度FOB价较2024年同期上涨超80%。2026年上半年经历一轮“冲顶—回落”：1–2月椰壳炭被列为危险品、叠加东南亚减产，价格持续走高，3月碘值1000产品报价达11500–13500元/吨，5月硬碳级椰壳炭触及3万元/吨以上历史高点；6月进口均价回落至805美元/吨，但同比仍处高位。在价格体系上 ，硬碳产品已开始分级定价：中低克容量产品3.5万元/吨 ，高克容量（350mAh/g）产品达6万元/吨。尽管价格有所回调 ，但同比仍处高位 ，供应链的脆弱性并未根本消除——推动杏壳、竹基等本土替代原料的产业化 ，仍是保障硬碳负极产业长期发展的战略选择。原料价格的持续上涨 ，给下游企业带来了巨大压力：原料供应紧张：市场已出现“无料可供”“有钱买不到货”的局面；有中资企业甚至在泰国以高出当地一倍的价格抢购椰壳，引发当地监管关注。成本压力传导：已传导至活性炭产品，2025年下半年华东椰壳净水活性炭（碘值1000）出厂价普遍在9500–13000元/吨之间。.倒逼产业转型：高昂的成本正倒逼国内钠电硬碳负极产业加速寻找本土化替代原料，如竹子、秸秆、无烟煤等，以摆脱对进口椰壳的依赖。全球椰壳碳的供应上限：“电池级”才是瓶颈关于全球椰壳碳的产量，目前没有单一、权威的官方统计，不同机构的统计口径差异较大。综合来看，大致如下：全球产量概览。根据行业报告，2025年全球椰壳炭产量已突破48万吨；更广义的“果壳炭”（包含椰壳、杏核壳、核桃壳等）总产量约126万吨。其中，中国椰壳炭产量达到32.7万吨，占全球总产量的46.3%。产能高度集中，价格持续走高。全球椰壳炭产能主要集中在亚太地区，仅中国、印尼、菲律宾三国合计就占全球55%以上的产能；东南亚地区凭借原料优势，贡献了全球约52%的椰壳活性炭产量。全球椰壳炭市场规模在2025年达到约24.6亿美元，价格也持续上涨——2025年印尼的椰壳炭价格已超过1000美元/吨。电池级占比并不高。虽然总量可观，但“电池级”在总产量中的占比很小。一份2026年行业报告显示，广义“果壳炭”在新能源领域（超级电容器电极材料、电池负极添加剂及氢储能等）的消费量，只占总体应用的约12%；聚焦到椰壳炭，电池级产品属于高端细分领域，占比预计远低于12%——大部分产量流向水处理（中国约12.1万吨）和食品饮料（中国约8.3万吨）等传统领域，且电池级硬碳对纯度、孔隙结构要求极高，中国95%以上的高纯硬碳级椰壳炭依赖进口。理论供应vs现实瓶颈。若将全球48万吨椰壳炭全部用于生产硬碳，按20%–25%的产碳率计算，理论上可产出9.6万–12万吨硬碳。而椰壳碳化料到硬碳的收率是60%左右，因此，实际或可产出5.76-7.2万吨硬碳，可满足约38–48GWh的钠电池需求。但这几乎不可能实现：全球看，电池级占比仅约12%；中国看，国内椰子年产量约36万吨，可产出椰壳约4.7万吨，即使100%用于生产硬碳，也只能产出0.94–1.18万吨，最多满足约6–8GWh的钠电池需求，杯水车薪。供需矛盾突出。中国市场95%依赖进口，2025年果壳炭（主要为椰壳炭）进口量约15.03万吨，基本框定了国内电池级椰壳炭的现实供给上限。而仅中国已建和在建的钠电产能就已超过100GWh，理论上每年需要约15万吨硬碳——与国内每年最多能提供的约1万吨（自产）加约3万吨（进口转化，按20%产率）硬碳相比，存在巨大缺口。产业判断：电池级椰壳碳的供应在可预见的未来都将处于紧张状态——这正是行业积极寻求竹基、秸秆基、树脂基等替代材料的根本原因。破局之路：中国的应对策略为降低进口依赖，国内正从技术和资源两方面寻求多元供给：技术替代：大力研发煤基硬碳、生物质（竹子、秸秆）等非椰壳原料路线，以摆脱对进口椰壳的依赖。资源布局：部分企业通过在东南亚投资建厂，从源头锁定原料供应。椰壳进口依赖是长期形成的，短期内难以根本改变。但原料多元化和技术突破，迟早会撕开这个口子——塑料类硬碳的意义，正在于此。产业判断：椰壳原料的进口依赖，恰恰凸显了塑料类硬碳作为“非椰壳路线”的意义——它从源头绕开了依赖进口的原料环节，让硬碳供应更有保障。三、技术路线之争，塑料类凭什么“插队”？目前硬碳的技术路线已呈现出百花齐放的格局，主要分为四条：生物质基、树脂基、煤/沥青基，以及新兴的塑料类。生物质基（椰壳、竹子、淀粉等） ：技术成熟度最高 ，但原料一致性极差——不同批次、不同来源的椰壳 ，灰分、纤维素含量差异巨大 ，导致硬碳产品批次性能波动难以消除。这在大规模电芯制造中是核心痛点。树脂基（酚醛树脂、聚丙烯腈等） ：纯度极高 ，可分子设计 ，但原料成本数万元一吨 ， 目前主要面向 “高精尖”市场 ，难以在成本敏感型领域大规模铺开。煤/沥青基（无烟煤、煤焦油沥青等） ：原料丰富、成本较低 ，但灰分和杂质含量偏高 ，一致性控制与环保处理要求较高。塑料类（废PET、PP、PE、PVC、PS、PC等）：原料成本才千元级，而且塑料本身就是聚合物，分子结构写在牌号里，一致性从源头就稳。碳收率20%—25%，比生物质基的15%—20%高出一截——同样的吨位，投料和能耗都省。核心差异在于“源头确定性”。生物质是“大自然的馈赠”，但天然原料的批次一致性受产地、季节影响较大；塑料则是“人工合成品”，分子量分布、元素组成都写在牌号说明书里，用它们制造硬碳，相当于拿着精确配方做化学合成，而不是靠天吃饭。一个被低估的深层优势：孔隙结构的“出身论”硬碳的储钠机理高度依赖其孔隙结构 ，而孔隙的“出身”直接决定了材料的实战性能。生物质基硬碳继承的是天然孔隙 。 椰壳 、 竹子等原料自带大量微米级孔洞和中孔 （介孔），这些孔在碳化后仍然保留。 它们对储钠几乎没有活性贡献 ，反而带来两个副作用：一是吸附环境水分，导致极片加工时水分超标； 二是降低粉体压实密度， 限制电芯能量密度。塑料类硬碳的孔隙则是“定向生成”的。塑料原料本身致密无孔 ，所有孔隙都是在碳化工序中通过工艺参数调控人为构建的。 这意味着孔隙率、孔径分布 、开闭孔比例均可主动设计 ，不依赖原料“天生 ”长成什么样。由此带来的量化差异是显著的：当一个材料在容量、压实、加工性、一致性四个维度上均有优势时，它就不是“另一种选择” ，而是值得重点关注的替代方案。说白了，“一致性+成本”是硬碳行业的老大难，塑料类路线是少数两头都能兼顾的。在众多非椰壳路线里，珠海纳甘新能源率先把“废塑料全组分回收”和“硬碳制备”绑在了一起。靠自研的提纯与碳化工艺，纳甘一头甩开了依赖进口的椰壳供应链，一头把原料成本压到千元级——进口椰壳“量价双爆”的困局，在这儿被拆了。四、从塑料到钠电硬碳，中间经历了什么？从废塑料到硬碳，先过“提纯”这一关废塑料做硬碳之前 ，要先经过提纯。所谓提纯 ，简单说就是将混合、脏污的废旧塑料 ，通过物理或化学手段 ，去除杂质并分离出不同种类的塑料 ，最终产出可媲美原生料的高纯度再生原料。核心路径主要有三种。物理提纯（最主流）：可以理解成“洗菜+淘米+智能分拣”。通过破碎、密度沉浮（利用水或溶液让不同塑料分层）、磁选/风选和清洗，去除金属、砂石、纸张等杂质。在此基础上 ，现代物理提纯还加入了光学分选技术 ，利用近红外光等识别不同塑料材质 ，并用高压气流精准分离 ，大幅提升了分选纯度和效率。优点是成本较低 ，适合处理成分相对单一的废塑料（如 PET 饮料瓶、农用地膜）。溶剂提纯（高端精炼）：类似“萃取”。用特定溶剂选择性溶解出目标塑料（如PE、PP），把颜料、阻燃剂等顽固杂质过滤掉，再让塑料析出。优点是纯度极高，能处理多层复合膜等复杂废料，缺点是成本和技术门槛较高。化学提纯（分子级回收）：通过化学反应将塑料解聚回单体（如PET变回PTA和EG），或通过热解变成油品。适合处理严重污染或混合废料，实现了“从分子再建分子”的循环。总的来说 ，物理法（尤其是结合光选技术后） 是当前处理“量大面广”废塑料的主力 ，而溶剂法和化学法则负责“高值化” ，让废塑料有机会重回同级甚至升级应用。提纯之后 ，原料才能进入下一步的碳化环节。技术原理本身并不复杂 ：在高温和特定气氛下 ，将废塑料中的碳链 “拆解－重构 "" ，形成适合钠离子存储的无序碳层（乱层结构）。关键在于微观调控：精准碳层间距：通过氮、硫等元素掺杂或化学预处理，将碳层间距稳定在0.38nm以上，让钠离子能顺畅进出，而不是被卡在层间。闭孔结构构建：高温碳化时生成大量封闭纳米孔，用来存储钠离子簇，这正是硬碳容量的主要来源。环保底线：对于含氯塑料（如PVC），系统采用密闭高温碳化+尾气急冷净化工艺，确保二噁英等痕量污染物排放优于国家标准。这既是一项技术，也是一种责任——塑料类硬碳的环保逻辑必须闭环。塑料类 vs 酚醛树脂基：同源不同路一个常见的误解是将塑料类硬碳和酚醛树脂基硬碳归为“同一大类 ”。两者虽同为聚合物前驱体 ，但技术逻辑截然不同：酚醛树脂基 ：使用工业级新料 ，原料成本高昂（数万元/吨） ，碳化过程仅产出硬碳单一产品 ，缺乏副产品价值闭环。塑料类：原料是废旧塑料，走全组分回收。碳化出的热解油和气，都不是废料——油能卖钱当燃油或化工原料，气净化后回系统供热。还有更妙的一层：部分塑料（如PET）碳化后，非碳组分还能重新聚合，再生出新的塑料。这形成了一个工业化的闭环：废塑料进入工厂，出来的是钠电硬碳和可销售的副产品——没有浪费，只有价值重构。以珠海纳甘新能源的中试数据为例，目前塑料类硬碳产品已实现：比容量330~350mAh/g（中试数据）、电压变异系数CV＜3%、压实密度1.16g/cm³。性能不输、成本更优、一致性更好 ，且副产品创造增量收入 ，这对电池厂来说 ，几乎是用“正极的思维”做出了负极材料。五、煤基与沥青基硬碳：复杂原料的“精炼”之路煤基与沥青基是硬碳的另一类重要前驱体路线。与塑料相似 ，煤和沥青都是——甚至更加复杂的——有机混合物，理解这一点 ，才能看懂为什么煤/沥青基硬碳的提纯如此棘手。煤和沥青都是典型有机混合物：煤是含大量无机杂质（灰分）的固态高分子岩，沥青是组分庞杂、无固定沸点的热塑性胶体。正因为是混合物，工业上只能做组分分离，谈不上提纯“单一元素”。煤要去灰分，主要靠化学法（酸碱法、含氟酸法等）做出“超纯煤”，灰分可降至0.5%以下；沥青要去喹啉不溶物和灰分，主流是溶剂法多级分离，QI可降至0.005%以下。两样都不便宜、也不简单。煤的提纯核心是去除其中的无机矿物质（灰分） 。物理法利用煤与矿物质的密度、磁性等物理性质差异进行分离（如洗选） ，成本较低但提纯效果有限； 化学法才是获得超纯煤（灰分可降至 0.5% 以下） 的主要手段 ，其原理是利用化学反应溶解矿物质 ，主要包括：沥青提纯主要是去除其中的固体杂质 ，特别是喹啉不溶物（QI）和灰分。 主流技术是溶剂法 ，核心是 “溶解－分离－回收 "" ：先将沥青与特定溶剂（如洗油、二甲苯等） 混合溶解； 再利用离心分离、沉降或过滤等技术 ，将含杂质的重相沉淀物与含纯沥青的轻相清液分开；最后通过蒸馏等方法回收清液中的溶剂 ，得到精制沥青。煤基硬碳：提纯与结构调控的双重挑战煤基硬碳的原料来源广泛、成本低，但其技术挑战主要集中在两点：提纯除杂难：煤是天然矿物，无机杂质（灰分）一大堆。想用在电池里，就得深度提纯——技术难、成本高，成了煤基硬碳产业化的老大难。微观结构调控难 ：这是更核心的挑战 ，直接决定电池性能。煤基硬碳的难点在“改造”——煤易石墨化、层间距小、闭孔难构建，普遍可逆比容量偏低（多低于300mAh/g）、首次库仑效率不足；沥青基硬碳的难点在“驯服”——高温易重排成类石墨，必须靠预氧化等精细工艺抑制，工艺窗口窄、一致性差、环保成本高。总的来说 ，这两条技术路线都在努力解决 “如何让易石墨化的碳前驱体最终变成高性能的硬碳 ”这一核心矛盾。煤基硬碳的难点在于 “清洁 ”原料和 “改造 ”其固有结构； 而沥青基硬碳的难点则在于“驯服 ”其易石墨化的本性 ，并实现精准、一致且环保的工艺控制。小结：煤与沥青基硬碳在提纯环节就要付出更高的工艺与成本代价——这正是塑料类硬碳“源头确定性”优势的另一种体现。六、百万吨级硬碳生产：一场全产业链的""极限挑战""实现百万吨级硬碳生产 ，是一项极其复杂的系统工程 ，其难点远不止于找到一种 “量大便宜”的原料 ，而是面临着从源头原料到终端应用的全产业链挑战。这些挑战可以归纳为以下四个核心层面。原料端：从“有”到“稳定”的鸿沟这是最根本的挑战 ，关键在于找到一种能满足百万吨级年产量、 品质稳定且成本可控的前驱体。生物质路线（如秸秆、竹子）：理论供应量最大，但面临“收储运”体系复杂、物流成本高和原料一致性难以控制的根本性问题。不同产地、批次 ，甚至同一株植物的不同部分 ，其成分（木质素、纤维素等）都存在差异 ，这直接导致最终硬碳产品性能不稳定。 煤基/沥青基路线：原料供应稳定且成本极低 ，但产品电化学性能是短板 ，普遍存在可逆比容量低（多低于 300 mAh/g） 、首次库仑效率不足和循环性能差等问题。树脂基路线：产品性能优异且一致性好 ，但原料成本高昂且依赖于石油化工产业链 ，在百万吨级规模下经济性堪忧。工艺端：从“能做”到“做好”的跨越即便有了稳定的原料 ，如何通过规模化生产做出性能合格的产品 ，又是另一大难题。技术路线尚未统一：硬碳的制备工艺路线多样 ， 尚未形成统一标准 ，本身就是规模化的障碍。构效关系复杂，Know-How 壁垒高：硬碳的微观结构（如孔隙、层间距）与其电化学性能（容量、效率）之间的关联极其复杂。制备过程中的温度波动、包覆不均等细微变化都会影响最终产品。杂质与副反应控制难： 杂质控制：生物质和煤中固有的灰分等杂质会“毒化”电极，降低首次库仑效率。煤基路线的酸洗除杂成本高昂且工艺复杂 ，使用氢氟酸等剧毒试剂还有安全风险。 副反应与产气：硬碳复杂的孔结构和表面官能团容易引发电解液分解等副反应 ，导致电池产气 ，影响安全和寿命。产品性能有待突破：目前硬碳产品普遍存在首次库仑效率低、压实密度低等问题，制约了电池的整体能量密度。设备端：从“实验室”到“工厂”的考验将实验室工艺放大到百万吨级工厂 ，对生产设备提出了极高要求。核心设备瓶颈：硬碳生产涉及粉碎、研磨、干燥、碳化等十几道工序。传统设备在规模化生产中暴露出诸多问题 ，例如研磨时易堵料、效率低 ，",,,,pending
星空钠电再下一城！,起点钠电,起点钠电,"RIOnews API, 钠离子电池, 钠电, 产品发布, 发布, 发布会, 合作进展, 战略合作, 投资, 合作",normal,2026-08-25T18:46:09+08:00,,倒计时3天2026第十一届起点钠电论坛暨全球钠电TOP排行榜发布会活动主题：全链路突破 规模化质变主办单位：起点研究、起点钠电举办时间：2026年8月28日举办地点：深圳宝安登喜路国际酒店2楼国际厅活动规模：500 + 演讲及赞助单位：天能钠电、隐功科技、同兴皓升、晟钠新能、科迈罗、纳甘新能源 、华阳集团、鑫钠新材料、钠科能源、茹天科技、希倍动力、兆瑞新能源、九续钠电、扬广科技、禾电科技、金钠科技、川源科技、科隆新能源、钠远新材、维科技术、宇恒电池、汉行科技、普洱滇钠能源、珈钠能源、亮见钠电、果曼钠电、德尔智慧、易事特钠电等活动咨询：钠电小杨哥 *********** 起点钠电关注到，近日，星,http://mp.weixin.qq.com/s?__biz=Mzg4NjgzMzg3NA==&mid=2247518792&idx=3&sn=4158bcaed233d07716ee7e937b356f6e,,倒计时3天2026第十一届起点钠电论坛暨全球钠电TOP排行榜发布会活动主题：全链路突破 规模化质变主办单位：起点研究、起点钠电举办时间：2026年8月28日举办地点：深圳宝安登喜路国际酒店2楼国际厅活动规模：500 + 演讲及赞助单位：天能钠电、隐功科技、同兴皓升、晟钠新能、科迈罗、纳甘新能源 、华阳集团、鑫钠新材料、钠科能源、茹天科技、希倍动力、兆瑞新能源、九续钠电、扬广科技、禾电科技、金钠科技、川源科技、科隆新能源、钠远新材、维科技术、宇恒电池、汉行科技、普洱滇钠能源、珈钠能源、亮见钠电、果曼钠电、德尔智慧、易事特钠电等活动咨询：钠电小杨哥 *********** 起点钠电关注到，近日，星,"倒计时3天2026第十一届起点钠电论坛暨全球钠电TOP排行榜发布会活动主题：全链路突破 规模化质变主办单位：起点研究、起点钠电举办时间：2026年8月28日举办地点：深圳宝安登喜路国际酒店2楼国际厅活动规模：500 + 演讲及赞助单位：天能钠电、隐功科技、同兴皓升、晟钠新能、科迈罗、纳甘新能源 、华阳集团、鑫钠新材料、钠科能源、茹天科技、希倍动力、兆瑞新能源、九续钠电、扬广科技、禾电科技、金钠科技、川源科技、科隆新能源、钠远新材、维科技术、宇恒电池、汉行科技、普洱滇钠能源、珈钠能源、亮见钠电、果曼钠电、德尔智慧、易事特钠电等活动咨询：钠电小杨哥 *********** 起点钠电关注到，近日，星空集团与德国Hoyer集团正式达成战略合作。基于双方战略契合优势与产业互补特性，本次签约明确三大核心合作方向，构建常态化、深层次、全方位的协同合作体系：一是产品联合定制研发，聚焦欧洲户用储能、集装箱储能主流应用场景，针对当地光伏自用、峰谷套利、离网供电等核心需求，联合研发适配欧洲标准的专业化钠电储能成套装备；二是本地化渠道共建共享，依托Hoyer集团欧洲线下展厅、工程服务网点及成熟经销体系，搭建集勘测、安装、运维于一体的本地化服务链路，借助欧洲行业展会平台，常态化输出集团自主核心技术与储能产品；三是新能源项目协同共建，双方联合打造零碳工业园、光储充一体化示范标杆项目，形成可复制、可推广的欧洲新能源项目落地模式，助力区域能源体系升级。辽宁星空钠电电池有限公司，成立于2018年，宏成供电成员，位于辽宁省鞍山市，是一家以从事电气机械和器材制造业为主的企业。依托下属子公司四川星空钠电电池有限公司，在达州东部经开区布局了四川星空钠离子电池产业综合项目，项目总投资达115亿元，主要建设钠离子电芯、PACK集成储能电站及110kV变电站配电线路、智能电网管理系统等，产品广泛应用于工业商业储能风光发电储能、低速交通备用电源等领域。方形铝壳钠电池PACK集成生产线分两阶段建设，建成后将成为国内规模最大的钠电池生产基地，其中，一阶段生产线共有8条，年产能达10GWh，两阶段全部建成后，该基地将实现年产能20GWh、年产值约200亿元的目标。今年3月，星空钠电集团还与巴斯夫公司在四川达州正式签约，双方合作将重点围绕钠离子电池的前沿技术开展联合研发、加强产业链协同合作、携手开发符合国际标准的钠离子电池产品，共同推动相关技术与产品进入全球市场等方面展开。今年6月，辽宁星空集团与宇恒电池股份有限公司达成战略合作签约。双方将依托各自在钠电技术研发、产业链整合、智能制造及市场资源等领域的核心优势，聚焦钠离子电池产业化落地、技术协同创新、储能场景应用等关键方向展开深度合作。德国Hoyer集团则是一家历史悠久的家族企业，成立于1924年，总部位于德国汉堡。该集团业务涵盖能源、物流、新能源等多个领域，是欧洲能源供应和智慧能源物流体系的核心企业之一。能源业务方面，其业务包括传统能源贸易、零售网络、海事能源以及新能源转型。其加油站网络覆盖德国北部，提供加油、超市、餐厅等综合服务。物流业务方面，作为全球液体货物物流解决方案供应商，Hoyer集团在化工、食品、气体等行业的物流领域具有领先地位。集团拥有超过60,000个中型散装容器（IBC），提供设备管理、租赁、运输、清洗等全链条服务，业务覆盖欧洲、美国和中国市场。近年来，受能源转型、政策支持、设备成本下降以及良好的项目经济性等因素影响，作为中美之外的全球新型储能第三大市场，欧洲市场储能正处于快速发展的阶段，并呈现出大型储能项目快速增长、户用储能市场复苏、工商业储能需求崛起等趋势。而在众多新兴储能技术中，钠离子电池核心原材料钠资源储量丰富、分布广泛且成本较低，能够显著缓解储能系统对关键资源的供应依赖与价格波动风险；且钠离子电池通常拥有更宽的工作温度范围、更优异的倍率性能以及更高的理论安全性，能契合大规模储能等储能场景对运行稳定性、响应速度和本质安全的严格要求。因此，近年来，在欧洲各国，已经有不少企业在计划推动钠离子电池在储能领域的应用。如宁德时代与荷兰Alfen N.V.签署谅解备忘录，计划自2027年起在荷兰等西欧国家部署5GWh的天恒钠电储能系统；与东欧可再生能源领域领先企业Solarpro签署2GWh天恒钠电储能合作协议；海四达钠星与欧洲知名储能解决方案提供商Salzstrom正式签署战略合作协议。双方将围绕钠离子电池储能系统在欧洲市场的应用展开深度协同，共同开启欧洲及全球储能市场的新篇章。瑞士初创公司Phenogy公司已在德国北部不来梅机场附近的一个商业地点部署了一个兆瓦时规模的钠离子储能系统，可提供400KW的功率，并提供近1MWh的存储容量。Altech电池公司与咨询公司达成合作，将每年向德国一个主要工业园区供应30块1MWh的Cerenergy GridPack钠电池，用于储能。合作将从2027年开始，并持续进行五年，合计将供应150块1MWh的钠电池。未来，面向欧洲新能源领域，还有哪些企业将展开钠电储能合作与布局，对此，起点钠电也将持续关注。一键三连「点赞」「转发」「小心心」欢迎关注起点钠电！— 完 —起点钠电交流群72-码上入群往期推荐:重磅！宁德时代云南4GWh钠电独储项目备案通过！3500万！常德昆宇30MWh钠电储能订单10月前交付墨西哥国内又一主流车企抢滩钠电点击阅读原文，即可报名参会！",,,,pending
维科技术2026上半年钠电“成绩单”,起点钠电,起点钠电,"RIOnews API, 钠离子电池, 钠电, 产品发布, 发布, 发布会, 新品, 全新, 合作进展, 投资, 合作, 量产推进, 批量交付, 产能, 扩产, 竣工",normal,2026-08-25T18:46:09+08:00,,倒计时3天2026第十一届起点钠电论坛暨全球钠电TOP排行榜发布会活动主题：全链路突破 规模化质变主办单位：起点研究、起点钠电举办时间：2026年8月28日举办地点：深圳宝安登喜路国际酒店2楼国际厅活动规模：500 + 演讲及赞助单位：天能钠电、隐功科技、同兴皓升、晟钠新能、科迈罗、纳甘新能源 、华阳集团、鑫钠新材料、钠科能源、茹天科技、希倍动力、兆瑞新能源、九续钠电、扬广科技、禾电科技、金钠科技、川源科技、科隆新能源、钠远新材、维科技术、宇恒电池、汉行科技、普洱滇钠能源、珈钠能源、亮见钠电、果曼钠电、德尔智慧、易事特钠电等活动咨询：钠电小杨哥 *********** 起点钠电关注到，8月25,http://mp.weixin.qq.com/s?__biz=Mzg4NjgzMzg3NA==&mid=2247518792&idx=2&sn=82d3f287fe83388f8de05c11ac0f2795,,倒计时3天2026第十一届起点钠电论坛暨全球钠电TOP排行榜发布会活动主题：全链路突破 规模化质变主办单位：起点研究、起点钠电举办时间：2026年8月28日举办地点：深圳宝安登喜路国际酒店2楼国际厅活动规模：500 + 演讲及赞助单位：天能钠电、隐功科技、同兴皓升、晟钠新能、科迈罗、纳甘新能源 、华阳集团、鑫钠新材料、钠科能源、茹天科技、希倍动力、兆瑞新能源、九续钠电、扬广科技、禾电科技、金钠科技、川源科技、科隆新能源、钠远新材、维科技术、宇恒电池、汉行科技、普洱滇钠能源、珈钠能源、亮见钠电、果曼钠电、德尔智慧、易事特钠电等活动咨询：钠电小杨哥 *********** 起点钠电关注到，8月25,倒计时3天2026第十一届起点钠电论坛暨全球钠电TOP排行榜发布会活动主题：全链路突破 规模化质变主办单位：起点研究、起点钠电举办时间：2026年8月28日举办地点：深圳宝安登喜路国际酒店2楼国际厅活动规模：500 + 演讲及赞助单位：天能钠电、隐功科技、同兴皓升、晟钠新能、科迈罗、纳甘新能源 、华阳集团、鑫钠新材料、钠科能源、茹天科技、希倍动力、兆瑞新能源、九续钠电、扬广科技、禾电科技、金钠科技、川源科技、科隆新能源、钠远新材、维科技术、宇恒电池、汉行科技、普洱滇钠能源、珈钠能源、亮见钠电、果曼钠电、德尔智慧、易事特钠电等活动咨询：钠电小杨哥 *********** 起点钠电关注到，8月25日，维科技术发布2026年半年度报告，披露钠电业务布局进展：①户用储能：公司的家储HM6钠电系列，基于户用储能场景，提供长循环、高安全、模块化的钠电储能产品；通过领先的电池技术，该系列产品能量转换效率超过95%，为用户带来显著的电费节约和收益提升，并确保用电安全与价值最大化。因钠电池的长寿命和卓越稳定性，该系列产品备受市场青睐。②工商业储能：随着国内部分地区峰谷价差不断增大，以及电网接入容量的限制，各地投建工商业储能需求迅速增长。公司积极与多家储能公司合作，在工商业储能及系统集成领域展开深度合作，提供符合客户需求的钠电储能解决方案，在满足自身内部用电需求，利用峰谷电价差套利降低运营成本，储能也可作为备用电源以应对突发停电事故。③储能电站：在大规模储能电站领域，公司重点开发以钠离子电池为核心的储能产品，积极布局大规模储能电站、电网调频储能和新能源汽车超级充电站专用的高倍率电池，旨在满足未来能源市场的多样化需求。通过这些战略布局，公司不仅巩固了在钠电池市场的领先地位，还推动了储能技术的广泛应用。储能业务方面，公司项目端顺利落地采日能源50MW/200MWh、贲安能源 10MWh 等国内大型储能项目、火储调频 30MW 自主倍率钠电项目。细分特种储能场景持续突破，台区储能、高寒无人基站钠电产品完成批量交付验证；铁塔WT50系列产品试点通过，开辟通信备电全新价值赛道。在钠电储能应用领域，和国内头部的储能集成厂商合作，积极参与国家级新型储能示范项目。小动力业务方面，公司钠电起动电源在技术积累和市场突破方面取得阶段性进展：完成E、HB、UB全系列产品开发，东南亚海外渠道验证。下半年的核心任务是将技术优势转化为订单，实现规模化出货。传统PACK业务盈利趋于稳定，通过公司自产电芯+PACK，获得持续的市场竞争力。铝壳业务经过经营价值评估，下半年持续降本改善经营状况。钠电研发制造方面，快速响应海外储能、AIDC、通信基站等多元市场要求，陆续开发高温HT170、高倍率HR50、高安全SH50、宽温域WT50等型号，有效拓展钠电产品矩阵，进一步巩固公司在储能钠电市场的领先地位。公司在南昌基地建成了两条全自动钠电生产线，彰显了公司在钠离子电池领域的规模化制造能力和行业领先地位。公司生产的钠离子电池在能量密度、循环寿命和安全性等方面均达到了行业水平，凭借卓越的产品品质，获得了市场的认可。公司积极推动钠电池在储能、二轮车、起停电源等领域的市场拓展，通过与多家行业领军企业的合作，迅速扩大市场占有率，提高行业影响力。据起点钠电了解，今年以来，维科技术已多次加码布局钠电：产能方面，今年5月 29 日，维科技术南昌基地产线升级正式启动，本次南昌二期项目涵盖钠电产线扩建与维科产线升级，作为公司钠电核心产能载体，此次扩产将进一步巩固其在钠电池领域的行业领先地位。维科技术董事长陈良琴在开工仪式上表示，公司已在钠电领域取得多项行业第一：建成首条GWh级钠电专线，连续两年出货量居行业首位（第三方评级），中标国内首个100MWh 级大型储能钠电项目，落地上海星火20MWh钠电示范项目，实现百MWh级钠电产品批量出口，并推出NFPP体系、-40℃超低温、高倍率等多款创新产品，技术与制造先发优势显著。4月29日，南昌维科高性能钠离子储能电池建设项目备案获批，该项目总投资60564万元，建设内容包括厂房改扩建、生产线升级及设备购买，主要配置正极/负极激光模切机、叠片机、自动化组装线、智能干燥线等等先进国产智能化设备，建成高性能、大容量、高安全的钠离子储能电池生产线，年产能3GWh。项目建设地点位于南昌市新建区，拟于2026年4月开工，2029年4月竣工。3月18日，江西维科新能源电池智能化装备更新及产能提升项目申报，项目通过对生产线进行技术改造并购置正/负极辊压分切一体机、分切机等核心生产设备，建设锂/钠电池极片智能化生产线，进一步提升高性能正负极极片的产能。项目预计于2026年3月开工，2027年6月竣工。2月27日，南昌维科钠离子电池生产智能化技术改造项目申请备案，项目总投资3850万元，项目占地面积2190平方米，建筑面积390平方米，将通过引进智能装备与系统，对产线进行智能化升级，实现生产全流程的自动化管控与数据驱动。1月27日，维科电池12PPM的钠离子圆柱电池生产车间技术改造建设项目备案获宁波市北仑区经济和信息化局批复。该项目固定投资1640万元，拟对原有数字化车间进行改造升级，购置自动上料匀浆系统、全自动涂布机、碾压分切一体机、全自动卷绕揉平机、装配线、全自动烘箱、化成分容柜、OCV测试系统、全自动堆垛机调度系统、全套外围设备和成品测试实验室全套设备，共计投入生产制造设备费用1.2亿元，基建外围设备费用0.5亿元，成品实验室建设费用0.2亿元，长期固定投资合计1.7亿元。通过技改投资12PPM的钠离子圆柱电池产线，月产77万支，年收入0.9亿元。3月13日，维科技术披露定增预案，拟向控股股东维科控股定向发行股票，募资不超过5亿元，资金全部用于补充流动资金，将重点投入钠离子电池等新兴战略业务，在技术迭代、产能建设、市场验证及客户拓展方面提供稳定的资金保障，加速其产业化进程，保障公司平稳穿越产业周期，实现协同发展。产品方面，5月12日，维科技术正式发布WT50、WT150两款宽温域钠离子电池新品，以超宽温域、长循环、高安全、高倍率性能，覆盖高寒、高热、高海拔等全场景需求。产品精准匹配NFPP正极与高动力学硬碳负极，降低低温极化，避免析钠风险；材料体系抑制副反应与高温产气，60℃循环超 6000次，45℃循环超10000次，25℃ 1C/1C循环寿命≥18000 次；通过针刺、热失控、短路、过充等严苛测试，无起火、无爆炸，满足多种场景安全要求；支持100C脉冲、5C快充，40C脉冲放电超 20 秒；充电温区-40℃~65℃，放电温区-50℃~80℃，实现全气候覆盖。产品应用方面，维科技术的方形铝壳钠电芯以超高安全、8000次循环、宽温域及高倍率性能，广泛应用于大型储能、工商储能、户储等领域，其中包括广发100MW/200MWh钠电储能电站、内蒙古2.5MW/10MWh钠电储能电站、海丰30MW储能辅助调频项目及华北油田100kWh钠电储能电站等多个代表性项目；圆柱钠电芯则凭借70C高倍率放电、全极耳工艺与-20℃低温充电优势，重点服务于摩托车起动电源、乘用车起停电源、应急启动电源等应用场景。在此基础上，公司积极布局商用车起驻电源、通信基站备用电源、数据中心备用电源等细分市场，并重点拓展海外业务，为全球客户提供具备竞争力的钠电解决方案。目前维科技术已在耐高温、低温充电、高倍率宽温域、超安全等关键领域取得突破：耐高温技术有效提高了电池在60℃高温环境下的循环寿命与容量保持率；低温充电技术可确保电池在-20℃环境中实现稳定充放电；高倍率宽温域技术则打造出能适应-40℃至80℃极端温度、且支持10C快充快放的高性能钠电池；超安全技术已成功研发出针刺无烟型电芯，进而大幅增强产品安全性。值得注意的是，在8月28日举办的“2026第十一届起点钠电论坛暨全球钠电TOP排行榜发布会”上，维科技术研究院钠电技术专家王宏达博士将带来《AIDC 场景钠离子电池适配性技术研究》主题演讲，全面解析钠电池在数据中心电源场景下的技术难点与适配思路。一键三连「点赞」「转发」「小心心」欢迎关注起点钠电！— 完 —起点钠电交流群72-码上入群往期推荐:重磅！宁德时代云南4GWh钠电独储项目备案通过！3500万！常德昆宇30MWh钠电储能订单10月前交付墨西哥国内又一主流车企抢滩钠电点击阅读原文，即可报名参会！,,,,pending
【第一批230+参会名单公布】8.28，深圳 | 第十一届起点钠电论坛邀您共聚鹏城！,起点钠电,起点钠电,"RIOnews API, 钠离子电池, 钠电, 钠电正极, 钠电负极, 产品发布, 发布, 发布会, 新品, 官宣, 合作进展, 融资, 投资, 合作",normal,2026-08-25T18:46:09+08:00,,2026第十一届起点钠电论坛暨全球钠电TOP排行榜发布会议程一大会基础信息活动全称：2026第十一届起点钠电论坛暨全球钠电TOP排行榜发布会活动主题：全链路突破 规模化质变主办单位：起点研究、起点钠电举办时间：2026 年 8 月 28 日举办地点：深圳宝安登喜路国际酒店2楼国际厅活动规模：500 + 演讲及赞助单位：天能钠电、隐功科技、同兴皓升、晟钠新能、科迈罗、纳甘新能源 、华阳集团、鑫钠新材料、钠科能源、茹天科技、希倍动力、兆瑞新能源、九续钠电、扬广科技、禾电科技、金钠科技、川源科技、科隆新能源、钠远新材、维科技术，宇恒电池，汉行科技，普洱滇钠能源，珈钠能源，亮见钠电、果曼钠电、德尔智慧,http://mp.weixin.qq.com/s?__biz=Mzg4NjgzMzg3NA==&mid=2247518792&idx=4&sn=eca54de6dc70096fbc94164710dcd6f1,,2026第十一届起点钠电论坛暨全球钠电TOP排行榜发布会议程一大会基础信息活动全称：2026第十一届起点钠电论坛暨全球钠电TOP排行榜发布会活动主题：全链路突破 规模化质变主办单位：起点研究、起点钠电举办时间：2026 年 8 月 28 日举办地点：深圳宝安登喜路国际酒店2楼国际厅活动规模：500 + 演讲及赞助单位：天能钠电、隐功科技、同兴皓升、晟钠新能、科迈罗、纳甘新能源 、华阳集团、鑫钠新材料、钠科能源、茹天科技、希倍动力、兆瑞新能源、九续钠电、扬广科技、禾电科技、金钠科技、川源科技、科隆新能源、钠远新材、维科技术，宇恒电池，汉行科技，普洱滇钠能源，珈钠能源，亮见钠电、果曼钠电、德尔智慧,2026第十一届起点钠电论坛暨全球钠电TOP排行榜发布会议程一大会基础信息活动全称：2026第十一届起点钠电论坛暨全球钠电TOP排行榜发布会活动主题：全链路突破 规模化质变主办单位：起点研究、起点钠电举办时间：2026 年 8 月 28 日举办地点：深圳宝安登喜路国际酒店2楼国际厅活动规模：500 + 演讲及赞助单位：天能钠电、隐功科技、同兴皓升、晟钠新能、科迈罗、纳甘新能源 、华阳集团、鑫钠新材料、钠科能源、茹天科技、希倍动力、兆瑞新能源、九续钠电、扬广科技、禾电科技、金钠科技、川源科技、科隆新能源、钠远新材、维科技术，宇恒电池，汉行科技，普洱滇钠能源，珈钠能源，亮见钠电、果曼钠电、德尔智慧、易事特钠电等二参会嘉宾及会议议程序号公司 / 单位名称参会嘉宾姓名职位1起点研究李振强董事长&研究院院长2深圳市金钠科技有限公司杨维元董事长3易事特钠电科技（广东) 有限公司王少平总经理4江苏隐功科技有限公司朱健总经理5海四达钠星江旭总经理6惠州亿纬锂能股份有限公司杨佳佳华南区域总经理7浙江卡波恩新材料有限公司李建平总经理8珠海纳甘新能源技术有限公司郑宏伟总经理9北京希倍动力科技有限公司杨道均总经理10广东德尔智慧科技股份有限公司宋文宇集团副总经理11深圳亮见钠电科技有限公司赖见董事长12钠科能源乔少华董事长13禾电科技徐宁副总经理14浙江旭派动力科技有限公司张震然副总经理15华阳集团产业技术研究总院张利武副总经理、副院长、新能源产业技术研究分院院长16中比新能源王森林钠电总监17广东奥克莱集团有限公司蒋齐明副总裁18维科技术股份有限公司王宏达研究院钠电技术专家19Peak Energy朱禹同20广东茹天机械设备科技有限公司秦涛董事长21湖南极电特能科技有限公司范长岭董事长22深圳市晟钠新能源科技有限公司马莹董事长23哈尔滨博钠新能源有限公司石坚董事长24浙江凤启新能源股份有限公司蔡雪松董事长25钠远新材科技（无锡）有限公司刘众擎博士董事长26深圳市亿司特新材料科技有限公司曹向东董事长27长篙新材陈鹏董事长28川源科技余海君董事长29江西新科环保股份有限公司朱立全董事长30和明机械黄立斌董事长31山东搅拌器厂家邵明海董事长32保力新能源科技股份有限公司高保清董事长33中园石油化工有限公司邵冰董事长34广州途锐化工科技有限公司龙少华董事长35广东德尔智慧科技股份有限公司张文化董事长36九续钠电（阿拉善）新能源科技有限公司卢伃董事长37瑞扬新能源科技（山东）有限公司胡志平董事长38九续钠电（阿拉善）新能源科技有限公司秦彪总经理39广东容钠新能源科技有限公司吴业总经理40深圳信瑞新能源科技有限公司江军总经理41熊储能源王理红总经理42恒燃能源科技（广东）有限公司魏孝明总经理43深圳市屹能科技有限公司余生明总经理44深圳市镭达新能源科技有限公司程冰蕾总经理45深圳市孚赛能源科技有限公司丰雄奇总经理46湖南立方新能源科技有限责任公司涂健董事长47时代思康新材料有限公司程思聪总经理48河南科隆新能源股份有限公司夏巍立总经理49深圳科迈罗光电技术有限公司章少坤总经理50东莞市鑫晟达智能装备有限公司黄晓山总经理51广东精锐精密工业有限公司孔德涛总经理52煊赫工业科技（昆山）有限公司葉愛紅總經理53豪森润博智能装备常州有限公司朱志飞电池智测系统事业部总经理54兆瑞新能源葛景亮质量中心总经理55兆瑞新能源冷佳佳综合管理中心总经理56中车山东风电有限公司济南低碳科技分公司赵炎总经理57亿隆能源服务有限公司于其清总经理58银川苏银产业园发展有限公司鲍淮斌总经理59东方瑞福咨询管理段能刚总经理60老 K 宏观研究院韦夏曦总经理61陕西万博石油化工科技有限责任公司周军总经理62澳中新能源马桂明总经理63深圳市伟创源科技有限公司唐琳董事总经理64广东开能环保能源有限公司宋纪元总经理65安徽鑫钠新材料科技有限公司高荣华副总经理66钠美新能源科技（洛阳）有限公司郑炎岭副总经理67中车山东风电有限公司济南低碳科技分公司王成副总经理68湖北双环科技股份有限公司杨红金副总经理69江西钠特尔新能源郑江峰副总经理70湖州超钠新能源科技有限公司陈卫华销售副总71钠远新材科技（无锡）有限公司薛建强营销副总72普洱滇钠能源科技有限公司李文副总经理 / 技术总工73湖南极电特能科技有限公司万里副总经理74广东德尔智慧科技股份有限公司张文武副总经理75惠州宏朝扬除湿净化设备有限公司沈郡销售副总经理76愚公高科王锋副总经理77深圳市昂盛达电子股份有限公司张浩副总经理78通威股份有限公司李斌副总裁79同兴皓升（宜宾）新能源科技有限公司张唐虎营销总监80巨川高热设备陈亚贞销售总监81深圳珈钠能源科技有限公司朱勇销售总监82深圳市晟钠新能源科技有限公司贺龙明销售总监83深圳市晟钠新能源科技有限公司马兴立电芯研发总监84深圳市华普森科技有限公司韩子峰市场总监85深圳市华普森科技有限公司夏总技术总监86盘古新能源衣守忠CTO 首席科学家87佰思格李响研发总监88鑫德激光杨雪如销售总监89武汉启钠新能源科技有限公司李永仑营销总监90武汉启钠新能源科技有限公司杨莎市场总监91钠美新能源科技（洛阳）有限公司吉喆营销总监92东莞市顾德电池科技有限公司胡俊勇总监93雅保管理 (上海) 有限公司陈栋全球市场总监94深圳华明胜科技陈文艳运营总监95深圳华明胜科技滕银花销售总监96江苏翔鹰新能源科技有限公司龚黎明研发总监97河南科隆新能源股份有限公司王宗衡技术总监98华阳集团产业技术研究总院刘建涛技术总监99深圳市产业合作投资发展有限公司汤恒亮产业合作总监100禾电科技庞占勇销售一部总监101禾电科技刘亚飞销售二部总监102禾电科技孙军凯大客户总监103瑞能股份蒋丽文市场总监104星源材质谢炎坤固态事业部研发副总监105招商银行股份有限公司袁露总监106嘉兴谦吉投资有限公司李想投资总监107郑州比克电池有限公司张增毅销售总监108上海量讯物联技术有限公司郑丹霞华南区销售总监109珠海康诺德新材料有限公司雷玉才研发总监110通威股份有限公司丁晓科战略发展总监111通威股份有限公司罗周首席技术官112深圳为方能源科技有限公司唐凯辉企划部主管113深圳信瑞新能源科技有限公司刘乃奎114华宇钠电姜涛115宇恒电池股份有限公司王梁董事116宇恒电池股份有限公司117上海汉行科技有限公司林子舜执行董事118/王震文119银川苏银产业园发展有限公司李辉招商经理120银川苏银产业园发展有限公司毛千喜121阳泉高新技术产业开发区投资促进中心石守瑞122通威股份有限公司刘根投资经理123深圳市纯水一号科技股份有限公司黄恒销售经理‑海外部124普洱滇钠能源科技有限公司黄晓南125普洱滇钠能源科技有限公司厉素霞126普洱滇钠能源科技有限公司左明127马刚128湃能新能源梁平129福建金年能源有限公司130湖南德赛电池有限公司续瑞刚131湖州英钠新能源材料有限公司申成营市场部经理132深圳科迈罗光电技术有限公司郭桂江133深圳科迈罗光电技术有限公司梅晓娟134深圳科迈罗光电技术有限公司徐冰135深圳科迈罗光电技术有限公司冯恩娟136深圳市坪山区发改局能源科程家顺137深圳市坪山区发改局能源科138柳州产业投资集团有限公司韦君样139新疆科锐炭素技术有限公司张程平执行董事140新疆科锐炭素技术有限公司张宇辉总经理141广东扬广科技有限责任公司张栋省欧美首席专家142雅城新能源黎新兰销售工程师143东莞市旺晟自动化设备有限公司王鑫炯外贸专员144东莞市旺晟自动化设备有限公司李冀外贸专员145东莞市旺晟自动化设备有限公司卢家威销售经理146廊坊纳科赵文涛147浙江金琨西立锆珠有限公司许勋锅销售工程师148浙江金琨西立锆珠有限公司陆一霄销售经理149三友化工符总150深圳华明胜科技郑新大客户经理151北京龙讯旷腾科技有限公司文虎一销售负责人152深圳吉阳智能科技有限公司刘露平商务经理153四川协鑫锂电科技有限公司李磊154浙江瓦司特钠科技有限公司张鼎监事155浙江旭派动力科技有限公司陈学锋品牌副总监156德衡纳米科技 (深圳) 有限公司吴强销售部经理157盈佳智能科技 (珠海) 有限公司马礼全总经理158运城市中泰胶辊有限公司苏云鹤159深圳立讯检测股份有限公司柴军销售经理160广州天加贸易有限公司黄雨馨渠道工程师161深圳市铨盛发展科技有限公司张飞162深圳市普亚特新能源线缆有限公司虞四娥163深圳市科美创新技术有限公司张金鸣164深圳盘古钠祥新能源有限责任公司周业杰市场营销经理165湖北塑金复合材料有限责任公司吴文辉总工程师166广西柳州市产业投资发展集团有限公司韦君样基金部高级主管167大连博融高新材料有限公司仇进国销售总监168华夏幸福产业投资有限公司马俊杰投资经理169华夏幸福产业投资有限公司李文凯投资经理170深圳技术大学张国彬副研究员171阿特拉斯科普柯（上海）贸易有限公司宋欣新渠道经理172湖南凌云竹海科技有限公司喻上经理173深圳市中科电气设备有限公司梁祖龙工程师174湖南凌云竹海科技有限公司聂辉经理175湖南凌云竹海科技有限公司刘继来经理176湖南凌云竹海科技有限公司周伟经理177煊赫工业科技（昆山）有限公司曾张琴總經理助理178深圳市神武传感器有限公司苏畅销售经理179广州庆有余摩托车有限公司黄一风销售180深圳技术大学张国彬副研究员181深圳市意普兴科技有限公司马春艳市场经理182江苏九九久科技有限公司陈建峰总经理高级助理183惠州亿纬锂能股份有限公司袁婷华南营销事务经理184惠州亿纬锂能股份有限公司赵敬涵华南储能销售经理185河源中盛环境科技有限公司何丽丽经理186河源中盛环境科技有限公司陈慧玲职员187天津泰达科技创业投资集团股份有限公司张泽文投资经理188山东山大华天软件股份有限公司李晏销售经理189新疆智联新材料科技有限公司刘泽鹏销售负责人190珠海康诺德新材料有限公司张驰产品工程师191珠海康诺德新材料有限公司徐浩销售工程师192珠海盛泽鑫辰科技有限公司邓婷战略投资部总经理、总裁助理193雅城新能源黎新兰销售工程师194深圳市晟钠新能源科技有限公司颜冬明高级工程师195华阳集团产业技术研究总院张知足测试组组长196广西铭炭科技有限公司傅芳美创始人197广东光华科技股份有限公司张梦产品经理198广东光华科技股份有限公司罗祥宏销售199星源材质熊迪项目经理200容钠新能源丁俊华业务经理201深圳市莱恩瑞斯科技有限公司全小希业务经理202重庆长安汽车股份有限公司熊佩电芯开发工程师203重庆长安汽车股份有限公司杨航电芯开发工程师204深圳天溯计量检测股份有限公司杨飞飞客户经理205容联云科技熊敏君物联网事业部经理206广东茹天机械设备科技有限公司甘雄技术经理207深圳市零岩科技有限公司欧阳旭经理208惠州亿纬锂能股份有限公司王昭敏华南消费销售经理209惠州亿纬锂能股份有限公司曾雅琴华南区域总经理助理210惠州亿纬锂能股份有限公司高昕销售工程师211惠州亿纬锂能股份有限公司李淇欣销售工程师212惠州亿纬锂能股份有限公司赖亦骋销售工程师213赢合科技潘娅市场调研经理214深圳市凯德利冷机设备有限公司惠子昕业务215深圳钠杰新能源李思卿正极材料开发216深圳钠杰新能源郑将明材料开发助理217厦门鼎辰数能新能源科技有限公司刘艺超总工218杭州天丰电源股份有限公司黄明研究院副院长219深圳新宙邦科技股份有限公司李庭业务部经理220儒特股份徐跃董事221通威股份有限公司冯辉高级分析师222武汉启钠新能源科技有限公司江浩市场高级经理223惠州亿纬锂能股份有限公司孟苗苗/224钠科能源宁紫岳市场负责人225钠科能源韩鹏研发主管226钠科能源韩世星技术工程师227浙江卡波恩新材料有限公司张忠良销售负责人228东莞市旺晟自动化设备有限公司卢家威销售经理229深圳市纯水一号科技股份有限公司黄恒销售经理‑海外部230普洱滇钠能源科技有限公司黄晓南231普洱滇钠能源科技有限公司厉素霞232普洱滇钠能源科技有限公司左明2026第十一届起点钠电论坛时间议程08:00-09:00签到入场PART 1 论坛开幕式09:00-9:05论坛开幕致辞--起点研究 董事长&研究院院长 李振强09:05-9:102026（第五届）起点钠电金鼎奖评选及2026CINE钠电展启动仪式启动仪式嘉宾：起点研究董事长&研究院院长 李振强易事特钠电总经理王少平金钠科技董事长杨维元隐功科技总经理朱健亮见钠电董事长赖见汉行科技执行董事林子舜科迈罗总经理章少坤茹天科技董事长秦涛晟钠新能董事长马莹宇恒电池董事王梁凤启新能源董事长蔡雪松钠远新材董事长刘众擎起点钠电总经理杨佳欣钠电池创新专场09:10-9:25钠电新突破：NFPP正极材料与补钠技术进展--同兴皓升 营销总监 张唐虎09:25-9:40AIDC 场景钠离子电池适配性技术研究--维科技术研究院 钠电技术专家 王宏达博士09:40-9:55破局与落地：NFPP正极材料高性价比产业化路径解析--禾电科技 技术负责人 赵岩09:55-10:052026H1全球钠电市场分析暨钠电池TOP排行榜发布--起点研究 董事长&研究院院长 李振强10:05-10:20无负极钠电技术与应用--隐功科技 总经理 朱健10:20-10:35锂电的昨天，钠电的今天上规模初期的制造端降本：柔性装备·良率爬坡 · 轻量化平台--德尔智慧 集团副总经理 宋文宇10:35-10:50聚阴离子正极材料技术发展与产业化破局之路--鑫钠新材料 副总经理 高荣华10:50-11:05钠电正极材料前驱体技术路线及发展趋势--科隆新能源 技术总监 王宗衡11:05-11:20钠电正极材料智能成套装备开发及应用--茹天科技 技术经理 甘雄11:20-12:00主持人：金钠科技董事长杨维元圆桌对话：NFPP钠电池与磷酸铁锂电池成本（单次购买成本/全生命周期成本）何时持平？锂电/铅酸巨头加速入局 未来3年钠电格局如何演变？2030年储能钠电池形态格局占比？（大方形/大圆柱/大刀片）12:00-13:30自助午餐及观展PART 3 钠电材料专场13:30-13:45无负极钠离子电池研究进展--希倍动力 总经理 杨道均13:45-14:00大规模量产钠电负极优选方案：塑料基--纳甘新能源 总经理 郑宏伟14:00-14:15NFPP钠离子正极的差异化开发策略及万吨级工程化实践--钠科能源 董事长 乔少华14:15-14:30钠离子电池聚阴离子正极材料NFS的开发与应用--钠远新材 董事长 刘众擎博士14:30-14:45硬碳负极的开发及应用--汉行科技 执行董事 林子舜14:45-15:00钠离子电池在未来能源领域的应用前景--华阳集团产业技术研究总院 副总经理 张利武15:00-15:15聚阴钠电的市场机遇、挑战与解决方案--珈钠能源 技术总监 倪文浩15:15-15:45茶歇及观展PART 4 钠电池及技术应用专场15:45-16:00抢抓钠电机遇，推动PACK快速达产--科迈罗 总经理 章少坤16:00-16:15蒙西电网场景下，钠电储能系统集成的挑战与经济性突围--九续钠电 总经理 秦彪16:15-16:30中美净零竞赛：可再生能源储能技术驱动的电力格局重塑--扬广科技 欧美首席专家 张栋省16:30-16:4518650小圆柱钠离子电池在终端的应用探索--普洱滇钠能源 副总经理/技术总工 李文博士16:45-17:00钠电储能应用痛点与破局之道-兆瑞新能源 质量中心总经理 葛景亮17:00-17:15两轮电动车三维固态钠电池6分钟闪充技术--亮见钠电 董事长 赖见17:15-17:40主持人：起点研究董事长&研究院院长 李振强圆桌对话：不同应用场景钠电正极材料技术路线发展趋势？不同应用场景钠电负极材料技术路线发展趋势？2030年钠电池主要下游应用规模（大动力/小动力/储能/启停等）？18:30-21:30活动答谢晚宴（定向邀请三报名参会参会方式①：SVIP参会：3188元人增值服务权益：1、会议期间自助午餐、茶歇2、会场座位前排台卡3、2026钠电产业链地图4、起点研究院SPIR钠电行业运行总结PPT5、演讲企业PPT可对外6、论坛通讯录参会方式②：VIP参会：2188元/人增值服务权益：1、会议期间自助午餐、茶歇2、会场座位台卡3、2026钠电产业链地图4、起点研究院SPIR钠电行业运行总结PPT5、演讲企业PPT可对外参会方式参会方式③：免费（需转发本次论坛宣传文章到朋友圈，并截图上传给起点人员）增值服务权益：1、2026钠电产业链地图(扫码关注起点钠电、起点研究公众号/抖音号/视频号后领取）2、普通参会嘉宾证件【收款账号】收款单位：深圳市起点研究咨询有限公司开户行：中国农业银行深圳前进路支行银行账号：41019700040025862汇款请注明：宣传费/服务费/会议展览服务四活动报名方式赞助+合作咨询： 杨先生：*********** 邹先生：*********** 论坛报名：于小姐：***********张小姐：***********媒体合作：刘小姐：***********五主办方介绍起点钠电平台简介起点钠电成立于2022年，是全球领先聚焦钠离子电池全产业链的钠电权威产业服务与生态赋能平台，平台以起点研究院SPIR为核心智库，以起点钠电行业媒体矩阵为运营载体，以起点钠电品牌论坛及年会、CINE钠电国际展为展示平台，以产业研究为根基、数据洞察为核心、高端活动为桥梁、品牌传播为窗口、资本孵化为引擎、园区规划为载体，构建了“研究+数据+活动+传播+资本+联盟+园区”的七位一体服务体系。我们深度链接产学研用、投资机构与政府园区，服务了钠电全产业链超200+上下游核心企业及政府产业园区，参与规划了四川巴中市、内蒙古乌海高新区、宁夏银川-苏银产业园等钠电专业产业园区，并成立了Na+钠电产业联盟凝聚行业共识，服务赋能钠电企业家，推动产业链生态融合，技术标准建立与产业链协同，助力中国新能源产业在全球新一轮能源革命中抢占先机，占据钠电产业发展制高点。标杆客户（排名不分先后）：宁德时代、同兴科技/皓升新能源、维科技术、海四达钠星、天能钠电、珈钠能源、金钠科技、易事特钠电、CNAE中国钠电、为方能源、华阳集团、恒大高新、隐功科技、青钠科技、晟钠新能、旭派钠电、吉厚钠电、科迈罗光电、茹天科技、纳甘新能源、九续钠电、亮见钠电、希倍动力、钠美科技、卡波恩、佰思格、旭钠新能源、汉行科技、派能科技、众钠能源、奥克莱集团、兆钠新能源、钠创新能源、滇钠能源、传艺科技、超威集团、亿纬锂能、海辰储能、科达制造、儒特股份、时代思康、先导智能、泰和科技、双环科技、超钠新能源、瑞扬新能源、扬广科技、津工能源、猛狮新能源、东腾锂业、钠奇盛、方寸新能源、黔钠科技、奥冠电池、华钠新材、璞钠能源、华纳新能源、浩钠新能源、湖钠能源、博钠新能源、美特新材料、钠特尔、乐普钠电、铧钠新材料、瓦时动力、美达瑞新材料、钠远新材、兆瑞新能源、钠科能源、亿司特新材料、东能钠新、果曼钠电、极电特能、容钠新能源、浦士达环保、富钠能源、天钠科技、国科炭美、华普森、信瑞新能源、先导干燥、亿隆能源、绿捷环境、尚金干燥、广域铭岛、普渡机械、科锐晟、乔岳智能、前锦炉业、德积干燥、汇京智能、瑞佳达、超力源等标杆钠电园区规划案例：山西阳泉高新区钠电产业规划、巴中钠电产业集群规划、乌海高新技术区钠电产业园规划、银川-苏银钠电产业园规划等七大核心服务一、产业研究依托起点研究院SPIR专业智库力量，聚焦钠电技术迭代、政策标准、供应链体系、市场应用与竞争格局，提供定制化产业调研、技术路线评估、产业链诊断、战略规划与政策解读服务，为企业研发方向、市场布局、长期决策提供专业支撑。二、数据报告发布行业权威白皮书、年度/季度产业报告、成本数据库、产能追踪、供需监测、企业榜单等数据产品，覆盖材料价格、产能规模、装机数据、应用场景、区域分布等核心维度，以真实、精准、及时的数据，为行业决策与市场预判提供依据。三、专业论坛展会打造高规格钠电产业峰会、钠电第一展：CINE钠电展专业展会、起点钠电品牌论坛、起点钠电全国行、起点钠电年会峰会、钠电金鼎奖评选、闭门对接会等活动，汇聚产业链龙头企业、科研专家、应用客户与行业精英，实现技术交流、趋势研判、资源聚合与商务对接，构建全球最具影响力的钠电交流与合作平台。四、品牌传播依托全媒体传播矩阵与精准产业流量，为企业提供品牌专访、新品发布、技术解读、产能官宣、公关传播、行业背书等推广服务，精准触达上下游合作伙伴与目标客户，全面提升企业知名度、行业影响力与市场曝光度。五、投融资孵化链接主流投资机构、产业资本与优质钠电项目，提供项目路演、投融资对接、企业估值、创业孵化、产业资源导入等服务，助力前沿技术成果转化、优质项目快速产业化，推动资本与产业深度融合，加速企业成长与规模化落地。六、钠电产业园规划面向政府园区与产业载体，提供钠电产业园定位策划、产业规划、招商方案、项目引进、运营赋能、生态构建等全流程服务，打造集研发、生产、检测、应用、回收于一体的钠电特色产业集群，助力区域新能源产业升级与经济高质量发展。七、Na+钠电产业联盟会员服务钠电产业生态协同的枢纽构建钠电产业的“朋友圈”与“议事厅”。为会员单位提供：政企高层对接、供应链精准匹配、专利池共享、人才猎聘、行业标准制定参与权及专属会员闭门会等增值服务，助力会员企业抢占行业制高点。点击阅读原文，即可报名参会！,,,,pending
Nature | 所有硕博士都去学习这篇顶刊文章，打破传统，将成为常态！,AI赋能材料,AI赋能材料,"RIOnews API, 工具方法, model, 机器学习, AI, 学术研究, 大学, 期刊",normal,2026-08-25T18:30:00+08:00,,近日，国际顶级期刊《Nature》刊发了一项关于酸性水电解催化剂的重要突破——通过真空介导的熔碱力化学法，成功合成出一种新型三方相二维层状四氧化三钴（Tri-Co₃O₄）。该材料打破了传统尖晶石Co₃O₄中“八面体活性位点+四面体惰性位点”共存的结构桎梏，实现了全八面体配位的活性位点构建，在酸性析氧反应（OER）中过电位低至269 mV，较传统尖晶石型Co₃O₄降低了181 mV，并在质子交换膜水电解器件中实现了超过1800 mA cm⁻²的电流密度。这项研究揭示了催化剂性能突破的核心在于原子尺度配位结构的精准调控——但一个根本性问题依然悬而未决：如何从近乎无限的材料组成、晶体结构、合成参数与,http://mp.weixin.qq.com/s?__biz=Mzg4OTc1MzY5Mw==&mid=2247510874&idx=1&sn=b062c87ccd0231f5e77fd2b85c9a88e0,,近日，国际顶级期刊《Nature》刊发了一项关于酸性水电解催化剂的重要突破——通过真空介导的熔碱力化学法，成功合成出一种新型三方相二维层状四氧化三钴（Tri-Co₃O₄）。该材料打破了传统尖晶石Co₃O₄中“八面体活性位点+四面体惰性位点”共存的结构桎梏，实现了全八面体配位的活性位点构建，在酸性析氧反应（OER）中过电位低至269 mV，较传统尖晶石型Co₃O₄降低了181 mV，并在质子交换膜水电解器件中实现了超过1800 mA cm⁻²的电流密度。这项研究揭示了催化剂性能突破的核心在于原子尺度配位结构的精准调控——但一个根本性问题依然悬而未决：如何从近乎无限的材料组成、晶体结构、合成参数与,"近日，国际顶级期刊《Nature》刊发了一项关于酸性水电解催化剂的重要突破——通过真空介导的熔碱力化学法，成功合成出一种新型三方相二维层状四氧化三钴（Tri-Co₃O₄）。该材料打破了传统尖晶石Co₃O₄中“八面体活性位点+四面体惰性位点”共存的结构桎梏，实现了全八面体配位的活性位点构建，在酸性析氧反应（OER）中过电位低至269 mV，较传统尖晶石型Co₃O₄降低了181 mV，并在质子交换膜水电解器件中实现了超过1800 mA cm⁻²的电流密度。这项研究揭示了催化剂性能突破的核心在于原子尺度配位结构的精准调控——但一个根本性问题依然悬而未决：如何从近乎无限的材料组成、晶体结构、合成参数与反应条件组合空间中，高效锁定最优的催化剂设计方案？传统电催化剂研发长期受困于“试错实验周期长”与“密度泛函理论（DFT）计算成本高”的双重瓶颈。研究者基于有限的文献经验、直觉判断与逐步实验探索，通过电化学测试与谱学表征来反复逼近性能最优解。然而，电催化剂的设计涉及元素种类、配位环境、电子结构、晶相、形貌、载体效应、界面工程等多维度参数，其化学空间高达10⁶⁰数量级——传统方法如同“大海捞针”，不仅耗时耗力，更难以捕捉那些隐藏在复杂非线性关系中的协同优化潜力。而机器学习（ML）的崛起，正在彻底颠覆这一研发范式，推动电催化剂设计从“经验驱动”向“数据驱动”的智能变革。ML被公认为继实验、理论和模拟之后的“第四科学研究范式”，它通过对海量DFT计算数据（如Open Catalyst Project等万级数据集）、文献报道数据、以及高通量实验数据的自监督学习与模式识别，能够构建覆盖数万种材料组合的“结构-描述符-性能”预测模型，摆脱对稀疏实验点的线性外推依赖，直接刻画那些“原子配位最复杂、界面耦合最深奥”区域的性能边界与反应机理。此外，ML具备强大的高维特征提取与多目标优化能力——例如在析氧/析氢/氧还原/二氧化碳还原等电催化体系中，它能同时解析d带中心、吸附能、配位数、溶解电位、颗粒尺寸与耐久性之间的复杂关联，结合主动学习、图神经网络与符号回归等先进算法，不仅能够预测催化活性，更能揭示“什么结构特征真正决定了性能”，从而直接锁定关键活性描述符与最优合成窗口，为下一代高活性、高稳定性、低成本的贵金属替代催化剂提供前所未有的加速引擎。参会对象高校师生：涉及材料科学与工程、电化学、催化化学、物理化学、计算材料学、人工智能与数据科学、能源化工等相关专业的教师、博硕研究生及高年级本科生。科研人员：从事电催化（OER/HER/ORR/CO₂RR）、电解水制氢、燃料电池、催化剂设计与合成、计算催化、机器学习辅助材料发现等领域的研究人员。企业技术与管理人员：来自氢能及电解槽企业（如隆基氢能、阳光氢能、中船派瑞）、燃料电池与膜电极公司、新能源材料企业、催化剂制造商及新能源咨询机构的技术研发与项目管理人才。如果你是正在寻求学术突破的硕士/博士研究生，正面临SCI选题迷茫、传统试错法效率低下、催化剂性能提升遭遇天花板、多因素耦合规律难以解耦的困境——那么，本课程正是为你量身定制的通关密钥！机器学习驱动电催化剂智能设计已成为Nature、Nature Catalysis、Joule、Advanced Materials、ACS Catalysis等顶刊高频收录的热点方向（近五年关于机器学习加速催化剂发现、活性预测与稳定性评估的论文呈爆发式增长）。掌握ML与电化学催化交叉研究范式，不仅能帮你高效融合DFT数据、实验表征与文献知识，构建高精度催化剂性能预测与筛选模型，更能大幅提升论文创新性与录用率，为毕业、申博、进入顶尖催化研究团队与头部氢能/新能源科技企业（如庄信万丰、优美科、宁德时代、比亚迪、隆基氢能、中科合成油等）增添硬核竞争力。2026热门专题课程专题一：机器学习催化剂设计专题二：人工智能锌离子电池与液流电池专题三：机器学习固态电解质专题四：机器学习锂离子电池专题一：机器学习催化剂设计课程目标1.课程将系统引导学员深入理解催化反应的核心原理，对CO2RR、HER、硫还原、甲烷C-H活化及光催化等典型体系建立更深刻的认识，同时全面剖析机器学习在催化与材料科学领域的应用背景与适用范畴。2.课程助力学员精准把握传统机器学习算法、深度学习算法与图深度学习算法的本质差异，熟练掌握python第三方库（NumPy、Pandas、scikit-learn、PyTorch、PyTorch Geometric、pymatgen、matminer等）的核心功能与应用技巧。通过系统学习与实践，学员将能够灵活运用线性模型、逻辑回归、K近邻、朴素贝叶斯、支持向量机、决策树、集成学习模型、深度神经网络及图卷积神经网络等算法模型深度融入科学研究场景，并掌握无监督学习、特征工程、符号回归与迁移学习等进阶方法。3.借助SHAP等机器学习可解释性分析方法，结合知识图谱与反应网络建模，深入挖掘数据背后的科学规律，精准阐释催化反应机制，实现数据驱动与理论解析的深度融合。4.课程聚焦深度学习与图深度学习在催化材料设计中的前沿应用，系统讲解DNN、RNN、CNN、LSTM及Transformer等深度网络的基础框架与核心原理，引导学员熟练掌握PyTorch编程实践，能够独立搭建并训练深度神经网络用于光催化剂筛选等实际课题。进一步深入图深度学习领域，涵盖图卷积神经网络（GCN）、图注意力网络（GAT）及CGCNN等经典模型的原理与代码实现，学员将学会使用PyTorch Geometric与networkx构建图数据结构、封装晶体特征，并结合知识图谱与反应网络建模，实现对催化反应路径与材料性能的精准预测，为面向复杂催化体系的智能化设计提供强有力的深度学习工具链。讲师介绍主讲老师来自全国重点大学、国家“985工程”、“211工程”重点高校，长期从事机器学习辅助电催化剂设计，在深度学习及图深度学习辅助的催化剂设计研究领域深耕多年，具有丰富的经验和扎实的基础。在多个顶级期刊上发表高水平研究论文70余篇。他的授课方式深入浅出，擅长将复杂的理论知识与计算方法转化为清晰易懂的内容，让学员轻松理解掌握。专题二：人工智能锌离子电池与液流电池课程目标1.系统引导学员建立人工智能与锌离子电池、液流电池材料研究的交叉知识体系，理解监督学习、无监督学习、集成学习、深度学习、图神经网络及大语言模型的核心原理，掌握不同算法在容量与电压预测、分子性质预测、晶体结构识别、材料筛选和文献知识挖掘等任务中的适用条件与局限。2.帮助学员掌握锌离子电池和液流电池材料数据的获取、清洗、表征与可信划分方法，能够使用Pandas、scikit-learn、RDKit、pymatgen和PyTorch完成特征工程、模型训练、交叉验证、超参数优化及SHAP解释；理解文献来源泄漏、分子骨架外推和晶体结构域偏移，避免仅依赖随机划分得到不可靠的高分模型。3.让学员掌握从传统模型到结构感知模型的递进式建模方法，能够运用随机森林和XGBoost分析正极容量及电极动力学，使用MLP、DNN和一维CNN处理材料表格、分子描述符及XRD谱图，并利用MolGAT、GCNN/CGCNN建立有机液流分子与锌电极性质预测模型，进一步构建晶体空隙、迁移通道和多性质串联筛选流程。4.掌握“数据—特征—模型—评价—筛选—知识组织”的完整研究流程，能够从锌离子电池与液流电池论文中结构化提取材料、性能和测试条件，构建材料知识图谱及RAG系统。课程案例均围绕可获取数据设计，使学员能够复用教学代码与固定数据集独立开展相关材料研究。讲师介绍主讲老师来自全国重点大学、国家“985工程”、“211工程”重点高校，长期从事机器学习辅助的材料设计与预测研究，帮助学员形成可复现、可解释且面向材料发现的人工智能研究能力。本课程聚焦机器学习、深度学习与大语言模型在锌离子电池和液流电池材料研究中的应用，围绕正极、负极界面、电解液、膜材料及有机液流活性分子等核心对象，制作案例。课程按照“材料数据—经典机器学习—无监督学习—分子表示—深度学习—图神经网络—材料筛选—知识图谱RAG”的技术路线组织理论与实操。专题三：机器学习固态电解质课程目标1. 理解锂离子电池固态电解质（SSE）的材料体系、关键性能指标、界面问题与当前研发瓶颈。2. 掌握从DFT、AIMD、经典MD和机器学习分子动力学中提取材料数据的方法，包括能量、力、应力、MSD、扩散系数、离子电导率、局域结构和界面反应信息。3. 掌握Python材料数据处理流程，能够使用Numpy、Pandas、Matplotlib/Seaborn、Pymatgen、ASE和Matminer构建固态电解质数据集。4. 掌握面向固态电解质的特征工程方法，包括组成特征、结构特征、RDF、配位环境、连续对称度量（CSM）、局域畸变和界面描述符。5. 能够使用Scikit-learn构建并评估离子电导率、扩散能力、界面稳定性等监督学习模型，并进行特征重要性和模型不确定性分析。6. 理解图神经网络与通用/领域专用机器学习势函数的基本思想，并能围绕CHGNet、MACE、DeePMD、DPA-SSE和MTP案例完成模型验证和结果解析。7. 学习最新论文中的应用路线：硫化物DPA-SSE预训练势、高熵LZSP双阶段筛选、Li2ZrCl6深度学习加速MD、Li|Li3PS4界面SEI形成、LiF/Li2CO3无定形SEI组分输运、Na4P2S7玻璃电解质MACE微调等。8. 通过连续练习完成一个小型端到端项目：数据整理→ 特征提取 → 模型训练 → 候选材料筛选 → 机理解释 → 汇报材料。讲师介绍主讲老师来自全国重点大学、国家“985工程”、“211工程""重点高校，长期从事固态电解质材料的第一性原理、分子动力学模拟研究，特别是在利用计算模拟方法和机器学习相结合来加速材料筛选，性能预测等方面有深入研究。他的授课方式浅显易懂，特别擅长从简单角度出发，逐渐深入讲解复杂的理论知识和计算方法!目前共发表论文（Nature Catalysis， Nature Communications， Energy & Environmental Science， Advanced Energy Materials等）共四十余篇。曾任Joule， Journal of Materials Chemstry A等期刊审稿人。专题四：机器学习锂离子电池课程目标1. 了解锂离子电池的基本原理与当前挑战，以及机器学习在电池材料与数据分析中的应用。掌握 Python 与 Jupyter Notebook 的语法、数据结构与函数，以及 NumPy、Pandas、Matplotlib 的基本用法；能够区分回归与分类，使用 Scikit-learn 完成训练、测试与基础评估，并在电极电压等数据上比较经典模型，开展聚类与降维分析。2. 掌握材料表格数据的特征工程，包括预处理、标准化与特征选择；能够从 Materials Project 获取材料与电池相关数据，并使用 pymatgen 解析、修改和导出晶体结构，为后续建模准备可复用的数据流程。3. 理解神经网络的基本结构、激活函数、损失函数、梯度下降与反向传播，能够使用 PyTorch 构建全连接网络，并掌握 L1/L2、Dropout 与常用优化器。在此基础上了解 CNN、GNN、Transformer、GAN 与 VAE，能够将晶体结构表示为图，使用 CGCNN、GAT 等模型进行材料性质与电极电压预测；能够在电池寿命与健康状态预测中应用 LSTM、GRU 等时序网络。4. 了解电池管理系统（BMS）的功能与组成，理解 SOC、SOH、SOE、SOP、RUL 等状态含义，掌握物理模型与机器学习融合的状态估计思路，能够开展充放电策略优化以及 SOC/SOH/寿命的可信预测与部署设计；并能够使用大语言模型完成电池文献的结构化提取、检索问答与辅助调参。讲师介绍来自全国重点大学、国家""985工程""、""211工程""重点高校，长期从事锂离子电池研究，特别是在利用计算模拟方法和机器学习技术解决锂离子电池领域的关键问题。在多个国际高水平期刊上发表 SCI 检索论文 30 余篇。授课方式深入浅出，能够将复杂的理论知识和计算方法讲解得清晰易懂。PART 01机器学习催化剂设计第一天上午理论内容（约1小时）：1.机器学习概述2.材料与化学中的常见机器学习方法3.应用前沿实操内容（约1.5小时）1.Python基础：变量和数据类型，列表，字典，if语句，循环，函数2.Python科学数据处理：NumPy，Pandas，Matplotlib案例：随着AI for Science时代的到来，机器学习正以迅猛的速度渗透到各个学科领域。本次培训将系统讲解Anaconda从下载、安装到环境配置的完整流程，无论你是数据科学入门新手还是进阶学习者，都能借此熟练掌握Anaconda的核心操作要点，轻松搭建起规范的编程开发环境，为后续的Python编程、数据分析与科研计算工作打下坚实基础。第一天下午 理论内容（约1小时）：1.sklearn基础介绍2.线性回归原理和正则化实操内容（约2小时）1. 线性回归方法的实现与初步应用2. L1和L2正则项的使用方法3. 线性回归用于硫还原电催化剂的筛选4. 机器学习方法用于高活性聚乙烯催化剂的理性设计5. pymatgen获取Material Project数据库中的结构案例：高活性聚乙烯催化剂的理性设计是烯烃聚合领域的重要目标之一，但由于广阔化学空间中复杂的结构-条件-活性关系，建立系统的催化剂设计原则一直具有挑战性。基于实验数据集、可解释机器学习（GBR与SHAP分析）、大规模结构生成与高通量筛选，建立了一条从实验数据到可操作催化剂设计的数据驱动框架，并揭示了受Sabatier原理控制的火山型温度依赖规律及依赖金属的分子设计规则。第二天上午理论内容（约1小时）：1. 逻辑回归1.1原理1.2 使用方法2. K近邻方法（KNN）2.1 KNN分类原理2.2 KNN分类应用3. 神经网络方法的原理3.1 神经网络原理3.2神经网络分类3.3神经网络回归实操内容（约1.5小时）1.逻辑回归的实现与初步应用2.KNN方法的实现与初步应用3.神经网络实现4.机器学习模SISSO预测双金属催化剂催化效率案例：氮掺杂石墨烯负载的双金属位点催化剂（DMSCs）由于其独特的性能和更高的效率，在多相催化中显示出巨大的潜力。然而金属二聚体的精确控制和稳定，特别是在氧活化反应中的精确控制和稳定，给实际应用带来了巨大的挑战。通过应用SISSO方法可以推导出可解释的符号回归模型，揭示电子结构特征和催化效率之间的关键关联。该方法不仅促进了对双金属位点催化的理解，而且为高效催化剂的系统设计和优化提供了一个新的框架，在催化科学中具有广泛的适用性。第二天下午项目实操(约2.5-3小时)：1.基于多元迁移学习方法预测二氧化碳还原电催化剂2.基于matminer生成结构特征这两个实操项目同时穿插讲解如下内容A1 机器学习材料与化学应用的典型步骤A1.1 数据采集和清洗A1.2 特征选择和模型选择A1.3 模型训练和测试A1.4 模型性能评估和优化案例：在复杂的异质系统中，数据驱动的催化剂发现因动力学数据匮乏以及传统线性缩放关系因局部配位环境多样性而失效。以甲烷C-H活化为例，MS-TL框架将初始、过渡和终态对应的热力学描述符作为源域，实现多维热力学知识的深度融合，同时保留局部结构信息。通过提出一种温度屏障复合动力学描述符，能够定量地将微观理论计算与宏观实验中的甲烷氧化速率联系起来，为在真实操作条件下进行催化剂设计建立了一个基于数据的新范式。第三天上午理论内容（约1小时）：1．决策树1.1决策树的原理1.2决策树分类2．集成学习方法2.1集成学习原理2.2随机森林2.3Bosting方法3．朴素贝叶斯概率3.1原理解析3.2模型应用4. 支持向量机4.1分类原理4.2核函数实操内容（约1.5小时）1.决策树的实现和应用2.随机森林的实现和应用3.朴素贝叶斯的实现和应用4.支持向量机的实现和应用案例：集成学习凭借多模型的层级组合与融合策略，在提升模型整体性能上展现出显著优势。在数据挖掘场景中，面对规模庞大、结构复杂的数据，单一模型往往难以全面捕捉数据中蕴含的多维特征。集成学习则通过聚合多个弱学习器的能力，先让各基础模型从不同视角对数据进行挖掘学习，再通过加权融合等方式整合各模型的输出结果，从而实现对机器学习结果更为全面与深入的解析。第三天下午项目实操（约2.5-3小时）1.机器学习加速设计新型过渡金属氮化物2.SHAP机器学习可解释性分析3.这两个实操项目同时穿插讲解如下内容A1 模型性能的评估方法A1.1 交叉验证：评估估计器的性能A1.2 分类性能评估A1.3 回归性能评估案例：富氮型氮化铁（FeNx）是一类具有代表性的过渡金属氮化物，因其具有多聚氮基序和优异的机械和能性而受到广泛关注。通过机器学习集成的DFT+U （DFT+UML）方法，以捕获Hubbard效应，并系统地探索FeNx （x = 1、2、4、6、8或10）系统。发现P21/c-FeN4相在0 GPa下保持稳定，在能量和力学性能上都优于传统链状FeNx材料，显示出极强的应用潜力，为设计富氮含能材料和指导高压合成提供了新的策略。第四天上午理论内容（约1小时）：1. 无监督学习2.1 什么是无监督学习2.2 无监督算法——聚类2.3 无监督算法——降维2. 材料与化学数据的特征工程2.1分子结构表示2.2 独热编码实操内容（约1.5小时）1.K-means聚类用于鸢尾花数据集实现和应用2.T-SNE、PCA实现多维结构物理空间信息表示3.层次聚类的实现和应用案例：无监督学习是从无标签数据中挖掘模式与结构，t-SNE作为其重要降维工具，专注于保留高维数据点间局部结构。t-SNE 作为无监督降维工具，通过保留高维数据点间的局部相似性，将这些难以直观理解的高维特征映射到二维平面上，使原本抽象的“材料物理空间”变得可视化、可解释课程将深入讲解t-SNE核心原理。还会进行代码实操，涵盖数据加载、参数调优、降维及可视化等环节，让学员熟练掌握t-SNE在不同场景的应用，助力探索数据潜在结构与模式。第四天下午理论内容(约1小时)：1.深度学习理论基础2.DNN、RNN、CNN、LSTM及Transformer基础框架介绍实操内容（约1.5小时）1. torch基础练习2. 应用RNN、CNN、LSTM模型筛选光催化剂案例：近年来，结合高通量（HT）和机器学习（ML）的策略以加速有前途的新材料的发现已经引起了人们的极大关注。因此，可以设计一种直观的方法，通过数据库并结合深度学习模型，并将它们与HT方法耦合，以寻找高效的材料。因此，通过更加深度的理解结果和光催化剂载流子弛豫动力学尤为重要。通过利用机器学习方法，不仅可以揭示光生载流子的激发、迁移、复合及弛豫的微观机制，还能从海量动力学轨迹中提取关键描述符，建立“结构-动力学-性能”之间的定量映射关系，从而为高通量筛选与理性设计高效光催化材料提供坚实的理论依据与预测指导。第五天上午理论内容(约1小时)：1. 图深度学习理论基础介绍2. 图网络进阶知识详解3. 图深度学习应用实例OC20、HER电催化剂开发挑战（ACS Catalysis）实操内容（约1.5小时）1. PyTorch Geometric基础代码介绍2. networkx用于图结构构建及可视化3. PyTorch Geometric封装图数据结构4. PyTorch Geometric搭建图卷积神经网络、图注意力网络并训练模型案例：近年来，在晶体性能预测领域，图神经网络（GNN）模型取得了充分的发展。GNN 模型可以有效地从晶体结构中捕捉高维晶体特征，从而在性能预测中获得最佳性能。与此同时，知识图谱技术被广泛引入材料科学领域，用于结构化地存储与关联晶体组分、合成路径、实验条件与性能数据，为模型训练提供了丰富的先验知识与跨尺度语义关联；而反应网络则将晶体形成与演化过程中的中间态、反应路径及能量壁垒以图的形式进行建模，进一步拓展了图结构数据的表征边界。指导学员搭建图深度学习开发环境，以顺利构建涵盖晶体结构、知识图谱与反应网络的多源图结构数据，并进行机器学习训练，具有重要的实践意义。第五天下午项目实操（约2.5-3小时）1.图神经网络模型基本概述及CGCNN代码深度解读应用2.基于图论构建反应网络用于光辅助锂硫电池最优路径发现3.机器学习用于高性能水氧化制备过氧化氢及可解释分析4.neo4j构建光辅助锂硫电池反应网络5.知识图谱建模高熵材料属性案例：光充电电池的快速发展是由对太阳能高效利用的需求驱动的，而光辅助锂硫电池由于其优异的充放电性能，成为下一代高能量密度系统的有力竞争者。光电催化的协同作用抑制了穿梭效应，加速了16电子硫还原反应，使反应途径的确定成为光电催化的核心挑战。通过多尺度机器学习揭示活性位点和光催化机理对改进工艺具有重要意义。本此培训以指导学员依据反应中间体，建立图反应网络结构以揭示反应机理。PART 02人工智能锌离子电池与液流电池第一天上午理论内容锌离子电池与液流电池材料数据基础：实验数据、文献数据、DFT数据与机器学习标签正极、负极、电解液、膜和活性分子的常见数据形式机器学习基本流程：数据清洗、特征构建与训练测试集划分回归、分类及常用评价方法材料数据中的信息泄漏：按文献来源、分子骨架和晶体结构原型划分数据实操：掺杂MnO₂正极容量数据的清洗、统计与可视化SOMAS有机液流电池分子溶解度数据的整理与分析，为液流电池活性分子溶解度预测提供数据基础Materials Project高电压锌离子电池正极数据的筛选与可视化第一天下午理论内容材料表格数据的机器学习流程：数值特征、类别特征与分子指纹Pipeline、交叉验证与超参数优化随机森林、XGBoost和支持向量机SHAP特征解释及其物理意义按文献来源、电极组合和分子骨架进行外推测试项目实操（约2.5—3小时）：基于随机森林和XGBoost预测掺杂MnO₂正极放电容量基于GITT扩散系数和XGBoost建立锌电池正负极动力学匹配模型基于随机森林联合预测醌类分子的还原电位和pKa第二天上午理论内容有机液流电池活性分子的结构表示：SMILES、Morgan指纹与分子描述符；醌类、氮杂芳香分子与氧化还原反应对分子性质预测；氧化还原反应能和水溶解度；随机划分、骨架划分与域外测试多目标材料评价：电位、溶解度、稳定性和可合成性的权衡实操内容RedDB分子数据清洗、SMILES规范化和分子指纹生成RedPred有机液流电池反应能预测及域外误差分析SOMAS实验水溶解度回归及模型适用域分析第二天下午理论内容深度学习基础：神经元、激活函数与损失函数前向传播、反向传播与梯度下降PyTorch数据集、训练循环与早停材料深度学习模型：表格数据多层感知机分子描述符深度神经网络一维卷积神经网络与XRD谱图数据增强与模拟—实验域偏移项目实操1. 使用NumPy手写多层感知机预测MnO₂正极容量2. 使用PyTorch构建深度神经网络预测有机液流分子反应能3. 使用一维卷积神经网络识别锌离子电池正极XRD晶体对称性第三天上午理论内容图神经网络基础：节点、边、邻接关系与消息传递GCN、GAT与Graph Transformer材料图表示：SMILES到分子图CIF到周期性晶体图迁移学习：大规模锂电数据预训练小规模锌电数据微调实操内容案例：通过带边特征的图注意力网络预测氧化还原电位，并对大规模有机分子库进行虚拟筛选。多价电池电压研究利用锂电极数据预训练，再迁移到Zn、Mg、Ca和Al等小样本体系，显著降低多价离子电极电压预测难度。探索图卷积网络、深度神经网络和随机森林的训练数据与实现，在同一域内和域外测试集上比较不同材料表示。第三天下午理论内容材料筛选与优化：晶体空隙、贯通路径与结构描述符多目标筛选与阈值敏感性串联模型、规则过滤与候选排序计算候选、可合成性与实验验证的区别项目实操1. 基于晶体空隙和贯通路径筛选可充水系锌电池正极",,,,pending
盛新锂能32亿元加码津巴布韦和尼日利亚！,起点锂电,起点锂电,"RIOnews API, 新材料, 碳, 产品发布, 发布, 发布会, 官宣, 信息披露, 年报, 投资者, 合作进展, 融资, 投资, 量产推进, 产能, 扩产, 中创新航, 瑞浦兰钧, 瑞浦, 储能, 户储, 碳酸锂, 氢氧化锂, TOP10, 投产, 入围, IPO, 港股, 海外布局, 海外, 政策, 关税, 贸易壁垒",normal,2026-08-25T18:28:55+08:00,,倒计时3天 2026起点户储电池生态大会暨全球户储电池TOP排行榜发布会会议主题：创新引领 供需重构主办单位：起点锂电、起点储能、起点研究会议时间：2026年8月28日会议地点：深圳宝安登喜路国际酒店2楼国际厅协办单位：远航锦锂、上海前沿新能源电源技术研究院演讲及赞助单位名单：远航锦锂/瑞浦兰钧/赣锋锂电/海四达/古瑞瓦特/比克电池/Zoho/卡诺普/钹鑫科技/川源科技/亿鑫丰/智慧动锂/欣闪智能/启瑞达物流/约跃时代/瑞能股份/国际先进技术工程院/惠州仲恺高新区管委会等活动咨询：邱先生 ***********在多个国家对矿产出口缩紧的风口浪尖下，盛新锂能逆流而上，在两个非洲国家进行加码。起点,http://mp.weixin.qq.com/s?__biz=MzI1MjEyODg2Mg==&mid=2649798677&idx=3&sn=828010b3e41b06bea80f2db1a1b1e951,,倒计时3天 2026起点户储电池生态大会暨全球户储电池TOP排行榜发布会会议主题：创新引领 供需重构主办单位：起点锂电、起点储能、起点研究会议时间：2026年8月28日会议地点：深圳宝安登喜路国际酒店2楼国际厅协办单位：远航锦锂、上海前沿新能源电源技术研究院演讲及赞助单位名单：远航锦锂/瑞浦兰钧/赣锋锂电/海四达/古瑞瓦特/比克电池/Zoho/卡诺普/钹鑫科技/川源科技/亿鑫丰/智慧动锂/欣闪智能/启瑞达物流/约跃时代/瑞能股份/国际先进技术工程院/惠州仲恺高新区管委会等活动咨询：邱先生 ***********在多个国家对矿产出口缩紧的风口浪尖下，盛新锂能逆流而上，在两个非洲国家进行加码。起点,倒计时3天 2026起点户储电池生态大会暨全球户储电池TOP排行榜发布会会议主题：创新引领 供需重构主办单位：起点锂电、起点储能、起点研究会议时间：2026年8月28日会议地点：深圳宝安登喜路国际酒店2楼国际厅协办单位：远航锦锂、上海前沿新能源电源技术研究院演讲及赞助单位名单：远航锦锂/瑞浦兰钧/赣锋锂电/海四达/古瑞瓦特/比克电池/Zoho/卡诺普/钹鑫科技/川源科技/亿鑫丰/智慧动锂/欣闪智能/启瑞达物流/约跃时代/瑞能股份/国际先进技术工程院/惠州仲恺高新区管委会等活动咨询：邱先生 ***********在多个国家对矿产出口缩紧的风口浪尖下，盛新锂能逆流而上，在两个非洲国家进行加码。起点锂电获悉，8月24日晚盛新锂能公告称计划在尼日利亚、津巴布韦分别建设7.5万吨硫酸锂项目，两国的项目总投资达到约4.77亿美元（32.08亿元人民币）。选择落子于此的原因是更进一步的推进全球化布局，提升综合竞争力，并且津巴布韦和尼日利亚锂矿资源丰富，盛新锂能在津巴布韦也有成熟项目，即萨比星锂矿，当前公司正在尼日利亚建设50万吨产能的选矿厂，所以本次投资扩产符合公司发展需求。值得一提的是，与其公告一道发布的还有该公司半年报，给予了投资者信心，半年报显示上半年公司营收约73.6亿元，同比增长约356%；净利润约10亿元，同比增长约220%；上半年锂产品产量达到了5.65万吨，销量则达到5.88万吨。产能方面，公司已经形成完善的全球生态，国内有致远锂业、遂宁盛新、盛新科技、盛威锂业等；国外则有印尼盛拓、萨比星锂钽矿、阿根廷SDLA盐湖项目、Pocitos盐湖勘探项目等。值得一提的是，公司对木绒锂矿的布局也受到行业关注，目前已查明该矿山拥有资源98.96万吨，在四川地区锂矿品位首屈一指。8月13日公司还向特定对象发行股票申请，获得了深交所受理，这笔定增融资也算一波三折，第一次定增方案发行对象为盛屯集团、中创新航、华友控股，但到了7月募资规模大幅提升至53亿元，中创新航和华友控股退出定向认购。这一转变紧密贴合公司的盈利曲线，要知道刚发布方案之时公司还处于盈利低谷期，但今年上半年忽然逆袭，甚至超过2023全年的利润。而且有一点值得注意，盛新锂能在盈利之时并没有先降低负债，但资本需求却扩大，其原因在于募资的逻辑问题，公司用短期和银行资金来承担经营周转，但将长期股权资本重新配置。这与公司准备木绒项目也不无关系，该项目绝不是小打小闹，木绒锂矿是一块尚要开发的重要“和氏璧”，一旦投产将会对该公司的原料自给率以及成本结构产生重大影响。结合盛新锂能的其他项目，加上本次海外落子，可以看出，该公司正在下一盘巨大的棋局，梳理业务链条就会发展，该公司正在从矿山到锂精矿再到锂盐进行全方位押注。这里面大有说法，因为一旦这三个环节布局得当，那么可以互相对冲行业波动，例如锂盐价格高，就会对上游资源端带来好处；锂盐价格下降也没关系，自家有矿山，对外部采购依赖会大大降低，节省不少成本，所以自家有矿，就是给自己的业务加码安全锁，资源自给率才是最有底气的硬道理。再把眼界放宽到全球视角，就会发现盛新锂能资源版图的布局之巧妙，木绒锂矿只是一环，还有奥伊诺矿山和萨比星矿山，地球另一半的阿根廷盐湖项目也在进行中，公司重点发力国内、非洲、南美，构建多区域资源体系。这些大动作的时间点也值得推敲，盛新锂能绝不仅是在低谷期抄底矿产那么简单，而是锚定一个道理，那就是资源端的价值一定会重新被市场看见，尤其是经历过行业的波动，才知道对于供应链的把控有多重要，资源成本就是企业的利润下限。话题再回到本次海外布局，随着非洲锂资源大国持续收紧出口政策，那么本地建立产业链就会越发重要，而硫酸锂还是制备碳酸锂、氢氧化锂的重要原材料，所以盛新锂能在此布局就是迎合当地政策，将产业链进一步的集中于矿产国本土，既迎合当地风向，又能降低跨境运输成本，规避贸易壁垒以及关税风险。— 完 — 作者丨宋博文 转载授权请加微信：qd-Lib1222往期回顾01｜又一锂电池企业官宣调价！02｜昆仑新材开启港股IPO！03｜重磅揭晓 | 2026全球户储电池竞争力TOP10首批入围名单公示 15家龙头企业晋级04｜2026起点户储电池生态大会暨全球户储电池TOP排行榜发布会8月28日深圳举办！起点户储电池交流群—码上入群点击阅读原文，即可报名参会！,,,,pending
户储电池大会丨第一批200+参会嘉宾名单公布，2026起点户储电池大会8.28深圳举办！,起点锂电,起点锂电,"RIOnews API, 新材料, 钠离子电池, 钠电, 产品发布, 首发, 发布, 发布会, 合作进展, 投资, 合作, 学术研究, 大学, 教授, 弗迪, 亿纬锂能, 亿纬, 亿纬储能, 瑞浦兰钧, 瑞浦, 欣旺达, 欣旺达动力, 储能, 户储, 可靠性, 出货, 出货量, TOP10, 入围, 出海, 量产, 落地",normal,2026-08-25T18:28:55+08:00,,2026起点户储电池生态大会暨全球户储电池TOP排行榜发布会时间：8月28日 地址：中国 深圳一、大会基础信息活动全称：2026起点户储电池生态大会暨全球户储电池TOP排行榜发布会活动主题： 创新引领 供需重构主办单位：起点锂电、起点储能、起点研究举办时间：2026年8月28日 全天举办地点：深圳宝安登喜路国际酒店2楼国际厅协办单位：远航锦锂、上海前沿新能源电源技术研究院演讲及赞助单位名单：远航锦锂/瑞浦兰钧/赣锋锂电/海四达/古瑞瓦特/比克电池/Zoho/卡诺普/钹鑫科技/川源科技/亿鑫丰/智慧动锂/欣闪智能/启瑞达物流/约跃时代/瑞能股份/国际先进技术工程院/惠州仲恺高新区管委会等二、活动,http://mp.weixin.qq.com/s?__biz=MzI1MjEyODg2Mg==&mid=2649798677&idx=1&sn=dd0c15a8075e7b01c6429c799d5ceada,,2026起点户储电池生态大会暨全球户储电池TOP排行榜发布会时间：8月28日 地址：中国 深圳一、大会基础信息活动全称：2026起点户储电池生态大会暨全球户储电池TOP排行榜发布会活动主题： 创新引领 供需重构主办单位：起点锂电、起点储能、起点研究举办时间：2026年8月28日 全天举办地点：深圳宝安登喜路国际酒店2楼国际厅协办单位：远航锦锂、上海前沿新能源电源技术研究院演讲及赞助单位名单：远航锦锂/瑞浦兰钧/赣锋锂电/海四达/古瑞瓦特/比克电池/Zoho/卡诺普/钹鑫科技/川源科技/亿鑫丰/智慧动锂/欣闪智能/启瑞达物流/约跃时代/瑞能股份/国际先进技术工程院/惠州仲恺高新区管委会等二、活动,"2026起点户储电池生态大会暨全球户储电池TOP排行榜发布会时间：8月28日 地址：中国 深圳一、大会基础信息活动全称：2026起点户储电池生态大会暨全球户储电池TOP排行榜发布会活动主题： 创新引领 供需重构主办单位：起点锂电、起点储能、起点研究举办时间：2026年8月28日 全天举办地点：深圳宝安登喜路国际酒店2楼国际厅协办单位：远航锦锂、上海前沿新能源电源技术研究院演讲及赞助单位名单：远航锦锂/瑞浦兰钧/赣锋锂电/海四达/古瑞瓦特/比克电池/Zoho/卡诺普/钹鑫科技/川源科技/亿鑫丰/智慧动锂/欣闪智能/启瑞达物流/约跃时代/瑞能股份/国际先进技术工程院/惠州仲恺高新区管委会等二、活动背景2026年全球户用储能行业进入高速发展的黄金周期，在全球能源转型加速、电价持续高企、能源安全需求全面升级的多重核心驱动下，户储市场规模呈现爆发式增长态势，根据SPIR数据，2026上半年全球户储电池出货量61GWH，同比增长206%，预计全年出货量将超135GWH。起点锂电、起点储能作为新能源电池行业权威产业服务平台，长期深耕锂电与储能全产业链，聚焦户储电池技术创新、产业生态协同、供应链全球化与出海落地核心赛道，发起举办2026起点户储电池技术大会。起点锂电和起点储能精心筹备行业首届聚焦户储电池的生态大会--2026起点户储电池生态大会暨全球户储电池TOP排行榜发布会，大会主题为：创新引领 供需重构，旨在汇聚全球户储电池产业链核心企业、顶尖技术专家、行业决策者与投资机构，搭建技术交流、产业对接、资源协同的高端行业平台，深度探讨户储电池技术迭代方向、产业生态构建路径、供应链安全与出海全球化策略，推动全球户储电池产业高质量、可持续发展，助力全球能源转型进程，大会同期SPIR将首发全球户储电池/户储系统TOP10竞争力排行榜，为全行业提供权威数据及样本参考。三、会议议程时 间演讲主题大会开幕式09:30-09:50主办方致辞--起点研究 董事长&研究院院长 李振强09:50-10:00协办单位致辞--远航锦锂 副总经理 赵新生10:00-10:10协办单位致辞--上海前沿新能源电源技术研究院 秘书长 刘训春户储电池产业生态专场10:20-11:30惠州仲恺高新区管委会领导做招商推介--惠州仲恺高新区管委会 总经济师 唐高杰户储多场景应用电池技术方案--瑞浦兰钧 产品经理 白天娇“家电化”与""差异化”下户储的电芯产品开发思考--赣锋锂电 研发总监 占莎从本土到全球：CRM在企业国际化过程中的应用--Zoho 解决方案顾问 郭鹏不止于动力，更精于储能--远航锦锂 研发总监 陈飞全场景户用光储融合解决方案--古瑞瓦特 产品总监 袁智民11:30-12:00户储电池产业生态圆桌论坛对话议题：1.下一代户储电池技术发展趋势？2.2027年户储电池市场规模预测3.户储竞争格局变化趋势？主持人：起点研究 董事长&研究院院长 李振强对话嘉宾：古瑞瓦特 产品总监 袁智民远航锦锂 副总经理 张金刚赣锋锂电 研发总监 占莎瑞浦兰钧 产品经理 白天娇Zoho 解决方案顾问 郭鹏户储电池创新及供应链专场14:00-17:002026H1户储电池行业市场总结暨户储TOP竞争力排行榜发布会--起点研究 董事长&研究院院长 李振强户储电池规模化量产下，低露点环境控制对产品安全与寿命的价值--钹鑫科技 市场部总监 刘静钠离子电池技术在户储中的开发与应用--比克电池 电芯研发部长 胡铭昌插拔式模块化DIY产品，颠覆传统储能革命--国家石墨烯联盟 主席/国际先进技术工程院 院士 赵猛博士户用储能电池全生命周期测试方案--瑞能股份 研发总监 李海鹏基于锂电池多维度安全管理技术的应用研究--智慧动锂 董事长 牛文斌川源在户储电池生产可靠性中的思考和工作--川源科技 销售总监 尧磊从源头守护户储电池安全做储能电池安全的守门员--亿鑫丰 董事长 吴松彦17:00-17:30户储电池创新及供应链圆桌论坛对话议题：1.户储电池供不应求，供应链最大挑战是什么？2.户储电池智能制造创新与趋势？3.阳台储能和光储融合给行业带来什么机遇和挑战？主持人：亿鑫丰 董事长 吴松彦对话嘉宾：比克电池 电芯研发部长 胡铭昌智慧动锂 董事长 牛文斌川源科技 销售总监 尧磊钹鑫科技 市场部总监 刘静瑞能股份 研发总监 李海鹏国家石墨烯联盟 主席/国际先进技术工程院 院士 赵猛博士18:30-21:30答谢晚宴（定向邀请）四、第一批参会嘉宾名单公司/单位名称嘉宾姓名职 位起点研究李振强董事长/研究院院长惠州仲恺高新区管委会唐高杰总经济师惠州潼湖生态智慧区党工委欧阳志专职副书记惠州潼湖生态智慧区管理委员会黄乐全招商财经办主任江西赣锋锂电科技股份有限公司肖海燕总裁江苏远航锦锂新能源科技有限公司赵新生副总经理江苏远航锦锂新能源科技有限公司张金刚副总经理广州融捷能源科技有限公司曾玮琦营销总监淮海弗迪丁璐董事/副总裁海四达钠星江旭总经理绵阳创明田秀君总经理古瑞瓦特袁智民产品总监Peak Energy朱禹同供应链经理深圳创维储能技术有限公司邓波CTO亿纬储能龚木红总监钹鑫科技刘训春董事长瑞浦兰钧白天娇产品经理赣锋锂电占莎研发总监Zoho郭鹏解决方案顾问江苏远航锦锂新能源科技有限公司陈飞研发总监钹鑫科技刘静市场总监比克电池胡铭昌电芯研发部长上海华烯新材料科技有限公司赵猛董事长瑞能股份李海鹏研发总监深圳智慧动锂电子股份有限公司牛文斌董事长保力新能源科技股份有限公司高保清董事长川源科技余海君董事长川源科技尧磊销售总监亿鑫丰吴松彦董事长欣旺达郑云华总监时代联合周富华董事长盖亚新能源肖光明销售总监华宝新能源股份有限公司安欣欣电池开发华宝新能源股份有限公司李文群电池开发华宝新能源股份有限公司周倩电池开发华宝新能源股份有限公司卓宝柳电池开发华宝新能源股份有限公司马梦竹采购经理广州天赐高新材料股份有限公司李清河销售总监广州天赐高新材料股份有限公司罗钦升南区总监抚州市人民政府驻广东办事处曾文杰业务科科长抚州市人民政府驻广东办事处朱超宇普通干部汇川技术高天产品经理英能基覃恒志董事长海裕百特王留军董事长瑞浦兰钧常旭品牌部惠州市超力源科技有限公司张玉申销售总监宁夏志曜新能科技有限公司涂天强副总经理深圳市大族锂电智能装备股份有限公司达文活市场推广部经理深圳市大族锂电智能装备股份有限公司奉贻芳市场推广部主管深圳市大族锂电智能装备股份有限公司李远哲市场推广部专员惠州鹏锦智能装备有限公司徐茂龙运营副总深圳市海目星激光智能装备股份有限公司杨勇刚副总经理赣锋锂电陈基技术总监赣锋锂电李金代华南销售总监深圳法大大网络科技有限公司马明辉市场经理湖南达力智能装备有限公司李万利副总经理苏州翼动新能科技有限公司钟眉洲董事长深圳市时代高科技设备股份有限公司许众市场部经理杭州海康机器人股份有限公司刘佳豪销售经理杭州海康机器人股份有限公司尹晓璐销售总监深圳市唯特偶安全科技有限公司王家俊销售部经理深圳市唯特偶安全科技有限公司陈鹏商务部主管深圳市唯特偶安全科技有限公司彭凯销售部代表深圳中兴新材技术股份有限公司严凡坤销售经理深圳市沛城电子科技股份有限公司龚伟刚研发总监深圳市沛城电子科技股份有限公司谭强副总经理深圳市沛城电子科技股份有限公司张振国经理珠海佳讯赛特电子有限公司梁总总经理珠海佳讯赛特电子有限公司康总销售副总珠海佳讯赛特电子有限公司唐总研发总监珠海佳讯赛特电子有限公司邱工研发项目经理珠海佳讯赛特电子有限公司姚工研发项目经理珠海佳讯赛特电子有限公司徐小姐采购惠州亿纬锂能袁婷营销经理深圳市比克动力电池有限公司周小喻战略研究天能新能源科技公司郭海军研发总监索拉瑞能供应链管理（深圳）有限公司严子龙经理东莞市质为电子科技有限公司张雪梦业务经理深圳市航顺通国际货运代理有限公司何四月销售深圳市航顺通国际货运代理有限公司吴丽莉销售深圳市航顺通国际货运代理有限公司杨度平操作深圳达人高科电子公司陈智恒业务深圳市朗泰沣电子有限公司曾小强营销部长愚公高科阚琦销售经理愚公高科黄壮升市场运营经理愚公高科康雪宜销售经理深圳市孚赛能源科技有限公司丰雄奇总经理惠州潼湖生态智慧区管理委员会陈尹淼招商财经办四级主任科员长篙新材陈鹏董事长儒特股份徐跃董事和明机械黄立斌董事长瑞能股份蒋丽文市场总监广东通鼎芯动智储科技有限公司邓名旺总裁广东通鼎芯动智储科技有限公司邓名学经理川源科技王亚飞销售总监兴储世纪科技股份有限公司陈婉凤销售总监深圳市神武传感器有限公司苏畅销售经理华夏幸福朱高宏大湾区招商负责人南京中比新能源王钰龙经理南京中比新能源温妮品牌营销助理深圳市坪山区发展和改革局程家顺科长深圳市零岩科技有限公司欧阳旭经理安徽优旦科技股份有限公司朱张杰业务经理安徽优旦科技股份有限公司吴东游业务经理安徽优旦科技股份有限公司史步渊市场总监江苏宝试检测设备有限公司范金刚副总经理江苏宝试检测设备有限公司周磊董事长江苏宝试检测设备有限公司王臣雷销售经理江苏远航锦锂新能源科技有限公司王子奇市场专员江苏远航锦锂新能源科技有限公司许文君市场专员江苏远航锦锂新能源科技有限公司田佳销售经理江苏远航锦锂新能源科技有限公司林漳销售经理江苏远航锦锂新能源科技有限公司郭振磊销售经理江苏远航锦锂新能源科技有限公司王冲销售经理江苏远航锦锂新能源科技有限公司张胜青销售经理江苏远航锦锂新能源科技有限公司周景销售经理深圳吉阳智能科技有限公司陈子峰技术商务工程师赢合科技潘娅市场调研经理成都卡诺普机器人技术股份有限公司蒋丁丁全国激光行业总监成都卡诺普机器人技术股份有限公司张斌新能源大客户经理成都卡诺普机器人技术股份有限公司郭慧销售经理成都卡诺普机器人技术股份有限公司韦文刚大客户经理成都卡诺普机器人技术股份有限公司陆荣燕大客户经理日联科技张卫峰副总经理日联科技洪观亮销售副总监日联科技陆茂婷销售专家日联科技王振绍销售经理启瑞达国际物流(深圳)有限公司刘朝霞/启瑞达国际物流(深圳)有限公司李雨诗/启瑞达国际物流(深圳)有限公司沈雪/嘉兴谦吉投资有限公司李想投资总监深圳市电安电锂电科技有限公司秦大鲁/深圳市欣旺达能源科技有限公司谈成销售主管宁波柔创纳米科技有限公司王力销售经理深圳市明唐新能源技术有限公司陈晓芳总经理助理深圳市赛为检测技术有限公司熊江龙销售总监深圳市赛为检测技术有限公司王雄销售工程师广东凯金新能源科技股份有限公司冼文浩销售经理夯实科技（广州）有限公司余晖市场总监夯实科技（广州）有限公司段敏婷销售经理夯实科技（广州）有限公司郑祖增销售经理钠美新能源科技（洛阳）有限公司吉喆营销总监天津泰达科技创业投资集团股份有限公司张泽文投资经理深圳欣闪智能科技有限公司黄新美市场经理深圳欣闪智能科技有限公司林鑫行业经理深圳欣闪智能科技有限公司李新想市场经理深圳欣闪智能科技有限公司许伟群业务员广东光华科技股份有限公司张梦产品经理深圳市莱恩瑞斯科技有限公司全小希业务经理龙海协能新能源科技有限公司吴洪亮业务总监龙海协能新能源科技有限公司王岸华东区回收总监深圳神武传感器有限公司张家豪业务经理深圳市八达威电气有限公司郝佳销售工程师深圳天溯计量检测股份有限公司杨飞飞客户经理欣旺达动力科技股份有限公司李超技术支持资深工程师容联云科技熊敏君物联网事业部经理招商银行股份有限公司袁露总监广东统力电源科技有限公司付建华销售总监佰铭诚科技刘柔业务经理深圳中保动力新能源科技有限公司余罗商务经理深圳中保动力新能源科技有限公司李德成供应链总经理助理/政企关系部长深圳中保动力新能源科技有限公司叶振浩市场经理科迈罗章少坤总经理河南科隆新能源夏巍立总经理禾电科技赵岩技术负责人钠科能源乔少华董事长隐功科技朱健总经理亮见钠电赖见董事长凤启新能源蔡雪松董事长金钠科技杨维元董事长茹天科技秦涛董事长鑫晟达黄晓山董事长中天和韩旭东董事长愚公高科王锋副总经理广州大学化学化工学院王家海教授旭派动力张震然副总经理精锐精密孔德涛总经理华天软件李晏销售经理量讯物联郑丹霞华南区销售总监萍竹新材料朱立全董事长亿隆能源于其清董事长中比新能源王森林钠电负责人Zoho朱歆安华南市场唯特偶新材料王家俊销售部总监五、报名参会参会方式①：SVIP参会：3188元人增值服务权益：1、会议期间自助午餐、茶歇2、会场座位前排台卡3、2026全球户储电池产业链地图(扫码关注起点锂电、起点储能、起点研究公众号/抖音号/视频号后领取）4、起点研究院SPIR全球户储行业运行总结PPT5、演讲企业PPT可对外6、论坛通讯录7、SVIP参会证件参会方式②：VIP参会：2188元/人增值服务权益：1、会议期间自助午餐、茶歇2、会场座位前排台卡3、2026全球户储电池产业链地图(扫码关注起点锂电、起点储能、起点研究公众号/抖音号/视频号后领取）4、起点研究院SPIR全球户储行业运行总结PPT5、演讲企业PPT可对外6、VIP参会证件参会方式③：免费（需转发本次论坛宣传文章到朋友圈，并截图上传给起点人员）增值服务权益：1、2026全球户储电池产业链地图(扫码关注起点锂电、起点储能、起点研究公众号/抖音号/视频号后领取）2、普通参会嘉宾证件【收款账号】收款单位：深圳市起点研究咨询有限公司开户行：中国农业银行深圳前进路支行银行账号：41019700040025862汇款请注明：宣传费/服务费/会议展览服务六、活动报名方式活动咨询+赞助：邱先生 ***********尧先生 ***********江先生 ***********论坛报名：于小姐 ***********张小姐 ***********媒体合作：黄小姐 ***********重磅揭晓 | 2026全球户储电池竞争力TOP10首批入围名单公示 15家龙头企业晋级点击阅读原文，即可报名参会！阅读原文创新引领 供需重构丨8月28日，鹏城相聚！",,,,pending
富临精工：终止17.5万吨磷酸铁锂项目合作！,起点锂电,起点锂电,"RIOnews API, 新材料, 产品发布, 发布, 发布会, 官宣, 合作进展, 战略合作, 合资公司, 投资, 合作, 量产推进, 产能, 扩产, 产线建设, 宁德时代, 瑞浦兰钧, 瑞浦, 磷酸铁锂, 铁锂, 储能, 户储, 正极材料, 出货, 出货量, 市场份额, TOP10, 规划产能, 投产, 订单, 入围, 合作协议, IPO, 港股, 量产, 落地",normal,2026-08-25T18:28:55+08:00,,倒计时3天 2026起点户储电池生态大会暨全球户储电池TOP排行榜发布会会议主题：创新引领 供需重构主办单位：起点锂电、起点储能、起点研究会议时间：2026年8月28日会议地点：深圳宝安登喜路国际酒店2楼国际厅协办单位：远航锦锂、上海前沿新能源电源技术研究院演讲及赞助单位名单：远航锦锂/瑞浦兰钧/赣锋锂电/海四达/古瑞瓦特/比克电池/Zoho/卡诺普/钹鑫科技/川源科技/亿鑫丰/智慧动锂/欣闪智能/启瑞达物流/约跃时代/瑞能股份/国际先进技术工程院/惠州仲恺高新区管委会等活动咨询：邱先生 ***********储能强需求下，磷酸铁锂合作项目被终止？8月24日，富临精工发布多条公告，涉及高管人员,http://mp.weixin.qq.com/s?__biz=MzI1MjEyODg2Mg==&mid=2649798677&idx=2&sn=e99d001e09fbc52c560f1dacfe9d8d3e,,倒计时3天 2026起点户储电池生态大会暨全球户储电池TOP排行榜发布会会议主题：创新引领 供需重构主办单位：起点锂电、起点储能、起点研究会议时间：2026年8月28日会议地点：深圳宝安登喜路国际酒店2楼国际厅协办单位：远航锦锂、上海前沿新能源电源技术研究院演讲及赞助单位名单：远航锦锂/瑞浦兰钧/赣锋锂电/海四达/古瑞瓦特/比克电池/Zoho/卡诺普/钹鑫科技/川源科技/亿鑫丰/智慧动锂/欣闪智能/启瑞达物流/约跃时代/瑞能股份/国际先进技术工程院/惠州仲恺高新区管委会等活动咨询：邱先生 ***********储能强需求下，磷酸铁锂合作项目被终止？8月24日，富临精工发布多条公告，涉及高管人员,倒计时3天 2026起点户储电池生态大会暨全球户储电池TOP排行榜发布会会议主题：创新引领 供需重构主办单位：起点锂电、起点储能、起点研究会议时间：2026年8月28日会议地点：深圳宝安登喜路国际酒店2楼国际厅协办单位：远航锦锂、上海前沿新能源电源技术研究院演讲及赞助单位名单：远航锦锂/瑞浦兰钧/赣锋锂电/海四达/古瑞瓦特/比克电池/Zoho/卡诺普/钹鑫科技/川源科技/亿鑫丰/智慧动锂/欣闪智能/启瑞达物流/约跃时代/瑞能股份/国际先进技术工程院/惠州仲恺高新区管委会等活动咨询：邱先生 ***********储能强需求下，磷酸铁锂合作项目被终止？8月24日，富临精工发布多条公告，涉及高管人员任职变动以及投资合作终止等。其中据《投资合作协议之终止协议》公告显示，公司拟终止与德阳川发龙蟒在绵竹市德阳—阿坝生态经济产业园的“17.5 万吨磷酸铁锂项目”投资合作，并签署《投资合作协议之终止协议》。该议案已获第六届董事会第一次会议审议通过，意味着双方的投资合作将正式结束。终止的是投资合作，项目正按计划推进梳理来看，富临精工与德阳川发龙蟒的相关合作始于2025年第四季度。2025年10月，富临精工发布新建年产35万吨新型高压实密度磷酸铁锂项目的规划，计划通过控股子公司江西升华在德阳—阿坝生态经济产业园区，分两期项目推进。项目总投资40亿元，一期、二期分别新建年产17.5万吨新型高压实密度新型磷酸铁锂生产线。基于此规划，富临精工同步与川发龙蟒（德阳川发龙蟒母公司）达成合作，通过江西升华与德阳川发龙蟒签署投资合作协议，拟投资设立合资公司，并以合资公司为主体新建年产17.5 万吨磷酸铁锂项目。根据当时披露信息，合资公司注册资本（认缴）拟定为6.6亿元，其中江西升华认缴出资3.366亿元，持股51%；德阳川发龙蟒认缴出资3.234亿元，持股49%。项目产线将采用草酸亚铁工艺进行磷酸铁锂的生产。在最新的公告中，富临精工指出，双方在原协议签署后，就合作细节及项目推进方案进行了多轮沟通与论证。但由于原协议项下合资公司尚未设立，且合作事项在实施路径、资源配置及决策效率等方面难以满足项目快速推进的实际需要，双方评估及协商后，一致认为原协议项下合作事项已不具备继续推进的条件，所以拟终止以上投资合作。富临精工强调，为保障公司磷酸铁锂产能布局落地，江西升华将承接并加快推进该项目的后续全部建设工作。这也意味着，终止的是与德阳川发龙蟒的合资，但年产35万吨新型高压实密度磷酸铁锂项目将按计划推进，并且节奏会加快。据透露，该项目并未因为合资公司未设立而停滞，目前已处于投产过程，产线建设及调试工作均按计划有序推进，产能释放进度符合预期。技术工艺、资金、管理等均独立运行，不依赖原合作方。深绑宁德时代，300万吨大单锁定产能在磷酸铁锂赛道，富临精工的布局始终走在行业前沿，是国内最早实现高压实磷酸铁锂量产的企业之一。凭借技术先发优势与深度绑定全球动力电池龙头宁德时代的合作模式，公司在产能储备、产品性能、核心客户资源上构建起了差异化竞争壁垒。回溯合作脉络，自2021年起富临精工便进入宁德时代核心配套体系，双方在材料研发、产能共建、订单锁定层面持续深化协同。2026年1月，双方正式签署新一轮战略合作协议，宁德时代承诺2026年至2028年三年周期内，向富临精工采购磷酸铁锂产品总量不低于300万吨。这一长单意味着，仅宁德时代单一客户，每年就为富临精工锁定了100万吨的平均供货需求。但截至2026年3月，富临精工旗下核心正极材料平台江西升华，已投产的高压实密度磷酸铁锂产能仅为30万吨/年，且当前产能利用率已突破100%，现有产能已完全无法覆盖长单需求，新一轮扩产迫在眉睫。为匹配下游锁定订单，富临精工正式启动产能扩张计划。根据公司近期发布的定增预案修订稿，拟向宁德时代定向发行股份，募资规模区间为20亿元至30.54亿元。扣除发行费用后，资金将投向五大核心项目：年产50万吨高端储能用磷酸铁锂项目、新能源汽车电驱动系统关键零部件项目、机器人集成电关节项目、智能底盘线控系统关键零部件项目，以及低空飞行器动力系统关键零部件项目。其中，核心的“年产50万吨高端储能用磷酸铁锂项目”将分两期推进，一期备案主体为内蒙古富临时代新材料有限公司，对应年产25万吨高端储能用磷酸铁锂产能，备案投资总额达40亿元。为进一步提升募集资金使用效率，富临精工董事会明确，该项目对应的23.5亿元募集资金，将全部投入一期项目建设，保障产能快速落地。叠加现有30万吨已投产产能、四川德阳35万吨在建产能，以及内蒙古50万吨规划产能，富临精工高端磷酸铁锂总规划产能已突破115万吨，规模跻身行业第一梯队。从当前市场排位来看，富临精工早已稳居全球磷酸铁锂出货量前十。根据SPIR发布的2026年上半年行业数据，2026年上半年全球锂电池磷酸铁锂正极材料市场规模达253.3万吨，同比增长58.3%。其中富临精工旗下江西升华市场份额大幅跃升，位列全球第三，行业地位进一步巩固。总体来看，深度绑定龙头长单为富临精工磷酸铁锂业务筑牢了基本盘，既大幅降低了产能投放后的市场消化风险，也为后续新建产能的顺利释放提供了强有力的需求托底。依托高压实磷酸铁锂的先发技术积淀、快速落地的多基地扩产布局以及稳步攀升的行业出货位次，公司磷酸铁锂板块的规模优势、客户壁垒优势将持续放大。随着内蒙古、德阳等地新建产能陆续投产兑现订单，公司磷酸铁锂业务有望迎来量利齐升的窗口期，为公司后续业绩增长注入强劲动能。— 完 — 作者丨起点锂电 转载授权请加微信：qd-Lib1222往期回顾01｜又一锂电池企业官宣调价！02｜昆仑新材开启港股IPO！03｜重磅揭晓 | 2026全球户储电池竞争力TOP10首批入围名单公示 15家龙头企业晋级04｜2026起点户储电池生态大会暨全球户储电池TOP排行榜发布会8月28日深圳举办！点击阅读原文，查看富工流体更多内容！,,,,pending
量质齐升  国轩高科H1营收创6年来新高,第一锂电网,第一锂电网,"RIOnews API, 新材料, 碳, 固态电池, 量产推进, 批量交付, 产能, 国轩高科, 国轩, 储能, 系统集成, 高安全, 安全测试, 交付, 装机, 装机量, 装车, 装车量, 市占率, 市场份额, GWh, 定点, 海外布局, 海外, 本地化, 快充, 中试, 中试线, 量产, 落地",normal,2026-08-25T18:09:00+08:00,,在全球动力电池行业深度洗牌、市场竞争日趋激烈的大环境下，国轩高科（002074.SZ）交出一份含金量十足的2026年上半年成绩单。8月25日，根据国轩高科半年报内容显示，公司实现营业收入277.76亿元，同比增长43.22%，创下连续六年同期营收新高；归母净利润13.86亿元，同比大幅增长278.05%，扣非归母净利润1.07亿元，同比增长46.71%，主营业务盈利水平稳步修复。动力电池营收225.97亿 全球市占率提至4.6%动力电池业务作为核心增长引擎，展现出强劲发展动力。上半年国轩高科动力电池板块实现收入225.97亿元，同比大涨61.01%，营收占比超八成，强力拉动整体业绩向上。根据S,http://mp.weixin.qq.com/s?__biz=MzU2NTEwMTg0OQ==&mid=2247620513&idx=1&sn=d597884455a0947a40d464f3d96a7783,,在全球动力电池行业深度洗牌、市场竞争日趋激烈的大环境下，国轩高科（002074.SZ）交出一份含金量十足的2026年上半年成绩单。8月25日，根据国轩高科半年报内容显示，公司实现营业收入277.76亿元，同比增长43.22%，创下连续六年同期营收新高；归母净利润13.86亿元，同比大幅增长278.05%，扣非归母净利润1.07亿元，同比增长46.71%，主营业务盈利水平稳步修复。动力电池营收225.97亿 全球市占率提至4.6%动力电池业务作为核心增长引擎，展现出强劲发展动力。上半年国轩高科动力电池板块实现收入225.97亿元，同比大涨61.01%，营收占比超八成，强力拉动整体业绩向上。根据S,在全球动力电池行业深度洗牌、市场竞争日趋激烈的大环境下，国轩高科（002074.SZ）交出一份含金量十足的2026年上半年成绩单。8月25日，根据国轩高科半年报内容显示，公司实现营业收入277.76亿元，同比增长43.22%，创下连续六年同期营收新高；归母净利润13.86亿元，同比大幅增长278.05%，扣非归母净利润1.07亿元，同比增长46.71%，主营业务盈利水平稳步修复。动力电池营收225.97亿 全球市占率提至4.6%动力电池业务作为核心增长引擎，展现出强劲发展动力。上半年国轩高科动力电池板块实现收入225.97亿元，同比大涨61.01%，营收占比超八成，强力拉动整体业绩向上。根据SNEResearch统计，国轩高科全球动力电池装机量达28GWh，同比增长43.3%，增速大幅跑赢全球行业20.0%的平均水平；全球市占率提升0.7个百分点至4.6%，位居全球第五。对比2024年上半年2.5%的市场份额，两年时间市占率近乎翻倍，是全球头部电池厂商中市占率提升最为迅速的企业之一。上半年，公司动力电池客户结构持续向上突破，高端车型定点实现重要里程碑。乘用车领域，国轩高科在稳固奇瑞、吉利、零跑等主力车型配套的基础上，上半年成功斩获鸿蒙智行、大众系列高端车型定点，正式进入华为、大众两大国际头部企业供应链体系，充分印证公司电芯安全、快充能力与系统集成实力获得行业高端客户认可，标志产品配套层级实现实质性跃升。商用车与新兴场景成为动力领域第二增长曲线。上半年商用车动力电池装车量7.66GWh，同比增长87.29%。自研G行标准化电池箱批量落地，服务一汽解放、奇瑞商用车、三一重卡、吉利远程等龙头企业。与此同时，业务边界持续拓展至工程机械、电动船舶、两轮车、低空飞行器等多元赛道，打开全新增长空间。中国市场装机位列TOP 3 海外市场配套大众从业务区域来看，国内市场同样实现领跑，上半年国内装车实现20.75GWh，同比增长34%，显著高于国内行业12.0%的整体增速，国内市占率由5.18%提升至6.19%，位列中国市场第三，本土市场竞争实力持续巩固。海外布局迎来收获兑现期。伴随大众标准电芯自2025年底稳定批量交付，叠加海外本地化产能建设持续落地，国轩高科全球化战略从前期投入期迈入成果释放阶段。报告期海外营收达94.76亿元，同比增长48.06%，占总营收比重达到34%。未来，海外产能有望持续释放增量，为长期增长注入强劲动力。下一代电池技术产业化加速落地，抢占固态电池产业先机。G垣混合固液电池已实现量产，率先完成产业转化；金石全固态电池能量密度突破400Wh/kg，顺利通过针刺、高温热箱等严苛安全测试，0.2GWh中试线已经贯通，推进装车路测，2GWh全固态电池量产线完成整体设计。上游配套同步布局，7月国轩控股安庆2万吨固态电池关键材料项目正式启动，聚焦硫化锂等核心材料研发制造，提前补齐固态电池规模化量产的上游供应链短板。从上半年成绩来看，国轩高科正在迈向由规模扩张向高质量发展的关键转型，高端乘用车定点落地、海外业务贡献提升、多元应用场景拓展、前沿技术加速产业化。国轩高科表示，未来将持续加码前沿技术研发投入，迭代优化电芯性能与全系列产品综合竞争力，面向动力、储能双赛道打造高安全、高效率、低碳化的综合绿色能源解决方案。阅读推荐Reading Recommendation加入通讯录加入联盟加入协会企业分布地图活动咨询咨询电话021-61170511,,,,pending
eVTOL 加速起飞！2035 年航空锂电需求直指 50GWh，货运赛道率先爆发,第一锂电网,第一锂电网,"RIOnews API, 新材料, 碳, 固态电池, 合作进展, 融资, 投资, 合作, 量产推进, 批量交付, 产能, 下线, 宁德时代, 亿纬锂能, 亿纬, 欣旺达, 正力新能, 热失控, 长循环, 循环寿命, 出货, 出货量, 交付, 装机, GWh, 订单, 签约, 海外, 政策, 快充, 实验室, 认证, 量产, 落地",normal,2026-08-25T18:09:00+08:00,,当前，以eVTOL电动垂直起降飞行器为核心的低空经济产业，正式迈入规模化产业化落地的关键窗口期。行业整体发展节奏全面提速，在资本投融资、机型适航取证、商业订单签约三大核心环节同步突破，商业化落地的确定性持续走高，行业发展红利持续释放。2026年8月，低空经济赛道迎来密集资本入局与订单落地热潮。倍飞智航顺利完成超1亿元战略融资，本轮由元筑投资、鑫飞资本联合领投，所融资金将重点用于推进旗下5000系列eVTOL机型的适航认证工作，加速机型商业化落地进程。与此同时，沃兰特达成重磅商业合作，联合印尼顶级直升机运营企业WhiteSky Group、国内民生金融租赁，敲定260架VE25-100机型采购订,http://mp.weixin.qq.com/s?__biz=MzU2NTEwMTg0OQ==&mid=2247620513&idx=4&sn=c956d7c3f6a7ab8b51ac3787c156b2bb,,当前，以eVTOL电动垂直起降飞行器为核心的低空经济产业，正式迈入规模化产业化落地的关键窗口期。行业整体发展节奏全面提速，在资本投融资、机型适航取证、商业订单签约三大核心环节同步突破，商业化落地的确定性持续走高，行业发展红利持续释放。2026年8月，低空经济赛道迎来密集资本入局与订单落地热潮。倍飞智航顺利完成超1亿元战略融资，本轮由元筑投资、鑫飞资本联合领投，所融资金将重点用于推进旗下5000系列eVTOL机型的适航认证工作，加速机型商业化落地进程。与此同时，沃兰特达成重磅商业合作，联合印尼顶级直升机运营企业WhiteSky Group、国内民生金融租赁，敲定260架VE25-100机型采购订,当前，以eVTOL电动垂直起降飞行器为核心的低空经济产业，正式迈入规模化产业化落地的关键窗口期。行业整体发展节奏全面提速，在资本投融资、机型适航取证、商业订单签约三大核心环节同步突破，商业化落地的确定性持续走高，行业发展红利持续释放。2026年8月，低空经济赛道迎来密集资本入局与订单落地热潮。倍飞智航顺利完成超1亿元战略融资，本轮由元筑投资、鑫飞资本联合领投，所融资金将重点用于推进旗下5000系列eVTOL机型的适航认证工作，加速机型商业化落地进程。与此同时，沃兰特达成重磅商业合作，联合印尼顶级直升机运营企业WhiteSky Group、国内民生金融租赁，敲定260架VE25-100机型采购订单，海外商业化布局正式启动。头部企业融资势头同样强劲，小鹏汇天在8月完成近2亿美元新一轮股权融资，至此其累计股权融资规模突破10亿美元，登顶亚洲载人低空飞行领域融资总额榜首。产能端同步实现里程碑突破，8月10日，小鹏汇天量产工厂成功下线第1000套“陆地航母”800V高压架构电推进单元，创下全球同架构eVTOL规模化量产新纪录。全球范围内，eVTOL飞行演示与场景验证持续落地，行业技术成熟度快速提升。2026年7月，峰飞航空携手哈萨克斯坦阿拉套先锋航空，在阿斯塔纳完成2吨级大型eVTOL公开飞行演示；万丰奥威旗下Volocopter联合韩国Chodang大学，在济州岛完成海上飞行测试，充分验证了机型在复杂空域、特殊场景下的运行稳定性与环境适配能力，为多场景商业化运营奠定基础。核心配套技术层面，航空动力电池取得关键性安全突破。8月初，宁德时代自研的载人eVTOL专用航空动力电池系统，成功通过双相邻电芯热失控不扩散严苛测试，旗下350Wh/kg方壳电芯成为全球首款达成该航空级安全标准的产品。目前该电芯已具备批量量产能力，后续将优先配套峰飞载人eVTOL机型，为低空飞行器安全运营提供核心保障。政策端的顶层设计，为行业规模化发展扫清障碍。2026年8月出炉的《民用航空发展“十五五”规划》，明确将低空经济列为新质生产力核心培育产业，从适航认证、空域开放、商业运营全链条完善政策体系，标志着国内eVTOL行业正式告别技术验证阶段，全面进入规模化落地的爆发前夕。作为立体交通新载体，eVTOL凭借高效便捷、低噪低碳的优势，打破传统地面交通局限，有望成为继高铁、新能源汽车后的新一代城市立体交通核心载体。成本优势是eVTOL商业化普及的核心驱动力。据波士顿咨询《中国载人eVTOL行业白皮书》数据，随着量产规模扩大与运营体系完善，国内eVTOL载人出行单公里成本可降至10元左右，仅为传统直升机（单公里50元）的五分之一，与高端网约车出行成本基本持平，民用普及潜力巨大。货运场景性价比优势更为突出，行业测算显示，依托高密航空电池与智能飞控算法迭代，2030年货运eVTOL单吨货物每公里电耗将降至0.5kWh以下，能源成本仅0.4元，不足传统直升机燃油成本的一成，物流替代空间广阔。行业规模层面，低空经济已开启高速增长通道。中国民航局数据显示，2025年国内低空经济市场规模已达1.5万亿元，预计2035年将攀升至3.5万亿元，十年规模实现翻倍增长。业内机构预测，2030年国内300个地级市将常态化落地eVTOL出行服务，市场保有量有望突破10万架。与之配套的航空级锂电池赛道，将迎来爆发式增长，2025年国内低空航空锂电出货量尚处于GWh级起步阶段，预计2030年需求突破10GWh，2035年有望超50GWh，成为动力电池行业全新高增长细分赛道。相较于车用动力电池，eVTOL航空电池的技术标准更为严苛，需要同时满足超高能量密度、大功率放电、极致安全性、长循环寿命、高频快充、宽温域适配等多重要求，适配飞行器高频次、全天候的运营场景。不同于新能源汽车百公里12-18度的耗电量，eVTOL百公里耗电高达65度，能耗水平大幅更高，同等电池容量下续航仅为新能源汽车的四分之一，这也对电池能量密度提出了更高要求。目前主流商用eVTOL电芯能量密度已突破300Wh/kg，可满足短途通勤、低空观光、轻量物流等基础场景，但想要实现300公里以上长续航、规模化经济型运营，行业电芯能量密度需向400-500Wh/kg高阶迭代。国内头部电池企业已率先布局航空锂电赛道，构建起差异化技术与资质壁垒。其中，亿纬锂能是国内首家拿下AS9100D航空航天体系认证的电池企业，已实现eVTOL、无人机产品批量交付；正力新能同时具备航空航天质量体系认证与载人电动飞机适航量产资质；欣旺达研发的300Wh/kg以上高密电芯，已适配轻型无人机与eVTOL场景，且已达成多家低空企业合作。固态电池技术也为行业升级提供新动能。2026年4月，顺丰旗下丰翼科技携手恩力动力，共建物流无人机固态电池联合实验室，规划三年内实现480Wh/kg超高密固态电芯量产装机，届时设备循环寿命提升70%、满载航程提升40%、单位运输成本降低60%，大幅优化低空物流商业化模型。整体来看，航空动力电池是决定eVTOL安全性、续航能力与商业化经济性的核心核心部件，当前正处于技术迭代突破、场景规模化落地的双重加速期。业内分析指出，随着400-500Wh/kg高阶航空电池实现量产落地，eVTOL行业将彻底突破续航、载荷与成本瓶颈，全面开启大规模商业化时代，成为激活万亿级低空经济市场的核心关键。阅读推荐Reading Recommendation加入通讯录加入联盟加入协会企业分布地图活动咨询咨询电话021-61170511,,,,pending
56.28亿元！宁德时代洛阳基地单月产值创历史新高,第一锂电网,第一锂电网,"RIOnews API, 新材料, 碳, 量产推进, 产能, 下线, 宁德时代, 投产, 落地, 爬坡",normal,2026-08-25T18:09:00+08:00,,近日，洛报融媒记者从宁德时代洛阳基地获悉，随着产能加速释放，基地7月单月产值达56.28亿元，创投产以来历史新高。截至7月底，基地累计产值达428.07亿元，其中2026年产值221.41亿元，为全市新能源电池产业链高质量发展注入强劲动能。宁德时代洛阳基地按照“灯塔工厂+零碳工厂”标准，分四期规划建设。目前，项目四期已全部进入生产状态，一二期稳定兜底、三四期增量赋能，两大生产板块梯次发力，推动洛阳基地产能持续攀升。其中，项目一期、二期主体为宁德时代(河南)新能源科技有限公司，作为成熟投产板块，工艺体系成熟、产销衔接稳定，目前保持满负荷稳产状态。凭借成熟的生产体系、稳定的产品品质，项目自动化生产,http://mp.weixin.qq.com/s?__biz=MzU2NTEwMTg0OQ==&mid=2247620513&idx=3&sn=2d885cbbc6a6a5f5b84f26573a2d50d4,,近日，洛报融媒记者从宁德时代洛阳基地获悉，随着产能加速释放，基地7月单月产值达56.28亿元，创投产以来历史新高。截至7月底，基地累计产值达428.07亿元，其中2026年产值221.41亿元，为全市新能源电池产业链高质量发展注入强劲动能。宁德时代洛阳基地按照“灯塔工厂+零碳工厂”标准，分四期规划建设。目前，项目四期已全部进入生产状态，一二期稳定兜底、三四期增量赋能，两大生产板块梯次发力，推动洛阳基地产能持续攀升。其中，项目一期、二期主体为宁德时代(河南)新能源科技有限公司，作为成熟投产板块，工艺体系成熟、产销衔接稳定，目前保持满负荷稳产状态。凭借成熟的生产体系、稳定的产品品质，项目自动化生产,近日，洛报融媒记者从宁德时代洛阳基地获悉，随着产能加速释放，基地7月单月产值达56.28亿元，创投产以来历史新高。截至7月底，基地累计产值达428.07亿元，其中2026年产值221.41亿元，为全市新能源电池产业链高质量发展注入强劲动能。宁德时代洛阳基地按照“灯塔工厂+零碳工厂”标准，分四期规划建设。目前，项目四期已全部进入生产状态，一二期稳定兜底、三四期增量赋能，两大生产板块梯次发力，推动洛阳基地产能持续攀升。其中，项目一期、二期主体为宁德时代(河南)新能源科技有限公司，作为成熟投产板块，工艺体系成熟、产销衔接稳定，目前保持满负荷稳产状态。凭借成熟的生产体系、稳定的产品品质，项目自动化生产线24小时不间断运转，智能物流系统高效流转，一批批动力电池陆续下线，批量供给蔚来、理想、小米、华为鸿蒙智行等国内主流新能源车企，实现产销两旺。项目三期、四期主体为宁德时代(洛阳)新能源科技有限公司，持续产能爬坡、高效释放增量。作为扩能升级核心载体，三、四期电芯产线依托智能化、自动化、数字化全新生产体系，产能持续稳步释放，成为企业产值提速增长的全新增长极。值得一提的是，宁德时代洛阳基地不断刷新项目投产纪录，在项目一期、二期高效落地，分别提前8个月、9个月投产的基础上，项目三期、四期项目持续攻坚，快速推进主体封顶、设备进场与调试工作，投产时间较既定时序提前1年半，跑出了亮眼的项目建设“洛阳加速度”。一企兴，则一链旺。依托宁德时代洛阳基地的链主效应，伊滨区新能源产业园加速崛起，着力打造“10分钟新能源产业圈”，自2023年以来已累计落地产业链项目48个，补齐电池壳体、精密冲压、结构加工等一批关键供应链环节，有效提升本地配套率，推动供应链从异地供货向就近协同转变，不断夯实洛阳新能源电池产业链发展根基。随着宁德时代洛阳基地全部投产，产能持续释放，洛阳后续将进一步放大链主企业带动作用，招引更多上下游关键配套企业落地，加速完善产业生态，为制造业重点产业链高质量发展持续增势赋能。阅读推荐Reading Recommendation加入通讯录加入联盟加入协会企业分布地图活动咨询咨询电话021-61170511,,,,pending
签约！比亚迪电池与蒙古国乌兰巴托市达成战略合作,第一锂电网,第一锂电网,"RIOnews API, 新材料, 碳, 合作进展, 战略合作, 合作, 比亚迪, 弗迪, 弗迪电池, 储能, ESS, BESS, 储能系统, 供电, 签约, 政策, 快充, 项目落地, 落地",normal,2026-08-25T18:09:00+08:00,,获悉，近日，比亚迪电池与蒙古国首都乌兰巴托市成功签署战略合作谅解备忘录。双方将依托各自资源与技术优势，围绕绿色城市建设开展全方位战略合作，共同推动乌兰巴托市新能源产业升级与低碳城市建设进程。图片来源：弗迪电池据悉，此次合作旨在将乌兰巴托市的城市发展需求与比亚迪电池在新能源领域的全产业链优势深度融合，重点聚焦绿色交通、新能源基建、智慧储能等关键领域推进项目落地，致力于打造中蒙两国绿色城市合作的示范样板。根据备忘录内容，双方明确了四大核心合作方向，以精准赋能城市绿色升级;其一，扩大电动汽车规模化推广应用，进一步优化城市出行结构、有效减少碳排放；其二，布局城市绿色驿站快充网络，持续完善新能源汽车配套,http://mp.weixin.qq.com/s?__biz=MzU2NTEwMTg0OQ==&mid=2247620513&idx=2&sn=f288efe1a216844b847296245e3468c4,,获悉，近日，比亚迪电池与蒙古国首都乌兰巴托市成功签署战略合作谅解备忘录。双方将依托各自资源与技术优势，围绕绿色城市建设开展全方位战略合作，共同推动乌兰巴托市新能源产业升级与低碳城市建设进程。图片来源：弗迪电池据悉，此次合作旨在将乌兰巴托市的城市发展需求与比亚迪电池在新能源领域的全产业链优势深度融合，重点聚焦绿色交通、新能源基建、智慧储能等关键领域推进项目落地，致力于打造中蒙两国绿色城市合作的示范样板。根据备忘录内容，双方明确了四大核心合作方向，以精准赋能城市绿色升级;其一，扩大电动汽车规模化推广应用，进一步优化城市出行结构、有效减少碳排放；其二，布局城市绿色驿站快充网络，持续完善新能源汽车配套,获悉，近日，比亚迪电池与蒙古国首都乌兰巴托市成功签署战略合作谅解备忘录。双方将依托各自资源与技术优势，围绕绿色城市建设开展全方位战略合作，共同推动乌兰巴托市新能源产业升级与低碳城市建设进程。图片来源：弗迪电池据悉，此次合作旨在将乌兰巴托市的城市发展需求与比亚迪电池在新能源领域的全产业链优势深度融合，重点聚焦绿色交通、新能源基建、智慧储能等关键领域推进项目落地，致力于打造中蒙两国绿色城市合作的示范样板。根据备忘录内容，双方明确了四大核心合作方向，以精准赋能城市绿色升级;其一，扩大电动汽车规模化推广应用，进一步优化城市出行结构、有效减少碳排放；其二，布局城市绿色驿站快充网络，持续完善新能源汽车配套基础设施建设；其三，落地电池储能系统（BESS），优化城市能源结构，提升能源利用效率与供电稳定性；其四，落地“Sky Shuttle（云巴）”智慧公共交通项目，依托比亚迪电池技术优势升级城市公共交通体系。比亚迪方面表示，此次签约为双方搭建了长期稳定的战略合作伙伴关系。未来，比亚迪电池将充分发挥在新能源汽车、储能、智慧交通等领域的全产业链优势，结合乌兰巴托市的属地资源与政策支持，持续深化绿色低碳领域务实合作，推动各项合作项目落地见效，助力乌兰巴托市打造绿色、低碳、智慧的现代化城市。来源：盖世汽车网阅读推荐Reading Recommendation加入通讯录加入联盟加入协会企业分布地图活动咨询咨询电话021-61170511,,,,pending
【Science】西安交通大学&香港城市大学：突破织构压电陶瓷的性能上限,AI赋能材料,AI赋能材料,"RIOnews API, 工具方法, 机器学习, AI, 学术研究, 大学, 教授",normal,2026-08-25T18:00:00+08:00,,Ai赋能材料——————————————————2026年8月13日，Science在线发表了西安交通大学李飞教授、李景雷教授、武海军教授、Shuai Yang和香港城市大学Shujun Zhang课题组的研究论文，题目为《Overcoming the performance ceiling of textured piezoelectric ceramics》，论文的第一作者为Jinjing Zhang和Zidong Wang。基于钛酸铅[PbTiO3 (PT)]的铁电陶瓷在已报道的压电材料中具有最高的压电电荷或应变系数（d33）和机电耦合系数（k33）。它们作为关键部件广泛应用于各类压电器,http://mp.weixin.qq.com/s?__biz=Mzg4OTc1MzY5Mw==&mid=2247510859&idx=2&sn=5fe091d83bb24f24178b279d2bb012a0,,Ai赋能材料——————————————————2026年8月13日，Science在线发表了西安交通大学李飞教授、李景雷教授、武海军教授、Shuai Yang和香港城市大学Shujun Zhang课题组的研究论文，题目为《Overcoming the performance ceiling of textured piezoelectric ceramics》，论文的第一作者为Jinjing Zhang和Zidong Wang。基于钛酸铅[PbTiO3 (PT)]的铁电陶瓷在已报道的压电材料中具有最高的压电电荷或应变系数（d33）和机电耦合系数（k33）。它们作为关键部件广泛应用于各类压电器,"Ai赋能材料——————————————————2026年8月13日，Science在线发表了西安交通大学李飞教授、李景雷教授、武海军教授、Shuai Yang和香港城市大学Shujun Zhang课题组的研究论文，题目为《Overcoming the performance ceiling of textured piezoelectric ceramics》，论文的第一作者为Jinjing Zhang和Zidong Wang。基于钛酸铅[PbTiO3 (PT)]的铁电陶瓷在已报道的压电材料中具有最高的压电电荷或应变系数（d33）和机电耦合系数（k33）。它们作为关键部件广泛应用于各类压电器件中，包括医学超声成像和治疗换能器、用于精密控制的压电致动器，以及用于集成电路芯片冷却的压电风扇。现代应用对性能的不断提高提出了严苛要求，包括诊断中更高的分辨率和更深的穿透深度、冷却风扇中更大的振动幅度和更低的功耗，以及制造中更高的精度和更大的工作位移，这些都要求压电材料具有更高的d33和k33值。织构压电陶瓷有望在保留传统陶瓷机械坚固性和成本效益优势的同时，实现单晶级别的超高压电性能，然而经过数十年的努力，其压电性能仍未接近单晶的水平。在此研究中，作者利用织构陶瓷在成分组成上的灵活性——这是相对于单晶的一个关键优势——结合机器学习方法进行了探索。所制备的钐（Sm）掺杂Pb(In1/2Nb1/2)O3-Pb(Sc1/2Nb1/2)O3-PbTiO3织构陶瓷表现出1720皮库仑/牛顿的超高压电系数（d33）和250 °C的居里温度。这些数值与目前最先进的单晶相当，甚至有所超越。原位X射线衍射和瑞利分析表明，其卓越的压电性主要源于本征贡献，而非畴翻转驱动。利用这些织构陶瓷，制造了一款压电加速度计，其不仅灵敏度更高，而且可靠性也显著优于单晶器件。图1 基于机器学习预测的PIN-PSN-PT固溶体性能图2 1.5 mol% Sm掺杂的0.19PIN-0.43PSN-0.38PT织构陶瓷的微观结构图3 Sm掺杂0.19PIN-0.43PSN-0.38PT (1.5Sm-PIN-PSN-PT)织构陶瓷的机电性能图4 Sm掺杂0.19PIN-0.43PSN-0.38PT织构陶瓷中超高压电性起源的分析图5 基于PZT5H陶瓷、PIN-PMN-PT单晶和1.5Sm-PIN-PSN-PT织构陶瓷的悬臂梁式矢量加速度计的设计与性能【论文链接】Zhang, J., Wang, Z., Yang, S. et al. Overcoming the performance ceiling of textured piezoelectric ceramics. Science, 2026. https://doi.org/10.1126/science.aei0475投稿日期：2026年04月17日接收日期：2026年06月16日点击左下角可阅读原文培训与学习【Adv Mater】多校联合！机器学习解锁极化晶格解耦，实现无铅介电陶瓷超高储能突破【计算】Nano Lett.｜山大团队纯计算工作：线偏振光在非磁性范德华异质双层实现光致磁化一键生成查新报告！适用于专利查新、立项申报、成果鉴定…AI 助力凝聚态物理：通用的 Monte Carlo 模拟程序，可模拟 Skyrmions来源：暗梦飘逸醉月 科研任我行注：本公众号秉持学术交流宗旨，所推送内容仅供学习研讨，非商业用途。诚邀材料与人工智能领域的专家学者赐稿，分享“AI+材料”前沿研究成果！本平台对转载、分享的内容、陈述及观点保持中立，不对其准确性、可靠性或完整性提供任何明示或暗示的保证，读者请自行判断并参考，平台不因此承担任何责任。声明：公众号所发布的所有内容（包括文字、图片、视频等）来源于网络或用户投稿，版权归原作者所有。如涉及版权问题，我们将及时处理。投稿邮箱：ai_materials@163.com微信群聊：Ai+材料科研交流群加群方式：添加微信（FC***********），备注：单位-姓名-研究方向，审核后邀请入群编辑备注：2026.08.25 春博士成长营公众号丨AI赋能材料编辑丨春博士（chunboshi）编辑部信息READING BOOKS微信号丨曜忞微信号丨FC***********阅读原文本研究利用织构陶瓷在成分组成上的灵活性——结合机器学习方法进行了探索。所制备的钐（Sm）掺杂Pb(In1/2Nb1/2)O3-Pb(Sc1/2Nb1/2)O3-PbTiO3织构陶瓷表现出1720皮库仑/牛顿的超高压电系数（d33）和250 °C的居里温度。",,,,pending
厦门大学 JACS (IF 16.6) 利用机器学习加速筛选用于水系锌电池的壳层外共溶剂来稳定阴离子衍生界面,AI赋能材料,AI赋能材料,"RIOnews API, 工具方法, 机器学习, AI",normal,2026-08-25T18:00:00+08:00,,"01文章摘要水系锌电池（AZBs）在锌负极上缺乏稳定的阴离子衍生固态电解质界面相（SEI），导致锌沉积与析氢反应（HER）之间存在严重竞争。传统的内鞘共溶剂与 Zn²⁺ 配位较强，会置换配位水并削弱 Zn²⁺-阴离子相互作用，从而在抑制 HER 与形成阴离子衍生 SEI 之间引入关键权衡。本文提出一种外鞘共溶剂策略，通过弱化 Zn²⁺–H₂O 相互作用，进而增强 Zn²⁺-阴离子相互作用。为筛选最优候选物，采用机器学习分子动力学（MLMD），在不牺牲精度的前提下实现比从头算分子动力学（AIMD）约 10⁴ 倍的加速，并从 28 种候选物中筛选出 N,N-二甲基乙酰胺（DMAC）。原位光谱表征进",https://mp.weixin.qq.com/s?__biz=Mzg4OTc1MzY5Mw==&mid=2247510859&idx=1&sn=910ba5af45bc6818bc5cf678ecc84561,,"01文章摘要水系锌电池（AZBs）在锌负极上缺乏稳定的阴离子衍生固态电解质界面相（SEI），导致锌沉积与析氢反应（HER）之间存在严重竞争。传统的内鞘共溶剂与 Zn²⁺ 配位较强，会置换配位水并削弱 Zn²⁺-阴离子相互作用，从而在抑制 HER 与形成阴离子衍生 SEI 之间引入关键权衡。本文提出一种外鞘共溶剂策略，通过弱化 Zn²⁺–H₂O 相互作用，进而增强 Zn²⁺-阴离子相互作用。为筛选最优候选物，采用机器学习分子动力学（MLMD），在不牺牲精度的前提下实现比从头算分子动力学（AIMD）约 10⁴ 倍的加速，并从 28 种候选物中筛选出 N,N-二甲基乙酰胺（DMAC）。原位光谱表征进","01文章摘要水系锌电池（AZBs）在锌负极上缺乏稳定的阴离子衍生固态电解质界面相（SEI），导致锌沉积与析氢反应（HER）之间存在严重竞争。传统的内鞘共溶剂与 Zn²⁺ 配位较强，会置换配位水并削弱 Zn²⁺-阴离子相互作用，从而在抑制 HER 与形成阴离子衍生 SEI 之间引入关键权衡。本文提出一种外鞘共溶剂策略，通过弱化 Zn²⁺–H₂O 相互作用，进而增强 Zn²⁺-阴离子相互作用。为筛选最优候选物，采用机器学习分子动力学（MLMD），在不牺牲精度的前提下实现比从头算分子动力学（AIMD）约 10⁴ 倍的加速，并从 28 种候选物中筛选出 N,N-二甲基乙酰胺（DMAC）。原位光谱表征进一步揭示，DMAC 重构了溶剂化环境，促进去溶剂化并缓解固有阴离子匮乏界面的形成。因此，该策略促进阴离子衍生 SEI 的生成，协同抑制 HER。DMAC 电解液在 Zn||Cu 电池中表现出高库仑效率（950 圈内 99.3%），并在 Zn||I₂ 全电池中实现长循环稳定性（12,000 圈）。除提供合理的电解液设计外，本工作还表明，MD 模拟重塑了从材料调控到性能反馈的传统闭环，而 ML 的集成加速了筛选过程。针对体相与界面溶剂化结构的差异，基于动态界面过程的反馈回路可调节 MLMD 参数，从而实现更精确的性能调控。02主要图例Figure 1 两种共溶剂策略完全或部分实现四种溶剂化调控途径。在常规电解液（左）中，强 Zn²⁺–H₂O 配位主导溶剂化壳层，导致界面水富集，HER 在热力学上可发生且在动力学上与 Zn 沉积竞争。调控溶剂化环境可有效解决上述问题。具体而言，（i）降低 H₂O 数量，（ii）调节界面氢键网络，（iii）促进去溶剂化，（iv）构筑阴离子衍生 SEI，均通过多种路径抑制 HER。共溶剂通过调节离子对相互作用，大体分为内鞘和外鞘两类。内鞘共溶剂（右上）通过减少配位水分子并调节界面氢键网络来调控 Zn²⁺ 一次溶剂化结构，从而抑制 HER，通常实现（i）和（ii）。外鞘共溶剂（右下）重构界面氢键网络，弱化 Zn²⁺–H₂O 配位，促进阴离子参与溶剂化壳层。这种对配位水分子的部分替换增强了 Zn²⁺-阴离子相互作用，促进去溶剂化和阴离子衍生 SEI 形成，共同抑制 HER，通常实现（i）、（ii）、（iii）和（iv）。Figure 2 通过 MLMD 模拟筛选有机共溶剂。（a）通过构建电解液的 ML 势函数，MLMD 将局域原子环境映射为能量和力，将模拟扩展至更大体系和更长时间尺度。Zn²⁺ 的局域配位环境作为关键描述符——最小 Zn²⁺-共溶剂配位和适度的 Zn²⁺-阴离子配位——用于评估固定体积分数 15% 下六大类溶剂（酰胺、醚、腈、醇、酯、砜）中的 28 种共溶剂候选物。利用训练良好的 ML 势，MLMD 实现了大幅计算加速（较 AIMD 约 10⁴ 倍）且保持从头算精度，支持高通量评估。（b）28 种有机候选物的筛选结果，确定 DMAC 为最优共溶剂。x 轴为 Zn²⁺–O（共溶剂）平均配位数，y 轴为 Zn²⁺–O（OTf⁻）平均配位数。Figure 3 外鞘共溶剂的引入降低 Zn²⁺–H₂O 配位。（a）由 MD 模拟得到的 DMAC 电解液 3D 快照，虚线框为 Zn²⁺ 溶剂化结构的部分放大图。（b）BE 和 DMAC 电解液中 Zn²⁺–O（H₂O）的 RDF 及对应 CN，表明 DMAC 引入后 Zn²⁺–O（H₂O）配位减弱。（c）BE 和 DMAC 电解液的 ¹H NMR 谱图。插图：DMAC 引入重构了氢键网络。（d）Zn 箔、BE 和 DMAC 的归一化 Zn K 边 XANES 谱。插图：放大图。（e）BE 和 DMAC 的 EXAFS R 空间谱（上）；BE 和 DMAC 的 EXAFS 小波变换图（下）。（f）水分子局域氢键网络示意图。DAA 和 DDAA 对应 S—H，DA、DDA 和 free OH 对应 W—H。氢键强度随波数/拉曼位移增大而减弱。（g）BE（上）和 DMAC（下）中 H₂O 伸缩振动的去卷积谱。饼图显示 W—H（紫色）和 S—H（黄色）的面积分数。Figure 4 界面溶剂化结构的动态演化。（a）Zn 沉积过程中 BE 和 DMAC 电解液的原位 FTIR 光谱，展示溶剂化 H₂O 的界面动态演化。基线谱 A(t₀) 在无电流下采集，后续谱 A(t) 在恒流条件下记录。相对吸光度变化 ΔA(t)=A(t)-A(t₀) 追踪 BE 和 DMAC 电解液的演化。插图：Zn 沉积与界面 H₂O 还原的竞争。在光谱响应特征上，Zn²⁺ 去溶剂化表现为 IR 活性，而 H₂O 还原表现为 IR 非活性。（b）OTf⁻ 的 SO₃ 对称伸缩振动。插图：为恢复电荷中性，解离的 OTf⁻ 阴离子在电场下迁移并重新分布，导致界面 OTf⁻ 浓度逐渐降低。（c）O—H 伸缩振动的去卷积谱。上图显示 1 M（低浓度）与 4 M（高浓度）的差谱，进一步反映去溶剂化程度。下图显示 Zn 沉积过程中 600 s 时 BE 和 DMAC 的光谱，阴影区标示 W—H 和 S—H 物种。（d）峰值统计图量化这些差异。（e）对称电池中还原过程的 LSV 曲线，扫速 0.1 mV·s⁻¹。插图：BE 和 DMAC 中 Zn 电极的 Tafel 极化曲线。（f）OEMS 监测对称电池放电（Zn 剥离）和充电（Zn 沉积）过程中的 H₂ 析出量。Figure 5 外鞘共溶剂引入增强阳离子-阴离子相互作用，促进阴离子衍生 SEI 形成。（a）BE 和 DMAC 中 OTf⁻ 的 ¹⁷O NMR 化学位移。插图：DMAC 加入促进阳离子-阴离子相互作用。（b）BE 和 DMAC 中 Zn²⁺–O（OTf）的 RDF 及对应 CN。（c）BE 和 DMAC 的 WAXS 谱。插图：2D WAXS 图像。（d）Zn 沉积过程（50–600 s）中 BE（蓝）和 DMAC（红）电解液内 OTf⁻ 对称 SO₃ 伸缩的原位 FTIR 谱。右侧为一阶导数谱，虚线标记峰位。SO₃ 峰的逐渐位移以黄色区域高亮。（e）SO₃ 伸缩峰位演变。左：浓（4 M）至稀（1 M）电解液的位移；右：BE 与 DMAC 对比。DMAC 中峰位移（Δ=0.5 cm⁻¹）较 BE（Δ=1.5 cm⁻¹）显著减小。（f）在 BE 电解液（左）中，强 Zn²⁺–H₂O 配位和持续的界面水富集导致 Zn 沉积失控和严重副反应，表现为显著析氢和不规则形貌。在 DMAC 电解液（右）中，外鞘共溶剂重构界面氢键网络并调控溶剂化结构，增强阳离子-阴离子相互作用，促进稳定阴离子衍生 SEI 形成。（g）BE（上）和 DMAC（下）中 Zn||Zn 对称电池第 5 至 40 圈的原位 DRT 曲线（1 mA cm⁻²，1 mAh cm⁻²）。高频区 RSEI 和低频区 Rct 分别对应界面电阻和电荷转移电阻。BE 中随循环出现明显且演变的特征，而 DMAC 保持较弱强度，表明界面过程更稳定。插图：BE 和 DMAC 中 ZnF⁻ 和 ZnO⁻ 的 3D TOF-SIMS 面分布图。DMAC 形成的 SEI 中 ZnO 和 ZnF₂ 分布均匀，界面层更致密。（h）BE 和（i）DMAC 中 Zn||Zn 对称电池在 1 mA cm⁻²、1 mAh cm⁻² 下循环 50 圈后 Zn 负极的 SEM 图像。Figure 6 对称电池和全电池的电化学性能。（a）Zn||Zn 对称电池的 Zn 沉积/剥离稳定性（1 mA cm⁻²，1 mAh cm⁻²）。Zn||Cu 非对称电池的 Zn 沉积/剥离可逆性：（b）1 mA cm⁻²，1 mAh cm⁻²；（c）1 mA cm⁻²，2.5 mAh cm⁻²。（d）基于 Aurbach 方案的 Zn||Cu 电池在 BE 和 DMAC 中的 CE。（e）DMAC 中 Zn||ZnₓV₂O₅ 全电池在 3.0 A g⁻¹ 下的长循环性能。（f）Zn||I₂ 全电池在 2.0 A g⁻¹ 下的电化学性能。插图：与已报道结果的循环稳定性对比。DMAC 电解液实现了更高的可逆性和更长的循环稳定性。Figure 7 增强型“反馈-调控”闭环的前瞻。对材料的深入理解使得提取关键输入参数成为可能，这些参数输入 MD 模拟，重塑了传统研究循环，同时 ML 显著加速筛选效率。证据-1：Tafel、LSV、SIMS、cryo-EM 和 OEMS 表征表明副反应被抑制。证据-2：NMR、振动光谱和体相 MD 模拟验证了目标体相电解液构型的实现。这些证据的共同局限性在于：电池性能是设计合理性的最佳“证明”。最终，界面行为决定性能。证据-3：原位 ATR-SEIRAS 和界面 MD 模拟捕捉界面动态演化，证实所设计的体相电解液构型影响界面行为。但体相电解液构型是否能保持在界面仍不确定。一旦体相与界面构型呈负相关，则触发新的闭环：界面行为提供反馈以调节 MLMD 输入参数，迭代调控直至恢复正相关，从而实现更精确的调控。03主要结论本工作报道了一种外鞘共溶剂策略，通过弱化 Zn²⁺–H₂O 相互作用来调控溶剂化环境，以利于 Zn 沉积并抑制 HER。同时，增强的 Zn²⁺-阴离子相互作用促进阴离子优先分解和稳定阴离子衍生 SEI 的形成，最终提升界面稳定性。这种双重调控是外鞘共溶剂策略的核心。为克服广阔化学空间中共溶剂候选物筛选的低效和经验性，我们采用 MLMD 加速模拟，在保持从头算精度的同时高效筛选共溶剂，实现约 10⁴ 倍于 AIMD 的计算加速。通过该流程，从 28 种候选共溶剂中筛选出 DMAC。先进光谱表征证实 DMAC 处于 Zn²⁺ 一次溶剂化壳层之外，与 MLMD 模拟结果一致。原位光谱进一步揭示，DMAC 重构了界面氢键网络并调控了溶剂化环境，从而促进去溶剂化并缓解去溶剂化过程中固有的阴离子匮乏界面。因此，该策略促进了阴离子衍生 SEI 的形成，而热力学与动力学效应的协同作用有效抑制了 HER。DMAC 电解液表现出优异的电化学性能：Zn||Cu 电池中 950 圈库仑效率达 99.3%，Zn||I₂ 全电池中稳定循环超过 12,000 圈。综上所述，我们提出了一种外鞘共溶剂策略，其中 MLMD 加速了共溶剂筛选，用于构建支持稳定可逆 Zn 沉积/剥离的电解液体系。最终，本质在于理解材料，因为动态界面过程决定性能。本工作中，体相与界面溶剂化结构呈正相关。当该相关性为负时，建立新的闭环，其中动态界面过程提供反馈以调节 MLMD 输入参数，从而实现更精确的调控。因此，本工作为复杂电解液体系的理性设计建立了一个可推广的范式，并广泛适用于其他金属负极（如 Li、Na、Mg）。04原文链接",,,,pending
固态电池“隐形杀手”现形： 孙学良院士NatureEnergy重磅发现背后的全球竞赛图谱,SMM固态电池,SMM固态电池,"RIOnews API, 固态电池, 硫化物电解质, 聚合物电解质, 全固态, 合作进展, 投资, 合作, 学术研究, 大学, 教授, 科学院, 期刊",normal,2026-08-25T18:00:00+08:00,,要点：孙学良院士团队《Nature Energy》发文揭示：固态电解质电子电导率（10⁻⁸~10⁻⁹ S/cm）较商用隔膜高6~7个数量级，减薄至20μm时月容量损失达94.5%。全固态电池自放电率对标液态锂电需电子电导率≤10⁻¹² S/cm，当前主流材料均未达标，挑战了学界长期忽略该参数的默认假设。2026年8月24日，宁波东方理工大学孙学良院士王长虹教授团队联合西安交通大学、浙江大学等机构，在能源领域顶刊《NatureEnergy》发表重磅分析文章，首次系统揭示了一个被学界长期忽视的致命问题：当前主流无机固态电解质的电子电导率普遍在10⁻⁸~10⁻⁹Scm量级，较商业化聚合物隔膜（10⁻,http://mp.weixin.qq.com/s?__biz=MzA5Mjg4MDczMw==&mid=2448107854&idx=1&sn=7fafd393bb39a8c987d4913fe801b290,,要点：孙学良院士团队《Nature Energy》发文揭示：固态电解质电子电导率（10⁻⁸~10⁻⁹ S/cm）较商用隔膜高6~7个数量级，减薄至20μm时月容量损失达94.5%。全固态电池自放电率对标液态锂电需电子电导率≤10⁻¹² S/cm，当前主流材料均未达标，挑战了学界长期忽略该参数的默认假设。2026年8月24日，宁波东方理工大学孙学良院士王长虹教授团队联合西安交通大学、浙江大学等机构，在能源领域顶刊《NatureEnergy》发表重磅分析文章，首次系统揭示了一个被学界长期忽视的致命问题：当前主流无机固态电解质的电子电导率普遍在10⁻⁸~10⁻⁹Scm量级，较商业化聚合物隔膜（10⁻,要点：孙学良院士团队《Nature Energy》发文揭示：固态电解质电子电导率（10⁻⁸~10⁻⁹ S/cm）较商用隔膜高6~7个数量级，减薄至20μm时月容量损失达94.5%。全固态电池自放电率对标液态锂电需电子电导率≤10⁻¹² S/cm，当前主流材料均未达标，挑战了学界长期忽略该参数的默认假设。2026年8月24日，宁波东方理工大学孙学良院士王长虹教授团队联合西安交通大学、浙江大学等机构，在能源领域顶刊《NatureEnergy》发表重磅分析文章，首次系统揭示了一个被学界长期忽视的致命问题：当前主流无机固态电解质的电子电导率普遍在10⁻⁸~10⁻⁹Scm量级，较商业化聚合物隔膜（10⁻¹⁵~10⁻¹⁸Scm）高出6~7个数量级。更令人震惊的是，当电解质厚度从实验室常用的1000μm缩减至实用化所需的20μm时，电池静置1个月的容量损失从3.9%飙升至94.5%。要使全固态电池自放电率对标商用锂离子电池（月自放电率＜2.5%），固态电解质的电子电导率需降至约10⁻¹²Scm，而目前所有主流无机固态电解质均未达标。这一发现直接挑战了学界长期以来“固态电解质电子电导率可以被忽略”的默认假设。在固态电池产业化进入关键冲刺期的当下，孙学良团队的这项研究无异于一声警钟——当全球都在追逐离子电导率的数字竞赛时，电子电导率这个“隐形杀手”正在悄无声息地吞噬全固态电池的商业化前景。一、国内阵营：院士领衔，多路并进中国无疑是全球固态电池研究最活跃的阵地，形成了以多位院士领衔、覆盖多种技术路线的科研矩阵。孙学良院士团队无疑是近期曝光度最高的存在。这位宁波东方理工大学讲席教授、中国工程院外籍院士，同时身兼加拿大工程院院士和加拿大皇家科学院院士，已建立覆盖固态锂电全产业链的创新团队和实验平台。除本次NatureEnergy发文外，2025年10月，该团队与美国马里兰大学莫一非教授团队合作，在《Science》上发表新型超离子导体Li₃Ta₃O₄Cl₁₀的研究成果，刷新了卤化物基固态电解质的室温离子电导率纪录，达到13.7mScm，并在零下50摄氏度极端环境下实现了优异循环稳定性。孙学良团队在硫化物、氧化物、卤化物三大类固态电解质上均有布局，是目前国内在顶级期刊上发文最密集的固态电池研究团队之一。陈立泉院士是中国固态电池产业化的重要推手。作为中国工程院院士，陈立泉与中科院物理所研究员李泓共同创办了卫蓝新能源。近期，陈立泉院士团队主导的先进方形全固态电池产业化项目在苏州签约落地，首期建设0.2GWh电芯中试线和4GWhPACK产线，目标产品能量密度400-600Whkg，力争两年实现量产。从实验室到中试再到量产，陈立泉团队走的是一条“科研+产业”双轮驱动的路径。陈军院士团队聚焦高比能方向。这位中国科学院院士带领团队研发的富锂锰基固态锂电池能量密度已超过600Whkg，装车测试电池密度达530Whkg，零摄氏度下实测续航超过1000公里。从400Whkg到600Whkg，陈军团队在能量密度这条赛道上不断刷新纪录。孙世刚院士团队则在复合固态电池的有机-无机界面研究上取得重要进展。厦门大学孙世刚院士团队通过溶胶-凝胶法在LLZTO表面构建了基于FeF₃的阴离子捕获界面，复合固态电解质在25℃下离子电导率达1.1×10⁻⁴Scm，与LiFePO₄正极匹配后在1.0C条件下600次循环后容量保持率高达96%。丁文江院士团队则在锂枝晶这个固态电池的“老大难”问题上取得突破。上海交大丁文江院士团队董杰教授课题组刘传来副教授于2026年4月在《Nature》发文，首次从纳米到微米尺度揭示了锂枝晶在固态电解质中的应力驱动生长机制。此外，崔光磊研究员团队在聚合物柔性固态电解质领域成果显著，其“聚合物柔性固态电解质锂电池及其深海应用”项目获2025年度中国石油和化学工业联合会技术发明一等奖，两台套1000kWh级深海储能系统已实现持续6个多月无故障应用。康飞宇教授、贺艳兵教授团队联合天津大学杨全红教授团队，为固态锂金属电池构建出“外柔内刚”的梯度结构。二、国际视角：日韩领跑产业化，欧美深耕基础研究在国际舞台上，固态电池的竞争格局呈现出“日韩领跑产业化、欧美深耕基础研究”的鲜明特征。日本是固态电池产业化的急先锋。丰田、本田、日产等车企的全固态电池小规模试产进度小幅领先，日系厂商的车规产品已在部分性能指标上得到验证确认，正加速推进车载全固态电池模组的性能评估。2026年上半年，日韩领先厂商试点工程线的全固态电池样品性能验证取得突破。韩国方面，三星SDI等厂商同样在加速全固态电池的工程化验证。欧美则在基础研究上持续发力。英国PeterG.Bruce院士团队在《NatureEnergy》上提出通过致密化硫化物电解质Li₆PS₅Cl的方法，在99%致密度下实现9mAcm²的无枝晶沉积电流。德国慕尼黑工业大学researchers开发出由锂、锑、钪组成的新材料，锂离子传导速度比此前已知的任何材料快30%以上。美国劳伦斯伯克利国家实验室团队发现了“弹道离子传输”现象，在室温下实现了10-100倍的导电率提升。香港科技大学金允燮教授团队则合成了单晶三维硼酸盐共价有机框架（B-COF）作为固态电解质，室温离子电导率达8.1mScm，锂离子迁移数高达0.98。三、固态电池预测和小结据SMM预测，2030年全固态电池渗透率约为0.15%，2035年可能达到约10%。电子电导率-被忽视的“最后一公里”回到孙学良团队的最新发现。当电解质从1000μm减薄至20μm时，94.5%的容量损失意味着什么？意味着即便离子电导率做到了极致，如果电子电导率这个“隐形杀手”不被驯服，全固态电池的商业化仍将遥遥无期。从陈立泉的产业化落地到陈军的600Whkg突破，从孙学良的NatureScience双杀到丁文江的枝晶机制揭示，中国在固态电池领域已经形成了从基础研究到工程验证的完整创新链条。但孙学良团队这项研究的启示在于：在追逐离子电导率“更高、更快”的同时，我们不能忽视电子电导率这个“更隐蔽”的维度。10⁻¹²Scm这个数字，或许才是全固态电池真正走向商用的“及格线”。【SMM固态电池专区】https://new-energy.smm.cn/new_energy/151036文章说明本文基于公开信息、公司公告及行业分析整理而成，旨在提供信息参考，不构成任何投资建议。固态电池技术仍在快速发展中，请读者以最新官方发布信息为准。SMM预测2028年全固态电池出货量2.7GWh，固液电池出货量160GWh。2030年全球锂离子电池市场需求量6TWh，全球固态电池的渗透率在1.5‰左右。2035年全球锂离子电池10TWh，固态电池的渗透率或将10%，达1T。三会同启，2026SMM成都锂电池原材料 | 负极 | 固态年会最新展商合集全球首项固态电池国际标准立项中国既技术领跑又规则制定美国Anthro Energy肯塔基工厂奠基 聚合物电解质固态电池布局解析深安锂能兴智造基地启航 产学研新势力固态电池布局宁波东方理工大学孙学良院士王长虹教授团队联合西安交通大学、浙江大学等机构，在《NatureEnergy》发表文章：无机固态电解质的电子电导率普遍在10⁻⁸~10⁻⁹Scm量级，较商业化聚合物隔膜（10⁻¹⁵~10⁻¹⁸Scm）高出6~7个数量级。,,,,pending
锂盐企业中报业绩最高增11倍！,电池中国,电池中国,"RIOnews API, 新材料, 碳, 信息披露, 年报, 披露, 宁德时代, 储能, 碳酸锂, 电解液, 出货, 产能, 新增产能, GWh, 长协, 亏损, 海外, 落地",normal,2026-08-25T18:00:00+08:00,,截至8月24日，已有20余家涉及锂矿、锂盐业务的企业，披露其2026半年报、业绩快报、业绩预告。锂盐企业上半年盈利迎来大幅修复，11家企业上半年净利润突破10亿元，其中盐湖股份、西部矿业、赣锋锂业、藏格矿业净利润均超30亿元。\x0a\x26amp;nbsp;\x0a增速方面，今年上半年，中矿资源净利润11.11亿元，同比增长1146.81%；融捷股份净利润10.02亿元，同比增长1076.14%；盐湖股份、西部矿业等企业实现业绩翻倍。此外，赣锋锂业、天华新能等多家企业扭亏为盈。值得注意的是，尽管受下游市场需求激增，带动锂矿、锂盐供需格局发生逆转，但仍有部分企业亏损，板块内部分化依旧显著。\x,http://mp.weixin.qq.com/s?__biz=MzA3MzY0OTIzMQ==&mid=2661850448&idx=1&sn=ff2ad8223c5134b508ec34ab4b629a3a,,截至8月24日，已有20余家涉及锂矿、锂盐业务的企业，披露其2026半年报、业绩快报、业绩预告。锂盐企业上半年盈利迎来大幅修复，11家企业上半年净利润突破10亿元，其中盐湖股份、西部矿业、赣锋锂业、藏格矿业净利润均超30亿元。\x0a\x26amp;nbsp;\x0a增速方面，今年上半年，中矿资源净利润11.11亿元，同比增长1146.81%；融捷股份净利润10.02亿元，同比增长1076.14%；盐湖股份、西部矿业等企业实现业绩翻倍。此外，赣锋锂业、天华新能等多家企业扭亏为盈。值得注意的是，尽管受下游市场需求激增，带动锂矿、锂盐供需格局发生逆转，但仍有部分企业亏损，板块内部分化依旧显著。\x,截至8月24日，已有20余家涉及锂矿、锂盐业务的企业，披露其2026半年报、业绩快报、业绩预告。锂盐企业上半年盈利迎来大幅修复，11家企业上半年净利润突破10亿元，其中盐湖股份、西部矿业、赣锋锂业、藏格矿业净利润均超30亿元。\x0a\x26amp;nbsp;\x0a增速方面，今年上半年，中矿资源净利润11.11亿元，同比增长1146.81%；融捷股份净利润10.02亿元，同比增长1076.14%；盐湖股份、西部矿业等企业实现业绩翻倍。此外，赣锋锂业、天华新能等多家企业扭亏为盈。值得注意的是，尽管受下游市场需求激增，带动锂矿、锂盐供需格局发生逆转，但仍有部分企业亏损，板块内部分化依旧显著。\x0a\x26amp;nbsp;\x0a此轮锂盐企业盈利大幅修复，首先受益于上半年动力电池、储能终端需求高景气。\x0a\x26amp;nbsp;\x0a数据显示，上半年国内动力电池出货约630GWh，同比增长超30%，储能电池出货超480GWh，同比更是高增80%。电池厂排产上行，头部企业满产满销，对锂盐采购需求集中释放，锂盐企业出货情况持续改善，共同推高整体业绩。\x0a\x26amp;nbsp;\x0a在此背景下，带动碳酸锂量价共振。\x0a\x26amp;nbsp;\x0a数据显示，今年年初碳酸锂期现价格企稳后上行，5月触及20万元/吨的阶段高点，虽然6月出现回落，但上半年价格中枢较去年同期明显抬升。伴随盐湖路线新增产能持续释放，行业企业产销量同步走高，直接带动毛利修复。\x0a\x26amp;nbsp;\x0a同时，头部企业内部经营策略优化，也成为利润放大器。据市场消息，盐湖股份采用“长协锁量+双周定价+点价”的销售机制，搭配套期保值操作，以此适配锂价剧烈波动的市场环境。\x0a\x26amp;nbsp;\x0a资源参股模式同样带来可观的利润增量，以西部矿业为例，其直接或间接持有青海锂资源企业股权，依托青海本地锂资源禀赋，助力其业绩翻倍。\x0a\x26amp;nbsp;\x0a7月以来，市场博弈焦点转向供给端变量。海外澳洲、津巴布韦锂矿发运逐步恢复，锂精矿到港量有所抬升，但8月部分锂精矿到港情况不及预期。国内方面，宁德时代枧下窝锂云母矿环评进入拟受理阶段，复产进度成为市场核心观察指标之一，若顺利落地将改变未来国内锂资源供给格局，但短期仍存在审批流程周期等制约。\x0a\x26amp;nbsp;\x0a目前，下游动力电池、储能旺季需求逐步启动，而部分锂盐厂进入检修期，减产预期升高。接下来，海外矿到港节奏、国内矿山复产进度、下游排产将共同影响锂价走势。对于锂电正极、电解液、电芯企业而言，具备资源配套、长协锁价优势的中下游企业，有望在锂盐紧平衡周期，显示出盈利韧性，并拉开与无资源储备、被动接受市价采购企业的业绩差距。\x0a\x0a更多电池产业链资讯，请关注\x26lt;a href=\x26quot;https://mp.weixin.qq.com/mp/readtemplate?t=pages/link_mid_jump\x26amp;amp;biz=MzA3MzY0OTIzMQ==\x26quot; target=\x26quot;_blank\x26quot; class=\x26quot;js_mention_entry wx_at_link\x26quot; data-biz=\x26quot;MzA3MzY0OTIzMQ==\x26quot; data-username=\x26quot;gh_f6dae38c552f\x26quot;\x26gt;@电池中国\x26lt;/a\x26gt;,,,,pending
Nature解读寒武纪地层样品：适合材料内部三维连通结构的无损检测——CT测试,科学指南针-测试万事屋,科学指南针-测试万事屋,"RIOnews API, 前沿表征, 原位, 工况",normal,2026-08-25T18:00:00+08:00,,CT测试广泛应用于电池与储能器件、金属增材制造构件、焊点和涂层、岩石与矿物、陶瓷、复合材料、电子封装、多孔催化载体、高分子泡沫、药物颗粒、骨/牙等硬组织和古生物化石等。它的核心价值在于把内部不可见结构转化为空间定量结果：孔隙在哪里，裂纹如何连通，颗粒是否接触，界面是否脱粘，缺陷在什么工况下产生，以及这些结构变化如何影响传输、强度、容量和安全性。科学指南针的CT测试提供从方案设计、执行落地到数据分析的全流程支持方法简介CT测试时，样品在旋转台上逐角度采集投影图像，通过滤波反投影或迭代重建获得三维体数据。经过束硬化校正、环状伪影处理、噪声抑制和分割，可以将活性材料、导电剂、孔隙、裂纹、金属颗粒、矿,http://mp.weixin.qq.com/s?__biz=MzkzMDExNDcyNg==&mid=2247756637&idx=1&sn=90efa2e8b5793eb4d545d72f752c8ee4,,CT测试广泛应用于电池与储能器件、金属增材制造构件、焊点和涂层、岩石与矿物、陶瓷、复合材料、电子封装、多孔催化载体、高分子泡沫、药物颗粒、骨/牙等硬组织和古生物化石等。它的核心价值在于把内部不可见结构转化为空间定量结果：孔隙在哪里，裂纹如何连通，颗粒是否接触，界面是否脱粘，缺陷在什么工况下产生，以及这些结构变化如何影响传输、强度、容量和安全性。科学指南针的CT测试提供从方案设计、执行落地到数据分析的全流程支持方法简介CT测试时，样品在旋转台上逐角度采集投影图像，通过滤波反投影或迭代重建获得三维体数据。经过束硬化校正、环状伪影处理、噪声抑制和分割，可以将活性材料、导电剂、孔隙、裂纹、金属颗粒、矿,"CT测试广泛应用于电池与储能器件、金属增材制造构件、焊点和涂层、岩石与矿物、陶瓷、复合材料、电子封装、多孔催化载体、高分子泡沫、药物颗粒、骨/牙等硬组织和古生物化石等。它的核心价值在于把内部不可见结构转化为空间定量结果：孔隙在哪里，裂纹如何连通，颗粒是否接触，界面是否脱粘，缺陷在什么工况下产生，以及这些结构变化如何影响传输、强度、容量和安全性。科学指南针的CT测试提供从方案设计、执行落地到数据分析的全流程支持方法简介CT测试时，样品在旋转台上逐角度采集投影图像，通过滤波反投影或迭代重建获得三维体数据。经过束硬化校正、环状伪影处理、噪声抑制和分割，可以将活性材料、导电剂、孔隙、裂纹、金属颗粒、矿物相或生物硬组织区分开来。根据样品尺寸和研究目标，可以选择实验室CT测试、纳米CT或同步辐射X射线显微/纳米CT。电池、金属构件、岩石和复合材料还可以设计原位循环、压实、拉伸、压缩、热处理、冻融或腐蚀环境，获得“工况-结构-性能”的时间序列。能力边界三维结构重构：观察样品内部的层状结构、孔隙、裂纹、颗粒、界面和缺陷。缺陷定量：计算孔隙率、孔径分布、连通孔比例、曲折度、裂纹体积、裂纹取向和空间聚集区。接触关系分析：输出活性材料-导电剂、电极-电解质、颗粒-颗粒或金属颗粒之间的接触面积和脱粘位置。原位追踪：在拉伸、烧结、扭转、围压、驱替等过程中记录缺陷萌生、扩展、闭合和结构重排。多相分割与统计：依据灰度、吸收差异或机器学习分割多组分结构，形成体积分数和空间分布结果。结果适用边界：CT测试主要依赖X射线吸收差异；当相邻相密度和元素组成接近时，需要同步辐射或与XRD、XAFS、球差电镜联用。适用材料类型1.电池、能源和多孔功能材料全固态电池、锂离子电池、钠离子电池、金属电池和软包/扣式电池组件；高载量电极、厚电极、复合正极、硅基负极、金属锂/钠负极、固态电解质和隔膜；多孔催化载体、膜电极、多孔集流体、储氢材料和过滤膜。2.金属、地质、工程和生物硬组织材料增材制造金属、铸造合金、泡沫金属、焊点、互连、涂层和腐蚀后构件；疲劳、拉伸、压缩、冲击、热循环和服役失效后的工程材料；砂岩、页岩、煤、碳酸盐岩、火山岩、矿石、尾矿、矿物包裹体和渗流通道；陶瓷、金属-陶瓷复合材料、碳纤维复合材料、电子封装、芯片互连和仿生多孔结构；骨、牙、贝壳、化石和矿化复合材料。送样要求原位烧结CT样品要求：1. 粉末粒径50μm以上，100μm以上，测试效果会更好；2. 样品密度要小于6g/cm3；3. 烧结坩埚直径为3mm，样品高度不可超过2mm。拍摄前先上透射电镜进行筛样。原位拉伸/压缩CT样品要求：1. 最少要准备3个样品；2. 不同样品类型要求具体如下：原位扭转CT样品要求：解决的科学问题全固态电池固-固界面失效：判断副反应层、接触损失、孔隙和裂纹如何耦合，解释短路、极化和循环衰减。高载量电极的三维传输：量化孔隙连通性、颗粒接触和电解液可达区域，解释厚电极中的离子/电子传输限制。金属增材制造缺陷：追踪孔洞、未熔合、裂纹和熔池缺陷的三维分布，建立工艺参数与缺陷风险之间的关系。多孔地质介质渗流：量化孔喉、裂纹和连通网络，解释储层渗透率、注入响应和水-岩反应前后的结构变化。复合材料与电子封装可靠性：识别纤维断裂、树脂孔隙、焊点空洞、界面脱粘和封装裂纹，解释热循环和机械载荷下的失效路径。古生物与矿化组织三维形态：在不破坏稀有样品的前提下重建内部腔体、骨架和生物矿化结构。论文解读X射线断层显微成像重建寒武纪苔藓动物骨架SONG B P, ZHANG Z F, STROTZ L C, et al. High-fidelity modular skeletons authenticate a Cambrian origin for Bryozoa[J]. Nature, 2026, 656(8126): 123-128. DOI:10.1038/s41586-026-10590-9. Nature主刊，JCR Q1，IF=56.1。材料：寒武纪地层中保存的磷酸盐化苔藓动物化石与碳酸盐岩样品。方法：X射线计算机断层成像与扫描电子显微镜联合，用三维重构观察囊状结构、骨架腔体和群体生长形态。核心结果：研究在毫米级化石内部识别出保存完好的模块化骨架和软体相关结构，通过截面与三维模型支撑苔藓动物起源时间的判断。科学含义：CT测试可以在不破坏珍贵地质样品的条件下，把内部腔体、连通通道和复杂骨架形态转化为可测量的三维证据。利用CT测试，对新型苔藓虫化石进行三维重构及内部结构（如虫室、垂直壁等）无损可视化分析成像。推荐联用测试CT测试+FIB+SEM+TEM：面向金属增材制造件、焊点、腐蚀层、电池颗粒和地质样品，先用CT定位三维缺陷，再用FIB定点截取微区，解决缺陷微观起源问题。CT测试+原位XRD：面向电池电极、金属沉积和相变材料，把三维裂纹、孔隙和接触变化与晶相、晶格参数和相分数对应，解决结构损伤与晶体相变的先后关系。CT测试+同步辐射XAFS：面向金属氧化物、电催化电极和电池界面，把三维结构变化与工作态价态、局部配位和键长变化对应，解决结构重构与化学重构的耦合问题。CT测试+XRD：面向多相岩石、矿物、陶瓷和复合材料，把三维孔隙结构与整体物相组成、晶格参数和相含量联动，解决结构-物相-性能之间的关系。CT测试+球差校正透射电子显微镜：面向电池界面、催化剂载体和复合材料，CT给出宏观三维缺陷，球差电镜解析局部原子结构，解决“缺陷位置”和“缺陷化学本质”的衔接问题。【科学指南针测试案例】科学指南针在电池电极、金属构件、焊点、涂层、岩石孔隙、矿物颗粒和复合材料等领域的CT测试中，已经积累了多类样本经验。针对不同材料体系，我们可以从样品尺寸、固定方式、扫描视野、分辨率和灰度分割策略，到三维重构、孔隙/裂纹/接触面积统计及FIB-TEM、原位XRD、同步辐射XAFS后表征建议做联合规划，减少客户在前期方案沟通中的试错成本。扫码添加工程师咨询",,,,pending
【资讯】又一电池企业宣布涨价！,旺材锂电,旺材锂电,"RIOnews API, 新材料, 电池材料, 碳, 固态电池, 长时储能, 液流电池, 钠离子电池, 合作进展, 投资, 合作, 量产推进, 产能, 扩产, 宁德时代, 亿纬锂能, 亿纬, 中创新航, 国轩高科, 国轩, 欣旺达, 力神, 力神电池, 磷酸铁锂, 铁锂, 储能, 碳酸锂, 正极材料, 交付, 新增产能, 订单, 政策, 发布, 推出, 落地",normal,2026-08-25T17:25:39+08:00,,你已选中了添加链接的内容点击蓝字关注旺材锂电关注公众号，点击公众号主页右上角“ · · · ”，设置星标，实时关注锂电最新资讯 来源：锂电派近日，力神电池（苏州）有限公司（简称：力神电池）发布《关于锂离子蓄电池消费税成本调整的客户联络函》，对公司产品价格作出调整。联络函显示，本次调价主要基于财政部、海关总署、税务总局发布的《关于调整部分电池消费税政策的公告》，公告显示自2026年9月1日起，对锂离子蓄电池按照2%税率征收消费税；自2027年9月1日起，对锂离子蓄电池按照4%税率征收消费税。经公司研究决定，将按该政策调整产品价格，并同步传导新增消费税成本，具体安排函告如下：1、2026年9月1日,http://mp.weixin.qq.com/s?__biz=MzI0ODc5NTQ4NQ==&mid=2247627239&idx=2&sn=b25763739fa6e2d5f147368b99ad2344,,你已选中了添加链接的内容点击蓝字关注旺材锂电关注公众号，点击公众号主页右上角“ · · · ”，设置星标，实时关注锂电最新资讯 来源：锂电派近日，力神电池（苏州）有限公司（简称：力神电池）发布《关于锂离子蓄电池消费税成本调整的客户联络函》，对公司产品价格作出调整。联络函显示，本次调价主要基于财政部、海关总署、税务总局发布的《关于调整部分电池消费税政策的公告》，公告显示自2026年9月1日起，对锂离子蓄电池按照2%税率征收消费税；自2027年9月1日起，对锂离子蓄电池按照4%税率征收消费税。经公司研究决定，将按该政策调整产品价格，并同步传导新增消费税成本，具体安排函告如下：1、2026年9月1日,你已选中了添加链接的内容点击蓝字关注旺材锂电关注公众号，点击公众号主页右上角“ · · · ”，设置星标，实时关注锂电最新资讯 来源：锂电派近日，力神电池（苏州）有限公司（简称：力神电池）发布《关于锂离子蓄电池消费税成本调整的客户联络函》，对公司产品价格作出调整。联络函显示，本次调价主要基于财政部、海关总署、税务总局发布的《关于调整部分电池消费税政策的公告》，公告显示自2026年9月1日起，对锂离子蓄电池按照2%税率征收消费税；自2027年9月1日起，对锂离子蓄电池按照4%税率征收消费税。经公司研究决定，将按该政策调整产品价格，并同步传导新增消费税成本，具体安排函告如下：1、2026年9月1日起，所有产品在原不含税供货价基础上加收2%消费税成本，同时加收城建税(消费税的7%)及教育费附加(消费税的5%)。2、已签订单凡在2026年8月25日24:00之前完成发货，按合同原价执行(不加收如上消费税、城建税及教育费附加)；2026年8月25日24:00之前完成发货及对账的客户，增值税专用发票应在25日之前应开尽开，凡在2026年8月25日后发货、对账、开票的订单(含在途订单)，将统一按加收2%的消费税、城建税(消费税的7%)及教育费附加(消费税的5%)成本后的价格进行结算。3、已签订但尚未交付的框架订单，同步适用本次价格调整，我司将配合进行相关补充协议的签署。力神电池表示，此次价格调整为国家法定税率调整因素导致。值得一提的是，早在7月27日，一份亿纬锂能发布的《关于消费税成本传导的调价通知》便在锂电产业圈内引发广泛关注。通知显示，自2026年9月1日起，公司所有内销电池产品在原价基础上加收2%的消费税；出口产品先征后退，内外销同价。逾期未开票的订单，或需在2026年9月1日及以后开票的订单，以及已签未交付的框架订单，一概适用新价格。回顾此次消费税调整的源头，今年7月16日，财政部、海关总署、税务总局联合发布公告：锂原电池、锂离子蓄电池、全钒液流电池等电池恢复征收消费税，2026年9月1日起按2%征收，2027年9月1日起升至4%；钠离子电池、固态电池、燃料电池在2028年12月31日前继续免税。此次政策调整是对2015年电池消费税政策的重大修订。2015年，财政部、国家税务总局发布《关于对电池、涂料征收消费税的通知》，对锂电池实施免征消费税优惠政策，该政策延续至今已逾十年。此次恢复征收，意味着锂电池行业长达十余年的消费税“免税红利”正式进入退出倒计时。亿纬锂能作为国内圆柱电池、消费电池及储能电池领域的头部企业，其率先调价的举动，被视为行业风向标。紧随其后，力神电池的调价函进一步验证了消费税成本正在全行业范围内系统性向下游传导的趋势。值得注意的是，在消费税政策调整引发电池端调价的同时，上游正极材料端同样出现了价格变动。7月15日，湖南裕能向客户发出调价函。公司表示，因上游核心原材料价格持续上行，且公司持续满产、今年新增产能无法满足所有客户的订单增长需求，公司将自8月1日起对全系列磷酸铁锂产品价格上调2000元/吨。涨价的同时，湖南裕能还推出了240亿元扩产计划，公司拟在贵州省黔南布依族苗族自治州瓮安县投资建设贵州裕能（瓮安）矿化一体新能源电池材料循环产业项目，项目建设主要内容包括80万吨磷酸铁锂、100万吨磷酸铁及其上游产业链项目。与电池消费税调整属于政策性因素不同，湖南裕能的涨价更多源于市场供需关系。2026年以来，磷酸铁锂下游需求持续旺盛，头部企业产能利用率维持高位，新增产能释放节奏难以匹配订单增速，加之碳酸锂等核心原材料价格上行，材料端成本压力最终通过涨价向下游传导。电池端的消费税成本叠加正极材料端的涨价压力，锂电产业链下游企业正面临来自政策和市场的双重成本冲击。对于电池企业而言，这意味着产品成本的进一步抬升，产业链各环节的价格博弈或将更加激烈。截至目前，宁德时代、中创新航、欣旺达、国轩高科等其他头部电池企业尚未公开发布类似调价通知。距离9月1日政策落地仅剩数日，更多企业的后续动作，将成为市场观察消费税如何影响电池定价体系的重要窗口。- End -▊▊ 加入社群▊▊ 地图领取【免责声明】文章为作者独立观点，不代表旺材锂电立场。如因作品内容、版权等存在问题，请于本文刊发30日内联系旺材锂电进行删除或洽谈版权使用事宜。邮箱wanxinyun@51wctt.com。电话：*********** 线上广告合作：***********更多干货关注微信公众号：wc_ldc。专属微信群请文内扫码进入，VIP 内容专享！,,,,pending
专业推荐！【液冷技术圈】每一个硬件领域，都面临同一场“热”战。,旺材锂电,旺材锂电,"RIOnews API, 储能, 系统集成, 热失控, 热管理, 液冷, 投资, 政策, 推出, 快充",normal,2026-08-25T17:25:39+08:00,,“热”战升级！别让温度成为技术的天花板当芯片算力飙升，散热设计功耗突破400W大关；当电动汽车快充时间缩短，电池系统承受更高热负荷；当储能电站规模扩大，热失控风险如影随形；当变压器负荷不断增加，冷却效率决定电网稳定...温度，正成为所有硬件技术共同的“隐形战场”。热管理已不再是辅助工程，而是核心技术的决胜因素。我们决定做一件重要的事！在深耕芯片半导体、新能源汽车电池、储能、电力变压器行业多年后，我们看到了一个清晰的交叉点：液冷与先进热管理。我们正式推出全新公众号：【液冷技术圈】点击关注这里将聚焦： 技术深度解析• 液冷技术路线对比（冷板/浸没/喷雾）• 相变材料与均温板创新进展• 热仿真与测试,http://mp.weixin.qq.com/s?__biz=MzI0ODc5NTQ4NQ==&mid=2247627239&idx=4&sn=ed97e439a295c0ffdebf056e78b8517f,,“热”战升级！别让温度成为技术的天花板当芯片算力飙升，散热设计功耗突破400W大关；当电动汽车快充时间缩短，电池系统承受更高热负荷；当储能电站规模扩大，热失控风险如影随形；当变压器负荷不断增加，冷却效率决定电网稳定...温度，正成为所有硬件技术共同的“隐形战场”。热管理已不再是辅助工程，而是核心技术的决胜因素。我们决定做一件重要的事！在深耕芯片半导体、新能源汽车电池、储能、电力变压器行业多年后，我们看到了一个清晰的交叉点：液冷与先进热管理。我们正式推出全新公众号：【液冷技术圈】点击关注这里将聚焦： 技术深度解析• 液冷技术路线对比（冷板/浸没/喷雾）• 相变材料与均温板创新进展• 热仿真与测试,“热”战升级！别让温度成为技术的天花板当芯片算力飙升，散热设计功耗突破400W大关；当电动汽车快充时间缩短，电池系统承受更高热负荷；当储能电站规模扩大，热失控风险如影随形；当变压器负荷不断增加，冷却效率决定电网稳定...温度，正成为所有硬件技术共同的“隐形战场”。热管理已不再是辅助工程，而是核心技术的决胜因素。我们决定做一件重要的事！在深耕芯片半导体、新能源汽车电池、储能、电力变压器行业多年后，我们看到了一个清晰的交叉点：液冷与先进热管理。我们正式推出全新公众号：【液冷技术圈】点击关注这里将聚焦： 技术深度解析• 液冷技术路线对比（冷板/浸没/喷雾）• 相变材料与均温板创新进展• 热仿真与测试前沿方法⚡ 跨行业应用方案• 数据中心服务器冷却革新• 电动汽车热管理系统设计• 储能电站热安全防控• 电力电子设备散热优化 产业趋势洞察• 全球热管理市场规模与格局• 政策标准与安全规范• 材料、部件到系统集成的产业链分析适合谁关注？✔ 硬件工程师、热设计专业人员✔ 新能源、储能、数据中心行业从业者✔ 半导体与电力设备研发人员✔ 投资机构与行业分析师✔ 关注技术趋势的决策者与创业者扫描二维码关注【液冷技术圈】与我们一起，洞察技术“温度”，破解散热难题点击关注从芯片到电池，从储能到电网，热管理是共同的底层语言。关注我们，掌握这门关键技术的话语权。“热”战升级！,,,,pending
锂电新申报产能，暂停审批！,旺材锂电,旺材锂电,"RIOnews API, 比亚迪, 宁德时代, 亿纬, 中创新航, 国轩, 欣旺达, 储能, 储能电芯, 电池回收, 梯次利用, 产能, 扩产, GWh, 订单, 政策, 补贴",normal,2026-08-25T17:25:39+08:00,,点击蓝字关注旺材锂电 关注公众号，点击公众号主页右上角“ · · · ”，设置星标，实时关注锂电最新资讯 来源：储能前沿自下半年起，国内锂电产业迎来重大政策转向。据悉，新申报的锂电产能项目已不再获得审批，这一实质性停摆标志着行业无序扩产时代的终结。此举并非地方性孤立行动，而是由国家工信部牵头、自年初便逐步铺开的系统性产能管控措施。从一月的行业座谈会，到四月的产能预警部署，再到六月各地暂停动力及储能锂电池项目手续办理，政策脉络清晰连贯。至八月，审批的实质性停摆已获媒体确认。此次政策收紧的直接动因，在于过去五年间动力电池销量激增十八倍后，低端同质化产能泛滥。储能电芯价格一度探至0.24元/Wh的地,http://mp.weixin.qq.com/s?__biz=MzI0ODc5NTQ4NQ==&mid=2247627239&idx=1&sn=ace7e644ee44120dc0d6b9de4f2d15b7,,点击蓝字关注旺材锂电 关注公众号，点击公众号主页右上角“ · · · ”，设置星标，实时关注锂电最新资讯 来源：储能前沿自下半年起，国内锂电产业迎来重大政策转向。据悉，新申报的锂电产能项目已不再获得审批，这一实质性停摆标志着行业无序扩产时代的终结。此举并非地方性孤立行动，而是由国家工信部牵头、自年初便逐步铺开的系统性产能管控措施。从一月的行业座谈会，到四月的产能预警部署，再到六月各地暂停动力及储能锂电池项目手续办理，政策脉络清晰连贯。至八月，审批的实质性停摆已获媒体确认。此次政策收紧的直接动因，在于过去五年间动力电池销量激增十八倍后，低端同质化产能泛滥。储能电芯价格一度探至0.24元/Wh的地,点击蓝字关注旺材锂电 关注公众号，点击公众号主页右上角“ · · · ”，设置星标，实时关注锂电最新资讯 来源：储能前沿自下半年起，国内锂电产业迎来重大政策转向。据悉，新申报的锂电产能项目已不再获得审批，这一实质性停摆标志着行业无序扩产时代的终结。此举并非地方性孤立行动，而是由国家工信部牵头、自年初便逐步铺开的系统性产能管控措施。从一月的行业座谈会，到四月的产能预警部署，再到六月各地暂停动力及储能锂电池项目手续办理，政策脉络清晰连贯。至八月，审批的实质性停摆已获媒体确认。此次政策收紧的直接动因，在于过去五年间动力电池销量激增十八倍后，低端同质化产能泛滥。储能电芯价格一度探至0.24元/Wh的地板价，行业面临重蹈光伏产业覆辙的风险。政策“关闸”已显现初步成效，储能电芯价格已回升至0.4元/Wh左右，半年涨幅达五成。市场逻辑正从“产能规模竞争”转向“技术实力比拼”，被业界称为锂电领域的“供给侧改革”。审批闸门落下后，行业格局分化加剧。宁德时代在建产能高达764GWh，同时，工信部明确让宁德、比亚迪、国轩、中创新航、亿纬、欣旺达六家牵头制定未来三年的行业方案；而众多中小厂商则因新批文无门，且高度依赖地方补贴，面临显著的出清风险。此外，设备商群体因在建产线预计于2027年上半年基本完工，增量订单面临归零可能，成为政策调整的意外承压方。此外，动力电池回收环节的“梯次利用”资质名单同步作废，行业准入门槛与标准重塑，与产能审批政策形成“先关闸、再筛选”的协同效应。总体而言，锂电产业已正式步入存量博弈新周期。未来三年，拥有批文、技术及订单优势的企业将占据主导，而单纯依赖旧产能与补贴的企业则将加速离场。这一深刻变革，其影响远超任何一次价格波动，正从根本上重塑中国锂电产业的竞争规则与生态版图。- End -▊▊ 加入社群▊▊ 地图领取【免责声明】文章为作者独立观点，不代表旺材锂电立场。如因作品内容、版权等存在问题，请于本文刊发30日内联系旺材锂电进行删除或洽谈版权使用事宜。邮箱wanxinyun@51wctt.com。电话：*********** 线上广告合作：***********更多干货关注微信公众号：wc_ldc。专属微信群请文内扫码进入，VIP 内容专享！,,,,pending
16.3 mS/cm！日本刷新氧化物固态电解质离子电导率纪录,固态电池前沿,固态电池前沿,"RIOnews API, 固态电池, 全固态, 学术研究, 大学, 教授, 期刊",normal,2026-08-25T17:20:36+08:00,,8月25日消息，名古屋大学研究生院工学研究科矢岛健准教授、高泽千佳硕士研究生、佐藤大介硕士研究生及入山恭寿教授等组成的研究团队，在全球首次成功培育出焦绿石型酸氟化物固态电解质Li₂–ₓLa₍₁₊ₓ₎/₃Nb₂O₆F（LLNOF）的毫米级单晶，并在室温（25 ℃）下实现了最高16.3 mS cm⁻¹的体相锂离子电导率。该数值为目前已报道的氧化物及酸氟化物固态电解质中的最高值。研究团队进一步通过单晶X射线衍射和最大熵法电子密度解析，揭示了氟离子在锂离子迁移过程中发生局域弛豫的新机制，为设计兼具高稳定性和高导电性的固态电解质提供了理论依据。相关成果于2026年8月21日在线发表于《Journal o,http://mp.weixin.qq.com/s?__biz=MzkwMDI5MTkyNQ==&mid=2247503624&idx=1&sn=4cc9fbfbb13945674602a753521b01bb,,8月25日消息，名古屋大学研究生院工学研究科矢岛健准教授、高泽千佳硕士研究生、佐藤大介硕士研究生及入山恭寿教授等组成的研究团队，在全球首次成功培育出焦绿石型酸氟化物固态电解质Li₂–ₓLa₍₁₊ₓ₎/₃Nb₂O₆F（LLNOF）的毫米级单晶，并在室温（25 ℃）下实现了最高16.3 mS cm⁻¹的体相锂离子电导率。该数值为目前已报道的氧化物及酸氟化物固态电解质中的最高值。研究团队进一步通过单晶X射线衍射和最大熵法电子密度解析，揭示了氟离子在锂离子迁移过程中发生局域弛豫的新机制，为设计兼具高稳定性和高导电性的固态电解质提供了理论依据。相关成果于2026年8月21日在线发表于《Journal o,8月25日消息，名古屋大学研究生院工学研究科矢岛健准教授、高泽千佳硕士研究生、佐藤大介硕士研究生及入山恭寿教授等组成的研究团队，在全球首次成功培育出焦绿石型酸氟化物固态电解质Li₂–ₓLa₍₁₊ₓ₎/₃Nb₂O₆F（LLNOF）的毫米级单晶，并在室温（25 ℃）下实现了最高16.3 mS cm⁻¹的体相锂离子电导率。该数值为目前已报道的氧化物及酸氟化物固态电解质中的最高值。研究团队进一步通过单晶X射线衍射和最大熵法电子密度解析，揭示了氟离子在锂离子迁移过程中发生局域弛豫的新机制，为设计兼具高稳定性和高导电性的固态电解质提供了理论依据。相关成果于2026年8月21日在线发表于《Journal of the American Chemical Society》。【研究背景与挑战】在全固态锂离子电池中，固态电解质的离子传导性能直接决定电池的输出功率和充放电速率。氧化物和酸氟化物因具有优异的化学稳定性和热稳定性，被视为下一代固态电解质的有力候选材料。然而，这类材料中的阴离子（氧离子和氟离子）极化率较低，对迁移中的锂离子产生较高的静电势垒，通常导致离子电导率远低于硫化物体系。因此，如何在保持稳定性的前提下大幅提升锂离子电导率，成为该领域长期悬而未决的核心难题。近年来，焦绿石型酸氟化物Li₁.₂₅La₀.₅₈Nb₂O₆F被发现具有高达7.0 mS cm⁻¹（室温）的锂离子电导率，引起了广泛关注。但此前所有研究均基于多晶样品，而多晶材料存在晶界、密度差异以及合成中氟化锂挥发导致组成偏差等问题，无法准确反映材料的本征体相电导率及其组成依赖性。【核心研究成果】为克服上述局限，研究团队采用布里奇曼法，首次成功培育出毫米级LLNOF单晶（图1）。单晶消除了晶界和密度不均的干扰，使得对体相离子传导特性的精确评估成为可能。团队首先培育了组成与已报道多晶相近的单晶，在25 ℃下测得体相锂离子电导率达12.0 mS cm⁻¹，显著高于同一组成多晶体的7.0 mS cm⁻¹，证实了多晶样品中晶界和密度因素对电导率的抑制作用。进一步的取向依赖性测试表明，沿[110]和[001]两个不同晶向测得的电导率几乎相同，显示该材料具有各向同性的离子传导特性。通过系统改变晶体组成（即调控x值），研究团队发现随x减小，锂离子电导率持续上升，活化能逐步降低。当x=0.61时，单晶在25 ℃下达到16.3 mS cm⁻¹的体相锂离子电导率（图2），刷新了氧化物及酸氟化物固态电解质的最高纪录。【传导机制解析】为揭示该材料高速离子传导的微观起源，研究团队利用单晶X射线衍射进行了高精度的晶体结构解析，并结合差傅里叶分析和最大熵法（MEM）对氟离子周围的电子密度分布进行了可视化研究。结果表明，尽管整体晶体结构保持立方焦绿石型对称性，但氟离子存在显著局部位移——从周围由Li、La和空位构成的四面体中心偏移约0.32 Å，且偏移方向与邻近空位的方向高度一致。当锂离子跃迁至相邻空位时，Li⁺与空位位置发生交换，相应地，氟离子的稳定局域位置也随之切换至新空位的方向。这种与锂离子迁移直接耦合的氟离子局域弛豫（migration‑coupled local fluoride relaxation）有效降低了锂离子跳跃所需的活化能，从而实现了低势垒下的快速离子输运（图3）。【科学意义与应用前景】本研究的理论突破在于：传统观点认为，高极化率的软阴离子晶格才有利于实现低迁移势垒，而氧化物和酸氟化物因阴离子极化率低，通常被认为不利于离子传导。但本工作清晰证明，即使在刚性阴离子骨架中，通过锂离子迁移诱发的阴离子局域弛豫，同样可以大幅降低迁移势垒。这一发现打破了材料设计的固有认知，为同时追求高化学稳定性、热稳定性和高离子电导率的固态电解质开辟了新路径。未来，通过合理设计阴离子局域弛豫特性，有望加速全固态电池的实用化进程。【论文信息】期刊：Journal of the American Chemical Society标题：Migration‑Coupled Local Fluoride Relaxation in Li₂–ₓLa₍₁₊ₓ₎/₃Nb₂O₆F Single Crystals论文链接：https://doi.org/10.1021/jacs.6c08912来源：名古屋大学尊敬的读者，亚化咨询推出了《中国固态电池与液流电池月报》，每月以PDF电子文档格式出版。《中国固态电池与液流电池月报》分为免费版与付费版两个版本，定于每月10日发送至订阅客户邮箱。免费版正文包含4个板块：行业会议政策动向企业动态与工程项目技术进展与创新与免费版相比，付费版的区别在于新增中国固态电池与液流电池项目数据库（月度更新），包括以下四个项目表：中国全钒液流电池项目数据库中国钒电池电解液项目数据库中国液流电池储能项目数据库中国固态电池项目数据库赞助方案Asiachem项目项目内容主题演讲25分钟主题演讲参会名额微信推送微信公众号，企业介绍以及相关软文会刊广告研讨会会刊，彩色全页广告（尺寸A4）资料入袋赞助企业的宣传册放入会议包袋现场展台现场展示台，展示样品、资料，含两个参会名额现场易拉宝现场1个易拉宝展示礼品赞助印有赞助商logo的礼品赠送参会听众茶歇赞助冠名和赞助会议期间的茶歇晚宴赞助冠名和赞助会议的招待晚宴Logo展示背景墙 logo，会刊封面logo如果您有意向参与演讲、赞助、参会或购买报告更多详情欢迎您与我们联系 MEETINGS 往期会议回顾左右滑动查看更多第二届硫化锂与硫化物固态电池论坛2026圆满召开！第四届钒原料、电解液与钒电池储能论坛2026圆满召开！中国国际钒液流电池论坛2025圆满召开！第三届钒原料、电解液与钒电池储能论坛2025圆满召开！硫化锂与硫化物固态电池论坛2025圆满召开中国国际钒液流储能大会2024圆满召开！2024钒原料、电解液与钒电池储能论坛第二届液流储能电池技术与产业发展论坛2024圆满召开！质子膜、双极板、电极材料与电堆技术论坛钒原料、电解液与钒电池产业发展论坛20232023液流储能电池技术与产业发展论坛圆满召开！推荐订阅,,,,pending
万润股份：固态电池材料硫化锂中试线已按原计划完成建设,固态电池前沿,固态电池前沿,"RIOnews API, 固态电池",normal,2026-08-25T17:20:36+08:00,,近日，有投资者在互动平台向万润股份（002643.SZ）提问，关注到公司最近申报的研发专利越来越少，是公司减少研发投入了吗？还是集中力量搞重点攻关？公司矢志成为世界先进材料制造者，就必须要敢为人先搞出独家产品。还有公司的硫化锂电解质中试产品是否已经送到下游客户验证？烦请相比于竞争对手咱们的硫化锂电解质有什么优势？万润股份回复称，2026年上半年公司在半导体制造材料、聚酰亚胺材料、OLED材料等材料方向持续投入研发，力争为公司赢得更多的未来市场机会，研发费用较比去年增加0.12亿元。公司固态电池材料硫化锂的中试线已按原计划完成建设，现已开展中试工作，尚未开始送样验证。来源：深交所互动易尊敬的读者,http://mp.weixin.qq.com/s?__biz=MzkwMDI5MTkyNQ==&mid=2247503624&idx=2&sn=38c9e5bf91d0ec48569259c338622ad2,,近日，有投资者在互动平台向万润股份（002643.SZ）提问，关注到公司最近申报的研发专利越来越少，是公司减少研发投入了吗？还是集中力量搞重点攻关？公司矢志成为世界先进材料制造者，就必须要敢为人先搞出独家产品。还有公司的硫化锂电解质中试产品是否已经送到下游客户验证？烦请相比于竞争对手咱们的硫化锂电解质有什么优势？万润股份回复称，2026年上半年公司在半导体制造材料、聚酰亚胺材料、OLED材料等材料方向持续投入研发，力争为公司赢得更多的未来市场机会，研发费用较比去年增加0.12亿元。公司固态电池材料硫化锂的中试线已按原计划完成建设，现已开展中试工作，尚未开始送样验证。来源：深交所互动易尊敬的读者,近日，有投资者在互动平台向万润股份（002643.SZ）提问，关注到公司最近申报的研发专利越来越少，是公司减少研发投入了吗？还是集中力量搞重点攻关？公司矢志成为世界先进材料制造者，就必须要敢为人先搞出独家产品。还有公司的硫化锂电解质中试产品是否已经送到下游客户验证？烦请相比于竞争对手咱们的硫化锂电解质有什么优势？万润股份回复称，2026年上半年公司在半导体制造材料、聚酰亚胺材料、OLED材料等材料方向持续投入研发，力争为公司赢得更多的未来市场机会，研发费用较比去年增加0.12亿元。公司固态电池材料硫化锂的中试线已按原计划完成建设，现已开展中试工作，尚未开始送样验证。来源：深交所互动易尊敬的读者，亚化咨询推出了《中国固态电池与液流电池月报》，每月以PDF电子文档格式出版。《中国固态电池与液流电池月报》分为免费版与付费版两个版本，定于每月10日发送至订阅客户邮箱。免费版正文包含4个板块：行业会议政策动向企业动态与工程项目技术进展与创新与免费版相比，付费版的区别在于新增中国固态电池与液流电池项目数据库（月度更新），包括以下四个项目表：中国全钒液流电池项目数据库中国钒电池电解液项目数据库中国液流电池储能项目数据库中国固态电池项目数据库赞助方案Asiachem项目项目内容主题演讲25分钟主题演讲参会名额微信推送微信公众号，企业介绍以及相关软文会刊广告研讨会会刊，彩色全页广告（尺寸A4）资料入袋赞助企业的宣传册放入会议包袋现场展台现场展示台，展示样品、资料，含两个参会名额现场易拉宝现场1个易拉宝展示礼品赞助印有赞助商logo的礼品赠送参会听众茶歇赞助冠名和赞助会议期间的茶歇晚宴赞助冠名和赞助会议的招待晚宴Logo展示背景墙 logo，会刊封面logo如果您有意向参与演讲、赞助、参会或购买报告更多详情欢迎您与我们联系 MEETINGS 往期会议回顾左右滑动查看更多第二届硫化锂与硫化物固态电池论坛2026圆满召开！第四届钒原料、电解液与钒电池储能论坛2026圆满召开！中国国际钒液流电池论坛2025圆满召开！第三届钒原料、电解液与钒电池储能论坛2025圆满召开！硫化锂与硫化物固态电池论坛2025圆满召开中国国际钒液流储能大会2024圆满召开！2024钒原料、电解液与钒电池储能论坛第二届液流储能电池技术与产业发展论坛2024圆满召开！质子膜、双极板、电极材料与电堆技术论坛钒原料、电解液与钒电池产业发展论坛20232023液流储能电池技术与产业发展论坛圆满召开！推荐订阅近日，有投资者在互动平台向万润股份（002643.SZ）提问，关注到公司最近申报的研发专利越来越少，是公司减少,,,,pending
欢迎订阅2026年《中国固态电池与液流电池月报》,固态电池前沿,固态电池前沿,"RIOnews API, 固态电池",normal,2026-08-25T17:20:36+08:00,,尊敬的读者，亚化咨询推出了《中国固态电池与液流电池月报》，每月以PDF电子文档格式出版。《中国固态电池与液流电池月报》分为免费版与付费版两个版本，定于每月10日发送至订阅客户邮箱。免费版正文包含4个板块：行业会议政策动向企业动态与工程项目技术进展与创新与免费版相比，付费版的区别在于新增中国固态电池与液流电池项目数据库（月度更新），包括以下四个项目表：中国全钒液流电池项目数据库中国钒电池电解液项目数据库中国液流电池储能项目数据库中国固态电池项目数据库如果您有意向参与演讲、赞助、参会或购买报告更多详情欢迎您与我们联系 MEETINGS 往期会议回顾左右滑动查看更多第二届硫化锂与硫化物固态电池论坛2,http://mp.weixin.qq.com/s?__biz=MzkwMDI5MTkyNQ==&mid=2247503624&idx=3&sn=66c8629423fbd12d33438134accfdc24,,尊敬的读者，亚化咨询推出了《中国固态电池与液流电池月报》，每月以PDF电子文档格式出版。《中国固态电池与液流电池月报》分为免费版与付费版两个版本，定于每月10日发送至订阅客户邮箱。免费版正文包含4个板块：行业会议政策动向企业动态与工程项目技术进展与创新与免费版相比，付费版的区别在于新增中国固态电池与液流电池项目数据库（月度更新），包括以下四个项目表：中国全钒液流电池项目数据库中国钒电池电解液项目数据库中国液流电池储能项目数据库中国固态电池项目数据库如果您有意向参与演讲、赞助、参会或购买报告更多详情欢迎您与我们联系 MEETINGS 往期会议回顾左右滑动查看更多第二届硫化锂与硫化物固态电池论坛2,尊敬的读者，亚化咨询推出了《中国固态电池与液流电池月报》，每月以PDF电子文档格式出版。《中国固态电池与液流电池月报》分为免费版与付费版两个版本，定于每月10日发送至订阅客户邮箱。免费版正文包含4个板块：行业会议政策动向企业动态与工程项目技术进展与创新与免费版相比，付费版的区别在于新增中国固态电池与液流电池项目数据库（月度更新），包括以下四个项目表：中国全钒液流电池项目数据库中国钒电池电解液项目数据库中国液流电池储能项目数据库中国固态电池项目数据库如果您有意向参与演讲、赞助、参会或购买报告更多详情欢迎您与我们联系 MEETINGS 往期会议回顾左右滑动查看更多第二届硫化锂与硫化物固态电池论坛2026圆满召开！第四届钒原料、电解液与钒电池储能论坛2026圆满召开！中国国际钒液流电池论坛2025圆满召开！第三届钒原料、电解液与钒电池储能论坛2025圆满召开！硫化锂与硫化物固态电池论坛2025圆满召开中国国际钒液流储能大会2024圆满召开！2024钒原料、电解液与钒电池储能论坛第二届液流储能电池技术与产业发展论坛2024圆满召开！质子膜、双极板、电极材料与电堆技术论坛钒原料、电解液与钒电池产业发展论坛20232023液流储能电池技术与产业发展论坛圆满召开！推荐订阅欢迎订阅2025年《中国固态电池与液流电池月报》,,,,pending
总投资18.54亿元！40万吨可持续航空燃料加氢项目公示,氢能观察,氢能观察,"RIOnews API, 第二增长曲线, 氢, 氨",normal,2026-08-25T17:05:18+08:00,,近日，石家庄市行政审批局发布中能亿达（河北）新能源有限公司新建40万吨/年可持续航空燃料加氢项目受理情况公开。根据文件，中能亿达（河北）新能源有限公司新建40万吨/年可持续航空燃料加氢项目建设地点在河北深泽经济开发区南区兴泽路22号，项目单位为中能亿达（河北）新能源有限公司，项目总投资185388万元，其中，环保投资为20395.5万元，占总投资的11.0%。项目占地约230亩，生产区拟建设工程包括一套40万吨/年可持续航空燃料加氢装置、配套建设30000标方/小时制氢装置、12吨/小时酸性水汽提装置、事故应急池、备品备件库、原料罐组、产品罐组等及配套公辅设施等，办公区拟建设综合楼、门卫等，其,http://mp.weixin.qq.com/s?__biz=MzAxMTUxNzgyOA==&mid=2247620464&idx=3&sn=374b84d2ceade62f8f4d107fc2fbfafe,,近日，石家庄市行政审批局发布中能亿达（河北）新能源有限公司新建40万吨/年可持续航空燃料加氢项目受理情况公开。根据文件，中能亿达（河北）新能源有限公司新建40万吨/年可持续航空燃料加氢项目建设地点在河北深泽经济开发区南区兴泽路22号，项目单位为中能亿达（河北）新能源有限公司，项目总投资185388万元，其中，环保投资为20395.5万元，占总投资的11.0%。项目占地约230亩，生产区拟建设工程包括一套40万吨/年可持续航空燃料加氢装置、配套建设30000标方/小时制氢装置、12吨/小时酸性水汽提装置、事故应急池、备品备件库、原料罐组、产品罐组等及配套公辅设施等，办公区拟建设综合楼、门卫等，其,"近日，石家庄市行政审批局发布中能亿达（河北）新能源有限公司新建40万吨/年可持续航空燃料加氢项目受理情况公开。根据文件，中能亿达（河北）新能源有限公司新建40万吨/年可持续航空燃料加氢项目建设地点在河北深泽经济开发区南区兴泽路22号，项目单位为中能亿达（河北）新能源有限公司，项目总投资185388万元，其中，环保投资为20395.5万元，占总投资的11.0%。项目占地约230亩，生产区拟建设工程包括一套40万吨/年可持续航空燃料加氢装置、配套建设30000标方/小时制氢装置、12吨/小时酸性水汽提装置、事故应急池、备品备件库、原料罐组、产品罐组等及配套公辅设施等，办公区拟建设综合楼、门卫等，其他室外工程包括道路及地面硬化、厂区绿化、围墙大门等。以上总建筑面积24420平方米。以预处理后的地沟油、酸化油、餐余废油、动植物废弃油脂和一代生物柴油等为原料，生产生物航煤、生物柴油产品。项目建设周期约18个月。该项目已于2025年10月16日由深泽县行政审批局备案（深经开投资备字[2025]30号，项目代码：2404-130128-89-01-256782）。项目特点本项目为新建项目，位于河北深泽经济开发区南区。本项目依托区域原料充足的特点进行建设,利用预处理后的动植物油脂（预处理后的地沟油、酸化油、动植物废弃油脂等）和一代生物柴油（脂肪酸甲酯）的混合物作为原料油，通过加氢脱氧、加氢异构和加氢裂化反应生产生物航煤、生物石脑油和生物柴油，配套建设制氢装置和酸性水汽提装置。项目所在开发区分布有多家废油脂加工企业，可作为项目备用原料，保障原料供应充足。本项目所用原料区别于传统石油炼制行业，为可再生能源，主要原料为预处理后的动植物油脂（预处理后的地沟油、酸化油、动植物废弃油脂等）和一代生物柴油（脂肪酸甲酯）的混合油。本项目所用预处理后的动植物油脂主要包括预处理后的地沟油、酸化油、餐余废油、动植物废弃油脂，预处理后的动植物油脂及一代生物柴油均来自开发区或附近区县的油脂加工企业生产的工业油脂，满足产品质量标准及本项目对原料的成分要求后方可接收。本项目建设一套40万t/a可持续航空燃料加氢装置、配套建设30000Nm³/h制氢装置和12t/h酸性水汽提装置。本项目有两种生产工况，SAF工况产品为生物航煤、生物石脑油；HVO工况产品为生物柴油、生物石脑油；两种工况均产生脱硫干气和液化气，脱硫干气作为燃烧炉燃料燃烧处理，液化气作为制氢装置原料使用。两种工况所用生产装置均为本期建设的40万t/a可持续航空燃料加氢装置，工艺流程相同，生产时通过调整氢气用量和工艺参数生产不同产品。两种工况切换时直接调节加氢裂化段反应温度即可实现，过程中不会产生额外的废水、固废等污染物质。本项目工艺可分为可持续航空燃料加氢工段、制氢工段和酸性水汽提工段，其中持续航空燃料加氢工段主要为原料油通过加氢发生脱氧、异构反应和裂化反应等进而得到产品生物航煤、生物柴油和生物石脑油，同时产生的脱硫干气作为燃料与天然气一并作为加热炉燃料，液化气、废氢作为制氢原料；制氢工段所用原料除液化气、废氢外还有天然气，通过加氢脱硫、蒸汽转化、中温变换后产生氢气，进而采用PSA吸附提纯氢气；酸性水汽提工段则是将可持续航空燃料加氢工段产生的酸性水，采用络合铁制硫工艺除去酸性水中的硫化氢，分离后的含氨废气采用水喷淋的措施制备氨水。来源：氢能观察综合整理推荐阅读押注越多，风险越小？从国富氢能看如何穿越行业“阵痛期”生存战！燃料电池企业下场储能，是“进军”还是“退路”？不出海，就出局！中国氢能已进入“国际时间”全球油阀告急！氢能扛起能源战略终极底牌！八年热潮一朝降温，氢能走到“生死”岔路口交付热≠行业好！电解槽拉响爆单预警！近日，石家庄市行政审批局发布中能亿达（河北）新能源有限公司新建40万吨/年可持续航空燃料加氢项目受理情况公开。",,,,pending
总投资120亿元！2万辆新能源重卡！榆林市重点实施绿色甲醇建设,氢能观察,氢能观察,"RIOnews API, 第二增长曲线, 氢, 甲醇, 绿色, 合作进展, 投资, 合作",normal,2026-08-25T17:05:18+08:00,,8月21日，榆阳区落实“双碳”战略暨零碳现代物流平台启动仪式在麻黄梁汽车产业工业园举行，并就有关项目合作进行了集中签约与首批订单交付，标志着陕北能源腹地交通物流产业迈入绿色低碳、智能集约发展新阶段。据悉，零碳智慧运力与绿色能源全产业链项目总投资120亿元，是榆林市落实国家“双碳”战略、推进“十五五”产业升级的重点工程。项目规划五年内在榆林全域投放2万辆新能源重卡，构建集甲醇能源生产、绿色重卡运力、智慧平台管控、配套服务保障于一体的闭环产业体系，重点实施绿色甲醇产能建设、新能源重卡置换投放、智能运力平台搭建、零碳园区升级改造四大核心工程，目前已启动“交通强国全国示范单位”“退役军人就业示范基地”,http://mp.weixin.qq.com/s?__biz=MzAxMTUxNzgyOA==&mid=2247620464&idx=5&sn=a2bc93ec600058ccba3beae800a592b7,,8月21日，榆阳区落实“双碳”战略暨零碳现代物流平台启动仪式在麻黄梁汽车产业工业园举行，并就有关项目合作进行了集中签约与首批订单交付，标志着陕北能源腹地交通物流产业迈入绿色低碳、智能集约发展新阶段。据悉，零碳智慧运力与绿色能源全产业链项目总投资120亿元，是榆林市落实国家“双碳”战略、推进“十五五”产业升级的重点工程。项目规划五年内在榆林全域投放2万辆新能源重卡，构建集甲醇能源生产、绿色重卡运力、智慧平台管控、配套服务保障于一体的闭环产业体系，重点实施绿色甲醇产能建设、新能源重卡置换投放、智能运力平台搭建、零碳园区升级改造四大核心工程，目前已启动“交通强国全国示范单位”“退役军人就业示范基地”,8月21日，榆阳区落实“双碳”战略暨零碳现代物流平台启动仪式在麻黄梁汽车产业工业园举行，并就有关项目合作进行了集中签约与首批订单交付，标志着陕北能源腹地交通物流产业迈入绿色低碳、智能集约发展新阶段。据悉，零碳智慧运力与绿色能源全产业链项目总投资120亿元，是榆林市落实国家“双碳”战略、推进“十五五”产业升级的重点工程。项目规划五年内在榆林全域投放2万辆新能源重卡，构建集甲醇能源生产、绿色重卡运力、智慧平台管控、配套服务保障于一体的闭环产业体系，重点实施绿色甲醇产能建设、新能源重卡置换投放、智能运力平台搭建、零碳园区升级改造四大核心工程，目前已启动“交通强国全国示范单位”“退役军人就业示范基地”两项国家级示范申报工作。零碳现代物流平台的落地运营，是榆林将本地绿色资源优势转化为运输产业优势、将汽车产业园区升级为零碳应用场景的关键实践，有效补齐区域绿色物流发展短板，助力全市实现从“能源产出大市”向“能源创新强市”的跨越升级。“除生态环保价值外，该项目兼具显著的产业赋能与民生社会效益。项目通过数字化、集约化管理模式，可有效整合榆林零散货运资源、规范道路运输行业秩序、统一行业经营标准。项目全面投运后，将带动万人级就业岗位，撬动汽车维保、甲醇加注、数字运维、供应链金融等上下游产业集聚发展，进一步规范属地税源管理，夯实实体经济发展根基。”陕西清能远景科技发展有限公司副董事长倪海涛表示。来源：榆林日报推荐阅读押注越多，风险越小？从国富氢能看如何穿越行业“阵痛期”生存战！燃料电池企业下场储能，是“进军”还是“退路”？不出海，就出局！中国氢能已进入“国际时间”全球油阀告急！氢能扛起能源战略终极底牌！八年热潮一朝降温，氢能走到“生死”岔路口交付热≠行业好！电解槽拉响爆单预警！8月21日，榆阳区落实“双碳”战略暨零碳现代物流平台启动仪式在麻黄梁汽车产业工业园举行，并就有关项目合作进行了,,,,pending
中能建沈阳绿色甲醇项目招标空分装置！,氢能观察,氢能观察,"RIOnews API, 第二增长曲线, 氢, 甲醇, 绿色, 合作进展, 招标, 投资",normal,2026-08-25T17:05:18+08:00,,8月24日，沈阳市风光制氢融合生物质绿色醇油示范项目空分装置设备招标：本采购项目沈阳市风光副氢融合生物质绿色解油示范项目一期10万吨绿色甲醇项目工程息承包己批准，项日业主为中能建博创绿色燃料(沈阳)有限公司，采购人为中国电力工程顾问集团华东电力设计院有限公司。采购项目名称:沈阳市风光制氢融合生物质绿色醇油示范项目一期10万吨绿色甲醇项目工程总承包。项目业主:中能建博创绿色燃料(沈阳)有限公司。采购范围:本项目拟对空分装置设备进行采购。交货地点:沈阳市风光制氢融合生物质绿色醇油示范项目一期10万吨绿色甲醇项目现场。计划交货期:2027年5月6日中国能建沈阳风光制氢融合生物质绿色醇油基地项目位于沈,http://mp.weixin.qq.com/s?__biz=MzAxMTUxNzgyOA==&mid=2247620464&idx=4&sn=e00aa68e164eacf951cdf5d1207748fc,,8月24日，沈阳市风光制氢融合生物质绿色醇油示范项目空分装置设备招标：本采购项目沈阳市风光副氢融合生物质绿色解油示范项目一期10万吨绿色甲醇项目工程息承包己批准，项日业主为中能建博创绿色燃料(沈阳)有限公司，采购人为中国电力工程顾问集团华东电力设计院有限公司。采购项目名称:沈阳市风光制氢融合生物质绿色醇油示范项目一期10万吨绿色甲醇项目工程总承包。项目业主:中能建博创绿色燃料(沈阳)有限公司。采购范围:本项目拟对空分装置设备进行采购。交货地点:沈阳市风光制氢融合生物质绿色醇油示范项目一期10万吨绿色甲醇项目现场。计划交货期:2027年5月6日中国能建沈阳风光制氢融合生物质绿色醇油基地项目位于沈,8月24日，沈阳市风光制氢融合生物质绿色醇油示范项目空分装置设备招标：本采购项目沈阳市风光副氢融合生物质绿色解油示范项目一期10万吨绿色甲醇项目工程息承包己批准，项日业主为中能建博创绿色燃料(沈阳)有限公司，采购人为中国电力工程顾问集团华东电力设计院有限公司。采购项目名称:沈阳市风光制氢融合生物质绿色醇油示范项目一期10万吨绿色甲醇项目工程总承包。项目业主:中能建博创绿色燃料(沈阳)有限公司。采购范围:本项目拟对空分装置设备进行采购。交货地点:沈阳市风光制氢融合生物质绿色醇油示范项目一期10万吨绿色甲醇项目现场。计划交货期:2027年5月6日中国能建沈阳风光制氢融合生物质绿色醇油基地项目位于沈阳市康平县，拟投资建设年产50万吨生物质绿色醇油项目，配套2GW集中式风电，预计年需求生物质约300万吨。一期投资建设10万吨绿色甲醇项目，二期拟投资建设40万吨绿色航油及其他。意向投资金额320亿元。项目一期风光装机规模为100MW，配储能70MW/140MWh，合成甲醇规模为10万吨/年，其中包括2×1250Nm3/h电解槽制氢，有效容积60000Nm3储氢罐，2台600吨/天常压流化床气化装置，以及10万吨/年合成甲醇装置。来源：氢能观察推荐阅读押注越多，风险越小？从国富氢能看如何穿越行业“阵痛期”生存战！燃料电池企业下场储能，是“进军”还是“退路”？不出海，就出局！中国氢能已进入“国际时间”全球油阀告急！氢能扛起能源战略终极底牌！八年热潮一朝降温，氢能走到“生死”岔路口交付热≠行业好！电解槽拉响爆单预警！,,,,pending
长春、四平、松原、白城四市入选东北（含蒙东）—长三角氢能试点城市群,氢能观察,氢能观察,"RIOnews API, 第二增长曲线, 氢, 甲醇, 氨, 绿色, 量产推进, 产能, 下线",normal,2026-08-25T17:05:18+08:00,,近日，工业和信息化部、财政部、国家发展改革委联合开展的国家氢能综合应用试点公布。在河南公布了黄河几字弯-中原城市群名单、嘉定宣布入围东北（含蒙东）—长三角氢能试点城市群后，吉林省也公布了其入围城市。吉林省长春、四平、松原、白城四市作为东北（含蒙东）—长三角氢能试点城市群的重要组成部分，重点承担绿色氨醇规模化供给、东北地区燃料电池汽车推广应用等关键任务。依托区域资源禀赋与产业布局优势，吉林省四市联动协同、错位布局，构筑起坚实的绿色氢基产业发展底座。其中，白城、松原依托西部千万千瓦级清洁能源基地，聚焦风光资源开发，是规模化绿色氢氨醇制备的核心承载地；四平加速推进零碳园区建设，重点承接绿氢就地转化及,http://mp.weixin.qq.com/s?__biz=MzAxMTUxNzgyOA==&mid=2247620464&idx=2&sn=56305c3cee8fcf84dde5f6ef55b559ce,,近日，工业和信息化部、财政部、国家发展改革委联合开展的国家氢能综合应用试点公布。在河南公布了黄河几字弯-中原城市群名单、嘉定宣布入围东北（含蒙东）—长三角氢能试点城市群后，吉林省也公布了其入围城市。吉林省长春、四平、松原、白城四市作为东北（含蒙东）—长三角氢能试点城市群的重要组成部分，重点承担绿色氨醇规模化供给、东北地区燃料电池汽车推广应用等关键任务。依托区域资源禀赋与产业布局优势，吉林省四市联动协同、错位布局，构筑起坚实的绿色氢基产业发展底座。其中，白城、松原依托西部千万千瓦级清洁能源基地，聚焦风光资源开发，是规模化绿色氢氨醇制备的核心承载地；四平加速推进零碳园区建设，重点承接绿氢就地转化及,近日，工业和信息化部、财政部、国家发展改革委联合开展的国家氢能综合应用试点公布。在河南公布了黄河几字弯-中原城市群名单、嘉定宣布入围东北（含蒙东）—长三角氢能试点城市群后，吉林省也公布了其入围城市。吉林省长春、四平、松原、白城四市作为东北（含蒙东）—长三角氢能试点城市群的重要组成部分，重点承担绿色氨醇规模化供给、东北地区燃料电池汽车推广应用等关键任务。依托区域资源禀赋与产业布局优势，吉林省四市联动协同、错位布局，构筑起坚实的绿色氢基产业发展底座。其中，白城、松原依托西部千万千瓦级清洁能源基地，聚焦风光资源开发，是规模化绿色氢氨醇制备的核心承载地；四平加速推进零碳园区建设，重点承接绿氢就地转化及工业示范应用；长春发挥装备制造、科研创新集聚优势，主攻氢能装备研发与多元示范场景落地。四地互补发展、一体推进，为大规模发展绿氢、绿氨、绿醇筑牢了资源、产业、场景等多重底座。目前，吉林省绿氢年产能达到9万吨，绿氨、绿色甲醇合计产能43万吨，位居全国前列。国电投大安绿氢合成氨、上海电气洮南绿色甲醇等一批标杆项目相继落地，中车长客氢能文旅列车下线，绿电制氢、氢化工、氢能装备全链条已初步成型。据悉，此次东北（含蒙东）—长三角氢能试点城市群建设，核心任务是打造绿色燃料跨区域输送大通道，破解我国氢能资源与消费市场分散分布的现实难题。立足资源端定位，吉林省将重点推进规模化绿氢制备、绿色氨醇等绿色液体燃料输出，精准对接长三角工业降碳、航运低碳的庞大市场需求。同时积极探索跨区域绿色燃料交易、南北两地技术联合攻关新模式，实现资源产地与消费市场高效联动，让黑土地产出的绿色燃料服务全国“双碳”大局。“目前，全省绿氢、绿色氨醇产能位居全国前列，一批标杆项目相继落地，绿电制氢、氢化工、装备研发全链条基本成型。”省工业和信息化厅党组成员孙一明表示，接下来，吉林省将深化与长三角地区的跨区域协同，加快绿色燃料大通道建设，推进绿氢制备、绿色液体燃料规模化供给和燃料电池汽车推广应用，力争到2030年，把吉林打造成重要的绿色液体燃料供应基地。来源：吉林日报推荐阅读押注越多，风险越小？从国富氢能看如何穿越行业“阵痛期”生存战！燃料电池企业下场储能，是“进军”还是“退路”？不出海，就出局！中国氢能已进入“国际时间”全球油阀告急！氢能扛起能源战略终极底牌！八年热潮一朝降温，氢能走到“生死”岔路口交付热≠行业好！电解槽拉响爆单预警！近日，工业和信息化部、财政部、国家发展改革委联合开展的国家氢能综合应用试点公布。,,,,pending
电投绿能：上半年营收64.12亿，净利润4.04亿,氢能观察,氢能观察,"RIOnews API, 第二增长曲线, 氢, 甲醇, 氨, 绿色, 合作进展, 招标, 投资",normal,2026-08-25T17:05:18+08:00,,8月24日晚间，电投绿能披露2026半年度报告。报告显示，公司营业总收入为64.12亿元，较去年同报告期营业总收入减少1.56亿元，同比较去年同期下降2.38%。归母净利润为4.04亿元，较去年同报告期归母净利润减少3.21亿元，同比较去年同期下降44.25%。经营活动现金净流入为26.57亿元，较去年同报告期经营活动现金净流入增加2.48亿元，实现3年连续上涨，同比较去年同期上涨10.28%。报告公示了报告期内正在进行的重大的非股权投资情况，其中包含盐城吉电绿氢制储项目和规模化风光离网直流制氢创新示范项目两大绿氢项目，项目进度均已过半，截至报告期末累计实际投入金额分别为9.3亿元和3.7亿元,http://mp.weixin.qq.com/s?__biz=MzAxMTUxNzgyOA==&mid=2247620464&idx=1&sn=39b74f192b180f2710917ebb68385a03,,8月24日晚间，电投绿能披露2026半年度报告。报告显示，公司营业总收入为64.12亿元，较去年同报告期营业总收入减少1.56亿元，同比较去年同期下降2.38%。归母净利润为4.04亿元，较去年同报告期归母净利润减少3.21亿元，同比较去年同期下降44.25%。经营活动现金净流入为26.57亿元，较去年同报告期经营活动现金净流入增加2.48亿元，实现3年连续上涨，同比较去年同期上涨10.28%。报告公示了报告期内正在进行的重大的非股权投资情况，其中包含盐城吉电绿氢制储项目和规模化风光离网直流制氢创新示范项目两大绿氢项目，项目进度均已过半，截至报告期末累计实际投入金额分别为9.3亿元和3.7亿元,8月24日晚间，电投绿能披露2026半年度报告。报告显示，公司营业总收入为64.12亿元，较去年同报告期营业总收入减少1.56亿元，同比较去年同期下降2.38%。归母净利润为4.04亿元，较去年同报告期归母净利润减少3.21亿元，同比较去年同期下降44.25%。经营活动现金净流入为26.57亿元，较去年同报告期经营活动现金净流入增加2.48亿元，实现3年连续上涨，同比较去年同期上涨10.28%。报告公示了报告期内正在进行的重大的非股权投资情况，其中包含盐城吉电绿氢制储项目和规模化风光离网直流制氢创新示范项目两大绿氢项目，项目进度均已过半，截至报告期末累计实际投入金额分别为9.3亿元和3.7亿元。公司紧扣“新能源+”与绿色氢基能源“双赛道”，锚定高质量发展总方向，持续锻造差异化竞争优势，核心竞争力进一步巩固提升。公司创建绿色氢基能源产业“氢洲 HYGLOBAL”品牌，是展现我国在绿色氢基能源领域发展新成就的新名片。未来，公司将深度实施品牌战略，以“氢洲 HYGLOBAL”品牌为引领，加速绿色氢基能源产业集聚发展，提升产业核心竞争力与行业话语权。绿色氢基能源方面，公司保持先发优势，高质量落地绿色氢基能源标杆项目。大安风光制绿氢合成氨一体化示范项目于2025年7月26日试运行投产以来，生产运行保持平稳。2026年7月28日，3750吨绿氨以FOB（连云港）贸易模式完成国际海运装船，发运韩国，实现了绿氨首单规模化出口，创全球规模最大单批次绿氨出口纪录。本次出口绿氨全部产自大安项目，成功打通了生产、危化品集港、报关商检、远洋运输全流程环节，验证了绿氢全产业链商业化可行性，为产品出海建立了可复制的操作范本。梨树绿色甲醇创新示范项目顺利完成初步设计和化工EPC、制氢EPC招标工作。科技创新方面，公司牵头研发的“绿色氢基能源（绿电-氢-氨）柔性管控系统研究与应用”科技成果，已通过中国电机 工程学会行业鉴定，达到国际领先水平。来源：电投绿能、氢能观察综合整理推荐阅读押注越多，风险越小？从国富氢能看如何穿越行业“阵痛期”生存战！燃料电池企业下场储能，是“进军”还是“退路”？不出海，就出局！中国氢能已进入“国际时间”全球油阀告急！氢能扛起能源战略终极底牌！八年热潮一朝降温，氢能走到“生死”岔路口交付热≠行业好！电解槽拉响爆单预警！营收同比下降2.38%。净利润同比下降44.25%,,,,pending
冰火两重天！国轩高科动力电池大涨61%！挤进国内前三，储能“拖后腿”滑近两成,真锂研究,真锂研究,"RIOnews API, 固态电池, 信息披露, 年报, 披露, 国轩高科, 国轩, 铁锂, 磷酸锰铁锂, 锰铁锂, 储能, 安全测试, 出货, 出货量, 交付, 装车, 市占率, 产能, 订单, 定点, 毛利率, 海外, 发布, 快充, 量产, 项目落地, 落地",normal,2026-08-25T17:00:00+08:00,,近日，国轩高科发布2026年半年度报告，交出一份反差感十足的半年成绩单。动力电池板块迎来爆发，收入大涨61.01%，国内市占率攀升至第三名；但另一边，身处行业高景气赛道的储能业务，营收反而同比下滑19.14%，成为市场关注的焦点。动力电池强势爆发，客户与海外市场同步突破2026年上半年，国轩高科实现总营收277.76亿元，同比增长43.22%，动力电池系统是拉动增长的核心驱动力。板块实现营收225.97亿元，占整体营收比重已经达到81.36%，主业分量进一步加重。市场排位也迎来明显跃升。数据显示，上半年公司动力电池全球市占率4.6%，较去年同期提升0.7个百分点，位列全球第五；国内市场表现更加,http://mp.weixin.qq.com/s?__biz=MzkwMTYxMzYwNg==&mid=2247532453&idx=2&sn=d5d10ddb91911a11376d7bef9fcbf358,,近日，国轩高科发布2026年半年度报告，交出一份反差感十足的半年成绩单。动力电池板块迎来爆发，收入大涨61.01%，国内市占率攀升至第三名；但另一边，身处行业高景气赛道的储能业务，营收反而同比下滑19.14%，成为市场关注的焦点。动力电池强势爆发，客户与海外市场同步突破2026年上半年，国轩高科实现总营收277.76亿元，同比增长43.22%，动力电池系统是拉动增长的核心驱动力。板块实现营收225.97亿元，占整体营收比重已经达到81.36%，主业分量进一步加重。市场排位也迎来明显跃升。数据显示，上半年公司动力电池全球市占率4.6%，较去年同期提升0.7个百分点，位列全球第五；国内市场表现更加,近日，国轩高科发布2026年半年度报告，交出一份反差感十足的半年成绩单。动力电池板块迎来爆发，收入大涨61.01%，国内市占率攀升至第三名；但另一边，身处行业高景气赛道的储能业务，营收反而同比下滑19.14%，成为市场关注的焦点。动力电池强势爆发，客户与海外市场同步突破2026年上半年，国轩高科实现总营收277.76亿元，同比增长43.22%，动力电池系统是拉动增长的核心驱动力。板块实现营收225.97亿元，占整体营收比重已经达到81.36%，主业分量进一步加重。市场排位也迎来明显跃升。数据显示，上半年公司动力电池全球市占率4.6%，较去年同期提升0.7个百分点，位列全球第五；国内市场表现更加亮眼，市占率6.2%，直接上升到国内第三名。经营层面，经营活动现金流净额4.28亿元，同比上涨31.74%，产品销售回款能力持续改善。客户结构上，国轩高科乘用车版图持续扩容，拿到大众ID系列高端车型定点，奇瑞、吉利银河、零跑等多款主力车型已经实现批量装车交付。深耕新一代动力电池技术，多条技术路线落地见效在动力电池技术赛道，国轩高科坚持多材料体系并行推进，兼顾当下量产迭代与下一代前沿技术预研。面向当前主流乘用车市场，磷酸锰铁锂材料实现规模化装车应用，在能量密度、低温性能上完成迭代升级。G刻二代超快充电池实现量产，可支持12C极速补能，直击新能源车主充电慢的痛点，适配主流乘用车型。面向中长期的固态电池方向，公司迭代升级G垣混合固液智慧电池，搭建三重安全防护体系，把电池安全管理从被动防护升级为风险主动预判；金石全固态电池也已经通过多项权威安全测试，公司现阶段重点推进工艺打磨与成本下降，加速向产业化过渡。商用车领域，针对重卡运输场景打造“电拉拉”移动储充换一体方案，适配换电重卡的运营需求。研发端依托全球八大研发中心，联动海内外高校与科研机构协同攻关。截至2026年6月末，公司累计申请专利14489项，其中发明专利6564项（包含502项海外专利），主持和参与各类电池行业标准制定共29项，为动力电池产品持续迭代筑牢技术底座。储能逆势走弱，第二增长曲线遇考验然而，对比动力电池的高歌猛进，储能业务的表现和行业大环境形成反差。2026上半年全球储能行业热度高涨，全球储能电池出货量同比接近翻倍。但国轩高科储能电池系统营收36.89亿元，同比下降19.14%，营收占比从去年同期23.52%下滑到13.28%，尽管板块毛利率小幅抬升至19.50%，但营收规模收缩不容忽视。从市占率来看，公司储能电池出货全球市占率维持在4.5%，位列全球前十。半年报没有披露储能营收下滑的确切原因，市场普遍分析，或受产能资源倾斜、市场竞争加剧、海内外储能项目落地节奏扰动等多重因素影响。整体来看，国轩高科动力电池主业已经进入放量上行周期，份额、客户、海外业务同步取得进展。但也要面对现实问题，储能业务没能跟上行业增长脚步。接下来，海外基地产能释放、储能订单修复，将是观察这家企业后续发展的关键看点。END --现已同步入驻-- 点点“分享”，给我充点儿电吧~国轩高科动力电池大涨61%！储能“拖后腿”滑近两成,,,,pending
8.2亿净利，恩捷股份“量价齐升+高端新品驱动”，订单在手盈利持续提升,真锂研究,真锂研究,"RIOnews API, 新材料, 隔膜, 信息披露, 年报, 披露, 技术进展, 技术突破, 改性技术, 比亚迪, 宁德时代, 亿纬锂能, 亿纬, 中创新航, 储能, 高安全, 交付, 市场份额, 产能, 订单, 毛利率, 亏损, 推出, 快充, 认证, 量产",normal,2026-08-25T17:00:00+08:00,,2026年上半年，锂电隔膜行业走出持续的低价内卷寒冬，行业供需格局显著回暖。作为全球湿法锂电隔膜绝对龙头，恩捷股份交出一份超预期成绩单——半年狂揽8.2亿净利润，成功实现大幅扭亏。一方面依托行业量价齐升红利，另一方面依托精细化管理和技术突破，降本增效+硬核高端新品，公司彻底告别周期亏损困境。当前企业在手订单饱满、产能运行高位，2026年全年业绩稳步增长扎实稳固，龙头穿越行业周期的硬核实力全面彰显。业绩拐点全面兑现：半年盈利8.2亿，彻底扭亏为盈从最新披露的2026年半年报数据来看，恩捷股份上半年经营实现根本性反转，营收、利润、现金流全线大幅增长，经营质量全面提升。报告期内，公司实现营业收入86,http://mp.weixin.qq.com/s?__biz=MzkwMTYxMzYwNg==&mid=2247532453&idx=1&sn=087aa331468bb9e40f109614ac0ba621,,2026年上半年，锂电隔膜行业走出持续的低价内卷寒冬，行业供需格局显著回暖。作为全球湿法锂电隔膜绝对龙头，恩捷股份交出一份超预期成绩单——半年狂揽8.2亿净利润，成功实现大幅扭亏。一方面依托行业量价齐升红利，另一方面依托精细化管理和技术突破，降本增效+硬核高端新品，公司彻底告别周期亏损困境。当前企业在手订单饱满、产能运行高位，2026年全年业绩稳步增长扎实稳固，龙头穿越行业周期的硬核实力全面彰显。业绩拐点全面兑现：半年盈利8.2亿，彻底扭亏为盈从最新披露的2026年半年报数据来看，恩捷股份上半年经营实现根本性反转，营收、利润、现金流全线大幅增长，经营质量全面提升。报告期内，公司实现营业收入86,2026年上半年，锂电隔膜行业走出持续的低价内卷寒冬，行业供需格局显著回暖。作为全球湿法锂电隔膜绝对龙头，恩捷股份交出一份超预期成绩单——半年狂揽8.2亿净利润，成功实现大幅扭亏。一方面依托行业量价齐升红利，另一方面依托精细化管理和技术突破，降本增效+硬核高端新品，公司彻底告别周期亏损困境。当前企业在手订单饱满、产能运行高位，2026年全年业绩稳步增长扎实稳固，龙头穿越行业周期的硬核实力全面彰显。业绩拐点全面兑现：半年盈利8.2亿，彻底扭亏为盈从最新披露的2026年半年报数据来看，恩捷股份上半年经营实现根本性反转，营收、利润、现金流全线大幅增长，经营质量全面提升。报告期内，公司实现营业收入86.71亿元，同比增长50.47%；归母净利润8.20亿元，相较上年同期亏损9311.38万元，同比暴涨980.99%，完成从亏损到盈利的跨越式逆转。本次业绩增长含金量十足，核心主业盈利是增长核心支撑。上半年公司扣非净利润达到8.49亿元，数值高于归母净利润，说明公司盈利完全来自主营业务经营，没有非经常性损益的虚增成分，复苏成色实打实。报告期基本每股收益0.8352元/股，同比增长935.20%，企业回报股东的能力大幅提升。现金流数据进一步印证了企业“健康”程度的大幅提升。恩捷股份上半年经营活动现金流净额达到11.62亿元，同比大幅增长452.38%，现金流增速远超营收增速，回款能力、盈利质量稳居行业前列。值得关注的是，本次半年报亮眼业绩是一季度良好势头的延续，增长并非短期行情偶然所致，标志着恩捷股份彻底走出行业周期低谷，正式开启持续盈利的上行通道。锂电周期持续回暖：量价共振+降本增效驱动业绩爆发从行业层面来看，2026年上半年，新能源汽车、储能市场需求持续走高，带动锂电隔膜行业需求持续扩容。与此同时，此前行业由于长期低价竞争，导致一大批低效产能陆续出清，行业供需关系迎来明显改善。此前持续低迷的隔膜价格逐步企稳反弹，彻底打破行业低价内卷格局，产品盈利空间持续打开。受益于行业景气度回升，公司核心的锂电隔膜业务增长迅猛，上半年实现营收76.20亿元，同比增长58.09%，占公司总营收比例高达87.88%，主业核心地位稳固。伴随产品量价同步提升，公司隔膜业务毛利率同比大幅提升17.99个百分点，盈利水平实现跨越式修复。除了行业周期红利，内部精细化管控是公司盈利稳步抬升的重要保障。依托行业领先的规模优势，公司通过集中采购压降原材料成本，科学排布生产计划，减少生产转产、停机带来的损耗。同时通过持续优化生产工艺、升级生产设备、精细化管控生产全流程，不断提升产品良品率，提高辅料回收利用率，有效压低单位生产成本。在产品价格回暖的基础上，进一步增厚利润，形成“行情回暖+降本增效”的双向利好，筑牢盈利安全垫。产品结构迭代升级：高端新品突围，构筑长期技术壁垒更重要的是，不同于行业多数企业靠低价抢市场、扎堆低端产能的内卷模式，恩捷股份始终坚持技术驱动、产品升级的发展路线。定制化、高性能的隔膜产品的研发、量产大幅提升了恩捷股份的盈利能力和技术竞争实力。凭借多年技术积累，公司针对动力电池、电网储能、工商业快充、家用储能等不同应用场景，打造了可定制化的高端产品矩阵，可根据客户需求定制化调整产品性能，精准匹配下游高端市场的严苛需求。目前公司已推出多款行业领先的高端新品，包括高安全基膜、高浸润快充基膜、新一代阻燃隔膜、冷压高粘接隔膜等。其中高安全基膜X系列产品通过分子链改性技术，将破膜温度从传统隔膜的150℃提高至230℃，破膜面积降低了60%，为锂电池的安全性提供了更强有力的保障。高浸润基膜I系列产品运用界面浸润熵调控技术，提升了隔膜的浸润值和离子电导率，使得电池充电速度得到显著提升， 以满足日益增长的电池快充需求。新一代阻燃隔膜产品以公司自研阻燃配方与工艺，使隔膜在明火下不燃烧，还通过降低涂层面密度与水分有效提升电芯能量密度和电池使用寿命，实现安全与性能同步提升。冷压高粘接隔膜产品实现低能耗高效率，破解高热压温度的行业困局。同时，公司推出的5μm超薄高强基膜，兼顾轻薄、高强度、高一致性等优势，能够有效提升电池能量密度，适配高端动力电池生产需求，顺利切入头部电池企业供应链。长期的研发投入让公司积累了深厚的技术壁垒，截至2026年6月末，公司拥有有效授权专利750件，雄厚的技术储备成为公司持续领跑行业的核心底气。过硬的产品品质和稳定的交付能力，让恩捷股份牢牢绑定国内主流头部电池企业，长期服务宁德时代、比亚迪、中创新航、亿纬锂能等核心客户。在行业供需偏紧、高端产能紧缺的当下，公司持续抢占高端市场份额，锂电隔膜市场份额连续多年稳居行业第一，龙头地位无可撼动。后市展望：订单充沛产能高位，全年业绩增长确定性充足展望2026年下半年，锂电隔膜行业景气度将持续维持高位，公司增长逻辑清晰且稳健。从行业整体来看，隔膜项目建设、产能磨合、客户认证周期较长，行业新增有效产能释放速度有限，而下游新能源汽车、储能领域的锂电需求持续增长，行业供需偏紧的格局将持续延续，产品价格有望保持稳步修复态势，行业整体盈利环境持续改善。从公司自身经营来看，当前企业在手订单充足饱满，下游客户备货需求稳定，整体产能维持高位运行，产销衔接顺畅高效，为下半年业绩持续释放提供了坚实支撑。随着高端新品持续放量、产品结构持续优化，公司量价齐升的良好态势将持续延续，全年业绩稳步增长的确定性极强。业内人士分析认为，凭借行业领先的规模优势、扎实的技术壁垒、成熟的成本管控体系和优质的客户资源，恩捷股份已经彻底穿越行业周期底部。在新能源汽车、储能双赛道持续红利加持下，公司依托高端新品构筑的长期竞争壁垒，叠加饱满的在手订单和高位产能利用率，盈利水平有望持续攀升，将持续巩固全球锂电隔膜龙头地位，实现稳健高质量发展。END --现已同步入驻-- 点点“分享”，给我充点儿电吧~8.2亿净利，恩捷股份“量价齐升+高端新品驱动”，订单在手盈利持续提升,,,,pending
「真锂数链」上线！一站式聚合锂矿/四大材料/电池/新能源车/全部行情数据,真锂研究,真锂研究,"RIOnews API, 新材料, 电池材料, 碳, 隔膜, 镍钴锰, 储能, 可靠性, 碳酸锂, 电解液, 装机, 装机量, 产能, 报价, 投资, 落地",normal,2026-08-25T17:00:00+08:00,,新能源锂电投资，关键数据一览无余、效率翻倍。坐拥数据座舱、打破信息孤岛，洞察市场动向。产业链数据+大数据智能分析，捕捉财富机遇。专为广大投资者、锂电赛道从业者，以及关注新能源锂电发展的热心读者，打造的轻量化数据平台「真锂数链」小程序，开启上线测试。广大股民、投资者：快速跟踪价格、企业动态，捕捉投资机会券商、产业研究院研究员：一站式调取全链数据，提升报告效率锂电上下游企业从业者：掌握供需、产能、竞品企业动态，把握行业节奏储能、新能源车消费者：看懂能源转型底层逻辑，清晰产品优势「真锂数链」由深耕锂电行业十余年的真锂研究倾力打造，产品完整承接团队长期积累的一线产业调研渠道、海量独家历史数据库、成熟标,http://mp.weixin.qq.com/s?__biz=MzkwMTYxMzYwNg==&mid=2247532453&idx=3&sn=a79e910104f7d394e7d97e28021c96e9,,新能源锂电投资，关键数据一览无余、效率翻倍。坐拥数据座舱、打破信息孤岛，洞察市场动向。产业链数据+大数据智能分析，捕捉财富机遇。专为广大投资者、锂电赛道从业者，以及关注新能源锂电发展的热心读者，打造的轻量化数据平台「真锂数链」小程序，开启上线测试。广大股民、投资者：快速跟踪价格、企业动态，捕捉投资机会券商、产业研究院研究员：一站式调取全链数据，提升报告效率锂电上下游企业从业者：掌握供需、产能、竞品企业动态，把握行业节奏储能、新能源车消费者：看懂能源转型底层逻辑，清晰产品优势「真锂数链」由深耕锂电行业十余年的真锂研究倾力打造，产品完整承接团队长期积累的一线产业调研渠道、海量独家历史数据库、成熟标,新能源锂电投资，关键数据一览无余、效率翻倍。坐拥数据座舱、打破信息孤岛，洞察市场动向。产业链数据+大数据智能分析，捕捉财富机遇。专为广大投资者、锂电赛道从业者，以及关注新能源锂电发展的热心读者，打造的轻量化数据平台「真锂数链」小程序，开启上线测试。广大股民、投资者：快速跟踪价格、企业动态，捕捉投资机会券商、产业研究院研究员：一站式调取全链数据，提升报告效率锂电上下游企业从业者：掌握供需、产能、竞品企业动态，把握行业节奏储能、新能源车消费者：看懂能源转型底层逻辑，清晰产品优势「真锂数链」由深耕锂电行业十余年的真锂研究倾力打造，产品完整承接团队长期积累的一线产业调研渠道、海量独家历史数据库、成熟标准化研究分析体系。「真锂数链」基于十几年对锂矿、电池材料、动力电池、储能、新能源整车全链条的深度研究沉淀，团队针对行业用户真实数据需求，打磨出这款轻量化、高精准、全覆盖的普及型实用工具；「真锂数链」将专业机构级研究能力落地微信小程序，为全行业提供权威、可靠的一站式数据服务。「真锂数链」覆盖上游矿产、中游材料、下游整车与储能，多个细分赛道、数据维度广、数据跨度大、。「真锂数链」将分布在不同渠道的行业内各类价格、产销量数据、以及企业资讯，悉数汇聚，进行纵向周期复盘、横向产业链对比；「真锂数链」不仅大量节省了您的数据收集、分析时间，同时击穿行业壁垒，形成大数据智能分析的产业链闭环，挖掘出隐藏在数据背后的真正价值，协助您精准决策把握机遇。覆盖全产业链，一站式聚合全部核心信息真锂数链完整覆盖锂电全生命周期赛道，上下游数据统一归集，无需多平台切换查询：上游资源：锂矿、镍钴锰等矿物原料月度产量、库存、价格走势；中游材料：正极/负极/电解液/隔膜四大主材实时报价、产能排产、成本测算；电池制造：动力电池装机量、电芯产能、头部企业产销数据；下游终端：新能源车企、储能电站装机、终端需求景气度全链路企业名录、公告、行情、产销数据统一聚合，微信点开即查。五大核心能力，全方位赋能产业研判1、行情快速查询，价格走势可视化碳酸锂、钴、镍、电解液等核心品种价格7/30/60/90天趋势图直观展示，完整留存历史价格数据，快速识别涨跌周期，精准捕捉价格拐点。2、完整数据演变追踪，清晰呈现行业周期规律系统自动沉淀月度、年度产业统计数据，装机量、产能、原料产量多维度逐年对比，直观呈现行业周期性变化，辅助客观预判产业走势。3、专业产业综合分析，成本与趋势深度拆解搭载真锂研究多年验证的行业分析模型，覆盖原材料成本核算、产业链供需格局、赛道景气度研判，省去人工手动测算的繁琐流程。4、跨产业链数据交叉校验，提升判断严谨度打通上游资源、中游材料、下游整车储能全链条数据，上下游指标相互印证，多维度数据协同验证，有效提升行业分析、投资判断的可靠性。5、AI智能问答助手，行业问题即时专业解答内置锂电专属AI智库，沉淀真锂研究十余年行业研究逻辑。输入锂矿行情、企业产能、赛道风险等任意行业问题，即可输出结构化专业分析，大幅节省翻阅海量研报的时间。分层会员体系，适配不同从业者需求免费基础版：适合新手入门零成本体验查看当日行业产销与上下游企业基础数据；每日3次基础AI问答；基础名词解释与页面浏览；基础资讯推送。专业付费版：适合个人投资者、从业人员、中小企业全量实时数据、解锁历史趋势与基础分析能力；支持全维度回溯每月锂电四大材料和电芯装机数据；支持全维度回溯每月新能源汽车产销月度数据；每日10次AI数据解读、行情分析和趋势问答。 --点击「真锂数链」小程序-- PC版连接：https://ai.wisebrandai.com.cn/web/#/user/zhenli/dashboard真锂数链，正在招募产品测试官！免费解锁99元付费会员 重要通知真锂数链测试官招募，免费解锁99元付费会员【真锂数链】小程序优化升级进行中！为打磨更贴合行业需求的数据工具，现面向全行业开放产品测试招募，仅100个体验名额，先到先得。参与本次测试，你可免费体验价值99元付费会员全部权益，完整试用小程序全功能；我们认真收集每一条真实使用反馈，优质意见创作者还能直接领取免费进阶级会员，长期畅享高阶数据服务。参与福利一览：全员参与福利：成功注册并留言提交使用意见，即可开通为期7天、价值99元付费会员体验，完整解锁小程序付费数据功能，深度体验产品全部模块（测试名额仅限100人）；优质反馈大奖：活动结束后，我们将根据意见完整度、实用性、优化价值筛选10位优质测试官，每人赠送价值99元的一年期进阶级会员资格；行业专属特权：你的反馈将直接同步产品研发团队，锂电数据工具的迭代方向，由你来定义。完整参与流程（两步即可解锁会员）：第一步：基础试用，提交初版意见微信搜索小程序「真锂数链」，完成账号注册，保持未付费普通用户状态；完整浏览、试用小程序全部免费板块，记录使用痛点、功能优化需求、页面体验问题、数据查询建议等；在本文留言区写下你的真实使用感受与修改建议，提交即锁定测试名额。第二步：付费会员全功能试用，补充深度反馈工作人员统一核对留言用户名单，为所有提交有效意见的注册用户，开通一周99元付费会员权限；会员有效期内完整使用全部付费数据功能，持续在留言区补充高阶功能使用感受、优化建议；所有留言内容将作为最终评选进阶会员的核心依据，建议越详实、落地，中奖概率越高。活动重要规则：测试名额上限100人，以留言提交先后顺序为准，名额满后活动自动截止仅注册账号并在本文留言区提交有效使用建议，方可解锁一周付费会员；无实质内容的水评不计入参与名单；活动截止时间：2026年7月7日，7月7日24点后不再接收新的测试留言；进阶会员获奖名单将于活动结束后，公众号公示，会员权益统一发放至小程序注册账号；每位用户仅可参与一次，重复留言不重复发放会员时长。我们不限定反馈内容，以下方向均可参考：数据查询、行情图表、产业链库功能优化；页面加载、操作逻辑、导航布局使用痛点；付费会员功能价值、新增数据模块需求；工具使用门槛、行业适配性相关改进想法；任何你觉得不够便捷、有待升级的细节。每一条真实反馈，都会推动真锂数链变得更贴合锂电从业者需求。不用刻意长篇大论，真实、具体的使用感受就是最有价值的建议，最好能有相关问题的截图，以便于及时修改。即刻操作： --点击「真锂数链」小程序-- PC版连接：https://ai.wisebrandai.com.cn/web/#/user/zhenli/dashboard点击完成注册；文末评论区留下你的试用建议，即可参与本次测试招募。END --现已同步入驻-- 点点“分享”，给我充点儿电吧~「真锂数链」即将上线！一站式聚合锂矿/四大材料/电池/新能源车/全部行情数据,,,,pending
突破1000亿，固态电池加速上车！拒绝一知半解，5分钟搞懂核心信息,真锂研究,真锂研究,"RIOnews API, 新材料, 聚合物, 固态电池, 固态电解质, 产品发布, 全新, 上市, 量产推进, 产能, 扩产, 比亚迪, 宁德时代, 装机, 装车, GWh, 投资, 政策, 量产",normal,2026-08-25T17:00:00+08:00,,固态电池已经“来了”。然而，你却依然还在一知半解、将信将疑吗？据最新数据显示，2024年全年：我国固态及半固态电池项目规划扩产数量为36个，涉及产能近160GWh，投资额超750亿元。2025年一季度：固态电池投资继续呈现爆发态势，规划扩产数量9个，涉及产能41.5GWh，投资额达205.2亿。从去年政策发力，北京、上海、深圳、广州等城市快速“抢跑”以来，固态电池新增投资已经突破千亿！尤其是2025年，无论是电动汽车、无人机，还是人形机器都不约而同地开启“固态电池”的装机测试，甚至一些半固态电池车型即将抢先上市。其中，2025年底，上汽新一代固态电池将在全新MG4上量产应用；2026年，广汽昊,http://mp.weixin.qq.com/s?__biz=MzkwMTYxMzYwNg==&mid=2247532453&idx=4&sn=c5959162eeed7e2a712668acbc0d1d78,,固态电池已经“来了”。然而，你却依然还在一知半解、将信将疑吗？据最新数据显示，2024年全年：我国固态及半固态电池项目规划扩产数量为36个，涉及产能近160GWh，投资额超750亿元。2025年一季度：固态电池投资继续呈现爆发态势，规划扩产数量9个，涉及产能41.5GWh，投资额达205.2亿。从去年政策发力，北京、上海、深圳、广州等城市快速“抢跑”以来，固态电池新增投资已经突破千亿！尤其是2025年，无论是电动汽车、无人机，还是人形机器都不约而同地开启“固态电池”的装机测试，甚至一些半固态电池车型即将抢先上市。其中，2025年底，上汽新一代固态电池将在全新MG4上量产应用；2026年，广汽昊,固态电池已经“来了”。然而，你却依然还在一知半解、将信将疑吗？据最新数据显示，2024年全年：我国固态及半固态电池项目规划扩产数量为36个，涉及产能近160GWh，投资额超750亿元。2025年一季度：固态电池投资继续呈现爆发态势，规划扩产数量9个，涉及产能41.5GWh，投资额达205.2亿。从去年政策发力，北京、上海、深圳、广州等城市快速“抢跑”以来，固态电池新增投资已经突破千亿！尤其是2025年，无论是电动汽车、无人机，还是人形机器都不约而同地开启“固态电池”的装机测试，甚至一些半固态电池车型即将抢先上市。其中，2025年底，上汽新一代固态电池将在全新MG4上量产应用；2026年，广汽昊铂、东风汽车将实现全固态电池量产装车，2027年长安新能源汽车将实现全固态电池逐步起量，2028年东风汽车规划实现全固态车型量产上市。2026-2028年有望成为国产新能源汽车全固态电池搭载集中上市窗口。可以说，这场新的科技变革和造富神话已经几经“潮涌”进入了最后的“加速”阶段。然而，对于诸多技术概念、产业趋势与主要赛道，大多数人却依然停留在道听途说，甚至以讹传讹的层面。你能清晰地回答以下这几个问题吗？ 什么是固态电池？它有几种？它为什么会这么厉害！ 看不见液体就一定是固态电池吗？这里面究竟有哪些坑？ 固态电池的产业难点在哪？主要玩家是谁，企业发展情况究竟如何？作为真锂研究创始人、深耕锂电20年的资深专家，墨柯老师将为您带来最新《固态电池专题讲座》。我们将用20节课程，每节课5分钟，帮你彻底搞懂固态电池。我们用最简单的话，说最专业的事，5分钟帮你搞懂固态电池。【课程内容大纲】第1期：半固、全固，究竟谁才是固态电池？第2期：固态电池“牛”在哪？第3期：固态电池发展“三大”阶段（上）第4期：固态电池发展“三大”阶段（下）第5期：固态电池“四大类”，谁分高下？第6期：什么是氧化物固态电解质？第7期：什么是聚合物固态电解质？第8期：什么是卤化物固态电解质？第9期：为什么硫化物固态电解质最热门？第10期：固态电池的技术挑战-固固界面（上）第11期：固态电池的技术挑战-固固界面（下）第12期：量产还是量产！固态电池的工程化挑战（上）第13期：量产还是量产！固态电池的工程化挑战（下）第14期：成本高企！固态电池量产的又一大挑战第15期：中国固态电池的四大玩家之：宁德时代第16期：中国固态电池的四大玩家之：比亚迪第17期：中国固态电池的四大玩家之：一汽集团第18期：中国固态电池的四大玩家之：上汽集团第19期：中国市场的主要玩家之：其他第20期：全固态电池：中国锂电的自我革命首集限免 购买合集追更全部内容 END固态电池进入“加速”阶段,,,,pending
钠美科技海外连获订单：-40℃容量保持率超90%,高工钠电,高工钠电,"RIOnews API, 钠离子电池, 钠电, 合作进展, 融资, 投资, 合作, 技术进展, 技术突破, 技术验证, 量产推进, 产能, 下线, 磷酸铁锂, 铁锂, 钠电池, 储能, 储能电芯, 工商业储能, 大型储能, UPS, 电源系统, 热失控, 液冷, 电解液, 装机, GWh, 订单, 上市, 海外, 政策, 量产, 落地",normal,2026-08-25T16:20:08+08:00,,铁锂做不到的事，钠电怎么做？钠美科技给出了答案在全球储能装机爆发式增长、钠电成本加速逼近磷酸铁锂的关键节点，钠电究竟是锂电的替代者还是补充者，商业化突破口在哪里？这个问题成为2026年行业焦点之一。在钠电正从技术验证期迈入规模化量产前夜，钠美科技董事长周志勇表示，钠离子电池并非全面替代磷酸铁锂，而是储能技术谱系中的关键补充，精准切入对成本、安全和高低温性能敏感的细分市场。钠美科技董事长周志勇在2026高工钠电产业峰会上，周志勇以“钠电储能技术进展与市场展望”为题发表演讲，拆解储能市场增长逻辑、钠电差异化定位及钠美从正负极到电解液的全体系技术突破。在他看来，铁锂在储能场景中存在高温循环衰减快、低,http://mp.weixin.qq.com/s?__biz=MzIwMDkyMDg2Mg==&mid=2247501878&idx=1&sn=cd9e2deac0d5dc8e9359adb400b1a54f,,铁锂做不到的事，钠电怎么做？钠美科技给出了答案在全球储能装机爆发式增长、钠电成本加速逼近磷酸铁锂的关键节点，钠电究竟是锂电的替代者还是补充者，商业化突破口在哪里？这个问题成为2026年行业焦点之一。在钠电正从技术验证期迈入规模化量产前夜，钠美科技董事长周志勇表示，钠离子电池并非全面替代磷酸铁锂，而是储能技术谱系中的关键补充，精准切入对成本、安全和高低温性能敏感的细分市场。钠美科技董事长周志勇在2026高工钠电产业峰会上，周志勇以“钠电储能技术进展与市场展望”为题发表演讲，拆解储能市场增长逻辑、钠电差异化定位及钠美从正负极到电解液的全体系技术突破。在他看来，铁锂在储能场景中存在高温循环衰减快、低,铁锂做不到的事，钠电怎么做？钠美科技给出了答案在全球储能装机爆发式增长、钠电成本加速逼近磷酸铁锂的关键节点，钠电究竟是锂电的替代者还是补充者，商业化突破口在哪里？这个问题成为2026年行业焦点之一。在钠电正从技术验证期迈入规模化量产前夜，钠美科技董事长周志勇表示，钠离子电池并非全面替代磷酸铁锂，而是储能技术谱系中的关键补充，精准切入对成本、安全和高低温性能敏感的细分市场。钠美科技董事长周志勇在2026高工钠电产业峰会上，周志勇以“钠电储能技术进展与市场展望”为题发表演讲，拆解储能市场增长逻辑、钠电差异化定位及钠美从正负极到电解液的全体系技术突破。在他看来，铁锂在储能场景中存在高温循环衰减快、低温性能差、充放电倍率低三大痛点，这正是钠电的切入口。储能爆发与成本拐点，钠电差异化定位打开空间周志勇认为，储能市场正进入爆发式扩容周期。全球新增储能装机从2025年的112GW增至2026年的158GW，预计2036年达308GW。截至2026年5月底，中国新型储能装机已达156.5GW，电化学储能占比超96%。可再生能源消纳、AI数据中心等新型负荷涌现，以及2027年1.8亿千瓦的政策目标，共同驱动储能市场超越线性增长。钠电的核心机遇首先来自资源禀赋。钠的地壳丰度是锂的1300倍，全球分布均匀，既规避锂资源地缘风险，也避免价格剧烈波动。更关键的是成本拐点正在到来：2026年一季度钠电电芯成本已降至0.40元/Wh，与磷酸铁锂价差缩小至0.1元/Wh以内，行业普遍预期年内实现成本平价。性能层面，钠电差异化优势同样清晰。热失控温度显著高于磷酸铁锂，本质安全性更优。钠电池-40℃容量保持率超90%，45℃循环大于4000次，在高寒高热地区具备独特吸引力。周志勇强调，钠电目标不是全面替代，而是精准切入大型储能、户用和工商业储能中对成本、安全和低温敏感的市场。直击铁锂三大痛点，钠美从正负极电解液系统破局铁锂在储能场景的痛点是周志勇演讲的核心切入点。他指出，磷酸铁锂常温循环宣传可达8000甚至10000次，但45℃高温下实际循环不到3000次，必须配套液冷；-40℃容量保持率在50%以下，北方冬季使用受限；高倍率充放电成本又显著上升，难以大规模推广。针对这些痛点，钠美构建了从正极、负极到电解液的全体系方案。正极采用多碳源低温烧结技术，碳层均匀致密包覆，有效减少铁溶出，从根源抑制高温循环衰减。负极通过梯度烧结和有序化包覆技术调控硬碳闭孔尺寸，构建石墨烯纳米域实现电子离子超高速转移，将2C充电SOC从65%提升至95%。电解液通过溶剂化结构调控降低去溶剂化能，配合高熵溶剂与含硫添加剂构筑SEI膜，-50℃下仍无析钠。这套方案的成果集中体现在首款储能电芯SP71173P175上。该产品容量175Ah，能量密度≥110Wh/kg，工作温度覆盖-40℃到75℃。循环性能方面，25℃下0.5P循环达10000次、2P循环6000次，45℃下0.5P循环预计≥8000次；低温性能方面，-20℃容量保持率≥93%，-40℃≥90%；能量效率0.5P下≥96%，比1P铁锂高出1到2个百分点。安全性能上，过充、短路、过放、针刺四项测试均通过，无起火无爆炸。1.5GWh基地量产在即，多场景验证跑出商业化加速度作为2023年10月成立的初创企业，钠美的产业化节奏远超行业预期。公司总部位于洛阳，已形成洛阳研发总部、新疆奇台、四川巴中、内蒙古鄂尔多斯的全国布局，拥有70余项国家专利。资本层面，2026年初钠美完成超亿元融资，用于巴中1.5GWh基地建设；同年4月巴中市钠电产业基金追加投资2000万元，总投资达5600万元。产能层面，巴中1.5GWh产线预计将于2026年三季度正式下线，分圆柱和方壳两大产品线；2027至2028年总产能将扩至5GWh，目标销售额突破40亿元，启动上市筹备。商业化落地方面，钠美已在多场景实现验证。新疆奇台光储充项目运行超9个月，该地区极端低温-35℃、极端高温45℃，系统综合能效达94.63%，放电末端压差小于50mV；洛阳两座光储充充电站运行良好。2026年以来，公司海外接连拿下保加利亚、法国订单，向俄罗斯出口叉车钠电电源和通信电源系统，-40℃下超90%容量保持率有效解决严寒地区作业动力不足。此外，钠美还与中国一拖合作拖拉机启停电源、为吉利开发醇钠增程式轻卡、与国网河南电力合作DTU电源、与万洋集团联合开发数据机房UPS备电，覆盖储能、动力、备电等多元场景。“钠电的价值需要在具体场景中逐一验证。”周志勇表示，储能爆发为钠电提供了历史性机遇，真正的竞争力来自对铁锂痛点的系统性解决能力。从洛阳到新疆，从国内到海外，钠美正以技术为刃、以产能为盾，在钠电储能的差异化赛道上加速奔跑。声明：本文章属高工钠电原创，转载请注明出处。商业转载请联系（微信号：zhaochong1213）获得授权。往期精彩■ 英钠率先落地NFPP新计价方式，核心客户已接受■ 华熔科技：煤基硬碳首效已可达90%■ 容钠新能源：分级孔硬碳已实现万吨量产【高工钠电】铁锂做不到的事，钠电怎么做？钠美科技给出了答案。,,,,pending
Angew. Chem.：FE 86.6%，甲醇与二甲胺光电合成DMF,有机电催化,有机电催化,"RIOnews API, 电化学合成, 电催化, 电合成",normal,2026-08-25T16:12:16+08:00,,"光电催化 · C–N偶联 · DMF · 双活性位点一句话看懂甲醇与二甲胺的光电C–N偶联受底物竞争吸附和自由基选择性限制，难以在温和条件下高效制备N,N-二甲基甲酰胺。该研究以氧等离子体构筑BvVO@BiOx非对称双位点，分别活化甲醇和二甲胺；在0.8 V vs. Ag/AgCl下DMF FE为86.6%，选择性为90.1%。DMF通常依赖一氧化碳与二甲胺的高温高压羰基化过程，原料与能耗均对温和合成路线提出挑战。光电催化可利用光生载流子驱动醇和胺活化，但不同底物在单一位点的竞争会削弱自由基的有效耦合。因此，需要在同一光阳极中实现底物活化空间分离并控制中间体汇合。核心问题如何将甲醇氧化和二甲胺",http://mp.weixin.qq.com/s?__biz=MzUyNTc2ODMyOQ==&mid=2247561753&idx=1&sn=e482326322560ae344d2341359342515,,"光电催化 · C–N偶联 · DMF · 双活性位点一句话看懂甲醇与二甲胺的光电C–N偶联受底物竞争吸附和自由基选择性限制，难以在温和条件下高效制备N,N-二甲基甲酰胺。该研究以氧等离子体构筑BvVO@BiOx非对称双位点，分别活化甲醇和二甲胺；在0.8 V vs. Ag/AgCl下DMF FE为86.6%，选择性为90.1%。DMF通常依赖一氧化碳与二甲胺的高温高压羰基化过程，原料与能耗均对温和合成路线提出挑战。光电催化可利用光生载流子驱动醇和胺活化，但不同底物在单一位点的竞争会削弱自由基的有效耦合。因此，需要在同一光阳极中实现底物活化空间分离并控制中间体汇合。核心问题如何将甲醇氧化和二甲胺","光电催化 · C–N偶联 · DMF · 双活性位点一句话看懂甲醇与二甲胺的光电C–N偶联受底物竞争吸附和自由基选择性限制，难以在温和条件下高效制备N,N-二甲基甲酰胺。该研究以氧等离子体构筑BvVO@BiOx非对称双位点，分别活化甲醇和二甲胺；在0.8 V vs. Ag/AgCl下DMF FE为86.6%，选择性为90.1%。DMF通常依赖一氧化碳与二甲胺的高温高压羰基化过程，原料与能耗均对温和合成路线提出挑战。光电催化可利用光生载流子驱动醇和胺活化，但不同底物在单一位点的竞争会削弱自由基的有效耦合。因此，需要在同一光阳极中实现底物活化空间分离并控制中间体汇合。核心问题如何将甲醇氧化和二甲胺活化分配到相邻但功能不同的位点，以提高双自由基C–N偶联制DMF的效率与选择性？本文要点1. 氧等离子体在BiVO₄表面协同形成铋空位和BiOx物种，构筑非对称双活性位点。2. 0.8 V vs. Ag/AgCl下DMF FE为86.6%，选择性为90.1%，产率为145.5 mmol m⁻² h−1。3. EPR、原位ATR-FTIR和差分质谱追踪*CHO与*N(CH₃)₂，支持自由基介导的C–N耦合。4. 175 cm²并联堆叠光电器件和多种醇、环状仲胺底物验证了器件与底物扩展性。关键图表解读非对称铋位点的构筑与结构表征。Figure 2. 非对称铋位点的构筑与结构表征。原子分辨表征显示BiVO₄表面同时存在铋空位与BiOx纳米相，拉曼峰位发生协同移动，表明等离子体处理形成的非对称界面为两类底物的差异化活化提供了结构依据。DMF光电合成的性能窗口。Figure 3. DMF光电合成的性能窗口。0.8 V vs. Ag/AgCl下BvVO@BiOx的DMF FE为86.6%，选择性为90.1%，表明双位点光阳极在优化偏压下可提高甲醇与二甲胺的C–N偶联效率。双自由基C–N偶联的原位证据。Figure 4. 双自由基C–N偶联的原位证据。EPR检出氮中心自由基，原位红外出现*C═O–N与*N–CH₃信号，质谱同步监测DMF生成，表明多种原位信号共同支持*CHO与*N(CH₃)₂参与界面自由基偶联，但单一谱图不足以独立确定完整路径。堆叠光电器件与底物扩展。Figure 6. 堆叠光电器件与底物扩展。175 cm²堆叠光电器件保持DMF生成，并可将多种醇和环状仲胺拓展为酰胺产物，表明该双位点策略具备由模型底物向器件化和底物扩展转化的可行性。关键数据BvVO@BiOx在0.8 V vs. Ag/AgCl下DMF FE为86.6%，选择性为90.1%，产率为145.5 mmol m⁻² h−1；最优反应物摩尔比为甲醇:二甲胺=1:5。可以继续思考什么？放大光电器件时，光照分布、传质和局部碱度将共同影响双位点的选择性。不同胺底物在长期运行中的吸附竞争及产物分离代价，还需在连续流条件下进一步量化。文献信息论文题目：Asymmetric Dual Sites Enable Spatially Resolved Biradical-Mediated C–N Coupling for N,N-Dimethylformamide Photoelectrosynthesis期刊：Angewandte Chemie International Edition, 2026, e9125401DOI：10.1002/anie.9125401通讯作者：Jungang Hou有机电催化学术交流QQ群: 692419836",,,,pending
突破400Wh/kg！国轩高科全固态电池量产线完成整体设计！,起点固态电池,起点固态电池,"RIOnews API, 固态电池, 硫化物电解质, 半固态, 固液混合, 全固态, 产品发布, 发布, 发布会, 信息披露, 年报, 披露, 合作进展, 定点, 投资, 技术进展, 最新进展, 实验室验证, 技术验证, 量产推进, 批量交付, 产能, 产线设计, 环境影响评价",normal,2026-08-25T16:11:41+08:00,,倒计时3天 2026起点户储电池生态大会暨全球户储电池TOP排行榜发布会会议主题：创新引领 供需重构主办单位：起点锂电、起点储能、起点研究会议时间：2026年8月28日会议地点：深圳宝安登喜路国际酒店2楼国际厅协办单位：远航锦锂、上海前沿新能源电源技术研究院演讲及赞助单位名单：远航锦锂/瑞浦兰钧/赣锋锂电/海四达/古瑞瓦特/比克电池/Zoho/卡诺普/钹鑫科技/川源科技/亿鑫丰/智慧动锂/欣闪智能/启瑞达物流/约跃时代/瑞能股份/国际先进技术工程院/惠州仲恺高新区管委会等活动咨询：邱先生 ***********2026年中报披露窗口期，国轩高科在交出业绩高增答卷的同时，同步对外公开其全固态电池,http://mp.weixin.qq.com/s?__biz=MzU3MzMxNDI5Ng==&mid=2247499333&idx=1&sn=f9d524d026172d2527d290b8d209c4f8,,倒计时3天 2026起点户储电池生态大会暨全球户储电池TOP排行榜发布会会议主题：创新引领 供需重构主办单位：起点锂电、起点储能、起点研究会议时间：2026年8月28日会议地点：深圳宝安登喜路国际酒店2楼国际厅协办单位：远航锦锂、上海前沿新能源电源技术研究院演讲及赞助单位名单：远航锦锂/瑞浦兰钧/赣锋锂电/海四达/古瑞瓦特/比克电池/Zoho/卡诺普/钹鑫科技/川源科技/亿鑫丰/智慧动锂/欣闪智能/启瑞达物流/约跃时代/瑞能股份/国际先进技术工程院/惠州仲恺高新区管委会等活动咨询：邱先生 ***********2026年中报披露窗口期，国轩高科在交出业绩高增答卷的同时，同步对外公开其全固态电池,倒计时3天 2026起点户储电池生态大会暨全球户储电池TOP排行榜发布会会议主题：创新引领 供需重构主办单位：起点锂电、起点储能、起点研究会议时间：2026年8月28日会议地点：深圳宝安登喜路国际酒店2楼国际厅协办单位：远航锦锂、上海前沿新能源电源技术研究院演讲及赞助单位名单：远航锦锂/瑞浦兰钧/赣锋锂电/海四达/古瑞瓦特/比克电池/Zoho/卡诺普/钹鑫科技/川源科技/亿鑫丰/智慧动锂/欣闪智能/启瑞达物流/约跃时代/瑞能股份/国际先进技术工程院/惠州仲恺高新区管委会等活动咨询：邱先生 ***********2026年中报披露窗口期，国轩高科在交出业绩高增答卷的同时，同步对外公开其全固态电池产业化布局的最新关键进展，标志着公司下一代电池技术从实验室验证阶段正式迈入量产落地的实质推进周期。8月25日，国轩高科正式发布2026年半年度报告。报告期内，公司实现营业收入277.76亿元，同比增长43.22%，创下连续六年同期营收新高；归母净利润13.86亿元，同比大幅增长278.05%；扣非归母净利润1.07亿元，同比增长46.71%，主营业务盈利水平实现稳步修复。作为公司核心增长引擎，报告期内动力电池板块实现收入225.97亿元，同比大涨61.01%，营收占比超八成。在稳固奇瑞、吉利、零跑等主力车型配套份额的基础上，上半年公司成功斩获鸿蒙智行、大众系列高端车型定点，正式进入华为、大众两大国际头部企业供应链体系，高端客户结构进一步优化。值得关注的是，伴随大众标准电芯自2025年底实现稳定批量交付，叠加海外本地化产能建设持续落地，国轩高科全球化战略已从前期投入期迈入成果释放阶段。报告期内，公司海外营收达94.76亿元，同比增长48.06%，占总营收比重达到34%，海外市场已成为拉动公司业绩增长的核心一极。金石全固态电池能量密度突破400Wh/kg在业绩超预期的同时，国轩高科在半年报中同步披露了固态电池业务的最新进展，明确其固液混合电池及全固态电池双线推进节奏均走在行业前端。目前，国轩G垣混合固液电池已实现量产，率先完成产业转化。该G垣固液混合智慧电池电芯能量密度突破300Wh/kg，系统能量密度超235Wh/kg，搭载车型可实现千公里续航，目前已对接数十家车企完成多轮测试验证，年内将正式开启批量交付。核心技术层面，金石全固态电池能量密度已突破400Wh/kg，且顺利通过针刺、高温热箱等多项极限严苛安全测试，全程无冒烟、无起火，安全边界较传统液态电池大幅拓宽。产业化端，其0.2GWh中试线已全线贯通，目前正有序推进装车路测工作；规划中的2GWh全固态电池量产线已完成整体设计，后续将按节点启动建设，为2027年小批量量产装车筑牢基础。上游材料配套同步推进为破解固态电池产业化过程中的成本高企痛点，国轩高科长期坚持向上游核心材料环节延伸布局，形成“材料－电芯－系统”的全链条自研体系。数据显示，当前硫化物电解质70%—80%的成本来自核心原料硫化锂。针对这一核心瓶颈，国轩高科制定了清晰的产能爬坡路径：2026年落地硫化锂产能300吨/年，2027年扩至20000吨/年，2030年达50000吨/年，远期可支撑150GWh固态电池的生产需求；同步规划2000吨/年硫化物固态电解质产能，长期目标将全固态电芯成本降至1元/Wh，推动固态电池进入平价商用阶段。为保障上述产能规划落地，国轩高科近期已连续落地两大核心材料项目。7月21日，国轩高科安庆年产20000吨固态电池关键材料项目正式启动建设，该项目于今年4月完成签约，由安徽乾圆科技有限公司负责实施，系全球首条万吨级高纯硫化锂量产产线，计划2027年完成产业化建设。8月12日，合肥市生态环境局发布合肥乾锐科技有限公司年产1万吨硫化物固态电解质材料项目环境影响评价第二次公示。该项目总投资约10.66亿元，规划年产1万吨硫化物固态电解质材料，建成后将成为国内规模领先的硫化物电解质量产基地，为后续全固态电池大规模量产提供稳定的核心材料支撑。整体看，从半固态率先量产落地，到全固态产线设计完成，再到上游核心材料产能同步布局，国轩高科已形成覆盖“材料－电芯－应用”的完整固态电池产业化闭环。总结当前全球固态电池产业正处于“标准体系落地+政策红利释放+产业化冲刺”的三重共振窗口：中国牵头制定的全球首个固态电池IEC国际标准正式立项，国内车用固态电池国标已落地实施，消费税免征政策持续托底，行业此前“半固态”“准固态”概念混用的乱象被逐步终结，全行业正式从技术验证阶段迈入规模化量产前夜。但与此同时，多数企业仍停留在中试线调试、小范围送样的早期阶段，上游硫化锂、硫化物电解质等核心材料的规模化量产能力普遍缺失，全链条成本高企仍是制约行业大规模商用的核心共性瓶颈。在此产业背景下，国轩高科的差异化布局具备极强的稀缺性：其一，公司是行业实现“固液先行量产、全固态同步推进”双线落地的企业之一，技术落地节奏完全匹配产业迭代周期；其二，率先打通了上游核心材料的自主布局路径，从万吨级硫化锂产线到万吨级硫化物电解质项目同步落地，依托全链条自主可控的产能规划，直接锚定1元/Wh的全固态电芯成本目标，从根源上破解了行业普遍面临的材料卡脖子与成本难题；其三，依托此前在动力电池领域积累的大众、华为等头部高端客户资源，其固态电池产品从研发阶段就同步对接全球主流车企的测试标准，后续量产落地后可直接依托成熟的客户体系快速完成装车渗透，在全球固态电池产业的量产竞速中占据了确定性领先位置。综合来看，国轩高科已在全球下一代电池技术的竞争中抢占关键身位，在2027—2030年的全固态量产竞速周期里，具备超过行业平均水平的成本稳定性与交付确定性。全球固态电池群04-码上入群点击阅读原文，即可报名参展！,,,,pending
中国能建与国祥世纪新能源推进固态电池及共享储能项目落地,起点固态电池,起点固态电池,"RIOnews API, 固态电池, 产品发布, 发布, 发布会, 合作进展, 战略合作, 投资, 合作, 量产推进, 产线规划, 产线建设",normal,2026-08-25T16:11:41+08:00,,倒计时3天 2026起点户储电池生态大会暨全球户储电池TOP排行榜发布会会议主题：创新引领 供需重构主办单位：起点锂电、起点储能、起点研究会议时间：2026年8月28日会议地点：深圳宝安登喜路国际酒店2楼国际厅协办单位：远航锦锂、上海前沿新能源电源技术研究院演讲及赞助单位名单：远航锦锂/瑞浦兰钧/赣锋锂电/海四达/古瑞瓦特/比克电池/Zoho/卡诺普/钹鑫科技/川源科技/亿鑫丰/智慧动锂/欣闪智能/启瑞达物流/约跃时代/瑞能股份/国际先进技术工程院/惠州仲恺高新区管委会等活动咨询：邱先生 ***********中国能建华东区域总部上海省部总经理陶军一行莅临国祥世纪新能源开展专项座谈交流。国祥世,http://mp.weixin.qq.com/s?__biz=MzU3MzMxNDI5Ng==&mid=2247499333&idx=2&sn=d3357e04511d307db101e178e624a06b,,倒计时3天 2026起点户储电池生态大会暨全球户储电池TOP排行榜发布会会议主题：创新引领 供需重构主办单位：起点锂电、起点储能、起点研究会议时间：2026年8月28日会议地点：深圳宝安登喜路国际酒店2楼国际厅协办单位：远航锦锂、上海前沿新能源电源技术研究院演讲及赞助单位名单：远航锦锂/瑞浦兰钧/赣锋锂电/海四达/古瑞瓦特/比克电池/Zoho/卡诺普/钹鑫科技/川源科技/亿鑫丰/智慧动锂/欣闪智能/启瑞达物流/约跃时代/瑞能股份/国际先进技术工程院/惠州仲恺高新区管委会等活动咨询：邱先生 ***********中国能建华东区域总部上海省部总经理陶军一行莅临国祥世纪新能源开展专项座谈交流。国祥世,倒计时3天 2026起点户储电池生态大会暨全球户储电池TOP排行榜发布会会议主题：创新引领 供需重构主办单位：起点锂电、起点储能、起点研究会议时间：2026年8月28日会议地点：深圳宝安登喜路国际酒店2楼国际厅协办单位：远航锦锂、上海前沿新能源电源技术研究院演讲及赞助单位名单：远航锦锂/瑞浦兰钧/赣锋锂电/海四达/古瑞瓦特/比克电池/Zoho/卡诺普/钹鑫科技/川源科技/亿鑫丰/智慧动锂/欣闪智能/启瑞达物流/约跃时代/瑞能股份/国际先进技术工程院/惠州仲恺高新区管委会等活动咨询：邱先生 ***********中国能建华东区域总部上海省部总经理陶军一行莅临国祥世纪新能源开展专项座谈交流。国祥世纪新能源核心管理团队接待来访，双方围绕前期达成的战略合作框架，聚焦项目落地实施细则展开深度研讨。交流会上，国祥世纪新能源张财华董事长详细介绍聚合物固态电池技术路线、500Ah大容量电芯研发成果、产线规划，以及上海嘉定安亭固态电池电芯制造基地、配套独立共享储能示范电站两大重点项目推进方案，汇报项目厂房选址、洁净产线建设、储能电站规划、投资计划、要素保障诉求等相关内容。陶军总经理对国祥世纪新能源聚合物固态电池产业化布局、独立共享储能一体化发展思路给予高度认可。他表示，中国能建具备能源规划、工程建设、储能电站投资、电网接入配套等全链条资源优势，高度看好下一代固态电池与共享储能协同发展赛道。后续将充分发挥华东区域总部属地统筹能力，联动各方资源，协同推进嘉定安亭固态电池产业厂房落地、独立共享储能示范电站规划申报、工程建设、能源配套等相关工作，打通项目落地关键环节。双方一致同意，建立常态化专项对接机制，明确各事项推进节点，加快合作方案细化，推动两大重点项目早日落地建设，共同打造上海区域固态电池先进制造绿色零碳工厂+独立共享储能示范标杆项目，助力区域新型电力系统建设与新能源产业高质量发展。全球固态电池群04-码上入群点击阅读原文，即可报名参展！,,,,pending
CINE2026（第三届）固态电池及钠电国际展定档2026年11月6-7日，广州南沙举办！,起点固态电池,起点固态电池,"RIOnews API, 固态电池",normal,2026-08-25T16:11:41+08:00,,CINE2026（第三届）固态电池及钠电国际展一、展会论坛组织架构展会活动名称：CINE2026（第三届）钠电及固态电池国际展CINE2026电摩电池展同期活动：2026起点钠电年会暨钠电金鼎奖颁奖典礼2026起点固态电池年会暨固态电池金鼎奖颁奖典礼2026起点电摩年会暨电摩电池金鼎奖颁奖典礼主办单位：起点钠电起点固态电池起点电摩及换电起点研究活动规模：展商规模100+参会企业1000+专业观众10000+搭建时间：2026年11月4日-5日展会时间：2026年11月6日-7日 （周五、周六）举办地点：广州南沙国际会展中心2楼船厅和南沙厅第一批展商及赞助商名录：金钠科技/茹天科技/华普森/奥冠,http://mp.weixin.qq.com/s?__biz=MzU3MzMxNDI5Ng==&mid=2247499333&idx=3&sn=48c4dc5b113a5c87efe804eb4a33e01a,,CINE2026（第三届）固态电池及钠电国际展一、展会论坛组织架构展会活动名称：CINE2026（第三届）钠电及固态电池国际展CINE2026电摩电池展同期活动：2026起点钠电年会暨钠电金鼎奖颁奖典礼2026起点固态电池年会暨固态电池金鼎奖颁奖典礼2026起点电摩年会暨电摩电池金鼎奖颁奖典礼主办单位：起点钠电起点固态电池起点电摩及换电起点研究活动规模：展商规模100+参会企业1000+专业观众10000+搭建时间：2026年11月4日-5日展会时间：2026年11月6日-7日 （周五、周六）举办地点：广州南沙国际会展中心2楼船厅和南沙厅第一批展商及赞助商名录：金钠科技/茹天科技/华普森/奥冠,CINE2026（第三届）固态电池及钠电国际展一、展会论坛组织架构展会活动名称：CINE2026（第三届）钠电及固态电池国际展CINE2026电摩电池展同期活动：2026起点钠电年会暨钠电金鼎奖颁奖典礼2026起点固态电池年会暨固态电池金鼎奖颁奖典礼2026起点电摩年会暨电摩电池金鼎奖颁奖典礼主办单位：起点钠电起点固态电池起点电摩及换电起点研究活动规模：展商规模100+参会企业1000+专业观众10000+搭建时间：2026年11月4日-5日展会时间：2026年11月6日-7日 （周五、周六）举办地点：广州南沙国际会展中心2楼船厅和南沙厅第一批展商及赞助商名录：金钠科技/茹天科技/华普森/奥冠电池/旭钠/信瑞新能源/纳甘/儒特股份/晟钠新能/同兴皓升/海四达钠星/钠美科技/科达新能源/钠特尔/川源科技/奥克莱集团/青钠能源/科锐晟/九续钠电/希倍动力/恒大高新/科迈罗/长篙新材/易禾环境/鹏锦智能/赣锋锂电/宝试仪器/旭派动力/津工能源/日联科技/极电特能/亿隆能源/双环科技/瑞森新材料/钠科能源/璟熵新材料/宇恒电池等二、展会及论坛议程三、展馆布局图四参展及论坛报名费用收款单位：深圳市起点研究咨询有限公司开户行：中国农业银行深圳前进路支行银行账号：41019700040025862汇款请注明：宣传费/服务费/会议展览服五、组委会联系方式参展+赞助咨询： 杨先生：*********** 邱先生：*********** 江先生：*********** 尧先生：***********邹先生：*********** 展会免费门票登记领取/组团参观：张小姐：***********论坛报名：于小姐：***********媒体合作：黄小姐：***********刘小姐 ***********六、往届参展展商名录金钠科技/天能钠电/皓升新能源/科迈罗/茹天科技/亮见钠电/维科技术/海四达钠星/易事特钠电/泰和科技/隐功科技/国科炭美/晟钠新能/中钠能源/乔岳智能/津工能源/科达新能源/时代思康/富钠能源/极电特能/华普森/叁星飞荣/纳甘新能源/扬广科技/银川苏银产业园/兆钠新能源/精诚时代/儒特股份/希倍动力/先导干燥/瓦时动力/博粤新材料/苏州翼动新能/亿隆能源/钠创新能源/凯德利/长篙新材/孚悦科技/珈钠能源/鑫钠新材料/同兴科技/黔钠科技/鑫晟达/新威/容钠新能源/科路得新能源/华迈智能/猛狮新能源/绿捷环境/钠美科技/柏励司/派能科技/英钠新能源/为方能源/盛安精瓷/果曼钠电/中科固能 /融捷能源/浙江锋锂/国联动力/瑞森新材料/海裕百特/天石科丰/有研广东院/博粤新材/研一新材料/巴斯夫杉杉/清研电子/先导智能/清华大学深圳院/中科院合肥物质科学研究院/巴中经开区/佰思格/厦门前驱新材料/艾迈斯/钹鑫科技/成泰科技/铧钠新材料/瑞扬新能源/尚金干燥/湖钠能源/钠博恩/璞钠能源/钠奇盛新能源/三盛塑胶/华钠科技/天钠科技/金启航新能源/钠创新能源/汇创新能源/愚公高科/儒特实业/津工能源/莫洛奇/果曼钠电/亿纬锂能/福建贤辰/易事特/尚水智能/浦士达/容钠新能源/中天和/苏州研新/猛狮新能源/凯德利/超力源/净森源/珠海欧美莱/昇旭光电/陀普科技/英钠新能源/苏州翼动/泽源智能/国科炭美/奥冠电池/金力新能源/纷享销客/东能钠新/思谷智能/卓能新能源/智莱科技/浩能科技/同兴环保/杰事途/海裕百特/汇港标杆/比特安/中比新能源/恒大高新/铜益九州/和誉智能/琥崧科技点击阅读原文，即可报名参展！,,,,pending
富临精工终止17.5万吨磷酸铁锂合作！,储能前沿,储能前沿,"RIOnews API, 磷酸铁锂, 铁锂, 储能, 产能, 投产, 合作协议, 投资, 发布, 落地",normal,2026-08-25T15:44:00+08:00,,8月24日晚间，富临精工（300432）发布公告，公司拟终止与德阳川发龙蟒新材料有限公司（以下简称“德阳川发龙蟒”）在绵竹市德阳—阿坝生态经济产业园的“17.5万吨磷酸铁锂项目”投资合作，并签署《投资合作协议之终止协议》。具体项目详细：2025年10月28日，富临精工官宣，公司控股子公司江西升华新材料有限公司（以下简称“江西升华”）拟在德阳—阿坝生态经济产业园区内投资建设年产35万吨新型高压实密度磷酸铁锂项目，项目分两期建设，一期项目新建年产17.5万吨新型高压实密度新型磷酸铁锂生产线，二期项目新建年产17.5万吨新型高压实密度新型磷酸铁锂生产线，预计总投资金额40亿元。基于上述投资规划，江西,http://mp.weixin.qq.com/s?__biz=Mzg3MjY1NTkxNg==&mid=2247601116&idx=1&sn=7f5dd93061190231ca56177c6ac9722f,,8月24日晚间，富临精工（300432）发布公告，公司拟终止与德阳川发龙蟒新材料有限公司（以下简称“德阳川发龙蟒”）在绵竹市德阳—阿坝生态经济产业园的“17.5万吨磷酸铁锂项目”投资合作，并签署《投资合作协议之终止协议》。具体项目详细：2025年10月28日，富临精工官宣，公司控股子公司江西升华新材料有限公司（以下简称“江西升华”）拟在德阳—阿坝生态经济产业园区内投资建设年产35万吨新型高压实密度磷酸铁锂项目，项目分两期建设，一期项目新建年产17.5万吨新型高压实密度新型磷酸铁锂生产线，二期项目新建年产17.5万吨新型高压实密度新型磷酸铁锂生产线，预计总投资金额40亿元。基于上述投资规划，江西,8月24日晚间，富临精工（300432）发布公告，公司拟终止与德阳川发龙蟒新材料有限公司（以下简称“德阳川发龙蟒”）在绵竹市德阳—阿坝生态经济产业园的“17.5万吨磷酸铁锂项目”投资合作，并签署《投资合作协议之终止协议》。具体项目详细：2025年10月28日，富临精工官宣，公司控股子公司江西升华新材料有限公司（以下简称“江西升华”）拟在德阳—阿坝生态经济产业园区内投资建设年产35万吨新型高压实密度磷酸铁锂项目，项目分两期建设，一期项目新建年产17.5万吨新型高压实密度新型磷酸铁锂生产线，二期项目新建年产17.5万吨新型高压实密度新型磷酸铁锂生产线，预计总投资金额40亿元。基于上述投资规划，江西升华与四川发展龙蟒股份有限公司全资子公司德阳川发龙蟒签署《投资合作协议》（简称“原协议”），双方共同投资设立合资公司，并以合资公司为主体新建年产17.5万吨磷酸铁锂项目。富临精工指出，原协议签署后，双方就合作细节及项目推进方案进行了多轮沟通与论证。鉴于原协议项下合资公司尚未设立，且合作事项在实施路径、资源配置及决策效率等方面难以满足项目快速推进的实际需要，经公司审慎评估并与合作方友好协商，双方一致认为原协议项下合作事项已不具备继续推进的条件，并拟签署《投资合作协议之终止协议》。为保障公司磷酸铁锂产能布局落地，公司控股子公司江西升华承接并加快推进该项目的后续全部建设工作。截至目前，富临精工年产35万吨新型高压实密度磷酸铁锂项目已处于投产过程，产线建设及调试工作均按计划有序推进，产能释放进度符合公司预期。需要注意的是，本次终止投资合作系富临精工与合作方协商一致的结果。同时，富临精工明确，公司已就该项目投入自有资金及核心技术团队，项目实施过程中所采用的生产工艺、设备选型及工程管理方案均由公司自主确定并独立执行，项目资产完整，资金来源明确，不存在依赖原合作方的情形。文章来源：电池网扫码加入中国储能行业通讯录免责声明：本公众号文章版权归原作者及原出处所有 。内容为作者个人观点， 并不代表本公众号赞同其观点和对其真实性负责。本公众号并不用于商业目的，如有涉及侵权等，请及时告知，我们会尽快处理。本公众号拥有对此声明的最终解释权。,,,,pending
总投资3.48亿元！固态电池/钠电/固液项目落地,储能前沿,储能前沿,"RIOnews API, 钠电池, 储能, 工商业储能, 电池回收, 装机, 达产, 订单, 投资, 上市, 海外, 政策, 量产, 项目落地, 落地",normal,2026-08-25T15:44:00+08:00,,8月20日，广东省豪鹏新能源科技有限公司的“广东豪鹏新型电池及电池模组建设项目”备案复核通过。该项目位于惠州市仲恺区潼湖镇中韩产业园，总投资3.48亿元，占地面积6.2万平方米。项目建设内容涵盖消费类新型电池的研发、生产与销售，包括钠离子电池、固液电池、固态电池的电芯及电池模组产品。项目达产后，预计可实现年产值26.57亿元人民币，年纳税0.57亿元。资料显示，广东省豪鹏新能源科技有限公司为上市公司豪鹏科技的全资子公司，成立于2020年5月，法定代表人潘党育，主营业务涵盖锂离子电池、镍氢电池的研发、设计与制造，同时涉及废旧电池回收及资源循环利用。在近期的现场交流活动中，豪鹏科技透露，根据相关政,http://mp.weixin.qq.com/s?__biz=Mzg3MjY1NTkxNg==&mid=2247601116&idx=2&sn=05e0a4d993e59bd533b5fe7369c7e01e,,8月20日，广东省豪鹏新能源科技有限公司的“广东豪鹏新型电池及电池模组建设项目”备案复核通过。该项目位于惠州市仲恺区潼湖镇中韩产业园，总投资3.48亿元，占地面积6.2万平方米。项目建设内容涵盖消费类新型电池的研发、生产与销售，包括钠离子电池、固液电池、固态电池的电芯及电池模组产品。项目达产后，预计可实现年产值26.57亿元人民币，年纳税0.57亿元。资料显示，广东省豪鹏新能源科技有限公司为上市公司豪鹏科技的全资子公司，成立于2020年5月，法定代表人潘党育，主营业务涵盖锂离子电池、镍氢电池的研发、设计与制造，同时涉及废旧电池回收及资源循环利用。在近期的现场交流活动中，豪鹏科技透露，根据相关政,8月20日，广东省豪鹏新能源科技有限公司的“广东豪鹏新型电池及电池模组建设项目”备案复核通过。该项目位于惠州市仲恺区潼湖镇中韩产业园，总投资3.48亿元，占地面积6.2万平方米。项目建设内容涵盖消费类新型电池的研发、生产与销售，包括钠离子电池、固液电池、固态电池的电芯及电池模组产品。项目达产后，预计可实现年产值26.57亿元人民币，年纳税0.57亿元。资料显示，广东省豪鹏新能源科技有限公司为上市公司豪鹏科技的全资子公司，成立于2020年5月，法定代表人潘党育，主营业务涵盖锂离子电池、镍氢电池的研发、设计与制造，同时涉及废旧电池回收及资源循环利用。在近期的现场交流活动中，豪鹏科技透露，根据相关政策，2026年9月1日至2028年12月31日期间，钠离子电池、固态电池等将免征消费税。公司计划抓住政策窗口期，加快固态电池、钠电池等新型电池从研发向量产转换的节奏，同时优化产品结构，提升高附加值品类的占比。目前，公司正持续推进“AI端侧电池+固态”双轮驱动战略，重点布局AIPC、AI眼镜、机器人等高附加值终端电池产品。此类产品具备较强溢价能力，对消费税的消化能力也更为突出。在储能业务方面，豪鹏科技表示，该板块作为公司第二增长曲线，下游需求旺盛，当前在手订单充足，产线处于满产状态。从订单能见度来看，公司聚焦户用储能、阳台储能、工商业储能等高景气细分场景，海外需求尤其是欧洲户用储能市场持续旺盛。同时，国内“十五五”新型储能装机目标（2030年达300GW）的政策驱动，也为未来2-3年订单能见度与持续性提供支撑。不过，公司也指出，未来订单获取情况仍受行业需求、市场竞争、客户拓展及宏观环境等多重因素影响。扫码加入中国储能行业通讯录免责声明：本公众号文章版权归原作者及原出处所有 。内容为作者个人观点， 并不代表本公众号赞同其观点和对其真实性负责。本公众号并不用于商业目的，如有涉及侵权等，请及时告知，我们会尽快处理。本公众号拥有对此声明的最终解释权。,,,,pending
600元参会！合肥见！26年（第十届）中国固态电池大会,锂电前沿,锂电前沿,"RIOnews API, 新材料, 复合材料, 碳, 聚合物, 高比能, 锂硫电池, 硅, 前沿表征, 高通量, 固态电池, 固态电解质, 陶瓷材料, 新型电池, 空气电池, 钠离子电池, 钠电, 钠电池, 储能, 循环寿命, 负极材料, 融资",normal,2026-08-25T15:29:00+08:00,,温馨提醒：优惠票600元每人（含餐），截止时间9月15号（含），缴费成功视为报名成功；参展和报名电话.陈老师：***********2026年（第十届）中国固态电池技术创新与产业化研讨会2026年11月25-27日 安徽.合肥会议背景固态电池是当前二次电池领域最为活跃的研究方向之一。理论上，全固态锂离子电池的能量密度可达900Wh/kg，由于采用固体电解质与高比能量负极，并可能防止锂枝晶导致的电池内部短路，固态电池的能量密度和循环寿命方面有望较传统锂电池有大幅提升。同时，固态电池还兼顾了长储存寿命、高功率密度和制备简单等特性，尤其是比高能量密度传统锂离子电池拥有更良好的热控及安全特性。固态电解,http://mp.weixin.qq.com/s?__biz=MzkzODYxNTc2OA==&mid=2247511628&idx=2&sn=4bde9cbd3abe8e732d1e01b8615a18b5,,温馨提醒：优惠票600元每人（含餐），截止时间9月15号（含），缴费成功视为报名成功；参展和报名电话.陈老师：***********2026年（第十届）中国固态电池技术创新与产业化研讨会2026年11月25-27日 安徽.合肥会议背景固态电池是当前二次电池领域最为活跃的研究方向之一。理论上，全固态锂离子电池的能量密度可达900Wh/kg，由于采用固体电解质与高比能量负极，并可能防止锂枝晶导致的电池内部短路，固态电池的能量密度和循环寿命方面有望较传统锂电池有大幅提升。同时，固态电池还兼顾了长储存寿命、高功率密度和制备简单等特性，尤其是比高能量密度传统锂离子电池拥有更良好的热控及安全特性。固态电解,温馨提醒：优惠票600元每人（含餐），截止时间9月15号（含），缴费成功视为报名成功；参展和报名电话.陈老师：***********2026年（第十届）中国固态电池技术创新与产业化研讨会2026年11月25-27日 安徽.合肥会议背景固态电池是当前二次电池领域最为活跃的研究方向之一。理论上，全固态锂离子电池的能量密度可达900Wh/kg，由于采用固体电解质与高比能量负极，并可能防止锂枝晶导致的电池内部短路，固态电池的能量密度和循环寿命方面有望较传统锂电池有大幅提升。同时，固态电池还兼顾了长储存寿命、高功率密度和制备简单等特性，尤其是比高能量密度传统锂离子电池拥有更良好的热控及安全特性。固态电解质作为固态电池核心技术，聚合物固态电解质、氧化物固态电解质、硫化物固态电解质三大类复合材料成为技术攻关的重点。但是，固态电解质要有与之适应的正负极体系。所以，推进全固态电池产业化的过程，也将是锂电正负极材料体系的一场全面变革。有鉴于此，为了进一步推动我国固态电池的研究创新和技术进步，及时了解固态电池最新相关研究成果和发展动态，尽早推广下游大规模应用，明确主要需求，加强行业交流，促进产学研协同创新，我们特别组织固态电池专题研讨会：26年（第十届）中国固态电池技术创新与产业化应用研讨会，会议将于2026年11月25日-27日在安徽.合肥举行。会议邀请固态电池领域的知名研究院所、大专院校、相关企业及投融资机构代表参会，就固态电池基础研究、关键材料、关键技术、关键装备及其标准等全产业领域展开探讨。共聚一堂，充分交流、集思广益、相互切磋，以期实质性促进我国固态电池的进一步发展。会议概况【会议时间】2026年11月25-27日（25日全天签到）【主办单位】锂电前沿【承办单位】 深圳友研科技有限公司固态电池会议交流内容 ●固体电解质材料：理论基础、新体系、规模制造及产业化应用●固态电池正负极材料：理论基础、新体系、规模制造及产业化应用●固态电池中的界面工程：界面观测与调控、制造及电池循环时的界面动态演变等●混合固液电解质锂电池：动力电池、储能电池及柔性电池等●全固态电池：全固态锂电池、全固态锂硫电池、全固态锂空气电池及全固态钠电池等●高通量理论和理论设计及计算方法在固态电池研究开发中的应用●固态电池的产业化技术会议形式主要通过大会报告、交流报告、现场讨论的形式，欢迎相关企业和检测机构安排小型展览。会议期间还将组织演讲嘉宾或行业资深专家们与参会代表互动进行自由讨论。为了共同办好这次会议，热烈欢迎各相关企业、科研院所赞助本次研讨会。会议注册费会议注册费：参会人员10月15日前11月20日前11月20日后以及现场正式代表2500元2800元3200元在校学生代表1500元1500元1800元（学生代表注册时需凭学生证，包含本科生、硕士、博士）注册费包含：会议费、资料费用等费用、不包含路费和住宿费，住宿要自订。账户信息：户名：深圳友研科技有限公司账号：757575353398开户行：中国银行股份有限公司深圳西丽支行付款时请注明“固态电池 +单位名称”开票注意事项：增值税普通发票请提供单位名称及税号。如果需要增值税专用发票，请提供单位名称、税号、地址、电话、开户行、账号第九届固态电池会议回顾2026年8月5日-7日，锂电前沿主办的“2026中国固态电池技术大会暨中国硅碳负极高峰论坛”在江苏常州顺利召开并圆满闭幕。锂电前沿举办此次会议议题紧贴固态电池，硅碳负极材料单位科研和产业化实际需求，引发市场广泛关注，受到专家及参会嘉宾一致好评，有力的推动了我国固态电池，硅碳负极材料的科技进步和产业化进程。第八届固态电池会议回顾2026年4月22日-24日，锂电前沿，钠电材料主办的“2026第八届中国固态电池技术创新与产业化应用研讨会暨中国钠电技术高峰论坛”在湖南长沙顺利召开并圆满闭幕。线下与会嘉宾达906人，参会单位超过550家，参展厂家超过60家，专题报告49个。锂电前沿，钠电材料举办此次会议议题紧贴固态电池，钠电材料单位科研和产业化实际需求，引发市场广泛关注，受到专家及参会嘉宾一致好评，有力的推动了我国固态电池，钠离子电池的科技进步和产业化进程。第七届固态电池会议回顾2025年10月22日-24日，锂电前沿，先进陶瓷材料主办的“2025第七届中国固态电池技术创新与产业化应用研讨会暨中国先进陶瓷技术与产业高峰论坛”在安徽合肥顺利召开并圆满闭幕。线下与会嘉宾达1036人，参会单位超过600家，参展厂家超过50家，专题报告42个。锂电前沿，先进陶瓷材料举办此次会议议题紧贴固态电池，先进陶瓷材料单位科研和产业化实际需求，引发市场广泛关注，受到专家及参会嘉宾一致好评，有力的推动了我国固态电池，先进陶瓷的科技进步和产业化进程。现场视频（点击上方观看）第五届固态电池会议回顾2024年10月，锂电前沿主办的“第五届中国固态电池技术创新与产业化应用研讨会”在安徽合肥顺利召开并圆满闭幕。线下与会嘉宾达820人，参会单位超过450家第六届固态电池会议回顾2025年3月26日-28日，锂电前沿主办的“2025第六届中国固态电池技术创新与产业化应用研讨会”在湖北武汉顺利召开并圆满闭幕。线下与会嘉宾达889人，参会单位超过500家，参展厂家超过50家，专题报告44个。锂电前沿举办此次会议议题紧贴固态电池单位科研和产业化实际需求，引发市场关注，受到专家及参会者广泛好评，有力的推动了我国固态电池的进一步发展。组委会联系方式参会、参展、宣传及赞助事宜联 系 人：陈老师 （赞助和报名事宜咨询）联系电话：***********（微信同号）邮 箱 ：sdlscck@163.com 报名方式一：长按报名报名方式二：点击左下方阅读原文报名,,,,pending
锂电新申报产能，暂停审批！,锂电前沿,锂电前沿,"RIOnews API, 新材料, 复合材料, 碳, 聚合物, 高比能, 锂硫电池, 硅, 前沿表征, 高通量, 固态电池, 固态电解质, 陶瓷材料, 新型电池, 空气电池, 钠离子电池, 钠电, 量产推进, 产能, 扩产, 比亚迪, 宁德时代, 亿纬, 中创新航, 国轩, 欣旺达, 钠电池, 储能, 储能电芯, 循环寿命, 电池回收, 梯次利用, 负极材料, GWh, 订单, 融资, 政策, 补贴",normal,2026-08-25T15:29:00+08:00,,自下半年起，国内锂电产业迎来重大政策转向。据悉，新申报的锂电产能项目已不再获得审批，这一实质性停摆标志着行业无序扩产时代的终结。此举并非地方性孤立行动，而是由国家工信部牵头、自年初便逐步铺开的系统性产能管控措施。从一月的行业座谈会，到四月的产能预警部署，再到六月各地暂停动力及储能锂电池项目手续办理，政策脉络清晰连贯。至八月，审批的实质性停摆已获媒体确认。此次政策收紧的直接动因，在于过去五年间动力电池销量激增十八倍后，低端同质化产能泛滥。储能电芯价格一度探至0.24元/Wh的地板价，行业面临重蹈光伏产业覆辙的风险。政策“关闸”已显现初步成效，储能电芯价格已回升至0.4元/Wh左右，半年涨幅达五成,http://mp.weixin.qq.com/s?__biz=MzkzODYxNTc2OA==&mid=2247511628&idx=1&sn=02b90481b6f8df14e8cf9f5493b0219b,,自下半年起，国内锂电产业迎来重大政策转向。据悉，新申报的锂电产能项目已不再获得审批，这一实质性停摆标志着行业无序扩产时代的终结。此举并非地方性孤立行动，而是由国家工信部牵头、自年初便逐步铺开的系统性产能管控措施。从一月的行业座谈会，到四月的产能预警部署，再到六月各地暂停动力及储能锂电池项目手续办理，政策脉络清晰连贯。至八月，审批的实质性停摆已获媒体确认。此次政策收紧的直接动因，在于过去五年间动力电池销量激增十八倍后，低端同质化产能泛滥。储能电芯价格一度探至0.24元/Wh的地板价，行业面临重蹈光伏产业覆辙的风险。政策“关闸”已显现初步成效，储能电芯价格已回升至0.4元/Wh左右，半年涨幅达五成,自下半年起，国内锂电产业迎来重大政策转向。据悉，新申报的锂电产能项目已不再获得审批，这一实质性停摆标志着行业无序扩产时代的终结。此举并非地方性孤立行动，而是由国家工信部牵头、自年初便逐步铺开的系统性产能管控措施。从一月的行业座谈会，到四月的产能预警部署，再到六月各地暂停动力及储能锂电池项目手续办理，政策脉络清晰连贯。至八月，审批的实质性停摆已获媒体确认。此次政策收紧的直接动因，在于过去五年间动力电池销量激增十八倍后，低端同质化产能泛滥。储能电芯价格一度探至0.24元/Wh的地板价，行业面临重蹈光伏产业覆辙的风险。政策“关闸”已显现初步成效，储能电芯价格已回升至0.4元/Wh左右，半年涨幅达五成。市场逻辑正从“产能规模竞争”转向“技术实力比拼”，被业界称为锂电领域的“供给侧改革”。审批闸门落下后，行业格局分化加剧。宁德时代在建产能高达764GWh，同时，工信部明确让宁德、比亚迪、国轩、中创新航、亿纬、欣旺达六家牵头制定未来三年的行业方案；而众多中小厂商则因新批文无门，且高度依赖地方补贴，面临显著的出清风险。此外，设备商群体因在建产线预计于2027年上半年基本完工，增量订单面临归零可能，成为政策调整的意外承压方。此外，动力电池回收环节的“梯次利用”资质名单同步作废，行业准入门槛与标准重塑，与产能审批政策形成“先关闸、再筛选”的协同效应。总体而言，锂电产业已正式步入存量博弈新周期。未来三年，拥有批文、技术及订单优势的企业将占据主导，而单纯依赖旧产能与补贴的企业则将加速离场。这一深刻变革，其影响远超任何一次价格波动，正从根本上重塑中国锂电产业的竞争规则与生态版图。文章来源：智电拆解温馨提醒：优惠票600元每人（含餐），截止时间9月15号（含），缴费成功视为报名成功；参展和报名电话.陈老师：***********2026年（第十届）中国固态电池技术创新与产业化研讨会2026年11月25-27日 安徽.合肥会议背景固态电池是当前二次电池领域最为活跃的研究方向之一。理论上，全固态锂离子电池的能量密度可达900Wh/kg，由于采用固体电解质与高比能量负极，并可能防止锂枝晶导致的电池内部短路，固态电池的能量密度和循环寿命方面有望较传统锂电池有大幅提升。同时，固态电池还兼顾了长储存寿命、高功率密度和制备简单等特性，尤其是比高能量密度传统锂离子电池拥有更良好的热控及安全特性。固态电解质作为固态电池核心技术，聚合物固态电解质、氧化物固态电解质、硫化物固态电解质三大类复合材料成为技术攻关的重点。但是，固态电解质要有与之适应的正负极体系。所以，推进全固态电池产业化的过程，也将是锂电正负极材料体系的一场全面变革。有鉴于此，为了进一步推动我国固态电池的研究创新和技术进步，及时了解固态电池最新相关研究成果和发展动态，尽早推广下游大规模应用，明确主要需求，加强行业交流，促进产学研协同创新，我们特别组织固态电池专题研讨会：26年（第十届）中国固态电池技术创新与产业化应用研讨会，会议将于2026年11月25日-27日在安徽.合肥举行。会议邀请固态电池领域的知名研究院所、大专院校、相关企业及投融资机构代表参会，就固态电池基础研究、关键材料、关键技术、关键装备及其标准等全产业领域展开探讨。共聚一堂，充分交流、集思广益、相互切磋，以期实质性促进我国固态电池的进一步发展。会议概况【会议时间】2026年11月25-27日（25日全天签到）【主办单位】锂电前沿【承办单位】 深圳友研科技有限公司固态电池会议交流内容 ●固体电解质材料：理论基础、新体系、规模制造及产业化应用●固态电池正负极材料：理论基础、新体系、规模制造及产业化应用●固态电池中的界面工程：界面观测与调控、制造及电池循环时的界面动态演变等●混合固液电解质锂电池：动力电池、储能电池及柔性电池等●全固态电池：全固态锂电池、全固态锂硫电池、全固态锂空气电池及全固态钠电池等●高通量理论和理论设计及计算方法在固态电池研究开发中的应用●固态电池的产业化技术会议形式主要通过大会报告、交流报告、现场讨论的形式，欢迎相关企业和检测机构安排小型展览。会议期间还将组织演讲嘉宾或行业资深专家们与参会代表互动进行自由讨论。为了共同办好这次会议，热烈欢迎各相关企业、科研院所赞助本次研讨会。会议注册费会议注册费：参会人员10月15日前11月20日前11月20日后以及现场正式代表2500元2800元3200元在校学生代表1500元1500元1800元（学生代表注册时需凭学生证，包含本科生、硕士、博士）注册费包含：会议费、资料费用等费用、不包含路费和住宿费，住宿要自订。账户信息：户名：深圳友研科技有限公司账号：757575353398开户行：中国银行股份有限公司深圳西丽支行付款时请注明“固态电池 +单位名称”开票注意事项：增值税普通发票请提供单位名称及税号。如果需要增值税专用发票，请提供单位名称、税号、地址、电话、开户行、账号第九届固态电池会议回顾2026年8月5日-7日，锂电前沿主办的“2026中国固态电池技术大会暨中国硅碳负极高峰论坛”在江苏常州顺利召开并圆满闭幕。锂电前沿举办此次会议议题紧贴固态电池，硅碳负极材料单位科研和产业化实际需求，引发市场广泛关注，受到专家及参会嘉宾一致好评，有力的推动了我国固态电池，硅碳负极材料的科技进步和产业化进程。第八届固态电池会议回顾2026年4月22日-24日，锂电前沿，钠电材料主办的“2026第八届中国固态电池技术创新与产业化应用研讨会暨中国钠电技术高峰论坛”在湖南长沙顺利召开并圆满闭幕。线下与会嘉宾达906人，参会单位超过550家，参展厂家超过60家，专题报告49个。锂电前沿，钠电材料举办此次会议议题紧贴固态电池，钠电材料单位科研和产业化实际需求，引发市场广泛关注，受到专家及参会嘉宾一致好评，有力的推动了我国固态电池，钠离子电池的科技进步和产业化进程。第七届固态电池会议回顾2025年10月22日-24日，锂电前沿，先进陶瓷材料主办的“2025第七届中国固态电池技术创新与产业化应用研讨会暨中国先进陶瓷技术与产业高峰论坛”在安徽合肥顺利召开并圆满闭幕。线下与会嘉宾达1036人，参会单位超过600家，参展厂家超过50家，专题报告42个。锂电前沿，先进陶瓷材料举办此次会议议题紧贴固态电池，先进陶瓷材料单位科研和产业化实际需求，引发市场广泛关注，受到专家及参会嘉宾一致好评，有力的推动了我国固态电池，先进陶瓷的科技进步和产业化进程。现场视频（点击上方观看）第五届固态电池会议回顾2024年10月，锂电前沿主办的“第五届中国固态电池技术创新与产业化应用研讨会”在安徽合肥顺利召开并圆满闭幕。线下与会嘉宾达820人，参会单位超过450家第六届固态电池会议回顾2025年3月26日-28日，锂电前沿主办的“2025第六届中国固态电池技术创新与产业化应用研讨会”在湖北武汉顺利召开并圆满闭幕。线下与会嘉宾达889人，参会单位超过500家，参展厂家超过50家，专题报告44个。锂电前沿举办此次会议议题紧贴固态电池单位科研和产业化实际需求，引发市场关注，受到专家及参会者广泛好评，有力的推动了我国固态电池的进一步发展。组委会联系方式参会、参展、宣传及赞助事宜联 系 人：陈老师 （赞助和报名事宜咨询）联系电话：***********（微信同号）邮 箱 ：sdlscck@163.com 报名方式一：长按报名报名方式二：点击左下方阅读原文报名,,,,pending
锂电/钠电/固态电池材料大全,锂电前沿,锂电前沿,"RIOnews API, 新材料, 电池材料, 碳, 隔膜, 粘结剂, 高比能, 富锂锰, 硅, 固态电池, 固态电解质, 钠离子电池, 钠电, 磷酸铁锂, 铁锂, 三元, NCM, NCA, 磷酸锰铁锂, 锰铁锂, 软包, 5C, 正极材料, 负极材料, 电解液, 实验室",normal,2026-08-25T15:29:00+08:00,,高品质电池耗材 尽在友研平台友研平台 致力于为实验室科研人员提供质量优质的产品，高效的报销结算以及便捷的服务体验。服务于国内外数千家高校和科研院所等科研单位。为了更好的服务新老客户友研平台特新增多款新材料多种规格可选支持预存下单即可领取毛绒玩偶一个数量有限 送完为止让我们一起看看都有哪些材料吧锂离子电池材料正极材料钴酸锂：4.2V、4.35V、4.45V、4.5V磷酸铁锂：P198、DY-3、XDNP01-2、E99三元材料：NCM111、NCM523、NCM5515、NCM622、NCM613、NCM6507、NCM811、NCM831205、NCM9055、Ni92、Ni94、Ni96、N,http://mp.weixin.qq.com/s?__biz=MzkzODYxNTc2OA==&mid=2247511628&idx=4&sn=bb6080126c4945518658c55ffbcc6743,,高品质电池耗材 尽在友研平台友研平台 致力于为实验室科研人员提供质量优质的产品，高效的报销结算以及便捷的服务体验。服务于国内外数千家高校和科研院所等科研单位。为了更好的服务新老客户友研平台特新增多款新材料多种规格可选支持预存下单即可领取毛绒玩偶一个数量有限 送完为止让我们一起看看都有哪些材料吧锂离子电池材料正极材料钴酸锂：4.2V、4.35V、4.45V、4.5V磷酸铁锂：P198、DY-3、XDNP01-2、E99三元材料：NCM111、NCM523、NCM5515、NCM622、NCM613、NCM6507、NCM811、NCM831205、NCM9055、Ni92、Ni94、Ni96、N,高品质电池耗材 尽在友研平台友研平台 致力于为实验室科研人员提供质量优质的产品，高效的报销结算以及便捷的服务体验。服务于国内外数千家高校和科研院所等科研单位。为了更好的服务新老客户友研平台特新增多款新材料多种规格可选支持预存下单即可领取毛绒玩偶一个数量有限 送完为止让我们一起看看都有哪些材料吧锂离子电池材料正极材料钴酸锂：4.2V、4.35V、4.45V、4.5V磷酸铁锂：P198、DY-3、XDNP01-2、E99三元材料：NCM111、NCM523、NCM5515、NCM622、NCM613、NCM6507、NCM811、NCM831205、NCM9055、Ni92、Ni94、Ni96、NCA（单晶/多晶/前驱体）二元前驱体：NM9505、NM91、NM82、NM64、NM 13裸料：NCM523、NCM5515、NCM613、NCM811、NCM9055磷酸锰铁锂：LFMP64、LFMP73、M70锰酸锂、尖晶石镍锰酸锂、磷酸钒锂、富锂锰基及前驱体、磷酸铁、磷酸锰铁等负极材料硅碳负极：Si/C-400、Si/C-500、Si/C-600、Si/C-650硅氧碳负极：SiO/C-420、SiO/C-450、SiO/C-550硅氧：1580容量石墨负极：AGP、S360、FSN-1、918-II、QE-1、QCG-9、QC8、EP5-H等硬碳负极：锂电用硬碳、吴羽化学硬碳、可乐丽509-5、可乐丽510-5、球形硬碳、可乐丽type1、可乐丽type2钛酸锂、软碳、纳米硅等电解液三元材料电解液、富锂锰基电解液、磷酸铁锂电解液、钴酸锂电解液、高电压电解液等多款电解液，可根据指定配方或电池体系配制隔膜PP隔膜、PE隔膜、PPPEPP隔膜、陶瓷隔膜(单/双面涂覆)、Whatman玻璃纤维隔膜等导电剂特密高Super P Li、特密高Super C45、科琴黑ECP-600JD、科琴黑EC-300J、KS-6、SFG-6、乙炔黑、单壁碳纳米管浆料(水系/油系)、多壁碳纳米管浆料、多壁碳纳米管粉末等粘结剂PVDF 5130、PVDF HSV900、CMC2200、CMC MAC500LC、SBR BM-451b、JSR TRD104A、LA132、LA133、LA136D、LA136DL、PAA粘结剂、PVP K30、PTFE等集流体铜箔(单光/双光/双毛)、涂炭铜箔(单面涂/双面涂)、铝箔(单光/双光)、涂碳铝箔(单面涂/双面涂)、微孔铜箔、微孔铝箔、多孔铜箔、多孔铝箔、泡沫镍、泡沫铜等壳体及其他材料、工具扣式电池壳、铝塑膜、极耳、N-甲基吡咯烷酮、高温胶带、裁剪工具、软包电池测试夹具等钠离子电池材料正极材料普鲁士白、磷酸钒钠、焦磷酸铁钠、镍锰酸钠、镍铁锰酸钠424、镍铁锰酸钠O3A、镍铁锰酸钠P2B、镍铁锰酸钠O3B、镍铁锰酸钠P2C、镍铁锰前驱体等负极材料可乐丽Type2、可乐丽Type1、吴羽化学硬碳、球形硬碳、NHC-B1、BSHC-300、BSHC-320等负极材料可乐丽Type2、可乐丽Type1、吴羽化学硬碳、球形硬碳、NHC-B1、BSHC-300、BSHC-320等电解液磷酸钒钠电解液、焦磷酸铁钠电解液、镍铁锰酸钠半电电解液、镍铁锰酸钠-硬碳全电电解液、钠电硬碳电解液等多款电解液，可根据指定配方或电池体系配制隔膜Whatman玻璃纤维隔膜、钠电用三层隔膜等其他材料导电剂、粘结剂、铝箔、极耳、电池壳、铝塑膜、NMP、夹具等固态电解质粉末LLZO、LLZTO、LLZNO、LLTO、LATP、Li6PS5CI、li5.5PS4.5C11.5、IPSCBr、NZSPO等01可提供正规增值税发票可接受高校、研究院所或企业单位公对公打款0203品种齐全 规格多样 起订量：10g采购渠道韩经理联系方式：电话：***********(微信同号)微信二维码： 郝经理联系方式：电话：***********(微信同号)微信二维码： 耗材陆续更新中，详情可扫码咨询！end阅读原文这里是一个宝藏平台！,,,,pending
孙学良院士领衔AM：安时级卤化物全固态软包电芯,锂电前沿,锂电前沿,"RIOnews API, 新材料, 复合材料, 碳, 粘结剂, 聚合物, 高比能, 锂硫电池, 硅, 前沿表征, 原位, 高通量, 固态电池, 固态电解质, 陶瓷材料, 新型电池, 空气电池, 钠离子电池, 钠电, 学术研究, 大学, 教授, 科学院, 期刊, 技术进展, 技术攻关, 制备工艺, NCM, 钠电池, 软包, 储能, 循环寿命, 负极材料, 装机, 入围, 融资, 发布, 样品",normal,2026-08-25T15:29:00+08:00,,【研究背景】卤化物全固态电解质具有高离子电导率、优异的正极兼容性，已成为固态电池中极具前景的全固态电池体系。然而，基于成熟的设备、工艺的卤化物固态电解质湿法制膜及电芯制备路径尚未打通，严重制约了卤化物固态电解质的实用化发展。一方面，卤化物固态电解质对于溶剂的要求较为苛刻，溶剂致卤化物固态电解质失效机理有待深入探讨。另一方面，现有的湿法制膜方法制得的电解质膜中粘结剂含量普遍过高（2~5 wt%），而大多数粘结剂为离子绝缘体，导致离子传递受阻。【工作简介】近日，宁波东方理工大学孙学良院士、王长虹教授联合上海交通大学陈立桅教授提出了一种基于超分子组装的双溶剂制浆策略，以甲基环己烷和癸烷作为溶剂，搭配,http://mp.weixin.qq.com/s?__biz=MzkzODYxNTc2OA==&mid=2247511628&idx=3&sn=aa0535849b09b01bde25253612790c48,,【研究背景】卤化物全固态电解质具有高离子电导率、优异的正极兼容性，已成为固态电池中极具前景的全固态电池体系。然而，基于成熟的设备、工艺的卤化物固态电解质湿法制膜及电芯制备路径尚未打通，严重制约了卤化物固态电解质的实用化发展。一方面，卤化物固态电解质对于溶剂的要求较为苛刻，溶剂致卤化物固态电解质失效机理有待深入探讨。另一方面，现有的湿法制膜方法制得的电解质膜中粘结剂含量普遍过高（2~5 wt%），而大多数粘结剂为离子绝缘体，导致离子传递受阻。【工作简介】近日，宁波东方理工大学孙学良院士、王长虹教授联合上海交通大学陈立桅教授提出了一种基于超分子组装的双溶剂制浆策略，以甲基环己烷和癸烷作为溶剂，搭配,"【研究背景】卤化物全固态电解质具有高离子电导率、优异的正极兼容性，已成为固态电池中极具前景的全固态电池体系。然而，基于成熟的设备、工艺的卤化物固态电解质湿法制膜及电芯制备路径尚未打通，严重制约了卤化物固态电解质的实用化发展。一方面，卤化物固态电解质对于溶剂的要求较为苛刻，溶剂致卤化物固态电解质失效机理有待深入探讨。另一方面，现有的湿法制膜方法制得的电解质膜中粘结剂含量普遍过高（2~5 wt%），而大多数粘结剂为离子绝缘体，导致离子传递受阻。【工作简介】近日，宁波东方理工大学孙学良院士、王长虹教授联合上海交通大学陈立桅教授提出了一种基于超分子组装的双溶剂制浆策略，以甲基环己烷和癸烷作为溶剂，搭配苯乙烯-乙烯-乙烯-丙烯-苯乙烯嵌段共聚物（SEEPS）粘结剂，制得了超低粘结剂含量（【内容表述】3.1 溶剂致卤化物固态电解质失效机制Li3InCl6（LIC）置于甲苯、对二甲苯、环己烷、癸烷等非极性 / 弱极性溶剂中浸泡 12 h 后发现：除癸烷体系外，样品离子电导率均出现不同程度衰减。XPS 表征证实，溶剂浸泡诱发 LIC 表面组分偏析，表面 InCl3相对含量升高，进而造成离子电导率下降。该现象仅发生于材料表层；XRD 与固体核磁共振结果显示，样品体相晶体结构与锂化学环境未发生显著变化。3.2双溶剂体系中超分子组装机制传统浆料制备工艺通常需要引入大量粘结剂，会显著损害电解质膜的离子电导率。若要将电解质膜内粘结剂含量调控至干法成膜体系水平（3.3 LLBF的形貌、结构及电化学表征基于双溶剂策略，通过双层涂布方法制得了超低粘结剂含量的自支撑LLBF（LIC层和LPSC层中粘结剂含量分别为0.8 wt%和0.9 wt%）。其在室温下表现出的离子电导率达到1.26 mS/cm，而且电子电导率仅有3.21*10-10 S/cm。3.4 基于LLBF的模具电池性能采用相同湿法涂布工艺制备 NCM88 正极与预锂化微米硅（μ-Si）负极，搭配LLBF组装全电池。在室温下，0.1 C放电容量达到207.45 mAh/g，首效约为90.47%。以0.5 C循环600圈后容量保持率为71.3%，表现出优异的循环稳定性。在5 MPa的低外压下以0.2 C循环100圈后容量保持率约为82.1%。3.5 卤化物全固态软包电芯采用湿法制备NCM88正极与μ-Si负极，搭配LLBF构筑十层堆叠全固态软包电芯，容量达到 1.8 Ah，系现有文献报道首个安时级卤化物基全固态软包电芯。该电芯在30 ℃、50 MPa、0.2 C条件下循环100圈，容量保持率约95.1%，展现出优异的循环性能。【文献详情】S. Zhang#, J. Fu#, G. Hu, S. Liang, Y. Zheng, C. Wang, S. Xia, P. Lu, J. Zhang, M. Zhang, M. Wei, J. Hong, Z. Wang, Z. Zhou, J. Peng, L. Chen*, X. Sun*, and C. Wang*. Dual-Solvent Supramolecular Assembly Enables Ampere-Hour Halide All-Solid-State Pouch Cell. Advanced Materials, https://doi.org/10.1002/adma.74206【作者简介】王长虹，宁波东方理工大学研究员、独立PI、博士生导师，物质与能源研究院副院长。2020年获得加拿大西安大略大学博士学位，2022年获得加拿大Banting博士后奖金，于美国马里兰大学和西安大略大学联合开展博士后研究工作。目前主要从事固态电池的关键材料与核心技术研究。已发表SCI论文140余篇，其中以第一/通讯作者(含共同)在Nature, Nat. Energy, Nat. Chem., Nat. Chem. Eng., Nat. Commun. (5), J. Am. Chem. Soc. (2), Angew. Chem. Int. Ed. (4), Sci. Adv. (2), Joule (2), Adv. Mater. (5)等国际权威期刊发表论文66篇，论文总引用17100余次，个人H-index=75。申请中国及国际专利21件(授权10件)，主持多项国家级、省部级、市级、以及企业横向等科研项目。入围科睿唯安全球高被引科学家(交叉学科)和斯坦福大学发布的“全球前2%顶尖科学家”榜单(连续5年)。课题组主页：https://wang.eitech.edu.cn邮箱：cwang@eitech.edu.cn孙学良，中国工程院外籍院士、加拿大皇家科学院院士、加拿大工程院院士、加拿大西安大略大学终身教授、加拿大国家首席科学家、国际《Electrochemical Energy Reviews》创刊主编。现任宁波东方理工大学讲席教授，物质与能源研究院院长。长期从事固态电池、锂离子电池和燃料电池基础和应用研究，近年来在新型卤化物固态电解质及其全固态电芯开发方面做出了一系列原创性成果。在Nature、Science等国际权威期刊发表SCI论文800余篇，被引用98000次，H因子165。曾荣获国际最具权威电池技术奖等荣誉。连续8年入选科睿唯安“全球高被引科学家”和“全球前2%顶尖科学家”榜单。申请80项专利（授权40项）。陈立桅：上海交通大学化学化工学院特聘教授，博士生导师。2001年获哈佛大学博士学位，2018年入选中组部“万人计划”科技创新领军人才，2017年入选科技部中青年科技创新领军人才，2016年获国家自然科学基金杰出青年科学基金支持，2012年获国务院有突出贡献专家政府特殊津贴。曾担任Nano Research、《科学通报》、《电化学》编委，《物理化学学报》（Acta Physico-Chimica Sinica）副主编。主要研究方向包括原位表征技术，扫描探针技术、新能源材料与器件等。在Nat. Commun.、Accounts. Chem. Res.、Joule、J. Am. Chem. Soc.、Adv. Mater.、Nano Lett.等刊物上发表论文百余篇。温馨提醒：优惠票600元每人（含餐），截止时间9月15号（含），缴费成功视为报名成功；参展和报名电话.陈老师：***********2026年（第十届）中国固态电池技术创新与产业化研讨会2026年11月25-27日 安徽.合肥会议背景固态电池是当前二次电池领域最为活跃的研究方向之一。理论上，全固态锂离子电池的能量密度可达900Wh/kg，由于采用固体电解质与高比能量负极，并可能防止锂枝晶导致的电池内部短路，固态电池的能量密度和循环寿命方面有望较传统锂电池有大幅提升。同时，固态电池还兼顾了长储存寿命、高功率密度和制备简单等特性，尤其是比高能量密度传统锂离子电池拥有更良好的热控及安全特性。固态电解质作为固态电池核心技术，聚合物固态电解质、氧化物固态电解质、硫化物固态电解质三大类复合材料成为技术攻关的重点。但是，固态电解质要有与之适应的正负极体系。所以，推进全固态电池产业化的过程，也将是锂电正负极材料体系的一场全面变革。有鉴于此，为了进一步推动我国固态电池的研究创新和技术进步，及时了解固态电池最新相关研究成果和发展动态，尽早推广下游大规模应用，明确主要需求，加强行业交流，促进产学研协同创新，我们特别组织固态电池专题研讨会：26年（第十届）中国固态电池技术创新与产业化应用研讨会，会议将于2026年11月25日-27日在安徽.合肥举行。会议邀请固态电池领域的知名研究院所、大专院校、相关企业及投融资机构代表参会，就固态电池基础研究、关键材料、关键技术、关键装备及其标准等全产业领域展开探讨。共聚一堂，充分交流、集思广益、相互切磋，以期实质性促进我国固态电池的进一步发展。会议概况【会议时间】2026年11月25-27日（25日全天签到）【主办单位】锂电前沿【承办单位】 深圳友研科技有限公司固态电池会议交流内容 ●固体电解质材料：理论基础、新体系、规模制造及产业化应用●固态电池正负极材料：理论基础、新体系、规模制造及产业化应用●固态电池中的界面工程：界面观测与调控、制造及电池循环时的界面动态演变等●混合固液电解质锂电池：动力电池、储能电池及柔性电池等●全固态电池：全固态锂电池、全固态锂硫电池、全固态锂空气电池及全固态钠电池等●高通量理论和理论设计及计算方法在固态电池研究开发中的应用●固态电池的产业化技术会议形式主要通过大会报告、交流报告、现场讨论的形式，欢迎相关企业和检测机构安排小型展览。会议期间还将组织演讲嘉宾或行业资深专家们与参会代表互动进行自由讨论。为了共同办好这次会议，热烈欢迎各相关企业、科研院所赞助本次研讨会。会议注册费会议注册费：参会人员10月15日前11月20日前11月20日后以及现场正式代表2500元2800元3200元在校学生代表1500元1500元1800元（学生代表注册时需凭学生证，包含本科生、硕士、博士）注册费包含：会议费、资料费用等费用、不包含路费和住宿费，住宿要自订。账户信息：户名：深圳友研科技有限公司账号：757575353398开户行：中国银行股份有限公司深圳西丽支行付款时请注明“固态电池 +单位名称”开票注意事项：增值税普通发票请提供单位名称及税号。如果需要增值税专用发票，请提供单位名称、税号、地址、电话、开户行、账号第九届固态电池会议回顾2026年8月5日-7日，锂电前沿主办的“2026中国固态电池技术大会暨中国硅碳负极高峰论坛”在江苏常州顺利召开并圆满闭幕。锂电前沿举办此次会议议题紧贴固态电池，硅碳负极材料单位科研和产业化实际需求，引发市场广泛关注，受到专家及参会嘉宾一致好评，有力的推动了我国固态电池，硅碳负极材料的科技进步和产业化进程。第八届固态电池会议回顾2026年4月22日-24日，锂电前沿，钠电材料主办的“2026第八届中国固态电池技术创新与产业化应用研讨会暨中国钠电技术高峰论坛”在湖南长沙顺利召开并圆满闭幕。线下与会嘉宾达906人，参会单位超过550家，参展厂家超过60家，专题报告49个。锂电前沿，钠电材料举办此次会议议题紧贴固态电池，钠电材料单位科研和产业化实际需求，引发市场广泛关注，受到专家及参会嘉宾一致好评，有力的推动了我国固态电池，钠离子电池的科技进步和产业化进程。第七届固态电池会议回顾2025年10月22日-24日，锂电前沿，先进陶瓷材料主办的“2025第七届中国固态电池技术创新与产业化应用研讨会暨中国先进陶瓷技术与产业高峰论坛”在安徽合肥顺利召开并圆满闭幕。线下与会嘉宾达1036人，参会单位超过600家，参展厂家超过50家，专题报告42个。锂电前沿，先进陶瓷材料举办此次会议议题紧贴固态电池，先进陶瓷材料单位科研和产业化实际需求，引发市场广泛关注，受到专家及参会嘉宾一致好评，有力的推动了我国固态电池，先进陶瓷的科技进步和产业化进程。现场视频（点击上方观看）第五届固态电池会议回顾2024年10月，锂电前沿主办的“第五届中国固态电池技术创新与产业化应用研讨会”在安徽合肥顺利召开并圆满闭幕。线下与会嘉宾达820人，参会单位超过450家第六届固态电池会议回顾2025年3月26日-28日，锂电前沿主办的“2025第六届中国固态电池技术创新与产业化应用研讨会”在湖北武汉顺利召开并圆满闭幕。线下与会嘉宾达889人，参会单位超过500家，参展厂家超过50家，专题报告44个。锂电前沿举办此次会议议题紧贴固态电池单位科研和产业化实际需求，引发市场关注，受到专家及参会者广泛好评，有力的推动了我国固态电池的进一步发展。组委会联系方式参会、参展、宣传及赞助事宜联 系 人：陈老师 （赞助和报名事宜咨询）联系电话：***********（微信同号）邮 箱 ：sdlscck@163.com 报名方式一：长按报名报名方式二：点击左下方阅读原文报名",,,,pending
宁德时代电池启动直销,鑫椤锂电,鑫椤锂电,"RIOnews API, 新材料, 碳, 宁德时代, 储能, 储能专用电芯, 280Ah, 314Ah, 投资, 发布",normal,2026-08-25T15:21:45+08:00,,关注公众号，点击公众号主页右上角“ ··· ”，设置星标“⭐”，关注鑫椤锂电资讯~本文来源：锂电派8月21日，宁德时代公众号发布消息，宁德时代商城官网、小程序双端正式上线，超1800家储能企业正在平台选购。官方直采，3箱可订，没有中间商赚差价。我们登录时代商城发现，目前上线的商品有三大类，包括电芯、电箱和集装箱。其中，电芯品类有3款，分别是280Ah储能专用电芯、314Ah储能专用电芯和587Ah 储能专用电芯。电箱品类有两款，分别是280Ah储能电箱和314Ah储能电箱（长款）。集装箱品类两款，分别是EnerD储能集装箱和EnerD+储能集装箱。据宁德时代介绍，所有产品都是现货直发，3—5天,http://mp.weixin.qq.com/s?__biz=MzU0MTkzOTQzOA==&mid=2247571341&idx=4&sn=061398ceb9889b5696128a54146a4b7b,,关注公众号，点击公众号主页右上角“ ··· ”，设置星标“⭐”，关注鑫椤锂电资讯~本文来源：锂电派8月21日，宁德时代公众号发布消息，宁德时代商城官网、小程序双端正式上线，超1800家储能企业正在平台选购。官方直采，3箱可订，没有中间商赚差价。我们登录时代商城发现，目前上线的商品有三大类，包括电芯、电箱和集装箱。其中，电芯品类有3款，分别是280Ah储能专用电芯、314Ah储能专用电芯和587Ah 储能专用电芯。电箱品类有两款，分别是280Ah储能电箱和314Ah储能电箱（长款）。集装箱品类两款，分别是EnerD储能集装箱和EnerD+储能集装箱。据宁德时代介绍，所有产品都是现货直发，3—5天,关注公众号，点击公众号主页右上角“ ··· ”，设置星标“⭐”，关注鑫椤锂电资讯~本文来源：锂电派8月21日，宁德时代公众号发布消息，宁德时代商城官网、小程序双端正式上线，超1800家储能企业正在平台选购。官方直采，3箱可订，没有中间商赚差价。我们登录时代商城发现，目前上线的商品有三大类，包括电芯、电箱和集装箱。其中，电芯品类有3款，分别是280Ah储能专用电芯、314Ah储能专用电芯和587Ah 储能专用电芯。电箱品类有两款，分别是280Ah储能电箱和314Ah储能电箱（长款）。集装箱品类两款，分别是EnerD储能集装箱和EnerD+储能集装箱。据宁德时代介绍，所有产品都是现货直发，3—5天发货。除通过商城进一步拓宽销售渠道外，宁德时代近期通过参与设立股权投资基金对外投资。公司发布公告，与厦门溥泉私募基金管理合伙企业（有限合伙）、海南自由贸易港建设投资基金有限公司签署了《海南时代绿色产业投资基金合伙企业（有限合伙）合伙协议》，公司作为有限合伙人之一参与投资“海南时代绿色产业投资基金合伙企业（有限合伙）”，公司认缴出资金额为人民币24.75亿元，持有基金49.50%的份额。基金聚焦海南省内绿色零碳产业的投资。 鑫椤福利免费领取：点击《2026年全球锂电产业链分布图》查看领取方式。END如题,,,,pending
又一电池企业宣布涨价！,鑫椤锂电,鑫椤锂电,"RIOnews API, 力神, 力神电池, 交付, 订单, 政策, 发布",normal,2026-08-25T15:21:45+08:00,,关注公众号，点击公众号主页右上角“ ··· ”，设置星标“⭐”，关注鑫椤锂电资讯~本文来源：企业公告近日，力神电池（苏州）有限公司（简称：力神电池）发布《关于锂离子蓄电池消费税成本调整的客户联络函》，对公司产品价格作出调整。联络函显示，本次调价主要基于财政部、海关总署、税务总局发布的《关于调整部分电池消费税政策的公告》，公告显示自2026年9月1日起，对锂离子蓄电池按照2%税率征收消费税；自2027年9月1日起，对锂离子蓄电池按照4%税率征收消费税。经公司研究决定，将按该政策调整产品价格，并同步传导新增消费税成本，具体安排函告如下：1、2026年9月1日起，所有产品在原不含税供货价基础上加收2,http://mp.weixin.qq.com/s?__biz=MzU0MTkzOTQzOA==&mid=2247571341&idx=3&sn=f83117783c4013a69ad2289dd24e6933,,关注公众号，点击公众号主页右上角“ ··· ”，设置星标“⭐”，关注鑫椤锂电资讯~本文来源：企业公告近日，力神电池（苏州）有限公司（简称：力神电池）发布《关于锂离子蓄电池消费税成本调整的客户联络函》，对公司产品价格作出调整。联络函显示，本次调价主要基于财政部、海关总署、税务总局发布的《关于调整部分电池消费税政策的公告》，公告显示自2026年9月1日起，对锂离子蓄电池按照2%税率征收消费税；自2027年9月1日起，对锂离子蓄电池按照4%税率征收消费税。经公司研究决定，将按该政策调整产品价格，并同步传导新增消费税成本，具体安排函告如下：1、2026年9月1日起，所有产品在原不含税供货价基础上加收2,关注公众号，点击公众号主页右上角“ ··· ”，设置星标“⭐”，关注鑫椤锂电资讯~本文来源：企业公告近日，力神电池（苏州）有限公司（简称：力神电池）发布《关于锂离子蓄电池消费税成本调整的客户联络函》，对公司产品价格作出调整。联络函显示，本次调价主要基于财政部、海关总署、税务总局发布的《关于调整部分电池消费税政策的公告》，公告显示自2026年9月1日起，对锂离子蓄电池按照2%税率征收消费税；自2027年9月1日起，对锂离子蓄电池按照4%税率征收消费税。经公司研究决定，将按该政策调整产品价格，并同步传导新增消费税成本，具体安排函告如下：1、2026年9月1日起，所有产品在原不含税供货价基础上加收2%消费税成本，同时加收城建税(消费税的7%)及教育费附加(消费税的5%)。2、已签订单凡在2026年8月25日24:00之前完成发货，按合同原价执行(不加收如上消费税、城建税及教育费附加)；2026年8月25日24:00之前完成发货及对账的客户，增值税专用发票应在25日之前应开尽开，凡在2026年8月25日后发货、对账、开票的订单(含在途订单)，将统一按加收2%的消费税、城建税(消费税的7%)及教育费附加(消费税的5%)成本后的价格进行结算。3、已签订但尚未交付的框架订单，同步适用本次价格调整，我司将配合进行相关补充协议的签署。力神电池表示，此次价格调整为国家法定税率调整因素导致。 鑫椤福利免费领取：点击《2026年全球锂电产业链分布图》查看领取方式。END如题,,,,pending
量质齐升 | 国轩高科H1营收创6年来新高,鑫椤锂电,鑫椤锂电,"RIOnews API, 新材料, 碳, 固态电池, 量产推进, 批量交付, 产能, 国轩高科, 国轩, 储能, 系统集成, 高安全, 安全测试, 交付, 装机, 装机量, 装车, 装车量, 市占率, 市场份额, GWh, 定点, 海外布局, 海外, 本地化, 快充, 中试, 中试线, 量产, 落地",normal,2026-08-25T15:21:45+08:00,,关注公众号，点击公众号主页右上角“ ··· ”，设置星标“⭐”，关注鑫椤锂电资讯~本文来源：国轩高科在全球动力电池行业深度洗牌、市场竞争日趋激烈的大环境下，国轩高科（002074.SZ）交出一份含金量十足的2026年上半年成绩单。8月25日，根据国轩高科半年报内容显示，公司实现营业收入277.76亿元，同比增长43.22%，创下连续六年同期营收新高；归母净利润13.86亿元，同比大幅增长278.05%，扣非归母净利润1.07亿元，同比增长46.71%，主营业务盈利水平稳步修复。动力电池营收225.97亿 全球市占率提至4.6%动力电池业务作为核心增长引擎，展现出强劲发展动力。上半年国轩高科动力,http://mp.weixin.qq.com/s?__biz=MzU0MTkzOTQzOA==&mid=2247571341&idx=2&sn=6b770bbaa89909d06296f77f3908755f,,关注公众号，点击公众号主页右上角“ ··· ”，设置星标“⭐”，关注鑫椤锂电资讯~本文来源：国轩高科在全球动力电池行业深度洗牌、市场竞争日趋激烈的大环境下，国轩高科（002074.SZ）交出一份含金量十足的2026年上半年成绩单。8月25日，根据国轩高科半年报内容显示，公司实现营业收入277.76亿元，同比增长43.22%，创下连续六年同期营收新高；归母净利润13.86亿元，同比大幅增长278.05%，扣非归母净利润1.07亿元，同比增长46.71%，主营业务盈利水平稳步修复。动力电池营收225.97亿 全球市占率提至4.6%动力电池业务作为核心增长引擎，展现出强劲发展动力。上半年国轩高科动力,关注公众号，点击公众号主页右上角“ ··· ”，设置星标“⭐”，关注鑫椤锂电资讯~本文来源：国轩高科在全球动力电池行业深度洗牌、市场竞争日趋激烈的大环境下，国轩高科（002074.SZ）交出一份含金量十足的2026年上半年成绩单。8月25日，根据国轩高科半年报内容显示，公司实现营业收入277.76亿元，同比增长43.22%，创下连续六年同期营收新高；归母净利润13.86亿元，同比大幅增长278.05%，扣非归母净利润1.07亿元，同比增长46.71%，主营业务盈利水平稳步修复。动力电池营收225.97亿 全球市占率提至4.6%动力电池业务作为核心增长引擎，展现出强劲发展动力。上半年国轩高科动力电池板块实现收入225.97亿元，同比大涨61.01%，营收占比超八成，强力拉动整体业绩向上。根据SNEResearch统计，国轩高科全球动力电池装机量达28GWh，同比增长43.3%，增速大幅跑赢全球行业20.0%的平均水平；全球市占率提升0.7个百分点至4.6%，位居全球第五。对比2024年上半年2.5%的市场份额，两年时间市占率近乎翻倍，是全球头部电池厂商中市占率提升最为迅速的企业之一。上半年，公司动力电池客户结构持续向上突破，高端车型定点实现重要里程碑。乘用车领域，国轩高科在稳固奇瑞、吉利、零跑等主力车型配套的基础上，上半年成功斩获鸿蒙智行、大众系列高端车型定点，正式进入华为、大众两大国际头部企业供应链体系，充分印证公司电芯安全、快充能力与系统集成实力获得行业高端客户认可，标志产品配套层级实现实质性跃升。商用车与新兴场景成为动力领域第二增长曲线。上半年商用车动力电池装车量7.66GWh，同比增长87.29%。自研G行标准化电池箱批量落地，服务一汽解放、奇瑞商用车、三一重卡、吉利远程等龙头企业。与此同时，业务边界持续拓展至工程机械、电动船舶、两轮车、低空飞行器等多元赛道，打开全新增长空间。中国市场装机位列TOP 3 海外市场配套大众从业务区域来看，国内市场同样实现领跑，上半年国内装车实现20.75GWh，同比增长34%，显著高于国内行业12.0%的整体增速，国内市占率由5.18%提升至6.19%，位列中国市场第三，本土市场竞争实力持续巩固。海外布局迎来收获兑现期。伴随大众标准电芯自2025年底稳定批量交付，叠加海外本地化产能建设持续落地，国轩高科全球化战略从前期投入期迈入成果释放阶段。报告期海外营收达94.76亿元，同比增长48.06%，占总营收比重达到34%。未来，海外产能有望持续释放增量，为长期增长注入强劲动力。下一代电池技术产业化加速落地，抢占固态电池产业先机。G垣混合固液电池已实现量产，率先完成产业转化；金石全固态电池能量密度突破400Wh/kg，顺利通过针刺、高温热箱等严苛安全测试，0.2GWh中试线已经贯通，推进装车路测，2GWh全固态电池量产线完成整体设计。上游配套同步布局，7月国轩控股安庆2万吨固态电池关键材料项目正式启动，聚焦硫化锂等核心材料研发制造，提前补齐固态电池规模化量产的上游供应链短板。从上半年成绩来看，国轩高科正在迈向由规模扩张向高质量发展的关键转型，高端乘用车定点落地、海外业务贡献提升、多元应用场景拓展、前沿技术加速产业化。国轩高科表示，未来将持续加码前沿技术研发投入，迭代优化电芯性能与全系列产品综合竞争力，面向动力、储能双赛道打造高安全、高效率、低碳化的综合绿色能源解决方案。 鑫椤福利免费领取：点击《2026年全球锂电产业链分布图》查看领取方式。END如题,,,,pending
宁德时代“锁定”7千吨碳酸锂,鑫椤锂电,鑫椤锂电,"RIOnews API, 新材料, 碳, 比亚迪, 宁德时代, 三元, 碳酸锂, 放缓, 推出",normal,2026-08-25T15:21:45+08:00,,关注公众号，点击公众号主页右上角“ ··· ”，设置星标“⭐”，关注鑫椤锂电资讯~本文来源：鑫椤锂电、封面：图虫创意2026年，国内动力需求增速逐渐放缓已是市场的共识，在大家聚焦于带电量提升、出口量翻倍的同时，另一个不起眼的场景对碳酸锂需求其实也有微弱贡献的，那就是换电站。在2025年，宁德时代旗下巧克力换电与骐骥换电分别建成1020座、305座换电站，在乘用车便捷补能与商用车干线物流两大场景，同步实现了规模化网络布局，换电服务能力进入全新阶段。进入2026年，面对比亚迪闪充技术推出，宁德时代换电站布局也提挡加速。按照宁德时代规划，2026年累计换电站将建成约3000座，其中重卡换电站约900,http://mp.weixin.qq.com/s?__biz=MzU0MTkzOTQzOA==&mid=2247571341&idx=1&sn=fc6acf1226acf03e74534819b7010fff,,关注公众号，点击公众号主页右上角“ ··· ”，设置星标“⭐”，关注鑫椤锂电资讯~本文来源：鑫椤锂电、封面：图虫创意2026年，国内动力需求增速逐渐放缓已是市场的共识，在大家聚焦于带电量提升、出口量翻倍的同时，另一个不起眼的场景对碳酸锂需求其实也有微弱贡献的，那就是换电站。在2025年，宁德时代旗下巧克力换电与骐骥换电分别建成1020座、305座换电站，在乘用车便捷补能与商用车干线物流两大场景，同步实现了规模化网络布局，换电服务能力进入全新阶段。进入2026年，面对比亚迪闪充技术推出，宁德时代换电站布局也提挡加速。按照宁德时代规划，2026年累计换电站将建成约3000座，其中重卡换电站约900,关注公众号，点击公众号主页右上角“ ··· ”，设置星标“⭐”，关注鑫椤锂电资讯~本文来源：鑫椤锂电、封面：图虫创意2026年，国内动力需求增速逐渐放缓已是市场的共识，在大家聚焦于带电量提升、出口量翻倍的同时，另一个不起眼的场景对碳酸锂需求其实也有微弱贡献的，那就是换电站。在2025年，宁德时代旗下巧克力换电与骐骥换电分别建成1020座、305座换电站，在乘用车便捷补能与商用车干线物流两大场景，同步实现了规模化网络布局，换电服务能力进入全新阶段。进入2026年，面对比亚迪闪充技术推出，宁德时代换电站布局也提挡加速。按照宁德时代规划，2026年累计换电站将建成约3000座，其中重卡换电站约900座。按照巧克力换电站常备48块20#锂电池（三元52kwh）、骐骥换电站常备24块75#锂电池（171kwh）来测算，则2026年宁德时代新增的换电站对应锂电池需求将达到12.7Gwh，差不多对应碳酸锂需求约7600吨，相当于枧下窝1个月的产量。本文作者：钱先生/*********** 鑫椤福利免费领取：点击《2026年全球锂电产业链分布图》查看领取方式。END如题,,,,pending
吉利&陶氏化学携手，固态电池商业化再提速,亚化固态电池,亚化固态电池,"RIOnews API, 固态电池, 全固态",normal,2026-08-25T15:09:58+08:00,,点击蓝字 关注我们汽车巨头吉利控股集团日前宣布，计划于2027年起，在旗下沃尔沃、极氪、Polestar、路特斯、领克及Smart等多个品牌中，陆续试点部署固态电池技术。据吉利官方披露，该技术参数表现颇为亮眼。其官方媒体称：“即将引入吉利控股生态车型的，是能量密度达500Wh/kg、续航可媲美柴油车、充电时间仅需数分钟的固态电池技术。”搭载该电池的新车型，单次充电后续航有望突破1000公里。为推进这一目标，吉利选择与材料巨头陶氏化学开展深度合作，聚焦材料端的关键突破。陶氏化学关键客户技术负责人童波确认，公司已专门研发出一款固态电池专用粘合剂。该材料可在-40°C至120°C的宽温域内保持结构稳,http://mp.weixin.qq.com/s?__biz=Mzk0MDY0OTQxOA==&mid=2247488076&idx=2&sn=6356f3cc9a8424fc4dda56f8b4783350,,点击蓝字 关注我们汽车巨头吉利控股集团日前宣布，计划于2027年起，在旗下沃尔沃、极氪、Polestar、路特斯、领克及Smart等多个品牌中，陆续试点部署固态电池技术。据吉利官方披露，该技术参数表现颇为亮眼。其官方媒体称：“即将引入吉利控股生态车型的，是能量密度达500Wh/kg、续航可媲美柴油车、充电时间仅需数分钟的固态电池技术。”搭载该电池的新车型，单次充电后续航有望突破1000公里。为推进这一目标，吉利选择与材料巨头陶氏化学开展深度合作，聚焦材料端的关键突破。陶氏化学关键客户技术负责人童波确认，公司已专门研发出一款固态电池专用粘合剂。该材料可在-40°C至120°C的宽温域内保持结构稳,点击蓝字 关注我们汽车巨头吉利控股集团日前宣布，计划于2027年起，在旗下沃尔沃、极氪、Polestar、路特斯、领克及Smart等多个品牌中，陆续试点部署固态电池技术。据吉利官方披露，该技术参数表现颇为亮眼。其官方媒体称：“即将引入吉利控股生态车型的，是能量密度达500Wh/kg、续航可媲美柴油车、充电时间仅需数分钟的固态电池技术。”搭载该电池的新车型，单次充电后续航有望突破1000公里。为推进这一目标，吉利选择与材料巨头陶氏化学开展深度合作，聚焦材料端的关键突破。陶氏化学关键客户技术负责人童波确认，公司已专门研发出一款固态电池专用粘合剂。该材料可在-40°C至120°C的宽温域内保持结构稳定，确保电池在冬季低温及高频快充等复杂工况下，依然具备良好的结构完整性与性能输出。在固态电池研发进程中，外界关注点多集中于电芯设计或电解质材料，而粘合剂等辅材往往被忽视。但事实上，固态电池的一大技术难点恰恰在于固-固界面接触。没有液态电解质的浸润，电极颗粒之间、电极与电解质之间的结合，更多依赖于粘合剂的支撑。在快充过程中，电极材料反复膨胀收缩，低温环境下界面阻抗上升，这些情景下，粘合剂的性能直接关系到电池结构稳定性和容量保持能力。从行业整体来看，固态电池专用粘合剂尚属新兴领域，技术路径仍在探索中。传统液态电池中常用的PVDF粘合剂，在固态体系下暴露出明显不足：其本身为离子绝缘体，会增加界面阻抗，且难以适应无溶剂条件下的固-固界面粘接需求。同时，不同电解质体系（如硫化物、氧化物、聚合物）对粘合剂的化学兼容性要求各异，进一步推高了研发复杂度。如何在保证粘接强度的同时，维持离子传导通道；在长循环中抵御体积变化；在极端温度下保持性能稳定，是行业普遍面临的难题。陶氏化学在聚合物化学和粘合剂配方方面拥有深厚积累，在极端环境稳定性、材料耐老化及规模化量产一致性等方面具备成熟经验。吉利此次联手陶氏，意在将后者在粘合材料领域的技术优势，与自身的固态电池研发体系及多品牌试点部署能力相结合，助推固态电池产业化进程加速。当然，从实验室指标到规模化量产，仍须跨越工艺稳定性、成本控制及供应链成熟度等多重障碍。但可以预见的是，当一家拥有多品牌布局的汽车集团，与一家材料科学领域积淀深厚的化工巨头形成合力，固态电池走向规模应用的步伐，大概率将更为高效。素材来源：迪车快讯、网络公开信息综合整理等，如有侵权立即删除，请联系我们报告推荐Asiachem亚化咨询推出《中国硫化锂技术与项目进展报告2025（免费版）》，该报告包含国内外硫化锂技术进展、重点生产企业技术路线/产能/项目最新动态、中国硫化锂/硫化物固态电解质项目数据库、市场分析与预测等。扫码加入固态电池产业群聊请备注“进群+单位、姓名、职务”往期推荐亿纬锂能官宣2026年推出全固态电池！【明天开幕】恩捷、赣锋、光华、天华、阿科玛、瑞逍、中石化、中科院、赛科动力、厦钨、博诺玛邀您共聚苏州！,,,,pending
一汽固态电池突破！全固态电芯中试线拟于2027年投产,亚化固态电池,亚化固态电池,"RIOnews API, 固态电池, 半固态, 全固态, 产品发布, 发布, 官宣, 合作进展, 融资, 定点, 合作, 量产推进, 产线规划, 产能, 批量生产",normal,2026-08-25T15:09:58+08:00,,点击蓝字 关注我们8月21日，中国一汽2026年科技大会在长春召开。会上正式发布阩旗技术“SIGHT（洞见）531”发展战略，并明确了下一阶段的重点攻坚任务。此次发布的多项核心技术进展颇为集中：L4级自动驾驶已实现全国全域无图城市领航功能；全固态电池方面，已攻克电芯低压力设计等关键技术，建成25兆瓦时全固态电芯中试线，量产线计划于2027年投入使用；飞行汽车“天辇一号”已完成首飞。大会同期，国内首个汽车全场景增材制造创新中心正式揭牌，目前年打印零件约1.9万件。金葵花车型已采用3D打印内饰件进行批量生产，累计实现降本3059万元。下一步，该创新中心将聚焦AI驱动生成式设计、增减材复合制造、4D,http://mp.weixin.qq.com/s?__biz=Mzk0MDY0OTQxOA==&mid=2247488076&idx=1&sn=643edf6936d6c547cf808d6870ae82c5,,点击蓝字 关注我们8月21日，中国一汽2026年科技大会在长春召开。会上正式发布阩旗技术“SIGHT（洞见）531”发展战略，并明确了下一阶段的重点攻坚任务。此次发布的多项核心技术进展颇为集中：L4级自动驾驶已实现全国全域无图城市领航功能；全固态电池方面，已攻克电芯低压力设计等关键技术，建成25兆瓦时全固态电芯中试线，量产线计划于2027年投入使用；飞行汽车“天辇一号”已完成首飞。大会同期，国内首个汽车全场景增材制造创新中心正式揭牌，目前年打印零件约1.9万件。金葵花车型已采用3D打印内饰件进行批量生产，累计实现降本3059万元。下一步，该创新中心将聚焦AI驱动生成式设计、增减材复合制造、4D,点击蓝字 关注我们8月21日，中国一汽2026年科技大会在长春召开。会上正式发布阩旗技术“SIGHT（洞见）531”发展战略，并明确了下一阶段的重点攻坚任务。此次发布的多项核心技术进展颇为集中：L4级自动驾驶已实现全国全域无图城市领航功能；全固态电池方面，已攻克电芯低压力设计等关键技术，建成25兆瓦时全固态电芯中试线，量产线计划于2027年投入使用；飞行汽车“天辇一号”已完成首飞。大会同期，国内首个汽车全场景增材制造创新中心正式揭牌，目前年打印零件约1.9万件。金葵花车型已采用3D打印内饰件进行批量生产，累计实现降本3059万元。下一步，该创新中心将聚焦AI驱动生成式设计、增减材复合制造、4D智能打印三大前沿方向，并持续向飞行汽车、具身智能等战略领域拓展赋能。中国一汽在固态电池领域的布局可追溯至2014年，是国内最早投身该技术研发的车企之一。截至目前，一汽在该领域已累计投入研发资金超50亿元，申请相关专利逾800项。在自主研发之外，一汽同步通过资本运作和产业合作，多线并进。2020年4月，一汽产业基金参与台湾固态电池企业辉能科技近亿美元的D轮融资，在氧化物技术路线上完成早期卡位。2025年，一汽动力电池布局迎来关键整合。在国务院国资委统筹指导下，一汽牵头对原力神青岛实施专业化重组，联合东风汽车、长安汽车共同成立中汽新能电池科技有限公司，由一汽控股，总部设于天津滨海高新区。中汽新能由此成为央企体系中唯一的动力电池平台，亦是一汽固态电池产业化的核心载体。整合完成后，其与南开大学陈军院士团队联合开发的500Wh/kg富锂锰基固液电池已实现实车装车。在半固态路线方面，一汽选择与孚能科技合作。孚能科技半固态电池已获一汽解放等客户定点，第一代产品于2022年实现装车，第二代产品能量密度突破330Wh/kg，并已进入小批量量产交付阶段。该路线聚焦近期商业化落地，与全固态技术的长期布局形成互补。材料端的协同布局同步推进。一汽与有研广东新材料研究院联合研发固态电解质制备技术，正极材料方面则与当升科技合作，其高镍9系材料已通过一汽测试并获得百公斤级订单。在高校合作层面，吉林大学与一汽研发总院在全固态锂金属电池的临界电流密度和循环寿命等关键指标上也取得了阶段性研究成果。2026年7月，一汽进一步牵头吉林大学、中国盐湖、泰丰先行等10家单位，完成固态电池全产业链合作签约。叠加此前已主导的27家央企固态电池创新联合体，一汽已基本贯通上游材料、中游电芯、下游整车的资源链条。从2014年的前瞻研发布局，到2020年的资本试探，再到2025年的产业整合与2026年的全链协同，一汽用十余年时间搭建起覆盖材料、电芯、整车各环节的固态电池体系。全固态中试线已建成，2027年量产线规划落定，意味着这张大网正从“系统布局”转向“成果释放”。在固态电池产业化竞速的关键节点，一汽已占据不可忽视的先发位势。素材来源：长春新闻联播、网络公开信息综合整理等，如有侵权立即删除，请联系我们报告推荐Asiachem亚化咨询推出《中国硫化锂技术与项目进展报告2025（免费版）》，该报告包含国内外硫化锂技术进展、重点生产企业技术路线/产能/项目最新动态、中国硫化锂/硫化物固态电解质项目数据库、市场分析与预测等。扫码加入固态电池产业群聊请备注“进群+单位、姓名、职务”往期推荐亿纬锂能官宣2026年推出全固态电池！【明天开幕】恩捷、赣锋、光华、天华、阿科玛、瑞逍、中石化、中科院、赛科动力、厦钨、博诺玛邀您共聚苏州！,,,,pending
【演讲征集】中国国际钒液流电池论坛2026将于11月19–20日在上海召开,亚化液流储能,亚化液流储能,"RIOnews API, 长时储能, 液流电池, 合作进展, 融资, 投资, 技术进展, 最新进展, 技术突破, 技术验证",normal,2026-08-25T15:01:55+08:00,,一会议背景全球能源转型加速推进，全钒液流电池凭借本征安全、超长寿命与灵活扩容的独特优势，已成为长时储能的最优技术路径之一。2025年，中国全钒液流电池新增装机约1GW/4.2GWh。2026年6月，我国规模最大全钒液流储能电站——三峡集团新疆吉木萨尔200MW/1000MWh全钒液流储能电站全面转入商业运行，标志着行业正式迈入吉瓦级商业化运营新阶段。产业规模快速扩张的同时，钒液流电池正经历从技术验证向规模化应用的关键跨越，一系列新趋势与新业态正在重塑行业格局。电解液融资租赁模式加速破局——钒电解液占系统总成本40%-50%，以“以租代购”为核心的经营性租赁可将初始投资降低40%-50%，推动初,http://mp.weixin.qq.com/s?__biz=MzkzNDYzMzQ0NA==&mid=2247504251&idx=3&sn=7d74b6ed047fe410156f865c1df5b2b4,,一会议背景全球能源转型加速推进，全钒液流电池凭借本征安全、超长寿命与灵活扩容的独特优势，已成为长时储能的最优技术路径之一。2025年，中国全钒液流电池新增装机约1GW/4.2GWh。2026年6月，我国规模最大全钒液流储能电站——三峡集团新疆吉木萨尔200MW/1000MWh全钒液流储能电站全面转入商业运行，标志着行业正式迈入吉瓦级商业化运营新阶段。产业规模快速扩张的同时，钒液流电池正经历从技术验证向规模化应用的关键跨越，一系列新趋势与新业态正在重塑行业格局。电解液融资租赁模式加速破局——钒电解液占系统总成本40%-50%，以“以租代购”为核心的经营性租赁可将初始投资降低40%-50%，推动初,一会议背景全球能源转型加速推进，全钒液流电池凭借本征安全、超长寿命与灵活扩容的独特优势，已成为长时储能的最优技术路径之一。2025年，中国全钒液流电池新增装机约1GW/4.2GWh。2026年6月，我国规模最大全钒液流储能电站——三峡集团新疆吉木萨尔200MW/1000MWh全钒液流储能电站全面转入商业运行，标志着行业正式迈入吉瓦级商业化运营新阶段。产业规模快速扩张的同时，钒液流电池正经历从技术验证向规模化应用的关键跨越，一系列新趋势与新业态正在重塑行业格局。电解液融资租赁模式加速破局——钒电解液占系统总成本40%-50%，以“以租代购”为核心的经营性租赁可将初始投资降低40%-50%，推动初投成本迈入1元/Wh以内。核心技术持续突破——电堆大型化技术取得关键突破，全球最大功率200KW全钒液流单体电堆发布，大幅降低储能系统的单位装机成本与系统复杂度，推动全钒液流储能技术走向更广泛商业化应用。与此同时，混合储能正成为优化系统性价比的重要路径。“锂电+液流”等组合模式兼顾高功率响应与长时能量时长，有效破解单一技术商业化瓶颈。中国钒液流电池企业亦加速出海，海外布局已成为开拓高溢价市场、实现全球化增长的必然选择。此外，储能与AI算力中心的深度融合正开辟增量空间——全钒液流电池凭借高安全与长时储能特性，精准适配算力中心不间断供电、峰谷节电等新场景，市场需求加速释放。值此产业变革之际，由亚化咨询、上海电气储能联合主办，国际钒技术委员会（Vanitec）支持的中国国际钒液流电池论坛2026将于11月19–20日在上海召开。论坛将深入探讨储能政策与市场、电解液融资租赁创新、电堆与短流程电解液技术、混合储能案例、出海战略、储能与AI算力融合发展等议题。一会议主题1.全球钒液流电池产业政策与市场展望2.全钒液流电池技术发展与成本控制3.钒资源供需格局与价格趋势分析4.短流程电解液制备技术突破与产业化5.电解液融资租赁案例与路径6.电堆技术最新进展与降本趋势7.混合储能项目案例与技术发展8.企业出海战略与海外项目实践9.储能与AI算力中心：绿电直连与长时储能新场景10.液流电池用质子膜产业化进展11.电极、双极板等关键材料技术进展12.液流电池生产设备与工艺13.产业投资与钒液流电池资本市场机遇14.工业参观三大会安排联合主办：亚化咨询、上海电气储能支持单位：国际钒技术委员会会议地点：上海会议规模：200+会议签到：11月18日下午会议报告：11月19日全天工业参观：11月20日-参观地点待定三赞助方案项目项目内容主题演讲25分钟主题演讲参会名额微信推送微信公众号，企业介绍以及相关软文会刊广告研讨会会刊，彩色全页广告（尺寸A4）资料入袋赞助企业的宣传册放入会议包袋现场展台现场展示台，展示样品、资料，含两个参会名额现场易拉宝现场1个易拉宝展示礼品赞助印有赞助商logo的礼品赠送参会听众茶歇赞助冠名和赞助会议期间的茶歇晚宴赞助冠名和赞助会议的招待晚宴Logo展示背景墙 logo，会刊封面logo为充实论坛内容、赋能产业发展、打造高影响力行业交流盛会，现面向全钒液流电池产业领域专家学者、资深企业家，公开征集演讲议题，共绘产业美好蓝图。如果您有意向参与演讲、赞助或参会，欢迎您与我们联系：赵经理***********（微信同号）review往期会议回顾【快讯】第三届钒原料、电解液与钒电池储能论坛2025圆满召开！【快讯】中国国际钒液流储能大会2024圆满召开！【快讯】2024钒原料、电解液与钒电池储能论坛【快讯】第二届液流储能电池技术与产业发展论坛【快讯】质子膜、双极板、电极材料与电堆技术论坛【快讯】钒原料、电解液与钒电池产业发展论坛2023【快讯】2023液流储能电池技术与产业发展论坛圆满召开！关于亚化咨询亚化咨询是国内领先的新兴能源、材料领域的产业智库，2008年成立于上海浦东。业务范围：咨询研究、会议培训、产业中介。重点关注：新兴能源、材料产业，如煤化工、高端石化、光伏、氢能与燃料电池、生物能源材料、半导体、储能等。版权及免责声明：一、本公众号注明“原创”的文章，其他媒体可以转载，但转载时必须保持内容的完整性，且务必注明来源。二、本公众号注明其他来源的文章，是出于分享信息之目的而转载的公开内容，版权归原作者所有。如涉及版权问题，敬请联系，我们将在第一时间核实并处理。【演讲征集】中国国际钒液流电池论坛2026将于11月19–20日在上海召开,,,,pending
新新钒钛与三一重能签署战略合作协议,亚化液流储能,亚化液流储能,"RIOnews API, 长时储能, 液流电池, 产品发布, 发布, 全新, 合作进展, 融资, 战略合作, 投资, 合作, 技术进展, 最新进展, 技术突破, 技术验证",normal,2026-08-25T15:01:55+08:00,,风储携手，助力AIDC绿色用电2026年8月，承德万利通集团董事长张建勇、承德新新钒钛储能科技有限公司CEO刘胜男带队赴三一重能拜访交流并实地参观考察。双方就当前新能源产业发展、绿电消纳、风电与长时储能结合、AIDC与算电协同、算储协同、“电-储-算”新模式等行业痛点议题展开深度交流。双方达成合作意向，并签署《三一重能股份有限公司承德新新钒钛储能科技有限公司战略合作协议》。协议中提出，双方秉持“优势互补、资源同享、共赢发展”的原则，建立全面战略合作关系，开展全方位的技术与商业合作，共同开展绿电开发、储算融合、算力保供、绿电配套等业务合作，致力于共同推进河北、云南、天津、河南等地区开发合作，依托,http://mp.weixin.qq.com/s?__biz=MzkzNDYzMzQ0NA==&mid=2247504251&idx=2&sn=93a58ed13ac1f0cd234f5e614bc723a7,,风储携手，助力AIDC绿色用电2026年8月，承德万利通集团董事长张建勇、承德新新钒钛储能科技有限公司CEO刘胜男带队赴三一重能拜访交流并实地参观考察。双方就当前新能源产业发展、绿电消纳、风电与长时储能结合、AIDC与算电协同、算储协同、“电-储-算”新模式等行业痛点议题展开深度交流。双方达成合作意向，并签署《三一重能股份有限公司承德新新钒钛储能科技有限公司战略合作协议》。协议中提出，双方秉持“优势互补、资源同享、共赢发展”的原则，建立全面战略合作关系，开展全方位的技术与商业合作，共同开展绿电开发、储算融合、算力保供、绿电配套等业务合作，致力于共同推进河北、云南、天津、河南等地区开发合作，依托,风储携手，助力AIDC绿色用电2026年8月，承德万利通集团董事长张建勇、承德新新钒钛储能科技有限公司CEO刘胜男带队赴三一重能拜访交流并实地参观考察。双方就当前新能源产业发展、绿电消纳、风电与长时储能结合、AIDC与算电协同、算储协同、“电-储-算”新模式等行业痛点议题展开深度交流。双方达成合作意向，并签署《三一重能股份有限公司承德新新钒钛储能科技有限公司战略合作协议》。协议中提出，双方秉持“优势互补、资源同享、共赢发展”的原则，建立全面战略合作关系，开展全方位的技术与商业合作，共同开展绿电开发、储算融合、算力保供、绿电配套等业务合作，致力于共同推进河北、云南、天津、河南等地区开发合作，依托三一集团资源优势，协助推广全钒液流储能产品的市场应用。优势互补，构建跨界协同的产业合力三一重能：三一集团旗下国内风电行业头部企业、全球第一梯队的风电整机龙头企业，跻身全球风电整机前五，入选标普全球Tier 1顶级供应商名单。公司实现叶片、发电机等核心部件自研自制，掌握陆上、海上全系列大兆瓦风机研发制造能力，产品覆盖山地、高海拔、沙戈荒等复杂工况，海内外市场同步高速拓展，致力于成为全球清洁能源装备及服务领航者。新新钒钛：深耕全钒液流电池产业二十载，是国内最早研发钒电池的企业之一，聚焦钒电池储能系统及其关键材料的研发、生产与运营，具备突出的技术、人才、矿产资源优势，承担了国家“863”项目、国家科技支撑项目，是国家液流电池标准委员会成员；产品远销海内外，获得西班牙、保加利亚、日本等国家订单，2023年获得联合国工发组织（UNIDO）Global Call清洁能源创新赛道三等奖。一个是具备风电全产业链能力的行业主力军，拥有成熟的项目开发经验与全国性产业布局能力；一个是国内全钒液流储能领域的老牌实力派企业，扎根钒储能产业多年，手握核心材料技术、钒矿资源以及专业人才等多重核心优势。双方充分把风电和钒储资源禀赋结合起来，把地方产业资源和全国项目机会打通，实现 1+1＞2 的产业效应。“风-储-算”协同，破解算力时代能源难题AI浪潮席卷之下，AIDC人工智能算力中心迎来高速建设期。算力机房7×24小时不间断运行，耗电量巨大，对供电稳定性、绿电占比也提出严苛要求。风电能够提供源源不断的零碳绿电，但受自然条件影响存在间歇性波动，很难直接满足算力中心不间断供电的硬性需求，这也是长期制约绿电直供AIDC落地的现实痛点。依托三一重能的风电开发能力，为算力基地输送大规模绿色电力；结合全钒液流电池高安全、长寿命、长时放电的独特优势，充当算力场景的电力缓冲器。平滑风电波动，补齐无风时段供电缺口，完成绿电跨时段存储调度，为AIDC筑牢安全稳定的绿色能源底座。站在产业视角，这次合作的价值远不止项目本身：一、对算力行业，有效解决AIDC高绿电率、供电稳定性的痛点，减少对传统备用电源依赖，助力数字基础设施低碳化发展。二、对新能源行业，解决新能源消纳难、收益率下降行业痛点，AIDC“电-储-算”模式打开风电、长时储能的全新增量市场，把我国钒资源优势转化为全国绿色算力项目落地能力，为电算储协同商业化落地打造可参考的实践样本。乘风钒动，共启电储算融合新征程新能源的下半场，早已不是单一发电或者单一储能设备的比拼，而是一体化综合解决方案的竞争。风电与全钒液流电池的双向奔赴，背后是产业逻辑的升级：不再只是建设一座座风电场、制造一套套储能装备，而是探索“绿色发电+长时调节+算力配套”的综合能源模式。双方将持续挖掘项目机会，打磨商业模式，推动能源产业与数字产业双向赋能。从燕山脚下走向全国多地，以风电拓规模，以钒储稳供给，以算力拓价值。两家企业的携手，既是企业层面的互利共赢，也期待能够为我国新型电力系统建设、发展绿色新质生产力贡献产业实践。来源：新新钒钛《亚化钒产业交流群》正式建立，欢迎钒产业链的朋友们的加入，上游主要包括含钒矿产（如钒钛磁铁矿、石煤等）以及含钒固废等钒原料。中游为钒产品生产制造环节，涵盖提钒和制钒两大关键步骤。下游则是钒的应用领域，包括钢铁、冶金、全钒电池、化工、颜料等，入群请备注公司名称、姓名、手机等信息。一会议背景全球能源转型加速推进，全钒液流电池凭借本征安全、超长寿命与灵活扩容的独特优势，已成为长时储能的最优技术路径之一。2025年，中国全钒液流电池新增装机约1GW/4.2GWh。2026年6月，我国规模最大全钒液流储能电站——三峡集团新疆吉木萨尔200MW/1000MWh全钒液流储能电站全面转入商业运行，标志着行业正式迈入吉瓦级商业化运营新阶段。产业规模快速扩张的同时，钒液流电池正经历从技术验证向规模化应用的关键跨越，一系列新趋势与新业态正在重塑行业格局。电解液融资租赁模式加速破局——钒电解液占系统总成本40%-50%，以“以租代购”为核心的经营性租赁可将初始投资降低40%-50%，推动初投成本迈入1元/Wh以内。核心技术持续突破——电堆大型化技术取得关键突破，全球最大功率200KW全钒液流单体电堆发布，大幅降低储能系统的单位装机成本与系统复杂度，推动全钒液流储能技术走向更广泛商业化应用。与此同时，混合储能正成为优化系统性价比的重要路径。“锂电+液流”等组合模式兼顾高功率响应与长时能量时长，有效破解单一技术商业化瓶颈。中国钒液流电池企业亦加速出海，海外布局已成为开拓高溢价市场、实现全球化增长的必然选择。此外，储能与AI算力中心的深度融合正开辟增量空间——全钒液流电池凭借高安全与长时储能特性，精准适配算力中心不间断供电、峰谷节电等新场景，市场需求加速释放。值此产业变革之际，由亚化咨询、上海电气储能联合主办，国际钒技术委员会（Vanitec）支持的中国国际钒液流电池论坛2026将于11月19–20日在上海召开。论坛将深入探讨储能政策与市场、电解液融资租赁创新、电堆与短流程电解液技术、混合储能案例、出海战略、储能与AI算力融合发展等议题。一会议主题1.全球钒液流电池产业政策与市场展望2.全钒液流电池技术发展与成本控制3.钒资源供需格局与价格趋势分析4.短流程电解液制备技术突破与产业化5.电解液融资租赁案例与路径6.电堆技术最新进展与降本趋势7.混合储能项目案例与技术发展8.企业出海战略与海外项目实践9.储能与AI算力中心：绿电直连与长时储能新场景10.液流电池用质子膜产业化进展11.电极、双极板等关键材料技术进展12.液流电池生产设备与工艺13.产业投资与钒液流电池资本市场机遇14.工业参观三大会安排联合主办：亚化咨询、上海电气储能支持单位：国际钒技术委员会会议地点：上海会议规模：200+会议签到：11月18日下午会议报告：11月19日全天工业参观：11月20日考察申能奉贤星火综合新型储能示范基地三赞助方案项目项目内容主题演讲25分钟主题演讲参会名额微信推送微信公众号，企业介绍以及相关软文会刊广告研讨会会刊，彩色全页广告（尺寸A4）资料入袋赞助企业的宣传册放入会议包袋现场展台现场展示台，展示样品、资料，含两个参会名额现场易拉宝现场1个易拉宝展示礼品赞助印有赞助商logo的礼品赠送参会听众茶歇赞助冠名和赞助会议期间的茶歇晚宴赞助冠名和赞助会议的招待晚宴Logo展示背景墙 logo，会刊封面logo为充实论坛内容、赋能产业发展、打造高影响力行业交流盛会，现面向全钒液流电池产业领域专家学者、资深企业家，公开征集演讲议题，共绘产业美好蓝图。如果您有意向参与演讲、赞助或参会，欢迎您与我们联系：赵经理***********（微信同号）review往期会议回顾中国国际钒液流电池论坛2025圆满召开！【快讯】第三届钒原料、电解液与钒电池储能论坛2025圆满召开！【快讯】中国国际钒液流储能大会2024圆满召开！【快讯】2024钒原料、电解液与钒电池储能论坛【快讯】第二届液流储能电池技术与产业发展论坛【快讯】质子膜、双极板、电极材料与电堆技术论坛【快讯】钒原料、电解液与钒电池产业发展论坛2023【快讯】2023液流储能电池技术与产业发展论坛圆满召开！关于亚化咨询亚化咨询是国内领先的新兴能源、材料领域的产业智库，2008年成立于上海浦东。业务范围：咨询研究、会议培训、产业中介。重点关注：新兴能源、材料产业，如煤化工、高端石化、光伏、氢能与燃料电池、生物能源材料、半导体、储能等。版权及免责声明：一、本公众号注明“原创”的文章，其他媒体可以转载，但转载时必须保持内容的完整性，且务必注明来源。二、本公众号注明其他来源的文章，是出于分享信息之目的而转载的公开内容，版权归原作者所有。如涉及版权问题，敬请联系，我们将在第一时间核实并处理。新新钒钛与三一重能签署战略合作协议,,,,pending
河北独立储能项目排查整顿：69个项目延期、16个取消，涉及6个钒液流电池项目,亚化液流储能,亚化液流储能,"RIOnews API, 长时储能, 液流电池, 合作进展, 融资, 投资, 技术进展, 最新进展, 技术突破, 技术验证",normal,2026-08-25T15:01:55+08:00,,近日，河北省发改委对省内85个独立储能储备项目（总规模11.65GW）进行全面排查，公示了拟延期开工和拟取消建设计划清单。其中，拟延期项目69个（9.905GW），拟取消项目16个（1.75GW），公示期已于8月22日截止。在拟取消清单中，多个全钒液流电池长时储能项目赫然在列。以河北汇智未来隆化200MW/800MWh项目为例，地方核查意见明确指出，该项目因全钒液流路线初始投资过高、内部收益率不达企业要求，企业建设意愿不足，且尚未实质开工，故拟申请取消。其余钒储能项目的具体调整明细，以省发改委公示附件为准。此次专项排查，旨在落实河北省对独立储能项目的严苛时间约束——9个月内须实质性开工、15个,http://mp.weixin.qq.com/s?__biz=MzkzNDYzMzQ0NA==&mid=2247504251&idx=1&sn=eb26362abcec2a281e11bd9a2115f569,,近日，河北省发改委对省内85个独立储能储备项目（总规模11.65GW）进行全面排查，公示了拟延期开工和拟取消建设计划清单。其中，拟延期项目69个（9.905GW），拟取消项目16个（1.75GW），公示期已于8月22日截止。在拟取消清单中，多个全钒液流电池长时储能项目赫然在列。以河北汇智未来隆化200MW/800MWh项目为例，地方核查意见明确指出，该项目因全钒液流路线初始投资过高、内部收益率不达企业要求，企业建设意愿不足，且尚未实质开工，故拟申请取消。其余钒储能项目的具体调整明细，以省发改委公示附件为准。此次专项排查，旨在落实河北省对独立储能项目的严苛时间约束——9个月内须实质性开工、15个,近日，河北省发改委对省内85个独立储能储备项目（总规模11.65GW）进行全面排查，公示了拟延期开工和拟取消建设计划清单。其中，拟延期项目69个（9.905GW），拟取消项目16个（1.75GW），公示期已于8月22日截止。在拟取消清单中，多个全钒液流电池长时储能项目赫然在列。以河北汇智未来隆化200MW/800MWh项目为例，地方核查意见明确指出，该项目因全钒液流路线初始投资过高、内部收益率不达企业要求，企业建设意愿不足，且尚未实质开工，故拟申请取消。其余钒储能项目的具体调整明细，以省发改委公示附件为准。此次专项排查，旨在落实河北省对独立储能项目的严苛时间约束——9个月内须实质性开工、15个月内须并网，逾期将失去容量电价支持资格。此举意在整治“占备案、等政策”的囤而不建现象，倒逼项目方落实用地、接入、资金等前置条件。从清单看，延期与取消并非钒电池独有，钠离子及其他技术路线的项目同样面临类似困境，电网接入瓶颈、资金不到位、经济性测算不达标是普遍制约因素。对全钒液流产业链而言，备案储备项目的大量存在，并不意味着短期钒原料需求的即时释放——从备案到实际投料存在较长周期，转化节奏需理性看待。同时，业内也指出，河北仍有部分全钒液流示范项目正常推进并顺利并网，个别项目调整不代表技术路线失效。此次清理更应被视为一次“去伪存真”的过程，筛除缺乏落地条件的项目，留存具备经济性与建设条件的优质标的，长期有利于钒储能产业的有序、高质量发展。具体名单如下：1、河北省拟申请延期开工独立储能项目清单序号市域项目名称项目单位项目地址技术路线装机万千瓦储能时长/H处置意见1石家庄市深泽国瑞300MW/1200MWh新型储能电站项目深泽县国瑞智慧新能源科技有限公司深泽县西河村磷酸铁锂304延期至2027年1月31日前开工2石家庄市灵寿县驰能新能源科技有限公司20万千瓦独立储能试点项目灵寿县驰能新能源科技有限公司灵寿县陈庄镇大湾村168MW/336MWh磷酸铁锂（含10MW/20MWh构网型）+32MW/64MWh钠离子202延期至2027年1月31日前开工3石家庄市鹿泉区融储 100MW/400MWh新型独立储能电站示范项目石家庄市山海驭鹿储能科技有限公司鹿泉区铜冶镇85MW/340MWh磷酸铁锂电池+15MW/60MWh半固态电池104延期至2027年1月31日前开工4石家庄市河北铧海 200MW/800MWh共享储能电站项目河北铧海储能电站有限公司藁城区常安镇磷酸铁锂204延期至2027年1月31日前开工5石家庄市井陉爱马能源科技公司上安东100MW/200MWh储能试点项目井陉爱马能源科技有限公司井陉县吴家窑乡85MW/170MWh磷酸铁锂+15MW/30MWh半固态电池102延期至2027年1月31日前开工6石家庄市石家庄经开区100MW/400MWh电化学独立储能电站项目石家庄先迪安新能源科技有限公司石家庄丘头镇100%全浸没式温控磷酸铁锂电化学储能104延期至2027年1月31日前开工7石家庄市深泽磷酸铁锂+钠离子100MW400MWh独立储能电站深泽县盛步储能技术有限公司深泽县深泽镇87.5MW/350MWh磷酸铁锂+12.5MW/50MWh钠离子104延期至2027年1月31日前开工8石家庄市赵县工业园100MW/400MWh独立储能项目赵县碳峰新能源科技有限公司赵州镇磷酸铁锂104延期至2027年1月31日前开工9石家庄市河北建投元氏100MW/200MWh独立储能项目建投储能（元氏）新能源科技有限公司元氏县赵同乡磷酸铁锂102延期至2027年1月31日前开工10石家庄市晋州市霖晟新能源科技有限公司晋州市100MW/200MWh独立储能电站项目晋州市霖晟新能源科技有限公司东里庄镇磷酸铁锂102延期至2027年1月31日前开工11石家庄市新乐国顺 100MW/200MWh独立储能电站项目新乐市国顺智慧能源科技有限公司新乐市邯邰镇西牛林村磷酸铁锂102延期至2027年1月31日前开工12石家庄市新乐国顺 200MW/400MWh（二期 100MW/200MWh）新型独立储能示范项目新乐市国顺智慧能源科技有限公司新乐市邯邰镇西牛林村磷酸铁锂102延期至2027年1月31日前开工13保定市涞水洁投200MW/400MWh独立储能项目河北洁净能源投资有限公司涞水县涞水镇180MW/360MWh磷酸铁锂+20MW/40MWh钠离子202延期至2027年1月30日前开工14保定市定兴洁投200MW/400MWh独立储能电站项目河北洁净能源投资有限公司定兴县杨村镇180MW/360MWh磷酸铁锂+20MW/40MWh钠离子202延期至2027年1月30日前开工15沧州市沧州集锐河间独立储能电站项目沧州集锐新能源科技有限公司河间市西九吉乡磷酸铁锂电池304延期至2026年9月1日前开工16沧州市任丘智弘100MW/400MWh新型技术路线磷酸铁锂+钠电池独立储能试点项目沧州市智弘新能源发展有限公司任丘市麻家坞镇30MW/120MWh大容量磷酸铁锂+60MW/240MWh长寿命磷酸铁锂+10MW/40MWh钠离子104延期至2026年9月15日前开工17沧州市青县智储100MW/400MWh磷酸铁锂+钠电池独立储能示范电站项目沧州市智储能源发展有限公司青县上伍乡90MW/360MWh磷酸铁锂+10MW/40MWh钠离子104延期至2027年1月20日前开工18沧州市东光起源100MW/400MWh第三代大容量电芯独立储能示范项目沧州市起源新能源发展有限公司东光县灯明寺镇第三代2.5MW/10MWh新型大容量磷酸铁锂储能电芯技术104延期至2027年1月20日前开工19衡水市深州洁投100MW/200MWh独立储能项目河北洁净能源投资有限公司深州市辰时镇90MW/180MWh磷酸铁锂+10MW/20MWh钠离子102延期至2026年10月底前开工20衡水市中城大有饶阳县100MW/400MWh独立储能电站试点项目中城大有新能源（饶阳县）有限公司饶阳县大官亭镇90MW/360MWh磷酸铁锂+10MW超级电容10磷酸铁锂4小时+超级电容30秒延期至2026年10月底前开工21衡水市饶阳县饶阳建投储能科技有限公司10万千瓦独立储能试点项目饶阳建投储能科技有限公司饶阳县平安西路278号90MW/360MWh磷酸铁锂+10MW超级电容10磷酸铁锂4小时+超级电容30秒延期至2026年10月底前开工22衡水市衡水市桃城区 85MW/340MWh 磷酸铁锂+15MW/60MWh 半固态电池独立储能电站项目中宝恒元（河北）科技有限公司桃城区赵圈镇85MW/340MWh 磷酸铁锂+15MW/60MWh 半固态电池104延期至2026年10月底前开工23衡水市衡水市桃城区饶先（河北）新能源100MW超容锂电混合独立储能试点项目饶先（河北）新能源科技有限公司桃城区邓庄镇90MW/360MWh磷酸铁锂+10MW超级电容10磷酸铁锂4小时+超级电容30秒延期至2026年10月底前开工24邢台市中科国大控股新河县100MW/400MWh独立储能项目中科国大控股（北京）有限公司新河县寻寨镇90MW/360MWh磷酸铁锂+10MW/40MWh钠离子104延期至2027年1月20日前开工25邢台市巨鹿县100MW/400MWh多元独立储能电站试点项目中科国融（巨鹿县）新能源开发有限责任公司巨鹿县观寨镇90MW/360MWh磷酸铁锂+10MW/40MWh钠离子104延期至2027年1月30日前开工26邢台市沙河市白塔镇100MW/400MWh独立储能项目邢台上鼎新能源科技有限公司沙河市新城镇白错村90MW/360MWh磷酸铁锂+10MW/40MWh钠离子104延期至2027年1月31日前开工27邢台市国电投广宗县100MW/400MWh独立储能项目邢台东能广智新能源科技有限公司广宗县葫芦乡90MW/360MWh磷酸铁锂+10MW/40MWh钠离子104延期至2026年12月31日前开工28邢台市河北燕赵兴泰储能科技有限公司三期5MW/20MWh全钒液流电网侧独立储能电站项目河北燕赵兴泰储能科技有限公司邢台市信都区兴泰公司及国泰公司厂区内全钒液流0.54延期至2027年1月31日前开工29邢台市邢台顺德100MW/400MWh储能电站项目河北顺德城市发展集团有限公司信都区滨江路以东、大沙河河道以北90MW/360MWh磷酸铁锂+10MW/40MWh半固态电池104延期至2027年1月20日前开工30邢台市掌御隆尧县100MW/400MWh新型储能项目掌御储能技术（隆尧）有限公司隆尧县东良镇80MW/320MWh磷酸铁锂+20MW/80MWh准固态电池104延期至2027年1月20日前开工31邢台市南宫日升新型独立储能储能示范项目（二期100MW/200MWh）南宫市日升新能源科技有限公司南宫市垂杨镇磷酸铁锂102延期至2027年1月30日前开工32邯郸市武安市90MW/360MWh磷酸铁锂+10MW/40MWh钠离子混合独立储能电站示范项目北京最先新能源集团有限公司武安市伯延镇胜利街东，刘西公路南300米90MW/360MWh磷酸铁锂+10MW/40MWh钠离子104延期至2027年1月21日前开工33邯郸市魏县中创新航智慧能源科技有限公司10万千瓦独立储能试点项目中创新航智慧能源科技有限公司魏县车往镇90MW/360MWh磷酸铁锂+10MW/40MWh半固态电池104延期至2027年1月21日前开工34邯郸市鸡泽县北京绿电荷储能源发展有限公司10万千瓦独立储能试点项目北京绿电荷储能源发展有限公司鸡泽县风正乡85MW/170MWh磷酸铁锂+15MW/30MWh半固态电池102延期至2027年1月21日前开工35邯郸市冀中新能源华重300MW/600MWh独立储能项目河北冀中新能源科技有限公司冀南新区马头工业城磷酸铁锂电池302延期至2027年1月21日前开工36定州市定州市100MW/200WMh独立储能电站项目定州经开禹舜能源有限公司定州市高新区85MW/170MWh磷酸铁锂+15MW/30MWh钠离子102延期至2027年1月21日前开工37河北雄安新区河北雄安新区安新县100MW/20OMWh独立储能电站项目慧乔新能源科技(河北)有限公司安新县老河头镇磷酸铁锂储能102延期至2027年1月31日前开工38河北雄安新区中广核雄安100MW/400MWh 高安全多元构网型独立储能电站项目中广核风电有限公司雄安新区昝岗片区昝岗镇90MW/360MWh磷酸铁锂+10MW/40MWh全钒液流+主动安全预警系统104延期至2027年1月31日前开工39张家口市涿鹿县200MW独立储能项目涿鹿县智宸新能源科技有限公司涿鹿县武家沟镇170MW/680MWh磷酸铁锂+30MW超级电容20磷酸铁锂4小时+超级电容30秒延期至2027年1月21日前开工40张家口市涿鹿县200MW/780.25MWh独立储能项目张家口智通储能新能源有限公司涿鹿县黑山寺乡黑山寺村180MW/720MWh磷酸铁锂+15MW/60MWh钠离子+5MW/0.25MWh飞轮混合储能20磷酸铁锂4小时+钠离子4小时+飞轮3分钟延期至2027年1月21日前开工41张家口市张家口怀来县20万千瓦/80万千瓦时独立储能电站项目中能电建（怀来）新能源有限公司怀来县瑞云观乡瑞云观村、东花园镇火烧营村半固态电池电化学储能204延期至2027年1月31日前开工42张家口市张家口经开区200MW/800MWh独立储能项目张家口智宇建设发展有限公司经开区中兴南路东侧磷酸铁锂电池储能204延期至2027年1月底前开工43承德市交投隆化郭家屯独立储能项目河北晟德基础设施建设开发有限公司隆化县郭家屯镇磷酸铁锂电池304延期至2026年9月30日前开工44承德市河北交投晟德承德县300MW/1200MWh储能电站项目河北晟德基础设施建设开发有限公司承德县六沟镇磷酸铁锂电池304延期至2026年9月30日前开工45承德市河北丰宁新型独立储能示范项目河北丰宁建投新能源有限公司丰宁满族自治县四岔口乡90MW/360MWh磷酸铁锂+10MW/40MWh全钒液流104延期至2027年1月31日前开工46承德市滦平周营子10万千瓦/40万千瓦时独立储能示范项目承德桂达科技有限公司滦平县张百湾镇磷酸铁锂电池104延期至2027年1月31日前开工47承德市格物能源承德市滦平县100MW/400MWh独立储能试点项目格物能源有限公司滦平县红旗镇90MW/360MWh磷酸铁锂+10MW/40MWh钠离子104延期2026年9月30日前开工48承德市滦平美汇20万千瓦/80万千瓦时独立储能项目滦平美汇新能源科技有限公司滦平县红旗镇180MW/720MWh磷酸铁锂储能+20MW/80MWh钠离子204延期2026年10月31日前开工49承德市围场德御电网侧独立储能综合示范项目围场满族蒙古族自治县德御新能源科技有限公司围场满族蒙古族自治县半截塔镇磷酸铁锂电池297MW/1188MWh+全钒液流电池3MW/12MWh304延期至2026年9月30日前开工50唐山市河北集电乐亭200MW/760MWh新型混合独立储能电站河北集电新能源科技有限公司乐亭县经济开发区180MW/720MWh磷酸铁锂+20MW/40MWh钠离子20磷酸铁锂4小时+钠离子2小时延期至2026年12月1日前开工51唐山市丰南区北京泓慧国际能源技术公司20万千瓦独立储能试点项目唐山泓丰飞驰能源技术有限公司丰南区王兰庄镇180MW/360MWh磷酸铁锂+20MW/2.5MWh飞轮储能20磷酸铁锂2小时+飞轮7分钟延期至2027年1月20日前开工52唐山市河北硕冠科技150兆瓦/261兆瓦时独立储能项目河北硕冠科技有限公司海港开发区锦绣街以北、幸福路以东130MW/260MWh磷酸铁锂+20MW/1MWh飞轮储能15磷酸铁锂2小时+飞轮3分钟延期至2027年1月21日开工53唐山市皓之源南堡储能电站项目唐山皓之源科技有限公司南堡经济开发区120MW/240MWh磷酸铁锂+80MW/160MWh钠离子202延期至2027年1月21日前开工54唐山市曹妃甸区储能电站项目唐山国控科创集团有限公司曹妃甸区装备制造园区120MW/240MWh磷酸铁锂+80MW/160MWh钠离子202延期至2027年1月21日前开工55唐山市滦南林海科技发展有限责任公司独立储能试点项目滦南林海科技发展有限责任公司滦南县倴城镇90MW/360MWh磷酸铁锂+10MW/40MWh钠离子104延期至2027年1月21日前开工56唐山市国沄鸿达沄耀（迁西）新能源科技公司唐山市迁西200MW/800MWh电网侧独立储能项目沄耀（迁西）新能源科技有限公司迁西县白庙子镇100%固态电池204延期至2027年1月21日前开工57唐山市路北区君瑞150MW/600MWh独立储能电站唐山轩腾储能科技有限公司路北区135MW/540MWh大容量磷酸铁锂+15MW/60MWh钠离子154延期至2027年1月21日前开工58秦皇岛长峡智慧青龙100MW/200MWh独立储能电站项目长峡智慧(青龙满族自治县)储能有限公司青龙满族自治县肖营子镇90MW/180MWh 磷酸铁锂+10MW/20MWh 钠离子102延期至2027年2月前开工59秦皇岛秦皇岛抚宁区200MW/400MWh独立储能试点项目秦皇岛骅保绿能电力工程有限公司抚宁区榆关镇170MW/340MWh 磷酸铁锂+30MW/60MWh 钠离子202延期至2027年2月前开工60秦皇岛中电建秦皇岛新能源昌黎构网型独立储能示范项目中电建昌黎县新能源有限公司昌黎县新集镇构网型磷酸铁锂202延期至2027年2月前开工61秦皇岛昌黎县亿正10万千瓦独立储能试点项目昌黎县科能新能源有限公司昌黎县葛条港乡85MW/340MWh 磷酸铁锂+15MW/60MWh 钠离子104延期至2027年2月前开工62秦皇岛金风零碳秦皇岛昌黎100MW/400MWh独立储能项目昌黎县金储新能源科技有限公司昌黎县马坨店乡磷酸铁锂104延期至2027年2月前开工63秦皇岛新天北戴河新区100MW/200MWh智慧多元独立储能示范项目新天绿色能源秦皇岛北戴河新区有限公司北戴河新区团林管理处90MW/180MWh 磷酸铁锂+全钒液流102延期至2027年2月前开工64廊坊市中国康富三河独立储能电站项目中国康富国际租赁股份有限公司三河市经开区磷酸铁锂储能102延期至2026年11月1日前开工65廊坊市樽邺燕郊100MW/400MWh新型储能项目河北省樽邺新能源科技有限公司三河市燕郊镇90MW/360MWh磷酸铁锂+10MW/40MWh钠离子104延期至2027年1月1日前开工66廊坊市三河市河北磊聚能量科技有限公司10万千瓦独立储能试点项目河北磊聚能量科技有限公司三河市高楼镇90MW/360MWh磷酸铁锂+10MW/40MWh钠离子104延期至2027年1月1日前开工67廊坊市香河宇蓝新能源200MW/800MWh独立储能项目香河宇蓝新能源科技有限公司香河县经开区180MW/720MWh磷酸铁锂+20MW/80MWh钠离子204延期至2027年1月20日前开工68廊坊市中车廊坊开发区100MW/400MWh独立储能试点项目北京箕星新能源有限公司廊坊经济技术开发区北旺镇90MW/360MWh磷酸铁锂+10MW/40MWh全钒液流104延期至2027年1月20日前开工69廊坊市河北省廊坊市文安县200MW/800MWh混合独立储能项目廊坊永核能源有限责任公司文安县德归镇170MW/680MWh磷酸铁锂+30MW/120MWh水系锌锰204延期至2027年1月21日前开工2、河北省拟取消建设计划独立储能项目清单序号市域项目名称项目单位项目地址技术路线装机/万千瓦储能时长/H处置意见1石家庄市河北曜晔新能源科技有限责任公司的高邑100MW/400MWh混合独立储能电站试点项目河北曜晔新能源科技有限责任公司高邑县东开发区80MW/340MWh磷酸铁锂+15MW/60MWh全钒液流104取消建设计划2石家庄市石家庄栾城100MW/200MWh新型独立储能电站试点项目融合创新科技（北京）有限公司栾城区楼底镇于底村北85MW/170MWh磷酸铁锂+15MW/30MWh钠离子102取消建设计划3石家庄市国合节能设备有限公司贝肯（石家庄）井陉飞轮储能示范项目石家庄国合节能设备公司、贝肯新能源（天津）有限公司、河北建投新能源公司井陉县上安镇三合庄飞轮储能100.2取消建设计划4沧州市新兴新材料沧州黄骅市港城区100MW/250MWh独立储能电站项目沧州新兴新材料有限公司渤海新区黄骅市港城区25MW全钒液流+75MW磷酸铁锂10磷酸铁锂2h、全钒液流4h取消建设计划5衡水市中国绿发100MW/400MWh独立储能试点项目鲁能新能源（集团）有限公司河北分公司衡水高新技术产业开发区苏正管理服务中心90MW/360MWh磷酸铁锂+10MW/40MWh钠离子104取消建设计划6衡水市枣强县建投100MW/400MWh储能试点项目河北建投新能源有限公司枣强县大营镇90MW/360MWh磷酸铁锂+10MW/40MWh全钒液流104取消建设计划7邯郸市馆陶县河北建投10万千瓦独立储能试点项目河北建投储能技术有限公司、馆陶县陶木樨城镇发展公司、河北国富恒实农业发展有限公司共同实施馆陶县创业路东侧、省网特种电缆项目南侧（寿山寺镇）90MW/180MWh磷酸铁锂储能+10MW超级电容10磷酸铁锂2h+超级电容取消建设计划8邯郸市武安星能200MW/480MWh独立储能试点项目江西星能能源服务有限公司（新兴铸管股份有限公司）武安市北安庄乡同会村村南160MW/320MWh磷酸铁锂+40MW/160MWh全钒液流20磷酸铁锂2h+全钒液流4h取消建设计划9邯郸市成安县90MW/180MWh电化学+10MW超级电容独立储能项目河北建投储能技术有限公司、北京奇点汇能科技有限公司成安县经济开发区（西区）90MW/180MWh磷酸铁锂+10MW超级电容10磷酸铁锂2h+超级电容取消建设计划10邯郸市邯郸永年100MW/400MWh新型独立储能电站示范项目上海山海驭能能源科技有限公司永年区广府镇石官营村西南、洺李线北侧90MW/360MWh磷酸铁锂+10MW/40MWh半固态电池104取消建设计划11张家口市张家口赤城重力储能示范项目中国电力工程顾问集团华北电力设计院有限公司赤城县经济开发区西区重物竖井规模化路线56取消建设计划12承德市河北汇智未来隆化200MW/800MWh新型储能项目河北汇智未来能源有限公司隆化县郭家屯镇200MW/800MWh全钒液流电池储能204取消建设计划13承德市兴隆中宏100MW/400MWh独立储能试点项目中宏科创新能源科技（浙江）有限公司兴隆县兴隆镇100MW/400MWh钠离子104取消建设计划14唐山市华能路南10万千瓦构网型独立储能示范项目怡能（北京）新能源有限公司路南区女织寨镇90MW/285MWh磷酸铁锂+10MW/20MWh构网型钠离子1052.5MW4h+47.5MW2h取消建设计划15廊坊市大厂回族自治县100MW/200MWh独立储能项目廊坊盛莱科技发展有限公司大厂回族自治县大厂高新区磷酸铁锂储能102取消建设计划16廊坊市国家电投廊坊开发区100MW/220MWh构网型独立储能项目国家电投集团河北电力有限公司廊坊市经济技术开发区90MW/180MWh磷酸铁锂+10MW/40MWh全钒液流102.2取消建设计划来源：河北省发展和改革委员会《亚化钒产业交流群》正式建立，欢迎钒产业链的朋友们的加入，上游主要包括含钒矿产（如钒钛磁铁矿、石煤等）以及含钒固废等钒原料。中游为钒产品生产制造环节，涵盖提钒和制钒两大关键步骤。下游则是钒的应用领域，包括钢铁、冶金、全钒电池、化工、颜料等，入群请备注公司名称、姓名、手机等信息。一会议背景全球能源转型加速推进，全钒液流电池凭借本征安全、超长寿命与灵活扩容的独特优势，已成为长时储能的最优技术路径之一。2025年，中国全钒液流电池新增装机约1GW/4.2GWh。2026年6月，我国规模最大全钒液流储能电站——三峡集团新疆吉木萨尔200MW/1000MWh全钒液流储能电站全面转入商业运行，标志着行业正式迈入吉瓦级商业化运营新阶段。产业规模快速扩张的同时，钒液流电池正经历从技术验证向规模化应用的关键跨越，一系列新趋势与新业态正在重塑行业格局。电解液融资租赁模式加速破局——钒电解液占系统总成本40%-50%，以“以租代购”为核心的经营性租赁可将初始投资降低40%-50%，推动初投成本迈入1元/Wh以内。核心技术持续突破——电堆大型化技术取得关键突破，全球最大功率200KW全钒液流单体电堆发布，大幅降低储能系统的单位装机成本与系统复杂度，推动全钒液流储能技术走向更广泛商业化应用。与此同时，混合储能正成为优化系统性价比的重要路径。“锂电+液流”等组合模式兼顾高功率响应与长时能量时长，有效破解单一技术商业化瓶颈。中国钒液流电池企业亦加速出海，海外布局已成为开拓高溢价市场、实现全球化增长的必然选择。此外，储能与AI算力中心的深度融合正开辟增量空间——全钒液流电池凭借高安全与长时储能特性，精准适配算力中心不间断供电、峰谷节电等新场景，市场需求加速释放。值此产业变革之际，由亚化咨询、上海电气储能联合主办，国际钒技术委员会（Vanitec）支持的中国国际钒液流电池论坛2026将于11月19–20日在上海召开。论坛将深入探讨储能政策与市场、电解液融资租赁创新、电堆与短流程电解液技术、混合储能案例、出海战略、储能与AI算力融合发展等议题。一会议主题1.全球钒液流电池产业政策与市场展望2.全钒液流电池技术发展与成本控制3.钒资源供需格局与价格趋势分析4.短流程电解液制备技术突破与产业化5.电解液融资租赁案例与路径6.电堆技术最新进展与降本趋势7.混合储能项目案例与技术发展8.企业出海战略与海外项目实践9.储能与AI算力中心：绿电直连与长时储能新场景10.液流,,,,pending
Nature Energy！铁介导策略实现晶格氧氧化还原高可逆性，助力钠离子电池,钠电派,钠电派,"RIOnews API, 钠离子电池, 钠电, 学术研究, 大学, 教授",normal,2026-08-25T14:45:08+08:00,,扫描上图二维码解锁钠电知识宝库，可下载钠电池资料！[研究快讯]近日，南京大学现代工程与应用科学学院郭少华、周豪慎团队在钠离子电池层状氧化物正极材料研究领域取得重要突破。团队提出了一种铁介导策略，通过引入铁作为氧化还原媒介，显著提升了晶格氧氧化还原的可逆性，成功研制出能量密度高达206 Wh/kg的钠离子电池软包电芯。钠离子电池因钠资源丰富、成本低廉，被视为大规模储能领域最具前景的技术路线之一。在层状氧化物正极材料中激活晶格氧氧化还原反应（O2- ↔ O(2-n)-），能够提供额外的容量，是突破传统过渡金属氧化还原容量限制、实现更高能量密度的关键途径。然而，晶格氧氧化还原的不可逆问题长期困扰着研,http://mp.weixin.qq.com/s?__biz=Mzg3MDg4NzA0MQ==&mid=2247504907&idx=2&sn=6e8f49349f69cb5a4bcd141824b7ddb3,,扫描上图二维码解锁钠电知识宝库，可下载钠电池资料！[研究快讯]近日，南京大学现代工程与应用科学学院郭少华、周豪慎团队在钠离子电池层状氧化物正极材料研究领域取得重要突破。团队提出了一种铁介导策略，通过引入铁作为氧化还原媒介，显著提升了晶格氧氧化还原的可逆性，成功研制出能量密度高达206 Wh/kg的钠离子电池软包电芯。钠离子电池因钠资源丰富、成本低廉，被视为大规模储能领域最具前景的技术路线之一。在层状氧化物正极材料中激活晶格氧氧化还原反应（O2- ↔ O(2-n)-），能够提供额外的容量，是突破传统过渡金属氧化还原容量限制、实现更高能量密度的关键途径。然而，晶格氧氧化还原的不可逆问题长期困扰着研,"扫描上图二维码解锁钠电知识宝库，可下载钠电池资料！[研究快讯]近日，南京大学现代工程与应用科学学院郭少华、周豪慎团队在钠离子电池层状氧化物正极材料研究领域取得重要突破。团队提出了一种铁介导策略，通过引入铁作为氧化还原媒介，显著提升了晶格氧氧化还原的可逆性，成功研制出能量密度高达206 Wh/kg的钠离子电池软包电芯。钠离子电池因钠资源丰富、成本低廉，被视为大规模储能领域最具前景的技术路线之一。在层状氧化物正极材料中激活晶格氧氧化还原反应（O2- ↔ O(2-n)-），能够提供额外的容量，是突破传统过渡金属氧化还原容量限制、实现更高能量密度的关键途径。然而，晶格氧氧化还原的不可逆问题长期困扰着研究者—氧气的释放、氧空位的形成以及氧化态晶格氧难以在放电过程中完全恢复至初始状态，导致容量衰减和结构退化，严重制约了其实际应用。该工作以P2型层状氧化物Na₂/₃Mn₇/₁₂Mg₁/₄Fe₁/₆O₂（NMMF）为模型材料，创新性地以铁作为双功能氧化还原媒介。通过多种先进表征手段揭示了铁介导的工作机制：在充电过程中，Fe³⁺首先被电化学氧化为Fe⁴⁺，随后Fe⁴⁺作为电子受体从晶格氧中捕获电子，自身被化学还原回Fe³⁺，同时晶格氧被氧化为O⁽²⁻ⁿ⁾⁻；在放电过程中，Fe⁴⁺被电化学还原为Fe³⁺乃至Fe²⁺，随后Fe²⁺作为电子供体将电子回馈给氧化态晶格氧，自身被氧化回Fe³⁺，同时晶格氧恢复至O²⁻状态。这一“Fe³⁺–O²⁻ → Fe⁴⁺–O²⁻ → Fe³⁺–O⁽²⁻ⁿ⁾⁻”（充电）和“Fe³⁺–O⁽²⁻ⁿ⁾⁻ → Fe²⁺–O⁽²⁻ⁿ⁾⁻ → Fe³⁺–O²⁻”（放电）的双向电子交换过程，使得晶格氧氧化还原的可逆性实现了质的飞跃。借助先进的共振非弹性X射线散射（mRIXS）技术，该工作定量测得：未引入铁介导的NMM材料晶格氧氧化还原可逆性仅为75%，而引入铁介导的NMMF材料可逆性高达99%，循环100圈后仍保持在98%。图1. NMMF中过渡金属氧化态。a、b，首圈充电（a）和放电（b）过程中的原位Mn K-edge XANES谱。c、d，首圈充电（c）和放电（d）过程中的原位Fe K-edge XANES谱。插图示出了相应充放电过程的起始/终点以及过程中的某一特定状态点。e，对应的充放电曲线。f、g，Mn（f）和Fe（g）K-edge XANES谱在整个充放电过程中的能量位移。在充电过程中，部分被氧化的Fe在最后阶段经历了异常的化学还原过程。在放电过程中，部分被还原的Fe经历了异常的化学氧化过程，并恢复到其原始氧化态。得益于晶格氧氧化还原可逆性的显著提升，NMMF正极材料展现出优异的电化学性能。在扣式电池中，NMMF放电比容量高达220 mAh g⁻¹，即使在2000 mA g⁻¹的超高电流密度下仍可保持97 mAh g⁻¹的容量。在长循环稳定性方面，NMMF在200 mA g⁻¹电流密度下循环500圈后仍保持80%的容量。更为重要的是，将NMMF正极与硬碳负极组装成15.8 Ah的软包电池。该软包电池能量密度达到206 Wh kg⁻¹（基于整个软包电池质量），在50 mA g⁻¹电流密度下循环100圈后容量保持率高达87.8%。图2. NMMF在半电池和全电池中的电化学性能。a，NMMF半电池在1.5−4.5 V电压窗口、10−2000 mA g-1电流密度下的放电容量。b，NMMF半电池在1.5−4.5 V电压窗口、200 mA g-1电流密度下的循环稳定性。c，NMMF全电池（HC‖NMMF软包电池）在1.5−4.4 V电压窗口下的充放电曲线，能量密度为206 Wh kg⁻¹，容量为15.8 Ah。插图为对应软包电池的数码照片。d，NMMF全电池的循环稳定性。e，本工作HC‖NMMF软包电池的能量密度和电池容量与已有文献的对比。该研究不仅攻克了晶格氧氧化还原可逆性差的核心难题，创新提出了普适性的铁基氧化还原介导改性策略，明晰了过渡金属介导阴离子氧化还原的全新机制。相较于传统改性手段，该策略依托地壳丰产铁、镁、锰元素，工艺简单、成本低廉、可规模化制备，为设计构筑低成本、高稳定、高容量阴离子氧化还原型正极材料提供了全新理论指导与技术范式。南京大学现代工学院褚世勇特任研究员、浙江大学王利光研究员、南京大学现代工学院卞静静为本文共同第一作者，南京大学郭少华教授、周豪慎教授、浙江大学陆俊教授、苏州大学张亮教授为共同通讯作者。该工作得到了固体微结构物理全国重点实验室、人工微结构科学与技术协同创新中心、关键地球物质循环前沿科学中心等平台的支持，以及国家重点研发计划、国家自然科学基金、江苏省自然科学基金等的经费资助论文信息：Iron-mediated reversible lattice-oxygen redox enables stable 200 Wh kg-1 sodium-ion batteriesShiyong Chu, Liguang Wang, Jingjing Bian, Chen Cheng, Jiaming Tian, Chuanchao Sheng, Zengqing Zhuo, Tianze Shi, Jinghua Guo, Liang Zhang*, Jun Lu*, Haoshen Zhou*, and Shaohua Guo* Nature Energy论文链接：https://www.nature.com/articles/s41560-026-02112-8全文来源：南京大学新闻网扫描上图二维码解锁钠电知识宝库，可下载钠电池资料！",,,,pending
1.5GWh钠电池项目即将投产,钠电派,钠电派,"RIOnews API, 钠离子电池, 钠电, 合作进展, 投资, 合作",normal,2026-08-25T14:45:08+08:00,,8月18日，钠美科技披露，其位于巴中基地目前正处于设备进场、安装调试阶段，即将于9月中旬投产。图片来源：钠美科技据介绍，即将投产的1.5GWh钠离子电池项目总投资约5亿元，厂房面积3万平方米，项目全面达产后，预计可实现年营业收入超6亿元。资料显示，钠美科技是国内钠离子电池领域较早实现量产落地的新锐力量。该公司产品矩阵涵盖SR33140、SR60145等系列圆柱电池及SR71173等方形电池，主打“低温+快充”差异化技术路线。2023年10月，钠美科技在洛阳搭建研发平台，完成从0到1的技术载体建设，随后完成4款电芯、11套系统产品定型，并成功打入头部车企供应链。在核心技术层面，钠美科技自主研发了,http://mp.weixin.qq.com/s?__biz=Mzg3MDg4NzA0MQ==&mid=2247504907&idx=1&sn=e9de1d83ee4f64a6cba7fed4219666c1,,8月18日，钠美科技披露，其位于巴中基地目前正处于设备进场、安装调试阶段，即将于9月中旬投产。图片来源：钠美科技据介绍，即将投产的1.5GWh钠离子电池项目总投资约5亿元，厂房面积3万平方米，项目全面达产后，预计可实现年营业收入超6亿元。资料显示，钠美科技是国内钠离子电池领域较早实现量产落地的新锐力量。该公司产品矩阵涵盖SR33140、SR60145等系列圆柱电池及SR71173等方形电池，主打“低温+快充”差异化技术路线。2023年10月，钠美科技在洛阳搭建研发平台，完成从0到1的技术载体建设，随后完成4款电芯、11套系统产品定型，并成功打入头部车企供应链。在核心技术层面，钠美科技自主研发了,8月18日，钠美科技披露，其位于巴中基地目前正处于设备进场、安装调试阶段，即将于9月中旬投产。图片来源：钠美科技据介绍，即将投产的1.5GWh钠离子电池项目总投资约5亿元，厂房面积3万平方米，项目全面达产后，预计可实现年营业收入超6亿元。资料显示，钠美科技是国内钠离子电池领域较早实现量产落地的新锐力量。该公司产品矩阵涵盖SR33140、SR60145等系列圆柱电池及SR71173等方形电池，主打“低温+快充”差异化技术路线。2023年10月，钠美科技在洛阳搭建研发平台，完成从0到1的技术载体建设，随后完成4款电芯、11套系统产品定型，并成功打入头部车企供应链。在核心技术层面，钠美科技自主研发了纳米碳正极材料与专属低温电解液，实现了零下40℃极寒环境下的稳定放电，全极耳结构设计让电芯能够承载600A大电流，支持7C超级快充。截至目前，公司已构筑起包含70项专利的技术护城河，在海外市场凭借“低温+快充”方案形成了差异化竞争优势。产能布局方面，钠美科技已形成多基地协同格局：洛阳基地已形成1.5GWh钠离子电池产能；巴中基地1.5GWh项目9月投产在即；新疆奇台县规划建设1GWh电芯生产线及2GWh电源系统集成基地。在手订单方面，公司已与万洋集团、许继储能、卡儿酷、东新电控、山峡能源、同济电力等多家行业单位签订订单，累计在手各类订单达8.9亿元，商业化兑现能力逐步验证。2026年，钠离子电池产业正迎来从技术验证到规模化量产的历史性“0-1”产业奇点，行业进入业绩兑现与价值重估的关键窗口。市场规模方面，国金证券研报测算，钠电行业市场规模有望自2025年的约20亿元增长至千亿元以上，进入高速增长通道。全球钠离子电池出货量从2024年的约3.6GWh跃升至2025年的9GWh，同比增速高达150%。银河证券预计，2026、2027及2028年钠离子电池出货量将分别达到25、92、221GWh，同比增长188%、263%、140%，到2030年有望突破600GWh。END由于公众号规则更改，请大佬们点个关注、推荐和转发声明：本公众号坚持原创、保护原创，转载内容只为分享传播知识，供个人研究、学习使用，并在文中注明来源。转载文章版权归原作者所有，如有侵权请后台联系删除。扫码添加小编交流丨分享丨合作丨推广 · nadianpai · 点分享点收藏点点赞点在看8月18日，钠美科技披露，其位于巴中基地目前正处于设备进场、安装调试阶段，即将于9月中旬投产。,,,,pending
大众标准电芯交付放量，国轩高科 H1 海外营收近 95 亿元,电池中国,电池中国,"RIOnews API, 新材料, 碳, 固态电池, 产品发布, 发布, 全新, 量产推进, 批量交付, 产能, 国轩高科, 国轩, 储能, 系统集成, 高安全, 安全测试, 交付, 装机, 装机量, 装车, 装车量, 市占率, 市场份额, 排名, GWh, 定点, 海外布局, 海外, 本地化, 快充, 中试, 中试线, 量产, 落地",normal,2026-08-25T14:43:54+08:00,,倒计时 87 天CBIS2026第十一届动力电池应用国际峰会（CBIS2026）数智创新·协同布局 - 撬动全球新能源价值链2026年11月 中国·上海主办单位：电池中国网承办单位：壹能（北京）网络科技有限公司总 冠 名：武汉逸飞激光股份有限公司联合主办：深圳市中基自动化股份有限公司撰稿丨电池中国编辑丨麦 子美编丨CBEA独耀电池中国获悉，8月25日，国轩高科发布2026年上半年业绩报：公司实现营业收入277.76亿元，同比增长43.22%，创下连续六年同期营收新高；归母净利润13.86亿元，同比大幅增长278.05%。可以看到，在全球动力电池行业深度洗牌、市场竞争日趋激烈的大环境下，国轩高科,http://mp.weixin.qq.com/s?__biz=MzA3MzY0OTIzMQ==&mid=2661850439&idx=2&sn=0f9a54a5bd4f6a554a77dcc5c8554baa,,倒计时 87 天CBIS2026第十一届动力电池应用国际峰会（CBIS2026）数智创新·协同布局 - 撬动全球新能源价值链2026年11月 中国·上海主办单位：电池中国网承办单位：壹能（北京）网络科技有限公司总 冠 名：武汉逸飞激光股份有限公司联合主办：深圳市中基自动化股份有限公司撰稿丨电池中国编辑丨麦 子美编丨CBEA独耀电池中国获悉，8月25日，国轩高科发布2026年上半年业绩报：公司实现营业收入277.76亿元，同比增长43.22%，创下连续六年同期营收新高；归母净利润13.86亿元，同比大幅增长278.05%。可以看到，在全球动力电池行业深度洗牌、市场竞争日趋激烈的大环境下，国轩高科,倒计时 87 天CBIS2026第十一届动力电池应用国际峰会（CBIS2026）数智创新·协同布局 - 撬动全球新能源价值链2026年11月 中国·上海主办单位：电池中国网承办单位：壹能（北京）网络科技有限公司总 冠 名：武汉逸飞激光股份有限公司联合主办：深圳市中基自动化股份有限公司撰稿丨电池中国编辑丨麦 子美编丨CBEA独耀电池中国获悉，8月25日，国轩高科发布2026年上半年业绩报：公司实现营业收入277.76亿元，同比增长43.22%，创下连续六年同期营收新高；归母净利润13.86亿元，同比大幅增长278.05%。可以看到，在全球动力电池行业深度洗牌、市场竞争日趋激烈的大环境下，国轩高科这一成绩取得来之不易。动力电池营收225.97亿 全球排名升至第五现阶段，动力电池业务仍然是国轩高科业绩增长的核心引擎。今年上半年国轩高科动力电池板块实现收入225.97亿元，同比大涨61.01%，营收占比超八成。根据SNEResearch统计，国轩高科全球动力电池装机量达28GWh，同比增长43.3%，全球市占率提升0.7个百分点至4.6%，位居全球第五。对比2024年上半年2.5%的市场份额，两年时间市占率近乎翻倍，是全球头部电池厂商中市占率提升最为迅速的企业之一。在产品质量和客户结构上，今年上半年，国轩高科动力电池客户结构持续向上突破，高端车型定点实现重要里程碑。乘用车领域，国轩高科在稳固奇瑞、吉利、零跑等主力车型配套的基础上，上半年成功斩获鸿蒙智行、大众系列高端车型定点，正式进入华为、大众两大国际头部企业供应链体系，表明其电芯安全、快充能力与系统集成实力获得行业高端客户认可，标志产品配套层级实现实质性跃升。商用车与新兴场景成为国轩高科动力领域第二增长曲线。数据显示，今年上半年国轩高科商用车动力电池装车量7.66GWh，同比增长87.29%。自研G行标准化电池箱批量落地，服务一汽解放、奇瑞商用车、三一重卡、吉利远程等龙头企业。此外，国轩高科业务边界持续拓展至工程机械、电动船舶、两轮车、低空飞行器等多元赛道，打开全新增长空间。中国市场装机位列TOP3 海外市场配套大众分区域来看，今年上半年国轩高科国内装车实现20.75GWh，同比增长34%，显著高于国内行业12.0%的整体增速，国内市占率由5.18%提升至6.19%，位列中国市场第三。海外布局迎来收获兑现期。伴随大众标准电芯自2025年底稳定批量交付，叠加海外本地化产能建设持续落地，国轩高科全球化战略从前期投入期迈入成果释放阶段。报告期海外营收达94.76亿元，同比增长48.06%，占总营收比重达到34%。未来，海外产能有望持续释放增量，为长期增长注入强劲动力。下一代电池技术产业化加速落地，抢占固态电池产业先机。G垣混合固液电池已实现量产，率先完成产业转化；金石全固态电池能量密度突破400Wh/kg，顺利通过针刺、高温热箱等严苛安全测试，0.2GWh中试线已经贯通，推进装车路测，2GWh全固态电池量产线完成整体设计。上游配套同步布局，7月国轩控股安庆2万吨固态电池关键材料项目正式启动，聚焦硫化锂等核心材料研发制造，提前补齐固态电池规模化量产的上游供应链短板。从上半年成绩来看，国轩高科正在迈向由规模扩张向高质量发展的关键转型，高端乘用车定点落地、海外业务贡献提升、多元应用场景拓展、前沿技术加速产业化。国轩高科表示，未来将持续加码前沿技术研发投入，迭代优化电芯性能与全系列产品综合竞争力，面向动力、储能双赛道打造高安全、高效率、低碳化的综合绿色能源解决方案。 END点击阅读原文，查看更多消息！阅读原文在全球动力电池行业深度洗牌、市场竞争日趋激烈的大环境下，国轩高科这一成绩取得来之不易。,,,,pending
eVTOL“这样上天了”，带飞50GWh航空级锂电池,电池中国,电池中国,"RIOnews API, 新材料, 碳, 固态电池, 产品发布, 发布, 发布会, 官宣, 合作进展, 融资, 签署协议, 战略合作, 投资, 合作, 技术进展, 技术突破, 技术验证, 量产推进, 批量交付, 下线, 批量生产, 宁德时代, 亿纬锂能, 亿纬, 欣旺达, 正力新能, 高安全, 热失控, 长循环, 循环寿命, 电池包, 出货, 出货量, 交付, 装机, GWh, 订单, 签约, 政策, 快充, 实验室, 认证, 量产, 落地, 爬坡",normal,2026-08-25T14:43:54+08:00,,倒计时 87 天CBIS2026第十一届动力电池应用国际峰会（CBIS2026）数智创新·协同布局 - 撬动全球新能源价值链2026年11月 中国·上海主办单位：电池中国网承办单位：壹能（北京）网络科技有限公司总 冠 名：武汉逸飞激光股份有限公司联合主办：深圳市中基自动化股份有限公司撰稿丨马斯克斯编辑丨麦 子美编丨CBEA独耀以eVTOL为核心载体的低空经济，当前正全面加速迈入产业化落地的关键阶段。行业在‌投融资、适航取证、订单签约‌等维度同步跑出加速度，商业化落地的确定性持续攀升。今年8月，倍飞智航完成超1亿元的战略融资，此轮融资由元筑投资和鑫飞资本联合投资，将加速倍飞智航5000系列型号e,http://mp.weixin.qq.com/s?__biz=MzA3MzY0OTIzMQ==&mid=2661850439&idx=1&sn=ddcf16bda7612bcf85abd648953536d9,,倒计时 87 天CBIS2026第十一届动力电池应用国际峰会（CBIS2026）数智创新·协同布局 - 撬动全球新能源价值链2026年11月 中国·上海主办单位：电池中国网承办单位：壹能（北京）网络科技有限公司总 冠 名：武汉逸飞激光股份有限公司联合主办：深圳市中基自动化股份有限公司撰稿丨马斯克斯编辑丨麦 子美编丨CBEA独耀以eVTOL为核心载体的低空经济，当前正全面加速迈入产业化落地的关键阶段。行业在‌投融资、适航取证、订单签约‌等维度同步跑出加速度，商业化落地的确定性持续攀升。今年8月，倍飞智航完成超1亿元的战略融资，此轮融资由元筑投资和鑫飞资本联合投资，将加速倍飞智航5000系列型号e,倒计时 87 天CBIS2026第十一届动力电池应用国际峰会（CBIS2026）数智创新·协同布局 - 撬动全球新能源价值链2026年11月 中国·上海主办单位：电池中国网承办单位：壹能（北京）网络科技有限公司总 冠 名：武汉逸飞激光股份有限公司联合主办：深圳市中基自动化股份有限公司撰稿丨马斯克斯编辑丨麦 子美编丨CBEA独耀以eVTOL为核心载体的低空经济，当前正全面加速迈入产业化落地的关键阶段。行业在‌投融资、适航取证、订单签约‌等维度同步跑出加速度，商业化落地的确定性持续攀升。今年8月，倍飞智航完成超1亿元的战略融资，此轮融资由元筑投资和鑫飞资本联合投资，将加速倍飞智航5000系列型号eVTOL的适航取证；沃兰特宣布，与印尼头部直升机运营公司WhiteSky Group、国内知名金融租赁公司民生金租，完成260架VE25-100采购订单签约。同样是在8月，小鹏汇天完成新一轮近2亿美元股权融资。此轮融资完成后，其历史股权融资总额约10亿美元，是亚洲载人低空飞行领域目前融资总额最大的企业；8月10日，其量产工厂第1000套“陆地航母”800V高压架构电推进单元刚刚下线，创下全球同架构eVTOL大规模量产纪录。全球范围的公开飞行演示密集落地。今年7月，峰飞航空携手战略合作伙伴阿拉套先锋航空，在哈萨克斯坦首都阿斯塔纳完成2吨级eVTOL公开飞行活动；万丰奥威旗下Volocopter公司与韩国Chodang大学，在济州岛举行eVTOL公开飞行活动，特别进行了海上飞行演示，凸显其机型在复杂空域环境下的性能与稳定性。eVTOL动力电池技术也迎来突破。8月初，宁德时代官宣，专为载人eVTOL电动垂直起降飞行器开发的航空动力电池系统，顺利完成两颗相邻电芯热失控不扩散测试，也是全球首款350Wh/kg方壳电芯达成这一航空级安全标准。宁德时代透露，这款电芯已经具备批量生产条件，将率先搭载在峰飞载人eVTOL飞行器上。航空级电池市场需求或增50倍《民用航空发展“十五五”规划》今年8月正式发布，将低空经济确立为未来培育新质生产力的核心支柱。该文件从顶层设计层面，为eVTOL的适航认证、空域开放、商业化运营全链条，打通了政策通道，标志着该行业正式从技术验证阶段，迈入规模化落地的爆发前夜。eVTOL作为低空经济核心的载人载物载体，依托电池动力系统与分布式旋翼构型，天然具备高效便捷、低噪运行、低碳排放的核心优势，正在打破传统地面交通的空间局限，有望成为继汽车、高铁之后的下一代城市立体交通核心方式。从商业化核心的成本维度来看，据波士顿咨询发布的《中国载人eVTOL行业白皮书》，随着量产规模爬坡与运营体系成熟，eVTOL载人出行的单人乘坐成本约为每公里10元人民币，远低于直升机单人每公里约50元人民币的价格，eVTOL的这一价格水平，与当前国内主流豪华网约车的单位出行成本基本持平。在货运场景下，据头部物流与航空机构联合测算，随着高能量密度航空电池的普及与飞控算法的持续优化，到2030年货运eVTOL单吨货运电耗可降至0.5kWh/km以下，届时每吨货物每公里能源成本约0.4元，仅为传统直升机燃油成本的8%。据中国民航局测算，2025年我国低空经济市场规模已达1.5万亿元，预计到2035年将攀升至3.5万亿元，十年间将实现翻倍以上的增长。另据业内机构预测，到2030年国内300个地级市有望普及日常化eVTOL出行服务，eVTOL市场保有量预计将突破10万架。作为eVTOL核心零部件的航空级锂电池，也将随之迎来爆发式需求增长。据业内机构统计，2025年国内低空航空市场锂电池出货量处于GWh级以下的起步区间，预计2030年市场需求将突破10GWh，2035年市场需求将超过50GWh，动力电池将迎来新的高增长细分赛道。航空级电池加速量产eVTOL对动力电池的性能要求极为苛刻，除了要满足高能量密度、高功率放电能力、高安全性的核心要求外，还需满足长循环寿命、支持高频次快充、宽温域适配等性能要求，匹配未来eVTOL高频次日常运营的使用场景。在飞行过程中，由于没有可依托路面支撑，eVTOL需要动力电池持续输出能量，来抵消重力、维持升力，这直接推高了整机的单位里程能耗。数据显示，eVTOL百公里耗电量高达65度，而新能源汽车仅需12度至18度，相同电池包下航程仅为汽车的四分之一。因此eVTOL电池需要具备更高的能量密度。当前商业化领先的eVTOL电芯，能量密度已进入300Wh/kg以上区间。业内普遍分析认为，虽能满足初期阶段的短距离城市内通勤、近程观光、小范围物流配送等场景的使用需求，但要实现城市空中交通的经济性运营，实现eVTOL超过300公里的续航里程，需向400-500Wh/kg甚至更高阶演进。目前，不少国内头部动力电池企业已在电动航空赛道完成深度布局，形成了差异化的技术与资质优势。比如，亿纬锂能是国内首家通过AS9100D航空航天体系认证的电池企业，已在eVTOL飞行器、无人机等场景实现批量交付；正力新能是国内少数同时持有AS9100D航空航天质量体系认证，并具备载人电动飞机适航量产资质的电池企业；据欣旺达透露，该公司开发有能量密度超300Wh/kg电池，适配轻型无人机、eVTOL等领域，并与部分低空经济领军企业达成合作。今年4月，顺丰旗下专注无人机物流的丰翼科技与恩力动力正式签署协议，共建“物流无人机固态电池联合实验室”。目标是三年内实现480Wh/kg固态电芯量产装机，循环寿命提升70%以上，满载航程提升40%以上，单位运输成本降低60%以上。动力电池是决定eVTOL安全性能、续航能力与商业化运营经济性的核心部件，目前正处于技术突破、场景落地的双重加速期。业内分析认为，未来随着400-500Wh/kg级航空电池的逐步量产落地，eVTOL将彻底摆脱当前的续航与载荷限制，真正走向大规模商业化运营，成为打开万亿级低空经济市场的核心钥匙。2026年11月，由电池中国网主办，中国化学与物理电源行业协会、动力电池应用分会等重点支持的“第十一届动力电池应用国际峰会（CBIS2026）”，将在中国上海召开。会议将聚焦新能源电池创新技术、创新应用、创新协同发展模式等方向，举办多场专业论坛，其中还包括“电动航空电池标准发布会”等，欢迎产业链企业踊跃报名参会。电池中国网相关业务联系 媒体宣传咨询 联系人：吴女士 手机：(86)***********（微信同号）邮箱：wulijuan@cbea.com 稿件咨询 联系人：闫先生 手机：(86)***********（微信同号）邮箱：yanzhigang@cbea.com 研究报告咨询 联系人：杜女士 手机：(86)***********（微信同号）邮箱：ducongcong@cbea.com 行业会议咨询 联系人：吴先生 手机：(86)***********（微信同号）邮箱：wumingshan@cbea.com联系人：吴女士 手机：(86)***********(微信同号)邮箱：wuke@cbea.com点击阅读原文，查看更多消息！阅读原文商业化落地的确定性持续攀升。,,,,pending
微宏动力MT系列电池配套ZL230E快充型电动矿用卡车,电池中国,电池中国,"RIOnews API, 前沿表征, 工况, 8C, 电池包, 热管理, 液冷, 快充, 落地, 爬坡",normal,2026-08-25T14:43:54+08:00,,倒计时 87 天 CBIS2026 第十一届动力电池应用国际峰会（CBIS2026）数智创新·协同布局 - 撬动全球新能源价值链2026年11月 中国·上海主办单位：电池中国网承办单位：壹能（北京）网络科技有限公司总 冠 名：武汉逸飞激光股份有限公司联合主办：深圳市中基自动化股份有限公司近日，搭载微宏动力MT系列电池包的国产超大吨位快充纯电动矿用卡ZL230E（原型号LK350E），在福建龙岩龙净智慧环保产业园正式下线。该车额定最大载重量230吨，整车总质量350吨，是露天矿重型电动运输装备领域的重要研发成果。ZL230E配备两台800千瓦大功率驱动电机，专为大负荷爬坡、长时间高强度作业工况研,http://mp.weixin.qq.com/s?__biz=MzA3MzY0OTIzMQ==&mid=2661850439&idx=4&sn=afb53d2ff67e47f3dd884aed14aa9109,,倒计时 87 天 CBIS2026 第十一届动力电池应用国际峰会（CBIS2026）数智创新·协同布局 - 撬动全球新能源价值链2026年11月 中国·上海主办单位：电池中国网承办单位：壹能（北京）网络科技有限公司总 冠 名：武汉逸飞激光股份有限公司联合主办：深圳市中基自动化股份有限公司近日，搭载微宏动力MT系列电池包的国产超大吨位快充纯电动矿用卡ZL230E（原型号LK350E），在福建龙岩龙净智慧环保产业园正式下线。该车额定最大载重量230吨，整车总质量350吨，是露天矿重型电动运输装备领域的重要研发成果。ZL230E配备两台800千瓦大功率驱动电机，专为大负荷爬坡、长时间高强度作业工况研,倒计时 87 天 CBIS2026 第十一届动力电池应用国际峰会（CBIS2026）数智创新·协同布局 - 撬动全球新能源价值链2026年11月 中国·上海主办单位：电池中国网承办单位：壹能（北京）网络科技有限公司总 冠 名：武汉逸飞激光股份有限公司联合主办：深圳市中基自动化股份有限公司近日，搭载微宏动力MT系列电池包的国产超大吨位快充纯电动矿用卡ZL230E（原型号LK350E），在福建龙岩龙净智慧环保产业园正式下线。该车额定最大载重量230吨，整车总质量350吨，是露天矿重型电动运输装备领域的重要研发成果。ZL230E配备两台800千瓦大功率驱动电机，专为大负荷爬坡、长时间高强度作业工况研发。为匹配该作业需求，微宏动力面向重型矿用电动装备，专门开发了MT电池系统。电池电芯采用高倍率化学体系，循环6000次后容量保持率仍可达80%以上；电池包可实现3C持续放电，满足重载起步、持续爬坡工况，瞬时峰值输出可达8C，适配多轴分布式独立驱动架构，避免重载工况下出现动力衰减。为保障车辆高出勤率，MT电池系统支持2C直流快充，ZL230E可在25分钟内充至90%电量。MT电池包能量密度≥170瓦时/千克，兼顾续航表现与轻量化设计，能够满足125立方米大容积货箱的满负荷运输需求，助力矿山企业切实提升运输效率，降低单位物料运输能耗成本。针对矿山高海拔、温差大、多粉尘等严苛作业环境，微宏MT电池包箱体经过强化处理，振动测试耐受强度达国标的1.8倍；采用电泳+双层复合涂层实现抗腐蚀；具备IP68防护等级密封结构，搭配专业呼吸阀，既可防止水汽侵入，又可实现压力平衡。该系统可适配海拔5000米作业环境。电池搭载三面液冷热管理系统，外部保温棉+底部蜂窝板复合结构，热管理效率相较传统方案提升200%，可在20℃~55℃宽温域稳定工作，能够适配我国南北方各类矿区以及高海拔、高寒场景，保障车辆全年不间断作业。紫金龙净打造的MT电池配套ZL230E电动矿卡实现落地，标志着微宏动力技术正式拓展至200吨级以上矿卡赛道，助力矿山行业重型运输装备加速电动化转型。 END电池中国网相关业务联系 媒体宣传咨询 联系人：吴女士 手机：(86)***********（微信同号）邮箱：wulijuan@cbea.com 稿件咨询 联系人：闫先生 手机：(86)***********（微信同号）邮箱：yanzhigang@cbea.com 研究报告咨询 联系人：杜女士 手机：(86)***********（微信同号）邮箱：ducongcong@cbea.com 行业会议咨询 联系人：吴先生 手机：(86)***********（微信同号）邮箱：wumingshan@cbea.com联系人：吴女士 手机：(86)***********(微信同号)邮箱：wuke@cbea.com点击阅读原文，查看更多消息！阅读原文标志着微宏动力技术正式拓展至200吨级以上矿卡赛道，助力矿山行业重型运输装备加速电动化转型。,,,,pending
总投资50亿元！年产8万吨锂电池材料循环利用项目落户四川 | 欢迎关注CBIS2026【绿色回收与循环经济】论坛,电池中国,电池中国,"RIOnews API, 新材料, 电池材料, 固态电池, 钠离子电池, 三元, 达产, 签约, 投资",normal,2026-08-25T14:43:54+08:00,,倒计时 87 天 CBIS2026 第十一届动力电池应用国际峰会（CBIS2026）数智创新·协同布局 - 撬动全球新能源价值链2026年11月 中国·上海主办单位：电池中国网承办单位：壹能（北京）网络科技有限公司总 冠 名：武汉逸飞激光股份有限公司联合主办：深圳市中基自动化股份有限公司来源 | 企业官微近日，湖南力合厚浦科技有限公司（简称：力合厚浦）与四川省泸州市古蔺县人民政府在泸州南苑会议中心举行锂电池材料循环利用项目投资签约仪式。据悉，项目总投资约50亿元，选址古蔺经济开发区，分两期建设年产6万吨含锂三元前驱体及2万吨MHP精炼线。项目全部建成达产后，预计可实现年销售收入70余亿元，年净,http://mp.weixin.qq.com/s?__biz=MzA3MzY0OTIzMQ==&mid=2661850439&idx=6&sn=95cbf56f396bf0a87f46528b876e0b98,,倒计时 87 天 CBIS2026 第十一届动力电池应用国际峰会（CBIS2026）数智创新·协同布局 - 撬动全球新能源价值链2026年11月 中国·上海主办单位：电池中国网承办单位：壹能（北京）网络科技有限公司总 冠 名：武汉逸飞激光股份有限公司联合主办：深圳市中基自动化股份有限公司来源 | 企业官微近日，湖南力合厚浦科技有限公司（简称：力合厚浦）与四川省泸州市古蔺县人民政府在泸州南苑会议中心举行锂电池材料循环利用项目投资签约仪式。据悉，项目总投资约50亿元，选址古蔺经济开发区，分两期建设年产6万吨含锂三元前驱体及2万吨MHP精炼线。项目全部建成达产后，预计可实现年销售收入70余亿元，年净,倒计时 87 天 CBIS2026 第十一届动力电池应用国际峰会（CBIS2026）数智创新·协同布局 - 撬动全球新能源价值链2026年11月 中国·上海主办单位：电池中国网承办单位：壹能（北京）网络科技有限公司总 冠 名：武汉逸飞激光股份有限公司联合主办：深圳市中基自动化股份有限公司来源 | 企业官微近日，湖南力合厚浦科技有限公司（简称：力合厚浦）与四川省泸州市古蔺县人民政府在泸州南苑会议中心举行锂电池材料循环利用项目投资签约仪式。据悉，项目总投资约50亿元，选址古蔺经济开发区，分两期建设年产6万吨含锂三元前驱体及2万吨MHP精炼线。项目全部建成达产后，预计可实现年销售收入70余亿元，年净利润5亿元，是力合厚浦在西南地区战略布局的里程碑项目，也是公司迈向百亿产值目标的关键一步。 CBIS2026 2026年11月，由【逸飞激光】总冠名，电池中国网主办、深圳中基联合主办的“第十一届动力电池应用国际峰会（CBIS2026）”将在中国上海召开。本届峰会以“数智创新·协同布局——撬动全球新能源价值链”为主题，将聚焦新能源电池创新技术、创新应用、创新协同发展模式等方向，交流内容涵盖电池技术及工艺革新，相关标准制定，产业链全球化布局及融合、可持续发展等模块。新能源汽车、电动航空、数据中心、人形机器人、电动船舶、AI技术、新型材料、固态电池、钠离子电池等多项议题均在探讨之列。峰会期间，主办方设置了【绿色回收与循环经济】论坛，敬请期待！电池中国网相关业务联系 媒体宣传咨询 联系人：吴女士 手机：(86)***********（微信同号）邮箱：wulijuan@cbea.com 稿件咨询 联系人：闫先生 手机：(86)***********（微信同号）邮箱：yanzhigang@cbea.com 研究报告咨询 联系人：杜女士 手机：(86)***********（微信同号）邮箱：ducongcong@cbea.com 行业会议咨询 联系人：吴先生 手机：(86)***********（微信同号）邮箱：wumingshan@cbea.com联系人：吴女士 手机：(86)***********(微信同号)邮箱：wuke@cbea.com点击阅读原文，查看更多消息！阅读原文将分两期建设年产6万吨含锂三元前驱体及2万吨MHP精炼线。,,,,pending
四川年产2万吨高性能锂电铜箔项目一期投产 | 欢迎关注CBIS2026【电池材料革新与产业化实践】论坛,电池中国,电池中国,"RIOnews API, 新材料, 电池材料, 固态电池, 钠离子电池, 储能, 储能系统, 高安全, 产能, 投产, 快充",normal,2026-08-25T14:43:54+08:00,,"倒计时 87 天CBIS2026第十一届动力电池应用国际峰会（CBIS2026）数智创新·协同布局 - 撬动全球新能源价值链2026年11月 中国·上海主办单位：电池中国网承办单位：壹能（北京）网络科技有限公司总 冠 名：武汉逸飞激光股份有限公司联合主办：深圳市中基自动化股份有限公司来源 | 企业官微近日，四川铜博科技有限公司一期年产2万吨高性能锂电铜箔项目投产仪式举行。作为江西铜博科技股份有限公司的控股子公司，四川铜博项目投产是公司深耕锂电铜箔赛道、完善全国产能布局的重要战略落子。根据此前消息，四川铜博锂电铜箔项目总建筑面积达58,575.46平方米，将建成行业高性能锂电铜箔数智化标杆厂房。",http://mp.weixin.qq.com/s?__biz=MzA3MzY0OTIzMQ==&mid=2661850439&idx=5&sn=b71914f3b4e2907d43be55fd8ca32176,,"倒计时 87 天CBIS2026第十一届动力电池应用国际峰会（CBIS2026）数智创新·协同布局 - 撬动全球新能源价值链2026年11月 中国·上海主办单位：电池中国网承办单位：壹能（北京）网络科技有限公司总 冠 名：武汉逸飞激光股份有限公司联合主办：深圳市中基自动化股份有限公司来源 | 企业官微近日，四川铜博科技有限公司一期年产2万吨高性能锂电铜箔项目投产仪式举行。作为江西铜博科技股份有限公司的控股子公司，四川铜博项目投产是公司深耕锂电铜箔赛道、完善全国产能布局的重要战略落子。根据此前消息，四川铜博锂电铜箔项目总建筑面积达58,575.46平方米，将建成行业高性能锂电铜箔数智化标杆厂房。","倒计时 87 天CBIS2026第十一届动力电池应用国际峰会（CBIS2026）数智创新·协同布局 - 撬动全球新能源价值链2026年11月 中国·上海主办单位：电池中国网承办单位：壹能（北京）网络科技有限公司总 冠 名：武汉逸飞激光股份有限公司联合主办：深圳市中基自动化股份有限公司来源 | 企业官微近日，四川铜博科技有限公司一期年产2万吨高性能锂电铜箔项目投产仪式举行。作为江西铜博科技股份有限公司的控股子公司，四川铜博项目投产是公司深耕锂电铜箔赛道、完善全国产能布局的重要战略落子。根据此前消息，四川铜博锂电铜箔项目总建筑面积达58,575.46平方米，将建成行业高性能锂电铜箔数智化标杆厂房。项目主打极薄高性能锂电铜箔产品，可充分满足新一代动力电池高续航、快充、高安全的性能要求，是动力电池、储能系统及固态电池的核心负极集流体。 CBIS2026 2026年11月，由【逸飞激光】总冠名，电池中国网主办、深圳中基联合主办的“第十一届动力电池应用国际峰会（CBIS2026）”将在中国上海召开。本届峰会以“数智创新·协同布局——撬动全球新能源价值链”为主题，将聚焦新能源电池创新技术、创新应用、创新协同发展模式等方向，交流内容涵盖电池技术及工艺革新，相关标准制定，产业链全球化布局及融合、可持续发展等模块。新能源汽车、电动航空、数据中心、人形机器人、电动船舶、AI技术、新型材料、固态电池、钠离子电池等多项议题均在探讨之列。峰会期间，主办方设置了【电池材料革新与产业化实践】论坛，敬请期待！电池中国网相关业务联系 媒体宣传咨询 联系人：吴女士 手机：(86)***********（微信同号）邮箱：wulijuan@cbea.com 稿件咨询 联系人：闫先生 手机：(86)***********（微信同号）邮箱：yanzhigang@cbea.com 研究报告咨询 联系人：杜女士 手机：(86)***********（微信同号）邮箱：ducongcong@cbea.com 行业会议咨询 联系人：吴先生 手机：(86)***********（微信同号）邮箱：wumingshan@cbea.com联系人：吴女士 手机：(86)***********(微信同号)邮箱：wuke@cbea.com点击阅读原文，查看更多消息！阅读原文项目主打极薄高性能锂电铜箔产品，可充分满足新一代动力电池高续航、快充、高安全的性能要求。",,,,pending
调价企业+1！力神电池跟进消费税新政,电池中国,电池中国,"RIOnews API, 力神, 力神电池, 交付, 订单, 政策, 发布, 落地",normal,2026-08-25T14:43:54+08:00,,倒计时 87 天CBIS2026第十一届动力电池应用国际峰会（CBIS2026）数智创新·协同布局 - 撬动全球新能源价值链2026年11月 中国·上海主办单位：电池中国网承办单位：壹能（北京）网络科技有限公司总 冠 名：武汉逸飞激光股份有限公司联合主办：深圳市中基自动化股份有限公司来源 | 电池中国网综合锂电池消费税开征对产业链的影响进一步显现，又一家电池企业宣布上调电芯价格。8月18日，力神电池（苏州）有限公司发布《关于锂离子蓄电池消费税成本调整的客户联络函》（下文简称《联络函》），针对即将落地的锂电池消费税新政，公布成本传导及订单结算细则。《联络函》显示，根据财政部、海关总署、税务总局,http://mp.weixin.qq.com/s?__biz=MzA3MzY0OTIzMQ==&mid=2661850439&idx=3&sn=ceff2726bd8ad84a7da35768e32747cf,,倒计时 87 天CBIS2026第十一届动力电池应用国际峰会（CBIS2026）数智创新·协同布局 - 撬动全球新能源价值链2026年11月 中国·上海主办单位：电池中国网承办单位：壹能（北京）网络科技有限公司总 冠 名：武汉逸飞激光股份有限公司联合主办：深圳市中基自动化股份有限公司来源 | 电池中国网综合锂电池消费税开征对产业链的影响进一步显现，又一家电池企业宣布上调电芯价格。8月18日，力神电池（苏州）有限公司发布《关于锂离子蓄电池消费税成本调整的客户联络函》（下文简称《联络函》），针对即将落地的锂电池消费税新政，公布成本传导及订单结算细则。《联络函》显示，根据财政部、海关总署、税务总局,倒计时 87 天CBIS2026第十一届动力电池应用国际峰会（CBIS2026）数智创新·协同布局 - 撬动全球新能源价值链2026年11月 中国·上海主办单位：电池中国网承办单位：壹能（北京）网络科技有限公司总 冠 名：武汉逸飞激光股份有限公司联合主办：深圳市中基自动化股份有限公司来源 | 电池中国网综合锂电池消费税开征对产业链的影响进一步显现，又一家电池企业宣布上调电芯价格。8月18日，力神电池（苏州）有限公司发布《关于锂离子蓄电池消费税成本调整的客户联络函》（下文简称《联络函》），针对即将落地的锂电池消费税新政，公布成本传导及订单结算细则。《联络函》显示，根据财政部、海关总署、税务总局 2026 年第 20 号公告，2026 年 9 月 1 日起锂离子蓄电池按 2% 税率征收消费税；2027 年 9 月 1 日税率将上调至 4%。力神电池（苏州）公司表示，本次价格调整源于国家法定政策变动，将同步向客户传导新增消费税相关成本。《联络函》明确结算节点：2026 年 8 月 25 日 24:00 前完成发货的已签订订单，仍按合同原价执行，不征收消费税、城建税及教育费附加。8 月 25 日之后发货、对账、开票的订单（含在途订单），将在原不含税供货价基础上，加收 2% 消费税，同时计征消费税 7% 的城建税、5% 的教育费附加。对于已签订但尚未交付的框架订单，同样执行本次调价，企业将配合客户签署补充协议。力神电池（苏州）表示，本次调价由政策税率调整导致，后续将持续为客户提供高品质产品与服务。以下是《联络函》全文： END电池中国网相关业务联系 媒体宣传咨询 联系人：吴女士 手机：(86)***********（微信同号）邮箱：wulijuan@cbea.com 稿件咨询 联系人：闫先生 手机：(86)***********（微信同号）邮箱：yanzhigang@cbea.com 研究报告咨询 联系人：杜女士 手机：(86)***********（微信同号）邮箱：ducongcong@cbea.com 行业会议咨询 联系人：吴先生 手机：(86)***********（微信同号）邮箱：wumingshan@cbea.com联系人：吴女士 手机：(86)***********(微信同号)邮箱：wuke@cbea.com点击阅读原文，查看更多消息！阅读原文力神电池（苏州）表示，本次调价由政策税率调整导致，后续将持续为客户提供高品质产品与服务。,,,,pending
250MW/500MWh！丹麦Ørsted公司在美国德克萨斯州部署的电池储能项目投运,储能网,储能网,"RIOnews API, Megapack, 储能, 储能系统, 可靠性, 装机, 产能, GWh, 上市, 收购, 项目投运",normal,2026-08-25T14:07:00+08:00,,中国储能网讯：日前，丹麦跨国能源企业Ørsted公司宣布，该公司在美国德克萨斯州尼德维尔（Needville）部署的Old 300电池储能项目已经正式投入商业运行，其规模为250MW/500MWh。该项目于8月5日对外公布，目前已全面并入德克萨斯州电力可靠性委员会（ERCOT）电网。Ørsted 公司运营的Old 300电池储能项目现接入德克萨斯州电力可靠性委员会（ERCOT）电网Old 300电池储能项目与装机容量430MW的Old300太阳能发电场共址部署。Ørsted公司表示，该储能系统独立运行，将在用电高峰时段释放电力，有效提升电网稳定性。Old 300太阳能发电场自2024年起投运，,http://mp.weixin.qq.com/s?__biz=MzA3MjA3MzgwNw==&mid=2651978933&idx=1&sn=963aed375f926c331ada33668b3d9850,,中国储能网讯：日前，丹麦跨国能源企业Ørsted公司宣布，该公司在美国德克萨斯州尼德维尔（Needville）部署的Old 300电池储能项目已经正式投入商业运行，其规模为250MW/500MWh。该项目于8月5日对外公布，目前已全面并入德克萨斯州电力可靠性委员会（ERCOT）电网。Ørsted 公司运营的Old 300电池储能项目现接入德克萨斯州电力可靠性委员会（ERCOT）电网Old 300电池储能项目与装机容量430MW的Old300太阳能发电场共址部署。Ørsted公司表示，该储能系统独立运行，将在用电高峰时段释放电力，有效提升电网稳定性。Old 300太阳能发电场自2024年起投运，,中国储能网讯：日前，丹麦跨国能源企业Ørsted公司宣布，该公司在美国德克萨斯州尼德维尔（Needville）部署的Old 300电池储能项目已经正式投入商业运行，其规模为250MW/500MWh。该项目于8月5日对外公布，目前已全面并入德克萨斯州电力可靠性委员会（ERCOT）电网。Ørsted 公司运营的Old 300电池储能项目现接入德克萨斯州电力可靠性委员会（ERCOT）电网Old 300电池储能项目与装机容量430MW的Old300太阳能发电场共址部署。Ørsted公司表示，该储能系统独立运行，将在用电高峰时段释放电力，有效提升电网稳定性。Old 300太阳能发电场自2024年起投运，Ørsted公司曾于2021年就该项目与微软公司签署了电力采购协议（PPA）。 据Ørsted公司估算，Old 300太阳能发电场与电池储能项目合计将为当地带来约1.1亿美元财产税收入，用于支持地方基础设施建设、公立学校及应急服务。 值得关注的是，Old 300电池储能项目采用特斯拉Megapack电池储能单元，所有设备均在特斯拉位于加利福尼亚州拉斯罗普（Lathrop）的Megafactory超级工厂生产，该工厂年产能约为40GWh。特斯拉近期披露，其2026年第二季度储能部署量达13.5GWh，创下该公司历史第二高的单季纪录。 Ørsted公司还与特斯拉联合尼德维尔消防部门，就最新的电池储能系统安全特性及应急响应规范开展了专项培训。 Ørsted公司前身是丹麦国家石油天然气公司，现已转型为全球最大的海上风电开发商之一，并于2017年全面剥离油气业务。目前，丹麦政府仍是这家纳斯达克上市公司的最大股东。Ørsted公司开发的首个独立部署储能项目于2019年在英国投运，装机容量为20MW，随后于2021年又部署了一个40MW电池储能项目。 今年5月，Ørsted公司从可再生能源开发商ESA Solar Energy公司手中收购了密歇根州150MW的Salzburg电池储能项目。双方表示，该项目地理位置优越，可以很好地满足密歇根州公用事业公司的购电需求。 德克萨斯州依然是美国最为活跃的电池储能市场之一。今年6月，多家企业持续推进当地储能项目，包括Canadian Solar公司旗下子公司e-Storage公司、开发商兼运营商Spearmint Energy公司以及开发商OCI Energy公司等。 一审：潘 望二审：王谊秀由于微信改版，关注后请点击右上角，选择“设为星标”与“置顶”，以获得最新的文章更新投稿联系电话：***********（同微信）地址：北京市西城区阜成门外四川大厦东塔楼30层官网：www.escn.com.cn 投稿邮箱：ly83518@126.com,,,,pending
英钠率先落地NFPP新计价方式，核心客户已接受,高工钠电,高工钠电,"RIOnews API, 钠离子电池, 钠电, 钠电正极, 产品发布, 发布, 全新, 上市, 合作进展, 融资, 投资, 宁德时代, 磷酸铁锂, 铁锂, 钠电池, 储能, 热失控, 循环寿命, 碳酸锂, 正极材料, 出货, 产能, 新增产能, GWh, 生产基地, 投产, 政策, 推出, 送样, 量产, 落地, 爬坡",normal,2026-08-25T14:00:00+08:00,,"NFPP 起量与钠电正极材料的资格赛在碳酸锂价格宽幅震荡、钠电从技术验证迈向规模量产的关键节点，供应链格局如何重构、新势力怎样突围，成为2026年钠电行业的核心关切。钠电正极材料已从早期路线探索，正式进入供应链席位的白热化争夺。英钠新能源创始人、董事长王亚平博士表示，2026年是钠电产业泾渭分明的一年，以宁德时代为代表的传统锂电大厂开始下场试水，材料企业正面临一场决定未来市场地位的""头部供应链资格赛""。英钠新能源创始人、董事长王亚平博士在此前的2026高工钠电产业峰会上，王亚平拆解了钠电正极材料行业的当下变局与新势力的生存法则。在他看来，聚阴离子体系已是行业主流共识，NFPP凭借循环最优、安全",http://mp.weixin.qq.com/s?__biz=MzIwMDkyMDg2Mg==&mid=2247501874&idx=1&sn=84bf478e4d396372dda016a65edb95ab,,"NFPP 起量与钠电正极材料的资格赛在碳酸锂价格宽幅震荡、钠电从技术验证迈向规模量产的关键节点，供应链格局如何重构、新势力怎样突围，成为2026年钠电行业的核心关切。钠电正极材料已从早期路线探索，正式进入供应链席位的白热化争夺。英钠新能源创始人、董事长王亚平博士表示，2026年是钠电产业泾渭分明的一年，以宁德时代为代表的传统锂电大厂开始下场试水，材料企业正面临一场决定未来市场地位的""头部供应链资格赛""。英钠新能源创始人、董事长王亚平博士在此前的2026高工钠电产业峰会上，王亚平拆解了钠电正极材料行业的当下变局与新势力的生存法则。在他看来，聚阴离子体系已是行业主流共识，NFPP凭借循环最优、安全","NFPP 起量与钠电正极材料的资格赛在碳酸锂价格宽幅震荡、钠电从技术验证迈向规模量产的关键节点，供应链格局如何重构、新势力怎样突围，成为2026年钠电行业的核心关切。钠电正极材料已从早期路线探索，正式进入供应链席位的白热化争夺。英钠新能源创始人、董事长王亚平博士表示，2026年是钠电产业泾渭分明的一年，以宁德时代为代表的传统锂电大厂开始下场试水，材料企业正面临一场决定未来市场地位的""头部供应链资格赛""。英钠新能源创始人、董事长王亚平博士在此前的2026高工钠电产业峰会上，王亚平拆解了钠电正极材料行业的当下变局与新势力的生存法则。在他看来，聚阴离子体系已是行业主流共识，NFPP凭借循环最优、安全性最好、成本较低的综合优势，成为大规模储能场景的最优选择，当前已形成""一超多强""格局。2026年市场泾渭分明，钠电材料进入上下半场王亚平认为，2026年的钠电市场呈现极为明显的上下半场分化。上半年新闻满天飞、利好频出，但实际出货相当冷清，最大增量集中在两三轮车领域；进入7月后材料端突然爆单，供不应求将延续到年底，储能、启停、两轮等多场景同时发力。造成这种割裂的原因并不复杂：传统锂电大厂去年第四季度才真正导入钠电供应链，建设周期8到10个月；钠电芯新增产能落地也集中在年中到下半年；储能政策利好传导存在时滞，今年磷酸铁锂涨价反而压缩了储能项目盘子；启停方向去年的技术问题也需约半年消化才能重新推向市场。从行业走向看，王亚平将钠电产业划分为三阶段：2021到2025年是寻找应用场景、建设产业链体系的启蒙期；2026到2028年是规模化阶段，产业格局将逐步形成；2028年后走向全面成熟。第二阶段的核心特征，就是材料企业在头部锂电大厂中的供应链角色，将直接决定其市场地位。传统锂电大厂下场，NFPP路线打响资格赛比短期波动更值得关注的是竞争主体的切换。2025年钠电正极材料的竞争还主要在新势力之间展开，到了2026年，以宁德时代为代表的传统锂电大厂开始下场试水，万润、华友、中伟等正极大厂纷纷布局NFPP。对于新势力而言，这既是机会也是考验。王亚平坦言，优势在于多年技术积累和客户粘性，主流厂商大多拥有十年以上研发基础，这不是上市公司一进来就能覆盖的；但劣势同样明显——渠道和资本体量都无法与传统锂电材料大厂抗衡，对方不过是增加一个品类，新势力却要以全新姿态打入供应链。应对的关键在于抓住窗口期。王亚平判断，传统锂电材料大厂钠电业务准备期约一年，若在它们准备好之前新势力没能进入供应链，窗口就会关闭，""顶多持续到明年年底""。新势力需加快产品迭代做出差异化，放大定制化能力牢牢抓住客户，同时加快融资、适度扩张。他特别提到，短期内一万吨可能是门槛，迅速突破到十万吨，则可能导致产能过剩。在行业已开始搏杀价格的当下，王亚平呼吁同行携手稳住价格。英钠今年上半年率先提出以磷酸铁价格为基准、乘以系数，再加上加工费的NFPP计价方式，目前核心客户已基本全部接受。四年迭代两代产品，英钠以技术与产能抢占席位作为聚阴离子路线的头部企业，英钠新能源自身节奏恰好踩在这一波产业拐点上。公司2022年3月成立于浙江长兴，核心技术源于江苏大学科研团队，四年间完成四轮融资。今年5月，英钠宣布完成由谢诺辰途独家战略投资的数千万元A轮融资，同月在CIBF2026上发布第二代产品YN-NFPP-5，0.1C首次充电比容量≥118mAh/g，首次放电比容量≥105mAh/g，极片压实密度≥2.30g/cm³，循环寿命超6000次，热失控温度超310℃。目前英钠已建成万吨级NFPP生产基地，综合技术实力与产能规模跻身全球聚阴离子正极材料第一梯队，产品进入多家头部电芯企业供应链。10月，公司四川完整生产基地正式开工，预计明年5月一条产线投产。在产品迭代上，英钠路径清晰。第一代YN-NFPP-3粒径小、循环性能优异，60℃循环寿命接近磷酸铁锂两倍，已累计送样百余家电芯厂、实现千吨出货。第二代YN-NFPP-5在保持高容量的同时解决了小粒径材料的加工问题，并首次实现充放电曲线可调，电芯端设计只需截止到2.4V甚至2.25V即可充分发挥容量。按照规划，英钠将在2027到2028年推出第三代产品，放电容量做到110mAh/g以上，远期第四代目标直指放电≥115mAh/g、压实≥2.5g/cm³。产能端从2025年的5000吨/年，逐步爬坡至2026年2.5万吨、2028年7万吨，远期规划突破10万吨。""彼钠之能，美如英。""王亚平在演讲结尾引用《诗经》中的句子为英钠作注。钠电产业的长跑才刚刚进入真正的竞争阶段，资格赛的发令枪已经打响，谁能在这一轮窗口期内锁定头部供应链的席位，谁就能在下一个十年占据主动。声明：本文章属高工钠电原创，转载请注明出处。商业转载请联系（微信号：zhaochong1213）获得授权。往期精彩■ 跨界钠电四年累亏超6亿元，键盘龙头欲转“代工”盘活4.5GWh产能■ 钠电消费税“AB”面■ 钠电池抢滩商用重卡赛道【高工钠电】NFPP 起量与钠电正极材料的资格赛",,,,pending
比亚迪公开感恩宁德,锂电派,锂电派,"RIOnews API, 比亚迪",normal,2026-08-25T13:56:26+08:00,,⬆️点击蓝字关注“锂电派”近日，比亚迪科技展在8月21日-8月23日期间，在福建省宁德市联信财富广场举行，比亚迪“感恩宁德英才，投身建设比亚迪！感恩福建宁德父老乡亲”。比亚迪研发工程师数量达到12万人，这个数字超过了多数传统汽车巨头的研发人员总和。“即使我们所有财产全部消失，只要工程师还在，就随时可以东山再起。”在比亚迪总部，王传福这句话被反复提及。END由于公众号规则更改，请大佬们点个关注、推荐和转发扫码入群丨lidianpai666交流丨分享丨合作丨推广 · LIDIANπ · ⬆️点击蓝字关注“锂电派”近日，比亚迪科技展在8月21日-8月23日期间，在福建省宁德市联信财富广场举行，比亚,http://mp.weixin.qq.com/s?__biz=MzI4MTc4MzY2NA==&mid=2247697078&idx=4&sn=fdd5e63857624e00f3837dd522d6f18d,,⬆️点击蓝字关注“锂电派”近日，比亚迪科技展在8月21日-8月23日期间，在福建省宁德市联信财富广场举行，比亚迪“感恩宁德英才，投身建设比亚迪！感恩福建宁德父老乡亲”。比亚迪研发工程师数量达到12万人，这个数字超过了多数传统汽车巨头的研发人员总和。“即使我们所有财产全部消失，只要工程师还在，就随时可以东山再起。”在比亚迪总部，王传福这句话被反复提及。END由于公众号规则更改，请大佬们点个关注、推荐和转发扫码入群丨lidianpai666交流丨分享丨合作丨推广 · LIDIANπ · ⬆️点击蓝字关注“锂电派”近日，比亚迪科技展在8月21日-8月23日期间，在福建省宁德市联信财富广场举行，比亚,⬆️点击蓝字关注“锂电派”近日，比亚迪科技展在8月21日-8月23日期间，在福建省宁德市联信财富广场举行，比亚迪“感恩宁德英才，投身建设比亚迪！感恩福建宁德父老乡亲”。比亚迪研发工程师数量达到12万人，这个数字超过了多数传统汽车巨头的研发人员总和。“即使我们所有财产全部消失，只要工程师还在，就随时可以东山再起。”在比亚迪总部，王传福这句话被反复提及。END由于公众号规则更改，请大佬们点个关注、推荐和转发扫码入群丨lidianpai666交流丨分享丨合作丨推广 · LIDIANπ · ⬆️点击蓝字关注“锂电派”近日，比亚迪科技展在8月21日-8月23日期间，在福建省宁德市联信财富广场举行，比亚,,,,pending
又一电池企业宣布涨价！,锂电派,锂电派,"RIOnews API, 新材料, 电池材料, 碳, 固态电池, 长时储能, 液流电池, 钠离子电池, 合作进展, 投资, 合作, 量产推进, 产能, 扩产, 宁德时代, 亿纬锂能, 亿纬, 中创新航, 国轩高科, 国轩, 欣旺达, 力神, 力神电池, 磷酸铁锂, 铁锂, 储能, 碳酸锂, 正极材料, 交付, 新增产能, 订单, 政策, 发布, 推出, 落地",normal,2026-08-25T13:56:26+08:00,,⬆️点击蓝字关注“锂电派”近日，力神电池（苏州）有限公司（简称：力神电池）发布《关于锂离子蓄电池消费税成本调整的客户联络函》，对公司产品价格作出调整。联络函显示，本次调价主要基于财政部、海关总署、税务总局发布的《关于调整部分电池消费税政策的公告》，公告显示自2026年9月1日起，对锂离子蓄电池按照2%税率征收消费税；自2027年9月1日起，对锂离子蓄电池按照4%税率征收消费税。经公司研究决定，将按该政策调整产品价格，并同步传导新增消费税成本，具体安排函告如下：1、2026年9月1日起，所有产品在原不含税供货价基础上加收2%消费税成本，同时加收城建税(消费税的7%)及教育费附加(消费税的5%)。,http://mp.weixin.qq.com/s?__biz=MzI4MTc4MzY2NA==&mid=2247697078&idx=1&sn=0cdc6337752f6c0a7cda56ae4375dedc,,⬆️点击蓝字关注“锂电派”近日，力神电池（苏州）有限公司（简称：力神电池）发布《关于锂离子蓄电池消费税成本调整的客户联络函》，对公司产品价格作出调整。联络函显示，本次调价主要基于财政部、海关总署、税务总局发布的《关于调整部分电池消费税政策的公告》，公告显示自2026年9月1日起，对锂离子蓄电池按照2%税率征收消费税；自2027年9月1日起，对锂离子蓄电池按照4%税率征收消费税。经公司研究决定，将按该政策调整产品价格，并同步传导新增消费税成本，具体安排函告如下：1、2026年9月1日起，所有产品在原不含税供货价基础上加收2%消费税成本，同时加收城建税(消费税的7%)及教育费附加(消费税的5%)。,⬆️点击蓝字关注“锂电派”近日，力神电池（苏州）有限公司（简称：力神电池）发布《关于锂离子蓄电池消费税成本调整的客户联络函》，对公司产品价格作出调整。联络函显示，本次调价主要基于财政部、海关总署、税务总局发布的《关于调整部分电池消费税政策的公告》，公告显示自2026年9月1日起，对锂离子蓄电池按照2%税率征收消费税；自2027年9月1日起，对锂离子蓄电池按照4%税率征收消费税。经公司研究决定，将按该政策调整产品价格，并同步传导新增消费税成本，具体安排函告如下：1、2026年9月1日起，所有产品在原不含税供货价基础上加收2%消费税成本，同时加收城建税(消费税的7%)及教育费附加(消费税的5%)。2、已签订单凡在2026年8月25日24:00之前完成发货，按合同原价执行(不加收如上消费税、城建税及教育费附加)；2026年8月25日24:00之前完成发货及对账的客户，增值税专用发票应在25日之前应开尽开，凡在2026年8月25日后发货、对账、开票的订单(含在途订单)，将统一按加收2%的消费税、城建税(消费税的7%)及教育费附加(消费税的5%)成本后的价格进行结算。3、已签订但尚未交付的框架订单，同步适用本次价格调整，我司将配合进行相关补充协议的签署。力神电池表示，此次价格调整为国家法定税率调整因素导致。值得一提的是，早在7月27日，一份亿纬锂能发布的《关于消费税成本传导的调价通知》便在锂电产业圈内引发广泛关注。通知显示，自2026年9月1日起，公司所有内销电池产品在原价基础上加收2%的消费税；出口产品先征后退，内外销同价。逾期未开票的订单，或需在2026年9月1日及以后开票的订单，以及已签未交付的框架订单，一概适用新价格。回顾此次消费税调整的源头，今年7月16日，财政部、海关总署、税务总局联合发布公告：锂原电池、锂离子蓄电池、全钒液流电池等电池恢复征收消费税，2026年9月1日起按2%征收，2027年9月1日起升至4%；钠离子电池、固态电池、燃料电池在2028年12月31日前继续免税。此次政策调整是对2015年电池消费税政策的重大修订。2015年，财政部、国家税务总局发布《关于对电池、涂料征收消费税的通知》，对锂电池实施免征消费税优惠政策，该政策延续至今已逾十年。此次恢复征收，意味着锂电池行业长达十余年的消费税“免税红利”正式进入退出倒计时。亿纬锂能作为国内圆柱电池、消费电池及储能电池领域的头部企业，其率先调价的举动，被视为行业风向标。紧随其后，力神电池的调价函进一步验证了消费税成本正在全行业范围内系统性向下游传导的趋势。值得注意的是，在消费税政策调整引发电池端调价的同时，上游正极材料端同样出现了价格变动。7月15日，湖南裕能向客户发出调价函。公司表示，因上游核心原材料价格持续上行，且公司持续满产、今年新增产能无法满足所有客户的订单增长需求，公司将自8月1日起对全系列磷酸铁锂产品价格上调2000元/吨。涨价的同时，湖南裕能还推出了240亿元扩产计划，公司拟在贵州省黔南布依族苗族自治州瓮安县投资建设贵州裕能（瓮安）矿化一体新能源电池材料循环产业项目，项目建设主要内容包括80万吨磷酸铁锂、100万吨磷酸铁及其上游产业链项目。与电池消费税调整属于政策性因素不同，湖南裕能的涨价更多源于市场供需关系。2026年以来，磷酸铁锂下游需求持续旺盛，头部企业产能利用率维持高位，新增产能释放节奏难以匹配订单增速，加之碳酸锂等核心原材料价格上行，材料端成本压力最终通过涨价向下游传导。电池端的消费税成本叠加正极材料端的涨价压力，锂电产业链下游企业正面临来自政策和市场的双重成本冲击。对于电池企业而言，这意味着产品成本的进一步抬升，产业链各环节的价格博弈或将更加激烈。截至目前，宁德时代、中创新航、欣旺达、国轩高科等其他头部电池企业尚未公开发布类似调价通知。距离9月1日政策落地仅剩数日，更多企业的后续动作，将成为市场观察消费税如何影响电池定价体系的重要窗口。END由于公众号规则更改，请大佬们点个关注、推荐和转发扫码入群丨lidianpai666交流丨分享丨合作丨推广 · LIDIANπ · ⬆️点击蓝字关注“锂电派”近日，力神电池（苏州）有限公司（简称：力神电池）发布《关于锂离子蓄电池消费税成本调整,,,,pending
锂电新申报产能，暂停审批！,锂电派,锂电派,"RIOnews API, 比亚迪, 宁德时代, 亿纬, 中创新航, 国轩, 欣旺达, 储能, 储能电芯, 电池回收, 梯次利用, 产能, 扩产, GWh, 订单, 政策, 补贴",normal,2026-08-25T13:56:26+08:00,,⬆️点击蓝字关注“锂电派”自下半年起，国内锂电产业迎来重大政策转向。据悉，新申报的锂电产能项目已不再获得审批，这一实质性停摆标志着行业无序扩产时代的终结。此举并非地方性孤立行动，而是由国家工信部牵头、自年初便逐步铺开的系统性产能管控措施。从一月的行业座谈会，到四月的产能预警部署，再到六月各地暂停动力及储能锂电池项目手续办理，政策脉络清晰连贯。至八月，审批的实质性停摆已获媒体确认。此次政策收紧的直接动因，在于过去五年间动力电池销量激增十八倍后，低端同质化产能泛滥。储能电芯价格一度探至0.24元/Wh的地板价，行业面临重蹈光伏产业覆辙的风险。政策“关闸”已显现初步成效，储能电芯价格已回升至0.4元,http://mp.weixin.qq.com/s?__biz=MzI4MTc4MzY2NA==&mid=2247697078&idx=3&sn=ba894bc12e1fb7fc7e3738fa5026e278,,⬆️点击蓝字关注“锂电派”自下半年起，国内锂电产业迎来重大政策转向。据悉，新申报的锂电产能项目已不再获得审批，这一实质性停摆标志着行业无序扩产时代的终结。此举并非地方性孤立行动，而是由国家工信部牵头、自年初便逐步铺开的系统性产能管控措施。从一月的行业座谈会，到四月的产能预警部署，再到六月各地暂停动力及储能锂电池项目手续办理，政策脉络清晰连贯。至八月，审批的实质性停摆已获媒体确认。此次政策收紧的直接动因，在于过去五年间动力电池销量激增十八倍后，低端同质化产能泛滥。储能电芯价格一度探至0.24元/Wh的地板价，行业面临重蹈光伏产业覆辙的风险。政策“关闸”已显现初步成效，储能电芯价格已回升至0.4元,⬆️点击蓝字关注“锂电派”自下半年起，国内锂电产业迎来重大政策转向。据悉，新申报的锂电产能项目已不再获得审批，这一实质性停摆标志着行业无序扩产时代的终结。此举并非地方性孤立行动，而是由国家工信部牵头、自年初便逐步铺开的系统性产能管控措施。从一月的行业座谈会，到四月的产能预警部署，再到六月各地暂停动力及储能锂电池项目手续办理，政策脉络清晰连贯。至八月，审批的实质性停摆已获媒体确认。此次政策收紧的直接动因，在于过去五年间动力电池销量激增十八倍后，低端同质化产能泛滥。储能电芯价格一度探至0.24元/Wh的地板价，行业面临重蹈光伏产业覆辙的风险。政策“关闸”已显现初步成效，储能电芯价格已回升至0.4元/Wh左右，半年涨幅达五成。市场逻辑正从“产能规模竞争”转向“技术实力比拼”，被业界称为锂电领域的“供给侧改革”。审批闸门落下后，行业格局分化加剧。宁德时代在建产能高达764GWh，同时，工信部明确让宁德、比亚迪、国轩、中创新航、亿纬、欣旺达六家牵头制定未来三年的行业方案；而众多中小厂商则因新批文无门，且高度依赖地方补贴，面临显著的出清风险。此外，设备商群体因在建产线预计于2027年上半年基本完工，增量订单面临归零可能，成为政策调整的意外承压方。此外，动力电池回收环节的“梯次利用”资质名单同步作废，行业准入门槛与标准重塑，与产能审批政策形成“先关闸、再筛选”的协同效应。总体而言，锂电产业已正式步入存量博弈新周期。未来三年，拥有批文、技术及订单优势的企业将占据主导，而单纯依赖旧产能与补贴的企业则将加速离场。这一深刻变革，其影响远超任何一次价格波动，正从根本上重塑中国锂电产业的竞争规则与生态版图。文章来源：智电拆解END由于公众号规则更改，请大佬们点个关注、推荐和转发扫码入群丨lidianpai666交流丨分享丨合作丨推广 · LIDIANπ · ⬆️点击蓝字关注“锂电派”自下半年起，国内锂电产业迎来重大政策转向。,,,,pending
56.28亿元！宁德时代洛阳基地单月产值创历史新高,锂电派,锂电派,"RIOnews API, 新材料, 碳, 量产推进, 产能, 下线, 宁德时代, 投产, 落地, 爬坡",normal,2026-08-25T13:56:26+08:00,,⬆️点击蓝字关注“锂电派”23日，洛报融媒记者从宁德时代洛阳基地获悉，随着产能加速释放，基地7月单月产值达56.28亿元，创投产以来历史新高。截至7月底，基地累计产值达428.07亿元，其中2026年产值221.41亿元，为全市新能源电池产业链高质量发展注入强劲动能。宁德时代洛阳基地按照“灯塔工厂+零碳工厂”标准，分四期规划建设。目前，项目四期已全部进入生产状态，一二期稳定兜底、三四期增量赋能，两大生产板块梯次发力，推动洛阳基地产能持续攀升。其中，项目一期、二期主体为宁德时代(河南)新能源科技有限公司，作为成熟投产板块，工艺体系成熟、产销衔接稳定，目前保持满负荷稳产状态。凭借成熟的生产体系、稳,http://mp.weixin.qq.com/s?__biz=MzI4MTc4MzY2NA==&mid=2247697078&idx=5&sn=569ff7d54c82a3cb0c03119450fa449a,,⬆️点击蓝字关注“锂电派”23日，洛报融媒记者从宁德时代洛阳基地获悉，随着产能加速释放，基地7月单月产值达56.28亿元，创投产以来历史新高。截至7月底，基地累计产值达428.07亿元，其中2026年产值221.41亿元，为全市新能源电池产业链高质量发展注入强劲动能。宁德时代洛阳基地按照“灯塔工厂+零碳工厂”标准，分四期规划建设。目前，项目四期已全部进入生产状态，一二期稳定兜底、三四期增量赋能，两大生产板块梯次发力，推动洛阳基地产能持续攀升。其中，项目一期、二期主体为宁德时代(河南)新能源科技有限公司，作为成熟投产板块，工艺体系成熟、产销衔接稳定，目前保持满负荷稳产状态。凭借成熟的生产体系、稳,⬆️点击蓝字关注“锂电派”23日，洛报融媒记者从宁德时代洛阳基地获悉，随着产能加速释放，基地7月单月产值达56.28亿元，创投产以来历史新高。截至7月底，基地累计产值达428.07亿元，其中2026年产值221.41亿元，为全市新能源电池产业链高质量发展注入强劲动能。宁德时代洛阳基地按照“灯塔工厂+零碳工厂”标准，分四期规划建设。目前，项目四期已全部进入生产状态，一二期稳定兜底、三四期增量赋能，两大生产板块梯次发力，推动洛阳基地产能持续攀升。其中，项目一期、二期主体为宁德时代(河南)新能源科技有限公司，作为成熟投产板块，工艺体系成熟、产销衔接稳定，目前保持满负荷稳产状态。凭借成熟的生产体系、稳定的产品品质，项目自动化生产线24小时不间断运转，智能物流系统高效流转，一批批动力电池陆续下线，批量供给蔚来、理想、小米、华为鸿蒙智行等国内主流新能源车企，实现产销两旺。项目三期、四期主体为宁德时代(洛阳)新能源科技有限公司，持续产能爬坡、高效释放增量。作为扩能升级核心载体，三、四期电芯产线依托智能化、自动化、数字化全新生产体系，产能持续稳步释放，成为企业产值提速增长的全新增长极。值得一提的是，宁德时代洛阳基地不断刷新项目投产纪录，在项目一期、二期高效落地，分别提前8个月、9个月投产的基础上，项目三期、四期项目持续攻坚，快速推进主体封顶、设备进场与调试工作，投产时间较既定时序提前1年半，跑出了亮眼的项目建设“洛阳加速度”。一企兴，则一链旺。依托宁德时代洛阳基地的链主效应，伊滨区新能源产业园加速崛起，着力打造“10分钟新能源产业圈”，自2023年以来已累计落地产业链项目48个，补齐电池壳体、精密冲压、结构加工等一批关键供应链环节，有效提升本地配套率，推动供应链从异地供货向就近协同转变，不断夯实洛阳新能源电池产业链发展根基。随着宁德时代洛阳基地全部投产，产能持续释放，洛阳后续将进一步放大链主企业带动作用，招引更多上下游关键配套企业落地，加速完善产业生态，为制造业重点产业链高质量发展持续增势赋能。END由于公众号规则更改，请大佬们点个关注、推荐和转发扫码入群丨lidianpai666交流丨分享丨合作丨推广 · LIDIANπ · ⬆️点击蓝字关注“锂电派”23日，洛报融媒记者从宁德时代洛阳基地获悉，随着产能加速释放，基地7月单月产值达56,,,,pending
2026钙钛矿与太空光伏技术、设备和材料论坛将于10月27-28日在常州召开,钙钛矿光伏,钙钛矿光伏,"RIOnews API, 钙钛矿, 全钙钛矿叠层, 柔性钙钛矿, 技术进展, 工艺优化, 量产工艺, 制备工艺",normal,2026-08-25T13:34:35+08:00,,● 由亚化咨询主办的2026钙钛矿与太空光伏技术、设备和材料论坛将于10月27-28日在常州召开钙钛矿和叠层电池有望成为下一代主流光伏发电技术，并将在太空光伏占据重要地位。钙钛矿单结电池以半透明、可柔性化、可室内发电等优势，在BIPV、消费电子、可穿戴设备、新能源汽车等领域有广阔的应用前景。钙钛矿与异质结、TOPCon或XBC组成叠层电池则有望在户用光伏、工商业光伏和集中式发电场景占据优势。太空光伏为P型HJT、钙钛矿和叠层电池带来了新的市场。传统卫星上用的砷化镓电池成本高昂，且原料和产能受限，无法满足商业航天快速增长的需求。超薄P型HJT电池与柔性太阳翼高度适配，且轻量化和抗辐照性能优越。P,http://mp.weixin.qq.com/s?__biz=MzkyNTYzNjI1NQ==&mid=2247495541&idx=3&sn=06111325729d4e04fc00150e46e57548,,● 由亚化咨询主办的2026钙钛矿与太空光伏技术、设备和材料论坛将于10月27-28日在常州召开钙钛矿和叠层电池有望成为下一代主流光伏发电技术，并将在太空光伏占据重要地位。钙钛矿单结电池以半透明、可柔性化、可室内发电等优势，在BIPV、消费电子、可穿戴设备、新能源汽车等领域有广阔的应用前景。钙钛矿与异质结、TOPCon或XBC组成叠层电池则有望在户用光伏、工商业光伏和集中式发电场景占据优势。太空光伏为P型HJT、钙钛矿和叠层电池带来了新的市场。传统卫星上用的砷化镓电池成本高昂，且原料和产能受限，无法满足商业航天快速增长的需求。超薄P型HJT电池与柔性太阳翼高度适配，且轻量化和抗辐照性能优越。P,● 由亚化咨询主办的2026钙钛矿与太空光伏技术、设备和材料论坛将于10月27-28日在常州召开钙钛矿和叠层电池有望成为下一代主流光伏发电技术，并将在太空光伏占据重要地位。钙钛矿单结电池以半透明、可柔性化、可室内发电等优势，在BIPV、消费电子、可穿戴设备、新能源汽车等领域有广阔的应用前景。钙钛矿与异质结、TOPCon或XBC组成叠层电池则有望在户用光伏、工商业光伏和集中式发电场景占据优势。太空光伏为P型HJT、钙钛矿和叠层电池带来了新的市场。传统卫星上用的砷化镓电池成本高昂，且原料和产能受限，无法满足商业航天快速增长的需求。超薄P型HJT电池与柔性太阳翼高度适配，且轻量化和抗辐照性能优越。P型HJT-钙钛矿叠层电池可实现30%以上的效率，而成本远低于同等效率的砷化镓电池，有望成为太空电源系统的重要组成部分。在全球和中国企业与科研机构的共同努力下，钙钛矿电池在效率、成本、良率、稳定性和大规模量产方面持续进步。2026年5月，仁烁光能宣布商用尺寸单结钙钛矿组件（7200cm²）全面积稳态效率达19.3%。2026年6月，极电光能与中建四局签约单体最大的钙钛矿组件项目。同月，纤纳光电宣布钙钛矿小组件以19.48cm²全面积稳态效率23.9%继续保持世界纪录。钙钛矿领军企业和晶硅光伏巨头都积极投入钙钛矿叠层电池和太空光伏应用技术研发。2026年3月，隆基绿能超薄柔性叠层电池（约60微米）在实验室尺寸上效率达33.4%；在全硅片尺寸上效率达29.8%。2026年4月，晶科宣布两端单片钙钛矿/TOPCon叠层电池效率达32.76%。2026年6月，协鑫光电2042cm²大面积钙钛矿-晶硅叠层组件认证效率达到30.23%。同期，协鑫光电与紫微科技签约，围绕钙钛矿电池片在轨性能测试展开深度合作。钙钛矿叠层电池比单结钙钛矿电池更具技术挑战。四端叠层电池技术兼容性好、制备难度较低，但结构复杂、成本高。两端叠层电池结构紧凑、成本相对低、光学损耗更小，但工艺难度较大。而太空应用的P型HJT-钙钛矿叠层电池则需要在紫外辐照、粒子辐照及高低温交变等极端条件下实现长周期稳定运行。2026年5月，神舟二十三号载人飞船成功发射，本次任务包括两类钙钛矿太阳能电池材料和器件在中国空间站的动态服役实验。2026钙钛矿与太空光伏技术、设备和材料论坛将于10月27-28日在常州召开。会议将探讨HJT、钙钛矿和叠层电池在太空光伏的市场机遇，大面积工业化钙钛矿与叠层电池材料体系、结构设计、制造工艺、核心设备、良率、转换效率与成本，钙钛矿与叠层电池在BIPV、消费电子、新能源汽车、光伏电站的应用方案，太空光伏硬质可折叠太阳翼与柔性可卷绕太阳翼，太空光伏HJT-钙钛矿叠层太阳翼制备工艺、测试认证、抗辐射性和长期稳定性，砷化镓、碲化镉、HJT-钙钛矿叠层太空光伏竞争格局展望等。会议主题1. 光伏行业展望与钙钛矿和叠层电池市场分析2. HJT、钙钛矿和叠层电池在太空光伏的市场机遇3. 钙钛矿电池分布式电站与大型地面电站运行情况总结4. 钙钛矿产能展望和技术、设备与材料市场机遇5. 钙钛矿溶液涂布和干燥结晶的技术挑战与工艺优化6. 钙钛矿溶液喷墨打印技术与先进设备7. 钙钛矿电池HTL和ETL薄膜制备方案与关键设备8. 激光技术在钙钛矿电池生产中的应用9. 钙钛矿导电玻璃技术路线和供应展望10. 钙钛矿电池材料体系、界面钝化与结构调控11. 铂族金属在钙钛矿电池的应用优势与价值分析12. 钙钛矿电池的长期稳定性研究13. 全钙钛矿叠层电池竞争力分析与效率展望14. 两端叠层电池技术研发挑战与解决思路15. 平米级四端叠层组件结构设计与制造工艺16. 钙钛矿-BC三端叠层电池的优势与挑战17. 服务于晶硅-钙钛矿叠层电池的超低温固化银浆18. 服务于钙钛矿叠层组件的封装技术与封装材料19. 钙钛矿与叠层电池测试标准和测试技术20. 柔性钙钛矿太阳能电池技术研发与量产工艺21. 柔性钙钛矿电池在消费电子和可穿戴设备的应用实践22. 钙钛矿与叠层电池在BIPV与新能源汽车的市场潜力23. 低轨太空光伏的挑战：紫外辐照、粒子辐照、原子氧腐蚀及高低温交变24. 太空光伏技术路线：硬质可折叠太阳翼与柔性可卷绕太阳翼25. 40-50μm级超薄硅片与P型HJT电池的批量制造26. 太空光伏P型HJT电池抗辐射性能与轻量化潜力27. 太空光伏P型HJT-钙钛矿叠层电池制备工艺与抗辐射性和长期稳定性28. 太空光伏电池阵及电源系统集成与测试验证29. 高性能全钙钛矿叠层太阳翼优势分析30. 砷化镓、碲化镉、HJT-钙钛矿叠层太空光伏竞争格局展望参会报名优惠票：9月24日前，2200元/位正常票：10月27日前，3200元/位赞助方案项目项目内容主题演讲25分钟主题演讲参会名额微信推送“光伏前沿”微信公众号，企业介绍以及相关软文会刊广告研讨会会刊，彩色全页广告（尺寸A4）资料入袋赞助企业的宣传册放入会议包袋现场展台现场展示台，展示样品、资料，含两个参会名额现场易拉宝现场1个易拉宝展示礼品赞助印有赞助商logo的礼品赠送参会听众茶歇赞助冠名和赞助会议期间的茶歇晚宴赞助冠名和赞助会议的招待晚宴Logo展示背景墙 logo，会刊封面logo联系我们微信/电话｜*********** （朱经理）邮箱｜ritazhu@chemweekly.com往届回顾：第八届钙钛矿、叠层与太空光伏技术论坛2026成功召开第七届钙钛矿、异质结与叠层电池论坛首日成功召开第六届钙钛矿、异质结与叠层电池论坛圆满结束第五届钙钛矿、异质结与叠层电池论坛圆满落幕第四届钙钛矿与叠层电池技术论坛2022成功召开！第三届钙钛矿技术、设备和材料论坛2024成功召开 钙钛矿技术、设备和材料论坛2023成功召开！2026钙钛矿与太空光伏技术、设备和材料论坛将于10月27-28日在常州召开,,,,pending
炎和科技完成数亿元融资,钙钛矿光伏,钙钛矿光伏,"RIOnews API, 钙钛矿, 全钙钛矿叠层, 柔性钙钛矿, 合作进展, 融资, 投资, 技术进展, 技术验证, 工艺优化, 量产工艺, 制备工艺",normal,2026-08-25T13:34:35+08:00,,2026钙钛矿与太空光伏技术、设备和材料论坛将于10月27-28日在常州召开。会议将探讨HJT、钙钛矿和叠层电池在太空光伏的市场机遇，大面积工业化钙钛矿与叠层电池材料体系、结构设计、制造工艺、核心设备、良率、转换效率与成本，钙钛矿与叠层电池在BIPV、消费电子、新能源汽车、光伏电站的应用方案，太空光伏硬质可折叠太阳翼与柔性可卷绕太阳翼，太空光伏HJT-钙钛矿叠层太阳翼制备工艺、测试认证、抗辐射性和长期稳定性，砷化镓、碲化镉、HJT-钙钛矿叠层太空光伏竞争格局展望等。近日，炎和科技接连完成数亿元A2+、A3、A4三轮融资，A轮总募资规模超5亿元。本次融资包括TCL旗下中环海河基金、元航资本、粤开,http://mp.weixin.qq.com/s?__biz=MzkyNTYzNjI1NQ==&mid=2247495541&idx=1&sn=e5bd4ab69b70a0677ddd7903e900d068,,2026钙钛矿与太空光伏技术、设备和材料论坛将于10月27-28日在常州召开。会议将探讨HJT、钙钛矿和叠层电池在太空光伏的市场机遇，大面积工业化钙钛矿与叠层电池材料体系、结构设计、制造工艺、核心设备、良率、转换效率与成本，钙钛矿与叠层电池在BIPV、消费电子、新能源汽车、光伏电站的应用方案，太空光伏硬质可折叠太阳翼与柔性可卷绕太阳翼，太空光伏HJT-钙钛矿叠层太阳翼制备工艺、测试认证、抗辐射性和长期稳定性，砷化镓、碲化镉、HJT-钙钛矿叠层太空光伏竞争格局展望等。近日，炎和科技接连完成数亿元A2+、A3、A4三轮融资，A轮总募资规模超5亿元。本次融资包括TCL旗下中环海河基金、元航资本、粤开,2026钙钛矿与太空光伏技术、设备和材料论坛将于10月27-28日在常州召开。会议将探讨HJT、钙钛矿和叠层电池在太空光伏的市场机遇，大面积工业化钙钛矿与叠层电池材料体系、结构设计、制造工艺、核心设备、良率、转换效率与成本，钙钛矿与叠层电池在BIPV、消费电子、新能源汽车、光伏电站的应用方案，太空光伏硬质可折叠太阳翼与柔性可卷绕太阳翼，太空光伏HJT-钙钛矿叠层太阳翼制备工艺、测试认证、抗辐射性和长期稳定性，砷化镓、碲化镉、HJT-钙钛矿叠层太空光伏竞争格局展望等。近日，炎和科技接连完成数亿元A2+、A3、A4三轮融资，A轮总募资规模超5亿元。本次融资包括TCL旗下中环海河基金、元航资本、粤开资本等知名产业投资方，上海科创基金等市场化国资机构，以及德联资本、博将资本等多家头部财务机构，顺为资本、财鑫资本、兴湘资本、联想创投等一众老股东悉数加码。凌霄资本、云道资本、兴棠资本共同担任财务顾问。本轮募集资金将同步推进消费光伏全球化布局与太空能源核心能力建设：一方面持续扩大消费级钙钛矿的全球市场覆盖，强化海外客户渗透与供应链服务能力，巩固产业化先发优势；另一方面重点投向太空光伏核心技术研发、中试平台搭建与太空能源产业生态布局，全面加速公司太空能源战略的落地进程。自2024年成立以来，炎和科技以钙钛矿技术为核心锚点，逐步构建起消费级光伏、移动能源、太空光伏三大板块协同发展的业务版图，深度契合国家“十五五”新型能源体系建设方向。在太空能源领域，炎和是行业少有的同时具备“在轨验证+真实订单”的企业，也是国内唯一全面构建“低轨-深空-月球”全场景太空能源基础设施的企业。紧扣国家“十五五”空天科技、新型能源融合创新及“能源+算力”协同发展的战略部署，布局天基能源、无线传能、深空能源配套等前沿赛道，通过系列卫星在轨试验与组网部署，落地太空光伏规模化应用、天基能源补给、天基算力供能等创新业态。秉持“能源即基建，电量即算力”的判断，炎和科技以新型光伏技术为核心打造三级协同的天基能源互联网，稳步推动业务从“单一设备供应”向“系统级能源服务”跃迁，最终构建覆盖地月空间的可持续能源生态。遵循「技术验证—工程示范—商业运营」的开发逻辑，炎和从近地轨道起步，逐步向地月空间延伸，分三个阶段稳步推进从单星供能到空间能源网络的落地：1.0阶段｜低轨星座（2026年起）：卫星能源系统解决方案供应商这一阶段的主要目标是夯实基础产能、突破核心组件技术瓶颈，实现低轨卫星能源商业化落地。重点实现高性能、大尺寸、低成本空间太阳翼规模化量产，完成整星级能源系统交付与在轨验证，搭建自主可控的核心部件供应链。2.0阶段｜轨道电站服务（2029年起）：深空在轨能源服务及空间能源网络建设商这一阶段将聚焦拓展在轨制造能力、构建能源互联生态、建成空间能源服务体系。依托自主在轨组装技术建设大型轨道能源补给平台，基于成熟的无线传能技术，实现空间能源节点互联，打造面向低轨及深空应用的持续能源保障体系。3.0阶段｜月球能源（2030年起）：月球能源基础设施综合服务商这一阶段以布局月球能源基础设施、形成深空时代长期战略纵深为目标，重要落地载体为月球“曦月”电站，将建成支撑月球基地建设、深空探测及商业探索的月面综合能源站。来源：炎和科技2026钙钛矿与太空光伏技术、设备和材料论坛将于10月27-28日在常州召开。我们诚挚邀请行业专家作以下主题的演讲报告：1. 光伏行业展望与钙钛矿和叠层电池市场分析2. HJT、钙钛矿和叠层电池在太空光伏的市场机遇3. 钙钛矿电池分布式电站与大型地面电站运行情况总结4. 钙钛矿产能展望和技术、设备与材料市场机遇5. 钙钛矿溶液涂布和干燥结晶的技术挑战与工艺优化6. 钙钛矿溶液喷墨打印技术与先进设备7. 钙钛矿电池HTL和ETL薄膜制备方案与关键设备8. 激光技术在钙钛矿电池生产中的应用9. 钙钛矿导电玻璃技术路线和供应展望10. 钙钛矿电池材料体系、界面钝化与结构调控11. 铂族金属在钙钛矿电池的应用优势与价值分析12. 钙钛矿电池的长期稳定性研究13. 全钙钛矿叠层电池竞争力分析与效率展望14. 两端叠层电池技术研发挑战与解决思路15. 平米级四端叠层组件结构设计与制造工艺16. 钙钛矿-BC三端叠层电池的优势与挑战17. 服务于晶硅-钙钛矿叠层电池的超低温固化银浆18. 服务于钙钛矿叠层组件的封装技术与封装材料19. 钙钛矿与叠层电池测试标准和测试技术20. 柔性钙钛矿太阳能电池技术研发与量产工艺21. 柔性钙钛矿电池在消费电子和可穿戴设备的应用实践22. 钙钛矿与叠层电池在BIPV与新能源汽车的市场潜力23. 低轨太空光伏的挑战：紫外辐照、粒子辐照、原子氧腐蚀及高低温交变24. 太空光伏技术路线：硬质可折叠太阳翼与柔性可卷绕太阳翼25. 40-50μm级超薄硅片与P型HJT电池的批量制造26. 太空光伏P型HJT电池抗辐射性能与轻量化潜力27. 太空光伏P型HJT-钙钛矿叠层电池制备工艺与抗辐射性和长期稳定性28. 太空光伏电池阵及电源系统集成与测试验证29. 高性能全钙钛矿叠层太阳翼优势分析30. 砷化镓、碲化镉、HJT-钙钛矿叠层太空光伏竞争格局展望第三届光伏少银/无银技术论坛2026将于9月22日在常州召开。会议将探讨光伏行业展望与少银/无银技术市场前景，银包铜粉、铜粉、镍粉和铝粉生产工艺与性能需求，银包铜浆、铜浆、银镍浆和铝浆金属化技术进展与应用实践，光伏铜电镀技术路线、设备选型、工艺难点与示范项目经验，无主栅串焊设备、胶粘剂、覆膜设备和栅线承载膜，超细线印刷技术及相匹配的先进网版与浆料等。亚化咨询会议赞助项目介绍主题演讲做一个主题演讲，介绍您的公司和业务现场展台现场展板(2m*3m)，也可展示设备、样品、资料会刊广告研讨会会刊，彩色全页广告（尺寸A4）资料入袋赞助企业的宣传册放入会议包袋现场易拉宝会场内外展示易拉宝展架礼品赞助您可以提供印有赞助商LOGO的礼品赠送参会嘉宾茶歇赞助冠名和赞助会议期间的茶歇晚宴赞助冠名和赞助会议的招待晚宴Logo展示背景墙 logo，会刊封面logo播放视频在会议茶歇、午餐期间播放贵公司的宣传视频联系我们微信/电话｜*********** （朱经理）邮箱｜ritazhu@chemweekly.com2026钙钛矿与太空光伏技术、设备和材料论坛将于10月27-28日在常州召开。,,,,pending
极电光能再签钙钛矿重磅合作,钙钛矿光伏,钙钛矿光伏,"RIOnews API, 钙钛矿, 全钙钛矿叠层, 柔性钙钛矿, 合作进展, 战略合作, 合作, 技术进展, 工艺优化, 量产工艺, 制备工艺, 前沿技术",normal,2026-08-25T13:34:35+08:00,,2026钙钛矿与太空光伏技术、设备和材料论坛将于10月27-28日在常州召开。会议将探讨HJT、钙钛矿和叠层电池在太空光伏的市场机遇，大面积工业化钙钛矿与叠层电池材料体系、结构设计、制造工艺、核心设备、良率、转换效率与成本，钙钛矿与叠层电池在BIPV、消费电子、新能源汽车、光伏电站的应用方案，太空光伏硬质可折叠太阳翼与柔性可卷绕太阳翼，太空光伏HJT-钙钛矿叠层太阳翼制备工艺、测试认证、抗辐射性和长期稳定性，砷化镓、碲化镉、HJT-钙钛矿叠层太空光伏竞争格局展望等。自今年6月与CTC国检集团于上海SNEC达成战略合作以来，极电光能钙钛矿实证工作持续深化。8月20日，公司再度与国网冀北张家口风光,http://mp.weixin.qq.com/s?__biz=MzkyNTYzNjI1NQ==&mid=2247495541&idx=2&sn=549f10cb2d306f17d92f2dfa60225f1c,,2026钙钛矿与太空光伏技术、设备和材料论坛将于10月27-28日在常州召开。会议将探讨HJT、钙钛矿和叠层电池在太空光伏的市场机遇，大面积工业化钙钛矿与叠层电池材料体系、结构设计、制造工艺、核心设备、良率、转换效率与成本，钙钛矿与叠层电池在BIPV、消费电子、新能源汽车、光伏电站的应用方案，太空光伏硬质可折叠太阳翼与柔性可卷绕太阳翼，太空光伏HJT-钙钛矿叠层太阳翼制备工艺、测试认证、抗辐射性和长期稳定性，砷化镓、碲化镉、HJT-钙钛矿叠层太空光伏竞争格局展望等。自今年6月与CTC国检集团于上海SNEC达成战略合作以来，极电光能钙钛矿实证工作持续深化。8月20日，公司再度与国网冀北张家口风光,2026钙钛矿与太空光伏技术、设备和材料论坛将于10月27-28日在常州召开。会议将探讨HJT、钙钛矿和叠层电池在太空光伏的市场机遇，大面积工业化钙钛矿与叠层电池材料体系、结构设计、制造工艺、核心设备、良率、转换效率与成本，钙钛矿与叠层电池在BIPV、消费电子、新能源汽车、光伏电站的应用方案，太空光伏硬质可折叠太阳翼与柔性可卷绕太阳翼，太空光伏HJT-钙钛矿叠层太阳翼制备工艺、测试认证、抗辐射性和长期稳定性，砷化镓、碲化镉、HJT-钙钛矿叠层太空光伏竞争格局展望等。自今年6月与CTC国检集团于上海SNEC达成战略合作以来，极电光能钙钛矿实证工作持续深化。8月20日，公司再度与国网冀北张家口风光储输新能源有限公司（以下简称“国网冀北”）举行战略合作签约仪式，开启钙钛矿多场景户外实证新篇章。此次签约，是极电光能与国网冀北从“地面”走向“多场景”合作的全面升级。今年1月，极电光能2.81㎡钙钛矿组件入驻河北张家口国家风光储输示范基地，目前已并网持续运行200余天，组件整体发电表现稳定，平均PR值（系统效率）接近100%。尤其进入夏季以来，组件发电效率不降反升，未因高温出现衰减，展现出卓越的环境适应力和稳定输出能力。基于这一地面电站的优异实证成果，双方决定进一步拓展合作边界，携手CTC国检集团，围绕不同应用场景、不同安装角度下的钙钛矿组件开展长期户外实证监测，为钙钛矿技术在实际应用场景中的大规模推广提供系统数据支撑。垂直安装，是此次多场景实证布局中备受关注的方向之一。在光电建筑、农光互补、高速公路声屏障、围栏等实际场景中，光伏组件往往需要以垂直或接近垂直的角度安装，这对组件的发电能力、弱光响应、温度特性等都提出了更高要求。作为钙钛矿产业化的全球引领者，极电光能始终聚焦前沿技术方向，以实证为尺，以场景为界，丈量钙钛矿商业化的更大纵深。值得关注的是，此次合作中的垂直安装实证场景已于近日率先落地，数据表现超乎预期：监测数据显示，极电光能钙钛矿组件在一天中形成早晚两个发电高峰，与电网负荷高峰和电价峰段高度吻合，能够有效匹配电网负荷需求。垂直安装的突破，意味着钙钛矿应用边界正被进一步打开。国网冀北光伏班负责人王海表示，选择极电光能，正是希望检验钙钛矿在真实场景中的技术成色。连日来的垂直安装发电曲线，给出了令人惊喜的答案，“这些数据给了我们很大信心”。从地面电站的稳定运行，到垂直安装场景的超预期表现，立起来的不只是组件，更是钙钛矿商业化应用的新空间。未来，双方将依托国家风光储输示范基地，充分发挥技术与资源优势，进一步推动钙钛矿技术创新与商业化应用场景拓展，引领钙钛矿产业化迈向更多元、更高价值的新阶段，为新型电力系统建设和光伏产业升级提供更有力的“极电力量”。来源：极电光能2026钙钛矿与太空光伏技术、设备和材料论坛将于10月27-28日在常州召开。我们诚挚邀请行业专家作以下主题的演讲报告：1. 光伏行业展望与钙钛矿和叠层电池市场分析2. HJT、钙钛矿和叠层电池在太空光伏的市场机遇3. 钙钛矿电池分布式电站与大型地面电站运行情况总结4. 钙钛矿产能展望和技术、设备与材料市场机遇5. 钙钛矿溶液涂布和干燥结晶的技术挑战与工艺优化6. 钙钛矿溶液喷墨打印技术与先进设备7. 钙钛矿电池HTL和ETL薄膜制备方案与关键设备8. 激光技术在钙钛矿电池生产中的应用9. 钙钛矿导电玻璃技术路线和供应展望10. 钙钛矿电池材料体系、界面钝化与结构调控11. 铂族金属在钙钛矿电池的应用优势与价值分析12. 钙钛矿电池的长期稳定性研究13. 全钙钛矿叠层电池竞争力分析与效率展望14. 两端叠层电池技术研发挑战与解决思路15. 平米级四端叠层组件结构设计与制造工艺16. 钙钛矿-BC三端叠层电池的优势与挑战17. 服务于晶硅-钙钛矿叠层电池的超低温固化银浆18. 服务于钙钛矿叠层组件的封装技术与封装材料19. 钙钛矿与叠层电池测试标准和测试技术20. 柔性钙钛矿太阳能电池技术研发与量产工艺21. 柔性钙钛矿电池在消费电子和可穿戴设备的应用实践22. 钙钛矿与叠层电池在BIPV与新能源汽车的市场潜力23. 低轨太空光伏的挑战：紫外辐照、粒子辐照、原子氧腐蚀及高低温交变24. 太空光伏技术路线：硬质可折叠太阳翼与柔性可卷绕太阳翼25. 40-50μm级超薄硅片与P型HJT电池的批量制造26. 太空光伏P型HJT电池抗辐射性能与轻量化潜力27. 太空光伏P型HJT-钙钛矿叠层电池制备工艺与抗辐射性和长期稳定性28. 太空光伏电池阵及电源系统集成与测试验证29. 高性能全钙钛矿叠层太阳翼优势分析30. 砷化镓、碲化镉、HJT-钙钛矿叠层太空光伏竞争格局展望第三届光伏少银/无银技术论坛2026将于9月22日在常州召开。会议将探讨光伏行业展望与少银/无银技术市场前景，银包铜粉、铜粉、镍粉和铝粉生产工艺与性能需求，银包铜浆、铜浆、银镍浆和铝浆金属化技术进展与应用实践，光伏铜电镀技术路线、设备选型、工艺难点与示范项目经验，无主栅串焊设备、胶粘剂、覆膜设备和栅线承载膜，超细线印刷技术及相匹配的先进网版与浆料等。亚化咨询会议赞助项目介绍主题演讲做一个主题演讲，介绍您的公司和业务现场展台现场展板(2m*3m)，也可展示设备、样品、资料会刊广告研讨会会刊，彩色全页广告（尺寸A4）资料入袋赞助企业的宣传册放入会议包袋现场易拉宝会场内外展示易拉宝展架礼品赞助您可以提供印有赞助商LOGO的礼品赠送参会嘉宾茶歇赞助冠名和赞助会议期间的茶歇晚宴赞助冠名和赞助会议的招待晚宴Logo展示背景墙 logo，会刊封面logo播放视频在会议茶歇、午餐期间播放贵公司的宣传视频联系我们微信/电话｜*********** （朱经理）邮箱｜ritazhu@chemweekly.com2026钙钛矿与太空光伏技术、设备和材料论坛将于10月27-28日在常州召开。,,,,pending
户储大会丨卡诺普重点支持2026起点户储电池生态大会8.28深圳举办！,起点锂电,起点锂电,"RIOnews API, 储能, 户储, 出货, 出货量, GWh, 投资, 海外, 出海, 发布, 落地",normal,2026-08-25T13:30:00+08:00,,2026年全球户用储能行业进入高速发展的黄金周期，在全球能源转型加速、电价持续高企、能源安全需求全面升级的多重核心驱动下，户储市场规模呈现爆发式增长态势，根据SPIR数据，2026上半年全球户储电池出货量61GWh，同比增长206%，预计全年出货量将超135GWh。起点锂电、起点储能作为新能源电池行业权威产业服务平台，长期深耕锂电与储能全产业链，聚焦户储电池技术创新、产业生态协同、供应链全球化与出海落地核心赛道，发起举办2026起点户储电池生态大会暨全球户储电池TOP排行榜发布会，2026年8月28日将于深圳宝安登喜路国际酒店2楼国际厅正式举办。大会将邀请全球户储电池产业链核心企业、顶尖技术专,http://mp.weixin.qq.com/s?__biz=MzI1MjEyODg2Mg==&mid=2649798656&idx=1&sn=e6a6d10ce957d29c5f891297ba8cc16d,,2026年全球户用储能行业进入高速发展的黄金周期，在全球能源转型加速、电价持续高企、能源安全需求全面升级的多重核心驱动下，户储市场规模呈现爆发式增长态势，根据SPIR数据，2026上半年全球户储电池出货量61GWh，同比增长206%，预计全年出货量将超135GWh。起点锂电、起点储能作为新能源电池行业权威产业服务平台，长期深耕锂电与储能全产业链，聚焦户储电池技术创新、产业生态协同、供应链全球化与出海落地核心赛道，发起举办2026起点户储电池生态大会暨全球户储电池TOP排行榜发布会，2026年8月28日将于深圳宝安登喜路国际酒店2楼国际厅正式举办。大会将邀请全球户储电池产业链核心企业、顶尖技术专,2026年全球户用储能行业进入高速发展的黄金周期，在全球能源转型加速、电价持续高企、能源安全需求全面升级的多重核心驱动下，户储市场规模呈现爆发式增长态势，根据SPIR数据，2026上半年全球户储电池出货量61GWh，同比增长206%，预计全年出货量将超135GWh。起点锂电、起点储能作为新能源电池行业权威产业服务平台，长期深耕锂电与储能全产业链，聚焦户储电池技术创新、产业生态协同、供应链全球化与出海落地核心赛道，发起举办2026起点户储电池生态大会暨全球户储电池TOP排行榜发布会，2026年8月28日将于深圳宝安登喜路国际酒店2楼国际厅正式举办。大会将邀请全球户储电池产业链核心企业、顶尖技术专家、行业决策者与投资机构，搭建技术交流、产业对接、资源协同的高端行业平台，深度探讨户储电池技术迭代方向、产业生态构建路径、供应链安全与出海全球化策略，推动全球户储电池产业高质量、可持续发展，助力全球能源转型进程。经活动组委会确认，成都卡诺普机器人技术股份有限公司作为展位赞助商（展位号：A20）重点支持2026起点户储电池生态大会暨全球户储电池TOP排行榜发布会举办，欢迎现场交流！企业简介成都卡诺普机器人技术股份有限公司 （简称“卡诺普”）成立于2012年，位于成都市成华区龙潭工业机器人产业功能区，是专业从事智能工业机器人核心零部件及成套装备研发、制造、销售和服务的高新技术企业、国家专精特新重点“小巨人”企业、四川省瞪羚企业，先后主导参与五项工业机器人国家标准的编制。卡诺普实现了工业机器人全电控硬件、软件、本体设计自主研发，广泛应用于焊接、机床上下料、折弯、抛光等领域，在机械加工、电力能源、3C电子、汽车制造等行业得到广泛应用，产品远销海外四十多个国家和地区。通过自主建设四川省企业技术中心创新平台，卡诺普加快技术攻关和创新步伐，已获得400余项有效知识产权，公司荣获国家级机械工业科学技术奖、国家级高新技术企业和省级工业设计中心等荣誉，部分技术骨干荣获“四川企业技术创新突出贡献人物”、“成都市五一劳动奖章”、“成都市智能制造生态圈领军人才”、“成华英才”等称号。起点户储电池交流群—码上入群8月28日，中国深圳，不见不散！,,,,pending
倒计时3天丨2026起点户储电池生态大会暨全球户储电池TOP排行榜发布会8.28深圳举办！,起点锂电,起点锂电,"RIOnews API, 钠离子电池, 产品发布, 首发, 发布, 发布会, 合作进展, 投资, 合作, 瑞浦兰钧, 瑞浦, 储能, 户储, 可靠性, 出货, 出货量, TOP10, 入围, 出海, 量产, 落地",normal,2026-08-25T13:30:00+08:00,,2026起点户储电池生态大会暨全球户储电池TOP排行榜发布会时间：8月28日 地址：中国 深圳一、大会基础信息活动全称：2026起点户储电池生态大会暨全球户储电池TOP排行榜发布会活动主题： 创新引领 供需重构主办单位：起点锂电、起点储能、起点研究举办时间：2026年8月28日 全天举办地点：深圳宝安登喜路国际酒店2楼国际厅协办单位：远航锦锂、上海前沿新能源电源技术研究院演讲及赞助单位名单：远航锦锂/瑞浦兰钧/赣锋锂电/海四达/古瑞瓦特/比克电池/Zoho/卡诺普/钹鑫科技/川源科技/亿鑫丰/智慧动锂/欣闪智能/启瑞达物流/约跃时代/瑞能股份/国际先进技术工程院/惠州仲恺高新区管委会等二、活动,http://mp.weixin.qq.com/s?__biz=MzI1MjEyODg2Mg==&mid=2649798656&idx=2&sn=625774d5245e53972cc930e1f7dba923,,2026起点户储电池生态大会暨全球户储电池TOP排行榜发布会时间：8月28日 地址：中国 深圳一、大会基础信息活动全称：2026起点户储电池生态大会暨全球户储电池TOP排行榜发布会活动主题： 创新引领 供需重构主办单位：起点锂电、起点储能、起点研究举办时间：2026年8月28日 全天举办地点：深圳宝安登喜路国际酒店2楼国际厅协办单位：远航锦锂、上海前沿新能源电源技术研究院演讲及赞助单位名单：远航锦锂/瑞浦兰钧/赣锋锂电/海四达/古瑞瓦特/比克电池/Zoho/卡诺普/钹鑫科技/川源科技/亿鑫丰/智慧动锂/欣闪智能/启瑞达物流/约跃时代/瑞能股份/国际先进技术工程院/惠州仲恺高新区管委会等二、活动,"2026起点户储电池生态大会暨全球户储电池TOP排行榜发布会时间：8月28日 地址：中国 深圳一、大会基础信息活动全称：2026起点户储电池生态大会暨全球户储电池TOP排行榜发布会活动主题： 创新引领 供需重构主办单位：起点锂电、起点储能、起点研究举办时间：2026年8月28日 全天举办地点：深圳宝安登喜路国际酒店2楼国际厅协办单位：远航锦锂、上海前沿新能源电源技术研究院演讲及赞助单位名单：远航锦锂/瑞浦兰钧/赣锋锂电/海四达/古瑞瓦特/比克电池/Zoho/卡诺普/钹鑫科技/川源科技/亿鑫丰/智慧动锂/欣闪智能/启瑞达物流/约跃时代/瑞能股份/国际先进技术工程院/惠州仲恺高新区管委会等二、活动背景2026年全球户用储能行业进入高速发展的黄金周期，在全球能源转型加速、电价持续高企、能源安全需求全面升级的多重核心驱动下，户储市场规模呈现爆发式增长态势，根据SPIR数据，2026上半年全球户储电池出货量61GWH，同比增长206%，预计全年出货量将超135GWH。起点锂电、起点储能作为新能源电池行业权威产业服务平台，长期深耕锂电与储能全产业链，聚焦户储电池技术创新、产业生态协同、供应链全球化与出海落地核心赛道，发起举办2026起点户储电池技术大会。起点锂电和起点储能精心筹备行业首届聚焦户储电池的生态大会--2026起点户储电池生态大会暨全球户储电池TOP排行榜发布会，大会主题为：创新引领 供需重构，旨在汇聚全球户储电池产业链核心企业、顶尖技术专家、行业决策者与投资机构，搭建技术交流、产业对接、资源协同的高端行业平台，深度探讨户储电池技术迭代方向、产业生态构建路径、供应链安全与出海全球化策略，推动全球户储电池产业高质量、可持续发展，助力全球能源转型进程，大会同期SPIR将首发全球户储电池/户储系统TOP10竞争力排行榜，为全行业提供权威数据及样本参考。三、会议议程时 间演讲主题大会开幕式09:30-09:50主办方致辞--起点研究 董事长&研究院院长 李振强09:50-10:00协办单位致辞--远航锦锂 副总经理 赵新生10:00-10:10协办单位致辞--上海前沿新能源电源技术研究院 秘书长 刘训春户储电池产业生态专场10:20-11:30惠州仲恺高新区管委会领导做招商推介--惠州仲恺高新区管委会 总经济师 唐高杰户储多场景应用电池技术方案--瑞浦兰钧 产品经理 白天娇“家电化”与""差异化”下户储的电芯产品开发思考--赣锋锂电 研发总监 占莎从本土到全球：CRM在企业国际化过程中的应用--Zoho 解决方案顾问 郭鹏不止于动力，更精于储能--远航锦锂 研发总监 陈飞全场景户用光储融合解决方案--古瑞瓦特 产品总监 袁智民11:30-12:00户储电池产业生态圆桌论坛对话议题：1.下一代户储电池技术发展趋势？2.2027年户储电池市场规模预测3.户储竞争格局变化趋势？主持人：起点研究 董事长&研究院院长 李振强对话嘉宾：古瑞瓦特 产品总监 袁智民远航锦锂 副总经理 张金刚赣锋锂电 研发总监 占莎瑞浦兰钧 产品经理 白天娇Zoho 解决方案顾问 郭鹏户储电池创新及供应链专场14:00-17:002026H1户储电池行业市场总结暨户储TOP竞争力排行榜发布会--起点研究 董事长&研究院院长 李振强户储电池规模化量产下，低露点环境控制对产品安全与寿命的价值--钹鑫科技 市场部总监 刘静钠离子电池技术在户储中的开发与应用--比克电池 电芯研发部长 胡铭昌插拔式模块化DIY产品，颠覆传统储能革命--国家石墨烯联盟 主席/国际先进技术工程院 院士 赵猛博士户用储能电池全生命周期测试方案--瑞能股份 研发总监 李海鹏基于锂电池多维度安全管理技术的应用研究--智慧动锂 董事长 牛文斌川源在户储电池生产可靠性中的思考和工作--川源科技 销售总监 尧磊从源头守护户储电池安全做储能电池安全的守门员--亿鑫丰 董事长 吴松彦议题待定--海四达17:00-17:30户储电池创新及供应链圆桌论坛对话议题：1.户储电池供不应求，供应链最大挑战是什么？2.户储电池智能制造创新与趋势？3.阳台储能和光储融合给行业带来什么机遇和挑战？主持人：亿鑫丰 董事长 吴松彦对话嘉宾：比克电池 电芯研发部长 胡铭昌智慧动锂 董事长 牛文斌川源科技 销售总监 尧磊钹鑫科技 市场部总监 刘静瑞能股份 研发总监 李海鹏国家石墨烯联盟 主席/国际先进技术工程院 院士 赵猛博士18:30-21:30答谢晚宴（定向邀请）四、报名参会参会方式①：SVIP参会：3188元人增值服务权益：1、会议期间自助午餐、茶歇2、会场座位前排台卡3、2026全球户储电池产业链地图(扫码关注起点锂电、起点储能、起点研究公众号/抖音号/视频号后领取）4、起点研究院SPIR全球户储行业运行总结PPT5、演讲企业PPT可对外6、论坛通讯录7、SVIP参会证件参会方式②：VIP参会：2188元/人增值服务权益：1、会议期间自助午餐、茶歇2、会场座位前排台卡3、2026全球户储电池产业链地图(扫码关注起点锂电、起点储能、起点研究公众号/抖音号/视频号后领取）4、起点研究院SPIR全球户储行业运行总结PPT5、演讲企业PPT可对外6、VIP参会证件参会方式③：免费（需转发本次论坛宣传文章到朋友圈，并截图上传给起点人员）增值服务权益：1、2026全球户储电池产业链地图(扫码关注起点锂电、起点储能、起点研究公众号/抖音号/视频号后领取）2、普通参会嘉宾证件【收款账号】收款单位：深圳市起点研究咨询有限公司开户行：中国农业银行深圳前进路支行银行账号：41019700040025862汇款请注明：宣传费/服务费/会议展览服务五、活动报名方式活动咨询+赞助：邱先生 ***********尧先生 ***********江先生 ***********论坛报名：于小姐 ***********张小姐 ***********媒体合作：黄小姐 ***********重磅揭晓 | 2026全球户储电池竞争力TOP10首批入围名单公示 15家龙头企业晋级点击阅读原文，即可报名参会！阅读原文创新引领 供需重构丨8月28日，鹏城相聚！",,,,pending
西安交大唐敬达教授课题组 EML: 软组织的断裂与疲劳,高分子科技,高分子科技,"RIOnews API, 聚合物新材料, 凝胶, 学术研究, 大学, 教授, 期刊",normal,2026-08-25T12:05:52+08:00,,点击上方“蓝字” 一键订阅生物软组织，如皮肤、软骨和心脏瓣膜等在体内承受长期循环载荷，具有优异的断裂和疲劳性能（图1）：心脏瓣膜在人的一生中需开合超过三十亿次；韧带需承受数百万次拉伸载荷；关节软骨需承受数十年的压缩载荷。理解软组织的断裂与疲劳机制，对于临床医学和材料科学具有深远意义。以往关于生物组织断裂的研究主要集中于硬组织，如骨骼、珍珠层和牙齿等。近年来，软组织的断裂与疲劳研究虽然取得了显著进展，但相关成果仍较为分散。近日，西安交通大学唐敬达教授课题组受邀撰写综述，系统梳理了软组织的结构功能、大变形本构，断裂和增韧机制，疲劳机理、损伤模型以及软组织病理性退化等方面的研究。相关成果以“On t,http://mp.weixin.qq.com/s?__biz=MzA5NjUyNjc5Ng==&mid=2651659273&idx=2&sn=1a24fe68498ed873e25d1be8fc4d17bb,,点击上方“蓝字” 一键订阅生物软组织，如皮肤、软骨和心脏瓣膜等在体内承受长期循环载荷，具有优异的断裂和疲劳性能（图1）：心脏瓣膜在人的一生中需开合超过三十亿次；韧带需承受数百万次拉伸载荷；关节软骨需承受数十年的压缩载荷。理解软组织的断裂与疲劳机制，对于临床医学和材料科学具有深远意义。以往关于生物组织断裂的研究主要集中于硬组织，如骨骼、珍珠层和牙齿等。近年来，软组织的断裂与疲劳研究虽然取得了显著进展，但相关成果仍较为分散。近日，西安交通大学唐敬达教授课题组受邀撰写综述，系统梳理了软组织的结构功能、大变形本构，断裂和增韧机制，疲劳机理、损伤模型以及软组织病理性退化等方面的研究。相关成果以“On t,点击上方“蓝字” 一键订阅生物软组织，如皮肤、软骨和心脏瓣膜等在体内承受长期循环载荷，具有优异的断裂和疲劳性能（图1）：心脏瓣膜在人的一生中需开合超过三十亿次；韧带需承受数百万次拉伸载荷；关节软骨需承受数十年的压缩载荷。理解软组织的断裂与疲劳机制，对于临床医学和材料科学具有深远意义。以往关于生物组织断裂的研究主要集中于硬组织，如骨骼、珍珠层和牙齿等。近年来，软组织的断裂与疲劳研究虽然取得了显著进展，但相关成果仍较为分散。近日，西安交通大学唐敬达教授课题组受邀撰写综述，系统梳理了软组织的结构功能、大变形本构，断裂和增韧机制，疲劳机理、损伤模型以及软组织病理性退化等方面的研究。相关成果以“On the fracture and fatigue of soft tissues”为题，发表在国际力学期刊《Extreme Mechanics Letters》上，收录在EML创刊十周年特刊中。综述论文第一作者为西安交通大学博士生陈曦（现为香港大学博士后），通讯作者为西安交通大学航天航空学院唐敬达教授，共同作者包括西安交通大学王铁军教授。图1. 软组织承受长期疲劳载荷【软组织层级结构】软组织可视为一种天然纤维增强材料，其力学性能主要由细胞外基质（ECM）决定。细胞外基质是填充细胞间空隙的三维网络，由胶原纤维嵌入弹性蛋白、蛋白聚糖和糖胺聚糖中构成，其中，胶原纤维是主要承载元件，被视为“生物材料的钢铁”。其精密的层级结构通过从分子到宏观尺度的组装过程实现：三个α链缠绕形成三股螺旋的原胶原分子（长约300 nm，直径1.5 nm）→自组装为胶原微纤维→聚集成胶原纤维（直径50-500 nm）→进一步形成胶原纤维束（图2）。这一层级结构赋予胶原纤维高达60-900 MPa的模量和70-400 MPa的强度。弹性纤维由无定形弹性蛋白和微纤维组成，主要提供回弹性，赋予组织在变形后恢复原始形状的能力，这对血管、肺和心脏瓣膜等反复变形的组织至关重要。糖胺聚糖和蛋白聚糖带有高密度负电荷，具有强亲水性，可结合大量水分形成水合凝胶状基质，使组织能够抵抗压缩，同时充当润滑剂并提供营养交换通道。图2. 软组织微观结构。(A)牛心包(BP)是一种胶原软组织，取自牛心脏。(B)牛心包照片。多光子显微镜图像展示了(C)胶原纤维网络和(D)弹性蛋白纤维网络的独特构型。(E)细胞外基质示意图，胶原纤维嵌入由弹性蛋白和蛋白聚糖构成的基质中。(F)胶原纤维的多层级结构。【软组织的结构-功能关系】不同软组织根据功能需求演化出独特的结构设计：皮肤真皮层具有致密、非对齐的胶原纤维网络，纤维高度卷曲且相互交织，通过纤维重定向抵抗来自不同方向的撕裂（图3）。心脏瓣膜具有三层结构：纤维层（富含密集、周向排列的胶原纤维，提供高强度）、海绵层（富含蛋白聚糖和糖胺聚糖的水合基质，提供缓冲作用）、心室层（富含弹性蛋白，使瓣膜恢复原始形状），三层协同赋予瓣膜优异的柔韧性与抗疲劳性。主动脉壁由内到外依次为内膜、中膜和外膜。内膜由内皮细胞组成，主要调节生理屏障；中膜富含弹性蛋白，通过弹性变形将脉动血流转化为平稳流动；外膜富含胶原纤维，在血压异常升高时防止血管过度扩张或破裂。关节软骨的细胞外基质富含蛋白聚糖（充当分子海绵），可捕获大量水分用于缓冲，并由胶原纤维增强提供强度。肌腱的胶原纤维高度定向排列，沿轴向提供高强度，能承受数百万次拉伸循环而无疲劳断裂。椎间盘纤维环具有15-25层同心片层结构，每层内胶原纤维高度定向，但相邻层纤维方向交替，这种结构使其能同时抵抗压缩、扭转和弯曲。图3.软组织的结构示意图与显微图像。(A)皮肤；(B)心脏瓣膜；(C)主动脉壁；(D)关节软骨；(E)肌腱；(F)纤维环。【软组织结构表征方法】为深入理解软组织的结构-性能关系，研究人员发展了多种表征技术。小角光散射（SALS）通过分析激光穿过软组织后的二维散射图案，获取组织内部微米尺度的纤维取向信息。若散射图案为圆形，则纤维在组织中随机取向；若为椭圆形，则纤维具有主导方向。小角X射线散射（SAXS）利用短波长X射线探测软组织内部纳米尺度结构，其测试装置比SALS更复杂，包括X射线源、样品台和二维X射线探测器，该方法常用于检测软组织中原纤维内的特征D-周期（约67 nm）。二次谐波（SHG）显微镜利用非中心对称材料的双光子相互作用效应，对胶原纤维微结构进行高度特异性成像，由于使用近红外光，SHG具有较大的组织穿透深度，可对厚达数百微米的组织实现深层、高分辨率成像。双光子激发荧光（TPEF）可成像弹性蛋白纤维，其原理是荧光分子吸收两个低能光子完成能级跃迁，随后发射荧光。SHG与TPEF常集成于同一多光子显微镜（MPM）中，由激发源同时从胶原纤维产生SHG信号，从弹性纤维激发TPEF信号，实现胶原纤维和弹性纤维的同时成像（图4）。图4. 软组织结构表征方法。(A)小角光散射(SALS)装置示意图。(B)软组织胶原样品中的代表性SALS散射图样。(C)小角X射线散射(SAXS)装置示意图。(D)软组织胶原样品中的代表性二维SAXS散射图样。(E)二次谐波(SHG)信号的产生原理。(F)双光子激发荧光(TPEF)信号产生原理。(G)多模态多光子显微镜(MPM)示意图，说明SHG和TPEF信号的同时产生与检测。(H)软组织的代表性MPM图像，其中胶原纤维网络由SHG信号显示，弹性蛋白纤维由TPEF信号显示。【软组织变形行为】单轴拉伸下，生物软组织多呈现J形应力-拉伸比曲线（图5）。拉伸比较小时，载荷主要由基质承担，胶原纤维处于卷曲状态，此阶段称为趾区(toe region)；随着拉伸比增加，卷曲胶原纤维逐渐解卷曲，刚度增大，此阶段称为跟区(heel region)；拉伸比较大时，几乎所有胶原纤维被拉直，组织变得非常硬。J形曲线形状因软组织不同而异，取决于其特定微结构。对于同一组织，不同加载方向的应力-伸长曲线呈现各向异性，因为胶原纤维在组织内可能具有优先取向。图5. 软组织的变形响应。(A) J形应力-拉伸比曲线示意图。(B)不同软组织在单轴拉伸试验中的J形曲线：髌腱[126]、皮肤[23]、牛心包(BP)[21]和主动脉壁[127]。(C)牛心包的三种各向异性样品。(D)牛心包的各向异性应力-拉伸比曲线。【软组织断裂行为与增韧机制】软组织卓越的断裂韧性源于其复杂的增韧机制（图6）。首先，软组织可通过应力分散抵抗裂纹扩展。例如，当带裂纹的皮肤被拉伸时，裂纹尖端不会立即扩展，而是张开、钝化并变形为椭圆形，有效分散裂尖应力。其次，拉伸预切牛心包膜时，裂尖位置的胶原纤维会发生解卷曲并沿拉伸方向重排，软基质会将胶原纤维中的高张力长距离传递，分散裂尖高应力；当裂纹发生扩展时胶原纤维会从裂纹表面逐渐拔出，形成可见的桥接区，阻止裂纹进一步张开并抵抗扩展。除纤维桥连机制外，软胶原膜还可通过水分运动经历显著体积收缩，进而影响软组织断裂韧性。软组织还具有显著的缺陷不敏感性，通过断裂-内聚长度定量评估。断裂-内聚长度代表裂尖能量耗散区的特征尺寸，断裂-内聚长度越大，材料缺陷不敏感性越高。软组织的断裂-内聚长度可达数厘米，比大多数合成软材料高一个数量级。这意味着即使存在针孔等缺陷，软组织也不会发生灾难性裂纹扩展。图6. 软组织的增韧机制。(A)胶原纤维的重排诱导裂纹钝化，重新分布局部应力集中。(B)高张力沿胶原纤维传递以分散应力，形成桥接区以抵抗裂纹扩展。(C)纤维拔出试验用于测量牛心包的牵引-分离曲线，胶原纤维的拔出长度可达10 mm。(D)水的运动导致胶原纤维形成局部增强结构，有效阻止裂纹扩展。表1. 各种软组织的断裂韧性【软组织断裂的数值模拟】为描述软组织的复杂微结构和断裂过程，研究人员开发了从分子到宏观尺度的多种数值模型。代表性模型包括内聚力模型(CZM)、扩展有限元法(XFEM)和相场法(PFM)。内聚力模型使用牵引-分离定律描述渐进失效，通过沿潜在裂纹路径嵌入内聚力单元实现。当内聚力单元内应力状态满足特定损伤起始准则时，损伤开始，随后单元刚度逐渐退化，裂纹扩展时完全失效。扩展有限元法无需预设裂纹路径，裂纹扩展方向由扩展准则控制，如最大主应力准则和最大能量释放率准则。目前已用于评估压力驱动动脉夹层和冠状动脉自发性夹层等高风险临床事件。相场法使用连续相场变量描述材料状态，在模拟裂纹分叉、裂纹合并等复杂断裂模式方面优势显著，已成功用于模拟动脉断裂、主动脉夹层和小肠壁断裂（图7）。图7. 软组织断裂的数值建模。(A)原纤维的断裂模式由两个关键分子长度尺度控制：断裂尺度xR和滑移尺度xS。(B)内聚区模型用于模拟软组织的缝线保持性能。(C)扩展有限元法用于探索自发性冠状动脉夹层与动脉粥样硬化的关系。(D)相场法用于模拟小肠壁的断裂。【软组织疲劳行为与微观机制】软组织抗疲劳性能的实验表征方法分为两大类：第一类是对完整样品施加循环载荷评估疲劳损伤；第二类是量化预切口样品的疲劳裂纹扩展。疲劳损伤方面，研究发现疲劳会在组织中引起渐进性损伤，在胶原纤维束间形成空化。宏观疲劳损伤与胶原纤维微结构相关。胶原纤维的卷曲结构对组织承受反复压缩弯曲至关重要。同时，胶原组织的疲劳损伤伴随多尺度的微观结构变化。在纤维和原纤维尺度，循环加载可诱导胶原纤维解卷曲、重定向、原纤维间滑动和原纤维组织局部破坏。疲劳裂纹扩展方面，不同软组织的疲劳阈值差异巨大，反映其不同生物功能。以牛心包为例，其表现出非凡的抗疲劳裂纹扩展能力，疲劳阈值高达4.3 kJ/m²。这一结果源于牛心包组织精妙的微结构：拉伸时软基质允许张力沿胶原纤维长距离传递，裂尖应力被分散，从而增加抵抗疲劳裂纹扩展的能力（图8）。疲劳损伤建模方面，研究人员发展了疲劳损伤模型；提出了引入应力软化参数和永久变形参数的唯象模型；以及将微观结构演化（纤维分散度、纤维刚度、残余变形）纳入疲劳损伤模型。图8.软组织的疲劳裂纹扩展。(A)裂纹扩展到纤维蛋白凝块的软区。(B)在高能量释放率下，疲劳裂纹在牛心包中扩展，偏振光显微照片可观察到被拔出的胶原束。(C)牛心包具有高疲劳耐久极限。【软组织疲劳损伤模型】疲劳损伤具有累积性，通常在数百万次循环中逐步演化，导致刚度、强度和断裂能等力学性能持续下降，这种非线性的演化过程对损伤模型构建造成较大困难。早期的各向异性损伤模型将软组织视为纤维增强复合材料，将总应变能分解为纤维贡献和基质贡献，疲劳损伤也分解为纤维损伤和基质损伤。研究人员引入应力软化参数和永久变形参数，将应变能分解为未疲劳部分的弹性能和与永久变形相关的耗散能，提出了能模拟长期疲劳的唯象模型。该模型最初假设损伤在总疲劳寿命中呈线性分布，即每个循环造成相等的微小损伤，从而预测数百万次循环后的应力软化程度和残余应变。此外，提出了基于微观结构演化的疲劳损伤唯象模型，利用原位表征技术，量化纤维分散参数随循环次数N的演化规律，将微观结构演化（纤维分散度、纤维刚度、残余变形）纳入疲劳损伤模型，不仅准确预测了20万次循环内的应力-应变响应，还表现出良好的外推能力（用40万次循环数据标定后可预测100万次循环）。通过分子探针技术，在循环加载中实时标记损伤位点，证实宏观损伤由微观胶原分子的累积解折叠驱动，且分子层面的损伤从疲劳早期即开始累积，与蠕变应变呈强相关性（图9）。图9. 软材料疲劳损伤的多尺度建模。(A)牛心包在单轴循环加载下疲劳响应的唯象模型。(B)基于微观结构演化的疲劳损伤模型。(C)宏观损伤由微观胶原分子的累积解卷曲造成。【软组织病理性退化】软组织失效不仅由被动机械载荷引起疲劳损伤，而且也包含一种主动病理性退化过程。软组织病理性退化是涉及钙化、基质降解、粘弹性改变、纤维化和疲劳损伤的广泛力化学过程。钙化是钙化矿物发生沉积，进而对软组织产生损伤的过程，例如，动脉钙化使动脉僵硬，破坏其弹性缓冲功能，增加心脏后负荷，长期可导致心室肥厚并进展为充血性心力衰竭。关节软骨钙化使软骨僵硬变脆，应力集中于矿物位置形成微裂纹，破坏软骨表面。钙化在生物瓣膜中往往更加严重，通常会发生结构性瓣膜退化。由于生物瓣膜需经戊二醛化学固定来降低免疫原性，防止严重免疫排斥和瓣膜降解。而组织残留细胞成分中富含磷脂，可作为磷酸钙晶体成核位点，同时未反应的游离醛基可通过结合钙离子或吸引带负电的磷酸复合物促进矿物沉积。此外，疲劳损伤是钙化关键驱动力，钙化优先在高压应力区域起始和发展（图10）。除钙化外，软组织还可通过基质耗竭、脱水和纤维化等方式退化，影响其断裂和抗疲劳性能。另外，辐射诱导损伤也可致组织发生慢性溃疡、纤维化、弹性丧失、细胞外基质重塑和基质刚度增加，损害皮肤变形、耗散能量和抵抗循环载荷下断裂的能力。图10. 软组织的病理性退化。(A)胶原纤维钙化示意图。(B)健康猪主动脉样品的光学照片和多光子显微镜图像。(C)中动脉钙化的三维计算机断层扫描(CT)重建图像，以及Movat五色染色的冠状动脉切片组织学图像。(D)对照培养基(COM)和钙化培养基(CAM)处理后的典型应力-拉伸比曲线。(E)未钙化软骨细胞与钙化软骨细胞的数字接触放射显影图像和茜素红染色图像。(F)肋软骨钙化前后的应力-应变曲线。(G)正常主动脉瓣与重度钙化性主动脉瓣狭窄的主动脉瓣照片。(H)牛心包矿化前后的扫描电子显微镜图像。(I)不同矿化时间下牛心包的应力-拉伸比曲线。总而言之，生物软组织卓越的断裂韧性和疲劳性能来源于其从分子到宏观尺度的多层级结构，引发一系列能量耗散，从而实现软组织的增韧与抗疲劳。另外，软组织失效不仅由疲劳加载引起，还涉及复杂的病理生理过程。其中组织钙化是导致力学性能退化的重要因素，力学损伤与病理性钙化相互加速，仍是导致组织失效的关键诱因。该综述系统整理了软组织的结构与功能、变形行为与本构模型、断裂行为和增韧机制、疲劳机理、损伤模型和数值模拟，以及软组织病理性退化等方面的研究，并指出现有研究的不足与未来发展方向；有助于深化软组织断裂与疲劳失效机理的理解，也为仿生材料、人工组织设计提供重要支撑。原文链接：https://www.sciencedirect.com/science/article/pii/S2352431626000714相关进展西安交大唐敬达教授、哈佛锁志刚教授 Mater. Today：可拉伸软材料具有超越软组织的高起裂韧性西安交大唐敬达教授、哈佛大学锁志刚教授《Sci. Adv.》: 软组织为何强韧？西安交大唐敬达教授团队 Matter：仿心脏瓣膜的柔软抗疲劳水凝胶 - 2500万次超高疲劳寿命西安交大唐敬达课题组《ACS AMI》: 三相态磁驱动微型机器人西安交大唐敬达与哈佛大学Joost J. Vlassak教授 JMPS：动态化学交联水凝胶的光可控断裂哈佛锁志刚院士与西安交大吕毅/唐敬达提出磁辅助-水凝胶粘接方法用于器官移植西安交大唐敬达与华中科大邓谦合作: 3D打印水凝胶制作的磁性软体机器人哈佛大学锁志刚院士与西安交大唐敬达副教授JMPS: 玻璃纤维织物在循环载荷下的撕裂行为研究西安交大唐敬达副教授等研发水凝胶磁热驱动变形及磁热疗技术哈佛大学锁志刚院士与西安交大唐敬达副教授《Matter》：抗疲劳复合水凝胶，模拟生物心脏瓣膜哈佛大学锁志刚教授与西安交大软机器实验室合作《JMPS》：抗疲劳橡胶弹性体西安交通大学软机器实验室研发出磁凝胶形状控制技术西安交通大学王铁军教授课题组在磁性水凝胶方面取得系列进展哈佛大学锁志刚教授课题组与西安交大软机器实验室合作研发水凝胶的可降解强韧粘接技术哈佛大学锁志刚教授课题组报道可拉伸密封层：同时实现可拉伸，低韧性和低可透性哈佛锁志刚教授课题组与西安交大软机器实验室合作《Adv. Funct. Mater.》：研发软结构复合3D打印中的强韧粘接技术 高分子科技原创文章。欢迎个人转发和分享，刊物或媒体如需转载，请联系邮箱：info@polymer.cn诚邀投稿欢迎专家学者提供稿件（论文、项目介绍、新技术、学术交流、单位新闻、参会信息、招聘招生等）至info@polymer.cn，并请注明详细联系信息。高分子科技®会及时推送，并同时发布在中国聚合物网上。欢迎加入微信群 为满足高分子产学研各界同仁的要求，陆续开通了包括高分子专家学者群在内的几十个专项交流群，也包括高分子产业技术、企业家、博士、研究生、媒体期刊会展协会等群，全覆盖高分子产业或领域。目前汇聚了国内外高校科研院所及企业研发中心的上万名顶尖的专家学者、技术人员及企业家。申请入群，请先加审核微信号PolymerChina（或长按下方二维码），并请一定注明：高分子+姓名+单位+职称（或学位）+领域（或行业），否则不予受理，资格经过审核后入相关专业群。点这里“阅读原文”，查看更多阅读原文系统梳理结构功能、大变形本构，断裂和增韧机制，疲劳机理、损伤模型…,,,,pending
厦门大学郭文熹教授、叶美丹教授团队 Nat. Commun.：离子介导水合工程-制备兼具高强度与高弹性的丝素蛋白水凝胶,高分子科技,高分子科技,"RIOnews API, 聚合物新材料, 凝胶, 学术研究, 大学, 教授, 期刊",normal,2026-08-25T12:05:52+08:00,,点击上方“蓝字” 一键订阅蛋白质水凝胶因其优异的生物相容性和可降解性而受到广泛关注，然而其实际应用仍受限于力学性能不足及脱水导致的失效问题。水凝胶的力学行为依赖于高分子网络与水分子之间的动态相互作用，而其水合状态则直接关系到分子链段的运动能力及整体结构稳定性。适当的水合环境有助于润滑高分子链并耗散形变能量，但水凝胶内部大量自由水易挥发流失，这正是造成材料力学性能衰减及长期使用失效的关键因素。近日，厦门大学郭文熹教授和叶美丹教授团队提出了一种离子介导水合工程（IMHE）策略，通过调控水凝胶内部的水分状态，实现对材料性能的有效调节。该策略利用脱水与再水化过程，重塑丝素蛋白水凝胶中的水合状态。基于此,http://mp.weixin.qq.com/s?__biz=MzA5NjUyNjc5Ng==&mid=2651659273&idx=3&sn=8c8f47486769e8454e844cf1cc442e15,,点击上方“蓝字” 一键订阅蛋白质水凝胶因其优异的生物相容性和可降解性而受到广泛关注，然而其实际应用仍受限于力学性能不足及脱水导致的失效问题。水凝胶的力学行为依赖于高分子网络与水分子之间的动态相互作用，而其水合状态则直接关系到分子链段的运动能力及整体结构稳定性。适当的水合环境有助于润滑高分子链并耗散形变能量，但水凝胶内部大量自由水易挥发流失，这正是造成材料力学性能衰减及长期使用失效的关键因素。近日，厦门大学郭文熹教授和叶美丹教授团队提出了一种离子介导水合工程（IMHE）策略，通过调控水凝胶内部的水分状态，实现对材料性能的有效调节。该策略利用脱水与再水化过程，重塑丝素蛋白水凝胶中的水合状态。基于此,点击上方“蓝字” 一键订阅蛋白质水凝胶因其优异的生物相容性和可降解性而受到广泛关注，然而其实际应用仍受限于力学性能不足及脱水导致的失效问题。水凝胶的力学行为依赖于高分子网络与水分子之间的动态相互作用，而其水合状态则直接关系到分子链段的运动能力及整体结构稳定性。适当的水合环境有助于润滑高分子链并耗散形变能量，但水凝胶内部大量自由水易挥发流失，这正是造成材料力学性能衰减及长期使用失效的关键因素。近日，厦门大学郭文熹教授和叶美丹教授团队提出了一种离子介导水合工程（IMHE）策略，通过调控水凝胶内部的水分状态，实现对材料性能的有效调节。该策略利用脱水与再水化过程，重塑丝素蛋白水凝胶中的水合状态。基于此方法制备的HSF‑MIN水凝胶展现出优异的综合性能：抗压强度提升达186倍（至5.6 MPa），可在接近100%压缩变形下保持结构完整，兼具超弹性和低力学滞后（研究成果以“Water-state control unlocks durable and elastic silk fibroin hydrogels”为题发表于《Nature Communications》。图1展示了离子介导水合工程（IMHE）策略的设计思路与制备流程。首先，通过冷冻干燥去除丝素蛋白水凝胶中的水分；随后，利用高吸湿性盐离子的强结合能，从空气中重新捕获水分，将不稳定的自由水转化为更稳定的结合水。这一“先排后补”的处理过程有效促进了丝素蛋白分子链的充分缠结，形成了致密的链缠结网络，从而显著提升材料的抗压强度；同时，链段运动能力得以保留，使水凝胶在具备高强度的同时兼具良好的弹性。图2聚焦于策略处理过程中水存在状态的变化，研究通过多尺度表征对水凝胶中的水状态进行了系统分析。拉曼光谱与低场核磁共振结果表明，HSF‑MIN中自由水的特征峰几乎完全消失，表明其内部水分趋于更稳定的状态。差示扫描量热测试提供了更直接的证据：未改性的HSF‑MAX出现明显的吸热峰，主要归因于样品内部自由水的相变（图2e）；而HSF‑MIN的热流曲线近乎平直，未检测到显著吸热信号。综合以上结果，HSF‑MIN凝胶内部几乎不含自由水，原有自由水已转变为由离子锚定的稳定非冻结结合水（图2f）。图3展示了水凝胶的压缩性能表征结果。标准压缩测试表明，原始HSF‑MAX与HSF‑AVG的最大压缩极限分别不超过60%和80%；而HSF‑MIN在90%压缩应变下仍能保持结构完整，卸载后可几乎完全恢复初始形态，甚至可承受接近100%的压缩变形。其抗压强度达5.6 MPa，较HSF‑MAX提升186倍，较HSF‑AVG提升12.7倍。在抗疲劳性能方面，HSF‑MAX因自由水迁移与挥发，循环加载过程中的力学曲线波动显著，抗疲劳能力较差。相比之下，HSF‑MIN得益于体系中稳定存在的结合水，可稳定完成5000次压缩循环，应力保持率高达98%，残余应变仅为0.6%，能量损耗系数低于0.016，展现出优异的超弹性和抗疲劳特性。上述性能提升可能归因于水分子状态调控的双重作用：一方面，促进丝素蛋白分子链相互靠近，形成致密的分子缠结网络，从而提高抗压强度；另一方面，稳定的水合环境有效保障了水凝胶在长期使用中的力学稳定性。图4探究了IMHE策略对水凝胶性能的调控规律，并对多种盐离子处理所得X‑HSF‑MIN进行了对比研究。结果表明，各类盐离子均对丝素蛋白水凝胶产生盐析作用，但最终力学性能差异显著。经NaCl、KCl、(NH4)2SO4处理的凝胶出现明显力学滞后与不可逆塑性形变；而ZnCl₂、LiCl、MgCl₂、CaCl₂处理后，凝胶弹性显著提升。密度泛函理论（DFT）计算证实，性能差异源于离子水合能力的区别：Na⁺、K⁺、NH₄⁺属弱水合离子，与水分子结合能低；而Li⁺、Ca²⁺、Mg²⁺、Zn²⁺具有优异的水分子结合能力，可牢固锁定凝胶内部水分，稳定丝素蛋白网络结构。其中，Ca²⁺处理的水凝胶在自然环境中放置380天后仍保持超高回弹性能，展现出优异的长期超弹性。结合 XPS、红外光谱与 DFT 计算进一步揭示离子差异性作用机制：Na⁺、K⁺离子半径大、电荷密度低，与丝素蛋白羰基氧的离子‑偶极相互作用较弱，对水分子结合能力不足，无法有效捕获空气中的水分。相比之下，Ca²⁺、Li⁺电荷密度更高，可与丝素蛋白的羰基氧形成稳定配位键，调控并稳定蛋白链结构；同时与水分子的强相互作用抑制了过度β‑折叠的生成，维持凝胶内部稳定的水合状态，从而保障材料的结构构象稳定性，实现宏观力学性能的长期稳定与高弹性保持。该研究提出了一种离子介导水合工程（IMHE）策略，实现了丝素蛋白水凝胶内部水分状态的调控。该方法将凝胶内部不稳定的自由水有效转化为稳定的结合水，稳固丝素蛋白网络的多级微观结构。调控后的丝素蛋白水凝胶兼具优异的综合力学性能与长期稳定性，可实现超 95% 的压缩形变、5.6 MPa 的高抗压强度，且能够维持长达一年的稳定水合状态。依托优异的低滞后力学特性与结构稳定性，该水凝胶可稳定应用于长期压力传感与表皮电子的应用场景。此外，IMHE 策略在明胶水凝胶体系中同样适用，具备良好的普适性，为高性能、长寿命柔性水凝胶器件的开发提供了通用的调控范式。论文链接：https://www.nature.com/articles/s41467-026-76855-z 相关进展厦门大学郭文熹团队《Nano Energy》: 基于元音数对编码的类皮肤指环助力人机交互厦门大学郭文熹教授课题组和重庆大学刘玉菲教授合作 AFM：一种对压力和高频振动灵敏的丝蛋白/聚丙烯酰胺基类皮肤触觉传感器厦门大学郭文熹/刘向阳教授课题组《Adv. Funct. Mater.》：在可拉伸耐高温蛋白基电子皮肤上取得进展厦门大学叶美丹/曹学正 Adv. Mater.：基于阳离子特异性调控的强韧水-气凝胶用于具有超高稳定性的多功能传感和准固态电解质厦门大学叶美丹教授团队 CEJ：默克尔细胞启发的类皮肤混合水凝胶用于可穿戴健康监测厦门大学叶美丹副教授课题组在柔性可拉伸多功能蚕丝水凝胶上取得新进展 高分子科技原创文章。欢迎个人转发和分享，刊物或媒体如需转载，请联系邮箱：info@polymer.cn诚邀投稿欢迎专家学者提供稿件（论文、项目介绍、新技术、学术交流、单位新闻、参会信息、招聘招生等）至info@polymer.cn，并请注明详细联系信息。高分子科技®会及时推送，并同时发布在中国聚合物网上。欢迎加入微信群 为满足高分子产学研各界同仁的要求，陆续开通了包括高分子专家学者群在内的几十个专项交流群，也包括高分子产业技术、企业家、博士、研究生、媒体期刊会展协会等群，全覆盖高分子产业或领域。目前汇聚了国内外高校科研院所及企业研发中心的上万名顶尖的专家学者、技术人员及企业家。申请入群，请先加审核微信号PolymerChina（或长按下方二维码），并请一定注明：高分子+姓名+单位+职称（或学位）+领域（或行业），否则不予受理，资格经过审核后入相关专业群。点这里“阅读原文”，查看更多阅读原文一种离子介导水合工程策略，实现了丝素蛋白水凝胶内部水分状态的调控...,,,,pending
中山大学吴进团队《Adv. Mater.》综述：水凝胶界面的主动康复系统 - 从材料设计与架构到临床应用,高分子科技,高分子科技,"RIOnews API, 聚合物新材料, 凝胶, 学术研究, 大学, 教授, 期刊",normal,2026-08-25T12:05:52+08:00,,"点击上方“蓝字” 一键订阅近日，中山大学电子与信息工程学院（光电材料与技术国家重点实验室）吴进副教授团队联合中山大学附属第一医院康复医学科余秋华教授、西北工业大学陶凯教授、南京工业大学霍峰蔚教授等团队，在期刊《Advanced Materials》上发表题为""Hydrogel-Interfaced Active Rehabilitation System: From Materials Design and Architecture to Applications"" 的综述论文。该工作首次系统性地构建了""水凝胶界面的主动康复系统""这一完整研究框架，从材料设计、系统架构到临床应用三个层面，全面梳",http://mp.weixin.qq.com/s?__biz=MzA5NjUyNjc5Ng==&mid=2651659273&idx=4&sn=cea167e4a98a5a56a17c48afba06c126,,"点击上方“蓝字” 一键订阅近日，中山大学电子与信息工程学院（光电材料与技术国家重点实验室）吴进副教授团队联合中山大学附属第一医院康复医学科余秋华教授、西北工业大学陶凯教授、南京工业大学霍峰蔚教授等团队，在期刊《Advanced Materials》上发表题为""Hydrogel-Interfaced Active Rehabilitation System: From Materials Design and Architecture to Applications"" 的综述论文。该工作首次系统性地构建了""水凝胶界面的主动康复系统""这一完整研究框架，从材料设计、系统架构到临床应用三个层面，全面梳","点击上方“蓝字” 一键订阅近日，中山大学电子与信息工程学院（光电材料与技术国家重点实验室）吴进副教授团队联合中山大学附属第一医院康复医学科余秋华教授、西北工业大学陶凯教授、南京工业大学霍峰蔚教授等团队，在期刊《Advanced Materials》上发表题为""Hydrogel-Interfaced Active Rehabilitation System: From Materials Design and Architecture to Applications"" 的综述论文。该工作首次系统性地构建了""水凝胶界面的主动康复系统""这一完整研究框架，从材料设计、系统架构到临床应用三个层面，全面梳理了导电复合水凝胶赋能主动康复的最新进展，并对该领域面临的挑战与未来方向作出前瞻性展望。中山大学研究生陈浩锋为论文第一作者，吴进副教授、余秋华教授、陶凯教授为共同通讯作者。图1基于水凝胶界面的主动康复系统的发展历程康复医学是现代医疗应对疾病、创伤与老龄化所带来功能损伤的重要治疗手段。据世界卫生组织 2021 年统计，全球约有 24 亿人（约占全球人口的三分之一）因疾病、创伤或年龄相关衰退需要康复服务，其中超过 60% 的患者存在运动功能障碍，如脑卒中后偏瘫、脊髓损伤、退行性骨关节病和慢性疼痛综合征等。与此同时，糖尿病、心脑血管疾病和肥胖在年轻人群中发病率持续上升，进一步加剧了康复医疗的供需矛盾。然而，传统被动康复治疗由设备机械驱动患者肢体，因缺乏患者主动参与而限制了神经可塑性与功能恢复。为此，临床实践正逐步转向 ""主动康复""——一种以患者自主运动意图为信号源、以算法解读意图、以实时干预反馈的""感知—决策—执行""双向闭环范式。但高质量的主动康复目前仍高度依赖医院内的大型设备，训练频率低、可及性差。如何将这一闭环""搬出医院、嵌入日常生活""，成为制约康复医学发展的关键瓶颈。可穿戴传感器被视为构建主动康复闭环的理想载体。但传统柔性传感器多通过在弹性基底上涂覆或印刷碳纳米管、银纳米线等导电纳米材料制成，导电层与柔性基底之间界面相互作用不足，在大应变下易发生滑移或分层，严重收窄应变响应窗口、劣化长期稳定性。相比之下，导电复合水凝胶凭借三维亲水网络、与软组织匹配的模量（kPa–MPa）、高拉伸性和多模态传感能力，被视为新一代柔性可穿戴传感器的理想平台，成为连接生物组织与数字化医疗系统的理想""电子界面""。图2 基于水凝胶界面的主动康复系统：从材料设计、器件构型到应用研究针对传统水凝胶在长期佩戴中易引发皮肤刺激、动态关节运动下力学韧性差、极端环境下易冻结脱水、出汗皮肤上难以稳定粘附、导电性不足等缺陷，论文系统归纳了面向主动康复需求的水凝胶性能增强策略，即生物相容性、力学性能、环境耐受性、自粘附性与导电性五大维度。在力学方面，作者总结了双网络拓扑、分子滑环、缠结结构等设计如何突破传统水凝胶的力学瓶颈；在环境耐受性方面，梳理了抗冻与保湿策略。论文强调，这五大性能共同构成了主动康复系统的材料基础，任何一环的缺失都会破坏闭环的稳定运行。论文系统界定了水凝胶界面主动康复系统的分层架构。感知层负责将""人体""数字化为""数据""，涵盖力学感知、电生理感知、生化感知、热感知与多模态感知五大模态；决策层通过数据重构、人工智能模式识别、时序预测与个性化决策（数字孪生）实现对运动意图的精准解读；执行层则通过运动辅助、神经肌肉调控与感觉反馈三种方式完成""闭环""。图3 水凝胶界面交互系统的端到端闭环集成论文还重点梳理了两个已实现的端到端闭环系统：基于深共晶凝胶的肩痛闭环光热治疗系统（CNN 分类准确率超 96%，水凝胶兼具传感与光热介质双重角色），以及基于 PVA 电子皮肤的自供能多模态闭环系统（LSTM + 1D-CNN 对十种手势识别准确率达 97.57%，实现机器人操控与触觉反馈），有力论证了""感知—执行""闭环架构已从概念走向系统级实现。在应用层面，论文围绕三类代表性场景展开：上肢与下肢运动功能康复（如帕金森手部抓握训练、脑卒中手功能康复气动手套、动态下肢监测与踝关节韧带评估等）、吞咽、语言与认知康复（喉部活动监测、无声言语解码、手语翻译、空间认知训练等），以及神经、骨与肌腱再生（深脑癫痫干预、周围神经修复、骨缺损再生等），并对各类系统的感知信号类型、干预方式与闭环状态进行了系统对比。图4 基于水凝胶界面的主动康复系统的挑战和展望论文最后凝练了该领域走向临床转化面临的四大挑战：动态康复环境下的信号解耦与保真度、多维材料性能之间的权衡、能量自给与规模化制造、以及临床验证缺口与评价标准缺失。围绕这些瓶颈，作者展望了AI驱动的个性化康复（数字孪生）、变刚度水凝胶、自供能单片集成与标准化评测体系四大前沿方向，并坚信在材料科学、柔性可穿戴电子与人工智能的深度融合下，智能闭环平台终将突破传统医疗的时空边界，为全球患者带来更普惠、更个性化、更高效的数字化医疗新范式。论文链接：https://doi.org/10.1002/adma.74742点击下方“阅读原文”可下载该篇论文。相关进展中大吴进/南工大霍峰蔚教授 AFM：基于皮革复合材料脉搏传感阵列的连续、准确和无线血压监测系统中山大学吴进等 AFM：基于坚韧可降解皮革水凝胶的自供电、超灵敏柔性H₂S气体传感器中山大学吴进等 AFM：基于共形生物粘附水凝胶的多模态腕带传感系统用于精准实时手语翻译与人机交互中山大学吴进 AFM：离子凝胶传感器用于无线痕量氧检测中大吴进/南工大霍峰蔚 AM：基于智能自适应水凝胶的自供电可逆切换气湿双功能柔性化学传感器中山大学吴进等 AFM：用于呼吸识别和非接触式人机交互的均匀快速响应湿度场传感阵列的可扩展制备中山大学吴进等 AFM：全拉伸不敏感的全凝胶多模态自解耦电子皮肤用于感官增强中山大学吴进等 AFM：基于定制裂纹设计的超灵敏透气水凝胶纤维应变传感器及无线手语识别应用中山大学吴进等 NML：AI增强和硬件支持的多模态电子皮肤用于环境物体识别和无线有毒气体报警中山大学吴进等 ACS Nano：水凝胶网络及其与电极界面的原位结构致密化用于高性能多模态人工皮肤中大吴进/南工霍峰蔚/川大张晟 AFM：一种基于水凝胶微结构的透气、可拉伸和自校准的多模态电子皮肤及无线穿戴式应用中山大学吴进/西北工业大学陶凯 AM：基于高性能水凝胶传感的多模态高精度人机交互系统并应用于主动康复中山大学吴进/五邑大学吴子轩 AFM：用于健康和环境监测的抗湿度干扰、可拉伸水凝胶基无线氧气传感器中山大学吴进 Nat. Commun.：用于痕量生物标志物检测的自供电、可拉伸的气体传感器设计中山大学吴进课题组 NML综述：用于可穿戴健康监测的智能复合水凝胶工程中山大学吴进 AFM：自供能可穿戴的水凝胶贴片用于超灵敏气体检测中山大学吴进课题组《Adv. Sci.》：用于可穿戴人机交互的有机水凝胶微球薄膜高性能应变传感器中山大学吴进课题组《Nano-Micro Lett.》：室温下具有高性能的可自修复、自粘附和稳定的有机水凝胶基可拉伸氧气传感器中山大学吴进课题组 Nano-Micro Lett.：用于无线呼吸检测的可拉伸透明水凝胶薄膜基湿度传感器中山大学吴进《Mater. Horiz.》：水凝胶基可拉伸、室温工作的NO2传感器及机理中山大学吴进Small：离子导电水凝胶基可拉伸、自愈合、透明、高灵敏度和选择性的室温NO₂气体传感器中山大学吴进课题组《Mater. Horiz.》：高度可拉伸，自修复和抗干燥的双网络有机水凝胶湿度传感器 高分子科技原创文章。欢迎个人转发和分享，刊物或媒体如需转载，请联系邮箱：info@polymer.cn诚邀投稿欢迎专家学者提供稿件（论文、项目介绍、新技术、学术交流、单位新闻、参会信息、招聘招生等）至info@polymer.cn，并请注明详细联系信息。高分子科技®会及时推送，并同时发布在中国聚合物网上。欢迎加入微信群 为满足高分子产学研各界同仁的要求，陆续开通了包括高分子专家学者群在内的几十个专项交流群，也包括高分子产业技术、企业家、博士、研究生、媒体期刊会展协会等群，全覆盖高分子产业或领域。目前汇聚了国内外高校科研院所及企业研发中心的上万名顶尖的专家学者、技术人员及企业家。申请入群，请先加审核微信号PolymerChina（或长按下方二维码），并请一定注明：高分子+姓名+单位+职称（或学位）+领域（或行业），否则不予受理，资格经过审核后入相关专业群。点这里“阅读原文”，查看更多阅读原文首次系统性地构建了\x26quot;水凝胶界面的主动康复系统\x26quot;这一完整研究框架...",,,,pending
西北师范大学王向兵、雷自强教授团队 Adv. Mater.：分子锁盐筑“热路” - 实现高效大气集水,高分子科技,高分子科技,"RIOnews API, 聚合物新材料, 凝胶, 学术研究, 大学, 教授, 科学院, 期刊",normal,2026-08-25T12:05:52+08:00,,点击上方“蓝字” 一键订阅大气集水技术能够直接从空气中获取淡水，是缓解缺水问题的重要技术方向。然而，高吸湿性的盐类材料容易潮解泄漏，而传统凝胶内部传热较慢，又限制了吸附水的快速释放。如何同时实现吸湿盐的稳定固定与材料内部热量的高效传递，成为提升大气集水材料性能的关键问题。针对这一难题，雷自强教授团队围绕吸湿盐锁定和凝胶高效传热开展研究，提出“锁盐-对齐”协同策略，构建了一种兼具锁盐、快速吸湿和高效太阳能释水的D-HKPB@LiCl复合凝胶。该成果以“Electrostatic Coordination SaltLocking and Anisotropic Thermal Highways f,http://mp.weixin.qq.com/s?__biz=MzA5NjUyNjc5Ng==&mid=2651659273&idx=1&sn=13e71d78e9c6d758f84333d8d970a457,,点击上方“蓝字” 一键订阅大气集水技术能够直接从空气中获取淡水，是缓解缺水问题的重要技术方向。然而，高吸湿性的盐类材料容易潮解泄漏，而传统凝胶内部传热较慢，又限制了吸附水的快速释放。如何同时实现吸湿盐的稳定固定与材料内部热量的高效传递，成为提升大气集水材料性能的关键问题。针对这一难题，雷自强教授团队围绕吸湿盐锁定和凝胶高效传热开展研究，提出“锁盐-对齐”协同策略，构建了一种兼具锁盐、快速吸湿和高效太阳能释水的D-HKPB@LiCl复合凝胶。该成果以“Electrostatic Coordination SaltLocking and Anisotropic Thermal Highways f,"点击上方“蓝字” 一键订阅大气集水技术能够直接从空气中获取淡水，是缓解缺水问题的重要技术方向。然而，高吸湿性的盐类材料容易潮解泄漏，而传统凝胶内部传热较慢，又限制了吸附水的快速释放。如何同时实现吸湿盐的稳定固定与材料内部热量的高效传递，成为提升大气集水材料性能的关键问题。针对这一难题，雷自强教授团队围绕吸湿盐锁定和凝胶高效传热开展研究，提出“锁盐-对齐”协同策略，构建了一种兼具锁盐、快速吸湿和高效太阳能释水的D-HKPB@LiCl复合凝胶。该成果以“Electrostatic Coordination SaltLocking and Anisotropic Thermal Highways for LeakageFree Atmospheric Water Harvesting”为题发表在材料科学领域顶级期刊Advanced Materials上。西北师范大学为论文唯一通讯单位。本文第一作者为西北师范大学博士后王向兵，通讯作者为彭辉教授、朱国锋教授和雷自强教授。图1. “锁盐-对齐”协同策略及主动冷凝大气集水装置示意图图2. 吸湿盐泄漏机制及KC硫酸根配位“锁盐”理论分析研究团队首先从分子尺度揭示了盐泄漏的热力学根源。理论计算表明，传统羟丙基纤维素（HPC）网络对Li+的束缚较弱，高湿环境下水分子容易参与竞争并导致盐迁移。因此，研究团队引入带有硫酸根的κ-卡拉胶（KC），利用KC与Li+之间更强的特异性配位作用，将吸湿盐稳定锚定在聚合物网络中，从分子层面抑制盐泄漏。图3. 分子模拟及“锁盐”机制验证分子模拟与循环实验进一步验证了这一策略。KC的引入显著降低了Li+的迁移能力，使材料在反复吸湿-释水过程中仍保持良好的结构和性能稳定性。图4. D-HKPB@LiCl复合凝胶的材料设计与层级结构构筑为解决凝胶内部热量传递缓慢的问题，研究团队将聚多巴胺包覆的氧化氮化硼PDA@BNO引入HPC/KC网络，并通过定向冻结构筑垂直排列的多孔结构。其中，KC负责“锁盐”，定向排列的PDA@BNO则形成连续的各向异性导热通道，同时为水蒸气传输提供更短路径。图5. D-HKPB@LiCl的结构表征与定向微通道XPS、TEM、FTIR、XRD和SEM等表征结果证明了PDA@BNO的成功构筑、Li+与KC之间的配位作用，以及材料内部垂直排列微通道的形成。图6. 大气水捕获性能及多阶段吸湿机制得益于稳定的吸湿盐活性位点和开放的定向孔道，D-HKPB@LiCl在30%-90% RH下的吸水量达到0.91-4.32 g g-1。水分首先被Li+等活性位点捕获，随后通过氢键作用和化学势梯度向材料内部迁移，实现高效储水。图7. 各向异性导热增强与太阳能驱动快速释水性能在释水阶段，定向PDA@BNO构建的“导热高速公路”显著提升了热量向材料内部的传递效率，材料面外导热系数达到0.49 W m-1 K-1。同时，PDA赋予材料优异的太阳光吸收能力，在1 Sun照射下实现快速升温和释水，最大脱附速率达到3.1 kg m-2 h-1。图8. 主动冷凝装置及兰州冬季全天候户外集水测试为进一步提高实际集水效率，研究团队设计了侧壁主动冷凝装置，将高温蒸发区与低温冷凝区分离，促进水蒸气快速冷凝。在兰州冬季户外测试中，即使夜间平均温度仅4.3 ℃、平均相对湿度为62.8%，材料仍可实现1.56 g g-1的吸湿量；在较低太阳辐照条件下，最终获得0.78 g g-1的淡水。连续5个循环后，系统仍保持稳定运行。该研究通过“分子锁盐-结构定向-器件主动冷凝”多尺度协同设计，解决了盐泄漏、传热不足和冷凝效率低等瓶颈，为全天候大气集水提供了新思路。未来，团队将聚焦材料性能优化与规模化推广，拓展极端气候适用性，降低成本，推进集水设备迭代升级，向“低成本、高效率、长寿命”方向持续迈进，为农业用水和绿色可持续发展贡献力量。该成果得到国家自然科学基金（U23A20582，42371040）、国家重点研发计划（2022YFB4202100）等资助。原文链接：https://doi.org/10.1002/adma.74757作者简介：向上滑动阅览王向兵，西北师范大学博士后。研究聚焦于可降解材料体系设计与保水、集水材料创新，在生态环境功能材料领域取得系列一系列成果。目前以第一作者身份在Adv Mater、Adv Funct Mater、Environ Sci Technol、Small等国际权威期刊发表多篇SCI论文；申请3项国家发明专利（1项授权专利）；编撰英文学术专著1章；获批中国博士后科学基金第79批面上资助项目。彭辉，西北师范大学教授、博导。主要从事生态功能材料、新能源材料方面的研究工作，包括高分子凝胶保水，集水材料、聚合物基低维碳纳米材料、多功能凝胶电解质的制备及新型电化学能源器件的设计研究。迄今，在Adv Mater.、Chem. Soc. Rev.、Adv. Funct. Mater.、ACS Nano、Energy Storage Mater.等国际知名期刊以第一作者/通讯作者发表SCI论文80余篇。近年来，主持国家自然科学基金项目2项，甘肃省杰出青年基金项目1项，甘肃省教育厅产业支撑计划项目1项等。荣获甘肃省自然科学二等奖（2015年，2025年）和甘肃省自然科学三等奖（2022年）等。朱国锋，西北师范大学教授，博导。主要从事水文与水资源，自然资源监测与区划方面的研究。主持多项国家自然科学基金、国家基础研究项目子课题、国家重点研发计划子课题、农业农村部农情监测项目。发表学术论文200余篇，出版学术专著5部，授权各类专利40余件。曾获中国农业区划一等奖（排名第9）、甘肃省自然科学奖（排名第1）、中国地理学会科普先进集体奖（排名第1）、甘肃省高校科技进步奖（排名第1）。入选斯坦福全球前2%顶尖科学家、甘肃省领军人才、中国科学院“西部之光”青年人才。雷自强，西北师范大学教授，博导。全国优秀教师，享受国务院政府特殊津贴。主要从事功能高分子和生态高分子材料等领域的研究工作，先后承担国家重点基础研究前期研究专项（973专项）1项、教育部创新团队项目2项、国家自然科学基金项目7项（包括区域创新发展联合基金重点支持项目1项）。在Advanced Materials, Applied Catalysis B: Environmental, Energy Storage Materials, ACS Nano及《科学通报》等发表论文近500篇，他引17000余次（H-index: 68），出版学术专著1部，合编著作3部，获授权发明专利109项。点击下方“阅读原文”可下载该篇论文。相关进展西北师范大学彭辉、马国富教授团队 ES&T: 让空气直接浇灌庄稼西北师范大学彭辉、马国富教授团队 Small：高光热转换气凝胶用于大气集水中国海洋大学徐晓峰教授团队 AFM：DLP打印TPMS结构吸湿矩阵实现高效大气水收集浙江师范大学贲腾教授团队 Angew：利用金属有机框架预交联策略构建大孔水凝胶实现高效大气水收集高分子科技原创文章。欢迎个人转发和分享，刊物或媒体如需转载，请联系邮箱：info@polymer.cn诚邀投稿欢迎专家学者提供稿件（论文、项目介绍、新技术、学术交流、单位新闻、参会信息、招聘招生等）至info@polymer.cn，并请注明详细联系信息。高分子科技®会及时推送，并同时发布在中国聚合物网上。欢迎加入微信群 为满足高分子产学研各界同仁的要求，陆续开通了包括高分子专家学者群在内的几十个专项交流群，也包括高分子产业技术、企业家、博士、研究生、媒体期刊会展协会等群，全覆盖高分子产业或领域。目前汇聚了国内外高校科研院所及企业研发中心的上万名顶尖的专家学者、技术人员及企业家。申请入群，请先加审核微信号PolymerChina（或长按下方二维码），并请一定注明：高分子+姓名+单位+职称（或学位）+领域（或行业），否则不予受理，资格经过审核后入相关专业群。点这里“阅读原文”，查看更多阅读原文一种兼具锁盐、快速吸湿和高效太阳能释水的D-HKPB@LiCl复合凝胶...",,,,pending
太原理工大学黄棣教授团队 Adv. Mater.：双阶段结晶动力学调控破解水凝胶强度-含水量权衡难题,高分子科技,高分子科技,"RIOnews API, 聚合物新材料, 凝胶, 学术研究, 大学, 教授, 期刊",normal,2026-08-25T12:05:52+08:00,,点击上方“蓝字” 一键订阅近日，太原理工大学黄棣教授团队在材料领域国际顶级期刊《Advanced Materials》发表题为“Engineering Cartilage-Like PVA Hydrogels: Dual-stage Crystallization Kinetics Regulations Overcome the Strength-Water Content Trade-off”的研究论文。硕士研究生李军为论文第一作者，黄棣教授、桑胜波教授和兰伟伟副教授为论文共同通讯作者。陈维毅教授对本工作给予重要指导和支持，硕士生邓希、张闯，山西医科大学魏俊超讲师参与了该项研究。关节软骨具,http://mp.weixin.qq.com/s?__biz=MzA5NjUyNjc5Ng==&mid=2651659273&idx=6&sn=294a714937e40fd53ed5b83f1f1b7cbf,,点击上方“蓝字” 一键订阅近日，太原理工大学黄棣教授团队在材料领域国际顶级期刊《Advanced Materials》发表题为“Engineering Cartilage-Like PVA Hydrogels: Dual-stage Crystallization Kinetics Regulations Overcome the Strength-Water Content Trade-off”的研究论文。硕士研究生李军为论文第一作者，黄棣教授、桑胜波教授和兰伟伟副教授为论文共同通讯作者。陈维毅教授对本工作给予重要指导和支持，硕士生邓希、张闯，山西医科大学魏俊超讲师参与了该项研究。关节软骨具,"点击上方“蓝字” 一键订阅近日，太原理工大学黄棣教授团队在材料领域国际顶级期刊《Advanced Materials》发表题为“Engineering Cartilage-Like PVA Hydrogels: Dual-stage Crystallization Kinetics Regulations Overcome the Strength-Water Content Trade-off”的研究论文。硕士研究生李军为论文第一作者，黄棣教授、桑胜波教授和兰伟伟副教授为论文共同通讯作者。陈维毅教授对本工作给予重要指导和支持，硕士生邓希、张闯，山西医科大学魏俊超讲师参与了该项研究。关节软骨具有高含水率、低摩擦和承载等特征，但传统高含水水凝胶长期面临“高含水率与高力学性能难以兼得”的关键矛盾。尤其对于物理交联PVA水凝胶而言，传统强化策略往往依赖聚合物链的大规模聚集和晶体生长，容易造成网络收缩和水分流失。针对这一难题，研究团队从聚合物结晶动力学调控出发，提出“双阶段温控结晶淬火法”，将PVA结晶过程中的成核与晶体生长进行时序调控，在保持高含水率的同时构建更加致密、均匀的物理交联网络。该方法首先将PVA溶解于DMSO中使分子链充分分散；随后在160 ℃进行第一阶段处理以促进高密度预成核结构形成；再升温至190 ℃促进分子链取向重排及预结晶生长与细化；随后迅速降至-80 ℃进行深冷淬火将预结晶构象快速锁定；最后通过水/溶剂交换触发实际结晶并恢复氢键等非共价相互作用，最终形成精细的PVA物理交联网络。图1. 双阶段温控结晶淬火法制备PVA水凝胶的工艺流程与机制示意图160 ℃和190 ℃并非经验选择。分子动力学模拟与DSC热分析共同验证：160 ℃时PVA分子链呈现紧凑构象，有利于形成预成核结构；190 ℃时分子链运动能力增强，有利于取向重排与晶体生长。同时，90–150 ℃范围内的不同温度组合所得水凝胶的结晶度和力学性能均明显低于160/190 ℃体系。通过系统调控两阶段处理时间，研究团队揭示了各阶段的明确功能分工：160 ℃阶段增加单位体积内的晶核数量，使晶区分布更加致密，可理解为“多撒种子”而非“把种子养大”；190 ℃阶段则促进晶体生长与细化，实现网络致密化。同时，研究发现当两阶段总处理时间超过约30 min后，水凝胶性能出现明显下降，多尺度分析表明过长热处理会诱发PVA热脱水分解，造成分子链断裂、网络结构破坏及性能下降，约30 min构成了该策略的重要工艺窗口。图2. 温度选择的分子动力学模拟、力学性能与DSC热分析研究团队前期在机器学习辅助PVA水凝胶力学性能研究方面已建立了系统的方法论基础。团队通过XGBoost模型系统量化了制备策略对PVA水凝胶力学性能的影响权重（Journal of the Mechanical Behavior of Biomedical Materials, 2025, 168: 107027），并针对小样本条件下的数据泄露问题建立了抗泄漏可解释机器学习框架（Polymer, 2026, 356: 130084）。在本工作中，团队进一步利用机器学习收集了纯物理交联PVA水凝胶文献数据，建立了含水率与力学性能的定量预测模型。优化后的水凝胶在83.41 ± 0.51%含水率下，实现拉伸强度2.68 ± 0.14 MPa、拉伸模量0.63 ± 0.02 MPa、压缩模量0.53 ± 0.02 MPa。在同等含水率下，该材料的拉伸强度达到模型预测上限的446%，拉伸模量达到315%，压缩模量达到378%，从全局数据层面证明了该性能突破的统计显著性。在软骨修复应用验证方面，该材料压缩模量处于天然关节软骨范围（0.36-0.8 MPa）内，摩擦系数最低约为0.05，接近天然软骨润滑特征；300次循环压缩后应力保持率达94.78%；体外细胞实验该材料具有良好的细胞相容性。图3. PVA水凝胶面向软骨修复：力学、润滑、抗疲劳与细胞相容性综合验证该工作得到国家自然科学基金、山西省自然科学基金、三晋英才计划科技创新团队等项目资助。原文链接：http://doi.org/10.1002/adma.74656相关进展太原理工大学黄棣教授团队/四川大学邓怡研究员团队 AM：工程化益生菌异质结用于生物膜感染型创面修复太原理工黄棣教授团队等 AHM 综述：电流体动力学直写制备微纳尺度纤维结构全面概述太原理工黄棣/魏延、四川大学邓怡《ACS AMI》：纳米催化水凝胶用于强化皮肤再生太原理工黄棣教授团队《Compos. Part B-Eng.》：同轴打印小直径人工血管方面取得重要进展高分子科技原创文章。欢迎个人转发和分享，刊物或媒体如需转载，请联系邮箱：info@polymer.cn诚邀投稿欢迎专家学者提供稿件（论文、项目介绍、新技术、学术交流、单位新闻、参会信息、招聘招生等）至info@polymer.cn，并请注明详细联系信息。高分子科技®会及时推送，并同时发布在中国聚合物网上。欢迎加入微信群 为满足高分子产学研各界同仁的要求，陆续开通了包括高分子专家学者群在内的几十个专项交流群，也包括高分子产业技术、企业家、博士、研究生、媒体期刊会展协会等群，全覆盖高分子产业或领域。目前汇聚了国内外高校科研院所及企业研发中心的上万名顶尖的专家学者、技术人员及企业家。申请入群，请先加审核微信号PolymerChina（或长按下方二维码），并请一定注明：高分子+姓名+单位+职称（或学位）+领域（或行业），否则不予受理，资格经过审核后入相关专业群。点这里“阅读原文”，查看更多阅读原文从聚合物结晶动力学调控出发，提出“双阶段温控结晶淬火法”...",,,,pending
同飞股份：要做储能与AI算力背后的“温控核心玩家”,储能网,储能网,"RIOnews API, 储能, 储能系统, 工商业储能, 大型储能, 储能集成, 智算中心, 热失控, 热管理, 液冷, 交付, 装机, 产能, 扩产, GWh, 生产基地, 投产, 达产, 订单, 招标, 价格战, 增资, 海外布局, 海外, 出海, 关税, 推出, 量产, 项目落地, 落地, 爬坡",normal,2026-08-25T11:59:21+08:00,,导语：同飞股份用全链条布局，兑现“储能托底、AI破局、全球放量”的中长期发展逻辑。中国储能网讯：2026年7月13日，深交所正式披露同飞股份11.4亿元定增注册稿，这份落地的资本规划，完整勾勒出全年战略重心，其中6亿元投建苏州南方总部基地，3亿元落地三河液冷温控专业化产线，剩余2.4亿元补充经营流动资金。保荐文件中给出明确产能测算，两大募投项目全面达产后，每年将新增营收18亿元，相较公司2025年全年28.67亿元营收规模，整体营收增量接近六成，产能扩张力度在国内温控赛道处于第一梯队。早在资本动作落地之前，同飞股份已经完成两轮欧洲行业重磅亮相。6月25日，欧洲储能EESEurope2026展会,http://mp.weixin.qq.com/s?__biz=MzA3MjA3MzgwNw==&mid=2651978930&idx=1&sn=434c86faef5336b41b4d58b614bd62f7,,导语：同飞股份用全链条布局，兑现“储能托底、AI破局、全球放量”的中长期发展逻辑。中国储能网讯：2026年7月13日，深交所正式披露同飞股份11.4亿元定增注册稿，这份落地的资本规划，完整勾勒出全年战略重心，其中6亿元投建苏州南方总部基地，3亿元落地三河液冷温控专业化产线，剩余2.4亿元补充经营流动资金。保荐文件中给出明确产能测算，两大募投项目全面达产后，每年将新增营收18亿元，相较公司2025年全年28.67亿元营收规模，整体营收增量接近六成，产能扩张力度在国内温控赛道处于第一梯队。早在资本动作落地之前，同飞股份已经完成两轮欧洲行业重磅亮相。6月25日，欧洲储能EESEurope2026展会,"导语：同飞股份用全链条布局，兑现“储能托底、AI破局、全球放量”的中长期发展逻辑。中国储能网讯：2026年7月13日，深交所正式披露同飞股份11.4亿元定增注册稿，这份落地的资本规划，完整勾勒出全年战略重心，其中6亿元投建苏州南方总部基地，3亿元落地三河液冷温控专业化产线，剩余2.4亿元补充经营流动资金。保荐文件中给出明确产能测算，两大募投项目全面达产后，每年将新增营收18亿元，相较公司2025年全年28.67亿元营收规模，整体营收增量接近六成，产能扩张力度在国内温控赛道处于第一梯队。早在资本动作落地之前，同飞股份已经完成两轮欧洲行业重磅亮相。6月25日，欧洲储能EESEurope2026展会在慕尼黑收官，同飞海外展台持续接待欧洲储能集成商、电站运营商、电池厂商客户，海外技术团队现场拆解储能电池热管理核心痛点，公布多组电芯温控临界参数；往前追溯至5月，公司刚完成法兰克福国际数据中心展的参展行程，全套AI液冷散热方案首次面向欧洲算力客户集中展出。海外市场声量持续走高的2026上半年，其一季度财报却呈现明显分化走势。4月下旬披露的2026年一季报数据显示，公司当期实现营业收入6.99亿元，同比上涨21.8%，在大规模研发投入与海外市场拓展的战略投入下，基本维持稳定。这主要原因在于，2026年上半年同飞股份密集落地的产能、研发、出海、资本动作。从储能温控基本盘巩固，到AI液冷第二增长曲线重资投入，再到泰国海外工厂量产、欧洲市场全域拓客，这家深耕工业温控二十余年的河北企业，正在用全链条布局，兑现“储能托底、AI破局、全球放量”的中长期发展逻辑。让利储能，2026全年需求确定性拉满同飞股份的核心定位是工业温控整体解决方案服务商，总部扎根河北三河，2001年创业初期以特种换热器单品切入洗涤设备配套市场。二十五年产业深耕，产品线持续迭代，应用场景从传统机床冷却、激光设备温控，逐步延伸至电力电子、储能、半导体精密控温、高密度AI数据中心散热四大核心赛道，核心产品矩阵稳定分为四大品类：液体恒温设备、电气箱恒温装置、纯水冷却单元、特种换热器，全品类自研自产，形成完整热管理闭环能力。2026年行业调研机构、券商研报持续验证储能温控赛道高景气度。据CESA储能应用分会产业数据库统计，截至2025年底，中国新型储能累计装机139.2GW/373.0GWh，较之2024年底增长了86.5%（功率）/111.4%（容量）。2025年中国新型储能新增装机规模为64.6GW/196.5GWh，较之2024年同比增长52%（功率）/79.3%（容量）；国家能源局印发《新型储能规模化建设专项行动方案（2025—2027年）》，明确2027年全国新型储能装机目标不低于180GW，长时储能、共享储能、工商业储能项目持续批量落地，温控设备作为储能系统刚需配套，市场需求同步持续扩容。储能温控不可替代的核心逻辑，根植于锂电池与生俱来的热敏特性。慕尼黑EESEurope展会现场，同飞海外工程师现场公示成套温控试验数据：锂电池最优稳定运行温度区间锁定15℃-30℃；环境温度突破35℃，电芯循环衰减速度显著加快；环境温度每升高10℃，电池老化速率近乎翻倍；整簇电芯温差超过5℃，电池一致性将永久性受损；一旦电芯温度突破60℃，热失控、起火爆炸风险大幅提升。行业技术迭代进一步放大温控价值。当前储能电站能量密度持续提升，液冷方案凭借导热效率、均温能力全面超越传统风冷，已成为新建大型储能项目标配。白皮书数据显示，2025年国内新增储能项目液冷渗透率突破65%，2026年行业机构预测渗透率将提升至78%以上，液冷温控设备从储能系统可选配套，升级为决定电站安全、使用寿命、度电成本的核心基础设施。下游需求持续爆发的同时，公司依托规模化产能、自研核心换热器、一体化交付能力，深度绑定行业头部客户，构建稳固基本盘。据CESA储能应用分会产业数据库统计，2026上半年国内储能招标总容量突破500GWh，同比增幅接近185%，行业需求全面爆发。同飞三河厂区产能持续满负荷运转，叠加定增落地后新增3亿元液冷产线，将大幅缓解储能订单交付压力，储能业务作为公司营收压舱石的地位，在2026年只会持续加固。发力AI液冷，打造第二核心赛道除了储能业务守住基本盘之外，2026年同飞股份全部战略资源倾斜的核心赛道，是AI数据中心液冷散热。当前，全球AI大模型迭代、算力集群规模化建设，彻底重构数据中心散热标准。大算力AI服务器单台功耗突破800W，高密度机柜功率密度达到30-50kW，传统风冷系统散热极限仅12kW机柜，完全无法匹配当前算力硬件散热需求。叠加全国多地出台数据中心PUE硬性管控指标，新建智算中心PUE普遍要求低于1.2，风冷架构难以达成能耗标准，液冷技术成为数据中心温控行业最优解。赛道爆发前夕，同飞股份完成冷板式、浸没式双技术路线全覆盖布局，兼顾短期市场需求与长期技术迭代。2026上半年，同飞股份持续加码液冷技术研发攻关，多项核心技术完成样机落地与工况实测。因此，2026年一季度公司研发费用达3,026.55万元，研发团队规模350余人，新增流体仿真、热管理算法、海外应用研发专项小组，专项攻克海外数据中心液冷适配技术。至此，11.4亿元定增资金，本质是为AI液冷第二增长曲线储备长期弹药。三河3亿元液冷温控项目，搭建AI液冷核心设备自动化产线，提升CDU、冷板管路量产交付能力；苏州6亿元南方总部基地，打造华东研发制造一体化基地，直面长三角海量算力、储能客户，缩短交付周期、降低区域物流成本。两大项目达产后新增18亿元年营收，产能扩张幅度62.77%，全部投向储能、AI液冷两大高景气赛道，提前锁定未来两年业绩增长空间。全球化布局，高毛利打开新增长空间2026年上半年，全球化布局成为同飞股份突破国内内卷、增厚利润的关键抓手。相较于国内市场激烈的价格战，海外温控市场竞争格局良性，成为其坚定出海的核心动力，同时海外业务可有效对冲国内行业周期波动，平滑整体业绩。当前，同飞股份已搭建起“国内双基地+东南亚生产中心+欧洲营销枢纽”的全球化产业体系，布局脉络清晰且落地迅速。海外布局始于2017年德国子公司落地，后续陆续落地美国联络点、新加坡贸易平台，2025年12月泰国工厂正式投产，成为公司首个海外生产基地，聚焦东南亚储能与算力温控设备生产，依托区域算力产业集聚优势，降低关税与物流成本，2026年上半年产能持续爬坡，覆盖东南亚多国市场。为夯实海外品牌影响力，2026年上半年同飞密集亮相欧洲顶级行业展会，5月法兰克福数据中心展展出全系列液冷算力方案；6月慕尼黑储能展推出定制化储能温控方案，斩获超亿元意向订单。国内产能同步完善，苏州6亿元南方总部、三河3亿元液冷项目落地，南北双基地错位布局，覆盖全国核心市场，为海内外订单交付提供产能支撑。可以说，市场虽对储能价格战、新业务落地节奏存在分歧，但同飞股份已通过海内外市场对冲、双技术路线布局、充足产能储备完成风险对冲。从定增扩产、海外建厂到全球化品牌拓客，其正完成从传统温控配套企业，向储能、AI算力双赛道核心服务商的转型，短期利润让步换长期赛道卡位，随着产能与订单持续落地，同飞股份有望持续兑现赛道红利，开启高质量增长周期。一审：潘 望二审：王谊秀由于微信改版，关注后请点击右上角，选择“设为星标”与“置顶”，以获得最新的文章更新投稿联系电话：***********（同微信）地址：北京市西城区阜成门外四川大厦东塔楼30层官网：www.escn.com.cn 投稿邮箱：ly83518@126.com阅读原文同飞股份用全链条布局，兑现“储能托底、AI破局、全球放量”的中长期发展逻辑。",,,,pending
今日行业动态｜新疆发布新能源专项政策：保障储能合理收益，杜绝“建而不用、储而不调”！,储能网,储能网,"RIOnews API, 宁德时代, 中创新航, 磷酸铁锂, 铁锂, 三元, 储能, 储能系统, 储能柜, 4小时储能, 户储, 工商业储能, 大型储能, 独立储能, PCS, 储能变流器, 智算中心, 高安全, 循环寿命, 液冷, 碳酸锂, 正极材料, 负极材料, 电解液, 装机, 装机量, 产能, GWh, 生产基地, 投产, 达产, 战略合作, 签约, 亏损, 融资, 投资, 上市, 收购, 海外, 出海, 政策, 发布, 推出, 快充, 项目落地, 并网, 落地",normal,2026-08-25T11:59:21+08:00,,中国储能网讯：政策与标准1、新疆发布新能源专项政策：保障储能合理收益，杜绝“建而不用、储而不调”！近日，新疆发布《关于推动新疆新能源有效投资和提升新能源利用率的若干措施》，立足存量增量统筹，从释放投资潜力、提升消纳水平、健全调度机制三大维度推出多项务实举措，推动当地新能源产业高质量发展。其中，对备案满1年、满2年未实质性开工的新能源项目提出相关要求。明确临时建筑、施工用临时道路、通水、通电等不属于实质性开工。按照 “成熟一个、推进一个” 原则，布局一批绿电直连项目。在产业项目核准（备案）、节能审查等前期审核环节主动介入，引导新能源企业与产业项目业主一同布局绿电直连并做好项目建设服务保障工作。结,http://mp.weixin.qq.com/s?__biz=MzA3MjA3MzgwNw==&mid=2651978930&idx=3&sn=3a6b225a743a39589be0c480f148da63,,中国储能网讯：政策与标准1、新疆发布新能源专项政策：保障储能合理收益，杜绝“建而不用、储而不调”！近日，新疆发布《关于推动新疆新能源有效投资和提升新能源利用率的若干措施》，立足存量增量统筹，从释放投资潜力、提升消纳水平、健全调度机制三大维度推出多项务实举措，推动当地新能源产业高质量发展。其中，对备案满1年、满2年未实质性开工的新能源项目提出相关要求。明确临时建筑、施工用临时道路、通水、通电等不属于实质性开工。按照 “成熟一个、推进一个” 原则，布局一批绿电直连项目。在产业项目核准（备案）、节能审查等前期审核环节主动介入，引导新能源企业与产业项目业主一同布局绿电直连并做好项目建设服务保障工作。结,"中国储能网讯：政策与标准1、新疆发布新能源专项政策：保障储能合理收益，杜绝“建而不用、储而不调”！近日，新疆发布《关于推动新疆新能源有效投资和提升新能源利用率的若干措施》，立足存量增量统筹，从释放投资潜力、提升消纳水平、健全调度机制三大维度推出多项务实举措，推动当地新能源产业高质量发展。其中，对备案满1年、满2年未实质性开工的新能源项目提出相关要求。明确临时建筑、施工用临时道路、通水、通电等不属于实质性开工。按照 “成熟一个、推进一个” 原则，布局一批绿电直连项目。在产业项目核准（备案）、节能审查等前期审核环节主动介入，引导新能源企业与产业项目业主一同布局绿电直连并做好项目建设服务保障工作。结合2027年新能源增量项目竞价结果，引导新能源企业科学合理测算项目收益，加快内部投资决策，推动新备案项目尽早开工建设。加快在建抽水蓄能项目建设，对纳规1年内无实质性进展的项目，申请动态调整；加快在建光热项目建设，督促已备案项目尽快开工。完善新型储能常态化调用机制，对独立新型储能 “应调尽调”，杜绝 “建而不用、储而不调”。对标国家能源局对新疆新能源利用率87%的目标要求，各地（州、市）制定年度新能源开发及消纳实施方案。聚焦绿色算力、电解铝、化成箔、人造金刚石、玄武岩纤维等重点领域，编制自治区高载能低排放重点产业客商目录。鼓励新能源企业主动与高载能企业加强合作，吸引更多新兴产业、高载能产业与新能源协同布局、集群发展，加速形成 “以新促新” 产业新生态。2、内蒙古2026第三批独立储能清单：27个29.5GWh，华电/双杰电气领衔，阳光/金风/易储/运达等均有项目获取近日，内蒙古能源局发布了《关于印发2026年第三批独立新型储能建设项目清单的通知》，共涉及27个独立储能项目，装机规模730万千瓦/2946万千瓦时（7.3GW/29.46GWh）。9个盟市获得了项目，锡林郭勒以6个项目，1.9GW/7.6GWh领衔。民营企业为开发主力，阳光电源、易储数智、金风科技、远景能源、星辰新能、驰库能源、超威电力、赣锋锂业等均有下场。央国企表现积极，华润、华电、中广核、大唐、中节能等均有项目获取。地方国资、地方电力能源企业也是项目开发的重要力量。京能、深圳能源、运达能源等均斩获了项目。磷酸铁锂装机占比超90%，钠固态、半固态锂电、铁铬液流、钠离子及全钒液流等技术在7个混合储能项目中获得小规模应用。出现一个600MW/2400MWh半固态锂电储能项目，申报单位为双杰电气。4小时储能时长项目为主，另有一个5小时时长项目。3、广东珠海2026年新型储能电站竞配！8月20日，广东珠海市发展和改革局发布珠海市2026年新型储能电站竞争配置公告，拟确定1个推荐项目及其开发主体。本次竞争配置对象为有关区、功能区按程序审核推荐并报送市级的4个候选项目，其中金湾区推荐1个、斗门区推荐1个、珠海经济技术开发区推荐2个。本次竞争配置拟从上述4个候选项目中择优确定1个推荐项目及其开发主体。未纳入有关区、功能区正式推荐范围的项目和申报主体，不参加本次竞争配置。每个候选项目仅限区级审核推荐文件确定的申报主体参加本次竞争配置。每一申报主体仅可申报其对应的1个候选项目，不得兼报其他候选项目。允许联合体申报。4、安徽虚拟电厂：27家完成接入，签约需求响应规模1718.7MW据国网安徽电力消息，截至目前，安徽省级虚拟电厂管理平台已完成接入27家虚拟电厂，聚合代理用户2394户，签约需求响应规模171.87万千瓦，涵盖用户储能、充换电站、工商业可中断负荷等多种资源类型。不久前，安徽省率先依托虚拟电厂完成了“算电协同”填谷调度测试，将智算中心的算力任务转化为可调节的电力负荷，探索出“算随电动”的柔性调控新路径。海外市场动态1、沙特利雅得完成首批BOO模式储能签约 四大项目总投资约12亿美元近日，沙特在利雅得举办电池储能项目签约仪式，沙特电力采购公司SPPC正式签署四份储能服务协议，落地国内首批BOO（建设-拥有-运营）模式大型公用事业电池储能项目。本次签约包含四座独立电池储能电站，全部采用500MW/2000MWh、4小时时长配置，项目合计规模2GW/8GWh，总投资43.5亿沙特里亚尔，折合约12亿美元。项目分布在麦加、哈伊勒、卡西姆三个区域，协议周期为15年，由两大中外联合体分别承接开发、融资、建设以及后续运维全流程工作。2、欧洲首个多资产Tolling正式投运！8座电池聚合成55MW8月19日，德国储能及能源灵活性企业terralayr宣布，其与欧洲能源企业Vattenfall合作的Multi-Asset Capacity Toll已经完成全部容量上线。目前合同约定的55MW储能容量已经全部进入实际运行状态。这项合作最早在2025年5月对外公布。当时，Vattenfall与terralayr签署了一份期限为7年的Multi-Asset Capacity Toll协议，合同规模为55MW。和普通储能Tolling协议最大的区别在于，这55MW并不是来自某一个固定的储能项目。terralayr通过LAYR灵活性平台，把分布在德国的8座大型储能进行聚合，再统一向Vattenfall提供可调用的储能容量。3、八年实证！派能科技助力圣保罗大学储能项目运行，推动拉美储能研究与应用随着巴西风电、光伏等可再生能源快速发展，储能在提升电力系统灵活性、促进可再生能源消纳等方面的重要性日益凸显。自2018年起，派能科技深度参与巴西圣保罗大学储能示范项目建设，为当地储能技术研究与规模化应用树立标杆。该项目是巴西最早开展的电池储能系统研发与示范项目之一，由圣保罗大学能源与环境研究所牵头实施，已稳定运行逾八年，积累了丰富的长期运行数据和项目实践成果。项目重点评估储能系统接入电网后的性能表现及应用价值，其研究成果为巴西储能产业的政策制定、技术标准建立以及监管体系建设提供实证依据。4、欧洲布局取得关键进展！赢科数能实现德语区业务全覆盖近日，赢科数能欧洲市场布局取得关键进展，将在德国批量落地250台Stars CL289Pro 工商业储能柜，项目整体规模达31.25MW / 72.25MWh，重点助力当地独立储能电力交易业务布局。项目落地标志着公司业务实现全德语区（DACH）覆盖，为深耕德国、辐射整个欧洲储能市场打下坚实里程碑。5、宿迁时代储能携手澳洲Allegro Energy推动微乳液电解液技术产业化应用近日，宿迁时代储能科技有限公司（以下简称“宿迁时代储能”）与澳大利亚长时储能企业 Allegro Energy 达成战略合作，双方将共同推进微乳液液流电池（MeFB）技术商业化规模制造，助力全球长时储能产业发展。6、赣锋锂业、LG化学等有意收购澳锂矿权据彭博援引知情人士消息，赣锋锂业与LG化学正就收购Mineral Resources（MinRes）旗下Wodgina锂矿部分股权展开深度接洽。Wodgina锂矿坐落于澳大利亚西澳皮尔巴拉地区，地处黑德兰港以南约100公里处，是全球规模最大的硬岩型锂矿藏。该项目整体预估估值为40亿澳元，折合30亿美元，依托紧邻澳洲核心港口的区位优势，锂精矿出海物流运输条件十分优越。根据MinRes 2023年9月发布的ASX公告，Wodgina锂矿核心资源储量数据如下：矿产资源量达2.174亿吨矿石，Li₂O平均品位1.15%；可采矿石储量1.01亿吨矿石，Li₂O品位1.40%，折合碳酸锂当量（LCE）约310万吨。原材料市场动态1、16万吨高压实磷酸铁锂项目落地浙江官宣跨界三个月后，电解液龙头天赐材料首个磷酸铁锂项目，终于迎来新进展。据台州市生态环境局消息，天赐材料（台州）有限公司年产16万吨高压实磷酸铁锂项目环评进行第一次公示。项目位于浙江省台州市台州湾新区渔舟路1111号，购置投料系统、乳化釜、磨砂机、喷雾干燥塔、烧结炉、气流粉碎机、电磁除铁机等设备，最终形成年产16万吨高压实磷酸铁锂正极材料的生产能力。2、中创新航新建30万吨磷酸铁锂项目来自眉山市彭山区人民政府的信息显示，近日，立鼎材料科技（四川）有限公司（简称“立鼎材料”）年产30万吨磷酸铁锂材料项目进行第一次环评公示，标志着项目正式进入环评编制阶段。该项目的建设内容及生产规模为：新建磷酸铁锂材料生产线。项目建成后，可形成年产磷酸铁锂材料约30万吨的生产能力。总投资高达33.6亿元。企查查信息显示，立鼎材料成立于2022年1月，法定代表人耿言安，注册资本6亿元，是中创新航（03931.HK）的全资子公司。耿言安同时也是中创新航的副总裁。3、总投资50亿元！力合厚浦锂电池材料循环利用项目落户四川古蔺据湖南力合厚浦科技有限公司（简称：力合厚浦）消息，8月21日，公司与四川省泸州市古蔺县人民政府在泸州南苑会议中心举行锂电池材料循环利用项目投资签约仪式。该项目总投资约50亿元，选址古蔺经济开发区，分两期建设年产6万吨含锂三元前驱体及2万吨MHP精炼线。项目全部建成达产后，预计可实现年销售收入70余亿元，年净利润5亿元，是力合厚浦在西南地区战略布局的里程碑项目，也是公司迈向百亿产值目标的关键一步。4、铜博科技四川高性能锂电铜箔项目一期投产 总产能升至约10万吨8月23日，江西铜博科技股份有限公司（简称“铜博科技”）消息显示，近日，四川铜博科技有限公司一期年产2万吨高性能锂电铜箔项目投产仪式举行。作为江西铜博科技股份有限公司的控股子公司，四川铜博项目投产是公司深耕锂电铜箔赛道、完善全国产能布局的重要战略落子。根据此前消息，四川铜博锂电铜箔项目总建筑面积达58,575.46平方米，将建成行业高性能锂电铜箔数智化标杆厂房。项目主打极薄高性能锂电铜箔产品，可充分满足新一代动力电池高续航、快充、高安全的性能要求，是动力电池、储能系统及固态电池的核心负极集流体。储能项目动态1、150MW/300MWh项目落地广州南沙8月24日，广州南沙东涌镇鱼窝头220kV鱼飞变电110kV侧150MW/300MWh电网侧独立储能示范项目完成备案复核，项目状态显示办结（通过），标志着这座广州电网侧独立储能示范项目正式拿到建设 “入场券”。该项目由广州曜能科技投资有限公司投资开发，落户广州市南沙区东涌镇小乌村马克工业区，项目总投资30260万元，占地面积13333平方米。规划建设1座150MW/300MWh独立储能电站，储能时长2小时，计划建设周期为2027年1月1日至2027年9月1日。项目全站配置30套5MW/10.128MWh液冷磷酸铁锂电池储能单元。每套储能单元由1台电池集装箱以及1台PCS升压一体舱组成，储能系统完成升压之后，接入220kV鱼飞变电站110kV间隔。2、300MW/1200MWh！九续阿拉善储能纳入内蒙古第三批独立储能清单近日，九续（阿拉善）储能额济纳旗珠斯楞300MW/1200MWh构网型独立储能电站正式收到内蒙古自治区能源局批复文件，成功列入2026年第三批独立新型储能建设项目清单，成为全区27个获批独立储能项目之一，项目即将全面启动建设。3、100MW/140.25MWh！山西省长治市长子县煜朗独立混合储能电站项目建设正酣山西省长治市长子县煜朗储能项目建设正酣，该项目总投资5亿元，占地约20亩，规划建设100MW/140.25MWh独立储能电站。项目采用“磷酸铁锂电池+超级电容”混合储能模式，由70MW/140MWh磷酸铁锂电池储能、30MW/0.25MWh超级电容储能系统组成，并配套建设220kV升压站及各类附属设施。项目依托混合协同控制系统，兼顾大容量储能与高速调频双重优势，有效延长电池使用寿命，全面提升电网一次、二次调频能力。4、300MW/600MWh！广西柳州集中共享储能电站项目开工8月19日，广西柳州工业废旧物资循环经济产业园300MW／600MWh集中共享储能电站项目开工仪式，在新兴工业园四方片二区项目现场举行。据悉，该项目总投资7.15亿元，规划建设300MW／600MWh集中共享储能电站，构建“风光——储能——充电——电网”一体化服务体系，预计年产值达1.68亿元，定位为桂中地区风储一体绿色能源示范项目。5、8MW/32MWh！国电南自首个西藏构网型储能项目成功通过并网测试近日，随着最后一项放电人工短路试验顺利结束，华电西藏曲松8MW／32MWh构网型储能电站中14台国电南自构网型储能变流器通过了全部并网测试，储能电站顺利并网投运。工程项目现场位于西藏山南市曲松县，平均海拔约4200米，是国电南自西藏地区首个落地投运的高海拔构网型储能电站项目，对公司新能源储能市场的开拓具有重要意义。企业动态1、中国电力：拟22.56亿元向宁德时代出售启源芯动力24.8726%股权近日，中国电力国际发展有限公司出售一家联营公司的股权公告发布。公告显示，中国电力以公开挂牌的方式在上海产权交易所进行潜在出售于启源芯动力（中国电力的一家联营公司）的24.8726%股权。2026年8月18日，在公开挂牌的期限届满后，中国电力与受让方宁德时代订立了一份产权交易合同，中国电力同意出售，而受让方同意收购标的股权，代价约人民币2555659700元（约相等于2971697000港元）。待出售事项完成后，中国电力公司将不再持有启源芯动力的任何股权。2、智光电气终止收购智光储能27.18%股权8月24日，广州智光电气股份有限公司关于终止发行股份及支付现金购买资产并募集配套资金暨关联交易事项的公告发布。公告显示，智光电气拟通过发行股份及支付现金的方式购买广州智光储能科技有限公司的27.18%股权并募集配套资金暨关联交易事项的议案终止。3、注册资本1000万！海博思创又成立新能源公司近日，滨州博创棣滨新能源科技有限公司成立，法定代表人为刘骁，注册资本为1000万元，注册地山东滨州。经营范围包含：风力发电技术服务；工程和技术研究和试验发展；太阳能发电技术服务；储能技术服务；发电技术服务；技术服务、技术开发、技术咨询、技术交流、技术转让、技术推广。（除依法须经批准的项目外，凭营业执照依法自主开展经营活动）许可项目：发电业务、输电业务、供（配）电业务。公开信息显示：滨州博创棣滨新能源科技有限公司由海博思创全资子公司博清智滨（无棣）新能源科技有限公司持有55%股份。4、天赐材料上半年净利暴涨近1000%8月20日，天赐材料发布2026年半年度报告。报告期内，公司实现营业收入147.10亿元，同比增长109.28%；归母净利润28.61亿元，同比增长967.91%，为2022年以来同期新高。天赐材料上半年业绩大幅增长，核心增长引擎正是储能电池需求的持续井喷。从产品结构来看，锂离子电池材料产品表现尤为亮眼，贡献了主营收入的93.05%，个人护理品材料产品占4.67%，其他业务占2.28%。其中，锂离子电池材料产品营业收入同比猛增117.2%。在储能及动力电池装机量持续攀升的背景下，电解液及上游材料需求保持旺盛，有望继续推动公司主业放量增长。5、南网储能上半年净利润11.12亿元同比增长33.61%8月20日，南网储能披露2026年半年度报告。报告显示，公司上半年实现营业收入41.20亿元，同比增长24.83%；归属于上市公司股东的净利润11.12亿元，同比增长33.61%；基本每股收益0.35元。从主营业务构成来看，抽水蓄能仍是公司核心收入来源。上半年抽水蓄能收入27.92亿元，占营业收入的67.77%，同比增长27.76%。调峰水电业务上半年收入10.54亿元，占营业收入的25.58%，同比增长19.45%。新型储能业务收入2.14亿元，占营业收入的5.18%，同比增长20.33%。增长源于云南丘北储能电站于2025年上半年投产，上年同期运营周期较短，本期实现完整半年度收益。6、璞泰来2026年上半年营收101.15亿元，净利润同比增长37.58%8月20日，璞泰来披露2026年半年度报告。报告显示，2026年上半年，璞泰来实现营业收入101.15亿元，同比增长42.70%；实现利润总额17.52亿元，同比增长33.99%；归属于上市公司股东的净利润为14.52亿元，同比增长37.58%。截至报告期末，集团总资产达544.86亿元，较上年度末增长17.75%。璞泰来是新能源电池关键材料、自动化装备与工艺技术的综合解决方案提供商，主营业务涵盖膜材料及涂覆加工、负极材料、功能材料以及新能源自动化装备与服务等领域。7、新宙邦发布2026年半年报，营收74.63亿元，净利润同比增长103.33%8月20日晚，新宙邦发布2026年半年度报告。报告期内，新宙邦实现营业收入74.63亿元，同比增长75.66%；实现营业利润11.62亿元，同比增长106.96%；归属于上市公司股东的净利润9.84亿元，同比增长103.33%。新宙邦主营业务为新型电子化学品及功能材料的研发、生产、销售和服务，主要产品包括电池化学品、有机氟化学品、电子信息化学品三大系列。从业务表现看，电池化学品实现营业收入57.51亿元，同比增长104.27%；有机氟化学品实现营业收入7.08亿元，同比微降1.88%；电子信息化学品实现营业收入9.56亿元，同比增长40.80%。8、华盛锂电2026年半年报：营收增126.51%，净利2.23亿元扭亏为盈8月18日，华盛锂电披露2026年半年度报告。今年上半年，公司实现营业收入7.92亿元，同比增长126.51%；实现归属于上市公司股东的净利润2.23亿元，上年同期为亏损6340.65万元，实现扭亏为盈。业绩大幅修复的根源，在于公司两大核心产品碳酸亚乙烯酯（VC）、氟代碳酸乙烯酯（FEC）市场售价的大幅上涨。 产 能 动 态1、浙江杭州一期年产0.55GWh固态电池小试线投运8月17日，安高特电固态电池总部及研发生产基地项目一干法层压固态电池小试线已率先投入运行。据悉，该项目位于浙江杭州桐庐经济开发区，该小试线生产的LM80100干法电池，由浙江安高特电科技有限公司技术团队自主研发，采用高熵干法富锂正极和锂金属负极技术。经轻工业化学电源研究所检测，该电芯能量密度达837.6Wh/kg，循环寿命超过50次。据介绍，这款电池体积与智能手机相当，具备高倍率、高循环、高安全等优势，目前主要规划用于电摩、无人机动力、储能、人形机器人、医疗器械等场景。安高特电固态电池总部及研发生产基地项目总投资约20亿元，计划分三期建设，一期总投资约3亿元，将建成年产0.55GWh电池产线。一审：潘 望二审：王谊秀由于微信改版，关注后请点击右上角，选择“设为星标”与“置顶”，以获得最新的文章更新投稿联系电话：***********（同微信）地址：北京市西城区阜成门外四川大厦东塔楼30层官网：www.escn.com.cn 投稿邮箱：ly83518@126.com",,,,pending
今日招中标动态｜0.62-1.1元/Wh！山西820MW/3280MWh储能项目EPC开标,储能网,储能网,"RIOnews API, 磷酸铁锂, 铁锂, 储能, 储能系统, 独立储能, PCS, EMS, BMS, 电池包, 投产, 中标, 入围, 招标, 报价, 发布, 并网",normal,2026-08-25T11:59:21+08:00,,中国储能网讯：共计2个中标动态，3个招标动态。中标方面，8月24日，山西晋北采煤沉陷区新能源基地820MW/3280MWh储能项目EPC总承包开标记录发布，十余家企业入围，折合中标单价0.62-1.1元/Wh；广西崇左200/800MWh储能EPC中标结果公示，中标人为中建西南院(山东)设计咨询有限公司(联合体牵头人)、中建新锐建设有限公司(联合体成员)，折合单价约0.72元/Wh。招标方面，山西左权100MW/400MWh储能项目EPC招标撤销，原因是招标人招标计划变更；山西绿源先锋离石区200MW/400MWh独立储能电站EPC招标，项目控制价42400万元，合单价1.06元/Wh；新疆喀,http://mp.weixin.qq.com/s?__biz=MzA3MjA3MzgwNw==&mid=2651978930&idx=2&sn=8fcf6e2593f7374929fc201d1bdf91c1,,中国储能网讯：共计2个中标动态，3个招标动态。中标方面，8月24日，山西晋北采煤沉陷区新能源基地820MW/3280MWh储能项目EPC总承包开标记录发布，十余家企业入围，折合中标单价0.62-1.1元/Wh；广西崇左200/800MWh储能EPC中标结果公示，中标人为中建西南院(山东)设计咨询有限公司(联合体牵头人)、中建新锐建设有限公司(联合体成员)，折合单价约0.72元/Wh。招标方面，山西左权100MW/400MWh储能项目EPC招标撤销，原因是招标人招标计划变更；山西绿源先锋离石区200MW/400MWh独立储能电站EPC招标，项目控制价42400万元，合单价1.06元/Wh；新疆喀,中国储能网讯：共计2个中标动态，3个招标动态。中标方面，8月24日，山西晋北采煤沉陷区新能源基地820MW/3280MWh储能项目EPC总承包开标记录发布，十余家企业入围，折合中标单价0.62-1.1元/Wh；广西崇左200/800MWh储能EPC中标结果公示，中标人为中建西南院(山东)设计咨询有限公司(联合体牵头人)、中建新锐建设有限公司(联合体成员)，折合单价约0.72元/Wh。招标方面，山西左权100MW/400MWh储能项目EPC招标撤销，原因是招标人招标计划变更；山西绿源先锋离石区200MW/400MWh独立储能电站EPC招标，项目控制价42400万元，合单价1.06元/Wh；新疆喀什200MW/800MWh储能项目EPC招标，系统限价0.502元/Wh，施工限价0.169元/Wh。中标项目1、0.62-1.1元/Wh！山西820MW/3280MWh储能项目EPC开标8月24日，山西晋北采煤沉陷区新能源基地820MW/3280MWh储能项目EPC总承包开标记录发布。招标内容与范围：本招标项目划分为3个标段。标段一：山西晋北采煤沉陷区新能源基地（新荣）370MW/1480MWh储能项目，15家企业参与投标，投标报价为0.637~0.6669元/Wh之间。标段二：山西晋北采煤沉陷区新能源基地（大同左云）350MW/1400MWh储能项目，15家企业参与投标，投标报价为0.6202~0.6535元/Wh之间。标段三：山西晋北采煤沉陷区新能源基地（云冈）100MW/400MWh储能项目，10家企业参与投标，投标报价为0.9931~1.0968元/Wh之间。2、0.72元/Wh！广西崇左200/800MWh储能EPC中标结果公示近日，广西崇左市天等县邦锦新能源200/800MWh储能EPC项目中标结果公示。中标人为中建西南院(山东)设计咨询有限公司(联合体牵头人)、中建新锐建设有限公司(联合体成员)，中标价格约57600万元，折合单价约0.72元/Wh。本工程拟采用EPC总承包(交钥匙)模式，投标人负责本项目勘察、设计、设备材料采购(总规模200MW/800MWh，其中400MWh电池包由发包人另行采购，承包人负责剩余400MWh电池系统及全部PCS、BMS、EMS、电池舱体等配套设备的采购)、施工安装、系统调试、并网验收、质保期服务及相关手续办理等全部工作，对工程的质量、安全、工期、造价全面负责。招标项目1、山西左权100MW/400MWh储能项目EPC招标撤销！8月24日，左权县电网侧100MW/400MWh独立储能电站项目总承包（EPC）招标撤销公告发布。撤销原因是由于招标人招标计划变更。根据招标公告，本项目建设规模20MW/2MWh超级电容+80MW/320MWh磷酸铁锂系统，占地面积约42.9亩，拟新建4套5MW/0.5MWh超级电容储能系统，16套5MW/20MWh磷酸铁锂电池储能系统；配套建设一座220kV升压站；一台容量为100MVA的主变压器；新建4回集电线路汇集接入新建的220kV升压站，升压后以220kV线路π接入桥节光伏～辽阳220kV变电站的220kV线路，导线选用2×630mm²，线路长度约2×8km。以及配套新建储能电站生产综合楼以及配套的电气、控制及土建等工程。2、1.06元/Wh，设备费占64%！山西400MWh独立储能EPC招标8月20日，山西绿源先锋离石区200MW/400MWh独立储能电站EPC招标，项目控制价42400万元，合单价1.06元/Wh。招标人为山西绿源先锋能源科技有限公司。项目控制总价包含勘察费85万元、设计费342万元、建筑安装工程费8408万元、设备购置费27075万元、其他费用4940万元、基本预备费1550万元。各部分占比分别为0.2%、0.81%、19.83%、63.86%、11.65%、3.66%。3、系统限价0.502元/Wh，施工限价0.169元/Wh，新疆喀什200MW/800MWh储能项目EPC招标日前，巴楚智充驭疆喀什地区巴楚县200MW/800MWh独立储能项目EPC招标公告发布。项目最高限价53700万元，其中，储能系统（含EMS）限价: 40150万元，折合单价0.5019元/Wh储能项目的勘察、设计、采购、施工、安装、系统调试、试验、验收、生产准备及投产等工作限价：13550万元，折合单价0.169元/Wh项目招标人为巴楚智充驭疆储能有限公司。公开信息显示，公司由上海融和元储能源有限公司100%控股。项目位于新疆喀什地区巴楚县境内，拟新建200MW/800MWh储能电站，其中包括储能电池舱、PCS升压一体舱、35kV一次舱及二次舱、综合楼（含主控室）、辅助用房以及其它附属运营设施等，储能站一次建成，采用220kV电压等级接入系统。招标范围：项目的勘察、设计、设备采购、工程施工、验收、保护定值计算、单体系统试验、涉网试验、生产准备相关及移交等相关配合工作。一审：潘 望二审：王谊秀由于微信改版，关注后请点击右上角，选择“设为星标”与“置顶”，以获得最新的文章更新投稿联系电话：***********（同微信）地址：北京市西城区阜成门外四川大厦东塔楼30层官网：www.escn.com.cn 投稿邮箱：ly83518@126.com,,,,pending
低共熔溶剂在锂离子电池回收中的应用综述：浸出机制、多维评价研究进展与未来趋势展望,材料人,材料人,"RIOnews API, 新材料, 电池材料, 碳, 隔膜, 学术研究, 大学, 期刊",normal,2026-08-25T11:37:00+08:00,,01【背景介绍】随着新能源汽车和储能产业快速发展，锂离子电池（LIBs）需求持续增长，大量退役电池将带来日益严峻的资源安全与环境问题。传统火法、湿法及直接回收技术虽然能够实现一定程度的金属回收，但分别存在高能耗、污染物排放、酸性废水、后续分离复杂以及反应速率慢等问题，难以兼顾回收效率、环境友好性与经济性。因此，亟需发展基于分子设计和精准分离的新型资源回收体系。低共熔溶剂（DES）凭借低污染潜力、良好的金属配位能力以及可设计性受到广泛关注，其既可通过提供质子破坏废旧电池材料结构，又可通过与溶出金属离子配位促进其稳定溶解和选择性分离，为废旧LIBs的绿色、高效和闭环回收提供了新的技术选择。02【研,http://mp.weixin.qq.com/s?__biz=MjM5ODcyMzk0Mg==&mid=2651241858&idx=5&sn=995992ce576e635b650557df19a18b64,,01【背景介绍】随着新能源汽车和储能产业快速发展，锂离子电池（LIBs）需求持续增长，大量退役电池将带来日益严峻的资源安全与环境问题。传统火法、湿法及直接回收技术虽然能够实现一定程度的金属回收，但分别存在高能耗、污染物排放、酸性废水、后续分离复杂以及反应速率慢等问题，难以兼顾回收效率、环境友好性与经济性。因此，亟需发展基于分子设计和精准分离的新型资源回收体系。低共熔溶剂（DES）凭借低污染潜力、良好的金属配位能力以及可设计性受到广泛关注，其既可通过提供质子破坏废旧电池材料结构，又可通过与溶出金属离子配位促进其稳定溶解和选择性分离，为废旧LIBs的绿色、高效和闭环回收提供了新的技术选择。02【研,"01【背景介绍】随着新能源汽车和储能产业快速发展，锂离子电池（LIBs）需求持续增长，大量退役电池将带来日益严峻的资源安全与环境问题。传统火法、湿法及直接回收技术虽然能够实现一定程度的金属回收，但分别存在高能耗、污染物排放、酸性废水、后续分离复杂以及反应速率慢等问题，难以兼顾回收效率、环境友好性与经济性。因此，亟需发展基于分子设计和精准分离的新型资源回收体系。低共熔溶剂（DES）凭借低污染潜力、良好的金属配位能力以及可设计性受到广泛关注，其既可通过提供质子破坏废旧电池材料结构，又可通过与溶出金属离子配位促进其稳定溶解和选择性分离，为废旧LIBs的绿色、高效和闭环回收提供了新的技术选择。02【研究成果】基于上述背景，北京工业大学吴玉锋、王长龙团队在《Coordination Chemistry Reviews》期刊（IF=25.6)发表了题为《Deep Eutectic Solvents in Sustainable LIB Recycling: Leaching Mechanisms, Life - Cycle Assessment, and Future Roadmap》的研究成果，团队本科生潘晔，博士生赵松安为共同第一作者。该成果系统总结了DES在废旧LIBs绿色回收领域的研究进展，梳理其通过“质子攻击—配位稳定”协同机制实现高效溶解与选择性分离，并从LCO、NCM、LFP及石墨等典型电极材料出发，阐明酸度、还原性、配体化学、水含量与黏度等关键因素对金属浸出和分离行为的调控规律；进一步结合生命周期评价（LCA）与技术经济分析（TEA），揭示DES兼具环境与经济潜力，构建从分子设计、过程强化到溶剂再生与闭环回收的产业化路线图，并进一步强调前端原料解构与后端材料再生的全流程协同，提出以目标产物需求反向指导原料分级、浸出分离及后端再生的思路，为应对实际黑粉组成波动及推动再生资源与原生资源协同利用提供新的发展方向。03【论文亮点】1、从配位化学视角系统总结DES在LIBs浸出过程中的作用机制本文系统梳理了国内外研究者关于DES浸出机制的研究，从金属离子配位行为出发，总结质子诱导晶格破坏与金属离子配位稳定在金属溶解过程中的协同作用，并归纳“质子作用—晶格破坏—金属配位—溶解稳定”的机制关系，为进一步理解DES的金属浸出行为提供新的认识视角。2、系统阐明DES组成与LIBs回收过程的构效关系围绕HBA/HBD组成、酸性、氧化还原能力、配位能力、水含量及黏度等关键因素，系统梳理国内外研究者对不同金属浸出行为的研究，着重总结DES分子组成与金属浸出性能之间的构效关系及协同调控规律，并进一步归纳DES分子设计与金属浸出、选择性分离及后续资源化回收之间的联系，提出“分子设计—浸出—分离—回收”的全流程研究思路，为DES基LIBs回收体系的设计与优化提供参考。3、结合LCA与TEA技术，多维度分析DES基LIBs回收技术本文结合LCA与TEA，从环境影响、能源消耗、经济成本等多个维度，对已有DES基LIBs回收研究进行系统分析，并与传统湿法冶金路线进行对比，归纳DES在环境与经济性能方面的优势与局限，为后续研究开展更加全面的技术评价提供参考。4、系统梳理DES基LIBs回收面向实际应用的关键问题与发展方向针对国内外研究中普遍关注的高黏度、传质受限、溶剂再生、杂质累积以及真实废旧电池原料适配性等问题，本文系统梳理现有研究进展及面临的关键挑战，并从DES分子设计、过程强化、溶剂循环、真实原料适配以及上下游协同等方面总结未来可能的发展方向，为推动DES基LIBs回收由实验室研究向实际应用发展提供参考。04【核心内容】传统湿法冶金可通过浸出、分离等过程实现废旧LIBs中有价金属的高效回收，是目前应用最为成熟的回收技术之一。在众多湿法回收路线中，碱浸、无机酸浸、有机酸浸和生物浸出因其不同的化学作用机制和过程特征而受到广泛关注。其中，无机酸浸具有浸出效率高、工艺成熟等优势，但面临酸耗高、设备腐蚀及废水处理等问题；有机酸浸更加温和环保，但受限于反应动力学和试剂成本；生物浸出具有低能耗、低污染优势，却存在反应周期长、培养条件严格及产业化程度低等瓶颈。基于此，本文系统梳理了废旧LIBs湿法冶金回收技术，围绕碱浸、无机酸浸、有机酸浸和生物浸出四类主要路线，总结其金属浸出、选择性分离及过程强化策略。系统比较不同技术在浸出效率、选择性、环境影响和经济性方面的特点，进一步指出传统湿法冶金仍难以同时兼顾高效率、高选择性、环境友好性与经济性，为DES等新型绿色回收体系的发展提供了重要需求。在DES在废旧LIBs的回收中的应用与发展方面，从DES的组成、形成机制及分类出发，分析其低熔点、低挥发性、低毒性、易制备及可设计等优势，并进一步解析影响金属回收的关键因素。研究表明，DES中的酸度、氧化还原能力及配体/阴离子化学共同调控正极晶格破坏与金属离子溶解；水含量和黏度则通过改变配位环境与传质过程影响浸出动力学及选择性。在金属分离阶段，金属—配体稳定性差异、选择性沉淀和反溶剂结晶进一步实现多金属体系的选择性分离。在机制层面，本文进一步梳理了已有研究对DES中“质子攻击—配位稳定”协同溶解机制的认识：H⁺首先攻击正极中的金属—氧键，促进晶格破坏并释放金属离子，随后DES中的配体通过与溶出金属离子配位形成稳定络合物，从而促进金属持续溶解。在材料体系方面，本文系统梳理了国内外研究者针对LCO、NCM、LFP及石墨负极开展的差异化回收研究。已有研究表明，LCO体系主要围绕酸度、还原能力及金属配位行为调控Li和Co的浸出与分离；对于NCM体系，研究者主要利用Li、Ni、Co、Mn与DES组分之间的配位差异，并结合沉淀、结晶等方法实现多金属分离；针对LFP中Li/Fe选择性分离问题，已有研究进一步引入机械化学、光解、氧化及碳热冲击等过程强化手段。此外，DES也被用于石墨负极的杂质去除、纯化再生及功能化处理。通过对上述研究的系统归纳可以看出，DES在LIBs回收中的应用已逐步从单一的金属浸出拓展至分离、再生及材料功能化等多个环节。在工艺性能综合评估中，本研究系统比较了酸浸、碱浸与DES浸出三种湿法冶金路线，涵盖反应条件、浸出效率、溶剂用量、可回收性，以及LCA和TEA等多维度指标。结果表明，酸浸在强酸与还原剂辅助下浸出动力学最为迅速；碱浸因OH⁻与Li反应并破坏材料结构，反应速率居中；DES则受限于高黏度和内部氢键网络，传质受阻，浸出速率最慢。然而，DES的浸出过程依赖于表面质子化、金属还原、配体配位及金属-配合物扩散的协同作用，在适度液固比下仍能实现良好浸出效果，且表现出优异的溶剂循环稳定性。经济性方面，DES直接成本最高（8.63美元/kg），高于酸浸（6.71美元/kg）和碱浸（7.54美元/kg），主要源于原料成本。但通过萃取—沉淀集成分离，DES可获得更高金属回收率与产品纯度，实现利润约5.29美元/kg和收益13.92美元/kg，说明其前期高成本可通过选择性与一体化优势部分抵消。环境表现上，DES避免强酸强碱使用，减少废物产生，酸化与毒性潜势明显优于酸碱法；但其非生物资源消耗与全球变暖潜势偏高，主要与化石基原料、制备能耗及较高温长时间操作有关。未来需发展生物基DES、优化合成与浸出条件、构建闭环回收体系，并结合工业规模验证（考虑物流、能源和原料供应链等因素），以进一步提升LCA/TEA评价的可靠性，推动绿色低碳回收技术的实际应用。a-c) Comparison of three leaching processes under different parameters. d-f) Cost percentages of recycling process. g) Revenue analysis. h) Profit analysis. i) Overall environmental impact comparison of the three recycling processes.05【总结与展望】该成果系统梳理了DES在废旧LIBs资源化回收中的研究进展，从DES的组成、形成机制与分类出发，围绕LCO、NCM、LFP等典型正极材料及石墨负极，系统总结了其浸出、分离、再生与功能化策略。在此基础上，本文阐述了在多个DES浸出体系中得到体现的“质子攻击—配位稳定”协同溶解机制，进一步结合不同金属的配位差异、选择性沉淀及反溶剂结晶等策略，DES的作用逐渐由传统浸出介质拓展至“浸出—分离—再生—功能化”一体化回收平台。此外，DES已展现出对不同类型废旧LIBs的适应能力。同时，DES也被证明具有较强的分子可设计性和过程可调控性，为构建面向不同废旧LIBs组成的定制化回收体系提供了新的可能。尽管如此，基于DES的LIBs回收仍处于由实验室研究向实际应用发展的关键阶段。现有研究表明，高黏度及复杂氢键网络导致的传质受限和浸出动力学缓慢，是影响DES规模化应用的重要因素，未来可进一步探索低黏度DES、适量共溶剂以及超声、微波等过程强化手段，并加强DES组成、氢键结构、黏度与浸出动力学之间定量关系的研究。同时，针对长期循环过程中可能发生的组分消耗、热分解、氧化及金属离子累积，需要进一步发展溶剂再生与结构监测方法；机器学习、神经网络及热力学模型等技术也有望为DES组成与性能预测及反向设计提供新的研究工具。面向实际应用，未来研究还应进一步从成分明确的实验室级电极材料转向含集流体、隔膜、电解液残留、黏结剂、导电碳及多种金属杂质的真实废旧LIBs，重点关注复杂杂质条件下的选择性浸出、产品纯化及溶剂稳定性。同时，实际黑粉处理还需要加强与下游材料制备环节的协同，根据目标产品需求反向优化原料分级、浸出及分离工艺，使前端解构获得的物料组成和杂质水平更好地匹配后续材料制备要求。此外，通过探索黑粉与红土镍矿等原生资源的协同处理，在不同来源物料具有较好组成匹配性的情况下，可进一步共享后续纯化及前驱体合成单元，从而提高资源配置效率和体系对原料波动的适应能力。通过上述研究方向，有望推动DES基LIBs回收从单纯关注浸出效率逐步转向以目标产品为导向的全流程协同与资源整合。投稿邮箱tougao@cailiaoren.com投稿以及内容合作可加微信cailiaorenVIP",,,,pending
东南大学，最新Nature！,材料人,材料人,"RIOnews API, 钙钛矿, 高比能, 硅, 学术研究, 大学, 教授, 期刊",normal,2026-08-25T11:37:00+08:00,,近日，东南大学化学化工学院姚惠峰教授团队与天合光能、复旦大学等单位合作，在钙钛矿/钙钛矿/晶体硅三结太阳电池研究方面取得重要进展。相关成果以“三结太阳电池的缺陷钝化与光学管理（Defect passivation and optical management of triple-junction solar cells）”为题发表于国际顶级学术期刊《Nature》。钙钛矿/钙钛矿/晶体硅三结太阳电池通过不同带隙吸光材料对太阳光谱进行分级利用，具有突破单结太阳电池效率极限的潜力。其中，宽带隙钙钛矿顶电池是获得高输出电压的关键，但其表面缺陷和非辐射复合等问题，造成显著的电压损失，成为制约三结器件效,http://mp.weixin.qq.com/s?__biz=MjM5ODcyMzk0Mg==&mid=2651241858&idx=1&sn=5b93940f854aaf558b26e3122ad21a65,,近日，东南大学化学化工学院姚惠峰教授团队与天合光能、复旦大学等单位合作，在钙钛矿/钙钛矿/晶体硅三结太阳电池研究方面取得重要进展。相关成果以“三结太阳电池的缺陷钝化与光学管理（Defect passivation and optical management of triple-junction solar cells）”为题发表于国际顶级学术期刊《Nature》。钙钛矿/钙钛矿/晶体硅三结太阳电池通过不同带隙吸光材料对太阳光谱进行分级利用，具有突破单结太阳电池效率极限的潜力。其中，宽带隙钙钛矿顶电池是获得高输出电压的关键，但其表面缺陷和非辐射复合等问题，造成显著的电压损失，成为制约三结器件效,近日，东南大学化学化工学院姚惠峰教授团队与天合光能、复旦大学等单位合作，在钙钛矿/钙钛矿/晶体硅三结太阳电池研究方面取得重要进展。相关成果以“三结太阳电池的缺陷钝化与光学管理（Defect passivation and optical management of triple-junction solar cells）”为题发表于国际顶级学术期刊《Nature》。钙钛矿/钙钛矿/晶体硅三结太阳电池通过不同带隙吸光材料对太阳光谱进行分级利用，具有突破单结太阳电池效率极限的潜力。其中，宽带隙钙钛矿顶电池是获得高输出电压的关键，但其表面缺陷和非辐射复合等问题，造成显著的电压损失，成为制约三结器件效率进一步提升的重要瓶颈。针对这一关键问题，团队从分子结构出发，设计并合成了一种新型界面钝化材料4F-POEABr。该分子将具有强吸电子能力的全氟芳香共轭骨架与铵盐钝化基团集成，可以实现化学钝化和场效应钝化的协同，是该工作的核心材料设计思路。实验结果表明，4F-POEABr能够有效降低宽带隙钙钛矿的表面缺陷和非辐射复合，提高薄膜均匀性，同时显著抑制光照条件下的卤素迁移和相分离。经该分子修饰后，1.95eV宽带隙子电池可以获得1.413V的开路电压。在此基础上，合作团队进一步结合多结器件光学管理，通过SnOx/IZO中间层的调控，优化了三结器件内部光场分布和子电池电流匹配，最终实现了32.22%的认证稳态光电转换效率。该研究表明，通过有机功能分子的精准结构设计，在分子尺度协同调控钙钛矿界面的化学缺陷与局域电场，是降低电压损失、提升多结太阳电池性能的有效途径。论文第一作者为东南大学与天合光能联合培养博士后徐业。东南大学化学化工学院姚惠峰，复旦大学张鸿，天合光能高纪凡、陈奕峰、张学玲和谢志刚为论文共同通讯作者，东南大学为共同通讯单位。论文链接：https://www.nature.com/articles/s41586-026-11010-8.本文内容来源：https://news.seu.edu.cn/2026/0818/c55840a579609/page.htm投稿邮箱tougao@cailiaoren.com投稿以及内容合作可加微信cailiaorenVIP计算服务如果您希望开展计算工作，苦于没有合适的计算人才，也可以联系我们。5年以来，我们与入驻材料人平台的300余位计算顾问一起，共同服务了超过5000位客户，涵盖了包括VASP在内的多款软件以及第一性原理、分子动力学、有限元等领域。扫描添加客服微信,,,,pending
天大、北大、香港城大Science：焦耳加热瞬态组装精准铂壳厚度金属间催化剂,材料人,材料人,"RIOnews API, 新材料, 电池材料, 钙钛矿, 高比能, 凝胶, 前沿表征, 工况, 固态电池, 陶瓷材料, 学术研究, 大学, 教授, 期刊",normal,2026-08-25T11:37:00+08:00,,以下文章来源于深圳焦耳智控科技，作者三石深圳焦耳智控科技.深圳焦耳智控科技有限公司致力于高温试验解决方案，主营高温加热、超快热冲击设备的研发和生产。【背景】核壳结构铂基金属间化合物是质子交换膜燃料电池阴极氧还原反应的核心高性能催化剂，但传统合成方式依靠热力学平衡调控，需要长时间高温退火、酸洗、二次退火多步流程，制备流程繁琐且难以精准调控原子尺度表层结构。长时间高温处理易引发颗粒熟化、金属相分离，酸洗步骤还会造成铂壳厚度不均、界面电子与应变效应难以精准调控，同时常规管式炉、持续焦耳加热等平衡合成手段只能得到稳定 L1₂型 Pt₃Fe 合金相，无法一步生成有序金属间核 - 铂薄壳结构。严重限制催化,http://mp.weixin.qq.com/s?__biz=MjM5ODcyMzk0Mg==&mid=2651241858&idx=3&sn=aabbe7980f3db6c6d015a8e09a157d79,,以下文章来源于深圳焦耳智控科技，作者三石深圳焦耳智控科技.深圳焦耳智控科技有限公司致力于高温试验解决方案，主营高温加热、超快热冲击设备的研发和生产。【背景】核壳结构铂基金属间化合物是质子交换膜燃料电池阴极氧还原反应的核心高性能催化剂，但传统合成方式依靠热力学平衡调控，需要长时间高温退火、酸洗、二次退火多步流程，制备流程繁琐且难以精准调控原子尺度表层结构。长时间高温处理易引发颗粒熟化、金属相分离，酸洗步骤还会造成铂壳厚度不均、界面电子与应变效应难以精准调控，同时常规管式炉、持续焦耳加热等平衡合成手段只能得到稳定 L1₂型 Pt₃Fe 合金相，无法一步生成有序金属间核 - 铂薄壳结构。严重限制催化,"以下文章来源于深圳焦耳智控科技，作者三石深圳焦耳智控科技.深圳焦耳智控科技有限公司致力于高温试验解决方案，主营高温加热、超快热冲击设备的研发和生产。【背景】核壳结构铂基金属间化合物是质子交换膜燃料电池阴极氧还原反应的核心高性能催化剂，但传统合成方式依靠热力学平衡调控，需要长时间高温退火、酸洗、二次退火多步流程，制备流程繁琐且难以精准调控原子尺度表层结构。长时间高温处理易引发颗粒熟化、金属相分离，酸洗步骤还会造成铂壳厚度不均、界面电子与应变效应难以精准调控，同时常规管式炉、持续焦耳加热等平衡合成手段只能得到稳定 L1₂型 Pt₃Fe 合金相，无法一步生成有序金属间核 - 铂薄壳结构。严重限制催化剂活性、稳定性的同步提升，也难以实现多组分多元核壳金属间催化剂的拓展制备，亟需一种脱离热力学平衡限制、超快且具备原子级结构调控能力的全新合成方法。本实验中使用的焦耳加热设备为： 深圳焦耳智控科技有限公司 研发的HTS焦耳超快加热装置【工作介绍】天津大学胡文彬、丁佳、吴忠教授团队，联合北京大学周继寒研究员、香港城市大学刘彬教授团队，提出非平衡瞬态组装（TA）策略。依靠周期性热脉冲驱动材料不断经历高能瞬态结构演化，实现秒级一步合成原子精度铂薄壳金属间催化剂 Pt@PtFe-i。以Pt-Fe体系为例，首轮热脉冲依靠过热效应选择性挥发部分 Fe 原子形成含有大量空位的无序Pt₃Fe颗粒，后续热脉冲逐步诱导 Pt 向表面偏析、内部原子有序化，最终生成 L1₀型有序 PtFe 金属间结构。脉冲升温速率可灵活调节 Fe 挥发量，精准控制 1–6 层不同厚度铂壳，该合成路线无需酸洗、长时间退火，且具备普适性，可拓展至多主族、多过渡金属、高熵核壳金属间纳米晶体系；原子断层成像、同步辐射 EXAFS 表征证实铂壳存在配位依赖压缩应变，理论计算表明应变可优化氧吸附能，大幅提升位点活性。最优三层铂壳 Pt₃L@PtFe-i 半波电位达 0.951 V，质量活性是商业 Pt/C 的 16 倍，低铂载量 0.1 mg cm⁻²下，氢空工况下燃料电池峰值功率密度可达 1.25 W cm⁻²，3 万次耐久循环后峰值功率仅衰减 3.2%，各项性能全面超过美国能源部商用指标，同时该工艺可实现克级规模化制备，适配卷对卷工业化生产。该成果以“ Transient assembly of precision-tuned platinum-skin intermetallic catalysts for fuel cells”为题发表在《 Science 》期刊上。【图文详情】对比传统热力学多步合成与本研究瞬态脉冲一步法流程，传统工艺需数小时退火 + 酸洗再退火，脉冲法仅需数秒；B1/B2/B3 分别为 1 次、10 次、20 次脉冲后的 HAADF 图像，直观展示从缺陷无序合金、初步核壳到完整有序 L1₀核壳结构的演化过程；C 对比管式炉、持续焦耳加热、脉冲瞬态组装三种路径的体系能量变化，证明仅周期性脉冲可稳定维持高能中间态并生成目标核壳；D、E 为Pt@PtFe-i整体与原子级分辨率 STEM 图像，清晰区分 Pt 外壳与有序 PtFe 内核；F 内核与外壳 FFT 图谱验证两相晶型；G 小波变换 EXAFS 图谱证实 Pt-Fe 近邻配位、Pt-Pt 键长收缩，证明界面压缩应变存在。展示脉冲升温速率对铂壳层数的精准调控能力，A 为不同升温速率下的脉冲升温程序；B 为不同升温速率下金属熔体和蒸气的非平衡压力-温度图，升温速率越高 Fe 挥发越显著；C 拟合铁损失比例与升温速率指数关联曲线；D、E 为不同升温速率对应产物 STEM，实现 0–6 层铂壳连续调控；F 统计不同壳层样品 Pt/Fe 原子比例，与理论核壳模型匹配；G 罗列该方法可合成的多元金属元素半径、熔点、晶型范围，体现方法通用性。催化剂电化学与燃料电池性能，A 为不同铂壳催化剂氧还原 LSV 曲线，三层铂壳性能最优；B 半波电位与比活性达到领先水平；C 与已报道金属间催化剂做耐久性横向对比；D 单电池铂基质量活性远超 DOE 标准；E 氢氧、氢空电池极化与功率曲线；F 主流文献峰值功率对标；G 展示 9 万次循环极化曲线；H 统计 3 万次循环后功率与电压衰减；I 汇总活性、稳定性多项指标与美国能源部目标对比，全面达标。原子尺度活性位点与催化机理解析，A 统计表层 Pt 配位数分布；B 区分不同晶面原子分布；C 沿表层至内核统计 Pt-Pt 键长，证实逐层压缩应变；D、E 不同配位数 Pt 原子键长统计；F 铂壳压缩应变分布示意图；G 氧吸附能等高图，证明应变调控可将大量位点优化至最优活性区间；H 高活性原子三维映射，约 52%–58% 表层 Pt 具备优异氧还原催化能力。【结论】本研究建立基于周期性热脉冲的非平衡瞬态组装合成策略，突破传统热力学平衡合成的固有缺陷，无需酸洗与长时间热处理，在数秒内一步制备原子层厚度可控的铂薄壳金属间核壳催化剂。依靠脉冲诱导 Fe 选择性挥发、Pt 表面偏析与金属间有序化同步完成，可灵活调控 1 至 6 层铂壳厚度，且能拓展至高熵、多主族多元核壳金属间纳米晶。原子表征与理论计算共同揭示铂壳配位相关压缩应变能够优化氧中间体吸附能，大幅提升氧还原活性位点占比，最优三层铂壳催化剂兼具超高半波电位、质量活性与超长耐久度。搭载该阴极的低铂载质子交换氢空燃料电池峰值功率优异，老化衰减极低，全面满足商用燃料电池性能指标，同时该合成路线低成本、易放大、适配工业卷对卷生产，为精准构筑复杂层状贵金属纳米催化剂提供全新非平衡制备范式，对燃料电池低铂催化材料产业化具有重要指导价值。【参考文献】Jia Ding et al. Transient assembly of precision-tuned platinum-skin intermetallic catalysts for fuel cells.Science393,178-183 (2026).DOI:10.1126/science.aeg2036深圳焦耳智控科技有限公司主营高温加热、超快热冲击设备的研发、生产，代表产品有HTS焦耳超快加热装置、HTL高温长时加热装置、FJH焦耳闪蒸加热装置、JVP焦耳真空蒸镀装置、USP超高温等离子加热装置。公司致力于实验室(超)高温实验解决方案，目前我公司设备已广泛应用于能源催化材料、电池材料、气凝胶、钙钛矿、石墨烯等二维材料、高熵合金及高熵化合物、陶瓷材料等材料的快速高质量制备。 【背景】核壳结构铂基金属间化合物是质子交换膜燃料电池阴极氧还原反应的核心高性能催化剂，但传统合成方式依靠热力学",,,,pending
本周三晚，周济院士报告直播！,材料人,材料人,"RIOnews API, 新材料, 固态电池, 陶瓷材料, 学术研究, 大学, 教授, 科学院, 研究所",normal,2026-08-25T11:37:00+08:00,,《数学与材料实验室系列讲座》由丘成桐先生与北大潘锋教授共同发起的线上线下系列讲座，材料人受邀进行直播。本周三将开展第二场活动！本场活动荣幸邀请到丘成桐先生出席并发表讲话。报告标题当超材料遇到数学——从数学模型到物理实现与材料赋能的一条路径报告时间2026年8月26日19:30-21:00报告摘要超材料是一类通过人工结构单元实现自然界所不具备的超常性质的人工材料，超构材料学则致力于将超材料的原理用于广泛的常规材料领域。超材料的产生与发展与数学原理密不可分。本报告试图探讨超材料与数学进一步融合发展的可能性。一方面，数学原理为启发新型超材料、设计和优化超材料提供了强大的手段；另一方面，超材料作为数学,http://mp.weixin.qq.com/s?__biz=MjM5ODcyMzk0Mg==&mid=2651241858&idx=2&sn=7b3f1901da104871df0367add0844d8b,,《数学与材料实验室系列讲座》由丘成桐先生与北大潘锋教授共同发起的线上线下系列讲座，材料人受邀进行直播。本周三将开展第二场活动！本场活动荣幸邀请到丘成桐先生出席并发表讲话。报告标题当超材料遇到数学——从数学模型到物理实现与材料赋能的一条路径报告时间2026年8月26日19:30-21:00报告摘要超材料是一类通过人工结构单元实现自然界所不具备的超常性质的人工材料，超构材料学则致力于将超材料的原理用于广泛的常规材料领域。超材料的产生与发展与数学原理密不可分。本报告试图探讨超材料与数学进一步融合发展的可能性。一方面，数学原理为启发新型超材料、设计和优化超材料提供了强大的手段；另一方面，超材料作为数学,《数学与材料实验室系列讲座》由丘成桐先生与北大潘锋教授共同发起的线上线下系列讲座，材料人受邀进行直播。本周三将开展第二场活动！本场活动荣幸邀请到丘成桐先生出席并发表讲话。报告标题当超材料遇到数学——从数学模型到物理实现与材料赋能的一条路径报告时间2026年8月26日19:30-21:00报告摘要超材料是一类通过人工结构单元实现自然界所不具备的超常性质的人工材料，超构材料学则致力于将超材料的原理用于广泛的常规材料领域。超材料的产生与发展与数学原理密不可分。本报告试图探讨超材料与数学进一步融合发展的可能性。一方面，数学原理为启发新型超材料、设计和优化超材料提供了强大的手段；另一方面，超材料作为数学的物理映射也为数学从形式科学走向实证科学提供了一种可能性。借助于超材料和超构材料学，有望发展出一条具有普适性且可范式化的数学赋能材料的路径。嘉宾简介周济，清华大学材料学院教授，中国工程院院士。1983年毕业于吉林大学电子科学系，1986年在中国科学院长春物理研究所获得硕士学位，1991年在北京大学化学系获得博士学位，1991年起在清华大学材料系（材料学院）任博士后、副教授、教授。兼任清华大学材料学院学术委员会主任、第八届国务院学位委员会材料学科评议组召集人、中国国际科技促进会副会长、北京交叉科学学会理事长等。主要研究方向包括超材料、人工物质系统、超构材料学及功能陶瓷材料等。发表学术论文500余篇，出版学术专著3部，授权发明专利70余项，获国家自然科学奖（二等）和国家技术发明奖（二等）等奖励。直播地址欢迎加入材料人AI+新材料交流群，入群的老师联系微信：cailiaokefu。,,,,pending
神经形态显示新突破：这款“发光晶体管”能同时计算、显示和滤波！,材料人,材料人,"RIOnews API, 新材料, 聚合物",normal,2026-08-25T11:37:00+08:00,,在人工智能和大数据时代，我们手中的电子设备正面临前所未有的挑战。传统的冯·诺依曼计算架构中，存储器和处理器是分离的，数据在两者之间频繁“搬运”，不仅速度受限，功耗也居高不下。然而，人脑却是一种极高效的计算系统，其存储与计算一体存于神经元突触之间。同时，神经元拥有“全或无”的阈值决策机制（即只有输入信号足够强时，神经元才会“点火”）。受此启发，科学家们一直在努力研发能够模仿人脑功能的“神经形态器件”。近日，一项发表于国际顶级期刊JACS的研究成果，为我们展示了一种全新的解决方案：长余辉发光晶体管（LALET）。基于三元共聚的简易合成方法对半导体聚合的极性实现精准调控，使得器件成功实现集存储、计算,http://mp.weixin.qq.com/s?__biz=MjM5ODcyMzk0Mg==&mid=2651241858&idx=4&sn=71aa2b71fbedd1def11c183a5750d160,,在人工智能和大数据时代，我们手中的电子设备正面临前所未有的挑战。传统的冯·诺依曼计算架构中，存储器和处理器是分离的，数据在两者之间频繁“搬运”，不仅速度受限，功耗也居高不下。然而，人脑却是一种极高效的计算系统，其存储与计算一体存于神经元突触之间。同时，神经元拥有“全或无”的阈值决策机制（即只有输入信号足够强时，神经元才会“点火”）。受此启发，科学家们一直在努力研发能够模仿人脑功能的“神经形态器件”。近日，一项发表于国际顶级期刊JACS的研究成果，为我们展示了一种全新的解决方案：长余辉发光晶体管（LALET）。基于三元共聚的简易合成方法对半导体聚合的极性实现精准调控，使得器件成功实现集存储、计算,"在人工智能和大数据时代，我们手中的电子设备正面临前所未有的挑战。传统的冯·诺依曼计算架构中，存储器和处理器是分离的，数据在两者之间频繁“搬运”，不仅速度受限，功耗也居高不下。然而，人脑却是一种极高效的计算系统，其存储与计算一体存于神经元突触之间。同时，神经元拥有“全或无”的阈值决策机制（即只有输入信号足够强时，神经元才会“点火”）。受此启发，科学家们一直在努力研发能够模仿人脑功能的“神经形态器件”。近日，一项发表于国际顶级期刊JACS的研究成果，为我们展示了一种全新的解决方案：长余辉发光晶体管（LALET）。基于三元共聚的简易合成方法对半导体聚合的极性实现精准调控，使得器件成功实现集存储、计算、显示于一身，还能像神经元一样智能地过滤“噪音”，实现了超过90%的图像识别准确率。1、材料“配方”是核心：精确调控电荷“车流”研究团队合成了一系列名为“DPPmT”的有机共聚物材料。这类材料具有“给体-受体”（D-A）结构，类似于一条分子导线，负责传输电荷（空穴和电子）。通过一种叫做“三元共聚”的巧妙化学合成策略，研究人员精确调控了给体（D）和受体（A）的比例，得到了四种材料：DPP4T、DPP6T、DPP8T和DPP12T。研究发现，共轭聚合物的空穴的传输能力（迁移率）随着D/A比例变化而略有下降，但始终保持在较高水平。然而电子迁移率能力则被显著抑制。其中，“DPP8T”表现最为均衡：它拥有很高的空穴迁移率（**0.42 cm²V⁻¹s⁻¹），同时电子迁移率极低（0.00141 cm²V⁻¹s⁻¹），实现了高达98.6的空穴/电子迁移率比。2、双模显示：像人脑一样“记忆”和“响应”基于DPP8T这类低极性高迁移率聚合物材料，研究团队构建了长余辉发光晶体管（LALET）。这款器件的核心结构包含一个“浮栅”（类似电荷存储的“小仓库”），使其具备了记忆功能。令人惊奇的是，仅仅通过改变施加栅极电压的正负极性，该器件就能呈现两种截然不同的显示模式：a，“长余辉”（LA）模式（施加正电压）：相当于“写入”过程。电子被注入并存储到“浮栅”中。即使撤去电压，存储的电子仍会产生额外电场，吸引更多空穴到沟道，使晶体管持续导通，发光也随之持续。这就像给显示器“充能”后，它还能“记忆”并保持发光一段时间。b，“点击开启”（CO）模式（施加负电压）：相当于“读取”过程。空穴直接被电场激活，形成瞬时大电流，产生明亮的发光。一旦撤去电压，电流和发光立即消失，响应速度极快。这种通过单一器件实现“记忆显示”和“即时显示”双模式切换的功能，为未来可重构显示技术开辟了新思路。3、内置“智能滤镜”：模拟神经元的“全或无”法则生物神经元有一个重要特性：只有当接收到的刺激超过某个阈值时，才会产生响应（“全或无”定律）。这能有效过滤掉环境中的微弱噪声信号。LALET器件神奇地模拟了这一功能。研究发现，该器件存在一个约10微安（μA）的“开启电流”阈值。当弱刺激（如15V脉冲）输入后，后突触电流（0.29 μA）远低于阈值，器件不发光，噪声被有效过滤。当强刺激（如45V脉冲）输入后，后突触电流（257 μA）远超阈值，器件立即强发光。利用这一特性，研究团队构建了一个“神经形态光电耦合器”系统。该系统能够执行“刺激-计算-决策-行动”的完整逻辑链：输入弱信号 → 系统判断为“噪音” → 不做反应（电机不转）；输入强信号 → 系统分析决策 → 电机执行反馈指令。研究人员甚至用这个系统成功控制了一个玩具舞蹈小人，生动展示了其在未来智能机器人领域的应用潜力。4、超越90%识别率：用于“储层计算”与“降噪显示”更进一步，LALET器件的时间依赖可塑性使其成为储池计算（Reservoir Computing）系统的理想物理平台。储层计算是一种擅长处理时间序列信号的轻量级递归神经网络。研究人员将“Fashion-MNIST”（服装分类数据集）图像编码成电压脉冲序列输入LALET。基于器件的后突触“电信号”（PSC）和“光信号”（PSE）输出，识别准确率分别达到了90.8%和91.7%。更值得一提的是“噪声过滤显示”的演示。当输入含大量噪声的数字（如“0”）时，传统系统会给出模糊的预测概率（如“0”的概率仅79.3%）。但LALET凭借其内置的非线性阈值特性，会直接“砍掉”所有低于阈值的小概率误判，只让高置信度的正确结果（“0”）产生明显亮度输出，实现了显示端的“去伪存真”。5、总结与展望这项研究通过巧妙的化学设计——调控共轭聚合物的给/受体比例，成功实现了对电荷传输极性的精细控制，从而研制出性能卓越的长余辉发光晶体管。该器件集成了高迁移率、双模显示、突触可塑性、内置噪声滤波等多种功能，在单一半导体器件上再现了生物神经元的复杂行为。它不仅为神经形态计算提供了新的硬件基础，也为未来低功耗、高集成度、具有环境自适应能力的智能显示和软体机器人技术铺平了道路。**论文信息**- **题目**：Chemical Tuning of Charge Transport Polarity in Light-Emitting Transistors Enabling Neuromorphic Display, Computing, and Optocoupler- **作者**：Yusheng Chen, Zhongshi Ju, Zheng Chen, Boyuan Yu, Yun Wang, Jin Li, Peng Li, Jiangang Ma, Paolo Samori*https://doi.org/10.1021/jacs.6c10068投稿邮箱tougao@cailiaoren.com投稿以及内容合作可加微信cailiaorenVIP",,,,pending
必读重要通知!会议时间变更为10月19-20日,今日锂电,今日锂电,"RIOnews API, 新材料, 电池材料, 碳, 隔膜, 复合集流体, 聚合物, 高比能, 锂金属, 富锂锰, 硅, 前沿表征, 原位, 固态电池, 固态电解质, 钠离子电池, 钠电, 学术研究, 大学, 教授, 科学院, 研究所, 技术进展, 技术突破, 制备工艺, 界面优化, 前沿技术",normal,2026-08-25T11:34:18+08:00,,已参会单位：宁德时代/国轩/兰均/广汽/北汽/东风/奇瑞/亿纬/星恒/有研/盟固利/五矿长少院/中科院宁波所/中科院物理所/中科院高能所...重磅会议两会并行分会场60+大咖报告嘉宾800+参会人员聚焦固态电解质/硅碳/磷酸（锰）铁锂/锰系材料 第二届固态电池新技术应用与材料制备验证技术会议 同期举办：第四届锰系与高压实磷酸铁锂技术研讨会 赞助展台预订中...演讲报告开放预约中...第二届固态电池新技术应用与材料制备验证技术会议同期举办：第四届锰系与高压实磷酸铁锂技术研讨会PART 01会议组织TECHNOLOGY主办单位：今日锂电/今日钠电承办单位：北京京昇文化传播有限公司 会议时间：202,http://mp.weixin.qq.com/s?__biz=MzkyNzc0MDc0MA==&mid=2247519080&idx=3&sn=ce09152b014232b34552a8965ce4f805,,已参会单位：宁德时代/国轩/兰均/广汽/北汽/东风/奇瑞/亿纬/星恒/有研/盟固利/五矿长少院/中科院宁波所/中科院物理所/中科院高能所...重磅会议两会并行分会场60+大咖报告嘉宾800+参会人员聚焦固态电解质/硅碳/磷酸（锰）铁锂/锰系材料 第二届固态电池新技术应用与材料制备验证技术会议 同期举办：第四届锰系与高压实磷酸铁锂技术研讨会 赞助展台预订中...演讲报告开放预约中...第二届固态电池新技术应用与材料制备验证技术会议同期举办：第四届锰系与高压实磷酸铁锂技术研讨会PART 01会议组织TECHNOLOGY主办单位：今日锂电/今日钠电承办单位：北京京昇文化传播有限公司 会议时间：202,已参会单位：宁德时代/国轩/兰均/广汽/北汽/东风/奇瑞/亿纬/星恒/有研/盟固利/五矿长少院/中科院宁波所/中科院物理所/中科院高能所...重磅会议两会并行分会场60+大咖报告嘉宾800+参会人员聚焦固态电解质/硅碳/磷酸（锰）铁锂/锰系材料 第二届固态电池新技术应用与材料制备验证技术会议 同期举办：第四届锰系与高压实磷酸铁锂技术研讨会 赞助展台预订中...演讲报告开放预约中...第二届固态电池新技术应用与材料制备验证技术会议同期举办：第四届锰系与高压实磷酸铁锂技术研讨会PART 01会议组织TECHNOLOGY主办单位：今日锂电/今日钠电承办单位：北京京昇文化传播有限公司 会议时间：2026年10月19-20日（18日签到）会议地点：中国·杭州总冠名/联合主办/招募中···协办单位：/招募中···东莞市星辰锂能咨询有限公司淄博华鸣新材料有限公司深圳市新能源行业协会支持单位：/招募中···新能源前沿新能源在线锂电PLUS展台赞助：/招募中···山东杰特姆粉体技术设备有限公司淄博华鸣新材料有限公司张家港市日新机电有限公司潍坊追日磁电科技有限公司安徽麒锂特科技有限公司宜春万申智能装备股份有限公司上海菩正电子科技有限公司江苏亮果金属制品有限公司合肥原位科技有限公司PART 02会议内容TECHNOLOGY中国《新能源汽车产业发展规划》明确支持固态电池研发，2025年全球固态电池市场规模预计突破百亿元，固态电池已成为公认的下一代电池，在过去的一年里，固态电池新技术与产业化进程以比预计中的更快的速度发展，然而固态电池还存在关键技术突破和产业化制备成本问题。在固态电池商用还不可极的当下，仍还是磷酸铁锂的天下，作为磷酸铁锂最重要的技术迭代与升级方向，高压实磷酸铁锂与磷酸锰铁锂技术将是现在的重点发展方向，并且和富锂锰基、高电压镍锰酸锂、高镍三元材料形成竞争未来适配固态电池正极材料的格局，而富锂锰基材料理论能量密度超1000Wh/kg，成本较高镍三元材料（价格高、技术成熟度高、安全性存疑）低25%-40%，被认为是固态电池最佳适配正极材料，高电压镍锰酸锂工作电压高达5V，比能650Wh/kg，更适合固态电池高电压体系，未来谁来主导，还要看技术成熟度。2026固态电池新技术应用与材料制备验证技术会议，同期同址举办：第四届锰系与磷酸铁锂技术应用研讨会，定于2026年10月19-20日在杭州召开，旨在进一步加快固态电池、锰系与磷酸铁锂方面新技术创新应用，破解技术与产业化制备难题，评选表彰近年来在固态电池、锰系与磷酸铁锂行业做出突出成绩的优秀科研人员和企业，特邀请参与本次会议，共同交流探讨固态电池与锰系与磷酸铁锂的行业发展新思路。会议内容：固态电池分会场固态电池技术与产业发展新进展高能量固态电池在eVTOL与人型机器人中的应用固态电池（半）应用高速电摩前景探讨固态技术（半）在手机与3C产品中的应用固态电池（半）在动力和储能电池的应用探讨固态电池智能制备设计发展固态电池关键材料的开发与应用全固态钠电技术研发与进展干法电极工艺在固态电池中的应用硫/氧/卤/聚合物等全固态电池电解质材料产业化进展固态电解质理论配方设计与实验验证多技术表征平台在固态电池材料研究中的应用固态电解质界面优化设计固态电解质纳米化技术研究与制备方法全固态电池硅基负极的开发硅碳负极材料的创新研发及其在固态电池内的应用球型多孔炭在CVD硅碳负极材料中的应用锂金属负极技术新进展固态电池正极的结构设计与材料选择高镍/富锂锰基正极材料在固态电池体系中的应用石墨烯/碳纳米管新型碳材料在固态电池体系中的技术发展新型隔膜技术在固态（半）电池中的应用固态用复合集流体技术研发新进展AI技术在材料研发中的应用等静压技术在全固态电池制备中的应用湿法/干法/气流研磨技术在固态材料中的应用干法电极智能装备开发与应用新一代窑炉技术在电池材料制造中的应用蒸镀技术在固态电池制备中的优点钠米级制备技术与装备新应用锰系与高压实磷酸铁锂分会场全球锂资源市场发展变化电池级硫（碳）酸锰/二氧化锰/四氧化三锰市场前景变化锰系前驱体研究与制备技术高锰新能源材料的挑战与前景磷酸锰铁锂在汽车与二轮车上的应用研究适配固态电池用磷酸锰铁锂材料最新技术进展富锂锰基正极材料纳米包覆、梯度掺杂等工艺介绍富锂锰基正极材料制备及改性研究新一代高电压镍锰酸锂材料技术与应用锰基钠电正极材料技术与成本分析高性能磷酸铁制备工艺革新高压实磷酸铁锂磷酸铁法和草酸亚铁法工艺路线发展低成本高压实磷酸铁锂产业化生产技术换代与装备创新适配固态电池用高压实磷酸铁锂技术优化高压实磷酸铁锂高温烧结杂质控制颗粒级配优化工艺对磷酸铁锂压实密度及电性能的提升纳米磷酸铁锂技术与制备一次烧结成型高压实磷酸铁锂工艺要点介绍高压实磷酸铁锂材料的预锂化方法关键电池材料回收再利用技术注：以最终会议日程报告为准演讲报告申请：王老师:*********** 邮 箱:46090424@qq.comPART 03会议特色TECHNOLOGY01会议形式20+5（每位专家20分钟报告+5分钟互动问答交流）交流方式，增加会议互动性；60+行业大咖，800+上下游企业从业者共聚一堂；诚邀高校/科研院所与产业技术从业者观点碰撞与交流，聚焦行业热点，解读技术与产业发展。02会议特色现场展台产品展示，“会+展”助力产业链上下游技术与市场对接，搭建立体化高效交流平台；1.5 天论坛，涉及固态与锰系铁锂行业装备、技术、材料、检测仪器设备等，全方位展示最新前沿技术研究与进展，深入探讨未来回收发展方向。03会议特色同期举办2026“NWEi-先锋奖”颁奖典礼，评选与发布“NEWi-先锋奖”新能源行业杰出科学家、新能源行业企业创新奖、行业优秀供应商”(联系主办方索取评选申请表)。04赞助方案1.本次会议设置总冠名、联合主办、协办单位、赞助单位、支持单位、手提袋、胸卡挂绳、椅背广告、酒水赞助、会议视频广告（会议室大屏播放）晚宴礼品、笔本赞助、茶歇赞助等会议赞助类别（详细赞助方案请联系主办方）。2、参展每个展位费用：12000元，包括2人的午餐、晚宴费用，展台费用，两份资料费用等。3、展位实际尺寸2米宽×3米高（设计尺寸2米宽×2.3米高）PART 04报名缴费TECHNOLOGY1.参会费用：A、限时600元/人（含餐），B、全免费（不含餐），转发会议信息至朋友圈，集28个赞，获得免费名额（限主机、电池电芯等下游单位）。2.参会注册费含会议资料、茶点、2次午餐、1场交流晚宴、参会材料等费用；3.会议统一安排食宿，住宿费自理；4.发票内容为“会议费”，开具增值税普通发票，不开增值税专用发票；注：所有人员凭参会证入场！提前报名缴费！汇款信息账 户：北京京昇文化传播有限公司账 号：040 4090 1030 0000 3837开户行：北京农村商业银行股份有限公司四季青支行行 号 ：402100000260 付款请注明：杭州会议+姓名，并将付款凭证保留，便于报到时查验。缴费成功后，请保持手机畅通，会务组会尽快与您联系，感谢您的支持！开票信息发送：46090424@qq.com参会、参展、宣传及赞助事宜： 王老师 188 1048 8288（同微） 张老师 182 3806 7581（同微） 袁老师 192 9355 9185（同微） 郭老师 192 8668 2548（同微） 李老师 138 1196 8226（同微）扫码加入固态/正极材料群进群备注：公司名称/姓名/职务主动发名片一张请识别二维码或添加***********欢迎同仁进群交流！PART 05往届会议/企业名单（部分）TECHNOLOGY由今日锂电、苏银产业园联合主办、清陶云能、尚金干燥协办的2026（常州）固态电池新技术应用大会暨固态电池材料制备与验证研讨会在常州富都洲际酒店顺利举办，来自全国各地300余位专家、企业代表参与了本次大会。由今日锂电主办的锰系与铁锂正极材料技术论坛，已连续成功举办三届，共计2000余人次参会嘉宾出席，已成为国内正极材料行业具较高影响力会议。已报名参会企业人员名单：公司职位新疆大学博士研究生合肥格朗检测科技有限公司销售经理盛新锂能集团股份有限公司高级研发工程师盛新锂能集团股份有限公司副总工程师浙江日出医化有限公司部长浙江金沃精工股份有限公司研发负责人盛新锂能集团股份有限公司战略投资部总经理中电四公司高级工程师浙江启源新材料有限公司副主任工程师国联芯材（北京）科技有限公司市场推广经理北汽新能源工程师耐驰（上海）机械仪器有限公司新能源销售总监苏州中硅智能科技有限公司总经理广汽集团汽车工程研究院主任工程师杭州社区服务有限公司董事西北工业大学教授安徽科技工程大学学生安徽科技工程大学博士广西大学学生北京新能源汽车有限公司工程师奇瑞汽车股份有限公司主任工程师宜兴市东山新型材料有限公司总工浙江鑫核科技有限公司总经理湖北金泉新材料有限公司研发总监江苏宜锂科技有限责任公司总经理有研新能源材料(江西)有限公司总经理海南大学教授奇瑞汽车主管工程师嘉拓智能高级主任机械工程师星恒电源股份有限公司高级经理天津国安盟固利新材料科技股份有限公司新材料CTO中国五矿长沙矿冶院高工上海昱瓴新能源科技有限公司董事长国轩高科首席科学家/教授茂名创能烯碳科技有限公司总经理上海大学研究员国家新能源汽车技术创新中心部长东莞市星辰锂能咨询有限公司总经理蓝廷新能源酥科技(浙江)有限公司/中国科学院理化技术研究所董事长/研究员苏州大学教授中国科学院宁波材料所研究员浙江工业大学教授中南大学教授河北工业大学能源与环保材料研究所教授/所长郑州大学教授/所长武汉天石科丰新能源科技有限公司/武汉理工大学副教授/首席科学家六盘水师范学院教授沈阳工业大学教授/所长联泓新材料科技股份有限公司投资经理沈阳工业大学教授/所长上海应用技术大学教授/所长诩辰科技(广州)有限公司教授哈尔滨工业大学(威海)教授电子科技大学/川钜能储能教授深圳清研电子科技有限公司总经理联泓研究院研发经理奇瑞汽车股份有限公司设备助理工程师奇瑞股份有限公司工程师宜春万申智能装备股份有限公司业务经理安徽科技工程大学副院长河南科技大学教师湖北金泉新材料研发总监江苏天瑞仪器股份有限公司区域经理深标智能检测与评定技术服务（深圳）有限公司销售经理常州锂源经理上海瓦鲁自动化经理佛山市金奥宇智联科技有限公司经理佛山市金奥宇智联科技有限公司经理农环科技(上海)有限公司总经理菲特中国制药科技有限公司工程师宁德时代副总经理安徽麒锂特科技有限公司总经理散裂中子源科学中心助理研究员散裂中子源科学中心无散裂中子源科学中心副研究员中信金属股份有限公司研发工程师天津爱沃新能源科技有限公司总监江西省科技成果转移转化中心副研究员新能源公司工厂长泽峰创新（深圳）能源科技有限公司市场雷法贸易（大连）有限公司耐材专家浙江启源研发浙江启源新材料有限公司副主任工程师散裂中子源科学中心研究院山东精工电子科技股份有限公司经理安徽新锰都科技有限公司总经理杭州五星铝业有限公司技术经理苏州吴江市松陵电器设备有限公司董事长上海奥克化学市场安徽金瑞投资集团有限公司投资总监北京金融街资本运营集团有限公司业务总监福建理工大学学生河南硅烷科技发展股份有限公司销售总监湖北航天化学技术研究所工程师湖北航天化学技术研究所助理工程师北京英诺格林科技有限公司总经理浙江师范大学博士浙江师范大学学生浙江师范大学学生肖特（上海）精密材料和设备国际贸易有限公司高级经理浙江师范大学学生山东盛景化工有限公司总经理杭州瑞合泰基金投资管理有限公司高级投资经理广东博海化工科技有限公司总经理广东博海化工科技有限公司研发主任广东博海化工科技有限公司电子商务经理广东博海化工科技有限公司项目总经理和励同芯新能源科技（天津）有限公司副总经理东风汽车集团高级经理鸿凯市场推广经理浙江大学博士中国化信情报顾问上海檀之茗科技中心销售工程师建发物流集团有限公司业务经理广汽集团汽车工程研究院主任工程师航天电源市场总监散裂中子源科学中心研究院广东众昌智能科技有限公司销售往期推荐圆满结束！！！第三届锰系新能源与高压实磷酸铁锂技术大会会议总结！2026固态电池新技术应用大会暨固态电池材料制备与验证研讨会圆满结束！！！第二届锰系新能源正极材料技术大会会议总结。聚焦锰系与磷酸铁锂材料前沿技术，共探行业新趋势（1）南昌会议总结。聚焦锰系与磷酸铁锂材料前沿技术，共探行业新趋势（2）（含已报名企业名单）必读重要通知!会议时间变更。因于某电池展开办时间冲突，现会务组决定将会议时间改为10月19-20日,,,,pending
最新演讲嘉宾：韩少杰 CTO/副总经理 中科致良新能源材料（浙江）有限公司 报告主题：高性能磷酸锰铁锂及其衍生产品的开发和应用进展,今日锂电,今日锂电,"RIOnews API, 新材料, 电池材料, 碳, 隔膜, 复合集流体, 聚合物, 高比能, 锂金属, 富锂锰, 硅, 前沿表征, 原位, 固态电池, 固态电解质, 钠离子电池, 钠电, 学术研究, 大学, 教授, 科学院, 研究所, 技术进展, 技术突破, 制备工艺, 界面优化, 前沿技术",normal,2026-08-25T11:34:18+08:00,,已参会单位：宁德时代/国轩/兰均/广汽/北汽/东风/奇瑞/亿纬/星恒/有研/盟固利/五矿长少院/中科院宁波所/中科院物理所/中科院高能所...重磅会议两会并行分会场60+大咖报告嘉宾800+参会人员聚焦固态电解质/硅碳/磷酸（锰）铁锂/锰系材料 第二届固态电池新技术应用与材料制备验证技术会议 同期举办：第四届锰系与高压实磷酸铁锂技术研讨会 赞助展台预订中...演讲报告开放预约中...2026固态电池新技术应用与材料制备验证技术会议，同期同址举办：第四届锰系与磷酸铁锂技术应用研讨会，定于2026年10月19-20日在杭州召开，本次会议有幸邀请到中科致良新能源材料（浙江）有限公司CTO/副总经理韩,http://mp.weixin.qq.com/s?__biz=MzkyNzc0MDc0MA==&mid=2247519080&idx=1&sn=6c952f92f3bbfb558b37f06c91e8f807,,已参会单位：宁德时代/国轩/兰均/广汽/北汽/东风/奇瑞/亿纬/星恒/有研/盟固利/五矿长少院/中科院宁波所/中科院物理所/中科院高能所...重磅会议两会并行分会场60+大咖报告嘉宾800+参会人员聚焦固态电解质/硅碳/磷酸（锰）铁锂/锰系材料 第二届固态电池新技术应用与材料制备验证技术会议 同期举办：第四届锰系与高压实磷酸铁锂技术研讨会 赞助展台预订中...演讲报告开放预约中...2026固态电池新技术应用与材料制备验证技术会议，同期同址举办：第四届锰系与磷酸铁锂技术应用研讨会，定于2026年10月19-20日在杭州召开，本次会议有幸邀请到中科致良新能源材料（浙江）有限公司CTO/副总经理韩,已参会单位：宁德时代/国轩/兰均/广汽/北汽/东风/奇瑞/亿纬/星恒/有研/盟固利/五矿长少院/中科院宁波所/中科院物理所/中科院高能所...重磅会议两会并行分会场60+大咖报告嘉宾800+参会人员聚焦固态电解质/硅碳/磷酸（锰）铁锂/锰系材料 第二届固态电池新技术应用与材料制备验证技术会议 同期举办：第四届锰系与高压实磷酸铁锂技术研讨会 赞助展台预订中...演讲报告开放预约中...2026固态电池新技术应用与材料制备验证技术会议，同期同址举办：第四届锰系与磷酸铁锂技术应用研讨会，定于2026年10月19-20日在杭州召开，本次会议有幸邀请到中科致良新能源材料（浙江）有限公司CTO/副总经理韩少杰先生，他的报告主题为《高性能磷酸锰铁锂及其衍生产品的开发和应用进展》，欢迎参会交流。PART 报告摘要TECHNOLOGY磷酸锰铁锂正处在技术迭代和市场应用的高速成长期。本报告主要分三个主题，一是讲述当前磷酸锰铁锂的行业整体发展情况，二是介绍致良新材在材料技术创新和应用开发上的探索和成果，三是探讨磷酸锰铁锂面临的挑战和机遇。第二届固态电池新技术应用与材料制备验证技术会议同期举办：第四届锰系与高压实磷酸铁锂技术研讨会PART 01会议组织TECHNOLOGY主办单位：今日锂电/今日钠电承办单位：北京京昇文化传播有限公司 会议时间：2026年10月19-20日（18日签到）会议地点：中国·杭州总冠名/联合主办/招募中···协办单位：/招募中···东莞市星辰锂能咨询有限公司淄博华鸣新材料有限公司深圳市新能源行业协会支持单位：/招募中···新能源前沿新能源在线锂电PLUS展台赞助：/招募中···山东杰特姆粉体技术设备有限公司淄博华鸣新材料有限公司张家港市日新机电有限公司潍坊追日磁电科技有限公司安徽麒锂特科技有限公司宜春万申智能装备股份有限公司上海菩正电子科技有限公司江苏亮果金属制品有限公司合肥原位科技有限公司PART 02会议内容TECHNOLOGY中国《新能源汽车产业发展规划》明确支持固态电池研发，2025年全球固态电池市场规模预计突破百亿元，固态电池已成为公认的下一代电池，在过去的一年里，固态电池新技术与产业化进程以比预计中的更快的速度发展，然而固态电池还存在关键技术突破和产业化制备成本问题。在固态电池商用还不可极的当下，仍还是磷酸铁锂的天下，作为磷酸铁锂最重要的技术迭代与升级方向，高压实磷酸铁锂与磷酸锰铁锂技术将是现在的重点发展方向，并且和富锂锰基、高电压镍锰酸锂、高镍三元材料形成竞争未来适配固态电池正极材料的格局，而富锂锰基材料理论能量密度超1000Wh/kg，成本较高镍三元材料（价格高、技术成熟度高、安全性存疑）低25%-40%，被认为是固态电池最佳适配正极材料，高电压镍锰酸锂工作电压高达5V，比能650Wh/kg，更适合固态电池高电压体系，未来谁来主导，还要看技术成熟度。2026固态电池新技术应用与材料制备验证技术会议，同期同址举办：第四届锰系与磷酸铁锂技术应用研讨会，定于2026年10月19-20日在杭州召开，旨在进一步加快固态电池、锰系与磷酸铁锂方面新技术创新应用，破解技术与产业化制备难题，评选表彰近年来在固态电池、锰系与磷酸铁锂行业做出突出成绩的优秀科研人员和企业，特邀请参与本次会议，共同交流探讨固态电池与锰系与磷酸铁锂的行业发展新思路。会议内容：固态电池分会场固态电池技术与产业发展新进展高能量固态电池在eVTOL与人型机器人中的应用固态电池（半）应用高速电摩前景探讨固态技术（半）在手机与3C产品中的应用固态电池（半）在动力和储能电池的应用探讨固态电池智能制备设计发展固态电池关键材料的开发与应用全固态钠电技术研发与进展干法电极工艺在固态电池中的应用硫/氧/卤/聚合物等全固态电池电解质材料产业化进展固态电解质理论配方设计与实验验证多技术表征平台在固态电池材料研究中的应用固态电解质界面优化设计固态电解质纳米化技术研究与制备方法全固态电池硅基负极的开发硅碳负极材料的创新研发及其在固态电池内的应用球型多孔炭在CVD硅碳负极材料中的应用锂金属负极技术新进展固态电池正极的结构设计与材料选择高镍/富锂锰基正极材料在固态电池体系中的应用石墨烯/碳纳米管新型碳材料在固态电池体系中的技术发展新型隔膜技术在固态（半）电池中的应用固态用复合集流体技术研发新进展AI技术在材料研发中的应用等静压技术在全固态电池制备中的应用湿法/干法/气流研磨技术在固态材料中的应用干法电极智能装备开发与应用新一代窑炉技术在电池材料制造中的应用蒸镀技术在固态电池制备中的优点钠米级制备技术与装备新应用锰系与高压实磷酸铁锂分会场全球锂资源市场发展变化电池级硫（碳）酸锰/二氧化锰/四氧化三锰市场前景变化锰系前驱体研究与制备技术高锰新能源材料的挑战与前景磷酸锰铁锂在汽车与二轮车上的应用研究适配固态电池用磷酸锰铁锂材料最新技术进展富锂锰基正极材料纳米包覆、梯度掺杂等工艺介绍富锂锰基正极材料制备及改性研究新一代高电压镍锰酸锂材料技术与应用锰基钠电正极材料技术与成本分析高性能磷酸铁制备工艺革新高压实磷酸铁锂磷酸铁法和草酸亚铁法工艺路线发展低成本高压实磷酸铁锂产业化生产技术换代与装备创新适配固态电池用高压实磷酸铁锂技术优化高压实磷酸铁锂高温烧结杂质控制颗粒级配优化工艺对磷酸铁锂压实密度及电性能的提升纳米磷酸铁锂技术与制备一次烧结成型高压实磷酸铁锂工艺要点介绍高压实磷酸铁锂材料的预锂化方法关键电池材料回收再利用技术注：以最终会议日程报告为准演讲报告申请：王老师:*********** 邮 箱:46090424@qq.comPART 03会议特色TECHNOLOGY01会议形式20+5（每位专家20分钟报告+5分钟互动问答交流）交流方式，增加会议互动性；60+行业大咖，800+上下游企业从业者共聚一堂；诚邀高校/科研院所与产业技术从业者观点碰撞与交流，聚焦行业热点，解读技术与产业发展。02会议特色现场展台产品展示，“会+展”助力产业链上下游技术与市场对接，搭建立体化高效交流平台；1.5 天论坛，涉及固态与锰系铁锂行业装备、技术、材料、检测仪器设备等，全方位展示最新前沿技术研究与进展，深入探讨未来回收发展方向。03会议特色同期举办2026“NWEi-先锋奖”颁奖典礼，评选与发布“NEWi-先锋奖”新能源行业杰出科学家、新能源行业企业创新奖、行业优秀供应商”(联系主办方索取评选申请表)。04赞助方案1.本次会议设置总冠名、联合主办、协办单位、赞助单位、支持单位、手提袋、胸卡挂绳、椅背广告、酒水赞助、会议视频广告（会议室大屏播放）晚宴礼品、笔本赞助、茶歇赞助等会议赞助类别（详细赞助方案请联系主办方）。2、参展每个展位费用：12000元，包括2人的午餐、晚宴费用，展台费用，两份资料费用等。3、展位实际尺寸2米宽×3米高（设计尺寸2米宽×2.3米高）PART 04报名缴费TECHNOLOGY1.参会费用：A、限时600元/人（含餐），B、全免费（不含餐），转发会议信息至朋友圈，集28个赞，获得免费名额（限主机、电池电芯等下游单位）。2.参会注册费含会议资料、茶点、2次午餐、1场交流晚宴、参会材料等费用；3.会议统一安排食宿，住宿费自理；4.发票内容为“会议费”，开具增值税普通发票，不开增值税专用发票；注：所有人员凭参会证入场！提前报名缴费！汇款信息账 户：北京京昇文化传播有限公司账 号：040 4090 1030 0000 3837开户行：北京农村商业银行股份有限公司四季青支行行 号 ：402100000260 付款请注明：杭州会议+姓名，并将付款凭证保留，便于报到时查验。缴费成功后，请保持手机畅通，会务组会尽快与您联系，感谢您的支持！开票信息发送：46090424@qq.com参会、参展、宣传及赞助事宜： 王老师 188 1048 8288（同微） 张老师 182 3806 7581（同微） 袁老师 192 9355 9185（同微） 郭老师 192 8668 2548（同微） 李老师 138 1196 8226（同微）扫码加入固态/正极材料群进群备注：公司名称/姓名/职务主动发名片一张请识别二维码或添加***********欢迎同仁进群交流！PART 05往届会议/企业名单（部分）TECHNOLOGY由今日锂电、苏银产业园联合主办、清陶云能、尚金干燥协办的2026（常州）固态电池新技术应用大会暨固态电池材料制备与验证研讨会在常州富都洲际酒店顺利举办，来自全国各地300余位专家、企业代表参与了本次大会。由今日锂电主办的锰系与铁锂正极材料技术论坛，已连续成功举办三届，共计2000余人次参会嘉宾出席，已成为国内正极材料行业具较高影响力会议。已报名参会企业人员名单：公司职位新疆大学博士研究生合肥格朗检测科技有限公司销售经理盛新锂能集团股份有限公司高级研发工程师盛新锂能集团股份有限公司副总工程师浙江日出医化有限公司部长浙江金沃精工股份有限公司研发负责人盛新锂能集团股份有限公司战略投资部总经理中电四公司高级工程师浙江启源新材料有限公司副主任工程师国联芯材（北京）科技有限公司市场推广经理北汽新能源工程师耐驰（上海）机械仪器有限公司新能源销售总监苏州中硅智能科技有限公司总经理广汽集团汽车工程研究院主任工程师杭州社区服务有限公司董事西北工业大学教授安徽科技工程大学学生安徽科技工程大学博士广西大学学生北京新能源汽车有限公司工程师奇瑞汽车股份有限公司主任工程师宜兴市东山新型材料有限公司总工浙江鑫核科技有限公司总经理湖北金泉新材料有限公司研发总监江苏宜锂科技有限责任公司总经理有研新能源材料(江西)有限公司总经理海南大学教授奇瑞汽车主管工程师嘉拓智能高级主任机械工程师星恒电源股份有限公司高级经理天津国安盟固利新材料科技股份有限公司新材料CTO中国五矿长沙矿冶院高工上海昱瓴新能源科技有限公司董事长国轩高科首席科学家/教授茂名创能烯碳科技有限公司总经理上海大学研究员国家新能源汽车技术创新中心部长东莞市星辰锂能咨询有限公司总经理蓝廷新能源酥科技(浙江)有限公司/中国科学院理化技术研究所董事长/研究员苏州大学教授中国科学院宁波材料所研究员浙江工业大学教授中南大学教授河北工业大学能源与环保材料研究所教授/所长郑州大学教授/所长武汉天石科丰新能源科技有限公司/武汉理工大学副教授/首席科学家六盘水师范学院教授沈阳工业大学教授/所长联泓新材料科技股份有限公司投资经理沈阳工业大学教授/所长上海应用技术大学教授/所长诩辰科技(广州)有限公司教授哈尔滨工业大学(威海)教授电子科技大学/川钜能储能教授深圳清研电子科技有限公司总经理联泓研究院研发经理奇瑞汽车股份有限公司设备助理工程师奇瑞股份有限公司工程师宜春万申智能装备股份有限公司业务经理安徽科技工程大学副院长河南科技大学教师湖北金泉新材料研发总监江苏天瑞仪器股份有限公司区域经理深标智能检测与评定技术服务（深圳）有限公司销售经理常州锂源经理上海瓦鲁自动化经理佛山市金奥宇智联科技有限公司经理佛山市金奥宇智联科技有限公司经理农环科技(上海)有限公司总经理菲特中国制药科技有限公司工程师宁德时代副总经理安徽麒锂特科技有限公司总经理散裂中子源科学中心助理研究员散裂中子源科学中心无散裂中子源科学中心副研究员中信金属股份有限公司研发工程师天津爱沃新能源科技有限公司总监江西省科技成果转移转化中心副研究员新能源公司工厂长泽峰创新（深圳）能源科技有限公司市场雷法贸易（大连）有限公司耐材专家浙江启源研发浙江启源新材料有限公司副主任工程师散裂中子源科学中心研究院山东精工电子科技股份有限公司经理安徽新锰都科技有限公司总经理杭州五星铝业有限公司技术经理苏州吴江市松陵电器设备有限公司董事长上海奥克化学市场安徽金瑞投资集团有限公司投资总监北京金融街资本运营集团有限公司业务总监福建理工大学学生河南硅烷科技发展股份有限公司销售总监湖北航天化学技术研究所工程师湖北航天化学技术研究所助理工程师北京英诺格林科技有限公司总经理浙江师范大学博士浙江师范大学学生浙江师范大学学生肖特（上海）精密材料和设备国际贸易有限公司高级经理浙江师范大学学生山东盛景化工有限公司总经理杭州瑞合泰基金投资管理有限公司高级投资经理广东博海化工科技有限公司总经理广东博海化工科技有限公司研发主任广东博海化工科技有限公司电子商务经理广东博海化工科技有限公司项目总经理和励同芯新能源科技（天津）有限公司副总经理东风汽车集团高级经理鸿凯市场推广经理浙江大学博士中国化信情报顾问上海檀之茗科技中心销售工程师建发物流集团有限公司业务经理广汽集团汽车工程研究院主任工程师航天电源市场总监散裂中子源科学中心研究院广东众昌智能科技有限公司销售往期推荐圆满结束！！！第三届锰系新能源与高压实磷酸铁锂技术大会会议总结！2026固态电池新技术应用大会暨固态电池材料制备与验证研讨会圆满结束！！！第二届锰系新能源正极材料技术大会会议总结。聚焦锰系与磷酸铁锂材料前沿技术，共探行业新趋势（1）南昌会议总结。聚焦锰系与磷酸铁锂材料前沿技术，共探行业新趋势（2）必读重要通知!会议时间变更。因于某电池展开办时间冲突，现会务组决定将会议时间改为10月19-20日,,,,pending
今日锂电每日资讯第21期,今日锂电,今日锂电,"RIOnews API, 新材料, 电池材料, 碳, 隔膜, 复合集流体, 聚合物, 高比能, 锂金属, 富锂锰, 硅, 前沿表征, 原位, 固态电池, 固态电解质, 钠离子电池, 钠电, 合作进展, 融资, 投资, 学术研究, 大学, 教授, 科学院, 研究所, 技术进展, 技术突破, 制备工艺, 界面优化, 前沿技术, 量产推进, 产能, 扩产",normal,2026-08-25T11:34:18+08:00,,导语：全球固态电池产业化进程进入关键突破期，产业链从材料研发到量产落地全面提速。国内企业依托完整产业链优势，半固态电池商业化抢占先机，宁德时代合肥硫化物全固态中试线已投产、比亚迪深圳坪山中试线良率超95%、重庆璧山20GWh量产线动工，固态电池从实验室走向产业化的节奏快于预期。本期聚焦固态电池、硅碳负极与高压实磷酸铁锂三大主线。一、固态电池产业化提速，产业链协同突破固态电解质方面，恩捷股份发布全球首款可实现规模量产的20μm硫化物固态电解质复合骨架支撑膜；贝特瑞同步推进氧化物、聚合物、硫化物三大技术路线，硫化物固态电解质产品粒度控制在500nm以下，氧化物电解质已获百吨级订单，配套电芯装机量突,http://mp.weixin.qq.com/s?__biz=MzkyNzc0MDc0MA==&mid=2247519080&idx=2&sn=544a6c5ab5b90cdfc4db1948d1e0abfd,,导语：全球固态电池产业化进程进入关键突破期，产业链从材料研发到量产落地全面提速。国内企业依托完整产业链优势，半固态电池商业化抢占先机，宁德时代合肥硫化物全固态中试线已投产、比亚迪深圳坪山中试线良率超95%、重庆璧山20GWh量产线动工，固态电池从实验室走向产业化的节奏快于预期。本期聚焦固态电池、硅碳负极与高压实磷酸铁锂三大主线。一、固态电池产业化提速，产业链协同突破固态电解质方面，恩捷股份发布全球首款可实现规模量产的20μm硫化物固态电解质复合骨架支撑膜；贝特瑞同步推进氧化物、聚合物、硫化物三大技术路线，硫化物固态电解质产品粒度控制在500nm以下，氧化物电解质已获百吨级订单，配套电芯装机量突,导语：全球固态电池产业化进程进入关键突破期，产业链从材料研发到量产落地全面提速。国内企业依托完整产业链优势，半固态电池商业化抢占先机，宁德时代合肥硫化物全固态中试线已投产、比亚迪深圳坪山中试线良率超95%、重庆璧山20GWh量产线动工，固态电池从实验室走向产业化的节奏快于预期。本期聚焦固态电池、硅碳负极与高压实磷酸铁锂三大主线。一、固态电池产业化提速，产业链协同突破固态电解质方面，恩捷股份发布全球首款可实现规模量产的20μm硫化物固态电解质复合骨架支撑膜；贝特瑞同步推进氧化物、聚合物、硫化物三大技术路线，硫化物固态电解质产品粒度控制在500nm以下，氧化物电解质已获百吨级订单，配套电芯装机量突破1GWh。政策层面，全球首部车用固态电池国家标准GB/T 43568-2026于2026年7月正式实施，明确将电池分为液态电池、混合固液电池、固态电池三类，为产业化提供标准支撑。行业普遍预判，全固态电池有望在2027年前后实现技术定型和小规模量产。二、硅碳负极材料技术突破，产业化加速硅基负极凭借理论比容量约为石墨10倍以上的优势，成为下一代高能量密度电池核心负极材料，但体积膨胀率高达300%—400%的技术瓶颈持续攻关。贝特瑞硅碳负极产品比容量已突破2000mAh/g量级，完成氧化亚硅、硅碳、CVD技术、下一代新型硅负极四大方向全覆盖，率先实现硅负极在电动汽车领域的批量装车应用。大圆柱与半固态电池规模化应用成为市场增长核心驱动力，行业渗透率快速提升，硅碳负极正从消费电子向动力电池领域加速渗透。三、开工投产融资动态楚能宜昌二期80GWh投产，跻身全球基地第一梯队楚能新能源宜昌二期80GWh锂电池产业园项目于2026年8月正式投产，从开工到投产仅用约10个月。项目全面达产后宜昌基地总产能达145GWh，跻身全球锂电池生产基地第一梯队。楚能在湖北布局武汉、宜昌、孝感、襄阳四大生产基地，总规划产能超550GWh。毕节容百百万吨级磷酸铁锂项目一期8月投产毕节容百百万吨级磷酸铁锂火法建设项目一期预计2026年8月投产，由容百科技下属毕节容百锂电材料有限公司投资建设，总投资73.23亿元，整体规划年产104万吨，一期设计产能34万吨，项目全部投产后年产值可达数百亿元。卫蓝新能源启动20亿元Pre-IPO轮融资固态电池龙头卫蓝新能源启动目标规模20亿元的Pre-IPO轮融资，投前估值约200亿元，2025年11月完成北京证监局IPO辅导备案，由中信建投全程辅导，预计2027年登陆创业板，有望拿下A股固态电池第一股。卫蓝脱胎于中科院物理所，股东覆盖蔚来资本、小米长江产业基金、华为哈勃投资、吉利控股、天齐锂业、华友钴业、恩捷股份、三峡集团等产业链上下游资本。瑞智新能源完成数千万元Pre-A+轮融资瑞智新能源完成数千万元Pre-A+轮融资，由上海辰耀宜创投资基金独家投资，资金用于宜兴产业基地建设。瑞智成立于2021年，是西北工业大学科技成果转化企业，核心产品包括主动功能隔膜和膜形态固态电解质，已进入下游头部电池厂商供应链并实现规模化订单交付。四、高压实磷酸铁锂高端化转型加速磷酸铁锂行业2026年掀起新一轮扩产潮，呈现高端化、一体化特征，企业聚焦第四代高压实磷酸铁锂等高端产能布局。高端产品单吨盈利较普通产品高出1000—2000元，行业呈高端紧平衡、低端过剩的结构性特征，头部企业订单排期饱满。湖南裕能于8月1日起全系列产品统一上调2000元/吨，反映上游原材料成本上涨及优质产能供给偏紧。容百科技、当升科技、盟固利等三元材料企业2026年集体宣布投建磷酸铁锂项目，合计规划产能超60万吨，行业竞争进一步加剧。五、论文速递崔光磊/董杉木团队Advanced Materials：干法熔融黏结超薄硫化物电解质膜中科院青岛生物能源与过程研究所崔光磊、董杉木团队提出干法熔融黏结策略制备超薄硫化物电解质膜，膜厚小于20μm，可匹配NCM83高载量正极（面载量≥50mg/cm²），为硫化物全固态电池的规模化制备提供了新路径。该工作兼顾离子电导率与机械强度，降低了传统湿法工艺的溶剂与能耗负担。作者：第一作者胡磊、任钰朗；通讯邮箱 cuigl@qibebt.ac.cn / dongsm@qibebt.ac.cn；发表于Advanced Materials。钱荣/李驰麟团队Advanced Materials：全球首款安时级FeF3固态电池中科院上海硅酸盐研究所钱荣、李驰麟团队研制出全球首款安时级氟化铁（FeF3）固态电池，采用NBFO-GPE复合电解质，室温离子电导率达0.64mS/cm、锂迁移数0.83，Li‖Li对称电池循环超过9700小时，展现出长寿命与高安全特性，为高比能固态电池体系提供了新选择。作者：第一作者 Yuan Meng、Jiulin Hu；发表于Advanced Materials。六、展望固态电池产业化进入关键窗口期，2026—2027年将成为技术定型与量产验证的决定性阶段。硅碳负极技术迭代与市场渗透加速，高压实磷酸铁锂结构性紧缺支撑头部企业盈利修复。中国依托完整产业链与技术创新优势，有望在下一代电池技术竞赛中占据制高点。注：本期内容基于行业公开信息与领域知识综合整理分析，如有疏漏请批评指正，侵权请联系删除。已参会单位：宁德时代/国轩/兰均/广汽/北汽/东风/奇瑞/亿纬/星恒/有研/盟固利/五矿长少院/中科院宁波所/中科院物理所/中科院高能所...重磅会议两会并行分会场60+大咖报告嘉宾800+参会人员聚焦固态电解质/硅碳/磷酸（锰）铁锂/锰系材料 第二届固态电池新技术应用与材料制备验证技术会议 同期举办：第四届锰系与高压实磷酸铁锂技术研讨会 赞助展台预订中...演讲报告开放预约中...第二届固态电池新技术应用与材料制备验证技术会议同期举办：第四届锰系与高压实磷酸铁锂技术研讨会PART 01会议组织TECHNOLOGY主办单位：今日锂电/今日钠电承办单位：北京京昇文化传播有限公司 会议时间：2026年10月19-20日（18日签到）会议地点：中国·杭州总冠名/联合主办/招募中···协办单位：/招募中···东莞市星辰锂能咨询有限公司淄博华鸣新材料有限公司深圳市新能源行业协会支持单位：/招募中···新能源前沿新能源在线锂电PLUS展台赞助：/招募中···山东杰特姆粉体技术设备有限公司淄博华鸣新材料有限公司张家港市日新机电有限公司潍坊追日磁电科技有限公司安徽麒锂特科技有限公司宜春万申智能装备股份有限公司上海菩正电子科技有限公司江苏亮果金属制品有限公司合肥原位科技有限公司PART 02会议内容TECHNOLOGY中国《新能源汽车产业发展规划》明确支持固态电池研发，2025年全球固态电池市场规模预计突破百亿元，固态电池已成为公认的下一代电池，在过去的一年里，固态电池新技术与产业化进程以比预计中的更快的速度发展，然而固态电池还存在关键技术突破和产业化制备成本问题。在固态电池商用还不可极的当下，仍还是磷酸铁锂的天下，作为磷酸铁锂最重要的技术迭代与升级方向，高压实磷酸铁锂与磷酸锰铁锂技术将是现在的重点发展方向，并且和富锂锰基、高电压镍锰酸锂、高镍三元材料形成竞争未来适配固态电池正极材料的格局，而富锂锰基材料理论能量密度超1000Wh/kg，成本较高镍三元材料（价格高、技术成熟度高、安全性存疑）低25%-40%，被认为是固态电池最佳适配正极材料，高电压镍锰酸锂工作电压高达5V，比能650Wh/kg，更适合固态电池高电压体系，未来谁来主导，还要看技术成熟度。2026固态电池新技术应用与材料制备验证技术会议，同期同址举办：第四届锰系与磷酸铁锂技术应用研讨会，定于2026年10月19-20日在杭州召开，旨在进一步加快固态电池、锰系与磷酸铁锂方面新技术创新应用，破解技术与产业化制备难题，评选表彰近年来在固态电池、锰系与磷酸铁锂行业做出突出成绩的优秀科研人员和企业，特邀请参与本次会议，共同交流探讨固态电池与锰系与磷酸铁锂的行业发展新思路。会议内容：固态电池分会场固态电池技术与产业发展新进展高能量固态电池在eVTOL与人型机器人中的应用固态电池（半）应用高速电摩前景探讨固态技术（半）在手机与3C产品中的应用固态电池（半）在动力和储能电池的应用探讨固态电池智能制备设计发展固态电池关键材料的开发与应用全固态钠电技术研发与进展干法电极工艺在固态电池中的应用硫/氧/卤/聚合物等全固态电池电解质材料产业化进展固态电解质理论配方设计与实验验证多技术表征平台在固态电池材料研究中的应用固态电解质界面优化设计固态电解质纳米化技术研究与制备方法全固态电池硅基负极的开发硅碳负极材料的创新研发及其在固态电池内的应用球型多孔炭在CVD硅碳负极材料中的应用锂金属负极技术新进展固态电池正极的结构设计与材料选择高镍/富锂锰基正极材料在固态电池体系中的应用石墨烯/碳纳米管新型碳材料在固态电池体系中的技术发展新型隔膜技术在固态（半）电池中的应用固态用复合集流体技术研发新进展AI技术在材料研发中的应用等静压技术在全固态电池制备中的应用湿法/干法/气流研磨技术在固态材料中的应用干法电极智能装备开发与应用新一代窑炉技术在电池材料制造中的应用蒸镀技术在固态电池制备中的优点钠米级制备技术与装备新应用锰系与高压实磷酸铁锂分会场全球锂资源市场发展变化电池级硫（碳）酸锰/二氧化锰/四氧化三锰市场前景变化锰系前驱体研究与制备技术高锰新能源材料的挑战与前景磷酸锰铁锂在汽车与二轮车上的应用研究适配固态电池用磷酸锰铁锂材料最新技术进展富锂锰基正极材料纳米包覆、梯度掺杂等工艺介绍富锂锰基正极材料制备及改性研究新一代高电压镍锰酸锂材料技术与应用锰基钠电正极材料技术与成本分析高性能磷酸铁制备工艺革新高压实磷酸铁锂磷酸铁法和草酸亚铁法工艺路线发展低成本高压实磷酸铁锂产业化生产技术换代与装备创新适配固态电池用高压实磷酸铁锂技术优化高压实磷酸铁锂高温烧结杂质控制颗粒级配优化工艺对磷酸铁锂压实密度及电性能的提升纳米磷酸铁锂技术与制备一次烧结成型高压实磷酸铁锂工艺要点介绍高压实磷酸铁锂材料的预锂化方法关键电池材料回收再利用技术注：以最终会议日程报告为准演讲报告申请：王老师:*********** 邮 箱:46090424@qq.comPART 03会议特色TECHNOLOGY01会议形式20+5（每位专家20分钟报告+5分钟互动问答交流）交流方式，增加会议互动性；60+行业大咖，800+上下游企业从业者共聚一堂；诚邀高校/科研院所与产业技术从业者观点碰撞与交流，聚焦行业热点，解读技术与产业发展。02会议特色现场展台产品展示，“会+展”助力产业链上下游技术与市场对接，搭建立体化高效交流平台；1.5 天论坛，涉及固态与锰系铁锂行业装备、技术、材料、检测仪器设备等，全方位展示最新前沿技术研究与进展，深入探讨未来回收发展方向。03会议特色同期举办2026“NWEi-先锋奖”颁奖典礼，评选与发布“NEWi-先锋奖”新能源行业杰出科学家、新能源行业企业创新奖、行业优秀供应商”(联系主办方索取评选申请表)。04赞助方案1.本次会议设置总冠名、联合主办、协办单位、赞助单位、支持单位、手提袋、胸卡挂绳、椅背广告、酒水赞助、会议视频广告（会议室大屏播放）晚宴礼品、笔本赞助、茶歇赞助等会议赞助类别（详细赞助方案请联系主办方）。2、参展每个展位费用：12000元，包括2人的午餐、晚宴费用，展台费用，两份资料费用等。3、展位实际尺寸2米宽×3米高（设计尺寸2米宽×2.3米高）PART 04报名缴费TECHNOLOGY1.参会费用：A、限时600元/人（含餐），B、全免费（不含餐），转发会议信息至朋友圈，集28个赞，获得免费名额（限主机、电池电芯等下游单位）。2.参会注册费含会议资料、茶点、2次午餐、1场交流晚宴、参会材料等费用；3.会议统一安排食宿，住宿费自理；4.发票内容为“会议费”，开具增值税普通发票，不开增值税专用发票；注：所有人员凭参会证入场！提前报名缴费！汇款信息账 户：北京京昇文化传播有限公司账 号：040 4090 1030 0000 3837开户行：北京农村商业银行股份有限公司四季青支行行 号 ：402100000260 付款请注明：杭州会议+姓名，并将付款凭证保留，便于报到时查验。缴费成功后，请保持手机畅通，会务组会尽快与您联系，感谢您的支持！开票信息发送：46090424@qq.com参会、参展、宣传及赞助事宜： 王老师 188 1048 8288（同微） 张老师 182 3806 7581（同微） 袁老师 192 9355 9185（同微） 郭老师 192 8668 2548（同微） 李老师 138 1196 8226（同微）扫码加入固态/正极材料群进群备注：公司名称/姓名/职务主动发名片一张请识别二维码或添加***********欢迎同仁进群交流！PART 05往届会议/企业名单（部分）TECHNOLOGY由今日锂电、苏银产业园联合主办、清陶云能、尚金干燥协办的2026（常州）固态电池新技术应用大会暨固态电池材料制备与验证研讨会在常州富都洲际酒店顺利举办，来自全国各地300余位专家、企业代表参与了本次大会。由今日锂电主办的锰系与铁锂正极材料技术论坛，已连续成功举办三届，共计2000余人次参会嘉宾出席，已成为国内正极材料行业具较高影响力会议。已报名参会企业人员名单：公司职位新疆大学博士研究生合肥格朗检测科技有限公司销售经理盛新锂能集团股份有限公司高级研发工程师盛新锂能集团股份有限公司副总工程师浙江日出医化有限公司部长浙江金沃精工股份有限公司研发负责人盛新锂能集团股份有限公司战略投资部总经理中电四公司高级工程师浙江启源新材料有限公司副主任工程师国联芯材（北京）科技有限公司市场推广经理北汽新能源工程师耐驰（上海）机械仪器有限公司新能源销售总监苏州中硅智能科技有限公司总经理广汽集团汽车工程研究院主任工程师杭州社区服务有限公司董事西北工业大学教授安徽科技工程大学学生安徽科技工程大学博士广西大学学生北京新能源汽车有限公司工程师奇瑞汽车股份有限公司主任工程师宜兴市东山新型材料有限公司总工浙江鑫核科技有限公司总经理湖北金泉新材料有限公司研发总监江苏宜锂科技有限责任公司总经理有研新能源材料(江西)有限公司总经理海南大学教授奇瑞汽车主管工程师嘉拓智能高级主任机械工程师星恒电源股份有限公司高级经理天津国安盟固利新材料科技股份有限公司新材料CTO中国五矿长沙矿冶院高工上海昱瓴新能源科技有限公司董事长国轩高科首席科学家/教授茂名创能烯碳科技有限公司总经理上海大学研究员国家新能源汽车技术创新中心部长东莞市星辰锂能咨询有限公司总经理蓝廷新能源酥科技(浙江)有限公司/中国科学院理化技术研究所董事长/研究员苏州大学教授中国科学院宁波材料所研究员浙江工业大学教授中南大学教授河北工业大学能源与环保材料研究所教授/所长郑州大学教授/所长武汉天石科丰新能源科技有限公司/武汉理工大学副教授/首席科学家六盘水师范学院教授沈阳工业大学教授/所长联泓新材料科技股份有限公司投资经理沈阳工业大学教授/所长上海应用技术大学教授/所长诩辰科技(广州)有限公司教授哈尔滨工业大学(威海)教授电子科技大学/川钜能储能教授深圳清研电子科技有限公司总经理联泓研究院研发经理奇瑞汽车股份有限公司设备助理工程师奇瑞股份有限公司工程师宜春万申智能装备股份有限公司业务经理安徽科技工程大学副院长河南科技大学教师湖北金泉新材料研发总监江苏天瑞仪器股份有限公司区域经理深标智能检测与评定技术服务（深圳）有限公司销售经理常州锂源经理上海瓦鲁自动化经理佛山市金奥宇智联科技有限公司经理佛山市金奥宇智联科技有限公司经理农环科技(上海)有限公司总经理菲特中国制药科技有限公司工程师宁德时代副总经理安徽麒锂特科技有限公司总经理散裂中子源科学中心助理研究员散裂中子源科学中心无散裂中子源科学中心副研究员中信金属股份有限公司研发工程师天津爱沃新能源科技有限公司总监江西省科技成果转移转化中心副研究员新能源公司工厂长泽峰创新（深圳）能源科技有限公司市场雷法贸易（大连）有限公司耐材专家浙江启源研发浙江启源新材料有限公司副主任工程师散裂中子源科学中心研究院山东精工电子科技股份有限公司经理安徽新锰都科技有限公司总经理杭州五星铝业有限公司技术经理苏州吴江市松陵电器设备有限公司董事长上海奥克化学市场安徽金瑞投资集团有限公司投资总监北京金融街资本运营集团有限公司业务总监福建理工大学学生河南硅烷科技发展股份有限公司销售总监湖北航天化学技术研究所工程师湖北航天化学技术研究所助理工程师北京英诺格林科技有限公司总经理浙江师范大学博士浙江师范大学学生浙江师范大学学生肖特（上海）精密材料和设备国际贸易有限公司高级经理浙江师范大学学生山东盛景化工有限公司总经理杭州瑞合泰基金投资管理有限公司高级投资经理广东博海化工科技有限公司总经理广东博海化工科技有限公司研发主任广东博海化工科技有限公司电子商务经理广东博海化工科技有限公司项目总经理和励同芯新能源科技（天津）有限公司副总经理东风汽车集团高级经理鸿凯市场推广经理浙江大学博士中国化信情报顾问上海檀之茗科技中心销售工程师建发物流集团有限公司业务经理广汽集团汽车工程研究院主任工程师航天电源市场总监散裂中子源科学中心研究院广东众昌智能科技有限公司销售往期推荐圆满结束！！！第三届锰系新能源与高压实磷酸铁锂技术大会会议总结！2026固态电池新技术应用大会暨固态电池材料制备与验证研讨会圆满结束！！！第二届锰系新能源正极材料技术大会会议总结。聚焦锰系与磷酸铁锂材料前沿技术，共探行业新趋势（1）南昌会议总结。聚焦锰系与磷酸铁锂材料前沿技术，共探行业新趋势（2）导语：全球固态电池产业化进程进入关键突破期，产业链从材料研发到量产落地全面提速。,,,,pending
锂电新申报产能，暂停审批！,储能前沿,储能前沿,"RIOnews API, 比亚迪, 宁德时代, 亿纬, 中创新航, 国轩, 欣旺达, 储能, 储能电芯, 电池回收, 梯次利用, 产能, 扩产, GWh, 订单, 政策, 补贴",normal,2026-08-25T11:30:00+08:00,,自下半年起，国内锂电产业迎来重大政策转向。据悉，新申报的锂电产能项目已不再获得审批，这一实质性停摆标志着行业无序扩产时代的终结。此举并非地方性孤立行动，而是由国家工信部牵头、自年初便逐步铺开的系统性产能管控措施。从一月的行业座谈会，到四月的产能预警部署，再到六月各地暂停动力及储能锂电池项目手续办理，政策脉络清晰连贯。至八月，审批的实质性停摆已获媒体确认。此次政策收紧的直接动因，在于过去五年间动力电池销量激增十八倍后，低端同质化产能泛滥。储能电芯价格一度探至0.24元/Wh的地板价，行业面临重蹈光伏产业覆辙的风险。政策“关闸”已显现初步成效，储能电芯价格已回升至0.4元/Wh左右，半年涨幅达五成,http://mp.weixin.qq.com/s?__biz=Mzg3MjY1NTkxNg==&mid=2247601108&idx=1&sn=566a019c5e9d940ca2960b1b5af5869e,,自下半年起，国内锂电产业迎来重大政策转向。据悉，新申报的锂电产能项目已不再获得审批，这一实质性停摆标志着行业无序扩产时代的终结。此举并非地方性孤立行动，而是由国家工信部牵头、自年初便逐步铺开的系统性产能管控措施。从一月的行业座谈会，到四月的产能预警部署，再到六月各地暂停动力及储能锂电池项目手续办理，政策脉络清晰连贯。至八月，审批的实质性停摆已获媒体确认。此次政策收紧的直接动因，在于过去五年间动力电池销量激增十八倍后，低端同质化产能泛滥。储能电芯价格一度探至0.24元/Wh的地板价，行业面临重蹈光伏产业覆辙的风险。政策“关闸”已显现初步成效，储能电芯价格已回升至0.4元/Wh左右，半年涨幅达五成,自下半年起，国内锂电产业迎来重大政策转向。据悉，新申报的锂电产能项目已不再获得审批，这一实质性停摆标志着行业无序扩产时代的终结。此举并非地方性孤立行动，而是由国家工信部牵头、自年初便逐步铺开的系统性产能管控措施。从一月的行业座谈会，到四月的产能预警部署，再到六月各地暂停动力及储能锂电池项目手续办理，政策脉络清晰连贯。至八月，审批的实质性停摆已获媒体确认。此次政策收紧的直接动因，在于过去五年间动力电池销量激增十八倍后，低端同质化产能泛滥。储能电芯价格一度探至0.24元/Wh的地板价，行业面临重蹈光伏产业覆辙的风险。政策“关闸”已显现初步成效，储能电芯价格已回升至0.4元/Wh左右，半年涨幅达五成。市场逻辑正从“产能规模竞争”转向“技术实力比拼”，被业界称为锂电领域的“供给侧改革”。审批闸门落下后，行业格局分化加剧。宁德时代在建产能高达764GWh，同时，工信部明确让宁德、比亚迪、国轩、中创新航、亿纬、欣旺达六家牵头制定未来三年的行业方案；而众多中小厂商则因新批文无门，且高度依赖地方补贴，面临显著的出清风险。此外，设备商群体因在建产线预计于2027年上半年基本完工，增量订单面临归零可能，成为政策调整的意外承压方。此外，动力电池回收环节的“梯次利用”资质名单同步作废，行业准入门槛与标准重塑，与产能审批政策形成“先关闸、再筛选”的协同效应。总体而言，锂电产业已正式步入存量博弈新周期。未来三年，拥有批文、技术及订单优势的企业将占据主导，而单纯依赖旧产能与补贴的企业则将加速离场。这一深刻变革，其影响远超任何一次价格波动，正从根本上重塑中国锂电产业的竞争规则与生态版图。文章来源：智电拆解扫码加入中国储能行业通讯录免责声明：本公众号文章版权归原作者及原出处所有 。内容为作者个人观点， 并不代表本公众号赞同其观点和对其真实性负责。本公众号并不用于商业目的，如有涉及侵权等，请及时告知，我们会尽快处理。本公众号拥有对此声明的最终解释权。,,,,pending
旭化成入局中国电解液市场！,储能前沿,储能前沿,"RIOnews API, 储能, 电解液, 本地化, 落地",normal,2026-08-25T11:30:00+08:00,,近日，旭化成与高化学（上海）国际贸易有限公司达成重要合作，双方正式签署了Acetolyte™电解液技术在中国市场的首个非独占生产及销售许可协议。这一协议的签署，标志着双方在新能源领域的技术合作迈出了关键一步。根据协议内容，上海高化学将获得授权，向中国境内的电池制造商供应采用Acetolyte™技术的电解液产品。这一举措不仅丰富了国内电池制造商的技术选择，也为提升新能源汽车及储能产业的性能提供了有力支持。合作双方表示，将共同致力于开拓国内市场，通过构建本地化的供应体系，确保技术的快速落地与应用。此举旨在为新能源汽车和储能等产业提供更加先进、可靠的电解液解决方案，推动相关产业的技术升级与可持续发展,http://mp.weixin.qq.com/s?__biz=Mzg3MjY1NTkxNg==&mid=2247601108&idx=3&sn=cecae410d58af1ff2f31c2e38640de64,,近日，旭化成与高化学（上海）国际贸易有限公司达成重要合作，双方正式签署了Acetolyte™电解液技术在中国市场的首个非独占生产及销售许可协议。这一协议的签署，标志着双方在新能源领域的技术合作迈出了关键一步。根据协议内容，上海高化学将获得授权，向中国境内的电池制造商供应采用Acetolyte™技术的电解液产品。这一举措不仅丰富了国内电池制造商的技术选择，也为提升新能源汽车及储能产业的性能提供了有力支持。合作双方表示，将共同致力于开拓国内市场，通过构建本地化的供应体系，确保技术的快速落地与应用。此举旨在为新能源汽车和储能等产业提供更加先进、可靠的电解液解决方案，推动相关产业的技术升级与可持续发展,近日，旭化成与高化学（上海）国际贸易有限公司达成重要合作，双方正式签署了Acetolyte™电解液技术在中国市场的首个非独占生产及销售许可协议。这一协议的签署，标志着双方在新能源领域的技术合作迈出了关键一步。根据协议内容，上海高化学将获得授权，向中国境内的电池制造商供应采用Acetolyte™技术的电解液产品。这一举措不仅丰富了国内电池制造商的技术选择，也为提升新能源汽车及储能产业的性能提供了有力支持。合作双方表示，将共同致力于开拓国内市场，通过构建本地化的供应体系，确保技术的快速落地与应用。此举旨在为新能源汽车和储能等产业提供更加先进、可靠的电解液解决方案，推动相关产业的技术升级与可持续发展。扫码加入中国储能行业通讯录免责声明：本公众号文章版权归原作者及原出处所有 。内容为作者个人观点， 并不代表本公众号赞同其观点和对其真实性负责。本公众号并不用于商业目的，如有涉及侵权等，请及时告知，我们会尽快处理。本公众号拥有对此声明的最终解释权。,,,,pending
下月起实施！电池消费税新政来啦，将取消锂电池免税！,储能前沿,储能前沿,"RIOnews API, 储能, 政策, 落地",normal,2026-08-25T11:30:00+08:00,,关注新能源、电池行业的朋友看过来电池消费税迎来重要变动2015年起我国开始征收电池消费税7类电池享受免税今年9月1日起相关公告落地政策迎来调整一起来了解具体变化9月1日起，电池消费税政策分步调整图源：国家税务总局✅实施时间：2026年9月1日起✅调整目的：此前免征消费税政策有力推动我国电池产业实现规模化、体系化快速发展，产业发展进入成熟阶段，政策调整有助于构建长效化行业调控机制来源：国家税务总局原文：https://fgk.chinatax.gov.cn/zcfgk/c102416/c5251171/content.html电池消费税分步调整政策主要内容 该图片疑似使用了AI生成技术，请谨慎甄,http://mp.weixin.qq.com/s?__biz=Mzg3MjY1NTkxNg==&mid=2247601108&idx=4&sn=27bcfb523cf1265b02997af7662b2b9c,,关注新能源、电池行业的朋友看过来电池消费税迎来重要变动2015年起我国开始征收电池消费税7类电池享受免税今年9月1日起相关公告落地政策迎来调整一起来了解具体变化9月1日起，电池消费税政策分步调整图源：国家税务总局✅实施时间：2026年9月1日起✅调整目的：此前免征消费税政策有力推动我国电池产业实现规模化、体系化快速发展，产业发展进入成熟阶段，政策调整有助于构建长效化行业调控机制来源：国家税务总局原文：https://fgk.chinatax.gov.cn/zcfgk/c102416/c5251171/content.html电池消费税分步调整政策主要内容 该图片疑似使用了AI生成技术，请谨慎甄,关注新能源、电池行业的朋友看过来电池消费税迎来重要变动2015年起我国开始征收电池消费税7类电池享受免税今年9月1日起相关公告落地政策迎来调整一起来了解具体变化9月1日起，电池消费税政策分步调整图源：国家税务总局✅实施时间：2026年9月1日起✅调整目的：此前免征消费税政策有力推动我国电池产业实现规模化、体系化快速发展，产业发展进入成熟阶段，政策调整有助于构建长效化行业调控机制来源：国家税务总局原文：https://fgk.chinatax.gov.cn/zcfgk/c102416/c5251171/content.html电池消费税分步调整政策主要内容 该图片疑似使用了AI生成技术，请谨慎甄别图源：AI生成，仅供参考自2026年9月1日起将对无汞原电池、金属氢化物镍蓄电池、锂原电池、锂离子蓄电池、全钒液流电池按照2%税率征收消费税自2027年4月1日起对光伏电池（又称太阳能电池）按照2%税率征收消费税自2027年9月1日起对无汞原电池、金属氢化物镍蓄电池、锂原电池、锂离子蓄电池、全钒液流电池按照4%税率征收消费税自2028年4月1日起对光伏电池（又称太阳能电池）按照4%税率征收消费税与此同时部分新技术电池产品在一定期限内继续享受免税优惠↓↓↓自2026年9月1日起至2028年12月31日对钠离子电池、固态电池、燃料电池及光伏电池中的钙钛矿电池、叠层电池、砷化镓电池免征消费税。总 结1️⃣分布调整，免税范围调整2️⃣新技术继续免税，鼓励创新。3️⃣结束了长达11年的免税政策。电池行业从“规模扩张”向“高质量发展”转型。摄图网_701448211（仅作配图）扫码加入中国储能行业通讯录免责声明：本公众号文章版权归原作者及原出处所有 。内容为作者个人观点， 并不代表本公众号赞同其观点和对其真实性负责。本公众号并不用于商业目的，如有涉及侵权等，请及时告知，我们会尽快处理。本公众号拥有对此声明的最终解释权。,,,,pending
中创新航30GWh锂电项目公示！,储能前沿,储能前沿,"RIOnews API, 中创新航, 磷酸铁锂, 铁锂, 储能, 正极材料, 产能, GWh, 投资, 发布",normal,2026-08-25T11:30:00+08:00,,近日，眉山市彭山区人民政府发布《立鼎材料科技（四川）有限公司年产30万吨磷酸铁锂材料项目进行第一次环评公示》。项目名称：立鼎材料科技（四川）有限公司年产30万吨磷酸铁锂材料项目建设单位：立鼎材料科技（四川）有限公司建设地点：四川省眉山市彭山区经济开发区产业大道17号建设内容及生产规模：新建磷酸铁锂材料生产线，包括生产厂房、原材料库、成品库、动力站房、甲类库、固废库、纯水站、污水处理站等生产及辅助用房。拟购置各类生产及辅助设备组建磷酸铁锂生产线。项目建成后，可形成年产磷酸铁锂材料约30万吨的生产能力。建设性质：新建总投资：336000万元项目公司简介：立鼎材料科技（四川）有限公司是中创新航的全资,http://mp.weixin.qq.com/s?__biz=Mzg3MjY1NTkxNg==&mid=2247601108&idx=2&sn=26726277058c2576326566f00fc23858,,近日，眉山市彭山区人民政府发布《立鼎材料科技（四川）有限公司年产30万吨磷酸铁锂材料项目进行第一次环评公示》。项目名称：立鼎材料科技（四川）有限公司年产30万吨磷酸铁锂材料项目建设单位：立鼎材料科技（四川）有限公司建设地点：四川省眉山市彭山区经济开发区产业大道17号建设内容及生产规模：新建磷酸铁锂材料生产线，包括生产厂房、原材料库、成品库、动力站房、甲类库、固废库、纯水站、污水处理站等生产及辅助用房。拟购置各类生产及辅助设备组建磷酸铁锂生产线。项目建成后，可形成年产磷酸铁锂材料约30万吨的生产能力。建设性质：新建总投资：336000万元项目公司简介：立鼎材料科技（四川）有限公司是中创新航的全资,近日，眉山市彭山区人民政府发布《立鼎材料科技（四川）有限公司年产30万吨磷酸铁锂材料项目进行第一次环评公示》。项目名称：立鼎材料科技（四川）有限公司年产30万吨磷酸铁锂材料项目建设单位：立鼎材料科技（四川）有限公司建设地点：四川省眉山市彭山区经济开发区产业大道17号建设内容及生产规模：新建磷酸铁锂材料生产线，包括生产厂房、原材料库、成品库、动力站房、甲类库、固废库、纯水站、污水处理站等生产及辅助用房。拟购置各类生产及辅助设备组建磷酸铁锂生产线。项目建成后，可形成年产磷酸铁锂材料约30万吨的生产能力。建设性质：新建总投资：336000万元项目公司简介：立鼎材料科技（四川）有限公司是中创新航的全资子公司，成立于2022年1月，法定代表人由中创新航副总裁耿言安担任，注册资本6亿元，由中创新航科技集团股份有限公司100%全资持有。该公司此前曾用名“中创新航材料科技（四川）有限公司”，是中创新航首个自主投建的锂电正极材料生产平台。文章来源：彭山区人民政府扫码加入中国储能行业通讯录免责声明：本公众号文章版权归原作者及原出处所有 。内容为作者个人观点， 并不代表本公众号赞同其观点和对其真实性负责。本公众号并不用于商业目的，如有涉及侵权等，请及时告知，我们会尽快处理。本公众号拥有对此声明的最终解释权。,,,,pending
一流期刊 | TMR重磅学者：哈尔滨工业大学黄永江教授团队：通过预扭转处理优化微米尺度高熵合金纤维的机械性能,今日新材料,今日新材料,"RIOnews API, 新材料, 高熵, 学术研究, 大学, 教授, 期刊",normal,2026-08-25T11:30:00+08:00,,导语金属纤维，尤其是高熵合金纤维，由于其较高的比强度和比表面积，使其在现代航空航天、化学和医疗等领域中得到了广泛的应用。优异的机械性能是金属纤维在应用中保证可靠性和精度的前提。预扭转处理可以在不显著改变样品形状的基础上，大幅优化调节其机械性能，并且相比传统的后处理方法（如高压扭转、表面机械研磨等）可以很好地适应金属纤维较小的尺寸。然而，相比于块体样品，目前关于微米尺度金属纤维的预扭转处理的研究和理解仍相当有限，限制了该工艺的应用。基于此，哈尔滨工业大学黄永江教授团队以CoCrFeNi高熵合金纤维为研究对象，探究了预扭转处理对直径为50~100 μm微纤维的影响；创新性地采用了净零累积应变的扭转,http://mp.weixin.qq.com/s?__biz=MzkwMTEzMjE5OQ==&mid=2247683835&idx=7&sn=651db3a3c6dc58f22593036cb92aaf18,,导语金属纤维，尤其是高熵合金纤维，由于其较高的比强度和比表面积，使其在现代航空航天、化学和医疗等领域中得到了广泛的应用。优异的机械性能是金属纤维在应用中保证可靠性和精度的前提。预扭转处理可以在不显著改变样品形状的基础上，大幅优化调节其机械性能，并且相比传统的后处理方法（如高压扭转、表面机械研磨等）可以很好地适应金属纤维较小的尺寸。然而，相比于块体样品，目前关于微米尺度金属纤维的预扭转处理的研究和理解仍相当有限，限制了该工艺的应用。基于此，哈尔滨工业大学黄永江教授团队以CoCrFeNi高熵合金纤维为研究对象，探究了预扭转处理对直径为50~100 μm微纤维的影响；创新性地采用了净零累积应变的扭转,导语金属纤维，尤其是高熵合金纤维，由于其较高的比强度和比表面积，使其在现代航空航天、化学和医疗等领域中得到了广泛的应用。优异的机械性能是金属纤维在应用中保证可靠性和精度的前提。预扭转处理可以在不显著改变样品形状的基础上，大幅优化调节其机械性能，并且相比传统的后处理方法（如高压扭转、表面机械研磨等）可以很好地适应金属纤维较小的尺寸。然而，相比于块体样品，目前关于微米尺度金属纤维的预扭转处理的研究和理解仍相当有限，限制了该工艺的应用。基于此，哈尔滨工业大学黄永江教授团队以CoCrFeNi高熵合金纤维为研究对象，探究了预扭转处理对直径为50~100 μm微纤维的影响；创新性地采用了净零累积应变的扭转路径以避免样品屈曲、优化表面质量；系统研究了扭转应变量、扭转应变路径对纤维微观结构和机械性能演变的影响。结果表明，由于预扭转后沿径向的位错密度和孪晶梯度结构的形成，在显著提高强度的同时保持可观的塑性，实现了强度-塑性协同优化。同时，本研究还探究区分了预扭转处理对不同直径高熵合金纤维的力学性能作用效果，为通过预扭转处理调制微尺度金属纤维的力学性能提供了一种有效的策略。文章信息DOI: https://doi.org/10.1016/j.tramat.2026.100406文章亮点速览亮点一｜良好的强度-塑性组合工作内容：预扭转处理后的CoCrFeNi高熵合金纤维实现了良好的强度-塑性组合，最佳工艺下（正向与反向各扭转0.2应变）的样品具有785 MPa的屈服强度和25%的延伸率。优异的机械性能归因于预扭转在纤维内引入了径向分布的位错密度和孪晶梯度结构，使横截面划分为高强度的近表面区域和可容纳塑性变形的中心区域，从而显著提高了异质变形诱导（HDI）强化强度。预扭转过程中几何必要位错（GND）的广泛积累促进了变形孪晶的激活，这些孪晶的动态细化效应使微纤维在随后的拉伸变形过程中能够保持高应变硬化率。研究价值：揭示了预扭转调控金属纤维机械性能的内在机理，建立了扭转变形量与机械性能之间的关系。亮点二｜净零应变的预扭转工艺工作内容：本研究提出了采用正向与反向扭转相结合的净零应变预扭转处理工艺，在提高了高熵合金纤维强度的同时，还减少了扭转过程中纤维屈曲的发生，提高了样品的表面质量，使样品仍保持一定的加工硬化能力。研究价值：系统对比了两种预扭转路径的区别，为设计预扭转工艺路线提供了一种新策略。亮点三｜纤维尺寸对预扭转处理纤维梯度结构的影响工作内容：本研究对比了不同直径的纤维在预扭转之后的径向梯度结构分布，发现纤维较小的直径虽然会带来更显著的应变梯度，但也造成梯度分布较模糊，加剧表面弱化和应变局部化，最终降低塑性变形的稳定性。研究价值：阐明了预扭转处理对不同尺寸的纤维样品的影响规律，在实际应用中，应仔细选择预扭转样品的直径，以平衡强度增强与结构稳定性。文章核心图表结语金属纤维由于其尺寸限制，常规的后处理方式难以直接适用其强韧化。在本研究中，哈尔滨工业大学黄永江团队通过预扭转处理，在CoCrFeNi高熵合金纤维中引入了沿径向的位错密度和孪晶梯度，实现了微米金属纤维强度-塑性组合的优化。研究表明，选用适当的预扭转工艺路径，可以抑制扭转过程中产生的屈曲，在增加纤维强度的同时保持良好的加工硬化能力。通过正向与反向扭转结合的扭转工艺，使预扭转处理的纤维表现出屈服强度（785MPa）和延展性（25%）的最佳组合。该研究不仅提供了一种新的预扭转策略来调控金属纤维的力学性能，还为将应变梯度引入微尺度结构材料提供了新思路。未来可通过调整处理温度和调控析出相的方式进一步优化预扭转处理效果，充分挖掘预扭转处理在金属纤维性能调控中的应用潜力。作者介绍黄永江哈尔滨工业大学 教授、博士生导师黄永江，哈尔滨工业大学教授，工学博士，博士生导师，英国皇家学会牛顿学者，精密热成形国家级重点实验室副主任，黑龙江省高层次人才，中国金属学会非晶合金分会委员，中国热处理行业协会汽车钢分会副理事长。主要从事新型航天金属材料的增材/增减材智能制造、亚稳金属材料（包括非晶合金及其复合材料、轻合金、高熵合金等）、凝固理论及铸造装备、液态金属等方向研究工作。获黑龙江省科技进步二等奖一项，黑龙江省自然科学二等奖一项，黑龙江省高校自然科学一等奖和二等奖各一项。在Advanced Materials、Acta Materialia、International Journal of Plasticity、Corrosion Science 等国际著名学术杂志上发表SCI收录论文270余篇，被Science 等权威杂志引用8520次，ESI高被引7篇，3篇论文入选封面论文，1篇论文入选中国知网高影响力论文，1篇论文入选Rare Metals 杂志年度最佳论文，H因子46，申请专利85项，授权55项，担任8个国际期刊副主编/编委/青年编委。阅读原文点击链接，获取文章全文：https://www.sciencedirect.com/science/article/pii/S3050914926002475点击文末“阅读全文”，轻松跳转到完整文章页面，精彩内容不容错过！期刊影响力支持计划为进一步提升期刊学术影响力，鼓励高质量研究成果的交流与传播，学会面向积极支持Transactions of Materials Research (TMR)与Review of Materials Research (RMR)论文的作者，推出期刊影响力共建支持计划。支持条件:1.在高质量核心期刊发表的论文中，一年内累计参考TMR / RMR论文≥10 次。或2.在TMR/RMR发表的单篇论文，一年内被引用≥10 次。学会支持与权益:1.年度颁发学会“学术能力荣誉证书”；2.优先推荐担任专题客座编辑、编委或青年编委；3.学会主办会议中，专题主席或学术报告机会优先考虑；4.官方平台人物专访及科研方向展示，提升学术影响力。TMR和RMR文章分类总结：TMR和RMR期刊文章引用分类在线表格，数据实时更新：https://docs.qq.com/sheet/DVnNRSUhwSFhqd0h0申报通知：请符合条件的作者将期刊引用证明材料提交至编辑部进行审核，提交邮箱为 liupingping@cmrs.org.cn，邮件主题请注明【TMR/RMR】期刊引用证明材料。编辑部在收到材料后将尽快完成审核，并及时反馈审核结果；审核通过的作者将由中国材料研究学会颁发证书。RMR&TMR 长期征稿启事期刊领域Review of Materials Research (RMR) 接收综述类论文，重点涵盖以下类型稿件：Flash Report（快速报道）：前沿重大突破或原创进展；Concise Reviews（简明评论）：热点领域的简明综述；Comprehensive Survey（研究进展综述）：重要领域的系统性综；Strategic Commentary（战略评述）：针对重大科研战略领域的专题评述。Transactions of Materials Research (TMR)接收原创研究类论文，重点涵盖以下类型稿件：Materials Frontier（前沿材料与交叉学科）：面向材料科学的最新突破性进展与交叉研究成果；Metallic Materials（金属材料）：金属材料科学与技术领域的原创性研究、关键机制揭示或技术突破；Inorganic Materials（无机非金属材料）：陶瓷、玻璃、碳基材料、复合材料等重要基础研究与应用进展；Polymer Materials（高分子材料）：高分子材料的重要理论进展、结构调控策略与性能提升研究。投稿优待&激励政策（一）论文奖励体系免全部 APC 出版费（开放获取），线下纸刊1 万册全球赠送推广；有机会入选封面故事，获赠纸刊与学会媒体宣传；颁发“中国材料研究学会特邀论文发表证书”；10% 优秀论文评选，颁发“优秀论文证书”；设立“高水平论文（金牌）”，于学会年会开幕式隆重颁发。（二）学会激励政策在RMR & TMR发表的作者，参评学会科学技术奖、青年科技奖、博士生创新奖等享有同等条件优先的政策；RMR & TMR的发表数量与引用情况将作为：增选学会理事的重要依据、二级分会设立的参考指标；对在RMR & TMR贡献突出的学者：在院士推选、国家奖励推荐、青年人才举荐等方面享有同等条件优先的政策。（三）快速高效发表机制平均30 天上线，保证研究成果在最短时间传播到全球材料学术界。投稿特别要求原创性强、研究水平高单一第一作者 + 单一通讯作者投稿方式欢迎材料科学研究者积极咨询与投稿！RMR 投稿网址：https://submit.elsevier.com/REVMATTMR 投稿网址：https://submit.elsevier.com/TRAMAT期刊详细信息咨询，请联系马老师：微信：abcdmy182电话：***********邮箱：mayan@cmrs.org.cnRMR 官网：https://www.sciencedirect.com/journal/review-of-materials-researchTMR 官网：https://www.sciencedirect.com/journal/transactions-of-materials-research出品｜中国材料研究学会来源｜中国材料研究学会期刊中心作者｜黄永江排版｜马艳,,,,pending
今日前沿 | 清华大学龙桂鲁教授团队：量子计算，Nature Computational Science封面,今日新材料,今日新材料,"RIOnews API, 新材料, 量子, 学术研究, 大学, 教授, 期刊",normal,2026-08-25T11:30:00+08:00,,近日，清华大学物理系龙桂鲁教授团队与北京量子信息科学研究院等单位合作，在量子计算求解复杂性难题领域取得新进展。相关成果以封面论文形式发表于Nature Computational Science 2026年8月刊，并同步发表了受邀撰写的题为“Quantum scaling advantage using reduced search in an NP-complete problem”的 Research Briefing（研究简报）专文报道。研究背景与核心方法在有噪声中等规模量子（NISQ）时代，量子优化算法多采用启发式，缺乏解析复杂度证明。因此，证明量子优势的核心指标在于通过标度比较，证明,http://mp.weixin.qq.com/s?__biz=MzkwMTEzMjE5OQ==&mid=2247683835&idx=2&sn=974b00f61b6db46c548b98d58c9bf56b,,近日，清华大学物理系龙桂鲁教授团队与北京量子信息科学研究院等单位合作，在量子计算求解复杂性难题领域取得新进展。相关成果以封面论文形式发表于Nature Computational Science 2026年8月刊，并同步发表了受邀撰写的题为“Quantum scaling advantage using reduced search in an NP-complete problem”的 Research Briefing（研究简报）专文报道。研究背景与核心方法在有噪声中等规模量子（NISQ）时代，量子优化算法多采用启发式，缺乏解析复杂度证明。因此，证明量子优势的核心指标在于通过标度比较，证明,近日，清华大学物理系龙桂鲁教授团队与北京量子信息科学研究院等单位合作，在量子计算求解复杂性难题领域取得新进展。相关成果以封面论文形式发表于Nature Computational Science 2026年8月刊，并同步发表了受邀撰写的题为“Quantum scaling advantage using reduced search in an NP-complete problem”的 Research Briefing（研究简报）专文报道。研究背景与核心方法在有噪声中等规模量子（NISQ）时代，量子优化算法多采用启发式，缺乏解析复杂度证明。因此，证明量子优势的核心指标在于通过标度比较，证明量子资源的需求增长速度慢于最优秀的经典算法。团队针对布尔可满足性问题（如 1-in-3 SAT）这一典型的 NP-complete 难题，提出了一种限制空间约化算法（RSRA）。该方法通过将子句松弛为模 2 宇称约束，将有效搜索空间从全部指派压缩至低维解空间，并在此基础上构建了“问题启发式 Ansatz”，有效降低了求解过程中对量子比特及计算资源的需求。同期刊出的封面图片直观呼应了该研究：发光的线条与节点展示了增强型量子求解器在由 RSRA 缩减后的计算子区域（而非全搜索空间）内的运行机制。图文导读图1：RSRA及增强型量子求解器的原理示意图图2：数值模拟结果图3：量子处理器的拓扑结构及其编译方法图4：基于VQE和QAOA的求解器，在硬件上训练参数后的实验能量曲线与末态分布图5：增强型QAOA求解器，在量子处理器上，采用固定参数、针对多达22个变量实例的实验结果学术评价与反响该研究通过大规模数值模拟与超导量子处理器上的实验验证，在特定子句-变量比率区间内，观察到了增强型量子求解器相较于经典基准的经验性标度优势。相关进展在 Research Briefing 中获得了同行的高度评价：•洛斯阿拉莫斯国家实验室 John Golden 指出：该研究通过经典的 RSRA 约化与子空间保持设计，为提升 NISQ 时代组合优化的可行性提供了切实可行的方案。• Nature Computational Science高级编辑 Jie Pan 评论认为：该工作针对 NP 完全布尔可满足性问题开发了增强型量子求解器，通过大规模模拟与实体处理器实验展示了经验性标度优势，推进了 NISQ 时代量子计算实用可行性的相关研究。相 关 链 接•论文原文链接：https://www.nature.com/articles/s43588-026-01007-8•Research Briefing 链接：https://www.nature.com/articles/s43588-026-01033-6供稿 | 龙桂鲁团队编辑 | 高原审核 | 宋灿立 骆洁来源：清华物理系图文导读为编者所加,,,,pending
今日前沿 | 哈尔滨工业大学（深圳）：偶极玻璃，Nature Nanotechnology,今日新材料,今日新材料,"RIOnews API, 新材料, 电池, 量子, 学术研究, 大学, 教授, 科学院, 研究所",normal,2026-08-25T11:30:00+08:00,,对于前沿纳米电子学，低温储能Cryogenic energy storage的研究进展，至关重要，应用场景包括深空探测（低至 90 K）和量子计算（≤4 K）。然而，传统的电化学储能系统（如二次电池和电化学电容器），在约230K 温度以下，因离子迁移率受限而性能不佳。尽管基于弛豫体的介电电容器，在约200 K以上，能提供高能量效率（>80%），但在更低的低温区域（近日，哈尔滨工业大学（深圳）陈祖煌教授、西湖大学刘仕副教授、中国科学院物理研究所陈震研究员、西安交通大学李飞教授、北京大学深圳研究生院潘豪研究员合作团队在Nature Nanotechnology上发文，通过在反铁电‒顺电相界附近，设,http://mp.weixin.qq.com/s?__biz=MzkwMTEzMjE5OQ==&mid=2247683835&idx=3&sn=a4e774a6bb0e5cd438c81c842ab931cd,,对于前沿纳米电子学，低温储能Cryogenic energy storage的研究进展，至关重要，应用场景包括深空探测（低至 90 K）和量子计算（≤4 K）。然而，传统的电化学储能系统（如二次电池和电化学电容器），在约230K 温度以下，因离子迁移率受限而性能不佳。尽管基于弛豫体的介电电容器，在约200 K以上，能提供高能量效率（>80%），但在更低的低温区域（近日，哈尔滨工业大学（深圳）陈祖煌教授、西湖大学刘仕副教授、中国科学院物理研究所陈震研究员、西安交通大学李飞教授、北京大学深圳研究生院潘豪研究员合作团队在Nature Nanotechnology上发文，通过在反铁电‒顺电相界附近，设,"对于前沿纳米电子学，低温储能Cryogenic energy storage的研究进展，至关重要，应用场景包括深空探测（低至 90 K）和量子计算（≤4 K）。然而，传统的电化学储能系统（如二次电池和电化学电容器），在约230K 温度以下，因离子迁移率受限而性能不佳。尽管基于弛豫体的介电电容器，在约200 K以上，能提供高能量效率（>80%），但在更低的低温区域（近日，哈尔滨工业大学（深圳）陈祖煌教授、西湖大学刘仕副教授、中国科学院物理研究所陈震研究员、西安交通大学李飞教授、北京大学深圳研究生院潘豪研究员合作团队在Nature Nanotechnology上发文，通过在反铁电‒顺电相界附近，设计一种晶胞尺度无序的偶极玻璃态，克服了这一不利影响。这种源于反铁电的偶极玻璃，在偶极相互作用中，引入了增强的晶胞级复杂性，从而抑制了长程铁电有序。该纳米工程策略，使得极化滞后极低（效率 >88%），可在低至4K下工作，在 9 MV cm⁻¹ 场强下，提供了211 J cm⁻³ 的能量密度，同时具备 10⁸ 次充放电循环的稳定性和微秒级充放电能力。该项研究，引入了一种偶极玻璃范式，在晶胞尺度上，调控极性无序，为高效率储能系统在广泛场景下的技术开发提供了新思路。第一作者：Yangyang Si, Denan Li, Yijie Li, Changsheng Chen.通讯作者：Hao Pan, Fei Li, Zhen Chen, Shi Liu & Zuhuang Chen 通讯单位：哈尔滨工业大学（深圳），西湖大学，中国科学院物理研究所，西安交通大学，北京大学深圳研究生院Cryogenic energy storage enabled by dipole glass with unit-cell-level polar disorder. 利用具有晶胞级极性无序的偶极玻璃，实现低温储能图1 | Pb₀.₇Sr₀.₃ZrO₃薄膜的偶极结构及储能性能的模拟。图2 | Pb₁₋ₓSrₓZrO₃薄膜的结构演变与局域偶极分布。图3 | 偶极玻璃态Pb₀.₆Sr₀.₄ZrO₃和弛豫铁电体PMN-PT薄膜的温度驱动电学行为演变。图4 | 偶极玻璃态薄膜在低温下的介电储能性能。文献链接Si, Y., Li, D., Li, Y. et al. Cryogenic energy storage enabled by dipole glass with unit-cell-level polar disorder. Nat. Nanotechnol. (2026). https://doi.org/10.1038/s41565-026-02260-8本文译自Nature。来源：今日新材料仅代表译者观点。若有误，请联系修改；若侵权，请联系删除！",,,,pending
比亚迪二代刀片电池，获一汽定点,电动学堂,电动学堂,"RIOnews API, 新材料, 碳, 高比能, 硅, 产品发布, 发布, 亮相, 对外发布, 合作进展, 定点, 投资, 合作",normal,2026-08-25T11:22:35+08:00,,据吉林卫视消息，比亚迪第二代刀片电池已正式获得一汽红旗下一代纯电平台核心项目的定点。这一消息得到了一汽弗迪新能源科技有限公司常务副总经理张宏军的确认。他还透露，第二代刀片电池将实现本地化生产供货。一汽系一直是比亚迪的大客户，双方在整车制造、设计以及电池等方面均有合作。2019年比亚迪正式拆分独立运营弗迪电池；2020年弗迪电池公开亮相并宣布启动电池外供；2021年中国一汽就出现在其外部客户名单上，红旗E-QM5、一汽奔腾E05等车型率先搭载。2022年，双方合作进一步升级，一汽弗迪新能源科技有限公司成立，比亚迪和一汽集团分别占股51%和49%，主要从事新能源电芯、模组等核心零部件的生产制造。根,http://mp.weixin.qq.com/s?__biz=MzIyMTg1NDg0Mg==&mid=2247629912&idx=1&sn=31ecaafdddb4f04e663f1a37fd660f71,,据吉林卫视消息，比亚迪第二代刀片电池已正式获得一汽红旗下一代纯电平台核心项目的定点。这一消息得到了一汽弗迪新能源科技有限公司常务副总经理张宏军的确认。他还透露，第二代刀片电池将实现本地化生产供货。一汽系一直是比亚迪的大客户，双方在整车制造、设计以及电池等方面均有合作。2019年比亚迪正式拆分独立运营弗迪电池；2020年弗迪电池公开亮相并宣布启动电池外供；2021年中国一汽就出现在其外部客户名单上，红旗E-QM5、一汽奔腾E05等车型率先搭载。2022年，双方合作进一步升级，一汽弗迪新能源科技有限公司成立，比亚迪和一汽集团分别占股51%和49%，主要从事新能源电芯、模组等核心零部件的生产制造。根,据吉林卫视消息，比亚迪第二代刀片电池已正式获得一汽红旗下一代纯电平台核心项目的定点。这一消息得到了一汽弗迪新能源科技有限公司常务副总经理张宏军的确认。他还透露，第二代刀片电池将实现本地化生产供货。一汽系一直是比亚迪的大客户，双方在整车制造、设计以及电池等方面均有合作。2019年比亚迪正式拆分独立运营弗迪电池；2020年弗迪电池公开亮相并宣布启动电池外供；2021年中国一汽就出现在其外部客户名单上，红旗E-QM5、一汽奔腾E05等车型率先搭载。2022年，双方合作进一步升级，一汽弗迪新能源科技有限公司成立，比亚迪和一汽集团分别占股51%和49%，主要从事新能源电芯、模组等核心零部件的生产制造。根据规划，一汽弗迪项目总投资180亿，规划产能45GWh，可满足近60万辆新能源汽车的电池配套需求，并采用比亚迪最先进刀片电池技术，结合无模组高集成度的设计方案，解决动力电池高安全、高续航、长寿命等技术难点。其中，项目一期产能15GWh已于2024年2月正式投产，二期15GWh项目正处于加快签约和落地开工阶段，三期项目也进入前期规划阶段。彼时弗迪电池曾表示，一汽弗迪首批产品将搭载于一汽集团旗下红旗品牌的新款纯电动汽车。一汽弗迪项目，成为此次双方在第二代刀片电池方面合作的基础。另外，此次合作的关键产品——比亚迪第二代刀片电池，于今年3月5日对外发布。据介绍，第二代刀片电池采用磷酸锰铁锂复合正极搭配硅碳复合负极，电压平台从3.2V提升至3.8V，电芯内阻降低约20%。系统能量密度达到190至210Wh/kg，较第一代提升35%至50%，接近主流中镍三元电池水平。实现了从材料体系、结构设计、热管理到补能生态的全方位重构，核心破解了纯电汽车长期面临的安全、续航、快充、低温四大核心痛点，成功终结了行业内“安全—续航—快充”的不可能三角困境。目前，第二代刀片电池已率先在比亚迪体系内的仰望U7、腾势Z9GT、方程豹钛3等十余款车型上完成装车落地，此次红旗项目定点，标志着比亚迪第二代刀片电池正式进入对外车企批量供货阶段，从比亚迪体系内自用走向了更广泛的行业应用。文章来源：网络声明：本公众号致力于好文推送，基于分享的目的转载，尊重原创，版权归属原作者所有，不代表电动学堂的观点和立场，如涉及作品版权侵权，请联系我们予以核实删除！加入我们的知识星球电动学堂资料库 可以下载公众号海量参考资料包含以上参考资料。据吉林卫视消息，比亚迪第二代刀片电池已正式获得一汽红旗下一代纯电平台核心项目的定点。,,,,pending
（总第17期）2026年第2期大模组、CTP/CTC电池系统技术集训开始报名！,电动学堂,电动学堂,"RIOnews API, 前沿表征, 工况, 固态电池",normal,2026-08-25T11:22:35+08:00,,2024年以来，电动汽车电池系统产业呈现3个明显的技术方案特征：成熟方案，仍以宁德时代方形电芯的二代CTP为主流（C-CTP 2.0），短刀电芯开始占据更多市场；前沿方案，领先的三巨头TBC（特斯拉T-比亚迪B-宁德时代C）继续领跑全球，宁德凭借CTC的量产，重夺领头羊；其他企业显有CTB量产；46大圆柱电池多家已进入量产阶段，有望加速推进；低成本方案，内卷的影响，在成熟的CTP基础上，国内企业开始向低成本方案极限挑战，不少新的降本方案出现。针对此，我们在2026年的集训进一步增加当前最具代表性的电池系统，新增如下：比亚迪闪充二代（海狮06EV）；比亚迪闪充二代（腾势Z9 GT）理想i8电池系,http://mp.weixin.qq.com/s?__biz=MzIyMTg1NDg0Mg==&mid=2247629912&idx=5&sn=156673052975a618f6689ab5062b9f83,,2024年以来，电动汽车电池系统产业呈现3个明显的技术方案特征：成熟方案，仍以宁德时代方形电芯的二代CTP为主流（C-CTP 2.0），短刀电芯开始占据更多市场；前沿方案，领先的三巨头TBC（特斯拉T-比亚迪B-宁德时代C）继续领跑全球，宁德凭借CTC的量产，重夺领头羊；其他企业显有CTB量产；46大圆柱电池多家已进入量产阶段，有望加速推进；低成本方案，内卷的影响，在成熟的CTP基础上，国内企业开始向低成本方案极限挑战，不少新的降本方案出现。针对此，我们在2026年的集训进一步增加当前最具代表性的电池系统，新增如下：比亚迪闪充二代（海狮06EV）；比亚迪闪充二代（腾势Z9 GT）理想i8电池系,2024年以来，电动汽车电池系统产业呈现3个明显的技术方案特征：成熟方案，仍以宁德时代方形电芯的二代CTP为主流（C-CTP 2.0），短刀电芯开始占据更多市场；前沿方案，领先的三巨头TBC（特斯拉T-比亚迪B-宁德时代C）继续领跑全球，宁德凭借CTC的量产，重夺领头羊；其他企业显有CTB量产；46大圆柱电池多家已进入量产阶段，有望加速推进；低成本方案，内卷的影响，在成熟的CTP基础上，国内企业开始向低成本方案极限挑战，不少新的降本方案出现。针对此，我们在2026年的集训进一步增加当前最具代表性的电池系统，新增如下：比亚迪闪充二代（海狮06EV）；比亚迪闪充二代（腾势Z9 GT）理想i8电池系统；尊界S800 巨鲸电池；小米YU7MAX/PRO；MG4半固态电池；极氪9X 70度增程电池；经过这次的升级，集训的代表性电池包总数达到了30+款，课程内容达到600+页。第一天：Benchmark参观与讲解（对讲解内容颗粒度有疑问请提前咨询，我们对实际的讲解内容有最终解释权）（9月18日，周五，早上：8：30~）A区:电芯技术Benchmark展示当前代表性电芯技术的案例方形：方形VDA一代&二代电芯、特斯拉Model 3方形电芯（1代铁锂）、小鹏P7电芯（NCM 811）、BMW iX3电芯、麒麟电芯圆柱：特斯拉4680、特斯拉18650（松下）、特斯拉21700（松下）、亿纬4695、比克4695、比亚迪4680，宁德时代4695软包：LG590电芯刀片：比亚迪汉EV刀片（135Ah）、比亚迪海豹CTB刀片（150Ah）、比亚迪Model Y电芯（179.5Ah）比亚迪PHEV软包刀片、蜂巢短刀、金砖电池，比亚迪闪充一代/二代，B区：模组技术Benchmark展示代表性模组的组成、关键零部件；展示模组技术时代的代表性案例LG 355模组、LG 390模组、LG 590模组、宁德355模组、宁德590模组Model S模组、Model S大模组、Model 3大模组ER6大模组、BMW iX3模组、EQA模组C区：PACK技术Benchmark展示代表性电池系统的整体集成方案模组技术电池包：小鹏P7、GM奥特能、Model 3电池包（松下）、奔驰EQA（方形与软包版）、高合电池包；一代CTP电池包：阿维塔12增程电池包；二代CTP电池包：神行电池、M3P电池，魔方电池，小鹏G9；三代CTP电池包：极氪009，理想I8，极氪9X，尊界S800巨鲸电池；刀片CTP电池包：比亚迪刀片CTP，极氪短刀CTPCTB电池包：海豹CTB、小鹏G6 CTB电池包、小米YU7 CTB电池包、特斯拉4680电池包，比亚迪闪充二代（海狮06EV/腾势Z9GT），MG4半固态电池；第2－3天：全天培训－大模组、CTP/CTC电池系统技术一、电池包总体结构设计1.1电池包总体布置（1）外布置整车布置、电池包布置电池包外部接口&标识电池包周边零件&环境（2）内布置模组布置、其他零件布置1.2电池包设计要点（1）电池包结构&功能分解（2）电池包设计要点分析（3）整体刚度设计刚度的影响、设计思路与校核（4）正面&侧面碰撞防护设计电池包碰撞防护概要电池包正/侧面碰撞防护设计电池包碰撞标准Model 3/MEB/Mach-e案例（5）底部碰撞防护设计底部碰撞工况、失效模式底部碰撞防护方案、测试标准（6）热扩散防护安全设计电芯热失控原理与现象总体思路、热传导隔离设计电芯-模组-PACK级别、高温绝缘防护热失控疏导、报警、灭火（7）电气架构设计整车电气架构介绍电池包常见电池架构主要元器件选型要点及案例分享（8）热管理系统设计整车热管理系统动力电池热管理系统分类和组成关键部件设计与选型（9）密封设计密封设计概要、方案密封设计案例、标准（10）防爆阀选型防爆阀功能、类型气压平衡、防爆功能校核典型车型平衡防爆阀对比（11）标准件选型与校核选型与校核标准件选型案例1.3电池包箱体设计（1）上盖设计上盖分类上盖材质对比上盖应用案例（2）下箱体设计下箱体材料与工艺框架式、底板式箱体集成液冷下箱体案例1.4典型电池包案例分析（1）大众MEB（2）松下版Model 3/Y（3）通用Bolt EV（4）小鹏P7（5）宁德版Model3（6）福特Mach-e（7）Model S Plaid（8）Taycan二、电池模组设计2.1模组设计要点（1）模组结构&功能分解方形模组结构&功能分解软包模组结构&功能分解（2）模组设计目标2.2方形电池模组设计（1）方形电池模组零部件设计要点电芯结构、模组框架刚度设计、膨胀设计绝缘零件、CCS组件母排与输出端子电压&温度采集组件、上盖（2）风冷模组设计福特HEV风冷模组（3）方形标准模组设计模组模组的发展VDA/355/390/590模组（4）大模组类型及代表企业（5）方形大模组案例长模组（比亚迪、某公司）三明治模组（某公司、威马）大电芯模组（宝马、特斯拉）背靠背模组（宝马、奥迪、大众）简单框架双排模组（上汽、吉利）二合一双排模组（比亚迪、某公司）CMT焊接框架双排模组（宝马）复杂框架双排模组（某公司）电芯平躺集成液冷双排模组（某公司）2.3软包电池模组设计（1）软包电池模组零部件设计要点电芯结构、模组框架刚度设计、膨胀设计绝缘零件、电芯冷却路径母排与输出端子电压&温度采集组件、上盖（2）风冷及自然冷却模组设计雷诺ZOE风冷模组Leaf自然冷却模组（3）软包标准模组设计LG第一、二代标准模组（4）软包大模组双排模组（起亚）－风冷长模组、三明治模组（通用）大电芯模组（某软包公司）长模组集成液冷（奔驰EQC）电芯平躺集成液冷双排模组（某公司）双输出极模组（SK）2.4圆柱电芯模组设计（1）圆柱电池模组零部件设计要点电芯结构、模组框架绝缘零件、电芯冷却路径母排与输出端子电压&温度采集组件、上盖（2）圆柱模组案例介绍2.5圆柱电芯模组设计（1）模组发展（2）大模组特点总结三、CTP电池包方案解析3.1方形VDA电芯CTP（1）宁德时代第一代CTP总体架构、设计要点&亮点绑带模组结构设计电连接设计集成液冷下箱体结构设计（2）宁德时代第二代CTP方案第二代VDA电芯CTP设计要点&亮点电连接设计总布置与结构设计（3）宁德时代麒麟电池方案总体思路（电芯正/倒立布置）极氪009麒麟电池设计解读3.2刀片电池CTP（1）蜂巢能源小刀片CTP总体架构、设计要点&亮点刚度设计、密封设计采集设计、工艺方案（2）比亚迪大刀片CTP总体架构设计要点&亮点电芯介绍、下箱体设计底护板设计、液冷板设计上盖设计及密封设计母排设计、从控集成与采集工艺方案（3）比亚迪海豚CTP3.3软包电池CTP介绍3.4CTP方案特点总结四、CTC方案简介4.1汽车车身介绍4.2CTC集成思路与案例Canoo的CTC设计博世-本特勒CTC底盘AVL及国内CTC案例4.3特斯拉Structural battery（1）Structural Pack与车身的固定方式（2）Structural Pack电池系统整体布局柏林版设计方案德州版设计方案（3）4680电芯成组与固定（4）4680的电气设计（5）4680热管理设计4.4比亚迪CTB设计解析（1）与整车的固定、密封（2）电池系统总体布置（3）刀片电芯成组与固定（4）结构与电气设计（5）热管理与热失控防护4.5小鹏G6电池包设计4.6宁德时代CTC专利解读报名须知（含线上直播）：培训时间：2026年9月18－20地点：苏州太仓费用：4699 元/每人（早鸟价，8.30号前）教材：（1）《大模组、CTP/CTC电池系统技术集训》（2）《现场讲解教材》5、咨询：知知小编: ***********（微信同号）,,,,pending
海力士突然淘宝撤店，在保的内存条售后怎么处理？,OFweek维科网,OFweek维科网,"RIOnews API, 订单",normal,2026-08-25T11:19:42+08:00,,"关注并星标OFweek维科网维科网8月25日消息，日前，有消费者在社交平台发帖，说淘宝那家SKhynix旗舰店突然挂出终止经营公告，自己刚买的内存条，质保是不是悬了？ 这家旗舰店主页公示，该店铺拟于2026年9月9日自主终止经营，已下架所有产品。目前已无法从淘宝平台直接搜索到该店铺。此前，店铺主页公示，打算在2026年9月9日自主终止经营，商品全部下架，现在淘宝里直接搜店名都搜不到。有记者在24日下午打过店铺公示的运营企业""天津海利士科技有限公司""的电话，但没人接。从资料来看，这家挂着""SKhynix旗舰店""牌子的店，运营主体并不是SK海力士自己。工商信息里写着，天津海利士科技有限公司2020",http://mp.weixin.qq.com/s?__biz=MjM5NzUxNTc0Mw==&mid=2654800672&idx=1&sn=62fb0979d850db2b555e7cf0f944f519,,"关注并星标OFweek维科网维科网8月25日消息，日前，有消费者在社交平台发帖，说淘宝那家SKhynix旗舰店突然挂出终止经营公告，自己刚买的内存条，质保是不是悬了？ 这家旗舰店主页公示，该店铺拟于2026年9月9日自主终止经营，已下架所有产品。目前已无法从淘宝平台直接搜索到该店铺。此前，店铺主页公示，打算在2026年9月9日自主终止经营，商品全部下架，现在淘宝里直接搜店名都搜不到。有记者在24日下午打过店铺公示的运营企业""天津海利士科技有限公司""的电话，但没人接。从资料来看，这家挂着""SKhynix旗舰店""牌子的店，运营主体并不是SK海力士自己。工商信息里写着，天津海利士科技有限公司2020","关注并星标OFweek维科网维科网8月25日消息，日前，有消费者在社交平台发帖，说淘宝那家SKhynix旗舰店突然挂出终止经营公告，自己刚买的内存条，质保是不是悬了？ 这家旗舰店主页公示，该店铺拟于2026年9月9日自主终止经营，已下架所有产品。目前已无法从淘宝平台直接搜索到该店铺。此前，店铺主页公示，打算在2026年9月9日自主终止经营，商品全部下架，现在淘宝里直接搜店名都搜不到。有记者在24日下午打过店铺公示的运营企业""天津海利士科技有限公司""的电话，但没人接。从资料来看，这家挂着""SKhynix旗舰店""牌子的店，运营主体并不是SK海力士自己。工商信息里写着，天津海利士科技有限公司2020年7月在天津武清区注册，注册资本100万元，法定代表人王秀丽，经营范围列了技术服务、机械设备销售这些。SK海力士是韩国的存储器原厂，1983年成立，2012年被SK集团收编，DRAM和NAND Flash都是它的主业。虽然两个名字看着像一家人，但从法律上来说，这是两码事。这就把最关键的问题摆出来了，你买内存时信任的质保，到底由谁兜底。笔者问了淘宝、京东上其他几家卖SK hynix存储的店铺，对方口径一致，都说店铺之间没关系，售后由各店自己负责。哪家店卖给你的，哪家店扛售后。那现在淘宝上这家店要关了，它自己许下的质保承诺，可能跟着店一起没了。那是不是就彻底没戏。淘宝官方客服表示，店铺关店后，只要订单还在售后有效期内，可以试着在订单详情页发起售后申请。入口没了或者卖家不处理，就找平台客服协助。品牌方这边确实有独立的质保体系。SK海力士官网的SSD条款写得很明白，给最初购买者五年有限质保，前提是你拿得出购买凭证和有效序列号。照这个逻辑，只要是正品、还在保，理论上不靠原来的店也能走官方。现实里，实际去走售后，可能有两个坑。第一个坑是身份。这家""旗舰店""到底是不是SK海力士官方授权，到现在没看到品牌方出来认领。它要是第三方经销商，品牌方售后完全可能拿""非官方渠道购买、没法确认正品""当理由拒保，发票和购买凭证缺一样都够你折腾。第二个坑更隐蔽，跟眼下这轮行情绑在一起。SK海力士的退款条款里有一行字。保修期内故障，不修不换的话，退款金额按""原购买价或公平市场价值，取较低者""算。价格平稳的年景这没毛病。可这一轮存储涨价，像Platinum P41、P51这些盘价格直接翻了一倍甚至更高。真要保修的时候，你拿到的是当年的原价退款，想买回同规格的新品还得自己补一大截差价。8月16日有新闻报道过，有Reddit用户SSD坏了，SK海力士说没库存替换，只肯按原价退。手里有这家店买的内存或者SSD，现在能做的几件事，可以先做起来了。首先，订单截图、支付凭证、商品序列号、和店铺的聊天记录，全部存一份，别等店真没了才翻。先去淘宝订单详情页看售后入口还在不在，能发起就发起，系统不响应就直接找淘宝客服，平台手里有店铺保证金可以动用。产品还在保的，去SK海力士官网或官方客服问品牌质保，序列号和购买凭证提前备齐。 沟通不成，试试12315平台和消协投诉。--- END ---·最新活动推荐公众号后台回复“参会”报名参会公众号后台回复“蓝皮书”报名参编喜欢本文点个赞和❤️吧",,,,pending
压力一变，电导率就变？——固态电解质膜“测得准”的秘密,起点锂电,起点锂电,"RIOnews API, 新材料, 隔膜, 粘结剂, 聚合物, 固态电池, 固态电解质, 产品发布, 发布, 发布会, 官宣, 户储, 电解液, TOP10, 入围, IPO, 港股, 样品",normal,2026-08-25T11:10:00+08:00,,压力赋能，数据归真：不同压强条件下固态电解质隔膜电导率评价与拟合度验证从0.5MPa到5MPa，五层隔膜，一组数据看清电导率背后的“压实逻辑”在固态电池和半固态电池的研发进程中，隔膜（或固态电解质膜）的离子电导率是决定电池倍率性能和能量密度的核心指标。然而，隔膜与电极之间的界面接触不良、不同压力下的测试差异，常常让研发人员陷入“数据漂移”的困境，影响材料本征性能的判断。如何快速、精准地评价隔膜在受压状态下的离子传导能力？如何保证测试数据的拟合度与一致性？本期应用案例，我们以川源科技（苏州）有限公司的隔膜离子电导率测试仪（SIC A6） 为测试平台，凭借五点线性法测量技术与精密压力控制系统，对固,http://mp.weixin.qq.com/s?__biz=MzI1MjEyODg2Mg==&mid=2649798654&idx=1&sn=230243ce4989f5d99e756fd77579bd9a,,压力赋能，数据归真：不同压强条件下固态电解质隔膜电导率评价与拟合度验证从0.5MPa到5MPa，五层隔膜，一组数据看清电导率背后的“压实逻辑”在固态电池和半固态电池的研发进程中，隔膜（或固态电解质膜）的离子电导率是决定电池倍率性能和能量密度的核心指标。然而，隔膜与电极之间的界面接触不良、不同压力下的测试差异，常常让研发人员陷入“数据漂移”的困境，影响材料本征性能的判断。如何快速、精准地评价隔膜在受压状态下的离子传导能力？如何保证测试数据的拟合度与一致性？本期应用案例，我们以川源科技（苏州）有限公司的隔膜离子电导率测试仪（SIC A6） 为测试平台，凭借五点线性法测量技术与精密压力控制系统，对固,"压力赋能，数据归真：不同压强条件下固态电解质隔膜电导率评价与拟合度验证从0.5MPa到5MPa，五层隔膜，一组数据看清电导率背后的“压实逻辑”在固态电池和半固态电池的研发进程中，隔膜（或固态电解质膜）的离子电导率是决定电池倍率性能和能量密度的核心指标。然而，隔膜与电极之间的界面接触不良、不同压力下的测试差异，常常让研发人员陷入“数据漂移”的困境，影响材料本征性能的判断。如何快速、精准地评价隔膜在受压状态下的离子传导能力？如何保证测试数据的拟合度与一致性？本期应用案例，我们以川源科技（苏州）有限公司的隔膜离子电导率测试仪（SIC A6） 为测试平台，凭借五点线性法测量技术与精密压力控制系统，对固态电解质隔膜进行了阶梯压力测试，为您揭示压力变化对电导率测试结果稳定性的影响规律。01测试背景与设备本次测试采用的设备型号为SIC A6，其基于线性拟合法（五点法） 测试原理，能够有效消除接触电阻对测量结果的影响。设备核心参数一览：02测试方案设计测试目的：探究不同压强对固态电解质隔膜离子电导率测试结果的影响，重点观察数据线性拟合度（R²）及多次测量一致性的变化趋势。测试样品： 固态电解质隔膜测试条件：分别施加 0.5MPa、1MPa、2MPa、3MPa、5MPa 的恒压测试（每个压力测试三组）。软件自动采集阻抗数据，利用五点线性拟合输出离子电导率与麦克马林数，并自动展示拟合曲线。03测试结果与分析通过对固态电解质隔膜在不同压强下的反复测试，我们观察到以下显著规律：低压区（0.5~1MPa）：拟合度波动较大在较低压力下，多层隔膜之间以及隔膜与电极之间存在较多的微观空隙，离子传输路径不稳定。软件界面显示的测试点离散度较高，拟合直线的相关系数（R²）偏低，多次测试的数据重现性较差，一致性欠佳。中高压区（2~5MPa）：拟合度与一致性双提升随着压力增大至2MPa及以上，隔膜层与层之间、隔膜与电极界面的接触更加紧密且均匀。此时：拟合度显著变好： 软件界面中5个测试点呈现出极佳的线性关系，拟合直线几乎完美穿过各数据点，R²无限接近1。数据一致性提高： 在3MPa和5MPa下的多次重复测试结果显示，电导率数值的波动范围大幅收窄，证明了在足够且均匀的压力下，能够有效屏蔽界面接触电阻的干扰，还原隔膜本征的离子电导率数据。这一趋势印证了学术研究中关于“压力与电导率呈线性关系”的论述：在适当的压力范围内（从低压向中高压过渡），致密化的接触界面显著降低了离子迁移势垒，提升了测试的置信度[1]。04结论随着测试压强从0.5MPa逐步提升至5MPa，五层堆叠隔膜的离子电导率测试拟合度（线性相关系数R²）与数据一致性均呈现明显的改善趋势。 在低压区（0.5~1MPa），隔膜层间及隔膜与电极之间存在的微观空隙导致离子传输路径不稳定，测试点离散度较高；当压力提升至2MPa及以上时，界面接触趋于紧密且均匀，测试点线性关系显著优化，多次测量结果的波动范围大幅收窄。这一规律与学术界的相关研究相互印证。有研究指出，在复合电解质膜中，压力是导致电导率数值变化的两大关键参数之一，从16kPa向40kPa移动时，电导率与施加压力之间可观察到线性关系[1]。另有研究表明，硫化物基固态电解质隔膜在堆压增加时电导率呈现提升趋势，而低压下与金属集流体的不良接触以及密实化后的回弹效应均可能对隔膜微观结构产生负面影响[2]。05拓展应用场景基于川源科技SIC系列隔膜离子电导率测试仪的功能特性，其应用场景可进一步延伸至以下方向：固态电解质配方筛选快速锁定无机填料与聚合物基体的最优配比与工艺窗口。孔隙率与涂层工艺评价定量表征孔隙率及陶瓷/聚合物涂层对电导率的影响，指导涂覆优化。极片迂曲度与工艺验证评估电解液渗流与离子迁移效率，优化辊压、涂布工艺。批次稳定性监控（SPC）来料抽检结合CPK分析，实现质量预警与批次一致性管控。粘结剂胶膜评估直接测试binder胶膜电导率，筛选兼具粘结力与导离子性能的材料。电导率-温度关系研究建立Arrhenius曲线，评估活化能，支撑宽温域性能预测。竞品对标与材料选型标准化测试建立内部数据库，为供应商导入与材料替换提供量化依据。参考文献[1] Heck C A, Scharmann T, Osenberg M, et al. Opportunities and challenges of calendering sulfide‐based separators for solid‐state batteries[J]. Batteries & Supercaps, 2024, 7(4): e202300487.[2] Jacob M S, Vedarajan R, Moodakare S B. Advanced Ceramic-Polymer Composite Electrolyte Materials and Technologies for Lithium-Based Electrochemical Energy Storage Systems[M]//Engineered Ceramics and Composite Materials. CRC Press, 2026: 112-146.向上滑动查看更多往期回顾01｜又一锂电池企业官宣调价！02｜昆仑新材开启港股IPO！03｜重磅揭晓 | 2026全球户储电池竞争力TOP10首批入围名单公示 15家龙头企业晋级04｜2026起点户储电池生态大会暨全球户储电池TOP排行榜发布会8月28日深圳举办！起点锂电行业交流群—码上入群点击阅读原文，即可报名参会！",,,,pending
南京大学与中科院物理所两项《自然·能源》成果将钠电能量密度与安全边界双双推高 今日钠电每日资讯第21期,今日钠电,今日钠电,"RIOnews API, 钠离子电池, 钠电, 钠金属, 钠电正极, 产品发布, 发布, 全新, 合作进展, 融资, 投资, 合作, 学术研究, 大学, 教授, 研究所, 期刊, 技术进展, 技术突破, 技术验证, 前沿技术",normal,2026-08-25T10:57:46+08:00,,今日钠电每日资讯第21期—— 2026年8月25日 ——导语：钠离子电池产业化进程持续加速。技术端，南京大学与中科院物理所两项《自然·能源》成果将钠电能量密度与安全边界双双推高；产业端，容百科技47亿元钠电正极一体化项目启动、武汉启钠8亿元正极产线开工，多家企业产能密集落地；政策端，钠电消费税免征将于9月1日正式生效，工信部同步启动钠电针刺安全摸底测评。在政策、资本、技术三轮驱动下，钠电产业正加速迈过规模化应用的临界点。以下为今日详细内容。一、论文速递南京大学郭少华/周豪慎团队Nature Energy：铁介导策略将钠电能量密度提升至206 Wh/kg南京大学郭少华教授、周豪慎教授团队提出铁介,http://mp.weixin.qq.com/s?__biz=Mzk0NDQ5MjcxMg==&mid=2247488866&idx=1&sn=c7af79c0403a363b2ec0a2fc29b79372,,今日钠电每日资讯第21期—— 2026年8月25日 ——导语：钠离子电池产业化进程持续加速。技术端，南京大学与中科院物理所两项《自然·能源》成果将钠电能量密度与安全边界双双推高；产业端，容百科技47亿元钠电正极一体化项目启动、武汉启钠8亿元正极产线开工，多家企业产能密集落地；政策端，钠电消费税免征将于9月1日正式生效，工信部同步启动钠电针刺安全摸底测评。在政策、资本、技术三轮驱动下，钠电产业正加速迈过规模化应用的临界点。以下为今日详细内容。一、论文速递南京大学郭少华/周豪慎团队Nature Energy：铁介导策略将钠电能量密度提升至206 Wh/kg南京大学郭少华教授、周豪慎教授团队提出铁介,"今日钠电每日资讯第21期—— 2026年8月25日 ——导语：钠离子电池产业化进程持续加速。技术端，南京大学与中科院物理所两项《自然·能源》成果将钠电能量密度与安全边界双双推高；产业端，容百科技47亿元钠电正极一体化项目启动、武汉启钠8亿元正极产线开工，多家企业产能密集落地；政策端，钠电消费税免征将于9月1日正式生效，工信部同步启动钠电针刺安全摸底测评。在政策、资本、技术三轮驱动下，钠电产业正加速迈过规模化应用的临界点。以下为今日详细内容。一、论文速递南京大学郭少华/周豪慎团队Nature Energy：铁介导策略将钠电能量密度提升至206 Wh/kg南京大学郭少华教授、周豪慎教授团队提出铁介导晶格氧氧化还原新策略，在经典镁掺杂锰酸钠正极材料中引入三价铁离子，构筑高容量氧活性正极材料。铁离子在充放电过程中充当""调解员""角色：充电时Fe3+被氧化为Fe4+，充当电子受体从晶格氧""接收""电子；放电时Fe3+被还原为Fe2+，将电子""回馈""给被氧化的晶格氧，形成高效可逆的化学通道。引入铁介导后，晶格氧氧化还原可逆性从75%跃升至99%，软包钠离子电池能量密度达到206 Wh/kg，50mA/g下100圈循环容量保持率87.8%。该成果突破业界长期认为钠电难以跨越的能量密度门槛，为高比能钠电正极设计提供全新思路。作者：第一作者褚世勇，通讯作者郭少华、周豪慎（南京大学）；DOI: 10.1038/s41560-026-02112-8，发表于Nature Energy 2026年8月20日；通讯邮箱：shguo@nju.edu.cn研究局限与展望：周豪慎教授指出，从实验室走向产业化还需在材料规模化制备、电池一致性控制、全电池寿命系统评估及成本控制等方面持续攻关。中科院物理所胡勇胜团队Nature Energy：安时级钠电全球首次实现""无热失控""中科院物理研究所胡勇胜研究员团队在国际能源期刊Nature Energy发表突破性成果，全球首次实现安时级钠离子电池""无热失控""。团队研发出可聚合不燃电解质（PNE），采用磷酸酯为主溶剂，具备三重硬核防护：高温下吸热分解特性从根源阻止热失控启动；双盐体系精准保护正负极提升电极稳定性；温度超150℃时原位形成固态聚合物网络充当""防火墙""阻断正负极直接接触。3.5Ah圆柱电芯满电状态下通过针刺测试，全过程无烟、无火、无爆炸，并通过300℃热箱测试；能量密度211Wh/kg，支持-40℃至60℃宽温域、4.3V以上高压稳定运行、4C快充。电解质原料均为工业化常规产品，成本可控，产业化价值极高。作者：第一作者张娇（Jiao Zhang），通讯作者胡勇胜（中科院物理研究所）；DOI: 10.1038/s41560-026-02032-7，发表于Nature Energy 2026年4月6日；通讯邮箱：hutop@iphy.ac.cn / yongsheng.hu@iphy.ac.cn二、行业动态容百科技47亿元钠电正极一体化项目正式启动容百科技（688005.SH）年产30万吨钠电正极材料一体化项目于2026年8月正式破土动工，为目前国内单体规模最大的钠电正极材料产能投资。项目总投资47.23亿元，其中固定资产投资40亿元；分三期推进：一期5万吨（2026年8月至2027年5月）、二期10万吨、三期15万吨。容百科技主攻NFPP聚阴离子路线，已建成1.8万吨/年钠电正极产能，2026年上半年钠电正极材料已实现近千吨级出货、同比大幅减亏，并进入核心客户供应体系。公司此前与宁德时代签署4年期钠电正极供货长协。武汉启钠8亿元5万吨钠电正极项目在江西黎川开工武汉启钠新能源科技有限公司年产5万吨高性能钠离子电池正极材料项目落地江西省抚州市黎川县，总投资8亿元，计划2026年8月启动施工，建设周期约10个月，预计2027年年中建成投产。项目主打NFPP复合磷酸铁钠聚阴离子路线，依托湖北工业大学胡培科研团队技术班底。武汉启钠早在2023年便建成全球首条千吨级NFPP正极量产产线，现已稳定批量供货多家头部电池厂商并拿下海外订单。钠美科技巴中1.5GWh钠电项目9月投产在即钠美新能源科技（巴中）有限公司位于四川巴中的1.5GWh钠离子电池生产基地设备安装、工艺调试及系统联试已基本就绪，计划于2026年9月中旬正式投产。该项目全面达产后预计年营业收入超6亿元。钠美科技成立于2023年10月，聚焦纳米碳正极材料与专属低温电解液，已实现零下40℃极寒环境稳定放电，拥有多项专利技术，已与多家储能及动力客户签订在手订单。Mana Battery与Saft签署无负极钠电联合开发协议美国科罗拉多州钠电技术公司Mana Battery与法国道达尔能源旗下电池企业Saft于2026年8月3日签署联合开发协议，共同推进无负极钠离子电池技术验证与商业化。Saft将结合其在电芯设计、封装制造及严苛安全认证方面的积累，与Mana Battery专有电解液平台整合，瞄准国防、航空航天、铁路及数据中心备电等高端场景。无负极架构消除传统负极活性材料，钠金属在首次充放电时原位形成于集流体，提升能量密度同时保留钠电成本与供应链安全优势。工信部启动钠电针刺专项测评，9月1日起免征消费税8月18日，工信部锂离子电池及类似产品标准工作组启动钠离子电池针刺专项摸底测评，覆盖不同能量密度产品开展系统性安全核验，结果将在第五届""钠离子电池产业链与标准发展论坛""正式发布。与此同时，自2026年9月1日起至2028年12月31日，钠离子电池全面免征消费税；锂离子电池消费税分步调整，2026年9月至2027年8月为2%、2027年9月起升至4%。一征一免形成最高4个百分点税负差，为钠电留出28个月政策培育窗口。三、开工、投产、融资动态汇总【开工】容百科技仙桃年产30万吨钠电正极一体化项目（一期5万吨，投资47.23亿元）；武汉启钠黎川年产5万吨钠电正极项目（投资8亿元，建设周期约10个月）。【投产】钠美科技巴中1.5GWh钠电项目（9月中旬投产）；超威集团安庆超仁6.5GWh一期2GWh已投产；海四达钠星四川内江6GWh基地首批产线8月投产。【融资】2026年1至7月国内钠电行业共发生20起融资事件，披露金额合计约20.2亿元，以A轮及战略融资为主。全固态钠电赛道获早期投资：兆钠新能源7月完成近亿元天使+轮融资，布局GWh级全固态钠电量产基地；钠科新材料、国科碳芯、华开新能源、容钠新能源等硬碳负极企业持续获资本支持。四、市场展望机构普遍认为，钠离子电池在储能、低温商用车等差异化场景具有显著竞争优势，一旦技术进一步成熟、成本与磷酸铁锂拉平，将有望重塑储能产业格局。银河证券研报预测，2026至2028年钠离子电池出货量将分别达到25GWh、92GWh、221GWh，到2030年有望冲击500GWh。在规模化元年的大背景下，钠电产业链各环节正加速从技术验证走向商业兑现，2026年下半年至2027年将是产业胜负手的决战时刻。注：本期内容基于行业公开信息与领域知识综合整理分析，如有疏漏请批评指正，侵权请联系删除。2026第3届中国钠电材料与钠电场景应用技术会议 同期举办：钠电行业供应链对接交流会PART 01会议组织TECHNOLOGY主办单位：今日锂电/今日钠电承办单位：北京京昇文化传播有限公司 会议时间：2026年12月3-4日（2日签到）会议地点：待定总冠名/联合主办/招募中···协办单位：/招募中···长沙钠离子电池创新联合体银川苏银产业园发展有限公司深圳市新能源行业协会碳材山庄支持单位：/招募中···新能源前沿新能源在线锂电PLUS展台赞助：/招募中···PART 02会议内容/日程安排TECHNOLOGY2026第3届中国钠电材料与钠电场景应用技术会议 定于2026年12月3-4日召开，本次会议将邀请钠电行业的知名专家、学者和企业代表，围绕钠电材料与钠电场景最新研究成果及应用作专题报告，促进钠离子电池领域产学研合作，进行深入交流探讨。同期举办：钠电行业供应链对接交流会，搭建供应链平台，促进产业供需交流合作。会议议题“双碳”背景下钠电储能行业前景探讨大规模钠电产业链前景发展钠电热失控控制技术发展固态钠电技术发展前景与技术低成本大规模钠电商业储能技术突破要点钠电池在低速车/起停换电行业市场发展钠电正极材料前驱体行业发展层状氧化物正极材料规模化生产技术前景P2/P3型金属掺杂优化探讨聚阴离子型正极材料新技术工艺应用NFPP正极材料高压实低成本技术研究锰基钠电正极材料应用研究磷酸盐类/复合焦磷酸铁钠正极材料优化磷酸铁钠高比容量技术发展普鲁士蓝/白类材料低成本技术与制备钠电关键制造设备新技术与智能化纳米化研磨分散新技术应用生物质基硬碳材料开发与应用煤基/沥青基硬碳负极材料产业化进展树脂基高性硬碳负极材料的开发应用碳材料绿色、智能提纯工艺发展钠电专用铝箔新技术应用（以上内容为拟定，以最终会议现场主题为准）演讲报告申请：王老师:***********邮 箱:46090424@qq.comPART 03科技赋能，焕新日常TECHNOLOGY01会议形式20+5（每位专家20分钟报告+5分钟互动问答交流）交流方式，增加会议互动性；30+行业大咖，500+上下游企业从业者共聚一堂；诚邀高校/科研院所与产业技术从业者观点碰撞与交流，聚焦行业热点，解读技术与产业发展。02会议特色现场展台产品展示，“会+展”助力产业链上下游技术与市场对接，搭建立体化高效交流平台；1.5 天论坛，涉及钠电行业装备、技术、材料、检测仪器设备等，全方位展示最新前沿技术研究与进展，深入探讨未来回收发展方向。03赞助方案1、本次会议设置总冠名、联合主办、协办单位、赞助单位、支持单位、手提袋、胸卡挂绳、椅背广告、酒水赞助、会议视频广告（会议室大屏播放）晚宴礼品、笔本赞助、茶歇赞助等会议赞助类别（详细赞助方案请联系主办方）。2、参展每个展位费用：12000元，包括2人的午餐、晚宴费用，展台费用，两份资料费用等。3、展位实际尺寸2米宽×3米高（设计尺寸2米宽×2.3米高）04会议特色同期举办2026“NWEi-先锋奖”颁奖典礼，评选与发布“NEWi-先锋奖”钠电料杰出科学家、钠电企业创新奖”(联系主办方索取评选申请表)。PART 04扫码报名TECHNOLOGY1.参会注册费用：限时免费参会！A.全免费：（转发会议信息至朋友圈集28个赞，0费用，不含餐）B.参会费600元：（转发会议信息至朋友圈集18个赞，含餐费、供应链交流晚餐费用）C.福利参会：（转发会议信息至朋友圈集68个赞，送含餐费、供应链交流晚餐费用门票，限十名）2.参会注册费含会议资料、茶点、2次午餐、1场交流晚宴、参会材料等费用；3.会议统一安排食宿，住宿费自理；4.发票内容为“会议费”，开具增值税普通发票，不开增值税专用发票；注：所有人员凭参会证入场！提前报名缴费！汇款信息账 户：北京京昇文化传播有限公司账 号：040 4090 1030 0000 3837开户行：北京农村商业银行股份有限公司四季青支行行 号 ：402100000260 付款请注明：公司名称+姓名，并将付款凭证保留，便于报到时查验。缴费成功后，请保持手机畅通，会务组会尽快与您联系，感谢您的支持！开票信息发送：46090424@qq.com参会、参展、宣传及赞助事宜： 王老师 188 1048 8288（同微） 张老师 182 3806 7581（同微） 袁老师 192 9355 9185（同微） 郭老师 192 8668 2548（同微） 李老师 138 1196 8226（同微）扫码加入钠电/碳材料群进群备注：公司名称/姓名/职务主动发名片一张请识别二维码或添加***********欢迎同仁进群交流！PART 05往届回顾TECHNOLOGY（上届部分名单）宁德时代、比亚迪、鹏辉、华友钠电、蜂巢能源、容百科技、中创新航、亿纬锂能、中科海钠、璞钠、派能、华钠芯能、奥冠集团、鸿海科技集团、福建金年、萨震、隐功科技、钠创、立方新能源、当升科技、国钠、海四达、壳牌、振华新材、易事特、传艺、中钠、众钠、湖钠、钠新、钠远、厦钨新能源、龙蟠科技、英钠、瑞浦兰均、万润、博钠、中能汇通、东能钠新、海钠、超钠、青钠、金钠、钠壹、皓升、盘古、为方、钠能时代、亮见、希倍、深圳新威、长三角物理中心、国钠、钠邦、瓦时动力、钠伏、华钠、钠科、钠普、昆宇电源、瓦司特钠、珈钠、超威、天能、鑫钠、兆钠、浩钠、先众、丰日电源、世绿环保、邦普循环、锂源、昱烯瓴、极电特能、珠海纳甘、中科院、中南大学、上海交大、浙江大学、武汉大学····往期推荐圆满落幕 | 2026 第 2 届（西部）钠电正负极材料与钠电场景应用技术会议成都收官产学研深度联动，共筑钠电产业高质量发展新格局圆满结束！2025钠电正极材料与钠电储能技术论坛/中国首届钠电硬炭负极技术论坛建议收藏！全网最全350余家钠电产业链全梳理名单（新增9家，持续更新中）今日钠电每日资讯第21期—— 2026年8月25日 ——导语：钠离子电池产业化进程持续加速。",,,,pending
最新会议通知：常州/12月3-4日，2026第3届中国钠电材料与钠电场景应用技术会议 同期：钠电行业供应链对接交流会,今日钠电,今日钠电,"RIOnews API, 钠离子电池, 钠电, 钠电正极, 技术进展, 技术突破, 前沿技术",normal,2026-08-25T10:57:46+08:00,,2026第3届中国钠电材料与钠电场景应用技术会议 同期举办：钠电行业供应链对接交流会PART 01会议组织TECHNOLOGY主办单位：今日锂电/今日钠电承办单位：北京京昇文化传播有限公司 会议时间：2026年12月3-4日（2日签到）会议地点：待定总冠名/联合主办/招募中···协办单位：/招募中···长沙钠离子电池创新联合体银川苏银产业园发展有限公司深圳市新能源行业协会碳材山庄支持单位：/招募中···新能源前沿新能源在线锂电PLUS展台赞助：/招募中···PART 02会议内容/日程安排TECHNOLOGY2026第3届中国钠电材料与钠电场景应用技术会议 定于2026年12月3-4日召开，本,http://mp.weixin.qq.com/s?__biz=Mzk0NDQ5MjcxMg==&mid=2247488866&idx=2&sn=bb7521132713843a3edb8f9c0e9a807d,,2026第3届中国钠电材料与钠电场景应用技术会议 同期举办：钠电行业供应链对接交流会PART 01会议组织TECHNOLOGY主办单位：今日锂电/今日钠电承办单位：北京京昇文化传播有限公司 会议时间：2026年12月3-4日（2日签到）会议地点：待定总冠名/联合主办/招募中···协办单位：/招募中···长沙钠离子电池创新联合体银川苏银产业园发展有限公司深圳市新能源行业协会碳材山庄支持单位：/招募中···新能源前沿新能源在线锂电PLUS展台赞助：/招募中···PART 02会议内容/日程安排TECHNOLOGY2026第3届中国钠电材料与钠电场景应用技术会议 定于2026年12月3-4日召开，本,2026第3届中国钠电材料与钠电场景应用技术会议 同期举办：钠电行业供应链对接交流会PART 01会议组织TECHNOLOGY主办单位：今日锂电/今日钠电承办单位：北京京昇文化传播有限公司 会议时间：2026年12月3-4日（2日签到）会议地点：待定总冠名/联合主办/招募中···协办单位：/招募中···长沙钠离子电池创新联合体银川苏银产业园发展有限公司深圳市新能源行业协会碳材山庄支持单位：/招募中···新能源前沿新能源在线锂电PLUS展台赞助：/招募中···PART 02会议内容/日程安排TECHNOLOGY2026第3届中国钠电材料与钠电场景应用技术会议 定于2026年12月3-4日召开，本次会议将邀请钠电行业的知名专家、学者和企业代表，围绕钠电材料与钠电场景最新研究成果及应用作专题报告，促进钠离子电池领域产学研合作，进行深入交流探讨。同期举办：钠电行业供应链对接交流会，搭建供应链平台，促进产业供需交流合作。会议议题“双碳”背景下钠电储能行业前景探讨大规模钠电产业链前景发展钠电热失控控制技术发展固态钠电技术发展前景与技术低成本大规模钠电商业储能技术突破要点钠电池在低速车/起停换电行业市场发展钠电正极材料前驱体行业发展层状氧化物正极材料规模化生产技术前景P2/P3型金属掺杂优化探讨聚阴离子型正极材料新技术工艺应用NFPP正极材料高压实低成本技术研究锰基钠电正极材料应用研究磷酸盐类/复合焦磷酸铁钠正极材料优化磷酸铁钠高比容量技术发展普鲁士蓝/白类材料低成本技术与制备钠电关键制造设备新技术与智能化纳米化研磨分散新技术应用生物质基硬碳材料开发与应用煤基/沥青基硬碳负极材料产业化进展树脂基高性硬碳负极材料的开发应用碳材料绿色、智能提纯工艺发展钠电专用铝箔新技术应用（以上内容为拟定，以最终会议现场主题为准）演讲报告申请：王老师:***********邮 箱:46090424@qq.comPART 03科技赋能，焕新日常TECHNOLOGY01会议形式20+5（每位专家20分钟报告+5分钟互动问答交流）交流方式，增加会议互动性；30+行业大咖，500+上下游企业从业者共聚一堂；诚邀高校/科研院所与产业技术从业者观点碰撞与交流，聚焦行业热点，解读技术与产业发展。02会议特色现场展台产品展示，“会+展”助力产业链上下游技术与市场对接，搭建立体化高效交流平台；1.5 天论坛，涉及钠电行业装备、技术、材料、检测仪器设备等，全方位展示最新前沿技术研究与进展，深入探讨未来回收发展方向。03赞助方案1、本次会议设置总冠名、联合主办、协办单位、赞助单位、支持单位、手提袋、胸卡挂绳、椅背广告、酒水赞助、会议视频广告（会议室大屏播放）晚宴礼品、笔本赞助、茶歇赞助等会议赞助类别（详细赞助方案请联系主办方）。2、参展每个展位费用：12000元，包括2人的午餐、晚宴费用，展台费用，两份资料费用等。3、展位实际尺寸2米宽×3米高（设计尺寸2米宽×2.3米高）04会议特色同期举办2026“NWEi-先锋奖”颁奖典礼，评选与发布“NEWi-先锋奖”钠电料杰出科学家、钠电企业创新奖”(联系主办方索取评选申请表)。PART 04扫码报名TECHNOLOGY1.参会注册费用：限时免费参会！A.全免费：（转发会议信息至朋友圈集28个赞，0费用，不含餐）B.参会费600元：（转发会议信息至朋友圈集18个赞，含餐费、供应链交流晚餐费用）C.福利参会：（转发会议信息至朋友圈集68个赞，送含餐费、供应链交流晚餐费用门票，限十名）2.参会注册费含会议资料、茶点、2次午餐、1场交流晚宴、参会材料等费用；3.会议统一安排食宿，住宿费自理；4.发票内容为“会议费”，开具增值税普通发票，不开增值税专用发票；注：所有人员凭参会证入场！提前报名缴费！汇款信息账 户：北京京昇文化传播有限公司账 号：040 4090 1030 0000 3837开户行：北京农村商业银行股份有限公司四季青支行行 号 ：402100000260 付款请注明：公司名称+姓名，并将付款凭证保留，便于报到时查验。缴费成功后，请保持手机畅通，会务组会尽快与您联系，感谢您的支持！开票信息发送：46090424@qq.com参会、参展、宣传及赞助事宜： 王老师 188 1048 8288（同微） 张老师 182 3806 7581（同微） 袁老师 192 9355 9185（同微） 郭老师 192 8668 2548（同微） 李老师 138 1196 8226（同微）扫码加入钠电/碳材料群进群备注：公司名称/姓名/职务主动发名片一张请识别二维码或添加***********欢迎同仁进群交流！PART 05往届回顾TECHNOLOGY（上届部分名单）宁德时代、比亚迪、鹏辉、华友钠电、蜂巢能源、容百科技、中创新航、亿纬锂能、中科海钠、璞钠、派能、华钠芯能、奥冠集团、鸿海科技集团、福建金年、萨震、隐功科技、钠创、立方新能源、当升科技、国钠、海四达、壳牌、振华新材、易事特、传艺、中钠、众钠、湖钠、钠新、钠远、厦钨新能源、龙蟠科技、英钠、瑞浦兰均、万润、博钠、中能汇通、东能钠新、海钠、超钠、青钠、金钠、钠壹、皓升、盘古、为方、钠能时代、亮见、希倍、深圳新威、长三角物理中心、国钠、钠邦、瓦时动力、钠伏、华钠、钠科、钠普、昆宇电源、瓦司特钠、珈钠、超威、天能、鑫钠、兆钠、浩钠、先众、丰日电源、世绿环保、邦普循环、锂源、昱烯瓴、极电特能、珠海纳甘、中科院、中南大学、上海交大、浙江大学、武汉大学····往期推荐圆满落幕 | 2026 第 2 届（西部）钠电正负极材料与钠电场景应用技术会议成都收官产学研深度联动，共筑钠电产业高质量发展新格局圆满结束！2025钠电正极材料与钠电储能技术论坛/中国首届钠电硬炭负极技术论坛建议收藏！全网最全350余家钠电产业链全梳理名单（新增9家，持续更新中）最新会议通知：常州/12月3-4日,,,,pending
欢迎加入钠电技术交流群,今日钠电,今日钠电,"RIOnews API, 钠离子电池, 钠电",normal,2026-08-25T10:57:46+08:00,,扫码加入钠电技术交流群进群备注：公司名称/姓名/职务/钠电群。主动发名片一张请识别二维码或添加***********欢迎同仁进群交流！扫码加入钠电技术交流群进群备注：公司名称/姓名/职务/钠电群。主动发名片一张请识别二维码或添加***********欢迎同仁进群交流！,http://mp.weixin.qq.com/s?__biz=Mzk0NDQ5MjcxMg==&mid=2247488866&idx=3&sn=a69c5e771546f2b3c05a6f0daa0be08a,,扫码加入钠电技术交流群进群备注：公司名称/姓名/职务/钠电群。主动发名片一张请识别二维码或添加***********欢迎同仁进群交流！扫码加入钠电技术交流群进群备注：公司名称/姓名/职务/钠电群。主动发名片一张请识别二维码或添加***********欢迎同仁进群交流！,扫码加入钠电技术交流群进群备注：公司名称/姓名/职务/钠电群。主动发名片一张请识别二维码或添加***********欢迎同仁进群交流！扫码加入钠电技术交流群进群备注：公司名称/姓名/职务/钠电群。主动发名片一张请识别二维码或添加***********欢迎同仁进群交流！,,,,pending
碳酸锂的“多面人生”,粉体网,粉体网,"RIOnews API, 新材料, 碳",normal,2026-08-25T10:56:17+08:00,,在锂产业链中，碳酸锂是至关重要的角色。稳定的物理化学性质、便利的运输条件、成熟的生产工艺以及高效的成品收率等诸多优势使其不仅可以直接投入使用，而且作为众多高端锂产品的核心原料，碳酸锂还可以进一步加工成高附加值的锂盐及化合物，我国锂电行业中锂盐产品多以碳酸锂为基础，其他锂产品多为碳酸锂下游产品。在新能源时代，碳酸锂也被誉为“白色石油”。碳酸锂的纯度等级，本质上是杂质对其晶体成核、生长与团聚过程调控结果的直观体现，决定了产品从形貌到用途的根本差异。随着战略性新兴产业与关键基础工业领域的快速发展，碳酸锂的市场需求呈显著增长态势，根据各行业对碳酸锂质量分数的需要不同，主要分为3个等级：工业级碳酸锂(质,http://mp.weixin.qq.com/s?__biz=MjM5NDI1NzI2MA==&mid=2655365877&idx=2&sn=d0afd4fb139447f6bcba408fca709000,,在锂产业链中，碳酸锂是至关重要的角色。稳定的物理化学性质、便利的运输条件、成熟的生产工艺以及高效的成品收率等诸多优势使其不仅可以直接投入使用，而且作为众多高端锂产品的核心原料，碳酸锂还可以进一步加工成高附加值的锂盐及化合物，我国锂电行业中锂盐产品多以碳酸锂为基础，其他锂产品多为碳酸锂下游产品。在新能源时代，碳酸锂也被誉为“白色石油”。碳酸锂的纯度等级，本质上是杂质对其晶体成核、生长与团聚过程调控结果的直观体现，决定了产品从形貌到用途的根本差异。随着战略性新兴产业与关键基础工业领域的快速发展，碳酸锂的市场需求呈显著增长态势，根据各行业对碳酸锂质量分数的需要不同，主要分为3个等级：工业级碳酸锂(质,在锂产业链中，碳酸锂是至关重要的角色。稳定的物理化学性质、便利的运输条件、成熟的生产工艺以及高效的成品收率等诸多优势使其不仅可以直接投入使用，而且作为众多高端锂产品的核心原料，碳酸锂还可以进一步加工成高附加值的锂盐及化合物，我国锂电行业中锂盐产品多以碳酸锂为基础，其他锂产品多为碳酸锂下游产品。在新能源时代，碳酸锂也被誉为“白色石油”。碳酸锂的纯度等级，本质上是杂质对其晶体成核、生长与团聚过程调控结果的直观体现，决定了产品从形貌到用途的根本差异。随着战略性新兴产业与关键基础工业领域的快速发展，碳酸锂的市场需求呈显著增长态势，根据各行业对碳酸锂质量分数的需要不同，主要分为3个等级：工业级碳酸锂(质量分数≥98.5%)、电池级碳酸锂(质量分数≥99.5%)和高纯级碳酸锂(质量分数≥99.9%)。工业级碳酸锂工业级碳酸锂作为碳酸锂的初级产品，被广泛应用于玻璃、陶瓷、冶金等多个行业，并在其中发挥较大作用。在玻璃制造中，添加适量的碳酸锂可以显著降低生产过程中溶解玻璃的能耗与生产成本，同时改善产品性能。在电解铝生产中，使用含有0.4%~1.5%Li2CO3炭质材料代替普通活性炭材料，能使得阳极的过电位降低150~200mV，且有害气体HF的排放量降低接近30%，阳极石墨电极的寿命可延长50%，进而增加经济效益。此外，工业级碳酸锂还是制备其他锂盐产品的重要原料。根据国家标准GB/T11075—2013，工业级碳酸锂的质量分数要求大于等于98.5%，并且将其分为3个等级。相较于GB/T11075—2003，修订后的新标准对碳酸锂产品中Na和Fe等杂质元素及水分含量要求更加严格，对产品中Cl-含量要求有所放宽。工业级碳酸锂国家质量标准电池级碳酸锂电池级碳酸锂对于锂电池正极材料的生产至关重要，碳酸锂中夹带的微量金属元素Na、Mg、Ca、K和Fe会降低电池的可逆容量，降低输出功率，甚至引起过热爆炸。通过对杂质离子的高纯控制，电池级碳酸锂可减少电极材料的结构破坏，延长电池寿命，使电池循环次数提升20%~30%。随着电子工业的快速发展，中国电池领域在2023年锂消费量约占碳酸锂总消费量的95%，仅锂电正极材料年消费量就约70万t碳酸锂当量。同时，电池级碳酸锂的高纯特性对提升锂电池能量密度及循环稳定性具有关键作用，正逐渐成为21世纪新能源技术领域核心电极材料的主要原料之一。电池级碳酸锂的质量分数要求更高，通常在99.50%以上，新标准YS/T582—2023将碳酸锂化学成分分为3个牌号：Li2CO3-D1、Li2CO3-D2、Li2CO3-D3。新标准规定电池级碳酸锂粒度水平为d10≥1μm、4μm≤d50≤8μm、9μm≤d90≤15μm、d99≤30μm，并且要求产品中烧失量≤0.50%、水分含量≤0.20%。电池级碳酸锂的行业质量标准高纯级碳酸锂高纯级碳酸锂在磁性材料、核能、电子和光学仪器等行业中不可或缺。在材料行业，高纯碳酸锂是制造光电子材料中弹性波元件钽酸锂(LiTaO3)和铌酸(LiNbO3)单晶的关键原料。在核能领域，碳酸锂中的Li-6同位素能高效吸收中子，减缓链式反应速度，防止堆芯过热。为了确保反应堆安全可控，核级碳酸锂需硼质量分数为了使标准更加适应现阶段高纯碳酸锂的生产及销售，现行行业标准YS/T546—2021对高纯碳酸锂相关标准进行修订，增加了99.9%的产品牌号，同时删除了99.995%的产品牌号；将高纯酸锂分为3个牌号：Li2CO3-03、Li2CO3-04、Li2CO3-05。根据高纯碳酸锂的生产及使用单位要求，该标准在Li2CO3-03、Li2CO3-04产品中均提高了对SO42-、Cl-的含量要求，删除了Li2CO3-04产品中F-的含量要求。高纯级碳酸锂的行业质量标准小结碳酸锂作为一种关键材料，在电池、材料、光学等多个行业中发挥着重要作用。针对不同应用领域，对碳酸锂的纯度和杂质含量有严格的要求，纯度越高，检测标准也越精细。质量标准确保了碳酸锂产品能够满足不同行业对质量和性能的特定需求，对于保证产品可靠性和安全性至关重要。参考来源：1、楚翊婷，贾晟哲等.碳酸锂分离精制技术研究现状与发展趋势2、管元.中国碳酸锂的应用技术现状及展望从手机续航到情绪稳定，碳酸锂需要不同的标准,,,,pending
五年，4亿到46亿！华海清科，国产CMP设备绝对龙头！,粉体网,粉体网,"RIOnews API, 高比能, 硅, 合作进展, 投资, 收购",normal,2026-08-25T10:56:17+08:00,,先看一组数据。来源：公司年报2020年-2025年，华海清科的营收从不到4亿猛增至46亿，年复合增长率高达64.49%；净利润从1亿增至近11亿，年复合增长率同样达61.72%，增收又增利。来源：巨潮资讯网2026年上半年营业收入同比增长35.58%达到26.43亿元，利润总额同比增长21.26%达到6.67亿元。华海清科，为什么能称为国产CMP设备绝对龙头？CMP装备是前道晶圆制造及先进封装等过程中实现晶圆全局平坦化的核心装备，通过化学腐蚀作用和机械研磨动态耦合，实现晶圆表面不同材料去除，从而达到纳米级全局平坦化，是光刻、刻蚀、薄膜等前道关键制造工艺能够重复进行的重要前提。图源：华海清科同时,http://mp.weixin.qq.com/s?__biz=MjM5NDI1NzI2MA==&mid=2655365877&idx=3&sn=1080089413fab9fb4ef43c7d51498f6f,,先看一组数据。来源：公司年报2020年-2025年，华海清科的营收从不到4亿猛增至46亿，年复合增长率高达64.49%；净利润从1亿增至近11亿，年复合增长率同样达61.72%，增收又增利。来源：巨潮资讯网2026年上半年营业收入同比增长35.58%达到26.43亿元，利润总额同比增长21.26%达到6.67亿元。华海清科，为什么能称为国产CMP设备绝对龙头？CMP装备是前道晶圆制造及先进封装等过程中实现晶圆全局平坦化的核心装备，通过化学腐蚀作用和机械研磨动态耦合，实现晶圆表面不同材料去除，从而达到纳米级全局平坦化，是光刻、刻蚀、薄膜等前道关键制造工艺能够重复进行的重要前提。图源：华海清科同时,"先看一组数据。来源：公司年报2020年-2025年，华海清科的营收从不到4亿猛增至46亿，年复合增长率高达64.49%；净利润从1亿增至近11亿，年复合增长率同样达61.72%，增收又增利。来源：巨潮资讯网2026年上半年营业收入同比增长35.58%达到26.43亿元，利润总额同比增长21.26%达到6.67亿元。华海清科，为什么能称为国产CMP设备绝对龙头？CMP装备是前道晶圆制造及先进封装等过程中实现晶圆全局平坦化的核心装备，通过化学腐蚀作用和机械研磨动态耦合，实现晶圆表面不同材料去除，从而达到纳米级全局平坦化，是光刻、刻蚀、薄膜等前道关键制造工艺能够重复进行的重要前提。图源：华海清科同时，CMP作为先进封装（含3DIC、HBM、CoWoS等）的关键工艺，贯穿键合表面制备、晶圆背减、TSV金属化全流程，其工艺控制直接决定键合良率、电性能与机械稳定性。因此，CMP装备是集成电路从成熟制程向先进制程迭代、先进封装技术落地不可或缺的关键设备。而华海清科CMP装备凭借自主知识产权打破国际垄断，构建了覆盖12英寸、8英寸等全系列产品矩阵，是国内极少数实现12英寸CMP装备规模化量产的企业。图源：华海清科今年四月，华海清科已经完成了第1000台CMP装备的出货。目前，华海清科CMP核心装备累计出机量已突破1,000台。此外，华海清科在2026年半年报中表示，公司12英寸产品全面覆盖先进制程与成熟制程，集成创新型抛光系统、多维度光学终点检测及高效清洗单元，可适配逻辑芯片、存储芯片、大硅片制造及3DIC、HBM、CoWoS等先进封装场景。公司持续深耕CMP细分领域，持续优化产品适配性与服务能力，积极拓展优质客户资源，签订多笔6/8英寸CMP装备批量订单，市场渗透率与行业占有率稳步提升。来源：公司年报不停留“舒适区”，扩大板块华海清科没有停留在CMP这一“单品舒适区”，而是沿着晶圆制造的产业链，顺势切入了减薄、离子注入、划切、边缘抛光、湿法等一系列设备。华海清科2025年设备收入5.66亿美元，在CMP和减薄设备领域，它已经超越了应用材料，成为中国市场份额最高的供应商。客户覆盖YMTC、SMIC、华虹、CXMT等核心晶圆厂，12英寸和8英寸CMP设备均有较高市占率。华海清科近年通过收购XYSEMI切入离子注入设备，同时布局了薄膜厚度测量、晶圆再生服务等业务。从单一产品向工艺集成解决方案延伸，是华海清科当前的战略主线。舍得花钱，狠砸技术华海清科在纳米级抛光、纳米颗粒超洁净清洗、超精密集成减薄、离子束高精度分析等领域研发的核心技术达到了国内领先、国际先进的水平。截至2026年6月30日，公司累计获得授权专利568件，软件著作权53件。华海清科在国内CMP设备市场的占有率已超过70%，在国际市场，其份额也从2019年的不足1%升至2023年的6%，与美国应用材料（AMAT）和日本荏原（EBARA）形成“三足鼎立”之势。未来，华海清科一定会在全球市场占有一席之位。注：本文不构成任何投资建议。参考来源：投资雷达、巨潮资讯网、华海清科、中科聚智、芯火相承华海清科，国产CMP设备绝对龙头！",,,,pending
均质机供应商：珠海椿田科技股份有限公司入驻粉享通,粉体网,粉体网,"RIOnews API, 新材料, 碳, 固态电池",normal,2026-08-25T10:56:17+08:00,,公司介绍均界，是珠海椿田科技股份有限公司面向高压技术领域重点打造的专项项目。专注于超高压微射流纳米均质技术的研发与应用。作为一家高新技术企业，以创新微射流纳米均质技术，持续重塑行业均质边界，致力成为全球领先的精密均质解决方案伙伴。从核心增压泵系统、三级均质腔结构到智能压力控制系统，均界实现全链条技术自主可控，构建起性能领先、响应敏捷、交付稳定的技术基石，为全球客户的工艺安全与长期发展提供坚实保障。公司深耕生物制剂、脂质体、纳米乳液、电极浆料、功能性食品等高难度应用场景，积淀超过100+个项目经验，构建起从小试、中试到产线设计的“工艺陪跑式服务体系”，确保技术方案真正落地、稳定可复制。作为高压技,http://mp.weixin.qq.com/s?__biz=MjM5NDI1NzI2MA==&mid=2655365877&idx=4&sn=fb09fdebb8871f43216912c6a1f58ba6,,公司介绍均界，是珠海椿田科技股份有限公司面向高压技术领域重点打造的专项项目。专注于超高压微射流纳米均质技术的研发与应用。作为一家高新技术企业，以创新微射流纳米均质技术，持续重塑行业均质边界，致力成为全球领先的精密均质解决方案伙伴。从核心增压泵系统、三级均质腔结构到智能压力控制系统，均界实现全链条技术自主可控，构建起性能领先、响应敏捷、交付稳定的技术基石，为全球客户的工艺安全与长期发展提供坚实保障。公司深耕生物制剂、脂质体、纳米乳液、电极浆料、功能性食品等高难度应用场景，积淀超过100+个项目经验，构建起从小试、中试到产线设计的“工艺陪跑式服务体系”，确保技术方案真正落地、稳定可复制。作为高压技,"公司介绍均界，是珠海椿田科技股份有限公司面向高压技术领域重点打造的专项项目。专注于超高压微射流纳米均质技术的研发与应用。作为一家高新技术企业，以创新微射流纳米均质技术，持续重塑行业均质边界，致力成为全球领先的精密均质解决方案伙伴。从核心增压泵系统、三级均质腔结构到智能压力控制系统，均界实现全链条技术自主可控，构建起性能领先、响应敏捷、交付稳定的技术基石，为全球客户的工艺安全与长期发展提供坚实保障。公司深耕生物制剂、脂质体、纳米乳液、电极浆料、功能性食品等高难度应用场景，积淀超过100+个项目经验，构建起从小试、中试到产线设计的“工艺陪跑式服务体系”，确保技术方案真正落地、稳定可复制。作为高压技术全球领先力量，公司深耕超高压相关技术与设备的研发、设计、制造及销售，同时主打超高压HPP非热灭菌设备，并提供全套技术与工程项目服务，产品及方案广泛应用于食品、饮料、化妆品、制药、化工等行业。部分产品介绍1.实验型-微射流纳米均质机(10L)产品介绍：专为实验室场景所开发的10L小型超高压微射流均质机，设备采用伺服电缸驱动，运行平稳且压力控制精准，支持20ml的微量样品处理，轻松应对小批量研发与实验需求。同时配备高清触摸屏控制系统，操作直观便捷，具备数据自动记录溯源与远程实时监控功能，搭配安全防护装置，让实验更稳定、更安全、更方便。产品优势：核心技术：HPW-10的核心均质为金刚石交互容腔（可选配Y或Z型），内部固定微孔道可保障批次产品的粒径结果稳定均一。均质压力：可高达设计压力30,000 psi（约207Mpa），配备高清触屏系统控制系统、压力数据可视化界面。低残留量及样品量：样品量20ml、残留量约1ml，高精密的双阀门通道设计，可灵活切换物料进出口，减少物料浪费。卫生级材质：接触物料材质均为GMP、FDA认可的316L和17-4PH不锈钢、碳化钨、氧化锆和高分子聚乙烯等。精准温控：可配卫生级温控系统有效降低物料温度保证活性。模块化设计：支持增配智能过载保护系统、在线采样接口、数据合规性记录（GMP/GLP）等2.中试型-微射流纳米均质机(250L)产品介绍：专为中试生产阶段对物料进行精细化均质处理而设计，衔接实验室研发与量产转化。设备搭载37kw强劲动力，采用液压驱动设计来提升均质效率与压力稳定性，能轻松应对各种高粘度及聚团物料的批量处理。产品优势：核心技术：HPW-250的核心均质为金刚石交互容腔（可选配Y或Z型），内部固定微孔道可保障批次产品的粒径结果稳定均一。均质压力：采用双向增压设计，压力可达60,000 psi（420 MPa），配备高清触屏系统控制系统、压力数据可视化界面。低残留量及样品量：样品量3000ml、残留量约1ml，高精密的双阀门通道设计，可灵活切换物料进出口，减少物料浪费。卫生级材质：接触物料材质均为GMP、FDA认可的316L和17-4PH不锈钢、碳化钨、氧化锆和高分子聚乙烯等。精准温控：可配卫生级温控系统有效降低物料温度保证活性。3.海洛克-温等静压设备固态电池专用4.海洛克-hpp超高压灭菌设备大规模-525L产品介绍：通过高压泵对密闭容器内的介质施压，破坏微生物细胞结构实现灭菌，常温运行保留营养与风味，快速高效且能耗低，无化学残留风险，设备操作简便、稳定性强。均界，是珠海椿田科技股份有限公司面向高压技术领域重点打造的专项项目。专注于超高压微射流纳米均质技术的研发与应用。",,,,pending
金刚石转型，精密加工也得跟上！,粉体网,粉体网,"RIOnews API, 新材料, 碳",normal,2026-08-25T10:56:17+08:00,,金刚石是自然界最硬的物质，其独特的物理性质使其在多个领域展现出巨大的应用潜力，金刚石产业正在从单纯的材料制造，逐步向芯片散热、功率器件、晶圆基板等应用端延伸。但是，几乎所有的应用领域都对金刚石的表面质量有严格的要求。例如，金刚石膜作为窗口材料时，要求其两表面非常光滑，不容有任何瑕疵，表面任何微小缺陷都可能使激光的传播方向发生改变，粗糙的表面会造成窗口的图像扭曲或模糊；金刚石膜作为电路元件的散热片时，要求其具有极高的面型精度和极低的表面粗糙度，从而增大接触面积，提高散热效率；金刚石膜作为表面滤波器使用时，要求其Ra金刚石被认为是“最难加工”的材料之一，其高硬度给加工带来了巨大挑战。随着近年来化学,http://mp.weixin.qq.com/s?__biz=MjM5NDI1NzI2MA==&mid=2655365877&idx=1&sn=7dde30e5803ed35db45d7a93210984b2,,金刚石是自然界最硬的物质，其独特的物理性质使其在多个领域展现出巨大的应用潜力，金刚石产业正在从单纯的材料制造，逐步向芯片散热、功率器件、晶圆基板等应用端延伸。但是，几乎所有的应用领域都对金刚石的表面质量有严格的要求。例如，金刚石膜作为窗口材料时，要求其两表面非常光滑，不容有任何瑕疵，表面任何微小缺陷都可能使激光的传播方向发生改变，粗糙的表面会造成窗口的图像扭曲或模糊；金刚石膜作为电路元件的散热片时，要求其具有极高的面型精度和极低的表面粗糙度，从而增大接触面积，提高散热效率；金刚石膜作为表面滤波器使用时，要求其Ra金刚石被认为是“最难加工”的材料之一，其高硬度给加工带来了巨大挑战。随着近年来化学,金刚石是自然界最硬的物质，其独特的物理性质使其在多个领域展现出巨大的应用潜力，金刚石产业正在从单纯的材料制造，逐步向芯片散热、功率器件、晶圆基板等应用端延伸。但是，几乎所有的应用领域都对金刚石的表面质量有严格的要求。例如，金刚石膜作为窗口材料时，要求其两表面非常光滑，不容有任何瑕疵，表面任何微小缺陷都可能使激光的传播方向发生改变，粗糙的表面会造成窗口的图像扭曲或模糊；金刚石膜作为电路元件的散热片时，要求其具有极高的面型精度和极低的表面粗糙度，从而增大接触面积，提高散热效率；金刚石膜作为表面滤波器使用时，要求其Ra金刚石被认为是“最难加工”的材料之一，其高硬度给加工带来了巨大挑战。随着近年来化学气相沉积（CVD）技术的快速发展，在推动人工培育钻石成本迅速降低、促进CVD金刚石广泛应用的同时，也对金刚石的精密加工提出了迫切需求。抛光技术是一项很关键的金刚石加工方法。目前金刚石的抛光方法主要有机械抛光、热化学抛光、动摩擦抛光、激光抛光、离子束抛光和化学机械抛光等。01机械抛光（MP）MP是利用金刚石与高速旋转的抛光盘（铸铁盘、砂轮盘）相互摩擦产生脆性断裂去除表面材料的抛光工艺，同时，由于高速旋转的抛光盘与金刚石摩擦会产生高温，而高温提供了“硬”的金刚石相向“软”的石墨相转变的驱动力，通过利用微切削与石墨化相结合的原理实现金刚石的抛光。金刚石机械抛光设备MP会造成金刚石工件的表面损伤和亚表面损伤。近年来，高精度MP技术，如超声辅助抛光，通过动态调控，为实现原子级光滑表面提供了新思路，该技术不仅能够显著降低表面粗糙度，还能有效减少亚表面损伤，从而提升金刚石的性能。02化学机械抛光（CMP）CMP是最为常用的金刚石加工的方法，利用氧化剂提高抛光速率。首先把金刚石压在抛光盘上并施加一定的压力，同时将金刚石浸在熔融态的氧化剂中，熔融态氧化物会腐蚀金刚石，在抛光盘机械剪切力的作用下去除被氧化的金刚石层，从而实现抛光的目的。CMP抛光示意图CMP作为目前能同时满足光滑、平整、低损伤的技术，在半导体、光学元件和精密材料加工等领域具有重要的应用价值，具有表面平整性好、粗糙度低、损伤小的特点；但加工过程极为耗时，尤其在要求高精度和高质量的表面时，需要多次进行工艺的调整优化。03热化学抛光（TCP）TCP原理是在高温下金刚石出现石墨化现象，在压力的作用下石墨化的碳原子会向抛光盘扩散，从而实现材料去除。TCP方法虽然具有较高的加工效率，但是对实验环境有着极为苛刻的要求，高温真空的加工环境是限制其应用发展的主要原因之一。04动摩擦抛光（DFP）DFP是在TCP基础上发展起来的高效金刚石抛光技术，通过金属抛光盘与金刚石的高速摩擦产生局部高温，促使金刚石石墨化并同步机械去除，不仅大幅提高了抛光率，还降低了对整体加热设备的依赖。05离子束抛光（IBP）IBP利用高能离子轰击金刚石表面，通过物理溅射或离子动能作用实现材料逐层去除，从而达到表面平滑化。离子束抛光避免了机械抛光中的接触损伤，同时可实现纳米级甚至亚纳米级表面平整度，对复杂形状和小尺寸金刚石器件表现出良好的适应性。IBP的精度高，但是效率极低，成本高，适用于局部加工。离子束抛光示意图06激光抛光（LP）LP是利用激光束照射到金刚石表面，使金刚石局部区域产生高温，造成金刚石表面产生C的升华、气化和石墨化，从而达到抛光的目的。LP设备示意图激光抛光已经展示出了极大潜力，具有高效率、高质量的优势，但是目前其所能达到的粗糙度不如传统抛光手段。而要想获得更好的加工效果，突破更低的粗糙度，不同激光源分步加工和激光抛光辅助或许是未来激光抛光的发展方向。激光加工是目前金刚石的主流加工方法，除了抛光，激光技术在金刚石加工中应用还有微通道加工、微结构制造、激光切割以及激光剥离等。这些技术为金刚石的高精度加工提供了多种解决方案，不仅能够提高加工效率，降低材料损耗，还能有效地加工金刚石的复杂形状和结构。近年来，研究人员基于激光加工方法还开发了各种混合激光加工技术，包括水导激光加工、水助激光加工等。小结金刚石拥有广阔的应用前景，尤其突出的导热特性使其成为高功率芯片散热的理想材料，金刚石散热获得越来越多的关注。金刚石散热片、衬底、外延生长等后续工序，都离不开精密加工，这对现有的加工技术提出了新的挑战。如果能够实现原子级去除、无亚表面损伤的超精密加工，将有效加速金刚石在多领域的应用落地。参考来源：[1]袁菘等：金刚石化学机械抛光研究现状[2]刘帅伟等：金刚石半导体衬底研磨抛光技术研究现状及展望[3]安康等：金刚石机械抛光研究进展[4]袁菘等：金刚石高效超低损伤加工机理与工艺研究现状[5]杨阔等：单晶金刚石表面平坦化技术的发展与挑战[6]叶盛等：激光技术在金刚石加工中的研究及应用进展金刚石最有前景的加工方法是哪个？,,,,pending
香港科技大学颜河教授课题组博士生及博士后招聘启示,钙钛矿太阳能电池,钙钛矿太阳能电池,"RIOnews API, 钙钛矿, 全钙钛矿叠层, 柔性钙钛矿, 学术研究, 大学, 教授, 科学院, 研究所, 期刊",normal,2026-08-25T10:40:54+08:00,,小编微信：pftlovechina香港科技大学简介香港科技大学(The Hong Kong University of Science and Technology，HKUST)是亚洲顶尖的研究型大学之一，以其世界一流的科研实力和创新氛围而闻名。自1991年建校以来，HKUST在短短几十年内迅速跻身国际知名学府之列，在QS世界大学排名中长期位列亚洲前茅。港科大校园依山傍水，海景绝美。校园内生活便利，餐饮、运动、娱乐一应俱全。香港留学属于境外学习经历，可用于申请人才项目。导师简介颜河教授：于2000年本科毕业于北京大学化学系；2004年在美国西北大学获得博士学位，师从美国总统奖获得者Tobin,http://mp.weixin.qq.com/s?__biz=MzkwMDU5MjA5OA==&mid=2247498836&idx=2&sn=d51bfb0ef173fad419ea108a25a33049,,小编微信：pftlovechina香港科技大学简介香港科技大学(The Hong Kong University of Science and Technology，HKUST)是亚洲顶尖的研究型大学之一，以其世界一流的科研实力和创新氛围而闻名。自1991年建校以来，HKUST在短短几十年内迅速跻身国际知名学府之列，在QS世界大学排名中长期位列亚洲前茅。港科大校园依山傍水，海景绝美。校园内生活便利，餐饮、运动、娱乐一应俱全。香港留学属于境外学习经历，可用于申请人才项目。导师简介颜河教授：于2000年本科毕业于北京大学化学系；2004年在美国西北大学获得博士学位，师从美国总统奖获得者Tobin,"小编微信：pftlovechina香港科技大学简介香港科技大学(The Hong Kong University of Science and Technology，HKUST)是亚洲顶尖的研究型大学之一，以其世界一流的科研实力和创新氛围而闻名。自1991年建校以来，HKUST在短短几十年内迅速跻身国际知名学府之列，在QS世界大学排名中长期位列亚洲前茅。港科大校园依山傍水，海景绝美。校园内生活便利，餐饮、运动、娱乐一应俱全。香港留学属于境外学习经历，可用于申请人才项目。导师简介颜河教授：于2000年本科毕业于北京大学化学系；2004年在美国西北大学获得博士学位，师从美国总统奖获得者Tobin Marks教授。2006-2011年带领polyera公司的研究小组研发柔性显示器和太阳能电池材料。2012年至今就职于香港科技大学化学系，并于2023年成为香港科技大学讲席教授。颜河教授在有机及钙钛矿太阳能电池领域做出了杰出的贡献，发表论文420余篇，被引用超58000次，H因子115，并于2020年获得了腾讯“科学探索奖”，同年担任香港的RGC研究员，并连续8年获得“高被引科学家”的称号，研究成果在2015年被美国国家可再生能源实验室收录进著名的“best research-cell efficiency chart”世界纪录表。颜河教授建立了以香港为中心的国际跨学科研究平台，同时还具有丰富的产业化经验，是中国新型光伏技术产业化的引领者，并于2018年创立了深圳易柔光伏有限公司，提出了有机光伏产业化新路线，并带领公司多次获得创业大赛奖项。2019年，公司荣获第十一届中国深圳创新创业大赛新能源及节能环保产业组决赛一等奖。同年，公司从全国7个区域比赛的1279个项目中脱颖而出，在香港科技大学与越秀集团联合举办的“百万创业大赛”中获得冠军。潘世豪博士（Research Assistant Professor）：主要从事有机光电材料与器件研究，聚焦有机太阳能电池中的能量损失、激发态调控与界面工程。研究涵盖新型电子受体分子设计、低能量损失有机光伏、界面能级调控及自组装单分子层等方向，致力于从分子设计、光物理机制到器件工程建立系统的研究体系。近年来以第一/通讯作者在 Nature Photonics、Advanced Materials、Journal of the American Chemical Society, Angewandte Chemie, Energy & Enviromental Science等国际期刊发表研究成果，并积极推动有机光电材料与器件的基础研究及应用转化。目前致力于建设一个年轻、开放、交叉、充满创造力的研究团队，欢迎对有机光电、材料化学、光物理及器件研究感兴趣的博士生和博士后加入。课题组研究方向研究方向面向高效、低能量损失的有机光电材料与器件。课题组致力于通过分子计、激发态调控与界面工程，探索新型有机光电材料，突破能量损失与界面传输等关键瓶颈，构筑下一代高性能太阳能电池。01｜新型非富勒烯受体（NFAs）分子聚焦新型非富勒烯受体的分子工程，通过调控其电子结构与激发态特性，深入探究激子解离、电荷复合及非辐射能量损失的内在机制，从材料源头驱动高效率、低电压损失的有机太阳能电池发展。02｜有机太阳能电池界面工程针对电荷选择性传输与界面能级失配问题，设计并合成新型空穴传输层及界面修饰材料，实现器件界面能级排列与接触特性的精准调控，提升电荷提取效率，降低界面复合损耗。03｜钙钛矿太阳能电池自组装单分子层发展新型自组装单分子层及界面分子设计策略，系统调控电极/活性层界面处的能级、偶极矩与电荷传输性质，实现界面协同优化，为实现高效稳定钙钛矿光伏器件提供新路径。招聘岗位1）博士研究生:1.诚实守信，对科研有热情，工作踏实勤奋，做事严谨，善于团队合作。2.欢迎具有硕士科研经历的同学以及优秀的本科生。化学，材料科学，物理等相关专业背景优先考虑。3.在有机太阳能电池及钙钛矿太阳能电池器件制备、有机光电半导体材料合成等领域有研究经历并有相关论文者优先考虑。4.英语成绩要求。ielts>=6.5，单科不低于5.5；或Tofel>80。*注意，语言成绩是研究生入学的硬性要求。5.香港科技大学理学院的其他具体要求请浏览: https://science.hkust.edu.hk/zh-hans2）博士后研究员:1.申请者需即将获得博士学位或已获得博士学位不超过3年，具备独立开展科研项目的能力，良好的沟通与协作能力，以及协助PI指导学生和管理实验室的能力；2.曾以第一作者身份在国际权威期刊上发表过较高水平科研论文；3目前提供博士后工资起薪28000港币/月，可根据申请人的背景，感兴趣的方向，与导师达成合作意向后与导师面议，优秀者可支持申请ITF Postdoc Hub（月薪 45000 港币/月）。应聘材料有意者请将个人简历（包括教育背景、科研及项目经历、论文专著清单、获奖情况等详细信息）和代表性学术论文发送至潘世豪博士邮箱（punsaiho@ust.hk），并注明PhD/Postdoc application。通过简历初选者将安排面试，期待您的加入！钙钛矿光伏世界记录每日更新（尽量以认证为标准）31.5%热蒸发钙钛矿/硅叠层太阳能电池新纪录！新国立侯毅教授&天合光能高纪凡/陈亦峰/张学玲/贺锐Nature（保持单位：新国立侯毅&天合光能高纪凡/陈亦峰/张学玲/贺锐）单节钙钛矿太阳能电池世界纪录效率28%！（保持单位：海南大学李雄团队）钙钛矿/硅叠层太阳能电池世界纪录效率35.2%！（保持单位：隆基绿能）33.84%！钙钛矿TOPCon硅叠层效率再创纪录！（保持单位：宁波材料所叶继春/曾俞衡/应智琴/杨阵海&正泰新能李子佳）正式钙钛矿电池认证反扫27.5%！稳态27.17%！连续梯度掺杂SnO2电子传输层！（保持单位：南开大学袁明鉴&姜源植）空气制备倒置钙钛矿太阳能电池最高认证效率26.5%！（保持单位：成均馆大学Nam-Gyu Park）1cm2锡铅钙钛矿太阳能电池创纪录效率！22.18%！（保持单位：华中科技大学唐江&陈超）28%！倒置钙钛矿太阳能电池低温创纪录效率！（保持单位：陕师大赵奎&牛天启）宽带隙钙钛矿25.03%（1.68 eV）！（保持单位：中国科学院半导体所游经碧&蒋琦）碳基倒置钙钛矿太阳能电池21.8%效率！（保持单位：亥姆霍兹埃尔兰根-纽伦堡可再生能源研究所 (HI ERN) Christoph J. Brabec & Tian Du）柔性钙钛矿/硅叠层太阳能电池纪录效率：33.6%@1cm2！（保持单位：苏州大学张晓宏&杨新波&KAUST Stefaan De Wolf）大面积柔性钙钛矿/硅叠层太阳能电池纪录效率：260cm2的晶圆级面积上认证29.8%！（保持单位：苏州大学张晓宏&刘江&隆基绿能何博&曲铭浩&徐希翔&李振国）倒置钙钛矿太阳能电池认证稳态效率27.2%！（保持单位：中科院半导体所游经碧）1米×2米钙钛矿太阳能组件认证纪录效率20.05%！（保持单位：宁德时代&上海交通大学赵一新团队）2.023 V&33.12%@钙钛矿/TOPCon硅叠层太阳能电池！（保持单位：港城大朱宗龙&晶科再创纪录！）17.89%！无铅锡基钙钛矿太阳能电池，认证17.71%。（保持单位：南京理工大学徐勃、复旦大学梁佳和上海交通大学戚亚冰）倒置钙钛矿太阳能电池认证效率27.57%！（保持单位：武汉九曜光电&华中科技陈炜&刘宗豪）正式FAPbI₃太阳能电池认证效率26.54%！（保持团队：中国科学院大学材料科学与光电技术学院郑晓鹏&海南大学董碧桃）25.47%钙钛矿组件@20.45cm²（保持单位：光因科技）正式26.9%！空气制备再创新高！华北电力大学李美成/黄浩&上海光源苏圳煌Joule：疏水性偶极七氟丁脒的热活化质子转移策略！！（保持团队：华北电力大学李美成）1.66 eV宽带隙钙钛矿开压1.314V，效率24.5%（保持团队：河北工业大学陈聪）钙钛矿量子点太阳能电池最高认证效率18.3%！（保持团队：华北电力大学李美成）30cm×30cm钙钛矿太阳能电池组件效率新世界纪录24.36%！（保持单位：脉络能源）钙硅叠层认证效率35%！260.9cm2效率33%！（保持单位：隆基绿能）钙钛矿-铜铟镓硒叠层太阳能电池30.1%！（保持团队：武汉大学李建民&王胜&龚俊波&肖旭东）1cm2钙钛矿-有机叠层太阳能电池创纪录认证效率27.5%！中科院化学所李永舫/李骁骏&新加坡国立大学侯毅NP：抑制激子热化损失的窄带隙受体（保持团队：新加坡国立大学侯毅&中科院化学所李永舫&/李骁骏）31.55%！全钙钛矿叠层电池效率再创新高（保持单位：光因科技）有机光伏世界记录每日更新（尽量以认证为标准）厚膜 500 nm OSCs纪录效率18%！（保持团队：深圳技术大学张光烨/李顺朴&香港理工大学李刚/马睿杰）叠层有机光伏21.7%！中科院化学所侯剑辉&崔勇：醇分散PEDOT:PSS！（保持团队：中科院化学所侯剑辉&崔勇）硅基光伏世界记录每日更新（尽量以认证为标准）27.81%世界纪录-133.63-cm2 HIBC硅太阳能电池（保持团队：隆基绿能李振国&徐希翔&方亮&薛朝伟&兰州大学贺德衍&中山大学高平奇）发光二极管每日更新（尽量以认证为标准）EQE45.5%-叠层钙钛矿LEDs！（保持团队：王建浦&黄维&王娜娜）12%创纪录效率|溶液处理的绿色无铅金属卤化物电致发光器件（保持团队：北京化工大学谭占鳌&赵彪）创纪录EQE 24.67% | 溶液法多晶CsPbBr3钙钛矿LEDs（保持团队：高丽大学Sang Hyuk Im / Jin Hyuck Heo & 天津大学张飞）商业合作、投稿、加入“钙钛矿 or 有机光交流群”联系小编理解不当，侵权行为，请联系删除或更改！喜欢的话，欢迎点赞，关注，收藏！",,,,pending
27.05%！四川大学彭强&吴义辉Joule：两步化学浴沉积-铷掺杂氧化镍空穴传输层！,钙钛矿太阳能电池,钙钛矿太阳能电池,"RIOnews API, 钙钛矿, 全钙钛矿叠层, 柔性钙钛矿, 学术研究, 大学, 教授, 科学院, 研究所",normal,2026-08-25T10:40:54+08:00,,小编微信：pftlovechina通讯作者：四川大学彭 强 & 吴义辉反式钙钛矿太阳能电池（PSCs）在空穴传输层（HTL）/ 钙钛矿界面处存在效率与稳定性瓶颈。针对该问题，本文采用可靠的两步化学浴沉积策略，构筑具有协同效应的级联 NiOx 结构。研究确定铷离子（Rb⁺）为最优掺杂剂，构建了理想的界面能级匹配，促进空穴提取并降低界面复合。除电学性能提升之外，该级联 HTL 可作为多功能模板调控后续钙钛矿结晶过程，实现钙钛矿的应力弛豫生长，抑制埋底界面的非辐射复合。因此，小面积（0.09 cm²）PSCs 获得 27.05% 的高光电转换效率（PCE），认证效率为 26.82%，填充因子达 86,http://mp.weixin.qq.com/s?__biz=MzkwMDU5MjA5OA==&mid=2247498836&idx=1&sn=35d83375e4aecd2ba15041cb548c8f23,,小编微信：pftlovechina通讯作者：四川大学彭 强 & 吴义辉反式钙钛矿太阳能电池（PSCs）在空穴传输层（HTL）/ 钙钛矿界面处存在效率与稳定性瓶颈。针对该问题，本文采用可靠的两步化学浴沉积策略，构筑具有协同效应的级联 NiOx 结构。研究确定铷离子（Rb⁺）为最优掺杂剂，构建了理想的界面能级匹配，促进空穴提取并降低界面复合。除电学性能提升之外，该级联 HTL 可作为多功能模板调控后续钙钛矿结晶过程，实现钙钛矿的应力弛豫生长，抑制埋底界面的非辐射复合。因此，小面积（0.09 cm²）PSCs 获得 27.05% 的高光电转换效率（PCE），认证效率为 26.82%，填充因子达 86,小编微信：pftlovechina通讯作者：四川大学彭 强 & 吴义辉反式钙钛矿太阳能电池（PSCs）在空穴传输层（HTL）/ 钙钛矿界面处存在效率与稳定性瓶颈。针对该问题，本文采用可靠的两步化学浴沉积策略，构筑具有协同效应的级联 NiOx 结构。研究确定铷离子（Rb⁺）为最优掺杂剂，构建了理想的界面能级匹配，促进空穴提取并降低界面复合。除电学性能提升之外，该级联 HTL 可作为多功能模板调控后续钙钛矿结晶过程，实现钙钛矿的应力弛豫生长，抑制埋底界面的非辐射复合。因此，小面积（0.09 cm²）PSCs 获得 27.05% 的高光电转换效率（PCE），认证效率为 26.82%，填充因子达 86.96%。面积为 12.96 cm² 的小型模组实现 23.63% 的 PCE，验证了该技术的工业化潜力。此外，未封装器件经过 1160 h 工作后，仍可保留 93% 以上的初始性能。本工作为可规模化制备高性能钙钛矿器件提供了简便高效的级联设计方案。图 1 级联 NiOx 空穴传输层的构筑(A) 对照组、Cu 掺杂、Rb 掺杂以及 Li 掺杂 NiOx 薄膜的能级。 (B) 对照组、Cu 掺杂、Rb 掺杂以及 Li 掺杂 NiOx 薄膜的电导率。 (C) 裸 FTO 基底与沉积不同 NiOx 薄膜后 FTO 基底的循环伏安（CV）曲线。 (D‑F) (D) 对照组、(E) Rb 掺杂、(F) 级联 NiOx 薄膜的 Ni 2p 高分辨 XPS 谱图。 (G) 由 Ni 2p XPS 谱拟合得到的 Ni²⁺/Ni³⁺/Ni⁴⁺峰面积比值。 (H) 由 KPFM 图像提取得到的对照组、Rb 掺杂、级联 NiOx 薄膜的接触电势差（CPD）分布直方图。 (I) 对照组、Rb 掺杂、级联 NiOx 薄膜的空穴迁移率。图 2 界面性质与载流子输运特性(A) 对照组、Rb 掺杂、级联 NiOx 薄膜的水接触角（WCA）。 (B‑D) 沉积在 (B) 对照组、(C) Rb 掺杂、(D) 级联 NiOx 上钙钛矿薄膜埋底表面的 SEM 图像。 (E) 基于对照组、Rb 掺杂、级联 NiOx 的钙钛矿薄膜由 GIXRD 计算得到的残余应力。 (F‑G) 基于对照组、Rb 掺杂、级联 NiOx 的钙钛矿薄膜稳态 PL (F) 与 TRPL (G) 谱图。图 3 钙钛矿薄膜的结晶行为与光电特性(A) 热退火过程中，基于对照组、Rb 掺杂、级联 NiOx 的钙钛矿薄膜原位紫外‑可见吸收光谱。 (B) 热退火过程中，基于对照组、Rb 掺杂、级联 NiOx 的钙钛矿薄膜原位 PL 光谱。 (C) 基于对照组、Rb 掺杂、级联 NiOx 的钙钛矿薄膜 QFLS 映射图。图 4 光伏器件性能(A‑B) (A) 器件结构示意图以及 (B) 对应的能级示意图。 (C) 对照组、Rb 掺杂、级联小面积器件（开孔面积：0.09 cm²）最优 J‑V 曲线。 (D) 对照组、Rb 掺杂、级联器件的 EQE 曲线及其对应的积分光电流密度。 (E) 标准 1‑sun 光照下级联器件的稳态输出效率。 (F) 30 个对照组、Rb 掺杂、级联小面积器件的 PCE 分布。 (G) 最优大面积（开孔面积：1 cm²）对照组、Rb 掺杂、级联器件的 J‑V 曲线。 (H‑I) 最优级联小型模组的实物照片 (H) 与 J‑V 曲线 (I)，有效面积 12.96 cm²（基底尺寸：5 × 5 cm²）。图 5 器件性能解析与稳定性评价(A‑B) 对照组、Rb 掺杂、级联器件的 TPV (A) 与 TPC (B) 衰减曲线。 (C) 通过 IMPS 与 IMVS 计算得到对照组、Rb 掺杂、级联器件的电荷收集效率ƞcc。 (D) 对照组、Rb 掺杂、级联器件电致发光外量子效率 EQEEL 随注入电流密度的变化。 (E) 对照组、Rb 掺杂、级联器件的 EIS 谱图（插图：等效电路）。 (F) 对照组、Rb 掺杂、级联器件的开路电压 VOC 与光强依赖关系。 (G) 未封装的对照组、Rb 掺杂、级联器件在氮气手套箱中 85 °C 条件下的热老化测试；误差棒代表 3 个器件的标准偏差。 (H) 在等效 1‑sun 白光 LED 光照下，未封装对照组、Rb 掺杂、级联器件的最大功率点跟踪（MPPT）测试。器件制备首先，FTO 玻璃基底依次使用洗涤剂、去离子水、丙酮、乙醇各清洗 20 min。清洗完成后将基底浸泡于乙醇中，使用 N₂吹干备用。吹干后用聚酰亚胺胶带（Kapton tape）遮盖 FTO 背面，进行紫外‑臭氧处理 30 min。配制前驱体溶液：将 0.075 M Ni (NO₃)₂与三异丙醇胺（TPA）溶解于去离子水中；使用 10 M KOH 将溶液 pH 调节至 10.5‑11.5，再放入 FTO 基底。基底在 50 °C 溶液中沉积 45 min。沉积结束后取出基底，冲洗、吹干，撕掉聚酰亚胺胶带，270 °C 退火 2 h。待温度降至 150 °C 以下，将基底转移至手套箱用于器件制备，所得 NiOx 记为对照组 NiOx。为构筑级联氧化镍结构，将含 5 mol% RbNO₃的 CBD 前驱体溶液，在已沉积的 NiOx 薄膜上进行二次沉积，沉积工艺与上述步骤保持一致。Rb 掺杂 NiOx 薄膜采用一步 CBD 工艺制备：前驱体溶液包含 Ni (NO₃)₂与 TPA，加入对应比例 RbNO₃（0、1、3、5、7、9 mol%），等摩尔替换部分 Ni (NO₃)₂。将清洗后的 FTO 基底浸入含 Rb 的 NiOx 前驱体溶液，50 °C 反应 45 min，随后冲洗、吹干、退火，得到 Rb 掺杂 NiOx HTL。级联 NiOx 薄膜采用连续两步 CBD 工艺制备：首先使用不含 Rb 的 NiOx 前驱体溶液在清洗后的 FTO 基底上沉积本征 NiOx 底层；冲洗吹干后，再使用含 5 mol% Rb 的 NiOx 前驱体溶液进行第二次 CBD 沉积，在本征 NiOx 底层之上形成 Rb 掺杂 NiOx 上层，得到级联 NiOx 空穴传输层。RbCsFAMA 基钙钛矿溶液配制：将 691.5 mg PbI₂、232.2 mg FAI、11.9 mg MAI、12.6 mg CsCl、9.6 mg RbI 溶解于 1 mL 混合溶剂（DMF:DMSO = 4:1，体积比），室温搅拌 4 h，使用 0.22 μm PTFE 滤膜过滤。沉积钙钛矿之前，动态旋涂 PEAI 中间层（1 mg/mL，DMF 溶剂），4000 rpm、25 s，加速度 2000 rpm，改善钙钛矿前驱体润湿性。钙钛矿墨水旋涂工艺：1000 rpm 保持 8 s（加速度 200），随后 5000 rpm 保持 25 s（加速度 2000 rpm）；第二步旋涂开始 20 s 时，向基底滴加 130 μL 苯甲醚。湿膜于 110 °C 退火 20 min。之后在钙钛矿表面旋涂 1 mg/mL PDAI₂，4500 rpm、25 s，110 °C 退火 5 min。最后热蒸镀 20 nm C₆₀、6 nm BCP 以及 120 nm Ag。Cs₀.₀₅FA₀.₉₅PbI₃双阳离子钙钛矿前驱体制备：在 N₂手套箱内，将 20.8 mg CsI、736.0 mg PbI₂、22.4 mg PbCl₂、261.2 mg FAI 溶解于 1 mL DMF:DMSO（4:1，v/v）；室温搅拌至完全溶解，经 0.22 μm PTFE 针式滤膜过滤备用。钙钛矿活性层沉积工艺与四元阳离子钙钛矿薄膜完全相同。Cs₀.₀₅MA₀.₀₅FA₀.₉₀PbI₃三阳离子钙钛矿前驱体制备：在 N₂手套箱内，将 19.48 mg CsI、232.07 mg FAI、691.52 mg PbI₂、11.92 mg MAI 溶解于 1 mL DMF:DMSO（4:1，v/v）；室温搅拌至完全溶解，经 0.22 μm PTFE 针式滤膜过滤备用。钙钛矿活性层沉积工艺与四元阳离子钙钛矿薄膜保持一致。小型模组制备：采用真空辅助沉积工艺。钙钛矿墨水先两步旋涂于基底：1000 rpm 保持 8 s，5000 rpm 保持 10 s，得到湿膜。将湿膜置于与真空泵相连的样品腔；开启真空泵，随气压降低，湿膜中溶剂快速挥发脱除；10 Pa 压力下保持 10 s 后取出薄膜，110 °C 退火 20 min。之后旋涂 1 mg/mL PDAI₂，4500 rpm、25 s，110 °C 退火 5 min。最后热蒸镀 20 nm C₆₀、6 nm BCP、120 nm Ag。该小型模组在 5 × 5 cm² FTO 玻璃基底上制备，由 6 个钙钛矿子电池串联而成，通过 P1、P2、P3 刻线实现互联。刻线采用 1064 nm 激光刻蚀系统，激光频率 20 KHz，扫描速率 2000。P1 刻线宽度 150 μm，16 W 功率下刻蚀 30 次；P2 刻线宽度 500 μm，6 W 功率单次刻蚀；P3 刻线宽度 100 μm，10 W 功率单次刻蚀。每个子电池有效宽度设计为 6500 μm，单处互联死区宽度控制为 1100 μm。总基底面积扣除无效死区后，模组总有效面积为 12.96 cm²，几何填充因子 GFF 为 83.08%。原文：https://doi.org/10.1016/j.joule.2026.102635钙钛矿光伏世界记录每日更新（尽量以认证为标准）31.5%热蒸发钙钛矿/硅叠层太阳能电池新纪录！新国立侯毅教授&天合光能高纪凡/陈亦峰/张学玲/贺锐Nature（保持单位：新国立侯毅&天合光能高纪凡/陈亦峰/张学玲/贺锐）单节钙钛矿太阳能电池世界纪录效率28%！（保持单位：海南大学李雄团队）钙钛矿/硅叠层太阳能电池世界纪录效率35.2%！（保持单位：隆基绿能）33.84%！钙钛矿TOPCon硅叠层效率再创纪录！（保持单位：宁波材料所叶继春/曾俞衡/应智琴/杨阵海&正泰新能李子佳）正式钙钛矿电池认证反扫27.5%！稳态27.17%！连续梯度掺杂SnO2电子传输层！（保持单位：南开大学袁明鉴&姜源植）空气制备倒置钙钛矿太阳能电池最高认证效率26.5%！（保持单位：成均馆大学Nam-Gyu Park）1cm2锡铅钙钛矿太阳能电池创纪录效率！22.18%！（保持单位：华中科技大学唐江&陈超）28%！倒置钙钛矿太阳能电池低温创纪录效率！（保持单位：陕师大赵奎&牛天启）宽带隙钙钛矿25.03%（1.68 eV）！（保持单位：中国科学院半导体所游经碧&蒋琦）碳基倒置钙钛矿太阳能电池21.8%效率！（保持单位：亥姆霍兹埃尔兰根-纽伦堡可再生能源研究所 (HI ERN) Christoph J. Brabec & Tian Du）柔性钙钛矿/硅叠层太阳能电池纪录效率：33.6%@1cm2！（保持单位：苏州大学张晓宏&杨新波&KAUST Stefaan De Wolf）大面积柔性钙钛矿/硅叠层太阳能电池纪录效率：260cm2的晶圆级面积上认证29.8%！（保持单位：苏州大学张晓宏&刘江&隆基绿能何博&曲铭浩&徐希翔&李振国）倒置钙钛矿太阳能电池认证稳态效率27.2%！（保持单位：中科院半导体所游经碧）1米×2米钙钛矿太阳能组件认证纪录效率20.05%！（保持单位：宁德时代&上海交通大学赵一新团队）2.023 V&33.12%@钙钛矿/TOPCon硅叠层太阳能电池！（保持单位：港城大朱宗龙&晶科再创纪录！）17.89%！无铅锡基钙钛矿太阳能电池，认证17.71%。（保持单位：南京理工大学徐勃、复旦大学梁佳和上海交通大学戚亚冰）倒置钙钛矿太阳能电池认证效率27.57%！（保持单位：武汉九曜光电&华中科技陈炜&刘宗豪）正式FAPbI₃太阳能电池认证效率26.54%！（保持团队：中国科学院大学材料科学与光电技术学院郑晓鹏&海南大学董碧桃）25.47%钙钛矿组件@20.45cm²（保持单位：光因科技）正式26.9%！空气制备再创新高！华北电力大学李美成/黄浩&上海光源苏圳煌Joule：疏水性偶极七氟丁脒的热活化质子转移策略！！（保持团队：华北电力大学李美成）1.66 eV宽带隙钙钛矿开压1.314V，效率24.5%（保持团队：河北工业大学陈聪）钙钛矿量子点太阳能电池最高认证效率18.3%！（保持团队：华北电力大学李美成）30cm×30cm钙钛矿太阳能电池组件效率新世界纪录24.36%！（保持单位：脉络能源）钙硅叠层认证效率35%！260.9cm2效率33%！（保持单位：隆基绿能）钙钛矿-铜铟镓硒叠层太阳能电池30.1%！（保持团队：武汉大学李建民&王胜&龚俊波&肖旭东）1cm2钙钛矿-有机叠层太阳能电池创纪录认证效率27.5%！中科院化学所李永舫/李骁骏&新加坡国立大学侯毅NP：抑制激子热化损失的窄带隙受体（保持团队：新加坡国立大学侯毅&中科院化学所李永舫&/李骁骏）31.55%！全钙钛矿叠层电池效率再创新高（保持单位：光因科技）有机光伏世界记录每日更新（尽量以认证为标准）厚膜 500 nm OSCs纪录效率18%！（保持团队：深圳技术大学张光烨/李顺朴&香港理工大学李刚/马睿杰）叠层有机光伏21.7%！中科院化学所侯剑辉&崔勇：醇分散PEDOT:PSS！（保持团队：中科院化学所侯剑辉&崔勇）硅基光伏世界记录每日更新（尽量以认证为标准）27.81%世界纪录-133.63-cm2 HIBC硅太阳能电池（保持团队：隆基绿能李振国&徐希翔&方亮&薛朝伟&兰州大学贺德衍&中山大学高平奇）发光二极管每日更新（尽量以认证为标准）EQE45.5%-叠层钙钛矿LEDs！（保持团队：王建浦&黄维&王娜娜）12%创纪录效率|溶液处理的绿色无铅金属卤化物电致发光器件（保持团队：北京化工大学谭占鳌&赵彪）创纪录EQE 24.67% | 溶液法多晶CsPbBr3钙钛矿LEDs（保持团队：高丽大学Sang Hyuk Im / Jin Hyuck Heo & 天津大学张飞）商业合作、投稿、加入“钙钛矿 or 有机光交流群”联系小编理解不当，侵权行为，请联系删除或更改！喜欢的话，欢迎点赞，关注，收藏！,,,,pending
从60吨狂飙至1000吨！这家武汉公司造出比电解液快2倍的灰色粉末，一汽吉利宁德时代为何抢着买单？,固态电池SSB,固态电池SSB,"RIOnews API, 固态电池, 硫化物电解质, 全固态, 合作进展, 融资, 投资, 学术研究, 大学, 教授, 科学院",normal,2026-08-25T10:27:53+08:00,,一个武汉副教授被客户“逼”成企业家，造出比电解液快2倍的“离子高速路”2026年8月，固态电池赛道炙手可热。就在几天前，中国牵头制定的全球首个固态电池国际标准在IEC成功立项；9月1日起，固态电池免征消费税政策将正式落地。资本市场上，固态电池概念股集体爆发。然而，当所有人都在讨论“全固态电池何时装车”时，一个更上游、更基础的问题却被忽略了——固态电池的“心脏”——固态电解质材料，到底能不能量产？答案，藏在武汉青山开发区一家成立不到4年的公司里。这家公司叫天石科丰。它的产品是一种灰色粉末——硫化物固态电解质。中国一汽在用，吉利汽车在用，国轩高科在用，欣旺达在用，东风汽车在用，远景动力也在用。一家,http://mp.weixin.qq.com/s?__biz=MzkxOTU5NjMwNg==&mid=2247500127&idx=1&sn=5ed8e73b4a4cfe3b097b5eecbd47005c,,一个武汉副教授被客户“逼”成企业家，造出比电解液快2倍的“离子高速路”2026年8月，固态电池赛道炙手可热。就在几天前，中国牵头制定的全球首个固态电池国际标准在IEC成功立项；9月1日起，固态电池免征消费税政策将正式落地。资本市场上，固态电池概念股集体爆发。然而，当所有人都在讨论“全固态电池何时装车”时，一个更上游、更基础的问题却被忽略了——固态电池的“心脏”——固态电解质材料，到底能不能量产？答案，藏在武汉青山开发区一家成立不到4年的公司里。这家公司叫天石科丰。它的产品是一种灰色粉末——硫化物固态电解质。中国一汽在用，吉利汽车在用，国轩高科在用，欣旺达在用，东风汽车在用，远景动力也在用。一家,一个武汉副教授被客户“逼”成企业家，造出比电解液快2倍的“离子高速路”2026年8月，固态电池赛道炙手可热。就在几天前，中国牵头制定的全球首个固态电池国际标准在IEC成功立项；9月1日起，固态电池免征消费税政策将正式落地。资本市场上，固态电池概念股集体爆发。然而，当所有人都在讨论“全固态电池何时装车”时，一个更上游、更基础的问题却被忽略了——固态电池的“心脏”——固态电解质材料，到底能不能量产？答案，藏在武汉青山开发区一家成立不到4年的公司里。这家公司叫天石科丰。它的产品是一种灰色粉末——硫化物固态电解质。中国一汽在用，吉利汽车在用，国轩高科在用，欣旺达在用，东风汽车在用，远景动力也在用。一家高校背景的初创企业，凭什么拿下这么多头部客户的订单？答案要从一个人、一种材料和一串数字说起。01一个副教授的10年“死磕”故事的主角叫王硕，武汉理工大学材料学院副教授。2008年，王硕进入武汉理工大学材料复合新技术国家重点实验室攻读博士学位，师从长江学者赵文俞教授和张清杰院士，研究方向就是热电材料。2016年博士毕业后，他到德国吉森大学做博士后，师从国际固态离子学专家Jürgen Janek教授。正是在德国期间，他系统接触了全固态电池研究。“研究硫化物固态电解质，他已经干了10年。”长江日报的报道这样描述。10年是什么概念？2016年，宁德时代刚刚成立5年，特斯拉Model 3还没量产，全固态电池对大多数人来说还只是一个学术概念。而王硕已经在这个领域深耕了。2022年12月，王硕在武汉创立了天石科丰。但创业的念头，其实是被“逼”出来的。“当时一家硫化物全固态电芯研发企业在市面上找不到合适的高导电率的粉，我们在学校研发的小批量产品测试效果很好，为了进一步扩大生产规模，成立了天石科丰。”王硕在接受36氪采访时回忆道。客户找不到合适的材料，找到学校实验室，实验室的小批量产品测试效果很好——然后，一个副教授被“逼”成了企业家。这个故事揭示了一个残酷的现实：固态电池的产业化瓶颈，不在电池厂，而在材料端。02“离子高速路”：比电解液快2倍的灰色粉末天石科丰的核心产品，是一种代号为 LPSCB 的硫化物电解质材料。LPSCB的全称是 Li₅.₅PS₄.₅Cl₀.₇₅Br₀.₇₅ ——一串化学式背后，是一场材料科学的突破。先看一组数据：这种材料冷压态下的室温离子电导率可达 13 mS·cm⁻¹ ，热压处理后更是高达 25 mS·cm⁻¹ 。什么概念？这是商用液态电解液的2倍。天石科丰财务总监程宁给长江日报记者打了个比方：“就像一个停车场，液态里车找车位很慢，但我们的固态材料结构规整，车一进来就能直接停好，充放电更快。”不仅如此。LPSCB的离子迁移激活能仅为 0.24 eV ，具备超快锂离子动力学传输特性。在电池测试中，以LPSCB为核心材料的全固态电池，在 0.5C 充放电倍率下可稳定循环超过 2500次 ，且几乎不出现容量衰减；在更高的 2C 倍率下，也能维持 1800次 稳定循环。2025年4月，这项研究成果发表在 Cell子刊《Matter》 上，武汉理工大学为第一通讯单位。但王硕团队最厉害的地方，不是做出了实验室里的好材料——而是解决了“能不能量产”的问题。03从“3公斤”到“100公斤”：量产才是真功夫传统硫化物电解质的制备，普遍依赖高能球磨——耗时、费力、产量有限、批次差异大。王硕团队开辟了一条 “快速干混+热处理” 的新路径，首次实现了硫化物电解质批次公斤级稳定制备。这标志着制备技术从“实验室瓶颈”迈入“准工程化”的关键转变。传统工艺做一批材料要20小时 ，天石科丰自主研发的快速混合方案只需20分钟 。设备从小型实验炉升级到大型推板炉，原来一炉只能制出3公斤，现在能制出100公斤，未来目标是500公斤甚至1200公斤。这不是实验室的论文数据，这是工厂里的真实产能。目前，天石科丰已建成 年产60吨 硫化物电解质粉体产线并投产。预计 2026年底 将年产能提升至200吨 ，并实现亿元营收 ；2027年将建成年产1000吨产能。60吨→200吨→1000吨——这不是PPT上的规划，这是已经在执行的产能扩张路线图。天石科丰还是中部地区唯一一家做硫化物全固态电池材料的企业。04谁在用这些“粉末”？一汽、吉利、宁德时代……一家成立不到4年的初创企业，客户名单有多豪华？根据中国粉体网的报道，天石科丰的产品已成功供货 中国一汽、吉利汽车、国轩高科、欣旺达、东风汽车、远景动力 等多家头部上市车企与动力电池企业。此外，公司还服务 清华大学、北京大学、上海交通大学 等国内外 40余家 知名高校与科研机构。从高校到车企，从电芯厂到科研机构——天石科丰的客户几乎覆盖了中国固态电池产业链的每一个关键环节。为什么这么多头部玩家都在用天石科丰的“粉末”？答案很简单：硫化物被公认为最具商业化潜力的固态电解质路线之一。而天石科丰，是目前国内少数能稳定批量供应高品质硫化物电解质粉体的企业。这背后是一个更大的产业逻辑：固态电池的竞争，归根结底是材料的竞争。谁掌握了上游关键材料的量产能力，谁就掌握了固态电池产业化的命脉。05资本用脚投票：元禾原点领投数千万元市场已经用真金白银投出了信任票。2026年5月6日，天石科丰宣布完成 数千万元pre-A轮融资 ，由 元禾原点 领投，天泓投资 跟投。融资资金将主要用于产品研发及百吨级产线落地。此前，公司已完成天使轮融资（萃英创投独家投资）和天使加轮融资（力合科创投资）。公司累计已完成 3轮融资 ，总额达数千万元。元禾原点是中国知名的早期科技投资机构，曾投资寒武纪、云从科技等明星项目。元禾原点选择在pre-A轮就重注天石科丰，释放的信号再明确不过——硫化物固态电解质的产业化拐点，已经到了。06一个万倍增量空间的市场天石科丰的野心不止于60吨。公司计划在青山开发区建 100亩地、9万平方米 的厂房。市场空间有多大？中国科学院院士欧阳明高将全固态电池技术分为三代， 2027年左右是第一代产品上市的关键节点。目前，全行业硫化物电解质年需求约 20吨 ，业内预计 2035年将达9.4万吨 ，对应市场 超千亿元 —— 一个万倍的增量空间。从20吨到9.4万吨，从千万元到千亿元——这不是一个线性增长的市场，这是一个指数级爆发的赛道。武汉已将固态电池攻关纳入 “尖刀”工程 ，东风汽车牵头成立湖北省固态电池产业技术创新联合体。07一场“粉末”革命回到最初的问题：固态电池的产业化，卡在哪里？答案不在电池厂，不在车企，而在上游材料——谁能批量造出高纯度、高一致性、低成本的固态电解质粉体，谁就能率先拿到固态电池时代的“入场券”。天石科丰的故事告诉我们：一个武汉副教授，被客户“逼”着走出实验室，用10年的积累，把一种灰色粉末从论文变成了产品，从公斤级做到了吨级，从60吨规划到了1000吨。60吨、200吨、1000吨——这不是三个数字，这是中国固态电池产业从实验室走向工厂的三个台阶。当全球都在争夺固态电池的制高点时，这家武汉公司用一袋袋灰色粉末，悄无声息地卡住了产业链最关键的节点。固态电池的“心脏”，正在武汉跳动。一个武汉副教授被客户“逼”成企业家，造出比电解液快2倍的“离子高速路”2026年8月，固态电池赛道炙手可热。,,,,pending
Nature | 所有硕博士都去学习这篇顶刊文章，打破传统，将成为常态！,AI赋能材料,AI赋能材料,"RIOnews API, 工具方法, model, 机器学习, AI, 学术研究, 大学, 期刊",normal,2026-08-25T10:00:00+08:00,,Ai赋能材料——————————————————近日，国际顶级期刊《Nature》刊发了一项关于酸性水电解催化剂的重要突破——通过真空介导的熔碱力化学法，成功合成出一种新型三方相二维层状四氧化三钴（Tri-Co₃O₄）。该材料打破了传统尖晶石Co₃O₄中“八面体活性位点+四面体惰性位点”共存的结构桎梏，实现了全八面体配位的活性位点构建，在酸性析氧反应（OER）中过电位低至269 mV，较传统尖晶石型Co₃O₄降低了181 mV，并在质子交换膜水电解器件中实现了超过1800 mA cm⁻²的电流密度。这项研究揭示了催化剂性能突破的核心在于原子尺度配位结构的精准调控——但一个根本性问题依然悬而未决,http://mp.weixin.qq.com/s?__biz=Mzg4OTc1MzY5Mw==&mid=2247510825&idx=1&sn=f3d14d62c72f81e3d4ec1ac1bfb63b53,,Ai赋能材料——————————————————近日，国际顶级期刊《Nature》刊发了一项关于酸性水电解催化剂的重要突破——通过真空介导的熔碱力化学法，成功合成出一种新型三方相二维层状四氧化三钴（Tri-Co₃O₄）。该材料打破了传统尖晶石Co₃O₄中“八面体活性位点+四面体惰性位点”共存的结构桎梏，实现了全八面体配位的活性位点构建，在酸性析氧反应（OER）中过电位低至269 mV，较传统尖晶石型Co₃O₄降低了181 mV，并在质子交换膜水电解器件中实现了超过1800 mA cm⁻²的电流密度。这项研究揭示了催化剂性能突破的核心在于原子尺度配位结构的精准调控——但一个根本性问题依然悬而未决,"Ai赋能材料——————————————————近日，国际顶级期刊《Nature》刊发了一项关于酸性水电解催化剂的重要突破——通过真空介导的熔碱力化学法，成功合成出一种新型三方相二维层状四氧化三钴（Tri-Co₃O₄）。该材料打破了传统尖晶石Co₃O₄中“八面体活性位点+四面体惰性位点”共存的结构桎梏，实现了全八面体配位的活性位点构建，在酸性析氧反应（OER）中过电位低至269 mV，较传统尖晶石型Co₃O₄降低了181 mV，并在质子交换膜水电解器件中实现了超过1800 mA cm⁻²的电流密度。这项研究揭示了催化剂性能突破的核心在于原子尺度配位结构的精准调控——但一个根本性问题依然悬而未决：如何从近乎无限的材料组成、晶体结构、合成参数与反应条件组合空间中，高效锁定最优的催化剂设计方案？传统电催化剂研发长期受困于“试错实验周期长”与“密度泛函理论（DFT）计算成本高”的双重瓶颈。研究者基于有限的文献经验、直觉判断与逐步实验探索，通过电化学测试与谱学表征来反复逼近性能最优解。然而，电催化剂的设计涉及元素种类、配位环境、电子结构、晶相、形貌、载体效应、界面工程等多维度参数，其化学空间高达10⁶⁰数量级——传统方法如同“大海捞针”，不仅耗时耗力，更难以捕捉那些隐藏在复杂非线性关系中的协同优化潜力。而机器学习（ML）的崛起，正在彻底颠覆这一研发范式，推动电催化剂设计从“经验驱动”向“数据驱动”的智能变革。ML被公认为继实验、理论和模拟之后的“第四科学研究范式”，它通过对海量DFT计算数据（如Open Catalyst Project等万级数据集）、文献报道数据、以及高通量实验数据的自监督学习与模式识别，能够构建覆盖数万种材料组合的“结构-描述符-性能”预测模型，摆脱对稀疏实验点的线性外推依赖，直接刻画那些“原子配位最复杂、界面耦合最深奥”区域的性能边界与反应机理。此外，ML具备强大的高维特征提取与多目标优化能力——例如在析氧/析氢/氧还原/二氧化碳还原等电催化体系中，它能同时解析d带中心、吸附能、配位数、溶解电位、颗粒尺寸与耐久性之间的复杂关联，结合主动学习、图神经网络与符号回归等先进算法，不仅能够预测催化活性，更能揭示“什么结构特征真正决定了性能”，从而直接锁定关键活性描述符与最优合成窗口，为下一代高活性、高稳定性、低成本的贵金属替代催化剂提供前所未有的加速引擎。参会对象高校师生：涉及材料科学与工程、电化学、催化化学、物理化学、计算材料学、人工智能与数据科学、能源化工等相关专业的教师、博硕研究生及高年级本科生。科研人员：从事电催化（OER/HER/ORR/CO₂RR）、电解水制氢、燃料电池、催化剂设计与合成、计算催化、机器学习辅助材料发现等领域的研究人员。企业技术与管理人员：来自氢能及电解槽企业（如隆基氢能、阳光氢能、中船派瑞）、燃料电池与膜电极公司、新能源材料企业、催化剂制造商及新能源咨询机构的技术研发与项目管理人才。如果你是正在寻求学术突破的硕士/博士研究生，正面临SCI选题迷茫、传统试错法效率低下、催化剂性能提升遭遇天花板、多因素耦合规律难以解耦的困境——那么，本课程正是为你量身定制的通关密钥！机器学习驱动电催化剂智能设计已成为Nature、Nature Catalysis、Joule、Advanced Materials、ACS Catalysis等顶刊高频收录的热点方向（近五年关于机器学习加速催化剂发现、活性预测与稳定性评估的论文呈爆发式增长）。掌握ML与电化学催化交叉研究范式，不仅能帮你高效融合DFT数据、实验表征与文献知识，构建高精度催化剂性能预测与筛选模型，更能大幅提升论文创新性与录用率，为毕业、申博、进入顶尖催化研究团队与头部氢能/新能源科技企业（如庄信万丰、优美科、宁德时代、比亚迪、隆基氢能、中科合成油等）增添硬核竞争力。2026热门专题课程专题一：机器学习催化剂设计专题二：人工智能锌离子电池与液流电池专题三：机器学习固态电解质专题四：机器学习锂离子电池专题一：机器学习催化剂设计课程目标1.课程将系统引导学员深入理解催化反应的核心原理，对CO2RR、HER、硫还原、甲烷C-H活化及光催化等典型体系建立更深刻的认识，同时全面剖析机器学习在催化与材料科学领域的应用背景与适用范畴。2.课程助力学员精准把握传统机器学习算法、深度学习算法与图深度学习算法的本质差异，熟练掌握python第三方库（NumPy、Pandas、scikit-learn、PyTorch、PyTorch Geometric、pymatgen、matminer等）的核心功能与应用技巧。通过系统学习与实践，学员将能够灵活运用线性模型、逻辑回归、K近邻、朴素贝叶斯、支持向量机、决策树、集成学习模型、深度神经网络及图卷积神经网络等算法模型深度融入科学研究场景，并掌握无监督学习、特征工程、符号回归与迁移学习等进阶方法。3.借助SHAP等机器学习可解释性分析方法，结合知识图谱与反应网络建模，深入挖掘数据背后的科学规律，精准阐释催化反应机制，实现数据驱动与理论解析的深度融合。4.课程聚焦深度学习与图深度学习在催化材料设计中的前沿应用，系统讲解DNN、RNN、CNN、LSTM及Transformer等深度网络的基础框架与核心原理，引导学员熟练掌握PyTorch编程实践，能够独立搭建并训练深度神经网络用于光催化剂筛选等实际课题。进一步深入图深度学习领域，涵盖图卷积神经网络（GCN）、图注意力网络（GAT）及CGCNN等经典模型的原理与代码实现，学员将学会使用PyTorch Geometric与networkx构建图数据结构、封装晶体特征，并结合知识图谱与反应网络建模，实现对催化反应路径与材料性能的精准预测，为面向复杂催化体系的智能化设计提供强有力的深度学习工具链。讲师介绍主讲老师来自全国重点大学、国家“985工程”、“211工程”重点高校，长期从事机器学习辅助电催化剂设计，在深度学习及图深度学习辅助的催化剂设计研究领域深耕多年，具有丰富的经验和扎实的基础。在多个顶级期刊上发表高水平研究论文70余篇。他的授课方式深入浅出，擅长将复杂的理论知识与计算方法转化为清晰易懂的内容，让学员轻松理解掌握。专题二：人工智能锌离子电池与液流电池课程目标1.系统引导学员建立人工智能与锌离子电池、液流电池材料研究的交叉知识体系，理解监督学习、无监督学习、集成学习、深度学习、图神经网络及大语言模型的核心原理，掌握不同算法在容量与电压预测、分子性质预测、晶体结构识别、材料筛选和文献知识挖掘等任务中的适用条件与局限。2.帮助学员掌握锌离子电池和液流电池材料数据的获取、清洗、表征与可信划分方法，能够使用Pandas、scikit-learn、RDKit、pymatgen和PyTorch完成特征工程、模型训练、交叉验证、超参数优化及SHAP解释；理解文献来源泄漏、分子骨架外推和晶体结构域偏移，避免仅依赖随机划分得到不可靠的高分模型。3.让学员掌握从传统模型到结构感知模型的递进式建模方法，能够运用随机森林和XGBoost分析正极容量及电极动力学，使用MLP、DNN和一维CNN处理材料表格、分子描述符及XRD谱图，并利用MolGAT、GCNN/CGCNN建立有机液流分子与锌电极性质预测模型，进一步构建晶体空隙、迁移通道和多性质串联筛选流程。4.掌握“数据—特征—模型—评价—筛选—知识组织”的完整研究流程，能够从锌离子电池与液流电池论文中结构化提取材料、性能和测试条件，构建材料知识图谱及RAG系统。课程案例均围绕可获取数据设计，使学员能够复用教学代码与固定数据集独立开展相关材料研究。讲师介绍主讲老师来自全国重点大学、国家“985工程”、“211工程”重点高校，长期从事机器学习辅助的材料设计与预测研究，帮助学员形成可复现、可解释且面向材料发现的人工智能研究能力。本课程聚焦机器学习、深度学习与大语言模型在锌离子电池和液流电池材料研究中的应用，围绕正极、负极界面、电解液、膜材料及有机液流活性分子等核心对象，制作案例。课程按照“材料数据—经典机器学习—无监督学习—分子表示—深度学习—图神经网络—材料筛选—知识图谱RAG”的技术路线组织理论与实操。专题三：机器学习固态电解质课程目标1. 理解锂离子电池固态电解质（SSE）的材料体系、关键性能指标、界面问题与当前研发瓶颈。2. 掌握从DFT、AIMD、经典MD和机器学习分子动力学中提取材料数据的方法，包括能量、力、应力、MSD、扩散系数、离子电导率、局域结构和界面反应信息。3. 掌握Python材料数据处理流程，能够使用Numpy、Pandas、Matplotlib/Seaborn、Pymatgen、ASE和Matminer构建固态电解质数据集。4. 掌握面向固态电解质的特征工程方法，包括组成特征、结构特征、RDF、配位环境、连续对称度量（CSM）、局域畸变和界面描述符。5. 能够使用Scikit-learn构建并评估离子电导率、扩散能力、界面稳定性等监督学习模型，并进行特征重要性和模型不确定性分析。6. 理解图神经网络与通用/领域专用机器学习势函数的基本思想，并能围绕CHGNet、MACE、DeePMD、DPA-SSE和MTP案例完成模型验证和结果解析。7. 学习最新论文中的应用路线：硫化物DPA-SSE预训练势、高熵LZSP双阶段筛选、Li2ZrCl6深度学习加速MD、Li|Li3PS4界面SEI形成、LiF/Li2CO3无定形SEI组分输运、Na4P2S7玻璃电解质MACE微调等。8. 通过连续练习完成一个小型端到端项目：数据整理→ 特征提取 → 模型训练 → 候选材料筛选 → 机理解释 → 汇报材料。讲师介绍主讲老师来自全国重点大学、国家“985工程”、“211工程""重点高校，长期从事固态电解质材料的第一性原理、分子动力学模拟研究，特别是在利用计算模拟方法和机器学习相结合来加速材料筛选，性能预测等方面有深入研究。他的授课方式浅显易懂，特别擅长从简单角度出发，逐渐深入讲解复杂的理论知识和计算方法!目前共发表论文（Nature Catalysis， Nature Communications， Energy & Environmental Science， Advanced Energy Materials等）共四十余篇。曾任Joule， Journal of Materials Chemstry A等期刊审稿人。专题四：机器学习锂离子电池课程目标1. 了解锂离子电池的基本原理与当前挑战，以及机器学习在电池材料与数据分析中的应用。掌握 Python 与 Jupyter Notebook 的语法、数据结构与函数，以及 NumPy、Pandas、Matplotlib 的基本用法；能够区分回归与分类，使用 Scikit-learn 完成训练、测试与基础评估，并在电极电压等数据上比较经典模型，开展聚类与降维分析。2. 掌握材料表格数据的特征工程，包括预处理、标准化与特征选择；能够从 Materials Project 获取材料与电池相关数据，并使用 pymatgen 解析、修改和导出晶体结构，为后续建模准备可复用的数据流程。3. 理解神经网络的基本结构、激活函数、损失函数、梯度下降与反向传播，能够使用 PyTorch 构建全连接网络，并掌握 L1/L2、Dropout 与常用优化器。在此基础上了解 CNN、GNN、Transformer、GAN 与 VAE，能够将晶体结构表示为图，使用 CGCNN、GAT 等模型进行材料性质与电极电压预测；能够在电池寿命与健康状态预测中应用 LSTM、GRU 等时序网络。4. 了解电池管理系统（BMS）的功能与组成，理解 SOC、SOH、SOE、SOP、RUL 等状态含义，掌握物理模型与机器学习融合的状态估计思路，能够开展充放电策略优化以及 SOC/SOH/寿命的可信预测与部署设计；并能够使用大语言模型完成电池文献的结构化提取、检索问答与辅助调参。讲师介绍来自全国重点大学、国家""985工程""、""211工程""重点高校，长期从事锂离子电池研究，特别是在利用计算模拟方法和机器学习技术解决锂离子电池领域的关键问题。在多个国际高水平期刊上发表 SCI 检索论文 30 余篇。授课方式深入浅出，能够将复杂的理论知识和计算方法讲解得清晰易懂。PART 01机器学习催化剂设计第一天上午理论内容（约1小时）：1.机器学习概述2.材料与化学中的常见机器学习方法3.应用前沿实操内容（约1.5小时）1.Python基础：变量和数据类型，列表，字典，if语句，循环，函数2.Python科学数据处理：NumPy，Pandas，Matplotlib案例：随着AI for Science时代的到来，机器学习正以迅猛的速度渗透到各个学科领域。本次培训将系统讲解Anaconda从下载、安装到环境配置的完整流程，无论你是数据科学入门新手还是进阶学习者，都能借此熟练掌握Anaconda的核心操作要点，轻松搭建起规范的编程开发环境，为后续的Python编程、数据分析与科研计算工作打下坚实基础。第一天下午 理论内容（约1小时）：1.sklearn基础介绍2.线性回归原理和正则化实操内容（约2小时）1. 线性回归方法的实现与初步应用2. L1和L2正则项的使用方法3. 线性回归用于硫还原电催化剂的筛选4. 机器学习方法用于高活性聚乙烯催化剂的理性设计5. pymatgen获取Material Project数据库中的结构案例：高活性聚乙烯催化剂的理性设计是烯烃聚合领域的重要目标之一，但由于广阔化学空间中复杂的结构-条件-活性关系，建立系统的催化剂设计原则一直具有挑战性。基于实验数据集、可解释机器学习（GBR与SHAP分析）、大规模结构生成与高通量筛选，建立了一条从实验数据到可操作催化剂设计的数据驱动框架，并揭示了受Sabatier原理控制的火山型温度依赖规律及依赖金属的分子设计规则。第二天上午理论内容（约1小时）：1. 逻辑回归1.1原理1.2 使用方法2. K近邻方法（KNN）2.1 KNN分类原理2.2 KNN分类应用3. 神经网络方法的原理3.1 神经网络原理3.2神经网络分类3.3神经网络回归实操内容（约1.5小时）1.逻辑回归的实现与初步应用2.KNN方法的实现与初步应用3.神经网络实现4.机器学习模SISSO预测双金属催化剂催化效率案例：氮掺杂石墨烯负载的双金属位点催化剂（DMSCs）由于其独特的性能和更高的效率，在多相催化中显示出巨大的潜力。然而金属二聚体的精确控制和稳定，特别是在氧活化反应中的精确控制和稳定，给实际应用带来了巨大的挑战。通过应用SISSO方法可以推导出可解释的符号回归模型，揭示电子结构特征和催化效率之间的关键关联。该方法不仅促进了对双金属位点催化的理解，而且为高效催化剂的系统设计和优化提供了一个新的框架，在催化科学中具有广泛的适用性。第二天下午项目实操(约2.5-3小时)：1.基于多元迁移学习方法预测二氧化碳还原电催化剂2.基于matminer生成结构特征这两个实操项目同时穿插讲解如下内容A1 机器学习材料与化学应用的典型步骤A1.1 数据采集和清洗A1.2 特征选择和模型选择A1.3 模型训练和测试A1.4 模型性能评估和优化案例：在复杂的异质系统中，数据驱动的催化剂发现因动力学数据匮乏以及传统线性缩放关系因局部配位环境多样性而失效。以甲烷C-H活化为例，MS-TL框架将初始、过渡和终态对应的热力学描述符作为源域，实现多维热力学知识的深度融合，同时保留局部结构信息。通过提出一种温度屏障复合动力学描述符，能够定量地将微观理论计算与宏观实验中的甲烷氧化速率联系起来，为在真实操作条件下进行催化剂设计建立了一个基于数据的新范式。第三天上午理论内容（约1小时）：1．决策树1.1决策树的原理1.2决策树分类2．集成学习方法2.1集成学习原理2.2随机森林2.3Bosting方法3．朴素贝叶斯概率3.1原理解析3.2模型应用4. 支持向量机4.1分类原理4.2核函数实操内容（约1.5小时）1.决策树的实现和应用2.随机森林的实现和应用3.朴素贝叶斯的实现和应用4.支持向量机的实现和应用案例：集成学习凭借多模型的层级组合与融合策略，在提升模型整体性能上展现出显著优势。在数据挖掘场景中，面对规模庞大、结构复杂的数据，单一模型往往难以全面捕捉数据中蕴含的多维特征。集成学习则通过聚合多个弱学习器的能力，先让各基础模型从不同视角对数据进行挖掘学习，再通过加权融合等方式整合各模型的输出结果，从而实现对机器学习结果更为全面与深入的解析。第三天下午项目实操（约2.5-3小时）1.机器学习加速设计新型过渡金属氮化物2.SHAP机器学习可解释性分析3.这两个实操项目同时穿插讲解如下内容A1 模型性能的评估方法A1.1 交叉验证：评估估计器的性能A1.2 分类性能评估A1.3 回归性能评估案例：富氮型氮化铁（FeNx）是一类具有代表性的过渡金属氮化物，因其具有多聚氮基序和优异的机械和能性而受到广泛关注。通过机器学习集成的DFT+U （DFT+UML）方法，以捕获Hubbard效应，并系统地探索FeNx （x = 1、2、4、6、8或10）系统。发现P21/c-FeN4相在0 GPa下保持稳定，在能量和力学性能上都优于传统链状FeNx材料，显示出极强的应用潜力，为设计富氮含能材料和指导高压合成提供了新的策略。第四天上午理论内容（约1小时）：1. 无监督学习2.1 什么是无监督学习2.2 无监督算法——聚类2.3 无监督算法——降维2. 材料与化学数据的特征工程2.1分子结构表示2.2 独热编码实操内容（约1.5小时）1.K-means聚类用于鸢尾花数据集实现和应用2.T-SNE、PCA实现多维结构物理空间信息表示3.层次聚类的实现和应用案例：无监督学习是从无标签数据中挖掘模式与结构，t-SNE作为其重要降维工具，专注于保留高维数据点间局部结构。t-SNE 作为无监督降维工具，通过保留高维数据点间的局部相似性，将这些难以直观理解的高维特征映射到二维平面上，使原本抽象的“材料物理空间”变得可视化、可解释课程将深入讲解t-SNE核心原理。还会进行代码实操，涵盖数据加载、参数调优、降维及可视化等环节，让学员熟练掌握t-SNE在不同场景的应用，助力探索数据潜在结构与模式。第四天下午理论内容(约1小时)：1.深度学习理论基础2.DNN、RNN、CNN、LSTM及Transformer基础框架介绍实操内容（约1.5小时）1. torch基础练习2. 应用RNN、CNN、LSTM模型筛选光催化剂案例：近年来，结合高通量（HT）和机器学习（ML）的策略以加速有前途的新材料的发现已经引起了人们的极大关注。因此，可以设计一种直观的方法，通过数据库并结合深度学习模型，并将它们与HT方法耦合，以寻找高效的材料。因此，通过更加深度的理解结果和光催化剂载流子弛豫动力学尤为重要。通过利用机器学习方法，不仅可以揭示光生载流子的激发、迁移、复合及弛豫的微观机制，还能从海量动力学轨迹中提取关键描述符，建立“结构-动力学-性能”之间的定量映射关系，从而为高通量筛选与理性设计高效光催化材料提供坚实的理论依据与预测指导。第五天上午理论内容(约1小时)：1. 图深度学习理论基础介绍2. 图网络进阶知识详解3. 图深度学习应用实例OC20、HER电催化剂开发挑战（ACS Catalysis）实操内容（约1.5小时）1. PyTorch Geometric基础代码介绍2. networkx用于图结构构建及可视化3. PyTorch Geometric封装图数据结构4. PyTorch Geometric搭建图卷积神经网络、图注意力网络并训练模型案例：近年来，在晶体性能预测领域，图神经网络（GNN）模型取得了充分的发展。GNN 模型可以有效地从晶体结构中捕捉高维晶体特征，从而在性能预测中获得最佳性能。与此同时，知识图谱技术被广泛引入材料科学领域，用于结构化地存储与关联晶体组分、合成路径、实验条件与性能数据，为模型训练提供了丰富的先验知识与跨尺度语义关联；而反应网络则将晶体形成与演化过程中的中间态、反应路径及能量壁垒以图的形式进行建模，进一步拓展了图结构数据的表征边界。指导学员搭建图深度学习开发环境，以顺利构建涵盖晶体结构、知识图谱与反应网络的多源图结构数据，并进行机器学习训练，具有重要的实践意义。第五天下午项目实操（约2.5-3小时）1.图神经网络模型基本概述及CGCNN代码深度解读应用2.基于图论构建反应网络用于光辅助锂硫电池最优路径发现3.机器学习用于高性能水氧化制备过氧化氢及可解释分析4.neo4j构建光辅助锂硫电池反应网络5.知识图谱建模高熵材料属性案例：光充电电池的快速发展是由对太阳能高效利用的需求驱动的，而光辅助锂硫电池由于其优异的充放电性能，成为下一代高能量密度系统的有力竞争者。光电催化的协同作用抑制了穿梭效应，加速了16电子硫还原反应，使反应途径的确定成为光电催化的核心挑战。通过多尺度机器学习揭示活性位点和光催化机理对改进工艺具有重要意义。本此培训以指导学员依据反应中间体，建立图反应网络结构以揭示反应机理。PART 02人工智能锌离子电池与液流电池第一天上午理论内容锌离子电池与液流电池材料数据基础：实验数据、文献数据、DFT数据与机器学习标签正极、负极、电解液、膜和活性分子的常见数据形式机器学习基本流程：数据清洗、特征构建与训练测试集划分回归、分类及常用评价方法材料数据中的信息泄漏：按文献来源、分子骨架和晶体结构原型划分数据实操：掺杂MnO₂正极容量数据的清洗、统计与可视化SOMAS有机液流电池分子溶解度数据的整理与分析，为液流电池活性分子溶解度预测提供数据基础Materials Project高电压锌离子电池正极数据的筛选与可视化第一天下午理论内容材料表格数据的机器学习流程：数值特征、类别特征与分子指纹Pipeline、交叉验证与超参数优化随机森林、XGBoost和支持向量机SHAP特征解释及其物理意义按文献来源、电极组合和分子骨架进行外推测试项目实操（约2.5—3小时）：基于随机森林和XGBoost预测掺杂MnO₂正极放电容量基于GITT扩散系数和XGBoost建立锌电池正负极动力学匹配模型基于随机森林联合预测醌类分子的还原电位和pKa第二天上午理论内容有机液流电池活性分子的结构表示：SMILES、Morgan指纹与分子描述符；醌类、氮杂芳香分子与氧化还原反应对分子性质预测；氧化还原反应能和水溶解度；随机划分、骨架划分与域外测试多目标材料评价：电位、溶解度、稳定性和可合成性的权衡实操内容RedDB分子数据清洗、SMILES规范化和分子指纹生成RedPred有机液流电池反应能预测及域外误差分析SOMAS实验水溶解度回归及模型适用域分析第二天下午理论内容深度学习基础：神经元、激活函数与损失函数前向传播、反向传播与梯度下降PyTorch数据集、训练循环与早停材料深度学习模型：表格数据多层感知机分子描述符深度神经网络一维卷积神经网络与XRD谱图数据增强与模拟—实验域偏移项目实操1. 使用NumPy手写多层感知机预测MnO₂正极容量2. 使用PyTorch构建深度神经网络预测有机液流分子反应能3. 使用一维卷积神经网络识别锌离子电池正极XRD晶体对称性第三天上午理论内容图神经网络基础：节点、边、邻接关系与消息传递GCN、GAT与Graph Transformer材料图表示：SMILES到分子图CIF到周期性晶体图迁移学习：大规模锂电数据预训练小规模锌电数据微调实操内容案例：通过带边特征的图注意力网络预测氧化还原电位，并对大规模有机分子库进行虚拟筛选。多价电池电压研究利用锂电极数据预训练，再迁移到Zn、Mg、Ca和Al等小样本体系，显著降低多价离子电极电压预测难度。探索图卷积网络、深度神经网络和随机森林的训练数据与实现，在同一域内和域外测试集上比较不同材料表示。第三天下午理论内容材料筛选与优化：晶体空隙、贯通路径与结构描述符多目标筛选与阈值敏感性串联模型、规则过滤与候选排序计算候选、可合成性与实验验证的区别项目实操1",,,,pending
华熔科技：煤基硬碳首效已可达90%,高工钠电,高工钠电,"RIOnews API, 钠离子电池, 钠电, 量产推进, 产能, 扩产, 储能, 出货, GWh, 海外, 实验室, 样品, 量产, 落地",normal,2026-08-25T09:47:28+08:00,,不把鸡蛋放在同一个篮子里钠电产业向前奔跑的过程中，硬碳负极是绕不开的核心环节。当行业大量实验室样品跑出亮眼数据，不少企业开始向万吨级产线冲刺，真正的产业化矛盾，也慢慢从“能不能做出来”转向“能不能稳定、低成本大批量做出来”。在2026高工钠电峰会上，华熔科技研发总监唐瑞博士分享了硬碳产业化的现实思考。华熔科技本身就在碳材料领域沉淀多年，业务横跨燃料电池、半导体石墨部件等多个赛道，钠电硬碳负极，是其切入新能源赛道的重要落点。在唐瑞看来，如今硬碳行业虽然研究成果众多，但产业落地依旧横亘着几重现实枷锁，并没有到完全水到渠成的阶段。机理与原料：硬碳量产面前的两道坎首当其冲的便是机理与工程之间的鸿沟。硬,http://mp.weixin.qq.com/s?__biz=MzIwMDkyMDg2Mg==&mid=2247501872&idx=1&sn=9a1871f3b11bb959e8cb8608080cd57b,,不把鸡蛋放在同一个篮子里钠电产业向前奔跑的过程中，硬碳负极是绕不开的核心环节。当行业大量实验室样品跑出亮眼数据，不少企业开始向万吨级产线冲刺，真正的产业化矛盾，也慢慢从“能不能做出来”转向“能不能稳定、低成本大批量做出来”。在2026高工钠电峰会上，华熔科技研发总监唐瑞博士分享了硬碳产业化的现实思考。华熔科技本身就在碳材料领域沉淀多年，业务横跨燃料电池、半导体石墨部件等多个赛道，钠电硬碳负极，是其切入新能源赛道的重要落点。在唐瑞看来，如今硬碳行业虽然研究成果众多，但产业落地依旧横亘着几重现实枷锁，并没有到完全水到渠成的阶段。机理与原料：硬碳量产面前的两道坎首当其冲的便是机理与工程之间的鸿沟。硬,不把鸡蛋放在同一个篮子里钠电产业向前奔跑的过程中，硬碳负极是绕不开的核心环节。当行业大量实验室样品跑出亮眼数据，不少企业开始向万吨级产线冲刺，真正的产业化矛盾，也慢慢从“能不能做出来”转向“能不能稳定、低成本大批量做出来”。在2026高工钠电峰会上，华熔科技研发总监唐瑞博士分享了硬碳产业化的现实思考。华熔科技本身就在碳材料领域沉淀多年，业务横跨燃料电池、半导体石墨部件等多个赛道，钠电硬碳负极，是其切入新能源赛道的重要落点。在唐瑞看来，如今硬碳行业虽然研究成果众多，但产业落地依旧横亘着几重现实枷锁，并没有到完全水到渠成的阶段。机理与原料：硬碳量产面前的两道坎首当其冲的便是机理与工程之间的鸿沟。硬碳内部储钠的电化学模型十分复杂，多种多样的储钠机制交织在一起。落到企业实际生产当中，最大的难题在于，行业还很难建立起微观结构、储钠机理和电化学性能之间可定量的对应关系。这就意味着，材料厂商很难做到定向设计硬碳结构。面对下游电芯厂各式各样的定制需求，企业更多依靠反复试错，而非精准推演，这给硬碳的定制化供货埋下了不确定性。比机理更现实的，是上游原料端的乱象。这也是行业已经反复感知到的痛点。早期不少企业以椰壳作为硬碳前驱体，随着供需变化，椰壳价格持续走高，市场便开始涌向更多备选原料。生物质、树脂、煤基、沥青，五花八门的路线纷纷登场，硬碳的原料池始终没有完成收敛。即便是锁定生物质这一大方向，不同品类原料的性能表现也千差万别。到现在，行业依旧没有形成一套清晰统一的原料筛选标准。摆在硬碳厂商面前的难题十分直白：到底哪一种前驱体，才适配未来数十万吨级的大规模产业。没有标准答案的情况下，多数企业面对扩产都会保持谨慎。原料的不确定性，又进一步传导至成本端，成为整个钠电降本路上的一块绊脚石。就算选对了原料，材料本身的先天特性同样带来挑战。硬碳属于无序碳材料，表面遍布大量缺陷，想要在循环过程中生成一层均匀稳定的SEI膜并不容易。充放电过程中，容易发生副反应，出现产气、界面膜持续增厚等问题。唐瑞认为，面向真正的大规模产业化，行业还需要把硬碳储钠机制、原料选型、制备工艺彻底梳理透彻，上游材料企业才有能力持续给下游输出稳定可靠的产品。多矩阵产品，应对下游市场的差异化需求基于对产业痛点的理解，华熔科技选择用多产品矩阵来应对市场的多元化需求。其已经落地四款差异化硬碳产品，针对不同场景平衡容量、压实、成本三者的关系。M240作为煤基路线的基础版本，主打成本优势，压实密度0.91.0g/cm³，克容量250mAh/g，瞄准两三轮车、汽车启停、消费电子；迭代升级的M270同样沿用煤基原料，把克容量提升至270mAh/g，保留高压实与良好的低温倍率表现。面向更高端的需求，化石基前驱体路线的LO300主打长寿命与安全性，克容量达到300mAh/g，适配储能以及高端低速车市场。而作为明星产品的LO300+进一步实现压实突破，压实密度做到1.1g/cm³，克容量来到310mAh/g，1C容量保持率可达89.2%。不同参数定位的产品并行，也是在原料尚未收敛的大环境下，适配下游多样化需求的一种现实解法。除钠电硬碳之外，华熔科技业务还覆盖氢燃料电池石墨双极板、PCVD石墨坩埚等高端碳制品，部分产品已经实现海外出货。研发端，华熔科技搭建起浙江省企业研究院与博士工作站，百人规模的研发团队中硕博占比较高，汇聚国家级、省级多层次人才；累计研发投入过亿，和多所高校建立联合研发中心，手握一百二十余项发明专利，深度参与十余项标准制定。面向大规模制造：供应链、装备与工艺的长期攻坚不过手握成熟产品与研发资源，并不代表硬碳产业化的难题就此消解。站在当前节点，唐瑞也道出企业接下来要攻坚的方向。原料端会继续做多前驱体路线探索，不会把全部赌注押在单一原料之上，以此守住供应链安全，试图从中筛选出真正适合大规模放量的方案。生产制造上，硬碳工艺流程长、能耗高，一致性管控难度大，企业计划联动装备厂商，开发针对性专用设备，提升整套产线的连续性。品控同样是重中之重。前驱体的波动会直接传导到成品性能，华熔希望把品控关口向前迁移，从前驱体阶段就建立完整管控链条，解决量产状态下性能波动的老问题。另外，实验室已经验证效果的预钠化技术，能够将硬碳的有效首效提升至90%以上，但工艺复杂，如何改造出一套高效可控、可以嵌入现有产线的落地方案，也是企业接下来需要啃下的硬骨头。整个硬碳赛道，正处在实验室技术向大工业制造迁移的关键阶段。很多时候，限制行业发展的不只是实验室的性能上限，而是原料收敛、装备工艺、全流程品控这些容易被忽略的工程命题。对于上游材料厂商而言，单一一款高性能样品远远不够，只有把机理认知、原料选择、制造工艺串联起来，才能真正接住钠电规模化爆发带来的市场机会。声明：本文章属高工钠电原创，转载请注明出处。商业转载请联系（微信号：zhaochong1213）获得授权。往期精彩■ 跨界钠电四年累亏超6亿元，键盘龙头欲转“代工”盘活4.5GWh产能■ 钠电消费税“AB”面■ 中石化钠电版图“成势”【高工钠电】不把鸡蛋放在同一个篮子里,,,,pending
富锂层状氧化物正极新突破！厦门大学彭栋梁教授通过设计SODA梯度界面，实现电池宽温域（-15℃~55℃）循环稳定性,智锂魔方,智锂魔方,"RIOnews API, 前沿表征, 原位, 学术研究, 大学, 教授, 期刊",normal,2026-08-25T09:47:15+08:00,,富锂层状氧化物正极具有300mAh/g的高理论容量，是下一代高能量密度锂离子电池的核心候选。但它有个致命短板：一是低温跑不动，二是到了高温又容易坏，始终没法适配全气候场景。近期厦门大学彭栋梁教授团队发表在《Advanced Functional Materials》期刊上的一项研究，用一套全新的梯度界面设计，给这类正极穿上了防护衣，打通了它的宽温应用通路。SODA梯度界面研究团队创新设计了“有序-无序-非晶”渐变的SODA梯度界面，还同步引入了阳离子空位缺陷。整个制备分两步：先用EDTA-2Na水溶液处理正极，利用络合作用溶出少量过渡金属，提前造出阳离子空位，顺便除掉表面残留的LiOH、Li₂,http://mp.weixin.qq.com/s?__biz=Mzk4ODU2ODU5OA==&mid=2247498754&idx=1&sn=e2e1168a897e5c90e87f747458933b9a,,富锂层状氧化物正极具有300mAh/g的高理论容量，是下一代高能量密度锂离子电池的核心候选。但它有个致命短板：一是低温跑不动，二是到了高温又容易坏，始终没法适配全气候场景。近期厦门大学彭栋梁教授团队发表在《Advanced Functional Materials》期刊上的一项研究，用一套全新的梯度界面设计，给这类正极穿上了防护衣，打通了它的宽温应用通路。SODA梯度界面研究团队创新设计了“有序-无序-非晶”渐变的SODA梯度界面，还同步引入了阳离子空位缺陷。整个制备分两步：先用EDTA-2Na水溶液处理正极，利用络合作用溶出少量过渡金属，提前造出阳离子空位，顺便除掉表面残留的LiOH、Li₂,"富锂层状氧化物正极具有300mAh/g的高理论容量，是下一代高能量密度锂离子电池的核心候选。但它有个致命短板：一是低温跑不动，二是到了高温又容易坏，始终没法适配全气候场景。近期厦门大学彭栋梁教授团队发表在《Advanced Functional Materials》期刊上的一项研究，用一套全新的梯度界面设计，给这类正极穿上了防护衣，打通了它的宽温应用通路。SODA梯度界面研究团队创新设计了“有序-无序-非晶”渐变的SODA梯度界面，还同步引入了阳离子空位缺陷。整个制备分两步：先用EDTA-2Na水溶液处理正极，利用络合作用溶出少量过渡金属，提前造出阳离子空位，顺便除掉表面残留的LiOH、Li₂CO₃；再通过原子层沉积（ALD）技术，让气相前驱体顺着正极的多孔结构钻到颗粒内部，在所有一次、二次颗粒表面共形生长出一层约2nm的非晶Zr-O层，同时高温ALD环境会驱动预制的阳离子空位，让表面原位生成层状-尖晶石/岩盐共生结构。最终整个界面从内到外实现平滑过渡：内层是有序的层状体相，中间是无序的尖晶石/岩盐相，最外层是致密的非晶Zr-O层，完全没有传统包覆的“界面脱节”问题。多尺度表征透射电镜（TEM）和高角环形暗场扫描透射电镜（HAADF-STEM）直接观测到，改性后的VALR样品近表面存在尖晶石/岩盐相，最外层包裹着均匀的2nm厚非晶Zr-O层；拉曼光谱中650cm⁻¹处的特征峰，进一步佐证了尖晶石相的成功生成；飞行时间二次离子质谱（TOF-SIMS）显示，代表Zr-O层的ZrO⁻信号从颗粒表面一直延伸到体相，和本征的MnO⁻、LiO⁻信号分布完全匹配；X射线光电子能谱（XPS）在样品表面刻蚀50nm后仍能检测到Zr信号，说明ALD前驱体确实渗透到了颗粒内部，不是仅在表面浮着一层。此外，电子顺磁共振（EPR）信号较未改性样品明显增强，证实了阳离子空位的存在；X射线衍射（XRD）精修结果显示VALR的晶胞参数略有增大，I(003)/I(104)强度比降低，对应阳离子混排程度提升，和原位结构重构的结论完全吻合。梯度结构如何锁住结构稳定性？原位测试直观展现了梯度结构的锚定作用：原位XRD跟踪充放电过程发现，未改性的PRLR和仅预处理的CVLR，其(003)晶面的衍射峰偏移幅度很大，说明晶格胀缩带来的应力积累严重；而VALR的峰偏移幅度极小，证明尖晶石/岩盐共生结构像“锚点”一样固定住了层状骨架，大幅缓冲了应变。差分电化学质谱（DEMS）的结果：CVLR的不可逆氧析出仅比PRLR略低，而VALR的O₂和CO₂释放量都被显著压制——前者源于尖晶石相对应变的缓解，后者得益于致密非晶Zr-O层对电解液侵蚀的阻隔。循环500圈后的表征更能体现结构优势：拉曼光谱中对应层状相的597cm⁻¹特征峰，在PRLR和CVLR中已经几乎消失，VALR中仍然清晰可见；高分辨TEM显示VALR近表面仍保留清晰的层状(003)晶面，而另外两个样品的表面已经全部转变为尖晶石的(222)、(311)晶面；XRD的I(003)/I(104)强度比也是VALR最高，说明其层状结构保留最完整。缺陷与相结构协同提速锂离子传输梯度结构并没有牺牲动力学性能，反而实现了传输效率的提升。电化学阻抗谱（EIS）和弛豫时间分布（DRT）分析显示，充电电压低于4.7V时，CVLR的电荷转移阻抗比PRLR小，这是阳离子空位的功劳；VALR的电荷转移阻抗稍大，因为惰性的Zr-O层和岩盐相对锂离子传输有一定阻挡。但循环过程中，VALR的电荷转移阻抗上升幅度远小于另外两个样品，而且全电压区间的CEI膜阻抗都是最低的——因为梯度结构抑制了界面副反应，生成的钝化层更薄、更均匀。恒电流间歇滴定（GITT）的结果更有意思：首次充电时，VALR的锂离子扩散系数确实略低，但首次放电以及后续循环中，它的扩散系数反超了PRLR和CVLR。XPS对循环后CEI膜的分析也印证了这一点：VALR表面的钝化层薄且均匀，其中LiF的相对含量更高，而LiF是公认的锂离子良导体，能进一步降低界面传输阻力。宽温域性能的提升30℃常温下，VALR的首圈0.2C放电容量达到286mAh/g，首效90%，远超CVLR的283mAh/g（85%）和PRLR的278mAh/g（84%）；1C循环500圈后，容量和电压保持率都达到89%，而CVLR仅为73%，PRLR为75%；5C高倍率下仍能放出200mAh/g的容量。宽温性能的提升：-15℃低温下0.5C循环700圈，VALR仍能保持137mAh/g的容量，对应能量密度440Wh/kg，而CVLR仅有95mAh/g，PRLR更是只有79mAh/g；55℃高温下1C循环100圈，VALR的容量保持率为84%，而另外两个样品分别只有73%和71%。针对实用化需求的高载量测试也表现优异：载量提升到6mg/cm²的VALR-HAL，0.5C循环100圈后容量仍有250mAh/g，能量密度819Wh/kg。搭配石墨负极组装的全电池同样亮眼：1C循环250圈后容量保持率达93%，平均放电电压2.99V，能量密度671Wh/kg。文献信息：Title: Structurally Order-Disorder-Amorphous Gradient Interface Toward Extended-Temperature-Range Li-Rich Layered CathodesAuthor: Saichao Li, Hongfei Zheng, Dong-Liang Peng*, .et al.DOI: 10.1002/adfm.77320我是锂科生，将持续为大家分享锂电相关的知识和信息。如果喜欢，还请顺手点个关注和转发，也可在下方留言讨论，不胜感激。***声明***：本文基于公开学术成果及行业数据整理，实验数据和图片均引自文献，如有侵权，请联系公众号客服删除。富锂层状氧化物正极新突破！厦门大学彭栋梁教授通过设计SODA梯度界面，实现电池宽温域（-15℃~55℃）循环稳定性",,,,pending
固态九点半丨清陶能源旗下Xenergy完成超1亿美元B轮融资；我国牵头全球首个固态电池国标正式立项,起点固态电池,起点固态电池,"RIOnews API, 固态电池, 硫化物电解质, 半固态, 全固态, 产品发布, 发布, 发布会, 官宣, 合作进展, 融资, 合作",normal,2026-08-25T09:44:35+08:00,,倒计时3天 2026起点户储电池生态大会暨全球户储电池TOP排行榜发布会会议主题：创新引领 供需重构主办单位：起点锂电、起点储能、起点研究会议时间：2026年8月28日会议地点：深圳宝安登喜路国际酒店2楼国际厅协办单位：远航锦锂、上海前沿新能源电源技术研究院演讲及赞助单位名单：远航锦锂/瑞浦兰钧/赣锋锂电/古瑞瓦特/比克电池/Zoho/卡诺普/钹鑫科技/川源科技/亿鑫丰/智慧动锂/欣闪智能/启瑞达物流/约跃时代/瑞能股份等活动咨询：邱先生 ***********8月25日（星期二）固态电池九点半行业早新闻：1.天赐材料百吨级硫化锂及硫化物固态电解质中试线已建成，计划2026年三季度进入试生产，,http://mp.weixin.qq.com/s?__biz=MzU3MzMxNDI5Ng==&mid=2247499325&idx=1&sn=027099d185ccec42c792701bac5ed67c,,倒计时3天 2026起点户储电池生态大会暨全球户储电池TOP排行榜发布会会议主题：创新引领 供需重构主办单位：起点锂电、起点储能、起点研究会议时间：2026年8月28日会议地点：深圳宝安登喜路国际酒店2楼国际厅协办单位：远航锦锂、上海前沿新能源电源技术研究院演讲及赞助单位名单：远航锦锂/瑞浦兰钧/赣锋锂电/古瑞瓦特/比克电池/Zoho/卡诺普/钹鑫科技/川源科技/亿鑫丰/智慧动锂/欣闪智能/启瑞达物流/约跃时代/瑞能股份等活动咨询：邱先生 ***********8月25日（星期二）固态电池九点半行业早新闻：1.天赐材料百吨级硫化锂及硫化物固态电解质中试线已建成，计划2026年三季度进入试生产，,倒计时3天 2026起点户储电池生态大会暨全球户储电池TOP排行榜发布会会议主题：创新引领 供需重构主办单位：起点锂电、起点储能、起点研究会议时间：2026年8月28日会议地点：深圳宝安登喜路国际酒店2楼国际厅协办单位：远航锦锂、上海前沿新能源电源技术研究院演讲及赞助单位名单：远航锦锂/瑞浦兰钧/赣锋锂电/古瑞瓦特/比克电池/Zoho/卡诺普/钹鑫科技/川源科技/亿鑫丰/智慧动锂/欣闪智能/启瑞达物流/约跃时代/瑞能股份等活动咨询：邱先生 ***********8月25日（星期二）固态电池九点半行业早新闻：1.天赐材料百吨级硫化锂及硫化物固态电解质中试线已建成，计划2026年三季度进入试生产，将根据下游产业化进度输出固态电池材料综合解决方案；同步3.5万吨六氟磷酸锂技改产线完工，待订单释放。2.我国牵头的全球首个固态电池国际标准《电动汽车驱动用二次锂离子电池 固态电池应用指南、测试项目及条件》于IEC正式立项，法、韩、日多国专家参与，统一固态电池定义、测试规范，结束概念乱象。3. A股市场受国际标准立项消息催化，固态电池板块早盘异动拉升，天力锂能、上海洗霸、金龙羽、德新科技涨停，圣阳股份、德尔股份、赢合科技等个股跟涨。4. 先导智能全固态电池整线设备方案持续拿到头部企业重复订单；亿纬锂能固态电池研究院成都基地持续迭代全固态电芯，重点攻克电芯工作压力控制难题。5.LG 新能源北美总裁公开表态，全固态电池大尺寸车载电芯规模化制造仍存较大难点；判断固态电池或先小规模应用于消费电子，车载大规模落地预计比消费电子晚约10年；公司内部全固态电池商业化目标指向2029年，并行布局石墨基固态与锂金属固态两条路线。6.Solid Power推进韩国合资硫化物电解质基地规划，初期500吨产能，远期最大规划2万吨/年；计划2026年内官宣合作方，2027年启动建设，2028年对外供货，匹配2029‑2030车载固态小批量SOP需求；美国本土SP2.5连续流产线预计2026年底‑2027年初投产。7.Factorial Energy与SK On 评估 FEST 固态电池技术复用现有锂电产线可行性，若验证通过可减少新建专属工厂投入，加速固态电池量产落地。8.清陶能源旗下Xenergy完成超1亿美元B轮融资，资金主要用于锂金属固态电池量产交付、研发团队扩充，新增3GWh锂金属负极体系固态电池产线，计划 2026年末‑2027年初逐步投产。杭州基地一期2GWh产线已投产，面向无人机、两轮电摩市场，电芯最高能量密度480Wh/kg；7个月累计出货超1000万颗电芯，为全球公开为数不多实现千万级连续量产的锂金属电池产线。9.嘉元科技战略入股深圳锂硅新材，布局超薄金属锂负极材料赛道；深圳锂硅新材锂金属负极已实现小批量对外供货，适配半固态、全固态电池；公司同步开发三维拓扑铜箔等集流体，解决金属锂负极析锂、界面接触难题，匹配锂金属负极的基底需求。10.赣锋锂业官宣与Lithium Argentina完成阿根廷PPG盐湖项目合资落地，赣锋出资1.8亿美元，持股67%并主导运营，分三期规划合计15万吨LCE产能，保障金属锂负极上游金属锂原料供给；项目主体交割预计2026年9月完成，稳定供应超薄锂箔、锂合金负极原料。全球固态电池群04-码上入群点击阅读原文，即可报名参展！,,,,pending
钠电九点半 |维科技术/同兴科技/国轩高科披露上半年钠电布局进展；广东5GWh钠电项目新进展；华钠芯现有钠电产能1GWh,起点钠电,起点钠电,"RIOnews API, 钠离子电池, 钠电, 钠电正极, 产品发布, 发布, 发布会, 量产推进, 批量交付, 产能",normal,2026-08-25T09:35:58+08:00,,倒计时3天2026第十一届起点钠电论坛暨全球钠电TOP排行榜发布会活动主题：全链路突破 规模化质变主办单位：起点研究、起点钠电举办时间：2026年8月28日举办地点：深圳宝安登喜路国际酒店2楼国际厅活动规模：500 + 第一批演讲及赞助单位：天能钠电、隐功科技、同兴皓升、晟钠新能、科迈罗、纳甘新能源 、华阳集团、鑫钠新材料、钠科能源、茹天科技、希倍动力、兆瑞新能源、九续钠电、扬广科技、禾电科技、金钠科技、川源科技、科隆新能源、钠远新材、维科技术、宇恒电池、汉行科技、普洱滇钠能源、珈钠能源、亮见钠电、果曼钠电、德尔智慧等活动咨询：钠电小杨哥 *********** 8.25日（星期二）钠电九点半,http://mp.weixin.qq.com/s?__biz=Mzg4NjgzMzg3NA==&mid=2247518773&idx=1&sn=e58edc8bfb32384d0ffa58790464f15e,,倒计时3天2026第十一届起点钠电论坛暨全球钠电TOP排行榜发布会活动主题：全链路突破 规模化质变主办单位：起点研究、起点钠电举办时间：2026年8月28日举办地点：深圳宝安登喜路国际酒店2楼国际厅活动规模：500 + 第一批演讲及赞助单位：天能钠电、隐功科技、同兴皓升、晟钠新能、科迈罗、纳甘新能源 、华阳集团、鑫钠新材料、钠科能源、茹天科技、希倍动力、兆瑞新能源、九续钠电、扬广科技、禾电科技、金钠科技、川源科技、科隆新能源、钠远新材、维科技术、宇恒电池、汉行科技、普洱滇钠能源、珈钠能源、亮见钠电、果曼钠电、德尔智慧等活动咨询：钠电小杨哥 *********** 8.25日（星期二）钠电九点半,倒计时3天2026第十一届起点钠电论坛暨全球钠电TOP排行榜发布会活动主题：全链路突破 规模化质变主办单位：起点研究、起点钠电举办时间：2026年8月28日举办地点：深圳宝安登喜路国际酒店2楼国际厅活动规模：500 + 第一批演讲及赞助单位：天能钠电、隐功科技、同兴皓升、晟钠新能、科迈罗、纳甘新能源 、华阳集团、鑫钠新材料、钠科能源、茹天科技、希倍动力、兆瑞新能源、九续钠电、扬广科技、禾电科技、金钠科技、川源科技、科隆新能源、钠远新材、维科技术、宇恒电池、汉行科技、普洱滇钠能源、珈钠能源、亮见钠电、果曼钠电、德尔智慧等活动咨询：钠电小杨哥 *********** 8.25日（星期二）钠电九点半行业早新闻：1、维科技术：细分特种储能场景持续突破，台区储能、高寒无人基站钠电产品完成批量交付验证；钠电起动电源在技术积累和市场突破方面取得阶段性进展。2、同兴科技：2026 年上半年，钠电正极材料已完成十余家下游电芯企业的送样验证，并与多家核心电芯客户保持深度技术交流与对接。3、国轩高科：公司推出的“钠晨”钠离子电池，通过无负极结构设计实现电池能量密度大幅跃升，并采用多级预钠化技术提升电芯循环性能，夯实钠离子电池在多类储能场景落地应用的技术基础。4、广东普耐达电源有限公司5GWH钠电池研发生产项目生态环境影响报告书公示。5、华阳股份：公司钠离子电池生产企业华钠芯能公司是华阳股份全资子公司，现有产能1GWh。6、宁德时代新能源科技股份有限公司申请一项名为“钠离子电池单体、电池装置和用电设备”的专利，限定参数优化钠离子电池低温性能。7、山西大孚储能PACK生产线项目节能审查，主要购置电芯上料，OCV测试机等设备设施，组装锂离子，钠离子电池PACK集成生产线，投产后预计年产能达5GWh储能系统产品。8、自贡年产1万吨钠离子电池硬炭负极材料及配套建设项目环评报告表编制。9、山东强盛电池新材料科技有限公司年产1万吨钠离子电池负极材料项目公司。10、宁夏交建2026年度河北磊聚能量科技有限公司100MW400MWh储能电池系统公开招标采购，含20台钠离子电池预制舱。更多咨询，请关注@起点钠电起点钠电交流群72-码上入群,,,,pending
锂电九点半丨碳酸锂突破16万元/吨；力神电池调价；恩捷利润暴增980%；亿纬BBU电芯下半年交付,起点锂电,起点锂电,"RIOnews API, 新材料, 电池材料, 碳, 隔膜, 长时储能, 产品发布, 发布, 发布会, 上市, 合作进展, 投资, 合作, 收购, 量产推进, 产能, 扩产, 亿纬锂能, 亿纬, 瑞浦兰钧, 瑞浦, 力神, 力神电池, 磷酸铁锂, 铁锂, 三元, 储能, 储能系统, 户储, UPS, 高安全, 电池回收, 碳酸锂, 交付, TOP10, 规划产能, GWh, 生产基地, 投产, 订单, 入围, 推出, 快充",normal,2026-08-25T09:29:42+08:00,,倒计时3天 2026起点户储电池生态大会暨全球户储电池TOP排行榜发布会会议主题：创新引领 供需重构主办单位：起点锂电、起点储能、起点研究会议时间：2026年8月28日会议地点：深圳宝安登喜路国际酒店2楼国际厅协办单位：远航锦锂、上海前沿新能源电源技术研究院演讲及赞助单位名单：远航锦锂/瑞浦兰钧/赣锋锂电/古瑞瓦特/比克电池/Zoho/卡诺普/钹鑫科技/川源科技/亿鑫丰/智慧动锂/欣闪智能/启瑞达物流/约跃时代/瑞能股份等活动咨询：邱先生 ***********8月25日（星期二）锂电九点半行业早新闻：1、8月24日早盘，广期所碳酸锂主力合约盘中突破16万元/吨，报161160元/吨，涨幅超3,http://mp.weixin.qq.com/s?__biz=MzI1MjEyODg2Mg==&mid=2649798648&idx=1&sn=d368fa8f5ee6df2f6e8b2c926adfeef1,,倒计时3天 2026起点户储电池生态大会暨全球户储电池TOP排行榜发布会会议主题：创新引领 供需重构主办单位：起点锂电、起点储能、起点研究会议时间：2026年8月28日会议地点：深圳宝安登喜路国际酒店2楼国际厅协办单位：远航锦锂、上海前沿新能源电源技术研究院演讲及赞助单位名单：远航锦锂/瑞浦兰钧/赣锋锂电/古瑞瓦特/比克电池/Zoho/卡诺普/钹鑫科技/川源科技/亿鑫丰/智慧动锂/欣闪智能/启瑞达物流/约跃时代/瑞能股份等活动咨询：邱先生 ***********8月25日（星期二）锂电九点半行业早新闻：1、8月24日早盘，广期所碳酸锂主力合约盘中突破16万元/吨，报161160元/吨，涨幅超3,倒计时3天 2026起点户储电池生态大会暨全球户储电池TOP排行榜发布会会议主题：创新引领 供需重构主办单位：起点锂电、起点储能、起点研究会议时间：2026年8月28日会议地点：深圳宝安登喜路国际酒店2楼国际厅协办单位：远航锦锂、上海前沿新能源电源技术研究院演讲及赞助单位名单：远航锦锂/瑞浦兰钧/赣锋锂电/古瑞瓦特/比克电池/Zoho/卡诺普/钹鑫科技/川源科技/亿鑫丰/智慧动锂/欣闪智能/启瑞达物流/约跃时代/瑞能股份等活动咨询：邱先生 ***********8月25日（星期二）锂电九点半行业早新闻：1、8月24日早盘，广期所碳酸锂主力合约盘中突破16万元/吨，报161160元/吨，涨幅超3%，持仓同步增逾万手。自8月初以来，碳酸锂期货累计涨幅接近17%，重回到二季度初的价格平台。2、苏州力神电池：近日发布《关于锂离子蓄电池消费税成本调整的客户联络函》，自2026年9月1日起，力神电池所有产品将在原不含税供货价格基础上增加2%消费税成本，同时按照相关规定加收城建税及教育费附加。其中，城建税按照消费税金额的7%计算，教育费附加按照消费税金额的5%计算。3、远东电池：2026年上半年，智能电池储能/算力AI业务实现营业收入15.09亿元，同比增长107.18%。其中远东电池储能业务实现营业收入4.88亿元，同比增长394.55%，同比减亏0.26亿元；获得超千万元订单22.31亿元，同比增长421.69%。4、亿纬锂能：针对AIDC新兴市场已专门成立AIDC产品部，并面向机柜层级、机房层级、园区层级及场站侧等各个层级提供完整解决方案。其中机柜侧，推出圆柱BBU电芯，满足未来单机柜功率超100kW的需求；机房侧，提供UPS方形电芯，提供高功率的锂电解决方案；园区及场站侧，6.9MWh储能系统可应对长时储能需求。其中在BBU业务方面，亿纬锂能称已和国内外头部客户开展合作，验证工作基本完成，预计2026年下半年实现正式交付。5、昆仑新材：近日正式向港交所主板递交上市申请书，中信建投国际、平安证券（香港）为其联席保荐人。昆仑新能源曾在2023年6月向深交所递交招股书，但2024年3月撤回了上市申请，最终转道港交所，寻求在香港上市。今年1月，公司向港交所递交过上市申请。6、华汇智能：8月24日开启北交所新股申购，该股发行总数约1700万股，申购代码920289，申购价格17.71元/股，发行市盈率14.99倍。公司专注于高端智能装备研发生产的高新技术企业，核心产品为纳米砂磨机等智能装备及其关键部件，具体包括研磨系统、纳米砂磨机、机械密封等。7、德福科技：2026上半年实现营收91.97亿元，同比增长73.54%；归母净利润2.63亿元，同比增长580.66%；扣非净利润2.36亿元，同比增长1916.90%。期内公司锂电铜箔业务实现营收76.61亿元，同比增长86.45%；电子电路铜箔业务实现营收13.08亿元，同比增长66.68%。8、赢合科技：2026年上半年营收达60.9亿元，同比增长42.83%；归母净利润3.51亿元，同比增长29.40%。二季度单季营收40.41亿元，环比增长97.21%，净利环比增幅超366%，业绩显著提速。锂电设备业务收入达50.26亿元，同比大增79.52%，主要得益于国内电池厂扩产回暖及订单交付效率提升。境内锂电设备收入同比翻倍以上增长至44.3亿元，境外占比下滑，但整线能力持续完善。公司通过收购昂华自动化，补齐模组PACK段短板，实现前中后段整线供应能力。9、恩捷股份：公司上半年营业收入为86.71亿元，同比增长50.47%；归母净利润为8.20亿元，同比增长980.99%；扣非归母净利润为8.49亿元，同比增长998.29%。报告期内，公司核心业务锂电池隔离膜业务同比大幅增长，无菌包装等业务稳中有升，整体经营呈现良性发展态势。10、铜博科技：四川铜博科技有限公司一期年产2万吨高性能锂电铜箔项目投产，项目主打极薄高性能锂电铜箔产品，可充分满足新一代动力电池高续航、快充、高安全的性能要求。铜博科技在江西抚州已拥有铜博一厂、深耕二厂两大生产基地，综合设计年产能7万吨。叠加四川铜博项目全面投产后，铜博科技总产能提升至约10万吨。11、川能动力：上半年实现营业收入33.40亿元，同比增长124.78%；归母净利润为7.06亿元，同比增长130.73%；扣非后净利润为6.96亿元，同比增长134.67%。报告期内实现锂精矿产量8.05万吨、销量7.95万吨（品位6%）；锂盐产品的生产与销售方面，公司上半年锂盐产量1.13万吨，锂盐销量0.89万吨。12、骆驼股份：H1营业收入76.42亿元，同比下降4.42%；归母净利润2.79亿元，同比下降47.44%。其中汽车低压锂电池业务成为最大亮点，上半年累计销售43万KWH，同比增长86.91%，产量同比增长110.01%。13、中材科技：上半年实现营业收入162.57亿元，同比增长21.95%；归母净利润12.08亿元，同比增长20.93%。三大核心主业中，锂电隔膜成为最大增长黑马，业绩实现爆发式修复，正式从微利阶段迈入盈利收获期。上半年公司锂电池隔膜销量27.7亿平米，同比翻倍增长。14、金麟汇科能源：8月21日年产3GWh圆柱型锂离子电池项目在兵团十一师所属兵团新型建材经济技术开发区开工。总投资约3.6亿元，采用三元与磷酸铁锂双技术路线并进，三元体系规划产能2GWh，磷酸铁锂体系规划产能1GWh。产品覆盖18650、21700及32140三种主流圆柱型电池规格。其中三元产品主要面向电动工具、两轮车等小动力场景，磷酸铁锂产品重点服务源网侧储能、户外电源等高稳定性需求领域。15、特斯拉：近日公布其美国电池回收业务最新进展，目前其美国回收业务可从报废锂离子电池及相关废料中回收超过90%的关键电池材料，包括镍、钴、锂等，并将回收材料重新投入电池供应链。重磅揭晓 | 2026全球户储电池竞争力TOP10首批入围名单公示 15家龙头企业晋级起点户储电池交流群—码上入群,,,,pending
8月26日直播 | 2026下半年磷酸铁锂供需拐点,鑫椤锂电,鑫椤锂电,"RIOnews API, 磷酸铁锂, 铁锂",normal,2026-08-25T09:19:18+08:00,,直播主题：2026下半年磷酸铁锂供需拐点\x0a直播时间：2026年8月26日15:30\x0a直播平台：鑫椤锂电视频号,http://mp.weixin.qq.com/s?__biz=MzU0MTkzOTQzOA==&mid=2247571330&idx=1&sn=097747cb133a05274f6fb055a84026c9,,直播主题：2026下半年磷酸铁锂供需拐点\x0a直播时间：2026年8月26日15:30\x0a直播平台：鑫椤锂电视频号,直播主题：2026下半年磷酸铁锂供需拐点\x0a直播时间：2026年8月26日15:30\x0a直播平台：鑫椤锂电视频号,,,,pending
1.5GWh钠电池项目即将投产,钠电材料,钠电材料,"RIOnews API, 钠离子电池, 钠电, 钠电池, 方形电池, 储能, 系统集成, 电源系统, 正极材料, 电解液, 出货, 出货量, 产能, GWh, 投产, 达产, 订单, 投资, 海外, 快充, 量产, 落地",normal,2026-08-25T09:10:00+08:00,,8月18日，钠美科技披露，其位于巴中基地目前正处于设备进场、安装调试阶段，即将于9月中旬投产。图片来源：钠美科技据介绍，即将投产的1.5GWh钠离子电池项目总投资约5亿元，厂房面积3万平方米，项目全面达产后，预计可实现年营业收入超6亿元。资料显示，钠美科技是国内钠离子电池领域较早实现量产落地的新锐力量。该公司产品矩阵涵盖SR33140、SR60145等系列圆柱电池及SR71173等方形电池，主打“低温+快充”差异化技术路线。2023年10月，钠美科技在洛阳搭建研发平台，完成从0到1的技术载体建设，随后完成4款电芯、11套系统产品定型，并成功打入头部车企供应链。在核心技术层面，钠美科技自主研发了,http://mp.weixin.qq.com/s?__biz=Mzg2Mjg2NDExNQ==&mid=2247506478&idx=1&sn=501af7de19dc3c59d21cf030533ed95a,,8月18日，钠美科技披露，其位于巴中基地目前正处于设备进场、安装调试阶段，即将于9月中旬投产。图片来源：钠美科技据介绍，即将投产的1.5GWh钠离子电池项目总投资约5亿元，厂房面积3万平方米，项目全面达产后，预计可实现年营业收入超6亿元。资料显示，钠美科技是国内钠离子电池领域较早实现量产落地的新锐力量。该公司产品矩阵涵盖SR33140、SR60145等系列圆柱电池及SR71173等方形电池，主打“低温+快充”差异化技术路线。2023年10月，钠美科技在洛阳搭建研发平台，完成从0到1的技术载体建设，随后完成4款电芯、11套系统产品定型，并成功打入头部车企供应链。在核心技术层面，钠美科技自主研发了,8月18日，钠美科技披露，其位于巴中基地目前正处于设备进场、安装调试阶段，即将于9月中旬投产。图片来源：钠美科技据介绍，即将投产的1.5GWh钠离子电池项目总投资约5亿元，厂房面积3万平方米，项目全面达产后，预计可实现年营业收入超6亿元。资料显示，钠美科技是国内钠离子电池领域较早实现量产落地的新锐力量。该公司产品矩阵涵盖SR33140、SR60145等系列圆柱电池及SR71173等方形电池，主打“低温+快充”差异化技术路线。2023年10月，钠美科技在洛阳搭建研发平台，完成从0到1的技术载体建设，随后完成4款电芯、11套系统产品定型，并成功打入头部车企供应链。在核心技术层面，钠美科技自主研发了纳米碳正极材料与专属低温电解液，实现了零下40℃极寒环境下的稳定放电，全极耳结构设计让电芯能够承载600A大电流，支持7C超级快充。截至目前，公司已构筑起包含70项专利的技术护城河，在海外市场凭借“低温+快充”方案形成了差异化竞争优势。产能布局方面，钠美科技已形成多基地协同格局：洛阳基地已形成1.5GWh钠离子电池产能；巴中基地1.5GWh项目9月投产在即；新疆奇台县规划建设1GWh电芯生产线及2GWh电源系统集成基地。在手订单方面，公司已与万洋集团、许继储能、卡儿酷、东新电控、山峡能源、同济电力等多家行业单位签订订单，累计在手各类订单达8.9亿元，商业化兑现能力逐步验证。2026年，钠离子电池产业正迎来从技术验证到规模化量产的历史性“0-1”产业奇点，行业进入业绩兑现与价值重估的关键窗口。市场规模方面，国金证券研报测算，钠电行业市场规模有望自2025年的约20亿元增长至千亿元以上，进入高速增长通道。全球钠离子电池出货量从2024年的约3.6GWh跃升至2025年的9GWh，同比增速高达150%。银河证券预计，2026、2027及2028年钠离子电池出货量将分别达到25、92、221GWh，同比增长188%、263%、140%，到2030年有望突破600GWh。,,,,pending
600元参会！合肥见！26年（第十届）中国固态电池大会,钠电材料,钠电材料,"RIOnews API, 钠离子电池, 钠电, 钠电池, 储能, 循环寿命, 负极材料, 融资",normal,2026-08-25T09:10:00+08:00,,温馨提醒：优惠票600元每人（含餐），截止时间9月15号（含），缴费成功视为报名成功；参展和报名电话.陈老师：***********2026年（第十届）中国固态电池技术创新与产业化研讨会2026年11月25-27日 安徽.合肥会议背景固态电池是当前二次电池领域最为活跃的研究方向之一。理论上，全固态锂离子电池的能量密度可达900Wh/kg，由于采用固体电解质与高比能量负极，并可能防止锂枝晶导致的电池内部短路，固态电池的能量密度和循环寿命方面有望较传统锂电池有大幅提升。同时，固态电池还兼顾了长储存寿命、高功率密度和制备简单等特性，尤其是比高能量密度传统锂离子电池拥有更良好的热控及安全特性。固态电解,http://mp.weixin.qq.com/s?__biz=Mzg2Mjg2NDExNQ==&mid=2247506478&idx=2&sn=2d40a7dbf8b19f783c82f1a05a22f662,,温馨提醒：优惠票600元每人（含餐），截止时间9月15号（含），缴费成功视为报名成功；参展和报名电话.陈老师：***********2026年（第十届）中国固态电池技术创新与产业化研讨会2026年11月25-27日 安徽.合肥会议背景固态电池是当前二次电池领域最为活跃的研究方向之一。理论上，全固态锂离子电池的能量密度可达900Wh/kg，由于采用固体电解质与高比能量负极，并可能防止锂枝晶导致的电池内部短路，固态电池的能量密度和循环寿命方面有望较传统锂电池有大幅提升。同时，固态电池还兼顾了长储存寿命、高功率密度和制备简单等特性，尤其是比高能量密度传统锂离子电池拥有更良好的热控及安全特性。固态电解,温馨提醒：优惠票600元每人（含餐），截止时间9月15号（含），缴费成功视为报名成功；参展和报名电话.陈老师：***********2026年（第十届）中国固态电池技术创新与产业化研讨会2026年11月25-27日 安徽.合肥会议背景固态电池是当前二次电池领域最为活跃的研究方向之一。理论上，全固态锂离子电池的能量密度可达900Wh/kg，由于采用固体电解质与高比能量负极，并可能防止锂枝晶导致的电池内部短路，固态电池的能量密度和循环寿命方面有望较传统锂电池有大幅提升。同时，固态电池还兼顾了长储存寿命、高功率密度和制备简单等特性，尤其是比高能量密度传统锂离子电池拥有更良好的热控及安全特性。固态电解质作为固态电池核心技术，聚合物固态电解质、氧化物固态电解质、硫化物固态电解质三大类复合材料成为技术攻关的重点。但是，固态电解质要有与之适应的正负极体系。所以，推进全固态电池产业化的过程，也将是锂电正负极材料体系的一场全面变革。有鉴于此，为了进一步推动我国固态电池的研究创新和技术进步，及时了解固态电池最新相关研究成果和发展动态，尽早推广下游大规模应用，明确主要需求，加强行业交流，促进产学研协同创新，我们特别组织固态电池专题研讨会：26年（第十届）中国固态电池技术创新与产业化应用研讨会，会议将于2026年11月25日-27日在安徽.合肥举行。会议邀请固态电池领域的知名研究院所、大专院校、相关企业及投融资机构代表参会，就固态电池基础研究、关键材料、关键技术、关键装备及其标准等全产业领域展开探讨。共聚一堂，充分交流、集思广益、相互切磋，以期实质性促进我国固态电池的进一步发展。会议概况【会议时间】2026年11月25-27日（25日全天签到）【主办单位】锂电前沿【承办单位】 深圳友研科技有限公司固态电池会议交流内容 ●固体电解质材料：理论基础、新体系、规模制造及产业化应用●固态电池正负极材料：理论基础、新体系、规模制造及产业化应用●固态电池中的界面工程：界面观测与调控、制造及电池循环时的界面动态演变等●混合固液电解质锂电池：动力电池、储能电池及柔性电池等●全固态电池：全固态锂电池、全固态锂硫电池、全固态锂空气电池及全固态钠电池等●高通量理论和理论设计及计算方法在固态电池研究开发中的应用●固态电池的产业化技术会议形式主要通过大会报告、交流报告、现场讨论的形式，欢迎相关企业和检测机构安排小型展览。会议期间还将组织演讲嘉宾或行业资深专家们与参会代表互动进行自由讨论。为了共同办好这次会议，热烈欢迎各相关企业、科研院所赞助本次研讨会。会议注册费会议注册费：参会人员10月15日前11月20日前11月20日后以及现场正式代表2500元2800元3200元在校学生代表1500元1500元1800元（学生代表注册时需凭学生证，包含本科生、硕士、博士）注册费包含：会议费、资料费用等费用、不包含路费和住宿费，住宿要自订。账户信息：户名：深圳友研科技有限公司账号：757575353398开户行：中国银行股份有限公司深圳西丽支行付款时请注明“固态电池 +单位名称”开票注意事项：增值税普通发票请提供单位名称及税号。如果需要增值税专用发票，请提供单位名称、税号、地址、电话、开户行、账号第九届固态电池会议回顾2026年8月5日-7日，锂电前沿主办的“2026中国固态电池技术大会暨中国硅碳负极高峰论坛”在江苏常州顺利召开并圆满闭幕。锂电前沿举办此次会议议题紧贴固态电池，硅碳负极材料单位科研和产业化实际需求，引发市场广泛关注，受到专家及参会嘉宾一致好评，有力的推动了我国固态电池，硅碳负极材料的科技进步和产业化进程。第八届固态电池会议回顾2026年4月22日-24日，锂电前沿，钠电材料主办的“2026第八届中国固态电池技术创新与产业化应用研讨会暨中国钠电技术高峰论坛”在湖南长沙顺利召开并圆满闭幕。线下与会嘉宾达906人，参会单位超过550家，参展厂家超过60家，专题报告49个。锂电前沿，钠电材料举办此次会议议题紧贴固态电池，钠电材料单位科研和产业化实际需求，引发市场广泛关注，受到专家及参会嘉宾一致好评，有力的推动了我国固态电池，钠离子电池的科技进步和产业化进程。第七届固态电池会议回顾2025年10月22日-24日，锂电前沿，先进陶瓷材料主办的“2025第七届中国固态电池技术创新与产业化应用研讨会暨中国先进陶瓷技术与产业高峰论坛”在安徽合肥顺利召开并圆满闭幕。线下与会嘉宾达1036人，参会单位超过600家，参展厂家超过50家，专题报告42个。锂电前沿，先进陶瓷材料举办此次会议议题紧贴固态电池，先进陶瓷材料单位科研和产业化实际需求，引发市场广泛关注，受到专家及参会嘉宾一致好评，有力的推动了我国固态电池，先进陶瓷的科技进步和产业化进程。现场视频（点击上方观看）第五届固态电池会议回顾2024年10月，锂电前沿主办的“第五届中国固态电池技术创新与产业化应用研讨会”在安徽合肥顺利召开并圆满闭幕。线下与会嘉宾达820人，参会单位超过450家第六届固态电池会议回顾2025年3月26日-28日，锂电前沿主办的“2025第六届中国固态电池技术创新与产业化应用研讨会”在湖北武汉顺利召开并圆满闭幕。线下与会嘉宾达889人，参会单位超过500家，参展厂家超过50家，专题报告44个。锂电前沿举办此次会议议题紧贴固态电池单位科研和产业化实际需求，引发市场关注，受到专家及参会者广泛好评，有力的推动了我国固态电池的进一步发展。组委会联系方式参会、参展、宣传及赞助事宜联 系 人：陈老师 （赞助和报名事宜咨询）联系电话：***********（微信同号）邮 箱 ：sdlscck@163.com 报名方式一：长按报名,,,,pending
"喜报丨国润储能获评""省级绿色工厂""荣誉称号！",全球液流电池储能,全球液流电池储能,"RIOnews API, 长时储能, 液流电池, 产品发布, 发布, 官宣",normal,2026-08-25T09:09:02+08:00,,9月大连液流大会扫码即刻报名 据全球液流电池网获悉，近日，山西省工业和信息化厅对外公示《2026 年度省级绿色制造名单》，山西国润储能科技有限公司成功入选，斩获 “省级绿色工厂” 称号，彰显企业在全钒液流储能装备领域绿色制造建设取得阶段性成果。 国润储能是国家级高新技术企业、专精特新 “小巨人” 企业，也是国内少数实现全钒液流电池核心装备、离子膜材料自主可控，完成全产业链布局的储能企业。自发展之初，企业便把绿色低碳理念融入产品研发、工艺设计、生产制造、厂区运营全流程，构建起一套适配新型储能产业的绿色生产体系。休息一下，看个广告 对照国家绿色工厂评价体系标准，企业多措并举推进低碳升级。通过加大绿,http://mp.weixin.qq.com/s?__biz=Mzg3NjcyNzE4Nw==&mid=2247578245&idx=7&sn=bcde8245bf2a2bd2e1dfd5419e286cd2,,9月大连液流大会扫码即刻报名 据全球液流电池网获悉，近日，山西省工业和信息化厅对外公示《2026 年度省级绿色制造名单》，山西国润储能科技有限公司成功入选，斩获 “省级绿色工厂” 称号，彰显企业在全钒液流储能装备领域绿色制造建设取得阶段性成果。 国润储能是国家级高新技术企业、专精特新 “小巨人” 企业，也是国内少数实现全钒液流电池核心装备、离子膜材料自主可控，完成全产业链布局的储能企业。自发展之初，企业便把绿色低碳理念融入产品研发、工艺设计、生产制造、厂区运营全流程，构建起一套适配新型储能产业的绿色生产体系。休息一下，看个广告 对照国家绿色工厂评价体系标准，企业多措并举推进低碳升级。通过加大绿,9月大连液流大会扫码即刻报名 据全球液流电池网获悉，近日，山西省工业和信息化厅对外公示《2026 年度省级绿色制造名单》，山西国润储能科技有限公司成功入选，斩获 “省级绿色工厂” 称号，彰显企业在全钒液流储能装备领域绿色制造建设取得阶段性成果。 国润储能是国家级高新技术企业、专精特新 “小巨人” 企业，也是国内少数实现全钒液流电池核心装备、离子膜材料自主可控，完成全产业链布局的储能企业。自发展之初，企业便把绿色低碳理念融入产品研发、工艺设计、生产制造、厂区运营全流程，构建起一套适配新型储能产业的绿色生产体系。休息一下，看个广告 对照国家绿色工厂评价体系标准，企业多措并举推进低碳升级。通过加大绿电采购占比，从源头降低生产环节碳排放；聚焦钒资源循环利用，推进钒电解液回收再利用技术落地，实现关键材料闭环复用；持续开展产线节能降碳改造，完善产品碳足迹核算管理体系，最大限度降低生产过程资源消耗与环境负荷。依托技术积淀打造安全稳定、长时高效的全钒液流储能产品，不断擦亮 “国润智造” 的绿色品牌标识。本次获评省级绿色工厂，代表企业绿色生产水平得到省级主管部门的权威肯定，也树立起新型储能装备行业绿色制造的示范样本。 作为全国能源革命综合改革试点，山西正加快构建新型能源体系，长时储能产业对于保障新能源消纳、增强电力系统韧性、落实 “双碳” 战略具备重要现实意义。全钒液流电池凭借安全性高、循环寿命长等优势，成为长时储能赛道的重点发展方向。 面向后续发展，国润储能将继续坚守创新驱动与绿色发展双主线，持续攻坚全钒液流电池电堆、隔膜、电解液等核心技术与关键材料迭代升级，持续深化绿色工厂建设，优化生产工艺，扩大绿色制造示范效应。以储能产业实干实践，助力山西能源革命综合改革走深走实，为区域制造业转型升级与新型电力系统建设注入储能动能。CFE2026第七届中国液流电池储能大会议程（8月10日更新）近期热点及活动1、议程发布！CFE2026第七届中国液流电池储能大会9月17-18日即将重磅开启！液流电池至暗时刻？or商业化拐点成人礼？2、7.6GWh！含11个全钒液流，云南发改委、能源局发布2026年共享储能项目清单3、官宣定档！朝圣之旅，9月17-18日CFE2026第七届中国液流电池储能大会相约大连！参展、演讲、参会报名正式启动！4、AI的尽头是储能与电力！CFE2026第六届中国液流电池储能大会圆满落幕，新型储能“转正”从电力“配角”到六大新兴支柱产业进阶5、突破迎关键临界点！全球旗舰盛会—CFE2025第五届中国液流电池储能大会暨2024-2025年度液流品牌颁奖盛典圆满落幕6、获奖名单及终版议程发布！CFE2025第五届中国液流电池储能大会暨品牌颁奖盛典9月19-20日武汉盛大召开7、共筑全产业链生态繁荣！全球风向—CFE2025第四届中国液流电池储能大会、中国液流电池青年科学家论坛圆满落幕8、晚宴名单、参会总名单、终版议程发布｜CFE2025第四届中国液流电池储能大会3月3日盛大开幕9、全国首个！四川出台钒电池储能产业专项政策每月6日活动日，群内成员全开放1天近日，山西省工业和信息化厅对外公示《2026 年度省级绿色制造名单》，山西国润储能科技有限公司成功入选，斩获 “省级绿色工厂” 称号，彰显企业在全钒液流储能装备领域绿色制造建设取得阶段性成果。,,,,pending
从零到一 寰泰卓钒填补甘肃省高纯钒原料生产空白（附视频）,全球液流电池储能,全球液流电池储能,"RIOnews API, 长时储能, 液流电池, 产品发布, 发布, 官宣, 量产推进, 产能, 产品下线, 下线",normal,2026-08-25T09:09:02+08:00,,9月大连液流大会扫码即刻报名AI主持人：位于西峰工业园区的寰泰卓钒材料（甘肃）有限公司，是我省首个高纯钒原料生产企业。今年1月底首批试生产产品下线以来，产能持续加速释放，截至目前，企业已累计产出高纯五氧化二钒超700吨，全年产量有望翻番。届时，我市钒电池储能关键材料总产量将突破1500吨，实现产值约1.5亿元。旁白：走进寰泰卓钒材料（甘肃）有限公司的生产车间，生产线正有序运转，多规格高纯钒产品稳定下线，产能与产值稳步攀升。该项目总投资5.2亿元，分两期建设，一期已全面建成投用，包括精制车间、煅烧车间、废水车间等核心生产单元。休息一下，看个广告旁白：企业生产的多规格高纯五氧化二钒可广泛应用于全钒,http://mp.weixin.qq.com/s?__biz=Mzg3NjcyNzE4Nw==&mid=2247578245&idx=5&sn=7551afcbef6593c08bba58ea178091cb,,9月大连液流大会扫码即刻报名AI主持人：位于西峰工业园区的寰泰卓钒材料（甘肃）有限公司，是我省首个高纯钒原料生产企业。今年1月底首批试生产产品下线以来，产能持续加速释放，截至目前，企业已累计产出高纯五氧化二钒超700吨，全年产量有望翻番。届时，我市钒电池储能关键材料总产量将突破1500吨，实现产值约1.5亿元。旁白：走进寰泰卓钒材料（甘肃）有限公司的生产车间，生产线正有序运转，多规格高纯钒产品稳定下线，产能与产值稳步攀升。该项目总投资5.2亿元，分两期建设，一期已全面建成投用，包括精制车间、煅烧车间、废水车间等核心生产单元。休息一下，看个广告旁白：企业生产的多规格高纯五氧化二钒可广泛应用于全钒,9月大连液流大会扫码即刻报名AI主持人：位于西峰工业园区的寰泰卓钒材料（甘肃）有限公司，是我省首个高纯钒原料生产企业。今年1月底首批试生产产品下线以来，产能持续加速释放，截至目前，企业已累计产出高纯五氧化二钒超700吨，全年产量有望翻番。届时，我市钒电池储能关键材料总产量将突破1500吨，实现产值约1.5亿元。旁白：走进寰泰卓钒材料（甘肃）有限公司的生产车间，生产线正有序运转，多规格高纯钒产品稳定下线，产能与产值稳步攀升。该项目总投资5.2亿元，分两期建设，一期已全面建成投用，包括精制车间、煅烧车间、废水车间等核心生产单元。休息一下，看个广告旁白：企业生产的多规格高纯五氧化二钒可广泛应用于全钒液流电池、电解液制备及化工、航空航天等领域。项目的稳定投产，填补了我市在钒电池储能关键材料领域的产业空白，实现了甘肃省高纯钒原料生产从0~1的突破，为庆阳打造西北区域钒储能新材料产业高地，推动新能源产业集群发展注入了强劲动能。寰泰卓钒材料（甘肃）有限公司生产经理刘帅舟：目前我们公司处于产能爬坡的阶段，设计的总产能是3000吨每年，接下来计划在今年的下半年推进二期（项目建设），二期是年产两万立方的电解液，（全部投产后）我们的总产值将由原计划的3亿元达到7个亿元。CFE2026第七届中国液流电池储能大会议程（8月10日更新）近期热点及活动1、议程发布！CFE2026第七届中国液流电池储能大会9月17-18日即将重磅开启！液流电池至暗时刻？or商业化拐点成人礼？2、7.6GWh！含11个全钒液流，云南发改委、能源局发布2026年共享储能项目清单3、官宣定档！朝圣之旅，9月17-18日CFE2026第七届中国液流电池储能大会相约大连！参展、演讲、参会报名正式启动！4、AI的尽头是储能与电力！CFE2026第六届中国液流电池储能大会圆满落幕，新型储能“转正”从电力“配角”到六大新兴支柱产业进阶5、突破迎关键临界点！全球旗舰盛会—CFE2025第五届中国液流电池储能大会暨2024-2025年度液流品牌颁奖盛典圆满落幕6、获奖名单及终版议程发布！CFE2025第五届中国液流电池储能大会暨品牌颁奖盛典9月19-20日武汉盛大召开7、共筑全产业链生态繁荣！全球风向—CFE2025第四届中国液流电池储能大会、中国液流电池青年科学家论坛圆满落幕8、晚宴名单、参会总名单、终版议程发布｜CFE2025第四届中国液流电池储能大会3月3日盛大开幕9、全国首个！四川出台钒电池储能产业专项政策每月6日活动日，群内成员全开放1天位于西峰工业园区的寰泰卓钒材料甘肃有限公司，是我省首个高纯钒原料生产企业。今年1月底首批试生产产品下线以来，产能持续加速释放，截至目前，企业已累计产出高纯五氧化二钒超700吨，全年产量有望翻番。,,,,pending
布局长时储能多元赛道 上海印发 “十五五” 新型工业化规划，重点攻坚液流电池等关键技术,全球液流电池储能,全球液流电池储能,"RIOnews API, 长时储能, 液流电池, 产品发布, 发布, 官宣",normal,2026-08-25T09:09:02+08:00,,9月大连液流大会扫码即刻报名 据全球液流电池网获悉，8月24日，上海市人民政府正式印发《上海市加快推进新型工业化构建现代化产业体系“十五五”规划》，围绕先进能源装备、新型绿色能源、节能环保与资源循环利用作出系统部署，将核电、海上风电、光伏、长时储能、氢基能源、CCUS等纳入重点攻关方向，为上海打造世界级绿色低碳装备产业集群、建设新型电力系统勾勒清晰路线图。 在先进能源装备领域，规划提出推进大型三代核电批量化、标准化建设，持续提升四代核电主设备制造能力，加快先进小微堆、聚变堆等前沿装备技术攻关，抢占核能装备创新制高点。依托上海海工装备产业基础，巩固16‑20MW深远海风电装备的产业优势；加速高效,http://mp.weixin.qq.com/s?__biz=Mzg3NjcyNzE4Nw==&mid=2247578245&idx=2&sn=9e42479bebdf01911ddd7860f14a7083,,9月大连液流大会扫码即刻报名 据全球液流电池网获悉，8月24日，上海市人民政府正式印发《上海市加快推进新型工业化构建现代化产业体系“十五五”规划》，围绕先进能源装备、新型绿色能源、节能环保与资源循环利用作出系统部署，将核电、海上风电、光伏、长时储能、氢基能源、CCUS等纳入重点攻关方向，为上海打造世界级绿色低碳装备产业集群、建设新型电力系统勾勒清晰路线图。 在先进能源装备领域，规划提出推进大型三代核电批量化、标准化建设，持续提升四代核电主设备制造能力，加快先进小微堆、聚变堆等前沿装备技术攻关，抢占核能装备创新制高点。依托上海海工装备产业基础，巩固16‑20MW深远海风电装备的产业优势；加速高效,9月大连液流大会扫码即刻报名 据全球液流电池网获悉，8月24日，上海市人民政府正式印发《上海市加快推进新型工业化构建现代化产业体系“十五五”规划》，围绕先进能源装备、新型绿色能源、节能环保与资源循环利用作出系统部署，将核电、海上风电、光伏、长时储能、氢基能源、CCUS等纳入重点攻关方向，为上海打造世界级绿色低碳装备产业集群、建设新型电力系统勾勒清晰路线图。 在先进能源装备领域，规划提出推进大型三代核电批量化、标准化建设，持续提升四代核电主设备制造能力，加快先进小微堆、聚变堆等前沿装备技术攻关，抢占核能装备创新制高点。依托上海海工装备产业基础，巩固16‑20MW深远海风电装备的产业优势；加速高效异质结、钙钛矿等新一代光伏电池技术研发迭代。同时发力大功率燃气轮机赛道，推进新一代重型燃气轮机、高掺氢工业燃气轮机整机研制，夯实能源装备国产化底座。 面向新型绿色能源发展，规划将长时储能技术摆在突出位置，多点布局多条技术路线，重点突破全固态电池高导电性固体电解质、固液混合电池、液流电池、压缩空气储能等核心关键技术，通过材料、电堆、系统集成协同攻关，破解长时储能成本、寿命、安全性瓶颈，支撑风光新能源大规模消纳与电网安全调节能力提升。 氢基能源产业方面，上海将推动绿氢、绿氨、绿醇“制‑储‑加‑用”全产业链一体化发展，同时加快布局可持续航空燃料制备技术，拓展绿色燃料在交通、化工、航空领域的应用场景，打通绿电向工业、交通领域转化的技术通道。 节能环保产业同样是重点发力板块。规划提出提升高效电机、高性能变压器等通用节能装备供给能力，做强高端环保技术装备；推进碳捕集利用与封存（CCUS）技术及装备研发，助力工业领域降碳减排。与此同时，全面推进资源综合利用与绿色低碳服务业发展，提升风光等新能源设备、工业固废、动力电池的回收与循环利用水平；壮大碳管理、ESG咨询等专业化服务，构建“装备制造+循环利用+专业服务”的完整绿色产业生态。 作为全国高端制造高地，上海集聚大量能源装备科研院所、龙头企业，具备储能、氢能、风电光伏装备研发制造的深厚基础。本次“十五五”规划明确多条储能技术路线并行攻关，尤其对液流电池等长时储能技术的重点部署，将进一步带动上游关键材料、核心电堆、系统集成产业创新，助力上海在长时储能、氢基能源等未来赛道形成技术与产业优势，服务全国“双碳”战略实施。以下为原文休息一下，看个广告CFE2026第七届中国液流电池储能大会议程（8月10日更新）近期热点及活动1、议程发布！CFE2026第七届中国液流电池储能大会9月17-18日即将重磅开启！液流电池至暗时刻？or商业化拐点成人礼？2、7.6GWh！含11个全钒液流，云南发改委、能源局发布2026年共享储能项目清单3、官宣定档！朝圣之旅，9月17-18日CFE2026第七届中国液流电池储能大会相约大连！参展、演讲、参会报名正式启动！4、AI的尽头是储能与电力！CFE2026第六届中国液流电池储能大会圆满落幕，新型储能“转正”从电力“配角”到六大新兴支柱产业进阶5、突破迎关键临界点！全球旗舰盛会—CFE2025第五届中国液流电池储能大会暨2024-2025年度液流品牌颁奖盛典圆满落幕6、获奖名单及终版议程发布！CFE2025第五届中国液流电池储能大会暨品牌颁奖盛典9月19-20日武汉盛大召开7、共筑全产业链生态繁荣！全球风向—CFE2025第四届中国液流电池储能大会、中国液流电池青年科学家论坛圆满落幕8、晚宴名单、参会总名单、终版议程发布｜CFE2025第四届中国液流电池储能大会3月3日盛大开幕9、全国首个！四川出台钒电池储能产业专项政策每月6日活动日，群内成员全开放1天8月24日，上海市人民政府正式印发《上海市加快推进新型工业化构建现代化产业体系“十五五”规划》，围绕先进能源装备、新型绿色能源、节能环保与资源循环利用作出系统部署，将核电、海上风电、光伏、长时储能、氢基能源、CCUS等纳入重点攻关方向,,,,pending
乐山市君安新能源赴福华尚纬座谈，链通储能电解液、MEP产业链，共谋新能源产业合作机遇,全球液流电池储能,全球液流电池储能,"RIOnews API, 长时储能, 液流电池, 产品发布, 发布, 官宣",normal,2026-08-25T09:09:02+08:00,,9月大连液流大会扫码即刻报名 据全球液流电池网获悉，为落实乐山市工业强市“225”先进制造业集群部署，做强锌溴液流电池全产业链，乐山市君安新能源科技有限公司团队赴福华尚纬（603333）开展合作座谈。双方围绕储能电解液、MEP关键环节供应链配套、项目场景落地、产业资源联动等议题开展深入交流，立足乐山本地产业基础，探索上下游协同发展新模式，共同抢抓新型储能产业发展机遇。8月19日上午10:00，座谈会在福华尚纬技术中心五楼核电会议室举行，本次交流由福华尚纬总经理助理周彦池主持。 乐山市君安新能源科技有限公司董事长赵丹、总经理邓融、副总经理侯旭东、项目经理罗京、办公室主任杨月薪；福华尚纬股份有限公,http://mp.weixin.qq.com/s?__biz=Mzg3NjcyNzE4Nw==&mid=2247578245&idx=6&sn=546303735b54f79903ffea8442004be4,,9月大连液流大会扫码即刻报名 据全球液流电池网获悉，为落实乐山市工业强市“225”先进制造业集群部署，做强锌溴液流电池全产业链，乐山市君安新能源科技有限公司团队赴福华尚纬（603333）开展合作座谈。双方围绕储能电解液、MEP关键环节供应链配套、项目场景落地、产业资源联动等议题开展深入交流，立足乐山本地产业基础，探索上下游协同发展新模式，共同抢抓新型储能产业发展机遇。8月19日上午10:00，座谈会在福华尚纬技术中心五楼核电会议室举行，本次交流由福华尚纬总经理助理周彦池主持。 乐山市君安新能源科技有限公司董事长赵丹、总经理邓融、副总经理侯旭东、项目经理罗京、办公室主任杨月薪；福华尚纬股份有限公,9月大连液流大会扫码即刻报名 据全球液流电池网获悉，为落实乐山市工业强市“225”先进制造业集群部署，做强锌溴液流电池全产业链，乐山市君安新能源科技有限公司团队赴福华尚纬（603333）开展合作座谈。双方围绕储能电解液、MEP关键环节供应链配套、项目场景落地、产业资源联动等议题开展深入交流，立足乐山本地产业基础，探索上下游协同发展新模式，共同抢抓新型储能产业发展机遇。8月19日上午10:00，座谈会在福华尚纬技术中心五楼核电会议室举行，本次交流由福华尚纬总经理助理周彦池主持。 乐山市君安新能源科技有限公司董事长赵丹、总经理邓融、副总经理侯旭东、项目经理罗京、办公室主任杨月薪；福华尚纬股份有限公司董事、副总经理兼财务总监张莉，总经理助理周彦池，商务部部长靳荐宇，西南大区市场高级经理刘雨舟，行政经理李远共同出席本次座谈。 会上，双方依次介绍参会人员。福华尚纬商务部部长靳荐宇通过专题PPT，详细介绍企业发展历程、产业布局、线缆研发制造能力、重大项目案例以及新能源赛道战略规划，展现企业在特种电缆、储能配套线缆领域完备的生产与技术实力。休息一下，看个广告 随后，乐山市君安新能源董事长赵丹就公司发展概况、锌溴液流电池技术路线、核心产品优势、产业化落地规划与示范项目布局作系统介绍。锌溴液流电池作为长时储能主流技术路线，具备本征安全、循环寿命长、原材料供给稳定可控的显著优势，能够适配新能源电站并网、电网侧调峰、工商业储能、高速与轨道交通光储充一体化等多元应用场景，高度契合新型电力系统建设发展方向。 在自由交流研讨环节，双方围绕储能产业链协同展开务实、深入的沟通。针对锌溴液流电池，重点就新材料选型、电解液配方优化、电极材料迭代、离子隔膜性能提升、电堆结构可靠性、储能系统成套集成、长周期工况测试等技术方向交换意见，探讨关键材料本地化配套、联合技术攻关的可行性。 同时，双方聚焦源网荷储一体化项目建设开展业务对接。围绕大型储能电站、分布式光储项目、微电网示范工程，就储能直流电缆、中高压电力电缆、耐候特种线缆、储能成套连接系统的产品定制化开发、项目配套供货、示范项目联合申报展开讨论。依托福华尚纬在线缆制造的产业优势与君安新能源储能系统技术优势，探索“储能系统+电力线缆”一体化解决方案，面向风光储基地、工业园区微电网、交通能源基础设施输出成套产品与服务。 除此之外，双方还就产学研协同创新、首台（套）储能装备示范应用、项目市场渠道共享、供应链降本增效、储能项目EPC联合拓展等方向交换思路。双方一致认为，乐山具备发展新型储能产业良好的产业基础，上下游企业协同发展空间广阔。 本次座谈是储能系统企业与线缆装备龙头的一次深度对接。下一步，双方将建立常态化沟通机制，细化合作清单，推进技术联合研发与示范项目落地，发挥各自领域优势，携手完善本地长时储能产业链条，助力乐山区域能源产业绿色低碳高质量发展。CFE2026第七届中国液流电池储能大会议程（8月10日更新）近期热点及活动1、议程发布！CFE2026第七届中国液流电池储能大会9月17-18日即将重磅开启！液流电池至暗时刻？or商业化拐点成人礼？2、7.6GWh！含11个全钒液流，云南发改委、能源局发布2026年共享储能项目清单3、官宣定档！朝圣之旅，9月17-18日CFE2026第七届中国液流电池储能大会相约大连！参展、演讲、参会报名正式启动！4、AI的尽头是储能与电力！CFE2026第六届中国液流电池储能大会圆满落幕，新型储能“转正”从电力“配角”到六大新兴支柱产业进阶5、突破迎关键临界点！全球旗舰盛会—CFE2025第五届中国液流电池储能大会暨2024-2025年度液流品牌颁奖盛典圆满落幕6、获奖名单及终版议程发布！CFE2025第五届中国液流电池储能大会暨品牌颁奖盛典9月19-20日武汉盛大召开7、共筑全产业链生态繁荣！全球风向—CFE2025第四届中国液流电池储能大会、中国液流电池青年科学家论坛圆满落幕8、晚宴名单、参会总名单、终版议程发布｜CFE2025第四届中国液流电池储能大会3月3日盛大开幕9、全国首个！四川出台钒电池储能产业专项政策每月6日活动日，群内成员全开放1天为落实乐山市工业强市“225”先进制造业集群部署，做强锌溴液流电池全产业链，乐山市君安新能源科技有限公司团队赴福华尚纬（603333）开展合作座谈。,,,,pending
多元业务协同布局 *ST特迅（奥特迅）手握全钒液流储能整套解决方案,全球液流电池储能,全球液流电池储能,"RIOnews API, 长时储能, 液流电池, 产品发布, 发布, 官宣",normal,2026-08-25T09:09:02+08:00,,9月大连液流大会扫码即刻报名 据全球液流电池网获悉，8月24日，*ST特迅股价下跌1.42%，当日成交金额1700.01万元，换手率1.11%，总市值达15.46亿元。公司覆盖全钒液流电池、新能源充换电、充电桩、核电装备等多条业务概念，在长时储能、电动汽车能源补给、特种工业电源领域均有业务布局。 公开资料显示，奥特迅具备全钒液流电池储能系统全套解决方案能力，早在2023年便落地建设广东省首套全钒液流电池储能系统，完成钒液流储能项目的实际工程实践，依托电力电子技术积淀，夯实长时储能赛道的技术基础。 公司核心主业聚焦电力交直流一体化不间断电源、新能源汽车充电、储能微电网业务，持续围绕核心产品开展技,http://mp.weixin.qq.com/s?__biz=Mzg3NjcyNzE4Nw==&mid=2247578245&idx=8&sn=02d421eb95ea05c56cc04a3801cc10b3,,9月大连液流大会扫码即刻报名 据全球液流电池网获悉，8月24日，*ST特迅股价下跌1.42%，当日成交金额1700.01万元，换手率1.11%，总市值达15.46亿元。公司覆盖全钒液流电池、新能源充换电、充电桩、核电装备等多条业务概念，在长时储能、电动汽车能源补给、特种工业电源领域均有业务布局。 公开资料显示，奥特迅具备全钒液流电池储能系统全套解决方案能力，早在2023年便落地建设广东省首套全钒液流电池储能系统，完成钒液流储能项目的实际工程实践，依托电力电子技术积淀，夯实长时储能赛道的技术基础。 公司核心主业聚焦电力交直流一体化不间断电源、新能源汽车充电、储能微电网业务，持续围绕核心产品开展技,9月大连液流大会扫码即刻报名 据全球液流电池网获悉，8月24日，*ST特迅股价下跌1.42%，当日成交金额1700.01万元，换手率1.11%，总市值达15.46亿元。公司覆盖全钒液流电池、新能源充换电、充电桩、核电装备等多条业务概念，在长时储能、电动汽车能源补给、特种工业电源领域均有业务布局。 公开资料显示，奥特迅具备全钒液流电池储能系统全套解决方案能力，早在2023年便落地建设广东省首套全钒液流电池储能系统，完成钒液流储能项目的实际工程实践，依托电力电子技术积淀，夯实长时储能赛道的技术基础。 公司核心主业聚焦电力交直流一体化不间断电源、新能源汽车充电、储能微电网业务，持续围绕核心产品开展技术迭代与市场开拓。在充换电领域，企业可在现有充电站加装换电设备，实现向充换电站升级；充电堆技术能够和换电系统共享配电、功率池资源，有效提升设备利用效率，降低站点整体运营投入。此前公司投建的兆瓦级公共超充站，已完成比亚迪、东风、广汽、奔驰、宝马等多家主流车企的实车超级充电测试，持续推进车企端业务合作落地。休息一下，看个广告 除储能与新能源充换电业务外，奥特迅核安全级1E级充电装置、交直流配电柜产品已经实现商业化落地，应用于多个核电工程项目，特种电源产品实力得到场景验证。 从经营基本面来看，*ST特迅主营业务包含工业电源、新型电力系统、设备运维等板块，其中工业电源营收占比76.17%，新型电力系统业务占比17.99%。2026年上半年公司实现营业收入1.34亿元，同比增长5.88%；归母净利润亏损3576.66万元，同比降幅23.47%。截至8月10日，公司股东户数1.89万户，股东户数小幅微降，筹码整体分布较为分散。 盘口资金数据显示，8月24日主力资金净流入67.08万元，主力趋势并不显著，主力成交额占总成交额6.52%，无明显控盘迹象。筹码平均交易成本7.45元，股价临近6.34元压力位，存在回调风险，如若有效突破压力位，股价存在上行可能性。行业层面当日所属板块主力资金净流出4.37亿元，板块资金面整体偏弱。CFE2026第七届中国液流电池储能大会议程（8月10日更新）近期热点及活动1、议程发布！CFE2026第七届中国液流电池储能大会9月17-18日即将重磅开启！液流电池至暗时刻？or商业化拐点成人礼？2、7.6GWh！含11个全钒液流，云南发改委、能源局发布2026年共享储能项目清单3、官宣定档！朝圣之旅，9月17-18日CFE2026第七届中国液流电池储能大会相约大连！参展、演讲、参会报名正式启动！4、AI的尽头是储能与电力！CFE2026第六届中国液流电池储能大会圆满落幕，新型储能“转正”从电力“配角”到六大新兴支柱产业进阶5、突破迎关键临界点！全球旗舰盛会—CFE2025第五届中国液流电池储能大会暨2024-2025年度液流品牌颁奖盛典圆满落幕6、获奖名单及终版议程发布！CFE2025第五届中国液流电池储能大会暨品牌颁奖盛典9月19-20日武汉盛大召开7、共筑全产业链生态繁荣！全球风向—CFE2025第四届中国液流电池储能大会、中国液流电池青年科学家论坛圆满落幕8、晚宴名单、参会总名单、终版议程发布｜CFE2025第四届中国液流电池储能大会3月3日盛大开幕9、全国首个！四川出台钒电池储能产业专项政策每月6日活动日，群内成员全开放1天8月24日，*ST特迅股价下跌1.42%，当日成交金额1700.01万元，换手率1.11%，总市值达15.46亿元。公司覆盖全钒液流电池、新能源充换电、充电桩、核电装备等多条业务概念，在长时储能、电动汽车能源补给、特种工业电源领域均有业务布局。,,,,pending
聚焦绿电价值转化 腾冲科学家论坛助推全钒液流储能产业在滇落地,全球液流电池储能,全球液流电池储能,"RIOnews API, 长时储能, 液流电池, 产品发布, 发布, 官宣, 合作进展, 项目签约, 投资, 合作",normal,2026-08-25T09:09:02+08:00,,9月大连液流大会扫码即刻报名 据全球液流电池网获悉，8月18日，2026腾冲科学家论坛・绿电价值转化专题活动于昆明举办。来自国家及省级相关政府部门、国内权威专家学者、高等院校、金融机构、产业企业以及云南各州市代表齐聚现场，共同探索绿色电力资源向现实产业收益转化的可行路径，为云南绿色能源产业创新发展凝聚多方智慧。 本次活动由腾冲科学家论坛组委会办公室、云南省能源局联合主办，主题为“绿电引领价值转化赋能云南高质量发展”。活动以高端技术研讨、典型案例分享、产业项目对接为载体，搭建政产学研金协同交流平台，深度挖掘绿电所蕴含的生态、经济与社会三重价值，大力推动“绿电+先进制造”“绿电+智算”等新兴业态深,http://mp.weixin.qq.com/s?__biz=Mzg3NjcyNzE4Nw==&mid=2247578245&idx=1&sn=5a6574ccb71020cf580965d80e05592a,,9月大连液流大会扫码即刻报名 据全球液流电池网获悉，8月18日，2026腾冲科学家论坛・绿电价值转化专题活动于昆明举办。来自国家及省级相关政府部门、国内权威专家学者、高等院校、金融机构、产业企业以及云南各州市代表齐聚现场，共同探索绿色电力资源向现实产业收益转化的可行路径，为云南绿色能源产业创新发展凝聚多方智慧。 本次活动由腾冲科学家论坛组委会办公室、云南省能源局联合主办，主题为“绿电引领价值转化赋能云南高质量发展”。活动以高端技术研讨、典型案例分享、产业项目对接为载体，搭建政产学研金协同交流平台，深度挖掘绿电所蕴含的生态、经济与社会三重价值，大力推动“绿电+先进制造”“绿电+智算”等新兴业态深,9月大连液流大会扫码即刻报名 据全球液流电池网获悉，8月18日，2026腾冲科学家论坛・绿电价值转化专题活动于昆明举办。来自国家及省级相关政府部门、国内权威专家学者、高等院校、金融机构、产业企业以及云南各州市代表齐聚现场，共同探索绿色电力资源向现实产业收益转化的可行路径，为云南绿色能源产业创新发展凝聚多方智慧。 本次活动由腾冲科学家论坛组委会办公室、云南省能源局联合主办，主题为“绿电引领价值转化赋能云南高质量发展”。活动以高端技术研讨、典型案例分享、产业项目对接为载体，搭建政产学研金协同交流平台，深度挖掘绿电所蕴含的生态、经济与社会三重价值，大力推动“绿电+先进制造”“绿电+智算”等新兴业态深度融合。通过深化跨领域多方协作，吸引高附加值产业项目与高层次人才落地云南，进一步巩固和提升云南绿电在全国能源市场的核心竞争地位。 活动现场完成招商引资、招才引智项目集中签约，以一批务实落地的合作成果，将绿电价值从理论探讨推向产业实践。大连融科储能集团副总裁、大连融科储能技术有限公司总经理王晓丽出席签约仪式 在招商引资板块，本次共达成10个签约项目，总投资额达69.57亿元。项目赛道布局丰富多元，覆盖零碳园区建设、源网荷储一体化、全钒液流储能制造、风光互补开发、跨境光伏EPC、绿电直连等重点方向。其中全钒液流储能制造项目的落地，将充分依托云南本地水电、风光绿电资源优势，补齐长时储能装备产业环节，延伸绿电全产业链，进一步拓宽绿电就地消纳与储能产业的应用场景，助力省内新能源大基地配套储能、独立共享储能项目加速建设。休息一下，看个广告 本次专题活动设置四大平行研讨单元，分别为绿色制造与产业升级、市场机制与绿证实践、碳市场与碳足迹建设、零碳园区建设与实践。参会的政府代表、行业专家、企业嘉宾围绕“绿电+先进制造”融合发展模式、绿电交易规则优化、产品碳足迹管控、零碳园区实操建设等核心议题展开充分交流，共同研讨绿电价值实现路径以及区域产业转型升级方向。 对于全钒液流储能产业而言，云南充沛廉价的绿电资源，既可以支撑钒电解液生产制造环节的用能需求，也能够为储能电站运行提供绿色电力来源。本次论坛通过项目签约、专题研讨的形式，打通资源、人才、市场的对接通道，为全钒液流储能在云南的规模化发展营造良好的产业生态，助力长时储能与本地绿电产业双向赋能、协同发展。延伸阅读抢抓长时储能时代机遇｜融科储能赴云南大理，共话钒液流电池储能产业新未来 据全球液流电池网获悉，8月17日至18日，大连融科储能集团股份有限公司（以下简称“融科储能”）董事长刘延辉率队赴云南，先后与大理州委、州政府举行工作座谈，并赴昆明参加腾冲科学家论坛，完成合作签约。两天行程紧凑高效，政企同频共振，一幅以钒液流电池为笔、以绿色能源为底色的产业画卷，正在滇西大地徐徐展开。 政策与需求双轮驱动，云南液流电池市场迎来黄金窗口期 云南，是全国绿色能源版图中最耀眼的省份之一。截至2025年底，全省电力总装机突破1.7亿千瓦，绿色能源装机占比超过九成。但丰水期弃水、枯水期缺电的矛盾长期存在，随着滇西新能源大基地加速建设，电网对跨昼夜、跨时段平抑波动的长时储能资源需求日益迫切——这正是钒液流电池储能的核心价值所在。 政策层面，云南对长时储能的支持力度持续加码：《云南省新型储能高质量发展专项行动方案（2025—2027年）》印发实施，省级共享储能项目清单常态化发布；在此前出台的实施方案中，钒液流电池储能可按投产装机容量的3倍提供共享服务，收益模型显著优于其他技术路线。近期发布的省级共享储能项目清单中，钒液流电池储能项目规模达1.5GW/6GWh，成为绝对主力。与此同时，滇中、滇西地区分布着丰富的钒钛磁铁矿资源，毗邻四川攀西钒钛资源富集区，原材料供应半径短、自主可控，为钒液流电池产业的规模化发展提供了得天独厚的土壤。 可以说，云南已成为全国钒液流电池需求旺盛、政策友好、场景丰富的核心区域市场之一。业内普遍判断，2026年将成为钒液流电池大规模商用的元年，而云南正站在这场产业变革的潮头。 大理：滇西能源枢纽上的储能产业沃土 8月17日，大理州委书记杨国宗与刘延辉董事长一行举行工作座谈，双方围绕加快重点项目建设、提升合作质效、培育新型储能产业集群、推动绿色能源产业延链补链强链等深入沟通交流。 杨国宗书记介绍，大理风光资源富集，电网调峰需求旺盛，储能应用场景丰富，产业基础扎实，交通区位优势明显，是滇西能源枢纽和面向南亚东南亚辐射中心的重要节点，发展新型储能产业条件优越、市场空间广阔。他希望融科储能充分发挥技术、资本和产业优势，加快推进项目落地见效，助力大理绿色能源产业转型升级，为建设滇西新能源基地提供坚实支撑。 杨国宗书记介绍，大理风光资源富集，电网调峰需求旺盛，储能应用场景丰富，产业基础扎实，交通区位优势明显，是滇西能源枢纽和面向南亚东南亚辐射中心的重要节点，发展新型储能产业条件优越、市场空间广阔。他希望融科储能充分发挥技术、资本和产业优势，加快推进项目落地见效，助力大理绿色能源产业转型升级，为建设滇西新能源基地提供坚实支撑。 以全产业链能力，助力区域发展 座谈中，刘延辉董事长表示，大理营商环境好、产业基础坚实、市场前景广阔。作为全球少数完整掌握钒液流电池材料、装备、应用全产业链核心技术与规模化生产能力的企业集团，融科储能将紧抓云南省和大理州储能产业政策机遇，深化与大理在储能领域的协同合作，围绕研发适配、智能制造、系统集成、场景示范、运维服务等环节完善产业布局，并依托核心技术优势发挥”链主”企业引领作用，带动上下游产业集聚，助力培育全产业链集群，为滇西地区新型电力系统建设提供安全、可靠、长寿命的储能产品，助力大理打造具有地方特色的新型储能产业高地。 随着省级共享储能项目清单中6GWh钒液流电池储能订单的释放，规模化应用将进一步摊薄成本、完善供应链，长时储能的经济性拐点正在加速到来。 受邀腾冲科学家论坛，合作签约再添新篇 8月18日，刘延辉董事长一行赴昆明参加腾冲科学家论坛，并出席合作签约仪式。在科学家精神与新质生产力交汇的舞台上，融科储能与各方伙伴携手，将技术创新与产业需求深度对接，为云南绿色能源强省建设注入新的动能。 从技术示范到规模化应用，钒液流电池正在迎来属于自己的时代。云南的资源禀赋、政策引导与市场需求，大理的区位优势与产业雄心，与融科储能的全产业链能力高度契合。未来，融科储能将继续深耕长时储能赛道，与云南、与大理同向同行，让安全、可靠、长寿命的全钒液流储能产品，为新型电力系统建设和”双碳”目标实现贡献坚实力量。 大理州委常委、州政府常务副州长李苏，大理州政府党组成员，副秘书长姜辉，州级相关部门负责人；苏州世名科技股份有限公司董事长陆勇、云南禄丰恒利新材料有限公司董事长郭程及融科储能副总裁王晓丽等相关负责人参加有关活动。CFE2026第七届中国液流电池储能大会议程（8月10日更新）近期热点及活动1、议程发布！CFE2026第七届中国液流电池储能大会9月17-18日即将重磅开启！液流电池至暗时刻？or商业化拐点成人礼？2、7.6GWh！含11个全钒液流，云南发改委、能源局发布2026年共享储能项目清单3、官宣定档！朝圣之旅，9月17-18日CFE2026第七届中国液流电池储能大会相约大连！参展、演讲、参会报名正式启动！4、AI的尽头是储能与电力！CFE2026第六届中国液流电池储能大会圆满落幕，新型储能“转正”从电力“配角”到六大新兴支柱产业进阶5、突破迎关键临界点！全球旗舰盛会—CFE2025第五届中国液流电池储能大会暨2024-2025年度液流品牌颁奖盛典圆满落幕6、获奖名单及终版议程发布！CFE2025第五届中国液流电池储能大会暨品牌颁奖盛典9月19-20日武汉盛大召开7、共筑全产业链生态繁荣！全球风向—CFE2025第四届中国液流电池储能大会、中国液流电池青年科学家论坛圆满落幕8、晚宴名单、参会总名单、终版议程发布｜CFE2025第四届中国液流电池储能大会3月3日盛大开幕9、全国首个！四川出台钒电池储能产业专项政策每月6日活动日，群内成员全开放1天8月18日，2026腾冲科学家论坛・绿电价值转化专题活动于昆明举办，共同探索绿色电力资源向现实产业收益转化的可行路径，为云南绿色能源产业创新发展凝聚多方智慧。,,,,pending
解密：澳大利亚电池储能收益为何大幅下降,全球液流电池储能,全球液流电池储能,"RIOnews API, 长时储能, 液流电池, 产品发布, 发布, 官宣",normal,2026-08-25T09:09:02+08:00,,9月大连液流大会扫码即刻报名2026年第二季度，澳大利亚已实现的电池储能套利价差暴跌84%，报告指出可再生能源产出增加和电池容量增长是电价下降和项目回报压缩的主要驱动因素。BNEF最新的《2026年第三季度澳大利亚电力市场季报》显示，2026年第二季度国家电力市场（NEM）的平均电价同比下降了40%至65%。BNEF在报告中表示，电价和日内波动性的急剧下降是由可再生能源发电量增加和晚间高峰需求时段电池放电增加所驱动的。在整个NEM中，第二季度平均日内套利为每MWh 103澳元（73美元），同比下降79%，原因是冬季较为温和且晚间需求降低。BNEF表示，不断扩大的电网电池队伍之间的竞争进一步压缩,http://mp.weixin.qq.com/s?__biz=Mzg3NjcyNzE4Nw==&mid=2247578245&idx=4&sn=343594de2f9da1a4d757bca284eb72f8,,9月大连液流大会扫码即刻报名2026年第二季度，澳大利亚已实现的电池储能套利价差暴跌84%，报告指出可再生能源产出增加和电池容量增长是电价下降和项目回报压缩的主要驱动因素。BNEF最新的《2026年第三季度澳大利亚电力市场季报》显示，2026年第二季度国家电力市场（NEM）的平均电价同比下降了40%至65%。BNEF在报告中表示，电价和日内波动性的急剧下降是由可再生能源发电量增加和晚间高峰需求时段电池放电增加所驱动的。在整个NEM中，第二季度平均日内套利为每MWh 103澳元（73美元），同比下降79%，原因是冬季较为温和且晚间需求降低。BNEF表示，不断扩大的电网电池队伍之间的竞争进一步压缩,9月大连液流大会扫码即刻报名2026年第二季度，澳大利亚已实现的电池储能套利价差暴跌84%，报告指出可再生能源产出增加和电池容量增长是电价下降和项目回报压缩的主要驱动因素。BNEF最新的《2026年第三季度澳大利亚电力市场季报》显示，2026年第二季度国家电力市场（NEM）的平均电价同比下降了40%至65%。BNEF在报告中表示，电价和日内波动性的急剧下降是由可再生能源发电量增加和晚间高峰需求时段电池放电增加所驱动的。在整个NEM中，第二季度平均日内套利为每MWh 103澳元（73美元），同比下降79%，原因是冬季较为温和且晚间需求降低。BNEF表示，不断扩大的电网电池队伍之间的竞争进一步压缩了套利回报，同比下降84%至每MWh 60澳元，并指出这一下降可能预示着随着更多容量投运，收入蚕食将加剧。BNEF预测，随着可再生能源和储能容量的扩大，已实现的价格和电池回报可能将继续面临越来越大的压力。该研究机构估计，公用事业规模电池在第二季度获得了5300万澳元的套利收入，同比下降57%。频率控制辅助服务（FCAS）产生了480万澳元的收入，同比下降51%，因为快速增长的容量使市场饱和。BNEF指出，由Vena Energy拥有的南澳大利亚Tailem Bend 2混合电池在2026年第二季度录得了NEM中所有电池中最高的FCAS平均市场价值，在此期间每天每MWh收入为27澳元。已实现的数据与行业预期一致，行业一直预期并现在正在目睹更多BESS容量带来的收入变化。虽然澳大利亚市场还有多年才能成熟，但轻松获利的早期阶段已经过去。EORA Energy首席执行官James Costello在一篇专栏文章中指出了这一点，他倡导长时储能。休息一下，看个广告澳大利亚电池和可再生能源何时发挥作用BNEF还表示，电网规模电池已超过天然气，成为市场主要的日内可变可再生能源供应平衡者。本季度下午6点，电池平均满足了8.4%的电力需求，高于一年前的3.1%（增长270%），而天然气的份额从12.6%降至6.8%。电池日益增长的影响力反映在批发价格形成中，第二季度电池在39%的时段内决定了批发价格，而一年前为19%。虽然市场波动性下降，但可再生能源发电继续攀升。2026年第二季度，风能和太阳能合计占发电份额的35%，高于去年同期的31%。可再生能源的涌入进一步替代了煤炭、天然气和液体燃料发电。（素材来自：BNEF 全球储能网、新能源网综合）CFE2026第七届中国液流电池储能大会议程（8月10日更新）近期热点及活动1、议程发布！CFE2026第七届中国液流电池储能大会9月17-18日即将重磅开启！液流电池至暗时刻？or商业化拐点成人礼？2、7.6GWh！含11个全钒液流，云南发改委、能源局发布2026年共享储能项目清单3、官宣定档！朝圣之旅，9月17-18日CFE2026第七届中国液流电池储能大会相约大连！参展、演讲、参会报名正式启动！4、AI的尽头是储能与电力！CFE2026第六届中国液流电池储能大会圆满落幕，新型储能“转正”从电力“配角”到六大新兴支柱产业进阶5、突破迎关键临界点！全球旗舰盛会—CFE2025第五届中国液流电池储能大会暨2024-2025年度液流品牌颁奖盛典圆满落幕6、获奖名单及终版议程发布！CFE2025第五届中国液流电池储能大会暨品牌颁奖盛典9月19-20日武汉盛大召开7、共筑全产业链生态繁荣！全球风向—CFE2025第四届中国液流电池储能大会、中国液流电池青年科学家论坛圆满落幕8、晚宴名单、参会总名单、终版议程发布｜CFE2025第四届中国液流电池储能大会3月3日盛大开幕9、全国首个！四川出台钒电池储能产业专项政策每月6日活动日，群内成员全开放1天阅读原文2026年第二季度，澳大利亚已实现的电池储能套利价差暴跌84%，报告指出可再生能源产出增加和电池容量增长是电价下降和项目回报压缩的主要驱动因素。,,,,pending
攀钢钒钛与艾斯能源深度对接 打通西南钒储能产业链上下游,全球液流电池储能,全球液流电池储能,"RIOnews API, 长时储能, 液流电池, 产品发布, 发布, 官宣, 合作进展, 融资, 合作, 量产推进, 产能, 竣工",normal,2026-08-25T09:09:02+08:00,,9月大连液流大会扫码即刻报名 据全球液流电池网获悉，8月15日下午，攀钢集团钒钛资源股份有限公司总经理、党委副书记王绍东率考察团一行到访艾斯能源（攀枝花）钒电解液工厂开展调研交流。双方围绕钒电解液产业链原料保供、技术协同创新、商业模式共创以及市场联合开拓开展深度磋商，达成多项合作共识，为携手布局全钒液流长时储能赛道筑牢合作根基。 攀钢钒钛（000629）作为全球核心钒制品龙头企业，依托自身资源优势，形成五氧化二钒、高钒铁、钒氮合金、储能级钒电解液等完备的钒产品矩阵，钒制品年产能达4.42万吨（以V₂O₅计），在储能钒原料供给端具备雄厚的产业实力。 艾斯能源（攀枝花）6万m³钒电解液项目目前主体,http://mp.weixin.qq.com/s?__biz=Mzg3NjcyNzE4Nw==&mid=2247578245&idx=3&sn=b49de57dc989c2c3f5411d5da5b893b3,,9月大连液流大会扫码即刻报名 据全球液流电池网获悉，8月15日下午，攀钢集团钒钛资源股份有限公司总经理、党委副书记王绍东率考察团一行到访艾斯能源（攀枝花）钒电解液工厂开展调研交流。双方围绕钒电解液产业链原料保供、技术协同创新、商业模式共创以及市场联合开拓开展深度磋商，达成多项合作共识，为携手布局全钒液流长时储能赛道筑牢合作根基。 攀钢钒钛（000629）作为全球核心钒制品龙头企业，依托自身资源优势，形成五氧化二钒、高钒铁、钒氮合金、储能级钒电解液等完备的钒产品矩阵，钒制品年产能达4.42万吨（以V₂O₅计），在储能钒原料供给端具备雄厚的产业实力。 艾斯能源（攀枝花）6万m³钒电解液项目目前主体,9月大连液流大会扫码即刻报名 据全球液流电池网获悉，8月15日下午，攀钢集团钒钛资源股份有限公司总经理、党委副书记王绍东率考察团一行到访艾斯能源（攀枝花）钒电解液工厂开展调研交流。双方围绕钒电解液产业链原料保供、技术协同创新、商业模式共创以及市场联合开拓开展深度磋商，达成多项合作共识，为携手布局全钒液流长时储能赛道筑牢合作根基。 攀钢钒钛（000629）作为全球核心钒制品龙头企业，依托自身资源优势，形成五氧化二钒、高钒铁、钒氮合金、储能级钒电解液等完备的钒产品矩阵，钒制品年产能达4.42万吨（以V₂O₅计），在储能钒原料供给端具备雄厚的产业实力。 艾斯能源（攀枝花）6万m³钒电解液项目目前主体工程已经完工，全面进入设备安装调试阶段，即将迎来试生产。项目采用LESYSTEM四价直入工艺，主打金融级钒电解液产品，可满足融资租赁残值评估、长期性能担保等严苛要求，是西南地区规模与技术均处于第一梯队的钒电解液制造项目。 一方手握上游钒资源，一方具备电解液规模化制造与创新金融模式落地能力，二者产业链高度互补，为深度合作创造良好条件。本次会谈敲定四大核心合作方向。 一是开展原料购销合作，筑牢品质底座。按照市场化机制，攀钢钒钛将为艾斯能源供应高品质偏钒酸铵（AMV），双方将加快推进购销协议签署，为艾斯攀枝花工厂试生产、后续满负荷运行提供稳定可靠的原料保障。休息一下，看个广告 二是推进多路线技术协同，强化供应链韧性。双方将联合攻关多钒酸铵（APV）提纯、吸附分离一步法等备选原料工艺，降低对单一原料路径依赖，进一步优化生产成本，提升整个产业链抗风险能力。 三是创新电解液融资租赁模式，打通产业金融通道。借力攀枝花国企探索的电解液经营性租赁创新模式，双方合力完善适配全钒液流储能的全链条金融服务体系，满足金融机构残值认定标准，引导更多社会资本流入钒储能领域。目前已有多家头部金融租赁机构开展对接，该创新模式正处于落地验证阶段。 四是推动产业链纵深延伸，联合开拓储能市场。双方提出合作不局限于原料贸易，将进一步探索更广范围的产业协同，打通钒资源—钒电解液—储能系统应用的完整链条，共同抢抓长时储能市场机遇。 当前国内长时储能产业迎来发展黄金窗口期，云南大批量储能项目落地，同时混合储能、工商业园区安全配储、算力中心算电协同配套储能等新场景需求快速爆发。全钒液流电池凭借高安全、长时放电的突出优势，成为上述场景的优选技术路线。 艾斯能源攀枝花基地投产恰逢产业需求集中释放，本次与攀钢钒钛达成合作，将补齐上游原料保障短板，强化成本优势，有力支撑企业承接云南及周边区域全钒液流储能项目订单。 关键数据 ▪攀钢钒钛：钒制品年产能4.42万吨（以V₂O₅计） ▪艾斯能源攀枝花基地：年产6万m³钒电解液，规模位居西南前列 据了解，艾斯能源（攀枝花）钒电解液工厂计划于9月底举办竣工仪式暨钒储能产业对接峰会，邀约全产业链企业齐聚攀枝花，共商钒储能产业发展大计。 从钒资源开采，到电解液智能制造，再辐射云南等重点储能市场，一条完整的西南钒储能产业链正在加速成型。未来艾斯能源将联合攀钢钒钛，立足资源、技术、金融三重优势，共同挖掘全钒液流长时储能产业巨大潜力。CFE2026第七届中国液流电池储能大会议程（8月10日更新）近期热点及活动1、议程发布！CFE2026第七届中国液流电池储能大会9月17-18日即将重磅开启！液流电池至暗时刻？or商业化拐点成人礼？2、7.6GWh！含11个全钒液流，云南发改委、能源局发布2026年共享储能项目清单3、官宣定档！朝圣之旅，9月17-18日CFE2026第七届中国液流电池储能大会相约大连！参展、演讲、参会报名正式启动！4、AI的尽头是储能与电力！CFE2026第六届中国液流电池储能大会圆满落幕，新型储能“转正”从电力“配角”到六大新兴支柱产业进阶5、突破迎关键临界点！全球旗舰盛会—CFE2025第五届中国液流电池储能大会暨2024-2025年度液流品牌颁奖盛典圆满落幕6、获奖名单及终版议程发布！CFE2025第五届中国液流电池储能大会暨品牌颁奖盛典9月19-20日武汉盛大召开7、共筑全产业链生态繁荣！全球风向—CFE2025第四届中国液流电池储能大会、中国液流电池青年科学家论坛圆满落幕8、晚宴名单、参会总名单、终版议程发布｜CFE2025第四届中国液流电池储能大会3月3日盛大开幕9、全国首个！四川出台钒电池储能产业专项政策每月6日活动日，群内成员全开放1天8月15日下午，攀钢集团钒钛资源股份有限公司总经理、党委副书记王绍东率考察团一行到访艾斯能源（攀枝花）钒电解液工厂开展调研交流。,,,,pending
新能源汽车品牌上周订单（817-823）,新能源探索录,新能源探索录,"RIOnews API, 比亚迪, 订单, 投资, 上市",normal,2026-08-25T09:03:53+08:00,,第34周新能源汽车周订单情况（W34）单位：台小米：7050，环比-3%鸿蒙智行（五界）：13700，环比+60%比亚迪（王朝+海洋）：57650，环比-6%理想：6650，环比-21%零跑：18500，环比-12%蔚来集团：7500，环比+1%小鹏：7700，环比+4%极氪：5650，环比-7%启源：4850，环比+10%方程豹：4800，环比+37%极狐：6150，环比+13%尊界：700，环比-18%享界：5700，环比+2180%本周市场：整体进一步回暖，MG07彻底爆单，竞品受到剧烈影响，部分预售竞品甚至出现小订退订情况。小米订单维持稳定，澎程开放内饰带来新进店量。理想L8、L9全国,http://mp.weixin.qq.com/s?__biz=MzkxMzYxOTM5MQ==&mid=2247485076&idx=1&sn=a7d5d3da30ff7a083d898ef554e906e3,,第34周新能源汽车周订单情况（W34）单位：台小米：7050，环比-3%鸿蒙智行（五界）：13700，环比+60%比亚迪（王朝+海洋）：57650，环比-6%理想：6650，环比-21%零跑：18500，环比-12%蔚来集团：7500，环比+1%小鹏：7700，环比+4%极氪：5650，环比-7%启源：4850，环比+10%方程豹：4800，环比+37%极狐：6150，环比+13%尊界：700，环比-18%享界：5700，环比+2180%本周市场：整体进一步回暖，MG07彻底爆单，竞品受到剧烈影响，部分预售竞品甚至出现小订退订情况。小米订单维持稳定，澎程开放内饰带来新进店量。理想L8、L9全国,第34周新能源汽车周订单情况（W34）单位：台小米：7050，环比-3%鸿蒙智行（五界）：13700，环比+60%比亚迪（王朝+海洋）：57650，环比-6%理想：6650，环比-21%零跑：18500，环比-12%蔚来集团：7500，环比+1%小鹏：7700，环比+4%极氪：5650，环比-7%启源：4850，环比+10%方程豹：4800，环比+37%极狐：6150，环比+13%尊界：700，环比-18%享界：5700，环比+2180%本周市场：整体进一步回暖，MG07彻底爆单，竞品受到剧烈影响，部分预售竞品甚至出现小订退订情况。小米订单维持稳定，澎程开放内饰带来新进店量。理想L8、L9全国官降1万元，带动订单环比回升，但基数有限，i8迅速进入平销期，配置受限后，i6订单受到持续影响。蔚来集团表现依旧稳定。鸿蒙智行订单大幅提升，主要由享界G9及问界M6新配置带动。零跑超三成订单来自A10，A05订单一般，D19及欧洲订单稳定。享界G9 上市，大定超5500台。其它：名爵爆单，MG07横扫2万大定、6万小订，845激光版订单占比最高，约30%。宝马iX3预售订单不错，超21000台小订。埃安昊铂订单继续回升，尤其华南，埃安UT带动新订单回升。更多尽在⬇️重要性提示：数据源自经销商、Tier one及专家咨询等，我们力求文章观点鲜明与内容正确无误，然若与官方信息出现偏差，还请以厂商最终公布信息为准，为避免较大争议，部分品牌数据有所修饰。比亚迪为王朝网+海洋网数据，蔚来集团包含乐道、萤火虫，鸿蒙智行包含五界，数据仅供参考，亦不构成任何投资建议引用数据请注明出处：新能源探索录本周市场继续回暖，MG07彻底爆单。,,,,pending
国内首次！硫化物固态电池实车道路测试成功！,电池社,电池社,"RIOnews API, 前沿表征, 工况, 固态电池, 产品发布, 发布, 发布会, 学术研究, 科学院, 研究所, 安全测试, 电池包, 中试, 样品, 认证, 落地",normal,2026-08-25T09:00:00+08:00,,近日，青岛中科源本新能源有限公司自主研发的硫化物全固态电池包成功搭载测试车辆，近日在实际道路工况下完成验证。公司技术负责人王九天博士表示：“据公开信息，这是国内首次有硫化物全固态电池真正实现上车行驶。本次路测的成功，验证了从底层材料创新到上层电芯集成的全栈技术贯通力。硫化物全固态电池的产业化绝非一蹴而就，它需要攻克材料革新、工艺优化到工程化落地的重重关隘，而用一次次扎实的突破，不断印证着自身走通这条道路的能力。”硫化物全固态电池是全球下一代动力电池的核心技术路线之一，其产业化进度直接影响产业竞争格局。此前业内普遍认为硫化物路线性能优势显著，但工程化落地难度较高，本次实车验证不仅验证了企业从材料,http://mp.weixin.qq.com/s?__biz=MzI5MDc1MjAzNQ==&mid=2247542970&idx=1&sn=4a1a29e8934026d23db955df8cfd40b6,,近日，青岛中科源本新能源有限公司自主研发的硫化物全固态电池包成功搭载测试车辆，近日在实际道路工况下完成验证。公司技术负责人王九天博士表示：“据公开信息，这是国内首次有硫化物全固态电池真正实现上车行驶。本次路测的成功，验证了从底层材料创新到上层电芯集成的全栈技术贯通力。硫化物全固态电池的产业化绝非一蹴而就，它需要攻克材料革新、工艺优化到工程化落地的重重关隘，而用一次次扎实的突破，不断印证着自身走通这条道路的能力。”硫化物全固态电池是全球下一代动力电池的核心技术路线之一，其产业化进度直接影响产业竞争格局。此前业内普遍认为硫化物路线性能优势显著，但工程化落地难度较高，本次实车验证不仅验证了企业从材料,近日，青岛中科源本新能源有限公司自主研发的硫化物全固态电池包成功搭载测试车辆，近日在实际道路工况下完成验证。公司技术负责人王九天博士表示：“据公开信息，这是国内首次有硫化物全固态电池真正实现上车行驶。本次路测的成功，验证了从底层材料创新到上层电芯集成的全栈技术贯通力。硫化物全固态电池的产业化绝非一蹴而就，它需要攻克材料革新、工艺优化到工程化落地的重重关隘，而用一次次扎实的突破，不断印证着自身走通这条道路的能力。”硫化物全固态电池是全球下一代动力电池的核心技术路线之一，其产业化进度直接影响产业竞争格局。此前业内普遍认为硫化物路线性能优势显著，但工程化落地难度较高，本次实车验证不仅验证了企业从材料到系统的全栈技术能力，也进一步印证了该路线的车载应用可行性。拿下这一进展的中科源本，是固态电池赛道成长迅速的技术型企业。公司成立于 2023 年底，总部位于青岛崂山区，核心团队源自中国科学院青岛生物能源与过程研究所。创始人武建飞研究员自 2016 年起带领团队开展硫化物全固态电池技术研发，在电解质制备、界面调控、电芯集成等领域积累了多年技术经验。依托前期的技术沉淀，公司成立后产业化推进节奏较快，目前已建成覆盖材料制备至电芯集成的中试产线。今年 7 月 10 日，中科源本刚在青岛举办车载硫化物全固态电池第一代样品发布会，现场完成了实景应用认证，包括搭载智能配送机器人稳定运行、电芯剪切安全测试等，直观展示了全固态电池的本质安全特性。材料+能源领域一站式服务平台！,,,,pending
AI for Science！建议所有电池领域的科研人员都来学一下，预定诺奖！,电解质前沿,电解质前沿,"RIOnews API, 新型电解液, 锂离子电池, 钠离子电池, 固态电解质, 电解液, 学术研究, 大学, 期刊",normal,2026-08-25T09:00:00+08:00,,国际顶级期刊《Nature Communications》刊发了一项关于水系锌硫电池的重要突破——研究团队通过重构硫电极表面的界面双电层（Electric Double Layer），将电池的电压极化降低至0.326 V，并在2C倍率下实现了1000次循环后每圈仅0.034%的超低容量衰减率。这项研究揭示了锌硫电池性能提升的关键在于电极/电解液界面的微观调控，但一个根本性问题依然悬而未决：如何从海量的材料组合与工艺参数空间中，高效锁定最优的界面设计策略？传统锌硫电池研究范式，往往依赖于“试错式”的实验探索与理论计算筛选。研究者基于有限的电解液配方、电极材料修饰方案及测试条件，通过电化学表征与谱,http://mp.weixin.qq.com/s?__biz=Mzg4MDg2ODUxMw==&mid=2247528618&idx=1&sn=affd42952640aa4ca4d6680d54677210,,国际顶级期刊《Nature Communications》刊发了一项关于水系锌硫电池的重要突破——研究团队通过重构硫电极表面的界面双电层（Electric Double Layer），将电池的电压极化降低至0.326 V，并在2C倍率下实现了1000次循环后每圈仅0.034%的超低容量衰减率。这项研究揭示了锌硫电池性能提升的关键在于电极/电解液界面的微观调控，但一个根本性问题依然悬而未决：如何从海量的材料组合与工艺参数空间中，高效锁定最优的界面设计策略？传统锌硫电池研究范式，往往依赖于“试错式”的实验探索与理论计算筛选。研究者基于有限的电解液配方、电极材料修饰方案及测试条件，通过电化学表征与谱,"国际顶级期刊《Nature Communications》刊发了一项关于水系锌硫电池的重要突破——研究团队通过重构硫电极表面的界面双电层（Electric Double Layer），将电池的电压极化降低至0.326 V，并在2C倍率下实现了1000次循环后每圈仅0.034%的超低容量衰减率。这项研究揭示了锌硫电池性能提升的关键在于电极/电解液界面的微观调控，但一个根本性问题依然悬而未决：如何从海量的材料组合与工艺参数空间中，高效锁定最优的界面设计策略？传统锌硫电池研究范式，往往依赖于“试错式”的实验探索与理论计算筛选。研究者基于有限的电解液配方、电极材料修饰方案及测试条件，通过电化学表征与谱学分析来逐步逼近性能最优解。然而，锌硫电池涉及多步固相转化反应、复杂的界面副反应网络以及多尺度（从原子级界面到电极层级）的耦合效应，其参数空间维度极高，传统方法如同“大海捞针”——不仅耗时费力，更难以捕捉那些隐藏在非线性关系中的协同优化潜力。而人工智能（AI）大模型与机器学习技术的崛起，正在彻底颠覆这一研发范式，使得锌硫电池的设计从“经验驱动”迈向“数据驱动”的智能变革。AI通过对海量文献数据、第一性原理计算数据库、高通量实验数据以及原位/operando表征结果的自监督学习与多模态融合，能够构建覆盖数万种材料组合的“组分-工艺-界面结构-性能”预测模型，不再依赖稀疏的实验点进行线性外推，而是直接刻画那些“界面耦合最复杂”区域的性能边界与失效机制。此外，AI具备强大的非线性关系捕捉与高维特征提取能力，例如在固态/水系锌硫电池体系中，它能同时解析电解液溶剂化结构、添加剂吸附能、硫正极导电骨架拓扑、电流密度-温度-面载量的交叉耦合效应，从而直接锁定最佳配方窗口与关键性能瓶颈，为下一代高比能、长寿命锌硫电池的理性设计提供前所未有的加速引擎。参会对象高校师生：涉及材料科学与工程、电化学、能源化工、物理化学、计算材料学、人工智能与数据科学等相关专业的教师、博硕研究生及高年级本科生。科研人员：从事先进二次电池（锌基电池、锂硫电池、固态电池）、电催化与界面电化学、计算材料学、电池机器学习与数据驱动材料发现等领域的研究人员。企业技术与管理人员：来自新能源电池企业（如宁德时代、比亚迪、国轩高科）、储能系统集成商、电池材料供应商、智能电池管理系统（BMS）开发公司、双碳及新能源咨询机构的技术研发与项目管理人员。如果你是正在寻求学术突破的硕士/博士研究生，正面临SCI选题迷茫、传统“试错法”效率低下、电池性能提升遭遇瓶颈、多因素耦合规律难以解耦的困境——那么，本课程正是为你量身定制的通关密钥！AI驱动电化学储能材料智能设计已成为Nature Energy、Joule、Advanced Materials、ACS Energy Letters、Energy & Environmental Science等顶刊高频收录的热点方向（近五年关于机器学习加速电池材料发现、电解液配方优化、界面演化预测与寿命预估的论文呈爆发式增长）。掌握AI与电化学储能交叉研究范式，不仅能帮你高效融合实验数据、理论计算与表征图谱，构建高精度电池性能预测与衰减预警模型，更能大幅提升论文创新性与录用率，为毕业、申博、进入顶尖材料研究团队与头部新能源/储能科技企业（如宁德时代新能源科技、比亚迪弗迪电池、特斯拉、QuantumScape、Northvolt、华为数字能源等）增添硬核竞争力。2026热门专题课程专题一：人工智能锌离子电池与液流电池专题二：机器学习固态电解质专题三：机器学习锂离子电池专题四：机器学习催化剂设计专题一：人工智能锌离子电池与液流电池课程目标1.系统引导学员建立人工智能与锌离子电池、液流电池材料研究的交叉知识体系，理解监督学习、无监督学习、集成学习、深度学习、图神经网络及大语言模型的核心原理，掌握不同算法在容量与电压预测、分子性质预测、晶体结构识别、材料筛选和文献知识挖掘等任务中的适用条件与局限。2.帮助学员掌握锌离子电池和液流电池材料数据的获取、清洗、表征与可信划分方法，能够使用Pandas、scikit-learn、RDKit、pymatgen和PyTorch完成特征工程、模型训练、交叉验证、超参数优化及SHAP解释；理解文献来源泄漏、分子骨架外推和晶体结构域偏移，避免仅依赖随机划分得到不可靠的高分模型。3.让学员掌握从传统模型到结构感知模型的递进式建模方法，能够运用随机森林和XGBoost分析正极容量及电极动力学，使用MLP、DNN和一维CNN处理材料表格、分子描述符及XRD谱图，并利用MolGAT、GCNN/CGCNN建立有机液流分子与锌电极性质预测模型，进一步构建晶体空隙、迁移通道和多性质串联筛选流程。4.掌握“数据—特征—模型—评价—筛选—知识组织”的完整研究流程，能够从锌离子电池与液流电池论文中结构化提取材料、性能和测试条件，构建材料知识图谱及RAG系统。课程案例均围绕可获取数据设计，使学员能够复用教学代码与固定数据集独立开展相关材料研究。讲师介绍主讲老师来自全国重点大学、国家“985工程”、“211工程”重点高校，长期从事机器学习辅助的材料设计与预测研究，帮助学员形成可复现、可解释且面向材料发现的人工智能研究能力。本课程聚焦机器学习、深度学习与大语言模型在锌离子电池和液流电池材料研究中的应用，围绕正极、负极界面、电解液、膜材料及有机液流活性分子等核心对象，制作案例。课程按照“材料数据—经典机器学习—无监督学习—分子表示—深度学习—图神经网络—材料筛选—知识图谱RAG”的技术路线组织理论与实操。专题二：机器学习固态电解质课程目标1. 理解锂离子电池固态电解质（SSE）的材料体系、关键性能指标、界面问题与当前研发瓶颈。2. 掌握从DFT、AIMD、经典MD和机器学习分子动力学中提取材料数据的方法，包括能量、力、应力、MSD、扩散系数、离子电导率、局域结构和界面反应信息。3. 掌握Python材料数据处理流程，能够使用Numpy、Pandas、Matplotlib/Seaborn、Pymatgen、ASE和Matminer构建固态电解质数据集。4. 掌握面向固态电解质的特征工程方法，包括组成特征、结构特征、RDF、配位环境、连续对称度量（CSM）、局域畸变和界面描述符。5. 能够使用Scikit-learn构建并评估离子电导率、扩散能力、界面稳定性等监督学习模型，并进行特征重要性和模型不确定性分析。6. 理解图神经网络与通用/领域专用机器学习势函数的基本思想，并能围绕CHGNet、MACE、DeePMD、DPA-SSE和MTP案例完成模型验证和结果解析。7. 学习最新论文中的应用路线：硫化物DPA-SSE预训练势、高熵LZSP双阶段筛选、Li2ZrCl6深度学习加速MD、Li|Li3PS4界面SEI形成、LiF/Li2CO3无定形SEI组分输运、Na4P2S7玻璃电解质MACE微调等。8. 通过连续练习完成一个小型端到端项目：数据整理→ 特征提取 → 模型训练 → 候选材料筛选 → 机理解释 → 汇报材料。讲师介绍主讲老师来自全国重点大学、国家“985工程”、“211工程""重点高校，长期从事固态电解质材料的第一性原理、分子动力学模拟研究，特别是在利用计算模拟方法和机器学习相结合来加速材料筛选，性能预测等方面有深入研究。他的授课方式浅显易懂，特别擅长从简单角度出发，逐渐深入讲解复杂的理论知识和计算方法!目前共发表论文（Nature Catalysis， Nature Communications， Energy & Environmental Science， Advanced Energy Materials等）共四十余篇。曾任Joule， Journal of Materials Chemstry A等期刊审稿人。专题三：机器学习锂离子电池课程目标1. 了解锂离子电池的基本原理与当前挑战，以及机器学习在电池材料与数据分析中的应用。掌握 Python 与 Jupyter Notebook 的语法、数据结构与函数，以及 NumPy、Pandas、Matplotlib 的基本用法；能够区分回归与分类，使用 Scikit-learn 完成训练、测试与基础评估，并在电极电压等数据上比较经典模型，开展聚类与降维分析。2. 掌握材料表格数据的特征工程，包括预处理、标准化与特征选择；能够从 Materials Project 获取材料与电池相关数据，并使用 pymatgen 解析、修改和导出晶体结构，为后续建模准备可复用的数据流程。3. 理解神经网络的基本结构、激活函数、损失函数、梯度下降与反向传播，能够使用 PyTorch 构建全连接网络，并掌握 L1/L2、Dropout 与常用优化器。在此基础上了解 CNN、GNN、Transformer、GAN 与 VAE，能够将晶体结构表示为图，使用 CGCNN、GAT 等模型进行材料性质与电极电压预测；能够在电池寿命与健康状态预测中应用 LSTM、GRU 等时序网络。4. 了解电池管理系统（BMS）的功能与组成，理解 SOC、SOH、SOE、SOP、RUL 等状态含义，掌握物理模型与机器学习融合的状态估计思路，能够开展充放电策略优化以及 SOC/SOH/寿命的可信预测与部署设计；并能够使用大语言模型完成电池文献的结构化提取、检索问答与辅助调参。讲师介绍来自全国重点大学、国家""985工程""、""211工程""重点高校，长期从事锂离子电池研究，特别是在利用计算模拟方法和机器学习技术解决锂离子电池领域的关键问题。在多个国际高水平期刊上发表 SCI 检索论文 30 余篇。授课方式深入浅出，能够将复杂的理论知识和计算方法讲解得清晰易懂。专题四：机器学习催化剂设计课程目标1.课程将系统引导学员深入理解催化反应的核心原理，对CO2RR、HER、硫还原、甲烷C-H活化及光催化等典型体系建立更深刻的认识，同时全面剖析机器学习在催化与材料科学领域的应用背景与适用范畴。2.课程助力学员精准把握传统机器学习算法、深度学习算法与图深度学习算法的本质差异，熟练掌握python第三方库（NumPy、Pandas、scikit-learn、PyTorch、PyTorch Geometric、pymatgen、matminer等）的核心功能与应用技巧。通过系统学习与实践，学员将能够灵活运用线性模型、逻辑回归、K近邻、朴素贝叶斯、支持向量机、决策树、集成学习模型、深度神经网络及图卷积神经网络等算法模型深度融入科学研究场景，并掌握无监督学习、特征工程、符号回归与迁移学习等进阶方法。3.借助SHAP等机器学习可解释性分析方法，结合知识图谱与反应网络建模，深入挖掘数据背后的科学规律，精准阐释催化反应机制，实现数据驱动与理论解析的深度融合。4.课程聚焦深度学习与图深度学习在催化材料设计中的前沿应用，系统讲解DNN、RNN、CNN、LSTM及Transformer等深度网络的基础框架与核心原理，引导学员熟练掌握PyTorch编程实践，能够独立搭建并训练深度神经网络用于光催化剂筛选等实际课题。进一步深入图深度学习领域，涵盖图卷积神经网络（GCN）、图注意力网络（GAT）及CGCNN等经典模型的原理与代码实现，学员将学会使用PyTorch Geometric与networkx构建图数据结构、封装晶体特征，并结合知识图谱与反应网络建模，实现对催化反应路径与材料性能的精准预测，为面向复杂催化体系的智能化设计提供强有力的深度学习工具链。讲师介绍主讲老师来自全国重点大学、国家“985工程”、“211工程”重点高校，长期从事机器学习辅助电催化剂设计，在深度学习及图深度学习辅助的催化剂设计研究领域深耕多年，具有丰富的经验和扎实的基础。在多个顶级期刊上发表高水平研究论文70余篇。他的授课方式深入浅出，擅长将复杂的理论知识与计算方法转化为清晰易懂的内容，让学员轻松理解掌握。PART 01人工智能锌离子电池与液流电池第一天上午理论内容锌离子电池与液流电池材料数据基础：实验数据、文献数据、DFT数据与机器学习标签正极、负极、电解液、膜和活性分子的常见数据形式机器学习基本流程：数据清洗、特征构建与训练测试集划分回归、分类及常用评价方法材料数据中的信息泄漏：按文献来源、分子骨架和晶体结构原型划分数据实操：掺杂MnO₂正极容量数据的清洗、统计与可视化SOMAS有机液流电池分子溶解度数据的整理与分析，为液流电池活性分子溶解度预测提供数据基础Materials Project高电压锌离子电池正极数据的筛选与可视化第一天下午理论内容材料表格数据的机器学习流程：数值特征、类别特征与分子指纹Pipeline、交叉验证与超参数优化随机森林、XGBoost和支持向量机SHAP特征解释及其物理意义按文献来源、电极组合和分子骨架进行外推测试项目实操（约2.5—3小时）：基于随机森林和XGBoost预测掺杂MnO₂正极放电容量基于GITT扩散系数和XGBoost建立锌电池正负极动力学匹配模型基于随机森林联合预测醌类分子的还原电位和pKa第二天上午理论内容有机液流电池活性分子的结构表示：SMILES、Morgan指纹与分子描述符；醌类、氮杂芳香分子与氧化还原反应对分子性质预测；氧化还原反应能和水溶解度；随机划分、骨架划分与域外测试多目标材料评价：电位、溶解度、稳定性和可合成性的权衡实操内容RedDB分子数据清洗、SMILES规范化和分子指纹生成RedPred有机液流电池反应能预测及域外误差分析SOMAS实验水溶解度回归及模型适用域分析第二天下午理论内容深度学习基础：神经元、激活函数与损失函数前向传播、反向传播与梯度下降PyTorch数据集、训练循环与早停材料深度学习模型：表格数据多层感知机分子描述符深度神经网络一维卷积神经网络与XRD谱图数据增强与模拟—实验域偏移项目实操1. 使用NumPy手写多层感知机预测MnO₂正极容量2. 使用PyTorch构建深度神经网络预测有机液流分子反应能3. 使用一维卷积神经网络识别锌离子电池正极XRD晶体对称性第三天上午理论内容图神经网络基础：节点、边、邻接关系与消息传递GCN、GAT与Graph Transformer材料图表示：SMILES到分子图CIF到周期性晶体图迁移学习：大规模锂电数据预训练小规模锌电数据微调实操内容案例：通过带边特征的图注意力网络预测氧化还原电位，并对大规模有机分子库进行虚拟筛选。多价电池电压研究利用锂电极数据预训练，再迁移到Zn、Mg、Ca和Al等小样本体系，显著降低多价离子电极电压预测难度。探索图卷积网络、深度神经网络和随机森林的训练数据与实现，在同一域内和域外测试集上比较不同材料表示。第三天下午理论内容材料筛选与优化：晶体空隙、贯通路径与结构描述符多目标筛选与阈值敏感性串联模型、规则过滤与候选排序计算候选、可合成性与实验验证的区别项目实操1. 基于晶体空隙和贯通路径筛选可充水系锌电池正极2. 基于Materials Project复现高电压锌正极多级筛选漏斗3. 使用RedCat复现有机液流电池活性分子自动筛选流程案例：可充水系锌正极计算从材料数据库检索氧化物、硫属化物、普鲁士蓝类似物和聚阴离子材料，通过晶体空隙、Zn²⁺贯通路径和电化学稳定性筛选候选。高电压锌正极研究采用组成、稳定性、电压、容量、Zn²⁺插层和迁移势垒组成的多级筛选漏斗，从大规模晶体数据库中寻找候选正极。将结构过滤、RedPred反应能、AqSolPred溶解度、价格、DFT和分子动力学串成自动筛选流程，从大规模分子库中获得有机液流电池候选。第四天上午理论内容无监督学习基础：什么是无监督学习无监督算法——K-means与层次聚类无监督算法——PCA与t-SNE降维材料与化学数据的特征工程：分子结构表示与分子指纹类别特征的独热编码数据标准化、距离度量与聚类评价实操内容基于PCA和K-means分析掺杂MnO₂正极材料空间基于t-SNE和层次聚类分析有机液流电池分子空间基于PCA和层次聚类识别锌正极晶体结构家族案例：掺杂MnO₂数据包含元素属性、实验条件和放电容量，观察主要变化方向，再用K-means分析材料簇与容量等级之间的对应关系。利用分子指纹、t-SNE和层次聚类比较不同母核及官能团形成的化学空间。多价电池电压研究公开了锌电极CIF和标签，提取组成、密度、体积、空间群等描述符，再通过PCA和层次聚类识别结构家族。第四天下午理论内容大语言模型基础：提示词、上下文与结构化输出JSON Schema与字段校验检索增强生成：文本切分、向量检索与重排序知识图谱、实体链接与多跳检索科研问答可靠性：引用溯源、幻觉检测与无证据拒答实操内容案例：实体识别和问答模型嵌入电池文献抽取流程，可用于提取正极、电解液、容量和测试条件。从材料文献中构建包含材料、性质、合成和应用关系的大规模知识图谱，可筛选Zn、MnO₂、vanadium和electrolyte相关子图。将两者与锌电解液RAG筛选研究结合，完成结构化抽取、知识图谱RAG和对照评测。PART 02机器学习固态电解质第一天：固态电解质问题定义、数据来源与输运计算实践上午：固态电解质与AI应用快速导入1.1 固态电解质核心概念精讲固态电解质分类：硫化物、氧化物、卤化物、聚合物、复合电解质和玻璃态电解质。关键性能：离子电导率、电子电导率、电化学窗口、热稳定性、空气/湿度稳定性、机械性能、界面相容性。理论压缩：只保留离子迁移机制、能垒、缺陷、局域畸变和渗流网络等与机器学习建模直接相关的概念。1.2 近期论文路线图案例一：DPA-SSE预训练深度势用于硫化物固态电解质，关注可迁移性、出平衡构型和模型蒸馏。案例二：高熵LZSP双阶段机器学习框架，结合微调CHGNet和SF-MSD结构-输运映射筛选4575个五元组合。案例三：Li2ZrCl6卤化物电解质深度学习加速MD，比较有序/无序α相和β相中的各向异性输运。案例四：Li|β-Li3PS4界面SEI形成的MTP大尺度MD，解析快速扩散、成核、Li2S生长和稳定化四阶段。案例五：无定形LiF/Li2CO3和Na4P2S7玻璃电解质中的局域环境、玻璃结构和迁移机制。1.3 课程软件环境与数据包检查实操：检查Anaconda/Jupyter、Numpy、Pandas、Scikit-learn、Pymatgen、ASE、Matminer、Matplotlib、Seaborn。实操：检查可选工具：VASP输出解析环境、LAMMPS、OVITO/VMD、DeepMD-kit、MACE、CHGNet或预计算结果包。实操：建立课程目录结构：raw_data、processed_data、notebooks、models、figures、reports。练习：读取一个CIF/POSCAR文件，输出化学式、晶格常数、空间群和密度。下午：DFT/MD数据读取与离子输运计算1.4 从计算输出提取材料属性快速回顾：形成能、分解能、电化学窗口、迁移能垒、AIMD轨迹的用途。实操：用Pymatgen/ASE读取vasprun.xml、OUTCAR、XDATCAR或示例轨迹。实操：提取能量、力、应力、晶胞体积、温度、原子坐标和元素标签。练习：比较两个固态电解质样例的形成能和结构参数，整理为CSV。1.5 MSD、扩散系数和离子电导率计算实操：从MD轨迹计算Li离子MSD曲线。实操：线性区间选择、扩散系数拟合和Nernst-Einstein方程计算离子电导率。实操：Arrhenius拟合与迁移活化能估计。练习：对不同温度轨迹拟合电导率，讨论低温外推可能带来的误差。1.6 论文复现实验：SEI组分输运判断案例：无定形LiF、Li2CO3及混合体系中的Li扩散，关注局域Li-F四面体形成对低温扩散的影响。实操：计算RDF、配位数和局域结构随温度变化。练习：判断“无定形化一定提升Li扩散”这一假设是否成立，并用图表给出证据。第二天：Python材料数据处理与固态电解质特征工程上午：材料数据清洗、可视化与基线数据集2.1 Pandas材料数据处理实战实操：读取固态电解质性能表，包括化学式、结构类型、温度、电导率、带隙、形成能和文献来源。实操：统一单位，如S/cm、mS/cm、eV/atom、K和室温外推值。实操：处理缺失值、重复材料、同一材料多温度数据和异常电导率。练习：按材料类别统计电导率分布，并找出数据质量风险。2.2 可视化与探索性分析实操：绘制电导率-温度、结构类型-电导率、形成能-电导率、元素出现频次图。实操：绘制相关性热图、箱线图和候选材料排名图。练习：从图中提出三个可检验的材料设计假设。2.3 基线任务定义任务一：预测log10(室温离子电导率)。任务二：分类判断候选材料是否达到10^-4 S/cm阈值。任务三：预测界面组合是否具有较低反应风险。练习：为三个任务分别定义输入特征、标签、评价指标和数据泄漏风险。下午：组成、结构与局域环境描述符2.4 组成特征构建实操：使用Pymatgen/Matminer提取元素比例、平均电负性、离子半径、质量、价电子数、熔点等统计量。实操：构建Li含量、阴离子类型、掺杂元素数、高熵组分数等固态电解质专用特征。练习：比较硫化物、卤化物和氧化物的组成特征差异。2.5 结构特征构建实操：提取晶格参数、空间群、密度、体积/原子、Li位点数、空位比例。实操：计算RDF、局域配位数、键长分布和结构无序度。练习：为Li2ZrCl6有序α相、无序α相和β相设计能够区分输运差异的结构特征。2.6 高熵和局域畸变特征案例：高熵LZSP中CHGNet结构弛豫和SF-MSD模型使用RDF、CSM等特征预测MSD。实操：计算元素混合熵、Li空位浓度、框架元素统计量和CSM类特征。练习：解释哪些特征可能对应“稳定框架”和“适度局域畸变”。2.7 界面描述符实操：构建电极-电解质界面组合表，包括化学势差、反应能、体积变化、电子绝缘性和产物相信息。练习：为Li|β-Li3PS4界面定义可用于预测SEI形成风险的5个特征。第三天：机器学习模型训练、解释与筛选实践上午：传统机器学习预测离子电导率3.1 回归模型训练流程实操：划分训练集、验证集和测试集，避免同一材料多温度数据泄漏。实操：训练线性回归、岭回归、随机森林、梯度提升树和SVR模型。实操：评价MAE、RMSE、R2、Spearman相关系数和Top-k命中率。练习：比较不同模型对高电导率材料排序能力的差异。3.2 分类模型与阈值筛选实操：将材料标记为高/中/低电导率类别。实操：训练逻辑回归、随机森林和梯度提升分类器。实操：绘制混淆矩阵、ROC曲线、PR曲线。练习：在类别不平衡条件下选择合适评价指标。3.3 模型解释与误差分析实操：使用特征重要性、Permutation importance和SHAP解释模型。实操：定位预测失败样本，区分数据噪声、外推化学空间和特征不足。练习：用SHAP结果解释Li空位、局域畸变和阴离子化学对电导率预测的影响。下午：高通量筛选与小型主动学习3.4 高熵固态电解质筛选复现实践案例：以高熵LZSP双阶段框架为模板，先用结构弛豫/预计算结构特征，再用SF-MSD类模型预测MSD。实操：生成一批虚拟掺杂组合，计算组成和结构特征。实操：用训练好的模型给出MSD或电导率排序。练习：筛选Top 20候选材料，并给出保守筛选、激进筛选两套标准。3.5 模型不确定性与主动学习实操：用模型集成或交叉验证方差估计预测不确定性。实操：选择“高性能高不确定性”和“代表性不足”的下一批计算样本。练习：设计一轮主动学习：新增10个DFT/MD标注点后如何更新模型。3.6 论文读图与方法拆解练习：分组拆解一篇近期论文的方法图，明确输入数据、模型、标签、验证方式和材料结论。练习：判断论文结论中哪些属于模型预测、哪些属于物理机理解释、哪些需要实验验证。第四天：图神经网络、通用模型与机器学习势函数实践上午：GNN与预训练材料模型应用4.1 图神经网络快速入门快速回顾：晶体图、节点、边、消息传递、周期边界和结构到性质映射。模型示例：CGCNN、SchNet、MEGNet、ALIGNN、M3G",,,,pending
专利情报-双层包覆磷酸锰铁锂材料-比亚迪,能源灯塔,能源灯塔,"RIOnews API, 比亚迪, 铁锂, 磷酸锰铁锂, 锰铁锂, 正极材料, 电解液",normal,2026-08-25T09:00:00+08:00,,超凡知识产权电池领域服务团队每日九点，为您准时推送「电池行业专利解读及热点资讯」CN122338017A-磷酸锰铁锂复合材料及其制备方法、正极片、锂离子电池和用电设备申请日：2025-01-02公开(公告)日：2026-07-03技术问题：LFMP正极材料的本征锂离子电导率和电子电导率较低，并且在充放电过程中Mn3+的Jahn-TelIer效应会造成晶格扭曲和Mn溶出，此外，在脱嵌锂的两相反应阶段的体积变化较大，产生的应力集中会导致正极材料颗粒破碎。上述缺点通常会导致磷酸锰铁锂电池的充电时间较长、倍率性能较差以及电池放电过程中DCR升高，循环性能下降，这对电池性能的发挥造成了严峻的挑战。技术手,http://mp.weixin.qq.com/s?__biz=MzU3Mzg4MDk4MA==&mid=2247501446&idx=1&sn=7aae43715a7fd7b43ce347d93d401952,,超凡知识产权电池领域服务团队每日九点，为您准时推送「电池行业专利解读及热点资讯」CN122338017A-磷酸锰铁锂复合材料及其制备方法、正极片、锂离子电池和用电设备申请日：2025-01-02公开(公告)日：2026-07-03技术问题：LFMP正极材料的本征锂离子电导率和电子电导率较低，并且在充放电过程中Mn3+的Jahn-TelIer效应会造成晶格扭曲和Mn溶出，此外，在脱嵌锂的两相反应阶段的体积变化较大，产生的应力集中会导致正极材料颗粒破碎。上述缺点通常会导致磷酸锰铁锂电池的充电时间较长、倍率性能较差以及电池放电过程中DCR升高，循环性能下降，这对电池性能的发挥造成了严峻的挑战。技术手,"超凡知识产权电池领域服务团队每日九点，为您准时推送「电池行业专利解读及热点资讯」CN122338017A-磷酸锰铁锂复合材料及其制备方法、正极片、锂离子电池和用电设备申请日：2025-01-02公开(公告)日：2026-07-03技术问题：LFMP正极材料的本征锂离子电导率和电子电导率较低，并且在充放电过程中Mn3+的Jahn-TelIer效应会造成晶格扭曲和Mn溶出，此外，在脱嵌锂的两相反应阶段的体积变化较大，产生的应力集中会导致正极材料颗粒破碎。上述缺点通常会导致磷酸锰铁锂电池的充电时间较长、倍率性能较差以及电池放电过程中DCR升高，循环性能下降，这对电池性能的发挥造成了严峻的挑战。技术手段：一种磷酸锰铁锂复合材料，其特征在于，所述磷酸锰铁锂复合材料包括磷酸锰铁锂内核以及由内向外依次包覆所述磷酸锰铁锂内核的快离子导体层和导电层；所述磷酸锰铁锂复合材料的粉末电阻率为30~100 Ω·mm，和/或所述磷酸锰铁锂复合材料的离子电导率为1×10-13 S/cm至3×10-10 S/cm。一种制备磷酸锰铁锂复合材料的方法，包括：将含有锂源、铁源、磷源和锰源的原料混合物进行第一研磨混合和第一烧结，得到磷酸锰铁锂材料；将所述磷酸锰铁锂材料与快离子导体前驱体、导电材料前驱体进行第二研磨混合和第二烧结，得到磷酸锰铁锂复合材料；其中，所述第二烧结包括第一阶段和第二阶段，所述第一阶段的烧结温度低于所述第二阶段的烧结温度。图1.磷酸锰铁锂复合材料的结构示意图图2.磷酸锰铁锂复合材料的扫描电镜图技术效果：本公开的磷酸锰铁锂复合材料在磷酸锰铁锂内核表面由内向外依次构筑快离子导体层和导电层的双包覆层，其中快离子导体层可提高磷酸锰铁锂复合材料的锂离子电导率，建立锂离子的快速传输通道，导电层可提高磷酸锰铁锂复合材料的电子电导率，降低电池内阻，此外，双包覆层可以更有效地阻止正极材料与电解液直接接触，抑制副反应和锰溶出的发生，从而有效提高磷酸锰铁锂的结构稳定性，显著提升材料的电化学性能。-END-如果您对“专利解读”有任何建议/想法/不满，都可以给我们留言，我们会认真考虑您的意见和建议,并及时采纳和修正 每日专利解读",,,,pending
"""科学探索奖""2026获奖名单公布 - 化学新材料: 狄重安、黄硕、刘明杰、许维、许言",知光谷,知光谷,"RIOnews API, 钙钛矿, 学术研究, 大学, 科学院, 研究所",normal,2026-08-25T08:54:36+08:00,,2026年8月24日，新基石科学基金会在京正式揭晓第八届“科学探索奖”获奖名单，50位青年科学家上榜。第一位”95后“获奖人产生、女性科学家人数首次达两位数、7家机构首次拥有获奖人。年轻科学家被更多地“看见”。在今年的获奖名单中，有10位年轻科学家（男性35周岁及以下，女性38周岁及以下），甚至诞生了奖项史上第一位“95后”获奖人- 来自前沿交叉领域、北京理工大学的周天贶，获奖年龄仅有30岁。女性科学家人数首次达两位数。继去年之后，今年女性科学家获奖人数量再创新高，共有10位女性科学家获奖（其中含3位年轻科学家）。50位获奖人来自13个城市的30家高校、医院和科研机构，其中河南郑州、山东泰安两,http://mp.weixin.qq.com/s?__biz=MzI2MjQ5NDkyOA==&mid=2247568983&idx=4&sn=0086cd5141e0eda349bf6ca0a5f71880,,2026年8月24日，新基石科学基金会在京正式揭晓第八届“科学探索奖”获奖名单，50位青年科学家上榜。第一位”95后“获奖人产生、女性科学家人数首次达两位数、7家机构首次拥有获奖人。年轻科学家被更多地“看见”。在今年的获奖名单中，有10位年轻科学家（男性35周岁及以下，女性38周岁及以下），甚至诞生了奖项史上第一位“95后”获奖人- 来自前沿交叉领域、北京理工大学的周天贶，获奖年龄仅有30岁。女性科学家人数首次达两位数。继去年之后，今年女性科学家获奖人数量再创新高，共有10位女性科学家获奖（其中含3位年轻科学家）。50位获奖人来自13个城市的30家高校、医院和科研机构，其中河南郑州、山东泰安两,"2026年8月24日，新基石科学基金会在京正式揭晓第八届“科学探索奖”获奖名单，50位青年科学家上榜。第一位”95后“获奖人产生、女性科学家人数首次达两位数、7家机构首次拥有获奖人。年轻科学家被更多地“看见”。在今年的获奖名单中，有10位年轻科学家（男性35周岁及以下，女性38周岁及以下），甚至诞生了奖项史上第一位“95后”获奖人- 来自前沿交叉领域、北京理工大学的周天贶，获奖年龄仅有30岁。女性科学家人数首次达两位数。继去年之后，今年女性科学家获奖人数量再创新高，共有10位女性科学家获奖（其中含3位年轻科学家）。50位获奖人来自13个城市的30家高校、医院和科研机构，其中河南郑州、山东泰安两个城市，以及北京大学肿瘤医院、上海交通大学医学院附属瑞金医院、中国科学院深圳先进技术研究院、上海科技大学、山东农业大学、西南石油大学、郑州大学七家机构，第一次拥有了自己的获奖人。此外，加拿大籍数学家Joshua Zahl榜上有名，他与王虹合作证明了三维挂谷猜想 - 这正是让王虹在2026年捧起菲尔兹奖的重要成果。自2025年起，Joshua Zahl全职任教于南开大学陈省身数学研究所。欢迎社会各界共同监督。如您有任何问题、意见或建议，请在9月1日之前与新基石科学基金会秘书处联系。项目邮箱: XplorerPrize@tencent.com监督邮箱：supervision@newcornerstone.org.cn关于科学探索奖Xplorer Prize""科学探索奖""是一项由新基石科学基金会出资、科学家主导人才遴选的公益奖项，是目前国内金额最高的青年科技人才资助项目之一。奖项面向基础科学和前沿技术领域，支持在中国内地及港澳地区全职工作的杰出青年科学家（男性45周岁及以下、女性48周岁及以下）。""科学探索奖""设置十个领域，分别是：数学物理学、化学新材料、天文和地学、生命科学、医学科学、信息电子、能源环境、先进制造、交通建筑、前沿交叉。奖项每年遴选不超过50位获奖人，每位获奖人在5年内获得总计300万元人民币奖金，且可自由支配。至2026年，奖项共资助了397位杰出青年科学家，覆盖了基础科学和前沿技术领域的青年领军人物。秉承""面向未来、奖励潜力、鼓励探索""的宗旨，""科学探索奖""鼓励青年科技工作者心无旁骛地探索科学技术""无人区""。在人才遴选方面，严格遵循""科学家说了算""的原则；在奖金使用方面，由获奖人自由支配；在奖项运营方面，采用公益运作，不求商业回报，坚持长期运营。""科学探索奖""于2018年腾讯成立20周年之际，由杨振宁、饶毅、陈十一、程泰宁、高文、何华武、李培根、毛淑德、潘建伟、施一公、邬贺铨、谢克昌、谢晓亮、张益唐等14位科学家与腾讯公司创始人马化腾共同发起。向上滑动查看学术交流QQ群知光谷光伏器件学术QQ群：641345719钙钛矿产教融合交流@知光谷（微信群）：需添加编辑微信为加强科研合作，我们为海内外科研人员专门开通了钙钛矿科创合作专业科研交流微信群。加微信群方式：添加编辑微信pvalley2024，备注：姓名-单位-研究方向（无备注请恕不通过），由编辑审核后邀请入群。",,,,pending
招聘专栏：香港科技大学颜河教授课题组博士生及博士后招聘启事,知光谷,知光谷,"RIOnews API, 钙钛矿, 学术研究, 大学, 教授, 期刊",normal,2026-08-25T08:54:36+08:00,,香港科技大学简介香港科技大学(The Hong Kong University of Science and Technology，HKUST)是亚洲顶尖的研究型大学之一，以其世界一流的科研实力和创新氛围而闻名。自1991年建校以来，HKUST在短短几十年内迅速跻身国际知名学府之列，在QS世界大学排名中长期位列亚洲前茅。港科大校园依山傍水，海景绝美。校园内生活便利，餐饮、运动、娱乐一应俱全。香港留学属于境外学习经历，可用于申请人才项目。导师简介颜河教授：于2000年本科毕业于北京大学化学系；2004年在美国西北大学获得博士学位，师从美国总统奖获得者Tobin Marks教授。2006-2011,http://mp.weixin.qq.com/s?__biz=MzI2MjQ5NDkyOA==&mid=2247568983&idx=3&sn=4b0eb472c5c6c6cff0501452dd06d009,,香港科技大学简介香港科技大学(The Hong Kong University of Science and Technology，HKUST)是亚洲顶尖的研究型大学之一，以其世界一流的科研实力和创新氛围而闻名。自1991年建校以来，HKUST在短短几十年内迅速跻身国际知名学府之列，在QS世界大学排名中长期位列亚洲前茅。港科大校园依山傍水，海景绝美。校园内生活便利，餐饮、运动、娱乐一应俱全。香港留学属于境外学习经历，可用于申请人才项目。导师简介颜河教授：于2000年本科毕业于北京大学化学系；2004年在美国西北大学获得博士学位，师从美国总统奖获得者Tobin Marks教授。2006-2011,"香港科技大学简介香港科技大学(The Hong Kong University of Science and Technology，HKUST)是亚洲顶尖的研究型大学之一，以其世界一流的科研实力和创新氛围而闻名。自1991年建校以来，HKUST在短短几十年内迅速跻身国际知名学府之列，在QS世界大学排名中长期位列亚洲前茅。港科大校园依山傍水，海景绝美。校园内生活便利，餐饮、运动、娱乐一应俱全。香港留学属于境外学习经历，可用于申请人才项目。导师简介颜河教授：于2000年本科毕业于北京大学化学系；2004年在美国西北大学获得博士学位，师从美国总统奖获得者Tobin Marks教授。2006-2011年带领polyera公司的研究小组研发柔性显示器和太阳能电池材料。2012年至今就职于香港科技大学化学系，并于2023年成为香港科技大学讲席教授。颜河教授在有机及钙钛矿太阳能电池领域做出了杰出的贡献，发表论文420余篇，被引用超58000次，H因子115，并于2020年获得了腾讯“科学探索奖”，同年担任香港的RGC研究员，并连续8年获得“高被引科学家”的称号，研究成果在2015年被美国国家可再生能源实验室收录进著名的“best research-cell efficiency chart”世界纪录表。颜河教授建立了以香港为中心的国际跨学科研究平台，同时还具有丰富的产业化经验，是中国新型光伏技术产业化的引领者，并于2018年创立了深圳易柔光伏有限公司，提出了有机光伏产业化新路线，并带领公司多次获得创业大赛奖项。2019年，公司荣获第十一届中国深圳创新创业大赛新能源及节能环保产业组决赛一等奖。同年，公司从全国7个区域比赛的1279个项目中脱颖而出，在香港科技大学与越秀集团联合举办的“百万创业大赛”中获得冠军。潘世豪博士（Research Assistant Professor）：主要从事有机光电材料与器件研究，聚焦有机太阳能电池中的能量损失、激发态调控与界面工程。研究涵盖新型电子受体分子设计、低能量损失有机光伏、界面能级调控及自组装单分子层等方向，致力于从分子设计、光物理机制到器件工程建立系统的研究体系。近年来以第一/通讯作者在 Nature Photonics、Advanced Materials、Journal of the American Chemical Society, Angewandte Chemie, Energy & Enviromental Science等国际期刊发表研究成果，并积极推动有机光电材料与器件的基础研究及应用转化。目前致力于建设一个年轻、开放、交叉、充满创造力的研究团队，欢迎对有机光电、材料化学、光物理及器件研究感兴趣的博士生和博士后加入。课题组研究方向研究方向面向高效、低能量损失的有机光电材料与器件。课题组致力于通过分子计、激发态调控与界面工程，探索新型有机光电材料，突破能量损失与界面传输等关键瓶颈，构筑下一代高性能太阳能电池。01｜新型非富勒烯受体（NFAs）分子聚焦新型非富勒烯受体的分子工程，通过调控其电子结构与激发态特性，深入探究激子解离、电荷复合及非辐射能量损失的内在机制，从材料源头驱动高效率、低电压损失的有机太阳能电池发展。02｜有机太阳能电池界面工程针对电荷选择性传输与界面能级失配问题，设计并合成新型空穴传输层及界面修饰材料，实现器件界面能级排列与接触特性的精准调控，提升电荷提取效率，降低界面复合损耗。03｜钙钛矿太阳能电池自组装单分子层发展新型自组装单分子层及界面分子设计策略，系统调控电极/活性层界面处的能级、偶极矩与电荷传输性质，实现界面协同优化，为实现高效稳定钙钛矿光伏器件提供新路径。招聘岗位1）博士研究生:1.诚实守信，对科研有热情，工作踏实勤奋，做事严谨，善于团队合作。2.欢迎具有硕士科研经历的同学以及优秀的本科生。化学，材料科学，物理等相关专业背景优先考虑。3.在有机太阳能电池及钙钛矿太阳能电池器件制备、有机光电半导体材料合成等领域有研究经历并有相关论文者优先考虑。4.英语成绩要求。ielts>=6.5，单科不低于5.5；或Tofel>80。*注意，语言成绩是研究生入学的硬性要求。5.香港科技大学理学院的其他具体要求请浏览: https://science.hkust.edu.hk/zh-hans2）博士后研究员:1.申请者需即将获得博士学位或已获得博士学位不超过3年，具备独立开展科研项目的能力，良好的沟通与协作能力，以及协助PI指导学生和管理实验室的能力；2.曾以第一作者身份在国际权威期刊上发表过较高水平科研论文；3目前提供博士后工资起薪28000港币/月，可根据申请人的背景，感兴趣的方向，与导师达成合作意向后与导师面议，优秀者可支持申请ITF Postdoc Hub（月薪 45000 港币/月）。应聘材料有意者请将个人简历（包括教育背景、科研及项目经历、论文专著清单、获奖情况等详细信息）和代表性学术论文发送至潘世豪博士邮箱（punsaiho@ust.hk），并注明PhD/Postdoc application。通过简历初选者将安排面试，期待您的加入！学术交流QQ群知光谷光伏器件学术QQ群：641345719钙钛矿产教融合交流@知光谷（微信群）：需添加编辑微信为加强科研合作，我们为海内外科研人员专门开通了钙钛矿科创合作专业科研交流微信群。加微信群方式：添加编辑微信pvalley2024，备注：姓名-单位-研究方向（无备注请恕不通过），由编辑审核后邀请入群。",,,,pending
厦门大学/吉林大学团队AM：实现陷阱密度2.56×10⁸ cm⁻³的钙钛矿单晶用于超高灵敏X射线探测,知光谷,知光谷,"RIOnews API, 钙钛矿",normal,2026-08-25T08:54:36+08:00,,实现高质量金属卤化物钙钛矿单晶（MHP-SC）的环境可持续合成对于推进下一代光电器件至关重要。绿色化学框架内有限的溶剂选择对精确控制结晶路径以实现完美MHP-SC的生长构成了重大挑战。本研究厦门大学王树立、林岳，吉林大学魏浩桐和首尔大学Tae-Woo Lee等人引入了一种基于位阻工程的结晶调控新范式，使用经定量验证的、具有高葛兰素史克（GSK）绿色溶剂评分的绿色溶剂体系。我们证明，溶剂分子的位阻体积（而非给体数） 在调控Pb²⁺与溶剂之间的配位强度、进而调控前驱体配合物稳定性和结晶动力学中起主导作用。精细调控的位阻环境促进了MAPbI₃单晶前所未有的快速生长，实现了创纪录的低陷阱密度（2.56,http://mp.weixin.qq.com/s?__biz=MzI2MjQ5NDkyOA==&mid=2247568983&idx=2&sn=6382f269d6ef8c4663f6161a44135980,,实现高质量金属卤化物钙钛矿单晶（MHP-SC）的环境可持续合成对于推进下一代光电器件至关重要。绿色化学框架内有限的溶剂选择对精确控制结晶路径以实现完美MHP-SC的生长构成了重大挑战。本研究厦门大学王树立、林岳，吉林大学魏浩桐和首尔大学Tae-Woo Lee等人引入了一种基于位阻工程的结晶调控新范式，使用经定量验证的、具有高葛兰素史克（GSK）绿色溶剂评分的绿色溶剂体系。我们证明，溶剂分子的位阻体积（而非给体数） 在调控Pb²⁺与溶剂之间的配位强度、进而调控前驱体配合物稳定性和结晶动力学中起主导作用。精细调控的位阻环境促进了MAPbI₃单晶前所未有的快速生长，实现了创纪录的低陷阱密度（2.56,"实现高质量金属卤化物钙钛矿单晶（MHP-SC）的环境可持续合成对于推进下一代光电器件至关重要。绿色化学框架内有限的溶剂选择对精确控制结晶路径以实现完美MHP-SC的生长构成了重大挑战。本研究厦门大学王树立、林岳，吉林大学魏浩桐和首尔大学Tae-Woo Lee等人引入了一种基于位阻工程的结晶调控新范式，使用经定量验证的、具有高葛兰素史克（GSK）绿色溶剂评分的绿色溶剂体系。我们证明，溶剂分子的位阻体积（而非给体数） 在调控Pb²⁺与溶剂之间的配位强度、进而调控前驱体配合物稳定性和结晶动力学中起主导作用。精细调控的位阻环境促进了MAPbI₃单晶前所未有的快速生长，实现了创纪录的低陷阱密度（2.56×10⁸ cm⁻³） 和最窄的XRD摇摆曲线线宽（0.00802°）。这些缺陷抑制的MAPbI₃单晶使光电探测器具有6.8×10¹³ Jones的超高比探测率，X射线探测器具有3.6 nGyₐᵢᵣ s⁻¹的低检测限。该位阻工程策略在不同钙钛矿组分中具有普适性。该工作为使用定量绿色溶剂生长高质量MHP-SC建立了一个可持续、可扩展的平台。研究亮点：颠覆传统认知：位阻效应 > 给体数：首次揭示在绿色溶剂体系中，溶剂分子的空间位阻才是决定Pb²⁺-溶剂配位强度和结晶动力学的主导因素，而非传统认为的给体数（DN）。通过AIMD模拟和实验验证，证明位阻更大的GCL与Pb²⁺配位数更低（7.97 vs DVL的9.89），配位更弱，从而为精准调控结晶提供了全新维度。创纪录的晶体质量：通过DVL/GCL混合溶剂（DVL₀.₈GCL₀.₂）优化位阻环境，MAPbI₃单晶的陷阱密度低至2.56×10⁸ cm⁻³，比此前报道的最低值（~10⁹ cm⁻³）再降一个数量级；XRD摇摆曲线线宽仅0.00720°（扣除仪器展宽后），为目前MAPbI₃单晶报道的最窄值；同时生长速率仍达~0.5 mm/h，兼顾了高质量与高效率。优异光电与X射线探测性能：基于该单晶的光电探测器在650 nm下比探测率达6.8×10¹³ Jones，线性动态范围174 dB，响应时间125 μs；X射线探测器在低电场（0.34 V mm⁻¹）下灵敏度达1.03×10⁴ μC Gyₐᵢᵣ⁻¹ cm⁻²，检测限低至3.6 nGyₐᵢᵣ s⁻¹（仅为医疗诊断剂量的1/1596），并在150天环境储存后仍保持结构稳定，展现了绿色合成单晶在高端探测领域的巨大潜力。T. Zhang, Y. Hou, J. Han, et al. “ Green-Solvent-Grown Perovskite Single Crystals With Suppressed Defect Densities for Superior Photo- and X-Ray Detection.” Advanced Materials (2026): e74774. https://doi.org/10.1002/adma.74774学术交流QQ群知光谷光伏器件学术QQ群：641345719钙钛矿产教融合交流@知光谷（微信群）：需添加编辑微信为加强科研合作，我们为海内外科研人员专门开通了钙钛矿科创合作专业科研交流微信群。加微信群方式：添加编辑微信pvalley2024，备注：姓名-单位-研究方向（无备注请恕不通过），由编辑审核后邀请入群。",,,,pending
每日更新：钙钛矿电池、钙钛矿LED纪录效率表(知光谷),知光谷,知光谷,"RIOnews API, 钙钛矿, 柔性钙钛矿, 学术研究, 大学, 教授, 科学院, 研究所",normal,2026-08-25T08:54:36+08:00,,前言：细分八个板块，囊括红绿蓝发光二极管、非铅钙钛矿、全无机钙钛矿、单结小面积、单结大面积（组件）；倒置、信你们感兴趣的话题，我们会不定期选择进行原创专栏撰光蓝光白光EQE42.9%32.5%26.4%31.1%团队吉林大学纪文宇、复旦大学杨迎国、北京交通大学唐爱伟、东南大学卢海洲、吉林大学谢文法中科院半导体所张兴旺&游经碧浙江大学狄大卫、叶志镇和戴兴良团队澳门科技大学李述汤、苏州大学谢跃民和冯敏强数据源https://doi.org/10.1038/s41586-026-10134-1https://advanced.onlinelibrary.wiley.com/doi/10.1002/a,http://mp.weixin.qq.com/s?__biz=MzI2MjQ5NDkyOA==&mid=2247568983&idx=5&sn=a1ececc5bcb49847e024eaf850099cb0,,前言：细分八个板块，囊括红绿蓝发光二极管、非铅钙钛矿、全无机钙钛矿、单结小面积、单结大面积（组件）；倒置、信你们感兴趣的话题，我们会不定期选择进行原创专栏撰光蓝光白光EQE42.9%32.5%26.4%31.1%团队吉林大学纪文宇、复旦大学杨迎国、北京交通大学唐爱伟、东南大学卢海洲、吉林大学谢文法中科院半导体所张兴旺&游经碧浙江大学狄大卫、叶志镇和戴兴良团队澳门科技大学李述汤、苏州大学谢跃民和冯敏强数据源https://doi.org/10.1038/s41586-026-10134-1https://advanced.onlinelibrary.wiley.com/doi/10.1002/a,前言：细分八个板块，囊括红绿蓝发光二极管、非铅钙钛矿、全无机钙钛矿、单结小面积、单结大面积（组件）；倒置、信你们感兴趣的话题，我们会不定期选择进行原创专栏撰光蓝光白光EQE42.9%32.5%26.4%31.1%团队吉林大学纪文宇、复旦大学杨迎国、北京交通大学唐爱伟、东南大学卢海洲、吉林大学谢文法中科院半导体所张兴旺&游经碧浙江大学狄大卫、叶志镇和戴兴良团队澳门科技大学李述汤、苏州大学谢跃民和冯敏强数据源https://doi.org/10.1038/s41586-026-10134-1https://advanced.onlinelibrary.wiley.com/doi/10.1002/adma.202503699https://www.science.org/doi/10.1126/sciadv.ado5645https://pubs.acs.org/doi/10.1021/acsnano.4c18116时间2026年2月11日2025年5月23日2024年7月17日2025年3月26日类锡基近红外锡基红光叠层绿光纯红色EQE11.6%20.29%41.1%23.5%团队南京工业大学王建浦&黄维&常进团队吉林大学王宁，上海大学杨绪勇及洛桑联邦理工学院Michael Grätzel&Lu Haizhou团队苏州大学谢跃民&冯敏强&李述汤中国科学院半导体研究所张兴旺研究员、游经碧研究员团队数据源https://www.nature.com/articles/s41565-023-01588-9https://www.nature.com/articles/s41586-023-06514-6https://doi.org/10.1039/D3TC03466Fhttps://www.science.org/doi/10.1126/science.adj8858时间2024年1月12日2023年8月9日2024年1月24日2024年5月3日类别FA基近红外EQE32%团队南京工业大学黄维院士、王建浦教授、朱琳副教授数据源https://www.nature.com/articles/s41586-024-07460-7时间2024年5月29日PSCs世界纪录（叠层）类别钙钛矿/硅钙钛矿/钙钛矿钙钛矿/钙钛矿钙钛矿/OPVPCE34.6%（1）28.2%（1.038）30.1%（0.0489）25.56单位隆基绿能南京大学、仁烁光电南京大学、仁烁光电香港城市大学曾晓成&朱宗龙&中国科学技术大学杨上峰数据源https://www.nrel.gov/pv/interactive-cell-efficiency.htmlhttps://onlinelibrary.wiley.com/doi/10.1002/pip.3726https://onlinelibrary.wiley.com/doi/10.1002/pip.3726https://onlinelibrary.wiley.com/doi/10.1002/adma.202410692时间2024年05月1日2023年6月1日2024年10月31日2024年9月23日类别钙钛矿/CIGS柔性钙钛矿/晶体硅PCE26.3%（0.222 cm2）33.6%单位首尔大学阿卜杜拉国王科技大学Stefaan De Wolf、苏州大学杨新波和张晓宏数据源https://www.nrel.gov/pv/interactive-cell-efficiencyhttps://doi.org/10.1038/s41586-025-09849-4时间2025年5月2025年11月PSCs世界纪录（组件）类别钙钛矿钙钛矿PCE20.6%（215.53）23.2%（27.2）单位韩国化学技术研究所与韩国半导体设备制造商UniTest洛桑联邦理工学院Mohammad Khaja Nazeeruddin教授、Paul J. Dyson教授、赵康宁、西湖大学王睿研究员以及常州圣盛精工设备有限公司Jiang Sheng等人数据源https://www.nrel.gov/pv/interactive-cell-efficiency.htmlhttps://www.science.org/doi/10.1126/science.ado6619时间2024年6月23日2024年10月31日PSMs世界纪录（单结）类别钙钛矿钙钛矿钙钛矿PCE20.7%稳态效率（810cm²）19.04%稳态效率 ( 20000cm²) 23.30%（ 27.22 cm²）单位极电光能协鑫光电洛桑联邦理工学院Paul J. Dyson、 Mohammad Khaja Nazeeruddin、丁勇、苏州大学张晓宏数据源https://mp.weixin.qq.com/s/a2OHPAYLEr_NccLdaoe0Lwhttps://mp.weixin.qq.com/s?__biz=MzI2MjQ5NDkyOA==&mid=2247530134&idx=3&sn=209efe45aaceb933bbfa95dbfac67f3b&chksm=ea487929dd3ff03f8b86eecaf830168999712614e226fe4ae0e64d2d35124a91842a94be96e1&token=776053579&lang=zh_CN#rdhttps://doi.org/10.1038/s41586-024-07228-z时间2023年2月27日2024年3月6日2024年3月7日PSCs世界纪录类别钙钛矿钙钛矿（倒置）钙钛矿（正置）钙钛矿（倒置）1.67eVPCE27.3%（0.01cm2）27.6%26.5效率（认证26.31%）23.1% 效率（认证 22.95%） 单位苏州大学教授彭军、张晓宏团队联合澳大利亚新南威尔士大学及浙江省白马湖实验室华中科技大学陈炜、刘宗豪、韩国成均馆大学Nam-Gyu Park、刘三万、俄罗斯科学院Pavel A. Troshin和深圳职业技术大学李竞白团队北京大学赵丽臣和朱瑞团队武汉大学王植平团队数据源https://onlinelibrary.wiley.com/doi/10.1002/pip.3919https://www.science.org/doi/10.1126/science.aeb9953https://doi.org/10.1038/s41560-024-01642-3https://doi.org/10.1002/adma.202307701时间2025年5月26日2025年2月10日2024年9月16日类别二维n=5钙钛矿柔性钙钛矿空气中制备钙钛矿PCE22.26%25.44%25.08%单位韩国成均馆大学Nam-Gyu Park团队南昌大学胡笑添和陈义旺团队华北电力大学李美成数据源https://pubs.acs.org/doi/10.1021/acsenergylett.1c02645https://doi.org/10.1002/adfm.202424191https://doi.org/10.1038/s41560-023-01358-w时间2022年1月24日2025年2月7日2023年9月28日PSCs世界纪录类别锡基 FA-PEASnI3 锡基 FASnI3锡基无机CsSnI2BrPCE15.38%15.7%11.87%单位华侨大学魏展画、田成波团队上海科技大学米启兮团队高丽大学Ki-Ha Hong、韩巴大学Sang Hyuk Im数据源https://www.nature.com/articles/s41566-024-01381-7https://doi.org/10.1021/acsenergylett.4c00529https://pubs.acs.org/doi/abs/10.1021/acsenergylett.3c02032时间2024年1月29日2024年4月4日2021年9月9日类别锡基无机CsSnI3锡铅混合PCE11.21%24.13%单位华南理工严克友团队上海交通大学陈汉团队数据源https://onlinelibrary.wiley.com/doi/10.1002/adma.202300503https://doi.org/10.1038/s41467-024-51361-2时间2023年3月30日2024年8月12日PSCs世界纪录类别无掺杂HTM金属有机物无掺HTM小分子倒置HTMPCE24.60%21.30%25.70%单位韩国高丽大学Eui Hyuk Jung、Jun Hong Noh团队韩国蔚山国家科学技术研究所Sang Il Seok团队南方科技大学徐保民、王行柱、章勇、湘潭大学闫磊以及香港城市大学Alex K.-Y. Jen等人数据源https://pubs.rsc.org/en/content/articlepdf/2021/ee/d0ee03312jhttps://onlinelibrary.wiley.com/doi/10.1002/adfm.202110473https://pubs.acs.org/doi/10.1021/jacs.4c13355时间2021年3月2日2021年12月8日2024年12月18日类别碳电极全无机反式无HTM碳电极PCE23.24%18.05%19.06%单位大连理工大学王宇迪、史彦涛团队陕西师范大学向万春&大连化物所刘生思&韩国蔚山国立科学技术研究院SanglSeok华南农业大学潘振晓&钟新华数据源https://advanced.onlinelibrary.wiley.com/doi/10.1002/aenm.202405355https://www.sciencedirect.com/science/article/abs/pii/S2542435125000078https://onlinelibrary.wiley.com/doi/epdf/10.1002/anie.202302342时间2025年3月4日2025年2月3日2023年3月31日PSCs世界纪录类别CsPbI3CsPbBr3CsPb3-XIx(反式)CsPbI2BrPCE20.82%11.08%21.0%18.05%单位陕西师范大学向万春&大连化物所刘生忠&韩国蔚山国立科学技术研究院Sang Il Seok中国暨南大学段加龙、唐群委陕西师范大学向万春、刘生忠国家纳米科学中心左传天和丁黎明，中南大学刘芳洋及洛桑联邦理工学院丁勇数据源https://doi.org/10.1016/j.joule.2025.101826https://onlinelibrary.wiley.com/doi/10.1002/advs.202101418https://onlinelibrary.wiley.com/doi/10.1002/adma.202312237https://onlinelibrary.wiley.com/doi/abs/10.1002/aenm.202300738时间2025年2月3日2021年8月8日2024年2月16日2023年7月23日PSCs的开压世界纪录类别FAPbI3CsPbI3CsPbBr3最高开压1.18V1.33V1.702V单位韩国蔚山国家科学技术研究所（UNIST）Changduk Yang团队中国中科院半导体所游经碧团队中国暨南大学段加龙&唐群委团队 数据源https://www.science.org/doi/10.1126/science.abb7167https://onlinelibrary.wiley.com/doi/abs/10.1002/smll.202005246https://onlinelibrary.wiley.com/doi/10.1002/advs.202101418时间2020年9月25日 2020年11月23日2021年8月8日类别CsPbI2BrCsPbIBr2MAPbCl3最高开压1.45V1.54V1.78V单位德国埃尔兰根-纽伦堡大学Ning Li、Christoph J. Brabec团队日本横滨大学Zhanglin Guo&Tsutomu Miyasaka团队斯图加特大学Mahdi Malekshahi、Byranvand及Michael Saliba等人数据源https://pubs.acs.org/doi/10.1021/acsenergylett.2c01883https://onlinelibrary.wiley.com/doi/10.1002/adfm.202207554https://pubs.acs.org/doi/abs/10.1021/acsenergylett.3c02777时间2022年10月24日2022年8月21日2024年2月16日持续更新中...新突破的记录，欢迎读者投稿学术交流QQ群知光谷光伏器件学术QQ群：641345719钙钛矿产教融合交流@知光谷（微信群）：需添加编辑微信为加强科研合作，我们为海内外科研人员专门开通了钙钛矿科创合作专业科研交流微信群。加微信群方式：添加编辑微信 pvalley2024，备注：姓名-单位-研究方向（无备注请恕不通过），由编辑审核后邀请入群。欢迎查阅，欢迎反馈！,,,,pending
Nat. Commun. 详细解读：偶极工程共吸附SAM实现超20%效率的Cs基无机Pb-Sn钙钛矿串联电池,知光谷,知光谷,"RIOnews API, 钙钛矿, 窄带隙钙钛矿, 学术研究, 大学, 科学院, 研究所",normal,2026-08-25T08:54:36+08:00,,第一作者：Weihai Zhang、Haiyan Li、Xianfu Zhang、Heng Liu通讯作者：中国科学院宁波材料技术与工程研究所Weihai Zhang、 Antonio Abate、暨南大学Tingting Shi、 南方科技大学Hsing-Lin Wang研究亮点：首次将共吸附SAMs策略应用于Cs基无机Pb-Sn混合窄带隙钙钛矿体系：不同于传统Pb基宽带隙钙钛矿中SAMs的广泛应用，Pb-Sn混合体系因其复杂的化学环境和Sn²⁺易氧化问题而鲜有报道。本文通过设计含偶氮苯衍生物（4-ACA、4-APA、4-ASA）的共吸附分子，与Me-4PACz共组装于NiOₓ表面——MD模,http://mp.weixin.qq.com/s?__biz=MzI2MjQ5NDkyOA==&mid=2247568983&idx=1&sn=9fac6f1fcc2883c2dcce777d690625d1,,第一作者：Weihai Zhang、Haiyan Li、Xianfu Zhang、Heng Liu通讯作者：中国科学院宁波材料技术与工程研究所Weihai Zhang、 Antonio Abate、暨南大学Tingting Shi、 南方科技大学Hsing-Lin Wang研究亮点：首次将共吸附SAMs策略应用于Cs基无机Pb-Sn混合窄带隙钙钛矿体系：不同于传统Pb基宽带隙钙钛矿中SAMs的广泛应用，Pb-Sn混合体系因其复杂的化学环境和Sn²⁺易氧化问题而鲜有报道。本文通过设计含偶氮苯衍生物（4-ACA、4-APA、4-ASA）的共吸附分子，与Me-4PACz共组装于NiOₓ表面——MD模,"第一作者：Weihai Zhang、Haiyan Li、Xianfu Zhang、Heng Liu通讯作者：中国科学院宁波材料技术与工程研究所Weihai Zhang、 Antonio Abate、暨南大学Tingting Shi、 南方科技大学Hsing-Lin Wang研究亮点：首次将共吸附SAMs策略应用于Cs基无机Pb-Sn混合窄带隙钙钛矿体系：不同于传统Pb基宽带隙钙钛矿中SAMs的广泛应用，Pb-Sn混合体系因其复杂的化学环境和Sn²⁺易氧化问题而鲜有报道。本文通过设计含偶氮苯衍生物（4-ACA、4-APA、4-ASA）的共吸附分子，与Me-4PACz共组装于NiOₓ表面——MD模拟显示4-ASA使表面覆盖度从0.64提升至0.78，有效抑制了SAMs的聚集和胶束形成。偶极工程实现近理想能级对齐：4-ASA具有8.8 D的强偶极矩，其-SO₃H基团的高负电荷离域和四面体几何结构使其与Me-4PACz形成稳定的平行（-1.37 eV）和线性（-1.24 eV）配对，远强于Me/Me自相互作用（-1.31 eV）。共SAMs诱导的界面偶极使NiOₓ功函数从-4.59 eV降至-4.48 eV，Ni³⁺/Ni²⁺比从1.21升至1.46，NiOₓ/钙钛矿界面空穴传输能级偏移从0.33 eV降至0.02 eV（近理想值）。多效协同抑制Sn²⁺氧化与界面缺陷：共SAMs通过双重机制保护Sn²⁺——（1）改善NiOₓ表面覆盖（SEM中NiOₓ纳米颗粒完全消失），隔离Ni³⁺与Sn²⁺的直接接触，抑制界面氧化还原反应；（2）-NH₂基团通过配位作用改变Sn²⁺周围化学环境，热力学上抑制其氧化（Sn⁴⁺/Sn²⁺比从0.23降至0.09）。同时，-NH₂与钙钛矿前驱体的Lewis酸碱相互作用使晶界沟槽角从80°增至134°（抑制纳米空洞形成），残余张应力显著释放，陷阱密度从8.42×10¹⁵降至5.79×10¹⁵ cm⁻³。17.82% NBG单结效率（CsPb₀.₆Sn₀.₄I₃，1.36 eV）与20.36% 4T全无机叠层效率：NBG单结效率为Cs基无机Pb-Sn混合钙钛矿迄今报道最高扫描效率；通过与1.74 eV WBG CsPb₀.₇Sn₀.₃IBr₂半透明顶电池堆叠，构建了首个两端子电池均采用Cs基无机Pb-Sn钙钛矿的4T叠层电池（总效率20.36%）。未封装NBG器件在UV照射240 h后保留86.1%初始效率（对照仅61.6%），85°C热老化720 h后保留>80%效率，MPPT 1440 h后保留>90%。一、本研究针对的问题与挑战自组装单层在倒置钙钛矿太阳能电池中作为空穴传输层已取得显著进展，但其应用主要集中在Pb基宽带隙钙钛矿体系，在Pb-Sn混合窄带隙钙钛矿中的报道极为有限。Pb-Sn混合体系因其更优的带隙可调性（覆盖1.2–1.8 eV范围）对叠层电池至关重要，但面临两大核心挑战：（1）SAMs在NiOₓ表面的聚集和胶束形成导致覆盖不均、界面缺陷密度高；（2）Sn²⁺在NiOₓ/钙钛矿界面极易氧化为Sn⁴⁺——NiOₓ中Ni³⁺与Sn²⁺的界面氧化还原反应严重劣化器件性能和稳定性。二、成果简介本文提出偶极工程共吸附策略——将Me-4PACz与偶氮苯衍生物（4-ACA、4-APA、4-ASA）共组装于NiOₓ表面。4-ASA凭借其8.8 D强偶极矩和-SO₃H锚定基团，与Me-4PACz形成强分子间相互作用，抑制SAMs聚集，表面覆盖度从0.64提升至0.78。共SAMs诱导的界面偶极将NiOₓ功函数下移、NiOₓ/钙钛矿界面空穴传输能级偏移从0.33 eV降至0.02 eV（近理想值）。同时，共SAMs通过双重机制抑制Sn²⁺氧化——物理隔离Ni³⁺与Sn²⁺接触、化学配位稳定Sn²⁺。NBG单结器件效率达17.82%（Cs基无机Pb-Sn体系记录），4T全无机叠层（NBG 1.36 eV + WBG 1.74 eV）总效率达20.36%，为首个两端子均采用Cs基无机Pb-Sn钙钛矿的4T叠层。三、结果与讨论要点 1 偶极工程共吸附SAMs的分子设计与相互作用机制分子设计与静电势分析（图1a, S1-S4）：选择Me-4PACz为主体SAM，设计三种含偶氮苯（N=N）的共吸附分子——4-ACA（羧基锚定）、4-APA（膦酸锚定）、4-ASA（磺酸锚定）（图1a）。ESP分析（图1a, S3-S4）显示4-ASA具有最强的偶极矩（8.8 D） 和最高ESP值（S4），源于-SO₃H基团的高负电荷离域和四面体几何结构。MD模拟表面覆盖度（图1c, S5-S8）：在NiOₓ表面进行1 ns MD模拟（图1c）。Me-4PACz-only系统显著聚集，覆盖度仅0.64；共吸附系统覆盖度分别提升至0.73（4-ACA）、0.76（4-APA）、0.78（4-ASA）——4-ASA最有效地分散和吸附于NiOₓ表面。分子间结合能计算（图1e-f, S6-S8）：酸-酸相互作用最强（S6）。平行、角度和线性构型分析（图1e）显示：Me/Me自相互作用中平行构型最强（-1.31 eV），角度（-1.19 eV）和线性（-1.01 eV）次之——Me-4PACz倾向于自聚集。Me/4-ASA系统中，平行相互作用最强（-1.37 eV），线性也达-1.24 eV——均强于Me/Me自相互作用，证明4-ASA可有效破坏Me-4PACz胶束化、缓解分子聚集（图1f），与DLS结果一致（S9）。电化学CV验证覆盖度（图1d）：CV响应中，4-ASA共SAMs体系电流响应最低（图1d）——暴露的电化学活性位点密度最低，与MD模拟高度吻合。要点 2 共SAMs对NiOₓ表面化学与光电性质的影响XPS确认共吸附分子存在（图2a-d, S10-S11）：N 1s谱（图2a-d）显示共SAMs中除Me-4PACz的咔唑氮外，还出现-NH₂和N=N两种新氮物种——来自共吸附分子。原子比N_amine+N=N/N_carbazole量化共吸附分子含量，4-ASA含量最高（S11）。Ni 2p XPS与Ni³⁺/Ni²⁺比（图2e-h）：Ni 2p₃/₂谱解卷积为Ni²⁺（~853.2 eV）、Ni³⁺（~855 eV）和Ni⁴⁺（~856.5 eV）（图2e-h）。Ni³⁺/Ni²⁺比从1.21（对照）增至1.32（4-ACA）、1.38（4-APA）、1.46（4-ASA）——高价态Ni³⁺增加有助于增强空穴传输性能。KPFM与功函数降低（图2i-n, S13-S14, Table 1）：KPFM（图2i-m）显示CPD从410 mV（对照）增至510 mV（4-ASA），CPD分布宽度从65 mV收窄至30 mV（S13）——更均匀的表面电势分布。UPS（图2n, S14, Table 1）证实费米能级从-4.59 eV（对照）上移至-4.48 eV（4-ASA），功函数降低。尽管Ni³⁺/Ni²⁺比增加通常导致功函数升高，但界面偶极主导了功函数降低（S14），最小化了NiOₓ/钙钛矿界面能级偏移。电导率与润湿性（图2o, S15-S17）：PPMS电导率从1.06×10⁻³ S cm⁻¹（对照）增至1.75×10⁻³ S cm⁻¹（4-ASA）（图2o, S15）。DMF接触角从47.5°降至17.5°（4-ASA）（S17）——-NH₂亲水基团暴露促进钙钛矿前驱体均匀铺展。透光率在400–900 nm范围内几乎不变（S16）。要点 3 共SAMs对钙钛矿埋底界面与结晶质量的调控埋底界面SEM与NiOₓ残留（图3a-d, S18-S19）：剥离钙钛矿膜后观察埋底界面（图3a-d）。对照膜底面粗糙且大量NiOₓ纳米颗粒（EDX确认，S18）——Me-4PACz覆盖不全导致NiOₓ与Pb-Sn钙钛矿直接接触。这些纳米颗粒在4-ACA和4-APA中显著减少，在4-ASA中完全消失，证明4-ASA实现了最优NiOₓ表面覆盖。截面SEM（S19）显示4-ASA钙钛矿膜更致密、晶界更少。晶界沟槽角分析（图3e-h, S20-S22）：高分辨AFM高度剖面（图3e-h）显示GBG角从80°（对照）增至96°（4-ACA）、114°（4-APA）、134°（4-ASA）。GBG角增大表明异质界面能提高，主要源于改善的表面亲水性和-NH₂与钙钛矿前驱体的特异性相互作用（DFT S20、FTIR S21、NMR S22证实）。XPS界面化学与Sn⁴⁺抑制（S23）：对照膜检测到明显Ni 2p₃/₂峰（NiOₓ暴露）。共SAMs修饰后Ni峰显著衰减。共SAMs修饰钙钛矿呈现I 3d结合能上移、Pb 4f和Sn 3d下移——界面配位改变和电子结构重构。Sn 3d解卷积显示Sn⁴⁺含量在共SAMs修饰后显著降低——双重机制抑制Sn²⁺氧化：（1）改善NiOₓ覆盖隔离Ni³⁺与Sn²⁺直接接触；（2）界面配位改变热力学抑制氧化。残余应力释放（S24-S25）：GIXRD（S24）显示对照钙钛矿随ψ增大峰位向低角偏移（显著张应力）；共SAMs修饰后峰位偏移逐渐减弱。DFT（S25）证实-NH₂钝化碘空位（V_I）是应力释放的主因。顶面SEM与AFM（S26-S28）：4-ASA钙钛矿平均晶粒尺寸最大（S26），RMS粗糙度从24.0 nm降至12.9 nm（4-ASA）（S28），有利于抑制漏电流和界面非辐射复合。KPFM/UPS能级图（图3i-p, S29, Table 2）：KPFM（图3i-l）显示CPD从310 mV（对照）增至415 mV（4-ASA），功函数从4.87 eV降至4.45 eV（S29）。能级图（图3m-p）显示NiOₓ/钙钛矿界面空穴传输能级偏移(ΔE)从0.33 eV（对照）→0.22 eV（4-ACA）→0.17 eV（4-APA）→0.02 eV（4-ASA）——近理想能级对齐。要点 4 单结NBG器件与4T全无机叠层性能NBG单结器件性能（图4a-b, S30-S34, Table 3）：器件结构ITO/NiOₓ/co-SAMs/CsPb₀.₆Sn₀.₄I₃/C₆₀/BCP/Ag（1.36 eV）。20个器件统计（图4a）显示4-ASA在所有参数上最优。冠军4-ASA器件PCE达17.82%（V_OC=0.84 V，J_SC=27.9 mA cm⁻²，FF=75.3%），对照仅15.40%（图4b）——Cs基无机Pb-Sn混合钙钛矿迄今最高扫描效率（S31）。EQE积分J_SC与J-V吻合（S33），SPO稳定输出（S33），HI从10.5%降至4.1%（S34）。4T全无机叠层结构（图4c, S35-S36）：将1.74 eV WBG CsPb₀.₇Sn₀.₃IBr₂半透明顶电池（4-ABSA修饰，S35）与1.36 eV NBG底电池（4-ASA修饰）机械堆叠（图4c）。WBG钙钛矿具有优异结晶性（S36），半透明顶电池透光率在730–1000 nm达~70%（图4d）。4T叠层性能（图4e-g）：半透明WBG PSCs冠军PCE14.61%（V_OC=1.21 V，J_SC=15.74 mA cm⁻²，FF=76.7%）。透过WBG顶电池过滤后，NBG底电池PCE5.75%。4T叠层总扫描效率20.36%（图4e）。EQE积分（图4f）：WBG 14.9 mA cm⁻²，过滤NBG 9.53 mA cm⁻²。SPO（图4g）：WBG 14.50%，过滤NBG 5.56%，4T总SPO 20.06%。这是首个两端子电池均采用Cs基无机Pb-Sn钙钛矿的4T叠层。1 cm²放大器件（S37）NBG 15.3%、WBG 13.1%、4T 17.6%。要点 5 缺陷钝化、载流子动力学与稳定性机制SCLC陷阱密度（图5a, S38, Table 4）：暗态J-V（图5a）显示4-ASA器件陷阱填充电压(V_TFL)从0.61 V降至0.42 V，陷阱密度从8.42×10¹⁵降至5.79×10¹⁵ cm⁻³——源于抑制Sn²⁺氧化、钝化V_I缺陷和改善结晶度。光强依赖V_OC/TPV/TPC（图5b-c, S39）：4-ASA器件V_OC-light intensity斜率1.41 kT/q（对照1.94）（图5b）——缺陷辅助复合被有效抑制。J_SC-light intensity拟合α≈0.955（S39）。TPV（图5c）显示4-ASA复合寿命130 μs（对照99 μs）；TPC（S39）提取时间从0.91 μs降至0.55 μs。Mott-Schottky与V_bi（图5d）：C-V曲线（图5d）显示内建电势从0.72 V增至0.81 V，直接贡献V_OC提升。UV稳定性与Sn⁴⁺/Sn²⁺演化（图5e-f, S40-S41）：365 nm UV照射（图5e）下对照144 h后保留61.6%初始PCE；4-ASA器件240 h后保留86.1%。XPS追踪Sn⁴⁺/Sn²⁺比（图5f, S41）：对照从0.23升至0.39（+69.5%），4-ASA从0.09升至0.14（+55.5%）——共SAMs通过氢键稳定Me-4PACz（S40）和物理隔离NiOₓ双重机制增强UV稳定性。热与运行稳定性（图5g, S42-S43）：ISOS-L-2I（85°C，1-sun，图5g）下对照480 h保留73%，4-ASA 720 h保留>80%。ISOS-L-1I（S42）下对照600 h保留80%，4-ASA 1440 h保留>90%。4T叠层热稳定性（S43）WBG保留78.9%，4T保留80.1%。TOF-SIMS抑制离子迁移（图5h-k, S44-S45）：P信号证实Me-4PACz沉积（图5h-i），P+S共定位证实4-ASA与Me-4PACz共存（图5j-k）。对照器件NiOₓ/钙钛矿界面I⁻浓度显著高于4-ASA器件（图5h-k）——共SAMs抑制离子积累。3D I mapping（图5i,k）显示4-ASA中I分布更均匀。光照老化240 h后（S45）对照界面I⁻富集加剧，4-ASA仍保持均匀分布。四、小结本文通过偶极工程共吸附策略，首次将SAMs改性成功应用于Cs基无机Pb-Sn混合窄带隙钙钛矿体系。含偶氮苯的4-ASA分子凭借8.8 D强偶极矩和-SO₃H锚定基团，与Me-4PACz形成强分子间相互作用（平行构型-1.37 eV），有效抑制了SAMs自聚集，表面覆盖度从0.64提升至0.78（MD模拟，CV验证）。共SAMs诱导的界面偶极使NiOₓ功函数从-4.59 eV降至-4.48 eV，NiOₓ/钙钛矿界面空穴传输能级偏移从0.33 eV降至0.02 eV——近理想能级对齐。同时，共SAMs通过双重机制抑制Sn²⁺氧化——物理隔离Ni³⁺与Sn²⁺接触（NiOₓ纳米颗粒在4-ASA中完全消失）、化学配位稳定Sn²⁺（Sn⁴⁺/Sn²⁺比从0.23降至0.09）。-NH₂与钙钛矿前驱体的Lewis酸碱相互作用使GBG角从80°增至134°、残余张应力释放、陷阱密度从8.42×10¹⁵降至5.79×10¹⁵ cm⁻³。NBG单结（1.36 eV CsPb₀.₆Sn₀.₄I₃）器件效率达17.82%（Cs基无机Pb-Sn体系记录）；与1.74 eV WBG半透明顶电池集成，构建了首个两端子电池均采用Cs基无机Pb-Sn钙钛矿的4T叠层，总效率20.36%。未封装NBG器件UV照射240 h后保留86.1%效率，85°C热老化720 h后保留>80%，MPPT 1440 h后保留>90%。该工作为高稳定Pb-Sn无机钙钛矿及其串联器件提供了新途径。五、参考文献Zhang, W., Li, H., Zhang, X. et al. Dipole-engineered co-adsorbed self-assembled monolayers boost Cs-based inorganic Pb-Sn perovskite tandem efficiency beyond 20%. Nat. Commun. (2026).https://doi.org/10.1038/s41467-026-76847-z相关产品推荐：还在为钙钛矿等敏感材料沉积 “设备笨重难部署、界面易受水氧污染、薄膜均匀性差” 发愁？Quantum Design中国引进的GEMStar XT 台式原子层沉积系统重磅破局！以 82×64×31cm 小巧机身集成全功能，侧开式腔门无缝对接手套箱隔绝污染，攻克传统设备痛点，更助力科研团队在《Nature》发表成果，实现钙钛矿太阳能电池 26.92% 认证效率与超 1000 小时热稳定性突破！核心优势：支持 1500:1 高深宽比 3D 结构与多尺寸基片均匀沉积可实现99.9% 温度均匀性、超 99% 膜厚均匀性及 ALD/MLD 兼容能力支持 4、6、8 英寸多片样品同时沉积，无论是基础研究还是批量验证，都能高效满足侧面手套箱集成不占地、无热干扰；应用领域：覆盖量子点器件、钙钛矿太阳能电池、锂电池、催化材料等，精准获取薄膜成分均匀性、结构稳定性等核心数据，助力高水平成果产出，是纳米技术、光电材料研究的硬核工具！若您对原子层沉积设备有任何问题，欢迎扫码咨询！学术交流QQ群知光谷光伏器件学术QQ群：641345719钙钛矿产教融合交流@知光谷（微信群）：需添加编辑微信为加强科研合作，我们为海内外科研人员专门开通了钙钛矿科创合作专业科研交流微信群。加微信群方式：添加编辑微信pvalley2024，备注：姓名-单位-研究方向（无备注请恕不通过），由编辑审核后邀请入群。",,,,pending
600元参会！合肥见！26年（第十届）中国固态电池大会,锂电前沿,锂电前沿,"RIOnews API, 新材料, 复合材料, 碳, 聚合物, 高比能, 锂硫电池, 硅, 前沿表征, 高通量, 固态电池, 固态电解质, 陶瓷材料, 新型电池, 空气电池, 钠离子电池, 钠电, 钠电池, 储能, 循环寿命, 负极材料, 融资",normal,2026-08-25T08:51:00+08:00,,温馨提醒：优惠票600元每人（含餐），截止时间9月15号（含），缴费成功视为报名成功；参展和报名电话.陈老师：***********2026年（第十届）中国固态电池技术创新与产业化研讨会2026年11月25-27日 安徽.合肥会议背景固态电池是当前二次电池领域最为活跃的研究方向之一。理论上，全固态锂离子电池的能量密度可达900Wh/kg，由于采用固体电解质与高比能量负极，并可能防止锂枝晶导致的电池内部短路，固态电池的能量密度和循环寿命方面有望较传统锂电池有大幅提升。同时，固态电池还兼顾了长储存寿命、高功率密度和制备简单等特性，尤其是比高能量密度传统锂离子电池拥有更良好的热控及安全特性。固态电解,http://mp.weixin.qq.com/s?__biz=MzkzODYxNTc2OA==&mid=2247511626&idx=2&sn=92117e91cf074150a3e2a93165515804,,温馨提醒：优惠票600元每人（含餐），截止时间9月15号（含），缴费成功视为报名成功；参展和报名电话.陈老师：***********2026年（第十届）中国固态电池技术创新与产业化研讨会2026年11月25-27日 安徽.合肥会议背景固态电池是当前二次电池领域最为活跃的研究方向之一。理论上，全固态锂离子电池的能量密度可达900Wh/kg，由于采用固体电解质与高比能量负极，并可能防止锂枝晶导致的电池内部短路，固态电池的能量密度和循环寿命方面有望较传统锂电池有大幅提升。同时，固态电池还兼顾了长储存寿命、高功率密度和制备简单等特性，尤其是比高能量密度传统锂离子电池拥有更良好的热控及安全特性。固态电解,温馨提醒：优惠票600元每人（含餐），截止时间9月15号（含），缴费成功视为报名成功；参展和报名电话.陈老师：***********2026年（第十届）中国固态电池技术创新与产业化研讨会2026年11月25-27日 安徽.合肥会议背景固态电池是当前二次电池领域最为活跃的研究方向之一。理论上，全固态锂离子电池的能量密度可达900Wh/kg，由于采用固体电解质与高比能量负极，并可能防止锂枝晶导致的电池内部短路，固态电池的能量密度和循环寿命方面有望较传统锂电池有大幅提升。同时，固态电池还兼顾了长储存寿命、高功率密度和制备简单等特性，尤其是比高能量密度传统锂离子电池拥有更良好的热控及安全特性。固态电解质作为固态电池核心技术，聚合物固态电解质、氧化物固态电解质、硫化物固态电解质三大类复合材料成为技术攻关的重点。但是，固态电解质要有与之适应的正负极体系。所以，推进全固态电池产业化的过程，也将是锂电正负极材料体系的一场全面变革。有鉴于此，为了进一步推动我国固态电池的研究创新和技术进步，及时了解固态电池最新相关研究成果和发展动态，尽早推广下游大规模应用，明确主要需求，加强行业交流，促进产学研协同创新，我们特别组织固态电池专题研讨会：26年（第十届）中国固态电池技术创新与产业化应用研讨会，会议将于2026年11月25日-27日在安徽.合肥举行。会议邀请固态电池领域的知名研究院所、大专院校、相关企业及投融资机构代表参会，就固态电池基础研究、关键材料、关键技术、关键装备及其标准等全产业领域展开探讨。共聚一堂，充分交流、集思广益、相互切磋，以期实质性促进我国固态电池的进一步发展。会议概况【会议时间】2026年11月25-27日（25日全天签到）【主办单位】锂电前沿【承办单位】 深圳友研科技有限公司固态电池会议交流内容 ●固体电解质材料：理论基础、新体系、规模制造及产业化应用●固态电池正负极材料：理论基础、新体系、规模制造及产业化应用●固态电池中的界面工程：界面观测与调控、制造及电池循环时的界面动态演变等●混合固液电解质锂电池：动力电池、储能电池及柔性电池等●全固态电池：全固态锂电池、全固态锂硫电池、全固态锂空气电池及全固态钠电池等●高通量理论和理论设计及计算方法在固态电池研究开发中的应用●固态电池的产业化技术会议形式主要通过大会报告、交流报告、现场讨论的形式，欢迎相关企业和检测机构安排小型展览。会议期间还将组织演讲嘉宾或行业资深专家们与参会代表互动进行自由讨论。为了共同办好这次会议，热烈欢迎各相关企业、科研院所赞助本次研讨会。会议注册费会议注册费：参会人员10月15日前11月20日前11月20日后以及现场正式代表2500元2800元3200元在校学生代表1500元1500元1800元（学生代表注册时需凭学生证，包含本科生、硕士、博士）注册费包含：会议费、资料费用等费用、不包含路费和住宿费，住宿要自订。账户信息：户名：深圳友研科技有限公司账号：757575353398开户行：中国银行股份有限公司深圳西丽支行付款时请注明“固态电池 +单位名称”开票注意事项：增值税普通发票请提供单位名称及税号。如果需要增值税专用发票，请提供单位名称、税号、地址、电话、开户行、账号第九届固态电池会议回顾2026年8月5日-7日，锂电前沿主办的“2026中国固态电池技术大会暨中国硅碳负极高峰论坛”在江苏常州顺利召开并圆满闭幕。锂电前沿举办此次会议议题紧贴固态电池，硅碳负极材料单位科研和产业化实际需求，引发市场广泛关注，受到专家及参会嘉宾一致好评，有力的推动了我国固态电池，硅碳负极材料的科技进步和产业化进程。第八届固态电池会议回顾2026年4月22日-24日，锂电前沿，钠电材料主办的“2026第八届中国固态电池技术创新与产业化应用研讨会暨中国钠电技术高峰论坛”在湖南长沙顺利召开并圆满闭幕。线下与会嘉宾达906人，参会单位超过550家，参展厂家超过60家，专题报告49个。锂电前沿，钠电材料举办此次会议议题紧贴固态电池，钠电材料单位科研和产业化实际需求，引发市场广泛关注，受到专家及参会嘉宾一致好评，有力的推动了我国固态电池，钠离子电池的科技进步和产业化进程。第七届固态电池会议回顾2025年10月22日-24日，锂电前沿，先进陶瓷材料主办的“2025第七届中国固态电池技术创新与产业化应用研讨会暨中国先进陶瓷技术与产业高峰论坛”在安徽合肥顺利召开并圆满闭幕。线下与会嘉宾达1036人，参会单位超过600家，参展厂家超过50家，专题报告42个。锂电前沿，先进陶瓷材料举办此次会议议题紧贴固态电池，先进陶瓷材料单位科研和产业化实际需求，引发市场广泛关注，受到专家及参会嘉宾一致好评，有力的推动了我国固态电池，先进陶瓷的科技进步和产业化进程。现场视频（点击上方观看）第五届固态电池会议回顾2024年10月，锂电前沿主办的“第五届中国固态电池技术创新与产业化应用研讨会”在安徽合肥顺利召开并圆满闭幕。线下与会嘉宾达820人，参会单位超过450家第六届固态电池会议回顾2025年3月26日-28日，锂电前沿主办的“2025第六届中国固态电池技术创新与产业化应用研讨会”在湖北武汉顺利召开并圆满闭幕。线下与会嘉宾达889人，参会单位超过500家，参展厂家超过50家，专题报告44个。锂电前沿举办此次会议议题紧贴固态电池单位科研和产业化实际需求，引发市场关注，受到专家及参会者广泛好评，有力的推动了我国固态电池的进一步发展。组委会联系方式参会、参展、宣传及赞助事宜联 系 人：陈老师 （赞助和报名事宜咨询）联系电话：***********（微信同号）邮 箱 ：sdlscck@163.com 报名方式一：长按报名报名方式二：点击左下方阅读原文报名,,,,pending
锂电/钠电/固态电池材料大全,锂电前沿,锂电前沿,"RIOnews API, 新材料, 电池材料, 碳, 隔膜, 粘结剂, 高比能, 富锂锰, 硅, 固态电池, 固态电解质, 钠离子电池, 钠电, 磷酸铁锂, 铁锂, 三元, NCM, NCA, 磷酸锰铁锂, 锰铁锂, 软包, 5C, 正极材料, 负极材料, 电解液, 实验室",normal,2026-08-25T08:51:00+08:00,,高品质电池耗材 尽在友研平台友研平台 致力于为实验室科研人员提供质量优质的产品，高效的报销结算以及便捷的服务体验。服务于国内外数千家高校和科研院所等科研单位。为了更好的服务新老客户友研平台特新增多款新材料多种规格可选支持预存下单即可领取毛绒玩偶一个数量有限 送完为止让我们一起看看都有哪些材料吧锂离子电池材料正极材料钴酸锂：4.2V、4.35V、4.45V、4.5V磷酸铁锂：P198、DY-3、XDNP01-2、E99三元材料：NCM111、NCM523、NCM5515、NCM622、NCM613、NCM6507、NCM811、NCM831205、NCM9055、Ni92、Ni94、Ni96、N,http://mp.weixin.qq.com/s?__biz=MzkzODYxNTc2OA==&mid=2247511626&idx=4&sn=20fe1006fabfa77aaa49fc5e69f28028,,高品质电池耗材 尽在友研平台友研平台 致力于为实验室科研人员提供质量优质的产品，高效的报销结算以及便捷的服务体验。服务于国内外数千家高校和科研院所等科研单位。为了更好的服务新老客户友研平台特新增多款新材料多种规格可选支持预存下单即可领取毛绒玩偶一个数量有限 送完为止让我们一起看看都有哪些材料吧锂离子电池材料正极材料钴酸锂：4.2V、4.35V、4.45V、4.5V磷酸铁锂：P198、DY-3、XDNP01-2、E99三元材料：NCM111、NCM523、NCM5515、NCM622、NCM613、NCM6507、NCM811、NCM831205、NCM9055、Ni92、Ni94、Ni96、N,高品质电池耗材 尽在友研平台友研平台 致力于为实验室科研人员提供质量优质的产品，高效的报销结算以及便捷的服务体验。服务于国内外数千家高校和科研院所等科研单位。为了更好的服务新老客户友研平台特新增多款新材料多种规格可选支持预存下单即可领取毛绒玩偶一个数量有限 送完为止让我们一起看看都有哪些材料吧锂离子电池材料正极材料钴酸锂：4.2V、4.35V、4.45V、4.5V磷酸铁锂：P198、DY-3、XDNP01-2、E99三元材料：NCM111、NCM523、NCM5515、NCM622、NCM613、NCM6507、NCM811、NCM831205、NCM9055、Ni92、Ni94、Ni96、NCA（单晶/多晶/前驱体）二元前驱体：NM9505、NM91、NM82、NM64、NM 13裸料：NCM523、NCM5515、NCM613、NCM811、NCM9055磷酸锰铁锂：LFMP64、LFMP73、M70锰酸锂、尖晶石镍锰酸锂、磷酸钒锂、富锂锰基及前驱体、磷酸铁、磷酸锰铁等负极材料硅碳负极：Si/C-400、Si/C-500、Si/C-600、Si/C-650硅氧碳负极：SiO/C-420、SiO/C-450、SiO/C-550硅氧：1580容量石墨负极：AGP、S360、FSN-1、918-II、QE-1、QCG-9、QC8、EP5-H等硬碳负极：锂电用硬碳、吴羽化学硬碳、可乐丽509-5、可乐丽510-5、球形硬碳、可乐丽type1、可乐丽type2钛酸锂、软碳、纳米硅等电解液三元材料电解液、富锂锰基电解液、磷酸铁锂电解液、钴酸锂电解液、高电压电解液等多款电解液，可根据指定配方或电池体系配制隔膜PP隔膜、PE隔膜、PPPEPP隔膜、陶瓷隔膜(单/双面涂覆)、Whatman玻璃纤维隔膜等导电剂特密高Super P Li、特密高Super C45、科琴黑ECP-600JD、科琴黑EC-300J、KS-6、SFG-6、乙炔黑、单壁碳纳米管浆料(水系/油系)、多壁碳纳米管浆料、多壁碳纳米管粉末等粘结剂PVDF 5130、PVDF HSV900、CMC2200、CMC MAC500LC、SBR BM-451b、JSR TRD104A、LA132、LA133、LA136D、LA136DL、PAA粘结剂、PVP K30、PTFE等集流体铜箔(单光/双光/双毛)、涂炭铜箔(单面涂/双面涂)、铝箔(单光/双光)、涂碳铝箔(单面涂/双面涂)、微孔铜箔、微孔铝箔、多孔铜箔、多孔铝箔、泡沫镍、泡沫铜等壳体及其他材料、工具扣式电池壳、铝塑膜、极耳、N-甲基吡咯烷酮、高温胶带、裁剪工具、软包电池测试夹具等钠离子电池材料正极材料普鲁士白、磷酸钒钠、焦磷酸铁钠、镍锰酸钠、镍铁锰酸钠424、镍铁锰酸钠O3A、镍铁锰酸钠P2B、镍铁锰酸钠O3B、镍铁锰酸钠P2C、镍铁锰前驱体等负极材料可乐丽Type2、可乐丽Type1、吴羽化学硬碳、球形硬碳、NHC-B1、BSHC-300、BSHC-320等负极材料可乐丽Type2、可乐丽Type1、吴羽化学硬碳、球形硬碳、NHC-B1、BSHC-300、BSHC-320等电解液磷酸钒钠电解液、焦磷酸铁钠电解液、镍铁锰酸钠半电电解液、镍铁锰酸钠-硬碳全电电解液、钠电硬碳电解液等多款电解液，可根据指定配方或电池体系配制隔膜Whatman玻璃纤维隔膜、钠电用三层隔膜等其他材料导电剂、粘结剂、铝箔、极耳、电池壳、铝塑膜、NMP、夹具等固态电解质粉末LLZO、LLZTO、LLZNO、LLTO、LATP、Li6PS5CI、li5.5PS4.5C11.5、IPSCBr、NZSPO等01可提供正规增值税发票可接受高校、研究院所或企业单位公对公打款0203品种齐全 规格多样 起订量：10g采购渠道韩经理联系方式：电话：***********(微信同号)微信二维码： 郝经理联系方式：电话：***********(微信同号)微信二维码： 耗材陆续更新中，详情可扫码咨询！end阅读原文这里是一个宝藏平台！,,,,pending
锂电池极片辊压工艺的重要性,锂电前沿,锂电前沿,"RIOnews API, 新材料, 复合材料, 碳, 隔膜, 聚合物, 高比能, 锂硫电池, 硅, 前沿表征, 高通量, 固态电池, 固态电解质, 陶瓷材料, 新型电池, 空气电池, 钠离子电池, 钠电, 磷酸铁锂, 铁锂, 三元, 钠电池, 储能, 循环寿命, 负极材料, 电解液, 融资",normal,2026-08-25T08:51:00+08:00,,锂电池极片在涂布干燥之后进行的辊压工序，是锂离子电池制造过程中一个承上启下的关键环节。简单来说，辊压是通过大吨位辊压机的压力，将涂布在集流体（铝箔或铜箔）上疏松多孔的活性物质涂层压实成致密薄膜的工艺。这一步骤之所以不可或缺，主要基于以下几个核心目的：1. 提高能量密度这是最直接的目的。涂布后的极片表面活性物质（如钴酸锂、磷酸铁锂、石墨等）呈疏松的颗粒堆积状态，颗粒之间存在大量空隙。效果：通过辊压压实，颗粒间的空隙减小，单位体积内能容纳的活性物质质量增加，从而直接提升了电芯的体积能量密度。在有限的电芯空间内，能装入更多的电量。2. 降低内阻，提升倍率性能电池的内阻直接影响其充放电速度和发热情况。,http://mp.weixin.qq.com/s?__biz=MzkzODYxNTc2OA==&mid=2247511626&idx=3&sn=628e4bb8cd2553f368402357b254bdf7,,锂电池极片在涂布干燥之后进行的辊压工序，是锂离子电池制造过程中一个承上启下的关键环节。简单来说，辊压是通过大吨位辊压机的压力，将涂布在集流体（铝箔或铜箔）上疏松多孔的活性物质涂层压实成致密薄膜的工艺。这一步骤之所以不可或缺，主要基于以下几个核心目的：1. 提高能量密度这是最直接的目的。涂布后的极片表面活性物质（如钴酸锂、磷酸铁锂、石墨等）呈疏松的颗粒堆积状态，颗粒之间存在大量空隙。效果：通过辊压压实，颗粒间的空隙减小，单位体积内能容纳的活性物质质量增加，从而直接提升了电芯的体积能量密度。在有限的电芯空间内，能装入更多的电量。2. 降低内阻，提升倍率性能电池的内阻直接影响其充放电速度和发热情况。,锂电池极片在涂布干燥之后进行的辊压工序，是锂离子电池制造过程中一个承上启下的关键环节。简单来说，辊压是通过大吨位辊压机的压力，将涂布在集流体（铝箔或铜箔）上疏松多孔的活性物质涂层压实成致密薄膜的工艺。这一步骤之所以不可或缺，主要基于以下几个核心目的：1. 提高能量密度这是最直接的目的。涂布后的极片表面活性物质（如钴酸锂、磷酸铁锂、石墨等）呈疏松的颗粒堆积状态，颗粒之间存在大量空隙。效果：通过辊压压实，颗粒间的空隙减小，单位体积内能容纳的活性物质质量增加，从而直接提升了电芯的体积能量密度。在有限的电芯空间内，能装入更多的电量。2. 降低内阻，提升倍率性能电池的内阻直接影响其充放电速度和发热情况。接触电阻：辊压前，活性物质颗粒之间、以及活性物质与集流体之间只是物理接触，接触点少，电子传输路径长且阻力大。辊压后，颗粒被压扁、重排，形成了面接触或更紧密的点接触，构建了稳定的导电网络。同时，活性物质层与集流体之间的结合力显著增强。这大幅降低了电池的欧姆内阻，使电子能快速移动，从而支持大电流充放电（高倍率性能），并减少了充放电过程中的发热。3. 改善循环寿命如果极片未经辊压或压实不足，在电池充放电循环过程中会面临稳定性问题。抑制脱落：辊压增强了涂层与集流体之间的剥离强度。如果涂层疏松，在反复充放电（锂离子嵌入和脱出导致活性物质体积膨胀收缩）过程中，涂层容易从箔材上脱落或粉化，导致容量快速衰减。结构稳定：致密的极片结构能更好地约束活性物质在循环过程中的体积变化，维持电极结构的完整性，从而延长电池的使用寿命。4. 控制厚度一致性与后续工序厚度均一性：卷绕或叠片工序对极片的厚度公差要求极为苛刻。如果极片未经辊压，涂层的厚度波动较大且表面不平整，在后续卷绕时容易发生错位，在叠片时可能因厚度不均刺穿隔膜，造成短路风险。厚度减薄：辊压后的极片厚度通常只有涂布后原始厚度的60%-80%，这为后续的卷绕/叠片工序节省了空间，有利于电芯的小型化。5. 优化孔隙率辊压并非压得越实越好，而是要将孔隙率控制在合理的范围内。关键平衡：合适的孔隙率（通常锂电负极在25%-35%，正极在20%-30%）既能保证足够的电解液存储空间，确保锂离子在固液相之间有顺畅的传输通道（离子导电性），又能保证足够的电子导电性。辊压正是实现这种“电子导电”与“离子导电”平衡的关键手段。最后总结一下：如果缺少辊压工序，极片会呈现“海绵”状结构。这样的极片不仅能量密度低，而且由于电子导电性差、与集流体结合力弱，在充放电时极易发生极化大、发热严重、析锂（负极）、脱粉等问题，导致电池无法满足商业化的循环寿命和安全要求。补充说明：虽然辊压至关重要，但压实密度需要根据不同的材料体系（如磷酸铁锂对压实敏感，三元材料则需韧性平衡）进行精准控制。如果过压，会导致孔隙率过低，电解液浸润困难，锂离子传输受阻，反而不利于电池性能，严重时甚至会导致极片脆裂、断带。因此，辊压工序通常也是质量控制的核心。温馨提醒：优惠票600元每人（含餐），截止时间9月15号（含），缴费成功视为报名成功；参展和报名电话.陈老师：***********2026年（第十届）中国固态电池技术创新与产业化研讨会2026年11月25-27日 安徽.合肥会议背景固态电池是当前二次电池领域最为活跃的研究方向之一。理论上，全固态锂离子电池的能量密度可达900Wh/kg，由于采用固体电解质与高比能量负极，并可能防止锂枝晶导致的电池内部短路，固态电池的能量密度和循环寿命方面有望较传统锂电池有大幅提升。同时，固态电池还兼顾了长储存寿命、高功率密度和制备简单等特性，尤其是比高能量密度传统锂离子电池拥有更良好的热控及安全特性。固态电解质作为固态电池核心技术，聚合物固态电解质、氧化物固态电解质、硫化物固态电解质三大类复合材料成为技术攻关的重点。但是，固态电解质要有与之适应的正负极体系。所以，推进全固态电池产业化的过程，也将是锂电正负极材料体系的一场全面变革。有鉴于此，为了进一步推动我国固态电池的研究创新和技术进步，及时了解固态电池最新相关研究成果和发展动态，尽早推广下游大规模应用，明确主要需求，加强行业交流，促进产学研协同创新，我们特别组织固态电池专题研讨会：26年（第十届）中国固态电池技术创新与产业化应用研讨会，会议将于2026年11月25日-27日在安徽.合肥举行。会议邀请固态电池领域的知名研究院所、大专院校、相关企业及投融资机构代表参会，就固态电池基础研究、关键材料、关键技术、关键装备及其标准等全产业领域展开探讨。共聚一堂，充分交流、集思广益、相互切磋，以期实质性促进我国固态电池的进一步发展。会议概况【会议时间】2026年11月25-27日（25日全天签到）【主办单位】锂电前沿【承办单位】 深圳友研科技有限公司固态电池会议交流内容 ●固体电解质材料：理论基础、新体系、规模制造及产业化应用●固态电池正负极材料：理论基础、新体系、规模制造及产业化应用●固态电池中的界面工程：界面观测与调控、制造及电池循环时的界面动态演变等●混合固液电解质锂电池：动力电池、储能电池及柔性电池等●全固态电池：全固态锂电池、全固态锂硫电池、全固态锂空气电池及全固态钠电池等●高通量理论和理论设计及计算方法在固态电池研究开发中的应用●固态电池的产业化技术会议形式主要通过大会报告、交流报告、现场讨论的形式，欢迎相关企业和检测机构安排小型展览。会议期间还将组织演讲嘉宾或行业资深专家们与参会代表互动进行自由讨论。为了共同办好这次会议，热烈欢迎各相关企业、科研院所赞助本次研讨会。会议注册费会议注册费：参会人员10月15日前11月20日前11月20日后以及现场正式代表2500元2800元3200元在校学生代表1500元1500元1800元（学生代表注册时需凭学生证，包含本科生、硕士、博士）注册费包含：会议费、资料费用等费用、不包含路费和住宿费，住宿要自订。账户信息：户名：深圳友研科技有限公司账号：757575353398开户行：中国银行股份有限公司深圳西丽支行付款时请注明“固态电池 +单位名称”开票注意事项：增值税普通发票请提供单位名称及税号。如果需要增值税专用发票，请提供单位名称、税号、地址、电话、开户行、账号第九届固态电池会议回顾2026年8月5日-7日，锂电前沿主办的“2026中国固态电池技术大会暨中国硅碳负极高峰论坛”在江苏常州顺利召开并圆满闭幕。锂电前沿举办此次会议议题紧贴固态电池，硅碳负极材料单位科研和产业化实际需求，引发市场广泛关注，受到专家及参会嘉宾一致好评，有力的推动了我国固态电池，硅碳负极材料的科技进步和产业化进程。第八届固态电池会议回顾2026年4月22日-24日，锂电前沿，钠电材料主办的“2026第八届中国固态电池技术创新与产业化应用研讨会暨中国钠电技术高峰论坛”在湖南长沙顺利召开并圆满闭幕。线下与会嘉宾达906人，参会单位超过550家，参展厂家超过60家，专题报告49个。锂电前沿，钠电材料举办此次会议议题紧贴固态电池，钠电材料单位科研和产业化实际需求，引发市场广泛关注，受到专家及参会嘉宾一致好评，有力的推动了我国固态电池，钠离子电池的科技进步和产业化进程。第七届固态电池会议回顾2025年10月22日-24日，锂电前沿，先进陶瓷材料主办的“2025第七届中国固态电池技术创新与产业化应用研讨会暨中国先进陶瓷技术与产业高峰论坛”在安徽合肥顺利召开并圆满闭幕。线下与会嘉宾达1036人，参会单位超过600家，参展厂家超过50家，专题报告42个。锂电前沿，先进陶瓷材料举办此次会议议题紧贴固态电池，先进陶瓷材料单位科研和产业化实际需求，引发市场广泛关注，受到专家及参会嘉宾一致好评，有力的推动了我国固态电池，先进陶瓷的科技进步和产业化进程。现场视频（点击上方观看）第五届固态电池会议回顾2024年10月，锂电前沿主办的“第五届中国固态电池技术创新与产业化应用研讨会”在安徽合肥顺利召开并圆满闭幕。线下与会嘉宾达820人，参会单位超过450家第六届固态电池会议回顾2025年3月26日-28日，锂电前沿主办的“2025第六届中国固态电池技术创新与产业化应用研讨会”在湖北武汉顺利召开并圆满闭幕。线下与会嘉宾达889人，参会单位超过500家，参展厂家超过50家，专题报告44个。锂电前沿举办此次会议议题紧贴固态电池单位科研和产业化实际需求，引发市场关注，受到专家及参会者广泛好评，有力的推动了我国固态电池的进一步发展。组委会联系方式参会、参展、宣传及赞助事宜联 系 人：陈老师 （赞助和报名事宜咨询）联系电话：***********（微信同号）邮 箱 ：sdlscck@163.com 报名方式一：长按报名报名方式二：点击左下方阅读原文报名,,,,pending
宁德时代获宝马订单！,锂电前沿,锂电前沿,"RIOnews API, 新材料, 复合材料, 碳, 聚合物, 高比能, 锂硫电池, 硅, 前沿表征, 高通量, 固态电池, 固态电解质, 陶瓷材料, 新型电池, 空气电池, 钠离子电池, 钠电, 宁德时代, 亿纬锂能, 亿纬, AESC, 三星SDI, 钠电池, 4695, 46120, 储能, 循环寿命, 电池包, 负极材料, 订单, 融资",normal,2026-08-25T08:51:00+08:00,,来源：电池世界近日、宝马宣布自下一代电动汽车平台“新世代”（NeueKlasse）起，对电动汽车电池供应链进行重组。从第六代BMWeDrive平台开始，宝马将采用自主设计的大型圆柱形电芯，替代此前第五代及更早平台使用的方形电芯。新电芯包括“4695”和“46120”两种规格，电芯级体积能量密度较第五代电池提升超过20%。宝马已选定亿纬锂能作为“新世代”平台电池的初期供应商，其位于匈牙利德布勒森附近的电池生产设施将为宝马欧洲市场电动汽车供应电池包；若需求增加，宝马还计划从亿纬锂能位于中国沈阳的工厂追加采购。同时，宝马与宁德时代签署了“新世代”平台46毫米圆柱电池的供应合同。在美国市场，宝马将向A,http://mp.weixin.qq.com/s?__biz=MzkzODYxNTc2OA==&mid=2247511626&idx=1&sn=a21d6ff296f961583de5dd26acf62f96,,来源：电池世界近日、宝马宣布自下一代电动汽车平台“新世代”（NeueKlasse）起，对电动汽车电池供应链进行重组。从第六代BMWeDrive平台开始，宝马将采用自主设计的大型圆柱形电芯，替代此前第五代及更早平台使用的方形电芯。新电芯包括“4695”和“46120”两种规格，电芯级体积能量密度较第五代电池提升超过20%。宝马已选定亿纬锂能作为“新世代”平台电池的初期供应商，其位于匈牙利德布勒森附近的电池生产设施将为宝马欧洲市场电动汽车供应电池包；若需求增加，宝马还计划从亿纬锂能位于中国沈阳的工厂追加采购。同时，宝马与宁德时代签署了“新世代”平台46毫米圆柱电池的供应合同。在美国市场，宝马将向A,来源：电池世界近日、宝马宣布自下一代电动汽车平台“新世代”（NeueKlasse）起，对电动汽车电池供应链进行重组。从第六代BMWeDrive平台开始，宝马将采用自主设计的大型圆柱形电芯，替代此前第五代及更早平台使用的方形电芯。新电芯包括“4695”和“46120”两种规格，电芯级体积能量密度较第五代电池提升超过20%。宝马已选定亿纬锂能作为“新世代”平台电池的初期供应商，其位于匈牙利德布勒森附近的电池生产设施将为宝马欧洲市场电动汽车供应电池包；若需求增加，宝马还计划从亿纬锂能位于中国沈阳的工厂追加采购。同时，宝马与宁德时代签署了“新世代”平台46毫米圆柱电池的供应合同。在美国市场，宝马将向AESC采购电芯，并于2024年12月在南卡罗来纳州伍德鲁夫工厂生产用于下一代纯电动SUViX5的高压电池包，供应邻近的斯帕坦堡组装工厂。此次调整中，宝马主导电芯化学配方、规格、电池包设计及电控技术，电芯生产交由专业电池企业，电池包则在整车生产地就近组装。此前，宝马第五代及之前车型主要依赖三星SDI供应电池。温馨提醒：优惠票600元每人（含餐），截止时间9月15号（含），缴费成功视为报名成功；参展和报名电话.陈老师：***********2026年（第十届）中国固态电池技术创新与产业化研讨会2026年11月25-27日 安徽.合肥会议背景固态电池是当前二次电池领域最为活跃的研究方向之一。理论上，全固态锂离子电池的能量密度可达900Wh/kg，由于采用固体电解质与高比能量负极，并可能防止锂枝晶导致的电池内部短路，固态电池的能量密度和循环寿命方面有望较传统锂电池有大幅提升。同时，固态电池还兼顾了长储存寿命、高功率密度和制备简单等特性，尤其是比高能量密度传统锂离子电池拥有更良好的热控及安全特性。固态电解质作为固态电池核心技术，聚合物固态电解质、氧化物固态电解质、硫化物固态电解质三大类复合材料成为技术攻关的重点。但是，固态电解质要有与之适应的正负极体系。所以，推进全固态电池产业化的过程，也将是锂电正负极材料体系的一场全面变革。有鉴于此，为了进一步推动我国固态电池的研究创新和技术进步，及时了解固态电池最新相关研究成果和发展动态，尽早推广下游大规模应用，明确主要需求，加强行业交流，促进产学研协同创新，我们特别组织固态电池专题研讨会：26年（第十届）中国固态电池技术创新与产业化应用研讨会，会议将于2026年11月25日-27日在安徽.合肥举行。会议邀请固态电池领域的知名研究院所、大专院校、相关企业及投融资机构代表参会，就固态电池基础研究、关键材料、关键技术、关键装备及其标准等全产业领域展开探讨。共聚一堂，充分交流、集思广益、相互切磋，以期实质性促进我国固态电池的进一步发展。会议概况【会议时间】2026年11月25-27日（25日全天签到）【主办单位】锂电前沿【承办单位】 深圳友研科技有限公司固态电池会议交流内容 ●固体电解质材料：理论基础、新体系、规模制造及产业化应用●固态电池正负极材料：理论基础、新体系、规模制造及产业化应用●固态电池中的界面工程：界面观测与调控、制造及电池循环时的界面动态演变等●混合固液电解质锂电池：动力电池、储能电池及柔性电池等●全固态电池：全固态锂电池、全固态锂硫电池、全固态锂空气电池及全固态钠电池等●高通量理论和理论设计及计算方法在固态电池研究开发中的应用●固态电池的产业化技术会议形式主要通过大会报告、交流报告、现场讨论的形式，欢迎相关企业和检测机构安排小型展览。会议期间还将组织演讲嘉宾或行业资深专家们与参会代表互动进行自由讨论。为了共同办好这次会议，热烈欢迎各相关企业、科研院所赞助本次研讨会。会议注册费会议注册费：参会人员10月15日前11月20日前11月20日后以及现场正式代表2500元2800元3200元在校学生代表1500元1500元1800元（学生代表注册时需凭学生证，包含本科生、硕士、博士）注册费包含：会议费、资料费用等费用、不包含路费和住宿费，住宿要自订。账户信息：户名：深圳友研科技有限公司账号：757575353398开户行：中国银行股份有限公司深圳西丽支行付款时请注明“固态电池 +单位名称”开票注意事项：增值税普通发票请提供单位名称及税号。如果需要增值税专用发票，请提供单位名称、税号、地址、电话、开户行、账号第九届固态电池会议回顾2026年8月5日-7日，锂电前沿主办的“2026中国固态电池技术大会暨中国硅碳负极高峰论坛”在江苏常州顺利召开并圆满闭幕。锂电前沿举办此次会议议题紧贴固态电池，硅碳负极材料单位科研和产业化实际需求，引发市场广泛关注，受到专家及参会嘉宾一致好评，有力的推动了我国固态电池，硅碳负极材料的科技进步和产业化进程。第八届固态电池会议回顾2026年4月22日-24日，锂电前沿，钠电材料主办的“2026第八届中国固态电池技术创新与产业化应用研讨会暨中国钠电技术高峰论坛”在湖南长沙顺利召开并圆满闭幕。线下与会嘉宾达906人，参会单位超过550家，参展厂家超过60家，专题报告49个。锂电前沿，钠电材料举办此次会议议题紧贴固态电池，钠电材料单位科研和产业化实际需求，引发市场广泛关注，受到专家及参会嘉宾一致好评，有力的推动了我国固态电池，钠离子电池的科技进步和产业化进程。第七届固态电池会议回顾2025年10月22日-24日，锂电前沿，先进陶瓷材料主办的“2025第七届中国固态电池技术创新与产业化应用研讨会暨中国先进陶瓷技术与产业高峰论坛”在安徽合肥顺利召开并圆满闭幕。线下与会嘉宾达1036人，参会单位超过600家，参展厂家超过50家，专题报告42个。锂电前沿，先进陶瓷材料举办此次会议议题紧贴固态电池，先进陶瓷材料单位科研和产业化实际需求，引发市场广泛关注，受到专家及参会嘉宾一致好评，有力的推动了我国固态电池，先进陶瓷的科技进步和产业化进程。现场视频（点击上方观看）第五届固态电池会议回顾2024年10月，锂电前沿主办的“第五届中国固态电池技术创新与产业化应用研讨会”在安徽合肥顺利召开并圆满闭幕。线下与会嘉宾达820人，参会单位超过450家第六届固态电池会议回顾2025年3月26日-28日，锂电前沿主办的“2025第六届中国固态电池技术创新与产业化应用研讨会”在湖北武汉顺利召开并圆满闭幕。线下与会嘉宾达889人，参会单位超过500家，参展厂家超过50家，专题报告44个。锂电前沿举办此次会议议题紧贴固态电池单位科研和产业化实际需求，引发市场关注，受到专家及参会者广泛好评，有力的推动了我国固态电池的进一步发展。组委会联系方式参会、参展、宣传及赞助事宜联 系 人：陈老师 （赞助和报名事宜咨询）联系电话：***********（微信同号）邮 箱 ：sdlscck@163.com 报名方式一：长按报名报名方式二：点击左下方阅读原文报名,,,,pending
华中科技大学Advanced Materials: 破局CO₂电还原高选择性制乙醇：界面动态氧交换,电催化科研社,电催化科研社,"RIOnews API, 电化学合成, 电催化, 电合成, CO₂还原",normal,2026-08-25T08:46:30+08:00,,全文速览可再生能源驱动的电化学CO₂还原是实现碳中和的核心路径之一，长期以来铜基催化剂中起到关键作用的中间价态Cu⁺在负电位下极易过度还原为Cu⁰，导致关键中间体的C─O键断裂，反应选择性向乙烯倾斜，大幅限制了乙醇的高效规模化合成。本研究创新性提出界面动态氧交换策略，设计合成出富氧空位异质界面的薄层氧化铈包覆氧化亚铜（Cu₂O@CeO₂）催化剂，通过界面氧空位持续捕获CO₂解离出的氧物种，动态抑制相邻Cu⁺位点的过度还原，精准引导CH₂与CHO发生不对称C─C偶联，在后续质子化过程中完整保留C─O键，最终实现高选择性CO₂到乙醇的电催化转化。优化后的催化剂在-1.1 V vs. RHE电位下乙,http://mp.weixin.qq.com/s?__biz=MzI4MTE2MjIxOQ==&mid=2650306917&idx=1&sn=3fc07af3b448a2895049b8a05ea98a80,,全文速览可再生能源驱动的电化学CO₂还原是实现碳中和的核心路径之一，长期以来铜基催化剂中起到关键作用的中间价态Cu⁺在负电位下极易过度还原为Cu⁰，导致关键中间体的C─O键断裂，反应选择性向乙烯倾斜，大幅限制了乙醇的高效规模化合成。本研究创新性提出界面动态氧交换策略，设计合成出富氧空位异质界面的薄层氧化铈包覆氧化亚铜（Cu₂O@CeO₂）催化剂，通过界面氧空位持续捕获CO₂解离出的氧物种，动态抑制相邻Cu⁺位点的过度还原，精准引导CH₂与CHO发生不对称C─C偶联，在后续质子化过程中完整保留C─O键，最终实现高选择性CO₂到乙醇的电催化转化。优化后的催化剂在-1.1 V vs. RHE电位下乙,"全文速览可再生能源驱动的电化学CO₂还原是实现碳中和的核心路径之一，长期以来铜基催化剂中起到关键作用的中间价态Cu⁺在负电位下极易过度还原为Cu⁰，导致关键中间体的C─O键断裂，反应选择性向乙烯倾斜，大幅限制了乙醇的高效规模化合成。本研究创新性提出界面动态氧交换策略，设计合成出富氧空位异质界面的薄层氧化铈包覆氧化亚铜（Cu₂O@CeO₂）催化剂，通过界面氧空位持续捕获CO₂解离出的氧物种，动态抑制相邻Cu⁺位点的过度还原，精准引导CH₂与CHO发生不对称C─C偶联，在后续质子化过程中完整保留C─O键，最终实现高选择性CO₂到乙醇的电催化转化。优化后的催化剂在-1.1 V vs. RHE电位下乙醇法拉第效率可达68.5%，400 mA·cm⁻²的工业级电流密度下可稳定运行超过150小时，半电池阴极能量效率达到34.1%，性能远优于纯相Cu₂O催化剂，同时在4 cm²的膜电极装置中也实现了超过100小时的稳定运行，为高选择性CO₂电还原制乙醇提供了全新的普适性范式。背景介绍在“双碳”目标引领下，可再生电力驱动的CO₂电还原技术是将温室气体转化为高附加值燃料与化学品的核心技术路径，其中铜基材料是目前唯一可将CO₂高效转化为C₂+产物的催化体系。过往大量研究证实，相较于零价Cu⁰和高价态Cu²+，中间价态的Cu⁺是关键，它能在反应过程中保留中间体的C─O键，引导不对称C─C偶联，从而实现乙醇的高选择性生成。但Cu⁺在CO₂还原所需的负电位环境中热力学极不稳定，会被快速还原为Cu⁰，不仅直接失去保留C─O键的活性位点，Cu⁰表面还更倾向于发生CO与CO的对称偶联，最终推动反应路径向生成乙烯的方向偏移，严重制约乙醇法拉第效率与长期稳定性。传统的Cu⁺稳定策略包括碳/氧化物层封装、合金化、表面功能化等，都属于被动保护机制，仅能在短时间内维持Cu⁺的价态，既无法在工业级电流密度下实现长期稳定，也难以改变Cu⁰表面的对称偶联路径。过往氧化铈与铜的复合体系大多将CeO₂作为载体，仅起到维持金属价态或调控局部界面微环境的作用，最终产物多指向甲烷与乙烯，几乎难以实现高乙醇选择性，核心瓶颈不仅在于C─C偶联的调控，更在于偶联完成后如何精准控制加氢与氧保留的竞争关系，避免C─O键断裂。研究内容与亮点本研究跳出传统被动保护的思路，提出以界面动态氧交换为核心的主动稳定策略，精准构建富氧空位的Ce−OV−Cu异质界面，通过可逆的Ce³+/Ce⁴+氧化还原转变与界面空位的氧捕获能力，实现从CO₂中捕获解离出的氧原子，持续再生氧空位并驱动氧物种动态交换，从根源上动态阻止Cu⁺的过度还原，同时调控反应路径保留关键的C─O键。第一，精准可控合成了具有核壳结构的Cu₂O@CeO₂催化剂，通过调控Cu/Ce摩尔比，在不破坏Cu₂O活性核心结构完整性的前提下，在其表面包覆一层均匀的薄层非晶态CeO₂，构建出大量带有晶格畸变的缺陷型铈铜异质界面，为快速氧转移提供了结构基础。第二，首次通过原位谱学手段与同位素标记实验直接证实了动态氧交换机制的存在：C¹⁸O₂同位素标记实验清晰观测到反应后Ce−¹⁸O的特征振动峰，明确证明来自CO₂的氧原子可以动态填充界面氧空位，持续为相邻Cu⁺位点供氧，在负电位下将铜的价态稳定在+0.80到+1.05之间，Cu−O配位数稳定维持在1.9到2.3，彻底解决了长期以来Cu⁺易被过度还原的痛点。第三，通过DFT计算明确反应路径的选择性起源：该Ce−OV−Cu界面不仅能稳定保留C─O键的关键中间体，让乙醇生成路径的能垒大幅降低，同时将*CH₂CHO中间体发生C─O键断裂生成乙烯的路径变为热力学禁阻过程，能量差异达到-2.33 eV，从根源上实现了不对称C─C偶联的定向调控，推动反应向保留C─O键的乙醇路径进行。图文解析图1的物化表征系列结果通过TEM、EDS mapping直观证实了Cu₂O为核、CeO₂为壳的核壳结构构建成功，XANES、EXAFS、XPS等谱学结果进一步验证了催化剂制备完成后Cu完全以Cu⁺形式存在，同时Ce³+占比高达54.8%，表面化学吸附氧占比达到60.6%，证明初始状态的Ce−OV−Cu富空位界面已成功构建。图2的电化学性能测试在流动池体系中完成，结果显示在400 mA·cm⁻²的工业级电流密度下，优化后的催化剂乙醇法拉第效率达到68.5%，C₂+醇类总法拉第效率达到70.4%，乙醇产率可达2.42 mmol·cm⁻²·h⁻¹，通过调控Cu/Ce摩尔比可将C₂H₅OH/C₂H₄的法拉第效率比值从0.58精确调节至9.81，连续150小时的稳定性测试中乙醇选择性无明显衰减，远优于纯相Cu₂O以及物理混合对照样的性能，同时对比氧化铈、氧化硅、氧化钛包覆的对照组，证实该高性能完全来源于CeO₂特有的动态氧交换能力，而非普通物理封装效果。图3的原位谱学实验直观展现了Cu⁺的动态稳定过程：原位XAS证明在持续提升的负电位下Cu的价态几乎没有下降，原位拉曼光谱对比显示纯相Cu₂O的Cu₂O特征峰随电位负移逐步消失，而Cu₂O@CeO₂的对应特征峰全程保持稳定，结合同位素标记的拉曼结果，直接证实了来自CO₂的氧物种动态迁移到界面、稳定Cu⁺的完整过程。图4的原位ATR-SEIRAS光谱捕捉到了关键的CH₂、C₂H₅O等乙醇反应中间体信号，而纯相Cu₂O仅观测到乙烯路径的CCH₂特征峰，进一步结合C¹⁸O₂与H₂¹⁸O双同位素标记实验，最终明确证明乙醇的羟基氧完全来自于反应原料CO₂，而非电解液中的水。4 cm²的MEA器件测试中1.6 A总电流下乙醇法拉第效率仍可达63.4%，可在2.0 A大电流下维持3.1 V的低槽压，且可稳定运行100小时以上，初步验证了该体系的工业应用潜力。图5的DFT计算结果从热力学层面揭示选择性根源，证实Ce−OV位点可以更低的能垒直接解离CO₂生成CO，同时生成的关键中间体CH₂CHO加氢生成乙醇前驱体CH₃CHO的过程是自发下坡反应，而C─O键断裂生成乙烯的过程需要跨越1.84 eV的高能垒，从理论层面完全解释了该界面保留C─O键、定向生成乙醇的作用机制。总结与展望该工作突破了传统铜基CO₂电还原体系中Cu⁺价态易失稳、C─O键易断裂的长期瓶颈，所提出的空位介导动态氧交换是一种完全不同于过往被动保护的全新策略，成功在工业级电流密度下实现了乙醇的高选择性与长稳定性双优表现。该思路不仅为CO₂电还原高附加值产物的定向合成提供了全新的调控思路，更可以拓展应用到其他多电子多质子转移的电催化体系中，为定向保留关键含氧官能团、精准调控产物选择性提供了普适性的新范式。未来进一步优化界面空位的浓度与分布，放大催化剂的制备规模，推进大面积极化器件的长时间稳定性测试，将有望推动该体系向实际工业化CO₂电合成乙醇的场景落地，助力低碳化工的发展。原文信息J. Li, J. He, D. Zhu, et al. Interfacial Dynamic Oxygen Exchange Preserves C─O Bonds for Selective CO2-to-Ethanol Electrosynthesis. Advanced Materials (2026): e74746. https://doi.org/10.1002/adma.74746声明：本文内容用于科研进展分享，详细内容请参考原文，如有侵权，请联系后台小编删除。华中科技大学Advanced Materials: 破局CO₂电还原高选择性制乙醇：界面动态氧交换",,,,pending
深圳华算科技有限公司丨理论计算业务简介,电池未来,电池未来,"RIOnews API, 前沿表征, 高通量",normal,2026-08-25T08:30:00+08:00,,深圳华算科技有限公司（以下简称“华算科技”）成立于2017年，是一家以服务企业和高校科研机构为主的理论计算模拟服务商。公司聚焦于材料科学、化学化工、生命科学、环境科学等领域，为企业和高校客户提供专业的第一性原理、量子化学、分子动力学、机器学习、高通量计算、有限元仿真等多尺度理论计算解决方案。五大核心优势做计算找华算，选行业标杆级的安心与高效！✅ 博士团队，多篇Nature & Science正刊发表经验全职技术团队由多位深圳市“孔雀计划”海外高层次人才领衔，500+博士团队护航，50000+项目成功案例，拥有多篇Nature/Science正刊发表经验。实力强劲，值得信赖。✅ 多尺度计算模拟，,http://mp.weixin.qq.com/s?__biz=Mzg5OTYzNjU0OA==&mid=2247651514&idx=3&sn=9de7b8acc9c5f60d3305da009ab99194,,深圳华算科技有限公司（以下简称“华算科技”）成立于2017年，是一家以服务企业和高校科研机构为主的理论计算模拟服务商。公司聚焦于材料科学、化学化工、生命科学、环境科学等领域，为企业和高校客户提供专业的第一性原理、量子化学、分子动力学、机器学习、高通量计算、有限元仿真等多尺度理论计算解决方案。五大核心优势做计算找华算，选行业标杆级的安心与高效！✅ 博士团队，多篇Nature & Science正刊发表经验全职技术团队由多位深圳市“孔雀计划”海外高层次人才领衔，500+博士团队护航，50000+项目成功案例，拥有多篇Nature/Science正刊发表经验。实力强劲，值得信赖。✅ 多尺度计算模拟，,深圳华算科技有限公司（以下简称“华算科技”）成立于2017年，是一家以服务企业和高校科研机构为主的理论计算模拟服务商。公司聚焦于材料科学、化学化工、生命科学、环境科学等领域，为企业和高校客户提供专业的第一性原理、量子化学、分子动力学、机器学习、高通量计算、有限元仿真等多尺度理论计算解决方案。五大核心优势做计算找华算，选行业标杆级的安心与高效！✅ 博士团队，多篇Nature & Science正刊发表经验全职技术团队由多位深圳市“孔雀计划”海外高层次人才领衔，500+博士团队护航，50000+项目成功案例，拥有多篇Nature/Science正刊发表经验。实力强劲，值得信赖。✅ 多尺度计算模拟，数据终身质保全程一对一沟通，提供全流程计算源文件和原始数据，保障数据真实、可溯源，数据终身质保，让科研无后顾之忧。✅ 权威资质，多项认证华算科技已拥有“专精特新”“国家高新技术企业”“创新型中小企业”及“科技型中小企业”等多项核心资质认证，还通过了CNAS、CMA测试资质、ISO国际质量体系认证。✅ 正版软件，安全合规计算软件版权保障，拥有Materials Studio、VASP、Gaussian、MedeA、LAMMPS等国际主流计算软件商业版权。坐拥1000+计算节点，强大算力资源支持。✅ 数据保密，安心托付签署保密协议，计算数据全流程加密传输与存储，数据隐私安全层层保障，全方位守护，让客户可以安心托付，专注科研创新无后顾之忧。 扫码免费评估 【 ☎️：133-6054-6468 】合作案例10000+高校/企业用户的共同选择，50000+项目成功案例计算矩阵多尺度理论计算解决方案客户评价与业务介绍好评如潮：10000+高校企业信赖之选，华算科技实力圈粉01多尺度理论计算：第一性原理 第一性原理（计算方案包括但是不限于）：电子性质：能带结构、态密度、差分电荷密度、电荷局域密度等反应机理：表面催化反应、HER、OER、NRR、CO2RR、电催化、光催化、热催化、反应路径自由能等过渡态搜索：离子扩散能垒、离子扩散路径、反应能垒、理论反应路径等吸附体系：晶体表面、团簇模型、二维材料、分子体系等光学性质：光吸收谱、介电函数、消光系数、反射系数等声子性质：声子谱、声子态密度、稳定性、热导率等02多尺度理论计算：量子化学 量子化学（计算方案包括但是不限于）：反应机理：有机反应、无机反应、反应机理研究、反应路径计算、反应热力学、动力学等电子性质：结构优化、轨道分析（HOMO/LUMO）、静电势、福井函数等过渡态：过渡态结构、反应能垒、反应机理研究、反应路径等相互作用：结合能、作用位点、作用机理、结合构型等激发态：基态、激发态、紫外-可见光谱、重组能、荧光/磷光等光谱预测：红外光谱、拉曼光谱、电子圆二色谱、NMR核磁谱等03多尺度理论计算：分子动力学分子动力学（计算方案包括但是不限于）：多相体系：气液界面、固气界面、固液界面等均相体系：电解质溶液、金属、离子液体等生物大分子：分子对接、QM/MM、粗粒化动力学模拟、蛋白/DNA/生物膜等扩散体系：气体分子扩散、液体分子扩散、金属体系、界面扩散等吸附体系：多孔材料体系、岩土材料体系、分离膜体系、胶体体系等AIMD：从头算分子动力学、非晶结构、离子迁移过程、化学反应过程等04多尺度理论计算：生物模拟 生物模拟（计算方案包括但是不限于）：分子动力学模拟：配体-受体相互作用、小分子结合自由能、蛋白结构优化等QM/MM：酶催化机理-过渡态历程、质子转移-电荷迁移反应过程、诱导发光机理等其它：虚拟筛选、电子圆二色谱(ECD)、同源建模、分子对接等05多尺度理论计算：有限元仿真 有限元仿真（计算方案包括但是不限于）：光电磁：电场分布、磁场分布、电荷分布、反射/透射/散射等电池仿真：电场分布、浓度场分布、枝晶生长、应力分布、充放电模拟等金属/复合材料：金属加工过程、损伤失效、摩擦磨损、损伤断裂（断裂分析）、疲劳寿命、刚度/强度等流体/相场：两相流体分布、扩散输运、电化学腐蚀等其它：力学性质仿真等06多尺度理论计算：机器学习 机器学习（计算方案包括但是不限于）：机器学习+电催化机器学习+生物半导体结构筛选高熵合金筛选电极材料筛选钙钛矿结构预测等 从提交需求到结果验收的标准化服务体系 算前需求提交付款确认多种计算解决方案，按需定制多种优惠政策，质优价廉专业硕博顾问团队1V1沟通全程反馈进度，先确认后交付算中细节沟通数据交付算后结果验收数据售后服务至审稿意见结束数据终身质保，售后无忧欢迎扫码，与我们联系立即行动：开启一对一服务，加速顶刊产出地址：广东省深圳市光明区凤凰街道东坑社区光明大道481号热线：133-6054-6468 （24小时计算咨询）官网：https://huasuankeji.com技术支持：提供多尺度理论计算方案，一站式科研计算服务点击「阅读原文」立即咨询阅读原文做计算，找华算！,,,,pending
被引6W+！她，50岁当选院士，「全职回国」加盟港城大，联手梁葛萌/胡文彬/胡思江，再发Angew！,电池未来,电池未来,"RIOnews API, 前沿表征, 原位",normal,2026-08-25T08:30:00+08:00,,高压LiCoO₂具有高能量密度优势，但在快速充电和高电压循环中，表面氧缺陷、阳离子迁移和界面结构退化会阻断Li⁺进出晶格的通道，使表面/界面成为动力学瓶颈。传统碳包覆、氟化物包覆、尖晶石或岩盐相表面层虽能改善稳定性，却难以从晶体学层面解释并充分提升Li⁺快速迁移能力。该研究把Li⁺传输理解为大量Li离子在可进入晶体学位点之间的协同迁移，而非少数“最快离子”的孤立扩散。因此，界面结构是否拥有足够高密度、连续且与主体晶格相容的Li位点，成为快充性能的关键。研究团队据此提出Li位点密度ρLi-site，用单位体积内可容纳Li的晶体学位点数量来量化界面传输潜力。基于这一思路，该工作选择构筑具有高Li位,http://mp.weixin.qq.com/s?__biz=Mzg5OTYzNjU0OA==&mid=2247651514&idx=1&sn=c91b94f3f7b2594458806c34d4501cc8,,高压LiCoO₂具有高能量密度优势，但在快速充电和高电压循环中，表面氧缺陷、阳离子迁移和界面结构退化会阻断Li⁺进出晶格的通道，使表面/界面成为动力学瓶颈。传统碳包覆、氟化物包覆、尖晶石或岩盐相表面层虽能改善稳定性，却难以从晶体学层面解释并充分提升Li⁺快速迁移能力。该研究把Li⁺传输理解为大量Li离子在可进入晶体学位点之间的协同迁移，而非少数“最快离子”的孤立扩散。因此，界面结构是否拥有足够高密度、连续且与主体晶格相容的Li位点，成为快充性能的关键。研究团队据此提出Li位点密度ρLi-site，用单位体积内可容纳Li的晶体学位点数量来量化界面传输潜力。基于这一思路，该工作选择构筑具有高Li位,"高压LiCoO₂具有高能量密度优势，但在快速充电和高电压循环中，表面氧缺陷、阳离子迁移和界面结构退化会阻断Li⁺进出晶格的通道，使表面/界面成为动力学瓶颈。传统碳包覆、氟化物包覆、尖晶石或岩盐相表面层虽能改善稳定性，却难以从晶体学层面解释并充分提升Li⁺快速迁移能力。该研究把Li⁺传输理解为大量Li离子在可进入晶体学位点之间的协同迁移，而非少数“最快离子”的孤立扩散。因此，界面结构是否拥有足够高密度、连续且与主体晶格相容的Li位点，成为快充性能的关键。研究团队据此提出Li位点密度ρLi-site，用单位体积内可容纳Li的晶体学位点数量来量化界面传输潜力。基于这一思路，该工作选择构筑具有高Li位点密度且仍保持层状拓扑的1T相表面结构。该相与O3型LiCoO₂基体相干连接，既提供更多四面体Li位点和连续扩散网络，又减少高压深度脱锂时的表面滑移、氧框架失稳和结构劣化。近日，阿德莱德大学梁葛萌、天津大学胡文彬、香港城市大学郭再萍、广西师范大学胡思江在Angewandte Chemie International Edition发表了题为""Coherent 1T-Phase Surface Architecture Unlocks Ultrafast and Durable High-Voltage LiCoO2 Cathodes""的研究论文。Wei Zheng为论文第一作者，梁葛萌、胡文彬、郭再萍、胡思江为论文共同通讯作者。核心亮点1. 提出Li位点密度ρLi-site作为描述界面Li⁺快速迁移能力的结构指标，将快充动力学与可进入Li位点数量直接关联。2. 通过NH₄⁺离子交换和LiF热处理，在LiCoO₂表面构筑相干氟化1T-Li₁₊ₓCoO₂₋ᵧFᵧ层。3. 1T表面相具有约48 sites·nm⁻³的高Li位点密度，明显高于常见O3、尖晶石、岩盐和隧道型表面框架。4. 改性1T-LCO在高压3.0-4.6 V下表现出优异倍率性能，10C和20C容量分别达到183和175 mAh g⁻¹。5. 原位sXRPD、NPD、RIXS、DEMS和XAS结果共同表明，1T表面相可抑制H1-3相变、氧释放、Co还原和界面副反应。 全文速览如今，电池材料的快充能力在学术界和工业界都受到高度关注，但从根本上决定快速Li⁺传输的晶体学因素仍不清楚。该研究识别出用于集体Li⁺传输的理论结构容量，即晶体学上可进入Li扩散位点的可用性，是支配界面Li⁺传输的关键但此前被低估的结构起源，并引入Li位点密度ρLi-site作为定量描述符，用于指导加速Li⁺迁移的表面结构设计。在这一原则指导下，研究团队在LiCoO₂上构筑了相干且氟化的1T-Li₁₊ₓCoO₂₋ᵧFᵧ表面结构，该结构既保持与O3基体的晶体学兼容性，又提供极高的ρLi-site，约为48 sites·nm⁻³，显著超过常用框架的≤31 sites·nm⁻³。改性正极表现出前所未有的倍率能力，在10C和20C下分别达到183和175 mAh g⁻¹。原位同步辐射X射线和中子衍射进一步表明，1T相有效抑制O3到H1-3相变并稳定氧框架，使材料在500次循环后仍保持87%的容量。该工作确立了Li位点密度指导的表面工程作为一种通用结构原则，可同时改善高压层状氧化物正极的界面反应动力学和结构耐久性。 图文解读图1 | Li位点密度决定界面Li⁺扩散通道的丰富程度，1T层状结构提供最高的可进入Li位点密度。研究人员首先从晶体学角度比较不同表面框架的Li位点密度。结果显示，有限Li位点会让扩散路径容易被局部缺陷堵塞，而富含可进入Li位点的框架可形成更连续的Li⁺传输网络。1T层状结构的ρLi-site达到48 sites·nm⁻³，高于O3层状、尖晶石、岩盐和隧道型框架，为快充界面设计提供了量化依据。图2 | 结构表征证明LiCoO₂表面形成约2.4 nm厚的氟化1T相，并保持与O3主体相容。HAADF-STEM显示，1T-LCO表面形成清晰层状框架，Co-Co键角约90°，Li离子部分占据四面体空隙；相比之下，O3-LCO保持八面体Li配位和约80°Co-Co角。Li 1s XPS峰位变化证明Li局域配位环境改变，F 1s深度剖析表明1T表面层厚度约2.4 nm，NPD精修则说明主体O3晶格未被破坏。图3 | 1T-LCO在高压和高倍率条件下兼具高容量、快充能力、长循环稳定性和软包电池可行性。电化学测试表明，1T-LCO在0.1C下初始放电容量达到223.8 mAh g⁻¹，库仑效率提升至95.1%；在10C和20C下仍分别输出183和175 mAh g⁻¹。GITT计算得到Li⁺扩散系数约6.8×10⁻¹⁰ cm² s⁻¹，是对照样品约3.5倍。1C循环500圈后容量保持86.6%，软包电池能量密度达到510 Wh kg⁻¹。图4 | 原位sXRPD证明1T表面相延缓并抑制高压O3到H1-3相变，减小c轴塌缩。原位同步辐射XRD跟踪003和101衍射峰发现，O3-LCO和F-LCO在深度脱锂时发生明显H3到H1-3相变，并伴随c轴剧烈收缩，Δc分别为-7.4%和-6.8%。1T-LCO中H1相可维持到更高脱锂程度，且在4.6 V下未出现H1-3相变，c轴变化仅-2.1%，说明表面1T相能从相变起始位置稳定层状骨架。图5 | RIXS和DEMS揭示1T表面结构抑制氧二聚化与O₂释放，保持晶格氧可逆性。O K-edge RIXS显示，充电至4.6 V后O3-LCO出现与分子O₂相关的振动峰间隔，说明氧氧化更易转向不稳定O₂物种；1T-LCO的峰间隔偏离典型分子O₂信号，代表氧氧化状态更稳定。放电后1T-LCO仍保持Co-O杂化峰强度，DEMS也未检测到明显O₂析出，证明其能抑制氧损失和结构畸变。图6 | Co边谱和循环后XPS表明1T-LCO抑制Co还原、局域结构畸变和电解液分解。长循环后，Co L-edge和Co K-edge XANES显示O3-LCO出现明显Co³⁺向Co²⁺还原，而1T-LCO基本保持Co³⁺特征。EXAFS进一步表明，O3-LCO的Co-O/Co-Co配位发生衰减和畸变，1T-LCO则保留更完整的局域配位环境。O 1s和C 1s XPS中较弱的C-O/C=O组分说明其界面副反应和CEI过度生长受到抑制。 总结总体而言，相干1T表面相为提升高压LiCoO₂电化学性能提供了多重结构和化学优势。1T框架的高Li位点密度为集体Li⁺迁移提供丰富的晶体学可进入位点，而其与底层O3晶格的相干连接保持了跨越表面-体相界面的连续扩散通道。这些结构特征降低了颗粒表面带来的动力学限制，促进Li⁺扩散动力学加快并提升高倍率性能。同时，在深度脱锂过程中，1T相还能稳定表面氧框架，抑制CoO₂层滑移的表面起始过程，防止H1-3相变向颗粒内部扩展。由此减少的氧损失、Co还原与溶解、电解液分解和界面副反应，共同带来优异的高压循环耐久性。该研究证明，Li位点密度指导的相干表面结构工程可作为一种有效策略，用于同时提升层状氧化物正极的快充能力、高电压稳定性和实际应用潜力。Coherent 1T-Phase Surface Architecture Unlocks Ultrafast and Durable High-Voltage LiCoO2 Cathodes,Angewandte Chemie International Edition,2026,DOI:10.1002/anie.6545119#阿德莱德大学#梁葛萌#天津大学#胡文彬#香港城市大学#郭再萍#广西师范大学#胡思江#Angew#电池点击阅读原文，加速顶刊！阅读原文通讯作者：梁葛萌、胡文彬、郭再萍、胡思江\x0d\x0a通讯单位：阿德莱德大学、天津大学、香港城市大学、广西师范大学",,,,pending
他，25岁博士毕业，27岁任教清华，先获优青再获杰青，联合赵辰孜，最新AM！,电池未来,电池未来,"RIOnews API, 前沿表征, 原位",normal,2026-08-25T08:30:00+08:00,,全固态电池用固态电解质替代易燃液态电解液，兼具高安全性、高能量密度和宽温域运行潜力，是下一代储能体系的重要方向。但在实际应用中，常规正极容量有限，成为限制全固态电池能量密度进一步提升的关键因素。富锂锰基层状氧化物LRMO具有约300 mAh/g的高理论放电比容量和较低成本，尤其适合与全固态体系结合。然而商业化LRMO多为大尺寸多晶二次颗粒，在固-固接触界面中容易出现Li⁺/e⁻传输路径不足、活性材料利用率低、氧氧化还原难以充分激活等问题。更棘手的是，高电压和长循环条件下，多晶颗粒内部应力应变会诱发裂纹和界面脱离，进一步破坏连续离子传输通道。该工作选择以LiTFSI衍生富有机CEI预先修饰LRM,http://mp.weixin.qq.com/s?__biz=Mzg5OTYzNjU0OA==&mid=2247651514&idx=2&sn=236f50420502a5e69c25ef366902c76e,,全固态电池用固态电解质替代易燃液态电解液，兼具高安全性、高能量密度和宽温域运行潜力，是下一代储能体系的重要方向。但在实际应用中，常规正极容量有限，成为限制全固态电池能量密度进一步提升的关键因素。富锂锰基层状氧化物LRMO具有约300 mAh/g的高理论放电比容量和较低成本，尤其适合与全固态体系结合。然而商业化LRMO多为大尺寸多晶二次颗粒，在固-固接触界面中容易出现Li⁺/e⁻传输路径不足、活性材料利用率低、氧氧化还原难以充分激活等问题。更棘手的是，高电压和长循环条件下，多晶颗粒内部应力应变会诱发裂纹和界面脱离，进一步破坏连续离子传输通道。该工作选择以LiTFSI衍生富有机CEI预先修饰LRM,"全固态电池用固态电解质替代易燃液态电解液，兼具高安全性、高能量密度和宽温域运行潜力，是下一代储能体系的重要方向。但在实际应用中，常规正极容量有限，成为限制全固态电池能量密度进一步提升的关键因素。富锂锰基层状氧化物LRMO具有约300 mAh/g的高理论放电比容量和较低成本，尤其适合与全固态体系结合。然而商业化LRMO多为大尺寸多晶二次颗粒，在固-固接触界面中容易出现Li⁺/e⁻传输路径不足、活性材料利用率低、氧氧化还原难以充分激活等问题。更棘手的是，高电压和长循环条件下，多晶颗粒内部应力应变会诱发裂纹和界面脱离，进一步破坏连续离子传输通道。该工作选择以LiTFSI衍生富有机CEI预先修饰LRMO表面和晶界，试图把刚性的固-固点接触转化为更柔性的自适应界面。近日，清华大学赵辰孜、张强在Advanced Materials发表了题为""Polycrystalline Li-Rich Mn-Based Cathodes for All Solid-State Batteries""的研究论文。Wei-Jin Kong为论文第一作者，赵辰孜、张强为论文共同通讯作者。核心亮点1. 该研究面向全固态电池中多晶富锂锰基正极利用率低、界面不稳定的核心难题，提出了表面与晶界同步构筑富有机CEI的策略。2. LiTFSI衍生的富有机CEI在LRMO颗粒表面和二次颗粒晶界形成连续3D Li⁺/e⁻传输网络，降低界面阻抗并提升活性材料利用率。3. XPS和TOF-SIMS结果证明，CEI中LiF及有机组分均匀分布，F⁻增强过渡金属-氧结合，有助于稳定层状结构和氧氧化还原。4. 原位GEIS-DRT分析显示，LRMO@OCEI在60°C下具有更低Li⁺扩散阻抗和更稳定界面动力学，从而释放更高容量。5. 改性正极在高温全固态电池中达到238 mAh/g放电比容量，并在0.2 C、60°C循环200圈后保持92%容量，显著优于未改性LRMO。 全文速览高容量富锂锰基氧化物正极材料是全固态电池的有前景候选材料。尽管单晶材料通常被认为可提升全固态电池循环稳定性，但商业化多晶富锂锰基正极的潜力仍缺乏充分探索。该研究提出一种简单而有效的策略，在多晶LRMO正极表面及二次颗粒晶界预构筑稳定的富有机正极电解质界面。该富有机CEI有助于降低界面阻抗并加快界面离子传输动力学，从而在高温运行条件下缓解极化，提高工作电池的放电比容量。同时，富有机CEI可减少高压正极与固态电解质的直接接触，并形成自适应界面，缓解充放电过程中的应力应变，抑制有害副反应和电压衰减，稳定高压界面。因此，LRMO正极获得了更好的倍率性能和长期循环稳定性。这种简便的溶液法制备策略为全固态电池中新兴正极材料的有效利用提供了经济可行路径。 图文解读图1 | 展示多晶LRMO正极在全固态电池中面临的刚性界面、传输受限和结构失稳问题，以及富有机CEI设计的整体动机。该图对应引言中的设计逻辑：多晶LRMO虽然容量高、成本低、商业兼容性好，但在全固态电池中容易因颗粒大、固-固接触刚性强而出现Li⁺/e⁻传输不足和活性材料利用率偏低。研究团队提出在表面和晶界预构筑富有机CEI，将刚性界面转化为更柔性的自适应界面，以维持高温循环中的接触完整性和传输通道。图2 | 通过XRD、Raman、HAADF-STEM和EDS证明LRMO@OCEI保持层状晶体结构，并形成富有机致密界面层。XRD和Raman结果显示，溶液处理后的LRMO@OCEI仍保持α-NaFeO₂层状结构和Li₂MnO₃相特征，说明改性未破坏主体晶体结构。HRTEM与HAADF-STEM进一步观察到清晰晶格条纹、蜂窝状Li-Mn有序结构以及非晶包覆层。EDS显示Mn、Co、Ni、O均匀分布，而F、S、N主要富集在表面，证明富有机CEI成功形成。图3 | 利用XPS和TOF-SIMS解析LRMO@OCEI界面化学，证明LiF和有机组分共同构成稳定CEI。XPS结果显示，LRMO@OCEI中F1s峰包含LiF和LiTFSI信号，且随着Ar⁺刻蚀加深出现LiF特征，说明LiTFSI在构筑过程中部分分解并在内部形成LiF。TOF-SIMS深度剖析进一步显示LiF₂⁻、C₂HO⁻、LiS⁻和Li₂N⁻等物种在颗粒表面及晶界分布，证实富有机CEI可同步稳定表面、晶界和晶格氧氧化还原。图4 | 原位GEIS-DRT揭示LRMO@OCEI在初始充放电过程中具有更优界面Li⁺传输动力学。该图比较了LRMO与LRMO@OCEI全固态电池在60°C初始充放电过程中的电压曲线和DRT阻抗演化。DRT峰中10⁻³至10⁻¹ s对应电荷转移阻抗Rct，约10 s对应Li⁺扩散阻抗Rd。结果表明，富有机CEI可构建更连续的Li⁺/e⁻网络，使LRMO@OCEI在高温下保持较低Rd，促进氧化还原活性和容量释放。图5 | 系统比较LRMO与LRMO@OCEI全固态电池的初始容量、倍率性能、循环稳定性和软包电池表现。电化学结果显示，LRMO@OCEI在0.05 C下表现出更高初始放电容量，dQ/dV曲线表明氧化还原过程更充分。倍率测试和长循环结果进一步证明，富有机CEI能降低极化并稳定高压界面。该改性正极在0.2 C、60°C下可达到238 mAh/g，并在200圈后保持92%容量，同时软包电池也展示了可应用潜力。图6 | 循环后FIB-SEM和TOF-SIMS证明富有机CEI抑制颗粒开裂、界面脱离和Li⁺利用不均。循环200圈并充至4.6 V后，未改性LRMO中可见明显颗粒脱离、孔隙和裂纹，这些结构退化会阻断Li⁺/e⁻迁移并降低容量。相比之下，LRMO@OCEI颗粒与卤化物固态电解质之间空隙更小，颗粒完整性更好。TOF-SIMS显示其Li分布更均匀，说明3D Li⁺传输路径和稳定界面显著提升了深度脱锂时的活性材料利用率。 总结该研究解决了阻碍LRMO正极在全固态电池中实际应用的关键挑战，即界面稳定性差和工作正极中活性材料利用率有限。为克服这些限制，研究团队证明，通过溶液法预构筑由LiTFSI衍生的富有机CEI层，可以显著增强LRMO正极与卤化物固态电解质之间的界面接触稳定性和自适应行为。该策略有效改善了多晶颗粒间的Li⁺传输动力学，显著提高了活性材料利用率。因此，LRMO@OCEI正极在高温全固态电池中表现出优异的倍率性能和长期循环稳定性，在0.2 C、60°C条件下实现高达238 mAh/g的放电比容量，并在200次循环后保持92%的容量。与未改性材料相比，这一性能提升有效突破了LRMO用于实际全固态电池的关键瓶颈。从机理上看，预构筑CEI能够抑制界面退化，缓解卤化物固态电解质分解，并稳定氧氧化还原活性，为性能提升提供了新的理解。该策略为释放低成本LRMO材料在下一代高能量密度全固态电池中的高容量潜力提供了一条简便且具可扩展性的路径。Polycrystalline Li-Rich Mn-Based Cathodes for All Solid-State Batteries,Advanced Materials,2026,DOI:10.1002/adma.74741#清华大学#赵辰孜#张强#AM点击阅读原文，加速顶刊！阅读原文通讯作者：赵辰孜、张强\x0d\x0a通讯单位：清华大学",,,,pending
澳门大学李清&中科院深圳先进院「国家优青」孙源淼最新Angew丨溶剂化重构激活双电子碘化学！,电池未来,电池未来,"RIOnews API, 前沿表征, 原位, 学术研究, 大学, 科学院",normal,2026-08-25T08:30:00+08:00,,水系锌基液流电池因电解液不易燃、不挥发且环境兼容性较好，被视为面向大规模储能的重要候选体系。其中，Zn–碘液流电池依托碘资源丰富、成本较低等优势受到关注，但传统I⁻/I⁰单电子反应输出电压较低，容量有限，常导致能量密度不足。若进一步激活I⁰/I⁺氧化还原过程，体系可获得约1.6 V的额外高电压平台，并接近实现容量翻倍。然而I⁺具有强Lewis酸特性，在水中容易受到亲核攻击并发生水解，导致副反应、库仑效率下降和容量快速衰减。氯离子可通过形成ICl₂⁻来稳定I⁺，但以往单纯提高Cl⁻浓度并不能充分抑制副反应。该工作指出关键矛盾在于水系强溶剂化环境降低了Cl⁻活性，因此需要从调控Cl⁻局部溶剂化结构,http://mp.weixin.qq.com/s?__biz=Mzg5OTYzNjU0OA==&mid=2247651514&idx=5&sn=c17585125b3ec16d166c87c5be6c7a93,,水系锌基液流电池因电解液不易燃、不挥发且环境兼容性较好，被视为面向大规模储能的重要候选体系。其中，Zn–碘液流电池依托碘资源丰富、成本较低等优势受到关注，但传统I⁻/I⁰单电子反应输出电压较低，容量有限，常导致能量密度不足。若进一步激活I⁰/I⁺氧化还原过程，体系可获得约1.6 V的额外高电压平台，并接近实现容量翻倍。然而I⁺具有强Lewis酸特性，在水中容易受到亲核攻击并发生水解，导致副反应、库仑效率下降和容量快速衰减。氯离子可通过形成ICl₂⁻来稳定I⁺，但以往单纯提高Cl⁻浓度并不能充分抑制副反应。该工作指出关键矛盾在于水系强溶剂化环境降低了Cl⁻活性，因此需要从调控Cl⁻局部溶剂化结构,"水系锌基液流电池因电解液不易燃、不挥发且环境兼容性较好，被视为面向大规模储能的重要候选体系。其中，Zn–碘液流电池依托碘资源丰富、成本较低等优势受到关注，但传统I⁻/I⁰单电子反应输出电压较低，容量有限，常导致能量密度不足。若进一步激活I⁰/I⁺氧化还原过程，体系可获得约1.6 V的额外高电压平台，并接近实现容量翻倍。然而I⁺具有强Lewis酸特性，在水中容易受到亲核攻击并发生水解，导致副反应、库仑效率下降和容量快速衰减。氯离子可通过形成ICl₂⁻来稳定I⁺，但以往单纯提高Cl⁻浓度并不能充分抑制副反应。该工作指出关键矛盾在于水系强溶剂化环境降低了Cl⁻活性，因此需要从调控Cl⁻局部溶剂化结构入手，同时削弱Zn²⁺–Cl⁻缔合并降低Cl⁻水合束缚。近日，澳门大学李清、中国科学院深圳先进技术研究院孙源淼在Angewandte Chemie International Edition发表了题为""Solvation Reconfiguration Enables Two-Electron Iodine Chemistry Through Chloride Activation for High-Energy Zn–Iodine Flow Batteries""的研究论文。Zhaoxin Li, Lingwen Liu, Jinhua Guo为论文第一作者，李清、孙源淼为论文龚婷婷通讯作者。核心亮点1. 提出以氯离子活性而非单纯Cl⁻浓度为核心的I⁺稳定新思路。2. 建立基于Gutmann供体数DN和Kamlet–Taft参数α的共溶剂筛选框架。3. 证明DMF可同时削弱Zn²⁺–Cl⁻配位并破坏Cl⁻水合，提高Cl⁻对I⁺的稳定能力。4. 实现可逆I⁻/I⁰/I⁺双电子碘氧化还原，带来更高电压平台和近倍增容量。5. DMF基Zn–碘液流电池在40 mA cm⁻²下稳定循环超1000圈，库仑效率达99.9%，能量密度达72.88 Wh L⁻¹。 全文速览在水系Zn–碘氧化还原液流电池中激活I⁰/I⁺氧化还原对，有望实现兼具高电压和高能量密度的可规模化储能。然而，I⁺物种在水中的水解不稳定性严重限制了实际应用。尽管氯离子可通过形成ICl₂⁻稳定I⁺物种，但由于即使在高氯盐浓度下Cl⁻活性仍然较低，水系电解液中仍存在显著副反应。该研究报道了一种溶剂化重构策略，通过调控氯离子微环境提高Cl⁻活性，进而稳定I⁺物种。在高供体数和低氢键酸性溶剂描述符指导下，N,N-二甲基甲酰胺被确定为最优共溶剂。DMF削弱Zn²⁺–Cl⁻缔合并破坏氯离子水合，即使在较低体相Cl⁻浓度下也能显著提高氯离子活性。因此，该Zn–碘液流电池实现超过1000圈约1600 h的稳定循环，容量衰减可忽略，库仑效率达到创纪录的99.9%，并基于正极电解液体积获得72.88 Wh L⁻¹的高放电能量密度。该工作确立了氯离子活性调控作为稳定活性多电子氧化还原对的有效策略，为安全、耐久、高能量水系液流电池开辟了新机会。 图文解读图1 | 溶剂描述符筛选与多尺度表征共同证明DMF可重构Zn²⁺和Cl⁻局部溶剂化环境并稳定ICl₂⁻。研究团队以DN和α为双描述符筛选14种水混溶有机溶剂，发现DMF、DMSO兼具强Zn²⁺配位和弱Cl⁻溶剂化特征。MD、XANES、EXAFS和RDF结果显示，DMF可减少Zn²⁺–Cl⁻缔合并提高自由Cl⁻比例，使Cl⁻富集在I⁺周围，同时排斥水进入内层溶剂化壳。ICl加入后DMF体系保持金黄色并出现约270 cm⁻¹ Raman峰，说明ICl₂⁻得到有效稳定。图2 | 电化学测试显示DMF电解液降低极化、加快碘氧化还原动力学并保持I⁻/I⁰/I⁺反应可逆性。LSV结果显示，DMF中I⁻/I⁰和I⁰/I⁺氧化峰电位低于DMSO，峰电流更高、峰宽更窄，表明极化降低且碘氧化动力学更快。变扫速CV证明两步碘转化具有良好可逆性，DMF中I⁺还原为I⁰的b值达到0.96，高于DMSO。原位EIS和DRT进一步表明，DMF体系碘氧化还原过程具有更短弛豫时间和更低阻抗，有利于全电池性能提升。图3 | DMF共溶剂同时改善锌负极沉积/剥离稳定性和静态Zn–I电池循环性能。Zn电极CV显示DMF和DMSO体系具有更高成核过电位，说明强共溶剂配位改变Zn²⁺去溶剂化并促进均匀成核。Zn||Cu电池中，DMF体系初始库仑效率达97.9%，长循环平均效率超过99.9%；Zn||Zn对称电池可稳定运行900 h以上。SEM显示DMF中循环后的Zn表面平整致密，说明其可抑制腐蚀和枝晶生长。Swagelok型Zn–I电池也呈现超过2000圈稳定循环。图4 | 长期静置、Raman和滴定实验证明DMF显著提升高价碘物种ICl₂⁻的储存稳定性。在100% SOC条件下，DMF电解液静置30天后颜色变化较小，Raman中ICl₂⁻特征峰保持明显，而DMSO体系更快出现I₂相关信号。抗坏血酸滴定显示，DMF中ICl₂⁻30天仅分解11.9%，DMSO中则分解64.1%。ZIRFB满充后静置24 h，DMF体系仍保持97.2%库仑效率，明显优于DMSO，说明DMF更适合长时储能和运行。图5 | DMF基Zn–碘液流电池实现高效率、高能量密度和长寿命双电子碘储能性能。全电池测试显示，DMF电解液在100% SOC下维持99.7%库仑效率且容量几乎不衰减，而DMSO体系快速衰减。DMF体系在20–80 mA cm⁻²范围内保持清晰双平台，40 mA cm⁻²下能量效率达80.0%。原位Raman揭示I₃⁻、I₅⁻、I₂Cl⁻到ICl₂⁻的可逆演化。0.5 M KI体系稳定2000圈，1.0 M KI体系稳定超1000圈，库仑效率99.9%，能量密度72.88 Wh L⁻¹。 总结总之，通过共溶剂诱导的溶剂化重构来调控氯离子活性，可为高性能Zn–碘液流电池实现稳定双电子碘氧化还原化学。基于Gutmann供体数DN和Kamlet–Taft参数α的预测性溶剂筛选框架，DMF被确定为最优共溶剂，可削弱Zn²⁺–Cl⁻缔合并破坏氯离子水合，从而稳定I⁺物种并加快碘氧化还原动力学。该策略建立了溶剂化调控、活性中间体稳定和全电池性能之间的多尺度设计原则。优化电解液实现了I⁻与ICl₂⁻之间高度可逆的双电子碘转化，在保持水系电解液本征安全性和不可燃性的同时，显著提升了长时储能性能。DMF基ZIRFB在40 mA cm⁻²下实现超过1000圈约1600 h稳定循环，库仑效率达到99.9%，并基于正极电解液体积获得72.88 Wh L⁻¹的高放电能量密度。该工作表明，氯离子活性调控是稳定活性多电子氧化还原偶、发展安全耐久高能量水系液流电池的有效路径。Solvation Reconfiguration Enables Two-Electron Iodine Chemistry Through Chloride Activation for High-Energy Zn–Iodine Flow Batteries,Angewandte Chemie International Edition,2026,DOI:10.1002/anie.4798889#澳门大学#李清#中国科学院深圳先进技术研究院#孙源淼#Angew#电池点击阅读原文，加速顶刊！阅读原文通讯作者：李清、孙源淼\x0d\x0a通讯单位：澳门大学、中国科学院深圳先进技术研究院",,,,pending
比亚迪公开感恩宁德,科研云平台,科研云平台,"RIOnews API, 新材料, 复合材料, 碳, 聚合物, 高比能, 锂硫电池, 硅, 前沿表征, 高通量, 固态电池, 固态电解质, 陶瓷材料, 新型电池, 空气电池, 钠离子电池, 钠电, 比亚迪, 钠电池, 储能, 循环寿命, 负极材料, 融资",normal,2026-08-25T08:30:00+08:00,,近日，比亚迪科技展在8月21日-8月23日期间，在福建省宁德市联信财富广场举行，比亚迪“感恩宁德英才，投身建设比亚迪！感恩福建宁德父老乡亲”。比亚迪研发工程师数量达到12万人，这个数字超过了多数传统汽车巨头的研发人员总和。“即使我们所有财产全部消失，只要工程师还在，就随时可以东山再起。”在比亚迪总部，王传福这句话被反复提及。温馨提醒：优惠票600元每人（含餐），截止时间9月15号（含），缴费成功视为报名成功；参展和报名电话.陈老师：***********2026年（第十届）中国固态电池技术创新与产业化研讨会2026年11月25-27日 安徽.合肥会议背景固态电池是当前二次电池领域最为活跃的研究,http://mp.weixin.qq.com/s?__biz=MzUyMzk5OTg3Ng==&mid=2247517827&idx=1&sn=be779ecd12ead9913edc7a420f5fc09b,,近日，比亚迪科技展在8月21日-8月23日期间，在福建省宁德市联信财富广场举行，比亚迪“感恩宁德英才，投身建设比亚迪！感恩福建宁德父老乡亲”。比亚迪研发工程师数量达到12万人，这个数字超过了多数传统汽车巨头的研发人员总和。“即使我们所有财产全部消失，只要工程师还在，就随时可以东山再起。”在比亚迪总部，王传福这句话被反复提及。温馨提醒：优惠票600元每人（含餐），截止时间9月15号（含），缴费成功视为报名成功；参展和报名电话.陈老师：***********2026年（第十届）中国固态电池技术创新与产业化研讨会2026年11月25-27日 安徽.合肥会议背景固态电池是当前二次电池领域最为活跃的研究,近日，比亚迪科技展在8月21日-8月23日期间，在福建省宁德市联信财富广场举行，比亚迪“感恩宁德英才，投身建设比亚迪！感恩福建宁德父老乡亲”。比亚迪研发工程师数量达到12万人，这个数字超过了多数传统汽车巨头的研发人员总和。“即使我们所有财产全部消失，只要工程师还在，就随时可以东山再起。”在比亚迪总部，王传福这句话被反复提及。温馨提醒：优惠票600元每人（含餐），截止时间9月15号（含），缴费成功视为报名成功；参展和报名电话.陈老师：***********2026年（第十届）中国固态电池技术创新与产业化研讨会2026年11月25-27日 安徽.合肥会议背景固态电池是当前二次电池领域最为活跃的研究方向之一。理论上，全固态锂离子电池的能量密度可达900Wh/kg，由于采用固体电解质与高比能量负极，并可能防止锂枝晶导致的电池内部短路，固态电池的能量密度和循环寿命方面有望较传统锂电池有大幅提升。同时，固态电池还兼顾了长储存寿命、高功率密度和制备简单等特性，尤其是比高能量密度传统锂离子电池拥有更良好的热控及安全特性。固态电解质作为固态电池核心技术，聚合物固态电解质、氧化物固态电解质、硫化物固态电解质三大类复合材料成为技术攻关的重点。但是，固态电解质要有与之适应的正负极体系。所以，推进全固态电池产业化的过程，也将是锂电正负极材料体系的一场全面变革。有鉴于此，为了进一步推动我国固态电池的研究创新和技术进步，及时了解固态电池最新相关研究成果和发展动态，尽早推广下游大规模应用，明确主要需求，加强行业交流，促进产学研协同创新，我们特别组织固态电池专题研讨会：26年（第十届）中国固态电池技术创新与产业化应用研讨会，会议将于2026年11月25日-27日在安徽.合肥举行。会议邀请固态电池领域的知名研究院所、大专院校、相关企业及投融资机构代表参会，就固态电池基础研究、关键材料、关键技术、关键装备及其标准等全产业领域展开探讨。共聚一堂，充分交流、集思广益、相互切磋，以期实质性促进我国固态电池的进一步发展。会议概况【会议时间】2026年11月25-27日（25日全天签到）【主办单位】锂电前沿【承办单位】 深圳友研科技有限公司固态电池会议交流内容 ●固体电解质材料：理论基础、新体系、规模制造及产业化应用●固态电池正负极材料：理论基础、新体系、规模制造及产业化应用●固态电池中的界面工程：界面观测与调控、制造及电池循环时的界面动态演变等●混合固液电解质锂电池：动力电池、储能电池及柔性电池等●全固态电池：全固态锂电池、全固态锂硫电池、全固态锂空气电池及全固态钠电池等●高通量理论和理论设计及计算方法在固态电池研究开发中的应用●固态电池的产业化技术会议形式主要通过大会报告、交流报告、现场讨论的形式，欢迎相关企业和检测机构安排小型展览。会议期间还将组织演讲嘉宾或行业资深专家们与参会代表互动进行自由讨论。为了共同办好这次会议，热烈欢迎各相关企业、科研院所赞助本次研讨会。会议注册费会议注册费：参会人员10月15日前11月20日前11月20日后以及现场正式代表2500元2800元3200元在校学生代表1500元1500元1800元（学生代表注册时需凭学生证，包含本科生、硕士、博士）注册费包含：会议费、资料费用等费用、不包含路费和住宿费，住宿要自订。账户信息：户名：深圳友研科技有限公司账号：757575353398开户行：中国银行股份有限公司深圳西丽支行付款时请注明“固态电池 +单位名称”开票注意事项：增值税普通发票请提供单位名称及税号。如果需要增值税专用发票，请提供单位名称、税号、地址、电话、开户行、账号第九届固态电池会议回顾2026年8月5日-7日，锂电前沿主办的“2026中国固态电池技术大会暨中国硅碳负极高峰论坛”在江苏常州顺利召开并圆满闭幕。锂电前沿举办此次会议议题紧贴固态电池，硅碳负极材料单位科研和产业化实际需求，引发市场广泛关注，受到专家及参会嘉宾一致好评，有力的推动了我国固态电池，硅碳负极材料的科技进步和产业化进程。第八届固态电池会议回顾2026年4月22日-24日，锂电前沿，钠电材料主办的“2026第八届中国固态电池技术创新与产业化应用研讨会暨中国钠电技术高峰论坛”在湖南长沙顺利召开并圆满闭幕。线下与会嘉宾达906人，参会单位超过550家，参展厂家超过60家，专题报告49个。锂电前沿，钠电材料举办此次会议议题紧贴固态电池，钠电材料单位科研和产业化实际需求，引发市场广泛关注，受到专家及参会嘉宾一致好评，有力的推动了我国固态电池，钠离子电池的科技进步和产业化进程。第七届固态电池会议回顾2025年10月22日-24日，锂电前沿，先进陶瓷材料主办的“2025第七届中国固态电池技术创新与产业化应用研讨会暨中国先进陶瓷技术与产业高峰论坛”在安徽合肥顺利召开并圆满闭幕。线下与会嘉宾达1036人，参会单位超过600家，参展厂家超过50家，专题报告42个。锂电前沿，先进陶瓷材料举办此次会议议题紧贴固态电池，先进陶瓷材料单位科研和产业化实际需求，引发市场广泛关注，受到专家及参会嘉宾一致好评，有力的推动了我国固态电池，先进陶瓷的科技进步和产业化进程。现场视频（点击上方观看）第五届固态电池会议回顾2024年10月，锂电前沿主办的“第五届中国固态电池技术创新与产业化应用研讨会”在安徽合肥顺利召开并圆满闭幕。线下与会嘉宾达820人，参会单位超过450家第六届固态电池会议回顾2025年3月26日-28日，锂电前沿主办的“2025第六届中国固态电池技术创新与产业化应用研讨会”在湖北武汉顺利召开并圆满闭幕。线下与会嘉宾达889人，参会单位超过500家，参展厂家超过50家，专题报告44个。锂电前沿举办此次会议议题紧贴固态电池单位科研和产业化实际需求，引发市场关注，受到专家及参会者广泛好评，有力的推动了我国固态电池的进一步发展。组委会联系方式参会、参展、宣传及赞助事宜联 系 人：陈老师 （赞助和报名事宜咨询）联系电话：***********（微信同号）邮 箱 ：sdlscck@163.com 报名方式一：长按报名,,,,pending
合肥见！26年（第十届）中国固态电池大会,科研云平台,科研云平台,"RIOnews API, 新材料, 复合材料, 碳, 聚合物, 高比能, 锂硫电池, 硅, 前沿表征, 高通量, 固态电池, 固态电解质, 陶瓷材料, 新型电池, 空气电池, 钠离子电池, 钠电, 钠电池, 储能, 循环寿命, 负极材料, 融资",normal,2026-08-25T08:30:00+08:00,,温馨提醒：优惠票600元每人（含餐），截止时间9月15号（含），缴费成功视为报名成功；参展和报名电话.陈老师：***********2026年（第十届）中国固态电池技术创新与产业化研讨会2026年11月25-27日 安徽.合肥会议背景固态电池是当前二次电池领域最为活跃的研究方向之一。理论上，全固态锂离子电池的能量密度可达900Wh/kg，由于采用固体电解质与高比能量负极，并可能防止锂枝晶导致的电池内部短路，固态电池的能量密度和循环寿命方面有望较传统锂电池有大幅提升。同时，固态电池还兼顾了长储存寿命、高功率密度和制备简单等特性，尤其是比高能量密度传统锂离子电池拥有更良好的热控及安全特性。固态电解,http://mp.weixin.qq.com/s?__biz=MzUyMzk5OTg3Ng==&mid=2247517827&idx=2&sn=05db0ebfd912848b71d6de8bcc2e12b4,,温馨提醒：优惠票600元每人（含餐），截止时间9月15号（含），缴费成功视为报名成功；参展和报名电话.陈老师：***********2026年（第十届）中国固态电池技术创新与产业化研讨会2026年11月25-27日 安徽.合肥会议背景固态电池是当前二次电池领域最为活跃的研究方向之一。理论上，全固态锂离子电池的能量密度可达900Wh/kg，由于采用固体电解质与高比能量负极，并可能防止锂枝晶导致的电池内部短路，固态电池的能量密度和循环寿命方面有望较传统锂电池有大幅提升。同时，固态电池还兼顾了长储存寿命、高功率密度和制备简单等特性，尤其是比高能量密度传统锂离子电池拥有更良好的热控及安全特性。固态电解,温馨提醒：优惠票600元每人（含餐），截止时间9月15号（含），缴费成功视为报名成功；参展和报名电话.陈老师：***********2026年（第十届）中国固态电池技术创新与产业化研讨会2026年11月25-27日 安徽.合肥会议背景固态电池是当前二次电池领域最为活跃的研究方向之一。理论上，全固态锂离子电池的能量密度可达900Wh/kg，由于采用固体电解质与高比能量负极，并可能防止锂枝晶导致的电池内部短路，固态电池的能量密度和循环寿命方面有望较传统锂电池有大幅提升。同时，固态电池还兼顾了长储存寿命、高功率密度和制备简单等特性，尤其是比高能量密度传统锂离子电池拥有更良好的热控及安全特性。固态电解质作为固态电池核心技术，聚合物固态电解质、氧化物固态电解质、硫化物固态电解质三大类复合材料成为技术攻关的重点。但是，固态电解质要有与之适应的正负极体系。所以，推进全固态电池产业化的过程，也将是锂电正负极材料体系的一场全面变革。有鉴于此，为了进一步推动我国固态电池的研究创新和技术进步，及时了解固态电池最新相关研究成果和发展动态，尽早推广下游大规模应用，明确主要需求，加强行业交流，促进产学研协同创新，我们特别组织固态电池专题研讨会：26年（第十届）中国固态电池技术创新与产业化应用研讨会，会议将于2026年11月25日-27日在安徽.合肥举行。会议邀请固态电池领域的知名研究院所、大专院校、相关企业及投融资机构代表参会，就固态电池基础研究、关键材料、关键技术、关键装备及其标准等全产业领域展开探讨。共聚一堂，充分交流、集思广益、相互切磋，以期实质性促进我国固态电池的进一步发展。会议概况【会议时间】2026年11月25-27日（25日全天签到）【主办单位】锂电前沿【承办单位】 深圳友研科技有限公司固态电池会议交流内容 ●固体电解质材料：理论基础、新体系、规模制造及产业化应用●固态电池正负极材料：理论基础、新体系、规模制造及产业化应用●固态电池中的界面工程：界面观测与调控、制造及电池循环时的界面动态演变等●混合固液电解质锂电池：动力电池、储能电池及柔性电池等●全固态电池：全固态锂电池、全固态锂硫电池、全固态锂空气电池及全固态钠电池等●高通量理论和理论设计及计算方法在固态电池研究开发中的应用●固态电池的产业化技术会议形式主要通过大会报告、交流报告、现场讨论的形式，欢迎相关企业和检测机构安排小型展览。会议期间还将组织演讲嘉宾或行业资深专家们与参会代表互动进行自由讨论。为了共同办好这次会议，热烈欢迎各相关企业、科研院所赞助本次研讨会。会议注册费会议注册费：参会人员10月15日前11月20日前11月20日后以及现场正式代表2500元2800元3200元在校学生代表1500元1500元1800元（学生代表注册时需凭学生证，包含本科生、硕士、博士）注册费包含：会议费、资料费用等费用、不包含路费和住宿费，住宿要自订。账户信息：户名：深圳友研科技有限公司账号：757575353398开户行：中国银行股份有限公司深圳西丽支行付款时请注明“固态电池 +单位名称”开票注意事项：增值税普通发票请提供单位名称及税号。如果需要增值税专用发票，请提供单位名称、税号、地址、电话、开户行、账号第九届固态电池会议回顾2026年8月5日-7日，锂电前沿主办的“2026中国固态电池技术大会暨中国硅碳负极高峰论坛”在江苏常州顺利召开并圆满闭幕。锂电前沿举办此次会议议题紧贴固态电池，硅碳负极材料单位科研和产业化实际需求，引发市场广泛关注，受到专家及参会嘉宾一致好评，有力的推动了我国固态电池，硅碳负极材料的科技进步和产业化进程。第八届固态电池会议回顾2026年4月22日-24日，锂电前沿，钠电材料主办的“2026第八届中国固态电池技术创新与产业化应用研讨会暨中国钠电技术高峰论坛”在湖南长沙顺利召开并圆满闭幕。线下与会嘉宾达906人，参会单位超过550家，参展厂家超过60家，专题报告49个。锂电前沿，钠电材料举办此次会议议题紧贴固态电池，钠电材料单位科研和产业化实际需求，引发市场广泛关注，受到专家及参会嘉宾一致好评，有力的推动了我国固态电池，钠离子电池的科技进步和产业化进程。第七届固态电池会议回顾2025年10月22日-24日，锂电前沿，先进陶瓷材料主办的“2025第七届中国固态电池技术创新与产业化应用研讨会暨中国先进陶瓷技术与产业高峰论坛”在安徽合肥顺利召开并圆满闭幕。线下与会嘉宾达1036人，参会单位超过600家，参展厂家超过50家，专题报告42个。锂电前沿，先进陶瓷材料举办此次会议议题紧贴固态电池，先进陶瓷材料单位科研和产业化实际需求，引发市场广泛关注，受到专家及参会嘉宾一致好评，有力的推动了我国固态电池，先进陶瓷的科技进步和产业化进程。现场视频（点击上方观看）第五届固态电池会议回顾2024年10月，锂电前沿主办的“第五届中国固态电池技术创新与产业化应用研讨会”在安徽合肥顺利召开并圆满闭幕。线下与会嘉宾达820人，参会单位超过450家第六届固态电池会议回顾2025年3月26日-28日，锂电前沿主办的“2025第六届中国固态电池技术创新与产业化应用研讨会”在湖北武汉顺利召开并圆满闭幕。线下与会嘉宾达889人，参会单位超过500家，参展厂家超过50家，专题报告44个。锂电前沿举办此次会议议题紧贴固态电池单位科研和产业化实际需求，引发市场关注，受到专家及参会者广泛好评，有力的推动了我国固态电池的进一步发展。组委会联系方式参会、参展、宣传及赞助事宜联 系 人：陈老师 （赞助和报名事宜咨询）联系电话：***********（微信同号）邮 箱 ：sdlscck@163.com 报名方式一：长按报名报名方式二：点击左下方阅读原文报名,,,,pending
Adv. Mater.：400 mA cm⁻²，FE 68.5%，CO₂电还原为乙醇,有机电催化,有机电催化,"RIOnews API, 电化学合成, 电催化",normal,2026-08-25T08:30:00+08:00,,CO2电还原 · 乙醇 · 动态氧交换 · 铜铈界面一句话看懂Cu+有利于CO2电还原中含氧C₂中间体的保留，却会在负电位下逐步还原为Cu⁰并转向乙烯。该研究构建富氧空位的Cu2O@CeO2界面，使铈氧化物持续捕获并迁移CO2来源氧以稳定邻近Cu+；流动池在400 mA cm−2、−1.1 V vs. RHE下乙醇FE为68.5%。CO2电还原制乙醇要求同时形成C–C键并避免关键中间体C–O键断裂，而铜表面价态和局域氧物种会决定这两类过程的竞争。既有包覆或合金策略多为静态稳定，难以应对高还原电位下Cu+的持续衰减。因此，能在工作状态补充界面氧并保持含氧路径的动态界面设计值得检验。核心问题如何在,http://mp.weixin.qq.com/s?__biz=MzUyNTc2ODMyOQ==&mid=2247561748&idx=1&sn=7530aaac2cf7c291cd21dafbc8138cab,,CO2电还原 · 乙醇 · 动态氧交换 · 铜铈界面一句话看懂Cu+有利于CO2电还原中含氧C₂中间体的保留，却会在负电位下逐步还原为Cu⁰并转向乙烯。该研究构建富氧空位的Cu2O@CeO2界面，使铈氧化物持续捕获并迁移CO2来源氧以稳定邻近Cu+；流动池在400 mA cm−2、−1.1 V vs. RHE下乙醇FE为68.5%。CO2电还原制乙醇要求同时形成C–C键并避免关键中间体C–O键断裂，而铜表面价态和局域氧物种会决定这两类过程的竞争。既有包覆或合金策略多为静态稳定，难以应对高还原电位下Cu+的持续衰减。因此，能在工作状态补充界面氧并保持含氧路径的动态界面设计值得检验。核心问题如何在,"CO2电还原 · 乙醇 · 动态氧交换 · 铜铈界面一句话看懂Cu+有利于CO2电还原中含氧C₂中间体的保留，却会在负电位下逐步还原为Cu⁰并转向乙烯。该研究构建富氧空位的Cu2O@CeO2界面，使铈氧化物持续捕获并迁移CO2来源氧以稳定邻近Cu+；流动池在400 mA cm−2、−1.1 V vs. RHE下乙醇FE为68.5%。CO2电还原制乙醇要求同时形成C–C键并避免关键中间体C–O键断裂，而铜表面价态和局域氧物种会决定这两类过程的竞争。既有包覆或合金策略多为静态稳定，难以应对高还原电位下Cu+的持续衰减。因此，能在工作状态补充界面氧并保持含氧路径的动态界面设计值得检验。核心问题如何在高电流密度CO2电还原中维持Cu+及其含氧中间体路径，使C–C偶联后优先生成乙醇而非乙烯？本文要点1. 构建Ce–Oᵥ–Cu界面，将少层CeO2包覆于Cu2O表面并提供富氧空位的氧迁移通道。2. 在400 mA cm−2、−1.1 V vs. RHE下，乙醇FE为68.5%，C₂+醇总FE为70.4%。3. 原位XAS、拉曼和C¹⁸O₂标记共同显示界面氧可由CO2补给并在一定电位范围内维持Cu+。4. 4 cm²膜电极装置在1.6 A下乙醇FE达63.4%，并进行了100 h稳定性评估。关键图表解读铜铈氧化物界面的结构与初始价态。Figure 1. 铜铈氧化物界面的结构与初始价态。TEM与XAS表明CeO2均匀包覆Cu2O且初始样品保留Cu+，表面吸附氧比例达60.6%，表明富氧空位的Ce–Oᵥ–Cu界面为工作中氧捕获与Cu+稳定提供了结构基础。高电流密度下的乙醇电还原性能。Figure 2. 高电流密度下的乙醇电还原性能。400 mA cm−2时Cu2O@CeO2的乙醇FE为68.5%，并在流动池中维持150 h，表明动态氧交换界面可在高电流密度下将C₂产物选择性从乙烯转向乙醇。CO₂供氧稳定Cu⁺的原位证据。Figure 3. CO2供氧稳定Cu+的原位证据。原位XANES显示工作电位下Cu价态维持约+0.80至+1.05，C¹⁸O₂后出现Ce–¹⁸O振动峰，表明CO2来源氧会补充铈氧空位并延缓邻近Cu+的过度还原，但稳定性受电位范围限制。含氧中间体路径与膜电极验证。Figure 4. 含氧中间体路径与膜电极验证。原位红外在复合界面检出*CHₓ和*C₂H₅O信号，4 cm²膜电极在1.6 A下乙醇FE达63.4%，表明界面促进含氧C₂中间体演化，并可将乙醇路径延伸至膜电极高电流操作。关键数据流动池中，Cu2O@CeO2在400 mA cm−2、−1.1 V vs. RHE下乙醇FE为68.5%，乙醇生成速率为2.42 mmol cm−2 h−1；在相同电流密度下运行150 h后乙醇FE仍保持较高水平。可以继续思考什么？Ce–Oᵥ–Cu界面在−1.4 V vs. RHE以下会出现Cu⁰特征。进一步放大时，如何在更宽电位窗口内平衡氧迁移、碳酸盐管理与界面结构保持，是检验该策略工程适用性的关键。文献信息论文题目：Interfacial Dynamic Oxygen Exchange Preserves C–O Bonds for Selective CO2-to-Ethanol Electrosynthesis期刊：Advanced Materials, 2026, e74746DOI：10.1002/adma.74746通讯作者：Yaqiong Su；Wei Guo；Bao Yu Xia有机电催化学术交流QQ群: 692419836",,,,pending
【锂硫电池】Angew：用于调控锂硫电池溶剂化化学的凝胶聚合物电解质焓–熵分子设计—Zirui Guo,金属能源电池,金属能源电池,"RIOnews API, 长时储能, 锂硫电池",normal,2026-08-25T08:00:00+08:00,,【论文链接】https://doi.org/10.1002/anie.7695165【作者单位】大连理工大学【论文摘要】凝胶聚合物电解质（gel polymer electrolytes，GPEs）在锂硫（Li–S）电池中展现出巨大应用前景，但其实际应用受到 Li⁺ 去溶剂化焓较高以及多硫化物转化速率缓慢的限制，这些因素会扰乱氧化还原反应路径并加速容量衰减。文章提出一种焓–熵分子设计策略（enthalpy–entropy molecular design strategy），将这些过程整合到统一的电解质体系中。通过调控 Li⁺ 和多硫化物的溶剂化结构，既可以限制可行的反应路径，又能够控制溶剂化,http://mp.weixin.qq.com/s?__biz=MzI4MTA3MzQwOA==&mid=2247640176&idx=1&sn=6d307a8ace400e35e92a604d75c1dd85,,【论文链接】https://doi.org/10.1002/anie.7695165【作者单位】大连理工大学【论文摘要】凝胶聚合物电解质（gel polymer electrolytes，GPEs）在锂硫（Li–S）电池中展现出巨大应用前景，但其实际应用受到 Li⁺ 去溶剂化焓较高以及多硫化物转化速率缓慢的限制，这些因素会扰乱氧化还原反应路径并加速容量衰减。文章提出一种焓–熵分子设计策略（enthalpy–entropy molecular design strategy），将这些过程整合到统一的电解质体系中。通过调控 Li⁺ 和多硫化物的溶剂化结构，既可以限制可行的反应路径，又能够控制溶剂化,"【论文链接】https://doi.org/10.1002/anie.7695165【作者单位】大连理工大学【论文摘要】凝胶聚合物电解质（gel polymer electrolytes，GPEs）在锂硫（Li–S）电池中展现出巨大应用前景，但其实际应用受到 Li⁺ 去溶剂化焓较高以及多硫化物转化速率缓慢的限制，这些因素会扰乱氧化还原反应路径并加速容量衰减。文章提出一种焓–熵分子设计策略（enthalpy–entropy molecular design strategy），将这些过程整合到统一的电解质体系中。通过调控 Li⁺ 和多硫化物的溶剂化结构，既可以限制可行的反应路径，又能够控制溶剂化结构中多硫化物的配位环境。通过调节溶剂化结构，降低 Li⁺ 和多硫化物的去溶剂化焓，从而促进 Li₂S 的均匀成核。这一开创性的设计使所得 GPE 在 22 °C 下的离子电导率高达 1.21 mS cm⁻¹，Li⁺ 迁移数达到 0.82；所得 Li||Li 对称电池能够稳定循环 超过 2250 h。因此，该电池在 2 C 下循环 1000 圈时，每圈容量衰减率低至 0.043%，并且组装成 1.8 Ah 软包电池后仍能够正常工作，其能量密度达到 403.7 Wh kg⁻¹。研究强调了焓–熵分子设计策略在凝胶聚合物电解质中的关键作用。【实验方法】材料1,3-丙烷磺内酯（PS，99%）和 1-乙烯基咪唑（VI，99%）购自 Aladdin。PEGMEM（Mw≈475）、DPHA（99%）和 2,2'-偶氮二异丁腈（AIBN，99%）购自 Aladdin。石墨烯购自第六元素（常州）材料科技有限公司。丙酮（AR，98.5%）和二硫化碳（CS₂，AR，98.5%）购自辽东化学试剂有限公司。聚偏二氟乙烯（PVDF）、Super P 和 N-甲基吡咯烷酮（NMP）购自 Canrd。实验涉及的所有材料均未经进一步纯化，直接使用。 两性离子 VIPS 的制备将 0.15 mol PS 缓慢加入 60 mL 丙酮溶液中，持续搅拌 3 h 直至完全溶解，形成均一溶液，并命名为溶液Ⅰ。随后，将 0.15 mol VI 缓慢加入另外 60 mL 丙酮溶液中，均匀搅拌 3 h，并命名为溶液Ⅱ。将溶液Ⅰ缓慢加入溶液Ⅱ中，并在氮气气氛、0 °C 冰水浴条件下搅拌 72 h。将反应产生的乳白色沉淀过滤，并用丙酮溶液洗涤数次，以确保未反应原料被完全去除。最后，将产物置于 40 °C 真空烘箱中干燥 36 h，得到纯化后的白色 VIPS 粉末。碳/硫复合正极（G-S）的制备使用分析天平按照 8:1:1 的质量比称取 C/S 复合材料、Super P 和 PVDF，加入 NMP 后，将三种样品仔细研磨。随后在铝箔表面进行涂覆，并将活性材料载量控制在 0.8–1.2 mg cm⁻²。涂覆完成后，将电极片置于 50 °C 真空烘箱中干燥 24 h，确保溶剂完全去除，随后裁切成 11 mm 的正极片。C2-GPE 的制备及原位固化将 PEGMEM 和 VIPS 加入玻璃瓶中，随后加入 LE，并引入 DPHA 作为交联剂。将上述组分均匀搅拌，以确保形成稳定、均一的溶液。随后向上述电解质前驱体溶液中加入自由基热引发剂 AIBN，并继续搅拌，得到电解质前驱体溶液。具体而言，C2-GPE 前驱体溶液由 5.00 wt% 可聚合组分和 95.00 wt% 液态电解液组成。可聚合组分包括 VIPS、PEGMEM 和 DPHA，其质量比为 1.0:0.3:1.7。液态电解液通过将 1.0 M LiTFSI 和 2.0 wt% LiNO₃ 溶解于体积比为 1:1 的 DOL/DME 混合溶剂中制备。将 20 μL 电解质前驱体溶液滴加于 G-S 正极与隔膜之间，并与锂金属负极组装成准固态锂硫电池。最后，将组装完成的准固态 Li–S 电池置于 60 °C 烘箱中保持 2 h，以确保电解质前驱体溶液完全聚合，并将其命名为 C2-GPE。不添加 VIPS 的 GPE 仅采用 PEGMEM 和 DPHA 进行交联，并命名为 C1-GPE，作为对照组。上述所有操作均在手套箱中完成。多硫化物溶液的制备将 1.0 M LiTFSI 和 2% LiNO₃（质量分数）加入体积比为 1:1 的 DOL/DME 混合溶剂中。以该混合溶剂制备 1.0 M LiTFSI 溶液，作为空白电解液。随后制备含有不同可溶性多硫化物的溶液。对于用于绘制伪三元相图的电解液，将 Li₂S 和 S 按照 Table 1 所示摩尔比加入空白电解液中，制备具有不同总硫浓度的平衡悬浮液。将溶液密封并在 70 °C 下搅拌 48 h，以确保 Li₂S 与 S 完全反应。对于多硫化物溶液，将 Li₂S 与 S 分别按照 1:3、1:5 和 1:7 的摩尔比加入基于 DOL/DME 的空白电解液中，分别制备 Li₂S₄、Li₂S₆ 和 Li₂S₈ 溶液。各多硫化物溶液的总硫浓度分别设置为 0.1、1.0 和 4.0 M。所有操作均在充满氩气的手套箱中进行，其中氧含量和水含量均低于 0.1 ppm。【图文摘取】【主要结论】该研究针对凝胶聚合物电解质中 Li⁺ 去溶剂化、多硫化物转化以及后续 Li₂S 成核相互耦合的问题，提出焓–熵协同分子设计策略。作者认为，对于理想的 Li–S 电池 GPE，关键并不是最大化某一种局域相互作用，而是建立热力学平衡的相互作用网络：Li⁺ 需要避免过深的焓陷阱，以保证去溶剂化和传输；多硫化物则需要适度的焓约束以抑制穿梭，同时聚合物网络需要保持足够的构象可达性，避免过度交联导致整体转化势垒升高。作者采用两性离子单体 VIPS，并选用 PEGMEM 和 DPHA 作为交联单体，通过原位聚合构筑 C2-GPE。其中，VIPS 参与 Li⁺ 局域配位并重新分配离子环境；PEGMEM 的柔性富醚链有助于维持溶剂化结构的构象自由度；DPHA 则主要作为结构锚定组分，为聚合物网络提供完整性与稳定性。三者共同建立焓–熵平衡。 VIPS 的引入改变了 Li⁺–TFSI⁻ 的缔合平衡。定量 Raman 分析表明，VIPS 将 AGG 比例由 36.95% 降低至 29.50%，同时提高游离 TFSI⁻ 和 CIP 的比例，表明其能够抑制过度离子聚集，并促进不同离子缔合状态之间更加容易交换。MD 模拟进一步表明，Li⁺ 在 LE、C1-GPE 和 C2-GPE 中的平均驻留时间依次为 69、74 和 88 ns。同时，在约 1.84 Å 处出现 Li–O 相互作用，使第一溶剂化壳层发生重构；C2-GPE 中 Li⁺ 的溶剂化环境不再主要由自由移动的溶剂分子主导，而是转变为由溶剂、阴离子以及聚合物链段共同构筑的混合配位环境。综上C2-GPE 通过溶剂化结构中的焓和熵重新分配，协同调控 Li⁺ 和 LiPSs。这种调控重构了溶剂化结构，降低了 Li⁺ 去溶剂化的焓代价，并控制了多硫化物的溶剂化配位环境，从而促进 Li₂S 的均匀成核。最终，该 Li–S 电池在 2 C 下循环 1000 圈时容量衰减率仅为 0.043%。在器件层面，该原理的可行性通过 1.8 Ah Li–S 软包电池（403.7 Wh kg⁻¹）得到验证，该软包电池在高面硫载量 9.5 mg cm⁻² 和低 E/S 比 3 μL mg⁻¹条件下运行。研究揭示，焓–熵分子设计策略能够为 GPE 提供先进的设计指导，将 Li⁺ 溶剂化与多硫化物转化耦合起来，从而调控 Li₂S 的均匀、定向沉积，并推动实用化高能量锂硫电池的发展。 阅读原文该研究针对凝胶聚合物电解质中 Li⁺ 去溶剂化、多硫化物转化以及后续 Li₂S 成核相互耦合的问题，提出焓–熵协同分子设计策略。",,,,pending
海胆结构巧解穿梭效应！广工刘全兵团队实现锂硫电池 “外层转化‑内层沉积” 空间分工,锂电联盟会长,锂电联盟会长,"RIOnews API, 新材料, 隔膜, 高比能, 锂硫电池, 学术研究, 大学, 教授, 期刊, 宁德时代, CATL, 软包, 长循环, 循环寿命",normal,2026-08-25T08:00:00+08:00,,点击上方蓝色关注我们吧近日，广东工业大学轻工化工学院刘全兵教授课题组取得锂硫电池重要研究进展。团队设计制备出空心海胆状 NiCo₂O₄₋ₓSeₓ框架材料，该结构兼具高曲率尖端与硒化梯度外层。研究将空间电场效应和电子结构调控有机耦合，在空间层面协同实现多硫化物捕获富集、连续催化转化以及 Li₂S 的可控沉积，为高性能锂硫电池功能隔膜的开发开辟出新的技术思路。相关研究成果发表于国际顶级期刊《先进材料》（Advanced Materials）。相关研究示意图。研究团队供图锂硫电池因其极高的理论能量密度和硫的自然丰度而备受关注，然而，可溶性锂多硫化物的无序迁移与“穿梭效应”，以及绝缘性Li₂S在电极界,http://mp.weixin.qq.com/s?__biz=Mzg2ODg5MzM5Nw==&mid=2247583590&idx=1&sn=c989d4fee004a77609cf9b4945c00fd2,,点击上方蓝色关注我们吧近日，广东工业大学轻工化工学院刘全兵教授课题组取得锂硫电池重要研究进展。团队设计制备出空心海胆状 NiCo₂O₄₋ₓSeₓ框架材料，该结构兼具高曲率尖端与硒化梯度外层。研究将空间电场效应和电子结构调控有机耦合，在空间层面协同实现多硫化物捕获富集、连续催化转化以及 Li₂S 的可控沉积，为高性能锂硫电池功能隔膜的开发开辟出新的技术思路。相关研究成果发表于国际顶级期刊《先进材料》（Advanced Materials）。相关研究示意图。研究团队供图锂硫电池因其极高的理论能量密度和硫的自然丰度而备受关注，然而，可溶性锂多硫化物的无序迁移与“穿梭效应”，以及绝缘性Li₂S在电极界,"点击上方蓝色关注我们吧近日，广东工业大学轻工化工学院刘全兵教授课题组取得锂硫电池重要研究进展。团队设计制备出空心海胆状 NiCo₂O₄₋ₓSeₓ框架材料，该结构兼具高曲率尖端与硒化梯度外层。研究将空间电场效应和电子结构调控有机耦合，在空间层面协同实现多硫化物捕获富集、连续催化转化以及 Li₂S 的可控沉积，为高性能锂硫电池功能隔膜的开发开辟出新的技术思路。相关研究成果发表于国际顶级期刊《先进材料》（Advanced Materials）。相关研究示意图。研究团队供图锂硫电池因其极高的理论能量密度和硫的自然丰度而备受关注，然而，可溶性锂多硫化物的无序迁移与“穿梭效应”，以及绝缘性Li₂S在电极界面的过快沉积，始终导致活性物质流失、界面失活和容量衰退。传统改性手段多集中于增强吸附能力或提升单一催化位点的活性，难以匹配多硫化物转化过程中“富集—断链—沉积”的多步反应时序。针对这一瓶颈，本研究引入高曲率尖端产生的局域电场聚焦效应，使多硫化物和Li⁺沿势能梯度主动向尖端区域迁移并优先富集，触发初始转化；外层硒化梯度层则通过调控Co位点的电子填充态和d带中心位置，增强Co–S键合作用并弱化S–S键，促使硫链持续断裂；而靠近基底的内层被设计为有利于Li₂S成核的化学环境。深度XPS和三维飞行时间二次离子质谱（3D ToF‑SIMS）分析表明，长链多硫化物主要富集于外层并逐步转化，Li₂S则倾向在内层沉积，由此形成“外层富集与转化、内层成核与沉积”的空间功能分区。得益于上述协同机制，该材料对多硫化物的吸附效率高达99.6%。扣式电池在0.1 C倍率下放电比容量达1415 mAh g⁻¹，即使在10 C超高倍率下仍可输出471 mAh g⁻¹；在1 C循环500次后，比容量仍稳定在约693 mAh g⁻¹。软包电池在0.1 C下可实现稳定循环，多只串联后足以驱动无人机持续运行。该工作表明，空间电场与梯度界面的联动效应，能够将硫还原的复杂多步反应转化为可控的方向性进程，为开发兼具高倍率与长循环性能的锂硫电池开辟了新思路。相关论文信息：https://doi.org/10.1002/adma.74084END相关阅读：锂离子电池制备材料/压力测试！锂电池自放电测量方法：静态与动态测量法！软包电池关键工艺问题！一文搞懂锂离子电池K值！工艺，研发，机理和专利！软包电池方向重磅汇总资料分享！揭秘宁德时代CATL超级工厂！搞懂锂电池阻抗谱(EIS)不容易,这篇综述值得一看！锂离子电池生产中各种问题汇编！锂电池循环寿命研究汇总（附60份精品资料免费下载）点击上方蓝色关注我们吧近日，广东工业大学轻工化工学院刘全兵教授课题组取得锂硫电池重要研究进展。",,,,pending
能量密度达837.6Wh/kg！杭州固态电池小试线正式投运,锂电联盟会长,锂电联盟会长,"RIOnews API, 高比能, 锂金属, 固态电池, 宁德时代, CATL, 软包, 储能, 电源系统, 循环寿命, GWh, 生产基地, 投资",normal,2026-08-25T08:00:00+08:00,,点击上方蓝色关注我们吧据桐庐经济开发区管委会近日消息，安高特电固态电池总部及研发生产基地项目一期正全力冲刺建设节点。据介绍，一期一号主体厂房规划面积14000余平方米，其中动力辅房即将封顶，仓库主体结构接近完工，整体工程进度已完成约70%，基建部分将于9月中旬全面完工。而由旧址改建的二号厂房内，一条干法层压固态电池小试线已经率先投入运行。这条小试线上生产的LM80100干法电池，由浙江安高特电科技有限公司（简称：安高特电）的技术团队自主研发，采用高熵干法富锂正极和锂金属负极技术，突破了固态电池离子传导效率低、高能体系稳定循环难等技术瓶颈，经轻工业化学电源研究所权威检测，电芯能量密度达837.6,http://mp.weixin.qq.com/s?__biz=Mzg2ODg5MzM5Nw==&mid=2247583590&idx=3&sn=476534aafa8af4b6e1732bf1ad91bad7,,点击上方蓝色关注我们吧据桐庐经济开发区管委会近日消息，安高特电固态电池总部及研发生产基地项目一期正全力冲刺建设节点。据介绍，一期一号主体厂房规划面积14000余平方米，其中动力辅房即将封顶，仓库主体结构接近完工，整体工程进度已完成约70%，基建部分将于9月中旬全面完工。而由旧址改建的二号厂房内，一条干法层压固态电池小试线已经率先投入运行。这条小试线上生产的LM80100干法电池，由浙江安高特电科技有限公司（简称：安高特电）的技术团队自主研发，采用高熵干法富锂正极和锂金属负极技术，突破了固态电池离子传导效率低、高能体系稳定循环难等技术瓶颈，经轻工业化学电源研究所权威检测，电芯能量密度达837.6,"点击上方蓝色关注我们吧据桐庐经济开发区管委会近日消息，安高特电固态电池总部及研发生产基地项目一期正全力冲刺建设节点。据介绍，一期一号主体厂房规划面积14000余平方米，其中动力辅房即将封顶，仓库主体结构接近完工，整体工程进度已完成约70%，基建部分将于9月中旬全面完工。而由旧址改建的二号厂房内，一条干法层压固态电池小试线已经率先投入运行。这条小试线上生产的LM80100干法电池，由浙江安高特电科技有限公司（简称：安高特电）的技术团队自主研发，采用高熵干法富锂正极和锂金属负极技术，突破了固态电池离子传导效率低、高能体系稳定循环难等技术瓶颈，经轻工业化学电源研究所权威检测，电芯能量密度达837.6Wh/kg，循环寿命超50次。据悉，该项目由总投资约20亿元，计划分三期建设，项目一期总投资约3亿元，将建成年产0.55GWh电池产线。目前主要规划用于电摩、无人机动力、储能、人形机器人、医疗器械等场景。企查查显示，安高特电成立于2024年10月，法定代表人为吴珠智，注册资本1339.29万元，是一家专注于高熵固态锂电池及相关电源系统的研发与应用的高新技术企业。公司总部位于四川成都高新区，目前已构建起四川雅安、湖南郴州、浙江桐庐三大生产智造基地，以及四川成都和浙江杭州两个研发基地。股东信息显示，该公司前五大股东分别为杭州烯浙科技有限公司、杭州烯杭企业管理合伙企业（有限合伙）、朱荣、北京复华博志科技成果转化中心（有限合伙）、武汉伯恩新动能私募基金合伙企业（有限合伙），持股比例分别为56.23%、8.78%、8.42%、5.27%、5.06%。END相关阅读：锂离子电池制备材料/压力测试！锂电池自放电测量方法：静态与动态测量法！软包电池关键工艺问题！一文搞懂锂离子电池K值！工艺，研发，机理和专利！软包电池方向重磅汇总资料分享！揭秘宁德时代CATL超级工厂！搞懂锂电池阻抗谱(EIS)不容易,这篇综述值得一看！锂离子电池生产中各种问题汇编！锂电池循环寿命研究汇总（附60份精品资料免费下载）点击上方蓝色关注我们吧据桐庐经济开发区管委会近日消息，安高特电固态电池总部及研发生产基地项目一期正全力冲刺建设",,,,pending
手套箱真空干燥箱产品介绍,锂电联盟会长,锂电联盟会长,"RIOnews API, 宁德时代, CATL, 软包, 循环寿命",normal,2026-08-25T08:00:00+08:00,,点击上方蓝色关注我们吧手套箱真空干燥箱核心功能为在其内部腔体中创造一个高真空度的高温环境，从而实现该环境下的材料能快速干燥。为实现该核心功能，手套箱真空干燥箱控制系统可自主实现温度检测与控制、真空度检测与控制。为适配不同工艺需求，本系统可通过触摸屏实现对目标真空度、目标温度的设定、目标工作时间的设定。图1-1 设备外观图图1-2 腔体内部图图1-3 显示屏功能图END相关阅读：锂离子电池制备材料/压力测试！锂电池自放电测量方法：静态与动态测量法！软包电池关键工艺问题！一文搞懂锂离子电池K值！工艺，研发，机理和专利！软包电池方向重磅汇总资料分享！揭秘宁德时代CATL超级工厂！搞懂锂电池阻抗谱(E,http://mp.weixin.qq.com/s?__biz=Mzg2ODg5MzM5Nw==&mid=2247583590&idx=5&sn=e198f3632c21822d407244ceff71ab71,,点击上方蓝色关注我们吧手套箱真空干燥箱核心功能为在其内部腔体中创造一个高真空度的高温环境，从而实现该环境下的材料能快速干燥。为实现该核心功能，手套箱真空干燥箱控制系统可自主实现温度检测与控制、真空度检测与控制。为适配不同工艺需求，本系统可通过触摸屏实现对目标真空度、目标温度的设定、目标工作时间的设定。图1-1 设备外观图图1-2 腔体内部图图1-3 显示屏功能图END相关阅读：锂离子电池制备材料/压力测试！锂电池自放电测量方法：静态与动态测量法！软包电池关键工艺问题！一文搞懂锂离子电池K值！工艺，研发，机理和专利！软包电池方向重磅汇总资料分享！揭秘宁德时代CATL超级工厂！搞懂锂电池阻抗谱(E,"点击上方蓝色关注我们吧手套箱真空干燥箱核心功能为在其内部腔体中创造一个高真空度的高温环境，从而实现该环境下的材料能快速干燥。为实现该核心功能，手套箱真空干燥箱控制系统可自主实现温度检测与控制、真空度检测与控制。为适配不同工艺需求，本系统可通过触摸屏实现对目标真空度、目标温度的设定、目标工作时间的设定。图1-1 设备外观图图1-2 腔体内部图图1-3 显示屏功能图END相关阅读：锂离子电池制备材料/压力测试！锂电池自放电测量方法：静态与动态测量法！软包电池关键工艺问题！一文搞懂锂离子电池K值！工艺，研发，机理和专利！软包电池方向重磅汇总资料分享！揭秘宁德时代CATL超级工厂！搞懂锂电池阻抗谱(EIS)不容易,这篇综述值得一看！锂离子电池生产中各种问题汇编！锂电池循环寿命研究汇总（附60份精品资料免费下载）点击上方蓝色关注我们吧手套箱真空干燥箱核心功能为在其内部腔体中创造一个高真空度的高温环境，从而实现该环境下的材",,,,pending
苏州大学 高温自关闭 UiO‑66 三明治复合隔膜,锂电联盟会长,锂电联盟会长,"RIOnews API, 新材料, 隔膜, 学术研究, 大学, 期刊, 宁德时代, CATL, 软包, 热失控, 循环寿命, 电解液",normal,2026-08-25T08:00:00+08:00,,点击上方蓝色关注我们吧近日，苏州大学徐岚团队报道了UiO-66功能化三明治复合隔膜以改善锂离子电池性能及安全性。相关论文于2026年8月19日发表在《中国高分子科学杂志》上。热失控引发的安全问题严重阻碍了锂离子电池（LIBs）的进一步发展。作为LIBs的关键组分，具有高温自关闭功能的高性能静电纺丝纳米纤维隔膜（ENSs）能够防止由热失控引起的安全问题。研究组通过材料筛选和结构设计，采用自由表面静电纺丝技术高效制备了一种三明治结构的高温自关闭聚丙烯腈/聚氨酯//添加十六烷基三甲基溴化铵的聚丁二酸丁二醇酯（PAN/PU//CPBS）ENS（简称CPC ENS）。高熔点的聚丙烯腈基ENS作为中间层，,http://mp.weixin.qq.com/s?__biz=Mzg2ODg5MzM5Nw==&mid=2247583590&idx=2&sn=a8fa02e2ad641beb4225247315275a54,,点击上方蓝色关注我们吧近日，苏州大学徐岚团队报道了UiO-66功能化三明治复合隔膜以改善锂离子电池性能及安全性。相关论文于2026年8月19日发表在《中国高分子科学杂志》上。热失控引发的安全问题严重阻碍了锂离子电池（LIBs）的进一步发展。作为LIBs的关键组分，具有高温自关闭功能的高性能静电纺丝纳米纤维隔膜（ENSs）能够防止由热失控引起的安全问题。研究组通过材料筛选和结构设计，采用自由表面静电纺丝技术高效制备了一种三明治结构的高温自关闭聚丙烯腈/聚氨酯//添加十六烷基三甲基溴化铵的聚丁二酸丁二醇酯（PAN/PU//CPBS）ENS（简称CPC ENS）。高熔点的聚丙烯腈基ENS作为中间层，,"点击上方蓝色关注我们吧近日，苏州大学徐岚团队报道了UiO-66功能化三明治复合隔膜以改善锂离子电池性能及安全性。相关论文于2026年8月19日发表在《中国高分子科学杂志》上。热失控引发的安全问题严重阻碍了锂离子电池（LIBs）的进一步发展。作为LIBs的关键组分，具有高温自关闭功能的高性能静电纺丝纳米纤维隔膜（ENSs）能够防止由热失控引起的安全问题。研究组通过材料筛选和结构设计，采用自由表面静电纺丝技术高效制备了一种三明治结构的高温自关闭聚丙烯腈/聚氨酯//添加十六烷基三甲基溴化铵的聚丁二酸丁二醇酯（PAN/PU//CPBS）ENS（简称CPC ENS）。高熔点的聚丙烯腈基ENS作为中间层，提供热稳定性；低熔点的聚丁二酸丁二醇酯基ENS作为外层，赋予其高温自关闭功能。为进一步提升性能，采用聚多巴胺对CPC ENS进行修饰，并负载具有丰富活性位点的多孔结构UiO-66，得到高性能自关闭UiO66@PDA@CPC ENS。1结果表明UiO66@PDA@CPC ENS具有优异的电解液吸收率（740.7%±20.6%）和润湿性（接触角8.3°±0.3°），同时在160 °C下仍保持良好的热稳定性。此外，在0.5 C下循环100次后，组装电池的放电比容量保持在139.6 mAh/g，容量保持率为92.4%。同时，锂片表面形貌平整，表明UiO66@PDA@CPC ENS具有优异的长期循环稳定性，从而展示了其作为高性能安全LIB隔膜的巨大潜力。期刊信息Chinese Journal of Polymer Science：《中国高分子科学杂志》，创刊于1983年。隶属于中国化学会，最新IF：4.3END相关阅读：锂离子电池制备材料/压力测试！锂电池自放电测量方法：静态与动态测量法！软包电池关键工艺问题！一文搞懂锂离子电池K值！工艺，研发，机理和专利！软包电池方向重磅汇总资料分享！揭秘宁德时代CATL超级工厂！搞懂锂电池阻抗谱(EIS)不容易,这篇综述值得一看！锂离子电池生产中各种问题汇编！锂电池循环寿命研究汇总（附60份精品资料免费下载）点击上方蓝色关注我们吧近日，苏州大学徐岚团队报道了UiO-66功能化三明治复合隔膜以改善锂离子电池性能及安全性",,,,pending
中科源本硫化物全固态电池实车路测,锂电联盟会长,锂电联盟会长,"RIOnews API, 前沿表征, 工况, 固态电池, 产品发布, 发布, 发布会, 学术研究, 科学院, 研究所, 宁德时代, CATL, 软包, 安全测试, 循环寿命, 电池包, 中试, 样品, 认证, 落地",normal,2026-08-25T08:00:00+08:00,,点击上方蓝色关注我们吧近日，青岛中科源本新能源有限公司自主研发的硫化物全固态电池包成功搭载测试车辆，近日在实际道路工况下完成验证。公司技术负责人王九天博士表示：“据公开信息，这是国内首次有硫化物全固态电池真正实现上车行驶。本次路测的成功，验证了从底层材料创新到上层电芯集成的全栈技术贯通力。硫化物全固态电池的产业化绝非一蹴而就，它需要攻克材料革新、工艺优化到工程化落地的重重关隘，而用一次次扎实的突破，不断印证着自身走通这条道路的能力。”硫化物全固态电池是全球下一代动力电池的核心技术路线之一，其产业化进度直接影响产业竞争格局。此前业内普遍认为硫化物路线性能优势显著，但工程化落地难度较高，本次实车验,http://mp.weixin.qq.com/s?__biz=Mzg2ODg5MzM5Nw==&mid=2247583590&idx=4&sn=d57fe13adfc9257414f9ca89ce4f4041,,点击上方蓝色关注我们吧近日，青岛中科源本新能源有限公司自主研发的硫化物全固态电池包成功搭载测试车辆，近日在实际道路工况下完成验证。公司技术负责人王九天博士表示：“据公开信息，这是国内首次有硫化物全固态电池真正实现上车行驶。本次路测的成功，验证了从底层材料创新到上层电芯集成的全栈技术贯通力。硫化物全固态电池的产业化绝非一蹴而就，它需要攻克材料革新、工艺优化到工程化落地的重重关隘，而用一次次扎实的突破，不断印证着自身走通这条道路的能力。”硫化物全固态电池是全球下一代动力电池的核心技术路线之一，其产业化进度直接影响产业竞争格局。此前业内普遍认为硫化物路线性能优势显著，但工程化落地难度较高，本次实车验,"点击上方蓝色关注我们吧近日，青岛中科源本新能源有限公司自主研发的硫化物全固态电池包成功搭载测试车辆，近日在实际道路工况下完成验证。公司技术负责人王九天博士表示：“据公开信息，这是国内首次有硫化物全固态电池真正实现上车行驶。本次路测的成功，验证了从底层材料创新到上层电芯集成的全栈技术贯通力。硫化物全固态电池的产业化绝非一蹴而就，它需要攻克材料革新、工艺优化到工程化落地的重重关隘，而用一次次扎实的突破，不断印证着自身走通这条道路的能力。”硫化物全固态电池是全球下一代动力电池的核心技术路线之一，其产业化进度直接影响产业竞争格局。此前业内普遍认为硫化物路线性能优势显著，但工程化落地难度较高，本次实车验证不仅验证了企业从材料到系统的全栈技术能力，也进一步印证了该路线的车载应用可行性。拿下这一进展的中科源本，是固态电池赛道成长迅速的技术型企业。公司成立于 2023 年底，总部位于青岛崂山区，核心团队源自中国科学院青岛生物能源与过程研究所。创始人武建飞研究员自 2016 年起带领团队开展硫化物全固态电池技术研发，在电解质制备、界面调控、电芯集成等领域积累了多年技术经验。依托前期的技术沉淀，公司成立后产业化推进节奏较快，目前已建成覆盖材料制备至电芯集成的中试产线。今年 7 月 10 日，中科源本刚在青岛举办车载硫化物全固态电池第一代样品发布会，现场完成了实景应用认证，包括搭载智能配送机器人稳定运行、电芯剪切安全测试等，直观展示了全固态电池的本质安全特性。END相关阅读：锂离子电池制备材料/压力测试！锂电池自放电测量方法：静态与动态测量法！软包电池关键工艺问题！一文搞懂锂离子电池K值！工艺，研发，机理和专利！软包电池方向重磅汇总资料分享！揭秘宁德时代CATL超级工厂！搞懂锂电池阻抗谱(EIS)不容易,这篇综述值得一看！锂离子电池生产中各种问题汇编！锂电池循环寿命研究汇总（附60份精品资料免费下载）点击上方蓝色关注我们吧近日，青岛中科源本新能源有限公司自主研发的硫化物全固态电池包成功搭载测试车辆，近日在实际",,,,pending
加州大学洛杉矶分校贺曦敏课题组招收博士及博后,高分子科学前沿,高分子科学前沿,"RIOnews API, 聚合物新材料, 凝胶, 学术研究, 大学, 教授, 研究所",normal,2026-08-25T07:54:23+08:00,,"课题组简介：贺曦敏是加州大学洛杉矶分校材料科学与工程系的教授和加州纳米体系研究所（CNSI）的成员。她在剑桥大学获得博士学位并在哈佛大学进行博士后研究。UCLA贺曦敏团队致力于研发仿生多功能凝胶及柔性高分子材料，推动其在生物医学，环境、能源、软体机器人等领域的应用。成果发表在Nature, Science, Nature Materials, Nature Chemistry, Science Robotics, Nature Nanotechnology, Science Advances 等杂志。教授简介：http://www.seas.ucla.edu/xhe-lab/index.htm",http://mp.weixin.qq.com/s?__biz=MzA5NjM5NzA5OA==&mid=2652071706&idx=6&sn=4ce94d57fc8da06a8142f71065346d0b,,"课题组简介：贺曦敏是加州大学洛杉矶分校材料科学与工程系的教授和加州纳米体系研究所（CNSI）的成员。她在剑桥大学获得博士学位并在哈佛大学进行博士后研究。UCLA贺曦敏团队致力于研发仿生多功能凝胶及柔性高分子材料，推动其在生物医学，环境、能源、软体机器人等领域的应用。成果发表在Nature, Science, Nature Materials, Nature Chemistry, Science Robotics, Nature Nanotechnology, Science Advances 等杂志。教授简介：http://www.seas.ucla.edu/xhe-lab/index.htm","课题组简介：贺曦敏是加州大学洛杉矶分校材料科学与工程系的教授和加州纳米体系研究所（CNSI）的成员。她在剑桥大学获得博士学位并在哈佛大学进行博士后研究。UCLA贺曦敏团队致力于研发仿生多功能凝胶及柔性高分子材料，推动其在生物医学，环境、能源、软体机器人等领域的应用。成果发表在Nature, Science, Nature Materials, Nature Chemistry, Science Robotics, Nature Nanotechnology, Science Advances 等杂志。教授简介：http://www.seas.ucla.edu/xhe-lab/index.html课题组网页：https://samueli.ucla.edu/people/ximin-he/职位介绍：课题组现招收博士研究生1～2名，博士后1~2名。我们期待具有以下相关研究背景和专业技能的优秀候选人：· 研究背景：高分子化学与物理、电化学、有机化学、软材料力学· 材料体系：水凝胶、液晶弹性体、导电高分子、生物高分子及其他功能软材料· 应用方向：生物组织植入材料、生物电子、电池与储能、软体机器人尤其欢迎在高分子科学、软材料、高分子组装、材料合成与加工以及软材料力学等领域具有扎实理论基础和较强实验动手能力的候选人申请。申请方式：请感兴趣的申请者将以下英文材料合并为一个 PDF文档，发送至ximinhe@ucla.edu。邮件标题请注明：申请职位（博士/博后）+ 学校 + 专业 + 姓名 。博士生（PhD）：全额奖学金(1) 求职信（Cover Letter）：阐明研究兴趣与动机。(2) 个人简历（CV）：包含 GPA、相关科研经历、完整论著清单。(3) 语言成绩：TOEFL ≥ 100 或 IELTS ≥ 6.5；GRE ≥ 319 且 Analytical Writing ≥ 3.5。(4) 推荐人信息：2–3 位（推荐信仅在后续阶段需要时提供）。博士后（Postdoc）：全职带薪职位 (1) 求职信（Cover Letter）：阐明研究兴趣与职业发展规划。(2) 个人简历（CV）：含完整论著清单。(3) 简要研究计划（Research Proposal）。(4) 推荐人信息：2–3 位（推荐信仅在后续阶段需要时提供）。欢迎转发给可能对此职位感兴趣或适合的朋友和同事！推荐",,,,pending
福建农林大学ACS Nano：木材“塑形”黑科技，压缩69%泡入沸水不回弹，刚性飙升5倍,高分子科学前沿,高分子科学前沿,"RIOnews API, 聚合物新材料, 热固, 学术研究, 大学, 教授",normal,2026-08-25T07:54:23+08:00,,木材密实化通过压缩木材的多孔结构，能够显著提升其力学性能，为将丰富的生物质资源升级为高性能结构材料提供了一条直接且可规模化扩展的途径。然而，这一技术长期以来面临两大根本性制约：一是木质化的刚性细胞壁限制了大幅度压缩变形，二是压缩后的结构在湿热刺激下容易发生应力松弛和形状回复。尽管已有研究通过部分脱木质素、交联改性或浸渍热固性树脂等手段尝试解决这些问题，但在同一策略中同时实现高比例变形、近乎完全的湿热形状固定以及韧性保持，仍是材料设计领域未解决的核心挑战。针对上述难题，福建农林大学余雁教授、张孝华副教授团队设计了一种热触发的细胞壁糠醇化策略，通过引入由氯化铵、柠檬酸和衣康酸酐组成的三元酸性催化剂,http://mp.weixin.qq.com/s?__biz=MzA5NjM5NzA5OA==&mid=2652071706&idx=4&sn=e561d110e717250712c9760e4e40907c,,木材密实化通过压缩木材的多孔结构，能够显著提升其力学性能，为将丰富的生物质资源升级为高性能结构材料提供了一条直接且可规模化扩展的途径。然而，这一技术长期以来面临两大根本性制约：一是木质化的刚性细胞壁限制了大幅度压缩变形，二是压缩后的结构在湿热刺激下容易发生应力松弛和形状回复。尽管已有研究通过部分脱木质素、交联改性或浸渍热固性树脂等手段尝试解决这些问题，但在同一策略中同时实现高比例变形、近乎完全的湿热形状固定以及韧性保持，仍是材料设计领域未解决的核心挑战。针对上述难题，福建农林大学余雁教授、张孝华副教授团队设计了一种热触发的细胞壁糠醇化策略，通过引入由氯化铵、柠檬酸和衣康酸酐组成的三元酸性催化剂,"木材密实化通过压缩木材的多孔结构，能够显著提升其力学性能，为将丰富的生物质资源升级为高性能结构材料提供了一条直接且可规模化扩展的途径。然而，这一技术长期以来面临两大根本性制约：一是木质化的刚性细胞壁限制了大幅度压缩变形，二是压缩后的结构在湿热刺激下容易发生应力松弛和形状回复。尽管已有研究通过部分脱木质素、交联改性或浸渍热固性树脂等手段尝试解决这些问题，但在同一策略中同时实现高比例变形、近乎完全的湿热形状固定以及韧性保持，仍是材料设计领域未解决的核心挑战。针对上述难题，福建农林大学余雁教授、张孝华副教授团队设计了一种热触发的细胞壁糠醇化策略，通过引入由氯化铵、柠檬酸和衣康酸酐组成的三元酸性催化剂体系，实现了糠醇在木材细胞壁内的浸渍、塑化与固化过程的时序协调（图1a）。该配方在室温下活性较为温和，能够保证糠醇充分渗透；在热压过程中，体系酸度随加热时间逐步增强，从而在早期促进细胞壁塑化与变形，在后期加速糠醇聚合与固化，将高比例压缩与永久形状固定整合于单一改性路径中（图1b, c）。最终制备的密实化木材（FA@NCI-CR69）在95°C热水中浸泡后形状回复率低于0.5%，抗压强度和弹性模量分别达到未处理木材的3.95倍和5.62倍，冲击韧性提高了34.9%，并展现出优异的抗真菌腐朽和白蚁侵蚀能力（图1d）。相关论文以“Heat-Triggered Cell-Wall Furfurylation Enables Ultrastable Wood Densification”为题，发表在ACS Nano上。图1： 热触发细胞壁糠醇化稳定高密实化木材的示意图。（a）所提出的热响应催化行为：配方在室温下相对温和，但在加热过程中酸度逐步增强，从而协调糠醇渗透与后续固化。（b,c）所提出的多尺度稳定化机制：糠醇渗透进入木材结构，在压缩初期促进细胞壁塑化；持续加热促进聚合物在细胞壁区域（尤其是木质素富集区域）形成与保留，从而限制压缩结构的水热松弛。（d）总结整体性能谱的雷达图。在催化剂配方筛选阶段，研究团队对六种不同组分的催化体系（F1–F6）进行了系统评估（图2a–f）。结果显示，含较高氯化铵水平的配方（如F5和F6）表现出更强的固化相关指标，其中F6的增重率达到71.3%，固化比高达95.2%，细胞壁膨胀率达12.1%（图2a, b），综合性能最优。进一步的pH监测表明，F6配方（FA@NCI）在加热过程中呈现平缓的酸度下降曲线，强酸性主要在后期的加热和保温阶段发展（图2g），这与浸渍和早期加热阶段保持温和、后期热压阶段加速固化的工艺需求高度吻合。横向压缩实验证实，经FA@NCI处理的木材在加热10至30分钟后压缩应力低于水预处理对照组，表明早期细胞壁塑化有效降低了变形阻力；而当加热时间延长至60分钟时，压缩阻力显著上升，反映出聚合引发的结构硬化与形状固定（图2h）。这一时间依赖性的力学演变，清晰展示了从糠醇辅助塑化到聚合固化稳定的阶段性转化过程（图2i）。图2： 热触发催化剂设计与FA@NCI体系的筛选。（a）增重率和固化比。（b）细胞壁膨胀率。（c）绝干密度。（d）抗弯强度（MOR）和弹性模量（MOE）。（e）吸水率和（f）体积溶胀率。（g）代表性糠醇基体系在程序升温过程中的pH变化。（h）水预处理木材和FA@NCI处理木材在不同加热时间后的横向压缩应力-应变曲线。（i）木材在纯水辅助压缩和FA@NCI辅助压缩下的变形行为对比示意图。在湿热稳定性与形状固定方面，FA@NCI压缩木材表现尤为突出。静态水接触角测量显示，未处理木材初始接触角仅36.5°，液滴在10秒内完全渗透；水预处理压缩木材（PW-CR50）初始接触角升至84.9°，但15秒后迅速降至66.4°；而FA@NCI-CR69的初始接触角达113.2°，15秒后仍保持106.6°（图3a–c），表明形成了稳定的疏水表面屏障。在水吸收测试中，未处理木材17天浸泡后吸水率达273.78%，而FA@NCI-CR37、CR54和CR69分别降至61.00%、42.65%和25.26%（图3d）；平衡含水率从未处理木材的8.65%分别降至4.91%、3.66%和3.02%（图3e）。在尺寸稳定性方面，FA@NCI压缩木材的切向溶胀率和体积溶胀率分别降低了84.5%和55.2%（CR37）（图3f）。最为关键的是形状固定性能——经过三次浸水-干燥循环后，PW-CR50的形状回复率达46.48%，而FA@NCI-CR37、CR54和CR69分别仅为0.40%、0.36%和0.21%；在更严苛的95°C近沸水中浸泡30分钟后，PW-CR50回复率升至65.01%，而FA@NCI压缩样品仍全部低于0.5%（CR37、CR54、CR69分别为0.45%、0.41%和0.39%），实现了近乎完全的形状固定（图3g–i）。图3： FA@NCI压缩木材的耐湿性与形状固定。（a–c）纵切面静态水接触角。（d）吸水率。（e）平衡含水率。（f）径向、切向和体积溶胀率。（g）循环湿-干处理和95°C近沸水挑战后的形状回复率。（h）纯水预处理压缩木材（PW-CR50）和FA@NCI-CR69在回复测试后的代表性照片。（i）与以往代表性形状固定策略的形状回复率对比。结果表明热触发细胞壁糠醇化在限制水分可及性和锁定压缩细胞壁结构抵抗水热松弛方面的作用。力学性能测试结果表明，FA@NCI压缩木材的各项指标随压缩比提高而系统增强。FA@NCI-CR69的顺纹抗压强度达127.81 MPa，为未处理木材（32.35 MPa）的3.95倍（图4a）；弹性模量从CR37的18.26 GPa增至CR69的23.34 GPa，达到未处理木材的4.40至5.62倍；抗弯强度从155.07 MPa提升至200.98 MPa，为未处理木材的3.22至4.17倍（图4b）。与代表性天然木材、改性木材、密实化木材以及常见高分子材料、金属材料和无机材料相比，FA@NCI压缩木材的比弯曲强度显著优于未处理杉木和多种常规改性木材，与多种高强度木材基材料性能相当，其核心优势在于同时兼具轻质高强、高比例可压缩性和极低湿热形状回复率（图4c）。值得关注的是，冲击韧性并未因糠醇化与密实化而劣化——FA@NCI-CR54和CR69分别较未处理木材（9.36 kJ/m²）提高了22.9%和34.9%（图4d）。断口形貌分析显示，未处理木材呈现相对光滑平坦的断裂面，纤维拔出较少，表现为脆性破坏模式；而FA@NCI-CR69断口粗糙且呈现明显纤维桥接特征，表明断裂过程中耗散了更多能量（图4e）。摩擦学测试进一步表明，该材料的摩擦系数和磨痕宽度、深度均显著改善（图4f–h）。图4： FA@NCI压缩木材的力学与表面性能。（a）顺纹抗压强度。（b）抗弯强度和弹性模量。（c）FA@NCI压缩木材与未处理杉木及代表性天然、改性和密实化木材以及常见高分子材料、金属材料和无机材料的比弯曲强度对比。（d）冲击韧性。（e）未处理木材和FA@NCI压缩木材的断口形貌。（f）摩擦系数。（g）磨痕宽度和深度。（h）摩擦学测试后的代表性磨痕形貌。整体性能被解释为FA@NCI辅助可变形性、密实化、渐进固化和微结构重组的耦合效应。化学与纳米结构表征揭示了性能增强的微观机制。固态¹³C核磁共振谱证实了聚糠醇在木材细胞壁内的形成（图5a）。小角X射线散射分析表明密实化后纤维素微纤丝堆积更加紧密（图5b），二维广角X射线散射进一步显示微纤丝的取向度得到增强，为刚度和强度提升提供了结构基础（图5c）。扫描电镜观察确认了细胞壁的良好压缩与致密化形态（图5d）。衰减全反射傅里叶变换红外光谱成像显示，与糠醇/聚糠醇相关的红外信号（1710 cm⁻¹）主要富集于细胞角落和胞间层等木质素富集区域（图5f），与木质素特征信号（1510 cm⁻¹）的空间分布高度吻合（图5e），表明聚糠醇倾向于在木质素富集的细胞壁区域定位和保留（图5g）。图5： FA@NCI压缩木材的化学演变、纳米尺度结构重组和糠醇衍生聚合物的空间分布。（a）未处理木材、聚糠醇和FA@NCI-CR69的固态¹³C核磁共振谱。（b）未处理木材和FA@NCI-CR69的小角X射线散射图。（c）未处理木材和FA@NCI-CR69的二维广角X射线散射图、结晶度指数、微晶宽度和取向指数（fc）；fc由（200）衍射峰方位角积分确定。（d）代表性扫描电镜图像。（e）1510 cm⁻¹（木质素）的ATR-FTIR成像图。（f）1710 cm⁻¹（糠醇/聚糠醇相关吸收）的ATR-FTIR成像图。（g）从PW-CR50和FA@NCI压缩木材选定区域提取的局部FTIR光谱。这些结果共同为聚糠醇的形成提供了化学证据，展示了密实化后的微纤丝重组，并支持糠醇/聚糠醇相关信号与木质素富集区域的细胞壁尺度关联。在生物耐久性方面，FA@NCI-CR69对真菌和白蚁的抵抗能力显著增强。经褐腐菌（Gloeophyllum trabeum）和白腐菌（Coriolus versicolor）30天侵染后，水预处理压缩木材表面被菌丝密集覆盖，而FA@NCI-CR69仅出现局部褐腐菌定殖，白腐菌生长几乎不可见（图6a）。质量损失数据显示，未处理木材褐腐和白腐质量损失分别为34.7%和44.0%，PW-CR50分别为20.2%和1.9%，而FA@NCI-CR69在两种腐菌下分别仅为5.1%和5.2%，较PW-CR50褐腐损失降低了74.8%（图6b）。白蚁抗性测试中，未处理马尾松对照发生严重结构崩解，质量损失55.8%（等级4）；PW-CR50亦出现明显取食痕迹，质量损失39.1%（等级7）；而FA@NCI-CR69基本保持结构完整，仅表面有极轻微痕迹，质量损失仅1.7%，完好等级达9级（图6c, d）。这种增强的生物耐久性源于密实化减少了真菌菌丝和白蚁的侵入通道，同时糠醇衍生相降低了水分可及性并改变了化学环境，从而协同抑制了生物降解。图6： 密实化木材对真菌和白蚁的生物耐久性。（a）PW-CR50和FA@NCI-CR69在褐腐菌（Gloeophyllum trabeum）和白腐菌（Coriolus versicolor）侵染后的照片和（b）质量损失。（c）白蚁抗性测试后的照片和（d）质量损失。FA@NCI压缩木材增强的耐久性归因于密实化减少了可及传输路径以及聚合物降低了木材结构内水分可及性所形成的耦合屏障效应。综合来看，本研究通过热触发调控细胞壁限域糠醇化，成功拓展了非脱木质素密实化木材的加工-性能窗口，在单一细胞壁改性策略中实现了高比例变形、耐久湿热固定和韧性保持的协同优化。该材料在潮湿和生物劣变风险较高的应用场景（如建筑围护结构、户外结构组件及地下或土壤接触应用）中展现出广阔前景。然而，自然老化、紫外暴露、干湿循环和长期野外暴露等实际服役条件下的性能，以及生物攻击后的残余力学性能，仍有待进一步评估。此外，增强的生物耐久性意味着材料自然降解速率降低，这一耐久性与可降解性之间的权衡需要在环境评价中予以考虑。研究团队建议，在工艺放大过程中需关注挥发性物质的排放监测与废气处理，而材料生命周期末期可通过受控能量回收路线进行处理，但需针对具体配方开展浸出、燃烧排放、冷凝物和灰分组成及生命周期影响的专项分析。本研究的实验材料为中国杉木（Cunninghamia lanceolata）边材，所用糠醇、氯化铵、柠檬酸和衣康酸酐均为市售分析纯试剂，样品经真空-压力浸渍后在120°C、5 MPa条件下热压60分钟制得。阅读原文木材密实化通过压缩木材的多孔结构，能够显著提升其力学性能，为将丰富的生物质资源升级为高性能结构材料提供了一条直",,,,pending
南开大学JACS：新型纳米纤维复合电解质，破解高压锂金属电池性能与安全困局,高分子科学前沿,高分子科学前沿,"RIOnews API, 聚合物新材料, 凝胶, 粘结剂, 学术研究, 大学, 教授, 研究所",normal,2026-08-25T07:54:23+08:00,,固态锂金属电池被视为实现高安全、高能量密度和长循环寿命的下一代储能技术的核心方向，但其实际应用长期受制于三大瓶颈：电解质氧化稳定性不足、锂离子传输动力学迟缓，以及高压运行下电极/电解质界面层的失稳。传统无机电解质虽具备较高本征锂离子电导率，却因晶界阻抗和界面接触不良而难以实现连续离子传输；而聚合物电解质虽能保障电极界面贴合，但其氟化改性所带来的氧化稳定性提升，往往以牺牲锂离子配位能力和迁移位点密度为代价。复合聚合物电解质（CPE）试图融合二者优势，然而常规颗粒填充型CPE中无机相难以形成真正连续的三维导电网络，晶界阻隔和界面不兼容性依然严重制约着离子传导效率与高电压耐受性。针对上述挑战，南开大,http://mp.weixin.qq.com/s?__biz=MzA5NjM5NzA5OA==&mid=2652071706&idx=3&sn=851f32350316e7d2a892976f22cfea63,,固态锂金属电池被视为实现高安全、高能量密度和长循环寿命的下一代储能技术的核心方向，但其实际应用长期受制于三大瓶颈：电解质氧化稳定性不足、锂离子传输动力学迟缓，以及高压运行下电极/电解质界面层的失稳。传统无机电解质虽具备较高本征锂离子电导率，却因晶界阻抗和界面接触不良而难以实现连续离子传输；而聚合物电解质虽能保障电极界面贴合，但其氟化改性所带来的氧化稳定性提升，往往以牺牲锂离子配位能力和迁移位点密度为代价。复合聚合物电解质（CPE）试图融合二者优势，然而常规颗粒填充型CPE中无机相难以形成真正连续的三维导电网络，晶界阻隔和界面不兼容性依然严重制约着离子传导效率与高电压耐受性。针对上述挑战，南开大,固态锂金属电池被视为实现高安全、高能量密度和长循环寿命的下一代储能技术的核心方向，但其实际应用长期受制于三大瓶颈：电解质氧化稳定性不足、锂离子传输动力学迟缓，以及高压运行下电极/电解质界面层的失稳。传统无机电解质虽具备较高本征锂离子电导率，却因晶界阻抗和界面接触不良而难以实现连续离子传输；而聚合物电解质虽能保障电极界面贴合，但其氟化改性所带来的氧化稳定性提升，往往以牺牲锂离子配位能力和迁移位点密度为代价。复合聚合物电解质（CPE）试图融合二者优势，然而常规颗粒填充型CPE中无机相难以形成真正连续的三维导电网络，晶界阻隔和界面不兼容性依然严重制约着离子传导效率与高电压耐受性。针对上述挑战，南开大学陈永胜院士、张洪涛‌副教授和上海空间电源研究所李永研究员合作，设计并制备了一种原位聚合复合聚合物电解质LAFE，其核心在于将锂/氟共掺杂羟基磷灰石纳米纤维（LANs）构成的三维连续骨架与主链氟化聚醚基质进行一体化集成。与常规颗粒填充物不同，该锂活性LAN框架不仅提供了贯穿整个电解质的连续锂离子传导通路，还通过强Li⁺-LAN相互作用在无机/聚合物界面构筑了丰富的迁移位点，实现了体相传导与界面跳跃协同的快速锂离子输运。同时，LANs与氟化聚醚之间显著的锂亲和性差异，诱导了空间上锂富集和锂匮乏区域的异质分布，重构了局部溶剂化环境，形成阴离子富集的溶剂化结构。这一调控策略将电解质的电化学稳定窗口拓宽至3.0–5.7 V，并促进了富含LiF/Li₃N/B–O无机物种的SEI和CEI层生成，有效抑制了锂枝晶生长、电解质氧化及高压正极退化，同时通过将电解质固定在固态骨架中显著提升了电池的滥用耐受性。由此，LAFE使Li||NCM811电池在4.5–4.7 V和5 C的严苛条件下稳定循环1000次；在软包电池层面，7 Ah Li||LCO和10 Ah Li||LRMO电池分别实现了677 Wh kg⁻¹和632 Wh kg⁻¹的能量密度，而5 Ah Li||NCM811软包电池顺利通过针刺测试，无泄漏或燃烧。相关论文以“Nanofiber-Reinforced Composite Polymer Electrolyte Enables Continuous Lithium-Ion Transport and Anion-Rich Solvation Structure for 670 Wh kg–1 Lithium Batteries”为题，发表在JACS上。图1 （a）设计的凝胶聚合物电解质（左）、传统复合聚合物电解质（中）与本工作开发的复合聚合物电解质（右）的对比；（b）LAN对溶剂化结构和锂离子传输影响的示意图。研究首先对LAN膜的结构与性能进行了系统表征。X射线衍射证实所制备的LANs与标准磷灰石相吻合，锂核磁共振和X射线光电子能谱分别验证了锂和氟的成功掺杂。高角环形暗场扫描透射电镜及元素分布图谱显示，LANs呈线状微观结构，钙、氟、氧、磷元素在纳米纤维中均匀分布；高分辨透射电镜及其强度分布曲线则展现出清晰规整的周期性晶格条纹，表明其具有高度有序的原子排列和优异的结晶性。这些结果为LANs作为高效离子传导无机相提供了结构基础。随后，团队将纳米纤维通过真空抽滤并引入聚偏氟乙烯（PVDF）粘结剂，组装成直径约8 cm、厚度约30 μm的自支撑膜。该膜呈现相互连通的3D纤维网络（图2a），这种形貌的关键意义在于它保持了贯穿式锂导电骨架，而非将无机相以孤立颗粒分散。拉伸强度测试表明其力学性能足以支撑后续电解质集成，热重分析显示膜在200 °C以下保持稳定。将氟化聚醚电解质前驱体浸渍入多孔LAN膜并于60 °C热聚合后，即得到目标LAFE。单体转化率经¹H NMR验证为完全转化，微计算机断层扫描显示LANs在聚合后仍均匀分布，证实了连续的3D锂离子传输网络的形成。在锂离子传输机制研究中，密度泛函理论计算表明LANs的Li⁺结合能（–5.72 eV）显著强于氟化聚醚链段（–1.12 eV）及各类阴离子，说明LANs能为锂离子迁移提供能量上更有利的位点。分子动力学模拟直观对比了锂离子在纯pBEPFB体系与LAN/pBEPFB界面的运动轨迹，发现沿界面迁移的距离更远，有效迁移速率从5.68 Å ps⁻¹提升至10.92 Å ps⁻¹（图2c–e）。电化学阻抗谱测量进一步证实，在室温下LAFE的离子电导率达0.54 mS cm⁻¹，为对照CFE的三倍；根据阿伦尼乌斯拟合，LAFE的活化能（13.87 kJ mol⁻¹）低于CFE（16.04 kJ mol⁻¹），且锂离子迁移数达0.61（图2f–g）。上述结果清晰揭示了连续LAN骨架在加速锂离子传输方面的核心作用。图2 （a）PVDF增强LAN膜的表面扫描电镜图像。（b）锂结合能理论计算结果汇总。（c）锂离子在LANs与pBEPFB界面处迁移的结构快照。（d）锂离子在pBEPFB链段之间迁移的结构快照。（e）LAFE和FE的均方位移随时间变化曲线。（f）LAFE和商用聚乙烯隔膜增强FE（记为CFE）的离子电导率温度依赖性，数据采用阿伦尼乌斯输运模型拟合以计算活化能。（g）25 °C下Li||LAFE||Li对称电池的计时安培曲线。插图为计时安培测试前后Li||Li对称电池的电化学阻抗谱图。关于溶剂化结构重构与界面化学，拉曼光谱显示，LAFE中归属于PO₄³⁻的振动峰相对于纯LANs发生红移，证实了Li⁺与无机纳米纤维间的配位作用。TFSI⁻的S–N–S振动峰分析表明，相对于对照FE，LAFE中自由TFSI⁻峰强度降低而配位TFSI⁻峰强度增强（图3a–b），直观验证了阴离子在锂离子第一配位壳层中参与度的提升。分子动力学径向分布函数与配位数计算结果进一步量化了这一趋势——LAFE中TFSI⁻、BF₄⁻和DFOB⁻的配位数分别达5.17、2.32和4.32，均显著高于FE体系。这种阴离子富集溶剂化环境不仅将电化学窗口拓宽至5.7 V，更促进了阴离子衍生的无机富集SEI生成。Li||Li对称电池在0.6 mA cm⁻²和0.6 mAh cm⁻²条件下稳定循环超700 h，临界电流密度达2.50 mA cm⁻²；Li||Cu电池中LAFE使库伦效率达96.9%并稳定循环100圈。扫描电镜观察到LAFE促进致密平整的锂沉积，而CFE则导致明显枝晶生长。XPS深度剖析表明，LAFE形成的SEI富含LiF、Li₃N和B–O物种，而碳基有机组分被显著抑制（图3f–g），这与阴离子富集溶剂化结构的预期完全一致。图3 （a）LAFE与LAN膜的拉曼光谱。（b）LAFE与FE的拉曼光谱。（c）使用LAFE和CFE的Li||Cu不对称电池在0.6 mA cm⁻²电流密度和0.6 mAh cm⁻²面容量下的锂沉积/剥离库伦效率。（d）使用LAFE的Li||Cu不对称电池中，沉积至5 mAh cm⁻²面容量后铜集流体上锂沉积层的扫描电镜图像。（e）使用CFE的Li||Cu不对称电池中，沉积至5 mAh cm⁻²面容量后铜集流体上锂沉积层的扫描电镜图像。（f）LAFE中不同溅射时间下SEI的相对组成，由XPS分析获得。（g）CFE中不同溅射时间下SEI的相对组成，由XPS分析获得。在高电压高倍率循环性能方面，LAFE在Li||NCM811电池中展现出卓越表现。4.5 V截止电压下，电池在0.1至15 C宽倍率范围内均保持高比容量；在2 C和4.5 V条件下稳定循环1200次，容量保持率73.1%（衰减率仅0.022%/圈），远超CFE对照。当倍率提升至5 C时，LAFE电池仍以166.4 mAh g⁻¹的比容量实现1000次循环保持72.4%容量（图4a–b）。在更为苛刻的4.7 V截止电压下，5 C倍率时LAFE电池仍能提供179.4 mAh g⁻¹的比容量，循环1000次后保持56.9%，而CFE电池仅剩29.3%（图4c）。与文献报道对比，此前电解质体系在4.7 V高压下通常仅支持低于1 C的倍率，而LAFE首次实现了4.7 V与5 C的长期稳定循环（图4d）。低温性能方面，LAFE在–20 °C仍保持0.11 mS cm⁻¹电导率，–14 °C下300次循环后容量保持率达98.4%。此外，LAFE与LCO及LRMO正极的适配性也得到了验证：4.6 V下Li||LCO电池循环200次保持81.7%容量，4.8 V下Li||LRMO电池循环100次保持81.0%容量（图4e–f）。透射电镜观察表明，LAFE有效抑制了正极材料表面岩盐相和尖晶石相的有害相变（图5a–d），XPS及飞行时间二次离子质谱深度分析进一步证实了LAFE形成的CEI层富含LiF等无机物，而有机组分被有效抑制（图5e–h）。图4 （a）4.5 V充电截止电压下，使用LAFE和CFE的Li||NCM811电池在5 C倍率下的循环性能。（b）4.5 V充电截止电压下，本工作与近期报道电解质在倍率和循环圈数方面的室温循环性能对比。（c）4.7 V充电截止电压下，使用LAFE和CFE的Li||NCM811电池在5 C倍率下的循环性能。（d）4.7 V充电截止电压下，本工作与近期报道电解质在倍率和循环圈数方面的室温循环性能对比。（e）使用LAFE和CFE的Li||LCO电池在1 C倍率、4.6 V充电截止电压下的循环性能。（f）使用LAFE和CFE的Li||LRMO电池在0.5 C倍率、4.8 V充电截止电压下的循环性能。图5 （a）使用LAFE的Li||NCM811电池在4.5 V截止电压、5 C倍率下循环50次后NCM811正极的透射电镜图像。（b）使用CFE的Li||NCM811电池在4.5 V截止电压、5 C倍率下循环50次后NCM811正极的透射电镜图像。（c）LAFE基电池对应的衍射花样。（d）CFE基电池对应的衍射花样。（e）LAFE中不同溅射时间下CEI的相对组成，由XPS分析获得。（f）CFE中不同溅射时间下CEI的相对组成，由XPS分析获得。（g）使用LAFE的电池中CEI的Li₃F₄和C₂H₃O⁻碎片的TOF-SIMS三维空间分布。（h）使用CFE的电池中CEI的Li₃F₄和C₂H₃O⁻碎片的TOF-SIMS三维空间分布。在实际全电池与实用化软包电池验证中，高负载NCM811正极（21.0 mg cm⁻²）配合50 μm薄锂箔的扣式全电池，在4.5 V截止电压和低N/P比（2.62）下，初始容量为205.1 mAh g⁻¹（0.1 C充电/0.2 C放电），100次循环后保持83.9%容量；当截止电压升至4.7 V时，初始放电容量达212.6 mAh g⁻¹，200次循环后仍保持81.3%容量（图6a）。单层软包电池在4.7 V下以225.5 mAh g⁻¹的初始比容量稳定运行超40圈。面向实际应用，研究团队将LANs冻干后重新分散于电解质前驱体中，成功制备了适用于大容量软包电池的LAFE材料。4.5 V下5.72 Ah软包电池能量密度达436.7 Wh kg⁻¹，70次循环保持80.0%容量；进一步将电解液/容量比降至1.5 g Ah⁻¹后，5 Ah NCM811软包电池在4.7 V下实现540 Wh kg⁻¹的能量密度（图6b–c）。与更高电压正极配对时，10 Ah LRMO软包电池在4.8 V下达到632.2 Wh kg⁻¹（图6d），而7 Ah LCO软包电池在4.8 V和1.0 g Ah⁻¹的极贫电解液条件下，更是实现了创纪录的677 Wh kg⁻¹超高能量密度（图6e–f）。值得注意的是，在大容量软包电池的长期循环中，正极材料的结构退化是容量衰减的主要因素——XRD显示LRMO和LCO分别发生晶格膨胀与c轴收缩，而NCM811体相结构相对稳定，但与岩盐相形成相关的局部退化已开始出现。在安全性能评估中，单层LAFE软包电池即使在经历弯折、切割和穿刺等严重机械滥用后，仍能持续为LED灯板供电（图6g–i）；5 Ah大容量软包电池在针刺测试中未发生电解液泄漏或燃烧（图6j），充分验证了固态复合骨架赋予的优异滥用耐受性和结构完整性。图6 （a）使用LAFE的Li||NCM811全电池在4.7 V截止电压、0.2 C放电倍率下的循环性能。（b）4.5 V截止电压下LAFE基7.5 Ah Li||LCO软包电池的循环性能与能量密度。（c）4.7 V截止电压、1.5 g Ah⁻¹电解液/容量比下LAFE基5 Ah Li||NCM811软包电池的循环性能与能量密度。（d）4.8 V截止电压、1.5 g Ah⁻¹电解液/容量比下LAFE基10 Ah Li||LRMO软包电池的循环性能与能量密度。（e）4.7 V和4.8 V截止电压下LAFE基Li||LCO软包电池的能量密度与循环圈数。（f）本工作与近期报道的聚合物基固态锂金属软包电池在能量密度与循环圈数方面的对比。（g–i）单层LAFE软包电池在弯折、切割和穿刺等滥用测试下持续为LED灯板供电的照片。（j）5 Ah Li||NCM811软包电池的针刺测试照片。总结与展望综上所述，本研究开发的LAFE电解质通过将自支撑的3D锂/氟共掺杂羟基磷灰石纳米纤维骨架与主链氟化聚醚基质进行一体化集成，同时解决了高电压固态锂金属电池在离子传导、界面稳定性和安全可靠性方面的核心难题。该设计不仅建立了连续的锂离子传导通路和丰富的界面迁移位点，更通过锂亲和性差异诱导了阴离子富集的溶剂化结构，从而拓宽了电化学窗口并构筑了无机富集的双电极界面层。由此实现的创纪录级软包电池能量密度与针刺安全性，为高比能、高安全固态锂金属电池的发展确立了新的里程碑，并为今后高性能复合电解质的设计提供了可推广的锂活性无机/聚合物一体化原则。阅读原文固态锂金属电池被视为实现高安全、高能量密度和长循环寿命的下一代储能技术的核心方向，但其实际应用长期受制于三大瓶,,,,pending
科罗拉多州立大学陈优贤团队AM：新型三官能动态交联剂，助力混合聚合物高效机械回收,高分子科学前沿,高分子科学前沿,"RIOnews API, 聚合物新材料, 凝胶, 热固",normal,2026-08-25T07:54:23+08:00,,塑料垃圾在填埋场不断堆积，闭环回收技术的缺失加剧了塑料废弃物处置难题，塑料废弃物经环境风化与光降解，会释放有毒化学物质与微塑料，进一步污染生态环境。机械回收是塑料废弃物资源化利用的主要手段，但混合塑料废弃物的处理是该工艺面临的突出难题，极性聚合物与非极性聚烯烃类聚合物本身互不相溶，即便同为聚烯烃材料，不同种类聚乙烯、聚丙烯之间也难以相容，加工过程容易发生宏观相分离，受分子焓熵效应影响，混合塑料机械回收产物往往存在相区孔洞，材料脆性大，只能降级再利用。现有增容手段存在明显局限，嵌段共聚物增容剂需要针对特定聚合物配对定制，难以适配成分复杂的消费后废塑料；已报道的通用动态交联剂又存在活化峰值温度偏低,http://mp.weixin.qq.com/s?__biz=MzA5NjM5NzA5OA==&mid=2652071706&idx=5&sn=04f5ec19888da1a0d848818f9621ef3b,,塑料垃圾在填埋场不断堆积，闭环回收技术的缺失加剧了塑料废弃物处置难题，塑料废弃物经环境风化与光降解，会释放有毒化学物质与微塑料，进一步污染生态环境。机械回收是塑料废弃物资源化利用的主要手段，但混合塑料废弃物的处理是该工艺面临的突出难题，极性聚合物与非极性聚烯烃类聚合物本身互不相溶，即便同为聚烯烃材料，不同种类聚乙烯、聚丙烯之间也难以相容，加工过程容易发生宏观相分离，受分子焓熵效应影响，混合塑料机械回收产物往往存在相区孔洞，材料脆性大，只能降级再利用。现有增容手段存在明显局限，嵌段共聚物增容剂需要针对特定聚合物配对定制，难以适配成分复杂的消费后废塑料；已报道的通用动态交联剂又存在活化峰值温度偏低,塑料垃圾在填埋场不断堆积，闭环回收技术的缺失加剧了塑料废弃物处置难题，塑料废弃物经环境风化与光降解，会释放有毒化学物质与微塑料，进一步污染生态环境。机械回收是塑料废弃物资源化利用的主要手段，但混合塑料废弃物的处理是该工艺面临的突出难题，极性聚合物与非极性聚烯烃类聚合物本身互不相溶，即便同为聚烯烃材料，不同种类聚乙烯、聚丙烯之间也难以相容，加工过程容易发生宏观相分离，受分子焓熵效应影响，混合塑料机械回收产物往往存在相区孔洞，材料脆性大，只能降级再利用。现有增容手段存在明显局限，嵌段共聚物增容剂需要针对特定聚合物配对定制，难以适配成分复杂的消费后废塑料；已报道的通用动态交联剂又存在活化峰值温度偏低的短板，无法适配 PET、尼龙 6 等高熔点塑料的工业挤出加工条件。科罗拉多州立大学陈优贤团队开发出一种三官能动态交联剂，解决了混合极性 / 非极性聚合物机械回收降级利用的痛点。现有动态交联剂大多需要外加催化剂，同时活化峰值温度不足，难以适配高熔点聚合物的熔融挤出工艺。该新型交联剂集成三大核心特性：吡啶并三唑核心提供 245℃的高活化温度，可适配最高 270℃的反应挤出工艺；动态硅氧烷键提供稳固且可交换的化学键；吡啶 / 酯基团充当内部催化位点，无需额外添加催化剂。这种自催化、高活化温度的动态交联剂可以对含有高熔点聚合物的废塑料混合物实现增容改性，回收得到的动态交联热固性材料具备优异的抗蠕变性能与热机械稳定性，同时保留熔融再加工能力。相关论文以“Enhanced Mechanical Recycling of Polymer Mixtures by a Trifunctional Dynamic Crosslinker”为题，发表在Advanced Materials上。研究团队设计的新一代通用动态交联剂 PT‑DC，核心设计思路如图 1 所示，对比第一代、第二代动态交联体系，第三代吡啶并三唑卡宾前驱体拥有更高的峰值活化温度，突破了旧体系加工温度的限制，该示意图阐释通用动态交联剂对不相容聚合物共混物的增容机理。图 2 完整展示 PT‑DC 交联剂合成路线、热致异构化反应机理以及硅氧烷键动态交换的小分子模型实验结果，PT‑DC 由商用原料经四步化学反应制备得到，高温条件下吡啶并三唑发生异构化转变为吡啶‑重氮中间体，随后热分解释放高活性卡宾，完成聚合物 C‑H 键插入实现交联；小分子模型化合物 Si‑Dec 与 Si‑Hept 在吡啶存在、200℃加热条件下，可以检测到硅氧烷交换产生的交叉产物，而不加吡啶的对照组没有交换产物生成，借助大气压气相色谱得到不同物质对应的洗脱峰与质荷比，直观证实吡啶‑酯协同的内部催化机制能够驱动硅氧烷键发生动态交换，为交联网络的动态重构提供实验依据。图 1 通用动态交联剂的设计特点，卡宾前驱体（交联位点）与动态连接单元（熔融加工位点）的技术迭代。(A) 通用动态交联剂增容作用原理示意图。(B) 高活化温度吡啶并三唑卡宾前驱体（第三代）与先前报道的第一代、第二代通用动态交联剂体系的对比。图 2 PT‑DC 的合成路径与硅氧烷交换实验证据。(A) PT‑DC 合成路线概述。(B) 吡啶并三唑受热诱导异构化为吡啶‑重氮加成物，随后发生热降解，生成可发生 C‑H 键插入反应的活性卡宾。(C) Si‑Hept（14.8 分钟，质荷比 474）、硅氧烷交换产物（16.2 分钟，质荷比 516）、Si‑Dec（17.9 分钟，质荷比 558）的大气压气相色谱洗脱峰及其对应的质荷比。研究人员首先选用低密度聚乙烯与高密度聚乙烯开展反应挤出动态交联验证，图 3 完整呈现聚乙烯基体动态交联的系列表征结果，挤出过程中添加 PT‑DC 的样品出现明显压力上升，对应重氮结构开环释放氮气、原位发生交联反应，流变测试显示交联后的聚乙烯在高温剪切条件下既表现出优异的弹性响应，又具备剪切变稀特性，应力松弛实验得到硅氧烷交换的活化能，凝胶分数测试证实交联反应有效发生，高温下的蠕变‑恢复实验直观证明交联网络带来巨大的抗蠕变提升，交联 HDPE 的抗蠕变性能提升 2400 倍，温度扫描测试也观测到橡胶平台，证明交联网络成功构建，同时动态键交换保障材料依旧可以熔融挤出再加工，不过多次再加工会造成断裂伸长率出现小幅下降。图 3 高密度聚乙烯与低密度聚乙烯动态交联的实验证据。(A) 200 转每分钟、250℃条件下，添加 PT‑DC（黑色）与不添加交联剂（红色）的高密度聚乙烯挤出曲线。(B) 180℃条件下，5 wt% PT‑DC 处理的高密度聚乙烯频率扫描测试。(C) 180℃条件下，5 wt% PT‑DC 处理的低密度聚乙烯频率扫描测试。(D) 低密度聚乙烯对照组（红色）与交联改性样品（黑色）的温度扫描测试。(E) 210‑250℃区间内高密度聚乙烯的应力松弛测试。(F) 180℃下高密度聚乙烯的蠕变‑恢复测试。在单一组分聚烯烃验证基础上，团队开展极性‑非极性二元塑料共混物的增容再加工研究，选用消费后来源的 HDPE‑iPP、LDPE‑PET、HDPE‑PET、HDPE‑尼龙 6 共混体系，在 250‑270℃条件下完成反应挤出，图 4 展示 PET‑聚烯烃二元共混物的交联增容效果，流变测试证实增容后的 HDPE‑PET 共混物在远高于熔点的 270℃下仍保持类热固性弹性行为，同时保留剪切变稀能力；蠕变恢复实验对比发现未增容对照组发生巨大不可逆形变，而经过 PT‑DC 处理的共混物抗变形能力显著提升；温度扫描曲线可以看到交联共混物越过第一相熔点之后依然维持热机械稳定性，直到第二相熔点才发生模量下降，最终保留橡胶平台，证明两相之间形成交联 “缝合” 结构；扫描电镜图像直观揭示微观形貌变化，未处理对照组内部 PET 以球状液滴分散，两相界面存在大量空隙，材料脆性高，加入交联剂之后液滴形貌被显著抑制，界面粘附大幅改善；拉伸测试显示 LDPE‑PET 共混物断裂伸长提升 8‑9 倍，经过三轮再加工之后依旧可以维持 7‑8 倍的性能提升，HDPE‑尼龙 6 共混同样实现 7‑8 倍断裂伸长提升，实现高熔点极性聚合物与聚烯烃的动态交联增容。图 4 高熔点 PET / 聚烯烃二元共混物动态交联的实验证据。(A) 270℃条件下交联 HDPE‑PET (80:20) 共混物（实心圆点）与未交联 HDPE‑PET (80:20) 共混物（空心圆点）的频率扫描测试。(B) 交联 HDPE‑PET 共混物（黑色）与未交联 HDPE‑PET 共混物（红色）的蠕变‑恢复测试。(C) 动态交联 LDPE‑PET (80:20) 共混物（黑色）与未交联 LDPE‑PET (80:20) 共混物（红色）的温度扫描测试。(D) 交联 LDPE‑PET 样品（黑色）、经过三次再加工的同一样品（绿色）与 LDPE‑PET 对照组（红色）的拉伸测试曲线。(E) LDPE‑PET 共混对照组扫描电镜图像。(F) 5 wt% 吡啶并三唑动态交联剂增容后的 LDPE‑PET 共混物扫描电镜图像。为贴近真实废塑料复杂组分特征，研究团队构建三元聚烯烃混合体系以及包含 PET 的四元模拟消费后废塑料体系，图 5 展示复杂混合塑料的增容表征结果，经过 TBAF 硅氧烷断裂处理后交联共混物可以完全溶解，证实体系依靠硅氧烷动态共价键构建网络。蠕变恢复测试表明交联改性后的复杂共混物抗蠕变能力大幅提升，对照组发生近乎完全不可逆形变；频率扫描结果显示交联样品储能模量高于损耗模量，呈现热固性特征，对照组则表现为粘性流体行为；温度扫描测试在高于 iPP、PET 熔点的条件下依旧观测到橡胶平台，证明交联网络赋予材料高温尺寸稳定性；扫描电镜图像显示，三元聚烯烃共混物经过 PT‑DC 处理之后截面形貌变得高度均一，拉伸断裂伸长相比对照组提升 40 倍；四元 PET 混杂共混物中原有的大尺寸相畴、孔洞缺陷被消除，形成连续相结构，多次再加工后相结构进一步稳定，不过由于多组分之间刚度差异大、交联密度高，四元共混物拉伸性能提升幅度有限，该团队后续将针对聚烯烃中少量极性杂质污染的真实工况开展进一步研究。图 5 模拟复杂消费后塑料废弃物动态交联的实验证据。(A) 270℃条件下交联四元共混物（实心圆点）与未交联四元共混物（空心圆点）的频率扫描测试。(B) 交联三元 (LDPE/HDPE/iPP) 共混物（黑色）与对照组共混物（红色）的温度扫描测试。(C) 三元共混对照组 (LDPE/HDPE/iPP) 扫描电镜图像。(D) 5 wt% PT‑DC 处理后的三元 (LDPE/HDPE/iPP) 共混物扫描电镜图像。(E) 四元共混对照组代表性扫描电镜图像。(F) 5 wt% PT‑DC 增容处理后的四元共混物代表性扫描电镜图像。该研究开发的 PT‑DC 三官能通用动态交联剂拥有 245℃以上的高活化温度，依靠分子内置的吡啶‑酯内部催化位点，无需外加催化剂，将卡宾介导 C‑H 插入动态交联技术拓展到 PET、尼龙 6 等高熔点聚合物，通过反应挤出实现聚烯烃与高熔点极性聚合物混合废塑料的有效增容，交联共混材料兼具优异抗蠕变性能、热机械稳定性与熔融再加工能力，在二元乃至四元复杂塑料混合体系中都可以改善相界面相容性，克服了动态交联剂用于混合塑料机械回收的关键技术障碍，为工业场景下混合消费后塑料的升级回收提供了可行的技术路径。阅读原文塑料垃圾在填埋场不断堆积，闭环回收技术的缺失加剧了塑料废弃物处置难题，塑料废弃物经环境风化与光降解，会释放有毒,,,,pending
金属/复材界面，怎样“粘得牢又裂得慢”？,DT新材料,DT新材料,"RIOnews API, 新材料, 复合材料, 学术研究, 大学, 教授",normal,2026-08-25T07:00:00+08:00,,报告嘉宾 | 潘蕾，南京航空航天大学教授\x0a报告题目 | 《金属/复合材料界面胶接技术和界面强韧化技术进展》\x0a\x0a\x26lt;a class=\x26quot;wx_topic_link\x26quot; topic-id=\x26quot;mt6z8oab-q9d0r3\x26quot; style=\x26quot;color: #576B95 !important;\x26quot; data-topic=\x26quot;1\x26quot;\x26gt;#2026第五届复合材料界面论坛暨第五届绿色复合材料论坛\x26lt;/a\x26gt; \x0a⏰ 9月16-18,http://mp.weixin.qq.com/s?__biz=MzI4MzI5MTY3Ng==&mid=2247640156&idx=1&sn=cd05143acf0dbede68277ab09decc5a2,,报告嘉宾 | 潘蕾，南京航空航天大学教授\x0a报告题目 | 《金属/复合材料界面胶接技术和界面强韧化技术进展》\x0a\x0a\x26lt;a class=\x26quot;wx_topic_link\x26quot; topic-id=\x26quot;mt6z8oab-q9d0r3\x26quot; style=\x26quot;color: #576B95 !important;\x26quot; data-topic=\x26quot;1\x26quot;\x26gt;#2026第五届复合材料界面论坛暨第五届绿色复合材料论坛\x26lt;/a\x26gt; \x0a⏰ 9月16-18,报告嘉宾 | 潘蕾，南京航空航天大学教授\x0a报告题目 | 《金属/复合材料界面胶接技术和界面强韧化技术进展》\x0a\x0a\x26lt;a class=\x26quot;wx_topic_link\x26quot; topic-id=\x26quot;mt6z8oab-q9d0r3\x26quot; style=\x26quot;color: #576B95 !important;\x26quot; data-topic=\x26quot;1\x26quot;\x26gt;#2026第五届复合材料界面论坛暨第五届绿色复合材料论坛\x26lt;/a\x26gt; \x0a⏰ 9月16-18日，安徽合肥，北尚世纪金源大饭店\x0a\x0a=====\x0a\x0a金属/复合材料界面设计不仅要解决“粘得牢”的问题，还要让界面能够分散应力、阻碍裂纹并消耗断裂能量，实现“裂得慢”。 \x0a\x0a\x26lt;a class=\x26quot;wx_topic_link\x26quot; topic-id=\x26quot;mt6z8oac-31mpyz\x26quot; style=\x26quot;color: #576B95 !important;\x26quot; data-topic=\x26quot;1\x26quot;\x26gt;#潘蕾教授\x26lt;/a\x26gt; 长期从事先进结构复合材料、纳米功能复合材料以及材料表/界面结构与功能设计研究，相关成果已在航空航天、风力发电、新能源汽车、低空飞行器和船舶等领域关键构件中得到应用。\x0a\x0a9月16-18日，潘蕾教授将出席于安徽合肥举办的\x26lt;a class=\x26quot;wx_topic_link\x26quot; topic-id=\x26quot;mt6z8oac-ub42xv\x26quot; style=\x26quot;color: #576B95 !important;\x26quot; data-topic=\x26quot;1\x26quot;\x26gt;#2026第五届复合材料界面论坛暨第五届绿色复合材料论坛\x26lt;/a\x26gt;，并带来《金属/复合材料界面胶接技术和界面强韧化技术进展》主题报告。\x0a\x0a报告将围绕金属/复合材料胶接结构、胶粘剂、界面状态及环境条件等关键因素，系统介绍国内外界面强化、界面增韧及强韧协同技术进展，并分享团队在钛合金/PEEK复合材料界面调控方面的研究成果。欢迎行业各界参会交流讨论！\x0a\x0a欢迎复合材料科研与产业界同仁到场交流！\x0a\x0a=====\x0a\x0a更多议程与嘉宾阵容：\x0a\x26lt;a href=\x26quot;https://mp.weixin.qq.com/s?__biz=MzI4MzI5MTY3Ng==\x26amp;amp;mid=2247640125\x26amp;amp;idx=2\x26amp;amp;sn=d2de51f03d19fe62e8d6cbeec7ae3369\x26amp;amp;scene=142#wechat_redirect\x26quot; class=\x26quot;normal_text_link mp_article_text_link\x26quot; target=\x26quot;_blank\x26quot; data-itemshowtype=\x26quot;0\x26quot;\x26gt;首轮议程公布！20+院士专家齐聚，共探复材界面与绿色复材，9月合肥见\x26lt;/a\x26gt;\x0a\x0a同期活动：一次报名，免费参与！\x0a\x0a① 前沿科技及青年科学家论坛（9月16日）\x0a\x26lt;a href=\x26quot;https://mp.weixin.qq.com/s?__biz=MzUxNDgyNTc5Ng==\x26amp;amp;mid=2247668561\x26amp;amp;idx=3\x26amp;amp;sn=b83666a73784359d3288ebbb7780b5f5\x26amp;amp;scene=142#wechat_redirect\x26quot; class=\x26quot;normal_text_link mp_article_text_link\x26quot; target=\x26quot;_blank\x26quot; data-itemshowtype=\x26quot;0\x26quot;\x26gt;青年科学家，请上台！复合材料界面前沿技术论坛报告征集中\x26lt;/a\x26gt;\x0a\x0a② 2026（第十一届）高分子产业年会（9月17-18日）\x0a\x26lt;a href=\x26quot;https://mp.weixin.qq.com/s?__biz=MzI4MzI5MTY3Ng==\x26amp;amp;mid=2247639860\x26amp;amp;idx=1\x26amp;amp;sn=1997039fc5809ccc0d401760df2dff72\x26amp;amp;scene=142#wechat_redirect\x26quot; class=\x26quot;normal_text_link mp_article_text_link\x26quot; target=\x26quot;_blank\x26quot; data-itemshowtype=\x26quot;0\x26quot;\x26gt;第一轮议程公布！2026高分子产业年会（9月17-18 安徽合肥）\x26lt;/a\x26gt;\x0a\x0a③ 2026（第四届）氢储运关键技术发展论坛（9月17-18日）\x0a\x26lt;a href=\x26quot;https://mp.weixin.qq.com/s?__biz=MzU5MzY1MzQ2NA==\x26amp;amp;mid=2247573445\x26amp;amp;idx=1\x26amp;amp;sn=89276317f9d5d68edaaca978fe199cfb\x26amp;amp;scene=142#wechat_redirect\x26quot; class=\x26quot;normal_text_link mp_article_text_link\x26quot; target=\x26quot;_blank\x26quot; data-itemshowtype=\x26quot;0\x26quot;\x26gt;议程发布！2026（第四届）氢储运关键技术发展论坛（9月17-18日，合肥）\x26lt;/a\x26gt;\x0a\x0a\x26lt;a class=\x26quot;wx_topic_link\x26quot; topic-id=\x26quot;mt6z8oad-e5z48r\x26quot; style=\x26quot;color: #576B95 !important;\x26quot; data-topic=\x26quot;1\x26quot;\x26gt;#复合材料界面\x26lt;/a\x26gt; \x26lt;a class=\x26quot;wx_topic_link\x26quot; topic-id=\x26quot;mt6z8oad-mzkrze\x26quot; style=\x26quot;color: #576B95 !important;\x26quot; data-topic=\x26quot;1\x26quot;\x26gt;#绿色复合材料\x26lt;/a\x26gt; \x26lt;a class=\x26quot;wx_topic_link\x26quot; topic-id=\x26quot;mt6z8oad-ajsl6y\x26quot; style=\x26quot;color: #576B95 !important;\x26quot; data-topic=\x26quot;1\x26quot;\x26gt;#金属复合材料胶接\x26lt;/a\x26gt;,,,,pending
总投资3.48亿元！固态电池/钠电/固液项目落地,DT新材料,DT新材料,"RIOnews API, 新材料, 复合材料, 产品发布, 发布, 上市",normal,2026-08-25T00:01:00+08:00,,【DT新材料】获悉，8月20日，广东省豪鹏新能源科技有限公司的“广东豪鹏新型电池及电池模组建设项目”备案复核通过。该项目位于惠州市仲恺区潼湖镇中韩产业园，总投资3.48亿元，占地面积6.2万平方米。项目建设内容涵盖消费类新型电池的研发、生产与销售，包括钠离子电池、固液电池、固态电池的电芯及电池模组产品。项目达产后，预计可实现年产值26.57亿元人民币，年纳税0.57亿元。资料显示，广东省豪鹏新能源科技有限公司为上市公司豪鹏科技的全资子公司，成立于2020年5月，法定代表人潘党育，主营业务涵盖锂离子电池、镍氢电池的研发、设计与制造，同时涉及废旧电池回收及资源循环利用。在近期的现场交流活动中，豪鹏,http://mp.weixin.qq.com/s?__biz=MzI4MzI5MTY3Ng==&mid=2247640266&idx=5&sn=0b773fd979ccc1d5c321f96707baca86,,【DT新材料】获悉，8月20日，广东省豪鹏新能源科技有限公司的“广东豪鹏新型电池及电池模组建设项目”备案复核通过。该项目位于惠州市仲恺区潼湖镇中韩产业园，总投资3.48亿元，占地面积6.2万平方米。项目建设内容涵盖消费类新型电池的研发、生产与销售，包括钠离子电池、固液电池、固态电池的电芯及电池模组产品。项目达产后，预计可实现年产值26.57亿元人民币，年纳税0.57亿元。资料显示，广东省豪鹏新能源科技有限公司为上市公司豪鹏科技的全资子公司，成立于2020年5月，法定代表人潘党育，主营业务涵盖锂离子电池、镍氢电池的研发、设计与制造，同时涉及废旧电池回收及资源循环利用。在近期的现场交流活动中，豪鹏,【DT新材料】获悉，8月20日，广东省豪鹏新能源科技有限公司的“广东豪鹏新型电池及电池模组建设项目”备案复核通过。该项目位于惠州市仲恺区潼湖镇中韩产业园，总投资3.48亿元，占地面积6.2万平方米。项目建设内容涵盖消费类新型电池的研发、生产与销售，包括钠离子电池、固液电池、固态电池的电芯及电池模组产品。项目达产后，预计可实现年产值26.57亿元人民币，年纳税0.57亿元。资料显示，广东省豪鹏新能源科技有限公司为上市公司豪鹏科技的全资子公司，成立于2020年5月，法定代表人潘党育，主营业务涵盖锂离子电池、镍氢电池的研发、设计与制造，同时涉及废旧电池回收及资源循环利用。在近期的现场交流活动中，豪鹏科技透露，根据相关政策，2026年9月1日至2028年12月31日期间，钠离子电池、固态电池等将免征消费税。公司计划抓住政策窗口期，加快固态电池、钠电池等新型电池从研发向量产转换的节奏，同时优化产品结构，提升高附加值品类的占比。目前，公司正持续推进“AI端侧电池+固态”双轮驱动战略，重点布局AIPC、AI眼镜、机器人等高附加值终端电池产品。此类产品具备较强溢价能力，对消费税的消化能力也更为突出。在储能业务方面，豪鹏科技表示，该板块作为公司第二增长曲线，下游需求旺盛，当前在手订单充足，产线处于满产状态。从订单能见度来看，公司聚焦户用储能、阳台储能、工商业储能等高景气细分场景，海外需求尤其是欧洲户用储能市场持续旺盛。同时，国内“十五五”新型储能装机目标（2030年达300GW）的政策驱动，也为未来2-3年订单能见度与持续性提供支撑。不过，公司也指出，未来订单获取情况仍受行业需求、市场竞争、客户拓展及宏观环境等多重因素影响。/扫码加入行业交流群/化工新材料、复合材料、汽车、机器人、无人机、eVTOL、商业航天.....等产业同行❤️↓说明：本文部分素材来自于网络，转载请备注来源，本平台发布仅为了传达一种不同观点，不代表对该观点赞同或支持。如果有任何问题，请联系我们：*********** dtmaterial （微信）FINE2027 未来产业新材料博览会 7月丨上海,,,,pending
东丽，推出±45°编织预浸料，布局美国无人机供应链,DT新材料,DT新材料,"RIOnews API, 新材料, 复合材料, 碳纤维",normal,2026-08-25T00:01:00+08:00,,【DT新材料】8月3日，东丽复合材料美国公司（Toray CMA）宣布，其3960热固性预浸料体系新增±45°偏轴编织织物规格。该产品由Toray CMA与A&P Technology联合开发，采用东丽TORAYCA™ T1100高性能碳纤维作为增强体，并以连续成卷的±45°形式供应，主要面向航空航天和国防领域的复合材料结构制造。传统航空复合材料结构通常需要按照0°、+45°、-45°和90°等方向进行铺层，其中±45°方向材料占据较高比例。在传统0°/90°机织材料体系下，制造商往往需要通过切割、拼接等方式获得所需的偏轴铺层，由此增加材料损耗和加工时间。此次推出的±45°编织预浸料采用A&P,http://mp.weixin.qq.com/s?__biz=MzI4MzI5MTY3Ng==&mid=2247640266&idx=7&sn=2a8f21190ba3e9a9e3bd0c1f26cb21e3,,【DT新材料】8月3日，东丽复合材料美国公司（Toray CMA）宣布，其3960热固性预浸料体系新增±45°偏轴编织织物规格。该产品由Toray CMA与A&P Technology联合开发，采用东丽TORAYCA™ T1100高性能碳纤维作为增强体，并以连续成卷的±45°形式供应，主要面向航空航天和国防领域的复合材料结构制造。传统航空复合材料结构通常需要按照0°、+45°、-45°和90°等方向进行铺层，其中±45°方向材料占据较高比例。在传统0°/90°机织材料体系下，制造商往往需要通过切割、拼接等方式获得所需的偏轴铺层，由此增加材料损耗和加工时间。此次推出的±45°编织预浸料采用A&P,【DT新材料】8月3日，东丽复合材料美国公司（Toray CMA）宣布，其3960热固性预浸料体系新增±45°偏轴编织织物规格。该产品由Toray CMA与A&P Technology联合开发，采用东丽TORAYCA™ T1100高性能碳纤维作为增强体，并以连续成卷的±45°形式供应，主要面向航空航天和国防领域的复合材料结构制造。传统航空复合材料结构通常需要按照0°、+45°、-45°和90°等方向进行铺层，其中±45°方向材料占据较高比例。在传统0°/90°机织材料体系下，制造商往往需要通过切割、拼接等方式获得所需的偏轴铺层，由此增加材料损耗和加工时间。此次推出的±45°编织预浸料采用A&P Technology的连续编织技术，形成2×2斜纹结构的TX-45®织物，可以连续卷材形式进行供应。使用过程中，可将其与传统0°/90°预浸料组合使用，从而减少偏轴材料的切割和拼接环节。根据美国国家航空研究院（NIAR）的翼梁构件对比研究，采用TX-45®编织预浸料的方案，相较传统0°/90°预浸料铺层方案可减少30%的材料废料，并缩短40%的铺层时间，同时保持结构力学性能。该材料主要适用于机翼、翼梁、桁条等具有较高长径比的主承力和次承力结构。从产品应用角度看，此次升级并非改变航空复材基本材料体系，而是针对现有铺层制造环节进行优化。对于航空复材制造商而言，材料利用率和铺层效率直接影响零部件生产成本及制造周期。随着航空制造向更高产量和更短交付周期发展，能够减少切割、拼接等工序的预浸料产品，可能进一步扩大在规模化制造中的应用。在航空复材产品升级之外，东丽近期还将业务进一步延伸至美国国防领域。8月11日，东丽先进复合材料公司宣布与IGCS International及Lacks Carbon Fiber展开合作，共同支持美国陆军“无人机主导计划”（Drone Dominance Program），重点服务美国本土小型无人机及无人航空系统的制造需求。按照合作安排，东丽先进复合材料将提供高性能碳纤维及玻璃纤维增强预浸料，Lacks Carbon Fiber负责复合材料层压及精密制造，IGCS则承担供应链对接及国防采购体系相关工作。三方由此形成从增强材料、复合材料制造到供应链交付的合作模式。此次合作主要针对美国无人机产业对快速制造和本土供应能力的需求。与传统大型航空装备相比，小型无人机产品更新速度更快、型号变化更加频繁，对零部件制造周期和供应链响应速度提出了不同要求。通过材料企业、复材制造企业和国防供应链企业之间的协作，相关零部件可以按照具体需求进行生产和供应。从东丽的业务布局来看，这两项合作分别对应航空复材制造效率提升和美国国防供应链本土化两个方向。前者聚焦材料形态和铺层工艺优化，后者则进一步向终端制造和国防采购体系延伸。近年来，航空航天和国防市场成为全球高性能复合材料需求的重要应用领域。一方面，航空器对减重、结构性能和制造效率的要求持续提高；另一方面，美国等市场正在推动国防供应链本土化，并提高无人系统等装备的生产和部署效率。对于复合材料企业而言，竞争重点也逐渐从单一材料性能向材料、工艺、制造和供应链协同能力延伸。不过，从目前公布的信息看，东丽此次两项合作仍主要体现为新产品推出和供应链合作，并不意味着相关产品已经形成大规模订单或全面进入量产阶段。后续实际应用规模仍取决于航空航天及国防客户的认证、产品验证以及具体项目进展。此次连续动作显示，东丽正在通过产品工艺创新和本土供应链合作，进一步扩大高性能复合材料在航空制造及国防领域的应用范围。对于整个先进复合材料行业而言，如何在保持材料性能的同时降低制造成本、缩短生产周期，并提高供应链响应能力，仍将是高端航空复材规模化应用的重要竞争方向。/扫码加入行业交流群/化工新材料、复合材料、汽车、机器人、无人机、eVTOL、商业航天.....等产业同行❤️↓说明：本文部分素材来自于网络，转载请备注来源，本平台发布仅为了传达一种不同观点，不代表对该观点赞同或支持。如果有任何问题，请联系我们：*********** dtmaterial （微信）,,,,pending
突破美国专利封锁！国产新能源电池用气凝胶新品发布,DT新材料,DT新材料,"RIOnews API, 新材料, 复合材料, 产品发布, 发布, 新品, 合作进展, 战略合作, 合作",normal,2026-08-25T00:01:00+08:00,,【DT新材料】获悉，8月23日，以“奥行致远 创引未来”为主题的奥创科技安徽基地投产仪式暨新能源电池系统安全研讨会在安徽省黄山市祁门县举行。奥创科技安徽基地位于祁门经济技术开发区低碳科创园，占地约7000平方米，建有四条全自动生产线，承担新能源电池热失控防护产品的制造与交付。基地投产后，公司整体年产能将突破500万平方米。新品发布环节，公司推出了5款面向不同防护位置和使用条件的新产品。首款C11N-C高隔热纳米隔片主要用于高温隔热，填补800℃以上高温应用空白并突破美国气凝胶专利封锁。P13M相变材料（热均衡）为电池长寿命保驾护航。P03相变材料（热失控）完成高能量密度和大容量电芯的热阻断。智,http://mp.weixin.qq.com/s?__biz=MzI4MzI5MTY3Ng==&mid=2247640266&idx=6&sn=d29301f963415f2c0df89964e9b8c0ec,,【DT新材料】获悉，8月23日，以“奥行致远 创引未来”为主题的奥创科技安徽基地投产仪式暨新能源电池系统安全研讨会在安徽省黄山市祁门县举行。奥创科技安徽基地位于祁门经济技术开发区低碳科创园，占地约7000平方米，建有四条全自动生产线，承担新能源电池热失控防护产品的制造与交付。基地投产后，公司整体年产能将突破500万平方米。新品发布环节，公司推出了5款面向不同防护位置和使用条件的新产品。首款C11N-C高隔热纳米隔片主要用于高温隔热，填补800℃以上高温应用空白并突破美国气凝胶专利封锁。P13M相变材料（热均衡）为电池长寿命保驾护航。P03相变材料（热失控）完成高能量密度和大容量电芯的热阻断。智,【DT新材料】获悉，8月23日，以“奥行致远 创引未来”为主题的奥创科技安徽基地投产仪式暨新能源电池系统安全研讨会在安徽省黄山市祁门县举行。奥创科技安徽基地位于祁门经济技术开发区低碳科创园，占地约7000平方米，建有四条全自动生产线，承担新能源电池热失控防护产品的制造与交付。基地投产后，公司整体年产能将突破500万平方米。新品发布环节，公司推出了5款面向不同防护位置和使用条件的新产品。首款C11N-C高隔热纳米隔片主要用于高温隔热，填补800℃以上高温应用空白并突破美国气凝胶专利封锁。P13M相变材料（热均衡）为电池长寿命保驾护航。P03相变材料（热失控）完成高能量密度和大容量电芯的热阻断。智能灭火材料F03通过制备成发泡灌封材料和柔性贴片材料等多种形式，消除火灾隐患。活动现场，“奥创科技—深圳理工大学新能源功能复材校企联合实验室”揭牌成立。奥创科技与深圳理工大学双方将围绕新能源热管理防护技术、成果转化和人才培养开展合作。奥创科技还分别与深圳普瑞赛思检测科技股份有限公司、宝德集团、苏州固能能源科技有限公司签署战略合作协议。三项合作涉及热安全材料的测试验证与联合攻关、海外市场及AIDC储能安全应用，以及适配固态电池的系统级热安全防护方案。8月23日，安徽基地将进入产品制造与交付阶段，其后续运行情况及产品验证进展将成为观察奥创科技热安全业务落地的重要信息。/扫码加入行业交流群/化工新材料、复合材料、汽车、机器人、无人机、eVTOL、商业航天.....等产业同行❤️↓说明：本文部分素材来自于网络，转载请备注来源，本平台发布仅为了传达一种不同观点，不代表对该观点赞同或支持。如果有任何问题，请联系我们：*********** dtmaterial （微信）专注 | 精准 | 高效 | 深耕 | 洞见 | 热管理,,,,pending
341亿！金发科技，特种工程塑料大涨46.6%,DT新材料,DT新材料,"RIOnews API, 新材料, 复合材料, 高性能纤维, 产品发布, 发布, 上市, 量产推进, 产能, 扩产",normal,2026-08-25T00:01:00+08:00,,【DT新材料】获悉，8月24日，金发科技发布公告，2026年上半年，公司实现营业收入341.18亿元，同比提升7.85%；归属于上市公司股东的净利润6.85亿元，同比提升17.02%。其中国外营业收入62.95亿元，同比增长24.46%。印度金发、越南金发已成为当地规模最大的改性塑料生产企业，产品销量均实现快速增长，印度金发净利润1.01亿元、越南金发净利润0.73亿元，同比分别实现增长63.75%、420.85%，全球化经营成效持续显现。公司表示，利润增长主要系公司改性塑料、特种工程塑料、生物降解塑料及医疗健康产品均实现量利双增；叠加贸易品毛利率提升所致。报告期内，分板块来看经营情况，（一）,http://mp.weixin.qq.com/s?__biz=MzI4MzI5MTY3Ng==&mid=2247640266&idx=1&sn=85ade404c40c76d934bd1dc881550d5a,,【DT新材料】获悉，8月24日，金发科技发布公告，2026年上半年，公司实现营业收入341.18亿元，同比提升7.85%；归属于上市公司股东的净利润6.85亿元，同比提升17.02%。其中国外营业收入62.95亿元，同比增长24.46%。印度金发、越南金发已成为当地规模最大的改性塑料生产企业，产品销量均实现快速增长，印度金发净利润1.01亿元、越南金发净利润0.73亿元，同比分别实现增长63.75%、420.85%，全球化经营成效持续显现。公司表示，利润增长主要系公司改性塑料、特种工程塑料、生物降解塑料及医疗健康产品均实现量利双增；叠加贸易品毛利率提升所致。报告期内，分板块来看经营情况，（一）,【DT新材料】获悉，8月24日，金发科技发布公告，2026年上半年，公司实现营业收入341.18亿元，同比提升7.85%；归属于上市公司股东的净利润6.85亿元，同比提升17.02%。其中国外营业收入62.95亿元，同比增长24.46%。印度金发、越南金发已成为当地规模最大的改性塑料生产企业，产品销量均实现快速增长，印度金发净利润1.01亿元、越南金发净利润0.73亿元，同比分别实现增长63.75%、420.85%，全球化经营成效持续显现。公司表示，利润增长主要系公司改性塑料、特种工程塑料、生物降解塑料及医疗健康产品均实现量利双增；叠加贸易品毛利率提升所致。报告期内，分板块来看经营情况，（一）改性塑料板块公司改性塑料销量再创新高，实现产成品销量147.44 万吨，同比增长12.65%；营业收入181.67亿元，同比增长10.28%，核心主业增长态势稳健。分领域来看，主要的车用材料全球销量61.67万吨，同比增长10.07%。主要的家电材料全球销量27.80万吨，同比增长9.02%。电子电工材料全球销量23.01万吨，同比增长11.86%。主要新能源材料全球销量5.63万吨，同比增长25.11%。主要的消费电子材料全球销量7.30万吨，同比增长23.31%。（二）绿色石化板块报告期内，公司纵深推进绿色石化与改性塑料板块上下游一体化协同，加速推进合成改性一体化建设。重点开发PP和ABS的定制化专用料产品，实现产品差异化竞争力的提升。分公司来看：宁波金发：主要产品聚丙烯销量37.28万吨（单体报表口径），同比下降11.09%。PP装置中试平台高效运转，攻克行业技术难题，开发并小批量量产抗冲透明聚丙烯产品，产品透明度和抗冲性能达到行业领先水平。PDH装置完成关键设备更新优化及配套技术改造，相关改造装置计划下半年重新开车，投产后预计可提高产能利用率，降低运行成本。辽宁金发：主要产品ABS销量30.82万吨（单体报表口径），同比增长26.52%。ABS装置和MMA装置实现降本增效，同时陆续推出耐候ABS、电镀级 ABS、食品级低应力SAN等产品。（三）新材料板块报告期内，新材料板块各核心产品实现快速增长，产成品销量17.83万吨，同比增长38.75%；毛利润6.01亿元，同比增长58.23%。分产品来看：生物降解塑料：主要产品销量14.45万吨，同比增长40.70%。公司集中突破生物降解塑料的高端应用瓶颈，成功推出高透高性能膜袋专用料、高精度高速3D打印料、食品级纸品淋膜料、生物基无卤无增塑剂玩具料、生物基热熔胶等系列产品；持续完善“生物基单体—生物基聚酯—改性生物材料”产业链，推动年产5万吨生物基丁二酸和年产1万吨生物基BDO的规模化稳产，生物基丁二酸成本优势进一步凸显，产品纯度处于国内第一梯队；基于自研新型生物基单体，公司持续丰富Bio-PBAT、Bio-PBST、Bio-PBS及改性合金材料产品矩阵，加大产品开发与市场应用拓展力度。特种工程塑料：主要产品销量2.17万吨，同比增长46.62%。新能源领域，公司研发了超高强度无卤阻燃PPA，兼具耐冷却液腐蚀、优良电磁屏蔽性和激光焊接性等突出性能，可在新能源汽车电控系统替代金属以实现大幅度减重，获多家头部客户认可。报告期该产品实现销量约2600吨，同比增长 44%。AI 算力领域，公司研发出新一代介电性能调控和导电等功能性LCP，助力计算、存储和传输连接器实现更高密度设计、更大存储容量、更大传输带宽和更高传输速率；研发出高性能聚醚酰亚胺（PEI），供应给光通讯模块、AI 服务器耐热部件和超高转速风扇的行业头部客户；研发出耐热水解、耐蠕变的无卤聚芳醚砜，实现UQD液冷快接头材料升级。报告期相关材料实现销量约6750吨，同比增长50%。具身智能领域，公司研发了兼具超高耐磨、高强度、高尺寸稳定的生物基PPA，高度适配灵巧手执行器使用的极端工况，推动人形机器人核心功能迭代升级。此外，研发了耐溶剂微晶透明聚酰胺，兼具高透光、低雾度和出色的成型性，已在AR/VR领域实现规模化应用；中空纤维膜级PES产业化技术获得行业头部客户认可，已实现大批量应用；研发出作为PFAS-free 材料替代氟塑料的高耐热聚芳醚砜，兼具低烟、低毒和低密度等核心优势，应用于AI 高速铜缆和光纤光缆等领域，取得良好进展。产能方面，公司0.8万吨特种聚酰胺已于2026年第二季度投产。1.5万吨/年LCP合成树脂项目二期1.0万吨/年装置按计划推进，预计于2027年第二季度投产；1万吨/年PPA聚合扩产项目已立项，计划于2027年第三季度投产。高性能纤维增强复合材料：主要产品实现营业收入2.72亿元，同比增长 28.91%。公司突破超大异型结构件一体化精密成型、高效量产关键技术。持续迭代高性能功能型热塑性连续纤维增强复合材料，优化材料极端环境耐候、耐热、抗疲劳核心性能，解决部件长期服役的稳定性难题。同时成功开发了多项新应用方案并在新能源汽车等新兴行业实现规模化应用，持续巩固高性能纤维增强复合材料领域的技术壁垒与核心市场竞争力。（四）医疗健康板块公司医疗健康产品实现销售收入8.07亿元，同比增长72.44%。报告期内，丁腈手套销量61.81亿只，同比增长51.64%，公司市场占有率持续提升。公司研发的硝化纤维素微孔膜（NC 膜）已实现稳定量产，超临界静电喷射(SEJ)非织造布进入调试阶段，预计下半年量产。熔喷PES，PPS等新产品进入小批量量产。值得一提的是，报告期内，金发科技还新设了五家公司：DT新材料 于 2026年9月17-18日在安徽·合肥举办2026（第11届）高分子产业年会“具身机器人与灵巧手产业创新论坛”，特邀请到 金发科技股份有限公司机器人行业技术总经理 俞飞 针对《机器人行业材料解决方案》 进行主题报告！共话高端材料如何从产线走向云端。欢迎产业链上下游客户咨询，合作！俞飞金发科技股份有限公司机器人行业技术总经理1、2015年7月-2025年11月 金发科技，主要从事汽车聚丙烯功能化材料的开发；2、2025年11月-至今 金发科技，主要从事机器人行业技术统筹相关工作。3、中山大学EMBA在读/扫码加入行业交流群/化工新材料、复合材料、汽车、机器人、无人机、eVTOL、商业航天.....等产业同行❤️↓说明：本文部分素材来自于网络，转载请备注来源，本平台发布仅为了传达一种不同观点，不代表对该观点赞同或支持。如果有任何问题，请联系我们：*********** dtmaterial （微信）FINE2027 未来产业新材料博览会 7月丨上海,,,,pending
碳/碳复材龙头，净利大增1911%,DT新材料,DT新材料,"RIOnews API, 新材料, 复合材料, 产品发布, 发布, 上市",normal,2026-08-25T00:01:00+08:00,,【DT新材料】获悉，8月24日，博云新材发布2026年半年度报告，报告期内，公司实现营业收入7.45亿元，同比增长88.33%；归属于上市公司股东的净利润1.7亿元，同比增长1911.6%；扣非净利润1.62亿元，同比增长19369.88%。公司计划半年度不派发现金红利，不送红股，不以公积金转增股本。博云新材表示，硬质合金业务方面，2026年一季度，受主要原材料碳化钨价格持续上涨影响，公司相应上调产品售价，带动该业务板块收入与毛利率同比显著增长；2026年二季度，随着碳化钨市场价格自年内高位回落，产品盈利空间较一季度有所收窄。航空航天碳/碳复合材料业务方面，依托较高的行业壁垒及稳定的定型配套体,http://mp.weixin.qq.com/s?__biz=MzI4MzI5MTY3Ng==&mid=2247640266&idx=4&sn=d79da5aee9cafd1f19e090f33fd96338,,【DT新材料】获悉，8月24日，博云新材发布2026年半年度报告，报告期内，公司实现营业收入7.45亿元，同比增长88.33%；归属于上市公司股东的净利润1.7亿元，同比增长1911.6%；扣非净利润1.62亿元，同比增长19369.88%。公司计划半年度不派发现金红利，不送红股，不以公积金转增股本。博云新材表示，硬质合金业务方面，2026年一季度，受主要原材料碳化钨价格持续上涨影响，公司相应上调产品售价，带动该业务板块收入与毛利率同比显著增长；2026年二季度，随着碳化钨市场价格自年内高位回落，产品盈利空间较一季度有所收窄。航空航天碳/碳复合材料业务方面，依托较高的行业壁垒及稳定的定型配套体,【DT新材料】获悉，8月24日，博云新材发布2026年半年度报告，报告期内，公司实现营业收入7.45亿元，同比增长88.33%；归属于上市公司股东的净利润1.7亿元，同比增长1911.6%；扣非净利润1.62亿元，同比增长19369.88%。公司计划半年度不派发现金红利，不送红股，不以公积金转增股本。博云新材表示，硬质合金业务方面，2026年一季度，受主要原材料碳化钨价格持续上涨影响，公司相应上调产品售价，带动该业务板块收入与毛利率同比显著增长；2026年二季度，随着碳化钨市场价格自年内高位回落，产品盈利空间较一季度有所收窄。航空航天碳/碳复合材料业务方面，依托较高的行业壁垒及稳定的定型配套体系，该业务持续保持平稳健康发展。综合上述因素，报告期内公司归属于上市公司股东的净利润实现了大幅增长。半年报显示，博云新材主要从事航空机轮刹车系统及刹车材料、航天用碳/碳复合材料、高性能硬质合金和稀有金属粉体材料等产品的研发、生产与销售，产品广泛应用于航空、航天和民用工业等领域。/扫码加入行业交流群/化工新材料、复合材料、汽车、机器人、无人机、eVTOL、商业航天.....等产业同行❤️↓说明：本文部分素材来自于网络，转载请备注来源，本平台发布仅为了传达一种不同观点，不代表对该观点赞同或支持。如果有任何问题，请联系我们：*********** dtmaterial （微信）FINE2027 未来产业新材料博览会 7月丨上海,,,,pending
第一批15位大咖报告剧透！2026高分子产业年会邀您9月17日共聚合肥！,DT新材料,DT新材料,"RIOnews API, 新材料, 复合材料, 碳纤维, 碳纳米管, 学术研究, 大学, 教授, 科学院, 研究所, 期刊",normal,2026-08-25T00:01:00+08:00,,"一次参与，即可畅享三大会议！2026高分子产业年会暨“新塑奖""评选“中国新兴产崛起引领高分子下个十年”9月17-18日 安徽·合肥“十五五”开局新程，高分子产业作为支撑新兴与未来产业发展的关键基石，迎来变革与突围的关键期。2026高分子产业年会暨“DT新塑奖”评选定于9月17-18日在安徽·合肥举办，由DT新材料主办。大会立足行业趋势洞悉、关键材料突破、新兴应用创新、产学研资合作四大主线，设置 “全体大会+材料专场+应用专场” 核心架构，将汇聚全球企业高管与顶尖科学家、跨国名企与政府园区、终端品牌用户（涵盖AI、新能源汽车、低空经济、具身机器人、消费电子等热门赛道）、产业资本等多方力量，围绕“",http://mp.weixin.qq.com/s?__biz=MzI4MzI5MTY3Ng==&mid=2247640266&idx=2&sn=8c384b7a8f467438cc673906d5c77bf1,,"一次参与，即可畅享三大会议！2026高分子产业年会暨“新塑奖""评选“中国新兴产崛起引领高分子下个十年”9月17-18日 安徽·合肥“十五五”开局新程，高分子产业作为支撑新兴与未来产业发展的关键基石，迎来变革与突围的关键期。2026高分子产业年会暨“DT新塑奖”评选定于9月17-18日在安徽·合肥举办，由DT新材料主办。大会立足行业趋势洞悉、关键材料突破、新兴应用创新、产学研资合作四大主线，设置 “全体大会+材料专场+应用专场” 核心架构，将汇聚全球企业高管与顶尖科学家、跨国名企与政府园区、终端品牌用户（涵盖AI、新能源汽车、低空经济、具身机器人、消费电子等热门赛道）、产业资本等多方力量，围绕“","一次参与，即可畅享三大会议！2026高分子产业年会暨“新塑奖""评选“中国新兴产崛起引领高分子下个十年”9月17-18日 安徽·合肥“十五五”开局新程，高分子产业作为支撑新兴与未来产业发展的关键基石，迎来变革与突围的关键期。2026高分子产业年会暨“DT新塑奖”评选定于9月17-18日在安徽·合肥举办，由DT新材料主办。大会立足行业趋势洞悉、关键材料突破、新兴应用创新、产学研资合作四大主线，设置 “全体大会+材料专场+应用专场” 核心架构，将汇聚全球企业高管与顶尖科学家、跨国名企与政府园区、终端品牌用户（涵盖AI、新能源汽车、低空经济、具身机器人、消费电子等热门赛道）、产业资本等多方力量，围绕“工程塑料创新、、AI驱动材料创新、新能源汽车材料、通信与高速互联、具身机器人与灵巧手、低空飞行器与航空航天材料”等热点方向，以探讨产业发展方向和痛点难点、链接产业上下游合作、促进创新成果转化和落地。同期还将举办2026第五届复合材料界面论坛暨绿色复合材料论坛及2026（第四届）氢储运关键技术发展论坛，报名参会即可免费参与。诚邀产业链从业者参会，共探高分子产业新增量！主办单位：宁波德泰中研信息科技有限公司（DT新材料）大会主席：蹇锡高，中国工程院院士，亚太材料科学院院士执行主席：朱 锦，中国科学院宁波材料技术与工程研究所研究员浙江省全省生物基高分子材料重点实验室主任顾问团：刘孝波，俄罗斯自然科学院外籍院士、电子科技大学教授杨 杰，四川大学教授/博士生导师朱 姝，东华大学教授、苏州空天复材科技有限公司董事长潘 凯，北京化工大学教授/博士生导师更多专家邀请中……特别鸣谢：耐驰科学仪器（上海）有限公司重庆合才化工科技有限公司浙江鹏孚隆科技有限公司苏州沃时数字科技有限公司四川中旺科技有限公司上海艾芙斯智能科技有限公司广东宏拓仪器科技有限公司苏州纽迈分析仪器股份有限公司奇钛（上海）化学科技有限公司上海谨塑科技有限公司沧州旭阳化工有限公司丰汇新材料科技（湖州）有限公司无锡华辰机电工业有限公司上海松耐智能设备有限公司持续更新中……支持单位：中国新材料产业创新战略平台工信部赛迪研究院材料工业研究所浙江省全省生物基高分子材料重点实验室北京化工大学新材料校友会中国科学院大学新材料校友联合会国科材智（上海）科技服务有限责任公司持续更新中……合作媒体：DT新材料、生物基能源与材料、高分子循环再利用、DT新能源、DT半导体材料、DT新型储能与电池、热管理材料、Carbontech、化育新材、国科大新材料校友联合会、DT洞见可持续、生物基科技、洞见热管理、DT未来产业、夯邦、材鲸、材视、盖德化工网、橡塑空间智界、先进功能材料......持续更新中……大众媒体：抖音、知乎、小红书、百家号、搜狐号、活动家……第一轮嘉宾剧透（排名不分先后）低空飞行器与航天材料：朱姝东华大学教授、博导，苏州空天复材科技有限公司董事长，中国复合材料学会碳纤维复合材料委员会委员、SAMPE理事及热塑专业委员会委员、先进复合材料技术与装备创新联盟理事等，被授予上海东方英才、江苏省双创人才、中国商飞C929“特聘专家”，长期致力于航空级热塑性复合材料量产制造。团队从原材料、关键设备到成型工艺开展系统研发，产品涵盖连续碳纤维增强PEEK/PPS预浸料及结构件。本届大会担任低空飞行器与航空航天创新论坛专场主席，并出席分享演讲《先进热塑性复合材料量产制造及其在航空航天中的应用》。最新报道：东华大学朱姝教授：航空热塑性复合材料如何实现量产？通信与高速互联技术：杨维生南京第十四研究所（已退休）研究员级高级工程师。1998年起任职于中国电子科技集团公司南京第十四研究所结构工艺部、研发高级工程师。长期从事各类印制电路板的科研、制造工艺及质量保证工作，曾因在“X代机综合电子信息系统结构功能一体化集成制造技术”和“X波段相控阵天线特种互联基板制造技术”中的突出贡献，两次荣获“中国电子科技集团公司科技进步奖”一等奖。现任中国电子材料行业协会覆铜板材料分会技术委员会委员、中国电子电路行业协会科学技术委员会委员及标准委员会委员、深圳市线路板行业协会技术委员会顾问、《印制电路资讯》杂志副主编。本届大会将出席分享《AI 大潮中基板材料的多元化解决方案探究》李冀星中兴通讯股份有限公司无源器件SQE总监，从事PCB供应商质量管理工作11余年，编著《通信产品PCB关键材料通用评估方法》专业书籍，在行业内部期刊发表专业论文10余篇，具备丰富的PCB行业从业经验。本届大会将出席分享《算力需求对PCB的技术要求和挑战》江峰埃万特（Avient）特种工程材料高级市场经理，拥有超过25年制造业与化工行业经验，曾先后服务于日弘、AMP、KODAK、Hi-P、GE、SABIC、PolyOne等知名企业。带领团队在照明、通讯、半导体、电子电器及汽车等领域推动导热、导电、高频介电材料、高分子材料金属化及非金属替换等解决方案，并实现产业化闭环。2026年，埃万特推出PREPERM™低介电损耗热塑性材料，Df低至0.001，专为ADAS、交通雷达、人形机器人等毫米波应用设计。本届大会将出席分享《创新介质材料在车载雷达、无人机和卫星通信上的应用》具身机器人与灵巧手:俞飞金发科技机器人行业技术总经理，中山大学EMBA在读。曾长期从事汽车聚丙烯功能化材料开发，现统筹机器人领域技术工作。2026年8月，金发科技宣布攻克人形机器人关节材料技术瓶颈，自主研发的超耐温PEEK复合材料、改性聚酰胺等已在多家头部机器人企业批量供货。本届大会将出席分享《机器人行业材料解决方案》最新报道：金发科技，机器人行业材料解决方案史海兵浙江鹏孚隆科技股份有限公司应用开发部主任，深圳大学高分子专业硕士，聚焦PEEK及其复合材料研发，拥有6项高分子发明专利。主要项目覆盖连续碳纤维PEEK复合材料，高强度PEEK、耐磨PEEK、ESD-PEEK、EMC-PEEK等领域。本届大会将出席分享《鹏孚隆PEEK在人形机器人领域的应用》郑广通无锡会通轻质材料股份有限公司开发中心总监，高级工程师，深耕超临界发泡领域10余年，长期专注于釜式发泡聚丙烯（EPP）材料研发，聚焦高端包装、新能源、冷链等领域应用，具备丰富的项目落地经验。本届大会将出席分享《机器人轻量化与防护：EPP&ETPU 发泡材料应用探索》王全兵深圳市同益实业股份有限公司技术负责人，高级工程师，深圳国家高技术产业创新中心专家库成员，长期从事特种高分子改性材料和功能性高分子板棒材产品开发。2026年6月，同益股份在互动平台表示，自主研发的高强度、高韧性尼龙加纤板材已实现在机器人外壳产品中应用。本届大会将出席分享《机器人行业高分子材料解决方案》新能源汽车：林新耀吉利汽车研究院（宁波）有限公司先进材料研究员，拥有十多年汽车行业复合材料创新与应用经验，熟悉从材料选型、工艺开发、产品设计到验证量产的全链路开发路径，长期致力于复合材料在汽车领域的落地应用。本届大会将出席分享《连续纤维增强聚苯硫醚电池盒上盖》最新报道：吉利汽车研究院林新耀研究员：连续纤维增强聚苯硫醚电池盒上盖童剑赢创特种化学（上海）有限公司商务经理，VESTAKEEP®聚醚醚酮中国区业务负责人，拥有14年工程塑料行业从业经验，深耕高性能聚合物市场推广与应用。2026年4月，赢创在中国启用VESTAKEEP®PEEK扁平电磁线实验室，覆盖从铜导体预处理到成品收线的完整工艺。本届大会将出席分享《VESTAKEEP®聚醚醚酮在汽车电机扁线绝缘的创新解决方案》工程塑料：郭鸣明江苏科技大学教授、博导，国家特聘专家，俄罗斯自然科学院美籍院士，上合组织经贸平台专业顾问，德国洪堡学者。南京大学学士、硕士，复旦大学博士。曾任美国阿克伦大学高分子科学学院核磁共振中心主任、中石化北京化工研究院首席科学家、西安交通大学特聘教授等。先后主持和参与60多项国际商业化工程和基础项目的研发。长期从事高分子材料、石墨烯及核磁共振研究，聚焦石墨烯纳米复合材料与水溶性非共轭发光聚合物的设计制备与性能优化。发表论文170余篇，获授权发明专利48项，参与著作编辑11部。本届大会将出席分享《先进汽车用石墨烯高分子纳米复合材料》秦怀礼会通新材料股份有限公司首席技术官兼中央研究院院长。曾就职于巴斯夫、杜邦、奥升德等国际化工巨头，长期从事高性能材料的基础研究与应用转化，研究覆盖特种工程材料聚合改性、PEEK聚合、高温尼龙聚合、PI聚合及隔膜涂覆等方向，在多项产品创新与商业化落地中成绩卓著。2026年，会通股份依托自主聚合技术成功推出PPA与PEEK聚合产品，完善“聚合—改性”一体化平台；PA12产业化基地启动小试验证；子公司计划一期建设年产高温尼龙 500 吨、PEEK 200 吨的生产线及相关配套设施。本届大会将出席分享《新兴产业会通创新材料解决方案》王镇浙江新恒泰新材料股份有限公司研发总监，博士，高级工程师，浙江省万人计划青年拔尖人才。主持浙江省重点研发、领雁等多项课题，获授权发明专利14项、SCI论文4篇、浙江省科技进步三等奖。长期从事聚合物微孔发泡材料研发与推广，开发的系列聚烯烃微孔发泡产品在新能源电池、通信等领域广泛应用。新恒泰已卡位宁德时代、比亚迪、华为等头部企业供应链。MPP产品成功切入新能源电池缓冲垫和5G通信天线罩领域。本届大会将出席分享《多类别聚合物发泡材料的制备及应用》最新报道：浙江新恒泰研发总监王镇博士：多类别聚合物发泡材料的制备及应用刘聪极界材料科技（宁波）有限公司创始人兼总经理，材料科学博士，毕业于美国德克萨斯农工大学，曾在东京大学及日本国立材料科学研究所从事研究工作。长期专注高分子纳米复合材料界面工程，发表SCI论文20余篇，2项美国专利。回国后创立极界材料，致力于高性能功能高分子复合材料的产业化应用，产品覆盖半导体、航空航天、深海装备及工程塑料改性等领域。团队在碳纳米管、石墨烯等多材料体系上实现50wt%以上负载，导电率突破3,000 S/m。本届大会将出席分享《高含量纳米复合材料的技术突破与产业化路径》最新报道：极界材料科技创始人刘聪：高含量纳米复合材料的技术突破与产业化路径刘正锁江苏京腾昊桦科技有限公司副总经理兼总工程师，高级工程师，毕业于南京工业大学高分子化工专业，长期从事精细化工技术及生产管理工作，精通聚合工艺，具备丰富的装置设计、安装、开车及生产运营经验，现任中国塑料加工工业协会专家委员会特聘专家。本届大会将出席分享《京腾昊桦 聚芳醚（PAE）树脂技术前沿与产业化路径》（更多嘉宾确认中，欢迎关注详见下轮披露~）日程安排（点击图片，了解详情）参会注册 扫码参会 参会联系人 侯经理***********（同微信）联系我们，获取会议最新资讯徐经理***********（同微信）联系我们，获取会议最新资讯往届会议嘉宾（部分）往届赞助与参与企业（部分）一次参与，即可畅享三大会议！",,,,pending
3Ml德莎lITWl陶氏l德邦l皇冠l日久l派乐玛200+代表齐聚,新材料在线,新材料在线,"RIOnews API, 新材料, 聚酰亚胺, 合作进展, 战略合作, 合作",normal,2026-08-25T00:01:00+08:00,,"会议背景： 为深入推动中国光学及新型显示用胶粘与薄膜材料技术的创新及高质发展，粘接资讯特携手新材料产业联盟、上海励程展览有限公司、光界咨询、聚酰亚胺在线、薄膜材料前沿等单位合作，将于""DIC EXPO 显示技术及应用创新展“同期8月25-26日在上海举办“2026第二届光学及新型显示用胶粘与薄膜材料创新研讨会”。 目前，已有京东方、天马微电子、TCL华星、三思电子、小米、字节跳动、艾比森光电及3M、德莎、陶氏、杜邦、圣泉、长兴、德邦、康达、硅宝、道生天合、高盟、思泉、日久光电、皇冠、金张科技、派乐玛、杭州之江、德聚技术、斯瑞达、德佑威、凡赛特、科达、哈工大无锡新材料研究所、中科院宁波材料研究所",http://mp.weixin.qq.com/s?__biz=MzA5NDQ2NzQyMg==&mid=2663031752&idx=7&sn=aa6c970d4bcb125b57015a4a72c723f7,,"会议背景： 为深入推动中国光学及新型显示用胶粘与薄膜材料技术的创新及高质发展，粘接资讯特携手新材料产业联盟、上海励程展览有限公司、光界咨询、聚酰亚胺在线、薄膜材料前沿等单位合作，将于""DIC EXPO 显示技术及应用创新展“同期8月25-26日在上海举办“2026第二届光学及新型显示用胶粘与薄膜材料创新研讨会”。 目前，已有京东方、天马微电子、TCL华星、三思电子、小米、字节跳动、艾比森光电及3M、德莎、陶氏、杜邦、圣泉、长兴、德邦、康达、硅宝、道生天合、高盟、思泉、日久光电、皇冠、金张科技、派乐玛、杭州之江、德聚技术、斯瑞达、德佑威、凡赛特、科达、哈工大无锡新材料研究所、中科院宁波材料研究所","会议背景： 为深入推动中国光学及新型显示用胶粘与薄膜材料技术的创新及高质发展，粘接资讯特携手新材料产业联盟、上海励程展览有限公司、光界咨询、聚酰亚胺在线、薄膜材料前沿等单位合作，将于""DIC EXPO 显示技术及应用创新展“同期8月25-26日在上海举办“2026第二届光学及新型显示用胶粘与薄膜材料创新研讨会”。 目前，已有京东方、天马微电子、TCL华星、三思电子、小米、字节跳动、艾比森光电及3M、德莎、陶氏、杜邦、圣泉、长兴、德邦、康达、硅宝、道生天合、高盟、思泉、日久光电、皇冠、金张科技、派乐玛、杭州之江、德聚技术、斯瑞达、德佑威、凡赛特、科达、哈工大无锡新材料研究所、中科院宁波材料研究所等光电显示胶粘薄膜行业近200精英代表已报名。部分参会名录如下：01会议信息论坛主题：聚焦推动光学及型显示用胶粘与薄膜材料创新论坛时间：2026年8月25日 - 26日（24日可预报到）论坛地点：中国 - 上海（具体地址报名后告知本人）02最新议程安排会议将重点邀请光学、显示、半导体、电子等终端用胶粘和薄膜材料企业的代表参会，开放80个免费参会名额，同一单位限3个免费名额。名额有限，先报名先得。欢迎一直从事光学、新型显示行业用胶粘材料及薄膜经营和研究的企业和单位主动联系做主旨发言报告，03会议组织主办单位：粘接资讯、新材料产业联盟、DIC EXPO显示技术及应用创新展战略合作单位：光界咨询、聚酰亚胺在线、薄膜材料前沿、广东省电气商会协办单位：武汉粘接学会、武汉新材料科学学会支持单位：3M、陶氏、苏州纽迈仪器分析股份有限公司、无锡奕羚智能科技有限公司、琶丽国际贸易(上海)有限公司、鼎捷数智股份有限公司、上海运锐机电设备工程技术有限公司、南通密炼捏合机械有限公司、太亦（上海）实业有限公司、上海简户仪器设备有限公司、梅特勒托利多、西安航天华阳机电装备有限公司、智慧芽信息科技（苏州）有限公司‌、上海科惠力自动化设备有限公司、李德芯智视觉科技（上海）有限公司、武汉市科达云石护理材料有限公司 更多支持单位招募中支持媒体：胶黏剂在线、中国粘接网、胶我选、新材料在线、模切之家、广东功能膜材料工业设计研究院有限公司、牛膜网等承办单位：上海胶盟新材料有限公司、上海胶友之家新材料有限公司04会议创新与亮点1、专业性、精品性：聚焦光学、新型显示用胶粘与薄膜材料研究与应用，邀请汇集国内外一批知名企业、高校、科研院所进行深入研讨。严格筛选、精心邀请每一位演讲嘉宾和每一篇演讲报告，旨在匠心打造一场高水平、高品质的环保胶粘剂及涂料专业技术交流盛会。2、针对性、实用性：直面光学、新型显示用胶粘与薄膜行业最新动态和发展需求，针对行业痛点热点进行策划组织，论坛内容涵盖胶粘及薄膜材料的基础理论、原料、设备、配方、工艺、市场、应用等方面，确保与会代表能得到实实在在的收获。互动性、价值性： 注重会议专家、嘉宾、学员之间面对面的交流、无缝衔接，注重产业链上下游企业技术、产品展示及商务沟通、合作，精心设计晚宴、抽奖、茶歇、现场小型展览（20+展位）、自由交流、客户引荐、微信群互动等环节，会议配套“DIC EXPO显示技术及应用创新展”召开，参会、观展同步，全方位协助与会者掌握信息、交流技术、合作项目、拓展人脉。05日程安排06会议费用注册费（含会务、资料、餐饮等费用，住宿费自理） 8月7日-8月22日付费 3280元/位8月23日-8月25日付费 3500元/位住宿费（自理）：大床房/标间（含早）：480元（含早，团队协议价）。需在会议酒店预订房间的，请务必在 8月20日前向会务组预订。优惠政策团体优惠：同一单位3人（或拼团）享优惠200元/位。转发优惠：参会代表，8月20前朋友圈转发会议微信通知2次（转发间隔时间2天以上，不能设置屏蔽，需保留1天以上），可每人优惠100元。07宣传项目（具体费用请咨询会务组）08会议报名扫码咨询如何参会咨询电话：0755-86060912、***********点击阅读原文，报名参加2026光学及新型显示用胶粘与薄膜材料研讨会阅读原文32+硬核报告！巨头名企200+代表云集！会议召开倒计时2天！",,,,pending
告别千篇一律！家电、消费电子、汽车产品功能趋同下 如何靠CMF拉高产品附加值？,新材料在线,新材料在线,"RIOnews API, 新材料, 碳纤维, 电解液",normal,2026-08-25T00:01:00+08:00,,"在消费电子、智能家居、汽车内饰硬件参数日趋趋同的当下，产品硬件功能差异持续收窄，CMF（色彩、材料、工艺）不再只是修饰环节，已经成为品牌打造产品辨识度、提升产品附加值的重要抓手之一。本次我们聚焦表面处理工艺展示一系列兼顾颜值、耐磨耐候与环保要求的解决方案1凯仁精密一家源自韩国、深耕全球的领先企业,专注于膜材表面涂布处理技术的创新研发与精密制造。1.硅/氟素离型膜、网格离型膜硅油/氟素/网格离型膜，保护膜等大量广泛应用于3C行业的涂布、模切产品。2.微纳纹理转印膜高端人造革制造IMD/IMR(模内注塑)装饰柔性电子与光学领域家电玻璃与装饰材料（UMI工艺）超越了传统离型膜仅提供防粘功能的局限，作",http://mp.weixin.qq.com/s?__biz=MzA5NDQ2NzQyMg==&mid=2663031752&idx=6&sn=a96d666ea0a13301838b270e2137f2e3,,"在消费电子、智能家居、汽车内饰硬件参数日趋趋同的当下，产品硬件功能差异持续收窄，CMF（色彩、材料、工艺）不再只是修饰环节，已经成为品牌打造产品辨识度、提升产品附加值的重要抓手之一。本次我们聚焦表面处理工艺展示一系列兼顾颜值、耐磨耐候与环保要求的解决方案1凯仁精密一家源自韩国、深耕全球的领先企业,专注于膜材表面涂布处理技术的创新研发与精密制造。1.硅/氟素离型膜、网格离型膜硅油/氟素/网格离型膜，保护膜等大量广泛应用于3C行业的涂布、模切产品。2.微纳纹理转印膜高端人造革制造IMD/IMR(模内注塑)装饰柔性电子与光学领域家电玻璃与装饰材料（UMI工艺）超越了传统离型膜仅提供防粘功能的局限，作","在消费电子、智能家居、汽车内饰硬件参数日趋趋同的当下，产品硬件功能差异持续收窄，CMF（色彩、材料、工艺）不再只是修饰环节，已经成为品牌打造产品辨识度、提升产品附加值的重要抓手之一。本次我们聚焦表面处理工艺展示一系列兼顾颜值、耐磨耐候与环保要求的解决方案1凯仁精密一家源自韩国、深耕全球的领先企业,专注于膜材表面涂布处理技术的创新研发与精密制造。1.硅/氟素离型膜、网格离型膜硅油/氟素/网格离型膜，保护膜等大量广泛应用于3C行业的涂布、模切产品。2.微纳纹理转印膜高端人造革制造IMD/IMR(模内注塑)装饰柔性电子与光学领域家电玻璃与装饰材料（UMI工艺）超越了传统离型膜仅提供防粘功能的局限，作为一种功能性纹理载体，能够将设计精良的微纳级结构精准、高效地转印到各类材料表面，从而为客户产品赋予独特的美学价值与功能特性。3.微纳纹理装饰膜可定制千余种纹理(拉丝/幻彩/几何/仿自然等)支持哑光至强金属光泽的多层次光学效果自主光学设计平台:支持客户参与纹理共创及独家定制，3天输出光学模拟方案。纳米压印全链工艺:从母版雕刻→精密转印→涂层强化，全程自研可控。4.OMR转印膜大宽幅高精度卷对卷纹理转印纹理转移率高型变少离型力控制稳定，优异的附着力及剥离性能OMR 膜外转印技术广泛应用于玻璃纤维、铝镁合金、塑钢制品等产品的外观处理。与传统的表面喷涂工艺相比，OMR不仅环保，减少了废气排放，还提高了产品的外观精度和设计自由度，因此在汽车内饰、消费电子、家电外壳等领域有着广泛应用。2上川新材深耕IML/IMT/IMR/INS/OMD 全方位表面装饰工艺材料1.新型金属与非金属类TFDF-3D装饰膜上川新材针对 INS/OMD/TOM 工艺特别开发出新型金属与非金属类 TFDF‑3D（TextureFeel Decoration Film‑3D）装饰膜，使材料具备各类仿真纹理。依托独特的设计外观及专利技术，TFDF‑3D 不仅能够满足汽车内饰的严苛要求，还在视觉和触觉层面全面提升汽车内饰品质。3泰铝新材连续阳极氧化铝板阳极氧化铝板是通过电化学工艺在铝板表面生成一层致密的氧化膜，这层氧化膜显著提升了板材的耐磨性、耐候性等性能。且连续氧化工艺保证材料的氧化时间一致，这样可以获得更加一致的表面效果，色差也就更加的稳定。可实现灰色、香槟金、黑色、古铜色等彩色系列。纹理上，除细腻的缎面质感外，还能通过前处理获得拉丝、喷砂、压纹等效果。连续阳极氧化电解铝板这是一种通过先进的连续阳极氧化电解工艺，在铝板表面“生长”出一层致密、坚硬的氧化膜，并在此过程中通过精确的电解技术，将铜离子或其他金属离子渗透、沉积，从而呈现出独特金属色泽与质感高的科技材料。历久弥新，耐紫外线性能优异。它拥有无与伦比的耐候性、抗腐蚀性和耐磨性，其色泽会愈发沉稳、醇厚，呈现出独一无二的金属质感。连续亮光阳极氧化铝板连续亮光阳极氧化铝板是通过连续电抛技术，使铝板匀速通过磷酸系电解液并在直流电作用下，发生选择性阳极溶解，实现高效平整的微观表面。可实现光泽度从60-300°任意定制，赋能铝板更有光泽感和灵动感，质感非凡。丨产品亮点柔和金属质感：保留铝板天然金属色泽，可通过微孔吸附染料着色成各种美观艳丽的色彩，突出现代金属感，提升产品档次和附加值。纹理多样化：采用连续精密辊压工艺，压纹精度可精确到1微米。可定制专属品牌花纹、简约暗纹、极简几何纹理，贴合车企专属CMF设计语言，打造差异化内饰辨识度。亮度可任意定制：可实现光泽度从60-300°任意定制，更能满足设计师的创意化定制。抗刮性能优异：阳极氧化处理后，铝板表面形成的氧化膜硬度非常高，使材料非常耐磨抗刮，不易产生划痕。材料环保：整个生产过程不涉及挥发性有机物（VOCs），材料本身100%可回收再利用，符合绿色环保的发展趋势。丨产品展示4博业模具从事纯铝压铸、高导铝压铸、锌、铝、镁、钛合金压铸以及压铸铝阳极氧化的技术革新。1.纯铝压铸纯铝压铸的优点：·取代CNC加工，减低时间和原料损耗的成本·在一些领域中降低一半以上的加工成本·异形外观件的优选，尤其是薄壁异形件，壁厚可以达到0.5MM·大批量快速生产，通常小型的件平均每8小时能压铸3000到8000件·表面光洁度能做到5到8级，即250目的抛光表面，可以实现双色氧化2.压铸铝阳极氧化纯铝压铸，表面阳极氧化处理工艺是通过电化学作用在铝合金表面形成氧化物膜的过程称为阳极氧化。广泛运用于3C产品、装饰件、家电等。·具有耐蚀、耐磨、耐侯等良好性能·颜色多样化，可以按照需求调色·可多次氧化·金属感更强3.高导铝压铸高导铝压铸，导热性能好 ，适合用于有导热需求的产品，同时高导铝也可做氧化处理工艺所以可以同时满足美观的外观需求。4.锌合金压铸锌合金压铸·取代CNC粗加工·减低时间和原料损耗的成本·大批量快速生产5天漉林1.电压章类立体电压、刻字膜激光、徽章、注塑产品以及各种结合类工艺2.绣花类烫章无需提供面料，减少运输成本，提高时效性工艺特色：1. 多元绣法结合，层次丰富、质感鲜明，独特艺术效果2. 将传统刺绣韵味与布贴、仿绳等现代创意工艺结合3.反光刻字膜类立体电压、刻字膜激光、徽章、注塑产品以及各种结合类工艺6森康科技主要生产亚克力镜片面板、PC镜片、PVC镜片、PET片、显示屏视窗镜片面板、LOGO铭板标牌、绝缘片、保护膜双面胶、EVA泡棉、皮革贴皮装饰、电子辅料等。1.热弯镜片2.显示屏镜片3.装饰片材7加贝科技硅胶刻字膜、硅胶印刷膜、硅胶吸塑膜、外壳硅胶包覆膜依托技术创新，公司先后推出硅胶刻字膜、硅胶印刷膜、硅胶吸塑膜、外壳硅胶包覆膜，3C电子产品，家装装饰膜等核心产品，性能优异、应用广泛，深受市场认可。8夏鼎纹理1.激光咬花激光咬花：通过电脑制图，铺图3D仿真跑图，上机加工，数字化程序，数控加工，通过激光设备镭射出需要的纹理。采用五轴激光加工，实现弧位加工，呈现不同角度的纹理效果车配件在赋予经典纹理后的效果经典皮纹效果异形球面，采用五轴激光加工，实现弧位加工，呈现不同角度的纹理效果在不同的包装或礼品盒上呈现想拉丝效果，通过激光镭雕工艺，在弧位和曲面上自然衔接，过渡自然；9博芯工艺1.幻彩树脂系列树脂材料是一种创新且多功能的优质材料。它具有一系列卓越的特性和优点。这种树脂材料具有出色的粘结性能，能够与多种基材牢固结合，提供强大的附着力。其具备良好的耐腐蚀性，能够抵御外界环境的侵蚀，延长使用寿命。同时，该树脂材料具有优异的机械性能，具备一定的强度和韧性。它还具有良好的加工性能，易于成型和加工，图案丰富，适用于各种制造工艺。龙纹系列幻彩系列2.金属树脂系列这款材料融合了金属的高强度和耐久性，以及树脂的轻盈和图案可塑性。在研发过程中精心挑选了各种金属，通过先进的工艺技术，将它们和树脂完美融合在一起。这一创新使得材料兼具了金属的坚固结构和树脂的优良性能。铜与树脂铜与树脂碳纤维树脂铝与树脂3.稳定木树脂系列这种融合材料不仅保留了木头的自然纹理和温暖质感，还兼具了树脂的高强度和耐久性。其外观精美，可为产品增添独特的艺术魅力。在性能方面，它具有出色的防水、防潮和耐腐蚀特性，能够适应各种恶劣环境。同时，该材料具备良好的耐磨性和抗冲击能力，确保长时间使用仍能保持良好的状态。其加工和应用形式多样，可根据客户需求定制各种形状和尺寸的产品。广泛应用于家具制造、室内装饰、工艺品等领域。稳定木树脂稳定木森康科技、博业模具、加贝科技、泰铝、博芯工艺、上川新材等知名表面处理方案商已确认参加第十届国际新材料新工艺及色彩（简称CMF）展览会暨第十届表面处理技术&外观效果加工及应用展览会。扫码报名免费观展展会详情第十届国际新材料新工艺及色彩（简称CMF）展览会暨第十届表面处理技术&外观效果加工及应用展览会将于2026年10月27日至29日在深圳国际会展中心举办，打造以CMF（色彩、材料、工艺）为核心、聚焦材料设计创新与应用的行业盛会，助力产业链协同发展与价值提升。吉利汽车、东风日产、美的、长虹、TCL、松下家电、OPPO、VIVO、华为、泡泡玛特、京东方、汇川技术、云顶信息、必胜清洁、传音、联影医疗、精锋医疗、倍思科技、好太太、创维、国光电器、银星智能、卡西欧、海康威视等首批70+来自消费电子、汽车、家电、医疗器械等领域的品牌终端、设计机构已确认组团参展（2026年目标500+观展团）。展会同期，亚洲具身机器人应用及产业链展、全触展、AWC汽车展等九展联动，预计吸引来自消费电子、手机、家电家居、汽车、具身智能与人形机器人、低空飞行器与eVTOL、医疗器械、印刷标签、塑料包装等行业170,000+专业观众，及5,000+海外买家。展位预订预订深圳国际CMF展展位请扫码咨询客服观众报名通道扫码报名免费观展添加请备注：国际CMF展，姓名+公司+职位添加请备注：观展，姓名+公司+职位咨询电话：0755-86060912、***********（同微信）邮箱：service@xincailiao.com相关阅读：劳尔色彩、PANTONE潘通、宣伟、PPG、老虎涂料、埃万特演讲丨2026第十六届世界CMF大会最新参会名单公布人形机器人赛道机遇何在？万华化学、沃特股份、金发科技、光大同创、新安股份齐聚 具身智能与人形机器人CMF创新及新材料应用论坛70+观展团确认出席！2026第十届国际CMF展高燃开启吉利汽车、东风日产、美的、华为终端、OPPO、汇川技术等组团参观点击“阅读原文”，报名参加“第十届国际CMF展”",,,,pending
人形机器人走向量产 哪些新材料将乘势起飞？星际光年、汇川、越伴动力、3M、金发科技、赢创等齐聚 探索机遇何在？,新材料在线,新材料在线,"RIOnews API, 新材料, 复合材料, 碳纤维, 产品发布, 发布, 发布会, 新品, 全新, 上市, 技术进展, 技术突破, 工艺突破, 新工艺",normal,2026-08-25T00:01:00+08:00,,2026年10月27-28日，“具身智能与人形机器人&低空飞行器与eVTOL—CMF创新及新材料应用论坛” 重磅启幕，本次论坛以“跨界·融合·落地”为宗旨，首次将具身智能、低空飞行器两大热门赛道与新材料深度绑定，汇聚国内外知名高校研究机构、品牌终端、材料企业、设计机构、趋势机构代表，探索新材料应用如何驱动万亿级未来产业的落地与变革。大会同期，2026 ROBOTECH ASIA 亚洲具身机器人应用及产业链展将举办。追觅科技、越伴动力、星际光年、顶配机器人、汇川技术、银星智能、他山科技、亚马逊、戴森、歌尔泰克、联想控股、保时捷、赛力斯、吉利汽车、北汽、vivo、OPPO、PPG中国、3M、赢创、,http://mp.weixin.qq.com/s?__biz=MzA5NDQ2NzQyMg==&mid=2663031752&idx=1&sn=9e664b47f7b13af73977343daa241752,,2026年10月27-28日，“具身智能与人形机器人&低空飞行器与eVTOL—CMF创新及新材料应用论坛” 重磅启幕，本次论坛以“跨界·融合·落地”为宗旨，首次将具身智能、低空飞行器两大热门赛道与新材料深度绑定，汇聚国内外知名高校研究机构、品牌终端、材料企业、设计机构、趋势机构代表，探索新材料应用如何驱动万亿级未来产业的落地与变革。大会同期，2026 ROBOTECH ASIA 亚洲具身机器人应用及产业链展将举办。追觅科技、越伴动力、星际光年、顶配机器人、汇川技术、银星智能、他山科技、亚马逊、戴森、歌尔泰克、联想控股、保时捷、赛力斯、吉利汽车、北汽、vivo、OPPO、PPG中国、3M、赢创、,2026年10月27-28日，“具身智能与人形机器人&低空飞行器与eVTOL—CMF创新及新材料应用论坛” 重磅启幕，本次论坛以“跨界·融合·落地”为宗旨，首次将具身智能、低空飞行器两大热门赛道与新材料深度绑定，汇聚国内外知名高校研究机构、品牌终端、材料企业、设计机构、趋势机构代表，探索新材料应用如何驱动万亿级未来产业的落地与变革。大会同期，2026 ROBOTECH ASIA 亚洲具身机器人应用及产业链展将举办。追觅科技、越伴动力、星际光年、顶配机器人、汇川技术、银星智能、他山科技、亚马逊、戴森、歌尔泰克、联想控股、保时捷、赛力斯、吉利汽车、北汽、vivo、OPPO、PPG中国、3M、赢创、宣伟、旭化成、德莎胶带、老虎涂料TIGER、万华化学、光大同创、金发科技、沃特股份、新安股份等200+知名人形机器人/汽车/智能硬件/消费电子/家电及热门其他领域品牌终端、零部件、OEM/ODM厂商，材料企业代表已报名具身智能与人形机器人CMF创新及新材料应用论坛，及同期第十六届世界CMF大会、国际CMF展。PART.01大会亮点丨国内外知名材料企业齐聚，分享人形机器人关键材料最新技术/产品解决方案、应用趋势五大专题国内外知名企业云集01轻量化与结构材料主题演讲：PEEK材料的规模化应用之路（拟）简介：PEEK凭借轻量化、耐磨、耐高温、高机械性能优势，是人形机器人运动构件的关键材料之一。演讲将结合一线产业实践，解读PEEK产业化推进路径，探索新材料驱动人形机器人创新的可行方案。演讲单位：赢创主题演讲：镁合金赋能机器人产品轻量化简介：镁合金具备低密度、高比刚度优势，是实现人形机器人本体结构轻量化的核心材料，直接影响整机负载能力。随着装备迭代提速，轻量化材料体系升级迫在眉睫。演讲将围绕镁合金成型、表面处理与工程化落地，挖掘镁合金在高端移动装备中的规模化应用潜力。演讲单位：宝武镁业/国家镁合金材料工程技术研究中心（拟）主题演讲：3D打印赋能骨架制造，助力人形机器人轻量化简介：3D打印突破传统成型工艺局限，可实现复杂一体化结构成型，为人形机器人骨架、实现减重增效、优化设计提供关键路径。伴随装备性能持续升级，一体化轻量化结构需求快速攀升。演讲将结合产业实践，探讨增材制造如何解决人形机器人本体制造痛点，开拓高端装备新材料新工艺应用方向。演讲单位：中航迈特/华曙高科/西安赛隆（拟）主题演讲：轻量化新材料在具身智能的应用和未来发展纲要：行业发展与轻量化价值；轻量化材料在具身智能应用；总结与展望演讲嘉宾：伍洋泽 深圳光大同创新材料股份有限公司 总经理助理主题演讲：特种工程塑料如何赋能具身智能机器人全场景（拟）简介：特种工程塑料是实现机器人轻量化、精密化、高可靠运行的核心高分子材料。兼顾高强度、耐磨自润滑、耐热绝缘、耐腐蚀等多重特性，助力机器人适配多样化作业场景。演讲单位：金发科技股份有限公司 大客户经理02先进功能材料主题演讲：人形机器人热管理解决方案简介：高密度驱动模组持续工作带来严峻散热挑战，高效热管理体系是人形机器人稳定长效运行的基础，深刻制约整机性能、使用寿命与集成设计。演讲将结合场景实践，探讨散热材料选型与一体化热管理方案落地思路。演讲单位：汉高/飞荣达/中石科技/德镒盟（拟）主题演讲：3M人形机器人粘接解决方案纲要：1.3M工业胶带及胶粘剂部门简介；2.3M人形机器人行业整体解决方案；3.3M胶带及胶粘剂产品在人形机器人组装中的应用演讲嘉宾：张刚 3M中国有限公司 高级应用工程师主题演讲：面向人形机器人的有机硅功能材料介绍简介：有机硅拥有优异耐温、绝缘、缓冲与表面改性特性，可用于人形机器人柔性触觉、密封防护、减震构件。柔性化、高可靠零部件是装备迭代趋势，有机硅持续拓展机器人功能集成边界。演讲将结合产业实践，探讨有机硅创新材料在高端智能装备场景的落地路径。演讲单位：卢杭 浙江新安化工集团股份有限公司 硅橡胶研究所副所长主题演讲：抗冲击材料如何塑造“强韧体魄”（拟）简介：人形机器人行走、跳跃、意外碰撞场景，对机体抗冲击、耐疲劳能力提出严苛要求。演讲将围绕不同工况下材料选型、冲击失效机理，解析抗冲击材料在机器人躯干、关节、外壳部件的落地方案。演讲单位：旭化成03电子皮肤主题演讲：电子皮肤创新性应用与发展简介：电子皮肤是人形机器人实现触觉感知、人机安全交互的核心载体，赋予机器人压力、触觉识别能力，是具身智能落地的关键硬件基础。本次分享将围绕柔性感知材料技术，探寻高可靠电子皮肤规模化落地的发展方向。演讲单位：汉威科技/华威科/矩侨工业（拟）主题演讲：柔性基底材料创新，人形机器人电子皮肤底层载体简介：柔性基底作为电子皮肤的承载载体，直接决定器件延展性、曲面贴合能力、抗弯折疲劳性能，深刻影响触觉感知稳定性。演讲将围绕各类柔性基底材料特性、工艺难点，探寻适配具身智能装备的材料选型与落地方案。演讲单位：万华化学/硅宝科技/瑞华泰（拟）主题演讲：电子皮肤核心传感材料：技术迭代与商业化应用探索简介：各类新型传感材料持续迭代，不断突破传统柔性感知的性能瓶颈，但规模化量产、成本控制、耐疲劳稳定性仍是产业落地核心痛点。演讲将聚焦主流传感材料技术路线，解析材料迭代趋势与性能优化逻辑，分享电子皮肤商业化落地的工艺方案、应用场景。演讲单位：途见科技/福莱新材/赛感科技（拟）04CMF创新主题演讲：平行视界-全球色彩趋势纲要：从 “驱动因素” 到 “影响因素”，再到 “美学风格”，最后聚焦核心 ——“色彩系列”，并展望各行业的色彩、材料与工艺（CMF）方向及应用场景。我们的年度色彩 “探境黄” 与 “平行视界” 主题完美契合。在每一条趋势脉络中，它都扮演着全新角色：从柔和自然到神秘矿物质感，再到活泼富有张力的风格，皆能驾驭。它是一款真正的 “变色龙” 色彩，完美适配 当下多面多变的场景需求。演讲嘉宾：薛卫 PPG中国 应用创新中心/色彩设计总监主题演讲：粉末涂料为何成为人形机器人的必然选择简介：量化金属骨架是人形机器人本体核心，机体长期持续运动、意外碰撞工况，对表层防护体系提出严苛标准。粉末涂料兼具优异耐磨抗冲击、长效防腐特性，同时具备低碳环保、材料利用率高、量产一致性强等优势，适配镁、铝轻量化结构件。演讲将结合工况需求与工艺实践，剖析粉末涂料技术优势，解读其在人形机器人产业化浪潮中的应用价值与发展方向。演讲单位：阿克苏诺贝尔/宣伟（拟）主题演讲：粉末涂料在具身智能领域的应用展望简介：轻量化是人形机器人核心发展方向，镁合金是关键基材，却长期受易腐蚀、涂层易脱落困扰。本次聚焦镁合金专用粉末涂料创新应用，赋能机器人结构件量产应用。演讲单位：郭永豪 老虎涂料 通用工业行业总监丨本体及灵巧手等关键零部件分享材料应用需求及选材趋势05本体及灵巧手等关键零部件主题演讲：人形机器人的发展趋势与关键材料需求简介：人形机器人产业加速迈向商用落地，行业朝着轻量化机体、高耐久运动性能、仿生柔性交互方向持续演进。整机续航、运动可靠性、触觉感知能力、量产成本，高度依赖上游新材料创新。随着具身智能不断发展，材料配方革新、制造工艺升级、多材料一体化集成，将成为人形机器人技术突破与规模化普及的关键抓手。主题演讲：灵巧手核心零部件的材料升级与工艺突破简介：灵巧手承载机器人精细抓取与交互任务，手指传动模组、感知器件、支撑结构的材料性能与制造水平，直接决定抓取精度、使用寿命与整机成本。产业规模化进程中，小型化、高耐疲劳零部件成为发展刚需。演讲将围绕各类核心零部件材料选型、精密加工工艺难点，解析材料体系革新如何推动灵巧手性能升级与量产落地。演讲单位：灵心巧手/灵巧智能/长盈精密（拟）主题演讲：人形机器人产业发展趋势与量产路径简介：人形机器人正加速从样机研发迈向商业化落地，规模化量产、成本优化、供应链搭建成为产业核心挑战。本次分享将梳理行业发展脉络，剖析量产阶段关键瓶颈，探寻商业化落地可行路径，助力参与者把握产业发展机遇。演讲单位：蓝思科技/长盈精密（拟）丨全球性企业增长咨询公司弗若斯特沙利文确认出席并作《全球人形机器人产业链发展趋势及市场预测》主题演讲演讲大纲：1）全球人形机器人市场趋势及市场预测全球人形机器人市场规模与出货量人形机器人商业化进程与应用场景全球人形机器人竞争格局人行机器人整机价格趋势2）本体、零部件趋势及市场预测人形机器人核心零部件价值拆解人形机器人细分市场规模预测人形机器人细分市场竞争格局3）关键材料趋势及市场预测人形机器人关键材料用量及价值量分析人形机器人关键材料市场规模预测人形机器人关键材料价格变化趋势丨论坛设置具身智能、人形机器人本体及核心零部件材料需求发布会、高端闭门晚宴等特色活动扫码填表报名咨询如何参会PART.02议程安排PART.03演讲单位3M3M是专业的胶带和胶粘剂制造商，作为较早进入中国的外商独资企业之一，3M中国在过去的30多年里始终密切把握中国经济的发展脉搏，秉承“扎根中国，服务中国”的本土化发展战略，凭借多元化的技术和解决方案，积极支持中国经济的建设和发展。为客户提供优秀的工业级别粘接方案，同时保证专业性，安全性，环保性，提升工作效率，实现轻量化生产， 助力中国智造。我们为机器人、智能设备、汽车， 家电， 轨道交通运输，电子，新能源等市场打造专属行业组装方案， 助力绿色，智能，轻量化的结构设计，降低能耗，提高工作效率。赢创赢创工业集团是一家全球领先的特种化工企业。凭借创新实力和领先的技术专知，赢创正不断超越化学的边界。我们是一家总部位于德国的全球性化工公司，业务遍及100 多个国家和地区。2025年销售额为141亿欧元，营业利润（调整后息税折旧及摊销前利润）达19亿欧元。赢创在全球超过31000名员工始终不懈努力，致力于为客户打造定制化的、具有决定性竞争优势的解决方案。赢创的愿景是成为驱动行业未来的超级力量。我们为工业赋能，每时每处，让生活变得更加美好。旭化成旭化成集团是创立于1922年的综合化学厂家。从合成化学和化纤业务起步，历经百年不断创新变革，积极拓展业务多元化。旭化成集团在全球20多个国家和地区设有生产·销售·研发网点，业务体系可应对全球市场的广泛需求。1988年进入中国，现有直营法人20余家。目前，旭化成集团在材料、健康、住宅三大领域开展业务，致力于以多样化的产品与技术，为全球大众的“生命”与“生活”做贡献。PPGPPG(纽约证券所交易代码：PPG)，140多年以来始终致力于为客户开发并提供值得信赖的油漆、涂料和相关材料产品。秉持奉献与创新精神，PPG帮助客户应对各类严峻挑战，共同推动行业进步。PPG公司总部设在美国匹兹堡市，其运营和研发机构遍布全球超过50个国家和地区，2025年公司全球净销售额达159亿美元。PPG为建筑、消费品、工业、交通运输等领域及其售后市场的客户提供高附加值的产品和服务。老虎涂料TIGERTIGER公司成立于1930年，历经90多年从一家涂料生产商发展成为国际化的家族企业，在全球设有8家生产基地和3家研发中心，销售网络遍布全球50多个国家和地区。TIGER公司凭借其优质的表面涂饰解决方案——粉末涂料以及用于工业数码打印的油墨，让客户产品实现持久保值。TIGER的表面涂饰解决方案在全球多个领域被广泛使用，例如：建筑幕墙、系统门窗、汽车轮毂、家具家电及机器设备等。金发科技（600143）金发科技是一家聚焦高性能新材料的科研、生产、销售和服务，为创造更加安全、舒适、便捷的人类生活提供全新的材料解决方案的新材料企业。公司致力于解决人类日益严峻的环境问题，积极应对来自全球生存环境变化带来的挑战，通过均衡经济、环境社会的关系，推动人类生活环境的持续改善，实现可持续发展，创造美好生活。光大同创（301387）深圳光大同创新材料股份有限公司成立于2012年3月20日，是一家专注于消费电子防护性及功能性产品研发、生产和销售的国家高新技术企业与专精特新中小企业。公司于 2023 年在深圳证券交易所创业板挂牌上市。光大同创的核心产品体系包括三大类：碳纤维复合材料及制品、功能性模切材料和环保防护性材料。这些产品广泛应用于个人电脑、智能手机、智能穿戴设备等消费电子产品及其组件，同时也拓展至新能源汽车、家电、医疗器械和具身智能等领域。公司能够为客户提供从新材料研发、设计、生产到服务及循环利用项目于一体的完整解决方案。新安股份（600596）新安股份创建于1965年，2001年上市，拥有控股子公司80余家、员工8000余人。新安主营作物保护、硅基新材料、新能源材料三大产业，其中硅基新材料拥有从上游硅矿开采冶炼、有机硅单体合成、下游产品制造的完整产业链，产品广泛应用于电力通信、轨道交通与汽车、医疗健康、电子科技等领域，畅销全球130多个国家和地区。以上排名不分先后，持续更新中；资料来自于企业及企业官网、公开资料参会请扫描文末二维码报名，或联系***********（同微信）PART.04配套活动丨供需对接会同期第七届新材料供应链大会暨供需对接会，将汇聚知名品牌终端现场发布找材料/工艺需求征集供应商，并邀请全球优质材料供应商进行新品发布，并配套产品展示区展览新材料领域的新技术、新产品、新趋势。峰会将通过新品发布+供需对接会+终端见面会（闭门）的形式，将优秀的材料解决方案与终端需求进行撮合，供需双方一对一对接洽谈，促进合作交流！需求清单（持续更新中）：报名参加论坛，可提前对接需求某人形机器人灵巧手公司正在寻找：1.需求名称：寻找优先-3D飞织纹理有可定制图案2.需求名称：寻找包覆，面料包覆到壳体3.需求名称：寻找软胶，用于手掌或指尖有触觉的部位4.需求名称：寻找不同硬度的硅胶，不同厚度的样件，用于判断沾灰的影响以上材料将用于灵巧手，目前产品在转批量的阶段扫描文末二维码添加客服，咨询更多机器人相关需求参会请扫描文末二维码报名，或联系***********（同微信）PART.05报名参会名单200+知名人形机器人/汽车/智能硬件/消费电子/家电及热门其他领域品牌终端、零部件、OEM/ODM厂商，材料企业，高校及其他单位代表已报名具身智能与人形机器人CMF创新及新材料应用论坛，及同期世界CMF大会、国际CMF展（持续更新中）。企业简称职位人形机器人/汽车/智能硬件/消费电子/家电及热门其他领域品牌终端、零部件、OEM/ODM厂商越伴动力ID设计负责人追觅科技设计总监亚马逊高级质量经理星际光年供应链采购星际光年研发部设计师顶配机器人产品经理保时捷CMF负责人赛力斯CMF主任赛力斯CMF设计师联想集团技术院士联想控股执行董事联想控股执行董事吉利汽车北汽规划经理汇川技术部门经理汇川技术资深设计师歌尔泰克设计师歌尔泰克设计师歌尔泰克设计师睿创微纳工业设计中心CMF戴森cmf设计师vivoCMFOPPO结构设计师OPPO高级设计工程师中信戴卡科创成果管理首席专家豪恩声学产品总监豪恩声学工业设计艾联汽车市场经理他山科技ID设计TCL空调器CMF经理智讯通信工业设计师通用技术集团高级工程师通用技术集团工业设计师麦克韦尔CMF设计师TCLCMF设计师银星智能工业设计负责人……材料企业PPG中国色彩设计总监宣伟色彩研发院院长3M中国高级应用工程师埃万特集团设计师肖特德莎胶带市场开发老虎涂料武藏涂料开发课长武藏涂料营业经理光大同创总经理助理金发科技大客户经理万华化学研发经理沃特股份营销总监新安股份硅橡胶研究所副所长新安崇耀销售总监四方达工程师美科迪研发总监顺祥材料总经理锦美星灿设计总监博锐斯新材料副总经理当纳利Senior Executive Engineer当纳利Assistant Manager当纳利Manager艾澜德新材料销售经理贝特利运营总监贝特利工程师……其他劳尔色彩亚洲区商务总监潘通企业销售总监威凯表面技术总经理原秀科技董事长原秀科技总经理奥特维项目总监奥特维镭士维总经理奥特维战略市场&孵化中心奥特维孵化中心供应链专家奥特维战略市场部总监美一创新财务总监美一创新总经理天瑞丰年总经理四川美术学院设计学院副院长及手工艺术系副主任等21人……以上排名不分先后PART.06商务合作丨参会报名扫码填表报名咨询如何参会丨赞助合作论坛赞助合作已开启，合作形式包括但不限于主题演讲、会议外场展台、会刊广告 、资料入袋、易拉宝、大屏幕广告等。长按或扫描二维码，咨询赞助合作、VIP套票添加请备注：具身智能论坛 姓名+公司+职位联系电话：咨询热线1：0755-86060912咨询热线2：***********（同微信）PART.07同期展会作为亚洲颇具规模、产业链覆盖完整且应用场景聚焦的具身机器人行业盛会，由励展博览集团、中国国际贸易促进委员会电子信息行业分会、机器视觉产业联盟共同主办的2026 ROBOTECH ASIA 亚洲具身机器人应用及产业链展将于10月27-29日在深圳国际会展中心启幕！展会致力于打造一个集技术展示、商业洽谈、生态合作与趋势前瞻于一体，打通从概念验证到工业场景真实需求落地的国际级平台，深度连接全球创新技术与海外澎湃市场，推动具身智能在工业场景下的量产及产业升级迭代。点击了解详情：2026 ROBOTECH ASIA 亚洲具身机器人应用及产业链展 17万+专业观众 全域流量加持 让参展商品牌更出圈2026年10月27-29日，第十届国际新材料新工艺及色彩（简称CMF）展览会暨第十届表面处理技术&外观效果加工及应用展览会（2026国际CMF展）将在深圳国际会展中心举办，打造以CMF（色彩、材料、工艺）为核心、聚焦材料设计创新与应用的行业盛会，助力产业链协同发展与价值提升；展会将围绕“跨界融合·协同创新”为主题，设立色彩与创新设计展区、新材料新工艺展区、可持续材料展区等，引入全球色彩趋势权威机构，展示全球最新色彩科技，搭建CMF企业与终端应用及工业设计的跨界桥梁。点击了解详情：17万+专业观众！2026第十届国际CMF展高燃开启 吉利汽车、东风日产、美的、华为终端、OPPO、汇川技术等组团参观展会详情：10月深圳盛启｜2026第十届国际CMF展，17万+专业观众共赴产业盛会往届回顾：2025第九届国际CMF展圆满收官 精彩回顾大集锦点击阅读原文，报名参加“具身智能与人形机器人&低空飞行器与eVTOL，CMF创新及新材料应用论坛”,,,,pending
