title,account_name,source,tags,priority,publish_time,author,digest,url,crawled_at,content_preview,clean_text,ai_summary,importance_score,alert_level,push_status
固态电池大消息来的太及时了,锂电前沿,锂电前沿,"RIOnews API, 新材料, 电池材料, 碳, 聚合物, 高比能, 硅, 固态电池, 学术研究, 大学, 科学院, 研究所, 宁德时代, 宁德新能源, 时代新能源, 国轩高科, 国轩, 远景动力, 欣旺达, 欣旺达动力, 孚能科技, 鹏辉能源, 储能, 投资, 实验室",normal,2026-07-31T20:35:00+08:00,,温馨提醒：会务组新增100张优惠票，优惠票600元每人（含餐），报满为止！缴费成功视为报名成功；参展和报名电话.陈老师：***********2026中国固态电池技术大会暨中国硅碳负极高峰论坛签到地点：江苏·常州富都洲际酒店（常州武进区西湖路2号）签到时间：8月5日 13:00—20:00会议酒店订房方式常州富都洲际酒店 协议价豪华单/双间：380元一晚（含早），豪华湖景单双间：460元一晚（含早）扫码订房交通路线：常州富都洲际酒店常州奔牛国际机场至会议酒店车程约41公里。武进站至会议酒店车程约2公里。常州站至会议酒店车程约14公里。常州北站至会议酒店车程约30公里。会议概况【会议时间】202,http://mp.weixin.qq.com/s?__biz=MzkzODYxNTc2OA==&mid=2247511361&idx=1&sn=97d007b116a458950189f881e830505c,,温馨提醒：会务组新增100张优惠票，优惠票600元每人（含餐），报满为止！缴费成功视为报名成功；参展和报名电话.陈老师：***********2026中国固态电池技术大会暨中国硅碳负极高峰论坛签到地点：江苏·常州富都洲际酒店（常州武进区西湖路2号）签到时间：8月5日 13:00—20:00会议酒店订房方式常州富都洲际酒店 协议价豪华单/双间：380元一晚（含早），豪华湖景单双间：460元一晚（含早）扫码订房交通路线：常州富都洲际酒店常州奔牛国际机场至会议酒店车程约41公里。武进站至会议酒店车程约2公里。常州站至会议酒店车程约14公里。常州北站至会议酒店车程约30公里。会议概况【会议时间】202,温馨提醒：会务组新增100张优惠票，优惠票600元每人（含餐），报满为止！缴费成功视为报名成功；参展和报名电话.陈老师：***********2026中国固态电池技术大会暨中国硅碳负极高峰论坛签到地点：江苏·常州富都洲际酒店（常州武进区西湖路2号）签到时间：8月5日 13:00—20:00会议酒店订房方式常州富都洲际酒店 协议价豪华单/双间：380元一晚（含早），豪华湖景单双间：460元一晚（含早）扫码订房交通路线：常州富都洲际酒店常州奔牛国际机场至会议酒店车程约41公里。武进站至会议酒店车程约2公里。常州站至会议酒店车程约14公里。常州北站至会议酒店车程约30公里。会议概况【会议时间】2026年8月5-7日（5日签到）【主办单位】锂电前沿【承办单位】 深圳友研科技有限公司[部分报告议题】（报告或会有少许变动，请以现场为准）会议概况协办单位：东莞市琅菱机械有限公司广东茹天机械设备科技有限公司理化联科（北京）仪器科技有限公司大昌华嘉科学仪器部参会证广告赞助单位：广东茜恩智能装备有限公司椅背广告赞助单位：光年固科（苏州）科技有限公司手提袋广告赞助单位：青岛优明科粉体机械有限公司赞助单位：益瑞石(上海)投资管理有限公司德国新帕泰克有限公司苏州代表处深圳市和胜自动化设备有限公司高能数造（广州）技术有限公司支持单位：布劳恩惰性气体系统（上海）有限公司布鲁克（北京）科技有限公司深圳市新威尔电子有限公司深圳市瑞赛驰科技有限公司步琦实验室设备贸易（上海）有限公司北京艾谱瑞斯科技有限公司普沃思环保科技无锡有限公司东莞市志远高热机械科技有限公司展位展示：东莞百瑞自动化有限公司江苏亮果金属制品有限公司上海菩正电子科技有限公司长沙西丽纳米研磨科技有限公司柔电（武汉）科技有限公司米谱科技（常州）有限公司珠海椿田科技股份有限公司湖北蓝博新能源设备股份有限公司武汉格瑞斯新能源有限公司安徽泽攸科技有限公司上海优耐特斯压缩机有限公司潍坊追日磁电科技有限公司潍坊精华粉体科技股份有限公司常州百和菱智能装备有限责任公司华声强化（上海）科技有限公司广东汇京智能装备有限公司江苏智子未来技术有限公司南京苏展智能科技有限公司无锡市张华医药设备有限公司杭州聚科空分设备制造有限公司深圳冠亚水分仪科技有限公司郑州博欣高温材料有限公司杭州研趣信息技术有限公司环球君业(北京)科技有限公司惠州速力得科技有限公司上海宙盾先元科技有限公司伊特克斯惰性气体系统（北京）有限公司宁波创锂新材料科技有限公司淄博友研科技有限公司深圳华算科技有限公司深圳市北杰新材料有限公司参会单位（首批报名）：宁德时代新能源科技股份有限公司国轩高科股份有限公司惠州赣锋锂电科技有限公司国家动力电池创新中心爱尔集新能源电池(南京)有限公司溧阳天目先导电池材料科技有限公司胜华新材料科技（眉山）有限公司清陶云能(江苏)能源科技有限公司安徽中锂新能源科技有限公司宁德新能源科技有限公司欣旺达动力科技股份有限公司孚能科技（赣州）股份有限公司天齐锂业新能源技术研究（眉山） 有限公司四川盛威锂业有限公司陕西顷刻能源科技有限公司上海屹锂新能源科技有限公司广州鹏辉能源科技股份有限公司微宏动力系统（湖州）有限公司浙江吉曜通行能源科技有限公司深圳索理德新材料科技有限公司国科炭美新材料（湖州）有限公司嘉兴市凯力电池有限公司可乐丽贸易（上海）有限公司惠州市德赛电池有限公司广州汽车集团股份有限公司清陶云能(江苏)能源科技有限公司万向一二三Sila吉利汽车研究院多氟多新材料股份有限公司浙江金羽新能源科技有限公司中科深蓝汇泽新能源(常州)有限责任公司上海杉杉科技有限公司巴斯夫（中国）有限公司烟台京东方材料科技有限公司北京大学 清华大学上海交通大学复旦大学中国科学院苏州纳米技术与纳米仿生研究所广东东阳光科技控股股份有限公司益瑞石石墨和碳公司重庆太蓝新能源有限公司中国科学院物理研究所武汉天石科丰新能源科技有限公司宁波博雅聚力新材料科技有限公司摩田材料科技（兰溪）有限公司泛亚汽车技术中心有限公司国钠能源科技（河北）有限公司澳门大学中南大学哈尔滨工业大学浙江大学哈尔滨工业大学（深圳）华中科技大学中国科学技术大学科腾聚合物贸易(上海)有限公司南京汉特贸易有限公司东莞市琅菱机械有限公司开滦汇金私募基金管理有限公司广东茹天机械设备科技有限公司江苏微导纳米科技股份有限公司理化联科（北京）仪器科技有限公司上海朗亿功能材料有限公司安徽大学大昌华嘉科学仪器部武汉理工大学长安大学广东茜恩智能装备有限公司海目星激光科技集团股份有限公司青岛优明科粉体机械有限公司常州一硫电池科技有限公司中国航天空气动力技术研究院陕西科技大学德国新帕泰克有限公司苏州代表处中国星网网络创新研究院有限公司安徽清致科技发展有限公司深圳市和胜自动化设备有限公司上海道程工业设备有限公司布劳恩惰性气体系统（上海）有限公司福建理工大学重庆文理学院上海檀之茗科技中心（有限合伙）深圳市新威尔电子有限公司深圳仲氪信息科技有限公司步琦实验室设备贸易（上海）有限公司上海子微智能科技有限公司宜宾发展创投有限公司有研(广东)新材料技术研究院北京艾谱瑞斯科技有限公司深圳市瑞赛驰科技有限公司深圳市绿联科技股份有限公司光年固科（苏州）科技有限公司江苏利卡维智能科技有限公司广汽集团汽车工程研究院中国科学院青岛生物能源与过程研究所中国科学院山西煤炭化学研究所东莞市志远高热机械科技有限公司江苏利卡维智能科技有限公司河南理工大学邢台学院宁波博雅聚力新材料科技有限公司东莞百瑞自动化有限公司江苏亮果金属制品有限公司上海电子工程设计研究院有限公司江苏理工学院湖南省正源储能材料与器件研究所中国地质大学（武汉）中北大学上海菩正电子科技有限公司上海协尔化学科技有限公司长沙西丽纳米研磨科技有限公司江苏隆深氢能科技有限公司柔电（武汉）科技有限公司苏州大学湖北航天化学技术研究所南京菲尼克斯电气有限公司安徽扬子职业技术学院广东孚吉新材料有限公司米谱科技（常州）有限公司苏州纽姆特纳米科技有限公司珠海椿田科技股份有限公司湖北蓝博新能源设备股份有限公司武汉格瑞斯新能源有限公司苏州田边能源科技有限公司东北大学中国科学院上海高等研究院武汉工程大学展讯通信（上海）有限公司安徽泽攸科技有限公司太原科技大学北京航空航天大学潍坊追日磁电科技有限公司意尔孚化学（上海）有限公司昆明理工大学潍坊精华粉体科技股份有限公司武汉市哈斯特斯科技有限责任公司大森FMEA応用技研株式会社常州百和菱智能装备有限责任公司江苏科创石化有限公司华声强化（上海）科技有限公司广州埃登达化工有限公司苏州秋逸新材料有限公司欧励隆（中国）投资有限公司广东汇京智能装备有限公司江苏智子未来技术有限公司爱发科（苏州）技术研究开发有限公司南京苏展智能科技有限公司河北工业大学上海微化商贸有限公司杭州聚科空分设备制造有限公司深圳冠亚水分仪科技有限公司中国石化催化剂有限公司工程技术研究院郑州博欣高温材料有限公司中国石化催化剂有限公司摩田材料科技（兰溪）有限公司杭州研趣信息技术有限公司北京文博启胜投资有限公司北京超凡宏宇知识产权代理有限公司中石化催化剂大连有限公司环球君业(北京)科技有限公司深圳市一众智能装备有限公司芜湖映日科技股份有限公司惠州速力得科技有限公司常州市昇海智能科技有限公司深圳分公司肖特（上海）精密材料和设备国际贸易有限公司常州西奥电气科技有限公司上海宙盾先元科技有限公司快顺通环保科技（深圳）有限公司东莞市富电优品电源有限公司伊特克斯惰性气体系统（北京）有限公司河南琅恒企业管理咨询有限公司北方工业大学昆山佰信实计量技术有限公司国际贸易有限公司北京化工大学宁波创锂新材料科技有限公司中石化（大连）石油化工研究院有限公司永杰新材料股份有限公司上海化工院检测有限公司苏州职业技术大学淄博友研科技有限公司上海和盛光度新能源科技有限公司江苏金聚合金材料有限公司江苏擎川智能装备有限公司上海梅特鲁国际贸易有限公司深圳华算科技有限公司宁波震裕汽车部件有限公司西安机电信息技术研究所深圳市北杰新材料有限公司国仪量子技术（合肥）股份有限公司湘潭电化科技股份有限公司江西环境工程职业学院南德新能源汽车检测（江苏）有限公司陕西蓝基新材料科技有限公司中国塑料加工工业协会惠州普赛达新材料有限公司晶序新材料科技（温州）有限公司东莞市电的电子有限公司青岛大学宏润绿能（宣城）能源科技有限公司合肥工业大学洛阳储变电系统有限公司科腾聚合物贸易(上海)有限公司小渡科技（广东）有限公司北京分公司深圳市晨浅拓普科技有限公司苏州赛峰科学仪器有限公司合肥纳安新材料科技有限公司宝晟(苏州)能源科技有限公司广州白云科技股份有限公司常州长晟创新科技有限公司南昌大学胜华新能源科技（东营）有限公司兰州交通大学营口航盛科技实业有限责任公司沈阳分公司三明市海斯福化工有限责任公司达士维尔粉体科技（上海）有限公司上海润势科技有限公司中国科学院广州地球化学研究所中国科学院新疆理化技术研究所中汽新能无锡技术中心有限公司广州融捷电源材料有限公司日联科技集团股份有限公司华中科技大学江苏澄星新材料科技有限公司江苏天合储能有限公司重庆标瑞新能源有限公司珠海科技学院开封市测控技术有限公司广州博粤新材料技术有限公司北京林业大学安耐新能科技（盐城）有限公司南京工业大学玖度电（昆山）新能源科技有限公司邢台学院神州高铁技术股份有限公司港华能源创科（深圳）有限公司天核（苏州）能源有限公司新疆西海锂业集团有限公司济南大学湖北航天化学技术研究所宜宾发展创投有限公司湘潭市雨高开发投资集团有限公司福建师范大学长兴（中国）投资有限公司中建西部建设建材科学研究院无锡奥特维智能装备有限公司常州市创能纳米材料科技有限公司成都高投创业投资有限公司中科瑞龙智能制造(江苏)有限公司广州博粤新材料技术有限公司南孚电池有限公司东贵精密机械（无锡）有限公司远景动力技术（江苏）有限公司天津国安盟固利新材料科技股份有限公司安徽工业大学无锡阜成智能装备有限公司泰同源（江苏）科创发展有限公司桐乡华创三同科技发展有限公司上海歌尔科技发展有限公司上海森永工程设备股份有限公司常州市大成真空技术有限公司沈阳星光技术陶瓷有限公司苏州伏安瓦新材料科技有限公司埃克森美孚(中国)投资有限公司浙江梵天煦辉能源科技有限公司肇庆市科润真空设备有限公司上海颐格工贸发展有限公司会议注册费会议注册费：参会人员7月31日（含）前8月1日后以及现场正式代表600元2500元在校学生代表600元1500元（学生代表注册时需凭学生证，包含本科生、硕士、博士）注册费包含：会议费、资料费用等费用、不包含路费和住宿费，住宿要自订。账户信息：户名：深圳友研科技有限公司账号：757575353398开户行：中国银行股份有限公司深圳西丽支行付款时请注明“常州会议+单位名称”开票注意事项：增值税普通发票请提供单位名称及税号。如果需要增值税专用发票，请提供单位名称、税号、地址、电话、开户行、账号组委会联系方式参会、参展、宣传及赞助事宜联 系 人：陈老师 （赞助和报名事宜咨询）联系电话：***********（微信同号）邮 箱 ：sdlscck@163.com 报名方式一：长按报名,,,,pending
动力分会调研致远钠科,电池中国,电池中国,"RIOnews API, 高比能, 无负极, 钠离子电池, 钠电, 合作进展, 投资, 合作, 钠电池, 储能, 高安全, 海外, 量产, 落地",normal,2026-07-31T20:30:00+08:00,,【电池中国网 7月31日 绍兴讯】由中国化学与物理电源行业协会动力电池应用分会联合电池中国网开展的“绿色引领·融合创新——2026新能源电池产业链调研”活动，于近日开启长三角调研之行。\x0a\x0a7月31日，中国化学与物理电源行业协会监事/动力电池应用分会秘书长/电池中国网创始人CEO张雨等产业链调研组一行，来到浙江致远钠科能源科技有限公司（以下简称“致远钠科”），与致远钠科董事长/CEO崔桂嘉博士、首席市场官崔高铖、总助姚志慧等主要负责人座谈交流。\x0a\x0a据介绍，致远钠科总部位于浙江省绍兴市上海交通大学绍兴新能源与分子工程研究院，专注于无负极钠电池的研发生产。该公司核心团队来自上,http://mp.weixin.qq.com/s?__biz=MzA3MzY0OTIzMQ==&mid=2661849959&idx=1&sn=06828ea5de476a2f7f0aa582be81a360,,【电池中国网 7月31日 绍兴讯】由中国化学与物理电源行业协会动力电池应用分会联合电池中国网开展的“绿色引领·融合创新——2026新能源电池产业链调研”活动，于近日开启长三角调研之行。\x0a\x0a7月31日，中国化学与物理电源行业协会监事/动力电池应用分会秘书长/电池中国网创始人CEO张雨等产业链调研组一行，来到浙江致远钠科能源科技有限公司（以下简称“致远钠科”），与致远钠科董事长/CEO崔桂嘉博士、首席市场官崔高铖、总助姚志慧等主要负责人座谈交流。\x0a\x0a据介绍，致远钠科总部位于浙江省绍兴市上海交通大学绍兴新能源与分子工程研究院，专注于无负极钠电池的研发生产。该公司核心团队来自上,【电池中国网 7月31日 绍兴讯】由中国化学与物理电源行业协会动力电池应用分会联合电池中国网开展的“绿色引领·融合创新——2026新能源电池产业链调研”活动，于近日开启长三角调研之行。\x0a\x0a7月31日，中国化学与物理电源行业协会监事/动力电池应用分会秘书长/电池中国网创始人CEO张雨等产业链调研组一行，来到浙江致远钠科能源科技有限公司（以下简称“致远钠科”），与致远钠科董事长/CEO崔桂嘉博士、首席市场官崔高铖、总助姚志慧等主要负责人座谈交流。\x0a\x0a据介绍，致远钠科总部位于浙江省绍兴市上海交通大学绍兴新能源与分子工程研究院，专注于无负极钠电池的研发生产。该公司核心团队来自上海交通大学、浙江大学的资深学者，以及国际龙头钠电、锂电企业的资深工程师，具备十余年的科研经验与工程量产化经验。\x0a\x0a作为全球最早开展负极自生成电池研究的技术团队，致远钠科突破传统电池结构限制，通过负极自生成技术，取消了传统钠离子电池中的负极活性材料，通过精准调控金属元素的沉积过程，直接在集流体表面形成均匀致密的金属层作为负极。\x0a\x0a致远钠科聚焦电动二三轮车、低速四轮车、医疗器械、便携式储能、仓储物流机器人等刚需场景，通过自研无负极钠电池技术，解决传统钠电成本高、性能差的行业痛点，可为行业提供高安全、低成本、耐低温的下一代电池解决方案。\x0a\x0a2026年致远钠科与超威集团达成全维度深度合作，超威既是该公司战略投资方，也是其核心商用客户，双方合作形成资本加持与产业落地的深度绑定，携手推动无负极钠电池技术规模化商用。\x0a\x0a在座谈中，张雨介绍了中国化物协会和动力分会的发展历程、宗旨理念和主要工作；双方围绕钠电池产业化进程，钠电池技术路线选择与迭代，钠电池在下游储能、两轮车市场应用拓展，中国电池企业海外建厂、电池产业市场竞争格局等话题，进行了广泛深入交流。\x0a\x0a长三角调研活动仍在进行中，敬请持续关注\x26lt;a href=\x26quot;https://mp.weixin.qq.com/mp/readtemplate?t=pages/link_mid_jump\x26amp;amp;biz=MzA3MzY0OTIzMQ==\x26quot; target=\x26quot;_blank\x26quot; class=\x26quot;js_mention_entry wx_at_link\x26quot; data-biz=\x26quot;MzA3MzY0OTIzMQ==\x26quot; data-username=\x26quot;gh_f6dae38c552f\x26quot;\x26gt;@电池中国\x26lt;/a\x26gt;,,,,pending
苏大孙靖宇/北化工于乐/南科大慕永彪最新Science子刊，单原子界面助力无负极钾电池！,深水科技咨询,深水科技咨询,"RIOnews API, 新材料, 碳, 高比能, 无负极, 富锂锰, 前沿表征, 原位, 固态电池, 固态电解质, 钠离子电池",normal,2026-07-31T20:08:00+08:00,,钾金属负极面临固态电解质界面演化不可控和孤立钾积累的挑战，极大阻碍了实用化无负极电池的构建。迄今为止，对钾剥离行为和孤立钾形成的系统研究——尽管至关重要——仍然缺乏。基于此，苏大孙靖宇/南科大慕永彪/北化工于乐开发了一种轴向配位的单原子铁（Fe）锚定于空心碳碗上，以协同促进钾脱附和应力自适应离子传输。作为集流体修饰层，FeN₄O₂基团优化了K的吸附/脱附强度，调控FSI⁻分解，并抑制电子孤立的K。同时，机械柔顺的碳碗骨架缓解了循环过程中的体积应变，保持界面完整性并加速剥离前沿的脱附。来自冷冻透射电镜、X射线光电子能谱深度剖析和理论计算的多模态证据共同揭示了一种双向调控机制，既增强了沉积均匀性又,http://mp.weixin.qq.com/s?__biz=MzI2NTI1Njk5Mw==&mid=2247633984&idx=3&sn=3f5a87feb6f42765e872121048be895e,,钾金属负极面临固态电解质界面演化不可控和孤立钾积累的挑战，极大阻碍了实用化无负极电池的构建。迄今为止，对钾剥离行为和孤立钾形成的系统研究——尽管至关重要——仍然缺乏。基于此，苏大孙靖宇/南科大慕永彪/北化工于乐开发了一种轴向配位的单原子铁（Fe）锚定于空心碳碗上，以协同促进钾脱附和应力自适应离子传输。作为集流体修饰层，FeN₄O₂基团优化了K的吸附/脱附强度，调控FSI⁻分解，并抑制电子孤立的K。同时，机械柔顺的碳碗骨架缓解了循环过程中的体积应变，保持界面完整性并加速剥离前沿的脱附。来自冷冻透射电镜、X射线光电子能谱深度剖析和理论计算的多模态证据共同揭示了一种双向调控机制，既增强了沉积均匀性又,"钾金属负极面临固态电解质界面演化不可控和孤立钾积累的挑战，极大阻碍了实用化无负极电池的构建。迄今为止，对钾剥离行为和孤立钾形成的系统研究——尽管至关重要——仍然缺乏。基于此，苏大孙靖宇/南科大慕永彪/北化工于乐开发了一种轴向配位的单原子铁（Fe）锚定于空心碳碗上，以协同促进钾脱附和应力自适应离子传输。作为集流体修饰层，FeN₄O₂基团优化了K的吸附/脱附强度，调控FSI⁻分解，并抑制电子孤立的K。同时，机械柔顺的碳碗骨架缓解了循环过程中的体积应变，保持界面完整性并加速剥离前沿的脱附。来自冷冻透射电镜、X射线光电子能谱深度剖析和理论计算的多模态证据共同揭示了一种双向调控机制，既增强了沉积均匀性又提高了剥离可逆性。无负极钾金属全电池在200 mA g⁻¹下经200次循环后仍保持近100 mAh g⁻¹的容量，可与现有先进体系相媲美。图1 | 裸Al与单原子修饰Al集流体在无负极电池中孤立K状态及沉积/剥离可逆性的对比示意图。图2 | 合成与表征。（A）FeSA-HCB合成过程示意图。（B）HCB-H₂O₂的代表性SEM图像。（C）FeSA-HCB的代表性AC-HAADF-STEM图像。（D）FeSA-HCB的HAADF-STEM图像及相关EDS元素分布图。（E）HCB和空心碳球电极在代表性边界取向（开口向上和开口向下）下的颗粒分辨K⁺浓度分布剖面。（F）HCB和空心碳球电极在K沉积过程中的颗粒分辨应力演化剖面，突出几何结构诱导的力学响应。图3 | 合成的FeSA-HCB的电子结构与局域配位环境分析。（A）HCB、HCB-H₂O₂和FeSA-HCB的XRD图谱。a.u.，任意单位。（B）HCB、HCB-H₂O₂和FeSA-HCB的傅里叶变换红外光谱。（C）FeSA-HCB的Fe K-edge XANES谱。（D）FeSA-HCB在R空间的Fe K-edge EXAFS拟合曲线。FT，傅里叶变换。（E–I）FeSA-HCB（E）、FePc（F）、FeO（G）、Fe₂O₃（H）和Fe箔（I）的k²加权EXAFS小波变换谱。（J）DFT方法导出的不同单原子构型的形成能。图4 | 孤立K的识别与抑制。（A–F）0.5 mA cm⁻²下20次循环后（A–C）FeSA-HCB和（D–F）裸Al电极上SEI的Cryo-TEM图像及FFT花样。（G）两步剥离测试的电压曲线（沉积2 mAh cm⁻² K后依次进行第一次和第二次剥离）。（H）两步剥离的库仑效率对比。（I）20次循环后Al和FeSA-HCB电极的联苯显色法照片及反应机理。（J）K在FeN₄和FeN₄O₂上的脱附能垒DFT计算。图5 | 界面SEI的组分分析与形成机理。（A）FeSA-HCB和Al电极的高分辨XPS N 1s和O 1s谱。（B）FeSA-HCB和Al电极的XPS深度剖析及（C）N 1s谱的定量分析。（D）DFT计算的FSI⁻在FeN₄O₂和Al₂O₃基底上的解离能垒对比。（E）N–S键断裂的反应坐标。图6 | 电化学动力学分析。（A）0.5 mA cm⁻²下K成核的电压曲线。（B）FeSA-HCB电极的R_ct和R_SEI活化能对比。（C）Tafel曲线。（D）0.5 mA cm⁻²下K||集流体半电池的库仑效率随循环圈数变化。（E）FeSA-HCB修饰Al集流体对称电池循环寿命与已报道钾金属负极的对比。（F）FeSA-HCB典型K沉积/剥离过程的原位TEM观察。（G）不同剥离电压（1、3、5 V）下的电流密度。图7 | 钾金属全电池的电化学性能。（A）倍率性能。（B、C）无负极PTCDA||FeSA-HCB充放电过程的原位EIS谱，插图显示对应的DRT分析结果。（D）200 mA g⁻¹下的循环性能。（E）FeSA-HCB修饰Al集流体无负极全电池循环圈数与已报道体系的对比。（F）基于扣式电池的无负极钾金属电池驱动微型温湿度指示器的数码照片。结论综上所述，作者提出了一种结构导向的界面工程策略，以同时实现均匀的K沉积、可逆的K剥离和稳定的SEI演化。通过将轴向配位的单原子Fe位点与能够缓冲应力的空心碳碗骨架相集成，所设计的集流体界面调控了K的吸附/脱附能和FSI⁻的催化分解路径。这种调控有助于抑制孤立K积累、加速剥离动力学并维持稳健的无机富集SEI。来自理论模拟、冷冻透射电镜观察、XPS深度剖析、原位阻抗图谱和无负极电池验证的协同证据，建立了原子配位环境、界面化学演化与宏观循环可逆性之间的直接机理联系。总体而言，这些发现为高效无负极钾金属电池提供了一条可推广的路径，并为更广泛的碱金属储能装置提供了有意义的范例。Qian Liu et al., Axially coordinated single-atom interface mitigates isolated K toward highly reversible anode-free K metal batteries.Sci. Adv. 12, eaef1038 (2026). DOI: 10.1126/sciadv.aef1038文章来源：电解质前沿《固态电池行业技术发展与市场投资前景分析》《钠离子电池技术发展与产业前景研究报告》《富锂锰基动力电池产业研究及其市场前景分析》《中国全固态薄膜电池和全固态超级电容器技术与市场调研报告》《中国高能量高功率锂离子电池负极材料技术发展与市场投资规划报告》▲以上报告由深水科技咨询制作 咨询电话：***********钾金属负极面临固态电解质界面演化不可控和孤立钾积累的挑战，极大阻碍了实用化无负极电池的构建。",,,,pending
软包电池能量密度达323.1 Wh kg⁻¹！华南理工大学刘军&中国科学技术大学余彦，最新JACS！,深水科技咨询,深水科技咨询,"RIOnews API, 新材料, 碳, 高比能, 富锂锰, 硅, 前沿表征, 原位, 固态电池, 新型电解液, 弱溶剂化, 钠离子电池, 学术研究, 大学, 教授",normal,2026-07-31T20:08:00+08:00,,锂离子电池的能量密度提升高度依赖于正极材料比容量和充电截止电压的提高。富锂层状氧化物正极凭借其阴离子氧化还原反应提供的额外容量，比容量可达270 mAh g⁻¹，被视为下一代高比能锂电的关键材料。然而，富锂正极在高电压（≥ 4.8 V）下工作时面临严峻挑战：一方面，常规碳酸酯类电解液在高电压下易发生电化学氧化分解；另一方面，富锂正极在Li₂MnO₃活化过程中释放的高活性氧物种（包括单线态氧和过氧/超氧自由基）会对溶剂分子发起亲核攻击，导致电解液持续消耗、正极结构退化和界面阻抗急剧增大。因此，设计兼具高电压耐受性和活性氧清除能力的功能型电解液，是推动富锂正极实用化的核心课题。2026年7月29日,http://mp.weixin.qq.com/s?__biz=MzI2NTI1Njk5Mw==&mid=2247633984&idx=2&sn=6cf2f3920d3d3b48dc0735e92b95a3c8,,锂离子电池的能量密度提升高度依赖于正极材料比容量和充电截止电压的提高。富锂层状氧化物正极凭借其阴离子氧化还原反应提供的额外容量，比容量可达270 mAh g⁻¹，被视为下一代高比能锂电的关键材料。然而，富锂正极在高电压（≥ 4.8 V）下工作时面临严峻挑战：一方面，常规碳酸酯类电解液在高电压下易发生电化学氧化分解；另一方面，富锂正极在Li₂MnO₃活化过程中释放的高活性氧物种（包括单线态氧和过氧/超氧自由基）会对溶剂分子发起亲核攻击，导致电解液持续消耗、正极结构退化和界面阻抗急剧增大。因此，设计兼具高电压耐受性和活性氧清除能力的功能型电解液，是推动富锂正极实用化的核心课题。2026年7月29日,"锂离子电池的能量密度提升高度依赖于正极材料比容量和充电截止电压的提高。富锂层状氧化物正极凭借其阴离子氧化还原反应提供的额外容量，比容量可达270 mAh g⁻¹，被视为下一代高比能锂电的关键材料。然而，富锂正极在高电压（≥ 4.8 V）下工作时面临严峻挑战：一方面，常规碳酸酯类电解液在高电压下易发生电化学氧化分解；另一方面，富锂正极在Li₂MnO₃活化过程中释放的高活性氧物种（包括单线态氧和过氧/超氧自由基）会对溶剂分子发起亲核攻击，导致电解液持续消耗、正极结构退化和界面阻抗急剧增大。因此，设计兼具高电压耐受性和活性氧清除能力的功能型电解液，是推动富锂正极实用化的核心课题。2026年7月29日，华南理工大学刘军教授、中国科学技术大学余彦教授在《Journal of the American Chemical Society》上发表了题为“A Competitive Ion-Dipole Interaction-Regulated Nonflammable Electrolyte Enables High-Energy-Density Li-Ion Batteries with Li-Rich Oxide Cathodes”的研究论文，提出了一种基于竞争性离子-偶极相互作用的弱溶剂化电解液设计策略，通过调控阴离子与不同氟化溶剂间的竞争配位关系，同步解决了高电压氧化稳定性和界面兼容性问题。研究团队设计并制备了以LiDFOB为锂盐、磷酸三乙酯（TEP）和双（2,2,2-三氟乙基）碳酸酯（TFEC）为共溶剂的电解液体系，其中TEP与TFEC体积比为1:1，LiDFOB浓度为1.5 M。密度泛函理论计算和分子动力学模拟揭示了该体系中独特的竞争性离子-偶极相互作用机制。TFEC分子中−CH₂−基团带有126.78 kJ mol⁻¹的高正电性静电势，对DFOB⁻阴离子表现出强亲和力，径向分布函数显示DFOB⁻-H(TFEC)在2.6 Å处出现尖锐特征峰，而DFOB⁻-TEP相互作用则被显著削弱。同时，¹H和¹⁹F核磁共振谱证实了TFEC与TEP之间存在强偶极-偶极相互作用，导致TEP的−CH₃信号发生0.044 ppm的化学位移。这种竞争性离子-偶极相互作用有效降低了TEP溶剂接近高荷电正极表面的概率，原位拉曼光谱显示在4.6 V以上电压下TFEC溶剂信号逐渐增强而TEP信号仅缓慢上升，证实了该机制对TEP分解的有效抑制。电化学测试表明，TEP/TFEC电解液的氧化电位高达5.14 V，显著优于TEP/DEC体系。在Li//LRLO扣式电池中，采用TEP/TFEC电解液在1C倍率、4.8 V截止电压下实现了600次稳定循环，容量保持率达78.2%，而传统碳酸酯电解液在35次循环后即发生快速衰减。dQ/dV曲线分析显示TEP/TFEC体系有效抑制了Ni⁴⁺/Ni²⁺氧化还原峰的偏移和强度衰减，表明正极结构完整性得到良好保持。界面表征方面，X射线光电子能谱和飞行时间二次离子质谱分析证实TEP/TFEC电解液在LRLO表面形成了富含LiF、LiₓByOz和LiₓPOyFz的无机-rich CEI膜，有效抑制了过渡金属溶出（Co、Mn、Ni溶出量分别从54.1、187.2、100.9 ppm降至17.4、49.6、27.6 ppm）。透射电镜观察显示该CEI膜均匀且厚度适中，LRLO颗粒的层状结构在循环后得到良好保持。为提升与微硅负极的兼容性，研究团队在TEP/TFEC基础上引入10 vol %的二氟碳酸乙烯酯（DFEC）成膜添加剂。DFEC的加入使SEI膜的平均杨氏模量从2.28 GPa提升至6.5 GPa，有效缓冲了硅负极的体积膨胀（循环后厚度膨胀从15 µm降至9 µm）。采用预锂化微硅负极与LRLO正极匹配的全电池在1.5-4.7 V电压窗口下经150次循环后容量保持率达78.9%。进一步组装的4.40 Ah级Si-C//LRLO软包电池在电解液/容量比仅为1.7 g Ah⁻¹、负正极容量比仅为1.14的苛刻条件下，实现了323.1 Wh kg⁻¹的高能量密度，并在4.6 V截止电压下稳定循环超过95次，容量保持率为71.7%。安全性能评估表明，TEP/TFEC/DFEC电解液极限氧指数达29.1%，自熄时间仅0.7 s g⁻¹，针刺测试中电池表面温度仅从22.1°C升至23.2°C，未发生热失控。1、提出竞争性离子-偶极相互作用新机制，利用DFOB⁻阴离子与TFEC溶剂的强亲和力抑制TEP接近高荷电正极表面，减少亲核攻击引发的溶剂分解。2、TEP/TFEC电解液氧化电位达5.14 V，使Li//LRLO电池在4.8 V高压下实现600次稳定循环，容量保持率78.2%，优于绝大多数已报道体系。3、4.40 Ah级Si-C//LRLO软包电池能量密度达323.1 Wh kg⁻¹，电解液/容量比仅1.7 g Ah⁻¹，且通过针刺测试无热失控，展示良好实用化前景。图1 不同溶剂化结构及电解液分解机理图2 竞争性离子-偶极相互作用调控的溶剂化结构图3 不同电解液中Li/LRLO电池的电化学性能图4 界面表征及CEI膜成分分析图5 锂离子迁移数及界面稳定性图6 微硅//LRLO和Si-C//LRLO全电池性能图7 电解液安全性能本研究提出了竞争性离子-偶极相互作用机制用于构建高电压非燃电解液，系统阐释了阴离子与氟化溶剂间的选择性配位对溶剂化结构和界面化学的调控规律。该机制利用TFEC对DFOB⁻的优先吸附，有效抑制了TEP溶剂在高荷电富锂正极表面的亲核分解，同时通过DFOB⁻对活性氧物种的清除作用构筑了富含无机组分的稳定CEI膜，使LRLO正极在4.8 V高电压下实现长循环稳定性。匹配微硅负极和Si-C负极的全电池分别实现了优异的循环稳定性和323.1 Wh kg⁻¹的高能量密度，且电解液展现出优良的非燃特性。该工作为高比能锂离子电池电解液的分子级设计提供了新的理论依据和调控方向。文献链接：https://doi.org/10.1021/jacs.6c08941文章来源：新能源前沿《固态电池行业技术发展与市场投资前景分析》《钠离子电池技术发展与产业前景研究报告》《富锂锰基动力电池产业研究及其市场前景分析》《中国全固态薄膜电池和全固态超级电容器技术与市场调研报告》《中国高能量高功率锂离子电池负极材料技术发展与市场投资规划报告》▲以上报告由深水科技咨询制作 咨询电话：***********锂离子电池的能量密度提升高度依赖于正极材料比容量和充电截止电压的提高。富锂层状氧化物正极凭借其阴离子氧化还原反应提供的额外容量",,,,pending
学术沙龙 | 德国科学院院士Jürgen Janek做客“湖畔沙龙”共探固态电池前沿难题,深水科技咨询,深水科技咨询,"RIOnews API, 新材料, 隔膜, 高比能, 富锂锰, 前沿表征, 原位, 高通量, 固态电池, 固态电解质, 钠离子电池, 合作进展, 投资, 合作, 学术研究, 大学, 教授, 科学院, 研究所, 技术进展, 技术验证, 前沿技术",normal,2026-07-31T20:08:00+08:00,,2026年7月29日，长三角物理研究中心“湖畔沙龙”第三期学术活动成功举办。德国科学院（利奥波第那科学院）院士、国际固态电化学领域顶尖科学家Jürgen Janek教授应邀到访，并作题为《硫化物固态电池及其亟待突破的材料挑战》的深度学术报告。本次活动由天目湖先进储能技术研究院及长三角物理研究中心联合主办，中国科学院物理研究所李泓研究员主持，并陪同院士实地参观两大创新平台，双方围绕固态电池核心科学与工程问题展开了富有成效的对话。01顶尖学者云集：聚焦全球固态电池学术前沿Jürgen Janek院士现任德国吉森尤斯图斯·李比希大学物理化学教授、吉森大学材料研究中心主任，同时兼任卡尔斯鲁厄理工学院B,http://mp.weixin.qq.com/s?__biz=MzI2NTI1Njk5Mw==&mid=2247633984&idx=1&sn=9e2110bbe903ed4ca05e6808afc15dcc,,2026年7月29日，长三角物理研究中心“湖畔沙龙”第三期学术活动成功举办。德国科学院（利奥波第那科学院）院士、国际固态电化学领域顶尖科学家Jürgen Janek教授应邀到访，并作题为《硫化物固态电池及其亟待突破的材料挑战》的深度学术报告。本次活动由天目湖先进储能技术研究院及长三角物理研究中心联合主办，中国科学院物理研究所李泓研究员主持，并陪同院士实地参观两大创新平台，双方围绕固态电池核心科学与工程问题展开了富有成效的对话。01顶尖学者云集：聚焦全球固态电池学术前沿Jürgen Janek院士现任德国吉森尤斯图斯·李比希大学物理化学教授、吉森大学材料研究中心主任，同时兼任卡尔斯鲁厄理工学院B,2026年7月29日，长三角物理研究中心“湖畔沙龙”第三期学术活动成功举办。德国科学院（利奥波第那科学院）院士、国际固态电化学领域顶尖科学家Jürgen Janek教授应邀到访，并作题为《硫化物固态电池及其亟待突破的材料挑战》的深度学术报告。本次活动由天目湖先进储能技术研究院及长三角物理研究中心联合主办，中国科学院物理研究所李泓研究员主持，并陪同院士实地参观两大创新平台，双方围绕固态电池核心科学与工程问题展开了富有成效的对话。01顶尖学者云集：聚焦全球固态电池学术前沿Jürgen Janek院士现任德国吉森尤斯图斯·李比希大学物理化学教授、吉森大学材料研究中心主任，同时兼任卡尔斯鲁厄理工学院BELLA实验室科学主任、日本东北大学杰出教授及代尔夫特理工大学荣誉博士。Jürgen Janek院士担任德国联邦教育与研究部FESTBATT项目协调人、德国科学基金会POLIS卓越集群发言人，长期深耕固体电化学、界面化学及储能材料基础科学，在固态电解质、固固界面原位表征等领域取得系列开创性成果，连续多年入选科睿唯安全球高被引科学家，是下一代储能电池基础研究的重要引领者。02直击核心挑战：从安全性到高比能，固态电池商业化之路还有多远？在报告环节，Jürgen Janek院士从复合正极的力学与电化学稳定性、隔膜电子电导引发的自放电效应、以及金属锂负极界面调控三个维度，系统剖析了硫化物固态电池当前面临的核心材料挑战。他同时指出，业界对固态电池核心优势的认知，经历了从早期以安全性为首要驱动力到以高比能与高倍率成为主要牵引的演变历程。如今，市场预期与电芯技术路线同步多元化，混合型、多层结构等各具优势，但高比能与高功率仍为决定性指标。由于材料、界面、制造等多层级难题的交织，固态电池商业化落地时间表持续后延，学术角度尚难做出精确预判。现场热烈互动报告过程中，天目湖储能院及中心科研人员、博士后及青年骨干围绕界面阻抗降低、新型电解质开发、原位表征技术及电芯工程放大等热点问题，与院士展开热烈互动，学术思辨氛围浓厚。相互交流研讨03实地参访：点赞“基础研究-技术验证-产业孵化”创新生态报告结束后，李泓研究员陪同Janek院士一行实地参观了天目湖先进储能技术研究院测试分析中心、固态电池中试研发平台和失效分析实验室。参访过程中，工作人员详细介绍了平台在储能材料高通量筛选、电池可靠性评测、固态电池工艺验证、概念验证及工程放大、成果转化等方面的系统布局。现场参观Janek院士对天目湖储能院高水平的仪器设备配置、聚焦产业痛点的科研方向以及“基础研究-技术验证-产业孵化”全链条协同创新模式给予高度评价。双方还就未来科研人员互访、联合学术活动及前沿技术探索等潜在合作方向交换了意见，达成了初步共识。04立足本土，链接全球：聚力攻克储能关键核心技术天目湖先进储能技术研究院与长三角物理研究中心依托中国科学院物理所深厚的科研积累，始终面向国家新型储能重大需求，在固态电池、钠离子电池等前沿方向持续发力。此次国际顶尖学者的到访与深度交流，不仅拓宽了青年科研人员的国际视野，也为中心搭建了高水平开放合作的学术桥梁。未来，天目湖储能院与中心将持续深化国际科技合作，积极链接全球顶尖智力资源，聚焦储能领域“卡脖子”难题，加速原创性基础研究与产业化落地双向赋能，为我国新能源产业高质量发展贡献创新力量。文章来源：天目湖先进储能技术研究院《固态电池行业技术发展与市场投资前景分析》《钠离子电池技术发展与产业前景研究报告》《富锂锰基动力电池产业研究及其市场前景分析》《中国全固态薄膜电池和全固态超级电容器技术与市场调研报告》《中国高能量高功率锂离子电池负极材料技术发展与市场投资规划报告》▲以上报告由深水科技咨询制作 咨询电话：***********德国科学院院士Jürgen Janek做客“湖畔沙龙”共探固态电池前沿难题,,,,pending
浙江大学杨凯杰百人研究员团队Angew. ：“原子级界面调控”实现高效宽温域可充电氢氯电池,深水科技咨询,深水科技咨询,"RIOnews API, 新材料, 复合材料, 高比能, 富锂锰, 固态电池, 钠离子电池, 合作进展, 投资, 合作, 学术研究, 大学, 教授, 期刊",normal,2026-07-31T20:08:00+08:00,,科学材料站文 章 信 息原子级界面调控实现宽温域下可充电氢氯电池应用第一作者：曹莹楠、王真真通讯作者：郭超飞*，王勇*，杨凯杰*单位：浙江农林大学，上海大学，浙江大学科学材料站研 究 背 景可充电氢氯（H2–Cl2）电池兼具高理论能量密度（755 mAh g-1）和附产高值盐酸的优势，是一种极具潜力的高功率储能体系。然而，气态Cl2极易扩散逃逸，导致严重自放电和低库仑效率；同时，Cl-/ Cl2可逆还原动力学迟缓，强酸性产物易使催化材料失活，严重制约了其循环寿命和倍率性能。因此，如何同时实现Cl2的高效限域、界面反应提升以及长期耐蚀稳定，是当前面临的核心挑战。科学材料站文 章 简 介近日，浙江,http://mp.weixin.qq.com/s?__biz=MzI2NTI1Njk5Mw==&mid=2247633984&idx=4&sn=6ccdeaee1942121c69cd7e3fed70efb8,,科学材料站文 章 信 息原子级界面调控实现宽温域下可充电氢氯电池应用第一作者：曹莹楠、王真真通讯作者：郭超飞*，王勇*，杨凯杰*单位：浙江农林大学，上海大学，浙江大学科学材料站研 究 背 景可充电氢氯（H2–Cl2）电池兼具高理论能量密度（755 mAh g-1）和附产高值盐酸的优势，是一种极具潜力的高功率储能体系。然而，气态Cl2极易扩散逃逸，导致严重自放电和低库仑效率；同时，Cl-/ Cl2可逆还原动力学迟缓，强酸性产物易使催化材料失活，严重制约了其循环寿命和倍率性能。因此，如何同时实现Cl2的高效限域、界面反应提升以及长期耐蚀稳定，是当前面临的核心挑战。科学材料站文 章 简 介近日，浙江,"科学材料站文 章 信 息原子级界面调控实现宽温域下可充电氢氯电池应用第一作者：曹莹楠、王真真通讯作者：郭超飞*，王勇*，杨凯杰*单位：浙江农林大学，上海大学，浙江大学科学材料站研 究 背 景可充电氢氯（H2–Cl2）电池兼具高理论能量密度（755 mAh g-1）和附产高值盐酸的优势，是一种极具潜力的高功率储能体系。然而，气态Cl2极易扩散逃逸，导致严重自放电和低库仑效率；同时，Cl-/ Cl2可逆还原动力学迟缓，强酸性产物易使催化材料失活，严重制约了其循环寿命和倍率性能。因此，如何同时实现Cl2的高效限域、界面反应提升以及长期耐蚀稳定，是当前面临的核心挑战。科学材料站文 章 简 介近日，浙江大学杨凯杰百人研究员团队在国际化学领域权威期刊《德国应用化学》（Angewandte Chemie International Edition）发表题为“Atomic–level interfacial regulation enables efficient chlorine redox chemistry in rechargeable H2–Cl2 batteries”的研究成果，旨在从“原子级界面调控”探究宽温域可充电氢氯电池的内在机制。图1. SACu-GTUB5基氢气-氯气电池示意图。科学材料站本 文 要 点要点一：设计带活性位点的氢键卟啉框架通过向四膦酸卟啉配体预先引入原子级分散的Cu–N4位点，并自组装构筑氢键框架，形成SACu-GTUB5，使材料兼具高孔隙率和催化活性中心。HAADF-STEM证实Cu原子级分散，EXAFS和XANES确认Cu–N4配位结构，XRD以及氮气吸脱附表征表明材料保持微孔框架，且在HCl中浸泡30天后结构仍维持稳定。图2. SACu-GTUB5结构与表征。要点二：宽温域稳定循环该电极在-40至60 °C范围内均能稳定工作，室温下经300次循环仍保持2.55 mAh cm-2面积比容量，库仑效率达85.7%；在-40 °C下200次循环后容量保持2.66 mAh cm-2。SACu-GTUB5电极在2~10 C倍率下容量保持率高，且库仑效率从87.1%提升至92.4%。图3. SACu-GTUB5电极组装的氢气-氯气电池电化学性能。图4. SACu-GTUB5电极组装的氢气-氯气电池在不同温度下的电化学性能。要点三：Cu–N4位点调控反应路径XANES显示不同放电状态下Cu的K-edge发生偏移以及Cu–N键长发生动态变化，结合Cl 2p和Cu 3d 的XPS峰偏移，表明Cu位点周围的电子环境因氯气的吸附以及氧化还原发生规律性的改变。另外，通过吸附密度分布模拟以及DFT计算表明Cu–N4对Cl2更强的吸附能力（-0.44 eV）以及更低的反应物扩散势垒；在促进Cl2至Cl-的转化过程中，SACu-GTUB5也表现出更低的解离和还原反应能垒。光谱表征和理论计算表明，Cu–N4位点通过强电子耦合增强Cl2吸附，降低Cl2解离能垒（0.46 eV vs. 0.74 eV）和扩散势垒，并促进Cl⁻向HCl转化，同时抑制副产物HClO生成。图5. SACu-GTUB5电极在循环过程中的动态过程。图6. SACu-GTUB5电极的理论机制。科学材料站结 论研究开发了一种新型氢键连接的卟啉框架材料（H-GTUB5），并引入原子级分散的铜位点（SACu-GTUB5），将其作为高性能催化电极应用于可充电H2–Cl2电池。H-GTUB5的分级多孔结构与精确调控的铜位点协同作用，通过物理限域和化学相互作用共同增强对Cl2的吸附能力。这种双重机制有效抑制了Cl2的逸出，同时加速其电化学还原过程，显著提升了库仑效率。EXAFS等表征技术揭示了循环过程中铜配位环境的动态演变，证实了其在促进Cl2氧化还原反应中的催化作用。与此同时，DFT模拟揭示了由于Cu–N4中心与Cl2之间的电子耦合效应，降低了Cl2的吸附和扩散能垒，并显著减少了Cl2解离与转化所需的能量。基于SACu-GTUB5的电池在极宽的温度范围（-40至60 °C）内均能稳定运行，经过300次循环后仍保持2.55 mAh cm-2（245.2 mAh g-1）的放电容量，展现出优异的可逆性和耐久性。科学材料站文 章 链 接Atomic–level interfacial regulation enables efficient chlorine redox chemistry in rechargeable H2–Cl2 batterieshttps://onlinelibrary.wiley.com/doi/epdf/10.1002/anie.5210125科学材料站通 讯 作 者 简 介郭超飞简介：工学博士，毕业于上海大学，现任职于浙江农林大学化学与材料工程学院。主要研究方向为有机框架材料的制备，及其在能源动力电池中的应用与机理研究，致力于解决环境污染问题与能源高效转化利用问题，积极践行绿水青山就是金山银山的环保理念。目前在国际知名期刊如Nat. Commun., Adv. Mater., Angew. Chem. Int. Ed., ACS Nano, Adv. Func. Mater.上发表30余篇SCI论文，申请专利2项。获得浙江省自然科学基金、浙农林校启动基金等相关基金的资助，并参与多项国家重大研究计划和国家自然科学基金项目。王勇教授简介：上海大学环化学院化工系教授，博士生导师，团队带头人，领导团队致力于新能源电池、环境催化、功能复合材料等高性能可持续新能源环境材料的研究，共发表200余篇SCI论文，如Nat. Chem., Nat. Commun., Adv. Mater., Angew. Chem. Int. Ed., ACS Nano等，其中一区论文100多篇，他引超1万5千次，连续多年入选高被引中国学者，曾荣获上海市育才奖、上海市自然科学一等奖等荣誉。杨凯杰研究员简介：浙江大学百人计划研究员、博士生导师，入选国家级青年人才。2018年获浙江大学环境科学博士学位，随后加入沙特阿卜杜拉国王科技大学（KAUST）开展博士后（Postdoctoral Fellow）研究，2022年晋升为研究科学家（Research Scientist）。2024年，全职回国，加盟浙江大学，担任“百人计划”研究员。已在权威期刊发表SCI论文30余篇，其中以第一/通讯作者发表SCI论文17篇，包括Nature Communications (3)、Nature Review Clean Technology (封面)、Science Advances、Environmental Science & Technology (2)等。获中国授权发明专利4件、美国发明专利2件，相关技术获多项成果转化项目资助。研究进展获美国科学促进会AAAS EurekAlert、欧洲物理协会PhysicsWorld、沙特Okaz Newspaper等科技媒体采访报道，担任Catalyst、Discovery Energy等期刊客座编辑、Nano-Micro Letters (IF:36.3)、Water Cycles等期刊青年编委。科学材料站课 题 组 招 聘因课题组工作需要，面向国内外公开招聘博士后2-3名，从事光热技术在环境污染控制与资源化领域的研究及应用，具体包括：光热蒸发、空气水收集、污染控制、资源回收等。欢迎具有环境科学/工程、材料、化学、理论计算等背景的青年学者加入。杨凯杰研究员个人主页：https://person.zju.edu.cn/kaijie岗位要求：二、应聘条件1. 身心健康，近三年获博士学位，年龄一般不超过35周岁；2. 良好的科研素养、责任心和团队协作能力，能够独立从事科研工作，未来有志于继续从事科研工作；3.写作能力较强，且在国际主流学术期刊发表SCI论文2篇及以上。三、岗位待遇1. 工资及福利待遇按浙江大学博士后相关规定执行，根据已有业绩，一人一议，年薪20-30万RMB；支持可申请“求是博士后”，获批后年薪可达40万；课题组依据工作绩效另提供科研奖励。2. 可申请学校公寓（优惠价格租赁）。3. 所依托的团队和平台具备优秀的科研条件，可与国内外相关研究团队合作。鼓励参加国内外学术会议，支持申报博士后基金和国家自然科学青年基金。4. 科研工作优秀、业绩突出者，可协助应聘本校或其他单位工作。人事关系进入浙江大学后从事博士后研究工作2年及以上的博士后研究人员，可申报浙江大学高级专业技术职务以及专职研究员岗位。四、应聘方式有意向者请将材料（个人简历、1-3篇代表性论文全文）合并为一个PDF文件，发送至kaijie.yang@zju.edu.cn，主题注明“博后应聘-本人姓名-学校”。我们会尽快与申请人联系并安排面试。文章来源：科学材料站《固态电池行业技术发展与市场投资前景分析》《钠离子电池技术发展与产业前景研究报告》《富锂锰基动力电池产业研究及其市场前景分析》《中国全固态薄膜电池和全固态超级电容器技术与市场调研报告》《中国高能量高功率锂离子电池负极材料技术发展与市场投资规划报告》▲以上报告由深水科技咨询制作 咨询电话：***********可充电氢氯（H2–Cl2）电池兼具高理论能量密度（755 mAh g-1）和附产高值盐酸的优势",,,,pending
三峡大学：疏水增韧功能性聚丙烯的制备及性能,工程塑料应用,工程塑料应用,"RIOnews API, 聚合物新材料, 凝胶, 学术研究, 大学, 教授",normal,2026-07-31T19:48:00+08:00,,编辑推荐讨论了塑料疏水-增韧性能协同提升的研究背景与核心策略。重点介绍了两大关键途径：一是引入低表面能结构（如氟元素、硅氧烷主链）与增加表面粗糙度；二是构建互穿网络结构（IPN）以解决刚性-韧性矛盾。分析了现有改性方法的局限性，包括纳米填料复合的界面相容性问题、表面微纳米结构设计的耐久性不足、多层结构的分层风险，以及疏水增韧材料共混中的相容性挑战。提出以长链烷基含氟聚硅氧烷作为兼具疏水与增韧功能的改性剂，通过引入长链烷基优化与聚丙烯基体的相容性。最终采用开环聚合制备疏水增韧改性剂FPW-C16-X，并与PP熔融共混制得功能性复合材料，实现了疏水性与韧性的同步提升。点击文末“阅读原文”可下载引用,http://mp.weixin.qq.com/s?__biz=MzA4MjYwMjQ5MA==&mid=2649537410&idx=1&sn=3a06267d355234157d615b65fef94a39,,编辑推荐讨论了塑料疏水-增韧性能协同提升的研究背景与核心策略。重点介绍了两大关键途径：一是引入低表面能结构（如氟元素、硅氧烷主链）与增加表面粗糙度；二是构建互穿网络结构（IPN）以解决刚性-韧性矛盾。分析了现有改性方法的局限性，包括纳米填料复合的界面相容性问题、表面微纳米结构设计的耐久性不足、多层结构的分层风险，以及疏水增韧材料共混中的相容性挑战。提出以长链烷基含氟聚硅氧烷作为兼具疏水与增韧功能的改性剂，通过引入长链烷基优化与聚丙烯基体的相容性。最终采用开环聚合制备疏水增韧改性剂FPW-C16-X，并与PP熔融共混制得功能性复合材料，实现了疏水性与韧性的同步提升。点击文末“阅读原文”可下载引用,"编辑推荐讨论了塑料疏水-增韧性能协同提升的研究背景与核心策略。重点介绍了两大关键途径：一是引入低表面能结构（如氟元素、硅氧烷主链）与增加表面粗糙度；二是构建互穿网络结构（IPN）以解决刚性-韧性矛盾。分析了现有改性方法的局限性，包括纳米填料复合的界面相容性问题、表面微纳米结构设计的耐久性不足、多层结构的分层风险，以及疏水增韧材料共混中的相容性挑战。提出以长链烷基含氟聚硅氧烷作为兼具疏水与增韧功能的改性剂，通过引入长链烷基优化与聚丙烯基体的相容性。最终采用开环聚合制备疏水增韧改性剂FPW-C16-X，并与PP熔融共混制得功能性复合材料，实现了疏水性与韧性的同步提升。点击文末“阅读原文”可下载引用本文。疏水增韧功能性聚丙烯的制备及性能杨婷婷 ,王晶金 ,陈然 ,周昌林 ,汪磊 （三峡大学材料与化工学院，无机非金属晶态与能源转换材料湖北省重点实验室，湖北宜昌 443002）DOI：10.3969/j.issn.1001-3539.2026.06.002摘 要： 聚丙烯(PP)广泛应用于各个领域，其力学特性和界面特性是支撑PP从传统领域应用到新兴领域的核心要素。为拓展PP更加多元的应用场景，疏水-增韧性能的协同提升是有效扩展PP应用的广度和深度的途径。本研究以1，3，5-三甲基-1，3，5 (三氟丙基)环三硅氧烷(D3F)、八甲基环四硅氧烷(D4)、十六烷基三甲氧基硅烷(Dynasylan 9116)为原料，采用离子开环聚合法制备长链烷基含氟聚硅氧烷(FPW-C16-X)，通过核磁共振波谱、凝胶渗透色谱、傅里叶变换红外光谱等表征了FPW-C16-X的结构与相对分子质量。以FPW-C16-X为疏水增韧改性剂、注塑级PP为基材，通过调控D4、D3F与Dynasylan 9116的物质的量比及FPW-C16-X添加量，与PP熔融共混制备了兼具疏水与增韧功能的改性复合材料FPW-C16-X/PP。通过微观形貌分析和热分析揭示了FPW-C16-X/PP复合材料形貌、热学性能与其综合性能的相互联系；结合动态热机械分析与流变学分析，从分子层面揭示了力学性能演化的内在关系。结果表明，当反应物的物质的量比n (D4)∶n (D3F)∶n (Dynasylan 9116)=1∶1∶0.06，FPW-C16-X质量分数为6%时，FPW-C16-X/PP的接触角和韧性分别为124.92°、164.3 J/m3，较纯PP分别提高18.97%和25.93倍。关键词： 疏水； 增韧； 长链烷基； 含氟聚硅氧烷； 功能性聚丙烯塑料广泛应用于各个领域，其力学特性和界面特性是支撑塑料从传统领域应用到新兴领域的核心要素[1-3]。为拓展塑料更加多元的应用场景，通常在研发过程中注重疏水-增韧性能的协同提升来扩展塑料应用的广度和深度[4-7]。在各种类型的塑料疏水-增韧协同改性的方法中，核心是通过单一或复合改性手段同时提升材料的界面-力学特性[8-10]。协同提升材料疏水增韧性能的核心在于以下两大关键策略。(1)引入低表面能结构与增加表面粗糙度[11-15]。其中，氟作为电负性最强的原子，是实现表面能降低的潜在选择之一，可高效增强材料的疏水性能[16-17]。而以Si—O—Si为主链的硅基高分子材料，相较碳链聚合物等传统高分子，展现出显著更优的稳定性，其化学结构赋予了材料出色的抗紫外光与抗臭氧分解能力，同时具备优异的热稳定性、耐辐照性及耐候性[18]。更重要的是，Si—O—Si主链可直接修饰疏水基团，无需额外的疏水后处理工序，不仅简化了制备流程，更能从分子结构层面保障材料疏水性能的长效稳定，显著提升了其力学耐久性。(2)互穿网络结构(IPN)。IPN是一类可以解决刚性-韧性不能协同提升矛盾的分子结构，具有强界面结合[4,11]、各向同性的改性效果。因此，通过调控IPN结构的制备方法和比例在塑料增韧-增强的平衡优化中的应用具有其独特的优势。目前基于IPN实现材料疏水-增韧性能协同提升的主要研究方向包括纳米填料复合、表面微纳米结构设计、多层/梯度结构设计和疏水增韧材料共混等[19]。其中，纳米填料复合通过引入疏水纳米颗粒(如SiO2、碳纳米管等)实现表面疏水化[20]，同时利用纳米粒子的应力传递效应增韧，但界面相容性、粒子分散性不足易导致应力集中，反而降低韧性；表面微纳米结构设计通过构建微/纳米级粗糙表面，结合低表面能物质(如氟硅烷)实现超疏水性[21-22]，但表面结构易磨损，耐久性差，同时制备工艺需依赖精密加工，难以规模化应用；多层/梯度结构设计通过共挤出或涂层工艺构建疏水表层与增韧本体的复合结构，但层间界面结合弱，长期使用易分层导致性能劣化；疏水增韧材料共混策略利用聚硅氧烷为核心改性材料，聚偏氟乙烯(PVDF)、聚烯烃弹性体(POE)等为辅助改性材料，通过改性剂的低表面能(疏水)与柔性链结构(增韧)在塑料基体中形成协同的微观相结构与界面作用，两者通过调控共混材料的相形态、界面结合、结晶行为、表面富集等，协同提升塑料的疏水与增韧性能。然而，聚硅氧烷与塑料基体的弱相容性，存在应力集中过强、易界面脱黏导致增韧效果不佳；同时易发生改性剂团聚导致表面粗糙不均、疏水稳定性差等现象。因此，制备与塑料基体具有高相容性的疏水增韧聚硅氧烷是开发疏水增韧塑料的关键。长链烷基含氟聚硅氧烷具有氟元素和硅氧烷链段、长链烷基的优点，可同时作为疏水剂与增韧剂[21-24]。在改性剂分子中引入长链烷基可有效地实现基材相容性优化，改善其与聚丙烯(PP)基体的相容性[23-24]。本文从分子设计出发，以四甲基氢氧化铵(Me4NOH)碱胶为催化剂，以八甲基环四硅氧烷(D4)、三氟丙基甲基环三硅氧烷(D3F)和十六烷基三甲氧基硅烷(Dynasylan 9116)为单体，经开环聚合制得长链烷基含氟聚硅氧烷疏水增韧改性剂FPW-C16-X(图1为合成路线)，再与PP熔融共混得到疏水增韧功能性PP复合材料。实现了PP复合材料疏水性与韧性的同步提升，为PP材料功能化、高性能化改性提供了参考。图1 FPW-C16-X的合成路线Fig. 1 Synthesis route of FPW-C16-X1 实验部分1.1 主要原材料D4、D3F、Dynasylan 9116：试剂级，上海阿拉丁生化科技股份有限公司；四甲基氢氧化铵(Me4NOH)：工业级，济南泽阳化工有限公司；PP：工业级，福建中景石化有限公司。1.2 主要仪器及设备接触角测量仪：YIKE-So1，河北承德易科试验仪器厂；傅里叶变换红外光谱(FTIR)仪：ALPHA Ⅱ，德国Bruker AXS公司；密炼机：SY-6212-B，东莞市世研精密仪器有限公司；平板硫化机：SY-6210-B，东莞世研精密仪器有限公司；微电脑拉力试验机：LDW-5，上海松顿仪器制造有限公司；扫描电子显微镜(SEM)：Nova NanoSEM 450，美国FEI公司；同步热分析仪：SDT 650，美国TA仪器公司；原子力显微镜(AFM)：Dimension Icon，美国Bruker公司；核磁共振波谱(NMR)仪：AVANCE Ⅲ HD 600，德国Bruker公司；凝胶渗透色谱(GPC)仪：Agilent GPC 50，北京普立泰科仪器有限公司；动态热机械分析(DMA)仪：TA DMA850，美国TA仪器公司；流变仪：Haake Mars40，赛默飞世尔科学公司；场发射高分辨透射电子显微镜(TEM)：JEOL F200，日本电子株式会社。1.3 试样制备1.3.1 Me4NOH碱胶催化剂的制备Me4NOH碱胶催化剂的合成参照文献[25]所提供的方法。D4 (50 g，0.17 mol)和Me4NOH (1 g，0.01 mol)按质量比100∶2加入到250 mL三口烧瓶中，在-0.05 MPa下升温至80 ℃反应1 h后，提高真空度至-0.1 MPa左右，至反应体系变为透明液体，得到碱胶。1.3.2 FPW-C16-X含氟聚硅氧烷的制备FPW-C16-X的合成参照文献[25]所提供的方法。在带温度计的三口瓶中，将计量的D4、D3F、Dynasylan 9116和碱胶混合加入至250 mL三口烧瓶中，升温至120 ℃反应2 h，体系变为澄清透明。随后在175 ℃、-0.1 MPa下减压除去低沸物，制得透明黏性流体FPW-C16-X。通过调控D4、D3F、Dynasylan 9116三者物质的量比制备各种FPW-C16-X。按D4、D3F、Dynasylan 9116物质的量比1∶1∶0.02、1∶1∶0.04、1∶1∶0.06、1∶1∶0.08、1∶1∶0.1、2∶1∶0.06、1.5∶1∶0.06、1∶1.5∶0.06、1∶2∶0.06对应制备FPW-C16-1、FPW-C16-2、FPW-C16-3、FPW-C16-4、FPW-C16-5、FPW-C16-6、FPW-C16-7、FPW-C16-8、FPW-C16-9等含氟硅氧烷。以FPW-C16-3的制备为例，将D4 (14.83 g，0.05 mol)、D3F (23.42 g，0.05 mol)、Dynasylan 9116 (1.04 g，0.003 mol)、碱胶(0.004 g，质量分数0.01%)加入至250 mL三口烧瓶中，升温至120 ℃反应2 h，体系变为澄清透明。随后在175 ℃、-0.1 MPa下减压除去低沸物，制得35.81 g透明黏性流体FPW-C16-3，产率91.14%。1.3.3 疏水增韧FPW-C16-X/PP复合材料的制备将PP (94 g)、FPW-C16-X (6 g)高速混合均匀后，在密炼机中进行混炼，在100 ℃下预混10 min，随后180 ℃高温混炼20 min。混炼出料后，通过180 ℃的热压成型制备疏水增韧FPW-C16-X/PP复合材料。FPW-C16-3添加量不同的FPW-C16-3/PP样品按同样方法制备。1.4 测试与表征接触角测试：根据ISO 15989：2004，在FPW-C16-X/PP复合材料表面的不同位置分别滴加5 μL水滴，采用接触角测量仪记录并拟合计算得到复合材料的接触角，每个样品分别测量3次后取平均值。FTIR测试：波数范围4 000~400 cm-1，分辨率为4 cm-1，扫描32次。拉伸性能测试：根据GB/T 1040.1-2025，采用拉力试验机测试复合材料的力学性能，拉伸速度为30 mm/min。SEM测试：加速电压5 kV，分辨率1 nm。热重(TG)测试：升温速率为10 ℃/min，气氛为N2，测试温度为25~700 ℃。AFM测试：扫描速率0.996 Hz，长宽比1.00，扫描角0°。GPC测试：柱温40 ℃，淋洗剂为四氢呋喃，流速1 mL/min，用线型聚苯乙烯标样对色谱柱进行校正。NMR测试：溶剂为氘代氯仿(CDCl3)。DMA测试：温度范围25~150 ℃，测试频率1 Hz，升温速率3 ℃/min，单悬臂形变模式。流变性能测试：恒定应变0.5%，频率变化范围0.1-100 rad/s。TEM测试：测试电压为100 kV。2 结果与讨论2.1 FTIR分析图2展示了FPW-C16-3和FPW-C16-3/PP的FTIR谱图，图2a中1 018 cm-1是Si—O—Si的伸缩振动特征吸收峰，1 214 cm-1是—CF3的特征吸收峰，并且为多重分裂峰，根据FPW-C16-3的FTIR谱图与D4和D3F对比发现，反应前D4和D3F的环状Si—O—Si分别在1 080 cm-1和1 020 cm-1的尖锐峰消失，1 050~1 080 cm-1出现宽化的Si—O—Si峰，表明长链线型结构形成，1 200~1 300 cm-1处的C—F峰与2 850~2 960 cm-1的C—H峰共存，证明氟烷基和长链烷基均成功引入，以上均证明表明含氟聚硅氧烷成功合成。图2b中FPW-C16-3/PP的FTIR谱图中2 850~2 970 cm-1为PP的C—H伸缩振动峰，1 050~1 100 cm-1为Si—O—Si特征吸收峰，1 150~1 300 cm-1为C—F特征吸收峰，表明FPW-C16-3/PP复合材料制备成功，未发生化学分解[25]。图2 FPW-C16及FPW-C16-3/PP的FTIR谱图Fig 2 FTIR spectra of FPW-C16-3 and FPW-C16-3/PP.2.2 NMR分析采用NMR仪对FPW-C16-3的氢谱、氟谱和硅谱进行表征，结果如图3所示。如图3a所示，未检测到环状单体峰化学位移(δ)=0.1~0.3处的环状单体峰，表明反应单体已完全开环聚合，受氟元素、硅元素和甲氧基等官能团的影响，δ=0.02~0.04是硅氧键附近的甲基氢，δ=0.61~0.63是长链烷基中末尾的甲基氢，δ=1.17左右是长链烷基的亚甲基氢，δ=1.96附近是含氟烷基的靠近聚硅氧烷主链的亚甲基氢，δ=3.36~3.4是靠近三氟甲基的亚甲基氢。结合图3b，FPW-C16-3在δ=-68.86处出现一种氟特征峰，归属于D3F中CF3上F的特征峰[25]。图3c中在δ=-21~-23出现了线型结构的FPW-C16-3的主特征峰。上述结果表明，FPW-C16-3已成功制备[26]。图3 FPW-C16-3的NMR谱图Fig. 3 NMR spectra of FPW-C16-32.3 GPC分析FPW-C16-3的GPC曲线(分子量对数-微分质量分布，lgM-dw/dlgM)如图4所示。FPW-C16-3的相对分子质量及分子量分布见表1。FPW-C16-3的GPC曲线仅有一个较高对称的单峰，说明目标产物中不含小分子的原料和大分子副产物。表1显示，FPW-C16-3的多分散性指数(PDI)为2.1，说明其分子量相对集中。图4 FPW-C16-3的GPC曲线Fig. 4 GPC curve of FPW-C16-3表1 FPW-C16-3的相对分子质量和分子量分布Tab. 1 Relative molecular weight and molecular distribution of FPW-C16-3Notes: Mn is number-average molecular weight; Mw is weight-average molecular weight; Mz is z-average molecular weight; PDI is polydispersity index.2.4 热学性能分析图5和表2展示了空白PP和经不同比例合成的FPW-C16-X改性PP热分析结果。由图5a、图5b和表2可知，空白PP的初始分解温度(T5%)为370 ℃，最大质量损失速率温度(Tmax)为490 ℃，而FPW-C16-3改性后的复合材料T5%为365 ℃，Tmax为461 ℃。FPW-C16-8改性复合材料T5%为330 ℃，Tmax为458 ℃，几乎保持着与PP相同的良好热稳定性。图5b中空白PP和FPW-C16-X/PP峰位置相差不超过5 ℃，FPW-C16-X的引入对PP热稳定性影响较小。由图5c可知，改性前后PP的熔融温度仅有1个，复合材料各组分间混合较为均匀，呈现出较好的相容性[25,27]。图5 PP与FPW-C16-X/PP的热分析Fig. 5 Thermal analysis of PP and FPW-C16-X/PP composites表2 PP与FPW-C16-X/PP的特征温度Tab. 2 Characteristic temperatures of PP and FPW-C16-X/PP composites ( ℃ )Notes: T5% is temperature at 5% mass loss; Tmax is temperature at maximum mass loss rate.另一方面，根据结晶度与熔融焓的关系可以得到空白PP、FPW-C16-3/PP、FPW-C16-8/PP结晶度分别为29.5%、29.3%、28.9%，结晶度降低可证明改性剂链段与PP之间形成强相互作用的IPN结构，阻碍了PP链段的有序排列，从而抑制结晶。IPN结构使界面结合更加紧密，良好的应力传导机制可耗散更多能量；体系内非晶区占比的增加，意味着体系内分子链段活动度更高，可有效吸收能量，减少裂纹拓展，在宏观表现上为韧性提高[28]。2.5 疏水性能分析图6展示了经过不同反应物料物质的量比制备的FPW-C16-X和不同添加量FPW-C16-X改性PP后的接触角，通过图6a和图6b探究反应物比例对于疏水性能的影响，当反应物的物质的量比为1∶1∶0.06时材料的接触角为124.92°，相较于空白PP的105°提高了20°左右，提升约18.97%；通过图6c发现，改性剂在低添加量的情况下仍然具有良好的疏水改性效果。图6 PP与FPW-C16-X/PP的接触角Fig. 6 Water contact angles of neat PP and FPW-C16-X/PP composites2.6 力学性能分析图7、表3和表4展示了空白PP和不同反应物比例、不同添加量FPW-C16-X改性PP复合材料的力学性能变化情况，应变越大说明材料韧性越强，应力越大说明材料刚性越强。图7a与图7b表明，不同比例的FPW-C16均对PP的韧性有良好的改性效果，其中FPW-C16-1改性后，断裂伸长率达到1 131.5%，是空白PP断裂伸长率23.93%的47倍以上，FPW-C16-6改性后复合材料断裂伸长率最低为554%，仍然是空白PP的27倍以上。图7c表明不同添加量的改性剂也都有良好的增韧效果，其中添加质量分数6%时效果最佳。综合图6和表4结果，FPW-C16-3在质量分数为6%时，FPW-C16-3/PP的接触角和韧性的综合性能最优，分别为124.92°，164.3 J/m3，较纯PP分别提高18.97%和25.93倍。图7 PP与FPW-C16-X/PP的应力-应变曲线Fig. 7 Stress-strain curves of neat PP and FPW-C16-X/PP composites表3 反应物物质的量比对FPW-C16-X/PP力学性能的影响Tab. 3 Influence of molar ratio of reactants on mechanical properties of FPW-C16-X/PP表4 FPW-C16-3添加量对FPW-C16-X/PP力学性能的影响Tab. 4 Effect of FPW-C16-3 dosage on mechanical properties of FPW-C16-X/PP2.7 黏弹性能分析在材料性能分析测试中DMA可以揭示材料黏弹特性与相变转折点，对实际生产中原材料的选择、工艺的优化有着重要意义[29]。储能模量(E' )对应材料的弹性，损耗模量(E"" )代表材料的黏性，由图8a、图8b可知FPW-C16-X/PP的E'、E""与温度的关系。随着温度升高，分子链运动活化和相态转变导致E'和E""下降；FPW-C16-X/PP的初始E'和E""远低于纯PP且FPW-C16-3/PP最低，值越低表明在常温区间内复合改性材料内部摩擦越少，韧性越好；改性PP的E'和E""下降速率更缓慢，意味着在高温区间内材料抵抗形变能力越强，结构稳定性更好。图8c中损耗因子(tanδ)与温度的关系加强了上述结论，低tanδ值代表了材料具有更好的韧性，同时FPW-C16-3/PP曲线相较于PP基材向高温区右移说明发生了相态转变延迟，改性剂提高了复合材料的玻璃化转变温度(Tg)。这是因为引入的Si—O—Si链段和长链烷基具有高柔顺性和基材相容性，C—F键具有高键能，改变了复合材料的结晶行为，赋予复合材料更高的热稳定性，同时与PP基材形成的IPN结构在高弹态下仍能限制分子链的运动，减缓模量骤降，实现了“低温增塑-高温增强”的双重作用机制，使材料在常温下更易加工，并在更宽的温度范围内兼具韧性与刚性，可用于承受动态载荷和对温度波动敏感的场景[30]。图8 DMA测试Fig. 8 DMA test动态流变测试是探讨聚合物复合材料的结构与性能关系的一种重要方法，对制备复合材料高品质产品具有重要意义。在流变性能中动态储能模量(G' )代表了材料形变过程的能量储存能力，即复合材料的弹性。由图9a可知FPW-C16-X/PP的G'与角频率(ω)的关系，FPW-C16-3/PP在相同ω下具有最高的储能模量，意味着此时材料抵抗瞬时形变的能力更强，刚性更优，动态稳定性更好。这是因为在该改性条件下改性剂与基材PP形成了IPN结构，缠结网络有效传递应力并限制分子链滑移，从而提升G'。高G'材料在动态载荷下弹性恢复能力强，能量耗散少，材料耐久性更强，可应用在轴承、运动器械等场景中。损耗模量(G"")反映了材料的黏性响应，也就是能量耗散的能力，由图9b可知复合改性材料G""与ω的关系，随着ω的增大G""升高，这是因为在高频剪切下，分子链无法完全响应形变，PP分子链以及改性剂之间局部剧烈滑移和摩擦加剧，表现为G""升高。从图9b中可以看出，FPW-C16-3/PP的G""最高，这是由于引入的硅氧链段具有柔顺性，有较高的运动自由度，动态响应强度高，同时，IPN结构的形成也导致在剪切过程中需要克服更多黏性阻力[31]。高G""可应用于减震、降噪材料中，而兼具的高G'表明材料在刚性与韧性之间达到优化平衡，拥有该特性的复合材料可应用于既需要结构稳定性又减震的场景中，比如汽车减震材料和高频电子封装领域。图9 流变性能Fig. 9 Rheological properties2.8 形貌分析材料表面的粗糙度是影响其疏水性能的关键指标。根据Cassie-Baxter模型，具有微纳米级粗糙结构的材料表面，可显著减少液固界面的实际接触面积，粗糙结构的空隙可有效截留空气，形成“气垫效应”，从而显著提升表观接触角[32]。因此通过AFM测量平均粗糙度(Ra)和均方根粗糙度(Rq)表征了复合材料的表面情况。图10展示了空白PP与不同比例FPW-C16-X/PP的表面形貌以及Ra、Rq值，通过AFM微观形貌检测，发现FPW-C16-3/PP，其Rq=119 nm，Ra=95.1 nm，远高于空白PP的Rq=65.3 nm，Ra=52.8 nm，其粗糙度相比于空白PP显著增加。另一方面，复合材料引入低表面能的疏水结构也是影响其疏水性能的另一有效策略，相比于FPW-C16-3/PP，FPW-C16-8/PP虽然粗糙度并未提升(Rq=21.6 nm，Ra=17.1 nm)，但由于组成中存在含氟聚硅氧烷，因此展示出疏水性能。结合AFM和疏水测试结果可进一步佐证FPW-C16-3/PP可从引入低表面能疏水结构和增加粗糙度两方面协同提升复合材料的疏水性能[16-17,25]。图10 AFM二维及三维图Fig. 10 2D and 3D AFM images图11展示了空白PP与不同比例FPW-C16-X/PP的拉伸断口形貌。如图11a所示，空白PP的断口呈现片层状的特点，整体形貌表现为脆性断裂。而图11b和图11c中断口形貌更加粗糙，出现明显的线型应力条和大量“河状”线型条纹，并出现一定程度的裂纹偏转，表现为韧性断裂。这是因为材料内部发生显著变形时，当裂纹遇到微结构障碍IPN结构时，主裂纹分叉成多个次级裂纹，形成类似“河流分支”的条纹；当裂纹沿薄弱界面快速扩展则会形成平坦、光滑的片层状断面。裂纹偏转延长了裂纹路径，增加了断裂表面积，从而提升能量吸收能力，该现象表明经改性后的树脂固化网络越完整，裂缝的数量和密度越高。这一现象导致断裂能的较大耗散，有助于提高试样的抗裂纹扩展能力，这是提高PP断裂韧性的主要因素[33-34]。为进一步佐证复合材料的韧性提升机制，对3类样品进行了TEM测试，结果如图12所示。纯PP整体形貌连续、平整(图12a)，添加FPW-C16-X后(图12b和图12c)，复合材料的结晶花纹变得部分无序，部分浅色区域类似海岛嵌入PP基体中，干扰了PP的结晶，使结晶",,,,pending
邀请函丨2026起点户储电池生态大会暨全球户储电池TOP排行榜发布会定档：8月28日，深圳举办！,起点锂电,起点锂电,"RIOnews API, 新材料, 电池材料, 产品发布, 首发, 发布, 发布会, 合作进展, 投资, 合作, 比亚迪, 亿纬锂能, 亿纬, 国轩高科, 国轩, 瑞浦兰钧, 瑞浦, 蜂巢能源, 蜂巢, 鹏辉能源, 楚能新能源, 楚能, LG新能源, 三星SDI, 储能, 系统集成, 户储, PCS, BMS, 高安全, 热失控, 热管理, 电池回收, 出货, 出货量, TOP10, 出海, 新产品, 认证, 量产, 落地",normal,2026-07-31T18:15:17+08:00,,2026起点户储电池生态大会暨全球户储电池TOP排行榜发布会时间：8月28日 地址：中国 深圳一、大会基础信息活动全称：2026起点户储电池生态大会暨全球户储电池TOP排行榜发布会活动主题： 创新引领 供需重构主办单位：起点锂电、起点储能、起点研究举办时间：2026年8月28日 全天举办地点：深圳宝安登喜路国际酒店2楼国际厅参会人员：户储电芯、户储系统集成、户储逆变器、户储经销商和渠道商、户储电池材料及装备、跨境物流及检测认证机构等全产业链董事长/CEO/CMO/CTO/COO等产业相关方二、活动背景2026年全球户用储能行业进入高速发展的黄金周期，在全球能源转型加速、电价持续高企、能源安全需,http://mp.weixin.qq.com/s?__biz=MzI1MjEyODg2Mg==&mid=2649798243&idx=3&sn=936e0b1969f74f12717546035056f261,,2026起点户储电池生态大会暨全球户储电池TOP排行榜发布会时间：8月28日 地址：中国 深圳一、大会基础信息活动全称：2026起点户储电池生态大会暨全球户储电池TOP排行榜发布会活动主题： 创新引领 供需重构主办单位：起点锂电、起点储能、起点研究举办时间：2026年8月28日 全天举办地点：深圳宝安登喜路国际酒店2楼国际厅参会人员：户储电芯、户储系统集成、户储逆变器、户储经销商和渠道商、户储电池材料及装备、跨境物流及检测认证机构等全产业链董事长/CEO/CMO/CTO/COO等产业相关方二、活动背景2026年全球户用储能行业进入高速发展的黄金周期，在全球能源转型加速、电价持续高企、能源安全需,2026起点户储电池生态大会暨全球户储电池TOP排行榜发布会时间：8月28日 地址：中国 深圳一、大会基础信息活动全称：2026起点户储电池生态大会暨全球户储电池TOP排行榜发布会活动主题： 创新引领 供需重构主办单位：起点锂电、起点储能、起点研究举办时间：2026年8月28日 全天举办地点：深圳宝安登喜路国际酒店2楼国际厅参会人员：户储电芯、户储系统集成、户储逆变器、户储经销商和渠道商、户储电池材料及装备、跨境物流及检测认证机构等全产业链董事长/CEO/CMO/CTO/COO等产业相关方二、活动背景2026年全球户用储能行业进入高速发展的黄金周期，在全球能源转型加速、电价持续高企、能源安全需求全面升级的多重核心驱动下，户储市场规模呈现爆发式增长态势，根据SPIR数据，2026上半年全球户储电池出货量61GWH，同比增长206%，预计全年出货量将超135GWH。起点锂电、起点储能作为新能源电池行业权威产业服务平台，长期深耕锂电与储能全产业链，聚焦户储电池技术创新、产业生态协同、供应链全球化与出海落地核心赛道，发起举办2026起点户储电池技术大会。起点锂电和起点储能精心筹备行业首届聚焦户储电池的生态大会--2026起点户储电池生态大会暨全球户储电池TOP排行榜发布会，大会主题为：创新引领 供需重构，旨在汇聚全球户储电池产业链核心企业、顶尖技术专家、行业决策者与投资机构，搭建技术交流、产业对接、资源协同的高端行业平台，深度探讨户储电池技术迭代方向、产业生态构建路径、供应链安全与出海全球化策略，推动全球户储电池产业高质量、可持续发展，助力全球能源转型进程，大会同期SPIR将首发全球户储电池/户储系统TOP10竞争力排行榜，为全行业提供权威数据及样本参考。三、会议议程时 间演讲主题大会开幕式09:00-09:10主办方致辞09:10-09:20总冠名单位致辞09:20-09:30SPIR：全球户储电池/户储系统TOP10竞争力排行榜发布户储电池产业生态专场09:30-12:002026年全球户储产业生态发展趋势与机遇研判户储电池全产业链协同与生态构建路径户储场景生态融合与一体化解决方案创新阳台储能创新产品及技术户储电池技术发展趋势314AH电芯在户储领域应用产业生态专场圆桌论坛户储电池创新专场13:30-15:30户储电池高安全材料体系创新与产业化户储电池长寿命结构设计与工艺技术创新户储BMS核心算法与全生命周期管理技术创新户储电池热管理与热失控防护技术创新固态/半固态户储电池量产技术突破与路径户储电池智能制造与工艺降本技术创新户储创新专场圆桌论坛户储电池供应链及出海专场15:50-17:302026年户储电池全球供应链安全与韧性构建户储电池上游材料供需格局与降本路径户储电池智能制造供应链升级与效率提升户储电池出海全球认证体系与市场准入策略户储电池全球市场布局与渠道生态构建户储电池回收体系与循环供应链全球化布局供应链及出海专场圆桌论坛四、拟邀企业名单CATEGORY户储电池企业三星SDI、LG新能源、新能安、鹏辉能源、瑞浦兰钧、融捷能源、赣锋锂电、亿纬锂能、派能科技、多氟多新能源、蜂巢能源、比亚迪、德赛电池、国轩高科、楚能新能源等CATEGORY户储系统企业特斯拉、华为、比亚迪、思格新能源、麦田能源、阳光电源、德业股份、古瑞瓦特、固德威、锦浪科技、艾罗能源、派能科技、安克创新、首航新能源、果下科技、沃太能源、大秦能源、泽塔电源、三晶股份、合康新能等CATEGORY户储逆变器及其他零部件企业- 逆变器类：华为、阳光电源、古瑞瓦特、锦浪科技、固德威、德业股份、上能电气、特变电工、科华数能、正泰电源、SolarEdge、Fronius、SMA、艾罗能源、三晶股份、首航新能源、安克创新、麦田能源、大秦数能、思格新能源等- BMS/PCS类：华为、沛城科技、超力源、优旦科技、派能科技、德业股份、固德威、锦浪科技、艾罗能源、安克创新、首航新能源、三晶股份等-热管理类：英维克、科华数据、高澜股份、同飞股份、新雷能、瑞可达、得润电子、中航光电、立讯精密、电连技术等五、报名参会参会方式①：SVIP参会：3188元人增值服务权益：1、会议期间自助午餐、茶歇2、会场座位前排台卡3、2026全球户储电池产业链地图(扫码关注起点锂电、起点储能、起点研究公众号/抖音号/视频号后领取）4、起点研究院SPIR全球户储行业运行总结PPT5、演讲企业PPT可对外6、论坛通讯录7、SVIP参会证件参会方式②：VIP参会：2188元/人增值服务权益：1、会议期间自助午餐、茶歇2、会场座位前排台卡3、2026全球户储电池产业链地图(扫码关注起点锂电、起点储能、起点研究公众号/抖音号/视频号后领取）4、起点研究院SPIR全球户储行业运行总结PPT5、演讲企业PPT可对外6、VIP参会证件参会方式③：免费（需转发本次论坛宣传文章到朋友圈，并截图上传给起点人员）增值服务权益：1、2026全球户储电池产业链地图(扫码关注起点锂电、起点储能、起点研究公众号/抖音号/视频号后领取）2、普通参会嘉宾证件【收款账号】收款单位：深圳市起点研究咨询有限公司开户行：中国农业银行深圳前进路支行银行账号：41019700040025862汇款请注明：宣传费/服务费/会议展览服务六、活动报名方式活动咨询+赞助：邱先生 ***********尧先生 ***********江先生 ***********论坛报名：于小姐 ***********张小姐 ***********媒体合作：黄小姐 ***********点击阅读原文，即可报名参会！阅读原文创新引领 供需重构丨8月28日，鹏城相聚！,,,,pending
铜箔/铝箔龙头启动IPO！,起点锂电,起点锂电,"RIOnews API, 新材料, 复合材料, 固态电池, 钠离子电池, 钠电, 合作进展, 签署协议, 合作, 量产推进, 产能, 扩产, 比亚迪, 宁德时代, 国轩高科, 国轩, LG新能源, 储能, 上市, IPO, 海外",normal,2026-07-31T18:15:17+08:00,,起点锂电获悉，7月24日洛阳铜一完成辅导备案登记，中信证券担任辅导机构，预计年末完成申报准备，开启IPO之路。洛阳铜一成立于2009年，主营业务有铜和铝相关材料产品，该公司的铜以及铝材料加工技术业内领先，其材料产品薄度能达15微米，更加值得关注的是，该公司多款产品打破了国外垄断实现国产替代。所以该公司在锂电上游材料端名头很响，与新能源三巨头宁德/比亚迪/特斯拉均有来往，手机端更是华米OV苹果三星合作个遍，汽车端则绑定丰田。在当前锂电池行业回暖的大背景下，去年公司业绩也不错，产能也需要扩张，例如豪掷7.6亿元建设4万吨复合材料项目。公司的辅导周期分三个阶段：首先是完成公司各方面的核查，解决一些风,http://mp.weixin.qq.com/s?__biz=MzI1MjEyODg2Mg==&mid=2649798243&idx=2&sn=193980f2132f405f700bc3b73e3ec6a1,,起点锂电获悉，7月24日洛阳铜一完成辅导备案登记，中信证券担任辅导机构，预计年末完成申报准备，开启IPO之路。洛阳铜一成立于2009年，主营业务有铜和铝相关材料产品，该公司的铜以及铝材料加工技术业内领先，其材料产品薄度能达15微米，更加值得关注的是，该公司多款产品打破了国外垄断实现国产替代。所以该公司在锂电上游材料端名头很响，与新能源三巨头宁德/比亚迪/特斯拉均有来往，手机端更是华米OV苹果三星合作个遍，汽车端则绑定丰田。在当前锂电池行业回暖的大背景下，去年公司业绩也不错，产能也需要扩张，例如豪掷7.6亿元建设4万吨复合材料项目。公司的辅导周期分三个阶段：首先是完成公司各方面的核查，解决一些风,起点锂电获悉，7月24日洛阳铜一完成辅导备案登记，中信证券担任辅导机构，预计年末完成申报准备，开启IPO之路。洛阳铜一成立于2009年，主营业务有铜和铝相关材料产品，该公司的铜以及铝材料加工技术业内领先，其材料产品薄度能达15微米，更加值得关注的是，该公司多款产品打破了国外垄断实现国产替代。所以该公司在锂电上游材料端名头很响，与新能源三巨头宁德/比亚迪/特斯拉均有来往，手机端更是华米OV苹果三星合作个遍，汽车端则绑定丰田。在当前锂电池行业回暖的大背景下，去年公司业绩也不错，产能也需要扩张，例如豪掷7.6亿元建设4万吨复合材料项目。公司的辅导周期分三个阶段：首先是完成公司各方面的核查，解决一些风险；第二阶段完成募投项目以及招股书撰写，还有内核校验；第三阶段完成申报定稿、交易所预沟通，这样一来就会在年底前提交申报材料。该公司主要优势是自主研发的半熔态轧制复合工艺技术，该技术原理是界面层控制，将两种金属的厚度控制在300-600纳米，实现原子级结合，上抑制脆性共晶层生长，所以公司生产的锂电池连接片、通讯基板、复合过渡板、复合板带箔材、铜铝复合带&复合排等质量过硬。要知道，近些年来高端的铜箔以及铝箔产品依旧稀缺，该公司的产品很走俏，所以需要更多资本注入为其扩产，例如此次IPO募投方向就是打造高性能超薄锂电铜箔项目，以及研发中心建设。为了能顺利上市，今年6月公司完成股份制改造，最重要的是该公司对时代的发展把握精准，意识到铝代铜产业风口将至，顺利入局实现业绩腾飞。国内一直存在富铝贫铜的资源格局，因为自产铜矿较少但铝矿较多，这样一来铜铝复合材料就开始在国内流行，洛阳铜一抓住这一机会，建立了从工艺自研到材料制备与精密加工的闭环。而且下游对于铜材料和铝材料的需求只增不减，尤其是新能源汽车、储能、3C电子，都需要这两类材料的连接片、导电排、散热VC板，更是给了相关企业很广阔的市场。不过铜、铝价格经常起伏不定，而且两种原材料生产成本较高，会影响企业利润，所以技术的特有性就显得十分重要，该公司已经做到材料自主可控，加上新能源产业扩张，选择此时上市卡点精准。今年6月公司也顺利入驻长三角，铜一时代苏州分公司开始运营，还与上海大学签署协议，深耕铜铝复合材料赛道。这两种材料不仅对于电池厂和储能厂重要，对于整车厂同样重要，因为轻量化是新能源汽车的发展大趋势，铜的密度与铝的密度存在差异，而铜一时代的复合材料恰好能解决这一痛点，起到减重效果，为整车续航里程延长做出了间接贡献。而且成本方面也能节省不少，铜价与铝价同样存在差异，该公司的产品能在电芯极柱环节实现材料降本，控制器母排环节也能降本，竞争力优势突出。异质连接是铜铝复合材料最大技术价值，该公司创造性地将铜铝复合前置到零件制造阶段，具体为极柱内部完成铜铝过渡，外部实现铜与铜焊接、铝与铝焊接，顺利解决了异种金属焊接难题。该公司生产良率也很高，40亿颗电芯中保持0 PPB缺陷率，得益于建立的发达检测系统：无损全面检测X系统。该系统通过X射线成像技术，从原材料入厂到生产过程到出厂成品进行全方位精密检测。— 完 — 作者丨宋博文 转载授权请加微信：qd-Lib1222往期回顾01｜LG新能源Q2扭亏为盈！02｜单季暴涨31倍，宁德时代供应商赚翻了03｜补齐海外产能！国轩高科推进两大电池项目04｜CINE2026（第三届）固态电池及钠电国际展定档11月6-7日广州南沙举办！锂电交流群54—码上入群点击阅读原文，即可报名参会！,,,,pending
2026H1中国锂电池涂布设备TOP5发布！,起点锂电,起点锂电,"RIOnews API, 新工艺, 新材料, 碳, 隔膜, 前沿表征, 工况, 固态电池, 新型电池, 钠离子电池, 钠电, 技术进展, 技术突破, 前沿技术, 量产推进, 产能, 扩产, 宁德时代, 国轩高科, 国轩, LG新能源, 高镍, 大圆柱, 储能, 储能电芯, 大容量储能电芯, 314Ah, 户储, 大储, 独立储能, 循环寿命, 出货, 出货量, 交付, 市占率, 市场份额, GWh, 订单, 海外, 出海, 本地化, 发布, 推出, 实验室, 中试, 中试线, 量产, 落地",normal,2026-07-31T18:15:17+08:00,,2026年全球锂电池产业正迎来新一轮产能建设高峰，在储能需求爆发、动力电池技术迭代、新型电池产业化落地的多重共振下，锂电设备作为产能扩张的“先行基础设施”，率先进入景气度上行通道，全行业从过去两年的“增量收缩、价格内卷”阶段，全面转向“存量优化、技术升级、盈利修复”的新周期。其中涂布设备作为锂电池前段制造的核心工序，直接决定电芯极片的均匀性、能量密度与循环寿命，在本轮扩产潮中率先实现量价齐升，成为上半年全产业链盈利能力修复突出的细分赛道之一。2026H1全球锂电涂布设备市场规模达到104.4亿元据SPIR最新行业调研数据显示，2026年上半年全球锂电池涂布设备市场规模达到104.4亿元，同比大,http://mp.weixin.qq.com/s?__biz=MzI1MjEyODg2Mg==&mid=2649798243&idx=1&sn=947c1c30da9d9c8d4b65ea20fbca6383,,2026年全球锂电池产业正迎来新一轮产能建设高峰，在储能需求爆发、动力电池技术迭代、新型电池产业化落地的多重共振下，锂电设备作为产能扩张的“先行基础设施”，率先进入景气度上行通道，全行业从过去两年的“增量收缩、价格内卷”阶段，全面转向“存量优化、技术升级、盈利修复”的新周期。其中涂布设备作为锂电池前段制造的核心工序，直接决定电芯极片的均匀性、能量密度与循环寿命，在本轮扩产潮中率先实现量价齐升，成为上半年全产业链盈利能力修复突出的细分赛道之一。2026H1全球锂电涂布设备市场规模达到104.4亿元据SPIR最新行业调研数据显示，2026年上半年全球锂电池涂布设备市场规模达到104.4亿元，同比大,2026年全球锂电池产业正迎来新一轮产能建设高峰，在储能需求爆发、动力电池技术迭代、新型电池产业化落地的多重共振下，锂电设备作为产能扩张的“先行基础设施”，率先进入景气度上行通道，全行业从过去两年的“增量收缩、价格内卷”阶段，全面转向“存量优化、技术升级、盈利修复”的新周期。其中涂布设备作为锂电池前段制造的核心工序，直接决定电芯极片的均匀性、能量密度与循环寿命，在本轮扩产潮中率先实现量价齐升，成为上半年全产业链盈利能力修复突出的细分赛道之一。2026H1全球锂电涂布设备市场规模达到104.4亿元据SPIR最新行业调研数据显示，2026年上半年全球锂电池涂布设备市场规模达到104.4亿元，同比大幅增长28%，增速远超锂电设备行业平均水平。从细分结构来看，面向储能电芯的高速宽幅涂布设备贡献了主要的新增订单，动力电池高镍体系、半固态电池对应的高精度狭缝挤压涂布设备需求占比提升，部分需求来自海外电池企业的产线升级与新型电池中试线建设。结合上半年订单交付节奏与下半年行业抢装趋势，SPIR预判，2026年全年全球锂电涂布设备市场规模将达到247.2亿元，全年整体增幅稳定保持在20%以上。本轮涂布设备的爆发式增长并非单纯由产能数量扩张拉动，而是“需求扩容+技术升级+价值量提升”多重因素共同作用的结果：1、储能高景气带动产能集中释放：SPIR数据显示，2026年上半年全球储能电池出货量达到523.6GWh，国内独立储能、风光大基地配储项目集中落地，海外大储、户储市场同步掀起抢装潮，头部储能电池企业产能扩建节奏较2025年同期明显加快，直接拉动大尺寸电芯配套的涂布设备需求集中释放。2、国内外电池产能建设同步加速：国内锂电行业在经历两年产能调整后，头部企业启动新一轮高效产线扩产，同时欧美、东南亚地区的本地化电池工厂建设进度加快，中国涂布设备凭借技术成熟度高、交付周期短、性价比突出的优势，出海订单同比大幅增长，成为市场增长的重要增量。3、产线向宽幅高速机型升级推高设备价值量：传统1200mm幅宽、60m/min速度的老旧机型已基本退出新增市场，当前主流新建产线普遍采用1400-1600mm幅宽、80-120m/min的高速双层涂布设备，部分头部企业的标杆产线已导入1800mm超宽幅高速机型，单台设备价值量较传统机型大幅提升，直接带动市场规模增幅远超产能规模增幅。4、工艺迭代催生新增替换需求：干法电极工艺、固态电池涂布技术逐步从实验室走向量产线，叠加存量产线为适配314Ah以上大容量储能电芯进行的技改升级，催生了大量存量设备替换需求。2026H1中国锂电池涂布设备TOP5从2026年上半年国内市场出货量与订单规模综合统计，中国锂电涂布设备TOP5企业分别为：嘉拓智能、先导智能、鹏锦智能、赢合科技、浩能科技。 TOP1 嘉拓智能嘉拓智能聚焦锂电前段核心工序设备研发，核心产品覆盖双面高速高精度极片涂布机、隔膜涂布机等涂布系列主力设备，同时延伸布局注液机、叠片机等中段核心设备，形成以涂布为核心的全链条产品矩阵。目前在溧阳、深圳、东莞、成都等地均设业务基地，辐射全国锂电产业集群，扎根宁德核心产区的区位优势，更能快速响应头部电池企业的新工艺需求，是国内多家主流动力、储能电池厂商的核心涂布设备供应商，在细分市场长期保持领先份额。TOP2 先导智能作为全球锂电装备行业的龙头企业，先导智能在涂布领域的核心优势集中在前沿技术布局与全流程配套能力。2026年先后拿下下料装置、高精度裁切装置两项相关专利，其推出的干法混料涂布系统可实现最高100m/min的机械运行速度，覆盖5-8GWh单线产能，生产过程能耗降低35%以上，材料与制造综合成本降幅超15%，是国内少数打通固态电池干法涂布全工艺环节的厂商。依托2026年一季度96亿元的新增订单规模，其涂布设备不仅适配传统液态电池产线，更在固态电池、大圆柱电池的新型产线中实现大规模交付，同时配套整线解决方案的能力让其在高端涂布市场占据显著优势。TOP3 鹏锦智能鹏锦智能是国内锂电涂布设备领域的专精型代表企业，核心优势聚焦在细分场景的定制化适配与高性价比落地能力。尤其在锂电涂布设备领域布局完善、技术壁垒突出，拥有完备的涂布及配套产品矩阵，全面适配消费、动力、储能、大圆柱及固态电池等多类生产线。公司核心王牌为独家自研的涂布NMP回收热泵一体机，为国内暂无竞品的创新设备，创新性将涂布工序与NMP回收系统深度集成，有效解决传统产线能耗高、占地大、管线繁杂、高空作业隐患多等行业痛点，具备节能低碳、降本增效、智能化集成、运维简便等多重优势。该设备已成功应用于消费电池产线，目前正联合行业头部企业攻坚迭代，逐步适配动力电池、储能电池复杂工况。针对固态电池新兴赛道，鹏锦智能提前布局核心设备，推出专用极片涂布机，可实现正负极同步涂布，优化极片应力、提升涂层均匀度，适配全固态电池生产工艺。同时配套高规格NMP回收、精馏提纯设备，溶剂回收率最高可达99.7%，防泄漏、尾气排放性能行业领先，可满足海外高标准环保要求。TOP4 赢合科技赢合科技2026年一季度凭借308.19%的净利润同比增幅领跑锂电设备行业，其涂布设备的核心优势深度绑定整线交付模式。依托自身锂电智能整线解决方案的成熟布局，赢合科技的涂布设备可与前后段工序设备实现高度协同适配，大幅降低客户产线对接的调试成本，2026年以来在动力与储能电池的新建产线中实现大规模订单落地，在涂布工序与整线联动的适配性上形成了独有的竞争壁垒，是国内少数能为客户提供涂布全流程配套服务的厂商之一。TOP5 浩能科技浩能科技作为国内最早深耕锂电涂布设备的厂商之一，长期在高端涂布领域沉淀技术优势，其产品在高精度狭缝涂布、超薄涂层控制等方向拥有深厚的技术积累，广泛适配3C数码电池、动力锂电池等多品类电池的生产需求。经过多年的市场迭代，浩能科技的涂布设备在极片厚度一致性、高速运行稳定性上拥有大量成熟落地案例，在细分高端电池涂布市场保持稳定的市场份额，是行业内公认的涂布设备技术标杆厂商之一。总 结头部企业的竞争优势已从过去的“价格竞争、交付速度竞争”转向“整线适配能力、高精度控制技术、海外本地化服务能力”的综合比拼。嘉拓智能深耕锂电前段核心涂布赛道，高速高精度宽幅涂布设备市占率长期稳居行业前列，依托贴近宁德核心产区的区位优势与全链条产品矩阵，在储能电芯领域订单储备充足、竞争优势突出；先导智能凭借顶尖的整线配套交付能力与干法涂布前沿技术优势，全面适配高端动力电池、固态电池及大圆柱电池产线，持续稳固高端动力涂布市场核心份额；鹏锦智能聚焦差异化细分赛道，在固态专用涂布、厚电极涂布及节能集成涂布工艺上实现关键技术突破，凭借独家NMP回收一体化设备优势，快速抢占高附加值细分市场；赢合科技依托成熟的锂电智能整线交付模式，凭借工序高度协同、降本增效的核心壁垒，在国内外动力、储能新建产线中持续斩获订单，海外业务增速领跑行业；浩能科技深耕高端精密涂布领域多年，凭借扎实的超薄涂层控制与高速稳定涂布技术，牢牢守住中小动力电芯、储能小模组涂布细分市场，客户基本盘稳固扎实。整体来看，国产涂布设备已全面突破高端技术壁垒，在精度、自动化程度、运行稳定性等核心指标上已达到国际先进水平，当前国产化率已超过95%，下一步行业竞争将围绕智能化、无人化、低能耗方向持续深化，具备核心技术迭代能力和全球化服务能力的企业，将在新一轮产业整合中进一步扩大领先优势。— 完 — 作者丨起点聚焦 转载授权请加微信：qd-Lib1222往期回顾01｜LG新能源Q2扭亏为盈！02｜单季暴涨31倍，宁德时代供应商赚翻了03｜补齐海外产能！国轩高科推进两大电池项目04｜CINE2026（第三届）固态电池及钠电国际展定档11月6-7日广州南沙举办！锂电交流群54—码上入群点击阅读原文，即可报名参会！,,,,pending
新突破！钠电池在泛农业与工程机械领域按下“加速键”,起点钠电,起点钠电,"RIOnews API, 钠离子电池, 钠电, 合作进展, 战略合作, 投资, 合作",normal,2026-07-31T18:12:41+08:00,,爱科农机搭载江苏钠驰钠电池开展水稻收割试验起点钠电关注到，近期，爱科农机携手江苏钠驰新能源科技有限公司，开展田间实地工况测试，将江苏钠驰12V40Ah钠离子启动电池搭载于爱科收割机，投入水稻收割实战检验。下一步，双方将持续深化试验验证，持续优化配套方案，共同推进钠离子电池在现代农业装备领域规模化落地，以新型绿色电源助力农业机械化高质量发展。资料显示，江苏钠驰新能源成立于2025年，是一家专业钠离子电池研发、生产企业，聚焦工程机械、农用机械、船舶储能、商用车启动、户用储能、UPS电源等多元赛道，持续推出12V/24V/48V全系列标准化钠离子电池产品，同时支持船舶、工程机械等行业客户定制化PAC,http://mp.weixin.qq.com/s?__biz=Mzg4NjgzMzg3NA==&mid=2247518404&idx=1&sn=54168fb823231c5d6176f79a6d44fde8,,爱科农机搭载江苏钠驰钠电池开展水稻收割试验起点钠电关注到，近期，爱科农机携手江苏钠驰新能源科技有限公司，开展田间实地工况测试，将江苏钠驰12V40Ah钠离子启动电池搭载于爱科收割机，投入水稻收割实战检验。下一步，双方将持续深化试验验证，持续优化配套方案，共同推进钠离子电池在现代农业装备领域规模化落地，以新型绿色电源助力农业机械化高质量发展。资料显示，江苏钠驰新能源成立于2025年，是一家专业钠离子电池研发、生产企业，聚焦工程机械、农用机械、船舶储能、商用车启动、户用储能、UPS电源等多元赛道，持续推出12V/24V/48V全系列标准化钠离子电池产品，同时支持船舶、工程机械等行业客户定制化PAC,爱科农机搭载江苏钠驰钠电池开展水稻收割试验起点钠电关注到，近期，爱科农机携手江苏钠驰新能源科技有限公司，开展田间实地工况测试，将江苏钠驰12V40Ah钠离子启动电池搭载于爱科收割机，投入水稻收割实战检验。下一步，双方将持续深化试验验证，持续优化配套方案，共同推进钠离子电池在现代农业装备领域规模化落地，以新型绿色电源助力农业机械化高质量发展。资料显示，江苏钠驰新能源成立于2025年，是一家专业钠离子电池研发、生产企业，聚焦工程机械、农用机械、船舶储能、商用车启动、户用储能、UPS电源等多元赛道，持续推出12V/24V/48V全系列标准化钠离子电池产品，同时支持船舶、工程机械等行业客户定制化PACK开发。具体来看，江苏钠驰新能源已针对挖掘机、装载机、叉车、重卡等工程机械启动场景定制低压钠电产品，据介绍，其旗下24V30Ah、24V100Ah等多规格启动电池，能完美适配工程设备严苛工况，兼顾性能、安全与性价比。同时，江苏钠驰新能源已完成48V100Ah船用专用钠离子电池样品研发制造并成功下线，该系列产品专为船舶工况定制，完美匹配内河渔船、观光游船、港口作业艇、小型混动船舶供电需求。实际应用方面，江苏钠驰新能源已携手常州冠顺物流完成重卡钠离子电源升级交接，现场完成实车拆装实测，以单块24V100Ah钠离子电池，直接替换车队传统两块12V150Ah串联铅酸电瓶，为物流车队提供低成本、高性能供电。客户拓展方面，近期，江苏钠驰新能源还与俄罗斯客户围绕钠离子电池海外市场落地、定制化产品供应、长期稳定供货达成深度战略合作共识，计划携手开拓俄罗斯钠离子电源市场。钠离子电池在泛农业与工程机械的应用前景据起点钠电了解，钠离子电池具备低温性能突出、充电速度快、安全系数高，再加上原材料供给稳定、综合成本可控等多重优势，基于前述优势，钠离子电池正加速渗透储能、泛农业与工程机械等领域。其中，面向农业机械场景，钠离子电池凭借高功率、耐低温、高安全等独特优势，精准填补了现有电池技术在农业场景中的性能空白，尤其适合作为农机启动电源和山地丘陵等复杂工况的动力来源，在农用机械领域的应用前景广阔。据现有信息，钠离子电池在农用机械领域已有多项真实的应用案例，主要集中在插秧机、收割机以及大马力拖拉机等核心装备上。如2026年春耕期间，天津林工机械有限公司在湖南冷水江推广了一款专为丘陵小地块设计的电动两行水稻插秧机，它采用的是48V钠离子电池。这款插秧机优势明显：整机仅75公斤，两个人就能抬过田埂，解决了小田块机械“下田难”的问题；充电4-6小时，续航约4小时。在大型拖拉机等重型农机方面，山东骏玛道机械有限公司于2025年推出了一款清洁能源混合动力无级变速拖拉机（MG2604）。这款产品以甲醇燃料与钠离子电池为核心，将两者结合，使产品兼具燃油的经济性与电池的动力性，为大马力拖拉机突破传统技术路径提供了新思路。而将视野拓宽至整个泛农业与工程机械领域，钠电池的应用也已不再局限于理论。据起点钠电不完全梳理，已经有比亚迪、海四达钠星、旭派动力、传艺钠电、三一集团、龙工集团等先后入局，推动钠离子电池在旗下工程机械产品上的应用。今年1月，比亚迪正式发布首台量产钠离子电池平衡重叉车，该产品依托比亚迪钠电池超长寿命、超高能效、超高安全性、超宽温域、超高倍率等优势，可在-40℃至60℃的宽温域下工作，保障工业车辆在各类恶劣温度条件下稳定运行；拥有超高倍率性能，支持4C 快充、6C 持续放电，为工业车辆实现更优的能耗管理和功率配置；并提供长达10年的电池质保，大幅降低工业车辆长期运营中的电池更换与维护成本。另外，海四达钠星在特种车领域与日本小松工程机械制造商发布钠电叉车；龙工集团首台搭载传艺钠离子电池的工程装载机已正式交付；旭派动力也先后与环信集团、陕汽集团、同力重工等达成合作共识，计划推动钠离子电池在叉车、起动电池、工程机械用电池等领域的应用。据起点研究院（SPIR）此前测算，若到2030年电动化率达100%，则到2030全球工程机械类用电池超300GWh，而钠电池和工程机械类适配度较高，若到2030年钠电池在工程机械类领域渗透率达15%，则全球工程机械类用钠电池潜在需求将达45GWh。综合来看，随着钠离子电池产业链的日趋成熟以及下游市场认知度的提升，泛农业与工程机械领域正获得越来越多企业的战略布局。乐观预计，该领域有望继低速电动车与储能之后，成为钠离子电池规模化落地的又一重要应用场景。一键三连「点赞」「转发」「小心心」欢迎关注起点钠电！— 完 —起点钠电交流群72-码上入群往期推荐:远东股份拟投资钠电标的海四达钠星AIDC专用钠电池发布盘点财富中国500强钠电玩家：巨头集体入局，赛道格局加速分化点击阅读原文，即可报名参会！,,,,pending
总投资40亿元，10GWh钠电项目拟落地浙江衢州,起点钠电,起点钠电,"RIOnews API, 钠离子电池, 钠电",normal,2026-07-31T18:12:41+08:00,,起点钠电关注到，7月30日，浙江绿储能源科技有限公司年产10GWh钠离子电芯及储能电池包生产基地项目备案，项目一期位于衢州智造新城东港片区H-17地块厂房，预留东港片区C-49地块厂房作为项目二期场地，拟于2026年10月开工，2028年9月建成。该项目由衢州绿芯新能源有限公司投建，总投资约40亿元，固定资产投资约36亿元。项目总用地314.8亩，分期建设，其中项目一期计划投资20亿元，固定资产投资约18亿元，建设年产5GWH钠离子电芯及储能电池包生产基地项目：项目二期计划投资20亿元，固定资产投资18亿元，建设年产5GWH钠离子电芯及储能电池包生产基地项目。资料显示，衢州绿芯新能源有限公司成,http://mp.weixin.qq.com/s?__biz=Mzg4NjgzMzg3NA==&mid=2247518404&idx=2&sn=d11a96c64698deee23839a35ac436fa0,,起点钠电关注到，7月30日，浙江绿储能源科技有限公司年产10GWh钠离子电芯及储能电池包生产基地项目备案，项目一期位于衢州智造新城东港片区H-17地块厂房，预留东港片区C-49地块厂房作为项目二期场地，拟于2026年10月开工，2028年9月建成。该项目由衢州绿芯新能源有限公司投建，总投资约40亿元，固定资产投资约36亿元。项目总用地314.8亩，分期建设，其中项目一期计划投资20亿元，固定资产投资约18亿元，建设年产5GWH钠离子电芯及储能电池包生产基地项目：项目二期计划投资20亿元，固定资产投资18亿元，建设年产5GWH钠离子电芯及储能电池包生产基地项目。资料显示，衢州绿芯新能源有限公司成,起点钠电关注到，7月30日，浙江绿储能源科技有限公司年产10GWh钠离子电芯及储能电池包生产基地项目备案，项目一期位于衢州智造新城东港片区H-17地块厂房，预留东港片区C-49地块厂房作为项目二期场地，拟于2026年10月开工，2028年9月建成。该项目由衢州绿芯新能源有限公司投建，总投资约40亿元，固定资产投资约36亿元。项目总用地314.8亩，分期建设，其中项目一期计划投资20亿元，固定资产投资约18亿元，建设年产5GWH钠离子电芯及储能电池包生产基地项目：项目二期计划投资20亿元，固定资产投资18亿元，建设年产5GWH钠离子电芯及储能电池包生产基地项目。资料显示，衢州绿芯新能源有限公司成立于2026年7月9日，注册资本13.8亿元，是绿储寰宇新能源（深圳）有限公司的全资子公司。2026年7月，绿储寰宇新能源（深圳）有限公司成立，由香港绿储能源集团（中国）有限公司全资持股，注册资本5000万元，经营范围涉及储能技术服务、电池制造、光伏设备销售等。起点研究院SPIR数据显示，2025年全球钠离子电池出货量达9GWh，同比增长150%，市场应用主要集中在储能、启停、两轮车、中低续航新能源汽车、UPS等领域，预计2030年钠离子电池市场规模将达到1051GWh，将是未来10年最具发展潜力的电池路线，市场增长潜力巨大。为抢占未来市场制高点，当前各省市均在钠电领域展开大力布局。据起点钠电不完全统计，2026年开年以来，浙江已有多个钠电项目传来新进展：7月24日，浙江超钠新能源材料有限公司钠离子电池材料及电芯研发测试项目环境影响报告书的审查意见公示。项目拟建地为安吉县梅溪镇临港化工园区，项目总投资1200万元，进行钠离子电池材料生产示范及电芯研发测试改造，购置钠离子电池材料生产示范线、电芯研发测试线等主要先进设备，新建钠离子电池材料生产示范及电芯研发测试间。项目建成后预计形成年新增钠离子电池材料20吨的生产能力，同时进行电芯研发测试。6月，浙江台州温岭发布关于拟对年产2亿瓦时钠离子电池技改项目环评文件做出审批意见的公告。项目由浙江汉行钠电科技有限公司投建，项目计划投资2300万元，实施年产2亿瓦时钠离子电池技改项目。5月29日，基于锂钠协同的多技术路线多模态应用技改示范项目（新增1GWh锂（钠）电池）项目备案。该项目建设地点位于浙江省丽水市遂昌县，由宇恒电池股份有限公司投建，总投资6000万元，项目建成后可形成年产1GWh锂（钠）电池的规模化生产能力。5月11日，温州钠术新能源科技有限公司年产1GWh钠离子电池项目备案获温州瓯海区发展和改革局批复，项目计划总投资2.5亿元。4月30日，年产900MWhh储能及动力电池产业化项目环评审批公示，该项目由浙江超仁能源科技有限公司投建，项目拟租赁超威电源集团有限公司闲置厂房30000平米，总投资31470万元。4月27日，“高性能储能钠离子电池数字化产线项目”备案获杭州桐庐县发展和改革局批复，该项目由吉利集团旗下电池板块子公司--富江能源科技有限公司负责建设落地，总投资14869万元。4月24日，浙江中领光储能源科技有限公司年产50万套二轮电动车专用钠离子电池PACK及2万套充换电机柜建设项目生产建设项目水土保持方案审批。4月23日，天通凯美技术有限公司年产0.3GWh钠电池建设项目环评文件承诺备案获嘉兴市生态环境局海宁分局批复。4月22日，天能钠电0.5MW/1.2MWh新型储能示范项目备案获长兴县浙江长兴经济技术开发区管理委员会批复。该项目总投资330万元，拟建设0.5MW/1.2MWh钠离子电池储能系统。4月21日，浙江超越动力科技股份有限公司铅酸电池产线技改与年产8.5万kVAh锂、钠电池智造及研发平台升级项目在长兴县经济和信息化局备案。4月14日，万锂达新材料锂（钠）离子电池电解液用关键材料的核心技术开发项目环评文件备案。3月18日，“年产电动车钠/锂离子电池20万组PACK项目”备案获长兴县浙江长兴经济技术开发区管理委员会批复。该项目由超威旗下浙江长兴金太阳新能源科技有限公司投建，项目总投资1200万元。3月6日，浙江年产6万吨钠离子电池负极材料前驱体项目节能审查获批，该项目由弘星昱（遂昌）电池材料有限公司投建。项目总投资30000万元，以毛竹为主要原料，建成达产后可年产6万吨钠离子电池负极材料前驱体。2月27日，浙江泰鑫时代新能源科技有限公司年产2GWh钠离子及锂离子电芯生产线项目环评文件承诺备案公示。该项目计划总投资2.4亿元，建设年产2GWh钠离子及锂离子电芯生产线。2月5日，巨江电源科技有限公司“新增200万只新能源车用低压钠电池/锂电池智能制造项目”取得兰溪市自然资源和规划局出具的浙江省建设工程规划用地核实确认书，项目建设地点位于浙江省金华市兰溪市游埠镇西山王村，项目总投资3.61亿元。1月29日，超钠新能源旗下浙江启蓝电池技术有限责任公司首条高功率普鲁士蓝钠离子电芯量产线正式宣告投产。据悉，启蓝电池规划总产能为5GWh，一期规划建设1GWh产能高性能钠离子电池生产线，二期规划建设4GWh高性能钠离子电池产线。1月27日，维科电池12PPM的钠离子圆柱电池生产车间技术改造建设项目备案获宁波市北仑区经济和信息化局批复，项目通过技改投资12PPM的钠离子圆柱电池产线，月产77万支。1月12日，浙江金钠科技有限公司50kW/100kWh用户侧储能项目备案，拟建设一套总功率 50kW、总容量 100kWh 的钠离子电池储能系统。随着钠电产业化推进，预计将会有更多项目落地，对此，起点钠电将保持关注。一键三连「点赞」「转发」「小心心」欢迎关注起点钠电！— 完 —起点钠电交流群72-码上入群往期推荐:远东股份拟投资钠电标的海四达钠星AIDC专用钠电池发布盘点财富中国500强钠电玩家：巨头集体入局，赛道格局加速分化点击阅读原文，即可报名参会！,,,,pending
全链路突破 规模化质变丨2026第十一届起点钠电论坛暨全球钠电TOP10排行榜发布会定档8月28日，深圳举办！,起点钠电,起点钠电,"RIOnews API, 钠离子电池, 钠电, 钠电正极, 钠电负极, 产品发布, 发布, 发布会, 新品, 全新, 官宣, 合作进展, 融资, 投资, 合作, 技术进展, 技术突破, 新工艺, 量产工艺, 改性技术, 前沿技术",normal,2026-07-31T18:12:41+08:00,,2026第十一届起点钠电论坛暨全球钠电TOP10排行榜发布会议程一大会基础信息活动全称：2026第十一届起点钠电论坛暨全球钠电TOP10排行榜发布会活动主题：全链路突破 规模化质变主办单位：起点研究、起点钠电举办时间：2026 年 8 月 28 日举办地点：深圳宝安登喜路国际酒店2楼国际厅活动规模：500 + 参会人员：钠电池、材料、装备、应用、投资、产业园等全产业链董事长、总经理、技术总监、研发负责人、投资方、EPC、主机厂及集成商、产业资本、科研院所和检测认证机构等产业相关方二活动背景全球能源转型持续纵深推进，新型储能、AI算力、电网调频、交通工具电动化智能化、油改电和低空经济等需求集中爆,http://mp.weixin.qq.com/s?__biz=Mzg4NjgzMzg3NA==&mid=2247518404&idx=3&sn=49040b4157a3e03817d57e9a731c1d09,,2026第十一届起点钠电论坛暨全球钠电TOP10排行榜发布会议程一大会基础信息活动全称：2026第十一届起点钠电论坛暨全球钠电TOP10排行榜发布会活动主题：全链路突破 规模化质变主办单位：起点研究、起点钠电举办时间：2026 年 8 月 28 日举办地点：深圳宝安登喜路国际酒店2楼国际厅活动规模：500 + 参会人员：钠电池、材料、装备、应用、投资、产业园等全产业链董事长、总经理、技术总监、研发负责人、投资方、EPC、主机厂及集成商、产业资本、科研院所和检测认证机构等产业相关方二活动背景全球能源转型持续纵深推进，新型储能、AI算力、电网调频、交通工具电动化智能化、油改电和低空经济等需求集中爆,2026第十一届起点钠电论坛暨全球钠电TOP10排行榜发布会议程一大会基础信息活动全称：2026第十一届起点钠电论坛暨全球钠电TOP10排行榜发布会活动主题：全链路突破 规模化质变主办单位：起点研究、起点钠电举办时间：2026 年 8 月 28 日举办地点：深圳宝安登喜路国际酒店2楼国际厅活动规模：500 + 参会人员：钠电池、材料、装备、应用、投资、产业园等全产业链董事长、总经理、技术总监、研发负责人、投资方、EPC、主机厂及集成商、产业资本、科研院所和检测认证机构等产业相关方二活动背景全球能源转型持续纵深推进，新型储能、AI算力、电网调频、交通工具电动化智能化、油改电和低空经济等需求集中爆发，锂资源对外依存度高、价格周期性剧烈波动的供应链安全隐患长期凸显。钠离子电池依托钠资源储量无限、国内供给完全自主可控、宽温域适配、高安全、超长循环、中长期成本优势突出等核心禀赋，成为完善多元电化学储能体系、替代铅酸、分流锂电中低端场景、保障国家能源产业链自主可控的核心新型电池路线，连续多年被纳入国家新质生产力、新型储能重点扶持赛道，产业战略地位持续抬升。依托成熟锂电产业链迁移红利，中国建成全球唯一覆盖钠电正负极材料、电解液、专用隔膜、电芯制造、PACK系统、智能装备、梯次回收的完整产业生态，核心材料技术突破。历经多年实验室研发、中试验证、小批量示范交付，行业完成多轮技术路线收敛、量产工程瓶颈攻坚、上下游配套补齐，2026年正式定为钠离子电池规模化商用元年，赛道彻底告别样品送测、小规模试点阶段，全面进入GWh级量产交付、百MWh级储能电站并网、数十GWh级长期供货协议集中落地的产业质变关键窗口。据起点研究院SPIR全年跟踪统计，2025年全球钠离子电池整体出货量9GWh；2026上半年行业规模高速增速，2026H1全球钠电出货10.8GWh.，同比增长175%，预计全年出货量将达到26.8GWh，同比增速198%，，正式迈入10GWh级大规模商用周期。2026-2028年维持行业年复合增速160%以上，2028年全球钠电出货量突破100GWh；2030年全球钠离子电池整体出货规模达到1051GWh，其中储能钠电池580GWh，车载动力钠电池410GWh，全球钠电市场规模迈入千亿级别。起点钠电论坛由全球领先的钠电产业智库--起点钠电和起点研究院SPIR联合主办，至今已成功连续举办十届，本届升级为2026第十一届起点钠电论坛，是国内举办时间最早、产业链覆盖最全、数据权威性最强、企业参与规格最高的钠离子电池垂直专业峰会，长期被行业公认为钠电产业发展核心风向标，持续引领国内钠电产业化节奏、技术迭代方向与市场商业化路径。十届以来，论坛累计接待超5000人次产业链从业者，沉淀1000+钠电企业资源库、500余家投资机构、百余位行业院士教授与资深技术专家；每届同步发布起点研究院（SPIR）独家钠电产业白皮书、产业链50强竞争力排行榜、细分赛道出货榜单，榜单数据成为企业投资、产能规划、市场拓展、供应链采购的核心决策依据。站在第十一届全新起点，产业正式迈入规模化放量新阶段，行业亟需依托权威产业数据复盘上半年发展全貌，厘清技术痛点、降本路径，材料供应、行业标准、海外市场拓展等难题，精准锚定未来3年行业成长路径。为此，起点钠电和起点研究院SPIR举办2026第十一届起点钠电论坛，延续十届权威平台优势，汇聚历届重磅龙头企业、行业专家、投资机构齐聚，依托SPIR全年持续跟踪的一手产业链数据库，深度复盘2026上半年行业运行全貌，系统研判未来五年技术、市场、格局演化趋势，为全产业链提供数据参考、技术碰撞、商务对接一体化行业盛会。三会议议程2026第十一届起点钠电论坛时间议程 08:00-09:00 会前签到、商务对接PART 1 论坛开幕式09:00-9:30主办方开幕致辞总冠名致辞协办单位致辞2026（第五届）起点钠电金鼎奖评选及2026CINE钠电展启动仪式PART 2 钠电材料专场09:30-12:00SPIR：2026H1全球钠电芯/钠电材料TOP10竞争力排行榜发布高稳定NFPP 磷酸铁钠结构改性技术，适配长时储能规模化应用落地万吨级NFPP 正极量产工艺迭代与储能级成本优化路径宽温域长循环NFPP 材料量产突破车规级聚阴离子材料技术发展与应用磷酸钒钠材料研究与应用低成本NFS 新型铁基正极产业化进程，平价储能替代新路线钠电正极前驱体技术发展趋势多路线正极量产专用设备革新与智能化产线升级方案12:00-13:30自助午餐及观展PART 3 钠电创新专场13:30-15:00果壳基钠电负极产品及应用竹基钠电负极关键技术解析树脂基高端硬碳负极一致性提升，适配高品质储能电芯量产需求大规模量产钠电负极优选方案：塑料基硬碳负极的开发及应用储能专用高稳定钠电解液配方迭代，宽温域、长循环体系适配优化钠电池负极材料新工艺及新设备15:00-15:30茶歇及观展PART 4 钠电池及技术应用专场15:30-17:30钠电独立储能电站投资经济性测算钠电池在储能领域的应用机遇与挑战铅改钠市场机遇与挑战面向8h+超长时储能应用的 NFPP 钠电池技术NFS 钠电池在轻型动力领域应用无负极钠电池技术发展启停钠电池技术新风向BBU用钠电池产品解决方案钠锂混合储能系统：场景适配与商业化推广进展PART 5 联盟晚宴18:30-21:00Na+钠电产业联盟闭门交流晚宴（定向邀请）四报名参会参会方式①：SVIP参会：3188元人增值服务权益：1、会议期间自助午餐、茶歇2、会场座位前排台卡3、2026钠电产业链地图4、起点研究院SPIR钠电行业运行总结PPT5、演讲企业PPT可对外6、论坛通讯录参会方式②：VIP参会：2188元/人增值服务权益：1、会议期间自助午餐、茶歇2、会场座位台卡3、2026钠电产业链地图4、起点研究院SPIR钠电行业运行总结PPT5、演讲企业PPT可对外参会方式参会方式③：免费（需转发本次论坛宣传文章到朋友圈，并截图上传给起点人员）增值服务权益：1、2026钠电产业链地图(扫码关注起点钠电、起点研究公众号/抖音号/视频号后领取）2、普通参会嘉宾证件【收款账号】收款单位：深圳市起点研究咨询有限公司开户行：中国农业银行深圳前进路支行银行账号：41019700040025862汇款请注明：宣传费/服务费/会议展览服务五活动报名方式赞助+合作咨询： 杨先生：*********** 邹先生：*********** 论坛报名：于小姐：***********张小姐：***********媒体合作：刘小姐***********六主办方介绍起点钠电平台简介起点钠电成立于2022年，是全球领先聚焦钠离子电池全产业链的钠电权威产业服务与生态赋能平台，平台以起点研究院SPIR为核心智库，以起点钠电行业媒体矩阵为运营载体，以起点钠电品牌论坛及年会、CINE钠电国际展为展示平台，以产业研究为根基、数据洞察为核心、高端活动为桥梁、品牌传播为窗口、资本孵化为引擎、园区规划为载体，构建了“研究+数据+活动+传播+资本+联盟+园区”的七位一体服务体系。我们深度链接产学研用、投资机构与政府园区，服务了钠电全产业链超200+上下游核心企业及政府产业园区，参与规划了四川巴中市、内蒙古乌海高新区、宁夏银川-苏银产业园等钠电专业产业园区，并成立了Na+钠电产业联盟凝聚行业共识，服务赋能钠电企业家，推动产业链生态融合，技术标准建立与产业链协同，助力中国新能源产业在全球新一轮能源革命中抢占先机，占据钠电产业发展制高点。标杆客户（排名不分先后）：宁德时代、同兴科技/皓升新能源、维科技术、海四达钠星、天能钠电、珈钠能源、金钠科技、易事特钠电、CNAE中国钠电、为方能源、华阳集团、恒大高新、隐功科技、青钠科技、晟钠新能、旭派钠电、吉厚钠电、科迈罗光电、茹天科技、纳甘新能源、九续钠电、亮见钠电、希倍动力、钠美科技、卡波恩、佰思格、旭钠新能源、汉行科技、派能科技、众钠能源、奥克莱集团、兆钠新能源、钠创新能源、滇钠能源、传艺科技、超威集团、亿纬锂能、海辰储能、科达制造、儒特股份、时代思康、先导智能、泰和科技、双环科技、超钠新能源、瑞扬新能源、扬广科技、津工能源、猛狮新能源、东腾锂业、钠奇盛、方寸新能源、黔钠科技、奥冠电池、华钠新材、璞钠能源、华纳新能源、浩钠新能源、湖钠能源、博钠新能源、美特新材料、钠特尔、乐普钠电、铧钠新材料、瓦时动力、美达瑞新材料、钠远新材、兆瑞新能源、钠科能源、亿司特新材料、东能钠新、果曼钠电、极电特能、容钠新能源、浦士达环保、富钠能源、天钠科技、国科炭美、华普森、信瑞新能源、先导干燥、亿隆能源、绿捷环境、尚金干燥、广域铭岛、普渡机械、科锐晟、乔岳智能、前锦炉业、德积干燥、汇京智能、瑞佳达、超力源等标杆钠电园区规划案例：山西阳泉高新区钠电产业规划、巴中钠电产业集群规划、乌海高新技术区钠电产业园规划、银川-苏银钠电产业园规划等七大核心服务一、产业研究依托起点研究院SPIR专业智库力量，聚焦钠电技术迭代、政策标准、供应链体系、市场应用与竞争格局，提供定制化产业调研、技术路线评估、产业链诊断、战略规划与政策解读服务，为企业研发方向、市场布局、长期决策提供专业支撑。二、数据报告发布行业权威白皮书、年度/季度产业报告、成本数据库、产能追踪、供需监测、企业榜单等数据产品，覆盖材料价格、产能规模、装机数据、应用场景、区域分布等核心维度，以真实、精准、及时的数据，为行业决策与市场预判提供依据。三、专业论坛展会打造高规格钠电产业峰会、钠电第一展：CINE钠电展专业展会、起点钠电品牌论坛、起点钠电全国行、起点钠电年会峰会、钠电金鼎奖评选、闭门对接会等活动，汇聚产业链龙头企业、科研专家、应用客户与行业精英，实现技术交流、趋势研判、资源聚合与商务对接，构建全球最具影响力的钠电交流与合作平台。四、品牌传播依托全媒体传播矩阵与精准产业流量，为企业提供品牌专访、新品发布、技术解读、产能官宣、公关传播、行业背书等推广服务，精准触达上下游合作伙伴与目标客户，全面提升企业知名度、行业影响力与市场曝光度。五、投融资孵化链接主流投资机构、产业资本与优质钠电项目，提供项目路演、投融资对接、企业估值、创业孵化、产业资源导入等服务，助力前沿技术成果转化、优质项目快速产业化，推动资本与产业深度融合，加速企业成长与规模化落地。六、钠电产业园规划面向政府园区与产业载体，提供钠电产业园定位策划、产业规划、招商方案、项目引进、运营赋能、生态构建等全流程服务，打造集研发、生产、检测、应用、回收于一体的钠电特色产业集群，助力区域新能源产业升级与经济高质量发展。七、Na+钠电产业联盟会员服务钠电产业生态协同的枢纽构建钠电产业的“朋友圈”与“议事厅”。为会员单位提供：政企高层对接、供应链精准匹配、专利池共享、人才猎聘、行业标准制定参与权及专属会员闭门会等增值服务，助力会员企业抢占行业制高点。点击阅读原文，即可报名参会！,,,,pending
西安交通大学刘思达团队《Materials Genome Engineering Advances》：机器学习“慧眼识材”，精准锁定高性能VCoRu析氢催化剂,AI赋能材料,AI赋能材料,"RIOnews API, 工具方法, 机器学习, AI, 学术研究, 大学, 教授",normal,2026-07-31T18:00:00+08:00,,Ai赋能材料——————————————————氢能被认为是一种重要的清洁能源载体，为缓解化石燃料消耗和环境污染问题提供了可持续解决方案。电解水制氢具有高效、绿色和环境友好等优势，是实现可再生能源转化与利用的重要途径。其中，碱性析氢反应（HER）作为水分解过程中的关键半反应，其反应动力学受到水分子解离缓慢以及氢中间体吸附/脱附行为不匹配等因素限制，导致催化效率仍有待提升。Ru基催化剂因具有较强的水解离能力和相对较低的成本，被认为是替代Pt基催化剂的潜在候选材料。然而，多元Ru基合金的成分空间巨大，催化性能对元素组成和比例高度敏感，传统“试错法”筛选效率低、实验成本高。因此，如何快速、准确地从复,http://mp.weixin.qq.com/s?__biz=Mzg4OTc1MzY5Mw==&mid=2247510667&idx=1&sn=21cf9ddbe23087ba5a73bb7af8ec9772,,Ai赋能材料——————————————————氢能被认为是一种重要的清洁能源载体，为缓解化石燃料消耗和环境污染问题提供了可持续解决方案。电解水制氢具有高效、绿色和环境友好等优势，是实现可再生能源转化与利用的重要途径。其中，碱性析氢反应（HER）作为水分解过程中的关键半反应，其反应动力学受到水分子解离缓慢以及氢中间体吸附/脱附行为不匹配等因素限制，导致催化效率仍有待提升。Ru基催化剂因具有较强的水解离能力和相对较低的成本，被认为是替代Pt基催化剂的潜在候选材料。然而，多元Ru基合金的成分空间巨大，催化性能对元素组成和比例高度敏感，传统“试错法”筛选效率低、实验成本高。因此，如何快速、准确地从复,"Ai赋能材料——————————————————氢能被认为是一种重要的清洁能源载体，为缓解化石燃料消耗和环境污染问题提供了可持续解决方案。电解水制氢具有高效、绿色和环境友好等优势，是实现可再生能源转化与利用的重要途径。其中，碱性析氢反应（HER）作为水分解过程中的关键半反应，其反应动力学受到水分子解离缓慢以及氢中间体吸附/脱附行为不匹配等因素限制，导致催化效率仍有待提升。Ru基催化剂因具有较强的水解离能力和相对较低的成本，被认为是替代Pt基催化剂的潜在候选材料。然而，多元Ru基合金的成分空间巨大，催化性能对元素组成和比例高度敏感，传统“试错法”筛选效率低、实验成本高。因此，如何快速、准确地从复杂成分空间中筛选出高性能催化剂，是当前电催化材料设计中的重要挑战。机器学习为多元合金电催化剂的高效筛选提供了新的思路，通过构建实验数据驱动的预测模型，并结合电子结构描述符、可解释性分析和不确定性评估，可在复杂多元合金成分空间中快速锁定高性能候选区域，从而显著减少实验试错成本。论文的第一单位为西安交通大学航天航空学院。第一作者为杨静硕士生（西安交大，导师：刘思达教授）、余骏博士生（西安交大，导师：刘思达教授）、蔡建明博士生（西安交大，导师：刘思达教授）。论文的通讯作者为刘思达教授（西安交大）。相关成果以「Machine Learning–Accelerated Screening of VCoRu Solid–Solution Alloy as a Superior Catalyst for Efficient Hydrogen Evolution」为题刊登在Materials Genome Engineering Advances上。核心亮点1.构建了实验数据驱动的机器学习筛选框架，实现了对HER催化剂的快速预测和高效筛选。该框架整合实验数据与文献数据，能够在复杂多元合金成分空间中快速锁定潜在高性能区域，为减少传统试错实验提供了有效方法。2.引入电子结构描述符和可解释性分析，提高了模型预测精度和筛选可靠性。同时，结合SHAP分析和不确定性准则，确定了V、Co和Ru为关键元素，并筛选出V-Co-Ru三元合金高性能成分窗口。3.采用磁控溅射方法制备的V17Co31Ru52催化剂表现出优异的碱性析氢性能，在1 M KOH中，100 mA cm-2电流密度下过电位仅为61.7 mV，能够稳定运行260 h，证明了机器学习筛选策略的有效性。4.揭示了多元素固溶调控电子结构和界面性质的催化增强机制。 V和Co的引入改变了Ru位点周围的电子环境，促进了界面电荷传输。改善了催化剂表面润湿性，有利于水分子吸附和氢中间体转化，从而提升HER反应动力学。全文速览近期，西安交通大学刘思达团队联合山东大学、香港城市大学和山东裕航特种合金装备有限公司，报道了一种机器学习加速筛选的VCoRu固溶合金析氢催化剂。该工作构建了基于实验数据的可解释机器学习筛选框架，将元素组成、电化学测试条件和电子结构描述符相结合，实现了对HER催化剂的快速预测和高效筛选。该框架首先整合课题组实验数据和文献数据，建立了催化剂元素组成、基底类型、电流密度及过电位的数据集。随后，通过贝叶斯优化神经网络模型建立成分—性能预测关系，并引入SHAP可解释性分析。在此基础上，研究团队对V-Co-Ru三元成分空间进行高通量筛选，运用不确定性准则确定了高性能成分窗口：V含量为14—27 at.%，Co含量为25—38 at.%，Ru含量为45—55 at.%。在机器学习模型指导下，研究团队采用磁控溅射方法制备了VCoRu固溶合金薄膜。实验结果表明，V17Co31Ru52催化剂在1 M KOH中表现出优异的碱性HER性能：在100 mA cm-2电流密度下过电位为61.7 mV，能够稳定运行260 h，展现出良好的长期稳定性。进一步的结构和表面分析表明，V、Co和Ru在薄膜中均匀分布，形成了以Ru为主体的固溶合金结构。V和Co的引入调控了电子结构，促进了电荷转移，改善催化剂表面润湿性，有利于水分子吸附、界面传质和HER反应动力学提升。本工作为高性能碱性HER电催化剂的快速发现提供了一种实验相关、可解释机器学习筛选策略，也为HER薄膜催化剂的设计提供了新的研究思路。图文解读图1.高效筛选框架概述。(a) 整合数据构建数据集。(b) 开发预测HER性能的模型。(c) 在多组分空间中对候选配方进行高通量枚举和筛选。(d) 选取排名靠前的候选配方进行实验验证。图2. 预测模型开发与成分筛选。（a）评估带电子描述符和不带电子描述符的神经网络模型性能。（b）过电位（Vo）下成分元素与电流密度（CD）的相关性热图及SHAP分析。（c）基于不确定性感知排序准则的V、Co和Ru成分筛选范围。图3. VCoRu薄膜的微观表征。（a）XRD图谱。（b-d）不同放大倍率下的SEM图像。(e) 透射电子显微镜（TEM）图像。(f) 高分辨率透射电子显微镜（HRTEM）图像显示了原子构型。(g) HAADF-STEM图像及其相应的元素映射图。图4. VCoRu薄膜以及对比样的电化学性能：(a) LSV曲线。(b) EIS。(c) Tafel。(d) 电容电流曲线。(e) 质量活性。(f) 耐久性测试。与先前已报道研究的性能对比(g)本研究处于领先地位。图5. VCoRu薄膜以及对比样的表面电子性质和润湿性。(a) Ru 3p、(b) V 2p、(c) Co 2p 以及 (d) O 1s 的 XPS 光谱。VCoRu (e1, e2)、VRu (e3, e4)和 CoRu (e5, e6) 的水接触角。结论展望在这项研究中，我们提出了一种机器学习加速的VCoRu固溶合金析氢催化剂筛选策略。该策略以实验数据为基础，结合电子结构描述符、贝叶斯优化神经网络模型、可解释性分析和不确定性排序，实现了对多元合金成分空间的快速筛选与实验验证。通过该框架，研究团队成功锁定了VCoRu固溶体合金的高性能成分区域，并制备出V17Co31Ru52催化剂。该催化剂在1 M KOH中表现出优异HER性能，在100 mA cm-2下过电位仅为61.7 mV，并可稳定运行260 h，证明了机器学习筛选结果的可靠性。结构和表面分析表明，VCoRu的优异性能主要来源于多元素固溶引起的电子结构调控、均匀元素分布和良好的表面润湿性。V和Co的引入改变了Ru位点周围的电子环境，有利于优化氢中间体吸附/脱附过程；同时，改善后的润湿性促进了电解液与催化剂界面的充分接触，从而提升HER反应动力学。总体而言，本研究不仅开发了一种高活性、高稳定性的VCoRu固溶合金析氢催化剂，也展示了机器学习在电催化材料快速发现中的应用潜力。该方法可有效减少传统试错实验，提高成分设计效率，并有望拓展至OER、CO2还原等其他电催化体系，为新一代高性能能源催化材料的理性设计提供重要参考。J. Yang, J. Yu, J. Cai, et al., “ Machine Learning-Accelerated Screening of VCoRu Solid-Solution Alloy as a Superior Catalyst for Efficient Hydrogen Evolution,” Materials Genome Engineering Advances (2026): e70090, https://doi.org/10.1002/mgea.70090.点击左下角可阅读原文培训与学习【计算】Phys. Rev. B | 南京大学 | 共线亚铁磁性与交错磁性体系中的第二类多铁性研究：基于朗道理论与对称性分析Nat Chem Eng | 剑桥大学 | 化工过程数字孪生的知识图谱框架构建：融合多智能代理与大语言模型的自动化建模及优化研究【计算】J. Am. Chem. Soc. | 香港城市大学 | M1M2N6 双原子催化剂配位环境调控协同催化机制：基于 DFT 与机器学习的分子轨道解析【重磅综述】TPAMI | 普渡大学 | 神经算子数据驱动建模范式综述：基于可扩展性、泛化性与数据敏感性的性能评估与应用研判来源：催化开天地注：本公众号秉持学术交流宗旨，所推送内容仅供学习研讨，非商业用途。诚邀材料与人工智能领域的专家学者赐稿，分享“AI+材料”前沿研究成果！本平台对转载、分享的内容、陈述及观点保持中立，不对其准确性、可靠性或完整性提供任何明示或暗示的保证，读者请自行判断并参考，平台不因此承担任何责任。声明：公众号所发布的所有内容（包括文字、图片、视频等）来源于网络或用户投稿，版权归原作者所有。如涉及版权问题，我们将及时处理。投稿邮箱：ai_materials@163.com微信群聊：Ai+材料科研交流群加群方式：添加微信（FC***********），备注：单位-姓名-研究方向，审核后邀请入群编辑备注：2026.07.31 春博士成长营公众号丨AI赋能材料编辑丨春博士（chunboshi）编辑部信息READING BOOKS微信号丨曜忞微信号丨FC***********阅读原文本研究提出了一种机器学习加速的VCoRu固溶合金析氢催化剂筛选策略。该策略以实验数据为基础，结合电子结构描述符、贝叶斯优化神经网络模型、可解释性分析和不确定性排序，实现了对多元合金成分空间的快速筛选与实验验证。",,,,pending
一键生成查新报告！适用于专利查新、立项申报、成果鉴定…,AI赋能材料,AI赋能材料,"RIOnews API, 工具方法, 机器学习, AI",normal,2026-07-31T18:00:00+08:00,,Ai赋能材料——————————————————你是否经历过这样的时刻：辛辛苦苦构思出一个技术方案，结果一查专利库，却发现早已有人捷足先登？要创新，先查新——专利查新不仅是申请专利的敲门砖，更是整个创新过程的安全网。创新路上，“重复造轮子”不仅空耗研发资源、浪费研发时间，甚至错失转瞬即逝的市场窗口期。为此，科应推出「查新报告生成」智能体，支持一键生成查新报告，让你在技术构思的每个阶段都能及时查新，有效规避重复研发，将有限的精力聚焦在真正的创新突破上。查新报告生成：查新不求人，专利不撞车科应「查新报告生成」智能体依托于全球超6亿篇文献资源(4.2亿论文+1.8亿专利)，借助布尔逻辑检索与语义向量,http://mp.weixin.qq.com/s?__biz=Mzg4OTc1MzY5Mw==&mid=2247510667&idx=2&sn=9b134c2d4280a991c21a9d569853bc5d,,Ai赋能材料——————————————————你是否经历过这样的时刻：辛辛苦苦构思出一个技术方案，结果一查专利库，却发现早已有人捷足先登？要创新，先查新——专利查新不仅是申请专利的敲门砖，更是整个创新过程的安全网。创新路上，“重复造轮子”不仅空耗研发资源、浪费研发时间，甚至错失转瞬即逝的市场窗口期。为此，科应推出「查新报告生成」智能体，支持一键生成查新报告，让你在技术构思的每个阶段都能及时查新，有效规避重复研发，将有限的精力聚焦在真正的创新突破上。查新报告生成：查新不求人，专利不撞车科应「查新报告生成」智能体依托于全球超6亿篇文献资源(4.2亿论文+1.8亿专利)，借助布尔逻辑检索与语义向量,Ai赋能材料——————————————————你是否经历过这样的时刻：辛辛苦苦构思出一个技术方案，结果一查专利库，却发现早已有人捷足先登？要创新，先查新——专利查新不仅是申请专利的敲门砖，更是整个创新过程的安全网。创新路上，“重复造轮子”不仅空耗研发资源、浪费研发时间，甚至错失转瞬即逝的市场窗口期。为此，科应推出「查新报告生成」智能体，支持一键生成查新报告，让你在技术构思的每个阶段都能及时查新，有效规避重复研发，将有限的精力聚焦在真正的创新突破上。查新报告生成：查新不求人，专利不撞车科应「查新报告生成」智能体依托于全球超6亿篇文献资源(4.2亿论文+1.8亿专利)，借助布尔逻辑检索与语义向量检索，能自动执行多维度精准检索、关键信息提取、相关性研判与创新点比对。在「查新报告生成」智能体中，你只需输入查新目的和技术要点，仅需十几分钟，即可获得一份结构完整、逻辑严谨、引证真实的专利查新报告。报告内容涵盖技术要点分解、检索策略设计、核心对比文件评级、新颖性与创造性分析、查新结论与优化建议等，不仅能帮你快速验证技术新颖性，还能帮你优化技术路径、完善技术细节，为后续研发决策和专利布局提供可靠参考。不止于专利查新，「查新报告生成」还可广泛用于：✅ 科研立项与项目申请：为各级科技计划、基金项目提供新颖性鉴证✅ 成果鉴定与奖励申报：为科技成果评估、验收、奖励申报提供客观文献依据✅ 企业创新与资质认定：助力高新技术企业、专精特新认定，及新产品、首台套申报扫描下方二维码，填写试用信息，立即开启查新～科应全球文献AI平台END相关阅读01科应英文版、日文版上线，让全球研究者畅享智能科研02论文、专利、标准，一个平台全搞定03 竞争对手在研究什么？输入企业名称，1分钟给你答案培训与学习【计算】Phys. Rev. B | 南京大学 | 共线亚铁磁性与交错磁性体系中的第二类多铁性研究：基于朗道理论与对称性分析Nat Chem Eng | 剑桥大学 | 化工过程数字孪生的知识图谱框架构建：融合多智能代理与大语言模型的自动化建模及优化研究【计算】J. Am. Chem. Soc. | 香港城市大学 | M1M2N6 双原子催化剂配位环境调控协同催化机制：基于 DFT 与机器学习的分子轨道解析【重磅综述】TPAMI | 普渡大学 | 神经算子数据驱动建模范式综述：基于可扩展性、泛化性与数据敏感性的性能评估与应用研判来源：科应注：本公众号秉持学术交流宗旨，所推送内容仅供学习研讨，非商业用途。诚邀材料与人工智能领域的专家学者赐稿，分享“AI+材料”前沿研究成果！本平台对转载、分享的内容、陈述及观点保持中立，不对其准确性、可靠性或完整性提供任何明示或暗示的保证，读者请自行判断并参考，平台不因此承担任何责任。声明：公众号所发布的所有内容（包括文字、图片、视频等）来源于网络或用户投稿，版权归原作者所有。如涉及版权问题，我们将及时处理。投稿邮箱：ai_materials@163.com微信群聊：Ai+材料科研交流群加群方式：添加微信（FC***********），备注：单位-姓名-研究方向，审核后邀请入群编辑备注：2026.07.31 春博士成长营公众号丨AI赋能材料编辑丨春博士（chunboshi）编辑部信息READING BOOKS微信号丨曜忞微信号丨FC***********,,,,pending
动力分会调研金钠科技,电池中国,电池中国,"RIOnews API, 钠离子电池, 钠电, 合作进展, 战略合作, 合作, 学术研究, 大学, 科学院, 量产推进, 产能, 批量生产, 钠电池, 大圆柱, 储能, 储能系统, 工商业储能, GWh, 投产, 海外, 推出, 中试, 中试线, 认证, 落地",normal,2026-07-31T18:00:00+08:00,,【电池中国网 7月31日 金华讯】由中国化学与物理电源行业协会动力电池应用分会联合电池中国网开展的“绿色引领·融合创新——2026新能源电池产业链调研”活动，于近日开启长三角调研之行。\x0a\x0a7月30日，中国化学与物理电源行业协会监事/动力电池应用分会秘书长/电池中国网创始人CEO张雨等产业链调研组一行，来到浙江金钠科技有限公司（以下简称“金钠科技”），与金钠科技执行董事陈禹嘉、研发总工贾建民、业务经理秦新峰等主要负责人座谈交流。\x0a\x0a据介绍，金钠科技是一家专业主营超大圆柱钠离子电池、储能系统、超级电容器的研发、生产、销售及服务为一体的高科技新能源制造型企业。该公司的钠离子电,http://mp.weixin.qq.com/s?__biz=MzA3MzY0OTIzMQ==&mid=2661849958&idx=1&sn=aa03ab8477a069871efc79b1f1eb5b7a,,【电池中国网 7月31日 金华讯】由中国化学与物理电源行业协会动力电池应用分会联合电池中国网开展的“绿色引领·融合创新——2026新能源电池产业链调研”活动，于近日开启长三角调研之行。\x0a\x0a7月30日，中国化学与物理电源行业协会监事/动力电池应用分会秘书长/电池中国网创始人CEO张雨等产业链调研组一行，来到浙江金钠科技有限公司（以下简称“金钠科技”），与金钠科技执行董事陈禹嘉、研发总工贾建民、业务经理秦新峰等主要负责人座谈交流。\x0a\x0a据介绍，金钠科技是一家专业主营超大圆柱钠离子电池、储能系统、超级电容器的研发、生产、销售及服务为一体的高科技新能源制造型企业。该公司的钠离子电,【电池中国网 7月31日 金华讯】由中国化学与物理电源行业协会动力电池应用分会联合电池中国网开展的“绿色引领·融合创新——2026新能源电池产业链调研”活动，于近日开启长三角调研之行。\x0a\x0a7月30日，中国化学与物理电源行业协会监事/动力电池应用分会秘书长/电池中国网创始人CEO张雨等产业链调研组一行，来到浙江金钠科技有限公司（以下简称“金钠科技”），与金钠科技执行董事陈禹嘉、研发总工贾建民、业务经理秦新峰等主要负责人座谈交流。\x0a\x0a据介绍，金钠科技是一家专业主营超大圆柱钠离子电池、储能系统、超级电容器的研发、生产、销售及服务为一体的高科技新能源制造型企业。该公司的钠离子电池产品广泛应用于家储系统、工商业储能、储能电站等领域。\x0a\x0a金钠科技拥有钠离子电池的独立知识产权，以及研发设计、生产、销售及售后服务的核心团队，管理及技术人员90%以上是硕士、本科学历的专业人士。该公司与中国科学院、中南大学等顶尖研发机构合作，拥有前沿材料研发与理论支撑。\x0a\x0a在钠电池领域，金钠科技聚焦于“聚阴离子本征安全+超大圆柱形态+储能专用定位”，形成差异化竞争壁垒。2025年该公司0.15GWh钠离子电池中试线建成投产，产品通过UL认证。目前金钠科技已经与PAG集团达成战略合作，锁定北美头部客户，大力开拓海外市场。\x0a\x0a据介绍，2023年金钠科技推出了120420超大圆柱钠电池，是目前全球可批量生产的最大规格圆柱电芯。据透露，该公司已完成更大规格圆柱钠电池的技术储备，为未来产能扩张和市场拓展奠定技术基础。\x0a\x0a在座谈交流中，双方围绕钠离子电池技术迭代与产业化进程、大圆柱电池性能优势、储能场景应用落地、海外市场拓展与专利布局等话题进行了广泛深入交流。双方认为，万亿级储能市场赛道正加速打开，未来前景极为广阔。\x0a\x0a长三角调研活动仍在进行中，敬请持续关注\x26lt;a href=\x26quot;https://mp.weixin.qq.com/mp/readtemplate?t=pages/link_mid_jump\x26amp;amp;biz=MzA3MzY0OTIzMQ==\x26quot; target=\x26quot;_blank\x26quot; class=\x26quot;js_mention_entry wx_at_link\x26quot; data-biz=\x26quot;MzA3MzY0OTIzMQ==\x26quot; data-username=\x26quot;gh_f6dae38c552f\x26quot;\x26gt;@电池中国\x26lt;/a\x26gt;,,,,pending
ACS Catal.：FE 97%，HMF电氧化为FDCA,有机电催化,有机电催化,"RIOnews API, 电化学合成, 电催化",normal,2026-07-31T18:00:00+08:00,,HMF电氧化｜FDCA｜晶格氧机制一句话看懂5-羟甲基糠醛电氧化为FDCA是生物质平台分子高值化的重要反应，但真正参与氧化的表面结构和氧物种常随工作电位重构而变化。该研究构筑CoSe2—Cu2−xSe异质结构，运行中形成无定形Cu-CoOOH层；同位素、原位谱学和计算表明其中晶格氧参与HMF氧化，在1.5 V vs. RHE下FDCA法拉第效率为97%。HMF到FDCA需经历醛基、醇基及中间体的连续氧化，Co/Ni基材料在碱性条件下常形成真实活性相。若只用反应前的硒化物结构解释性能，容易忽略工作中的表面重构。本文关注异质结构如何转化为羟氧化物活性层，以及该层中的晶格氧是否只是旁观者，还是直接进,http://mp.weixin.qq.com/s?__biz=MzUyNTc2ODMyOQ==&mid=2247560921&idx=1&sn=588fd0380ad9a0b3931701070f259965,,HMF电氧化｜FDCA｜晶格氧机制一句话看懂5-羟甲基糠醛电氧化为FDCA是生物质平台分子高值化的重要反应，但真正参与氧化的表面结构和氧物种常随工作电位重构而变化。该研究构筑CoSe2—Cu2−xSe异质结构，运行中形成无定形Cu-CoOOH层；同位素、原位谱学和计算表明其中晶格氧参与HMF氧化，在1.5 V vs. RHE下FDCA法拉第效率为97%。HMF到FDCA需经历醛基、醇基及中间体的连续氧化，Co/Ni基材料在碱性条件下常形成真实活性相。若只用反应前的硒化物结构解释性能，容易忽略工作中的表面重构。本文关注异质结构如何转化为羟氧化物活性层，以及该层中的晶格氧是否只是旁观者，还是直接进,"HMF电氧化｜FDCA｜晶格氧机制一句话看懂5-羟甲基糠醛电氧化为FDCA是生物质平台分子高值化的重要反应，但真正参与氧化的表面结构和氧物种常随工作电位重构而变化。该研究构筑CoSe2—Cu2−xSe异质结构，运行中形成无定形Cu-CoOOH层；同位素、原位谱学和计算表明其中晶格氧参与HMF氧化，在1.5 V vs. RHE下FDCA法拉第效率为97%。HMF到FDCA需经历醛基、醇基及中间体的连续氧化，Co/Ni基材料在碱性条件下常形成真实活性相。若只用反应前的硒化物结构解释性能，容易忽略工作中的表面重构。本文关注异质结构如何转化为羟氧化物活性层，以及该层中的晶格氧是否只是旁观者，还是直接进入FDCA产物并参与间接氧化过程。核心问题CoSe2—Cu2−xSe在HMF电氧化中形成的表面羟氧化物，能否通过晶格氧介导的间接氧化提高FDCA选择性？本文要点1. 以两步水热法构筑CoSe2—Cu2−xSe异质结构，并通过显微与吸收谱确认Co/Cu局域环境。2. 该催化剂在1 M KOH与50 mM HMF中于1.265 V vs. RHE达到10 mA cm−2。3. 反应后形成无定形Cu-CoOOH表层，Co、Cu价态和配位环境随电位改变。4. 18O标记FDCA占总产物92.59%，支持晶格氧在间接氧化中进入产物。异质结构的合成与界面结构图 1. CoSe2—Cu2−xSe的合成示意、XRD、拉曼、SEM、TEM、原子分辨像和元素分布。XRD、拉曼、SEM/TEM、原子分辨像和元素分布共同显示CoSe2与Cu2−xSe共存并形成界面接触；这些结果支持反应前异质结构的组成和局域结构归属；但其运行中的真实活性结构仍需与工作态表征比较。电位下的HMF氧化响应图 3. 不同催化剂在HMF电解液中的极化曲线、原位拉曼、阶跃电位响应及对HMF中间体的比较。加入HMF后，LSV电流、阶跃电位响应和原位拉曼谱中表面含氧物种的信号均相对空白碱液发生变化，且对不同氧化中间体的响应不同；这些结果支持HMF参与改变工作界面的表面反应过程；但具体活性物种的归属仍需结合反应后结构表征与同位素示踪进一步判定。表面重构后得到Cu-CoOOH活性层图 4. 反应前后XRD、TEM、XPS、准原位Co/Cu XPS、XANES/EXAFS及波列变换的对比。反应后XRD和TEM显示初始晶相或表层发生变化，准原位Co、Cu XPS及XANES/EXAFS同时反映更高价态和局域配位环境重排；这些结果支持硒化物表面重构为无定形Cu-CoOOH层，并为以工作态结构讨论活性提供依据；但不单独证明具体氧转移步骤。同位素直接检验晶格氧参与图 6. 18O标记实验设计、HR-MS中FDCA同位素峰、标记产物比例，以及不同电位下O 1s准原位XPS组分。18O标记电极反应后，HR-MS检测到含一个或两个18O的FDCA峰，且标记产物占比随电位相关表面O 1s组分变化；这些结果支持晶格氧可进入产物并参与CoOOH/CoO2间接氧化；但不能仅据此量化所有氧源或唯一确定完整反应路径。可以继续思考什么？如何在运行中定量区分晶格氧交换、直接氧转移和溶液中氧物种参与的相对贡献？该表面重构策略在更高底物浓度、连续流和真实生物质衍生物混合物中能否保持选择性？文献信息论文题目：Surface Reconstruction Unlocks Lattice Oxygen Activity to Promote Selective Oxidation of 5-Hydroxymethylfurfural to 2,5-Furandicarboxylic Acid期刊：ACS Catalysis, 2026, ASAPDOI：10.1021/acscatal.6c02451通讯作者：Nan Wang；Hui Meng；Shaowei Chen有机电催化学术交流QQ群: 692419836",,,,pending
2026年7月31日锂电材料及上游原料价格行情,马里亚纳锂电,马里亚纳锂电,"RIOnews API, 三星SDI, 储能, ESS, 储能系统, 系统集成, UPS, Pack, 电池包, 梯次利用, 交付, GWh, 生产基地, 投产, 毛利率, 亏损, 政策, 补贴, 关税, 发布",normal,2026-07-31T17:35:39+08:00,,相关产业资讯1、7月30日，恩力动力无锡2GWh先进电池Pack智造基地投产仪式在江苏无锡梁溪区举行。作为恩力动力旗下首个先进动力电池Pack生产基地，江苏恩力锡源动力技术有限公司的投产，标志着恩力动力打通从电芯制造到系统集成的全链路交付能力，为高端电摩、低空飞行器及人形机器人等战略新兴产业注入强劲的“恩力动能”。2、7月30日，国家工业和信息化部发布【关于废止和修订新能源汽车废旧动力电池“梯次利用”相关政策标准以及规范有关行业活动的公告】（2026年 第20号）（下称“公告”），宣布废止《新能源汽车废旧动力电池综合利用行业规范条件（2024年本）》中“梯次利用”有关条款；任何组织或个人不得将,http://mp.weixin.qq.com/s?__biz=Mzg2ODY4NTIwNA==&mid=2247603367&idx=2&sn=09316f6845cd49c5587880d674b1ec68,,相关产业资讯1、7月30日，恩力动力无锡2GWh先进电池Pack智造基地投产仪式在江苏无锡梁溪区举行。作为恩力动力旗下首个先进动力电池Pack生产基地，江苏恩力锡源动力技术有限公司的投产，标志着恩力动力打通从电芯制造到系统集成的全链路交付能力，为高端电摩、低空飞行器及人形机器人等战略新兴产业注入强劲的“恩力动能”。2、7月30日，国家工业和信息化部发布【关于废止和修订新能源汽车废旧动力电池“梯次利用”相关政策标准以及规范有关行业活动的公告】（2026年 第20号）（下称“公告”），宣布废止《新能源汽车废旧动力电池综合利用行业规范条件（2024年本）》中“梯次利用”有关条款；任何组织或个人不得将,相关产业资讯1、7月30日，恩力动力无锡2GWh先进电池Pack智造基地投产仪式在江苏无锡梁溪区举行。作为恩力动力旗下首个先进动力电池Pack生产基地，江苏恩力锡源动力技术有限公司的投产，标志着恩力动力打通从电芯制造到系统集成的全链路交付能力，为高端电摩、低空飞行器及人形机器人等战略新兴产业注入强劲的“恩力动能”。2、7月30日，国家工业和信息化部发布【关于废止和修订新能源汽车废旧动力电池“梯次利用”相关政策标准以及规范有关行业活动的公告】（2026年 第20号）（下称“公告”），宣布废止《新能源汽车废旧动力电池综合利用行业规范条件（2024年本）》中“梯次利用”有关条款；任何组织或个人不得将废旧动力电池整体或经过拆分、重组、装配等相关工艺，以电池包、模块、单体等形式用于电动自行车、电动平衡车、电动滑板车、100kWh以上储能系统、移动电源、玩具等法律、行政法规和强制性标准禁止使用的领域。同时，《公告》还宣布将100家此前获批《新能源汽车废旧动力电池综合利用行业规范条件》公告（业内称“白名单企业”）中的“梯次利用”企业移除白名单。这也意味着，真正符合白名单的企业从之前的156家（含梯次利用+再生利用）锐减到48家，移出比例达67.6%。3、7月30日，六国化工公告称，公司决定终止2025年度向特定对象发行A股股票事项，并向上海证券交易所申请撤回相关申请文件。对于这一决定，六国化工表示，此举系综合考虑当前市场和环境变化及公司实际情况等因素，经与各方充分沟通后审慎作出的决策。目前公司生产经营活动正常，该事项不会对日常经营造成重大不利影响，公司将继续推进控股子公司湖北徽阳28万吨/年精制磷酸等项目建设。4、7月30日，三星SDI发布2026财年第二季度财报，公司第二季度实现合并营收3.77万亿韩元（约合人民币177.19亿元），同比增长18.5%；营业利润达2040亿韩元（约合人民币9.59亿元），成功结束了此前连续7个季度的营业亏损，实现全面扭亏为盈利。根据财报，三星SDI本季度业绩显著超越市场预期，归母净利润达4720亿韩元（约合人民币22.18亿元），远超市场预期的1057亿韩元（约合人民币4.97亿元），毛利率大幅提升至24.9%。盈利强劲反弹主要得益于储能系统（ESS）及AI数据中心后备电源（UPS/BBU）电池需求的爆发，以及美国政策补贴与关税退税利好。- 点击下方关注 -- 关于马里亚纳 -你所能触及的行业深度，请关注『马里亚纳锂电』,,,,pending
2GWh先进电池Pack智造基地投产,马里亚纳锂电,马里亚纳锂电,"RIOnews API, 新材料, 电池材料, 碳, 隔膜, 高比能, 锂金属, 固态电池, 固态电解质, 合作进展, 战略合作, 合作, 技术进展, 技术突破, 技术攻关, 实验室成果, 量产推进, 产能, 批量生产, 软包, 系统集成, BMS, 高安全, 热失控, 循环寿命, 电池管理系统, Pack, 出货, 交付, 累计出货, 规划产能, GWh, 生产基地, 投产, 合作协议, 推出, 新一代电池, 快充, 实验室, 中试, 中试线, 量产, 落地, 爬坡",normal,2026-07-31T17:35:39+08:00,,7月30日，恩力动力无锡2GWh先进电池Pack智造基地投产仪式在江苏无锡梁溪区举行。作为恩力动力旗下首个先进动力电池Pack生产基地，江苏恩力锡源动力技术有限公司（简称“恩力锡源”）的投产，标志着恩力动力打通从电芯制造到系统集成的全链路交付能力，为高端电摩、低空飞行器及人形机器人等战略新兴产业注入强劲的“恩力动能”。恩力动力创始人、董事长戴翔表示，无锡基地作为恩力动力首条专业化动力电池Pack生产线，是集团从“电芯技术突破”迈向“系统级智能制造”的关键一跃，构建起覆盖材料研发、电芯制造到系统集成的完整产业化能力。他强调，恩力锡源承载着打造柔性智造标杆、树立区域协同典范与建设新质生产矩阵的三重,http://mp.weixin.qq.com/s?__biz=Mzg2ODY4NTIwNA==&mid=2247603367&idx=1&sn=9b23f817f7875c85b66c067f6986a147,,7月30日，恩力动力无锡2GWh先进电池Pack智造基地投产仪式在江苏无锡梁溪区举行。作为恩力动力旗下首个先进动力电池Pack生产基地，江苏恩力锡源动力技术有限公司（简称“恩力锡源”）的投产，标志着恩力动力打通从电芯制造到系统集成的全链路交付能力，为高端电摩、低空飞行器及人形机器人等战略新兴产业注入强劲的“恩力动能”。恩力动力创始人、董事长戴翔表示，无锡基地作为恩力动力首条专业化动力电池Pack生产线，是集团从“电芯技术突破”迈向“系统级智能制造”的关键一跃，构建起覆盖材料研发、电芯制造到系统集成的完整产业化能力。他强调，恩力锡源承载着打造柔性智造标杆、树立区域协同典范与建设新质生产矩阵的三重,"7月30日，恩力动力无锡2GWh先进电池Pack智造基地投产仪式在江苏无锡梁溪区举行。作为恩力动力旗下首个先进动力电池Pack生产基地，江苏恩力锡源动力技术有限公司（简称“恩力锡源”）的投产，标志着恩力动力打通从电芯制造到系统集成的全链路交付能力，为高端电摩、低空飞行器及人形机器人等战略新兴产业注入强劲的“恩力动能”。恩力动力创始人、董事长戴翔表示，无锡基地作为恩力动力首条专业化动力电池Pack生产线，是集团从“电芯技术突破”迈向“系统级智能制造”的关键一跃，构建起覆盖材料研发、电芯制造到系统集成的完整产业化能力。他强调，恩力锡源承载着打造柔性智造标杆、树立区域协同典范与建设新质生产矩阵的三重战略价值，未来恩力动力将以恩力锡源为支点，持续迭代系统集成技术，推动固态电池从实验室成果走向全场景落地。恩力动力首席运营官、恩力锡源总经理樊耀兵表示，恩力锡源作为恩力动力第四大智造基地，肩负打通电芯到系统“最后一公里”的产业化闭环使命，构建起集固态电池系统研发、测试验证、智造与售后于一体的综合型产业平台。项目一期规划产能2GWh，以高端电摩为核心市场，同时深度赋能低空飞行器、人形机器人等国家战略新兴产业。在仪式现场，樊耀兵系统介绍了基地产品端与智造端的双线实力。产品研发层面，恩力锡源通过轻量化结构与拓扑优化设计，提升电池成组效率，解决续航痛点；构建从电化学材料到电芯结构的多层级安全屏障，结合BMS大数据与AI算法，实现热失控精准预警与快速抑制；电池管理系统集成无线传输单元，与云端平台深度融合，动态优化电池模型与参数，释放电池性能并构筑云端安全防线。智能制造层面，产线兼容多形态电芯，模块化硬件架构实现15至60分钟快速换型，满足柔性生产需求。整线搭载MES系统，自动配置机器人、激光器与视觉检测参数，实现全生命周期数据可查、质量可追溯，确保每套电池系统以车规级标准出厂交付。值得一提的是，7月8日，恩力动力公众号消息，今年4月，恩力动力安徽首个2GWh固态电池先进智造基地在滁州凤阳启动投产，迈出固态电池产业化落地的坚实一步。时隔不足三月，这座以工业4.0标准打造的智造基地再传捷报——截至7月初，安徽恩清基地已完成产能爬坡目标，达到设计产能。恩清基地以生产“恩力磐石”系列电芯产品为核心，构建了贯穿生产全链条的行业领先工艺与智能制造体系，为产能快速爬坡与产品品质稳定提供了双重保障。资料显示，恩力动力是一家专注于高比能固态电池技术研发与产业化的国家专精特新“小巨人”企业，致力于成为世界一流的固态电池产品解决方案提供商。公司深耕硫化物固态电解质技术路线，在固态界面包覆、锂金属负极保护、超离子导体材料等关键技术上实现重要突破，整体技术能力处于行业先进水平。恩力动力自主开发的高比能软包电池，矩阵覆盖3.5Ah至100Ah多种规格，能量密度高达270-600Wh/kg，可在-40℃至100℃的极端环境下稳定运行。其产品凭借超高能量密度、宽温域适应性、优异倍率性能与快充能力，已广泛应用于机器人、无人机、高端电摩等多个领域，为客户提供高安全、高可靠的动力能源解决方案。目前，公司在北京大兴建有0.3GWh产能基地，主要面向无人机与机器人领域，累计出货电芯已超200万只；安徽基地一期2GWh产线已基本建成并投产；南京基地规划建设100MWh全固态中试线，预计2026年实现小批量生产。今年以来，恩力动力持续拓展上下游合作及应用场景。今年1月，公司与恩捷股份达成战略合作，借助其在隔膜及固态电解质领域的技术和产能优势，进一步完善固态电池材料体系。4月，恩力动力在应用端取得两项进展。4月24日，公司宣布与丰翼科技联合研发的物流无人机专用电池取得阶段性突破，产品已具备50公斤载重、百公里航程的常态化运营能力，标志着固态电池在低空物流场景应用迈出重要一步。根据双方规划，未来三年将推动能量密度480Wh/kg电芯实现量产，并进一步提升循环寿命。以""方舟80""无人机为例，采用新一代电池系统后，其满载航程有望提升40%以上，单位运输成本显著下降，1KG·KM电池使用成本可降低约60%。4月30日，恩力动力又与均胜电子共同出资成立宁波均恩新能源有限公司，布局具身智能体动力能源市场。新公司将聚焦适配具身智能体的固态电池研发、生产与销售，围绕""电芯+BMS+数据服务""打造一体化能源系统方案，重点提升续航、安全性和轻量化水平。根据规划，恩力动力将于2026年重点推出1—20Ah全固态电芯，率先面向无人机、机器人等高端非车用市场；2027年进一步拓展至电动摩托车及小型电动车领域；到2030年，实现车规级全固态电池的规模化应用。7月10日消息，恩力动力与扶摇动力正式签署战略合作协议，携手开拓无人机、eVTOL航空动力等潜力市场。依托市场协同优势与长远战略布局，双方将充分整合固态电池研发生产、整机制造经验、市场渠道等核心优势，建立常态化技术沟通与信息共享机制，合力打造高品质行业产品，深挖低空经济产业价值。在全球积极推动能源转型和绿色低碳发展的背景下，恩力动力正持续加码先进固态电池技术攻关，并深耕低空经济（如无人机、eVTOL）、人形机器人等前沿应用场景。- 点击下方关注 -- 关于马里亚纳 -你所能触及的行业深度，请关注『马里亚纳锂电』",,,,pending
100家梯次利用企业移出白名单！工信部发文规范动力电池回收,马里亚纳锂电,马里亚纳锂电,"RIOnews API, 比亚迪, 国轩高科, 国轩, 蜂巢能源, 蜂巢, 备用电源, 电池回收, 梯次利用, 政策, 发布, 落地",normal,2026-07-31T17:35:39+08:00,,7月30日，工业和信息化部发布《关于废止和修订新能源汽车废旧动力电池“梯次利用”相关政策标准以及规范有关行业活动的公告》（下称：《公告》），宣告动力电池“梯次利用”在政策层面正式终结。100家已公告的“梯次利用”企业被移出合规名单，涉及上海比亚迪、华友资源、蜂巢能源、国轩高科等。来源：工信部节能与综合利用司根据《公告》，核心调整包括以下四个方面：一、废止相关条款。正式废止《新能源汽车废旧动力电池综合利用行业规范条件（2024年本）》中所有涉及“梯次利用”的条款。二、取消企业公告管理。不再开展“梯次利用”企业公告管理，将此前已公告的100家“梯次利用”企业全部移出合规名单，包括上海比亚迪有限公司,http://mp.weixin.qq.com/s?__biz=Mzg2ODY4NTIwNA==&mid=2247603367&idx=4&sn=a678529d93dd293fa9fc3994b42d95ca,,7月30日，工业和信息化部发布《关于废止和修订新能源汽车废旧动力电池“梯次利用”相关政策标准以及规范有关行业活动的公告》（下称：《公告》），宣告动力电池“梯次利用”在政策层面正式终结。100家已公告的“梯次利用”企业被移出合规名单，涉及上海比亚迪、华友资源、蜂巢能源、国轩高科等。来源：工信部节能与综合利用司根据《公告》，核心调整包括以下四个方面：一、废止相关条款。正式废止《新能源汽车废旧动力电池综合利用行业规范条件（2024年本）》中所有涉及“梯次利用”的条款。二、取消企业公告管理。不再开展“梯次利用”企业公告管理，将此前已公告的100家“梯次利用”企业全部移出合规名单，包括上海比亚迪有限公司,7月30日，工业和信息化部发布《关于废止和修订新能源汽车废旧动力电池“梯次利用”相关政策标准以及规范有关行业活动的公告》（下称：《公告》），宣告动力电池“梯次利用”在政策层面正式终结。100家已公告的“梯次利用”企业被移出合规名单，涉及上海比亚迪、华友资源、蜂巢能源、国轩高科等。来源：工信部节能与综合利用司根据《公告》，核心调整包括以下四个方面：一、废止相关条款。正式废止《新能源汽车废旧动力电池综合利用行业规范条件（2024年本）》中所有涉及“梯次利用”的条款。二、取消企业公告管理。不再开展“梯次利用”企业公告管理，将此前已公告的100家“梯次利用”企业全部移出合规名单，包括上海比亚迪有限公司、衢州华友资源再生科技有限公司、蜂巢能源科技股份有限公司、合肥国轩高科动力能源有限公司等知名企业。现有的“再生利用”企业名单则继续有效。三、严限产品流向。明确规定任何组织或个人不得将废旧动力电池（无论整体或经拆分、重组）以任何形式用于电动自行车及其他法律禁止使用的领域。企业利用废旧电池生产的电池产品，必须严格符合应用领域的质量标准。四、全面清理相关标准与活动。要求相关标准化技术组织加紧废止或修订涉及“梯次利用”的国家及行业标准；要求相关主管部门协同强化执法；各类社会团体需清理业务范围内涉及“梯次利用”的内容，并停止相关宣传、培训、交流等活动。五、相关社会团体要全面梳理本单位及下属机构（含专业化委员会、分会等）的名称、业务范围、工作内容等，对于涉及“梯次利用”有关内容的，加紧修改调整，并停止“梯次利用”相关宣传推广、会议展览、服务咨询、培训交流等各类活动。资料显示，企业通过检测、分类、拆分、重组等工序处理废旧动力电池，将其制成电池产品并用于通信基站备用电源等领域，这便是通常所说的“梯次利用”电池。据悉，《新能源汽车废旧动力电池综合利用行业规范条件（2024年本）》对“综合利用”的定义采用广义概念，涵盖梯次利用和再生利用两种方式。2025年12月31日印发的《新能源汽车废旧动力电池回收和综合利用管理暂行办法》对“综合利用”作出了新的界定，明确其是指对废旧动力电池进行拆解、破碎、分选、冶炼等处理以进行资源化利用的活动，即再生利用，不再包含“梯次利用”概念。工信部节能与综合利用司在解读该公告时强调，《新能源汽车废旧动力电池综合利用行业规范条件》是促进行业技术进步和规范发展的引导性文件，不具有行政审批的前置性和强制性。此次《公告》虽移出了100家梯次利用企业的规范条件公告，但并不影响其合法、合规的生产经营活动。在全面遵守《中华人民共和国产品质量法》《中华人民共和国循环经济促进法》等法律法规和强制性标准要求的前提下，相关企业仍可继续利用废旧动力电池生产相关合格产品，依法平等参与市场竞争。当前，随着早期投放市场的车辆逐步进入报废期，动力电池退役量攀升。据行业预测，到2030年我国动力电池年退役量将超过100万吨。退役潮的到来，对回收利用监管能力提出了严峻考验。因为废旧动力电池若流入非正规渠道，既可能造成安全和污染隐患，也会造成锂、钴、镍等战略金属流失。今年以来，动力电池回收相关政策落地提速。4月，五部门联合开展规范废旧动力电池回收利用联合执法专项行动，聚焦违规交售、不履行溯源责任、非法拆解污染环境等突出问题；5月，工信部召开全国动力电池回收利用工作专班第二次会议，部署应对动力电池规模化退役的长效机制。此次《公告》的发布，有望进一步整治行业乱象，推动产业向安全、规范方向迈进。- 点击下方关注 -- 关于马里亚纳 -你所能触及的行业深度，请关注『马里亚纳锂电』,,,,pending
2026第六届先进电池产业集群论坛第二轮通知,马里亚纳锂电,马里亚纳锂电,"RIOnews API, 新材料, 电池材料, 碳, 固态电池, 固态电解质, 产品发布, 首发, 发布, 学术研究, 大学, 科学院, 研究所, 储能, 签约, 新产品",normal,2026-07-31T17:35:39+08:00,,作为国家工信部首批决赛优胜产业集群之一，先进电池材料产业集群立足我国先进制造产业链突出优势，围绕电池与材料产业高质量发展，推动产业迈向国际化。在先进电池材料产业集群指导下，由清华大学深圳国际研究生院主办，深圳市电源技术学会和深圳石墨烯创新中心有限公司联合承办的2026第六届先进电池产业集群论坛，定于2026年10月15-17日在深圳举办，把脉行业趋向，为企业发展和产学研合作提供新思路。会议期间还将举行第四届集群清新奖颁奖典礼，旨在表彰新能源和新材料领域的杰出企业和个人，涵盖技术创新引领、产学研深度融合、产业高质量发展、良好生态构建等方面，以此激励行业创新发展。先进电池与材料产业集群论坛至今已成,http://mp.weixin.qq.com/s?__biz=Mzg2ODY4NTIwNA==&mid=2247603367&idx=3&sn=3357846d639e48df0b33a0fae9801856,,作为国家工信部首批决赛优胜产业集群之一，先进电池材料产业集群立足我国先进制造产业链突出优势，围绕电池与材料产业高质量发展，推动产业迈向国际化。在先进电池材料产业集群指导下，由清华大学深圳国际研究生院主办，深圳市电源技术学会和深圳石墨烯创新中心有限公司联合承办的2026第六届先进电池产业集群论坛，定于2026年10月15-17日在深圳举办，把脉行业趋向，为企业发展和产学研合作提供新思路。会议期间还将举行第四届集群清新奖颁奖典礼，旨在表彰新能源和新材料领域的杰出企业和个人，涵盖技术创新引领、产学研深度融合、产业高质量发展、良好生态构建等方面，以此激励行业创新发展。先进电池与材料产业集群论坛至今已成,"作为国家工信部首批决赛优胜产业集群之一，先进电池材料产业集群立足我国先进制造产业链突出优势，围绕电池与材料产业高质量发展，推动产业迈向国际化。在先进电池材料产业集群指导下，由清华大学深圳国际研究生院主办，深圳市电源技术学会和深圳石墨烯创新中心有限公司联合承办的2026第六届先进电池产业集群论坛，定于2026年10月15-17日在深圳举办，把脉行业趋向，为企业发展和产学研合作提供新思路。会议期间还将举行第四届集群清新奖颁奖典礼，旨在表彰新能源和新材料领域的杰出企业和个人，涵盖技术创新引领、产学研深度融合、产业高质量发展、良好生态构建等方面，以此激励行业创新发展。先进电池与材料产业集群论坛至今已成功举办五届，成为先进电池材料产业的“前沿技术风向标”，为行业构建了高端、高效的交流平台，助推先进电池材料集群的产业链、创新链、人才链以及教育链紧密融合、全面发展。欢迎更多从事先进电池与材料产业链的企业家、技术团队和科研人员踊跃参与，共同见证这一行业盛事，携手推动产业发展。会议概况会议时间：2026年10月15-17日（15日报到注册）会议地点：深圳机场凯悦酒店会议主题：APEC格局全球协作 数智领航未来能源大会主席大会执行主席顾问委员会陈立泉、张统一、成会明、陈军、赵天寿、邹志刚、南策文、徐政和、王海江、刘科、叶思宇、王缉慈、康飞宇、吴凯、廉玉波、王明旺、黄学杰、黄云辉、张正铭、陈国华学术委员会李泓、梁成都、张世超、胡勇胜、潘锋、张强、周向阳、慈立杰、杨全红、阮殿波、任建国、邓永红、贺艳兵、唐永炳、刘剑洪、陈建军、阳如坤、卢侠、支春义、唐有根、李军、杨勇、周光敏、赵东辉大会报告*名单持续更新中，以实际出席为准分会主题及分会主席分会一：技术趋势研判先进电池与新材料交叉融合分会二：智能制造与安全AI赋能电池产业高质量发展分会三：汽航融合发展新应用场景引领未来产业变革分会四：源网荷储充算新应用场景驱动解决方案升级分会五：集群跨群融链生态体系构建促进可持续升维组织架构指导单位深圳市工业和信息化局深圳市市场监督管理局先进电池材料产业集群主办单位清华大学深圳国际研究生院支持单位深圳市科技创新局深圳市科学技术协会承办单位深圳市电源技术学会深圳石墨烯创新中心有限公司协办单位国家新型储能创新中心中国科学院深圳先进技术研究院碳中和技术研究所深圳市科技创新战略研究中心深圳中国科学院院士活动基地广东省石墨烯创新中心广东省大湾区新能源汽车产业技术创新联盟广东省新型储能产业技术创新联盟世界低碳城市联盟深圳新型储能产业协会深圳市电力行业协会深圳市电池行业协会深圳市新材料行业协会中欧校友新能源协会华南分会华中科技大学深圳校友会新能源与电池行业分会先进电池与材料产学研技术创新联盟华为数字能源技术有限公司有研（广东）新材料技术研究院深圳市全固态电解质工程研究中心深圳汽航院科技有限公司深圳市今朝时代股份有限公司会议简要议程签到日(10月15日）下午注册报到、会展搭建2026先进电池材料产业集群·深圳市电源技术学会年会第一天（10月16日）上午大会开幕式、重磅发布、主论坛、展览展示下午主论坛、集群产业链峰会闭门会、展览展示晚上第四届“集群清新奖”颁奖盛典第二天（10月17日）全天分会一：技术趋势研判—先进电池与新材料交叉融合分会二：智能制造与安全—AI赋能电池产业高质量发展分会三：汽航融合发展—新应用场景引领未来产业变革分会四：源网荷储充算—新应用场景驱动解决方案升级分会五：集群跨群融链—生态体系构建促进可持续升维圆桌对话、展览展示大会闭幕式特色活动01第四届“集群清新奖”征集&颁奖盛典2026第四届""集群清新奖""已经启动申报，聚焦""创新、引领、低碳、融合""主题，设置技术创新奖、低碳贡献奖、杰出成就奖三大类别（各含1-3分项）。评选面向电池全产业链企业及高校科研机构，涵盖材料研发、装备制造、应用场景开发及循环经济等环节。第四届“集群清新奖”评选结果将于10月16日在深圳召开的""2026第六届先进电池产业集群论坛""颁奖晚宴现场公布，并现场颁发奖杯和荣誉证书。诚邀相关企事业单位、技术团队、科研工作者、企业家等踊跃报名参与，请在9月6日前提交材料至集群秘书处：许老师 ***********（微信同号），为推动新材料和新能源产业集群低碳绿色可持续发展贡献力量。精彩回顾 | 先进电池材料产业集群第三届""集群清新奖""022026第六届先进电池产业集群论坛重磅发布征集为了更全方位、多场景集中展示先进电池材料产业前沿技术和应用示范成果，更好展示集群会员新产品、新技术、新业态和新服务，将在2026第六届先进电池产业集群论坛论坛开幕式上提供“首展”“首发”“首秀”平台。现面向先进电池及材料产业链相关单位征集重磅发布内容，诚邀各单位团体积极踊跃报名申请。如有意向，请尽快提交相关项目介绍资料至集群秘书处林老师：***********（微信同号），期待您的参与！《先进制造业集群建设指南》标准发布《移动电源产业高质量发展行动》承诺仪式中国人保储能安心保企业合作意向签约左右滑动查看更多了解详情：聚能向新 智领未来 | 2025先进电池产业集群论坛圆满落幕03能源先锋・圳创未来——2026先进电池材料产业集群产业链峰会（闭门会）先进电池材料产业集群产业链峰会由集群理事长召集邀约50位政府领导、领军企业负责人、科研领军人物出席。共同交流研讨当前集群产业链核心和热点问题，从产学研的角度协同创新，形成共识，构建创新联合体，发挥集群织网人作用，凝聚电池领域新质生产力，共同打造世界级产业集群。2025年第二届集群产业链峰会合影042026先进电池材料产业集群·深圳市电源技术学会年会先进电池材料产业集群年会主要对集群的工作进行梳理汇报以及下一步工作的规划部署。通过集群交流与合作，加强产业链上下游供需对接，充分发挥集群理事长单位和副理事长单位的行业引领作用，努力建设成为世界级先进制造业产业集群。此外，深圳市电源技术学会年会通过年度总结、主题报告、授牌仪式及颁奖典礼等活动搭建交流平台，推动新能源领域技术转化与标准建设。2025先进电池材料产业集群年会暨第二届理事会会议合影了解详情：先进电池材料产业集群第二届会员第二次会议暨第二届理事会第二次会议圆满结束深圳市电源技术学会第二届会员大会第三次会议暨第二届理事会第三次会议圆满结束参会注册(一)注册报名：热诚欢迎相关科研单位人士、企业同仁和政府管理部门人员参会和交流学习。本届会议名额有限，请务必于8月31日前扫描以下二维码填写，完成注册缴费。参会费用门票类型门票说明学生代表科研单位企业代表标准票含参会名额资料、自助茶歇1000元2000元2500元尊享票含参会名额资料、自助茶歇、两天自助午餐、集群颁奖晚宴1500元2500元3000元特别说明：1、2026年8月31日前报名缴费，享受早鸟票8折优惠；2、现场单购餐券费用：1000元/位，含2天自助午餐与颁奖晚宴，仅凭餐券用餐；3、以上参会费用均不含住宿，会议期间享受周边配套酒店协议价。长按扫码报名参会(二)报名联系：联系人：栾老师 ***********（微信同号）邮箱：luan.xiaoyue@sztspi.com报告申请此次论坛诚邀各位参会代表踊跃报名，分享会议主题报告。如确认作报告分享，请在参会报名表中注明拟分享的报告主题方向（例如：新型电极材料开发、固态电池产业化路径等），以便会务组统筹安排报告场次。如需提交口头报告或墙报摘要，请联系张老师（电话：***********，邮箱：zhang.zhexu@sz.tsinghua.edu.cn）。参展赞助赞助商：本次会议设置总冠名、专场冠名、铂金赞助商等会议赞助类别。赞助商根据不同的级别可分别享受到的相应的权益。包括网站首页公司介绍、晚宴冠名、会议手册广告宣传、免费参会资格和展台。参展商：每个展位费用：20000元，包括2人的午餐、展台、资料费用。赞助联系：联系人：林老师电话：***********邮箱：lin.lixia@sz.tsinghua.edu.cn联系人：姚老师电话：***********邮箱：yao.nan@sztspi.com往届精彩回顾左右滑动查看更多- 点击下方关注 -- 关于马里亚纳 -你所能触及的行业深度，请关注『马里亚纳锂电』",,,,pending
2025年全球固态电池出货量8GWh 卫蓝新能源和清陶能源占近半份额,旺材锂电,旺材锂电,"RIOnews API, 固态电池, 技术进展, 瓶颈突破, 下一代技术, 量产推进, 产能, 批量生产, 宁德时代, 欣旺达, 电解液, 出货, 出货量, 交付, 装车, 市场份额, GWh, 投产, 发布, 中试, 中试线, 样品, 量产, 爬坡",normal,2026-07-31T17:33:41+08:00,,点击蓝字关注旺材锂电关注公众号，点击公众号主页右上角“ · · · ”，设置星标，实时关注锂电最新资讯来源：锂电派导语EVTank预计，到2030年全球固态电池出货量将达到607.2GWh，年复合增长率超过130%，其中全固态的比例将接近20%。近日，研究机构EVTank、伊维经济研究院联合中国电池产业研究院共同发布了《中国固态电池行业发展白皮书（2026年）》。白皮书指出，2025年混合固液电池率先跨越从“样品到产品”的产业化拐点，上汽MG4、蔚来150kWh包等车型规模化交付，全球固态电池出货量达到8GWh，同比增长51.9%。进入2026年上半年，产业迈入“量产前夜”的关键蓄力期，多家企,http://mp.weixin.qq.com/s?__biz=MzI0ODc5NTQ4NQ==&mid=2247627155&idx=1&sn=d6812821ea82251de33151cbb7e073f9,,点击蓝字关注旺材锂电关注公众号，点击公众号主页右上角“ · · · ”，设置星标，实时关注锂电最新资讯来源：锂电派导语EVTank预计，到2030年全球固态电池出货量将达到607.2GWh，年复合增长率超过130%，其中全固态的比例将接近20%。近日，研究机构EVTank、伊维经济研究院联合中国电池产业研究院共同发布了《中国固态电池行业发展白皮书（2026年）》。白皮书指出，2025年混合固液电池率先跨越从“样品到产品”的产业化拐点，上汽MG4、蔚来150kWh包等车型规模化交付，全球固态电池出货量达到8GWh，同比增长51.9%。进入2026年上半年，产业迈入“量产前夜”的关键蓄力期，多家企,点击蓝字关注旺材锂电关注公众号，点击公众号主页右上角“ · · · ”，设置星标，实时关注锂电最新资讯来源：锂电派导语EVTank预计，到2030年全球固态电池出货量将达到607.2GWh，年复合增长率超过130%，其中全固态的比例将接近20%。近日，研究机构EVTank、伊维经济研究院联合中国电池产业研究院共同发布了《中国固态电池行业发展白皮书（2026年）》。白皮书指出，2025年混合固液电池率先跨越从“样品到产品”的产业化拐点，上汽MG4、蔚来150kWh包等车型规模化交付，全球固态电池出货量达到8GWh，同比增长51.9%。进入2026年上半年，产业迈入“量产前夜”的关键蓄力期，多家企业表明混合固液电池将在2026年下半年量产装车，全球首部车用固态电池国家标准GB/T 43568于2026年7月正式实施，首次以量化指标（液态电解液含量>20%为液态、5%–20%为混合固液、EVTank预计，到2030年全球固态电池出货量将达到607.2GWh，年复合增长率超过130%，其中全固态的比例将接近20%。从企业出货量来看，2025年卫蓝新能源和清陶能源持续领跑，二者合计市场份额近半。随后是辉能科技、欣旺达、宁德时代、赣锋锂电和太蓝新能源等，其中卫蓝新能源、清陶能源、宁德时代、辉能科技和太蓝新能源以动力电池为主，欣旺达以消费电池为主。EVTank认为，虽然当前专注固态电池的新晋玩家市场份额领先，但传统液态电池龙头企业也持续固态电池技术储备和研发跟进，未来凭借其完整的上下游供应链体系及规模效应，仍有机会占领更高市场地位。成本而言，随着混合固液电池产能爬坡稳定、良率逐步升高，叠加技术成熟和市场需求增加，规模效应将逐渐显现，降本路径更加明朗，BOM成本将逐步与液态趋平。全固态电池方面，根据各企业最新公布的量产计划，全固态电池中试线密集投产，关键材料持续降本（硫化物下降超过35%），预计2027年将实现小批量生产，而接下来两年将是技术瓶颈突破的关键时间，各家都在全力争抢下一代技术的战略制高点。与此同时，行业已形成清晰节奏：2026年拼产线拼验证、2027年拼装车拼示范、2030年前后拼大规模商业化。在EVTank发布的《中国固态电池行业发展白皮书（2026）》中，还对固态电池关键材料、生产工艺、降本路径，固态电池企业布局情况、技术进展和未来市场趋势进行了详细的分析和预测。- End -▊▊ 加入社群▊▊ 地图领取【免责声明】文章为作者独立观点，不代表旺材锂电立场。如因作品内容、版权等存在问题，请于本文刊发30日内联系旺材锂电进行删除或洽谈版权使用事宜。邮箱wanxinyun@51wctt.com。电话：*********** 线上广告合作：***********更多干货关注微信公众号：wc_ldc。专属微信群请文内扫码进入，VIP 内容专享！,,,,pending
【产业】告别“梯次利用”：动力电池回收市场的千亿变局,旺材锂电,旺材锂电,"RIOnews API, 储能, BMS, 电池回收, 梯次利用, 退役电池, 政策, 落地",normal,2026-07-31T17:33:41+08:00,,点击蓝字关注旺材锂电 关注公众号，点击公众号主页右上角“ · · · ”，设置星标，实时关注锂电最新资讯 来源：综合网络报道2026年7月30日，一道政策“惊雷”炸响在锂电回收行业上空。国家工信部正式废止《新能源汽车废旧动力电池综合利用行业规范条件（2024年本）》中“梯次利用”相关条款，宣告这一延续十余年的监管概念彻底走入历史。这不是一次简单的条款修订，而是一场足以改写千亿市场格局的产业地震。一、67.6%的白名单企业被清退新政落地最直接的冲击，是白名单体系的剧烈收缩。此前，全国共有156家企业入选《新能源汽车废旧动力电池综合利用行业规范条件》公告企业名单，涵盖梯次利用与再生利用两大类。而随,http://mp.weixin.qq.com/s?__biz=MzI0ODc5NTQ4NQ==&mid=2247627155&idx=3&sn=010b31f58f2884e9c95c2e196722ed6a,,点击蓝字关注旺材锂电 关注公众号，点击公众号主页右上角“ · · · ”，设置星标，实时关注锂电最新资讯 来源：综合网络报道2026年7月30日，一道政策“惊雷”炸响在锂电回收行业上空。国家工信部正式废止《新能源汽车废旧动力电池综合利用行业规范条件（2024年本）》中“梯次利用”相关条款，宣告这一延续十余年的监管概念彻底走入历史。这不是一次简单的条款修订，而是一场足以改写千亿市场格局的产业地震。一、67.6%的白名单企业被清退新政落地最直接的冲击，是白名单体系的剧烈收缩。此前，全国共有156家企业入选《新能源汽车废旧动力电池综合利用行业规范条件》公告企业名单，涵盖梯次利用与再生利用两大类。而随,点击蓝字关注旺材锂电 关注公众号，点击公众号主页右上角“ · · · ”，设置星标，实时关注锂电最新资讯 来源：综合网络报道2026年7月30日，一道政策“惊雷”炸响在锂电回收行业上空。国家工信部正式废止《新能源汽车废旧动力电池综合利用行业规范条件（2024年本）》中“梯次利用”相关条款，宣告这一延续十余年的监管概念彻底走入历史。这不是一次简单的条款修订，而是一场足以改写千亿市场格局的产业地震。一、67.6%的白名单企业被清退新政落地最直接的冲击，是白名单体系的剧烈收缩。此前，全国共有156家企业入选《新能源汽车废旧动力电池综合利用行业规范条件》公告企业名单，涵盖梯次利用与再生利用两大类。而随着此次调整，100家“梯次利用”企业被一次性移出白名单，剩余企业仅48家，移出比例高达67.6%。这意味着一度被视为“准入门票”的白名单资格，对于梯次利用企业来说已不复存在。大量依靠梯次业务生存的企业，一夜之间丧失了合规身份。二、从“鼓励探索”到“全面叫停”回望“梯次利用”的发展轨迹，堪称一部政策摇摆的教科书。2012年，国务院首次提出“加强动力电池梯级利用和回收管理”，彼时的出发点朴素而美好——退役电池仍有80%左右的剩余容量，直接报废太过可惜，“先梯次、后再生”成为行业共识。2018年至2019年，白名单制度启动，梯次利用企业被正式纳入管理体系，行业迎来黄金发展期。转折出现在2021年。国家能源局一纸文件叫停了“大型动力电池梯次利用储能项目”，释放出明确的收紧信号。此后政策层层加码：2024年禁止梯次电池用于电动自行车，2025年从法规层面取消“梯次利用”概念，直至2026年7月的全面废止。从鼓励到规范，再到全面禁止，这条路走了14年。三、为何非禁不可？政策急转弯的背后，是日益严峻的安全隐忧。据应急管理部消防救援局数据，2025年全国共发生电动自行车火灾1.8万起，其中相当比例与违规使用的退役动力电池直接相关。一位业内人士透露：“很多小作坊买来退役电池，简单检测一下电压和内阻，换个外壳就当新品卖，这种‘梯次’产品就是定时炸弹。”工信部在公告中也坦承：过去“梯次利用”这个标签被市场模糊理解，仿佛因为是“二手”的，就可以在性能和安全性上打折扣。一些企业借机将未经充分检测、简单翻新的电池以“梯次”名义推向市场，甚至违规用于电动自行车等高危场景。安全隐患之外，劣币驱逐良币的市场乱象同样触目惊心。正规企业需要投入高昂成本进行分选、检测、重组和BMS适配，而小作坊几乎零成本运作，却能以更低价格抢占市场。此次政策“一刀切”，某种意义上是对合规企业的一次正名。四、监管逻辑的根本转向此次新政最值得关注的，是监管思路的底层变革——从“管概念”转向“管产品”。过去，监管部门试图通过区分“梯次利用”和“再生利用”企业来实现分类管理，但在实践中，这种划分反而给了投机者钻空子的空间。新政之后，所有利用废旧动力电池生产的产品，无论来源如何，统一纳入一般“电池生产”监管框架，执行同一套质量标准。换言之，决定一块电池能否再次流入市场的，不再是它是否贴着“梯次”标签，而是它的安全性能是否达标。五、千亿市场加速洗牌对于行业而言，这场变局的深远影响才刚刚开始显现。一方面，大量依赖梯次业务的中小企业面临生存危机。它们要么转型做再生利用，要么彻底退出市场。另一方面，退役电池的流向将发生结构性改变——原本流向梯次市场的电池，将加速转入再生利用环节，这对拆解、破碎、湿法冶炼等后端处理能力提出了更高要求。- End -▊▊ 加入社群▊▊ 地图领取【免责声明】文章为作者独立观点，不代表旺材锂电立场。如因作品内容、版权等存在问题，请于本文刊发30日内联系旺材锂电进行删除或洽谈版权使用事宜。邮箱wanxinyun@51wctt.com。电话：*********** 线上广告合作：***********更多干货关注微信公众号：wc_ldc。专属微信群请文内扫码进入，VIP 内容专享！,,,,pending
【资讯】4死6伤！一在建储能项目发生塌方,旺材锂电,旺材锂电,"RIOnews API, 长时储能, 合作进展, 投资, 合作, 储能, 装机, 投产",normal,2026-07-31T17:33:41+08:00,,你已选中了添加链接的内容点击蓝字关注旺材锂电关注公众号，点击公众号主页右上角“ · · · ”，设置星标，实时关注锂电最新资讯 来源：锂电派据新华社权威消息，7月31日凌晨3时50分，内蒙古乌兰察布卓资县中铁建压缩空气储能项目，中铁十五局负责施工的隧道标段发生塌方事故。事故已造成4人死亡、6人受伤。应急救援力量第一时间赶赴现场开展抢险工作，伤员已送往医院救治。目前现场管控、事故调查工作全面启动，塌方详细原因有待官方最终通报。资料显示，该项目总投资92.67亿元，装机规模105万千瓦/630万千瓦时，是当前全球装机规模最大的人工硐室式压缩空气储能电站，也是内蒙古重点新能源示范工程。项目创新采用深,http://mp.weixin.qq.com/s?__biz=MzI0ODc5NTQ4NQ==&mid=2247627155&idx=2&sn=e86506c3c943240085889103a8cdee42,,你已选中了添加链接的内容点击蓝字关注旺材锂电关注公众号，点击公众号主页右上角“ · · · ”，设置星标，实时关注锂电最新资讯 来源：锂电派据新华社权威消息，7月31日凌晨3时50分，内蒙古乌兰察布卓资县中铁建压缩空气储能项目，中铁十五局负责施工的隧道标段发生塌方事故。事故已造成4人死亡、6人受伤。应急救援力量第一时间赶赴现场开展抢险工作，伤员已送往医院救治。目前现场管控、事故调查工作全面启动，塌方详细原因有待官方最终通报。资料显示，该项目总投资92.67亿元，装机规模105万千瓦/630万千瓦时，是当前全球装机规模最大的人工硐室式压缩空气储能电站，也是内蒙古重点新能源示范工程。项目创新采用深,你已选中了添加链接的内容点击蓝字关注旺材锂电关注公众号，点击公众号主页右上角“ · · · ”，设置星标，实时关注锂电最新资讯 来源：锂电派据新华社权威消息，7月31日凌晨3时50分，内蒙古乌兰察布卓资县中铁建压缩空气储能项目，中铁十五局负责施工的隧道标段发生塌方事故。事故已造成4人死亡、6人受伤。应急救援力量第一时间赶赴现场开展抢险工作，伤员已送往医院救治。目前现场管控、事故调查工作全面启动，塌方详细原因有待官方最终通报。资料显示，该项目总投资92.67亿元，装机规模105万千瓦/630万千瓦时，是当前全球装机规模最大的人工硐室式压缩空气储能电站，也是内蒙古重点新能源示范工程。项目创新采用深地岩层人工硐室储气路线，需大规模开展地下隧道、深部储气硐室开挖，地下岩土施工风险高。项目于2025年开工，原计划2026年底建成投产。近年来，压缩空气储能进入规模化建设期，人工硐室储气方案摆脱盐穴资源限制，成为多地重点推进的长时储能路线。但大规模地下硐室开挖属于高危施工作业，围岩监测、支护工程、夜间施工管理等环节安全管控压力巨大。一座标杆储能工程的背后，不能忽视一线建设者的生命安全。新能源产业高速扩张进程中，地下储能工程的施工安全问题值得全行业高度警惕。- End -▊▊ 加入社群▊▊ 地图领取【免责声明】文章为作者独立观点，不代表旺材锂电立场。如因作品内容、版权等存在问题，请于本文刊发30日内联系旺材锂电进行删除或洽谈版权使用事宜。邮箱wanxinyun@51wctt.com。电话：*********** 线上广告合作：***********更多干货关注微信公众号：wc_ldc。专属微信群请文内扫码进入，VIP 内容专享！,,,,pending
专业推荐！【液冷技术圈】每一个硬件领域，都面临同一场“热”战。,旺材锂电,旺材锂电,"RIOnews API, 储能, 系统集成, 热失控, 热管理, 液冷, 投资, 政策, 推出, 快充",normal,2026-07-31T17:33:41+08:00,,“热”战升级！别让温度成为技术的天花板当芯片算力飙升，散热设计功耗突破400W大关；当电动汽车快充时间缩短，电池系统承受更高热负荷；当储能电站规模扩大，热失控风险如影随形；当变压器负荷不断增加，冷却效率决定电网稳定...温度，正成为所有硬件技术共同的“隐形战场”。热管理已不再是辅助工程，而是核心技术的决胜因素。我们决定做一件重要的事！在深耕芯片半导体、新能源汽车电池、储能、电力变压器行业多年后，我们看到了一个清晰的交叉点：液冷与先进热管理。我们正式推出全新公众号：【液冷技术圈】点击关注这里将聚焦： 技术深度解析• 液冷技术路线对比（冷板/浸没/喷雾）• 相变材料与均温板创新进展• 热仿真与测试,http://mp.weixin.qq.com/s?__biz=MzI0ODc5NTQ4NQ==&mid=2247627155&idx=5&sn=14ed8295b46a6c41004b894005c43208,,“热”战升级！别让温度成为技术的天花板当芯片算力飙升，散热设计功耗突破400W大关；当电动汽车快充时间缩短，电池系统承受更高热负荷；当储能电站规模扩大，热失控风险如影随形；当变压器负荷不断增加，冷却效率决定电网稳定...温度，正成为所有硬件技术共同的“隐形战场”。热管理已不再是辅助工程，而是核心技术的决胜因素。我们决定做一件重要的事！在深耕芯片半导体、新能源汽车电池、储能、电力变压器行业多年后，我们看到了一个清晰的交叉点：液冷与先进热管理。我们正式推出全新公众号：【液冷技术圈】点击关注这里将聚焦： 技术深度解析• 液冷技术路线对比（冷板/浸没/喷雾）• 相变材料与均温板创新进展• 热仿真与测试,“热”战升级！别让温度成为技术的天花板当芯片算力飙升，散热设计功耗突破400W大关；当电动汽车快充时间缩短，电池系统承受更高热负荷；当储能电站规模扩大，热失控风险如影随形；当变压器负荷不断增加，冷却效率决定电网稳定...温度，正成为所有硬件技术共同的“隐形战场”。热管理已不再是辅助工程，而是核心技术的决胜因素。我们决定做一件重要的事！在深耕芯片半导体、新能源汽车电池、储能、电力变压器行业多年后，我们看到了一个清晰的交叉点：液冷与先进热管理。我们正式推出全新公众号：【液冷技术圈】点击关注这里将聚焦： 技术深度解析• 液冷技术路线对比（冷板/浸没/喷雾）• 相变材料与均温板创新进展• 热仿真与测试前沿方法⚡ 跨行业应用方案• 数据中心服务器冷却革新• 电动汽车热管理系统设计• 储能电站热安全防控• 电力电子设备散热优化 产业趋势洞察• 全球热管理市场规模与格局• 政策标准与安全规范• 材料、部件到系统集成的产业链分析适合谁关注？✔ 硬件工程师、热设计专业人员✔ 新能源、储能、数据中心行业从业者✔ 半导体与电力设备研发人员✔ 投资机构与行业分析师✔ 关注技术趋势的决策者与创业者扫描二维码关注【液冷技术圈】与我们一起，洞察技术“温度”，破解散热难题点击关注从芯片到电池，从储能到电网，热管理是共同的底层语言。关注我们，掌握这门关键技术的话语权。“热”战升级！,,,,pending
三星SDI：全固态电池首发锁定人形机器人,起点固态电池,起点固态电池,"RIOnews API, 固态电池, 全固态, 产品发布, 首发, 发布, 量产推进, 产能, 扩产",normal,2026-07-31T17:23:20+08:00,,7月30日，三星SDI发布2026财年第二季度财报，公司第二季度实现合并营收3.77万亿韩元（约人民币177.19亿元），同比增长18.5%；营业利润达2040亿韩元（约人民币9.59亿元），实现全面扭亏为盈利。根据财报，三星SDI本季度业绩显著超越市场预期，归母净利润达4720亿韩元（约人民币22.18亿元），远超市场预期的1057亿韩元（约人民币4.97亿元），毛利率大幅提升至24.9%。盈利强劲反弹主要得益于储能系统及AI数据中心后备电源电池需求的爆发，以及美国政策补贴与关税退税利好。此前，受全球电动汽车需求增速放缓及锂电供应链去库存影响，三星SDI业绩持续承压。随着2026年第二季度欧,http://mp.weixin.qq.com/s?__biz=MzU3MzMxNDI5Ng==&mid=2247499137&idx=2&sn=916837fe4a1088d0fbd09127a7965285,,7月30日，三星SDI发布2026财年第二季度财报，公司第二季度实现合并营收3.77万亿韩元（约人民币177.19亿元），同比增长18.5%；营业利润达2040亿韩元（约人民币9.59亿元），实现全面扭亏为盈利。根据财报，三星SDI本季度业绩显著超越市场预期，归母净利润达4720亿韩元（约人民币22.18亿元），远超市场预期的1057亿韩元（约人民币4.97亿元），毛利率大幅提升至24.9%。盈利强劲反弹主要得益于储能系统及AI数据中心后备电源电池需求的爆发，以及美国政策补贴与关税退税利好。此前，受全球电动汽车需求增速放缓及锂电供应链去库存影响，三星SDI业绩持续承压。随着2026年第二季度欧,7月30日，三星SDI发布2026财年第二季度财报，公司第二季度实现合并营收3.77万亿韩元（约人民币177.19亿元），同比增长18.5%；营业利润达2040亿韩元（约人民币9.59亿元），实现全面扭亏为盈利。根据财报，三星SDI本季度业绩显著超越市场预期，归母净利润达4720亿韩元（约人民币22.18亿元），远超市场预期的1057亿韩元（约人民币4.97亿元），毛利率大幅提升至24.9%。盈利强劲反弹主要得益于储能系统及AI数据中心后备电源电池需求的爆发，以及美国政策补贴与关税退税利好。此前，受全球电动汽车需求增速放缓及锂电供应链去库存影响，三星SDI业绩持续承压。随着2026年第二季度欧洲EV电池需求边际回暖，叠加全球AI算力基础设施建设潮，公司电池与电子材料两大核心业务板块同步回升。作为下一代电池技术的重要代表，三星SDI在本次业绩会上重申，其全固态电池商业化进程按计划稳步推进，将于2027年下半年正式实现量产。在产品应用路线上，公司打破了传统固态电池优先装载于电动汽车的单一路径，明确透露全固态电池的首个商业化落地场景将聚焦于人形机器人领域。为配合客户验证与品质导入，公司计划于2026年下半年开始向人形机器人及航空航天领域的头部客户输送全固态电池样品。目前展示的软包型固态电芯能量密度接近500 Wh/kg，能够有效兼顾人形机器人对轻量化、高能量密度与极致安全性能的需求。值得关注的是，三星SDI位于美国的方形LFP储能电池产线目前已进入客户品质验证阶段，预计将于2026年10月正式启动电芯量产，并于年内交付旗舰储能系统SBB 2.0，进一步加速海外产能落地。就在7月初，三星SDI公布了跨度14年（2026年至2040年）的长期投资方案，向蔚山和天安两大生产基地合计投入25万亿韩元（约合人民币1100亿元）。其中16万亿韩元投向蔚山制造园区，用于建设全固态电池、储能系统用磷酸铁锂电池及钠离子电池的量产产线；9万亿韩元用于天安厂区扩产。天安厂区定位为技术验证中心，其干式电极试产线已投产，为后续规模化降本提供工艺储备。产业化准备方面，三星SDI已在水原研发中心建成6500平方米的S-Line固态电池中试线，完成多轮配方与制程验证。量产阶段，蔚山新建产线将直接承接中试成果。技术路线上，三星SDI主攻硫化物基固态电解质，此前公布的能量密度目标超过900瓦时/升。目前全固态电池样品已交付电动汽车、具身智能、人形机器人等领域潜在客户开展性能评估。三星SDI计划率先在韩国本土完成商业化落地，待规模化方案成熟后逐步向海外工厂复制产能。2027年已成为全球全固态电池产业化的关键节点，丰田、吉利、奇瑞、比亚迪等企业同步锁定相近时间窗口。全球固态电池群04-码上入群点击阅读原文，即可报名参展！,,,,pending
CINE2026（第三届）固态电池及钠电国际展定档2026年11月6-7日，广州南沙举办！,起点固态电池,起点固态电池,"RIOnews API, 固态电池",normal,2026-07-31T17:23:20+08:00,,CINE2026（第三届）固态电池及钠电国际展一、展会论坛组织架构展会活动名称：CINE2026（第三届）固态电池及钠电国际展同期活动：2026起点固态电池年会暨固态电池金鼎奖颁奖典礼2026起点钠电行业年会暨钠电金鼎奖颁奖典礼主办单位：起点固态电池起点钠电起点研究活动规模：展商规模200+参会企业2000+专业观众20000+搭建时间：2026年11月4日-5日展会时间：2026年11月6日-7日 （周五、周六）举办地点：广州南沙国际会展中心2楼船厅、广州厅和南沙厅第一批展商及赞助商名录：金钠科技/茹天科技/华普森/奥冠电池/旭钠/信瑞新能源/纳甘/儒特股份/晟钠新能/同兴皓升/海四达钠星/,http://mp.weixin.qq.com/s?__biz=MzU3MzMxNDI5Ng==&mid=2247499137&idx=4&sn=c7639f79871d9c9044e39ebfeabf8cec,,CINE2026（第三届）固态电池及钠电国际展一、展会论坛组织架构展会活动名称：CINE2026（第三届）固态电池及钠电国际展同期活动：2026起点固态电池年会暨固态电池金鼎奖颁奖典礼2026起点钠电行业年会暨钠电金鼎奖颁奖典礼主办单位：起点固态电池起点钠电起点研究活动规模：展商规模200+参会企业2000+专业观众20000+搭建时间：2026年11月4日-5日展会时间：2026年11月6日-7日 （周五、周六）举办地点：广州南沙国际会展中心2楼船厅、广州厅和南沙厅第一批展商及赞助商名录：金钠科技/茹天科技/华普森/奥冠电池/旭钠/信瑞新能源/纳甘/儒特股份/晟钠新能/同兴皓升/海四达钠星/,CINE2026（第三届）固态电池及钠电国际展一、展会论坛组织架构展会活动名称：CINE2026（第三届）固态电池及钠电国际展同期活动：2026起点固态电池年会暨固态电池金鼎奖颁奖典礼2026起点钠电行业年会暨钠电金鼎奖颁奖典礼主办单位：起点固态电池起点钠电起点研究活动规模：展商规模200+参会企业2000+专业观众20000+搭建时间：2026年11月4日-5日展会时间：2026年11月6日-7日 （周五、周六）举办地点：广州南沙国际会展中心2楼船厅、广州厅和南沙厅第一批展商及赞助商名录：金钠科技/茹天科技/华普森/奥冠电池/旭钠/信瑞新能源/纳甘/儒特股份/晟钠新能/同兴皓升/海四达钠星/钠美科技/科达新能源/钠特尔/川源科技/奥克莱集团/青钠能源/科锐晟/九续钠电/希倍动力/恒大高新/科迈罗/长篙新材/易禾环境/鹏锦智能/赣锋锂电/宝试仪器/旭派动力/津工能源/日联科技/极电特能/亿隆能源/双环科技/瑞森新材料/钠科能源二、展会及论坛议程三、展馆布局图四参展及论坛报名费用收款单位：深圳市起点研究咨询有限公司开户行：中国农业银行深圳前进路支行银行账号：41019700040025862汇款请注明：宣传费/服务费/会议展览服五、组委会联系方式参展+赞助咨询： 邱先生：*********** 江先生：*********** 尧先生：*********** 杨先生：*********** 展会免费门票登记领取/组团参观：张小姐：***********论坛报名：于小姐：***********媒体合作：黄小姐：***********刘小姐 ***********六、往届参展展商名录金钠科技/天能钠电/皓升新能源/科迈罗/茹天科技/亮见钠电/维科技术/海四达钠星/易事特钠电/泰和科技/隐功科技/国科炭美/晟钠新能/中钠能源/乔岳智能/津工能源/科达新能源/时代思康/富钠能源/极电特能/华普森/叁星飞荣/纳甘新能源/扬广科技/银川苏银产业园/兆钠新能源/精诚时代/儒特股份/希倍动力/先导干燥/瓦时动力/博粤新材料/苏州翼动新能/亿隆能源/钠创新能源/凯德利/长篙新材/孚悦科技/珈钠能源/鑫钠新材料/同兴科技/黔钠科技/鑫晟达/新威/容钠新能源/科路得新能源/华迈智能/猛狮新能源/绿捷环境/钠美科技/柏励司/派能科技/英钠新能源/为方能源/盛安精瓷/果曼钠电/中科固能 /融捷能源/浙江锋锂/国联动力/瑞森新材料/海裕百特/天石科丰/有研广东院/博粤新材/研一新材料/巴斯夫杉杉/清研电子/先导智能/清华大学深圳院/中科院合肥物质科学研究院/巴中经开区/佰思格/厦门前驱新材料/艾迈斯/钹鑫科技/成泰科技/铧钠新材料/瑞扬新能源/尚金干燥/湖钠能源/钠博恩/璞钠能源/钠奇盛新能源/三盛塑胶/华钠科技/天钠科技/金启航新能源/钠创新能源/汇创新能源/愚公高科/儒特实业/津工能源/莫洛奇/果曼钠电/亿纬锂能/福建贤辰/易事特/尚水智能/浦士达/容钠新能源/中天和/苏州研新/猛狮新能源/凯德利/超力源/净森源/珠海欧美莱/昇旭光电/陀普科技/英钠新能源/苏州翼动/泽源智能/国科炭美/奥冠电池/金力新能源/纷享销客/东能钠新/思谷智能/卓能新能源/智莱科技/浩能科技/同兴环保/杰事途/海裕百特/汇港标杆/比特安/中比新能源/恒大高新/铜益九州/和誉智能/琥崧科技点击阅读原文，即可报名参展！,,,,pending
内蒙古60亿固态电池项目迎新进展！,起点固态电池,起点固态电池,"RIOnews API, 固态电池, 聚合物电解质, 氧化物电解质, 产品发布, 发布, 展出, 量产推进, 批量交付, 产能",normal,2026-07-31T17:23:20+08:00,,起点固态电池获悉，7月29日坐落于呼和浩特的陀一固能（内蒙古）固态电池项目进入公示阶段。该项目位于敕勒川乳业开发区，占地面积1000亩，分为两期建设，其中一期投资20亿元，建设5GWh固态电池生产线；二期投资40亿元建设10GWh固态电池生产线，两期合起来总计60亿元。陀普科技旗下重要势力起点固态电池观察到，今年1月21日内蒙古投资项目审批办事大厅发布该项目备案告知书，陀一固能 (内蒙古) 成立于2026年，注册资本10000万人民币，其实际控制人为陀普科技。一个月后，陀一固能用6314.3355万元成功竞得24.7621公顷工业用地，2月末至3月初土默特左旗自然资源局对成交结果进行了公示。陀,http://mp.weixin.qq.com/s?__biz=MzU3MzMxNDI5Ng==&mid=2247499137&idx=1&sn=72bdb6ce5b7075a1fe19895f620e289b,,起点固态电池获悉，7月29日坐落于呼和浩特的陀一固能（内蒙古）固态电池项目进入公示阶段。该项目位于敕勒川乳业开发区，占地面积1000亩，分为两期建设，其中一期投资20亿元，建设5GWh固态电池生产线；二期投资40亿元建设10GWh固态电池生产线，两期合起来总计60亿元。陀普科技旗下重要势力起点固态电池观察到，今年1月21日内蒙古投资项目审批办事大厅发布该项目备案告知书，陀一固能 (内蒙古) 成立于2026年，注册资本10000万人民币，其实际控制人为陀普科技。一个月后，陀一固能用6314.3355万元成功竞得24.7621公顷工业用地，2月末至3月初土默特左旗自然资源局对成交结果进行了公示。陀,起点固态电池获悉，7月29日坐落于呼和浩特的陀一固能（内蒙古）固态电池项目进入公示阶段。该项目位于敕勒川乳业开发区，占地面积1000亩，分为两期建设，其中一期投资20亿元，建设5GWh固态电池生产线；二期投资40亿元建设10GWh固态电池生产线，两期合起来总计60亿元。陀普科技旗下重要势力起点固态电池观察到，今年1月21日内蒙古投资项目审批办事大厅发布该项目备案告知书，陀一固能 (内蒙古) 成立于2026年，注册资本10000万人民币，其实际控制人为陀普科技。一个月后，陀一固能用6314.3355万元成功竞得24.7621公顷工业用地，2月末至3月初土默特左旗自然资源局对成交结果进行了公示。陀普科技成立于2019年，公司从研发锂电池材料起步，后延伸至锂电池和系统，重点布局无人机、电摩、电动自行车领域，后续逐渐向新能源汽车拓展。公司团队成员均为电池行业老兵，1993年进入锂电领域并深耕3C数码赛道，逐渐形成规模，2019年团队开启创业之路，落子佛山建设研发中心和中试线。产品方面，公司开发的无人机电池可满足工业化的载重式和农业用的植保机应用；电摩赛道则以创新的电芯技术和智能 BMS 为电摩提供超强动力。除了陀普科技，陀一固能另一关联主体固一新能（内蒙古）也在此落地项目，6月15日固一新能（内蒙古）总投资8亿元2.2GWh固态电池项目获得土默特左旗发改委备案办结。今年以来国内固态电池项目纷纷落地，产能布局开始加速，从1月10日合源锂创项目开始，金羽新能、合壹新能、金龙羽、中科起能、云石卫蓝分别在当月落地项目；2月份则有欣界能源杭州基地、劲恒固能等。来自佛山的固态电池劲旅陀普科技总部位于顺德容桂，该公司用扎实的技术基础研发出400Wh/kg固液电池，并实现稳定量产，公司产品较当前无人机主流电池性能高出近三成。陀普科技以材料端为起点，经过长期调研后，选择押注富锂锰基技术路线，该公司展厅的铝塑膜封装电池样品就是三十年技术积淀最好见证。富锂锰基材料能量密度优势很大，不过同时也有倍率性能差、电压衰减快等痛点，针对这些痛点陀普科技在原子级掺杂与改性方面进行努力，自主研发了超离子导电剂攻克瓶颈。研发团队除了发力正极材料，在负极材料方面也有努力，典型成果就是攻克硅负极膨胀难题，构建高硅柔性导电网络。今年5月陀普科技在公开场合展出450Wh/kg电池样品，并且该产品的迭代版本已升级为460Wh/kg，具备批量交付能力。陀普科技在2024年11月出席2024起点钠电行业年会、2024起点锂电&两轮车换电行业年会，副总经理 艾群发表高安全高能量密度固态电池的研发与应用主题演讲。艾群在演讲中表示，液态电池存在的热失控问题影响其安全性，所以选择固态电池出发点就是安全性突出，固态电解质相比液态电解液，拥有更宽的稳定工作电压范围且不可燃。艾群表示，陀普2023年推出第一代富锂锰电池，能量密度为250-280wh/kg；2024年初拿到富锂锰电池国内外第一款动力电池强检报告，并在当年研发400wh/kg电芯。陀普在固态电解质方面也有相当多成果，所开发的氧化物电解质电导为0.5mS/cm；硫化物电导则大于10mS/cm；自研聚合物电解质电导则为2mS/cm，自研固态电池粘结剂离子电导大于1mS/cm。2025年5月23-25日陀普科技在公开场合展出450Wh/kg无人机电池，吸引大批国内头部无人机企业，同时吸引不少国际客户的高度关注。去年年末佛山陀普科技发布首款电摩固态电池，该电池在5mm钢针穿刺下依然不起火不爆炸，同等体积下能量密度较竞品提升34%，电量提升20%。2025年12月18-19日2025（第十届）起点锂电行业年会暨锂电金鼎奖颁奖典礼上，陀普科技凭借其在固态电池领域的技术创新，从众多候选企业中脱颖而出，荣获“2025年度锂电电芯技术创新奖”。全球固态电池群04-码上入群点击阅读原文，即可报名参展！,,,,pending
天华新能：正在评估建设年产200吨左右的硫化锂产品产线,起点固态电池,起点固态电池,"RIOnews API, 固态电池",normal,2026-07-31T17:23:20+08:00,,7月27日，天华新能在投资者关系平台上答复投资者关心的问题。投资者：董秘您好，近期公司股价受二级市场影响波动较大，特向您咨询以下问题：1.公司硫化锂等材料在固态电池领域的客户反馈如何？当前产业化进度如何？2026年底固态材料能否形成营收增量？2.贵公司能否持续降低原材料成本，以对冲锂价的波动？有无计划提升自有矿产自供率？天华新能董秘：尊敬的投资者，您好！公司硫化锂项目已完成了公斤级试验线及固态电解质测试评估线建设，通过送样评测和内部评测，样品均符合下游使用要求，后续将进行相应的工艺优化工作。目前，公司正在评估建设年产200吨左右的硫化锂产品产线。尼日利亚是公司近两年最核心的资源成长极，公司通过,http://mp.weixin.qq.com/s?__biz=MzU3MzMxNDI5Ng==&mid=2247499137&idx=3&sn=fdd043bba7e691d87f79eb8ad419876a,,7月27日，天华新能在投资者关系平台上答复投资者关心的问题。投资者：董秘您好，近期公司股价受二级市场影响波动较大，特向您咨询以下问题：1.公司硫化锂等材料在固态电池领域的客户反馈如何？当前产业化进度如何？2026年底固态材料能否形成营收增量？2.贵公司能否持续降低原材料成本，以对冲锂价的波动？有无计划提升自有矿产自供率？天华新能董秘：尊敬的投资者，您好！公司硫化锂项目已完成了公斤级试验线及固态电解质测试评估线建设，通过送样评测和内部评测，样品均符合下游使用要求，后续将进行相应的工艺优化工作。目前，公司正在评估建设年产200吨左右的硫化锂产品产线。尼日利亚是公司近两年最核心的资源成长极，公司通过,7月27日，天华新能在投资者关系平台上答复投资者关心的问题。投资者：董秘您好，近期公司股价受二级市场影响波动较大，特向您咨询以下问题：1.公司硫化锂等材料在固态电池领域的客户反馈如何？当前产业化进度如何？2026年底固态材料能否形成营收增量？2.贵公司能否持续降低原材料成本，以对冲锂价的波动？有无计划提升自有矿产自供率？天华新能董秘：尊敬的投资者，您好！公司硫化锂项目已完成了公斤级试验线及固态电解质测试评估线建设，通过送样评测和内部评测，样品均符合下游使用要求，后续将进行相应的工艺优化工作。目前，公司正在评估建设年产200吨左右的硫化锂产品产线。尼日利亚是公司近两年最核心的资源成长极，公司通过组建专业团队，在当地投建了全套采选与初级精炼厂，随着国内外锂资源项目的持续推进，自供率有望在2026年进一步显著提升。感谢您的关注！全球固态电池群04-码上入群点击阅读原文，即可报名参展！,,,,pending
鑫椤锂电一周观察 |三星 SDI：全固态电池 2027H2 量产,鑫椤锂电,鑫椤锂电,"RIOnews API, 新材料, 碳, 隔膜, 固态电池, 钠离子电池, 钠电, 合作进展, 投资, 合作, 亿纬锂能, 亿纬, 国轩高科, 国轩, LG新能源, 磷酸铁锂, 铁锂, 三元, 高镍, 储能, 电池包, 电池回收, 梯次利用, 碳酸锂, 正极材料, 负极材料, 电解液, 出货, 产能, GWh, 投产, 推迟, 订单, 长协, 海外, 政策, 补贴, 量产",normal,2026-07-31T17:20:18+08:00,,关注公众号，点击公众号主页右上角“ ··· ”，设置星标“⭐”，关注鑫椤锂电资讯~本文来源：鑫椤锂电行业热点新闻工业和信息化部公告【关于废止和修订新能源汽车废旧动力电池“梯次利用”相关政策标准以及规范有关行业活动的公告】正式废止梯次利用企业公告名单，禁止拆解废旧动力电池包 / 模块用于电动自行车等场景；全面清理梯次利用相关国标、行标，动力电池回收行业迎来强监管，中小型回收企业出清压力加大。LG新能源在美起诉亿纬锂能据《中国能源报》等媒体消息，当地时间7月21日，LG新能源在美国向亿纬锂能提起专利侵权诉讼，并将采购涉案电芯的博世、工机控股、泉峰列为共同被告。根据起诉状，此次诉讼共涉及五项专利，其,http://mp.weixin.qq.com/s?__biz=MzU0MTkzOTQzOA==&mid=2247570963&idx=1&sn=45c53da7399bd8ceaea1b893084645ba,,关注公众号，点击公众号主页右上角“ ··· ”，设置星标“⭐”，关注鑫椤锂电资讯~本文来源：鑫椤锂电行业热点新闻工业和信息化部公告【关于废止和修订新能源汽车废旧动力电池“梯次利用”相关政策标准以及规范有关行业活动的公告】正式废止梯次利用企业公告名单，禁止拆解废旧动力电池包 / 模块用于电动自行车等场景；全面清理梯次利用相关国标、行标，动力电池回收行业迎来强监管，中小型回收企业出清压力加大。LG新能源在美起诉亿纬锂能据《中国能源报》等媒体消息，当地时间7月21日，LG新能源在美国向亿纬锂能提起专利侵权诉讼，并将采购涉案电芯的博世、工机控股、泉峰列为共同被告。根据起诉状，此次诉讼共涉及五项专利，其,关注公众号，点击公众号主页右上角“ ··· ”，设置星标“⭐”，关注鑫椤锂电资讯~本文来源：鑫椤锂电行业热点新闻工业和信息化部公告【关于废止和修订新能源汽车废旧动力电池“梯次利用”相关政策标准以及规范有关行业活动的公告】正式废止梯次利用企业公告名单，禁止拆解废旧动力电池包 / 模块用于电动自行车等场景；全面清理梯次利用相关国标、行标，动力电池回收行业迎来强监管，中小型回收企业出清压力加大。LG新能源在美起诉亿纬锂能据《中国能源报》等媒体消息，当地时间7月21日，LG新能源在美国向亿纬锂能提起专利侵权诉讼，并将采购涉案电芯的博世、工机控股、泉峰列为共同被告。根据起诉状，此次诉讼共涉及五项专利，其中包括四项涵盖无极性（Tabless）技术的圆柱形电池相关专利，以及一项与隔板（分离膜）相关的专利。国轩高科洽谈大众西班牙 40GWh 电池工厂合作从路透社获悉，大众汽车正与合作伙伴国轩高科就西班牙萨贡托电池工厂进行深入谈判，国轩高科有可能拿下多数股权并主导项目运营。这座规划年产能40GWh、可扩至60GWh的工厂，大众2022年宣布投资30亿欧元建设，原计划2026年9月投产，因供应商和施工问题推迟到年底。三星 SDI：全固态电池 2027H2 量产，首单很可能来自人形机器人三星 SDI 在当地时间7月30日的 2026Q2 财报电话会议上表示，全固态电池商业化进程正按既定的 2027 年下半年量产目标推进，首个商业应用项目很可能来自人形机器人领域。容百科技拟投资建设仙桃年产30万吨钠电正极材料一体化项目7月30日，容百科技与仙桃市人民政府签署《项目投资合同书》，拟投资建设仙桃年产30万吨钠电正极材料一体化项目，总投资金额47.23亿元。该项目将分三期建设，其中一期5万吨、二期10万吨、三期15万吨，一期预计2027年5月建成投产。碳酸锂：本周国内碳酸锂市场维持弱市运行，其中周四受市场小作文影响，期货价格跌幅较大，现货价格则较为坚挺。从市场供货方面来看，8月受部分锂盐厂检修的影响，预计产量减少1万吨，智利到港量也连续两个月下降，预计后期碳酸锂价格以震荡上行为主。碳酸锂7月31日最新价格：电池级99.5%：14.45-14.9元/吨工业级99.2%：14.1-14.3万元/吨三元材料：本周三元材料价格弱市震荡为主。8月份产量来看环比微增。现阶段上游锂、钴盐等价格目前暂无明确的企稳信号，下游维持刚需采购，现货缺乏向上涨动力。三元材料7月31日最新价格：三元材料5系单晶型：18.34-18.94万元/吨三元材料8系811型：19.18-21.18万元/吨磷酸铁锂：本周磷酸铁锂市场走势不温不火。由于头部企业产能释放有限，因此8月份的产量预计增幅不大，另一方面磷酸铁价格不断走高，且供应偏紧，也在一定程度上限制了磷酸铁锂的增产势头。磷酸铁锂7月31日最新价格：磷酸铁锂动力型：5.3-5.45万元/吨磷酸铁锂储能型：5.31-5.46万元/吨 负极材料：本周国内负极材料继续稳定。目前负极企业挺价意愿较强，但下游电池厂成本管控严格，现货价格传导节奏偏慢。原料方面：本周石油焦价格继续小幅上涨，且8月份仍有小幅上涨空间。针状焦方面：油浆紧缺导致针状焦企业继续挺价且上调价格，出货情况也较好。负极材料7月31日最新价格：低端储能-人造石墨负极 17500-20500元/吨中端动力-人造石墨负极 23700-34700元/吨隔膜：本周隔膜市场价格变化不大，目前隔膜正处于传统淡季尾声，下游电芯厂以刚需补货为主，尚未启动大规模旺季备货；头部隔膜企业长协订单充足、开工维持高位，中小厂商现货竞争激烈。隔膜7月31日最新价格：基膜9μm/ 湿法：0.6-1.15元/平方米基膜16μm/干法：0.35-0.5元/平方米基膜9+3μm陶瓷涂覆隔膜：0.9-1.35元/平方米电解液：本周国内电解液市场价格暂稳为主，6F市场延续上涨行情，下游电池厂进入旺季前置备货窗口，但仍以刚需采购为主，暂未大规模锁价。VC市场在上周出现暴力拉升后，本周价格暂且稳定。电解液7月31日最新价格：六氟磷酸锂电解液：10-11（国产）万元/吨动力三元电解液：2.8-3.2万元/吨动力磷酸铁锂电解液：2.6-3.1万元/吨储能磷酸铁锂电解液：2.45-3万元/吨电池：本周锂电市场价格稳定，目前来看国内电池厂8月份产量环比预计增长7-8%，金九银十备货窗口临近，头部的C和B增幅较大，而三、四梯队的电池厂增幅有限，海外电池厂生产总体平稳。锂电池7月31日最新价格：方形三元动力电芯：0.44-0.5元/Wh方形磷酸铁锂动力电芯：0.3-0.4元/Wh方形三元（高镍）电芯：680-790元/KWh新能源车：7月1-26日全国乘用车新能源市场零售73.8万辆，同比去年7月同期下降2%，较上月同期下降10%，今年以来累计零售544.3万辆，同比下降13%；7月1-26日，全国乘用车市场新能源零售渗透率65.7%。下半年商用车行业最重磅的政策无疑是老旧营运货车报废更新补贴；220 亿元超长期特别国债资金已经下达，政策有效期截止到 12 月 31 日，目前仅剩不到 6 个月窗口期。END如题,,,,pending
天大黄辉/陈皓团队、国科大彭谦团队《Nat. Mater.》：基于电荷分离缓冲自适应发光机理实现线性度可编程有机突触,高分子科技,高分子科技,"RIOnews API, 聚合物新材料, 电池, 学术研究, 大学, 教授, 科学院, 期刊",normal,2026-07-31T17:10:21+08:00,,点击上方“蓝字” 一键订阅人类大脑拥有约860亿个神经元，通过突触连接的权重调整实现高效学习与记忆。在神经形态计算领域，突触器件的线性度直接决定了神经网络训练的效率与精度。然而，传统有机突触器件依赖电信号传输，受限于界面缺陷和非均匀电荷传输，导致权重更新非线性、能耗高、可重复性差，成为制约高性能神经形态计算发展的核心瓶颈。日前，天津大学黄辉、陈皓团队与中国科学院大学彭谦团队发表突破性研究成果，成功开发出基于“电荷分离缓冲自适应发光”（CSBAL）机理的线性度可编程有机全光突触（LAPS）。该器件完全借助光子进行信息传递，绕开了传统电子突触的复杂电荷传输问题，在线性度、能耗和速度等关键指标上取得,http://mp.weixin.qq.com/s?__biz=MzA5NjUyNjc5Ng==&mid=2651656532&idx=1&sn=ae92a538b94b114c3a82b3b57947e5dc,,点击上方“蓝字” 一键订阅人类大脑拥有约860亿个神经元，通过突触连接的权重调整实现高效学习与记忆。在神经形态计算领域，突触器件的线性度直接决定了神经网络训练的效率与精度。然而，传统有机突触器件依赖电信号传输，受限于界面缺陷和非均匀电荷传输，导致权重更新非线性、能耗高、可重复性差，成为制约高性能神经形态计算发展的核心瓶颈。日前，天津大学黄辉、陈皓团队与中国科学院大学彭谦团队发表突破性研究成果，成功开发出基于“电荷分离缓冲自适应发光”（CSBAL）机理的线性度可编程有机全光突触（LAPS）。该器件完全借助光子进行信息传递，绕开了传统电子突触的复杂电荷传输问题，在线性度、能耗和速度等关键指标上取得,"点击上方“蓝字” 一键订阅人类大脑拥有约860亿个神经元，通过突触连接的权重调整实现高效学习与记忆。在神经形态计算领域，突触器件的线性度直接决定了神经网络训练的效率与精度。然而，传统有机突触器件依赖电信号传输，受限于界面缺陷和非均匀电荷传输，导致权重更新非线性、能耗高、可重复性差，成为制约高性能神经形态计算发展的核心瓶颈。日前，天津大学黄辉、陈皓团队与中国科学院大学彭谦团队发表突破性研究成果，成功开发出基于“电荷分离缓冲自适应发光”（CSBAL）机理的线性度可编程有机全光突触（LAPS）。该器件完全借助光子进行信息传递，绕开了传统电子突触的复杂电荷传输问题，在线性度、能耗和速度等关键指标上取得了突破。2026年7月31日，相关工作以“Organic synapses with programmable linearity for neuromorphic computing”为题发表在《Nature Materials》上。图1. 传统电子突触与全光突触的对比示意图。要点一：分子工程实现低线性度与超低能耗研究团队设计合成了三种结构类似的客体分子（BINN、BINO和BINC），并将其与主体分子TPP共混构建了三个LAPS体系。通过系统的分子工程调控，团队精确控制了光激发后电荷分离态（CS）的生成效率与动力学过程。实验表明，TPP:BINN体系展现出最优异的性能：其线性度参数（ν）低至0.0093，创下所有已报道有机突触的最佳纪录；每个突触事件的光学触发能量仅需59 仄焦耳（zJ），再次刷新最低能耗纪录；响应时间快至1.39纳秒，达到同类器件的最高水平。此外，器件具有99%的均匀性和97%的重复性，远超受不稳定暗电流困扰的传统电子突触。图2. 分子结构及光物理性质的表征。图3. LAPS的突触性能相关测试。要点二：揭示“电荷分离缓冲自适应发光”工作机理团队通过电子顺磁共振、飞秒/纳秒瞬态吸收光谱等实验手段，结合量子化学计算和动力学方程分析，系统揭示了LAPS的工作机理。研究发现，在TPP:BINN和TPP:BINO体系中，光激发后客体分子向主体分子发生电子转移，形成CS态；而TPP:BINC体系因能级不匹配，无法形成CS态，因而无突触活动。基于此，团队提出了CSBAL机理：CS态像一个“光充电缓冲池”，在光照下不断积累光生电荷，在暗处则缓慢释放，实现自适应发光。更重要的是，通过调控客体分子的结构，可以精确调节反向电荷转移速率（kc），从而实现对突触线性度的可编程控制。理论分析表明，TPP:BINN中更小的分子描述符UTL（0.72 eV）对应更低的kc值，最终实现了近乎理想的线性响应。图4. LAPS的发光机制与工作原理。要点三：全光传感器系统实现高质量图像采集与识别基于LAPS的高线性度优势，研究团队构建了全光子传感器系统（APSS）。传统光电探测器阵列依赖电信号传输，易受磁热干扰，不可避免地引入白高斯噪声，降低图像清晰度。而APSS通过光学传输信息，有效抑制了噪声引入，显著提升了图像采集质量。在模拟的神经网络训练中，采用高线性度LAPS（TPP:BINN）的差分对架构，在Fashion-MNIST数据集上的识别准确率高达89.44%，与软件理想基线（90.2%）的差距仅为0.76个百分点；而低线性度器件（TPP:BINO）的准确率仅为78.97%。这一对比直接证明了可编程线性度是实现高性能类脑学习的关键决定因素。图5. APSS系统架构、图像采集对比及神经网络训练结果。要点四：从分子设计到类脑计算的完整范式该研究的创新性不仅在于性能指标的突破，更在于建立了从分子结构设计、电荷分离动力学调控、突触线性度编程到高性能神经形态计算的完整研究范式。团队通过系统的分子工程，在TPP:BINN、TPP:BINO和TPP:BINC三个体系中建立了客体分子结构、CS态生成效率与突触性能之间的构效关系。器件在长达150天的存储后仍保持稳定性能，在18,000次光脉冲刺激后衰减仅约10%，展现出卓越的长期运行可靠性。此外，APSS在Cifar10、MNIST等多个数据集上均实现了比传统光电探测器阵列更高的识别精度，验证了全光信息传输路径在抗噪方面的独特优势。总结：作者利用TPP:BINN、TPP:BINO和TPP:BINC分子体系，成功开发了线性度可编程有机全光突触。通过系统的分子工程，建立了客体分子结构调控CS态动力学与突触线性度之间的构效关系。器件不仅实现了创纪录的线性度（ν = 0.0093）、超低能耗（59 zJ）和超快响应（1.39 ns），更重要的是系统揭示了电荷分离缓冲自适应发光机理，并构建了全光传感器系统，在多种图像识别任务中展现出接近软件理想基线的识别精度。这项工作不仅为克服神经形态计算的非线性难题提供了关键分子设计策略，更为开发超低能耗、高性能的类脑视觉芯片铺平了道路。【原文链接】https://doi.org/10.1038/s41563-026-02689-1.相关进展天津大学黄辉团队《Adv. Mater.》：光调控自由基双极掺杂实现大规模多功能神经形态视觉系统天大黄辉/国科大史钦钦团队 Adv. Mater.：快速宏量制备高稳定性二维共轭聚合物天大黄辉、陈皓团队 Matter：基于光化学动力学实现的自供能有机突触用于生物拟真视觉模拟天大/国科大黄辉教授课题组 PNAS：高选择性的镍电催化交叉亲电C(sp²)‒C(sp²)偶联天大/国科大黄辉、张昕等 Angew：多重非共价“构象锁”构筑全平面化共轭骨架的低成本有机光伏聚合物给体材料天津大学/中国科学院大学黄辉/张昕等 Angew：分子内非共价相互作用驱动非稠环电子受体的顺/反构象调控天大/国科大黄辉团队 Angew：硼酸酯直接转金属途径实现高效Suzuki−Miyaura聚合新范式国科大黄辉教授/张昕副教授团队 JACS/Adv. Mater./Adv. Sci.：在有机太阳能电池领域获系列进展国科大黄辉/史钦钦团队 Angew：在交替共轭聚合物的室温精准合成方面取得重要进展国科大黄辉/史钦钦团队 Nat. Commun.：基于C-S键活化的高效室温Stille型交叉偶联制备聚合物半导体材料国科大黄辉教授《Cell Rep. Phys. Sci.》：自驱动红外有机柔性光电突触中国科学院大学黄辉教授团队：一种用于制备高性能分层堆积有机太阳能电池的普适性方法中国科学院大学黄辉教授在基于非稠环电子受体的有机太阳能电池领域取得重要进展中国科学院大学黄辉教授课题组招聘特别研究助理（博士后）和科研助理中国科学院大学黄辉教授课题组在基于非稠环电子受体的有机太阳能电池方面取得重要进展中国科学院大学黄辉团队在三线态有机太阳能电池受体材料方面取得新进展中国科学院大学黄辉教授课题组在聚合物半导体纳米颗粒的光热和光动力效应的精准调控上取得新进展中国科学院大学黄辉教授课题组招聘特别研究助理中国科学院大学黄辉教授课题组在三线态有机太阳能电池研究领域取得进展中国科学院大学黄辉教授课题组：基于“非共价构象锁”的高性能共轭材料国科大黄辉课题组研制成功全聚合物光电探测器 高分子科技原创文章。欢迎个人转发和分享，刊物或媒体如需转载，请联系邮箱：info@polymer.cn诚邀投稿欢迎专家学者提供稿件（论文、项目介绍、新技术、学术交流、单位新闻、参会信息、招聘招生等）至info@polymer.cn，并请注明详细联系信息。高分子科技®会及时推送，并同时发布在中国聚合物网上。欢迎加入微信群 为满足高分子产学研各界同仁的要求，陆续开通了包括高分子专家学者群在内的几十个专项交流群，也包括高分子产业技术、企业家、博士、研究生、媒体期刊会展协会等群，全覆盖高分子产业或领域。目前汇聚了国内外高校科研院所及企业研发中心的上万名顶尖的专家学者、技术人员及企业家。申请入群，请先加审核微信号PolymerChina（或长按下方二维码），并请一定注明：高分子+姓名+单位+职称（或学位）+领域（或行业），否则不予受理，资格经过审核后入相关专业群。点这里“阅读原文”，查看更多阅读原文不仅为克服神经形态计算的非线性难题提供了关键分子设计策略...",,,,pending
工业绿色低碳发展“十五五”规划：大幅提升绿氢应用比例,氢能观察,氢能观察,"RIOnews API, 第二增长曲线, 氢, 甲醇, 氨, 绿色",normal,2026-07-31T17:10:12+08:00,,7月31日，工业和信息化部关于印发《工业绿色低碳发展“十五五”规划》的通知。文件指出，在符合国家相关产业布局规划前提下，鼓励绿色能源富集地区有序承接电解铝、钢铁、石化化工、光伏、动力电池等产业，延伸绿色能源产业链，推动绿色氢氨醇规模化应用，提高绿色能源本地产业化消纳能力。建设一批零碳工厂、零碳算力设施，大幅提升绿电、绿氢等应用比例，形成可复制、可推广的建设模式。推进工业绿色微电网建设，集成应用光伏、风电、热泵、新型储能、氢能、余热余压余气、智慧能源管控等，实现工业领域多能高效互补利用。钢铁。推动废钢、绿电资源向电炉短流程炼钢企业倾斜，加快高炉富氧、富氢、碳循环和纯氢直接还原、熔融还原等低碳冶金,http://mp.weixin.qq.com/s?__biz=MzAxMTUxNzgyOA==&mid=2247619836&idx=4&sn=56977909ddb5d2b50148f4c0ec55203f,,7月31日，工业和信息化部关于印发《工业绿色低碳发展“十五五”规划》的通知。文件指出，在符合国家相关产业布局规划前提下，鼓励绿色能源富集地区有序承接电解铝、钢铁、石化化工、光伏、动力电池等产业，延伸绿色能源产业链，推动绿色氢氨醇规模化应用，提高绿色能源本地产业化消纳能力。建设一批零碳工厂、零碳算力设施，大幅提升绿电、绿氢等应用比例，形成可复制、可推广的建设模式。推进工业绿色微电网建设，集成应用光伏、风电、热泵、新型储能、氢能、余热余压余气、智慧能源管控等，实现工业领域多能高效互补利用。钢铁。推动废钢、绿电资源向电炉短流程炼钢企业倾斜，加快高炉富氧、富氢、碳循环和纯氢直接还原、熔融还原等低碳冶金,7月31日，工业和信息化部关于印发《工业绿色低碳发展“十五五”规划》的通知。文件指出，在符合国家相关产业布局规划前提下，鼓励绿色能源富集地区有序承接电解铝、钢铁、石化化工、光伏、动力电池等产业，延伸绿色能源产业链，推动绿色氢氨醇规模化应用，提高绿色能源本地产业化消纳能力。建设一批零碳工厂、零碳算力设施，大幅提升绿电、绿氢等应用比例，形成可复制、可推广的建设模式。推进工业绿色微电网建设，集成应用光伏、风电、热泵、新型储能、氢能、余热余压余气、智慧能源管控等，实现工业领域多能高效互补利用。钢铁。推动废钢、绿电资源向电炉短流程炼钢企业倾斜，加快高炉富氧、富氢、碳循环和纯氢直接还原、熔融还原等低碳冶金技术产业化应用。石化化工。有序扩大绿电、绿氢、生物质等绿色能源和低碳原料应用比例，实施新型催化、绿色合成、高效分离等工艺流程改造，推动电石法聚氯乙烯生产无汞化改造。培育壮大新兴产业绿色动能。因地制宜发展氢能产业， 开展清洁低碳氢制取和应用关键技术攻关，实施氢能综合应用试点，扩大工业、交通等领域清洁低碳氢应用。积极发展电池、甲醇、氨、氢等动力船舶，加快内河船舶新能源应用。有序发展电动、氢能等新能源航空器，推动在国产民用飞机应用可持续航空燃料。加快高效节能电机、变压器、工业热泵、制冷（热）设备、水电解制氢装备、信息通信设备等先进节能装备研发推广，强化节能装备系统耦合匹配。重点研发可再生能源制氢、高效晶硅—钙钛矿叠层电池、高效薄膜电池、全固态电池、钠离子电池、绿氢冶金、惰性阳极、柔性电解、窑炉氢能煅烧、原油直接制化学品、碳捕集封存利用等技术。布局建设一批清洁低碳氢、低碳零碳工艺流程再造、高性能水处理膜等中试验证平台，加快中试服务能力开放共享，降低技术市场验证成本。鼓励有条件的高校增设绿色设计、绿色制造、氢能等相关学科专业，建设一批产教融合实训基地，探索开发绿色工厂管理等相关新职业，加快培育绿色低碳管理复合型人才。 全文如下：来源：工业和信息化部编辑：李 航推动在国产民用飞机应用可持续航空燃料,,,,pending
提交虚假材料！俊瑞氢能源发展（重庆）有限公司被撤销,氢能观察,氢能观察,"RIOnews API, 第二增长曲线, 氢",normal,2026-07-31T17:10:12+08:00,,7月30日，重庆市渝中区市场监督管理局官网发布重庆市渝中区市场监督管理局撤销俊瑞氢能源发展（重庆）有限公司注册登记事项决定书。决定书指出：由重庆市渝中区市场监督管理局立案调查的俊瑞氢能源发展（重庆）有限公司涉嫌提交虚假材料取得注册登记一案，已调查终结。按照《中华人民共和国行政处罚法》、《中华人民共和国行政许可法》、《中华人民共和国市场主体登记管理条例》、《中华人民共和国市场主体登记管理条例实施细则》、《市场监督管理行政许可程序暂行规定》、《防范和查处假冒企业登记违法行为规定》等规定，重庆市渝中区市场监督管理局出具了受理通知书，履行了现场核查、立案调查、对外公示、一案一审会商工作会等相关执法程序,http://mp.weixin.qq.com/s?__biz=MzAxMTUxNzgyOA==&mid=2247619836&idx=1&sn=e4b697d4423e94c157b497866f33cbf8,,7月30日，重庆市渝中区市场监督管理局官网发布重庆市渝中区市场监督管理局撤销俊瑞氢能源发展（重庆）有限公司注册登记事项决定书。决定书指出：由重庆市渝中区市场监督管理局立案调查的俊瑞氢能源发展（重庆）有限公司涉嫌提交虚假材料取得注册登记一案，已调查终结。按照《中华人民共和国行政处罚法》、《中华人民共和国行政许可法》、《中华人民共和国市场主体登记管理条例》、《中华人民共和国市场主体登记管理条例实施细则》、《市场监督管理行政许可程序暂行规定》、《防范和查处假冒企业登记违法行为规定》等规定，重庆市渝中区市场监督管理局出具了受理通知书，履行了现场核查、立案调查、对外公示、一案一审会商工作会等相关执法程序,7月30日，重庆市渝中区市场监督管理局官网发布重庆市渝中区市场监督管理局撤销俊瑞氢能源发展（重庆）有限公司注册登记事项决定书。决定书指出：由重庆市渝中区市场监督管理局立案调查的俊瑞氢能源发展（重庆）有限公司涉嫌提交虚假材料取得注册登记一案，已调查终结。按照《中华人民共和国行政处罚法》、《中华人民共和国行政许可法》、《中华人民共和国市场主体登记管理条例》、《中华人民共和国市场主体登记管理条例实施细则》、《市场监督管理行政许可程序暂行规定》、《防范和查处假冒企业登记违法行为规定》等规定，重庆市渝中区市场监督管理局出具了受理通知书，履行了现场核查、立案调查、对外公示、一案一审会商工作会等相关执法程序。综合现有证据，俊瑞氢能源发展（重庆）有限公司在2025年10月16日提交虚假材料取得注册登记的情况属实。根据《中华人民共和国行政许可法》第六十九条第二款：“被许可人以欺骗、贿赂等不正当手段取得行政许可的，应当予以撤销 。”的规定，决定撤销俊瑞氢能源发展（重庆）有限公司注册登记。去年11月，中信集团官网发布假冒企业声明，其中俊瑞氢能源发展(重庆)有限公司（该公司为俊瑞绿氢母公司）被列入名单。再被“打假”！俊瑞氢能项目是“押注”还是“骗局”？来源：重庆市渝中区市场监督管理局编辑：李 航曾被列入假冒国企名单,,,,pending
总投资30.59亿！一重大合成氨技改项目获备案,氢能观察,氢能观察,"RIOnews API, 第二增长曲线, 氢, 氨, 量产推进, 产能, 竣工",normal,2026-07-31T17:10:12+08:00,,近日，内蒙古鄂尔多斯联合化工有限公司新型生物质绿氢低碳合成氨尿素升级改造项目获备案。该项目位于内蒙古鄂尔多斯鄂托克旗棋盘井，项目单位为内蒙古鄂尔多斯联合化工有限公司，总投资305928万元。本项目生产工艺由天然气制合成氨及尿素改为原煤制合成氨及尿素，生物质、绿氢作为补充，不新增产能，不新增用地。（一）淘汰设备及更新：淘汰气头制合成氨装置（含氧化锌脱硫塔、一二段转化炉、高低温变换炉、热钾碱法脱碳装置、吸收塔、再生塔、氨合成塔等老旧设备及机泵、换热器等相关附属设备）。更新为生物质、绿氢、原煤制合成氨装置，采用国内先进的6.5MPa航天炉干煤粉气化技术，建设空分、煤气化、净化（含一氧化碳变换、酸性气,http://mp.weixin.qq.com/s?__biz=MzAxMTUxNzgyOA==&mid=2247619836&idx=3&sn=34281f4976d72821d556ef5075516ea3,,近日，内蒙古鄂尔多斯联合化工有限公司新型生物质绿氢低碳合成氨尿素升级改造项目获备案。该项目位于内蒙古鄂尔多斯鄂托克旗棋盘井，项目单位为内蒙古鄂尔多斯联合化工有限公司，总投资305928万元。本项目生产工艺由天然气制合成氨及尿素改为原煤制合成氨及尿素，生物质、绿氢作为补充，不新增产能，不新增用地。（一）淘汰设备及更新：淘汰气头制合成氨装置（含氧化锌脱硫塔、一二段转化炉、高低温变换炉、热钾碱法脱碳装置、吸收塔、再生塔、氨合成塔等老旧设备及机泵、换热器等相关附属设备）。更新为生物质、绿氢、原煤制合成氨装置，采用国内先进的6.5MPa航天炉干煤粉气化技术，建设空分、煤气化、净化（含一氧化碳变换、酸性气,近日，内蒙古鄂尔多斯联合化工有限公司新型生物质绿氢低碳合成氨尿素升级改造项目获备案。该项目位于内蒙古鄂尔多斯鄂托克旗棋盘井，项目单位为内蒙古鄂尔多斯联合化工有限公司，总投资305928万元。本项目生产工艺由天然气制合成氨及尿素改为原煤制合成氨及尿素，生物质、绿氢作为补充，不新增产能，不新增用地。（一）淘汰设备及更新：淘汰气头制合成氨装置（含氧化锌脱硫塔、一二段转化炉、高低温变换炉、热钾碱法脱碳装置、吸收塔、再生塔、氨合成塔等老旧设备及机泵、换热器等相关附属设备）。更新为生物质、绿氢、原煤制合成氨装置，采用国内先进的6.5MPa航天炉干煤粉气化技术，建设空分、煤气化、净化（含一氧化碳变换、酸性气体脱除和气体精制）、合成氨（含合成气压缩、氨合成、冷冻）、硫回收等核心工艺装置，数智化相关设备设施。（二）升级改造：对现有尿素装置进行利旧改造，包括CO₂压缩机改离心式电驱压缩机、采用改进型CO₂汽提法工艺，新增脱氢换热器、脱氢预热器等设备，将高压氨泵、高压甲铵泵由蒸汽驱动改为电驱，新增两台中压甲铵泵等。项目计划2027年7月开工，2029年12月竣工。来源：内蒙古自治区投资项目在线审批办事大厅编辑：李 航不新增产能，不新增用地,,,,pending
3.2亿！湖北十堰国企制氢加氢项目招标,氢能观察,氢能观察,"RIOnews API, 第二增长曲线, 氢",normal,2026-07-31T17:10:12+08:00,,7月30日，张湾区光储氢一体化项目发布招标计划：一、项目名称：张湾区光储氢一体化项目二、招标人：十堰市远致能源科技有限公司三、合同估算价：约32000万元 四、主要招标内容：37MW光伏发电系统、50MW/120MWh储能系统、日产500kg制氢加氢一体化设施，以及重卡、乘用车充换电综合场站，新建综合能源港智能配电与智慧管控体系，同步实施配套工程。五、计划招标时间： 2026年8月十堰市远致能源科技有限公司成立于2023年09月13日，注册资本5000万元，是十堰市地方国企。该项目于2024年5月备案来源：十堰市公共资源交易中心编辑：李 航招标内容包括：日产500kg制氢加氢一体化设施，以及重,http://mp.weixin.qq.com/s?__biz=MzAxMTUxNzgyOA==&mid=2247619836&idx=5&sn=663f9a00acf5dab7bcda210029e50371,,7月30日，张湾区光储氢一体化项目发布招标计划：一、项目名称：张湾区光储氢一体化项目二、招标人：十堰市远致能源科技有限公司三、合同估算价：约32000万元 四、主要招标内容：37MW光伏发电系统、50MW/120MWh储能系统、日产500kg制氢加氢一体化设施，以及重卡、乘用车充换电综合场站，新建综合能源港智能配电与智慧管控体系，同步实施配套工程。五、计划招标时间： 2026年8月十堰市远致能源科技有限公司成立于2023年09月13日，注册资本5000万元，是十堰市地方国企。该项目于2024年5月备案来源：十堰市公共资源交易中心编辑：李 航招标内容包括：日产500kg制氢加氢一体化设施，以及重,7月30日，张湾区光储氢一体化项目发布招标计划：一、项目名称：张湾区光储氢一体化项目二、招标人：十堰市远致能源科技有限公司三、合同估算价：约32000万元 四、主要招标内容：37MW光伏发电系统、50MW/120MWh储能系统、日产500kg制氢加氢一体化设施，以及重卡、乘用车充换电综合场站，新建综合能源港智能配电与智慧管控体系，同步实施配套工程。五、计划招标时间： 2026年8月十堰市远致能源科技有限公司成立于2023年09月13日，注册资本5000万元，是十堰市地方国企。该项目于2024年5月备案来源：十堰市公共资源交易中心编辑：李 航招标内容包括：日产500kg制氢加氢一体化设施，以及重卡、乘用车充换电综合场站,,,,pending
4次延期，国企出售氢能企业股权,氢能观察,氢能观察,"RIOnews API, 第二增长曲线, 氢",normal,2026-07-31T17:10:12+08:00,,7月25日，贵州公共资源交易中心发布贵州氢能效率能源科技有限公司15%股权转让公告。转让底价： 805.55万元信息披露日期：2025-07-25 至 2026-08-04之前，该公司已经多次发布股权转让公告，首次公告为去年7月25日，截止日期为8月21日。但由于公告未有结果，披露日期先延期至9月4日，截至日期为9与11日。因其又未有结果，再延期至10月22日。今年2月26日，贵州阳光产权交易所有限公司官网再次发布贵州氢能效率能源科技有限公司15%股权转让公告，公告截止日期为3月6日，转让底价依旧为805.55万元。本次为第四次延期转让。贵州氢能效率能源科技有限公司（Guizhou Hydro,http://mp.weixin.qq.com/s?__biz=MzAxMTUxNzgyOA==&mid=2247619836&idx=2&sn=c6a206388ff6ee41c7898f7a1616e940,,7月25日，贵州公共资源交易中心发布贵州氢能效率能源科技有限公司15%股权转让公告。转让底价： 805.55万元信息披露日期：2025-07-25 至 2026-08-04之前，该公司已经多次发布股权转让公告，首次公告为去年7月25日，截止日期为8月21日。但由于公告未有结果，披露日期先延期至9月4日，截至日期为9与11日。因其又未有结果，再延期至10月22日。今年2月26日，贵州阳光产权交易所有限公司官网再次发布贵州氢能效率能源科技有限公司15%股权转让公告，公告截止日期为3月6日，转让底价依旧为805.55万元。本次为第四次延期转让。贵州氢能效率能源科技有限公司（Guizhou Hydro,"7月25日，贵州公共资源交易中心发布贵州氢能效率能源科技有限公司15%股权转让公告。转让底价： 805.55万元信息披露日期：2025-07-25 至 2026-08-04之前，该公司已经多次发布股权转让公告，首次公告为去年7月25日，截止日期为8月21日。但由于公告未有结果，披露日期先延期至9月4日，截至日期为9与11日。因其又未有结果，再延期至10月22日。今年2月26日，贵州阳光产权交易所有限公司官网再次发布贵州氢能效率能源科技有限公司15%股权转让公告，公告截止日期为3月6日，转让底价依旧为805.55万元。本次为第四次延期转让。贵州氢能效率能源科技有限公司（Guizhou Hydrogen Energy Efficiency Technologies Co., Ltd.）是一家专注于氢能领域技术研发与应用的中德合资企业，成立于2021年10月15日。业务范围涵盖固定式质子交换膜燃料电池系统、氢气质量在线检测仪等氢能核心产品的研发与制造、加氢站、氢能综合站等项目的规划与建设咨询等，参与了贵州省贵阳（经开）氢能产业聚集区、毕节市氢能产业规划等项目。来源：贵州公共资源交易中心编辑：李 航转让底价依旧为805.55万元",,,,pending
动力电池梯次利用“白名单”撤销,锂电派,锂电派,"RIOnews API, 储能, 储能系统, 热失控, 电池回收, 梯次利用, 退役电池, 政策, 新电池产品, 发布, 落地",normal,2026-07-31T17:04:55+08:00,,⬆️点击蓝字关注“锂电派”7月30日，工信部正式发布2026年第20号公告《关于废止和修订新能源汽车废旧动力电池“梯次利用”相关政策标准以及规范有关行业活动的公告》，重磅调整废旧动力电池回收利用管理制度：全面废止行业规范中梯次利用相关条款，终止梯次利用企业白名单公告管理，全部已公示梯次利用企业统一移出合规名单，所有梯次利用资质撤销，仅再生利用企业白名单维持有效。白名单制度落幕，五年五批正规军全部清退国内动力电池梯次利用企业“白名单”（符合《新能源汽车废旧动力蓄电池综合利用行业规范条件》企业）自2018年启动申报评审，工信部前后分五批公示合规企业，最后一批第五批名单于2024年1月17日正式发布,http://mp.weixin.qq.com/s?__biz=MzI4MTc4MzY2NA==&mid=2247696318&idx=3&sn=b6a1034ed1c2e1214860edea6c697b16,,⬆️点击蓝字关注“锂电派”7月30日，工信部正式发布2026年第20号公告《关于废止和修订新能源汽车废旧动力电池“梯次利用”相关政策标准以及规范有关行业活动的公告》，重磅调整废旧动力电池回收利用管理制度：全面废止行业规范中梯次利用相关条款，终止梯次利用企业白名单公告管理，全部已公示梯次利用企业统一移出合规名单，所有梯次利用资质撤销，仅再生利用企业白名单维持有效。白名单制度落幕，五年五批正规军全部清退国内动力电池梯次利用企业“白名单”（符合《新能源汽车废旧动力蓄电池综合利用行业规范条件》企业）自2018年启动申报评审，工信部前后分五批公示合规企业，最后一批第五批名单于2024年1月17日正式发布,⬆️点击蓝字关注“锂电派”7月30日，工信部正式发布2026年第20号公告《关于废止和修订新能源汽车废旧动力电池“梯次利用”相关政策标准以及规范有关行业活动的公告》，重磅调整废旧动力电池回收利用管理制度：全面废止行业规范中梯次利用相关条款，终止梯次利用企业白名单公告管理，全部已公示梯次利用企业统一移出合规名单，所有梯次利用资质撤销，仅再生利用企业白名单维持有效。白名单制度落幕，五年五批正规军全部清退国内动力电池梯次利用企业“白名单”（符合《新能源汽车废旧动力蓄电池综合利用行业规范条件》企业）自2018年启动申报评审，工信部前后分五批公示合规企业，最后一批第五批名单于2024年1月17日正式发布，也是国内最后一次新增梯次利用合规主体。1.2018年7月第一批：5家综合利用企业，含首批梯次利用主体；2.2020年12月第二批：22家企业，梯次赛道企业批量入场；3.2021年11月第三批：20家企业，储能、备电梯次项目加速落地；4.2022年11月第四批：41家企业，梯次利用企业数量大幅扩容；5.2024年1月第五批（收官批次）：合计68家企业，其中纯梯次利用企业45家、梯次+再生双资质3家、再生利用20家；五批累计梯次相关合规企业超百户，行业总名单扩容至156家。白名单设立初衷是筛选具备合规拆解、检测、重组能力的正规企业，区分城乡无资质小作坊。但历经几年执法整治后，工信部认定梯次利用模式存在底层安全漏洞，直接一刀切撤销全部梯次企业资质，运行近8年的梯次白名单制度正式宣告终结。政策调整的核心原因随着新能源汽车保有量攀升，动力电池进入规模化退役周期，传统梯次利用模式是对退役电池检测、拆分、重组后二次售卖，多用于通信基站、低速设备等场景，但行业长期存在难以规避的风险：首先是产品先天安全缺陷，退役动力电池剩余容量、一致性差异极大，中小厂商仅简单拆解重组，缺乏全套质量管控流程，极易出现过充、短路、挤压热失控，引发起火爆炸，直接威胁群众生命财产安全。不少企业借合规资质违规流通，当前存在大量企业打着“合规梯次白名单”旗号，生产劣质翻新电池，市场无法区分合规/不合格产品，概念混淆误导下游采购；更有不法厂商隐匿村镇、城乡结合部，翻新废旧电池流向电动自行车。更重要的是新旧政策体系存在明显冲突，2025年落地的《新能源汽车废旧动力电池回收和综合利用管理暂行办法》已重新定义行业边界，明确废旧动力电池综合利用仅包含拆解、破碎、分选、冶炼资源化再生，不再纳入梯次利用概念。原有含梯次利用条款的标准、文件与新规冲突，造成执法、企业执行双重混淆，亟需统一政策口径。尽管多部门专项联合执法行动持续查处非法拆解、溯源缺失、污染排放、不合格梯次电池流通等行为，但隐蔽式违规生产屡禁不止，最终工信部决定从顶层制度层面取消梯次利用合规赛道，彻底斩断劣质翻新电池流通源头。当然，对于仍有利用价值的废旧动力电池产品并非完全一刀切，在随后的政策解读中，工信部明确指出：决定一块废旧动力电池能否再次进入市场的关键，是它作为一款电池产品能否全面满足所应用场景的质量标准和安全要求。除了生产者要确保安全之外，还必须在电池外包装上明确告知是新电池产品还是再利用产品。与此同时，工信部还明确了废旧动力电池梯次利用的红线，明确禁止将废旧动力电池产品通过任何方式用于电动自行车、电动平衡车、电动滑板车、100kWh以上储能系统、移动电源、玩具等领域。END由于公众号规则更改，请大佬们点个关注、推荐和转发扫码入群丨lidianpai666交流丨分享丨合作丨推广 · LIDIANπ ·,,,,pending
LG新能源上半年营收14.1万亿韩元！,锂电派,锂电派,"RIOnews API, 固态电池, 合作进展, 投资, 合作, 量产推进, 产能, 产线建设, LG新能源, LG Energy Solution, 磷酸铁锂, 铁锂, 大圆柱, 46系, 储能, ESS, 储能电芯, 储能系统, 系统集成, UPS, 电池包, 出货, 出货量, 交付, 装机, 装机量, 市占率, GWh, 生产基地, 投产, 订单, 利润率, 海外, 欧洲工厂, 本地化, 税收抵免, 发布, 推出, 快充, 中试, 中试线, 量产, 落地, 爬坡",normal,2026-07-31T17:04:55+08:00,,⬆️点击蓝字关注“锂电派”7月30日，LG新能源正式发布2026年第二季度业绩报告。在储能系统（ESS）业务的强劲驱动下，公司整体保持稳健增长态势。当季合并营收达7.6万亿韩元，环比增长15.3%（含北美生产税收抵免2410亿韩元）；营业利润为1133亿韩元，营业利润率为1.5%。公司成功实现扭亏为盈，主要得益于三大因素：圆柱形电动汽车电芯销售占比提升、欧洲工厂产能利用率持续改善、北美储能产量爬坡带来的固定成本压力逐步缓解。2026年上半年，LG新能源累计实现营收14.1万亿韩元，同比增长10.5%。其中，储能业务通过海外生产基地的灵活调度，积极响应当地激增需求，收入同比大幅增长4.6倍，新签,http://mp.weixin.qq.com/s?__biz=MzI4MTc4MzY2NA==&mid=2247696318&idx=4&sn=871e91a53dc49b05afe91f93f3e54573,,⬆️点击蓝字关注“锂电派”7月30日，LG新能源正式发布2026年第二季度业绩报告。在储能系统（ESS）业务的强劲驱动下，公司整体保持稳健增长态势。当季合并营收达7.6万亿韩元，环比增长15.3%（含北美生产税收抵免2410亿韩元）；营业利润为1133亿韩元，营业利润率为1.5%。公司成功实现扭亏为盈，主要得益于三大因素：圆柱形电动汽车电芯销售占比提升、欧洲工厂产能利用率持续改善、北美储能产量爬坡带来的固定成本压力逐步缓解。2026年上半年，LG新能源累计实现营收14.1万亿韩元，同比增长10.5%。其中，储能业务通过海外生产基地的灵活调度，积极响应当地激增需求，收入同比大幅增长4.6倍，新签,⬆️点击蓝字关注“锂电派”7月30日，LG新能源正式发布2026年第二季度业绩报告。在储能系统（ESS）业务的强劲驱动下，公司整体保持稳健增长态势。当季合并营收达7.6万亿韩元，环比增长15.3%（含北美生产税收抵免2410亿韩元）；营业利润为1133亿韩元，营业利润率为1.5%。公司成功实现扭亏为盈，主要得益于三大因素：圆柱形电动汽车电芯销售占比提升、欧洲工厂产能利用率持续改善、北美储能产量爬坡带来的固定成本压力逐步缓解。2026年上半年，LG新能源累计实现营收14.1万亿韩元，同比增长10.5%。其中，储能业务通过海外生产基地的灵活调度，积极响应当地激增需求，收入同比大幅增长4.6倍，新签订单额突破3万亿韩元，对总营收的贡献占比超20%。产能方面，与通用汽车合资的Ultium Cells产线，以及携手本田设立的L-H Battery工厂，均已成功启动储能电芯量产。电动汽车领域，上半年中低价位电芯产品在电池包总销量中占比超过30%，包括46系列在内的圆柱形电池出货量同比提升1.5倍。至此，公司已连续三个季度实现出货量环比增长，欧洲及亚洲工厂的产能利用率获得显著改善。据了解，在储能方面，LG新能源2026年拿下多个客户。今年2月，LG新能源与韩国韩华集团美国子公司Qcells达成协议，将为其供应5GWh储能电池，交付周期为2028年至2030年，相关产品将由美国密歇根州霍兰德工厂负责生产。5月，LG新能源与美国密歇根州最大综合能源企业DTE能源达成储能系统供应协议，将在未来两年为其提供总计6GWh的储能电池产品，订单总价值高达16亿美元（约合人民币108亿元）；7月，LG新能源宣布将为谷歌太阳能与储能项目供应电池，该项目为谷歌规模最大的“光储一体”项目，初期将配置1.6GW的太阳能发电与约2GWh的电池储能系统；到2029年规模将扩大至2.5GW太阳能发电和2.9GWh储能容量。此外，7月3日消息显示，LG新能源与本田汽车的合资企业L-H电池公司运营的电池工厂，已于7月初开始生产储能系统电池。这些电池将由LG Energy Solution Vertech（LG的北美储能系统集成子公司）供应，用于美国各地的电网、商业、工业和住宅储能系统。据悉，由于北美地区对储能系统（ESS）电池的需求激增，LG新能源正在扩大该地区的储能系统电池产能。LG新能源在北美地区共计拥有3家全资工厂，以及5家与其他合作伙伴共同拥有的工厂。其中，位于密歇根州霍兰市的工厂，与Stellantis在加拿大的合资工厂，这两家工厂正在积极生产用于储能系统的磷酸铁锂电池。截至去年底，LG新能源已确保超过140GWh的ESS累计订单，计划今年年底将ESS生产能力至少提高到60GWh，其中北美地区产能将达50GWh。动力方面，今年1-5月，LG新能源全球动力电池装机量为41GWh，同比仅增长7.3%，增速远远低于16.3%的行业平均水平，市占率从去年同期的9.5%下滑至8.7%。值得一提的是，7月9日，据韩媒THE ELEC报道，LG新能源将于2026年内启用位于中国南京的9号工厂，主要用于承接特斯拉等下游客户的圆柱电池订单，匹配快速增长的市场需求。据了解，LG新能源南京9号工厂已于两三年前建成，目前配备2条生产线，单条产线初期年产能约2GWh，此前始终未正式投产运营。按照规划，这两条生产线将于2026年下半年正式投产，后续公司还将分阶段新增产线，工厂总产能预计将提升至10GWh以上。目前，LG新能源已凭借46系列大圆柱电池拿下多家主流车企订单，合作客户覆盖特斯拉、宝马、梅赛德斯-奔驰、Rivian等海外车企，同时与中国奇瑞汽车达成6年8GWh的电池长期供应合作，海内外市场布局持续落地。对于市场趋势与方向，LG新能源表示，在储能系统赛道，电力需求持续上行，叠加人工智能基础设施的大规模投资，推动表前（FTM）与表后（BTM）两大市场同步扩容。储能系统已成为平抑电力负荷波动的关键枢纽，而不间断电源（UPS）与后备电池单元（BBU）更跃升为数据中心的标配组件，储能应用场景正在快速拓展。LG新能源将巩固储能领域的领先优势，强化面向电网侧与数据中心侧的产品矩阵，同时不断提升系统集成能力，为更多客户提供从电芯供应到软件管理的端到端一体化解决方案。在电动汽车领域，随着热安全监管日趋严格，下一代车型加速拥抱结构电池一体化设计，46系列圆柱电池需求显著增大。LG新能源将依托全球化制造网络，推进46系列电芯的本地化供应，并以多元化产品组合赋予客户更灵活的车型设计空间。技术层面，将加快10分钟超快充及电池包安全增强等创新方案的落地。关于下半年的计划，LG新能源披露，储能领域将优化工厂运营效率，提升盈利水平；持续锁定可再生能源配套储能及数据中心基础设施项目，巩固订单增长势头。电动汽车领域，推进亚利桑那工厂投产准备，保障北美及欧洲电动汽车电池包产线的稳定运转；积极争取46系列圆柱电池新增订单，并强化中镍产品市场竞争力。前沿技术领域，推出高功率2170电池，加速钠离子储能电池的产品开发与产线建设，同时搭建采用干法电极工艺的全固态电池中试线。END由于公众号规则更改，请大佬们点个关注、推荐和转发扫码入群丨lidianpai666交流丨分享丨合作丨推广 · LIDIANπ · ⬆️点击蓝字关注“锂电派”7月30日，LG新能源正式发布2026年第二季度业绩报告。,,,,pending
4死6伤！一在建储能项目发生塌方,锂电派,锂电派,"RIOnews API, 长时储能, 合作进展, 投资, 合作, 储能, 装机, 投产",normal,2026-07-31T17:04:55+08:00,,⬆️点击蓝字关注“锂电派”据新华社权威消息，7月31日凌晨3时50分，内蒙古乌兰察布卓资县中铁建压缩空气储能项目，中铁十五局负责施工的隧道标段发生塌方事故。事故已造成4人死亡、6人受伤。应急救援力量第一时间赶赴现场开展抢险工作，伤员已送往医院救治。目前现场管控、事故调查工作全面启动，塌方详细原因有待官方最终通报。资料显示，该项目总投资92.67亿元，装机规模105万千瓦/630万千瓦时，是当前全球装机规模最大的人工硐室式压缩空气储能电站，也是内蒙古重点新能源示范工程。项目创新采用深地岩层人工硐室储气路线，需大规模开展地下隧道、深部储气硐室开挖，地下岩土施工风险高。项目于2025年开工，原计划2,http://mp.weixin.qq.com/s?__biz=MzI4MTc4MzY2NA==&mid=2247696318&idx=1&sn=d67587e24c277ba7c3c12d9e07c86764,,⬆️点击蓝字关注“锂电派”据新华社权威消息，7月31日凌晨3时50分，内蒙古乌兰察布卓资县中铁建压缩空气储能项目，中铁十五局负责施工的隧道标段发生塌方事故。事故已造成4人死亡、6人受伤。应急救援力量第一时间赶赴现场开展抢险工作，伤员已送往医院救治。目前现场管控、事故调查工作全面启动，塌方详细原因有待官方最终通报。资料显示，该项目总投资92.67亿元，装机规模105万千瓦/630万千瓦时，是当前全球装机规模最大的人工硐室式压缩空气储能电站，也是内蒙古重点新能源示范工程。项目创新采用深地岩层人工硐室储气路线，需大规模开展地下隧道、深部储气硐室开挖，地下岩土施工风险高。项目于2025年开工，原计划2,⬆️点击蓝字关注“锂电派”据新华社权威消息，7月31日凌晨3时50分，内蒙古乌兰察布卓资县中铁建压缩空气储能项目，中铁十五局负责施工的隧道标段发生塌方事故。事故已造成4人死亡、6人受伤。应急救援力量第一时间赶赴现场开展抢险工作，伤员已送往医院救治。目前现场管控、事故调查工作全面启动，塌方详细原因有待官方最终通报。资料显示，该项目总投资92.67亿元，装机规模105万千瓦/630万千瓦时，是当前全球装机规模最大的人工硐室式压缩空气储能电站，也是内蒙古重点新能源示范工程。项目创新采用深地岩层人工硐室储气路线，需大规模开展地下隧道、深部储气硐室开挖，地下岩土施工风险高。项目于2025年开工，原计划2026年底建成投产。近年来，压缩空气储能进入规模化建设期，人工硐室储气方案摆脱盐穴资源限制，成为多地重点推进的长时储能路线。但大规模地下硐室开挖属于高危施工作业，围岩监测、支护工程、夜间施工管理等环节安全管控压力巨大。一座标杆储能工程的背后，不能忽视一线建设者的生命安全。新能源产业高速扩张进程中，地下储能工程的施工安全问题值得全行业高度警惕。END由于公众号规则更改，请大佬们点个关注、推荐和转发扫码入群丨lidianpai666交流丨分享丨合作丨推广 · LIDIANπ · ⬆️点击蓝字关注“锂电派”据新华社权威消息，7月31日凌晨3时50分，内蒙古乌兰察布卓资县中铁建压缩空气储能项,,,,pending
容百科技：30万吨钠电正极材料落子仙桃，白厚善：钠电两分天下有其一,真锂研究,真锂研究,"RIOnews API, 钠离子电池, 钠电, 产品发布, 发布, 全新, 合作进展, 定点, 投资, 合作, 宁德时代, 磷酸铁锂, 铁锂, 钠电池, 储能, 高安全, 正极材料, 交付, 产能, 投产, 订单, 合作协议, 签约, 快充, 中试, 中试线, 量产, 落地",normal,2026-07-31T17:00:00+08:00,,目前已经迈入储能电池引领的“奇点时代”。未来钠电池和磷酸铁锂电池两分天下有其一的话，将是一个非常大的市场。——白厚善7月30日，容百科技与仙桃市人民政府正式签署《项目投资合同书》，重磅宣布拟投资建设仙桃年产30万吨钠电正极材料一体化项目，总投资金额达47.23亿元。这一项目的落地，不仅是容百科技在钠电领域的战略加码，更将进一步巩固其在钠电正极材料领域的先发优势，精准把握钠电产业化的关键窗口期，推动行业规模化发展迈入新阶段。重磅签约落地，分期推进打造行业标杆此次签约仪式规格颇高，仙桃市委书记孙道军，市人大常委会主任余文华，市政协主席印家利等当地领导，与容百集团董事长兼总裁白厚善、集团副总裁张慧清,http://mp.weixin.qq.com/s?__biz=MzkwMTYxMzYwNg==&mid=2247532169&idx=1&sn=83ebe58ef31042804447114b7a09f251,,目前已经迈入储能电池引领的“奇点时代”。未来钠电池和磷酸铁锂电池两分天下有其一的话，将是一个非常大的市场。——白厚善7月30日，容百科技与仙桃市人民政府正式签署《项目投资合同书》，重磅宣布拟投资建设仙桃年产30万吨钠电正极材料一体化项目，总投资金额达47.23亿元。这一项目的落地，不仅是容百科技在钠电领域的战略加码，更将进一步巩固其在钠电正极材料领域的先发优势，精准把握钠电产业化的关键窗口期，推动行业规模化发展迈入新阶段。重磅签约落地，分期推进打造行业标杆此次签约仪式规格颇高，仙桃市委书记孙道军，市人大常委会主任余文华，市政协主席印家利等当地领导，与容百集团董事长兼总裁白厚善、集团副总裁张慧清,目前已经迈入储能电池引领的“奇点时代”。未来钠电池和磷酸铁锂电池两分天下有其一的话，将是一个非常大的市场。——白厚善7月30日，容百科技与仙桃市人民政府正式签署《项目投资合同书》，重磅宣布拟投资建设仙桃年产30万吨钠电正极材料一体化项目，总投资金额达47.23亿元。这一项目的落地，不仅是容百科技在钠电领域的战略加码，更将进一步巩固其在钠电正极材料领域的先发优势，精准把握钠电产业化的关键窗口期，推动行业规模化发展迈入新阶段。重磅签约落地，分期推进打造行业标杆此次签约仪式规格颇高，仙桃市委书记孙道军，市人大常委会主任余文华，市政协主席印家利等当地领导，与容百集团董事长兼总裁白厚善、集团副总裁张慧清等企业高层，以及银行、合作伙伴、媒体代表齐聚现场，共同见证这一推动钠电加速规模化量产的重要时刻。根据规划，仙桃年产30万吨钠电正极材料一体化项目将分三期稳步推进建设，其中一期产能5万吨、二期10万吨、三期15万吨，一期项目预计2027年5月建成投产。项目将依托容百科技成熟的技术积累与工艺经验，打造一体化生产体系，全面提升钠电正极材料的规模化交付能力，更好满足下游大客户的预期需求，为全球更多客户提供性能领先的产品。前瞻布局筑牢优势，钠电迎来窗口期此次签约仪式规格颇高，仙桃市委书记孙道军，市人大常委会主任余文华，市政协主席印家利等当地领导，与容百集团董事长兼总裁白厚善、集团副总裁张慧清等企业高层，以及银行、合作伙伴、媒体代表齐聚现场，共同见证这一推动钠电加速规模化量产的重要时刻。作为钠电正极材料领域的头部企业，容百科技早在十余年前便前瞻布局钠电正极业务，目前已形成“量产一代、研发一代、储备一代”的断代式领先优势，围绕能量密度、压实密度和低成本持续迭代，产品梯队不断完善。截至目前，公司已建成NFPP钠电正极产能1.8万吨/年，其中贵州新仁1.2万吨改造线稳定量产，仙桃6000吨钠电中试线已完成相关工艺及设备验证，为30万吨新项目的顺利推进奠定了坚实基础。当前，钠离子电池产业正复刻2020年磷酸铁锂的发展轨迹，行业技术逐步成熟、成本持续下探、市场需求快速释放，2026年被业内普遍视作钠离子电池“0-1”规模化量产的关键一年。容百科技钠电事业部总经理王尊志曾直言，当前钠电产业正迎来专属的“磷酸铁锂时刻”，行业发展逻辑与2020年前后磷酸铁锂突围的历程高度相似，商业化红利正在加速释放。行业前景广阔，钠电有望占据半壁江山白厚善董事长在签约仪式上的致辞中，对钠电行业的未来发展充满信心。他表示，电池行业经历了3C电池到动力电池的发展阶段，目前已经迈入储能电池引领的“奇点时代”。未来钠电池和磷酸铁锂电池两分天下有其一的话，将是一个非常大的市场。他预计，到2035年，全球钠电正极材料销量有望达到2000万吨。这一判断也得到了机构数据的佐证。摩根士丹利近期发布的报告显示，钠离子电池将在2027年占据全球电池部署约2%份额，随后加速至2030年的20%和2035年的37%，并将钠离子电池时代定性为“新石油时代”。依托优异的低温性能、高安全性与快充能力，钠离子电池适配储能、寒冷地区动力、两轮车、汽车启停等多个场景，叠加能源安全与市场化降本的双重驱动，产业落地节奏还将持续加快。政企协同发力，容百赋能绿色转型仙桃市委书记孙道军对容百科技新项目的落地与布局加码表示热烈欢迎，认为钠电产能的逐步落地，将进一步推动仙桃经济社会的全面发展。他表示，仙桃将秉持“一家人、一家亲、一家兴”的理念，全力支持容百科技在当地的发展，与企业紧密协作，实现共同繁荣。目前，容百科技已凭借覆盖下游头部电池企业及终端用户的优质客户矩阵，以及产品在关键性能指标上的技术领先优势，在头部客户供应链中实现关键卡位，已与多家动力及储能电池企业建立合作关系，就钠电正极材料开展产品验证、定点、供货及订单对接。早在2025年11月，公司就与宁德时代签署长期合作协议，成为其钠电正极粉料第一供应商，这份长期锁单为现有产能消化提供了坚实保障。当前，正极材料产业发展已进入新的阶段，不止于成本竞争，更在于一体化经营的全面竞争。仙桃30万吨钠电正极材料一体化项目是容百科技推进平台化战略的重要举措，以此项目为起点，公司将进一步加速钠离子电池产业化进程，助力钠电产业完成规模化跨越，推动新能源行业形成“锂钠并行”的全新格局，为全球绿色能源转型贡献更多“容百力量”。END --现已同步入驻-- 点点“分享”，给我充点儿电吧~白厚善：储能电池引领“奇点时代”，未来钠电池和磷酸铁锂电池两分天下有其一,,,,pending
突破1000亿，固态电池加速上车！拒绝一知半解，5分钟搞懂核心信息,真锂研究,真锂研究,"RIOnews API, 新材料, 聚合物, 固态电池, 固态电解质, 产品发布, 全新, 上市, 量产推进, 产能, 扩产, 比亚迪, 宁德时代, 装机, 装车, GWh, 投资, 政策, 量产",normal,2026-07-31T17:00:00+08:00,,固态电池已经“来了”。然而，你却依然还在一知半解、将信将疑吗？据最新数据显示，2024年全年：我国固态及半固态电池项目规划扩产数量为36个，涉及产能近160GWh，投资额超750亿元。2025年一季度：固态电池投资继续呈现爆发态势，规划扩产数量9个，涉及产能41.5GWh，投资额达205.2亿。从去年政策发力，北京、上海、深圳、广州等城市快速“抢跑”以来，固态电池新增投资已经突破千亿！尤其是2025年，无论是电动汽车、无人机，还是人形机器都不约而同地开启“固态电池”的装机测试，甚至一些半固态电池车型即将抢先上市。其中，2025年底，上汽新一代固态电池将在全新MG4上量产应用；2026年，广汽昊,http://mp.weixin.qq.com/s?__biz=MzkwMTYxMzYwNg==&mid=2247532169&idx=5&sn=47499b53628e9f8aeb7f43ec73a6f32f,,固态电池已经“来了”。然而，你却依然还在一知半解、将信将疑吗？据最新数据显示，2024年全年：我国固态及半固态电池项目规划扩产数量为36个，涉及产能近160GWh，投资额超750亿元。2025年一季度：固态电池投资继续呈现爆发态势，规划扩产数量9个，涉及产能41.5GWh，投资额达205.2亿。从去年政策发力，北京、上海、深圳、广州等城市快速“抢跑”以来，固态电池新增投资已经突破千亿！尤其是2025年，无论是电动汽车、无人机，还是人形机器都不约而同地开启“固态电池”的装机测试，甚至一些半固态电池车型即将抢先上市。其中，2025年底，上汽新一代固态电池将在全新MG4上量产应用；2026年，广汽昊,固态电池已经“来了”。然而，你却依然还在一知半解、将信将疑吗？据最新数据显示，2024年全年：我国固态及半固态电池项目规划扩产数量为36个，涉及产能近160GWh，投资额超750亿元。2025年一季度：固态电池投资继续呈现爆发态势，规划扩产数量9个，涉及产能41.5GWh，投资额达205.2亿。从去年政策发力，北京、上海、深圳、广州等城市快速“抢跑”以来，固态电池新增投资已经突破千亿！尤其是2025年，无论是电动汽车、无人机，还是人形机器都不约而同地开启“固态电池”的装机测试，甚至一些半固态电池车型即将抢先上市。其中，2025年底，上汽新一代固态电池将在全新MG4上量产应用；2026年，广汽昊铂、东风汽车将实现全固态电池量产装车，2027年长安新能源汽车将实现全固态电池逐步起量，2028年东风汽车规划实现全固态车型量产上市。2026-2028年有望成为国产新能源汽车全固态电池搭载集中上市窗口。可以说，这场新的科技变革和造富神话已经几经“潮涌”进入了最后的“加速”阶段。然而，对于诸多技术概念、产业趋势与主要赛道，大多数人却依然停留在道听途说，甚至以讹传讹的层面。你能清晰地回答以下这几个问题吗？ 什么是固态电池？它有几种？它为什么会这么厉害！ 看不见液体就一定是固态电池吗？这里面究竟有哪些坑？ 固态电池的产业难点在哪？主要玩家是谁，企业发展情况究竟如何？作为真锂研究创始人、深耕锂电20年的资深专家，墨柯老师将为您带来最新《固态电池专题讲座》。我们将用20节课程，每节课5分钟，帮你彻底搞懂固态电池。我们用最简单的话，说最专业的事，5分钟帮你搞懂固态电池。【课程内容大纲】第1期：半固、全固，究竟谁才是固态电池？第2期：固态电池“牛”在哪？第3期：固态电池发展“三大”阶段（上）第4期：固态电池发展“三大”阶段（下）第5期：固态电池“四大类”，谁分高下？第6期：什么是氧化物固态电解质？第7期：什么是聚合物固态电解质？第8期：什么是卤化物固态电解质？第9期：为什么硫化物固态电解质最热门？第10期：固态电池的技术挑战-固固界面（上）第11期：固态电池的技术挑战-固固界面（下）第12期：量产还是量产！固态电池的工程化挑战（上）第13期：量产还是量产！固态电池的工程化挑战（下）第14期：成本高企！固态电池量产的又一大挑战第15期：中国固态电池的四大玩家之：宁德时代第16期：中国固态电池的四大玩家之：比亚迪第17期：中国固态电池的四大玩家之：一汽集团第18期：中国固态电池的四大玩家之：上汽集团第19期：中国市场的主要玩家之：其他第20期：全固态电池：中国锂电的自我革命首集限免 购买合集追更全部内容 END固态电池进入“加速”阶段,,,,pending
还有24个月，钠电抢滩迎来窗口期，钠离子电池迎来规模化拐点,真锂研究,真锂研究,"RIOnews API, 新材料, 碳, 固态电池, 钠离子电池, 钠电, 量产推进, 产能, 扩产, 宁德时代, 磷酸铁锂, 铁锂, 钠电池, 储能, 大型储能, 6C, 循环寿命, 碳酸锂, 出货, 出货量, 市场份额, 新增产能, GWh, 放缓, 订单, 上市, 海外, 政策, 推出, 快充, 客户验证, 认证, 量产, 落地, 爬坡",normal,2026-07-31T17:00:00+08:00,,2026年新能源电池行业迎来清晰分水岭：一边锂电池新增产能扩产节奏收紧，另一边钠离子电池产能建设全面放开，叠加2026年9月至2028年末整整24个月消费税免征政策红利。长达两年的政策缓冲期，叠加储能、代步车、电动两轮车三大下游批量落地，钠离子电池正式迎来规模化抢滩的关键窗口期。据相关产业机构测算，2030年国内钠电池整体需求有望突破600GWh，行业年均复合增速超130%。储能三重变革，钠电站上产业核心赛道储能是拉动钠电增长的核心引擎，如今行业三重底层变革，彻底改写了电池技术的评判标准。2025年国内新型储能新增投运规模达66.4GW、近190GWh，全球储能电池出货量超657GWh，同比增,http://mp.weixin.qq.com/s?__biz=MzkwMTYxMzYwNg==&mid=2247532169&idx=2&sn=4f4942e4ff9bb7969a35528fc8038e9b,,2026年新能源电池行业迎来清晰分水岭：一边锂电池新增产能扩产节奏收紧，另一边钠离子电池产能建设全面放开，叠加2026年9月至2028年末整整24个月消费税免征政策红利。长达两年的政策缓冲期，叠加储能、代步车、电动两轮车三大下游批量落地，钠离子电池正式迎来规模化抢滩的关键窗口期。据相关产业机构测算，2030年国内钠电池整体需求有望突破600GWh，行业年均复合增速超130%。储能三重变革，钠电站上产业核心赛道储能是拉动钠电增长的核心引擎，如今行业三重底层变革，彻底改写了电池技术的评判标准。2025年国内新型储能新增投运规模达66.4GW、近190GWh，全球储能电池出货量超657GWh，同比增,2026年新能源电池行业迎来清晰分水岭：一边锂电池新增产能扩产节奏收紧，另一边钠离子电池产能建设全面放开，叠加2026年9月至2028年末整整24个月消费税免征政策红利。长达两年的政策缓冲期，叠加储能、代步车、电动两轮车三大下游批量落地，钠离子电池正式迎来规模化抢滩的关键窗口期。据相关产业机构测算，2030年国内钠电池整体需求有望突破600GWh，行业年均复合增速超130%。储能三重变革，钠电站上产业核心赛道储能是拉动钠电增长的核心引擎，如今行业三重底层变革，彻底改写了电池技术的评判标准。2025年国内新型储能新增投运规模达66.4GW、近190GWh，全球储能电池出货量超657GWh，同比增长76%。储能场景不再单纯追逐度电成本，转而优先考量安全性、循环寿命、全周期成本与供应链稳定，而钠电天然适配这一需求体系。钠资源地壳储量是锂的千倍，原材料价格波动极小，完美对冲碳酸锂暴涨暴跌给储能项目带来的盈利不确定性；同时低温性能、安全稳定性优于磷酸铁锂，大型储能电站适配度极高。与此同时，在产业链端，钠电已经走出单点技术突破阶段。目前钠电池在正极、硬碳负极、铝箔集流体、电芯制造等环节已形成完整闭环。层状氧化物、普鲁士蓝、聚阴离子三大正极路线同步推进量产，硬碳负极、负极铝箔替代铜箔两大差异化材料环节进入产能扩张期，头部锂电企业与专业钠电厂商同步新建GW级产线。更关键的是，下游真实需求持续兑现。多家储能运营商在大型储能项目中批量导入钠电方案，宁德时代签下三年60GWh钠电储能长单，海外钠电储能订单同步落地。机构预测，仅储能领域2030年钠电出货量可达290GWh，成为拉动行业增长的核心引擎。不同于过去钠电“锂电替代者”的单一叙事，当前产业共识明确：钠电将在储能细分市场形成独立赛道，与磷酸铁锂长期多路线共存互补。代步车+两轮车，两大细分市场率先落地放量除了储能赛道，在动力电池赛道里，钠电同样攻城略地。钠电池避开高端乘用车红海，专攻成本敏感、续航需求适中的下沉市场，A00、A0级短途代步车率先实现量产上车。2025年国内A00、A0级代步车合计销量242.89万辆，占国内乘用车总销量22.5%，城市短途代步需求稳定扩容。这类车型购车群体对终端售价敏感度极高，400公里左右续航完全满足通勤需求，刚好契合钠电产品定位。其产业化落地节奏也已经明确，宁德时代全球首款通过新国标认证的钠电芯，计划2026年四季度规模化量产，配套长安启源A06钠电版同步上市，CLTC续航超400公里，支持6C快充，后续还将向阿维塔等品牌延伸，入门代步车钠电渗透率将持续爬坡。同时，轻型动力市场则是钠电产业化的主战场。目前国内电动两轮车保有量已经突破4亿辆，2025年全年产量6316万辆，同比增长近15%。当下市场仍以铅酸电池为主，但铅酸存在自重偏大、冬季续航大幅衰减、循环寿命短等硬伤。钠电低温容量保持能力更强，循环寿命远超铅酸，规模化量产之后成本有望追平甚至低于铅酸，雅迪、台铃等头部两轮品牌已经推出钠电车型，认证周期短、落地速度快，是产业链完成客户验证、完善制造工艺的重要场景。除此之外，商用车启停电源、通信基站备电、港口AGV叉车等场景也在推进示范项目，虽然短期体量不大，但持续完善钠电应用生态，为中长期需求释放打底。24个月税收红利兑现，供需格局拉开成长差距此外，财政部、税务总局出台的电池消费税新政，直接制造出长达24个月的产业红利窗口。新规明确，2026年9月起锂离子电池征收2%消费税，2027年9月税率提升至4%；而钠离子电池、固态电池全程免征消费税，一增一免形成明显成本剪刀差，进一步放大钠电价格竞争力。尤其储能行业对成本高度敏感，税费差异会直接改变项目内部收益率，中长期将倒逼储能运营商提升钠电采购比例。供给端的格局分化同样值得关注。当前锂电池新增扩产受到政策管控，未来两到三年整体供给持续偏紧，行业产能稀缺性提升，市场份额会持续向宁德时代等头部电池企业集中，整体扩产增速明显放缓。与之相反，钠电作为新兴储能、动力技术路线，产能建设不受限制，下一个五年行业扩产速度将持续走高，资本开支、产线落地全面提速。碳酸锂价格周期性大幅波动，持续给磷酸铁锂产业链带来成本压力，储能、车企盈利频繁受原材料扰动；而钠资源供给充足，价格波动幅度极小，成本曲线可预测性更强，能够降低全产业对锂资源的依赖，保障能源供应链安全。随着“十五”期间储能电池需求占比有望接近五成，钠电的战略价值将持续凸显。多位券商分析师表示，这24个月免税窗口期，是钠电完成产业化验证、实现规模化放量的黄金周期，未来五年上下游产业链有望迎来业绩与估值同步兑现。END --现已同步入驻-- 点点“分享”，给我充点儿电吧~未来24个月是钠电完成产业规模化放量的黄金周期,,,,pending
「真锂数链」即将上线！一站式聚合锂矿/四大材料/电池/新能源车/全部行情数据,真锂研究,真锂研究,"RIOnews API, 新材料, 电池材料, 碳, 隔膜, 镍钴锰, 储能, 可靠性, 碳酸锂, 电解液, 装机, 装机量, 产能, 报价, 投资, 落地",normal,2026-07-31T17:00:00+08:00,,新能源锂电投资，关键数据一览无余、效率翻倍。坐拥数据座舱、打破信息孤岛，洞察市场动向。产业链数据+大数据智能分析，捕捉财富机遇。专为广大投资者、锂电赛道从业者，以及关注新能源锂电发展的热心读者，打造的轻量化数据平台「真锂数链」小程序，开启上线测试。广大股民、投资者：快速跟踪价格、企业动态，捕捉投资机会券商、产业研究院研究员：一站式调取全链数据，提升报告效率锂电上下游企业从业者：掌握供需、产能、竞品企业动态，把握行业节奏储能、新能源车消费者：看懂能源转型底层逻辑，清晰产品优势「真锂数链」由深耕锂电行业十余年的真锂研究倾力打造，产品完整承接团队长期积累的一线产业调研渠道、海量独家历史数据库、成熟标,http://mp.weixin.qq.com/s?__biz=MzkwMTYxMzYwNg==&mid=2247532169&idx=4&sn=ee0548df766e0b60a49de0c5461d41c2,,新能源锂电投资，关键数据一览无余、效率翻倍。坐拥数据座舱、打破信息孤岛，洞察市场动向。产业链数据+大数据智能分析，捕捉财富机遇。专为广大投资者、锂电赛道从业者，以及关注新能源锂电发展的热心读者，打造的轻量化数据平台「真锂数链」小程序，开启上线测试。广大股民、投资者：快速跟踪价格、企业动态，捕捉投资机会券商、产业研究院研究员：一站式调取全链数据，提升报告效率锂电上下游企业从业者：掌握供需、产能、竞品企业动态，把握行业节奏储能、新能源车消费者：看懂能源转型底层逻辑，清晰产品优势「真锂数链」由深耕锂电行业十余年的真锂研究倾力打造，产品完整承接团队长期积累的一线产业调研渠道、海量独家历史数据库、成熟标,新能源锂电投资，关键数据一览无余、效率翻倍。坐拥数据座舱、打破信息孤岛，洞察市场动向。产业链数据+大数据智能分析，捕捉财富机遇。专为广大投资者、锂电赛道从业者，以及关注新能源锂电发展的热心读者，打造的轻量化数据平台「真锂数链」小程序，开启上线测试。广大股民、投资者：快速跟踪价格、企业动态，捕捉投资机会券商、产业研究院研究员：一站式调取全链数据，提升报告效率锂电上下游企业从业者：掌握供需、产能、竞品企业动态，把握行业节奏储能、新能源车消费者：看懂能源转型底层逻辑，清晰产品优势「真锂数链」由深耕锂电行业十余年的真锂研究倾力打造，产品完整承接团队长期积累的一线产业调研渠道、海量独家历史数据库、成熟标准化研究分析体系。「真锂数链」基于十几年对锂矿、电池材料、动力电池、储能、新能源整车全链条的深度研究沉淀，团队针对行业用户真实数据需求，打磨出这款轻量化、高精准、全覆盖的普及型实用工具；「真锂数链」将专业机构级研究能力落地微信小程序，为全行业提供权威、可靠的一站式数据服务。「真锂数链」覆盖上游矿产、中游材料、下游整车与储能，多个细分赛道、数据维度广、数据跨度大、。「真锂数链」将分布在不同渠道的行业内各类价格、产销量数据、以及企业资讯，悉数汇聚，进行纵向周期复盘、横向产业链对比；「真锂数链」不仅大量节省了您的数据收集、分析时间，同时击穿行业壁垒，形成大数据智能分析的产业链闭环，挖掘出隐藏在数据背后的真正价值，协助您精准决策把握机遇。覆盖全产业链，一站式聚合全部核心信息真锂数链完整覆盖锂电全生命周期赛道，上下游数据统一归集，无需多平台切换查询：上游资源：锂矿、镍钴锰等矿物原料月度产量、库存、价格走势；中游材料：正极/负极/电解液/隔膜四大主材实时报价、产能排产、成本测算；电池制造：动力电池装机量、电芯产能、头部企业产销数据；下游终端：新能源车企、储能电站装机、终端需求景气度全链路企业名录、公告、行情、产销数据统一聚合，微信点开即查。五大核心能力，全方位赋能产业研判1、行情快速查询，价格走势可视化碳酸锂、钴、镍、电解液等核心品种价格7/30/60/90天趋势图直观展示，完整留存历史价格数据，快速识别涨跌周期，精准捕捉价格拐点。2、完整数据演变追踪，清晰呈现行业周期规律系统自动沉淀月度、年度产业统计数据，装机量、产能、原料产量多维度逐年对比，直观呈现行业周期性变化，辅助客观预判产业走势。3、专业产业综合分析，成本与趋势深度拆解搭载真锂研究多年验证的行业分析模型，覆盖原材料成本核算、产业链供需格局、赛道景气度研判，省去人工手动测算的繁琐流程。4、跨产业链数据交叉校验，提升判断严谨度打通上游资源、中游材料、下游整车储能全链条数据，上下游指标相互印证，多维度数据协同验证，有效提升行业分析、投资判断的可靠性。5、AI智能问答助手，行业问题即时专业解答内置锂电专属AI智库，沉淀真锂研究十余年行业研究逻辑。输入锂矿行情、企业产能、赛道风险等任意行业问题，即可输出结构化专业分析，大幅节省翻阅海量研报的时间。分层会员体系，适配不同从业者需求免费基础版：适合新手入门零成本体验查看当日行业产销与上下游企业基础数据；每日3次基础AI问答；基础名词解释与页面浏览；基础资讯推送。专业付费版：适合个人投资者、从业人员、中小企业全量实时数据、解锁历史趋势与基础分析能力；支持全维度回溯每月锂电四大材料和电芯装机数据；支持全维度回溯每月新能源汽车产销月度数据；每日10次AI数据解读、行情分析和趋势问答。 --点击「真锂数链」小程序-- PC版连接：https://ai.wisebrandai.com.cn/web/#/user/zhenli/dashboard真锂数链，正在招募产品测试官！免费解锁99元付费会员 重要通知真锂数链测试官招募，免费解锁99元付费会员【真锂数链】小程序优化升级进行中！为打磨更贴合行业需求的数据工具，现面向全行业开放产品测试招募，仅100个体验名额，先到先得。参与本次测试，你可免费体验价值99元付费会员全部权益，完整试用小程序全功能；我们认真收集每一条真实使用反馈，优质意见创作者还能直接领取免费进阶级会员，长期畅享高阶数据服务。参与福利一览：全员参与福利：成功注册并留言提交使用意见，即可开通为期7天、价值99元付费会员体验，完整解锁小程序付费数据功能，深度体验产品全部模块（测试名额仅限100人）；优质反馈大奖：活动结束后，我们将根据意见完整度、实用性、优化价值筛选10位优质测试官，每人赠送价值99元的一年期进阶级会员资格；行业专属特权：你的反馈将直接同步产品研发团队，锂电数据工具的迭代方向，由你来定义。完整参与流程（两步即可解锁会员）：第一步：基础试用，提交初版意见微信搜索小程序「真锂数链」，完成账号注册，保持未付费普通用户状态；完整浏览、试用小程序全部免费板块，记录使用痛点、功能优化需求、页面体验问题、数据查询建议等；在本文留言区写下你的真实使用感受与修改建议，提交即锁定测试名额。第二步：付费会员全功能试用，补充深度反馈工作人员统一核对留言用户名单，为所有提交有效意见的注册用户，开通一周99元付费会员权限；会员有效期内完整使用全部付费数据功能，持续在留言区补充高阶功能使用感受、优化建议；所有留言内容将作为最终评选进阶会员的核心依据，建议越详实、落地，中奖概率越高。活动重要规则：测试名额上限100人，以留言提交先后顺序为准，名额满后活动自动截止仅注册账号并在本文留言区提交有效使用建议，方可解锁一周付费会员；无实质内容的水评不计入参与名单；活动截止时间：2026年7月7日，7月7日24点后不再接收新的测试留言；进阶会员获奖名单将于活动结束后，公众号公示，会员权益统一发放至小程序注册账号；每位用户仅可参与一次，重复留言不重复发放会员时长。我们不限定反馈内容，以下方向均可参考：数据查询、行情图表、产业链库功能优化；页面加载、操作逻辑、导航布局使用痛点；付费会员功能价值、新增数据模块需求；工具使用门槛、行业适配性相关改进想法；任何你觉得不够便捷、有待升级的细节。每一条真实反馈，都会推动真锂数链变得更贴合锂电从业者需求。不用刻意长篇大论，真实、具体的使用感受就是最有价值的建议，最好能有相关问题的截图，以便于及时修改。即刻操作： --点击「真锂数链」小程序-- PC版连接：https://ai.wisebrandai.com.cn/web/#/user/zhenli/dashboard点击完成注册；文末评论区留下你的试用建议，即可参与本次测试招募。END --现已同步入驻-- 点点“分享”，给我充点儿电吧~「真锂数链」即将上线！一站式聚合锂矿/四大材料/电池/新能源车/全部行情数据,,,,pending
《真锂研究7月报告》锂电冰火两重天，锂价跳水！VC暴涨44%，电芯小幅提价成本难以覆盖,真锂研究,真锂研究,"RIOnews API, 新材料, 碳, 隔膜, 高比能, 硅, 磷酸铁锂, 铁锂, 三元, 储能, 314Ah, 碳酸锂, 氢氧化锂, 正极材料, 电解液, 出货, 产能, 长协, 报价, 海外",normal,2026-07-31T17:00:00+08:00,,真锂研究7月31日数据显示，整个7月份锂电产业链行情走出极致分化行情。上旬锂资源冲高后全月持续回落，正极材料同步走弱；负极、隔膜供需宽松价格维稳，电解液、添加剂因原料紧缺迎来大幅涨价。下游电芯虽小幅上调报价，但涨幅难以覆盖上游新增成本，全链条利润分配格局迎来重构。锂资源：行情阶段性回落，后市多空分歧加剧2026年7月锂资源整体下行，锂辉石精矿CIF中国均价2095美元/吨，月度跌幅5.59%；锂云母精矿现货3025元/吨，月跌2.42%。锂盐同步走弱，电池级碳酸锂均价143395元/吨，月跌幅4.33%，氢氧化锂134221元/吨，月跌3.64%。7月初矿山检修、海外到货延迟带来的补库行情消退,http://mp.weixin.qq.com/s?__biz=MzkwMTYxMzYwNg==&mid=2247532169&idx=3&sn=86c61ac4aecaf4019414c753563064e9,,真锂研究7月31日数据显示，整个7月份锂电产业链行情走出极致分化行情。上旬锂资源冲高后全月持续回落，正极材料同步走弱；负极、隔膜供需宽松价格维稳，电解液、添加剂因原料紧缺迎来大幅涨价。下游电芯虽小幅上调报价，但涨幅难以覆盖上游新增成本，全链条利润分配格局迎来重构。锂资源：行情阶段性回落，后市多空分歧加剧2026年7月锂资源整体下行，锂辉石精矿CIF中国均价2095美元/吨，月度跌幅5.59%；锂云母精矿现货3025元/吨，月跌2.42%。锂盐同步走弱，电池级碳酸锂均价143395元/吨，月跌幅4.33%，氢氧化锂134221元/吨，月跌3.64%。7月初矿山检修、海外到货延迟带来的补库行情消退,真锂研究7月31日数据显示，整个7月份锂电产业链行情走出极致分化行情。上旬锂资源冲高后全月持续回落，正极材料同步走弱；负极、隔膜供需宽松价格维稳，电解液、添加剂因原料紧缺迎来大幅涨价。下游电芯虽小幅上调报价，但涨幅难以覆盖上游新增成本，全链条利润分配格局迎来重构。锂资源：行情阶段性回落，后市多空分歧加剧2026年7月锂资源整体下行，锂辉石精矿CIF中国均价2095美元/吨，月度跌幅5.59%；锂云母精矿现货3025元/吨，月跌2.42%。锂盐同步走弱，电池级碳酸锂均价143395元/吨，月跌幅4.33%，氢氧化锂134221元/吨，月跌3.64%。7月初矿山检修、海外到货延迟带来的补库行情消退，贸易商集中出货、原料供给宽松是价格下行主因。虽三季度电动车、储能旺季形成需求支撑，但市场对锂价后续走势分歧加重，短期维持宽幅震荡，单边上涨行情不复存在。正极材料全线走弱，各品类需求持续承压全品类正极价格同步下行，三元前驱体5/6/8系月度跌幅2.67%-2.92%，成品三元材料跌幅扩大至2.66%-3.94%；磷酸铁锂主流价56020元/吨，月跌4.50%，下游采购观望，囤货行为大幅收缩。消费端钴酸锂受3C市场低迷拖累，月跌幅6.05%，为本板块跌幅第一；动力锰酸锂小幅回落2.50%，终端需求整体偏弱。辅材两极分化：负极隔膜维稳，电解液添加剂暴涨中端人造/天然石墨、硅氧负极、7μm湿法/16μm干法隔膜全月报价持平，行业产能过剩，厂商无调价空间。电解液及配套原料逆势上行，三元、铁锂动力电解液月度涨幅分别达6.13%、8.32%；EC、DMC溶剂同步上涨6%-7%。添加剂供需紧张带动价格飙升，VC单月涨幅44.01%，FEC上涨13.95%，成为7月产业链最强涨价赛道。电芯小幅提价，电池企业利润持续被挤压全品类电芯、PACK仅小幅上调报价，涨幅远不及电解液成本增幅。三元方形电芯涨幅1.27%-1.64%，100Ah方形磷酸铁锂电芯涨2.06%，储能314Ah铁锂电芯仅微涨0.36%，配套铁锂PACK上涨1.06%。电池厂前期低价锂库存逐步消耗，新增电解液成本无法向下传导，电芯环节盈利持续承压。后市预判：一体化龙头优势凸显，落后产能加速出清三季度终端旺季仅能带来温和需求支撑，锂资源震荡、电解液高位运行的分化格局短期难扭转。手握锂矿长协、具备电解液自供、全产业链一体化的头部企业抗风险能力更强；无上游资源、缺少配套产能的中小材料厂商成本压力持续加大，行业低效产能将加速出清。END --现已同步入驻-- 点点“分享”，给我充点儿电吧~走势分歧加重，单边上涨行情不复存在,,,,pending
4GWh以上！Dominion Energy公司在美国弗吉尼亚州招标长时储能系统,储能网,储能网,"RIOnews API, 储能, 储能系统, 可靠性, GWh, 招标, 投资, 发布",normal,2026-07-31T16:30:00+08:00,,中国储能网讯：6月23日，美国弗吉尼亚州公用事业厂商Dominion Energy Virginia（DEV）公司宣布启动一项长时储能技术的信息征询（RFI），该征询希望借此次招标获取相关技术信息，用于部署其试点项目，该项目储能容量至少为4GWh。根据弗吉尼亚州立法的定义，长时储能系统是指在额定功率下持续放电时长达到或超过10小时的储能技术。本次招标要求提交涵盖多个关键领域的全面信息，其中包括：企业背景与商业模式、储能技术规格、部署历史与运行业绩、商业就绪程度及时间表、可扩展性与容量上限、场址要求及基础设施配套、供应链考量及材料采购策略等。尽管此次招标体现了DEV公司对长时储能系统的严肃调研态,http://mp.weixin.qq.com/s?__biz=MzA3MjA3MzgwNw==&mid=2651978010&idx=1&sn=c4413f8a965dc10ebcd71def4a1f19b8,,中国储能网讯：6月23日，美国弗吉尼亚州公用事业厂商Dominion Energy Virginia（DEV）公司宣布启动一项长时储能技术的信息征询（RFI），该征询希望借此次招标获取相关技术信息，用于部署其试点项目，该项目储能容量至少为4GWh。根据弗吉尼亚州立法的定义，长时储能系统是指在额定功率下持续放电时长达到或超过10小时的储能技术。本次招标要求提交涵盖多个关键领域的全面信息，其中包括：企业背景与商业模式、储能技术规格、部署历史与运行业绩、商业就绪程度及时间表、可扩展性与容量上限、场址要求及基础设施配套、供应链考量及材料采购策略等。尽管此次招标体现了DEV公司对长时储能系统的严肃调研态,中国储能网讯：6月23日，美国弗吉尼亚州公用事业厂商Dominion Energy Virginia（DEV）公司宣布启动一项长时储能技术的信息征询（RFI），该征询希望借此次招标获取相关技术信息，用于部署其试点项目，该项目储能容量至少为4GWh。根据弗吉尼亚州立法的定义，长时储能系统是指在额定功率下持续放电时长达到或超过10小时的储能技术。本次招标要求提交涵盖多个关键领域的全面信息，其中包括：企业背景与商业模式、储能技术规格、部署历史与运行业绩、商业就绪程度及时间表、可扩展性与容量上限、场址要求及基础设施配套、供应链考量及材料采购策略等。尽管此次招标体现了DEV公司对长时储能系统的严肃调研态度，但该公司明确表示，现阶段此举并不构成对任何特定技术或企业的采购承诺、合作意向或投资决定。除了实现其技术目标之外，该项目预计还将为弗吉尼亚州各社区带来经济效益，包括创造本地就业、拉动周边地区消费支出，以及为弗吉尼亚州的地方政府带来新的税收收入。今年2月，弗吉尼亚州议会通过了一项立法，旨在促进美国两大公用事业厂商DEV公司和阿巴拉契亚电力公司进行新的储能投资。今年4月，弗吉尼亚州州长Abigail Spanberger签署该法案，使其正式生效。根据该法案，到2045年，DEV公司将部署16GW短时储能系统和3.480MW长时储能系统。弗吉尼亚州位于电网运营商PJM公司服务的区域。受该地区数据中心持续扩张的推动，该州电力需求正不断增长。5月6日，PJM公司发布《通过市场设计保障电网可靠性》白皮书，提出三条市场改革路径，每一条路径对PJM电力市场的资源采购方式、成本管理以及电池储能系统等新技术的整合模式均有不同影响。此前，DEV公司已主导过一项长时储能试点项目。2023年，该公司同意试点使部署Form Energy公司的铁空气电池付能系统和Eos Energy Enterprises公司的锌混合阴极电池储能系统。当时这些电池计划部署在DEV公司运营的336MWDarbytown天然气发电厂电内，其项目命名为Darbytown储能试点项目。2024年4月，DEV公司宣布征集五类项目方案，包括太阳能发电场、太阳能+储能项目、陆上风电项目、陆上风电+储能项目，以及独立部署电池储能项目。对本次长时储能信息征询感兴趣的企业，可在6月26日起的六周内提交响应材料。一审：潘 望二审：王谊秀由于微信改版，关注后请点击右上角，选择“设为星标”与“置顶”，以获得最新的文章更新投稿联系电话：***********（同微信）地址：北京市西城区阜成门外四川大厦东塔楼30层官网：www.escn.com.cn 投稿邮箱：ly83518@126.com,,,,pending
宁德时代全固态电池 从TRL-4到2027小批量？,SMM固态电池,SMM固态电池,"RIOnews API, 固态电池, 硫化物电解质, 半固态, 固液混合, 全固态, 合作进展, 战略合作, 招标, 定点, 投资, 合作, 量产推进, 批量交付, 产能, 下线, 批量生产",normal,2026-07-31T16:20:00+08:00,,"要点：2026年6月达沃斯论坛上，曾毓群以TRL（技术成熟度1-9级）口径判断全固态电池""当前仅到Level4""；7月29日互动易回复""2027年有望小批量生产""。两段表述间隔36天，市场解读为""自我修正""，实则评价坐标系不同：前者锚定技术路线成熟度（TRL），后者锚定制造成熟度目标（MRL7-8）。结合首席科学家吴凯此前""2027年达7-8级""的公开目标、宁德时代宜宾2GWh中试线节奏，以及SMM对产业链的跟踪，2027年小批量试产与""2030年前难百万级装车""并不冲突，全固态产业化仍处""中试验证到示范量产""过渡段，行业时间表共识维持在2026半固态（固液）装车、2027全固态小批量、203",http://mp.weixin.qq.com/s?__biz=MzA5Mjg4MDczMw==&mid=2448107374&idx=1&sn=9a3c4d6f733aa252ff0984bf2ea16f3e,,"要点：2026年6月达沃斯论坛上，曾毓群以TRL（技术成熟度1-9级）口径判断全固态电池""当前仅到Level4""；7月29日互动易回复""2027年有望小批量生产""。两段表述间隔36天，市场解读为""自我修正""，实则评价坐标系不同：前者锚定技术路线成熟度（TRL），后者锚定制造成熟度目标（MRL7-8）。结合首席科学家吴凯此前""2027年达7-8级""的公开目标、宁德时代宜宾2GWh中试线节奏，以及SMM对产业链的跟踪，2027年小批量试产与""2030年前难百万级装车""并不冲突，全固态产业化仍处""中试验证到示范量产""过渡段，行业时间表共识维持在2026半固态（固液）装车、2027全固态小批量、203","要点：2026年6月达沃斯论坛上，曾毓群以TRL（技术成熟度1-9级）口径判断全固态电池""当前仅到Level4""；7月29日互动易回复""2027年有望小批量生产""。两段表述间隔36天，市场解读为""自我修正""，实则评价坐标系不同：前者锚定技术路线成熟度（TRL），后者锚定制造成熟度目标（MRL7-8）。结合首席科学家吴凯此前""2027年达7-8级""的公开目标、宁德时代宜宾2GWh中试线节奏，以及SMM对产业链的跟踪，2027年小批量试产与""2030年前难百万级装车""并不冲突，全固态产业化仍处""中试验证到示范量产""过渡段，行业时间表共识维持在2026半固态（固液）装车、2027全固态小批量、2030后规模商用。前言：2026年固态电池产业的主线是从""样品竞赛""转向""中试与上车验证冲刺""。硫化物电解质千吨级产能落地、干法电极设备需求抬头、头部电池厂密集下线20-60Ah级电芯，但全固态的固-固界面阻抗、硫化物H₂S处理、叠片/等静压良率等工程化硬骨头仍未闭环。在此背景下，头部企业的""降温表述""与""时间表确认""并行出现，本身即是产业化进入深水区的信号。一、两段表态：坐标系不同，而非进度反转6月23日达沃斯口径（曾毓群）：按TRL1-9级，全固态当前约TRL-4，即实验室原理样件验证，未跨入系统级工程验证；并明确切分""技术路线/产品路线/商品路线""三道关，2030年前百万级装车概率很小。7月29日互动易口径（宁德时代）：全固态持续投入、行业领先，2027年有望小批量生产。中间桥接（吴凯此前表述）：以""技术与制造成熟度1-9级""计，宁德时代目标2027年达7-8级——7级对应""系统原型在典型环境验证""，8级对应""工艺定型、具备小批能力""，恰是小批量试产的入口。SMM认为：TRL-4是""现在在哪""，MRL7-8是""明年去哪""，中间差的是2026下半年宜宾中试线设备调试、电芯叠片良率爬坡与车企A样/B样验证，并非36天内技术突变。二、产业节奏交叉验证：2027小批量≠2027放量宁德时代侧：宜宾基地规划约2GWh中试/试制线，2026下半年进设备调试，2027小批量试产，与""2030前不百万级装车""自洽。同行锚点：比亚迪""2027小批量、2030大规模""；上汽+清陶2027小批量交付；三星SDISolidStack计划2027下半年量产；欧阳明高院士研判""2026底-2027测试车，规模量产再等3-5年""。半固态（固液）先行：2026年已被SMM定义为半固态（固液）装车元年，MG、上汽、中创新航等固液混合电芯能量密度400Wh/kg级批量交付，承担""过渡期现金流+全固态工艺预演""双重角色。也就是说，2027年行业会出现的""小批量""，更可能是高端车A/B样、特种场景（eVTOL/机器人）、旗舰车型限量搭载，而非大众市场渗透。三、市场波动的来源：预期管理不对称互动易仅回""2027小批量""，未同步重述""2030前难规模装车""，信息截断后易被单边解读为利好；而达沃斯""Level4""又被截断解读为利空。SMM在3月、7月两轮固态电池情绪周期中均观察到同一规律——样本企业每做一次""降温""或""确认时间表""，板块波动率放大2-3个交易日，但产业端中试招标、电解质吨级采购并无同向跳变。市场焦虑本质有三点：1、各家时间表犬牙交错，缺乏统一验收标准；2、把""小批量""等同于""商业化拐点""；3、忽略TRL-MRL-CRL（商品成熟度）三段式跳跃中，后两段（供应链成本、售后、回收）难度不低于第一段。四、为什么""冷静""本身构成壁垒硫化物全固态的工程门槛不在配方而在制造：1、固-固界面接触阻抗需纳米级复合正极+3D导电网络；2、硫化物对水氧敏感，H₂S抑制靠包覆/掺氟盐（宁德WIPO专利方向）；3、叠片后温等静压（约数千大气压）良率与节拍，决定2027小批量成本能否压到1元/Wh内（目前看难度相当大，按SMM预测，2031-2032年硫化物固态电池成本突破1元/Wh。当然以中国产业化水平，提前可能性比较大，但2027年尚不成熟）。在这些变量未闭环前，抢发""量产""口号不改变良率曲线。宁德时代把现状钉在TRL-4、把目标钉在2027MRL7-8，反而给出可追踪的里程碑：2026下半年中试线调试、2027小批A样装机、2028-2029产品路线闭环、2030后商品路线放量。这种""按成熟度分级披露""的口径，与SMM一直提示的""2026验证年、2027示范年、2030后商用年""三段论重合。小结：曾毓群""Level4""与互动易""2027小批量""不是矛盾信号，而是同一路线图在TRL与MRL两套坐标下的投影。全固态电池当前产业位置：技术端TRL-4向TRL-5/6爬坡，制造端瞄准2027MRL7-8，商品端2030前不具百万级经济性。对产业链而言，2026年真实可跟踪的不是""谁先喊量产""，而是硫化物电解质吨级价格（SMM跟踪目前LPSC公斤级0.5万元、吨级约3000元/kg）、中试线叠片良率、头部车企B样定点数。这三件事比Level数字更接近产业化真相。术语解释1. TRL（技术成熟度）Technology Readiness Level2. MRL（制造成熟度）Manufacturing Readiness Level3. CRL（商品成熟度）Commercial Readiness Level最后推荐一下SMM的精品会议，目前进展和部分参会企业及代表：【SMM固态电池专区】https://new-energy.smm.cn/new_energy/151036文章说明本文基于公开信息、公司公告及行业分析整理而成，旨在提供信息参考，不构成任何投资建议。固态电池技术仍在快速发展中，请读者以最新官方发布信息为准。SMM预测2028年全固态电池出货量2.7GWh，固液电池出货量160GWh。2030年全球锂离子电池市场需求量6TWh，全球固态电池的渗透率在1.5‰左右。2035年全球锂离子电池10TWh，固态电池的渗透率或将10%，达1T。固态电池的7月 政策定标+百吨级产线集中投产+固液电池规模化放量开启温等静压材料错位：硫化物固态电池量产的“阿喀琉斯之踵”（Achilles' Heel）【SMM固态电池季报】2026Q2市场蓄力 Q3落地可期-部分【重磅】SMM访欧阳明高院士工作站孵化企业了解赛科动力固态电池进展【固态电池辟谣】比亚迪固态电池正式落地消息大概率为假消息蜂巢固液电池三季度量产 住友2028年量产卤化物固态电解质韩国ECOPRO BM固态电池布局 从正极向全固态核心材料综合供应商迈进电池消费税对固态电池行业发展利弊分析中科源本样品发布 其固态电池布局为硫化物路线2026H1固态电池法规政策与标准全球格局分析GWh突破、国标实施、谣言澄清 7月上旬固态电池十大动态及市场分析国晟环球10GWh设备已入场 国晟能源固态电池布局如何金羽新能与鼎犀智创达成战略合作，共推“AI+固态电池”产业化7月29日互动易回复\x26quot;2027年有望小批量生产\x26quot;。两段表述间隔36天，市场解读为\x26quot;自我修正\x26quot;，实则评价坐标系不同",,,,pending
年产2000万支！耀石锂电固态电池项目签约落户福建,固态电池前沿,固态电池前沿,"RIOnews API, 固态电池, 全固态, 合作进展, 融资, 战略合作, 项目签约, 投资, 合作",normal,2026-07-31T16:11:54+08:00,,7月30日，耀石锂电年产2000万支高能量密度固态电池项目签约仪式在潭（福建省南平市建阳区）举行。签约仪式上，耀石锂电与南平市新型电池产业园签订投资合作协议，标志着项目正式进入实质性落地阶段。作为耀石锂电首个规模化量产基地，该项目落地武夷新区新型电池产业园，计划总投资约10亿元，首期达产后预计年产值约20亿元，有助于丰富南平在消费类固态电池领域的产品门类，促进高硅负极、电解质、智能装备等相关配套环节在本地形成集聚，为武夷新区新型电池产业发展提供有力支撑。耀石锂电年产2000万支高能量密度固态电池项目效果图据悉，耀石锂电与中科院物理所、天目湖先进储能技术研究院等上下游多家企业建立了产学研协同发展,http://mp.weixin.qq.com/s?__biz=MzkwMDI5MTkyNQ==&mid=2247503385&idx=1&sn=8277ceee4b7b8b70f81d4efa8bb0f88d,,7月30日，耀石锂电年产2000万支高能量密度固态电池项目签约仪式在潭（福建省南平市建阳区）举行。签约仪式上，耀石锂电与南平市新型电池产业园签订投资合作协议，标志着项目正式进入实质性落地阶段。作为耀石锂电首个规模化量产基地，该项目落地武夷新区新型电池产业园，计划总投资约10亿元，首期达产后预计年产值约20亿元，有助于丰富南平在消费类固态电池领域的产品门类，促进高硅负极、电解质、智能装备等相关配套环节在本地形成集聚，为武夷新区新型电池产业发展提供有力支撑。耀石锂电年产2000万支高能量密度固态电池项目效果图据悉，耀石锂电与中科院物理所、天目湖先进储能技术研究院等上下游多家企业建立了产学研协同发展,7月30日，耀石锂电年产2000万支高能量密度固态电池项目签约仪式在潭（福建省南平市建阳区）举行。签约仪式上，耀石锂电与南平市新型电池产业园签订投资合作协议，标志着项目正式进入实质性落地阶段。作为耀石锂电首个规模化量产基地，该项目落地武夷新区新型电池产业园，计划总投资约10亿元，首期达产后预计年产值约20亿元，有助于丰富南平在消费类固态电池领域的产品门类，促进高硅负极、电解质、智能装备等相关配套环节在本地形成集聚，为武夷新区新型电池产业发展提供有力支撑。耀石锂电年产2000万支高能量密度固态电池项目效果图据悉，耀石锂电与中科院物理所、天目湖先进储能技术研究院等上下游多家企业建立了产学研协同发展的战略合作关系，掌握了固态电解质包覆正极、高含量纳米硅碳负极、原位固化、预锂化、先进粘接剂、高性能导电添加剂、固态极片工艺等核心工艺，产品广泛应用于手机、无人机、机器人、穿戴设备等多场景。会前，与会人员深入南平市城市规划馆和武夷新区新型电池产业园，实地了解南平城市规划建设情况与新型电池产业发展布局。关于耀石锂电耀石锂电成立于2023年2月，专注于固态消费类电池研发及生产。公司由鲲鹏资本、北京卫蓝新能源科技有限公司及天目湖先进储能技术研究院有限公司联合创办，面向主流消费电子产品，提供高安全、高体积能量密度、快充、兼顾高低温、合适成本的新型锂离子电池。2024年6月，耀石锂电正式投产高密度固态锂离子电池中试线。2025年5月，耀石锂电第一代超高能量密度手机电芯成功导入世界500强企业并批量交付。2026年2月，耀石锂电科宣布完成2亿元A轮融资。重点用于2.0超高能量密度固态电池（ED＞1000Wh/L）研发及头部客户市场拓展，加速固态电池技术在消费电子AI智能终端、无人机和人形机器人等领域的商业化落地。耀石锂电自创立即深耕消费电子固态电池赛道，构建起全方位核心壁垒：采用氧化物+聚合物复合固态电解质路线，负极掺硅量超25%且可提升至30%以上；自主研发下一代O2相钴酸锂可提升能量密度约7%，搭配低膨胀高动力学硅负极及热复合叠片、电极微通道处理等工艺，实现能量密度与快充同步提升；同时布局准固态、全固态无负极技术，准固态能量密度可突破1000Wh/L，全固态无负极较传统金属锂电池能量密度提升20%、安全性提升100%、制造成本降低80%，为持续迭代筑牢基础。 延伸阅读获2亿押注！深圳耀石锂电领跑消费AI终端固态电池赛道950Wh/L！耀石锂电新一代电池能量密度实现跨越式突破来源：闽北日报尊敬的读者，亚化咨询推出了《中国固态电池与液流电池月报》，每月以PDF电子文档格式出版。《中国固态电池与液流电池月报》分为免费版与付费版两个版本，定于每月10日发送至订阅客户邮箱。免费版正文包含4个板块：行业会议政策动向企业动态与工程项目技术进展与创新与免费版相比，付费版的区别在于新增中国固态电池与液流电池项目数据库（月度更新），包括以下四个项目表：中国全钒液流电池项目数据库中国钒电池电解液项目数据库中国液流电池储能项目数据库中国固态电池项目数据库赞助方案Asiachem项目项目内容主题演讲25分钟主题演讲参会名额微信推送微信公众号，企业介绍以及相关软文会刊广告研讨会会刊，彩色全页广告（尺寸A4）资料入袋赞助企业的宣传册放入会议包袋现场展台现场展示台，展示样品、资料，含两个参会名额现场易拉宝现场1个易拉宝展示礼品赞助印有赞助商logo的礼品赠送参会听众茶歇赞助冠名和赞助会议期间的茶歇晚宴赞助冠名和赞助会议的招待晚宴Logo展示背景墙 logo，会刊封面logo如果您有意向参与演讲、赞助、参会或购买报告更多详情欢迎您与我们联系 MEETINGS 往期会议回顾左右滑动查看更多第二届硫化锂与硫化物固态电池论坛2026圆满召开！第四届钒原料、电解液与钒电池储能论坛2026圆满召开！中国国际钒液流电池论坛2025圆满召开！第三届钒原料、电解液与钒电池储能论坛2025圆满召开！硫化锂与硫化物固态电池论坛2025圆满召开中国国际钒液流储能大会2024圆满召开！2024钒原料、电解液与钒电池储能论坛第二届液流储能电池技术与产业发展论坛2024圆满召开！质子膜、双极板、电极材料与电堆技术论坛钒原料、电解液与钒电池产业发展论坛20232023液流储能电池技术与产业发展论坛圆满召开！推荐订阅,,,,pending
欢迎订阅2026年《中国固态电池与液流电池月报》,固态电池前沿,固态电池前沿,"RIOnews API, 固态电池",normal,2026-07-31T16:11:54+08:00,,尊敬的读者，亚化咨询推出了《中国固态电池与液流电池月报》，每月以PDF电子文档格式出版。《中国固态电池与液流电池月报》分为免费版与付费版两个版本，定于每月10日发送至订阅客户邮箱。免费版正文包含4个板块：行业会议政策动向企业动态与工程项目技术进展与创新与免费版相比，付费版的区别在于新增中国固态电池与液流电池项目数据库（月度更新），包括以下四个项目表：中国全钒液流电池项目数据库中国钒电池电解液项目数据库中国液流电池储能项目数据库中国固态电池项目数据库如果您有意向参与演讲、赞助、参会或购买报告更多详情欢迎您与我们联系 MEETINGS 往期会议回顾左右滑动查看更多第二届硫化锂与硫化物固态电池论坛2,http://mp.weixin.qq.com/s?__biz=MzkwMDI5MTkyNQ==&mid=2247503385&idx=3&sn=ab7d532596ea4fb82e50f34055a7bdcc,,尊敬的读者，亚化咨询推出了《中国固态电池与液流电池月报》，每月以PDF电子文档格式出版。《中国固态电池与液流电池月报》分为免费版与付费版两个版本，定于每月10日发送至订阅客户邮箱。免费版正文包含4个板块：行业会议政策动向企业动态与工程项目技术进展与创新与免费版相比，付费版的区别在于新增中国固态电池与液流电池项目数据库（月度更新），包括以下四个项目表：中国全钒液流电池项目数据库中国钒电池电解液项目数据库中国液流电池储能项目数据库中国固态电池项目数据库如果您有意向参与演讲、赞助、参会或购买报告更多详情欢迎您与我们联系 MEETINGS 往期会议回顾左右滑动查看更多第二届硫化锂与硫化物固态电池论坛2,尊敬的读者，亚化咨询推出了《中国固态电池与液流电池月报》，每月以PDF电子文档格式出版。《中国固态电池与液流电池月报》分为免费版与付费版两个版本，定于每月10日发送至订阅客户邮箱。免费版正文包含4个板块：行业会议政策动向企业动态与工程项目技术进展与创新与免费版相比，付费版的区别在于新增中国固态电池与液流电池项目数据库（月度更新），包括以下四个项目表：中国全钒液流电池项目数据库中国钒电池电解液项目数据库中国液流电池储能项目数据库中国固态电池项目数据库如果您有意向参与演讲、赞助、参会或购买报告更多详情欢迎您与我们联系 MEETINGS 往期会议回顾左右滑动查看更多第二届硫化锂与硫化物固态电池论坛2026圆满召开！第四届钒原料、电解液与钒电池储能论坛2026圆满召开！中国国际钒液流电池论坛2025圆满召开！第三届钒原料、电解液与钒电池储能论坛2025圆满召开！硫化锂与硫化物固态电池论坛2025圆满召开中国国际钒液流储能大会2024圆满召开！2024钒原料、电解液与钒电池储能论坛第二届液流储能电池技术与产业发展论坛2024圆满召开！质子膜、双极板、电极材料与电堆技术论坛钒原料、电解液与钒电池产业发展论坛20232023液流储能电池技术与产业发展论坛圆满召开！推荐订阅欢迎订阅2025年《中国固态电池与液流电池月报》,,,,pending
天华新能：正在评估建设年产200吨左右的硫化锂产品产线,固态电池前沿,固态电池前沿,"RIOnews API, 固态电池",normal,2026-07-31T16:11:54+08:00,,7月27日，天华新能在投资者关系平台上答复投资者关心的问题。投资者：董秘您好，近期公司股价受二级市场影响波动较大，特向您咨询以下问题：1.公司硫化锂等材料在固态电池领域的客户反馈如何？当前产业化进度如何？2026年底固态材料能否形成营收增量？2.贵公司能否持续降低原材料成本，以对冲锂价的波动？有无计划提升自有矿产自供率？天华新能董秘：尊敬的投资者，您好！公司硫化锂项目已完成了公斤级试验线及固态电解质测试评估线建设，通过送样评测和内部评测，样品均符合下游使用要求，后续将进行相应的工艺优化工作。目前，公司正在评估建设年产200吨左右的硫化锂产品产线。尼日利亚是公司近两年最核心的资源成长极，公司通过,http://mp.weixin.qq.com/s?__biz=MzkwMDI5MTkyNQ==&mid=2247503385&idx=2&sn=990819d4f58aa28cb2600459fd08c427,,7月27日，天华新能在投资者关系平台上答复投资者关心的问题。投资者：董秘您好，近期公司股价受二级市场影响波动较大，特向您咨询以下问题：1.公司硫化锂等材料在固态电池领域的客户反馈如何？当前产业化进度如何？2026年底固态材料能否形成营收增量？2.贵公司能否持续降低原材料成本，以对冲锂价的波动？有无计划提升自有矿产自供率？天华新能董秘：尊敬的投资者，您好！公司硫化锂项目已完成了公斤级试验线及固态电解质测试评估线建设，通过送样评测和内部评测，样品均符合下游使用要求，后续将进行相应的工艺优化工作。目前，公司正在评估建设年产200吨左右的硫化锂产品产线。尼日利亚是公司近两年最核心的资源成长极，公司通过,7月27日，天华新能在投资者关系平台上答复投资者关心的问题。投资者：董秘您好，近期公司股价受二级市场影响波动较大，特向您咨询以下问题：1.公司硫化锂等材料在固态电池领域的客户反馈如何？当前产业化进度如何？2026年底固态材料能否形成营收增量？2.贵公司能否持续降低原材料成本，以对冲锂价的波动？有无计划提升自有矿产自供率？天华新能董秘：尊敬的投资者，您好！公司硫化锂项目已完成了公斤级试验线及固态电解质测试评估线建设，通过送样评测和内部评测，样品均符合下游使用要求，后续将进行相应的工艺优化工作。目前，公司正在评估建设年产200吨左右的硫化锂产品产线。尼日利亚是公司近两年最核心的资源成长极，公司通过组建专业团队，在当地投建了全套采选与初级精炼厂，随着国内外锂资源项目的持续推进，自供率有望在2026年进一步显著提升。感谢您的关注！来源：深圳证券交易所互动易尊敬的读者，亚化咨询推出了《中国固态电池与液流电池月报》，每月以PDF电子文档格式出版。《中国固态电池与液流电池月报》分为免费版与付费版两个版本，定于每月10日发送至订阅客户邮箱。免费版正文包含4个板块：行业会议政策动向企业动态与工程项目技术进展与创新与免费版相比，付费版的区别在于新增中国固态电池与液流电池项目数据库（月度更新），包括以下四个项目表：中国全钒液流电池项目数据库中国钒电池电解液项目数据库中国液流电池储能项目数据库中国固态电池项目数据库赞助方案Asiachem项目项目内容主题演讲25分钟主题演讲参会名额微信推送微信公众号，企业介绍以及相关软文会刊广告研讨会会刊，彩色全页广告（尺寸A4）资料入袋赞助企业的宣传册放入会议包袋现场展台现场展示台，展示样品、资料，含两个参会名额现场易拉宝现场1个易拉宝展示礼品赞助印有赞助商logo的礼品赠送参会听众茶歇赞助冠名和赞助会议期间的茶歇晚宴赞助冠名和赞助会议的招待晚宴Logo展示背景墙 logo，会刊封面logo如果您有意向参与演讲、赞助、参会或购买报告更多详情欢迎您与我们联系 MEETINGS 往期会议回顾左右滑动查看更多第二届硫化锂与硫化物固态电池论坛2026圆满召开！第四届钒原料、电解液与钒电池储能论坛2026圆满召开！中国国际钒液流电池论坛2025圆满召开！第三届钒原料、电解液与钒电池储能论坛2025圆满召开！硫化锂与硫化物固态电池论坛2025圆满召开中国国际钒液流储能大会2024圆满召开！2024钒原料、电解液与钒电池储能论坛第二届液流储能电池技术与产业发展论坛2024圆满召开！质子膜、双极板、电极材料与电堆技术论坛钒原料、电解液与钒电池产业发展论坛20232023液流储能电池技术与产业发展论坛圆满召开！推荐订阅,,,,pending
钠电企业完成C+轮股权融资,钠电材料,钠电材料,"RIOnews API, 钠离子电池, 钠电, 合作进展, 融资, 投资, 学术研究, 大学, 科学院, 研究所, 宁德时代, 宁德新能源, 时代新能源, 国轩高科, 国轩, 远景动力, 欣旺达, 欣旺达动力, 孚能科技, 鹏辉能源, 储能, 产能, 订单, 实验室, 落地",normal,2026-07-31T15:43:00+08:00,,成都佰思格科技有限公司再资本加持。佰思格完成C+轮股权融资，投资方为惠众信投资，同步完成注册资本调整。与此同步，佰思格位于四川巴中的硬碳负极扩建项目（约1.5万吨）环评及公示信息近期更新，产能扩张节奏全面提速。这已是佰思格2026年第二笔股权融资——6月23日其刚完成C轮融资，投资方为巴中川陕革命老区振兴发展基金。两轮融资落地，叠加万吨级扩建环评推进与超7万吨的5年期在手订单，佰思格在钠电硬碳负极赛道的先发优势正加速转化为规模化壁垒。温馨提醒：会务组新增100张优惠票，优惠票600元每人（含餐），报满为止！缴费成功视为报名成功；参展和报名电话.陈老师：***********2026中国固态电池,http://mp.weixin.qq.com/s?__biz=Mzg2Mjg2NDExNQ==&mid=2247506458&idx=1&sn=315707f407a9a379dc57f2e5adc18bd1,,成都佰思格科技有限公司再资本加持。佰思格完成C+轮股权融资，投资方为惠众信投资，同步完成注册资本调整。与此同步，佰思格位于四川巴中的硬碳负极扩建项目（约1.5万吨）环评及公示信息近期更新，产能扩张节奏全面提速。这已是佰思格2026年第二笔股权融资——6月23日其刚完成C轮融资，投资方为巴中川陕革命老区振兴发展基金。两轮融资落地，叠加万吨级扩建环评推进与超7万吨的5年期在手订单，佰思格在钠电硬碳负极赛道的先发优势正加速转化为规模化壁垒。温馨提醒：会务组新增100张优惠票，优惠票600元每人（含餐），报满为止！缴费成功视为报名成功；参展和报名电话.陈老师：***********2026中国固态电池,成都佰思格科技有限公司再资本加持。佰思格完成C+轮股权融资，投资方为惠众信投资，同步完成注册资本调整。与此同步，佰思格位于四川巴中的硬碳负极扩建项目（约1.5万吨）环评及公示信息近期更新，产能扩张节奏全面提速。这已是佰思格2026年第二笔股权融资——6月23日其刚完成C轮融资，投资方为巴中川陕革命老区振兴发展基金。两轮融资落地，叠加万吨级扩建环评推进与超7万吨的5年期在手订单，佰思格在钠电硬碳负极赛道的先发优势正加速转化为规模化壁垒。温馨提醒：会务组新增100张优惠票，优惠票600元每人（含餐），报满为止！缴费成功视为报名成功；参展和报名电话.陈老师：***********2026中国固态电池技术大会暨中国硅碳负极高峰论坛签到地点：江苏·常州富都洲际酒店（常州武进区西湖路2号）签到时间：8月5日 13:00—20:00会议酒店订房方式常州富都洲际酒店 协议价豪华单/双间：380元一晚（含早），豪华湖景单双间：460元一晚（含早）扫码订房交通路线：常州富都洲际酒店常州奔牛国际机场至会议酒店车程约41公里。武进站至会议酒店车程约2公里。常州站至会议酒店车程约14公里。常州北站至会议酒店车程约30公里。会议概况【会议时间】2026年8月5-7日（5日签到）【主办单位】锂电前沿【承办单位】 深圳友研科技有限公司[部分报告议题】（报告或会有少许变动，请以现场为准）会议概况协办单位：东莞市琅菱机械有限公司广东茹天机械设备科技有限公司理化联科（北京）仪器科技有限公司大昌华嘉科学仪器部参会证广告赞助单位：广东茜恩智能装备有限公司椅背广告赞助单位：光年固科（苏州）科技有限公司手提袋广告赞助单位：青岛优明科粉体机械有限公司赞助单位：益瑞石(上海)投资管理有限公司德国新帕泰克有限公司苏州代表处深圳市和胜自动化设备有限公司高能数造（广州）技术有限公司支持单位：布劳恩惰性气体系统（上海）有限公司布鲁克（北京）科技有限公司深圳市新威尔电子有限公司深圳市瑞赛驰科技有限公司步琦实验室设备贸易（上海）有限公司北京艾谱瑞斯科技有限公司普沃思环保科技无锡有限公司东莞市志远高热机械科技有限公司展位展示：东莞百瑞自动化有限公司江苏亮果金属制品有限公司上海菩正电子科技有限公司长沙西丽纳米研磨科技有限公司柔电（武汉）科技有限公司米谱科技（常州）有限公司珠海椿田科技股份有限公司湖北蓝博新能源设备股份有限公司武汉格瑞斯新能源有限公司安徽泽攸科技有限公司上海优耐特斯压缩机有限公司潍坊追日磁电科技有限公司潍坊精华粉体科技股份有限公司常州百和菱智能装备有限责任公司华声强化（上海）科技有限公司广东汇京智能装备有限公司江苏智子未来技术有限公司南京苏展智能科技有限公司无锡市张华医药设备有限公司杭州聚科空分设备制造有限公司深圳冠亚水分仪科技有限公司郑州博欣高温材料有限公司杭州研趣信息技术有限公司环球君业(北京)科技有限公司惠州速力得科技有限公司上海宙盾先元科技有限公司伊特克斯惰性气体系统（北京）有限公司宁波创锂新材料科技有限公司淄博友研科技有限公司深圳华算科技有限公司深圳市北杰新材料有限公司参会单位（首批报名）：宁德时代新能源科技股份有限公司国轩高科股份有限公司惠州赣锋锂电科技有限公司国家动力电池创新中心爱尔集新能源电池(南京)有限公司溧阳天目先导电池材料科技有限公司胜华新材料科技（眉山）有限公司清陶云能(江苏)能源科技有限公司安徽中锂新能源科技有限公司宁德新能源科技有限公司欣旺达动力科技股份有限公司孚能科技（赣州）股份有限公司天齐锂业新能源技术研究（眉山） 有限公司四川盛威锂业有限公司陕西顷刻能源科技有限公司上海屹锂新能源科技有限公司广州鹏辉能源科技股份有限公司微宏动力系统（湖州）有限公司浙江吉曜通行能源科技有限公司深圳索理德新材料科技有限公司国科炭美新材料（湖州）有限公司嘉兴市凯力电池有限公司可乐丽贸易（上海）有限公司惠州市德赛电池有限公司广州汽车集团股份有限公司清陶云能(江苏)能源科技有限公司万向一二三Sila吉利汽车研究院多氟多新材料股份有限公司浙江金羽新能源科技有限公司中科深蓝汇泽新能源(常州)有限责任公司上海杉杉科技有限公司巴斯夫（中国）有限公司烟台京东方材料科技有限公司北京大学 清华大学上海交通大学复旦大学中国科学院苏州纳米技术与纳米仿生研究所广东东阳光科技控股股份有限公司益瑞石石墨和碳公司重庆太蓝新能源有限公司中国科学院物理研究所武汉天石科丰新能源科技有限公司宁波博雅聚力新材料科技有限公司摩田材料科技（兰溪）有限公司泛亚汽车技术中心有限公司国钠能源科技（河北）有限公司澳门大学中南大学哈尔滨工业大学浙江大学哈尔滨工业大学（深圳）华中科技大学中国科学技术大学科腾聚合物贸易(上海)有限公司南京汉特贸易有限公司东莞市琅菱机械有限公司开滦汇金私募基金管理有限公司广东茹天机械设备科技有限公司江苏微导纳米科技股份有限公司理化联科（北京）仪器科技有限公司上海朗亿功能材料有限公司安徽大学大昌华嘉科学仪器部武汉理工大学长安大学广东茜恩智能装备有限公司海目星激光科技集团股份有限公司青岛优明科粉体机械有限公司常州一硫电池科技有限公司中国航天空气动力技术研究院陕西科技大学德国新帕泰克有限公司苏州代表处中国星网网络创新研究院有限公司安徽清致科技发展有限公司深圳市和胜自动化设备有限公司上海道程工业设备有限公司布劳恩惰性气体系统（上海）有限公司福建理工大学重庆文理学院上海檀之茗科技中心（有限合伙）深圳市新威尔电子有限公司深圳仲氪信息科技有限公司步琦实验室设备贸易（上海）有限公司上海子微智能科技有限公司宜宾发展创投有限公司有研(广东)新材料技术研究院北京艾谱瑞斯科技有限公司深圳市瑞赛驰科技有限公司深圳市绿联科技股份有限公司光年固科（苏州）科技有限公司江苏利卡维智能科技有限公司广汽集团汽车工程研究院中国科学院青岛生物能源与过程研究所中国科学院山西煤炭化学研究所东莞市志远高热机械科技有限公司江苏利卡维智能科技有限公司河南理工大学邢台学院宁波博雅聚力新材料科技有限公司东莞百瑞自动化有限公司江苏亮果金属制品有限公司上海电子工程设计研究院有限公司江苏理工学院湖南省正源储能材料与器件研究所中国地质大学（武汉）中北大学上海菩正电子科技有限公司上海协尔化学科技有限公司长沙西丽纳米研磨科技有限公司江苏隆深氢能科技有限公司柔电（武汉）科技有限公司苏州大学湖北航天化学技术研究所南京菲尼克斯电气有限公司安徽扬子职业技术学院广东孚吉新材料有限公司米谱科技（常州）有限公司苏州纽姆特纳米科技有限公司珠海椿田科技股份有限公司湖北蓝博新能源设备股份有限公司武汉格瑞斯新能源有限公司苏州田边能源科技有限公司东北大学中国科学院上海高等研究院武汉工程大学展讯通信（上海）有限公司安徽泽攸科技有限公司太原科技大学北京航空航天大学潍坊追日磁电科技有限公司意尔孚化学（上海）有限公司昆明理工大学潍坊精华粉体科技股份有限公司武汉市哈斯特斯科技有限责任公司大森FMEA応用技研株式会社常州百和菱智能装备有限责任公司江苏科创石化有限公司华声强化（上海）科技有限公司广州埃登达化工有限公司苏州秋逸新材料有限公司欧励隆（中国）投资有限公司广东汇京智能装备有限公司江苏智子未来技术有限公司爱发科（苏州）技术研究开发有限公司南京苏展智能科技有限公司河北工业大学上海微化商贸有限公司杭州聚科空分设备制造有限公司深圳冠亚水分仪科技有限公司中国石化催化剂有限公司工程技术研究院郑州博欣高温材料有限公司中国石化催化剂有限公司摩田材料科技（兰溪）有限公司杭州研趣信息技术有限公司北京文博启胜投资有限公司北京超凡宏宇知识产权代理有限公司中石化催化剂大连有限公司环球君业(北京)科技有限公司深圳市一众智能装备有限公司芜湖映日科技股份有限公司惠州速力得科技有限公司常州市昇海智能科技有限公司深圳分公司肖特（上海）精密材料和设备国际贸易有限公司常州西奥电气科技有限公司上海宙盾先元科技有限公司快顺通环保科技（深圳）有限公司东莞市富电优品电源有限公司伊特克斯惰性气体系统（北京）有限公司河南琅恒企业管理咨询有限公司北方工业大学昆山佰信实计量技术有限公司国际贸易有限公司北京化工大学宁波创锂新材料科技有限公司中石化（大连）石油化工研究院有限公司永杰新材料股份有限公司上海化工院检测有限公司苏州职业技术大学淄博友研科技有限公司上海和盛光度新能源科技有限公司江苏金聚合金材料有限公司江苏擎川智能装备有限公司上海梅特鲁国际贸易有限公司深圳华算科技有限公司宁波震裕汽车部件有限公司西安机电信息技术研究所深圳市北杰新材料有限公司国仪量子技术（合肥）股份有限公司湘潭电化科技股份有限公司江西环境工程职业学院南德新能源汽车检测（江苏）有限公司陕西蓝基新材料科技有限公司中国塑料加工工业协会惠州普赛达新材料有限公司晶序新材料科技（温州）有限公司东莞市电的电子有限公司青岛大学宏润绿能（宣城）能源科技有限公司合肥工业大学洛阳储变电系统有限公司科腾聚合物贸易(上海)有限公司小渡科技（广东）有限公司北京分公司深圳市晨浅拓普科技有限公司苏州赛峰科学仪器有限公司合肥纳安新材料科技有限公司宝晟(苏州)能源科技有限公司广州白云科技股份有限公司常州长晟创新科技有限公司南昌大学胜华新能源科技（东营）有限公司兰州交通大学营口航盛科技实业有限责任公司沈阳分公司三明市海斯福化工有限责任公司达士维尔粉体科技（上海）有限公司上海润势科技有限公司中国科学院广州地球化学研究所中国科学院新疆理化技术研究所中汽新能无锡技术中心有限公司广州融捷电源材料有限公司日联科技集团股份有限公司华中科技大学江苏澄星新材料科技有限公司江苏天合储能有限公司重庆标瑞新能源有限公司珠海科技学院开封市测控技术有限公司广州博粤新材料技术有限公司北京林业大学安耐新能科技（盐城）有限公司南京工业大学玖度电（昆山）新能源科技有限公司邢台学院神州高铁技术股份有限公司港华能源创科（深圳）有限公司天核（苏州）能源有限公司新疆西海锂业集团有限公司济南大学湖北航天化学技术研究所宜宾发展创投有限公司湘潭市雨高开发投资集团有限公司福建师范大学长兴（中国）投资有限公司中建西部建设建材科学研究院无锡奥特维智能装备有限公司常州市创能纳米材料科技有限公司成都高投创业投资有限公司中科瑞龙智能制造(江苏)有限公司广州博粤新材料技术有限公司南孚电池有限公司东贵精密机械（无锡）有限公司远景动力技术（江苏）有限公司天津国安盟固利新材料科技股份有限公司安徽工业大学无锡阜成智能装备有限公司会议注册费会议注册费：参会人员7月31日（含）前8月1日后以及现场正式代表600元2500元在校学生代表600元1500元（学生代表注册时需凭学生证，包含本科生、硕士、博士）注册费包含：会议费、资料费用等费用、不包含路费和住宿费，住宿要自订。账户信息：户名：深圳友研科技有限公司账号：757575353398开户行：中国银行股份有限公司深圳西丽支行付款时请注明“常州会议+单位名称”开票注意事项：增值税普通发票请提供单位名称及税号。如果需要增值税专用发票，请提供单位名称、税号、地址、电话、开户行、账号组委会联系方式参会、参展、宣传及赞助事宜联 系 人：陈老师 （赞助和报名事宜咨询）联系电话：***********（微信同号）邮 箱 ：sdlscck@163.com 报名方式一：长按报名,,,,pending
常州见！26年中国固态电池和硅碳负极大会,钠电材料,钠电材料,"RIOnews API, 宁德时代, 宁德新能源, 时代新能源, 国轩高科, 国轩, 远景动力, 欣旺达, 欣旺达动力, 孚能科技, 鹏辉能源, 储能, 投资, 实验室",normal,2026-07-31T15:43:00+08:00,,温馨提醒：会务组新增100张优惠票，优惠票600元每人（含餐），报满为止！缴费成功视为报名成功；参展和报名电话.陈老师：***********2026中国固态电池技术大会暨中国硅碳负极高峰论坛签到地点：江苏·常州富都洲际酒店（常州武进区西湖路2号）签到时间：8月5日 13:00—20:00会议酒店订房方式常州富都洲际酒店 协议价豪华单/双间：380元一晚（含早），豪华湖景单双间：460元一晚（含早）扫码订房交通路线：常州富都洲际酒店常州奔牛国际机场至会议酒店车程约41公里。武进站至会议酒店车程约2公里。常州站至会议酒店车程约14公里。常州北站至会议酒店车程约30公里。会议概况【会议时间】202,http://mp.weixin.qq.com/s?__biz=Mzg2Mjg2NDExNQ==&mid=2247506458&idx=2&sn=970579dee293284b5027cfc4ef5c7744,,温馨提醒：会务组新增100张优惠票，优惠票600元每人（含餐），报满为止！缴费成功视为报名成功；参展和报名电话.陈老师：***********2026中国固态电池技术大会暨中国硅碳负极高峰论坛签到地点：江苏·常州富都洲际酒店（常州武进区西湖路2号）签到时间：8月5日 13:00—20:00会议酒店订房方式常州富都洲际酒店 协议价豪华单/双间：380元一晚（含早），豪华湖景单双间：460元一晚（含早）扫码订房交通路线：常州富都洲际酒店常州奔牛国际机场至会议酒店车程约41公里。武进站至会议酒店车程约2公里。常州站至会议酒店车程约14公里。常州北站至会议酒店车程约30公里。会议概况【会议时间】202,温馨提醒：会务组新增100张优惠票，优惠票600元每人（含餐），报满为止！缴费成功视为报名成功；参展和报名电话.陈老师：***********2026中国固态电池技术大会暨中国硅碳负极高峰论坛签到地点：江苏·常州富都洲际酒店（常州武进区西湖路2号）签到时间：8月5日 13:00—20:00会议酒店订房方式常州富都洲际酒店 协议价豪华单/双间：380元一晚（含早），豪华湖景单双间：460元一晚（含早）扫码订房交通路线：常州富都洲际酒店常州奔牛国际机场至会议酒店车程约41公里。武进站至会议酒店车程约2公里。常州站至会议酒店车程约14公里。常州北站至会议酒店车程约30公里。会议概况【会议时间】2026年8月5-7日（5日签到）【主办单位】锂电前沿【承办单位】 深圳友研科技有限公司[部分报告议题】（报告或会有少许变动，请以现场为准）会议概况协办单位：东莞市琅菱机械有限公司广东茹天机械设备科技有限公司理化联科（北京）仪器科技有限公司大昌华嘉科学仪器部参会证广告赞助单位：广东茜恩智能装备有限公司椅背广告赞助单位：光年固科（苏州）科技有限公司手提袋广告赞助单位：青岛优明科粉体机械有限公司赞助单位：益瑞石(上海)投资管理有限公司德国新帕泰克有限公司苏州代表处深圳市和胜自动化设备有限公司高能数造（广州）技术有限公司支持单位：布劳恩惰性气体系统（上海）有限公司布鲁克（北京）科技有限公司深圳市新威尔电子有限公司深圳市瑞赛驰科技有限公司步琦实验室设备贸易（上海）有限公司北京艾谱瑞斯科技有限公司普沃思环保科技无锡有限公司东莞市志远高热机械科技有限公司展位展示：东莞百瑞自动化有限公司江苏亮果金属制品有限公司上海菩正电子科技有限公司长沙西丽纳米研磨科技有限公司柔电（武汉）科技有限公司米谱科技（常州）有限公司珠海椿田科技股份有限公司湖北蓝博新能源设备股份有限公司武汉格瑞斯新能源有限公司安徽泽攸科技有限公司上海优耐特斯压缩机有限公司潍坊追日磁电科技有限公司潍坊精华粉体科技股份有限公司常州百和菱智能装备有限责任公司华声强化（上海）科技有限公司广东汇京智能装备有限公司江苏智子未来技术有限公司南京苏展智能科技有限公司无锡市张华医药设备有限公司杭州聚科空分设备制造有限公司深圳冠亚水分仪科技有限公司郑州博欣高温材料有限公司杭州研趣信息技术有限公司环球君业(北京)科技有限公司惠州速力得科技有限公司上海宙盾先元科技有限公司伊特克斯惰性气体系统（北京）有限公司宁波创锂新材料科技有限公司淄博友研科技有限公司深圳华算科技有限公司深圳市北杰新材料有限公司参会单位（首批报名）：宁德时代新能源科技股份有限公司国轩高科股份有限公司惠州赣锋锂电科技有限公司国家动力电池创新中心爱尔集新能源电池(南京)有限公司溧阳天目先导电池材料科技有限公司胜华新材料科技（眉山）有限公司清陶云能(江苏)能源科技有限公司安徽中锂新能源科技有限公司宁德新能源科技有限公司欣旺达动力科技股份有限公司孚能科技（赣州）股份有限公司天齐锂业新能源技术研究（眉山） 有限公司四川盛威锂业有限公司陕西顷刻能源科技有限公司上海屹锂新能源科技有限公司广州鹏辉能源科技股份有限公司微宏动力系统（湖州）有限公司浙江吉曜通行能源科技有限公司深圳索理德新材料科技有限公司国科炭美新材料（湖州）有限公司嘉兴市凯力电池有限公司可乐丽贸易（上海）有限公司惠州市德赛电池有限公司广州汽车集团股份有限公司清陶云能(江苏)能源科技有限公司万向一二三Sila吉利汽车研究院多氟多新材料股份有限公司浙江金羽新能源科技有限公司中科深蓝汇泽新能源(常州)有限责任公司上海杉杉科技有限公司巴斯夫（中国）有限公司烟台京东方材料科技有限公司北京大学 清华大学上海交通大学复旦大学中国科学院苏州纳米技术与纳米仿生研究所广东东阳光科技控股股份有限公司益瑞石石墨和碳公司重庆太蓝新能源有限公司中国科学院物理研究所武汉天石科丰新能源科技有限公司宁波博雅聚力新材料科技有限公司摩田材料科技（兰溪）有限公司泛亚汽车技术中心有限公司国钠能源科技（河北）有限公司澳门大学中南大学哈尔滨工业大学浙江大学哈尔滨工业大学（深圳）华中科技大学中国科学技术大学科腾聚合物贸易(上海)有限公司南京汉特贸易有限公司东莞市琅菱机械有限公司开滦汇金私募基金管理有限公司广东茹天机械设备科技有限公司江苏微导纳米科技股份有限公司理化联科（北京）仪器科技有限公司上海朗亿功能材料有限公司安徽大学大昌华嘉科学仪器部武汉理工大学长安大学广东茜恩智能装备有限公司海目星激光科技集团股份有限公司青岛优明科粉体机械有限公司常州一硫电池科技有限公司中国航天空气动力技术研究院陕西科技大学德国新帕泰克有限公司苏州代表处中国星网网络创新研究院有限公司安徽清致科技发展有限公司深圳市和胜自动化设备有限公司上海道程工业设备有限公司布劳恩惰性气体系统（上海）有限公司福建理工大学重庆文理学院上海檀之茗科技中心（有限合伙）深圳市新威尔电子有限公司深圳仲氪信息科技有限公司步琦实验室设备贸易（上海）有限公司上海子微智能科技有限公司宜宾发展创投有限公司有研(广东)新材料技术研究院北京艾谱瑞斯科技有限公司深圳市瑞赛驰科技有限公司深圳市绿联科技股份有限公司光年固科（苏州）科技有限公司江苏利卡维智能科技有限公司广汽集团汽车工程研究院中国科学院青岛生物能源与过程研究所中国科学院山西煤炭化学研究所东莞市志远高热机械科技有限公司江苏利卡维智能科技有限公司河南理工大学邢台学院宁波博雅聚力新材料科技有限公司东莞百瑞自动化有限公司江苏亮果金属制品有限公司上海电子工程设计研究院有限公司江苏理工学院湖南省正源储能材料与器件研究所中国地质大学（武汉）中北大学上海菩正电子科技有限公司上海协尔化学科技有限公司长沙西丽纳米研磨科技有限公司江苏隆深氢能科技有限公司柔电（武汉）科技有限公司苏州大学湖北航天化学技术研究所南京菲尼克斯电气有限公司安徽扬子职业技术学院广东孚吉新材料有限公司米谱科技（常州）有限公司苏州纽姆特纳米科技有限公司珠海椿田科技股份有限公司湖北蓝博新能源设备股份有限公司武汉格瑞斯新能源有限公司苏州田边能源科技有限公司东北大学中国科学院上海高等研究院武汉工程大学展讯通信（上海）有限公司安徽泽攸科技有限公司太原科技大学北京航空航天大学潍坊追日磁电科技有限公司意尔孚化学（上海）有限公司昆明理工大学潍坊精华粉体科技股份有限公司武汉市哈斯特斯科技有限责任公司大森FMEA応用技研株式会社常州百和菱智能装备有限责任公司江苏科创石化有限公司华声强化（上海）科技有限公司广州埃登达化工有限公司苏州秋逸新材料有限公司欧励隆（中国）投资有限公司广东汇京智能装备有限公司江苏智子未来技术有限公司爱发科（苏州）技术研究开发有限公司南京苏展智能科技有限公司河北工业大学上海微化商贸有限公司杭州聚科空分设备制造有限公司深圳冠亚水分仪科技有限公司中国石化催化剂有限公司工程技术研究院郑州博欣高温材料有限公司中国石化催化剂有限公司摩田材料科技（兰溪）有限公司杭州研趣信息技术有限公司北京文博启胜投资有限公司北京超凡宏宇知识产权代理有限公司中石化催化剂大连有限公司环球君业(北京)科技有限公司深圳市一众智能装备有限公司芜湖映日科技股份有限公司惠州速力得科技有限公司常州市昇海智能科技有限公司深圳分公司肖特（上海）精密材料和设备国际贸易有限公司常州西奥电气科技有限公司上海宙盾先元科技有限公司快顺通环保科技（深圳）有限公司东莞市富电优品电源有限公司伊特克斯惰性气体系统（北京）有限公司河南琅恒企业管理咨询有限公司北方工业大学昆山佰信实计量技术有限公司国际贸易有限公司北京化工大学宁波创锂新材料科技有限公司中石化（大连）石油化工研究院有限公司永杰新材料股份有限公司上海化工院检测有限公司苏州职业技术大学淄博友研科技有限公司上海和盛光度新能源科技有限公司江苏金聚合金材料有限公司江苏擎川智能装备有限公司上海梅特鲁国际贸易有限公司深圳华算科技有限公司宁波震裕汽车部件有限公司西安机电信息技术研究所深圳市北杰新材料有限公司国仪量子技术（合肥）股份有限公司湘潭电化科技股份有限公司江西环境工程职业学院南德新能源汽车检测（江苏）有限公司陕西蓝基新材料科技有限公司中国塑料加工工业协会惠州普赛达新材料有限公司晶序新材料科技（温州）有限公司东莞市电的电子有限公司青岛大学宏润绿能（宣城）能源科技有限公司合肥工业大学洛阳储变电系统有限公司科腾聚合物贸易(上海)有限公司小渡科技（广东）有限公司北京分公司深圳市晨浅拓普科技有限公司苏州赛峰科学仪器有限公司合肥纳安新材料科技有限公司宝晟(苏州)能源科技有限公司广州白云科技股份有限公司常州长晟创新科技有限公司南昌大学胜华新能源科技（东营）有限公司兰州交通大学营口航盛科技实业有限责任公司沈阳分公司三明市海斯福化工有限责任公司达士维尔粉体科技（上海）有限公司上海润势科技有限公司中国科学院广州地球化学研究所中国科学院新疆理化技术研究所中汽新能无锡技术中心有限公司广州融捷电源材料有限公司日联科技集团股份有限公司华中科技大学江苏澄星新材料科技有限公司江苏天合储能有限公司重庆标瑞新能源有限公司珠海科技学院开封市测控技术有限公司广州博粤新材料技术有限公司北京林业大学安耐新能科技（盐城）有限公司南京工业大学玖度电（昆山）新能源科技有限公司邢台学院神州高铁技术股份有限公司港华能源创科（深圳）有限公司天核（苏州）能源有限公司新疆西海锂业集团有限公司济南大学湖北航天化学技术研究所宜宾发展创投有限公司湘潭市雨高开发投资集团有限公司福建师范大学长兴（中国）投资有限公司中建西部建设建材科学研究院无锡奥特维智能装备有限公司常州市创能纳米材料科技有限公司成都高投创业投资有限公司中科瑞龙智能制造(江苏)有限公司广州博粤新材料技术有限公司南孚电池有限公司东贵精密机械（无锡）有限公司远景动力技术（江苏）有限公司天津国安盟固利新材料科技股份有限公司安徽工业大学无锡阜成智能装备有限公司会议注册费会议注册费：参会人员7月31日（含）前8月1日后以及现场正式代表600元2500元在校学生代表600元1500元（学生代表注册时需凭学生证，包含本科生、硕士、博士）注册费包含：会议费、资料费用等费用、不包含路费和住宿费，住宿要自订。账户信息：户名：深圳友研科技有限公司账号：757575353398开户行：中国银行股份有限公司深圳西丽支行付款时请注明“常州会议+单位名称”开票注意事项：增值税普通发票请提供单位名称及税号。如果需要增值税专用发票，请提供单位名称、税号、地址、电话、开户行、账号组委会联系方式参会、参展、宣传及赞助事宜联 系 人：陈老师 （赞助和报名事宜咨询）联系电话：***********（微信同号）邮 箱 ：sdlscck@163.com 报名方式一：长按报名,,,,pending
优惠最后一天，600元！2026中国固态电池技术大会暨中国硅碳负极高峰论坛,科研云平台,科研云平台,"RIOnews API, 新材料, 电池材料, 碳, 聚合物, 高比能, 硅, 固态电池, 学术研究, 大学, 科学院, 研究所, 宁德时代, 宁德新能源, 时代新能源, 国轩高科, 国轩, 远景动力, 欣旺达, 欣旺达动力, 孚能科技, 鹏辉能源, 储能, 投资, 实验室",normal,2026-07-31T15:36:00+08:00,,温馨提醒：会务组新增100张优惠票，优惠票600元每人（含餐），报满为止！缴费成功视为报名成功；参展和报名电话.陈老师：***********2026中国固态电池技术大会暨中国硅碳负极高峰论坛签到地点：江苏·常州富都洲际酒店（常州武进区西湖路2号）签到时间：8月5日 13:00—20:00会议酒店订房方式常州富都洲际酒店 协议价豪华单/双间：380元一晚（含早），豪华湖景单双间：460元一晚（含早）扫码订房交通路线：常州富都洲际酒店常州奔牛国际机场至会议酒店车程约41公里。武进站至会议酒店车程约2公里。常州站至会议酒店车程约14公里。常州北站至会议酒店车程约30公里。会议概况【会议时间】202,http://mp.weixin.qq.com/s?__biz=MzUyMzk5OTg3Ng==&mid=2247517807&idx=1&sn=7c20a4f0d170b4cba3b83f1471c502f3,,温馨提醒：会务组新增100张优惠票，优惠票600元每人（含餐），报满为止！缴费成功视为报名成功；参展和报名电话.陈老师：***********2026中国固态电池技术大会暨中国硅碳负极高峰论坛签到地点：江苏·常州富都洲际酒店（常州武进区西湖路2号）签到时间：8月5日 13:00—20:00会议酒店订房方式常州富都洲际酒店 协议价豪华单/双间：380元一晚（含早），豪华湖景单双间：460元一晚（含早）扫码订房交通路线：常州富都洲际酒店常州奔牛国际机场至会议酒店车程约41公里。武进站至会议酒店车程约2公里。常州站至会议酒店车程约14公里。常州北站至会议酒店车程约30公里。会议概况【会议时间】202,温馨提醒：会务组新增100张优惠票，优惠票600元每人（含餐），报满为止！缴费成功视为报名成功；参展和报名电话.陈老师：***********2026中国固态电池技术大会暨中国硅碳负极高峰论坛签到地点：江苏·常州富都洲际酒店（常州武进区西湖路2号）签到时间：8月5日 13:00—20:00会议酒店订房方式常州富都洲际酒店 协议价豪华单/双间：380元一晚（含早），豪华湖景单双间：460元一晚（含早）扫码订房交通路线：常州富都洲际酒店常州奔牛国际机场至会议酒店车程约41公里。武进站至会议酒店车程约2公里。常州站至会议酒店车程约14公里。常州北站至会议酒店车程约30公里。会议概况【会议时间】2026年8月5-7日（5日签到）【主办单位】锂电前沿【承办单位】 深圳友研科技有限公司[部分报告议题】（报告或会有少许变动，请以现场为准）会议概况协办单位：东莞市琅菱机械有限公司广东茹天机械设备科技有限公司理化联科（北京）仪器科技有限公司大昌华嘉科学仪器部参会证广告赞助单位：广东茜恩智能装备有限公司椅背广告赞助单位：光年固科（苏州）科技有限公司手提袋广告赞助单位：青岛优明科粉体机械有限公司赞助单位：益瑞石(上海)投资管理有限公司德国新帕泰克有限公司苏州代表处深圳市和胜自动化设备有限公司高能数造（广州）技术有限公司支持单位：布劳恩惰性气体系统（上海）有限公司布鲁克（北京）科技有限公司深圳市新威尔电子有限公司深圳市瑞赛驰科技有限公司步琦实验室设备贸易（上海）有限公司北京艾谱瑞斯科技有限公司普沃思环保科技无锡有限公司东莞市志远高热机械科技有限公司展位展示：东莞百瑞自动化有限公司江苏亮果金属制品有限公司上海菩正电子科技有限公司长沙西丽纳米研磨科技有限公司柔电（武汉）科技有限公司米谱科技（常州）有限公司珠海椿田科技股份有限公司湖北蓝博新能源设备股份有限公司武汉格瑞斯新能源有限公司安徽泽攸科技有限公司上海优耐特斯压缩机有限公司潍坊追日磁电科技有限公司潍坊精华粉体科技股份有限公司常州百和菱智能装备有限责任公司华声强化（上海）科技有限公司广东汇京智能装备有限公司江苏智子未来技术有限公司南京苏展智能科技有限公司无锡市张华医药设备有限公司杭州聚科空分设备制造有限公司深圳冠亚水分仪科技有限公司郑州博欣高温材料有限公司杭州研趣信息技术有限公司环球君业(北京)科技有限公司惠州速力得科技有限公司上海宙盾先元科技有限公司伊特克斯惰性气体系统（北京）有限公司宁波创锂新材料科技有限公司淄博友研科技有限公司深圳华算科技有限公司深圳市北杰新材料有限公司参会单位（首批报名）：宁德时代新能源科技股份有限公司国轩高科股份有限公司惠州赣锋锂电科技有限公司国家动力电池创新中心爱尔集新能源电池(南京)有限公司溧阳天目先导电池材料科技有限公司胜华新材料科技（眉山）有限公司清陶云能(江苏)能源科技有限公司安徽中锂新能源科技有限公司宁德新能源科技有限公司欣旺达动力科技股份有限公司孚能科技（赣州）股份有限公司天齐锂业新能源技术研究（眉山） 有限公司四川盛威锂业有限公司陕西顷刻能源科技有限公司上海屹锂新能源科技有限公司广州鹏辉能源科技股份有限公司微宏动力系统（湖州）有限公司浙江吉曜通行能源科技有限公司深圳索理德新材料科技有限公司国科炭美新材料（湖州）有限公司嘉兴市凯力电池有限公司可乐丽贸易（上海）有限公司惠州市德赛电池有限公司广州汽车集团股份有限公司清陶云能(江苏)能源科技有限公司万向一二三Sila吉利汽车研究院多氟多新材料股份有限公司浙江金羽新能源科技有限公司中科深蓝汇泽新能源(常州)有限责任公司上海杉杉科技有限公司巴斯夫（中国）有限公司烟台京东方材料科技有限公司北京大学 清华大学上海交通大学复旦大学中国科学院苏州纳米技术与纳米仿生研究所广东东阳光科技控股股份有限公司益瑞石石墨和碳公司重庆太蓝新能源有限公司中国科学院物理研究所武汉天石科丰新能源科技有限公司宁波博雅聚力新材料科技有限公司摩田材料科技（兰溪）有限公司泛亚汽车技术中心有限公司国钠能源科技（河北）有限公司澳门大学中南大学哈尔滨工业大学浙江大学哈尔滨工业大学（深圳）华中科技大学中国科学技术大学科腾聚合物贸易(上海)有限公司南京汉特贸易有限公司东莞市琅菱机械有限公司开滦汇金私募基金管理有限公司广东茹天机械设备科技有限公司江苏微导纳米科技股份有限公司理化联科（北京）仪器科技有限公司上海朗亿功能材料有限公司安徽大学大昌华嘉科学仪器部武汉理工大学长安大学广东茜恩智能装备有限公司海目星激光科技集团股份有限公司青岛优明科粉体机械有限公司常州一硫电池科技有限公司中国航天空气动力技术研究院陕西科技大学德国新帕泰克有限公司苏州代表处中国星网网络创新研究院有限公司安徽清致科技发展有限公司深圳市和胜自动化设备有限公司上海道程工业设备有限公司布劳恩惰性气体系统（上海）有限公司福建理工大学重庆文理学院上海檀之茗科技中心（有限合伙）深圳市新威尔电子有限公司深圳仲氪信息科技有限公司步琦实验室设备贸易（上海）有限公司上海子微智能科技有限公司宜宾发展创投有限公司有研(广东)新材料技术研究院北京艾谱瑞斯科技有限公司深圳市瑞赛驰科技有限公司深圳市绿联科技股份有限公司光年固科（苏州）科技有限公司江苏利卡维智能科技有限公司广汽集团汽车工程研究院中国科学院青岛生物能源与过程研究所中国科学院山西煤炭化学研究所东莞市志远高热机械科技有限公司江苏利卡维智能科技有限公司河南理工大学邢台学院宁波博雅聚力新材料科技有限公司东莞百瑞自动化有限公司江苏亮果金属制品有限公司上海电子工程设计研究院有限公司江苏理工学院湖南省正源储能材料与器件研究所中国地质大学（武汉）中北大学上海菩正电子科技有限公司上海协尔化学科技有限公司长沙西丽纳米研磨科技有限公司江苏隆深氢能科技有限公司柔电（武汉）科技有限公司苏州大学湖北航天化学技术研究所南京菲尼克斯电气有限公司安徽扬子职业技术学院广东孚吉新材料有限公司米谱科技（常州）有限公司苏州纽姆特纳米科技有限公司珠海椿田科技股份有限公司湖北蓝博新能源设备股份有限公司武汉格瑞斯新能源有限公司苏州田边能源科技有限公司东北大学中国科学院上海高等研究院武汉工程大学展讯通信（上海）有限公司安徽泽攸科技有限公司太原科技大学北京航空航天大学潍坊追日磁电科技有限公司意尔孚化学（上海）有限公司昆明理工大学潍坊精华粉体科技股份有限公司武汉市哈斯特斯科技有限责任公司大森FMEA応用技研株式会社常州百和菱智能装备有限责任公司江苏科创石化有限公司华声强化（上海）科技有限公司广州埃登达化工有限公司苏州秋逸新材料有限公司欧励隆（中国）投资有限公司广东汇京智能装备有限公司江苏智子未来技术有限公司爱发科（苏州）技术研究开发有限公司南京苏展智能科技有限公司河北工业大学上海微化商贸有限公司杭州聚科空分设备制造有限公司深圳冠亚水分仪科技有限公司中国石化催化剂有限公司工程技术研究院郑州博欣高温材料有限公司中国石化催化剂有限公司摩田材料科技（兰溪）有限公司杭州研趣信息技术有限公司北京文博启胜投资有限公司北京超凡宏宇知识产权代理有限公司中石化催化剂大连有限公司环球君业(北京)科技有限公司深圳市一众智能装备有限公司芜湖映日科技股份有限公司惠州速力得科技有限公司常州市昇海智能科技有限公司深圳分公司肖特（上海）精密材料和设备国际贸易有限公司常州西奥电气科技有限公司上海宙盾先元科技有限公司快顺通环保科技（深圳）有限公司东莞市富电优品电源有限公司伊特克斯惰性气体系统（北京）有限公司河南琅恒企业管理咨询有限公司北方工业大学昆山佰信实计量技术有限公司国际贸易有限公司北京化工大学宁波创锂新材料科技有限公司中石化（大连）石油化工研究院有限公司永杰新材料股份有限公司上海化工院检测有限公司苏州职业技术大学淄博友研科技有限公司上海和盛光度新能源科技有限公司江苏金聚合金材料有限公司江苏擎川智能装备有限公司上海梅特鲁国际贸易有限公司深圳华算科技有限公司宁波震裕汽车部件有限公司西安机电信息技术研究所深圳市北杰新材料有限公司国仪量子技术（合肥）股份有限公司湘潭电化科技股份有限公司江西环境工程职业学院南德新能源汽车检测（江苏）有限公司陕西蓝基新材料科技有限公司中国塑料加工工业协会惠州普赛达新材料有限公司晶序新材料科技（温州）有限公司东莞市电的电子有限公司青岛大学宏润绿能（宣城）能源科技有限公司合肥工业大学洛阳储变电系统有限公司科腾聚合物贸易(上海)有限公司小渡科技（广东）有限公司北京分公司深圳市晨浅拓普科技有限公司苏州赛峰科学仪器有限公司合肥纳安新材料科技有限公司宝晟(苏州)能源科技有限公司广州白云科技股份有限公司常州长晟创新科技有限公司南昌大学胜华新能源科技（东营）有限公司兰州交通大学营口航盛科技实业有限责任公司沈阳分公司三明市海斯福化工有限责任公司达士维尔粉体科技（上海）有限公司上海润势科技有限公司中国科学院广州地球化学研究所中国科学院新疆理化技术研究所中汽新能无锡技术中心有限公司广州融捷电源材料有限公司日联科技集团股份有限公司华中科技大学江苏澄星新材料科技有限公司江苏天合储能有限公司重庆标瑞新能源有限公司珠海科技学院开封市测控技术有限公司广州博粤新材料技术有限公司北京林业大学安耐新能科技（盐城）有限公司南京工业大学玖度电（昆山）新能源科技有限公司邢台学院神州高铁技术股份有限公司港华能源创科（深圳）有限公司天核（苏州）能源有限公司新疆西海锂业集团有限公司济南大学湖北航天化学技术研究所宜宾发展创投有限公司湘潭市雨高开发投资集团有限公司福建师范大学长兴（中国）投资有限公司中建西部建设建材科学研究院无锡奥特维智能装备有限公司常州市创能纳米材料科技有限公司成都高投创业投资有限公司中科瑞龙智能制造(江苏)有限公司广州博粤新材料技术有限公司南孚电池有限公司东贵精密机械（无锡）有限公司远景动力技术（江苏）有限公司天津国安盟固利新材料科技股份有限公司安徽工业大学无锡阜成智能装备有限公司泰同源（江苏）科创发展有限公司桐乡华创三同科技发展有限公司上海歌尔科技发展有限公司上海森永工程设备股份有限公司常州市大成真空技术有限公司沈阳星光技术陶瓷有限公司苏州伏安瓦新材料科技有限公司埃克森美孚(中国)投资有限公司浙江梵天煦辉能源科技有限公司肇庆市科润真空设备有限公司上海颐格工贸发展有限公司会议注册费会议注册费：参会人员7月31日（含）前8月1日后以及现场正式代表600元2500元在校学生代表600元1500元（学生代表注册时需凭学生证，包含本科生、硕士、博士）注册费包含：会议费、资料费用等费用、不包含路费和住宿费，住宿要自订。账户信息：户名：深圳友研科技有限公司账号：757575353398开户行：中国银行股份有限公司深圳西丽支行付款时请注明“常州会议+单位名称”开票注意事项：增值税普通发票请提供单位名称及税号。如果需要增值税专用发票，请提供单位名称、税号、地址、电话、开户行、账号组委会联系方式参会、参展、宣传及赞助事宜联 系 人：陈老师 （赞助和报名事宜咨询）联系电话：***********（微信同号）邮 箱 ：sdlscck@163.com 报名方式一：长按报名,,,,pending
容百科技拟投资建设仙桃年产30万吨钠电正极材料一体化项目,鑫椤锂电,鑫椤锂电,"RIOnews API, 钠离子电池, 钠电, 合作进展, 定点, 投资, 合作, 磷酸铁锂, 铁锂, 钠电池, 储能, 正极材料, 交付, 产能, 投产, 订单, 发布, 中试, 中试线, 量产, 落地",normal,2026-07-31T15:31:27+08:00,,关注公众号，点击公众号主页右上角“ ··· ”，设置星标“⭐”，关注鑫椤锂电资讯~本文来源：企业官微7月30日，容百科技与仙桃市人民政府签署《项目投资合同书》，拟投资建设仙桃年产30万吨钠电正极材料一体化项目，总投资金额47.23亿元。该项目将分三期建设，其中一期5万吨、二期10万吨、三期15万吨，一期预计2027年5月建成投产，进一步巩固公司在钠电正极材料领域的先发优势，精准把握钠电产业化的关键窗口期。仙桃市委书记孙道军，市委副书记、市长熊享涛，市人大常委会主任余文华，市政协主席印家利，市委副书记李少云，市委常委、副市长唐江平及相关部门领导出席会议，与容百集团董事长兼总裁白厚善、集团副总裁张,http://mp.weixin.qq.com/s?__biz=MzU0MTkzOTQzOA==&mid=2247570959&idx=2&sn=248f7d634bb2bd520f91d73804562d3b,,关注公众号，点击公众号主页右上角“ ··· ”，设置星标“⭐”，关注鑫椤锂电资讯~本文来源：企业官微7月30日，容百科技与仙桃市人民政府签署《项目投资合同书》，拟投资建设仙桃年产30万吨钠电正极材料一体化项目，总投资金额47.23亿元。该项目将分三期建设，其中一期5万吨、二期10万吨、三期15万吨，一期预计2027年5月建成投产，进一步巩固公司在钠电正极材料领域的先发优势，精准把握钠电产业化的关键窗口期。仙桃市委书记孙道军，市委副书记、市长熊享涛，市人大常委会主任余文华，市政协主席印家利，市委副书记李少云，市委常委、副市长唐江平及相关部门领导出席会议，与容百集团董事长兼总裁白厚善、集团副总裁张,"关注公众号，点击公众号主页右上角“ ··· ”，设置星标“⭐”，关注鑫椤锂电资讯~本文来源：企业官微7月30日，容百科技与仙桃市人民政府签署《项目投资合同书》，拟投资建设仙桃年产30万吨钠电正极材料一体化项目，总投资金额47.23亿元。该项目将分三期建设，其中一期5万吨、二期10万吨、三期15万吨，一期预计2027年5月建成投产，进一步巩固公司在钠电正极材料领域的先发优势，精准把握钠电产业化的关键窗口期。仙桃市委书记孙道军，市委副书记、市长熊享涛，市人大常委会主任余文华，市政协主席印家利，市委副书记李少云，市委常委、副市长唐江平及相关部门领导出席会议，与容百集团董事长兼总裁白厚善、集团副总裁张慧清、董事长助理周佳祥、总裁助理袁徐俊、钠电事业部总经理王尊志及集团高层领导，银行、合作伙伴、媒体记者等齐聚现场，共同见证这一推动钠电加速规模化量产的重要时刻。仙桃年产30万吨钠电正极材料一体化项目的投资建设，将进一步巩固并扩大容百科技在钠电正极材料领域的先发优势，抢抓钠电产业化关键窗口期，更好满足下游大客户的预期需求。白厚善董事长在致辞中表示，公司在10来年前就前瞻布局了钠电正极业务，目前已经形成“量产一代、研发一代、储备一代”的断代式领先优势，并围绕能量密度、压实密度和低成本持续迭代，产品梯队不断完善。目前，公司已建成NFPP钠电正极产能1.8万吨/年，其中贵州新仁1.2万吨改造线稳定量产，仙桃6000吨钠电中试线已完成相关工艺及设备验证。仙桃30万吨新产能的建设落地，将进一步提升公司在钠电正极材料方面的规模化交付能力，为全球更多客户提供性能领先的产品。白厚善董事长认为，电池行业经历了3C电池到动力电池的发展阶段，目前已经迈入储能电池引领的“奇点时代”。未来钠电池和磷酸铁锂电池两分天下有其一的话，将是一个非常大的市场。预计到2035年，全球钠电正极材料销量有望达到2000万吨。摩根士丹利近期发布的报告也显示，钠离子电池将在2027年占据全球电池部署约2%份额，随后加速至2030年的20%和2035年的37%，并将钠离子电池时代定性为""新石油时代""。同时，凭借覆盖下游头部电池企业及终端用户的优质客户矩阵，以及产品在关键性能指标上的技术领先优势，公司已在头部客户供应链中实现关键卡位。目前，公司已与多家动力及储能电池企业建立合作关系，就钠电正极材料开展产品验证、定点、供货及订单对接。孙道军书记对容百科技新项目的落地与布局加码表示欢迎，认为钠电产能的逐步落地，将进一步推动仙桃经济社会的全面发展。一家人、一家亲、一家兴，仙桃将全力支持容百科技在当地的发展，紧密协作，共同繁荣。当前，正极材料产业发展已进入新的阶段，不止于成本竞争，更在于一体化经营的全面竞争。仙桃30万吨钠电正极材料一体化项目是公司推进平台化战略的重要举措，以此项目为起点，公司将进一步加速钠离子电池产业化，为全球绿色能源转型贡献更多“容百力量”。 鑫椤福利免费领取：点击《2026年全球锂电产业链分布图》查看领取方式。END如题",,,,pending
AIDC时代到来！掌握两大资源，万华电池材料赋能储能新赛道,鑫椤锂电,鑫椤锂电,"RIOnews API, 新材料, 电池材料, 磷酸铁锂, 铁锂, 储能, 储能电芯, 供电, 产能",normal,2026-07-31T15:31:27+08:00,,"以下文章来源于万华微视界，作者万华化学万华微视界.万华化学主要从事异氰酸酯、多元醇等聚氨酯全系列产品、丙烯酸及酯等石化产品、水性涂料等功能性材料、特种化学品的研发、生产和销售。未来，万华将成为涵盖以上产品的全球最具竞争优势的供应商之一。欲了解更多信息，请访问： www.whchem.com关注公众号，点击公众号主页右上角“ ··· ”，设置星标“⭐”，关注鑫椤锂电资讯~本文来源：万华化学 AIDC时代到来！掌握两大资源,万华电池材料赋能储能新赛道随着大模型、AI 智算集群快速扩张，全球 AIDC（人工智能数据中心）市场迎来爆发周期。海量 GPU 集群持续运转带来巨大用电负荷，负载瞬时波动、电网",http://mp.weixin.qq.com/s?__biz=MzU0MTkzOTQzOA==&mid=2247570959&idx=1&sn=3bc15ca0e271a679df8bd114c130a48e,,"以下文章来源于万华微视界，作者万华化学万华微视界.万华化学主要从事异氰酸酯、多元醇等聚氨酯全系列产品、丙烯酸及酯等石化产品、水性涂料等功能性材料、特种化学品的研发、生产和销售。未来，万华将成为涵盖以上产品的全球最具竞争优势的供应商之一。欲了解更多信息，请访问： www.whchem.com关注公众号，点击公众号主页右上角“ ··· ”，设置星标“⭐”，关注鑫椤锂电资讯~本文来源：万华化学 AIDC时代到来！掌握两大资源,万华电池材料赋能储能新赛道随着大模型、AI 智算集群快速扩张，全球 AIDC（人工智能数据中心）市场迎来爆发周期。海量 GPU 集群持续运转带来巨大用电负荷，负载瞬时波动、电网","以下文章来源于万华微视界，作者万华化学万华微视界.万华化学主要从事异氰酸酯、多元醇等聚氨酯全系列产品、丙烯酸及酯等石化产品、水性涂料等功能性材料、特种化学品的研发、生产和销售。未来，万华将成为涵盖以上产品的全球最具竞争优势的供应商之一。欲了解更多信息，请访问： www.whchem.com关注公众号，点击公众号主页右上角“ ··· ”，设置星标“⭐”，关注鑫椤锂电资讯~本文来源：万华化学 AIDC时代到来！掌握两大资源,万华电池材料赋能储能新赛道随着大模型、AI 智算集群快速扩张，全球 AIDC（人工智能数据中心）市场迎来爆发周期。海量 GPU 集群持续运转带来巨大用电负荷，负载瞬时波动、电网扩容滞后、算力连续性保障等挑战日益凸显。储能，早已不再是算力机房的备用选项，成为支撑 AI 基础设施稳定运行的刚需标配。赛道快速扩容的背后，产业链对材料规模化稳定供应提出更高要求。万华化学将电池材料确立为第二主业，依托前瞻布局的矿产资源与风光清洁能源版图，构建一体化产业闭环，为储能电芯企业持续提供稳定、低成本的材料解决方案。核心资源优势，稳定赋能下游伙伴锁定矿产资源，建立产业链优势公司向上布局磷矿、锂资源、硫铁矿、萤石矿等矿产，配套建设硫酸、磷酸、磷酸铁、磷酸铁锂产业链，提升产业链自主可控能力，形成全产业链竞争优势。四川眉山、山东海阳、莱州多基地协同布局，磷酸铁锂产能持续稳定供应，为大规模储能项目提供长期稳定供货保障。布局风光清洁能源，打造绿色优势公司持续布局风电、光伏资源，打造“风—光—储—网—产”一体化园区模式，在山东海阳、莱州打造大型绿电产业园，配套风电项目，园区绿电自发自用、直供电池材料产线。2030年将在山东省实现700万kW风电、500万kW光伏的规模，为电池材料生产提供低成本的绿色能源保障。算力浪潮奔涌向前，算电协同开启全新时代，离不开材料端强有力的资源支撑。万华化学将持续夯实电池材料全产业链资源优势，洞察能源行业的发展趋势，坚持客户至上，为行业可持续绿色发展贡献万华力量。 鑫椤福利免费领取：点击《2026年全球锂电产业链分布图》查看领取方式。END如题",,,,pending
曝特斯拉考虑出售中国业务！,鑫椤锂电,鑫椤锂电,"RIOnews API, 比亚迪, 交付, 产能, 上市",normal,2026-07-31T15:31:27+08:00,,关注公众号，点击公众号主页右上角“ ··· ”，设置星标“⭐”，关注鑫椤锂电资讯~本文来源：谈思汽车-云头条2026 年 7 月 31 日，据《华尔街日报》报道，为推进与 SpaceX 的潜在合并，特斯拉高管已被要求为中国业务的剥离做好准备。特斯拉顾问已经讨论了多种拆分方案，包括分拆上市、出售或关闭中国业务。目前尚不清楚特斯拉能够多快完成中国业务的分拆或出售，相关计划也仍可能发生变化。特斯拉上海超级工厂目前仍是该公司全球规模最大、生产效率最高的工厂，同时也是特斯拉面向欧洲和亚太地区的主要出口基地。从历史数据看，上海超级工厂生产的汽车一度占特斯拉全球交付量的一半以上，年产能超过 95 万辆。除承,http://mp.weixin.qq.com/s?__biz=MzU0MTkzOTQzOA==&mid=2247570959&idx=3&sn=0a2825ca1238c6434a9b992d2361bfe0,,关注公众号，点击公众号主页右上角“ ··· ”，设置星标“⭐”，关注鑫椤锂电资讯~本文来源：谈思汽车-云头条2026 年 7 月 31 日，据《华尔街日报》报道，为推进与 SpaceX 的潜在合并，特斯拉高管已被要求为中国业务的剥离做好准备。特斯拉顾问已经讨论了多种拆分方案，包括分拆上市、出售或关闭中国业务。目前尚不清楚特斯拉能够多快完成中国业务的分拆或出售，相关计划也仍可能发生变化。特斯拉上海超级工厂目前仍是该公司全球规模最大、生产效率最高的工厂，同时也是特斯拉面向欧洲和亚太地区的主要出口基地。从历史数据看，上海超级工厂生产的汽车一度占特斯拉全球交付量的一半以上，年产能超过 95 万辆。除承,关注公众号，点击公众号主页右上角“ ··· ”，设置星标“⭐”，关注鑫椤锂电资讯~本文来源：谈思汽车-云头条2026 年 7 月 31 日，据《华尔街日报》报道，为推进与 SpaceX 的潜在合并，特斯拉高管已被要求为中国业务的剥离做好准备。特斯拉顾问已经讨论了多种拆分方案，包括分拆上市、出售或关闭中国业务。目前尚不清楚特斯拉能够多快完成中国业务的分拆或出售，相关计划也仍可能发生变化。特斯拉上海超级工厂目前仍是该公司全球规模最大、生产效率最高的工厂，同时也是特斯拉面向欧洲和亚太地区的主要出口基地。从历史数据看，上海超级工厂生产的汽车一度占特斯拉全球交付量的一半以上，年产能超过 95 万辆。除承担重要出口任务外，中国还是特斯拉仅次于美国的全球第二大市场。不过，特斯拉在中国正面临比亚迪等本土车企的激烈竞争。本月早些时候，特斯拉首席执行官埃隆·马斯克没有否认特斯拉未来可能与 SpaceX 合并。SpaceX 是马斯克掌控的另一家估值超过 1 万亿美元的公司。马斯克表示，两家公司在越来越多的领域出现业务重合。SpaceX 总裁兼首席运营官格温·肖特韦尔也承认，合并可能带来一定好处。她今年 6 月接受 CNBC 采访时表示，将这些公司整合到一起，可能通过简化马斯克旗下各项业务的管理，“让埃隆的生活轻松一些”。目前，SpaceX 市值 1.48 万亿美元，特斯拉市值 1.22 万亿美元。 鑫椤福利免费领取：点击《2026年全球锂电产业链分布图》查看领取方式。END如题,,,,pending
年产1万吨钠离子电池正极材料项目拟落地四川,鑫椤锂电,鑫椤锂电,"RIOnews API, 钠离子电池, 钠电, 量产推进, 产能, 环境影响评价, 正极材料, 投产, 达产, 投资, 发布, 落地",normal,2026-07-31T15:31:27+08:00,,关注公众号，点击公众号主页右上角“ ··· ”，设置星标“⭐”，关注鑫椤锂电资讯~本文来源：宜宾市生态环境局7月28日，四川省宜宾市生态环境局发布公示，拟对同兴皓升（宜宾）新能源科技有限公司年产1万吨钠离子电池正极材料及配套设施项目环境影响评价文件作出审批意见。同兴皓升为同兴科技控股子公司，此次拟建设的年产1万吨钠离子电池正极材料项目，位于四川省宜宾市屏山县屏山镇王场产业园。根据此前披露的信息，同兴科技在屏山县规划的一期年产2万吨钠电正极材料项目总投资约5亿元，整体建设周期约18个月。其中，第一阶段1万吨产能预计于2026年10月投产、12月达产；第二阶段1万吨产能预计于2027年8月投产、1,http://mp.weixin.qq.com/s?__biz=MzU0MTkzOTQzOA==&mid=2247570959&idx=4&sn=408dce68aa50d82edf4e4ba4f1877406,,关注公众号，点击公众号主页右上角“ ··· ”，设置星标“⭐”，关注鑫椤锂电资讯~本文来源：宜宾市生态环境局7月28日，四川省宜宾市生态环境局发布公示，拟对同兴皓升（宜宾）新能源科技有限公司年产1万吨钠离子电池正极材料及配套设施项目环境影响评价文件作出审批意见。同兴皓升为同兴科技控股子公司，此次拟建设的年产1万吨钠离子电池正极材料项目，位于四川省宜宾市屏山县屏山镇王场产业园。根据此前披露的信息，同兴科技在屏山县规划的一期年产2万吨钠电正极材料项目总投资约5亿元，整体建设周期约18个月。其中，第一阶段1万吨产能预计于2026年10月投产、12月达产；第二阶段1万吨产能预计于2027年8月投产、1,关注公众号，点击公众号主页右上角“ ··· ”，设置星标“⭐”，关注鑫椤锂电资讯~本文来源：宜宾市生态环境局7月28日，四川省宜宾市生态环境局发布公示，拟对同兴皓升（宜宾）新能源科技有限公司年产1万吨钠离子电池正极材料及配套设施项目环境影响评价文件作出审批意见。同兴皓升为同兴科技控股子公司，此次拟建设的年产1万吨钠离子电池正极材料项目，位于四川省宜宾市屏山县屏山镇王场产业园。根据此前披露的信息，同兴科技在屏山县规划的一期年产2万吨钠电正极材料项目总投资约5亿元，整体建设周期约18个月。其中，第一阶段1万吨产能预计于2026年10月投产、12月达产；第二阶段1万吨产能预计于2027年8月投产、12月达产。本次环评公示所涉项目即为一期第一阶段1万吨产能。 鑫椤福利免费领取：点击《2026年全球锂电产业链分布图》查看领取方式。END如题,,,,pending
科迈罗 章少坤：一体化PACK方案 破解轻型产线三大痛点,起点锂电,起点锂电,"RIOnews API, 固态电池, 钠离子电池, 钠电, 合作进展, 战略合作, 投资, 合作, 量产推进, 产能, 扩产, 比亚迪, 鹏辉能源, 南都电源, 大圆柱, 46系, 软包, 储能, 高安全, 出货, 交付, 生产基地, 投产, 订单, 报价, 海外, 推出, 认证, 落地",normal,2026-07-31T15:31:00+08:00,,轻型动力电池赛道正经历前所未有的爆发式增长。即时配送、短途代步、海外储能需求同步井喷，电池订单持续走高，然而众多厂商在扩产路上却绕不开同一组阻碍——PACK产线交付周期冗长、电芯规格迭代带来产线频繁改造、设备全周期投入成本居高不下，三重难题不断压缩企业盈利空间与市场窗口期。在2026（第6届）起点锂电两轮车换电大会暨轻型动力电池鲁班奖颁奖典礼现场，科迈罗 总经理 章少坤给出了一套适配全场景的PACK一站式解决方案。图：科迈罗 总经理 章少坤作为一家专注于锂电、钠电及储能领域的国家高新技术企业及专精特新企业，科迈罗光电围绕规划、设计、制造、服务四大核心环节，用柔性标准化产线为海内外电池工厂破解投,http://mp.weixin.qq.com/s?__biz=MzI1MjEyODg2Mg==&mid=2649798205&idx=1&sn=89deeef9d0ae87103afb90b766a9fc8d,,轻型动力电池赛道正经历前所未有的爆发式增长。即时配送、短途代步、海外储能需求同步井喷，电池订单持续走高，然而众多厂商在扩产路上却绕不开同一组阻碍——PACK产线交付周期冗长、电芯规格迭代带来产线频繁改造、设备全周期投入成本居高不下，三重难题不断压缩企业盈利空间与市场窗口期。在2026（第6届）起点锂电两轮车换电大会暨轻型动力电池鲁班奖颁奖典礼现场，科迈罗 总经理 章少坤给出了一套适配全场景的PACK一站式解决方案。图：科迈罗 总经理 章少坤作为一家专注于锂电、钠电及储能领域的国家高新技术企业及专精特新企业，科迈罗光电围绕规划、设计、制造、服务四大核心环节，用柔性标准化产线为海内外电池工厂破解投,轻型动力电池赛道正经历前所未有的爆发式增长。即时配送、短途代步、海外储能需求同步井喷，电池订单持续走高，然而众多厂商在扩产路上却绕不开同一组阻碍——PACK产线交付周期冗长、电芯规格迭代带来产线频繁改造、设备全周期投入成本居高不下，三重难题不断压缩企业盈利空间与市场窗口期。在2026（第6届）起点锂电两轮车换电大会暨轻型动力电池鲁班奖颁奖典礼现场，科迈罗 总经理 章少坤给出了一套适配全场景的PACK一站式解决方案。图：科迈罗 总经理 章少坤作为一家专注于锂电、钠电及储能领域的国家高新技术企业及专精特新企业，科迈罗光电围绕规划、设计、制造、服务四大核心环节，用柔性标准化产线为海内外电池工厂破解投产慢、改造成本高、兼容性弱的行业难题。交付困局：从4-5个月到30天，让产线投产不再“等”长久以来，非标锂电PACK产线是行业公认的“慢周期产品”。传统定制产线从方案敲定到整机落地投产，普遍需要4-5个月的漫长周期。对于订单爆发期的电池企业而言，数月等待意味着直接错失市场红利。科迈罗重构整套交付逻辑——依托多年行业沉淀搭建完备的核心部件前置备货体系，打破“接单再生产”的传统模式。在前期规划设计阶段，团队仅需7天输出完整落地方案，同步完成厂区布局、水电气排布、电芯数模仿真模拟。进入生产制造环节，得益于标准化模块储备与智能排产系统，面向两轮、三轮车的标准化PACK整线，最快30天完成整机出货，整体交付速度相较行业平均水平提升40%。不管是国内急于扩产的换电电池厂商，还是布局东南亚、非洲的海外生产基地，科迈罗都能大幅缩短投产等待时间，让客户快速落地产能、承接订单。迭代焦虑：一套产线兼容多形态电芯，无需为新品换代重新购线轻型动力电池行业技术迭代速度持续加快，电芯规格、串路方案更新频率远超传统制造业。从早期方形8S基础方案逐步升级至多串大容量体系，圆柱电芯也衍生出16串、20串、24串等多种规格，33/40/60全系列圆柱、软包电芯并行生产成为常态。不少企业前期重金采购的专用产线仅适配单一型号电芯，一旦产品迭代，整条设备几乎无法复用，巨额设备投入瞬间缩水。科迈罗从设备底层架构规避这类投资风险——全线产品采用开放式标准化模块化设计，单条产线兼容两轮电动车、电摩、休闲三轮车绝大多数电芯品类，覆盖圆柱、软包多种形态，实现“一线多用”。当企业后续布局更大尺寸圆柱、新增电池串数时，无需对整线大规模拆解重构，仅更换对应功能模块即可完成升级，大幅降低技术路线变更带来的改造成本。PACK产品序列（二、三轮车、换电）成本管控：总拥有成本降低15%-20%，OCT全检杜绝隐患设备采购、后期改造、生产不良损耗三重成本叠加，是长期压在电池企业身上的经营重担。科迈罗与行业头部核心供应商建立长期战略合作，关键部件常备库存保供率达100%，从源头压缩硬件成本。综合核算整套产线全生命周期拥有成本，相比同类竞品低15%-20%。在品质安全管控层面，产线搭载双焊机四压头并行焊接工艺，效率可达40-90ppm；配套OCT熔深全流程监测系统，焊前/焊中/焊后全程实时检测，精准识别漏焊、焊线偏移、熔深不足等缺陷，熔深误差≤10%，焊接良率≥99.5%。多重在线检测工序针对性化解两轮PACK产品起火隐患，帮助客户规避售后与品牌损失。科迈罗主推产品：两轮/三轮车圆柱电芯模组PACK全自动装配线 针对两轮车、三轮车换电市场对圆柱电池模组PACK产线“高效率、高良率、高兼容、快交付”的核心需求，科迈罗推出的圆柱电芯模组PACK全自动装配线具备以下核心优势：效率与产能——双焊接机四压头并行作业，集成自动翻转，单线日产模组数量行业领先，整线产能区间40-90ppm可按需定制，满足两轮车换电市场大批量、快节拍的生产需求。品质与良率——OCT熔深监测全流程护航，焊前/焊中/焊后实时检测，漏光、断焊、焊线偏移、R角及爆点异常均可检出，焊接良率≥99.5%，从源头杜绝不良品流出。交付与投资——整线模块化设计，交付周期最快仅30天，快速投产；柔性化设计支持快速换型，兼容33、40、42、60等系列圆柱电芯，投资成本低，回报周期短，总拥有成本比竞品低15%-20%。关于科迈罗光电广东科迈罗光电技术有限公司成立于2015年，是一家集研发、生产、销售、服务于一体的国家高新技术企业、专精特新企业及创新型企业。公司聚焦锂电、钠电及储能领域，提供从规划、设计、制造到交付的激光智能装备与PACK智能产线一站式解决方案。公司核心团队拥有十余年锂电装备行业深耕经验，累计交付落地项目超300个，合作客户囊括比亚迪、南都电源、星恒、鹏辉能源等行业头部企业，市场覆盖国内各大产业基地及东南亚、非洲等海外厂区。科迈罗手握40余项国家专利，已通过ISO9001及知识产权管理体系认证，是深圳大学联合培养研究生基地、深圳高层次人才工作站。科迈罗光电——向世界传递激光智造力量。欢迎访问科迈罗官网了解更多产品和报价：www.komaro.cn— 完 — 作者丨起点锂电 转载授权请加微信：qd-Lib1222往期回顾01｜小哈换电重磅推出PBHS（Powered By HelloSwap）全球开放生态品牌！02｜鹏辉轻动 王杨：轻动“锂时代”已至，以逆向研发卡位、以高安全+低温长续航制胜03｜力华电源 王茂范：三维安全+全域标准化！46系大圆柱重构两轮锂电发展逻辑04｜CINE2026（第三届）固态电池及钠电国际展定档11月6-7日广州南沙举办！锂电交流群54—码上入群点击阅读原文，即可报名参会！,,,,pending
中轻长沙公司与甘肃融利、酒泉融利达成战略合作！打造钒资源全产业链闭环，助力钒液流电池赛道,亚化液流储能,亚化液流储能,"RIOnews API, 长时储能, 液流电池, 合作进展, 融资, 战略合作, 投资, 合作, 技术进展, 最新进展, 技术突破, 技术验证",normal,2026-07-31T15:30:16+08:00,,中国轻工业长沙工程有限公司与甘肃融利新材料有限公司、酒泉融利新材料有限公司签署战略合作协议！7月23日，中国轻工业长沙工程有限公司（以下简称“中轻长沙公司”）与甘肃融利新材料有限公司、酒泉融利新材料有限公司（以下简称“融利新材料”）战略合作签约仪式在云南昆明顺利举行。甘肃融利新材料董事长郭程和中轻长沙公司党委书记、董事长万华作为双方代表签署战略合作框架协议，标志着双方合作进入系统化对接与项目落地新阶段。甘肃融利新材料董事长郭程致辞：郭程对万华一行的到访致以热烈欢迎。他表示，融利新材料拥有钒系新材料、钒电解液制备、含钒钢渣资源化利用、储能配套材料实体生产基地，是国内少有实现钢渣提钒规模化稳定生产,http://mp.weixin.qq.com/s?__biz=MzkzNDYzMzQ0NA==&mid=2247504074&idx=1&sn=a2e6a6dbc7b9b90d0e10873d94e51b64,,中国轻工业长沙工程有限公司与甘肃融利新材料有限公司、酒泉融利新材料有限公司签署战略合作协议！7月23日，中国轻工业长沙工程有限公司（以下简称“中轻长沙公司”）与甘肃融利新材料有限公司、酒泉融利新材料有限公司（以下简称“融利新材料”）战略合作签约仪式在云南昆明顺利举行。甘肃融利新材料董事长郭程和中轻长沙公司党委书记、董事长万华作为双方代表签署战略合作框架协议，标志着双方合作进入系统化对接与项目落地新阶段。甘肃融利新材料董事长郭程致辞：郭程对万华一行的到访致以热烈欢迎。他表示，融利新材料拥有钒系新材料、钒电解液制备、含钒钢渣资源化利用、储能配套材料实体生产基地，是国内少有实现钢渣提钒规模化稳定生产,中国轻工业长沙工程有限公司与甘肃融利新材料有限公司、酒泉融利新材料有限公司签署战略合作协议！7月23日，中国轻工业长沙工程有限公司（以下简称“中轻长沙公司”）与甘肃融利新材料有限公司、酒泉融利新材料有限公司（以下简称“融利新材料”）战略合作签约仪式在云南昆明顺利举行。甘肃融利新材料董事长郭程和中轻长沙公司党委书记、董事长万华作为双方代表签署战略合作框架协议，标志着双方合作进入系统化对接与项目落地新阶段。甘肃融利新材料董事长郭程致辞：郭程对万华一行的到访致以热烈欢迎。他表示，融利新材料拥有钒系新材料、钒电解液制备、含钒钢渣资源化利用、储能配套材料实体生产基地，是国内少有实现钢渣提钒规模化稳定生产的企业，产业化产线成熟，市场化落地优势显著。下一步，企业将依托甘肃区域钒资源优势，充分发挥资源、运营和专业优势，与中轻长沙公司在钒资源循环、全钒液流储能、环保工程 EPC、联合技术研发、人才协同等方面开展长期深度战略合作，共同打造全国领先的钒资源循环产业基地，携手为国家新型储能、循环经济发展贡献产业力量。中轻长沙公司党委书记、董事长万华致辞万华表示：首先，非常感谢融利新材料有限公司的信任和支持。双方战略合作是基于双方在技术、产业等方面存在互补优势而达成的。当前，全钒液流电池是化学储能的主要发展方向，具备多项优势；本次与融利公司合作的项目是从高钙钢渣中提取钒并制备电解液，既符合国家产业政策，同时，也具有开创性和领先性。中轻长沙公司将与融利新材齐心协力共同推进项目技术落地，示范项目早日投产。同时，双方将在技术研发、人才培养和运营管理等方面展开合作，共同抢抓长时储能产业发展重大机遇，实现互利共赢、长期共生。本次战略合作框架协议的签署，标志着我司正式与钒资源头部企业建立长期稳定战略同盟。未来，双方将携手打通 “钒固废资源化 — 钒电解液生产 — 环保综合治理 — 智能工厂运维” 全产业链闭环，持续输出安全、低碳、高效的钒储能一体化解决方案，助力我国全钒液流储能产业规模化、标准化、绿色化发展，为国家 “双碳” 目标与能源安全战略注入新动能。来源：中国轻工业长沙工程有限公司《亚化钒产业交流群》正式建立，欢迎钒产业链的朋友们的加入，上游主要包括含钒矿产（如钒钛磁铁矿、石煤等）以及含钒固废等钒原料。中游为钒产品生产制造环节，涵盖提钒和制钒两大关键步骤。下游则是钒的应用领域，包括钢铁、冶金、全钒电池、化工、颜料等，入群请备注公司名称、姓名、手机等信息。一会议背景全球能源转型加速推进，全钒液流电池凭借本征安全、超长寿命与灵活扩容的独特优势，已成为长时储能的最优技术路径之一。2025年，中国全钒液流电池新增装机约1GW/4.2GWh。2026年6月，我国规模最大全钒液流储能电站——三峡集团新疆吉木萨尔200MW/1000MWh全钒液流储能电站全面转入商业运行，标志着行业正式迈入吉瓦级商业化运营新阶段。产业规模快速扩张的同时，钒液流电池正经历从技术验证向规模化应用的关键跨越，一系列新趋势与新业态正在重塑行业格局。电解液融资租赁模式加速破局——钒电解液占系统总成本40%-50%，以“以租代购”为核心的经营性租赁可将初始投资降低40%-50%，推动初投成本迈入1元/Wh以内。核心技术持续突破——电堆大型化技术取得关键突破，全球最大功率200KW全钒液流单体电堆发布，大幅降低储能系统的单位装机成本与系统复杂度，推动全钒液流储能技术走向更广泛商业化应用。与此同时，混合储能正成为优化系统性价比的重要路径。“锂电+液流”等组合模式兼顾高功率响应与长时能量时长，有效破解单一技术商业化瓶颈。中国钒液流电池企业亦加速出海，海外布局已成为开拓高溢价市场、实现全球化增长的必然选择。此外，储能与AI算力中心的深度融合正开辟增量空间——全钒液流电池凭借高安全与长时储能特性，精准适配算力中心不间断供电、峰谷节电等新场景，市场需求加速释放。值此产业变革之际，由亚化咨询、上海电气储能联合主办，国际钒技术委员会（Vanitec）支持的中国国际钒液流电池论坛2026将于11月19–20日在上海召开。论坛将深入探讨储能政策与市场、电解液融资租赁创新、电堆与短流程电解液技术、混合储能案例、出海战略、储能与AI算力融合发展等议题。一会议主题1.全球钒液流电池产业政策与市场展望2.全钒液流电池技术发展与成本控制3.钒资源供需格局与价格趋势分析4.短流程电解液制备技术突破与产业化5.电解液融资租赁案例与路径6.电堆技术最新进展与降本趋势7.混合储能项目案例与技术发展8.企业出海战略与海外项目实践9.储能与AI算力中心：绿电直连与长时储能新场景10.液流电池用质子膜产业化进展11.电极、双极板等关键材料技术进展12.液流电池生产设备与工艺13.产业投资与钒液流电池资本市场机遇14.工业参观三大会安排联合主办：亚化咨询、上海电气储能支持单位：国际钒技术委员会会议地点：上海会议规模：200+会议签到：11月18日下午会议报告：11月19日全天工业参观：11月20日-参观地点待定三赞助方案项目项目内容主题演讲25分钟主题演讲参会名额微信推送微信公众号，企业介绍以及相关软文会刊广告研讨会会刊，彩色全页广告（尺寸A4）资料入袋赞助企业的宣传册放入会议包袋现场展台现场展示台，展示样品、资料，含两个参会名额现场易拉宝现场1个易拉宝展示礼品赞助印有赞助商logo的礼品赠送参会听众茶歇赞助冠名和赞助会议期间的茶歇晚宴赞助冠名和赞助会议的招待晚宴Logo展示背景墙 logo，会刊封面logo为充实论坛内容、赋能产业发展、打造高影响力行业交流盛会，现面向全钒液流电池产业领域专家学者、资深企业家，公开征集演讲议题，共绘产业美好蓝图。如果您有意向参与演讲、赞助或参会，欢迎您与我们联系：赵经理***********（微信同号）review往期会议回顾中国国际钒液流电池论坛2025圆满召开！【快讯】第三届钒原料、电解液与钒电池储能论坛2025圆满召开！【快讯】中国国际钒液流储能大会2024圆满召开！【快讯】2024钒原料、电解液与钒电池储能论坛【快讯】第二届液流储能电池技术与产业发展论坛【快讯】质子膜、双极板、电极材料与电堆技术论坛【快讯】钒原料、电解液与钒电池产业发展论坛2023【快讯】2023液流储能电池技术与产业发展论坛圆满召开！关于亚化咨询亚化咨询是国内领先的新兴能源、材料领域的产业智库，2008年成立于上海浦东。业务范围：咨询研究、会议培训、产业中介。重点关注：新兴能源、材料产业，如煤化工、高端石化、光伏、氢能与燃料电池、生物能源材料、半导体、储能等。版权及免责声明：一、本公众号注明“原创”的文章，其他媒体可以转载，但转载时必须保持内容的完整性，且务必注明来源。二、本公众号注明其他来源的文章，是出于分享信息之目的而转载的公开内容，版权归原作者所有。如涉及版权问题，敬请联系，我们将在第一时间核实并处理。中轻长沙公司与甘肃融利、酒泉融利达成战略合作！打造钒资源全产业链闭环，助力钒液流电池赛道,,,,pending
【重磅发布】国家能源局发布《中国新型储能发展报告（2026）》！附全文！,亚化液流储能,亚化液流储能,"RIOnews API, 长时储能, 液流电池, 产品发布, 发布, 发布会, 合作进展, 融资, 投资, 合作, 技术进展, 最新进展, 技术突破, 技术验证",normal,2026-07-31T15:30:16+08:00,,7月30日，国家能源局召开例行新闻发布会，介绍上半年全国能源形势及能源转型成效、可再生能源并网运行、迎峰度夏能源电力保供、电动汽车充电基础设施建设情况，发布《中国新型储能发展报告（2026）》并回答记者提问。会上，国家能源局能源节约和科技装备司副司长徐继林对《中国新型储能发展报告（2026）》作简要介绍。《报告》主要包括四部分内容。一是从政策体系、装机规模、技术创新、产业发展等方面，系统总结2025年国内外新型储能发展情况。二是对“十四五”以来我国新型储能发展历程进行回顾，全面总结国家能源局推动新型储能规模化发展、技术进步、产业发展的主要经验。三是从聚焦应用场景、坚持创新驱动、科学谋划发展、加,http://mp.weixin.qq.com/s?__biz=MzkzNDYzMzQ0NA==&mid=2247504074&idx=3&sn=38034d583d94bee3b3ecd0aedd5a4511,,7月30日，国家能源局召开例行新闻发布会，介绍上半年全国能源形势及能源转型成效、可再生能源并网运行、迎峰度夏能源电力保供、电动汽车充电基础设施建设情况，发布《中国新型储能发展报告（2026）》并回答记者提问。会上，国家能源局能源节约和科技装备司副司长徐继林对《中国新型储能发展报告（2026）》作简要介绍。《报告》主要包括四部分内容。一是从政策体系、装机规模、技术创新、产业发展等方面，系统总结2025年国内外新型储能发展情况。二是对“十四五”以来我国新型储能发展历程进行回顾，全面总结国家能源局推动新型储能规模化发展、技术进步、产业发展的主要经验。三是从聚焦应用场景、坚持创新驱动、科学谋划发展、加,7月30日，国家能源局召开例行新闻发布会，介绍上半年全国能源形势及能源转型成效、可再生能源并网运行、迎峰度夏能源电力保供、电动汽车充电基础设施建设情况，发布《中国新型储能发展报告（2026）》并回答记者提问。会上，国家能源局能源节约和科技装备司副司长徐继林对《中国新型储能发展报告（2026）》作简要介绍。《报告》主要包括四部分内容。一是从政策体系、装机规模、技术创新、产业发展等方面，系统总结2025年国内外新型储能发展情况。二是对“十四五”以来我国新型储能发展历程进行回顾，全面总结国家能源局推动新型储能规模化发展、技术进步、产业发展的主要经验。三是从聚焦应用场景、坚持创新驱动、科学谋划发展、加强行业管理、健全市场机制和促进交流合作等方面展望“十五五”产业发展。四是介绍2026年的重点工作，确保“十五五”行业发展开好局、起好步。总体来看，“十四五”时期，我国新型储能产业由商业化应用初期步入规模化发展新阶段，为新型储能多元价值发挥和产业高质量发展奠定了坚实基础。一是新型储能发展政策“四梁八柱”不断完善。按照“先顶层设计，后专项推动，梯次推进”的思路，会同有关部门构建起覆盖全面、衔接有序、协同发力的政策体系。二是新型储能装机规模实现跨越式发展。按照“系统谋划、因地制宜”原则，推动新型储能装机规模快速发展，全国新型储能装机规模从“十四五”初期的300万千瓦提升至1.36亿千瓦，总体呈现逐年翻倍发展态势。三是多元技术创新实践持续深化。国家能源局深入实施创新驱动发展战略，推动各类技术路线快速发展，逐步形成了“锂离子电池储能主导，多技术路线并举”的多元化发展格局。四是系统调节能力逐步发挥。全国新型储能利用情况逐年向好，2023年、2024年、2025年全国新型储能等效利用小时数分别达到611小时、911小时、1195小时，有效发挥系统调节作用。报告提出，截至2025年底，全球新型储能累计装机规模约2.8亿千瓦，同比增长约67%，中国新型储能累计装机规模约占全球50%。其中，全球电池储能累计装机达2.7亿千瓦，占比约97%；压缩空气储能累计装机达170万千瓦，占比约0.6%；热储能累计装机超过520万千瓦，占比约2%；其他技术路线储能累计装机约100万千瓦，占比约0.4%。2025年，全球新型储能（不含热储能）新增装机规模约1.1亿千瓦，同比增长52%，其中，中国、美国、欧洲、澳大利亚新增装机分别约6200万千瓦、1800万千瓦、1500万千瓦、500万千瓦B，分别占新增装机的56%、16%、13%、5%。截至2025年底全球新型储能累计装机规模及各技术路线占比截至2025年底，全国新型储能累计装机规模13593万千瓦/35112万千瓦时，同比增长84.3%；平均储能时长约2.58小时，较2024年增加约0.30小时，储能时长呈逐年上升趋势。全国新型储能装机规模及时长从地区分布来看，华北、西北为新型储能装机规模较大区域，装机规模分别为4413.1万千瓦/12330.2万千瓦时、3838.2万千瓦/11733.8万千瓦时，两者装机规模合计占全国装机60.7%。华东、南方、华中和东北地区装机占比分别为14.4%、13.1%、11.1%和0.7%。全国各地区新型储能装机规模占比华北、西北两地新增装机占2025年全部新增装机的66.8%，成为引领全国新型储能装机增长的主力区域。2025年全国各地区新型储能新增装机占比从应用场景来看，截至2025年底，独立储能装机规模为6954.5万千瓦/17726.4万千瓦时，占比达51.2%，华北、华中、华东、南方地区的独立储能占比均已超过五成。新能源配建储能装机规模5020.3万千瓦/13444.8万千瓦时，占比36.9%，与2024年相比占比略有下降，主要分布在西北、华北和东北地区。2025年底新型储能不同应用场景的装机规模占比 原文如下来源：国家能源局《亚化钒产业交流群》正式建立，欢迎钒产业链的朋友们的加入，上游主要包括含钒矿产（如钒钛磁铁矿、石煤等）以及含钒固废等钒原料。中游为钒产品生产制造环节，涵盖提钒和制钒两大关键步骤。下游则是钒的应用领域，包括钢铁、冶金、全钒电池、化工、颜料等，入群请备注公司名称、姓名、手机等信息。一会议背景全球能源转型加速推进，全钒液流电池凭借本征安全、超长寿命与灵活扩容的独特优势，已成为长时储能的最优技术路径之一。2025年，中国全钒液流电池新增装机约1GW/4.2GWh。2026年6月，我国规模最大全钒液流储能电站——三峡集团新疆吉木萨尔200MW/1000MWh全钒液流储能电站全面转入商业运行，标志着行业正式迈入吉瓦级商业化运营新阶段。产业规模快速扩张的同时，钒液流电池正经历从技术验证向规模化应用的关键跨越，一系列新趋势与新业态正在重塑行业格局。电解液融资租赁模式加速破局——钒电解液占系统总成本40%-50%，以“以租代购”为核心的经营性租赁可将初始投资降低40%-50%，推动初投成本迈入1元/Wh以内。核心技术持续突破——电堆大型化技术取得关键突破，全球最大功率200KW全钒液流单体电堆发布，大幅降低储能系统的单位装机成本与系统复杂度，推动全钒液流储能技术走向更广泛商业化应用。与此同时，混合储能正成为优化系统性价比的重要路径。“锂电+液流”等组合模式兼顾高功率响应与长时能量时长，有效破解单一技术商业化瓶颈。中国钒液流电池企业亦加速出海，海外布局已成为开拓高溢价市场、实现全球化增长的必然选择。此外，储能与AI算力中心的深度融合正开辟增量空间——全钒液流电池凭借高安全与长时储能特性，精准适配算力中心不间断供电、峰谷节电等新场景，市场需求加速释放。值此产业变革之际，由亚化咨询、上海电气储能联合主办，国际钒技术委员会（Vanitec）支持的中国国际钒液流电池论坛2026将于11月19–20日在上海召开。论坛将深入探讨储能政策与市场、电解液融资租赁创新、电堆与短流程电解液技术、混合储能案例、出海战略、储能与AI算力融合发展等议题。一会议主题1.全球钒液流电池产业政策与市场展望2.全钒液流电池技术发展与成本控制3.钒资源供需格局与价格趋势分析4.短流程电解液制备技术突破与产业化5.电解液融资租赁案例与路径6.电堆技术最新进展与降本趋势7.混合储能项目案例与技术发展8.企业出海战略与海外项目实践9.储能与AI算力中心：绿电直连与长时储能新场景10.液流电池用质子膜产业化进展11.电极、双极板等关键材料技术进展12.液流电池生产设备与工艺13.产业投资与钒液流电池资本市场机遇14.工业参观三大会安排联合主办：亚化咨询、上海电气储能支持单位：国际钒技术委员会会议地点：上海会议规模：200+会议签到：11月18日下午会议报告：11月19日全天工业参观：11月20日-参观地点待定三赞助方案项目项目内容主题演讲25分钟主题演讲参会名额微信推送微信公众号，企业介绍以及相关软文会刊广告研讨会会刊，彩色全页广告（尺寸A4）资料入袋赞助企业的宣传册放入会议包袋现场展台现场展示台，展示样品、资料，含两个参会名额现场易拉宝现场1个易拉宝展示礼品赞助印有赞助商logo的礼品赠送参会听众茶歇赞助冠名和赞助会议期间的茶歇晚宴赞助冠名和赞助会议的招待晚宴Logo展示背景墙 logo，会刊封面logo为充实论坛内容、赋能产业发展、打造高影响力行业交流盛会，现面向全钒液流电池产业领域专家学者、资深企业家，公开征集演讲议题，共绘产业美好蓝图。如果您有意向参与演讲、赞助或参会，欢迎您与我们联系：赵经理***********（微信同号）review往期会议回顾中国国际钒液流电池论坛2025圆满召开！【快讯】第三届钒原料、电解液与钒电池储能论坛2025圆满召开！【快讯】中国国际钒液流储能大会2024圆满召开！【快讯】2024钒原料、电解液与钒电池储能论坛【快讯】第二届液流储能电池技术与产业发展论坛【快讯】质子膜、双极板、电极材料与电堆技术论坛【快讯】钒原料、电解液与钒电池产业发展论坛2023【快讯】2023液流储能电池技术与产业发展论坛圆满召开！关于亚化咨询亚化咨询是国内领先的新兴能源、材料领域的产业智库，2008年成立于上海浦东。业务范围：咨询研究、会议培训、产业中介。重点关注：新兴能源、材料产业，如煤化工、高端石化、光伏、氢能与燃料电池、生物能源材料、半导体、储能等。版权及免责声明：一、本公众号注明“原创”的文章，其他媒体可以转载，但转载时必须保持内容的完整性，且务必注明来源。二、本公众号注明其他来源的文章，是出于分享信息之目的而转载的公开内容，版权归原作者所有。如涉及版权问题，敬请联系，我们将在第一时间核实并处理。【重磅发布】国家能源局发布《中国新型储能发展报告（2026）》！附全文！,,,,pending
澳洲最大！出光兴产拟建108MW/864MWh全钒液流电池储能项目,亚化液流储能,亚化液流储能,"RIOnews API, 长时储能, 液流电池, 合作进展, 融资, 投资, 合作, 技术进展, 最新进展, 技术突破, 技术验证",normal,2026-07-31T15:30:16+08:00,,以下文章来源于亚化储能，作者亚化咨询亚化储能.电化学储能、新型长时储能，锂离子电池、全钒液流电池、钒电池、液流电池、固态电池。氧化物固态电解质、硫化物固态电解质、卤化物固态电解质，磷酸铁锂、富锂锰基材料、硅负极。日本出光兴产株式会社（Idemitsu Kosan）旗下澳大利亚子公司Idemitsu Australia近日宣布，计划在新南威尔士州亨特地区（Hunter Region）原马斯韦尔布鲁克（Muswellbrook）煤矿旧址，建设一座电网级全钒液流电池储能项目。该项目是出光兴产将退役煤矿改造为清洁能源产业园区的核心组成部分。该项目规划建于2022年退役的马斯韦尔布鲁克煤矿场址，储能容量,http://mp.weixin.qq.com/s?__biz=MzkzNDYzMzQ0NA==&mid=2247504074&idx=2&sn=a69bc5910a60157c7c8ee64cee43668c,,以下文章来源于亚化储能，作者亚化咨询亚化储能.电化学储能、新型长时储能，锂离子电池、全钒液流电池、钒电池、液流电池、固态电池。氧化物固态电解质、硫化物固态电解质、卤化物固态电解质，磷酸铁锂、富锂锰基材料、硅负极。日本出光兴产株式会社（Idemitsu Kosan）旗下澳大利亚子公司Idemitsu Australia近日宣布，计划在新南威尔士州亨特地区（Hunter Region）原马斯韦尔布鲁克（Muswellbrook）煤矿旧址，建设一座电网级全钒液流电池储能项目。该项目是出光兴产将退役煤矿改造为清洁能源产业园区的核心组成部分。该项目规划建于2022年退役的马斯韦尔布鲁克煤矿场址，储能容量,"以下文章来源于亚化储能，作者亚化咨询亚化储能.电化学储能、新型长时储能，锂离子电池、全钒液流电池、钒电池、液流电池、固态电池。氧化物固态电解质、硫化物固态电解质、卤化物固态电解质，磷酸铁锂、富锂锰基材料、硅负极。日本出光兴产株式会社（Idemitsu Kosan）旗下澳大利亚子公司Idemitsu Australia近日宣布，计划在新南威尔士州亨特地区（Hunter Region）原马斯韦尔布鲁克（Muswellbrook）煤矿旧址，建设一座电网级全钒液流电池储能项目。该项目是出光兴产将退役煤矿改造为清洁能源产业园区的核心组成部分。该项目规划建于2022年退役的马斯韦尔布鲁克煤矿场址，储能容量至少为108MW/864MWh，可实现长达8小时的储能时长。项目将安装高达200MW的双向逆变器，使电池储能系统能够在市场条件允许的情况下灵活调整充放电节奏。项目将通过Ausgrid的132kV Sandy Creek变电站接入电网。图片来源：Idemitsu Australia据新南威尔士州规划门户网站信息，该项目已被列为“州级重大开发项目”，当前状态为“准备环境评估要求”。出光兴产预计项目将于2028年初启动建设，建设周期约两年。值得关注的是，该项目若顺利建成，将成为澳大利亚迄今规模最大的钒液流电池储能设施，其容量显著超过西澳大利亚州政府为提升卡尔古利地区电网可靠性而规划的50MW/500MWh钒液流电池项目。项目将采用全钒液流电池技术。出光兴产表示，相较于锂离子电池，该技术具有多重优势：采用安全稳定的不可燃电解液、30年以上运行周期内电池性能衰减可忽略不计、储能时长灵活可变——通过增加电解液即可延长储能时间。出光兴产指出，全钒液流电池技术“诞生于1984年的新南威尔士大学，是一项澳大利亚本土发明，能够提供安全、真正的长时储能，在30年以上项目寿命结束后，99%的材料可重复使用或回收利用”。公司将该项目的实施定位为“催化剂项目”，旨在支持澳大利亚本土制造业发展，并展示该技术在更大市场推广应用的条件已成熟。项目所使用的钒电解液将在澳大利亚本土生产，出光兴产同时表示将探索在澳大利亚实现电池制造的可行路径。该钒液流电池项目是出光兴产将马斯韦尔布鲁克煤矿场址整体改造为可再生能源园区的重要组成部分。园区内目前已规划或正在推进的清洁能源项目包括：太阳能发电及电池储能项目：出光兴产与瑞典可再生能源开发商OX2合作，已开工建设一座135MW太阳能发电厂及135MW/270MWh电池储能项目；抽水蓄能项目：出光兴产与能源企业AGL合作，规划建设一座400MW抽水蓄能电站，可提供长达8小时的储能服务；绿色氢能：园区内绿色氢能设施的前期调研工作也在持续推进中。据外媒报道，该项目在建设阶段预计将创造100个就业岗位，并设有5个长期运营岗位。出光兴产澳大利亚公司已设立4万澳元社区福利基金，为当地学校、体育俱乐部、志愿者组织、原住民组织及本地服务机构提供最高5,000澳元的资助。出光兴产表示：“我们为能够致力于建设一个立足亨特地区工业传承、同时助力澳大利亚能源转型的未来而感到自豪。”公司同时指出，马斯韦尔布鲁克清洁能源产业园区“展示了如何将传统矿业资产重新利用，以支持长时储能、区域就业和未来产业发展”。来源：pv magazine《亚化钒产业交流群》正式建立，欢迎钒产业链的朋友们的加入，上游主要包括含钒矿产（如钒钛磁铁矿、石煤等）以及含钒固废等钒原料。中游为钒产品生产制造环节，涵盖提钒和制钒两大关键步骤。下游则是钒的应用领域，包括钢铁、冶金、全钒电池、化工、颜料等，入群请备注公司名称、姓名、手机等信息。一会议背景全球能源转型加速推进，全钒液流电池凭借本征安全、超长寿命与灵活扩容的独特优势，已成为长时储能的最优技术路径之一。2025年，中国全钒液流电池新增装机约1GW/4.2GWh。2026年6月，我国规模最大全钒液流储能电站——三峡集团新疆吉木萨尔200MW/1000MWh全钒液流储能电站全面转入商业运行，标志着行业正式迈入吉瓦级商业化运营新阶段。产业规模快速扩张的同时，钒液流电池正经历从技术验证向规模化应用的关键跨越，一系列新趋势与新业态正在重塑行业格局。电解液融资租赁模式加速破局——钒电解液占系统总成本40%-50%，以“以租代购”为核心的经营性租赁可将初始投资降低40%-50%，推动初投成本迈入1元/Wh以内。核心技术持续突破——电堆大型化技术取得关键突破，全球最大功率200KW全钒液流单体电堆发布，大幅降低储能系统的单位装机成本与系统复杂度，推动全钒液流储能技术走向更广泛商业化应用。与此同时，混合储能正成为优化系统性价比的重要路径。“锂电+液流”等组合模式兼顾高功率响应与长时能量时长，有效破解单一技术商业化瓶颈。中国钒液流电池企业亦加速出海，海外布局已成为开拓高溢价市场、实现全球化增长的必然选择。此外，储能与AI算力中心的深度融合正开辟增量空间——全钒液流电池凭借高安全与长时储能特性，精准适配算力中心不间断供电、峰谷节电等新场景，市场需求加速释放。值此产业变革之际，由亚化咨询、上海电气储能联合主办，国际钒技术委员会（Vanitec）支持的中国国际钒液流电池论坛2026将于11月19–20日在上海召开。论坛将深入探讨储能政策与市场、电解液融资租赁创新、电堆与短流程电解液技术、混合储能案例、出海战略、储能与AI算力融合发展等议题。一会议主题1.全球钒液流电池产业政策与市场展望2.全钒液流电池技术发展与成本控制3.钒资源供需格局与价格趋势分析4.短流程电解液制备技术突破与产业化5.电解液融资租赁案例与路径6.电堆技术最新进展与降本趋势7.混合储能项目案例与技术发展8.企业出海战略与海外项目实践9.储能与AI算力中心：绿电直连与长时储能新场景10.液流电池用质子膜产业化进展11.电极、双极板等关键材料技术进展12.液流电池生产设备与工艺13.产业投资与钒液流电池资本市场机遇14.工业参观三大会安排联合主办：亚化咨询、上海电气储能支持单位：国际钒技术委员会会议地点：上海会议规模：200+会议签到：11月18日下午会议报告：11月19日全天工业参观：11月20日-参观地点待定三赞助方案项目项目内容主题演讲25分钟主题演讲参会名额微信推送微信公众号，企业介绍以及相关软文会刊广告研讨会会刊，彩色全页广告（尺寸A4）资料入袋赞助企业的宣传册放入会议包袋现场展台现场展示台，展示样品、资料，含两个参会名额现场易拉宝现场1个易拉宝展示礼品赞助印有赞助商logo的礼品赠送参会听众茶歇赞助冠名和赞助会议期间的茶歇晚宴赞助冠名和赞助会议的招待晚宴Logo展示背景墙 logo，会刊封面logo为充实论坛内容、赋能产业发展、打造高影响力行业交流盛会，现面向全钒液流电池产业领域专家学者、资深企业家，公开征集演讲议题，共绘产业美好蓝图。如果您有意向参与演讲、赞助或参会，欢迎您与我们联系：赵经理***********（微信同号）review往期会议回顾中国国际钒液流电池论坛2025圆满召开！【快讯】第三届钒原料、电解液与钒电池储能论坛2025圆满召开！【快讯】中国国际钒液流储能大会2024圆满召开！【快讯】2024钒原料、电解液与钒电池储能论坛【快讯】第二届液流储能电池技术与产业发展论坛【快讯】质子膜、双极板、电极材料与电堆技术论坛【快讯】钒原料、电解液与钒电池产业发展论坛2023【快讯】2023液流储能电池技术与产业发展论坛圆满召开！关于亚化咨询亚化咨询是国内领先的新兴能源、材料领域的产业智库，2008年成立于上海浦东。业务范围：咨询研究、会议培训、产业中介。重点关注：新兴能源、材料产业，如煤化工、高端石化、光伏、氢能与燃料电池、生物能源材料、半导体、储能等。版权及免责声明：一、本公众号注明“原创”的文章，其他媒体可以转载，但转载时必须保持内容的完整性，且务必注明来源。二、本公众号注明其他来源的文章，是出于分享信息之目的而转载的公开内容，版权归原作者所有。如涉及版权问题，敬请联系，我们将在第一时间核实并处理。澳洲最大！出光兴产拟建108MW/864MWh全钒液流电池储能项目",,,,pending
47亿元！容百科技投建30万吨钠电正极！,电池社,电池社,"RIOnews API, 新材料, 电池材料, 碳, 高比能, 硅, 钠离子电池, 钠电, 合作进展, 投资, 合作, 学术研究, 大学, 科学院, 研究所, 宁德时代, 鹏辉能源, 储能, 正极材料, 负极材料, 投产, 实验室, 量产, 落地",normal,2026-07-31T15:08:51+08:00,,7月30日，容百科技与仙桃市人民政府签署《项目投资合同书》，拟投资建设仙桃年产30万吨钠电正极材料一体化项目，总投资金额47.23亿元。该项目将分三期建设，其中一期5万吨、二期10万吨、三期15万吨，一期预计2027年5月建成投产，进一步巩固公司在钠电正极材料领域的先发优势，精准把握钠电产业化的关键窗口期。仙桃市委书记孙道军，市委副书记、市长熊享涛，市人大常委会主任余文华，市政协主席印家利，市委副书记李少云，市委常委、副市长唐江平及相关部门领导出席会议，与容百集团董事长兼总裁白厚善、集团副总裁张慧清、董事长助理周佳祥、总裁助理袁徐俊、钠电事业部总经理王尊志及集团高层领导，银行、合作伙伴、媒体记,http://mp.weixin.qq.com/s?__biz=MzI5MDc1MjAzNQ==&mid=2247542820&idx=1&sn=d45790e008ad27d2f98c571cb9a2901d,,7月30日，容百科技与仙桃市人民政府签署《项目投资合同书》，拟投资建设仙桃年产30万吨钠电正极材料一体化项目，总投资金额47.23亿元。该项目将分三期建设，其中一期5万吨、二期10万吨、三期15万吨，一期预计2027年5月建成投产，进一步巩固公司在钠电正极材料领域的先发优势，精准把握钠电产业化的关键窗口期。仙桃市委书记孙道军，市委副书记、市长熊享涛，市人大常委会主任余文华，市政协主席印家利，市委副书记李少云，市委常委、副市长唐江平及相关部门领导出席会议，与容百集团董事长兼总裁白厚善、集团副总裁张慧清、董事长助理周佳祥、总裁助理袁徐俊、钠电事业部总经理王尊志及集团高层领导，银行、合作伙伴、媒体记,"7月30日，容百科技与仙桃市人民政府签署《项目投资合同书》，拟投资建设仙桃年产30万吨钠电正极材料一体化项目，总投资金额47.23亿元。该项目将分三期建设，其中一期5万吨、二期10万吨、三期15万吨，一期预计2027年5月建成投产，进一步巩固公司在钠电正极材料领域的先发优势，精准把握钠电产业化的关键窗口期。仙桃市委书记孙道军，市委副书记、市长熊享涛，市人大常委会主任余文华，市政协主席印家利，市委副书记李少云，市委常委、副市长唐江平及相关部门领导出席会议，与容百集团董事长兼总裁白厚善、集团副总裁张慧清、董事长助理周佳祥、总裁助理袁徐俊、钠电事业部总经理王尊志及集团高层领导，银行、合作伙伴、媒体记者等齐聚现场，共同见证这一推动钠电加速规模化量产的重要时刻。会议议程会议时间、地点会议时间：2026年8月19日上午10点签到，下午2点开始多孔炭材料小班课培训 8月20日全天会议 8月21日上午半天会议会议地点：常熟龙腾希尔顿酒店单早420元/间，双早450元/间。请扫码预定。会议天气交通参考会议酒店：常熟龙腾希尔顿酒店交通参考：✈️ 机场落地距离最近的是苏南硕放国际机场（无锡），其次为上海虹桥国际机场。可根据落地机场选择以下方式：1. 苏南硕放国际机场距酒店约40-45公里，驾车约60分钟。机场城际班车或苏汽直通车。2. 上海虹桥国际机场（SHA）距酒店约90-99公里，驾车约90分钟。3. 上海浦东国际机场（PVG）距酒店约140公里，驾车需2小时以上。 高铁到站首选站点：常熟站距酒店约8公里，打车/驾车约15分钟。可乘坐常熟公交12路，约50分钟可达酒店附近。备选站点：苏州北站若直达常熟站车次不便，可到苏州北站再中转。距酒店约32公里，驾车约40分钟第三届硅负极用多孔炭材料技术研讨会 将于 2026 年 8 月 19-21 日在江苏常熟举办，本次大会参会规模获将创新高，截至目前累计 200 家产业链企业报名参会。覆盖电池，负极材料、硅源碳前驱体、CVD 热工装备、粉体深加工、精密检测仪器、高纯特气、磁电除杂、石墨耗材、第三方检测全细分赛道。本次大会目前已有30位报告嘉宾。目前会务组正补充电池企业报告，欢迎大家帮忙推荐。目前已有53家展商，其中材料企业有15家，材料厂家占比三分之一：正望/兴业/圣泉/格源/联创锂能/中宁硅业/银硅科技/木林森/阿佩克斯/伟杰石墨/苏州铭隆/青昀新材/浦士达/湖北宜硅/河北瑞碳。客户已全部就位！设备厂商请抓紧机会！ 江苏 常熟 —— 8.19-212026 第三届硅负极用多孔炭材料技术研讨会 01 0元参会：免费参加，无用餐 02 600元/人：含3顿自助，1次晚宴 03 企业参观：参观博涛热工 04 5千元现金奖励：评选墙报 会议组织 ▼ 主办单位：江苏博涛智能热工股份有限公司材能时代联合主办单位：百辐网晚宴冠名单位：江苏博涛智能热工股份有限公司协办单位：东莞市志远高热机械科技有限公司山东圣泉新能源科技有限公司青岛正望新材料股份有限公司丹东百特仪器有限公司理化联科(北京)仪器科技有限公司广州森波化工科技有限公司深圳市美格真空科技有限公司研创测控技术(福州)有限公司苏州纽姆特纳米科技有限公司林德气体(上海)有限公司中建材（陕西）新材料装备有限公司山东埃尔派粉体科技股份有限公司/山东贝亿特科技有限公司征集中…… 参展单位：佛山市赛普飞特科技有限公司潍坊精华粉体科技股份有限公司潍坊追日磁电科技有限公司株洲众亿科技有限公司合肥恒力装备有限公司山东华特磁电集团股份有限公司苏州兴业材料科技股份有限公司浙江格源新材料科技有限公司浙江中宁硅业股份有限公司银硅(宁波)科技有限公司湖北宜硅新材料有限公司洛阳联创锂能科技有限公司贵州华睿新材料科技有限公司江苏微普纳米科技有限公司江苏青昀碳基创新材料有限公司深圳沃飞科技有限公司青岛优明科粉体机械有限公司苏州铭隆新材料有限公司常州市龙鑫智能装备股份有限公司江苏尚金干燥科技有限公司苏州孚然德实验设备有限公司玉环比得宝气阀有限公司江苏浦士达环保科技股份有限公司青岛伟杰石墨有限公司广东智子智能技术有限公司浙江阿佩克斯能源科技有限公司上海韵申新能源科技有限公司木林森活性炭江苏有限公司Alicat株洲和创中高频设备有限公司中碳（江苏）检测有限公司上海汇选机电设备有限公司常州天马粉体科技有限公司上海洁安流体科技有限公司江苏亮果金属制品有限公司河北瑞碳新能源科技有限公司北京韫茂科技有限公司临朐华邦重工设备有限公司东莞市科路得新能源科技有限公司福建龙亿粉体装备制造有限公司征集中……时间安排：会议酒店：常熟龙腾希尔顿酒店单标间同价,单早420元/间，双早450元/间 会议招商 ▼ 演讲报告▂▂20分钟大会报告演讲宣传。挂绳宣传▂▂参会证件挂绳独家定制、人人佩戴，全程品牌展示。手提袋广告▂▂全场参会资料袋独家冠名，随身流动广告，全程高频曝光；饮用水广告▂▂全场饮用水瓶身定制企业宣传，全天候场景化植入；展位宣传▂▂产品展示宣传的最佳选择。多种宣传方式可进行选择，有需求请联系会务组 报名费用 ▼ 若用餐600元/人，不用餐无费用 账户信息：账户名称:深圳材能时代数字科技有限公司账户号码:41023500040057558开户银行:中国农业银行股份有限公司深圳坑梓支行税号：91440300MAE4G8PT1Q地址：深圳市坪山区坑梓街道秀新区吉康路45-1银行行号：103584002359汇款用途 ：会议费或技术服务费开票注意事项：如果需要增值税专用发票， 请提供单位名称 、税号 、地址 、 电话 、 开户行 、账号。接受邮箱:caineng9959@163.com。 墙报征集 ▼ 重磅奖项设置 本次研讨会将采用墙报展示这一重要学术交流形式。墙报要求直观呈现核心研究成果，辅以简洁明了的文字说明，使参会者能够在短时间内迅速掌握研究要点与结论，本次特设丰厚现金奖，无报名费，诚意满满邀请来参赛！本次墙报奖金由志远高热赞助，感谢志远高热的大力支持！ 一等奖：5000 元 二等奖：3000 元 三等奖：1000 元尺寸要求 每篇墙报论文限一个展板，尺寸:宽x高=90cmx120cm，自行设计。截止日期：于8月10号前发送至邮箱：caineng9959@163.com评奖：评奖时间为8月21日上午，本次评选仅针对在校学生，企业单位不参与此次评选 已报名企业 ▼ 以下为报名参会单位：绝无虚假浙江研一新能源科技有限公司北京诺芯科技有限公司上海衡谱科技有限公司山西新华防化装备研究院有限公司江苏博云创投待成立东瑞盛碳材料有限公司怀柔实验室新能源科技有限公司苏州纽迈分析仪器股份有限公司深圳耀石锂电科技有限公司江西欣荣锂电材料有限公司黄山极炭新能源材料科技有限公司黄山极炭新能源材料科技有限公司沈阳市金恒基化工有限公司宁波澜能碳科新材料科技有限公司博云创投江苏新亚森生物质燃料股份公司浙江自立高分子化工材料有限公司苏州弗兰特智能装备有限公司郭氏集团四川津大坩埚，金大碳素公司意尔孚新材料（江苏）宁德时代华友钴业有限公司森松江苏重工有限公司河北瑞碳新能源科技有限公司西安蓝晓科技新材料股份有限公司沃尔森廊坊控制系统设备有限公司江苏海洋大学广西绿循环新材料有限公司GCL Solar Materials US苏州大学成都福骋投资有限公司江苏贝尔机械张家港保税区梵创产业发展有限公司湖南金博碳素股份有限公司杭州嘉帆包装制品有限公司北京林业大学岳阳兴长石化股份有限公司华阳聚慧青岛山海先导装备科技有限公司中石化大连石油化工研究院吉林省熙皓碳业科技有限公司清陶能源时代华景天鹏电源新中能源公司华阳聚慧江苏固芯能源科技有限公司北烯科技兰溪致德新能源材料有限公司江苏正旭企新材料有限公司青岛山海先导装备科技有限公司中石化大连石油化工研究院吉林省熙皓碳业科技有限公司湖南荣炭科技有限公司吉林省熙皓炭业科技有限公司济南圣泉集团股份有限公司吉林省熙皓炭业科技有限公司意尔孚新材料蚌埠吉孚力新材料科技有限公司久钠能源科技（南通）有限公司浙江科技大学潍坊追日磁电科技有限公司厦门理工学院广州重华化工有限公司丹东百特仪器有限公司青岛华世洁新材料科技集团股份有限公司广东新开能环境科技有限公司成都源碳新材料有限公司江西科技学院中国科学院深圳先进技术研究院苏州瑞技利机电科技有限公司河南万贯实业有限公司天目先导电池材料科技股份有限公司江苏苏珞珈雅科比环境材料科技（天津）有限公司宜兴市东山新型材料有限公司中科合肥煤气化技术有限公司上海衡谱科技有限公司杭州沃原生物质能源科技有限公司天能深圳市华明胜科技有限公司深圳索理德新材料科技有限公司青岛福金石墨有限公司强牛兴旺上海自动化设备有限公司炭衍科技服务（无锡）有限公司南昌大学湖州宏道制动系统有限公司郑州市嵩博高温材料有限公司上海玄电新材料上海森永工程设备股份有限公司中山大学合肥国家科学中心四川纳维时代科技有限公司宜兴东山新材料有限公司山东大学台州市金博新材料有限公司固芯能源广东新开能环境科技有限公司浙江明日和顺新材料科技有限公司上海证券有限责任公司厦门一为超材料科技有限公司湖南省正源储能材料与器件研究所厦门海湾化工有效公司上海迈拓尔特种气体有限公司石家庄学院保定顺盈新能源有限公司浙江自立高分子化工材料意尔孚化学（上海）上海迈拓尔特种气体有限公司青岛福金石墨有限公司西北大学杉杉科技研究院北京北炭科技有限公司福建龙亿粉体装备固安海若斯新材料科技有限公司安徽孔源特科技有限公司容创未来（天津）新能源有限公司南京信息工程大学河北亿象新材料科技有限公司南京维摩科技有限公司上海市翔丰华科技股份有限公司长沙理工大学临朐华邦重工设备有限公司天之棋（上海）材料科技有限公司湖南省正源储能材料与器件研究所杭州和利时自动化有限公司杭州师范大学宜宾市高县驻长三角招商分局湖北兴发化工集团股份有限公司江苏贝尔机械股份有限公司江苏正旭企新材料有限公司苏州碳创新材料技术开发有限公司常州市龙鑫智能装备股份有限公司湖州劲钠新能源科技有限公司苏州粉泰克粉体工程技术有限公司研矽光电沈阳盛源新材料上海儒特机电设备有限公司扬州大邦科技有限公司陕西智科祥达科技有限公司硅源新能常州硅源新能材料有限公司鑫诺化工(深圳)有限公司江苏昆山上海汇化实业有限公司银硅（宁波）科技有限公司联泓新材料研究院浙江格源新材料科技有限公司苏州苏锂新材料科技有限公司浙江启源新材料有限公司Alicat炭衍科技服务（无锡）有限公司昌邑森汇新材料有限公司天津理工中屹慧启（上海）科技有限公司杭州嘉帆包装制品有限公司广东汇京智能装备有限公司:强牛兴旺(上海)自动化设备有限公司维坊精华粉体科技股份有限公司青岛芯笙微纳电子科技有限公司江苏博涛智能热工股份有限公司百辐网东莞市志远高热机械科技有限公司山东圣泉新能源科技有限公司青岛正望新材料股份有限公司丹东百特仪器有限公司理化联科(北京)仪器科技有限公司广州森波化工科技有限公司深圳市美格真空科技有限公司研创测控技术(福州)有限公司苏州纽姆特纳米科技有限公司林德气体(上海)有限公司中建材（陕西）新材料装备有限公司山东埃尔派粉体科技股份有限公司山东贝亿特科技有限公司佛山市赛普飞特科技有限公司潍坊精华粉体科技股份有限公司潍坊追日磁电科技有限公司株洲众亿科技有限公司合肥恒力装备有限公司山东华特磁电集团股份有限公司苏州兴业材料科技股份有限公司浙江格源新材料科技有限公司浙江中宁硅业股份有限公司银硅(宁波)科技有限公司湖北宜硅新材料有限公司洛阳联创锂能科技有限公司贵州华睿新材料科技有限公司江苏微普纳米科技有限公司江苏青昀碳基创新材料有限公司深圳沃飞科技有限公司青岛优明科粉体机械有限公司苏州铭隆新材料有限公司常州市龙鑫智能装备股份有限公司江苏尚金干燥科技有限公司苏州孚然德实验设备有限公司玉环比得宝气阀有限公司江苏浦士达环保科技股份有限公司青岛伟杰石墨有限公司广东智子智能技术有限公司浙江阿佩克斯能源科技有限公司上海韵申新能源科技有限公司广东工业大学木林森活性炭江苏有限公司中国科学院山西煤炭化学研究所Alicat佛山大学江苏新超合金科技有限公司内蒙古大学株洲和创中高频设备有限公司江西赣锋锂电科技股份有限公司中碳（江苏）检测有限公司浙江金羽新能源科技有限公司上海汇选机电设备有限公司常州天马粉体科技有限公司西安陕煤泾久新能源科技有限公司博赛利斯（南京）有限公司安徽壹金新能源科技有限公司 广州鹏辉能源科技股份有限公司山东海科创新研究院有限公司浙江阿佩克斯能源科技有限公司天津工业大学太原理工大学宁波物科金硅新材料科技有限责任公司浙江领硅科技有限公司厦门高容纳米新材料科技有限公司陕西晶泰新能源科技有限公司湖南索理德新材料科技有限公司宝武碳业科技股份有限公司欢迎大家报名参会！ 会务组联系方式 ▼ 参会 、参展 、 宣传及赞助事宜 联 系 人： 赵丽联系电话： ***********（微信同号）邮箱 ：caineng9959@163.com联系人：刘冬华联系电话： ***********（微信同号）邮箱 ：caineng3000@163.com报名后请联系赵女士***********（微信同号）—请扫码报名—材料+能源领域一站式服务平台！",,,,pending
加码锂电池电解液溶剂等！恒兴新材拟投6亿元建新项目,电池中国,电池中国,"RIOnews API, 新材料, 碳, 高比能, 硅, 电解液, 投资, 发布",normal,2026-07-31T15:02:14+08:00,,来源 | 中国证券网恒兴新材7月29日发布公告，公司两家全资子公司拟分别投建精细化工新材料项目，两大项目合计预计总投资6亿元，同步布局锂电原料、食品添加剂、湿电子化学品、有机硅等高附加值产品，加速落实公司“碳-硅双轮驱动”发展战略。公告显示，本次两大项目实施主体分别为全资子公司山东衡兴、江苏辰兴，单个项目预估投资额均为3亿元，两处项目土地手续办理完毕，计划2026年启动开工筹备。据介绍，山东衡兴天然有机酯醛酸衍生物项目规划搭建高碳酯、锂电电解液溶剂、食品添加剂、替抗饲料添加剂等配套生产线，产品覆盖新能源、食品、畜牧等多个刚需赛道，持续夯实企业碳基化工核心业务根基。江苏辰兴特种精细化工新材料项目,http://mp.weixin.qq.com/s?__biz=MzA3MzY0OTIzMQ==&mid=2661849937&idx=6&sn=3d40aff9023fe1897a28efb8a9a13c69,,来源 | 中国证券网恒兴新材7月29日发布公告，公司两家全资子公司拟分别投建精细化工新材料项目，两大项目合计预计总投资6亿元，同步布局锂电原料、食品添加剂、湿电子化学品、有机硅等高附加值产品，加速落实公司“碳-硅双轮驱动”发展战略。公告显示，本次两大项目实施主体分别为全资子公司山东衡兴、江苏辰兴，单个项目预估投资额均为3亿元，两处项目土地手续办理完毕，计划2026年启动开工筹备。据介绍，山东衡兴天然有机酯醛酸衍生物项目规划搭建高碳酯、锂电电解液溶剂、食品添加剂、替抗饲料添加剂等配套生产线，产品覆盖新能源、食品、畜牧等多个刚需赛道，持续夯实企业碳基化工核心业务根基。江苏辰兴特种精细化工新材料项目,来源 | 中国证券网恒兴新材7月29日发布公告，公司两家全资子公司拟分别投建精细化工新材料项目，两大项目合计预计总投资6亿元，同步布局锂电原料、食品添加剂、湿电子化学品、有机硅等高附加值产品，加速落实公司“碳-硅双轮驱动”发展战略。公告显示，本次两大项目实施主体分别为全资子公司山东衡兴、江苏辰兴，单个项目预估投资额均为3亿元，两处项目土地手续办理完毕，计划2026年启动开工筹备。据介绍，山东衡兴天然有机酯醛酸衍生物项目规划搭建高碳酯、锂电电解液溶剂、食品添加剂、替抗饲料添加剂等配套生产线，产品覆盖新能源、食品、畜牧等多个刚需赛道，持续夯实企业碳基化工核心业务根基。江苏辰兴特种精细化工新材料项目规划日化、电子级、硅树脂、硅橡胶、食品级、缩合法酮醛等多套生产装置，核心产出湿电子化学品、有机硅材料，这类材料是半导体产业链配套的关键原料，扩充企业高端电子新材料产品线。 END电池中国网相关业务联系 媒体宣传咨询 联系人：吴女士 手机：(86)***********（微信同号）邮箱：wulijuan@cbea.com 稿件咨询 联系人：闫先生 手机：(86)***********（微信同号）邮箱：yanzhigang@cbea.com 研究报告咨询 联系人：杜女士 手机：(86)***********（微信同号）邮箱：ducongcong@cbea.com 行业会议咨询 联系人：吴先生 手机：(86)***********（微信同号）邮箱：wumingshan@cbea.com联系人：吴女士 手机：(86)***********(微信同号)邮箱：wuke@cbea.com点击阅读原文，查看更多消息！阅读原文同步布局锂电原料、食品添加剂、湿电子化学品、有机硅等高附加值产品，加速落实公司“碳-硅双轮驱动”发展战略。,,,,pending
恩力动力2GWh先进电池Pack智造基地在无锡投产,电池中国,电池中国,"RIOnews API, 新材料, 固态电池, 钠离子电池, 技术进展, 技术突破, 实验室成果, 系统集成, BMS, 热失控, 电池管理系统, Pack, 交付, 产能, 规划产能, GWh, 生产基地, 投产, 实验室, 量产, 落地",normal,2026-07-31T15:02:14+08:00,,2026年7月30日9时18分，恩力动力无锡2GWh先进电池Pack智造基地投产仪式在江苏无锡梁溪区举行。作为恩力动力旗下首个先进动力电池Pack生产基地，江苏恩力锡源动力技术有限公司（简称“恩力锡源”）的投产，标志着恩力动力打通从电芯制造到系统集成的全链路交付能力，为高端电摩、低空飞行器及人形机器人等战略新兴产业注入强劲的“恩力动能”。图为恩力锡源投产仪式现场政企协同聚力 共绘产业蓝图仪式现场，政企各方代表先后致辞，高度评价了恩力锡源项目的战略价值与产业带动意义。图为无锡市梁溪区山北街道党工委副书记、办事处主任吴准明无锡市梁溪区山北街道党工委副书记、办事处主任吴准明表示，恩力锡源项目投产，是,http://mp.weixin.qq.com/s?__biz=MzA3MzY0OTIzMQ==&mid=2661849937&idx=4&sn=b7d3240ddd638df79c89d29cb669318b,,2026年7月30日9时18分，恩力动力无锡2GWh先进电池Pack智造基地投产仪式在江苏无锡梁溪区举行。作为恩力动力旗下首个先进动力电池Pack生产基地，江苏恩力锡源动力技术有限公司（简称“恩力锡源”）的投产，标志着恩力动力打通从电芯制造到系统集成的全链路交付能力，为高端电摩、低空飞行器及人形机器人等战略新兴产业注入强劲的“恩力动能”。图为恩力锡源投产仪式现场政企协同聚力 共绘产业蓝图仪式现场，政企各方代表先后致辞，高度评价了恩力锡源项目的战略价值与产业带动意义。图为无锡市梁溪区山北街道党工委副书记、办事处主任吴准明无锡市梁溪区山北街道党工委副书记、办事处主任吴准明表示，恩力锡源项目投产，是,2026年7月30日9时18分，恩力动力无锡2GWh先进电池Pack智造基地投产仪式在江苏无锡梁溪区举行。作为恩力动力旗下首个先进动力电池Pack生产基地，江苏恩力锡源动力技术有限公司（简称“恩力锡源”）的投产，标志着恩力动力打通从电芯制造到系统集成的全链路交付能力，为高端电摩、低空飞行器及人形机器人等战略新兴产业注入强劲的“恩力动能”。图为恩力锡源投产仪式现场政企协同聚力 共绘产业蓝图仪式现场，政企各方代表先后致辞，高度评价了恩力锡源项目的战略价值与产业带动意义。图为无锡市梁溪区山北街道党工委副书记、办事处主任吴准明无锡市梁溪区山北街道党工委副书记、办事处主任吴准明表示，恩力锡源项目投产，是梁溪区坚定实施产业强区战略、推动新能源新材料赛道向下游延伸的重要成果，是区域新能源产业补链强链的关键一环。此次动力电池Pack产线的落地，将深度赋能多元应用场景，为培育新质生产力、带动产业升级释放乘数效应。他强调，政府将持续优化营商服务、全力做好发展保障，支持企业深耕成长，同时期待以恩力锡源为纽带吸引产业链上下游集聚，共筑政企共赢新格局。图为恩力动力创始人、董事长戴翔博士恩力动力创始人、董事长戴翔表示，无锡基地作为恩力动力首条专业化动力电池Pack生产线，是集团从“电芯技术突破”迈向“系统级智能制造”的关键一跃，构建起覆盖材料研发、电芯制造到系统集成的完整产业化能力。戴翔博士特别感谢无锡市、梁溪区打造的优越营商环境，为恩力动力产业落地筑牢了坚实底气。他强调，恩力锡源承载着打造柔性智造标杆、树立区域协同典范与建设新质生产矩阵的三重战略价值，未来恩力动力将以恩力锡源为支点，持续迭代系统集成技术，推动固态电池从实验室成果走向全场景落地。图为恩力动力首席运营官、恩力锡源总经理樊耀兵恩力动力首席运营官、恩力锡源总经理樊耀兵表示，恩力锡源作为恩力动力第四大智造基地，肩负打通电芯到系统“最后一公里”的产业化闭环使命，构建起集固态电池系统研发、测试验证、智造与售后于一体的综合型产业平台。项目一期规划产能2GWh，以高端电摩为核心市场，同时深度赋能低空飞行器、人形机器人等国家战略新兴产业。硬核产线加持 筑牢智造根基在仪式现场，樊耀兵系统介绍了基地产品端与智造端的双线实力。产品研发层面，恩力锡源通过轻量化结构与拓扑优化设计，提升电池成组效率，解决续航痛点；构建从电化学材料到电芯结构的多层级安全屏障，结合BMS大数据与AI算法，实现热失控精准预警与快速抑制；电池管理系统集成无线传输单元，与云端平台深度融合，动态优化电池模型与参数，释放电池性能并构筑云端安全防线。智能制造层面，产线兼容多形态电芯，模块化硬件架构实现15至60分钟快速换型，满足柔性生产需求。整线搭载MES系统，自动配置机器人、激光器与视觉检测参数，实现全生命周期数据可查、质量可追溯，确保每套电池系统以车规级标准出厂交付。仪式正式启动 共赴智造新程图为投产仪式剪彩启动在投产仪式环节，与会主要政企嘉宾共同为基地剪彩。随着金剪落定，恩力动力无锡2GWh先进电池Pack智造基地正式进入投产。仪式后，与会嘉宾参观了基地电池智造产线、检测实验室，实地察看智能化生产工序、全维度检测能力及基地整体发展布局，对基地的柔性制造水平与数字化管控能力给予高度评价。恩力锡源的投产，是恩力动力固态电池产业化布局的重要落子，不仅完善了集团从电芯到系统的系统集成能力，也进一步夯实了其在高端动力细分场景的市场竞争力。立足新起点，恩力动力将持续深化固态电池技术研发与场景落地，携手产业链上下游伙伴，共同推动固态电池产业高质量发展，为新能源产业升级与新质生产力培育贡献 “恩力方案”。*注：文中投产的表述包含了量产前的工艺验证和产品验证等试运行阶段。 CBIS2026 2026年11月，由【逸飞激光】总冠名，电池中国网主办、中基自动化联合主办的“第十一届动力电池应用国际峰会（CBIS2026）”将在中国上海召开。本届峰会以“数智创新·协同布局——撬动全球新能源价值链”为主题，将聚焦新能源电池创新技术、创新应用、创新协同发展模式等方向，交流内容涵盖电池技术及工艺革新，相关标准制定，产业链全球化布局及融合、可持续发展等模块。新能源汽车、电动航空、数据中心、人形机器人、电动船舶、AI技术、新型材料、固态电池、钠离子电池等多项议题均在探讨之列。恩力动力重点支持本届峰会，敬请期待！电池中国网相关业务联系 媒体宣传咨询 联系人：吴女士 手机：(86)***********（微信同号）邮箱：wulijuan@cbea.com 稿件咨询 联系人：闫先生 手机：(86)***********（微信同号）邮箱：yanzhigang@cbea.com 研究报告咨询 联系人：杜女士 手机：(86)***********（微信同号）邮箱：ducongcong@cbea.com 行业会议咨询 联系人：吴先生 手机：(86)***********（微信同号）邮箱：wumingshan@cbea.com联系人：吴女士 手机：(86)***********(微信同号)邮箱：wuke@cbea.com点击阅读原文，查看更多消息！阅读原文标志着恩力动力打通从电芯制造到系统集成的全链路交付能力，为高端电摩、低空飞行器及人形机器人等战略新兴产业注入强劲的“恩力动能”。,,,,pending
AIDC时代到来！掌握两大资源，万华电池材料赋能储能新赛道,电池中国,电池中国,"RIOnews API, 新材料, 电池材料, 磷酸铁锂, 铁锂, 储能, 储能电芯, 供电, 产能",normal,2026-07-31T15:02:14+08:00,,以下文章来源于万华微视界，作者万华化学万华微视界.万华化学主要从事异氰酸酯、多元醇等聚氨酯全系列产品、丙烯酸及酯等石化产品、水性涂料等功能性材料、特种化学品的研发、生产和销售。未来，万华将成为涵盖以上产品的全球最具竞争优势的供应商之一。欲了解更多信息，请访问： www.whchem.com随着大模型、AI 智算集群快速扩张，全球 AIDC（人工智能数据中心）市场迎来爆发周期。海量 GPU 集群持续运转带来巨大用电负荷，负载瞬时波动、电网扩容滞后、算力连续性保障等挑战日益凸显。储能，早已不再是算力机房的备用选项，成为支撑 AI 基础设施稳定运行的刚需标配。赛道快速扩容的背后，产业链对材料规模化稳,http://mp.weixin.qq.com/s?__biz=MzA3MzY0OTIzMQ==&mid=2661849937&idx=5&sn=f41af5efdc1f00e375759e14a21a83f1,,以下文章来源于万华微视界，作者万华化学万华微视界.万华化学主要从事异氰酸酯、多元醇等聚氨酯全系列产品、丙烯酸及酯等石化产品、水性涂料等功能性材料、特种化学品的研发、生产和销售。未来，万华将成为涵盖以上产品的全球最具竞争优势的供应商之一。欲了解更多信息，请访问： www.whchem.com随着大模型、AI 智算集群快速扩张，全球 AIDC（人工智能数据中心）市场迎来爆发周期。海量 GPU 集群持续运转带来巨大用电负荷，负载瞬时波动、电网扩容滞后、算力连续性保障等挑战日益凸显。储能，早已不再是算力机房的备用选项，成为支撑 AI 基础设施稳定运行的刚需标配。赛道快速扩容的背后，产业链对材料规模化稳,以下文章来源于万华微视界，作者万华化学万华微视界.万华化学主要从事异氰酸酯、多元醇等聚氨酯全系列产品、丙烯酸及酯等石化产品、水性涂料等功能性材料、特种化学品的研发、生产和销售。未来，万华将成为涵盖以上产品的全球最具竞争优势的供应商之一。欲了解更多信息，请访问： www.whchem.com随着大模型、AI 智算集群快速扩张，全球 AIDC（人工智能数据中心）市场迎来爆发周期。海量 GPU 集群持续运转带来巨大用电负荷，负载瞬时波动、电网扩容滞后、算力连续性保障等挑战日益凸显。储能，早已不再是算力机房的备用选项，成为支撑 AI 基础设施稳定运行的刚需标配。赛道快速扩容的背后，产业链对材料规模化稳定供应提出更高要求。万华化学将电池材料确立为第二主业，依托前瞻布局的矿产资源与风光清洁能源版图，构建一体化产业闭环，为储能电芯企业持续提供稳定、低成本的材料解决方案。核心资源优势，稳定赋能下游伙伴锁定矿产资源，建立产业链优势公司向上布局磷矿、锂资源、硫铁矿、萤石矿等矿产，配套建设硫酸、磷酸、磷酸铁、磷酸铁锂产业链，提升产业链自主可控能力，形成全产业链竞争优势。四川眉山、山东海阳、莱州多基地协同布局，磷酸铁锂产能持续稳定供应，为大规模储能项目提供长期稳定供货保障。布局风光清洁能源，打造绿色优势公司持续布局风电、光伏资源，打造“风—光—储—网—产”一体化园区模式，在山东海阳、莱州打造大型绿电产业园，配套风电项目，园区绿电自发自用、直供电池材料产线。2030年将在山东省实现700万kW风电、500万kW光伏的规模，为电池材料生产提供低成本的绿色能源保障。算力浪潮奔涌向前，算电协同开启全新时代，离不开材料端强有力的资源支撑。万华化学将持续夯实电池材料全产业链资源优势，洞察能源行业的发展趋势，坚持客户至上，为行业可持续绿色发展贡献万华力量。 END电池中国网相关业务联系 媒体宣传咨询 联系人：吴女士 手机：(86)***********（微信同号）邮箱：wulijuan@cbea.com 稿件咨询 联系人：闫先生 手机：(86)***********（微信同号）邮箱：yanzhigang@cbea.com 研究报告咨询 联系人：杜女士 手机：(86)***********（微信同号）邮箱：ducongcong@cbea.com 行业会议咨询 联系人：吴先生 手机：(86)***********（微信同号）邮箱：wumingshan@cbea.com联系人：吴女士 手机：(86)***********(微信同号)邮箱：wuke@cbea.com点击阅读原文，查看更多消息！阅读原文万华化学将电池材料确立为第二主业，依托前瞻布局的矿产资源与风光清洁能源版图，构建一体化产业闭环，为储能电芯企业持续提供稳定、低成本的材料解决方案。,,,,pending
全面禁止！动力电池这一千亿市场“变天”,电池中国,电池中国,"RIOnews API, 储能, 储能系统, 电池包, 电池回收, 梯次利用, 退役电池, 政策, 发布",normal,2026-07-31T15:02:14+08:00,,撰稿丨闫志刚编辑丨麦 子美编丨CBEA独耀动力电池退役回收再利用，迎来重大政策调整。“梯次利用”作为监管概念已被彻底终结。7月30日，国家工业和信息化部发布【关于废止和修订新能源汽车废旧动力电池“梯次利用”相关政策标准以及规范有关行业活动的公告】（2026年 第20号）（下称“公告”），宣布废止《新能源汽车废旧动力电池综合利用行业规范条件（2024年本）》中“梯次利用”有关条款；任何组织或个人不得将废旧动力电池整体或经过拆分、重组、装配等相关工艺，以电池包、模块、单体等形式用于电动自行车、电动平衡车、电动滑板车、100kWh以上储能系统、移动电源、玩具等法律、行政法规和强制性标准禁止使用的领域,http://mp.weixin.qq.com/s?__biz=MzA3MzY0OTIzMQ==&mid=2661849937&idx=1&sn=821316a4647cc5f2dda710a5a2f3dcee,,撰稿丨闫志刚编辑丨麦 子美编丨CBEA独耀动力电池退役回收再利用，迎来重大政策调整。“梯次利用”作为监管概念已被彻底终结。7月30日，国家工业和信息化部发布【关于废止和修订新能源汽车废旧动力电池“梯次利用”相关政策标准以及规范有关行业活动的公告】（2026年 第20号）（下称“公告”），宣布废止《新能源汽车废旧动力电池综合利用行业规范条件（2024年本）》中“梯次利用”有关条款；任何组织或个人不得将废旧动力电池整体或经过拆分、重组、装配等相关工艺，以电池包、模块、单体等形式用于电动自行车、电动平衡车、电动滑板车、100kWh以上储能系统、移动电源、玩具等法律、行政法规和强制性标准禁止使用的领域,撰稿丨闫志刚编辑丨麦 子美编丨CBEA独耀动力电池退役回收再利用，迎来重大政策调整。“梯次利用”作为监管概念已被彻底终结。7月30日，国家工业和信息化部发布【关于废止和修订新能源汽车废旧动力电池“梯次利用”相关政策标准以及规范有关行业活动的公告】（2026年 第20号）（下称“公告”），宣布废止《新能源汽车废旧动力电池综合利用行业规范条件（2024年本）》中“梯次利用”有关条款；任何组织或个人不得将废旧动力电池整体或经过拆分、重组、装配等相关工艺，以电池包、模块、单体等形式用于电动自行车、电动平衡车、电动滑板车、100kWh以上储能系统、移动电源、玩具等法律、行政法规和强制性标准禁止使用的领域。同时，《公告》还宣布将100家此前获批《新能源汽车废旧动力电池综合利用行业规范条件》公告（业内称“白名单企业”）中的“梯次利用”企业移除白名单。这也意味着，真正符合白名单的企业从之前的156家（含梯次利用+再生利用）锐减到48家，移出比例达67.6%。据电池中国观察，此次对退役电池的管理，在监管逻辑上发生了根本性的转变——管产品而非管概念：不再区分“梯次利用”和“再生利用”企业，所有利用废旧动力电池生产的产品，被统一纳入一般“电池生产”监管框架，执行同一质量标准。决定电池能否再入市的是产品安全质量，而非是否贴有“梯次”标签。从动力电池行业的长远影响来看，梯次利用将不再被允许，而过去几年擦边“梯次利用”，实则通过简单拆分重组的小作坊模式，将失去生存空间，废旧电池资源将加速向有技术实力的头部企业集中，合规成本高但不降低标准的正规企业将不再吃亏。从“鼓励探索”到“全面废止”梯次利用为何会走到这一步？实际上，动力电池梯次利用，最开始是国家鼓励的产业方向。早在2012年，国务院发布的《节能与新能源汽车产业发展规划（2012-2020年）》中，曾明确提出“加强动力电池梯级利用和回收管理”。当时这一政策的出发点，在于节约资源、保护环境。因为动力电池退役时，通常仍剩有较大的剩余容量，直接报废拆解会造成较大浪费。2016年，国家工信部发布《新能源汽车废旧动力蓄电池综合利用行业规范条件》（第一版），提出“先梯次、后再生”的理念，鼓励尽可能延长电池使用寿命。梯次利用被作为资源高效利用的方向予以引导。2018年，国家工信部发布第一批5家符合规范条件的企业名单（均为再生利用），标志着锂电行业“白名单”制度正式启动；随后，2019年工信部修订规范条件，增加了梯次利用相关要求和公告企业类型，将企业分为“梯次利用”和“再生利用”两类，白名单开始纳入梯次利用企业。然而，从2021年开始，政策关于“梯次利用”的指引开始转向。2021年，国家能源局发布《新型储能项目管理规范(暂行)(征求意见稿)》，首次提出不得新建大型动力电池梯次利用储能项目；随后，工信部发布的《规范条件（2024年本）》，明确“梯次利用电池不得用于电动自行车”等领域。2025年年底，国家工信部等六部门联合印发《新能源汽车废旧动力电池回收和综合利用管理暂行办法》，明确“综合利用”仅指拆解、破碎、分选、冶炼等资源化利用活动，不再包含“梯次利用”概念。这是从法规层面取消“梯次利用”概念的关键节点。直到今年7月底，“梯次利用”概念则被从政策层面完全取消。可以看出，早2012年到2019年期间，梯次利用被作为政策鼓励引导方向，从2019年到2024年，属于梯次利用规范管理阶段；从2025年开始，梯次利用逐渐被政策纳入清理阶段。究其原因，主要是“梯次利用”路线开始走偏，并引发了广泛的社会安全风险和财产损失。国家工信部解释称，过去“梯次利用”这个标签，在某种程度上被市场模糊理解，好像这类产品因为是“二手”的，就可以在性能和安全上打些折扣；一些企业也借机将未经充分检测、简单翻新的电池，以“梯次”名义推向市场，甚至违规用于电动自行车等高风险领域，给行业及社会带来了严重的质量乱象和安全隐患。白名单大幅收紧100家企业白名单资质被取消早在2018年，国家工信部开始对废旧退役电池进行规范化管理，并设置“白名单”制度；2019年将梯次利用单独分类，纳入白名单。让“梯次利用”企业进入白名单，政策本意是规范产业发展，推进资源高效利用，但实际执行过程中却开始走样。此后，“梯次利用”成为新增白名单的主力。据电池中国梳理，第二至第五批白名单相继发布，梯次利用企业数量快速增长。第一批，梯次利用企业为0，第三批占比达到40%，第五批68家白名单企业中，梯次利用企业达45家，占比高达66%。统计发现，过去五批次白名单中，梯次利用企业总计有100家，再生利用企业在整个白名单企业中的占比仅有三分之一。“梯次利用”企业的大规模涌现，不仅在“白名单”范围内，很多私营、小作坊也开始借“梯次利用”之名，对废旧电池大肆进行非法组装，并将之违规用于电动自行车、储能等领域。部分企业借“梯次利用”之名，生产不合格电池产品，导致产品使用端的相关企业与消费者，难以区分合格品与不合格品，这些产品最终流向市场，引发一系列财产和生命安全事故及隐患。事实上，2023年工信部发布了第五批白名单后，鉴于当时梯次利用企业增长较快，管理部门就暂停了白名单的申报和发布。注：原始累计156家含部分跨批次重复申报企业。去重后总数为148家（85家梯次+48家再生+15家综合）。此次《公告》出台的同时，主管部门也对过去白名单进行了严格筛选，有100家包含梯次利用的企业，全部出局，被取消白名单资质。政策之严，也超出预料。据电池中国梳理，过去156家企业中，有15家综合利用企业，这些企业在申报时既有再生利用，也包含梯次利用。但因包含梯次利用业务，均被整体移出白名单。不过，工信部也同时指出，此次《公告》虽移出了100家梯次利用企业的白名单属性，但并不影响其合法、合规的生产经营活动，“在全面遵守《中华人民共和国产品质量法》《中华人民共和国循环经济促进法》等法律法规和强制性标准要求的前提下，相关企业仍可继续利用废旧动力电池生产相关合格产品，依法平等参与市场竞争。”写在最后>>>随着新能源汽车产业快速发展，动力电池退役量逐年攀升，当前已进入规模化退役阶段。行业机构统计，2025年我国动力电池退役量达到82万吨，预计到2030年退役电池规模将激增至200万吨，对应市场规模突破千亿元。退役电池如果无法规范化发展，通过“梯次”形式流入社会，最终不仅会产生巨大安全隐患风险，还将造成资源巨大浪费，影响我国新能源电池产业的健康发展。自去年以来，顶层开始不断完善对废旧电池产业规范化发展的战略部署。2025年，工信部会同有关部门，联合印发了《新能源汽车废旧动力电池回收和综合利用管理暂行办法》；今年4月，五部门联合开展规范废旧动力电池回收利用联合执法专项行动，聚焦违规交售、不履行溯源责任、非法拆解污染环境等突出问题；5月，工信部召开全国动力电池回收利用工作专班第二次会议，部署应对动力电池规模化退役的长效机制。过去，政策希望通过“梯次利用”推动资源高效利用，但在实际执行过程中方向走偏，很多企业和机构“钻空子”，导致越来越偏离最初的政策本意。因而，此次《公告》的发布，不仅是一次政策术语的清理，更是对我国动力电池回收利用产业底层发展逻辑的一次深刻重塑，其影响将是系统性、结构性的。与作者交流本文为电池中国原创（微信号：cbea_battery），转载请注明出处。开白请联系（微信号：***********）获得授权。电池中国网相关业务联系 媒体宣传咨询 联系人：吴女士 手机：(86)***********（微信同号）邮箱：wulijuan@cbea.com 稿件咨询 联系人：闫先生 手机：(86)***********（微信同号）邮箱：yanzhigang@cbea.com 研究报告咨询 联系人：杜女士 手机：(86)***********（微信同号）邮箱：ducongcong@cbea.com 行业会议咨询 联系人：吴先生 手机：(86)***********（微信同号）邮箱：wumingshan@cbea.com联系人：吴女士 手机：(86)***********(微信同号)邮箱：wuke@cbea.com点击阅读原文，查看更多消息！阅读原文动力电池退役回收再利用，迎来重大政策调整。“梯次利用”作为监管概念已被彻底终结。,,,,pending
十五五锚定大容量、高安全、全气候、长寿命锂电池攻坚目标,电池中国,电池中国,"RIOnews API, 新材料, 碳, 高比能, 硅, 储能, 系统集成, 高安全, 循环寿命, 放缓, 发布, 落地",normal,2026-07-31T15:02:14+08:00,,撰稿丨黄 丽编辑丨麦 子美编丨CBEA独耀近日，国家工业和信息化部发布《工业绿色低碳发展“十五五”规划》（以下简称“规划”）。其中，围绕锂电池提出技术攻关与场景扩容双重部署，为行业打开长期增长通道，推动产业从新能源车单一驱动，转向多赛道协同发展。“规划”明确提出，要持续巩固提升我国绿色优势产业。要加快新能源汽车、新能源装备、新型储能等重点行业技术迭代、场景拓展。推动新一代动力电池、车规级芯片、车用操作系统创新应用，面向干线运输、中短途运输、城建物流以及矿场、港口等场景，推广新能源重型货车。大幅提高多晶硅生产绿电使用比例，突破沙戈荒、高海拔、深远海场景下，高可靠风电机组设计和制造技术，因地制宜推,http://mp.weixin.qq.com/s?__biz=MzA3MzY0OTIzMQ==&mid=2661849937&idx=2&sn=92db1e622288b2707534f38fe4220289,,撰稿丨黄 丽编辑丨麦 子美编丨CBEA独耀近日，国家工业和信息化部发布《工业绿色低碳发展“十五五”规划》（以下简称“规划”）。其中，围绕锂电池提出技术攻关与场景扩容双重部署，为行业打开长期增长通道，推动产业从新能源车单一驱动，转向多赛道协同发展。“规划”明确提出，要持续巩固提升我国绿色优势产业。要加快新能源汽车、新能源装备、新型储能等重点行业技术迭代、场景拓展。推动新一代动力电池、车规级芯片、车用操作系统创新应用，面向干线运输、中短途运输、城建物流以及矿场、港口等场景，推广新能源重型货车。大幅提高多晶硅生产绿电使用比例，突破沙戈荒、高海拔、深远海场景下，高可靠风电机组设计和制造技术，因地制宜推,撰稿丨黄 丽编辑丨麦 子美编丨CBEA独耀近日，国家工业和信息化部发布《工业绿色低碳发展“十五五”规划》（以下简称“规划”）。其中，围绕锂电池提出技术攻关与场景扩容双重部署，为行业打开长期增长通道，推动产业从新能源车单一驱动，转向多赛道协同发展。“规划”明确提出，要持续巩固提升我国绿色优势产业。要加快新能源汽车、新能源装备、新型储能等重点行业技术迭代、场景拓展。推动新一代动力电池、车规级芯片、车用操作系统创新应用，面向干线运输、中短途运输、城建物流以及矿场、港口等场景，推广新能源重型货车。大幅提高多晶硅生产绿电使用比例，突破沙戈荒、高海拔、深远海场景下，高可靠风电机组设计和制造技术，因地制宜推动风光储一体化装备应用。加快研制大容量、高安全、全气候、长寿命锂电池产品，拓展高性能锂电池在低空装备、智能机器人、电动船舶、电动工程机械、新能源农机等领域应用，拓展新型储能在电源协同运行、电网稳定支撑等领域应用。需求端，“规划”持续夯实动力电池基本盘，鼓励新能源重卡在港口、矿场、物流干线落地，拉动商用车动力电池增量。同时重点开辟新兴市场，推动锂电池向低空装备、电动船舶、工程机械、新能源农机、智能机器人延伸；叠加风光储一体化等新型储能场景规模化落地，锂电池市场需求结构将持续丰富，可以有效对冲乘用车市场增速放缓所带来的压力。技术层面，“规划”明确攻坚大容量、高安全、全气候、长寿命锂电池，倒逼企业摒弃同质化低端产品，进而聚焦高端产品研发。同时，不同应用场景对电池低温性能、循环寿命、安全标准差异化要求提升，具备定制化前瞻性开发能力的头部电池企业，优势将进一步凸显。接下来，行业格局将随之重塑。传统消费、乘用车用电池领域竞争趋于白热化，储能、低空装备、电动船舶等新兴赛道尚处于起步阶段，未来发展前景广阔。长远来看，下游场景多元化将带动产业链材料、电芯、系统集成同步升级。产业链企业需针对不同场景优化产品方案，抢抓新赛道机遇，依托技术差异化构筑核心竞争力。与作者交流本文为电池中国原创（微信号：cbea_battery），转载请注明出处。开白请联系（微信号：***********）获得授权。电池中国网相关业务联系 媒体宣传咨询 联系人：吴女士 手机：(86)***********（微信同号）邮箱：wulijuan@cbea.com 稿件咨询 联系人：闫先生 手机：(86)***********（微信同号）邮箱：yanzhigang@cbea.com 研究报告咨询 联系人：杜女士 手机：(86)***********（微信同号）邮箱：ducongcong@cbea.com 行业会议咨询 联系人：吴先生 手机：(86)***********（微信同号）邮箱：wumingshan@cbea.com联系人：吴女士 手机：(86)***********(微信同号)邮箱：wuke@cbea.com点击阅读原文，查看更多消息！阅读原文围绕锂电池提出技术攻关与场景扩容双重部署，为行业打开长期增长通道，推动产业从新能源车单一驱动，转向多赛道协同发展。,,,,pending
利元亨立式激光模切分条一体机：锂电极耳加工一体化提产增效设备,电池中国,电池中国,"RIOnews API, 固态电池, 钠离子电池, 软包, 产能, 量产",normal,2026-07-31T15:02:14+08:00,,在动力锂电池制程向高精度、高柔性加速迭代的背景下，传统五金模切因模具损耗大、换型周期长、工艺灵活性不足，已难以适配行业提质降本的发展需求。激光极耳成型作为新一代核心工艺，成为极片制造升级的关键方向。利元亨自主研发的立式激光模切分条一体机，以底层算法、制程闭环、结构创新三大维度的技术突破，为锂电极耳加工打造智能化、高柔性的一体化提产增效设备。核心性能筑牢生产效率根基以智能算法与全链路闭环为核心，设备实现高速与高精度双重突破。其搭载自主研发的底层切割算法，可根据极耳形态与极片材质定制切割轨迹，实现激光功率与频率随动适配，支持极耳渐变、叠片 V 角等异形加工，突破传统单一轨迹算法的定制局限。同时，设,http://mp.weixin.qq.com/s?__biz=MzA3MzY0OTIzMQ==&mid=2661849937&idx=3&sn=881db47c100e5f8c8aa446b455e0b280,,在动力锂电池制程向高精度、高柔性加速迭代的背景下，传统五金模切因模具损耗大、换型周期长、工艺灵活性不足，已难以适配行业提质降本的发展需求。激光极耳成型作为新一代核心工艺，成为极片制造升级的关键方向。利元亨自主研发的立式激光模切分条一体机，以底层算法、制程闭环、结构创新三大维度的技术突破，为锂电极耳加工打造智能化、高柔性的一体化提产增效设备。核心性能筑牢生产效率根基以智能算法与全链路闭环为核心，设备实现高速与高精度双重突破。其搭载自主研发的底层切割算法，可根据极耳形态与极片材质定制切割轨迹，实现激光功率与频率随动适配，支持极耳渐变、叠片 V 角等异形加工，突破传统单一轨迹算法的定制局限。同时，设,在动力锂电池制程向高精度、高柔性加速迭代的背景下，传统五金模切因模具损耗大、换型周期长、工艺灵活性不足，已难以适配行业提质降本的发展需求。激光极耳成型作为新一代核心工艺，成为极片制造升级的关键方向。利元亨自主研发的立式激光模切分条一体机，以底层算法、制程闭环、结构创新三大维度的技术突破，为锂电极耳加工打造智能化、高柔性的一体化提产增效设备。核心性能筑牢生产效率根基以智能算法与全链路闭环为核心，设备实现高速与高精度双重突破。其搭载自主研发的底层切割算法，可根据极耳形态与极片材质定制切割轨迹，实现激光功率与频率随动适配，支持极耳渐变、叠片 V 角等异形加工，突破传统单一轨迹算法的定制局限。同时，设备构建全流程闭环管控体系，集成 CCD 视觉纠偏与高速多轴张力控制技术，匀速张力波动≤±3N，切割精度稳定达 ±0.2mm，极片抖动控制在 ±0.3mm 以内。设备稳定生产速度80-120m/min，切断速度可达 180m/min，产能较传统模切提升 2-3 倍；负极毛刺≤15μm，正极热影响区≤70μm，充分保障极耳加工一致性与电池安全性。关键技术突破，破解行业共性难题针对行业共性的高速切割抖动、粉尘堆积痛点，设备创新使用侧吸复合式切割腔体，从结构根源抑制极耳高速抖动，同时兼容背板切割模式，模式切换仅需 20 分钟，兼顾多元工艺需求。洁净制程采用复合除尘方案，实现设备内部万级洁净等级，连续运行 24 小时腔体无明显粉尘堆积，极片表面颗粒控制在 10μm 以下；搭配电缸压实废料收集系统，大幅降低运维频次，保障产线长周期稳定运转。该设备具备全工艺柔性覆盖能力，兼容一出一、一出二加工模式，支持极耳成型与极片分条一体化作业，适配方形、软包、圆柱等多类电池产品；来料幅宽覆盖 100-600mm，可满足试样线及中小批量产线的柔性生产需求，仅通过程序切换即可完成产品换型，颠覆传统模切 “换型即换模” 的低效模式。通过工艺整合减少预分切工序，设备占地面积减小 32%，人工成本节省 50%，物料周转率提升 40%，箔材利用率提高 10%，同时彻底消除传统模具损耗与维护成本，全方位降低企业长期运营投入。凭借卓越的性能与稳定的表现，利元亨立式激光模切分条一体机已获多家行业头部企业的长期认可。未来，利元亨将持续深耕激光加工技术，不断推动锂电装备的智能化、高端化升级，为全球新能源产业的高质量发展注入强劲动力。 CBIS2026 2026年11月，由【逸飞激光】总冠名，电池中国网主办、中基自动化联合主办的“第十一届动力电池应用国际峰会（CBIS2026）”将在中国上海召开。本届峰会以“数智创新·协同布局——撬动全球新能源价值链”为主题，将聚焦新能源电池创新技术、创新应用、创新协同发展模式等方向，交流内容涵盖电池技术及工艺革新，相关标准制定，产业链全球化布局及融合、可持续发展等模块。新能源汽车、电动航空、数据中心、人形机器人、电动船舶、AI技术、新型材料、固态电池、钠离子电池等多项议题均在探讨之列。利元亨重点支持本届峰会，敬请期待！电池中国网相关业务联系 媒体宣传咨询 联系人：吴女士 手机：(86)***********（微信同号）邮箱：wulijuan@cbea.com 稿件咨询 联系人：闫先生 手机：(86)***********（微信同号）邮箱：yanzhigang@cbea.com 研究报告咨询 联系人：杜女士 手机：(86)***********（微信同号）邮箱：ducongcong@cbea.com 行业会议咨询 联系人：吴先生 手机：(86)***********（微信同号）邮箱：wumingshan@cbea.com联系人：吴女士 手机：(86)***********(微信同号)邮箱：wuke@cbea.com点击阅读原文，查看更多消息！阅读原文利元亨自主研发的立式激光模切分条一体机，以底层算法、制程闭环、结构创新三大维度的技术突破，为锂电极耳加工打造智能化、高柔性的一体化提产增效设备。,,,,pending
化工巨头强势入场锂电材料！,储能前沿,储能前沿,"RIOnews API, 磷酸铁锂, 铁锂, 三元, 高镍, 储能, 电解液, 投资, 上市",normal,2026-07-31T15:00:00+08:00,,"恒兴新材7月29日晚间公告，公司全资子公司山东衡兴新材料科技有限公司和江苏辰兴新材料科技有限公司拟分别启动项目建设，两个项目预计总投资约6亿元。项目名称：山东衡兴天然有机酯醛酸衍生物生产项目 项目主要内容：高碳酯、醋酸酯、二醇酯及其他酯类、酸类、丙酸钙等生产线及配套设施建设地点：山东衡兴新材料科技有限公司厂区项目总投资：30,000万元（预估） 项目建设期：预计 24 个月（以实际建成日期为准）预计开工时间：2026 年（以实际开工日期为准）项目公司简介：恒兴新材是一家深耕精细化工材料领域的上市公司，主营业务涵盖有机酮、酯、酸、衍生物等碳基材料产品系列。行业背景：电解液主要由三大核心组分构成：",http://mp.weixin.qq.com/s?__biz=Mzg3MjY1NTkxNg==&mid=2247600382&idx=1&sn=1936ba93c9022cf2704e9f0e6a9c20af,,"恒兴新材7月29日晚间公告，公司全资子公司山东衡兴新材料科技有限公司和江苏辰兴新材料科技有限公司拟分别启动项目建设，两个项目预计总投资约6亿元。项目名称：山东衡兴天然有机酯醛酸衍生物生产项目 项目主要内容：高碳酯、醋酸酯、二醇酯及其他酯类、酸类、丙酸钙等生产线及配套设施建设地点：山东衡兴新材料科技有限公司厂区项目总投资：30,000万元（预估） 项目建设期：预计 24 个月（以实际建成日期为准）预计开工时间：2026 年（以实际开工日期为准）项目公司简介：恒兴新材是一家深耕精细化工材料领域的上市公司，主营业务涵盖有机酮、酯、酸、衍生物等碳基材料产品系列。行业背景：电解液主要由三大核心组分构成：","恒兴新材7月29日晚间公告，公司全资子公司山东衡兴新材料科技有限公司和江苏辰兴新材料科技有限公司拟分别启动项目建设，两个项目预计总投资约6亿元。项目名称：山东衡兴天然有机酯醛酸衍生物生产项目 项目主要内容：高碳酯、醋酸酯、二醇酯及其他酯类、酸类、丙酸钙等生产线及配套设施建设地点：山东衡兴新材料科技有限公司厂区项目总投资：30,000万元（预估） 项目建设期：预计 24 个月（以实际建成日期为准）预计开工时间：2026 年（以实际开工日期为准）项目公司简介：恒兴新材是一家深耕精细化工材料领域的上市公司，主营业务涵盖有机酮、酯、酸、衍生物等碳基材料产品系列。行业背景：电解液主要由三大核心组分构成：溶质、有机溶剂和功能性添加剂。其中溶剂体系则以碳酸酯类溶剂为主导，细分品类包括碳酸二甲酯（DMC）、碳酸甲乙酯（EMC）、碳酸乙烯酯（EC）、碳酸二乙酯（DEC）、碳酸丙烯酯（PC）等。不过就当下市场格局来看，国内头部企业已在全球市场占据主导地位，石大胜华、海科新源、抚顺东科、华鲁恒升、新宙邦等国内企业形成了突出的竞争壁垒，2025年全球电解液溶剂市场前五企业均为中国企业，合计份额达84.10%，市场格局高度集中。并且随着市场需求的升级，高镍三元电池与磷酸铁锂电池对高电压、长寿命的差异化电解液配方需求突出，进而推动行业不断优化配方以适配先进电池体系。预计在未来一段时间内，电解液溶剂行业将处于规模扩张与结构升级并行的关键阶段。扫码加入中国储能行业通讯录免责声明：本公众号文章版权归原作者及原出处所有 。内容为作者个人观点， 并不代表本公众号赞同其观点和对其真实性负责。本公众号并不用于商业目的，如有涉及侵权等，请及时告知，我们会尽快处理。本公众号拥有对此声明的最终解释权。",,,,pending
锂电龙头扩产30万吨钠电正极材料！,储能前沿,储能前沿,"RIOnews API, 宁德时代, 钠电池, 储能, 正极材料, 出货, 出货量, 交付, 产能, 扩产, GWh, 订单, 合作协议, 投资, 并购, 发布, 商业交付, 客户订单",normal,2026-07-31T15:00:00+08:00,,7月30日， 容百科技发布多项公告，均涉及钠电业务布局，启动大规模产能建设。据公告，容百科技拟投资建设仙桃年产30万吨钠电正极材料一体化项目，总投资47.23亿元，其中固定资产投资40亿元，运营资金7.23亿元。资金来源包括自有资金、银行贷款及其他自筹部分，分别占20%、43%和37%。本项目规划总产能30万吨，分三期建设，一期5万吨、二期10万吨、三期15万吨，建设周期预计24个月。其中，一期建设周期预计为2026年8月至2027年5月。同时，容百科技拟与司钠电事业部员工持股平台“鼎钠新途管理”共同设立 容百钠电新能源。其中，容百科技投资 4900万元，持股比例为70%；鼎钠新途管理投资21,http://mp.weixin.qq.com/s?__biz=Mzg3MjY1NTkxNg==&mid=2247600382&idx=2&sn=e0c1e97e1b2d6a3978ee23379a7f9289,,7月30日， 容百科技发布多项公告，均涉及钠电业务布局，启动大规模产能建设。据公告，容百科技拟投资建设仙桃年产30万吨钠电正极材料一体化项目，总投资47.23亿元，其中固定资产投资40亿元，运营资金7.23亿元。资金来源包括自有资金、银行贷款及其他自筹部分，分别占20%、43%和37%。本项目规划总产能30万吨，分三期建设，一期5万吨、二期10万吨、三期15万吨，建设周期预计24个月。其中，一期建设周期预计为2026年8月至2027年5月。同时，容百科技拟与司钠电事业部员工持股平台“鼎钠新途管理”共同设立 容百钠电新能源。其中，容百科技投资 4900万元，持股比例为70%；鼎钠新途管理投资21,7月30日， 容百科技发布多项公告，均涉及钠电业务布局，启动大规模产能建设。据公告，容百科技拟投资建设仙桃年产30万吨钠电正极材料一体化项目，总投资47.23亿元，其中固定资产投资40亿元，运营资金7.23亿元。资金来源包括自有资金、银行贷款及其他自筹部分，分别占20%、43%和37%。本项目规划总产能30万吨，分三期建设，一期5万吨、二期10万吨、三期15万吨，建设周期预计24个月。其中，一期建设周期预计为2026年8月至2027年5月。同时，容百科技拟与司钠电事业部员工持股平台“鼎钠新途管理”共同设立 容百钠电新能源。其中，容百科技投资 4900万元，持股比例为70%；鼎钠新途管理投资2100万元，持股比例为30%。设立完成后，容百钠电新能源将成为容百科技控股子公司，纳入合并报表范围。容百科技表示，本项目实施后，公司正极材料产品矩阵及规模交付能力有望进一步完善，有利于降低对单一产品及单一技术路线的依赖，提升公司钠电正极材料规模化交付能力。容百科技还强调，公司部分聚阴离子正极材料已实现批量出货，并进入部分核心客户供应体系。本项目将根据客户订单及需求分期建设 。2025年11月，容百科技与宁德时代签署合作协议，成为其钠电正极粉料第一供应商。 协议约定，在满足技术要求的前提下，宁德时代每年从容百科技的采购量不低于其钠电正极材料总采购量的60%，合作有效期至2029年底，且期满可自动续约。紧接着在12月，容百科技就迅速启动仙桃“年产40万吨正极材料项目”产线调整，将原规划中的部分锂电材料产线，转向钠电正极材料生产。调整后，项目一期将形成年产2.64万吨锂电正极材料及1.68万吨钠电正极材料产能。据悉，年产1.68万吨钠电正极材料采用层状氧化物技术路线，产品克容量不低于140mAh/g，首周库伦效率可达85%以上。根据规划，容百科技计划在2026年通过产线改造与并购，实现5万吨钠电正极产能，并新建5万~10万吨一体化新产线。而其大客户宁德时代正加速推进钠电池产业化应用，今年已公开披露的钠电池订单总规模达67GWh（海博思创60GWh+Alfen5GWh+Solarpro2GWh），将于今年9月在国内交付首批钠电池解决方案，预计2026年底出货量达到GWh级，明年6月开启全球交付。随着宁德时代的钠电从技术验证正式迈入规模化商业交付阶段，作为钠电正极的核心供应商， 容百科技此次启动大规模一体化产能建设，正是提前卡位下游爆发式增长需求的关键布局，不仅能充分满足宁德时代等核心客户的长期采购需求，也将为公司打开新的增长空间，进一步巩固其在全球正极材料领域的龙头竞争力。文章来源：DT新材料扫码加入中国储能行业通讯录免责声明：本公众号文章版权归原作者及原出处所有 。内容为作者个人观点， 并不代表本公众号赞同其观点和对其真实性负责。本公众号并不用于商业目的，如有涉及侵权等，请及时告知，我们会尽快处理。本公众号拥有对此声明的最终解释权。,,,,pending
招聘｜上海交通大学张航课题组诚招硕博生、博士后、科研助理（液流电池方向可关注）,全球液流电池储能,全球液流电池储能,"RIOnews API, 长时储能, 金属空气电池, 液流电池, 产品发布, 发布, 官宣, 学术研究, 大学, 教授, 期刊",normal,2026-07-31T15:00:00+08:00,,张航，上海交通大学机械与动力工程学院副教授，国家高层次青年人才。联合赵长颖教授团队（国家特聘专家、上海交通大学讲席教授）。长期面向博士后、硕博生及科研助理招募优秀人才。诚邀有志青年加盟，共同从事高水平创新科研。有意者请将简历发送至：zhang.hang@sjtu.edu.cn研究方向1. 热能转换与存储：热再生电化学循环、热电化学电池、热化学储热等2. 大规模储能系统：液流电池、金属空气电池等3. 电化学能量转换：二氧化碳捕获与转化、氢气制备与存储、废弃锂电池回收4. 电化学系统微纳多孔介质的传热传质课题组负责人简介张航，于2023年在新加坡国立大学获得博士学位，师从王庆教授，此后分别在新加坡,http://mp.weixin.qq.com/s?__biz=Mzg3NjcyNzE4Nw==&mid=2247577250&idx=1&sn=7261ee6eec905c7f9dc7bdbb4f18e219,,张航，上海交通大学机械与动力工程学院副教授，国家高层次青年人才。联合赵长颖教授团队（国家特聘专家、上海交通大学讲席教授）。长期面向博士后、硕博生及科研助理招募优秀人才。诚邀有志青年加盟，共同从事高水平创新科研。有意者请将简历发送至：zhang.hang@sjtu.edu.cn研究方向1. 热能转换与存储：热再生电化学循环、热电化学电池、热化学储热等2. 大规模储能系统：液流电池、金属空气电池等3. 电化学能量转换：二氧化碳捕获与转化、氢气制备与存储、废弃锂电池回收4. 电化学系统微纳多孔介质的传热传质课题组负责人简介张航，于2023年在新加坡国立大学获得博士学位，师从王庆教授，此后分别在新加坡,张航，上海交通大学机械与动力工程学院副教授，国家高层次青年人才。联合赵长颖教授团队（国家特聘专家、上海交通大学讲席教授）。长期面向博士后、硕博生及科研助理招募优秀人才。诚邀有志青年加盟，共同从事高水平创新科研。有意者请将简历发送至：zhang.hang@sjtu.edu.cn研究方向1. 热能转换与存储：热再生电化学循环、热电化学电池、热化学储热等2. 大规模储能系统：液流电池、金属空气电池等3. 电化学能量转换：二氧化碳捕获与转化、氢气制备与存储、废弃锂电池回收4. 电化学系统微纳多孔介质的传热传质课题组负责人简介张航，于2023年在新加坡国立大学获得博士学位，师从王庆教授，此后分别在新加坡国立大学与多伦多大学从事博士后研究工作，合作导师为David Sinton（加拿大工程院院士）与Aimy Bazylak（加拿大工程院院士），曾入选国家级海外高层次青年人才计划与上海市海外高层次青年人才计划，获得国家优秀自费留学生奖学金等奖项，并担任Carbon Neutrality、eScience、Nano Research Energy等期刊的青年编委。更多详细内容请参考主页：https://me.sjtu.edu.cn/teacher_directory1/zhanghang.html休息一下，看个广告岗位要求博士生/硕士生/科研助理1. 工程热物理、电化学、材料、能源动力等相关专业优秀本科生毕业生或硕士研究生；有电化学能量转换与存储（如液流电池、水系电池、二氧化碳还原与捕获、水分解制氢等）、电化学热电器件（如热再生电化学循环、热电化学电池等）等研究经验者择优考虑；2. 具有扎实的理论基础与实践操作能力，具备良好的英文水平和较强的科研潜力；在相关领域发表高水平论文，并对基础知识及前沿方向有较好把握者优先；3. 具备团队合作精神与良好的学术道德与科研诚信；博士后应聘条件1. 年龄不超过35周岁，已获得博士学位，或已通过博士学位论文答辩；2. 具有工程热物理、电化学、材料、能源动力等相关学科或专业背景；3. 有上述方向的研究基础，近3年内发表2篇以上高水平论文；4. 具有严谨学术态度，敬业精神，团队合作意识和沟通协调能力。岗位待遇1. 基本年薪不低于24万元（税前），具体额度由合作导师与申请人协商确定。支持博士后在站期间申请国家和上海市相关博士后人才计划，获资助者就高享受相关待遇；2. 提供良好的科研条件和充足稳定的经费支持；3. 按照上海市和上海交通大学博士后管理政策办理有关落户事宜，享受社会保险、公积金等福利待遇；博士后出站留上海工作，配偶及子女可随迁落户；4. 在站期间全职从事博士后研究，博士后研究工作满3年且取得优秀科研成果、满足我校长聘教轨要求者，通过评估后可获聘长聘教轨教职。近期热点及活动1、7.6GWh！含11个全钒液流，云南发改委、能源局发布2026年共享储能项目清单2、官宣定档！朝圣之旅，9月17-18日CFE2026第七届中国液流电池储能大会相约大连！参展、演讲、参会报名正式启动！3、AI的尽头是储能与电力！CFE2026第六届中国液流电池储能大会圆满落幕，新型储能“转正”从电力“配角”到六大新兴支柱产业进阶4、突破迎关键临界点！全球旗舰盛会—CFE2025第五届中国液流电池储能大会暨2024-2025年度液流品牌颁奖盛典圆满落幕5、获奖名单及终版议程发布！CFE2025第五届中国液流电池储能大会暨品牌颁奖盛典9月19-20日武汉盛大召开6、共筑全产业链生态繁荣！全球风向—CFE2025第四届中国液流电池储能大会、中国液流电池青年科学家论坛圆满落幕7、晚宴名单、参会总名单、终版议程发布｜CFE2025第四届中国液流电池储能大会3月3日盛大开幕8、全国首个！四川出台钒电池储能产业专项政策每月6日活动日，群内成员全开放1天招聘｜上海交通大学张航课题组诚招硕博生、博士后、科研助理（液流电池方向可关注）,,,,pending
今日招中标动态｜0.54-0.59元/Wh！新疆哈密350MW/1400MWh储能电站PC中标候选人公示,储能网,储能网,"RIOnews API, 磷酸铁锂, 铁锂, 储能, 独立储能, 装机, 中标, 入围, 招标, 报价, 投资, 发布",normal,2026-07-31T14:50:24+08:00,,中国储能网讯：共计3个中标动态，2个招标动态。中标方面，7月29日，新疆哈密350MW/1400MWh储能电站PC中标候选人公示，许昌电科储能技术有限公司等3家企业入围，折合中标单价0.54-0.59元/Wh；宁夏中宁100MW/400MWh共享储能EPC中标结果公示，长峡电能设计(西安)有限公司、中交机电(云南)有限公司联合体中标，折合单价约0.95元/Wh；湖南益阳100MW/200MWh储能电站EPC公示中标候选人，中铁五局集团湖北工程有限公司等3家企业入围，折合中标单价约1.31元/Wh。招标方面，山西怀仁400MW/800MWh共享储能EPC即将招标；内蒙古锡林郭勒300MW/120,http://mp.weixin.qq.com/s?__biz=MzA3MjA3MzgwNw==&mid=2651978007&idx=2&sn=c69b7ca3fe64fe8b14b63894a5dd7b10,,中国储能网讯：共计3个中标动态，2个招标动态。中标方面，7月29日，新疆哈密350MW/1400MWh储能电站PC中标候选人公示，许昌电科储能技术有限公司等3家企业入围，折合中标单价0.54-0.59元/Wh；宁夏中宁100MW/400MWh共享储能EPC中标结果公示，长峡电能设计(西安)有限公司、中交机电(云南)有限公司联合体中标，折合单价约0.95元/Wh；湖南益阳100MW/200MWh储能电站EPC公示中标候选人，中铁五局集团湖北工程有限公司等3家企业入围，折合中标单价约1.31元/Wh。招标方面，山西怀仁400MW/800MWh共享储能EPC即将招标；内蒙古锡林郭勒300MW/120,"中国储能网讯：共计3个中标动态，2个招标动态。中标方面，7月29日，新疆哈密350MW/1400MWh储能电站PC中标候选人公示，许昌电科储能技术有限公司等3家企业入围，折合中标单价0.54-0.59元/Wh；宁夏中宁100MW/400MWh共享储能EPC中标结果公示，长峡电能设计(西安)有限公司、中交机电(云南)有限公司联合体中标，折合单价约0.95元/Wh；湖南益阳100MW/200MWh储能电站EPC公示中标候选人，中铁五局集团湖北工程有限公司等3家企业入围，折合中标单价约1.31元/Wh。招标方面，山西怀仁400MW/800MWh共享储能EPC即将招标；内蒙古锡林郭勒300MW/1200MWh独立储能电站PC招标。中 标 项 目1、0.54-0.59元/Wh！新疆哈密350MW/1400MWh储能电站PC中标候选人公示7月29日，中煤集团哈密综合能源示范基地储能电站PC总承包项目中标候选人公示。第一候选人为许昌电科储能技术有限公司，投标总价为75118.6068万元，折合单价0.5366元/Wh；第二候选人为中建三局集团有限公司，投标总价为81405万元，折合单价0.5815元/Wh；第三候选人为中国安能集团第二工程局有限公司，投标总价为82842.852981万元，折合单价0.5917元/Wh。据悉，中煤集团哈密综合能源示范基地350MW/1400MWh储能配套1400MW新能源项目拟建设储能1400MWh，配套新能源装机容量1400MW，其中风电1200MW、光伏发电200MW。本工程按PC工程模式实施。2、0.95元/Wh！宁夏中宁100MW/400MWh共享储能EPC中标结果公示近日，宁夏中宁太明100MW/400MWh共享储能电站项目EPC总承包中标结果公示。中标人为长峡电能设计(西安)有限公司、中交机电(云南)有限公司联合体，中标价格约378,270,983.44元，折合单价约0.95元/Wh。该项目占地约20000㎡，总装机容量100兆瓦/400兆瓦时，采用磷酸铁锂电池系统，本期建设100MW/400MWh(35kV交流侧容量)。3、1.31元/Wh！湖南益阳100MW/200MWh储能电站EPC公示中标候选人近日，湖南益阳大通湖电化学储能电站项目EPC总承包公示中标候选人名单。第一中标候选人为中铁五局集团湖北工程有限公司，投标报价262195420.00元，折算单价为1.3109元/Wh；第二中标候选人为中国建筑第二工程局有限公司，投标报价262257806.00元，折算单价为1.311元/Wh；第三中标候选人为兴能电力建设有限公司，投标报价为262114738.56元，折算单价为1.3105元/Wh。据悉，该项目招标人为益阳市君合新能源有限公司，项目地点位于湖南省益阳市，项目总规模为100MW/200MWh。招 标 项 目1、1元/Wh！山西怀仁400MW/800MWh共享储能EPC即将招标7月29日，山西发布中核怀仁市400MW/800MWh共享储能项目招标预告，预计发布时间为2026年08月。项目总投资为80000万元，约合单价1元/Wh。项目总体规划储能容量为200MW/800MWh，计划分两期建设一期建设容量为100MW/400MWh，拟采用40个2.5MW/10MWh储能电池组，配合相应控制措施。同期建设行政综合楼，生活楼和一座220KV升压站；二期建设容量为100MW/400MWh，拟采用40个2.5MW/10MWh储能电池组，配合相应控制措施，项目总占地面积约75.11亩。2、300MW/1200MWh！内蒙古锡林郭勒独立储能电站PC招标7月29日，锡林郭勒盟太仆寺旗300MW/1200MWh电网侧独立新型储能电站PC总承包招标公告发布。招标人为太仆寺旗国博储能科技有限公司，该公司50%股权归属于国有独资公司：太仆寺旗博瑞城乡建设与资产管理有限责任公司。项目位于内蒙古锡林郭勒盟太仆寺旗昌镇大山沟村。据悉，该项目已被纳入内蒙古2026年第二批独立新型储能建设清单。招标范围：本招标项目。划分为1个标段，本次招标为其中的：锡林郭勒盟太仆寺旗30万千瓦/120万千瓦时电网侧独立新型储能电站PC总承包。一审：潘 望二审：王谊秀由于微信改版，关注后请点击右上角，选择“设为星标”与“置顶”，以获得最新的文章更新投稿联系电话：***********（同微信）地址：北京市西城区阜成门外四川大厦东塔楼30层官网：www.escn.com.cn 投稿邮箱：ly83518@126.com",,,,pending
今日行业动态｜74.3% 投资增速！《新型储能发展报告（2026）》出炉！,储能网,储能网,"RIOnews API, 亿纬锂能, 亿纬, 国轩高科, 国轩, 海辰储能, 海辰, LG新能源, LG Energy Solution, LGES, 磷酸铁锂, 铁锂, 钠电池, 储能, 储能系统, 314Ah, 600Ah, 工商业储能, 大型储能, 电网侧储能, 独立储能, 储能集成, PCS, EMS, 储能变流器, 备用电源, 供电, 可靠性, 高安全, 电池包, 液冷, 正极材料, 电解液, 交付, 装机, 排名, 产能, 扩产, GWh, 投产, 达产, 订单, 中标, 战略合作, 融资, 投资, 上市, 收购, 海外布局, 海外, 政策, 补贴, 发布, 中试, 中试线, 量产, 项目落地, 并网, 落地",normal,2026-07-31T14:50:24+08:00,,中国储能网讯：政策与标准1、74.3% 投资增速！《新型储能发展报告（2026）》出炉！7月30日，国家能源局例行新闻发布会释放重磅信号：上半年煤电发电量占比首次跌破50%，可再生能源发电量占比突破41.2%，同时新型储能投资同比暴涨74.3%，《中国新型储能发展报告（2026）》正式发布。这一系列数据标志着，我国能源转型迎来历史性拐点，新型储能彻底告别“配套配角”身份，成为新型电力系统的核心刚需。2、商务部回应！逆变器是正常国际商品，“脱钩断链”损人不利己！2026年7月30日，中方就美国联邦通信委员会将外国电力逆变器和先进机器人设备列入“覆盖清单”的事对应。中方回应：机器人、电力逆变器均是,http://mp.weixin.qq.com/s?__biz=MzA3MjA3MzgwNw==&mid=2651978007&idx=3&sn=7bdf76e0e14ce64fb84ce38fafcb89e6,,中国储能网讯：政策与标准1、74.3% 投资增速！《新型储能发展报告（2026）》出炉！7月30日，国家能源局例行新闻发布会释放重磅信号：上半年煤电发电量占比首次跌破50%，可再生能源发电量占比突破41.2%，同时新型储能投资同比暴涨74.3%，《中国新型储能发展报告（2026）》正式发布。这一系列数据标志着，我国能源转型迎来历史性拐点，新型储能彻底告别“配套配角”身份，成为新型电力系统的核心刚需。2、商务部回应！逆变器是正常国际商品，“脱钩断链”损人不利己！2026年7月30日，中方就美国联邦通信委员会将外国电力逆变器和先进机器人设备列入“覆盖清单”的事对应。中方回应：机器人、电力逆变器均是,"中国储能网讯：政策与标准1、74.3% 投资增速！《新型储能发展报告（2026）》出炉！7月30日，国家能源局例行新闻发布会释放重磅信号：上半年煤电发电量占比首次跌破50%，可再生能源发电量占比突破41.2%，同时新型储能投资同比暴涨74.3%，《中国新型储能发展报告（2026）》正式发布。这一系列数据标志着，我国能源转型迎来历史性拐点，新型储能彻底告别“配套配角”身份，成为新型电力系统的核心刚需。2、商务部回应！逆变器是正常国际商品，“脱钩断链”损人不利己！2026年7月30日，中方就美国联邦通信委员会将外国电力逆变器和先进机器人设备列入“覆盖清单”的事对应。中方回应：机器人、电力逆变器均是正常的国际商品，包括美国在内的各方都从贸易中获益，美方泛化国家安全概念，不顾中美两国业界强烈呼声，动用行政力量，人为干扰企业间正常商业交易和贸易往来，持续推进“脱钩断链”，这种做法损人不利己，是典型的市场扭曲和单边霸凌行为。中方敦促美方立即撤销有关措施，停止错误做法。如果美方一意孤行，中方将坚决予以反制，维护自身正当权益。3、山东关于支持新能源就近消纳价格政策有关事项发布7月30日，山东省发展和改革委员会、山东省能源局《关于贯彻发改价格〔2025〕1192号文件支持新能源就近消纳价格政策有关事项的通知》（鲁发改价格〔2026〕554号）发布。本《通知》所指新能源就近消纳项目，是指电源（风电、光伏、生物质）、负荷、储能等作为整体与山东电网连接，形成清晰物理界面和安全责任界面，以新能源发电为主要电源的项目。现阶段主要包括绿电直连、源网荷储一体化、绿电产业园等通过新能源专线供电的项目。整体新能源年自发自用电量占总可用发电量的比例不低于60%，占总用电量的比例不低于30%、2030年起新增项目不低于35%。4、PCS导致停运占比30.62%！中电联2026年上半年储能电站数据发布7月29日，中国电力企业联合会与国家电化学储能电站安全监测信息平台联合发布《2026年上半年电化学储能电站行业统计数据》，报告指出，上半年非计划停运699次、单次平均非计划停运时长47.33h。在非计划停运原因中，PCS导致停运的占比30.62%，虽然占比仍为非计划停运最主要的原因，但相较第一季度的32.64%来说，已经下降了近2%；5年以内的储能电站的平均综合效率都保持在82%左右，而5年以上储能电站已降至77.27%。电网侧储能上半年，独立储能平均运行小时数1129h，同比提高约169h，较第一季度平均利用小时数626h，同比提高约39h。5、青海2026储能申报：电源侧不享受容量补偿，鼓励钠离子/液流/压缩空气等7月29日，青海省能源局发布《组织申报青海省2026年电源侧新型储能项目》《组织申报青海省2026年多元储能试点项目》的通知。文件指出，电源侧储能项目不享受发电侧可靠容量补偿政策，储能配置不纳入新建新能源项目核准、并网、上网的前置条件；多元储能试点项目符合条件的可依据《青海省发电侧可靠容量补偿机制》参与容量补偿。6、宁夏石嘴山2026储能清单调整：晶科石嘴山200MW/800MWh独立储能项目调入7月29日，宁夏石嘴山市发展和改革委员会关于调整石嘴山市2026年度电网侧电化学储能项目建设清单的公示发布。调整后清单显示，宁夏晶航储能技术有限公司石嘴山惠农区200MW/800MWh独立储能建设项目调入清单。该项目建设单位为宁夏晶航储能技术有限公司，据企查查显示，该公司由晶科科技间接全资控股。同时，将此前纳入石嘴山市2026年度电网侧电化学储能项目建设清单的宁夏中和电力有限公司石嘴山惠农区400MW/800MWh共享储能电站建设项目调出清单。截至目前，宁夏已各地已相继公示2026年度电网侧电化学储能项目建设清单。合计共公示了70个项目，规模为19.44GW/62.18GWh。7、8月峰谷电价：上海/天津/广东峰谷价差全国前三！18地系统运行费下调！截至7月30日，全国各地代理购电价格已陆续发布（云南除外）。经统计，最大峰谷价差中，全国排名前三的地区分别为上海1.4905元/kWh，天津1.4574元/kWh，广东1.2655元/kWh。上海、天津、广东、湖南、浙江、河北、北京、重庆、冀北等9地最大峰谷价差超过1元/kWh。海外市场动态1、美国最大电力市场紧急改革：数据中心需求激增，可靠性告急，电价飞涨美国最大的电力市场——覆盖13个州的PJM互联电网，正被迫对其运作方式进行快速重新设计，以在满足自身可靠性目标的同时，应对来自数据中心和电气化带来的新需求。该市场已陷入长达数年的持续性危机。其容量拍卖（即发电机组承诺在需求高峰期提供电力的机制）触及了法定价格上限，导致客户支付了数十亿美元的费用，进而推高了新泽西州等州的电价。据该市场的独立监测机构称，这些费用中的大部分是由于数据中心当前及未来的需求所致，在过去四次容量拍卖中，相关费用高达294亿美元。2、LG新能源：计划下半年建立采用干法电极的全固态中试线7月30日，LG新能源（LG Energy Solution，LGES）发布2026年第二季度财报。财报显示，公司第二季度实现合并营收7.6万亿韩元，营业利润1133亿韩元；上半年实现营收14.1万亿韩元，同比增长10.5%。在未来技术布局方面，LG新能源表示，将持续推进下一代电池研发，下半年计划建立采用干法电极工艺（Dry Electrode Process）的全固态电池中试线（Pilot Line），以加快全固态电池产品开发及量产准备。LG新能源此次并未披露全固态电池中试线的建设地点、产能规模及具体投产时间等信息，仅表示该项目将作为公司未来技术储备和产业化准备的重要组成部分。3、飞行续航提升超30%！Factorial斩获首个无人机电池订单7月24日，美国固态电池上市企业Factorial Energy宣布斩获其首个商业无人机电池订单。该订单来自美国一家头部无人机制造商，标志着Factorial的高阶电池电芯正式进军商业航空航天应用领域。此次商业订单的落地建立在前期成功的电池集成与无人机飞行测试基础之上。测试数据显示，搭载该电池系统的无人机飞行续航里程实现了超过30%的提升。具体的供应链合作方面，Factorial将供应高能量密度的锂金属电芯，并由一家美国本土的电池包集成商进行系统组装，以此打造出专为满足高规格无人机应用需求而设计的电池供应链。原材料市场动态1、天赐材料回应VC涨价传闻！7月30日消息，有投资者向天赐材料提问： 您好，动力电池新国标正式实施，安全标准提升推动下游电池厂商上调VC添加比例，叠加储能需求增长，行业VC需求明显增加。请问公司自有VC产能规模如何？能否匹配电解液扩产需求？面对VC价格上行，公司电解液向下游传导成本的节奏如何预判？公司回答表示，尊敬的投资者，感谢您的关注。目前公司拥有年化3000吨的VC产能以及年化32000吨的VC纯化处理能力，基本满足公司年度纯化需求。对于原材料的价格上涨，目前公司电解液产品均能够进行传导。2、贵州新增年产30万吨磷酸铁项目日前，贵阳市开阳经开区发布消息，开阳“磷钛铁锂”耦合循环一体化项目年产100万吨磷酸铁项目（二期30万吨）环境影响评价征求意见稿进行公示。上述年产100万吨磷酸铁项目一期工程已于今年5月通过审批，规划年产30万吨磷酸铁和33万吨硫酸铵。此次公示的是该项目二期工程，计划新增9条产能约3.33万吨/年的磷酸铁生产线，建设30万吨磷酸铁厂房、亚铁净化厂房、磷铵净化车间等设施，实现年产30万吨磷酸铁、33万吨硫酸铵的规模。两期工程全部建成后，磷化中合将具备年产60万吨磷酸铁和66万吨硫酸铵的生产能力。3、总投资4亿元！安徽新增5万吨锂电池材料项目近日，安徽省蚌埠市五河县生态环境分局对丽岛新能源（安徽）有限公司新建电池铝箔扩建项目环境影响报告表做出批复。据悉，该项目位于安徽省蚌埠市五河县城南工业园区S313省道21号，总投资40000万元，计划购置铝箔轧机、分切机、精切机、油雾回收系统、闭式循环水系统等设备，并新建2个铝箔车间等厂房建筑，建成后可实现年产50000吨电池铝箔生产能力。4、年产1万吨钠离子电池正极材料项目拟落地四川7月28日，四川省宜宾市生态环境局发布公示，拟对同兴皓升（宜宾）新能源科技有限公司年产1万吨钠离子电池正极材料及配套设施项目环境影响评价文件作出审批意见。同兴皓升为同兴科技控股子公司，此次拟建设的年产1万吨钠离子电池正极材料项目，位于四川省宜宾市屏山县屏山镇王场产业园。根据此前披露的信息，同兴科技在屏山县规划的一期年产2万吨钠电正极材料项目总投资约5亿元，整体建设周期约18个月。其中，第一阶段1万吨产能预计于2026年10月投产、12月达产；第二阶段1万吨产能预计于2027年8月投产、12月达产。本次环评公示所涉项目即为一期第一阶段1万吨产能。5、投资3亿元！化工龙头新建锂电项目恒兴新材7月29日晚间公告，公司全资子公司山东衡兴新材料科技有限公司和江苏辰兴新材料科技有限公司拟分别启动项目建设，两个项目预计总投资约6亿元。其中，山东衡兴天然有机酯醛酸衍生物生产项目投资额约3亿元，建设期预计24个月，产品主要包括食品添加剂、替抗饲料添加剂、锂电池电解液溶剂等高附加值精细化工产品。储能项目动态1、华电木垒150MW/600MWh构网型储能电站正式投运近日，华电凯升新疆木垒150MW/600MWh构网型储能电站中160台国电南自构网型储能变流器成功通过全部并网测试，储能电站顺利并网投运。这座位于新疆昌吉州木垒哈萨克自治县的大型储能电站，由中国华电投资建设，是国电南自首个落地投运的构网型储能电站项目，对国电南自全面布局构网型储能赛道、开拓新能源储能市场具有里程碑式意义。2、200MW/800MWh！关于河北张家口一混合储能电站项目处置意见的公示近日，河北省张家口市察北公示一构网型混合储能电站项目处置意见。该项目建设一座独立电化学构网型混合储能电站，规模200MW/800MWh，以原有自建的220KV升压站和专用输电线路，接入解放500千伏变电站。本期场地总占地约65亩，原预留面积30亩，后续仍需新增土地35亩。处置意见为保留此项目，根据项目实际进度争取上级要求如期并网；公示期限为3个工作日（2026年7月29日至2026年7月31日）。3、200MW/400MWh！山西省运城市平陆县恒龙独立储能电站成功并网7月27日，中能建（上海）成套工程有限公司（以下简称上海成套公司）承担储能系统设备采购、安装及调试核心工作的山西恒龙新能源科技有限公司200MW/400MWh独立调峰调频储能项目——“部官储能电站”顺利并入山西省主电网，为区域电力保供与新能源消纳再添“稳定器”。项目位于山西省运城市平陆县部官镇，占地42.26亩，项目采用主流液冷磷酸铁锂储能技术，全站共配置40组5MW/10MWh标准化储能单元及40套PCS预制舱，具备大容量、快响应、高可靠的调峰调频能力。4、180MW/360MWh！江西明正新能源独立储能试点示范项目开工7月29 日上午11:18，江西明正新能源 180MW/360MWh 独立储能试点示范项目开工仪式在崇仁县石庄乡官山村施工现场隆重举行。该项目选址崇仁县石庄乡官山村，为省级独立储能试点示范项目，总规模180MW/360MWh。建成后可提供调峰、调频、应急备用等多项电网支撑服务，有效缓解新能源发电波动问题，提升区域电网承载能力。5、四川公司会东县野租乡4.8万千瓦分散式风电储能一体化示范项目顺利通过竣工验收7月28日至29日，工程建设中心贵阳分中心组织开展会东县野租乡4.8万千瓦分散式风电储能一体化示范项目竣工验收工作。经专家组全面评审，项目符合国家及行业验收标准，顺利通过竣工验收。6、易事特榆中县夏官营镇污水处理厂分布式光储项目一期正式并网投运近日，易事特提供全套综合能源解决方案的榆中县夏官营镇污水处理厂分布式光储项目一期正式并网投运。该项目整体规划直流侧总装机1710.72kWp，采用""先光伏、后储能""的分期建设模式：一期光伏系统已稳定运行，直接替代外购市电降低用电成本；二期将扩容光伏并配套储能系统，进一步平抑峰谷电价，最大化绿电自用比例。这个项目的落地，不只是一座污水处理厂的节能改造，更是分布式光储方案在水务行业的又一次成熟验证。企业动态1、从2%到25%！亿纬锂能等储能6企集体涨价近期，受上游大宗商品、核心元器件价格持续攀升及国家消费税政策调整等多重因素影响，储能相关企业纷纷发布调价通知。除此前宣布全系列产品涨价10%-30%的盛弘股份外，近日还有亿纬锂能（300014）、易事特（300376）、英飞源、绿能慧充、润诚达、领充新能源宣布上调产品价格。2、海辰储能携手Statkraft落地西班牙首个项目，助力纳瓦拉风电场改造升级7月28日，海辰储能与欧洲头部可再生能源生产商Statkraft达成战略合作，将为其位于西班牙北部的蒙特斯·德·希尔索（Montes de Cierzo）风电场提供全场景一体化储能解决方案。此次合作将以先进储能技术赋能老旧风电项目升级改造，有效提升风电消纳能力与电网运行灵活性，助力西班牙及欧洲新能源规模化发展与电力系统智能化转型。根据协议，海辰储能将为该项目交付6套标准化储能系统，单套容量达5.016MWh，项目整体储能容量可达30.1MWh，结合海辰储能高安全性、高可靠性的储能系统架构，打造一站式交钥匙储能解决方案，完美适配大型风电场电网级储能应用场景。3、昆宇电源美国工商业储能项目正式投运近日，昆宇电源海外布局再传喜讯，携手美国合作伙伴的工商业储能项目正式完成交付并投入稳定运行。项目覆盖美国佛罗里达州、加利福尼亚州两大核心能源市场，适配多元工商业用电场景，标志着昆宇电源在北美工商业储能核心市场的实质性突破，也彰显了中国储能智慧解决方案在国际市场的硬核竞争力。本次落地项目精准直击当地用户 “控成本、保供电” 两大核心刚需，围绕峰谷套利、刚性负荷保供两大目标打造一体化方案，覆盖新能源配套、工矿生产、商业场景三类典型工商业业态。项目均采用昆宇电源自主研发的PowerEco-60kW/207kWh工商业储能系统，该系统采用高集成化交直流一体设计，高度集成电池模组、PCS、EMS、人机交互界面及消防系统，大幅简化现场部署流程；支持灵活扩容，可广泛适配微电网、产业园区、工矿企业等应用场景，满足峰谷套利、需量管理、光储融合、备用电源等多重需求。4、易事特全系列产品涨价10%-25%7月29日，易事特发布《产品调价通知》，表示现阶段全球电子供应链波动加剧，受上游大宗商品、有色金属涨价及AI产业产能挤占影响，各类核心原材料、芯片、元器件价格大幅持续上涨，供货周期同步延长，多重因素叠加导致公司产品综合生产成本大幅攀升。全系列产品调价涨幅10%~25%，：2026年8月1日后新增订单执行调整价格。5、国轩高科与大众汽车洽谈西班牙电池工厂合作据西班牙《汽车论坛报》消息称，国轩高科正与大众汽车就西班牙瓦伦西亚在建电池超级工厂开展深入谈判。报道称，双方磋商方案拟围绕该工厂设立合资公司，国轩高科有望获得合资主体多数股权。国轩高科董事长李缜已带队前往瓦伦西亚萨贡托厂区实地调研。本次谈判仅针对瓦伦西亚单一工厂，不涉及大众电池子公司 PowerCo 其余全球资产。该电池工厂由PowerCo开发运营，据大众集团公开消息，该项目总投资30亿欧元，规划最大产能40GWh，建成后预计直接创造 3000 个就业岗位等。6、100MW/400MWh！采日能源欧洲储能项目正式并网日前，采日能源欧洲100MW/400MWh储能项目成功并网上电，并在短时间内顺利通过了电网公司的严格测试，成功获取运营许可。从项目立项到并网投运，采日能源以高效合规的全流程交付能力，为欧洲市场再树标杆。项目所在地峰谷电价优势明显，可再生能源发展迅速，对电网灵活调节资源的需求日益增长。采日能源积极响应当地政府鼓励储能建设、提升电网稳定性的政策导向，于2025年三季度正式启动该项目。项目总规模达100MW/400MWh，采用采日能源自主研发的箱式储能系统并配套先进的储能变流器设备，包括80台星汉系列5MWh箱式储能系统及10套10MW变流升压一体舱，根据运营规划，系统具备大容量充放电能力和高功率响应特性，将按照优化的运行策略进行调度，为投资方创造稳定的经济收益。7、辉能科技获3.6亿元融资承诺，加速法国超级工厂建设7月28日，辉能科技宣布，与特殊目的收购公司Translational Development Acquisition Corp.（TDAC）获得现有股东财团提供的5000万美元（约合人民币3.6亿元）股权融资承诺，以支持双方此前宣布的业务合并计划。交易完成后，辉能科技预计将实现上市。根据公告，本次5000万美元融资由辉能科技现有投资者提供，对应公司此前公布的约38亿美元投前估值。该笔资金属于此前公布的整体融资计划的一部分，将用于支持下一代锂陶瓷电池产能扩张、推进法国敦刻尔克（Dunkirk）超级工厂建设，并拓展数据中心、航空航天、机器人等新应用领域。辉能科技表示，法国敦刻尔克超级工厂已获得法国政府最高13.75亿欧元补贴支持，公司计划利用本次融资继续推进该项目建设。8、300亿市值公司拟处置部分电池资产，加码钠电池等业务7月29日晚间，远东股份发布关于处置部分资产的公告。公告显示，为进一步提高资产运营效率，公司控股孙公司江苏远东电池有限公司拟将部分资产处置给宁波精研良造新能源科技有限公司（以下简称“宁波精研”）、江苏吉厚智能科技有限公司。公告显示，交易完成后，远东股份预计分别增加归属于上市公司股东的净利润1348.21万元、1104.36万元。最终损益将根据实际成交结果，以年度会计师审计报告为准。据悉，远东股份是远东控股集团有限公司旗下上市公司，聚焦智能缆网/电能、智能电池储能/算力AI、智慧机场三大业务，是全球智慧能源/数智城市服务商。9、7.5+GWh！飞毛腿能源中标多项储能订单近日，飞毛腿能源官微发布报道，凭借过硬的技术实力与优质的服务口碑，公司接连中标多项储能项目。截至目前，储能项目中标订单量已成功突破7.5+GWh，业绩实现稳步攀升。飞毛腿能源是飞毛腿集团旗下子公司，国内专业的储能集成技术企业，深耕国内储能市场多年，专注为各行业客户提供全品类储能产品、定制化系统解决方案及全周期一站式售后支持服务。飞毛腿能源科技总经理杜伟斌表示，公司布局电站投资赛道，福州、天津布局南北双基地合计产能超百GWh，大电芯PACK产线已量产并实现GWh级交付，兼容314Ah、587Ah及600Ah+系列所有电芯。产能动态1、年产6GWh锂电池扩建项目落地江苏普利特7月29日公告，控股孙公司江苏海四达储能拟投建大方型先进电池产线升级改造项目，计划总投资约5亿元，将有效扩大公司锂离子电池产能规模，提升量产能力。项目位于江苏省启东经济开发区牡丹江西路2288号海四达储能科技公司，计划利用现有厂房及危化品仓库，新增2条高速自动化生产线，实现多种规格方形铝壳锂离子电池的共线兼容生产，并深度融合MES（制造执行系统）、SCADA数据采集系统及ERP资源管理平台，实现工艺参数的精准管控与产品全生命周期追溯。项目全面投产后，将新增年产6GWh高性能方形锂离子电池的生产能力。一审：潘 望二审：王谊秀由于微信改版，关注后请点击右上角，选择“设为星标”与“置顶”，以获得最新的文章更新投稿联系电话：***********（同微信）地址：北京市西城区阜成门外四川大厦东塔楼30层官网：www.escn.com.cn 投稿邮箱：ly83518@126.com",,,,pending
20家企业，39款新品，储能大电芯竞逐最新动态！,储能网,储能网,"RIOnews API, 宁德时代, 亿纬锂能, 亿纬, 中创新航, 海辰储能, 海辰, 远景动力, 欣旺达, 欣旺达动力, 鹏辉能源, 储能, 储能电芯, 储能专用电芯, 储能系统, 系统集成, 280Ah, 300Ah, 314Ah, 500Ah, 600Ah, 大容量电芯, 独立储能, 供电, 循环寿命, 热管理, 出货, 出货量, 交付, 累计出货, 产能, GWh, 投产, 中标, 招标, 低价中标, 增资, 投资, 海外, 发布, 推出, 量产, 并网",normal,2026-07-31T14:50:24+08:00,,导语：第三代电芯竞赛升级。中国储能网讯：7月中旬以来，电池厂商关于储能大电芯的动态密集出现——7月15日，远景动力宜昌超级工厂正式举行投产仪式，首批量产的790Ah储能大电芯下线即发运德国，交付海外储能客户。今年4月，远景宣布790Ah电芯正式投产，号称全球最大方壳卷绕储能电芯。7月24日，欣旺达发布公告称子公司欣旺达动力拟进行C+轮增资扩股，阳光电源、天齐锂业(射洪)有限公司合计出资8.05亿元，其中，阳光电源6.55亿元。阳光电源、欣旺达关于684Ah电芯的协同关系自此推向台前。也是在7月24日，宁德时代发布2026年半年报，称587Ah大容量储能专用电芯实现规模化交付。据了解，截至202,http://mp.weixin.qq.com/s?__biz=MzA3MjA3MzgwNw==&mid=2651978007&idx=1&sn=8cd0b7e1e26a6282842c16da6a57c413,,导语：第三代电芯竞赛升级。中国储能网讯：7月中旬以来，电池厂商关于储能大电芯的动态密集出现——7月15日，远景动力宜昌超级工厂正式举行投产仪式，首批量产的790Ah储能大电芯下线即发运德国，交付海外储能客户。今年4月，远景宣布790Ah电芯正式投产，号称全球最大方壳卷绕储能电芯。7月24日，欣旺达发布公告称子公司欣旺达动力拟进行C+轮增资扩股，阳光电源、天齐锂业(射洪)有限公司合计出资8.05亿元，其中，阳光电源6.55亿元。阳光电源、欣旺达关于684Ah电芯的协同关系自此推向台前。也是在7月24日，宁德时代发布2026年半年报，称587Ah大容量储能专用电芯实现规模化交付。据了解，截至202,导语：第三代电芯竞赛升级。中国储能网讯：7月中旬以来，电池厂商关于储能大电芯的动态密集出现——7月15日，远景动力宜昌超级工厂正式举行投产仪式，首批量产的790Ah储能大电芯下线即发运德国，交付海外储能客户。今年4月，远景宣布790Ah电芯正式投产，号称全球最大方壳卷绕储能电芯。7月24日，欣旺达发布公告称子公司欣旺达动力拟进行C+轮增资扩股，阳光电源、天齐锂业(射洪)有限公司合计出资8.05亿元，其中，阳光电源6.55亿元。阳光电源、欣旺达关于684Ah电芯的协同关系自此推向台前。也是在7月24日，宁德时代发布2026年半年报，称587Ah大容量储能专用电芯实现规模化交付。据了解，截至2026年4月，宁德时代587Ah电芯累计出货量已突破5GWh。7月27日，鹏程无限宣布，与佳洋能源正式签署电芯长期供货合同，包含314Ah电芯20GWh、587Ah大容量电芯5GWh的供货规模。远景动力宜昌基地790Ah产线图 图片来源：三峡日报这几家企业主导的产品，对应的恰恰是第三代电芯竞逐赛中最有代表性的三个类别：314Ah是第二代大电芯的绝对王者，占据目前市场主要份额；587Ah和684Ah是本轮角逐的两大主力选手，分别由宁德时代和阳光电源主导，2026年开始起量；790Ah及更大容量的电芯代表的则是第三代大电芯更多的可能，背后站的是各有所长的电芯玩家。587Ah、684Ah两大主力阵营，“打法”迥异结合上半年国内外多个储能展会报道，“中国储能网”梳理出20家储能电芯企业大电芯产品详情，包含电芯容量、能量密度、循环寿命和技术路线多个层面信息。截至2026年6月底，宁德时代、海辰储能、亿纬锂能等20家储能电芯企业共推出39款大电芯产品，电芯容量范围392-2710Ah，能量密度范围413-451Wh/L或176-192Wh/kg，循环寿命范围8000-15000次，技术路线方面，卷绕工艺26款，叠片工艺10款，剩余3款暂未查询到准确技术路线。总体来看，500Ah+和600Ah+的大电芯产品最多，共计30款，占比77%。这两大电芯阵营中，最具代表性的产品分别是587Ah电芯和684Ah电芯。587Ah电芯的主要倡导者是宁德时代和海辰储能，两家企业推出的产品虽然容量规格一致，但能量密度和循环寿命并不相同。2025年6月，宁德时代正式宣布587Ah电芯量产交付，这是国内首个实现规模化商用的500Ah+级大电芯产品；两个月之后，海辰储能∞Cell 587Ah大容量储能电池正式量产下线。到了2026年，两家龙头关于大电芯的竞争路线开始分化。宁德时代持续推进587Ah电芯，截至2026年4月，其累计出货量已突破5GWh，半年报进一步披露，“上半年产能利用率基本饱和，已为客户需求备货及推进产能建设，境内储能销量占比略高于境外，储能系统占比接近七成，587Ah储能大电芯已实现规模化交付”。宁德时代587Ah电芯 图片来源：宁德时代海辰储能既587Ah电芯之后，又于2026年6月相继推出650Ah、1175Ah、1300Ah等大电芯，进一步完善产品矩阵。其中，∞Power 6.9MWh 8小时长时储能系统，全球首个原生8小时长时储能解决方案，采用全球首款1300Ah长时储能专用电芯，从电芯层面进行原生设计；∞Cell 1175Ah千安时电芯，是全球首款千安时级长时储能专用电池，已量产下线。同海辰储能的战略类似，多数电芯企业推出的大电芯产品均囊括了500Ah+、600Ah+等多种容量规格的电芯，比如，中创新航、鹏辉能源、融捷能源、派能科技等。与587Ah电芯不同，684Ah电芯背后不再是单纯的电芯龙头，而是储能系统龙头+电芯企业的组合，即阳光电源、欣旺达。2025年6月，在宁德时代587Ah电芯量产的一个月之后，阳光电源发布了新一代的PowerTitan 3.0智储平台，搭载行业首个可量产的684Ah叠片工艺电芯。阳光电源PowerTitan 3.0智储平台，搭载684Ah叠片工艺电芯 图片来源：阳光电源当时，业内普遍猜测电芯合作方为欣旺达，但阳光电源始终未作出官方回应。到了这一年9月，欣旺达684Ah叠片储能电芯正式启动量产。截至2026年4月，欣旺达官宣684Ah电芯量产超过200万颗。与此同时，阳光电源、欣旺达关于684Ah电芯的合作关系也在这个过程中逐步明了。2026年3月，合肥宏储能芯科技有限公司成立，6月增资，其股东结构由阳光系、欣旺达系及合肥国资多方构成，阳光电源实控人曹仁贤及产业投资核心高管解小勇均在列；7月，欣旺达动力宣布增资扩股，增资完成后，阳光电源成为欣旺达动力第三大股东，持股比例为4.77%。值得注意的是，欣旺达动力增资扩股的另一位主角是锂矿龙头天齐锂业旗下的射洪天齐。也就是说，这一轮增资，不仅宣告了阳光电源和欣旺达的产业协同关系，更宣告了“锂矿+电芯+系统”三大产业链环节的战略同盟。可见，587Ah、684Ah两大电芯主力阵营的“打法”各具特色。587Ah阵营，宁德时代专注587Ah电芯，加快推进出货，海辰储能扩大产品矩阵，推出多款更高容量规模的大电芯；684Ah阵营，选择纵向联合，牵手锂矿、系统等上下游伙伴，打造生态同盟。电芯竞争，不再止步于电芯本身7月27日，鹏程无限与佳洋能源正式签署电芯长期供货合同，双方锁定314Ah电芯20GWh、587Ah大容量电芯5GWh的供货规模。值得注意的是，合同规定，2026年将保障供应10GWh的314Ah电芯；剩余10GWh的314Ah电芯以及5GWh的587Ah大容量电芯，则将在2027-2028年间陆续完成交付。这则合同内容，在一定程度上反映出了当下大电芯竞争的真实市场反馈：虽然以587Ah和684Ah为代表的新一代大电芯竞争日趋升级，但是当前市场占据主导地位的依旧是314Ah电芯。“目前来看，市场上需求最多的依旧是314Ah电芯，我们今年会继续保持一定的314Ah电芯产能，同时推出更多元化的、多规格的电芯产品，以适应市场的变化。”今年6月上海SNEC展期间，某头部电池厂商对“中国储能网”说，当前大部分电芯企业都处于“观望”状态。目前，可以清晰看到的是，储能电芯的竞争，早已不再止步于电芯本身，还涉及技术路线、业主招投标考核权重、细分场景等多元维度的博弈。2026年1月，全球首个基于628Ah储能大电池的百兆瓦时电站——睿特新能源灵寿县200MW/400MWh独立储能项目成功并网，应用亿纬锂能的628Ah电芯产品 图片来源：亿纬锂能首先，随着电芯容量的升级，统治前两代储能电芯的传统卷绕工艺技术路线，迎来了新的竞争对手——叠片工艺。上述表格中，500Ah+和600Ah+的大电芯产品均延续卷绕工艺，而700Ah以上、尤其是超过1000Ah的电芯所以叠片为主。但其中也有个例，远景动力在今年4月推出了790Ah电芯，采用的依旧是卷绕工艺，是目前业内最大的方壳卷绕储能电芯。在790Ah电芯推出短短四个月之后，就实现了首批量产下线即交付海外储能客户，且超50%产能已被锁定。曾经，业内有声音认为，卷绕工艺能实现的电芯容量极限在500Ah左右，但目前看来，这个所谓的“极限”也在不断被打破。远景动力790Ah电芯 图片来源：宜昌发布其次，系统融合能力、全生命周期运维能力在央国企招标中的权重上升。2026年以来的央国企招标中，出现了两个明显的变化趋势，第一是最低价中标的概率降低到50%以下，一改往日低价中标的惯例；第二是业主优先考虑全产业链把控能力强的供应商。这两点变化都意味着，新型储能产业进入了高质量发展的新阶段，项目全生命周期室内的“质优”开始大于单一环节的“价廉”。站在下游业主的视角来看，更希望与供应商建立相对连贯且高效的合作关系，倘若供应商可以提供电芯、系统、运维、交易环节的全链服务，自然更容易获得业主青睐。也是在这一市场需求的驱动下，上游电芯、系统企业的纵向联合开始加速，上半年的展会上，几乎所有储能龙头企业的展品中，几乎都囊括了电芯、系统、运维等多个产业链环节，甚至最上游的锂矿龙头，也开始向下打通。最后，海量新增场景孕育新的商机，得细分场景者得天下。AIDC储能、零碳工厂、绿电直连等新场景的出现，推动新型储能走进无数新增的应用场景，新的场景意味着新的需求，不少电芯企业已经推出针对特殊应用场景的电芯产品。当前，中国锂电池产业正处于技术迭代与全球竞争加速重塑的关键期。截至目前，储能用锂离子电池出货量占全球市场90%以上，2026年上半年中国企业出货量达490GWh，同比增长95%，未来五年总产值规模或将再翻一番。尽管三星、LG及欧美企业正奋力追赶，中国电池企业依然占据全球产能供给的领先地位。技术迭代、产能交付、全球化渠道与智能运维正成为头部企业构筑差异化壁垒的关键。储能电芯正从280Ah、314Ah主流规格向500Ah以上大容量方向加速迭代，后者在系统集成效率、循环寿命、全生命周期经济性方面具有显著优势。然而，行业面临的结构性矛盾同样突出：2027年全球储能电池出货量预计达870GWh，2030年将突破1000GWh，而国内先进储能产能2026年底仅约200GWh，2027年底预计540GWh，供给缺口明显。500Ah以上大电芯在热管理、安全控制、一致性及系统集成方面要求更高，产能优化与布局提速刻不容缓。储能赛道跨越式增长的确定性已毋庸置疑，但谁能率先突破先进产能瓶颈、在全球交付与差异化竞争中建立壁垒，谁才能真正定义下一代储能产业的新格局。一审：潘 望二审：王谊秀由于微信改版，关注后请点击右上角，选择“设为星标”与“置顶”，以获得最新的文章更新投稿联系电话：***********（同微信）地址：北京市西城区阜成门外四川大厦东塔楼30层官网：www.escn.com.cn 投稿邮箱：ly83518@126.com阅读原文第三代电芯竞赛升级。,,,,pending
钠离子电池高电压正极开发,钠电派,钠电派,"RIOnews API, 钠离子电池, 钠电",normal,2026-07-31T14:46:06+08:00,,扫描上图二维码解锁钠电知识宝库，可下载钠电池资料！由于公众号规则更改，请大佬们点个关注、推荐和转发【钠电派知识星球】致力于打造钠电池行业垂直产业链资源库！可下载！扫下方二维码加入(与钠电人共同成长)▼扫描上图二维码解锁钠电知识宝库，可下载钠电池资料！由于公众号规则更改，请大佬们点个关注、推荐和转发【钠电派知识星球】致力于打造钠电池行业垂直产业链资源库！,http://mp.weixin.qq.com/s?__biz=Mzg3MDg4NzA0MQ==&mid=2247504578&idx=2&sn=a65cc71239fb025fa1e84b0ce7c3b75d,,扫描上图二维码解锁钠电知识宝库，可下载钠电池资料！由于公众号规则更改，请大佬们点个关注、推荐和转发【钠电派知识星球】致力于打造钠电池行业垂直产业链资源库！可下载！扫下方二维码加入(与钠电人共同成长)▼扫描上图二维码解锁钠电知识宝库，可下载钠电池资料！由于公众号规则更改，请大佬们点个关注、推荐和转发【钠电派知识星球】致力于打造钠电池行业垂直产业链资源库！,扫描上图二维码解锁钠电知识宝库，可下载钠电池资料！由于公众号规则更改，请大佬们点个关注、推荐和转发【钠电派知识星球】致力于打造钠电池行业垂直产业链资源库！可下载！扫下方二维码加入(与钠电人共同成长)▼扫描上图二维码解锁钠电知识宝库，可下载钠电池资料！由于公众号规则更改，请大佬们点个关注、推荐和转发【钠电派知识星球】致力于打造钠电池行业垂直产业链资源库！,,,,pending
47亿元！容百科技投建30万吨钠电正极项目,钠电派,钠电派,"RIOnews API, 钠离子电池, 钠电, 钠电正极, 合作进展, 投资, 合作",normal,2026-07-31T14:46:06+08:00,,7月30日，容百科技与仙桃市人民政府签署《项目投资合同书》，拟投资建设仙桃年产30万吨钠电正极材料一体化项目，总投资金额47.23亿元。该项目将分三期建设，其中一期5万吨、二期10万吨、三期15万吨，一期预计2027年5月建成投产，进一步巩固公司在钠电正极材料领域的先发优势，精准把握钠电产业化的关键窗口期。仙桃市委书记孙道军，市委副书记、市长熊享涛，市人大常委会主任余文华，市政协主席印家利，市委副书记李少云，市委常委、副市长唐江平及相关部门领导出席会议，与容百集团董事长兼总裁白厚善、集团副总裁张慧清、董事长助理周佳祥、总裁助理袁徐俊、钠电事业部总经理王尊志及集团高层领导，银行、合作伙伴、媒体记,http://mp.weixin.qq.com/s?__biz=Mzg3MDg4NzA0MQ==&mid=2247504578&idx=1&sn=0e5f33763f84adccd481562d130e4594,,7月30日，容百科技与仙桃市人民政府签署《项目投资合同书》，拟投资建设仙桃年产30万吨钠电正极材料一体化项目，总投资金额47.23亿元。该项目将分三期建设，其中一期5万吨、二期10万吨、三期15万吨，一期预计2027年5月建成投产，进一步巩固公司在钠电正极材料领域的先发优势，精准把握钠电产业化的关键窗口期。仙桃市委书记孙道军，市委副书记、市长熊享涛，市人大常委会主任余文华，市政协主席印家利，市委副书记李少云，市委常委、副市长唐江平及相关部门领导出席会议，与容百集团董事长兼总裁白厚善、集团副总裁张慧清、董事长助理周佳祥、总裁助理袁徐俊、钠电事业部总经理王尊志及集团高层领导，银行、合作伙伴、媒体记,7月30日，容百科技与仙桃市人民政府签署《项目投资合同书》，拟投资建设仙桃年产30万吨钠电正极材料一体化项目，总投资金额47.23亿元。该项目将分三期建设，其中一期5万吨、二期10万吨、三期15万吨，一期预计2027年5月建成投产，进一步巩固公司在钠电正极材料领域的先发优势，精准把握钠电产业化的关键窗口期。仙桃市委书记孙道军，市委副书记、市长熊享涛，市人大常委会主任余文华，市政协主席印家利，市委副书记李少云，市委常委、副市长唐江平及相关部门领导出席会议，与容百集团董事长兼总裁白厚善、集团副总裁张慧清、董事长助理周佳祥、总裁助理袁徐俊、钠电事业部总经理王尊志及集团高层领导，银行、合作伙伴、媒体记者等齐聚现场，共同见证这一推动钠电加速规模化量产的重要时刻。END由于公众号规则更改，请大佬们点个关注、推荐和转发声明：本公众号坚持原创、保护原创，转载内容只为分享传播知识，供个人研究、学习使用，并在文中注明来源。转载文章版权归原作者所有，如有侵权请后台联系删除。扫码添加小编交流丨分享丨合作丨推广 · nadianpai · 点分享点收藏点点赞点在看7月30日，容百科技与仙桃市人民政府签署《项目投资合同书》，拟投资建设仙桃年产30万吨钠电正极材料一体化项目，,,,,pending
全球50余位专家联合发布2026固态电解质路线图，揭示下一代固态电池核心材料方向！,锂电前沿,锂电前沿,"RIOnews API, 新材料, 电池材料, 复合材料, 碳, 聚合物, 高比能, 锂金属, 硅, 凝胶, 前沿表征, 原位, 工况, 高通量, 固态电池, 固态电解质, 新型电池, 钠离子电池, 学术研究, 大学, 教授, 科学院, 研究所, 宁德时代, 宁德新能源, 时代新能源, 国轩高科, 国轩, 远景动力, 欣旺达, 欣旺达动力, 孚能科技, 鹏辉能源, LFP, NCM, 储能, 高安全, 热失控, 长循环, 循环寿命, 电池回收, 正极材料, 电解液, 投资, 发布, 实验室, 量产",normal,2026-07-31T14:38:00+08:00,,"Citation: Florian Strauss, Torsten Brezesinski, Saneyuki Ohno, Yi Huang, Peng Song, Xabier Martinez de Irujo-Labalde, Wolfgang G Zeier, Jelena Popovic-Neuber, Hugo Braun, Arndt Remhof et al. 2026 roadmap on next-generation solid electrolytes for battery applications[J]. Materials Futures, 2026, 5(3)",http://mp.weixin.qq.com/s?__biz=MzkzODYxNTc2OA==&mid=2247511359&idx=3&sn=41985ca9e5ca17afda0ab88391fe182f,,"Citation: Florian Strauss, Torsten Brezesinski, Saneyuki Ohno, Yi Huang, Peng Song, Xabier Martinez de Irujo-Labalde, Wolfgang G Zeier, Jelena Popovic-Neuber, Hugo Braun, Arndt Remhof et al. 2026 roadmap on next-generation solid electrolytes for battery applications[J]. Materials Futures, 2026, 5(3)","Citation: Florian Strauss, Torsten Brezesinski, Saneyuki Ohno, Yi Huang, Peng Song, Xabier Martinez de Irujo-Labalde, Wolfgang G Zeier, Jelena Popovic-Neuber, Hugo Braun, Arndt Remhof et al. 2026 roadmap on next-generation solid electrolytes for battery applications[J]. Materials Futures, 2026, 5(3): 033001. DOI: 10.1088/2752-5724/ae5120文章导读随着全球能源结构加快向低碳化、电气化和可持续化方向发展，新能源汽车、大规模储能及便携式电子设备等领域对高性能储能技术提出了更高要求。传统锂离子电池经过三十余年的发展，已实现商业化并广泛应用于多个领域。然而，由于采用易燃有机液态电解液，其在高能量密度条件下仍存在热失控、泄漏及燃烧等安全隐患，同时难以满足高电压正极和金属锂负极体系对电解质稳定性的要求。因此，开发兼具高安全性、高能量密度和长循环寿命的新一代储能体系，已成为当前电化学储能领域的重要研究方向。在Materials Futures主编、德国卡尔斯鲁厄理工学院Torsten Brezesinski教授的牵头组织下，全球50余位专家共同绘制下一代固态电解质发展路线图，对近年来具有代表性的固态电解质材料进行了系统梳理，包括硫化物、卤化物、后锂/钠无机固态电解质、硼氢化物、完全还原型固态电解质、非晶及玻璃陶瓷固态电解质等新型材料体系；同时，对氧化还原活性固态电解质、规模化加工制造、高通量计算与机器学习辅助材料设计、先进原位表征技术、核磁共振分析以及固态电池回收利用等研究方向进行了总结。作者认为，未来固态电解质的发展将更加依赖材料科学、数据科学与制造技术的深度融合，并通过跨学科协同推动材料设计、智能研发、先进表征及循环利用等关键技术的发展，为高安全、高能量密度和可持续发展的全固态电池提供支撑。本文要点01下一代固态电解质，正在重新定义""好材料""传统锂离子电池使用易燃液态电解液，存在安全隐患；同时，液态电解液与锂金属负极和高电压正极的兼容性差，限制了能量密度的进一步提升。固态电解质（SE）因其不可燃、可匹配锂金属负极、宽电化学窗口等优势，成为下一代电池的核心。过去二十多年，学术界几乎默认""离子电导率越高越好""。因此，大量研究工作都集中在提高Li⁺迁移速率，希望达到甚至超过液态电解液的水平。然而作者指出，这种评价标准已经难以满足未来全固态电池的发展需求。真正具有产业化潜力的固态电解质，应至少满足以下几个方面的要求：高离子电导率（>1 mS/cm）宽电化学窗口良好的机械顺应性（易于冷压成型）空气/湿度稳定性低成本、可规模化制备可回收性作者强调，上述指标之间往往存在相互制约。例如，提高机械强度可能降低界面接触，追求更高离子电导率又可能牺牲空气稳定性。因此，未来材料设计的目标不是让某一个指标达到极致，而是在多个性能之间寻找综合平衡。这一观点也代表了当前固态电解质研究思路的重要转变：从""单一性能最优""走向""系统性能最优""。图1.展示了硫化物、卤化物、氧化物等各类SE的年发文量增长趋势，硫化物仍占主导，卤化物近年来增长迅速。02各类固态电解质的核心进展与挑战（1）硫化物固态电解质硫化物固态电解质（Sulfide Solid Electrolytes）因具有优异的离子传输性能和良好的机械加工性能，是目前全固态电池研究最深入、最具产业化前景的一类无机固态电解质。其优势在于高极化的S²⁻阴离子赋予的快速离子传输，以及机械柔软性（可冷压成型）。尽管硫化物固态电解质具有诸多优势，但在实际应用过程中仍面临一系列挑战。挑战具体问题解决方向结晶度与性能权衡高结晶度提供高电导率，但易开裂;玻璃态韧性好但电导率低玻璃-陶瓷复合材料可重复性同一材料的电导率在不同实验室偏差>50%(2020年实验室间比对)建立标准化测试方法安全性与NCM正极在150℃释放氧气，引发爆燃;遇水释放H2S低电压正极(LFP、S)、氧掺杂、表面涂层界面稳定性对锂金属和高压正极均不稳定界面层（Li3N、LiF、LiBH4等）亮点进展：高熵设计：Li9.54[Si1-δMδ]1.74P1.44S11.1Br0.3O0.6（M=Ge,Sn）达到32 mS/cm，为目前最高值。高熵通过引入“挫败能垒”降低活化能。AI辅助发现：Cho等人通过主动学习发现了电导率13.02 mS/cm的Li-硫银锗矿。大规模制备：Idemitsu（出光兴产）已开始开发低成本Li₂S合成路线；Mitsui Kinzoku（三井金属）于2024年9月启动硫银锗矿的量产。图2.对比了各类SE的电导率，硫化物处于最顶端。（2）卤化物固态电解质与硫化物固态电解质相比，卤化物材料不仅具有较高的锂离子电导率，而且表现出更优异的高电压氧化稳定性和良好的正极兼容性，因此被认为是实现高能量密度全固态电池的重要候选材料。挑战具体问题对锂不稳定与锂金属/Li-In合金接触后还原分解，生成LiCI和金属M，形成高阻抗界面Na+体系电导率低Na3MCl6的离子电导率仅~10-5S/cm(远低于Li+类似物)湿度敏感含AI3+、Zr4+、Ta5+等硬酸的卤化物极易水解亮点进展：非晶态/玻璃态氧氯化物物：LiMOCl₄（M=Nb,Ta）通过部分O取代Cl，形成玻璃态结构，电导率>10 mS/cm。黏土状卤化物：nLiCl-GaF₃体系具有动态还原稳定性：Li₃YCl₃Br₃在0.2 V vs Li⁺/Li下仍稳定，可与红磷负极匹配。图3.总结了卤化物SE的两大核心挑战：离子电导率和化学稳定性。（3）后锂/钠体系随着锂资源成本增加以及对高容量储能体系的需求，研究者开始探索超越传统锂离子和钠离子电池的新型电池体系，包括镁离子、钙离子、锌离子、铝离子以及钾离子电池等。这些体系具有资源丰富、成本低以及多电子转移能力等优势，被认为是未来储能技术的重要候选方向。后锂/钠体系在固态电池中的应用仍面临离子传输、电子绝缘性以及界面稳定性等多方面挑战。离子代表材料电导率关键问题K+K3SbS4(W/CI掺杂)~10-4 S/cm与K金属界面不稳定Mg2+MgYb2Se4(尖晶石)~10-3 S/cm (计算)电子电导率高，需离子凝胶夹层Ca2+Ca(CB11H12)2~10-5 S/cm仅与CaSn3合金测试，未与纯Ca匹配F-BaSnF4、 (CaF2）x(BaF2)1-x~10-4 S/cm已有Zn/BiSnF4/BiF3电池验证图4.总结了影响后Li/Na SE性能的三大因素：结构因素、电化学性质、电池应用。（4）氢硼化物（Hydroborates）氢硼化物是一类近年来受到广泛关注的新型固态电解质，其主要结构单元为含氢硼阴离子。该类材料由于具有较高的离子电导率、良好的机械顺应性或良好的冷压加工性能，被认为是固态电池的重要候选材料。主要优势：宽电化学窗口：与锂金属和高压正极（NMC811）均兼容。溶液可加工：可溶解后浸渍多孔电极。高热稳定性：~400℃，低毒性。主要挑战：高成本：Li₂B₁₂H₁₂约USD 10000/kg, LiCB₁₁H₁₂ 约USD 500 000/kg枝晶问题：使用Li或Na金属负极时仍受枝晶限制，因此许多研究采用Li-In或NaSn合金作为模型负极。前景：若能从NaBH₄开发出低成本合成路线，氢硼化物有望成为兼具高安全、轻量化和宽窗口的SE。图5. 氢硼化物的阴离子结构。图6. 氢硼化物代表性电池性能。（5）全还原（不可还原）电解质固态电池中，负极/电解质界面稳定性是影响循环性能的关键因素。传统固态电解质与低电势金属锂接触时，可能发生还原分解，导致界面阻抗增加。材料电导率（S/cm）还原极限（V）氧化极限（V）Li3N~10-3~0.5~0.5Li3P~10-4~1-Li2S~2.2-LiF~6.3-Li7N2I3x10-4~1.1-Li2.65S0.35N0.15P0.5~10-3~1.1-关键策略：反萤石结构：通过机械化学合成，在Li₂S-Li₃P等体系中引入阴离子无序，形成快离子通道。多电解质架构：不可还原SE用作阳极侧电解质（anolite），与耐氧化阴极电解质（如卤化物）配对，构建双电解质电池。图7. 双电解质架构。图8. 阴离子无序对离子电导率的影响。（6）非晶态（Amorphous）固态电解质非晶态固态电解质缺少长程有序晶体结构，因此不存在传统晶界限制。这类材料通常具有均匀的离子迁移路径和较好的界面接触能力。图9. 电导率提升机制。挑战：非晶态SE的结构表征困难，缺乏统一的设计准则。目前大多数非晶SE的研究仍从晶体类似物出发，化学空间探索远不如晶体体系。图10. 总结了非晶态SE的离子电导率分布：硫化物最高（~10⁻² S/cm），氧化物最低（~10⁻⁶-10⁻⁴ S/cm）。（7）玻璃陶瓷（Glass-Ceramic）固态电解质玻璃陶瓷电解质是一类介于非晶玻璃和晶态陶瓷之间的材料，通过控制热处理过程，使玻璃基体中形成纳米晶相。典型代表是70Li₂S-30P₂S₅体系：玻璃态电导率~0.05 mS/cm，完全结晶态~10⁻⁸ S/cm，而玻璃-陶瓷态可达~3 mS/cm。卤化物玻璃-陶瓷：LiMOCl₄（M=Nb,Ta）：通过部分O取代Cl，形成玻璃-陶瓷，电导率>10 mS/cm。Li-Al-O-Cl（LAOC）体系：具有较低模量和优异的加工性，可通过热熔融浸渍电极。挑战：溶剂不兼容：卤化物对几乎所有溶剂均敏感，难以通过溶液法调控粒径。空气稳定性差：含Al、Zr、Ta等硬酸金属的卤化物极易吸潮。与硫化物不兼容：卤化物/硫化物界面易形成高阻抗层（如InS层）。（8）氧化还原活性电解质（Redox-Active SEs）传统观点认为固态电解质应仅承担离子传输功能，而不能参与电池氧化还原过程。然而近年来提出，具有氧化还原活性的固态电解质可以同时承担离子传输和储能功能，拓展了传统固态电解质的设计思路。图11.固态电池的固态电解质分类。03跨领域技术：从实验室到产业化（1）规模化制备原文强调，固态电解质的产业化不仅取决于材料性能，还受到加工工艺、制造成本及生产效率等因素的影响。目前，不同类型固态电解质已形成各具特点的制备路线。SE类型常用方法优点缺点聚合物溶液浇铸、干法热压简单、连续生产溶剂毒性、电导率低氧化物固相反应+高温烧结空气稳定能耗高、致密化难硫化物高能球磨、熔融淬火、固相反应电导率高湿度敏感、石英管尺寸受限卤化物球磨、固相反应、液相法电导率较高溶剂不兼容、PTFE粘合剂与Li反应复合膜湿法涂布、干法辊压(PTFE)柔性、薄基于PTFE的复合膜对锂金属稳定性较差，易分解（2）高通量与机器学习随着固态电解质材料体系不断丰富，仅依靠传统实验筛选新材料已难以满足研发需求。原文指出，高通量计算能够快速评估大量材料组成和晶体结构，为潜在固态电解质的发现提供理论依据；机器学习则能够利用已有实验数据和计算数据建立材料组成、结构特征与性能之间的关联模型，从而实现新材料的快速预测和优化。成功案例：Cho等人通过主动学习发现了电导率13.02 mS/cm的Li-硫银锗矿。Han等人通过变分自编码器从300个相图中选出Li₇Si₂S₇I，电导率~10⁻² S/cm。未来挑战：惰性气氛下的高通量合成：硫化物/卤化物对空气敏感，需要全封闭自动化。全固态电池的高通量测试：临界电流密度（CCD）测试存在很大波动性（同一电池多次测量值差异大），需要建立标准化测试方法。图12. McCalla组的高通量筛选流程。（3）原位/工况表征Operando 原位表征技术能够在电池实际充放电过程中实时获取材料结构和界面变化信息，是研究全固态电池工作机制的重要工具。与传统离位测试相比，原位技术能够连续监测材料在工作状态下的动态演化过程，更真实地反映电池内部发生的物理和化学变化。近年来，同步辐射 X 射线衍射（XRD）、中子衍射、X 射线吸收谱（XAS）、拉曼光谱、电子显微镜以及 X 射线计算机断层扫描（X-ray CT）等多种原位技术已广泛应用于固态电池研究。这些技术能够实时观察锂离子的迁移路径、晶体结构变化、相变过程、锂枝晶生长及电极/电解质界面的演化规律，为分析电池容量衰减和失效机制提供了重要依据。作者指出，未来应进一步提高原位表征技术的空间分辨率和时间分辨率，并结合多种表征手段，实现不同尺度信息的协同分析，从而更加全面地揭示全固态电池的工作机制。（4）核磁共振（NMR）揭示缺陷与动力学核磁共振（Nuclear Magnetic Resonance，NMR）是研究固态电解质局部结构和离子动力学的重要分析方法。原文指出，与 XRD 等主要反映晶体长程有序结构的技术不同，NMR 能够直接探测锂、钠等离子的局部化学环境及扩散行为，因此在研究离子迁移机制和结构缺陷方面具有独特优势。可探测局域结构（化学位移、各向异性）和缺陷。可覆盖10个数量级的时间尺度，从皮秒级的局部跳动到秒级的宏观扩散。可区分短程和长程离子运动。未来方向：二维交换NMR研究位点特异性扩散。动态核极化（DNP）增强界面NMR信号。图13. NMR可探测的时间尺度范围。图14. LiTi₂(PS₄)₃中的多步扩散行为。（5）固态电池的回收与循环利用固态电池的回收研究尚处早期，但硫化物和卤化物的湿度敏感性、锂金属的反应活性给回收带来新挑战。SE类型推荐方法关键问题氧化物湿法冶金复杂混合物中元素分离困难硫化物溶剂溶解-重结晶(乙醇、N-甲基甲酰胺)可能与正极材料发生副反应卤化物水溶解-脱水(Li3InCl6可逆水合)部分卤化物水解不可逆聚合物溶剂溶解低价值、高能耗各类SE的回收策略：设计建议：从源头考虑可回收性，通过优化材料组成、改进制造工艺及建立完善的循环利用体系，实现全固态电池全生命周期的绿色发展——易拆解外壳、可逆粘合剂、易分离的集流体。图15. SSB回收面临的未来挑战。总结与未来展望未来固态电解质的发展目标已不再局限于获得更高的离子电导率，而应综合考虑材料本征稳定性、电极/电解质界面兼容性、机械性能、加工工艺、制造成本以及环境可持续性等因素，实现多性能协同优化。未来研究需要进一步加强基础理论与工程应用之间的结合，深入揭示离子迁移、界面演化及材料失效机制，建立标准化评价体系，并推动人工智能、先进表征及智能制造等新技术在固态电解质研究中的应用，加快实验室成果向产业化转化。程 作者简介 第一作者、通讯作者Florian Strauss卡尔斯鲁厄理工学院（KIT）博士生。研究领域主要为：锂固态电池专用定制电解质。通讯作者Torsten Brezesinski卡尔斯鲁厄理工学院/巴斯夫公司电池与电化学联合实验室 (BELLA) 实验室主任，纳米技术研究所课题组组长。研究领域主要为：下一代储能电池材料的表征、介孔氧化物薄膜的结构-性能关系的制备和研究等。温馨提醒：会务组新增100张优惠票，优惠票600元每人（含餐），报满为止！缴费成功视为报名成功；参展和报名电话.陈老师：***********2026中国固态电池技术大会暨中国硅碳负极高峰论坛签到地点：江苏·常州富都洲际酒店（常州武进区西湖路2号）签到时间：8月5日 13:00—20:00会议酒店订房方式常州富都洲际酒店 协议价豪华单/双间：380元一晚（含早），豪华湖景单双间：460元一晚（含早）扫码订房交通路线：常州富都洲际酒店常州奔牛国际机场至会议酒店车程约41公里。武进站至会议酒店车程约2公里。常州站至会议酒店车程约14公里。常州北站至会议酒店车程约30公里。会议概况【会议时间】2026年8月5-7日（5日签到）【主办单位】锂电前沿【承办单位】 深圳友研科技有限公司[部分报告议题】（报告或会有少许变动，请以现场为准）会议概况协办单位：东莞市琅菱机械有限公司广东茹天机械设备科技有限公司理化联科（北京）仪器科技有限公司大昌华嘉科学仪器部参会证广告赞助单位：广东茜恩智能装备有限公司椅背广告赞助单位：光年固科（苏州）科技有限公司手提袋广告赞助单位：青岛优明科粉体机械有限公司赞助单位：益瑞石(上海)投资管理有限公司德国新帕泰克有限公司苏州代表处深圳市和胜自动化设备有限公司高能数造（广州）技术有限公司支持单位：布劳恩惰性气体系统（上海）有限公司布鲁克（北京）科技有限公司深圳市新威尔电子有限公司深圳市瑞赛驰科技有限公司步琦实验室设备贸易（上海）有限公司北京艾谱瑞斯科技有限公司普沃思环保科技无锡有限公司东莞市志远高热机械科技有限公司展位展示：东莞百瑞自动化有限公司江苏亮果金属制品有限公司上海菩正电子科技有限公司长沙西丽纳米研磨科技有限公司柔电（武汉）科技有限公司米谱科技（常州）有限公司珠海椿田科技股份有限公司湖北蓝博新能源设备股份有限公司武汉格瑞斯新能源有限公司安徽泽攸科技有限公司上海优耐特斯压缩机有限公司潍坊追日磁电科技有限公司潍坊精华粉体科技股份有限公司常州百和菱智能装备有限责任公司华声强化（上海）科技有限公司广东汇京智能装备有限公司江苏智子未来技术有限公司南京苏展智能科技有限公司无锡市张华医药设备有限公司杭州聚科空分设备制造有限公司深圳冠亚水分仪科技有限公司郑州博欣高温材料有限公司杭州研趣信息技术有限公司环球君业(北京)科技有限公司惠州速力得科技有限公司上海宙盾先元科技有限公司伊特克斯惰性气体系统（北京）有限公司宁波创锂新材料科技有限公司淄博友研科技有限公司深圳华算科技有限公司深圳市北杰新材料有限公司参会单位（首批报名）：宁德时代新能源科技股份有限公司国轩高科股份有限公司惠州赣锋锂电科技有限公司国家动力电池创新中心爱尔集新能源电池(南京)有限公司溧阳天目先导电池材料科技有限公司胜华新材料科技（眉山）有限公司清陶云能(江苏)能源科技有限公司安徽中锂新能源科技有限公司宁德新能源科技有限公司欣旺达动力科技股份有限公司孚能科技（赣州）股份有限公司天齐锂业新能源技术研究（眉山） 有限公司四川盛威锂业有限公司陕西顷刻能源科技有限公司上海屹锂新能源科技有限公司广州鹏辉能源科技股份有限公司微宏动力系统（湖州）有限公司浙江吉曜通行能源科技有限公司深圳索理德新材料科技有限公司国科炭美新材料（湖州）有限公司嘉兴市凯力电池有限公司可乐丽贸易（上海）有限公司惠州市德赛电池有限公司广州汽车集团股份有限公司清陶云能(江苏)能源科技有限公司万向一二三Sila吉利汽车研究院多氟多新材料股份有限公司浙江金羽新能源科技有限公司中科深蓝汇泽新能源(常州)有限责任公司上海杉杉科技有限公司巴斯夫（中国）有限公司烟台京东方材料科技有限公司北京大学 清华大学上海交通大学复旦大学中国科学院苏州纳米技术与纳米仿生研究所广东东阳光科技控股股份有限公司益瑞石石墨和碳公司重庆太蓝新能源有限公司中国科学院物理研究所武汉天石科丰新能源科技有限公司宁波博雅聚力新材料科技有限公司摩田材料科技（兰溪）有限公司泛亚汽车技术中心有限公司国钠能源科技（河北）有限公司澳门大学中南大学哈尔滨工业大学浙江大学哈尔滨工业大学（深圳）华中科技大学中国科学技术大学科腾聚合物贸易(上海)有限公司南京汉特贸易有限公司东莞市琅菱机械有限公司开滦汇金私募基金管理有限公司广东茹天机械设备科技有限公司江苏微导纳米科技股份有限公司理化联科（北京）仪器科技有限公司上海朗亿功能材料有限公司安徽大学大昌华嘉科学仪器部武汉理工大学长安大学广东茜恩智能装备有限公司海目星激光科技集团股份有限公司青岛优明科粉体机械有限公司常州一硫电池科技有限公司中国航天空气动力技术研究院陕西科技大学德国新帕泰克有限公司苏州代表处中国星网网络创新研究院有限公司安徽清致科技发展有限公司深圳市和胜自动化设备有限公司上海道程工业设备有限公司布劳恩惰性气体系统（上海）有限公司福建理工大学重庆文理学院上海檀之茗科技中心（有限合伙）深圳市新威尔电子有限公司深圳仲氪信息科技有限公司步琦实验室设备贸易（上海）有限公司上海子微智能科技有限公司宜宾发展创投有限公司有研(广东)新材料技术研究院北京艾谱瑞斯科技有限公司深圳市瑞赛驰科技有限公司深圳市绿联科技股份有限公司光年固科（苏州）科技有限公司江苏利卡维智能科技有限公司广汽集团汽车工程研究院中国科学院青岛生物能源与过程研究所中国科学院山西煤炭化学研究所东莞市志远高热机械科技有限公司江苏利卡维智能科技有限公司河南理工大学邢台学院宁波博雅聚力新材料科技有限公司东莞百瑞自动化有限公司江苏亮果金属制品有限公司上海电子工程设计研究院有限公司江苏理工学院湖南省正源储能材料与器件研究所中国地质大学（武汉）中北大学上海菩正电子科技有限公司上海协尔化学科技有限公司长沙西丽纳米研磨科技有限公司江苏隆深氢能科技有限公司柔电（武汉）科技有限公司苏州大学湖北航天化学技术研究所南京菲尼克斯电气有限公司安徽扬子职业技术学院广东孚吉新材料有限公司米谱科技（常州）有限公司苏州纽姆特纳米科技有限公司珠海椿田科技股份有限公司湖北蓝博新能源设备股份有限公司武汉格瑞斯新能源有限公司苏州田边能源科技有限公司东北大学中国科学院上海高等研究院武汉工程大学展讯通信（上海）有限公司安徽泽攸科技有限公司太原科技大学北京航空航天大学潍坊追日磁电科技有限公司意尔孚化学（上海）有限公司昆明理工大学潍坊精华粉体科技股份有限公司武汉市哈斯特斯科技有限责任公司大森FMEA応用技研株式会社常州百和菱智能装备有限责任公司江苏科创石化有限公司华声强化（上海）科技有限公司广州埃登达化工有限公司苏州秋逸新材料有限公司欧励隆（中国）投资有限公司广东汇京智能装备有限公司江苏智子未来技术有限公司爱发科（苏州）技术研究开发有限公司南京苏展智能科技有限公司河北工业大学上海微化商贸有限公司杭州聚科空分设备制造有限公司深圳冠亚水分仪科技有限公司中国石化催化剂有限公司工程技术研究院郑州博欣高温材料有限公司中国石化催化剂有限公司摩田材料科技（兰溪）有限公司杭州研趣信息技术有限公司北京文博启胜投资有限公司北京超凡宏宇知识产权代理有限公司中石化催化剂大连有限公司环球君业(北京)科技有限公司深圳市一众智能装备有限公司芜湖映日科技股份有限公司惠州速力得科技有限公司常州市昇海智能科技有限公司深圳分公司肖特（上海）精密材料和设备国际贸易有限公司常州西奥电气科技有限公司上海宙盾先元科技有限公司快顺通环保科技（深圳）有限公司东莞市富电优品电源有限公司伊特克斯惰性气体系统（北京）有限公司河南琅恒企业管理咨询有限公司北方工业大学昆山佰信实计量技术有限公司国际贸易有限公司北京化工大学宁波创锂新材料科技有限公司中石化（大连）石油化工研究院有限公司永杰新材料股份有限公司上海化工院检测有限公司苏州职业技术大学淄博友研科技有限公司上海和盛光度新能源科技有限公司江苏金聚合金材料有限公司江苏擎川智能装备有限公司上海梅特鲁国际贸易有限公司深圳华算科技有限公司宁波震裕汽车部件有限公司西安机电信息技术研究所深圳市北杰新材料有限公司国仪量子技术（合肥）股份有限公司湘潭电化科技股份有限公司江西环境工程职业学院南德新能源汽车检测（江苏）有限公司陕西蓝基新材料科技有限公司中国塑料加工工业协会惠州普赛达新材料有限公司晶序新材料科技（温州）有限公司东莞市电的电子有限公司青岛大学宏润绿能（宣城）能源科技有限公司合肥工业大学洛阳储变电系统有限公司科腾聚合物贸易(上海)有限公司小渡科技（广东）有限公司北京分公司深圳市晨浅拓普科技有限公司苏州赛峰科学仪器有限公司合肥纳安新材料科技有限公司宝晟(苏州)能源科技有限公司广州白云科技股份有限公司常州长晟创新科技有限公司南昌大学胜华新能源科技（东营）有限公司兰州交通大学营口航盛科技实业有限责任公司沈阳分公司三明市海斯福化工有限责任公司达士维尔粉体科技（上海）有限公司上海润势科技有限公司中国科学院广州地球化学研究所中国科学院新疆理化技术研究所中汽新能无锡技术中心有限公司广州融捷电源材料有限公司日联科技集团股份有限公司华中科技大学江苏澄星新材料科技",,,,pending
优惠最后一天，600元！2026中国固态电池技术大会暨中国硅碳负极高峰论坛,锂电前沿,锂电前沿,"RIOnews API, 新材料, 电池材料, 碳, 聚合物, 高比能, 硅, 固态电池, 学术研究, 大学, 科学院, 研究所, 宁德时代, 宁德新能源, 时代新能源, 国轩高科, 国轩, 远景动力, 欣旺达, 欣旺达动力, 孚能科技, 鹏辉能源, 储能, 投资, 实验室",normal,2026-07-31T14:38:00+08:00,,温馨提醒：会务组新增100张优惠票，优惠票600元每人（含餐），报满为止！缴费成功视为报名成功；参展和报名电话.陈老师：***********2026中国固态电池技术大会暨中国硅碳负极高峰论坛签到地点：江苏·常州富都洲际酒店（常州武进区西湖路2号）签到时间：8月5日 13:00—20:00会议酒店订房方式常州富都洲际酒店 协议价豪华单/双间：380元一晚（含早），豪华湖景单双间：460元一晚（含早）扫码订房交通路线：常州富都洲际酒店常州奔牛国际机场至会议酒店车程约41公里。武进站至会议酒店车程约2公里。常州站至会议酒店车程约14公里。常州北站至会议酒店车程约30公里。会议概况【会议时间】202,http://mp.weixin.qq.com/s?__biz=MzkzODYxNTc2OA==&mid=2247511359&idx=2&sn=ff102de44841f1cb7f9fe45359a50f7f,,温馨提醒：会务组新增100张优惠票，优惠票600元每人（含餐），报满为止！缴费成功视为报名成功；参展和报名电话.陈老师：***********2026中国固态电池技术大会暨中国硅碳负极高峰论坛签到地点：江苏·常州富都洲际酒店（常州武进区西湖路2号）签到时间：8月5日 13:00—20:00会议酒店订房方式常州富都洲际酒店 协议价豪华单/双间：380元一晚（含早），豪华湖景单双间：460元一晚（含早）扫码订房交通路线：常州富都洲际酒店常州奔牛国际机场至会议酒店车程约41公里。武进站至会议酒店车程约2公里。常州站至会议酒店车程约14公里。常州北站至会议酒店车程约30公里。会议概况【会议时间】202,温馨提醒：会务组新增100张优惠票，优惠票600元每人（含餐），报满为止！缴费成功视为报名成功；参展和报名电话.陈老师：***********2026中国固态电池技术大会暨中国硅碳负极高峰论坛签到地点：江苏·常州富都洲际酒店（常州武进区西湖路2号）签到时间：8月5日 13:00—20:00会议酒店订房方式常州富都洲际酒店 协议价豪华单/双间：380元一晚（含早），豪华湖景单双间：460元一晚（含早）扫码订房交通路线：常州富都洲际酒店常州奔牛国际机场至会议酒店车程约41公里。武进站至会议酒店车程约2公里。常州站至会议酒店车程约14公里。常州北站至会议酒店车程约30公里。会议概况【会议时间】2026年8月5-7日（5日签到）【主办单位】锂电前沿【承办单位】 深圳友研科技有限公司[部分报告议题】（报告或会有少许变动，请以现场为准）会议概况协办单位：东莞市琅菱机械有限公司广东茹天机械设备科技有限公司理化联科（北京）仪器科技有限公司大昌华嘉科学仪器部参会证广告赞助单位：广东茜恩智能装备有限公司椅背广告赞助单位：光年固科（苏州）科技有限公司手提袋广告赞助单位：青岛优明科粉体机械有限公司赞助单位：益瑞石(上海)投资管理有限公司德国新帕泰克有限公司苏州代表处深圳市和胜自动化设备有限公司高能数造（广州）技术有限公司支持单位：布劳恩惰性气体系统（上海）有限公司布鲁克（北京）科技有限公司深圳市新威尔电子有限公司深圳市瑞赛驰科技有限公司步琦实验室设备贸易（上海）有限公司北京艾谱瑞斯科技有限公司普沃思环保科技无锡有限公司东莞市志远高热机械科技有限公司展位展示：东莞百瑞自动化有限公司江苏亮果金属制品有限公司上海菩正电子科技有限公司长沙西丽纳米研磨科技有限公司柔电（武汉）科技有限公司米谱科技（常州）有限公司珠海椿田科技股份有限公司湖北蓝博新能源设备股份有限公司武汉格瑞斯新能源有限公司安徽泽攸科技有限公司上海优耐特斯压缩机有限公司潍坊追日磁电科技有限公司潍坊精华粉体科技股份有限公司常州百和菱智能装备有限责任公司华声强化（上海）科技有限公司广东汇京智能装备有限公司江苏智子未来技术有限公司南京苏展智能科技有限公司无锡市张华医药设备有限公司杭州聚科空分设备制造有限公司深圳冠亚水分仪科技有限公司郑州博欣高温材料有限公司杭州研趣信息技术有限公司环球君业(北京)科技有限公司惠州速力得科技有限公司上海宙盾先元科技有限公司伊特克斯惰性气体系统（北京）有限公司宁波创锂新材料科技有限公司淄博友研科技有限公司深圳华算科技有限公司深圳市北杰新材料有限公司参会单位（首批报名）：宁德时代新能源科技股份有限公司国轩高科股份有限公司惠州赣锋锂电科技有限公司国家动力电池创新中心爱尔集新能源电池(南京)有限公司溧阳天目先导电池材料科技有限公司胜华新材料科技（眉山）有限公司清陶云能(江苏)能源科技有限公司安徽中锂新能源科技有限公司宁德新能源科技有限公司欣旺达动力科技股份有限公司孚能科技（赣州）股份有限公司天齐锂业新能源技术研究（眉山） 有限公司四川盛威锂业有限公司陕西顷刻能源科技有限公司上海屹锂新能源科技有限公司广州鹏辉能源科技股份有限公司微宏动力系统（湖州）有限公司浙江吉曜通行能源科技有限公司深圳索理德新材料科技有限公司国科炭美新材料（湖州）有限公司嘉兴市凯力电池有限公司可乐丽贸易（上海）有限公司惠州市德赛电池有限公司广州汽车集团股份有限公司清陶云能(江苏)能源科技有限公司万向一二三Sila吉利汽车研究院多氟多新材料股份有限公司浙江金羽新能源科技有限公司中科深蓝汇泽新能源(常州)有限责任公司上海杉杉科技有限公司巴斯夫（中国）有限公司烟台京东方材料科技有限公司北京大学 清华大学上海交通大学复旦大学中国科学院苏州纳米技术与纳米仿生研究所广东东阳光科技控股股份有限公司益瑞石石墨和碳公司重庆太蓝新能源有限公司中国科学院物理研究所武汉天石科丰新能源科技有限公司宁波博雅聚力新材料科技有限公司摩田材料科技（兰溪）有限公司泛亚汽车技术中心有限公司国钠能源科技（河北）有限公司澳门大学中南大学哈尔滨工业大学浙江大学哈尔滨工业大学（深圳）华中科技大学中国科学技术大学科腾聚合物贸易(上海)有限公司南京汉特贸易有限公司东莞市琅菱机械有限公司开滦汇金私募基金管理有限公司广东茹天机械设备科技有限公司江苏微导纳米科技股份有限公司理化联科（北京）仪器科技有限公司上海朗亿功能材料有限公司安徽大学大昌华嘉科学仪器部武汉理工大学长安大学广东茜恩智能装备有限公司海目星激光科技集团股份有限公司青岛优明科粉体机械有限公司常州一硫电池科技有限公司中国航天空气动力技术研究院陕西科技大学德国新帕泰克有限公司苏州代表处中国星网网络创新研究院有限公司安徽清致科技发展有限公司深圳市和胜自动化设备有限公司上海道程工业设备有限公司布劳恩惰性气体系统（上海）有限公司福建理工大学重庆文理学院上海檀之茗科技中心（有限合伙）深圳市新威尔电子有限公司深圳仲氪信息科技有限公司步琦实验室设备贸易（上海）有限公司上海子微智能科技有限公司宜宾发展创投有限公司有研(广东)新材料技术研究院北京艾谱瑞斯科技有限公司深圳市瑞赛驰科技有限公司深圳市绿联科技股份有限公司光年固科（苏州）科技有限公司江苏利卡维智能科技有限公司广汽集团汽车工程研究院中国科学院青岛生物能源与过程研究所中国科学院山西煤炭化学研究所东莞市志远高热机械科技有限公司江苏利卡维智能科技有限公司河南理工大学邢台学院宁波博雅聚力新材料科技有限公司东莞百瑞自动化有限公司江苏亮果金属制品有限公司上海电子工程设计研究院有限公司江苏理工学院湖南省正源储能材料与器件研究所中国地质大学（武汉）中北大学上海菩正电子科技有限公司上海协尔化学科技有限公司长沙西丽纳米研磨科技有限公司江苏隆深氢能科技有限公司柔电（武汉）科技有限公司苏州大学湖北航天化学技术研究所南京菲尼克斯电气有限公司安徽扬子职业技术学院广东孚吉新材料有限公司米谱科技（常州）有限公司苏州纽姆特纳米科技有限公司珠海椿田科技股份有限公司湖北蓝博新能源设备股份有限公司武汉格瑞斯新能源有限公司苏州田边能源科技有限公司东北大学中国科学院上海高等研究院武汉工程大学展讯通信（上海）有限公司安徽泽攸科技有限公司太原科技大学北京航空航天大学潍坊追日磁电科技有限公司意尔孚化学（上海）有限公司昆明理工大学潍坊精华粉体科技股份有限公司武汉市哈斯特斯科技有限责任公司大森FMEA応用技研株式会社常州百和菱智能装备有限责任公司江苏科创石化有限公司华声强化（上海）科技有限公司广州埃登达化工有限公司苏州秋逸新材料有限公司欧励隆（中国）投资有限公司广东汇京智能装备有限公司江苏智子未来技术有限公司爱发科（苏州）技术研究开发有限公司南京苏展智能科技有限公司河北工业大学上海微化商贸有限公司杭州聚科空分设备制造有限公司深圳冠亚水分仪科技有限公司中国石化催化剂有限公司工程技术研究院郑州博欣高温材料有限公司中国石化催化剂有限公司摩田材料科技（兰溪）有限公司杭州研趣信息技术有限公司北京文博启胜投资有限公司北京超凡宏宇知识产权代理有限公司中石化催化剂大连有限公司环球君业(北京)科技有限公司深圳市一众智能装备有限公司芜湖映日科技股份有限公司惠州速力得科技有限公司常州市昇海智能科技有限公司深圳分公司肖特（上海）精密材料和设备国际贸易有限公司常州西奥电气科技有限公司上海宙盾先元科技有限公司快顺通环保科技（深圳）有限公司东莞市富电优品电源有限公司伊特克斯惰性气体系统（北京）有限公司河南琅恒企业管理咨询有限公司北方工业大学昆山佰信实计量技术有限公司国际贸易有限公司北京化工大学宁波创锂新材料科技有限公司中石化（大连）石油化工研究院有限公司永杰新材料股份有限公司上海化工院检测有限公司苏州职业技术大学淄博友研科技有限公司上海和盛光度新能源科技有限公司江苏金聚合金材料有限公司江苏擎川智能装备有限公司上海梅特鲁国际贸易有限公司深圳华算科技有限公司宁波震裕汽车部件有限公司西安机电信息技术研究所深圳市北杰新材料有限公司国仪量子技术（合肥）股份有限公司湘潭电化科技股份有限公司江西环境工程职业学院南德新能源汽车检测（江苏）有限公司陕西蓝基新材料科技有限公司中国塑料加工工业协会惠州普赛达新材料有限公司晶序新材料科技（温州）有限公司东莞市电的电子有限公司青岛大学宏润绿能（宣城）能源科技有限公司合肥工业大学洛阳储变电系统有限公司科腾聚合物贸易(上海)有限公司小渡科技（广东）有限公司北京分公司深圳市晨浅拓普科技有限公司苏州赛峰科学仪器有限公司合肥纳安新材料科技有限公司宝晟(苏州)能源科技有限公司广州白云科技股份有限公司常州长晟创新科技有限公司南昌大学胜华新能源科技（东营）有限公司兰州交通大学营口航盛科技实业有限责任公司沈阳分公司三明市海斯福化工有限责任公司达士维尔粉体科技（上海）有限公司上海润势科技有限公司中国科学院广州地球化学研究所中国科学院新疆理化技术研究所中汽新能无锡技术中心有限公司广州融捷电源材料有限公司日联科技集团股份有限公司华中科技大学江苏澄星新材料科技有限公司江苏天合储能有限公司重庆标瑞新能源有限公司珠海科技学院开封市测控技术有限公司广州博粤新材料技术有限公司北京林业大学安耐新能科技（盐城）有限公司南京工业大学玖度电（昆山）新能源科技有限公司邢台学院神州高铁技术股份有限公司港华能源创科（深圳）有限公司天核（苏州）能源有限公司新疆西海锂业集团有限公司济南大学湖北航天化学技术研究所宜宾发展创投有限公司湘潭市雨高开发投资集团有限公司福建师范大学长兴（中国）投资有限公司中建西部建设建材科学研究院无锡奥特维智能装备有限公司常州市创能纳米材料科技有限公司成都高投创业投资有限公司中科瑞龙智能制造(江苏)有限公司广州博粤新材料技术有限公司南孚电池有限公司东贵精密机械（无锡）有限公司远景动力技术（江苏）有限公司天津国安盟固利新材料科技股份有限公司安徽工业大学无锡阜成智能装备有限公司泰同源（江苏）科创发展有限公司桐乡华创三同科技发展有限公司上海歌尔科技发展有限公司上海森永工程设备股份有限公司常州市大成真空技术有限公司沈阳星光技术陶瓷有限公司苏州伏安瓦新材料科技有限公司埃克森美孚(中国)投资有限公司浙江梵天煦辉能源科技有限公司肇庆市科润真空设备有限公司上海颐格工贸发展有限公司会议注册费会议注册费：参会人员7月31日（含）前8月1日后以及现场正式代表600元2500元在校学生代表600元1500元（学生代表注册时需凭学生证，包含本科生、硕士、博士）注册费包含：会议费、资料费用等费用、不包含路费和住宿费，住宿要自订。账户信息：户名：深圳友研科技有限公司账号：757575353398开户行：中国银行股份有限公司深圳西丽支行付款时请注明“常州会议+单位名称”开票注意事项：增值税普通发票请提供单位名称及税号。如果需要增值税专用发票，请提供单位名称、税号、地址、电话、开户行、账号组委会联系方式参会、参展、宣传及赞助事宜联 系 人：陈老师 （赞助和报名事宜咨询）联系电话：***********（微信同号）邮 箱 ：sdlscck@163.com 报名方式一：长按报名,,,,pending
锂电/钠电/固态电池材料大全,锂电前沿,锂电前沿,"RIOnews API, 新材料, 电池材料, 碳, 隔膜, 粘结剂, 高比能, 富锂锰, 硅, 固态电池, 固态电解质, 钠离子电池, 钠电, 磷酸铁锂, 铁锂, 三元, NCM, NCA, 磷酸锰铁锂, 锰铁锂, 软包, 5C, 正极材料, 负极材料, 电解液, 实验室",normal,2026-07-31T14:38:00+08:00,,高品质电池耗材 尽在友研平台友研平台 致力于为实验室科研人员提供质量优质的产品，高效的报销结算以及便捷的服务体验。服务于国内外数千家高校和科研院所等科研单位。为了更好的服务新老客户友研平台特新增多款新材料多种规格可选支持预存下单即可领取毛绒玩偶一个数量有限 送完为止让我们一起看看都有哪些材料吧锂离子电池材料正极材料钴酸锂：4.2V、4.35V、4.45V、4.5V磷酸铁锂：P198、DY-3、XDNP01-2、E99三元材料：NCM111、NCM523、NCM5515、NCM622、NCM613、NCM6507、NCM811、NCM831205、NCM9055、Ni92、Ni94、Ni96、N,http://mp.weixin.qq.com/s?__biz=MzkzODYxNTc2OA==&mid=2247511359&idx=4&sn=c627b6d3d20d08b84b22895b6b285447,,高品质电池耗材 尽在友研平台友研平台 致力于为实验室科研人员提供质量优质的产品，高效的报销结算以及便捷的服务体验。服务于国内外数千家高校和科研院所等科研单位。为了更好的服务新老客户友研平台特新增多款新材料多种规格可选支持预存下单即可领取毛绒玩偶一个数量有限 送完为止让我们一起看看都有哪些材料吧锂离子电池材料正极材料钴酸锂：4.2V、4.35V、4.45V、4.5V磷酸铁锂：P198、DY-3、XDNP01-2、E99三元材料：NCM111、NCM523、NCM5515、NCM622、NCM613、NCM6507、NCM811、NCM831205、NCM9055、Ni92、Ni94、Ni96、N,高品质电池耗材 尽在友研平台友研平台 致力于为实验室科研人员提供质量优质的产品，高效的报销结算以及便捷的服务体验。服务于国内外数千家高校和科研院所等科研单位。为了更好的服务新老客户友研平台特新增多款新材料多种规格可选支持预存下单即可领取毛绒玩偶一个数量有限 送完为止让我们一起看看都有哪些材料吧锂离子电池材料正极材料钴酸锂：4.2V、4.35V、4.45V、4.5V磷酸铁锂：P198、DY-3、XDNP01-2、E99三元材料：NCM111、NCM523、NCM5515、NCM622、NCM613、NCM6507、NCM811、NCM831205、NCM9055、Ni92、Ni94、Ni96、NCA（单晶/多晶/前驱体）二元前驱体：NM9505、NM91、NM82、NM64、NM 13裸料：NCM523、NCM5515、NCM613、NCM811、NCM9055磷酸锰铁锂：LFMP64、LFMP73、M70锰酸锂、尖晶石镍锰酸锂、磷酸钒锂、富锂锰基及前驱体、磷酸铁、磷酸锰铁等负极材料硅碳负极：Si/C-400、Si/C-500、Si/C-600、Si/C-650硅氧碳负极：SiO/C-420、SiO/C-450、SiO/C-550硅氧：1580容量石墨负极：AGP、S360、FSN-1、918-II、QE-1、QCG-9、QC8、EP5-H等硬碳负极：锂电用硬碳、吴羽化学硬碳、可乐丽509-5、可乐丽510-5、球形硬碳、可乐丽type1、可乐丽type2钛酸锂、软碳、纳米硅等电解液三元材料电解液、富锂锰基电解液、磷酸铁锂电解液、钴酸锂电解液、高电压电解液等多款电解液，可根据指定配方或电池体系配制隔膜PP隔膜、PE隔膜、PPPEPP隔膜、陶瓷隔膜(单/双面涂覆)、Whatman玻璃纤维隔膜等导电剂特密高Super P Li、特密高Super C45、科琴黑ECP-600JD、科琴黑EC-300J、KS-6、SFG-6、乙炔黑、单壁碳纳米管浆料(水系/油系)、多壁碳纳米管浆料、多壁碳纳米管粉末等粘结剂PVDF 5130、PVDF HSV900、CMC2200、CMC MAC500LC、SBR BM-451b、JSR TRD104A、LA132、LA133、LA136D、LA136DL、PAA粘结剂、PVP K30、PTFE等集流体铜箔(单光/双光/双毛)、涂炭铜箔(单面涂/双面涂)、铝箔(单光/双光)、涂碳铝箔(单面涂/双面涂)、微孔铜箔、微孔铝箔、多孔铜箔、多孔铝箔、泡沫镍、泡沫铜等壳体及其他材料、工具扣式电池壳、铝塑膜、极耳、N-甲基吡咯烷酮、高温胶带、裁剪工具、软包电池测试夹具等钠离子电池材料正极材料普鲁士白、磷酸钒钠、焦磷酸铁钠、镍锰酸钠、镍铁锰酸钠424、镍铁锰酸钠O3A、镍铁锰酸钠P2B、镍铁锰酸钠O3B、镍铁锰酸钠P2C、镍铁锰前驱体等负极材料可乐丽Type2、可乐丽Type1、吴羽化学硬碳、球形硬碳、NHC-B1、BSHC-300、BSHC-320等负极材料可乐丽Type2、可乐丽Type1、吴羽化学硬碳、球形硬碳、NHC-B1、BSHC-300、BSHC-320等电解液磷酸钒钠电解液、焦磷酸铁钠电解液、镍铁锰酸钠半电电解液、镍铁锰酸钠-硬碳全电电解液、钠电硬碳电解液等多款电解液，可根据指定配方或电池体系配制隔膜Whatman玻璃纤维隔膜、钠电用三层隔膜等其他材料导电剂、粘结剂、铝箔、极耳、电池壳、铝塑膜、NMP、夹具等固态电解质粉末LLZO、LLZTO、LLZNO、LLTO、LATP、Li6PS5CI、li5.5PS4.5C11.5、IPSCBr、NZSPO等01可提供正规增值税发票可接受高校、研究院所或企业单位公对公打款0203品种齐全 规格多样 起订量：10g采购渠道韩经理联系方式：电话：***********(微信同号)微信二维码： 郝经理联系方式：电话：***********(微信同号)微信二维码： 耗材陆续更新中，详情可扫码咨询！end阅读原文这里是一个宝藏平台！,,,,pending
宁德时代：全固态电池明年小批量生产,锂电前沿,锂电前沿,"RIOnews API, 新材料, 电池材料, 碳, 聚合物, 钙钛矿, 高比能, 锂金属, 硅, 凝聚态电池, 固态电池, 学术研究, 大学, 科学院, 研究所, 量产推进, 产能, 批量生产, 比亚迪, 宁德时代, 宁德新能源, 时代新能源, 国轩高科, 国轩, 远景动力, 欣旺达, 欣旺达动力, 孚能科技, 鹏辉能源, 正力新能, 储能, 规划产能, GWh, 投产, 投资, 超大容量, 实验室阶段, 实验室, 中试, 中试线, 试制线, 样品, 量产",normal,2026-07-31T14:38:00+08:00,,7月29日，有投资者向宁德时代提问，公司目前的固态电池中试线建设情况如何？宁德时代做出回应，公司在全固态电池上持续坚定投入，技术处于行业领先水平，2027年有望实现小批量生产。在全固态电池方面，宁德时代的研究和产业化进度处于全球前列。据宁德时代董事长曾毓群透露，公司近十年投逾800亿元，现已在凝聚态电池、固态电池和钙钛矿太阳能电池等前沿领域解决了科学问题，并致力推动创新科学成果从实验室走向规模化应用。2024年宁德时代就开始增加对全固态电池的研发投入，将全固态电池研发团队扩充至超1000人。在技术路线选择上，宁德时代主要聚焦硫化物路线。宁德时代目前已有高能量密度的固态电池样品，并已成功构建了1,http://mp.weixin.qq.com/s?__biz=MzkzODYxNTc2OA==&mid=2247511359&idx=1&sn=d729e546010e2c3abb49cd9dd2ca0190,,7月29日，有投资者向宁德时代提问，公司目前的固态电池中试线建设情况如何？宁德时代做出回应，公司在全固态电池上持续坚定投入，技术处于行业领先水平，2027年有望实现小批量生产。在全固态电池方面，宁德时代的研究和产业化进度处于全球前列。据宁德时代董事长曾毓群透露，公司近十年投逾800亿元，现已在凝聚态电池、固态电池和钙钛矿太阳能电池等前沿领域解决了科学问题，并致力推动创新科学成果从实验室走向规模化应用。2024年宁德时代就开始增加对全固态电池的研发投入，将全固态电池研发团队扩充至超1000人。在技术路线选择上，宁德时代主要聚焦硫化物路线。宁德时代目前已有高能量密度的固态电池样品，并已成功构建了1,7月29日，有投资者向宁德时代提问，公司目前的固态电池中试线建设情况如何？宁德时代做出回应，公司在全固态电池上持续坚定投入，技术处于行业领先水平，2027年有望实现小批量生产。在全固态电池方面，宁德时代的研究和产业化进度处于全球前列。据宁德时代董事长曾毓群透露，公司近十年投逾800亿元，现已在凝聚态电池、固态电池和钙钛矿太阳能电池等前沿领域解决了科学问题，并致力推动创新科学成果从实验室走向规模化应用。2024年宁德时代就开始增加对全固态电池的研发投入，将全固态电池研发团队扩充至超1000人。在技术路线选择上，宁德时代主要聚焦硫化物路线。宁德时代目前已有高能量密度的固态电池样品，并已成功构建了10Ah级别的验证平台，硫化物固态电池已进入20Ah样品试制阶段。2025年，宁德时代提出了打造的“多核”时代的创新理念，表示双核、多核技术有望大大加快固态电池等技术的推广。此前，宁德时代也多次表示，在固态电池的研发上，公司预计将在2027年实现小规模试生产，并计划在2030年左右实现大规模量产与商业应用。多家企业固态电池中试线已建成或即将建成2025年6月，中固时代固态电池中试线在保定启动建设，该项目在产业化方面规划分两步走：第一步建设超大容量固态电池中试线，第二步建设2GWh超大容量固态电池生产线。2025年11月，东风汽车宣布，已建成0.2GWh固态电池中试线，并计划于2026年9月量产350Wh/kg固态电池。鹏辉能源在2025年年度报告中提到，报告期内，公司已完成固态电池中试线建设并投入运行。研发的新一代氧化物路线固态电池能量密度≥360Wh/kg，工作温度范围在20℃~85℃，并通过针刺测试。2026年2月，比亚迪深圳坪山基地首条硫化物全固态电池中试线正式投产，规划产能2GWh；重庆璧山20GWh量产线预计2026年三季度动工。比亚迪表示，硫化物固态电池有望2027年实现小批量生产。正力新能表示，2026年下半年，公司全固态电池百兆瓦时中试线将正式建成，可实现100Ah级高比能锂金属电池及60Ah以上全固态电池的规模化制备。2026年4月，屏安新能源宣布，公司建设的全国首条可量产全固态电池中试线正式建成投用。该中试线为具备完整工艺条件的实体产线，可实现连续稳定运行，区别于实验室阶段演示线。2026年6月，奇瑞汽车宣布，公司电池全球研发中心项目将建设电池全球研发中心、固态电池中试线及试制线等。温馨提醒：会务组新增100张优惠票，优惠票600元每人（含餐），报满为止！缴费成功视为报名成功；参展和报名电话.陈老师：***********2026中国固态电池技术大会暨中国硅碳负极高峰论坛签到地点：江苏·常州富都洲际酒店（常州武进区西湖路2号）签到时间：8月5日 13:00—20:00会议酒店订房方式常州富都洲际酒店 协议价豪华单/双间：380元一晚（含早），豪华湖景单双间：460元一晚（含早）扫码订房交通路线：常州富都洲际酒店常州奔牛国际机场至会议酒店车程约41公里。武进站至会议酒店车程约2公里。常州站至会议酒店车程约14公里。常州北站至会议酒店车程约30公里。会议概况【会议时间】2026年8月5-7日（5日签到）【主办单位】锂电前沿【承办单位】 深圳友研科技有限公司[部分报告议题】（报告或会有少许变动，请以现场为准）会议概况协办单位：东莞市琅菱机械有限公司广东茹天机械设备科技有限公司理化联科（北京）仪器科技有限公司大昌华嘉科学仪器部参会证广告赞助单位：广东茜恩智能装备有限公司椅背广告赞助单位：光年固科（苏州）科技有限公司手提袋广告赞助单位：青岛优明科粉体机械有限公司赞助单位：益瑞石(上海)投资管理有限公司德国新帕泰克有限公司苏州代表处深圳市和胜自动化设备有限公司高能数造（广州）技术有限公司支持单位：布劳恩惰性气体系统（上海）有限公司布鲁克（北京）科技有限公司深圳市新威尔电子有限公司深圳市瑞赛驰科技有限公司步琦实验室设备贸易（上海）有限公司北京艾谱瑞斯科技有限公司普沃思环保科技无锡有限公司东莞市志远高热机械科技有限公司展位展示：东莞百瑞自动化有限公司江苏亮果金属制品有限公司上海菩正电子科技有限公司长沙西丽纳米研磨科技有限公司柔电（武汉）科技有限公司米谱科技（常州）有限公司珠海椿田科技股份有限公司湖北蓝博新能源设备股份有限公司武汉格瑞斯新能源有限公司安徽泽攸科技有限公司上海优耐特斯压缩机有限公司潍坊追日磁电科技有限公司潍坊精华粉体科技股份有限公司常州百和菱智能装备有限责任公司华声强化（上海）科技有限公司广东汇京智能装备有限公司江苏智子未来技术有限公司南京苏展智能科技有限公司无锡市张华医药设备有限公司杭州聚科空分设备制造有限公司深圳冠亚水分仪科技有限公司郑州博欣高温材料有限公司杭州研趣信息技术有限公司环球君业(北京)科技有限公司惠州速力得科技有限公司上海宙盾先元科技有限公司伊特克斯惰性气体系统（北京）有限公司宁波创锂新材料科技有限公司淄博友研科技有限公司深圳华算科技有限公司深圳市北杰新材料有限公司参会单位（首批报名）：宁德时代新能源科技股份有限公司国轩高科股份有限公司惠州赣锋锂电科技有限公司国家动力电池创新中心爱尔集新能源电池(南京)有限公司溧阳天目先导电池材料科技有限公司胜华新材料科技（眉山）有限公司清陶云能(江苏)能源科技有限公司安徽中锂新能源科技有限公司宁德新能源科技有限公司欣旺达动力科技股份有限公司孚能科技（赣州）股份有限公司天齐锂业新能源技术研究（眉山） 有限公司四川盛威锂业有限公司陕西顷刻能源科技有限公司上海屹锂新能源科技有限公司广州鹏辉能源科技股份有限公司微宏动力系统（湖州）有限公司浙江吉曜通行能源科技有限公司深圳索理德新材料科技有限公司国科炭美新材料（湖州）有限公司嘉兴市凯力电池有限公司可乐丽贸易（上海）有限公司惠州市德赛电池有限公司广州汽车集团股份有限公司清陶云能(江苏)能源科技有限公司万向一二三Sila吉利汽车研究院多氟多新材料股份有限公司浙江金羽新能源科技有限公司中科深蓝汇泽新能源(常州)有限责任公司上海杉杉科技有限公司巴斯夫（中国）有限公司烟台京东方材料科技有限公司北京大学 清华大学上海交通大学复旦大学中国科学院苏州纳米技术与纳米仿生研究所广东东阳光科技控股股份有限公司益瑞石石墨和碳公司重庆太蓝新能源有限公司中国科学院物理研究所武汉天石科丰新能源科技有限公司宁波博雅聚力新材料科技有限公司摩田材料科技（兰溪）有限公司泛亚汽车技术中心有限公司国钠能源科技（河北）有限公司澳门大学中南大学哈尔滨工业大学浙江大学哈尔滨工业大学（深圳）华中科技大学中国科学技术大学科腾聚合物贸易(上海)有限公司南京汉特贸易有限公司东莞市琅菱机械有限公司开滦汇金私募基金管理有限公司广东茹天机械设备科技有限公司江苏微导纳米科技股份有限公司理化联科（北京）仪器科技有限公司上海朗亿功能材料有限公司安徽大学大昌华嘉科学仪器部武汉理工大学长安大学广东茜恩智能装备有限公司海目星激光科技集团股份有限公司青岛优明科粉体机械有限公司常州一硫电池科技有限公司中国航天空气动力技术研究院陕西科技大学德国新帕泰克有限公司苏州代表处中国星网网络创新研究院有限公司安徽清致科技发展有限公司深圳市和胜自动化设备有限公司上海道程工业设备有限公司布劳恩惰性气体系统（上海）有限公司福建理工大学重庆文理学院上海檀之茗科技中心（有限合伙）深圳市新威尔电子有限公司深圳仲氪信息科技有限公司步琦实验室设备贸易（上海）有限公司上海子微智能科技有限公司宜宾发展创投有限公司有研(广东)新材料技术研究院北京艾谱瑞斯科技有限公司深圳市瑞赛驰科技有限公司深圳市绿联科技股份有限公司光年固科（苏州）科技有限公司江苏利卡维智能科技有限公司广汽集团汽车工程研究院中国科学院青岛生物能源与过程研究所中国科学院山西煤炭化学研究所东莞市志远高热机械科技有限公司江苏利卡维智能科技有限公司河南理工大学邢台学院宁波博雅聚力新材料科技有限公司东莞百瑞自动化有限公司江苏亮果金属制品有限公司上海电子工程设计研究院有限公司江苏理工学院湖南省正源储能材料与器件研究所中国地质大学（武汉）中北大学上海菩正电子科技有限公司上海协尔化学科技有限公司长沙西丽纳米研磨科技有限公司江苏隆深氢能科技有限公司柔电（武汉）科技有限公司苏州大学湖北航天化学技术研究所南京菲尼克斯电气有限公司安徽扬子职业技术学院广东孚吉新材料有限公司米谱科技（常州）有限公司苏州纽姆特纳米科技有限公司珠海椿田科技股份有限公司湖北蓝博新能源设备股份有限公司武汉格瑞斯新能源有限公司苏州田边能源科技有限公司东北大学中国科学院上海高等研究院武汉工程大学展讯通信（上海）有限公司安徽泽攸科技有限公司太原科技大学北京航空航天大学潍坊追日磁电科技有限公司意尔孚化学（上海）有限公司昆明理工大学潍坊精华粉体科技股份有限公司武汉市哈斯特斯科技有限责任公司大森FMEA応用技研株式会社常州百和菱智能装备有限责任公司江苏科创石化有限公司华声强化（上海）科技有限公司广州埃登达化工有限公司苏州秋逸新材料有限公司欧励隆（中国）投资有限公司广东汇京智能装备有限公司江苏智子未来技术有限公司爱发科（苏州）技术研究开发有限公司南京苏展智能科技有限公司河北工业大学上海微化商贸有限公司杭州聚科空分设备制造有限公司深圳冠亚水分仪科技有限公司中国石化催化剂有限公司工程技术研究院郑州博欣高温材料有限公司中国石化催化剂有限公司摩田材料科技（兰溪）有限公司杭州研趣信息技术有限公司北京文博启胜投资有限公司北京超凡宏宇知识产权代理有限公司中石化催化剂大连有限公司环球君业(北京)科技有限公司深圳市一众智能装备有限公司芜湖映日科技股份有限公司惠州速力得科技有限公司常州市昇海智能科技有限公司深圳分公司肖特（上海）精密材料和设备国际贸易有限公司常州西奥电气科技有限公司上海宙盾先元科技有限公司快顺通环保科技（深圳）有限公司东莞市富电优品电源有限公司伊特克斯惰性气体系统（北京）有限公司河南琅恒企业管理咨询有限公司北方工业大学昆山佰信实计量技术有限公司国际贸易有限公司北京化工大学宁波创锂新材料科技有限公司中石化（大连）石油化工研究院有限公司永杰新材料股份有限公司上海化工院检测有限公司苏州职业技术大学淄博友研科技有限公司上海和盛光度新能源科技有限公司江苏金聚合金材料有限公司江苏擎川智能装备有限公司上海梅特鲁国际贸易有限公司深圳华算科技有限公司宁波震裕汽车部件有限公司西安机电信息技术研究所深圳市北杰新材料有限公司国仪量子技术（合肥）股份有限公司湘潭电化科技股份有限公司江西环境工程职业学院南德新能源汽车检测（江苏）有限公司陕西蓝基新材料科技有限公司中国塑料加工工业协会惠州普赛达新材料有限公司晶序新材料科技（温州）有限公司东莞市电的电子有限公司青岛大学宏润绿能（宣城）能源科技有限公司合肥工业大学洛阳储变电系统有限公司科腾聚合物贸易(上海)有限公司小渡科技（广东）有限公司北京分公司深圳市晨浅拓普科技有限公司苏州赛峰科学仪器有限公司合肥纳安新材料科技有限公司宝晟(苏州)能源科技有限公司广州白云科技股份有限公司常州长晟创新科技有限公司南昌大学胜华新能源科技（东营）有限公司兰州交通大学营口航盛科技实业有限责任公司沈阳分公司三明市海斯福化工有限责任公司达士维尔粉体科技（上海）有限公司上海润势科技有限公司中国科学院广州地球化学研究所中国科学院新疆理化技术研究所中汽新能无锡技术中心有限公司广州融捷电源材料有限公司日联科技集团股份有限公司华中科技大学江苏澄星新材料科技有限公司江苏天合储能有限公司重庆标瑞新能源有限公司珠海科技学院开封市测控技术有限公司广州博粤新材料技术有限公司北京林业大学安耐新能科技（盐城）有限公司南京工业大学玖度电（昆山）新能源科技有限公司邢台学院神州高铁技术股份有限公司港华能源创科（深圳）有限公司天核（苏州）能源有限公司新疆西海锂业集团有限公司济南大学湖北航天化学技术研究所宜宾发展创投有限公司湘潭市雨高开发投资集团有限公司福建师范大学长兴（中国）投资有限公司中建西部建设建材科学研究院无锡奥特维智能装备有限公司常州市创能纳米材料科技有限公司成都高投创业投资有限公司中科瑞龙智能制造(江苏)有限公司广州博粤新材料技术有限公司南孚电池有限公司东贵精密机械（无锡）有限公司远景动力技术（江苏）有限公司天津国安盟固利新材料科技股份有限公司安徽工业大学无锡阜成智能装备有限公司泰同源（江苏）科创发展有限公司桐乡华创三同科技发展有限公司上海歌尔科技发展有限公司上海森永工程设备股份有限公司常州市大成真空技术有限公司沈阳星光技术陶瓷有限公司苏州伏安瓦新材料科技有限公司埃克森美孚(中国)投资有限公司浙江梵天煦辉能源科技有限公司肇庆市科润真空设备有限公司上海颐格工贸发展有限公司会议注册费会议注册费：参会人员7月31日（含）前8月1日后以及现场正式代表600元2500元在校学生代表600元1500元（学生代表注册时需凭学生证，包含本科生、硕士、博士）注册费包含：会议费、资料费用等费用、不包含路费和住宿费，住宿要自订。账户信息：户名：深圳友研科技有限公司账号：757575353398开户行：中国银行股份有限公司深圳西丽支行付款时请注明“常州会议+单位名称”开票注意事项：增值税普通发票请提供单位名称及税号。如果需要增值税专用发票，请提供单位名称、税号、地址、电话、开户行、账号组委会联系方式参会、参展、宣传及赞助事宜联 系 人：陈老师 （赞助和报名事宜咨询）联系电话：***********（微信同号）邮 箱 ：sdlscck@163.com 报名方式一：长按报名,,,,pending
Acc. Chem. Res.：电生中间体贯通氧杂环构建与骨架编辑,有机电催化,有机电催化,"RIOnews API, 电化学合成, 电催化, 电合成",normal,2026-07-31T14:30:00+08:00,,有机电合成｜氧杂环｜反应机制综述一句话看懂环氧化物、呋喃、内酯和香豆素等氧杂环广泛用于材料、药物和精细化学品，但其构建往往依赖化学计量氧化还原试剂。该综述以阴极、阳极与配对电解为主线，归纳电子转移阈值、介体、溶剂和电解质如何决定环化、扩环和骨架编辑；核心观点是用循环伏安识别可进入有效反应通道的电位窗口。氧原子的高电负性使氧杂环中间体易发生开环、过氧化或区域选择性失控，因此相关电合成并非简单地以电流替代氧化剂或还原剂。不同环尺寸所需的活性中间体也不同：电生碱、自由基阴离子、活性卤素和超氧物种分别对应不同的成键模式。综述的价值在于把这些分散案例组织为可用于反应设计的机制框架。核心问题如何以电子转移,http://mp.weixin.qq.com/s?__biz=MzUyNTc2ODMyOQ==&mid=2247560920&idx=1&sn=23941ed9031fb68b4202cab685fb8b47,,有机电合成｜氧杂环｜反应机制综述一句话看懂环氧化物、呋喃、内酯和香豆素等氧杂环广泛用于材料、药物和精细化学品，但其构建往往依赖化学计量氧化还原试剂。该综述以阴极、阳极与配对电解为主线，归纳电子转移阈值、介体、溶剂和电解质如何决定环化、扩环和骨架编辑；核心观点是用循环伏安识别可进入有效反应通道的电位窗口。氧原子的高电负性使氧杂环中间体易发生开环、过氧化或区域选择性失控，因此相关电合成并非简单地以电流替代氧化剂或还原剂。不同环尺寸所需的活性中间体也不同：电生碱、自由基阴离子、活性卤素和超氧物种分别对应不同的成键模式。综述的价值在于把这些分散案例组织为可用于反应设计的机制框架。核心问题如何以电子转移,"有机电合成｜氧杂环｜反应机制综述一句话看懂环氧化物、呋喃、内酯和香豆素等氧杂环广泛用于材料、药物和精细化学品，但其构建往往依赖化学计量氧化还原试剂。该综述以阴极、阳极与配对电解为主线，归纳电子转移阈值、介体、溶剂和电解质如何决定环化、扩环和骨架编辑；核心观点是用循环伏安识别可进入有效反应通道的电位窗口。氧原子的高电负性使氧杂环中间体易发生开环、过氧化或区域选择性失控，因此相关电合成并非简单地以电流替代氧化剂或还原剂。不同环尺寸所需的活性中间体也不同：电生碱、自由基阴离子、活性卤素和超氧物种分别对应不同的成键模式。综述的价值在于把这些分散案例组织为可用于反应设计的机制框架。核心问题如何以电子转移阈值、介体和反应介质为共同设计变量，在电化学条件下可控构建或编辑三元、五元和六元氧杂环？本文要点1. 综述将氧杂环电合成按三元、五元和六元环分类，并比较阴极、阳极与配对电解的反应模式。2. 循环伏安被作为识别二电子还原、自由基生成或电生碱形成等反应阈值的工具。3. 氯代溶剂、卤离子、TEMPO和三芳胺等被视为可参与生成活性物种的反应组分，而非惰性背景。4. 作者强调流动电解、短寿命中间体控制与骨架编辑为氧杂环方法学的后续发展方向。电生碱驱动Darzens型环氧化方案 1. 电生烯醇盐经分子间加成和关环形成环氧化物，以及醌衍生电生碱参与酮环氧化物构建的路线。方案汇集了由阴极还原生成碱性物种、随后完成加成与关环的两类环氧化物构建方式；这些信息支持将电生碱作为替代外加碱的反应设计单元；但具体底物兼容性仍取决于各原始研究的电极和溶剂条件。循环伏安界定二电子还原窗口图 1. 9,10-菲醌与联苯酰在TCE/MeCN电解液中的循环伏安曲线比较。两种1,2-二羰基化合物的循环伏安曲线呈现不同还原特征，图中以此辨识可进入二阴离子反应区间的电位条件；这些结果支持用CV判断何时可能开启溶剂参与的自由基路径；但峰位本身不能替代对实际反应中间体的直接鉴定。阳极氧化构建二聚丁烯内酯方案 14. 二芳基呋喃在阳极氧化下二聚，形成二聚呋喃-2(5H)-酮的代表性转化。方案展示二芳基呋喃经阳极氧化发生C—C偶联并转化为二聚丁烯内酯的产物骨架；这些信息支持阳极自由基过程可用于五元氧杂环的氧化二聚；但该案例不能直接外推至所有呋喃底物或水相条件。超氧物种介导六元内酯重排方案 19. 超氧物种参与1,2-醌电还原Baeyer–Villiger/Dakin氧化，构建δ-内酯的反应模式。方案将1,2-醌的电还原与超氧介导的Baeyer–Villiger/Dakin型氧化及环重排相连接；这些信息支持电化学可在同一体系中耦合还原与含氧骨架编辑；但该机制框架仍需按具体底物、氧气供给和电流密度分别验证。可以继续思考什么？能否以可预测的CV参数连接底物电子结构、反应阈值和产物选择性，而非仅将CV用作经验筛选？当反应介质同时充当溶剂和反应物时，如何量化其原子利用、环境收益与放大过程中的安全边界？文献信息论文题目：Metal-Free Electrochemical Construction of Oxygen Heterocycles期刊：Accounts of Chemical Research, 2026, ASAPDOI：10.1021/acs.accounts.6c00306通讯作者：Belen Batanero；Hugo Valdés有机电催化学术交流QQ群: 692419836",,,,pending
央视报道：国产百吨级无人矿卡投运，双向行驶+半固态电池,亚化固态电池,亚化固态电池,"RIOnews API, 固态电池, 半固态, 全固态",normal,2026-07-31T14:24:57+08:00,,点击蓝字 关注我们7月30日，据央视新闻报道，国家电投自主研发的百吨级纯电动双向行驶无人驾驶矿用自卸车，在内蒙古一处大型露天矿场成功完成实地投运。此举不仅标志着我国在大型矿山重载运输装备领域取得重要技术跨越，更意味着智能化、电动化和国产化战略在极端工况场景下实现了实质性落地。这款矿用自卸车集多项前沿技术于一体，整车搭载业界领先的无人驾驶系统，融合高精度定位导航、环境感知与智能决策算法，可在矿区复杂路况下，自主完成从装载区自动对位、重载平稳起步，到矿区道路自主巡航、精准停靠卸料的全流程闭环作业，全程无需人工干预，真正实现“采、运、卸”全链条无人化运行。在动力系统方面，该车采用定制化大功率纯电传动,http://mp.weixin.qq.com/s?__biz=Mzk0MDY0OTQxOA==&mid=2247487915&idx=1&sn=6ff8f06d8f0d671ba560210973e8dcf2,,点击蓝字 关注我们7月30日，据央视新闻报道，国家电投自主研发的百吨级纯电动双向行驶无人驾驶矿用自卸车，在内蒙古一处大型露天矿场成功完成实地投运。此举不仅标志着我国在大型矿山重载运输装备领域取得重要技术跨越，更意味着智能化、电动化和国产化战略在极端工况场景下实现了实质性落地。这款矿用自卸车集多项前沿技术于一体，整车搭载业界领先的无人驾驶系统，融合高精度定位导航、环境感知与智能决策算法，可在矿区复杂路况下，自主完成从装载区自动对位、重载平稳起步，到矿区道路自主巡航、精准停靠卸料的全流程闭环作业，全程无需人工干预，真正实现“采、运、卸”全链条无人化运行。在动力系统方面，该车采用定制化大功率纯电传动,点击蓝字 关注我们7月30日，据央视新闻报道，国家电投自主研发的百吨级纯电动双向行驶无人驾驶矿用自卸车，在内蒙古一处大型露天矿场成功完成实地投运。此举不仅标志着我国在大型矿山重载运输装备领域取得重要技术跨越，更意味着智能化、电动化和国产化战略在极端工况场景下实现了实质性落地。这款矿用自卸车集多项前沿技术于一体，整车搭载业界领先的无人驾驶系统，融合高精度定位导航、环境感知与智能决策算法，可在矿区复杂路况下，自主完成从装载区自动对位、重载平稳起步，到矿区道路自主巡航、精准停靠卸料的全流程闭环作业，全程无需人工干预，真正实现“采、运、卸”全链条无人化运行。在动力系统方面，该车采用定制化大功率纯电传动方案，以清洁电能全面替代传统柴油动力，运输作业全程实现零尾气排放，从源头解决了传统矿用柴油自卸车“高油耗、高排放、高噪音”的长期痛点。同时，为保障矿区高强度连续作业需求，车辆配备“充换一体”快速补能技术，并首次搭载半固态动力电池，能量密度更高、安全性更强，大幅压缩充电等待时间，有效破解了电动重卡此前“充电慢、续能难”的应用瓶颈，确保矿山生产节奏不受影响。尤其值得关注的是，该车创新应用了4×4全轮转向与双向行驶架构设计，车辆不仅可向前正常行驶，也可在需要时直接向后行驶，彻底摆脱了传统矿用自卸车依赖大半径掉头弯道的局限。即便在狭窄、弯多、视野受限的矿区道路上，依然能够灵活穿行、快速周转，显著减少调车耗时，提升整体运输流转效率。根据实际运营数据显示，该车单位产量能耗费用较同吨位传统柴油自卸车降低约65%，单车连续作业续航时间不低于6小时，设备综合出动率稳定保持在85%以上。这意味着，在极寒、高温、多尘等露天矿山严苛环境下，该车型依然能够胜任全天候、高强度的生产任务，为我国绿色矿山、智慧矿山建设提供了具有自主知识产权的重型装备支撑，也进一步巩固了国产高端矿用装备在全球市场的技术竞争力。素材来源：央视新闻、综合整理等，如有侵权立即删除，请联系我们报告推荐Asiachem亚化咨询推出《中国硫化锂技术与项目进展报告2025（免费版）》，该报告包含国内外硫化锂技术进展、重点生产企业技术路线/产能/项目最新动态、中国硫化锂/硫化物固态电解质项目数据库、市场分析与预测等。扫码加入固态电池产业群聊请备注“进群+单位、姓名、职务”往期推荐亿纬锂能官宣2026年推出全固态电池！【明天开幕】恩捷、赣锋、光华、天华、阿科玛、瑞逍、中石化、中科院、赛科动力、厦钨、博诺玛邀您共聚苏州！,,,,pending
LG新能源出手：全固态中试线下半年动工，干法电极工艺加持,亚化固态电池,亚化固态电池,"RIOnews API, 固态电池, 全固态, 产品发布, 发布, 官宣, 技术进展, 技术验证, 工艺优化, 量产工艺",normal,2026-07-31T14:24:57+08:00,,点击蓝字 关注我们7月30日，LG新能源（LG Energy Solution）正式发布2026年第二季度财报。数据显示，公司第二季度合并营收达7.6万亿韩元，营业利润为1133亿韩元；上半年累计营收达14.1万亿韩元，同比增长10.5%，展现出稳健的业绩增长势头。在核心业绩之外，LG新能源同步披露了下一代电池技术的最新推进计划。公司明确表示，将于今年下半年启动全固态电池中试线（Pilot Line）的建设，该产线将引入干法电极工艺（Dry Electrode Process），旨在加速全固态电池的产品开发和量产准备工作。不过，LG新能源此次并未透露该中试线的具体建设地点、产能规模及预计投产时,http://mp.weixin.qq.com/s?__biz=Mzk0MDY0OTQxOA==&mid=2247487915&idx=2&sn=478299df099e48687954073d04276671,,点击蓝字 关注我们7月30日，LG新能源（LG Energy Solution）正式发布2026年第二季度财报。数据显示，公司第二季度合并营收达7.6万亿韩元，营业利润为1133亿韩元；上半年累计营收达14.1万亿韩元，同比增长10.5%，展现出稳健的业绩增长势头。在核心业绩之外，LG新能源同步披露了下一代电池技术的最新推进计划。公司明确表示，将于今年下半年启动全固态电池中试线（Pilot Line）的建设，该产线将引入干法电极工艺（Dry Electrode Process），旨在加速全固态电池的产品开发和量产准备工作。不过，LG新能源此次并未透露该中试线的具体建设地点、产能规模及预计投产时,点击蓝字 关注我们7月30日，LG新能源（LG Energy Solution）正式发布2026年第二季度财报。数据显示，公司第二季度合并营收达7.6万亿韩元，营业利润为1133亿韩元；上半年累计营收达14.1万亿韩元，同比增长10.5%，展现出稳健的业绩增长势头。在核心业绩之外，LG新能源同步披露了下一代电池技术的最新推进计划。公司明确表示，将于今年下半年启动全固态电池中试线（Pilot Line）的建设，该产线将引入干法电极工艺（Dry Electrode Process），旨在加速全固态电池的产品开发和量产准备工作。不过，LG新能源此次并未透露该中试线的具体建设地点、产能规模及预计投产时间，仅强调该项目将作为公司未来技术储备与产业化布局的关键一环。除全固态电池外，LG新能源还在积极拓展多元化技术路线。公司计划推进钠离子储能电池的产品开发，并建设相应的专用生产线，进一步完善在下一代储能技术领域的战略布局。在成熟产品线方面，财报显示，LG新能源将继续推进46系列圆柱电池、高功率无极耳2170电池等产品的迭代升级，并依托全球生产基地的制造网络，持续提升下一代电池产品的规模化制造能力。全固态电池中试线将在这一过程中承担核心技术验证和量产工艺优化的枢纽角色。LG新能源表示，未来将持续围绕下一代电池技术开展系统性研发，结合全球制造网络加速产品商业化进程，为储能系统和新能源汽车市场的多元化需求做好充分准备。素材来源：LG新能源，公开信息综合整理等，如有侵权立即删除，请联系我们报告推荐Asiachem亚化咨询推出《中国硫化锂技术与项目进展报告2025（免费版）》，该报告包含国内外硫化锂技术进展、重点生产企业技术路线/产能/项目最新动态、中国硫化锂/硫化物固态电解质项目数据库、市场分析与预测等。扫码加入固态电池产业群聊请备注“进群+单位、姓名、职务”往期推荐亿纬锂能官宣2026年推出全固态电池！【明天开幕】恩捷、赣锋、光华、天华、阿科玛、瑞逍、中石化、中科院、赛科动力、厦钨、博诺玛邀您共聚苏州！,,,,pending
小米澎程上市：小订或超 7 万台，更多人选择 N90 Max,新能源探索录,新能源探索录,"RIOnews API, 交付, 订单, 上市, 发布",normal,2026-07-31T13:53:10+08:00,,据几位接近小米的人士透露，截止今天中午，小米澎程小订数量预估已超 7 万台， 数字还在不断攀升中。相关人士向我们进一步介绍，沿海地区中型/大型门店，销售人均小订 20+，中大型门店门店订单数量普遍超过 180 台。根据目前情况来看，N90 Max 小订占比更高，预估在 60%-65% 左右，N70 Max 稍低。整体呈现一二线城市N90 高，三四线城市N70 高的订单分布特征。首销期（小米）提成较少，小订转锁单 100 元，交付后 300 元，合计 400 元。“过了首销期后，一般提成会大幅提升，基本翻倍。初期提成虽然低但是大家不会不满意。”一位华东区域的小米店长继续向我们介绍道，“因为（销售,http://mp.weixin.qq.com/s?__biz=MzkxMzYxOTM5MQ==&mid=2247484973&idx=1&sn=383000df5e3694a4a9aebcbd2f0ad522,,据几位接近小米的人士透露，截止今天中午，小米澎程小订数量预估已超 7 万台， 数字还在不断攀升中。相关人士向我们进一步介绍，沿海地区中型/大型门店，销售人均小订 20+，中大型门店门店订单数量普遍超过 180 台。根据目前情况来看，N90 Max 小订占比更高，预估在 60%-65% 左右，N70 Max 稍低。整体呈现一二线城市N90 高，三四线城市N70 高的订单分布特征。首销期（小米）提成较少，小订转锁单 100 元，交付后 300 元，合计 400 元。“过了首销期后，一般提成会大幅提升，基本翻倍。初期提成虽然低但是大家不会不满意。”一位华东区域的小米店长继续向我们介绍道，“因为（销售,据几位接近小米的人士透露，截止今天中午，小米澎程小订数量预估已超 7 万台， 数字还在不断攀升中。相关人士向我们进一步介绍，沿海地区中型/大型门店，销售人均小订 20+，中大型门店门店订单数量普遍超过 180 台。根据目前情况来看，N90 Max 小订占比更高，预估在 60%-65% 左右，N70 Max 稍低。整体呈现一二线城市N90 高，三四线城市N70 高的订单分布特征。首销期（小米）提成较少，小订转锁单 100 元，交付后 300 元，合计 400 元。“过了首销期后，一般提成会大幅提升，基本翻倍。初期提成虽然低但是大家不会不满意。”一位华东区域的小米店长继续向我们介绍道，“因为（销售）觉得是雷总在帮我们卖车。”目前小米官方并未公布小订订单，并非数据不好，而是其一贯作风，从小米高层态度来看，应该对澎程的表现还是非常满意和认可。重要性提示：信息仅供参考，不对其真实性负责，请以官方最终发布数据为准。N90 Max 占比更高。,,,,pending
三星SDI官宣2027年量产固态电池，首单为何不是汽车而是人形机器人？,固态电池SSB,固态电池SSB,"RIOnews API, 固态电池, 硫化物电解质, 全固态, 产品发布, 全新, 官宣, 技术进展, 路试, 技术验证",normal,2026-07-31T13:40:51+08:00,,最近固态电池板块在资本市场再度活跃，7月31日板块涨幅一度达到2%，美利信、德福科技等多股涨超10%。消息面上的催化剂来自韩国——三星SDI在7月30日的财报电话会上正式披露了全固态电池的商业化时间表。根据规划，全固态电池将于2027年下半年在韩国蔚山工厂启动量产，目标成为韩国首家实现固态电池商业化落地的本土电池企业。更值得关注的是，三星SDI透露了一个打破行业惯性认知的信息：首个商业应用项目很可能来自人形机器人领域，而非市场普遍预期的电动汽车。从水原到蔚山：16万亿韩元铺就的量产之路三星SDI对固态电池的布局并非一日之功。早在今年3月的InterBattery 2026展会上，三星SDI就已,http://mp.weixin.qq.com/s?__biz=MzkxOTU5NjMwNg==&mid=2247499641&idx=1&sn=2444286e86597088f88eafdf85a9582d,,最近固态电池板块在资本市场再度活跃，7月31日板块涨幅一度达到2%，美利信、德福科技等多股涨超10%。消息面上的催化剂来自韩国——三星SDI在7月30日的财报电话会上正式披露了全固态电池的商业化时间表。根据规划，全固态电池将于2027年下半年在韩国蔚山工厂启动量产，目标成为韩国首家实现固态电池商业化落地的本土电池企业。更值得关注的是，三星SDI透露了一个打破行业惯性认知的信息：首个商业应用项目很可能来自人形机器人领域，而非市场普遍预期的电动汽车。从水原到蔚山：16万亿韩元铺就的量产之路三星SDI对固态电池的布局并非一日之功。早在今年3月的InterBattery 2026展会上，三星SDI就已,最近固态电池板块在资本市场再度活跃，7月31日板块涨幅一度达到2%，美利信、德福科技等多股涨超10%。消息面上的催化剂来自韩国——三星SDI在7月30日的财报电话会上正式披露了全固态电池的商业化时间表。根据规划，全固态电池将于2027年下半年在韩国蔚山工厂启动量产，目标成为韩国首家实现固态电池商业化落地的本土电池企业。更值得关注的是，三星SDI透露了一个打破行业惯性认知的信息：首个商业应用项目很可能来自人形机器人领域，而非市场普遍预期的电动汽车。从水原到蔚山：16万亿韩元铺就的量产之路三星SDI对固态电池的布局并非一日之功。早在今年3月的InterBattery 2026展会上，三星SDI就已首次公开展示了专为人形机器人等实体AI应用研发的软包型全固态电池样品。展示这款样品时，三星SDI就表达了明确的量产意图——目标是2027年下半年实现量产。如今这一目标已正式写入公司的时间表。为了支撑这一计划，三星SDI在今年7月初公布了一项跨度14年的长期投资方案。2026年至2040年期间，公司计划向蔚山和天安两大生产基地合计投入25万亿韩元，约合人民币1100亿元。其中，16万亿韩元投向蔚山制造园区，用于建设全固态电池、储能系统用磷酸铁锂电池及钠离子电池的量产产线；9万亿韩元用于天安厂区扩产，天安厂区同时定位为技术验证中心，其干式电极试产线已投产，为后续规模化降本提供工艺储备。在量产之前，三星SDI已在水原研发中心建成6500平方米的S-Line固态电池中试线，完成了多轮配方与制程验证。蔚山新建产线将直接承接中试成果，推动全固态电池走向商业化交付。技术路线上，三星SDI主攻硫化物基固态电解质技术，此前公布的能量密度目标超过900瓦时/升，远超目前主流的锂离子电池。此外，公司还专门为物理AI应用设计了软包型全固态电池原型，旨在支持轻量化设计需求。为什么是人形机器人先“吃螃蟹”？三星SDI在2026年第二季度财报电话会议上明确表示，正在与人形机器人客户展开深入讨论，计划2026年下半年出样。在完成客户产品验证后，全固态电池将进入大规模生产前的全面准备阶段。这一选择看似出人意料，细想却在情理之中。机器人对电池的要求与电动汽车有着本质不同。 机器人的电池安装空间极为有限，需要电池体积小巧、能量密度高、续航时间长。与此同时，机器人在运动时会瞬间出现功率峰值，这意味着电池必须具备高输出性能。三星SDI此前一直在为电动汽车研发方形全固态电池，但面向人形机器人时，选择采用软包形态以实现轻量化。这种电池形态的切换本身就是一种信号——固态电池的应用场景正在从“四轮”向“双足”延伸。更深层的原因在于商业化节奏的差异。电动汽车用固态电池需要经历漫长的整车验证、路试、公告流程，而机器人领域的应用验证周期相对更短，且对成本敏感度不如汽车行业。对于一款早期量产、成本必然高昂的电池产品来说，人形机器人是一个比家用轿车更友好的“试验田”。另一个不容忽视的背景是，2026年正是人形机器人产业加速的商业拐点。物理AI对高能量密度、高安全性的能源方案需求迫切，而固态电池恰好提供了比现有锂离子电池更优的技术指标。2027：一个被全球同步锁定的时间窗口三星SDI将量产时间定在2027年下半年，并非孤例。丰田同样承诺将在2027年开始大规模生产固态电池；吉利、奇瑞、比亚迪等中国车企也同步锁定了相近的时间窗口。在中国，行业普遍预计2027年全固态电池可能实现示范装车，蜂巢能源科技副总裁孙彩亮在2026年度论坛上也表达了类似判断。2027年这个节点之所以被全球产业界“共识”，背后是固态电池产业化的基本规律。中国电动汽车百人会此前表示，全固态电池预计2027年开始装车，2030年是完全可以实现量产的。东吴证券分析指出，行业预计2026年中试线优化加样车路试，2026年下半年量产线落地，2027年开启小规模量产装车，行业出货有望突破1GWh，2030年大规模量产规模有望突破100GWh。当前，全球固态电池产业链正进入中试关键期。电池材料体系已基本定型，硫化物成为主流量产趋势，正极沿用高镍三元、下一代向富锂锰基迭代，负极短中期选用硅碳、长期向锂金属演进。包括宁德时代、比亚迪、丰田、三星SDI在内的国内外龙头企业均重点布局硫化物体系。量产这道坎，比突破技术更难跨越固态电池的潜力人尽皆知——更高的能量密度、更长的续航里程、更快的充电速度、更好的安全性。但与之相伴的是一个清醒的判断：“一项电池突破，只有当它能够被规模化制造时，才真正有意义。”这句话来自美国固态电池公司Factorial Energy的CEO黄思宇。这恰恰点出了固态电池产业化的核心矛盾。实验室里做出漂亮的性能数据只是第一步，如何在量产线上稳定、低成本地制造出合格的产品，才是真正的“拦路虎”。这也是为什么7月29日Factorial Energy与SK On签署的谅解备忘录值得关注。双方将共同评估Factorial FEST固态电池技术是否能够借助SK On现有锂离子电池生产设施实现量产——若能通过评估，意味着固态电池有望利用成熟的锂电产线加速量产进程，而非必须从零开始建设全新专属工厂。固态电池量产面临的核心难点包括：固态电解质的离子导电性与机械强度的平衡、固固界面接触问题、硫化物电解质遇水产生硫化氢的安全隐患，以及干法电极工艺等新型制造工艺的成熟度。三星SDI在天安厂区建设的干式电极试产线，正是在为后一个难题寻找工业化解决方案。变局已来三星SDI的量产时间表公告，以及资本市场固态电池板块的异动，都是产业变局的信号。2027年的量产窗口越来越清晰，但真正关键的问题或许不是“谁能先造出来”，而是“谁能先以可接受的成本、可接受的良率把固态电池大规模交付给客户”。从这一角度看，人形机器人的率先应用反而可能成为三星SDI的一个优势——这个场景对成本和规模的要求比汽车市场更宽容，反而能帮助企业在固态电池商业化初期积累宝贵的量产经验。行业研究者指出，全固态电池尚未达到完全稳定安全的状态，在倍率充电时仍有锂枝晶析出风险。这意味着，从量产时间表到真正可靠、经济的终端产品，中间仍有很长的路要走。但方向已经明确，2027年之后，电池行业将迎来新一轮洗牌。最近固态电池板块在资本市场再度活跃，7月31日板块涨幅一度达到2%，美利信、德福科技等多股涨超10%。,,,,pending
容百科技拟投资47.23亿元，建设仙桃30万吨钠电正极材料项目,卓研钠电,卓研钠电,"RIOnews API, 钠离子电池, 钠电, 钠电正极, 合作进展, 定点, 投资, 合作",normal,2026-07-31T13:33:41+08:00,,7月30日，容百科技与仙桃市人民政府签署《项目投资合同书》，拟投资建设仙桃年产30万吨钠电正极材料一体化项目，总投资金额47.23亿元。该项目将分三期建设，其中一期5万吨、二期10万吨、三期15万吨，一期预计2027年5月建成投产，进一步巩固公司在钠电正极材料领域的先发优势，精准把握钠电产业化的关键窗口期。公司称，本项目实施后，正极材料产品矩阵及规模交付能力有望进一步完善，并有利于提升公司钠电正极材料规模化交付能力。公司部分聚阴离子正极材料已实现批量出货，并进入部分核心客户供应体系。本项目将根据客户订单及需求分期建设，有利于提升公司客户响应、产品供应及规模制造能力。容百科技是全市场覆盖的电池材,http://mp.weixin.qq.com/s?__biz=Mzg5MjY4NjcxMw==&mid=2247495882&idx=1&sn=7da82b9004470f8edaf0b41c9d321130,,7月30日，容百科技与仙桃市人民政府签署《项目投资合同书》，拟投资建设仙桃年产30万吨钠电正极材料一体化项目，总投资金额47.23亿元。该项目将分三期建设，其中一期5万吨、二期10万吨、三期15万吨，一期预计2027年5月建成投产，进一步巩固公司在钠电正极材料领域的先发优势，精准把握钠电产业化的关键窗口期。公司称，本项目实施后，正极材料产品矩阵及规模交付能力有望进一步完善，并有利于提升公司钠电正极材料规模化交付能力。公司部分聚阴离子正极材料已实现批量出货，并进入部分核心客户供应体系。本项目将根据客户订单及需求分期建设，有利于提升公司客户响应、产品供应及规模制造能力。容百科技是全市场覆盖的电池材,"7月30日，容百科技与仙桃市人民政府签署《项目投资合同书》，拟投资建设仙桃年产30万吨钠电正极材料一体化项目，总投资金额47.23亿元。该项目将分三期建设，其中一期5万吨、二期10万吨、三期15万吨，一期预计2027年5月建成投产，进一步巩固公司在钠电正极材料领域的先发优势，精准把握钠电产业化的关键窗口期。公司称，本项目实施后，正极材料产品矩阵及规模交付能力有望进一步完善，并有利于提升公司钠电正极材料规模化交付能力。公司部分聚阴离子正极材料已实现批量出货，并进入部分核心客户供应体系。本项目将根据客户订单及需求分期建设，有利于提升公司客户响应、产品供应及规模制造能力。容百科技是全市场覆盖的电池材料综合供应商、产业龙头，三元正极材料全球销量领先，磷酸锰铁锂实现最快规模化量产，钠电正极材料已绑定国内外头部战略电池厂商，并以创新工艺布局磷酸铁锂领域。公司7月23日披露的2026年半年度报告显示，在钠电方面，容百科技聚阴离子正极材料已进入规模化出货阶段，核心战略客户卡位优势明显；同步已完成二代产品、三代技术的开发储备，围绕能量密度、压实密度和低成本持续迭代，产品梯队不断完善，产业化进程全面提速。据披露，今年上半年，容百科技钠电正极材料在储能、启停、低速动力等场景合计实现近千吨级出货，销量同比大幅增长，并实现同比大幅减亏；核心战略客户实现批量稳定交付，多家海内外客户已完成准入并实现相应吨级交付。截至今年6月，公司已建成NFPP钠电正极产能1.8万吨/年，其中贵州新仁1.2万吨改造线和仙桃6000吨中试线。今年上半年，容百科技实现营业收入87.21亿元，同比增长39.57%，实现归母净利润1.09亿元，同比增长259.95%，收入规模与盈利能力同步修复。其中，第二季度单季主营收入49.4亿元，同比上升50.39%，单季度归母净利润9779.77万元，同比上升284.65%，环比增长743%。来源：容百科技2026年半年度报告白厚善董事长在致辞中表示，公司在10来年前就前瞻布局了钠电正极业务，目前已经形成“量产一代、研发一代、储备一代”的断代式领先优势，并围绕能量密度、压实密度和低成本持续迭代，产品梯队不断完善。目前，公司已建成NFPP钠电正极产能1.8万吨/年，其中贵州新仁1.2万吨改造线稳定量产，仙桃6000吨钠电中试线已完成相关工艺及设备验证。仙桃30万吨新产能的建设落地，将进一步提升公司在钠电正极材料方面的规模化交付能力，为全球更多客户提供性能领先的产品。白厚善董事长认为，电池行业经历了3C电池到动力电池的发展阶段，目前已经迈入储能电池引领的“奇点时代”。未来钠电池和磷酸铁锂电池两分天下有其一的话，将是一个非常大的市场。预计到2035年，全球钠电正极材料销量有望达到2000万吨。摩根士丹利近期发布的报告也显示，钠离子电池将在2027年占据全球电池部署约2%份额，随后加速至2030年的20%和2035年的37%，并将钠离子电池时代定性为""新石油时代""。同时，凭借覆盖下游头部电池企业及终端用户的优质客户矩阵，以及产品在关键性能指标上的技术领先优势，公司已在头部客户供应链中实现关键卡位。目前，公司已与多家动力及储能电池企业建立合作关系，就钠电正极材料开展产品验证、定点、供货及订单对接。- 点击下方关注 -- 关于马里亚纳 -钠离子电池产业链交融平台",,,,pending
招标｜华能清能院液流电池堆测试用原材料和实验耗材货物项目采购询比采购公告,全球液流电池储能,全球液流电池储能,"RIOnews API, 长时储能, 液流电池, 产品发布, 发布, 官宣",normal,2026-07-31T13:31:00+08:00,,采购编号：HNFZ2026-07-2-029381.采购条件本项目：华能清能院液流电池堆测试用原材料和实验耗材货物项目采购 ，采购人为：中国华能集团清洁能源技术研究院有限公司，该项目已具备采购条件，现进行合格供应商公开询比采购。2.项目概况与采购范围2.1 项目概况：华能清能院液流电池堆测试用原材料和实验耗材货物项目采购详见询比文件2.2 采购范围3.供应商资格要求3.1 通用条件：（1）供应商须为华能集团供应商库内合格供应商，且未处于暂停参加采购活动的处罚期限内，满足供应商参与业务的权限。 （2）在信用中国网站近三年没有串通投标或骗取中标或严重违约处罚记录，没有经鉴定部门认定的因其产品/服务,http://mp.weixin.qq.com/s?__biz=Mzg3NjcyNzE4Nw==&mid=2247577249&idx=1&sn=78c70010d5877fcdb324d5d0bbab59be,,采购编号：HNFZ2026-07-2-029381.采购条件本项目：华能清能院液流电池堆测试用原材料和实验耗材货物项目采购 ，采购人为：中国华能集团清洁能源技术研究院有限公司，该项目已具备采购条件，现进行合格供应商公开询比采购。2.项目概况与采购范围2.1 项目概况：华能清能院液流电池堆测试用原材料和实验耗材货物项目采购详见询比文件2.2 采购范围3.供应商资格要求3.1 通用条件：（1）供应商须为华能集团供应商库内合格供应商，且未处于暂停参加采购活动的处罚期限内，满足供应商参与业务的权限。 （2）在信用中国网站近三年没有串通投标或骗取中标或严重违约处罚记录，没有经鉴定部门认定的因其产品/服务,"采购编号：HNFZ2026-07-2-029381.采购条件本项目：华能清能院液流电池堆测试用原材料和实验耗材货物项目采购 ，采购人为：中国华能集团清洁能源技术研究院有限公司，该项目已具备采购条件，现进行合格供应商公开询比采购。2.项目概况与采购范围2.1 项目概况：华能清能院液流电池堆测试用原材料和实验耗材货物项目采购详见询比文件2.2 采购范围3.供应商资格要求3.1 通用条件：（1）供应商须为华能集团供应商库内合格供应商，且未处于暂停参加采购活动的处罚期限内，满足供应商参与业务的权限。 （2）在信用中国网站近三年没有串通投标或骗取中标或严重违约处罚记录，没有经鉴定部门认定的因其产品/服务/工程引起的重大及以上质量事故或重大及以上安全事故。 （3）未被市场监督管理部门在全国企业信用信息公示系统中列入经营异常名录或者严重违法企业名单。 （4）未被最高人民法院在“信用中国”网站（www.creditchina.gov.cn）或各级信用信息共享平台中列入失信被执行人名单。 （5）不存在不同供应商递交的响应文件的互联网协议地址（IP地址）信息检查一致的情况。 （6） 与采购人存在利害关系可能影响采购公正性的法人、其他组织或者个人，不得参加同一项目询比；单位负责人为同一人或者存在控股、管理关系的不同单位，不得参加同一项目询比。 （7）不存在法律法规和采购文件规定的响应无效或否决响应的其他情形。 3.2 专项条件：（1）资质要求：无。 （2）业绩要求：供应商须提供2022年1月1日至今以下业绩之一：（1）液流电池堆或液流电池隔膜或液流电池电极或液流电池电解液材料销售业绩至少一项，（2）实验室测试耗材销售业绩至少一项。并提供证明文件（合同封面页、关键页及盖章页）。 （3）本项目不接受联合体。 （4）本项目接受代理商。休息一下，看个广告4.采购文件的获取有意向的供应商可在截止时间前:2026年08月03日15时30分止（北京时间，下同），登录中国华能集团电子商务平台（https://uum.ec.chng.com.cn/），选择“智能招采”进入系统选择参与的项目，下载采购文件。采购文件费：0元。5.响应文件的递交5.1 供应商应按采购文件规定的递交截止时间前登陆电子商务平台，完成响应文件的传输递交, 递交截止时间前未完成响应文件递交的视为放弃询比采购资格。5.2 响应文件的递交截止时间：2026年08月03日15时30分；响应文件开启时间：同递交截止时间。5.3 CA证书办理供应商须凭“中招互连”APP办理CA证书相关事宜。使用手机扫码下载、注册“中招互连”APP（https:/ebinterlink.com/）并自助办理CA证书。根据提示即可在线办理相关事宜。扫码签章等所有流程全部使用中招互连APP操作。如有问题，请联系客服电话：400-6664-230。6.发布公告的媒介本次采购公告在中国华能集团电子商务平台（https://ec.chng.com.cn/）发布，因轻信其他组织、个人或媒介提供的信息而造成的损失，采购人、采购代理机构概不负责。7.联系方式采购人：中国华能集团清洁能源技术研究院有限公司地址：北京市昌平区北七家镇未来科学城华能创新基地实验楼A楼电话：010-81917692电子邮箱：xl_meng@qny.chng.com.cn联系人：孟经理采购代理：中国华能集团有限公司北京睿采数动科技分公司地址：北京市昌平区北七家镇七北路10号电话：***********电子邮箱：zhaohan0209@outlook.com联系人：赵经理近期热点及活动1、7.6GWh！含11个全钒液流，云南发改委、能源局发布2026年共享储能项目清单2、官宣定档！朝圣之旅，9月17-18日CFE2026第七届中国液流电池储能大会相约大连！参展、演讲、参会报名正式启动！3、AI的尽头是储能与电力！CFE2026第六届中国液流电池储能大会圆满落幕，新型储能“转正”从电力“配角”到六大新兴支柱产业进阶4、突破迎关键临界点！全球旗舰盛会—CFE2025第五届中国液流电池储能大会暨2024-2025年度液流品牌颁奖盛典圆满落幕5、获奖名单及终版议程发布！CFE2025第五届中国液流电池储能大会暨品牌颁奖盛典9月19-20日武汉盛大召开6、共筑全产业链生态繁荣！全球风向—CFE2025第四届中国液流电池储能大会、中国液流电池青年科学家论坛圆满落幕7、晚宴名单、参会总名单、终版议程发布｜CFE2025第四届中国液流电池储能大会3月3日盛大开幕8、全国首个！四川出台钒电池储能产业专项政策每月6日活动日，群内成员全开放1天招标｜华能清能院液流电池堆测试用原材料和实验耗材货物项目采购询比采购公告",,,,pending
招标｜华能清能院全钒液流电池控制策略服务项目采购询比采购公告,全球液流电池储能,全球液流电池储能,"RIOnews API, 长时储能, 液流电池, 产品发布, 发布, 官宣",normal,2026-07-31T13:30:00+08:00,,采购编号：HNFZ2026-07-2-029351.采购条件本项目：华能清能院全钒液流电池控制策略服务项目采购 ，采购人为：中国华能集团清洁能源技术研究院有限公司，该项目已具备采购条件，现进行合格供应商公开询比采购。2.项目概况与采购范围2.1 项目概况：华能清能院全钒液流电池控制策略服务项目采购详见询比文件2.2 采购范围3.供应商资格要求3.1 通用条件：（1）供应商须为华能集团供应商库内合格供应商，且未处于暂停参加采购活动的处罚期限内，满足供应商参与业务的权限。 （2）在信用中国网站近三年没有串通投标或骗取中标或严重违约处罚记录，没有经鉴定部门认定的因其产品/服务/工程引起的重大及以上质,http://mp.weixin.qq.com/s?__biz=Mzg3NjcyNzE4Nw==&mid=2247577248&idx=1&sn=5551877d4f9063f592d5b3b5319e0281,,采购编号：HNFZ2026-07-2-029351.采购条件本项目：华能清能院全钒液流电池控制策略服务项目采购 ，采购人为：中国华能集团清洁能源技术研究院有限公司，该项目已具备采购条件，现进行合格供应商公开询比采购。2.项目概况与采购范围2.1 项目概况：华能清能院全钒液流电池控制策略服务项目采购详见询比文件2.2 采购范围3.供应商资格要求3.1 通用条件：（1）供应商须为华能集团供应商库内合格供应商，且未处于暂停参加采购活动的处罚期限内，满足供应商参与业务的权限。 （2）在信用中国网站近三年没有串通投标或骗取中标或严重违约处罚记录，没有经鉴定部门认定的因其产品/服务/工程引起的重大及以上质,"采购编号：HNFZ2026-07-2-029351.采购条件本项目：华能清能院全钒液流电池控制策略服务项目采购 ，采购人为：中国华能集团清洁能源技术研究院有限公司，该项目已具备采购条件，现进行合格供应商公开询比采购。2.项目概况与采购范围2.1 项目概况：华能清能院全钒液流电池控制策略服务项目采购详见询比文件2.2 采购范围3.供应商资格要求3.1 通用条件：（1）供应商须为华能集团供应商库内合格供应商，且未处于暂停参加采购活动的处罚期限内，满足供应商参与业务的权限。 （2）在信用中国网站近三年没有串通投标或骗取中标或严重违约处罚记录，没有经鉴定部门认定的因其产品/服务/工程引起的重大及以上质量事故或重大及以上安全事故。 （3）未被市场监督管理部门在全国企业信用信息公示系统中列入经营异常名录或者严重违法企业名单。 （4）未被最高人民法院在“信用中国”网站（www.creditchina.gov.cn）或各级信用信息共享平台中列入失信被执行人名单。 （5）不存在不同供应商递交的响应文件的互联网协议地址（IP地址）信息检查一致的情况。 （6） 与采购人存在利害关系可能影响采购公正性的法人、其他组织或者个人，不得参加同一项目询比；单位负责人为同一人或者存在控股、管理关系的不同单位，不得参加同一项目询比。 （7）不存在法律法规和采购文件规定的响应无效或否决响应的其他情形。 3.2 专项条件：（1）资质最低要求：无。 （2）业绩要求：供应商须提供2022年1月1日至今以下业绩之一：（1）液流电池运维系统服务业绩至少一项，（2）储能能量管理系统服务业绩至少一项。并提供证明文件（合同封面页、关键页及盖章页）。 （3）项目经理最低要求： 无 。 （4）本项目不允许联合体。 （5）本项目不接受代理商。休息一下，看个广告4.采购文件的获取有意向的供应商可在截止时间前:2026年08月03日15时30分止（北京时间，下同），登录中国华能集团电子商务平台（https://uum.ec.chng.com.cn/），选择“智能招采”进入系统选择参与的项目，下载采购文件。采购文件费：0元。5.响应文件的递交5.1 供应商应按采购文件规定的递交截止时间前登陆电子商务平台，完成响应文件的传输递交, 递交截止时间前未完成响应文件递交的视为放弃询比采购资格。5.2 响应文件的递交截止时间：2026年08月03日15时30分；响应文件开启时间：同递交截止时间。5.3 CA证书办理供应商须凭“中招互连”APP办理CA证书相关事宜。使用手机扫码下载、注册“中招互连”APP（https:/ebinterlink.com/）并自助办理CA证书。根据提示即可在线办理相关事宜。扫码签章等所有流程全部使用中招互连APP操作。如有问题，请联系客服电话：400-6664-230。6.发布公告的媒介本次采购公告在中国华能集团电子商务平台（https://ec.chng.com.cn/）发布，因轻信其他组织、个人或媒介提供的信息而造成的损失，采购人、采购代理机构概不负责。7.联系方式采购人：中国华能集团清洁能源技术研究院有限公司地址：北京市昌平区北七家镇未来科学城华能创新基地实验楼A楼电话：010-81917692电子邮箱：xl_meng@qny.chng.com.cn联系人：孟经理采购代理：中国华能集团有限公司北京睿采数动科技分公司地址：北京市昌平区北七家镇七北路10号电话：***********电子邮箱：zhaohan0209@outlook.com联系人：赵经理近期热点及活动1、7.6GWh！含11个全钒液流，云南发改委、能源局发布2026年共享储能项目清单2、官宣定档！朝圣之旅，9月17-18日CFE2026第七届中国液流电池储能大会相约大连！参展、演讲、参会报名正式启动！3、AI的尽头是储能与电力！CFE2026第六届中国液流电池储能大会圆满落幕，新型储能“转正”从电力“配角”到六大新兴支柱产业进阶4、突破迎关键临界点！全球旗舰盛会—CFE2025第五届中国液流电池储能大会暨2024-2025年度液流品牌颁奖盛典圆满落幕5、获奖名单及终版议程发布！CFE2025第五届中国液流电池储能大会暨品牌颁奖盛典9月19-20日武汉盛大召开6、共筑全产业链生态繁荣！全球风向—CFE2025第四届中国液流电池储能大会、中国液流电池青年科学家论坛圆满落幕7、晚宴名单、参会总名单、终版议程发布｜CFE2025第四届中国液流电池储能大会3月3日盛大开幕8、全国首个！四川出台钒电池储能产业专项政策每月6日活动日，群内成员全开放1天招标｜华能清能院全钒液流电池控制策略服务项目采购询比采购公告",,,,pending
中标候选人｜云能景洪实业有限公司西双版纳州勐海县100MW/400MW全钒液流储能项目申报材料编制采购结果的公示,全球液流电池储能,全球液流电池储能,"RIOnews API, 长时储能, 液流电池, 产品发布, 发布, 官宣",normal,2026-07-31T13:29:00+08:00,,一、项目名称：云能景洪实业有限公司西双版纳州勐海县100MW/400MW全钒液流储能项目申报材料编制二、成交候选人排名：第一成交候选人： 昆明自动化成套集团股份有限公司 ，报价：人民币 8 万元（含税），综合评分：82.33分。第二成交候选人： 陕西西北火电工程设计咨询有限公司 ，报价：人民币 9.8 万元（含税），综合评分：77.33分。第三成交候选人： 普洱市威特电力工程勘察设计所有限公司 ，报价人民币 11.5 万元（含税），综合评分：56.33分。三、公告时间：2026年8月1日至8月3日。公示期间所有报价人和其他利害关系人对公示结果有异议，可以向采购人反馈，逾期将不再受理。公示结束后,http://mp.weixin.qq.com/s?__biz=Mzg3NjcyNzE4Nw==&mid=2247577247&idx=1&sn=e96d391ea6fa13e6ab547c1a147dfc30,,一、项目名称：云能景洪实业有限公司西双版纳州勐海县100MW/400MW全钒液流储能项目申报材料编制二、成交候选人排名：第一成交候选人： 昆明自动化成套集团股份有限公司 ，报价：人民币 8 万元（含税），综合评分：82.33分。第二成交候选人： 陕西西北火电工程设计咨询有限公司 ，报价：人民币 9.8 万元（含税），综合评分：77.33分。第三成交候选人： 普洱市威特电力工程勘察设计所有限公司 ，报价人民币 11.5 万元（含税），综合评分：56.33分。三、公告时间：2026年8月1日至8月3日。公示期间所有报价人和其他利害关系人对公示结果有异议，可以向采购人反馈，逾期将不再受理。公示结束后,一、项目名称：云能景洪实业有限公司西双版纳州勐海县100MW/400MW全钒液流储能项目申报材料编制二、成交候选人排名：第一成交候选人： 昆明自动化成套集团股份有限公司 ，报价：人民币 8 万元（含税），综合评分：82.33分。第二成交候选人： 陕西西北火电工程设计咨询有限公司 ，报价：人民币 9.8 万元（含税），综合评分：77.33分。第三成交候选人： 普洱市威特电力工程勘察设计所有限公司 ，报价人民币 11.5 万元（含税），综合评分：56.33分。三、公告时间：2026年8月1日至8月3日。公示期间所有报价人和其他利害关系人对公示结果有异议，可以向采购人反馈，逾期将不再受理。公示结束后如未收到异议反馈，则以排名第一的成交候选人作为最终成交人。四、监督部门：本采购项目的监督部门为云能景洪实业有限公司纪委部门，电话：0691-2162922。五、联系方式：采购人：云能景洪实业有限公司地 址：云南省西双版纳傣族自治州景洪市宣慰大道142号附1号联系人：朱 婷 联系方式：***********邮 箱： 408711960@qq.com云能景洪实业有限公司2026年7月30日休息一下，看个广告延伸阅读：招标｜云能景洪实业西双版纳州勐海县100MW/400MW全钒液流储能项目申报材料编制项目询比采购公告近期热点及活动1、7.6GWh！含11个全钒液流，云南发改委、能源局发布2026年共享储能项目清单2、官宣定档！朝圣之旅，9月17-18日CFE2026第七届中国液流电池储能大会相约大连！参展、演讲、参会报名正式启动！3、AI的尽头是储能与电力！CFE2026第六届中国液流电池储能大会圆满落幕，新型储能“转正”从电力“配角”到六大新兴支柱产业进阶4、突破迎关键临界点！全球旗舰盛会—CFE2025第五届中国液流电池储能大会暨2024-2025年度液流品牌颁奖盛典圆满落幕5、获奖名单及终版议程发布！CFE2025第五届中国液流电池储能大会暨品牌颁奖盛典9月19-20日武汉盛大召开6、共筑全产业链生态繁荣！全球风向—CFE2025第四届中国液流电池储能大会、中国液流电池青年科学家论坛圆满落幕7、晚宴名单、参会总名单、终版议程发布｜CFE2025第四届中国液流电池储能大会3月3日盛大开幕8、全国首个！四川出台钒电池储能产业专项政策每月6日活动日，群内成员全开放1天中标候选人｜云能景洪实业有限公司西双版纳州勐海县100MW/400MW全钒液流储能项目申报材料编制采购结果的公示,,,,pending
台铃集团 胡东文：分享非洲换电四大商业模式，共建中国两轮出海新路径,起点锂电,起点锂电,"RIOnews API, 新材料, 碳, 固态电池, 钠离子电池, 钠电, 产品发布, 发布, 全新, 合作进展, 融资, 战略合作, 合作, 欣旺达, 储能, 供电, 电池回收, 签约, 海外, 出海, 本地化, 政策, 推出, 快充, 落地",normal,2026-07-31T13:02:00+08:00,,全球电动两轮产业格局正在迎来根本性转向，国内市场存量竞争白热化、利润持续压缩，而非洲这片拥有超2亿台燃油摩托车保有量的蓝海市场，正迎来电动化爆发窗口。当地高额燃油成本、薄弱电网基础设施、庞大摩的出行刚需，叠加各国低碳政策扶持，催生换电赛道几何级增长机遇；2025年非洲电动两轮车销量同比暴涨近285%，头部换电企业单笔融资突破 2.15亿美元，中国完整锂电、整车、充换电供应链正成为当地产业升级核心支撑。2026年7月24日，第六届起点锂电两轮车换电大会于深圳举办，500+上下游标杆企业、产业机构与行业领军精英共赴盛会，探索轻量化电池技术革新、换电网络规模化运营与行业高质量发展全新路径，寻找电动两,http://mp.weixin.qq.com/s?__biz=MzI1MjEyODg2Mg==&mid=2649798191&idx=1&sn=275e839fd8564d39d6ac5ed88805c4c7,,全球电动两轮产业格局正在迎来根本性转向，国内市场存量竞争白热化、利润持续压缩，而非洲这片拥有超2亿台燃油摩托车保有量的蓝海市场，正迎来电动化爆发窗口。当地高额燃油成本、薄弱电网基础设施、庞大摩的出行刚需，叠加各国低碳政策扶持，催生换电赛道几何级增长机遇；2025年非洲电动两轮车销量同比暴涨近285%，头部换电企业单笔融资突破 2.15亿美元，中国完整锂电、整车、充换电供应链正成为当地产业升级核心支撑。2026年7月24日，第六届起点锂电两轮车换电大会于深圳举办，500+上下游标杆企业、产业机构与行业领军精英共赴盛会，探索轻量化电池技术革新、换电网络规模化运营与行业高质量发展全新路径，寻找电动两,全球电动两轮产业格局正在迎来根本性转向，国内市场存量竞争白热化、利润持续压缩，而非洲这片拥有超2亿台燃油摩托车保有量的蓝海市场，正迎来电动化爆发窗口。当地高额燃油成本、薄弱电网基础设施、庞大摩的出行刚需，叠加各国低碳政策扶持，催生换电赛道几何级增长机遇；2025年非洲电动两轮车销量同比暴涨近285%，头部换电企业单笔融资突破 2.15亿美元，中国完整锂电、整车、充换电供应链正成为当地产业升级核心支撑。2026年7月24日，第六届起点锂电两轮车换电大会于深圳举办，500+上下游标杆企业、产业机构与行业领军精英共赴盛会，探索轻量化电池技术革新、换电网络规模化运营与行业高质量发展全新路径，寻找电动两轮市场新蓝海、新机遇。在电动自行车及电池技术专场，台铃集团 总裁助理 胡东文带来《从“非洲两轮换电” 到 “电动车绿色出海”》主题演讲，结合 2018、2019、2026年三次赴非一线实地调研经历，他梳理台铃深耕非洲绿色出行八年历程，对比国内与非洲换电商业模式，拆解当地四类主流换电运营路径，并提出中国电动车企业抱团出海、共建全球绿色出行标准的行业倡议。图：台铃集团 总裁助理 胡东文八年深耕非洲，携手UNDP搭建绿色出行全产业链体系胡东文回顾，台铃布局非洲绿色出行再次证明了台铃一直在走的长期主义之路。2018年他首次到访肯尼亚联合国办公园区，与联合国环境署签约成为“电动出行合作伙伴”；历经八年持续深耕，2026年7月9日，台铃与联合国开发计划署（UNDP）在肯尼亚内罗毕正式签署战略合作备忘录，启动“非洲绿驰”项目，落地非洲首个“绿色出行卓越中心”，完整布局“车能路云、光储充换”全链条产业生态，相关合作内容同步获新华社等权威媒体报道。台铃团队多次深入非洲终端市场实地调研，覆盖两轮、三轮电动出行全场景。针对非洲路况、运营需求，台铃联合当地代理商定制开发TK90电动摩托，车辆搭载3500W额定、7700W峰值中置电机，配备72V32Ah可换电快充锂电池，IP65防水防尘适配多雨环境，极速85km/h、匀速续航100km，目前已有数千台车型在当地投入运营，后台数据显示单车日均最高行驶近 300公里。在蒙巴萨港口等三轮集中区域，团队同步调研客运电动三轮车，对当地通用的大容量锂电池、期待行业亟待统一电池规格，台铃也开放行业协同研发，期待和行业同仁一起努力、共同适配非洲本地化续航需求。合作层面，台铃采取属地化渠道合作模式，在加纳联合Somoco、肯尼亚携手AutoPax深耕非洲市场；同时联动欣旺达-欣动能源配套电池、储能产品，计划联合制定非洲光储充换、电池回收、电池护照统一标准，完成从单一产品出海到产业标准共建的升级。国内换电内卷加剧，非洲四大商业模式带来全新增量机遇胡东文表示，当前国内两轮换电市场竞争高度饱和，主要由铁塔、智租、这锂、小哈等头部企业依托规模优势抢占ToB商用市场，嘟嘟换电布局C端赛道力争突围，期待行业有更多精彩表现。但实际上，C端独立换电盈利难度大，司马出行依靠场景配套拓展增收路径，移拜骑行跳出传统行业思维重构用户导向商业模式。在国内市场内卷严重背景下，出海成为了产业新增长突破口。非洲摩托车保有量超2亿，未来五年两轮电动车将迎来几何级增长，市场空间广阔。依托行业一线调研资料，胡东文简析及引用公开资料，分享了当地四类差异化换电商业模式：1、 Kofa模式：能源中台轻资产路线Kofa与台铃联合开发TK90车型，定位“能源中台”，不涉足整车制造、零售渠道、电池重资产持有，仅提供标准化换电能源服务，目标打造跨摩托、家用、商户供电通用电池标准，类比电信运营商逻辑，依靠本土伙伴扩张规模，拒绝全产业链垂直整合。单标准换电站运营模型清晰：配置12块电池、12个充电位，服务20台运营车辆，单车日均换电2次，单日换电40次，单日营收70美元，电费成本13美元，单日毛利57美元，单站年毛利约20805美元。2026年6月Kofa完成2.15亿美元大额融资，赛道资本关注度持续走高。2、Spiro 模式：规模化换电网络布局非洲头部换电企业，以标准化换电柜为核心资产和抓手，大规模铺设线下站点，依托大额资本快速扩张市场覆盖，是当地重资产建站代表玩家。3、Roam 模式：光储充换一体化离网微电网采用集装箱式集成换电站，箱体内部集成充电、换电服务窗口，顶部铺设光伏板自主发电；非洲日均有效光照超5小时，一平方米光伏板可发电2度，分布式站点可实现离网自主供电，适配当地电力基础设施薄弱现状，打造本地化清洁能源闭环。4、Mazi Mobility 模式：极致车电分离轻量化运营完全拆分车辆与电池资产，仅售卖裸车，电池、车辆全部采用租赁模式，40万启动资金即可搭建服务站点，轻资产运营对抗头部十亿级资本投入，主打公共能源服务定位。四类模式各有优劣，判断非洲换电生意可持续性，需围绕人、货、场四维模型全盘考量：2C端：非洲运营工具车刚需续航100公里以上，当地民众支付能力有限，月息很高的分期金融方案仍具备市场，金融配套是撬动消费的核心；2B端：经销商需从门店、储运、人员、资金实力完成分层适配，渠道分流直接决定厂商合作及利润空间；2G端：当地政府高度重视低碳可持续政策，出海企业需提前对接政府采购与绿色扶持政策；2F端：做好财务模型测算，将站点流量转化为稳定利润，保障长期稳健经营。中国企业出海新使命：抱团发展，共建全球绿色出行中国方案胡东文指出，中国两轮电动车企业出海，如今的竞争对手早已不再是国内同行：东南亚市场直面日系车企，非洲市场则需要与印度本土电动车工厂同台竞争，坦桑尼亚Plug & Ride本土整车厂落地，彻底改变当地电动车完全依赖进口的格局，行业竞争进入全新阶段。依托与UNDP搭建的“战略引领 + 技术赋能 + 科创孵化 + 市场落地”全链条合作体系，台铃将持续输出中国成熟整车、电池、充换电全套技术，联合开展绿色出行创新赛事、本土科创企业孵化、跨国技术交流，为非洲提供技术测试、商业化落地全周期支撑，以企业力量参与全球绿色治理。他现场向全行业发出倡议，中国企业出海要规避三大误区：防内卷、防冒进、防落单。过去国内摩托产业出海高光后陷入无序竞争的教训值得警惕，两轮车、锂电、换电产业链企业应当抱团协同出海，联合打造统一光储充换产业标准，依托完整中国智造供应链，向全球输出适配发展中国家的低碳出行解决方案。“从中国出发，为世界续航”，这是台铃深耕非洲八年的核心初心，也是中国轻型动力产业走向全球的共同方向。胡东文表示，期待未来行业同仁在海外市场相遇，携手共建、共创、共赢，以绿色两轮出海，书写全球交通低碳转型的中国答卷。— 完 — 作者丨起点锂电 转载授权请加微信：qd-Lib1222往期回顾01｜小哈换电重磅推出PBHS（Powered By HelloSwap）全球开放生态品牌！02｜派能科技 张兆勇：聚焦电摩及换电赛道，派能科技发布全系列轻型电池产品布局！03｜多氟多新能源 许飞：氟芯电池重构两轮换电全生命周期价值！04｜CINE2026（第三届）固态电池及钠电国际展定档11月6-7日广州南沙举办！点击阅读原文，查看富工流体更多内容！,,,,pending
小米澎程中创新航三元锂电池参数,新能源探索录,新能源探索录,"RIOnews API, 中创新航, 三元, 电池包",normal,2026-07-31T12:47:11+08:00,,小米澎程N90电池参数电芯供应商：中创新航材料形式：6系高电压三元锂电池单体容量：187.2Ah电芯尺寸：42 x 245.5 x 118电芯重量：2.74kg单体能量密度：252wh/kg电池包质量：400kg串并联结构：108S1P系统能量密度：190wh/kg电池包电压：400V平均充电倍率：2C另有一款中创新航的三元锂 130+Ah 电芯未公开披露。修改于电芯、电池包参数,http://mp.weixin.qq.com/s?__biz=MzkxMzYxOTM5MQ==&mid=2247484968&idx=1&sn=8aaabb7f77a0c0cdfe4c9a2aae3dabcf,,小米澎程N90电池参数电芯供应商：中创新航材料形式：6系高电压三元锂电池单体容量：187.2Ah电芯尺寸：42 x 245.5 x 118电芯重量：2.74kg单体能量密度：252wh/kg电池包质量：400kg串并联结构：108S1P系统能量密度：190wh/kg电池包电压：400V平均充电倍率：2C另有一款中创新航的三元锂 130+Ah 电芯未公开披露。修改于电芯、电池包参数,小米澎程N90电池参数电芯供应商：中创新航材料形式：6系高电压三元锂电池单体容量：187.2Ah电芯尺寸：42 x 245.5 x 118电芯重量：2.74kg单体能量密度：252wh/kg电池包质量：400kg串并联结构：108S1P系统能量密度：190wh/kg电池包电压：400V平均充电倍率：2C另有一款中创新航的三元锂 130+Ah 电芯未公开披露。修改于电芯、电池包参数,,,,pending
天科大赵倩-李盛华课题组《Small》：天然产物和碳纳米管遇上多层级社会自分类 - 一锅法构筑高效锌空电池催化剂,高分子科技,高分子科技,"RIOnews API, 聚合物新材料, 凝胶, 电池, 学术研究, 大学, 教授, 期刊",normal,2026-07-31T12:33:36+08:00,,点击上方“蓝字” 一键订阅可充电锌-空气电池（ZABs）凭借理论能量密度高、成本低且环境友好等优势，在可持续储能领域应用前景广阔。但其空气阴极涉及的氧还原反应（ORR）和氧析出反应（OER）动力学缓慢，严重制约了整体能量转换效率。配位聚合物（CPs）由金属离子与有机配体通过配位键组装而成，因其结构可调和活性位点丰富而受到广泛关注，但单一配体往往难以兼顾ORR和OER的双重要求。如何将两种功能互补的组分有序整合为高效双功能催化剂，是摆在研究者面前的一道难题。研究发现，给电子配体可提升ORR性能，而吸电子配体则更利于OER——如果能在同一合成体系中同时引入两种不同性质的配体，让它们“各司其职”，就,http://mp.weixin.qq.com/s?__biz=MzA5NjUyNjc5Ng==&mid=2651656521&idx=5&sn=d0bab19e22c491c23d605ac1e17f41e4,,点击上方“蓝字” 一键订阅可充电锌-空气电池（ZABs）凭借理论能量密度高、成本低且环境友好等优势，在可持续储能领域应用前景广阔。但其空气阴极涉及的氧还原反应（ORR）和氧析出反应（OER）动力学缓慢，严重制约了整体能量转换效率。配位聚合物（CPs）由金属离子与有机配体通过配位键组装而成，因其结构可调和活性位点丰富而受到广泛关注，但单一配体往往难以兼顾ORR和OER的双重要求。如何将两种功能互补的组分有序整合为高效双功能催化剂，是摆在研究者面前的一道难题。研究发现，给电子配体可提升ORR性能，而吸电子配体则更利于OER——如果能在同一合成体系中同时引入两种不同性质的配体，让它们“各司其职”，就,"点击上方“蓝字” 一键订阅可充电锌-空气电池（ZABs）凭借理论能量密度高、成本低且环境友好等优势，在可持续储能领域应用前景广阔。但其空气阴极涉及的氧还原反应（ORR）和氧析出反应（OER）动力学缓慢，严重制约了整体能量转换效率。配位聚合物（CPs）由金属离子与有机配体通过配位键组装而成，因其结构可调和活性位点丰富而受到广泛关注，但单一配体往往难以兼顾ORR和OER的双重要求。如何将两种功能互补的组分有序整合为高效双功能催化剂，是摆在研究者面前的一道难题。研究发现，给电子配体可提升ORR性能，而吸电子配体则更利于OER——如果能在同一合成体系中同时引入两种不同性质的配体，让它们“各司其职”，就有可能用一锅法制备出双功能催化剂。本研究从天然产物中找到了理想的配体组合：鞣花酸（EA）和苏木素（HTL）。EA是一种平面分子，其钴基聚合物Co-EA已被证实具有优异的OER活性；而HTL则具有独特的折叠构型和富电子结构，预期能赋予其聚合物更好的ORR性能。在此基础上，团队进一步引入碳纳米管（CNTs）以提升导电性，并利用HTL与CNTs之间强烈的π-π堆积作用，使Co-HTL选择性地缠绕在CNTs表面形成同轴结构。最终，在一锅溶剂热合成中，EA和HTL各自与Co2+配位，再分别组装为纳米片和同轴纳米管——实现从分子到聚集体的“两级社会自分类”。所得复合材料Co-HTL@CNTs+Co-EA表现出优异的双功能催化活性，在锌-空气电池中展现出超越贵金属基准的开路电压、比容量和长达300小时的循环稳定性，为天然产物在能源领域的应用开辟了新路径。近日，天津科技大学赵倩-李盛华课题组联合南开大学、阿安笛生物科技(天津)有限公司、华北理工大学等单位在Small期刊发表了题为“Hierarchically Social Self-Sorted Bifunctional Electrocatalyst Based on Metal-Phenolic Polymers for Rechargeable Zinc-Air Battery”的研究论文。本研究基于两种天然产物——平面构型的鞣花酸（EA）和折叠富电子的苏木素（HTL）与Co2+配位后形成两种配位聚合物Co-EA和Co-HTL，Co-EA自组装为二维纳米片优化OER，Co-HTL则利用π-π作用选择性缠绕于碳纳米管表面形成同轴结构以提升ORR，最终通过“两级社会自分类”一锅法制得Co-HTL@CNTs+Co-EA复合材料，其双功能催化活性ΔE=0.70 V,优于贵金属Pt/C+IrO2组合（0.80 V），组装的锌空电池实现了1.41 V的开路电压、792 mAh gZn-1的比容量及长达300小时的稳定循环。这一工作不仅为天然产物在可持续能源领域的应用开辟了新路径，也为设计高度有序的复合物作为功能材料提供了新视角。图1. 苏木素与鞣花酸CPs的结构与社会自分类复合物本研究首次将天然产物苏木素（HTL）作为配体用于设计氧电催化剂。HTL是一种从洋苏木树芯中提取的天然色素，通常与伊红一起用于组织切片染色。与常见的平面配体不同，HTL具有独特的折叠平面构型和富电子结构，这使其与Co2+配位后形成的聚合物Co-HTL展现出ORR本征活性。而鞣花酸(EA)是一种丰富的多酚，存在于石榴、草莓、覆盆子等水果中，价格仅为每公斤56美元。EA拥有一个中心对称的刚性分子结构，每一侧都有邻二酚结构单元，可以与金属阳离子配位形成稳定的结构。本研究创新性地利用两种天然产物的结构差异，实现了多层级的社会自分类过程。图2. Co-HTL@CNTs+Co-EA复合材料的结构表征第一级为分子层面的自分类：在DMF/水混合溶剂中，EA和HTL分别与Co2+配位，形成Co-EA和Co-HTL两种配位聚合物。粉末X射线衍射（PXRD）和红外光谱（FT-IR）证实，两种聚合物未形成任何杂配位物种。这种高保真识别源于EA的平面构型与HTL的折叠构型在空间和电子性质上的本质差异。第二级为聚合物层面的自分类：Co-EA通过氢键和π-π堆积自组装为二维纳米片； Co-HTL则凭借强烈的π-π相互作用，选择性缠绕在特定直径（10-20 nm） 的CNTs表面，形成同轴核壳结构。而20-30 nm和30-50 nm的CNTs并无明显的同轴结构。扫描电镜（SEM）和透射电镜（TEM）清晰呈现了这两种迥异的形貌。图3. Co-HTL和Co-HTL@CNTs的结构表征Co-HTL@CNTs同轴结构的形成，从多个层面提升了ORR性能：（1）有效抑制了Co-HTL的自团聚，暴露更多的活性位点，使电化学活性表面积从2.70 mF cm-2大幅提升至11.06 mF cm-2。（2）接触角从纯CNTs的131.4°降至114.7°，改善界面亲水性，促进了电解液对电极的浸润和氧气传质。（3）X射线光电子能谱（XPS）显示，Co 2p结合能发生0.5 eV的正移，表明电子从钴中心向CNTs转移。密度泛函理论（DFT）计算进一步证实，这种电子转移使钴的d带中心从-2.77 eV上移至-1.79 eV，更接近费米能级，从而优化了对氧中间体的吸附强度。最终，氧还原反应中关键步骤的能垒从1.03 eV降至0.72 eV。得益于上述协同效应，Co-HTL@CNTs的ORR半波电位达到0.81 V（vs. RHE），优于多数已报道的配位聚合物基催化剂。图4. Co-HTL@CNTs+Co-EA的双功能催化性能Co-HTL@CNTs+Co-EA复合材料展现出优异的双功能氧催化活性。在ORR上，Co-HTL@CNTs组分的半波电位为0.81 V（vs. RHE），Tafel斜率为74 mV dec-1，电子转移数约为3.87，表明反应以高效的4e⁻路径进行。同时，Co-EA在1 M KOH中展现出优异的OER活性，其过电位仅为190 mV，优于商业IrO2催化剂（297 mV）。将二者协同整合后，Co-HTL@CNTs+Co-EA复合材料的ORR半波电位为0.80 V（vs. RHE），OER起始电位为1.50 V（vs. RHE），双功能电位差ΔE低至0.70 V，显著优于商业Pt/C+IrO2基准组合的0.80 V。图5. Co-HTL@CNTs的机制分析将Co-HTL@CNTs+Co-EA作为空气阴极催化剂组装成锌-空气电池后，其综合性能令人瞩目：开路电压为1.41 V，优于Pt/C+IrO2基电池的1.31 V；比容量为792 mAh gZn-1，高于Pt/C+IrO2基电池的752 mAh gZn-1；峰值功率密度为142 mW cm-2，显著优于Pt/C+IrO2基电池；在5 mA cm-2条件下稳定运行300小时，充放电效率始终维持在60%以上，证明复合材料具备较高的循环稳定性；而Pt/C+IrO2基电池在80小时后即出现明显衰减。图6. Co-HTL@CNTs+Co-EA的ZABs性能综上所述，本研究从天然产物中发掘出苏木素和鞣花酸，通过多层级社会自分类策略，在一锅溶剂热合成法中实现了从分子识别到聚集组装。苏木素以其独特的折叠富电子结构，精准缠绕于碳纳米管表面形成同轴结构，大幅提升了ORR性能；鞣花酸则凭借平面构型自组装为纳米片，更利于OER性能。二者协同构筑出Co-HTL@CNTs+Co-EA复合材料，在双功能催化活性和锌-空气电池性能上双双超越贵金属基准。这项研究不仅为天然产物在可持续能源领域的应用开辟了新天地，也为功能复合材料的有序构筑提供了一种社会自分类的新策略。论文链接：https://onlinelibrary.wiley.com/doi/10.1002/smll.74866作者介绍向上滑动阅览王立为，天津科技大学化工与材料学院23级硕士生。曾参加中国国际大学生创新大赛获得天津市银奖，获得国家化学竞赛二等奖。师从李盛华副教授，目前以第一作者身份在Journal of Power Sources和Small上发表论文各一篇。相关进展天科大赵倩-李盛华课题组《Adv. Mater.》：激发依赖余辉复合材料开启6D动态加密新时代天科大赵倩-李盛华课题组 Small：基于电子结构调控的金属超分子双功能氧电催化剂天科大赵倩-李盛华课题组：基于原位聚合酒石酸的室温激光复写磷光材料天科大赵倩-李盛华课题组 Small：花灯烃基柔性传感器天津科技大学赵倩-李盛华课题组《Small》：花灯烃 - 一种新型的大环凝胶因子天津科技大学赵倩-李盛华课题组 Adv. Energy Mater.：基于天然产物配位聚合物的高效电解水析氧催化剂高分子科技原创文章。欢迎个人转发和分享，刊物或媒体如需转载，请联系邮箱：info@polymer.cn诚邀投稿欢迎专家学者提供稿件（论文、项目介绍、新技术、学术交流、单位新闻、参会信息、招聘招生等）至info@polymer.cn，并请注明详细联系信息。高分子科技®会及时推送，并同时发布在中国聚合物网上。欢迎加入微信群 为满足高分子产学研各界同仁的要求，陆续开通了包括高分子专家学者群在内的几十个专项交流群，也包括高分子产业技术、企业家、博士、研究生、媒体期刊会展协会等群，全覆盖高分子产业或领域。目前汇聚了国内外高校科研院所及企业研发中心的上万名顶尖的专家学者、技术人员及企业家。申请入群，请先加审核微信号PolymerChina（或长按下方二维码），并请一定注明：高分子+姓名+单位+职称（或学位）+领域（或行业），否则不予受理，资格经过审核后入相关专业群。点这里“阅读原文”，查看更多阅读原文为功能复合材料的有序构筑提供了一种社会自分类的新策略...",,,,pending
北大雷霆-张志/清华戴小川 Nat. Commun.：在高性能可植入生物信号放大器研究中取得重要进展,高分子科技,高分子科技,"RIOnews API, 聚合物新材料, 凝胶, 学术研究, 大学, 教授, 期刊",normal,2026-07-31T12:33:36+08:00,,"点击上方“蓝字” 一键订阅近日，北京大学材料科学与工程学院雷霆-张志团队与清华大学生物医学工程学院戴小川团队合作，在可植入生物信号放大器领域取得重要进展。研究团队提出了一种“材料匹配”策略，开发出高性能有机电化学晶体管（Organic Electrochemical Transistor, OECT）互补放大器，实现了微弱神经信号的体内高倍数、宽频率放大。相关研究成果以“High-gain and broadband in vivo amplifiers enabled by matched materials”为题发表于期刊《Nature Communications》。北京大学材料科学与工",http://mp.weixin.qq.com/s?__biz=MzA5NjUyNjc5Ng==&mid=2651656521&idx=3&sn=a18986bda1b0d844e3c89e4a857b7e6b,,"点击上方“蓝字” 一键订阅近日，北京大学材料科学与工程学院雷霆-张志团队与清华大学生物医学工程学院戴小川团队合作，在可植入生物信号放大器领域取得重要进展。研究团队提出了一种“材料匹配”策略，开发出高性能有机电化学晶体管（Organic Electrochemical Transistor, OECT）互补放大器，实现了微弱神经信号的体内高倍数、宽频率放大。相关研究成果以“High-gain and broadband in vivo amplifiers enabled by matched materials”为题发表于期刊《Nature Communications》。北京大学材料科学与工","点击上方“蓝字” 一键订阅近日，北京大学材料科学与工程学院雷霆-张志团队与清华大学生物医学工程学院戴小川团队合作，在可植入生物信号放大器领域取得重要进展。研究团队提出了一种“材料匹配”策略，开发出高性能有机电化学晶体管（Organic Electrochemical Transistor, OECT）互补放大器，实现了微弱神经信号的体内高倍数、宽频率放大。相关研究成果以“High-gain and broadband in vivo amplifiers enabled by matched materials”为题发表于期刊《Nature Communications》。北京大学材料科学与工程学院博士研究生郑宇婷、李棋为论文共同第一作者，清华大学戴晓川教授、北京大学雷霆教授和张志副研究员为共同通讯作者。脑电等电生理信号通常具有幅值微弱、易受噪声干扰等特点，传统信号采集系统依赖外部放大电路，不仅增加系统复杂度，也限制了器件的小型化和长期植入应用。因此，在传感界面实现原位信号放大成为提升生物电子性能的重要方向。OECT因兼具低工作电压、高效离子-电子耦合能力和良好的生物相容性，被认为是构建下一代植入式生物电子器件的重要平台。然而，现有OECT放大电路的性能受制于p型与n型材料性能的不匹配，尤其是n型材料普遍存在阈值电压高、响应速度慢等问题，导致互补型OECT放大器难以同时获得高增益、低功耗和宽带宽性能。针对上述挑战，研究团队提出了“材料—器件—电路协同优化”的设计理念，突破传统单一材料性能优化模式，通过构建性能匹配的p/n型半导体材料体系，实现互补OECT放大器整体性能的提升，为高性能植入式生物电子系统的发展提供了新的设计策略（图1）。图1 本研究中高性能OECT放大器的设计理念研究团队设计并合成了高性能n型共轭聚合物P(lgFTDPP-2FT)。通过氟原子调控分子堆积和能级结构，显著提升电子传输性能。基于该材料构筑的n型OECT器件表现出优异的综合性能，兼具高品质因子（186.9 F cm−1 V−1 s−1），低阈值电压（0.32 V），高迁移率（~1.74 cm2 V−1 s−1）和快速响应速度（τon/τoff为319/56 μs）。进一步结合性能匹配的p型聚合物P(lgTDPP-MeOT2)，研究团队构筑了互补型OECT放大器。得益于材料的优异性能、器件性能的优化和电流匹配的电路设计策略，该放大器在0.6 V工作电压下实现高达891 V V−1的电压增益，实现截止频率超过600 Hz的显著提升；并在0.2 V低工作电压下实现0.57 nW的超低功耗（图2）。图2 本研究设计的n型材料及互补放大器的性能研究团队进一步构建了柔性OECT放大器，并进行小鼠体内脑皮层电信号（Electrocorticographic, ECoG）的记录。结果显示，该放大器能够实现小鼠局部场电位的原位放大，信号质量相比传统电极显著提升，信噪比达到33.6 dB。同时，器件展现出良好的细胞相容性和组织界面稳定性，为长期植入生物电子提供了重要基础。该研究建立了一套从分子设计、材料匹配到器件电路优化的系统性策略，揭示了材料性能匹配对互补型OECT放大器性能的关键作用，为构建高性能、低功耗、高集成度的植入式生物电子系统提供了新的设计思路。图3. 本研究放大器的频率响应及体内外放大特性该研究得到国家重点研发计划、国家自然科学基金、北京市自然科学基金等项目支持。论文链接：https://www.nature.com/articles/s41467-026-75627-z 相关进展北大雷霆-张志团队 AFM 综述：生物相容性共轭聚合物北京大学雷霆课题组诚聘博士后/科研助理 - 化学合成、柔性电子、生物医学工程、脑机接口等北京大学雷霆教授团队 Nature：N型热电弹性体北大雷霆教授课题组诚聘博士后、科研助理 - 生物医学工程、生物电子北京大学雷霆课题组 Science：首次实现高电学性能半导体水凝胶北京大学雷霆团队 Sci. Adv.：高电学性能的超韧有机半导体纤维的连续制备北京大学雷霆课题组 Adv. Mater.：超稳定n型半导体纤维有机电化学晶体管与高灵敏度生物传感器北大雷霆课题组诚聘博士后和科研助理 - 材料、化学、物理或微电子（有机和高分子合成、微纳器件加工、生物医学工程和生物电子优先）北大雷霆课题组《Nat. Commun.》：提出“掺杂态调控”实现有机电化学晶体管性能突破北大雷霆课题组《Nat. Commun.》：在共轭高分子材料中实现不同高自旋基态北京大学雷霆课题组Angew：共轭聚合物溶液聚集动力学控制助力实现高效n型掺杂北京大学雷霆课题组在高分子热电材料研究中取得新进展 高分子科技原创文章。欢迎个人转发和分享，刊物或媒体如需转载，请联系邮箱：info@polymer.cn诚邀投稿欢迎专家学者提供稿件（论文、项目介绍、新技术、学术交流、单位新闻、参会信息、招聘招生等）至info@polymer.cn，并请注明详细联系信息。高分子科技®会及时推送，并同时发布在中国聚合物网上。欢迎加入微信群 为满足高分子产学研各界同仁的要求，陆续开通了包括高分子专家学者群在内的几十个专项交流群，也包括高分子产业技术、企业家、博士、研究生、媒体期刊会展协会等群，全覆盖高分子产业或领域。目前汇聚了国内外高校科研院所及企业研发中心的上万名顶尖的专家学者、技术人员及企业家。申请入群，请先加审核微信号PolymerChina（或长按下方二维码），并请一定注明：高分子+姓名+单位+职称（或学位）+领域（或行业），否则不予受理，资格经过审核后入相关专业群。点这里“阅读原文”，查看更多阅读原文提出一种“材料匹配”策略，开发出高性能有机电化学晶体管互补放大器...",,,,pending
吉林大学孙俊奇教授团队 Adv. Mater.：“双相分离纳米结构”策略破解弹性体强度-模量-弹性协同提升难题,高分子科技,高分子科技,"RIOnews API, 聚合物新材料, 凝胶, 电池, 热固, 学术研究, 大学, 教授, 期刊",normal,2026-07-31T12:33:36+08:00,,点击上方“蓝字” 一键订阅弹性体具有优异的可逆变形能力，广泛应用于柔性器件、密封材料和可穿戴设备等领域发挥着重要作用。随着航空航天、智能制造和先进工程技术的快速发展，人们对弹性体材料的力学性能提出了更高要求。理想的高性能弹性体不仅需要具备较高的强度和模量以承受外部载荷并维持结构稳定，同时还需要保持良好的弹性恢复能力，以适应长期、反复的形变。然而，在同一种弹性体中同时实现高强度、高模量和优异弹性仍然是高分子材料领域面临的重要挑战。传统增强策略通常通过提高聚合物网络的交联密度或引入刚性结构单元来提升材料的强度和模量，但过高的交联密度会限制分子链运动，削弱网络的可逆变形能力，使材料逐渐趋向塑性并损害,http://mp.weixin.qq.com/s?__biz=MzA5NjUyNjc5Ng==&mid=2651656521&idx=6&sn=b5f45892f55823276411a746971ebd35,,点击上方“蓝字” 一键订阅弹性体具有优异的可逆变形能力，广泛应用于柔性器件、密封材料和可穿戴设备等领域发挥着重要作用。随着航空航天、智能制造和先进工程技术的快速发展，人们对弹性体材料的力学性能提出了更高要求。理想的高性能弹性体不仅需要具备较高的强度和模量以承受外部载荷并维持结构稳定，同时还需要保持良好的弹性恢复能力，以适应长期、反复的形变。然而，在同一种弹性体中同时实现高强度、高模量和优异弹性仍然是高分子材料领域面临的重要挑战。传统增强策略通常通过提高聚合物网络的交联密度或引入刚性结构单元来提升材料的强度和模量，但过高的交联密度会限制分子链运动，削弱网络的可逆变形能力，使材料逐渐趋向塑性并损害,点击上方“蓝字” 一键订阅弹性体具有优异的可逆变形能力，广泛应用于柔性器件、密封材料和可穿戴设备等领域发挥着重要作用。随着航空航天、智能制造和先进工程技术的快速发展，人们对弹性体材料的力学性能提出了更高要求。理想的高性能弹性体不仅需要具备较高的强度和模量以承受外部载荷并维持结构稳定，同时还需要保持良好的弹性恢复能力，以适应长期、反复的形变。然而，在同一种弹性体中同时实现高强度、高模量和优异弹性仍然是高分子材料领域面临的重要挑战。传统增强策略通常通过提高聚合物网络的交联密度或引入刚性结构单元来提升材料的强度和模量，但过高的交联密度会限制分子链运动，削弱网络的可逆变形能力，使材料逐渐趋向塑性并损害弹性恢复性能。相反，优异的弹性通常依赖于较低的交联密度和较高的链段自由运动能力，这又不可避免地导致材料力学强度的下降。因此，强度-模量-弹性之间的内在矛盾已成为限制高性能弹性体发展的关键瓶颈。近年来，研究者通过在弹性体内部原位构筑相分离纳米结构域，显著改善了材料的力学性能。但该方法仍难以从根本上突破强度、模量与弹性之间的内在制约。与此同时，可持续发展需求的不断提升进一步增加了弹性体设计的复杂性。因此，开发兼具高强度、高模量和优异弹性的可循环利用高性能弹性体充满巨大挑战。图1.基于双相分离纳米结构策略构筑的兼具超高拉伸强度、高杨氏模量以及优异弹性恢复能力的可逆交联聚（氨酯-脲）弹性体。针对上述挑战，孙俊奇教授团队提出了一种基于双相分离纳米结构制备高性能弹性体的有效设计策略。2026年7月12日，相关研究成果以Resolving the Strength-Modulus-Elasticity Tradeoff in Elastomers Using Dual Phase-Separated Nanodomains为题发表在《Advanced Materials》上。吉林大学超分子结构与材料全国重点实验室的孙俊奇教授为本文通讯作者，博士研究生魏翔为本文第一作者。作者通过将刚性的芳香族聚脲（AP）链段与富含酰胺脲（ASC）基团的柔性聚（氨酯-脲）链段进行共聚，构筑了高性能可逆交联弹性体PUU（图1）。该PUU弹性体的拉伸强度高达104.6 MPa，杨氏模量高达43.1 MPa，韧性高达350.2 MJ m-3。室温下600%应变内的拉伸可完全回弹。此外，该弹性体还表现出优异的抗穿刺性能，穿刺能高达1484.9 mJ mm-1。作者通过小角X射线散射（SAXS）和透射电子显微镜（TEM）对PUU弹性体的内部结构进行了详细研究。研究结果表明PUU弹性体中形成了两种相分离纳米结构，分别是尺寸较大的刚性AP链段堆积形成的刚性纳米相区和尺寸较小的由氢键阵列与疏水性二环己基甲烷结构单元堆积形成的纳米相区。大尺寸刚性纳米相区作为增强型纳米填料，显著提高了PUU弹性体的强度和模量。小尺寸氢键交联的纳米相区通过将分散状态的氢键转化为空间受限的氢键纳米结构，有效降低了体系的交联密度，从而抑制过度的能量耗散，使得PUU弹性体表现出优异的弹性恢复能力。同时，氢键交联的纳米相区作为额外的纳米填料进一步增强了PUU弹性体的力学性能。因此，两种相分离纳米结构之间的协同增强作用使PUU弹性体同时具备高强度、高模量与优异的弹性。为了进一步阐明双相分离纳米结构域在赋予PUU弹性体优异的综合力学性能中的重要贡献，作者采用与PUU弹性体相同的制备方法合成了两种单一纳米结构结构增强的对照样品：PUU-ASC和PUU-AP。其中，PUU-ASC中仅有由ASC衍生氢键阵列与疏水性二环己基甲烷结构单元形成的氢键纳米相区，表现出较低的强度和模量和优异的弹性恢复能力，PUU-AP中仅有刚性AP链段堆积形成的刚性纳米结构，因此获得了更高的强度和模量，但其弹性恢复性能受到明显削弱。然而，二者的强度和模量均低于具有双相分离纳米结构域的PUU弹性体。这些结果充分证明，双相分离纳米结构域的协同增强作用是实现PUU弹性体兼具高强度、高模量与优异弹性恢复能力的关键。在PUU弹性体中，原位形成的刚性疏水AP纳米相区，以及由ASC衍生氢键阵列与疏水性二环己基甲烷结构单元共同形成的氢键纳米相区，能够将动态氢键限制在高度致密且疏水的微环境中，从而有效抑制水分子对氢键网络的破坏，赋予材料优异的耐水稳定性。PUU弹性体在水、强酸和强碱溶液中浸泡72 h后，仍能保持原有形貌和透明性；经干燥处理后，其力学性能几乎完全恢复，展现出良好的环境稳定性。此外，得益于氢键的动态可逆特性，PUU弹性体还表现出优异的自修复能力和可再加工性能。经过修复或多次热压加工后，材料仍能够保持与初始样品相近的力学性能。高强度和优异抗撕裂性能的碳纤维增强复合材料（CFRCs）在个人防护装备、耐损伤结构材料等领域具有重要应用价值，尤其适用于需要抵抗裂纹扩展并保障长期安全可靠性的工程场景。利用PUU弹性体兼具高强度、高模量以及高效能量耗散能力的特点，将其作为高性能粘结基体制备了超强抗撕裂碳纤维增强聚合物复合材料。所得的复合材料表现出优异的界面结合能力和裂纹扩展抵抗能力，其断裂能最高达到2059 kJ m-2，创下单层碳纤维增强复合材料报道中的最高水平。综上所述，该研究提出的该双相分离纳米结构设计策略可以有效突破传统弹性体中强度-模量-弹性之间的内在矛盾，为开发兼具高力学性能、长期可靠性和循环利用能力的高性能弹性体材料提供了新的结构设计思路。相关研究受到了国家自然科学基金原创探索计划项目、教育部基础学科和交叉学科突破计划以及吉林省科技发展计划的支持。论文链接：https://advanced.onlinelibrary.wiley.com/doi/10.1002/adma.74001来源：吉林大学相关进展吉林大学孙俊奇教授、李懿轩副教授团队 AFM: 基于二茂铁构象转变构筑低滞后、高强度与高韧性无液体离子导体吉大孙俊奇、李懿轩团队 Carbohyd. Polym.：用于无害化处理柔性印刷电路板的高稳定性、可循环与可降解的可逆交联水塑料吉林大学孙俊奇教授团队《Acc. Chem. Res.》：可逆交联聚合物吉林大学孙俊奇教授课题组《Adv. Funct. Mater.》：具有高拉伸稳定性与室温自修复能力的完全可回收全固态超级电容器吉林大学孙俊奇教授课题组 NSR：基于强韧且可变形的纳米相区制备超高强度和超高韧性的可逆交联塑料吉林大学孙俊奇教授课题组《Adv. Mater.》：具有超高水下粘合强度的可按需擦除两栖粘合剂吉林大学孙俊奇教授课题组《Adv. Mater.》:可在极寒环境中保持超高强度与韧性和优异抗冲击性能的可逆交联聚氨酯-脲塑料吉林大学孙俊奇教授、王晓晗助理教授团队：具有创纪录耐损伤能力的可循环利用高性能弹性体吸能纤维吉大孙俊奇教授团队 Macromolecules：基于“刚柔相济”微相分离结构设计制备兼具耐低温与耐高温性能的高强度热塑性弹性体吉林大学孙俊奇教授课题组《Adv. Mater.》：具有创记录抗撕裂能力的可回收柔性碳纤维/可逆交联弹性体复合材料吉林大学孙俊奇教授课题组 Angew：高强度碳纤维/热固性树脂复合材料升级回收为高性能弹性体和可再利用碳纤维吉林大学孙俊奇团队：基于双纳米填料协同增强策略制备超高强度的可逆交联聚合物吉林大学孙俊奇教授团队《Adv. Mater.》：强度媲美特种工程塑料的可修复和可回收利用弹性体材料吉林大学孙俊奇教授团队 AFM: 基于动态交联策略制备高强度、可多次加工和可降解的生物基超分子塑料吉林大学孙俊奇教授团队 ACS Mater. Lett.：可在土壤中降解、海水中快速分解的高强度、耐水性超分子塑料吉林大学孙俊奇教授团队《Macromolecules》: 可在温和条件下实现低能耗、高效闭环回收的高强度超分子塑料吉大孙俊奇教授Macromolecules：具有卓越应变自适应硬化和抗撕裂能力的类皮肤自修复导电弹性体吉林大学孙俊奇教授 ACS Mater. Lett.：聚乙烯醇/聚丙烯酸复合物超强水性粘合剂吉大孙俊奇教授ACS Appl. Mater. Interfaces：具有自修复性能和高离子导电率的锂离子电池凝胶电解质吉林大学孙俊奇教授团队：基于聚乙烯醇的高强度可修复超分子形状记忆塑料吉林大学孙俊奇教授课题组AM：水环境中具有高强度的可降解聚乙烯醇基超分子塑料吉林大学孙俊奇教授团队AM：兼具卓越抗撕裂能力、自修复与可循环利用性能的高强度聚氨酯弹性体吉林大学孙俊奇教授课题组特约专论：基于聚合物复合物的自修复与可修复聚合物材料吉林大学孙俊奇教授课题组在基于聚合物水凝胶的自修复、抗疲劳、防冻和高灵敏离子皮肤传感器方面取得新进展吉林大学孙俊奇教授课题组：聚电解质复合物纳米粒子增强增韧的高强度自修复与可循环利用水凝胶吉林大学沈家骢院士、张文科教授、孙俊奇教授新著新书 《超分子材料引论》出版吉林大学孙俊奇教授：聚合物薄膜宽且深的损伤的自修复吉林大学孙俊奇教授课题组：自修复质子交换膜延长甲醇燃料电池使用寿命的研究取得新成果 免责声明：部分资料来源于网络，转载的目的在于传递更多信息及分享，并不意味着赞同其观点或证实其真实性，也不构成其他建议。仅提供交流平台，不为其版权负责。如涉及侵权，请联系我们及时修改或删除。邮箱：info@polymer.cn诚邀投稿欢迎专家学者提供稿件（论文、项目介绍、新技术、学术交流、单位新闻、参会信息、招聘招生等）至info@polymer.cn，并请注明详细联系信息。高分子科技®会及时推送，并同时发布在中国聚合物网上。欢迎加入微信群 为满足高分子产学研各界同仁的要求，陆续开通了包括高分子专家学者群在内的几十个专项交流群，也包括高分子产业技术、企业家、博士、研究生、媒体期刊会展协会等群，全覆盖高分子产业或领域。目前汇聚了国内外高校科研院所及企业研发中心的上万名顶尖的专家学者、技术人员及企业家。申请入群，请先加审核微信号PolymerChina（或长按下方二维码），并请一定注明：高分子+姓名+单位+职称（或学位）+领域（或行业），否则不予受理，资格经过审核后入相关专业群。点这里“阅读原文”，查看更多阅读原文该设计策略有效突破传统弹性体中强度-模量-弹性之间的内在矛盾...,,,,pending
上海交通大学张照明/颜徐州团队 PNAS：基于机械立体化学的聚合物力学性能调控,高分子科技,高分子科技,"RIOnews API, 聚合物新材料, 凝胶, 粘结剂, 电池, 学术研究, 大学, 教授, 期刊",normal,2026-07-31T12:33:36+08:00,,点击上方“蓝字” 一键订阅立体化学关注分子中原子的三维空间排布，微小的构型差异往往会引起物质性能的显著变化。以聚异戊二烯为例，顺式聚异戊二烯构成的天然橡胶具有良好的弹性和延展性，而反式聚异戊二烯则表现出更高的刚性。二者化学组成相同，但因空间构型不同而表现出截然不同的力学特性。机械立体化学用于描述含机械键分子中各组分的空间排列特征。与传统立体化学相比，机械立体化学依托互锁拓扑赋予分子组分更大的运动自由度，为聚合物结构与性能调控提供了新的维度。然而，如何利用其独特的拓扑和动态特征调控聚合物力学性能，仍有待深入探索。图1. 力诱导机械立体异构化及其对材料力学性能的调控机制针对上述问题，上海交通大学化,http://mp.weixin.qq.com/s?__biz=MzA5NjUyNjc5Ng==&mid=2651656521&idx=1&sn=ce316c5432bbb14fffc880d85984c94b,,点击上方“蓝字” 一键订阅立体化学关注分子中原子的三维空间排布，微小的构型差异往往会引起物质性能的显著变化。以聚异戊二烯为例，顺式聚异戊二烯构成的天然橡胶具有良好的弹性和延展性，而反式聚异戊二烯则表现出更高的刚性。二者化学组成相同，但因空间构型不同而表现出截然不同的力学特性。机械立体化学用于描述含机械键分子中各组分的空间排列特征。与传统立体化学相比，机械立体化学依托互锁拓扑赋予分子组分更大的运动自由度，为聚合物结构与性能调控提供了新的维度。然而，如何利用其独特的拓扑和动态特征调控聚合物力学性能，仍有待深入探索。图1. 力诱导机械立体异构化及其对材料力学性能的调控机制针对上述问题，上海交通大学化,点击上方“蓝字” 一键订阅立体化学关注分子中原子的三维空间排布，微小的构型差异往往会引起物质性能的显著变化。以聚异戊二烯为例，顺式聚异戊二烯构成的天然橡胶具有良好的弹性和延展性，而反式聚异戊二烯则表现出更高的刚性。二者化学组成相同，但因空间构型不同而表现出截然不同的力学特性。机械立体化学用于描述含机械键分子中各组分的空间排列特征。与传统立体化学相比，机械立体化学依托互锁拓扑赋予分子组分更大的运动自由度，为聚合物结构与性能调控提供了新的维度。然而，如何利用其独特的拓扑和动态特征调控聚合物力学性能，仍有待深入探索。图1. 力诱导机械立体异构化及其对材料力学性能的调控机制针对上述问题，上海交通大学化学化工学院张照明/颜徐州团队将机械立体化学拓展至聚合物体系，设计并构筑了两种含[c2]雏菊链单元的机械互锁网络MIN-1和MIN-2（图1）。研究团队分别通过轴和冠醚组分将[c2]雏菊链单元接入聚合物网络，使外力沿不同路径传递，并由此诱导两种不同的分子内运动和机械立体异构体：MIN-1中的雏菊链单元在受力后逐渐收紧，形成类似“渔夫结”的结构；MIN-2中的单元则在受力后伸展，形成环状结构。两种材料在未拉伸或小应变条件下具有相近的力学性能，但在大形变下表现出显著差异。其中，形成环状结构的MIN-2在大应变剪切测试中表现出更低的模量，在拉伸过程中也呈现出较弱的应变硬化行为。该模型体系为深入解析机械键的构效关系、揭示机械立体化学对聚合物力学性能的调控规律提供了理想平台，也为高性能聚合物材料的分子设计提供了新思路。2026年7月24日，相关研究成果以“Mechanostereochemical Modulation of Polymer Mechanical Properties”为题发表在近期的《Proc. Natl. Acad. Sci. USA》杂志上（DOI: 10.1073/pnas.2607437123）。上海交通大学博士生丁溢和尤伟副研究员是该论文的共同第一作者，颜徐州研究员和张照明副研究员为共同通讯作者。图2. 两种具有不同机械立体异构响应的机械互锁雏菊链网络的基本物理性质为避免两种网络中机械键滑动行为的差异干扰材料性能比较，作者将两类[c2]雏菊链单元的滑动距离设计为相同，使其运动过程及相关能量耗散效应尽可能保持一致（图2A）。溶胀、差示扫描量热及流变测试表明，MIN-1和MIN-2具有相近的平衡溶胀比、玻璃化转变温度和平台模量，说明两种网络的交联密度及其在未受力状态下的基本物理性质高度相似（图2B-F）。这些结果有效排除了初始网络结构和机械键运动差异的干扰，为进一步揭示力诱导机械立体异构结构对材料力学性能的调控作用奠定了基础。图3. 力诱导机械立体异构结构的几何构型及其对网络黏弹性能的影响作者进一步通过应变扫描及恒定应变速率幅值下的变频流变测试，系统分析了力诱导机械立体异构结构的形成及其对网络力学性能的影响。应变扫描结果表明，在小应变范围内，MIN-1与MIN-2的储能模量差异基本保持稳定，说明此时网络结构没有发生明显变化。随着应变增大，MIN-1中更多[c2]雏菊链单元发生滑移并释放隐藏链长，其模量下降更快，两种材料之间的模量差异随之减小。当应变进一步增大至100%以上时，网络中机械键运动逐渐达到平衡，两种材料的模量差异再次增大，其中MIN-1的储能模量明显高于MIN-2，表明力诱导形成的不同机械立体异构结构对材料的大应变力学响应产生了显著影响（图3B）。结合网络结构模型，MIN-1中的雏菊链单元受力后形成类似“渔夫结”的结构，而MIN-2则形成环状结构（图3A）。环状结构会增加网络的有效幻影链长度，减少具有弹性贡献的有效链段，从而使MIN-2表现出更低的模量。进一步通过恒定应变速率幅值下的变频流变测试，作者对两种网络中的弹性功和黏性耗散进行了定量分析。结果显示，两种材料的黏性耗散随应变变化的趋势总体相近，但其弹性响应在大应变区域呈现出明显差异：MIN-1的弹性功持续增加，而MIN-2在较高应变下逐渐趋于平缓，甚至略有下降（图3C-E）。这些结果共同表明，MIN-1和MIN-2在大应变下分别形成“结状”和“环状”机械立体异构结构，并由此赋予两种网络显著不同的弹性行为。图4. 力诱导机械立体异构化对网络宏观拉伸性能的调控为进一步揭示机械立体异构结构对材料宏观力学性能的影响，作者对MIN-1和MIN-2进行了不同应变下的循环拉伸测试。两种材料均表现出明显的应力滞后，表明主客体相互作用的解离及雏菊链的分子内运动能够有效耗散外界输入能量（图4A、B）。相比之下，MIN-1在整个应变范围内均呈现出更大的滞后环和更高的阻尼能力（图4C），说明其[c2]雏菊链单元在外力作用下更易被激活，也反映出两种网络在循环拉伸过程中的动态力学响应存在明显差异。单轴拉伸结果进一步揭示了两种机械立体异构结构在大应变下对网络力学性能的不同调控作用。两种材料在中等应变范围内的应力-应变曲线基本平行；当应变超过约250%后，MIN-1的应力迅速上升，表现出显著的应变硬化，而MIN-2则保持较为平缓的增长趋势，未出现明显的硬化行为（图4D）。为进一步解析这一差异，作者采用Mooney-Rivlin方程对拉伸数据进行了拟合分析。结果表明，聚合物链的有限伸展与[c2]雏菊链单元受力收紧形成的“结状”结构共同促使MIN-1在大应变下产生显著的应变硬化；相比之下，MIN-2中形成的环状结构增加了有效幻影链长度，并减少了弹性有效链段的数量，从而降低了网络的强度（图4E）。与此同时，环状结构也提高了网络的延展性，使MIN-2具有更高的断裂伸长率，但较低的强度使其整体韧性仍低于MIN-1（图4F）。这些结果表明，不同机械立体异构结构能够对网络的应变硬化、延展性和韧性产生差异化调控，为聚合物宏观力学性能的精准调节提供了新的动态结构策略。总体而言，张照明/颜徐州团队的工作成功将机械立体化学概念拓展至聚合物体系，建立了机械立体化学调控聚合物性能的新机制，并揭示了分子尺度构型演化与宏观力学响应之间的内在联系。对该体系构效关系的深入解析，不仅深化了对机械键作用方式及机械立体化学调控规律的认识，也为兼具动态适应性与优异力学性能的高性能聚合物材料设计提供了新思路。本研究工作得到了国家自然科学基金（22525106，22471164，52421006，52333001，22475128，22401185，52403162）、上海市科技重大专项和中国博士后科学基金（2024M761942，GZC20231567）的资助。原文链接：https://doi.org/10.1073/pnas.2607437123相关进展上海交通大学张照明/颜徐州团队 Adv. Mater.：受红细胞骨架启发的机械互锁索烃聚合物网络上海交大颜徐州、张照明/西安交大白瑞雪 Angew：生物基共价自适应寡聚轮烷网络上海交大颜徐州团队 Macromolecules 综述：分子动力学理解机械互锁聚合物上海交大梁正/颜徐州/岳昕阳 JACS：一种变革性的分子肌肉固态电解质上海交大张照明/颜徐州团队 Macromolecules：正交且协同的超分子作用助力提升材料性能上海交通大学张照明/颜徐州团队 Angew：分子拓扑“微调”控制网络能量耗散路径上海交通大学颜徐州团队 Angew：协同的共价-机械互锁聚合物上海交大颜徐州/俞炜课题组 Angew：I-B型主链聚轮烷网络上海交大颜徐州、东华大学朱美芳院士/成艳华 JACS：分子编织聚合物气凝胶上海交大颜徐州、张智涛团队 Sci. Adv.：可拉伸的[2]轮烷桥连MXene薄膜及其在电致发光器件中的应用上海交大俞炜教授/颜徐州研究员 Angew: 互锁结构赋予机械互锁网络优异力学性能的分子机制研究上海交大梁正/颜徐州 JACS：超耐用且快释放的超分子粘结剂用于高性能、可持续硅基负极上海交大梁正、颜徐州 PNAS：高性能锂金属电池隔膜电子云设计最新成果上海交大颜徐州、姜学松团队合作《Nat. Commun.》：机械互锁聚合物褶皱调控新机制上海交通大学颜徐州课题组本科生 Angew：探究动态高分子中交联模式与机械性能的内在关系上海交大颜徐州课题组 Angew：微观形貌与机械性能可调的机械互锁气凝胶上海交大颜徐州课题组 CCS Chem.综述：双重动态键对聚合物网络松弛的协同加速上海交大颜徐州课题组《Chem》：简易高效制备机械互锁[an]雏菊链网络上海交大颜徐州课题组 Angew：基于穴醚主客体交联构筑高强高韧的超分子聚合物网络上海交大颜徐州课题组 JACS：解析[c2]雏菊链的微观运动与其机械互锁聚合物宏观机械性能间的内在关联上海交大颜徐州课题组《Nat. Commun.》：机械互锁聚合物网络中高密度[2]轮烷微观运动的集成放大上海交大颜徐州课题组 JACS：具有密集轮烷骨架的机械互锁气凝胶上海交大颜徐州课题组《Nat. Commun.》：分子项链交联的机械互锁聚合物上海交大颜徐州研究员 JACS：机械互锁类玻璃聚合物网络上海交通大学颜徐州研究员/俞炜教授/谷国迎教授JACS：冲击防护超分子聚合物材料上海交通大学颜徐州课题组：协同的共价-超分子聚合物上海交大颜徐州研究员和斯坦福大学鲍哲南教授团队合作综述：基于超分子聚合物材料电子皮肤的研究进展 高分子科技原创文章。欢迎个人转发和分享，刊物或媒体如需转载，请联系邮箱：info@polymer.cn诚邀投稿欢迎专家学者提供稿件（论文、项目介绍、新技术、学术交流、单位新闻、参会信息、招聘招生等）至info@polymer.cn，并请注明详细联系信息。高分子科技®会及时推送，并同时发布在中国聚合物网上。欢迎加入微信群 为满足高分子产学研各界同仁的要求，陆续开通了包括高分子专家学者群在内的几十个专项交流群，也包括高分子产业技术、企业家、博士、研究生、媒体期刊会展协会等群，全覆盖高分子产业或领域。目前汇聚了国内外高校科研院所及企业研发中心的上万名顶尖的专家学者、技术人员及企业家。申请入群，请先加审核微信号PolymerChina（或长按下方二维码），并请一定注明：高分子+姓名+单位+职称（或学位）+领域（或行业），否则不予受理，资格经过审核后入相关专业群。点这里“阅读原文”，查看更多阅读原文揭示机械立体化学对聚合物力学性能的调控规律提供了理想平台...,,,,pending
中山大学石毅教授、陈永明教授团队 Macromolecules：实现单分散星形聚合物的快速和高效合成,高分子科技,高分子科技,"RIOnews API, 聚合物新材料, 凝胶, 离子聚合物, 学术研究, 大学, 教授, 期刊",normal,2026-07-31T12:33:36+08:00,,点击上方“蓝字” 一键订阅星形聚合物（Star polymers）是一类由多条线性聚合物链通过化学键连接至同一中心核所形成的非线形支化聚合物。其独特的三维球状结构赋予其较低的溶液黏度和较高的官能度，因而易于进行后修饰，在药物递送、纳米技术和新型材料开发等领域展现出广阔的应用前景。近年来，随着生命科学和先进材料相关领域的持续发展，为了避免多分散性和链结构异质性带来的性能和应用的不确定性，对结构明确、具有单分散性的高分子材料的需求日益增加。目前，尽管研究者已大量报道线形单分散聚合物的合成方法及其应用，但由于聚合方法和反应效率的限制，制备具有高度支化拓扑结构的单分散聚合物仍是一项极具挑战性的工作。鉴,http://mp.weixin.qq.com/s?__biz=MzA5NjUyNjc5Ng==&mid=2651656521&idx=4&sn=910bf5000d3415db12a41e14594285e0,,点击上方“蓝字” 一键订阅星形聚合物（Star polymers）是一类由多条线性聚合物链通过化学键连接至同一中心核所形成的非线形支化聚合物。其独特的三维球状结构赋予其较低的溶液黏度和较高的官能度，因而易于进行后修饰，在药物递送、纳米技术和新型材料开发等领域展现出广阔的应用前景。近年来，随着生命科学和先进材料相关领域的持续发展，为了避免多分散性和链结构异质性带来的性能和应用的不确定性，对结构明确、具有单分散性的高分子材料的需求日益增加。目前，尽管研究者已大量报道线形单分散聚合物的合成方法及其应用，但由于聚合方法和反应效率的限制，制备具有高度支化拓扑结构的单分散聚合物仍是一项极具挑战性的工作。鉴,"点击上方“蓝字” 一键订阅星形聚合物（Star polymers）是一类由多条线性聚合物链通过化学键连接至同一中心核所形成的非线形支化聚合物。其独特的三维球状结构赋予其较低的溶液黏度和较高的官能度，因而易于进行后修饰，在药物递送、纳米技术和新型材料开发等领域展现出广阔的应用前景。近年来，随着生命科学和先进材料相关领域的持续发展，为了避免多分散性和链结构异质性带来的性能和应用的不确定性，对结构明确、具有单分散性的高分子材料的需求日益增加。目前，尽管研究者已大量报道线形单分散聚合物的合成方法及其应用，但由于聚合方法和反应效率的限制，制备具有高度支化拓扑结构的单分散聚合物仍是一项极具挑战性的工作。鉴于此，中山大学材料科学与工程学院石毅教授、陈永明教授团队，基于课题组前期发展的具有反应增强中间体活性（Reaction Enhanced Reactivity of Intermediates, RERI）机制的铜催化叠氮-炔基环加成（CuAAC）点击反应，并结合迭代指数增长（Iterative Exponential Growth, IEG）技术，提出了一种合成结构精确单分散星形聚合物的新方法。如图1所示，首先采用发散法与IEG技术，分别合成了叠氮基团数目精确可控的树枝状核心C-nN₃（n = 3、6、9、18、27），以及具有不同聚合度的炔端基离散左旋/右旋聚乳酸ay-P(D/L)LAₙ（n = 8、16、32）。随后，通过CuBr/Me6TREN催化的具有RERI效应的CuAAC点击反应，即可高产率（95%）制备出臂数、臂长及立体构型均可定制的离散星形聚合物。此外，通过对核和臂分子结构的设计，还可进一步构建具有两亲性的离散核-壳结构以及Janus结构的星形聚合物。相关成果以“Discrete Star Polymers with Tailored Architectures and Stereoregularity”为题发表在 Macromolecules 上。中山大学材料科学与工程学院博士研究生游世超为该论文第一作者，中山大学石毅教授和河南大学陈永明教授为通讯作者。图1. 离散星形聚合物的合成路线图示意图首先，通过模型反应证明了CuBr/Me6TREN催化的具有RERI效应的CuAAC点击反应的高效性。作者合成了两种核分子，C-9N3和C'9N3，其中C-9N3由于其相邻的1,3-三叠氮结构具有RERI效应而C'9N3则不具有RERI效应,如图2a和d所示。两种CuAAC点击反应采用相同的投料比[ayPLLA16] : [-N3 in core] : [CuBr] : [Me6TREN] = 1.2 : 1 : 0.25 : 2，ayPLLA16的浓度为50 mM/L。当使用具有RERI效应的C9N3为核时，反应在1小时内定量转化，表明接枝反应的快速与高效（图2bc）。值得注意的是，该反应经历了明确的中间体阶段，主要以3臂和6臂中间产物为主，这些中间体在1小时内完全转化为9臂产物。这种反应方式显著简化了纯化过程，只需通过分级沉淀除去未反应的臂。相反，当使用C'9N3为核时，CuAAC反应在1小时后，生成4至9臂产物的混合物，即使进一步延长反应时间至4小时，仍存在7至9臂的产物，使纯化变得复杂（图2ef）。这些结果表明，CuBr/Me6TREN催化的具有RERI效应的CuAAC点击反应在离散星形聚合物的合成中具有显著优势。图2. a, d) 不同星形聚合物的合成路线；b, e) 在投料比 [ayPLLA16]:[-N3 in core]=1.2:1、[ayPLLA16]= 50 mM 的条件下，C9N3 或 C'9N3与 ayPLLA16 在不同反应时间的 SEC 曲线；c, f) 相应的 MALDITOF 质谱图。通过上述高效点击策略，作者成功合成了系列具有不同臂数、臂长及立构规整性的离散星形聚乳酸star-(P(D/L)LAₙ)ₘ（其中n代表PLA的聚合度，m代表臂数），其中，臂数可精确调控至27条，臂长可达32个乳酸单元，摩尔质量最高可达70972.3 Da，如图3a-d所示。这些具有精确离散结构的星形聚合物为研究拓扑结构和立体异构对聚合物物理性能的影响提供了理想平台。例如，与离散线形对应物PLLA48相比，具有相近摩尔质量的star-(PLLA16)3变为非晶态聚合物，且玻璃化转变温度（Tg）降至38.4 °C，这是因为支化结构显著增加了链末端的数量。当进一步增加star-(PLLA16)ₙ的臂数时，star-(PLLA16)9的Tg升高至43.7 °C（图3e）。该升高可归因于星形聚合物摩尔质量从4290.5 Da增加至13182.7 Da，分子量增大限制了链段运动。然而，当臂数进一步增加至27时，尽管摩尔质量增至39859.2 Da，star-(PLLA16)27的Tg却略微下降至42.2 °C。这可能是由于臂数和端基数量的大幅增加提高了自由体积，从而部分抵消了分子量增大的影响，二者存在竞争关系。随着臂的DP增加，star-(PLLA32)9和star-(PLLA32)19均转变为半结晶聚合物，表明离散星形PLLA的结晶性本质上弱于其线性对应物，且需要足够的臂长才能进行结晶。此外，在臂长一致的前提下，结晶度随臂数的增加而相应降低（图3f）。同时，作者还研究了立体异构对星形聚合物热性能的影响，结果表明，star-(PDLA16)9和star-(PLLA16)9的Tg分别为47.0 °C和43.7 °C，均高于star-(PDLLA16)9的34.9 °C，这与它们的线形对应物中观察到的趋势一致。图 3 af)不同臂长、臂数和立构规整性的星形聚合物star(PLLAn)m的SEC曲线, MALDITOF MS谱图和DSC曲线。此外，作者还通过核和臂的分子设计，成功合成了一系列具有核-壳和Janus结构的功能性星形离散聚合物Star-(PLLA-b-PEG)和Star-(PEG/PLA)（图4、图5），进一步展示了该策略在构建不同结构离散星形聚合物中的普适性，为后续的应用研究奠定了坚实基础。图 4 a) 核-壳结构星形聚合物Star-(PLLA-b-PEG)的合成路线示意图，b-d) 核-壳结构星形聚合物的SEC，NMR和MALDITOF MS谱图图5. a) 两亲性Janus结构星形聚合物Star-(PEG/PLA)的合成路线示意图，b-d) Janus结构星形聚合物的SEC，NMR和MALDITOF MS谱图综上所述，作者结合迭代指数增长（IEG）技术和具有RERI机制的CuAAC点击反应，实现了不同臂数、臂长及立构规整性的离散星形聚合物的高效合成，并研究了拓扑结构和立体异构对聚合物性能的影响。这一策略为精准构建功能性支化的离散聚合物提供了新的思路。该工作得到了国家自然科学基金（项目号：22371313和22071271）的资助。论文链接：https://doi/10.1021/acs.macromol.6c01458相关进展中山大学陈永明教授、刘利新教授团队 Nat. Nanotechnol.：在合成聚多肽调控TLR9通路研究取得重大突破中山大学陈永明教授团队石毅副教授 JACS：动力学控制ROMPISA制备尺寸和稳定性可调控的蠕虫状聚合物胶束中山大学陈永明教授团队石毅副教授 Macromolecules：实现不同组成和尺寸星形聚合物的快速和高效合成中山大学陈永明团队石毅副教授 Macromolecules封面文章：ME-ROMP高效合成水溶性聚合物分子刷中山大学陈永明教授团队石毅副教授《ACS Macro Lett.》: 单体乳化的超快水相开环易位聚合（ME-ROMP)新方法中山大学陈永明教授团队石毅副教授 Macromolecules：聚合物分子刷嵌段共聚物的高效可控合成及PISA行为中山大学石毅、张振 Macromolecules：嵌段聚合物和瓶刷聚合物的共组装探究中山大学陈永明教授、刘利新教授团队 ACS Nano：阳离子聚氨基酸纳米颗粒破坏中性粒细胞胞外诱捕网抑制肿瘤转移中山大学李远超副教授/陈永明教授团队：在开发力致变色力色团方面取得系列进展中山大学陈永明教授团队在动态交联生物水凝胶领域取得系列进展中山大学陈永明团队 ACS Macro Lett.：由大环冠醚内酯的可控开环聚合合成可降解类PEG聚合物中山大学陈永明/刘利新团队《Sci. Adv.》：在聚合物材料抑制银屑病的研究中取得重要进展中山大学陈永明教授和刘利新副教授团队在聚合物材料抑制类风湿性关节炎的研究中取得重要进展中山大学陈永明/刘志佳团队：多组分化学筛选氧化还原响应性阳离子聚合物载体用于蛋白药物递送中山大学陈永明教授课题组在高分子合成与后修饰方法学研究中取得进展 高分子科技原创文章。欢迎个人转发和分享，刊物或媒体如需转载，请联系邮箱：info@polymer.cn诚邀投稿欢迎专家学者提供稿件（论文、项目介绍、新技术、学术交流、单位新闻、参会信息、招聘招生等）至info@polymer.cn，并请注明详细联系信息。高分子科技®会及时推送，并同时发布在中国聚合物网上。欢迎加入微信群 为满足高分子产学研各界同仁的要求，陆续开通了包括高分子专家学者群在内的几十个专项交流群，也包括高分子产业技术、企业家、博士、研究生、媒体期刊会展协会等群，全覆盖高分子产业或领域。目前汇聚了国内外高校科研院所及企业研发中心的上万名顶尖的专家学者、技术人员及企业家。申请入群，请先加审核微信号PolymerChina（或长按下方二维码），并请一定注明：高分子+姓名+单位+职称（或学位）+领域（或行业），否则不予受理，资格经过审核后入相关专业群。点这里“阅读原文”，查看更多阅读原文这一策略为精准构建功能性支化的离散聚合物提供了新的思路…",,,,pending
四川大学王云兵/胡成团队 AM：多肽工程化水凝胶用于修复缺血脑卒中后的组织损伤,高分子科技,高分子科技,"RIOnews API, 聚合物新材料, 凝胶, 产品发布, 发布, 全新, 学术研究, 大学, 教授, 期刊",normal,2026-07-31T12:33:36+08:00,,点击上方“蓝字” 一键订阅缺血性脑卒中是我国乃至全球范围内导致死亡和长期残疾的主要原因之一。目前临床常用的再灌注治疗虽有成效，但治疗时间窗较窄，仅约10%的患者能够从中获益。即使血流得到恢复，受损神经组织的修复和功能重建仍较为困难，这既与中枢神经系统自身再生能力有限有关，也与卒中后神经炎症、氧化损伤、血管损伤及电信号传导异常等多个病理过程相互影响有关。如何在脑梗死后促进组织修复和神经功能恢复，已成为生物医学工程领域的重要研究方向。团队采用计算驱动设计策略，开发出一种名为MP-BTR的多模态水凝胶平台，在动物模型中实现了炎症调控、血管新生、神经电信号恢复等多重治疗目标的协同调节（图1）。2026,http://mp.weixin.qq.com/s?__biz=MzA5NjUyNjc5Ng==&mid=2651656521&idx=2&sn=369e740e19b778bdcf1582277a584084,,点击上方“蓝字” 一键订阅缺血性脑卒中是我国乃至全球范围内导致死亡和长期残疾的主要原因之一。目前临床常用的再灌注治疗虽有成效，但治疗时间窗较窄，仅约10%的患者能够从中获益。即使血流得到恢复，受损神经组织的修复和功能重建仍较为困难，这既与中枢神经系统自身再生能力有限有关，也与卒中后神经炎症、氧化损伤、血管损伤及电信号传导异常等多个病理过程相互影响有关。如何在脑梗死后促进组织修复和神经功能恢复，已成为生物医学工程领域的重要研究方向。团队采用计算驱动设计策略，开发出一种名为MP-BTR的多模态水凝胶平台，在动物模型中实现了炎症调控、血管新生、神经电信号恢复等多重治疗目标的协同调节（图1）。2026,点击上方“蓝字” 一键订阅缺血性脑卒中是我国乃至全球范围内导致死亡和长期残疾的主要原因之一。目前临床常用的再灌注治疗虽有成效，但治疗时间窗较窄，仅约10%的患者能够从中获益。即使血流得到恢复，受损神经组织的修复和功能重建仍较为困难，这既与中枢神经系统自身再生能力有限有关，也与卒中后神经炎症、氧化损伤、血管损伤及电信号传导异常等多个病理过程相互影响有关。如何在脑梗死后促进组织修复和神经功能恢复，已成为生物医学工程领域的重要研究方向。团队采用计算驱动设计策略，开发出一种名为MP-BTR的多模态水凝胶平台，在动物模型中实现了炎症调控、血管新生、神经电信号恢复等多重治疗目标的协同调节（图1）。2026年7月25日，相关成果以题为“De Novo-Designed Peptide-Engineered Multimodal Platform for Post-Ischemic Stroke Tissue Repair”在《Advanced Materials》发表，四川大学生物材料工程研究中心王玥博士为论文第一作者，胡成副研究员和王云兵教授为共同通讯作者。该项研究得到了国家自然科学基金、四川省自然科学基金等项目的资助。图 1. 用于缺血性中风 (IS) 修复的脑组织修复(MP-BTR)平台的设计、制造和多模式治疗机制。研究团队首先通过计算机虚拟筛选，从约100万个候选分子中获得可能与血管内皮生长因子受体（VEGFR）结合的多肽，并结合分子对接、分子动力学模拟和结合自由能分析进行优化。随后，研究人员在多肽两端引入半胱氨酸残基，制得促血管肽VP，使其能够与四臂聚乙二醇马来酰亚胺反应并参与水凝胶网络的交联。计算结果显示，改造后的多肽与VEGFR具有较低的结合自由能，并可通过氢键和疏水相互作用形成相对稳定的结合网络。质谱和高效液相色谱验证了VP的合成与纯度（图2）.图2 VEGFR靶向促血管生成肽的计算筛选与结构验证针对缺血后剧烈的炎症反应，团队设计了炎症响应的抗炎肽释放系统。将一种抗炎多肽（AF）与苯硼酸基团偶联，使其能够在炎症微环境中实现可控释放。在细胞实验中，这种抗炎多肽显著降低了炎症因子的水平。与此同时，研究团队对二维材料MXene进行了表面工程改造。利用多巴胺的自聚合特性在MXene表面形成包覆层，并引入纤维素纳米晶，有效解决了MXene在生理环境中易氧化降解的问题。透射电镜和X射线光电子能谱分析证实了多层修饰的成功，而密度泛函理论计算则从原子层面揭示了各组分间的电荷互补和强吸附机制（图3）。图3 MXene表面工程与复合材料的稳定性验证整合上述功能组分后，研究团队构建了PEV/MPA水凝胶，即MP-BTR平台（图4）。该水凝胶具有良好的可注射性和导电性，电化学测试显示其电荷传输能力优于对照材料。扫描电镜结果表明，与对照水凝胶相比，MP-BTR形成了更为致密的网络结构；流变学测试显示，其储能模量与脑组织的力学范围相近，有助于降低材料与组织界面的力学失配及由此引起的免疫反应。此外，该水凝胶可在模拟炎症环境中响应性释放抗炎多肽，并表现出较强的抗氧化活性。细胞实验表明，MP-BTR对神经细胞和小胶质细胞具有良好的细胞相容性；在氧糖剥夺模型中，能够减轻细胞损伤、降低活性氧水平并抑制炎症因子表达。同时，该水凝胶还可促进血管内皮细胞迁移及管状结构形成，初步显示出其多模态调控能力。图4 MP-BTR平台的体外功能验证在动物实验中，研究人员采用光栓塞小鼠模型模拟缺血性脑卒中损伤（图5）。与模型组相比，MP-BTR治疗组的脑水肿和梗死范围均有所减轻。体内成像显示，水凝胶在35天内完成降解；主要脏器的组织学检查未观察到明显异常。透射电镜结果显示，MP-BTR治疗组脑组织中的线粒体膜和嵴结构较为完整，提示缺血损伤后的能量代谢相关结构得到一定保护。免疫荧光和蛋白检测进一步显示，治疗后抗氧化相关蛋白Nrf2表达升高，氧化损伤标志物4HNE下降，同时小胶质细胞活化及NLRP3炎症小体相关表达受到抑制，提示氧化应激和神经炎症得到缓解。激光散斑成像及血管标志物检测显示，MP-BTR治疗组梗死区域的血流灌注有所改善，微血管数量增加。与此同时，神经元核标志物和神经干细胞标志物表达上调，提示神经元存活及内源性修复相关过程得到促进。图5 MP-BTR平台通过调节氧化-炎症级联反应减轻缺血性脑卒中损伤在神经功能评价方面（图6），与模型组相比，MP-BTR治疗组小鼠在旷场实验中的运动总距离增加，转棒停留时间延长，神经功能缺损评分下降，步态分析也显示其步长和肢体协调性有所改善，提示运动功能呈现一定的恢复趋势。电生理记录显示，MP-BTR治疗组小鼠的局部场电位潜伏期缩短，脑电信号中的δ波和θ波活动较模型组增强，并表现出向假手术组接近的趋势，提示神经电活动和信号传导有所改善。髓鞘超微结构观察进一步显示，MP-BTR组的髓鞘板层相对完整且排列较为紧密，可能为电生理功能的改善提供了一定的结构基础。图6 MP-BTR平台在缺血性脑卒中损伤后重塑神经功能 研究团队进一步采用非靶向代谢组学分析MP-BTR对整体代谢网络的影响（图7）。结果显示，PEV/MPA治疗与多条代谢通路的变化相关，其中磷脂酶D信号通路是富集较为明显的通路之一，且已有研究提示该通路与Akt信号之间存在交互作用。差异代谢物与差异表达基因的联合分析显示，磷脂酶D信号通路在转录和代谢两个层面均出现富集，提示MP-BTR可能通过调节该通路及其相关代谢过程发挥作用。值得注意的是，实验中观察到光栓塞模型组小鼠在恢复期出现毛色变黄现象，这一表型为后续代谢组学分析提供了观察线索。综合来看，MP-BTR除通过抗炎、抗氧化和促血管生成作用调节局部病理微环境外，还可能通过影响磷脂酶D信号通路及相关脂质代谢网络，促进受损脑组织代谢稳态的恢复，并为突触可塑性、髓鞘修复和神经电信号传导提供一定的代谢支持。不过，上述组学结果主要提示相关性，具体作用机制仍需进一步实验验证。图7转录组学与代谢组学分析目前，该研究仍处于小鼠模型验证阶段，相关作用机制及临床转化价值还需要在大动物模型中进一步评估，材料的长期安全性、体内代谢、适宜给药时间和实施方式等问题也有待系统研究。尽管如此，这项工作表明，基于数据驱动设计并整合多种调控功能的材料系统，在缺血性脑卒中后多维度组织修复中具有进一步研究的潜力，也为生物电子组织修复材料的理性设计提供了参考。原文链接：https://advanced.onlinelibrary.wiley.com/doi/10.1002/adma.74330相关进展四川大学王云兵/胡成团队 AFM：基于手性活性多肽交联的多功能水凝胶协同缓解氧化应激与纤维化重塑 - 实现心肌梗死精准治疗四川大学王云兵/胡成团队 AFM：生物启发的导电结构色水凝胶 - 用于心肌梗死时空监测与修复的诊疗一体化平台四川大学王云兵教授、胡成副研究员团队 AHM：用全新小分子交联剂制备的微环境调控水凝胶用于心肌梗死的分步治疗四川大学王云兵教授、胡成副研究员团队《Biomaterials》：活性氧触发的仿生水凝胶软支架用于缺血性中风修复高分子科技原创文章。欢迎个人转发和分享，刊物或媒体如需转载，请联系邮箱：info@polymer.cn诚邀投稿欢迎专家学者提供稿件（论文、项目介绍、新技术、学术交流、单位新闻、参会信息、招聘招生等）至info@polymer.cn，并请注明详细联系信息。高分子科技®会及时推送，并同时发布在中国聚合物网上。欢迎加入微信群 为满足高分子产学研各界同仁的要求，陆续开通了包括高分子专家学者群在内的几十个专项交流群，也包括高分子产业技术、企业家、博士、研究生、媒体期刊会展协会等群，全覆盖高分子产业或领域。目前汇聚了国内外高校科研院所及企业研发中心的上万名顶尖的专家学者、技术人员及企业家。申请入群，请先加审核微信号PolymerChina（或长按下方二维码），并请一定注明：高分子+姓名+单位+职称（或学位）+领域（或行业），否则不予受理，资格经过审核后入相关专业群。点这里“阅读原文”，查看更多阅读原文采用计算驱动设计策略，开发出一种名为MP-BTR的多模态水凝胶平台...,,,,pending
COMSOL多物理场仿真在固态电池中的应用,锂想生活,锂想生活,"RIOnews API, 固态电池, 学术研究, 大学, 科学院, 比亚迪, 电池包, 热管理",normal,2026-07-31T12:04:42+08:00,,文末点击阅读原文或者扫描下方二维码可免费报名参加 COMSOL®多物理场仿真在固态电池中的应用研讨会。随着电动汽车、低空经济以及新能源等领域的快速发展，固态电池凭借高能量密度、高本征安全性优势，已成为当下的研究热点。目前，固态电池面临界面阻抗、锂枝晶抑制、热管理及循环稳定性等关键挑战。多物理场仿真可以精准模拟其中所涉及的各种物理和化学现象及其相互作用，帮助工程师深入理解固态电池的运行机理、预测温度分布，并直观呈现实验难以测量的关键数据，从而有效地减少对实物原型的依赖，加速固态电池的设计与研发。锂想生活联合COMSOL官方组织了一次线上研讨会，本次活动将聚焦 COMSOL 多物理场仿真在固态电池,http://mp.weixin.qq.com/s?__biz=MzI0NzkxMTYzNA==&mid=2247513114&idx=1&sn=44d20239302d8faa7374ee393e60b36d,,文末点击阅读原文或者扫描下方二维码可免费报名参加 COMSOL®多物理场仿真在固态电池中的应用研讨会。随着电动汽车、低空经济以及新能源等领域的快速发展，固态电池凭借高能量密度、高本征安全性优势，已成为当下的研究热点。目前，固态电池面临界面阻抗、锂枝晶抑制、热管理及循环稳定性等关键挑战。多物理场仿真可以精准模拟其中所涉及的各种物理和化学现象及其相互作用，帮助工程师深入理解固态电池的运行机理、预测温度分布，并直观呈现实验难以测量的关键数据，从而有效地减少对实物原型的依赖，加速固态电池的设计与研发。锂想生活联合COMSOL官方组织了一次线上研讨会，本次活动将聚焦 COMSOL 多物理场仿真在固态电池,文末点击阅读原文或者扫描下方二维码可免费报名参加 COMSOL®多物理场仿真在固态电池中的应用研讨会。随着电动汽车、低空经济以及新能源等领域的快速发展，固态电池凭借高能量密度、高本征安全性优势，已成为当下的研究热点。目前，固态电池面临界面阻抗、锂枝晶抑制、热管理及循环稳定性等关键挑战。多物理场仿真可以精准模拟其中所涉及的各种物理和化学现象及其相互作用，帮助工程师深入理解固态电池的运行机理、预测温度分布，并直观呈现实验难以测量的关键数据，从而有效地减少对实物原型的依赖，加速固态电池的设计与研发。锂想生活联合COMSOL官方组织了一次线上研讨会，本次活动将聚焦 COMSOL 多物理场仿真在固态电池研发中的应用，内容涉及从电极微观结构到电芯宏观性能的模拟，涵盖微结构设计与工艺、电化学‑力学耦合等多种仿真分析，并将介绍多尺度、多物理场耦合建模仿真的核心方法。演讲嘉宾:陶亦鸣，行业应用专家。硕士毕业于中国科学院大学。曾就职于比亚迪、小米汽车等企业，主导多项电池电芯设计仿真与电池包热管理仿真平台开发项目，在锂电仿真、电化学建模、热管理及仿真平台建设等领域拥有丰富经验。加入COMSOL中国，负责新能源及汽车领域的仿真技术应用。活动时间：2026 年 8 月 26 日14:30 - 15:30关于COMSOL：COMSOL 是全球仿真软件提供商，在全球设有分支机构。COMSOL 致力于为科技企业、研究机构和大学提供产品设计和研究的软件解决方案。其旗舰产品 COMSOL Multiphysics® 是一个集仿真建模与仿真 App 开发于一体的软件平台，能够对复杂物理现象进行仿真分析，广泛应用于各类工程领域。文末点击阅读原文可免费报名参加 COMSOL®多物理场仿真在固态电池中的应用研讨会。阅读原文COMSOL 多物理场仿真在固态电池研发中的应用，从电极微观结构到电芯宏观性能的模拟，涵盖微结构设计与工艺、电化学‑力学耦合等多种仿真分析,,,,pending
突发！特斯拉被曝拟剥离中国业务！,OFweek维科网,OFweek维科网,"RIOnews API, 宁德时代, 磷酸铁锂, 铁锂, LFP, 交付, 产能, 生产基地, 投产, IPO, 科创板, 美国工厂, 政策, 税收抵免, 关税, 量产",normal,2026-07-31T11:54:56+08:00,,点上方蓝字 关注并星标OFweek维科网据《华尔街日报》援引知情人士消息，特斯拉部分高管已被要求为剥离中国业务做准备。目的是为这家电动车公司与SpaceX潜在的合并交易扫清障碍。报道援引知情人士称，顾问团队已讨论过多种分离方案，包括分拆、出售，甚至关闭；为上海工厂的出口业务设立独立销售实体、搭建与全球总部区隔的办公系统，也在讨论之中。上海超级工厂是特斯拉全球规模最大、效率最高的生产基地。公开数据显示，其年产能超过95万辆，历史上一度贡献了特斯拉全球交付量的一半以上，同时也是供应欧洲和亚太市场的出口枢纽。与多数在华外资车企不同，特斯拉的中国整车业务是独资运营，没有合资伙伴。市场层面，中国是特斯拉,http://mp.weixin.qq.com/s?__biz=MjM5NzUxNTc0Mw==&mid=2654800419&idx=1&sn=45041d38f46e646002e8159fef4a9774,,点上方蓝字 关注并星标OFweek维科网据《华尔街日报》援引知情人士消息，特斯拉部分高管已被要求为剥离中国业务做准备。目的是为这家电动车公司与SpaceX潜在的合并交易扫清障碍。报道援引知情人士称，顾问团队已讨论过多种分离方案，包括分拆、出售，甚至关闭；为上海工厂的出口业务设立独立销售实体、搭建与全球总部区隔的办公系统，也在讨论之中。上海超级工厂是特斯拉全球规模最大、效率最高的生产基地。公开数据显示，其年产能超过95万辆，历史上一度贡献了特斯拉全球交付量的一半以上，同时也是供应欧洲和亚太市场的出口枢纽。与多数在华外资车企不同，特斯拉的中国整车业务是独资运营，没有合资伙伴。市场层面，中国是特斯拉,"点上方蓝字 关注并星标OFweek维科网据《华尔街日报》援引知情人士消息，特斯拉部分高管已被要求为剥离中国业务做准备。目的是为这家电动车公司与SpaceX潜在的合并交易扫清障碍。报道援引知情人士称，顾问团队已讨论过多种分离方案，包括分拆、出售，甚至关闭；为上海工厂的出口业务设立独立销售实体、搭建与全球总部区隔的办公系统，也在讨论之中。上海超级工厂是特斯拉全球规模最大、效率最高的生产基地。公开数据显示，其年产能超过95万辆，历史上一度贡献了特斯拉全球交付量的一半以上，同时也是供应欧洲和亚太市场的出口枢纽。与多数在华外资车企不同，特斯拉的中国整车业务是独资运营，没有合资伙伴。市场层面，中国是特斯拉仅次于美国的第二大市场。据多家媒体援引的财务数据，2026年上半年，特斯拉中国市场收入达到88.59亿美元，占集团总收入约17.5%；中国市场的销量占其全球比重约18%。2026年第二季度，特斯拉整体营收282.36亿美元，净利润11.14亿美元。显然，中国市场是其中一块稳定而关键的拼图。换句话说，这不是一块可以随意丢弃的边角资产，而是特斯拉跨过量产与盈利那道坎的功臣。如今要把它从公司版图里单独摘出来，逻辑上首先就面对一个矛盾，砍掉它，能换来合并的通行证；留下它，合并的审查就绕不过去。值得一提的是，剥离并非临时起意，而是马斯克过去几年一以贯之的想法早在2025年11月就有报道称，特斯拉已要求美国工厂的供应商剔除中国制造的零部件，目标是在一至两年内完成。背后的推手是关税与美国对中国的供应链政策，特斯拉在美销售的车辆一度使用宁德时代供应的磷酸铁锂（LFP）电池，后因无法满足美国电动车税收抵免资格、且面临关税，已于2024年停止在美国车型中使用；公司正在内华达州建设LFP电池产能，预计2026年一季度投产。芯片层面，马斯克尤其担心对全球最大芯片代工企业台积电（TSMC，总部位于中国台湾）的依赖。汽车半导体供应曾在地缘摩擦中出现中断，这加快了特斯拉内部供应链多元化的讨论。Terafab计划，本质上就是把半导体制造抓回自己手里的尝试。报道特别提到，马斯克希望确保一旦发生地缘政治冲突，至少特斯拉的美国业务能够幸存下来。中国LFP电池、台积电芯片，是被点名的两条脆弱链路。剥离中国业务，与这条""去风险""主线一脉相承。也就是说，这事不是今天才决定，而是今天才被摆上了台面。·往期推荐荣耀更新IPO辅导进展长鑫科技登陆科创板DRAM，颠覆性技术突破中国跑出1.4万亿美元独角兽15亿""蛇吞象""！688277重大资产重组·喜欢本文点个赞和❤️吧",,,,pending
宁德时代接连爆单！500GWh空间待启！近2400家企业抢入赛道,电动学堂,电动学堂,"RIOnews API, 新材料, 碳, 钠离子电池, 钠电, 合作进展, 战略合作, 投资, 合作",normal,2026-07-31T11:35:48+08:00,,图/宁德时代新能源储能赛道迭代升级，为顺应钠离子电池产业化提速趋势，政策端率先释放积极信号。近日，财政部、海关总署、税务总局发布部分电池消费税政策调整公告，自2026年9月1日起，分步调整部分电池产品消费税政策。自2026年9月1日起至2028年12月31日，对钠离子电池等免征消费税。这一政策调整不仅降低了钠电初期的商业化成本，也为产业链各环节注入了明确的长期信心。在政策引导之下，头部电池企业正加速技术与产能的落地布局。以宁德时代（300750）为例，近日，公司在与投资者互动交流时表示，规模化生产后的钠电池成本对比当前碳酸锂价格下的磷酸铁锂电池会有一定优势，但除了成本考量之外，钠电池具有宽温域,http://mp.weixin.qq.com/s?__biz=MzIyMTg1NDg0Mg==&mid=2247629360&idx=8&sn=e4bd155aa60d8475e41d375cf3dd28bc,,图/宁德时代新能源储能赛道迭代升级，为顺应钠离子电池产业化提速趋势，政策端率先释放积极信号。近日，财政部、海关总署、税务总局发布部分电池消费税政策调整公告，自2026年9月1日起，分步调整部分电池产品消费税政策。自2026年9月1日起至2028年12月31日，对钠离子电池等免征消费税。这一政策调整不仅降低了钠电初期的商业化成本，也为产业链各环节注入了明确的长期信心。在政策引导之下，头部电池企业正加速技术与产能的落地布局。以宁德时代（300750）为例，近日，公司在与投资者互动交流时表示，规模化生产后的钠电池成本对比当前碳酸锂价格下的磷酸铁锂电池会有一定优势，但除了成本考量之外，钠电池具有宽温域,图/宁德时代新能源储能赛道迭代升级，为顺应钠离子电池产业化提速趋势，政策端率先释放积极信号。近日，财政部、海关总署、税务总局发布部分电池消费税政策调整公告，自2026年9月1日起，分步调整部分电池产品消费税政策。自2026年9月1日起至2028年12月31日，对钠离子电池等免征消费税。这一政策调整不仅降低了钠电初期的商业化成本，也为产业链各环节注入了明确的长期信心。在政策引导之下，头部电池企业正加速技术与产能的落地布局。以宁德时代（300750）为例，近日，公司在与投资者互动交流时表示，规模化生产后的钠电池成本对比当前碳酸锂价格下的磷酸铁锂电池会有一定优势，但除了成本考量之外，钠电池具有宽温域适配、低温性能佳、长寿命等优势，公司已陆续与一些客户签约钠电产品。公司目前产线可以实现锂电池和钠电池之间的灵活切换，具体出货量将取决于市场需求和产业链成熟进度。市场订单的密集落地，直观印证了宁德时代钠离子电池的市场认可度，公司持续拓宽海外钠电应用版图，近期接连斩获欧洲重磅储能订单。7月21日，宁德时代宣布近日与东欧可再生能源领域领先企业Solarpro签署2GWh天恒钠电储能合作协议，双方计划于年内共同部署中东欧地区首个大型钠电储能项目。7月16日，宁德时代宣布近日与荷兰能源基础设施企业Alfen签署钠电储能战略合作协议，双方计划自2027年起，在荷兰等西欧国家部署合计5GWh的天恒钠电储能系统。更早的4月，宁德时代已与国内储能集成商海博思创（688411）达成3年60GWh的钠离子电池供货长单，形成内外市场齐头并进的订单格局。政策利好与龙头示范效应叠加，进一步强化了市场对钠电产业化前景的预期。东吴证券认为，钠离子电池消费税免征，预计推动钠离子电池快速产业化。钠离子电池2026—2028年免征消费税，预计可享受一定成本优势，预计2026年钠离子电池出货5GWh—10GWh，2027年有望达20GWh，2027—2028年产业化加速落地。国联民生证券同样看好钠离子电池未来市场空间和应用场景的开拓，预计钠离子电池2026年出货量有望超20GWh，2030年出货量有望超500GWh，2030年钠电渗透率有望提升至接近10%。产业预期的升温，也直观体现在市场主体数量的持续扩容上。企查查数据显示，截至7月29日，国内现存钠离子电池相关企业2396家。从相关企业近十年年末存量变化来看，2016至2025相关企业持续稳步增长，年末存量由856家增长至2003家。2016-2020年处于缓慢培育阶段，企业增量相对温和；2021年后行业扩容速度加快。从注册量来看，2025年全年注册钠离子电池相关企业61家。截至目前，今年已注册10家。从经营时间来看，现存钠离子电池相关企业多为成熟企业，成立10年以上的企业占比39.97%，成立5-10年企业占26.66%，成立5年以上相关企业合计超66%，成立3-5年企业占比21.81%，成立1年内企业仅占1.85%。从注册资本分布来看，现存钠离子电池相关企业多为资金密集型企业，注册资本在5000万元及以上企业占比高达57.95%；在1000万元（含）-5000万元相关企业占22.70%；在100万元以内企业仅占3.15%。从地区分布来看，钠离子电池相关企业具有高度地域集中性，分布在华东地区相关企业最多，占比45.45%。华南、华中紧随其后，分别占15.94%、13.23%；其他地区占比均不足10%。文章来源：我的电池网声明：本公众号致力于好文推送，基于分享的目的转载，尊重原创，版权归属原作者所有，不代表电动学堂的观点和立场，如涉及作品版权侵权，请联系我们予以核实删除！加入我们的知识星球电动学堂资料库 可以下载公众号海量参考资料包含以上参考资料。图/宁德时代新能源储能赛道迭代升级，为顺应钠离子电池产业化提速趋势，政策端率先释放积极信号。,,,,pending
海辰储能落地西班牙首个项目,电动学堂,电动学堂,"RIOnews API, 新材料, 碳, 长时储能, 合作进展, 战略合作, 投资, 合作",normal,2026-07-31T11:35:48+08:00,,7月28日，海辰储能与欧洲头部可再生能源生产商Statkraft达成战略合作，将为西班牙北部的蒙特斯·德·希尔索风电场提供全场景一体化储能解决方案。这并非一桩孤立的设备供应订单，而是中国储能企业在欧洲市场从单纯产品出口向本土化深耕转型的又一实质性落子。根据协议，海辰储能将为该项目交付6套标准化储能系统，单套容量5.016兆瓦时，项目整体储能容量达30.1兆瓦时。升级完成后，风电场风机数量虽大幅减少，但总装机容量将从60兆瓦提升至90兆瓦，年发电量预计翻倍至约300吉瓦时。储能系统投入运行后，将为风电场提供平滑发电、调频辅助、削峰填谷等功能，缓解风电出力波动与间歇性问题，提升清洁能源利用效率。此,http://mp.weixin.qq.com/s?__biz=MzIyMTg1NDg0Mg==&mid=2247629360&idx=5&sn=76700b598600858eabae85b4049fdbf9,,7月28日，海辰储能与欧洲头部可再生能源生产商Statkraft达成战略合作，将为西班牙北部的蒙特斯·德·希尔索风电场提供全场景一体化储能解决方案。这并非一桩孤立的设备供应订单，而是中国储能企业在欧洲市场从单纯产品出口向本土化深耕转型的又一实质性落子。根据协议，海辰储能将为该项目交付6套标准化储能系统，单套容量5.016兆瓦时，项目整体储能容量达30.1兆瓦时。升级完成后，风电场风机数量虽大幅减少，但总装机容量将从60兆瓦提升至90兆瓦，年发电量预计翻倍至约300吉瓦时。储能系统投入运行后，将为风电场提供平滑发电、调频辅助、削峰填谷等功能，缓解风电出力波动与间歇性问题，提升清洁能源利用效率。此,7月28日，海辰储能与欧洲头部可再生能源生产商Statkraft达成战略合作，将为西班牙北部的蒙特斯·德·希尔索风电场提供全场景一体化储能解决方案。这并非一桩孤立的设备供应订单，而是中国储能企业在欧洲市场从单纯产品出口向本土化深耕转型的又一实质性落子。根据协议，海辰储能将为该项目交付6套标准化储能系统，单套容量5.016兆瓦时，项目整体储能容量达30.1兆瓦时。升级完成后，风电场风机数量虽大幅减少，但总装机容量将从60兆瓦提升至90兆瓦，年发电量预计翻倍至约300吉瓦时。储能系统投入运行后，将为风电场提供平滑发电、调频辅助、削峰填谷等功能，缓解风电出力波动与间歇性问题，提升清洁能源利用效率。此次项目落地，与海辰储能在欧洲的本土化布局形成紧密呼应。2026年4月，在西班牙首相桑切斯访华期间，海辰储能与纳瓦拉自治区政府签署投资协议，计划投资约4亿欧元，在当地建设欧洲首座储能系统和电芯制造基地。该项目获得纳瓦拉自治区政府主席玛丽亚·奇维特的公开支持，中国驻西班牙大使姚敬也于7月初专程赴纳瓦拉出席项目推介会。这一制造基地的建设，将直接填补海辰储能在欧洲本地化生产的空白，使其能够更高效地响应欧洲快速增长的储能市场需求，同时规避欧盟日益收紧的电池护照、碳足迹核查等合规门槛。从产品端看，海辰储能在欧洲的布局正从大型储能向户用储能延伸。6月在德国慕尼黑举行的欧洲智慧能源展上，海辰储能发布了面向全球成熟市场的高端户用储能品牌ARKVOLT，正式登陆欧洲户用储能市场。同期，公司还与国际能源方案商Turbo Energy签署战略合作协议，覆盖欧洲某大型工业集团的15座厂区，落地基于人工智能的能源基础设施平台。此外，海辰储能在6月还获得了366兆瓦时的长时储能订单，进一步拓展欧洲市场份额。欧洲储能市场正面临巨大的供需错位。2025年，欧洲新增电池储能装机36吉瓦时，同比增长48%，累计装机首次突破100吉瓦时。但欧盟已明确要求2030年前储能装机规模需达到200吉瓦，而2026年初仅约55吉瓦，这意味着年均新增需求需达29吉瓦。欧洲本地储能制造产能严重不足，难以支撑这一增长目标。西班牙在这场竞赛中拥有独特筹码，该国正加快安达卢西亚、埃斯特雷马杜拉等自治区的大型光伏基地建设，对长时储能配套的需求极为迫切。海辰储能主打1175Ah/1300Ah超大容量长时储能电芯，适配4-8小时储能场景，精准对接了南欧大型光伏基地集群的痛点。与宁德时代、远景、亿纬锂能等中企集中布局德国、法国、英国不同，海辰储能选择直接落地西班牙，精准对接地中海区域的新能源政策红利，同时避开德、英等地已相对拥挤的制造竞争。这种差异化策略，使其在欧洲储能市场中占据了独特的生态位。随着蒙特斯·德·希尔索风电场项目的落地，以及纳瓦拉制造基地的推进，海辰储能正逐步构建起覆盖大型储能、户用储能、长时储能的全场景产品矩阵，以及从设备制造到本地化服务的全链条能力，为其在欧洲市场的长期发展奠定基础。文章来源：电车汇声明：本公众号致力于好文推送，基于分享的目的转载，尊重原创，版权归属原作者所有，不代表电动学堂的观点和立场，如涉及作品版权侵权，请联系我们予以核实删除！加入我们的知识星球电动学堂资料库 可以下载公众号海量参考资料包含以上参考资料。7月28日，海辰储能与欧洲头部可再生能源生产商Statkraft达成战略合作，将为西班牙北部的蒙特斯·德·希尔,,,,pending
锂电池行业零碳工厂建设路径和价值—《关于组织开展国家级零碳工厂建设工作的通知》的解读,储能网,储能网,"RIOnews API, 储能, 供电, 电池回收, 订单, 招标, 投资, 上市, 海外, 政策, 关税, 贸易壁垒, 发布, 认证, 落地",normal,2026-07-31T11:35:19+08:00,,中国储能网讯：一、锂电池行业是国家级零碳工厂建设的重要培育赛道工业和信息化部于2026年7月22日发布《关于组织开展国家级零碳工厂建设的通知》（以下简称“通知”），是《关于开展零碳工厂建设工作的指导意见》（工信部联节〔2026〕13 号）的落地执行细则。通知明确了国家级零碳工厂的申报门槛、硬性指标、组织实施流程、评估指标体系等要求，是企业申报和各省级工业和信息化主管部门执行的实操文件。通知出台的核心目标是以国家级零碳工厂为标杆，推动工业领域“绿色化、智能化、低碳化”发展，培育绿色新质生产力，破解工业高碳瓶颈，落实双碳战略。我国新能源发展高度依赖锂电池产业的支撑，但锂电池生产的单位产值电力碳排放,http://mp.weixin.qq.com/s?__biz=MzA3MjA3MzgwNw==&mid=2651977977&idx=1&sn=65038b6a233c2f4fe898b8e6163a4ff2,,中国储能网讯：一、锂电池行业是国家级零碳工厂建设的重要培育赛道工业和信息化部于2026年7月22日发布《关于组织开展国家级零碳工厂建设的通知》（以下简称“通知”），是《关于开展零碳工厂建设工作的指导意见》（工信部联节〔2026〕13 号）的落地执行细则。通知明确了国家级零碳工厂的申报门槛、硬性指标、组织实施流程、评估指标体系等要求，是企业申报和各省级工业和信息化主管部门执行的实操文件。通知出台的核心目标是以国家级零碳工厂为标杆，推动工业领域“绿色化、智能化、低碳化”发展，培育绿色新质生产力，破解工业高碳瓶颈，落实双碳战略。我国新能源发展高度依赖锂电池产业的支撑，但锂电池生产的单位产值电力碳排放,中国储能网讯：一、锂电池行业是国家级零碳工厂建设的重要培育赛道工业和信息化部于2026年7月22日发布《关于组织开展国家级零碳工厂建设的通知》（以下简称“通知”），是《关于开展零碳工厂建设工作的指导意见》（工信部联节〔2026〕13 号）的落地执行细则。通知明确了国家级零碳工厂的申报门槛、硬性指标、组织实施流程、评估指标体系等要求，是企业申报和各省级工业和信息化主管部门执行的实操文件。通知出台的核心目标是以国家级零碳工厂为标杆，推动工业领域“绿色化、智能化、低碳化”发展，培育绿色新质生产力，破解工业高碳瓶颈，落实双碳战略。我国新能源发展高度依赖锂电池产业的支撑，但锂电池生产的单位产值电力碳排放偏高，是工业减碳的核心攻坚环节。通知引导锂电池制造企业通过源头减碳、过程脱碳、协同降碳、智能控碳、碳抵消和信息披露等各环节完成能源结构转型，实现制造端与产品端的双向脱碳，在2027 年培育建设一批零碳工厂，初步构建零碳工厂建设产业生态。锂电池行业头部企业基本可满足“工厂年综合能源消费量不低于 1000 吨标准煤，且入选国家绿色工厂名单”的基础条件。2025年度国家级绿色工厂名单中，锂电池产业链企业表现突出，其中包括动力电池和储能电池制造企业共13家，电池材料生产企业3家，为进一步建设国家级零碳工厂奠定了基础。此外，通知提出了单位能耗碳排放、非化石能源消费占比、非化石能源电力消费物理认定量占比的基本要求和目标要求（不晚于2030年），对锂电池行业制造型企业申报国家级零碳工厂形成硬约束。当企业碳排放来自外购电力且以传统能源为主时，很难达到零碳工厂的建设目标。通过自建分布式光伏提高绿电消费比例、配置储能提高零碳电力的稳定供给，是达成指标要求的的通用思路。对于锂电储能产品的制造企业而言，工厂自建光伏+配套储能构成新型电力系统的闭环逻辑，既在生产环节满足绿电占比考核，又通过所生产产品的应用反哺新能源消纳，形成“零碳工厂制造零碳储能设备”的循环减碳模式。二、锂电池制造企业具备多维度降碳空间源头减碳是国家级零碳工厂一票否决硬性门槛，聚焦锂电池行业外购电力产生的碳排放来源，重构厂区能源供给结构。核心路径包括：厂区自建物理绿电，实现源网荷储一体化，例如厂房屋顶、储能电站空地、厂区闲置土地建设分布式光伏；构建光储微电网，实现光伏电力稳定消纳，大幅提升物理认定绿电比例。与风电场、光伏电站签订长期直购协议，电网专线输送绿电，将长期绿电直购专线供电纳入物理绿电核算（短期市场化绿电交易不计入物理占比）。进行化石能源电气化替代，淘汰燃气/燃煤蒸汽锅炉，厂内作业车辆全部替换为新能源车辆等。配套厂区绿色热力供给，光伏光热、余热集中供热替代燃气热源。过程脱碳聚焦生产制造端能效提升，进行全生产工序节能技改，通过工艺、设备、余热回收实现减排，降低单位产品能耗强度，属于零碳工厂核心加分引导指标。具体路径包括：材料端进行低碳替代，优先采购再生原材料，从生产源头降低隐含碳，减少矿产开采与材料加工碳排放。升级高能耗工序工艺，例如涂布干燥环节采用低温涂布工艺、闭环溶剂回收系统，降低烘箱持续加热能耗。采用先进技术简化集成工序，减少辅材与设备能耗。淘汰低效设备，全厂电机系统能效提升至国家 1 级，满足绿色工厂、零碳工厂能效评审标准。全厂余热余压循环利用，烘干废气、冷却水、空压机余热集中回收，替代燃气锅炉供热。协同降碳打通上下游低碳体系，突破厂区边界，覆盖上游原材料、各环节物流及下游回收的全产业价值链，是政策明确鼓励的导向指标。具体实施路径包括：上游供应链协同建立低碳供应商准入机制，要求关键材料供应商完成碳盘查，提交年度碳排放报告，将绿电使用率、产品碳足迹纳入招标考核。推动全产业链的绿色物流建设，集中布局仓储中心，缩短转运距离，降低物流碳排放。协同储能、车企客户搭建电池回收网点，统一碳足迹追溯编码，提高回收工艺水平，形成“电池制造 — 使用 — 回收再生”的循环路径。智能控碳是建设数字化能碳管理平台，通过全厂级能耗和碳排放一体化数字化管控体系，实现碳数据全流程可测、可控、可优化，满足动态核查、第三方碳核查等要求。实施路径包括：形成全工序智能计量监测网络，在生产制造的所有排放节点安装电、热、气、碳在线监测仪表，采集能耗与碳排放数据，自动生成碳台账。建设全厂能碳一体化管控平台，智能调度厂区绿电和储能负荷，最大化消纳物理绿电。建立产品碳足迹数字化追溯系统，自动归集上游材料碳排、厂区生产电耗、回收再生数据等，形成电池护照所需全生命周期碳足迹报告，统一国内评审、ESG 披露、海外出口等碳数据，避免数据冲突引。碳抵消与信息披露是厂区主动减排后的补充手段，仅用于抵消源头、过程、协同减排后无法消除的残余碳排放。企业需要采用合规碳抵消实施路径，严格遵循工信部规则，单纯绿证抵扣不可作为核心减排手段，其上限不超过厂区下网电量等50%。每年报送零碳工厂年度建设进展报告，包含碳盘查数据、物理绿电消纳台账、能效对标数据、产业链协同减排成果等。ESG 标准化披露覆盖全范围碳排放、低碳技改资本开支、再生材料使用比例、零碳工厂建设目标进度，树立低碳品牌形象。三、政策实施助力企业提升国内外市场竞争力本通知是首个全国统一、政府主导、重实体改造、杜绝纸面碳中和的国家级工业零碳工厂建设实施文件，通过官方认证形成国内统一低碳标准，对冲欧盟碳关税、新电池法贸易壁垒，为锂电池和储能企业保持全球出口优势提供必备资质。欧盟新电池法要求动力电池、储能设备必须提供完整的全生命周期碳足迹数据，限制产品碳足迹上限。国家级零碳工厂认定可以帮助企业对冲海外合规成本，化解国际竞争压力，相关的碳排放核算报告具备欧盟认可的权威溯源凭证，有助于大幅简化电池护照申报流程。 2026年CBAM碳关税已正式征收，虽然锂电池行业暂未列入清单，但锂电池生产大量使用铝、铜等高碳原材料，上游原材料碳成本会传导至终端产品，产业链协同降碳是企业提高海外市场竞争力的必然趋势。此外，部分跨国车企承诺 2030 年供应链 100% 物理绿电，剔除仅靠绿证达标供应商，因此，拥有国家级零碳工厂资质可优先进入国际头部客户低碳白名单，锁定海外订单。国家级零碳工厂建设要求完全覆盖上市公司 ESG 披露维度，成为锂电池企业 ESG 评级的核心加分项。环境维度，通知要求企业完整披露厂区直接排放、外购电力热力、上游矿产 / 下游回收全产业链排放，与 ESG 披露规则统一。社会责任方面，零碳改造带动储能、光伏、能碳数字化岗位扩容，纳入 ESG 社会责任就业指标；开展低碳供应商筛选，满足欧美供应链尽职调查要求。公司治理维度，鼓励搭建全厂级碳管理系统，实时监测能耗、碳排放、绿电消纳数据，实现碳数据治理规范化；入选培育名单企业需每年对外公示碳排放年度报告，完善 ESG 信息披露治理架构，降低机构投资者、绿色金融审查风险。综上所述，企业应对海外低碳贸易壁垒、满足ESG评级需求等都与国家级零碳工厂等建设目标和路径高度一致。预计未来 3–5 年，有无国家级零碳工厂将成为锂电池和储能企业划分行业梯队的核心分水岭，率先完成建设的企业将在国内外具备显著竞争优势。（冯彩梅、刘勇 中国化学与物理电源行业协会储能应用分会）一审：潘 望二审：王谊秀由于微信改版，关注后请点击右上角，选择“设为星标”与“置顶”，以获得最新的文章更新投稿联系电话：***********（同微信）地址：北京市西城区阜成门外四川大厦东塔楼30层官网：www.escn.com.cn 投稿邮箱：ly83518@126.com,,,,pending
4人死亡、6人受伤！内蒙古储能项目施工隧道塌方,储能前沿,储能前沿,"RIOnews API, 储能, 装机, 投资, 落地",normal,2026-07-31T11:30:00+08:00,,内蒙古自治区乌兰察布市相关部门消息显示，7月31日凌晨3时50分许，中铁建乌兰察布市卓资县压缩空气储能项目中铁十五局施工隧道标段发生塌方，事故造成4人死亡、6人受伤。公开资料显示，乌兰察布压缩空气储能项目入选内蒙古自治区2025年新型储能专项行动项目清单，总占地面积754亩，装机规模达1050MW/6300MWh，采用先进的新型非补燃式压缩空气储能技术，能量转换效率突破65%，也是目前全球最大装机容量人工硐室储能项目。该项目采用“深地空间+人工硐室储气”技术，在地下超百米岩层中开挖建设总容积近百万方的储气空间，相当于400多个标准游泳池的大小。预计建成投用后，每年可存储超20亿千瓦时新能源电量,http://mp.weixin.qq.com/s?__biz=Mzg3MjY1NTkxNg==&mid=2247600381&idx=1&sn=f51688db7e39d58a3271e914dcccd5b2,,内蒙古自治区乌兰察布市相关部门消息显示，7月31日凌晨3时50分许，中铁建乌兰察布市卓资县压缩空气储能项目中铁十五局施工隧道标段发生塌方，事故造成4人死亡、6人受伤。公开资料显示，乌兰察布压缩空气储能项目入选内蒙古自治区2025年新型储能专项行动项目清单，总占地面积754亩，装机规模达1050MW/6300MWh，采用先进的新型非补燃式压缩空气储能技术，能量转换效率突破65%，也是目前全球最大装机容量人工硐室储能项目。该项目采用“深地空间+人工硐室储气”技术，在地下超百米岩层中开挖建设总容积近百万方的储气空间，相当于400多个标准游泳池的大小。预计建成投用后，每年可存储超20亿千瓦时新能源电量,内蒙古自治区乌兰察布市相关部门消息显示，7月31日凌晨3时50分许，中铁建乌兰察布市卓资县压缩空气储能项目中铁十五局施工隧道标段发生塌方，事故造成4人死亡、6人受伤。公开资料显示，乌兰察布压缩空气储能项目入选内蒙古自治区2025年新型储能专项行动项目清单，总占地面积754亩，装机规模达1050MW/6300MWh，采用先进的新型非补燃式压缩空气储能技术，能量转换效率突破65%，也是目前全球最大装机容量人工硐室储能项目。该项目采用“深地空间+人工硐室储气”技术，在地下超百米岩层中开挖建设总容积近百万方的储气空间，相当于400多个标准游泳池的大小。预计建成投用后，每年可存储超20亿千瓦时新能源电量，削减二氧化碳排放超160万吨，并有助于提升区域新能源消纳能力与电网调峰水平。当前，压缩空气储能项目是长时储能主流技术路线之一，早期压缩空气储能项目大多采用天然盐穴作为储气室，即利用采盐、采煤后形成的地下空间用来储气。但由于盐穴资源分布不均，制约了压缩空气储能项目选址和落地。而乌兰察布项目创新之处在于采用了人工硐室储气库，则突破了这一局限性。乌兰察布压缩空气储能项目是由中铁建发展集团投资建设，中铁建西北投资公司以及中铁十五局、中铁十六局承建该项目地下硐室施工总承包。2026年4月13日，项目1#斜井顺利完成，标志着储气主硐室施工正式开始；2026年5月21日，项目2#斜井顺利完工，全面打通了项目地下施工通道。文章来源：世纪储能扫码加入中国储能行业通讯录免责声明：本公众号文章版权归原作者及原出处所有 。内容为作者个人观点， 并不代表本公众号赞同其观点和对其真实性负责。本公众号并不用于商业目的，如有涉及侵权等，请及时告知，我们会尽快处理。本公众号拥有对此声明的最终解释权。,,,,pending
四川30万吨/年负极材料项目获批！,储能前沿,储能前沿,"RIOnews API, 储能, 负极材料, 出货, 出货量, 产能, 生产基地, 达产, 投资, 海外, 发布",normal,2026-07-31T11:30:00+08:00,,近日，锂电池负极材料领域迎来重磅消息——中科电气（300035）旗下四川中科星城石墨有限公司投建的“年产30万吨锂电池负极材料一体化建设项目”环境影响评价文件正式获批。这标志着这一总投资约70亿元的超级负极材料基地正式进入实质性建设阶段。建设单位：四川中科星城石墨有限公司项目地址：泸州市龙马潭区罗汉街道临港大道东侧建设内容：主要建设年产30万吨锂电池负极材料的一体化生产线及配套设施。一期工程规划建设年产20万吨锂离子电池负极材料一体化生产基地，计划投资约47亿元；二期工程再新增10万吨产能，计划投资约23亿元。两期项目全部达产后，泸州基地将成为中科电气旗下单体产能最大的负极材料生产基地之一。项,http://mp.weixin.qq.com/s?__biz=Mzg3MjY1NTkxNg==&mid=2247600381&idx=4&sn=cafa3ac02e4dd9b34590de3fe1275044,,近日，锂电池负极材料领域迎来重磅消息——中科电气（300035）旗下四川中科星城石墨有限公司投建的“年产30万吨锂电池负极材料一体化建设项目”环境影响评价文件正式获批。这标志着这一总投资约70亿元的超级负极材料基地正式进入实质性建设阶段。建设单位：四川中科星城石墨有限公司项目地址：泸州市龙马潭区罗汉街道临港大道东侧建设内容：主要建设年产30万吨锂电池负极材料的一体化生产线及配套设施。一期工程规划建设年产20万吨锂离子电池负极材料一体化生产基地，计划投资约47亿元；二期工程再新增10万吨产能，计划投资约23亿元。两期项目全部达产后，泸州基地将成为中科电气旗下单体产能最大的负极材料生产基地之一。项,近日，锂电池负极材料领域迎来重磅消息——中科电气（300035）旗下四川中科星城石墨有限公司投建的“年产30万吨锂电池负极材料一体化建设项目”环境影响评价文件正式获批。这标志着这一总投资约70亿元的超级负极材料基地正式进入实质性建设阶段。建设单位：四川中科星城石墨有限公司项目地址：泸州市龙马潭区罗汉街道临港大道东侧建设内容：主要建设年产30万吨锂电池负极材料的一体化生产线及配套设施。一期工程规划建设年产20万吨锂离子电池负极材料一体化生产基地，计划投资约47亿元；二期工程再新增10万吨产能，计划投资约23亿元。两期项目全部达产后，泸州基地将成为中科电气旗下单体产能最大的负极材料生产基地之一。项目投资：总投资约70亿元，一期计划投资约47亿元，二期计划投资约23亿元。项目公司简介：四川中科星城由湖南中科星城科技有限公司（持股67.1141%）与泸州发展股权投资基金合伙企业（有限合伙）（持股32.8859%）共同出资设立。湖南中科星城作为中科电气锂电负极业务的经营主体，在负极材料领域深耕超过二十年，是一家专注于锂离子电池负极材料全面解决方案的国家高新技术企业。值得关注的是，中科电气近期对产能布局进行了一次重大战略调整。2026年6月，公司发布公告，拟终止甘眉工业园年产13万吨、兰州新区年产10万吨、摩洛哥年产10万吨三个暂缓建设的锂电负极材料一体化项目，三个项目原计划总投资合计约103亿元。同时决定集中资源重点推进泸州年产30万吨锂离子电池负极材料一体化项目及海外阿曼年产20万吨负极材料一体化基地项目。产能数据显示，截至2025年底，中科电气石墨化已建成产能达28万吨（含参股子公司集能新材料），负极材料月度有效产能全年合计为34.9万吨。2025年全年，公司实现营业收入84.68亿元，同比增长51.72%；归母净利润4.70亿元，同比增长55.09%；全年负极材料出货量36.35万吨，同比增长61.05%。扫码加入中国储能行业通讯录免责声明：本公众号文章版权归原作者及原出处所有 。内容为作者个人观点， 并不代表本公众号赞同其观点和对其真实性负责。本公众号并不用于商业目的，如有涉及侵权等，请及时告知，我们会尽快处理。本公众号拥有对此声明的最终解释权。,,,,pending
江西16500吨电解液添加剂项目公示！,储能前沿,储能前沿,"RIOnews API, 储能, 电解液, 产能",normal,2026-07-31T11:30:00+08:00,,7月27日，江西常瑞新材料有限公司新建锂电池电解液材料项目环境影响评价第一次公示。项目名称：新建锂电池电解液材料项目建设单位：江西常瑞新材料有限公司建设地点：江西省瑞昌经济开发区码头工业城化工集中区项目内容：项目建设完成后，形成年产1.65万吨锂电池电解液材料(其中硫酸乙烯酯15000吨、双硫酸乙烯酯1000吨、二氟二草酸磷酸锂500吨)及3510吨副产盐酸的生产能力项目公司简介：江西常瑞新材料有限公司成立于2026年6月，董事长为吴锡盾，专注于专用化学产品的制造、生产和销售，业务范围覆盖化工产品生产等领域文章来源：瑞昌市人民政府扫码加入中国储能行业通讯录免责声明：本公众号文章版权归原作者及原,http://mp.weixin.qq.com/s?__biz=Mzg3MjY1NTkxNg==&mid=2247600381&idx=3&sn=8983ec6f6843d5a621640ed2887827d6,,7月27日，江西常瑞新材料有限公司新建锂电池电解液材料项目环境影响评价第一次公示。项目名称：新建锂电池电解液材料项目建设单位：江西常瑞新材料有限公司建设地点：江西省瑞昌经济开发区码头工业城化工集中区项目内容：项目建设完成后，形成年产1.65万吨锂电池电解液材料(其中硫酸乙烯酯15000吨、双硫酸乙烯酯1000吨、二氟二草酸磷酸锂500吨)及3510吨副产盐酸的生产能力项目公司简介：江西常瑞新材料有限公司成立于2026年6月，董事长为吴锡盾，专注于专用化学产品的制造、生产和销售，业务范围覆盖化工产品生产等领域文章来源：瑞昌市人民政府扫码加入中国储能行业通讯录免责声明：本公众号文章版权归原作者及原,7月27日，江西常瑞新材料有限公司新建锂电池电解液材料项目环境影响评价第一次公示。项目名称：新建锂电池电解液材料项目建设单位：江西常瑞新材料有限公司建设地点：江西省瑞昌经济开发区码头工业城化工集中区项目内容：项目建设完成后，形成年产1.65万吨锂电池电解液材料(其中硫酸乙烯酯15000吨、双硫酸乙烯酯1000吨、二氟二草酸磷酸锂500吨)及3510吨副产盐酸的生产能力项目公司简介：江西常瑞新材料有限公司成立于2026年6月，董事长为吴锡盾，专注于专用化学产品的制造、生产和销售，业务范围覆盖化工产品生产等领域文章来源：瑞昌市人民政府扫码加入中国储能行业通讯录免责声明：本公众号文章版权归原作者及原出处所有 。内容为作者个人观点， 并不代表本公众号赞同其观点和对其真实性负责。本公众号并不用于商业目的，如有涉及侵权等，请及时告知，我们会尽快处理。本公众号拥有对此声明的最终解释权。,,,,pending
2026新型电池储能与硅基负极技术交流会（深圳·10月）,储能前沿,储能前沿,"RIOnews API, 鹏辉能源, 储能, 储能系统, 系统集成, 循环寿命, 液冷, 负极材料, 快充",normal,2026-07-31T11:30:00+08:00,,在全球能源转型提速、我国储能产业规模与锂电产业链已居全球前列的背景下，行业仍面临储能技术迭代趋缓、长时储能经济性不足、产业化路径不清等系统性问题。同时，硅基负极材料因高容量、快充优势成为高比能电池的关键材料，但其体积膨胀、循环寿命、规模化制备与成本控制等瓶颈严重制约产业化进程。我院定于2026年10月27–29日在深圳同期举办两场专题会议：2026新型电池储能技术创新发展论坛——聚焦储能系统层面的技术突破与商业模式创新；2026硅基负极材料及应用技术交流会——深入研讨硅基负极的工程化难题与界面优化策略。两场会议系统联动，旨在从材料创新到系统集成协同推进，助力我国电池储能产业迈向成熟，为全球能源,http://mp.weixin.qq.com/s?__biz=Mzg3MjY1NTkxNg==&mid=2247600381&idx=2&sn=df069268b765ea46a0fd32cf0ead2744,,在全球能源转型提速、我国储能产业规模与锂电产业链已居全球前列的背景下，行业仍面临储能技术迭代趋缓、长时储能经济性不足、产业化路径不清等系统性问题。同时，硅基负极材料因高容量、快充优势成为高比能电池的关键材料，但其体积膨胀、循环寿命、规模化制备与成本控制等瓶颈严重制约产业化进程。我院定于2026年10月27–29日在深圳同期举办两场专题会议：2026新型电池储能技术创新发展论坛——聚焦储能系统层面的技术突破与商业模式创新；2026硅基负极材料及应用技术交流会——深入研讨硅基负极的工程化难题与界面优化策略。两场会议系统联动，旨在从材料创新到系统集成协同推进，助力我国电池储能产业迈向成熟，为全球能源,在全球能源转型提速、我国储能产业规模与锂电产业链已居全球前列的背景下，行业仍面临储能技术迭代趋缓、长时储能经济性不足、产业化路径不清等系统性问题。同时，硅基负极材料因高容量、快充优势成为高比能电池的关键材料，但其体积膨胀、循环寿命、规模化制备与成本控制等瓶颈严重制约产业化进程。我院定于2026年10月27–29日在深圳同期举办两场专题会议：2026新型电池储能技术创新发展论坛——聚焦储能系统层面的技术突破与商业模式创新；2026硅基负极材料及应用技术交流会——深入研讨硅基负极的工程化难题与界面优化策略。两场会议系统联动，旨在从材料创新到系统集成协同推进，助力我国电池储能产业迈向成熟，为全球能源转型提供有力支撑。 会议同期同地召开“第六届深圳氟硅材料高端应用展览会”、“2026ACMIE 化工新材料及精细化工展（华南站）”、 “深圳国际薄膜与胶带展”等二十场展览会。具体如下：扫码报名，一票通用01组织机构支持单位：中国石油和化学工业联合会中小企业工作委员会、硅产业绿色发展联盟 SAGSI主办单位：北京国化新材料技术研究院承办单位：ACMI新能源材料研究所支持媒体：储能前沿、ACMI 硅基新材料、氟化工、液冷与冷夜、ACMI 热视界、化工新材料会议网址：www.acmi.org.cn02暂定日程（一）时间地点会议时间：2026年10月27-29日会议场地：深圳国际会展中心（宝安新馆 14号馆）场地地址：深圳市宝安区福海街道展城路1号深圳国际会展中心（二）会议议程：03暂定议题新型电池储能技术论坛（10月28日）系列新政下新型储能应用前景分析——中国可再生能源学会储能专委会 李建林 秘书长全固态电池关键技术研究进展——中国科学院物理研究所 吴凡 博导题目待定——中山大学 卢侠 教授兴储世纪钠离子电池研究与进展——兴储世纪科技股份有限公司 苏恒 钠电研究院院长全钒液流电池产业发展与挑战——中国科学院金属研究所 严川伟 研究员长时储能钒电池技术及应用——上海电气储能科技有限公司 杨霖霖 总经理PEM在能源领域中的几种应用(暂定)——中国科学院上海有机化学研究所 郭勇副研究员题目待定——荣盛盟固利新能源科技股份有限公司 毛永志 技术总工程师“风光氢储用”一体化能力建设与探索——安徽明天氢能科技股份有限公司 张健 品牌总经理氢电联姻:从制氢到长时储能，构建新型电力系统的'缓冲器’与'稳定器——氢辉能源(深圳)有限公司硅碳负极材料论坛（10月28-29日上午）碳负极多孔炭:从前驱体选择、结构精准构筑到高性能负极——厦门大学能源学院 郑志锋 副院长/教授/博导CVD硅碳材料的跨尺度储能机制与多级结构调控——哈尔滨工业大学化工与化学学院 王博 教授/博导纳米硅的双重改性策略提高硅负极循环稳定性——沈阳工业大学环境与化学工程学院 史发年 教授/博导CVD硅碳材料基础研究与产业化进展——哈尔滨工业大学(深圳)慈立杰 教授高性能硅负极材料制备技术——昆明理工大学 席风硕 教授硅基负极在锂电池中的应用与发展——广州鹏辉能源科技股份有限公司储能与动力电池研究院 张贵萍 副院长硅基负极技术迭代过程中的挑战——中南大学冶金与环境学院 周向阳 教授/博导新型粘结剂技术助推高比能量电池商用进程——浙江大学化工学院 张庆华 教授/博导硅基负极在固态电池中的应用——深圳索理德新材料科技有限公司 贾亚龙 总经理微纳米颗粒原子层沉积技术在锂电池中的应用及产业化探索——柔电(武汉)科技有限公司 闻海 经理多孔硅的制备及其合成的硅碳复合材料——东北大学冶金学院 罗洪杰 教授/博导单壁碳纳米管在硅负极材料的应用——奥科希艾尔贸易(深圳)有限公司 支沧海 总经理氧化亚硅负极材料的首次库伦效率提升机制及应用——江西理工大学 李小成 教授，博士生导师分级多孔碳载体设计及新型硅基负极材料开发——中国科学院上海硅酸盐研究所 孙壮 副研究员硅基负极多功能胶粘剂设计及性能研究——上海大学 施利毅 教授更多专家邀请中……04收费标准05联系方式洪 燕：***********liuhongyan@acmi.org.cn周 雯：***********zhouwen@acmi.org.cn 曾龙龙：***********zenglonglong@acmi.org.cn 扫码加入中国储能行业通讯录免责声明：本公众号文章版权归原作者及原出处所有 。内容为作者个人观点， 并不代表本公众号赞同其观点和对其真实性负责。本公众号并不用于商业目的，如有涉及侵权等，请及时告知，我们会尽快处理。本公众号拥有对此声明的最终解释权。,,,,pending
研究透视：北京大学周欢萍，钙钛矿太阳能电池 | Science,今日新材料,今日新材料,"RIOnews API, 新材料, 钙钛矿, 电池, 学术研究, 大学, 教授",normal,2026-07-31T11:30:00+08:00,,钙钛矿太阳能电池perovskite solar cells (PSCs)的不稳定性，主要源于相关软质多组分钙钛矿晶格的界面缺陷形成和演化。近日，北京大学周欢萍教授团队Rundong Fan，Yue Ma，Shuoyang Xu等在Science上发文，报道了一种可扩展的等离子体基钝化策略，通过在大面积钙钛矿薄膜上的原位化学反应，形成保形、均匀且强键合的异质结构材料。该方法还减轻了激光划片互连区域内缺陷的积累，该区域内的局域损伤，通常是组件级性能损失的主要原因。因此，在小面积器件（活性面积8.313平方毫米）上，实现了27.2%的功率转换效率power conversion efficienc,http://mp.weixin.qq.com/s?__biz=MzkwMTEzMjE5OQ==&mid=2247682726&idx=3&sn=6a3ee1817695026db11a44ea89582443,,钙钛矿太阳能电池perovskite solar cells (PSCs)的不稳定性，主要源于相关软质多组分钙钛矿晶格的界面缺陷形成和演化。近日，北京大学周欢萍教授团队Rundong Fan，Yue Ma，Shuoyang Xu等在Science上发文，报道了一种可扩展的等离子体基钝化策略，通过在大面积钙钛矿薄膜上的原位化学反应，形成保形、均匀且强键合的异质结构材料。该方法还减轻了激光划片互连区域内缺陷的积累，该区域内的局域损伤，通常是组件级性能损失的主要原因。因此，在小面积器件（活性面积8.313平方毫米）上，实现了27.2%的功率转换效率power conversion efficienc,"钙钛矿太阳能电池perovskite solar cells (PSCs)的不稳定性，主要源于相关软质多组分钙钛矿晶格的界面缺陷形成和演化。近日，北京大学周欢萍教授团队Rundong Fan，Yue Ma，Shuoyang Xu等在Science上发文，报道了一种可扩展的等离子体基钝化策略，通过在大面积钙钛矿薄膜上的原位化学反应，形成保形、均匀且强键合的异质结构材料。该方法还减轻了激光划片互连区域内缺陷的积累，该区域内的局域损伤，通常是组件级性能损失的主要原因。因此，在小面积器件（活性面积8.313平方毫米）上，实现了27.2%的功率转换效率power conversion efficiency (PCE)，在100平方厘米（cm²）组件（孔径面积65.05 cm²）上，实现了24.0%的效率（认证效率23.5%）。小面积器件在85°C、1个太阳光照下，进行最大功率点追踪2000小时后，仍保持初始功率转换效率PCE的98.1%，100cm²组件在65°C、1个太阳光照下1600小时后，仍保持初始功率转换效率PCE的99.3%。Plasma surface engineering for efficient and stable perovskite solar cells and modules.等离子体表面工程用于高效稳定的钙钛矿太阳能电池及组件 图1：等离子体表面处理工艺的概念设计与初步验证。 图2：界面缺陷消除与器件效率提升。 图3：表面处理的均匀性与有效性。图4：面向大面积组件的等离子体处理工艺性能与实施情况。 图5：经等离子体处理样品的稳定性评估。干法等离子体刻蚀工艺，可形成钙钛矿‑氟化铅异质结构，并在大面积上钝化缺陷，同时保持体相薄膜的完整性。该工艺，将表面缺陷降低一个数量级，并且还可应用于激光划刻互连区域，而这些区域正是导致组件级别性能损失的主要因素。在85°C时，小面积器件，经过 2000 小时最大功率点追踪maximum power point tracking (MPPT) 后，仍保持初始 27% 光电转换效率power conversion efficiency (PCE)98%；而100 cm² 尺寸组件，在 65°C 温度时，经过 1600 小时最大功率点追踪MPPT后，仍保持初始 24%光电转换效率PCE 的99.3%。文献链接Rundong Fan et al. , Plasma surface engineering for efficient and stable perovskite solar cells and modules. Science 393, 490-497 (2026). DOI:10.1126/science.aeg1730本文译自Science。来源：今日新材料仅代表译者观点。若有误，请联系修改；若侵权，请联系删除！",,,,pending
通知公告 | 小型高端品牌交流活动+青年科学家沙龙活动-中国科技会堂,今日新材料,今日新材料,"RIOnews API, 新材料, 超材料, 电池, 绿色",normal,2026-07-31T11:30:00+08:00,,为深入贯彻党的二十届四中全会精神，锚定高水平科技自立自强战略目标，聚焦科技前沿组织深度研讨，激发青年科技人才跨学科创新活力，助力青年科技人才学术成长，小型高端品牌交流活动和青年科学家沙龙活动将于2026年8月在北京举办。本次专题论坛由中国材料研究学会承办，聚焦集成电路先进材料、力学超材料以及电池资源绿色再生原创技术等前沿方向，邀请领域顶尖专家学者、科研人员及产业界代表，共同交流最新研究进展，探讨关键技术突破路径，推动先进材料领域创新发展。现面向广大科技工作者开放参会报名，诚邀相关领域专家学者、科研人员及行业同仁共赴材料科技创新盛会！小型高端品牌交流活动01 集成电路先进材料研讨活动时间：202,http://mp.weixin.qq.com/s?__biz=MzkwMTEzMjE5OQ==&mid=2247682726&idx=7&sn=b012216bbf764042a4b64ed096b92e07,,为深入贯彻党的二十届四中全会精神，锚定高水平科技自立自强战略目标，聚焦科技前沿组织深度研讨，激发青年科技人才跨学科创新活力，助力青年科技人才学术成长，小型高端品牌交流活动和青年科学家沙龙活动将于2026年8月在北京举办。本次专题论坛由中国材料研究学会承办，聚焦集成电路先进材料、力学超材料以及电池资源绿色再生原创技术等前沿方向，邀请领域顶尖专家学者、科研人员及产业界代表，共同交流最新研究进展，探讨关键技术突破路径，推动先进材料领域创新发展。现面向广大科技工作者开放参会报名，诚邀相关领域专家学者、科研人员及行业同仁共赴材料科技创新盛会！小型高端品牌交流活动01 集成电路先进材料研讨活动时间：202,为深入贯彻党的二十届四中全会精神，锚定高水平科技自立自强战略目标，聚焦科技前沿组织深度研讨，激发青年科技人才跨学科创新活力，助力青年科技人才学术成长，小型高端品牌交流活动和青年科学家沙龙活动将于2026年8月在北京举办。本次专题论坛由中国材料研究学会承办，聚焦集成电路先进材料、力学超材料以及电池资源绿色再生原创技术等前沿方向，邀请领域顶尖专家学者、科研人员及产业界代表，共同交流最新研究进展，探讨关键技术突破路径，推动先进材料领域创新发展。现面向广大科技工作者开放参会报名，诚邀相关领域专家学者、科研人员及行业同仁共赴材料科技创新盛会！小型高端品牌交流活动01 集成电路先进材料研讨活动时间：2026年8月11日地点：中国科技会堂203会议室召集人：赵超，北京超弦存储器研究院本论坛聚焦先进芯片材料领域，面向未来逻辑芯片及DRAM、NAND及MRAM、FeRAM、PCRAM、SOM等存储器发展需求，重点关注新型互联材料(如Mo、&u等)、新型氧化物半导体材料(如IGZ0等)及新型三维架构材料(如外延高堆叠层数SiGe/Si材料等)。青年科学家沙龙活动02 力学超材料青年科学沙龙活动项目 时间：2026年8月12日地点：中国科技会堂203会议室召集人：任鑫，南京工业大学该青年科学家沙龙聚焦超材料领域的力学超材料分支，面向未来产业的航空航天、消费电子等重大战略需求，针对一线青年科学家重点关注的非共识性问题，研讨议题包括负泊松比材料、负刚度超材料、负热膨胀材料、点阵超材料、压电超材料等。小型高端品牌交流活动03 电池资源绿色再生原创技术研讨活动时间： 9月16日地点：中国科技会堂203会议室召集人：陈人杰，北京理工大学本论坛紧扣国家重大战略需求，以提升科技创新能力为导向，致力于为电池资源绿色再生原创技术领域专家打造高水平学术交流与成长平台通过多学科交叉融合，激发原创思想，培养未来领军人才。免费参会｜名额有限，先到先得参会方式：免费参会参会名额：每个专题论坛限20人名额有限，报名采取先到先得原则，欢迎相关领域科研人员、技术人员及行业代表积极报名参与。报名方式：请于2026年8月10日前提交报名信息。报名时请注明以下信息：① 姓名② 单位③ 联系电话④ 备注参加论坛名称（集成电路先进材料研讨活动 / 电池资源绿色再生原创技术研讨活动 / 力学超材料青年科学沙龙活动项目）联系人：刘老师联系电话：***********E-mail：ami_cmrs@163.com,,,,pending
李元元院士丨面向2035-中国新材料发展的战略思考,今日新材料,今日新材料,"RIOnews API, 新材料, 超材料, 钙钛矿, 电池, 量子, 绿色, 学术研究, 大学, 教授, 期刊",normal,2026-07-31T11:30:00+08:00,,中国材料大会2026李元元院士做题为《面向2035-中国新材料发展的战略思考》的报告2026年7月15日，中国工程院院士、华中科技大学李元元教授在武汉举办的“中国材料大会2026”上，作了题为《面向2035-中国新材料发展的战略思考》的主题报告。当前全球创新版图深度重构，大国科技竞争全面转向技术主权博弈。新材料作为工业革命的技术先导，事关国家战略地位与产业安全。面向2035年建成科技强国的宏伟目标，我国新材料产业虽已形成规模宏大、体系完备的发展格局，前沿研究迈入世界前列， 但仍存在“卡脖子”材料受制于人、数据与标准体系滞后等深层次挑战。基础研究亟需摆脱跟踪模仿与文献导向，必须向应用场景需求端转,http://mp.weixin.qq.com/s?__biz=MzkwMTEzMjE5OQ==&mid=2247682726&idx=2&sn=6548b92dbcec919a97507be18f122044,,中国材料大会2026李元元院士做题为《面向2035-中国新材料发展的战略思考》的报告2026年7月15日，中国工程院院士、华中科技大学李元元教授在武汉举办的“中国材料大会2026”上，作了题为《面向2035-中国新材料发展的战略思考》的主题报告。当前全球创新版图深度重构，大国科技竞争全面转向技术主权博弈。新材料作为工业革命的技术先导，事关国家战略地位与产业安全。面向2035年建成科技强国的宏伟目标，我国新材料产业虽已形成规模宏大、体系完备的发展格局，前沿研究迈入世界前列， 但仍存在“卡脖子”材料受制于人、数据与标准体系滞后等深层次挑战。基础研究亟需摆脱跟踪模仿与文献导向，必须向应用场景需求端转,中国材料大会2026李元元院士做题为《面向2035-中国新材料发展的战略思考》的报告2026年7月15日，中国工程院院士、华中科技大学李元元教授在武汉举办的“中国材料大会2026”上，作了题为《面向2035-中国新材料发展的战略思考》的主题报告。当前全球创新版图深度重构，大国科技竞争全面转向技术主权博弈。新材料作为工业革命的技术先导，事关国家战略地位与产业安全。面向2035年建成科技强国的宏伟目标，我国新材料产业虽已形成规模宏大、体系完备的发展格局，前沿研究迈入世界前列， 但仍存在“卡脖子”材料受制于人、数据与标准体系滞后等深层次挑战。基础研究亟需摆脱跟踪模仿与文献导向，必须向应用场景需求端转移，依托中国标准搭建自主可控的新材料技术体系，提速“AI+材料”范式革新，加码基础攻关，由此方能从底层破解技术壁垒，发展新质生产力，以期在全球技术角逐中占据有利位置。20261新材料的战略意义2026年7月8日，国家科学技术奖励大会、两院院士大会、中国科协第十一次全国代表大会在北京人民大会堂隆重召开。习近平总书记出席大会并发表重要讲话指出，这是在“十五五”开局之年召开的一次科技盛会。党的十八大以来，党中央把科技创新摆在现代化建设突出位置，系统擘画科技强国建设蓝图，深入推动实施创新驱动发展战略，全面深化科技体制改革，推动科技事业取得历史性成就、发生历史性变革。总书记强调，新一轮科技革命和产业变革深刻改变人类生产生活方式和世界发展格局，科技实力和创新能力越来越成为国家的核心竞争力。我们必须抓住历史机遇，迎接时代挑战，加快推进高水平科技自立自强，向着到2035年建成科技强国的目标坚定迈进，扎扎实实以科技创新支撑和引领中国式现代化。《中共中央关于制定国民经济和社会发展第十五个五年规划的建议》提出，到2030年，实现我国经济实力、科技实力、国防实力、综合国力和国际影响力大幅跃升，人均国内生产总值达到中等发达国家水平，基本实现社会主义现代化。“十五五”规划《纲要》明确提出，坚持把发展经济的着力点放在实体经济上，坚持智能化、绿色化、融合化方向，保持制造业合理比重，构建以先进制造业为骨干的现代化产业体系。在109项重大工程项目中，产业基础能力和竞争力提升位列首位，其中“高端新材料”被列为重点方向。新材料作为战略性、基础性产业，是高新技术竞争的关键领域，必将成为未来高新技术产业发展的基石和先导，对全球经济、科技、环境等各个领域发展产生深刻影响。当前全球创新版图深度重构。当前国际形势风云激荡，国际秩序面临重构，大国科技竞争升级为全球市场资源、技术与标准体系的全面博弈。分析我国新材料发展的机遇与挑战，明确未来产业发展的重大任务，对于建成科技强国具有十分重要的战略意义。纵观世界工业发展史，“一代材料，一代装备，一代工业革命”的规律清晰呈现。钢铁材料支撑了第一次工业革命，电池材料推动第二次工业革命，半导体材料引领第三次工业革命。当前以人工智能为核心驱动力的第四次工业革命，正在由新一代新材料所引领。经过不懈努力，我国通过实施“中国制造2025”等重大战略，完成了第三次工业革命的“补课”，已形成全球门类最齐全、规模第一的材料产业体系，全方位赶上了第四次工业革命的时代浪潮。新材料作为此次工业革命的技术先导，是“关键中的关键”。从国际格局看，70余年来主要发达国家无不把新材料发展作为国家首要战略。美国将材料创新视为保持其在能源、电动车、航空航天、芯片制造等领域领导地位的关键，通过《材料基因组计划》《国家纳米技术计划》和《宽禁带半导体技术计划》等多项战略计划，依托国家实验室体系和CHIPS法案强化基础研究与高性能材料能力。欧盟出台关键原材料法案，日本启动半导体再倍增计划，德国制定国家原材料战略。全球产业格局呈现美、日、欧三足鼎立态势，美国在原创技术、高端产品和标准制定方面全面领先，日本在纳米材料、碳纤维等领域技术优势突出，欧洲聚焦结构材料与关键原材料供应链安全。谁掌握了新材料，谁就掌握了未来发展的主动权。2我国新材料的发展概况建国70余年来，在党和政府的坚强领导下，我国新材料产业从建国初期的萌芽阶段，历经技术封锁下的跟踪模仿、基础积累、重点突破、体系发展，到如今形成以企业为主体的创新发展格局，走过了一条波澜壮阔的奋进之路。特别是改革开放以来，依托863计划、火炬计划、973计划、科技支撑计划、重点研发计划及科技重大专项等国家级科研计划，我国新材料自主创新能力显著增强，实现了从“跟跑”“并跑”到部分领域“领跑”的历史性跨越。（一）全球领先的产业规模2026年7月12日，央视《新闻联播》专题报道了我国新材料发展最新成就。今年以来，我国持续实施新材料重大专项、产业基础再造工程，已累计推动价值超550亿元新材料产品进入市场。我国已建成全球门类最齐全、规模第一的材料产业体系，新材料产业产值达到近10万亿元，100多种材料产量位居全球前列。中国材料研究学会统计数据显示，2025年产业总规模近10万亿元，较2020年增长超1.5倍，约占全球的三分之一，年均复合增长率约为20%，产值、增速均位居全球第一。2023年至2026年期间，全国新材料企业注册量由41.20万家增至74.7万家，规模以上企业超过2万家。我国力争在2030年总产值突破12万亿元。（二）显著增强的创新能力我国新材料产业领域发明专利和论文数量均位居世界第一。新材料产业重点领域密集取得原创性成果突破，惠及高端制造、人工智能等一批关键产业，成为培育新质生产力的重要引擎。在新型半导体、新能源储能、柔性光电等多个领域，新材料研发接连取得突破。（三）不断壮大的人才队伍我国新材料领域专业技术人才达到160余万人，位居世界第一。高校每年培养本科毕业生近10万人、硕士近5万人、博士近1.5万人，为长远发展奠定了坚实的人才基础。在科研机构方面，包括苏州国家实验室在内的国家级创新平台、全国重点实验室、国家工程技术研究中心和创新中心等达400余家。（四）日渐优化的产业布局我国新材料产业呈现“东部沿海聚集，中西部特色发展”的新格局。长三角、粤港澳大湾区、环渤海三大新材料产业集群呈现高速发展的新态势。西部、东北、中部地区正依托能源资源禀赋，逐步建成以深加工为特色的新材料产业基地。（五）自主突破的关键材料在超导材料、锂电池材料、光伏材料、动力电池材料、稀土永磁材料等关键材料领域，我国已进入自主发展阶段，部分材料处于国际领先水平。碳纤维、集成电路用大硅片、半导体、高性能陶瓷等一批“卡脖子”材料实现突破，并广泛应用于航空航天、高铁、集成电路等重大装备。在碳纤维领域，2026年初T1200级超高强度碳纤维实现工程化突破，高端航空碳纤维国产化率超80%。3我国新材料发展的问题与挑战在充分肯定成绩的同时，必须清醒看到，我国新材料发展面临的外部环境日益严峻，内部体系仍存在亟待解决的短板和问题。（一）外部环境挑战：科技主权博弈加剧从全球化弱化红利、隐性博弈、白热化对抗到当前技术霸权阶段，大国科技竞争已进入全供应链争夺的新阶段。美国出台“脱钩断链”“高墙小院”政策，欧盟提出“数字主权”，日本提出“技术护城河”。2023年底美国进一步提出针对中国的“多极互惠联盟”，以联盟化控制高端产品、孤立中国。“科技主权”已超越“领土主权”，成为大国博弈的新焦点。目前我国部分关键材料制备与应用技术仍受发达国家制约，仍有部分领域的关键材料还在做“最后一公里”的冲刺。（二）资源和能源争夺空前激烈我国锂、镍、钴、铌、铍、钽、锆、铂族等稀有金属资源严重依赖进口，整体缺口约在30%左右。关键材料的资源配置缺乏具有全球视野的战略顶层设计。步入2026年，全球高端产业链迎来共性难题，十二大类前沿核心材料接连出现供给收紧，以铼基合金为代表的战略新材料已成为左右全球高端制造话语权的底层博弈筹码。碳化硅、磷化铟、半导体高纯靶材等跨赛道核心材料同步面临供给承压，高端产能长期集中于海外头部企业。谁掌握矿产资源，谁就掌握下游新材料；谁控制能源流向，谁就掌握工业文明血液。（三）中国新材料体系存在三大关键命题一是教育明显滞后于材料科技前沿和产业发展。材料学科划分缺乏跨领域知识融合，实践认知环节较少，应用场景的价值引导不足。人才培养亟需从知识型向创新、创造、创业型转变，人才评价亟需强化创新能力、质量、实效和贡献导向。二是材料研发“内卷式”竞争严重，原创性不足。跟风追热点、搞“内卷式”竞争、同质化发展问题突出。问题的提出多以国内外参考文献为依据，没有直面材料产业发展中的真实难题。部分技术路线仍选择跟踪模仿，缺乏原创。科技成果转化率不高，存在研发与产业应用“两张皮”现象。“十五五”规划《纲要》明确提出要“综合整治‘内卷式’竞争”。三是技术牵引端缺乏有效的顶层整合或重点布局。地域性产业布局过于分散，缺少上下游之间的整合配套。重复建设严重，交叉错位不清，内耗式竞争较为突出。（四）新材料科普认知不足社会各界对新材料的认知程度落后于新材料的发展速度。政府有关部门、金融投资界、相关制造业对新材料性质、性能、用途的进展了解不足，影响了新材料的推广应用。4锚定面向2035年新材料发展目标面向2035科技强国建设目标，新材料领域需达到六大战略目标：（一）形成强大的基础研究和原始创新能力。持续产出重大原创性、颠覆性科技成果，原始创新能力步入世界前列。（二）打造强大的关键核心技术攻关能力。攻关160余种关键材料，“卡脖子”领域解决95%，有力保障高质量发展和高水平安全。（三）构建强大的国际影响力和引领力。成为世界重要科学中心和创新高地，“材料—器件”一体化水平世界领先。（四）形成强大的高水平科技人才培养和集聚能力。不断壮大国际顶尖科技人才队伍和国家战略科技力量。（五）塑造强大的科技治理体系和治理能力。形成世界一流的创新生态和科研环境。（六）铸就强大的支撑能力。确保高新技术、高端制造、重大工程和未来产业全面步入全球第一阵营。“AI+新材料”要形成全球优势竞争态势，再生新材料要达到世界先进水平。5面向2035新材料发展重大任务围绕原始创新能力、关键核心技术攻关能力、国际影响力、人才培养能力、科技治理能力、产业支撑能力等六大能力建设，系统推进新材料领域高质量发展。（一）聚焦高新技术领域关键材料突破围绕信息功能材料、航空航天材料、新能源材料、资源与环境材料、生物医用材料等重点方向，集中力量开展系统性攻关。信息功能材料方面，聚焦拓扑电子材料、超宽禁带半导体、量子信息材料等，有力支撑量子计算、先进芯片制造、6G基站等关键应用场景。航空航天材料方面，突破高性能碳纤维及复合材料、高温合金、超高温耐烧蚀材料等，支撑大飞机、深空运载火箭等重大工程。新能源材料方面，攻关固态电池材料、钙钛矿光伏材料、核能材料等，服务能源转型战略需求。明确将“人工智能+材料”作为重点发展方向。（二）面向高端制造和重大工程强化保障能力聚焦深海、深空、深地等极端服役环境，大力发展海洋用特殊合金、海水淡化膜材料、海洋牧场专用材料。T1200级超高强度碳纤维被誉为“又轻又强到离谱”的地表最强材料，拉伸强度突破8000MPa，相当于普通钢材的10倍，密度仅为钢材的四分之一。突破耐高温耐辐射金属材料、高性能超导材料、超大型复杂构件精密铸造材料，全面支撑深海工程、探月深空工程、第四代核裂变反应堆和聚变反应堆等重大工程建设。（三）瞄准未来产业超前布局前沿新材料面向量子科技、生物制造、氢能与储能、可控核聚变、脑机接口、第六代通信等未来产业领域，超前布局量子点材料、高性能生物催化剂载体材料、固体储氢材料、高温超导带材、柔性神经电极材料、太赫兹频段超材料等核心新材料。“十五五”规划《纲要》明确提出前瞻布局未来产业，构建未来产业全链条培育体系，组织实施未来产业发展示范工程。（四）把再生新材料循环利用上升为国家战略2026年1月，国家发展改革委会同有关部门印发《再生材料应用推广行动方案》，这是我国首个专门部署再生材料应用推广的政策文件。文件聚焦发展基础较好的钢铁、有色金属、塑料、纸等重点领域，以及规模化应用再生材料条件较好的汽车、电器电子产品、电池、纺织、包装等重点行业。国家发改委近期发布的《循环经济发展“十五五”规划》，明确将再生材料应用作为保障国家资源安全、实现绿色转型的关键路径。到2030年，资源循环利用产业产值将达到8万亿元，主要可再生资源年循环利用量达到5.1亿吨，大宗固体废弃物年综合利用量达到45亿吨左右。需以全球视野配置固体废弃物战略资源，加快固体废弃物循环利用研发及产业化，支持工业废弃物循环利用产业的发展。（五）抢抓“AI+新材料”历史性新机遇当前我国已全方位赶上人工智能大时代，新材料产业体系较为完备，完全有条件通过“换道超车”赢得主动。2026年4月，中国材料研究学会在广州南沙主办首届中国“AI+新材料”大会，旨在深入贯彻国家“人工智能+”行动，全面落实“AI+新材料”战略任务，打造面向全球的新材料学术、创新与产业发展制高点。多地密集出台专项政策推动AI与实体经济融合走深走实。传统材料研发方式周期长、成本高、效率低。AI正在重构材料创新的底层逻辑——依托AI强大的算力，能够解析微观的物质结构，有效预测材料性能。材料科学的瓶颈不在于“预测出来”，而在于“合成出来”，一项新材料从概念验证到小试、中试、生产，周期长达数年甚至数十年。要加快新材料研发领域数据库建设，推进生产环节数字孪生和无人工厂建设，深化应用端与研发端有效融合与协同。（六）加快构建“中制”新材料自主标准体系新材料国际竞争的本质是标准体系竞争。在全球科技趋于分立化、多元化的大势下，中国新材料自主标准体系需加快建设。四部门联合印发《标准提升引领原材料工业优化升级行动方案（2025—2027年）》。应强化国家标准委的指导监管职责，推动构建以中国行业协会为主导的“中制”产品标准体系和技术标准体系，逐步扭转在国际标准竞争中的弱势地位，提升全球话语权。（七）高质量布局并实施新材料2030重大专项围绕高温合金、高端装备用特种合金等重点领域，聚焦160多种关键材料，贯通材料机理规律、制备关键技术、产品工程应用的全过程。面向2040年，前瞻部署新材料领域的重大科学基础研究、重大工程科技攻关和重大工程项目。全国人大代表吕春祥建议，将新一代碳纤维、先进不锈钢、碳化硅衬底、铝镁合金、石墨烯等纳入国家“十五五”重点攻关清单，依托国家材料重大工程牵引，打造“技术攻关—中试放大—规模量产—示范应用”全链条项目集群。6中国材料研究学会的使命担当（一） 打造新材料领域国家级高端智库，形成战略决策、执行评估、动态调整的闭环。完善国家重大科技创新任务部署和组织实施机制，聚焦集成电路、先进制造等重点领域，深海、深空、深地等战略领域，一体部署重大工程和重大项目，统筹推进原始创新和关键核心技术攻关。党的二十届四中全会提出，要完善新型举国体制，采取超常规措施，全链条推动先进材料等重点领域关键核心技术攻关取得决定性突破。（二）“会员之家”打造材料人才高地。 大力弘扬科学家精神和工匠精神，打造一支有理想、有抱负、有情怀、有担当，长期专注于材料基础研究和工程科技创新的宏大人才队伍。推动材料教育改革，鼓励设立面向国际前沿和重大应用场景的集成化学科方向，加快“AI+新材料”及信息、能源、生命等多学科交叉融合。（三）打造面向全球的中国学术高地。中国材料研究学会持续举办十大品牌会议（和每年专题会议百余场）。例如，中国材料大会2025，不以专业设立论坛，设立125个论坛，主要涵盖 国家重大应用场景需求、前沿热点突破和边缘学科交叉，百余位院士 参会，线下近3万人规模，线上360余万（四）提升新材料全球科技治理能力。扩大高水平对外开放， 在确保安全的前提下，深度参与全球新材料创新网络。2025年12月，国际材料研究学会联合会（IUMRS）总部启动仪式在北京举行，标志着该全球性材料科技组织总部正式落户中国北京。自2026年1月1日起正式运行，中国材料研究学会全面承担其运营管理职责。这是中国首次承接该级别国际科技组织总部，标志着我国在全球材料科技治理体系中的话语权与影响力显著提升。IUMRS总部（中国）提出建立IUMRS Fellow体系、组织“全球百人科学家大会”、设立“人类命运共同体：全球材料科学最高荣誉大奖”、创办IUMRS官方期刊、打造IUMRS体系内国际材料标准体系等五项重大改革议案。（五）加大新材料科普力度。 “政产学研用”紧密协同，加大新材料科普力度，让更多人认知新材料、走近新材料、应用新材料。各级政府更加重视，设计及制造相关企业深度参与，从青少年教育开始注重新材料兴趣培养，鼓励利用大数据实现分层分级精准个性化推送，引导高质量科普成果。7 结 语新材料承载着中国式现代化的物质技术基础，关系着高水平科技自立自强的根基。站在新的历史起点上，我国新材料产业已从规模化发展阶段跨越到高质量发展阶段，产业产值近10万亿元，建成全球门类最齐全、规模第一的材料产业体系。但面向2035建成科技强国目标，时间紧迫，任务艰巨。全行业需锚定2035远景目标，破解资源、技术、人才、产业协同难题，持续攻克关键核心材料。我们有信心、有能力抓住历史机遇，迎接时代挑战，以新材料的大发展支撑科技强国目标如期实现，为强国建设、民族复兴筑牢物质根基。,,,,pending
研究透视：陈建历，近藤效应 | Science,今日新材料,今日新材料,"RIOnews API, 新材料, 量子, 学术研究, 大学, 教授, 科学院",normal,2026-07-31T11:30:00+08:00,,近藤效应Kondo effect是一种典型的量子现象，源于磁性杂质中，局域电子与金属基体中的巡游电子之间相互作用。尽管数十年来，这一现象一直是量子多体方法的试金石，但具备材料特异性的近藤物理的精确描述，仍然充满挑战。近日，加州理工学院Tianyu Zhu，Linqing Peng，陈建历院士Garnet Kin-Lic Chan团队在Science上发文，提出了一种系统的从头算（ab initio）方法，以收敛至近藤关联的零温电子精确处理。针对一系列3d过渡金属，提取出了近藤温度与精细的实验趋势，精度超越了标准模型。还进一步获得了这些趋势起源的微观洞见。更广泛地，实验展示了从完全从头算多体模拟,http://mp.weixin.qq.com/s?__biz=MzkwMTEzMjE5OQ==&mid=2247682726&idx=5&sn=fa83e96e4b76b51ec27c0c33354e9ee3,,近藤效应Kondo effect是一种典型的量子现象，源于磁性杂质中，局域电子与金属基体中的巡游电子之间相互作用。尽管数十年来，这一现象一直是量子多体方法的试金石，但具备材料特异性的近藤物理的精确描述，仍然充满挑战。近日，加州理工学院Tianyu Zhu，Linqing Peng，陈建历院士Garnet Kin-Lic Chan团队在Science上发文，提出了一种系统的从头算（ab initio）方法，以收敛至近藤关联的零温电子精确处理。针对一系列3d过渡金属，提取出了近藤温度与精细的实验趋势，精度超越了标准模型。还进一步获得了这些趋势起源的微观洞见。更广泛地，实验展示了从完全从头算多体模拟,"近藤效应Kondo effect是一种典型的量子现象，源于磁性杂质中，局域电子与金属基体中的巡游电子之间相互作用。尽管数十年来，这一现象一直是量子多体方法的试金石，但具备材料特异性的近藤物理的精确描述，仍然充满挑战。近日，加州理工学院Tianyu Zhu，Linqing Peng，陈建历院士Garnet Kin-Lic Chan团队在Science上发文，提出了一种系统的从头算（ab initio）方法，以收敛至近藤关联的零温电子精确处理。针对一系列3d过渡金属，提取出了近藤温度与精细的实验趋势，精度超越了标准模型。还进一步获得了这些趋势起源的微观洞见。更广泛地，实验展示了从完全从头算多体模拟出发，并朝着收敛预测的领域推进的可能性。Toward an exact quantum many-body treatment of Kondo correlation in magnetic impurities磁性杂质中，近藤关联的精确量子多体处理方法研究图1. 计算策略的图示与验证。图2. 杂质态密度、准粒子重整化、自旋矩、近藤温度及最低三重激发态轨道特征的变化趋势。图3. 从头算全轨道模拟与模型模拟比较。非磁性金属中的磁性杂质，在低于某一特征温度时，可与金属中的传导电子形成一种集体态。描述这一所谓“近藤问题”的物理特性，颇为棘手，通常需借助有效模型来完成。该项研究，采用了一种材料特异性的第一性原理方法。计算正确捕捉了七种元素系列中特征近藤温度的变化趋势。陈建历Garnet Kin-Lic Chan，现任美国加州理工学院Bren化学教授。本硕博均毕业于英国剑桥大学，2000 年在剑桥大学获得理论化学博士学位；后在加州大学伯克利分校和剑桥大学从事博士后研究。2004-2012 年在康奈尔大学任教，2012-2016 年在普林斯顿大学任教。2007年获得斯隆奖化学奖，2025年当选美国国家科学院院士。研究涉及理论化学、凝聚态物理学和量子信息论的交叉领域，主要研究与量子多粒子系统相关的现象和数值方法。文献链接Tianyu Zhu et al. , Toward an exact quantum many-body treatment of Kondo correlation in magnetic impurities. Science393,522-526 (2026). DOI:10.1126/science.adq7402本文译自Science。来源：今日新材料仅代表译者观点。若有误，请联系修改；若侵权，请联系删除！",,,,pending
研究透视：香港城市大学朱宗龙团队，钙钛矿太阳能电池 | Science,今日新材料,今日新材料,"RIOnews API, 新材料, 钙钛矿, 电池, 学术研究, 大学, 教授",normal,2026-07-31T11:30:00+08:00,,用于倒置(p-i-n)钙钛矿太阳能电池的富勒烯基电子传输层electron transport layers (ETLs)面临成本、可扩展性和不稳定性等问题，而高度稳定的无机氧化物，则存在不利的能级排列和增强的迟滞效应，从而降低了功率转换效率power conversion efficiency (PCE)。近日，香港城市大学朱宗龙教授等Danpeng Gao，Jie Gong，Lei Yang等，在Science上发文，报道了一种非富勒烯共轭聚合物2PB-T，主链中引入了共面且具吸电子性质的苝二酰亚胺perylene bisimide (PBI) 单元。苝二酰亚胺PBI聚合物主链和侧链工程，,http://mp.weixin.qq.com/s?__biz=MzkwMTEzMjE5OQ==&mid=2247682726&idx=4&sn=07b396e74a17529600c7983f02a0581b,,用于倒置(p-i-n)钙钛矿太阳能电池的富勒烯基电子传输层electron transport layers (ETLs)面临成本、可扩展性和不稳定性等问题，而高度稳定的无机氧化物，则存在不利的能级排列和增强的迟滞效应，从而降低了功率转换效率power conversion efficiency (PCE)。近日，香港城市大学朱宗龙教授等Danpeng Gao，Jie Gong，Lei Yang等，在Science上发文，报道了一种非富勒烯共轭聚合物2PB-T，主链中引入了共面且具吸电子性质的苝二酰亚胺perylene bisimide (PBI) 单元。苝二酰亚胺PBI聚合物主链和侧链工程，,"用于倒置(p-i-n)钙钛矿太阳能电池的富勒烯基电子传输层electron transport layers (ETLs)面临成本、可扩展性和不稳定性等问题，而高度稳定的无机氧化物，则存在不利的能级排列和增强的迟滞效应，从而降低了功率转换效率power conversion efficiency (PCE)。近日，香港城市大学朱宗龙教授等Danpeng Gao，Jie Gong，Lei Yang等，在Science上发文，报道了一种非富勒烯共轭聚合物2PB-T，主链中引入了共面且具吸电子性质的苝二酰亚胺perylene bisimide (PBI) 单元。苝二酰亚胺PBI聚合物主链和侧链工程，通过优化电子传输性能、薄膜均匀性和界面结合，解决了小分子电子传输层ETL的不稳定性问题。小面积器件，实现了27.8%的冠军功率转换效率PCE，认证最大功率点跟踪maximum power point tracking (MPPT)效率为27.3%。面积为20.6和625平方厘米的钙钛矿组件分别达到了24.4%和22.5%的功率转换效率PCE。在85°C空气中，小面积器件连续MPPT 1752小时后，仍保持初始PCE的98.6%以上；625平方厘米组件在户外运行5900小时后，仍保持初始PCE的96.9%。n-Type polymer layers enable efficient, scalable, and thermally stable perovskite solar modules.n型聚合物层能够实现高效、可规模化生产且热稳定的钙钛矿太阳能组件。 图1：分子设计与界面电荷传输。 图2：薄膜结构与界面表征。 图3：器件与模块光伏性能。 图4：加速及户外试验下的运行稳定性。在主链中引入吸电子苝二酰亚胺基团的聚合物，解决了钙钛矿太阳能电池中，基于富勒烯的电子传输层不稳定的问题。该聚合物的缠结链，还能形成稳定的物理结构，抑制聚集和降解。面积为625平方厘米的钙钛矿组件，功率转换效率达到22.5%，并在户外运行5900小时后，仍保持了初始效率的97%。文献链接Danpeng Gao et al. , n-Type polymer layers enable efficient, scalable, and thermally stable perovskite solar modules. Science 393, 498-503 (2026). DOI:10.1126/science.aed8175本文译自Science。来源：今日新材料仅代表译者观点。若有误，请联系修改；若侵权，请联系删除！",,,,pending
ACS Nano：选择性 91.7%，p-甲氧基甲苯电氧化为p-甲氧基苯甲醛,有机电催化,有机电催化,"RIOnews API, 电化学合成, 电催化",normal,2026-07-31T11:30:00+08:00,,C(sp3)—H活化｜电催化氧化｜双位点催化一句话看懂木质素来源芳香烃的苄位C(sp3)—H键氧化常同时受底物吸附、活性氧生成和过氧化副反应制约。该研究构建MnO2/Co3O4/NC双位点催化剂，将p-甲氧基甲苯吸附与ROS生成分别定位于Co和Mn位点；温和条件下p-甲氧基苯甲醛选择性为91.7%，法拉第效率为89.0%。苄位C(sp3)—H键键能较高且不同C—H键反应性接近，选择性氧化容易伴随深度氧化和多种副产物。单一活性位若同时承担底物富集和ROS生成，可能出现竞争吸附或位点溶解。将两类功能分置于相邻而不同的金属位点，是降低这些耦合限制的一种思路；关键在于证明功能分工而非仅报告更高产率。核,http://mp.weixin.qq.com/s?__biz=MzUyNTc2ODMyOQ==&mid=2247560919&idx=1&sn=6c8365f098e16b0c6e193622fbcf2e03,,C(sp3)—H活化｜电催化氧化｜双位点催化一句话看懂木质素来源芳香烃的苄位C(sp3)—H键氧化常同时受底物吸附、活性氧生成和过氧化副反应制约。该研究构建MnO2/Co3O4/NC双位点催化剂，将p-甲氧基甲苯吸附与ROS生成分别定位于Co和Mn位点；温和条件下p-甲氧基苯甲醛选择性为91.7%，法拉第效率为89.0%。苄位C(sp3)—H键键能较高且不同C—H键反应性接近，选择性氧化容易伴随深度氧化和多种副产物。单一活性位若同时承担底物富集和ROS生成，可能出现竞争吸附或位点溶解。将两类功能分置于相邻而不同的金属位点，是降低这些耦合限制的一种思路；关键在于证明功能分工而非仅报告更高产率。核,"C(sp3)—H活化｜电催化氧化｜双位点催化一句话看懂木质素来源芳香烃的苄位C(sp3)—H键氧化常同时受底物吸附、活性氧生成和过氧化副反应制约。该研究构建MnO2/Co3O4/NC双位点催化剂，将p-甲氧基甲苯吸附与ROS生成分别定位于Co和Mn位点；温和条件下p-甲氧基苯甲醛选择性为91.7%，法拉第效率为89.0%。苄位C(sp3)—H键键能较高且不同C—H键反应性接近，选择性氧化容易伴随深度氧化和多种副产物。单一活性位若同时承担底物富集和ROS生成，可能出现竞争吸附或位点溶解。将两类功能分置于相邻而不同的金属位点，是降低这些耦合限制的一种思路；关键在于证明功能分工而非仅报告更高产率。核心问题能否通过Mn与Co位点的功能分工，分别优化底物吸附和ROS生成，从而提高木质素来源芳香烃苄位C(sp3)—H氧化的选择性？本文要点1. 构筑MnO2/Co3O4/NC双位点体系，作者将底物吸附归于Co位点、ROS生成归于Mn位点。2. 在MeCN/H2O（9:1）和0.2 M TBABF4条件下，p-甲氧基甲苯转化率为93.4%，p-MBA选择性为91.7%。3. 原位ATR-IRAS、自由能计算和位点对照用于比较*OH与*OOH路径及副产物形成差异。4. 研究进一步测试木质素降解液中的p-甲氧基甲苯来源、催化稳定性及其他苄位C(sp3)—H底物。双位点解耦策略图 1. p-甲氧基甲苯氧化路径，以及单一位点与Mn/Co双位点中底物吸附和ROS生成位置的对比。图中将单一位点上的底物吸附与ROS生成并置，而双位点策略把两过程分别安排在Co和Mn中心；这些信息支持以功能分工降低竞争吸附的设计逻辑；但具体位点贡献仍需由后续谱学和对照实验检验。MnO2/Co3O4/NC的结构基础图 2. 催化剂合成路线，以及XRD、电子显微、元素分布和局域结构表征。合成与结构表征显示Mn、Co氧化物组分共同分散于氮掺杂碳载体，并形成可区分的局域环境；这些结果支持双组分材料的结构归属；但不单独证明工作电位下各位点的实际反应功能。温和条件下的p-MT氧化表现图 3. Co3O4/NC、MnO2/NC与双位点催化剂的产物选择性、法拉第效率和生成速率比较。双位点催化剂在选择性、法拉第效率和产物生成速率的对比中均优于两个单组分对照；这些结果支持Mn/Co组合与p-MBA选择性提升相关；但性能差异本身不能区分电子效应、位点数量和传质等贡献。*OOH路径与副反应抑制图 4. 原位ATR-IRAS谱、传统*OH与提出的*OOH路径比较，以及相应自由能图。原位振动信号与计算自由能图分别显示双位点体系中的中间体响应和两条路径的能量差异；这些结果支持*OOH路径与较少副产物形成相一致的解释；但完整反应网络仍需在所测电位和底物条件下理解。可以继续思考什么？Mn/Co位点间的距离、比例和电子耦合能否被独立调节，以定量分离吸附与ROS生成的贡献？木质素真实降解液中的酚类、盐和复杂氧化产物会如何影响位点寿命和产物分离？文献信息论文题目：Decoupling Substrate Adsorption and Reactive Oxygen Species Generation on Dual-Site Catalyst for Efficient Electrocatalytic C(sp3)‑H Activation期刊：ACS Nano, 2026, ASAPDOI：10.1021/acsnano.6c07253通讯作者：Lisong Chen有机电催化学术交流QQ群: 692419836",,,,pending
156位专家！这场储能盛会14个专场总议程发布,储能网,储能网,"RIOnews API, 储能, 储能系统, 系统集成, 系统集成商, PCS, EMS, BMS, 融资, 发布, 认证",normal,2026-07-31T11:17:59+08:00,,中国储能网讯：CIES2026第十六届中国国际储能大会于2026年8月10-11日在浙江杭州洲际酒店召开。此次大会将集中展示：储能系统集成、储能电池、PCS、BMS、EMS、温控、消防、检测认证、熔断器/继电器、智能控制系统、人工智能、AIDC解决方案及其他储能装置等一系列先进技术成果。预计有来自政府机构、科研院所、电网公司、发电集团、负荷聚合商、EPC总包企业、AIDC、系统集成商、储能电池与装备企业、能源服务商、项目开发企业、投融资机构、国际行业协会、国际能源服务商等1000余家企业参会交流。一、交通参考酒店距萧山国际机场：27公里（地铁7号线直达）酒店距杭州火车东站：9公里（地铁4号线直,http://mp.weixin.qq.com/s?__biz=MzA3MjA3MzgwNw==&mid=2651977973&idx=1&sn=c1c48694a268c4c2f241902281eab579,,中国储能网讯：CIES2026第十六届中国国际储能大会于2026年8月10-11日在浙江杭州洲际酒店召开。此次大会将集中展示：储能系统集成、储能电池、PCS、BMS、EMS、温控、消防、检测认证、熔断器/继电器、智能控制系统、人工智能、AIDC解决方案及其他储能装置等一系列先进技术成果。预计有来自政府机构、科研院所、电网公司、发电集团、负荷聚合商、EPC总包企业、AIDC、系统集成商、储能电池与装备企业、能源服务商、项目开发企业、投融资机构、国际行业协会、国际能源服务商等1000余家企业参会交流。一、交通参考酒店距萧山国际机场：27公里（地铁7号线直达）酒店距杭州火车东站：9公里（地铁4号线直,中国储能网讯：CIES2026第十六届中国国际储能大会于2026年8月10-11日在浙江杭州洲际酒店召开。此次大会将集中展示：储能系统集成、储能电池、PCS、BMS、EMS、温控、消防、检测认证、熔断器/继电器、智能控制系统、人工智能、AIDC解决方案及其他储能装置等一系列先进技术成果。预计有来自政府机构、科研院所、电网公司、发电集团、负荷聚合商、EPC总包企业、AIDC、系统集成商、储能电池与装备企业、能源服务商、项目开发企业、投融资机构、国际行业协会、国际能源服务商等1000余家企业参会交流。一、交通参考酒店距萧山国际机场：27公里（地铁7号线直达）酒店距杭州火车东站：9公里（地铁4号线直达）酒店距杭州火车城站：5公里（地铁1号线直达）酒店距西湖景区：6.5公里酒店距市民中心地铁站：50米酒店距万象城购物中心：1000米二、酒店预定主办方推荐入住协议酒店如下：1、杭州洲际酒店酒店地址：浙江省杭州市江干区解放东路2 号（主会场）订房电话：金经理***********订房信息：中国国际储能大会豪华(单人房/双人房):协议价880元/晚，含早餐 2、雷迪森维嘉酒店（杭州钱江新城城星路地铁站）酒店地址：浙江省杭州市上城区钱江新城城星路89号（距离约700米）订房电话：胡伏鑫***********订房信息：中国国际储能大会大床房/双床房：协议价400元/晚，含早餐 3、美居酒店（杭州钱江新城）酒店地址：浙江省杭州市上城区解放东路37号财富金融中心52层（距离约300米）订房联系人：李锦锦***********订房信息：中国国际储能大会高级大床房/双床房：协议价400元/晚，含早餐城景大床房/双床房：协议价500元/晚，含早餐江景大床房/双床房：协议价600元/晚，含早餐 4、全季杭州钱江新城市民中心酒店酒店地址：浙江省杭州市江干区城星路100号全季酒店（距离约1公里）订房电话：余经理***********订房信息：中国国际储能大会大床房/双床房：协议价350元/晚，含早餐舒压大床/高级双床：协议价380元/晚，含早餐商务大床：协议价400元/晚，含早餐 5、桔子水晶杭州钱江新城酒店酒店地址：浙江省杭州市上城区市民街188号迪凯城星国际中心2幢杭州钱江新城橘子水晶酒店（距离约800米）订房电话：于德森***********订房信息：中国国际储能大会高级大床（封闭窗）400/晚，含早豪华大床/豪华双床450/晚，含早商务大床/商务双床500/晚，含早 三、温馨提示活动前请保持报名预留的手机、邮件畅通，会务组会实时推送大会消息提示，请注意查看。您也可以关注储能网微信公众号查看大会最新信息。欢迎参加CIES2026第十六届中国国际储能大会！中国国际储能大会组委会参会报名联系人：李湘：***********博乐：***********一审：潘 望二审：王谊秀由于微信改版，关注后请点击右上角，选择“设为星标”与“置顶”，以获得最新的文章更新投稿联系电话：***********（同微信）地址：北京市西城区阜成门外四川大厦东塔楼30层官网：www.escn.com.cn 投稿邮箱：ly83518@126.com,,,,pending
全球50余位专家联合发布2026固态电解质路线图，揭示下一代固态电池核心材料方向！,科研云平台,科研云平台,"RIOnews API, 新材料, 电池材料, 复合材料, 碳, 聚合物, 高比能, 锂金属, 硅, 凝胶, 前沿表征, 原位, 工况, 高通量, 固态电池, 固态电解质, 新型电池, 钠离子电池, 学术研究, 大学, 教授, 科学院, 研究所, 宁德时代, 宁德新能源, 时代新能源, 国轩高科, 国轩, 远景动力, 欣旺达, 欣旺达动力, 孚能科技, 鹏辉能源, LFP, NCM, 储能, 高安全, 热失控, 长循环, 循环寿命, 电池回收, 正极材料, 电解液, 投资, 发布, 实验室, 量产",normal,2026-07-31T11:13:00+08:00,,"Citation: Florian Strauss, Torsten Brezesinski, Saneyuki Ohno, Yi Huang, Peng Song, Xabier Martinez de Irujo-Labalde, Wolfgang G Zeier, Jelena Popovic-Neuber, Hugo Braun, Arndt Remhof et al. 2026 roadmap on next-generation solid electrolytes for battery applications[J]. Materials Futures, 2026, 5(3)",http://mp.weixin.qq.com/s?__biz=MzUyMzk5OTg3Ng==&mid=2247517805&idx=1&sn=19cbdd2ded50e1f4ba157676f4c5784b,,"Citation: Florian Strauss, Torsten Brezesinski, Saneyuki Ohno, Yi Huang, Peng Song, Xabier Martinez de Irujo-Labalde, Wolfgang G Zeier, Jelena Popovic-Neuber, Hugo Braun, Arndt Remhof et al. 2026 roadmap on next-generation solid electrolytes for battery applications[J]. Materials Futures, 2026, 5(3)","Citation: Florian Strauss, Torsten Brezesinski, Saneyuki Ohno, Yi Huang, Peng Song, Xabier Martinez de Irujo-Labalde, Wolfgang G Zeier, Jelena Popovic-Neuber, Hugo Braun, Arndt Remhof et al. 2026 roadmap on next-generation solid electrolytes for battery applications[J]. Materials Futures, 2026, 5(3): 033001. DOI: 10.1088/2752-5724/ae5120文章导读随着全球能源结构加快向低碳化、电气化和可持续化方向发展，新能源汽车、大规模储能及便携式电子设备等领域对高性能储能技术提出了更高要求。传统锂离子电池经过三十余年的发展，已实现商业化并广泛应用于多个领域。然而，由于采用易燃有机液态电解液，其在高能量密度条件下仍存在热失控、泄漏及燃烧等安全隐患，同时难以满足高电压正极和金属锂负极体系对电解质稳定性的要求。因此，开发兼具高安全性、高能量密度和长循环寿命的新一代储能体系，已成为当前电化学储能领域的重要研究方向。在Materials Futures主编、德国卡尔斯鲁厄理工学院Torsten Brezesinski教授的牵头组织下，全球50余位专家共同绘制下一代固态电解质发展路线图，对近年来具有代表性的固态电解质材料进行了系统梳理，包括硫化物、卤化物、后锂/钠无机固态电解质、硼氢化物、完全还原型固态电解质、非晶及玻璃陶瓷固态电解质等新型材料体系；同时，对氧化还原活性固态电解质、规模化加工制造、高通量计算与机器学习辅助材料设计、先进原位表征技术、核磁共振分析以及固态电池回收利用等研究方向进行了总结。作者认为，未来固态电解质的发展将更加依赖材料科学、数据科学与制造技术的深度融合，并通过跨学科协同推动材料设计、智能研发、先进表征及循环利用等关键技术的发展，为高安全、高能量密度和可持续发展的全固态电池提供支撑。本文要点01下一代固态电解质，正在重新定义""好材料""传统锂离子电池使用易燃液态电解液，存在安全隐患；同时，液态电解液与锂金属负极和高电压正极的兼容性差，限制了能量密度的进一步提升。固态电解质（SE）因其不可燃、可匹配锂金属负极、宽电化学窗口等优势，成为下一代电池的核心。过去二十多年，学术界几乎默认""离子电导率越高越好""。因此，大量研究工作都集中在提高Li⁺迁移速率，希望达到甚至超过液态电解液的水平。然而作者指出，这种评价标准已经难以满足未来全固态电池的发展需求。真正具有产业化潜力的固态电解质，应至少满足以下几个方面的要求：高离子电导率（>1 mS/cm）宽电化学窗口良好的机械顺应性（易于冷压成型）空气/湿度稳定性低成本、可规模化制备可回收性作者强调，上述指标之间往往存在相互制约。例如，提高机械强度可能降低界面接触，追求更高离子电导率又可能牺牲空气稳定性。因此，未来材料设计的目标不是让某一个指标达到极致，而是在多个性能之间寻找综合平衡。这一观点也代表了当前固态电解质研究思路的重要转变：从""单一性能最优""走向""系统性能最优""。图1.展示了硫化物、卤化物、氧化物等各类SE的年发文量增长趋势，硫化物仍占主导，卤化物近年来增长迅速。02各类固态电解质的核心进展与挑战（1）硫化物固态电解质硫化物固态电解质（Sulfide Solid Electrolytes）因具有优异的离子传输性能和良好的机械加工性能，是目前全固态电池研究最深入、最具产业化前景的一类无机固态电解质。其优势在于高极化的S²⁻阴离子赋予的快速离子传输，以及机械柔软性（可冷压成型）。尽管硫化物固态电解质具有诸多优势，但在实际应用过程中仍面临一系列挑战。挑战具体问题解决方向结晶度与性能权衡高结晶度提供高电导率，但易开裂;玻璃态韧性好但电导率低玻璃-陶瓷复合材料可重复性同一材料的电导率在不同实验室偏差>50%(2020年实验室间比对)建立标准化测试方法安全性与NCM正极在150℃释放氧气，引发爆燃;遇水释放H2S低电压正极(LFP、S)、氧掺杂、表面涂层界面稳定性对锂金属和高压正极均不稳定界面层（Li3N、LiF、LiBH4等）亮点进展：高熵设计：Li9.54[Si1-δMδ]1.74P1.44S11.1Br0.3O0.6（M=Ge,Sn）达到32 mS/cm，为目前最高值。高熵通过引入“挫败能垒”降低活化能。AI辅助发现：Cho等人通过主动学习发现了电导率13.02 mS/cm的Li-硫银锗矿。大规模制备：Idemitsu（出光兴产）已开始开发低成本Li₂S合成路线；Mitsui Kinzoku（三井金属）于2024年9月启动硫银锗矿的量产。图2.对比了各类SE的电导率，硫化物处于最顶端。（2）卤化物固态电解质与硫化物固态电解质相比，卤化物材料不仅具有较高的锂离子电导率，而且表现出更优异的高电压氧化稳定性和良好的正极兼容性，因此被认为是实现高能量密度全固态电池的重要候选材料。挑战具体问题对锂不稳定与锂金属/Li-In合金接触后还原分解，生成LiCI和金属M，形成高阻抗界面Na+体系电导率低Na3MCl6的离子电导率仅~10-5S/cm(远低于Li+类似物)湿度敏感含AI3+、Zr4+、Ta5+等硬酸的卤化物极易水解亮点进展：非晶态/玻璃态氧氯化物物：LiMOCl₄（M=Nb,Ta）通过部分O取代Cl，形成玻璃态结构，电导率>10 mS/cm。黏土状卤化物：nLiCl-GaF₃体系具有动态还原稳定性：Li₃YCl₃Br₃在0.2 V vs Li⁺/Li下仍稳定，可与红磷负极匹配。图3.总结了卤化物SE的两大核心挑战：离子电导率和化学稳定性。（3）后锂/钠体系随着锂资源成本增加以及对高容量储能体系的需求，研究者开始探索超越传统锂离子和钠离子电池的新型电池体系，包括镁离子、钙离子、锌离子、铝离子以及钾离子电池等。这些体系具有资源丰富、成本低以及多电子转移能力等优势，被认为是未来储能技术的重要候选方向。后锂/钠体系在固态电池中的应用仍面临离子传输、电子绝缘性以及界面稳定性等多方面挑战。离子代表材料电导率关键问题K+K3SbS4(W/CI掺杂)~10-4 S/cm与K金属界面不稳定Mg2+MgYb2Se4(尖晶石)~10-3 S/cm (计算)电子电导率高，需离子凝胶夹层Ca2+Ca(CB11H12)2~10-5 S/cm仅与CaSn3合金测试，未与纯Ca匹配F-BaSnF4、 (CaF2）x(BaF2)1-x~10-4 S/cm已有Zn/BiSnF4/BiF3电池验证图4.总结了影响后Li/Na SE性能的三大因素：结构因素、电化学性质、电池应用。（4）氢硼化物（Hydroborates）氢硼化物是一类近年来受到广泛关注的新型固态电解质，其主要结构单元为含氢硼阴离子。该类材料由于具有较高的离子电导率、良好的机械顺应性或良好的冷压加工性能，被认为是固态电池的重要候选材料。主要优势：宽电化学窗口：与锂金属和高压正极（NMC811）均兼容。溶液可加工：可溶解后浸渍多孔电极。高热稳定性：~400℃，低毒性。主要挑战：高成本：Li₂B₁₂H₁₂约USD 10000/kg, LiCB₁₁H₁₂ 约USD 500 000/kg枝晶问题：使用Li或Na金属负极时仍受枝晶限制，因此许多研究采用Li-In或NaSn合金作为模型负极。前景：若能从NaBH₄开发出低成本合成路线，氢硼化物有望成为兼具高安全、轻量化和宽窗口的SE。图5. 氢硼化物的阴离子结构。图6. 氢硼化物代表性电池性能。（5）全还原（不可还原）电解质固态电池中，负极/电解质界面稳定性是影响循环性能的关键因素。传统固态电解质与低电势金属锂接触时，可能发生还原分解，导致界面阻抗增加。材料电导率（S/cm）还原极限（V）氧化极限（V）Li3N~10-3~0.5~0.5Li3P~10-4~1-Li2S~2.2-LiF~6.3-Li7N2I3x10-4~1.1-Li2.65S0.35N0.15P0.5~10-3~1.1-关键策略：反萤石结构：通过机械化学合成，在Li₂S-Li₃P等体系中引入阴离子无序，形成快离子通道。多电解质架构：不可还原SE用作阳极侧电解质（anolite），与耐氧化阴极电解质（如卤化物）配对，构建双电解质电池。图7. 双电解质架构。图8. 阴离子无序对离子电导率的影响。（6）非晶态（Amorphous）固态电解质非晶态固态电解质缺少长程有序晶体结构，因此不存在传统晶界限制。这类材料通常具有均匀的离子迁移路径和较好的界面接触能力。图9. 电导率提升机制。挑战：非晶态SE的结构表征困难，缺乏统一的设计准则。目前大多数非晶SE的研究仍从晶体类似物出发，化学空间探索远不如晶体体系。图10. 总结了非晶态SE的离子电导率分布：硫化物最高（~10⁻² S/cm），氧化物最低（~10⁻⁶-10⁻⁴ S/cm）。（7）玻璃陶瓷（Glass-Ceramic）固态电解质玻璃陶瓷电解质是一类介于非晶玻璃和晶态陶瓷之间的材料，通过控制热处理过程，使玻璃基体中形成纳米晶相。典型代表是70Li₂S-30P₂S₅体系：玻璃态电导率~0.05 mS/cm，完全结晶态~10⁻⁸ S/cm，而玻璃-陶瓷态可达~3 mS/cm。卤化物玻璃-陶瓷：LiMOCl₄（M=Nb,Ta）：通过部分O取代Cl，形成玻璃-陶瓷，电导率>10 mS/cm。Li-Al-O-Cl（LAOC）体系：具有较低模量和优异的加工性，可通过热熔融浸渍电极。挑战：溶剂不兼容：卤化物对几乎所有溶剂均敏感，难以通过溶液法调控粒径。空气稳定性差：含Al、Zr、Ta等硬酸金属的卤化物极易吸潮。与硫化物不兼容：卤化物/硫化物界面易形成高阻抗层（如InS层）。（8）氧化还原活性电解质（Redox-Active SEs）传统观点认为固态电解质应仅承担离子传输功能，而不能参与电池氧化还原过程。然而近年来提出，具有氧化还原活性的固态电解质可以同时承担离子传输和储能功能，拓展了传统固态电解质的设计思路。图11.固态电池的固态电解质分类。03跨领域技术：从实验室到产业化（1）规模化制备原文强调，固态电解质的产业化不仅取决于材料性能，还受到加工工艺、制造成本及生产效率等因素的影响。目前，不同类型固态电解质已形成各具特点的制备路线。SE类型常用方法优点缺点聚合物溶液浇铸、干法热压简单、连续生产溶剂毒性、电导率低氧化物固相反应+高温烧结空气稳定能耗高、致密化难硫化物高能球磨、熔融淬火、固相反应电导率高湿度敏感、石英管尺寸受限卤化物球磨、固相反应、液相法电导率较高溶剂不兼容、PTFE粘合剂与Li反应复合膜湿法涂布、干法辊压(PTFE)柔性、薄基于PTFE的复合膜对锂金属稳定性较差，易分解（2）高通量与机器学习随着固态电解质材料体系不断丰富，仅依靠传统实验筛选新材料已难以满足研发需求。原文指出，高通量计算能够快速评估大量材料组成和晶体结构，为潜在固态电解质的发现提供理论依据；机器学习则能够利用已有实验数据和计算数据建立材料组成、结构特征与性能之间的关联模型，从而实现新材料的快速预测和优化。成功案例：Cho等人通过主动学习发现了电导率13.02 mS/cm的Li-硫银锗矿。Han等人通过变分自编码器从300个相图中选出Li₇Si₂S₇I，电导率~10⁻² S/cm。未来挑战：惰性气氛下的高通量合成：硫化物/卤化物对空气敏感，需要全封闭自动化。全固态电池的高通量测试：临界电流密度（CCD）测试存在很大波动性（同一电池多次测量值差异大），需要建立标准化测试方法。图12. McCalla组的高通量筛选流程。（3）原位/工况表征Operando 原位表征技术能够在电池实际充放电过程中实时获取材料结构和界面变化信息，是研究全固态电池工作机制的重要工具。与传统离位测试相比，原位技术能够连续监测材料在工作状态下的动态演化过程，更真实地反映电池内部发生的物理和化学变化。近年来，同步辐射 X 射线衍射（XRD）、中子衍射、X 射线吸收谱（XAS）、拉曼光谱、电子显微镜以及 X 射线计算机断层扫描（X-ray CT）等多种原位技术已广泛应用于固态电池研究。这些技术能够实时观察锂离子的迁移路径、晶体结构变化、相变过程、锂枝晶生长及电极/电解质界面的演化规律，为分析电池容量衰减和失效机制提供了重要依据。作者指出，未来应进一步提高原位表征技术的空间分辨率和时间分辨率，并结合多种表征手段，实现不同尺度信息的协同分析，从而更加全面地揭示全固态电池的工作机制。（4）核磁共振（NMR）揭示缺陷与动力学核磁共振（Nuclear Magnetic Resonance，NMR）是研究固态电解质局部结构和离子动力学的重要分析方法。原文指出，与 XRD 等主要反映晶体长程有序结构的技术不同，NMR 能够直接探测锂、钠等离子的局部化学环境及扩散行为，因此在研究离子迁移机制和结构缺陷方面具有独特优势。可探测局域结构（化学位移、各向异性）和缺陷。可覆盖10个数量级的时间尺度，从皮秒级的局部跳动到秒级的宏观扩散。可区分短程和长程离子运动。未来方向：二维交换NMR研究位点特异性扩散。动态核极化（DNP）增强界面NMR信号。图13. NMR可探测的时间尺度范围。图14. LiTi₂(PS₄)₃中的多步扩散行为。（5）固态电池的回收与循环利用固态电池的回收研究尚处早期，但硫化物和卤化物的湿度敏感性、锂金属的反应活性给回收带来新挑战。SE类型推荐方法关键问题氧化物湿法冶金复杂混合物中元素分离困难硫化物溶剂溶解-重结晶(乙醇、N-甲基甲酰胺)可能与正极材料发生副反应卤化物水溶解-脱水(Li3InCl6可逆水合)部分卤化物水解不可逆聚合物溶剂溶解低价值、高能耗各类SE的回收策略：设计建议：从源头考虑可回收性，通过优化材料组成、改进制造工艺及建立完善的循环利用体系，实现全固态电池全生命周期的绿色发展——易拆解外壳、可逆粘合剂、易分离的集流体。图15. SSB回收面临的未来挑战。总结与未来展望未来固态电解质的发展目标已不再局限于获得更高的离子电导率，而应综合考虑材料本征稳定性、电极/电解质界面兼容性、机械性能、加工工艺、制造成本以及环境可持续性等因素，实现多性能协同优化。未来研究需要进一步加强基础理论与工程应用之间的结合，深入揭示离子迁移、界面演化及材料失效机制，建立标准化评价体系，并推动人工智能、先进表征及智能制造等新技术在固态电解质研究中的应用，加快实验室成果向产业化转化。程 作者简介 第一作者、通讯作者Florian Strauss卡尔斯鲁厄理工学院（KIT）博士生。研究领域主要为：锂固态电池专用定制电解质。通讯作者Torsten Brezesinski卡尔斯鲁厄理工学院/巴斯夫公司电池与电化学联合实验室 (BELLA) 实验室主任，纳米技术研究所课题组组长。研究领域主要为：下一代储能电池材料的表征、介孔氧化物薄膜的结构-性能关系的制备和研究等。温馨提醒：会务组新增100张优惠票，优惠票600元每人（含餐），报满为止！缴费成功视为报名成功；参展和报名电话.陈老师：***********2026中国固态电池技术大会暨中国硅碳负极高峰论坛签到地点：江苏·常州富都洲际酒店（常州武进区西湖路2号）签到时间：8月5日 13:00—20:00会议酒店订房方式常州富都洲际酒店 协议价豪华单/双间：380元一晚（含早），豪华湖景单双间：460元一晚（含早）扫码订房交通路线：常州富都洲际酒店常州奔牛国际机场至会议酒店车程约41公里。武进站至会议酒店车程约2公里。常州站至会议酒店车程约14公里。常州北站至会议酒店车程约30公里。会议概况【会议时间】2026年8月5-7日（5日签到）【主办单位】锂电前沿【承办单位】 深圳友研科技有限公司[部分报告议题】（报告或会有少许变动，请以现场为准）会议概况协办单位：东莞市琅菱机械有限公司广东茹天机械设备科技有限公司理化联科（北京）仪器科技有限公司大昌华嘉科学仪器部参会证广告赞助单位：广东茜恩智能装备有限公司椅背广告赞助单位：光年固科（苏州）科技有限公司手提袋广告赞助单位：青岛优明科粉体机械有限公司赞助单位：益瑞石(上海)投资管理有限公司德国新帕泰克有限公司苏州代表处深圳市和胜自动化设备有限公司高能数造（广州）技术有限公司支持单位：布劳恩惰性气体系统（上海）有限公司布鲁克（北京）科技有限公司深圳市新威尔电子有限公司深圳市瑞赛驰科技有限公司步琦实验室设备贸易（上海）有限公司北京艾谱瑞斯科技有限公司普沃思环保科技无锡有限公司东莞市志远高热机械科技有限公司展位展示：东莞百瑞自动化有限公司江苏亮果金属制品有限公司上海菩正电子科技有限公司长沙西丽纳米研磨科技有限公司柔电（武汉）科技有限公司米谱科技（常州）有限公司珠海椿田科技股份有限公司湖北蓝博新能源设备股份有限公司武汉格瑞斯新能源有限公司安徽泽攸科技有限公司上海优耐特斯压缩机有限公司潍坊追日磁电科技有限公司潍坊精华粉体科技股份有限公司常州百和菱智能装备有限责任公司华声强化（上海）科技有限公司广东汇京智能装备有限公司江苏智子未来技术有限公司南京苏展智能科技有限公司无锡市张华医药设备有限公司杭州聚科空分设备制造有限公司深圳冠亚水分仪科技有限公司郑州博欣高温材料有限公司杭州研趣信息技术有限公司环球君业(北京)科技有限公司惠州速力得科技有限公司上海宙盾先元科技有限公司伊特克斯惰性气体系统（北京）有限公司宁波创锂新材料科技有限公司淄博友研科技有限公司深圳华算科技有限公司深圳市北杰新材料有限公司参会单位（首批报名）：宁德时代新能源科技股份有限公司国轩高科股份有限公司惠州赣锋锂电科技有限公司国家动力电池创新中心爱尔集新能源电池(南京)有限公司溧阳天目先导电池材料科技有限公司胜华新材料科技（眉山）有限公司清陶云能(江苏)能源科技有限公司安徽中锂新能源科技有限公司宁德新能源科技有限公司欣旺达动力科技股份有限公司孚能科技（赣州）股份有限公司天齐锂业新能源技术研究（眉山） 有限公司四川盛威锂业有限公司陕西顷刻能源科技有限公司上海屹锂新能源科技有限公司广州鹏辉能源科技股份有限公司微宏动力系统（湖州）有限公司浙江吉曜通行能源科技有限公司深圳索理德新材料科技有限公司国科炭美新材料（湖州）有限公司嘉兴市凯力电池有限公司可乐丽贸易（上海）有限公司惠州市德赛电池有限公司广州汽车集团股份有限公司清陶云能(江苏)能源科技有限公司万向一二三Sila吉利汽车研究院多氟多新材料股份有限公司浙江金羽新能源科技有限公司中科深蓝汇泽新能源(常州)有限责任公司上海杉杉科技有限公司巴斯夫（中国）有限公司烟台京东方材料科技有限公司北京大学 清华大学上海交通大学复旦大学中国科学院苏州纳米技术与纳米仿生研究所广东东阳光科技控股股份有限公司益瑞石石墨和碳公司重庆太蓝新能源有限公司中国科学院物理研究所武汉天石科丰新能源科技有限公司宁波博雅聚力新材料科技有限公司摩田材料科技（兰溪）有限公司泛亚汽车技术中心有限公司国钠能源科技（河北）有限公司澳门大学中南大学哈尔滨工业大学浙江大学哈尔滨工业大学（深圳）华中科技大学中国科学技术大学科腾聚合物贸易(上海)有限公司南京汉特贸易有限公司东莞市琅菱机械有限公司开滦汇金私募基金管理有限公司广东茹天机械设备科技有限公司江苏微导纳米科技股份有限公司理化联科（北京）仪器科技有限公司上海朗亿功能材料有限公司安徽大学大昌华嘉科学仪器部武汉理工大学长安大学广东茜恩智能装备有限公司海目星激光科技集团股份有限公司青岛优明科粉体机械有限公司常州一硫电池科技有限公司中国航天空气动力技术研究院陕西科技大学德国新帕泰克有限公司苏州代表处中国星网网络创新研究院有限公司安徽清致科技发展有限公司深圳市和胜自动化设备有限公司上海道程工业设备有限公司布劳恩惰性气体系统（上海）有限公司福建理工大学重庆文理学院上海檀之茗科技中心（有限合伙）深圳市新威尔电子有限公司深圳仲氪信息科技有限公司步琦实验室设备贸易（上海）有限公司上海子微智能科技有限公司宜宾发展创投有限公司有研(广东)新材料技术研究院北京艾谱瑞斯科技有限公司深圳市瑞赛驰科技有限公司深圳市绿联科技股份有限公司光年固科（苏州）科技有限公司江苏利卡维智能科技有限公司广汽集团汽车工程研究院中国科学院青岛生物能源与过程研究所中国科学院山西煤炭化学研究所东莞市志远高热机械科技有限公司江苏利卡维智能科技有限公司河南理工大学邢台学院宁波博雅聚力新材料科技有限公司东莞百瑞自动化有限公司江苏亮果金属制品有限公司上海电子工程设计研究院有限公司江苏理工学院湖南省正源储能材料与器件研究所中国地质大学（武汉）中北大学上海菩正电子科技有限公司上海协尔化学科技有限公司长沙西丽纳米研磨科技有限公司江苏隆深氢能科技有限公司柔电（武汉）科技有限公司苏州大学湖北航天化学技术研究所南京菲尼克斯电气有限公司安徽扬子职业技术学院广东孚吉新材料有限公司米谱科技（常州）有限公司苏州纽姆特纳米科技有限公司珠海椿田科技股份有限公司湖北蓝博新能源设备股份有限公司武汉格瑞斯新能源有限公司苏州田边能源科技有限公司东北大学中国科学院上海高等研究院武汉工程大学展讯通信（上海）有限公司安徽泽攸科技有限公司太原科技大学北京航空航天大学潍坊追日磁电科技有限公司意尔孚化学（上海）有限公司昆明理工大学潍坊精华粉体科技股份有限公司武汉市哈斯特斯科技有限责任公司大森FMEA応用技研株式会社常州百和菱智能装备有限责任公司江苏科创石化有限公司华声强化（上海）科技有限公司广州埃登达化工有限公司苏州秋逸新材料有限公司欧励隆（中国）投资有限公司广东汇京智能装备有限公司江苏智子未来技术有限公司爱发科（苏州）技术研究开发有限公司南京苏展智能科技有限公司河北工业大学上海微化商贸有限公司杭州聚科空分设备制造有限公司深圳冠亚水分仪科技有限公司中国石化催化剂有限公司工程技术研究院郑州博欣高温材料有限公司中国石化催化剂有限公司摩田材料科技（兰溪）有限公司杭州研趣信息技术有限公司北京文博启胜投资有限公司北京超凡宏宇知识产权代理有限公司中石化催化剂大连有限公司环球君业(北京)科技有限公司深圳市一众智能装备有限公司芜湖映日科技股份有限公司惠州速力得科技有限公司常州市昇海智能科技有限公司深圳分公司肖特（上海）精密材料和设备国际贸易有限公司常州西奥电气科技有限公司上海宙盾先元科技有限公司快顺通环保科技（深圳）有限公司东莞市富电优品电源有限公司伊特克斯惰性气体系统（北京）有限公司河南琅恒企业管理咨询有限公司北方工业大学昆山佰信实计量技术有限公司国际贸易有限公司北京化工大学宁波创锂新材料科技有限公司中石化（大连）石油化工研究院有限公司永杰新材料股份有限公司上海化工院检测有限公司苏州职业技术大学淄博友研科技有限公司上海和盛光度新能源科技有限公司江苏金聚合金材料有限公司江苏擎川智能装备有限公司上海梅特鲁国际贸易有限公司深圳华算科技有限公司宁波震裕汽车部件有限公司西安机电信息技术研究所深圳市北杰新材料有限公司国仪量子技术（合肥）股份有限公司湘潭电化科技股份有限公司江西环境工程职业学院南德新能源汽车检测（江苏）有限公司陕西蓝基新材料科技有限公司中国塑料加工工业协会惠州普赛达新材料有限公司晶序新材料科技（温州）有限公司东莞市电的电子有限公司青岛大学宏润绿能（宣城）能源科技有限公司合肥工业大学洛阳储变电系统有限公司科腾聚合物贸易(上海)有限公司小渡科技（广东）有限公司北京分公司深圳市晨浅拓普科技有限公司苏州赛峰科学仪器有限公司合肥纳安新材料科技有限公司宝晟(苏州)能源科技有限公司广州白云科技股份有限公司常州长晟创新科技有限公司南昌大学胜华新能源科技（东营）有限公司兰州交通大学营口航盛科技实业有限责任公司沈阳分公司三明市海斯福化工有限责任公司达士维尔粉体科技（上海）有限公司上海润势科技有限公司中国科学院广州地球化学研究所中国科学院新疆理化技术研究所中汽新能无锡技术中心有限公司广州融捷电源材料有限公司日联科技集团股份有限公司华中科技大学江苏澄星新材料科技",,,,pending
惠州赣锋 /溧阳中科 /重庆太蓝 /浙江金羽/索理德/ 中科深蓝 / 万向一二三,科研云平台,科研云平台,"RIOnews API, 新材料, 电池材料, 碳, 聚合物, 高比能, 硅, 固态电池, 学术研究, 大学, 科学院, 研究所, 宁德时代, 宁德新能源, 时代新能源, 国轩高科, 国轩, 远景动力, 欣旺达, 欣旺达动力, 孚能科技, 鹏辉能源, 储能, 投资, 实验室",normal,2026-07-31T11:13:00+08:00,,温馨提醒：会务组新增100张优惠票，优惠票600元每人（含餐），报满为止！缴费成功视为报名成功；参展和报名电话.陈老师：***********2026中国固态电池技术大会暨中国硅碳负极高峰论坛签到地点：江苏·常州富都洲际酒店（常州武进区西湖路2号）签到时间：8月5日 13:00—20:00会议酒店订房方式常州富都洲际酒店 协议价豪华单/双间：380元一晚（含早），豪华湖景单双间：460元一晚（含早）扫码订房交通路线：常州富都洲际酒店常州奔牛国际机场至会议酒店车程约41公里。武进站至会议酒店车程约2公里。常州站至会议酒店车程约14公里。常州北站至会议酒店车程约30公里。会议概况【会议时间】202,http://mp.weixin.qq.com/s?__biz=MzUyMzk5OTg3Ng==&mid=2247517805&idx=2&sn=44d88f517d06bf46daa22154944c6d4c,,温馨提醒：会务组新增100张优惠票，优惠票600元每人（含餐），报满为止！缴费成功视为报名成功；参展和报名电话.陈老师：***********2026中国固态电池技术大会暨中国硅碳负极高峰论坛签到地点：江苏·常州富都洲际酒店（常州武进区西湖路2号）签到时间：8月5日 13:00—20:00会议酒店订房方式常州富都洲际酒店 协议价豪华单/双间：380元一晚（含早），豪华湖景单双间：460元一晚（含早）扫码订房交通路线：常州富都洲际酒店常州奔牛国际机场至会议酒店车程约41公里。武进站至会议酒店车程约2公里。常州站至会议酒店车程约14公里。常州北站至会议酒店车程约30公里。会议概况【会议时间】202,温馨提醒：会务组新增100张优惠票，优惠票600元每人（含餐），报满为止！缴费成功视为报名成功；参展和报名电话.陈老师：***********2026中国固态电池技术大会暨中国硅碳负极高峰论坛签到地点：江苏·常州富都洲际酒店（常州武进区西湖路2号）签到时间：8月5日 13:00—20:00会议酒店订房方式常州富都洲际酒店 协议价豪华单/双间：380元一晚（含早），豪华湖景单双间：460元一晚（含早）扫码订房交通路线：常州富都洲际酒店常州奔牛国际机场至会议酒店车程约41公里。武进站至会议酒店车程约2公里。常州站至会议酒店车程约14公里。常州北站至会议酒店车程约30公里。会议概况【会议时间】2026年8月5-7日（5日签到）【主办单位】锂电前沿【承办单位】 深圳友研科技有限公司[部分报告议题】（报告或会有少许变动，请以现场为准）会议概况协办单位：东莞市琅菱机械有限公司广东茹天机械设备科技有限公司理化联科（北京）仪器科技有限公司大昌华嘉科学仪器部参会证广告赞助单位：广东茜恩智能装备有限公司椅背广告赞助单位：光年固科（苏州）科技有限公司手提袋广告赞助单位：青岛优明科粉体机械有限公司赞助单位：益瑞石(上海)投资管理有限公司德国新帕泰克有限公司苏州代表处深圳市和胜自动化设备有限公司高能数造（广州）技术有限公司支持单位：布劳恩惰性气体系统（上海）有限公司布鲁克（北京）科技有限公司深圳市新威尔电子有限公司深圳市瑞赛驰科技有限公司步琦实验室设备贸易（上海）有限公司北京艾谱瑞斯科技有限公司普沃思环保科技无锡有限公司东莞市志远高热机械科技有限公司展位展示：东莞百瑞自动化有限公司江苏亮果金属制品有限公司上海菩正电子科技有限公司长沙西丽纳米研磨科技有限公司柔电（武汉）科技有限公司米谱科技（常州）有限公司珠海椿田科技股份有限公司湖北蓝博新能源设备股份有限公司武汉格瑞斯新能源有限公司安徽泽攸科技有限公司上海优耐特斯压缩机有限公司潍坊追日磁电科技有限公司潍坊精华粉体科技股份有限公司常州百和菱智能装备有限责任公司华声强化（上海）科技有限公司广东汇京智能装备有限公司江苏智子未来技术有限公司南京苏展智能科技有限公司无锡市张华医药设备有限公司杭州聚科空分设备制造有限公司深圳冠亚水分仪科技有限公司郑州博欣高温材料有限公司杭州研趣信息技术有限公司环球君业(北京)科技有限公司惠州速力得科技有限公司上海宙盾先元科技有限公司伊特克斯惰性气体系统（北京）有限公司宁波创锂新材料科技有限公司淄博友研科技有限公司深圳华算科技有限公司深圳市北杰新材料有限公司参会单位（首批报名）：宁德时代新能源科技股份有限公司国轩高科股份有限公司惠州赣锋锂电科技有限公司国家动力电池创新中心爱尔集新能源电池(南京)有限公司溧阳天目先导电池材料科技有限公司胜华新材料科技（眉山）有限公司清陶云能(江苏)能源科技有限公司安徽中锂新能源科技有限公司宁德新能源科技有限公司欣旺达动力科技股份有限公司孚能科技（赣州）股份有限公司天齐锂业新能源技术研究（眉山） 有限公司四川盛威锂业有限公司陕西顷刻能源科技有限公司上海屹锂新能源科技有限公司广州鹏辉能源科技股份有限公司微宏动力系统（湖州）有限公司浙江吉曜通行能源科技有限公司深圳索理德新材料科技有限公司国科炭美新材料（湖州）有限公司嘉兴市凯力电池有限公司可乐丽贸易（上海）有限公司惠州市德赛电池有限公司广州汽车集团股份有限公司清陶云能(江苏)能源科技有限公司万向一二三Sila吉利汽车研究院多氟多新材料股份有限公司浙江金羽新能源科技有限公司中科深蓝汇泽新能源(常州)有限责任公司上海杉杉科技有限公司巴斯夫（中国）有限公司烟台京东方材料科技有限公司北京大学 清华大学上海交通大学复旦大学中国科学院苏州纳米技术与纳米仿生研究所广东东阳光科技控股股份有限公司益瑞石石墨和碳公司重庆太蓝新能源有限公司中国科学院物理研究所武汉天石科丰新能源科技有限公司宁波博雅聚力新材料科技有限公司摩田材料科技（兰溪）有限公司泛亚汽车技术中心有限公司国钠能源科技（河北）有限公司澳门大学中南大学哈尔滨工业大学浙江大学哈尔滨工业大学（深圳）华中科技大学中国科学技术大学科腾聚合物贸易(上海)有限公司南京汉特贸易有限公司东莞市琅菱机械有限公司开滦汇金私募基金管理有限公司广东茹天机械设备科技有限公司江苏微导纳米科技股份有限公司理化联科（北京）仪器科技有限公司上海朗亿功能材料有限公司安徽大学大昌华嘉科学仪器部武汉理工大学长安大学广东茜恩智能装备有限公司海目星激光科技集团股份有限公司青岛优明科粉体机械有限公司常州一硫电池科技有限公司中国航天空气动力技术研究院陕西科技大学德国新帕泰克有限公司苏州代表处中国星网网络创新研究院有限公司安徽清致科技发展有限公司深圳市和胜自动化设备有限公司上海道程工业设备有限公司布劳恩惰性气体系统（上海）有限公司福建理工大学重庆文理学院上海檀之茗科技中心（有限合伙）深圳市新威尔电子有限公司深圳仲氪信息科技有限公司步琦实验室设备贸易（上海）有限公司上海子微智能科技有限公司宜宾发展创投有限公司有研(广东)新材料技术研究院北京艾谱瑞斯科技有限公司深圳市瑞赛驰科技有限公司深圳市绿联科技股份有限公司光年固科（苏州）科技有限公司江苏利卡维智能科技有限公司广汽集团汽车工程研究院中国科学院青岛生物能源与过程研究所中国科学院山西煤炭化学研究所东莞市志远高热机械科技有限公司江苏利卡维智能科技有限公司河南理工大学邢台学院宁波博雅聚力新材料科技有限公司东莞百瑞自动化有限公司江苏亮果金属制品有限公司上海电子工程设计研究院有限公司江苏理工学院湖南省正源储能材料与器件研究所中国地质大学（武汉）中北大学上海菩正电子科技有限公司上海协尔化学科技有限公司长沙西丽纳米研磨科技有限公司江苏隆深氢能科技有限公司柔电（武汉）科技有限公司苏州大学湖北航天化学技术研究所南京菲尼克斯电气有限公司安徽扬子职业技术学院广东孚吉新材料有限公司米谱科技（常州）有限公司苏州纽姆特纳米科技有限公司珠海椿田科技股份有限公司湖北蓝博新能源设备股份有限公司武汉格瑞斯新能源有限公司苏州田边能源科技有限公司东北大学中国科学院上海高等研究院武汉工程大学展讯通信（上海）有限公司安徽泽攸科技有限公司太原科技大学北京航空航天大学潍坊追日磁电科技有限公司意尔孚化学（上海）有限公司昆明理工大学潍坊精华粉体科技股份有限公司武汉市哈斯特斯科技有限责任公司大森FMEA応用技研株式会社常州百和菱智能装备有限责任公司江苏科创石化有限公司华声强化（上海）科技有限公司广州埃登达化工有限公司苏州秋逸新材料有限公司欧励隆（中国）投资有限公司广东汇京智能装备有限公司江苏智子未来技术有限公司爱发科（苏州）技术研究开发有限公司南京苏展智能科技有限公司河北工业大学上海微化商贸有限公司杭州聚科空分设备制造有限公司深圳冠亚水分仪科技有限公司中国石化催化剂有限公司工程技术研究院郑州博欣高温材料有限公司中国石化催化剂有限公司摩田材料科技（兰溪）有限公司杭州研趣信息技术有限公司北京文博启胜投资有限公司北京超凡宏宇知识产权代理有限公司中石化催化剂大连有限公司环球君业(北京)科技有限公司深圳市一众智能装备有限公司芜湖映日科技股份有限公司惠州速力得科技有限公司常州市昇海智能科技有限公司深圳分公司肖特（上海）精密材料和设备国际贸易有限公司常州西奥电气科技有限公司上海宙盾先元科技有限公司快顺通环保科技（深圳）有限公司东莞市富电优品电源有限公司伊特克斯惰性气体系统（北京）有限公司河南琅恒企业管理咨询有限公司北方工业大学昆山佰信实计量技术有限公司国际贸易有限公司北京化工大学宁波创锂新材料科技有限公司中石化（大连）石油化工研究院有限公司永杰新材料股份有限公司上海化工院检测有限公司苏州职业技术大学淄博友研科技有限公司上海和盛光度新能源科技有限公司江苏金聚合金材料有限公司江苏擎川智能装备有限公司上海梅特鲁国际贸易有限公司深圳华算科技有限公司宁波震裕汽车部件有限公司西安机电信息技术研究所深圳市北杰新材料有限公司国仪量子技术（合肥）股份有限公司湘潭电化科技股份有限公司江西环境工程职业学院南德新能源汽车检测（江苏）有限公司陕西蓝基新材料科技有限公司中国塑料加工工业协会惠州普赛达新材料有限公司晶序新材料科技（温州）有限公司东莞市电的电子有限公司青岛大学宏润绿能（宣城）能源科技有限公司合肥工业大学洛阳储变电系统有限公司科腾聚合物贸易(上海)有限公司小渡科技（广东）有限公司北京分公司深圳市晨浅拓普科技有限公司苏州赛峰科学仪器有限公司合肥纳安新材料科技有限公司宝晟(苏州)能源科技有限公司广州白云科技股份有限公司常州长晟创新科技有限公司南昌大学胜华新能源科技（东营）有限公司兰州交通大学营口航盛科技实业有限责任公司沈阳分公司三明市海斯福化工有限责任公司达士维尔粉体科技（上海）有限公司上海润势科技有限公司中国科学院广州地球化学研究所中国科学院新疆理化技术研究所中汽新能无锡技术中心有限公司广州融捷电源材料有限公司日联科技集团股份有限公司华中科技大学江苏澄星新材料科技有限公司江苏天合储能有限公司重庆标瑞新能源有限公司珠海科技学院开封市测控技术有限公司广州博粤新材料技术有限公司北京林业大学安耐新能科技（盐城）有限公司南京工业大学玖度电（昆山）新能源科技有限公司邢台学院神州高铁技术股份有限公司港华能源创科（深圳）有限公司天核（苏州）能源有限公司新疆西海锂业集团有限公司济南大学湖北航天化学技术研究所宜宾发展创投有限公司湘潭市雨高开发投资集团有限公司福建师范大学长兴（中国）投资有限公司中建西部建设建材科学研究院无锡奥特维智能装备有限公司常州市创能纳米材料科技有限公司成都高投创业投资有限公司中科瑞龙智能制造(江苏)有限公司广州博粤新材料技术有限公司南孚电池有限公司东贵精密机械（无锡）有限公司远景动力技术（江苏）有限公司天津国安盟固利新材料科技股份有限公司安徽工业大学无锡阜成智能装备有限公司泰同源（江苏）科创发展有限公司桐乡华创三同科技发展有限公司上海歌尔科技发展有限公司上海森永工程设备股份有限公司常州市大成真空技术有限公司沈阳星光技术陶瓷有限公司苏州伏安瓦新材料科技有限公司埃克森美孚(中国)投资有限公司浙江梵天煦辉能源科技有限公司肇庆市科润真空设备有限公司上海颐格工贸发展有限公司会议注册费会议注册费：参会人员7月31日（含）前8月1日后以及现场正式代表600元2500元在校学生代表600元1500元（学生代表注册时需凭学生证，包含本科生、硕士、博士）注册费包含：会议费、资料费用等费用、不包含路费和住宿费，住宿要自订。账户信息：户名：深圳友研科技有限公司账号：757575353398开户行：中国银行股份有限公司深圳西丽支行付款时请注明“常州会议+单位名称”开票注意事项：增值税普通发票请提供单位名称及税号。如果需要增值税专用发票，请提供单位名称、税号、地址、电话、开户行、账号组委会联系方式参会、参展、宣传及赞助事宜联 系 人：陈老师 （赞助和报名事宜咨询）联系电话：***********（微信同号）邮 箱 ：sdlscck@163.com 报名方式一：长按报名,,,,pending
钠电九点半 | 远东股份拟投资钠电标的；天赐材料钠电池电解液已供货宁德时代；LG新能源拟加码钠离子储能,起点钠电,起点钠电,"RIOnews API, 钠离子电池, 钠电, 钠电正极, 合作进展, 战略合作, 招标, 投资, 合作, 量产推进, 产能, 产线建设",normal,2026-07-31T11:05:11+08:00,,7.31日（星期五）钠电九点半行业早新闻：1、远东股份孙公司江苏远东电池拟将部分资产处置给宁波精研良造新能源科技有限公司、江苏吉厚智能科技有限公司，处置价格合计1.09亿元。2、传艺钠电与天津中电新能源研究院达成战略合作。双方的合作将覆盖产能共享、市场开拓、研发协同等三个方面。3、天赐材料：目前公司已供货钠电池电解液给宁德时代等头部企业，但钠离子电池电解液的需求正处于起步阶段。4、工信部印发《工业绿色低碳发展“十五五”规划》，提到要开展钠离子电池等绿色低碳关键技术攻关。5、LG新能源：加速钠离子储能电池的产品开发与产线建设，同时搭建采用干法电极工艺的全固态电池中试线。6、云南省出台总规模 7.,http://mp.weixin.qq.com/s?__biz=Mzg4NjgzMzg3NA==&mid=2247518392&idx=1&sn=e6949441cf4dfdceda9724261b1a59d6,,7.31日（星期五）钠电九点半行业早新闻：1、远东股份孙公司江苏远东电池拟将部分资产处置给宁波精研良造新能源科技有限公司、江苏吉厚智能科技有限公司，处置价格合计1.09亿元。2、传艺钠电与天津中电新能源研究院达成战略合作。双方的合作将覆盖产能共享、市场开拓、研发协同等三个方面。3、天赐材料：目前公司已供货钠电池电解液给宁德时代等头部企业，但钠离子电池电解液的需求正处于起步阶段。4、工信部印发《工业绿色低碳发展“十五五”规划》，提到要开展钠离子电池等绿色低碳关键技术攻关。5、LG新能源：加速钠离子储能电池的产品开发与产线建设，同时搭建采用干法电极工艺的全固态电池中试线。6、云南省出台总规模 7.,7.31日（星期五）钠电九点半行业早新闻：1、远东股份孙公司江苏远东电池拟将部分资产处置给宁波精研良造新能源科技有限公司、江苏吉厚智能科技有限公司，处置价格合计1.09亿元。2、传艺钠电与天津中电新能源研究院达成战略合作。双方的合作将覆盖产能共享、市场开拓、研发协同等三个方面。3、天赐材料：目前公司已供货钠电池电解液给宁德时代等头部企业，但钠离子电池电解液的需求正处于起步阶段。4、工信部印发《工业绿色低碳发展“十五五”规划》，提到要开展钠离子电池等绿色低碳关键技术攻关。5、LG新能源：加速钠离子储能电池的产品开发与产线建设，同时搭建采用干法电极工艺的全固态电池中试线。6、云南省出台总规模 7.6GWh 的共享储能项目建设清单，全省规划储能工程仅准入钠离子电池、全钒液流电池两类非锂储能技术，不再新增磷酸铁锂储能布局。7、玉门市计划引入年产1.5万吨钠电正极材料基地项目。8、内蒙古乌拉特中旗 60 万千瓦独立储能项目优选文件明确规定：优先选用钠离子电池、全钒液流电池等新型储能技术路线。9、新疆塔城 200MW/800MWh 独立混合储能 EPC 项目启动公开招标，项目创新采用钠离子电池搭配磷酸铁锂的混合储能技术方案。10.韩国首尔大学《Adv Sci》：MgP4/CNT‑石墨烯嵌硬碳复合负极，实现高容量长寿命钠离子电池。更多咨询，请关注@起点钠电起点钠电交流群72-码上入群,,,,pending
"Science发表“编辑关注"" → 对武汉大学的论文",高分子科技,高分子科技,"RIOnews API, 聚合物新材料, 电池, 学术研究, 大学, 教授, 期刊",normal,2026-07-31T11:04:33+08:00,,"点击上方“蓝字” 一键订阅武大王植平教授课题组 Science: 氧化铪界面稳定策略 - 实现高效、光热稳定的钙钛矿太阳能电池实现光电器件的高效稳定运行，关键在于构建牢固、可靠的电荷传输界面。当前高性能钙钛矿电池普遍采用有机分子层进行界面修饰，然而该类材料在持续光照与高温环境下稳定性不足，易引发性能衰减，制约了器件的实际应用寿命。2026年2月26日，Science在线以“Hafnium oxide interface stabilization for efficient, photothermally stable perovskite solar cells”为题发表了武汉大学物理科学与",http://mp.weixin.qq.com/s?__biz=MzA5NjUyNjc5Ng==&mid=2651656478&idx=1&sn=ff94197e09b2f1fa83e46779f3a478ec,,"点击上方“蓝字” 一键订阅武大王植平教授课题组 Science: 氧化铪界面稳定策略 - 实现高效、光热稳定的钙钛矿太阳能电池实现光电器件的高效稳定运行，关键在于构建牢固、可靠的电荷传输界面。当前高性能钙钛矿电池普遍采用有机分子层进行界面修饰，然而该类材料在持续光照与高温环境下稳定性不足，易引发性能衰减，制约了器件的实际应用寿命。2026年2月26日，Science在线以“Hafnium oxide interface stabilization for efficient, photothermally stable perovskite solar cells”为题发表了武汉大学物理科学与","点击上方“蓝字” 一键订阅武大王植平教授课题组 Science: 氧化铪界面稳定策略 - 实现高效、光热稳定的钙钛矿太阳能电池实现光电器件的高效稳定运行，关键在于构建牢固、可靠的电荷传输界面。当前高性能钙钛矿电池普遍采用有机分子层进行界面修饰，然而该类材料在持续光照与高温环境下稳定性不足，易引发性能衰减，制约了器件的实际应用寿命。2026年2月26日，Science在线以“Hafnium oxide interface stabilization for efficient, photothermally stable perovskite solar cells”为题发表了武汉大学物理科学与技术学院王植平教授课题组在高效、稳定钙钛矿太阳能电池领域取得的最新研究成果。该论文提出一种“原子尺度界面键合”技术，采用原子层沉积工艺，在电池内部关键界面引入可调控的氧化铪（HfOx）中间层，从原子尺度上同步稳定空穴与电子传输界面，成功解决了长期制约钙钛矿太阳能电池发展的效率与稳定性难以协同提升的难题。武汉大学物理科学与技术学院博士后杨远航、博士研究生程思阳为共同第一作者，王植平教授为通讯作者。2026年7月30日，Science 对于该文章发布了“Editorial Expression of Concern”的文章，指出文章存在数据异常，提醒广大学者注意。2026年2月26日，Science发表了武汉大学杨远航等人撰写的题为"" Hafnium oxide interface stabilization for efficient, photothermally stable perovskite solar cells""的研究文章。多位读者随后指出，图4A中功率转换效率随时间变化的曲线似乎包含了在不同时间点重复出现的相同数据段。我们已联系作者，并在寻求更多信息的同时向读者发出提醒。原文链接https://www.science.org/doi/10.1126/science.aek6646相关进展武大王植平教授课题组 Science: 氧化铪界面稳定策略 - 实现高效、光热稳定的钙钛矿太阳能电池Nature发表“编者注意” → 对中山大学的论文免责声明：部分资料来源于网络，转载的目的在于传递更多信息及分享，并不意味着赞同其观点或证实其真实性，也不构成其他建议。仅提供交流平台，不为其版权负责。如涉及侵权，请联系我们及时修改或删除。邮箱：info@polymer.cn诚邀投稿欢迎专家学者提供稿件（论文、项目介绍、新技术、学术交流、单位新闻、参会信息、招聘招生等）至info@polymer.cn，并请注明详细联系信息。高分子科技®会及时推送，并同时发布在中国聚合物网上。欢迎加入微信群 为满足高分子产学研各界同仁的要求，陆续开通了包括高分子专家学者群在内的几十个专项交流群，也包括高分子产业技术、企业家、博士、研究生、媒体期刊会展协会等群，全覆盖高分子产业或领域。目前汇聚了国内外高校科研院所及企业研发中心的上万名顶尖的专家学者、技术人员及企业家。申请入群，请先加审核微信号PolymerChina（或长按下方二维码），并请一定注明：高分子+姓名+单位+职称（或学位）+领域（或行业），否则不予受理，资格经过审核后入相关专业群。点这里“阅读原文”，查看更多",,,,pending
华南理工大学刘军、中科大余彦JACS：竞争性离子偶极作用调控溶剂化结构，实现高电压锂离子电池电解液稳定化,清深储能,清深储能,"RIOnews API, 新材料, 碳, 高比能, 锂金属, 硅, 前沿表征, 原位, 新型电解液, 弱溶剂化, 学术研究, 大学, 期刊",normal,2026-07-31T11:02:01+08:00,,第一作者：陈家和通讯作者：刘军、余彦通讯单位：华南理工大学、中国科学技术大学论文DOI：10.1021/jacs.6c08941成果简介开发具有高耐压性和高电极兼容性的不易燃电解质，对于高能量密度和高安全性的锂离子电池（LIBs）至关重要。然而，组分间相互作用（即阴离子-溶剂和溶剂-溶剂相互作用）与电化学性能之间的关联尚未被充分理解。2026年07月29日，华南理工大学刘军团队在Journal of the American Chemical Society期刊发表题为“A Competitive Ion–Dipole Interaction-Regulated Nonflammable El,http://mp.weixin.qq.com/s?__biz=MzYyMzA0NTc3NQ==&mid=2247628080&idx=1&sn=cff53c7ae38e3f8581edb9c6886671b2,,第一作者：陈家和通讯作者：刘军、余彦通讯单位：华南理工大学、中国科学技术大学论文DOI：10.1021/jacs.6c08941成果简介开发具有高耐压性和高电极兼容性的不易燃电解质，对于高能量密度和高安全性的锂离子电池（LIBs）至关重要。然而，组分间相互作用（即阴离子-溶剂和溶剂-溶剂相互作用）与电化学性能之间的关联尚未被充分理解。2026年07月29日，华南理工大学刘军团队在Journal of the American Chemical Society期刊发表题为“A Competitive Ion–Dipole Interaction-Regulated Nonflammable El,"第一作者：陈家和通讯作者：刘军、余彦通讯单位：华南理工大学、中国科学技术大学论文DOI：10.1021/jacs.6c08941成果简介开发具有高耐压性和高电极兼容性的不易燃电解质，对于高能量密度和高安全性的锂离子电池（LIBs）至关重要。然而，组分间相互作用（即阴离子-溶剂和溶剂-溶剂相互作用）与电化学性能之间的关联尚未被充分理解。2026年07月29日，华南理工大学刘军团队在Journal of the American Chemical Society期刊发表题为“A Competitive Ion–Dipole Interaction-Regulated Nonflammable Electrolyte Enables High-Energy-Density Li-Ion Batteries with Li-Rich Oxide Cathodes”的研究论文，团队成员陈家和为论文第一作者，刘军、中国科学技术大学余彦为论文共同通讯作者。该研究提出了一种阴离子与氟化溶剂之间的竞争性离子-偶极相互作用，用以阐明溶剂化结构调控机制，从而稳定具有阴离子氧化还原反应的富锂层状氧化物（LRLO）正极的高电压性能。该研究证明了一种具有竞争性离子-偶极相互作用的弱溶剂化电解质，可避免LRLO正极中氧物种亲核攻击所引发的电解质分解，并通过阴离子清除活性氧，形成富无机界面。结果表明，上述具有不燃性电解质使LRLO具有高循环稳定性。此外，采用优化电解质的硅-石墨复合（Si-C）/LRLO软包电池可在4.6V下稳定运行，并实现323.1Wh kg⁻¹的高能量密度。该研究为调控溶剂化结构以改善高电压锂离子电池电化学性能提供了新见解。研究背景可充电锂离子电池（LIBs）广泛应用于能源存储领域，特别是在便携式电子产品和电动汽车中。随着对高能量密度锂离子电池需求的迅速增长，提高正极材料的比容量和充电截止电压至关重要。富锂层状氧化物和高镍层状氧化物（LiNiₓCoᵧMn₁₋ₓ₋ᵧO₂，x≥0.8，NCM）因其分别具有270和220 mAh g⁻¹的高比容量而备受关注。此外，提高正极的截止电压对于从正极材料晶格中脱出残余Li⁺也至关重要。开发具有LRLO正极的高电压锂离子电池是实现高能量密度目标的一条有前景且重要的途径。具有高比容量的LRLO正极因其在高电压（≥4.8V vs Li/Li⁺）下固有的氧相关阴离子氧化还原反应（ARRs）而被视为下一代锂离子电池候选材料。在高电压下运行正极首先会通过电化学氧化反应导致电解质分解，这与快速的容量衰减和严重的安全问题密切相关。电化学氧化稳定性不足的电解质会在高电压正极（如LRLO、NCM和LiNi₀.₃Mn₁.₅O₄（LNMO））上引发持续的副反应。此外，高电压下Li₂MnO₃活化过程中不可逆的氧行为会导致不可逆氧释放和过渡金属迁移。在电压超过4.5V（vs Li/Li⁺）时，晶格O²⁻释放产生的单线态氧和过氧/超氧自由基物种容易对溶剂进行亲核攻击。LRLO材料中这种不可逆的表面氧损失会导致结构退化和电极开裂。因此，针对LRLO正极的电解质工程面临的挑战必须集中于解决两个压力：（1）设计一种能够形成稳固正极电解质界面（CEI）膜的高电压电解质；（2）氧清除或将氧物种转化为CEI组分的有效性。磷酸酯化合物因其缺电子的P原子中心易受亲核攻击，被认为是活性氧物种（ROSs）的有效清除剂。因此，磷酸酯化合物通常以少量作为氧清除添加剂使用。此外，具有不燃性的磷酸酯化合物为锂离子电池的运行提供了高热稳定性。开发基于磷酸酯的电解质对于提升具有LRLO正极的高能量密度锂离子电池的性能至关重要。然而，如何避免磷酸酯溶剂的过度消耗是适配LRLO正极的一项重大挑战。通过调控不同组分之间各种相互作用的电解质工程被认为是改善LRLO正极电化学性能的有效策略。近期研究已逐渐揭示了电解质各物种之间的多种相互作用，包括离子-偶极和偶极-偶极相互作用，用以阐明富阴离子溶剂化结构的形成机制。通常，Li⁺中心与氟化溶剂之间的弱相互作用或可忽略的相互作用被认为是提高盐/溶剂比、促进阴离子进入溶剂化结构以及减少自由溶剂的主要因素。值得注意的是，阴离子与氟化溶剂之间的离子-偶极相互作用可以调控富阴离子溶剂化结构。近期，Li等人利用FDBF阴离子与2,2,2-三氟-N,N-二甲基乙酰胺（FDMA）之间的静电相互作用构建了富阴离子溶剂化鞘层，使具有高质量负载LiCoO₂正极的锂金属电池实现了稳定的循环性能。同时，主溶剂与稀释剂溶剂之间的弱偶极-偶极相互作用被揭示用于解释Li⁺与阴离子接触增强的原因。Ming等人通过磷酸三乙酯（TEP）与1,1,2,2-四氟乙基-2,2,3,3-四氟乙基醚（HFE）之间电负性F中心与电正性H中心之间的诱导效应，展示了由偶极-偶极相互作用调控的独特溶剂化结构。所形成的Li⁺-溶剂-阴离子复合物改善了电解质与合金化Sb负极之间的兼容性。然而，内层溶剂化结构中阴离子与溶剂之间的相互作用对于改善高电压电化学性能的机制仍未完全揭示。此外，电解质体系中不同组分之间的相互作用对高电压正极界面溶剂化结构具有显著影响。ARR与电解质调控之间的相关性近年来逐渐受到更多关注。尽管合理设计的富阴离子溶剂化结构可以有效构建稳固的正极电解质界面（CEI）以稳定LRLO正极，但磷酸酯溶剂固有的强亲核特性所导致的不利兼容性在匹配LRLO正极时应进一步加以避免。界面溶剂化结构重排策略有望增强磷酸酯电解质与LRLO正极之间的兼容性。研究内容在此，该研究通过将1.5M LiDFOB溶解于TEP/双（2,2,2-三氟乙基）碳酸酯（TFEC）混合溶剂（体积比为1:1，记为TEP/TFEC）中，开发了一种具有竞争性离子-偶极相互作用的弱溶剂化电解质，以实现增强的抗氧化性（氧化电位为5.14V）及与LRLO正极的兼容性。得益于TFEC与DFOB阴离子之间强的离子-偶极相互作用，通过减弱阴离子与易受损TEP溶剂之间的相互作用，缓解了高荷电正极表面的溶剂分解。同时，TFEC溶剂的弱溶剂化能力调控了阴离子主导的溶剂化结构，在正极表面形成了阴离子衍生的界面。因此，采用TEP/TFEC的Li//LRLO电池在4.8V高电压条件下，经过600多次循环后仍表现出优异的循环性能，容量保持率为78.2%。此外，添加具有良好SEI成膜能力的二氟碳酸亚乙酯（DFEC）后，μSi//LRLO软包电池在150次循环中实现了显著的稳定性，容量保持率为78.9%。该优化电解质使实用的4.40Ah级Si-C//LRLO软包电池能够在4.6V的高截止电压下循环，并获得323.1Wh kg⁻¹的高能量密度。图1.（a）传统电解质、高浓度电解质（HCE）、局部高浓度电解质（LHCE）、弱溶剂化电解质（WSE）和具有竞争性离子-偶极效应的弱溶剂化电解质（C-WSE）中不同溶剂化结构的示意图。（b）LNMO正极和（c）LRLO正极上电解质分解不同机理的示意图。采用TEP/DEC和TEP/TFEC电解质的（d）LNMO正极和（e）LRLO正极的典型恒流充放电曲线。（f）TEP/TFEC电解质的机理示意图。图2.通过竞争性离子-偶极相互作用开发不易燃电解质。（a）TEP/DEC和（d）TEP/TFEC电解质中溶剂-溶剂和阴离子-溶剂的径向分布函数。（b）纯DEC、纯TEP、TEP/DEC混合溶剂和TEP/DEC电解质的¹H NMR谱，以及（e）纯TFEC、TEP/TFEC混合溶剂和TEP/TFEC电解质的¹H NMR谱。（c）TEP/DEC和（f）TEP/TFEC电解质中LRLO界面拉曼光谱演变。（g）TEP/DEC和（h）TEP/TFEC电解质的Li⁺溶剂化结构和界面模型示意图。图3.（a）TEP/DEC和（b）TEP/TFEC电解质的RDF结果及Li⁺配位数。（c）1M LiDFOB in TEP、3M LiDFOB in TEP、TEP/DEC和TEP/TFEC电解质的⁷Li NMR谱。TEP/DEC和TEP/TFEC电解质在（d）680−800cm⁻¹和（f）1230−1370cm⁻¹范围内的拉曼光谱。（e）TEP/DEC和TEP/TFEC电解质中Li⁺溶剂化物种的分布。（g）TEP/DEC和TEP/TFEC电解质的MD模拟快照。（h）Ely-C、TEP/DEC和TEP/TFEC电解质的线性扫描伏安曲线及相应的氧化电压。图4.不同电解质中Li//LRLO电池的电化学性能。（a）30°C、1C条件下Li//LRLO电池在不同电解质中的长期循环性能。（b）0.1C下具有不同电解质的Li//LRLO电池的首次充放电曲线。选定循环次数的微分充放电容量（dQ/dV）曲线，分别为（c）TEP/EMC和（d）TEP/TFEC电解质。（e）选定的充放电循环过程中，LRLO正极在不同电解质中的Li⁺离子迁移率。（f）选定循环次数下具有不同电解质的Li//LRLO电池的Nyquist图。（g）LRLO循环性能与先前代表性报道的比较。（h）60°C高温、1C条件下具有不同电解质的Li//LRLO电池的长期循环稳定性。图5.采用不同电解质的LRLO正极界面表征。在不同电解质中循环的LRLO正极的（a）F1s、（b）O1s、（c）B1s和（d）P2p XPS谱。在（e,f）TEP/DEC和（g,h）TEP/TFEC电解质中循环5次后的LRLO颗粒的扫描电子显微镜（SEM）和透射电子显微镜（TEM）图像。在（i,j）TEP/DEC和（k,l）TEP/TFEC电解质中循环后的LRLO正极上选定的典型二次离子碎片及TOF-SIMS深度剖析。图6.电解质在LRLO全电池中的应用。（a）μSi和（b）Si−C负极半电池在不同电解质中的循环性能。在（c,d）TEP/TFEC和（f,g）TEP/TFEC/DFEC电解质中循环的μSi负极的AFM测试所得DMT模量及相应的杨氏模量分布。在（e）TEP/TFEC和（h）TEP/TFEC/DFEC电解质中循环的μSi负极的截面SEM图像。（i）采用TEP/TFEC/DFEC电解质的μSi//LRLO软包电池在1.5至4.7V之间、0.2C充电/0.2C放电条件下的长期循环性能，以及（j）实用的Si−C//LRLO软包电池在TEP/TFEC/DFEC电解质中、2至4.6V之间、0.4C条件下的循环性能。图7.安全性测试。采用（a）Ely-C和（b）TEP/TFEC电解质的Li//LRLO电池初始充放电过程中的原位DEMS谱及（c）相应的气体析出情况。（d）不同电解质的极限氧指数。（e）浸有Ely-C和TEP/TFEC/DFEC电解质的玻璃纤维圆片的点火测试照片。（f）采用TEP/TFEC/DFEC电解质的1Ah Si−C//NCM811软包电池针刺测试过程的数码照片（左：软包电池开路状态；中：针刺初始状态；右：针刺进行状态）。（g）温度/电压-时间曲线及（h）针刺测试后软包电池对应的数码照片。总结与展望总之，该研究提出了一种涉及阴离子与溶剂之间竞争性离子-偶极相互作用的新机制，用以构建高度稳定的溶剂化结构，并设计出一种具有高耐压性的不易燃电解质，用于高能量密度锂离子电池（LIBs）。研究发现，LRLO正极中由阴离子氧化还原反应（ARR）引起的严重分解是电解质电化学稳定性中不可忽视的问题。该竞争性离子-偶极相互作用可以调控界面模型，以增强电解质与LRLO正极之间的兼容性。理论研究和实验结果的结合表明，DFOB⁻阴离子与TFEC溶剂之间的竞争性离子-偶极相互作用削弱了DFOB⁻-TEP相互作用。因此，该竞争性离子-偶极相互作用抑制了脆弱的TEP接近LRLO正极，并减少了由氧相关亲核攻击引起的TEP分解。DFOB⁻阴离子清除亲核氧物种，形成稳固的LixByOz富集CEI膜。因此，LRLO颗粒表面源自调控后Li⁺溶剂化结构的无机组分（即LixByOz、LiF和LixPOyFz）表现出高稳定性和良好的保护效果。这使得LRLO正极在高荷电电压和高温条件下具有优异的电化学性能。此外，为增强微米级Si负极与电解质的兼容性，采用了具有良好成膜性的添加剂DFEC，以形成稳固的SEI膜，缓解电极开裂。TEP/TFEC/DFEC电解质使μSi//LRLO软包电池在1.5−4.7V电压窗口下稳定运行150次循环，容量保持率高达78.9%。采用该优化电解质的4.40Ah级Si−C//LRLO软包电池可在4.6V的高截止电压下稳定循环，并获得323.1Wh kg⁻¹的高能量密度。这代表了使用高容量微米级Si负极和高电压正极的全电池的一次重要尝试。因此，该研究突显了阴离子与氟化溶剂之间竞争性离子-偶极相互作用在调控溶剂化结构方面的有效性，并为阴离子化学在增强高电压正极兼容性方面提供了新方向。原文链接：https://pubs.acs.org/jacsat/article/doi/10.1021/jacs.6c08941/5236387/A-Competitive-Ion-Dipole-Interaction-Regulated转载自：今日新能源投稿通道（长按扫码）",,,,pending
2026全球数据中心基础设施大会首发｜院士领衔，100+头部企业已确认，500人齐聚上海,清深储能,清深储能,"RIOnews API, 新材料, 碳, 产品发布, 首发, 发布",normal,2026-07-31T11:02:01+08:00,,01大会背景2026年，全球AI算力需求进入指数级增长通道。预计2030年国内AI算力芯片市场规模将突破1.6万亿元，年复合增长率达50%。伴随《AIDC基础设施规范》预发布，数据中心建设全面迈入标准化新阶段。单机柜功率密度已跃升至20kW以上，远期向兆瓦级演进，驱动供电、散热、运维体系系统性重构。一个万卡级智算集群的配电基础设施投入可达数十亿元，“算电协同”从概念走向工程实践。上海智能算力规模已突破120EFLOPS，徐汇“模速空间”集聚300余家大模型企业，全区AI企业超1700家，大模型备案占全市六成以上。AICC 2026全球数据中心基础设施大会定于2026年10月16日在上海举办，以,http://mp.weixin.qq.com/s?__biz=MzYyMzA0NTc3NQ==&mid=2247628080&idx=3&sn=b60d780e0ea6f934f7088a89573d8cae,,01大会背景2026年，全球AI算力需求进入指数级增长通道。预计2030年国内AI算力芯片市场规模将突破1.6万亿元，年复合增长率达50%。伴随《AIDC基础设施规范》预发布，数据中心建设全面迈入标准化新阶段。单机柜功率密度已跃升至20kW以上，远期向兆瓦级演进，驱动供电、散热、运维体系系统性重构。一个万卡级智算集群的配电基础设施投入可达数十亿元，“算电协同”从概念走向工程实践。上海智能算力规模已突破120EFLOPS，徐汇“模速空间”集聚300余家大模型企业，全区AI企业超1700家，大模型备案占全市六成以上。AICC 2026全球数据中心基础设施大会定于2026年10月16日在上海举办，以,01大会背景2026年，全球AI算力需求进入指数级增长通道。预计2030年国内AI算力芯片市场规模将突破1.6万亿元，年复合增长率达50%。伴随《AIDC基础设施规范》预发布，数据中心建设全面迈入标准化新阶段。单机柜功率密度已跃升至20kW以上，远期向兆瓦级演进，驱动供电、散热、运维体系系统性重构。一个万卡级智算集群的配电基础设施投入可达数十亿元，“算电协同”从概念走向工程实践。上海智能算力规模已突破120EFLOPS，徐汇“模速空间”集聚300余家大模型企业，全区AI企业超1700家，大模型备案占全市六成以上。AICC 2026全球数据中心基础设施大会定于2026年10月16日在上海举办，以「主论坛+双技术分论坛+VIP闭门产业对接会」架构，聚焦数据中心全生命周期建设、能源架构与智能化运维，打造立足上海、辐射长三角的产业交流与项目落地平台。02大会概览名称：AICC 2026全球数据中心基础设施大会时间：2026年10月16日（周五）地点：上海规模：500+人展区：800㎡+形式：主论坛 + 建设与运维分论坛+ 配电与能源分论坛+ VIP产业对接座谈会（闭门）03大会亮点01100+产业链头部企业确认参会截至目前，已有100余家数据中心产业链企业确认参会，覆盖数据中心建设和运维、设计、EPC总包、算力芯片、高密度配电、固态变压器、液冷散热、检测认证等全产业链环节。三大运营商、字节跳动、小红书、百度智能云、腾讯、阿里、道达尔能源、埃克森美孚、陶氏化学、英维克、同飞股份、科华数据、SGS、TUV莱茵等行业龙头均在列。✅ 参会收益：不用辗转多场展会，一次性对接业主、EPC、设备、方案等全品类供应商。02双技术论坛：建设运维与配电能源“数据中心建设与运维分论坛”覆盖工程产品化、模块化交付、建设与运维一体化设计、水质管理、漏液监测、设备维护策略、液冷系统架构设计、关键设备选型、运维效率提升、智能化DCIM与AI运维平台、AI驱动的数据中心节能调度、液冷散热系统设计与全生命周期管理、国产算力芯片适配等核心议题。“数据中心配电与能源分论坛”聚焦高密度配电架构、新型供电技术、算电协同、备用电源与储能等方向。✅ 参会收益：头部业主的技术研发、工程总包、运维负责人可精准对标自身项目新建 / 改造需求。03VIP产业对接座谈会，精准匹配供需大会特设闭门产业对接座谈会，定向邀请50余家产业链企业与属地算力业主（医疗机构、高校、金融科技数据中心）面对面交流，实现精准对接与项目落地。✅ 参会收益：直面真实新建 / 改造项目，摆脱泛泛交换名片，大幅提升合作转化效率。04院士领衔，主论坛汇聚顶级产业智慧上午主论坛拟邀请院士作主旨演讲，从全国一体化算力网与智算新基建的战略高度展开。头部AI企业高管将分享AI产业生态实践。✅ 参会收益：把握国家算力政策方向，借鉴头部机房建设、降本、运维、控温节能成熟方案。04大会议程主论坛人工智能与智算产业政策及项目情况介绍全国一体化算力网与智算新基建——技术路径与产业机遇仪电智能算力运维能力建设的思考和探索构建新型数据中心 加速算力网络纵深发展数据中心 ESG 的可持续发展之道百度 AIDC 高算力基础设施创新实践建设与运维分论坛工程产品化、模块化交付、建设与运维一体化设计液冷系统架构设计、关键设备选型、工程部署水质管理、漏液监测、设备维护策略、寿命评估数据中心基础设施监控管理、容量预测、故障预警基于 AI 的制冷/供电协同优化、PUE 智能调控设备全生命周期检测认证、出口合规路径全栈监控、根因定位、自动化故障修复、运维效率提升供需对话：建设与运维脱节如何解决、智能化运维落地瓶颈、TCO 最优解配电与能源分论坛从“算力等电”到“电等算力”：高密度数据中心配电架构的范式重构800V 直流供电：数据中心配电的终极架构？固态变压器：从 0 到 1，开启数据中心全直流供电新纪元“算电岛”与预制化供电：交付周期从 18 个月压缩至 5 个月阿里数据中心的供电系统设计与优化“从电网到芯片”（Grid-to-Chip）：全链路电力传输与转换链优化AI 驱动的智算配电：从“被动抢修”到“预测性维护”供需对话：智算配电新基建——技术路线选择与产业生态构建05展品范围数据中心基础建设与综合服务微模块数据中心、预制化集装箱数据中心、预制化电力方舱、预制化冷站、一体化集成机柜、智能服务器机柜、AI服务器、通用服务器、全球数据中心成熟度等级评估、ESG、GPU算力平台、国产AI芯片、高性能存储设备、交换机、光模块、综合布线系统、算力调度平台、异构算力管理平台、算力资源池化方案、数据中心基础设施检测验收服务、设备全生命周期检测认证、CE/UL等国际认证、数据中心PUE测试与认证、数据中心工程设计与咨询、机电总包服务、数据中心施工与安装、机房基础建设（消防/安防/布线/防水防尘）、工程监理与验收服务数据中心建设与运维展品大型智算中心EPC总包案例展示、数字化交钥匙(BDM)技术、预制化机电模块、装配式钢结构骨架、高性能防火保温隔热墙体、防静电复合地板、机载抗震防噪阻尼器件、DCIM(基础设施管理)系统、BMS/BA楼宇自控系统、3D/VR 数字孪生可视化平台、冷热流体分析软件(CFD)、多数据中心集中管理平台、ESG综合碳管理软件、暖通空调/液冷CDU智能群控系统、AI节能优化算法、前馈冷量调节系统、大模型反向能效管控软件、基于数字孪生的电力与温控仿真调配平台、解耦型新一代动环监控主机、定位漏液监测系统(感应绳/压力逻辑算法)流量/压力/温度高精密传感器、局部过热红外感知系统、早期烟雾火灾报警、微秒级局放/漏电智能检测仪、智能挂轨/轮式巡检机器人、智能AR远程协助眼镜数据中心供配电与能源工业级UPS不间断电源、高频在线式UPS、模块化UPS、HVDC高压直流供电系统、巴拿马电源、精密配电柜、智能PDU、母线系统、高低压配电设备、固态变压器（SST）、ATS双电源自动切换、柴油发电机组、蓄电池组、数据中心专用锂电储能系统、备用储能PACK、储能温控消防设备、光储一体化备电方案、离网应急储能供电系统、防雷接地系统、电能质量治理、配电系统智能化监控平台、算电协同调度平台、虚拟电厂接入方案、源网荷储一体化方案、数据中心碳中和改造方案、绿电采购与可再生能源配套、能耗管理系统、碳足迹核算方案、ESG报告编制服务06谁应该参会如果你是数据中心业主与运营方正在为数据中心扩容、建维或配电升级寻找技术路径？来这里一站式获取建维、高密度配电、智能运维的最新方案，高效对接经过筛选的优质供应商，让技术选型不再东奔西走。如果你是AI企业/算力需求方算力资源采购决策复杂、供应商选择难？大会汇集算力基础设施全链条服务商，从芯片、服务器到数据中心运营，帮你精准找到匹配需求的算力伙伴，掌握算力采购一手信息。如果你是产业链供应商客户分散、触达决策者成本高？大会定向邀请500+精准目标客户，其中60%以上为业主及决策层，更有政府协调邀约的属地算力业主（医疗机构、高校、金融科技数据中心）到场。现场展位+VIP一对一引荐+闭门对接会，让产品和方案直接触达买单人。如果你是行业从业者数据中心建设运维快速演进，如何才能不掉队？大会汇聚院士专家与头部企业技术负责人，围绕建设方法论、液冷部署、配电架构、智能运维等核心议题展开深度分享。听实战、看案例、问问题——来这里补齐认知短板，把握产业趋势。07为什么赞助10.16为什么选择我们AICC 2026 全球数据中心基础设施大会是数据中心基础设施领域构建行业关系的核心平台，汇聚业主与运营商、基础设施负责人、技术架构师及采购决策者等全产业链关键角色。我们的活动专为深度对接与精准获客而设计，甲方及业主方代表占比可达60%以上，为您建立与真实买家之间的直接通路。立足上海这一全国人工智能产业高地，大会深度链接本地智算生态与产业集群，为赞助商提供极具价值的属地化产业对接场景。10.16赞助价值（高效获取甲方资源）与我们合作，远不止于品牌曝光。我们将您的品牌深度嵌入真实交易场景——从需求发布、一对一洽谈到展区专场导览，确保与真实买家建立有效连接，在快速演进的智算浪潮中将品牌定位为产业链的关键参与者。10.16核心权益（覆盖会前·现场·会后）思想领导力：主题演讲、圆桌讨论、技术专题分享、闭门高管简报会专属对接：闭门需求对接会、VIP贵宾接待厅、一对一洽谈（会前匹配·现场对接）、展区专场导览品牌曝光：活动网站/手册/营销邮件LOGO展示、主会场视频广告、签到区/茶歇区品牌展示、活动挂绳/胸牌LOGO、会场座椅资料投放数据资产：经授权的参会者名录、会后报告品牌露出赞助形式灵活可定制，欢迎垂询锁定稀缺资源。08参会报名与赞助联络早鸟报名通道已开启，截止日期为8月31日。欢迎数据中心产业链上下游企业、AI算力需求方、数据中心建设与运维服务商咨询参与。大会详细议程及报名入口请扫描下方二维码报名咨询：Lex DUNG联系方式：182 1753 0793微信号：Lex_Dung邮箱：lex.ding@artisan-event.com09关于匠歆匠歆会展深耕汽车、航空航天、海事、人工智能、网络安全、医疗等高端产业，致力于为头部企业、权威学术机构、政府部门及科研院所提供贯穿战略洞察与全流程解决方案的高端服务平台。专注精准商务对接、品牌曝光与产业资源落地，依托 30 万 + 行业数据库与 VIP 1V1 匹配服务，高效拉高企业合作转化率。匠歆智算匠歆智算专注于AI算力基础设施领域，聚焦数据中心建设全周期的关键需求与产业协同。平台围绕AI数据中心从规划、建设到运营的核心环节，链接业主方、设计院、EPC总包、芯片厂商、服务器厂商、建维及供配电核心供应链，打造高价值、强连接的闭门供需协同平台。平台核心价值精准链接决策者平台参会者以企业决策层及核心执行层为主，占比超60%，覆盖数据中心运营方、AI基础设施建设方、云厂商基础设施团队、国资及地方算力平台、行业算力需求方，技术负责人及采购决策层目标占比超过70%。内容定制化精准匹配产业热点与真实需求，围绕市场需求与项目痛点，定制深度议题与闭门交流环节。系列主题涵盖数据中心设计与建设实践、高密度供配电与能效优化、国产算力生态与方案协同、数据中心热管理与液冷技术。高质量对接不止听会，而是一对一深度对接。通过需求发布、一对一洽谈、展区专场导览等方式，保障供需双方在真实场景中产生有效连接与合作机会。全球资源联动立足中国，链接全球。覆盖国内主要算力枢纽城市，链接海外关键算力建设区域，助力企业拓展国内外高价值合作机会与市场空间。免费线下活动，欢迎感兴趣的老师直接组团报名~,,,,pending
香港科技大学(广州)黄扬&河南大学刘英/曹瑞瑞AFM：分子间氢键桥联二元添加剂精准调控双亥姆霍兹层实现高稳定锌金属取向沉积,清深储能,清深储能,"RIOnews API, 前沿表征, 原位, 新型电解液, 弱溶剂化, 学术研究, 大学, 教授, 期刊",normal,2026-07-31T11:02:01+08:00,,研究背景水系锌离子电池因锌资源储量丰富、成本低、本征安全性高，以及较高的理论比容量等优势，被认为是面向大规模储能应用的极具潜力的候选体系。其电化学性能与长期循环稳定性，从根本上取决于电极/电解液界面处的反应动力学过程。然而，在电池循环过程中，电解液中Zn2+的扩散通常难以及时匹配其在电极表面的快速消耗，进而在电极/电解液界面诱发显著的浓度极化。这种浓度极化会明显扰乱电双层(EDL)中的电场分布，导致动态过电位升高，并进一步引发Zn2+非均匀沉积以及更加严重的腐蚀副反应。因此，如何有效缓解浓度极化，已成为制约水系锌离子电池性能提升与寿命延长的关键挑战之一。大量研究表明，亥姆霍兹层(HP)内的离子,http://mp.weixin.qq.com/s?__biz=MzYyMzA0NTc3NQ==&mid=2247628080&idx=2&sn=9e2e3d0161e5b792267b8398282c4fca,,研究背景水系锌离子电池因锌资源储量丰富、成本低、本征安全性高，以及较高的理论比容量等优势，被认为是面向大规模储能应用的极具潜力的候选体系。其电化学性能与长期循环稳定性，从根本上取决于电极/电解液界面处的反应动力学过程。然而，在电池循环过程中，电解液中Zn2+的扩散通常难以及时匹配其在电极表面的快速消耗，进而在电极/电解液界面诱发显著的浓度极化。这种浓度极化会明显扰乱电双层(EDL)中的电场分布，导致动态过电位升高，并进一步引发Zn2+非均匀沉积以及更加严重的腐蚀副反应。因此，如何有效缓解浓度极化，已成为制约水系锌离子电池性能提升与寿命延长的关键挑战之一。大量研究表明，亥姆霍兹层(HP)内的离子,"研究背景水系锌离子电池因锌资源储量丰富、成本低、本征安全性高，以及较高的理论比容量等优势，被认为是面向大规模储能应用的极具潜力的候选体系。其电化学性能与长期循环稳定性，从根本上取决于电极/电解液界面处的反应动力学过程。然而，在电池循环过程中，电解液中Zn2+的扩散通常难以及时匹配其在电极表面的快速消耗，进而在电极/电解液界面诱发显著的浓度极化。这种浓度极化会明显扰乱电双层(EDL)中的电场分布，导致动态过电位升高，并进一步引发Zn2+非均匀沉积以及更加严重的腐蚀副反应。因此，如何有效缓解浓度极化，已成为制约水系锌离子电池性能提升与寿命延长的关键挑战之一。大量研究表明，亥姆霍兹层(HP)内的离子迁移与吸附行为，是调控界面反应动力学的核心因素。这一认识表明，缓解浓度极化并实现均匀Zn2+沉积，关键在于重构亥姆霍兹层，并对界面处离子迁移与吸附过程进行精准调控。在传统水系电解液体系中，水偶极子会取向吸附在锌电极表面，形成富水的内亥姆霍兹层(IHP)；其外侧则为外亥姆霍兹层(OHP)，其中分布着大量水合Zn2+的溶剂化鞘层。IHP中大量吸附的水偶极子，以及OHP中溶剂化结构内活性水分子的存在，都会显著影响锌电极的稳定性与可逆性。具体而言，亥姆霍兹层中的电化学活性水分子在反复循环过程中会与锌金属发生不可逆析氢反应，生成绝缘副产物。这一过程不仅会加剧锌负极腐蚀，还会扰乱锌电极表面的局部电场分布，导致Zn2+在界面处高度不均匀富集。此外，Zn2+与水分子之间较强的溶剂化作用，会阻碍Zn2+在OHP区域的去溶剂化过程，造成Zn2+通量分布不均，并进一步加剧枝晶生长。因此，合理重构亥姆霍兹层界面化学环境，是缓解上述问题、提升锌电极可逆性的根本途径。基于添加剂的电解液调控策略能够直接优化电双层结构、改善电极界面Zn2+传输行为，是提升水系锌离子电池稳定性的一种简便且成本友好的途径。已有研究表明，葡萄糖、N-甲基-2-吡咯烷酮等添加剂可调节水分子氢键网络，改变Zn2+溶剂化环境，削弱溶剂化鞘层并降低传输能垒，从而促进Zn2+高效迁移。然而，目前多数策略仍依赖单一分子添加剂，功能调控有限，难以同时解决锌负极面临的溶剂化调控、界面吸附、副反应抑制和均匀沉积等多重问题。尽管双添加剂体系已被探索，但其通常局限于内亥姆霍兹层或外亥姆霍兹层的单一区域调控，难以实现界面整体优化，且有机分子间协同机制复杂、可预测性不足。因此，发展一种机制清晰、协同高效的二元添加剂策略，同步调控 IHP 与 OHP，是构建高稳定、高可逆水系锌金属负极的重要方向。研究内容鉴于此，香港科技(广州)黄扬、河南大学刘英/曹瑞瑞团队提出了一种由3-羟基异噁唑-5-羧酸甲酯(MHIC)和胞苷5′-单磷酸二钠盐(CMP)组成的氢键介导二元添加剂体系(MHIC-CMP)，用于重构双亥姆霍兹层并调控界面电化学行为。研究表明，MHIC与CMP可协同重组外亥姆霍兹层中的初级溶剂化结构与配位环境，其中MHIC在界面溶剂化调控过程中发挥主导作用；同时，富含核糖羟基的CMP分子能够优先锚定于锌金属表面，并通过分子间氢键作用诱导MHIC协同吸附，从而构筑贫水化内亥姆霍兹层。这种双亥姆霍兹层协同调控策略有效降低了界面水活性，并引导锌沿Zn(101)晶面实现致密、取向沉积，从而显著缓解枝晶生长和寄生副反应。得益于优化后的界面化学环境，Zn||Zn对称电池在1 mA cm-2/1 mAh cm-2条件下实现长达4100 h的超长循环寿命，并在10 mA cm-2/10 mAh cm-2的高电流密度与高面容量条件下稳定循环1200 h。此外，Zn||MnO2全电池也表现出显著提升的循环稳定性和容量保持能力。该研究凸显了双亥姆霍兹层界面工程在稳定水系电池金属负极中的重要作用，为构建高安全、长寿命、高可逆水系储能体系提供了新的设计思路。其成果以题为“Dual Helmholtz Plane Engineering via Hydrogen-Bonded Binary Additives Enables Oriented Deposition of Zinc Metal Anodes ”在国际知名期刊Advanced Functional Material上发表。研究亮点1.创新性提出MHIC-CMP分子间氢键协同调控策略。针对水系锌离子电池中锌负极界面水活性高、Zn2+通量分布不均及枝晶不可控生长等问题，构建由 MHIC和CMP组成的二元添加剂体系。通过 MHIC与CMP之间的分子间氢键作用，形成协同界面调控网络，实现对锌/电解液界面反应环境的精准优化。2.实现内/外亥姆霍兹层同步重构与界面水活性抑制。MHIC与CMP共同优化外亥姆霍兹层中Zn2+初级溶剂化结构与配位环境，并在锌表面通过分子间氢键诱导协同吸附，构筑贫水化内亥姆霍兹层。该协同调控有效降低界面水活性、均匀 Zn2+通量并降低成核能垒，引导锌沿Zn(101)晶面实现致密取向沉积，从而抑制枝晶生长及界面副反应。3.优异的电化学性能。基于MHIC-CMP电解液，Zn||Zn对称电池在1 mA cm-2、1 mAh cm-2条件下实现4100 h超长稳定循环，并在10 mA cm-2、10 mAh cm-2条件下稳定运行1200 h；Zn||MnO2全电池同样表现出优异的循环稳定性和容量保持能力，展现出良好的水系储能应用潜力。图文导读图1. MHIC-CMP电解液的设计构想及作用机制。(a) BE与 MHIC-CMP电解液中的EDL结构及锌沉积行为示意图。(b, c) H2O、甲酰胺、甘氨酸、L-丝氨酸、噁唑、异噁唑、3-羟基异噁唑、噁霉灵、HIC、MHIC 和 CMP 的最低未占据分子轨道(LUMO)、最高占据分子轨道(HOMO)及静电势(ESP)表面分布。(d) Zn2+和 H2O分别与 H2O、MHIC、CMP 及 MHIC-CMP体系相互作用的结合能。(e) 不同 MHIC 浓度下 MHIC-CMP 电解液的离子电导率、Zn²⁺迁移数及析氢反应(HER)过电位。(f) 不同电解液中锌电极表面的双电层电容。如图1所示，理论计算首先揭示了MHIC-CMP 双添加剂的界面调控优势。CMP 具有最高的HOMO能级，表现出最强的电子给体能力和优异的锌表面吸附倾向；MHIC 则具有最低的 LUMO 能级，有助于提升界面还原稳定性并抑制水诱导副反应。进一步计算表明，MHIC-CMP与Zn2+的结合能低至-16.45 eV，明显强于单一分子体系，说明二者协同作用可有效重构Zn2+溶剂化环境。同时，MHIC-CMP电解液使锌表面双电层电容由145.7 μF cm-2降至 80.8 μF cm-2，表明界面水吸附受到抑制，并形成更加致密稳定的界面层。上述结果证明，MHIC与CMP通过分子间氢键协同作用，可同步稳定内/外亥姆霍兹层，为实现高可逆锌金属负极奠定基础。图2. BE与MHIC-CMP电解液的结构表征与模拟分析。(a) BE、MHIC、CMP和MHIC-CMP电解液的1H NMR谱图。(b, c) BE 和MHIC-CMP 电解液的MD模拟三维快照，插图为相应的Zn2+溶剂化结构。(d) [Zn(H2O)6]2+和 [Zn(H2O)4(MHIC-CMP)]2+的静电势分布图。(e, f) BE和MHIC-CMP电解液中 Zn2+–O(H2O)的RDF及配位数。(g) 代表性 Zn2+溶剂化结构的HOMO和LUMO能级。(h) [Zn(H2O)6]2+和 [Zn(H2O)4(MHIC-CMP)]2+的逐步去溶剂化能计算结果。(i, j) 真空干燥MHIC-CMP粉末以及在MHIC-CMP电解液中浸泡后锌箔的 C 1s 和 P 2p 高分辨 XPS 谱图。(k) BE、MHIC、CMP和MHIC-CMP电解液在锌表面的接触角测试结果。如图2所示，谱学表征与理论模拟共同证明，MHIC-CMP可有效重构Zn2+溶剂化结构并优化锌表面界面化学环境。1H NMR、FT-IR 和Raman结果表明，MHIC-CMP能削弱Zn2+-H2O相互作用，调节水分子氢键网络，并重构阴离子参与的二级溶剂化结构。MD 模拟显示，MHIC-CMP可进入Zn2+初级溶剂化鞘层，形成稳定的[Zn(H2O)4(MHIC-CMP)]2+构型，从而促进Zn2+去溶剂化和界面电荷转移。XPS与接触角测试则证实，MHIC-CMP可通过含氧配位位点动态锚定于锌表面，提升界面润湿性并构筑非阻塞型吸附调控界面，为后续均匀锌沉积提供有利条件。图3. 长寿命与高利用率锌金属负极的电化学性能。(a) 不同电解液中Zn||Cu非对称电池在5 mA cm-2/ 5 mAh cm-2条件下的CE。(b) 瞬时成核和渐进成核模型的无量纲曲线(i/im)2与(t/tm)的关系，以及相应实验数据对比。(c) 基于Arrhenius分析计算得到的BE和MHIC-CMP电解液中的活化能。(d) 不同电解液中 Zn||Zn 对称电池在1 mA cm-2/1 mAh cm-2条件下的恒电流循环性能。(e) BE和MHIC-CMP 电解液中Zn||Zn对称电池在1 mA cm-2/ 1 m-2条件下选定循环圈数的原位弛豫时间分布分析。(f, g) 不同电解液中Zn||Zn对称电池分别在10 mA cm-2/10 mAh cm-2和20 mA cm-2/20 mAh cm-2条件下的恒电流循环性能。(h) 采用BE和MHIC-CMP电解液的Zn||Zn对称电池倍率性能。(i) 本工作锌负极与近期报道的先进优化策略锌负极在电流密度、面容量和循环时长方面的性能对比。如图3所示，MHIC-CMP电解液显著提升了锌金属负极的沉积/剥离可逆性，可有效降低界面动力学能垒并促进Zn2+快速传输。得益于动态吸附调控界面的构建，该体系在宽电流密度和高面容量条件下均表现出优异的循环稳定性，充分证明了其抑制枝晶生长和界面失效的能力。图4. BE与MHIC-CMP电解液中锌沉积形貌及晶体结构演变。(a1–a4)在BE电解液中循环后，从Zn||Zn对称电池中取出的锌电极的SEM图像。(b1–b4)上述在BE电解液中循环后的对应锌电极的AFM图像。(c1–c4) 在MHIC-CMP电解液中循环后的对应锌电极的SEM图像。(d1–d4) 上述在MHIC-CMP电解液中循环后的对应锌电极的原子力显微镜(AFM)图像。(e, f)在5 mA cm-2条件下沉积1 h后，分别在BE和MHIC-CMP 电解液中获得的锌沉积层的CLSM图像。(g) BE与MHIC-CMP电解液中不同循环次数后锌负极的 XRD 图谱。(h) 对应的RTC分析结果。(i, j) 分别在BE和MHIC-CMP电解液中沉积所得锌的IPF及对应的(101)极图。如图4所示，MHIC-CMP电解液能够显著改善锌沉积形貌，使循环后的锌负极保持致密平整表面，同时有效抑制腐蚀副产物累积和枝晶生长。XRD与EBSD分析表明，MHIC-CMP可持续诱导锌沿Zn(101)晶面择优取向沉积，均匀Zn2+通量并降低沉积各向异性，从而提升锌沉积/剥离过程的可逆性。图5. MHIC-CMP 电解液稳定锌金属负极的作用机制。(a) H2O、MHIC、CMP、MHIC-CMP以及两个H2O分子在不同Zn晶面上的吸附能计算结果。(b) 吸附MHIC-CMP分子后Zn(101)晶面的电荷密度差分图。(c, d) COMSOL模拟显示的BE和MHIC-CMP电解液中锌沉积过程中Zn表面的电场分布及形貌演化。(e) 基于 COMSOL Multiphysics模拟得到的不同电解液中枝晶尖端与凹谷处生长速率比值(jtip/jvalley)。(f, g) BE和MHIC-CMP电解液中枝晶顶部沿x轴方向的电场分布一维演化曲线。插图为t = 100 s时对应的二维局部电场分布。(h) BE和MHIC-CMP电解液中Zn在Cu基底上的CV曲线。(i) 在 5 mA cm-2条件下，BE和MHIC-CMP电解液中Zn沉积过程的原位光学显微镜图像。如图5所示，理论计算表明MHIC-CMP可在锌表面实现晶面选择性吸附，尤其稳定 Zn(101)晶面，同时削弱界面水吸附，构筑致密分子屏障以抑制析氢和腐蚀副反应。COMSOL模拟与原位光学观察证明，MHIC-CMP 能够均匀界面电场分布、降低锌成核能垒，从而避免尖端效应诱导的枝晶生长，促进致密平整的锌沉积。图6. Zn||MnO2全电池电化学性能。(a) 采用MHIC-CMP电解液的Zn||MnO2全电池结构示意图。(b) 在 1 mV s-1扫描速率下的CV曲线。(c) 不同电流密度下的倍率性能。(d) 不同倍率下对应的恒电流充放电曲线。(e) 在 5 A g-1条件下的长循环性能。(f) 采用BE和MHIC-CMP电解液的Zn||MnO2全电池在5 A g-1循环后拆解所得Zn负极的SEM图像。(g) 基于GITT测得的不同电解液中Zn2+扩散系数对比。(h) 采用BE和MHIC-CMP电解液的Zn||MnO2全电池自放电行为。(i) 采用不同电解液的 Zn||MnO2软包电池在 0.1 A g-1条件下的循环性能。(j) 柔性Zn||MnO2软包电池工作过程中的开路电压监测，以及串联电池组在机械裁剪条件下驱动电子手表的演示。如图6所示，MHIC-CMP电解液进一步提升了Zn||MnO2全电池的反应动力学、倍率性能和长循环稳定性，有效缓解锌负极枝晶生长、副产物累积及正极界面劣化问题。基于该电解液构筑的Zn||MnO2软包电池兼具高面容量、低N/P比和良好柔性，在复杂机械状态下仍可稳定供能，展现出面向柔性水系储能器件的应用潜力。研究结论本工作提出了一种具有强电子给体能力的MHIC-CMP双功能添加剂，通过协同调控OHP与IHP界面区域，引导锌均匀沉积，实现高稳定性锌金属负极。实验表征与理论计算结果表明，MHIC-CMP可有效重构OHP区域中的锌离子溶剂化结构，显著降低活性水分子数量，从而有效抑制析氢副反应。其中，富含核糖羟基的CMP能够优先吸附于锌金属表面，并通过氢键作用引导MHIC在IHP区域协同吸附，构筑稳定的分子保护层。该分子层可均匀调控 Zn2+通量、降低锌成核能垒，进一步促进锌沿(101)晶面择优沉积，最终获得致密、无枝晶的锌沉积形貌。得益于上述协同调控机制，Zn||Zn对称电池在1 mA cm-2/1 mAh cm-2条件下实现超过4100 h的超长稳定循环，并在5 mA cm-2/ 5 mAh cm-2条件下稳定运行1800 h。进一步组装的Zn||MnO2全电池在5 A g-1下循环3500次后仍保持82.5%的容量保持率，展现出优异的长循环稳定性。该研究从电解液界面调控出发，提出了一种面向高可逆锌金属负极的理性添加剂设计策略，为构建高安全、高稳定的先进水系储能体系提供了新的思路。文献链接Dual Helmholtz Plane Engineering via Hydrogen-Bonded Binary Additives Enables Oriented Deposition of Zinc Metal Anodes原文链接：https://doi.org/10.1002/adfm.76918团队简介刘英，博士，河南大学黄河学者特聘教授，香港城市大学物理与材料科学博士。主要开展纳米材料的制备及表面结构调控，同时研制新型能量存储器件(如水系锌/铝/镁电池等)。主持/参与中国博士后和国家基金委等科研项目5项，已发表科研论文30余篇，其中以第一作者在Energy Storage Mater., Adv. Funct. Mater., ACS Nano, Adv. Sci., SusMat和J. Power Sources等SCI期刊上发表论文10余篇，引用总数3000余次。曾入选南山区领航人才C类、广东省海外青年博士后人才引进计划。黄扬，香港科技大学(广州)助理教授，博士生导师，主要研究材料表面调控与能源存储/转换器件性能的构效关系。在ACS nano, Adv. Mater.，Adv. Energy Mater.，Adv. Funct. Mater.，Angew. Chem. In. Ed.，Chem. Soc. Rev.，Energy Environ. Sci.，Mater. Today，Nature Commun.等期刊杂志发表学术论文100余篇，被引用17000余次，H-index指数为57；2020-2025年连续入选斯坦福全球Top 2%科学家影响力榜单。担任由清华大学出版社创办的Nano Research Energy杂志青年编委。转载自：水系储能投稿通道（长按扫码）文章来源链接：https://pubs.acs.org/jacsat/article/doi/10.1021/jacs.6c08941/5236387/A-Competitive-Ion-Dipole-Interaction-RegulatedDO水系储",,,,pending
"星源空间太阳翼正式开启""北邮四号""卫星在轨供电服务",钙钛矿光伏,钙钛矿光伏,"RIOnews API, 钙钛矿, 全钙钛矿叠层, 柔性钙钛矿, 技术进展, 工艺优化, 量产工艺, 制备工艺",normal,2026-07-31T10:55:05+08:00,,"2026钙钛矿与太空光伏技术、设备和材料论坛将于10月27-28日在常州召开。会议将探讨HJT、钙钛矿和叠层电池在太空光伏的市场机遇，大面积工业化钙钛矿与叠层电池材料体系、结构设计、制造工艺、核心设备、良率、转换效率与成本，钙钛矿与叠层电池在BIPV、消费电子、新能源汽车、光伏电站的应用方案，太空光伏硬质可折叠太阳翼与柔性可卷绕太阳翼，太空光伏HJT-钙钛矿叠层太阳翼制备工艺、测试认证、抗辐射性和长期稳定性，砷化镓、碲化镉、HJT-钙钛矿叠层太空光伏竞争格局展望等。7月22日10时54分，由天仪空间科技股份有限公司与北京邮电大学联合研制的""北邮四号""卫星（代号TY49），搭乘引力一号遥四运载火",http://mp.weixin.qq.com/s?__biz=MzkyNTYzNjI1NQ==&mid=2247495302&idx=2&sn=24493fa3df9ce6be9583866bf50c88a8,,"2026钙钛矿与太空光伏技术、设备和材料论坛将于10月27-28日在常州召开。会议将探讨HJT、钙钛矿和叠层电池在太空光伏的市场机遇，大面积工业化钙钛矿与叠层电池材料体系、结构设计、制造工艺、核心设备、良率、转换效率与成本，钙钛矿与叠层电池在BIPV、消费电子、新能源汽车、光伏电站的应用方案，太空光伏硬质可折叠太阳翼与柔性可卷绕太阳翼，太空光伏HJT-钙钛矿叠层太阳翼制备工艺、测试认证、抗辐射性和长期稳定性，砷化镓、碲化镉、HJT-钙钛矿叠层太空光伏竞争格局展望等。7月22日10时54分，由天仪空间科技股份有限公司与北京邮电大学联合研制的""北邮四号""卫星（代号TY49），搭乘引力一号遥四运载火","2026钙钛矿与太空光伏技术、设备和材料论坛将于10月27-28日在常州召开。会议将探讨HJT、钙钛矿和叠层电池在太空光伏的市场机遇，大面积工业化钙钛矿与叠层电池材料体系、结构设计、制造工艺、核心设备、良率、转换效率与成本，钙钛矿与叠层电池在BIPV、消费电子、新能源汽车、光伏电站的应用方案，太空光伏硬质可折叠太阳翼与柔性可卷绕太阳翼，太空光伏HJT-钙钛矿叠层太阳翼制备工艺、测试认证、抗辐射性和长期稳定性，砷化镓、碲化镉、HJT-钙钛矿叠层太空光伏竞争格局展望等。7月22日10时54分，由天仪空间科技股份有限公司与北京邮电大学联合研制的""北邮四号""卫星（代号TY49），搭乘引力一号遥四运载火箭，在上海东部东海海域成功发射升空。本次发射是引力一号火箭首次执行远海发射任务，一箭九星、精准入轨，卫星顺利进入预定轨道，各项遥测参数正常，在轨状态稳定良好，发射任务取得圆满成功。在此次任务中，北京星源空间技术有限公司研制的太阳翼顺利随星稳定运行，为""北邮四号""卫星提供电力支持，正式开启了在轨整星供电任务。这是星源空间太阳翼首次参与整星供电任务，标志着公司在空间电源系统工程化交付与在轨应用方面迈出了坚实的一步。""北邮四号""是一颗50公斤级空间科学试验卫星，搭载了小型遥感相机及卫星互联网安全模块、卫星算力模块等核心载荷。入轨后，该卫星将与此前双方联合研制的“北邮一号”“北邮二号”“北邮三号”组网协同，迭代完善空天计算在轨试验体系，稳步筑牢双方在空天计算前沿领域的技术壁垒与行业先发优势。星源空间为""北邮四号""研制的太阳翼采用三结砷化镓（GaAs）太阳电池片，光电转换效率在AM0条件（太空真实光照条件）下超过30%。基板采用碳纤维铝蜂窝方案，在保证结构刚度的同时实现轻量化。产品针对低轨空间辐照、高低温交变、真空环境等极端工况优化设计，具备高转换效率、高稳定性、长服役周期的优势。从“迪迩五号”的搭载验证，到“北邮四号”的整星供电任务顺利开启，星源空间在空间电源领域的技术积累与工程能力得到了持续检验。此次任务的顺利推进，不仅是对星源空间产品质量与可靠性的有力证明，也为后续更多整星电源系统的研制与交付积累了宝贵经验。北京星源空间技术有限公司成立于2025年3月，公司总部和研发基地位于北京怀柔科学城。公司定位为太空能源基础设施制造和服务商，业务场景包括卫星电源系统，太空算力能源系统、太空工厂能源系统等。公司核心技术团队在卫星电源领域拥有三十多年的研发和生产经验，曾经主持和参与过东方红四号、东方红五号、神舟载人飞船、天宫空间实验室等国家航天工程的能源系统研制工作。星源空间已经具备了卫星电源系统全谱系产品的研发、设计、生产能力，并获得了国军标质量管理体系认证。目前，星源空间正在开展面向太空算力的100kW高压大功率电源系统的研制工作。来源：星源空间2026钙钛矿与太空光伏技术、设备和材料论坛将于10月27-28日在常州召开。我们诚挚邀请行业专家作以下主题的演讲报告：1. 光伏行业展望与钙钛矿和叠层电池市场分析2. HJT、钙钛矿和叠层电池在太空光伏的市场机遇3. 钙钛矿电池分布式电站与大型地面电站运行情况总结4. 钙钛矿产能展望和技术、设备与材料市场机遇5. 钙钛矿溶液涂布和干燥结晶的技术挑战与工艺优化6. 钙钛矿溶液喷墨打印技术与先进设备7. 钙钛矿电池HTL和ETL薄膜制备方案与关键设备8. 激光技术在钙钛矿电池生产中的应用9. 钙钛矿导电玻璃技术路线和供应展望10. 钙钛矿电池材料体系、界面钝化与结构调控11. 铂族金属在钙钛矿电池的应用优势与价值分析12. 钙钛矿电池的长期稳定性研究13. 全钙钛矿叠层电池竞争力分析与效率展望14. 两端叠层电池技术研发挑战与解决思路15. 平米级四端叠层组件结构设计与制造工艺16. 钙钛矿-BC三端叠层电池的优势与挑战17. 服务于晶硅-钙钛矿叠层电池的超低温固化银浆18. 服务于钙钛矿叠层组件的封装技术与封装材料19. 钙钛矿与叠层电池测试标准和测试技术20. 柔性钙钛矿太阳能电池技术研发与量产工艺21. 柔性钙钛矿电池在消费电子和可穿戴设备的应用实践22. 钙钛矿与叠层电池在BIPV与新能源汽车的市场潜力23. 低轨太空光伏的挑战：紫外辐照、粒子辐照、原子氧腐蚀及高低温交变24. 太空光伏技术路线：硬质可折叠太阳翼与柔性可卷绕太阳翼25. 40-50μm级超薄硅片与P型HJT电池的批量制造26. 太空光伏P型HJT电池抗辐射性能与轻量化潜力27. 太空光伏P型HJT-钙钛矿叠层电池制备工艺与抗辐射性和长期稳定性28. 太空光伏电池阵及电源系统集成与测试验证29. 高性能全钙钛矿叠层太阳翼优势分析30. 砷化镓、碲化镉、HJT-钙钛矿叠层太空光伏竞争格局展望2026 XBC电池与组件技术论坛将于8月11日在苏州召开。会议将探讨光伏市场展望与XBC、TOPCon和异质结电池竞争格局，XBC组件在户用和工商业分布式的应用优势，XBC电池生产工艺、关键设备与成本降低路径，服务于XBC电池的先进导电浆料与少银/无银金属化技术，TBC、HBC和HTBC技术研发进展与效率提升潜力，XBC电池双面率优化与集中式电站应用实践等。亚化咨询会议赞助项目介绍主题演讲做一个主题演讲，介绍您的公司和业务现场展台现场展板(2m*3m)，也可展示设备、样品、资料会刊广告研讨会会刊，彩色全页广告（尺寸A4）资料入袋赞助企业的宣传册放入会议包袋现场易拉宝会场内外展示易拉宝展架礼品赞助您可以提供印有赞助商LOGO的礼品赠送参会嘉宾茶歇赞助冠名和赞助会议期间的茶歇晚宴赞助冠名和赞助会议的招待晚宴Logo展示背景墙 logo，会刊封面logo播放视频在会议茶歇、午餐期间播放贵公司的宣传视频联系我们微信/电话｜180 1914 0829 （高经理）邮箱｜ella@chemweekly.com2026钙钛矿与太空光伏技术、设备和材料论坛将于10月27-28日在常州召开。",,,,pending
1751.7万元！钙钛矿叠层光伏创新中心启动设备招标,钙钛矿光伏,钙钛矿光伏,"RIOnews API, 钙钛矿, 全钙钛矿叠层, 柔性钙钛矿, 合作进展, 招标, 投资, 技术进展, 工艺优化, 量产工艺, 制备工艺",normal,2026-07-31T10:55:05+08:00,,2026钙钛矿与太空光伏技术、设备和材料论坛将于10月27-28日在常州召开。会议将探讨HJT、钙钛矿和叠层电池在太空光伏的市场机遇，大面积工业化钙钛矿与叠层电池材料体系、结构设计、制造工艺、核心设备、良率、转换效率与成本，钙钛矿与叠层电池在BIPV、消费电子、新能源汽车、光伏电站的应用方案，太空光伏硬质可折叠太阳翼与柔性可卷绕太阳翼，太空光伏HJT-钙钛矿叠层太阳翼制备工艺、测试认证、抗辐射性和长期稳定性，砷化镓、碲化镉、HJT-钙钛矿叠层太空光伏竞争格局展望等。7月30日，宜宾市智能钙钛矿叠层光伏创新中心设备采购系列招标公告发布，计划采购采购喷墨打印设备(钙钛矿)、双喷墨打印设备(SAM+,http://mp.weixin.qq.com/s?__biz=MzkyNTYzNjI1NQ==&mid=2247495302&idx=1&sn=09bbf1200b5cbf1af222bf4cf9671b7a,,2026钙钛矿与太空光伏技术、设备和材料论坛将于10月27-28日在常州召开。会议将探讨HJT、钙钛矿和叠层电池在太空光伏的市场机遇，大面积工业化钙钛矿与叠层电池材料体系、结构设计、制造工艺、核心设备、良率、转换效率与成本，钙钛矿与叠层电池在BIPV、消费电子、新能源汽车、光伏电站的应用方案，太空光伏硬质可折叠太阳翼与柔性可卷绕太阳翼，太空光伏HJT-钙钛矿叠层太阳翼制备工艺、测试认证、抗辐射性和长期稳定性，砷化镓、碲化镉、HJT-钙钛矿叠层太空光伏竞争格局展望等。7月30日，宜宾市智能钙钛矿叠层光伏创新中心设备采购系列招标公告发布，计划采购采购喷墨打印设备(钙钛矿)、双喷墨打印设备(SAM+,2026钙钛矿与太空光伏技术、设备和材料论坛将于10月27-28日在常州召开。会议将探讨HJT、钙钛矿和叠层电池在太空光伏的市场机遇，大面积工业化钙钛矿与叠层电池材料体系、结构设计、制造工艺、核心设备、良率、转换效率与成本，钙钛矿与叠层电池在BIPV、消费电子、新能源汽车、光伏电站的应用方案，太空光伏硬质可折叠太阳翼与柔性可卷绕太阳翼，太空光伏HJT-钙钛矿叠层太阳翼制备工艺、测试认证、抗辐射性和长期稳定性，砷化镓、碲化镉、HJT-钙钛矿叠层太空光伏竞争格局展望等。7月30日，宜宾市智能钙钛矿叠层光伏创新中心设备采购系列招标公告发布，计划采购采购喷墨打印设备(钙钛矿)、双喷墨打印设备(SAM+钝化)真空蒸镀设备等、涂布三件套设备、磁控溅射设备、丝网印刷整线设备、IV特性曲线测试设备、半自动层压机、原子层沉积设备等，合计最高限价1751.7万元。宜宾市智能钙钛矿叠层光伏创新中心设备采购标段一：项目概况：本次拟采购喷墨打印设备(钙钛矿)、双喷墨打印设备(SAM+钝化)真空蒸镀设备等；最高限价总价：420.35万元（不含税）。宜宾市智能钙钛矿叠层光伏创新中心设备采购标段二：项目概况：本次拟采购涂布三件套设备、磁控溅射设备、丝网印刷整线设备、IV特性曲线测试设备、半自动层压机、原子层沉积设备；最高限价总价：642.71万元（不含税）。宜宾市智能钙钛矿叠层光伏创新中心设备采购标段三：项目概况：本次拟采购阳光气候模拟试验箱(MPPT系统)、钙钛矿电池组件户外实证测试仪、气候模拟试验箱、紫外老化试验箱；最高限价总价：162.65万元（不含税）。宜宾市智能钙钛矿叠层光伏创新中心设备采购标段四：项目概况：本次拟采购扫描电子显微镜(SEM)；最高限价总价：247.79万元（不含税）。宜宾市智能钙钛矿叠层光伏创新中心设备采购标段五：项目概况：本次拟采购紫外皮秒激光划线设备、量子效率测试仪、X射线衍射分析(XRD)、紫外可见分光光度计、台阶仪、椭偏仪、综合性光伏电池检测设备、双工位手套箱设备；最高限价总价：278.20万元（不含税）。招 选 人：宜宾高新创领投资有限公司；供货期限：自合同签订之日起90日历天内完成供货（定制化设备可延长至180天）；采购工作内容：包括实验设备的设计、生产、设备加装、试验检测、装运、调试、验收并交付、产品交底、技术指导、售后服务、操作培训等；招标文件获取时间：2026年7月30日19:00至2026年8月7日23:59时（北京时间）;投标文件递交截止时间（即开选时间）：2026年8月10日11时30分（北京时间）。2026钙钛矿与太空光伏技术、设备和材料论坛将于10月27-28日在常州召开。我们诚挚邀请行业专家作以下主题的演讲报告：1. 光伏行业展望与钙钛矿和叠层电池市场分析2. HJT、钙钛矿和叠层电池在太空光伏的市场机遇3. 钙钛矿电池分布式电站与大型地面电站运行情况总结4. 钙钛矿产能展望和技术、设备与材料市场机遇5. 钙钛矿溶液涂布和干燥结晶的技术挑战与工艺优化6. 钙钛矿溶液喷墨打印技术与先进设备7. 钙钛矿电池HTL和ETL薄膜制备方案与关键设备8. 激光技术在钙钛矿电池生产中的应用9. 钙钛矿导电玻璃技术路线和供应展望10. 钙钛矿电池材料体系、界面钝化与结构调控11. 铂族金属在钙钛矿电池的应用优势与价值分析12. 钙钛矿电池的长期稳定性研究13. 全钙钛矿叠层电池竞争力分析与效率展望14. 两端叠层电池技术研发挑战与解决思路15. 平米级四端叠层组件结构设计与制造工艺16. 钙钛矿-BC三端叠层电池的优势与挑战17. 服务于晶硅-钙钛矿叠层电池的超低温固化银浆18. 服务于钙钛矿叠层组件的封装技术与封装材料19. 钙钛矿与叠层电池测试标准和测试技术20. 柔性钙钛矿太阳能电池技术研发与量产工艺21. 柔性钙钛矿电池在消费电子和可穿戴设备的应用实践22. 钙钛矿与叠层电池在BIPV与新能源汽车的市场潜力23. 低轨太空光伏的挑战：紫外辐照、粒子辐照、原子氧腐蚀及高低温交变24. 太空光伏技术路线：硬质可折叠太阳翼与柔性可卷绕太阳翼25. 40-50μm级超薄硅片与P型HJT电池的批量制造26. 太空光伏P型HJT电池抗辐射性能与轻量化潜力27. 太空光伏P型HJT-钙钛矿叠层电池制备工艺与抗辐射性和长期稳定性28. 太空光伏电池阵及电源系统集成与测试验证29. 高性能全钙钛矿叠层太阳翼优势分析30. 砷化镓、碲化镉、HJT-钙钛矿叠层太空光伏竞争格局展望2026 XBC电池与组件技术论坛将于8月11日在苏州召开。会议将探讨光伏市场展望与XBC、TOPCon和异质结电池竞争格局，XBC组件在户用和工商业分布式的应用优势，XBC电池生产工艺、关键设备与成本降低路径，服务于XBC电池的先进导电浆料与少银/无银金属化技术，TBC、HBC和HTBC技术研发进展与效率提升潜力，XBC电池双面率优化与集中式电站应用实践等。亚化咨询会议赞助项目介绍主题演讲做一个主题演讲，介绍您的公司和业务现场展台现场展板(2m*3m)，也可展示设备、样品、资料会刊广告研讨会会刊，彩色全页广告（尺寸A4）资料入袋赞助企业的宣传册放入会议包袋现场易拉宝会场内外展示易拉宝展架礼品赞助您可以提供印有赞助商LOGO的礼品赠送参会嘉宾茶歇赞助冠名和赞助会议期间的茶歇晚宴赞助冠名和赞助会议的招待晚宴Logo展示背景墙 logo，会刊封面logo播放视频在会议茶歇、午餐期间播放贵公司的宣传视频联系我们微信/电话｜180 1914 0829 （高经理）邮箱｜ella@chemweekly.com2026钙钛矿与太空光伏技术、设备和材料论坛将于10月27-28日在常州召开。,,,,pending
中科海钠李树军：2026钠电迈入商品时代,高工钠电,高工钠电,"RIOnews API, 钠离子电池, 钠电, 磷酸铁锂, 铁锂, 钠电池, 储能, 系统集成, 电力储能, 6C, 高安全, 循环寿命, 电池包, 碳酸锂, 负极材料, 出货, 出货量, GWh, 订单, 投资, 海外, 钠电商业化, 快充",normal,2026-07-31T10:52:12+08:00,,先有鸡还是先有蛋？2026年，钠电订单持续涌入，正式开启商品时代。7月22日举行的2026高工钠电产业峰会上。中科海钠总经理李树军博士带来“商品时代下钠离子电池的市场路径与产品布局”主题演讲。现阶段，钠电商业化面临着一个十分现实的问题：成本下不来就没有订单，没有订单规模就起不来，规模起不来成本就下不来——这个“先有鸡还是先有蛋”的困境如何破解？李树军给出的答案是：通过合适的场景，把钠电的特性发挥出来，让市场流动起来。一旦进入正向循环，也就是市场规模不断扩大，成本持续下降，商业化也就进入了良性发展轨道。不仅如此，李树军还给出了一个冷静的判断：从今年到2028年，钠电相对于锂电池总体并无直接成本优,http://mp.weixin.qq.com/s?__biz=MzIwMDkyMDg2Mg==&mid=2247501753&idx=1&sn=c166b5d3c7a779bc726d25ac1a1b4a40,,先有鸡还是先有蛋？2026年，钠电订单持续涌入，正式开启商品时代。7月22日举行的2026高工钠电产业峰会上。中科海钠总经理李树军博士带来“商品时代下钠离子电池的市场路径与产品布局”主题演讲。现阶段，钠电商业化面临着一个十分现实的问题：成本下不来就没有订单，没有订单规模就起不来，规模起不来成本就下不来——这个“先有鸡还是先有蛋”的困境如何破解？李树军给出的答案是：通过合适的场景，把钠电的特性发挥出来，让市场流动起来。一旦进入正向循环，也就是市场规模不断扩大，成本持续下降，商业化也就进入了良性发展轨道。不仅如此，李树军还给出了一个冷静的判断：从今年到2028年，钠电相对于锂电池总体并无直接成本优,先有鸡还是先有蛋？2026年，钠电订单持续涌入，正式开启商品时代。7月22日举行的2026高工钠电产业峰会上。中科海钠总经理李树军博士带来“商品时代下钠离子电池的市场路径与产品布局”主题演讲。现阶段，钠电商业化面临着一个十分现实的问题：成本下不来就没有订单，没有订单规模就起不来，规模起不来成本就下不来——这个“先有鸡还是先有蛋”的困境如何破解？李树军给出的答案是：通过合适的场景，把钠电的特性发挥出来，让市场流动起来。一旦进入正向循环，也就是市场规模不断扩大，成本持续下降，商业化也就进入了良性发展轨道。不仅如此，李树军还给出了一个冷静的判断：从今年到2028年，钠电相对于锂电池总体并无直接成本优势，除非碳酸锂价格出现大幅上涨，但这在目前看来并不现实。这也意味着未来三年，钠电无法靠“低价平替”锂电池打开市场，而是必须发挥自身性能优势，与特定应用场景深度结合，为客户创造价格之外的使用价值。5年2个周期：从性能主导到成本主导李树军把未来五年的钠电市场划分为两个周期：第一个周期，2026-2028年属于性能主导阶段，选择能够发挥倍率、温度、寿命等特性优势的产品形态、市场应用和业务模式，形成基本规模。第二个周期，2029-2030年进入成本主导阶段，技术进步和规模扩大使得钠电池能量密度和成本与主流锂电产品接近，开始规模进入成本型的长时储能与纯电乘用车市场。聚焦到钠离子电池的商品化问题，目前主要是市场和技术方案的选择问题而不是基础技术的开发问题。从目前的商业化场景来看，李树军认为“纯电乘用车现在还不合适钠电”。对此，中科海钠当前选择的三大核心赛道为启停电池、动力电池（卡车类）、储能电池（功率型）。启停方面，作为典型的铅酸替代场景，钠电低温高倍率放电，能够使用较少的电量完成相同的工作动力方面，钠电的机会在商用车，尤其是重卡、矿卡等场景——这些场景对快充、长寿命、宽温域有刚性需求，而钠电恰恰在这些维度上具备明确优势。储能方面，常规的电力储能主流市场钠电目前没有成本优势，还做不了大规模应用，但在AIDC、调频、构网型混合储能等对功率特性有较高要求的场景，钠电可充分发挥高安全、长寿命、宽温域、快速响应的特性。聚焦3大场景的6大产品组合基于上述市场判断，中科海钠的产品策略非常明确：2个化学体系（层状氧化物和聚阴离子）乘以3种电芯尺寸，形成6个产品规格：圆柱全极耳电池（10Ah/7.5Ah） ：主打功率型应用，适用于启动电池后装市场和海外家用储能。32140型号是行业通用规格，应用组合简单方便，性价比很高。方形功率型叠片电池（200Ah/120Ah） ：200Ah为层氧体系，能量密度做到165Wh/kg，对标功率型磷酸铁锂，主攻卡车市场。120Ah为聚阴离子体系，面向储能功率型应用，包括AIDC等场景。尤其针对卡车市场，中科海钠带来了“海星”钠电产品。该产品从场景出发，中科海钠基于场景要求，完成了从系统架构到电芯形态甚至正负极材料的自主定义，性能闭环且完整自洽。性能方面，“海星”系统10-95%充电时长在25分钟左右、快充系统循环寿命8000次、日常放电深度可精确至10%且不怕过放电，冬季续航无明显衰减，平均可减少电能消耗15%，经济性优势明显。能够给到用户最直观的使用感受便是“少装、快充、多用”：电池包装的少了，整车重量减少可搭载更多的货物，充电方面更是均匀的快充，对比锂电“前快后慢”的快充方式，减少了充电设施投资，降低了电池包的散热要求和热损耗。而25分钟的快充让司机在一天时间内多次运输，即实现了多用，这对卡车运营的经济回报十分重要。方形能量型卷绕电池（240/170Ah）：层状氧化物体系未来能够在能量密度和成本上追平锂电池的体系，主要通过固态化提高安全保障，是基础研发开发的重点。聚阴离子体系则用于对于功率、温度、循环特性有较高要求的能量型市场，但目前平替使用的经济性还不足，要依托场景设计运行模式并重构系统集成，是应用开发的重点。而在下一代产品备战方面，中科海钠功率型产品选择了刀片路线，支持6C甚至更高倍率的连续充电和放电，且最大倍率下工作，温升不超过20℃。这类产品在未来一两年内，将在商用车或乘用车混合动力、储能高功率支撑等应用领域，有巨大机会。容量型产品方面，中科海钠的目标是追平磷酸铁锂，在主流价格型市场一争高下，该电芯未来的能量密度能突破180Wh/kg，规模化成本低于0.3元/Wh。但李树军直言，这需要2到3年的核心技术攻关，综合来看，能量密度、制造规模、单体容量、制程能力都在影响钠电的成本。最后提到钠电何时能在主流市场与铁锂一争高下，李树军坦言没有明确的分水岭，市场会是一个逐渐演变、逐渐渗透的过程。声明：本文章属高工钠电原创，转载请注明出处。商业转载请联系（微信号：zhaochong1213）获得授权。往期精彩■ 众钠能源夏刚：NFS是钠电最难的路，也是长期主义的答案■ 张小飞：2030年钠电出货量冲击150GWh，黄金窗口期只有两年■ 钠电储能，进军东南亚市场【高工钠电】逐渐演变、逐渐渗透。,,,,pending
"北京理工大学Angew:电催化CO₂制乙醇,三元位点策略解锁单原子催化剂超高选择性",电催化科研社,电催化科研社,"RIOnews API, 电化学合成, 电催化, CO₂还原",normal,2026-07-31T10:51:59+08:00,,一、研究背景在全球气候变暖加剧、能源安全问题日益凸显的当下，电化学CO₂还原（eCO₂RR）作为一种将温室气体CO₂转化为高附加值燃料与化工原料的核心技术，受到了全球科研领域的广泛关注。在众多eCO₂RR的目标产物中，乙醇凭借高能量密度、可液态储存、兼具清洁燃料与化工前驱体的多重优势，成为极具应用潜力的转化方向。但电催化高选择性合成乙醇长期以来面临着多重瓶颈：该过程需要经过12电子/质子转移的复杂多步反应，同时涉及动力学上极具挑战的C-C偶联步骤，反应路径极易受热力学和动力学层面的竞争反应干扰，往往会同时生成CO、甲酸、乙烯等多种副产物，很难实现单一乙醇产物的高选择性制备。因此开发同时兼具高活,http://mp.weixin.qq.com/s?__biz=MzI4MTE2MjIxOQ==&mid=2650305843&idx=1&sn=ca912f523a9b6ec4d0beb6267079f3d5,,一、研究背景在全球气候变暖加剧、能源安全问题日益凸显的当下，电化学CO₂还原（eCO₂RR）作为一种将温室气体CO₂转化为高附加值燃料与化工原料的核心技术，受到了全球科研领域的广泛关注。在众多eCO₂RR的目标产物中，乙醇凭借高能量密度、可液态储存、兼具清洁燃料与化工前驱体的多重优势，成为极具应用潜力的转化方向。但电催化高选择性合成乙醇长期以来面临着多重瓶颈：该过程需要经过12电子/质子转移的复杂多步反应，同时涉及动力学上极具挑战的C-C偶联步骤，反应路径极易受热力学和动力学层面的竞争反应干扰，往往会同时生成CO、甲酸、乙烯等多种副产物，很难实现单一乙醇产物的高选择性制备。因此开发同时兼具高活,"一、研究背景在全球气候变暖加剧、能源安全问题日益凸显的当下，电化学CO₂还原（eCO₂RR）作为一种将温室气体CO₂转化为高附加值燃料与化工原料的核心技术，受到了全球科研领域的广泛关注。在众多eCO₂RR的目标产物中，乙醇凭借高能量密度、可液态储存、兼具清洁燃料与化工前驱体的多重优势，成为极具应用潜力的转化方向。但电催化高选择性合成乙醇长期以来面临着多重瓶颈：该过程需要经过12电子/质子转移的复杂多步反应，同时涉及动力学上极具挑战的C-C偶联步骤，反应路径极易受热力学和动力学层面的竞争反应干扰，往往会同时生成CO、甲酸、乙烯等多种副产物，很难实现单一乙醇产物的高选择性制备。因此开发同时兼具高活性与高乙醇选择性的电催化剂，是该领域亟待突破的核心科学问题。近年来，单金属配位氮掺杂碳（M₁-NC）材料凭借可调控的电子结构、丰富的活性位点、优异的化学稳定性，成为eCO₂RR领域最具吸引力的催化体系之一。其中Cu基单原子Cu₁-NC因Cu本身优异的C-C偶联特性，被广泛用于C₂/C₂+产物的制备，而Fe、Co、Ni等其他M₁-NC材料几乎很少被报道能生成C₂/C₂+产物，且对应的选择性普遍很差。过往针对M₁-NC材料的研究大多将注意力集中在金属位点本身，却长期忽略了氮构型在催化过程中的关键作用。尽管已有研究发现氮掺杂碳基底中的吡啶氮、吡咯氮、石墨氮等不同氮构型可以选择性吸附CO₂，甚至能够作为活性位点参与反应，也有研究证实吡咯氮可以通过孤对电子增强CO₂结合能力，促进COOH向CO转化，推动后续*CO偶联生成多碳产物，但领域内对于吡啶氮、石墨氮等其他氮构型的作用机制仍知之甚少，几乎没有研究通过精准调控氮掺杂碳基底的氮构型来系统性提升乙醇选择性，这一空白也成为了本次研究的重要出发点。二、研究内容本次研究首次可控合成了具有高吡咯氮/吡啶氮比例的Cu基单原子催化剂CuN₄/pr-h-NC，系统完成了材料表征、电化学性能测试与机制解析工作，取得了远超传统同类催化剂的优异性能：材料构效验证‌：研究团队通过对比实验制备了低吡咯氮/吡啶氮比例的对照样品CuN₄/pr-l-NC，两个催化剂在形貌、结构、Cu原子价态与配位环境上高度一致，仅吡咯氮含量存在差异：CuN₄/pr-h-NC中吡咯氮的相对占比达到38.3%，而对照样品CuN₄/pr-l-NC的吡咯氮占比仅为28.2%，为后续明确吡咯氮的关键作用提供了严谨的对比基础。一系列TEM、XRD、XAFS等表征结果证实，两个样品中的Cu均以原子级分散的Cu-N₄配位形式存在，无Cu颗粒或Cu-Cu键生成。核心催化活性数据‌：在H型电解池的-0.6 V vs RHE电位下，CuN₄/pr-h-NC实现了高达79.6%的乙醇法拉第效率，远高于对照样品CuN₄/pr-l-NC同期仅53.6%的乙醇法拉第效率；对应的乙醇分电流密度达到5.0 mA cm⁻²，几乎是对照样品（2.9 mA cm⁻²）的1.7倍。该催化剂同时展现出优异的稳定性：在-0.6 V vs RHE电位下连续电解45小时，乙醇法拉第效率始终保持在70%以上，全程电流密度无明显衰减，反应后催化剂的原子结构、形貌均未发生明显变化。将催化剂置于含1 M KOH的流动池中进行高电流密度测试，性能也远超绝大多数已报道的同类型电催化剂。更重要的是，该研究提出的三元位点策略突破了传统C-C偶联对Cu金属的依赖：将该体系拓展到过往被普遍认为不具备C-C偶联活性的金属体系后，同样实现了优异的乙醇选择性：FeN₄/pr-h-NC在-0.5 V vs RHE下乙醇法拉第效率达46.32%，CoN₄/pr-h-NC在-0.6 V vs RHE下乙醇法拉第效率为64.15%，NiN₄/pr-h-NC在-0.4 V vs RHE下乙醇法拉第效率达65.2%，其中ZnN₄/pr-h-NC在-0.5 V vs RHE下的乙醇法拉第效率更是达到71.8%，是该领域此前从未被报道过的突破性性能。研究还通过系列变量实验证实，整个系列催化剂的乙醇法拉第效率与吡咯氮/吡啶氮的比值呈现明确的正相关关系。机制解析工作‌：研究团队通过原位ATR-FTIR、原位DEMS、CO程序升温脱附结合DFT理论计算，清晰阐明了反应路径：吡咯氮可以降低COOH生成的能垒，大幅提升催化剂表面的CO覆盖度；高覆盖的CO随后迁移到相邻的吡啶氮位点，质子化生成COH中间体，这一步骤取代了传统M₁-NC体系中作为速率决速步的C-C偶联过程，成为新的电位决速步；生成的COH随即在单原子Cu位点与另一个CO发生偶联，生成*COCOH这个乙醇生成的关键前驱体，后续逐步加氢最终高选择性生成乙醇，同时该反应路径的热力学特性天然抑制了乙烯等副产物的生成。三、工作创新点这项研究首次提出了面向M₁-NC电催化剂的“集合位点工程”新策略，突破了过往领域内仅聚焦金属活性位点的研究思路，开辟了通过精准调控氮掺杂碳基底的氮构型实现高选择性CO₂到乙醇转化的新方向。其一，该研究首次设计并构建了由吡咯氮、吡啶氮与M-N₄位点组成的全新三元活性位点体系，打破了传统eCO₂RR制乙醇过程的固有认知，将反应的电位决速步从原本依赖金属位点的C-C偶联步骤，转变为吡啶氮位点上的CO质子化生成COH的步骤，从根源上降低了C-C偶联过程对金属本身性质的依赖。其二，该策略首次实现了在传统被认为不具备C-C偶联活性的Fe、Co、Ni、Zn等非铜单原子基催化剂上的高选择性乙醇制备，其中ZnN₄/pr-h-NC实现的71.8%乙醇法拉第效率是该体系此前从未达到的突破性进展，极大拓展了eCO₂RR制乙醇的催化材料选择边界。其三，研究建立了吡咯氮/吡啶氮比例与乙醇选择性之间的明确正相关构效关系，为后续M₁-NC电催化剂的理性设计提供了清晰可参考的调控准则，为开发更多低成本、高活性高选择性的电催化CO₂还原制多碳产物催化剂提供了全新的设计思路。原文信息F. Zhao, B. Huang, and H. Kuang, et al., Triadic Sites Drive Tandem CO2-to-Ethanol Conversion by Steering *CO Coverage and *COH Intermediate Formation, Angewandte Chemie International Edition (2026): e8481946. https://doi.org/10.1002/anie.8481946声明：本文内容用于科研进展分享，详细内容请参考原文，如有侵权，请联系后台小编删除。北京理工大学Angew:电催化CO₂制乙醇,三元位点策略解锁单原子催化剂超高选择性",,,,pending
马克斯·普朗克微结构物理研究所JACS: 原子掺杂重构界面水分子，理解CO₂电还原传统机制矛盾,电催化科研社,电催化科研社,"RIOnews API, 电化学合成, 电催化",normal,2026-07-31T10:51:59+08:00,,一、研究背景电催化反应发生在催化剂表面与电解质溶剂的微妙界面处，长期以来界面水分子层的结构和动力学都被视作反应的“背景旁观者”。在二氧化碳电还原（CO₂RR）领域，过去研究者始终将催化剂组成、中间体吸附能作为判断产物选择性的核心描述符，大量研究却发现，很多基于中间体吸附能预测的反应活性、选择性趋势，和实际实验结果完全无法匹配，这种显著的机制矛盾长期以来没有得到合理解释。后续虽有研究意识到界面水化层并非惰性介质：由延展氢键网络稳定的有序水化层会阻碍基本质子耦合电子转移（PCET）过程，而无序度高、H朝下取向占比高的水化结构反而能加速PCET驱动的反应路径。但过往调控界面水环境的方案大多依赖电解质,http://mp.weixin.qq.com/s?__biz=MzI4MTE2MjIxOQ==&mid=2650305843&idx=6&sn=f2c664fcde89d5e33168e3b371dd5588,,一、研究背景电催化反应发生在催化剂表面与电解质溶剂的微妙界面处，长期以来界面水分子层的结构和动力学都被视作反应的“背景旁观者”。在二氧化碳电还原（CO₂RR）领域，过去研究者始终将催化剂组成、中间体吸附能作为判断产物选择性的核心描述符，大量研究却发现，很多基于中间体吸附能预测的反应活性、选择性趋势，和实际实验结果完全无法匹配，这种显著的机制矛盾长期以来没有得到合理解释。后续虽有研究意识到界面水化层并非惰性介质：由延展氢键网络稳定的有序水化层会阻碍基本质子耦合电子转移（PCET）过程，而无序度高、H朝下取向占比高的水化结构反而能加速PCET驱动的反应路径。但过往调控界面水环境的方案大多依赖电解质,"一、研究背景电催化反应发生在催化剂表面与电解质溶剂的微妙界面处，长期以来界面水分子层的结构和动力学都被视作反应的“背景旁观者”。在二氧化碳电还原（CO₂RR）领域，过去研究者始终将催化剂组成、中间体吸附能作为判断产物选择性的核心描述符，大量研究却发现，很多基于中间体吸附能预测的反应活性、选择性趋势，和实际实验结果完全无法匹配，这种显著的机制矛盾长期以来没有得到合理解释。后续虽有研究意识到界面水化层并非惰性介质：由延展氢键网络稳定的有序水化层会阻碍基本质子耦合电子转移（PCET）过程，而无序度高、H朝下取向占比高的水化结构反而能加速PCET驱动的反应路径。但过往调控界面水环境的方案大多依赖电解质侧调整或者外加修饰剂，通过催化剂晶格本身编码自带的水化调控策略始终鲜有探索，尤其是尚未建立起“掺杂剂种类定义可量化的水化基元结构”、并将其与受PCET控制的CO₂RR动力学定量关联的完整研究体系。基于此，本研究团队提出猜想：杂原子掺杂可以在催化剂表面局域引入独特的静电作用和氢键亲和特性，从而稳定对PCET反应有利的无序、富H朝下取向的水化基元，以此解决传统CO₂RR机制的预测偏差问题。二、研究内容本研究团队以SnO₂为模型催化剂体系，通过气固界面退火策略，在不改变SnO₂体相晶相的前提下，分别合成了N、P、S三种非金属杂原子掺杂的SnO₂催化剂，系统性对比了不同掺杂对催化剂CO₂电还原生成甲酸性能的影响：选择性表现‌：在-0.7~-1.2 V vs RHE的宽电位区间内，S掺杂的S-SnO₂始终保持甲酸法拉第效率FEHCOOH＞90%；而P-SnO₂的甲酸选择性仅维持在70%~80%之间，纯SnO₂和N-SnO₂在更负的电位下会因为析氢反应加剧，出现明显的选择性衰减。活性密度表现‌：甲酸产物的分电流密度随催化剂的活性排序为纯SnO₂ 长时稳定性‌：在流动池电解装置中，将S-SnO₂置于-1.0 V vs RHE电位下连续运行50小时以上的过程中，甲酸法拉第效率始终保持＞90%，同时电流密度稳定维持在约130 mA cm⁻²，全程未出现明显性能衰减，具备极强的实际工况适配性。研究团队进一步通过一系列表征和理论计算揭示了性能差异的底层原因：虽然P掺杂带来了最强的电子扰动效应，Sn的氧化态提升幅度最高，对CO₂衍生中间体的吸附也最强，但其界面水化层并未得到定向调控，反而表现出了更强的有序氢键网络特征；而S掺杂是三种掺杂剂里唯一能在催化剂-电解质界面稳定出无序度高、以H朝下取向为主导的水化基元的改性方式。这种独特的界面结构大幅降低了水分子解离能垒，S-SnO₂表面的水分解离势垒仅为0.009 eV，远低于N-SnO₂的1.11 eV和纯SnO₂的1.32 eV，近乎实现了无垒的水分子活化过程，可实现定向质子递送，大幅加速生成甲酸的PCET步骤。动力学测试也印证了这一点：S-SnO₂的Tafel斜率仅为155.7 mV dec⁻¹，进入了独特的快初始电子转移、后续中间体质子化作为限速步骤的动力学区间，同位素取代实验也显示，S-SnO₂的质子递送过程完全由界面预先组织好的富H朝下水化层缓冲，并不依赖体相的质子扩散，在高比例D₂O的电解质中也能维持极高的甲酸法拉第效率，性能衰减幅度远小于另外三种对比样品。更值得注意的是，S掺杂带来的界面调控效应是路径选择性的，它并没有普遍加速所有涉质子反应：在Ar饱和的电解液中测试析氢反应时，S-SnO₂反而表现出了最低的析氢电流密度，说明重构后的界面水分子环境专门适配CO₂到甲酸的PCET路径，反而将H-H键生成的步骤动力学调整为不利状态，进一步保障了甲酸生成的高选择性。三、工作创新点这项研究最核心的突破，是将界面水分子从过去的“反应背景介质”升级为了可主动设计的催化变量，彻底打破了长期以来CO₂电还原领域完全依赖中间体结合能作为唯一活性描述符的研究惯性。第一，它首次建立了完整的“杂原子掺杂-界面水化基元-反应动力学”因果关联：提出了完全由催化剂晶格编码的水化调控新策略，不需要调整电解质组分、不需要额外添加修饰剂，仅通过选择特定的掺杂剂种类，就可以精准调控界面水分子的有序度和取向，稳定出“氢键网络连通性被破坏、同时H端定向朝向催化剂表面”的独特水化结构。第二，它直接解决了长期存在的传统机制矛盾：本研究中性能最优的S-SnO₂，对CO₂衍生中间体的结合强度反而比P-SnO₂更弱，最终活性却远高于后者，这个结果用传统的吸附能描述符完全无法解释，直接证明了界面溶剂结构完全可以作为独立的选择性调控杠杆，推翻仅依靠吸附能推断反应趋势的传统认知。第三，这项研究提出的界面溶剂工程策略具备极强的普适性，它为所有受质子耦合电子转移步骤主导的电催化转化反应，都提供了全新的优化思路，拓展了电催化剂的设计边界，不再局限于传统的活性位点电子结构调控。原文信息Lingyue Liu, Haihui Lan, Li Li, Weijue Wang, Yuhang Jin, Guoqin Liu, Yuhang Liu, Wenqiang Yang, Ming Zhao, Jie Ding, Hongbin Yang, Yanqiang Huang, and Xinliang Feng, Heteroatom Doping Restructures Interfacial H2O to Resolve Mechanistic Contradictions in CO2 Electroreduction, Journal of the American Chemical Society, DOI: 10.1021/jacs.6c08293, https://doi.org/10.1021/jacs.6c08293声明：本文内容用于科研进展分享，详细内容请参考原文，如有侵权，请联系后台小编删除。马克斯·普朗克微结构物理研究所JACS: 原子掺杂重构界面水分子，理解CO₂电还原传统机制矛盾",,,,pending
‌中国科学院大连化学物理研究所Nat Commun：强金属-载体相互作用稳定高价铱单原子，实现超高性能高温CO₂电解,电催化科研社,电催化科研社,"RIOnews API, 电化学合成, CO₂还原, 学术研究, 科学院, 研究所",normal,2026-07-31T10:51:59+08:00,,一、研究背景双碳目标下，高温固体氧化物电解池（SOEC）被视为将可再生电力与工业余热协同转化，把CO₂高效还原为高价值CO的核心技术，是搭建碳中和与能源循环利用一体化平台的关键载体。单原子催化剂（SACs）凭借接近100%的原子利用率、精准可控的配位环境与高度均一的催化活性位点，成为当前能源催化领域的前沿方向，相比传统纳米催化剂可以通过电子结构的理性调控，在活性与选择性上实现质的飞跃。但长期以来，单原子催化剂的应用大多局限于150℃以下的低温反应场景，在超过600℃的SOEC苛刻工况下始终面临难以突破的瓶颈：SOEC的制备过程需要经历1000℃以上的多步高温退火，同时运行过程中阴极长期处于强还,http://mp.weixin.qq.com/s?__biz=MzI4MTE2MjIxOQ==&mid=2650305843&idx=2&sn=403187c16b7c5f0ff40399039ca03bbb,,一、研究背景双碳目标下，高温固体氧化物电解池（SOEC）被视为将可再生电力与工业余热协同转化，把CO₂高效还原为高价值CO的核心技术，是搭建碳中和与能源循环利用一体化平台的关键载体。单原子催化剂（SACs）凭借接近100%的原子利用率、精准可控的配位环境与高度均一的催化活性位点，成为当前能源催化领域的前沿方向，相比传统纳米催化剂可以通过电子结构的理性调控，在活性与选择性上实现质的飞跃。但长期以来，单原子催化剂的应用大多局限于150℃以下的低温反应场景，在超过600℃的SOEC苛刻工况下始终面临难以突破的瓶颈：SOEC的制备过程需要经历1000℃以上的多步高温退火，同时运行过程中阴极长期处于强还,"一、研究背景双碳目标下，高温固体氧化物电解池（SOEC）被视为将可再生电力与工业余热协同转化，把CO₂高效还原为高价值CO的核心技术，是搭建碳中和与能源循环利用一体化平台的关键载体。单原子催化剂（SACs）凭借接近100%的原子利用率、精准可控的配位环境与高度均一的催化活性位点，成为当前能源催化领域的前沿方向，相比传统纳米催化剂可以通过电子结构的理性调控，在活性与选择性上实现质的飞跃。但长期以来，单原子催化剂的应用大多局限于150℃以下的低温反应场景，在超过600℃的SOEC苛刻工况下始终面临难以突破的瓶颈：SOEC的制备过程需要经历1000℃以上的多步高温退火，同时运行过程中阴极长期处于强还原极化环境中，孤立的单原子极易发生迁移、团聚与价态动态转变，最终导致结构降解与催化失活，极大限制了这类高活性催化剂在高温CO₂电解领域的实用化推进。另一方面，传统的钙钛矿阴极普遍存在CO₂吸附与活化能力不足的问题，CO₂还原反应动力学缓慢，直接拉低了整个SOEC系统的能量转换效率。如何在高温强极化的严苛环境下，同时实现单原子位点的结构稳定性与催化活性的双重突破，是该领域亟待攻克的核心挑战。二、研究内容本研究采用尿素辅助分散策略，将铱物种均匀负载到La₀.₆Sr₀.₄FeO₃−δ（LSF）钙钛矿阴极表面，依托SOEC高温制备与运行过程中原位诱导的强金属-载体相互作用（SMSI），成功合成了热稳定性与电化学稳定性兼具的高价铱单原子催化剂，系统性实现了高温CO₂电解性能的跨越式提升。研究团队通过球差校正高角环形暗场扫描透射电镜、X射线吸收光谱等一系列表征手段证实，经过1000℃高温处理后，原本聚集的IrO₂纳米颗粒完全分散为孤立的铱单原子，83.3 wt%的铱物种实现原子级分散，且即使在CO₂气氛下升温至800℃也没有出现金属铱或IrO₂的团聚相，表现出优异的热稳定性。强金属-载体相互作用驱动界面电子从铱物种向LSF载体转移，将铱的氧化态提升至接近+6的+5.57高价态，同时弱化了LSF中Fe-O杂化，大幅调控了阴极表面的电子结构。在催化活性层面，该策略带来了全方位的性能跃升：氧空位生成能力显著增强：原本LSF表面位点的氧空位形成能为3.11 eV，次表面位点高达3.78 eV，负载高价铱单原子后，对应位点的氧空位形成能分别降至1.55 eV和0.94 eV，结合电子顺磁共振、正电子湮灭寿命谱的表征结果，证实体系内生成了大量氧空位活性位点。CO₂吸附能力大幅提升：程序升温脱附测试显示，Ir₁-LSF的化学吸附CO₂量从纯LSF的1.71 μmol g⁻¹提升至2.69 μmol g⁻¹，涨幅达到55.2%，800℃下的化学氧表面交换系数直接提升5倍，从2.13×10⁻⁴ cm s⁻¹跃升至1.11×10⁻³ cm s⁻¹，CO₂还原动力学得到显著加速。电化学阻抗大幅下降：800℃下对称电池测试显示，Ir₁-LSF的界面极化电阻从纯LSF的0.243 Ω cm²降至0.132 Ω cm²，降幅高达84.1%，反应的表观活化能从91.9 kJ mol⁻¹降至85.4 kJ mol⁻¹。全电池电解性能实现跨越式突破：在800℃、1.5 V的条件下，Ir₁-LSF阴极的CO₂电解电流密度达到3.02 A cm⁻²，相比纯LSF阴极的1.67 A cm⁻¹提升了80.8%，CO生成速率高达24.4 mL min⁻¹ cm⁻²，法拉第效率接近100%。该体系还展现出极强的长期运行稳定性，在800℃下持续运行超过600小时，无论是1.0 V、1.5 V恒电压模式还是1.0 A cm⁻²恒电流模式下都仅出现极微小的性能衰减。稳定性测试后的表征进一步证实，铱单原子未发生任何团聚，氧化态仍稳定维持在+5.50，同时完全避免了传统钙钛矿阴极常见的Sr偏析与碳沉积问题，结构完整性得到极好保留。三、工作创新点第一，首次依托SOEC本身的高温制备工艺原位诱导强金属-载体相互作用，无需额外的特殊合成步骤，成功将铱单原子稳定在接近六价的高价态，完全解决了单原子在超高温、强阴极极化环境下易迁移团聚的行业共性难题，为热稳定单原子催化剂的设计提供了全新思路。第二，开创性挖掘了高价单原子的双重功能：高价铱单原子不仅自身作为高活性位点强化CO₂吸附活化，更通过强金属-载体相互作用的电子转移效应，直接弱化钙钛矿载体的Fe-O杂化，从根本上降低氧空位形成能，同步激活整个钙钛矿阴极的本征催化活性，实现了“单原子位点+载体活化”的协同增效，区别于传统单原子催化仅依靠单原子位点发挥作用的设计逻辑。第三，该策略具备极强的通用性，不仅可以在LSF钙钛矿载体上实现铱的单原子分散，还可以成功拓展到萤石型Gd₀.₁Ce₀.₉O₂−δ载体，同时尿素辅助分散的制备方法工艺简单，极具规模化放大的潜力。研究团队还通过对比验证了高价铱单原子的独特催化优势，常见的非贵金属Fe、Co、Ni即使实现单原子分散，也无法达到铱带来的催化活化效果，进一步凸显了本研究设计的独特价值。第四，整套催化体系在实现远超现有主流阴极性能指标的同时，仅使用了4 wt.%的超低铱负载量，依托100%的原子利用率极大降低了贵金属的使用成本，长达600小时以上的长周期稳定运行，首次将高价单原子催化剂的适用场景从低温体系成功拓展到高温SOEC工业工况，为后续单原子催化剂在高温能源转化领域的实用化落地扫清了关键障碍。原文信息Zhang, S., Wang, S., Liu, H. et al. Stable high-valent iridium single atoms for high-temperature CO2 electrolysis. Nat Commun (2026). https://doi.org/10.1038/s41467-026-75580-x声明：本文内容用于科研进展分享，详细内容请参考原文，如有侵权，请联系后台小编删除。‌中国科学院大连化学物理研究所Nat Commun：强金属-载体相互作用稳定高价铱单原子，实现超高性能高温CO₂电解",,,,pending
佐治亚理工学院Advanced Materials: 人工智能助力氧电催化剂定向设计,电催化科研社,电催化科研社,"RIOnews API, 电化学合成, 电催化, 产品发布, 全新, 展出",normal,2026-07-31T10:51:59+08:00,,一、研究背景当前全球能源危机持续升级，加快部署清洁能源转换与存储技术，是摆脱化石能源依赖、实现高效能源转型、最终达成零排放目标的核心路径。而氧还原反应（ORR）和氧析出反应（OER）作为燃料电池、金属空气电池、可逆电化学系统的核心电化学反应过程，其高性能电催化剂的研发是支撑清洁能源技术落地的关键根基。质子基固体氧化物电池（P-SOCs）作为兼具超高发电效率与绿氢生产能力的先进能源平台，其发展长期受到ORR/OER电催化环节的瓶颈制约：传统研发模式不仅实验通量极低，对广袤化学空间的探索极为碎片化，更缺乏统一的电催化剂设计准则，始终难以同时兼顾催化活性与长期稳定性。尽管近年来材料信息学领域已经发展,http://mp.weixin.qq.com/s?__biz=MzI4MTE2MjIxOQ==&mid=2650305843&idx=3&sn=a35cea61bac510a1354f62e89639a916,,一、研究背景当前全球能源危机持续升级，加快部署清洁能源转换与存储技术，是摆脱化石能源依赖、实现高效能源转型、最终达成零排放目标的核心路径。而氧还原反应（ORR）和氧析出反应（OER）作为燃料电池、金属空气电池、可逆电化学系统的核心电化学反应过程，其高性能电催化剂的研发是支撑清洁能源技术落地的关键根基。质子基固体氧化物电池（P-SOCs）作为兼具超高发电效率与绿氢生产能力的先进能源平台，其发展长期受到ORR/OER电催化环节的瓶颈制约：传统研发模式不仅实验通量极低，对广袤化学空间的探索极为碎片化，更缺乏统一的电催化剂设计准则，始终难以同时兼顾催化活性与长期稳定性。尽管近年来材料信息学领域已经发展,"一、研究背景当前全球能源危机持续升级，加快部署清洁能源转换与存储技术，是摆脱化石能源依赖、实现高效能源转型、最终达成零排放目标的核心路径。而氧还原反应（ORR）和氧析出反应（OER）作为燃料电池、金属空气电池、可逆电化学系统的核心电化学反应过程，其高性能电催化剂的研发是支撑清洁能源技术落地的关键根基。质子基固体氧化物电池（P-SOCs）作为兼具超高发电效率与绿氢生产能力的先进能源平台，其发展长期受到ORR/OER电催化环节的瓶颈制约：传统研发模式不仅实验通量极低，对广袤化学空间的探索极为碎片化，更缺乏统一的电催化剂设计准则，始终难以同时兼顾催化活性与长期稳定性。尽管近年来材料信息学领域已经发展出凸包上能（Ehull）、氧p带中心、eg轨道填充等大量描述符用于指导ORR/OER电催化剂开发，CHGNet、MACE等AI驱动的第一性原理计算替代模型也大幅提升了材料性质评估效率，Materials Project、Open Catalysts Project等开放数据平台更是提供了大规模高保真计算数据集支撑数据驱动研究，深度学习生成模型、主动学习等技术也推动领域从正向高通量筛选向逆向设计转型，但当前AI在ORR/OER电催化剂设计中的潜力仍受限于高质量标注催化相关数据的稀缺：目前主流公开数据库中仅收录1518个计算晶体结构、745个实验合成化合物，绝大多数化学空间仍处于未探索状态，导致现有AI应用大多仅能实现单一性质的代理建模、合成性评估与基础性质预测，远无法满足复杂电催化剂设计所需的多目标集成研发需求。针对这一行业痛点，本研究团队开发了全闭环的两阶段材料筛选框架，为加速高性能氧电催化剂研发提供了全新的范式。二、研究内容本研究提出了名为TSMS（两阶段材料筛选）的AI驱动研发框架，系统性完成了超大规模化学空间的氧电催化剂探索，其中与电催化反应活性相关的核心突破与关键数据如下：第一阶段为描述符学习环节，团队以经典高性能钙钛矿材料为基础，通过严格的氧化态、离子半径兼容性与电荷中性准则对A位、B位阳离子进行系统取代，构建出包含6066个独特组分的初始化学搜索空间，其中97%的组分从未在现有公开数据库中收录。通过高通量密度泛函理论（DFT）计算获取全部组分的基准ORR/OER描述符后，训练得到第一阶段机器学习模型FSML，该模型仅使用168维编码原子、键合与结构属性的物理特征，对600℃、氧分压0.21atm下的热力学稳定性指标Ghull（凸包吉布斯自由能）预测的R²值可达0.976，其中50%、80%、95%的预测结果误差分别控制在0.007、0.017和0.034 eV/atom以内，性能大幅超越当前主流的M3GNet模型。针对氧p带中心、过渡金属d带中心、氧空位形成能EV、氧非化学计量比δ、d-p杂化（Hdp）这5项核心电催化活性描述符，FSML的预测精度全部达到现有最先进方法的顶尖水平，其中针对计算成本极高的EV和需实验测定的δ，模型实现了超1000倍的计算加速，同时 leave-one-route-out交叉验证和域外泛化测试也证实该模型具备极强的跨掺杂体系、跨材料域迁移能力。第二阶段为主动学习加速优化环节，团队开发了第二阶段主动学习模型SSAL，通过最大化期望信息增益的贝叶斯优化策略，仅经过7轮迭代便将数据集扩充至30330个计算条目与568个高保真实验数据点，实现了对电催化活性核心指标Rp（极化电阻）的高精度直接预测：该模型对log(Rp)预测的R²高达0.980，RMSE仅为0.020，其中57.79%的预测结果绝对误差小于0.01 Ω cm²，预测精度比此前报道的先进方法提升了近一个数量级；针对Rp的活化能Ea，SSAL模型的预测R²可达0.996，RMSE仅为0.028 eV，76.87%的预测结果误差控制在0.01 eV以内。依托成熟的TSMS框架，团队完成了覆盖44个组分分支、总计6940032个候选材料的超大规模筛选，最终得到4287个满足合成可行性、热力学稳定性、成本效益与高电催化活性多重严苛标准的高性能候选组分，其中25个BaMO3衍生组分完成实验合成后，极化电阻性能全部超越当前公开报道的行业基准。团队进一步从中锁定最优组分BaCo₀.₈Nb₀.₁Zr₀.₁O₃-δ（命名为BCNZ20），该材料在600℃下对称电池测试中取得了0.071 Ω cm²的超低Rp值，是目前已报道的该温度下性能最顶尖的ORR/OER电催化剂之一。将BCNZ20作为氧电极组装入质子基固体氧化物单电池后，在600℃燃料电池模式下取得了2.68 W cm⁻²的峰值功率密度，比现有行业基准高出35%；在600℃电解模式、1.3V电压条件下实现了3.51 A cm⁻²的超高电流密度，且在600℃环境下持续运行超过500小时仍能保持稳定电解性能，同时在氧离子导体电解质的电池体系中，该材料700℃下也实现了1.60 W cm⁻²的峰值功率密度，稳定运行400小时无明显性能衰减。机理层面研究进一步明确，体系热力学稳定性与电子亲和能强关联，而电催化活性的核心主导因素是d-p杂化和抗致密化性能：更高的d-p杂化强度可以强化过渡金属3d轨道与氧2p轨道的σ键合作用，优化超氧中间体OO*的吸附吉布斯自由能至-0.75 eV，将氧解离限速步骤的过渡态活化能降至创纪录的0.57 eV，大幅加速ORR/OER反应动力学；而抗致密化指标则直接关联材料的比表面积、孔隙率等微观结构属性，更高的该指标数值可以保留更多可及活性位点，同时降低反应传质曲折度，进一步协同提升电催化性能。三、工作创新点本研究的核心创新在于打破了传统AI电催化剂研发的“黑箱”困境，搭建了集密度泛函理论计算、主动学习引导的实验闭环反馈、可解释机理解析于一体的TSMS全流程框架，首次实现了对近700万级超大规模化学空间的高效、高精度电催化剂筛选，将需要实验合成评估的候选材料从数百份压缩到数十份，极大缩短了材料研发周期。该框架突破了现有AI材料研发只能完成单一性质预测的局限，实现了热力学稳定性、多维度电子结构描述符、缺陷化学参数、实验级电催化活性指标的全链条集成预测，同时通过SHAP特征归因分析等数据挖掘手段从海量数据中提炼出可指导实际材料设计的定量构效关系，将AI的黑箱预测转化为可落地的物理设计准则，实现了预测建模与机理解释的深度融合。更关键的是，该框架具备极强的泛化扩展能力，模块化的架构可以轻松纳入更多新的描述符与设计准则，不仅在质子基固体氧化物电池场景下实现了创纪录的器件性能，更可为燃料电池、金属空气电池、电解槽等全品类能源转换与存储技术的材料研发提供通用范式。原文信息X. Hu, Y. Zhou, H. Li, et al. Mechanistically Interpretable Artificial Intelligence for Designing Oxygen Electrocatalysts. Advanced Materials (2026): e74212. https://doi.org/10.1002/adma.74212声明：本文内容用于科研进展分享，详细内容请参考原文，如有侵权，请联系后台小编删除。佐治亚理工学院Advanced Materials: 人工智能助力氧电催化剂定向设计",,,,pending
2026年两轮换电市场迎来“新黑马”：一路有锂换电布局全产业链,起点锂电,起点锂电,"RIOnews API, 固态电池, 钠离子电池, 钠电, 软包, BMS, 热失控, 电池回收, 梯次利用, 出货, 累计出货, 产能, 海外, 推出, 量产, 落地",normal,2026-07-31T10:46:14+08:00,,2026年7月24日，深圳宝安登喜路国际酒店，由起点锂电、起点换电、起点研究院联合主办的2026（第6届）起点锂电两轮车换电大会暨轻型动力电池鲁班奖颁奖典礼隆重举行。在这场汇聚600余家上下游标杆企业与产业机构的行业盛会上，一家企业的名字被频频提及—— 「一路有锂换电」。 斩获“运营商领导品牌”，跻身行业第一梯队本届两轮车换电鲁班奖，是国内首个聚焦两轮车换电及轻型动力电池全产业链的专业质量标杆奖项。该奖项对标建筑鲁班奖“精工至善、质量为王”的精神内核，围绕安全原创技术突破、批量标准化量产能力、全场景运营精工实力三大核心维度展开严苛评审。评选历时两个月，历经企业申报、产品资料初审、行业专家盲审、,http://mp.weixin.qq.com/s?__biz=MzI1MjEyODg2Mg==&mid=2649798190&idx=1&sn=1c345b02d3aeef9016aa8df2f66ee5e9,,2026年7月24日，深圳宝安登喜路国际酒店，由起点锂电、起点换电、起点研究院联合主办的2026（第6届）起点锂电两轮车换电大会暨轻型动力电池鲁班奖颁奖典礼隆重举行。在这场汇聚600余家上下游标杆企业与产业机构的行业盛会上，一家企业的名字被频频提及—— 「一路有锂换电」。 斩获“运营商领导品牌”，跻身行业第一梯队本届两轮车换电鲁班奖，是国内首个聚焦两轮车换电及轻型动力电池全产业链的专业质量标杆奖项。该奖项对标建筑鲁班奖“精工至善、质量为王”的精神内核，围绕安全原创技术突破、批量标准化量产能力、全场景运营精工实力三大核心维度展开严苛评审。评选历时两个月，历经企业申报、产品资料初审、行业专家盲审、,"2026年7月24日，深圳宝安登喜路国际酒店，由起点锂电、起点换电、起点研究院联合主办的2026（第6届）起点锂电两轮车换电大会暨轻型动力电池鲁班奖颁奖典礼隆重举行。在这场汇聚600余家上下游标杆企业与产业机构的行业盛会上，一家企业的名字被频频提及—— 「一路有锂换电」。 斩获“运营商领导品牌”，跻身行业第一梯队本届两轮车换电鲁班奖，是国内首个聚焦两轮车换电及轻型动力电池全产业链的专业质量标杆奖项。该奖项对标建筑鲁班奖“精工至善、质量为王”的精神内核，围绕安全原创技术突破、批量标准化量产能力、全场景运营精工实力三大核心维度展开严苛评审。评选历时两个月，历经企业申报、产品资料初审、行业专家盲审、现场实测答辩四重环节，从全国百余家两轮锂电上下游企业中优中选优。凭借卓越的品牌影响力、深厚的技术积淀与优质的服务能力，一路有锂换电从众多参评企业中脱颖而出，与小哈换电、铁塔能源共同荣膺“2026两轮车换电运营商领导品牌”大奖。这一殊荣，标志着这家成立仅数年的企业已成功跻身两轮换电行业第一梯队。黑马实力硬核落地：140城布局、万座站点、20万用户积淀公开资料显示，广州一路有锂能源科技有限公司坐落于广州天河，是国内专注于两轮电动车智能换电服务、轻型动力电池全生命周期运营的专业服务商。企业自2019年从易积股份孵化诞生，深耕物流出行补能赛道六年，实现了跨越式高质量发展。截至2026年7月，一路有锂换电的服务网络已覆盖全国140座城市，落地分布式智能换电站超10,000座，累计服务终端用户突破20万人次。在运营管控方面，企业搭建了标准化全链条运维体系，全面覆盖电池入库质检、设备日常巡检、站点定期维保、废旧电池合规回收及梯次利用等关键环节，实现全流程规范化、精细化运营。构筑全产业链闭环，打造差异化核心竞争力一路有锂的核心竞争力，在于其构建的“智能换电设备、安全动力电池、云端智慧管控、电池循环回收” 一体化闭环运营模式。硬件层面，公司自主研发智能换电管理系统，搭载高精度BMS电池管理体系，可实时监测电池电压、温度、状态等核心数据，实现异常风险自动预警、设备远程运维及用户智能服务的全流程数字化管控。软件层面，一路有锂以AI大数据与物联网数字化平台为支撑，搭建了融合智能换电、数字化电池资产管理、峰谷电力智能调度、光储充一体化利用的绿色终端能源服务网络。市场布局上，公司立足粤港澳大湾区核心城市，在居民社区、商业商圈、外卖配送站点等高频场景高密度布设智能换电站，构建起3公里便捷补能服务圈。2024年起，一路有锂与顺丰速运达成全面合作，深度对接顺丰庞大的骑手运力网络与丰富的本地生活场景，携手共建百万骑手智能运力新生态。千亿赛道竞速，全产业链布局成制胜关键从市场规模来看，根据弗若斯特沙利文的研究报告，2025年中国两轮换电整体市场规模达158.7亿元，其中B端商用市场占比高达97.9%，付费活跃用户突破400万，核心城市骑手换电渗透率超60%，用户月复购率超80%，用户粘性、市场刚需度稳居新能源细分赛道前列。预计2026年，行业整体规模将攀升至201.1亿元，同比增速超24%，商用市场依旧保持稳健扩容态势。在这一赛道上，单纯的换电服务已难以构筑坚固的竞争壁垒。从电芯研发、电池PACK到智能换电柜、BMS控制系统，再到数字化运营平台和电池回收梯次利用，全产业链的垂直整合能力正成为头部企业的核心护城河。一路有锂正是凭借这一前瞻性布局，在短短数年内实现了从行业新军到领导品牌的跃升。展望：全球化布局加速落地未来，一路有锂换电将持续践行“在全球更多地区推动安全、智能的绿色能源流动”的企业使命，以数字化、智能化技术为核心抓手，持续迭代升级终端能源综合服务。公司计划大力开拓海外轻型动力出行能源赛道，加速全球化发展布局，向着 “打造全球领先智能绿电服务品牌”的长远愿景稳步迈进。从深耕粤港澳大湾区到覆盖全国百城，从单一换电服务到全产业链闭环生态，一路有锂正以行业黑马之势，持续革新轻型动力换电市场格局，引领产业高质量、全球化发展。往期回顾01｜小哈换电重磅推出PBHS（Powered By HelloSwap）全球开放生态品牌！02｜汇创新能源 刘静铜：软包电芯在两轮车应用总结 累计出货超360万套 零热失控！03｜多氟多新能源 许飞：氟芯电池重构两轮换电全生命周期价值！04｜CINE2026（第三届）固态电池及钠电国际展定档11月6-7日广州南沙举办！锂电交流群54—码上入群点击阅读原文，即可报名参会！",,,,pending
算力根基：一文了解AI芯片制造所需关键材料,粉体网,粉体网,"RIOnews API, 新材料, 碳, 高比能, 硅",normal,2026-07-31T10:40:00+08:00,,AI产业链上游材料体系庞大、环节众多，横跨芯片制造、先进封装、高速互连与系统支撑等多个物理层面。芯片级材料是AI芯片晶圆制造的基础，无论是GPU、TPU还是ASIC，所有电路都构建在这些材料之上。硅基晶圆材料硅片是晶圆制造的基底，12英寸大硅片为7nm及以下先进制程所必需，8英寸则用于成熟制程和功率器件。12英寸半导体硅片晶圆石英制品与高纯石英砂是光刻和刻蚀工艺的关键耗材。半导体级高纯石英砂光刻与图形化材料光刻胶是芯片制造中最核心的材料之一，其作用是将电路设计图形从掩模版转移到硅片。光刻胶光刻辅助材料与光掩模版是光刻工艺不可或缺的配套。光刻辅助材料包括BARC（底部抗反射涂层）、显影液等。光掩,http://mp.weixin.qq.com/s?__biz=MjM5NDI1NzI2MA==&mid=2655364749&idx=3&sn=363d15d131c327efae6151dbc538c4c4,,AI产业链上游材料体系庞大、环节众多，横跨芯片制造、先进封装、高速互连与系统支撑等多个物理层面。芯片级材料是AI芯片晶圆制造的基础，无论是GPU、TPU还是ASIC，所有电路都构建在这些材料之上。硅基晶圆材料硅片是晶圆制造的基底，12英寸大硅片为7nm及以下先进制程所必需，8英寸则用于成熟制程和功率器件。12英寸半导体硅片晶圆石英制品与高纯石英砂是光刻和刻蚀工艺的关键耗材。半导体级高纯石英砂光刻与图形化材料光刻胶是芯片制造中最核心的材料之一，其作用是将电路设计图形从掩模版转移到硅片。光刻胶光刻辅助材料与光掩模版是光刻工艺不可或缺的配套。光刻辅助材料包括BARC（底部抗反射涂层）、显影液等。光掩,AI产业链上游材料体系庞大、环节众多，横跨芯片制造、先进封装、高速互连与系统支撑等多个物理层面。芯片级材料是AI芯片晶圆制造的基础，无论是GPU、TPU还是ASIC，所有电路都构建在这些材料之上。硅基晶圆材料硅片是晶圆制造的基底，12英寸大硅片为7nm及以下先进制程所必需，8英寸则用于成熟制程和功率器件。12英寸半导体硅片晶圆石英制品与高纯石英砂是光刻和刻蚀工艺的关键耗材。半导体级高纯石英砂光刻与图形化材料光刻胶是芯片制造中最核心的材料之一，其作用是将电路设计图形从掩模版转移到硅片。光刻胶光刻辅助材料与光掩模版是光刻工艺不可或缺的配套。光刻辅助材料包括BARC（底部抗反射涂层）、显影液等。光掩模版是光刻工艺中承载精密电路图形、如同芯片印刷底片的透光模板，用于将图案转移至晶圆。光掩模版工艺化学品与气体电子特气贯穿芯片制造全过程，包括离子注入（掺杂）、刻蚀（图形化）、沉积（薄膜生长）、清洗（去除杂质）等工序。高纯气瓶电子特气湿电子化学品用于芯片制造的清洗、刻蚀、显影、剥离等工序，包括硫酸、双氧水、氢氟酸、氨水、显影液、剥离液等湿电子化学品：半导体级氢氟酸薄膜沉积与平坦化材料溅射靶材是物理气相沉积（PVD）工艺的核心材料，用于在硅片表面沉积金属薄膜，包括铜（互连线）、铝（电极）、钽（阻挡层）、钛（粘附层）等。溅射靶材产品前驱体是原子层沉积（ALD）和化学气相沉积（CVD）工艺的核心材料，以气态或液态形式输送至反应腔，在晶圆表面发生化学反应形成薄膜。CMP抛光材料是晶圆全局平坦化的关键。CMP抛光垫化合物与特种衬底III-V族化合物（磷化铟/砷化镓）是化合物半导体的代表材料，具有电子迁移率远高于硅的特点，特别适合高频、高速、光电应用。磷化铟晶圆衬底薄膜铌酸锂是光通信调制器的核心材料，具有极高的电光系数（Pockels系数），带宽可达100GHz以上，是1.6T/3.2T光模块的最优解。铌酸锂单晶薄膜宽禁带半导体（碳化硅基氮化镓）是第三代半导体材料，禁带宽度分别是硅的3倍，击穿电场强度和热导率远高于硅。碳化硅晶圆衬底参考来源: 浙商证券《算力基建浪潮下的材料革命：溯源AI产业上游资源品——AI上游材料四层级全景拆》芯片级材料是AI芯片晶圆制造的基础,,,,pending
高纯砂，熔融石英砂生产商：江苏秋正新材料科技有限公司入驻粉享通,粉体网,粉体网,"RIOnews API, 新材料, 复合材料, 粘结剂, 高比能, 硅",normal,2026-07-31T10:40:00+08:00,,公司介绍江苏秋正新材料科技有限公司是一家聚焦新型高档材料研发、生产与销售的创新型企业，致力于在玻璃、陶瓷、微晶玻璃领域提供专业化整合解决方案。作为国内高端粉体材料国产替代的核心参与者，公司核心产品性能对标德国肖特（SCHOTT）、美国福禄（Ferro）、日本板硝子（NSG）、旭硝子（AGC）、韩国SukgyungAT、美国ESSTECH、美国明尼苏达矿业制造公司（3M）、日本旭化成（POM）、亚都码（ADMATECHS）等国际头部企业，以技术创新推动关键材料的自主可控。公司构建了覆盖三大领域的全链条产品体系，兼具功能性与技术性：1.玻璃材料基础功能玻璃：涵盖高档光学玻璃、磷酸盐玻璃、电子封装半,http://mp.weixin.qq.com/s?__biz=MjM5NDI1NzI2MA==&mid=2655364749&idx=4&sn=79ff186e4b3583e69eb4649471a1129d,,公司介绍江苏秋正新材料科技有限公司是一家聚焦新型高档材料研发、生产与销售的创新型企业，致力于在玻璃、陶瓷、微晶玻璃领域提供专业化整合解决方案。作为国内高端粉体材料国产替代的核心参与者，公司核心产品性能对标德国肖特（SCHOTT）、美国福禄（Ferro）、日本板硝子（NSG）、旭硝子（AGC）、韩国SukgyungAT、美国ESSTECH、美国明尼苏达矿业制造公司（3M）、日本旭化成（POM）、亚都码（ADMATECHS）等国际头部企业，以技术创新推动关键材料的自主可控。公司构建了覆盖三大领域的全链条产品体系，兼具功能性与技术性：1.玻璃材料基础功能玻璃：涵盖高档光学玻璃、磷酸盐玻璃、电子封装半,公司介绍江苏秋正新材料科技有限公司是一家聚焦新型高档材料研发、生产与销售的创新型企业，致力于在玻璃、陶瓷、微晶玻璃领域提供专业化整合解决方案。作为国内高端粉体材料国产替代的核心参与者，公司核心产品性能对标德国肖特（SCHOTT）、美国福禄（Ferro）、日本板硝子（NSG）、旭硝子（AGC）、韩国SukgyungAT、美国ESSTECH、美国明尼苏达矿业制造公司（3M）、日本旭化成（POM）、亚都码（ADMATECHS）等国际头部企业，以技术创新推动关键材料的自主可控。公司构建了覆盖三大领域的全链条产品体系，兼具功能性与技术性：1.玻璃材料基础功能玻璃：涵盖高档光学玻璃、磷酸盐玻璃、电子封装半导体玻璃、低温/高温封接玻璃、硼硅酸盐玻璃、金浆银浆专用铋酸盐玻璃粉等，满足精密光学、半导体封装等高端场景需求。生物活性玻璃：齿科/医疗专用：含钡玻璃粉、锶玻璃粉、氟铝硅酸盐玻璃、含锌玻璃粉、惰性牙科玻璃、ICIE16生物活性玻璃等，适配齿科修复、医疗植入等生物相容性要求。化妆品级原料：片状玻璃粉/丝绒玻璃粉、PCS中性生物活性玻璃/再生硅玻璃粉等，生物相容性更高。2.微晶玻璃制品突破传统玻璃性能瓶颈，通过微晶化工艺显著提升材料力学性能（强度、弹性模量、断裂韧性、拉伸/弯曲强度等），核心产品包括：高阻射玻璃、高X射线阻射杀菌玻璃（医疗/工业检测领域）；高反光玻璃等特种功能材料，适用于精密仪器、新能源等高可靠性场景。3.高端粉体材料聚焦高纯、超细、功能化粉体研发，达到国际标准；高纯氧化物粉体：纯度≥99.99%，D50粒径1-5μm（如氧化铝、氧化镁、氧化锆等），满足半导体、3D打印等尖端领域需求；硅基粉体：硅微粉/石英粉、熔融石英粉/砂、高纯石英粉/砂、球形硅微粉（低应力、高填充性）；纳米功能粉体：气相二氧化硅/纳米疏水白炭黑、球形氧化铝（高导热）；改性粉体：硅烷KH560/570改性粉，可定制化玻璃粉、陶瓷粉，性能指标接近国际标准，保障国内高端制造供应链安全。应用领域：产品广泛渗透于3D打印、精密仪器、半导体封装、光伏、新能源、医疗设备、齿科医疗等战略新兴产业。尤其在半导体封装（高纯度、低膨胀系数材料）、高端医美（生物相容性玻璃微球）等技术壁垒极高的领域，已成功进入多家国际头部企业供应链，实现进口替代，成为国产高端材料的标杆供应商。部分产品介绍1.改性球形硅微粉产品概述:改性球形硅微粉因其球形度高，表面流动性好，能够均匀分布在复合材料中，提高填充量，降低树脂添加量，同时保持良好的流动性。改性处理降低了硅微粉的吸油值，这意味着在复合材料中，对有机基体的需求减少，有助于降低成本并提高性能。高球形度不仅有助于提升材料的流动性，还能降低体系的粘度，提高加工性能，使得复合材料更容易加工成型。经过改性后，球形硅微粉与有机基体的相容性提高，结合强度增强，有助于提升复合材料的整体性能。改性处理还可以赋予球形硅微粉特定的功能性，如增强耐磨性、耐腐蚀性、耐高温性等，以满足不同领域的需求。应用：电子与电器行业：改性球形硅微粉因其高填充、低应力、低磨损等特性，大量用于半导体器件封装，如环氧塑封料、底部填充剂、球形封装等。同时，也可用于电子灌封胶的填料，提高产品的性能和可靠性。陶瓷行业：在陶瓷领域，改性球形硅微粉可用于改善釉料的延展性、抗渗漏性和抗沉淀性，提高陶瓷制品的美观度和稳定性。同时，还可用于陶瓷粘结剂中，增加黏合强度、降低烧结温度和提高烧结密度。涂料与油漆行业：改性球形硅微粉能够提升涂料的润湿度、分散性和抗沉淀性，增加涂层的硬度、耐磨性和耐腐蚀性能。同时，还能提高涂料的色彩稳定性和光泽度，适用于装饰漆、木器漆、粉末涂料等多种涂料产品。橡胶行业：在橡胶制品中，改性球形硅微粉可用于改善橡胶的机械性能、热性能和耐老化性能。它能提高橡胶的挠性、强度、耐磨性和抗撕裂性能，延长橡胶制品的使用寿命。化妆品行业：改性球形硅微粉具有柔软、细致、光滑和润滑等性质，可作为防护和吸油剂、乳化剂、稳定剂等应用于化妆品中。它能提升化妆品的触感和延展性，改善皮肤质感，被广泛应用于日常护肤和彩妆产品。2.高纯石英砂高纯石英砂是一种具有极高纯度的矿物资源，其主要成分是二氧化硅(SiO2)，同时含有极少量的杂质元素，纯度高达99.99%。应用领域：半导体行业：是生产高品质半导体材料的关键原料，用于制造晶体管、振荡器、传感器、光纤等关键元件。光伏行业：用于制造石英坩埚，是生产多晶硅、单晶硅的主要辅助消耗材料。光学行业：用于生产高精度光学零件，如光学器件、透镜以及光学窗口。化工工业：用于生产化工反应器和管道，以及高温反应器和管道的内衬。玻璃工业：作为玻璃的主要原料之一，提高玻璃的硬度和耐用性，还可用于制造高温玻璃、光学玻璃和化学玻璃等。陶瓷工业：用于生产各种耐高温陶瓷和电子器件。建筑工业：用于制造高性能混凝土、耐火材料、耐磨材料、防腐材料等。3.熔融石英砂熔融石英砂是由天然高纯度石英石在高温下熔化后形成的石英玻璃，再经过人工挑选、敲碎，以及机器破碎筛分而成的非晶态二氧化硅材料。熔融石英砂具有高熔点（约1750℃）、高硅含量（可达99.98%）、低热膨胀系数（几乎为零）、良好的热稳定性和化学稳定性等特点。此外，其真比重为2.21，莫氏硬度为7.0，PH值为6.0。应用领域：精密铸造：作为熔模铸造的型壳材料，熔融石英砂能够显著提高铸件的尺寸稳定性和表面质量。耐火陶瓷：由于其高耐火度和低热膨胀系数，熔融石英砂是制造耐火陶瓷的理想原料。电子工业：在电子、电器、集成电路等领域，熔融石英砂被用于制造高纯耐高温石英玻璃管、石英坩埚等关键部件。航空航天：其热膨胀系数低、耐辐照性能优良，因此被用于制造太空飞船和航天飞机上的结构件和传感器保护材料。光学领域：熔融石英砂是光纤预制棒的重要基础材料，也用于制造光学镜头等高精仪器。特点与优势：高纯度：经过严格的筛选和提纯工艺，熔融石英砂的硅含量极高，杂质含量极低。低热膨胀系数：这一特性使得熔融石英砂在温度变化时尺寸稳定性好，不易开裂变形。优良的耐热性：即使加热到高温后反复浇冷水也不会开裂，显示出其极佳的急冷急热性能。广泛的应用领域：由于其独特的性能组合，熔融石英砂在多个高科技领域都有重要的应用。4.亚微米球形玻璃粉产品概述：亚微米球形玻璃粉是一种粒径在亚微米级别（通常为0.1-1微米）、形状呈球形的玻璃粉末材料。由于其独特的物理化学特性，广泛应用于电子、光学、涂料、生物医学及复合材料等领域。应用领域：电子材料：用于电子封装材料，提高导热性和绝缘性。作为填充剂用于半导体封装，降低热膨胀系数。光学材料：用于制备高折射率光学涂层或薄膜。作为添加剂改善光学玻璃的性能。涂料与涂层：用于高性能涂料，提高耐磨性、耐腐蚀性和表面光滑度。作为功能性填料，增强涂层的机械性能。生物医学：用于生物活性玻璃材料，促进骨组织再生。作为药物载体，实现药物的缓释。复合材料：作为增强相，提高复合材料的机械性能和热稳定性。用于3D打印材料，提高打印精度和表面质量。其他领域：用于催化剂载体，提高催化效率。作为抛光材料，用于精密器件表面处理。优点：高流动性：球形颗粒易于分散，适合高精度加工。高填充密度：减少材料内部空隙，提高致密性。化学稳定性：耐高温、耐腐蚀，适合苛刻环境。多功能性：通过成分设计，可满足不同领域需求。亚微米球形玻璃粉凭借其独特的物理化学性能，在电子、光学、生物医学等领域具有广泛应用前景。随着制备技术的进步，其性能和应用范围将进一步拓展。江苏秋正新材料科技有限公司是一家聚焦新型高档材料研发、生产与销售的创新型企业，致力于在玻璃、陶瓷、微晶,,,,pending
无重稀土永磁材料，走到哪一步了,粉体网,粉体网,"RIOnews API, 新工艺, 前沿表征, 工况, 技术进展, 量产工艺, 量产推进, 产能, 扩产, 批量生产",normal,2026-07-31T10:40:00+08:00,,烧结钕铁硼是当前综合磁性能最优、应用规模最大的永磁材料，广泛用于新能源汽车、风电、工业伺服、人形机器人等高端装备领域。传统耐高温钕铁硼永磁想要抵御高温退磁、提升矫顽力，普遍会添加镝、铽两类重稀土。二者可以置换主相钕铁硼晶格中的钕，大幅提升晶体各向异性场，让磁体在150℃以上工况下维持磁性稳定，是新能源汽车、风电、伺服电机高端牌号必不可少的组分。但镝、铽资源稀缺、价格波动剧烈，长期制约永磁产业成本与供应链安全，行业由此衍生两条减稀技术路径：低重稀土与无重稀土。低重稀土磁材依靠晶界扩散工艺，仅在晶粒表层使用微量镝、铽，相比传统合金投料方案可削减70%左右重稀土用量，现阶段仍是大功率高温设备主流选择,http://mp.weixin.qq.com/s?__biz=MjM5NDI1NzI2MA==&mid=2655364749&idx=1&sn=572278df0c108c6ad7c5d1a85229dfc7,,烧结钕铁硼是当前综合磁性能最优、应用规模最大的永磁材料，广泛用于新能源汽车、风电、工业伺服、人形机器人等高端装备领域。传统耐高温钕铁硼永磁想要抵御高温退磁、提升矫顽力，普遍会添加镝、铽两类重稀土。二者可以置换主相钕铁硼晶格中的钕，大幅提升晶体各向异性场，让磁体在150℃以上工况下维持磁性稳定，是新能源汽车、风电、伺服电机高端牌号必不可少的组分。但镝、铽资源稀缺、价格波动剧烈，长期制约永磁产业成本与供应链安全，行业由此衍生两条减稀技术路径：低重稀土与无重稀土。低重稀土磁材依靠晶界扩散工艺，仅在晶粒表层使用微量镝、铽，相比传统合金投料方案可削减70%左右重稀土用量，现阶段仍是大功率高温设备主流选择,烧结钕铁硼是当前综合磁性能最优、应用规模最大的永磁材料，广泛用于新能源汽车、风电、工业伺服、人形机器人等高端装备领域。传统耐高温钕铁硼永磁想要抵御高温退磁、提升矫顽力，普遍会添加镝、铽两类重稀土。二者可以置换主相钕铁硼晶格中的钕，大幅提升晶体各向异性场，让磁体在150℃以上工况下维持磁性稳定，是新能源汽车、风电、伺服电机高端牌号必不可少的组分。但镝、铽资源稀缺、价格波动剧烈，长期制约永磁产业成本与供应链安全，行业由此衍生两条减稀技术路径：低重稀土与无重稀土。低重稀土磁材依靠晶界扩散工艺，仅在晶粒表层使用微量镝、铽，相比传统合金投料方案可削减70%左右重稀土用量，现阶段仍是大功率高温设备主流选择；而标准定义下的无重稀土永磁材料，生产全程主动不额外添加镝、铽，仅依靠钕、镨等轻稀土构建磁体主相，搭配钴、铜、镓、铌等常规金属调控晶粒边界微观结构，完全依靠工艺替代重稀土的增矫顽作用。需要明确区分，无重稀土永磁并非不含稀土，核心功能相仍依托轻稀土，和完全脱离稀土的铁基永磁属于不同技术体系，二者不能等同看待。晶界扩散技术全球新能源装备扩张、各国稀土减量化产业政策，共同推动无重稀土技术快速落地。当前能够稳定量产的方案分为两条：一是晶粒细化搭配多元金属共掺杂工艺，适配现有烧结产线，量产稳定性更强；二是精准晶界相重构工艺，对温控、原料纯度要求极高，多用于精密小型电机，两条路线均无需重稀土即可实现中高温牌号磁体性能。+国内企业技术研发与产业化应用现状我国占据全球九成以上烧结钕铁硼产能，无重稀土永磁产业化推进速度领先全球，多家头部企业已建成专用产线，推出标准化量产牌号，覆盖车用、工业、机器人多类终端场景，产品规模化出货持续增长。巨星永磁：车规级无重稀土材料实现稳定量产巨星永磁依托上游稀土全产业链配套，开发出经过第三方权威检测的无重稀土52SH永磁材料，产品生产过程不添加镝、铽，剩磁、矫顽力指标完整匹配新能源汽车驱动电机车规标准，可长期耐受150℃工作温度。产品采用超细晶粒与多元微量元素复合调控工艺，通过低温烧结抑制晶粒异常长大，在保障磁性能不衰减的前提下，相较同等性能含重稀土磁体，原材料综合成本下降15%以上。目前企业已搭建独立无重稀土生产线，实现千吨级月度稳定供货，批量配套国内自主混动、纯电车企与变频电机设备，同步进入消费电子电机验证环节，是国内公开完整性能检测数据、商业化落地成熟度靠前的无重稀土牌号。正海磁材：规模化扩产，批量配套海外高端装备正海磁材以无氧制备、超细晶粒全流程优化（TOPS）为核心技术，依靠智能化系统精准调控烧结、回火温度曲线，持续提升无重稀土产品良率与性能一致性。近两年企业无重稀土产品产量实现翻倍增长，已形成完整耐高温牌号矩阵，短时可承受170℃高温工况。对比传统添加镝、铽的磁体，该系列产品不受重稀土资源供给约束，成本优势突出。目前相关产品已通过海外车企认证，大批量用于乘用车驱动电机，同时小批量供货人形机器人力矩电机、工业协作机器人，顺利切入全球主流高端电机供应链。安泰科技：产学研协同攻关，布局特种工况专用产品安泰科技联合科研院所、高校开展无重稀土磁体长期研发，形成成熟的多元合金掺杂低温烧结体系，依靠连续非磁性晶界层切断晶粒磁交换耦合，在不引入重稀土的条件下稳定实现高矫顽力指标。企业产品分为两条管线，通用型无重稀土磁材批量供应工业伺服、变频家电市场；针对风电变桨、小型军工伺服等复杂工况，定制开发宽温域、耐腐蚀专用磁体，现已完成中试验证定型，侧重高端特种装备国产化替代。行业头部企业同步布局，完善全场景配套能力中科三环对标国际晶界重构工艺完成国产化适配改造，原有晶界扩散产线可兼容无重稀土细晶生产，样品已送入博世、西门子海外工业电机、风电设备开展长期工况验证。金力永磁聚焦新能源车与人形机器人赛道，同步推进低重稀土过渡产品与无重稀土新工艺研发，在海外墨西哥基地预留专用生产车间，规划逐年提升低重稀土产品产能占比。北方稀土依托自有轻稀土资源优势，并行推进无重稀土钕铁硼、铈基轻稀土替代两条技术路线，相关磁体主要适配陆上风电、大型工业节能电机等大容量应用场景。+海外企业技术研发与产业化进展海外无重稀土研发主力集中于日本材料龙头，欧美企业整体进度滞后，多数停留在实验室样品阶段，暂无稳定商业化产能。日本企业深耕精密晶界调控路线，产品加工精度占优，但工艺窗口狭窄、量产规模有限，适配场景相对单一。日本Proterial：两代无重稀土产品分阶段投放市场Proterial（原日立金属）完成两代无重稀土磁体迭代，常温稳定款已批量对外供货，第二代耐高温型号完成定型并开放客户试样。整套产品生产不添加镝、铽，可直接适配现有汽车电机制造流程，无需大规模调整模具与产线设备，主要面向日系混动、小型纯电乘用车配套。日本信越化学：第四代无重稀土产品实现量产，工艺约束突出信越化学第四代无重稀土烧结钕铁硼现已落地量产，核心依靠铜、镓复合晶界层隔绝晶粒磁耦合，以此替代重稀土提升矫顽力。产品标称耐温上限180℃，现阶段主要供给丰田、铃木小型混动车型。该技术路线短板较为显著，烧结与回火工艺可调控区间极窄，对原料杂质含量、炉内温度均匀度要求严苛，量产良率低于国内主流细晶掺杂路线；同时长期高温耐久稳定性不足，难以匹配大型乘用车、大功率工业电机十余年使用寿命要求。欧美企业：仅开展技术储备，无规模化量产能力美国、欧洲稀土及磁材企业尚未实现无重稀土永磁商业化批量生产。美国MP Materials核心发展方向为重稀土本土自主供给，无重稀土仅作为中长期技术储备，仅完成实验室样品制备，规划数年后才配套专用研发产线。德国VAC、美国Noveon等厂商现阶段仍以低重稀土晶界扩散改良技术为主，无重稀土相关研究仅停留在基础实验阶段，本土电机厂商验证样品主要从中日企业采购。+产业整体发展阶段、现存瓶颈与中长期趋势综合全球产能规模、产品性能、下游客户渗透率三大维度判断，当前无重稀土永磁材料整体处于规模化导入阶段，距离全行业全面替代尚有差距，国内外、各应用领域分层特征显著。国内具备完整量产牌号与千吨级供货能力，适配中低温中小功率设备；日本产品精度较高，但产能、高温性能存在局限；欧美尚未形成产业化体系。成本层面，无重稀土材料天然省去高价重稀土原料支出，具备15%-30%成本优势，随着产能持续扩张，综合制造成本优势还将进一步释放。行业现阶段存在三大核心发展瓶颈。第一是高温稳定性短板，所有已量产无重稀土磁体在180℃以上长期高温环境中，抗退磁性能弱于添加镝、铽的传统磁材，海上风电、高压电动车、大功率工业主电机等场景仍以低重稀土产品为主，无重稀土材料安全冗余不足。第二是量产工艺门槛偏高，两条主流技术路线均需要高精度生产设备与精细化全流程管控，产线改造投入大，行业产能集中于头部企业，中小磁材厂商短时间难以跟进。第三是长期可靠性数据不足，无重稀土大规模商业化仅两至三年，无法匹配电机整机10-15年全生命周期耐久测试标准，下游主机厂导入验证周期普遍达到12-24个月，替代节奏放缓。从长期发展趋势来看，国内晶粒细化搭配多元掺杂工艺适配通用烧结设备、量产良率更高、优化空间充足，将逐步成为全球无重稀土主流技术路线；日本晶界重构路线受工艺限制，市场应用份额将持续收缩。应用端将长期保持分层替代格局，中小功率、中低温工况会逐步全面替换含重稀土磁体，大功率、持续超高温场景则形成无重稀土、低重稀土双技术互补配套模式。与此同时，产业链协同研发会持续深化，稀土冶炼、磁材制造、电机设计企业联动优化材料与电磁结构匹配，补齐长期可靠性数据短板；稀土回收再生技术同步配套无重稀土废料处理，进一步完善稀土供应链安全保障能力。参考来源：各公司官网、年度报告、招股说明书中国稀土行业协会官网中证鹏元：新质生产力系列｜供改逐步兑现，稀土永磁迎来高景气我国无重稀土永磁产业化推进速度领先全球。,,,,pending
高端科学仪器，国产替代“加速度”,粉体网,粉体网,"RIOnews API, 新材料, 学术研究, 科学院, 研究所",normal,2026-07-31T10:40:00+08:00,,壹没有科学仪器，怎敢谈高端制备科学仪器是指对事物组成、结构相互作用机理和机制、变化规律趋势等进行检测表征，获得相关科学数据、图像等信息，并用来指导科学研究和生产实践的工具。从深空探测仰望浩瀚星际，到显微设备洞察微观原子；从生物医药精准检测，到新材料精密制备攻关。每一项突破性成果的诞生，都离不开科学仪器的支撑。它既是探索未知的“慧眼”，也是产业突围、技术自立的硬核利器。贰黄金窗口期，国产仪器正突围我国在科学仪器领域整体起步较晚，直到20世纪90年代开始，我国才初步建立起仪器科学与技术学科。政策、市场、技术等利好协同共振，国产科学仪器产业发展取得长足进步。数据显示，2025年仪器仪表行业营收突破1,http://mp.weixin.qq.com/s?__biz=MjM5NDI1NzI2MA==&mid=2655364749&idx=2&sn=748c7a20e0603601afd05f6c8f04f56f,,壹没有科学仪器，怎敢谈高端制备科学仪器是指对事物组成、结构相互作用机理和机制、变化规律趋势等进行检测表征，获得相关科学数据、图像等信息，并用来指导科学研究和生产实践的工具。从深空探测仰望浩瀚星际，到显微设备洞察微观原子；从生物医药精准检测，到新材料精密制备攻关。每一项突破性成果的诞生，都离不开科学仪器的支撑。它既是探索未知的“慧眼”，也是产业突围、技术自立的硬核利器。贰黄金窗口期，国产仪器正突围我国在科学仪器领域整体起步较晚，直到20世纪90年代开始，我国才初步建立起仪器科学与技术学科。政策、市场、技术等利好协同共振，国产科学仪器产业发展取得长足进步。数据显示，2025年仪器仪表行业营收突破1,壹没有科学仪器，怎敢谈高端制备科学仪器是指对事物组成、结构相互作用机理和机制、变化规律趋势等进行检测表征，获得相关科学数据、图像等信息，并用来指导科学研究和生产实践的工具。从深空探测仰望浩瀚星际，到显微设备洞察微观原子；从生物医药精准检测，到新材料精密制备攻关。每一项突破性成果的诞生，都离不开科学仪器的支撑。它既是探索未知的“慧眼”，也是产业突围、技术自立的硬核利器。贰黄金窗口期，国产仪器正突围我国在科学仪器领域整体起步较晚，直到20世纪90年代开始，我国才初步建立起仪器科学与技术学科。政策、市场、技术等利好协同共振，国产科学仪器产业发展取得长足进步。数据显示，2025年仪器仪表行业营收突破1.1万亿元、利润总额超1100亿元。面向“十五五”时期，国家将高端仪器纳入重大工程，科学仪器产业更是迎来了战略发展的“黄金期”。科学仪器涉及材料表征、表面分析、色谱、质谱等8种主要类型。近年来，科学仪器国产化替代与技术创新不断突破。色谱仪器、质谱仪器、原子光谱仪器、生命科学仪器等领域国产科学仪器逐步打破国外垄断，部分产品在分辨率、灵敏度、速度和效率等关键技术性能指标方面达到或超越国际先进水平。科学仪器分类如中国科学院物理研究所研究员郇庆团队历经十余年攻关，基于原创的远端液化极低振动制冷技术成功研制出了无液氦亚3K低温扫描探针显微镜，实现关键性能指标国际领先；在光学仪器赛道，宁波永新光学股份有限公司实现高端科研显微镜全链条突破。国仪量子从微波系统、磁体、低温系统、精密电子学器件等关键环节做起，逐步建立自主研发、工程转化、生产交付和应用服务体系。2024年，推出AI电子顺磁共振波谱仪，信噪比达10000∶1，刷新该项指标业内纪录。X波段连续波电子顺磁共振波谱仪 EPR300来源：国仪量子在材料表征仪器赛道，丹东百特仪器有限公司从最初的沉降式粒度仪起步，一步步攻克了双镜头激光粒度仪、正反傅里叶结合技术、激光散射显微图像二合一分析系统等核心技术。2019年，在德国联邦材料研究与测试研究所（BAM）组织的全球粒度比对测试中，百特凭借Bettersize3000Plus激光粒度仪，以100%的比对成功率通过测试，成为唯一实现“零偏差”的中国品牌。2020年，百特Bettersize3000Plus更是参与了对嫦娥五号月壤的精确粒度粒形分析。30000+台装机、20000+用户，销售服务网络覆盖90多个国家和地区。丹东百特用实力扛起国产粒度仪大旗。Bettersize3000Plus激光/图像粒度粒形分析仪来源：丹东百特叁冷静审视：从并跑到领跑，高端突破仍有漫长路肯定成绩的同时，也必须清醒地看到差距。高端科学仪器是典型的“高门槛、多学科交叉、高可靠性”产业。长期以来，我国高端科学仪器市场主要被欧美日韩企业垄断，场发射透射电子显微镜、600MHz以上核磁共振波谱仪等高端仪器进口率超过90％，不仅导致科研成本居高不下，更使关键技术领域面临“断供”风险。关键零部件的“空心化”。我国部分领域科学仪器零部件国产化率平均达到90%甚至更高，但是高国产化率指标并不能掩盖核心部件仍受制于人的现实。数量上不足10%的进口零部件通常是核心部件，往往直接决定产品性能，高精度压力传感器、光谱芯片、高端激光器等核心部件进口依赖度仍超70%，基因测序仪荧光染料50%依赖进口。此外，支撑软件与高级算法的“软肋”。制造工艺与长期稳定性的“代差”。技术积淀浅、市场认可度低。长期以来国产产品存在“低端”标签化定势。与此同时，行业标准和认证体系不完善。因此，高端仪器国产化仍需厚积薄发、持续突破。小结 高端科学仪器是“科研之母”“工业之眼”。国产科学仪器实现从“能用”向“好用、首选”的跨越，是我国高端装备产业高质量发展的重要命题。参考资料：林晓锋.国产高端科学仪器产业发展难题及对策建议经济日报.高端科学仪器加快国产化人民日报.科学仪器 硬核利器粉体网、科技日报等硬实力“破冰”，国产高端科学仪器加速突围。,,,,pending
"北京化工大学徐斌、贵州民族大学孙宁Angew.：熵驱动界面工程：1,4-二氧六环改性电解液打造宽温域万次长寿命钠电硬碳负极",电化学能源,电化学能源,"RIOnews API, 新工艺, 高熵材料, 产品发布, 发布, 全新, 学术研究, 大学, 期刊",normal,2026-07-31T10:29:36+08:00,,（可代为解读，作者校稿后发布） 投稿通道 ↑ 钠离子电池凭借钠资源储量丰富、成本低廉、电化学机制与锂离子电池相近的优势，成为大规模储能体系极具潜力的候选器件，硬碳是适配钠离子电池负极的核心材料，醚基电解液因界面润湿性优异、溶剂化能低，与硬碳负极匹配性优于酯类电解液，但传统NaPF₆基醚电解液存在首次库仑效率偏低、倍率性能差、低温Na⁺输运动力学迟缓等关键缺陷；现有电解液设计多依托溶剂给电子数、介电常数、盐浓度等静态参数开展，仅能描述电解液本体性质，无法刻画电化学反应过程中电极-电解液界面溶剂化鞘层的动态适配特性，尽管高浓度、局域高浓度电解液、氟化醚改性等策略被用于优化溶剂化结构，但超快充工况下,http://mp.weixin.qq.com/s?__biz=Mzg4NTExMDU4NQ==&mid=2247744551&idx=5&sn=ae5bd725e867c2ad259d04f00a9ae70d,,（可代为解读，作者校稿后发布） 投稿通道 ↑ 钠离子电池凭借钠资源储量丰富、成本低廉、电化学机制与锂离子电池相近的优势，成为大规模储能体系极具潜力的候选器件，硬碳是适配钠离子电池负极的核心材料，醚基电解液因界面润湿性优异、溶剂化能低，与硬碳负极匹配性优于酯类电解液，但传统NaPF₆基醚电解液存在首次库仑效率偏低、倍率性能差、低温Na⁺输运动力学迟缓等关键缺陷；现有电解液设计多依托溶剂给电子数、介电常数、盐浓度等静态参数开展，仅能描述电解液本体性质，无法刻画电化学反应过程中电极-电解液界面溶剂化鞘层的动态适配特性，尽管高浓度、局域高浓度电解液、氟化醚改性等策略被用于优化溶剂化结构，但超快充工况下,"（可代为解读，作者校稿后发布） 投稿通道 ↑ 钠离子电池凭借钠资源储量丰富、成本低廉、电化学机制与锂离子电池相近的优势，成为大规模储能体系极具潜力的候选器件，硬碳是适配钠离子电池负极的核心材料，醚基电解液因界面润湿性优异、溶剂化能低，与硬碳负极匹配性优于酯类电解液，但传统NaPF₆基醚电解液存在首次库仑效率偏低、倍率性能差、低温Na⁺输运动力学迟缓等关键缺陷；现有电解液设计多依托溶剂给电子数、介电常数、盐浓度等静态参数开展，仅能描述电解液本体性质，无法刻画电化学反应过程中电极-电解液界面溶剂化鞘层的动态适配特性，尽管高浓度、局域高浓度电解液、氟化醚改性等策略被用于优化溶剂化结构，但超快充工况下电荷转移动力学、固体电解质界面演化的微观机理仍缺乏清晰阐释，熵相关研究虽已拓展至高熵材料、本体溶剂化熵领域，却未建立可定量描述硬碳界面动态重构行为的热力学参数，难以从分子层面指导高性能醚基电解液定向设计。近日，北京化工大学徐斌、贵州民族大学孙宁团队首次提出界面构象熵SICE作为表征硬碳/电解液界面溶剂化微环境动态重构能力的动力学描述符，选取空间位阻大、配位能力弱的环状醚1,4-二氧六环（14DX），以10 vol%比例添加至1 M NaPF₆/二乙二醇二甲醚（DEGDME）基础电解液构筑局域高浓度电解液LHCE（D91-14DX），借助分子动力学模拟、多维度谱学表征验证14DX可大幅提升界面构象熵SICE，SICE可拆解为配位熵Scoord、接触态熵Scontact、取向熵Sorient、动态熵Sdyn四项贡献，高SICE能够降低Na⁺脱溶剂化自由能势垒，加速离子脱溶剂与界面迁移，诱导形成高导电、机械稳定性优异的无机富集型固体电解质界面SEI；电化学测试显示，基于该电解液的硬碳|钠半电池在10C超大倍率下循环9000圈可逆容量保持154.28 mAh g⁻¹，容量保有率达89.46%，可实现0.1C至200C的超宽倍率稳定输出，-20 ℃低温环境下2000圈循环容量维持221.9 mAh g⁻¹无明显衰减，放大制备安时级NVP|硬碳软包电池能量密度可达110 Wh kg⁻¹，室温循环100圈容量保有率92.54%，有限元模拟证实该电解液体系可弱化浓差极化，原位、非原位多尺度表征证实高S_ICE体系可抑制电解液副反应、保护硬碳多孔骨架、减少不可逆死钠生成，最终实现宽温域、超长循环、超快充钠离子电池的同步突破。该成果以“Unlocking High‐Rate Sodium Storage in Hard Carbon via Interfacial Conformation Entropy Modulation in Localized High-Concentration Electrolytes”为题发表在“Angewandte Chemie International Edition”期刊，第一作者是Qiu Bin。（电化学能源整理，未经申请，不得转载）本文pdf请扫描底部二维码直接下载。【工作要点】1. 创新性提出界面构象熵SICE热力学描述符，依托玻尔兹曼方程建立定量计算模型，将SICE拆解为配位熵、接触态熵、取向熵、动态熵四项耦合贡献，阐明高SICE可降低Na⁺脱溶剂化吉布斯自由能势垒ΔGdesolv ∝ −TΔSICE，填补了传统静态电解液参数无法表征界面溶剂化鞘层动态重构行为的理论空白，建立熵驱动电解液界面调控全新研究范式。2. 通过高通量计算筛选不同环状醚稀释剂，对比1,3-二氧戊环（DOL）、1,3-二氧六环（13DX）、1,4-二氧六环（14DX）分子体积、空间位阻、静电势、溶剂结合能等理化参数，确定14DX为最优改性添加剂；将10 vol% 14DX引入1 M NaPF₆/DEGDME基础电解液构筑LHCE，分子动力学模拟证实14DX空间位阻效应可抑制溶剂与Na⁺配位，提升PF₆⁻阴离子在溶剂化鞘中的占比，形成以接触离子对CIP为主的弱溶剂化微环境，显著提升界面构象熵S_ICE。3. 联用拉曼、傅里叶变换红外、一维/二维核磁共振、小角X射线散射等谱学手段，从配位环境、离子缔合状态、溶剂分子取向、离子交换动力学四个维度验证SICE提升机制；搭配原位电化学阻抗、分布弛豫时间解析、原位微分电化学质谱、原位XRD、原位拉曼、原位红外、透射离子飞行时间二次离子质谱、X射线光电子能谱等多尺度表征，证实高SICE电解液可诱导生成超薄、致密、富含NaF与Na₂O的无机型SEI，大幅抑制溶剂分解、氢气析出、不可逆死钠累积，完整保留硬碳内部孔道结构。4. 完成半电池、对称电池、全电池、安时级软包电池全体系电化学验证，该电解液适配-40 ℃至40 ℃超宽温域工况，半电池实现9000圈10C超长稳定循环、200C极限快充、-20 ℃两千圈零衰减，匹配NVP正极的安时级软包电池具备110 Wh kg⁻¹能量密度且可低温驱动商用电子设备；COMSOL有限元模拟直观呈现高SICE体系下电极内部Na⁺均匀分布、浓差极化显著弱化，证明该熵调控策略具备规模化、可移植的电解液设计通用性，为下一代宽温域快充钠离子电池提供完整分子设计方案。图1：添加剂筛选原理与溶剂化结构多维度表征结果，图a至c为高通量溶剂筛选散点图，分别关联溶剂给电子数、介电常数、HOMO-LUMO能级差，对比线性醚、环状醚、酯类溶剂的理化特性，证实环状醚电化学稳定性与溶剂调控能力更优异；图d对比三种环状醚分子体积与空间位阻，解释14DX更大分子尺寸带来更强位阻效应，可用于构筑局域高浓度电解液；图e为不同溶剂化体系钠离子静电势分布，添加14DX的体系静电势最低，局部电场可调控鞘层配体空间排布；图f呈现分子动力学模拟的电解液三维微观构型，直观体现14DX几乎不参与钠离子直接配位；图g通过配位模型饼图量化不同离子缔合构型占比，14DX体系三阴离子配位钠离子比例最高；图h径向分布函数曲线证明14DX削弱DEGDME与Na⁺相互作用，提升阴离子参与度，整体图示完整阐明14DX优化溶剂化结构、提升界面构象熵的分子机理。图2：电解液溶剂化结构全套谱学表征图谱，图a、b拉曼光谱及分峰拟合结果显示，加入环状醚后Na−O耦合特征峰蓝移且强度下降，14DX体系接触离子对CIP占比大幅提升，拓宽离子缔合状态概率分布从而提升接触态熵；图c傅里叶变换红外光谱证实14DX弱化Na⁺与DEGDME的配位作用；图d、e、f二维¹H-¹H核磁共振相关谱，对比纯DEGDME、基础电解液、D91-14DX电解液，14DX体系DEGDME共振信号显著衰减，无交叉峰证明其与Na⁺相互作用极弱，加快离子动态交换、提升动态熵；图g、h、i小角X射线散射曲线显示14DX破坏溶剂长程有序排布，增大配体取向自由度、提升取向熵，整套谱学数据从四类熵贡献维度佐证界面构象熵提升的实验依据。图3：硬碳|钠半电池电化学性能与循环后电极界面物化表征，图a为10C超长循环曲线，D91-14DX电解液实现9000圈稳定循环，基础电解液仅260圈即失效；图b倍率性能曲线体现D91-14DX在0.1C至10C区间容量衰减极小；图c、d为D91-14DX电解液0.1C至200C极限快充容量曲线与充放电曲线，超高倍率下电容型储钠行为平稳过渡；图e扫描电镜图对比循环后电极表面，D91-14DX电极表面平整致密，无副产物堆积；图f、g导电原子力显微镜成像与平均电流统计，该电解液体系界面导电性能最优且分布均匀；图h拉曼ID/IG映射图显示14DX可保护硬碳碳骨架有序结构，抑制不可逆结构破坏；图i滴定气相色谱定量检测惰性钠含量，D91-14DX体系不可逆死钠生成量最低，完整建立溶剂化熵调控、界面稳定性、电池长循环性能的直接关联。图4：半电池界面反应动力学与循环后硬碳电极组分分布，图a至c原位电化学阻抗及分布弛豫时间三维图谱，D91-14DX电解液循环过程中电解液本体阻抗、SEI阻抗、电荷转移阻抗几乎无变化，SEI层结构高度稳定；图d、e、f飞行时间二次离子质谱表面映射与三维断层组分分析，D91-14DX生成的SEI超薄均匀，NaF均匀分布于膜层内部、Na₂O富集在外层，氩离子溅射50秒后信号快速衰减，对比基础电解液厚且组分不均的SEI差异显著；图g循环电极小角X射线散射曲线，14DX电解液可维持硬碳原始孔道结构，避免孔道被SEI堵塞；图h固态²³Na核磁共振谱显示基础电解液SEI存在大量碳酸钠副产物，D91-14DX仅生成稳定NaF、Na₂O；图i纳米红外成像直观体现D91-14DX体系PFₓFᵧ分解副产物信号被大幅抑制，从界面动力学、SEI形貌、化学组分多维度解释高SICE抑制电解液分解的微观机制。图5：硬碳储钠机理与电解液调控下界面动态演化行为，图a、b原位微分电化学质谱对比两种电解液循环过程气体析出，基础电解液大量释放氢气，D91-14DX几乎无气体副产物生成，证明界面钝化效果优异；图c不同电位下非原位电子顺磁共振谱，D91-14DX低温下未成对电子信号增强，电子离域程度更高，适配低温快充工况；图d原位X射线衍射图谱完整呈现硬碳“表面吸附-层间嵌插-闭孔填充”三步储钠可逆结构演化；图e、f原位拉曼光谱对比两种电解液充放电全程碳骨架光谱变化，D91-14DX碳D、G带偏移可逆性更强，碳结构损伤更小；图g、h、i原位傅里叶变换红外图谱追踪界面PF₆⁻阴离子脱溶剂与再溶剂化动态过程，D91-14DX体系红外信号变化高度对称，离子溶剂化/脱溶剂化可逆性优异，整套原位表征完整揭示高界面构象熵实现可逆、快速钠离子存储的微观路径。图6：储钠性能提升机理示意图、宽温域电化学性能、软包电池实测数据与模拟仿真结果，图a为熵调控电解液实现超快充储钠的完整机理示意图，对比常规溶剂分离离子对电解液与本研究接触离子对富集电解液的界面差异，阐释阴离子诱导富NaF界面相、全气候钠离子电池的设计逻辑；图b-20 ℃低温长循环曲线证明2000圈容量无衰减；图c宽温域充放电曲线验证电解液可稳定工作于-40 ℃至40 ℃区间；图d、e安时级NVP|硬碳软包电池循环容量曲线与充放电电压曲线，760 mAh软包电池100圈容量保有率92.54%，能量密度110 Wh kg⁻¹；图f有限元仿真可视化充放电全过程电极内部钠离子浓度梯度，D91-14DX电解液实现离子均匀分布、弱化浓差极化；图g实拍软包电池驱动商用电子设备实物图，直观证实该电解液体系的实际应用潜力。【结论】本工作提出界面构象熵SICE作为醚基电解液电极界面离子-溶剂动态作用的分子级描述符，在1 M NaPF₆/DEGDME基础电解液中引入1,4-二氧六环构建局域高浓度电解液，借助1,4-二氧六环强空间位阻与弱配位特性大幅提升界面构象熵SICE，分子动力学模拟证明高SICE赋予界面可动态重构的溶剂化网络，显著降低Na⁺脱溶剂化势垒、加速离子定向输运；系统电化学测试证实该电解液可实现高首次库仑效率、优异超快充能力，在-20 ℃低温环境下仍具备稳定长循环性能；界面构象熵SICE可定量关联电解液分子设计与电池宏观电化学性能，为宽温域、高倍率钠离子电池提供具备通用性、可规模化的电解液设计范式，同时建立熵驱动界面工程全新理论框架，为各类先进储能体系电解液-界面协同调控提供变革性研究思路。【本文链接】链接：https://doi.org/10.1002/anie.8176173点赞，在看，分享，来个一键三连吧！重磅成果！\x0a——电化学能源！",,,,pending
北京大学周欢萍最新Science：27.2%！等离子体表面工程技术在高效稳定的钙钛矿太阳能电池和组件中的应用,钙钛矿太阳能电池,钙钛矿太阳能电池,"RIOnews API, 钙钛矿, 柔性钙钛矿, 学术研究, 大学, 教授",normal,2026-07-31T10:09:54+08:00,,钙钛矿太阳能电池的不稳定性主要源于与软性多组分钙钛矿晶格相关的界面缺陷的形成和演化。鉴于此，2026年7月30日北京大学周欢萍于Science刊发等离子体表面工程技术在高效稳定的钙钛矿太阳能电池和组件中的应用的研究成果，报道了一种可扩展的基于等离子体的钝化策略，该策略通过在大面积钙钛矿薄膜上进行原位化学反应，形成保形、均匀且强键合的异质结构。该方法还能减轻激光刻蚀互连区域内的缺陷积累，而局部损伤通常是导致组件级性能损失的主要原因。在小面积器件（有效面积8.313 平方毫米）中实现了27.2%的功率转换效率，在100 平方厘米（cm²）的组件（孔径面积65.05 cm²）中实现了24.0%的效率,http://mp.weixin.qq.com/s?__biz=MzIwNDAzNzcwMA==&mid=2456842843&idx=1&sn=a0898d25eb1b044ba2391d77668292de,,钙钛矿太阳能电池的不稳定性主要源于与软性多组分钙钛矿晶格相关的界面缺陷的形成和演化。鉴于此，2026年7月30日北京大学周欢萍于Science刊发等离子体表面工程技术在高效稳定的钙钛矿太阳能电池和组件中的应用的研究成果，报道了一种可扩展的基于等离子体的钝化策略，该策略通过在大面积钙钛矿薄膜上进行原位化学反应，形成保形、均匀且强键合的异质结构。该方法还能减轻激光刻蚀互连区域内的缺陷积累，而局部损伤通常是导致组件级性能损失的主要原因。在小面积器件（有效面积8.313 平方毫米）中实现了27.2%的功率转换效率，在100 平方厘米（cm²）的组件（孔径面积65.05 cm²）中实现了24.0%的效率,钙钛矿太阳能电池的不稳定性主要源于与软性多组分钙钛矿晶格相关的界面缺陷的形成和演化。鉴于此，2026年7月30日北京大学周欢萍于Science刊发等离子体表面工程技术在高效稳定的钙钛矿太阳能电池和组件中的应用的研究成果，报道了一种可扩展的基于等离子体的钝化策略，该策略通过在大面积钙钛矿薄膜上进行原位化学反应，形成保形、均匀且强键合的异质结构。该方法还能减轻激光刻蚀互连区域内的缺陷积累，而局部损伤通常是导致组件级性能损失的主要原因。在小面积器件（有效面积8.313 平方毫米）中实现了27.2%的功率转换效率，在100 平方厘米（cm²）的组件（孔径面积65.05 cm²）中实现了24.0%的效率（认证效率为23.5%）。在85°C和1个太阳光照下进行2000小时最大功率点跟踪后，小面积器件仍保持其初始效率的98.1%；在65°C和1个太阳光照下进行1600小时后，100平方厘米的模块仍保持其初始效率的99.3%。原文：https://www.science.org/doi/10.1126/science.aeg1730钙钛矿方向课题组网站NREL网站：https://www.nrel.gov/pv/cell-efficiency.htmlGratzel课题组网站：http://lpi.epfl.ch/publicationsSnaith课题组网站：https://www2.physics.ox.ac.uk/contacts/people/snaith/publicationsYangYang课题组网站：https://yylab.seas.ucla.edu/publications.html黄劲松课题组网站：https://huangjinsong.wixsite.com/group/publications李美成课题组网站：https://nemd.ncepu.edu.cn/戚亚冰课题组网站：https://groups.oist.jp/emssu/publications周欢萍课题组网站：https://happyzhou.wixsite.com/happylabs金松课题组网站：https://jin.chem.wisc.edu/content/song-jin陈棋课题组网站：https://cheerslab.net/丁黎明课题组网站：http://www.nanoctr.cn/opv/yjcg/孟庆波课题组网站：http://solar.iphy.ac.cn/index.php/?page_id=5103张春福课题组网站：https://web.xidian.edu.cn/cfzhang/Jin Young Kim 课题组网站：https://ngel.unist.ac.kr/papers/Nam-Gyu Park课题组网站：http://ngpl.skku.edu/sub/sub04_01.php?cat_no=37&sNum=1叶轩立课题组网站：https://www.yipgroup.info/research唐江课题组网站：：http://tfsc.wnlo.hust.edu.cn/info/1153/1594.htmSargent课题组网站：https://light.utoronto.ca/publications/2021-1/Seok课题组网站：https://seoksi.unist.ac.kr/publication/周圆圆课题组网站：https://www.alvinyzhou.com/all-papers王漾课题组网站：https://www.x-mol.com/groups/steven_wangyang陈树林（钙钛矿透射电子显微学）网站：http://grzy.hnu.edu.cn/site/index/chenshulin赵清课题组网站：http://faculty.pku.edu.cn/~vuaQVn/zh_CN/index.htm钙钛矿LED世界记录每日更新蓝光钙钛矿LED最高EQE26.4% 保持团队：浙江大学狄大卫&叶志镇&戴兴良团队 更新时间：2024年7月17日红光钙钛矿LED最高EQE32.5% 保持团队： 中科院半导体所张兴旺&游经碧 更新时间：2025年5月23日红光叠层钙钛矿LED最高EQE45.5% 保持团队： 南京工业大学王娜娜&黄维&王建浦 更新时间：2025年11月11日 绿光钙钛矿LED最高EQE31% 保持团队：华南理工大学陈江山&马东阁&澳门大学邢贵川 更新时间：2024年9月23日钙钛矿太阳能电池世界记录每日更新钙钛矿太阳能电池最高稳态认证光电转化效率28% 保持单位：海南大学钙钛矿/硅叠层太阳能电池最高认证光电转化效率35.5% 保持单位：隆基钙钛矿/TOPcon叠层太阳能电池最高认证光电转化效率34.76% 保持单位：晶科能源钙钛矿/PERC叠层太阳能电池最高光电转化效率30.05% 保持单位：首尔大学Jin Young Kim柔性钙钛矿/硅叠层太阳能电池最高认证光电转化效率33.6% 保持单位：苏州大学杨新波&张晓宏&阿卜杜拉国王科技大学De Wolf钙钛矿/CIGS叠层太阳能电池最高认证光电转化效率30.1% 保持单位：武汉大学李建民&王胜&龚俊波&肖旭东钙钛矿/钙钛矿/硅三结叠层太阳能电池最高认证光电转化效率27.06% 保持单位：悉尼大学郑将辉&Anita W. Y. Ho-Baillie&厦门大学陈忠&深圳黑晶光电技术有限公司段磊平1cm² 钙钛矿太阳能电池最高光电转化效率26.90% 保持单位：苏州大学/新南威尔士大学/白马湖实验室52cm² 钙钛矿太阳能电池最高光电转化效率26.48% 保持单位：万度光能900cm² 钙钛矿太阳能电池最高光电转化效率24.36% 保持单位：脉络能源户内光伏最高效率44.72% 保持团队：中国暨南大学王有生&麦耀华团队 更新时间：2024年1月12日钙钛矿室内光伏组件最高认证孔径面积效率34.94%/国家光伏产业计量测试中心认证(12.80 cm2) 保持团队：暨南大学麦耀华教授团队钙钛矿/钙钛矿叠层太阳能电池最高光电转化效率/JET认证28.2% (1.038cm2) 保持团队：南京大学&仁烁光电钙钛矿/钙钛矿叠层太阳能电池最高认证效率31.55% 保持团队：光因科技钙钛矿/OPV叠层太阳能电池最高认证效率26.42% 保持团队：青岛大学刘玉强&欧阳丹&薄志山&南方科技大学丘龙斌&北京师范大学张文凯&四川大学李鸿祥 更新时间：2025年10月9日露天制备钙钛矿太阳能电池最高效率26.5% 保持团队：中国华北电力大学李美成团队 更新时间：2025年9月28日钙钛矿太阳能电池低温运行最高效率26.12% 保持团队：中国陕西师范大学赵奎团队 更新时间：2023年8月31日锡铅混合钙钛矿太阳能电池最高效率24.13% 保持团队：上海交通大学陈汉团队 更新时间：2024年8月12日宽带隙（1.67 eV）钙钛矿太阳能电池最高效率25.03% 保持团队：中科院半导体所蒋琦&游经碧 更新时间：2025年12月12日宽带隙（1.76 eV）钙钛矿太阳能电池最高效率21.42% 保持团队：河北大学杨少鹏&何庭伟 更新时间：2025年7月18日柔性钙钛矿太阳能电池最高效率26.61% 保持团队：九江市柔烁光电科技有限公司 更新时间：2024年9月28日二维钙钛矿太阳能电池（n=5）最高效率22.73% 保持团队：南昌大学胡婷&陈义旺 更新时间：2024年10月15日锡基钙钛矿太阳能电池最高效率17.89% 保持团队：复旦大学梁佳&南京理工大学徐勃&上海交通大学戚亚冰 更新时间：2025年10月15日全无机钙钛矿太阳能电池最高效率22.49% 保持团队：陕西师范大学田庆文&刘生忠 更新时间：2025年8月12日CsSnI3钙钛矿太阳能电池最高效率14.95% 保持团队：华中科技大学申燕&王鸣魁 更新时间：2025年5月21日FASnI3钙钛矿太阳能电池最高效率15.7% 保持团队：上海科技大学米启兮 更新时间：2024年4月2日碳电极钙钛矿太阳能电池最高效率23.6% 保持团队：大连理工大学王宇迪&史彦涛 更新时间：2025年11月5日无HTM碳电极全无机钙钛矿太阳能电池最高效率19.65％ 保持团队：华南农业大学饶华商&钟新华团队 更新时间：2025年1月13日无HTM碳电极钙钛矿太阳能电池最高效率20.1％ 保持团队：华南农业大学潘振晓&钟新华 更新时间：2024年5月31日CsPbI2Br钙钛矿太阳能电池最高效率18.14% 保持团队：北京化工大学李明华&化学所胡劲松 更新时间：2024年1月17日钙钛矿量子点太阳能电池的最高效率19.01% 保持团队：苏州大学袁建宇 更新时间：2025年8月15日 注：每个蓝色文字部分都带有超链接，超链接每篇都有参考文献，这里就不一一标注参考文献了。 此外，还有哪些没有归纳的记录，或者有新突破的记录，可以文末留言或者后台留言，以后每日及时更新。 国内最大钙钛矿电池QQ交流群，微信群添微信lili514091，欢迎加入点击阅读原文可获取原文仅用于学术分享，如有侵权，请联系删除。阅读原文2026年7月30日北京大学周欢萍于Science刊发等离子体表面工程技术在高效稳定的钙钛矿太阳能电池和组件中的应用的研究成果。,,,,pending
香港城市大学朱宗龙最新Science：27.8%！！！n型聚合物层能够实现高效、可扩展且热稳定的钙钛矿太阳能组件,钙钛矿太阳能电池,钙钛矿太阳能电池,"RIOnews API, 钙钛矿, 柔性钙钛矿, 学术研究, 大学, 教授",normal,2026-07-31T10:09:54+08:00,,用于反式钙钛矿太阳能电池的富勒烯基电子传输层面临成本、可扩展性和稳定性等问题，而高稳定性无机氧化物则存在能级排列不利和迟滞效应增强的问题，从而降低了功率转换效率。鉴于此，2026年7月30日香港城市大学朱宗龙于Science刊发n型聚合物层能够实现高效、可扩展且热稳定的钙钛矿太阳能组件的研究成果，报道了一种非富勒烯共轭聚合物2PB-T，其主链中引入了共平面且具有吸电子性的苝二酰亚胺（PBI）单元。通过对PBI聚合物主链和侧链进行工程改造，优化了电子传输性能、薄膜均匀性和界面结合力，从而解决了小分子ETL的不稳定性问题。小面积器件的最高PCE达到27.8%，经认证的最大功率点跟踪（MPPT）效率,http://mp.weixin.qq.com/s?__biz=MzIwNDAzNzcwMA==&mid=2456842843&idx=2&sn=aded72ac6d99df78a3ebe4eff87f2f75,,用于反式钙钛矿太阳能电池的富勒烯基电子传输层面临成本、可扩展性和稳定性等问题，而高稳定性无机氧化物则存在能级排列不利和迟滞效应增强的问题，从而降低了功率转换效率。鉴于此，2026年7月30日香港城市大学朱宗龙于Science刊发n型聚合物层能够实现高效、可扩展且热稳定的钙钛矿太阳能组件的研究成果，报道了一种非富勒烯共轭聚合物2PB-T，其主链中引入了共平面且具有吸电子性的苝二酰亚胺（PBI）单元。通过对PBI聚合物主链和侧链进行工程改造，优化了电子传输性能、薄膜均匀性和界面结合力，从而解决了小分子ETL的不稳定性问题。小面积器件的最高PCE达到27.8%，经认证的最大功率点跟踪（MPPT）效率,用于反式钙钛矿太阳能电池的富勒烯基电子传输层面临成本、可扩展性和稳定性等问题，而高稳定性无机氧化物则存在能级排列不利和迟滞效应增强的问题，从而降低了功率转换效率。鉴于此，2026年7月30日香港城市大学朱宗龙于Science刊发n型聚合物层能够实现高效、可扩展且热稳定的钙钛矿太阳能组件的研究成果，报道了一种非富勒烯共轭聚合物2PB-T，其主链中引入了共平面且具有吸电子性的苝二酰亚胺（PBI）单元。通过对PBI聚合物主链和侧链进行工程改造，优化了电子传输性能、薄膜均匀性和界面结合力，从而解决了小分子ETL的不稳定性问题。小面积器件的最高PCE达到27.8%，经认证的最大功率点跟踪（MPPT）效率为27.3%。面积分别为20.6平方厘米和625平方厘米的钙钛矿组件的效率分别达到了24.4%和22.5%。小面积器件在空气中85°C下连续MPPT 1752 小时后仍保持其初始效率的98.6%以上，而625平方厘米的模块在户外运行 5900小时后仍保持其初始效率的96.9%。原文：https://www.science.org/doi/10.1126/science.aed8175钙钛矿方向课题组网站NREL网站：https://www.nrel.gov/pv/cell-efficiency.htmlGratzel课题组网站：http://lpi.epfl.ch/publicationsSnaith课题组网站：https://www2.physics.ox.ac.uk/contacts/people/snaith/publicationsYangYang课题组网站：https://yylab.seas.ucla.edu/publications.html黄劲松课题组网站：https://huangjinsong.wixsite.com/group/publications李美成课题组网站：https://nemd.ncepu.edu.cn/戚亚冰课题组网站：https://groups.oist.jp/emssu/publications周欢萍课题组网站：https://happyzhou.wixsite.com/happylabs金松课题组网站：https://jin.chem.wisc.edu/content/song-jin陈棋课题组网站：https://cheerslab.net/丁黎明课题组网站：http://www.nanoctr.cn/opv/yjcg/孟庆波课题组网站：http://solar.iphy.ac.cn/index.php/?page_id=5103张春福课题组网站：https://web.xidian.edu.cn/cfzhang/Jin Young Kim 课题组网站：https://ngel.unist.ac.kr/papers/Nam-Gyu Park课题组网站：http://ngpl.skku.edu/sub/sub04_01.php?cat_no=37&sNum=1叶轩立课题组网站：https://www.yipgroup.info/research唐江课题组网站：：http://tfsc.wnlo.hust.edu.cn/info/1153/1594.htmSargent课题组网站：https://light.utoronto.ca/publications/2021-1/Seok课题组网站：https://seoksi.unist.ac.kr/publication/周圆圆课题组网站：https://www.alvinyzhou.com/all-papers王漾课题组网站：https://www.x-mol.com/groups/steven_wangyang陈树林（钙钛矿透射电子显微学）网站：http://grzy.hnu.edu.cn/site/index/chenshulin赵清课题组网站：http://faculty.pku.edu.cn/~vuaQVn/zh_CN/index.htm钙钛矿LED世界记录每日更新蓝光钙钛矿LED最高EQE26.4% 保持团队：浙江大学狄大卫&叶志镇&戴兴良团队 更新时间：2024年7月17日红光钙钛矿LED最高EQE32.5% 保持团队： 中科院半导体所张兴旺&游经碧 更新时间：2025年5月23日红光叠层钙钛矿LED最高EQE45.5% 保持团队： 南京工业大学王娜娜&黄维&王建浦 更新时间：2025年11月11日 绿光钙钛矿LED最高EQE31% 保持团队：华南理工大学陈江山&马东阁&澳门大学邢贵川 更新时间：2024年9月23日钙钛矿太阳能电池世界记录每日更新钙钛矿太阳能电池最高稳态认证光电转化效率28% 保持单位：海南大学钙钛矿/硅叠层太阳能电池最高认证光电转化效率35.5% 保持单位：隆基钙钛矿/TOPcon叠层太阳能电池最高认证光电转化效率34.76% 保持单位：晶科能源钙钛矿/PERC叠层太阳能电池最高光电转化效率30.05% 保持单位：首尔大学Jin Young Kim柔性钙钛矿/硅叠层太阳能电池最高认证光电转化效率33.6% 保持单位：苏州大学杨新波&张晓宏&阿卜杜拉国王科技大学De Wolf钙钛矿/CIGS叠层太阳能电池最高认证光电转化效率30.1% 保持单位：武汉大学李建民&王胜&龚俊波&肖旭东钙钛矿/钙钛矿/硅三结叠层太阳能电池最高认证光电转化效率27.06% 保持单位：悉尼大学郑将辉&Anita W. Y. Ho-Baillie&厦门大学陈忠&深圳黑晶光电技术有限公司段磊平1cm² 钙钛矿太阳能电池最高光电转化效率26.90% 保持单位：苏州大学/新南威尔士大学/白马湖实验室52cm² 钙钛矿太阳能电池最高光电转化效率26.48% 保持单位：万度光能900cm² 钙钛矿太阳能电池最高光电转化效率24.36% 保持单位：脉络能源户内光伏最高效率44.72% 保持团队：中国暨南大学王有生&麦耀华团队 更新时间：2024年1月12日钙钛矿室内光伏组件最高认证孔径面积效率34.94%/国家光伏产业计量测试中心认证(12.80 cm2) 保持团队：暨南大学麦耀华教授团队钙钛矿/钙钛矿叠层太阳能电池最高光电转化效率/JET认证28.2% (1.038cm2) 保持团队：南京大学&仁烁光电钙钛矿/钙钛矿叠层太阳能电池最高认证效率31.55% 保持团队：光因科技钙钛矿/OPV叠层太阳能电池最高认证效率26.42% 保持团队：青岛大学刘玉强&欧阳丹&薄志山&南方科技大学丘龙斌&北京师范大学张文凯&四川大学李鸿祥 更新时间：2025年10月9日露天制备钙钛矿太阳能电池最高效率26.5% 保持团队：中国华北电力大学李美成团队 更新时间：2025年9月28日钙钛矿太阳能电池低温运行最高效率26.12% 保持团队：中国陕西师范大学赵奎团队 更新时间：2023年8月31日锡铅混合钙钛矿太阳能电池最高效率24.13% 保持团队：上海交通大学陈汉团队 更新时间：2024年8月12日宽带隙（1.67 eV）钙钛矿太阳能电池最高效率25.03% 保持团队：中科院半导体所蒋琦&游经碧 更新时间：2025年12月12日宽带隙（1.76 eV）钙钛矿太阳能电池最高效率21.42% 保持团队：河北大学杨少鹏&何庭伟 更新时间：2025年7月18日柔性钙钛矿太阳能电池最高效率26.61% 保持团队：九江市柔烁光电科技有限公司 更新时间：2024年9月28日二维钙钛矿太阳能电池（n=5）最高效率22.73% 保持团队：南昌大学胡婷&陈义旺 更新时间：2024年10月15日锡基钙钛矿太阳能电池最高效率17.89% 保持团队：复旦大学梁佳&南京理工大学徐勃&上海交通大学戚亚冰 更新时间：2025年10月15日全无机钙钛矿太阳能电池最高效率22.49% 保持团队：陕西师范大学田庆文&刘生忠 更新时间：2025年8月12日CsSnI3钙钛矿太阳能电池最高效率14.95% 保持团队：华中科技大学申燕&王鸣魁 更新时间：2025年5月21日FASnI3钙钛矿太阳能电池最高效率15.7% 保持团队：上海科技大学米启兮 更新时间：2024年4月2日碳电极钙钛矿太阳能电池最高效率23.6% 保持团队：大连理工大学王宇迪&史彦涛 更新时间：2025年11月5日无HTM碳电极全无机钙钛矿太阳能电池最高效率19.65％ 保持团队：华南农业大学饶华商&钟新华团队 更新时间：2025年1月13日无HTM碳电极钙钛矿太阳能电池最高效率20.1％ 保持团队：华南农业大学潘振晓&钟新华 更新时间：2024年5月31日CsPbI2Br钙钛矿太阳能电池最高效率18.14% 保持团队：北京化工大学李明华&化学所胡劲松 更新时间：2024年1月17日钙钛矿量子点太阳能电池的最高效率19.01% 保持团队：苏州大学袁建宇 更新时间：2025年8月15日 注：每个蓝色文字部分都带有超链接，超链接每篇都有参考文献，这里就不一一标注参考文献了。 此外，还有哪些没有归纳的记录，或者有新突破的记录，可以文末留言或者后台留言，以后每日及时更新。 国内最大钙钛矿电池QQ交流群，微信群添微信lili514091，欢迎加入点击阅读原文可获取原文仅用于学术分享，如有侵权，请联系删除。阅读原文2026年7月30日香港城市大学朱宗龙于Science刊发n型聚合物层能够实现高效、可扩展且热稳定的钙钛矿太阳能组件的研究成果。,,,,pending
距2026第十六届中国国际储能大会开幕还有9天,储能网,储能网,"RIOnews API, 储能",normal,2026-07-31T09:49:39+08:00,,中国储能网讯：一审：潘 望二审：王谊秀由于微信改版，关注后请点击右上角，选择“设为星标”与“置顶”，以获得最新的文章更新投稿联系电话：***********（同微信）地址：北京市西城区阜成门外四川大厦东塔楼30层官网：www.escn.com.cn 投稿邮箱：ly83518@126.com,http://mp.weixin.qq.com/s?__biz=MzA3MjA3MzgwNw==&mid=2651977965&idx=1&sn=c6fabea6903ad639d42040ad7a1f6c31,,中国储能网讯：一审：潘 望二审：王谊秀由于微信改版，关注后请点击右上角，选择“设为星标”与“置顶”，以获得最新的文章更新投稿联系电话：***********（同微信）地址：北京市西城区阜成门外四川大厦东塔楼30层官网：www.escn.com.cn 投稿邮箱：ly83518@126.com,中国储能网讯：一审：潘 望二审：王谊秀由于微信改版，关注后请点击右上角，选择“设为星标”与“置顶”，以获得最新的文章更新投稿联系电话：***********（同微信）地址：北京市西城区阜成门外四川大厦东塔楼30层官网：www.escn.com.cn 投稿邮箱：ly83518@126.com,,,,pending
固态九点半丨三星 SDI Q2财报电话会议披露全固态电池最新规划；道氏技术硅碳负极300吨产线逐步达产,起点固态电池,起点固态电池,"RIOnews API, 固态电池, 硫化物电解质, 半固态, 全固态, 信息披露, 披露, 投资者",normal,2026-07-31T09:47:48+08:00,,7月31日（星期五）固态电池九点半行业早新闻：1. 三星 SDI（韩国）7月30日在Q2财报电话会议披露全固态电池最新规划：1）全固态电池维持2027年下半年于蔚山工厂量产目标，将投入16万亿韩元扩建固态产线；2）首批商业化应用优先瞄准人形机器人，2026下半年送出固态样品与人形机器人客户验证；同步持续与多家车企推进车用固态电池联合开发；3）公司Q2时隔7个季度重回盈利，资金将持续倾斜固态电池中长期研发。2.回天新材投资者互动平台回复：公司负极胶、导热胶产品可适配半固态电池场景，持续开展产品迭代与下游客户验证；目前尚未实现对半固态电池企业批量供货。3.尚水智能7月30日互动平台问答：公司持续布,http://mp.weixin.qq.com/s?__biz=MzU3MzMxNDI5Ng==&mid=2247499129&idx=1&sn=6cc5644ed609e67baed8383163154be8,,7月31日（星期五）固态电池九点半行业早新闻：1. 三星 SDI（韩国）7月30日在Q2财报电话会议披露全固态电池最新规划：1）全固态电池维持2027年下半年于蔚山工厂量产目标，将投入16万亿韩元扩建固态产线；2）首批商业化应用优先瞄准人形机器人，2026下半年送出固态样品与人形机器人客户验证；同步持续与多家车企推进车用固态电池联合开发；3）公司Q2时隔7个季度重回盈利，资金将持续倾斜固态电池中长期研发。2.回天新材投资者互动平台回复：公司负极胶、导热胶产品可适配半固态电池场景，持续开展产品迭代与下游客户验证；目前尚未实现对半固态电池企业批量供货。3.尚水智能7月30日互动平台问答：公司持续布,7月31日（星期五）固态电池九点半行业早新闻：1. 三星 SDI（韩国）7月30日在Q2财报电话会议披露全固态电池最新规划：1）全固态电池维持2027年下半年于蔚山工厂量产目标，将投入16万亿韩元扩建固态产线；2）首批商业化应用优先瞄准人形机器人，2026下半年送出固态样品与人形机器人客户验证；同步持续与多家车企推进车用固态电池联合开发；3）公司Q2时隔7个季度重回盈利，资金将持续倾斜固态电池中长期研发。2.回天新材投资者互动平台回复：公司负极胶、导热胶产品可适配半固态电池场景，持续开展产品迭代与下游客户验证；目前尚未实现对半固态电池企业批量供货。3.尚水智能7月30日互动平台问答：公司持续布局干法电极与固态电池配套装备；已自主研发双传动包覆机、双螺杆挤出纤维化设备、辊压覆膜一体机等干法电极核心装备，实现小批量出货，供给电池企业开展工艺验证与中试测试。公司重点面向硫化物固态电池配套干法极片产线提供解决方案。4.特斯拉奥斯汀奥斯汀工厂正负极全干法电极规模化产线持续爬坡，量产良率稳定突破90%。整套干法工艺取消NMP、长烘箱与溶剂回收系统，生产能耗下降30%–50%，产线设备资本投入降低约40%。特斯拉干法路线壁垒集中在粘结剂配方、高剪切纤维化工艺与连续辊压成膜成套工艺；LG新能源、三星 SDI自研干法电极进度预计滞后12–18个月。5.德国MEET电池研究中心项目进展，德国联邦教研部资助总额 250 万欧元全干法电极一体化研发项目持续推进，聚焦锂离子电池无溶剂极片制造。项目重点开发适配硅基负极、磷酸铁锂体系连续干法工艺，同步开发新型干法专用粘结剂；技术成果未来向欧洲本土电池厂开放，支撑欧洲动力电池本土化低碳生产需求。6.国瓷材料LLZO氧化物粉体稳定吨级供货；多家材料企业同步布局硫化物电解质前驱体，多条30–100吨中试产线持续送样验证。7.翔丰华披露机构调研纪要：公司已完成硅碳、硅氧负极技术储备，产品适配半固态、全固态电池体系，样品已送下游电池企业测试，持续推进客户认证。8.道氏技术自主气相法硅碳负极300吨产线逐步达产，依托自产碳纳米管原位包覆技术缓解硅体积膨胀，产品首次库仑效率≥87%；前沿材料协同布局，硅碳负极与固态电解质同步研发，面向高能量密度动力电池客户联合开发。9.孚能科技公开硅碳负极新专利：低温熔盐电解制备多孔硅碳负极，通过多孔前驱体+碳化改性优化结构，目标降低硅嵌脱锂膨胀效应，适配高硅体系半固态电池开发。10.力神电池对外披露高硅硅碳负极研发进展：采用CVD多孔硅碳+高弹性粘结剂方案，硅掺杂比例提升至30%，软包电芯循环寿命突破1000次；持续推进更高硅含量负极预研，配套下一代半固态电池。全球固态电池群04-码上入群点击阅读原文，即可报名参展！,,,,pending
锂电九点半丨工信部：废止和修订废旧动力电池梯次利用政策标准；小米龙甲电池正式发布；海辰落地首个西班牙项目,起点锂电,起点锂电,"RIOnews API, 新材料, 产品发布, 发布, 发布会, 上市, 对外发布, 合作进展, 战略合作, 投资, 合作, 收购, 海辰储能, 海辰, LG新能源, 储能, 储能系统, 电池包, 梯次利用, 电解液, 交付, 产能, GWh, 投产, 利润率, 欧洲工厂, 政策, 税收抵免, 快充, 落地, 爬坡",normal,2026-07-31T09:47:22+08:00,,7月31日（星期五）锂电九点半行业早新闻：1、工业和信息化部30日发布公告，废止《新能源汽车废旧动力电池综合利用行业规范条件(2024年本)》中“梯次利用”有关条款，不再开展“梯次利用”企业公告管理，将已公告的“梯次利用”企业移出符合新能源汽车废旧动力电池综合利用行业规范条件的企业名单，已公告的再生利用企业名单继续有效。2、7月30日晚间，在小米汽车技术发布会上，小米集团董事长雷军正式对外发布小米龙甲电池，这是一套由小米汽车主导的动力电池系统化解决方案，由小米负责产品定义、主导电池包设计开发、参与电芯设计开发、进行全流程质量管控。“小米龙甲电池安全标准超过国标。”雷军称。3、普利特：7月29日,http://mp.weixin.qq.com/s?__biz=MzI1MjEyODg2Mg==&mid=2649798189&idx=1&sn=969be0e17c53da6a9ef3d9b9cdc92fd3,,7月31日（星期五）锂电九点半行业早新闻：1、工业和信息化部30日发布公告，废止《新能源汽车废旧动力电池综合利用行业规范条件(2024年本)》中“梯次利用”有关条款，不再开展“梯次利用”企业公告管理，将已公告的“梯次利用”企业移出符合新能源汽车废旧动力电池综合利用行业规范条件的企业名单，已公告的再生利用企业名单继续有效。2、7月30日晚间，在小米汽车技术发布会上，小米集团董事长雷军正式对外发布小米龙甲电池，这是一套由小米汽车主导的动力电池系统化解决方案，由小米负责产品定义、主导电池包设计开发、参与电芯设计开发、进行全流程质量管控。“小米龙甲电池安全标准超过国标。”雷军称。3、普利特：7月29日,7月31日（星期五）锂电九点半行业早新闻：1、工业和信息化部30日发布公告，废止《新能源汽车废旧动力电池综合利用行业规范条件(2024年本)》中“梯次利用”有关条款，不再开展“梯次利用”企业公告管理，将已公告的“梯次利用”企业移出符合新能源汽车废旧动力电池综合利用行业规范条件的企业名单，已公告的再生利用企业名单继续有效。2、7月30日晚间，在小米汽车技术发布会上，小米集团董事长雷军正式对外发布小米龙甲电池，这是一套由小米汽车主导的动力电池系统化解决方案，由小米负责产品定义、主导电池包设计开发、参与电芯设计开发、进行全流程质量管控。“小米龙甲电池安全标准超过国标。”雷军称。3、普利特：7月29日公告，控股孙公司江苏海四达储能拟投建大方型先进电池产线升级改造项目，计划总投资约5亿元，新增2条高速自动化生产线，实现多种规格方形铝壳锂离子电池的共线兼容生产，项目全面投产后，将新增年产6GWh高性能方形锂离子电池的生产能力。4、一汽红旗：近日，红旗品牌联合中汽新能自主开发的超快充电池完成25℃充电性能测试。实测数据显示，该电池10%-70%SOC仅需3分41秒，10%-97%SOC仅需8分3秒。5、天赐材料：目前公司拥有年化3000吨的VC产能以及年化32000吨的VC纯化处理能力，基本满足公司年度纯化需求。对于原材料的价格上涨，目前公司电解液产品均能够进行传导。6、海辰储能：7月28日与欧洲头部可再生能源生产商Statkraft达成战略合作，将为其位于西班牙北部的蒙特斯·德·希尔索（Montes de Cierzo）风电场，交付6套标准化储能系统，单套容量达5.016MWh，项目整体储能容量可达30.1MWh。7、远东股份：发布关于处置部分资产的公告，公司控股孙公司江苏远东电池拟将部分资产处置给宁波精研、江苏吉厚。交易完成后公司预计分别增加归属于上市公司股东的净利润1348.21万元、1104.36万元，最终损益将根据实际成交结果，以年度会计师审计报告为准。8、壹石通：预计2026上半年实现营业收入4亿元-4.2亿元，同比增加47.33%-54.69%；净利润950万元-1400万元，同比扭亏为盈。分季度来看，壹石通一季度营收1.86亿元，净利润41.93万元，第二季度预计实现营收2.14亿元-2.34亿元，净利润908.07万元-1358.07万元。Q2净利润环比增长约2065.7%-3138.9%，最高增长31倍。9、赢合科技：近日收购昂华（上海）自动化工程股份有限公司，补齐锂电后段模组、PACK环节的核心能力。此次收购后，赢合科技完成从单机装备领先向全球一流整线解决方案的战略升级，实现锂电前、中、后段全工艺流程闭环。10、盛屯矿业：发布2026年半年度报告，公司上半年营业收入为192.6亿元，同比上升39.6%；归母净利润为18亿元，同比上升71.4%；扣非净利润为19.1亿元，同比上升64.6%。营业收入变动主要系铜产品价格较上年同期上涨，同时公司刚果（金）铜钴项目铜产品产量同比增长等。11、恒兴新材：7月29日公告，公司全资子公司山东衡兴新材料科技有限公司和江苏辰兴新材料科技有限公司拟分别启动项目建设。其中山东衡兴天然有机酯醛酸衍生物生产项目投资额约3亿元，建设期预计24个月，产品主要包括食品添加剂、替抗饲料添加剂、锂电池电解液溶剂等高附加值精细化工产品。12、LG新能源：第二季度合并营收达7.6万亿韩元，环比增长15.3%（含北美生产税收抵免2410亿韩元）；营业利润为1133亿韩元，营业利润率为1.5%。公司成功扭亏，主要得益于：圆柱形电动汽车电芯销售占比提升、欧洲工厂产能利用率持续改善、北美储能产量爬坡带来的固定成本压力逐步缓解。锂电交流群54—码上入群,,,,pending
继Nature之后，北大周欢萍再发Science！,材料人,材料人,"RIOnews API, 新材料, 碳, 钙钛矿, 前沿表征, 原位, 工况, 学术研究, 大学, 教授",normal,2026-07-31T09:45:00+08:00,,01【科学背景】钙钛矿太阳能电池（PSCs）兼具超高光电转换效率、低成本溶液加工、轻薄可柔性的优势，是新一代光伏体系的核心研究方向，被视作实现低成本碳中和光伏应用的突破性技术。但受限于钙钛矿本征晶格缺陷、界面钝化工艺与大面积模组制备的适配性难题，该电池的规模化商业落地始终受阻，行业发展遭遇显著瓶颈。当前钙钛矿光伏器件体系存在双重核心技术痛点，分别对应钙钛矿薄膜本征表面界面、模组激光划刻热影响区（HAZ）两大核心载流子损耗区域。传统溶液旋涂钝化体系难以匹配大面积钙钛矿薄膜的全域均匀钝化需求，制备过程中溶剂非可控挥发会引发钝化前驱体局部浓度剧烈起伏，最终造成薄膜表层氟元素分布、表面电学势场显著不均,http://mp.weixin.qq.com/s?__biz=MjM5ODcyMzk0Mg==&mid=2651241207&idx=1&sn=71e45431ddb59a9cfd8aee2cb7a28cb4,,01【科学背景】钙钛矿太阳能电池（PSCs）兼具超高光电转换效率、低成本溶液加工、轻薄可柔性的优势，是新一代光伏体系的核心研究方向，被视作实现低成本碳中和光伏应用的突破性技术。但受限于钙钛矿本征晶格缺陷、界面钝化工艺与大面积模组制备的适配性难题，该电池的规模化商业落地始终受阻，行业发展遭遇显著瓶颈。当前钙钛矿光伏器件体系存在双重核心技术痛点，分别对应钙钛矿薄膜本征表面界面、模组激光划刻热影响区（HAZ）两大核心载流子损耗区域。传统溶液旋涂钝化体系难以匹配大面积钙钛矿薄膜的全域均匀钝化需求，制备过程中溶剂非可控挥发会引发钝化前驱体局部浓度剧烈起伏，最终造成薄膜表层氟元素分布、表面电学势场显著不均,"01【科学背景】钙钛矿太阳能电池（PSCs）兼具超高光电转换效率、低成本溶液加工、轻薄可柔性的优势，是新一代光伏体系的核心研究方向，被视作实现低成本碳中和光伏应用的突破性技术。但受限于钙钛矿本征晶格缺陷、界面钝化工艺与大面积模组制备的适配性难题，该电池的规模化商业落地始终受阻，行业发展遭遇显著瓶颈。当前钙钛矿光伏器件体系存在双重核心技术痛点，分别对应钙钛矿薄膜本征表面界面、模组激光划刻热影响区（HAZ）两大核心载流子损耗区域。传统溶液旋涂钝化体系难以匹配大面积钙钛矿薄膜的全域均匀钝化需求，制备过程中溶剂非可控挥发会引发钝化前驱体局部浓度剧烈起伏，最终造成薄膜表层氟元素分布、表面电学势场显著不均，既加剧界面非辐射复合损耗、压低器件光电转换效率，还会导致大面积模组内各子电池性能大幅离散，无法满足工业化量产的一致性指标。而主流固相物理抛光、有机蒸汽气相钝化方案则难以适配模组集成制备工况：激光刻蚀构建串并联互连通道时会产生晶格破碎、缺陷富集的热损伤区域，现有钝化手段无法实现该区域陷阱态的深度修复，循环运行中持续引发载流子复合损耗，严重制约百平方厘米级钙钛矿模组的效率。02【创新成果】北京大学周欢萍教授研究团队提出了一种可规模化的等离子体钝化全新解决方案，通过在大面积钙钛矿薄膜表面原位发生化学反应，构筑具有高度均匀、连续且强界面结合的异质结构，实现高效界面钝化。基于该等离子体钝化工艺，团队制备出高效率、高稳定钙钛矿光电器件，小面积电池实现27.2%光电转换效率，85℃、1倍太阳光持续最大功率点追踪2000 h后仍保有98.1%初始效率；100 cm2（孔径面积65.05 cm²）模组达成24.0%光电转换效率，经中国计量科学研究院认证稳定效率23.1%，65℃光照1600 h后维持99.3%初始效率，且在紫外辐照、反向偏压、3000 h光暗昼夜循环、湿热老化等极端工况下均展现出色耐久性。相关研究成果以“Plasma surface engineering for efficient and stable perovskite solar cells and modules”为题发表于Science杂志，解决了高效率钙钛矿器件大面积制备均匀性差、模组热损伤区域难以钝化、长期运行稳定性不足的长期瓶颈。03【数据概览】图1、等离子体表面处理工艺的设计原理与初步验证© 2026 AAAS图2、界面缺陷消除与器件效率提升© 2026 AAAS图3、表面处理工艺的均匀性与钝化效果© 2026 AAAS图4、等离子体处理工艺面向大面积模组的应用实现与器件性能© 2026 AAAS图5、等离子体处理样品的稳定性评估© 2026 AAAS04【科学启迪】这项研究革新了软晶格钙钛矿半导体的界面钝化逻辑，构建物理抛光耦合原位氟化的等离子干法调控范式，依靠高键能Pb-F配位异质层同步抑制缺陷复合与离子迁移，为二维卤化物等同类低刚性离子半导体提供普适的界面处理思路。这项工作打破了小电池高效钝化难以适配大面积模组的瓶颈，提出薄膜表层与激光划线热影响区分区协同钝化的优化思路，指明钙钛矿模组产业化需兼顾两类界面缺陷。研究完整揭示氟化层化学键、晶格、防潮多重稳定机制，完善了长效光电器件界面设计的理论框架。同时验证无溶剂等离子工艺兼具量产均匀性与多工况稳定性优势，为光伏产线工艺转型提供可行方案。原文链接：Rundong Fan et al. ,Plasma surface engineering for efficient and stable perovskite solar cells and modules. Science 393,490-497 (2026).https://www.science.org/doi/10.1126/science.aeg1730本文由辞书供稿。投稿邮箱tougao@cailiaoren.com投稿以及内容合作可加微信cailiaorenVIP计算服务如果您希望开展计算工作，苦于没有合适的计算人才，也可以联系我们。5年以来，我们与入驻材料人平台的300余位计算顾问一起，共同服务了超过5000位客户，涵盖了包括VASP在内的多款软件以及第一性原理、分子动力学、有限元等领域。扫描添加客服微信",,,,pending
上海交通大学机械与动力工程学院张航课题组招聘博士生、硕士生、博士后、科研助理,材料人,材料人,"RIOnews API, 新材料, 碳, 新型电池, 空气电池, 长时储能, 液流电池, 学术研究, 大学, 教授, 期刊",normal,2026-07-31T09:45:00+08:00,,材料人网招聘系统免费发布材料类、化学类科研岗、技术岗方面的招聘信息，欢迎有招聘需求的课题组、企业HR前往发布。为了保证招聘信息的准确性，以学院、学校以及企业名义发布的招聘信息，账号需先经过认证。以课题组名义发布招聘信息，账号可不经过认证发布3条。所有招聘信息均不收取费用，并免费在材料人公众号上推介。上海交通大学机械与动力工程学院张航课题组联合赵长颖教授团队（国家特聘专家、上海交通大学讲席教授），长期面向博士后、硕博生及科研助理招募优秀人才。诚邀有志青年加盟，共同从事高水平创新科研。01【研究方向】1、热能转换与存储：热再生电化学循环、热电化学电池、热化学储热等；2、大规模储能系统：液流电池、金,http://mp.weixin.qq.com/s?__biz=MjM5ODcyMzk0Mg==&mid=2651241207&idx=3&sn=3b4599c477fff7b415868a6c7c46daf2,,材料人网招聘系统免费发布材料类、化学类科研岗、技术岗方面的招聘信息，欢迎有招聘需求的课题组、企业HR前往发布。为了保证招聘信息的准确性，以学院、学校以及企业名义发布的招聘信息，账号需先经过认证。以课题组名义发布招聘信息，账号可不经过认证发布3条。所有招聘信息均不收取费用，并免费在材料人公众号上推介。上海交通大学机械与动力工程学院张航课题组联合赵长颖教授团队（国家特聘专家、上海交通大学讲席教授），长期面向博士后、硕博生及科研助理招募优秀人才。诚邀有志青年加盟，共同从事高水平创新科研。01【研究方向】1、热能转换与存储：热再生电化学循环、热电化学电池、热化学储热等；2、大规模储能系统：液流电池、金,材料人网招聘系统免费发布材料类、化学类科研岗、技术岗方面的招聘信息，欢迎有招聘需求的课题组、企业HR前往发布。为了保证招聘信息的准确性，以学院、学校以及企业名义发布的招聘信息，账号需先经过认证。以课题组名义发布招聘信息，账号可不经过认证发布3条。所有招聘信息均不收取费用，并免费在材料人公众号上推介。上海交通大学机械与动力工程学院张航课题组联合赵长颖教授团队（国家特聘专家、上海交通大学讲席教授），长期面向博士后、硕博生及科研助理招募优秀人才。诚邀有志青年加盟，共同从事高水平创新科研。01【研究方向】1、热能转换与存储：热再生电化学循环、热电化学电池、热化学储热等；2、大规模储能系统：液流电池、金属空气电池等；3、电化学能量转换：二氧化碳捕获与转化、氢气制备与存储、废弃锂电池回收；4、电化学系统微纳多孔介质的传热传质。02【课题组负责人简介】张航，于2023年在新加坡国立大学获得博士学位，师从王庆教授，此后分别在新加坡国立大学与多伦多大学从事博士后研究工作，合作导师为David Sinton（加拿大工程院院士）与Aimy Bazylak（加拿大工程院院士），曾入选国家级海外高层次青年人才计划与上海市海外高层次青年人才计划，获得国家优秀自费留学生奖学金等奖项，并担任Carbon Neutrality、eScience、Nano Research Energy等期刊的青年编委。更多详细内容请参考主页：https://me.sjtu.edu.cn/teacher_directory1/zhanghang.html 03【岗位要求：博士生/硕士生/科研助理】1、工程热物理、电化学、材料、能源动力等相关专业优秀本科生毕业生或硕士研究生；有电化学能量转换与存储（如液流电池、水系电池、二氧化碳还原与捕获、水分解制氢等）、电化学热电器件（如热再生电化学循环、热电化学电池等）等研究经验者择优考虑；2、具有扎实的理论基础与实践操作能力，具备良好的英文水平和较强的科研潜力；在相关领域发表高水平论文，并对基础知识及前沿方向有较好把握者优先；3、具备团队合作精神与良好的学术道德与科研诚信。04【应聘条件：博士后】1、年龄不超过35周岁，已获得博士学位，或已通过博士学位论文答辩；2、具有工程热物理、电化学、材料、能源动力等相关学科或专业背景；3、有上述方向的研究基础，近3年内发表2篇以上高水平论文；4、具有严谨学术态度，敬业精神，团队合作意识和沟通协调能力。05【岗位待遇：博士后】1、基本年薪不低于24万元（税前），具体额度由合作导师与申请人协商确定。支持博士后在站期间申请国家和上海市相关博士后人才计划，获资助者就高享受相关待遇；2、提供良好的科研条件和充足稳定的经费支持；3、按照上海市和上海交通大学博士后管理政策办理有关落户事宜，享受社会保险、公积金等福利待遇；博士后出站留上海工作，配偶及子女可随迁落户；4、在站期间全职从事博士后研究，博士后研究工作满3年且取得优秀科研成果、满足我校长聘教轨要求者，通过评估后可获聘长聘教轨教职。06【联系方式】有意者请将简历发送至：zhang.hang@sjtu.edu.cn，请在标题中注明“博士生/硕士生/博士后/科研助理申请-姓名“。本招聘启事长期有效。,,,,pending
西安理工大学李喜飞教授&福州大学张久俊院士Materials Today：Al-Nb-O涂层衍生的双级锁氧结构抑制高截止电压下高镍正极的结构退化,材料人,材料人,"RIOnews API, 新材料, 高比能, 前沿表征, 原位, 固态电池, 新型电解液, 晶格氧, 钠离子电池, 学术研究, 大学, 教授, 科学院, 期刊",normal,2026-07-31T09:45:00+08:00,,01【研究背景】高镍层状氧化物正极材料（如NCM83）因其高能量密度而被视为下一代锂离子电池的关键材料，但在高电压下，严重的界面不稳定性和结构退化（尤其是晶格氧损失）严重阻碍了其工业化应用。现有单一改性策略（如体相掺杂或表面包覆）难以同时兼顾体相结构稳定与界面保护，因此开发一种既能实现均匀表面保护又能稳定近表面体相的双重改性技术具有重要的研究必要性和迫切性。02【研究内容】基于此，西安理工大学李喜飞教授联合福州大学张久俊院士在国际知名期刊Materials Today上发表题为“Al–Nb–O coating derived dual-level oxygen-locking structur,http://mp.weixin.qq.com/s?__biz=MjM5ODcyMzk0Mg==&mid=2651241207&idx=2&sn=e2a4d6ce659cda1540256ee29c07f965,,01【研究背景】高镍层状氧化物正极材料（如NCM83）因其高能量密度而被视为下一代锂离子电池的关键材料，但在高电压下，严重的界面不稳定性和结构退化（尤其是晶格氧损失）严重阻碍了其工业化应用。现有单一改性策略（如体相掺杂或表面包覆）难以同时兼顾体相结构稳定与界面保护，因此开发一种既能实现均匀表面保护又能稳定近表面体相的双重改性技术具有重要的研究必要性和迫切性。02【研究内容】基于此，西安理工大学李喜飞教授联合福州大学张久俊院士在国际知名期刊Materials Today上发表题为“Al–Nb–O coating derived dual-level oxygen-locking structur,"01【研究背景】高镍层状氧化物正极材料（如NCM83）因其高能量密度而被视为下一代锂离子电池的关键材料，但在高电压下，严重的界面不稳定性和结构退化（尤其是晶格氧损失）严重阻碍了其工业化应用。现有单一改性策略（如体相掺杂或表面包覆）难以同时兼顾体相结构稳定与界面保护，因此开发一种既能实现均匀表面保护又能稳定近表面体相的双重改性技术具有重要的研究必要性和迫切性。02【研究内容】基于此，西安理工大学李喜飞教授联合福州大学张久俊院士在国际知名期刊Materials Today上发表题为“Al–Nb–O coating derived dual-level oxygen-locking structure for suppressing structural degradation of high-nickel cathodes at high cut-off voltage”的研究论文。首次通过原子层沉积（ALD）技术在NCM83上均匀沉积Al-Nb-O双金属氧化物（ANO）涂层。随后的退火驱动Al和Nb离子的扩散，形成梯度掺杂层。在这种结构中，Al构建了高浓度掺杂网络，加强了基本的晶格键合，而Nb由于其高电荷特性，重新配置了局域电子环境并形成了强Nb-O键，实现了强氧锁定。这有效地减轻了晶格氧损失并抑制相关的结构退化，特别是在高电压（3.0-4.5 V）下。此外，ANO涂层减少了表面副反应，抑制过渡金属溶解，并减轻循环过程中颗粒内产生的应力。因此，NCM83@ANO正极表现出显着的容量保持率，在组装的半电池（1C/400次循环）中达到82.1%，在卤化物基全固态电池（1C/500次循环）中达到73.4%。这项研究提供了一种可扩展的改性策略和通过精确设计的多元素掺杂同时稳定体结构和界面化学的新视角。03【图文导读】图1、(a) NCM83@ANO-15的HRTEM图。(b, c) 深度剖析TOF-SIMS曲线及3D渲染图。(d) NCM83@ANO-15在不同深度下Nb 3d和Al 2p的深度XPS谱图。(e) NCM83和 (f) NCM83@ANO-15体相的HAADF-STEM图及FFT图。(g) NCM83和 (h) NCM83@ANO-15表面的HAADF-STEM图及相应的GPA图。(i) 3D彩色表面分布图。(j) NCM83@ANO-15的原子分辨率能量色散谱。图2、(a) Al和Nb取代不同位点的形成能。(b) NCM83和 (c) NCM83@ANO-15的XRD精修。(d) Ni 2p XPS谱图。(e) NCM83和NCM83@ANO-15正极的Ni K边XANES图。(f) R空间的FT-EXAFS图。(g) NCM83和NCM83@ANO-15材料的氧空位形成能及结构模型。(h) 氧释放示意图。(i) NCM83和NCM83@ANO-15的二维电荷差分图。(j) NCM83和NCM83@ANO-15的COHP曲线。图3、(a) NCM83和 (b) NCM83@ANO-15在前3次循环的CV曲线。(c) 循环性能。(d) 倍率容量及 (e) 不同倍率下的GCD曲线。(f) 1.0 C下的循环稳定性对比。(g) NCM83和 (h) NCM83@ANO-15在1.0 C下不同循环圈数的dQ/dV曲线。(i) NCM83和NCM83@ANO-15的平均放电电压。(j) NCM83和NCM83@ANO-15在3.0–4.5 V下的循环性能。图4、(a) NCM83@ANO-15的CV曲线及 (b) 相应的Ip−v1/2拟合图。(c) NCM83和NCM83@ANO-15循环前后的锂离子扩散系数。(d) NCM83和NCM83@ANO-15的原位EIS图及 (e) DRT结果。(f) NCM83和 (g) NCM83@ANO-15在不同循环后的Nyquist图。(h) NCM83和NCM83@ANO-15在不同循环后的Rct值。图5、(a) NCM83和 (b) NCM83@ANO-15在3.0–4.3 V电压范围、0.2 C倍率下的原位XRD图谱及各自的首次GCD曲线。(c) V、(d) c 轴和 (e) a 轴的变化。(f) NCM83和 (g) NCM83@ANO-15在1.0 C下循环200圈后的横截面SEM图像。图6、(a) NCM83和 (b) NCM83@ANO-15在不同电压状态下的非原位Ni K边XANES谱图。(c) FT-EXAFS谱图。(d) 深度充电状态下NCM83（左）和NCM83@ANO-15（右）的应力分布。(e) 循环前后NCM83和NCM83@ANO-15的EPR图。(f) O2和 (g) CO2的气体释放曲线。(h) NCM83和 (i) NCM83@ANO-15在1.0 C下循环200圈后的HRTEM图及FFT图。图7、(a) C2HO−、(b) PO2−和 (c) NiF3−物种的TOF-SIMS深度曲线。(d) NCM83和 (e) NCM83@ANO-15电极中C2HO−、PO2−和NiF3−的3D渲染浓度分布及化学成像。NCM83和NCM83@ANO-15电极循环100圈后的(f) Ni 2p、(g) P 2p和 (h) F 1s谱图。图8、(a) 以NCM83正极和石墨负极组装的全电池的循环稳定性及 (b) 倍率性能。(c) 所构建的全固态电池的循环性能。(d) ANO涂层改性NCM83正极的示意图。04【结论】总之，通过ALD技术和随后的退火，在NCM83正极上构建了结合Al/Nb梯度掺杂层的超薄Al−Nb−O双金属氧化物 (ANO) 涂层。这种双重调节机制显着增强了NCM83的电化学性能，特别是其循环稳定性。Al/Nb梯度掺杂可以有效抑制Li+/Ni2+阳离子混合，同时在高电压 (3.0–4.5 V) 下提供晶格氧的显着稳定性。同时，双金属掺杂形成更强的Al−O和Nb−O键，从而减轻晶格畸变并防止循环过程中层状结构的崩溃。此外，ANO涂层将正极表面与电解质侵蚀隔离，从而最大限度地减少表面副反应并抑制TM溶解。这些效应共同增强了NCM83正极的循环稳定性。对比研究表明，改性NCM83@ANO-15正极在400次循环后仍保持82.1%的容量保持率，显着超过原始NCM83的66.4%。表面涂层和梯度掺杂的双重调节机制被证明可以有效抑制高镍三元正极中的氧释放并保持稳定的循环。05【文献信息】Yuhui Xu, Xiaoxue Wang, Haocheng Wen, Lingkun Yang, Xuan Yang, Jiaxuan Zuo, Lulu Zhang, Jia Kang, Huaming Qian, Jianhua Zhang, Ming Li, Yukun Xi, Xuexia Song, Gaini Zhang, Jingjing Wang, Wenbin Li, Jiujun Zhang*, Xifei Li*, Al–Nb–O coating derived dual-level oxygen-locking structure for suppressing structural degradation of high-nickel cathodes at high cut-off voltage, Materials Today, 2026, 99, 103465. DOI: 10.1016/j.mattod.2026.103465.https://doi.org/10.1016/j.mattod.2026.103465 06【通讯作者简介】李喜飞，西安理工大学教授（二级）、博导，材料科学与工程学院院长，国家“万人计划”领军人才，国务院政府特殊津贴专家，从事锂/钠离子电池及关键材料的改性与应用研究，已发表SCI论文470余篇，包括ESI 高被引论文81篇，引用次数36000余次，H因子106。入选国家百千万人才工程、英国皇家化学会会士和科睿唯安“全球高被引科学家”（2018~至今）等，被授予国家有突出贡献中青年专家、全国石油和化工优秀科技工作者等，获陕西省科技进步一等奖（1/12）、陕西省自然科学二等奖（1/6）和中国石化联合会科学技术二等奖（1/10）等。担任国际电化学能源科学院副主席、中国内燃机学会燃料电池发动机分会副主任、中国石油与化工联合会化工新材料专委会副主任、国际期刊Electrochemical Energy Reviews（IF：51.2）执行主编和eChem副主编等，主持国家自然科学基金合作创新研究团队项目课题、国家自然基金面上项目和国家重点研发计划子课题等30余项科研项目，担任三秦英才特殊支持计划创全国一流团队等创新团队负责人。张久俊，中国工程院外籍院士、加拿大皇家科学院院士、加拿大工程院院士、加拿大工程研究院院士、中国化学会会士、中国化工学会会士、国际电化学学会会士、英国皇家化学会会士、国际先进材料协会会士、国际电化学能源科学院（IAOEES）主席、中国内燃机学会常务理事兼燃料电池发动机分会主任委员，现任福州大学教授、博导，福州大学材料科学与工程学院院长、福州大学新能源材料与工程研究院院长。张教授长期从事电化学能源存储和转换及其材料的研究和产业化应用开发，包括燃料电池、高比能二次电池、超级电容器、CO2电化学还原和水电解等。至今已发表论文及科技报告900余篇，编著书30本，书章节51篇，被引用11.8万多次（H-Index为150）。目前是Springer-nature《Electrochemical Energy Reviews》SCI期刊主编、CRC Press《Electrochemical Energy Storage and Conversion》丛书主编、KeAi Publishing《Green Energy & Environment》SCI期刊副主编、中国工程院院刊能源分刊《ENGINEERING Energy》期刊副主编、中国化学化工出版社大型丛书《电化学能源储存和转换》及《氢能技术》主编及多个国际期刊的编委。投稿邮箱tougao@cailiaoren.com投稿以及内容合作可加微信cailiaorenVIP",,,,pending
LG新能源上半年营收14.1万亿韩元！,电池社,电池社,"RIOnews API, 新材料, 电池材料, 碳, 高比能, 硅, 固态电池, 合作进展, 投资, 合作, 学术研究, 大学, 科学院, 研究所, 量产推进, 产能, 产线建设, 宁德时代, 鹏辉能源, LG新能源, LG Energy Solution, 磷酸铁锂, 铁锂, 大圆柱, 46系, 储能, ESS, 储能电芯, 储能系统, 系统集成, UPS, 电池包, 负极材料, 出货, 出货量, 交付, 装机, 装机量, 市占率, GWh, 生产基地, 投产, 订单, 利润率, 海外, 欧洲工厂, 本地化, 税收抵免, 发布, 推出, 快充, 实验室, 中试, 中试线, 量产, 落地, 爬坡",normal,2026-07-31T09:06:18+08:00,,7月30日，LG新能源正式发布2026年第二季度业绩报告。在储能系统（ESS）业务的强劲驱动下，公司整体保持稳健增长态势。当季合并营收达7.6万亿韩元，环比增长15.3%（含北美生产税收抵免2410亿韩元）；营业利润为1133亿韩元，营业利润率为1.5%。公司成功实现扭亏为盈，主要得益于三大因素：圆柱形电动汽车电芯销售占比提升、欧洲工厂产能利用率持续改善、北美储能产量爬坡带来的固定成本压力逐步缓解。2026年上半年，LG新能源累计实现营收14.1万亿韩元，同比增长10.5%。其中，储能业务通过海外生产基地的灵活调度，积极响应当地激增需求，收入同比大幅增长4.6倍，新签订单额突破3万亿韩元，对总,http://mp.weixin.qq.com/s?__biz=MzI5MDc1MjAzNQ==&mid=2247542815&idx=1&sn=27df4b019d7e443ba9b8c90881c3fc90,,7月30日，LG新能源正式发布2026年第二季度业绩报告。在储能系统（ESS）业务的强劲驱动下，公司整体保持稳健增长态势。当季合并营收达7.6万亿韩元，环比增长15.3%（含北美生产税收抵免2410亿韩元）；营业利润为1133亿韩元，营业利润率为1.5%。公司成功实现扭亏为盈，主要得益于三大因素：圆柱形电动汽车电芯销售占比提升、欧洲工厂产能利用率持续改善、北美储能产量爬坡带来的固定成本压力逐步缓解。2026年上半年，LG新能源累计实现营收14.1万亿韩元，同比增长10.5%。其中，储能业务通过海外生产基地的灵活调度，积极响应当地激增需求，收入同比大幅增长4.6倍，新签订单额突破3万亿韩元，对总,"7月30日，LG新能源正式发布2026年第二季度业绩报告。在储能系统（ESS）业务的强劲驱动下，公司整体保持稳健增长态势。当季合并营收达7.6万亿韩元，环比增长15.3%（含北美生产税收抵免2410亿韩元）；营业利润为1133亿韩元，营业利润率为1.5%。公司成功实现扭亏为盈，主要得益于三大因素：圆柱形电动汽车电芯销售占比提升、欧洲工厂产能利用率持续改善、北美储能产量爬坡带来的固定成本压力逐步缓解。2026年上半年，LG新能源累计实现营收14.1万亿韩元，同比增长10.5%。其中，储能业务通过海外生产基地的灵活调度，积极响应当地激增需求，收入同比大幅增长4.6倍，新签订单额突破3万亿韩元，对总营收的贡献占比超20%。产能方面，与通用汽车合资的Ultium Cells产线，以及携手本田设立的L-H Battery工厂，均已成功启动储能电芯量产。电动汽车领域，上半年中低价位电芯产品在电池包总销量中占比超过30%，包括46系列在内的圆柱形电池出货量同比提升1.5倍。至此，公司已连续三个季度实现出货量环比增长，欧洲及亚洲工厂的产能利用率获得显著改善。据了解，在储能方面，LG新能源2026年拿下多个客户。今年2月，LG新能源与韩国韩华集团美国子公司Qcells达成协议，将为其供应5GWh储能电池，交付周期为2028年至2030年，相关产品将由美国密歇根州霍兰德工厂负责生产。5月，LG新能源与美国密歇根州最大综合能源企业DTE能源达成储能系统供应协议，将在未来两年为其提供总计6GWh的储能电池产品，订单总价值高达16亿美元（约合人民币108亿元）；7月，LG新能源宣布将为谷歌太阳能与储能项目供应电池，该项目为谷歌规模最大的“光储一体”项目，初期将配置1.6GW的太阳能发电与约2GWh的电池储能系统；到2029年规模将扩大至2.5GW太阳能发电和2.9GWh储能容量。此外，7月3日消息显示，LG新能源与本田汽车的合资企业L-H电池公司运营的电池工厂，已于7月初开始生产储能系统电池。这些电池将由LG Energy Solution Vertech（LG的北美储能系统集成子公司）供应，用于美国各地的电网、商业、工业和住宅储能系统。据悉，由于北美地区对储能系统（ESS）电池的需求激增，LG新能源正在扩大该地区的储能系统电池产能。LG新能源在北美地区共计拥有3家全资工厂，以及5家与其他合作伙伴共同拥有的工厂。其中，位于密歇根州霍兰市的工厂，与Stellantis在加拿大的合资工厂，这两家工厂正在积极生产用于储能系统的磷酸铁锂电池。截至去年底，LG新能源已确保超过140GWh的ESS累计订单，计划今年年底将ESS生产能力至少提高到60GWh，其中北美地区产能将达50GWh。动力方面，今年1-5月，LG新能源全球动力电池装机量为41GWh，同比仅增长7.3%，增速远远低于16.3%的行业平均水平，市占率从去年同期的9.5%下滑至8.7%。值得一提的是，7月9日，据韩媒THE ELEC报道，LG新能源将于2026年内启用位于中国南京的9号工厂，主要用于承接特斯拉等下游客户的圆柱电池订单，匹配快速增长的市场需求。据了解，LG新能源南京9号工厂已于两三年前建成，目前配备2条生产线，单条产线初期年产能约2GWh，此前始终未正式投产运营。按照规划，这两条生产线将于2026年下半年正式投产，后续公司还将分阶段新增产线，工厂总产能预计将提升至10GWh以上。目前，LG新能源已凭借46系列大圆柱电池拿下多家主流车企订单，合作客户覆盖特斯拉、宝马、梅赛德斯-奔驰、Rivian等海外车企，同时与中国奇瑞汽车达成6年8GWh的电池长期供应合作，海内外市场布局持续落地。对于市场趋势与方向，LG新能源表示，在储能系统赛道，电力需求持续上行，叠加人工智能基础设施的大规模投资，推动表前（FTM）与表后（BTM）两大市场同步扩容。储能系统已成为平抑电力负荷波动的关键枢纽，而不间断电源（UPS）与后备电池单元（BBU）更跃升为数据中心的标配组件，储能应用场景正在快速拓展。LG新能源将巩固储能领域的领先优势，强化面向电网侧与数据中心侧的产品矩阵，同时不断提升系统集成能力，为更多客户提供从电芯供应到软件管理的端到端一体化解决方案。在电动汽车领域，随着热安全监管日趋严格，下一代车型加速拥抱结构电池一体化设计，46系列圆柱电池需求显著增大。LG新能源将依托全球化制造网络，推进46系列电芯的本地化供应，并以多元化产品组合赋予客户更灵活的车型设计空间。技术层面，将加快10分钟超快充及电池包安全增强等创新方案的落地。关于下半年的计划，LG新能源披露，储能领域将优化工厂运营效率，提升盈利水平；持续锁定可再生能源配套储能及数据中心基础设施项目，巩固订单增长势头。电动汽车领域，推进亚利桑那工厂投产准备，保障北美及欧洲电动汽车电池包产线的稳定运转；积极争取46系列圆柱电池新增订单，并强化中镍产品市场竞争力。前沿技术领域，推出高功率2170电池，加速钠离子储能电池的产品开发与产线建设，同时搭建采用干法电极工艺的全固态电池中试线。会议议程会议时间、地点会议时间：2026年8月19日上午10点签到，下午2点开始多孔炭材料小班课培训 8月20日全天会议 8月21日上午半天会议会议地点：常熟龙腾希尔顿酒店单早420元/间，双早450元/间。请扫码预定。会议天气交通参考会议酒店：常熟龙腾希尔顿酒店交通参考：✈️ 机场落地距离最近的是苏南硕放国际机场（无锡），其次为上海虹桥国际机场。可根据落地机场选择以下方式：1. 苏南硕放国际机场距酒店约40-45公里，驾车约60分钟。机场城际班车或苏汽直通车。2. 上海虹桥国际机场（SHA）距酒店约90-99公里，驾车约90分钟。3. 上海浦东国际机场（PVG）距酒店约140公里，驾车需2小时以上。 高铁到站首选站点：常熟站距酒店约8公里，打车/驾车约15分钟。可乘坐常熟公交12路，约50分钟可达酒店附近。备选站点：苏州北站若直达常熟站车次不便，可到苏州北站再中转。距酒店约32公里，驾车约40分钟第三届硅负极用多孔炭材料技术研讨会 将于 2026 年 8 月 19-21 日在江苏常熟举办，本次大会参会规模获将创新高，截至目前累计 200 家产业链企业报名参会。覆盖电池，负极材料、硅源碳前驱体、CVD 热工装备、粉体深加工、精密检测仪器、高纯特气、磁电除杂、石墨耗材、第三方检测全细分赛道。本次大会目前已有30位报告嘉宾。目前会务组正补充电池企业报告，欢迎大家帮忙推荐。目前已有53家展商，其中材料企业有15家，材料厂家占比三分之一：正望/兴业/圣泉/格源/联创锂能/中宁硅业/银硅科技/木林森/阿佩克斯/伟杰石墨/苏州铭隆/青昀新材/浦士达/湖北宜硅/河北瑞碳。客户已全部就位！设备厂商请抓紧机会！ 江苏 常熟 —— 8.19-212026 第三届硅负极用多孔炭材料技术研讨会 01 0元参会：免费参加，无用餐 02 600元/人：含3顿自助，1次晚宴 03 企业参观：参观博涛热工 04 5千元现金奖励：评选墙报 会议组织 ▼ 主办单位：江苏博涛智能热工股份有限公司材能时代联合主办单位：百辐网晚宴冠名单位：江苏博涛智能热工股份有限公司协办单位：东莞市志远高热机械科技有限公司山东圣泉新能源科技有限公司青岛正望新材料股份有限公司丹东百特仪器有限公司理化联科(北京)仪器科技有限公司广州森波化工科技有限公司深圳市美格真空科技有限公司研创测控技术(福州)有限公司苏州纽姆特纳米科技有限公司林德气体(上海)有限公司中建材（陕西）新材料装备有限公司山东埃尔派粉体科技股份有限公司/山东贝亿特科技有限公司征集中…… 参展单位：佛山市赛普飞特科技有限公司潍坊精华粉体科技股份有限公司潍坊追日磁电科技有限公司株洲众亿科技有限公司合肥恒力装备有限公司山东华特磁电集团股份有限公司苏州兴业材料科技股份有限公司浙江格源新材料科技有限公司浙江中宁硅业股份有限公司银硅(宁波)科技有限公司湖北宜硅新材料有限公司洛阳联创锂能科技有限公司贵州华睿新材料科技有限公司江苏微普纳米科技有限公司江苏青昀碳基创新材料有限公司深圳沃飞科技有限公司青岛优明科粉体机械有限公司苏州铭隆新材料有限公司常州市龙鑫智能装备股份有限公司江苏尚金干燥科技有限公司苏州孚然德实验设备有限公司玉环比得宝气阀有限公司江苏浦士达环保科技股份有限公司青岛伟杰石墨有限公司广东智子智能技术有限公司浙江阿佩克斯能源科技有限公司上海韵申新能源科技有限公司木林森活性炭江苏有限公司Alicat株洲和创中高频设备有限公司中碳（江苏）检测有限公司上海汇选机电设备有限公司常州天马粉体科技有限公司上海洁安流体科技有限公司江苏亮果金属制品有限公司河北瑞碳新能源科技有限公司北京韫茂科技有限公司临朐华邦重工设备有限公司东莞市科路得新能源科技有限公司福建龙亿粉体装备制造有限公司征集中……时间安排：会议酒店：常熟龙腾希尔顿酒店单标间同价,单早420元/间，双早450元/间 会议招商 ▼ 演讲报告▂▂20分钟大会报告演讲宣传。挂绳宣传▂▂参会证件挂绳独家定制、人人佩戴，全程品牌展示。手提袋广告▂▂全场参会资料袋独家冠名，随身流动广告，全程高频曝光；饮用水广告▂▂全场饮用水瓶身定制企业宣传，全天候场景化植入；展位宣传▂▂产品展示宣传的最佳选择。多种宣传方式可进行选择，有需求请联系会务组 报名费用 ▼ 若用餐600元/人，不用餐无费用 账户信息：账户名称:深圳材能时代数字科技有限公司账户号码:41023500040057558开户银行:中国农业银行股份有限公司深圳坑梓支行税号：91440300MAE4G8PT1Q地址：深圳市坪山区坑梓街道秀新区吉康路45-1银行行号：103584002359汇款用途 ：会议费或技术服务费开票注意事项：如果需要增值税专用发票， 请提供单位名称 、税号 、地址 、 电话 、 开户行 、账号。接受邮箱:caineng9959@163.com。 墙报征集 ▼ 重磅奖项设置 本次研讨会将采用墙报展示这一重要学术交流形式。墙报要求直观呈现核心研究成果，辅以简洁明了的文字说明，使参会者能够在短时间内迅速掌握研究要点与结论，本次特设丰厚现金奖，无报名费，诚意满满邀请来参赛！本次墙报奖金由志远高热赞助，感谢志远高热的大力支持！ 一等奖：5000 元 二等奖：3000 元 三等奖：1000 元尺寸要求 每篇墙报论文限一个展板，尺寸:宽x高=90cmx120cm，自行设计。截止日期：于8月10号前发送至邮箱：caineng9959@163.com评奖：评奖时间为8月21日上午，本次评选仅针对在校学生，企业单位不参与此次评选 已报名企业 ▼ 以下为报名参会单位：绝无虚假浙江研一新能源科技有限公司北京诺芯科技有限公司上海衡谱科技有限公司山西新华防化装备研究院有限公司江苏博云创投待成立东瑞盛碳材料有限公司怀柔实验室新能源科技有限公司苏州纽迈分析仪器股份有限公司深圳耀石锂电科技有限公司江西欣荣锂电材料有限公司黄山极炭新能源材料科技有限公司黄山极炭新能源材料科技有限公司沈阳市金恒基化工有限公司宁波澜能碳科新材料科技有限公司博云创投江苏新亚森生物质燃料股份公司浙江自立高分子化工材料有限公司苏州弗兰特智能装备有限公司郭氏集团四川津大坩埚，金大碳素公司意尔孚新材料（江苏）宁德时代华友钴业有限公司森松江苏重工有限公司河北瑞碳新能源科技有限公司西安蓝晓科技新材料股份有限公司沃尔森廊坊控制系统设备有限公司江苏海洋大学广西绿循环新材料有限公司GCL Solar Materials US苏州大学成都福骋投资有限公司江苏贝尔机械张家港保税区梵创产业发展有限公司湖南金博碳素股份有限公司杭州嘉帆包装制品有限公司北京林业大学岳阳兴长石化股份有限公司华阳聚慧青岛山海先导装备科技有限公司中石化大连石油化工研究院吉林省熙皓碳业科技有限公司清陶能源时代华景天鹏电源新中能源公司华阳聚慧江苏固芯能源科技有限公司北烯科技兰溪致德新能源材料有限公司江苏正旭企新材料有限公司青岛山海先导装备科技有限公司中石化大连石油化工研究院吉林省熙皓碳业科技有限公司湖南荣炭科技有限公司吉林省熙皓炭业科技有限公司济南圣泉集团股份有限公司吉林省熙皓炭业科技有限公司意尔孚新材料蚌埠吉孚力新材料科技有限公司久钠能源科技（南通）有限公司浙江科技大学潍坊追日磁电科技有限公司厦门理工学院广州重华化工有限公司丹东百特仪器有限公司青岛华世洁新材料科技集团股份有限公司广东新开能环境科技有限公司成都源碳新材料有限公司江西科技学院中国科学院深圳先进技术研究院苏州瑞技利机电科技有限公司河南万贯实业有限公司天目先导电池材料科技股份有限公司江苏苏珞珈雅科比环境材料科技（天津）有限公司宜兴市东山新型材料有限公司中科合肥煤气化技术有限公司上海衡谱科技有限公司杭州沃原生物质能源科技有限公司天能深圳市华明胜科技有限公司深圳索理德新材料科技有限公司青岛福金石墨有限公司强牛兴旺上海自动化设备有限公司炭衍科技服务（无锡）有限公司南昌大学湖州宏道制动系统有限公司郑州市嵩博高温材料有限公司上海玄电新材料上海森永工程设备股份有限公司中山大学合肥国家科学中心四川纳维时代科技有限公司宜兴东山新材料有限公司山东大学台州市金博新材料有限公司固芯能源广东新开能环境科技有限公司浙江明日和顺新材料科技有限公司上海证券有限责任公司厦门一为超材料科技有限公司湖南省正源储能材料与器件研究所厦门海湾化工有效公司上海迈拓尔特种气体有限公司石家庄学院保定顺盈新能源有限公司浙江自立高分子化工材料意尔孚化学（上海）上海迈拓尔特种气体有限公司青岛福金石墨有限公司西北大学杉杉科技研究院北京北炭科技有限公司福建龙亿粉体装备固安海若斯新材料科技有限公司安徽孔源特科技有限公司容创未来（天津）新能源有限公司南京信息工程大学河北亿象新材料科技有限公司南京维摩科技有限公司上海市翔丰华科技股份有限公司长沙理工大学临朐华邦重工设备有限公司天之棋（上海）材料科技有限公司湖南省正源储能材料与器件研究所杭州和利时自动化有限公司杭州师范大学宜宾市高县驻长三角招商分局湖北兴发化工集团股份有限公司江苏贝尔机械股份有限公司江苏正旭企新材料有限公司苏州碳创新材料技术开发有限公司常州市龙鑫智能装备股份有限公司湖州劲钠新能源科技有限公司苏州粉泰克粉体工程技术有限公司研矽光电沈阳盛源新材料上海儒特机电设备有限公司扬州大邦科技有限公司陕西智科祥达科技有限公司硅源新能常州硅源新能材料有限公司鑫诺化工(深圳)有限公司江苏昆山上海汇化实业有限公司银硅（宁波）科技有限公司联泓新材料研究院浙江格源新材料科技有限公司苏州苏锂新材料科技有限公司浙江启源新材料有限公司Alicat炭衍科技服务（无锡）有限公司昌邑森汇新材料有限公司天津理工中屹慧启（上海）科技有限公司杭州嘉帆包装制品有限公司广东汇京智能装备有限公司:强牛兴旺(上海)自动化设备有限公司维坊精华粉体科技股份有限公司青岛芯笙微纳电子科技有限公司江苏博涛智能热工股份有限公司百辐网东莞市志远高热机械科技有限公司山东圣泉新能源科技有限公司青岛正望新材料股份有限公司丹东百特仪器有限公司理化联科(北京)仪器科技有限公司广州森波化工科技有限公司深圳市美格真空科技有限公司研创测控技术(福州)有限公司苏州纽姆特纳米科技有限公司林德气体(上海)有限公司中建材（陕西）新材料装备有限公司山东埃尔派粉体科技股份有限公司山东贝亿特科技有限公司佛山市赛普飞特科技有限公司潍坊精华粉体科技股份有限公司潍坊追日磁电科技有限公司株洲众亿科技有限公司合肥恒力装备有限公司山东华特磁电集团股份有限公司苏州兴业材料科技股份有限公司浙江格源新材料科技有限公司浙江中宁硅业股份有限公司银硅(宁波)科技有限公司湖北宜硅新材料有限公司洛阳联创锂能科技有限公司贵州华睿新材料科技有限公司江苏微普纳米科技有限公司江苏青昀碳基创新材料有限公司深圳沃飞科技有限公司青岛优明科粉体机械有限公司苏州铭隆新材料有限公司常州市龙鑫智能装备股份有限公司江苏尚金干燥科技有限公司苏州孚然德实验设备有限公司玉环比得宝气阀有限公司江苏浦士达环保科技股份有限公司青岛伟杰石墨有限公司广东智子智能技术有限公司浙江阿佩克斯能源科技有限公司上海韵申新能源科技有限公司广东工业大学木林森活性炭江苏有限公司中国科学院山西煤炭化学研究所Alicat佛山大学江苏新超合金科技有限公司内蒙古大学株洲和创中高频设备有限公司江西赣锋锂电科技股份有限公司中碳（江苏）检测有限公司浙江金羽新能源科技有限公司上海汇选机电设备有限公司常州天马粉体科技有限公司西安陕煤泾久新能源科技有限公司博赛利斯（南京）有限公司安徽壹金新能源科技有限公司 广州鹏辉能源科技股份有限公司山东海科创新研究院有限公司浙江阿佩克斯能源科技有限公司天津工业大学太原理工大学宁波物科金硅新材料科技有限责任公司浙江领硅科技有限公司厦门高容纳米新材料科技有限公司陕西晶泰新能源科技有限公司湖南索理德新材料科技有限公司宝武碳业科技股份有限公司欢迎大家报名参会！ 会务组联系方式 ▼ 参会 、参展 、 宣传及赞助事宜 联 系 人： 赵丽联系电话： ***********（微信同号）邮箱 ：caineng9959@163.com联系人：刘冬华联系电话： ***********（微信同号）邮箱 ：caineng3000@163.com报名后请联系赵女士***********（微信同号）—请扫码报名—材料+能源领域一站式服务平台！",,,,pending
高能数造全固态电池湿法实验线 | 全链路核心工艺技术突破赋能,电池中国,电池中国,"RIOnews API, 新材料, 粘结剂, 聚合物, 前沿表征, 原位, 固态电池, 技术进展, 技术突破, 制备工艺, 可靠性, 政策, 推出",normal,2026-07-31T09:00:00+08:00,,伴随国家新能源政策的支持以及各大新势力车企的密集涌入，国内全固态电池产业化进程明显提速。在硫化物固态电池这一主流技术路线上，干法工艺凭借无溶剂特性及广泛的材料兼容性代表着前沿制造方向，但湿法路线凭借极高的工艺成熟度与成熟的供应链体系，依然是当前全固态电池研发阶段不可或缺的 “基本盘”。二者并非替代关系，而是服务于不同研发阶段、不同材料体系的并行路径。对于高校、科研院所及初创企业等研发主体而言，一套完整的湿法实验线通常需要覆盖匀浆制备、精密涂布、辊压、极片裁切等基础工序，以此完成材料体系验证、基础工艺参数调试等核心研发工作。但传统湿法设备多沿用液态电池的技术逻辑，在适配硫化物电解质体系时普遍存在,http://mp.weixin.qq.com/s?__biz=MzA3MzY0OTIzMQ==&mid=2661849927&idx=1&sn=2b5e9ba35f66cb4a7630125c19f1454a,,伴随国家新能源政策的支持以及各大新势力车企的密集涌入，国内全固态电池产业化进程明显提速。在硫化物固态电池这一主流技术路线上，干法工艺凭借无溶剂特性及广泛的材料兼容性代表着前沿制造方向，但湿法路线凭借极高的工艺成熟度与成熟的供应链体系，依然是当前全固态电池研发阶段不可或缺的 “基本盘”。二者并非替代关系，而是服务于不同研发阶段、不同材料体系的并行路径。对于高校、科研院所及初创企业等研发主体而言，一套完整的湿法实验线通常需要覆盖匀浆制备、精密涂布、辊压、极片裁切等基础工序，以此完成材料体系验证、基础工艺参数调试等核心研发工作。但传统湿法设备多沿用液态电池的技术逻辑，在适配硫化物电解质体系时普遍存在,"伴随国家新能源政策的支持以及各大新势力车企的密集涌入，国内全固态电池产业化进程明显提速。在硫化物固态电池这一主流技术路线上，干法工艺凭借无溶剂特性及广泛的材料兼容性代表着前沿制造方向，但湿法路线凭借极高的工艺成熟度与成熟的供应链体系，依然是当前全固态电池研发阶段不可或缺的 “基本盘”。二者并非替代关系，而是服务于不同研发阶段、不同材料体系的并行路径。对于高校、科研院所及初创企业等研发主体而言，一套完整的湿法实验线通常需要覆盖匀浆制备、精密涂布、辊压、极片裁切等基础工序，以此完成材料体系验证、基础工艺参数调试等核心研发工作。但传统湿法设备多沿用液态电池的技术逻辑，在适配硫化物电解质体系时普遍存在对溶剂、粘结剂、湿度极度敏感，成膜针孔多、固固界面接触不良、叠片制程短路风险高等痛点，研发良率与数据可靠性难以保障。行业亟需一套真正适配硫化物特性的湿法解决方案 —— 不止是设备的堆砌，更是工艺与装备的深度协同。高能数造湿法实验线：核心工艺技术突破赋能高能数造基于 “装备+ 工艺深度协同” 的底层研发逻辑，推出的湿法工艺实验线一体化解决方案：一方面完整覆盖匀浆、涂布、辊压、裁切等湿法基础实验工序，兼容主流材料体系的常规研发需求，保障研发通用性与数据可靠性；另一方面针对硫化物体系的制程痛点，集成电解质专用涂布机、电解质高效转印、高精度 3D 打印原位层叠、绝缘胶框打印等自有核心技术，实现从 “能做湿法实验” 到 “做好硫化物湿法研发” 的升级。1️⃣ 电解质层的高效转印技术其湿法实验线搭载高能数造自研的实验级成膜复合一体化辊压核心设备。该设备依托高能数造多年 “工艺 + 装备” 深度协同的研发沉淀，以及硫化物体系电芯制备的大量工程验证经验正向开发，可实现电解质层的高精度高效转印：以高精度控制将电解质材料原位转印至极片活性表面，使电解质与活性物质形成连续无间隙的界面结合，优化固固界面接触、减小阻抗，大幅提升离子传输效率。同时，该设备可兼容负极补锂工艺需求。2️⃣ 高精度3D打印原位层叠技术 作为国内首个将 3D 打印技术应用于全固态电池领域的企业，高能数造在湿法实验线中集成了另一项颠覆性工艺能力 —— 高精度 3D 打印（原位层叠）技术。高能数造自研的高精度3D打印设备，能够将单层或多层电解质原位连续打印在正/负极表面，实现电解质与电极的一体化成型。超薄电解质膜制备能力：已实现超薄聚合物电解质膜（10μm以下）、复合电解质膜（20μm以下）、硫化物电解质膜（30μm以下）的打印制备固固界面阻抗大幅降低：通过在电极表面原位打印电解质，有效改善正负极与电解质间固固界面相容性差的问题，确保离子有效传输，从根源破解界面阻抗难题。3️⃣ 绝缘胶框打印技术 全固态电池引入等静压工艺虽能提升致密度，但叠片、等静压过程中极片易发生变形，进而引发短路风险。高能数造依托自研高精度 3D 打印设备推出绝缘胶框打印工艺：通过高精度打印控制系统，在极片边缘或电解质表面精准打印回形绝缘胶框，兼具结构支撑、正负极物理隔离与水汽阻隔作用，从制程端降低内短路风险。高精度打印控制可实现胶框平整成型与堆叠对位一致性控制，补偿正负极尺寸公差、保障叠片平整度，从根源避免等静压阶段电解质膜翻折破损，稳定电芯制程良率与运行安全性。微米级制造+广泛材料适配具备微米级精准制造能力，胶框与极片边界贴合度高；3D 打印工艺材料兼容性优异，可适配多种框胶材料，满足氧化物、卤化物、硫化物等不同电解质体系需求。湿法与干法，不是替代，是互补电池制造的技术演进，从来不是""新的完全取代旧的""，而是""新的拓展边界，旧的夯实基础""。干法代表未来方向，湿法仍是当下最成熟、最通用、最可靠的研发平台。对于高校、科研院所及初创企业等研发型客户而言，一套工艺成熟、装备可靠、覆盖全链条的湿法实验线，是快速验证材料体系、迭代电芯设计、缩短研发周期的最优选择。高能数造湿法实验线，不只是设备的堆砌，而是 ""工艺 + 装备"" 深度协同的一体化解决方案 —— 让硫化物湿法成膜，从 ""能做"" 到 ""做好""。如果您正在规划全固态电池产线布局建设，或希望了解更多固态电池制备工艺方案，欢迎后台联系高能数造团队，获取专属产线配置方案。电池中国网相关业务联系 媒体宣传咨询 联系人：吴女士 手机：(86)***********（微信同号）邮箱：wulijuan@cbea.com 稿件咨询 联系人：闫先生 手机：(86)***********（微信同号）邮箱：yanzhigang@cbea.com 研究报告咨询 联系人：杜女士 手机：(86)***********（微信同号）邮箱：ducongcong@cbea.com 行业会议咨询 联系人：吴先生 手机：(86)***********（微信同号）邮箱：wumingshan@cbea.com联系人：吴女士 手机：(86)***********(微信同号)邮箱：wuke@cbea.com点击阅读原文，查看更多消息！阅读原文湿法路线凭借极高的工艺成熟度与成熟的供应链体系，依然是当前全固态电池研发阶段不可或缺的 “基本盘”。",,,,pending
-40℃，循环4000圈，所有审稿人一致认同！支春义团队今年已发7篇Nature子刊！,电解质前沿,电解质前沿,"RIOnews API, 新型电解液, 凝胶, 电解液, 学术研究, 大学, 教授",normal,2026-07-31T09:00:00+08:00,,近日，香港城市大学支春义教授在《Nature Communications》上连续发表论文。值得注意的是，这也是支春义教授2026年在《Nature Communications》上发表的第6、7篇论文。更有趣的是，两篇研究均得到了审稿人一致的认可。其中，以《Enabling high-voltage aqueous dual-ion batteries capable of working at -40℃ in a low-concentration salt electrolyte》为题的研究论文，得到了三位审稿人一致的认可。审稿人1认为：文章描述了一种富含小偶极分子的水凝胶电解液，其在-,http://mp.weixin.qq.com/s?__biz=Mzg4MDg2ODUxMw==&mid=2247528449&idx=1&sn=241770a020b61733ae1a3370424b9567,,近日，香港城市大学支春义教授在《Nature Communications》上连续发表论文。值得注意的是，这也是支春义教授2026年在《Nature Communications》上发表的第6、7篇论文。更有趣的是，两篇研究均得到了审稿人一致的认可。其中，以《Enabling high-voltage aqueous dual-ion batteries capable of working at -40℃ in a low-concentration salt electrolyte》为题的研究论文，得到了三位审稿人一致的认可。审稿人1认为：文章描述了一种富含小偶极分子的水凝胶电解液，其在-,"近日，香港城市大学支春义教授在《Nature Communications》上连续发表论文。值得注意的是，这也是支春义教授2026年在《Nature Communications》上发表的第6、7篇论文。更有趣的是，两篇研究均得到了审稿人一致的认可。其中，以《Enabling high-voltage aqueous dual-ion batteries capable of working at -40℃ in a low-concentration salt electrolyte》为题的研究论文，得到了三位审稿人一致的认可。审稿人1认为：文章描述了一种富含小偶极分子的水凝胶电解液，其在-40℃时的电化学稳定窗口（ESW）扩展至约4.6 V，从而实现了基于高压扫描技术的低浓度盐电解液中高电压水系双离子电池。基于TFSI-插层机制组装的ADIBs在-20℃时表现出1.9 V、-40℃时表现出1.7 V的高放电平台，并具有595 Wh kg-1的比能量。与以往报道相比，基于该富小偶极分子水凝胶电解液组装的PTCDI||G电池展现出成本效益高、能量密度大以及优异的低温耐受性。本工作对《自然·通讯》而言是一项非常重要的贡献。审稿人2认为：该手稿报道了一种富含SDM的水凝胶电解液的设计，其在宽温度范围内实现了3.1-4.6 V的扩展电化学稳定窗口。值得注意的是，在-40°C下，这种水凝胶电解液使水系PTCDI||G电池能够以低成本实现高电压和高比容量，具有广泛的应用前景。审稿人3认为：双离子电池已研究多年。阴离子嵌入石墨正极电池是一个值得关注的领域，尤其对有机电池系统而言更是如此。本研究主要聚焦于水系高压双离子电池，这一方向具有重要性和吸引力。低温耐受性水凝胶电解液解决了低浓度和高浓度盐电解液存在的问题，对水凝胶的设计具有指导意义。以《Balanced electrochemical reaction kinetics and mass transfer for stable zinc negative electrode》为题的研究论文，同样得到了三位审稿人一致的认可。审稿人1认为：本研究考察了一系列尿素衍生物在稳定锌负极方面的作用。通过系统研究具有相似官能团的多种尿素衍生物，作者发现尽管大分子可显著降低Zn2+的电化学还原速率，但其对传质的负面影响不可忽视。实现这两者之间更优的平衡对于均匀的锌沉积和抑制枝晶生长至关重要。此外，作者提出了一种无量纲常数K，用于定量描述电化学动力学与传质之间的平衡关系，为电解液设计提供了新的理论支持。该工作极具原创性，为电解液开发提供了理论洞见和实用指导。本论文结构严谨，内容全面。审稿人2认为：作者系统地研究了一系列尿素衍生物及其对锌枝晶生长的影响，发现合理的电化学反应速率与离子传输速率能够有效抑制枝晶的形成。此外，基于枝晶生长的基本机制，作者提出了一种定量描述符K，用于评估电解液中Zn2+还原动力学与传质之间的平衡关系。本研究为抑制锌枝晶提供了理论指导。采用DMU电解液的锌负极在高电流密度下表现出良好的循环稳定性。此外，所制备的高面积容量的软包电池也实现了较长的循环寿命。这些精心设计的实验以及新的发现，为该领域的发展指明了前景广阔的方向。审稿人3认为：本文提出了一种新颖策略，通过平衡电化学反应动力学与传质速率来抑制树突形成，并引入一个无量纲常数K（Ect/Emt）作为定量指标。通过对对称和非对称电池的测试，验证了K值与循环寿命之间的相关性。成果1锌枝晶的形成是实现锌离子电池商业化的一大障碍。尽管快速的电化学反应动力学与相对缓慢的传质之间的差异会导致枝晶的形成和生长，但深入理解这两个因素之间的相互关系如何影响枝晶的生成至关重要。香港城市大学支春义教授、中国铁塔股份有限公司Yang Hui等人通过研究一系列尿素衍生物对Zn2+电镀的调控作用。研究发现，在电化学反应动力学与传质速率之间实现更佳平衡，对于有效抑制枝晶形成至关重要。为此，提出一个无量纲常数K，用于量化这两个因素之间的平衡关系。因此，含N,N-二甲基尿素的电解液具有最高的K值，在电流密度为10 mA cm-2时，可实现Zn||Zn电池的累计容量达11000 mAh cm-2，Zn||Cu电池的累计容量达7500 mAh cm-2。此外，负载量为60 mg cm-2的Zn|Zn0.25V2O5·nH2O软包电池在使用改性电解液后，可提供6.95 Ah的容量，并表现出稳定的循环性能。这项工作为调控锌枝晶的形成与生长提供了理论依据。相关工作以《Balanced electrochemical reaction kinetics and mass transfer for stable zinc negative electrode》为题在《Nature Communications》上发表论文。图文介绍图1 Zn2+在不同电解液中的溶剂化结构根据图1a所示的范德华表面静电势（ESP）分析，可以观察到各种尿素衍生物中C=O键上的氧原子的ESP值比H2O中氧原子的ESP值更负，这表明所有尿素衍生物可能对Zn2+具有更强的亲和力，并有可能占据Zn2+的初级溶剂化层。此外，相似的ESP值表明，不同尿素衍生物对Zn2+溶剂化结构尺寸的影响主要由甲基链决定。通过分子动力学（MD）模拟，研究了不同尿素衍生物在电解液中Zn2+的详细溶剂化结构（图1b-i）。如图1b和1e所示，代表性快照显示Zn2+在电解液中均匀分布。径向分布函数和配位数（CN）揭示了不同电解液中Zn2+周围局部环境。如图1c所示，2.0 Å处的明显峰可归因于Zn-H2O键，而3.1 Å处的峰对应Zn-SO42-配位，表明H2O分子主导了Zn2+的第一层溶剂化壳。在ZnSO4电解液中，Zn2+主要的溶剂化结构为[Zn(H2O)6]2+配合物（图1d）。当DMU引入ZnSO4电解液（以下简称DMU电解液）时，在2.01 Å处出现一个额外峰，同时Zn-H2O配位的CN值从5.7降至5.0，表明由于DMU具有较高的ESP，其分子取代了H2O在第一层溶剂化壳中的位置。Zn2+的溶剂化结构转变为[Zn(H2O)5.0(DMU)0.7]2+（图1f、g）。尿素、TMU和TTMU也可进入第一层溶剂化壳层，取代H2O形成Zn2+(H2O)5(Urea)0.5、Zn2+(H2O)5.3(TMU)0.38和Zn2+(H2O)5.2(TTMU)0.4。溶剂化结构的变化可通过FTIR和拉曼光谱进一步验证。如图1h所示，ZnSO4电解液中1638 cm-1处的峰可归因于O-H弯曲振动。O-H弯曲振动的蓝移表明尿素衍生物已进入溶剂化壳层并与H2O分子发生相互作用。在拉曼光谱（图1i）中，添加各种尿素衍生物后，弱氢键的比例显著增加，这与尿素衍生物破坏氢键网络有关。此外，强氢键的蓝移也表明，配位的H2O分子已被尿素衍生物取代。图2 电化学反应动力学与传质关系的定量分析如图2a所示，ZnSO4电解液中Zn2+的溶剂化尺寸约为3.91 Å，而尿素、DMU、TMU和TTMU电解液中的该值分别为5.05、5.34、5.43和5.51 Å。在电沉积过程中，电极与吸附的Zn2+离子之间发生电子转移，使Zn2+离子转化为Zn原子。根据Marcus理论，电荷转移速率由介电连续介质方程决定，λ为电子转移重组能。通过Marcus-Hush模型拟合ZnSO4、尿素、DMU、TMU和TTMU电解液的Tafel曲线所得到的λ值分别为0.233、0.284、0.386、0.399和0.403 eV（图2b）。为了更准确地量化这两种速率之间的关系，对不同电解液中电荷转移和传质的活化能进行了比较分析。可以通过拟合温度依赖的离子电导率并采用阿伦尼乌斯方程来估算传质活化能（Emt）（图2c）。因此，提出了一种无量纲常数K，定义为电荷转移活化能（Ect）与传质活化能（Emt）的比值，用以量化电化学反应动力学与传质速率之间的平衡关系。图2d总结了在不同电解液中测得的Emt、Ect和K值。尽管Emt和Ect均呈单调上升趋势，但K值先上升后急剧下降。这表明K值是由Emt和Ect的协同效应共同决定的，而非仅由单一趋势所决定。DMU电解液的K值最高，且位于拐点位置，表明电化学反应速率与传质速率之间具有更密切的匹配关系。图3 Zn在不同电解液中的沉积行为SEM最初被用于研究Zn2+在不同电解液中的电镀形貌。如图3a所示，使用ZnSO4电解液的锌负极在整个电镀过程中表面始终呈现粗糙状态。高倍率SEM图像显示表面存在六边形和苔藓状的锌枝晶。相比之下，在DMU电解液中，锌负极即使在长时间电镀后仍保持平坦表面（图3b）。高倍扫描电镜图像显示出密集排列的镀层形态，没有可观察到的枝晶形成。除了SEM观察外，还进行了原位光学显微成像。如图3c和3d所示，在高电流密度10 mA cm-2条件下，DMU电解液在30分钟内仍能形成平坦且致密的锌镀层；而ZnSO4电解液中，锌在5分钟后表面变得粗糙，并出现枝晶生长。利用三维光学测形仪生成了负极表面的三维彩色图谱（图3e）。与ZnSO4电解液相比，采用DMU的电解液中锌负极在电镀后表面粗糙度显著降低。不同电解液下锌负极在水平方向上的线性粗糙度已进行分析，并如图3f所示。在DMU电解液中，锌负极的高度分布波动显著减小，说明镀层更加均匀。因此，引入DMU可有效调控电荷转移过程，同时确保高效的物质传输，从而在电化学反应与物质传输之间实现更好的平衡，有效抑制枝晶生成，促进均匀的锌镀层形成。图4 Zn电极的循环稳定性及其与K值的关系首先采用Zn||Zn对称电池来评估锌电极的循环稳定性。DMU的引入只会导致镀锌和剥离过程中极化电压的轻微升高。如图4a所示，Zn||Zn对称电池的恒电流循环测试最初在2 mA cm-2、1 mAh cm-2的条件下进行。在ZnSO4电解液中，Zn||Zn电池在125小时后迅速失效，表现为电压剧烈波动。相比之下，采用DMU电解液的Zn||Zn电池表现出良好的稳定性，其电压曲线在超过3750小时的循环后仍保持稳定。此外，为了进一步研究对称电池的稳定性，还进行了更高的10 mA cm-2和5 mAh cm-2下的循环测试（图4b）。采用DMU电解液的Zn||Zn电池表现出超过1100小时的长循环寿命，累计容量达11 Ah cm-2。稳定的充放电曲线表明电池不存在短路现象。相比之下，使用ZnSO4电解液的Zn||Zn电池仅在100小时内就出现了快速失效。 除了Zn||Zn对称电池外，还使用了Zn||Cu非对称电池来评估其循环性能和库仑效率。如图4c所示，在电流密度为2 mA cm-2、比表面积容量为1 mAh cm-2的条件下，采用ZnSO4电解液的Zn||Cu电池在100小时内迅速失效。相比之下，采用DMU电解液的Zn||Cu电池寿命显著延长，约为3500小时，平均库仑效率超过99.92%。此外，该电池在整个镀层/剥离过程中均表现出稳定的电压-时间曲线，如图4c的插图所示。为满足实际需求，本研究考察了Zn||Cu电池在10 mA cm-2和10 mAh cm-2条件下的循环性能（图4d）。采用DMU电解液的Zn||Cu电池寿命约为750小时，累计比容量约为7500 mAh cm-2，平均库仑效率超过99.6%，显著优于其他电解液。图4e展示了K值与五种电解液中锌负极循环寿命之间的关系。结果表明，锌电极在电解液中的循环稳定性与K值之间存在显著相关性。值得注意的是，由于DMU电解液的K值最高，因此该电解液中的Zn||Zn和Zn||Cu电池表现出更优异的循环稳定性。相比之下，TTMU电解液的K值较低，且由于质量传递较差，其性能与ZnSO4电解液相当，导致两者的循环性能同样不佳。此外，还与其他基于不同电解液的研究进行了电化学性能对比。如图4f所示，本研究不仅在5 mAh cm-2下实现了Zn||Zn电池的高累积容量11000 Ah cm-2，而且在10 mA cm-2和10 mAh cm-2条件下，Zn||Cu电池仍表现出令人印象深刻的累积容量7500 Ah cm-2。图5 实用Ah级软包电池的电化学性能Balanced electrochemical reaction kinetics and mass transfer for stable zinc negative electrode，Nature Communications，2026.https://www.nature.com/articles/s41467-026-74771-w成果2基于石墨正极、双三氟甲基磺酰亚胺阴离子（TFSI-）嵌入机理的水系双离子电池具备应用潜力，核心优势在于该阴离子体系拥有较高放电平台（25℃±2℃条件下，＞1.4 V（相对于标准氢电极电位））。但目前，依靠TFSI-嵌入实现电化学稳定工作的水系双离子电池，仅能在高浓度盐电解液体系中发挥理想电化学性能。该体系必须依靠高阴离子浓度才能实现插层反应，这一局限不可避免地造成成本高昂，同时无法在低温环境（如低于-20℃）下运行。香港城市大学支春义教授、中国铁塔股份有限公司Yang Hui等人研制了一种富含偶极分子的水凝胶电解液：仅含1 mol/L LiTFSI与2 mol/L ZnCl2，其电化学稳定窗口大幅拓宽（-40℃下可达4.6 V以上）；通过3.0 V高压扫描，可驱动TFSI-嵌入石墨正极。所组装的TFSI-嵌入型水系双离子电池展现出优异的低温放电平台：-20℃时放电平台达1.9 V，-40℃时为1.7 V；同时电池比能量可达595 Wh kg-1。相关工作以《Enabling high-voltage aqueous dual-ion batteries capable of working at -40℃ in a low-concentration salt electrolyte》为题在《Nature Communications》上发表论文。图文介绍图1 水合阴离子促进阴离子插层化学低盐浓度电解液无法实现阴离子向石墨正极的插层活化，根源在于阴离子强水合态以及电解液电化学稳定窗口（ESW）过窄（图1）。尽管高浓度盐电解液可提供充足阴离子浓度，但该体系不可避免存在成本高昂、凝固点偏高等缺陷（例如凝固点高于-20℃）；低温环境下盐溶解度下降引发盐类重结晶是造成这一现象的主要原因。随后，高浓度盐电解液中会因异相成核发生相分离，进而出现结冰现象（图1）。近年来开发了一类本身成本低廉、富含偶极分子（DM）的电解液（例如含大量羟基（-OH）的电解液体系），该类电解液可同时拓宽电化学稳定窗口，并调控载离子溶剂化鞘层结构。乙二醇（EG）等偶极分子也是市面上常用的商用防冻剂。基于这一特性，富含DM的水凝胶电解液有望解决体系对高浓度TFSI-的依赖，同时提升水系双离子电池（ADIBs）的低温性能（图1）。其一，富含偶极分子的水凝胶电解液电化学稳定窗口显著拓宽，低温条件下优势尤为突出，可借助高压扫描实现TFSI-向石墨正极的插层活化；其二，该电解液自身具备防冻特性，能够降低水分子活性，促使低温下水合态TFSI-阴离子发生脱溶剂化；其三，体系内大量偶极分子可大幅减少对TFSI-阴离子用量的需求，进而降低电解液成本。本研究以聚丙烯酰胺-D-(+)-一水葡萄糖（PAM-DG）制备富含偶极分子的水凝胶电解液；引入带有大量羟基的葡萄糖组分赋予该基材优异亲水性。随后向1 mol/LLiTFSI+2 mol/L ZnCl2电解液（TFSI-Cl体系）中掺入乙二醇，制得命名为EG-PAM-DG-TFSI-Cl的水凝胶电解液。在-40℃条件下，EG-PAM-DG-TFSI-Cl电解液的电化学稳定窗口可达4.6 V以上；搭配PTCDI有机负极、石墨正极构筑水系双离子电池，通过3.0 V高压扫描可实现TFSI-阴离子向石墨正极的插层。该电池在-40℃下拥有1.7 V放电平台：电流密度80 mA g-1时，比容量200 mAh g-1，稳定循环时长超470 h；电流密度60 mA g-1时比容量可达350 mAh g-1。除此之外，在-20℃工况下，无论石墨正极面载量为1 mg cm-2或是3 mg cm-2，所组装水系双离子电池均能实现1.9 V放电平台、200 mAh g-1的稳定比容量。图2 EG-PAM-DG-TFSI-Cl的制备与表征通过氢键强度的变化，可判断EG-PAM-DG-TFSI-Cl体系中结合水含量上升、自由水含量下降。具体而言，EG-PAM-DG-TFSI-Cl电解液与TFSI-Cl电解液的衰减全反射傅里叶变换红外光谱（ATR-FTIR）如图2a所示。向TFSI-Cl电解液中引入EG-PAM-DG后，体系中水的H-O弯曲振动峰（1640 cm-1）向高波数偏移，由TFSI-Cl体系的1640 cm-1移至EG-PAM-DG-TFSI-Cl体系的1664 cm-1；EG-PAM-DG-TFSI-Cl在1602 cm-1处的特征峰归属于葡萄糖分子的H-O弯曲振动峰。本文采用拉曼光谱分析H-O伸缩振动模式，定量区分不同存在状态水分子的相对含量。氢键的振动频率能够直观反映其结构特征：四面体配位结构下的强氢键振动中心位于3242 cm-1附近；而四面体结构不完整的弱氢键振动中心位于3422 cm-1附近（图2b）。上述3242 cm-1与3422 cm-1两处信号峰分别对应类冰相振动模式与类液相振动模式。EG-PAM-DG-TFSI-Cl电解液的峰强比值I3242/I3422为1.02，高于TFSI-Cl电解液的0.97，证明EG-PAM-DG-TFSI-Cl内部形成了更强的氢键作用。该现象源于体系中大量偶极分子的引入，增强了高分子链与水分子之间的氢键相互作用。采用差示扫描量热法（DSC）区分电解液中水分子的存在状态。TFSI-Cl在-22℃处出现尖锐吸热/放热峰，对应体系中水的凝固点（图2c）；而EG-PAM-DG中水的凝固点降至-32℃。值得注意的是，将TFSI-Cl加入到EG-PAM-DG、得到EG-PAM-DG-TFSI-Cl后，在仪器测试量程内（最低-70℃）未观测到熔融峰，说明该水凝胶电解液中水的凝固点远低于TFSI-Cl与纯EG-PAM-DG。为进一步探究水凝胶电解液的电化学稳定窗口（ESW），对EG-PAM-DG-TFSI-Cl在20℃、0℃、-20℃、-40℃不同温度下开展LSV测试并分析曲线（图2d）。该电解液在各温度下的电化学稳定窗口介于3.1-4.6 V之间；-40℃下可达4.6 V的超宽稳定窗口，其原因是低温环境大幅降低了水分子的反应活性。图3 活化TFSI-插入到石墨正极如图3a所示，本文先借助EIS测试，分别测定三种水凝胶电解液在5℃、10℃、15℃、20℃下的离子电导率：EG-PAM-DG-TFSI、EG-PAM-DG-Cl，以及EG-PAM-DG-TFSI-Cl。20℃条件下，EG-PAM-DG-TFSI-Cl与EG-PAM-DG-Cl的离子电导率数值十分接近，说明两种水凝胶内Cl-的传输行为相近。当温度降至5℃时，EG-PAM-DG-TFSI-Cl的离子电导率逐渐与EG-PAM-DG-Cl拉开差距，反而趋近于EG-PAM-DG-TFSI体系的电导率水平。有意思的是，在-20℃低温下，EG-PAM-DG-TFSI-Cl的离子电导率与EG-PAM-DG-TFSI基本一致（图3b），说明两种凝胶电解液中TFSI-的传输行为相近。由此可合理推断：温度越低，水合态TFSI-越容易发生脱溶剂化，进而更易于嵌入石墨正极。此外，利用阿伦尼乌斯方程计算不同盐改性EG-PAM-DG凝胶电解液的离子传输活化能，结果显示：0℃以上区间测得的活化能低于0℃以下区间，这一结果佐证了该类水凝胶电解液中水分子活性随降温显著降低（图3a、b）。随后，本文以5 mV/s的扫速开展CV测试，用以验证上述推论。首先在25℃条件下，分别对采用EG-PAM-DG-TFSI、EG-PAM-DG-Cl、EG-PAM-DG-TFSI-Cl三种电解液组装的PTCDI||石墨全电池进行循环伏安曲线测试（图3c）。可以明显看出，装配EG-PAM-DG-TFSI电解液的PTCDI||石墨电池，其CV曲线未出现任何氧化还原特征峰。与之不同，使用EG-PAM-DG-Cl电解液的电池在约1.8 V处出现还原峰，该峰归属于氯气还原为氯离子的反应；同时体系中还观测到显著的析氯反应（ClER）。而装配EG-PAM-DG-TFSI-Cl双盐凝胶电解液的PTCDI||石墨电池在1.9 V处出现电位更高的还原峰，该峰同时对应两类还原过程：氯气还原为氯离子，以及TFSI-阴离子嵌入石墨正极。温度降至-20℃时，采用EG-PAM-DG-TFSI电解液的PTCDI||石墨电池CV曲线依旧无氧化还原特征峰（图3d）。有意思的是，EG-PAM-DG-TFSI-Cl电池的还原峰电位低于EG-PAM-DG-Cl电池中Cl2还原为Cl-对应的峰电位，这是低温下电池内阻增大、反应动力学迟缓引发的电压降所致。需要重点说明的是，-20℃条件下Cl2仍为气态，反应活性高，因此其还原峰电位与25℃时相近。当温度进一步降至-40℃，EG-PAM-DG-TFSI-Cl电池的还原峰电位进一步降至1.7 V；而EG-PAM-DG-Cl电池的还原峰几乎未出现电位衰减，原因是-40℃下Cl2依旧具备很高的反应活性（图3e）。图4 机理分析本文通过非原位拉曼光谱表征-20℃工况下PTCDI||石墨全电池中的石墨正极，探究EG-PAM-DG-TFSI-Cl电解液体系中TFSI-向石墨正极的嵌入行为。图4a给出该电池在-20℃下典型的GCD曲线，同时附上石墨正极在不同电压阶段采集的非原位拉曼谱图。原始石墨电极在1580 cm-1附近出现特征G峰，该峰归属于碳-碳键伸缩振动，可用于表征石墨化程度。充电过程中随着TFSI-持续嵌入石墨层间，G峰发生蓝移；当充电至2.50 V时，G峰最终移至1650 cm-1附近。该峰位偏移证明嵌入的TFSI-阴离子改变了石墨相邻碳层的化学环境，与已有文献报道规律一致。放电阶段拉曼特征峰出现红移；放电完全后，峰位恢复至初始G峰位置，进一步证实TFSI-在石墨正极中的嵌脱过程具备优异可逆性（图4b）。本文同时采集了电流密度0.1 mA cm-2下、经历完整充放电循环的石墨正极非原位XRD图谱。充电过程中石墨(002)衍射峰发生分裂，证实TFSI-嵌入石墨遵循阶式插层机理，生成石墨插层化合物。放电过程中阴离子逐步从石墨层间脱出，分裂的衍射峰逐步回归26.4°初始位置，直观体现阴离子嵌脱反应高度可逆（图4c）。结合PTCDI||石墨全电池中观测到的反应机理演变规律，本文总结出电解液设计中实现TFSI-阴离子嵌入石墨正极的两项必备条件：具备可承受高压扫描的宽电化学稳定窗口、阴离子易于发生脱溶剂化（图4d）。图5 PTCDI||G电池在-40℃下的电化学行为通过系统探究水系PTCDI||石墨电池的低温电化学性能，本文首先测试了该电池在-20℃下的循环稳定性。石墨正极面载量1 mg cm-2的PTCDI||石墨电池可稳定维持200 mAh g-1的比容量，循环时长约240 h；该性能与石墨面载量3 mg cm-2的电池测试结果保持一致。值得一提的是，电池经20℃低温循环后，再置于25℃±2℃环境运行时，放电平台可达2.2 V。随后测试了EG-PAM-DG-TFSI-Cl电解液体系下PTCDI||石墨电池在-40℃的倍率性能，结果如图5a、b所示：在60、70、80、90、100 mA g-1的不同比电流下，电池分别输出350、250、160、120、82 mAh g-1的比容量。比容量随电流增大出现明显衰减，根源在于-40℃极低温下电解液离子电导率仅为10-4 S cm-1量级，离子传导能力较差。综合比容量表现，本文选取80 mA g-1作为适宜比电流，进一步探究水系PTCDI||石墨电池的循环性能。如图5c所示，第1圈至第30圈不同循环圈数的恒流充放电曲线均呈现稳定的1.7 V放电平",,,,pending
专利情报-改善透气性的隔膜-三星,能源灯塔,能源灯塔,"RIOnews API, 氢氧化锂, 隔膜",normal,2026-07-31T09:00:00+08:00,,超凡知识产权电池领域服务团队每日九点，为您准时推送「电池行业专利解读及热点资讯」CN122202774A-用于可再充电锂电池的隔膜和包括该隔膜的可再充电锂电池申请日：2025-12-11公开(公告)日：2026-06-12技术问题：现有可再充电锂电池的隔膜在高能量密度和高容量需求下，存在隔膜在电解质中热收缩的问题，影响电池安全性，同时难以兼顾对正电极的粘附性、透气性和膜电阻。技术手段：一种用于可再充电锂电池的隔膜，所述隔膜包括：多孔基底；以及第一层和第二层，位于所述多孔基底的至少一个表面上，其中，所述第二层包括粘附层，所述第二层包括第一聚偏二氟乙烯类粘附性粘结剂和第二聚偏二氟乙烯类粘附性粘结剂,http://mp.weixin.qq.com/s?__biz=MzU3Mzg4MDk4MA==&mid=2247501399&idx=1&sn=1b6f1bcbbd289af1f0f62a53f7058d59,,超凡知识产权电池领域服务团队每日九点，为您准时推送「电池行业专利解读及热点资讯」CN122202774A-用于可再充电锂电池的隔膜和包括该隔膜的可再充电锂电池申请日：2025-12-11公开(公告)日：2026-06-12技术问题：现有可再充电锂电池的隔膜在高能量密度和高容量需求下，存在隔膜在电解质中热收缩的问题，影响电池安全性，同时难以兼顾对正电极的粘附性、透气性和膜电阻。技术手段：一种用于可再充电锂电池的隔膜，所述隔膜包括：多孔基底；以及第一层和第二层，位于所述多孔基底的至少一个表面上，其中，所述第二层包括粘附层，所述第二层包括第一聚偏二氟乙烯类粘附性粘结剂和第二聚偏二氟乙烯类粘附性粘结剂,"超凡知识产权电池领域服务团队每日九点，为您准时推送「电池行业专利解读及热点资讯」CN122202774A-用于可再充电锂电池的隔膜和包括该隔膜的可再充电锂电池申请日：2025-12-11公开(公告)日：2026-06-12技术问题：现有可再充电锂电池的隔膜在高能量密度和高容量需求下，存在隔膜在电解质中热收缩的问题，影响电池安全性，同时难以兼顾对正电极的粘附性、透气性和膜电阻。技术手段：一种用于可再充电锂电池的隔膜，所述隔膜包括：多孔基底；以及第一层和第二层，位于所述多孔基底的至少一个表面上，其中，所述第二层包括粘附层，所述第二层包括第一聚偏二氟乙烯类粘附性粘结剂和第二聚偏二氟乙烯类粘附性粘结剂的混合物，并且所述第二聚偏二氟乙烯类粘附性粘结剂是颗粒，并且以在5wt%至10wt%的范围内的量包括在所述混合物中。制备示例1：在设置有搅拌器、温度计和冷却管的10L四颈烧瓶中，加入蒸馏水（6,361g）、丙烯酸（1.0mol）、丙烯酰胺（8.5mol）、过硫酸钾（2.7g，0.01mol）、2-丙烯酰胺基-2-甲基丙磺酸（0.5mol）和5N氢氧化锂溶液（相对于2-丙烯酰胺基-2-甲基丙磺酸的总量为1.05当量），然后重复三次使用隔膜泵将内部压力降低至10mmHg并且使用氮气将内部压力恢复至常压的工艺。反应进行12小时，同时控制反应溶液的温度稳定在65℃至70℃之间。在冷却至室温之后，使用25%氨溶液将反应溶液的pH调节至7至8的范围。以这种方式，制备聚(丙烯酸-共-丙烯酰胺-共-2-丙烯酰胺基-2-甲基丙磺酸)锂盐。这里，衍生自丙烯酸的结构单元、衍生自丙烯酰胺的结构单元和衍生自2-丙烯酰胺基-2-甲基丙磺酸的结构单元的摩尔比为10:85:5。取10mL的反应溶液（反应产物）以测量非挥发性组分，结果为9.5wt%（理论值：10%）。图1.用于可再充电锂电池的隔膜的剖视图技术效果：实现了对正电极的高干粘附性和湿粘附性，改善了隔膜的透气性，并降低了膜电阻，提高了电池的安全性和性能。-END-如果您对“专利解读”有任何建议/想法/不满，都可以给我们留言，我们会认真考虑您的意见和建议,并及时采纳和修正 每日专利解读",,,,pending
CIES2026||第十六届中国国际储能大会—国际储能专场议程发布,储能网,储能网,"RIOnews API, 储能, 储能系统, 系统集成, 独立储能, 系统集成商, 供电, 招标, 融资, 投资, 发布",normal,2026-07-31T08:57:51+08:00,,中国储能网讯：CIES2026第十六届中国国际储能大会（简称“CIES2026储能大会”）将于2026年8月9-11日在浙江杭州洲际酒店召开。大会以“源网荷储，算电协同”为主题，重点围绕储能价格机制与“十五五”规划、源网荷储与算电协同、电力市场与多元化收益、良性竞争与行业自律、产业协同与高质量发展发展、技术创新与绿色低碳、储能安全与标准体系、混合储能与长时储能、项目开发与系统解决方案、细分市场与国际合作等多个主题内容展开深入交流。以下为本届大会国际储能专场，最终议程以活动当天发布为准。CIES2026储能大会介绍为推动新型储能发展向市场需求驱动转型，推进“电能量市场+辅助服务市场+容量补偿+绿,http://mp.weixin.qq.com/s?__biz=MzA3MjA3MzgwNw==&mid=2651977934&idx=1&sn=e50dabcd1d0e6110821d47439cbe9e61,,中国储能网讯：CIES2026第十六届中国国际储能大会（简称“CIES2026储能大会”）将于2026年8月9-11日在浙江杭州洲际酒店召开。大会以“源网荷储，算电协同”为主题，重点围绕储能价格机制与“十五五”规划、源网荷储与算电协同、电力市场与多元化收益、良性竞争与行业自律、产业协同与高质量发展发展、技术创新与绿色低碳、储能安全与标准体系、混合储能与长时储能、项目开发与系统解决方案、细分市场与国际合作等多个主题内容展开深入交流。以下为本届大会国际储能专场，最终议程以活动当天发布为准。CIES2026储能大会介绍为推动新型储能发展向市场需求驱动转型，推进“电能量市场+辅助服务市场+容量补偿+绿,中国储能网讯：CIES2026第十六届中国国际储能大会（简称“CIES2026储能大会”）将于2026年8月9-11日在浙江杭州洲际酒店召开。大会以“源网荷储，算电协同”为主题，重点围绕储能价格机制与“十五五”规划、源网荷储与算电协同、电力市场与多元化收益、良性竞争与行业自律、产业协同与高质量发展发展、技术创新与绿色低碳、储能安全与标准体系、混合储能与长时储能、项目开发与系统解决方案、细分市场与国际合作等多个主题内容展开深入交流。以下为本届大会国际储能专场，最终议程以活动当天发布为准。CIES2026储能大会介绍为推动新型储能发展向市场需求驱动转型，推进“电能量市场+辅助服务市场+容量补偿+绿色市场”机制框架，有力疏导系统调节、容量保障和绿色增量成本，推动AIDC与新型储能产业实现高质量、可持续、创新化发展，提升新型储能项目利用率和多元化收益模式，引导行业规范化高质量发展，推进“知识产权+技术+品牌+服务+投资”的合作新业态，构建全球化新型储能共赢生态链与差异化竞争新格局。中国储能网将联合国内外300余家来自行业组织、科研机构、龙头企业、系统集成商、产业资本等单位于2026年8月9-11日在浙江杭州洲际酒店召开CIES2026第十六届中国国际储能大会。储能大会将设置16个专场论坛，包括：大会开幕式暨特邀专家报告、华东储能市场、华南储能市场、华中储能市场、西北储能市场、国际储能合作论坛、源网荷储AIDC解决方案与算电协同、独立储能电站与电力市场、AI智能与零碳解决方案、AIDC与构网型储能系统、AIDC供电与虚拟电厂、长时储能与混合储能、智光储能（高压级联与算力储能）、冠隆电力（微电网与台区储能）等。会议同期，有130余家产业链企业将集中展示新型储能技术成果、案例及解决方案。大会期间还将发布《2026中国新型储能产业发展白皮书》《2026中国新型储能产业项目招标及价格分析报告》《2026年中国液流电池产业发展白皮书》等系列研究成果。预计有来自政府机构、科研院所、电网公司、发电集团、负荷聚合商、EPC总包企业、AIDC、系统集成商、储能电池与装备企业、能源服务商、项目开发企业、投融资机构、国际行业协会、国际能源服务商等1000余家企业参会交流。作为推动新型储能产业高质量发展的风向标，储能大会（CIES）自2011年创办以来，主办方始终坚守以专业化、高端化、品质化、国际化为特色，推动储能产业国内外供应链和渠道合作超过6000亿元，助力各类资本合作达300亿元。欢迎参加CIES2026第十六届中国国际储能大会。一审：潘 望二审：王谊秀由于微信改版，关注后请点击右上角，选择“设为星标”与“置顶”，以获得最新的文章更新投稿联系电话：***********（同微信）地址：北京市西城区阜成门外四川大厦东塔楼30层官网：www.escn.com.cn 投稿邮箱：ly83518@126.com,,,,pending
钒钛联盟召开2026年度“揭榜挂帅”项目评审会,全球液流电池储能,全球液流电池储能,"RIOnews API, 长时储能, 液流电池, 产品发布, 发布, 官宣",normal,2026-07-31T08:56:16+08:00,,据全球液流电池网获悉，为深耕钒钛产业创新发展，破解行业关键核心技术难题，打通产学研用协同创新壁垒，7月18日，钒钛资源综合利用产业技术创新战略联盟（简称钒钛联盟）2026年度“揭榜挂帅”项目评审会在成都召开。来自攀钢、四川大学、北京科技大学、东北大学、中南大学、武汉科技大学等多家联盟成员单位的相关领域资深专家参加评审会。 本次评审会按研究方向细分设立钒钛矿选冶、钛金属及家电板表面技术、钒钛及三稀资源利用三个专业组。各专家组严格对照2026年度项目申报指南要求，围绕“重选闭路-湿式强磁工艺高效回收低品位钛铁矿试验研究”等8个重点研究方向，对全部申报项目的立项必要性、技术创新性、研究方案可行性、技,http://mp.weixin.qq.com/s?__biz=Mzg3NjcyNzE4Nw==&mid=2247577230&idx=8&sn=720ee1c75f24d99314e8c6d2ab4046cf,,据全球液流电池网获悉，为深耕钒钛产业创新发展，破解行业关键核心技术难题，打通产学研用协同创新壁垒，7月18日，钒钛资源综合利用产业技术创新战略联盟（简称钒钛联盟）2026年度“揭榜挂帅”项目评审会在成都召开。来自攀钢、四川大学、北京科技大学、东北大学、中南大学、武汉科技大学等多家联盟成员单位的相关领域资深专家参加评审会。 本次评审会按研究方向细分设立钒钛矿选冶、钛金属及家电板表面技术、钒钛及三稀资源利用三个专业组。各专家组严格对照2026年度项目申报指南要求，围绕“重选闭路-湿式强磁工艺高效回收低品位钛铁矿试验研究”等8个重点研究方向，对全部申报项目的立项必要性、技术创新性、研究方案可行性、技,据全球液流电池网获悉，为深耕钒钛产业创新发展，破解行业关键核心技术难题，打通产学研用协同创新壁垒，7月18日，钒钛资源综合利用产业技术创新战略联盟（简称钒钛联盟）2026年度“揭榜挂帅”项目评审会在成都召开。来自攀钢、四川大学、北京科技大学、东北大学、中南大学、武汉科技大学等多家联盟成员单位的相关领域资深专家参加评审会。 本次评审会按研究方向细分设立钒钛矿选冶、钛金属及家电板表面技术、钒钛及三稀资源利用三个专业组。各专家组严格对照2026年度项目申报指南要求，围绕“重选闭路-湿式强磁工艺高效回收低品位钛铁矿试验研究”等8个重点研究方向，对全部申报项目的立项必要性、技术创新性、研究方案可行性、技术指标先进性、产业化应用前景、经费预算合理性及团队攻坚能力等核心内容进行全方位、多维度审核评议。休息一下，看个广告 评审采用“线上汇报+现场质询+独立评分+集中评议”的规范化模式，各项目申报人通过视频会议线上平台，系统汇报项目研究背景、核心研究内容、技术攻关难点、实施方案、预期成果及应用价值。评审专家组认真聆听汇报，聚焦关键技术瓶颈、创新突破点、落地可行性等核心问题开展细致质询，与项目团队深入交流探讨，并结合行业发展趋势与产业实际需求进行综合研判，严格依规独立打分、集中复核，最终汇总形成各项目权威、客观、严谨的专家综合评审意见。 下一步，钒钛联盟秘书处将严格遵照《钒钛联盟协同项目管理办法》相关规定，有序推进后续工作。近期热点及活动1、7.6GWh！含11个全钒液流，云南发改委、能源局发布2026年共享储能项目清单2、官宣定档！朝圣之旅，9月17-18日CFE2026第七届中国液流电池储能大会相约大连！参展、演讲、参会报名正式启动！3、AI的尽头是储能与电力！CFE2026第六届中国液流电池储能大会圆满落幕，新型储能“转正”从电力“配角”到六大新兴支柱产业进阶4、突破迎关键临界点！全球旗舰盛会—CFE2025第五届中国液流电池储能大会暨2024-2025年度液流品牌颁奖盛典圆满落幕5、获奖名单及终版议程发布！CFE2025第五届中国液流电池储能大会暨品牌颁奖盛典9月19-20日武汉盛大召开6、共筑全产业链生态繁荣！全球风向—CFE2025第四届中国液流电池储能大会、中国液流电池青年科学家论坛圆满落幕7、晚宴名单、参会总名单、终版议程发布｜CFE2025第四届中国液流电池储能大会3月3日盛大开幕8、全国首个！四川出台钒电池储能产业专项政策每月6日活动日，群内成员全开放1天7月18日，钒钛资源综合利用产业技术创新战略联盟（简称钒钛联盟）2026年度“揭榜挂帅”项目评审会在成都召开。来自攀钢、四川大学、北京科技大学、东北大学、中南大学、武汉科技大学等多家联盟成员单位的相关领域资深专家参加评审会。,,,,pending
含10MW/40MWh全钒液流，绛县100MW/140.4MWh混合储能项目获批,全球液流电池储能,全球液流电池储能,"RIOnews API, 长时储能, 液流电池, 产品发布, 发布, 官宣",normal,2026-07-31T08:56:16+08:00,,据全球液流电池网获悉，7月23日，绛县经济开发区行政审批局发布关于格盟（绛县）储能有限责任公司绛县100MW/140.4MWh混合储能项目环境影响报告表拟进行审批的公示。项目名称：格盟（绛县）储能有限责任公司绛县100MW/140.4MWh混合储能项目建设单位：格盟（绛县）储能有限责任公司建设地点：山西省运城市绛县经济开发区卫庄镇里册村东北侧025乡道东侧建设内容：项目拟新建一座100MW/140.4MWh共享混合储能电站。评价内容包括：50MW/0.43MWh（30s）超级电容储能系统、30MW/60MWh磷酸铁锂电池储能系统、10MW/40MWh磷酸铁锂电池储能系统和10MW/40MWh全,http://mp.weixin.qq.com/s?__biz=Mzg3NjcyNzE4Nw==&mid=2247577230&idx=5&sn=dd7389e085f8a9fa40dafac4babb2d2f,,据全球液流电池网获悉，7月23日，绛县经济开发区行政审批局发布关于格盟（绛县）储能有限责任公司绛县100MW/140.4MWh混合储能项目环境影响报告表拟进行审批的公示。项目名称：格盟（绛县）储能有限责任公司绛县100MW/140.4MWh混合储能项目建设单位：格盟（绛县）储能有限责任公司建设地点：山西省运城市绛县经济开发区卫庄镇里册村东北侧025乡道东侧建设内容：项目拟新建一座100MW/140.4MWh共享混合储能电站。评价内容包括：50MW/0.43MWh（30s）超级电容储能系统、30MW/60MWh磷酸铁锂电池储能系统、10MW/40MWh磷酸铁锂电池储能系统和10MW/40MWh全,据全球液流电池网获悉，7月23日，绛县经济开发区行政审批局发布关于格盟（绛县）储能有限责任公司绛县100MW/140.4MWh混合储能项目环境影响报告表拟进行审批的公示。项目名称：格盟（绛县）储能有限责任公司绛县100MW/140.4MWh混合储能项目建设单位：格盟（绛县）储能有限责任公司建设地点：山西省运城市绛县经济开发区卫庄镇里册村东北侧025乡道东侧建设内容：项目拟新建一座100MW/140.4MWh共享混合储能电站。评价内容包括：50MW/0.43MWh（30s）超级电容储能系统、30MW/60MWh磷酸铁锂电池储能系统、10MW/40MWh磷酸铁锂电池储能系统和10MW/40MWh全钒液流电池储能系统，220kV升压站一座、综合控制楼、电缆沟、35kV配电室、厂区道路、变流器、配电柜、GIS及出线架构等辅助生产系统；220kV送出线路工程及相关内容另行评价。项目投资：总投资40000万元，其中环保投资112.77万元休息一下，看个广告以下为原文绛县经济开发区行政审批局关于格盟（绛县）储能有限责任公司绛县100MW/140.4MWh混合储能项目环境影响报告表拟进行审批的公示 根据建设项目环境影响评价审批程序的有关规定，我局拟对格盟（绛县）储能有限责任公司绛县100MW/140.4MWh混合储能项目环境影响报告表进行审批。为保证审批工作的严肃性和公正性，现将拟审批的环境影响评价文件基本情况予以公示，公示期为2026年7月23日－2026年7月27日（3个工作日）。 听证权利告知：依据《中华人民共和国行政许可法》，自公示起三日内申请人、利害关系人可提出听证申请。 联系电话：0359-6568639 通讯地址：绛县经济开发区政务大厅 邮编：043600近期热点及活动1、7.6GWh！含11个全钒液流，云南发改委、能源局发布2026年共享储能项目清单2、官宣定档！朝圣之旅，9月17-18日CFE2026第七届中国液流电池储能大会相约大连！参展、演讲、参会报名正式启动！3、AI的尽头是储能与电力！CFE2026第六届中国液流电池储能大会圆满落幕，新型储能“转正”从电力“配角”到六大新兴支柱产业进阶4、突破迎关键临界点！全球旗舰盛会—CFE2025第五届中国液流电池储能大会暨2024-2025年度液流品牌颁奖盛典圆满落幕5、获奖名单及终版议程发布！CFE2025第五届中国液流电池储能大会暨品牌颁奖盛典9月19-20日武汉盛大召开6、共筑全产业链生态繁荣！全球风向—CFE2025第四届中国液流电池储能大会、中国液流电池青年科学家论坛圆满落幕7、晚宴名单、参会总名单、终版议程发布｜CFE2025第四届中国液流电池储能大会3月3日盛大开幕8、全国首个！四川出台钒电池储能产业专项政策每月6日活动日，群内成员全开放1天7月23日，绛县经济开发区行政审批局发布关于格盟（绛县）储能有限责任公司绛县100MW/140.4MWh混合储能项目环境影响报告表拟进行审批的公示。,,,,pending
重磅！国家能源局发布《中国新型储能发展报告（2026）》,全球液流电池储能,全球液流电池储能,"RIOnews API, 长时储能, 液流电池, 产品发布, 发布, 发布会, 全新, 官宣",normal,2026-07-31T08:56:16+08:00,,据全球液流电池网获悉，国家能源局7月30日例行新闻发布会发布的《中国新型储能发展报告（2026）》显示，我国新型储能技术创新已逐步形成“锂离子电池储能主导，多技术路线并举”的多元化发展格局。 其中，全钒液流电池凭借本征安全、超长循环寿命（超15000次）、功率容量解耦等核心优势，在4小时以上长时储能场景中加速确立差异化竞争力。 报告数据表明，“十四五”时期全国新型储能装机规模从300万千瓦提升至1.36亿千瓦，截至2026年6月底已建成投运装机达1.53亿千瓦/3.96亿千瓦时，同比增长61%。在此规模化发展背景下，系统调节能力持续提升，2026年上半年国网、南网经营区新型储能等效利用小时数分,http://mp.weixin.qq.com/s?__biz=Mzg3NjcyNzE4Nw==&mid=2247577230&idx=1&sn=cf777ba452d70bfa8bcd437b5a3fd127,,据全球液流电池网获悉，国家能源局7月30日例行新闻发布会发布的《中国新型储能发展报告（2026）》显示，我国新型储能技术创新已逐步形成“锂离子电池储能主导，多技术路线并举”的多元化发展格局。 其中，全钒液流电池凭借本征安全、超长循环寿命（超15000次）、功率容量解耦等核心优势，在4小时以上长时储能场景中加速确立差异化竞争力。 报告数据表明，“十四五”时期全国新型储能装机规模从300万千瓦提升至1.36亿千瓦，截至2026年6月底已建成投运装机达1.53亿千瓦/3.96亿千瓦时，同比增长61%。在此规模化发展背景下，系统调节能力持续提升，2026年上半年国网、南网经营区新型储能等效利用小时数分,据全球液流电池网获悉，国家能源局7月30日例行新闻发布会发布的《中国新型储能发展报告（2026）》显示，我国新型储能技术创新已逐步形成“锂离子电池储能主导，多技术路线并举”的多元化发展格局。 其中，全钒液流电池凭借本征安全、超长循环寿命（超15000次）、功率容量解耦等核心优势，在4小时以上长时储能场景中加速确立差异化竞争力。 报告数据表明，“十四五”时期全国新型储能装机规模从300万千瓦提升至1.36亿千瓦，截至2026年6月底已建成投运装机达1.53亿千瓦/3.96亿千瓦时，同比增长61%。在此规模化发展背景下，系统调节能力持续提升，2026年上半年国网、南网经营区新型储能等效利用小时数分别达573小时和626小时，同比分别提升9小时和41小时。 政策层面，2026年1月发布的114号文首次在国家层面建立电网侧独立新型储能容量电价机制，政策逻辑从“要我建”转向“我要建”。行业分析认为，该政策将储能时长与收益直接挂钩，对全钒液流电池等长时储能技术形成明确政策利好。 国家能源局表示，下一步将聚焦新型储能产业发展核心需求，统筹推进各项工作，确保“十五五”行业发展开好局、起好步。 以下为原文 国家能源局新闻发布会 7月30日，国家能源局举行新闻发布会，介绍2026年上半年全国能源形势及能源转型成效、可再生能源并网运行、迎峰度夏能源电力保供、电动汽车充电基础设施建设情况，发布《中国新型储能发展报告（2026）》并回答记者提问。 【能源节约和科技装备司副司长徐继林】各位记者朋友们，大家上午好。为加强行业发展引导，推动新型储能产业高质量发展，我局于近期组织编制《中国新型储能发展报告（2026）》，已经在现场提供给各位记者朋友，发布会后将在国家能源局门户网站公开。 《报告》主要包括四部分内容。一是从政策体系、装机规模、技术创新、产业发展等方面，系统总结2025年国内外新型储能发展情况。二是对“十四五”以来我国新型储能发展历程进行回顾，全面总结国家能源局推动新型储能规模化发展、技术进步、产业发展的主要经验。三是从聚焦应用场景、坚持创新驱动、科学谋划发展、加强行业管理、健全市场机制和促进交流合作等方面展望“十五五”产业发展。四是介绍2026年的重点工作，确保“十五五”行业发展开好局、起好步。 总体来看，“十四五”时期，我国新型储能产业由商业化应用初期步入规模化发展新阶段，为新型储能多元价值发挥和产业高质量发展奠定了坚实基础。 一是新型储能发展政策“四梁八柱”不断完善。按照“先顶层设计，后专项推动，梯次推进”的思路，会同有关部门构建起覆盖全面、衔接有序、协同发力的政策体系。 二是新型储能装机规模实现跨越式发展。按照“系统谋划、因地制宜”原则，推动新型储能装机规模快速发展，全国新型储能装机规模从“十四五”初期的300万千瓦提升至1.36亿千瓦，总体呈现逐年翻倍发展态势。 三是多元技术创新实践持续深化。国家能源局深入实施创新驱动发展战略，推动各类技术路线快速发展，逐步形成了“锂离子电池储能主导，多技术路线并举”的多元化发展格局。 四是系统调节能力逐步发挥。全国新型储能利用情况逐年向好，2023年、2024年、2025年全国新型储能等效利用小时数分别达到611小时、911小时、1195小时，有效发挥系统调节作用。 下一步，国家能源局将坚决贯彻落实党中央、国务院决策部署和“四个革命、一个合作”能源安全新战略，聚焦新型储能产业发展核心需求，统筹推进政策供给、技术创新、产业培育、市场建设等各项工作，以奋力之姿谱写“十五五”我国新型储能发展新篇章。 【新华社记者】“十四五”时期，我国新型储能产业实现跨越式发展，成为发展新质生产力的新动能之一，请问国家能源局在培育新型储能发展有何经验？ 【能源节约和科技装备司副司长徐继林】感谢这位记者朋友的提问。“十四五”以来，我国新型储能应运而兴，实现“从小到大，从弱到强”的跨越式发展，打造了新兴产业发展的典型案例，为全球能源转型贡献了“中国力量”。 国家能源局坚决贯彻落实党中央、国务院决策部署和“四个革命、一个合作”能源安全新战略，扎实推进建设新型能源体系和新型电力系统，积极推动新型储能技术进步和产业发展，总体形成五方面经验。 一是及时把握新型能源体系和新型电力系统建设历史机遇。始终坚持“统筹谋划、精准施策”，推动新型储能登上我国能源绿色低碳转型的历史舞台，新型储能已成为促进新能源大规模开发消纳、保障电力可靠供应和提高电力系统安全稳定水平的关键技术装备。 二是立足新型电力系统建设，统筹推进新型储能高质量发展。始终坚持“系统观念，问题导向”，坚持以新型电力系统建设需求为出发点，着力推动新型储能技术产业进步。 三是持续推动新型储能科技创新与产业创新深度融合。始终坚持以创新为引领，大力推动新型储能科技创新工作，推动新型储能技术产业快速迭代升级，为产业高质量发展奠定基础。 四是广泛凝聚行业共识，充分激发发展活力。始终坚持“部门协作，央地协同，区域协调”，引导新型储能因地制宜差异化发展，激发民营经济活力，广泛凝聚发展合力。 五是强化国际交流合作，互利共赢共同发展。大力推进新型储能领域国际合作，深入开展政策规划、技术创新、产业发展等全方位交流，向全球发出“中国声音”，提供“中国方案”，讲好“中国故事”。 今年以来，我国新型储能延续了良好的发展态势。截至6月底，全国已建成投运新型储能装机规模达1.53亿千瓦/3.96亿千瓦时，同比增长61%。据电网公司统计，2026年上半年国网经营区新型储能等效利用小时数达573小时，同比提升9小时，南网经营区达626小时，同比提升41小时。“十五五”时期，国家能源局将锚定碳达峰目标，紧扣建设能源强国要求，坚持“需求引领，创新驱动，市场主导，规范管理”，积极推动新型储能技术创新能力、产业发展水平稳居全球前列，以更大的力度、更务实的举措推动新型储能高质量发展。 休息一下，看个广告 近期热点及活动 1、7.6GWh！含11个全钒液流，云南发改委、能源局发布2026年共享储能项目清单2、官宣定档！朝圣之旅，9月17-18日CFE2026第七届中国液流电池储能大会相约大连！参展、演讲、参会报名正式启动！3、AI的尽头是储能与电力！CFE2026第六届中国液流电池储能大会圆满落幕，新型储能“转正”从电力“配角”到六大新兴支柱产业进阶4、突破迎关键临界点！全球旗舰盛会—CFE2025第五届中国液流电池储能大会暨2024-2025年度液流品牌颁奖盛典圆满落幕5、获奖名单及终版议程发布！CFE2025第五届中国液流电池储能大会暨品牌颁奖盛典9月19-20日武汉盛大召开 6、共筑全产业链生态繁荣！全球风向—CFE2025第四届中国液流电池储能大会、中国液流电池青年科学家论坛圆满落幕 7、晚宴名单、参会总名单、终版议程发布｜CFE2025第四届中国液流电池储能大会3月3日盛大开幕 8、全国首个！四川出台钒电池储能产业专项政策 每月6日活动日，群内成员全开放1天 国家能源局7月30日例行新闻发布会发布的《中国新型储能发展报告（2026）》显示，我国新型储能技术创新已逐步形成“锂离子电池储能主导，多技术路线并举”的多元化发展格局。,,,,pending
四川省钒钛钢铁产业协会辛洪斌拜访龙佰集团，共破行业内卷、共谋产业高质量发展,全球液流电池储能,全球液流电池储能,"RIOnews API, 长时储能, 液流电池, 产品发布, 发布, 官宣, 上市",normal,2026-07-31T08:56:16+08:00,,"据全球液流电池网获悉，7月27日，国家钒钛产业联盟秘书长、四川省钒钛钢铁产业协会负责人辛洪斌一行到访龙佰集团焦作总部，与龙佰集团董事长许冉，高级顾问、首席科学家和奔流，总裁吴彭森等集团核心管理层开展座谈交流。双方围绕钒钛产业发展、行业自律与反内卷、中国钒钛价格指数发布、行业年度发展大会等核心议题充分交换意见，达成共识，明确了后续多层次深度合作路径。 龙佰集团是一家致力于新材料研发制造和产业整合的大型多元化集团，深交所上市公司（股票代码：龙佰集团002601,东方锆业002167），是国家钒钛产业联盟常务副理事长单位，旗下龙佰四川矿冶有限公司是四川省钒钛钢铁产业协会副会长单位。龙佰集团秉持“创领",http://mp.weixin.qq.com/s?__biz=Mzg3NjcyNzE4Nw==&mid=2247577230&idx=7&sn=958e548ed3a5d48b38de521cb7f87e63,,"据全球液流电池网获悉，7月27日，国家钒钛产业联盟秘书长、四川省钒钛钢铁产业协会负责人辛洪斌一行到访龙佰集团焦作总部，与龙佰集团董事长许冉，高级顾问、首席科学家和奔流，总裁吴彭森等集团核心管理层开展座谈交流。双方围绕钒钛产业发展、行业自律与反内卷、中国钒钛价格指数发布、行业年度发展大会等核心议题充分交换意见，达成共识，明确了后续多层次深度合作路径。 龙佰集团是一家致力于新材料研发制造和产业整合的大型多元化集团，深交所上市公司（股票代码：龙佰集团002601,东方锆业002167），是国家钒钛产业联盟常务副理事长单位，旗下龙佰四川矿冶有限公司是四川省钒钛钢铁产业协会副会长单位。龙佰集团秉持“创领","据全球液流电池网获悉，7月27日，国家钒钛产业联盟秘书长、四川省钒钛钢铁产业协会负责人辛洪斌一行到访龙佰集团焦作总部，与龙佰集团董事长许冉，高级顾问、首席科学家和奔流，总裁吴彭森等集团核心管理层开展座谈交流。双方围绕钒钛产业发展、行业自律与反内卷、中国钒钛价格指数发布、行业年度发展大会等核心议题充分交换意见，达成共识，明确了后续多层次深度合作路径。 龙佰集团是一家致力于新材料研发制造和产业整合的大型多元化集团，深交所上市公司（股票代码：龙佰集团002601,东方锆业002167），是国家钒钛产业联盟常务副理事长单位，旗下龙佰四川矿冶有限公司是四川省钒钛钢铁产业协会副会长单位。龙佰集团秉持“创领钛美生活，做受尊敬企业”的使命，公司着力构建“135”发展格局，即创新构建1条龙佰特色的绿色新材料产业高质量发展体系；健全钛、锆、新能源3个优势产业链，探索产业耦合协同潜力；打造钛白粉体材料、钛金属材料、锆材料、新能源材料、稀散元素材料（钒、钪、铪等）等5大新材料产品业务增长极。集团钛白粉、海绵钛、钪系材料三个产品产能居全球第一，正朝着“卓越龙佰・全球龙佰・百年龙佰”的宏伟愿景迈进。 辛洪斌首先介绍了国家钒钛产业联盟基本架构与核心业务，清晰剖析了当前钒钛行业发展困境，并就如何加强行业自律，坚决反内卷，防止出现劣币驱逐良币，从“法规准入”、“环保刚性执法”、“能耗双控”、“固废全链条管控”、“产能置换”、“财税差异化”、“市场信用”、“产业扶持”八大措施进行了全方位解析，旨在推动以海绵钛、钛白粉、钒制品为代表的钒钛相关产业走绿色低碳、转型升级道路，持续推动我国钒钛产业高质量发展。在介绍了国家钒钛产业联盟几大核心工作后，辛洪斌重点介绍了国家钒钛产业联盟近期向国家部委反映的三大产业发展诉求：一是建议出台我国钒钛产业高质量发展顶层设计方案，统筹攀枝花、承德、辽阳、新疆四大资源产区有序开发、集约型发展；二是培育特色优势产业集聚区，引导各地依托自有资源错位布局，避免各地同质化竞争，不盲目搞全产业链复制，引导高耗低效钒钛产业转型升级并逐步出清；三是对钒钛磁铁矿冶炼实施钒钛钢差异化产能政策，区别于普通铁矿石冶炼，支持“钒钛钢”发展，保障钒钛矿产出，稳定原料供给。休息一下，看个广告 许冉董事长对辛洪斌秘书长一行的到访表示热烈欢迎，对国家钒钛产业联盟和四川省钒钛钢铁产业协会长期以来给予龙佰集团的支持表示感谢。她认为国家钒钛产业联盟推进价格指数、国家标准制定、行业自律、政策建言等工作方向，完全契合龙佰长期发展诉求，是链接企业与国家政策的核心第三方平台，行业组织与国资、民企共同协同发力才能推动全产业高质量发展。许冉表示愿意深度参与国家钒钛产业联盟和四川省钒钛钢铁产业协会各项具体事务，充分肩负起头部企业的产业责任，促进行业健康发展。 双方一致认为，建立常态化联系机制，逐项落实价格指数编制、国家标准协同制定、行业规范自律、产业大会承办等事项；持续发挥钒钛联盟第三方平台桥梁作用，联动头部企业向国家部委持续反馈行业诉求，逐步建立起行业自律规则、规范市场秩序、反内卷促发展。 会前，集团副总裁、董秘王旭东陪同辛洪斌一行参观了龙佰集团产品展示厅、研究院和生产现场。 参加会议的还有龙佰集团研发副总裁陈建立、战略发展部部长王友友、研究院科技管理中心主任侯艳武，国家钒钛产业联盟副秘书长何高鹏、钛产业发展总监陈钢。近期热点及活动1、7.6GWh！含11个全钒液流，云南发改委、能源局发布2026年共享储能项目清单2、官宣定档！朝圣之旅，9月17-18日CFE2026第七届中国液流电池储能大会相约大连！参展、演讲、参会报名正式启动！3、AI的尽头是储能与电力！CFE2026第六届中国液流电池储能大会圆满落幕，新型储能“转正”从电力“配角”到六大新兴支柱产业进阶4、突破迎关键临界点！全球旗舰盛会—CFE2025第五届中国液流电池储能大会暨2024-2025年度液流品牌颁奖盛典圆满落幕5、获奖名单及终版议程发布！CFE2025第五届中国液流电池储能大会暨品牌颁奖盛典9月19-20日武汉盛大召开6、共筑全产业链生态繁荣！全球风向—CFE2025第四届中国液流电池储能大会、中国液流电池青年科学家论坛圆满落幕7、晚宴名单、参会总名单、终版议程发布｜CFE2025第四届中国液流电池储能大会3月3日盛大开幕8、全国首个！四川出台钒电池储能产业专项政策每月6日活动日，群内成员全开放1天7月27日，国家钒钛产业联盟秘书长、四川省钒钛钢铁产业协会负责人辛洪斌一行到访龙佰集团焦作总部，与龙佰集团董事长许冉，高级顾问、首席科学家和奔流，总裁吴彭森等集团核心管理层开展座谈交流。",,,,pending
Idemitsu Kosan将在澳大利亚旧煤矿矿建设864MWh钒液流电池系统,全球液流电池储能,全球液流电池储能,"RIOnews API, 长时储能, 液流电池, 产品发布, 发布, 官宣",normal,2026-07-31T08:56:16+08:00,,日本能源公司出光兴产（Idemitsu Kosan）的澳大利亚分公司提议开发一个电网级钒液流电池，作为在新南威尔士州Muswellbrook的一个前煤矿推进的清洁能源园区的一部分。该液流电池项目计划建于2022年退役的Muswellbrook煤矿，储能容量至少为108MW/864MWh，并安装高达200MW的双向逆变器，以使电池储能系统能够在市场条件允许的情况下在更短时间内充电或放电。该项目将通过Ausgrid的132kV Sandy Creek变电站接入电网。Idemitsu表示，该项目将使用钒氧化还原液流电池技术，并指出该技术相比锂离子电池具有若干优势，包括“使用安全稳定的不可燃电解液，3,http://mp.weixin.qq.com/s?__biz=Mzg3NjcyNzE4Nw==&mid=2247577230&idx=2&sn=41f156831b5f1e3b512c2e3b0fae92f0,,日本能源公司出光兴产（Idemitsu Kosan）的澳大利亚分公司提议开发一个电网级钒液流电池，作为在新南威尔士州Muswellbrook的一个前煤矿推进的清洁能源园区的一部分。该液流电池项目计划建于2022年退役的Muswellbrook煤矿，储能容量至少为108MW/864MWh，并安装高达200MW的双向逆变器，以使电池储能系统能够在市场条件允许的情况下在更短时间内充电或放电。该项目将通过Ausgrid的132kV Sandy Creek变电站接入电网。Idemitsu表示，该项目将使用钒氧化还原液流电池技术，并指出该技术相比锂离子电池具有若干优势，包括“使用安全稳定的不可燃电解液，3,日本能源公司出光兴产（Idemitsu Kosan）的澳大利亚分公司提议开发一个电网级钒液流电池，作为在新南威尔士州Muswellbrook的一个前煤矿推进的清洁能源园区的一部分。该液流电池项目计划建于2022年退役的Muswellbrook煤矿，储能容量至少为108MW/864MWh，并安装高达200MW的双向逆变器，以使电池储能系统能够在市场条件允许的情况下在更短时间内充电或放电。该项目将通过Ausgrid的132kV Sandy Creek变电站接入电网。Idemitsu表示，该项目将使用钒氧化还原液流电池技术，并指出该技术相比锂离子电池具有若干优势，包括“使用安全稳定的不可燃电解液，30年内电池衰减可忽略不计，以及灵活的储能时长，可通过添加电解液延长储能时间来增加容量。”“钒氧化还原液流电池是澳大利亚的发明，诞生于1984年的新南威尔士大学，提供安全、真正的长时储能，在项目寿命超过30年后，99%可重复使用或回收。”该公司表示。Idemitsu表示，钒液流技术的使用代表了一个“催化剂项目”，将支持澳大利亚制造业，并展示该技术已准备好被更广泛市场采用。它补充说，电池中使用的钒电解液将在澳大利亚制造，并将探索将电池制造带到澳大利亚的机会。虽然该项目处于早期开发阶段，Idemitsu预计项目将于2028年初开始建设，建设阶段大约需要两年。休息一下，看个广告该钒液流电池项目是Idemitsu计划将Muswellbrook煤矿场改造为可再生能源园区的一部分，该园区将包括太阳能和抽水蓄能，同时正在继续调查在现场开发绿色氢能设施。Idemitsu正与瑞典可再生能源开发商OX2合作，OX2已在该场址开始建设一个135MW太阳能电站和一个135MW/270MWh电池项目。它还与能源发电和零售商AGL合作，建设一个400MW抽水蓄能项目，该项目也将利用该煤矿场，并提供长达八小时的储能。Idemitsu表示，Muswellbrook清洁工业园区展示了如何将传统采矿资产改造为支持长时储能、地区就业和未来产业。Muswellbrook煤矿区鸟瞰（素材来自：Idemitsu Kosan 全球液流电池网、全球储能网、新能源网综合）近期热点及活动1、7.6GWh！含11个全钒液流，云南发改委、能源局发布2026年共享储能项目清单2、官宣定档！朝圣之旅，9月17-18日CFE2026第七届中国液流电池储能大会相约大连！参展、演讲、参会报名正式启动！3、AI的尽头是储能与电力！CFE2026第六届中国液流电池储能大会圆满落幕，新型储能“转正”从电力“配角”到六大新兴支柱产业进阶4、突破迎关键临界点！全球旗舰盛会—CFE2025第五届中国液流电池储能大会暨2024-2025年度液流品牌颁奖盛典圆满落幕5、获奖名单及终版议程发布！CFE2025第五届中国液流电池储能大会暨品牌颁奖盛典9月19-20日武汉盛大召开6、共筑全产业链生态繁荣！全球风向—CFE2025第四届中国液流电池储能大会、中国液流电池青年科学家论坛圆满落幕7、晚宴名单、参会总名单、终版议程发布｜CFE2025第四届中国液流电池储能大会3月3日盛大开幕8、全国首个！四川出台钒电池储能产业专项政策每月6日活动日，群内成员全开放1天阅读原文日本能源公司出光兴产（Idemitsu Kosan）的澳大利亚分公司提议开发一个电网级钒液流电池，作为在新南威尔士州Muswellbrook的一个前煤矿推进的清洁能源园区的一部分。,,,,pending
国润储能全钒液流电池示范项目又有新突破,全球液流电池储能,全球液流电池储能,"RIOnews API, 长时储能, 液流电池, 产品发布, 发布, 官宣",normal,2026-07-31T08:56:16+08:00,,据全球液流电池网获悉，为持续深化新能源储能产业合作，推进重点储能项目落地实施。近日，南方电网储能股份有限公司、南方电网调峰调频（广东）储能科技有限公司、湖南东方钪业股份有限公司及河南东钪新能源材料技术有限公司主要负责人一行在朔州经济开发区新兴产业园山西国润储能科技有限公司考察座谈。 考察期间，考察团实地了解企业发展历程、产学研合作成果及核心材料国产化突破成果。目前，依托开发区优质科创培育环境，山西国润储能深耕全钒液流电池领域，核心技术实现自主可控。企业自主研发的离子膜已实现规模化生产，电堆产能达500MW，建成从关键材料制备到系统集成的全链条交付体系，完备的产业架构和硬核技术实力，为承接国家级,http://mp.weixin.qq.com/s?__biz=Mzg3NjcyNzE4Nw==&mid=2247577230&idx=3&sn=424edd9db896b99aa10d7ff41f0bb00e,,据全球液流电池网获悉，为持续深化新能源储能产业合作，推进重点储能项目落地实施。近日，南方电网储能股份有限公司、南方电网调峰调频（广东）储能科技有限公司、湖南东方钪业股份有限公司及河南东钪新能源材料技术有限公司主要负责人一行在朔州经济开发区新兴产业园山西国润储能科技有限公司考察座谈。 考察期间，考察团实地了解企业发展历程、产学研合作成果及核心材料国产化突破成果。目前，依托开发区优质科创培育环境，山西国润储能深耕全钒液流电池领域，核心技术实现自主可控。企业自主研发的离子膜已实现规模化生产，电堆产能达500MW，建成从关键材料制备到系统集成的全链条交付体系，完备的产业架构和硬核技术实力，为承接国家级,据全球液流电池网获悉，为持续深化新能源储能产业合作，推进重点储能项目落地实施。近日，南方电网储能股份有限公司、南方电网调峰调频（广东）储能科技有限公司、湖南东方钪业股份有限公司及河南东钪新能源材料技术有限公司主要负责人一行在朔州经济开发区新兴产业园山西国润储能科技有限公司考察座谈。 考察期间，考察团实地了解企业发展历程、产学研合作成果及核心材料国产化突破成果。目前，依托开发区优质科创培育环境，山西国润储能深耕全钒液流电池领域，核心技术实现自主可控。企业自主研发的离子膜已实现规模化生产，电堆产能达500MW，建成从关键材料制备到系统集成的全链条交付体系，完备的产业架构和硬核技术实力，为承接国家级标杆储能项目筑牢了坚实根基。休息一下，看个广告 座谈会上，各方重点围绕南网丽江华坪产业园区电池储能项目、电池调频性能提升、产业链降本增效开展集中研讨对接。与会人员聚焦南方电网重点标杆工程、云南省首批新型储能示范项目——丽江华坪产业园区电池储能项目精准对接工作，明确由国润储能作为联合体牵头方，负责直流侧设备集成、电解液经营性租赁等核心工作，细化完善设备供货计划，全力保障项目按期投产。会议结合新型电力系统运行标准，充分肯定全钒液流电池本征安全、超长循环寿命、可深度充放电及毫秒级快速响应的技术优势，围绕调频K值、响应速度、调节精度等关键指标交流优化方案，明晰技术升级方向。同时，针对储能产业规模化发展趋势，双方一致表示，将依托各自技术、制造、集成、运营等领域优势，构建高效协同的产业链生态，聚力破解发展瓶颈，持续推动液流电池储能降本增效、规模化推广。 国润储能长期深耕全钒液流电池关键材料与核心技术研发。此次与南方电网的深度合作，不仅是企业技术实力获得国家级电网平台高度认可的体现，更是国润储能在长时储能领域迈出的关键一步。下一步，国润储能将充分发挥链核纽带作用，联合上下游伙伴，推动液流电池储能技术规模化应用，持续输出优质储能解决方案，为新型电力系统建设赋能增效，持续助力朔州经开区新能源产业高质量发展。近期热点及活动1、7.6GWh！含11个全钒液流，云南发改委、能源局发布2026年共享储能项目清单2、官宣定档！朝圣之旅，9月17-18日CFE2026第七届中国液流电池储能大会相约大连！参展、演讲、参会报名正式启动！3、AI的尽头是储能与电力！CFE2026第六届中国液流电池储能大会圆满落幕，新型储能“转正”从电力“配角”到六大新兴支柱产业进阶4、突破迎关键临界点！全球旗舰盛会—CFE2025第五届中国液流电池储能大会暨2024-2025年度液流品牌颁奖盛典圆满落幕5、获奖名单及终版议程发布！CFE2025第五届中国液流电池储能大会暨品牌颁奖盛典9月19-20日武汉盛大召开6、共筑全产业链生态繁荣！全球风向—CFE2025第四届中国液流电池储能大会、中国液流电池青年科学家论坛圆满落幕7、晚宴名单、参会总名单、终版议程发布｜CFE2025第四届中国液流电池储能大会3月3日盛大开幕8、全国首个！四川出台钒电池储能产业专项政策每月6日活动日，群内成员全开放1天近日，南方电网储能股份有限公司、南方电网调峰调频（广东）储能科技有限公司、湖南东方钪业股份有限公司及河南东钪新能源材料技术有限公司主要负责人一行在朔州经济开发区新兴产业园山西国润储能科技有限公司考察座谈。,,,,pending
南网储能修试公司举办储能价值实现与电力市场机制专家交流会,全球液流电池储能,全球液流电池储能,"RIOnews API, 长时储能, 液流电池, 产品发布, 发布, 官宣, 学术研究, 大学, 教授",normal,2026-07-31T08:56:16+08:00,,据全球液流电池网获悉，近日，南网储能修试公司组织召开储能价值实现与电力市场机制专家交流会，邀请英国剑桥大学Judge商学院商业经济学教授、剑桥大学能源政策研究中心副主任Michael G. Pollitt，以及电力交易与虚拟电厂领域专家廖宇参加交流。南网储能公司市场部、南网能源院相关人员受邀参加会议。 Michael G. Pollitt教授长期从事电力市场、能源监管、电网经济和低碳转型研究，曾为英国能源监管机构Ofgem等机构提供专业咨询，在国际能源经济与电力监管领域具有较高影响力。廖宇具有长期国际能源行业从业经历，曾在德国输电网、智能电网、储能和新能源汽车能源服务等领域工作，在电力交易、虚,http://mp.weixin.qq.com/s?__biz=Mzg3NjcyNzE4Nw==&mid=2247577230&idx=4&sn=c0357a3fd08fdbb4297401dedfb21c09,,据全球液流电池网获悉，近日，南网储能修试公司组织召开储能价值实现与电力市场机制专家交流会，邀请英国剑桥大学Judge商学院商业经济学教授、剑桥大学能源政策研究中心副主任Michael G. Pollitt，以及电力交易与虚拟电厂领域专家廖宇参加交流。南网储能公司市场部、南网能源院相关人员受邀参加会议。 Michael G. Pollitt教授长期从事电力市场、能源监管、电网经济和低碳转型研究，曾为英国能源监管机构Ofgem等机构提供专业咨询，在国际能源经济与电力监管领域具有较高影响力。廖宇具有长期国际能源行业从业经历，曾在德国输电网、智能电网、储能和新能源汽车能源服务等领域工作，在电力交易、虚,据全球液流电池网获悉，近日，南网储能修试公司组织召开储能价值实现与电力市场机制专家交流会，邀请英国剑桥大学Judge商学院商业经济学教授、剑桥大学能源政策研究中心副主任Michael G. Pollitt，以及电力交易与虚拟电厂领域专家廖宇参加交流。南网储能公司市场部、南网能源院相关人员受邀参加会议。 Michael G. Pollitt教授长期从事电力市场、能源监管、电网经济和低碳转型研究，曾为英国能源监管机构Ofgem等机构提供专业咨询，在国际能源经济与电力监管领域具有较高影响力。廖宇具有长期国际能源行业从业经历，曾在德国输电网、智能电网、储能和新能源汽车能源服务等领域工作，在电力交易、虚拟电厂、新能源并网和市场化商业模式方面具有丰富实践经验。 会议围绕“储能价值实现与电力市场机制”主题，介绍了南网储能公司的业务布局、抽水蓄能和新型储能电站运营情况，以及参与电力现货市场、辅助服务和安全调度的有关实践。与会人员重点就抽水蓄能与电化学储能的功能定位、储能基础收入与机会收入划分、容量收入与现货及辅助服务收入协调、安全调度损失补偿、储能充电费用、储能位置价值和社会成本效益评价等问题进行了深入交流。 交流认为，储能既是保障电力系统安全稳定运行的重要资源，也是促进新能源消纳、提升系统调节能力和支撑新型电力系统建设的重要力量。储能市场机制设计应从电力系统实际需求出发，首先明确容量、能量、调频、备用、惯量、无功支撑和局部拥塞管理等具体服务，再根据响应速度、持续时间、所在位置和服务性能制定相应的产品、计量和结算规则。抽水蓄能和电化学储能在技术特性、持续时间、建设周期和全寿命周期成本等方面各有优势，应当按照功能和时间尺度实现差异化定位、优势互补，并在同类标准化服务中公平参与市场竞争。休息一下，看个广告 会议指出，储能价值实现不仅是市场交易问题，也与设备资产管理紧密相关。抽水蓄能电站的水库容量、启停次数、备用要求和设备运行边界，以及电化学储能电站的荷电状态、循环效率、容量衰减和安全状态，都会直接影响市场交易能力和实际收益。市场策略不能脱离设备状态，设备管理也需要主动适应市场运行要求。只有将设备健康状态、寿命损耗、运行风险和检修需求纳入交易决策，推动生产、调度、交易和检修等专业协同，才能在确保安全的前提下提升储能资产运营质效。 近年来，南网储能公司主动适应电力市场化改革和新型电力系统建设要求，持续研究储能参与中长期交易、现货市场、辅助服务和容量机制的规则，积极探索抽水蓄能和新型储能多元价值实现路径。同时，坚持安全生产基础地位，持续完善设备全寿命周期管理体系，加强设备状态监测、试验检测、检修维护和数字化运行管理，推动市场信号与设备运行约束有效衔接，努力实现储能资产安全、可靠、经济运行。 针对安全调度改变市场计划、造成电站非市场化损失等实际问题，与会专家建议，应进一步厘清市场交易与安全调度的责任边界，建立可计量、可验证、可追溯的损失核验机制。对于由系统安全指令直接造成的增量成本，应在合理重构基准运行情景的基础上研究相应补偿安排，既维护系统安全，又保护市场主体的合理权益，形成与储能长期可持续发展相适应的激励约束机制。 此次交流进一步深化了南网储能公司对储能市场机制、价值形成逻辑和设备资产管理关系的认识。南网储能公司将以此次专家交流为契机，加强电力市场规则和储能价值实现机制的前瞻研究，考虑市场运行下的设备健康状态、检修及改造策略，积极推动有关研究成果转化为提升设备可靠性管理的具体策略，以更加科学的资产管理方法释放储能价值，以更加精益的管理保障设备安全，为新型电力系统建设和能源绿色低碳转型贡献南网储能力量。（叶家欣）近期热点及活动1、7.6GWh！含11个全钒液流，云南发改委、能源局发布2026年共享储能项目清单2、官宣定档！朝圣之旅，9月17-18日CFE2026第七届中国液流电池储能大会相约大连！参展、演讲、参会报名正式启动！3、AI的尽头是储能与电力！CFE2026第六届中国液流电池储能大会圆满落幕，新型储能“转正”从电力“配角”到六大新兴支柱产业进阶4、突破迎关键临界点！全球旗舰盛会—CFE2025第五届中国液流电池储能大会暨2024-2025年度液流品牌颁奖盛典圆满落幕5、获奖名单及终版议程发布！CFE2025第五届中国液流电池储能大会暨品牌颁奖盛典9月19-20日武汉盛大召开6、共筑全产业链生态繁荣！全球风向—CFE2025第四届中国液流电池储能大会、中国液流电池青年科学家论坛圆满落幕7、晚宴名单、参会总名单、终版议程发布｜CFE2025第四届中国液流电池储能大会3月3日盛大开幕8、全国首个！四川出台钒电池储能产业专项政策每月6日活动日，群内成员全开放1天近日，南网储能修试公司组织召开储能价值实现与电力市场机制专家交流会，邀请英国剑桥大学Judge商学院商业经济学教授、剑桥大学能源政策研究中心副主任Michael G. Pollitt，以及电力交易与虚拟电厂领域专家廖宇参加交流。,,,,pending
青海2026储能申报：电源侧不享受容量补偿，鼓励钠离子/液流/压缩空气等,全球液流电池储能,全球液流电池储能,"RIOnews API, 长时储能, 液流电池, 产品发布, 发布, 官宣",normal,2026-07-31T08:56:16+08:00,,据全球液流电池网获悉，7月29日，青海省能源局发布《组织申报青海省2026年电源侧新型储能项目》《组织申报青海省2026年多元储能试点项目》的通知。 文件指出，电源侧储能项目不享受发电侧可靠容量补偿政策，储能配置不纳入新建新能源项目核准、并网、上网的前置条件；多元储能试点项目符合条件的可依据《青海省发电侧可靠容量补偿机制》参与容量补偿。 《组织申报青海省2026年电源侧新型储能项目》 项目建成后可与所属新能源场站一体化参与电能量市场交易，有效平抑新能源出力波动、优化出力特性，提升场站整体并网运行效能。 结合场站装机规模、出力特性、区域电网接入条件及断面消纳压力，合理确定储能配置规模、放电时长等,http://mp.weixin.qq.com/s?__biz=Mzg3NjcyNzE4Nw==&mid=2247577230&idx=6&sn=90c44e4865baf087b87d72104098f508,,据全球液流电池网获悉，7月29日，青海省能源局发布《组织申报青海省2026年电源侧新型储能项目》《组织申报青海省2026年多元储能试点项目》的通知。 文件指出，电源侧储能项目不享受发电侧可靠容量补偿政策，储能配置不纳入新建新能源项目核准、并网、上网的前置条件；多元储能试点项目符合条件的可依据《青海省发电侧可靠容量补偿机制》参与容量补偿。 《组织申报青海省2026年电源侧新型储能项目》 项目建成后可与所属新能源场站一体化参与电能量市场交易，有效平抑新能源出力波动、优化出力特性，提升场站整体并网运行效能。 结合场站装机规模、出力特性、区域电网接入条件及断面消纳压力，合理确定储能配置规模、放电时长等,据全球液流电池网获悉，7月29日，青海省能源局发布《组织申报青海省2026年电源侧新型储能项目》《组织申报青海省2026年多元储能试点项目》的通知。 文件指出，电源侧储能项目不享受发电侧可靠容量补偿政策，储能配置不纳入新建新能源项目核准、并网、上网的前置条件；多元储能试点项目符合条件的可依据《青海省发电侧可靠容量补偿机制》参与容量补偿。 《组织申报青海省2026年电源侧新型储能项目》 项目建成后可与所属新能源场站一体化参与电能量市场交易，有效平抑新能源出力波动、优化出力特性，提升场站整体并网运行效能。 结合场站装机规模、出力特性、区域电网接入条件及断面消纳压力，合理确定储能配置规模、放电时长等技术指标，切实改善新能源出力特性，提升新能源消纳利用水平。 鼓励采用钠离子电池、液流电池、熔盐储热、压缩空气等多元化储能技术路线，鼓励应用构网型储能技术，提升新能源场站对电网的主动支撑能力；储能系统应与所属新能源场站实现协同控制，满足电网调度运行相关技术要求，按规定接入电网调度管理体系。休息一下，看个广告 《组织申报青海省2026年多元储能试点项目》 本次试点不包含抽水蓄能、常规锂离子电池电网侧/电源侧储能项目，不配套新增新能源建设规模，重点支持三类技术方向，包含短时高频功率型储能项目、长时储能技术试点项目、负荷侧储能试点项目。 面向系统频率调节和惯量支撑需求，以飞轮储能技术为主，鼓励探索其他短时高频功率型储能技术。项目须满足电网调频响应速度、惯量支撑能力等相关技术标准，具备毫秒级快速功率调节能力，能参与系统一次调频、惯量响应等服务。 面向新能源跨时段、跨季节消纳需求，鼓励采用长时钠离子电池储能、压缩二氧化碳储能、液态空气储能、熔盐储热储能、重力储能等技术路线。项目须具备长周期能量调节能力，放电时长适配新能源消纳场景需求，能平抑新能源出力波动，提升长周期消纳水平。 面向高载能工业用户、零碳产业园区、数据中心等场景，依托存量用电负荷配套建设。项目须具备灵活充放电调控能力，匹配用户负荷特性，实现削峰填谷和负荷平移，替代晚高峰外购电力，并具备与用户用电系统协同运行的控制机制。近期热点及活动1、7.6GWh！含11个全钒液流，云南发改委、能源局发布2026年共享储能项目清单2、官宣定档！朝圣之旅，9月17-18日CFE2026第七届中国液流电池储能大会相约大连！参展、演讲、参会报名正式启动！3、AI的尽头是储能与电力！CFE2026第六届中国液流电池储能大会圆满落幕，新型储能“转正”从电力“配角”到六大新兴支柱产业进阶4、突破迎关键临界点！全球旗舰盛会—CFE2025第五届中国液流电池储能大会暨2024-2025年度液流品牌颁奖盛典圆满落幕5、获奖名单及终版议程发布！CFE2025第五届中国液流电池储能大会暨品牌颁奖盛典9月19-20日武汉盛大召开6、共筑全产业链生态繁荣！全球风向—CFE2025第四届中国液流电池储能大会、中国液流电池青年科学家论坛圆满落幕7、晚宴名单、参会总名单、终版议程发布｜CFE2025第四届中国液流电池储能大会3月3日盛大开幕8、全国首个！四川出台钒电池储能产业专项政策每月6日活动日，群内成员全开放1天7月29日，青海省能源局发布《组织申报青海省2026年电源侧新型储能项目》《组织申报青海省2026年多元储能试点项目》的通知。,,,,pending
大规模电池故障爆发！中创新航翻车，锂电低价内卷时代终结,锂电联盟会长,锂电联盟会长,"RIOnews API, 前沿表征, 工况, 产品发布, 发布, 全新, 官宣, 技术进展, 技术突破, 前沿技术, 比亚迪, 宁德时代, CATL, 亿纬锂能, 亿纬, 中创新航, 中航锂电, 国轩高科, 国轩, 欣旺达, 磷酸铁锂, 铁锂, 软包, 储能, 储能系统, 循环寿命, 电池包, 电解液, 装机, 装机量, 装车, 装车量, 市场份额, 产能, GWh, 放缓, 降价, 价格战, 利润率, 港股, 政策, 补贴, 推出, 快充, 落地",normal,2026-07-31T08:47:11+08:00,,点击左上角“锂电联盟会长”，即可关注！近期，一场动力电池质量争议，将全球第四、国内第三大动力电池厂商中创新航（03931.HK）推至舆论焦点，也彻底揭开了新能源产业链长期低价内卷、成本挤压引发的质量隐患难题。7月18日晚间，广汽埃安与中创新航相继发布官方公告，针对搭载中创新航177Ah磷酸铁锂电池的AION S营运车型集中出现的电池故障问题，同步推出质保升级与售后保障方案。其中，广汽埃安官宣将涉事批次车辆的电池质保期限，由原本的8年15万公里延长至8年30万公里。同时承诺为电池异常车辆提供免费检测、维修及电池包更换服务，针对维修超时的车辆，还专项发放停运补贴，最大程度降低车主损失。中创新航、广,http://mp.weixin.qq.com/s?__biz=Mzg2ODg5MzM5Nw==&mid=2247582555&idx=5&sn=dca1bde4331fbfd8ddc84f09131e809a,,点击左上角“锂电联盟会长”，即可关注！近期，一场动力电池质量争议，将全球第四、国内第三大动力电池厂商中创新航（03931.HK）推至舆论焦点，也彻底揭开了新能源产业链长期低价内卷、成本挤压引发的质量隐患难题。7月18日晚间，广汽埃安与中创新航相继发布官方公告，针对搭载中创新航177Ah磷酸铁锂电池的AION S营运车型集中出现的电池故障问题，同步推出质保升级与售后保障方案。其中，广汽埃安官宣将涉事批次车辆的电池质保期限，由原本的8年15万公里延长至8年30万公里。同时承诺为电池异常车辆提供免费检测、维修及电池包更换服务，针对维修超时的车辆，还专项发放停运补贴，最大程度降低车主损失。中创新航、广,"点击左上角“锂电联盟会长”，即可关注！近期，一场动力电池质量争议，将全球第四、国内第三大动力电池厂商中创新航（03931.HK）推至舆论焦点，也彻底揭开了新能源产业链长期低价内卷、成本挤压引发的质量隐患难题。7月18日晚间，广汽埃安与中创新航相继发布官方公告，针对搭载中创新航177Ah磷酸铁锂电池的AION S营运车型集中出现的电池故障问题，同步推出质保升级与售后保障方案。其中，广汽埃安官宣将涉事批次车辆的电池质保期限，由原本的8年15万公里延长至8年30万公里。同时承诺为电池异常车辆提供免费检测、维修及电池包更换服务，针对维修超时的车辆，还专项发放停运补贴，最大程度降低车主损失。中创新航、广汽埃安公众号截图中创新航也同步跟进售后政策，明确旗下搭载对应电池的车辆，若出现电池系统故障，均可前往官方服务网点免费检测，根据故障情况享受免费维修及专属维保服务。据车主反馈及第三方检测报告显示，涉事AION S营运车辆普遍出现电芯鼓包、电解液漏液、电池绝缘故障等问题。在彻底排除车辆碰撞、泡水等外力损伤因素后，故障根源指向电池内部制造缺陷，并非用车环境导致。此次大规模质量风波，也让新能源汽车行业长期存在的恶性价格内卷、供应链成本承压等深层问题彻底暴露。国际智能运载科技协会秘书长张翔分析表示，本次中创新航质量事件，是行业极端内卷的典型缩影：终端车企持续承压，不断向上游转嫁降本压力，电池企业被迫压缩生产成本、精简工艺投入，最终直接抬升产品质量风险。值得关注的是，风波发生后，监管层面迅速出手规范行业秩序。7月24日，工信部装备工业一司赴广汽埃安、肇庆小鹏开展专项监督检查，重点核查车企智能网联安全保障、研发设计、生产一致性等核心准入能力，现场随机抽取整车、动力电池等产品送检，严格核验产品是否符合国家标准。7月28日，工信部再度发声，召开行业媒体座谈会，通报重点车企缩短供应商账期的推进情况，并聘任20家主流媒体担任首批“汽车行业账期问题监督员”，从供应链资金、营商环境层面整治行业乱象，倒逼产业链良性发展。联合资信、中诚信国际报告截图性价比突围背后：高速扩张暗藏质量隐患此次涉事的中创新航，前身为中航锂电，2015年12月落地江苏常州，主营动力电池、储能系统的研发、生产与销售。2021年品牌更名升级，2022年成功登陆港股，凭借极致性价比策略，迅速跻身行业第一梯队。行业公开评级数据清晰展现其低价突围逻辑：2022至2024年，宁德时代电池系统销售均价分别为0.97元/Wh、0.89元/Wh、0.65元/Wh；而同期中创新航产品均价仅为0.9元/Wh、0.66元/Wh、0.39元/Wh，价格优势十分显著。依托低价策略，中创新航快速抢占市场、实现规模跃升。公司年报数据显示，2025年其动力电池装机量位列全球第四、国内第三；全年营收达444亿元，同比增长60%，净利润20.95亿元，同比大幅增长148.4%。同时，公司成功绑定多家主流车企，合作客户覆盖小米、小鹏、蔚来、吉利、长安、丰田、大众等国内外一众车企。但高速扩张与极致降本的背后，是产品品控的短板暴露。本次故障车辆的拆解分析报告显示，电池核心问题集中在制造端：极片涂布不均匀、电解液水分管控不达标。车辆长期充放电循环过程中，电池内部持续产气，顶开防爆阀，造成电解液泄漏、铜排腐蚀，最终引发电池绝缘性能骤降、压差超标、鼓包漏液等一系列故障。张翔进一步从技术层面拆解故障诱因，一方面，该款电池电解液抗老化添加剂储备不足，网约车高频快充、大电流、高负荷的使用工况，会加速电解液氧化分解、持续产气，而家用车低负荷工况缺陷难以暴露；另一方面，这款大容量磷酸铁锂电芯单体尺寸偏大，循环过程中易产生内部应力集中，且模组端板泡棉缓冲设计不足，无法抵消电芯膨胀压力，最终造成电芯形变、故障频发。行业新趋势：动力电池进入C端品牌竞争时代此次质量风波，也印证了动力电池行业的全新竞争逻辑：行业竞争不再局限于B端车企合作，C端用户认知、电池品牌口碑，已然成为核心竞争力。以往动力电池企业深耕幕后、专注供货，如今头部企业纷纷发力C端品牌建设。以宁德时代为例，2024年起持续赞助欧洲顶级足球赛事，2026年美加墨世界杯期间更是上线黄健翔代言广告，打出“选电车看电池，认准宁德时代”的宣传口号，主动直面终端消费者塑造品牌认知。咪咕视频截图这一转型意义深远：动力电池企业不再是依附车企的上游供应商，而是独立打造品牌资产、抢占用户心智的消费级品牌。凭借技术壁垒与C端口碑，头部电池企业在与车企合作中掌握更强话语权，甚至具备产品溢价能力。新质生产力联合创始人袁帅表示，头部品牌的C端深耕，对二线电池厂商形成无形挤压。此前理想汽车推出i6车型时，曾调研用户是否愿意搭载欣旺达电池，并配套更长质保政策，但终端用户接受度极低，足以看出电池品牌对消费者购车决策的决定性影响。当前终端市场已形成固定认知：搭载头部品牌电池的车型更受信任、具备溢价空间；而二线电池厂商只能依靠低价、宽松商务政策抢占市场，利润空间持续被压缩，可投入品控、研发的资源进一步受限，陷入“低价换市场、降本损品质”的恶性循环。产业链囚徒困境终结：从价格内卷转向价值竞争当下汽车产业整体承压，内卷态势持续加剧。数据显示，今年上半年国内乘用车零售870.1万辆，同比下滑20.2%；新能源乘用车零售470.4万辆，同比下滑14%。1-5月汽车行业利润1440亿元，同比下降20%，行业利润率仅3.4%，创下五年同期新低。图源/崔东树微信公众号车企终端降价走量的同时，还要持续加码智能驾驶、智能座舱等新技术研发，成本压力持续攀升。作为整车成本占比最高的核心部件，动力电池成为车企降本的主要突破口，这也让主打性价比的二线电池厂迎来短期增量机遇。多家二线电池企业业绩迎来高增，国轩高科、亿纬锂能2026年上半年净利润均实现大幅同比增长。乘联分会数据显示，今年上半年国内锂电池装车量336GWh，宁德时代、比亚迪合计占据64.1%的市场份额，行业聚集效应有所放缓，二线厂商合计留存约35%市场空间。但产业链“一分钱一分货”的底层逻辑从未改变。电池企业既要持续迭代技术、提升产品性能，又要应对原材料涨价、车企压价、产能利用率波动等多重压力，极致降本必然牺牲品质冗余。业内人士预判，若行业低价内卷乱象得不到根治，后续其他二线电池品牌或将陆续爆发同类质量问题。张翔认为，此次中创新航风波是重要行业警示，倒逼车企摒弃单纯价格导向的采购逻辑，预留充足成本空间保障电池测试与品控，推动行业从恶性价格战转向高质量价值竞争。新闻时评人、广东省社会政策研究会副秘书长高承远表示，当前行业“反内卷”政策的核心价值，是划定竞争底线，明确品质、安全、工艺等不可压缩的核心成本，为行业良性竞争、价值升级创造制度空间。政策可整治恶性竞争，但行业格局的重塑，最终依靠企业的技术突破、品质管控与品牌积淀。北方工业大学汽车产业创新研究中心主任纪雪洪补充道，二线电池品牌想要实现进阶突围，无法依靠低价内卷，必须在精细化品控、优质服务、前沿技术布局上持续发力，依托差异化价值打破行业固化格局。相关阅读：锂离子电池制备材料/压力测试！锂电池自放电测量方法：静态与动态测量法！软包电池关键工艺问题！一文搞懂锂离子电池K值！工艺，研发，机理和专利！软包电池方向重磅汇总资料分享！揭秘宁德时代CATL超级工厂！搞懂锂电池阻抗谱(EIS)不容易,这篇综述值得一看！锂离子电池生产中各种问题汇编！锂电池循环寿命研究汇总（附60份精品资料免费下载）点击左上角“锂电联盟会长”，即可关注！",,,,pending
空间电场精准调控！海胆状功能框架解锁锂硫电池硫转化新机制,锂电联盟会长,锂电联盟会长,"RIOnews API, 新材料, 复合材料, 隔膜, 高比能, 硫基, 锂硫电池, 前沿表征, 原位, 工况, 学术研究, 大学, 教授, 宁德时代, CATL, 软包, 储能, UPS, 长循环, 循环寿命, 电解液, 落地",normal,2026-07-31T08:47:11+08:00,,点击左上角“锂电联盟会长”，即可关注！【研究背景】锂硫（Li-S）电池凭借2600 Wh/kg的超高理论能量密度，叠加硫原料储量充足、成本低廉的优势，成为下一代高比能储能技术的核心发展方向之一，具备极高的应用潜力。但目前锂硫电池仍存在诸多固有技术瓶颈：单质硫及其放电产物硫化锂（Li₂S）本身绝缘性极差，充放电过程中产生的可溶性多硫化物易引发穿梭效应，同时电极会出现明显的体积膨胀收缩问题，且硫物种转化反应动力学缓慢。多重问题叠加，直接导致电池容量快速衰减、库伦效率偏低、长期循环稳定性不足，严重制约产业化落地。从电化学反应机制来看，硫的还原过程并非简单的一步反应，而是涵盖长链多硫化物富集、硫链断裂,http://mp.weixin.qq.com/s?__biz=Mzg2ODg5MzM5Nw==&mid=2247582555&idx=2&sn=d8c5c6d51be6fa82a7389e62cb331fd9,,点击左上角“锂电联盟会长”，即可关注！【研究背景】锂硫（Li-S）电池凭借2600 Wh/kg的超高理论能量密度，叠加硫原料储量充足、成本低廉的优势，成为下一代高比能储能技术的核心发展方向之一，具备极高的应用潜力。但目前锂硫电池仍存在诸多固有技术瓶颈：单质硫及其放电产物硫化锂（Li₂S）本身绝缘性极差，充放电过程中产生的可溶性多硫化物易引发穿梭效应，同时电极会出现明显的体积膨胀收缩问题，且硫物种转化反应动力学缓慢。多重问题叠加，直接导致电池容量快速衰减、库伦效率偏低、长期循环稳定性不足，严重制约产业化落地。从电化学反应机制来看，硫的还原过程并非简单的一步反应，而是涵盖长链多硫化物富集、硫链断裂,"点击左上角“锂电联盟会长”，即可关注！【研究背景】锂硫（Li-S）电池凭借2600 Wh/kg的超高理论能量密度，叠加硫原料储量充足、成本低廉的优势，成为下一代高比能储能技术的核心发展方向之一，具备极高的应用潜力。但目前锂硫电池仍存在诸多固有技术瓶颈：单质硫及其放电产物硫化锂（Li₂S）本身绝缘性极差，充放电过程中产生的可溶性多硫化物易引发穿梭效应，同时电极会出现明显的体积膨胀收缩问题，且硫物种转化反应动力学缓慢。多重问题叠加，直接导致电池容量快速衰减、库伦效率偏低、长期循环稳定性不足，严重制约产业化落地。从电化学反应机制来看，硫的还原过程并非简单的一步反应，而是涵盖长链多硫化物富集、硫链断裂重排、短链硫化物生成、硫化锂成核沉积的多阶段液固转化过程。电池反应的不同阶段，对界面吸附能力、离子与电子传输效率、物质成核环境的适配需求存在显著差异。然而传统催化体系无法实现分阶段精准调控，只能将多硫化物富集、转化、沉积等一系列反应集中在同一界面完成，极易引发物质无序扩散、硫化锂局部堆积等问题，最终造成电极界面钝化、反应持续受阻。因此，通过空间维度精准调控反应时序、分区匹配反应需求，成为当前突破锂硫电池性能瓶颈、提升综合储能性能的关键研究突破口。【工作介绍】针对上述问题，广东工业大学刘全兵教授团队构筑了具有高曲率尖端和硒化梯度外层的空心海胆状NiCo2O4-xSex框架，并将其用于功能化隔膜。该体系把尖端局域电场与硒调控的电子结构优化相耦合：高曲率尖端产生局部电场聚焦，驱动LiPSs与Li+沿势能梯度优先向尖端区域富集并启动转化；硒化梯度层则调节Co位点电子结构，增强Co-S相互作用并促进S-S键极化和断裂。由此，多硫化物反应由随机扩散转变为具有方向性的空间过程——在尖端富集并启动，在梯度层内连续传递与转化，最终在内侧实现可控Li2S沉积。这种“富集-转化-沉积”的空间分工既抑制穿梭，也避免绝缘产物在外表面快速堆积。相关成果以“Spatial Electric Field Effect-Driven Efficient Sulfur Reduction Reaction”为题发表在Advanced Materials。【内容表述】1. 高曲率空心海胆结构与硒化梯度外层研究团队依托前驱体自组装工艺结合两步奥斯特瓦尔德熟化策略，构筑空心刺状海胆分级结构，进一步通过表面硒化处理，成功制备 NiCo₂O₄₋ₓSeₓ复合材料。COMSOL 仿真结果显示，相较于球面、半球面结构，高曲率锥形尖端能够诱导电荷在表面聚集，产生显著的电场聚焦效应，构筑高梯度反应热点。SEM、TEM 与高分辨透射电镜（HRTEM）表征结果证实，该材料同时具备空心内腔、开放式纳米针阵列以及表层硒化改性结构；增强的电子顺磁共振（ESR）信号也验证，硒化改性可在材料表面引入大量缺陷位点与自旋活性中心。图1. NiCo2O4-xSex的合成、高曲率尖端电场模拟及形貌结构表征。借助 XPS、XRD、拉曼光谱以及同步辐射 XAS 多种表征手段开展深度解析，结果表明：硒元素主要诱导材料表层发生结构重构，同步伴随表面氧化现象，最终构建出氧、硒共存的梯度化学区域。材料内部 Co-O、Co-Se 第一配位壳层出现配位结构重组，但尖晶石主体晶体骨架得以维持。这种独特的梯度化学微环境，为实现界面极化调控、硫链逐级转化以及硫化物分区沉积创造了有利结构条件。图2. 硒化梯度外层的晶体结构、深度剖析XPS及Co局域配位证据2. 局域电场驱动矢量化硫反应路径功函数计算结果证实，NiCo₂O₄与 NiCo₂O₄₋ₓSeₓ形成异质界面后将引发静电势重新分布；加之高曲率锥形尖端能够进一步拉大局部电势梯度，驱动多硫化锂（LiPSs）与锂离子由基体向尖端定向迁移。基于上述现象，研究团队提出一种自由基参与的 “尖端启动 - 底部再生” 级联反应机制：尖端位点优先捕获锂离子，并与迁移抵达的硫自由基中间体相互结合，生成 Li₂S₄；随后 Li₂S₄向电子富集程度更高的内部区域扩散，持续得到电子并实现自由基再生，由此构建具备空间接力特征的闭环转化通路。DFT 理论计算从热力学与动力学层面验证了该反应机制的合理性。相较于原始材料，NiCo₂O₄₋ₓSeₓ对各类硫基中间体拥有适配的吸附作用，可防止结合作用力过强困住反应产物、形成转化陷阱；同时该材料能够有效降低锂离子迁移势垒，平滑硫还原反应的自由能变化曲线，并且下调 Li₂S 氧化分解能垒，保障锂离子持续传输，维持活性位点长期有效利用。图3. 功函数对齐、空间电场驱动物种迁移及硫还原反应能量路径3. 硒调控Co位点电子结构与成键偏置电子结构分析结果显示，硒化改性不会从宏观层面改变 Co 位点固有的 eg/t₂g 晶场分裂特征，而是通过调控电子填充状态推动 Co 3d 轨道整体向费米能级靠近；材料 d 带中心由 - 5.47 eV 提升至 - 4.43 eV，有效提升反应相关轨道的可及程度。在各类轨道中，dz₂轨道少数自旋占据量增幅最为显著，对应的轨道分辨 d 带中心同样出现最大程度上移。吸附体系 pCOHP 分析证实，上述电子结构演变形成独特成键调控效应：实现 Co-S 化学键强化、S-S 化学键弱化的成键倾向性调控。更强的 Co-S 相互作用有助于稳定锚定多硫化物、促进界面电荷传递；与此同时，弱化后的 S-S 键更易发生极化与断裂。该结论从电子本源角度阐明，改性材料可以同步实现多硫化物高效吸附与硫链快速转化双重功能。图4. Co位点轨道占据、d带中心移动及Co-S/S-S成键分析4. 多硫化物富集与连续转化动力学分子尺度径向分布函数计算、紫外光电子能谱（UPS）表征与宏观吸附测试相互印证，NiCo₂O₄₋ₓSeₓ可在界面构筑稳定性更优的 Li₂S₆富集层。测试结果显示，该材料对多硫化物吸附效率高达 99.6%，同时具备更低的电解液接触角。原位拉曼光谱测试中，可溶性长链多硫化锂（Li₂Sₓ）特征信号显著衰减，证明长链硫中间体能够被有效限域在功能界面附近并迅速参与转化反应，从源头抑制多硫化物向外扩散引发的穿梭效应。图5. LiPSs界面富集、吸附率、润湿性及原位拉曼证据基于 Li₂S₆对称电池测试结果，NiCo₂O₄₋ₓSeₓ电极展现出更高的氧化、还原峰值电流，同时氧化还原峰之间的极化程度显著降低；体系锂离子迁移数有所提升，GITT 测试中的电压动态响应更为平稳。变温循环伏安测试结合 Arrhenius 方程拟合证实，硫转化反应的表观活化能明显下降。原位电化学阻抗谱（EIS）搭配 DRT 解析进一步表明，界面电荷转移阻力以及慢速转化过程的阻抗得到有效削减。上述一系列测试结果充分证明，梯度化学结构可在高物质通量工况下，保障锂离子传输与界面电化学反应持续顺畅进行。图6. 多硫化物转化、Li+传输、变温动力学及原位阻抗分析5. Li₂S由无序堆积转向内侧可控沉积恒电位诱导 Li₂S 沉积实验表明，原始 NiCo₂O₄体系容易发生快速三维岛状团聚成核；与之相比，NiCo₂O₄₋ₓSeₓ上 Li₂S 更趋向二维平面铺展生长，能够有效缓解活性产物局部堆积问题。借助准原位深度剖析 XPS，可以清晰观测硫物种的空间梯度分布规律：材料外表面以长链 Li₂S₆、Li₂S₈为主，沿纵深方向逐步转变为 Li₂S₄、Li₂S₂，材料内侧区域则富集 Li₂S。循环后电极的三维 ToF-SIMS 重构结果进一步印证该分布特征：长链多硫化物信号强度较低，短链硫物种与低价硫化物更多分布于材料内部；电解液分解衍生的碎片物质主要聚集在近表层。多种深度分辨表征相互佐证，材料外侧尖端区域负责捕获硫中间体并推动硫链逐级转化，靠近骨架的内侧构建适宜 Li₂S 成核的微环境，由此避免绝缘态 Li₂S 在电极表层大量沉积、堵塞反应界面。图7. Li2S成核模式、深度剖析XPS及3D ToF-SIMS揭示的定向沉积6. 高倍率、长循环与软包电池验证依托独特的空间分工反应机制，NiCo₂O₄₋ₓSeₓ正极表现出优异的电化学性能：在 0.1 C 电流密度下放电比容量可达 1415 mAh g⁻¹，即使提升至 10 C 超高倍率，依旧能够释放 471 mAh g⁻¹ 的容量；当电流回调至 0.1 C 时，容量实现大幅恢复。该材料的 Q₂/Q₁比值可达 2.41，同时具备更小的极化电压与更低的 Li₂S 成核势垒。长周期循环测试结果表明，1 C 条件下循环 500 圈后，电池仍保有 693 mAh g⁻¹ 左右的比容量；10 C 工况初始容量高达 619 mAh g⁻¹，显著优于未进行硒化改性的对照组材料。在高硫负载的严苛条件下，电池经过 100 次充放电循环依旧维持可观的容量水平。基于该改性材料构筑的软包电池在 0.1 C 下实现稳定循环，库仑效率接近 100%。将多枚软包电池串联组装后，可稳定驱动无人机运行，直观验证了这套空间电场 - 梯度界面调控策略在实际储能场景中应用的潜力。图8. 倍率、长循环、高硫载量及软包电池性能相关阅读：锂离子电池制备材料/压力测试！锂电池自放电测量方法：静态与动态测量法！软包电池关键工艺问题！一文搞懂锂离子电池K值！工艺，研发，机理和专利！软包电池方向重磅汇总资料分享！揭秘宁德时代CATL超级工厂！搞懂锂电池阻抗谱(EIS)不容易,这篇综述值得一看！锂离子电池生产中各种问题汇编！锂电池循环寿命研究汇总（附60份精品资料免费下载）点击左上角“锂电联盟会长”，即可关注！",,,,pending
全域突围！青岛锂电强势崛起：守材料底盘、补制造短板、抢下一代技术,锂电联盟会长,锂电联盟会长,"RIOnews API, 新材料, 碳, 隔膜, 聚合物, 高比能, 硅, 前沿表征, 原位, 固态电池, 固态电解质, 钠离子电池, 钠电, 产品发布, 发布, 全新, 上市, 合作进展, 投资, 合作, 技术进展, 技术突破, 颠覆性技术, 前沿技术, 下一代技术, 量产推进, 产能, 扩产, 比亚迪, 宁德时代, CATL, 国轩高科, 国轩, 力神, 鹏辉能源, 磷酸铁锂, 铁锂, 软包, 储能, 储能电芯, 系统集成, 工商业储能, 电力储能, PCS, BMS, 储能变流器, 算力中心, 高安全, 循环寿命, 电池管理系统, 热管理, 电池回收, 负极材料, 电解液, 出货, 出货量, 市场份额, GWh, 投产, 海外, 本地化, 中试, 中试线, 样品, 并网, 落地",normal,2026-07-31T08:47:11+08:00,,点击左上角“锂电联盟会长”，即可关注！能源革命持续深化、AI算力高速扩张、新型电力系统加速落地，全球所有前沿产业的底层支撑，都离不开一项核心基础产业——电池。大众对电池早已不陌生，但它当下的战略价值，早已远超大众认知。电池不再只是手机、电脑、新能源车的核心零部件，而是渗透千行百业的底层能源载体，成为现代社会的“能源毛细血管”。无论是无人机作业、工业机器人生产、算力中心不间断供能，还是风光新能源平稳并网消纳，以锂电池为核心的电池产业，已然成为全球能源变革与科技迭代的关键支撑。近些年全球电池产业迎来爆发式增长，行业复合增速超50%，仅中国锂电产业规模就已突破万亿级别。展望未来，行业仍将维持20%–,http://mp.weixin.qq.com/s?__biz=Mzg2ODg5MzM5Nw==&mid=2247582555&idx=4&sn=ea69efc39007f3637e7874c6a655ffbf,,点击左上角“锂电联盟会长”，即可关注！能源革命持续深化、AI算力高速扩张、新型电力系统加速落地，全球所有前沿产业的底层支撑，都离不开一项核心基础产业——电池。大众对电池早已不陌生，但它当下的战略价值，早已远超大众认知。电池不再只是手机、电脑、新能源车的核心零部件，而是渗透千行百业的底层能源载体，成为现代社会的“能源毛细血管”。无论是无人机作业、工业机器人生产、算力中心不间断供能，还是风光新能源平稳并网消纳，以锂电池为核心的电池产业，已然成为全球能源变革与科技迭代的关键支撑。近些年全球电池产业迎来爆发式增长，行业复合增速超50%，仅中国锂电产业规模就已突破万亿级别。展望未来，行业仍将维持20%–,"点击左上角“锂电联盟会长”，即可关注！能源革命持续深化、AI算力高速扩张、新型电力系统加速落地，全球所有前沿产业的底层支撑，都离不开一项核心基础产业——电池。大众对电池早已不陌生，但它当下的战略价值，早已远超大众认知。电池不再只是手机、电脑、新能源车的核心零部件，而是渗透千行百业的底层能源载体，成为现代社会的“能源毛细血管”。无论是无人机作业、工业机器人生产、算力中心不间断供能，还是风光新能源平稳并网消纳，以锂电池为核心的电池产业，已然成为全球能源变革与科技迭代的关键支撑。近些年全球电池产业迎来爆发式增长，行业复合增速超50%，仅中国锂电产业规模就已突破万亿级别。展望未来，行业仍将维持20%–30%的年均高增速，是仅次于AI、具身智能的顶级高成长赛道之一。在此产业风口下，青岛顺势出台三年动力储能电池产业创新发展行动方案，精准卡位新能源黄金赛道。依托得天独厚的石墨资源禀赋与长期产业积淀，青岛在锂电正负极材料、导电剂、隔膜等关键材料领域形成扎实优势。未来，青岛将持续放大材料端优势，补齐PACK集成、BMS电池管理系统、PCS储能变流器、热管理等核心配套短板，打通关键材料、电芯制造、系统集成、回收利用、场景应用全链条，打造具备全国核心竞争力的锂电与储能产业高地。鹏辉能源电芯产线正在加紧生产一、角色巨变：电池从零部件升级为国家级战略资产在全球能源体系深度重构的背景下，电池的产业定位已经彻底改写，从传统的终端配套部件，跃升为核心“战略资产”。过去十年，全球电池产业的增长逻辑由动力电池主导，新能源汽车产业的爆发式增长，催生了海量电芯需求，也孕育出宁德时代等一批全球龙头企业。而如今，电池产业的成长逻辑全面拓宽，深度绑定新型电力系统建设，成为新能源基础设施的核心组成部分。据券商研报预测，2026年全球锂电产业将迈入全新增长周期，整体出货量有望达到3016.3GWh，同比增速32.26%；其中储能电池增速高达50%–60%，正式接替动力电池，成为行业增长第一引擎。在国内产业布局中，新型储能战略地位持续抬升，与集成电路、航空航天、生物医药、低空经济、智能机器人并列，成为“十五五”重点培育的六大新兴支柱产业之一，战略分量不言而喻。随着低空经济、人形机器人、大型算力储能等新兴赛道崛起，电池的应用场景持续扩容，行业竞争逻辑彻底迭代。目前我国锂电产业总规模已突破2万亿元，前期行业依靠新能源汽车红利与磷酸铁锂低成本优势，经历了一轮规模化扩张与激烈价格内卷。而在行业逐步成熟后，市场竞争从“拼成本、拼规模”转向“拼性能、拼安全、拼寿命”，高能量密度、高安全性、长寿命电池成为刚需，推动锂电产业开启新一轮技术迭代与产品升级。从全球格局来看，我国锂电产业优势稳固，出货量占全球70%以上，全球动力电池前十企业中独占六席。但伴随全球贸易规则重塑，行业外部环境持续变化，电池产业正式告别野蛮生长，进入技术、产业链、全球化综合竞争的全新周期，新一轮产业机遇全面开启。二、夯实优势：材料为王，筑牢青岛产业压舱石完整锂电产业链中，核心材料是青岛最核心、最不可替代的产业壁垒。锂电池是多材料协同构成的复杂系统，正负极、电解液、隔膜、导电剂等核心材料直接决定电池性能与成本。依托优质石墨资源，青岛在锂电关键材料领域集聚了一批行业标杆企业，包括乾运高科、新正锂业、青岛洛唯、新泰和纳米、青岛昊鑫、蓝科途等，诸多国内、全球龙头纷纷落地布局。其中，青岛洛唯由碳一新能源与全球负极龙头贝特瑞联合成立；青岛昊鑫为上市公司道氏技术旗下核心主体，碳纳米管导电材料市场份额稳居行业前列。依托莱西石墨核心资源，青岛负极材料全国市场占比超30%，形成无可替代的区域产业优势。当前行业竞争格局下，材料成本占电芯总成本近80%，材料技术与产能优势，直接决定企业与区域产业的核心竞争力，也为青岛锂电产业持续领跑奠定基础。今年以来，青岛多个锂电材料重点项目加速落地，产业势能持续释放。总投资10.8亿元的芯源高端车用锂电负极项目顺利开工，已成功对接宁德时代、比亚迪等国内龙头，以及浦项制铁、日立等世界500强企业，达成采购意向；青岛洛唯年产6万吨负极材料、2万吨石墨负极项目进入环评阶段，叠加现有石墨纯化、硅碳前驱体产线，产能矩阵持续完善；碳一新能源“三基地一总部一院一馆”布局提速，10万吨石墨深加工基地主体完工，青岛石墨研究院落地投用，聚焦石墨烯导热膜、硅碳复合负极等前沿赛道，推动产业向高端价值链攀升。三、补齐短板：发力电芯与系统集成，构建区域产业护城河如果说锂电材料是青岛的产业压舱石，那么电芯制造、PACK集成、系统配套，就是青岛本轮产业升级需要重点补齐的核心短板。依托本地新能源汽车产业基础，青岛已落地力神、国轩高科等电池项目，但相较于全国领先的材料产业地位，电芯与系统集成产能规模、行业影响力仍有较大提升空间。而储能产业的爆发式增长，为青岛补齐短板提供了绝佳窗口期。不同于动力电池侧重车企配套，储能电池更依赖本地化产能与就近服务半径。全球储能电池十强企业鹏辉能源落地青岛，聚焦磷酸铁锂储能电芯生产，重点服务山东及华北电力储能、工商业储能市场，依托本地化布局构建区域服务优势。储能场景对运输安全、就近运维的高要求，让青岛具备天然地理护城河优势，为本地扩产电芯、PACK产能、完善储能配套创造绝佳机遇。同时，行业呈现整车与电池企业双向整合的趋势，车企自建、合资建厂已成常态，产业整合加速。青岛坐拥奇瑞、五菱、一汽大众、一汽解放等多家整车制造企业，依托本地整车场景精准布局电池产能、系统配套，成为青岛突围锂电产业竞争的关键路径。目前，一汽大众华东基地海外混动电池项目已正式投产，生产的HEV精密电池总成批量供货大众全球工厂，配套德、捷克、巴西等多国混动车型，标志着青岛电池配套能力成功切入全球供应链体系。四、瞄准未来：卡位下一代电池技术，抢占产业制高点产业布局既要深耕当下，更要决胜未来。当前传统液态锂电池能量密度已逼近物理极限，安全痛点难以彻底根除，行业亟需颠覆性技术突破，固态电池、钠离子电池成为下一代电池的核心突破口。固态电池凭借固态电解质替代液态电解液，彻底解决传统电池易燃、易爆、能量密度受限等痛点，是行业公认的终极技术路线。而青岛在固态电池领域已提前布局、抢占先机，拥有扎实的研发与产业化基础。中科院青岛能源所孵化的深蓝汇泽，全球首创“刚柔并济”“原位固化”新型固态电解质技术，迭代开发四代固态电池体系，已建成国内首条1GWh聚合物固态电池产线。青岛中科源本也于近期发布第一代车载硫化物全固态电池样品与AI服务器专用电容产品，建成自主知识产权中试线，产品通过龙头企业验证，合作落地可期。未来青岛将持续推动聚合物、硫化物、氧化物多技术路线并行突破，加速前沿技术产业化落地。与此同时，能够摆脱锂资源约束、适配低成本大规模储能的钠离子电池，也是重点布局方向。依托本地高校科研力量，青岛持续攻坚钠电核心技术，并联合鹏辉能源落地10MWh钠离子储能示范项目，未来将推动示范项目规模化、产业化复制，完善钠电全产业链布局。除此之外，动力电池回收赛道迎来规范化发展新阶段。随着新版《新能源汽车废旧动力电池回收和综合利用管理暂行办法》正式实施，行业告别粗放发展，进入全生命周期溯源、规范化高值利用的新阶段。青岛将加快搭建废旧电池回收利用体系，培育龙头回收企业，突破低值材料再生、高值化复用技术，打造区域性动力电池循环利用基地，实现锂电产业绿色闭环发展。相关阅读：锂离子电池制备材料/压力测试！锂电池自放电测量方法：静态与动态测量法！软包电池关键工艺问题！一文搞懂锂离子电池K值！工艺，研发，机理和专利！软包电池方向重磅汇总资料分享！揭秘宁德时代CATL超级工厂！搞懂锂电池阻抗谱(EIS)不容易,这篇综述值得一看！锂离子电池生产中各种问题汇编！锂电池循环寿命研究汇总（附60份精品资料免费下载）点击左上角“锂电联盟会长”，即可关注！能源革命持续深化、AI算力高速扩张、新型电力系统加速落地，全球所有前沿产业的底层支撑，都离不开一项核心基础产业——电池。",,,,pending
氧掺杂与纳米无序化协同调控：降低硫化物固态电池 FeF₂正极电压滞后,锂电联盟会长,锂电联盟会长,"RIOnews API, 固态电池, 固态电解质, 学术研究, 大学, 教授, 期刊, 宁德时代, CATL, 软包, 循环寿命, 正极材料",normal,2026-07-31T08:47:11+08:00,,点击左上角“锂电联盟会长”，即可关注！ 近日，湘潭大学材料科学与工程学院在固态电池领域取得重要进展，相关成果发表在国际顶级期刊《先进材料》（Advanced Materials，IF=29.1）。研究成果以《通过氧掺杂和纳米无序化降低FeF2正极在硫化物固态电池中的电压滞后》（Reducing Voltage Hysteresis of FeF2via Oxygen Doping and Nano-Disordering in Sulfide All-Solid-State Batteries）为题，在读博士研究生陈俊宇、李兴林及博士后张雪东为论文共同第一作者，材料科学与工程学院黄建宇教授团队,http://mp.weixin.qq.com/s?__biz=Mzg2ODg5MzM5Nw==&mid=2247582555&idx=3&sn=0e1bbd79d5dd76f7b7df053cf1536392,,点击左上角“锂电联盟会长”，即可关注！ 近日，湘潭大学材料科学与工程学院在固态电池领域取得重要进展，相关成果发表在国际顶级期刊《先进材料》（Advanced Materials，IF=29.1）。研究成果以《通过氧掺杂和纳米无序化降低FeF2正极在硫化物固态电池中的电压滞后》（Reducing Voltage Hysteresis of FeF2via Oxygen Doping and Nano-Disordering in Sulfide All-Solid-State Batteries）为题，在读博士研究生陈俊宇、李兴林及博士后张雪东为论文共同第一作者，材料科学与工程学院黄建宇教授团队,"点击左上角“锂电联盟会长”，即可关注！ 近日，湘潭大学材料科学与工程学院在固态电池领域取得重要进展，相关成果发表在国际顶级期刊《先进材料》（Advanced Materials，IF=29.1）。研究成果以《通过氧掺杂和纳米无序化降低FeF2正极在硫化物固态电池中的电压滞后》（Reducing Voltage Hysteresis of FeF2via Oxygen Doping and Nano-Disordering in Sulfide All-Solid-State Batteries）为题，在读博士研究生陈俊宇、李兴林及博士后张雪东为论文共同第一作者，材料科学与工程学院黄建宇教授团队的黄俏副教授为论文唯一通讯作者，我校为论文第一完成单位。FeF2正极凭借其高理论比容量（约571 mAh/g）和较高的工作电压，被视为下一代高能量密度锂电池的理想材料。在硫化物固态电池体系中，固态电解质可有效抑制过渡金属溶解等问题，这为FeF2正极的应用带来新机遇。然而，FeF2在充放电过程中存在严重的电压滞后现象，不仅导致能量效率低，还加剧了转换反应的不可逆性，这是制约其在固态电池中性能发挥的瓶颈。虽然行业内先后提出诸多解决方案，但效果均不理想。因此，如何降低FeF2循环周期中电压滞后，是亟待解决的重要课题。针对上述挑战，团队创新性地提出了“氧掺杂-纳米无序化”协同改性策略。该策略通过在晶态FeF2晶格中引入适量氧原子部分取代氟位，同时构建纳米尺度的无序结构，从电子结构与晶体构型两个维度同步调控转换反应动力学。“氧掺杂-纳米无序化”策略不仅提升了材料本征电子电导率，降低了锂离子迁移能垒，更打破了长程有序晶格的束缚，为锂离子扩散提供更开放的通道，从根本上改善了FeF2电压滞后问题。并且有效缓解FeF2/硫化物电解质界面副反应，提升循环可逆性。通过该策略制备的氧掺杂-纳米无序FeF2（OAT-FeF2）正极在硫化物全固态电池中表现出显著优化的电化学性能。在保持优异循环性能（250次循环后容量保持率为80%）的同时维持极低的电压滞后（153 mV）。原子尺度表征结合第一性原理计算进一步表明OAT-FeF2正极与硫化物电解质可以形成更稳定界面，有效抑制了界面副反应的发生。该研究工作为推动金属氟化物正极材料的实用化开辟了新路径。相关阅读：锂离子电池制备材料/压力测试！锂电池自放电测量方法：静态与动态测量法！软包电池关键工艺问题！一文搞懂锂离子电池K值！工艺，研发，机理和专利！软包电池方向重磅汇总资料分享！揭秘宁德时代CATL超级工厂！搞懂锂电池阻抗谱(EIS)不容易,这篇综述值得一看！锂离子电池生产中各种问题汇编！锂电池循环寿命研究汇总（附60份精品资料免费下载）点击左上角“锂电联盟会长”，即可关注！",,,,pending
相约常州｜2026中国固态电池和硅碳负极大会，创锂新材料邀您相会！,锂电联盟会长,锂电联盟会长,"RIOnews API, 新材料, 电池材料, 碳, 聚合物, 高比能, 硅, 固态电池, 学术研究, 大学, 科学院, 研究所, 宁德时代, 宁德新能源, 时代新能源, 国轩高科, 国轩, 欣旺达, 欣旺达动力, 孚能科技, 鹏辉能源, 储能, 投资, 实验室",normal,2026-07-31T08:47:11+08:00,,2026中国固态电池技术大会暨中国硅碳负极高峰论坛交通路线：常州富都洲际酒店常州奔牛国际机场至会议酒店车程约41公里。武进站至会议酒店车程约2公里。常州站至会议酒店车程约14公里。常州北站至会议酒店车程约30公里。会议概况【会议时间】2026年8月5-7日（5日签到）【主办单位】锂电前沿【承办单位】 深圳友研科技有限公司[部分报告议题】（报告或会有少许变动，请以现场为准）会议概况协办单位：东莞市琅菱机械有限公司广东茹天机械设备科技有限公司理化联科（北京）仪器科技有限公司大昌华嘉科学仪器部参会证广告赞助单位：广东茜恩智能装备有限公司椅背广告赞助单位：光年固科（苏州）科技有限公司手提袋广告赞助单位,http://mp.weixin.qq.com/s?__biz=Mzg2ODg5MzM5Nw==&mid=2247582555&idx=1&sn=24e3da97876be539fc52549d64ce245b,,2026中国固态电池技术大会暨中国硅碳负极高峰论坛交通路线：常州富都洲际酒店常州奔牛国际机场至会议酒店车程约41公里。武进站至会议酒店车程约2公里。常州站至会议酒店车程约14公里。常州北站至会议酒店车程约30公里。会议概况【会议时间】2026年8月5-7日（5日签到）【主办单位】锂电前沿【承办单位】 深圳友研科技有限公司[部分报告议题】（报告或会有少许变动，请以现场为准）会议概况协办单位：东莞市琅菱机械有限公司广东茹天机械设备科技有限公司理化联科（北京）仪器科技有限公司大昌华嘉科学仪器部参会证广告赞助单位：广东茜恩智能装备有限公司椅背广告赞助单位：光年固科（苏州）科技有限公司手提袋广告赞助单位,2026中国固态电池技术大会暨中国硅碳负极高峰论坛交通路线：常州富都洲际酒店常州奔牛国际机场至会议酒店车程约41公里。武进站至会议酒店车程约2公里。常州站至会议酒店车程约14公里。常州北站至会议酒店车程约30公里。会议概况【会议时间】2026年8月5-7日（5日签到）【主办单位】锂电前沿【承办单位】 深圳友研科技有限公司[部分报告议题】（报告或会有少许变动，请以现场为准）会议概况协办单位：东莞市琅菱机械有限公司广东茹天机械设备科技有限公司理化联科（北京）仪器科技有限公司大昌华嘉科学仪器部参会证广告赞助单位：广东茜恩智能装备有限公司椅背广告赞助单位：光年固科（苏州）科技有限公司手提袋广告赞助单位：青岛优明科粉体机械有限公司赞助单位：益瑞石(上海)投资管理有限公司德国新帕泰克有限公司苏州代表处深圳市和胜自动化设备有限公司高能数造（广州）技术有限公司支持单位：布劳恩惰性气体系统（上海）有限公司布鲁克（北京）科技有限公司深圳市新威尔电子有限公司深圳市瑞赛驰科技有限公司步琦实验室设备贸易（上海）有限公司北京艾谱瑞斯科技有限公司东莞市志远高热机械科技有限公司展位展示：东莞百瑞自动化有限公司江苏亮果金属制品有限公司上海菩正电子科技有限公司长沙西丽纳米研磨科技有限公司柔电（武汉）科技有限公司米谱科技（常州）有限公司苏州纽姆特纳米科技有限公司珠海椿田科技股份有限公司湖北蓝博新能源设备股份有限公司武汉格瑞斯新能源有限公司安徽泽攸科技有限公司潍坊追日磁电科技有限公司潍坊精华粉体科技股份有限公司常州百和菱智能装备有限责任公司华声强化（上海）科技有限公司广东汇京智能装备有限公司江苏智子未来技术有限公司南京苏展智能科技有限公司杭州聚科空分设备制造有限公司深圳冠亚水分仪科技有限公司郑州博欣高温材料有限公司杭州研趣信息技术有限公司环球君业(北京)科技有限公司惠州速力得科技有限公司上海宙盾先元科技有限公司伊特克斯惰性气体系统（北京）有限公司宁波创锂新材料科技有限公司淄博友研科技有限公司深圳华算科技有限公司深圳市北杰新材料有限公司参会单位（首批报名）：宁德时代新能源科技股份有限公司国轩高科股份有限公司惠州赣锋锂电科技有限公司国家动力电池创新中心爱尔集新能源电池(南京)有限公司溧阳天目先导电池材料科技有限公司胜华新材料科技（眉山）有限公司清陶云能(江苏)能源科技有限公司安徽中锂新能源科技有限公司宁德新能源科技有限公司欣旺达动力科技股份有限公司孚能科技（赣州）股份有限公司天齐锂业新能源技术研究（眉山） 有限公司四川盛威锂业有限公司陕西顷刻能源科技有限公司上海屹锂新能源科技有限公司广州鹏辉能源科技股份有限公司微宏动力系统（湖州）有限公司浙江吉曜通行能源科技有限公司深圳索理德新材料科技有限公司国科炭美新材料（湖州）有限公司嘉兴市凯力电池有限公司可乐丽贸易（上海）有限公司惠州市德赛电池有限公司广州汽车集团股份有限公司清陶云能(江苏)能源科技有限公司万向一二三吉利汽车研究院多氟多新材料股份有限公司浙江金羽新能源科技有限公司中科深蓝汇泽新能源(常州)有限责任公司上海杉杉科技有限公司巴斯夫（中国）有限公司烟台京东方材料科技有限公司北京大学 清华大学上海交通大学复旦大学中国科学院苏州纳米技术与纳米仿生研究所广东东阳光科技控股股份有限公司益瑞石石墨和碳公司重庆太蓝新能源有限公司中国科学院物理研究所武汉天石科丰新能源科技有限公司宁波博雅聚力新材料科技有限公司摩田材料科技（兰溪）有限公司泛亚汽车技术中心有限公司国钠能源科技（河北）有限公司澳门大学中南大学哈尔滨工业大学浙江大学哈尔滨工业大学（深圳）华中科技大学中国科学技术大学科腾聚合物贸易(上海)有限公司南京汉特贸易有限公司东莞市琅菱机械有限公司开滦汇金私募基金管理有限公司广东茹天机械设备科技有限公司江苏微导纳米科技股份有限公司理化联科（北京）仪器科技有限公司上海朗亿功能材料有限公司安徽大学大昌华嘉科学仪器部武汉理工大学长安大学广东茜恩智能装备有限公司海目星激光科技集团股份有限公司青岛优明科粉体机械有限公司常州一硫电池科技有限公司中国航天空气动力技术研究院陕西科技大学德国新帕泰克有限公司苏州代表处中国星网网络创新研究院有限公司安徽清致科技发展有限公司深圳市和胜自动化设备有限公司上海道程工业设备有限公司布劳恩惰性气体系统（上海）有限公司福建理工大学重庆文理学院上海檀之茗科技中心（有限合伙）深圳市新威尔电子有限公司深圳仲氪信息科技有限公司步琦实验室设备贸易（上海）有限公司上海子微智能科技有限公司宜宾发展创投有限公司有研(广东)新材料技术研究院北京艾谱瑞斯科技有限公司深圳市瑞赛驰科技有限公司深圳市绿联科技股份有限公司光年固科（苏州）科技有限公司江苏利卡维智能科技有限公司广汽集团汽车工程研究院中国科学院青岛生物能源与过程研究所中国科学院山西煤炭化学研究所东莞市志远高热机械科技有限公司江苏利卡维智能科技有限公司河南理工大学邢台学院宁波博雅聚力新材料科技有限公司东莞百瑞自动化有限公司江苏亮果金属制品有限公司上海电子工程设计研究院有限公司江苏理工学院湖南省正源储能材料与器件研究所中国地质大学（武汉）中北大学上海菩正电子科技有限公司上海协尔化学科技有限公司长沙西丽纳米研磨科技有限公司江苏隆深氢能科技有限公司柔电（武汉）科技有限公司苏州大学湖北航天化学技术研究所南京菲尼克斯电气有限公司安徽扬子职业技术学院广东孚吉新材料有限公司米谱科技（常州）有限公司苏州纽姆特纳米科技有限公司珠海椿田科技股份有限公司湖北蓝博新能源设备股份有限公司武汉格瑞斯新能源有限公司苏州田边能源科技有限公司东北大学中国科学院上海高等研究院武汉工程大学展讯通信（上海）有限公司安徽泽攸科技有限公司太原科技大学北京航空航天大学潍坊追日磁电科技有限公司意尔孚化学（上海）有限公司昆明理工大学潍坊精华粉体科技股份有限公司武汉市哈斯特斯科技有限责任公司大森FMEA応用技研株式会社常州百和菱智能装备有限责任公司江苏科创石化有限公司华声强化（上海）科技有限公司广州埃登达化工有限公司苏州秋逸新材料有限公司欧励隆（中国）投资有限公司广东汇京智能装备有限公司江苏智子未来技术有限公司爱发科（苏州）技术研究开发有限公司南京苏展智能科技有限公司河北工业大学上海微化商贸有限公司杭州聚科空分设备制造有限公司深圳冠亚水分仪科技有限公司中国石化催化剂有限公司工程技术研究院郑州博欣高温材料有限公司中国石化催化剂有限公司摩田材料科技（兰溪）有限公司杭州研趣信息技术有限公司北京文博启胜投资有限公司北京超凡宏宇知识产权代理有限公司中石化催化剂大连有限公司环球君业(北京)科技有限公司深圳市一众智能装备有限公司芜湖映日科技股份有限公司惠州速力得科技有限公司常州市昇海智能科技有限公司深圳分公司肖特（上海）精密材料和设备国际贸易有限公司常州西奥电气科技有限公司上海宙盾先元科技有限公司快顺通环保科技（深圳）有限公司东莞市富电优品电源有限公司伊特克斯惰性气体系统（北京）有限公司河南琅恒企业管理咨询有限公司北方工业大学昆山佰信实计量技术有限公司国际贸易有限公司北京化工大学宁波创锂新材料科技有限公司中石化（大连）石油化工研究院有限公司永杰新材料股份有限公司上海化工院检测有限公司苏州职业技术大学淄博友研科技有限公司上海和盛光度新能源科技有限公司江苏金聚合金材料有限公司江苏擎川智能装备有限公司上海梅特鲁国际贸易有限公司深圳华算科技有限公司宁波震裕汽车部件有限公司西安机电信息技术研究所深圳市北杰新材料有限公司国仪量子技术（合肥）股份有限公司湘潭电化科技股份有限公司江西环境工程职业学院南德新能源汽车检测（江苏）有限公司陕西蓝基新材料科技有限公司中国塑料加工工业协会惠州普赛达新材料有限公司晶序新材料科技（温州）有限公司东莞市电的电子有限公司青岛大学宏润绿能（宣城）能源科技有限公司合肥工业大学洛阳储变电系统有限公司科腾聚合物贸易(上海)有限公司小渡科技（广东）有限公司北京分公司深圳市晨浅拓普科技有限公司苏州赛峰科学仪器有限公司合肥纳安新材料科技有限公司宝晟(苏州)能源科技有限公司广州白云科技股份有限公司常州长晟创新科技有限公司南昌大学胜华新能源科技（东营）有限公司兰州交通大学营口航盛科技实业有限责任公司沈阳分公司三明市海斯福化工有限责任公司达士维尔粉体科技（上海）有限公司上海润势科技有限公司中国科学院广州地球化学研究所中国科学院新疆理化技术研究所中汽新能无锡技术中心有限公司广州融捷电源材料有限公司日联科技集团股份有限公司华中科技大学江苏澄星新材料科技有限公司江苏天合储能有限公司重庆标瑞新能源有限公司珠海科技学院开封市测控技术有限公司广州博粤新材料技术有限公司北京林业大学安耐新能科技（盐城）有限公司南京工业大学玖度电（昆山）新能源科技有限公司2026中国固态电池技术大会暨中国硅碳负极高峰论坛交通路线：常州富都洲际酒店常州奔牛国际机场至会议酒店车程约4,,,,pending
手套箱真空干燥箱产品介绍,锂电联盟会长,锂电联盟会长,"RIOnews API, 宁德时代, CATL, 软包, 循环寿命",normal,2026-07-31T08:47:11+08:00,,点击左上角“锂电联盟会长”，即可关注！手套箱真空干燥箱核心功能为在其内部腔体中创造一个高真空度的高温环境，从而实现该环境下的材料能快速干燥。为实现该核心功能，手套箱真空干燥箱控制系统可自主实现温度检测与控制、真空度检测与控制。为适配不同工艺需求，本系统可通过触摸屏实现对目标真空度、目标温度的设定、目标工作时间的设定。图1-1 设备外观图图1-2 腔体内部图图1-3 显示屏功能图相关阅读：锂离子电池制备材料/压力测试！锂电池自放电测量方法：静态与动态测量法！软包电池关键工艺问题！一文搞懂锂离子电池K值！工艺，研发，机理和专利！软包电池方向重磅汇总资料分享！揭秘宁德时代CATL超级工厂！搞懂锂电池,http://mp.weixin.qq.com/s?__biz=Mzg2ODg5MzM5Nw==&mid=2247582555&idx=6&sn=517c887ddf8c4ecde07bf5c465085f48,,点击左上角“锂电联盟会长”，即可关注！手套箱真空干燥箱核心功能为在其内部腔体中创造一个高真空度的高温环境，从而实现该环境下的材料能快速干燥。为实现该核心功能，手套箱真空干燥箱控制系统可自主实现温度检测与控制、真空度检测与控制。为适配不同工艺需求，本系统可通过触摸屏实现对目标真空度、目标温度的设定、目标工作时间的设定。图1-1 设备外观图图1-2 腔体内部图图1-3 显示屏功能图相关阅读：锂离子电池制备材料/压力测试！锂电池自放电测量方法：静态与动态测量法！软包电池关键工艺问题！一文搞懂锂离子电池K值！工艺，研发，机理和专利！软包电池方向重磅汇总资料分享！揭秘宁德时代CATL超级工厂！搞懂锂电池,"点击左上角“锂电联盟会长”，即可关注！手套箱真空干燥箱核心功能为在其内部腔体中创造一个高真空度的高温环境，从而实现该环境下的材料能快速干燥。为实现该核心功能，手套箱真空干燥箱控制系统可自主实现温度检测与控制、真空度检测与控制。为适配不同工艺需求，本系统可通过触摸屏实现对目标真空度、目标温度的设定、目标工作时间的设定。图1-1 设备外观图图1-2 腔体内部图图1-3 显示屏功能图相关阅读：锂离子电池制备材料/压力测试！锂电池自放电测量方法：静态与动态测量法！软包电池关键工艺问题！一文搞懂锂离子电池K值！工艺，研发，机理和专利！软包电池方向重磅汇总资料分享！揭秘宁德时代CATL超级工厂！搞懂锂电池阻抗谱(EIS)不容易,这篇综述值得一看！锂离子电池生产中各种问题汇编！锂电池循环寿命研究汇总（附60份精品资料免费下载）点击左上角“锂电联盟会长”，即可关注！手套箱真空干燥箱核心功能为在其内部腔体中创造一个高真空度的高温环境，从而实现该环境下的材料能快速干燥。",,,,pending
SEI膜中LiF是如何堆积排列的？,智锂魔方,智锂魔方,"RIOnews API, 高比能, 锂金属, 前沿表征, 原位",normal,2026-07-31T08:38:50+08:00,,锂金属电池本该撑起电动汽车的长续航需求，却卡在固体电解质界面（SEI）不稳定的难题上。过去十几年，学界普遍把“富LiF SEI”当成解药，默认LiF加得越多越好，直到最近发表于《Advanced Science》的文章，彻底改写了这一认知。LiF不是堆量而是搭积木电子隧穿是量子力学的特有现象，就像小球明明没翻过墙，却有一定概率出现在墙的另一边。SEI厚度如果不够，电子就能隧穿到电解液一侧，触发持续的还原分解。LiF的电子绝缘性是所有SEI组分里最强的，带隙高达13.6eV，理论上只需要1.652nm的厚度就能完全阻断电子隧穿，比Li₂CO₃的2.13nm薄了近四分之一，这本该是巨大优势，但纯L,http://mp.weixin.qq.com/s?__biz=Mzk4ODU2ODU5OA==&mid=2247498724&idx=1&sn=e540cc360b63fc2e9b04b9e59be8e197,,锂金属电池本该撑起电动汽车的长续航需求，却卡在固体电解质界面（SEI）不稳定的难题上。过去十几年，学界普遍把“富LiF SEI”当成解药，默认LiF加得越多越好，直到最近发表于《Advanced Science》的文章，彻底改写了这一认知。LiF不是堆量而是搭积木电子隧穿是量子力学的特有现象，就像小球明明没翻过墙，却有一定概率出现在墙的另一边。SEI厚度如果不够，电子就能隧穿到电解液一侧，触发持续的还原分解。LiF的电子绝缘性是所有SEI组分里最强的，带隙高达13.6eV，理论上只需要1.652nm的厚度就能完全阻断电子隧穿，比Li₂CO₃的2.13nm薄了近四分之一，这本该是巨大优势，但纯L,"锂金属电池本该撑起电动汽车的长续航需求，却卡在固体电解质界面（SEI）不稳定的难题上。过去十几年，学界普遍把“富LiF SEI”当成解药，默认LiF加得越多越好，直到最近发表于《Advanced Science》的文章，彻底改写了这一认知。LiF不是堆量而是搭积木电子隧穿是量子力学的特有现象，就像小球明明没翻过墙，却有一定概率出现在墙的另一边。SEI厚度如果不够，电子就能隧穿到电解液一侧，触发持续的还原分解。LiF的电子绝缘性是所有SEI组分里最强的，带隙高达13.6eV，理论上只需要1.652nm的厚度就能完全阻断电子隧穿，比Li₂CO₃的2.13nm薄了近四分之一，这本该是巨大优势，但纯LiF的体相Li⁺扩散势垒高达0.729eV，是Li₂O的4.8倍，太厚的LiF层会成为离子传输的“拦路虎”，太薄又挡不住电子，天生存在两难。原文章明确指出，LiF的性能根本不取决于含量，而是由它在SEI中的纳米结构、空间分布、与其他组分的异质界面共同决定，应当被视作可调控的纳米结构单元，而非单纯的防护填料。两条路线：原位氟化与人工涂层富LiF SEI的实现主要有两类路径。第一类是原位氟化电解质，也是当前的主流方案。商用电解质常用的LiPF₆是“双刃剑”：它平衡了离子电导、氧化稳定性和铝箔钝化能力，却天生不稳定。热重分析显示，干燥环境下200℃就会失重50%，哪怕在有微量水的环境中，70℃就开始大量降解，生成的氢氟酸（HF）会腐蚀界面，让锂在0.3mA/cm²电流密度下沉积10小时，厚度达到48μm，是理论值的3倍还多，全是死锂和枝晶。相比之下，LiFSI的表现亮眼得多，它的FSI⁻阴离子通过S-F键断裂生成LiF的活化能仅0.14eV，远低于LiTFSI的C-S键断裂活化能0.3eV，在1M LiFSI/DME电解液中浸泡24小时后，SEI的无机组分里LiF占比远超LiTFSI体系里的Li₃N。常用添加剂FEC更是助攻：加入10vol%就能让Li⁺-PF₆⁻接触离子对的比例从6%提升到14%，促进PF₆⁻还原生成LiF，6Li/7Li同位素交换实验证实，电解液的锂离子交换通量直接翻倍，从0.77×10⁻⁶ mol/m²/s¹提升到1.5×10⁻⁶ mol/m²/s¹，意味着离子传输速率大幅提升。第二类是人工预涂层，比如用R134a气体在150℃、0.5atm条件下反应20小时，能生成40nm厚的均匀LiF层，让锂沉积稳定循环300小时，不过这类涂层在空气中的稳定性只有900秒，离实用还有差距。物理气相沉积（PVD）制备的200nm LiF涂层表现更好，能在3mA/cm²的高电流密度下稳定工作，搭配磷酸铁锂正极的全电池600次循环后容量保持率仍有85.31%，贫电解液（3μL·mg⁻¹）条件下甚至能稳定循环1200小时。但人工涂层的最大短板是“不会自我修复”：锂沉积剥离过程中会有巨大的体积变化，脆硬的LiF层很容易开裂，一旦破损就无法像天然SEI那样靠电解液分解自动修补，暴露的新鲜锂会直接和电解液反应，加速电池失效。动态本质：SEI不是死膜而是活界面很多人误以为SEI是一层静止的保护膜，实际上它是不断“破裂-修复”的动态界面。锂沉积时的体积膨胀几乎是理论上的“无限”，SEI里的无机组分比如LiF弹性模量可达10.7GPa，刚性很强但脆性也高，应力集中时很容易沿晶界开裂，新鲜锂暴露后立即和电解液反应，生成新的SEI组分填补缺口，这个过程会持续消耗活性锂和电解液。而FEC这类添加剂能把SEI的修复速率提高4倍，尽可能缩短界面暴露的时间。这种动态特性也决定了，单纯追求初始SEI的LiF含量毫无意义，必须保证界面在反复破裂修复过程中，始终维持LiF的纳米结构和异质界面的连通性。破局关键：异质界面造离子高速通道破解LiF电子绝缘好但离子不通的两难，核心是做“界面工程”。原文章提出，不要把LiF当成单独的防护层，而要当作纳米尺度的“积木”，和其他SEI组分搭出异质界面，造出离子传输的“高速路”。比如LiF和Li₂O形成的异质界面，晶界能仅为18.01meV·Å⁻²，远低于LiF/LiF界面的23.80meV·Å⁻²和Li₂O/Li₂O界面的34.08meV·Å⁻²，热力学上更倾向于自发形成。界面处的Li⁺配位不完整，结合能更低，离子迁移速率比纯相LiF或Li₂O高得多。双盐电解质就是这种思路的实践：LiFSI负责生成LiF、促进离子传输，LiTFSI负责提升热稳定性和高压稳定性，两者搭配的电解液在Li/Cu半电池0.5mA/cm²测试条件下，库伦效率能达到97.9%。LiF和Li₃N的协同也很亮眼：LiF负责电子绝缘和化学稳定，Li₃N负责高离子电导和亲锂性，能避免高电流密度下的局部浓差极化，抑制枝晶生长。冷冻电镜推翻连续LiF膜假设冷冻透射电镜（cryo-TEM）的观测结果，直接推翻了过去“LiF会形成连续致密保护膜”的假设。真实SEI里的LiF并不是均匀铺开的薄膜，而是离散分布的纳米颗粒，颗粒之间的间隙就是电子泄漏的“捷径”——哪怕单个LiF颗粒的厚度超过了1.65nm的临界隧穿厚度，颗粒间的空隙依然会让电子直接穿透，这也就是为什么单纯提高LiF含量往往达不到预期效果的原因。更关键的是，多晶LiF的晶界电导比单晶高出一个数量级：密度泛函理论（DFT）计算显示，含晶界的LiF电导达到8.28×10⁻⁴ G₀，而完美单晶LiF的电导仅为4.35×10⁻⁵ G₀，晶界本身就是电子泄漏的通道，但反过来，只要调控得当，晶界也能成为离子传输的高速路。计算赋能：从试错到预测SEI的形成发生在皮秒到纳秒的时间尺度，厚度仅有几纳米，实验手段很难捕捉到初始的形核过程，计算模拟就成了破局的关键。密度泛函理论（DFT）可以精准计算反应路径和活化能，比如已经证实FEC的还原优先发生C-O键断裂，而非直接的C-F键断裂，其还原电位比主溶剂EC高0.3V，因此会优先在锂表面还原生成LiF，为后续SEI生长打下基础。从头算分子动力学AIMD则能实时观察几百飞秒内的化学反应，直接看到FEC开环、脱氟、生成LiF纳米晶的全过程。近年兴起的机器学习势进一步突破了传统模拟的尺度限制，用12000个原子的模拟体系得到的SEI最终厚度约为12nm，和高分辨透射电镜的观测结果完全吻合，还预测了SEI的双层结构：靠近锂金属一侧是晶态Li₂S，靠近电解液一侧是无定形区。文献信息：Title: Redefining LiF as a Nanostructured Building Block for Interphase Engineering in Lithium Metal BatteriesAuthor: Gwangsik Kim, JinHyeok Cha*, .et al.DOI: 10.1002/advs.76108我是锂科生，将持续为大家分享锂电相关的知识和信息。如果喜欢，还请顺手点个关注和转发，也可在下方留言讨论，不胜感激。***声明***：本文基于公开学术成果及行业数据整理，实验数据和图片均引自文献，如有侵权，请联系公众号客服删除。SEI膜中LiF是如何堆积排列的？",,,,pending
补齐固态电池关键材料，国轩首条2万吨级高纯硫化锂2027年量产,锂电前沿,锂电前沿,"RIOnews API, 新材料, 电池材料, 碳, 聚合物, 高比能, 硅, 固态电池, 固态电解质, 合作进展, 投资, 合作, 学术研究, 大学, 科学院, 研究所, 技术进展, 技术攻关, 工艺优化, 宁德时代, 宁德新能源, 时代新能源, 国轩高科, 国轩, 远景动力, 欣旺达, 欣旺达动力, 孚能科技, 鹏辉能源, 储能, 循环寿命, 产能, 实验室, 中试, 量产, 落地",normal,2026-07-31T08:37:00+08:00,,随着固态电池产业化进程加快，行业竞争正由电芯研发的“前端争夺”，加速延伸至上游关键材料、工程化制造及供应链掌控力的“后方比拼”。电池中国获悉，7月21日，国轩控股集团年产20000吨固态电池关键材料项目在安徽安庆正式启动。该项目是行业首条万吨级高纯硫化锂量产产线，计划2026年12月底完成中试建设，2027年建成实现全面量产。万吨级固态材料产线破解产业化难题突破“成本与纯度”双重瓶颈在全固态电池的多条技术路线中，硫化物路线因具备较高的离子电导率而被寄予厚望。而高纯硫化锂则是制备硫化物固态电解质的核心前驱体，其纯度与批次稳定性直接决定了电池的一致性、循环寿命及安全上限。更为关键的是成本因素。据统,http://mp.weixin.qq.com/s?__biz=MzkzODYxNTc2OA==&mid=2247511355&idx=3&sn=8cfe55f423a55f87c878ac908c10663b,,随着固态电池产业化进程加快，行业竞争正由电芯研发的“前端争夺”，加速延伸至上游关键材料、工程化制造及供应链掌控力的“后方比拼”。电池中国获悉，7月21日，国轩控股集团年产20000吨固态电池关键材料项目在安徽安庆正式启动。该项目是行业首条万吨级高纯硫化锂量产产线，计划2026年12月底完成中试建设，2027年建成实现全面量产。万吨级固态材料产线破解产业化难题突破“成本与纯度”双重瓶颈在全固态电池的多条技术路线中，硫化物路线因具备较高的离子电导率而被寄予厚望。而高纯硫化锂则是制备硫化物固态电解质的核心前驱体，其纯度与批次稳定性直接决定了电池的一致性、循环寿命及安全上限。更为关键的是成本因素。据统,"随着固态电池产业化进程加快，行业竞争正由电芯研发的“前端争夺”，加速延伸至上游关键材料、工程化制造及供应链掌控力的“后方比拼”。电池中国获悉，7月21日，国轩控股集团年产20000吨固态电池关键材料项目在安徽安庆正式启动。该项目是行业首条万吨级高纯硫化锂量产产线，计划2026年12月底完成中试建设，2027年建成实现全面量产。万吨级固态材料产线破解产业化难题突破“成本与纯度”双重瓶颈在全固态电池的多条技术路线中，硫化物路线因具备较高的离子电导率而被寄予厚望。而高纯硫化锂则是制备硫化物固态电解质的核心前驱体，其纯度与批次稳定性直接决定了电池的一致性、循环寿命及安全上限。更为关键的是成本因素。据统计，高纯硫化锂约占硫化物固态电解质总成本的70%-80%。然而，长期以来该材料面临纯度控制难、生产成本高昂以及规模化制备能力不足等难题，成为制约硫化物全固态电池商业化落地的关键卡口。没有领先的材料，就没有领先的电池。经过持续六年的研发技术攻关和自主工艺创新，国轩目前已实现纯度达99.99% 的高纯硫化锂稳定制备，反应效率提升3倍，整体能耗降低40%。此次安庆项目的启动，标志着该项关键技术正式从实验室和中试验证阶段，跨入万吨级规模化生产的新阶段。该项目实施主体是安徽乾圆科技有限公司，作为国轩控股旗下布局固态电池核心材料的产业化平台，将聚焦硫化锂及固态电解质等材料的智能化制造与市场化供应。产线将配置DCS自动控制、SIS安全仪表及GDS气体检测等系统，构建闭环智能化生产体系，以连续自动化生产确保产品批次一致性与安全可控。全球首条万吨级固态材料线落子安庆系“材料研发+精细化工”的深度嵌合作为一项高度依赖精细化工体系的材料工程，高纯硫化锂的规模化生产不仅考验企业自身的材料研发能力，更对原材料供应、工程装置配套及安全生产管理提出了极高要求。国轩控股将全球首条万吨级产线落户安庆，背后蕴含着深刻的产业协同与降本逻辑。安庆拥有雄厚的石化产业基础，中国石化安庆分公司等龙头企业具备完善的炼化基础与化工生产经验，能够为项目提供稳定、低成本的原料来源及工程配套支持。项目建成后，将实现当地基础化工资源向高端新能源材料的“就地转化”，有效延伸产业链价值。“今天启动的硫化锂项目，价值特殊、意义深远,是固态电池的核心，是产业发展的前沿。”国轩控股集团董事长李缜在致辞中对项目未来给予充分评价。李缜认为，公司将依托安庆得天独厚的石化禀赋，打造全球首条万吨级高纯硫化锂量产产线，就地取材、就地增值、就地成链。打通从基础化工，到高端材料，从固态电池，到储能应用的全链条闭环，这一项目将有力支撑国轩全球产能布局，夯实固态电池技术底盘，同时为地方新能源产业集群壮大注入强劲动能。对国轩而言，项目的价值不仅在于补齐上游关键材料能力，更在于推动国轩控股材料端与国轩高科固态电池端协同联动。高纯硫化锂及固态电解质的规模化供应，可以更快对接电芯端的材料验证、工艺优化和产品迭代；电芯研发与量产需求也能够反向牵引材料性能提升和制造成本下降。通过材料与电池两端的紧密联动，国轩有望缩短从技术研发、中试验证到规模量产的周期，推动固态电池更快走出实验室、迈向产业化应用。来源：电池中国温馨提醒：会务组新增100张优惠票，优惠票600元每人（含餐），报满为止！缴费成功视为报名成功；参展和报名电话.陈老师：***********2026中国固态电池技术大会暨中国硅碳负极高峰论坛签到地点：江苏·常州富都洲际酒店（常州武进区西湖路2号）签到时间：8月5日 13:00—20:00会议酒店订房方式常州富都洲际酒店 协议价豪华单/双间：380元一晚（含早），豪华湖景单双间：460元一晚（含早）扫码订房交通路线：常州富都洲际酒店常州奔牛国际机场至会议酒店车程约41公里。武进站至会议酒店车程约2公里。常州站至会议酒店车程约14公里。常州北站至会议酒店车程约30公里。会议概况【会议时间】2026年8月5-7日（5日签到）【主办单位】锂电前沿【承办单位】 深圳友研科技有限公司[部分报告议题】（报告或会有少许变动，请以现场为准）会议概况协办单位：东莞市琅菱机械有限公司广东茹天机械设备科技有限公司理化联科（北京）仪器科技有限公司大昌华嘉科学仪器部参会证广告赞助单位：广东茜恩智能装备有限公司椅背广告赞助单位：光年固科（苏州）科技有限公司手提袋广告赞助单位：青岛优明科粉体机械有限公司赞助单位：益瑞石(上海)投资管理有限公司德国新帕泰克有限公司苏州代表处深圳市和胜自动化设备有限公司高能数造（广州）技术有限公司支持单位：布劳恩惰性气体系统（上海）有限公司布鲁克（北京）科技有限公司深圳市新威尔电子有限公司深圳市瑞赛驰科技有限公司步琦实验室设备贸易（上海）有限公司北京艾谱瑞斯科技有限公司普沃思环保科技无锡有限公司东莞市志远高热机械科技有限公司展位展示：东莞百瑞自动化有限公司江苏亮果金属制品有限公司上海菩正电子科技有限公司长沙西丽纳米研磨科技有限公司柔电（武汉）科技有限公司米谱科技（常州）有限公司珠海椿田科技股份有限公司湖北蓝博新能源设备股份有限公司武汉格瑞斯新能源有限公司安徽泽攸科技有限公司上海优耐特斯压缩机有限公司潍坊追日磁电科技有限公司潍坊精华粉体科技股份有限公司常州百和菱智能装备有限责任公司华声强化（上海）科技有限公司广东汇京智能装备有限公司江苏智子未来技术有限公司南京苏展智能科技有限公司无锡市张华医药设备有限公司杭州聚科空分设备制造有限公司深圳冠亚水分仪科技有限公司郑州博欣高温材料有限公司杭州研趣信息技术有限公司环球君业(北京)科技有限公司惠州速力得科技有限公司上海宙盾先元科技有限公司伊特克斯惰性气体系统（北京）有限公司宁波创锂新材料科技有限公司淄博友研科技有限公司深圳华算科技有限公司深圳市北杰新材料有限公司参会单位（首批报名）：宁德时代新能源科技股份有限公司国轩高科股份有限公司惠州赣锋锂电科技有限公司国家动力电池创新中心爱尔集新能源电池(南京)有限公司溧阳天目先导电池材料科技有限公司胜华新材料科技（眉山）有限公司清陶云能(江苏)能源科技有限公司安徽中锂新能源科技有限公司宁德新能源科技有限公司欣旺达动力科技股份有限公司孚能科技（赣州）股份有限公司天齐锂业新能源技术研究（眉山） 有限公司四川盛威锂业有限公司陕西顷刻能源科技有限公司上海屹锂新能源科技有限公司广州鹏辉能源科技股份有限公司微宏动力系统（湖州）有限公司浙江吉曜通行能源科技有限公司深圳索理德新材料科技有限公司国科炭美新材料（湖州）有限公司嘉兴市凯力电池有限公司可乐丽贸易（上海）有限公司惠州市德赛电池有限公司广州汽车集团股份有限公司清陶云能(江苏)能源科技有限公司万向一二三Sila吉利汽车研究院多氟多新材料股份有限公司浙江金羽新能源科技有限公司中科深蓝汇泽新能源(常州)有限责任公司上海杉杉科技有限公司巴斯夫（中国）有限公司烟台京东方材料科技有限公司北京大学 清华大学上海交通大学复旦大学中国科学院苏州纳米技术与纳米仿生研究所广东东阳光科技控股股份有限公司益瑞石石墨和碳公司重庆太蓝新能源有限公司中国科学院物理研究所武汉天石科丰新能源科技有限公司宁波博雅聚力新材料科技有限公司摩田材料科技（兰溪）有限公司泛亚汽车技术中心有限公司国钠能源科技（河北）有限公司澳门大学中南大学哈尔滨工业大学浙江大学哈尔滨工业大学（深圳）华中科技大学中国科学技术大学科腾聚合物贸易(上海)有限公司南京汉特贸易有限公司东莞市琅菱机械有限公司开滦汇金私募基金管理有限公司广东茹天机械设备科技有限公司江苏微导纳米科技股份有限公司理化联科（北京）仪器科技有限公司上海朗亿功能材料有限公司安徽大学大昌华嘉科学仪器部武汉理工大学长安大学广东茜恩智能装备有限公司海目星激光科技集团股份有限公司青岛优明科粉体机械有限公司常州一硫电池科技有限公司中国航天空气动力技术研究院陕西科技大学德国新帕泰克有限公司苏州代表处中国星网网络创新研究院有限公司安徽清致科技发展有限公司深圳市和胜自动化设备有限公司上海道程工业设备有限公司布劳恩惰性气体系统（上海）有限公司福建理工大学重庆文理学院上海檀之茗科技中心（有限合伙）深圳市新威尔电子有限公司深圳仲氪信息科技有限公司步琦实验室设备贸易（上海）有限公司上海子微智能科技有限公司宜宾发展创投有限公司有研(广东)新材料技术研究院北京艾谱瑞斯科技有限公司深圳市瑞赛驰科技有限公司深圳市绿联科技股份有限公司光年固科（苏州）科技有限公司江苏利卡维智能科技有限公司广汽集团汽车工程研究院中国科学院青岛生物能源与过程研究所中国科学院山西煤炭化学研究所东莞市志远高热机械科技有限公司江苏利卡维智能科技有限公司河南理工大学邢台学院宁波博雅聚力新材料科技有限公司东莞百瑞自动化有限公司江苏亮果金属制品有限公司上海电子工程设计研究院有限公司江苏理工学院湖南省正源储能材料与器件研究所中国地质大学（武汉）中北大学上海菩正电子科技有限公司上海协尔化学科技有限公司长沙西丽纳米研磨科技有限公司江苏隆深氢能科技有限公司柔电（武汉）科技有限公司苏州大学湖北航天化学技术研究所南京菲尼克斯电气有限公司安徽扬子职业技术学院广东孚吉新材料有限公司米谱科技（常州）有限公司苏州纽姆特纳米科技有限公司珠海椿田科技股份有限公司湖北蓝博新能源设备股份有限公司武汉格瑞斯新能源有限公司苏州田边能源科技有限公司东北大学中国科学院上海高等研究院武汉工程大学展讯通信（上海）有限公司安徽泽攸科技有限公司太原科技大学北京航空航天大学潍坊追日磁电科技有限公司意尔孚化学（上海）有限公司昆明理工大学潍坊精华粉体科技股份有限公司武汉市哈斯特斯科技有限责任公司大森FMEA応用技研株式会社常州百和菱智能装备有限责任公司江苏科创石化有限公司华声强化（上海）科技有限公司广州埃登达化工有限公司苏州秋逸新材料有限公司欧励隆（中国）投资有限公司广东汇京智能装备有限公司江苏智子未来技术有限公司爱发科（苏州）技术研究开发有限公司南京苏展智能科技有限公司河北工业大学上海微化商贸有限公司杭州聚科空分设备制造有限公司深圳冠亚水分仪科技有限公司中国石化催化剂有限公司工程技术研究院郑州博欣高温材料有限公司中国石化催化剂有限公司摩田材料科技（兰溪）有限公司杭州研趣信息技术有限公司北京文博启胜投资有限公司北京超凡宏宇知识产权代理有限公司中石化催化剂大连有限公司环球君业(北京)科技有限公司深圳市一众智能装备有限公司芜湖映日科技股份有限公司惠州速力得科技有限公司常州市昇海智能科技有限公司深圳分公司肖特（上海）精密材料和设备国际贸易有限公司常州西奥电气科技有限公司上海宙盾先元科技有限公司快顺通环保科技（深圳）有限公司东莞市富电优品电源有限公司伊特克斯惰性气体系统（北京）有限公司河南琅恒企业管理咨询有限公司北方工业大学昆山佰信实计量技术有限公司国际贸易有限公司北京化工大学宁波创锂新材料科技有限公司中石化（大连）石油化工研究院有限公司永杰新材料股份有限公司上海化工院检测有限公司苏州职业技术大学淄博友研科技有限公司上海和盛光度新能源科技有限公司江苏金聚合金材料有限公司江苏擎川智能装备有限公司上海梅特鲁国际贸易有限公司深圳华算科技有限公司宁波震裕汽车部件有限公司西安机电信息技术研究所深圳市北杰新材料有限公司国仪量子技术（合肥）股份有限公司湘潭电化科技股份有限公司江西环境工程职业学院南德新能源汽车检测（江苏）有限公司陕西蓝基新材料科技有限公司中国塑料加工工业协会惠州普赛达新材料有限公司晶序新材料科技（温州）有限公司东莞市电的电子有限公司青岛大学宏润绿能（宣城）能源科技有限公司合肥工业大学洛阳储变电系统有限公司科腾聚合物贸易(上海)有限公司小渡科技（广东）有限公司北京分公司深圳市晨浅拓普科技有限公司苏州赛峰科学仪器有限公司合肥纳安新材料科技有限公司宝晟(苏州)能源科技有限公司广州白云科技股份有限公司常州长晟创新科技有限公司南昌大学胜华新能源科技（东营）有限公司兰州交通大学营口航盛科技实业有限责任公司沈阳分公司三明市海斯福化工有限责任公司达士维尔粉体科技（上海）有限公司上海润势科技有限公司中国科学院广州地球化学研究所中国科学院新疆理化技术研究所中汽新能无锡技术中心有限公司广州融捷电源材料有限公司日联科技集团股份有限公司华中科技大学江苏澄星新材料科技有限公司江苏天合储能有限公司重庆标瑞新能源有限公司珠海科技学院开封市测控技术有限公司广州博粤新材料技术有限公司北京林业大学安耐新能科技（盐城）有限公司南京工业大学玖度电（昆山）新能源科技有限公司邢台学院神州高铁技术股份有限公司港华能源创科（深圳）有限公司天核（苏州）能源有限公司新疆西海锂业集团有限公司济南大学湖北航天化学技术研究所宜宾发展创投有限公司湘潭市雨高开发投资集团有限公司福建师范大学长兴（中国）投资有限公司中建西部建设建材科学研究院无锡奥特维智能装备有限公司常州市创能纳米材料科技有限公司成都高投创业投资有限公司中科瑞龙智能制造(江苏)有限公司广州博粤新材料技术有限公司南孚电池有限公司东贵精密机械（无锡）有限公司远景动力技术（江苏）有限公司天津国安盟固利新材料科技股份有限公司安徽工业大学无锡阜成智能装备有限公司泰同源（江苏）科创发展有限公司桐乡华创三同科技发展有限公司上海歌尔科技发展有限公司上海森永工程设备股份有限公司常州市大成真空技术有限公司沈阳星光技术陶瓷有限公司苏州伏安瓦新材料科技有限公司埃克森美孚(中国)投资有限公司浙江梵天煦辉能源科技有限公司肇庆市科润真空设备有限公司上海颐格工贸发展有限公司会议注册费会议注册费：参会人员7月31日（含）前8月1日后以及现场正式代表600元2500元在校学生代表600元1500元（学生代表注册时需凭学生证，包含本科生、硕士、博士）注册费包含：会议费、资料费用等费用、不包含路费和住宿费，住宿要自订。账户信息：户名：深圳友研科技有限公司账号：757575353398开户行：中国银行股份有限公司深圳西丽支行付款时请注明“常州会议+单位名称”开票注意事项：增值税普通发票请提供单位名称及税号。如果需要增值税专用发票，请提供单位名称、税号、地址、电话、开户行、账号组委会联系方式参会、参展、宣传及赞助事宜联 系 人：陈老师 （赞助和报名事宜咨询）联系电话：***********（微信同号）邮 箱 ：sdlscck@163.com 报名方式一：长按报名",,,,pending
锂电/钠电/固态电池材料大全,锂电前沿,锂电前沿,"RIOnews API, 新材料, 电池材料, 碳, 隔膜, 粘结剂, 高比能, 富锂锰, 硅, 固态电池, 固态电解质, 钠离子电池, 钠电, 磷酸铁锂, 铁锂, 三元, NCM, NCA, 磷酸锰铁锂, 锰铁锂, 软包, 5C, 正极材料, 负极材料, 电解液, 实验室",normal,2026-07-31T08:37:00+08:00,,高品质电池耗材 尽在友研平台友研平台 致力于为实验室科研人员提供质量优质的产品，高效的报销结算以及便捷的服务体验。服务于国内外数千家高校和科研院所等科研单位。为了更好的服务新老客户友研平台特新增多款新材料多种规格可选支持预存下单即可领取毛绒玩偶一个数量有限 送完为止让我们一起看看都有哪些材料吧锂离子电池材料正极材料钴酸锂：4.2V、4.35V、4.45V、4.5V磷酸铁锂：P198、DY-3、XDNP01-2、E99三元材料：NCM111、NCM523、NCM5515、NCM622、NCM613、NCM6507、NCM811、NCM831205、NCM9055、Ni92、Ni94、Ni96、N,http://mp.weixin.qq.com/s?__biz=MzkzODYxNTc2OA==&mid=2247511355&idx=4&sn=0202d2095f16ce3aab140ee357dff815,,高品质电池耗材 尽在友研平台友研平台 致力于为实验室科研人员提供质量优质的产品，高效的报销结算以及便捷的服务体验。服务于国内外数千家高校和科研院所等科研单位。为了更好的服务新老客户友研平台特新增多款新材料多种规格可选支持预存下单即可领取毛绒玩偶一个数量有限 送完为止让我们一起看看都有哪些材料吧锂离子电池材料正极材料钴酸锂：4.2V、4.35V、4.45V、4.5V磷酸铁锂：P198、DY-3、XDNP01-2、E99三元材料：NCM111、NCM523、NCM5515、NCM622、NCM613、NCM6507、NCM811、NCM831205、NCM9055、Ni92、Ni94、Ni96、N,高品质电池耗材 尽在友研平台友研平台 致力于为实验室科研人员提供质量优质的产品，高效的报销结算以及便捷的服务体验。服务于国内外数千家高校和科研院所等科研单位。为了更好的服务新老客户友研平台特新增多款新材料多种规格可选支持预存下单即可领取毛绒玩偶一个数量有限 送完为止让我们一起看看都有哪些材料吧锂离子电池材料正极材料钴酸锂：4.2V、4.35V、4.45V、4.5V磷酸铁锂：P198、DY-3、XDNP01-2、E99三元材料：NCM111、NCM523、NCM5515、NCM622、NCM613、NCM6507、NCM811、NCM831205、NCM9055、Ni92、Ni94、Ni96、NCA（单晶/多晶/前驱体）二元前驱体：NM9505、NM91、NM82、NM64、NM 13裸料：NCM523、NCM5515、NCM613、NCM811、NCM9055磷酸锰铁锂：LFMP64、LFMP73、M70锰酸锂、尖晶石镍锰酸锂、磷酸钒锂、富锂锰基及前驱体、磷酸铁、磷酸锰铁等负极材料硅碳负极：Si/C-400、Si/C-500、Si/C-600、Si/C-650硅氧碳负极：SiO/C-420、SiO/C-450、SiO/C-550硅氧：1580容量石墨负极：AGP、S360、FSN-1、918-II、QE-1、QCG-9、QC8、EP5-H等硬碳负极：锂电用硬碳、吴羽化学硬碳、可乐丽509-5、可乐丽510-5、球形硬碳、可乐丽type1、可乐丽type2钛酸锂、软碳、纳米硅等电解液三元材料电解液、富锂锰基电解液、磷酸铁锂电解液、钴酸锂电解液、高电压电解液等多款电解液，可根据指定配方或电池体系配制隔膜PP隔膜、PE隔膜、PPPEPP隔膜、陶瓷隔膜(单/双面涂覆)、Whatman玻璃纤维隔膜等导电剂特密高Super P Li、特密高Super C45、科琴黑ECP-600JD、科琴黑EC-300J、KS-6、SFG-6、乙炔黑、单壁碳纳米管浆料(水系/油系)、多壁碳纳米管浆料、多壁碳纳米管粉末等粘结剂PVDF 5130、PVDF HSV900、CMC2200、CMC MAC500LC、SBR BM-451b、JSR TRD104A、LA132、LA133、LA136D、LA136DL、PAA粘结剂、PVP K30、PTFE等集流体铜箔(单光/双光/双毛)、涂炭铜箔(单面涂/双面涂)、铝箔(单光/双光)、涂碳铝箔(单面涂/双面涂)、微孔铜箔、微孔铝箔、多孔铜箔、多孔铝箔、泡沫镍、泡沫铜等壳体及其他材料、工具扣式电池壳、铝塑膜、极耳、N-甲基吡咯烷酮、高温胶带、裁剪工具、软包电池测试夹具等钠离子电池材料正极材料普鲁士白、磷酸钒钠、焦磷酸铁钠、镍锰酸钠、镍铁锰酸钠424、镍铁锰酸钠O3A、镍铁锰酸钠P2B、镍铁锰酸钠O3B、镍铁锰酸钠P2C、镍铁锰前驱体等负极材料可乐丽Type2、可乐丽Type1、吴羽化学硬碳、球形硬碳、NHC-B1、BSHC-300、BSHC-320等负极材料可乐丽Type2、可乐丽Type1、吴羽化学硬碳、球形硬碳、NHC-B1、BSHC-300、BSHC-320等电解液磷酸钒钠电解液、焦磷酸铁钠电解液、镍铁锰酸钠半电电解液、镍铁锰酸钠-硬碳全电电解液、钠电硬碳电解液等多款电解液，可根据指定配方或电池体系配制隔膜Whatman玻璃纤维隔膜、钠电用三层隔膜等其他材料导电剂、粘结剂、铝箔、极耳、电池壳、铝塑膜、NMP、夹具等固态电解质粉末LLZO、LLZTO、LLZNO、LLTO、LATP、Li6PS5CI、li5.5PS4.5C11.5、IPSCBr、NZSPO等01可提供正规增值税发票可接受高校、研究院所或企业单位公对公打款0203品种齐全 规格多样 起订量：10g采购渠道韩经理联系方式：电话：***********(微信同号)微信二维码： 郝经理联系方式：电话：***********(微信同号)微信二维码： 耗材陆续更新中，详情可扫码咨询！end阅读原文这里是一个宝藏平台！,,,,pending
优惠最后一天，600元！2026中国固态电池技术大会暨中国硅碳负极高峰论坛,锂电前沿,锂电前沿,"RIOnews API, 新材料, 电池材料, 碳, 聚合物, 高比能, 硅, 固态电池, 学术研究, 大学, 科学院, 研究所, 宁德时代, 宁德新能源, 时代新能源, 国轩高科, 国轩, 远景动力, 欣旺达, 欣旺达动力, 孚能科技, 鹏辉能源, 储能, 投资, 实验室",normal,2026-07-31T08:37:00+08:00,,温馨提醒：会务组新增100张优惠票，优惠票600元每人（含餐），报满为止！缴费成功视为报名成功；参展和报名电话.陈老师：***********2026中国固态电池技术大会暨中国硅碳负极高峰论坛签到地点：江苏·常州富都洲际酒店（常州武进区西湖路2号）签到时间：8月5日 13:00—20:00会议酒店订房方式常州富都洲际酒店 协议价豪华单/双间：380元一晚（含早），豪华湖景单双间：460元一晚（含早）扫码订房交通路线：常州富都洲际酒店常州奔牛国际机场至会议酒店车程约41公里。武进站至会议酒店车程约2公里。常州站至会议酒店车程约14公里。常州北站至会议酒店车程约30公里。会议概况【会议时间】202,http://mp.weixin.qq.com/s?__biz=MzkzODYxNTc2OA==&mid=2247511355&idx=1&sn=a3013340eff35d48992ec46068b78022,,温馨提醒：会务组新增100张优惠票，优惠票600元每人（含餐），报满为止！缴费成功视为报名成功；参展和报名电话.陈老师：***********2026中国固态电池技术大会暨中国硅碳负极高峰论坛签到地点：江苏·常州富都洲际酒店（常州武进区西湖路2号）签到时间：8月5日 13:00—20:00会议酒店订房方式常州富都洲际酒店 协议价豪华单/双间：380元一晚（含早），豪华湖景单双间：460元一晚（含早）扫码订房交通路线：常州富都洲际酒店常州奔牛国际机场至会议酒店车程约41公里。武进站至会议酒店车程约2公里。常州站至会议酒店车程约14公里。常州北站至会议酒店车程约30公里。会议概况【会议时间】202,温馨提醒：会务组新增100张优惠票，优惠票600元每人（含餐），报满为止！缴费成功视为报名成功；参展和报名电话.陈老师：***********2026中国固态电池技术大会暨中国硅碳负极高峰论坛签到地点：江苏·常州富都洲际酒店（常州武进区西湖路2号）签到时间：8月5日 13:00—20:00会议酒店订房方式常州富都洲际酒店 协议价豪华单/双间：380元一晚（含早），豪华湖景单双间：460元一晚（含早）扫码订房交通路线：常州富都洲际酒店常州奔牛国际机场至会议酒店车程约41公里。武进站至会议酒店车程约2公里。常州站至会议酒店车程约14公里。常州北站至会议酒店车程约30公里。会议概况【会议时间】2026年8月5-7日（5日签到）【主办单位】锂电前沿【承办单位】 深圳友研科技有限公司[部分报告议题】（报告或会有少许变动，请以现场为准）会议概况协办单位：东莞市琅菱机械有限公司广东茹天机械设备科技有限公司理化联科（北京）仪器科技有限公司大昌华嘉科学仪器部参会证广告赞助单位：广东茜恩智能装备有限公司椅背广告赞助单位：光年固科（苏州）科技有限公司手提袋广告赞助单位：青岛优明科粉体机械有限公司赞助单位：益瑞石(上海)投资管理有限公司德国新帕泰克有限公司苏州代表处深圳市和胜自动化设备有限公司高能数造（广州）技术有限公司支持单位：布劳恩惰性气体系统（上海）有限公司布鲁克（北京）科技有限公司深圳市新威尔电子有限公司深圳市瑞赛驰科技有限公司步琦实验室设备贸易（上海）有限公司北京艾谱瑞斯科技有限公司普沃思环保科技无锡有限公司东莞市志远高热机械科技有限公司展位展示：东莞百瑞自动化有限公司江苏亮果金属制品有限公司上海菩正电子科技有限公司长沙西丽纳米研磨科技有限公司柔电（武汉）科技有限公司米谱科技（常州）有限公司珠海椿田科技股份有限公司湖北蓝博新能源设备股份有限公司武汉格瑞斯新能源有限公司安徽泽攸科技有限公司上海优耐特斯压缩机有限公司潍坊追日磁电科技有限公司潍坊精华粉体科技股份有限公司常州百和菱智能装备有限责任公司华声强化（上海）科技有限公司广东汇京智能装备有限公司江苏智子未来技术有限公司南京苏展智能科技有限公司无锡市张华医药设备有限公司杭州聚科空分设备制造有限公司深圳冠亚水分仪科技有限公司郑州博欣高温材料有限公司杭州研趣信息技术有限公司环球君业(北京)科技有限公司惠州速力得科技有限公司上海宙盾先元科技有限公司伊特克斯惰性气体系统（北京）有限公司宁波创锂新材料科技有限公司淄博友研科技有限公司深圳华算科技有限公司深圳市北杰新材料有限公司参会单位（首批报名）：宁德时代新能源科技股份有限公司国轩高科股份有限公司惠州赣锋锂电科技有限公司国家动力电池创新中心爱尔集新能源电池(南京)有限公司溧阳天目先导电池材料科技有限公司胜华新材料科技（眉山）有限公司清陶云能(江苏)能源科技有限公司安徽中锂新能源科技有限公司宁德新能源科技有限公司欣旺达动力科技股份有限公司孚能科技（赣州）股份有限公司天齐锂业新能源技术研究（眉山） 有限公司四川盛威锂业有限公司陕西顷刻能源科技有限公司上海屹锂新能源科技有限公司广州鹏辉能源科技股份有限公司微宏动力系统（湖州）有限公司浙江吉曜通行能源科技有限公司深圳索理德新材料科技有限公司国科炭美新材料（湖州）有限公司嘉兴市凯力电池有限公司可乐丽贸易（上海）有限公司惠州市德赛电池有限公司广州汽车集团股份有限公司清陶云能(江苏)能源科技有限公司万向一二三Sila吉利汽车研究院多氟多新材料股份有限公司浙江金羽新能源科技有限公司中科深蓝汇泽新能源(常州)有限责任公司上海杉杉科技有限公司巴斯夫（中国）有限公司烟台京东方材料科技有限公司北京大学 清华大学上海交通大学复旦大学中国科学院苏州纳米技术与纳米仿生研究所广东东阳光科技控股股份有限公司益瑞石石墨和碳公司重庆太蓝新能源有限公司中国科学院物理研究所武汉天石科丰新能源科技有限公司宁波博雅聚力新材料科技有限公司摩田材料科技（兰溪）有限公司泛亚汽车技术中心有限公司国钠能源科技（河北）有限公司澳门大学中南大学哈尔滨工业大学浙江大学哈尔滨工业大学（深圳）华中科技大学中国科学技术大学科腾聚合物贸易(上海)有限公司南京汉特贸易有限公司东莞市琅菱机械有限公司开滦汇金私募基金管理有限公司广东茹天机械设备科技有限公司江苏微导纳米科技股份有限公司理化联科（北京）仪器科技有限公司上海朗亿功能材料有限公司安徽大学大昌华嘉科学仪器部武汉理工大学长安大学广东茜恩智能装备有限公司海目星激光科技集团股份有限公司青岛优明科粉体机械有限公司常州一硫电池科技有限公司中国航天空气动力技术研究院陕西科技大学德国新帕泰克有限公司苏州代表处中国星网网络创新研究院有限公司安徽清致科技发展有限公司深圳市和胜自动化设备有限公司上海道程工业设备有限公司布劳恩惰性气体系统（上海）有限公司福建理工大学重庆文理学院上海檀之茗科技中心（有限合伙）深圳市新威尔电子有限公司深圳仲氪信息科技有限公司步琦实验室设备贸易（上海）有限公司上海子微智能科技有限公司宜宾发展创投有限公司有研(广东)新材料技术研究院北京艾谱瑞斯科技有限公司深圳市瑞赛驰科技有限公司深圳市绿联科技股份有限公司光年固科（苏州）科技有限公司江苏利卡维智能科技有限公司广汽集团汽车工程研究院中国科学院青岛生物能源与过程研究所中国科学院山西煤炭化学研究所东莞市志远高热机械科技有限公司江苏利卡维智能科技有限公司河南理工大学邢台学院宁波博雅聚力新材料科技有限公司东莞百瑞自动化有限公司江苏亮果金属制品有限公司上海电子工程设计研究院有限公司江苏理工学院湖南省正源储能材料与器件研究所中国地质大学（武汉）中北大学上海菩正电子科技有限公司上海协尔化学科技有限公司长沙西丽纳米研磨科技有限公司江苏隆深氢能科技有限公司柔电（武汉）科技有限公司苏州大学湖北航天化学技术研究所南京菲尼克斯电气有限公司安徽扬子职业技术学院广东孚吉新材料有限公司米谱科技（常州）有限公司苏州纽姆特纳米科技有限公司珠海椿田科技股份有限公司湖北蓝博新能源设备股份有限公司武汉格瑞斯新能源有限公司苏州田边能源科技有限公司东北大学中国科学院上海高等研究院武汉工程大学展讯通信（上海）有限公司安徽泽攸科技有限公司太原科技大学北京航空航天大学潍坊追日磁电科技有限公司意尔孚化学（上海）有限公司昆明理工大学潍坊精华粉体科技股份有限公司武汉市哈斯特斯科技有限责任公司大森FMEA応用技研株式会社常州百和菱智能装备有限责任公司江苏科创石化有限公司华声强化（上海）科技有限公司广州埃登达化工有限公司苏州秋逸新材料有限公司欧励隆（中国）投资有限公司广东汇京智能装备有限公司江苏智子未来技术有限公司爱发科（苏州）技术研究开发有限公司南京苏展智能科技有限公司河北工业大学上海微化商贸有限公司杭州聚科空分设备制造有限公司深圳冠亚水分仪科技有限公司中国石化催化剂有限公司工程技术研究院郑州博欣高温材料有限公司中国石化催化剂有限公司摩田材料科技（兰溪）有限公司杭州研趣信息技术有限公司北京文博启胜投资有限公司北京超凡宏宇知识产权代理有限公司中石化催化剂大连有限公司环球君业(北京)科技有限公司深圳市一众智能装备有限公司芜湖映日科技股份有限公司惠州速力得科技有限公司常州市昇海智能科技有限公司深圳分公司肖特（上海）精密材料和设备国际贸易有限公司常州西奥电气科技有限公司上海宙盾先元科技有限公司快顺通环保科技（深圳）有限公司东莞市富电优品电源有限公司伊特克斯惰性气体系统（北京）有限公司河南琅恒企业管理咨询有限公司北方工业大学昆山佰信实计量技术有限公司国际贸易有限公司北京化工大学宁波创锂新材料科技有限公司中石化（大连）石油化工研究院有限公司永杰新材料股份有限公司上海化工院检测有限公司苏州职业技术大学淄博友研科技有限公司上海和盛光度新能源科技有限公司江苏金聚合金材料有限公司江苏擎川智能装备有限公司上海梅特鲁国际贸易有限公司深圳华算科技有限公司宁波震裕汽车部件有限公司西安机电信息技术研究所深圳市北杰新材料有限公司国仪量子技术（合肥）股份有限公司湘潭电化科技股份有限公司江西环境工程职业学院南德新能源汽车检测（江苏）有限公司陕西蓝基新材料科技有限公司中国塑料加工工业协会惠州普赛达新材料有限公司晶序新材料科技（温州）有限公司东莞市电的电子有限公司青岛大学宏润绿能（宣城）能源科技有限公司合肥工业大学洛阳储变电系统有限公司科腾聚合物贸易(上海)有限公司小渡科技（广东）有限公司北京分公司深圳市晨浅拓普科技有限公司苏州赛峰科学仪器有限公司合肥纳安新材料科技有限公司宝晟(苏州)能源科技有限公司广州白云科技股份有限公司常州长晟创新科技有限公司南昌大学胜华新能源科技（东营）有限公司兰州交通大学营口航盛科技实业有限责任公司沈阳分公司三明市海斯福化工有限责任公司达士维尔粉体科技（上海）有限公司上海润势科技有限公司中国科学院广州地球化学研究所中国科学院新疆理化技术研究所中汽新能无锡技术中心有限公司广州融捷电源材料有限公司日联科技集团股份有限公司华中科技大学江苏澄星新材料科技有限公司江苏天合储能有限公司重庆标瑞新能源有限公司珠海科技学院开封市测控技术有限公司广州博粤新材料技术有限公司北京林业大学安耐新能科技（盐城）有限公司南京工业大学玖度电（昆山）新能源科技有限公司邢台学院神州高铁技术股份有限公司港华能源创科（深圳）有限公司天核（苏州）能源有限公司新疆西海锂业集团有限公司济南大学湖北航天化学技术研究所宜宾发展创投有限公司湘潭市雨高开发投资集团有限公司福建师范大学长兴（中国）投资有限公司中建西部建设建材科学研究院无锡奥特维智能装备有限公司常州市创能纳米材料科技有限公司成都高投创业投资有限公司中科瑞龙智能制造(江苏)有限公司广州博粤新材料技术有限公司南孚电池有限公司东贵精密机械（无锡）有限公司远景动力技术（江苏）有限公司天津国安盟固利新材料科技股份有限公司安徽工业大学无锡阜成智能装备有限公司泰同源（江苏）科创发展有限公司桐乡华创三同科技发展有限公司上海歌尔科技发展有限公司上海森永工程设备股份有限公司常州市大成真空技术有限公司沈阳星光技术陶瓷有限公司苏州伏安瓦新材料科技有限公司埃克森美孚(中国)投资有限公司浙江梵天煦辉能源科技有限公司肇庆市科润真空设备有限公司上海颐格工贸发展有限公司会议注册费会议注册费：参会人员7月31日（含）前8月1日后以及现场正式代表600元2500元在校学生代表600元1500元（学生代表注册时需凭学生证，包含本科生、硕士、博士）注册费包含：会议费、资料费用等费用、不包含路费和住宿费，住宿要自订。账户信息：户名：深圳友研科技有限公司账号：757575353398开户行：中国银行股份有限公司深圳西丽支行付款时请注明“常州会议+单位名称”开票注意事项：增值税普通发票请提供单位名称及税号。如果需要增值税专用发票，请提供单位名称、税号、地址、电话、开户行、账号组委会联系方式参会、参展、宣传及赞助事宜联 系 人：陈老师 （赞助和报名事宜咨询）联系电话：***********（微信同号）邮 箱 ：sdlscck@163.com 报名方式一：长按报名,,,,pending
把固态电解质“挤”进中试线：15米超薄聚合物膜连续制备,锂电前沿,锂电前沿,"RIOnews API, 新材料, 电池材料, 碳, 聚合物, 高比能, 锂金属, 硅, 固态电池, 固态电解质, 合作进展, 投资, 合作, 学术研究, 大学, 科学院, 研究所, 宁德时代, 宁德新能源, 时代新能源, 国轩高科, 国轩, 远景动力, 欣旺达, 欣旺达动力, 孚能科技, 鹏辉能源, 软包, 储能, 系统集成, 实验室, 中试, 中试线, 样品",normal,2026-07-31T08:37:00+08:00,,【研究背景】固态电池有望通过锂金属负极和新型电芯结构提升安全性与比能量，但固态电解质研究不能只关注离子电导率和界面稳定性，还必须尽早考虑可加工性、可扩展性与制造成本。聚合物电解质具备良好电极接触和化学可调性，却常受离子传导与机械稳定性限制。相较需要溶剂、干燥且存在残留风险的溶液浇铸，以及产量有限的间歇热压，连续挤出无需有毒溶剂，可提高产量与重复性，并能直接制造电解质膜、人工界面层和功能中间层。然而，如何在严格惰性气氛中兼顾新材料的小批量研发与中试放大，仍缺乏成熟装备和系统验证。【内容简介】近日，德国于利希研究中心Gunther Brunklaus团队构建了两条集成于手套箱的紧凑型中试挤出线，分,http://mp.weixin.qq.com/s?__biz=MzkzODYxNTc2OA==&mid=2247511355&idx=2&sn=a58a724001ba85b3a794b8ef0a2d9595,,【研究背景】固态电池有望通过锂金属负极和新型电芯结构提升安全性与比能量，但固态电解质研究不能只关注离子电导率和界面稳定性，还必须尽早考虑可加工性、可扩展性与制造成本。聚合物电解质具备良好电极接触和化学可调性，却常受离子传导与机械稳定性限制。相较需要溶剂、干燥且存在残留风险的溶液浇铸，以及产量有限的间歇热压，连续挤出无需有毒溶剂，可提高产量与重复性，并能直接制造电解质膜、人工界面层和功能中间层。然而，如何在严格惰性气氛中兼顾新材料的小批量研发与中试放大，仍缺乏成熟装备和系统验证。【内容简介】近日，德国于利希研究中心Gunther Brunklaus团队构建了两条集成于手套箱的紧凑型中试挤出线，分,"【研究背景】固态电池有望通过锂金属负极和新型电芯结构提升安全性与比能量，但固态电解质研究不能只关注离子电导率和界面稳定性，还必须尽早考虑可加工性、可扩展性与制造成本。聚合物电解质具备良好电极接触和化学可调性，却常受离子传导与机械稳定性限制。相较需要溶剂、干燥且存在残留风险的溶液浇铸，以及产量有限的间歇热压，连续挤出无需有毒溶剂，可提高产量与重复性，并能直接制造电解质膜、人工界面层和功能中间层。然而，如何在严格惰性气氛中兼顾新材料的小批量研发与中试放大，仍缺乏成熟装备和系统验证。【内容简介】近日，德国于利希研究中心Gunther Brunklaus团队构建了两条集成于手套箱的紧凑型中试挤出线，分别处理柔软黏性的星形聚合物Bt-PCL和硬质磨蚀性的Al2O3_PCL杂化聚合物。系统通过重力式多组分计量、双螺杆混合、狭缝挤出和连续压延，在严格控制水氧的条件下完成无溶剂制膜。9 mm系统连续制得长15 m、厚16 µm的Bt-PCL膜；12 mm系统以约3.84 m2 h-1制得35 µm厚自支撑Al2O3_PCL膜。两种材料挤出后均未出现明显聚合物降解，颗粒和锂盐分布均匀。进一步以Bt-PCL作为正极电解质中间层、Al2O3_PCL作为固态电解质，完成NMC622||Li扣式及5 mAh软包电池验证。该工作将材料合成、连续制造与应用型电芯相衔接，同时也明确指出超薄膜机械稳定性、循环衰减和软包组装仍需优化。相关研究成果以“Inert atmosphere protected pilot-scale extrusion of polyester-based solid polymer electrolytes for lithium metal batteries”为题发表在《Energy Storage Materials》。【结果与讨论】作者以星形聚己内酯Bt-PCL和杂化聚合物Al2O3_PCL为代表，验证聚酯基固态电池材料的干法挤出。聚酯具有较好的氧化稳定性，PCL体系还兼具可观离子电导率和较高锂离子迁移数，适合与锂金属和高电压正极配合。Bt-PCL由苯-1,3,5-三酚核心接枝PCL构成，柔软且黏，可作为正极电解质；Al2O3_PCL则将PCL接枝于Al2O3纳米颗粒，机械强度高但磨蚀性强（图1）。前者此前已与NMC811正极匹配，后者在NMC622||Li电池中表现出良好机械性质和可逆锂沉积/溶解。两者分别代表聚合物电解质加工中的“过软”和“过硬”难题，且均可一锅合成，5 L反应器单批产量可达1 kg，适合作为中试基准材料。图1. 星形聚合物Bt-PCL和杂化聚合物Al2O3_PCL的结构示意图。针对Bt-PCL，作者将9 mm双螺杆挤出机和下游压延机集成于专用手套箱（图2a）。系统可在H2O低于0.1 ppm的N2气氛中工作，也可设定不同水含量以研究环境敏感性；两个箱体分别承担加工与储存/准备，并可气密隔离。生产线配备两个固体和一个液体加料单元，精密天平实现重力计量，避免繁琐预混和原料偏析（图2b、c）。挤出机长径比为30:1，五个机筒区可独立控温，可更换喷嘴以适配不同膜宽和厚度。Bt-PCL与LiTFSI按[C=O]:[Li]=5:1混合，经40 mm×0.2 mm狭缝喷嘴挤出并压延为30—40 µm厚、60—70 mm宽的膜；两层离型膜可防止柔软熔体黏附压延辊。该流程理论可连续生产145 m膜，实际制得15 m长演示膜（图3），二次辊压后厚度降至15—17 µm。图2. a）9 mm中试挤出线完整手套箱，右侧箱体用于准备和储存，左侧箱体用于加工；b）拆除前面板后左侧箱体内挤出系统的详细视图；c）拆除前面板后左侧手套箱内挤出系统的局部实物照片。图3. 位于两层离型膜之间的15 m长Bt-PCL膜。作者进一步比较仅含输送元件的螺杆a与含多种捏合元件的螺杆b（图4）。Bt-PCL初始Mw为49,700 g mol-1；即使采用机械应力更高的螺杆b，并将转速由80 rpm提高至160 rpm，其摩尔质量仍无明显变化（图5）；有、无LiTFSI的测试结果也无可见差异，说明低熔点、低熔体黏度的星形PCL可避免PEO挤出中常见的链降解。cryo-FIB-SEM显示膜厚均匀维持在15—17 µm（图6b），C与F的EDS面分布及线扫描趋势一致，未出现元素富集热点，证明聚合物和LiTFSI在截面内均匀分布（图6c、d）。更换狭缝喷嘴有望继续减薄膜层。16 µm膜已无法自支撑，但可直接压延至正极片，省去从离型膜向电极转移的步骤，并用于更薄的CEI、SEI或功能中间层。图4. a）仅含输送元件的9 mm挤出机螺杆示意图；b）含输送元件和多种捏合元件的挤出机螺杆。图5. Bt-PCL初始状态以及分别在80 rpm和160 rpm下加工后的摩尔质量（g mol-1）。结果由螺杆结构b加工获得。图6. a）位于两层离型膜之间的Bt-PCL膜照片；b）Bt-PCL膜的cryo-FIB-SEM截面（ETD探测器，SE模式）；c）Bt-PCL截面的碳EDS面分布；d）Bt-PCL截面的氟EDS面分布。针对硬质Al2O3_PCL，作者构建结构更复杂的12 mm挤出线（图7），配置四个固体、一个液体加料器及预混筒，使最多五种原料可独立加入。螺杆和机筒采用WC-Ni硬质合金并覆TiN，以抵抗氧化物磨损并降低摩擦；六个机筒区独立控温，螺杆设置两个捏合区以强化多组分混合（图8）。Al2O3_PCL与LiTFSI仍按[C=O]:[Li]=5:1进料，苯甲酮作为交联剂。热重结果与各加料器设定流量一致，证明多组分条件下仍能精确计量。材料经熔融、均化和压延后，再进行UV分批交联，得到约35 µm厚、70 mm以上宽的自支撑膜（图9）；设备已为未来在压延下游集成连续UV交联预留空间。当前产率约3.84 m2 h-1，显著高于同种电解质实验室热压的约0.1 m2 h-1，并可降低人工操作造成的质量波动。图7. a）12 mm中试挤出线完整手套箱，右侧箱体用于准备和储存，左侧两个箱体用于加工；b）拆除前面板后左侧箱体内挤出系统的详细视图；c）拆除前面板后左侧手套箱内挤出系统的局部实物照片。图8. 12 mm挤出机螺杆示意图，其中显示两个捏合区。图9. 挤出制得的35 µm厚自支撑Al2O3_PCL膜。杂化材料中颗粒表面的局部高剪切和受限链段运动容易引发聚合物降解，但Al2O3_PCL的Mw仅由挤出前61,000 g mol-1变为80 rpm挤出后的60,900 g mol-1，Tg和Tm也未受影响（图10）。相比文献中PEO/氧化物挤出后链长最高下降30%，PCL体系的低熔点和低熔体黏度显示出明显优势。图11b显示膜厚均匀约36 µm，Al、C、F面扫描分别对应Al2O3、聚合物和LiTFSI（图11d—f），证实颗粒和盐整体分布均匀。局部颗粒团聚体内部缺少C信号，且热压对照膜也存在相似团聚，说明团聚主要发生于合成前或合成过程中，而非挤出造成。作者认为，可通过增加捏合元件、扩大混合区部分破碎团聚体，但在合成阶段引入超声或改进反应器混合方式可能更有效；这也表明制造研究能够反向识别材料合成环节的问题。图10. Al2O3_PCL初始状态以及分别在40 rpm和80 rpm下加工后的摩尔质量（g mol-1）。图11. a）Al2O3_PCL膜照片；b）150 µm宽截面（CBS探测器，BSE模式）；c）截面放大图；d）挤出Al2O3_PCL膜的Al EDS面分布；e）C EDS面分布；f）F EDS面分布。在20—80 °C下，挤出Al2O3_PCL膜的离子电导率为0.00156—0.088 mS cm-1（图12a），略低于热压膜，作者将其归因于挤出和压延诱导的聚合物链取向与形貌变化，后续可通过压延后退火或提高挤出温度进行调节。Li|Al2O3_PCL|Li电池以0.1 mA cm⁻2进行锂剥离/沉积，每个半循环1 h。前20圈界面电阻基本稳定，40圈后由初始92 Ω cm2升至约109 Ω cm2（图12b），说明SEI尚非完全稳定；前10圈体相电阻略降，可能源于锂沉积/溶解改善接触或电解质厚度轻微调整。未来可引入LiFSI等界面稳定添加剂。其约5 V的稳定窗口则支持配合NMC等高电压正极。图12. a）挤出Al2O3_PCL电解质膜的温度依赖离子电导率，图中连线用于引导视线；b）Li||Li电池在剥离/沉积实验前后的阻抗谱。为实现较高载量正极，作者用激光在不足1 s内将商业NMC622极片切成扣式或软包所需尺寸。激光切割产生的机械应力较小，而且无需更换工具即可快速调整几何形状，适合自动化放大。SEM与FIB-SEM显示切边整齐且NMC颗粒未开裂（图13e、f）。扣式电池活性区直径为12 mm，软包电池为25×20 mm；软包正极一侧保留铝条用于外部连接。商业正极孔隙率约37%，经真空浸润和热压后，Bt-PCL贯穿整个正极并到达集流体（图13g），元素面分布和图像分割也支持完全浸润，为固态体系建立连续正极离子通路。图13. a）用于制备正极片的Taumac 100 M-TOP激光切割机照片；b）激光切割机工作区的详细视图；c）利用Taumac 100 M-TOP激光切割机切割成规定尺寸的商业NMC622正极片；d）用于软包电池的NMC622正极；e）激光切割正极边缘的SEM图像（ETD探测器，SE模式）；f）激光切割正极边缘的FIB-SEM截面（为平整表面而溅射Pt/C层；CBS探测器，BSE模式）；g）浸润后正极的FIB-SEM截面（CBS探测器，BSE模式）。在约0.4 mAh cm⁻2/2.4 mg cm⁻2载量下，NMC622|Al2O3_PCL|Li扣式电池无需正极电解质即可获得约175 mAh g-1（图14a、b）。载量增至1 mAh cm⁻2/6 mg cm⁻2后，引入Bt-PCL的电池仍可达到175 mAh g-1（图14c），说明柔软中间层改善了高载量正极中的固—固接触；无Bt-PCL时仅发挥少量容量，随循环活化后也只升至约75 mAh g-1（原文疑似将单位误写为mAh cm⁻2，图14d），凸显正极电解质中间层的重要性。不过，多数电池在70—100圈后降至80% SOH，循环中还出现孤立的充电电压骤降。35 µm膜可能遭受锂枝晶微穿透并引发微短路，若进一步减薄则需要更强机械支撑。5 mAh软包电池形成后约为100 mAh g-1（图14e），低于理论值，可能与尚未优化的组装和仅约0.1 MPa压力有关；相比之下，扣式电池压力约0.2 MPa。本研究并未全面优化软包结构，而是验证可重复膜材能否支撑更大电芯。后续连续挤出还可与堆叠或Z形折叠机器人结合。这些结果证明挤出材料可进入扣式和软包电池，但也表明其当前价值主要在制造可行性，而非已实现高性能实用电芯。图14. a）在60 °C、0.1 C下，采用中等正极载量约2.4 mg cm⁻2的扣式NMC622|Al2O3_PCL|Li电池充放电曲线；b）在60 °C、0.25 C下，采用中等正极载量约2.4 mg cm⁻2的扣式NMC622|Al2O3_PCL|Li电池充放电曲线；c）在60 °C、0.1 C下，采用较高正极载量约6.0 mg cm⁻2的扣式NMC622|Bt-PCL/Al2O3_PCL|Li电池充放电曲线；d）在60 °C、0.1 C下，采用较高正极载量约6.0 mg cm⁻2的扣式NMC622|Al2O3_PCL|Li电池充放电曲线；e）在60 °C、0.1 C下，采用较高正极载量约6.0 mg cm⁻2的软包NMC622|Bt-PCL/Al2O3_PCL|Li电池充放电曲线。【结论】12 mm挤出线每小时可生产约3.84 m2固态电解质，而同种材料采用实验室热压工艺时的产量最高约为0.1 m2 h-1。挤出工艺的自动化能够减少操作人员对膜材质量的影响，降低样品质量波动，为更大尺寸电池的组装提供质量更加稳定的电解质膜。与此同时，挤出系统集成于手套箱，可在受控水氧环境中加工对环境敏感的材料，并通过多个加料器实现不同原料的独立计量。研究还表明，Bt-PCL和Al2O3_PCL这两种性质差异明显的材料均可通过挤出加工，分别获得15 m长、16 µm厚的Bt-PCL膜和35 µm厚的自支撑Al2O3_PCL膜。不过，挤出和压延可能引起聚合物链取向，使离子电导率略有降低；Al2O3_PCL中的颗粒团聚主要与合成过程有关，而35 µm电解质膜还存在锂枝晶诱导微穿透的风险。因此，后续仍需进一步优化材料合成、膜材机械强度和电池组装条件。Felix Scharf, Phil Brockmeyer, Nadine Tänzer, Peter Lennartz, Martin Winter, Gunther Brunklaus,Inert atmosphere protected pilot-scale extrusion of polyester-based solid polymer electrolytes for lithium metal batteries,Energy Storage Materials,Volume 90,2026,105363,ISSN 2405-8297,https://doi.org/10.1016/j.ensm.2026.105363.温馨提醒：会务组新增100张优惠票，优惠票600元每人（含餐），报满为止！缴费成功视为报名成功；参展和报名电话.陈老师：***********2026中国固态电池技术大会暨中国硅碳负极高峰论坛签到地点：江苏·常州富都洲际酒店（常州武进区西湖路2号）签到时间：8月5日 13:00—20:00会议酒店订房方式常州富都洲际酒店 协议价豪华单/双间：380元一晚（含早），豪华湖景单双间：460元一晚（含早）扫码订房交通路线：常州富都洲际酒店常州奔牛国际机场至会议酒店车程约41公里。武进站至会议酒店车程约2公里。常州站至会议酒店车程约14公里。常州北站至会议酒店车程约30公里。会议概况【会议时间】2026年8月5-7日（5日签到）【主办单位】锂电前沿【承办单位】 深圳友研科技有限公司[部分报告议题】（报告或会有少许变动，请以现场为准）会议概况协办单位：东莞市琅菱机械有限公司广东茹天机械设备科技有限公司理化联科（北京）仪器科技有限公司大昌华嘉科学仪器部参会证广告赞助单位：广东茜恩智能装备有限公司椅背广告赞助单位：光年固科（苏州）科技有限公司手提袋广告赞助单位：青岛优明科粉体机械有限公司赞助单位：益瑞石(上海)投资管理有限公司德国新帕泰克有限公司苏州代表处深圳市和胜自动化设备有限公司高能数造（广州）技术有限公司支持单位：布劳恩惰性气体系统（上海）有限公司布鲁克（北京）科技有限公司深圳市新威尔电子有限公司深圳市瑞赛驰科技有限公司步琦实验室设备贸易（上海）有限公司北京艾谱瑞斯科技有限公司普沃思环保科技无锡有限公司东莞市志远高热机械科技有限公司展位展示：东莞百瑞自动化有限公司江苏亮果金属制品有限公司上海菩正电子科技有限公司长沙西丽纳米研磨科技有限公司柔电（武汉）科技有限公司米谱科技（常州）有限公司珠海椿田科技股份有限公司湖北蓝博新能源设备股份有限公司武汉格瑞斯新能源有限公司安徽泽攸科技有限公司上海优耐特斯压缩机有限公司潍坊追日磁电科技有限公司潍坊精华粉体科技股份有限公司常州百和菱智能装备有限责任公司华声强化（上海）科技有限公司广东汇京智能装备有限公司江苏智子未来技术有限公司南京苏展智能科技有限公司无锡市张华医药设备有限公司杭州聚科空分设备制造有限公司深圳冠亚水分仪科技有限公司郑州博欣高温材料有限公司杭州研趣信息技术有限公司环球君业(北京)科技有限公司惠州速力得科技有限公司上海宙盾先元科技有限公司伊特克斯惰性气体系统（北京）有限公司宁波创锂新材料科技有限公司淄博友研科技有限公司深圳华算科技有限公司深圳市北杰新材料有限公司参会单位（首批报名）：宁德时代新能源科技股份有限公司国轩高科股份有限公司惠州赣锋锂电科技有限公司国家动力电池创新中心爱尔集新能源电池(南京)有限公司溧阳天目先导电池材料科技有限公司胜华新材料科技（眉山）有限公司清陶云能(江苏)能源科技有限公司安徽中锂新能源科技有限公司宁德新能源科技有限公司欣旺达动力科技股份有限公司孚能科技（赣州）股份有限公司天齐锂业新能源技术研究（眉山） 有限公司四川盛威锂业有限公司陕西顷刻能源科技有限公司上海屹锂新能源科技有限公司广州鹏辉能源科技股份有限公司微宏动力系统（湖州）有限公司浙江吉曜通行能源科技有限公司深圳索理德新材料科技有限公司国科炭美新材料（湖州）有限公司嘉兴市凯力电池有限公司可乐丽贸易（上海）有限公司惠州市德赛电池有限公司广州汽车集团股份有限公司清陶云能(江苏)能源科技有限公司万向一二三Sila吉利汽车研究院多氟多新材料股份有限公司浙江金羽新能源科技有限公司中科深蓝汇泽新能源(常州)有限责任公司上海杉杉科技有限公司巴斯夫（中国）有限公司烟台京东方材料科技有限公司北京大学 清华大学上海交通大学复旦大学中国科学院苏州纳米技术与纳米仿生研究所广东东阳光科技控股股份有限公司益瑞石石墨和碳公司重庆太蓝新能源有限公司中国科学院物理研究所武汉天石科丰新能源科技有限公司宁波博雅聚力新材料科技有限公司摩田材料科技（兰溪）有限公司泛亚汽车技术中心有限公司国钠能源科技（河北）有限公司澳门大学中南大学哈尔滨工业大学浙江大学哈尔滨工业大学（深圳）华中科技大学中国科学技术大学科腾聚合物贸易(上海)有限公司南京汉特贸易有限公司东莞市琅菱机械有限公司开滦汇金私募基金管理有限公司广东茹天机械设备科技有限公司江苏微导纳米科技股份有限公司理化联科（北京）仪器科技有限公司上海朗亿功能材料有限公司安徽大学大昌华嘉科学仪器部武汉理工大学长安大学广东茜恩智能装备有限公司海目星激光科技集团股份有限公司青岛优明科粉体机械有限公司常州一硫电池科技有限公司中国航天空气动力技术研究院陕西科技大学德国新帕泰克有限公司苏州代表处中国星网网络创新研究院有限公司安徽清致科技发展有限公司深圳市和胜自动化设备有限公司上海道程工业设备有限公司布劳恩惰性气体系统（上海）有限公司福建理工大学重庆文理学院上海檀之茗科技中心（有限合伙）深圳市新威尔电子有限公司深圳仲氪信息科技有限公司步琦实验室设备贸易（上海）有限公司上海子微智能科技有限公司宜宾发展创投有限公司有研(广东)新材料技术研究院北京艾谱瑞斯科技有限公司深圳市瑞赛驰科技有限公司深圳市绿联科技股份有限公司光年固科（苏州）科技有限公司江苏利卡维智能科技有限公司广汽集团汽车工程研究院中国科学院青岛生物能源与过程研究所中国科学院山西煤炭化学研究所东莞市志远高热机械科技有限公司江苏利卡维智能科技有限公司河南理工大学邢台学院宁波博雅聚力新材料科技有限公司东莞百瑞自动化有限公司江苏亮果金属制品有限公司上海电子工程设计研究院有限公司江苏理工学院湖南省正源储能材料与器件研究所中国地质大学（武汉）中北大学上海菩正电子科技有限公司上海协尔化学科技有限公司长沙西丽纳米研磨科技有限公司江苏隆深氢能科技有限公司柔电（武汉）科技有限公司苏州大学湖北航天化学技术研究所南京菲尼克斯电气有限公司安徽扬子职业技术学院广东孚吉新材料有限公司米谱科技（常州）有限公司苏州纽姆特纳米科技有限公司珠海椿田科技股份有限公司湖北蓝博新能源设备股份有限公司武汉格瑞斯新能源有限公司苏州田边能源科技有限公司东北大学中国科学院上海高等研究院武汉工程大学展讯通信（上海）有限公司安徽泽攸科技有限公司太原科技大学北京航空航天大学潍坊追日磁电科技有限公司意尔孚化学（上海）有限公司昆明理工大学潍坊精华粉体科技股份有限公司武汉市哈斯特斯科技有限责任公司大森FMEA応用技研株式会社常州百和菱智能装备有限责任公司江苏科创石化有限公司华声强化（上海）科技有限公司广州埃登达化工有限公司苏州秋逸新材料有限公司欧励隆（中国）投资有限公司广东汇京智能装备有限公司江苏智子未来技术有限公司爱发科（苏州）技术研究开发有限公司南京苏展智能科技有限公司河北工业大学上海微化商贸有限公司杭州聚科空分设备制造有限公司深圳冠亚水分仪科技有限公司中国石化催化剂有限公司工程技术研究院郑州博欣高温材料有限公司中国石化催化剂有限公司摩田材料科技（兰溪）有限公司杭州研趣信息技术有限公司北京文博启胜投资有限公司北京超凡宏宇知识产权代理有限公司中石化催化剂大连有限公司环球君业(北京)科技有限公司深圳市一众智能装备有限公司芜湖映日科技股份有限公司惠州速力得科技有限公司常州市昇海智能科技有限公司深圳分公司肖特（上海）精密材料和设备国际贸易有限公司常州西奥电气科技有限公司上海宙盾先元科技有限公司快顺通环保科技（深圳）有限公司东莞市富电优品电源有限公司伊特克斯惰性气体系统（北京）有限公司河南琅恒企业管理咨询有限公司北方工业大学昆山佰信实计量技术有限公司国际贸易有限公司北京化工大学宁波创锂新材料科技有限公司中石化（大连）石油化工研究院有限公司永杰新材料股份有限公司上海化工院检测有限公司苏州职业技术大学淄博友研科技有限公司上海和盛光度新能源科技有限公司江苏金聚合金材料有限公司江苏擎川智能装备有限公司上海梅特鲁国际贸易有限公司深圳华算科技有限公司宁波震裕汽车部件有限公司西安机电信息技术研究所深圳市北杰新材料有限公司国仪量子技术（合肥）股份有限公司湘潭电化科技股份有限公司江西环境工程职业学院南德新能源汽车检测（江苏）有限公司陕西蓝基新材料科技有限公司中国塑料加工工业协会惠州普赛达新材料有限公司晶序新材料科技（温州）有限公司东莞市电的电子有限公司青岛大学宏润绿能（宣城）能源科技有限公司合肥工业大学洛阳储变电系统有限公司科腾聚合物贸易(上海)有限公司小渡科技（广东）有限公司北京分公司深圳市晨浅拓普科技有限公司苏州赛峰科学仪器有限公司合肥纳安新材料科技有限公司宝晟(苏州)能源科技有限公司广州白云科技股份有限公司常州长晟创新科技有限公司南昌大学胜华新能源科技（东营）有限公司兰州交通大学营口航盛科技实业有限责任公司沈阳分公司三明市海斯福化工有限责任公司达士维尔粉体科技（上海）有限公司上海润势科技有限公司中国科学院广州地球化学研究所中国科学院新疆理化技术研究所中汽新能无锡技术中心有限公司广州融捷电源材料有限公司日联科技集团股份有限公司华中科技大学江苏澄星新材料科技有限公司江苏天合储能有限公司重庆标瑞新能源有限公司珠海科技学院开封市测控技术有限公司广州博粤新材料技术有限公司北京林业大学安耐新能科技（盐城）有限公司南京工业大学玖度电（昆山）新能源科技有限公司邢台学院神州高铁技术股份有限公司港华能源创科（深圳）有限公司天核（苏州）能源有限公司新疆西海锂业集团有限公司济南大学湖北航天化学技术研究所宜宾发展创投有限公司湘潭市雨高开发投资集团有限公司福建师范大学长兴（中国）投资有限公司中建西部建设建材科学研究院无锡奥特维智能装备有限公司常州市创能纳米材料科技有限公司成都高投创业投资有限公司中科瑞龙智能制造(江苏)有限公司广州博粤新材料技术有限公司南孚电池有限公司东贵精密机械（无锡）有限公司远景动力技术（江苏）有限公司天津国安盟固利新材料科技股份有限公司安徽工业大学无锡阜成智能装备有限公司泰同源（江苏）科创发展有限公司桐乡华创三同科技发展有限公司上海歌尔科技发展有限公司上海森永工程设备股份有限公司常州市大成真空技术有限公司沈阳星光技术陶瓷有限公司苏州伏安瓦新材料科技有限公司埃克森美孚(中国)投资有限公司浙江梵天煦辉能源科技有限公司肇庆市科润真空设备有限公司上海颐格工贸发展有限公司会议注册费会议注册费：参会人员7月31日（含）前8月1日后以及现场正式代表600元2500元在校学生代表600元1500元（学生代表注册时需凭学生证，包含本科生、硕士、博士）注册费包含：会议费、资料费用等费用、不包含路费和住宿费，住宿要自订。账户信息：户名：深圳友研科技有限公司账号：757575353398开户行：中国银行股份有限公司深圳西丽支行付款时请注明“常州会议+单位名称”开票注意事项：增值税普",,,,pending
AM：用于片上光谱成像的垂直带隙级联钙钛矿单晶薄膜异质结,知光谷,知光谷,"RIOnews API, 钙钛矿",normal,2026-07-31T08:33:28+08:00,,片上光谱成像在便携式传感、精密检测、生物医学分析和智能视觉系统中极具应用前景，但在紧凑的设备架构内同时实现快速响应和精确的光谱解码仍具有挑战性。近日，东南大学徐晓宝、雷威开发了一种用于计算光谱成像的垂直带隙级联钙钛矿单晶薄膜异质结。研究亮点：1.通过顺序溶液外延制造的MAPbCl3/MAPbBr3/MAPbI3单晶薄膜异质结（约200µm）将波长相关的吸收深度与I型带对准相结合，实现了器件厚度上的偏置极性可切换和深度选择性载流子收集。2.这种设计产生了可编程的光谱响应代码，同时保持了高量子效率和快速的光响应。该器件的最大外部量子效率（EQE）为82%，上升时间短至8µs，峰值波长精度为1.4,http://mp.weixin.qq.com/s?__biz=MzI2MjQ5NDkyOA==&mid=2247568432&idx=2&sn=bd3dea9d04c7ce1edf6ae0d324a9a9dc,,片上光谱成像在便携式传感、精密检测、生物医学分析和智能视觉系统中极具应用前景，但在紧凑的设备架构内同时实现快速响应和精确的光谱解码仍具有挑战性。近日，东南大学徐晓宝、雷威开发了一种用于计算光谱成像的垂直带隙级联钙钛矿单晶薄膜异质结。研究亮点：1.通过顺序溶液外延制造的MAPbCl3/MAPbBr3/MAPbI3单晶薄膜异质结（约200µm）将波长相关的吸收深度与I型带对准相结合，实现了器件厚度上的偏置极性可切换和深度选择性载流子收集。2.这种设计产生了可编程的光谱响应代码，同时保持了高量子效率和快速的光响应。该器件的最大外部量子效率（EQE）为82%，上升时间短至8µs，峰值波长精度为1.4,片上光谱成像在便携式传感、精密检测、生物医学分析和智能视觉系统中极具应用前景，但在紧凑的设备架构内同时实现快速响应和精确的光谱解码仍具有挑战性。近日，东南大学徐晓宝、雷威开发了一种用于计算光谱成像的垂直带隙级联钙钛矿单晶薄膜异质结。研究亮点：1.通过顺序溶液外延制造的MAPbCl3/MAPbBr3/MAPbI3单晶薄膜异质结（约200µm）将波长相关的吸收深度与I型带对准相结合，实现了器件厚度上的偏置极性可切换和深度选择性载流子收集。2.这种设计产生了可编程的光谱响应代码，同时保持了高量子效率和快速的光响应。该器件的最大外部量子效率（EQE）为82%，上升时间短至8µs，峰值波长精度为1.4 nm，光谱分辨率为2.7 nm，宽带工作范围为400-820 nm。Shilin Liu et.al A Vertically Bandgap-Cascaded Perovskite Single-Crystal Film Heterojunction for On-Chip Spectral Imaging Adv. Mater. 2026DOI: 10.1002/adma.74281https://doi.org/10.1002/adma.74281学术交流QQ群知光谷光伏器件学术QQ群：641345719钙钛矿产教融合交流@知光谷（微信群）：需添加编辑微信为加强科研合作，我们为海内外科研人员专门开通了钙钛矿科创合作专业科研交流微信群。加微信群方式：添加编辑微信pvalley2024，备注：姓名-单位-研究方向（无备注请恕不通过），由编辑审核后邀请入群。,,,,pending
招聘专栏：沙特国王石油与矿业大学博后招聘,知光谷,知光谷,"RIOnews API, 钙钛矿, 学术研究, 大学, 教授",normal,2026-07-31T08:33:28+08:00,,胡龙博士将近期前往沙特法赫德国王石油与矿业大学任职副教授，现招聘博后多名。期待的博后研究领域为半导体纳米材料及其期间包括光伏，探测器和传感器。本人在华中科技大学博士毕业，目前为澳大利亚新南威尔士大学讲师，在澳洲获得多个高竞争力基金和项目，一作和通讯作者发表论文40篇包括NC SA， AM， EES等，累计被他引10000次，并且指导博士生超过15名。沙特国王石油与矿业大学在2027年QS排名为63，给予博后待遇为年薪大概6万美金，免税，提供来回机票，医疗保险。期待能一起成长感兴趣的请联系majororder@gmail.com.学术交流QQ群知光谷光伏器件学术QQ群：641345719钙钛矿产,http://mp.weixin.qq.com/s?__biz=MzI2MjQ5NDkyOA==&mid=2247568432&idx=3&sn=eaea87b3d90605d965f78b01659166d8,,胡龙博士将近期前往沙特法赫德国王石油与矿业大学任职副教授，现招聘博后多名。期待的博后研究领域为半导体纳米材料及其期间包括光伏，探测器和传感器。本人在华中科技大学博士毕业，目前为澳大利亚新南威尔士大学讲师，在澳洲获得多个高竞争力基金和项目，一作和通讯作者发表论文40篇包括NC SA， AM， EES等，累计被他引10000次，并且指导博士生超过15名。沙特国王石油与矿业大学在2027年QS排名为63，给予博后待遇为年薪大概6万美金，免税，提供来回机票，医疗保险。期待能一起成长感兴趣的请联系majororder@gmail.com.学术交流QQ群知光谷光伏器件学术QQ群：641345719钙钛矿产,胡龙博士将近期前往沙特法赫德国王石油与矿业大学任职副教授，现招聘博后多名。期待的博后研究领域为半导体纳米材料及其期间包括光伏，探测器和传感器。本人在华中科技大学博士毕业，目前为澳大利亚新南威尔士大学讲师，在澳洲获得多个高竞争力基金和项目，一作和通讯作者发表论文40篇包括NC SA， AM， EES等，累计被他引10000次，并且指导博士生超过15名。沙特国王石油与矿业大学在2027年QS排名为63，给予博后待遇为年薪大概6万美金，免税，提供来回机票，医疗保险。期待能一起成长感兴趣的请联系majororder@gmail.com.学术交流QQ群知光谷光伏器件学术QQ群：641345719钙钛矿产教融合交流@知光谷（微信群）：需添加编辑微信为加强科研合作，我们为海内外科研人员专门开通了钙钛矿科创合作专业科研交流微信群。加微信群方式：添加编辑微信pvalley2024，备注：姓名-单位-研究方向（无备注请恕不通过），由编辑审核后邀请入群。,,,,pending
每日更新：钙钛矿电池、钙钛矿LED纪录效率表(知光谷),知光谷,知光谷,"RIOnews API, 钙钛矿, 柔性钙钛矿, 学术研究, 大学, 教授, 科学院, 研究所",normal,2026-07-31T08:33:28+08:00,,前言：细分八个板块，囊括红绿蓝发光二极管、非铅钙钛矿、全无机钙钛矿、单结小面积、单结大面积（组件）；倒置、信你们感兴趣的话题，我们会不定期选择进行原创专栏撰光蓝光白光EQE42.9%32.5%26.4%31.1%团队吉林大学纪文宇、复旦大学杨迎国、北京交通大学唐爱伟、东南大学卢海洲、吉林大学谢文法中科院半导体所张兴旺&游经碧浙江大学狄大卫、叶志镇和戴兴良团队澳门科技大学李述汤、苏州大学谢跃民和冯敏强数据源https://doi.org/10.1038/s41586-026-10134-1https://advanced.onlinelibrary.wiley.com/doi/10.1002/a,http://mp.weixin.qq.com/s?__biz=MzI2MjQ5NDkyOA==&mid=2247568432&idx=4&sn=2b5a4b868759bc5c4f1a0204cad2e61c,,前言：细分八个板块，囊括红绿蓝发光二极管、非铅钙钛矿、全无机钙钛矿、单结小面积、单结大面积（组件）；倒置、信你们感兴趣的话题，我们会不定期选择进行原创专栏撰光蓝光白光EQE42.9%32.5%26.4%31.1%团队吉林大学纪文宇、复旦大学杨迎国、北京交通大学唐爱伟、东南大学卢海洲、吉林大学谢文法中科院半导体所张兴旺&游经碧浙江大学狄大卫、叶志镇和戴兴良团队澳门科技大学李述汤、苏州大学谢跃民和冯敏强数据源https://doi.org/10.1038/s41586-026-10134-1https://advanced.onlinelibrary.wiley.com/doi/10.1002/a,前言：细分八个板块，囊括红绿蓝发光二极管、非铅钙钛矿、全无机钙钛矿、单结小面积、单结大面积（组件）；倒置、信你们感兴趣的话题，我们会不定期选择进行原创专栏撰光蓝光白光EQE42.9%32.5%26.4%31.1%团队吉林大学纪文宇、复旦大学杨迎国、北京交通大学唐爱伟、东南大学卢海洲、吉林大学谢文法中科院半导体所张兴旺&游经碧浙江大学狄大卫、叶志镇和戴兴良团队澳门科技大学李述汤、苏州大学谢跃民和冯敏强数据源https://doi.org/10.1038/s41586-026-10134-1https://advanced.onlinelibrary.wiley.com/doi/10.1002/adma.202503699https://www.science.org/doi/10.1126/sciadv.ado5645https://pubs.acs.org/doi/10.1021/acsnano.4c18116时间2026年2月11日2025年5月23日2024年7月17日2025年3月26日类锡基近红外锡基红光叠层绿光纯红色EQE11.6%20.29%41.1%23.5%团队南京工业大学王建浦&黄维&常进团队吉林大学王宁，上海大学杨绪勇及洛桑联邦理工学院Michael Grätzel&Lu Haizhou团队苏州大学谢跃民&冯敏强&李述汤中国科学院半导体研究所张兴旺研究员、游经碧研究员团队数据源https://www.nature.com/articles/s41565-023-01588-9https://www.nature.com/articles/s41586-023-06514-6https://doi.org/10.1039/D3TC03466Fhttps://www.science.org/doi/10.1126/science.adj8858时间2024年1月12日2023年8月9日2024年1月24日2024年5月3日类别FA基近红外EQE32%团队南京工业大学黄维院士、王建浦教授、朱琳副教授数据源https://www.nature.com/articles/s41586-024-07460-7时间2024年5月29日PSCs世界纪录（叠层）类别钙钛矿/硅钙钛矿/钙钛矿钙钛矿/钙钛矿钙钛矿/OPVPCE34.6%（1）28.2%（1.038）30.1%（0.0489）25.56单位隆基绿能南京大学、仁烁光电南京大学、仁烁光电香港城市大学曾晓成&朱宗龙&中国科学技术大学杨上峰数据源https://www.nrel.gov/pv/interactive-cell-efficiency.htmlhttps://onlinelibrary.wiley.com/doi/10.1002/pip.3726https://onlinelibrary.wiley.com/doi/10.1002/pip.3726https://onlinelibrary.wiley.com/doi/10.1002/adma.202410692时间2024年05月1日2023年6月1日2024年10月31日2024年9月23日类别钙钛矿/CIGS柔性钙钛矿/晶体硅PCE26.3%（0.222 cm2）33.6%单位首尔大学阿卜杜拉国王科技大学Stefaan De Wolf、苏州大学杨新波和张晓宏数据源https://www.nrel.gov/pv/interactive-cell-efficiencyhttps://doi.org/10.1038/s41586-025-09849-4时间2025年5月2025年11月PSCs世界纪录（组件）类别钙钛矿钙钛矿PCE20.6%（215.53）23.2%（27.2）单位韩国化学技术研究所与韩国半导体设备制造商UniTest洛桑联邦理工学院Mohammad Khaja Nazeeruddin教授、Paul J. Dyson教授、赵康宁、西湖大学王睿研究员以及常州圣盛精工设备有限公司Jiang Sheng等人数据源https://www.nrel.gov/pv/interactive-cell-efficiency.htmlhttps://www.science.org/doi/10.1126/science.ado6619时间2024年6月23日2024年10月31日PSMs世界纪录（单结）类别钙钛矿钙钛矿钙钛矿PCE20.7%稳态效率（810cm²）19.04%稳态效率 ( 20000cm²) 23.30%（ 27.22 cm²）单位极电光能协鑫光电洛桑联邦理工学院Paul J. Dyson、 Mohammad Khaja Nazeeruddin、丁勇、苏州大学张晓宏数据源https://mp.weixin.qq.com/s/a2OHPAYLEr_NccLdaoe0Lwhttps://mp.weixin.qq.com/s?__biz=MzI2MjQ5NDkyOA==&mid=2247530134&idx=3&sn=209efe45aaceb933bbfa95dbfac67f3b&chksm=ea487929dd3ff03f8b86eecaf830168999712614e226fe4ae0e64d2d35124a91842a94be96e1&token=776053579&lang=zh_CN#rdhttps://doi.org/10.1038/s41586-024-07228-z时间2023年2月27日2024年3月6日2024年3月7日PSCs世界纪录类别钙钛矿钙钛矿（倒置）钙钛矿（正置）钙钛矿（倒置）1.67eVPCE27.3%（0.01cm2）27.6%26.5效率（认证26.31%）23.1% 效率（认证 22.95%） 单位苏州大学教授彭军、张晓宏团队联合澳大利亚新南威尔士大学及浙江省白马湖实验室华中科技大学陈炜、刘宗豪、韩国成均馆大学Nam-Gyu Park、刘三万、俄罗斯科学院Pavel A. Troshin和深圳职业技术大学李竞白团队北京大学赵丽臣和朱瑞团队武汉大学王植平团队数据源https://onlinelibrary.wiley.com/doi/10.1002/pip.3919https://www.science.org/doi/10.1126/science.aeb9953https://doi.org/10.1038/s41560-024-01642-3https://doi.org/10.1002/adma.202307701时间2025年5月26日2025年2月10日2024年9月16日类别二维n=5钙钛矿柔性钙钛矿空气中制备钙钛矿PCE22.26%25.44%25.08%单位韩国成均馆大学Nam-Gyu Park团队南昌大学胡笑添和陈义旺团队华北电力大学李美成数据源https://pubs.acs.org/doi/10.1021/acsenergylett.1c02645https://doi.org/10.1002/adfm.202424191https://doi.org/10.1038/s41560-023-01358-w时间2022年1月24日2025年2月7日2023年9月28日PSCs世界纪录类别锡基 FA-PEASnI3 锡基 FASnI3锡基无机CsSnI2BrPCE15.38%15.7%11.87%单位华侨大学魏展画、田成波团队上海科技大学米启兮团队高丽大学Ki-Ha Hong、韩巴大学Sang Hyuk Im数据源https://www.nature.com/articles/s41566-024-01381-7https://doi.org/10.1021/acsenergylett.4c00529https://pubs.acs.org/doi/abs/10.1021/acsenergylett.3c02032时间2024年1月29日2024年4月4日2021年9月9日类别锡基无机CsSnI3锡铅混合PCE11.21%24.13%单位华南理工严克友团队上海交通大学陈汉团队数据源https://onlinelibrary.wiley.com/doi/10.1002/adma.202300503https://doi.org/10.1038/s41467-024-51361-2时间2023年3月30日2024年8月12日PSCs世界纪录类别无掺杂HTM金属有机物无掺HTM小分子倒置HTMPCE24.60%21.30%25.70%单位韩国高丽大学Eui Hyuk Jung、Jun Hong Noh团队韩国蔚山国家科学技术研究所Sang Il Seok团队南方科技大学徐保民、王行柱、章勇、湘潭大学闫磊以及香港城市大学Alex K.-Y. Jen等人数据源https://pubs.rsc.org/en/content/articlepdf/2021/ee/d0ee03312jhttps://onlinelibrary.wiley.com/doi/10.1002/adfm.202110473https://pubs.acs.org/doi/10.1021/jacs.4c13355时间2021年3月2日2021年12月8日2024年12月18日类别碳电极全无机反式无HTM碳电极PCE23.24%18.05%19.06%单位大连理工大学王宇迪、史彦涛团队陕西师范大学向万春&大连化物所刘生思&韩国蔚山国立科学技术研究院SanglSeok华南农业大学潘振晓&钟新华数据源https://advanced.onlinelibrary.wiley.com/doi/10.1002/aenm.202405355https://www.sciencedirect.com/science/article/abs/pii/S2542435125000078https://onlinelibrary.wiley.com/doi/epdf/10.1002/anie.202302342时间2025年3月4日2025年2月3日2023年3月31日PSCs世界纪录类别CsPbI3CsPbBr3CsPb3-XIx(反式)CsPbI2BrPCE20.82%11.08%21.0%18.05%单位陕西师范大学向万春&大连化物所刘生忠&韩国蔚山国立科学技术研究院Sang Il Seok中国暨南大学段加龙、唐群委陕西师范大学向万春、刘生忠国家纳米科学中心左传天和丁黎明，中南大学刘芳洋及洛桑联邦理工学院丁勇数据源https://doi.org/10.1016/j.joule.2025.101826https://onlinelibrary.wiley.com/doi/10.1002/advs.202101418https://onlinelibrary.wiley.com/doi/10.1002/adma.202312237https://onlinelibrary.wiley.com/doi/abs/10.1002/aenm.202300738时间2025年2月3日2021年8月8日2024年2月16日2023年7月23日PSCs的开压世界纪录类别FAPbI3CsPbI3CsPbBr3最高开压1.18V1.33V1.702V单位韩国蔚山国家科学技术研究所（UNIST）Changduk Yang团队中国中科院半导体所游经碧团队中国暨南大学段加龙&唐群委团队 数据源https://www.science.org/doi/10.1126/science.abb7167https://onlinelibrary.wiley.com/doi/abs/10.1002/smll.202005246https://onlinelibrary.wiley.com/doi/10.1002/advs.202101418时间2020年9月25日 2020年11月23日2021年8月8日类别CsPbI2BrCsPbIBr2MAPbCl3最高开压1.45V1.54V1.78V单位德国埃尔兰根-纽伦堡大学Ning Li、Christoph J. Brabec团队日本横滨大学Zhanglin Guo&Tsutomu Miyasaka团队斯图加特大学Mahdi Malekshahi、Byranvand及Michael Saliba等人数据源https://pubs.acs.org/doi/10.1021/acsenergylett.2c01883https://onlinelibrary.wiley.com/doi/10.1002/adfm.202207554https://pubs.acs.org/doi/abs/10.1021/acsenergylett.3c02777时间2022年10月24日2022年8月21日2024年2月16日持续更新中...新突破的记录，欢迎读者投稿学术交流QQ群知光谷光伏器件学术QQ群：641345719钙钛矿产教融合交流@知光谷（微信群）：需添加编辑微信为加强科研合作，我们为海内外科研人员专门开通了钙钛矿科创合作专业科研交流微信群。加微信群方式：添加编辑微信 pvalley2024，备注：姓名-单位-研究方向（无备注请恕不通过），由编辑审核后邀请入群。欢迎查阅，欢迎反馈！,,,,pending
南京大学朱嘉等人Sci. Adv.：非共面多齿接触增强钙钛矿/硅叠层太阳能电池埋底界面,知光谷,知光谷,"RIOnews API, 钙钛矿",normal,2026-07-31T08:33:28+08:00,,"第一作者：Xinran Xu、Luokang Sun、Chuanlu Chen、Kun Chen通讯作者信息：南京大学朱嘉、朱鹏臣、晶澳（扬州）太阳能科技有限公司Yang Sun、Haipeng Yin研究亮点：设计了具有非共面分子构型和三齿羧酸锚定基团的TTA分子（5,5',5''-(nitrilotri-4,1-phenylene)tri(2-thiophene carboxylic acid)），其非共面结构有效抑制了π-π堆叠诱导的分子聚集，与Me-4PACz混合后，TTA-Me对的结合能（-1.12 eV）强于Me-Me（-1.00 eV），有效打断Me-4PACz的自聚集。DFT计",http://mp.weixin.qq.com/s?__biz=MzI2MjQ5NDkyOA==&mid=2247568432&idx=1&sn=1fad3b348b3aa885c7b4a7435a4370f3,,"第一作者：Xinran Xu、Luokang Sun、Chuanlu Chen、Kun Chen通讯作者信息：南京大学朱嘉、朱鹏臣、晶澳（扬州）太阳能科技有限公司Yang Sun、Haipeng Yin研究亮点：设计了具有非共面分子构型和三齿羧酸锚定基团的TTA分子（5,5',5''-(nitrilotri-4,1-phenylene)tri(2-thiophene carboxylic acid)），其非共面结构有效抑制了π-π堆叠诱导的分子聚集，与Me-4PACz混合后，TTA-Me对的结合能（-1.12 eV）强于Me-Me（-1.00 eV），有效打断Me-4PACz的自聚集。DFT计","第一作者：Xinran Xu、Luokang Sun、Chuanlu Chen、Kun Chen通讯作者信息：南京大学朱嘉、朱鹏臣、晶澳（扬州）太阳能科技有限公司Yang Sun、Haipeng Yin研究亮点：设计了具有非共面分子构型和三齿羧酸锚定基团的TTA分子（5,5',5''-(nitrilotri-4,1-phenylene)tri(2-thiophene carboxylic acid)），其非共面结构有效抑制了π-π堆叠诱导的分子聚集，与Me-4PACz混合后，TTA-Me对的结合能（-1.12 eV）强于Me-Me（-1.00 eV），有效打断Me-4PACz的自聚集。DFT计算表明TTA与NiOₓ和钙钛矿的结合能分别为-6.98 eV和-2.24 eV，远高于Me-4PACz（-4.87 eV和-1.16 eV），三齿羧基锚定基团实现多点协同键合，将界面拉伸强度从1.1 MPa提升至2.2 MPa，显著增强了埋底界面的机械和化学稳定性。TTA与Me-4PACz混合后，SAM层覆盖均匀性显著改善——TEM显示纯Me-4PACz层存在明显不连续覆盖，混合SAM层形成更均匀形貌；C-AFM显示混合SAM的高电流泄漏区域显著减少；KPFM显示110°C热老化8小时后混合SAM表面电位变化更小（-192→-141 mV vs 纯Me-4PACz变化更大），热稳定性显著增强。混合SAM策略将WBG钙钛矿（~1.67 eV）单结器件效率从20.3%提升至23.7%，V_OC达1.25 V，FF达84.3%；1 cm²大面积器件效率22.0%；钙钛矿/硅叠层器件效率33.3%（认证33.1%），为同类器件领先水平。混合SAM器件展现出优异的稳定性——200次热循环（-40°C↔85°C）后保持95.6%初始效率（对照82.9%）；MPP跟踪600小时后保持100%初始效率（对照200小时后63.6%）；85°C热存储1084小时后保持90.8%初始效率（对照241小时后79.3%）；户外运行30天后无性能衰减。一、本研究针对的问题与挑战宽带隙（WBG）钙钛矿（~1.65-1.70 eV）是实现高效钙钛矿/硅叠层太阳能电池的关键，自组装单层（SAM）的引入进一步减少了界面损失。然而，广泛使用的咔唑基SAM分子Me-4PACz虽然具有优异的空穴提取能力，但在醇溶剂中加工时极易自聚集，导致SAM覆盖不均匀、岛状区域和针孔形成，削弱了与底层基底和上层钙钛矿的界面结合，增加了界面缺陷密度并损害了电荷传输。现有策略虽能缓解某一具体问题，但难以通过单一分子同时实现多重收益——常规平面共轭分子易发生π-π堆叠聚集，单一官能团锚定强度有限。WBG钙钛矿对界面质量要求更高，效率和稳定性仍有较大提升空间二、成果简介本文设计了TTA分子——其非共面构型可有效抑制π-π堆叠诱导的聚集，噻吩单元和三齿羧酸锚定基团增强与基底和钙钛矿的相互作用。与Me-4PACz混合后，TTA通过更强的分子间相互作用（-1.12 eV）打断Me-4PACz的自聚集，形成更均匀的SAM层，同时三齿锚定将界面拉伸强度提升至2.2 MPa。WBG单结器件效率23.7%，叠层器件效率33.3%（认证33.1%），并在热循环、MPP和户外运行中展现出优异稳定性。三、结果与讨论要点 1 TTA的分子设计与界面相互作用DFT计算（图1B-C，S2）：Me-4PACz在自聚集时倾向于平行排列（强π-π堆叠驱动）；TTA的非共面扭曲几何可减少有效π-π重叠，打断Me-4PACz的有序堆叠。Me-Me、Me-TTA、TTA-TTA的结合能分别为-1.00、-1.12、-1.09 eV——Me-TTA相互作用更强，证实TTA可有效打断Me-4PACz的自聚集。分子-基底结合能（图1D-F，S3A）：对NiOₓ基底，Me-4PACz和TTA均优选水平吸附构型，结合能分别为-4.87 eV和-6.98 eV——TTA的结合能显著更高，表明更强的界面粘附力。分子-钙钛矿结合能（图1G-I，S3B，S4）：Me-4PACz和TTA同样优选水平吸附构型，结合能分别为-1.16 eV和-2.24 eV。对FA⁺终止表面（S4），TTA的结合能（-4.47 eV）同样远高于Me-4PACz（-2.39 eV），证实TTA可与有机表面组分有效相互作用。差分电荷密度（S5-S6）显示TTA体系中界面电荷重分布更显著、沿z方向电荷转移量更大——界面电子耦合更强。要点 2 混合SAM的界面性质与均匀性XPS（图2A，S7）：混合SAM中S元素信号证实TTA成功引入，P:S原子比（~1:1）与前驱体组成一致，证实TTA稳定掺入。TOF-SIMS（图2B，S8）证实TTA存在于界面处且未扩散进入钙钛矿层。TEM（图2C，S9-S10）：纯Me-4PACz层呈非均匀覆盖（即使平滑基底上亦呈现不连续覆盖）；混合SAM层形成更均匀的形貌，表观厚度~5 nm（多层而非严格单层），说明TTA抑制了Me-4PACz聚集并促进更均匀界面层形成。C-AFM（图2D-E）：纯Me-4PACz呈现大量高电流泄漏信号的亮区（SAM未覆盖区域）；混合SAM的高电流区域显著减少——更致密、更连续的界面层。AFM-IR（S11）：Me（1105 cm⁻¹）和TTA（1665 cm⁻¹）的特征振动信号在混合SAM中空间分布均匀，对照Me信号更弱且分布不均（分子聚集和部分脱附）。AFM（S12）：混合SAM表面粗糙度从0.51 nm降至0.34 nm。KPFM热稳定性（图2F-G，110°C，8小时）：对照样品表面电位从-192 mV变至-141 mV（变化显著）；混合SAM保持相对稳定——热耐久性更优。溶剂冲洗XPS（S14）：混合SAM的N峰减弱程度小于对照——SAM与NiOₓ结合更强。界面拉伸强度（图2H-J）：混合SAM界面拉伸强度2.2 MPa vs 对照1.1 MPa——TTA显著增强了SAM/钙钛矿界面的弱结合。要点 3 WBG单结器件性能与辐照响应SEM（图3A-D，S16）：顶面晶粒更均匀但尺寸略小（润湿性改善增加成核密度）；埋底界面更清晰、更均匀（混合SAM促进更均匀结晶）。XRD（图3E）：混合SAM样品(100)衍射峰（~14.2°）显著增强——结晶度提升。DLS（S17-S18，S1）：混合SAM溶液粒径分布更窄、左移（~200-300 nm vs 对照~600-900 nm），PDI从0.294降至0.164——TTA调控聚集行为，前驱体分布更均匀。PL mapping（图3F-G，S19）：混合SAM埋底界面PL强度更高且分布更均匀——界面均匀性改善、缺陷变化减少。TRPL（图3H，S2）：混合SAM的快组分τ₁从29.6 ns增至97.8 ns（界面非辐射复合被抑制），慢组分τ₂从1178.1 ns增至1944.0 ns，平均寿命从1170.1 ns增至1933.1 ns。TA（S20）证实寿命延长主要源于缺陷辅助非辐射复合被抑制而非界面传输限制。SCLC（S21）：陷阱填充极限电压从0.71 V降至0.67 V，陷阱密度从1.41×10¹⁶降至1.31×10¹⁶ cm⁻³。UPS（图3I-J）：电离能差（ΔIE）从0.42 eV降至0.34 eV——空穴提取能垒降低，能级排列改善。要点 4 单结器件性能与稳定性采用ITO/NiOₓ/SAMs/perovskite/C₆₀/SnO₂/Ag的p-i-n结构（图4A）。优化Me-4PACz:TTA摩尔比（S22）为3:1。统计分布（图4B）：混合SAM器件平均PCE 22.1%，比对照（20.3%）提升1.8%——V_OC和FF显著改善。J-V曲线（图4C，S3）：冠军反向扫描23.7%（V_OC=1.25 V，J_SC=22.4 mA cm⁻²，FF=84.3%），正向22.9%。EQE（图4D）积分J_SC=21.6 mA cm⁻²，与J-V吻合。1 cm²大面积器件（图4E，S4）：反向22.0%，正向21.5%——混合SAM在大面积上保持均匀性。TC热循环稳定性（图4F，S23-S24，-40°C↔85°C，暗态，200次循环）：混合SAM保持95.6%初始效率（对照82.9%）。MPP稳定性（图4G，S25-S26，LED，1-sun）：混合SAM 600小时后保持100%初始效率（对照200小时后63.6%）。85°C热稳定性（S27）：混合SAM 1084小时后保持90.8%初始效率（对照241小时后79.3%）。要点 5 叠层器件与户外运行验证叠层结构（图5A）：p-Si/NiOₓ/混合SAM/WBG perovskite/C₆₀/SnO₂/IZO/Ag。SEM显示钙钛矿在织构化硅表面均匀、致密（图5B-C）。J-V曲线（图5D，S28，S5）：叠层冠军效率33.3%，认证33.1%（反向扫描，0.999 cm²）。EQE（图5E）证实光谱响应优异。户外运行稳定性（图5F，S29-S30，30天，约720小时）：器件在真实日光下运行，无性能衰减。封装结构（S31）采用玻璃/POE/PIB多层阻隔。四、小结本文设计了TTA分子，其非共面构型有效抑制π-π堆叠诱导的聚集（Me-TTA结合能-1.12 eV vs Me-Me -1.00 eV），三齿羧基锚定基团与NiOₓ（-6.98 eV）和钙钛矿（-2.24 eV）的结合能远高于Me-4PACz（-4.87 eV和-1.16 eV），界面拉伸强度从1.1 MPa提升至2.2 MPa。与Me-4PACz混合后形成更均匀、更强键合、更优电学性能的SAM层，WBG钙钛矿结晶度提升、陷阱密度降低、载流子寿命延长（1933.1 ns vs 1170.1 ns）。WBG单结器件效率23.7%，叠层器件33.3%（认证33.1%），200次热循环后保持95.6%初始效率，MPP 600小时后保持100%初始效率，户外30天运行无衰减。该工作展示了通过单一分子同时调控分子堆积、界面键合和钙钛矿结晶的界面分子工程策略。五、参考文献Xu, X., Sun, L., Chen, C. et al. Noncoplanar multidentate contacts reinforce buried interface for perovskite/silicon tandem solar cells. Sci. Adv. 12, eaei2945 (2026).https://doi.org/10.1126/sciadv.aei2945相关产品推荐：还在为钙钛矿等敏感材料沉积 “设备笨重难部署、界面易受水氧污染、薄膜均匀性差” 发愁？Quantum Design中国引进的GEMStar XT 台式原子层沉积系统重磅破局！以 82×64×31cm 小巧机身集成全功能，侧开式腔门无缝对接手套箱隔绝污染，攻克传统设备痛点，更助力科研团队在《Nature》发表成果，实现钙钛矿太阳能电池 26.92% 认证效率与超 1000 小时热稳定性突破！核心优势：支持 1500:1 高深宽比 3D 结构与多尺寸基片均匀沉积可实现99.9% 温度均匀性、超 99% 膜厚均匀性及 ALD/MLD 兼容能力支持 4、6、8 英寸多片样品同时沉积，无论是基础研究还是批量验证，都能高效满足侧面手套箱集成不占地、无热干扰；应用领域：覆盖量子点器件、钙钛矿太阳能电池、锂电池、催化材料等，精准获取薄膜成分均匀性、结构稳定性等核心数据，助力高水平成果产出，是纳米技术、光电材料研究的硬核工具！若您对原子层沉积设备有任何问题，欢迎扫码咨询！学术交流QQ群知光谷光伏器件学术QQ群：641345719钙钛矿产教融合交流@知光谷（微信群）：需添加编辑微信为加强科研合作，我们为海内外科研人员专门开通了钙钛矿科创合作专业科研交流微信群。加微信群方式：添加编辑微信pvalley2024，备注：姓名-单位-研究方向（无备注请恕不通过），由编辑审核后邀请入群。",,,,pending
陈忠伟院士领衔！吉林师大冯明&滑铁卢大学余爱萍，最新Angew | 配位调控电解液微结构赋能高性能锌电池!,电池未来,电池未来,"RIOnews API, 前沿表征, 原位, 工况, 学术研究, 大学, 科学院, 研究所, 期刊",normal,2026-07-31T08:30:00+08:00,,溶剂化结构调控能够抑制枝晶生长与析氢反应，在稳定锌负极方面起到关键作用，但离子传输缓慢会造成负极倍率性能不佳。2026年7月28日，吉林师范大学冯明、加拿大滑铁卢大学余爱萍、中国科学院大连化学物理研究所陈忠伟在国际知名期刊Angewandte Chemie International Edition发表题为《Regulating Electrolyte Microstructure via Anion-Solvent Coordination Enables Fast Interfacial Kinetics Toward Practical Zinc Pouch Cells》的研究论文，Me,http://mp.weixin.qq.com/s?__biz=Mzg5OTYzNjU0OA==&mid=2247650650&idx=2&sn=30ef8c9342180eba28a22305249791ea,,溶剂化结构调控能够抑制枝晶生长与析氢反应，在稳定锌负极方面起到关键作用，但离子传输缓慢会造成负极倍率性能不佳。2026年7月28日，吉林师范大学冯明、加拿大滑铁卢大学余爱萍、中国科学院大连化学物理研究所陈忠伟在国际知名期刊Angewandte Chemie International Edition发表题为《Regulating Electrolyte Microstructure via Anion-Solvent Coordination Enables Fast Interfacial Kinetics Toward Practical Zinc Pouch Cells》的研究论文，Me,"溶剂化结构调控能够抑制枝晶生长与析氢反应，在稳定锌负极方面起到关键作用，但离子传输缓慢会造成负极倍率性能不佳。2026年7月28日，吉林师范大学冯明、加拿大滑铁卢大学余爱萍、中国科学院大连化学物理研究所陈忠伟在国际知名期刊Angewandte Chemie International Edition发表题为《Regulating Electrolyte Microstructure via Anion-Solvent Coordination Enables Fast Interfacial Kinetics Toward Practical Zinc Pouch Cells》的研究论文，Meihua Zhu、Houhou Huang为共同第一作者，冯明、余爱萍、陈忠伟为共同通讯作者。在本文中，作者提出一种“阴离子调控”策略，在三氟甲磺酸锌电解液中引入两亲性苯甲醇（BA），实现电解液微观结构与双重溶剂化结构调控。苯甲醇与Zn2+的溶剂化作用较弱，可通过阴离子-溶剂相互作用构筑Zn2+-OTf--BA双重溶剂化结构，缩小溶剂团簇尺寸并提升微观均一性，改善 Zn2+扩散动力学。该体系同时实现第一溶剂化鞘层协同调控：苯甲醇不仅减少配位水分子数量，还弱化Zn2+与OTf-之间的相互作用，加快脱溶剂化动力学。此外，阴离子分解可构筑富无机相固体电解质界面，有利于提升界面稳定性。受益于上述优势，改性电解液赋能锌负极优异的倍率性能：在10mA・cm-2/10mAh・cm-2条件下稳定循环1500h；20mA・cm-2/20mAh・cm-2条件下稳定循环294h；锌利用率85%时可稳定运行260h。组装的1.2Ah Zn-NH4V4O10软包电池循环200次后容量保持率约85.3%。本工作提供一种调控电解液微观结构、优化界面动力学的新思路，助力实用水系锌离子电池开发。工业社会飞速发展催生了可再生能源的巨大需求，而可再生能源间歇性、波动性的特点，对下一代储能器件的经济性与可靠性提出了全新要求。在各类可充电电池体系中，水系锌离子电池（AZIBs）兼具成本低廉、安全性高、环境友好的突出优势，完美适配大规模储能应用场景。金属锌负极拥有820mAh g-1的超高理论比容量，氧化还原电位低至−0.76V（相对于标准氢电极），搭配高离子电导率水系电解液，具备实现高效储能的巨大潜力。然而电池工作过程中，锌负极表面电场分布不均，锌离子易在局部尖端优先还原析出，诱导锌枝晶持续生长。除此之外，锌离子脱溶剂化不完全，同时伴随析氢副反应（HER），二者共同造成电解液持续分解并生成大量钝化副产物。上述一系列问题严重破坏锌沉积/剥离的可逆性，极大阻碍水系锌离子电池的产业化落地。为解决上述瓶颈，科研人员开发了多种电解液溶剂化调控策略，以此改善锌负极可逆性，推动水系锌电池走向实际应用。第一种方案是引入高古特曼给体数、高介电常数强极性共溶剂：该类溶剂可置换一级溶剂化鞘层内的配位水分子，并重构氢键网络以降低水体活度。但强极性共溶剂与Zn2+之间配位作用过强，会显著提升离子脱溶剂化能垒，减缓电解液内部锌离子扩散；同时体系易生成低导电性固态电解质界面（SEI），增大电池极化、拖慢界面反应动力学。另一类主流方案采用低给体数、低介电常数的弱极性溶剂，以两亲性阴离子（三氟甲磺酸根OTf-）作为桥连介质。弱溶剂化电解液可形成贫水富阴离子溶剂化结构，无需共溶剂参与即可加速脱溶剂过程；体系内反向胶束能够包裹游离水分子，阴离子分解可构筑高导电性致密无机SEI，进一步优化界面稳定性。但该体系易生成大量阴阳离子缔合体并自发团聚，形成高黏度油相区域，大幅削弱离子传输动力学。因此，仍需进一步优化电解液溶剂化结构与微观环境，尤其是大倍率充放电下的界面反应速率。调控电解液介观分子团簇等微观结构是近年新兴研究思路，该手段可有效优化离子输运效率、提升界面反应动力学。例如，借助共溶剂电子效应重新分配电解液中水与阴离子的分布，缩小反向胶束尺寸，构筑高离子通量快速迁移通道；选用高给体、低介电共溶剂也可破坏阴离子团聚，降低电解液微观非均质性。上述方式均能加速脱溶剂过程，提升体相Zn2+扩散能力，改善电池倍率性能。但电解液微观结构与宏观电化学性能之间的内在关联尚不明确，精准调控电解液微观结构仍是提升锌电池实用性能的关键难题。基于上述研究背景，本文提出一种新型调控策略：向1M三氟甲磺酸锌稀电解液中引入两亲性苯甲醇（BA），依托阴离子-溶剂相互作用同步调控电解液微观结构与双层溶剂化鞘层，提升锌负极界面反应动力学，适配软包电池实用体系。苯甲醇对Zn2+溶剂化能力较弱，但可特异性结合阴离子，构筑Zn2+-OTf--BA三元复合溶剂化结构。外层溶剂化鞘层中的苯甲醇依靠空间位阻与疏水效应缩小溶剂化团簇尺寸，降低电解液微观不均一性，实现高离子通量、加快Zn2+扩散。更关键的是，苯甲醇可协同调控一级溶剂化壳层：既能减少配位水分子数量，又能弱化内层Zn2+与OTf-的相互作用，加速脱溶剂动力学。同时阴离子分解可生成富含ZnF2、ZnS、ZnSO3、ZnCO3的无机致密界面膜，有效抑制析氢副反应与锌枝晶生长，大幅提升界面稳定性。采用该小团簇电解液的对称锌电池可实现3000h超长稳定循环（1mA cm-2/ 1mAh cm-2），倍率性能优异：10mA cm-2、10mAh cm-2工况稳定运行1500h；20mA cm-2、20mAh cm-2下稳定循环294h。使用10μm超薄锌箔时，锌利用率可达85%，电池稳定运行260h。低正负极容量比（N/P=3.1）的Zn-NH4V4O12软包电池容量达1.2Ah，循环200圈容量保持率高达85.3%。该微观调控策略同样适用于1M双三氟甲磺酰亚胺锌（Zn (TFSI)2）电解液，可同步提升对称电池的倍率性能与循环稳定性。本工作从介观尺度实现电解液微观结构精准调控，为高性能水系锌负极的开发提供全新设计思路。图1：苯甲醇调控电解液微观结构与锌离子溶剂化结构机理。(a)添加不同含量苯甲醇后电解液聚集体演化示意图；(b)不同电解液在激光照射下实拍图；(c)不同苯甲醇添加量电解液的动态光散射流体力学粒径测试结果；(d)三种电解液中三氟甲磺酸根阴离子分布；(e)第二溶剂壳层内苯甲醇的径向分布函数与配位数曲线；(f)电解液中锌离子均方位移扩散系数曲线；(g)电场下锌离子迁移路径；(h)基础电解液、(i)ZA-3电解液、(j)ZA-5电解液内锌离子第一溶剂壳层径向分布函数与配位数曲线。图2：不同电解液的结构表征与分子间相互作用。(a)氢核磁共振谱；(b)氟核磁共振谱；(c)1350–1100cm-1区间傅里叶变换红外光谱；(d)苯甲醇与水、三氟甲磺酸根之间氢键作用示意图；(e)2800–4000 cm-1区间归一化拉曼光谱；(f,g)含苯甲醇电解液拉曼光谱（苯环碳碳键、磺酸根特征峰）；(h)锌K边傅里叶变换扩展X射线吸收精细结构谱；(i)对应小波变换扩展X射线吸收精细结构图。图3：不同电解液对称半电池电化学性能。(a)1mA・cm-2/ 1mAh・cm-2、(b) 10mA・cm-2/ 10mAh・cm-2、(c) 20mA・cm-2条件下对称电池循环曲线；(d)ZA-3、(e)ZA-5电解液循环后锌沉积形貌扫描电镜图；(f)成核过电位与临界成核半径的关联关系；(g)20mA・cm-2下锌离子耗尽与枝晶生长对应的桑德容量曲线；(h)ZA-3、(i)ZA-5电解液体系传质与成核调控机理示意图；(j)10μm超薄锌负极对称电池循环性能；(k)本工作与其他弱溶剂化/胶束电解液锌对称电池性能三维对比图。图4：锌沉积/剥离行为与界面表征。(a)基础电解液、ZA-3电解液在5mA・cm-2下锌沉积原位光学照片；(b)1mA・cm-2循环100圈后锌负极扫描电镜图；(c)第五圈循环后锌负极原子力测试平均粗糙度；(d)基础电解液、(e)ZA-3电解液对称电池原位弛豫时间分布谱；不同溅射深度下循环锌负极 (f)C 1s、(g)F 1s、(h)S 2p、(i)Zn 2p X射线光电子能谱；(j)ZA-3电解液循环后负极飞行时间二次离子质谱三维重构图；(k)氟离子、硫离子、含碳物种深度分布曲线；(l)ZA-3电解液（左）、基础电解液（右）负极界面组分示意图。图5：全电池电化学性能。(a)不同电解液锌-钒铵氧化物全电池循环伏安曲线；(b)0.3–5A・g-1倍率性能；(c)ZA-3电解液全电池充放电曲线；(d)不同电解液循环后全电池电化学阻抗谱；(e)全电池自放电测试曲线；(f)2 A・g-1长循环性能；(g)8×8cm锌-钒铵氧化物软包电池实物照片；(h)0.5 A・g-1下软包电池循环稳定性曲线。综上，该研究通过苯甲醇添加剂重构锌电解液双重溶剂结构，缩小离子团簇并生成无机SEI，大幅抑制枝晶与析氢，高低倍率锌电极及安时软包电池均实现超长稳定循环。建立电解液微观团簇调控新机制，打通水系锌电池离子输运与界面稳定协同优化路径。适配低成本、高安全水系锌储能电池，可用于大规模电网储能、便携储能设备；添加剂易得、配制工艺简单，可直接适配现有软包电池量产产线，超薄锌负极方案能提升电池整体能量密度，推动高倍率、长寿命水系锌电池工业化落地。Regulating Electrolyte Microstructure via Anion-Solvent Coordination Enables Fast Interfacial Kinetics Toward Practical Zinc Pouch Cells，Angewandte Chemie International Edition，2026，https://doi.org/10.1002/anie.2482042.#冯明#余爱萍#陈忠伟#吉林师范大学#加拿大滑铁卢大学#中国科学院大连化学物理研究所#Angew#电池点击阅读原文，加速顶刊！阅读原文通讯作者：冯明、余爱萍、陈忠伟\x0d\x0a通讯单位：吉林师范大学、加拿大滑铁卢大学、中国科学院大连化学物理研究所",,,,pending
「国家杰青」余彦领衔！合工大吴玉程&合理工江玉&中科大姚雨&东方理工汪硕&南航申来法，最新AM | 相变工程制备低应变钠离子电池正极！,电池未来,电池未来,"RIOnews API, 前沿表征, 原位, 学术研究, 大学, 期刊, 技术进展, 合成工艺, 掺杂改性",normal,2026-07-31T08:30:00+08:00,,钠基层状过渡金属氧化物在相变过程中通常会产生微应变并引发过渡金属离子迁移，进而造成结构破坏、循环稳定性变差。目前仍缺少可优化相变行为的理性设计策略。2026年7月28日，合肥工业大学吴玉程，合肥理工学院江玉，中国科学技术大学姚雨、余彦，宁波东方理工大学汪硕，南京航空航天大学申来法在期刊Advanced Materials发表题为《Phase-Transition Engineering Enables Low-Strain Cathodes for 192 Wh kg-1 Sodium-Ion Batteries》的研究论文，Shufen Ye、Yilin Zhang、Junjie Ding、,http://mp.weixin.qq.com/s?__biz=Mzg5OTYzNjU0OA==&mid=2247650650&idx=1&sn=da81412a8ad4d6307ea4cb759a9ad2ba,,钠基层状过渡金属氧化物在相变过程中通常会产生微应变并引发过渡金属离子迁移，进而造成结构破坏、循环稳定性变差。目前仍缺少可优化相变行为的理性设计策略。2026年7月28日，合肥工业大学吴玉程，合肥理工学院江玉，中国科学技术大学姚雨、余彦，宁波东方理工大学汪硕，南京航空航天大学申来法在期刊Advanced Materials发表题为《Phase-Transition Engineering Enables Low-Strain Cathodes for 192 Wh kg-1 Sodium-Ion Batteries》的研究论文，Shufen Ye、Yilin Zhang、Junjie Ding、,钠基层状过渡金属氧化物在相变过程中通常会产生微应变并引发过渡金属离子迁移，进而造成结构破坏、循环稳定性变差。目前仍缺少可优化相变行为的理性设计策略。2026年7月28日，合肥工业大学吴玉程，合肥理工学院江玉，中国科学技术大学姚雨、余彦，宁波东方理工大学汪硕，南京航空航天大学申来法在期刊Advanced Materials发表题为《Phase-Transition Engineering Enables Low-Strain Cathodes for 192 Wh kg-1 Sodium-Ion Batteries》的研究论文，Shufen Ye、Yilin Zhang、Junjie Ding、Guihong Mao为共同第一作者，吴玉程、江玉、姚雨、余彦、汪硕、申来法为共同通讯作者。本文提出相变电势（Φphase）作为描述符，用于预测并调控这类正极材料的物相演变。更低的相变电势能够促使脱钠过程中Na+迁移更为平缓、层板滑移速率降低，实现连续相变，避免突变式物相转变。基于该思路，我们设计得到钙掺杂层状氧化物 Na0.96Ca0.02Ni0.33Fe0.33Mn0.33O2（NCNFMO）。该材料在0.1C下可逆容量可达140mAh・g-1；1C循环500次后容量保持率为84.2%，而未掺杂的NaNi0.33Fe0.33Mn0.33O2仅剩余26.4%。此外，NCNFMO||Al@C全电池循环100次后容量保持率高达82.5%；组装的6.1Ah全电池整包能量密度达到192Wh・kg-1。该研究深入揭示相变诱发微应变的内在机制，为开发高能量、长寿命钠离子电池提供可行方案。钠离子电池原材料储量丰富、制造成本低廉，是面向大规模固定式储能的理想储能器件。钠离子电池的产业化发展高度依赖高性能正极材料的开发。在各类正极体系中，层状过渡金属氧化物NaxTMO2具备高理论比容量、适合大批量合成等突出优势，得到学术界与产业界的高度重视。其中高钠含量O3型层状氧化物晶体结构可调、放电容量稳定（≤150mAh g-1），应用前景广阔。但该材料在反复充放电过程中会发生两相分离型相变，持续引发晶格扭曲，造成颗粒内部微观应变不断累积；应变堆积会催生微裂纹，加剧电池循环容量衰减。此外，该类材料普遍存在过渡金属跨层迁移现象，不断生成尖晶石类杂相，带来显著电压衰减。现阶段，诱发金属迁移与晶格应变的底层驱动机制尚不明确，这类结构衰败问题严重限制钠离子电池性能，亟待高效改性方案。目前主流改性思路分为两类：一是表面包覆，隔绝电解液、抑制界面副反应；二是体相掺杂，缓解相变产生的晶格应变。其中掺杂改性因可直接调控本征晶格畸变，应用最为广泛。例如在材料晶格中引入Ti4+、Sn4+阳离子，可加快O3相向P3相的转化，长期循环过程有效降低晶格应变。但传统单一离子掺杂仅能局部改善应变，两相晶格失配、晶体缺陷造成的固有内应力无法完全消除。与之相比，连续渐变型物相转变既能弱化微观应变，又能维持各向同性稳定晶体畴区；但目前缺少通用设计思路来实现可控连续相变。本工作以NaNi0.33Fe0.33Mn0.33O2（NNFMO）三元层状氧化物为研究对象，阐明相变过程中的晶格失配会产生微观应变，促使过渡金属向钠层迁移，金属迁移进一步放大内部应力，最终造成颗粒碎裂。本文提出相变势（Φphase）作为定量预测描述符，结合多种原位表征与理论计算，建立层状氧化物物相演化的预判框架。基于该理论，钙掺杂可构筑O相与P相共生交错结构，让P型堆叠层均匀嵌入O型晶体畴，消除堆叠缺陷，同步抑制晶格应变与过渡金属迁移。优化得到钙改性材料Na0.96Ca0.02Ni0.33Fe0.33O2（NCNFMO）在0.1C倍率下可逆比容量可达140mAh g-1，1C循环500圈后容量保持率为84.2%，远高于未掺杂NNFMO的26.4%。将该正极与碳包覆铝负极匹配制备全软包电池，电芯整体能量密度可达192Wh kg-1，循环100圈容量保有率82.5%。图1：NNFMO正极的相转变、晶格应变与过渡金属迁移关联图。(a)2.0–4.0V电压区间内NNFMO的充放电曲线，实线对应0.1C，虚线对应1C；(b)NNFMO原位X射线衍射云图；(c)对应的晶格应变计算曲线；(d)首次充电至3.18V时NNFMO的高角环形暗场扫描透射电镜图；(e)100次循环后NNFMO的高角环形暗场扫描透射电镜图；(f)取自(e)中I区、II区的快速傅里叶变换图；(g)O3相向P3相转变、应变产生与过渡金属迁移的机理示意图。图2：相转变势指导材料设计与掺杂元素筛选。(a)根据相转变势与钠加权平均离子势划分不同相转变区间的相图；(b)双相结构向连续相变结构转变示意图；(c)不同价态掺杂元素在碱金属位点的离子势柱状图；(d)不同元素占据钠位点的掺杂形成能计算结果。图3：NCNFMO的结构、应力与微观力学表征。(a)初始NCNFMO的高角环形暗场扫描透射电镜图；(b)对应区域的能谱线扫描曲线；(c)NCNFMO原位X射线衍射云图；(d)对应的晶格应变计算曲线；(e)O3-OP2、OP2-P3交生结构的FAULTS模拟X射线谱，插图为堆垛层错变化示意图，下方为原位实验衍射数据；(f)双相结构平均应力分布云图；(g)交生相结构平均应力分布云图；(h)纳米压痕测试装置示意图；(i)首次充电过程连续相区域颗粒载荷-压入深度曲线；(j)光学显微半电池装置示意图，包含工作电极与金属钠对电极；(k)3次循环后NCNFMO电极累积应变分布图；(l)3次循环后NNFMO电极累积应变分布图。图4：循环后电极界面与微裂纹表征。(a)NNFMO正极充电过程的弛豫时间分布谱；(b)NCNFMO正极充电过程的弛豫时间分布谱；(c)循环前后NNFMO与NCNFMO的锰K边X射线吸收近边谱；(d)100次循环后NCNFMO透射电镜界面图；(e)100次循环后NNFMO透射电镜界面图；(f)不同循环圈数下NCNFMO、NNFMO的截面扫描电镜图；(g)不同循环次数下颗粒微裂纹面积占比统计。图5：全电池电化学性能。(a)2.0–4.0V区间NCNFMO充放电曲线，实线为0.1C，虚线为1C；(b)1C倍率下长循环性能；(c)与已报道O3型层状正极循环稳定性对比；(d)NCNFMO与NNFMO倍率性能；(e)硬碳||NCNFMO软包电池长循环容量保持曲线；(f)6.1Ah NCNFMO||铝碳复合负极软包电池充放电曲线；(g)该软包电池在48mA g-1下的循环性能，插图为软包电池实物照片；(h)本工作软包电池与已报道钠离子全电池能量密度对比。综上，该研究提出相变势预测指标，Ca掺杂构筑O3/P3连续共生层状钠正极，显著缓解循环微应变与颗粒破碎，纽扣与6.1Ah软包电池均实现高容量、超长循环稳定性。阐明层状氧化物相变致衰机理，建立相变定量调控理论，提供低应变正极全新设计范式。该高能量、长寿命O3型正极适配大规模电网储能、低速电动车钠离子电池；固相合成工艺简单易量产，安时级软包性能领先多数钠基体系，可推动高能量密度低成本钠离子储能电池产业化落地。Phase-Transition Engineering Enables Low-Strain Cathodes for 192 Wh kg-1 Sodium-Ion Batteries，Advanced Materials，2026，https://doi.org/10.1002/adma.74333.#吴玉程#江玉#姚雨#余彦#汪硕#申来法#AM#电池点击阅读原文，加速顶刊！阅读原文通讯作者：吴玉程、江玉、姚雨、余彦、汪硕、申来法\x0d\x0a通讯单位：合肥工业大学、合肥理工学院、中国科学技术大学、宁波东方理工大学、南京航空航天大学,,,,pending
惠州学院&南方科技大学卢周广最新AFM丨氟化芳香腈添加剂稳双界面！,电池未来,电池未来,"RIOnews API, 前沿表征, 原位",normal,2026-07-31T08:30:00+08:00,,钠离子电池因钠资源丰富、成本低和安全性较高，被认为适合大规模储能。然而，硬碳负极在低电位下容易诱发持续电解液还原，形成厚且不均匀的SEI；O3型层状氧化物正极则在高电压下容易发生相变、过渡金属溶出和电解液氧化，导致CEI不稳定。传统电极改性和人工界面层可以改善稳定性，但往往增加制备复杂度或牺牲能量密度。相比之下，电解液添加剂可在循环过程中原位生成保护界面层，更容易兼容现有电池制造流程，因此成为调控SEI/CEI的重要策略。已有氟化添加剂可生成NaF富集界面，但NaF层在高电压正极上的黏附性和动态适应性仍有限。该研究将氟化基团、腈基和芳香骨架整合到TFTPN分子中，试图同时提供无机钝化、过渡金属,http://mp.weixin.qq.com/s?__biz=Mzg5OTYzNjU0OA==&mid=2247650650&idx=5&sn=5b935ce6895ad594105362dd184c8cf4,,钠离子电池因钠资源丰富、成本低和安全性较高，被认为适合大规模储能。然而，硬碳负极在低电位下容易诱发持续电解液还原，形成厚且不均匀的SEI；O3型层状氧化物正极则在高电压下容易发生相变、过渡金属溶出和电解液氧化，导致CEI不稳定。传统电极改性和人工界面层可以改善稳定性，但往往增加制备复杂度或牺牲能量密度。相比之下，电解液添加剂可在循环过程中原位生成保护界面层，更容易兼容现有电池制造流程，因此成为调控SEI/CEI的重要策略。已有氟化添加剂可生成NaF富集界面，但NaF层在高电压正极上的黏附性和动态适应性仍有限。该研究将氟化基团、腈基和芳香骨架整合到TFTPN分子中，试图同时提供无机钝化、过渡金属,"钠离子电池因钠资源丰富、成本低和安全性较高，被认为适合大规模储能。然而，硬碳负极在低电位下容易诱发持续电解液还原，形成厚且不均匀的SEI；O3型层状氧化物正极则在高电压下容易发生相变、过渡金属溶出和电解液氧化，导致CEI不稳定。传统电极改性和人工界面层可以改善稳定性，但往往增加制备复杂度或牺牲能量密度。相比之下，电解液添加剂可在循环过程中原位生成保护界面层，更容易兼容现有电池制造流程，因此成为调控SEI/CEI的重要策略。已有氟化添加剂可生成NaF富集界面，但NaF层在高电压正极上的黏附性和动态适应性仍有限。该研究将氟化基团、腈基和芳香骨架整合到TFTPN分子中，试图同时提供无机钝化、过渡金属锚定和有机网络支撑，从而实现负极与正极双界面协同稳定。近日，惠州学院Guocong Liu、南方科技大学卢周广在Advanced Functional Materials发表了题为""Fluorinated Aromatic Nitrile Electrolyte Additive for Simultaneous Stabilization of Anode and Cathode Interphases for High-Performance Sodium-Ion Batteries""的研究论文，Bin Li为论文第一作者，Guocong Liu、卢周广为论文通讯作者。核心亮点1. 设计了2,3,5,6-四氟-1,4-对苯二腈（TFTPN）作为钠离子电池多功能电解液添加剂。2. TFTPN可在硬碳负极优先还原，诱导形成致密、均匀、富NaF和含氮组分的SEI。3. TFTPN中的腈基可与层状氧化物正极表面过渡金属位点相互作用，降低高价Ni相关催化活性并稳定晶格氧。4. 该添加剂促进PF₆⁻在正极界面活化，构筑稳定NaF/N富集CEI，抑制电解液氧化和金属溶出。5. HC//Na[Ni₁/₃Fe₁/₃Mn₁/₃]O₂软包全电池实现800圈后95.2%容量保持率、8C下75.7%容量保持率和−20 °C下90.4%容量保持率。 全文速览钠离子电池因钠资源丰富、循环寿命长和安全性高，在大规模储能中具有吸引力。然而，其电化学性能很大程度上受限于不稳定的电极-电解液界面，尤其是在高容量层状氧化物正极中，电解液分解、过渡金属溶出和结构退化会持续发生。该研究报道了2,3,5,6-四氟-1,4-对苯二腈（TFTPN）作为一种兼具氟、腈基和芳香环功能的添加剂，可同时稳定硬碳负极上的固体电解质界面（SEI）和层状氧化物正极上的正极电解质界面（CEI）。氟化芳香骨架促进形成致密而稳固的富NaF界面，腈基则增强与过渡金属中心的界面相互作用并有助于晶格稳定。电化学和理论分析表明，TFTPN在两极界面反应中均有参与，形成薄于30 nm、均匀且化学稳定的界面层，从而抑制副反应并维持结构稳定。含TFTPN的硬碳//Na[Ni₁/₃Fe₁/₃Mn₁/₃]O₂软包全电池表现出优异循环稳定性、倍率性能和低温性能。该工作提出了一种简单而新颖的多功能电解液添加剂设计策略，用于同时调控钠离子电池负极和正极界面。 图文解读图1 | TFTPN通过分子轨道、结合能、吸附行为和溶剂化结构调控，表现出优先参与负极还原和正极界面反应的双重潜力。DFT结果显示，TFTPN具有更低LUMO能级，说明其在低电位下更易被还原并参与SEI形成；其与NFM正极表面的吸附能更负，表明对正极界面具有更强亲和力。XANES/EXAFS进一步显示TFTPN可调节Ni局域电子结构，同时基本保持晶格框架稳定。MD结果则表明TFTPN虽为少量组分，但可参与Na⁺溶剂化并促进PF₆⁻在正极界面富集。图2 | TFTPN在硬碳负极和NFM正极半电池中调节首圈反应行为，减少气体生成并改善界面稳定性。CV结果显示，TFTPN体系中不可逆还原峰略向高电位移动，说明TFTPN先于常规溶剂发生还原并参与早期SEI构筑。硬碳半电池的首圈容量和库仑效率与基准体系接近，但界面形成更受控。NFM半电池测试和原位DEMS表明，TFTPN还能降低正极相关副反应和气体释放，说明该添加剂不仅作用于负极，也参与正极CEI稳定。图3 | TFTPN显著提升HC//NFM软包全电池的长循环、阻抗、低温和倍率性能。软包全电池测试显示，含TFTPN电解液在800圈后仍保持1321.8 mAh放电容量和95.2%容量保持率，而基准电解液仅为75.6%。充放电曲线中，基准体系的2.7-3.1 V相变平台随循环衰减并极化增大，TFTPN体系则能维持平台完整性。EIS结果显示其RSEI和RCT明显降低，说明稳定界面有利于Na⁺传输和反应动力学。图4 | TFTPN使硬碳负极形成更薄、更均匀且富含NaF/N组分的SEI，并抑制金属沉积。SEM结果表明，基准电解液循环后的硬碳表面粗糙并覆盖厚的不规则沉积物，而TFTPN体系中硬碳表面仍较平整，表面膜更薄且均匀。TEM进一步证明TFTPN可抑制厚SEI堆积。XPS结果显示，TFTPN处理后界面中NaF和含氮组分更丰富，同时Ni 2p信号减弱，说明其可减少正极过渡金属溶出后在负极沉积。图5 | TFTPN在NFM正极表面构筑稳定NaF/N富集CEI，降低电解液氧化并保护正极结构。NFM正极的SEM和TEM结果显示，基准体系循环后正极截面和表面界面层更不均匀，而TFTPN体系形成较薄且连续的CEI。XPS深度剖析表明，TFTPN处理样品具有更高NaF含量和更低磷酸盐类分解产物，说明其促进无机富集保护层形成并抑制过度氧化。Ni 2p信号增强也表明表面副产物覆盖减少，正极结构保留更好。图6 | TFTPN通过氧化、还原和聚合反应路径，在正负极同步生成稳定复合界面层。反应路径分析表明，TFTPN在负极侧可优先还原，生成含氟和含氮的SEI组分，并可能通过自由基偶联、终止或捕获反应形成更复杂的界面网络；在正极侧，TFTPN与PF₆⁻相关物种发生优先氧化，促进NaF富集CEI形成。示意图总结了TFTPN在软包电池中同时抑制电解液分解、金属溶出和结构退化的功能。 总结总之，该工作证明TFTPN可作为钠离子电池电解液中的双功能添加剂，在硬碳负极和层状氧化物正极上形成稳定且离子传导友好的界面层。TFTPN在负极优先还原，生成致密的富NaF和含氮SEI，从而抑制持续电解液分解并阻止Ni离子沉积；在正极侧，TFTPN通过与过渡金属位点相互作用并促进PF₆⁻相关界面反应，形成稳定CEI，降低电解液氧化和结构退化。适量TFTPN可显著提升HC//NFM钠离子软包电池的循环寿命、倍率能力和低温性能，但过量添加剂可能导致界面产物过度积累，影响Na⁺传输和活性钠利用。因此，该研究展示了氟化芳香腈分子在双电极界面工程中的应用潜力，并为高性能钠离子电池电解液添加剂设计提供了新思路。Fluorinated Aromatic Nitrile Electrolyte Additive for Simultaneous Stabilization of Anode and Cathode Interphases for High-Performance Sodium-Ion Batteries,Advanced Functional Materials,2026,DOI:10.1002/adfm.77392#惠州学院#南方科技大学#卢周广#AFM#电池点击阅读原文，加速顶刊！阅读原文通讯作者：Guocong Liu、卢周广\x0d\x0a通讯单位：惠州学院、南方科技大学",,,,pending
北京航空航天大学何倩倩/赵志坤/翟朋博/宫勇吉最新AFM丨2D分子筛调控锂金属电池溶剂化！,电池未来,电池未来,"RIOnews API, 前沿表征, 工况",normal,2026-07-31T08:30:00+08:00,,锂金属负极具有极高比容量和最低氧化还原电位，是突破传统锂离子电池能量密度上限的重要路线。然而，锂金属与有机电解液反应活性强，容易形成不均一且脆弱的SEI，进一步诱导Li⁺通量分布不均、枝晶生长和持续副反应。在高能量密度Li||NCM811体系中，高电压下过渡金属离子溶出并迁移至负极，会进一步破坏SEI稳定性。电池制造过程中不可避免的微量H₂O还会与电解液反应生成HF，加剧正负极界面腐蚀和容量衰减。传统人工界面层多依赖物理阻隔，难以在长循环中持续调控电解液；高浓度或弱溶剂化电解液虽能改善SEI，但成本、黏度和添加剂消耗问题限制实际应用。因此，构筑兼具溶剂化调控、快速Li⁺传输和界面保护能力的超薄,http://mp.weixin.qq.com/s?__biz=Mzg5OTYzNjU0OA==&mid=2247650650&idx=6&sn=5eca02d7d1dac1d7beb44805330c6189,,锂金属负极具有极高比容量和最低氧化还原电位，是突破传统锂离子电池能量密度上限的重要路线。然而，锂金属与有机电解液反应活性强，容易形成不均一且脆弱的SEI，进一步诱导Li⁺通量分布不均、枝晶生长和持续副反应。在高能量密度Li||NCM811体系中，高电压下过渡金属离子溶出并迁移至负极，会进一步破坏SEI稳定性。电池制造过程中不可避免的微量H₂O还会与电解液反应生成HF，加剧正负极界面腐蚀和容量衰减。传统人工界面层多依赖物理阻隔，难以在长循环中持续调控电解液；高浓度或弱溶剂化电解液虽能改善SEI，但成本、黏度和添加剂消耗问题限制实际应用。因此，构筑兼具溶剂化调控、快速Li⁺传输和界面保护能力的超薄,"锂金属负极具有极高比容量和最低氧化还原电位，是突破传统锂离子电池能量密度上限的重要路线。然而，锂金属与有机电解液反应活性强，容易形成不均一且脆弱的SEI，进一步诱导Li⁺通量分布不均、枝晶生长和持续副反应。在高能量密度Li||NCM811体系中，高电压下过渡金属离子溶出并迁移至负极，会进一步破坏SEI稳定性。电池制造过程中不可避免的微量H₂O还会与电解液反应生成HF，加剧正负极界面腐蚀和容量衰减。传统人工界面层多依赖物理阻隔，难以在长循环中持续调控电解液；高浓度或弱溶剂化电解液虽能改善SEI，但成本、黏度和添加剂消耗问题限制实际应用。因此，构筑兼具溶剂化调控、快速Li⁺传输和界面保护能力的超薄人工界面层，是提升锂金属电池实用性的关键。近日，北京航空航天大学何倩倩、赵志坤、翟朋博、宫勇吉在Advanced Functional Materials发表了题为""Solvent Sieving via 2D Silicalite-1 Zeolite for High Energy Density Lithium Metal Batteries""的研究论文，Zhou Zhou为论文第一作者，何倩倩、赵志坤、翟朋博、宫勇吉为论文通讯作者。核心亮点1. 提出二维silicalite-1分子筛涂层隔膜，用约490 nm超薄界面层实现溶剂筛分与Li⁺通量调控。2. 微孔限域将传统DEC主导溶剂化结构转变为贫溶剂、富阴离子结构，促进无机富集SEI形成。3. 二维纳米片高覆盖、短扩散路径和更好润湿性共同降低极化，诱导平整、无枝晶Li沉积。4. 有序微孔可抑制过渡金属离子穿梭，并清除残余H₂O及生成的HF，提升实际工况耐受性。5. 2D-SPE隔膜使Li||NCM811扣式电池循环超过700圈，并支撑4.1 Ah软包电池实现492 Wh kg⁻¹能量密度。 全文速览传统构筑人工界面层的策略通常依靠物理隔离来抑制锂枝晶生长和界面副反应，却忽视了其与电解液之间的相互作用，因此难以生成稳定SEI并阻止长循环中的持续锂消耗。该研究提出利用一层约490 nm厚的二维silicalite-1分子筛调控电解液溶剂化结构，该分子筛作为溶剂筛，在微孔内诱导形成贫溶剂、富阴离子的溶剂化结构，从而促进无机富集SEI生成。独特二维结构不仅增强了与电极的界面接触、有效抑制寄生副反应，还提供短程Li⁺传输路径并均匀化Li⁺通量，促进均匀锂沉积。此外，有序微孔可有效抑制过渡金属离子穿梭，并清除残余H₂O和生成的HF，确保锂金属电池在实际条件下稳定运行。最终，4.1 Ah Li||NCM811软包电池实现492 Wh kg⁻¹能量密度，并在90圈循环后保持95.7%容量保持率。具备溶剂化结构调控能力的二维超薄人工界面层设计，为推进高能量密度锂金属电池提供了新思路。 图文解读图1 | 二维silicalite-1纳米片的结构、涂层隔膜形貌、润湿性和Li⁺通量均匀化能力表征结果显示，silicalite-1纳米片平均长度约2.5 µm、厚度约100 nm，微孔尺寸约0.51 nm，比表面积达475 m² g⁻¹。刮涂后形成约490 nm均匀2D-SPE涂层，接触角由PE的67.5°降至51.3°。COMSOL模拟进一步表明，二维涂层可缩短Li⁺迁移路径并均匀化界面离子通量，从而促进平整锂沉积。图2 | silicalite-1微孔对电解液溶剂化结构的筛分效应及其诱导的SEI组成变化分子动力学和RDF结果表明，体相电解液中Li⁺主要由DEC配位，而进入silicalite-1微孔后，DEC配位数由3.98降至0.89，BF₄⁻、DFOB⁻和FEC参与度增加。Raman进一步证明微孔内形成贫溶剂、富阴离子溶剂化结构。TOF-SIMS显示2D-SPE诱导更均匀、无机富集的SEI，有利于抑制副反应。图3 | 不同隔膜在半电池、对称电池和Li||NCM811全电池中的循环与倍率性能对比电化学测试显示，2D-SPE在1 mA cm⁻²、1 mAh cm⁻²条件下50圈后平均库伦效率达到98.23%，优于PE的97.82%。Li对称电池可稳定循环超过1000 h，而PE和B-SPE分别约300 h和450 h失效。Li||NCM811电池中，2D-SPE还带来更好的倍率性能、长循环稳定性和更低过渡金属损失。图4 | 加水电解液条件下2D-SPE对Li||NCM811循环稳定性和水/HF清除作用的验证为模拟实际电池中的残余水问题，研究人员向电解液加入1250 ppm H₂O。PE隔膜电池仅21圈后容量保持率约80%，而2D-SPE电池在600圈后仍保持65.5%。电压曲线显示2D-SPE极化更小，首圈恒流充电比例达98.13%。SEM、ICP、XRD、¹⁹F NMR及吸水实验共同说明silicalite-1可缓解H₂O/HF引发的界面劣化。图5 | 2D-SPE在Li||NCM811软包电池中的循环性能、超声成像和高能量密度验证软包电池结果证明，2D-SPE策略可从扣式电池拓展到更接近实际应用的器件。加水电解液条件下，超声成像显示2D-SPE软包在注液和化成后界面更均匀。高能量密度Li||NCM811软包电池达到492 Wh kg⁻¹，并稳定循环90圈后保持95.7%容量，优于未采用二维分子筛涂层的对照体系。 总结综上，该工作提出利用二维silicalite-1分子筛作为超薄人工界面层，通过微孔溶剂筛分调控电解液溶剂化结构，在锂金属表面诱导形成贫溶剂、富阴离子的局域环境和无机富集SEI。二维纳米片结构兼具高覆盖率、短Li⁺传输路径和均匀离子通量调节能力，可有效抑制锂枝晶和界面副反应。同时，有序微孔还能阻挡过渡金属离子穿梭，并清除残余H₂O及生成的HF，从而提升锂金属电池在实际工况下的稳定性。基于该策略，Li||NCM811扣式电池实现长循环，4.1 Ah软包电池获得492 Wh kg⁻¹能量密度和90圈后95.7%的容量保持率。该研究证明，具备溶剂化结构调控功能的二维微孔人工界面层，是构筑高能量密度、长寿命锂金属电池的有效方向。Solvent Sieving via 2D Silicalite-1 Zeolite for High Energy Density Lithium Metal Batteries,Advanced Functional Materials,2026,DOI:10.1002/adfm.77406#北京航空航天大学#何倩倩#赵志坤#翟朋博#宫勇吉#AFM#电池#AFM点击阅读原文，加速顶刊！阅读原文通讯作者：何倩倩、赵志坤、翟朋博、宫勇吉\x0d\x0a通讯单位：北京航空航天大学",,,,pending
大连化物所彭章泉/钟贵明&大连大学最新JACS丨离子梯度聚合物电解质稳钠金属,电池未来,电池未来,"RIOnews API, 前沿表征, 原位, 学术研究, 大学, 科学院, 研究所",normal,2026-07-31T08:30:00+08:00,,固态钠电池因钠资源丰富、成本较低且具备安全潜力，被视为面向大规模储能的重要方向。但其性能高度依赖固态钠电解质，理想电解质需要同时满足高离子电导率、机械强度、钠金属界面稳定性、快速界面动力学和可规模化制备等多重要求。聚合物电解质在柔韧性、加工性和卷对卷制造兼容性方面具有优势，但其离子传输通常受聚合物链段运动限制。提高盐浓度有利于形成稳定SEI，却可能削弱链间作用、降低机械强度，并因离子缔合增加而影响迁移率。该研究选择通过表面-体相解耦来解决这一矛盾：表面构筑FSI⁻富集梯度层以优化界面反应和SEI组成，体相维持低孔隙率和较低曲折度以保障离子传输和机械完整性，从而在同一电解质膜中兼顾界面稳定与体相,http://mp.weixin.qq.com/s?__biz=Mzg5OTYzNjU0OA==&mid=2247650650&idx=7&sn=02f36eaf6d3c9f8797a0a2b7d7b7a59a,,固态钠电池因钠资源丰富、成本较低且具备安全潜力，被视为面向大规模储能的重要方向。但其性能高度依赖固态钠电解质，理想电解质需要同时满足高离子电导率、机械强度、钠金属界面稳定性、快速界面动力学和可规模化制备等多重要求。聚合物电解质在柔韧性、加工性和卷对卷制造兼容性方面具有优势，但其离子传输通常受聚合物链段运动限制。提高盐浓度有利于形成稳定SEI，却可能削弱链间作用、降低机械强度，并因离子缔合增加而影响迁移率。该研究选择通过表面-体相解耦来解决这一矛盾：表面构筑FSI⁻富集梯度层以优化界面反应和SEI组成，体相维持低孔隙率和较低曲折度以保障离子传输和机械完整性，从而在同一电解质膜中兼顾界面稳定与体相,"固态钠电池因钠资源丰富、成本较低且具备安全潜力，被视为面向大规模储能的重要方向。但其性能高度依赖固态钠电解质，理想电解质需要同时满足高离子电导率、机械强度、钠金属界面稳定性、快速界面动力学和可规模化制备等多重要求。聚合物电解质在柔韧性、加工性和卷对卷制造兼容性方面具有优势，但其离子传输通常受聚合物链段运动限制。提高盐浓度有利于形成稳定SEI，却可能削弱链间作用、降低机械强度，并因离子缔合增加而影响迁移率。该研究选择通过表面-体相解耦来解决这一矛盾：表面构筑FSI⁻富集梯度层以优化界面反应和SEI组成，体相维持低孔隙率和较低曲折度以保障离子传输和机械完整性，从而在同一电解质膜中兼顾界面稳定与体相性能。近日，中国科学院大连物理化学研究所彭章泉、钟贵明、Chen Li、大连大学Limin Guo在Journal of the American Chemical Society发表了题为""Spatial Ion-Gradient Solid Polymer Electrolytes for Stable Solid-State Sodium Batteries""的研究论文，Qian Zhang为论文第一作者，彭章泉、钟贵明、Chen Li、Limin Guo为论文通讯作者。核心亮点1. 提出表面-体相解耦策略，在PVDF基NaSPE中构筑约120 nm厚的FSI⁻富集梯度表层。2. ICG-NaSPE兼具高室温离子电导率4.52 × 10⁻⁴ S cm⁻¹、更高Na⁺迁移数0.58和增强机械柔韧性。3. DEMS结果显示，ICG-NaSPE显著降低CO和HCO•气体演化，说明DMF相关副反应被有效抑制。4. FSI⁻牺牲还原诱导形成NaF、NaCO₃⁻和SO₃⁻等无机富集SEI，促进均匀钠沉积和稳定界面。5. Na||Na对称电池可在1 mA cm⁻²、1 mAh cm⁻²下稳定超过360 h，Na||NFPP全电池在1 C下循环5000圈后容量保持率达90.9%。 全文速览长期以来，固态钠电池的发展面临一个关键挑战：高离子电导率、机械稳健性和稳定钠金属界面这三项重要电解质性质往往难以同时兼顾。该研究提出一种表面-体相解耦策略，在聚偏二氟乙烯基聚合物电解质中构筑离子富集表层。差分电化学质谱证实，该表层能够有效抑制副反应，同时保留体相优势。该电解质表现出4.52 × 10⁻⁴ S cm⁻¹的高室温离子电导率，并形成致密稳健的固体电解质界面层；原位²³Na NMR表明其可实现平滑钠沉积。与Na₄Fe₃(PO₄)₂P₂O₇正极匹配后，在2.1 mg cm⁻²载量和1 C条件下循环5000圈后容量保持率达90.9%，平均库仑效率为99.98%；在11.0 mg cm⁻²高正极载量下，也能在0.5 C条件下稳定运行超过500圈。这些结果展示了一种实现稳定且动力学有利界面的实用有效路径，可用于先进固态钠电池。 图文解读图1 | ICG-NaSPE通过致密低孔隙结构和FSI⁻富集梯度表层，实现优于均相B-NaSPE的表面形貌与离子空间分布。SEM显示，ICG-NaSPE表面和截面更致密、孔隙更少，而B-NaSPE表面相对疏松多孔。X射线显微和孔网络分析进一步表明，ICG-NaSPE具有更低曲折度，有利于均匀Na⁺通量。TOF−SIMS三维重构显示FSO₂⁺片段在ICG-NaSPE表面均匀富集，并随深度快速衰减，证明形成约120 nm的FSI⁻富集梯度表层。图2 | 光谱和电化学测试揭示ICG-NaSPE中更强Na⁺−FSI⁻相互作用、更高离子电导率和更高Na⁺迁移数。FT-IR和Raman结果显示，ICG-NaSPE中Na⁺与DMF、FSI⁻之间的配位环境发生调控，CIP和AGG比例略有提高。¹⁹F NMR出现多个上场位移峰，说明FSI⁻处于分级离子环境且运动受限；²³Na NMR则表明Na⁺平均迁移能力仍被保持。最终ICG-NaSPE达到4.52 × 10⁻⁴ S cm⁻¹室温电导率和0.58的Na⁺迁移数，优于B-NaSPE。图3 | ICG-NaSPE在钠沉积过程中抑制溶剂副反应，并诱导形成无机富集、NaF增强的稳定SEI。DEMS监测表明，与B-NaSPE相比，ICG-NaSPE使CO和HCO•演化分别降低93.3%和96.1%，说明DMF分解被明显抑制。NH₃增加指向早期FSI⁻牺牲还原，该过程有助于快速构建无机富集SEI。XPS深度剖析和TOF−SIMS进一步显示，SEI内层富集NaF，并含有NaCO₃⁻、SO₃⁻等稳健无机物种，从而阻挡后续副反应。图4 | 原位²³Na NMR、电流密度和形貌测试共同证明ICG-NaSPE可支持稳定钠沉积和快速界面动力学。原位²³Na NMR用于追踪Na|ICG-NaSPE|Na电池循环过程中的钠沉积行为，结果指向更平滑的钠沉积过程。CCD和不同电流密度下的循环曲线说明该界面能够承受更高电流条件并保持较小极化。交换电流密度比较进一步证明ICG-NaSPE具有更快界面反应动力学；循环后SEM显示其接触的钠金属表面更平整，而B-NaSPE对应界面更易失稳。图5 | ICG-NaSPE用于Na||NFPP固态全电池后，实现长寿命、高倍率和高载量条件下的稳定循环。全电池测试显示，Na|ICG-NaSPE|NFPP在1 C条件下可长循环5000圈，容量保持率达到90.9%，平均库仑效率为99.98%。倍率测试覆盖0.2至8.0 C，说明该电解质具备较好的动力学适应性；在11.0 mg cm⁻²高正极载量下仍可稳定超过500圈。界面截面SEM/EDS、循环后NFPP的TEM以及电解质膜表面SEM共同表明长循环后界面和电极结构保持较好。 总结该研究提出的空间离子梯度固态聚合物电解质，通过在表面构筑FSI⁻富集层并保持体相低孔隙传输结构，实现了界面化学、离子传输和机械性能之间的协同优化。该梯度表层促进FSI⁻优先参与界面反应，形成致密无机富集SEI，有效抑制DMF等组分与钠金属之间的持续副反应，并提升钠沉积/剥离动力学。凭借这一结构设计，固态钠对称电池和Na||NFPP全电池均表现出优异循环稳定性，说明表面-体相解耦是一种面向高性能固态钠电池的有效电解质设计策略。Spatial Ion-Gradient Solid Polymer Electrolytes for Stable Solid-State Sodium Batteries,Journal of the American Chemical Society,2026,DOI:10.1021/jacs.6c08270#中国科学院大连物理化学研究所#彭章泉#钟贵明#大连大学#JACS#电池点击阅读原文，加速顶刊！阅读原文通讯作者：章泉、钟贵明、Chen Li、Limin Guo\x0d\x0a通讯单位：中国科学院大连物理化学研究所彭、大连大学",,,,pending
南京航空航天大学窦辉/张校刚最新AM丨COF-CoO协同调控无负极锂金属电池！,电池未来,电池未来,"RIOnews API, 前沿表征, 原位",normal,2026-07-31T08:30:00+08:00,,无负极锂金属电池因省去传统负极、直接让Li⁺在集流体上沉积/剥离，被认为是提升电池质量能量密度和体积能量密度的重要路线，适用于电动交通和低空飞行器等高能量密度场景。但Cu集流体本身亲锂性不足，Li⁺沉积需要跨越较高成核能垒，容易导致不均匀成核、枝晶生长、SEI反复破裂重构以及死锂积累。三维集流体虽然能缓冲体积变化，却会牺牲无负极体系的体积能量密度优势。多孔晶态材料如MOF和COF具备开放孔道与亲锂位点，适合集流体修饰。然而，孔道容易被死锂堵塞，导致内部结构利用不足。该工作围绕“如何引导Li⁺真正进入孔道内部并保持可逆沉积”展开设计。近日，南京航空航天大学窦辉、张校刚在Advanced Mate,http://mp.weixin.qq.com/s?__biz=Mzg5OTYzNjU0OA==&mid=2247650650&idx=8&sn=e27ce40eb2aa9b04856d3fa8e7d41f7b,,无负极锂金属电池因省去传统负极、直接让Li⁺在集流体上沉积/剥离，被认为是提升电池质量能量密度和体积能量密度的重要路线，适用于电动交通和低空飞行器等高能量密度场景。但Cu集流体本身亲锂性不足，Li⁺沉积需要跨越较高成核能垒，容易导致不均匀成核、枝晶生长、SEI反复破裂重构以及死锂积累。三维集流体虽然能缓冲体积变化，却会牺牲无负极体系的体积能量密度优势。多孔晶态材料如MOF和COF具备开放孔道与亲锂位点，适合集流体修饰。然而，孔道容易被死锂堵塞，导致内部结构利用不足。该工作围绕“如何引导Li⁺真正进入孔道内部并保持可逆沉积”展开设计。近日，南京航空航天大学窦辉、张校刚在Advanced Mate,"无负极锂金属电池因省去传统负极、直接让Li⁺在集流体上沉积/剥离，被认为是提升电池质量能量密度和体积能量密度的重要路线，适用于电动交通和低空飞行器等高能量密度场景。但Cu集流体本身亲锂性不足，Li⁺沉积需要跨越较高成核能垒，容易导致不均匀成核、枝晶生长、SEI反复破裂重构以及死锂积累。三维集流体虽然能缓冲体积变化，却会牺牲无负极体系的体积能量密度优势。多孔晶态材料如MOF和COF具备开放孔道与亲锂位点，适合集流体修饰。然而，孔道容易被死锂堵塞，导致内部结构利用不足。该工作围绕“如何引导Li⁺真正进入孔道内部并保持可逆沉积”展开设计。近日，南京航空航天大学窦辉、张校刚在Advanced Materials发表了题为""Host–Guest Synergy of COF and CoO Enables In Situ Oxygen Vacancies and Regulated Li+ Behavior for High-Performance Anode‑Free/Less Li Metal Batteries""的研究论文，Haiyang Wu为论文第一作者，窦辉、张校刚为论文通讯作者。核心亮点1. 构建了COF1晶体膜与CoO纳米颗粒耦合的TCMS@Cu复合集流体，实现对Cu表面Li⁺沉积行为的精准调控。2. COF孔道提供限域空间和亲锂位点，CoO进一步增强Li⁺吸附，引导Li⁺进入COF内部而非停留在表面无序沉积。3. 初始沉积过程中，CoO与Li⁺发生局部反应并形成Vₒ-CoO，氧空位进一步改善Li⁺传输和界面反应动力学。4. TCMS@Cu显著提升沉积/剥离可逆性，半电池平均库仑效率达到96.7%，Aurbach测试CEavg达到96.8%。5. 基于TCMS@Cu的LiFePO₄少负极电池实现850圈循环，无负极软包电池能量密度达到288 Wh kg⁻¹和452 Wh kg⁻¹。 全文速览无负极锂金属电池因具有高能量密度，是电动汽车和低空飞行器的理想候选体系。然而，Li⁺在Cu集流体上的沉积/剥离可逆性较差，限制了其产业化。该工作构建了结合共价有机框架膜和CoO纳米颗粒的复合集流体TCMS@Cu。TCMS@Cu通过外延生长在Cu箔上形成致密COF晶体膜，并引入亲锂CoO纳米颗粒。COF与CoO之间的主客体协同效应可有效引导Li⁺迁移进入COF孔道，抑制枝晶形成和死锂积累。在初始沉积过程中，CoO与Li⁺反应生成氧空位，进一步增强TCMS膜性能。采用LiFePO₄正极组装的少负极锂金属电池实现850圈优异循环寿命，并在5C下保持94.4%的高倍率容量保持率。组装的无负极软包电池分别实现288 Wh kg⁻¹和452 Wh kg⁻¹的能量密度。该工作为高性能无负极锂金属电池设计提供了有效策略。 图文解读图1 | TCMS@Cu复合集流体的构筑过程及其调控Li⁺沉积的设计原理。研究团队先在Cu箔表面外延生长致密COF1膜，再通过Co²⁺掺杂和400 °C热处理将孔道内物种转化为CoO，同时保持COF框架。该结构利用CoO亲锂性和COF限域孔道，引导Li⁺进入内部并均匀沉积，减少枝晶与死锂。图2 | TCMS@Cu的形貌、结构和CoO限域于COF孔道内的多维表征。SEM显示TCMS膜均匀致密、厚度约1.8 µm，并与Cu箔结合良好。XRD、Raman、ATR-FTIR和XPS证明COF骨架经热处理后仍保留，且Co物种主要以CoO存在。HRTEM与BET结果进一步表明CoO纳米颗粒被限域在COF孔道中。图3 | TCMS@Cu提升Li⁺沉积/剥离库仑效率、界面阻抗和扩散动力学。在1 mA cm⁻²、1 mAh cm⁻²条件下，Li|TCMS@Cu半电池稳定超过160 h，平均库仑效率96.7%，而裸Cu约30 h失效。Aurbach测试中TCMS@Cu的CEavg达96.8%。EIS/DRT和GITT显示初始界面过程促进Li⁺传输，后续电荷转移阻抗快速降低。图4 | 原位氧空位形成与COF-CoO主客体协同调控Li⁺迁移机制。XANES/EXAFS显示Li⁺沉积后Co平均价态升高且未形成明显Co-Co配位，说明CoO未转化为金属Co，而是表面氧被部分抽取形成Vₒ-CoO。DFT结果表明COF对Li⁺吸附强于溶剂分子，CoO进一步增强吸附并降低Li⁺跨孔迁移能垒。图5 | TCMS@Cu抑制枝晶和死锂并提升无负极/少负极电池性能。SEM对比显示裸Cu上Li沉积粗糙且易形成枝晶，剥离后残留大量死锂；TCMS@Cu上Li成核更细密均匀，剥离后表面更平整。基于TCMS@Cu的LiFePO₄少负极电池和无负极软包电池表现出更稳定循环及更高能量密度。 总结综上，该工作通过在Cu集流体上构筑COF1膜与CoO纳米颗粒协同的TCMS膜，实现了对Li⁺行为的有效调控。COF1孔道能够提供Li⁺吸附和迁移通道，CoO纳米颗粒增强亲锂性，并在初始沉积过程中原位形成氧空位，从而促进Li⁺传输、降低界面阻抗、抑制枝晶生长和死锂积累。得益于这种主客体协同机制，TCMS@Cu显著提升了无负极和少负极锂金属电池的循环稳定性、倍率性能与能量密度。该策略为高性能锂金属电池集流体设计提供了新的思路，也为下一代高能量密度储能器件的发展提供了参考。Host–Guest Synergy of COF and CoO Enables In Situ Oxygen Vacancies and Regulated Li+ Behavior for High-Performance Anode‑Free/Less Li Metal Batteries,Advanced Materials,2026,DOI:10.1002/adma.74373#南京航空航天大学#窦辉#张校刚#AM#电池点击阅读原文，加速顶刊！阅读原文通讯作者：窦辉、张校刚\x0d\x0a通讯单位：南京航空航天大学",,,,pending
上海交大赵一新等人NP：33.64%！二维钙钛矿p-n调制及其在钙钛矿/硅叠层电池中的应用！,钙钛矿人,钙钛矿人,"RIOnews API, 钙钛矿, 学术研究, 大学, 期刊",normal,2026-07-31T08:30:00+08:00,,文章介绍在n-i-p型钙钛矿结构中，由于大多数报道的二维或低维钙钛矿的固有p型特征，在p-i-n结构中，常见的有效的顶面混合维异质结常常是无效的。基于此，上海交通大学李博伟、王衍明、赵一新和正泰新能李子佳等人利用电子工程技术，通过分子偶极调谐和化学可设计的n型缺陷，在2D Ruddlesden-Popper钙钛矿中实现p型到n型的转变。对位卤代哌啶衍生物在二维钙钛矿中诱导了有利的p-到n-型转变，从而改善了钙钛矿-电子传输层界面处的能级对准。这种定制的能带对准有效地降低了界面能垒，抑制了宽带隙钙钛矿的非辐射复合损失，并提高了稳定性。值得注意的是，p-i-n宽带隙具有n型2D覆盖层的（~1.68,http://mp.weixin.qq.com/s?__biz=Mzk0OTY5NjE1Mg==&mid=2247496164&idx=1&sn=e5af00d3ebece1d48505f7bd52623e7a,,文章介绍在n-i-p型钙钛矿结构中，由于大多数报道的二维或低维钙钛矿的固有p型特征，在p-i-n结构中，常见的有效的顶面混合维异质结常常是无效的。基于此，上海交通大学李博伟、王衍明、赵一新和正泰新能李子佳等人利用电子工程技术，通过分子偶极调谐和化学可设计的n型缺陷，在2D Ruddlesden-Popper钙钛矿中实现p型到n型的转变。对位卤代哌啶衍生物在二维钙钛矿中诱导了有利的p-到n-型转变，从而改善了钙钛矿-电子传输层界面处的能级对准。这种定制的能带对准有效地降低了界面能垒，抑制了宽带隙钙钛矿的非辐射复合损失，并提高了稳定性。值得注意的是，p-i-n宽带隙具有n型2D覆盖层的（~1.68,"文章介绍在n-i-p型钙钛矿结构中，由于大多数报道的二维或低维钙钛矿的固有p型特征，在p-i-n结构中，常见的有效的顶面混合维异质结常常是无效的。基于此，上海交通大学李博伟、王衍明、赵一新和正泰新能李子佳等人利用电子工程技术，通过分子偶极调谐和化学可设计的n型缺陷，在2D Ruddlesden-Popper钙钛矿中实现p型到n型的转变。对位卤代哌啶衍生物在二维钙钛矿中诱导了有利的p-到n-型转变，从而改善了钙钛矿-电子传输层界面处的能级对准。这种定制的能带对准有效地降低了界面能垒，抑制了宽带隙钙钛矿的非辐射复合损失，并提高了稳定性。值得注意的是，p-i-n宽带隙具有n型2D覆盖层的（~1.68 eV）钙钛矿太阳能电池在开路电压方面表现出超过100 mV的增强，当与工业110 μ m厚的直拉异质结硅集成时，导致33.64%的认证功率转换效率。这种单片钙钛矿/硅串联电池在最大功率点跟踪下连续运行1100小时保持92%。对2D钙钛矿的p型到n型转变的化学设计建立了一种分子水平的策略，用于优化界面能量学，以实现高性能钙钛矿/硅串联光致发光。该论文近期以“Modulating p–n transition of two-dimensional perovskites for efficient and stable perovskite/Si tandem photovoltaics”为题发表在顶级期刊Nature Photonics上。 图文信息 图1. 含不同有机间隔层的2D RP钙钛矿的电子性质。图2. 不同二维RP钙钛矿及其与C60界面的DFT计算。图3. 钙钛矿膜的性质。图4. 单结WBG PSC的光伏性能。图5. 单片钙钛矿/Si叠层电池的光伏性能。文章信息Guo, J., Zhang, Z., Jia, Z. et al. Modulating p–n transition of two-dimensional perovskites for efficient and stable perovskite/Si tandem photovoltaics. Nat. Photon. (2026). https://doi.org/10.1038/s41566-026-01979-zDOI:10.1038/s41566-026-01979-z想了解更多关于钙钛矿太阳能电池的最新研究和应用？关注我们，获取行业动态，共同见证和推动钙钛矿技术的发展！为方便大家进行钙钛矿产学研交流，我们新建了微信探讨群，欢迎大家加入！（+V : PVSK666，麻烦备注来意）●表征技术-飞秒瞬态吸收光谱在钙钛矿中的应用（第一期）●表征技术-飞秒瞬态吸收光谱在钙钛矿中的应用（第二期）●表征技术-飞秒瞬态吸收光谱在钙钛矿中的应用（第三期）●表征技术-原位荧光光谱在钙钛矿中的应用（第一期）●表征技术-原位荧光光谱在钙钛矿中的应用（第二期）●表征技术-原位GIWAXS在钙钛矿中的应用（第一期）●表征技术-原位GIWAXS在钙钛矿中的应用（第二期）●表征技术-原位吸收光谱在钙钛矿中的应用（第一期）●表征技术-原位吸收光谱在钙钛矿中的应用（第二期）●手把手教 | 26%的器件效率是怎么做出来的？(第一期)●手把手教 | 26%的器件效率是怎么做出来的？(第二期)●手把手教 | 26%的器件效率是怎么做出来的？(第三期)●手把手教 | 26%的器件效率是怎么做出来的？(第四期)●手把手教 | 26%的器件效率是怎么做出来的？(第五期)●手把手教 | 26%的器件效率是怎么做出来的？(第六期)●手把手教 | 26%的器件效率是怎么做出来的？(第七期)●手把手教 | 26%的器件效率是怎么做出来的？(第八期)●手把手教 | 26%的器件效率是怎么做出来的？(第九期)●手把手教 | 26%的器件效率是怎么做出来的？(第十期)●手把手教 | 有机光伏效率如何突破20%？(第一期)●手把手教 | 有机光伏效率如何突破20%？(第二期)●手把手教 | 有机光伏效率如何突破20%？(第三期)●手把手教 | 如何制备高效宽带隙钙钛矿电池？●手把手教 | 5篇正刊带你揭秘制备高效钙钛矿/硅叠层电池的秘诀！●手把手教 | 2025上半年钙钛矿Science合集，哪些方向更受正刊青睐？●手把手教 | 2025上半年钙钛矿Nature合集，哪些方向更受正刊青睐？●钙钛矿稳定性ISOS协议标准!收藏必备！",,,,pending
JACS：PEM水电解稳定3000 h，酸性OER,有机电催化,有机电催化,"RIOnews API, 电化学合成, 电催化",normal,2026-07-31T08:30:00+08:00,,酸性析氧｜Ru基催化剂｜PEM水电解一句话看懂RuO2是酸性析氧的重要基准材料，但Ru资源约束和质量活性限制仍阻碍其大规模应用。该研究在MnO2纳晶上构筑氧化Ru覆盖层，通过还原Ru–O–Ru配位调节*OH与*OOH的氢键方式；催化剂在酸中10 mA cm−2下过电位为218.9 mV，PEM水电解器在100 mA cm−2下稳定运行超过3000 h。酸性OER需要同时管理*OH、*O和*OOH等中间体的吸附及水网络，而传统金属(IV)氧化物常受吸附标度关系约束。降低Ru用量不能只依赖尺寸缩小，还需理解局域Ru—O配位如何改变界面氢键与反应能垒。本文以MnO2支撑的Ru氧化层为模型，考察非金红,http://mp.weixin.qq.com/s?__biz=MzUyNTc2ODMyOQ==&mid=2247560917&idx=1&sn=a2a5e23b82351c52db75d73b9eff1c43,,酸性析氧｜Ru基催化剂｜PEM水电解一句话看懂RuO2是酸性析氧的重要基准材料，但Ru资源约束和质量活性限制仍阻碍其大规模应用。该研究在MnO2纳晶上构筑氧化Ru覆盖层，通过还原Ru–O–Ru配位调节*OH与*OOH的氢键方式；催化剂在酸中10 mA cm−2下过电位为218.9 mV，PEM水电解器在100 mA cm−2下稳定运行超过3000 h。酸性OER需要同时管理*OH、*O和*OOH等中间体的吸附及水网络，而传统金属(IV)氧化物常受吸附标度关系约束。降低Ru用量不能只依赖尺寸缩小，还需理解局域Ru—O配位如何改变界面氢键与反应能垒。本文以MnO2支撑的Ru氧化层为模型，考察非金红,"酸性析氧｜Ru基催化剂｜PEM水电解一句话看懂RuO2是酸性析氧的重要基准材料，但Ru资源约束和质量活性限制仍阻碍其大规模应用。该研究在MnO2纳晶上构筑氧化Ru覆盖层，通过还原Ru–O–Ru配位调节*OH与*OOH的氢键方式；催化剂在酸中10 mA cm−2下过电位为218.9 mV，PEM水电解器在100 mA cm−2下稳定运行超过3000 h。酸性OER需要同时管理*OH、*O和*OOH等中间体的吸附及水网络，而传统金属(IV)氧化物常受吸附标度关系约束。降低Ru用量不能只依赖尺寸缩小，还需理解局域Ru—O配位如何改变界面氢键与反应能垒。本文以MnO2支撑的Ru氧化层为模型，考察非金红石Ru—O—Ru构型能否在半电池与PEM器件中同时给出活性和稳定性。核心问题能否通过MnO2支撑层上的还原Ru–O–Ru配位重排界面氢键，使酸性OER中*OH与*OOH获得差异化稳定，从而提高Ru质量活性与器件耐久性？本文要点1. 在MnO2纳晶上形成氧化Ru覆盖层，作者将其低配位、还原Ru–O–Ru构型与传统RuO2区分。2. 酸性OER测试中，MnO2/o-RuOx在10 mA cm−2下过电位为218.9 ± 0.3 mV。3. 原位XAS、XPS和计算用于追踪Ru/Mn局域环境及*OH、*OOH相关的氢键切换解释。4. PEM水电解器在1.646 V下达到3 A cm−2，并在100 mA cm−2下运行超过3000 h。MnO2/o-RuOx的配位设计图 1. MnO2纳晶与Ru氧化覆盖层的结构模型、合成路线，以及Ru–O–Ru配位和Ru质量活性的比较。图中比较了MnO2支撑Ru覆盖层与RuO2的局域Ru—O—Ru构型及质量活性设计目标；这些信息支持以非传统配位调节Ru利用效率的材料策略；但具体的反应中间体稳定方式仍需由原位表征和计算共同约束。Ru与Mn局域化学态的结构证据图 2. Ru 3d、Mn 2p XPS及Ru/Mn吸收谱对不同Ru负载和对照样品的比较。XPS和XAS中Ru、Mn相关峰位及吸收边随Ru覆盖层和负载条件发生变化，并与RuO2对照并列；这些结果支持MnO2支撑层上的Ru局域电子与配位环境不同于块体RuO2；但谱学平均信息不能单独给出所有表面位点的精确结构。PEM器件中的质量活性与耐久性图 4. PEM水电解器构型、MnO2/o-RuOx与RuO2的稳态电流、Ru质量活性及恒电流耐久性比较。在相同Nafion N115膜的器件比较中，MnO2/o-RuOx给出更高的稳态电流和Ru归一化质量活性，并完成长时恒电流运行；这些结果支持该配位设计可迁移至所报PEM器件；但耐久性仍受膜电极制备、负载和运行电流密度影响。工作电位下的Ru/Mn结构演化图 5. 不同外加电位下Mn K边和Ru K边原位XANES/EXAFS谱及参考样品比较。原位XAS随电位记录到Ru和Mn吸收谱及配位壳层的变化，并与金属和氧化物参考样品比较；这些结果支持在OER工作电位下讨论Ru/Mn局域结构的动态性；但不能仅据此唯一判定*OH与*OOH氢键切换的微观路径。可以继续思考什么？还原Ru–O–Ru配位的比例、空间分布与Ru溶出之间是否存在可优化的定量关系？在更高电流密度、启停循环和更低Ru负载下，界面氢键调控能否维持并转化为可复制的PEM组件性能？文献信息论文题目：Activation of Oxygen Evolution Electrocatalysis via Reduced Ruthenium−Oxygen−Ruthenium Coordination期刊：Journal of the American Chemical Society, 2026, ASAPDOI：10.1021/jacs.6c06781通讯作者：Ivan A. Moreno-Hernandez；Jingguang G. Chen有机电催化学术交流QQ群: 692419836",,,,pending
【锂硫电池】AFM：打破配位对称性：加速锂硫电池中多硫化物转化的结构设计策略—Qi Zhang,金属能源电池,金属能源电池,"RIOnews API, 长时储能, 锂硫电池, 学术研究, 大学, 科学院, 研究所",normal,2026-07-31T08:00:00+08:00,,【论文链接】https://doi.org/10.1002/adfm.77279【作者单位】河北工业大学；中国科学院福建物质结构研究所【论文摘要】锂硫（Li–S）电池被认为是下一代储能系统极具前景的候选体系，加快反应动力学并抑制多硫化物穿梭效应是实现其实际应用的关键。研究提出了一种非对称配位策略，以增强分子催化剂的本征催化活性和极性，并以具有非对称金属配位环境的镍N-错位卟啉配合物（NiNCP）为例进行了验证。分子催化剂被均匀负载于氧化石墨烯纳米片表面，形成NiNCP@GO，用于改性聚丙烯（PP）隔膜。NiNCP中金属–卡宾键的形成导致金属卟啉分子的对称性破缺，优化了Ni中心的电子结构，因此，,http://mp.weixin.qq.com/s?__biz=MzI4MTA3MzQwOA==&mid=2247639846&idx=2&sn=106e8d19dcdfc5b07341e59ea9119646,,【论文链接】https://doi.org/10.1002/adfm.77279【作者单位】河北工业大学；中国科学院福建物质结构研究所【论文摘要】锂硫（Li–S）电池被认为是下一代储能系统极具前景的候选体系，加快反应动力学并抑制多硫化物穿梭效应是实现其实际应用的关键。研究提出了一种非对称配位策略，以增强分子催化剂的本征催化活性和极性，并以具有非对称金属配位环境的镍N-错位卟啉配合物（NiNCP）为例进行了验证。分子催化剂被均匀负载于氧化石墨烯纳米片表面，形成NiNCP@GO，用于改性聚丙烯（PP）隔膜。NiNCP中金属–卡宾键的形成导致金属卟啉分子的对称性破缺，优化了Ni中心的电子结构，因此，,"【论文链接】https://doi.org/10.1002/adfm.77279【作者单位】河北工业大学；中国科学院福建物质结构研究所【论文摘要】锂硫（Li–S）电池被认为是下一代储能系统极具前景的候选体系，加快反应动力学并抑制多硫化物穿梭效应是实现其实际应用的关键。研究提出了一种非对称配位策略，以增强分子催化剂的本征催化活性和极性，并以具有非对称金属配位环境的镍N-错位卟啉配合物（NiNCP）为例进行了验证。分子催化剂被均匀负载于氧化石墨烯纳米片表面，形成NiNCP@GO，用于改性聚丙烯（PP）隔膜。NiNCP中金属–卡宾键的形成导致金属卟啉分子的对称性破缺，优化了Ni中心的电子结构，因此，与其对称金属卟啉对应物相比，表现出更优异的多硫化物转化催化活性。该功能化隔膜使硫正极在0.1 C下实现了1460 mAh g⁻¹的高放电比容量，并且在1.0 C下循环1000次期间，平均每圈容量衰减率仅为0.019%。此外，在硫含量高达90 wt.%且倍率为0.2 C的条件下，实现了6.02 mAh cm⁻²的优异面容量和926 mAh cm⁻³的体积容量。该工作拓展了对称性破缺分子催化剂在锂硫电池中的应用。【实验方法】材料吡咯、苯甲醛、甲磺酸、2,3-二氯-5,6-二氰基苯醌和四水合乙酸镍购自上海阿达玛斯试剂有限公司。羧基化多壁碳纳米管（CNT，>99.9%）购自阿拉丁实业公司（上海，中国）。硫化锂购自Alfa Aesar。所有化学试剂均为商业购买，并未经进一步纯化直接使用。NCP的合成将新鲜蒸馏的吡咯（0.52 mL，7.50 mmol）和苯甲醛（0.76 mL，7.50 mmol）溶解于750 mL二氯甲烷中。加入甲磺酸（0.34 mL，0.52 mmol）后，将反应混合物在N₂气氛下于室温避光搅拌30 min。随后加入2,3-二氯-5,6-二氰基苯醌（1.50 g，6.60 mmol），并继续搅拌5 min。采用三乙胺终止反应后，通过碱性氧化铝柱对所得混合物进行纯化。将所得紫色固体在正己烷中结晶，得到NCP（355 mg，31%）。¹H NMR（600 MHz，CDCl₃）：δ 9.01（d，1H）、8.94（d，1H）、8.80（s，1H）、8.65（d，1H）、8.58–8.60（m，3H）、8.36–8.40（m，4H）、8.17–8.22（m，4H）、7.83–7.87（m，3H）、7.78–7.82（m，9H）、−2.38（s，2H）、−4.98（s，1H）。高分辨质谱：C₄₄H₃₀N₄的理论m/z为614.74；实测值为615.25。NiNCP的合成将NCP（80 mg，0.13 mmol）和Ni(OAc)₂·4H₂O（323 mg，1.30 mmol）加入甲醇（30 mL）中，避光回流6 h。所得混合物采用水洗涤并萃取，以除去过量镍盐，随后通过旋转蒸发除去溶剂。残余物经碱性氧化铝柱纯化，将所得深紫色固体在正己烷中结晶，得到NiNCP（69 mg，64.4%）。¹H NMR（600 MHz，DMSO-d₆）：δ 13.05（s，1H）、8.52（s，1H）、8.04（d，2H）、7.92（d，2H）、7.83（m，6H）、7.76（d，6H）、7.59–7.71（m，12H）。高分辨质谱：C₄₄H₂₈N₄Ni的理论m/z为671.41；实测值为671.17。NiNCP@GO的制备氧化石墨烯采用改进的Hummers法，以天然石墨片为原料合成。NiNCP@GO采用简单浸渍法在40 ℃下制备。将NiNCP（20 mg）溶解于N,N-二甲基甲酰胺（DMF）中，随后在强烈超声条件下加入悬浮于DMF中的GO粉末（50 mg）中。将混合物在50 ℃下搅拌12 h，随后采用蒸馏水洗涤3次，并通过冷冻干燥获得NiNCP@GO。NiTPP@GO在相同条件下制备，唯一区别是采用NiTPP替代NiNCP。NiNCP@GO-PP隔膜的制备隔膜采用真空辅助自组装法制备。将NiNCP@GO和聚偏二氟乙烯（PVDF）按照9:1的质量比加入DMF（50 mL）中，超声处理2 h使其混合。定量抽取所得分散液，将其置于安装有商业聚丙烯隔膜（Celgard 2400）的抽滤装置中进行真空过滤，改性层负载量为0.1 mg cm⁻²。所得材料在40 ℃真空条件下干燥48 h，随后裁切为直径18 mm的圆片，得到NiNCP@GO-PP隔膜。NiTPP@GO-PP和GO-PP隔膜在相同条件下制备，分别以NiTPP@GO和GO替代NiNCP@GO。CNT/S正极的制备按照7:3的质量比称取硫和碳纳米管（CNT），并在玛瑙研钵中均匀研磨。将混合物倒入5 mL称量瓶中，加入少量二硫化碳，并在通风条件下搅拌，直至二硫化碳完全挥发。随后再次研磨10 min，并置于155 ℃烘箱中加热12 h，获得活性材料CNT/S。之后，将CNT/S、乙炔黑和聚偏二氟乙烯（PVDF）按照8:1:1的质量比均匀研磨，并转移至称量瓶中。加入少量N-甲基吡咯烷酮（NMP），搅拌8 h，获得均匀浆料。采用涂布装置将所得浆料均匀刮涂于铝箔上，在60 ℃下加热12 h。采用裁片机将其裁切为直径14 mm的圆形电极片，并置于手套箱中备用。【图文摘取】【主要结论】研究展示了一种基于非对称配位金属卟啉配合物的隔膜改性材料。金属–卡宾键诱导结构畸变和对称性破缺，使NiNCP@GO具有优化的电荷分布和显著加快的电子转移，从而能够与多硫化物产生更强的相互作用。与传统Ni–N₄配位构型的NiTPP@GO相比，NiNCP@GO表现出增强的多硫化物吸附能力，并促进了硫物种的转化。隔膜改性材料的这些优势使电池获得了优异的倍率性能和循环稳定性，即使在高倍率、高硫含量及高硫载量条件下亦是如此。该工作为通过分子催化剂结构调控提升锂硫电池电化学性能提供了新的认识，并显示出在先进储能系统开发中的巨大潜力。阅读原文研究展示了一种基于非对称配位金属卟啉配合物的隔膜改性材料。",,,,pending
北京大学周欢萍教授重磅Science！等离子体表面工程技术在高效稳定的钙钛矿太阳能电池和组件中的应用,钙钛矿太阳能电池,钙钛矿太阳能电池,"RIOnews API, 钙钛矿, 全钙钛矿叠层, 柔性钙钛矿, 学术研究, 大学, 教授, 科学院, 研究所",normal,2026-07-31T07:58:24+08:00,,小编微信：pftlovechina（大面积效率>23%）通讯作者：北京大学周欢萍钙钛矿太阳能电池（PSCs）的不稳定性主要源于柔性多组分钙钛矿晶格引发的界面缺陷生成与演化。本文提出一种可规模化的等离子体钝化策略，该方法在大面积钙钛矿薄膜表面通过原位化学反应构筑连续、均匀且键合牢固的异质结构。该策略同时缓解激光刻蚀互连区域内的缺陷累积，而此类区域的局部损伤通常是模组性能衰减的主要诱因。研究中小面积器件（有效面积 8.313 mm²）实现 27.2% 的光电转换效率（PCE）；100 cm² 模组（开孔面积 65.05 cm²）光电转换效率达到 24.0%（认证效率 23.5%）。在 1 倍太阳光,http://mp.weixin.qq.com/s?__biz=MzkwMDU5MjA5OA==&mid=2247498600&idx=1&sn=4e80b8740c0c80913cf4070e19c9ef27,,小编微信：pftlovechina（大面积效率>23%）通讯作者：北京大学周欢萍钙钛矿太阳能电池（PSCs）的不稳定性主要源于柔性多组分钙钛矿晶格引发的界面缺陷生成与演化。本文提出一种可规模化的等离子体钝化策略，该方法在大面积钙钛矿薄膜表面通过原位化学反应构筑连续、均匀且键合牢固的异质结构。该策略同时缓解激光刻蚀互连区域内的缺陷累积，而此类区域的局部损伤通常是模组性能衰减的主要诱因。研究中小面积器件（有效面积 8.313 mm²）实现 27.2% 的光电转换效率（PCE）；100 cm² 模组（开孔面积 65.05 cm²）光电转换效率达到 24.0%（认证效率 23.5%）。在 1 倍太阳光,"小编微信：pftlovechina（大面积效率>23%）通讯作者：北京大学周欢萍钙钛矿太阳能电池（PSCs）的不稳定性主要源于柔性多组分钙钛矿晶格引发的界面缺陷生成与演化。本文提出一种可规模化的等离子体钝化策略，该方法在大面积钙钛矿薄膜表面通过原位化学反应构筑连续、均匀且键合牢固的异质结构。该策略同时缓解激光刻蚀互连区域内的缺陷累积，而此类区域的局部损伤通常是模组性能衰减的主要诱因。研究中小面积器件（有效面积 8.313 mm²）实现 27.2% 的光电转换效率（PCE）；100 cm² 模组（开孔面积 65.05 cm²）光电转换效率达到 24.0%（认证效率 23.5%）。在 1 倍太阳光、85 ℃条件下持续最大功率点追踪 2000 h 后，小面积器件维持初始效率的 98.1%；100 cm² 模组在 1 倍太阳光、65 ℃条件下测试 1600 h，保留 99.3% 的初始光电转换效率。图1：等离子体表面处理工艺的概念设计与初步验证。图2：界面缺陷消除与器件效率提升。 图3：表面处理的均匀性与有效性。图4：面向大面积组件的等离子体处理工艺性能与实施情况。图5：经等离子体处理样品的稳定性评估。器件制备器件结构 MgF₂/FTO/SAM/PVSK/C₆₀/BCP/Ag 钙钛矿太阳能电池制备FTO 玻璃基底依次使用洗涤剂、超纯水、丙酮、乙醇清洗；紫外臭氧处理 30 min 后，将 MeO-2PACz/NA 混合乙醇溶液（浓度 0.5/0.125 mg/mL）旋涂于基底，旋涂机（Schwan Technology, EZ4）转速 4000 rpm、时长 30 s；随后在加热台（华旗正邦，ZB1010JRT）上 100 ℃退火 10 min。钙钛矿前驱体配制：将 22.5 mg CsI、277 mg FAI、3.68 mg MABr、821.1 mg PbI₂、13 mg PbBr₂、18.1 mg MACl、0.35 mg 4 - 氯苯磺酸钠溶解于 1 mL DMF:DMSO = 5:1（体积比）混合溶剂。前驱体旋涂工艺：先 1000 rpm 旋涂 10 s，再 5000 rpm 旋涂 40 s；旋涂结束前 8 s，快速滴加 200 μL 氯苯（CB）反溶剂。旋涂完成的薄膜在 110 ℃热台退火 20 min。实验组样品：钙钛矿薄膜冷却后，动态旋涂 80 μL PMMA 氯苯溶液（2 mg/mL），转速 5000 rpm、40 s，100 ℃退火 5 min；随后在 RIE 等离子刻蚀机（SENTECH, Etchlab 200）中进行两步等离子处理：步骤 1：Ar 气，40 sccm，10 Pa，40 W，处理 2 s；步骤 2：Ar/CF₄混合气，140/2 sccm，20 Pa，5 W，处理 3 s；等离子设备在常压环境下运行，无额外湿度调控。对照组与实验组统一后续处理：旋涂 1 mg/mL 盐酸苯乙双胍 / 2,2,2 - 三氟乙醇溶液，100 ℃退火 5 min，进一步钝化缺陷、优化薄膜质量。在高真空（＜4 × 10⁻⁶ Torr）热蒸发系统（沈阳科诚真空，ZD-400）中，以 0.2 Å/s 速率依次蒸镀 25 nm C₆₀与 7 nm BCP；继续高真空热蒸发 150 nm Ag 电极，初始蒸发速率 0.1 Å/s，逐步提升至 1 Å/s。器件结构 ITO/NiOₓ/PTAA/Al₂O₃/PVSK/C₆₀/SnO₂/Ti/Au 钙钛矿太阳能电池制备ITO 玻璃基底依次经洗涤剂、超纯水、丙酮、乙醇清洗，紫外臭氧处理 30 min；旋涂 NiOₓ水溶液（10 mg/mL），3000 rpm、30 s，150 ℃退火 10 min。旋涂 PTAA/F4-TCNQ 混合氯苯溶液（2/0.2 mg/mL），4000 rpm、30 s，100 ℃退火 10 min；动态旋涂 60 μL Al₂O₃异丙醇分散液（质量分数 0.13%），5000 rpm、40 s，100 ℃退火 5 min。钙钛矿前驱体：26 mg CsI、154.8 mg FAI、461.1 mg PbI₂溶于 1 mL DMF:DMSO=17:3 混合溶剂。旋涂参数：1000 rpm 10 s，5000 rpm 40 s；旋涂结束前 12 s 滴加 150 μL 氯苯；薄膜 150 ℃退火 10 min。薄膜采用上述相同两步 RIE 等离子处理。高真空下以 0.2 Å/s 蒸镀 25 nm C₆₀；利用 Veeco Savannah ALD 系统沉积 10 nm SnO₂。腔温 95 ℃，稳定 300 s，载气流量 20 sccm；单循环：水源脉冲 0.02 s，等待 6 s；锡源脉冲 0.05 s，等待 6 s，循环总次数 100 次。磁控溅射（ULVAC, QAM-4W-STS）制备 10 nm Ti 界面层，工艺条件：50 W，2 Pa；最后高真空热蒸发 100 nm Au 电极，速率 1 Å/s。含 13 个子电池串联的钙钛矿模组制备（基底尺寸 10 cm × 10 cm，玻璃 / ITO）玻璃 / ITO 基底依次洗涤剂、去离子水、乙醇超声清洗，紫外臭氧处理 10 min。旋涂 MeO-4PACz 乙醇溶液（0.5 mg/mL），4000 rpm、30 s，100 ℃退火 10 min。配制 1.3 M FA₀.₉₅Cs₀.₀₅PbI₃前驱体（添加 15% MACl、5% 过量 PbI₂），溶剂 DMF:NMP=6:1（体积比）；狭缝涂布工艺制备钙钛矿薄膜：喷嘴 - 基底间距 0.25 mm，涂布速度 5 mm/s，溶液供给速率 0.1 mL/min。湿膜立刻转移至真空腔，抽至约 2 Pa 维持 60 s；基底温度控制在 18 ℃调控中间相生长；随后 110 ℃退火 20 min 形成结晶钙钛矿薄膜。热蒸发 25 nm C₆₀，ALD 沉积 10 nm SnO₂；高真空热蒸发 Cu 电极（速率 1 Å/s，真空＜4 × 10⁻⁶ Torr）。模组通过 P1、P2、P3 激光刻线实现子电池串联；532 nm 激光刻蚀系统，频率 700 kHz，功率 2.1 W。完整工艺流程：P1 刻线 → 钙钛矿与传输层沉积 → P2 刻线 → 等离子处理 → 顶电极沉积 → P3 刻线 → 等离子处理 → 封装。P1、P2、P3 刻线及死区宽度分别为 15、100、30、30 μm；模组开孔面积 65.05 cm²，几何填充因子（GFF）96.6%。P2 热影响区（HAZ）等离子处理（Ar/CF₄体系）在 P2 刻蚀之后、电极沉积之前完成；P3 热影响区等离子处理（Ar/O₂体系）在 P3 刻蚀之后进行。原文：https://doi.org/10.1126/science.aeg1730钙钛矿光伏世界记录每日更新（尽量以认证为标准）单节钙钛矿太阳能电池世界纪录效率28%！（保持单位：海南大学李雄团队）钙钛矿/硅叠层太阳能电池世界纪录效率35.2%！（保持单位：隆基绿能）33.84%！钙钛矿TOPCon硅叠层效率再创纪录！（保持单位：宁波材料所叶继春/曾俞衡/应智琴/杨阵海&正泰新能李子佳）正式钙钛矿电池认证反扫27.5%！稳态27.17%！连续梯度掺杂SnO2电子传输层！（保持单位：南开大学袁明鉴&姜源植）空气制备倒置钙钛矿太阳能电池最高认证效率26.5%！（保持单位：成均馆大学Nam-Gyu Park）1cm2锡铅钙钛矿太阳能电池创纪录效率！22.18%！（保持单位：华中科技大学唐江&陈超）28%！倒置钙钛矿太阳能电池低温创纪录效率！（保持单位：陕师大赵奎&牛天启）宽带隙钙钛矿25.03%（1.68 eV）！（保持单位：中国科学院半导体所游经碧&蒋琦）钙钛矿/铜铟镓硒叠层太阳能电池认证效率30.1%（碳基倒置钙钛矿太阳能电池21.8%效率！（保持单位：亥姆霍兹埃尔兰根-纽伦堡可再生能源研究所 (HI ERN) Christoph J. Brabec & Tian Du）柔性钙钛矿/硅叠层太阳能电池纪录效率：33.6%@1cm2！（保持单位：苏州大学张晓宏&杨新波&KAUST Stefaan De Wolf）大面积柔性钙钛矿/硅叠层太阳能电池纪录效率：260cm2的晶圆级面积上认证29.8%！（保持单位：苏州大学张晓宏&刘江&隆基绿能何博&曲铭浩&徐希翔&李振国）倒置钙钛矿太阳能电池认证稳态效率27.2%！（保持单位：中科院半导体所游经碧）1米×2米钙钛矿太阳能组件认证纪录效率20.05%！（保持单位：宁德时代&上海交通大学赵一新团队）2.023 V&33.12%@钙钛矿/TOPCon硅叠层太阳能电池！（保持单位：港城大朱宗龙&晶科再创纪录！）17.89%！无铅锡基钙钛矿太阳能电池，认证17.71%。（保持单位：南京理工大学徐勃、复旦大学梁佳和上海交通大学戚亚冰）倒置钙钛矿太阳能电池认证效率27.57%！（保持单位：武汉九曜光电&华中科技陈炜&刘宗豪）正式FAPbI₃太阳能电池认证效率26.54%！（保持团队：中国科学院大学材料科学与光电技术学院郑晓鹏&海南大学董碧桃）25.47%钙钛矿组件@20.45cm²（保持单位：光因科技）正式26.9%！空气制备再创新高！华北电力大学李美成/黄浩&上海光源苏圳煌Joule：疏水性偶极七氟丁脒的热活化质子转移策略！！（保持团队：华北电力大学李美成）1.66 eV宽带隙钙钛矿开压1.314V，效率24.5%（保持团队：河北工业大学陈聪）钙钛矿量子点太阳能电池最高认证效率18.3%！（保持团队：华北电力大学李美成）30cm×30cm钙钛矿太阳能电池组件效率新世界纪录24.36%！（保持单位：脉络能源）钙硅叠层认证效率35%！260.9cm2效率33%！（保持单位：隆基绿能）钙钛矿-铜铟镓硒叠层太阳能电池30.1%！（保持团队：武汉大学李建民&王胜&龚俊波&肖旭东）1cm2钙钛矿-有机叠层太阳能电池创纪录认证效率27.5%！中科院化学所李永舫/李骁骏&新加坡国立大学侯毅NP：抑制激子热化损失的窄带隙受体（保持团队：新加坡国立大学侯毅&中科院化学所李永舫&/李骁骏）31.55%！全钙钛矿叠层电池效率再创新高（保持单位：光因科技）有机光伏世界记录每日更新（尽量以认证为标准）厚膜 500 nm OSCs纪录效率18%！（保持团队：深圳技术大学张光烨/李顺朴&香港理工大学李刚/马睿杰）叠层有机光伏21.7%！中科院化学所侯剑辉&崔勇：醇分散PEDOT:PSS！（保持团队：中科院化学所侯剑辉&崔勇）硅基光伏世界记录每日更新（尽量以认证为标准）27.81%世界纪录-133.63-cm2 HIBC硅太阳能电池（保持团队：隆基绿能李振国&徐希翔&方亮&薛朝伟&兰州大学贺德衍&中山大学高平奇）发光二极管每日更新（尽量以认证为标准）EQE45.5%-叠层钙钛矿LEDs！（保持团队：王建浦&黄维&王娜娜）12%创纪录效率|溶液处理的绿色无铅金属卤化物电致发光器件（保持团队：北京化工大学谭占鳌&赵彪）创纪录EQE 24.67% | 溶液法多晶CsPbBr3钙钛矿LEDs（保持团队：高丽大学Sang Hyuk Im / Jin Hyuck Heo & 天津大学张飞）商业合作、投稿、加入“钙钛矿 or 有机光交流群”联系小编理解不当，侵权行为，请联系删除或更改！喜欢的话，欢迎点赞，关注，收藏！",,,,pending
香港城市大学朱宗龙教授Science！n-type聚合物电子传输层替代PCBM！高效！稳定！大面积！钙钛矿太阳能电池模组！,钙钛矿太阳能电池,钙钛矿太阳能电池,"RIOnews API, 钙钛矿, 全钙钛矿叠层, 柔性钙钛矿, 学术研究, 大学, 教授, 科学院, 研究所",normal,2026-07-31T07:58:24+08:00,,小编微信：pftlovechina（大面积效率>23%）通讯作者：香港城市大学朱宗龙教授反式（p-i-n）钙钛矿太阳能电池所采用的富勒烯基电子传输层（ETLs）存在成本高、难以规模化制备以及稳定性不足等问题；而高稳定性无机氧化物则存在能级匹配不佳、加剧迟滞效应等缺陷，进而降低器件光电转换效率（PCE）。本文报道一种非富勒烯共轭聚合物 2PB-T，其分子主链引入共平面、吸电子的苝二酰亚胺（PBI）结构单元。借助 PBI 聚合物主链与侧链工程，该材料优化了电子传输特性、薄膜均匀性与界面结合作用，解决了小分子电子传输层稳定性差的难题。小面积器件实现 27.8% 的最高光电转换效率，经认证的最大功率点,http://mp.weixin.qq.com/s?__biz=MzkwMDU5MjA5OA==&mid=2247498600&idx=2&sn=87982e694600c1d2c23ac579317d2a98,,小编微信：pftlovechina（大面积效率>23%）通讯作者：香港城市大学朱宗龙教授反式（p-i-n）钙钛矿太阳能电池所采用的富勒烯基电子传输层（ETLs）存在成本高、难以规模化制备以及稳定性不足等问题；而高稳定性无机氧化物则存在能级匹配不佳、加剧迟滞效应等缺陷，进而降低器件光电转换效率（PCE）。本文报道一种非富勒烯共轭聚合物 2PB-T，其分子主链引入共平面、吸电子的苝二酰亚胺（PBI）结构单元。借助 PBI 聚合物主链与侧链工程，该材料优化了电子传输特性、薄膜均匀性与界面结合作用，解决了小分子电子传输层稳定性差的难题。小面积器件实现 27.8% 的最高光电转换效率，经认证的最大功率点,小编微信：pftlovechina（大面积效率>23%）通讯作者：香港城市大学朱宗龙教授反式（p-i-n）钙钛矿太阳能电池所采用的富勒烯基电子传输层（ETLs）存在成本高、难以规模化制备以及稳定性不足等问题；而高稳定性无机氧化物则存在能级匹配不佳、加剧迟滞效应等缺陷，进而降低器件光电转换效率（PCE）。本文报道一种非富勒烯共轭聚合物 2PB-T，其分子主链引入共平面、吸电子的苝二酰亚胺（PBI）结构单元。借助 PBI 聚合物主链与侧链工程，该材料优化了电子传输特性、薄膜均匀性与界面结合作用，解决了小分子电子传输层稳定性差的难题。小面积器件实现 27.8% 的最高光电转换效率，经认证的最大功率点追踪（MPPT）效率为 27.3%。面积 20.6 cm² 与 625 cm² 的钙钛矿模组光电转换效率分别达到 24.4% 和 22.5%。小面积器件在空气中 85 ℃条件下持续最大功率点追踪 1752 h 后，光电转换效率维持初始值的 98.6% 以上；625 cm² 模组经过 5900 h 户外运行，保留 96.9% 的初始效率。 图1：分子设计与界面电荷传输。 图2：薄膜结构与界面表征。 图3：器件与模块光伏性能。 图4：加速及户外试验下的运行稳定性。器件制备小面积钙钛矿器件制备图案化玻璃 / FTO 基底依次使用洗涤剂 - 去离子水混合液（体积比 1:1）、去离子水、丙酮、异丙醇超声清洗，每种溶剂清洗 20 min。随后将基底置于 100 ℃烘箱干燥 12 h 以上，氧气等离子体处理 10 min，转移至氮气手套箱备用。制备 NiOₓ纳米颗粒分散液（溶剂为去离子水，浓度 10 mg/mL），商用 NiOₓ纳米颗粒平均粒径约 7 nm；使用前通过 0.45 μm 亲水滤头过滤，并在 60 min 内使用。分散液旋涂于 FTO 基底，转速 3000 rpm、时长 30 s，大气环境下 150 ℃退火 20 min；冷却后转移回手套箱。将 4PADCB 溶解于甲醇，最优浓度 0.4 mg/mL；SAM 溶液滴在基底表面静置 5 s，随后 4000 rpm 旋涂 30 s，100 ℃退火 10 min，自然冷却至室温。钙钛矿前驱液配制：将 18.8 mg CsI、11.6 mg MAI、224.7 mg FAI、688.4 mg PbI₂（添加 3 mol% 过量 PbI₂提升器件性能）溶于 1 mL 无水 DMF:DMSO（体积比 4:1）混合溶剂，得到组分 Cs₀.₀₅FA₀.₉₀MA₀.₀₅PbI₃、带隙 1.52 eV 的前驱液；再加入 15 mol% MACl、3.5 mol% PACl、0.3 mol% PEAI。混合溶液涡旋搅拌 15 min 充分溶解，使用 0.22 μm PTFE 滤头过滤。取 100 μL 前驱液旋涂，两步旋涂工艺：1000 rpm 旋涂 10 s，5000 rpm 旋涂 40 s；第二步结束前 6 s 快速滴加 300 μL 氯苯（CB）反溶剂。薄膜退火程序：100 ℃保温 45 min，再升温至 125 ℃退火 5 min。表面钝化处理：PDADI（1 mg/mL）与 PipI（0.5 mg/mL）分别溶解于 IPA/DMF（150:1）混合溶剂后复配；混合溶液动态旋涂于钙钛矿薄膜，5000 rpm、30 s，100 ℃退火 5 min。PB-T、2PB-T 分别以 5.0 mg/mL、7.5 mg/mL 浓度溶解于氯苯 / 环己烷（9:1）混合溶剂；溶液加热至 60 ℃搅拌 10 min，0.22 μm PTFE 滤头过滤。电子传输层溶液旋涂参数 3500 rpm、45 s，75 ℃退火 5 min。参比 PCBM 电子传输层：PCBM 以 20 mg/mL 溶于氯苯，过滤后 2000 rpm 旋涂 45 s，75 ℃退火 5 min。所有旋涂操作在氮气手套箱内完成，温度控制 18–22 ℃，水氧含量均低于 5 ppm。原子层沉积循环 100 次制备 SnOₓ，热蒸发 100 nm Ag 电极；在 FTO 背面热蒸镀 125 nm MgF₂（沉积速率 1 Å/s）提升透光性。金属掩模版定义有效面积 0.05 cm²。稳定性测试前采用 LT-U001 封装胶搭配 0.7 mm 盖板完成器件封装。1.3 钙钛矿太阳能模组制备20.6 cm² 小型模组（7 个子电池串联，基底尺寸 6.0 cm × 6.0 cm）在手套箱内采用刮刀涂布制备钙钛矿薄膜，环境湿度控制 30±5 %，室温条件。射频磁控溅射在 P1 刻线后的 FTO 基底沉积 NiOₓ层；腔体本底真空低于 5×10⁻⁴ Pa，通入 Ar（30 sccm）+O₂（1.5 sccm）混合气，工作气压 1.0 Pa，射频功率 200 W，基底温度 250 ℃，基底转速 10 rpm 保证均匀性。沉积完成后大气环境 300 ℃退火 30 min。FTO/NiOₓ基底浸泡于 0.3 mg/mL 4PADCB 甲醇溶液 2 min 制备 SAM 层，随后 100 ℃退火 5 min。配制 1.32 M Cs₀.₀₅FA₀.₉₀MA₀.₀₅PbI₃前驱液（DMF:NMP = 9:1），添加 0.3 mol% PEAI，搅拌 15 min；刮刀涂布，缝隙 200 μm，涂布速度 10 mm/s，氮气风刀压力 20 psi。薄膜大气中 130 ℃退火 15 min。PB-T/2PB-T 溶液刮刀涂布，速度 20 mm/s，空气中 75 ℃退火 5 min。SnOₓ与 Ag 制备工艺同小面积器件。采用 532 nm 激光打标机完成三次激光刻线：P2 刻线功率 2.5 W、频率 100 kHz；P3 刻线功率 5 W、频率 100 kHz。最优刻线宽度：P1=50 μm，P2=75 μm，P3=50 μm；总死区宽度 245 μm，几何填充因子（GFF）96.9%。625 cm² 大面积模组（43 个子电池串联，基底 30 cm × 30 cm）磁控溅射在 P1 图案化 FTO 基底沉积 NiOₓ；腔体本底真空低于 5×10⁻⁴ Pa，Ar/O₂混合气氛，工作气压 1.0 Pa，基底温度 250 ℃；基底匀速直线扫描（10 mm/s）实现大面积厚度均匀性，沉积后 300 ℃空气退火 30 min。4PADCB SAM 制备工艺与小型模组一致。狭缝涂布制备钙钛矿薄膜（1.25 M Cs₀.₀₅FA₀.₉₀MA₀.₀₅PbI₃）：涂布速度 20 mm/s，狭缝间距约 60 μm。湿膜立刻转移至真空腔，快速抽真空至＜10 Pa 并维持 60 s；随后空气中 120 ℃退火 20 min。狭缝涂布 PB-T/2PB-T，涂布速度 20 mm/s、狭缝 60 μm，70 ℃退火 5 min。ALD 沉积 SnOₓ，随后进行 P2 刻线；磁控溅射沉积 100 nm Cu 电极，最后 P3 刻线。刻线宽度：P1=50 μm，P2=90 μm，P3=70 μm，几何填充因子 94.1%。户外稳定性测试前进行 P4 边缘消融处理；模组四周铺设 10 mm 宽 PIB 密封胶，覆盖聚烯烃封装膜，放置带定位孔背板玻璃，层压工艺：60 kPa、120 ℃、10 min。冷却后灌注双组分环氧树脂，充分固化 12 h 以上。原文：https://doi.org/10.1126/science.aed8175钙钛矿光伏世界记录每日更新（尽量以认证为标准）单节钙钛矿太阳能电池世界纪录效率28%！（保持单位：海南大学李雄团队）钙钛矿/硅叠层太阳能电池世界纪录效率35.2%！（保持单位：隆基绿能）33.84%！钙钛矿TOPCon硅叠层效率再创纪录！（保持单位：宁波材料所叶继春/曾俞衡/应智琴/杨阵海&正泰新能李子佳）正式钙钛矿电池认证反扫27.5%！稳态27.17%！连续梯度掺杂SnO2电子传输层！（保持单位：南开大学袁明鉴&姜源植）空气制备倒置钙钛矿太阳能电池最高认证效率26.5%！（保持单位：成均馆大学Nam-Gyu Park）1cm2锡铅钙钛矿太阳能电池创纪录效率！22.18%！（保持单位：华中科技大学唐江&陈超）28%！倒置钙钛矿太阳能电池低温创纪录效率！（保持单位：陕师大赵奎&牛天启）宽带隙钙钛矿25.03%（1.68 eV）！（保持单位：中国科学院半导体所游经碧&蒋琦）钙钛矿/铜铟镓硒叠层太阳能电池认证效率30.1%（碳基倒置钙钛矿太阳能电池21.8%效率！（保持单位：亥姆霍兹埃尔兰根-纽伦堡可再生能源研究所 (HI ERN) Christoph J. Brabec & Tian Du）柔性钙钛矿/硅叠层太阳能电池纪录效率：33.6%@1cm2！（保持单位：苏州大学张晓宏&杨新波&KAUST Stefaan De Wolf）大面积柔性钙钛矿/硅叠层太阳能电池纪录效率：260cm2的晶圆级面积上认证29.8%！（保持单位：苏州大学张晓宏&刘江&隆基绿能何博&曲铭浩&徐希翔&李振国）倒置钙钛矿太阳能电池认证稳态效率27.2%！（保持单位：中科院半导体所游经碧）1米×2米钙钛矿太阳能组件认证纪录效率20.05%！（保持单位：宁德时代&上海交通大学赵一新团队）2.023 V&33.12%@钙钛矿/TOPCon硅叠层太阳能电池！（保持单位：港城大朱宗龙&晶科再创纪录！）17.89%！无铅锡基钙钛矿太阳能电池，认证17.71%。（保持单位：南京理工大学徐勃、复旦大学梁佳和上海交通大学戚亚冰）倒置钙钛矿太阳能电池认证效率27.57%！（保持单位：武汉九曜光电&华中科技陈炜&刘宗豪）正式FAPbI₃太阳能电池认证效率26.54%！（保持团队：中国科学院大学材料科学与光电技术学院郑晓鹏&海南大学董碧桃）25.47%钙钛矿组件@20.45cm²（保持单位：光因科技）正式26.9%！空气制备再创新高！华北电力大学李美成/黄浩&上海光源苏圳煌Joule：疏水性偶极七氟丁脒的热活化质子转移策略！！（保持团队：华北电力大学李美成）1.66 eV宽带隙钙钛矿开压1.314V，效率24.5%（保持团队：河北工业大学陈聪）钙钛矿量子点太阳能电池最高认证效率18.3%！（保持团队：华北电力大学李美成）30cm×30cm钙钛矿太阳能电池组件效率新世界纪录24.36%！（保持单位：脉络能源）钙硅叠层认证效率35%！260.9cm2效率33%！（保持单位：隆基绿能）钙钛矿-铜铟镓硒叠层太阳能电池30.1%！（保持团队：武汉大学李建民&王胜&龚俊波&肖旭东）1cm2钙钛矿-有机叠层太阳能电池创纪录认证效率27.5%！中科院化学所李永舫/李骁骏&新加坡国立大学侯毅NP：抑制激子热化损失的窄带隙受体（保持团队：新加坡国立大学侯毅&中科院化学所李永舫&/李骁骏）31.55%！全钙钛矿叠层电池效率再创新高（保持单位：光因科技）有机光伏世界记录每日更新（尽量以认证为标准）厚膜 500 nm OSCs纪录效率18%！（保持团队：深圳技术大学张光烨/李顺朴&香港理工大学李刚/马睿杰）叠层有机光伏21.7%！中科院化学所侯剑辉&崔勇：醇分散PEDOT:PSS！（保持团队：中科院化学所侯剑辉&崔勇）硅基光伏世界记录每日更新（尽量以认证为标准）27.81%世界纪录-133.63-cm2 HIBC硅太阳能电池（保持团队：隆基绿能李振国&徐希翔&方亮&薛朝伟&兰州大学贺德衍&中山大学高平奇）发光二极管每日更新（尽量以认证为标准）EQE45.5%-叠层钙钛矿LEDs！（保持团队：王建浦&黄维&王娜娜）12%创纪录效率|溶液处理的绿色无铅金属卤化物电致发光器件（保持团队：北京化工大学谭占鳌&赵彪）创纪录EQE 24.67% | 溶液法多晶CsPbBr3钙钛矿LEDs（保持团队：高丽大学Sang Hyuk Im / Jin Hyuck Heo & 天津大学张飞）商业合作、投稿、加入“钙钛矿 or 有机光交流群”联系小编理解不当，侵权行为，请联系删除或更改！喜欢的话，欢迎点赞，关注，收藏！阅读原文香港城市大学朱宗龙教授Science！n-type聚合物电子传输层替代PCBM！高效！稳定！大面积！钙钛矿太阳能电池模组！,,,,pending
导电高分子，最新Science！,高分子科学前沿,高分子科学前沿,"RIOnews API, 聚合物新材料, 导电聚合物, 学术研究, 大学, 教授",normal,2026-07-31T07:30:19+08:00,,新型n型导电聚合物电子传输层助力钙钛矿太阳能组件迈向商业化！近年来，反式（p-i-n）结构钙钛矿太阳能电池（PSCs）的光电转换效率（PCE）取得了显著提升，这很大程度上归功于富勒烯及其衍生物（如C60和PCBM）作为电子传输层（ETL）的应用。然而，这些材料正成为阻碍PSCs规模化商业应用的主要障碍。从材料本身来看，富勒烯类材料合成成本高昂，且光热稳定性较差。作为小分子，其固有的形态不稳定性容易诱导缺陷形成，导致陷阱辅助复合和不可逆的性能损失。从制造工艺角度，它们有限的溶解性、强烈的聚集倾向以及无序的分子堆积，不仅导致制备重复性差，也妨碍了大面积均匀涂层的实现，从而增加了商业化生产成本。为了,http://mp.weixin.qq.com/s?__biz=MzA5NjM5NzA5OA==&mid=2652070320&idx=1&sn=fd226c9a3732fe153ff90aa0879653af,,新型n型导电聚合物电子传输层助力钙钛矿太阳能组件迈向商业化！近年来，反式（p-i-n）结构钙钛矿太阳能电池（PSCs）的光电转换效率（PCE）取得了显著提升，这很大程度上归功于富勒烯及其衍生物（如C60和PCBM）作为电子传输层（ETL）的应用。然而，这些材料正成为阻碍PSCs规模化商业应用的主要障碍。从材料本身来看，富勒烯类材料合成成本高昂，且光热稳定性较差。作为小分子，其固有的形态不稳定性容易诱导缺陷形成，导致陷阱辅助复合和不可逆的性能损失。从制造工艺角度，它们有限的溶解性、强烈的聚集倾向以及无序的分子堆积，不仅导致制备重复性差，也妨碍了大面积均匀涂层的实现，从而增加了商业化生产成本。为了,"新型n型导电聚合物电子传输层助力钙钛矿太阳能组件迈向商业化！近年来，反式（p-i-n）结构钙钛矿太阳能电池（PSCs）的光电转换效率（PCE）取得了显著提升，这很大程度上归功于富勒烯及其衍生物（如C60和PCBM）作为电子传输层（ETL）的应用。然而，这些材料正成为阻碍PSCs规模化商业应用的主要障碍。从材料本身来看，富勒烯类材料合成成本高昂，且光热稳定性较差。作为小分子，其固有的形态不稳定性容易诱导缺陷形成，导致陷阱辅助复合和不可逆的性能损失。从制造工艺角度，它们有限的溶解性、强烈的聚集倾向以及无序的分子堆积，不仅导致制备重复性差，也妨碍了大面积均匀涂层的实现，从而增加了商业化生产成本。为了克服上述挑战，香港城市大学朱宗龙教授报道了一种名为2PB-T的非富勒烯共轭聚合物，可作为一种创新的电子传输层材料，应用于具有原子层沉积氧化锡（SnO₂）夹层的反式钙钛矿太阳能电池中。该聚合物通过在其主链中引入共平面且具吸电子能力的苝二酰亚胺（PBI）单元，结合侧链工程，从电子传输性能、薄膜均匀性和界面结合力三个方面实现了协同优化。基于2PB-T的小面积器件（0.05 cm²）取得了27.8%的冠军光电转换效率（认证最大功率点跟踪效率为27.3%），而面积为20.6 cm²和625 cm²的组件分别实现了24.4%和22.5%的效率。更为重要的是，该材料展现出卓越的稳定性，小面积器件在85℃空气环境中连续最大功率点跟踪1752小时后仍保持初始效率的98.6%，625 cm²的组件在户外运行5900小时后仍维持了96.9%的初始效率。相关研究成果以题为“n-Type polymer layers enable efficient, scalable, and thermally stable perovskite solar modules”发表在最新一期《science》上。值得一提的是，这也是朱宗龙教授的第四篇nature。材料设计与性质为设计高性能聚合物ETL，研究人员设计了并合成了两种聚合物：PB-T和2PB-T（图1A）。PB-T是单个PBI单元通过噻吩连接而成的共轭聚合物，而2PB-T则具有对称结构，两个稠合PBI单元通过噻吩连接，形成更大的共轭π表面。密度泛函理论（DFT）计算表明，2PB-T在钙钛矿表面具有最低的吸附能（-5.188 eV）和最强的分子间结合能（-3.80 eV），优于PCBM和PB-T（图1B）。X射线光电子能谱也证实了2PB-T与钙钛矿表面最强的界面化学相互作用。分子动力学（MD）模拟显示，2PB-T分子在钙钛矿表面能维持一致的分子间距，展现出优异的堆积稳定性，并倾向于朝向钙钛矿表面取向，形成稳固的界面（图1C-E）。紫外光电子能谱测量显示，2PB-T的最低未占据分子轨道（LUMO）能级（-4.00 eV）与钙钛矿的导带底（-3.94 eV）高度匹配，有利于电子提取（图1F）。空间电荷限制电流（SCLC）法测得2PB-T薄膜的电子迁移率高达8.9 × 10⁻⁴ cm² V⁻¹ s⁻¹，优于PCBM和PB-T（图1G）。图 1 分子设计和界面电荷传输薄膜与界面表征通过二维掠入射广角X射线散射（2D GIWAXS）分析了ETL薄膜的微结构。结果显示，PCBM薄膜呈现各向同性的Debye-Scherrer环，而2PB-T薄膜则在面外方向（qz）显示出更强、更窄的衍射峰，表明其具有优先的面朝上取向和更高的长程有序度，这有利于垂直方向的电荷传输（图2A-C）。空间分辨光致发光（PL）图谱表明，2PB-T/钙钛矿界面具有最高效且均匀的电荷提取能力（图2D-F）。陷阱态密度（tDOS）测试结果显示，基于2PB-T的器件在整个能量范围内具有最低的陷阱态密度，表明PBI基聚合物能有效钝化钙钛矿表面缺陷，抑制非辐射复合损失（图2G）。开尔文探针力显微镜（KPFM）对老化前后ETL薄膜的表面功函（WF）进行了表征，发现2PB-T薄膜在100℃空气中老化120小时后，仍能维持最低且最均匀的功函分布（4.07 eV），而PCBM则出现明显的功函漂移和分布变宽，说明2PB-T具有优异的热稳定性（图2H-I）。紫外-可见吸收光谱、原子力显微镜和热重分析结果也共同验证了2PB-T薄膜卓越的本征热学和结构稳定性。图 2 薄膜结构与界面特性分析光伏性能基于2PB-T优异的材料特性，研究人员制备了结构为FTO/NiOx/SAM/钙钛矿/ETL/Ag的反式器件（图3A）。经过优化，2PB-T基器件在开路电压（VOC）和填充因子（FF）上均表现出显著优势，平均PCE超过27.3%（图3B）。冠军器件在反向扫描下实现了27.8%的PCE，其中VOC为1.201 V，短路电流密度（JSC）为26.6 mA cm⁻²，FF高达86.8%（图3C，表S7）。该效率获得了国家光伏产业计量测试中心的认证，最大功率点跟踪效率达到27.3%（图3D）。所有器件的外量子效率（EQE）谱图相似，积分电流密度与J-V测试结果一致（图3E）。研究人员进一步将2PB-T应用于大面积组件制备。通过刮涂法制备的20.6 cm²小组件实现了24.4%的创纪录PCE（图3F）。位置分辨PL图谱显示，6 cm × 6 cm的2PB-T/钙钛矿薄膜在整个区域上展现出高度均匀的PL强度，证明了其大面积成膜的优越性（图3G）。最终，通过狭缝涂布法制备的30 cm × 30 cm（活性面积625 cm²）组件，实现了22.5%的冠军PCE（图3H），充分证明了2PB-T材料在制备大面积、高效率钙钛矿光伏组件方面的巨大潜力。图 3 器件和组件光伏性能运行稳定性依据国际有机光伏稳定性峰会（ISOS）协议，研究人员系统评估了器件的运行稳定性。在ISOS-L-3协议（85℃、空气中连续1个太阳光照）的加速老化条件下，PCBM基器件在712小时后损失了20%的初始PCE，而2PB-T基器件在超过1752小时后，效率损失仅为1.4%（图4A）。在N₂气氛下的高温老化实验以及使用不同缓冲层的对比实验中，2PB-T基器件均展现出优于PCBM和C60对照组的稳定性。飞行时间二次离子质谱深度剖析证实，2PB-T能有效抑制碘离子向电极迁移，从而减缓器件衰减。此外，该器件还表现出更强的反向偏压耐受性，并在ISOS-D-3湿热（85℃，85%相对湿度）和ISOS-T-3热循环（-40℃至85℃）测试中均表现出远优于PCBM器件的稳定性。研究团队还重点评估了30 cm × 30 cm封装组件在真实户外条件下的长期稳定性。组件于2025年5月至2026年1月在香港部署测试，期间日平均环境温度在14.5℃至31.3℃之间，相对湿度在26%至94%之间。经过246天（约5900小时）的户外连续运行，PCBM基组件在运行29天后即开始衰减，最终仅维持了约64.4%的初始效率。相比之下，2PB-T基组件在8个多月的户外运行后，仍保留了约96.9%的初始效率（图4B）。实际发电量的衰减趋势与PCE变化高度吻合。此外，对未封装组件在环境空气中的储存老化测试表明，2PB-T还能在一定程度上抵御湿气和氧气的侵蚀，可作为外部封装下的第二道防护层。图 4 加速和室外测试下的运行稳定性总结与展望本文成功开发了一种名为2PB-T的高性能n型共轭聚合物电子传输层材料，用于反式钙钛矿太阳能电池。其优异的光电特性源于分子设计中引入的吸电子苝二酰亚胺单元，实现了认证27.3%的小面积器件效率和在大面积组件上的高效性能（20.6 cm²组件效率24.4%，625 cm²组件效率22.5%）。更为重要的是，PBI聚合物主链和侧链工程赋予了材料卓越的本征光热稳定性，无论是在严苛的加速老化测试还是长达8个多月的真实户外运行中，均表现出接近零衰减的超凡耐久性。这项工作巧妙地设计了一种非富勒烯聚合物ETL，协同解决了钙钛矿太阳能电池在效率、稳定性和可扩展性之间长期存在的矛盾，为材料设计提供了关键见解，并为其商业化应用铺平了一条切实可行的技术道路。阅读原文新型n型导电聚合物电子传输层助力钙钛矿太阳能组件迈向商业化！",,,,pending
免费名额倒计时1天，8月1日恢复正常收费！2026固态电池新技术应用会议，同期同址举办：第四届锰系与磷酸铁锂技术应用研讨会,今日锂电,今日锂电,"RIOnews API, 新材料, 电池材料, 复合材料, 碳, 隔膜, 复合集流体, 聚合物, 高比能, 锂金属, 富锂锰, 硅, 前沿表征, 原位, 固态电池, 固态电解质, 钠离子电池, 钠电, 合作进展, 投资, 合作, 学术研究, 大学, 科学院, 研究所, 技术进展, 技术突破, 制备工艺, 界面优化, 前沿技术",normal,2026-07-31T06:58:00+08:00,,"重磅会议两会并行分会场60+大咖报告嘉宾800+参会人员聚焦固态电解质/硅碳/磷酸（锰）铁锂/锰系材料 第二届固态电池新技术应用与材料制备验证技术会议 同期举办：第四届锰系与磷酸铁锂技术应用研讨会 赞助展台预订中...演讲报告开放预约中...限时免费参会！A.全免费：（转发会议信息至朋友圈集28个赞，0费用，不含餐）B.参会费600元：（转发会议信息至朋友圈集18个赞，含餐费、交流晚餐费用）C.福利参会：（转发会议信息至朋友圈集68个赞，含餐费、交流晚餐费用,限十名）第二届固态电池新技术应用与材料制备验证技术会议同期举办：第四届锰系与磷酸铁锂技术应用研讨会Part 01会议组织主办单位：今日锂",http://mp.weixin.qq.com/s?__biz=MzkyNzc0MDc0MA==&mid=2247518587&idx=5&sn=d2bd258c157539d8b8de1f99d19d77d9,,"重磅会议两会并行分会场60+大咖报告嘉宾800+参会人员聚焦固态电解质/硅碳/磷酸（锰）铁锂/锰系材料 第二届固态电池新技术应用与材料制备验证技术会议 同期举办：第四届锰系与磷酸铁锂技术应用研讨会 赞助展台预订中...演讲报告开放预约中...限时免费参会！A.全免费：（转发会议信息至朋友圈集28个赞，0费用，不含餐）B.参会费600元：（转发会议信息至朋友圈集18个赞，含餐费、交流晚餐费用）C.福利参会：（转发会议信息至朋友圈集68个赞，含餐费、交流晚餐费用,限十名）第二届固态电池新技术应用与材料制备验证技术会议同期举办：第四届锰系与磷酸铁锂技术应用研讨会Part 01会议组织主办单位：今日锂","重磅会议两会并行分会场60+大咖报告嘉宾800+参会人员聚焦固态电解质/硅碳/磷酸（锰）铁锂/锰系材料 第二届固态电池新技术应用与材料制备验证技术会议 同期举办：第四届锰系与磷酸铁锂技术应用研讨会 赞助展台预订中...演讲报告开放预约中...限时免费参会！A.全免费：（转发会议信息至朋友圈集28个赞，0费用，不含餐）B.参会费600元：（转发会议信息至朋友圈集18个赞，含餐费、交流晚餐费用）C.福利参会：（转发会议信息至朋友圈集68个赞，含餐费、交流晚餐费用,限十名）第二届固态电池新技术应用与材料制备验证技术会议同期举办：第四届锰系与磷酸铁锂技术应用研讨会Part 01会议组织主办单位：今日锂电/今日钠电承办单位：北京京昇文化传播有限公司 会议时间：2026年9月16-17日（15日签到）会议地点：中国·杭州总冠名/联合主办/招募中···协办单位：/招募中···支持单位：/招募中···新能源前沿新能源在线锂电PLUS展台赞助：/招募中···Part 02会议内容/日程中国《新能源汽车产业发展规划》明确支持固态电池研发，2025年全球固态电池市场规模预计突破百亿元，固态电池已成为公认的下一代电池，在过去的一年里，固态电池新技术与产业化进程以比预计中的更快的速度发展，然而固态电池还存在关键技术突破和产业化制备成本问题。在固态电池商用还不可极的当下，仍还是磷酸铁锂的天下，作为磷酸铁锂最重要的技术迭代与升级方向，高压实磷酸铁锂与磷酸锰铁锂技术将是现在的重点发展方向，并且和富锂锰基、高电压镍锰酸锂、高镍三元材料形成竞争未来适配固态电池正极材料的格局，而富锂锰基材料理论能量密度超1000Wh/kg，成本较高镍三元材料（价格高、技术成熟度高、安全性存疑）低25%-40%，被认为是固态电池最佳适配正极材料，高电压镍锰酸锂工作电压高达5V，比能650Wh/kg，更适合固态电池高电压体系，未来谁来主导，还要看技术成熟度。2026固态电池新技术应用与材料制备验证技术会议，同期同址举办：第四届锰系与磷酸铁锂技术应用研讨会，定于2026年9月16-17日在杭州召开，旨在进一步加快固态电池、锰系与磷酸铁锂方面新技术创新应用，破解技术与产业化制备难题，评选表彰近年来在固态电池、锰系与磷酸铁锂行业做出突出成绩的优秀科研人员和企业，特邀请参与本次会议，共同交流探讨固态电池与锰系与磷酸铁锂的行业发展新思路。会议内容：固态电池分会场固态电池技术与产业发展新进展高能量固态电池在eVTOL与人型机器人中的应用固态电池（半）应用高速电摩前景探讨固态技术（半）在手机与3C产品中的应用固态电池（半）在动力和储能电池的应用探讨固态电池智能制备设计发展固态电池关键材料的开发与应用全固态钠电技术研发与进展干法电极工艺在固态电池中的应用硫/氧/卤/聚合物等全固态电池电解质材料产业化进展固态电解质理论配方设计与实验验证多技术表征平台在固态电池材料研究中的应用固态电解质界面优化设计固态电解质纳米化技术研究与制备方法全固态电池硅基负极的开发硅碳负极材料的创新研发及其在固态电池内的应用球型多孔炭在CVD硅碳负极材料中的应用锂金属负极技术新进展固态电池正极的结构设计与材料选择高镍/富锂锰基正极材料在固态电池体系中的应用石墨烯/碳纳米管新型碳材料在固态电池体系中的技术发展新型隔膜技术在固态（半）电池中的应用固态用复合集流体技术研发新进展AI技术在材料研发中的应用等静压技术在全固态电池制备中的应用湿法/干法/气流研磨技术在固态材料中的应用干法电极智能装备开发与应用新一代窑炉技术在电池材料制造中的应用蒸镀技术在固态电池制备中的优点钠米级制备技术与装备新应用锰系与磷酸铁锂分会场全球锂资源市场发展变化电池级硫（碳）酸锰/二氧化锰/四氧化三锰市场前景变化锰系前驱体研究与制备技术高锰新能源材料的挑战与前景磷酸锰铁锂在汽车与二轮车上的应用研究适配固态电池用磷酸锰铁锂材料最新技术进展富锂锰基正极材料纳米包覆、梯度掺杂等工艺介绍富锂锰基正极材料制备及改性研究新一代高电压镍锰酸锂材料技术与应用锰基钠电正极材料技术与成本分析高性能磷酸铁制备工艺革新高压实磷酸铁锂磷酸铁法和草酸亚铁法工艺路线发展低成本高压实磷酸铁锂产业化生产技术换代与装备创新适配固态电池用高压实磷酸铁锂技术优化高压实磷酸铁锂高温烧结杂质控制颗粒级配优化工艺对磷酸铁锂压实密度及电性能的提升纳米磷酸铁锂技术与制备一次烧结成型高压实磷酸铁锂工艺要点介绍高压实磷酸铁锂材料的预锂化方法关键电池材料回收再利用技术注：以最终会议日程报告为准演讲报告申请：王老师:*********** 邮 箱:46090424@qq.comPart 03会议特色01会议形式20+5（每位专家20分钟报告+5分钟互动问答交流）交流方式，增加会议互动性；60+行业大咖，800+上下游企业从业者共聚一堂；诚邀高校/科研院所与产业技术从业者观点碰撞与交流，聚焦行业热点，解读技术与产业发展。02会议特色现场展台产品展示，“会+展”助力产业链上下游技术与市场对接，搭建立体化高效交流平台；1.5 天论坛，涉及固态与锰系铁锂行业装备、技术、材料、检测仪器设备等，全方位展示最新前沿技术研究与进展，深入探讨未来回收发展方向。03会议特色同期举办2026“NWEi-先锋奖”颁奖典礼，评选与发布“NEWi-先锋奖”新能源行业杰出科学家、新能源行业企业创新奖、行业优秀供应商”(联系主办方索取评选申请表)。04赞助方案1.本次会议设置总冠名、联合主办、协办单位、赞助单位、支持单位、手提袋、胸卡挂绳、椅背广告、酒水赞助、会议视频广告（会议室大屏播放）晚宴礼品、笔本赞助、茶歇赞助等会议赞助类别（详细赞助方案请联系主办方）。2、参展每个展位费用：12000元，包括2人的午餐、晚宴费用，展台费用，两份资料费用等。3、展位实际尺寸2米宽×3米高（设计尺寸2米宽×2.3米高）Part 04报名缴费1.参会费用：A、限时600元/人（含餐），B、全免费（不含餐），转发会议信息至朋友圈，集28个赞，获得免费名额，C.福利参会：（转发会议信息至朋友圈集68个赞，含餐费、交流晚餐费用,限十名）。2.参会注册费含会议资料、茶点、2次午餐、1场交流晚宴、参会材料等费用；3.会议统一安排食宿，住宿费自理；4.发票内容为“会议费”，开具增值税普通发票，不开增值税专用发票；注：所有人员凭参会证入场！提前报名缴费！汇款信息账 户：北京京昇文化传播有限公司账 号：040 4090 1030 0000 3837开户行：北京农村商业银行股份有限公司四季青支行行 号 ：402100000260 付款请注明：成都会议+姓名，并将付款凭证保留，便于报到时查验。缴费成功后，请保持手机畅通，会务组会尽快与您联系，感谢您的支持！开票信息发送：46090424@qq.com参会、参展、宣传及赞助事宜： 王老师 188 1048 8288（同微） 张老师 182 3806 7581（同微） 袁老师 192 9355 9185（同微） 郭老师 192 8668 2548（同微） 李老师 138 1196 8226（同微）扫码加入固态/正极材料群进群备注：公司名称/姓名/职务主动发名片一张请识别二维码或添加***********欢迎同仁进群交流！Part 05往届会议由今日锂电、苏银产业园联合主办、清陶云能、尚金干燥协办的2026（常州）固态电池新技术应用大会暨固态电池材料制备与验证研讨会在常州富都洲际酒店顺利举办，来自全国各地300余位专家、企业代表参与了本次大会。由今日锂电主办的锰系与铁锂正极材料技术论坛，已连续成功举办三届，共计2000余人次参会嘉宾出席，已成为国内正极材料行业具较高影响力会议。往届报告嘉宾名单：（部分）近800家往届参会企业名单1.公司名称2.HT3.OCBC4.一玖东朔新材料科技(上海)有限公司6.万华化学集团股份有限公司8.万向一二三股份公司9.三星SDI10.三碳(安徽)科技研究院11.三维汉界机器（山东）股份有限公司12.三门峡莹鑫矿业13.三门峡莹鑫矿业有限公司14.上海上州阀门制造有限公司15.上海东浒科技有限公司16.上海东证期货有限公司17.上海中如智慧能源集团有限公司18.上海中锂实业有限公司19.上海交通大学20.锂禾(苏州)科技有限公司21.上海八桂资产管理有限公司22.上海加力气体有限公司23.上海华谊新材料化工销售有限公司24.上海华谊新材料有限公司25.上海国投26.上海大学27.上海天元国际贸易集团有限公司28.上海天臣微纳米科技有限公司29.上海奥克化学有限公司30.上海娑娜智能科技有限公司31.上海宇昂水性新材料科技股份有限公司32.上海宝弘资产管理有限公司33.上海容锂新材料科技有限公司34.上海市工业合作协会35.上海德卡实验室系统科技有限公司36.上海志聚贸易有限公司37.上海是程国际贸易有限公司38.上海昱瓴/安徽昱瓴科技有限公司39.上海昶法新材料有限公司40.上海楚赛41.上海毅速激光科技有限公司42.上海汇平新能源有限公司43.上海泰熊磁业有限公司44.上海瀚能时代新材45.上海瀚能时代新材料有限公司46.上海电力大学47.上海电力大学/欧赛新能源48.上海秀美模型有限公司49.上海经纬优品筛网有限公司50.上海耀狮能源科技有限公司51.上海艾枫机电设备有限公司52.上海荷迪思湿度控制设备有限公司53.上海辉锂化工有限公司54.上海锂凰科技有限公司55.上海锐驰新能源技术有限公司56.上海雅程仪器设备有限公司57.世标检测科技(天津)有限公司58.东北大学59.东南大学60.东方希望集团61.东莞东阳光科研发有限公司62.东莞市亿富机械科技有限公司63.东莞市华仕威水处理器材有限公司64.东莞市松储纳米科技有限公司65.东莞市润能机械有限66.东莞市满电新能源科技有限公司67.东莞市琅菱机械有限公司68.东莞市磨匠设备有限公司69.东莞市科路得新能源科技有限公司70.东莞瀚宇新能源材料科技有限公司71.东莞瑞泰新材料科技有限公司73.中伟新材料股份有限公司74.中俄新能源材料技术研究院75.中信金属股份有限公司76.中再生徐州资源再生开发有限公司77.中创新航78.中化国际79.中化蓝天氟材料有限公司80.中南大学81.中国人民财产保险股份有限公司四川省分公司82.中国人民财产保险股份有限公司成都市分公司83.中国科学院上海应用物理研究所84.中国科学院上海微系统与信息技术研究所85.中国科学院宁波材料所86.中国科学院山西煤炭化学研究所87.中国科学院过程工程研究所88.中天储能科技有限公司89.中山大学91.中机国际工程设计研究院有限责任公司92.中溢集团（吉林）新能源科技有限公司93.中电四公司94.中科院上海微系统所95.中科院兰州化学物理研究所96.中科院深圳先进技术研究院97.中科院物理所/中科固能98.中科院过程工程研究所/山东懋华新能源99.中粮营养健康研究院100.中船派瑞特气101.中蓝长化工程科技有限公司102.中豫飞马新材料技术创新中心（郑州）有限公司103.中财集团104.中钢天源股份有限公司105.中钢集团南京新材料研究院有限公司106.中钢集团马鞍山矿院新材料科技有限公司107.中锂科（苏州）新能源科技有限公司109.丰晖（山东）环保科技有限公司110.乐友新能源材料（无锡）有限公司111.二连浩特凯创资源有限公司112.云南云天化股份有限公司研究院113.云南本晟新材料有限公司114.云天化研究院115.互动派116.五矿新能117.五矿期货有限公司118.亿昇（杭州）磁悬浮技术有限公司119.佛山市德方纳米科技有限公司120.佛山泰姆斯新材料科技有限公司121.佛山热安科技发展有限公司122.信发集团有限公司123.兰州理工大学124.兴发集团125.兴星电子新材料（无锡）有限公司126.内蒙中合新材料有限公司127.内蒙古神东能源集团有限公司128.凯鑫管道科技有限公司129.利信(江苏)能源科技有限责任公司130.北京丝路惠商新能源产业发展有限公司131.北京中科埃米科技有限公司132.北京创能惠通科技有限公司133.北京化工大学134.北京和璟管理咨询有限公司135.北京市兰台（苏州）律师事务所136.北京市隆安（苏州）律师事务所137.北京师范大学139.北京涂多多电子商务股份有限公司140.北京理工大学141.北京英博电气股份有限公司142.北大纵横咨询集团143.北票新正粉末冶金有限公司144.华为技术有限公司145.华创证券有限责任公司146.华友钴业147.华鼎国联四川动力电池有限公司148.南京元辰新能源科技有限公司149.南京奥特集团150.南京工业大学151.南京索特烘箱制造有限公司152.南京金利检验有限公司153.南华期货154.南方泵业股份有限公司155.南方科技大学156.南方锰业集团有限责任公司157.南昌大学158.南渝伦华159.南通市悦华新材料科技有限公司160.南通瑞翔新材料有限公司161.南通金通储能动力新材料有限公司162.博创宏远新材料163.厦门势拓伺服科技股份有限公司164.厦门厦钨新能源材料股份有限公司165.厦门宝盈新电子有限公司166.厦门市集美区金桥汇贸易商行167.厦门建发高科有限公司168.厦门新能安169.厦门益材储能科技有限公司170.双安资产171.双登股份172.台湾立凯电能科技股份有限公司173.合肥中科阻燃新材料有限公司174.合肥原位科技有限公司175.合肥国轩电池材料有限公司176.吉利创新中心/浙江绿色智行科创有限公司177.吉旺科技（山东）有限公司178.吉林华兴新材料科技有限公司179.吉首长潭泵业有限公司180.咸阳华友新能源窑炉设备有限公司181.咸阳科源新材装备有限公司182.哈尔滨奥科诺183.唐山亨坤新能源材料有限公司184.四川乐盛荣新材料科技有限公司185.四川什邡市产业促进服务中心186.四川优源新能源有限公司187.四川兴晶茂科技有限公司188.四川利合达环保科技有限公司189.四川协鑫锂电有限公司190.四川协鑫锂电科技有限公司191.四川唐古拉颗粒机械有限公司192.四川大学193.四川宇能锂工新材料科技有限公司194.四川建彤新材料有限责任公司195.四川弘业环保科技有限公司196.四川普特威新材料科技有限公司197.四川望昌干燥设备有限公司198.四川汇能中哲新材料有限公司199.四川珠峰飞越科技有限公司200.四川省乐山锐丰冶金有限公司201.四川省青川县人民政府202.四川研宝科技203.四川科鸿阳科技有限公司204.四川立拓环境科技有限公司205.四川绵竹市盘龙矿物质有限责任公司206.四川艾诺基新材料科技有限公司207.四川虹屹科技有限公司208.四川蜀力芯新能源有限公司209.四川蜀能矿产有限责任公司210.四川赛恩思仪器有限公司211.四川迈昆新材料有限公司212.四川金汇能新材料股份有限公司213.四川金裕来化工有限公司214.四川锂古新能源科技有限公司215.四川锦恒丰菱新材料有限责任公司216.四川长虹智能制造技术有限公司217.四川雅化实业集团股份有限公司218.四川鸿鹏新材料有限公司219.因湃电池科技有限公司220.国轩高科221.国轩高科有限公司222.国钠能源科技（河北）有限公司223.圣戈班224.埃索凯科技股份有限公司225.基迈克材料科技（苏州）有限公司226.复旦大学227.多氟多新材料股份有限公司228.大金氟化工中国有限公司229.大金氟化工中国有限公司上海分公司230.天俱时工程科技集团有限公司231.天普新能源232.天津国安盟固利新材料科技股份有限公司233.天津复力新能源科技有限公司234.天津大学235.博创宏远新材料236.天津常兴新能源科技有限公司237.天津爱沃新能源材料有限公司238.天津蔚然国际贸易有限公司239.天津赛德美新能源科技有限公司240.天能集团241.天齐锂业新能源技术研究（眉山）有限公司242.奥冠集团243.威力工业网络股份有限公司244.宁夏威格瑞斯电力有限公司245.宁夏汉尧富锂科技有限责任公司247.宁德时代新能源科技有限公司248.宁德时代（贵州）新能源材料有限公司249.宁波东烽新材料有限公司250.宁波容百新能源科技股份有限公司251.安徽中科新能智能有限公司252.安徽中钠时代能源科技有限公司253.安徽五湖滤材有限公司254.安徽利科新材料科技有限公司255.安徽利维能动力电池有限公司256.安徽博石高科新材料股份有限公司257.安徽天磁新能源科技有限公司258.安徽天科泰新能源有限公司259.安徽天马机械科技有限公司260.安徽川江环保科技有限公司261.安徽新锰都科技有限公司262.安徽格派新能源有限公司263.安徽海创新能源材料有限公司264.安徽神霄新能源科技有限公司265.安徽腾越科技266.安徽贝特滤材有限公司267.安徽麒锂特科技有限公司268.宏博苏气气体设备（苏州）有限公司269.宜兴市东山新型材料有限公司270.宜兴市东山新材料有限公司271.宜兴市宙斯泵业有限公司272.宜兴市彦氿科技有限公司273.宜兴市灵谷塑料设备有限公司274.宜兴摩根热陶瓷有限公司275.宜宾天原锂电材料有限公司276.宜宾天程锂电新材有限公司277.宜昌泽美新材料有限公司278.宜春学院279.宝山钢铁股份有限公司280.宣城市鸿海装备科技有限公司281.富士康科技集团282.尚水智能283.山东众惠启创新材料科技有限公司284.山东信业新材料科技有限公司285.山东天向新材料有限公司286.山东富德源环保设备有限公司287.山东广新达新材料科技有限公司288.山东庆云经济开发区289.山东恒磁科技有限公司290.山东惠源在湖新材料有限公司291.山东本源环境科技股份有限公司292.山东欧迈机械股份有限公司293.山东民生智慧供应链集团有限公司294.山东济宁德盛源新材料有限公司295.山东瑞福锂业有限公司296.山东盛太锆业资源有限公司297.山东科华重工科技有限公司298.山东精工电子科技股份有限公司299.山东纽克气源净化设备有限公司300.山东聚恒环保科技有限公司301.山东英吉新材料有限公司302.山东运丰耐火材料有限公司303.山东锦锂新材料科技有限公司304.山东鲁欣粉磁新材料科技有限公司305.山东鲁银新材料科技有限公司306.山西佰基科技有限公司307.山西昇嘉琪新材料有限公司308.巨安储能武汉科技有限责任公司309.巨盛能源（江苏）有限公司310.巴斯夫311.巴特瑞科技有限公司312.布琅轲锶特（上海）测量设备贸易有限公司313.帅福得电池314.常州伯端机电设备有限公司315.常州力一紧固技术有限公司316.常州千沐新能源317.常州千沐新能源有限公司318.常州尚金干燥319.常州市范群干燥设备有限公司320.常州市龙鑫智能装备股份有限公司321.常州江本自控设备有限公司322.常州菲优特净化设备有限公司323.常州锂源324.平顶山市普赛斯石墨有限公司325.广东东阳光科技控股股份有限公司326.广东中杰能化新材料科技有限公司327.广东中科谛听科技有限公司328.广东卡利特智能科技有限公司329.广东嘉拓自动化有限公司330.广东德源新材料有限公司331.广东恒誉机械科技有限公司332.广东杰成新能源材料科技有限公司333.广东沃泰环保有限公司。334.广东派勒智能纳米科技股份有限335.广东盘古信息科技股份有限公司336.广东省中科供应链管理股份有限公司337.广东省锐驰新能源科技有限公司338.广东维杰物料自动化系统有限公司339.广东邦普循环科技有限公司340.广东金域科技有限公司341.广东鹏锦智能装备股份有限公司342.广州井秀机电设备安装工程有限公司343.广州伊莲辉机械有限公司344.广州伊莲辉机械设备有限公司345.广州唯量工控技术有限公司346.广州嘉匠贸易有限公司347.广州天赐348.广州奥斯德科技有限公司349.广州市唯量工控技术有限公司350.广州市文洛龙贸易有限公司351.广州汇富研究院有限公司352.广州集泰化工股份有限公司355.广汽集团因湃电池科技有限公司356.广汽集团汽车工程研究院357.广电计量检测358.广西柳工机械股份有限公司359.广西泳沣科技有限公司360.广西禹鼎新材料科技有限公司361.广西立劲新材料有限公司362.广西胜东新能源科技有限公司363.广西自贸区量孚新能源科技有限公司364.广西锰华新能源365.广西锰华新能源科技发展有限公司366.广西靖西市一洲锰业有限公司367.庆云县经济开发区368.建发(成都)有限公司369.开沃新能源370.弘则研究371.弘正储能（上海）能源科技有限公司372.弘洺新能源科技（山东）有限公司373.张家港清研检测技术有限公司374.当升科技375.徐州高新区376.德国TUV莱茵378.德阳川发龙蟒新材料有限公司379.怀仁县金诚高岭土有限责任公司381.恒力恒新工贸382.恒力恒源383.恒力期货384.恒胜集团385.惠州TCL新材料科技有限公司386.惠州锂威新能源科技有限公司387.惠鹏达388.成立航空股份有限公司389.成都乾瑞矿山工程有限公司390.成都倍力干燥设备有限公司391.成都卜丁科技有限公司392.成都四维科技有限公司393.成都固铁科技有限公司394.成都复旦复达科技有限公司395.成都大学396.成都宏智仓储有限公司397.成都工业学院398.成都巴莫科技有限责任公司399.成都市博涛智能装备制造有限公司400.成都新得利电子有限公司401.成都昆仑白泽化学试剂有限公司402.成都智楷分离科技有限公司403.成都清源尚和环保科技有限公司404.成都潮川化工有限公司405.成都理工大学406.成都索朗化工有限公司407.成都融捷锂业408.成都雨云科技有限公司409.抚顺东科精细化工有限公司410.抚顺市秀霖化工有限公司411.抚顺怡文节能环保设备有限公司412.振华新材413.斯瑞尔环境科技股份有限公司414.新乡市双虎振动设备有限公司415.新乡市弘力电源科技有限公司416.新乡市迈朗机械设备有限公司417.新乡市锐成机械设备有限公司418.新亚杉杉新材料科技衢州有限公司419.新恒凯能源科技股份有限公司420.新疆师范大学421.新疆有色金属研究所有限公司422.新疆能源423.施耐德电气424.无名资本425.无锡灵鸽机械科技股份有限公司426.无锡艾比德泵业有限公司427.无锡高端新能源有限公司428.日照卓盛新材料有限公司429.旭川化学430.昆山美宝环保设备有限公司431.昆明理工大学432.明水环境433.星恒电源股份有限公司434.星辉同程（北京）科技有限责任公司435.有研新能源材料（江西）有限公司436.朝阳博晟冶金科技有限公司437.朝阳金河创业投资有限公司438.杜肯集团439.杭州天跃气体设备制造有限公司440.杭州成功超声设备有限公司441.杭州捷瑞智能装备股份有限公司442.松下电器443.松桃三和锰业集团有限责任公司444.株洲辰悦智能装备有限公司446.格林美股份有限公司447.桂林电子科技大学448.桐乡华创三同科技发展有限公司449.欧普特450.欧美克451.欧赛新能源科技股份有限公司452.武汉中科先进材料技术有限公司453.武汉奥克化学有限公司454.武汉正峰新能源科技有限公司455.武汉理工大学456.武汉赛能科技有限公司457.武汉钠新材料技术有限公司459.比亚迪汽车工业有限公司460.永康市高新技术产业研究院/长三角物理研究中心461.汇清合一462.江苏三金锂电科技有限公司463.江苏久吾高科技股份有限公司464.江苏亮果金属制品有限公司465.江苏先锋智能科技股份有限公司466.江苏博涛467.江苏合志新能源材料技术有限公司468.江苏大学469.江苏天奈科技股份有限公司470.江苏宜锂471.江苏宜锂科技有限责任公司472.江苏尚金干燥科",,,,pending
国轩高科G垣智慧电池全解析,今日锂电,今日锂电,"RIOnews API, 新材料, 碳, 隔膜, 高比能, 锂金属, 硅, 凝胶, 前沿表征, 原位, 固态电池, 固态电解质, 产品发布, 首发, 发布",normal,2026-07-31T06:58:00+08:00,,当电池学会了思考：国轩G垣智慧电池，把安全从被动变成了主动 如果有人告诉你，电池也能思考，还能提前半小时预判自己会不会出问题，你大概会觉得是科幻片看多了。毕竟在我们的认知里，电池就是个装电的盒子——能充、能放、别炸，就够了。但2026年5月，国轩高科扔出了一个新物种：G垣智慧电池。它做了三件以前电池不会做的事：• 9分钟补能500公里，满电续航破1000公里• 3mm钢针穿刺，不起火、不爆炸，带着针还能继续放电• 内置智慧芯片，33项实时监测，提前30分钟预警热失控，精度99.9%这三件事，分别对应了电动车用户的三大焦虑：续航、安全、可靠。更有意思的是，它不是实验室里的概念品，而是桐城10GW,http://mp.weixin.qq.com/s?__biz=MzkyNzc0MDc0MA==&mid=2247518587&idx=2&sn=c465d4a3dba0cdaf60a0d99b9e289a79,,当电池学会了思考：国轩G垣智慧电池，把安全从被动变成了主动 如果有人告诉你，电池也能思考，还能提前半小时预判自己会不会出问题，你大概会觉得是科幻片看多了。毕竟在我们的认知里，电池就是个装电的盒子——能充、能放、别炸，就够了。但2026年5月，国轩高科扔出了一个新物种：G垣智慧电池。它做了三件以前电池不会做的事：• 9分钟补能500公里，满电续航破1000公里• 3mm钢针穿刺，不起火、不爆炸，带着针还能继续放电• 内置智慧芯片，33项实时监测，提前30分钟预警热失控，精度99.9%这三件事，分别对应了电动车用户的三大焦虑：续航、安全、可靠。更有意思的是，它不是实验室里的概念品，而是桐城10GW,"当电池学会了思考：国轩G垣智慧电池，把安全从被动变成了主动 如果有人告诉你，电池也能思考，还能提前半小时预判自己会不会出问题，你大概会觉得是科幻片看多了。毕竟在我们的认知里，电池就是个装电的盒子——能充、能放、别炸，就够了。但2026年5月，国轩高科扔出了一个新物种：G垣智慧电池。它做了三件以前电池不会做的事：• 9分钟补能500公里，满电续航破1000公里• 3mm钢针穿刺，不起火、不爆炸，带着针还能继续放电• 内置智慧芯片，33项实时监测，提前30分钟预警热失控，精度99.9%这三件事，分别对应了电动车用户的三大焦虑：续航、安全、可靠。更有意思的是，它不是实验室里的概念品，而是桐城10GWh产线已经投产、近40家车企在对接、6款车型已经适配的量产货。国轩是怎么做到的？这颗会思考的电池，到底藏了多少黑科技？今天我们拆开来看。01 从液态到固态：一场酝酿了二十年的长跑说起固态电池，大家可能都听过，但真正见过的人不多。这事儿说起来有点像人类登月——方向很明确，但路特别难走。全固态电池能量密度高、安全性好，但固态电解质离子电导率低、界面接触差、制造成本高，每一个都是硬骨头。所以行业的共识是：先从半固态（混合固液）过渡，再逐步走向全固态。国轩走的就是这条路。G垣智慧电池，就是他们交出的半固态答卷。什么是混合固液电池？简单说，就是把传统电池里的液态电解液，大部分换成固态电解质，只保留一点点液体来润滑离子通道。传统液态电池里，电解液含量大概在30%左右——就像一个装满水的游泳池，锂离子在里面自由游泳。但水多了也麻烦：一撞就漏、一热就烧、一扎就炸。G垣智慧电池把电解液含量降到了10%以下，同时引入了闭孔固态电解质层。电解液少了，固态电解质多了，安全性自然就上去了。但光安全还不够。固态电解质有个老毛病：离子跑得慢。国轩的解法是分子设计+结构改性，把新材料的电导率提升到了5mS/cm——这个数字，已经接近传统液态电解液的水平了。翻译成人话就是：锂离子在固态电解质里跑的速度，跟在液体里差不多快。这就为300Wh/kg的能量密度和9分钟快充打下了基础。 02 材料的魔法：300Wh/kg是怎么堆出来的300Wh/kg，这是G垣智慧电池的电芯能量密度。这个数字是什么概念？• 普通磷酸铁锂电池：160-180Wh/kg• 主流三元锂电池：250-280Wh/kg• G垣智慧电池：300Wh/kg系统能量密度也达到了235Wh/kg，比同体积的液态电池提升了36%以上。装上它，B级轿车CLTC续航直接破1000公里——从北京开到上海，中途不用补电。这么高的能量密度，是怎么做到的？答案是：正负极材料全面升级，再加上固态电解质的加持。正极：高镍三元的进阶之路G垣智慧电池用的是三元体系，而且是高镍三元。镍含量越高，能装的锂离子就越多，能量密度自然就上去了。但高镍也有高镍的麻烦：热稳定性差、容易析氧、循环寿命短。国轩的解法叫做高安全御盾技术——听名字就很厉害，拆开看其实是三重防护：• 氧束缚：在材料晶格层面把氧原子锁住，不让它随便跑出来• 氧捕获：万一有氧气跑出来，周围的捕获剂立刻把它抓回去• 氧反弹：就算氧气真的到了表面，还有一层反弹机制把它挡回去这三重防护加在一起，高镍三元的热稳定性大幅提升，为高能量密度兜住了安全底线。负极：硅基材料的二十年难题如果说正极的升级是锦上添花，那负极的硅碳化就是攻坚克难。硅的储锂容量是石墨的十倍以上，这是行业公认的事实。但硅有个致命问题：充电时体积会膨胀300%以上。想象一下，一个仓库每次进货都会膨胀三倍，用不了几次墙体就裂了。这就是为什么硅碳负极喊了十几年，真正大规模量产的企业寥寥无几。国轩的解法叫做硅基限域自修复技术。什么意思呢？首先是限域——通过原子级晶格调控，把硅的膨胀率从300%硬生生压缩到了25%以内。就像给硅颗粒穿上了一件紧身衣，想膨胀也膨胀不起来。然后是自修复——在硅表面做了一套SEI膜原位修复技术。SEI膜就是负极表面的保护膜，充放电过程中容易破损，国轩的技术能让它自动修复，不会越用越厚。这两项技术加在一起，硅基负极的循环寿命提升到了2000次以上，彻底解决了硅基材料商业化的核心难题。电解质：从液体到半固体的跃迁最关键的变化，还是在电解质。传统液态电池里，电解液就是锂离子的游泳池——离子在里面自由游动，但也带来了漏液、燃烧、爆炸等安全隐患。G垣智慧电池用的是凝胶+固态电解质复合体系：• 凝胶电解质：像果冻一样，既有液体的离子传导性，又有固体的形态稳定性• 闭孔固态电解质层：一层纳米级的固态薄膜，平时让离子通过，遇到穿刺或高温时会自动闭孔，阻断电流两者协同，实现了无液可流、明火不燃——就算你把电芯拆开，也看不到流动的电解液；就算你用火烧，也烧不起来。更厉害的是自适应固固界面技术。固态电池最大的痛点之一，就是固态电解质和电极之间的界面接触不好，离子过不去。国轩的自适应技术，能让界面在充放电过程中自动调整、保持紧密接触，就像给界面装了个智能弹簧。这就是300Wh/kg的秘密：高镍三元+硅碳负极+固态电解质，三件套一起上，能量密度自然就上去了。03 闪充的秘密：9分钟500公里，到底有多快9分钟补能500公里。这个数字刚出来时，很多人第一反应是：是不是又在玩数字游戏？毕竟以前的快充，动不动就是30分钟充到80%，听起来很快，实际跑不了多远。但G垣智慧电池这个9分钟500公里，是实打实的续航里程。换算一下，平均充电倍率大概在4C左右——也就是用4倍电池容量的电流充电。怎么做到的？答案是：全域离子导网络。什么意思呢？就是在正极、隔膜、负极之间，构建了一套三维的锂离子传输通道。传统电池里，锂离子只能沿着固定方向跑，就像只有一条主干道的城市，一到高峰就堵车。而全域离子导网络，就像给城市修了立体交通网——地上有高架、地下有地铁、还有快速路，锂离子可以从四面八方快速到达目的地，自然就快了。配合高熵掺杂技术，锂离子扩散系数大幅提升——简单说就是锂离子在正极材料里跑得更快了。再加上硅碳负极的大容量和快速嵌锂能力，以及固态电解质的高电导率，几重buff叠满，才有了9分钟500公里的底气。而且这颗电池额定电压651.36V，适配行业主流的800V高压平台——也就是说，只要你的车是800V平台，配上兆瓦级快充桩，就能达到这个速度。更狠的是寿命。快充最伤电池，这是常识。大电流充电，锂离子容易在负极表面堆积成锂枝晶，刺穿隔膜，导致短路。但G垣智慧电池的循环寿命不仅没降，反而翻倍了——支撑整车行驶超100万公里。为什么？因为硅基限域自修复技术+自适应固固界面技术，让电池在快充过程中也能保持界面稳定，不会越充越伤。说人话就是：充得快，还耐用。 04 三重安全：从被动防护到主动预判如果说能量密度和快充是面子，那安全就是里子。G垣智慧电池最让我意外的，不是300Wh/kg的能量密度，也不是9分钟500公里的快充，而是它把电池安全从被动防护升级到了主动预判。什么意思呢？传统电池的安全逻辑是：出事了能扛住就行。就像给房子装防盗门、灭火器——小偷来了能挡住，着火了能扑灭。而G垣智慧电池的逻辑是：在出事之前就发现苗头，提前预警。这就是国轩说的三重安全防护：本征安全、智慧安全、被动安全。第一层：本征安全——从根上就不容易出事本征安全，就是材料本身就安全。G垣智慧电池用的是凝胶+固态电解质复合体系，电解液含量不到10%——液体少了，燃烧和爆炸的风险自然就低了。官方的说法是无液可流、明火不燃。什么概念？就是你把电芯拆开，里面没有流动的液体；你用明火去烧，也烧不起来。还有更狠的：单体电芯通过底部撞击极端安全测试，不起火、不爆炸。底部撞击是什么概念？就是开车托底了，电池底部被硬物狠狠撞了一下——这种情况在传统电池上很容易导致热失控。G垣智慧电池扛住了。第二层：智慧安全——电池也有大脑这一层是最有意思的。G垣智慧电池在电芯里集成了一颗EIS芯片——可以理解为电池的大脑。传统BMS（电池管理系统）主要监测什么？电压、温度。撑死了再加个电流。一共也就几个指标。而这颗EIS芯片，能监测33项参数——力学、光学、电磁、热学，各种信号都能采集。相当于给电池装了一套全身健康监测系统，24小时实时体检。更厉害的是，它能提前30分钟预警热失控，精度达到99.9%。这是什么概念？传统电池热失控，从发现异常到起火爆炸，可能只有几分钟甚至几秒钟，根本来不及反应。而G垣智慧电池能提前半小时告诉你：我感觉不太对，可能要出问题，你赶紧靠边停车检查。半小时，足够你安全驶离高速、找到安全地点、联系救援。这就是从被动防护到主动预判的本质区别——不是出事了能扛住，而是根本不让事出。第三层：被动安全——最后一道防线就算前面两层都失效了，还有最后一道防线：被动安全。G垣智慧电池的Pack外壳用了三种材料：• 航空纳米隔热材料：耐热温度可达1800℃——什么概念？普通钢材的熔点也就1500℃左右• 金云母全覆盖：一层天然的隔热防火材料• 防弹涂层：听名字就知道有多硬这三层加在一起，就像给电池包穿了一件纳米级防弹衣。还有3mm钢针穿刺测试——这是行业公认的最严苛的安全测试之一。钢针扎进去，传统三元锂电池大概率会起火爆炸。而G垣智慧电池呢？不起火、不爆炸。甚至带着针还能继续安全放电，放电容量达到之前的96.8%。这就好比一个人，胸口插了把刀，还能正常走路干活。除了针刺，它还通过了挤压、跌落、海水浸泡、加热等9项国标强制安全测试，以及上千项车企定制的性能验证。三层防护，层层递进。从材料本身的本征安全，到芯片级的智慧安全，再到结构级的被动安全——G垣智慧电池把电池安全的标准，往上提了一大截。05 六大技术矩阵：一块电池的全身升级聊了这么多，你可能已经晕了：一会儿闭孔固态电解质，一会儿硅基限域自修复，一会儿AI赋能梯度势垒——到底有多少黑科技？国轩自己总结了六大核心技术，我给你翻译成大白话：1. 闭孔固态电解质技术：电池里的智能阀门，平时让离子通过，遇到穿刺或高温自动关闭，阻断电流。2. 自适应固固界面技术：界面的智能弹簧，充放电过程中自动调整，保持紧密接触，离子跑得顺。3. 高安全御盾技术：正极的三重防盗门，氧束缚+氧捕获+氧反弹，把高镍三元的氧气牢牢锁住。4. 全域离子导网络：电池里的立体交通网，三维传输通道，锂离子从四面八方快速到达，充电更快。5. 硅基限域自修复：负极的紧身衣+自愈系统，把硅膨胀从300%压到25%，SEI膜破了自动修复。6. AI赋能梯度势垒：全电池的智能调度系统，用AI算法优化界面，减少副反应，延长寿命。这六项技术，不是孤立的，而是互相配合、形成合力。就像一支足球队——前锋负责进攻（高能量密度），中场负责组织（快充能力），后卫负责防守（安全防护），门将负责兜底（被动安全）。六项技术协同作战，才有了G垣智慧电池的全面提升。 06 落地与未来：哪些车能用上，行业意味着什么说了这么多技术，你可能最关心的是：我什么时候能买到？答案是：很快。产能：桐城10GWh产线已投产G垣智慧电池不是PPT产品，而是已经量产的货。国轩在安徽桐城建了10GWh的专属产线（规划12GWh），已经投产了。10GWh是什么概念？大概能装10万辆左右的高端纯电车型。而且这条产线不是从零开始建的，是在现有产线基础上改造升级的——这意味着成本可控、产能爬坡快。按照国轩高科首席科学家朱星宝的说法，这条10GWh产线已经建成投产，预计2026年底实现量产出货。从实验室到产线，从产线到商品——G垣智慧电池走的是一条稳扎稳打的路线。客户：近40家车企对接，6款车型已适配客户方面，国轩已经跟近40家车企建立了合作关系。其中6款B级纯电车型已经完成适配，另外3个平台共6款车型处于联合开发阶段。虽然官方没有点名具体车型，但从国轩的客户矩阵来看——大众、奇瑞、吉利、零跑、长安、华为鸿蒙智行……这些品牌的高端车型，大概率都会用上。首批搭载的，主要是B级以上的高端纯电车型，还有eVTOL（电动垂直起降飞行器）和高性能机器人——毕竟300Wh/kg的能量密度，对这些场景太有吸引力了。验证：10万公里千里江山途测试为了验证可靠性，国轩还做了一个千里江山途测试——10万公里实车路测，横跨城市、沙漠、雪原等各种路况，经历极寒极热，全部通过。还有烈火灼烧、热蔓延阻断等多项严苛测试，也都扛住了。成本：上浮约10%-15%大家最关心的成本问题，答案是：比传统液态三元电池贵约10%-15%。听起来不便宜，但考虑到能量密度提升了36%、安全性能大幅升级、寿命翻倍——这个溢价其实是合理的。而且随着产能爬坡和技术成熟，成本肯定会逐步下降。行业意义：半固态时代的序幕站在行业角度看，G垣智慧电池的意义可能比想象中更大。它标志着动力电池正式从液态时代进入半固态时代。过去，电池行业的路线之争主要是磷酸铁锂vs三元锂。现在，新的变量来了——固态化。半固态不是终点，而是通向全固态的必经之路。国轩的路线图很清晰：先把混合固液电池量产落地，积累经验、降低成本，然后逐步推进全固态电池（金石全固态电池已经突破400Wh/kg，进入预量产阶段）。这是一场长跑，G垣智慧电池只是第一棒。但这一棒，跑得很稳。07 背后的人：二十年磨一剑的电池追梦人每一款改变行业的产品背后，都站着一群默默耕耘的人。G垣智慧电池的背后，是国轩高科首席科学家朱星宝和他的团队。朱星宝，教授、博导，深耕新能源电池领域二十年。入选科技部、工信部、教育部三大部委专家库，主持参与过64项国家级、省部级科研项目，发表过280多篇高水平论文，拿过230多项发明专利。这些头衔听起来很厉害，但更厉害的是他做的事。2024年，他带领团队攻克高比能锂金属电池技术，能量密度突破450Wh/kg，室温循环410次后容量保持率仍达90%。2025年，全球首发G垣准固态电池，复合固态电解质性能达到世界领先水平。2026年，又推出G垣智慧电池，把三重安全体系、9分钟快充、1000公里续航这些以前想都不敢想的指标，变成了量产线上的现实。更难得的是，他不只是做科研的学者，还是能把实验室技术推上量产线的实干家。牵头搭建4000㎡的固态电池实验室，主导建设10GWh半固态电池量产产线——从材料合成、电芯试制到安全验证，再到规模化交付，全链条打通。从科研到产品，从产品到商品，这条路，他走了二十年。固态电池这条赛道上，从来不缺喊口号的人，缺的是真正沉下心来、一步一个脚印往前跑的人。朱星宝和他的团队，就是后者。写在最后回望动力电池这十几年，进化的逻辑很有意思。第一代电池解决的是有没有的问题——能不能装在车上跑起来。第二代电池解决的是够不够的问题——续航够不够长、充电够不够快。而现在，第三代电池要解决的是聪不聪明的问题——能不能自己监测状态、能不能提前发现问题、能不能主动保障安全。G垣智慧电池，就是第三代的代表。它不只是能量密度更高了，不只是充电更快了，也不只是更安全了。它真正的突破在于：电池从一个被动的储能容器，变成了一个主动的智能系统。它会思考，会感知，会预判。这才是真正的质变。当然，半固态只是过渡，全固态才是终点。400Wh/kg、500Wh/kg的电池，迟早会来。但每一次技术的一小步，都是无数工程师在实验室里熬了无数个夜晚换来的。从液态到半固态，从被动到主动，从储能到智能——电池的进化，还在继续。而我们这些用户，只需要享受结果就好。注：本文数据基于公开报道整理，具体参数以国轩高科官方发布为准最新会议推荐重磅会议两会并行分会场60+大咖报告嘉宾800+参会人员聚焦固态电解质/硅碳/磷酸铁锂/锰系材料 第二届固态电池新技术应用与材料制备验证技术会议 同期举办：第四届锰系与磷酸铁锂技术应用研讨会 赞助展台预订中...演讲报告开放预约中...限时免费参会！A.全免费：（转发会议信息至朋友圈集28个赞，0费用，不含餐）B.参会费600元：（转发会议信息至朋友圈集18个赞，含餐费、交流晚餐费用）C.福利参会：（转发会议信息至朋友圈集68个赞，含餐费、交流晚餐费用,限十名）当电池学会了思考：国轩G垣智慧电池，把安全从被动变成了主动 如果有人告诉你，电池也能思考，还能提前半小时预判自",,,,pending
清华大学深圳国际研究生院周栋/杨旭，Angew：双热稳定策略实现硫化物基全固态锂金属电池的高安全与长寿命,今日锂电,今日锂电,"RIOnews API, 新材料, 碳, 高比能, 锂金属, 硅, 前沿表征, 原位, 工况, 固态电池, 固态电解质, 学术研究, 大学, 期刊",normal,2026-07-31T06:58:00+08:00,,研究背景 极端高温、大电流快充等苛刻工况，对兼具高安全性与高能量密度的硫化物基全固态锂金属电池（ASSLMBs）提出了迫切需求。以Li₆PS₅Cl（LPSC）为代表的硫化物电解质虽拥有媲美液态电解质的室温离子电导率，但其本征热导率极低（~1 W m-1 K-1），加之与高镍正极和锂金属负极间的热-电化学耦合失效，严重制约了实际应用。充电态正极释放的活性氧会点燃LPSC（~160 °C），而锂枝晶穿透电解质则引发局部热积聚，二者相互加剧，极易触发热失控。传统表面涂层（如LiNbO₃）和界面工程虽能部分缓解界面反应，却无法高效清除释放的氧气，亦难以同时改善电解质的整体热扩散能力，矛盾长期悬而未决。,http://mp.weixin.qq.com/s?__biz=MzkyNzc0MDc0MA==&mid=2247518587&idx=4&sn=a4b81cfade9260900f9ebf409fb0319f,,研究背景 极端高温、大电流快充等苛刻工况，对兼具高安全性与高能量密度的硫化物基全固态锂金属电池（ASSLMBs）提出了迫切需求。以Li₆PS₅Cl（LPSC）为代表的硫化物电解质虽拥有媲美液态电解质的室温离子电导率，但其本征热导率极低（~1 W m-1 K-1），加之与高镍正极和锂金属负极间的热-电化学耦合失效，严重制约了实际应用。充电态正极释放的活性氧会点燃LPSC（~160 °C），而锂枝晶穿透电解质则引发局部热积聚，二者相互加剧，极易触发热失控。传统表面涂层（如LiNbO₃）和界面工程虽能部分缓解界面反应，却无法高效清除释放的氧气，亦难以同时改善电解质的整体热扩散能力，矛盾长期悬而未决。,"研究背景 极端高温、大电流快充等苛刻工况，对兼具高安全性与高能量密度的硫化物基全固态锂金属电池（ASSLMBs）提出了迫切需求。以Li₆PS₅Cl（LPSC）为代表的硫化物电解质虽拥有媲美液态电解质的室温离子电导率，但其本征热导率极低（~1 W m-1 K-1），加之与高镍正极和锂金属负极间的热-电化学耦合失效，严重制约了实际应用。充电态正极释放的活性氧会点燃LPSC（~160 °C），而锂枝晶穿透电解质则引发局部热积聚，二者相互加剧，极易触发热失控。传统表面涂层（如LiNbO₃）和界面工程虽能部分缓解界面反应，却无法高效清除释放的氧气，亦难以同时改善电解质的整体热扩散能力，矛盾长期悬而未决。 针对上述矛盾，清华大学深圳国际研究生院周栋、杨旭团队从电解质热管理与界面化学调控入手，提出一种“双热稳定”协同策略。一方面，在LPSC电解质中引入高导热氟化石墨烯（FG）中间层，利用其各向异性热扩散特性强化面内热耗散，同时凭借其诱导生成的富LiF高强界面相，将锂枝晶生长偏转至横向路径，实现热扩散与枝晶抑制的协同；另一方面，在复合正极中添加富氧空位氧化铜（CuO₁₋ₓ）添加剂，利用其强氧吸附能力高效捕获充电态正极释放的活性氧，抑制硫化物电解质的氧化分解。这种“导热增强+氧清除”的协同机制，同步提升了电池的循环稳定性与热安全性能。内容简介 本研究提出了一种基于“导热增强+氧清除”协同机制的双热稳定策略，用于提升硫化物基全固态锂金属电池（ASSLMBs）的循环寿命与热安全性能。通过在Li₆PS₅Cl（LPSC）电解质中引入高导热氟化石墨烯（FG）中间层，利用其优异的面内热扩散能力强化热量耗散，同时该中间层与锂金属接触后原位生成富LiF高强界面相，将锂枝晶生长路径由纵向穿透偏转为沿层横向延伸，有效抑制内部短路；另一方面，在复合正极中添加富氧空位氧化铜（CuO₁₋ₓ）添加剂，凭借其强氧化学吸附能力高效捕获充电态高镍正极释放的活性氧，抑制硫化物电解质的氧化分解与SOₓ/POₓ等有害副产物的生成。基于该协同机制，FG-CuO₁₋ₓ改性的Li-In||Ni90全电池在1 C下循环2000次后容量保持率达96%，且即使在90 °C高温下仍可输出182.8 mAh g⁻¹的比容量；加速量热仪（ARC）测试表明，改性软包电池的自产热起始温度（T₁）和热失控触发温度（T₂）分别提升至171.2 °C和196.0 °C，相比未改性电池显著提高。此外，该双热稳定策略在LPSC/LZCO（Li₁.₇₅ZrCl₄.₇₅O₀.₅）双层电解质体系中也展现出良好的普适性。该工作系统揭示了热传导调控与界面氧化学捕获的协同作用机制，为高安全、长寿命全固态电池的热管理设计提供了新范式。相关成果以“Dual Thermal Stabilization Toward Highly Safe and Durable All-Solid-State Lithium Metal Batteries Based on Sulfide Electrolytes”为题发表于国际期刊《Angewandte Chemie International Edition》上。核心内容图1：Li₆PS₅Cl基全固态锂金属电池双热稳定策略设计思路与材料筛选依据。(a) 示意图对比了原始LPSC基全固态电池在滥用工况下的热-电化学耦合失效路径与FG夹层+CuO₁₋ₓ双改性后的安全调控机制。(b) 对比各类无机固态电解质（LLZO、LLZTO、LAGP、LATP、LGPS）及典型二维材料（rGO、GO、FG）的热扩散系数与电子电导率，直观体现氟化石墨烯FG兼具超高面内热扩散系数与极低电子电导率的独有优势。(c) DFT理论计算各正极组分的氧吸附能，表明CuO₁₋ₓ对氧气的吸附能远负于LPSC、常规导电剂VGCF及已报道氧清除添加剂Ti₂O₃。图2：FG中间层增强LPSC电解质热扩散行为的多尺度表征。(a) 面内热传输测量装置示意图：将干法成膜的LPSC和LPSC-FG样品密封于铝塑膜中，一端施加热源，沿面内方向等间距布置5个热电偶以监测温度演变，模拟全固态软包电池的实际热工况。(b) 稳态温度分布对比：在相同加热条件下，LPSC-FG在各监测位置均表现出比纯LPSC更高的温度，表明热量沿FG中间层实现了更高效的面内传导。(c) 激光闪射法（LFA）测得的面内与轴向热扩散系数对比：LPSC-FG的面内热扩散率约为纯LPSC的5倍，而轴向热扩散系数基本不变，证实FG中间层赋予电解质显著的各向异性热传输特性。(d–i) COMSOL多物理场仿真模拟纯LPSC电解质在轴向绝热条件下的热行为：模型示意图显示热量难以在面内有效耗散，导致内部热通量不足，中心热点温度高达31.3 °C，热量积聚严重。 LPSC-FG的COMSOL仿真结果：FG中间层的引入建立了高效的面内热传输通道，中间夹层处最大热通量达259.5 W m-2，中心热点温度显著降低至26.7 °C，热积聚得到有效缓解。图3：FG中间层调控锂枝晶生长行为的机制研究。(a) 临界电流密度（CCD）对比：LPSC-FG在相同极化行为下展现出的CCD值，远高于纯LPSC。(b, c) 背散射扫描电镜（BSEM）图像对比：纯LPSC中锂枝晶沿内部孔隙和微裂纹呈不规则纵向生长，最终导致电解质贯穿和短路；而LPSC-FG中锂枝晶沿FG中间层界面发生明显的横向偏转生长，方向垂直于离子传输路径。(d) 飞行时间二次离子质谱（TOF-SIMS）：循环后的FG中间层表面检测到强的LiF⁻信号及弱的Li₂P⁻和LiS⁻信号，三维空间分布图（插图）显示LiF呈表面富集分布。(e, f) 杨氏模量变化对比：纯LPSC与锂金属接触后，界面模量从3.97 GPa降至2.29 GPa，表现为界面力学软化；而FG中间层与锂接触后，模量从4.59 GPa提升至7.69 GPa。(g) AIMD模拟键合统计：在300 K和500 K下，Li|LPSC界面发生显著的P-S键断裂并伴随Li-P和Li-S键生成，；而引入FG后，P-S键断裂被明显抑制，同时大量Li-F键生成。(h, i) AIMD模拟结构快照：Li|LPSC界面表现出严重的结构无序化；而Li|FG|LPSC界面结构有序度保持良好。图4：复合正极中CuO₁₋ₓ的氧清除机制与热失控抑制效果。(a) 对过充电态复合正极（含不同添加剂）分别进行机械穿刺与热台加热两种滥用测试。(b) VGCF添加剂正极在金属探针穿刺瞬间发生剧烈燃烧；而引入CuO₁₋ₓ后，正极在同样穿刺条件下保持稳定。(c) VGCF正极在231.1 °C即发生点燃；CuO₁₋ₓ正极的点燃温度提升至248.7 °C以上。(d) 依据200 °C将气体信号分为两个温度区间，CuO₁₋ₓ正极在三个特征气体通道中均表现出最低的信号强度。(e) 界面电容分析：基于颗粒间接触模型从EIS低频区提取的界面电容值显示，CuO₁₋ₓ正极（2.1 mF）高于空白组（1.3 mF）和VGCF组（1.6 mF）。(f) 燃烧后XPS产物统计：CuO₁₋ₓ正极燃烧后，S 2p中SOₓ比例从68.8%降至57.6%，P 2p中POₓ比例从83.4%降至66.4%，同时保留了更多的P₂Sₓ热稳定界面相和Ni90相关金属氧化物（MOₓ，39.7% vs. VGCF的14.4%）。(g, h) SEM及对应EDS面分布对比：燃烧前两种正极均呈现Ni90颗粒与LPSC颗粒的相对清晰相分离；燃烧后，VGCF正极中O和S元素分布严重重叠，表明Ni90-LPSC界面发生强烈的S-O交换反应；而CuO₁₋ₓ正极燃烧后O和S富集区域仍保持明显分离。图5：Li-In||Ni90全电池的电化学性能与热安全评估。(a) 长循环性能对比：未改性电池在220圈后容量骤降至40%，FG单改性电池在2000圈后保持81.5%容量，而FG-CuO₁₋ₓ双改性电池在2000圈后仍保持95.5%容量。(b) 不同循环圈数下的充放电电压曲线：双改性电池在循环过程中极化增长最为缓慢，界面稳定性优异。(c) 倍率性能对比：FG-CuO₁₋ₓ双改性电池在各倍率下放电容量均为最高，即使在3C大电流下仍可输出73.3 mAh g⁻¹。(d) 变温循环容量对比：未改性电池在70 °C以上容量急剧衰减，而FG-CuO₁₋ₓ改性电池在90 °C高温下仍保持182.8 mAh g-1的可逆容量，高温稳定性显著增强。(e) ARC热失控曲线：FG-CuO₁₋ₓ改性软包电池的自产热起始温度（T₁=171.2 °C）和热失控触发温度（T₂=196.0 °C）均明显高于未改性电池（T₁=161.3 °C，T₂=174.6 °C），热安全性显著提升。(f) 与文献报道的ASSLMBs循环性能对比：本工作双改性电池的综合循环稳定性优于目前已报道的硫化物基全固态锂金属电池体系。图6：双热稳定策略在LPSC/LZCO双层电解质体系中的拓展应用。(a) 示意图展示了FG中间层引入LZCO侧、CuO₁₋ₓ添加至复合正极的改性结构设计。(b) LFA热扩散系数对比：LZCO-FG的面内热扩散率约为纯LZCO的3.5倍，而轴向热扩散系数基本不变。(c) DSC-MS气体信号对比：引入CuO₁₋ₓ后，Ni90正极在200 °C附近的O₂释放峰和高温区CO₂生成峰均显著减弱，表明CuO₁₋ₓ的氧清除机制在LZCO基复合正极中依然有效。(d) 循环性能对比：FG-CuO₁₋ₓ改性的LPSC/LZCO双层电解质全电池在1 C下展现出更高的放电容量和更优的循环稳定性，证实该双热稳定策略在硫化物/氯化氧化物复合电解质体系中具有良好的普适性。(e)为三类电池六项核心性能雷达对比图。结 论本研究通过在LPSC电解质中引入高导热FG中间层，并在复合正极中添加富氧空位CuO₁₋ₓ添加剂，成功构建了“导热增强+氧清除”协同的双热稳定体系。FG中间层凭借其优异的面内热扩散能力和极低电子电导率，显著强化了电解质内部热耗散，并在与锂金属接触后原位生成富LiF高强界面相（杨氏模量提升至7.69 GPa），将锂枝晶纵向穿透路径偏转为沿夹层横向生长；同时，CuO₁₋ₓ凭借其强氧化学吸附能力（−1.69 eV）高效捕获高镍正极释放的活性氧，抑制硫化物电解质氧化分解及SOₓ/POₓ等有害副产物的生成。该协同机制同步解决了硫化物全固态电池长期面临的热扩散不足与氧诱发界面劣化两大关键瓶颈，使改性全电池在1 C下循环2000次后容量保持率达96%，90 °C高温下仍输出182.8 mAh g-1容量，热失控触发温度提升至196 °C，并验证了其在双层电解质体系中的普适性，为高安全、长寿命全固态电池的热管理设计提供了新的协同调控范式。参考文献Dual Thermal Stabilization Toward Highly Safe and Durable All-Solid-State Lithium Metal Batteries Based on Sulfide Electrolytes.https://doi.org/10.1002/anie.1775824来源：高低温特种电池最新会议推荐重磅会议两会并行分会场60+大咖报告嘉宾800+参会人员聚焦固态电解质/硅碳/磷酸铁锂/锰系材料 第二届固态电池新技术应用与材料制备验证技术会议 同期举办：第四届锰系与磷酸铁锂技术应用研讨会 赞助展台预订中...演讲报告开放预约中...限时免费参会！A.全免费：（转发会议信息至朋友圈集28个赞，0费用，不含餐）B.参会费600元：（转发会议信息至朋友圈集18个赞，含餐费、交流晚餐费用）C.福利参会：（转发会议信息至朋友圈集68个赞，含餐费、交流晚餐费用,限十名）研究背景 极端高温、大电流快充等苛刻工况，对兼具高安全性与高能量密度的硫化物基全固态锂金属电池（ASS",,,,pending
欢迎加入固态/锰系铁锂群技术群,今日锂电,今日锂电,"RIOnews API, 新材料, 碳, 高比能, 硅, 固态电池, 固态电解质",normal,2026-07-31T06:58:00+08:00,,"重磅会议两会并行分会场60+大咖报告嘉宾800+参会人员聚焦固态电解质/硅碳/磷酸铁锂/锰系材料 第二届固态电池新技术应用与材料制备验证技术会议 同期举办：第四届锰系与磷酸铁锂技术应用研讨会 赞助展台预订中...演讲报告开放预约中...***********限时免费参会！A.全免费：（转发会议信息至朋友圈集28个赞，0费用，不含餐）B.参会费600元：（转发会议信息至朋友圈集18个赞，含餐费、交流晚餐费用）C.福利参会：（转发会议信息至朋友圈集68个赞，含餐费、交流晚餐费用,限十名）扫码加入技术群：请注明固态/锰系铁锂群进群备注：公司名称/姓名/职务主动发名片一张请识别二维码或添加******",http://mp.weixin.qq.com/s?__biz=MzkyNzc0MDc0MA==&mid=2247518587&idx=6&sn=681b8b7f95fb2c046b1c61f4d723f919,,"重磅会议两会并行分会场60+大咖报告嘉宾800+参会人员聚焦固态电解质/硅碳/磷酸铁锂/锰系材料 第二届固态电池新技术应用与材料制备验证技术会议 同期举办：第四届锰系与磷酸铁锂技术应用研讨会 赞助展台预订中...演讲报告开放预约中...***********限时免费参会！A.全免费：（转发会议信息至朋友圈集28个赞，0费用，不含餐）B.参会费600元：（转发会议信息至朋友圈集18个赞，含餐费、交流晚餐费用）C.福利参会：（转发会议信息至朋友圈集68个赞，含餐费、交流晚餐费用,限十名）扫码加入技术群：请注明固态/锰系铁锂群进群备注：公司名称/姓名/职务主动发名片一张请识别二维码或添加******","重磅会议两会并行分会场60+大咖报告嘉宾800+参会人员聚焦固态电解质/硅碳/磷酸铁锂/锰系材料 第二届固态电池新技术应用与材料制备验证技术会议 同期举办：第四届锰系与磷酸铁锂技术应用研讨会 赞助展台预订中...演讲报告开放预约中...***********限时免费参会！A.全免费：（转发会议信息至朋友圈集28个赞，0费用，不含餐）B.参会费600元：（转发会议信息至朋友圈集18个赞，含餐费、交流晚餐费用）C.福利参会：（转发会议信息至朋友圈集68个赞，含餐费、交流晚餐费用,限十名）扫码加入技术群：请注明固态/锰系铁锂群进群备注：公司名称/姓名/职务主动发名片一张请识别二维码或添加***********欢迎同仁进群交流！",,,,pending
宜锂科技完成A轮融资，加速固态电池正极材料产业化进程,今日锂电,今日锂电,"RIOnews API, 新材料, 碳, 高比能, 富锂锰, 硅, 固态电池, 固态电解质, 固液混合, 合作进展, 融资, 投资, 合作, 量产推进, 产能, 扩产",normal,2026-07-31T06:58:00+08:00,,近日，江苏宜锂科技有限责任公司（以下简称“宜锂科技”）顺利完成数亿元A轮融资。本轮融资由创维创投、中科创星、北京固电、中新创投、环科园产发、天华新能、远航精密多家头部基金及产业方共同投资。宜锂科技所在天华新能（宜兴）新材料产业园作为天华新能（300390）的控股子公司，宜锂科技于2022年注册成立于宜兴市环科园，依托中科院物理所等顶尖科研力量，公司组建主要由硕博构成的核心科研团队，专注于固态电池正极材料的研发与产业化落地。凭借深厚的技术底蕴与完善的产业布局，公司于2025年顺利获评国家级高新技术企业，已成长为国内固态电池正极材料领域的核心力量。核心技术引领，产品矩阵全面覆盖不同于传统液态锂电池,http://mp.weixin.qq.com/s?__biz=MzkyNzc0MDc0MA==&mid=2247518587&idx=3&sn=18d7e30b7742618eab3eb68861376cef,,近日，江苏宜锂科技有限责任公司（以下简称“宜锂科技”）顺利完成数亿元A轮融资。本轮融资由创维创投、中科创星、北京固电、中新创投、环科园产发、天华新能、远航精密多家头部基金及产业方共同投资。宜锂科技所在天华新能（宜兴）新材料产业园作为天华新能（300390）的控股子公司，宜锂科技于2022年注册成立于宜兴市环科园，依托中科院物理所等顶尖科研力量，公司组建主要由硕博构成的核心科研团队，专注于固态电池正极材料的研发与产业化落地。凭借深厚的技术底蕴与完善的产业布局，公司于2025年顺利获评国家级高新技术企业，已成长为国内固态电池正极材料领域的核心力量。核心技术引领，产品矩阵全面覆盖不同于传统液态锂电池,"近日，江苏宜锂科技有限责任公司（以下简称“宜锂科技”）顺利完成数亿元A轮融资。本轮融资由创维创投、中科创星、北京固电、中新创投、环科园产发、天华新能、远航精密多家头部基金及产业方共同投资。宜锂科技所在天华新能（宜兴）新材料产业园作为天华新能（300390）的控股子公司，宜锂科技于2022年注册成立于宜兴市环科园，依托中科院物理所等顶尖科研力量，公司组建主要由硕博构成的核心科研团队，专注于固态电池正极材料的研发与产业化落地。凭借深厚的技术底蕴与完善的产业布局，公司于2025年顺利获评国家级高新技术企业，已成长为国内固态电池正极材料领域的核心力量。核心技术引领，产品矩阵全面覆盖不同于传统液态锂电池，固态电池对正极材料的界面稳定性、离子电导率及体积膨胀控制提出了全新要求。宜锂科技在材料研发层面掌握了体相掺杂、纳米包覆改性等核心技术，产品布局全面覆盖超高镍三元、富锂锰基、尖晶石镍锰酸锂、高电压钴酸锂等品类。这些产品可完美适配液态、固液混合态、全固态等不同类型电芯体系，精准满足动力电池及新能源储能产业链客户的严苛需求。产能加速落地，筑牢规模化量产基础在产能建设方面，宜锂科技正稳步推进产业化进程。目前，公司一条千吨规模的生产线已经进入稳定运行阶段，为后续的大规模量产提供了坚实的工艺验证与技术支撑。宜锂科技中试线同时，公司在天华新能（宜兴）新材料产业园内规划了数亿元的扩产项目，致力于打造万吨级固态电池用正极材料的全流程自动化、智能化生产线。该项目计划于2026年底完成投产，满产后预计年产值将突破10亿元。深化产业协同，共筑固态电池新生态本次A轮融资的圆满成功，标志着宜锂科技在产业协同与资源整合方面迈出了重要一步。公司将不断深化与业内领军企业的合作，专注于固态电池正极材料的联合研发，共同推动固态电池核心技术的工程应用与规模化生产。未来，宜锂科技将继续深耕固态电池正极材料领域，加大研发投入，持续推动技术创新与产能升级，为新能源产业的高质量发展贡献力量。来源：天华新能最新会议推荐重磅会议两会并行分会场60+大咖报告嘉宾800+参会人员聚焦固态电解质/硅碳/磷酸铁锂/锰系材料 第二届固态电池新技术应用与材料制备验证技术会议 同期举办：第四届锰系与磷酸铁锂技术应用研讨会 赞助展台预订中...演讲报告开放预约中...限时免费参会！A.全免费：（转发会议信息至朋友圈集28个赞，0费用，不含餐）B.参会费600元：（转发会议信息至朋友圈集18个赞，含餐费、交流晚餐费用）C.福利参会：（转发会议信息至朋友圈集68个赞，含餐费、交流晚餐费用,限十名）近日，江苏宜锂科技有限责任公司（以下简称“宜锂科技”）顺利完成数亿元A轮融资。",,,,pending
最新演讲嘉宾：朱星宝 首席科学家 国轩高科 报告主题：固态电池量产攻坚与安全性评估,今日锂电,今日锂电,"RIOnews API, 新材料, 电池材料, 复合材料, 碳, 隔膜, 复合集流体, 聚合物, 高比能, 锂金属, 富锂锰, 硅, 凝胶, 前沿表征, 原位, 固态电池, 固态电解质, 钠离子电池, 钠电, 产品发布, 发布, 上市, 合作进展, 定点, 投资, 合作, 学术研究, 大学, 教授, 科学院, 研究所, 技术进展, 技术突破, 制备工艺, 界面优化, 前沿技术",normal,2026-07-31T06:58:00+08:00,,重磅会议两会并行分会场60+大咖报告嘉宾800+参会人员聚焦固态电解质/硅碳/磷酸（锰）铁锂/锰系材料 第二届固态电池新技术应用与材料制备验证技术会议 同期举办：第四届锰系与磷酸铁锂技术应用研讨会 赞助展台预订中...演讲报告开放预约中...联系电话：***********2026固态电池新技术应用与材料制备验证技术会议，同期同址举办：第四届锰系与磷酸铁锂技术应用研讨会，定于2026年9月16-17日在杭州召开，本次会议有幸邀请到国轩高科首席科学家朱星宝教授，他的报告主题为《固态电池量产攻坚与安全性评估》，欢迎参会交流。PART 01报告摘要TECHNOLOGY国轩高科混合固液电池现已完成装车,http://mp.weixin.qq.com/s?__biz=MzkyNzc0MDc0MA==&mid=2247518587&idx=1&sn=cd6f983c953dddc69c2c84ed9fc77223,,重磅会议两会并行分会场60+大咖报告嘉宾800+参会人员聚焦固态电解质/硅碳/磷酸（锰）铁锂/锰系材料 第二届固态电池新技术应用与材料制备验证技术会议 同期举办：第四届锰系与磷酸铁锂技术应用研讨会 赞助展台预订中...演讲报告开放预约中...联系电话：***********2026固态电池新技术应用与材料制备验证技术会议，同期同址举办：第四届锰系与磷酸铁锂技术应用研讨会，定于2026年9月16-17日在杭州召开，本次会议有幸邀请到国轩高科首席科学家朱星宝教授，他的报告主题为《固态电池量产攻坚与安全性评估》，欢迎参会交流。PART 01报告摘要TECHNOLOGY国轩高科混合固液电池现已完成装车,"重磅会议两会并行分会场60+大咖报告嘉宾800+参会人员聚焦固态电解质/硅碳/磷酸（锰）铁锂/锰系材料 第二届固态电池新技术应用与材料制备验证技术会议 同期举办：第四届锰系与磷酸铁锂技术应用研讨会 赞助展台预订中...演讲报告开放预约中...联系电话：***********2026固态电池新技术应用与材料制备验证技术会议，同期同址举办：第四届锰系与磷酸铁锂技术应用研讨会，定于2026年9月16-17日在杭州召开，本次会议有幸邀请到国轩高科首席科学家朱星宝教授，他的报告主题为《固态电池量产攻坚与安全性评估》，欢迎参会交流。PART 01报告摘要TECHNOLOGY国轩高科混合固液电池现已完成装车验证，10GWh 量产产线建成投产，2026年底量产出货。相较于同体系液态锂离子电池，固液电池从核心材料、功能隔膜、凝胶电解质到单体电芯、集成 PACK 均具备明显安全优势。本报告聚焦固态电池工程化量产关键难题，构建系统化安全评估框架，探析混合固态路线发展潜力与后续迭代方向。国轩高科股份有限公司创立于2006年，总部位于安徽合肥，是具有全球竞争力的新能源电池企业和绿色能源解决方案商。于2015年5月成功上市，股票代码SZ.002074，现总市值520多亿元。 公司主营磷酸铁锂材料及电芯、三元材料及电芯、动力电池组、电池管理系统及储能型电池组，产品广泛应用于乘用车、商用车、专用车、轻型车等新能源汽车领域，为储能客户提供绿色能源系统解决方案。 国轩高科是技术型公司。研发投入占比多年超10%，在全球布局八大研发中心、四大验证平台，研发人员突破7000人，创造了9000多项覆盖电池全产业链的专利技术，标准电芯获大众汽车全球首家定点，公司以“金石电池”进军固态电池领域，实现从0到1的创新，基于金石电池的PACK单次充电续航可达1000km。 国轩高科是全球化战略领先企业。大众集团是国轩高科第一大股东。公司规划建设中国、亚太、美洲、欧非四个业务大区，以及覆盖电池材料、电芯、Pack的海外十大基地，致力于产品、技术、人才、资本“四个走出去”，全球化发展走在行业前列。限时免费参会！A.全免费：（转发会议信息至朋友圈集28个赞，0费用，不含餐）B.参会费600元：（转发会议信息至朋友圈集18个赞，含餐费、交流晚餐费用）C.福利参会：（转发会议信息至朋友圈集68个赞，含餐费、交流晚餐费用,限十名）第二届固态电池新技术应用与材料制备验证技术会议同期举办：第四届锰系与磷酸铁锂技术应用研讨会Part 01会议组织主办单位：今日锂电/今日钠电承办单位：北京京昇文化传播有限公司 会议时间：2026年9月16-17日（15日签到）会议地点：中国·杭州总冠名/联合主办/招募中···协办单位：/招募中···支持单位：/招募中···新能源前沿新能源在线锂电PLUS展台赞助：/招募中···Part 02会议内容/日程中国《新能源汽车产业发展规划》明确支持固态电池研发，2025年全球固态电池市场规模预计突破百亿元，固态电池已成为公认的下一代电池，在过去的一年里，固态电池新技术与产业化进程以比预计中的更快的速度发展，然而固态电池还存在关键技术突破和产业化制备成本问题。在固态电池商用还不可极的当下，仍还是磷酸铁锂的天下，作为磷酸铁锂最重要的技术迭代与升级方向，高压实磷酸铁锂与磷酸锰铁锂技术将是现在的重点发展方向，并且和富锂锰基、高电压镍锰酸锂、高镍三元材料形成竞争未来适配固态电池正极材料的格局，而富锂锰基材料理论能量密度超1000Wh/kg，成本较高镍三元材料（价格高、技术成熟度高、安全性存疑）低25%-40%，被认为是固态电池最佳适配正极材料，高电压镍锰酸锂工作电压高达5V，比能650Wh/kg，更适合固态电池高电压体系，未来谁来主导，还要看技术成熟度。2026固态电池新技术应用与材料制备验证技术会议，同期同址举办：第四届锰系与磷酸铁锂技术应用研讨会，定于2026年9月16-17日在杭州召开，旨在进一步加快固态电池、锰系与磷酸铁锂方面新技术创新应用，破解技术与产业化制备难题，评选表彰近年来在固态电池、锰系与磷酸铁锂行业做出突出成绩的优秀科研人员和企业，特邀请参与本次会议，共同交流探讨固态电池与锰系与磷酸铁锂的行业发展新思路。会议内容：固态电池分会场固态电池技术与产业发展新进展高能量固态电池在eVTOL与人型机器人中的应用固态电池（半）应用高速电摩前景探讨固态技术（半）在手机与3C产品中的应用固态电池（半）在动力和储能电池的应用探讨固态电池智能制备设计发展固态电池关键材料的开发与应用全固态钠电技术研发与进展干法电极工艺在固态电池中的应用硫/氧/卤/聚合物等全固态电池电解质材料产业化进展固态电解质理论配方设计与实验验证多技术表征平台在固态电池材料研究中的应用固态电解质界面优化设计固态电解质纳米化技术研究与制备方法全固态电池硅基负极的开发硅碳负极材料的创新研发及其在固态电池内的应用球型多孔炭在CVD硅碳负极材料中的应用锂金属负极技术新进展固态电池正极的结构设计与材料选择高镍/富锂锰基正极材料在固态电池体系中的应用石墨烯/碳纳米管新型碳材料在固态电池体系中的技术发展新型隔膜技术在固态（半）电池中的应用固态用复合集流体技术研发新进展AI技术在材料研发中的应用等静压技术在全固态电池制备中的应用湿法/干法/气流研磨技术在固态材料中的应用干法电极智能装备开发与应用新一代窑炉技术在电池材料制造中的应用蒸镀技术在固态电池制备中的优点钠米级制备技术与装备新应用锰系与磷酸铁锂分会场全球锂资源市场发展变化电池级硫（碳）酸锰/二氧化锰/四氧化三锰市场前景变化锰系前驱体研究与制备技术高锰新能源材料的挑战与前景磷酸锰铁锂在汽车与二轮车上的应用研究适配固态电池用磷酸锰铁锂材料最新技术进展富锂锰基正极材料纳米包覆、梯度掺杂等工艺介绍富锂锰基正极材料制备及改性研究新一代高电压镍锰酸锂材料技术与应用锰基钠电正极材料技术与成本分析高性能磷酸铁制备工艺革新高压实磷酸铁锂磷酸铁法和草酸亚铁法工艺路线发展低成本高压实磷酸铁锂产业化生产技术换代与装备创新适配固态电池用高压实磷酸铁锂技术优化高压实磷酸铁锂高温烧结杂质控制颗粒级配优化工艺对磷酸铁锂压实密度及电性能的提升纳米磷酸铁锂技术与制备一次烧结成型高压实磷酸铁锂工艺要点介绍高压实磷酸铁锂材料的预锂化方法关键电池材料回收再利用技术注：以最终会议日程报告为准演讲报告申请：王老师:*********** 邮 箱:46090424@qq.comPart 03会议特色01会议形式20+5（每位专家20分钟报告+5分钟互动问答交流）交流方式，增加会议互动性；60+行业大咖，800+上下游企业从业者共聚一堂；诚邀高校/科研院所与产业技术从业者观点碰撞与交流，聚焦行业热点，解读技术与产业发展。02会议特色现场展台产品展示，“会+展”助力产业链上下游技术与市场对接，搭建立体化高效交流平台；1.5 天论坛，涉及固态与锰系铁锂行业装备、技术、材料、检测仪器设备等，全方位展示最新前沿技术研究与进展，深入探讨未来回收发展方向。03会议特色同期举办2026“NWEi-先锋奖”颁奖典礼，评选与发布“NEWi-先锋奖”新能源行业杰出科学家、新能源行业企业创新奖、行业优秀供应商”(联系主办方索取评选申请表)。04赞助方案1.本次会议设置总冠名、联合主办、协办单位、赞助单位、支持单位、手提袋、胸卡挂绳、椅背广告、酒水赞助、会议视频广告（会议室大屏播放）晚宴礼品、笔本赞助、茶歇赞助等会议赞助类别（详细赞助方案请联系主办方）。2、参展每个展位费用：12000元，包括2人的午餐、晚宴费用，展台费用，两份资料费用等。3、展位实际尺寸2米宽×3米高（设计尺寸2米宽×2.3米高）Part 04报名缴费1.参会费用：A、限时600元/人（含餐），B、全免费（不含餐），转发会议信息至朋友圈，集28个赞，获得免费名额，C.福利参会：（转发会议信息至朋友圈集68个赞，含餐费、交流晚餐费用,限十名）。2.参会注册费含会议资料、茶点、2次午餐、1场交流晚宴、参会材料等费用；3.会议统一安排食宿，住宿费自理；4.发票内容为“会议费”，开具增值税普通发票，不开增值税专用发票；注：所有人员凭参会证入场！提前报名缴费！汇款信息账 户：北京京昇文化传播有限公司账 号：040 4090 1030 0000 3837开户行：北京农村商业银行股份有限公司四季青支行行 号 ：402100000260 付款请注明：成都会议+姓名，并将付款凭证保留，便于报到时查验。缴费成功后，请保持手机畅通，会务组会尽快与您联系，感谢您的支持！开票信息发送：46090424@qq.com参会、参展、宣传及赞助事宜： 王老师 188 1048 8288（同微） 张老师 182 3806 7581（同微） 袁老师 192 9355 9185（同微） 郭老师 192 8668 2548（同微） 李老师 138 1196 8226（同微）扫码加入固态/正极材料群进群备注：公司名称/姓名/职务主动发名片一张请识别二维码或添加***********欢迎同仁进群交流！Part 05往届会议由今日锂电、苏银产业园联合主办、清陶云能、尚金干燥协办的2026（常州）固态电池新技术应用大会暨固态电池材料制备与验证研讨会在常州富都洲际酒店顺利举办，来自全国各地300余位专家、企业代表参与了本次大会。由今日锂电主办的锰系与铁锂正极材料技术论坛，已连续成功举办三届，共计2000余人次参会嘉宾出席，已成为国内正极材料行业具较高影响力会议。往届报告嘉宾名单：（部分）近800家往届参会企业名单1.公司名称2.HT3.OCBC4.一玖东朔新材料科技(上海)有限公司5.万华化学6.万华化学集团股份有限公司7.万向123股份公司8.万向一二三股份公司9.三星SDI10.三碳(安徽)科技研究院11.三维汉界机器（山东）股份有限公司12.三门峡莹鑫矿业13.三门峡莹鑫矿业有限公司14.上海上州阀门制造有限公司15.上海东浒科技有限公司16.上海东证期货有限公司17.上海中如智慧能源集团有限公司18.上海中锂实业有限公司19.上海交通大学20.锂禾(苏州)科技有限公司21.上海八桂资产管理有限公司22.上海加力气体有限公司23.上海华谊新材料化工销售有限公司24.上海华谊新材料有限公司25.上海国投26.上海大学27.上海天元国际贸易集团有限公司28.上海天臣微纳米科技有限公司29.上海奥克化学有限公司30.上海娑娜智能科技有限公司31.上海宇昂水性新材料科技股份有限公司32.上海宝弘资产管理有限公司33.上海容锂新材料科技有限公司34.上海市工业合作协会35.上海德卡实验室系统科技有限公司36.上海志聚贸易有限公司37.上海是程国际贸易有限公司38.上海昱瓴/安徽昱瓴科技有限公司39.上海昶法新材料有限公司40.上海楚赛41.上海毅速激光科技有限公司42.上海汇平新能源有限公司43.上海泰熊磁业有限公司44.上海瀚能时代新材45.上海瀚能时代新材料有限公司46.上海电力大学47.上海电力大学/欧赛新能源48.上海秀美模型有限公司49.上海经纬优品筛网有限公司50.上海耀狮能源科技有限公司51.上海艾枫机电设备有限公司52.上海荷迪思湿度控制设备有限公司53.上海辉锂化工有限公司54.上海锂凰科技有限公司55.上海锐驰新能源技术有限公司56.上海雅程仪器设备有限公司57.世标检测科技(天津)有限公司58.东北大学59.东南大学60.东方希望集团61.东莞东阳光科研发有限公司62.东莞市亿富机械科技有限公司63.东莞市华仕威水处理器材有限公司64.东莞市松储纳米科技有限公司65.东莞市润能机械有限66.东莞市满电新能源科技有限公司67.东莞市琅菱机械有限公司68.东莞市磨匠设备有限公司69.东莞市科路得新能源科技有限公司70.东莞瀚宇新能源材料科技有限公司71.东莞瑞泰新材料科技有限公司72.中伟新材料73.中伟新材料股份有限公司74.中俄新能源材料技术研究院75.中信金属股份有限公司76.中再生徐州资源再生开发有限公司77.中创新航78.中化国际79.中化蓝天氟材料有限公司80.中南大学81.中国人民财产保险股份有限公司四川省分公司82.中国人民财产保险股份有限公司成都市分公司83.中国科学院上海应用物理研究所84.中国科学院上海微系统与信息技术研究所85.中国科学院宁波材料所86.中国科学院山西煤炭化学研究所87.中国科学院过程工程研究所88.中天储能科技有限公司89.中山大学90.中机国际91.中机国际工程设计研究院有限责任公司92.中溢集团（吉林）新能源科技有限公司93.中电四公司94.中科院上海微系统所95.中科院兰州化学物理研究所96.中科院深圳先进技术研究院97.中科院物理所/中科固能98.中科院过程工程研究所/山东懋华新能源99.中粮营养健康研究院100.中船派瑞特气101.中蓝长化工程科技有限公司102.中豫飞马新材料技术创新中心（郑州）有限公司103.中财集团104.中钢天源股份有限公司105.中钢集团南京新材料研究院有限公司106.中钢集团马鞍山矿院新材料科技有限公司107.中锂科（苏州）新能源科技有限公司108.丰晖（山东）环保科技有限公司109.丰晖（山东）环保科技有限公司110.乐友新能源材料（无锡）有限公司111.二连浩特凯创资源有限公司112.云南云天化股份有限公司研究院113.云南本晟新材料有限公司114.云天化研究院115.互动派116.五矿新能117.五矿期货有限公司118.亿昇（杭州）磁悬浮技术有限公司119.佛山市德方纳米科技有限公司120.佛山泰姆斯新材料科技有限公司121.佛山热安科技发展有限公司122.信发集团有限公司123.兰州理工大学124.兴发集团125.兴星电子新材料（无锡）有限公司126.内蒙中合新材料有限公司127.内蒙古神东能源集团有限公司128.凯鑫管道科技有限公司129.利信(江苏)能源科技有限责任公司130.北京丝路惠商新能源产业发展有限公司131.北京中科埃米科技有限公司132.北京创能惠通科技有限公司133.北京化工大学134.北京和璟管理咨询有限公司135.北京市兰台（苏州）律师事务所136.北京市隆安（苏州）律师事务所137.北京师范大学138.北京涂多多139.北京涂多多电子商务股份有限公司140.北京理工大学141.北京英博电气股份有限公司142.北大纵横咨询集团143.北票新正粉末冶金有限公司144.华为技术有限公司145.华创证券有限责任公司146.华友钴业147.华鼎国联四川动力电池有限公司148.南京元辰新能源科技有限公司149.南京奥特集团150.南京工业大学151.南京索特烘箱制造有限公司152.南京金利检验有限公司153.南华期货154.南方泵业股份有限公司155.南方科技大学156.南方锰业集团有限责任公司157.南昌大学158.南渝伦华159.南通市悦华新材料科技有限公司160.南通瑞翔新材料有限公司161.南通金通储能动力新材料有限公司162.博创宏远新材料163.厦门势拓伺服科技股份有限公司164.厦门厦钨新能源材料股份有限公司165.厦门宝盈新电子有限公司166.厦门市集美区金桥汇贸易商行167.厦门建发高科有限公司168.厦门新能安169.厦门益材储能科技有限公司170.双安资产171.双登股份172.台湾立凯电能科技股份有限公司173.合肥中科阻燃新材料有限公司174.合肥原位科技有限公司175.合肥国轩电池材料有限公司176.吉利创新中心/浙江绿色智行科创有限公司177.吉旺科技（山东）有限公司178.吉林华兴新材料科技有限公司179.吉首长潭泵业有限公司180.咸阳华友新能源窑炉设备有限公司181.咸阳科源新材装备有限公司182.哈尔滨奥科诺183.唐山亨坤新能源材料有限公司184.四川乐盛荣新材料科技有限公司185.四川什邡市产业促进服务中心186.四川优源新能源有限公司187.四川兴晶茂科技有限公司188.四川利合达环保科技有限公司189.四川协鑫锂电有限公司190.四川协鑫锂电科技有限公司191.四川唐古拉颗粒机械有限公司192.四川大学193.四川宇能锂工新材料科技有限公司194.四川建彤新材料有限责任公司195.四川弘业环保科技有限公司196.四川普特威新材料科技有限公司197.四川望昌干燥设备有限公司198.四川汇能中哲新材料有限公司199.四川珠峰飞越科技有限公司200.四川省乐山锐丰冶金有限公司201.四川省青川县人民政府202.四川研宝科技203.四川科鸿阳科技有限公司204.四川立拓环境科技有限公司205.四川绵竹市盘龙矿物质有限责任公司206.四川艾诺基新材料科技有限公司207.四川虹屹科技有限公司208.四川蜀力芯新能源有限公司209.四川蜀能矿产有限责任公司210.四川赛恩思仪器有限公司211.四川迈昆新材料有限公司212.四川金汇能新材料股份有限公司213.四川金裕来化工有限公司214.四川锂古新能源科技有限公司215.四川锦恒丰菱新材料有限责任公司216.四川长虹智能制造技术有限公司217.四川雅化实业集团股份有限公司218.四川鸿鹏新材料有限公司219.因湃电池科技有限公司220.国轩高科221.国轩高科有限公司222.国钠能源科技（河北）有限公司223.圣戈班224.埃索凯科技股份有限公司225.基迈克材料科技（苏州）有限公司226.复旦大学227.多氟多新材料股份有限公司228.大金氟化工中国有限公司229.大金氟化工中国有限公司上海分公司230.天俱时工程科技集团有限公司231.天普新能源232.天津国安盟固利新材料科技股份有限公司233.天津复力新能源科技有限公司234.天津大学235.博创宏远新材料236.天津常兴新能源科技有限公司237.天津爱沃新能源材料有限公司238.天津蔚然国际贸易有限公司239.天津赛德美新能源科技有限公司240.天能集团241.天齐锂业新能源技术研究（眉山）有限公司242.奥冠集团243.威力工业网络股份有限公司244.宁夏威格瑞斯电力有限公司245.宁夏汉尧富锂科技有限责任公司246.宁德时代247.宁德时代新能源科技有限公司248.宁德时代（贵州）新能源材料有限公司249.宁波东烽新材料有限公司250.宁波容百新能源科技股份有限公司251.安徽中科新能智能有限公司252.安徽中钠时代能源科技有限公司253.安徽五湖滤材有限公司254.安徽利科新材料科技有限公司255.安徽利维能动力电池有限公司256.安徽博石高科新材料股份有限公司257.安徽天磁新能源科技有限公司258.安徽天科泰新能源有限公司259.安徽天马机械科技有限公司260.安徽川江环保科技有限公司261.安徽新锰都科技有限公司262.安徽格派新能源有限公司263.安徽海创新能源材料有限公司264.安徽神霄新能源科技有限公司265.安徽腾越科技266.安徽贝特滤材有限公司267.安徽麒锂特科技有限公司268.宏博苏气气体设备（苏州）有限公司269.宜兴市东山新型材料有限公司270.宜兴市东山新材料有限公司271.宜兴市宙斯泵业有限公司272.宜兴市彦氿科技有限公司273.宜兴市灵谷塑料设备有限公司274.宜兴摩根热陶瓷有限公司275.宜宾天原锂电材料有限公司276.宜宾天程锂电新材有限公司277.宜昌泽美新材料有限公司278.宜春学院279.宝山钢铁股份有限公司280.宣城市鸿海装备科技有限公司281.富士康科技集团282.尚水智能283.山东众惠启创新材料科技有限公司284.山东信业新材料科技有限公司285.山东天向新材料有限公司286.山东富德源环保设备有限公司287.山东广新达新材料科技有限公司288.山东庆云经济开发区289.山东恒磁科技有限公司290.山东惠源在湖新材料有限公司291.山东本源环境科技股份有限公司292.山东欧迈机械股份有限公司293.山东民生智慧供应链集团有限公司294.山东济宁德盛源新材料有限公司295.山东瑞福锂业有限公司296.山东盛太锆业资源有限公司297.山东科华重工科技有限公司298.山东精工电子科技股份有限公司299.山东纽克气源净化设备有限公司300.山东聚恒环保科技有限公司301.山东英吉新材料有限公司302.山东运丰耐火材料有限公司303.山东锦锂新材料科技有限公司304.山东鲁欣粉磁新材料科技有限公司305.山东鲁银新材料科技有限公司306.山西佰基科技有限公司307.山西昇嘉琪新材料有限公司308.巨安储能武汉科技有限责任公司309.巨盛能源（江苏）有限公司310.巴斯夫311.巴特瑞科技有限公司312.布琅轲锶特（上海）测量设备贸易有限公司313.帅福得电池314.常州伯端机电设备有限公司315.常州力一紧固技术有限公司316.常州千沐新能源317.常州千沐新能源有限公司318.常州尚金干燥319.常州市范群干燥设备有限公司320.常州市龙鑫智能装备股份有限公司321.常州江本自控设备有限公司322.常州菲优特净化设备有限公司323.常州锂源324.平顶山市普赛斯石墨有限公司325.广东东阳光科技控股股份有限公司326.广东中杰能化新材料科技有限公司327.广东中科谛听科技有限公司328.广东卡利特智能科技有限公司329.广东嘉拓自动化有限公司330.广东德源新材料有限公司331.广东恒誉机械科技有限公司332.广东杰成新能源材料科技有限公司333.广东沃泰环保有限公司。334.广东派勒智能纳米科技股份有限335.广东盘古信息科技股份有限公司336.广东省中科供应链管理股份有限公司337.广东省锐驰新能源科技有限公司338.广东维杰物料自动化系统有限公司339.广东邦普循环科技有限公司340.广东金域科技有限公司341.广东鹏锦智能装备股份有限公司342.广州井秀机电设备安装工程有限公司343.广州伊莲辉机械有限公司344.广州伊莲辉机械设备有限公司345.广州唯量工控技术有限公司346.广州嘉匠贸易有限公司347.广州天赐348.广州奥斯德科技有限公司349.广州市唯量工控技术有限公司350.广州市文洛龙贸易有限公司351.广州汇富研究院有限公司352.广州集泰化工股份有限公司353.广汽因湃电池科技有限公司354.广汽研究院355.广汽集团因湃电池科技有限公司356.广汽集团汽车工程研究院357.广电计量检测358.广西柳工机械股份有限公司359.广西泳沣科技有限公司360.广西禹鼎新材料科技有限公司361.广西立劲新材料有限公司362.广西胜东新能源科技有限公司363.广西自贸区量孚新能源科技有限公司364.广西锰华新能源365.广西锰华新能源科技发展有限公司366.广西靖西市一洲锰业有限公司367.庆云县经济开发区368.建发(成都)有限公司369.开沃新能源370.弘则研究371.弘正储能（上海）能源科技有限公司372.弘洺新能源科技（山东）有限公司373.张家港清研检测技术有限公司374.当升科技375.徐州高新区376.德国TUV莱茵377.德阳川发龙蟒378.德阳川发龙蟒新材料有限公司379.怀仁县金诚高岭土有限责任公司380.总经理381.恒力恒新工贸382.恒力恒源383.恒力期货384.恒胜集团385.惠州TCL新材料科技有限公司386.惠州锂威新能源科技有限公司387.惠鹏达388.成立航空股份有限公司389.成都乾瑞矿山工程有限公司390.成都倍力干燥设备有限公司391.成都卜丁科技有限公司392.成都四维科技有限公司393.成都固铁科技有限公司394.成都复旦复达科技有限公司395.成都大学396.成都宏智仓储有限公司397.成都工业学院398.成都巴莫科技有限责任公司399.成都市博涛智能装备制造有限公司400.成都新得利电子有限公司401.成都昆仑白泽化学试剂有限公司402.成都智楷分离科技有限公司403.成都清源尚和环保科技有限公司404.成都潮川化工有限公司405.成都理工大学406.成都索朗化工有限公司407.成都融捷锂业408.成都雨云科技有限公司409.抚顺东科精细化工有限",,,,pending
800家往届参会企业名单！限时免费！ 第二届固态电池新技术应用与材料制备验证技术会议，同期：第四届锰系与磷酸铁锂技术研讨会,今日钠电,今日钠电,"RIOnews API, 钠离子电池, 钠电, 钠电正极, 合作进展, 投资, 合作, 学术研究, 大学, 科学院, 研究所, 技术进展, 技术突破, 制备工艺, 界面优化, 前沿技术",normal,2026-07-31T06:30:00+08:00,,"重磅会议两会并行分会场60+大咖报告嘉宾800+参会人员聚焦固态电解质/硅碳/磷酸铁锂/锰系材料 第二届固态电池新技术应用与材料制备验证技术会议 同期举办：第四届锰系与磷酸铁锂技术应用研讨会 赞助展台预订中...演讲报告开放预约中...限时免费参会！A.全免费：（转发会议信息至朋友圈集28个赞，0费用，不含餐）B.参会费600元：（转发会议信息至朋友圈集18个赞，含餐费、交流晚餐费用）C.福利参会：（转发会议信息至朋友圈集68个赞，含餐费、交流晚餐费用,限十名）第二届固态电池新技术应用与材料制备验证技术会议同期举办：第四届锰系与磷酸铁锂技术应用研讨会Part 01会议组织主办单位：今日锂电/今",http://mp.weixin.qq.com/s?__biz=Mzk0NDQ5MjcxMg==&mid=2247488726&idx=2&sn=ffadda7d99c36a960eef7b75c324d331,,"重磅会议两会并行分会场60+大咖报告嘉宾800+参会人员聚焦固态电解质/硅碳/磷酸铁锂/锰系材料 第二届固态电池新技术应用与材料制备验证技术会议 同期举办：第四届锰系与磷酸铁锂技术应用研讨会 赞助展台预订中...演讲报告开放预约中...限时免费参会！A.全免费：（转发会议信息至朋友圈集28个赞，0费用，不含餐）B.参会费600元：（转发会议信息至朋友圈集18个赞，含餐费、交流晚餐费用）C.福利参会：（转发会议信息至朋友圈集68个赞，含餐费、交流晚餐费用,限十名）第二届固态电池新技术应用与材料制备验证技术会议同期举办：第四届锰系与磷酸铁锂技术应用研讨会Part 01会议组织主办单位：今日锂电/今","重磅会议两会并行分会场60+大咖报告嘉宾800+参会人员聚焦固态电解质/硅碳/磷酸铁锂/锰系材料 第二届固态电池新技术应用与材料制备验证技术会议 同期举办：第四届锰系与磷酸铁锂技术应用研讨会 赞助展台预订中...演讲报告开放预约中...限时免费参会！A.全免费：（转发会议信息至朋友圈集28个赞，0费用，不含餐）B.参会费600元：（转发会议信息至朋友圈集18个赞，含餐费、交流晚餐费用）C.福利参会：（转发会议信息至朋友圈集68个赞，含餐费、交流晚餐费用,限十名）第二届固态电池新技术应用与材料制备验证技术会议同期举办：第四届锰系与磷酸铁锂技术应用研讨会Part 01会议组织主办单位：今日锂电/今日钠电承办单位：北京京昇文化传播有限公司 会议时间：2026年9月16-17日（15日签到）会议地点：中国·杭州总冠名/联合主办/招募中···协办单位：/招募中···支持单位：/招募中···新能源前沿新能源在线锂电PLUS展台赞助：/招募中···Part 02会议内容/日程中国《新能源汽车产业发展规划》明确支持固态电池研发，2025年全球固态电池市场规模预计突破百亿元，固态电池已成为公认的下一代电池，在过去的一年里，固态电池新技术与产业化进程以比预计中的更快的速度发展，然而固态电池还存在关键技术突破和产业化制备成本问题。在固态电池商用还不可极的当下，仍还是磷酸铁锂的天下，作为磷酸铁锂最重要的技术迭代与升级方向，高压实磷酸铁锂与磷酸锰铁锂技术将是现在的重点发展方向，并且和富锂锰基、高电压镍锰酸锂、高镍三元材料形成竞争未来适配固态电池正极材料的格局，而富锂锰基材料理论能量密度超1000Wh/kg，成本较高镍三元材料（价格高、技术成熟度高、安全性存疑）低25%-40%，被认为是固态电池最佳适配正极材料，高电压镍锰酸锂工作电压高达5V，比能650Wh/kg，更适合固态电池高电压体系，未来谁来主导，还要看技术成熟度。2026固态电池新技术应用与材料制备验证技术会议，同期同址举办：第四届锰系与磷酸铁锂技术应用研讨会，定于2026年9月16-17日在杭州召开，旨在进一步加快固态电池、锰系与磷酸铁锂方面新技术创新应用，破解技术与产业化制备难题，评选表彰近年来在固态电池、锰系与磷酸铁锂行业做出突出成绩的优秀科研人员和企业，特邀请参与本次会议，共同交流探讨固态电池与锰系与磷酸铁锂的行业发展新思路。会议内容：固态电池分会场固态电池技术与产业发展新进展高能量固态电池在eVTOL与人型机器人中的应用固态电池（半）应用高速电摩前景探讨固态技术（半）在手机与3C产品中的应用固态电池（半）在动力和储能电池的应用探讨固态电池智能制备设计发展固态电池关键材料的开发与应用全固态钠电技术研发与进展干法电极工艺在固态电池中的应用硫/氧/卤/聚合物等全固态电池电解质材料产业化进展固态电解质理论配方设计与实验验证多技术表征平台在固态电池材料研究中的应用固态电解质界面优化设计固态电解质纳米化技术研究与制备方法全固态电池硅基负极的开发硅碳负极材料的创新研发及其在固态电池内的应用球型多孔炭在CVD硅碳负极材料中的应用锂金属负极技术新进展固态电池正极的结构设计与材料选择高镍/富锂锰基正极材料在固态电池体系中的应用石墨烯/碳纳米管新型碳材料在固态电池体系中的技术发展新型隔膜技术在固态（半）电池中的应用固态用复合集流体技术研发新进展AI技术在材料研发中的应用等静压技术在全固态电池制备中的应用湿法/干法/气流研磨技术在固态材料中的应用干法电极智能装备开发与应用新一代窑炉技术在电池材料制造中的应用蒸镀技术在固态电池制备中的优点钠米级制备技术与装备新应用锰系与磷酸铁锂分会场全球锂资源市场发展变化电池级硫（碳）酸锰/二氧化锰/四氧化三锰市场前景变化锰系前驱体研究与制备技术高锰新能源材料的挑战与前景磷酸锰铁锂在汽车与二轮车上的应用研究适配固态电池用磷酸锰铁锂材料最新技术进展富锂锰基正极材料纳米包覆、梯度掺杂等工艺介绍富锂锰基正极材料制备及改性研究新一代高电压镍锰酸锂材料技术与应用锰基钠电正极材料技术与成本分析高性能磷酸铁制备工艺革新高压实磷酸铁锂磷酸铁法和草酸亚铁法工艺路线发展低成本高压实磷酸铁锂产业化生产技术换代与装备创新适配固态电池用高压实磷酸铁锂技术优化高压实磷酸铁锂高温烧结杂质控制颗粒级配优化工艺对磷酸铁锂压实密度及电性能的提升纳米磷酸铁锂技术与制备一次烧结成型高压实磷酸铁锂工艺要点介绍高压实磷酸铁锂材料的预锂化方法关键电池材料回收再利用技术注：以最终会议日程报告为准演讲报告申请：王老师:*********** 邮 箱:46090424@qq.comPart 03会议特色01会议形式20+5（每位专家20分钟报告+5分钟互动问答交流）交流方式，增加会议互动性；60+行业大咖，800+上下游企业从业者共聚一堂；诚邀高校/科研院所与产业技术从业者观点碰撞与交流，聚焦行业热点，解读技术与产业发展。02会议特色现场展台产品展示，“会+展”助力产业链上下游技术与市场对接，搭建立体化高效交流平台；1.5 天论坛，涉及固态与锰系铁锂行业装备、技术、材料、检测仪器设备等，全方位展示最新前沿技术研究与进展，深入探讨未来回收发展方向。03会议特色同期举办2026“NWEi-先锋奖”颁奖典礼，评选与发布“NEWi-先锋奖”新能源行业杰出科学家、新能源行业企业创新奖、行业优秀供应商”(联系主办方索取评选申请表)。04赞助方案1.本次会议设置总冠名、联合主办、协办单位、赞助单位、支持单位、手提袋、胸卡挂绳、椅背广告、酒水赞助、会议视频广告（会议室大屏播放）晚宴礼品、笔本赞助、茶歇赞助等会议赞助类别（详细赞助方案请联系主办方）。2、参展每个展位费用：12000元，包括2人的午餐、晚宴费用，展台费用，两份资料费用等。3、展位实际尺寸2米宽×3米高（设计尺寸2米宽×2.3米高）Part 04报名缴费1.参会费用：A、限时600元/人（含餐），B、全免费（不含餐），转发会议信息至朋友圈，集28个赞，获得免费名额，C.福利参会：（转发会议信息至朋友圈集68个赞，含餐费、交流晚餐费用,限十名）。2.参会注册费含会议资料、茶点、2次午餐、1场交流晚宴、参会材料等费用；3.会议统一安排食宿，住宿费自理；4.发票内容为“会议费”，开具增值税普通发票，不开增值税专用发票；注：所有人员凭参会证入场！提前报名缴费！汇款信息账 户：北京京昇文化传播有限公司账 号：040 4090 1030 0000 3837开户行：北京农村商业银行股份有限公司四季青支行行 号 ：402100000260 付款请注明：成都会议+姓名，并将付款凭证保留，便于报到时查验。缴费成功后，请保持手机畅通，会务组会尽快与您联系，感谢您的支持！开票信息发送：46090424@qq.com参会、参展、宣传及赞助事宜： 王老师 188 1048 8288（同微） 张老师 182 3806 7581（同微） 袁老师 192 9355 9185（同微） 郭老师 192 8668 2548（同微） 李老师 138 1196 8226（同微）扫码加入固态/正极材料群进群备注：公司名称/姓名/职务主动发名片一张请识别二维码或添加***********欢迎同仁进群交流！Part 05往届会议由今日锂电、苏银产业园联合主办、清陶云能、尚金干燥协办的2026（常州）固态电池新技术应用大会暨固态电池材料制备与验证研讨会在常州富都洲际酒店顺利举办，来自全国各地300余位专家、企业代表参与了本次大会。由今日锂电主办的锰系与铁锂正极材料技术论坛，已连续成功举办三届，共计2000余人次参会嘉宾出席，已成为国内正极材料行业具较高影响力会议。往届报告嘉宾名单：（部分）近800家往届参会企业名单OCBC一玖东朔新材料科技(上海)有限公司万华化学万华化学集团股份有限公司万向123股份公司万向一二三股份公司三星SDI三碳(安徽)科技研究院三维汉界机器（山东）股份有限公司三门峡莹鑫矿业三门峡莹鑫矿业有限公司上海上州阀门制造有限公司上海东浒科技有限公司上海东证期货有限公司上海中如智慧能源集团有限公司上海中锂实业有限公司上海交通大学/锂禾(苏州)科技有限公司上海八桂资产管理有限公司上海加力气体有限公司上海华谊新材料化工销售有限公司上海华谊新材料有限公司上海国投上海大学上海天元国际贸易集团有限公司上海天臣微纳米科技有限公司上海奥克化学有限公司上海娑娜智能科技有限公司上海宇昂水性新材料科技股份有限公司上海宝弘资产管理有限公司上海容锂新材料科技有限公司上海市工业合作协会上海德卡实验室系统科技有限公司上海志聚贸易有限公司上海是程国际贸易有限公司上海昱瓴/安徽昱瓴科技有限公司上海昶法新材料有限公司上海楚赛上海毅速激光科技有限公司上海汇平新能源有限公司上海泰熊磁业有限公司上海瀚能时代新材上海瀚能时代新材料有限公司上海电力大学上海电力大学/欧赛新能源上海秀美模型有限公司上海经纬优品筛网有限公司上海耀狮能源科技有限公司上海艾枫机电设备有限公司上海荷迪思湿度控制设备有限公司上海辉锂化工有限公司上海锂凰科技有限公司上海锐驰新能源技术有限公司上海雅程仪器设备有限公司世标检测科技(天津)有限公司东北大学东南大学东方希望集团东莞东阳光科研发有限公司东莞市亿富机械科技有限公司东莞市华仕威水处理器材有限公司东莞市松储纳米科技有限公司东莞市润能机械有限东莞市满电新能源科技有限公司东莞市琅菱机械有限公司东莞市磨匠设备有限公司东莞市科路得新能源科技有限公司东莞瀚宇新能源材料科技有限公司东莞瑞泰新材料科技有限公司中伟新材料中伟新材料股份有限公司中俄新能源材料技术研究院中信金属股份有限公司中再生徐州资源再生开发有限公司中创新航中化国际中化蓝天氟材料有限公司中南大学中国人民财产保险股份有限公司四川省分公司中国人民财产保险股份有限公司成都市分公司中国科学院上海应用物理研究所中国科学院上海微系统与信息技术研究所中国科学院宁波材料所中国科学院山西煤炭化学研究所中国科学院过程工程研究所中天储能科技有限公司中山大学中机国际中机国际工程设计研究院有限责任公司中溢集团（吉林）新能源科技有限公司中电四公司中科院上海微系统所中科院兰州化学物理研究所中科院深圳先进技术研究院中科院物理所/中科固能中科院过程工程研究所/山东懋华新能源中粮营养健康研究院中船派瑞特气中蓝长化工程科技有限公司中豫飞马新材料技术创新中心（郑州）有限公司中财集团中钢天源股份有限公司中钢集团南京新材料研究院有限公司中钢集团马鞍山矿院新材料科技有限公司中锂科（苏州）新能源科技有限公司丰晖（山东）环保科技有限公司丰晖（山东）环保科技有限公司乐友新能源材料（无锡）有限公司二连浩特凯创资源有限公司云南云天化股份有限公司研究院云南本晟新材料有限公司云天化研究院互动派五矿新能五矿期货有限公司亿昇（杭州）磁悬浮技术有限公司佛山市德方纳米科技有限公司佛山泰姆斯新材料科技有限公司佛山热安科技发展有限公司信发集团有限公司兰州理工大学兴发集团兴星电子新材料（无锡）有限公司内蒙中合新材料有限公司内蒙古神东能源集团有限公司凯鑫管道科技有限公司利信(江苏)能源科技有限责任公司北京丝路惠商新能源产业发展有限公司北京中科埃米科技有限公司北京创能惠通科技有限公司北京化工大学北京和璟管理咨询有限公司北京市兰台（苏州）律师事务所北京市隆安（苏州）律师事务所北京师范大学北京涂多多北京涂多多电子商务股份有限公司北京理工大学北京英博电气股份有限公司北大纵横咨询集团北票新正粉末冶金有限公司华为技术有限公司华创证券有限责任公司华友钴业华鼎国联四川动力电池有限公司南京元辰新能源科技有限公司南京奥特集团南京工业大学南京索特烘箱制造有限公司南京金利检验有限公司南华期货南方泵业股份有限公司南方科技大学南方锰业集团有限责任公司南昌大学南渝伦华南通市悦华新材料科技有限公司南通瑞翔新材料有限公司南通金通储能动力新材料有限公司博创宏远新材料博士厦钨新能源厦门势拓伺服科技股份有限公司厦门厦钨新能源材料股份有限公司厦门宝盈新电子有限公司厦门市集美区金桥汇贸易商行厦门建发高科有限公司厦门新能安厦门益材储能科技有限公司双安资产双登股份台湾立凯电能科技股份有限公司合肥中科阻燃新材料有限公司合肥原位科技有限公司合肥国轩电池材料有限公司吉利创新中心/浙江绿色智行科创有限公司吉旺科技（山东）有限公司吉林华兴新材料科技有限公司吉首长潭泵业有限公司咸阳华友新能源窑炉设备有限公司咸阳科源新材装备有限公司哈尔滨奥科诺唐山亨坤新能源材料有限公司四川乐盛荣新材料科技有限公司四川什邡市产业促进服务中心四川优源新能源有限公司四川兴晶茂科技有限公司四川利合达环保科技有限公司四川协鑫锂电有限公司四川协鑫锂电科技有限公司四川唐古拉颗粒机械有限公司四川大学四川宇能锂工新材料科技有限公司四川建彤新材料有限责任公司四川弘业环保科技有限公司四川普特威新材料科技有限公司四川望昌干燥设备有限公司四川汇能中哲新材料有限公司四川珠峰飞越科技有限公司四川省乐山锐丰冶金有限公司四川省青川县人民政府四川研宝科技四川科鸿阳科技有限公司四川立拓环境科技有限公司四川绵竹市盘龙矿物质有限责任公司四川艾诺基新材料科技有限公司四川虹屹科技有限公司四川蜀力芯新能源有限公司四川蜀能矿产有限责任公司四川赛恩思仪器有限公司四川迈昆新材料有限公司四川金汇能新材料股份有限公司四川金裕来化工有限公司四川锂古新能源科技有限公司四川锦恒丰菱新材料有限责任公司四川长虹智能制造技术有限公司四川雅化实业集团股份有限公司四川鸿鹏新材料有限公司因湃电池科技有限公司国轩高科国轩高科有限公司国钠能源科技（河北）有限公司圣戈班埃索凯科技股份有限公司基迈克材料科技（苏州）有限公司复旦大学多氟多新材料股份有限公司大金氟化工中国有限公司大金氟化工中国有限公司上海分公司天俱时工程科技集团有限公司天普新能源天津国安盟固利新材料科技股份有限公司天津复力新能源科技有限公司天津大学天津大学+博创宏远新材料天津常兴新能源科技有限公司天津爱沃新能源材料有限公司天津蔚然国际贸易有限公司天津赛德美新能源科技有限公司天能集团天齐锂业新能源技术研究（眉山）有限公司奥冠集团威力工业网络股份有限公司宁夏威格瑞斯电力有限公司宁夏汉尧富锂科技有限责任公司宁德时代宁德时代新能源科技有限公司宁德时代（贵州）新能源材料有限公司宁波东烽新材料有限公司宁波容百新能源科技股份有限公司安徽中科新能智能有限公司安徽中钠时代能源科技有限公司安徽五湖滤材有限公司安徽利科新材料科技有限公司安徽利维能动力电池有限公司安徽博石高科新材料股份有限公司安徽天磁新能源科技有限公司安徽天科泰新能源有限公司安徽天马机械科技有限公司安徽川江环保科技有限公司安徽新锰都科技有限公司安徽格派新能源有限公司安徽海创新能源材料有限公司安徽神霄新能源科技有限公司安徽腾越科技安徽贝特滤材有限公司安徽麒锂特科技有限公司宏博苏气气体设备（苏州）有限公司宜兴市东山新型材料有限公司宜兴市东山新材料有限公司宜兴市宙斯泵业有限公司宜兴市彦氿科技有限公司宜兴市灵谷塑料设备有限公司宜兴摩根热陶瓷有限公司宜宾天原锂电材料有限公司宜宾天程锂电新材有限公司宜昌泽美新材料有限公司宜春学院宝山钢铁股份有限公司宣城市鸿海装备科技有限公司富士康科技集团尚水智能山东众惠启创新材料科技有限公司山东信业新材料科技有限公司山东天向新材料有限公司山东富德源环保设备有限公司山东广新达新材料科技有限公司山东庆云经济开发区山东恒磁科技有限公司山东惠源在湖新材料有限公司山东本源环境科技股份有限公司山东欧迈机械股份有限公司山东民生智慧供应链集团有限公司山东济宁德盛源新材料有限公司山东瑞福锂业有限公司山东盛太锆业资源有限公司山东科华重工科技有限公司山东精工电子科技股份有限公司山东纽克气源净化设备有限公司山东聚恒环保科技有限公司山东英吉新材料有限公司山东运丰耐火材料有限公司山东锦锂新材料科技有限公司山东鲁欣粉磁新材料科技有限公司山东鲁银新材料科技有限公司山西佰基科技有限公司山西昇嘉琪新材料有限公司巨安储能武汉科技有限责任公司巨盛能源（江苏）有限公司巴斯夫巴特瑞科技有限公司布琅轲锶特（上海）测量设备贸易有限公司帅福得电池常州伯端机电设备有限公司常州力一紧固技术有限公司常州千沐新能源常州千沐新能源有限公司常州尚金干燥常州市范群干燥设备有限公司常州市龙鑫智能装备股份有限公司常州江本自控设备有限公司常州菲优特净化设备有限公司常州锂源平顶山市普赛斯石墨有限公司广东东阳光科技控股股份有限公司广东中杰能化新材料科技有限公司广东中科谛听科技有限公司广东卡利特智能科技有限公司广东嘉拓自动化有限公司广东德源新材料有限公司广东恒誉机械科技有限公司广东杰成新能源材料科技有限公司广东沃泰环保有限公司。广东派勒智能纳米科技股份有限广东盘古信息科技股份有限公司广东省中科供应链管理股份有限公司广东省锐驰新能源科技有限公司广东维杰物料自动化系统有限公司广东邦普循环科技有限公司广东金域科技有限公司广东鹏锦智能装备股份有限公司广州井秀机电设备安装工程有限公司广州伊莲辉机械有限公司广州伊莲辉机械设备有限公司广州唯量工控技术有限公司广州嘉匠贸易有限公司广州天赐广州奥斯德科技有限公司广州市唯量工控技术有限公司广州市文洛龙贸易有限公司广州汇富研究院有限公司广州集泰化工股份有限公司广汽因湃电池科技有限公司广汽研究院广汽集团因湃电池科技有限公司广汽集团汽车工程研究院广电计量检测广西柳工机械股份有限公司广西泳沣科技有限公司广西禹鼎新材料科技有限公司广西立劲新材料有限公司广西胜东新能源科技有限公司广西自贸区量孚新能源科技有限公司广西锰华新能源广西锰华新能源科技发展有限公司广西靖西市一洲锰业有限公司庆云县经济开发区建发(成都)有限公司开沃新能源弘则研究弘正储能（上海）能源科技有限公司弘洺新能源科技（山东）有限公司张家港清研检测技术有限公司当升科技徐州高新区德国TUV莱茵德阳川发龙蟒德阳川发龙蟒新材料有限公司怀仁县金诚高岭土有限责任公司总经理恒力恒新工贸恒力恒源恒力期货恒胜集团惠州TCL新材料科技有限公司惠州锂威新能源科技有限公司惠鹏达成立航空股份有限公司成都乾瑞矿山工程有限公司成都倍力干燥设备有限公司成都卜丁科技有限公司成都四维科技有限公司成都固铁科技有限公司成都复旦复达科技有限公司成都大学成都宏智仓储有限公司成都工业学院成都巴莫科技有限责任公司成都市博涛智能装备制造有限公司成都新得利电子有限公司成都昆仑白泽化学试剂有限公司成都智楷分离科技有限公司成都清源尚和环保科技有限公司成都潮川化工有限公司成都理工大学成都索朗化工有限公司成都融捷锂业成都雨云科技有限公司抚顺东科精细化工有限公司抚顺市秀霖化工有限公司抚顺怡文节能环保设备有限公司振华新材斯瑞尔环境科技股份有限公司新乡市双虎振动设备有限公司新乡市弘力电源科技有限公司新乡市迈朗机械设备有限公司新乡市锐成机械设备有限公司新亚杉杉新材料科技衢州有限公司新恒凯能源科技股份有限公司新疆师范大学新疆有色金属研究所有限公司新疆能源施耐德电气无无名资本无锡灵鸽机械科技股份有限公司无锡艾比德泵业有限公司无锡高端新能源有限公司日照卓盛新材料有限公司旭川化学昆山美宝环保设备有限公司昆明理工大学明水环境星恒电源股份有限公司星辉同程（北京）科技有限责任公司有研新能源材料（江西）有限公司朝阳博晟冶金科技有限公司朝阳金河创业投资有限公司杜肯集团杭州天跃气体设备制造有限公司杭州成功超声设备有限公司杭州捷瑞智能装备股份有限公司松下电器松桃三和锰业集团有限责任公司株洲辰悦智能装备有限公司格林美格林美股份有限公司桂林电子科技大学桐乡华创三同科技发展有限公司欧普特欧美克欧赛新能源科技股份有限公司武汉中科先进材料技术有限公司武汉奥克化学有限公司武汉正峰新能源科技有限公司武汉理工大学武汉赛能科技有限公司武汉钠新材料技术有限公司殷振国比亚迪汽车工业有限公司永康市高新技术产业研究院/长三角物理研究中心汇清合一江苏三金锂电科技有限公司江苏久吾高科技股份有限公司江苏亮果金属制品有限公司江苏先锋智能科技股份有限公司江苏博涛江苏合志新能源材料技术有限公司江苏大学江苏天奈科技股份有限公司江苏宜锂江苏宜锂科技有限责任公司江苏尚金干燥科技有限公司江苏希城新材料科技有限公司江苏康士捷机械设备有限公司江苏晨力环保科技有限公司江苏正旭企新材料有限公司江苏润鸿高温窑具有限公司江苏科伦多食品配料有限公司江苏聚烽新能源科技有限公司江苏金瓯研究院江西三吨锂业有限公司江西云威新材料股份有限公司江西希尔曼新能源科技有限公司江西强风新能源科技有限公司江西恩凯金属有限公司江西明辉环保科技有限公司江西晶安高科技股份有限公司江西晶瓷新材料科技有限公司江西智锂科技股份有限公司江西格派电池材料有限公司江西汉尧富锂科技有限公司江西省金锂科技股份有限公司江西科技师范大学江西赣锋锂电科技股份有限公司江西辙炜新材料科技股份有限公司江门市科恒实业股份有限公司江门市蓝清环保科技有限公司沃尔森廊坊控制系统设备有限公司沈阳工业大学沪硅精密陶瓷科技（苏州）有限公司沪硅精密陶瓷（科技）有限公司河北乐恒节能设备有限公司河北九丛新能源技术有限公司河北九丛科技有限公司河北工业大学河北工业大学/浙江先众新能源河北科技大学河北鑫荣机械制造有限公司河南万达工业智能装备有限公司河南克莱威纳米碳材料有限公司河南弘康新能源技术有限公司河南永顺达贸易有限公司河南盛祥宇再生资源有限公司河南省氟基新材料科技有限公司河南碳六石墨制品有限公司河南神洛新能源有限公司河南超威正效电源有限公司河南途沃得智能机械制造有限公司河南龙佰新材料科技有限公司泛仕达机电股份有限公司洛阳新能源科技发展集团有限公司洛阳矩阵流体控制有限公司洛阳科创集团浙江中石化易电科技有限公司浙江京海新材料有限公司浙江信标仪器有限公司浙江前程石化股份有限公司浙江华友绿能科技有限公司浙江华友钴业股份有限公司浙江华基环保科技有限公司浙江友山新材料科技有限公司浙江启源新材料有限公司浙江国重阀门科技有限公司浙江大学浙江大学台州研究院浙江大学杭州国际科创中心浙江大象新能源科技有限公司浙江工业大学浙江星楷科技有限公司浙江柔荷新能源材料有限公司浙江永正锂电股份有限公司浙江物产道富有限公司浙江皓德新材浙江皓德新材料有限公司浙江省化工研究院有限公司浙江蓝珧新材料科技有限公司浙江鑫钠新材料科技有限公司浙江隆发新材料科技有限公司浙江龙理新能源/南京工业大学浙江龙锂新能源科技有限公司浩金欧博科技股份有限公司海仿科技海南山特星达科技有限公司海博思创海口国际投资促进局海四达电源有限公司海辰药业海通证券淄博华鸣新材料有限公司淄博启明星新材料股份有限公司淮南师范学院深圳中芯能科技有限公司深圳北理莫斯科大学深圳华尔升智控技术有限公司深圳启迪科创私募股权投资基金有限公司深圳哲思锂电循环科技有限公司深圳峰泽创新能源科技有限公司深圳市创优自动化设备有限公司深圳市北测检测技术有限公司深圳市尚水智能股份有限公司深圳市德方纳米科技股份有限公司深圳市捷创伟自动化设备有限公司深圳市星源材质科技股份有限公司深圳市格瑞普电池有限公司深圳市欣旺达再生材料技术研究有限公司深圳市欣旺达再生材料有限公司深圳市海格金谷工业科技股份有限公司深圳市盛宏泰新能源有限公司深圳市辉腾科技有限公司深圳市达晨财智创业投资管理有限公司深圳市长辉新材料科技有限公司深圳市鹏威电气有限公司深圳比克动力电池深圳氢力科技新能源有限公司深圳源电新能源有限公司深圳睿华科技股份有限公司深圳贝德瑞科技有限公司深圳茂新能源技术股份有限公司清华大学苏州汽车研究院清陶云能(江苏)能源公司清陶云能（江苏）能源科技有限公司清陶能源发展股份有限公司温州大学湖北兴发化工集团股份有限公司湖北宜化化工科技研发有限公司湖北虹润高科新材料有限公司湖北金泉新材料有限公司湖北高博科技有限公司湖南中益邦达能源科技有限公司湖南华晟新材料湖南发展永州富锰新材料有限公司湖南安能未来新能源科技有限公司湖南小众新材料科技有限公司湖南岳阳三湘化工湖南岳阳三湘化工有限公司湖南新天力科技有限公司湖南新驰水务科技有限公司湖南晶慧智能科技有限公司湖南火鸟新材料科技有限公司湖南省交通规划勘察设计院有限公司湖南省榔迪新能源科技有限公司湖南",,,,pending
欢迎加入钠电技术交流群,今日钠电,今日钠电,"RIOnews API, 钠离子电池, 钠电",normal,2026-07-31T06:30:00+08:00,,扫码加入钠电技术交流群进群备注：公司名称/姓名/职务/钠电群。主动发名片一张请识别二维码或添加***********欢迎同仁进群交流！扫码加入钠电技术交流群进群备注：公司名称/姓名/职务/钠电群。主动发名片一张请识别二维码或添加***********欢迎同仁进群交流！,http://mp.weixin.qq.com/s?__biz=Mzk0NDQ5MjcxMg==&mid=2247488726&idx=3&sn=43a4dfb6f56f775561dd642d72a466e5,,扫码加入钠电技术交流群进群备注：公司名称/姓名/职务/钠电群。主动发名片一张请识别二维码或添加***********欢迎同仁进群交流！扫码加入钠电技术交流群进群备注：公司名称/姓名/职务/钠电群。主动发名片一张请识别二维码或添加***********欢迎同仁进群交流！,扫码加入钠电技术交流群进群备注：公司名称/姓名/职务/钠电群。主动发名片一张请识别二维码或添加***********欢迎同仁进群交流！扫码加入钠电技术交流群进群备注：公司名称/姓名/职务/钠电群。主动发名片一张请识别二维码或添加***********欢迎同仁进群交流！,,,,pending
"今日钠电｜第1期：钠离子电池正从实验室走向""改变世界""的规模量产时刻",今日钠电,今日钠电,"RIOnews API, 钠离子电池, 钠电",normal,2026-07-31T06:30:00+08:00,,"Nature 在 2026年7月连续发文，定调钠离子电池""正在进入大规模量产，可能成为锂电池更便宜、更安全的替代""。本期为你梳理最近一个月（2026年6–7月）全球钠电最值得关注的论文与产业信号。━━━━━━━━━━ **一、本期焦点：Nature 亲自""安利""钠电• 《Beyond lithium: how sodium-ion batteries could change the world》（Nature，2026-07-15，Vol 655, p562-564） 钠资源地壳丰度高、成本低、安全性好，文章指出钠电已开始量产，部分研究者认为它最终有望在电动车等领域成为锂电的廉价、安全替代。",http://mp.weixin.qq.com/s?__biz=Mzk0NDQ5MjcxMg==&mid=2247488726&idx=1&sn=58ca334d32f1376b5a13f16eef2a9593,,"Nature 在 2026年7月连续发文，定调钠离子电池""正在进入大规模量产，可能成为锂电池更便宜、更安全的替代""。本期为你梳理最近一个月（2026年6–7月）全球钠电最值得关注的论文与产业信号。━━━━━━━━━━ **一、本期焦点：Nature 亲自""安利""钠电• 《Beyond lithium: how sodium-ion batteries could change the world》（Nature，2026-07-15，Vol 655, p562-564） 钠资源地壳丰度高、成本低、安全性好，文章指出钠电已开始量产，部分研究者认为它最终有望在电动车等领域成为锂电的廉价、安全替代。","Nature 在 2026年7月连续发文，定调钠离子电池""正在进入大规模量产，可能成为锂电池更便宜、更安全的替代""。本期为你梳理最近一个月（2026年6–7月）全球钠电最值得关注的论文与产业信号。━━━━━━━━━━ **一、本期焦点：Nature 亲自""安利""钠电• 《Beyond lithium: how sodium-ion batteries could change the world》（Nature，2026-07-15，Vol 655, p562-564） 钠资源地壳丰度高、成本低、安全性好，文章指出钠电已开始量产，部分研究者认为它最终有望在电动车等领域成为锂电的廉价、安全替代。• 同日 Nature 新闻简报《Daily briefing: The battery that could change everything》再次聚焦钠电""改变世界""的潜力。━━━━━━━━━━ **二、学术前沿速递（Nature 系列真实论文）1️⃣ 高压钠电电容器电解质突破 《Impact of additives on stability of high-voltage sodium-ion capacitors containing NaTFSI-based electrolytes》（Communications Materials，2026-07-25） 针对 NaTFSI 高压体系，引入 NaDFOB+FEC 添加剂，抑制铝集流体腐蚀、稳定硬碳界面，使钠电电容器稳定工作至 4.2 V。2️⃣ 可持续无氟电解质 《Fluorine-free acetonitrile-based electrolytes with anion-reinforced solvation chemistry for sustainable sodium-ion full batteries》（Nature Communications，2026-07-20） 以碳酸甲乙酯（EMC）调控""阴离子增强溶剂化""，形成富无机界面，兼顾硬碳兼容性与长循环，且配方无氟更环保。3️⃣ 光纤""透视""钠电内部 《Operando tracking of ion kinetics and state-of-charge via multiresonant fiber-optic grating sensors in sodium-ion batteries》（Light: Science & Applications，2026-06-26） 用紧凑型多谐振光纤光栅传感器，实现钠电离子动力学与原位荷电状态（SOC）的实时精准监测。4️⃣ 聚阴离子正极电导率新策略 《Reducing P-O bond covalency in polyanionic groups to increase the intrinsic electronic conductivity in sodium positive electrodes》（Nature Communications，2026-06-12） 采用非平衡快速煅烧，保留弱共价 X-O 特征，显著提升聚阴离子正极本征电导率与倍率性能。5️⃣ 回收要未雨绸缪 《Challenges and trends in automotive battery recycling》（Nature Energy 综述，2026-07-17） 退役电池激增，现有回收体系需适配钠电等新兴化学体系，循环产业规模化仍面临现实挑战。━━━━━━━━━━ **三、产业观察（公开信息梳理）• 量产阵营：宁德时代（麒麟/钠新系列）、中科海钠 Hina（阜阳 GWh 产线）、Natron Energy（美，普鲁士蓝，数据中心备电）、Faradion（英，被 Reliance 收购）等持续推进。 • 技术路线：正极主流为层状氧化物、聚阴离子（如 NFPP）、普鲁士蓝类；负极以硬碳为主（椰壳/沥青/煤基前驱体）。 • 应用场景：储能调峰、两轮车、A00 级车、启停与备电，凭低温与安全性差异化切入。━━━━━━━━━━ **今日一词：聚阴离子正极** 以框架结构稳定、循环长、热稳定性好著称（如 NaFePO₄、NFPP），是长寿命储能热门方向——本期 Nature Communications 的电导率突破正指向它。━━━━━━━━━━ **明日看点** 无氟/低成本电解质、高压体系与硬碳界面工程，以及钠电回收标准化。最新会议推荐重磅会议两会并行分会场60+大咖报告嘉宾800+参会人员聚焦固态电解质/硅碳/磷酸铁锂/锰系材料 第二届固态电池新技术应用与材料制备验证技术会议 同期举办：第四届锰系与磷酸铁锂技术应用研讨会 赞助展台预订中...演讲报告开放预约中...限时免费参会！A.全免费：（转发会议信息至朋友圈集28个赞，0费用，不含餐）B.参会费600元：（转发会议信息至朋友圈集18个赞，含餐费、交流晚餐费用）C.福利参会：（转发会议信息至朋友圈集68个赞，含餐费、交流晚餐费用,限十名）Nature 在 2026年7月连续发文，定调钠离子电池\x26quot;正在进入大规模量产，可能成为锂电池更便宜、更安全的替",,,,pending
2026世界500强公布：中石油、中石化、恒力、中海油、荣盛、盛虹、恒逸······,DT新材料,DT新材料,"RIOnews API, 新材料, 复合材料",normal,2026-07-31T01:56:37+08:00,,【DT新材料】获悉，7月28日，2026年度《财富》世界500强排行榜发布。亚马逊成为全球最大公司，终结了沃尔玛的“十二连霸”。沃尔玛位列第二，国家电网继续位列第三，排在第四和第五位的分别是联合健康集团和沙特阿美。今年，中国共有122家公司上榜，2025年的营收总额约为10.4万亿美元，平均销售收入约为856亿美元。其中，中石油、中石化、恒力集团、中海油、山东能源、国家能源集团、荣盛控股集团、盛虹控股集团、恒逸集团、陕煤集团、宁德时代等18家中国能源化工企业进入世界500强。上榜的中国能源化工企业全球石油和化工行业共有43家企业上榜。在《财富》化学品行业榜中有7家企业上榜，比去年少了2家，连续,http://mp.weixin.qq.com/s?__biz=MzI4MzI5MTY3Ng==&mid=2247639073&idx=4&sn=024a76e95cdfc8b31bc3914e8fcf7d27,,【DT新材料】获悉，7月28日，2026年度《财富》世界500强排行榜发布。亚马逊成为全球最大公司，终结了沃尔玛的“十二连霸”。沃尔玛位列第二，国家电网继续位列第三，排在第四和第五位的分别是联合健康集团和沙特阿美。今年，中国共有122家公司上榜，2025年的营收总额约为10.4万亿美元，平均销售收入约为856亿美元。其中，中石油、中石化、恒力集团、中海油、山东能源、国家能源集团、荣盛控股集团、盛虹控股集团、恒逸集团、陕煤集团、宁德时代等18家中国能源化工企业进入世界500强。上榜的中国能源化工企业全球石油和化工行业共有43家企业上榜。在《财富》化学品行业榜中有7家企业上榜，比去年少了2家，连续,【DT新材料】获悉，7月28日，2026年度《财富》世界500强排行榜发布。亚马逊成为全球最大公司，终结了沃尔玛的“十二连霸”。沃尔玛位列第二，国家电网继续位列第三，排在第四和第五位的分别是联合健康集团和沙特阿美。今年，中国共有122家公司上榜，2025年的营收总额约为10.4万亿美元，平均销售收入约为856亿美元。其中，中石油、中石化、恒力集团、中海油、山东能源、国家能源集团、荣盛控股集团、盛虹控股集团、恒逸集团、陕煤集团、宁德时代等18家中国能源化工企业进入世界500强。上榜的中国能源化工企业全球石油和化工行业共有43家企业上榜。在《财富》化学品行业榜中有7家企业上榜，比去年少了2家，连续三年下降；炼油行业榜有29家企业；原油生产行业榜有7家。上榜的全球石油和化工企业放眼全球，美国今年共计141家公司上榜，比上一年增加3家，继续位居各国之首。中国企业上榜数量位居第二。日本排第三位，共有40家上榜公司，比去年增加2家。美国、中国和日本共占榜单企业总数的61%，营收占比超过67%，利润占比69%。今年《财富》世界500强排行榜企业的营业收入总和约为43.1万亿美元，超过全球GDP的三分之一，比去年增长了约3.2%。上榜门槛(最低销售收入)从322亿美元增长至332亿美元，较一年前提高3%。净利润总和同比大幅增长约14%，约为3.4万亿美元。/扫码加入行业交流群/化工新材料、复合材料、汽车、机器人、无人机、eVTOL、商业航天.....等产业同行❤️↓说明：本文部分素材来自于网络，转载请备注来源，本平台发布仅为了传达一种不同观点，不代表对该观点赞同或支持。如果有任何问题，请联系我们：*********** dtmaterial （微信）FINE2027 未来产业新材料博览会 6月丨上海,,,,pending
超47亿！锂电龙头扩产30万吨钠电正极材料,DT新材料,DT新材料,"RIOnews API, 新材料, 复合材料, 正极材料, 合作进展, 投资, 合作, 量产推进, 产能, 扩产",normal,2026-07-31T01:56:37+08:00,,【DT新材料】获悉，7月30日，容百科技发布多项公告，均涉及钠电业务布局，启动大规模产能建设。据公告，容百科技拟投资建设仙桃年产30万吨钠电正极材料一体化项目，总投资47.23亿元，其中固定资产投资40亿元，运营资金7.23亿元。资金来源包括自有资金、银行贷款及其他自筹部分，分别占20%、43%和37%。本项目规划总产能30万吨，分三期建设，一期5万吨、二期10万吨、三期15万吨，建设周期预计24个月。其中，一期建设周期预计为 2026年8月至2027年5月。同时，容百科技拟与司钠电事业部员工持股平台“鼎钠新途管理”共同设立容百钠电新能源。其中，容百科技投资4900万元，持股比例为70%；鼎钠,http://mp.weixin.qq.com/s?__biz=MzI4MzI5MTY3Ng==&mid=2247639073&idx=5&sn=4548f18394a3a5ec696ab7f85fde3b25,,【DT新材料】获悉，7月30日，容百科技发布多项公告，均涉及钠电业务布局，启动大规模产能建设。据公告，容百科技拟投资建设仙桃年产30万吨钠电正极材料一体化项目，总投资47.23亿元，其中固定资产投资40亿元，运营资金7.23亿元。资金来源包括自有资金、银行贷款及其他自筹部分，分别占20%、43%和37%。本项目规划总产能30万吨，分三期建设，一期5万吨、二期10万吨、三期15万吨，建设周期预计24个月。其中，一期建设周期预计为 2026年8月至2027年5月。同时，容百科技拟与司钠电事业部员工持股平台“鼎钠新途管理”共同设立容百钠电新能源。其中，容百科技投资4900万元，持股比例为70%；鼎钠,【DT新材料】获悉，7月30日，容百科技发布多项公告，均涉及钠电业务布局，启动大规模产能建设。据公告，容百科技拟投资建设仙桃年产30万吨钠电正极材料一体化项目，总投资47.23亿元，其中固定资产投资40亿元，运营资金7.23亿元。资金来源包括自有资金、银行贷款及其他自筹部分，分别占20%、43%和37%。本项目规划总产能30万吨，分三期建设，一期5万吨、二期10万吨、三期15万吨，建设周期预计24个月。其中，一期建设周期预计为 2026年8月至2027年5月。同时，容百科技拟与司钠电事业部员工持股平台“鼎钠新途管理”共同设立容百钠电新能源。其中，容百科技投资4900万元，持股比例为70%；鼎钠新途管理投资2100万元，持股比例为30%。设立完成后，容百钠电新能源将成为容百科技控股子公司，纳入合并报表范围。容百科技表示，本项目实施后，公司正极材料产品矩阵及规模交付能力有望进一步完善，有利于降低对单一产品及单一技术路线的依赖，提升公司钠电正极材料规模化交付能力。容百科技还强调，公司部分聚阴离子正极材料已实现批量出货，并进入部分核心客户供应体系。本项目将根据客户订单及需求分期建设。2025年11月，容百科技与宁德时代签署合作协议，成为其钠电正极粉料第一供应商‌。协议约定，在满足技术要求的前提下，宁德时代每年从容百科技的采购量不低于其钠电正极材料总采购量的‌60%‌，合作有效期至2029年底，且期满可自动续约。紧接着在12月，容百科技就迅速启动仙桃“年产40万吨正极材料项目”产线调整，将原规划中的部分锂电材料产线，转向钠电正极材料生产。调整后，项目一期将形成年产2.64万吨锂电正极材料及1.68万吨钠电正极材料产能。据悉，年产1.68万吨钠电正极材料采用层状氧化物技术路线，产品克容量不低于140mAh/g，首周库伦效率可达85%以上。根据规划，容百科技计划在2026年通过产线改造与并购，实现5万吨钠电正极产能，并新建5万~10万吨一体化新产线。而其大客户宁德时代正加速推进钠电池产业化应用，今年已公开披露的钠电池订单总规模达‌67GWh（海博思创60GWh+‌Alfen 5GWh+‌Solarpro 2GWh），将于今年9月在国内交付首批钠电池解决方案，预计2026年底出货量达到GWh级，明年6月开启全球交付。随着宁德时代的钠电从技术验证正式迈入规模化商业交付阶段，作为钠电正极的核心供应商，容百科技此次启动大规模一体化产能建设，正是提前卡位下游爆发式增长需求的关键布局，不仅能充分满足宁德时代等核心客户的长期采购需求，也将为公司打开新的增长空间，进一步巩固其在全球正极材料领域的龙头竞争力。/扫码加入行业交流群/化工新材料、复合材料、汽车、机器人、无人机、eVTOL、商业航天.....等产业同行❤️↓说明：本文部分素材来自于网络，转载请备注来源，本平台发布仅为了传达一种不同观点，不代表对该观点赞同或支持。如果有任何问题，请联系我们：*********** dtmaterial （微信）FINE2027 未来产业新材料博览会 6月丨上海,,,,pending
尼龙弹性体品类、工艺与产业格局全解析！,DT新材料,DT新材料,"RIOnews API, 新材料, 复合材料, 技术进展, 技术突破, 工艺优化, 合成工艺, 改性技术, 前沿技术",normal,2026-07-31T01:56:37+08:00,,"导语在特种尼龙的梯队中，尼龙弹性体（TPAE）正以""刚柔并济""的独特禀赋，成为精密制造与轻量化设计的关键材料。它既保有橡胶般的高弹性和柔韧性，又继承了工程塑料的强度与耐热性——这种看似矛盾的性能组合，使其在汽车工业、消费电子、运动器械及工业传动等领域获得了不可替代的应用空间。今天，笔者就来全面盘点这个“尼龙家族中的贵族”——尼龙弹性体的品类、性能、工艺以及主要玩家。01 主要品类和性能介绍尼龙弹性体（TPAE），又称聚酰胺热塑性弹性体，是由高熔点结晶性聚酰胺硬链段与非结晶性聚醚或聚酯软链段组成的线性嵌段共聚物。在微观结构上，TPAE可形象地理解为""钢筋-弹簧""复合体系：聚酰胺硬段提供强度、耐热",http://mp.weixin.qq.com/s?__biz=MzI4MzI5MTY3Ng==&mid=2247639073&idx=3&sn=daae65c97c78d65a65899f682866aec7,,"导语在特种尼龙的梯队中，尼龙弹性体（TPAE）正以""刚柔并济""的独特禀赋，成为精密制造与轻量化设计的关键材料。它既保有橡胶般的高弹性和柔韧性，又继承了工程塑料的强度与耐热性——这种看似矛盾的性能组合，使其在汽车工业、消费电子、运动器械及工业传动等领域获得了不可替代的应用空间。今天，笔者就来全面盘点这个“尼龙家族中的贵族”——尼龙弹性体的品类、性能、工艺以及主要玩家。01 主要品类和性能介绍尼龙弹性体（TPAE），又称聚酰胺热塑性弹性体，是由高熔点结晶性聚酰胺硬链段与非结晶性聚醚或聚酯软链段组成的线性嵌段共聚物。在微观结构上，TPAE可形象地理解为""钢筋-弹簧""复合体系：聚酰胺硬段提供强度、耐热","导语在特种尼龙的梯队中，尼龙弹性体（TPAE）正以""刚柔并济""的独特禀赋，成为精密制造与轻量化设计的关键材料。它既保有橡胶般的高弹性和柔韧性，又继承了工程塑料的强度与耐热性——这种看似矛盾的性能组合，使其在汽车工业、消费电子、运动器械及工业传动等领域获得了不可替代的应用空间。今天，笔者就来全面盘点这个“尼龙家族中的贵族”——尼龙弹性体的品类、性能、工艺以及主要玩家。01 主要品类和性能介绍尼龙弹性体（TPAE），又称聚酰胺热塑性弹性体，是由高熔点结晶性聚酰胺硬链段与非结晶性聚醚或聚酯软链段组成的线性嵌段共聚物。在微观结构上，TPAE可形象地理解为""钢筋-弹簧""复合体系：聚酰胺硬段提供强度、耐热性和加工性，聚醚/聚酯软段赋予柔韧性和低温抗冲性能。通过调整硬段和软段的类型、长度和比例，TPAE的性能可以在很大范围内“定制”——从类似软质材料的柔韧触感，到接近工程塑料的刚性和强度，几乎无所不能。按硬段化学结构分类，主流TPAE产品可分为四个系列：尼龙6系：性价比高，综合性能均衡；尼龙11系：生物基来源，低温韧性优异；尼龙12系：目前商业化最成熟、应用最广的品种，密度低至1.01g/cm³，耐低温可达-70℃；尼龙66系：耐热性更突出。其中，尼龙12弹性体因其长碳链结构带来的独特性能优势，成为市场上的绝对主流。在实际应用中，TPAE可在150 ℃下长期保持性能稳定，短期耐受温度可达175 ℃。与传统热塑性聚氨酯弹性体（TPU）及通用热塑性弹性体（TPE）相比，TPAE在耐热等级和力学强度方面优势明显，其核心性能优势主要体现在以下方面：极致的低温韧性：即使在-40℃的严寒环境中，TPAE仍能保持良好的柔韧性和抗冲击性，这是许多弹性体难以企及的。万华化学的尼龙12弹性体甚至可耐-70℃低温。卓越的能量回馈：TPAE的微观结构使其具有极低的能量损耗因子（ELF）。在工业皮带、无声齿轮等应用中，这种低迟滞特性可以转化为更高的运行速度和更低的能耗。耐高温性能：在没有热稳定剂的情况下，TPAE仍具有很强的耐热老化性，最高测试温度可达190℃，可在150℃下长期使用。轻量化优势：密度低至1.01g/cm³，比TPU轻10%-20%，在鞋材、汽车等领域具有显著的轻量化价值。耐磨且消音：耐磨性接近纯尼龙，同时具有优良的吸音性能，适用于静音齿轮、减震部件等。02 生产工艺目前，二元酸法是尼龙弹性体的主要生产工艺，该工艺流程复杂、步骤较多。首先，以丁二烯为原料，通过环化反应生成环十二烷三烯，环十二烷三烯在200 ℃、1.35 MPa的反应条件下，用镍催化剂催化加氢制得环十二烷。随后，将环十二烷与 5%至10%的硼酸混合，催化氧化为环十二酮和环十二醇的混合物，其中，环十二醇在200 ℃和低压条件下，进一步通过铜铝催化剂脱氢生成环十二酮。 环十二酮再与硫酸羟胺反应生成环十二酮肟，环十二酮肟在110 ℃经过重排反应，得到核心单体十二内酰胺。最后，在290 ℃和氮气保护的条件下，将十二内酰胺与十二烷二酸混合反应，冷却后再引入聚四氢呋喃醚二醇、催化剂、抗氧剂和稳定剂等进行缩聚，最终生成尼龙弹性体。尼龙弹性体生产工艺 | 图源：王淇《特种尼龙生产工艺、产业现状与研究进展》03 产业现状与研究进展德国赢创公司前身之一的休斯公司在全球率先实现尼龙弹性体的工业化开发，并迅速占领市场。此后数十年间，全球尼龙弹性体产能长期由欧洲企业主导，其中阿科玛公司的Pebax®系列采用生物基路线，原料源自蓖麻籽，生物基含量最高可达97%；瑞士EMS公司、日本宇部兴产及大赛璐公司等也有相应产品布局。以下为时间主要尼龙弹性体生产企业和产品： 近年来，经过持续的技术积淀与产业培育，中国尼龙弹性体企业已逐步探索出契合自身禀赋的发展路径。在产品创新层面，吉林省中研高分子材料股份有限公司采用原位聚合改性技术，将其PA10T产品的热畸变温度（HDT）提升至290 ℃，并已成功应用于5G基站滤波器；万华化学则投资建设千吨级尼龙弹性体装置，致力于开发光模块LCP材料的替代方案。随着生物基、功能化与国产替代三大浪潮的叠加推进，中国尼龙弹性体产业正由“跟跑”加速迈向“领跑”，有望在全球竞争中占据更核心的位置，推动市场格局深刻变革。然而，产业突围不仅需要产能规模的扩张，更依赖技术深度的突破。 国产尼龙弹性体能否真正实现从“有”到“优”的跨越，要靠人的认知升级与经验传承。为帮助行业同仁系统掌握尼龙领域的前沿技术与发展动态，DT新材料 于 2026年8月7-8日 在 宁波 举办的第九期《尼龙改性及高性能化加工技术》高级研修班。聚焦高温尼龙改性、助剂应用、螺杆组合、高端场景材料开发等一线实操难题，邀请实战专家分享可落地的配方与工艺方案，助力企业破解技术瓶颈，邀请到 宁波斯乃隆材料科技有限公司 宋家森 针对 特种尼龙树脂及其应用 进行全面探讨，还有更多实战讲师，敬请了解：尼龙研修班当前，国内尼龙产业迎来关键的国产化替代与高端升级双重变革。随着PA66核心原料己二腈国产化产能全面释放，彻底打破海外技术垄断格局，叠加高温尼龙、长链尼龙等特种尼龙合成工艺的持续迭代与技术突破，我国尼龙产业已摆脱低端同质化发展困境，全面迈入高端化、功能化、低碳化、高附加值的全新发展阶段，产业自主可控能力大幅提升。与此同时，新能源汽车、电子电气、低空经济、具身智能机器人等新兴高端应用场景快速崛起，对尼龙材料的综合性能提出严苛的升级需求。市场不再满足于通用尼龙的基础性能，而是对材料的耐高压、轻量化、高强度、耐候性、阻燃性、尺寸稳定性等核心性能提出更高标准，也倒逼尼龙产业链在改性配方创新、加工工艺优化、功能助剂适配、精密成型技术等核心环节迭代升级，为尼龙改性领域带来广阔市场空间的同时，也对企业研发与量产技术提出了全新挑战。高温尼龙树脂系统化改性路径不清晰，怎样调整配方与加工工艺匹配度不足怎样改善玻纤增强体系参数适配与性能优化怎么做助剂配方调控精细化程度不足，如何提升复合材料综合性能不同无卤阻燃剂特性差异化应用难，高效阻燃、力学性能如何保留螺杆结构与工艺参数协同设计如何提升激光焊接尼龙、汽车尼龙，创新尼龙应用怎么开发······立足当前尼龙产业技术升级与市场迭代需求，DT新材料延续前八期研修班的专业积淀与行业口碑，定于2026年8月7-8日在宁波重磅举办第九期《尼龙改性及高性能化加工技术》高级研修班。本次研修班聚焦产业链上下游企业技术研发、生产加工人员的核心刚需，直击高温尼龙改性、高性能助剂应用、精准改性加工、创新配方设计、螺杆组合优化、高端场景材料开发等一线实操难题，特邀各细分领域深耕多年的实战型行业专家，分享前沿技术思路、落地配方方案与量产实战经验，助力企业破解技术瓶颈、优化生产工艺、升级高端产品，全面提升企业核心竞争力，推动国内尼龙产业高质量创新发展。研修详情&交通路线研修时间：2026年8月7-8日研修地点：浙江·宁波主办单位：DT新材料（宁波德泰中研信息科技有限公司）研修地址：宁波东部新城墨憩酒店（明楼地铁站店）浙江省宁波市鄞州区中兴路139号联系电话：0574-83866999与地铁3号线明楼站直达 · 五星级标准宁波栎社国际机场出发：打车：全程约30-35分钟，约55元地铁：2号线（红联方向）从栎社国际机场站出发 → 大通桥站下车 → 换乘 3号线（高塘桥方向）→ 明楼站下车全程约40分钟，1次换乘，票价约6元宁波火车站出发：打车：全程约20-25分钟，约22元地铁：2号线（红联方向）从宁波火车站出发 → 大通桥站下车 → 换乘 3号线（高塘桥方向）→ 明楼站下车全程约25-30分钟，1次换乘，票价约5元天气预测（查询自7.24）：宁波8月正值盛夏，气温较高且湿度大，会场内空调开放，室内外温差较大，注意增减衣物。注册、签到签到请准备：名片×2、身份证签到时间：8月6号 14：00-20：00（一楼大厅）8月7号 08：00-08：50（二楼朝阳厅）领取：胸牌、桌牌、餐券、笔记本、中性笔本次培训采用班级形式，为方便大家交流，所有桌牌，胸牌均为实名制，桌牌领取后第二天培训位置凭桌牌摆放确定，所以爱学习的您，第二天一定要占个好位置哦！会议规范1.为保证此次会议顺利召开，请大家全称佩戴参会证，方便进出；2.此次研修的会务资料在会议签到时凭名片领取，每人一份，不能代领；3.本会场内禁止吸烟，为保持会场秩序和对发言代表的尊重，请大家将手机关闭或是调至震动，如需接紧急电话，可暂时离开会场，请大家在整个与会期间佩戴代表证；4.每讲研修均包括0.5～1小时互动时间，结合企业实际生产过程中遇到技术问题，进行案例分析与讨论，大家也可以提前准备问题，一同讨论。就餐物品中午用餐地址：一楼晨熹自助餐厅 自助午餐。8月7日晚上（培训第一天）我们为大家安排了 二楼民安厅 欢迎晚宴 。大家要注意的是，餐券我们为大家放在了胸牌的背面，用餐均需凭餐券用餐，大家不要弄丢了哦。扫二维码｜在线报名会议注册费：4000元/人（含会议费、资料费、用餐、茶歇等）注：3人以上团队参会享优惠，现场缴费不享受任何优惠注册费包含：会议费、资料费、用餐、茶歇等，不含行程住宿。◆请务必完整填写注册表信息；请一定在汇款附言上注明“姓名+单位+2026尼龙研修”。◆会议名额有限，请尽早报名注册。◆会务组将陆续给已缴费的参会代表开具增值税电子发票，以“谁注册缴费，发票发至谁”的原则发送注册费发票。平台声明：部分素材来自网络公开消息。分享仅为行业信息传递与交流，不代表本公众号立场和证实其真实性与否。欢迎行业投稿！如有需求，请联系我们：***********（微信同号）。2026年8月7-8日| 浙江宁波",,,,pending
十所大学研究大集结| 改性塑料前沿技术论坛,DT新材料,DT新材料,"RIOnews API, 新材料, 聚酰亚胺, 学术研究, 大学, 教授, 研究所",normal,2026-07-31T01:56:37+08:00,,中国合成树脂协会改性塑料分会官方公众号洞察业界动态与趋势，和行业一起进化！（微信号：Modified-Plastics）问大家一个直击灵魂的问题： 除了卷价格、卷交期，咱们的材料还有什么能拿得出手的差异化卖点吗？…… 小编在走访了数十家改性工厂后，听到的频率最高的词就是：同质化。是时候迭代你的产品技术了！这次，我们直接把高校的前沿技术搬到了论坛现场，让阻燃、老化、高性能改性的底层逻辑，成为你手中破局的利刃！由中国合成树脂协会改性塑料分会主办的【改性塑料前沿技术论坛】将于8月13日在无锡举办！届时，将会有清华大学、四川大学、北京化工大学、复旦大学等各大高校顶尖学者，分享改性塑料相关的前沿技术成果,https://mp.weixin.qq.com/s?__biz=MzI4MzI5MTY3Ng==&mid=2247639073&idx=2&sn=2656b632df3f0a699991e3b48328fd9f,,中国合成树脂协会改性塑料分会官方公众号洞察业界动态与趋势，和行业一起进化！（微信号：Modified-Plastics）问大家一个直击灵魂的问题： 除了卷价格、卷交期，咱们的材料还有什么能拿得出手的差异化卖点吗？…… 小编在走访了数十家改性工厂后，听到的频率最高的词就是：同质化。是时候迭代你的产品技术了！这次，我们直接把高校的前沿技术搬到了论坛现场，让阻燃、老化、高性能改性的底层逻辑，成为你手中破局的利刃！由中国合成树脂协会改性塑料分会主办的【改性塑料前沿技术论坛】将于8月13日在无锡举办！届时，将会有清华大学、四川大学、北京化工大学、复旦大学等各大高校顶尖学者，分享改性塑料相关的前沿技术成果,"中国合成树脂协会改性塑料分会官方公众号洞察业界动态与趋势，和行业一起进化！（微信号：Modified-Plastics）问大家一个直击灵魂的问题： 除了卷价格、卷交期，咱们的材料还有什么能拿得出手的差异化卖点吗？…… 小编在走访了数十家改性工厂后，听到的频率最高的词就是：同质化。是时候迭代你的产品技术了！这次，我们直接把高校的前沿技术搬到了论坛现场，让阻燃、老化、高性能改性的底层逻辑，成为你手中破局的利刃！由中国合成树脂协会改性塑料分会主办的【改性塑料前沿技术论坛】将于8月13日在无锡举办！届时，将会有清华大学、四川大学、北京化工大学、复旦大学等各大高校顶尖学者，分享改性塑料相关的前沿技术成果......会议信息论坛名称：改性塑料前沿技术论坛时间：2026年8月13日地点：无锡·君来世尊酒店 会议室8规模：120+主办单位：中国合成树脂协会改性塑料分会同期会议：2026中国合成树脂产业发展大会 此次论坛有啥看点？看点 NO.1破局：改性“盲盒式试错”怎么停？都说改性配方的尽头是“试”，可谁试谁知道。助剂加一点，性能掉一截；工艺调一下，批次又漂移。研发周期长到“从入门到放弃”，试模试到怀疑眼睛度数。订单不等人，产线不等人。你说让我静下心来搞机理、建模型？友商的货都发走了，我这边还在“开盲盒”呢。 有没有什么“开卷考试”级别的思路？不用从头造轮子，先给几招立竿见影的“避坑指南”尝尝甜头？这次论坛，四位实战派教授带着“硬菜”来了——大连理工乔文强教授分享聚酰亚胺的分子工程改性，清华大学杨睿教授讲改性塑料的老化降解，川大郭少云教授讲共混复合体系特定力场“有序结构构筑”，复旦冯嘉春教授专治助剂相关的“疑难杂症”。全是能落地的真功夫，先听后用，不亏。大连理工大学 乔文强教授报告题目：聚酰亚胺的分子工程改性：面向极端环境的热-力-化学性能协同增强清华大学杨睿教授报告题目：改性塑料的老化降解及寿命评价复旦大学 高分子科学系 冯嘉春教授报告题目：聚丙烯改性中助剂相关的一些问题四川大学高分子研究所郭少云教授报告题目：聚合物共混复合体系特定力场下有序结构构筑看点 NO.2解题：阻燃“既要又要”的死结怎么拆？改性阻燃圈的“人间真实”：被环保追着打，被客户按在地上摩擦。一边是环保限令的“夺命撕扯”。昨天的利润配方，今天转眼就能成违禁品。工程师头发狂掉：要绿、要便宜、要烧不着，拿着卖白菜的钱，操着造火箭的心。一边是下游客户的“极致挑剔”。新能源车要扛穿刺，储能要抗热失控，风口大，门槛更高。成本卷成麻花，技术高不可攀。夹缝里的改性企业怎么才能造出既省钱，又能让客户满意的“代差级”阻燃新品？有没有值得借鉴的新思路和新技术？本次论坛，我们特别邀请到了阻燃领域的三位学术领军人物：北化的张胜教授、北京工商的钱立军教授、中国科学技术大学的胡源教授，他们将围绕阻燃设计原理、阻燃材料改性及实际应用等方向，带来各自团队的最新研究成果与实践经验北京化工大学张胜教授报告题目：高分子材料阻燃改性原理和实用案例分享北京工商大学钱立军 教授报告题目：待定中国科学技术大学胡源教授报告题目：阻燃聚合物材料设计与应用场景需求的探讨看点 NO.3破局：界面调控与反应加工的死结怎么拆？在改性塑料江湖混，谁还没被""反应加工""和""界面调控""教训过几回？微观世界里，各种粒子和基体每天都在演“相爱相杀”的修罗场，尤其是做电磁屏蔽材料时，多一分则太稠，少一分则漏磁。很多时候，我们以为在做科学实验，实际操作起来全凭经验和运气，堪称材料界的“现代玄学”。但真正的高手，从不盲目试错。想要把不听话的动态界面拿捏得死死的，想要让材料性能稳如老狗，你需要的是给加工过程装上""智脑""，把经验变成精准的算法与范式。为了帮大家打通这个任督二脉，本次论坛特别邀请到了王旭教授、孙靖尧教授、王东教授来分享关于界面调控和反应加工与动态界面调控的相关技术......赶紧带上小本本，这场干货专治各种加工和界面不服！北京化工大学 孙靖尧 教授报告题目：功能改性塑料加工过程强化与智能调控新范式北京化工大学王东教授报告题目：反应加工与动态界面调控：改性塑料高强韧化、功能化及循环利用浙江工业大学王旭教授报告题目：多相多组分高分子材料界面增容改性策略及应用案例 如何参加？这是一次可以深度了解改性塑料前沿技术的大好机会，感兴趣的可以通过扫描下方二维码报名，即可参会！【扫码参加】改性塑料前沿技术论坛欢迎报名，进一步深入交流！参会请联系微信：王小姐***********主笔：Claire编辑：Claire排版：Claire指导：万有引力·辛声明：本文由共混改性编辑，转载前请获得授权，转载后请标明出处原创声明：如需转载或摘取，请在文章开头或结尾醒目位置注明：内容来源自【共混改性】公众号本文仅供读者参考、学习、交流，不得涉及商业目的使用，如违反上述要求，本协会有权要求删除，并依法追究其相应法律责任。",,,,pending
全球首款！东丽，发布高性能薄膜材料,DT新材料,DT新材料,"RIOnews API, 新材料, 电池材料, 复合材料, 产品发布, 发布, 上市, 合作进展, 投资, 合作",normal,2026-07-31T01:56:37+08:00,,"【DT新材料】获悉，东丽近日成功开发出全球首款能满足集流体材料所要求的4项特性（耐氧化及耐还原性、金属附着性、机械特性和热特性）的锂离子电池负极集流体用薄膜。负极集流体是从电池负极导出电流的导电部件，传统上采用铜箔。但随着能量密度提升，电池材料轻量化需求迫切，业界正探索在树脂薄膜基材表面上镀极薄铜层的复合集流体。复合集流体是一种采用""金属—聚合物—金属""三明治结构的新型电池材料，其中添加了断路及阻燃材料，以此提升安全性，同时通过减少金属用量降低电芯成本。通常电池正极使用复合铝箔，电池负极使用复合铜箔。据东莞证券分析，复合铜箔的原材料成本相比传统铜箔可以降低50%以上。传统铜箔向复合铜箔迭代预计",http://mp.weixin.qq.com/s?__biz=MzI4MzI5MTY3Ng==&mid=2247639073&idx=1&sn=a2e288e551c42a6096ef6edd841a7250,,"【DT新材料】获悉，东丽近日成功开发出全球首款能满足集流体材料所要求的4项特性（耐氧化及耐还原性、金属附着性、机械特性和热特性）的锂离子电池负极集流体用薄膜。负极集流体是从电池负极导出电流的导电部件，传统上采用铜箔。但随着能量密度提升，电池材料轻量化需求迫切，业界正探索在树脂薄膜基材表面上镀极薄铜层的复合集流体。复合集流体是一种采用""金属—聚合物—金属""三明治结构的新型电池材料，其中添加了断路及阻燃材料，以此提升安全性，同时通过减少金属用量降低电芯成本。通常电池正极使用复合铝箔，电池负极使用复合铜箔。据东莞证券分析，复合铜箔的原材料成本相比传统铜箔可以降低50%以上。传统铜箔向复合铜箔迭代预计","【DT新材料】获悉，东丽近日成功开发出全球首款能满足集流体材料所要求的4项特性（耐氧化及耐还原性、金属附着性、机械特性和热特性）的锂离子电池负极集流体用薄膜。负极集流体是从电池负极导出电流的导电部件，传统上采用铜箔。但随着能量密度提升，电池材料轻量化需求迫切，业界正探索在树脂薄膜基材表面上镀极薄铜层的复合集流体。复合集流体是一种采用""金属—聚合物—金属""三明治结构的新型电池材料，其中添加了断路及阻燃材料，以此提升安全性，同时通过减少金属用量降低电芯成本。通常电池正极使用复合铝箔，电池负极使用复合铜箔。据东莞证券分析，复合铜箔的原材料成本相比传统铜箔可以降低50%以上。传统铜箔向复合铜箔迭代预计将成为未来2-3年内电池材料端的最大降本环节。在基膜材料方面，目前的主流选择为PET和PP。PET薄膜虽可用作电池正极侧的树脂基材，但在还原性极强的负极环境中会劣化；而其他的树脂薄膜基材也始终无法同时满足耐氧化及耐还原性、金属附着性、机械特性和热特性四项性能。【图1】传统负极集流体（铜箔）与东丽开发的复合集流体的结构比较东丽运用其独有的聚合物合金（即两种或两种以上不同高分子）高分子设计技术及薄膜制膜技术，精确控制材料高阶结构，成功开发出新型基材。采用该薄膜的负极用复合集流体，耐还原性优异、铜层附着力强，还兼具与铜箔同等的强度和低热收缩性，在实际电池测试中表现与铜箔集流体持平。【图2】 铜箔集流体以及各种胶膜集流体在用于负极时的特性比较东丽表示，采用该薄膜可使集流体重量比传统铜箔减轻约50%～60%，电芯单体有望减重约10%。同时，随着重量能量密度的提高，将有望延长手机的运行时间、提高无人机与电动汽车（EV）的能耗效率、并延长续航距离。【图3】实际电池循环试验中容量保持率的变化 （公司内部评测、单层软包电芯、电池容量：30mAh）此外，通过利用减重带来的重量盈余来增加电池活性材料的用量，在东丽推算的条件下，EV续航距离最大有望延长约10%，同时还可减少日益紧缺的铜的使用量，有助于稳定材料成本。目前，东丽已成功利用量产设备对该薄膜的标准规格（厚度为4.5um）进行了大宽幅制膜，并已开始向客户提供样品，同时也在进一步探讨减薄技术。今后，东丽将努力推进该产品在消费电子、无人机、电动垂直起降飞行器（eVTOL）等中小型电池领域的应用，同时着眼于其在电动汽车（EV）及储能领域（ESS）等大型电池上的应用。东丽此番技术突破，精准击中了复合集流体在负极侧长期面临的基膜耐还原性不足等核心痛点，为解决行业瓶颈提供了关键材料支撑。不过，值得一提的是，从产业化进程来看，目前中国企业在复合集流体这一领域商业化进展更为领先。据悉，宁德时代于2015年开始探索复合集流体概念，并在2017年的一项专利中明确了其技术路线，该专利阐述了采用真空蒸镀或磁控溅射工艺制备复合集流体的方法。在这一技术背景的推动下，全球复合集流体市场已步入商业化阶段，2024年被视为该产品商业化的元年。近年来，中国企业加速布局复合集流体业务，已有多家企业陆续获得电池厂商的批量订单，实现商业化突破。深圳金美新材料科技有限公司专业从事新能源锂电新型多功能复合集流体材料及其他多层复合产品的研产销，核心产品为新型多功能铝复合集流体(MA)和新型多功能铜复合集流体(MC)。其生产的新型多功能复合集流体材料经过了市场下游持续6年以上的多次批量装车应用实测，已经实现商品化应用并进入量产阶段。江苏英联复合集流体有限公司是一家专注于新能源汽车动力锂电池复合铝箔、复合铜箔的研发、生产和销售的高科技企业，其在江苏省高邮市投资建设新能源汽车动力锂电池复合铝箔、复合铜箔项目，规划总投资30.89亿元人民币，达产后年产能预计达到1亿㎡复合铝箔、5亿㎡复合铜箔。2025年11月，江苏英联与某新能源科技有限公司签署了准固态半固态电池用的《复合铝箔战略采购合同》，计划2026年-2027年向江苏英联合计采购5000万㎡以上的准固态半固态电池专用复合铝箔材料。浙江柔震科技有限公司是复合集流体行业的领军企业，目前拥有10余款铝/铜复合集流体产品系列。2025年11月，电子级薄膜材料龙头洁美科技公告，控股子公司柔震科技与宁德新能源科技有限公司（ATL）签署合作协议，就锂电池复合集流体联合开发达成合作。柔震科技将按ATL需求完成定制化开发及量产供应，2025至2027年分别保障100万、500万、3000万平方米产能。扬州纳力新材料科技股份有限公司聚焦复合集流体及功能界面集流体的研发生产，其产品已获得特斯拉、宁德时代、三星、LG等全球知名企业的订单认可。今年5月，纳力新材料递交IPO招股书，拟赴港上市，据招股书显示，截至2025年12月31日，公司复合集流体年产能为62.9百万平方米，在全球复合集流体制造商中位居首位。尽管东丽未公布该复合集流体所使用的具体树脂材料，但从东丽攻克基膜瓶颈、我国加速产品量产落地这两大现象可以窥见：这种""金属-聚合物-金属""结构的集流体材料，正在从锂电的""备选方案""走向下一代电池的""标准配置""，成为企业角力的又一关键竞争焦点。/扫码加入行业交流群/化工新材料、复合材料、汽车、机器人、无人机、eVTOL、商业航天.....等产业同行❤️↓说明：本文部分素材来自于网络，转载请备注来源，本平台发布仅为了传达一种不同观点，不代表对该观点赞同或支持。如果有任何问题，请联系我们：*********** dtmaterial （微信）FINE2027 未来产业新材料博览会 6月丨上海",,,,pending
东南亚PCB产业现状,DT新材料,DT新材料,"RIOnews API, 新材料, 复合材料, 产品发布, 发布, 上市, 合作进展, 融资, 投资, 合作, 量产推进, 产能, 扩产",normal,2026-07-31T01:56:37+08:00,,【DT新材料】获悉，在AI服务器、高速网通、卫星通信等高附加值需求的驱动下，台湾印刷电路板协会（TPCA）观察指出，泰国、越南及马来西亚正从传统的消费电子制造基地，加速蜕变为支撑高阶PCB与IC载板发展的区域性互补生态。据TPCA统计，当前东南亚PCB产值约占全球总量的12.3%，产业地位持续攀升。不过，该区域现阶段的增长主要依靠来自中国台湾、大陆、日本、韩国以及欧美企业的扩产投资，本土厂商产值在全球的占比仅有1%左右。TPCA认为，东南亚若想从单纯的“生产基地”跃升为具备自主竞争力的“全球PCB产业中心”，材料本地化、设备配套、专业人才供给以及本土供应链的成熟度将是决定性因素。泰国：稳居东南,http://mp.weixin.qq.com/s?__biz=MzI4MzI5MTY3Ng==&mid=2247639073&idx=6&sn=39d141fb4c2076438a7ceb5b1d9bc970,,【DT新材料】获悉，在AI服务器、高速网通、卫星通信等高附加值需求的驱动下，台湾印刷电路板协会（TPCA）观察指出，泰国、越南及马来西亚正从传统的消费电子制造基地，加速蜕变为支撑高阶PCB与IC载板发展的区域性互补生态。据TPCA统计，当前东南亚PCB产值约占全球总量的12.3%，产业地位持续攀升。不过，该区域现阶段的增长主要依靠来自中国台湾、大陆、日本、韩国以及欧美企业的扩产投资，本土厂商产值在全球的占比仅有1%左右。TPCA认为，东南亚若想从单纯的“生产基地”跃升为具备自主竞争力的“全球PCB产业中心”，材料本地化、设备配套、专业人才供给以及本土供应链的成熟度将是决定性因素。泰国：稳居东南,【DT新材料】获悉，在AI服务器、高速网通、卫星通信等高附加值需求的驱动下，台湾印刷电路板协会（TPCA）观察指出，泰国、越南及马来西亚正从传统的消费电子制造基地，加速蜕变为支撑高阶PCB与IC载板发展的区域性互补生态。据TPCA统计，当前东南亚PCB产值约占全球总量的12.3%，产业地位持续攀升。不过，该区域现阶段的增长主要依靠来自中国台湾、大陆、日本、韩国以及欧美企业的扩产投资，本土厂商产值在全球的占比仅有1%左右。TPCA认为，东南亚若想从单纯的“生产基地”跃升为具备自主竞争力的“全球PCB产业中心”，材料本地化、设备配套、专业人才供给以及本土供应链的成熟度将是决定性因素。泰国：稳居东南亚PCB龙头，AI与数据中心投资强劲泰国是东南亚最大的PCB生产地，2025年产值达到50.6亿美元，年增长22.4%，约占全球产值的5.4%。这一增长主要得益于中国台资与陆资企业新产能释放，带动AI服务器、高速网通、卫星通信等高端产品在泰国的生产份额快速上升。展望2026年，受益于AI基础建设持续扩张、数据中心及云端服务资本支出增加，叠加全球供应链分散布局趋势，泰国PCB产值预计将增至60.9亿美元，年增幅20.4%。政策层面，泰国政府通过投资促进委员会（BOI）持续改善投资环境，2026年第一季度BOI收到的申请金额已突破318亿美元，其中Google、Microsoft等科技巨头的大型数据中心和云端基础设施项目尤为突出。同时，泰国证券交易所（SET）正研究放宽上市融资规则，旨在吸引更多高科技企业落户，推动半导体上游、材料与PCB供应链的跨国深度合作。越南：从组装基地迈向高阶技术与半导体配套越南历来是全球手机、笔电等电子产品的主要组装地，近年来PCB产业增长同样显著。2025年该国PCB产值达41.5亿美元，年增33.9%，占全球4.4%；预计2026年将进一步增至49亿美元，年增18.1%。增长动力主要源于AI和高效运算需求上扬，带动高阶多层板、HDI及载板等产品的订单扩大。TPCA分析指出，越南PCB产业的投资结构正由原先服务于终端组装，逐步向高技术含量和半导体产业链延伸。台资、日资、韩资企业持续加码，布局方向涵盖AI服务器板、高阶HDI、ABF载板以及半导体封测等领域，表明越南已不仅是电子代工基地，更在向高附加值PCB及先进封装周边供应链升级。政策方面，越南已将AI、云端运算和半导体纳入国家战略技术名单，并通过国家科技发展基金拨付1.1亿美元进行重点扶持；高通、鸿海等领军企业也在当地扩大AI研发和智能制造投入。马来西亚：半导体封测优势突出，AI算力聚落成型马来西亚拥有全球半导体封测13%的市场份额，与新加坡构成紧密的半导体供应链集群。2025年其PCB产值达到20.9亿美元，受扩产及AI建设拉动，2026年预计将增长15.3%，达到24.1亿美元。该国的产业投资与AI供应链深度绑定：奥地利载板大厂AT&S今年宣布最高投资20亿欧元扩建居林厂，瞄准AI高阶载板市场；台厂精成科技则通过“新马分工”模式，由槟城厂量产AI服务器板。政策上，马来西亚推行“国家半导体战略（NSS）”和MyChipStart计划，扶持IC设计、初创企业和本土半导体人才，同时大力吸引国际数据中心及云服务商进驻。随着澳洲AirTrunk等数据中心运营商在柔佛州大规模建设AI数据中心，马来西亚正迅速成为东南亚重要的AI算力枢纽。AI基建投资驱动转型，大厂需强化双轴布局TPCA认为，全球AI基础设施投资已成为推动东南亚PCB产业升级的关键引擎。Google、Microsoft加大对泰国云基建的投入，越南将AI、云端运算及5G/6G列为国家战略技术并吸引高通在河内设立研发中心，马来西亚柔佛AI数据中心聚落加速成型。种种迹象表明，东南亚正从电子制造腹地转变为高阶服务器、AI基础设施和半导体供应链的重要节点。面对供应链重组与AI算力需求扩张，TPCA建议台湾PCB产业除了巩固本土高阶制造、研发和关键供应链协同外，也应审慎规划在东南亚的战略延伸。尽管东南亚已成为全球PCB产能布局的重要区域，但高端产品的量产落地仍依赖技术管理能力、关键材料和设备配套、人才培养以及客户认证周期。对中国两岸企业而言，未来制胜的关键不再是单一的海外扩产，而是通过“国内研发、海外制造”的双轴资源配置，提升全球交付韧性与综合竞争力。TPCA表示，未来将继续加强与东南亚市场的联系，包括持续收集当地投资、产能和供应链动态信息，为会员提供决策参考，同时积极参与东南亚国际展会及行业论坛，促进与当地产业界的交流。/扫码加入行业交流群/化工新材料、复合材料、汽车、机器人、无人机、eVTOL、商业航天.....等产业同行❤️↓说明：本文部分素材来自于网络，转载请备注来源，本平台发布仅为了传达一种不同观点，不代表对该观点赞同或支持。如果有任何问题，请联系我们：*********** dtmaterial （微信）FINE2027 未来产业新材料博览会 6月丨上海,,,,pending
